held_out,horizon,model,logic,level,regime,POD,FAR,CSI,freq_bias,base_rate,hits,false_alarms,misses,correct_neg
bima,1,TCN,or,D0,transfer,0.8065173116089613,0.2032193158953722,0.668918918918919,1.0122199592668024,0.2828341013824885,396,101,95,1144
bima,1,TCN,or,D1,transfer,0.9150943396226416,0.1637931034482758,0.776,1.0943396226415094,0.1831797235023041,291,57,27,1361
bima,1,TCN,or,D2,transfer,0.9181818181818182,0.085972850678733,0.8451882845188284,1.0045454545454546,0.1267281105990783,202,19,18,1497
bima,1,TCN,or,D3,transfer,0.9176470588235294,0.048780487804878,0.8764044943820225,0.9647058823529412,0.097926267281106,156,8,14,1558
bima,1,TCN,and,D0,transfer,0.6186440677966102,0.0817610062893081,0.5863453815261044,0.673728813559322,0.1359447004608295,146,13,90,1487
bima,1,TCN,and,D1,transfer,0.4143646408839779,0.1477272727272727,0.3865979381443299,0.4861878453038674,0.1042626728110599,75,13,106,1542
bima,1,TCN,and,D2,transfer,0.4025974025974026,0.3111111111111111,0.3406593406593406,0.5844155844155844,0.0443548387096774,31,14,46,1645
bima,1,TCN,and,D3,transfer,0.0,,0.0,0.0,0.0017281105990783,0,0,3,1733
bima,1,RandomForest,or,D0,transfer,0.6537678207739308,0.0854700854700854,0.6161228406909789,0.714867617107943,0.2828341013824885,321,30,170,1215
bima,1,RandomForest,or,D1,transfer,0.5408805031446541,0.0601092896174863,0.5227963525835866,0.5754716981132075,0.1831797235023041,172,11,146,1407
bima,1,RandomForest,or,D2,transfer,0.2409090909090909,0.0185185185185185,0.2398190045248869,0.2454545454545454,0.1267281105990783,53,1,167,1515
bima,1,RandomForest,or,D3,transfer,0.0470588235294117,0.2,0.0465116279069767,0.0588235294117647,0.097926267281106,8,2,162,1564
bima,1,RandomForest,and,D0,transfer,0.1991525423728813,0.0208333333333333,0.1983122362869198,0.2033898305084746,0.1359447004608295,47,1,189,1499
bima,1,RandomForest,and,D1,transfer,0.0220994475138121,0.0,0.0220994475138121,0.0220994475138121,0.1042626728110599,4,0,177,1555
bima,1,RandomForest,and,D2,transfer,0.0,,0.0,0.0,0.0443548387096774,0,0,77,1659
bima,1,RandomForest,and,D3,transfer,0.0,,0.0,0.0,0.0017281105990783,0,0,3,1733
bima,1,Persistence,or,D0,transfer,0.9307535641547862,0.0498960498960499,0.887378640776699,0.979633401221996,0.2828341013824885,457,24,34,1221
bima,1,Persistence,or,D1,transfer,0.940251572327044,0.056782334384858,0.8898809523809523,0.9968553459119496,0.1831797235023041,299,18,19,1400
bima,1,Persistence,or,D2,transfer,0.9409090909090908,0.0881057268722467,0.8625,1.0318181818181815,0.1267281105990783,207,20,13,1496
bima,1,Persistence,or,D3,transfer,0.9352941176470588,0.0701754385964912,0.8736263736263736,1.0058823529411764,0.097926267281106,159,12,11,1554
bima,1,Persistence,and,D0,transfer,0.9703389830508474,0.0337552742616033,0.9385245901639344,1.0042372881355932,0.1359447004608295,229,8,7,1492
bima,1,Persistence,and,D1,transfer,0.9723756906077348,0.0276243093922651,0.946236559139785,1.0,0.1042626728110599,176,5,5,1550
bima,1,Persistence,and,D2,transfer,0.8571428571428571,0.1428571428571428,0.75,1.0,0.0443548387096774,66,11,11,1648
bima,1,Persistence,and,D3,transfer,1.0,0.4,0.6,1.6666666666666667,0.0017281105990783,3,2,0,1731
bima,1,Climatology,or,D0,transfer,0.0,,0.0,0.0,0.2828341013824885,0,0,491,1245
bima,1,Climatology,or,D1,transfer,0.0,,0.0,0.0,0.1831797235023041,0,0,318,1418
bima,1,Climatology,or,D2,transfer,0.0,,0.0,0.0,0.1267281105990783,0,0,220,1516
bima,1,Climatology,or,D3,transfer,0.0,,0.0,0.0,0.097926267281106,0,0,170,1566
bima,1,Climatology,and,D0,transfer,0.0,,0.0,0.0,0.1359447004608295,0,0,236,1500
bima,1,Climatology,and,D1,transfer,0.0,,0.0,0.0,0.1042626728110599,0,0,181,1555
bima,1,Climatology,and,D2,transfer,0.0,,0.0,0.0,0.0443548387096774,0,0,77,1659
bima,1,Climatology,and,D3,transfer,0.0,,0.0,0.0,0.0017281105990783,0,0,3,1733
bima,14,TCN,or,D0,transfer,0.4887983706720977,0.1335740072202166,0.4545454545454545,0.5641547861507128,0.2849680789320952,240,37,251,1195
bima,14,TCN,or,D1,transfer,0.2861635220125786,0.1078431372549019,0.2765957446808511,0.320754716981132,0.1845618107951248,91,11,227,1394
bima,14,TCN,or,D2,transfer,0.1045454545454545,0.28125,0.1004366812227074,0.1454545454545454,0.1276842716192687,23,9,197,1494
bima,14,TCN,or,D3,transfer,0.0470588235294117,0.5294117647058824,0.0446927374301676,0.1,0.0986651189785258,8,9,162,1544
bima,14,TCN,and,D0,transfer,0.0254237288135593,0.5,0.024793388429752,0.0508474576271186,0.1369704004643064,6,6,230,1481
bima,14,TCN,and,D1,transfer,0.0,,0.0,0.0,0.1050493325594892,0,0,181,1542
bima,14,TCN,and,D2,transfer,0.0,,0.0,0.0,0.044689495066744,0,0,77,1646
bima,14,TCN,and,D3,transfer,0.0,,0.0,0.0,0.0017411491584445,0,0,3,1720
bima,14,RandomForest,or,D0,transfer,0.4093686354378819,0.1483050847457627,0.3821292775665399,0.4806517311608961,0.2849680789320952,201,35,290,1197
bima,14,RandomForest,or,D1,transfer,0.3176100628930817,0.1440677966101695,0.3014925373134328,0.3710691823899371,0.1845618107951248,101,17,217,1388
bima,14,RandomForest,or,D2,transfer,0.1636363636363636,0.1818181818181818,0.1578947368421052,0.2,0.1276842716192687,36,8,184,1495
bima,14,RandomForest,or,D3,transfer,0.0,1.0,0.0,0.0470588235294117,0.0986651189785258,0,8,170,1545
bima,14,RandomForest,and,D0,transfer,0.0550847457627118,0.0,0.0550847457627118,0.0550847457627118,0.1369704004643064,13,0,223,1487
bima,14,RandomForest,and,D1,transfer,0.0,,0.0,0.0,0.1050493325594892,0,0,181,1542
bima,14,RandomForest,and,D2,transfer,0.0,,0.0,0.0,0.044689495066744,0,0,77,1646
bima,14,RandomForest,and,D3,transfer,0.0,,0.0,0.0,0.0017411491584445,0,0,3,1720
bima,14,Persistence,or,D0,transfer,0.6761710794297352,0.2936170212765957,0.5278219395866455,0.9572301425661914,0.2849680789320952,332,138,159,1094
bima,14,Persistence,or,D1,transfer,0.7610062893081762,0.2776119402985074,0.5888077858880778,1.0534591194968554,0.1845618107951248,242,93,76,1312
bima,14,Persistence,or,D2,transfer,0.7772727272727272,0.3423076923076923,0.5533980582524272,1.181818181818182,0.1276842716192687,171,89,49,1414
bima,14,Persistence,or,D3,transfer,0.7411764705882353,0.3668341708542713,0.5185185185185185,1.1705882352941177,0.0986651189785258,126,73,44,1480
bima,14,Persistence,and,D0,transfer,0.788135593220339,0.25,0.6241610738255033,1.0508474576271187,0.1369704004643064,186,62,50,1425
bima,14,Persistence,and,D1,transfer,0.7513812154696132,0.3025641025641025,0.5666666666666667,1.0773480662983426,0.1050493325594892,136,59,45,1483
bima,14,Persistence,and,D2,transfer,0.4025974025974026,0.6265060240963856,0.2403100775193798,1.077922077922078,0.044689495066744,31,52,46,1594
bima,14,Persistence,and,D3,transfer,0.0,1.0,0.0,1.6666666666666667,0.0017411491584445,0,5,3,1715
bima,14,Climatology,or,D0,transfer,0.0,,0.0,0.0,0.2849680789320952,0,0,491,1232
bima,14,Climatology,or,D1,transfer,0.0,,0.0,0.0,0.1845618107951248,0,0,318,1405
bima,14,Climatology,or,D2,transfer,0.0,,0.0,0.0,0.1276842716192687,0,0,220,1503
bima,14,Climatology,or,D3,transfer,0.0,,0.0,0.0,0.0986651189785258,0,0,170,1553
bima,14,Climatology,and,D0,transfer,0.0,,0.0,0.0,0.1369704004643064,0,0,236,1487
bima,14,Climatology,and,D1,transfer,0.0,,0.0,0.0,0.1050493325594892,0,0,181,1542
bima,14,Climatology,and,D2,transfer,0.0,,0.0,0.0,0.044689495066744,0,0,77,1646
bima,14,Climatology,and,D3,transfer,0.0,,0.0,0.0,0.0017411491584445,0,0,3,1720
bima,30,TCN,or,D0,transfer,0.3136456211812627,0.2735849056603773,0.2805100182149362,0.4317718940936864,0.2876391329818394,154,58,337,1158
bima,30,TCN,or,D1,transfer,0.2641509433962264,0.34375,0.2320441988950276,0.4025157232704403,0.1862917398945518,84,44,234,1345
bima,30,TCN,or,D2,transfer,0.0181818181818181,0.8333333333333334,0.0166666666666666,0.109090909090909,0.1288810779144698,4,20,216,1467
bima,30,TCN,or,D3,transfer,0.0,1.0,0.0,0.0529411764705882,0.0995899238429994,0,9,170,1528
bima,30,TCN,and,D0,transfer,0.0,,0.0,0.0,0.1382542472173403,0,0,236,1471
bima,30,TCN,and,D1,transfer,0.0,,0.0,0.0,0.1060339777387229,0,0,181,1526
bima,30,TCN,and,D2,transfer,0.0,,0.0,0.0,0.0451083772700644,0,0,77,1630
bima,30,TCN,and,D3,transfer,0.0,,0.0,0.0,0.0017574692442882,0,0,3,1704
bima,30,RandomForest,or,D0,transfer,0.2505091649694501,0.4057971014492754,0.2139130434782608,0.4215885947046843,0.2876391329818394,123,84,368,1132
bima,30,RandomForest,or,D1,transfer,0.320754716981132,0.296551724137931,0.2825484764542936,0.4559748427672956,0.1862917398945518,102,43,216,1346
bima,30,RandomForest,or,D2,transfer,0.1,0.3888888888888889,0.094017094017094,0.1636363636363636,0.1288810779144698,22,14,198,1473
bima,30,RandomForest,or,D3,transfer,0.0,,0.0,0.0,0.0995899238429994,0,0,170,1537
bima,30,RandomForest,and,D0,transfer,0.0042372881355932,0.0,0.0042372881355932,0.0042372881355932,0.1382542472173403,1,0,235,1471
bima,30,RandomForest,and,D1,transfer,0.0,,0.0,0.0,0.1060339777387229,0,0,181,1526
bima,30,RandomForest,and,D2,transfer,0.0,,0.0,0.0,0.0451083772700644,0,0,77,1630
bima,30,RandomForest,and,D3,transfer,0.0,,0.0,0.0,0.0017574692442882,0,0,3,1704
bima,30,Persistence,or,D0,transfer,0.5926680244399185,0.4680073126142596,0.3895582329317269,1.1140529531568228,0.2876391329818394,291,256,200,960
bima,30,Persistence,or,D1,transfer,0.6509433962264151,0.4538258575197889,0.4224489795918367,1.1918238993710693,0.1862917398945518,207,172,111,1217
bima,30,Persistence,or,D2,transfer,0.6272727272727273,0.54,0.3612565445026178,1.3636363636363635,0.1288810779144698,138,162,82,1325
bima,30,Persistence,or,D3,transfer,0.5411764705882353,0.6447876447876448,0.2729970326409495,1.5235294117647058,0.0995899238429994,92,167,78,1370
bima,30,Persistence,and,D0,transfer,0.6271186440677966,0.4329501915708812,0.4240687679083094,1.1059322033898304,0.1382542472173403,148,113,88,1358
bima,30,Persistence,and,D1,transfer,0.5248618784530387,0.5202020202020202,0.3345070422535211,1.0939226519337018,0.1060339777387229,95,103,86,1423
bima,30,Persistence,and,D2,transfer,0.2467532467532467,0.7738095238095238,0.1338028169014084,1.0909090909090908,0.0451083772700644,19,65,58,1565
bima,30,Persistence,and,D3,transfer,0.0,1.0,0.0,2.6666666666666665,0.0017574692442882,0,8,3,1696
bima,30,Climatology,or,D0,transfer,0.0,,0.0,0.0,0.2876391329818394,0,0,491,1216
bima,30,Climatology,or,D1,transfer,0.0,,0.0,0.0,0.1862917398945518,0,0,318,1389
bima,30,Climatology,or,D2,transfer,0.0,,0.0,0.0,0.1288810779144698,0,0,220,1487
bima,30,Climatology,or,D3,transfer,0.0,,0.0,0.0,0.0995899238429994,0,0,170,1537
bima,30,Climatology,and,D0,transfer,0.0,,0.0,0.0,0.1382542472173403,0,0,236,1471
bima,30,Climatology,and,D1,transfer,0.0,,0.0,0.0,0.1060339777387229,0,0,181,1526
bima,30,Climatology,and,D2,transfer,0.0,,0.0,0.0,0.0451083772700644,0,0,77,1630
bima,30,Climatology,and,D3,transfer,0.0,,0.0,0.0,0.0017574692442882,0,0,3,1704
bima,7,TCN,or,D0,transfer,0.6558044806517311,0.2580645161290322,0.5339966832504146,0.8839103869653768,0.2838150289017341,322,112,169,1127
bima,7,TCN,or,D1,transfer,0.6352201257861635,0.2109375,0.543010752688172,0.8050314465408805,0.1838150289017341,202,54,116,1358
bima,7,TCN,or,D2,transfer,0.4590909090909091,0.1512605042016806,0.4243697478991596,0.5409090909090909,0.1271676300578034,101,18,119,1492
bima,7,TCN,or,D3,transfer,0.0764705882352941,0.3157894736842105,0.0738636363636363,0.1117647058823529,0.0982658959537572,13,6,157,1554
bima,7,TCN,and,D0,transfer,0.135593220338983,0.1111111111111111,0.1333333333333333,0.1525423728813559,0.1364161849710982,32,4,204,1490
bima,7,TCN,and,D1,transfer,0.0497237569060773,0.0,0.0497237569060773,0.0497237569060773,0.1046242774566474,9,0,172,1549
bima,7,TCN,and,D2,transfer,0.0519480519480519,0.4285714285714285,0.05,0.0909090909090909,0.0445086705202312,4,3,73,1650
bima,7,TCN,and,D3,transfer,0.0,1.0,0.0,0.6666666666666666,0.0017341040462427,0,2,3,1725
bima,7,RandomForest,or,D0,transfer,0.4989816700610998,0.1155234657039711,0.4684512428298279,0.5641547861507128,0.2838150289017341,245,32,246,1207
bima,7,RandomForest,or,D1,transfer,0.3805031446540881,0.0396825396825396,0.3746130030959752,0.3962264150943396,0.1838150289017341,121,5,197,1407
bima,7,RandomForest,or,D2,transfer,0.2227272727272727,0.0754716981132075,0.21875,0.2409090909090909,0.1271676300578034,49,4,171,1506
bima,7,RandomForest,or,D3,transfer,0.0117647058823529,0.7777777777777778,0.0112994350282485,0.0529411764705882,0.0982658959537572,2,7,168,1553
bima,7,RandomForest,and,D0,transfer,0.1059322033898305,0.0384615384615384,0.1054852320675105,0.1101694915254237,0.1364161849710982,25,1,211,1493
bima,7,RandomForest,and,D1,transfer,0.005524861878453,0.0,0.005524861878453,0.005524861878453,0.1046242774566474,1,0,180,1549
bima,7,RandomForest,and,D2,transfer,0.0,,0.0,0.0,0.0445086705202312,0,0,77,1653
bima,7,RandomForest,and,D3,transfer,0.0,,0.0,0.0,0.0017341040462427,0,0,3,1727
bima,7,Persistence,or,D0,transfer,0.7209775967413442,0.2287581699346405,0.5939597315436241,0.9348268839103868,0.2838150289017341,354,105,137,1134
bima,7,Persistence,or,D1,transfer,0.779874213836478,0.2484848484848484,0.62,1.0377358490566038,0.1838150289017341,248,82,70,1330
bima,7,Persistence,or,D2,transfer,0.8045454545454546,0.2531645569620253,0.6321428571428571,1.0772727272727274,0.1271676300578034,177,60,43,1450
bima,7,Persistence,or,D3,transfer,0.7647058823529411,0.2934782608695652,0.5803571428571429,1.0823529411764703,0.0982658959537572,130,54,40,1506
bima,7,Persistence,and,D0,transfer,0.8686440677966102,0.152892561983471,0.7509157509157509,1.0254237288135593,0.1364161849710982,205,37,31,1457
bima,7,Persistence,and,D1,transfer,0.8674033149171271,0.1467391304347826,0.7548076923076923,1.0165745856353592,0.1046242774566474,157,27,24,1522
bima,7,Persistence,and,D2,transfer,0.5974025974025974,0.4102564102564102,0.4220183486238532,1.0129870129870129,0.0445086705202312,46,32,31,1621
bima,7,Persistence,and,D3,transfer,0.0,1.0,0.0,1.6666666666666667,0.0017341040462427,0,5,3,1722
bima,7,Climatology,or,D0,transfer,0.0,,0.0,0.0,0.2838150289017341,0,0,491,1239
bima,7,Climatology,or,D1,transfer,0.0,,0.0,0.0,0.1838150289017341,0,0,318,1412
bima,7,Climatology,or,D2,transfer,0.0,,0.0,0.0,0.1271676300578034,0,0,220,1510
bima,7,Climatology,or,D3,transfer,0.0,,0.0,0.0,0.0982658959537572,0,0,170,1560
bima,7,Climatology,and,D0,transfer,0.0,,0.0,0.0,0.1364161849710982,0,0,236,1494
bima,7,Climatology,and,D1,transfer,0.0,,0.0,0.0,0.1046242774566474,0,0,181,1549
bima,7,Climatology,and,D2,transfer,0.0,,0.0,0.0,0.0445086705202312,0,0,77,1653
bima,7,Climatology,and,D3,transfer,0.0,,0.0,0.0,0.0017341040462427,0,0,3,1727
ende,1,TCN,or,D0,transfer,0.7431693989071039,0.2206303724928366,0.6139954853273137,0.953551912568306,0.2108294930875576,272,77,94,1293
ende,1,TCN,or,D1,transfer,0.6798029556650246,0.2886597938144329,0.5328185328185329,0.955665024630542,0.1169354838709677,138,56,65,1477
ende,1,TCN,or,D2,transfer,0.6666666666666666,0.375,0.4761904761904761,1.0666666666666669,0.0691244239631336,80,48,40,1568
ende,1,TCN,or,D3,transfer,0.4878048780487805,0.7560975609756098,0.1941747572815534,2.0,0.0236175115207373,20,62,21,1633
ende,1,TCN,and,D0,transfer,0.2410714285714285,0.6625,0.1636363636363636,0.7142857142857143,0.064516129032258,27,53,85,1571
ende,1,TCN,and,D1,transfer,0.0166666666666666,0.75,0.0158730158730158,0.0666666666666666,0.0345622119815668,1,3,59,1673
ende,1,TCN,and,D2,transfer,0.0,,0.0,0.0,0.0086405529953917,0,0,15,1721
ende,1,TCN,and,D3,transfer,,,,,0.0,0,0,0,1736
ende,1,RandomForest,or,D0,transfer,0.6830601092896175,0.0875912408759124,0.6410256410256411,0.7486338797814208,0.2108294930875576,250,24,116,1346
ende,1,RandomForest,or,D1,transfer,0.4532019704433497,0.1401869158878504,0.4220183486238532,0.5270935960591133,0.1169354838709677,92,15,111,1518
ende,1,RandomForest,or,D2,transfer,0.275,0.0571428571428571,0.2704918032786885,0.2916666666666667,0.0691244239631336,33,2,87,1614
ende,1,RandomForest,or,D3,transfer,0.0,1.0,0.0,0.024390243902439,0.0236175115207373,0,1,41,1694
ende,1,RandomForest,and,D0,transfer,0.2767857142857143,0.2790697674418604,0.25,0.3839285714285714,0.064516129032258,31,12,81,1612
ende,1,RandomForest,and,D1,transfer,0.1166666666666666,0.125,0.1147540983606557,0.1333333333333333,0.0345622119815668,7,1,53,1675
ende,1,RandomForest,and,D2,transfer,0.0,,0.0,0.0,0.0086405529953917,0,0,15,1721
ende,1,RandomForest,and,D3,transfer,,,,,0.0,0,0,0,1736
ende,1,Persistence,or,D0,transfer,0.9426229508196722,0.0495867768595041,0.8984375,0.9918032786885246,0.2108294930875576,345,18,21,1352
ende,1,Persistence,or,D1,transfer,0.9458128078817734,0.0588235294117647,0.8930232558139535,1.0049261083743843,0.1169354838709677,192,12,11,1521
ende,1,Persistence,or,D2,transfer,0.9416666666666668,0.0661157024793388,0.8828125,1.0083333333333333,0.0691244239631336,113,8,7,1608
ende,1,Persistence,or,D3,transfer,0.926829268292683,0.0952380952380952,0.8444444444444444,1.024390243902439,0.0236175115207373,38,4,3,1691
ende,1,Persistence,and,D0,transfer,0.9017857142857144,0.0648148148148148,0.8487394957983193,0.9642857142857144,0.064516129032258,101,7,11,1617
ende,1,Persistence,and,D1,transfer,0.9666666666666668,0.064516129032258,0.90625,1.0333333333333334,0.0345622119815668,58,4,2,1672
ende,1,Persistence,and,D2,transfer,0.8666666666666667,0.1875,0.7222222222222222,1.0666666666666669,0.0086405529953917,13,3,2,1718
ende,1,Persistence,and,D3,transfer,,,,,0.0,0,0,0,1736
ende,1,Climatology,or,D0,transfer,0.0382513661202185,0.75,0.034313725490196,0.1530054644808743,0.2108294930875576,14,42,352,1328
ende,1,Climatology,or,D1,transfer,0.0,,0.0,0.0,0.1169354838709677,0,0,203,1533
ende,1,Climatology,or,D2,transfer,0.0,,0.0,0.0,0.0691244239631336,0,0,120,1616
ende,1,Climatology,or,D3,transfer,0.0,,0.0,0.0,0.0236175115207373,0,0,41,1695
ende,1,Climatology,and,D0,transfer,0.0,,0.0,0.0,0.064516129032258,0,0,112,1624
ende,1,Climatology,and,D1,transfer,0.0,,0.0,0.0,0.0345622119815668,0,0,60,1676
ende,1,Climatology,and,D2,transfer,0.0,,0.0,0.0,0.0086405529953917,0,0,15,1721
ende,1,Climatology,and,D3,transfer,,,,,0.0,0,0,0,1736
ende,14,TCN,or,D0,transfer,0.3579234972677595,0.2722222222222222,0.3156626506024096,0.4918032786885246,0.2124201973302379,131,49,235,1308
ende,14,TCN,or,D1,transfer,0.3103448275862069,0.1923076923076923,0.2889908256880734,0.3842364532019704,0.1178177597214161,63,15,140,1505
ende,14,TCN,or,D2,transfer,0.2333333333333333,0.3,0.2121212121212121,0.3333333333333333,0.0696459663377829,28,12,92,1591
ende,14,TCN,or,D3,transfer,0.073170731707317,0.5,0.0681818181818181,0.1463414634146341,0.0237957051654091,3,3,38,1679
ende,14,TCN,and,D0,transfer,0.0089285714285714,0.8333333333333334,0.0085470085470085,0.0535714285714285,0.065002901915264,1,5,111,1606
ende,14,TCN,and,D1,transfer,0.0,,0.0,0.0,0.0348229831688914,0,0,60,1663
ende,14,TCN,and,D2,transfer,0.0,,0.0,0.0,0.0087057457922228,0,0,15,1708
ende,14,TCN,and,D3,transfer,,,,,0.0,0,0,0,1723
ende,14,RandomForest,or,D0,transfer,0.505464480874317,0.3462897526501767,0.3987068965517241,0.773224043715847,0.2124201973302379,185,98,181,1259
ende,14,RandomForest,or,D1,transfer,0.3694581280788177,0.202127659574468,0.3378378378378378,0.4630541871921182,0.1178177597214161,75,19,128,1501
ende,14,RandomForest,or,D2,transfer,0.2083333333333333,0.375,0.1851851851851851,0.3333333333333333,0.0696459663377829,25,15,95,1588
ende,14,RandomForest,or,D3,transfer,0.0,1.0,0.0,0.048780487804878,0.0237957051654091,0,2,41,1680
ende,14,RandomForest,and,D0,transfer,0.2946428571428571,0.0833333333333333,0.2869565217391304,0.3214285714285714,0.065002901915264,33,3,79,1608
ende,14,RandomForest,and,D1,transfer,0.0666666666666666,0.6666666666666666,0.0588235294117647,0.2,0.0348229831688914,4,8,56,1655
ende,14,RandomForest,and,D2,transfer,0.0,,0.0,0.0,0.0087057457922228,0,0,15,1708
ende,14,RandomForest,and,D3,transfer,,,,,0.0,0,0,0,1723
ende,14,Persistence,or,D0,transfer,0.6475409836065574,0.4162561576354679,0.4429906542056074,1.1092896174863387,0.2124201973302379,237,169,129,1188
ende,14,Persistence,or,D1,transfer,0.6206896551724138,0.5209125475285171,0.3705882352941176,1.2955665024630545,0.1178177597214161,126,137,77,1383
ende,14,Persistence,or,D2,transfer,0.6666666666666666,0.4029850746268656,0.4597701149425287,1.1166666666666667,0.0696459663377829,80,54,40,1549
ende,14,Persistence,or,D3,transfer,0.4878048780487805,0.6,0.2816901408450704,1.2195121951219512,0.0237957051654091,20,30,21,1652
ende,14,Persistence,and,D0,transfer,0.5982142857142857,0.5179856115107914,0.3641304347826087,1.2410714285714286,0.065002901915264,67,72,45,1539
ende,14,Persistence,and,D1,transfer,0.7666666666666667,0.3947368421052631,0.5111111111111111,1.2666666666666666,0.0348229831688914,46,30,14,1633
ende,14,Persistence,and,D2,transfer,0.1333333333333333,0.8947368421052632,0.0625,1.2666666666666666,0.0087057457922228,2,17,13,1691
ende,14,Persistence,and,D3,transfer,,1.0,0.0,,0.0,0,2,0,1721
ende,14,Climatology,or,D0,transfer,0.0382513661202185,0.75,0.034313725490196,0.1530054644808743,0.2124201973302379,14,42,352,1315
ende,14,Climatology,or,D1,transfer,0.0,,0.0,0.0,0.1178177597214161,0,0,203,1520
ende,14,Climatology,or,D2,transfer,0.0,,0.0,0.0,0.0696459663377829,0,0,120,1603
ende,14,Climatology,or,D3,transfer,0.0,,0.0,0.0,0.0237957051654091,0,0,41,1682
ende,14,Climatology,and,D0,transfer,0.0,,0.0,0.0,0.065002901915264,0,0,112,1611
ende,14,Climatology,and,D1,transfer,0.0,,0.0,0.0,0.0348229831688914,0,0,60,1663
ende,14,Climatology,and,D2,transfer,0.0,,0.0,0.0,0.0087057457922228,0,0,15,1708
ende,14,Climatology,and,D3,transfer,,,,,0.0,0,0,0,1723
ende,30,TCN,or,D0,transfer,0.4153005464480874,0.5128205128205128,0.2889733840304182,0.8524590163934426,0.2144112478031634,152,160,214,1181
ende,30,TCN,or,D1,transfer,0.3103448275862069,0.5401459854014599,0.2274368231046931,0.6748768472906403,0.1189220855301698,63,74,140,1430
ende,30,TCN,or,D2,transfer,0.2416666666666666,0.5084745762711864,0.1933333333333333,0.4916666666666666,0.070298769771529,29,30,91,1557
ende,30,TCN,or,D3,transfer,0.0975609756097561,0.8518518518518519,0.0625,0.6585365853658537,0.0240187463386057,4,23,37,1643
ende,30,TCN,and,D0,transfer,0.0446428571428571,0.782608695652174,0.0384615384615384,0.2053571428571428,0.0656121851200937,5,18,107,1577
ende,30,TCN,and,D1,transfer,0.0,1.0,0.0,0.0333333333333333,0.0351493848857645,0,2,60,1645
ende,30,TCN,and,D2,transfer,0.0,,0.0,0.0,0.0087873462214411,0,0,15,1692
ende,30,TCN,and,D3,transfer,,,,,0.0,0,0,0,1707
ende,30,RandomForest,or,D0,transfer,0.2459016393442623,0.6678966789667896,0.1645338208409506,0.7404371584699454,0.2144112478031634,90,181,276,1160
ende,30,RandomForest,or,D1,transfer,0.2610837438423645,0.6344827586206897,0.1796610169491525,0.7142857142857143,0.1189220855301698,53,92,150,1412
ende,30,RandomForest,or,D2,transfer,0.0416666666666666,0.8148148148148148,0.0352112676056338,0.225,0.070298769771529,5,22,115,1565
ende,30,RandomForest,or,D3,transfer,0.0,1.0,0.0,0.048780487804878,0.0240187463386057,0,2,41,1664
ende,30,RandomForest,and,D0,transfer,0.0089285714285714,0.0,0.0089285714285714,0.0089285714285714,0.0656121851200937,1,0,111,1595
ende,30,RandomForest,and,D1,transfer,0.0,,0.0,0.0,0.0351493848857645,0,0,60,1647
ende,30,RandomForest,and,D2,transfer,0.0,,0.0,0.0,0.0087873462214411,0,0,15,1692
ende,30,RandomForest,and,D3,transfer,,,,,0.0,0,0,0,1707
ende,30,Persistence,or,D0,transfer,0.5163934426229508,0.6004228329809725,0.2907692307692308,1.2923497267759565,0.2144112478031634,189,284,177,1057
ende,30,Persistence,or,D1,transfer,0.5467980295566502,0.6819484240687679,0.2517006802721088,1.7192118226600983,0.1189220855301698,111,238,92,1266
ende,30,Persistence,or,D2,transfer,0.5333333333333333,0.7205240174672489,0.2245614035087719,1.9083333333333332,0.070298769771529,64,165,56,1422
ende,30,Persistence,or,D3,transfer,0.0975609756097561,0.968503937007874,0.024390243902439,3.097560975609756,0.0240187463386057,4,123,37,1543
ende,30,Persistence,and,D0,transfer,0.4910714285714285,0.6646341463414634,0.248868778280543,1.4642857142857142,0.0656121851200937,55,109,57,1486
ende,30,Persistence,and,D1,transfer,0.65,0.6020408163265306,0.3277310924369748,1.6333333333333333,0.0351493848857645,39,59,21,1588
ende,30,Persistence,and,D2,transfer,0.1333333333333333,0.9411764705882352,0.0425531914893617,2.2666666666666666,0.0087873462214411,2,32,13,1660
ende,30,Persistence,and,D3,transfer,,1.0,0.0,,0.0,0,1,0,1706
ende,30,Climatology,or,D0,transfer,0.0382513661202185,0.75,0.034313725490196,0.1530054644808743,0.2144112478031634,14,42,352,1299
ende,30,Climatology,or,D1,transfer,0.0,,0.0,0.0,0.1189220855301698,0,0,203,1504
ende,30,Climatology,or,D2,transfer,0.0,,0.0,0.0,0.070298769771529,0,0,120,1587
ende,30,Climatology,or,D3,transfer,0.0,,0.0,0.0,0.0240187463386057,0,0,41,1666
ende,30,Climatology,and,D0,transfer,0.0,,0.0,0.0,0.0656121851200937,0,0,112,1595
ende,30,Climatology,and,D1,transfer,0.0,,0.0,0.0,0.0351493848857645,0,0,60,1647
ende,30,Climatology,and,D2,transfer,0.0,,0.0,0.0,0.0087873462214411,0,0,15,1692
ende,30,Climatology,and,D3,transfer,,,,,0.0,0,0,0,1707
ende,7,TCN,or,D0,transfer,0.6475409836065574,0.0988593155893536,0.6045918367346939,0.7185792349726776,0.2115606936416185,237,26,129,1338
ende,7,TCN,or,D1,transfer,0.5320197044334976,0.1755725190839694,0.4778761061946903,0.645320197044335,0.1173410404624277,108,23,95,1504
ende,7,TCN,or,D2,transfer,0.2833333333333333,0.1282051282051282,0.272,0.325,0.0693641618497109,34,5,86,1605
ende,7,TCN,or,D3,transfer,0.0,,0.0,0.0,0.0236994219653179,0,0,41,1689
ende,7,TCN,and,D0,transfer,0.2142857142857142,0.3513513513513513,0.192,0.3303571428571428,0.0647398843930635,24,13,88,1605
ende,7,TCN,and,D1,transfer,0.0,,0.0,0.0,0.0346820809248554,0,0,60,1670
ende,7,TCN,and,D2,transfer,0.0,,0.0,0.0,0.0086705202312138,0,0,15,1715
ende,7,TCN,and,D3,transfer,,,,,0.0,0,0,0,1730
ende,7,RandomForest,or,D0,transfer,0.587431693989071,0.16015625,0.5282555282555282,0.6994535519125683,0.2115606936416185,215,41,151,1323
ende,7,RandomForest,or,D1,transfer,0.4236453201970443,0.1485148514851485,0.3944954128440367,0.4975369458128079,0.1173410404624277,86,15,117,1512
ende,7,RandomForest,or,D2,transfer,0.2583333333333333,0.2051282051282051,0.2421875,0.325,0.0693641618497109,31,8,89,1602
ende,7,RandomForest,or,D3,transfer,0.0,1.0,0.0,0.048780487804878,0.0236994219653179,0,2,41,1687
ende,7,RandomForest,and,D0,transfer,0.3035714285714285,0.1282051282051282,0.2905982905982906,0.3482142857142857,0.0647398843930635,34,5,78,1613
ende,7,RandomForest,and,D1,transfer,0.1,0.4545454545454545,0.0923076923076923,0.1833333333333333,0.0346820809248554,6,5,54,1665
ende,7,RandomForest,and,D2,transfer,0.0,,0.0,0.0,0.0086705202312138,0,0,15,1715
ende,7,RandomForest,and,D3,transfer,,,,,0.0,0,0,0,1730
ende,7,Persistence,or,D0,transfer,0.7540983606557377,0.260053619302949,0.5961123110151187,1.0191256830601092,0.2115606936416185,276,97,90,1267
ende,7,Persistence,or,D1,transfer,0.7389162561576355,0.3087557603686636,0.5555555555555556,1.0689655172413792,0.1173410404624277,150,67,53,1460
ende,7,Persistence,or,D2,transfer,0.7333333333333333,0.3070866141732283,0.5534591194968553,1.0583333333333331,0.0693641618497109,88,39,32,1571
ende,7,Persistence,or,D3,transfer,0.6585365853658537,0.4130434782608695,0.45,1.1219512195121952,0.0236994219653179,27,19,14,1670
ende,7,Persistence,and,D0,transfer,0.6696428571428571,0.3697478991596639,0.4807692307692308,1.0625,0.0647398843930635,75,44,37,1574
ende,7,Persistence,and,D1,transfer,0.8833333333333333,0.2428571428571428,0.6883116883116883,1.1666666666666667,0.0346820809248554,53,17,7,1653
ende,7,Persistence,and,D2,transfer,0.5333333333333333,0.6,0.2962962962962963,1.3333333333333333,0.0086705202312138,8,12,7,1703
ende,7,Persistence,and,D3,transfer,,1.0,0.0,,0.0,0,2,0,1728
ende,7,Climatology,or,D0,transfer,0.0382513661202185,0.75,0.034313725490196,0.1530054644808743,0.2115606936416185,14,42,352,1322
ende,7,Climatology,or,D1,transfer,0.0,,0.0,0.0,0.1173410404624277,0,0,203,1527
ende,7,Climatology,or,D2,transfer,0.0,,0.0,0.0,0.0693641618497109,0,0,120,1610
ende,7,Climatology,or,D3,transfer,0.0,,0.0,0.0,0.0236994219653179,0,0,41,1689
ende,7,Climatology,and,D0,transfer,0.0,,0.0,0.0,0.0647398843930635,0,0,112,1618
ende,7,Climatology,and,D1,transfer,0.0,,0.0,0.0,0.0346820809248554,0,0,60,1670
ende,7,Climatology,and,D2,transfer,0.0,,0.0,0.0,0.0086705202312138,0,0,15,1715
ende,7,Climatology,and,D3,transfer,,,,,0.0,0,0,0,1730
floresT,1,TCN,or,D0,transfer,0.7805555555555556,0.5824665676077266,0.3736702127659574,1.8694444444444445,0.2073732718894009,281,392,79,984
floresT,1,TCN,or,D1,transfer,0.824468085106383,0.6309523809523809,0.3421633554083885,2.234042553191489,0.108294930875576,155,265,33,1283
floresT,1,TCN,or,D2,transfer,0.6142857142857143,0.7611111111111111,0.2077294685990338,2.571428571428572,0.0403225806451612,43,137,27,1529
floresT,1,TCN,or,D3,transfer,0.4411764705882353,0.8314606741573034,0.1388888888888889,2.617647058823529,0.0195852534562211,15,74,19,1628
floresT,1,TCN,and,D0,transfer,0.875,0.2929292929292929,0.6422018348623854,1.2375,0.0460829493087557,70,29,10,1627
floresT,1,TCN,and,D1,transfer,0.9666666666666668,0.3958333333333333,0.5918367346938775,1.6,0.0172811059907834,29,19,1,1687
floresT,1,TCN,and,D2,transfer,,1.0,0.0,,0.0,0,2,0,1734
floresT,1,TCN,and,D3,transfer,,,,,0.0,0,0,0,1736
floresT,1,RandomForest,or,D0,transfer,0.4888888888888889,0.1926605504587156,0.4378109452736318,0.6055555555555555,0.2073732718894009,176,42,184,1334
floresT,1,RandomForest,or,D1,transfer,0.2819148936170212,0.0363636363636363,0.2789473684210526,0.2925531914893617,0.108294930875576,53,2,135,1546
floresT,1,RandomForest,or,D2,transfer,0.0142857142857142,0.0,0.0142857142857142,0.0142857142857142,0.0403225806451612,1,0,69,1666
floresT,1,RandomForest,or,D3,transfer,0.0,,0.0,0.0,0.0195852534562211,0,0,34,1702
floresT,1,RandomForest,and,D0,transfer,0.75,0.0163934426229508,0.7407407407407407,0.7625,0.0460829493087557,60,1,20,1655
floresT,1,RandomForest,and,D1,transfer,0.3333333333333333,0.0909090909090909,0.3225806451612903,0.3666666666666666,0.0172811059907834,10,1,20,1705
floresT,1,RandomForest,and,D2,transfer,,,,,0.0,0,0,0,1736
floresT,1,RandomForest,and,D3,transfer,,,,,0.0,0,0,0,1736
floresT,1,Persistence,or,D0,transfer,0.9416666666666668,0.0712328767123287,0.8782383419689119,1.0138888888888888,0.2073732718894009,339,26,21,1350
floresT,1,Persistence,or,D1,transfer,0.9361702127659576,0.0687830687830687,0.8756218905472637,1.00531914893617,0.108294930875576,176,13,12,1535
floresT,1,Persistence,or,D2,transfer,0.8285714285714286,0.1830985915492957,0.6987951807228916,1.0142857142857142,0.0403225806451612,58,13,12,1653
floresT,1,Persistence,or,D3,transfer,0.9411764705882352,0.0588235294117647,0.8888888888888888,1.0,0.0195852534562211,32,2,2,1700
floresT,1,Persistence,and,D0,transfer,0.9625,0.0493827160493827,0.9166666666666666,1.0125,0.0460829493087557,77,4,3,1652
floresT,1,Persistence,and,D1,transfer,0.9333333333333332,0.125,0.8235294117647058,1.0666666666666669,0.0172811059907834,28,4,2,1702
floresT,1,Persistence,and,D2,transfer,,,,,0.0,0,0,0,1736
floresT,1,Persistence,and,D3,transfer,,,,,0.0,0,0,0,1736
floresT,1,Climatology,or,D0,transfer,0.0,,0.0,0.0,0.2073732718894009,0,0,360,1376
floresT,1,Climatology,or,D1,transfer,0.0,,0.0,0.0,0.108294930875576,0,0,188,1548
floresT,1,Climatology,or,D2,transfer,0.0,,0.0,0.0,0.0403225806451612,0,0,70,1666
floresT,1,Climatology,or,D3,transfer,0.0,,0.0,0.0,0.0195852534562211,0,0,34,1702
floresT,1,Climatology,and,D0,transfer,0.0,,0.0,0.0,0.0460829493087557,0,0,80,1656
floresT,1,Climatology,and,D1,transfer,0.0,,0.0,0.0,0.0172811059907834,0,0,30,1706
floresT,1,Climatology,and,D2,transfer,,,,,0.0,0,0,0,1736
floresT,1,Climatology,and,D3,transfer,,,,,0.0,0,0,0,1736
floresT,14,TCN,or,D0,transfer,0.4777777777777778,0.4469453376205787,0.344689378757515,0.8638888888888889,0.2089378990133488,172,139,188,1224
floresT,14,TCN,or,D1,transfer,0.2553191489361702,0.5514018691588785,0.194331983805668,0.5691489361702128,0.1091120139291932,48,59,140,1476
floresT,14,TCN,or,D2,transfer,0.1,0.3,0.0958904109589041,0.1428571428571428,0.04062681369704,7,3,63,1650
floresT,14,TCN,or,D3,transfer,0.0294117647058823,0.0,0.0294117647058823,0.0294117647058823,0.0197330237957051,1,0,33,1689
floresT,14,TCN,and,D0,transfer,0.2625,0.4,0.2234042553191489,0.4375,0.0464306442251886,21,14,59,1629
floresT,14,TCN,and,D1,transfer,0.0,1.0,0.0,0.2,0.0174114915844457,0,6,30,1687
floresT,14,TCN,and,D2,transfer,,,,,0.0,0,0,0,1723
floresT,14,TCN,and,D3,transfer,,,,,0.0,0,0,0,1723
floresT,14,RandomForest,or,D0,transfer,0.2388888888888889,0.3008130081300813,0.216624685138539,0.3416666666666667,0.2089378990133488,86,37,274,1326
floresT,14,RandomForest,or,D1,transfer,0.0,,0.0,0.0,0.1091120139291932,0,0,188,1535
floresT,14,RandomForest,or,D2,transfer,0.0,,0.0,0.0,0.04062681369704,0,0,70,1653
floresT,14,RandomForest,or,D3,transfer,0.0,,0.0,0.0,0.0197330237957051,0,0,34,1689
floresT,14,RandomForest,and,D0,transfer,0.125,0.0909090909090909,0.1234567901234567,0.1375,0.0464306442251886,10,1,70,1642
floresT,14,RandomForest,and,D1,transfer,0.0,,0.0,0.0,0.0174114915844457,0,0,30,1693
floresT,14,RandomForest,and,D2,transfer,,,,,0.0,0,0,0,1723
floresT,14,RandomForest,and,D3,transfer,,,,,0.0,0,0,0,1723
floresT,14,Persistence,or,D0,transfer,0.6166666666666667,0.475177304964539,0.3957219251336898,1.175,0.2089378990133488,222,201,138,1162
floresT,14,Persistence,or,D1,transfer,0.6117021276595744,0.5306122448979592,0.3616352201257861,1.303191489361702,0.1091120139291932,115,130,73,1405
floresT,14,Persistence,or,D2,transfer,0.3571428571428571,0.7222222222222222,0.1851851851851851,1.2857142857142858,0.04062681369704,25,65,45,1588
floresT,14,Persistence,or,D3,transfer,0.1764705882352941,0.8536585365853658,0.0869565217391304,1.2058823529411764,0.0197330237957051,6,35,28,1654
floresT,14,Persistence,and,D0,transfer,0.575,0.5892857142857143,0.3150684931506849,1.4,0.0464306442251886,46,66,34,1577
floresT,14,Persistence,and,D1,transfer,0.5666666666666667,0.6909090909090909,0.25,1.8333333333333333,0.0174114915844457,17,38,13,1655
floresT,14,Persistence,and,D2,transfer,,1.0,0.0,,0.0,0,3,0,1720
floresT,14,Persistence,and,D3,transfer,,,,,0.0,0,0,0,1723
floresT,14,Climatology,or,D0,transfer,0.0,,0.0,0.0,0.2089378990133488,0,0,360,1363
floresT,14,Climatology,or,D1,transfer,0.0,,0.0,0.0,0.1091120139291932,0,0,188,1535
floresT,14,Climatology,or,D2,transfer,0.0,,0.0,0.0,0.04062681369704,0,0,70,1653
floresT,14,Climatology,or,D3,transfer,0.0,,0.0,0.0,0.0197330237957051,0,0,34,1689
floresT,14,Climatology,and,D0,transfer,0.0,,0.0,0.0,0.0464306442251886,0,0,80,1643
floresT,14,Climatology,and,D1,transfer,0.0,,0.0,0.0,0.0174114915844457,0,0,30,1693
floresT,14,Climatology,and,D2,transfer,,,,,0.0,0,0,0,1723
floresT,14,Climatology,and,D3,transfer,,,,,0.0,0,0,0,1723
floresT,30,TCN,or,D0,transfer,0.3138888888888889,0.5108225108225108,0.2364016736401673,0.6416666666666667,0.210896309314587,113,118,247,1229
floresT,30,TCN,or,D1,transfer,0.1648936170212765,0.4464285714285714,0.1455399061032863,0.2978723404255319,0.1101347393087287,31,25,157,1494
floresT,30,TCN,or,D2,transfer,0.1,0.75,0.0769230769230769,0.4,0.0410076157000585,7,21,63,1616
floresT,30,TCN,or,D3,transfer,0.088235294117647,0.8571428571428571,0.0576923076923076,0.6176470588235294,0.0199179847685998,3,18,31,1655
floresT,30,TCN,and,D0,transfer,0.3125,0.1666666666666666,0.2941176470588235,0.375,0.0468658465143526,25,5,55,1622
floresT,30,TCN,and,D1,transfer,0.0,,0.0,0.0,0.0175746924428822,0,0,30,1677
floresT,30,TCN,and,D2,transfer,,,,,0.0,0,0,0,1707
floresT,30,TCN,and,D3,transfer,,,,,0.0,0,0,0,1707
floresT,30,RandomForest,or,D0,transfer,0.15,0.5263157894736842,0.1285714285714285,0.3166666666666666,0.210896309314587,54,60,306,1287
floresT,30,RandomForest,or,D1,transfer,0.0,,0.0,0.0,0.1101347393087287,0,0,188,1519
floresT,30,RandomForest,or,D2,transfer,0.0,,0.0,0.0,0.0410076157000585,0,0,70,1637
floresT,30,RandomForest,or,D3,transfer,0.0,,0.0,0.0,0.0199179847685998,0,0,34,1673
floresT,30,RandomForest,and,D0,transfer,0.05,0.0,0.05,0.05,0.0468658465143526,4,0,76,1627
floresT,30,RandomForest,and,D1,transfer,0.0,,0.0,0.0,0.0175746924428822,0,0,30,1677
floresT,30,RandomForest,and,D2,transfer,,,,,0.0,0,0,0,1707
floresT,30,RandomForest,and,D3,transfer,,,,,0.0,0,0,0,1707
floresT,30,Persistence,or,D0,transfer,0.4805555555555555,0.6729678638941399,0.2416201117318435,1.4694444444444446,0.210896309314587,173,356,187,991
floresT,30,Persistence,or,D1,transfer,0.4680851063829787,0.7388724035608308,0.2013729977116704,1.7925531914893618,0.1101347393087287,88,249,100,1270
floresT,30,Persistence,or,D2,transfer,0.1857142857142857,0.9285714285714286,0.0543933054393305,2.6,0.0410076157000585,13,169,57,1468
floresT,30,Persistence,or,D3,transfer,0.0,1.0,0.0,2.676470588235294,0.0199179847685998,0,91,34,1582
floresT,30,Persistence,and,D0,transfer,0.375,0.7391304347826086,0.1818181818181818,1.4375,0.0468658465143526,30,85,50,1542
floresT,30,Persistence,and,D1,transfer,0.0333333333333333,0.9861111111111112,0.0099009900990099,2.4,0.0175746924428822,1,71,29,1606
floresT,30,Persistence,and,D2,transfer,,1.0,0.0,,0.0,0,16,0,1691
floresT,30,Persistence,and,D3,transfer,,,,,0.0,0,0,0,1707
floresT,30,Climatology,or,D0,transfer,0.0,,0.0,0.0,0.210896309314587,0,0,360,1347
floresT,30,Climatology,or,D1,transfer,0.0,,0.0,0.0,0.1101347393087287,0,0,188,1519
floresT,30,Climatology,or,D2,transfer,0.0,,0.0,0.0,0.0410076157000585,0,0,70,1637
floresT,30,Climatology,or,D3,transfer,0.0,,0.0,0.0,0.0199179847685998,0,0,34,1673
floresT,30,Climatology,and,D0,transfer,0.0,,0.0,0.0,0.0468658465143526,0,0,80,1627
floresT,30,Climatology,and,D1,transfer,0.0,,0.0,0.0,0.0175746924428822,0,0,30,1677
floresT,30,Climatology,and,D2,transfer,,,,,0.0,0,0,0,1707
floresT,30,Climatology,and,D3,transfer,,,,,0.0,0,0,0,1707
floresT,7,TCN,or,D0,transfer,0.6527777777777778,0.5213849287169042,0.3814935064935065,1.363888888888889,0.2080924855491329,235,256,125,1114
floresT,7,TCN,or,D1,transfer,0.574468085106383,0.5555555555555556,0.3343653250773993,1.2925531914893618,0.1086705202312138,108,135,80,1407
floresT,7,TCN,or,D2,transfer,0.3571428571428571,0.7159090909090909,0.18796992481203,1.2571428571428571,0.0404624277456647,25,63,45,1597
floresT,7,TCN,or,D3,transfer,0.2058823529411764,0.8653846153846154,0.0886075949367088,1.5294117647058822,0.0196531791907514,7,45,27,1651
floresT,7,TCN,and,D0,transfer,0.8875,0.2828282828282828,0.6574074074074074,1.2375,0.0462427745664739,71,28,9,1622
floresT,7,TCN,and,D1,transfer,0.7333333333333333,0.4634146341463415,0.4489795918367347,1.3666666666666667,0.0173410404624277,22,19,8,1681
floresT,7,TCN,and,D2,transfer,,,,,0.0,0,0,0,1730
floresT,7,TCN,and,D3,transfer,,,,,0.0,0,0,0,1730
floresT,7,RandomForest,or,D0,transfer,0.3944444444444444,0.2282608695652173,0.3532338308457711,0.5111111111111111,0.2080924855491329,142,42,218,1328
floresT,7,RandomForest,or,D1,transfer,0.026595744680851,0.5,0.0259067357512953,0.0531914893617021,0.1086705202312138,5,5,183,1537
floresT,7,RandomForest,or,D2,transfer,0.0,,0.0,0.0,0.0404624277456647,0,0,70,1660
floresT,7,RandomForest,or,D3,transfer,0.0,,0.0,0.0,0.0196531791907514,0,0,34,1696
floresT,7,RandomForest,and,D0,transfer,0.3875,0.225,0.348314606741573,0.5,0.0462427745664739,31,9,49,1641
floresT,7,RandomForest,and,D1,transfer,0.0,,0.0,0.0,0.0173410404624277,0,0,30,1700
floresT,7,RandomForest,and,D2,transfer,,,,,0.0,0,0,0,1730
floresT,7,RandomForest,and,D3,transfer,,,,,0.0,0,0,0,1730
floresT,7,Persistence,or,D0,transfer,0.7416666666666667,0.3064935064935065,0.5585774058577406,1.0694444444444444,0.2080924855491329,267,118,93,1252
floresT,7,Persistence,or,D1,transfer,0.6861702127659575,0.3827751196172249,0.4813432835820895,1.1117021276595744,0.1086705202312138,129,80,59,1462
floresT,7,Persistence,or,D2,transfer,0.5571428571428572,0.5125,0.3513513513513513,1.1428571428571428,0.0404624277456647,39,41,31,1619
floresT,7,Persistence,or,D3,transfer,0.5882352941176471,0.4117647058823529,0.4166666666666667,1.0,0.0196531791907514,20,14,14,1682
floresT,7,Persistence,and,D0,transfer,0.75,0.3406593406593406,0.5405405405405406,1.1375,0.0462427745664739,60,31,20,1619
floresT,7,Persistence,and,D1,transfer,0.7333333333333333,0.4761904761904761,0.44,1.4,0.0173410404624277,22,20,8,1680
floresT,7,Persistence,and,D2,transfer,,1.0,0.0,,0.0,0,2,0,1728
floresT,7,Persistence,and,D3,transfer,,,,,0.0,0,0,0,1730
floresT,7,Climatology,or,D0,transfer,0.0,,0.0,0.0,0.2080924855491329,0,0,360,1370
floresT,7,Climatology,or,D1,transfer,0.0,,0.0,0.0,0.1086705202312138,0,0,188,1542
floresT,7,Climatology,or,D2,transfer,0.0,,0.0,0.0,0.0404624277456647,0,0,70,1660
floresT,7,Climatology,or,D3,transfer,0.0,,0.0,0.0,0.0196531791907514,0,0,34,1696
floresT,7,Climatology,and,D0,transfer,0.0,,0.0,0.0,0.0462427745664739,0,0,80,1650
floresT,7,Climatology,and,D1,transfer,0.0,,0.0,0.0,0.0173410404624277,0,0,30,1700
floresT,7,Climatology,and,D2,transfer,,,,,0.0,0,0,0,1730
floresT,7,Climatology,and,D3,transfer,,,,,0.0,0,0,0,1730
kupang,1,TCN,or,D0,transfer,0.9746835443037974,0.5568345323741007,0.4381223328591749,2.199367088607595,0.1820276497695852,308,387,8,1033
kupang,1,TCN,or,D1,transfer,0.9166666666666666,0.698905109489051,0.2930728241563055,3.0444444444444443,0.1036866359447004,165,383,15,1173
kupang,1,TCN,or,D2,transfer,0.9333333333333332,0.8882978723404256,0.1108179419525065,8.355555555555556,0.0259216589861751,42,334,3,1357
kupang,1,TCN,or,D3,transfer,1.0,0.9298245614035088,0.0701754385964912,14.25,0.0138248847926267,24,318,0,1394
kupang,1,TCN,and,D0,transfer,0.6526315789473685,0.804416403785489,0.1771428571428571,3.336842105263158,0.0547235023041474,62,255,33,1386
kupang,1,TCN,and,D1,transfer,0.5483870967741935,0.9022988505747126,0.0904255319148936,5.612903225806452,0.0178571428571428,17,157,14,1548
kupang,1,TCN,and,D2,transfer,,1.0,0.0,,0.0,0,72,0,1664
kupang,1,TCN,and,D3,transfer,,1.0,0.0,,0.0,0,27,0,1709
kupang,1,RandomForest,or,D0,transfer,0.8259493670886076,0.4727272727272727,0.4745454545454545,1.5664556962025316,0.1820276497695852,261,234,55,1186
kupang,1,RandomForest,or,D1,transfer,0.8388888888888889,0.4775086505190311,0.4748427672955975,1.6055555555555556,0.1036866359447004,151,138,29,1418
kupang,1,RandomForest,or,D2,transfer,0.7333333333333333,0.7676056338028169,0.2142857142857142,3.1555555555555554,0.0259216589861751,33,109,12,1582
kupang,1,RandomForest,or,D3,transfer,0.9583333333333334,0.8308823529411765,0.1678832116788321,5.666666666666667,0.0138248847926267,23,113,1,1599
kupang,1,RandomForest,and,D0,transfer,0.4,0.4647887323943662,0.296875,0.7473684210526316,0.0547235023041474,38,33,57,1608
kupang,1,RandomForest,and,D1,transfer,0.1290322580645161,0.7894736842105263,0.0869565217391304,0.6129032258064516,0.0178571428571428,4,15,27,1690
kupang,1,RandomForest,and,D2,transfer,,,,,0.0,0,0,0,1736
kupang,1,RandomForest,and,D3,transfer,,,,,0.0,0,0,0,1736
kupang,1,Persistence,or,D0,transfer,0.9462025316455696,0.0597484276729559,0.8925373134328358,1.0063291139240509,0.1820276497695852,299,19,17,1401
kupang,1,Persistence,or,D1,transfer,0.9333333333333332,0.0869565217391304,0.8571428571428571,1.022222222222222,0.1036866359447004,168,16,12,1540
kupang,1,Persistence,or,D2,transfer,0.8888888888888888,0.1304347826086956,0.7843137254901961,1.022222222222222,0.0259216589861751,40,6,5,1685
kupang,1,Persistence,or,D3,transfer,0.9166666666666666,0.12,0.8148148148148148,1.0416666666666667,0.0138248847926267,22,3,2,1709
kupang,1,Persistence,and,D0,transfer,0.9473684210526316,0.0721649484536082,0.8823529411764706,1.0210526315789474,0.0547235023041474,90,7,5,1634
kupang,1,Persistence,and,D1,transfer,0.8709677419354839,0.15625,0.75,1.032258064516129,0.0178571428571428,27,5,4,1700
kupang,1,Persistence,and,D2,transfer,,,,,0.0,0,0,0,1736
kupang,1,Persistence,and,D3,transfer,,,,,0.0,0,0,0,1736
kupang,1,Climatology,or,D0,transfer,0.0,,0.0,0.0,0.1820276497695852,0,0,316,1420
kupang,1,Climatology,or,D1,transfer,0.0,,0.0,0.0,0.1036866359447004,0,0,180,1556
kupang,1,Climatology,or,D2,transfer,0.0,,0.0,0.0,0.0259216589861751,0,0,45,1691
kupang,1,Climatology,or,D3,transfer,0.0,,0.0,0.0,0.0138248847926267,0,0,24,1712
kupang,1,Climatology,and,D0,transfer,0.0,,0.0,0.0,0.0547235023041474,0,0,95,1641
kupang,1,Climatology,and,D1,transfer,0.0,,0.0,0.0,0.0178571428571428,0,0,31,1705
kupang,1,Climatology,and,D2,transfer,,,,,0.0,0,0,0,1736
kupang,1,Climatology,and,D3,transfer,,,,,0.0,0,0,0,1736
kupang,14,TCN,or,D0,transfer,0.8006329113924051,0.5314814814814814,0.4195688225538971,1.7088607594936709,0.183401044689495,253,287,63,1120
kupang,14,TCN,or,D1,transfer,0.6388888888888888,0.6101694915254238,0.3194444444444444,1.6388888888888888,0.1044689495066744,115,180,65,1363
kupang,14,TCN,or,D2,transfer,0.0666666666666666,0.9790209790209792,0.0162162162162162,3.1777777777777776,0.0261172373766686,3,140,42,1538
kupang,14,TCN,or,D3,transfer,0.0,1.0,0.0,5.083333333333333,0.0139291932675565,0,122,24,1577
kupang,14,TCN,and,D0,transfer,0.4,0.638095238095238,0.2345679012345679,1.105263157894737,0.0551363900174114,38,67,57,1561
kupang,14,TCN,and,D1,transfer,0.1612903225806451,0.8214285714285714,0.0925925925925925,0.9032258064516128,0.0179918746372605,5,23,26,1669
kupang,14,TCN,and,D2,transfer,,,,,0.0,0,0,0,1723
kupang,14,TCN,and,D3,transfer,,,,,0.0,0,0,0,1723
kupang,14,RandomForest,or,D0,transfer,0.5411392405063291,0.4393442622950819,0.38,0.9651898734177216,0.183401044689495,171,134,145,1273
kupang,14,RandomForest,or,D1,transfer,0.3722222222222222,0.3092783505154639,0.319047619047619,0.5388888888888889,0.1044689495066744,67,30,113,1513
kupang,14,RandomForest,or,D2,transfer,0.0,1.0,0.0,0.8222222222222222,0.0261172373766686,0,37,45,1641
kupang,14,RandomForest,or,D3,transfer,0.0,1.0,0.0,1.5416666666666667,0.0139291932675565,0,37,24,1662
kupang,14,RandomForest,and,D0,transfer,0.1052631578947368,0.4117647058823529,0.0980392156862745,0.1789473684210526,0.0551363900174114,10,7,85,1621
kupang,14,RandomForest,and,D1,transfer,0.0,,0.0,0.0,0.0179918746372605,0,0,31,1692
kupang,14,RandomForest,and,D2,transfer,,,,,0.0,0,0,0,1723
kupang,14,RandomForest,and,D3,transfer,,,,,0.0,0,0,0,1723
kupang,14,Persistence,or,D0,transfer,0.6550632911392406,0.4281767955801105,0.4394904458598726,1.1455696202531649,0.183401044689495,207,155,109,1252
kupang,14,Persistence,or,D1,transfer,0.7111111111111111,0.3875598086124402,0.4904214559386973,1.1611111111111112,0.1044689495066744,128,81,52,1462
kupang,14,Persistence,or,D2,transfer,0.5555555555555556,0.7395833333333334,0.2155172413793103,2.1333333333333333,0.0261172373766686,25,71,20,1607
kupang,14,Persistence,or,D3,transfer,0.375,0.7804878048780488,0.1607142857142857,1.7083333333333333,0.0139291932675565,9,32,15,1667
kupang,14,Persistence,and,D0,transfer,0.7578947368421053,0.3454545454545454,0.5413533834586466,1.1578947368421053,0.0551363900174114,72,38,23,1590
kupang,14,Persistence,and,D1,transfer,0.5483870967741935,0.5405405405405406,0.3333333333333333,1.1935483870967742,0.0179918746372605,17,20,14,1672
kupang,14,Persistence,and,D2,transfer,,,,,0.0,0,0,0,1723
kupang,14,Persistence,and,D3,transfer,,,,,0.0,0,0,0,1723
kupang,14,Climatology,or,D0,transfer,0.0,,0.0,0.0,0.183401044689495,0,0,316,1407
kupang,14,Climatology,or,D1,transfer,0.0,,0.0,0.0,0.1044689495066744,0,0,180,1543
kupang,14,Climatology,or,D2,transfer,0.0,,0.0,0.0,0.0261172373766686,0,0,45,1678
kupang,14,Climatology,or,D3,transfer,0.0,,0.0,0.0,0.0139291932675565,0,0,24,1699
kupang,14,Climatology,and,D0,transfer,0.0,,0.0,0.0,0.0551363900174114,0,0,95,1628
kupang,14,Climatology,and,D1,transfer,0.0,,0.0,0.0,0.0179918746372605,0,0,31,1692
kupang,14,Climatology,and,D2,transfer,,,,,0.0,0,0,0,1723
kupang,14,Climatology,and,D3,transfer,,,,,0.0,0,0,0,1723
kupang,30,TCN,or,D0,transfer,0.7563291139240507,0.4989517819706499,0.4314079422382672,1.509493670886076,0.185120093731693,239,238,77,1153
kupang,30,TCN,or,D1,transfer,0.7888888888888889,0.634020618556701,0.3333333333333333,2.1555555555555554,0.1054481546572935,142,246,38,1281
kupang,30,TCN,or,D2,transfer,0.4888888888888889,0.9314641744548288,0.063953488372093,7.133333333333334,0.0263620386643233,22,299,23,1363
kupang,30,TCN,or,D3,transfer,0.625,0.9480968858131488,0.0503355704697986,12.041666666666666,0.0140597539543057,15,274,9,1409
kupang,30,TCN,and,D0,transfer,0.3684210526315789,0.3,0.3181818181818182,0.5263157894736842,0.0556531927357937,35,15,60,1597
kupang,30,TCN,and,D1,transfer,0.1935483870967742,0.1428571428571428,0.1875,0.2258064516129032,0.0181605155243116,6,1,25,1675
kupang,30,TCN,and,D2,transfer,,,,,0.0,0,0,0,1707
kupang,30,TCN,and,D3,transfer,,,,,0.0,0,0,0,1707
kupang,30,RandomForest,or,D0,transfer,0.2278481012658227,0.2653061224489796,0.2105263157894736,0.310126582278481,0.185120093731693,72,26,244,1365
kupang,30,RandomForest,or,D1,transfer,0.1888888888888888,0.2093023255813953,0.1798941798941798,0.2388888888888889,0.1054481546572935,34,9,146,1518
kupang,30,RandomForest,or,D2,transfer,0.0,1.0,0.0,0.0888888888888888,0.0263620386643233,0,4,45,1658
kupang,30,RandomForest,or,D3,transfer,0.0,1.0,0.0,0.1666666666666666,0.0140597539543057,0,4,24,1679
kupang,30,RandomForest,and,D0,transfer,0.031578947368421,0.0,0.031578947368421,0.031578947368421,0.0556531927357937,3,0,92,1612
kupang,30,RandomForest,and,D1,transfer,0.0,,0.0,0.0,0.0181605155243116,0,0,31,1676
kupang,30,RandomForest,and,D2,transfer,,,,,0.0,0,0,0,1707
kupang,30,RandomForest,and,D3,transfer,,,,,0.0,0,0,0,1707
kupang,30,Persistence,or,D0,transfer,0.5063291139240507,0.6714579055441479,0.2488335925349922,1.5411392405063291,0.185120093731693,160,327,156,1064
kupang,30,Persistence,or,D1,transfer,0.6444444444444445,0.5915492957746479,0.3333333333333333,1.5777777777777775,0.1054481546572935,116,168,64,1359
kupang,30,Persistence,or,D2,transfer,0.2666666666666666,0.922077922077922,0.0641711229946524,3.422222222222222,0.0263620386643233,12,142,33,1520
kupang,30,Persistence,or,D3,transfer,0.0416666666666666,0.990990990990991,0.0074626865671641,4.625,0.0140597539543057,1,110,23,1573
kupang,30,Persistence,and,D0,transfer,0.7263157894736842,0.3783783783783784,0.5036496350364964,1.168421052631579,0.0556531927357937,69,42,26,1570
kupang,30,Persistence,and,D1,transfer,0.0967741935483871,0.9444444444444444,0.0365853658536585,1.7419354838709675,0.0181605155243116,3,51,28,1625
kupang,30,Persistence,and,D2,transfer,,1.0,0.0,,0.0,0,9,0,1698
kupang,30,Persistence,and,D3,transfer,,1.0,0.0,,0.0,0,1,0,1706
kupang,30,Climatology,or,D0,transfer,0.0,,0.0,0.0,0.185120093731693,0,0,316,1391
kupang,30,Climatology,or,D1,transfer,0.0,,0.0,0.0,0.1054481546572935,0,0,180,1527
kupang,30,Climatology,or,D2,transfer,0.0,,0.0,0.0,0.0263620386643233,0,0,45,1662
kupang,30,Climatology,or,D3,transfer,0.0,,0.0,0.0,0.0140597539543057,0,0,24,1683
kupang,30,Climatology,and,D0,transfer,0.0,,0.0,0.0,0.0556531927357937,0,0,95,1612
kupang,30,Climatology,and,D1,transfer,0.0,,0.0,0.0,0.0181605155243116,0,0,31,1676
kupang,30,Climatology,and,D2,transfer,,,,,0.0,0,0,0,1707
kupang,30,Climatology,and,D3,transfer,,,,,0.0,0,0,0,1707
kupang,7,TCN,or,D0,transfer,0.8575949367088608,0.5203539823008849,0.4442622950819672,1.7879746835443038,0.1826589595375722,271,294,45,1120
kupang,7,TCN,or,D1,transfer,0.7777777777777778,0.5988538681948424,0.3598971722365038,1.9388888888888889,0.1040462427745664,140,209,40,1341
kupang,7,TCN,or,D2,transfer,0.5777777777777777,0.8645833333333334,0.1232227488151658,4.266666666666667,0.0260115606936416,26,166,19,1519
kupang,7,TCN,or,D3,transfer,0.3333333333333333,0.9477124183006536,0.0473372781065088,6.375,0.0138728323699421,8,145,16,1561
kupang,7,TCN,and,D0,transfer,0.5157894736842106,0.72,0.2217194570135746,1.8421052631578947,0.0549132947976878,49,126,46,1509
kupang,7,TCN,and,D1,transfer,0.5483870967741935,0.8191489361702128,0.1574074074074074,3.032258064516129,0.0179190751445086,17,77,14,1622
kupang,7,TCN,and,D2,transfer,,1.0,0.0,,0.0,0,8,0,1722
kupang,7,TCN,and,D3,transfer,,,,,0.0,0,0,0,1730
kupang,7,RandomForest,or,D0,transfer,0.680379746835443,0.4556962025316455,0.4334677419354839,1.25,0.1826589595375722,215,180,101,1234
kupang,7,RandomForest,or,D1,transfer,0.55,0.4210526315789473,0.3928571428571428,0.95,0.1040462427745664,99,72,81,1478
kupang,7,RandomForest,or,D2,transfer,0.0888888888888888,0.9215686274509804,0.0434782608695652,1.1333333333333333,0.0260115606936416,4,47,41,1638
kupang,7,RandomForest,or,D3,transfer,0.0833333333333333,0.9607843137254902,0.0273972602739726,2.125,0.0138728323699421,2,49,22,1657
kupang,7,RandomForest,and,D0,transfer,0.3473684210526316,0.2142857142857142,0.3173076923076923,0.4421052631578947,0.0549132947976878,33,9,62,1626
kupang,7,RandomForest,and,D1,transfer,0.1290322580645161,0.0,0.1290322580645161,0.1290322580645161,0.0179190751445086,4,0,27,1699
kupang,7,RandomForest,and,D2,transfer,,,,,0.0,0,0,0,1730
kupang,7,RandomForest,and,D3,transfer,,,,,0.0,0,0,0,1730
kupang,7,Persistence,or,D0,transfer,0.7753164556962026,0.2530487804878049,0.6140350877192983,1.0379746835443038,0.1826589595375722,245,83,71,1331
kupang,7,Persistence,or,D1,transfer,0.7333333333333333,0.3623188405797101,0.5176470588235295,1.15,0.1040462427745664,132,75,48,1475
kupang,7,Persistence,or,D2,transfer,0.6222222222222222,0.5409836065573771,0.358974358974359,1.3555555555555556,0.0260115606936416,28,33,17,1652
kupang,7,Persistence,or,D3,transfer,0.5833333333333334,0.5333333333333333,0.35,1.25,0.0138728323699421,14,16,10,1690
kupang,7,Persistence,and,D0,transfer,0.8,0.2244897959183673,0.6495726495726496,1.0315789473684212,0.0549132947976878,76,22,19,1613
kupang,7,Persistence,and,D1,transfer,0.6774193548387096,0.34375,0.5,1.032258064516129,0.0179190751445086,21,11,10,1688
kupang,7,Persistence,and,D2,transfer,,,,,0.0,0,0,0,1730
kupang,7,Persistence,and,D3,transfer,,,,,0.0,0,0,0,1730
kupang,7,Climatology,or,D0,transfer,0.0,,0.0,0.0,0.1826589595375722,0,0,316,1414
kupang,7,Climatology,or,D1,transfer,0.0,,0.0,0.0,0.1040462427745664,0,0,180,1550
kupang,7,Climatology,or,D2,transfer,0.0,,0.0,0.0,0.0260115606936416,0,0,45,1685
kupang,7,Climatology,or,D3,transfer,0.0,,0.0,0.0,0.0138728323699421,0,0,24,1706
kupang,7,Climatology,and,D0,transfer,0.0,,0.0,0.0,0.0549132947976878,0,0,95,1635
kupang,7,Climatology,and,D1,transfer,0.0,,0.0,0.0,0.0179190751445086,0,0,31,1699
kupang,7,Climatology,and,D2,transfer,,,,,0.0,0,0,0,1730
kupang,7,Climatology,and,D3,transfer,,,,,0.0,0,0,0,1730
lombok,1,TCN,or,D0,transfer,0.9678510998307952,0.2164383561643835,0.7636849132176236,1.2351945854483926,0.3404377880184331,572,158,19,987
lombok,1,TCN,or,D1,transfer,0.9572649572649572,0.1703703703703703,0.8,1.1538461538461535,0.2695852534562212,448,92,20,1176
lombok,1,TCN,or,D2,transfer,0.971563981042654,0.3097643097643097,0.6765676567656765,1.4075829383886256,0.1215437788018433,205,92,6,1433
lombok,1,TCN,or,D3,transfer,0.8591549295774648,0.5447761194029851,0.4236111111111111,1.887323943661972,0.0408986175115207,61,73,10,1592
lombok,1,TCN,and,D0,transfer,0.8868778280542986,0.1799163179916318,0.7424242424242424,1.081447963800905,0.1273041474654377,196,43,25,1472
lombok,1,TCN,and,D1,transfer,0.765625,0.234375,0.620253164556962,1.0,0.0737327188940092,98,30,30,1578
lombok,1,TCN,and,D2,transfer,0.4117647058823529,0.44,0.3111111111111111,0.7352941176470589,0.0195852534562211,14,11,20,1691
lombok,1,TCN,and,D3,transfer,,1.0,0.0,,0.0,0,4,0,1732
lombok,1,RandomForest,or,D0,transfer,0.7529610829103215,0.0531914893617021,0.7224025974025974,0.7952622673434856,0.3404377880184331,445,25,146,1120
lombok,1,RandomForest,or,D1,transfer,0.6944444444444444,0.0524781341107871,0.668724279835391,0.7329059829059829,0.2695852534562212,325,18,143,1250
lombok,1,RandomForest,or,D2,transfer,0.5687203791469194,0.0977443609022556,0.5357142857142857,0.6303317535545023,0.1215437788018433,120,13,91,1512
lombok,1,RandomForest,or,D3,transfer,0.2112676056338028,0.0625,0.2083333333333333,0.2253521126760563,0.0408986175115207,15,1,56,1664
lombok,1,RandomForest,and,D0,transfer,0.6742081447963801,0.2198952879581152,0.5665399239543726,0.8642533936651584,0.1273041474654377,149,42,72,1473
lombok,1,RandomForest,and,D1,transfer,0.359375,0.2203389830508474,0.3262411347517731,0.4609375,0.0737327188940092,46,13,82,1595
lombok,1,RandomForest,and,D2,transfer,0.0,,0.0,0.0,0.0195852534562211,0,0,34,1702
lombok,1,RandomForest,and,D3,transfer,,,,,0.0,0,0,0,1736
lombok,1,Persistence,or,D0,transfer,0.9712351945854484,0.0287648054145516,0.944078947368421,1.0,0.3404377880184331,574,17,17,1128
lombok,1,Persistence,or,D1,transfer,0.9636752136752136,0.0342612419700214,0.9318181818181818,0.997863247863248,0.2695852534562212,451,16,17,1252
lombok,1,Persistence,or,D2,transfer,0.919431279620853,0.058252427184466,0.8699551569506726,0.976303317535545,0.1215437788018433,194,12,17,1513
lombok,1,Persistence,or,D3,transfer,0.8450704225352113,0.1044776119402985,0.7692307692307693,0.943661971830986,0.0408986175115207,60,7,11,1658
lombok,1,Persistence,and,D0,transfer,0.9638009049773756,0.0361990950226244,0.9301310043668122,1.0,0.1273041474654377,213,8,8,1507
lombok,1,Persistence,and,D1,transfer,0.9375,0.0769230769230769,0.8695652173913043,1.015625,0.0737327188940092,120,10,8,1598
lombok,1,Persistence,and,D2,transfer,0.8823529411764706,0.0909090909090909,0.8108108108108109,0.9705882352941176,0.0195852534562211,30,3,4,1699
lombok,1,Persistence,and,D3,transfer,,,,,0.0,0,0,0,1736
lombok,1,Climatology,or,D0,transfer,0.0,,0.0,0.0,0.3404377880184331,0,0,591,1145
lombok,1,Climatology,or,D1,transfer,0.0,,0.0,0.0,0.2695852534562212,0,0,468,1268
lombok,1,Climatology,or,D2,transfer,0.0,,0.0,0.0,0.1215437788018433,0,0,211,1525
lombok,1,Climatology,or,D3,transfer,0.0,,0.0,0.0,0.0408986175115207,0,0,71,1665
lombok,1,Climatology,and,D0,transfer,0.0,,0.0,0.0,0.1273041474654377,0,0,221,1515
lombok,1,Climatology,and,D1,transfer,0.0,,0.0,0.0,0.0737327188940092,0,0,128,1608
lombok,1,Climatology,and,D2,transfer,0.0,,0.0,0.0,0.0195852534562211,0,0,34,1702
lombok,1,Climatology,and,D3,transfer,,,,,0.0,0,0,0,1736
lombok,14,TCN,or,D0,transfer,0.7749576988155669,0.1836007130124777,0.659942363112392,0.949238578680203,0.343006384213581,458,103,133,1029
lombok,14,TCN,or,D1,transfer,0.5961538461538461,0.1842105263157894,0.5254237288135594,0.7307692307692307,0.2716192687173535,279,63,189,1192
lombok,14,TCN,or,D2,transfer,0.2654028436018957,0.4105263157894737,0.224,0.4502369668246445,0.122460824143935,56,39,155,1473
lombok,14,TCN,or,D3,transfer,0.0,,0.0,0.0,0.0412071967498549,0,0,71,1652
lombok,14,TCN,and,D0,transfer,0.3303167420814479,0.3813559322033898,0.2744360902255639,0.5339366515837104,0.1282646546720836,73,45,148,1457
lombok,14,TCN,and,D1,transfer,0.1640625,0.3,0.1532846715328467,0.234375,0.0742890307603018,21,9,107,1586
lombok,14,TCN,and,D2,transfer,0.0,,0.0,0.0,0.0197330237957051,0,0,34,1689
lombok,14,TCN,and,D3,transfer,,,,,0.0,0,0,0,1723
lombok,14,RandomForest,or,D0,transfer,0.5905245346869712,0.0718085106382978,0.5647249190938511,0.6362098138747885,0.343006384213581,349,27,242,1105
lombok,14,RandomForest,or,D1,transfer,0.3632478632478632,0.1191709844559585,0.3462321792260692,0.4123931623931623,0.2716192687173535,170,23,298,1232
lombok,14,RandomForest,or,D2,transfer,0.1706161137440758,0.4,0.1531914893617021,0.2843601895734597,0.122460824143935,36,24,175,1488
lombok,14,RandomForest,or,D3,transfer,0.0,1.0,0.0,0.0985915492957746,0.0412071967498549,0,7,71,1645
lombok,14,RandomForest,and,D0,transfer,0.2443438914027149,0.1940298507462686,0.2307692307692307,0.3031674208144796,0.1282646546720836,54,13,167,1489
lombok,14,RandomForest,and,D1,transfer,0.0546875,0.0,0.0546875,0.0546875,0.0742890307603018,7,0,121,1595
lombok,14,RandomForest,and,D2,transfer,0.0,,0.0,0.0,0.0197330237957051,0,0,34,1689
lombok,14,RandomForest,and,D3,transfer,,,,,0.0,0,0,0,1723
lombok,14,Persistence,or,D0,transfer,0.8155668358714044,0.1718213058419244,0.6975397973950795,0.9847715736040608,0.343006384213581,482,100,109,1032
lombok,14,Persistence,or,D1,transfer,0.7094017094017094,0.2735229759299781,0.5598650927487352,0.9764957264957264,0.2716192687173535,332,125,136,1130
lombok,14,Persistence,or,D2,transfer,0.3696682464454976,0.569060773480663,0.2484076433121019,0.8578199052132701,0.122460824143935,78,103,133,1409
lombok,14,Persistence,or,D3,transfer,0.1690140845070422,0.7692307692307693,0.1081081081081081,0.7323943661971831,0.0412071967498549,12,40,59,1612
lombok,14,Persistence,and,D0,transfer,0.6832579185520362,0.3406113537117904,0.5050167224080268,1.0361990950226243,0.1282646546720836,151,78,70,1424
lombok,14,Persistence,and,D1,transfer,0.578125,0.475177304964539,0.3794871794871794,1.1015625,0.0742890307603018,74,67,54,1528
lombok,14,Persistence,and,D2,transfer,0.0294117647058823,0.9411764705882352,0.02,0.5,0.0197330237957051,1,16,33,1673
lombok,14,Persistence,and,D3,transfer,,,,,0.0,0,0,0,1723
lombok,14,Climatology,or,D0,transfer,0.0,,0.0,0.0,0.343006384213581,0,0,591,1132
lombok,14,Climatology,or,D1,transfer,0.0,,0.0,0.0,0.2716192687173535,0,0,468,1255
lombok,14,Climatology,or,D2,transfer,0.0,,0.0,0.0,0.122460824143935,0,0,211,1512
lombok,14,Climatology,or,D3,transfer,0.0,,0.0,0.0,0.0412071967498549,0,0,71,1652
lombok,14,Climatology,and,D0,transfer,0.0,,0.0,0.0,0.1282646546720836,0,0,221,1502
lombok,14,Climatology,and,D1,transfer,0.0,,0.0,0.0,0.0742890307603018,0,0,128,1595
lombok,14,Climatology,and,D2,transfer,0.0,,0.0,0.0,0.0197330237957051,0,0,34,1689
lombok,14,Climatology,and,D3,transfer,,,,,0.0,0,0,0,1723
lombok,30,TCN,or,D0,transfer,0.5109983079526227,0.1220930232558139,0.4770932069510268,0.5820642978003384,0.3462214411247803,302,42,289,1074
lombok,30,TCN,or,D1,transfer,0.3504273504273504,0.1182795698924731,0.3346938775510204,0.3974358974358974,0.2741652021089631,164,22,304,1217
lombok,30,TCN,or,D2,transfer,0.0710900473933649,0.1666666666666666,0.0700934579439252,0.0853080568720379,0.1236086701816051,15,3,196,1493
lombok,30,TCN,or,D3,transfer,0.0,1.0,0.0,0.0140845070422535,0.0415934387814879,0,1,71,1635
lombok,30,TCN,and,D0,transfer,0.0135746606334841,0.8421052631578947,0.0126582278481012,0.085972850678733,0.1294669009958992,3,16,218,1470
lombok,30,TCN,and,D1,transfer,0.0,,0.0,0.0,0.0749853544229642,0,0,128,1579
lombok,30,TCN,and,D2,transfer,0.0,,0.0,0.0,0.0199179847685998,0,0,34,1673
lombok,30,TCN,and,D3,transfer,,,,,0.0,0,0,0,1707
lombok,30,RandomForest,or,D0,transfer,0.3570219966159052,0.0905172413793103,0.3447712418300653,0.3925549915397631,0.3462214411247803,211,21,380,1095
lombok,30,RandomForest,or,D1,transfer,0.1965811965811965,0.1401869158878504,0.1904761904761904,0.2286324786324786,0.2741652021089631,92,15,376,1224
lombok,30,RandomForest,or,D2,transfer,0.0379146919431279,0.2727272727272727,0.0373831775700934,0.0521327014218009,0.1236086701816051,8,3,203,1493
lombok,30,RandomForest,or,D3,transfer,0.0,,0.0,0.0,0.0415934387814879,0,0,71,1636
lombok,30,RandomForest,and,D0,transfer,0.0,,0.0,0.0,0.1294669009958992,0,0,221,1486
lombok,30,RandomForest,and,D1,transfer,0.0,,0.0,0.0,0.0749853544229642,0,0,128,1579
lombok,30,RandomForest,and,D2,transfer,0.0,,0.0,0.0,0.0199179847685998,0,0,34,1673
lombok,30,RandomForest,and,D3,transfer,,,,,0.0,0,0,0,1707
lombok,30,Persistence,or,D0,transfer,0.6429780033840947,0.2962962962962963,0.5059920106524634,0.9137055837563453,0.3462214411247803,380,160,211,956
lombok,30,Persistence,or,D1,transfer,0.5149572649572649,0.4206730769230769,0.374805598755832,0.8888888888888888,0.2741652021089631,241,175,227,1064
lombok,30,Persistence,or,D2,transfer,0.2227488151658767,0.7892376681614349,0.1214470284237726,1.056872037914692,0.1236086701816051,47,176,164,1320
lombok,30,Persistence,or,D3,transfer,0.0845070422535211,0.936842105263158,0.0375,1.3380281690140845,0.0415934387814879,6,89,65,1547
lombok,30,Persistence,and,D0,transfer,0.5475113122171946,0.4669603524229075,0.3700305810397553,1.0271493212669682,0.1294669009958992,121,106,100,1380
lombok,30,Persistence,and,D1,transfer,0.265625,0.6909090909090909,0.1666666666666666,0.859375,0.0749853544229642,34,76,94,1503
lombok,30,Persistence,and,D2,transfer,0.0,1.0,0.0,1.1176470588235294,0.0199179847685998,0,38,34,1635
lombok,30,Persistence,and,D3,transfer,,1.0,0.0,,0.0,0,11,0,1696
lombok,30,Climatology,or,D0,transfer,0.0,,0.0,0.0,0.3462214411247803,0,0,591,1116
lombok,30,Climatology,or,D1,transfer,0.0,,0.0,0.0,0.2741652021089631,0,0,468,1239
lombok,30,Climatology,or,D2,transfer,0.0,,0.0,0.0,0.1236086701816051,0,0,211,1496
lombok,30,Climatology,or,D3,transfer,0.0,,0.0,0.0,0.0415934387814879,0,0,71,1636
lombok,30,Climatology,and,D0,transfer,0.0,,0.0,0.0,0.1294669009958992,0,0,221,1486
lombok,30,Climatology,and,D1,transfer,0.0,,0.0,0.0,0.0749853544229642,0,0,128,1579
lombok,30,Climatology,and,D2,transfer,0.0,,0.0,0.0,0.0199179847685998,0,0,34,1673
lombok,30,Climatology,and,D3,transfer,,,,,0.0,0,0,0,1707
lombok,7,TCN,or,D0,transfer,0.9035532994923858,0.1523809523809524,0.777292576419214,1.065989847715736,0.3416184971098266,534,96,57,1043
lombok,7,TCN,or,D1,transfer,0.7670940170940171,0.1651162790697674,0.6660482374768089,0.9188034188034188,0.2705202312138728,359,71,109,1191
lombok,7,TCN,or,D2,transfer,0.5545023696682464,0.2777777777777778,0.45703125,0.7677725118483413,0.1219653179190751,117,45,94,1474
lombok,7,TCN,or,D3,transfer,0.0985915492957746,0.6956521739130435,0.0804597701149425,0.323943661971831,0.0410404624277456,7,16,64,1643
lombok,7,TCN,and,D0,transfer,0.4796380090497738,0.2428571428571428,0.4156862745098039,0.6334841628959276,0.1277456647398843,106,34,115,1475
lombok,7,TCN,and,D1,transfer,0.265625,0.3333333333333333,0.2344827586206896,0.3984375,0.0739884393063583,34,17,94,1585
lombok,7,TCN,and,D2,transfer,0.2058823529411764,0.0,0.2058823529411764,0.2058823529411764,0.0196531791907514,7,0,27,1696
lombok,7,TCN,and,D3,transfer,,,,,0.0,0,0,0,1730
lombok,7,RandomForest,or,D0,transfer,0.7225042301184433,0.0615384615384615,0.6898222940226171,0.7698815566835872,0.3416184971098266,427,28,164,1111
lombok,7,RandomForest,or,D1,transfer,0.5106837606837606,0.1048689138576779,0.4818548387096774,0.5705128205128205,0.2705202312138728,239,28,229,1234
lombok,7,RandomForest,or,D2,transfer,0.2890995260663507,0.2906976744186046,0.2584745762711864,0.4075829383886256,0.1219653179190751,61,25,150,1494
lombok,7,RandomForest,or,D3,transfer,0.0845070422535211,0.5,0.0779220779220779,0.1690140845070422,0.0410404624277456,6,6,65,1653
lombok,7,RandomForest,and,D0,transfer,0.4705882352941176,0.2061068702290076,0.4193548387096774,0.5927601809954751,0.1277456647398843,104,27,117,1482
lombok,7,RandomForest,and,D1,transfer,0.2421875,0.088235294117647,0.2366412213740458,0.265625,0.0739884393063583,31,3,97,1599
lombok,7,RandomForest,and,D2,transfer,0.0,,0.0,0.0,0.0196531791907514,0,0,34,1696
lombok,7,RandomForest,and,D3,transfer,,,,,0.0,0,0,0,1730
lombok,7,Persistence,or,D0,transfer,0.883248730964467,0.1182432432432432,0.789712556732224,1.0016920473773263,0.3416184971098266,522,70,69,1069
lombok,7,Persistence,or,D1,transfer,0.8290598290598291,0.1762208067940552,0.7041742286751361,1.0064102564102564,0.2705202312138728,388,83,80,1179
lombok,7,Persistence,or,D2,transfer,0.5924170616113744,0.3455497382198952,0.4512635379061371,0.90521327014218,0.1219653179190751,125,66,86,1453
lombok,7,Persistence,or,D3,transfer,0.3943661971830985,0.4166666666666667,0.3076923076923077,0.676056338028169,0.0410404624277456,28,20,43,1639
lombok,7,Persistence,and,D0,transfer,0.832579185520362,0.1858407079646017,0.6996197718631179,1.0226244343891402,0.1277456647398843,184,42,37,1467
lombok,7,Persistence,and,D1,transfer,0.703125,0.3478260869565217,0.5113636363636364,1.078125,0.0739884393063583,90,48,38,1554
lombok,7,Persistence,and,D2,transfer,0.3823529411764705,0.4583333333333333,0.2888888888888888,0.7058823529411765,0.0196531791907514,13,11,21,1685
lombok,7,Persistence,and,D3,transfer,,,,,0.0,0,0,0,1730
lombok,7,Climatology,or,D0,transfer,0.0,,0.0,0.0,0.3416184971098266,0,0,591,1139
lombok,7,Climatology,or,D1,transfer,0.0,,0.0,0.0,0.2705202312138728,0,0,468,1262
lombok,7,Climatology,or,D2,transfer,0.0,,0.0,0.0,0.1219653179190751,0,0,211,1519
lombok,7,Climatology,or,D3,transfer,0.0,,0.0,0.0,0.0410404624277456,0,0,71,1659
lombok,7,Climatology,and,D0,transfer,0.0,,0.0,0.0,0.1277456647398843,0,0,221,1509
lombok,7,Climatology,and,D1,transfer,0.0,,0.0,0.0,0.0739884393063583,0,0,128,1602
lombok,7,Climatology,and,D2,transfer,0.0,,0.0,0.0,0.0196531791907514,0,0,34,1696
lombok,7,Climatology,and,D3,transfer,,,,,0.0,0,0,0,1730
manggarai,1,TCN,or,D0,transfer,0.6405228758169934,0.3738019169329074,0.4633569739952718,1.022875816993464,0.1762672811059907,196,117,110,1313
manggarai,1,TCN,or,D1,transfer,0.4534883720930232,0.7678571428571429,0.1813953488372093,1.9534883720930232,0.0495391705069124,39,129,47,1521
manggarai,1,TCN,or,D2,transfer,0.0,1.0,0.0,5.666666666666667,0.0069124423963133,0,68,12,1656
manggarai,1,TCN,or,D3,transfer,,1.0,0.0,,0.0,0,5,0,1731
manggarai,1,TCN,and,D0,transfer,0.7142857142857143,0.5959595959595959,0.3478260869565217,1.7678571428571428,0.032258064516129,40,59,16,1621
manggarai,1,TCN,and,D1,transfer,,1.0,0.0,,0.0,0,13,0,1723
manggarai,1,TCN,and,D2,transfer,,,,,0.0,0,0,0,1736
manggarai,1,TCN,and,D3,transfer,,,,,0.0,0,0,0,1736
manggarai,1,RandomForest,or,D0,transfer,0.2581699346405229,0.1318681318681318,0.2484276729559748,0.2973856209150327,0.1762672811059907,79,12,227,1418
manggarai,1,RandomForest,or,D1,transfer,0.0,,0.0,0.0,0.0495391705069124,0,0,86,1650
manggarai,1,RandomForest,or,D2,transfer,0.0,,0.0,0.0,0.0069124423963133,0,0,12,1724
manggarai,1,RandomForest,or,D3,transfer,,,,,0.0,0,0,0,1736
manggarai,1,RandomForest,and,D0,transfer,0.0178571428571428,0.0,0.0178571428571428,0.0178571428571428,0.032258064516129,1,0,55,1680
manggarai,1,RandomForest,and,D1,transfer,,,,,0.0,0,0,0,1736
manggarai,1,RandomForest,and,D2,transfer,,,,,0.0,0,0,0,1736
manggarai,1,RandomForest,and,D3,transfer,,,,,0.0,0,0,0,1736
manggarai,1,Persistence,or,D0,transfer,0.9411764705882352,0.0798722044728434,0.8700906344410876,1.022875816993464,0.1762672811059907,288,25,18,1405
manggarai,1,Persistence,or,D1,transfer,0.8488372093023255,0.1511627906976744,0.7373737373737373,1.0,0.0495391705069124,73,13,13,1637
manggarai,1,Persistence,or,D2,transfer,0.75,0.25,0.6,1.0,0.0069124423963133,9,3,3,1721
manggarai,1,Persistence,or,D3,transfer,,,,,0.0,0,0,0,1736
manggarai,1,Persistence,and,D0,transfer,0.8035714285714286,0.25,0.6338028169014085,1.0714285714285714,0.032258064516129,45,15,11,1665
manggarai,1,Persistence,and,D1,transfer,,,,,0.0,0,0,0,1736
manggarai,1,Persistence,and,D2,transfer,,,,,0.0,0,0,0,1736
manggarai,1,Persistence,and,D3,transfer,,,,,0.0,0,0,0,1736
manggarai,1,Climatology,or,D0,transfer,0.0555555555555555,0.853448275862069,0.0419753086419753,0.3790849673202614,0.1762672811059907,17,99,289,1331
manggarai,1,Climatology,or,D1,transfer,0.0,,0.0,0.0,0.0495391705069124,0,0,86,1650
manggarai,1,Climatology,or,D2,transfer,0.0,,0.0,0.0,0.0069124423963133,0,0,12,1724
manggarai,1,Climatology,or,D3,transfer,,,,,0.0,0,0,0,1736
manggarai,1,Climatology,and,D0,transfer,0.0,,0.0,0.0,0.032258064516129,0,0,56,1680
manggarai,1,Climatology,and,D1,transfer,,,,,0.0,0,0,0,1736
manggarai,1,Climatology,and,D2,transfer,,,,,0.0,0,0,0,1736
manggarai,1,Climatology,and,D3,transfer,,,,,0.0,0,0,0,1736
manggarai,14,TCN,or,D0,transfer,0.8986928104575164,0.6357615894039735,0.3498727735368956,2.4673202614379086,0.1775972141613465,275,480,31,937
manggarai,14,TCN,or,D1,transfer,0.9767441860465116,0.8491921005385996,0.1502683363148479,6.476744186046512,0.0499129425420777,84,473,2,1164
manggarai,14,TCN,or,D2,transfer,0.9166666666666666,0.9620689655172414,0.0378006872852233,24.166666666666668,0.0069645966337782,11,279,1,1432
manggarai,14,TCN,or,D3,transfer,,1.0,0.0,,0.0,0,65,0,1658
manggarai,14,TCN,and,D0,transfer,0.1964285714285714,0.6451612903225806,0.1447368421052631,0.5535714285714286,0.032501450957632,11,20,45,1647
manggarai,14,TCN,and,D1,transfer,,,,,0.0,0,0,0,1723
manggarai,14,TCN,and,D2,transfer,,,,,0.0,0,0,0,1723
manggarai,14,TCN,and,D3,transfer,,,,,0.0,0,0,0,1723
manggarai,14,RandomForest,or,D0,transfer,0.15359477124183,0.6666666666666666,0.1175,0.4607843137254901,0.1775972141613465,47,94,259,1323
manggarai,14,RandomForest,or,D1,transfer,0.0,,0.0,0.0,0.0499129425420777,0,0,86,1637
manggarai,14,RandomForest,or,D2,transfer,0.0,,0.0,0.0,0.0069645966337782,0,0,12,1711
manggarai,14,RandomForest,or,D3,transfer,,,,,0.0,0,0,0,1723
manggarai,14,RandomForest,and,D0,transfer,0.0178571428571428,0.5,0.0175438596491228,0.0357142857142857,0.032501450957632,1,1,55,1666
manggarai,14,RandomForest,and,D1,transfer,,,,,0.0,0,0,0,1723
manggarai,14,RandomForest,and,D2,transfer,,,,,0.0,0,0,0,1723
manggarai,14,RandomForest,and,D3,transfer,,,,,0.0,0,0,0,1723
manggarai,14,Persistence,or,D0,transfer,0.5588235294117647,0.5236768802228412,0.3461538461538461,1.173202614379085,0.1775972141613465,171,188,135,1229
manggarai,14,Persistence,or,D1,transfer,0.4418604651162791,0.7205882352941176,0.2065217391304347,1.5813953488372092,0.0499129425420777,38,98,48,1539
manggarai,14,Persistence,or,D2,transfer,0.1666666666666666,0.8333333333333334,0.0909090909090909,1.0,0.0069645966337782,2,10,10,1701
manggarai,14,Persistence,or,D3,transfer,,,,,0.0,0,0,0,1723
manggarai,14,Persistence,and,D0,transfer,0.25,0.8313253012048193,0.112,1.4821428571428572,0.032501450957632,14,69,42,1598
manggarai,14,Persistence,and,D1,transfer,,1.0,0.0,,0.0,0,7,0,1716
manggarai,14,Persistence,and,D2,transfer,,,,,0.0,0,0,0,1723
manggarai,14,Persistence,and,D3,transfer,,,,,0.0,0,0,0,1723
manggarai,14,Climatology,or,D0,transfer,0.0555555555555555,0.853448275862069,0.0419753086419753,0.3790849673202614,0.1775972141613465,17,99,289,1318
manggarai,14,Climatology,or,D1,transfer,0.0,,0.0,0.0,0.0499129425420777,0,0,86,1637
manggarai,14,Climatology,or,D2,transfer,0.0,,0.0,0.0,0.0069645966337782,0,0,12,1711
manggarai,14,Climatology,or,D3,transfer,,,,,0.0,0,0,0,1723
manggarai,14,Climatology,and,D0,transfer,0.0,,0.0,0.0,0.032501450957632,0,0,56,1667
manggarai,14,Climatology,and,D1,transfer,,,,,0.0,0,0,0,1723
manggarai,14,Climatology,and,D2,transfer,,,,,0.0,0,0,0,1723
manggarai,14,Climatology,and,D3,transfer,,,,,0.0,0,0,0,1723
manggarai,30,TCN,or,D0,transfer,0.5065359477124183,0.7280701754385965,0.2149791955617198,1.862745098039216,0.1792618629173989,155,415,151,986
manggarai,30,TCN,or,D1,transfer,0.0813953488372093,0.9678899082568808,0.0235690235690235,2.5348837209302326,0.0503807850029291,7,211,79,1410
manggarai,30,TCN,or,D2,transfer,0.0,1.0,0.0,0.4166666666666667,0.0070298769771528,0,5,12,1690
manggarai,30,TCN,or,D3,transfer,,,,,0.0,0,0,0,1707
manggarai,30,TCN,and,D0,transfer,0.0535714285714285,0.9508196721311476,0.0263157894736842,1.0892857142857142,0.0328060925600468,3,58,53,1593
manggarai,30,TCN,and,D1,transfer,,1.0,0.0,,0.0,0,2,0,1705
manggarai,30,TCN,and,D2,transfer,,,,,0.0,0,0,0,1707
manggarai,30,TCN,and,D3,transfer,,,,,0.0,0,0,0,1707
manggarai,30,RandomForest,or,D0,transfer,0.1405228758169934,0.8693009118541033,0.0726351351351351,1.0751633986928104,0.1792618629173989,43,286,263,1115
manggarai,30,RandomForest,or,D1,transfer,0.0,1.0,0.0,0.4883720930232558,0.0503807850029291,0,42,86,1579
manggarai,30,RandomForest,or,D2,transfer,0.0,,0.0,0.0,0.0070298769771528,0,0,12,1695
manggarai,30,RandomForest,or,D3,transfer,,,,,0.0,0,0,0,1707
manggarai,30,RandomForest,and,D0,transfer,0.0,,0.0,0.0,0.0328060925600468,0,0,56,1651
manggarai,30,RandomForest,and,D1,transfer,,,,,0.0,0,0,0,1707
manggarai,30,RandomForest,and,D2,transfer,,,,,0.0,0,0,0,1707
manggarai,30,RandomForest,and,D3,transfer,,,,,0.0,0,0,0,1707
manggarai,30,Persistence,or,D0,transfer,0.3954248366013072,0.6815789473684211,0.2141592920353982,1.2418300653594772,0.1792618629173989,121,259,185,1142
manggarai,30,Persistence,or,D1,transfer,0.127906976744186,0.9493087557603688,0.0376712328767123,2.5232558139534884,0.0503807850029291,11,206,75,1415
manggarai,30,Persistence,or,D2,transfer,0.0,1.0,0.0,4.0,0.0070298769771528,0,48,12,1647
manggarai,30,Persistence,or,D3,transfer,,1.0,0.0,,0.0,0,1,0,1706
manggarai,30,Persistence,and,D0,transfer,0.1607142857142857,0.8860759493670886,0.0714285714285714,1.4107142857142858,0.0328060925600468,9,70,47,1581
manggarai,30,Persistence,and,D1,transfer,,1.0,0.0,,0.0,0,11,0,1696
manggarai,30,Persistence,and,D2,transfer,,,,,0.0,0,0,0,1707
manggarai,30,Persistence,and,D3,transfer,,,,,0.0,0,0,0,1707
manggarai,30,Climatology,or,D0,transfer,0.0555555555555555,0.853448275862069,0.0419753086419753,0.3790849673202614,0.1792618629173989,17,99,289,1302
manggarai,30,Climatology,or,D1,transfer,0.0,,0.0,0.0,0.0503807850029291,0,0,86,1621
manggarai,30,Climatology,or,D2,transfer,0.0,,0.0,0.0,0.0070298769771528,0,0,12,1695
manggarai,30,Climatology,or,D3,transfer,,,,,0.0,0,0,0,1707
manggarai,30,Climatology,and,D0,transfer,0.0,,0.0,0.0,0.0328060925600468,0,0,56,1651
manggarai,30,Climatology,and,D1,transfer,,,,,0.0,0,0,0,1707
manggarai,30,Climatology,and,D2,transfer,,,,,0.0,0,0,0,1707
manggarai,30,Climatology,and,D3,transfer,,,,,0.0,0,0,0,1707
manggarai,7,TCN,or,D0,transfer,0.8921568627450981,0.5997067448680352,0.3818181818181818,2.2287581699346406,0.176878612716763,273,409,33,1015
manggarai,7,TCN,or,D1,transfer,0.7906976744186046,0.8316831683168316,0.1611374407582938,4.697674418604652,0.0497109826589595,68,336,18,1308
manggarai,7,TCN,or,D2,transfer,0.25,0.9865470852017936,0.0129310344827586,18.58333333333333,0.006936416184971,3,220,9,1498
manggarai,7,TCN,or,D3,transfer,,1.0,0.0,,0.0,0,121,0,1609
manggarai,7,TCN,and,D0,transfer,0.8571428571428571,0.6903225806451613,0.294478527607362,2.767857142857143,0.0323699421965317,48,107,8,1567
manggarai,7,TCN,and,D1,transfer,,1.0,0.0,,0.0,0,27,0,1703
manggarai,7,TCN,and,D2,transfer,,,,,0.0,0,0,0,1730
manggarai,7,TCN,and,D3,transfer,,,,,0.0,0,0,0,1730
manggarai,7,RandomForest,or,D0,transfer,0.2058823529411764,0.3076923076923077,0.1886227544910179,0.2973856209150327,0.176878612716763,63,28,243,1396
manggarai,7,RandomForest,or,D1,transfer,0.0,,0.0,0.0,0.0497109826589595,0,0,86,1644
manggarai,7,RandomForest,or,D2,transfer,0.0,,0.0,0.0,0.006936416184971,0,0,12,1718
manggarai,7,RandomForest,or,D3,transfer,,,,,0.0,0,0,0,1730
manggarai,7,RandomForest,and,D0,transfer,0.0714285714285714,0.3333333333333333,0.0689655172413793,0.1071428571428571,0.0323699421965317,4,2,52,1672
manggarai,7,RandomForest,and,D1,transfer,,,,,0.0,0,0,0,1730
manggarai,7,RandomForest,and,D2,transfer,,,,,0.0,0,0,0,1730
manggarai,7,RandomForest,and,D3,transfer,,,,,0.0,0,0,0,1730
manggarai,7,Persistence,or,D0,transfer,0.7418300653594772,0.3303834808259587,0.5430622009569378,1.107843137254902,0.176878612716763,227,112,79,1312
manggarai,7,Persistence,or,D1,transfer,0.5813953488372093,0.4505494505494505,0.3937007874015748,1.058139534883721,0.0497109826589595,50,41,36,1603
manggarai,7,Persistence,or,D2,transfer,0.1666666666666666,0.8333333333333334,0.0909090909090909,1.0,0.006936416184971,2,10,10,1708
manggarai,7,Persistence,or,D3,transfer,,,,,0.0,0,0,0,1730
manggarai,7,Persistence,and,D0,transfer,0.5,0.631578947368421,0.2692307692307692,1.3571428571428572,0.0323699421965317,28,48,28,1626
manggarai,7,Persistence,and,D1,transfer,,1.0,0.0,,0.0,0,2,0,1728
manggarai,7,Persistence,and,D2,transfer,,,,,0.0,0,0,0,1730
manggarai,7,Persistence,and,D3,transfer,,,,,0.0,0,0,0,1730
manggarai,7,Climatology,or,D0,transfer,0.0555555555555555,0.853448275862069,0.0419753086419753,0.3790849673202614,0.176878612716763,17,99,289,1325
manggarai,7,Climatology,or,D1,transfer,0.0,,0.0,0.0,0.0497109826589595,0,0,86,1644
manggarai,7,Climatology,or,D2,transfer,0.0,,0.0,0.0,0.006936416184971,0,0,12,1718
manggarai,7,Climatology,or,D3,transfer,,,,,0.0,0,0,0,1730
manggarai,7,Climatology,and,D0,transfer,0.0,,0.0,0.0,0.0323699421965317,0,0,56,1674
manggarai,7,Climatology,and,D1,transfer,,,,,0.0,0,0,0,1730
manggarai,7,Climatology,and,D2,transfer,,,,,0.0,0,0,0,1730
manggarai,7,Climatology,and,D3,transfer,,,,,0.0,0,0,0,1730
soe,1,TCN,or,D0,transfer,0.7474402730375427,0.3177570093457944,0.5544303797468354,1.0955631399317407,0.1687788018433179,219,102,74,1341
soe,1,TCN,or,D1,transfer,0.7834394904458599,0.4917355371900826,0.4456521739130434,1.5414012738853504,0.0904377880184331,123,119,34,1460
soe,1,TCN,or,D2,transfer,0.796875,0.6832298136645962,0.293103448275862,2.515625,0.0368663594470046,51,110,13,1562
soe,1,TCN,or,D3,transfer,1.0,0.9210526315789472,0.0789473684210526,12.666666666666666,0.005184331797235,9,105,0,1622
soe,1,TCN,and,D0,transfer,0.0535714285714285,0.1428571428571428,0.0530973451327433,0.0625,0.064516129032258,6,1,106,1623
soe,1,TCN,and,D1,transfer,0.0,,0.0,0.0,0.0097926267281105,0,0,17,1719
soe,1,TCN,and,D2,transfer,,,,,0.0,0,0,0,1736
soe,1,TCN,and,D3,transfer,,,,,0.0,0,0,0,1736
soe,1,RandomForest,or,D0,transfer,0.689419795221843,0.2047244094488189,0.5855072463768116,0.8668941979522184,0.1687788018433179,202,52,91,1391
soe,1,RandomForest,or,D1,transfer,0.6242038216560509,0.1967213114754098,0.5414364640883977,0.7770700636942676,0.0904377880184331,98,24,59,1555
soe,1,RandomForest,or,D2,transfer,0.5625,0.1219512195121951,0.5217391304347826,0.640625,0.0368663594470046,36,5,28,1667
soe,1,RandomForest,or,D3,transfer,0.0,,0.0,0.0,0.005184331797235,0,0,9,1727
soe,1,RandomForest,and,D0,transfer,0.2321428571428571,0.0714285714285714,0.2280701754385964,0.25,0.064516129032258,26,2,86,1622
soe,1,RandomForest,and,D1,transfer,0.0,,0.0,0.0,0.0097926267281105,0,0,17,1719
soe,1,RandomForest,and,D2,transfer,,,,,0.0,0,0,0,1736
soe,1,RandomForest,and,D3,transfer,,,,,0.0,0,0,0,1736
soe,1,Persistence,or,D0,transfer,0.9522184300341296,0.0477815699658703,0.9087947882736156,1.0,0.1687788018433179,279,14,14,1429
soe,1,Persistence,or,D1,transfer,0.9235668789808916,0.0993788819875776,0.838150289017341,1.0254777070063694,0.0904377880184331,145,16,12,1563
soe,1,Persistence,or,D2,transfer,0.859375,0.1666666666666666,0.7333333333333333,1.03125,0.0368663594470046,55,11,9,1661
soe,1,Persistence,or,D3,transfer,0.8888888888888888,0.2,0.7272727272727273,1.1111111111111112,0.005184331797235,8,2,1,1725
soe,1,Persistence,and,D0,transfer,0.9464285714285714,0.0619469026548672,0.8907563025210085,1.0089285714285714,0.064516129032258,106,7,6,1617
soe,1,Persistence,and,D1,transfer,0.7647058823529411,0.2777777777777778,0.5909090909090909,1.0588235294117647,0.0097926267281105,13,5,4,1714
soe,1,Persistence,and,D2,transfer,,,,,0.0,0,0,0,1736
soe,1,Persistence,and,D3,transfer,,,,,0.0,0,0,0,1736
soe,1,Climatology,or,D0,transfer,0.0,,0.0,0.0,0.1687788018433179,0,0,293,1443
soe,1,Climatology,or,D1,transfer,0.0,,0.0,0.0,0.0904377880184331,0,0,157,1579
soe,1,Climatology,or,D2,transfer,0.0,,0.0,0.0,0.0368663594470046,0,0,64,1672
soe,1,Climatology,or,D3,transfer,0.0,,0.0,0.0,0.005184331797235,0,0,9,1727
soe,1,Climatology,and,D0,transfer,0.0,,0.0,0.0,0.064516129032258,0,0,112,1624
soe,1,Climatology,and,D1,transfer,0.0,,0.0,0.0,0.0097926267281105,0,0,17,1719
soe,1,Climatology,and,D2,transfer,,,,,0.0,0,0,0,1736
soe,1,Climatology,and,D3,transfer,,,,,0.0,0,0,0,1736
soe,14,TCN,or,D0,transfer,0.5460750853242321,0.4463667820069204,0.3791469194312796,0.9863481228668942,0.1700522344747533,160,129,133,1301
soe,14,TCN,or,D1,transfer,0.4968152866242038,0.6303317535545023,0.2689655172413793,1.3439490445859872,0.0911201392919326,78,133,79,1433
soe,14,TCN,or,D2,transfer,0.25,0.8620689655172413,0.0975609756097561,1.8125,0.0371445153801509,16,100,48,1559
soe,14,TCN,or,D3,transfer,0.2222222222222222,0.979591836734694,0.019047619047619,10.88888888888889,0.0052234474753337,2,96,7,1618
soe,14,TCN,and,D0,transfer,0.0178571428571428,0.8181818181818182,0.0165289256198347,0.0982142857142857,0.065002901915264,2,9,110,1602
soe,14,TCN,and,D1,transfer,0.0,,0.0,0.0,0.0098665118978525,0,0,17,1706
soe,14,TCN,and,D2,transfer,,,,,0.0,0,0,0,1723
soe,14,TCN,and,D3,transfer,,,,,0.0,0,0,0,1723
soe,14,RandomForest,or,D0,transfer,0.5017064846416383,0.3636363636363636,0.389920424403183,0.78839590443686,0.1700522344747533,147,84,146,1346
soe,14,RandomForest,or,D1,transfer,0.5605095541401274,0.3383458646616541,0.4356435643564356,0.8471337579617835,0.0911201392919326,88,45,69,1521
soe,14,RandomForest,or,D2,transfer,0.0625,0.3333333333333333,0.0606060606060606,0.09375,0.0371445153801509,4,2,60,1657
soe,14,RandomForest,or,D3,transfer,0.0,,0.0,0.0,0.0052234474753337,0,0,9,1714
soe,14,RandomForest,and,D0,transfer,0.1607142857142857,0.0,0.1607142857142857,0.1607142857142857,0.065002901915264,18,0,94,1611
soe,14,RandomForest,and,D1,transfer,0.0,,0.0,0.0,0.0098665118978525,0,0,17,1706
soe,14,RandomForest,and,D2,transfer,,,,,0.0,0,0,0,1723
soe,14,RandomForest,and,D3,transfer,,,,,0.0,0,0,0,1723
soe,14,Persistence,or,D0,transfer,0.6518771331058021,0.4447674418604651,0.4282511210762332,1.174061433447099,0.1700522344747533,191,153,102,1277
soe,14,Persistence,or,D1,transfer,0.5923566878980892,0.515625,0.36328125,1.2229299363057324,0.0911201392919326,93,99,64,1467
soe,14,Persistence,or,D2,transfer,0.40625,0.7833333333333333,0.1645569620253164,1.875,0.0371445153801509,26,94,38,1565
soe,14,Persistence,or,D3,transfer,0.0,1.0,0.0,2.0,0.0052234474753337,0,18,9,1696
soe,14,Persistence,and,D0,transfer,0.7589285714285714,0.3560606060606061,0.5345911949685535,1.1785714285714286,0.065002901915264,85,47,27,1564
soe,14,Persistence,and,D1,transfer,0.2941176470588235,0.8571428571428571,0.1063829787234042,2.0588235294117645,0.0098665118978525,5,30,12,1676
soe,14,Persistence,and,D2,transfer,,1.0,0.0,,0.0,0,1,0,1722
soe,14,Persistence,and,D3,transfer,,,,,0.0,0,0,0,1723
soe,14,Climatology,or,D0,transfer,0.0,,0.0,0.0,0.1700522344747533,0,0,293,1430
soe,14,Climatology,or,D1,transfer,0.0,,0.0,0.0,0.0911201392919326,0,0,157,1566
soe,14,Climatology,or,D2,transfer,0.0,,0.0,0.0,0.0371445153801509,0,0,64,1659
soe,14,Climatology,or,D3,transfer,0.0,,0.0,0.0,0.0052234474753337,0,0,9,1714
soe,14,Climatology,and,D0,transfer,0.0,,0.0,0.0,0.065002901915264,0,0,112,1611
soe,14,Climatology,and,D1,transfer,0.0,,0.0,0.0,0.0098665118978525,0,0,17,1706
soe,14,Climatology,and,D2,transfer,,,,,0.0,0,0,0,1723
soe,14,Climatology,and,D3,transfer,,,,,0.0,0,0,0,1723
soe,30,TCN,or,D0,transfer,0.3822525597269625,0.6715542521994134,0.21455938697318,1.1638225255972696,0.1716461628588166,112,229,181,1185
soe,30,TCN,or,D1,transfer,0.3057324840764331,0.7658536585365854,0.1528662420382165,1.305732484076433,0.0919742237844171,48,157,109,1393
soe,30,TCN,or,D2,transfer,0.28125,0.8434782608695652,0.1118012422360248,1.796875,0.0374926772114821,18,97,46,1546
soe,30,TCN,or,D3,transfer,0.0,1.0,0.0,8.444444444444445,0.0052724077328646,0,76,9,1622
soe,30,TCN,and,D0,transfer,0.0,,0.0,0.0,0.0656121851200937,0,0,112,1595
soe,30,TCN,and,D1,transfer,0.0,,0.0,0.0,0.0099589923842999,0,0,17,1690
soe,30,TCN,and,D2,transfer,,,,,0.0,0,0,0,1707
soe,30,TCN,and,D3,transfer,,,,,0.0,0,0,0,1707
soe,30,RandomForest,or,D0,transfer,0.4505119453924914,0.3265306122448979,0.3697478991596639,0.6689419795221843,0.1716461628588166,132,64,161,1350
soe,30,RandomForest,or,D1,transfer,0.3439490445859872,0.3720930232558139,0.2857142857142857,0.5477707006369427,0.0919742237844171,54,32,103,1518
soe,30,RandomForest,or,D2,transfer,0.15625,0.4117647058823529,0.1408450704225352,0.265625,0.0374926772114821,10,7,54,1636
soe,30,RandomForest,or,D3,transfer,0.0,,0.0,0.0,0.0052724077328646,0,0,9,1698
soe,30,RandomForest,and,D0,transfer,0.1428571428571428,0.2727272727272727,0.135593220338983,0.1964285714285714,0.0656121851200937,16,6,96,1589
soe,30,RandomForest,and,D1,transfer,0.0,,0.0,0.0,0.0099589923842999,0,0,17,1690
soe,30,RandomForest,and,D2,transfer,,,,,0.0,0,0,0,1707
soe,30,RandomForest,and,D3,transfer,,,,,0.0,0,0,0,1707
soe,30,Persistence,or,D0,transfer,0.4744027303754266,0.7186234817813765,0.2145061728395061,1.6860068259385663,0.1716461628588166,139,355,154,1059
soe,30,Persistence,or,D1,transfer,0.4777070063694267,0.7222222222222222,0.2130681818181818,1.7197452229299364,0.0919742237844171,75,195,82,1355
soe,30,Persistence,or,D2,transfer,0.375,0.8579881656804734,0.1148325358851674,2.640625,0.0374926772114821,24,145,40,1498
soe,30,Persistence,or,D3,transfer,0.2222222222222222,0.975,0.0229885057471264,8.88888888888889,0.0052724077328646,2,78,7,1620
soe,30,Persistence,and,D0,transfer,0.75,0.4324324324324324,0.4772727272727273,1.3214285714285714,0.0656121851200937,84,64,28,1531
soe,30,Persistence,and,D1,transfer,0.0,1.0,0.0,3.0588235294117645,0.0099589923842999,0,52,17,1638
soe,30,Persistence,and,D2,transfer,,1.0,0.0,,0.0,0,20,0,1687
soe,30,Persistence,and,D3,transfer,,1.0,0.0,,0.0,0,6,0,1701
soe,30,Climatology,or,D0,transfer,0.0,,0.0,0.0,0.1716461628588166,0,0,293,1414
soe,30,Climatology,or,D1,transfer,0.0,,0.0,0.0,0.0919742237844171,0,0,157,1550
soe,30,Climatology,or,D2,transfer,0.0,,0.0,0.0,0.0374926772114821,0,0,64,1643
soe,30,Climatology,or,D3,transfer,0.0,,0.0,0.0,0.0052724077328646,0,0,9,1698
soe,30,Climatology,and,D0,transfer,0.0,,0.0,0.0,0.0656121851200937,0,0,112,1595
soe,30,Climatology,and,D1,transfer,0.0,,0.0,0.0,0.0099589923842999,0,0,17,1690
soe,30,Climatology,and,D2,transfer,,,,,0.0,0,0,0,1707
soe,30,Climatology,and,D3,transfer,,,,,0.0,0,0,0,1707
soe,7,TCN,or,D0,transfer,0.4607508532423208,0.3316831683168317,0.375,0.689419795221843,0.1693641618497109,135,67,158,1370
soe,7,TCN,or,D1,transfer,0.375796178343949,0.4537037037037037,0.2864077669902912,0.6878980891719745,0.0907514450867052,59,49,98,1524
soe,7,TCN,or,D2,transfer,0.296875,0.5681818181818182,0.2134831460674157,0.6875,0.0369942196531791,19,25,45,1641
soe,7,TCN,or,D3,transfer,0.0,1.0,0.0,1.4444444444444444,0.0052023121387283,0,13,9,1708
soe,7,TCN,and,D0,transfer,0.0714285714285714,0.3846153846153846,0.0683760683760683,0.1160714285714285,0.0647398843930635,8,5,104,1613
soe,7,TCN,and,D1,transfer,0.0,,0.0,0.0,0.0098265895953757,0,0,17,1713
soe,7,TCN,and,D2,transfer,,,,,0.0,0,0,0,1730
soe,7,TCN,and,D3,transfer,,,,,0.0,0,0,0,1730
soe,7,RandomForest,or,D0,transfer,0.552901023890785,0.2894736842105263,0.4512534818941504,0.7781569965870307,0.1693641618497109,162,66,131,1371
soe,7,RandomForest,or,D1,transfer,0.554140127388535,0.2627118644067797,0.4627659574468085,0.7515923566878981,0.0907514450867052,87,31,70,1542
soe,7,RandomForest,or,D2,transfer,0.265625,0.4333333333333333,0.2207792207792207,0.46875,0.0369942196531791,17,13,47,1653
soe,7,RandomForest,or,D3,transfer,0.0,,0.0,0.0,0.0052023121387283,0,0,9,1721
soe,7,RandomForest,and,D0,transfer,0.1517857142857142,0.0,0.1517857142857142,0.1517857142857142,0.0647398843930635,17,0,95,1618
soe,7,RandomForest,and,D1,transfer,0.0,,0.0,0.0,0.0098265895953757,0,0,17,1713
soe,7,RandomForest,and,D2,transfer,,,,,0.0,0,0,0,1730
soe,7,RandomForest,and,D3,transfer,,,,,0.0,0,0,0,1730
soe,7,Persistence,or,D0,transfer,0.7474402730375427,0.2675585284280936,0.5871313672922251,1.0204778156996588,0.1693641618497109,219,80,74,1357
soe,7,Persistence,or,D1,transfer,0.6942675159235668,0.3876404494382022,0.4823008849557522,1.1337579617834397,0.0907514450867052,109,69,48,1504
soe,7,Persistence,or,D2,transfer,0.515625,0.6206896551724138,0.2796610169491525,1.359375,0.0369942196531791,33,54,31,1612
soe,7,Persistence,or,D3,transfer,0.0,1.0,0.0,1.1111111111111112,0.0052023121387283,0,10,9,1711
soe,7,Persistence,and,D0,transfer,0.7767857142857143,0.275,0.6,1.0714285714285714,0.0647398843930635,87,33,25,1585
soe,7,Persistence,and,D1,transfer,0.1176470588235294,0.92,0.05,1.4705882352941178,0.0098265895953757,2,23,15,1690
soe,7,Persistence,and,D2,transfer,,,,,0.0,0,0,0,1730
soe,7,Persistence,and,D3,transfer,,,,,0.0,0,0,0,1730
soe,7,Climatology,or,D0,transfer,0.0,,0.0,0.0,0.1693641618497109,0,0,293,1437
soe,7,Climatology,or,D1,transfer,0.0,,0.0,0.0,0.0907514450867052,0,0,157,1573
soe,7,Climatology,or,D2,transfer,0.0,,0.0,0.0,0.0369942196531791,0,0,64,1666
soe,7,Climatology,or,D3,transfer,0.0,,0.0,0.0,0.0052023121387283,0,0,9,1721
soe,7,Climatology,and,D0,transfer,0.0,,0.0,0.0,0.0647398843930635,0,0,112,1618
soe,7,Climatology,and,D1,transfer,0.0,,0.0,0.0,0.0098265895953757,0,0,17,1713
soe,7,Climatology,and,D2,transfer,,,,,0.0,0,0,0,1730
soe,7,Climatology,and,D3,transfer,,,,,0.0,0,0,0,1730
sumba,1,TCN,or,D0,transfer,0.8197530864197531,0.4175438596491228,0.5163297045101088,1.4074074074074074,0.233294930875576,332,238,73,1093
sumba,1,TCN,or,D1,transfer,0.7032967032967034,0.4336283185840708,0.4571428571428571,1.2417582417582418,0.157258064516129,192,147,81,1316
sumba,1,TCN,or,D2,transfer,0.8205128205128205,0.3904761904761905,0.5378151260504201,1.3461538461538465,0.0898617511520737,128,82,28,1498
sumba,1,TCN,or,D3,transfer,0.9107142857142856,0.6194029850746269,0.3669064748201439,2.392857142857143,0.032258064516129,51,83,5,1597
sumba,1,TCN,and,D0,transfer,0.777027027027027,0.3947368421052631,0.515695067264574,1.2837837837837838,0.0852534562211981,115,75,33,1513
sumba,1,TCN,and,D1,transfer,0.8591549295774648,0.351063829787234,0.5865384615384616,1.323943661971831,0.0408986175115207,61,33,10,1632
sumba,1,TCN,and,D2,transfer,0.9130434782608696,0.0454545454545454,0.875,0.9565217391304348,0.0132488479262672,21,1,2,1712
sumba,1,TCN,and,D3,transfer,0.0,,0.0,0.0,0.01036866359447,0,0,18,1718
sumba,1,RandomForest,or,D0,transfer,0.5950617283950618,0.065891472868217,0.5710900473933649,0.6370370370370371,0.233294930875576,241,17,164,1314
sumba,1,RandomForest,or,D1,transfer,0.4322344322344322,0.056,0.4214285714285714,0.4578754578754578,0.157258064516129,118,7,155,1456
sumba,1,RandomForest,or,D2,transfer,0.4423076923076923,0.0416666666666666,0.4339622641509434,0.4615384615384615,0.0898617511520737,69,3,87,1577
sumba,1,RandomForest,or,D3,transfer,0.6964285714285714,0.2040816326530612,0.5909090909090909,0.875,0.032258064516129,39,10,17,1670
sumba,1,RandomForest,and,D0,transfer,0.5675675675675675,0.134020618556701,0.5217391304347826,0.6554054054054054,0.0852534562211981,84,13,64,1575
sumba,1,RandomForest,and,D1,transfer,0.3661971830985915,0.037037037037037,0.3611111111111111,0.380281690140845,0.0408986175115207,26,1,45,1664
sumba,1,RandomForest,and,D2,transfer,0.0,,0.0,0.0,0.0132488479262672,0,0,23,1713
sumba,1,RandomForest,and,D3,transfer,0.0,,0.0,0.0,0.01036866359447,0,0,18,1718
sumba,1,Persistence,or,D0,transfer,0.945679012345679,0.0589680589680589,0.8927738927738927,1.0049382716049382,0.233294930875576,383,24,22,1307
sumba,1,Persistence,or,D1,transfer,0.9487179487179488,0.0547445255474452,0.8993055555555556,1.0036630036630036,0.157258064516129,259,15,14,1448
sumba,1,Persistence,or,D2,transfer,0.9743589743589745,0.0379746835443038,0.9382716049382716,1.0128205128205128,0.0898617511520737,152,6,4,1574
sumba,1,Persistence,or,D3,transfer,0.9107142857142856,0.135593220338983,0.796875,1.0535714285714286,0.032258064516129,51,8,5,1672
sumba,1,Persistence,and,D0,transfer,0.9391891891891893,0.0608108108108108,0.8853503184713376,1.0,0.0852534562211981,139,9,9,1579
sumba,1,Persistence,and,D1,transfer,0.9577464788732394,0.0555555555555555,0.9066666666666666,1.0140845070422535,0.0408986175115207,68,4,3,1661
sumba,1,Persistence,and,D2,transfer,0.9565217391304348,0.0434782608695652,0.9166666666666666,1.0,0.0132488479262672,22,1,1,1712
sumba,1,Persistence,and,D3,transfer,0.9444444444444444,0.0555555555555555,0.8947368421052632,1.0,0.01036866359447,17,1,1,1717
sumba,1,Climatology,or,D0,transfer,0.0518518518518518,0.475,0.0495283018867924,0.0987654320987654,0.233294930875576,21,19,384,1312
sumba,1,Climatology,or,D1,transfer,0.0,,0.0,0.0,0.157258064516129,0,0,273,1463
sumba,1,Climatology,or,D2,transfer,0.0,,0.0,0.0,0.0898617511520737,0,0,156,1580
sumba,1,Climatology,or,D3,transfer,0.0,,0.0,0.0,0.032258064516129,0,0,56,1680
sumba,1,Climatology,and,D0,transfer,0.0,,0.0,0.0,0.0852534562211981,0,0,148,1588
sumba,1,Climatology,and,D1,transfer,0.0,,0.0,0.0,0.0408986175115207,0,0,71,1665
sumba,1,Climatology,and,D2,transfer,0.0,,0.0,0.0,0.0132488479262672,0,0,23,1713
sumba,1,Climatology,and,D3,transfer,0.0,,0.0,0.0,0.01036866359447,0,0,18,1718
sumba,14,TCN,or,D0,transfer,0.4592592592592592,0.4464285714285714,0.3351351351351351,0.8296296296296296,0.2350551363900174,186,150,219,1168
sumba,14,TCN,or,D1,transfer,0.3736263736263736,0.5142857142857142,0.2677165354330709,0.7692307692307693,0.1584445734184562,102,108,171,1342
sumba,14,TCN,or,D2,transfer,0.3269230769230769,0.6106870229007634,0.2161016949152542,0.8397435897435898,0.0905397562391178,51,80,105,1487
sumba,14,TCN,or,D3,transfer,0.0892857142857142,0.9473684210526316,0.0342465753424657,1.6964285714285714,0.032501450957632,5,90,51,1577
sumba,14,TCN,and,D0,transfer,0.304054054054054,0.1666666666666666,0.286624203821656,0.3648648648648648,0.0858966918165989,45,9,103,1566
sumba,14,TCN,and,D1,transfer,0.1549295774647887,0.3125,0.1447368421052631,0.2253521126760563,0.0412071967498549,11,5,60,1647
sumba,14,TCN,and,D2,transfer,0.0,,0.0,0.0,0.0133488102147417,0,0,23,1700
sumba,14,TCN,and,D3,transfer,0.0,,0.0,0.0,0.0104468949506674,0,0,18,1705
sumba,14,RandomForest,or,D0,transfer,0.4444444444444444,0.1666666666666666,0.4081632653061224,0.5333333333333333,0.2350551363900174,180,36,225,1282
sumba,14,RandomForest,or,D1,transfer,0.2234432234432234,0.1866666666666666,0.2125435540069686,0.2747252747252747,0.1584445734184562,61,14,212,1436
sumba,14,RandomForest,or,D2,transfer,0.0897435897435897,0.0666666666666666,0.0891719745222929,0.0961538461538461,0.0905397562391178,14,1,142,1566
sumba,14,RandomForest,or,D3,transfer,0.0,,0.0,0.0,0.032501450957632,0,0,56,1667
sumba,14,RandomForest,and,D0,transfer,0.1081081081081081,0.3846153846153846,0.1012658227848101,0.1756756756756756,0.0858966918165989,16,10,132,1565
sumba,14,RandomForest,and,D1,transfer,0.0,,0.0,0.0,0.0412071967498549,0,0,71,1652
sumba,14,RandomForest,and,D2,transfer,0.0,,0.0,0.0,0.0133488102147417,0,0,23,1700
sumba,14,RandomForest,and,D3,transfer,0.0,,0.0,0.0,0.0104468949506674,0,0,18,1705
sumba,14,Persistence,or,D0,transfer,0.7160493827160493,0.3598233995584989,0.5105633802816901,1.1185185185185185,0.2350551363900174,290,163,115,1155
sumba,14,Persistence,or,D1,transfer,0.7435897435897436,0.3387622149837133,0.5384615384615384,1.1245421245421243,0.1584445734184562,203,104,70,1346
sumba,14,Persistence,or,D2,transfer,0.7948717948717948,0.3072625698324022,0.5876777251184834,1.1474358974358974,0.0905397562391178,124,55,32,1512
sumba,14,Persistence,or,D3,transfer,0.75,0.5172413793103449,0.4158415841584158,1.5535714285714286,0.032501450957632,42,45,14,1622
sumba,14,Persistence,and,D0,transfer,0.722972972972973,0.33125,0.5323383084577115,1.0810810810810811,0.0858966918165989,107,53,41,1522
sumba,14,Persistence,and,D1,transfer,0.6901408450704225,0.5,0.4083333333333333,1.380281690140845,0.0412071967498549,49,49,22,1603
sumba,14,Persistence,and,D2,transfer,0.391304347826087,0.6086956521739131,0.2432432432432432,1.0,0.0133488102147417,9,14,14,1686
sumba,14,Persistence,and,D3,transfer,0.2222222222222222,0.7777777777777778,0.125,1.0,0.0104468949506674,4,14,14,1691
sumba,14,Climatology,or,D0,transfer,0.0518518518518518,0.475,0.0495283018867924,0.0987654320987654,0.2350551363900174,21,19,384,1299
sumba,14,Climatology,or,D1,transfer,0.0,,0.0,0.0,0.1584445734184562,0,0,273,1450
sumba,14,Climatology,or,D2,transfer,0.0,,0.0,0.0,0.0905397562391178,0,0,156,1567
sumba,14,Climatology,or,D3,transfer,0.0,,0.0,0.0,0.032501450957632,0,0,56,1667
sumba,14,Climatology,and,D0,transfer,0.0,,0.0,0.0,0.0858966918165989,0,0,148,1575
sumba,14,Climatology,and,D1,transfer,0.0,,0.0,0.0,0.0412071967498549,0,0,71,1652
sumba,14,Climatology,and,D2,transfer,0.0,,0.0,0.0,0.0133488102147417,0,0,23,1700
sumba,14,Climatology,and,D3,transfer,0.0,,0.0,0.0,0.0104468949506674,0,0,18,1705
sumba,30,TCN,or,D0,transfer,0.3950617283950617,0.6,0.2480620155038759,0.9876543209876544,0.2372583479789103,160,240,245,1062
sumba,30,TCN,or,D1,transfer,0.1794871794871795,0.7407407407407407,0.1186440677966101,0.6923076923076923,0.1599297012302284,49,140,224,1294
sumba,30,TCN,or,D2,transfer,0.1346153846153846,0.7666666666666667,0.0933333333333333,0.5769230769230769,0.0913884007029877,21,69,135,1482
sumba,30,TCN,or,D3,transfer,0.0178571428571428,0.9836065573770492,0.0086206896551724,1.0892857142857142,0.0328060925600468,1,60,55,1591
sumba,30,TCN,and,D0,transfer,0.1486486486486486,0.4054054054054054,0.1349693251533742,0.25,0.0867018160515524,22,15,126,1544
sumba,30,TCN,and,D1,transfer,0.0422535211267605,0.25,0.0416666666666666,0.056338028169014,0.0415934387814879,3,1,68,1635
sumba,30,TCN,and,D2,transfer,0.0,,0.0,0.0,0.0134739308728763,0,0,23,1684
sumba,30,TCN,and,D3,transfer,0.0,,0.0,0.0,0.0105448154657293,0,0,18,1689
sumba,30,RandomForest,or,D0,transfer,0.2222222222222222,0.3918918918918919,0.1943844492440604,0.3654320987654321,0.2372583479789103,90,58,315,1244
sumba,30,RandomForest,or,D1,transfer,0.1208791208791208,0.3529411764705882,0.1134020618556701,0.1868131868131868,0.1599297012302284,33,18,240,1416
sumba,30,RandomForest,or,D2,transfer,0.0128205128205128,0.0,0.0128205128205128,0.0128205128205128,0.0913884007029877,2,0,154,1551
sumba,30,RandomForest,or,D3,transfer,0.0,,0.0,0.0,0.0328060925600468,0,0,56,1651
sumba,30,RandomForest,and,D0,transfer,0.0,,0.0,0.0,0.0867018160515524,0,0,148,1559
sumba,30,RandomForest,and,D1,transfer,0.0,,0.0,0.0,0.0415934387814879,0,0,71,1636
sumba,30,RandomForest,and,D2,transfer,0.0,,0.0,0.0,0.0134739308728763,0,0,23,1684
sumba,30,RandomForest,and,D3,transfer,0.0,,0.0,0.0,0.0105448154657293,0,0,18,1689
sumba,30,Persistence,or,D0,transfer,0.5604938271604938,0.5857664233576643,0.3126721763085399,1.3530864197530863,0.2372583479789103,227,321,178,981
sumba,30,Persistence,or,D1,transfer,0.6117216117216118,0.5461956521739131,0.3523206751054852,1.347985347985348,0.1599297012302284,167,201,106,1233
sumba,30,Persistence,or,D2,transfer,0.717948717948718,0.5213675213675214,0.4028776978417266,1.5,0.0913884007029877,112,122,44,1429
sumba,30,Persistence,or,D3,transfer,0.8035714285714286,0.6917808219178082,0.286624203821656,2.607142857142857,0.0328060925600468,45,101,11,1550
sumba,30,Persistence,and,D0,transfer,0.668918918918919,0.4375,0.44,1.1891891891891893,0.0867018160515524,99,77,49,1482
sumba,30,Persistence,and,D1,transfer,0.6901408450704225,0.6287878787878788,0.3181818181818182,1.8591549295774648,0.0415934387814879,49,83,22,1553
sumba,30,Persistence,and,D2,transfer,0.0,1.0,0.0,1.7826086956521738,0.0134739308728763,0,41,23,1643
sumba,30,Persistence,and,D3,transfer,0.0,1.0,0.0,1.2222222222222223,0.0105448154657293,0,22,18,1667
sumba,30,Climatology,or,D0,transfer,0.0518518518518518,0.475,0.0495283018867924,0.0987654320987654,0.2372583479789103,21,19,384,1283
sumba,30,Climatology,or,D1,transfer,0.0,,0.0,0.0,0.1599297012302284,0,0,273,1434
sumba,30,Climatology,or,D2,transfer,0.0,,0.0,0.0,0.0913884007029877,0,0,156,1551
sumba,30,Climatology,or,D3,transfer,0.0,,0.0,0.0,0.0328060925600468,0,0,56,1651
sumba,30,Climatology,and,D0,transfer,0.0,,0.0,0.0,0.0867018160515524,0,0,148,1559
sumba,30,Climatology,and,D1,transfer,0.0,,0.0,0.0,0.0415934387814879,0,0,71,1636
sumba,30,Climatology,and,D2,transfer,0.0,,0.0,0.0,0.0134739308728763,0,0,23,1684
sumba,30,Climatology,and,D3,transfer,0.0,,0.0,0.0,0.0105448154657293,0,0,18,1689
sumba,7,TCN,or,D0,transfer,0.6592592592592592,0.3627684964200477,0.4793536804308797,1.034567901234568,0.2341040462427745,267,152,138,1173
sumba,7,TCN,or,D1,transfer,0.4322344322344322,0.4380952380952381,0.3232876712328767,0.7692307692307693,0.1578034682080925,118,92,155,1365
sumba,7,TCN,or,D2,transfer,0.4358974358974359,0.3873873873873873,0.3417085427135678,0.7115384615384616,0.0901734104046242,68,43,88,1531
sumba,7,TCN,or,D3,transfer,0.25,0.6956521739130435,0.1590909090909091,0.8214285714285714,0.0323699421965317,14,32,42,1642
sumba,7,TCN,and,D0,transfer,0.5472972972972973,0.2894736842105263,0.4475138121546961,0.7702702702702703,0.0855491329479768,81,33,67,1549
sumba,7,TCN,and,D1,transfer,0.4507042253521127,0.2,0.4050632911392405,0.5633802816901409,0.0410404624277456,32,8,39,1651
sumba,7,TCN,and,D2,transfer,0.0434782608695652,0.0,0.0434782608695652,0.0434782608695652,0.0132947976878612,1,0,22,1707
sumba,7,TCN,and,D3,transfer,0.0,,0.0,0.0,0.0104046242774566,0,0,18,1712
sumba,7,RandomForest,or,D0,transfer,0.5382716049382716,0.1314741035856573,0.4977168949771689,0.6197530864197531,0.2341040462427745,218,33,187,1292
sumba,7,RandomForest,or,D1,transfer,0.3186813186813186,0.1386138613861386,0.3031358885017421,0.36996336996337,0.1578034682080925,87,14,186,1443
sumba,7,RandomForest,or,D2,transfer,0.3461538461538461,0.1147540983606557,0.3312883435582822,0.391025641025641,0.0901734104046242,54,7,102,1567
sumba,7,RandomForest,or,D3,transfer,0.0714285714285714,0.6,0.064516129032258,0.1785714285714285,0.0323699421965317,4,6,52,1668
sumba,7,RandomForest,and,D0,transfer,0.3581081081081081,0.2837837837837837,0.3136094674556213,0.5,0.0855491329479768,53,21,95,1561
sumba,7,RandomForest,and,D1,transfer,0.0704225352112676,0.375,0.0675675675675675,0.1126760563380281,0.0410404624277456,5,3,66,1656
sumba,7,RandomForest,and,D2,transfer,0.0,,0.0,0.0,0.0132947976878612,0,0,23,1707
sumba,7,RandomForest,and,D3,transfer,0.0,,0.0,0.0,0.0104046242774566,0,0,18,1712
sumba,7,Persistence,or,D0,transfer,0.8148148148148148,0.2067307692307692,0.6720977596741344,1.0271604938271606,0.2341040462427745,330,86,75,1239
sumba,7,Persistence,or,D1,transfer,0.8095238095238095,0.2163120567375886,0.6616766467065869,1.032967032967033,0.1578034682080925,221,61,52,1396
sumba,7,Persistence,or,D2,transfer,0.9102564102564102,0.144578313253012,0.7888888888888889,1.064102564102564,0.0901734104046242,142,24,14,1550
sumba,7,Persistence,or,D3,transfer,0.6785714285714286,0.4647887323943662,0.4269662921348314,1.2678571428571428,0.0323699421965317,38,33,18,1641
sumba,7,Persistence,and,D0,transfer,0.75,0.2792207792207792,0.581151832460733,1.0405405405405406,0.0855491329479768,111,43,37,1539
sumba,7,Persistence,and,D1,transfer,0.7887323943661971,0.3170731707317073,0.5773195876288659,1.1549295774647887,0.0410404624277456,56,26,15,1633
sumba,7,Persistence,and,D2,transfer,0.6956521739130435,0.3043478260869565,0.5333333333333333,1.0,0.0132947976878612,16,7,7,1700
sumba,7,Persistence,and,D3,transfer,0.6111111111111112,0.3888888888888889,0.44,1.0,0.0104046242774566,11,7,7,1705
sumba,7,Climatology,or,D0,transfer,0.0518518518518518,0.475,0.0495283018867924,0.0987654320987654,0.2341040462427745,21,19,384,1306
sumba,7,Climatology,or,D1,transfer,0.0,,0.0,0.0,0.1578034682080925,0,0,273,1457
sumba,7,Climatology,or,D2,transfer,0.0,,0.0,0.0,0.0901734104046242,0,0,156,1574
sumba,7,Climatology,or,D3,transfer,0.0,,0.0,0.0,0.0323699421965317,0,0,56,1674
sumba,7,Climatology,and,D0,transfer,0.0,,0.0,0.0,0.0855491329479768,0,0,148,1582
sumba,7,Climatology,and,D1,transfer,0.0,,0.0,0.0,0.0410404624277456,0,0,71,1659
sumba,7,Climatology,and,D2,transfer,0.0,,0.0,0.0,0.0132947976878612,0,0,23,1707
sumba,7,Climatology,and,D3,transfer,0.0,,0.0,0.0,0.0104046242774566,0,0,18,1712
sumbawaB,1,TCN,or,D0,transfer,0.869198312236287,0.0699774266365688,0.8158415841584158,0.9345991561181436,0.2730414746543779,412,31,62,1231
sumbawaB,1,TCN,or,D1,transfer,0.8662207357859532,0.1829652996845426,0.7254901960784313,1.060200668896321,0.1722350230414746,259,58,40,1379
sumbawaB,1,TCN,or,D2,transfer,0.6982758620689655,0.4807692307692308,0.4240837696335078,1.3448275862068966,0.0668202764976958,81,75,35,1545
sumbawaB,1,TCN,or,D3,transfer,0.2444444444444444,0.8035714285714286,0.1222222222222222,1.2444444444444445,0.0259216589861751,11,45,34,1646
sumbawaB,1,TCN,and,D0,transfer,0.856,0.218978102189781,0.6903225806451613,1.096,0.0720046082949308,107,30,18,1581
sumbawaB,1,TCN,and,D1,transfer,0.6716417910447762,0.3076923076923077,0.5172413793103449,0.9701492537313432,0.0385944700460829,45,20,22,1649
sumbawaB,1,TCN,and,D2,transfer,0.8333333333333334,0.0909090909090909,0.7692307692307693,0.9166666666666666,0.0069124423963133,10,1,2,1723
sumbawaB,1,TCN,and,D3,transfer,,,,,0.0,0,0,0,1736
sumbawaB,1,RandomForest,or,D0,transfer,0.6350210970464135,0.0474683544303797,0.6155419222903885,0.6666666666666666,0.2730414746543779,301,15,173,1247
sumbawaB,1,RandomForest,or,D1,transfer,0.5250836120401338,0.0654761904761904,0.5064516129032258,0.5618729096989966,0.1722350230414746,157,11,142,1426
sumbawaB,1,RandomForest,or,D2,transfer,0.2327586206896551,0.3076923076923077,0.2109375,0.3362068965517241,0.0668202764976958,27,12,89,1608
sumbawaB,1,RandomForest,or,D3,transfer,0.0888888888888888,0.5555555555555556,0.08,0.2,0.0259216589861751,4,5,41,1686
sumbawaB,1,RandomForest,and,D0,transfer,0.392,0.0,0.392,0.392,0.0720046082949308,49,0,76,1611
sumbawaB,1,RandomForest,and,D1,transfer,0.3283582089552239,0.0,0.3283582089552239,0.3283582089552239,0.0385944700460829,22,0,45,1669
sumbawaB,1,RandomForest,and,D2,transfer,0.0,,0.0,0.0,0.0069124423963133,0,0,12,1724
sumbawaB,1,RandomForest,and,D3,transfer,,,,,0.0,0,0,0,1736
sumbawaB,1,Persistence,or,D0,transfer,0.9430379746835444,0.0529661016949152,0.8957915831663327,0.9957805907172996,0.2730414746543779,447,25,27,1237
sumbawaB,1,Persistence,or,D1,transfer,0.9297658862876256,0.0511945392491467,0.8853503184713376,0.979933110367893,0.1722350230414746,278,15,21,1422
sumbawaB,1,Persistence,or,D2,transfer,0.913793103448276,0.0862068965517241,0.8412698412698413,1.0,0.0668202764976958,106,10,10,1610
sumbawaB,1,Persistence,or,D3,transfer,0.9111111111111112,0.1276595744680851,0.803921568627451,1.0444444444444445,0.0259216589861751,41,6,4,1685
sumbawaB,1,Persistence,and,D0,transfer,0.976,0.0317460317460317,0.9457364341085271,1.008,0.0720046082949308,122,4,3,1607
sumbawaB,1,Persistence,and,D1,transfer,0.9552238805970148,0.0588235294117647,0.9014084507042254,1.0149253731343284,0.0385944700460829,64,4,3,1665
sumbawaB,1,Persistence,and,D2,transfer,0.8333333333333334,0.2307692307692307,0.6666666666666666,1.0833333333333333,0.0069124423963133,10,3,2,1721
sumbawaB,1,Persistence,and,D3,transfer,,,,,0.0,0,0,0,1736
sumbawaB,1,Climatology,or,D0,transfer,0.0,,0.0,0.0,0.2730414746543779,0,0,474,1262
sumbawaB,1,Climatology,or,D1,transfer,0.0,,0.0,0.0,0.1722350230414746,0,0,299,1437
sumbawaB,1,Climatology,or,D2,transfer,0.0,,0.0,0.0,0.0668202764976958,0,0,116,1620
sumbawaB,1,Climatology,or,D3,transfer,0.0,,0.0,0.0,0.0259216589861751,0,0,45,1691
sumbawaB,1,Climatology,and,D0,transfer,0.0,,0.0,0.0,0.0720046082949308,0,0,125,1611
sumbawaB,1,Climatology,and,D1,transfer,0.0,,0.0,0.0,0.0385944700460829,0,0,67,1669
sumbawaB,1,Climatology,and,D2,transfer,0.0,,0.0,0.0,0.0069124423963133,0,0,12,1724
sumbawaB,1,Climatology,and,D3,transfer,,,,,0.0,0,0,0,1736
sumbawaB,14,TCN,or,D0,transfer,0.5274261603375527,0.1987179487179487,0.4664179104477612,0.6582278481012658,0.2751015670342426,250,62,224,1187
sumbawaB,14,TCN,or,D1,transfer,0.4280936454849498,0.3005464480874317,0.3615819209039548,0.6120401337792643,0.1735345327916425,128,55,171,1369
sumbawaB,14,TCN,or,D2,transfer,0.1379310344827586,0.7037037037037037,0.1038961038961039,0.4655172413793103,0.0673244341265235,16,38,100,1569
sumbawaB,14,TCN,or,D3,transfer,0.0,1.0,0.0,0.3555555555555555,0.0261172373766686,0,16,45,1662
sumbawaB,14,TCN,and,D0,transfer,0.2,0.375,0.1785714285714285,0.32,0.0725478816018572,25,15,100,1583
sumbawaB,14,TCN,and,D1,transfer,0.1343283582089552,0.1,0.1323529411764706,0.1492537313432835,0.0388856645385954,9,1,58,1655
sumbawaB,14,TCN,and,D2,transfer,0.0,,0.0,0.0,0.0069645966337782,0,0,12,1711
sumbawaB,14,TCN,and,D3,transfer,,,,,0.0,0,0,0,1723
sumbawaB,14,RandomForest,or,D0,transfer,0.2383966244725738,0.1870503597122302,0.226,0.2932489451476793,0.2751015670342426,113,26,361,1223
sumbawaB,14,RandomForest,or,D1,transfer,0.060200668896321,0.4193548387096774,0.0576923076923076,0.1036789297658862,0.1735345327916425,18,13,281,1411
sumbawaB,14,RandomForest,or,D2,transfer,0.0086206896551724,0.6666666666666666,0.0084745762711864,0.0258620689655172,0.0673244341265235,1,2,115,1605
sumbawaB,14,RandomForest,or,D3,transfer,0.0,,0.0,0.0,0.0261172373766686,0,0,45,1678
sumbawaB,14,RandomForest,and,D0,transfer,0.0,,0.0,0.0,0.0725478816018572,0,0,125,1598
sumbawaB,14,RandomForest,and,D1,transfer,0.0,,0.0,0.0,0.0388856645385954,0,0,67,1656
sumbawaB,14,RandomForest,and,D2,transfer,0.0,,0.0,0.0,0.0069645966337782,0,0,12,1711
sumbawaB,14,RandomForest,and,D3,transfer,,,,,0.0,0,0,0,1723
sumbawaB,14,Persistence,or,D0,transfer,0.5822784810126582,0.3082706766917293,0.4623115577889447,0.8417721518987342,0.2751015670342426,276,123,198,1126
sumbawaB,14,Persistence,or,D1,transfer,0.4347826086956521,0.4715447154471545,0.3132530120481928,0.822742474916388,0.1735345327916425,130,116,169,1308
sumbawaB,14,Persistence,or,D2,transfer,0.4741379310344827,0.5736434108527132,0.2894736842105263,1.112068965517241,0.0673244341265235,55,74,61,1533
sumbawaB,14,Persistence,or,D3,transfer,0.2444444444444444,0.8405797101449275,0.1067961165048543,1.5333333333333334,0.0261172373766686,11,58,34,1620
sumbawaB,14,Persistence,and,D0,transfer,0.6,0.4186046511627907,0.4189944134078212,1.032,0.0725478816018572,75,54,50,1544
sumbawaB,14,Persistence,and,D1,transfer,0.5522388059701493,0.5131578947368421,0.3490566037735849,1.1343283582089552,0.0388856645385954,37,39,30,1617
sumbawaB,14,Persistence,and,D2,transfer,0.3333333333333333,0.7777777777777778,0.1538461538461538,1.5,0.0069645966337782,4,14,8,1697
sumbawaB,14,Persistence,and,D3,transfer,,1.0,0.0,,0.0,0,3,0,1720
sumbawaB,14,Climatology,or,D0,transfer,0.0,,0.0,0.0,0.2751015670342426,0,0,474,1249
sumbawaB,14,Climatology,or,D1,transfer,0.0,,0.0,0.0,0.1735345327916425,0,0,299,1424
sumbawaB,14,Climatology,or,D2,transfer,0.0,,0.0,0.0,0.0673244341265235,0,0,116,1607
sumbawaB,14,Climatology,or,D3,transfer,0.0,,0.0,0.0,0.0261172373766686,0,0,45,1678
sumbawaB,14,Climatology,and,D0,transfer,0.0,,0.0,0.0,0.0725478816018572,0,0,125,1598
sumbawaB,14,Climatology,and,D1,transfer,0.0,,0.0,0.0,0.0388856645385954,0,0,67,1656
sumbawaB,14,Climatology,and,D2,transfer,0.0,,0.0,0.0,0.0069645966337782,0,0,12,1711
sumbawaB,14,Climatology,and,D3,transfer,,,,,0.0,0,0,0,1723
sumbawaB,30,TCN,or,D0,transfer,0.2468354430379747,0.26875,0.2263056092843327,0.3375527426160337,0.2776801405975395,117,43,357,1190
sumbawaB,30,TCN,or,D1,transfer,0.1638795986622073,0.2575757575757575,0.1550632911392405,0.2207357859531772,0.1751611013473931,49,17,250,1391
sumbawaB,30,TCN,or,D2,transfer,0.0862068965517241,0.2307692307692307,0.0840336134453781,0.1120689655172413,0.0679554774458113,10,3,106,1588
sumbawaB,30,TCN,or,D3,transfer,0.0,1.0,0.0,0.0666666666666666,0.0263620386643233,0,3,45,1659
sumbawaB,30,TCN,and,D0,transfer,0.0,1.0,0.0,0.104,0.073227885178676,0,13,125,1569
sumbawaB,30,TCN,and,D1,transfer,0.0,1.0,0.0,0.0149253731343283,0.0392501464557703,0,1,67,1639
sumbawaB,30,TCN,and,D2,transfer,0.0,,0.0,0.0,0.0070298769771528,0,0,12,1695
sumbawaB,30,TCN,and,D3,transfer,,,,,0.0,0,0,0,1707
sumbawaB,30,RandomForest,or,D0,transfer,0.0485232067510548,0.08,0.0483193277310924,0.0527426160337552,0.2776801405975395,23,2,451,1231
sumbawaB,30,RandomForest,or,D1,transfer,0.0267558528428093,0.0,0.0267558528428093,0.0267558528428093,0.1751611013473931,8,0,291,1408
sumbawaB,30,RandomForest,or,D2,transfer,0.0,,0.0,0.0,0.0679554774458113,0,0,116,1591
sumbawaB,30,RandomForest,or,D3,transfer,0.0,,0.0,0.0,0.0263620386643233,0,0,45,1662
sumbawaB,30,RandomForest,and,D0,transfer,0.0,,0.0,0.0,0.073227885178676,0,0,125,1582
sumbawaB,30,RandomForest,and,D1,transfer,0.0,,0.0,0.0,0.0392501464557703,0,0,67,1640
sumbawaB,30,RandomForest,and,D2,transfer,0.0,,0.0,0.0,0.0070298769771528,0,0,12,1695
sumbawaB,30,RandomForest,and,D3,transfer,,,,,0.0,0,0,0,1707
sumbawaB,30,Persistence,or,D0,transfer,0.4282700421940928,0.4361111111111111,0.3217115689381933,0.759493670886076,0.2776801405975395,203,157,271,1076
sumbawaB,30,Persistence,or,D1,transfer,0.3946488294314381,0.5547169811320755,0.2645739910313901,0.8862876254180602,0.1751611013473931,118,147,181,1261
sumbawaB,30,Persistence,or,D2,transfer,0.3534482758620689,0.7515151515151515,0.1708333333333333,1.4224137931034482,0.0679554774458113,41,124,75,1467
sumbawaB,30,Persistence,or,D3,transfer,0.0,1.0,0.0,2.555555555555556,0.0263620386643233,0,115,45,1547
sumbawaB,30,Persistence,and,D0,transfer,0.432,0.5537190082644629,0.28125,0.968,0.073227885178676,54,67,71,1515
sumbawaB,30,Persistence,and,D1,transfer,0.3283582089552239,0.7441860465116279,0.1679389312977099,1.2835820895522387,0.0392501464557703,22,64,45,1576
sumbawaB,30,Persistence,and,D2,transfer,0.0,1.0,0.0,3.5,0.0070298769771528,0,42,12,1653
sumbawaB,30,Persistence,and,D3,transfer,,1.0,0.0,,0.0,0,21,0,1686
sumbawaB,30,Climatology,or,D0,transfer,0.0,,0.0,0.0,0.2776801405975395,0,0,474,1233
sumbawaB,30,Climatology,or,D1,transfer,0.0,,0.0,0.0,0.1751611013473931,0,0,299,1408
sumbawaB,30,Climatology,or,D2,transfer,0.0,,0.0,0.0,0.0679554774458113,0,0,116,1591
sumbawaB,30,Climatology,or,D3,transfer,0.0,,0.0,0.0,0.0263620386643233,0,0,45,1662
sumbawaB,30,Climatology,and,D0,transfer,0.0,,0.0,0.0,0.073227885178676,0,0,125,1582
sumbawaB,30,Climatology,and,D1,transfer,0.0,,0.0,0.0,0.0392501464557703,0,0,67,1640
sumbawaB,30,Climatology,and,D2,transfer,0.0,,0.0,0.0,0.0070298769771528,0,0,12,1695
sumbawaB,30,Climatology,and,D3,transfer,,,,,0.0,0,0,0,1707
sumbawaB,7,TCN,or,D0,transfer,0.630801687763713,0.0993975903614457,0.5897435897435898,0.70042194092827,0.2739884393063583,299,33,175,1223
sumbawaB,7,TCN,or,D1,transfer,0.4280936454849498,0.1847133757961783,0.3902439024390244,0.5250836120401338,0.1728323699421965,128,29,171,1402
sumbawaB,7,TCN,or,D2,transfer,0.1896551724137931,0.3333333333333333,0.1732283464566929,0.2844827586206896,0.0670520231213872,22,11,94,1603
sumbawaB,7,TCN,or,D3,transfer,0.0,,0.0,0.0,0.0260115606936416,0,0,45,1685
sumbawaB,7,TCN,and,D0,transfer,0.528,0.1538461538461538,0.4817518248175182,0.624,0.0722543352601156,66,12,59,1593
sumbawaB,7,TCN,and,D1,transfer,0.3432835820895522,0.1153846153846153,0.3285714285714285,0.3880597014925373,0.0387283236994219,23,3,44,1660
sumbawaB,7,TCN,and,D2,transfer,0.0,,0.0,0.0,0.006936416184971,0,0,12,1718
sumbawaB,7,TCN,and,D3,transfer,,,,,0.0,0,0,0,1730
sumbawaB,7,RandomForest,or,D0,transfer,0.4514767932489451,0.1229508196721311,0.4246031746031746,0.5147679324894515,0.2739884393063583,214,30,260,1226
sumbawaB,7,RandomForest,or,D1,transfer,0.2274247491638795,0.2,0.2151898734177215,0.2842809364548495,0.1728323699421965,68,17,231,1414
sumbawaB,7,RandomForest,or,D2,transfer,0.043103448275862,0.2857142857142857,0.0423728813559322,0.0603448275862069,0.0670520231213872,5,2,111,1612
sumbawaB,7,RandomForest,or,D3,transfer,0.0,1.0,0.0,0.0222222222222222,0.0260115606936416,0,1,45,1684
sumbawaB,7,RandomForest,and,D0,transfer,0.248,0.0,0.248,0.248,0.0722543352601156,31,0,94,1605
sumbawaB,7,RandomForest,and,D1,transfer,0.0,,0.0,0.0,0.0387283236994219,0,0,67,1663
sumbawaB,7,RandomForest,and,D2,transfer,0.0,,0.0,0.0,0.006936416184971,0,0,12,1718
sumbawaB,7,RandomForest,and,D3,transfer,,,,,0.0,0,0,0,1730
sumbawaB,7,Persistence,or,D0,transfer,0.740506329113924,0.2094594594594594,0.6190476190476191,0.9367088607594936,0.2739884393063583,351,93,123,1163
sumbawaB,7,Persistence,or,D1,transfer,0.568561872909699,0.3385214007782101,0.4404145077720207,0.8595317725752508,0.1728323699421965,170,87,129,1344
sumbawaB,7,Persistence,or,D2,transfer,0.5948275862068966,0.4297520661157025,0.4107142857142857,1.043103448275862,0.0670520231213872,69,52,47,1562
sumbawaB,7,Persistence,or,D3,transfer,0.4444444444444444,0.6153846153846154,0.2597402597402597,1.1555555555555554,0.0260115606936416,20,32,25,1653
sumbawaB,7,Persistence,and,D0,transfer,0.824,0.2313432835820895,0.6602564102564102,1.072,0.0722543352601156,103,31,22,1574
sumbawaB,7,Persistence,and,D1,transfer,0.7014925373134329,0.3472222222222222,0.5108695652173914,1.0746268656716418,0.0387283236994219,47,25,20,1638
sumbawaB,7,Persistence,and,D2,transfer,0.1666666666666666,0.8571428571428571,0.0833333333333333,1.1666666666666667,0.006936416184971,2,12,10,1706
sumbawaB,7,Persistence,and,D3,transfer,,,,,0.0,0,0,0,1730
sumbawaB,7,Climatology,or,D0,transfer,0.0,,0.0,0.0,0.2739884393063583,0,0,474,1256
sumbawaB,7,Climatology,or,D1,transfer,0.0,,0.0,0.0,0.1728323699421965,0,0,299,1431
sumbawaB,7,Climatology,or,D2,transfer,0.0,,0.0,0.0,0.0670520231213872,0,0,116,1614
sumbawaB,7,Climatology,or,D3,transfer,0.0,,0.0,0.0,0.0260115606936416,0,0,45,1685
sumbawaB,7,Climatology,and,D0,transfer,0.0,,0.0,0.0,0.0722543352601156,0,0,125,1605
sumbawaB,7,Climatology,and,D1,transfer,0.0,,0.0,0.0,0.0387283236994219,0,0,67,1663
sumbawaB,7,Climatology,and,D2,transfer,0.0,,0.0,0.0,0.006936416184971,0,0,12,1718
sumbawaB,7,Climatology,and,D3,transfer,,,,,0.0,0,0,0,1730
sumbawaC,1,TCN,or,D0,transfer,0.955607476635514,0.4546666666666666,0.5318595578673602,1.7523364485981308,0.2465437788018433,409,341,19,967
sumbawaC,1,TCN,or,D1,transfer,0.9592592592592591,0.5316455696202531,0.4592198581560284,2.0481481481481483,0.1555299539170506,259,294,11,1172
sumbawaC,1,TCN,or,D2,transfer,1.0,0.6827309236947792,0.3172690763052209,3.151898734177215,0.0455069124423963,79,170,0,1487
sumbawaC,1,TCN,or,D3,transfer,0.6976744186046512,0.7058823529411765,0.2608695652173913,2.372093023255814,0.0247695852534562,30,72,13,1621
sumbawaC,1,TCN,and,D0,transfer,0.8333333333333334,0.5070422535211268,0.4487179487179487,1.6904761904761905,0.0725806451612903,105,108,21,1502
sumbawaC,1,TCN,and,D1,transfer,0.9032258064516128,0.7606837606837606,0.2333333333333333,3.774193548387097,0.0178571428571428,28,89,3,1616
sumbawaC,1,TCN,and,D2,transfer,1.0,0.90625,0.09375,10.666666666666666,0.0017281105990783,3,29,0,1704
sumbawaC,1,TCN,and,D3,transfer,,1.0,0.0,,0.0,0,15,0,1721
sumbawaC,1,RandomForest,or,D0,transfer,0.6495327102803738,0.1366459627329192,0.5889830508474576,0.7523364485981309,0.2465437788018433,278,44,150,1264
sumbawaC,1,RandomForest,or,D1,transfer,0.5555555555555556,0.2346938775510204,0.4746835443037974,0.725925925925926,0.1555299539170506,150,46,120,1420
sumbawaC,1,RandomForest,or,D2,transfer,0.3544303797468354,0.5409836065573771,0.25,0.7721518987341772,0.0455069124423963,28,33,51,1624
sumbawaC,1,RandomForest,or,D3,transfer,0.0,1.0,0.0,0.4186046511627907,0.0247695852534562,0,18,43,1675
sumbawaC,1,RandomForest,and,D0,transfer,0.5555555555555556,0.2929292929292929,0.4516129032258064,0.7857142857142857,0.0725806451612903,70,29,56,1581
sumbawaC,1,RandomForest,and,D1,transfer,0.8387096774193549,0.2571428571428571,0.65,1.1290322580645162,0.0178571428571428,26,9,5,1696
sumbawaC,1,RandomForest,and,D2,transfer,0.0,,0.0,0.0,0.0017281105990783,0,0,3,1733
sumbawaC,1,RandomForest,and,D3,transfer,,,,,0.0,0,0,0,1736
sumbawaC,1,Persistence,or,D0,transfer,0.9439252336448598,0.0494117647058823,0.8997772828507795,0.9929906542056076,0.2465437788018433,404,21,24,1287
sumbawaC,1,Persistence,or,D1,transfer,0.9074074074074074,0.0789473684210526,0.8419243986254296,0.9851851851851852,0.1555299539170506,245,21,25,1445
sumbawaC,1,Persistence,or,D2,transfer,0.9113924050632912,0.1,0.8275862068965517,1.0126582278481011,0.0455069124423963,72,8,7,1649
sumbawaC,1,Persistence,or,D3,transfer,0.9302325581395348,0.0697674418604651,0.8695652173913043,1.0,0.0247695852534562,40,3,3,1690
sumbawaC,1,Persistence,and,D0,transfer,0.9285714285714286,0.0787401574803149,0.8602941176470589,1.007936507936508,0.0725806451612903,117,10,9,1600
sumbawaC,1,Persistence,and,D1,transfer,0.8709677419354839,0.1818181818181818,0.7297297297297297,1.064516129032258,0.0178571428571428,27,6,4,1699
sumbawaC,1,Persistence,and,D2,transfer,0.3333333333333333,0.6666666666666666,0.2,1.0,0.0017281105990783,1,2,2,1731
sumbawaC,1,Persistence,and,D3,transfer,,,,,0.0,0,0,0,1736
sumbawaC,1,Climatology,or,D0,transfer,0.0,,0.0,0.0,0.2465437788018433,0,0,428,1308
sumbawaC,1,Climatology,or,D1,transfer,0.0,,0.0,0.0,0.1555299539170506,0,0,270,1466
sumbawaC,1,Climatology,or,D2,transfer,0.0,,0.0,0.0,0.0455069124423963,0,0,79,1657
sumbawaC,1,Climatology,or,D3,transfer,0.0,,0.0,0.0,0.0247695852534562,0,0,43,1693
sumbawaC,1,Climatology,and,D0,transfer,0.0,,0.0,0.0,0.0725806451612903,0,0,126,1610
sumbawaC,1,Climatology,and,D1,transfer,0.0,,0.0,0.0,0.0178571428571428,0,0,31,1705
sumbawaC,1,Climatology,and,D2,transfer,0.0,,0.0,0.0,0.0017281105990783,0,0,3,1733
sumbawaC,1,Climatology,and,D3,transfer,,,,,0.0,0,0,0,1736
sumbawaC,14,TCN,or,D0,transfer,0.7079439252336449,0.4846938775510204,0.4249649368863955,1.3738317757009346,0.2484039466047591,303,285,125,1010
sumbawaC,14,TCN,or,D1,transfer,0.5074074074074074,0.5580645161290323,0.309255079006772,1.148148148148148,0.1567034242600116,137,173,133,1280
sumbawaC,14,TCN,or,D2,transfer,0.2151898734177215,0.7258064516129032,0.1370967741935483,0.7848101265822784,0.0458502611723737,17,45,62,1599
sumbawaC,14,TCN,or,D3,transfer,0.0,1.0,0.0,0.0930232558139534,0.0249564712710388,0,4,43,1676
sumbawaC,14,TCN,and,D0,transfer,0.365079365079365,0.5,0.2674418604651162,0.7301587301587301,0.073128264654672,46,46,80,1551
sumbawaC,14,TCN,and,D1,transfer,0.1290322580645161,0.8518518518518519,0.074074074074074,0.8709677419354839,0.0179918746372605,4,23,27,1669
sumbawaC,14,TCN,and,D2,transfer,0.0,,0.0,0.0,0.0017411491584445,0,0,3,1720
sumbawaC,14,TCN,and,D3,transfer,,,,,0.0,0,0,0,1723
sumbawaC,14,RandomForest,or,D0,transfer,0.4228971962616822,0.1809954751131221,0.3867521367521367,0.5163551401869159,0.2484039466047591,181,40,247,1255
sumbawaC,14,RandomForest,or,D1,transfer,0.1962962962962963,0.4479166666666667,0.1693290734824281,0.3555555555555555,0.1567034242600116,53,43,217,1410
sumbawaC,14,RandomForest,or,D2,transfer,0.0253164556962025,0.9090909090909092,0.0202020202020202,0.2784810126582278,0.0458502611723737,2,20,77,1624
sumbawaC,14,RandomForest,or,D3,transfer,0.0,1.0,0.0,0.1860465116279069,0.0249564712710388,0,8,43,1672
sumbawaC,14,RandomForest,and,D0,transfer,0.0158730158730158,0.0,0.0158730158730158,0.0158730158730158,0.073128264654672,2,0,124,1597
sumbawaC,14,RandomForest,and,D1,transfer,0.0,,0.0,0.0,0.0179918746372605,0,0,31,1692
sumbawaC,14,RandomForest,and,D2,transfer,0.0,,0.0,0.0,0.0017411491584445,0,0,3,1720
sumbawaC,14,RandomForest,and,D3,transfer,,,,,0.0,0,0,0,1723
sumbawaC,14,Persistence,or,D0,transfer,0.6238317757009346,0.3519417475728155,0.4659685863874345,0.9626168224299064,0.2484039466047591,267,145,161,1150
sumbawaC,14,Persistence,or,D1,transfer,0.5111111111111111,0.4907749077490775,0.3424317617866005,1.0037037037037038,0.1567034242600116,138,133,132,1320
sumbawaC,14,Persistence,or,D2,transfer,0.4177215189873418,0.7053571428571429,0.2088607594936709,1.4177215189873418,0.0458502611723737,33,79,46,1565
sumbawaC,14,Persistence,or,D3,transfer,0.2790697674418604,0.8,0.1318681318681318,1.3953488372093024,0.0249564712710388,12,48,31,1632
sumbawaC,14,Persistence,and,D0,transfer,0.3809523809523809,0.4947368421052631,0.2774566473988439,0.753968253968254,0.073128264654672,48,47,78,1550
sumbawaC,14,Persistence,and,D1,transfer,0.4193548387096774,0.7111111111111111,0.2063492063492063,1.4516129032258065,0.0179918746372605,13,32,18,1660
sumbawaC,14,Persistence,and,D2,transfer,0.0,1.0,0.0,6.0,0.0017411491584445,0,18,3,1702
sumbawaC,14,Persistence,and,D3,transfer,,1.0,0.0,,0.0,0,4,0,1719
sumbawaC,14,Climatology,or,D0,transfer,0.0,,0.0,0.0,0.2484039466047591,0,0,428,1295
sumbawaC,14,Climatology,or,D1,transfer,0.0,,0.0,0.0,0.1567034242600116,0,0,270,1453
sumbawaC,14,Climatology,or,D2,transfer,0.0,,0.0,0.0,0.0458502611723737,0,0,79,1644
sumbawaC,14,Climatology,or,D3,transfer,0.0,,0.0,0.0,0.0249564712710388,0,0,43,1680
sumbawaC,14,Climatology,and,D0,transfer,0.0,,0.0,0.0,0.073128264654672,0,0,126,1597
sumbawaC,14,Climatology,and,D1,transfer,0.0,,0.0,0.0,0.0179918746372605,0,0,31,1692
sumbawaC,14,Climatology,and,D2,transfer,0.0,,0.0,0.0,0.0017411491584445,0,0,3,1720
sumbawaC,14,Climatology,and,D3,transfer,,,,,0.0,0,0,0,1723
sumbawaC,30,TCN,or,D0,transfer,0.4579439252336448,0.3656957928802589,0.3622920517560073,0.7219626168224299,0.2507322788517868,196,113,232,1166
sumbawaC,30,TCN,or,D1,transfer,0.1148148148148148,0.5921052631578947,0.0984126984126984,0.2814814814814815,0.1581722319859402,31,45,239,1392
sumbawaC,30,TCN,or,D2,transfer,0.0632911392405063,0.8076923076923077,0.05,0.3291139240506329,0.0462800234329232,5,21,74,1607
sumbawaC,30,TCN,or,D3,transfer,0.0,1.0,0.0,0.2558139534883721,0.0251903925014645,0,11,43,1653
sumbawaC,30,TCN,and,D0,transfer,0.1904761904761904,0.3142857142857143,0.1751824817518248,0.2777777777777778,0.0738137082601054,24,11,102,1570
sumbawaC,30,TCN,and,D1,transfer,0.0,1.0,0.0,0.064516129032258,0.0181605155243116,0,2,31,1674
sumbawaC,30,TCN,and,D2,transfer,0.0,,0.0,0.0,0.0017574692442882,0,0,3,1704
sumbawaC,30,TCN,and,D3,transfer,,,,,0.0,0,0,0,1707
sumbawaC,30,RandomForest,or,D0,transfer,0.1635514018691588,0.3518518518518518,0.1502145922746781,0.2523364485981308,0.2507322788517868,70,38,358,1241
sumbawaC,30,RandomForest,or,D1,transfer,0.0592592592592592,0.6595744680851063,0.0531561461794019,0.174074074074074,0.1581722319859402,16,31,254,1406
sumbawaC,30,RandomForest,or,D2,transfer,0.0,1.0,0.0,0.1392405063291139,0.0462800234329232,0,11,79,1617
sumbawaC,30,RandomForest,or,D3,transfer,0.0,1.0,0.0,0.0465116279069767,0.0251903925014645,0,2,43,1662
sumbawaC,30,RandomForest,and,D0,transfer,0.0,,0.0,0.0,0.0738137082601054,0,0,126,1581
sumbawaC,30,RandomForest,and,D1,transfer,0.0,,0.0,0.0,0.0181605155243116,0,0,31,1676
sumbawaC,30,RandomForest,and,D2,transfer,0.0,,0.0,0.0,0.0017574692442882,0,0,3,1704
sumbawaC,30,RandomForest,and,D3,transfer,,,,,0.0,0,0,0,1707
sumbawaC,30,Persistence,or,D0,transfer,0.5280373831775701,0.4966592427616926,0.34715821812596,1.0490654205607477,0.2507322788517868,226,223,202,1056
sumbawaC,30,Persistence,or,D1,transfer,0.3962962962962963,0.6603174603174603,0.2238493723849372,1.1666666666666667,0.1581722319859402,107,208,163,1229
sumbawaC,30,Persistence,or,D2,transfer,0.2025316455696202,0.9,0.0717488789237668,2.0253164556962027,0.0462800234329232,16,144,63,1484
sumbawaC,30,Persistence,or,D3,transfer,0.0,1.0,0.0,2.395348837209302,0.0251903925014645,0,103,43,1561
sumbawaC,30,Persistence,and,D0,transfer,0.3015873015873015,0.6513761467889908,0.1928934010152284,0.8650793650793651,0.0738137082601054,38,71,88,1510
sumbawaC,30,Persistence,and,D1,transfer,0.0,1.0,0.0,1.5161290322580645,0.0181605155243116,0,47,31,1629
sumbawaC,30,Persistence,and,D2,transfer,0.0,1.0,0.0,11.666666666666666,0.0017574692442882,0,35,3,1669
sumbawaC,30,Persistence,and,D3,transfer,,1.0,0.0,,0.0,0,25,0,1682
sumbawaC,30,Climatology,or,D0,transfer,0.0,,0.0,0.0,0.2507322788517868,0,0,428,1279
sumbawaC,30,Climatology,or,D1,transfer,0.0,,0.0,0.0,0.1581722319859402,0,0,270,1437
sumbawaC,30,Climatology,or,D2,transfer,0.0,,0.0,0.0,0.0462800234329232,0,0,79,1628
sumbawaC,30,Climatology,or,D3,transfer,0.0,,0.0,0.0,0.0251903925014645,0,0,43,1664
sumbawaC,30,Climatology,and,D0,transfer,0.0,,0.0,0.0,0.0738137082601054,0,0,126,1581
sumbawaC,30,Climatology,and,D1,transfer,0.0,,0.0,0.0,0.0181605155243116,0,0,31,1676
sumbawaC,30,Climatology,and,D2,transfer,0.0,,0.0,0.0,0.0017574692442882,0,0,3,1704
sumbawaC,30,Climatology,and,D3,transfer,,,,,0.0,0,0,0,1707
sumbawaC,7,TCN,or,D0,transfer,0.866822429906542,0.4412650602409638,0.5145631067961165,1.5514018691588785,0.2473988439306358,371,293,57,1009
sumbawaC,7,TCN,or,D1,transfer,0.6518518518518519,0.5281501340482574,0.3768736616702355,1.3814814814814815,0.1560693641618497,176,197,94,1263
sumbawaC,7,TCN,or,D2,transfer,0.5569620253164557,0.6302521008403361,0.2857142857142857,1.5063291139240509,0.045664739884393,44,75,35,1576
sumbawaC,7,TCN,or,D3,transfer,0.1627906976744186,0.5,0.14,0.3255813953488372,0.0248554913294797,7,7,36,1680
sumbawaC,7,TCN,and,D0,transfer,0.4682539682539682,0.2976190476190476,0.390728476821192,0.6666666666666666,0.0728323699421965,59,25,67,1579
sumbawaC,7,TCN,and,D1,transfer,0.1290322580645161,0.7142857142857143,0.0975609756097561,0.4516129032258064,0.0179190751445086,4,10,27,1689
sumbawaC,7,TCN,and,D2,transfer,0.0,,0.0,0.0,0.0017341040462427,0,0,3,1727
sumbawaC,7,TCN,and,D3,transfer,,,,,0.0,0,0,0,1730
sumbawaC,7,RandomForest,or,D0,transfer,0.5070093457943925,0.1933085501858736,0.4520833333333333,0.6285046728971962,0.2473988439306358,217,52,211,1250
sumbawaC,7,RandomForest,or,D1,transfer,0.2925925925925925,0.3828125,0.2476489028213166,0.4740740740740741,0.1560693641618497,79,49,191,1411
sumbawaC,7,RandomForest,or,D2,transfer,0.1012658227848101,0.7241379310344828,0.08,0.3670886075949367,0.045664739884393,8,21,71,1630
sumbawaC,7,RandomForest,or,D3,transfer,0.0,1.0,0.0,0.0232558139534883,0.0248554913294797,0,1,43,1686
sumbawaC,7,RandomForest,and,D0,transfer,0.2301587301587301,0.2162162162162162,0.2164179104477611,0.2936507936507936,0.0728323699421965,29,8,97,1596
sumbawaC,7,RandomForest,and,D1,transfer,0.0,1.0,0.0,0.0967741935483871,0.0179190751445086,0,3,31,1696
sumbawaC,7,RandomForest,and,D2,transfer,0.0,,0.0,0.0,0.0017341040462427,0,0,3,1727
sumbawaC,7,RandomForest,and,D3,transfer,,,,,0.0,0,0,0,1730
sumbawaC,7,Persistence,or,D0,transfer,0.7546728971962616,0.2141119221411192,0.625968992248062,0.9602803738317756,0.2473988439306358,323,88,105,1214
sumbawaC,7,Persistence,or,D1,transfer,0.6518518518518519,0.3125,0.5028571428571429,0.9481481481481482,0.1560693641618497,176,80,94,1380
sumbawaC,7,Persistence,or,D2,transfer,0.6329113924050633,0.4845360824742268,0.3968253968253968,1.2278481012658229,0.045664739884393,50,47,29,1604
sumbawaC,7,Persistence,or,D3,transfer,0.5116279069767442,0.5416666666666666,0.3188405797101449,1.1162790697674418,0.0248554913294797,22,26,21,1661
sumbawaC,7,Persistence,and,D0,transfer,0.5,0.3762376237623762,0.3841463414634146,0.8015873015873016,0.0728323699421965,63,38,63,1566
sumbawaC,7,Persistence,and,D1,transfer,0.6451612903225806,0.4871794871794871,0.4,1.2580645161290325,0.0179190751445086,20,19,11,1680
sumbawaC,7,Persistence,and,D2,transfer,0.0,1.0,0.0,3.333333333333333,0.0017341040462427,0,10,3,1717
sumbawaC,7,Persistence,and,D3,transfer,,,,,0.0,0,0,0,1730
sumbawaC,7,Climatology,or,D0,transfer,0.0,,0.0,0.0,0.2473988439306358,0,0,428,1302
sumbawaC,7,Climatology,or,D1,transfer,0.0,,0.0,0.0,0.1560693641618497,0,0,270,1460
sumbawaC,7,Climatology,or,D2,transfer,0.0,,0.0,0.0,0.045664739884393,0,0,79,1651
sumbawaC,7,Climatology,or,D3,transfer,0.0,,0.0,0.0,0.0248554913294797,0,0,43,1687
sumbawaC,7,Climatology,and,D0,transfer,0.0,,0.0,0.0,0.0728323699421965,0,0,126,1604
sumbawaC,7,Climatology,and,D1,transfer,0.0,,0.0,0.0,0.0179190751445086,0,0,31,1699
sumbawaC,7,Climatology,and,D2,transfer,0.0,,0.0,0.0,0.0017341040462427,0,0,3,1727
sumbawaC,7,Climatology,and,D3,transfer,,,,,0.0,0,0,0,1730
