DATE,PRECTOTCORR,T2M,RH2M,ALLSKY_SFC_SW_DWN,WS2M,GWETROOT
1996-01-01,3.75,25.91,85.37,24.14,2.29,0.67
1996-01-02,11.04,25.69,85.77,19.88,1.64,0.68
1996-01-03,79.44,25.28,88.91,15.37,2.1,0.72
1996-01-04,37.78,24.93,87.59,15.28,2.47,0.81
1996-01-05,15.61,25.81,82.19,18.08,1.34,0.82
1996-01-06,3.54,25.87,79.68,21.51,1.38,0.83
1996-01-07,0.4,26.68,78.06,22.15,1.78,0.82
1996-01-08,0.45,26.91,77.77,23.96,1.5,0.81
1996-01-09,0.28,27.03,80.29,22.85,2.06,0.8
1996-01-10,0.98,27.06,78.05,24.4,2.68,0.79
1996-01-11,2.74,26.43,80.76,23.49,2.12,0.78
1996-01-12,2.87,25.73,83.67,23.96,1.76,0.78
1996-01-13,7.05,26.03,82.26,23.19,1.38,0.78
1996-01-14,4.05,25.99,82.77,21.05,1.76,0.79
1996-01-15,1.4,26.32,82.59,24.05,1.67,0.79
1996-01-16,0.87,26.8,80.36,23.68,0.91,0.78
1996-01-17,3.21,27.3,79.75,17.07,0.92,0.78
1996-01-18,1.5,26.75,81.2,25.08,1.52,0.78
1996-01-19,0.93,26.43,84.04,19.84,1.47,0.78
1996-01-20,17.04,25.74,90.07,14.11,3.09,0.79
1996-01-21,3.51,25.78,86.0,19.08,3.16,0.8
1996-01-22,5.67,26.47,84.31,19.7,2.0,0.8
1996-01-23,11.03,26.11,86.29,19.19,1.99,0.8
1996-01-24,12.57,26.03,78.18,16.61,1.9,0.82
1996-01-25,3.67,25.99,82.73,20.42,2.19,0.82
1996-01-26,6.62,25.94,84.94,21.68,2.72,0.82
1996-01-27,12.16,25.58,89.57,17.88,3.98,0.83
1996-01-28,3.44,25.99,84.4,17.28,3.59,0.84
1996-01-29,5.03,25.81,84.65,13.92,3.14,0.84
1996-01-30,3.18,25.58,85.31,19.77,3.63,0.83
1996-01-31,2.61,25.98,85.14,17.74,2.09,0.83
1996-02-01,13.72,26.03,85.99,16.11,2.29,0.84
1996-02-02,10.61,26.54,81.63,21.83,2.55,0.85
1996-02-03,12.52,25.71,85.92,18.8,3.42,0.86
1996-02-04,2.73,25.39,86.85,15.9,2.72,0.85
1996-02-05,5.41,26.58,80.59,21.59,1.49,0.85
1996-02-06,10.67,26.1,86.0,20.5,2.39,0.85
1996-02-07,24.88,25.5,88.74,18.33,2.72,0.87
1996-02-08,2.33,25.89,89.37,20.42,2.9,0.88
1996-02-09,2.99,25.98,87.06,11.39,3.82,0.87
1996-02-10,3.96,25.4,89.31,16.84,4.22,0.87
1996-02-11,23.83,25.4,88.24,14.97,2.23,0.88
1996-02-12,9.15,25.68,85.47,15.29,2.74,0.9
1996-02-13,2.77,25.76,87.07,19.08,3.02,0.89
1996-02-14,15.04,25.9,89.38,21.37,3.49,0.89
1996-02-15,4.7,26.09,87.67,18.35,2.48,0.9
1996-02-16,24.42,25.59,89.3,13.89,3.52,0.91
1996-02-17,7.23,25.8,86.27,22.91,2.03,0.93
1996-02-18,0.52,26.54,78.24,24.26,0.95,0.92
1996-02-19,3.58,26.74,80.71,20.44,1.43,0.92
1996-02-20,2.71,25.79,87.04,20.19,2.88,0.91
1996-02-21,10.75,26.23,81.47,22.85,1.4,0.91
1996-02-22,3.47,27.32,77.11,22.83,0.85,0.91
1996-02-23,37.55,26.0,87.13,21.65,2.16,0.92
1996-02-24,10.93,25.52,87.07,22.22,2.5,0.95
1996-02-25,3.84,25.61,86.55,19.36,2.7,0.94
1996-02-26,3.03,25.39,86.61,13.73,2.78,0.94
1996-02-27,1.54,25.68,87.02,13.58,3.59,0.93
1996-02-28,3.29,25.79,88.51,18.82,2.95,0.93
1996-02-29,15.9,25.55,88.79,8.31,2.9,0.93
1996-03-01,10.97,25.17,90.39,17.17,2.96,0.94
1996-03-02,3.32,25.59,88.79,20.64,2.98,0.94
1996-03-03,3.2,25.57,86.5,20.37,2.35,0.94
1996-03-04,10.13,26.17,84.6,21.83,2.61,0.94
1996-03-05,2.12,26.39,81.78,25.74,2.55,0.93
1996-03-06,5.22,26.02,85.15,18.71,2.08,0.93
1996-03-07,4.97,26.32,84.02,21.44,2.72,0.93
1996-03-08,15.16,25.91,85.54,20.19,3.24,0.92
1996-03-09,2.97,25.95,84.87,22.31,3.39,0.93
1996-03-10,5.4,25.97,87.45,17.07,3.84,0.92
1996-03-11,3.94,25.8,86.97,18.68,3.22,0.92
1996-03-12,2.46,25.7,88.92,21.28,3.11,0.91
1996-03-13,0.05,26.35,84.14,24.97,1.69,0.91
1996-03-14,0.05,27.47,76.11,22.7,0.82,0.9
1996-03-15,1.54,27.06,80.35,23.32,1.05,0.89
1996-03-16,0.59,27.05,81.94,24.34,1.76,0.88
1996-03-17,0.4,26.83,85.01,25.41,1.74,0.88
1996-03-18,0.69,26.67,87.28,24.1,1.85,0.87
1996-03-19,0.48,26.94,83.7,21.71,1.87,0.86
1996-03-20,0.66,26.8,82.05,21.48,1.63,0.86
1996-03-21,3.23,27.15,80.1,21.14,1.43,0.86
1996-03-22,11.54,26.74,81.85,18.39,1.08,0.86
1996-03-23,9.63,25.64,88.24,17.04,2.54,0.87
1996-03-24,4.04,26.25,82.88,21.32,2.59,0.87
1996-03-25,1.41,26.33,79.68,22.13,2.85,0.86
1996-03-26,2.19,26.96,79.63,24.17,2.52,0.86
1996-03-27,0.09,27.16,79.3,23.12,2.7,0.85
1996-03-28,0.16,27.16,76.16,23.52,2.45,0.84
1996-03-29,0.0,26.98,72.47,23.44,2.45,0.83
1996-03-30,0.0,26.98,73.17,23.27,2.25,0.82
1996-03-31,0.77,27.24,76.0,22.78,2.45,0.81
1996-04-01,0.54,27.59,74.66,23.38,2.35,0.8
1996-04-02,0.35,27.5,78.87,22.16,2.69,0.79
1996-04-03,0.84,27.1,78.6,19.37,1.32,0.78
1996-04-04,5.37,26.88,78.48,17.55,0.68,0.78
1996-04-05,2.78,26.09,82.68,15.77,0.99,0.78
1996-04-06,2.18,26.78,78.39,19.42,1.43,0.78
1996-04-07,0.28,27.15,75.87,22.28,2.43,0.77
1996-04-08,0.78,26.98,80.24,20.46,3.42,0.76
1996-04-09,0.74,26.54,82.29,19.35,4.03,0.75
1996-04-10,4.49,26.27,84.63,14.46,2.28,0.75
1996-04-11,2.28,26.35,81.88,18.98,1.55,0.75
1996-04-12,3.33,26.1,82.54,18.43,1.5,0.75
1996-04-13,8.8,26.16,83.66,16.93,1.7,0.76
1996-04-14,5.8,26.93,80.16,19.07,1.64,0.76
1996-04-15,0.62,27.23,81.06,21.44,1.67,0.76
1996-04-16,1.77,27.2,79.53,19.56,1.33,0.75
1996-04-17,8.25,26.78,85.02,21.33,2.22,0.75
1996-04-18,9.82,26.6,83.46,14.95,1.98,0.77
1996-04-19,3.81,27.16,81.5,21.35,2.08,0.77
1996-04-20,1.19,27.07,79.98,20.08,2.79,0.76
1996-04-21,0.8,26.94,76.47,21.78,3.98,0.75
1996-04-22,0.01,26.44,74.64,21.32,4.04,0.74
1996-04-23,0.0,25.71,72.95,21.17,3.55,0.73
1996-04-24,0.0,25.43,73.2,21.77,3.28,0.72
1996-04-25,0.0,25.62,72.57,20.89,2.86,0.71
1996-04-26,0.0,25.81,75.39,20.76,3.31,0.71
1996-04-27,0.0,25.88,74.44,21.27,3.89,0.7
1996-04-28,0.0,25.85,73.63,21.48,3.5,0.69
1996-04-29,0.0,26.06,74.86,21.17,3.39,0.68
1996-04-30,0.0,26.57,75.38,21.36,3.24,0.67
1996-05-01,0.0,26.75,77.68,21.41,3.63,0.66
1996-05-02,0.04,26.61,77.66,20.11,3.32,0.65
1996-05-03,0.58,26.09,76.78,19.4,4.04,0.65
1996-05-04,0.01,25.17,71.93,21.0,3.63,0.64
1996-05-05,0.0,24.75,68.85,20.4,3.49,0.63
1996-05-06,0.0,24.83,68.32,20.26,3.4,0.62
1996-05-07,0.0,25.47,71.2,20.18,2.74,0.62
1996-05-08,0.0,25.46,69.37,19.66,3.21,0.61
1996-05-09,0.0,25.24,66.86,20.19,2.88,0.6
1996-05-10,0.0,25.46,68.97,21.49,2.59,0.6
1996-05-11,0.0,25.48,74.64,20.6,3.19,0.59
1996-05-12,0.03,26.03,73.97,20.22,3.99,0.58
1996-05-13,0.01,26.0,77.86,17.71,3.12,0.58
1996-05-14,0.16,26.17,81.27,14.69,3.58,0.57
1996-05-15,0.31,26.5,81.25,15.47,1.8,0.57
1996-05-16,0.37,26.58,80.91,18.89,3.51,0.56
1996-05-17,7.48,25.82,81.78,14.93,4.14,0.56
1996-05-18,0.11,25.76,79.39,18.12,4.17,0.57
1996-05-19,0.01,26.16,76.33,17.26,4.32,0.56
1996-05-20,0.02,26.5,73.16,19.33,4.46,0.55
1996-05-21,0.16,26.27,74.58,19.31,4.62,0.55
1996-05-22,0.11,26.2,75.76,18.65,4.52,0.54
1996-05-23,0.18,26.14,73.5,18.81,4.94,0.54
1996-05-24,0.0,25.85,68.37,19.25,4.81,0.53
1996-05-25,0.01,25.76,70.37,18.82,3.55,0.53
1996-05-26,0.01,26.05,69.82,19.25,3.08,0.52
1996-05-27,0.0,26.36,70.99,19.28,3.59,0.52
1996-05-28,0.14,26.72,71.36,19.03,2.9,0.51
1996-05-29,0.73,27.11,75.86,18.88,2.85,0.51
1996-05-30,0.55,27.07,76.97,17.91,3.17,0.51
1996-05-31,0.96,27.07,75.85,17.22,3.86,0.5
1996-06-01,0.62,26.84,74.94,16.96,4.24,0.5
1996-06-02,0.05,26.88,71.43,18.26,3.21,0.5
1996-06-03,0.0,26.78,70.17,18.9,4.52,0.49
1996-06-04,0.0,26.53,67.79,20.07,3.99,0.49
1996-06-05,0.0,26.48,70.46,18.01,4.02,0.48
1996-06-06,0.01,26.63,70.42,18.75,3.06,0.48
1996-06-07,0.57,26.81,71.93,16.61,2.79,0.48
1996-06-08,1.06,26.68,72.2,17.77,3.35,0.48
1996-06-09,0.18,26.5,72.48,17.07,3.76,0.47
1996-06-10,0.31,26.74,71.74,17.02,4.28,0.47
1996-06-11,0.14,26.76,71.35,16.99,3.55,0.47
1996-06-12,0.6,26.75,70.36,17.98,3.46,0.47
1996-06-13,0.03,26.51,72.03,17.04,3.93,0.46
1996-06-14,0.05,26.89,71.08,16.35,2.86,0.46
1996-06-15,0.01,27.06,68.5,18.23,2.97,0.46
1996-06-16,0.05,27.06,68.43,18.53,3.7,0.45
1996-06-17,0.0,26.81,70.92,18.37,2.56,0.45
1996-06-18,0.32,26.96,71.45,15.51,1.94,0.45
1996-06-19,0.03,26.93,71.66,16.53,3.25,0.45
1996-06-20,0.0,26.92,66.4,17.95,2.54,0.44
1996-06-21,0.0,26.8,69.27,15.69,3.65,0.44
1996-06-22,0.0,26.81,67.7,18.46,3.83,0.44
1996-06-23,0.31,26.99,69.97,17.28,2.8,0.44
1996-06-24,5.84,27.08,74.26,16.83,1.86,0.44
1996-06-25,1.73,27.1,71.5,17.49,1.91,0.44
1996-06-26,0.24,27.12,69.74,16.98,2.52,0.44
1996-06-27,0.29,26.88,71.16,15.76,3.58,0.44
1996-06-28,0.06,27.03,69.09,16.96,3.71,0.44
1996-06-29,0.03,27.59,69.78,17.52,3.33,0.43
1996-06-30,0.08,27.47,66.96,17.27,2.68,0.43
1996-07-01,0.0,26.92,65.83,18.35,3.16,0.43
1996-07-02,0.06,26.81,67.18,17.22,4.33,0.42
1996-07-03,0.0,27.07,64.61,18.23,2.98,0.42
1996-07-04,0.08,26.61,69.12,17.32,4.31,0.42
1996-07-05,0.29,26.64,68.69,18.28,5.45,0.42
1996-07-06,0.08,26.57,69.69,17.06,5.14,0.42
1996-07-07,0.08,26.97,68.62,17.35,4.45,0.41
1996-07-08,0.07,26.67,70.23,17.76,5.51,0.41
1996-07-09,0.11,26.46,68.53,18.23,5.32,0.41
1996-07-10,0.05,26.13,67.22,16.8,4.96,0.41
1996-07-11,0.14,26.66,69.38,16.49,3.52,0.41
1996-07-12,0.48,27.01,67.8,16.94,4.0,0.4
1996-07-13,0.0,26.79,64.65,18.21,3.79,0.4
1996-07-14,0.16,26.6,64.6,16.91,2.98,0.4
1996-07-15,0.0,26.35,65.46,19.26,2.9,0.4
1996-07-16,0.62,25.42,65.19,16.9,2.53,0.4
1996-07-17,1.41,25.27,64.77,15.17,2.75,0.4
1996-07-18,0.0,25.85,65.96,18.25,3.41,0.4
1996-07-19,0.0,26.73,63.76,19.27,3.89,0.4
1996-07-20,0.0,26.82,63.93,19.25,2.94,0.39
1996-07-21,0.06,27.2,64.42,19.21,3.12,0.39
1996-07-22,0.35,27.28,65.91,18.24,2.54,0.39
1996-07-23,0.74,27.27,65.57,18.34,2.56,0.39
1996-07-24,0.0,27.44,63.72,19.34,3.2,0.39
1996-07-25,0.02,26.87,69.73,17.32,5.59,0.39
1996-07-26,0.03,26.86,64.68,19.33,5.54,0.39
1996-07-27,0.0,26.63,63.6,19.32,4.71,0.38
1996-07-28,0.0,25.91,64.94,19.88,5.3,0.38
1996-07-29,0.0,25.45,60.97,20.57,4.57,0.38
1996-07-30,0.0,25.57,58.44,19.37,3.69,0.38
1996-07-31,2.4,25.43,63.6,19.67,3.08,0.38
1996-08-01,1.87,25.27,65.52,20.12,3.77,0.38
1996-08-02,0.49,25.45,63.5,19.47,3.78,0.38
1996-08-03,0.18,25.41,65.64,19.97,4.41,0.38
1996-08-04,0.0,25.46,60.09,20.08,4.4,0.38
1996-08-05,0.16,25.3,66.7,19.66,4.05,0.38
1996-08-06,0.0,26.1,68.72,17.57,4.45,0.38
1996-08-07,0.06,25.91,73.57,14.46,5.96,0.38
1996-08-08,0.28,26.23,72.25,15.24,4.63,0.37
1996-08-09,0.96,26.63,70.62,17.81,3.47,0.37
1996-08-10,0.77,26.91,70.8,18.1,3.13,0.38
1996-08-11,0.38,27.23,69.18,19.88,4.02,0.38
1996-08-12,0.0,27.61,63.69,19.81,3.87,0.37
1996-08-13,0.06,27.53,62.99,20.32,3.54,0.37
1996-08-14,0.56,27.7,66.37,18.58,3.36,0.37
1996-08-15,0.33,28.13,64.69,19.8,3.86,0.37
1996-08-16,0.32,27.75,63.86,20.16,4.1,0.37
1996-08-17,0.04,27.73,57.33,20.52,3.5,0.37
1996-08-18,0.0,27.82,61.65,20.64,2.95,0.37
1996-08-19,0.06,27.92,62.37,20.91,3.48,0.37
1996-08-20,0.12,27.97,60.0,19.93,3.17,0.37
1996-08-21,0.42,28.09,61.23,19.62,3.42,0.37
1996-08-22,0.42,27.63,56.23,21.59,5.36,0.37
1996-08-23,0.01,26.75,53.5,21.92,3.75,0.37
1996-08-24,0.0,26.88,61.27,22.01,2.39,0.37
1996-08-25,6.57,27.06,69.11,15.27,2.55,0.38
1996-08-26,1.3,26.98,72.32,19.62,2.88,0.38
1996-08-27,0.12,27.68,65.97,21.37,3.44,0.38
1996-08-28,0.03,27.86,62.59,21.5,4.07,0.38
1996-08-29,0.0,28.02,64.8,21.52,4.42,0.38
1996-08-30,0.0,28.01,64.01,22.7,4.36,0.37
1996-08-31,0.05,27.99,62.47,21.42,4.02,0.37
1996-09-01,1.29,27.55,64.04,19.8,4.53,0.37
1996-09-02,0.58,27.63,61.92,22.27,4.23,0.37
1996-09-03,0.0,27.95,57.65,22.77,4.45,0.37
1996-09-04,0.24,27.64,60.39,20.49,4.26,0.37
1996-09-05,4.36,27.41,61.06,9.26,4.22,0.37
1996-09-06,0.18,27.18,59.94,21.03,4.45,0.38
1996-09-07,0.19,27.17,64.87,22.12,4.01,0.38
1996-09-08,0.54,27.43,59.43,20.97,3.75,0.38
1996-09-09,0.37,26.91,55.65,22.57,3.12,0.37
1996-09-10,0.44,26.87,61.04,21.38,2.59,0.37
1996-09-11,0.38,27.33,60.73,22.63,3.98,0.37
1996-09-12,0.0,27.32,62.66,22.5,4.53,0.37
1996-09-13,0.0,27.73,61.29,23.19,3.29,0.37
1996-09-14,0.0,28.54,54.94,22.81,2.59,0.37
1996-09-15,0.01,28.66,61.82,21.16,3.86,0.37
1996-09-16,1.23,28.63,63.81,21.22,2.72,0.37
1996-09-17,0.25,28.71,59.93,22.97,4.82,0.37
1996-09-18,0.0,28.28,62.51,23.04,5.4,0.37
1996-09-19,0.0,28.27,64.82,22.94,4.08,0.37
1996-09-20,1.16,28.64,63.06,22.94,3.74,0.37
1996-09-21,0.04,28.68,60.67,24.12,2.93,0.37
1996-09-22,0.0,28.46,57.88,24.43,3.49,0.37
1996-09-23,0.0,27.39,52.4,24.87,4.49,0.37
1996-09-24,0.0,26.77,50.89,25.8,3.51,0.37
1996-09-25,0.0,27.19,57.17,24.33,3.15,0.37
1996-09-26,0.0,27.51,56.75,24.35,2.62,0.37
1996-09-27,0.22,26.98,61.27,22.47,3.96,0.37
1996-09-28,0.53,26.91,65.5,23.16,3.91,0.37
1996-09-29,0.06,27.04,65.61,22.03,4.51,0.37
1996-09-30,0.28,27.69,66.04,22.02,3.33,0.37
1996-10-01,0.17,28.46,65.23,21.1,3.74,0.37
1996-10-02,1.93,29.0,63.74,24.21,3.17,0.37
1996-10-03,0.15,29.72,59.11,23.89,4.07,0.37
1996-10-04,0.36,29.65,58.89,22.79,4.18,0.37
1996-10-05,0.62,29.27,59.27,23.32,3.5,0.37
1996-10-06,0.2,29.07,62.07,22.85,3.59,0.37
1996-10-07,0.1,29.5,57.78,22.24,4.16,0.37
1996-10-08,0.01,29.72,56.5,22.71,3.49,0.37
1996-10-09,0.82,29.8,56.4,23.1,2.43,0.37
1996-10-10,1.02,29.26,60.85,22.92,4.73,0.37
1996-10-11,0.81,28.72,58.96,22.43,4.53,0.37
1996-10-12,0.07,28.88,60.97,22.21,4.05,0.37
1996-10-13,0.29,29.52,56.29,23.5,4.25,0.37
1996-10-14,0.13,29.28,59.21,22.43,3.7,0.37
1996-10-15,0.0,29.68,58.39,24.51,3.59,0.37
1996-10-16,0.64,29.73,60.97,24.57,4.2,0.37
1996-10-17,1.26,29.68,60.74,21.85,4.16,0.37
1996-10-18,3.88,29.33,63.06,25.09,3.0,0.38
1996-10-19,0.86,29.57,62.24,22.7,2.8,0.38
1996-10-20,9.49,29.0,67.17,21.34,2.94,0.38
1996-10-21,4.89,28.72,69.83,22.83,3.04,0.39
1996-10-22,0.57,29.3,65.27,26.0,3.11,0.39
1996-10-23,1.7,28.87,69.91,19.95,3.48,0.39
1996-10-24,9.92,28.05,73.05,24.77,2.22,0.4
1996-10-25,4.77,27.55,74.76,22.32,1.69,0.41
1996-10-26,0.37,28.86,64.04,23.85,2.61,0.41
1996-10-27,0.45,29.17,62.74,23.55,2.6,0.4
1996-10-28,3.84,28.85,65.42,22.1,2.09,0.4
1996-10-29,12.58,28.09,70.33,24.65,1.55,0.42
1996-10-30,0.38,28.79,66.33,23.97,3.11,0.42
1996-10-31,0.97,29.34,62.55,18.4,3.14,0.42
1996-11-01,0.54,29.14,64.79,21.47,4.39,0.41
1996-11-02,0.21,29.81,59.75,23.47,3.99,0.41
1996-11-03,0.27,28.99,63.14,22.85,4.19,0.41
1996-11-04,0.03,29.52,59.89,24.23,3.33,0.4
1996-11-05,0.54,29.22,61.81,26.06,2.05,0.4
1996-11-06,17.39,27.2,71.12,21.9,1.71,0.42
1996-11-07,7.42,26.47,76.99,15.84,2.77,0.44
1996-11-08,3.18,26.85,78.49,24.81,2.76,0.44
1996-11-09,0.73,27.91,73.1,20.32,1.57,0.44
1996-11-10,0.17,29.0,68.7,24.81,3.41,0.44
1996-11-11,0.25,29.23,63.7,22.79,2.42,0.43
1996-11-12,0.16,29.07,62.48,21.69,2.21,0.43
1996-11-13,0.05,29.34,58.77,22.65,2.27,0.43
1996-11-14,4.99,28.48,66.17,19.63,2.75,0.43
1996-11-15,6.21,27.09,75.12,18.95,2.16,0.44
1996-11-16,6.5,27.24,74.76,16.73,2.12,0.45
1996-11-17,24.62,26.74,79.91,21.21,1.39,0.47
1996-11-18,18.47,26.84,79.99,25.34,1.83,0.52
1996-11-19,3.23,27.02,79.38,22.63,2.59,0.52
1996-11-20,2.87,26.19,84.5,16.77,1.39,0.52
1996-11-21,2.16,27.1,76.63,19.89,2.69,0.52
1996-11-22,5.68,27.73,74.27,21.88,3.87,0.52
1996-11-23,2.34,27.97,71.38,22.23,3.02,0.52
1996-11-24,0.79,28.53,67.17,21.84,2.19,0.51
1996-11-25,0.13,29.32,60.76,23.82,3.05,0.51
1996-11-26,0.02,29.12,58.42,22.89,3.09,0.5
1996-11-27,0.12,29.22,55.61,23.33,2.57,0.49
1996-11-28,0.59,29.48,58.59,24.35,2.01,0.49
1996-11-29,4.26,28.5,69.55,25.52,2.1,0.49
1996-11-30,31.5,27.71,82.19,25.18,1.86,0.52
1996-12-01,20.52,28.21,76.71,21.99,0.8,0.57
1996-12-02,25.72,26.94,82.15,16.77,2.62,0.61
1996-12-03,2.63,27.07,80.98,20.0,1.26,0.62
1996-12-04,11.67,27.37,81.23,22.11,1.6,0.62
1996-12-05,5.56,27.86,73.0,20.02,0.62,0.63
1996-12-06,7.14,27.55,77.67,21.34,0.9,0.63
1996-12-07,5.4,26.35,88.47,15.45,2.18,0.64
1996-12-08,1.73,26.05,84.19,13.35,2.41,0.64
1996-12-09,3.07,26.35,85.23,17.57,1.37,0.64
1996-12-10,8.88,26.39,83.94,20.0,2.22,0.64
1996-12-11,3.43,26.7,80.46,17.88,2.27,0.65
1996-12-12,6.84,26.12,85.09,19.95,2.86,0.65
1996-12-13,8.41,26.79,81.67,13.0,2.94,0.66
1996-12-14,7.07,26.74,83.27,15.88,3.79,0.67
1996-12-15,23.82,26.36,86.76,13.48,3.69,0.69
1996-12-16,13.56,26.34,85.94,12.23,2.83,0.72
1996-12-17,2.72,26.37,83.38,19.06,2.4,0.72
1996-12-18,1.54,25.74,85.02,22.03,2.62,0.72
1996-12-19,3.19,26.35,81.23,21.35,1.63,0.71
1996-12-20,3.05,26.43,80.81,15.97,3.02,0.71
1996-12-21,12.44,25.68,84.31,17.79,2.33,0.71
1996-12-22,6.56,25.82,84.48,17.81,3.2,0.73
1996-12-23,3.5,25.32,86.73,13.28,4.13,0.73
1996-12-24,6.4,25.84,83.62,17.81,2.16,0.73
1996-12-25,9.87,26.26,84.76,22.68,2.46,0.74
1996-12-26,4.52,25.85,84.32,22.25,3.1,0.74
1996-12-27,4.08,26.11,85.1,17.99,3.49,0.74
1996-12-28,8.33,25.91,85.38,16.66,4.47,0.74
1996-12-29,15.87,26.31,85.29,21.24,5.51,0.77
1996-12-30,6.28,26.47,85.8,19.7,6.03,0.77
1996-12-31,7.43,26.58,85.92,13.3,5.76,0.77
1997-01-01,10.78,26.15,88.68,10.85,4.64,0.77
1997-01-02,13.52,25.79,89.21,15.52,3.16,0.79
1997-01-03,17.77,25.56,84.02,16.59,2.46,0.81
1997-01-04,1.7,25.73,81.23,24.2,3.4,0.82
1997-01-05,0.57,26.45,79.11,24.45,2.55,0.8
1997-01-06,1.83,26.81,80.33,24.09,2.45,0.79
1997-01-07,2.85,26.46,83.76,22.11,3.27,0.79
1997-01-08,5.62,26.03,85.77,12.96,2.82,0.79
1997-01-09,33.03,25.56,87.17,17.85,1.97,0.81
1997-01-10,10.92,25.5,85.35,21.2,1.54,0.85
1997-01-11,5.55,25.51,79.69,23.62,0.69,0.84
1997-01-12,4.0,26.03,80.88,22.41,1.83,0.85
1997-01-13,3.49,25.61,84.11,23.36,2.6,0.84
1997-01-14,2.0,25.44,85.29,21.73,1.66,0.84
1997-01-15,3.35,24.89,87.59,21.9,2.68,0.84
1997-01-16,4.84,24.97,88.05,19.7,3.1,0.84
1997-01-17,5.46,25.08,86.42,15.9,3.09,0.84
1997-01-18,5.74,25.44,88.1,16.99,4.38,0.84
1997-01-19,3.06,25.45,88.69,19.72,4.26,0.84
1997-01-20,30.08,25.75,86.15,19.6,2.25,0.86
1997-01-21,10.2,25.54,88.46,18.82,2.98,0.88
1997-01-22,8.62,25.53,88.99,15.39,4.28,0.88
1997-01-23,4.95,25.68,87.5,15.78,4.86,0.88
1997-01-24,3.5,25.39,87.51,9.11,3.97,0.88
1997-01-25,3.8,25.49,87.78,17.73,5.26,0.88
1997-01-26,1.24,25.45,86.95,20.61,4.31,0.88
1997-01-27,0.98,25.27,86.82,17.14,4.62,0.87
1997-01-28,1.55,25.57,87.6,17.79,4.4,0.87
1997-01-29,1.13,25.4,87.47,21.37,2.64,0.86
1997-01-30,0.62,25.9,85.36,21.34,2.84,0.86
1997-01-31,1.1,26.25,86.71,23.52,4.29,0.85
1997-02-01,0.33,26.21,86.47,22.96,3.58,0.84
1997-02-02,0.17,26.22,86.13,22.25,2.04,0.84
1997-02-03,4.21,26.28,85.4,22.73,2.16,0.83
1997-02-04,16.93,25.24,87.53,20.7,2.79,0.85
1997-02-05,5.45,26.06,85.32,19.84,2.84,0.85
1997-02-06,18.0,25.52,87.44,19.41,1.39,0.86
1997-02-07,24.84,24.93,90.75,18.93,1.88,0.89
1997-02-08,21.81,24.92,88.98,15.9,3.0,0.92
1997-02-09,20.42,25.32,89.79,22.19,2.37,0.92
1997-02-10,13.51,25.5,86.42,20.41,1.71,0.94
1997-02-11,5.3,25.54,87.9,17.78,2.07,0.93
1997-02-12,19.75,26.07,86.64,23.61,1.51,0.94
1997-02-13,14.01,25.81,87.77,19.9,2.17,0.96
1997-02-14,16.11,25.38,89.78,17.2,2.32,0.95
1997-02-15,21.96,25.56,90.56,17.77,2.32,0.97
1997-02-16,8.79,25.58,89.44,19.05,2.61,0.97
1997-02-17,5.19,25.38,88.23,17.2,2.21,0.97
1997-02-18,1.95,25.49,89.13,13.74,4.32,0.96
1997-02-19,6.5,25.62,92.16,13.65,5.57,0.96
1997-02-20,5.1,25.76,89.49,17.73,4.06,0.96
1997-02-21,6.19,25.68,87.74,14.82,3.37,0.96
1997-02-22,6.6,25.95,87.25,12.72,4.69,0.96
1997-02-23,7.76,25.57,88.65,9.99,3.31,0.95
1997-02-24,7.53,25.83,85.67,17.82,3.73,0.95
1997-02-25,19.98,25.47,89.21,13.37,4.56,0.96
1997-02-26,14.07,25.06,89.67,15.41,4.54,0.96
1997-02-27,9.29,25.82,86.12,18.82,2.52,0.97
1997-02-28,4.33,26.14,83.94,21.69,3.11,0.96
1997-03-01,0.72,26.18,83.89,23.13,4.11,0.95
1997-03-02,1.0,25.75,85.39,24.46,3.56,0.94
1997-03-03,4.33,25.74,86.6,20.7,3.41,0.93
1997-03-04,1.12,25.42,87.49,19.97,2.96,0.93
1997-03-05,1.59,25.68,86.98,21.92,2.68,0.92
1997-03-06,1.38,25.91,84.0,19.55,2.95,0.91
1997-03-07,1.85,25.86,83.08,22.61,2.71,0.91
1997-03-08,1.14,25.95,75.82,25.65,2.58,0.9
1997-03-09,0.16,25.66,74.91,24.94,2.77,0.89
1997-03-10,0.11,25.96,74.8,25.56,2.11,0.88
1997-03-11,1.1,26.15,75.86,22.92,1.77,0.87
1997-03-12,0.16,26.21,76.61,23.51,1.4,0.86
1997-03-13,0.08,26.12,78.61,25.02,2.13,0.85
1997-03-14,0.06,25.6,79.54,23.58,2.46,0.84
1997-03-15,0.0,26.1,79.25,23.75,2.92,0.83
1997-03-16,0.06,26.15,76.27,22.89,2.7,0.82
1997-03-17,0.1,26.3,74.4,22.1,2.38,0.81
1997-03-18,0.06,26.38,73.33,23.02,2.09,0.79
1997-03-19,0.27,26.35,73.92,23.22,2.43,0.79
1997-03-20,0.01,26.57,73.44,26.58,2.44,0.78
1997-03-21,0.01,26.91,75.06,22.85,2.74,0.77
1997-03-22,0.23,26.9,80.07,20.77,2.55,0.76
1997-03-23,0.01,26.49,75.15,23.21,3.14,0.75
1997-03-24,0.02,26.42,71.69,24.11,2.44,0.74
1997-03-25,0.22,27.13,71.45,22.29,1.96,0.73
1997-03-26,1.92,26.83,79.1,22.26,2.77,0.72
1997-03-27,0.77,26.56,76.67,21.43,2.63,0.71
1997-03-28,0.09,26.57,77.58,23.21,2.16,0.71
1997-03-29,0.35,26.88,78.85,21.82,2.07,0.7
1997-03-30,0.48,27.17,78.58,23.22,2.38,0.69
1997-03-31,0.18,27.13,77.05,22.34,2.65,0.68
1997-04-01,0.26,26.94,78.27,21.45,2.54,0.67
1997-04-02,1.22,26.84,79.15,19.54,2.44,0.67
1997-04-03,3.05,26.62,79.87,18.26,1.24,0.67
1997-04-04,4.32,26.98,79.5,21.41,1.51,0.67
1997-04-05,15.29,26.65,82.07,20.14,2.02,0.68
1997-04-06,12.8,26.56,81.44,21.53,1.98,0.7
1997-04-07,0.76,26.74,78.31,20.77,2.17,0.7
1997-04-08,1.04,26.75,77.93,22.27,1.84,0.69
1997-04-09,2.49,26.69,75.45,21.3,1.77,0.68
1997-04-10,0.89,26.26,77.26,13.33,2.02,0.68
1997-04-11,2.89,26.83,74.42,20.94,1.25,0.67
1997-04-12,4.07,26.69,77.71,19.12,1.47,0.67
1997-04-13,3.16,26.87,79.06,19.0,2.41,0.67
1997-04-14,2.08,26.53,80.94,20.8,1.81,0.67
1997-04-15,0.43,26.56,79.64,19.97,2.38,0.66
1997-04-16,0.99,26.6,77.23,19.77,2.55,0.66
1997-04-17,3.65,26.27,81.0,19.81,2.15,0.65
1997-04-18,3.61,26.21,81.57,17.16,2.51,0.65
1997-04-19,2.85,26.51,78.53,19.82,3.56,0.66
1997-04-20,0.17,26.58,77.53,19.69,3.15,0.65
1997-04-21,0.22,26.81,75.92,21.13,2.92,0.64
1997-04-22,0.05,26.99,75.99,17.92,2.46,0.63
1997-04-23,0.01,26.94,75.3,20.79,2.51,0.62
1997-04-24,0.57,27.09,74.42,20.39,2.95,0.62
1997-04-25,0.31,26.85,74.93,19.27,3.25,0.61
1997-04-26,0.07,27.03,75.96,20.94,3.27,0.6
1997-04-27,0.2,27.25,78.98,19.9,3.84,0.6
1997-04-28,2.16,26.97,82.35,18.06,2.89,0.59
1997-04-29,0.89,26.62,82.31,15.86,2.34,0.59
1997-04-30,0.88,26.75,79.82,17.31,3.0,0.59
1997-05-01,0.53,26.3,72.39,17.79,2.77,0.58
1997-05-02,0.0,26.78,69.17,20.35,2.79,0.58
1997-05-03,0.24,26.42,70.54,17.55,2.95,0.57
1997-05-04,0.16,26.52,69.56,21.0,2.44,0.56
1997-05-05,0.66,26.66,73.45,19.84,2.32,0.56
1997-05-06,1.0,26.62,76.76,18.59,2.58,0.55
1997-05-07,0.32,26.68,76.85,16.85,2.55,0.55
1997-05-08,0.05,26.69,76.85,18.98,2.09,0.54
1997-05-09,0.01,26.98,77.05,19.51,2.46,0.54
1997-05-10,0.07,26.75,76.66,19.52,2.59,0.53
1997-05-11,0.07,26.54,76.3,18.31,2.83,0.53
1997-05-12,0.07,26.62,75.85,19.69,2.67,0.52
1997-05-13,0.05,27.07,74.75,18.94,2.17,0.52
1997-05-14,0.09,27.26,74.07,18.66,1.9,0.51
1997-05-15,0.0,27.66,69.59,19.09,2.02,0.51
1997-05-16,1.67,27.68,68.31,19.15,2.38,0.51
1997-05-17,5.13,26.87,76.65,19.28,3.64,0.51
1997-05-18,0.94,27.15,73.01,18.82,2.83,0.51
1997-05-19,1.6,27.36,70.48,19.11,2.11,0.5
1997-05-20,1.54,27.32,68.96,19.6,1.51,0.5
1997-05-21,0.03,27.78,63.24,18.94,0.77,0.5
1997-05-22,0.02,27.99,62.8,19.21,1.17,0.49
1997-05-23,1.37,26.96,69.1,19.42,2.72,0.49
1997-05-24,2.35,26.65,73.85,18.13,2.94,0.49
1997-05-25,2.46,27.08,71.4,16.02,2.47,0.49
1997-05-26,0.16,27.32,69.38,19.05,2.95,0.49
1997-05-27,0.69,27.19,68.88,18.9,3.17,0.48
1997-05-28,0.0,26.9,65.11,19.29,2.91,0.48
1997-05-29,0.0,26.84,63.02,19.48,4.02,0.48
1997-05-30,0.0,26.53,65.44,18.96,3.22,0.47
1997-05-31,0.43,26.5,68.06,16.63,2.67,0.47
1997-06-01,0.13,26.78,68.33,19.27,2.09,0.47
1997-06-02,0.0,27.08,64.99,18.4,1.86,0.46
1997-06-03,0.05,27.08,66.23,18.07,1.95,0.46
1997-06-04,0.21,27.04,69.34,17.3,2.16,0.46
1997-06-05,0.05,27.13,67.1,16.94,2.32,0.45
1997-06-06,0.27,27.1,65.77,18.87,2.61,0.45
1997-06-07,0.11,26.82,67.75,18.39,3.34,0.45
1997-06-08,0.06,26.96,67.61,14.02,2.94,0.44
1997-06-09,0.19,27.15,68.46,18.74,3.09,0.44
1997-06-10,0.77,26.69,72.16,17.22,3.02,0.44
1997-06-11,0.28,25.97,77.16,16.3,3.16,0.44
1997-06-12,3.89,26.57,72.94,16.94,2.47,0.44
1997-06-13,0.03,26.95,69.85,18.38,2.47,0.44
1997-06-14,0.05,27.03,68.56,18.38,3.43,0.44
1997-06-15,0.11,26.6,70.74,15.73,3.1,0.43
1997-06-16,0.21,26.73,69.65,15.47,3.63,0.43
1997-06-17,0.2,26.18,70.46,15.78,4.47,0.43
1997-06-18,0.01,26.34,68.66,18.31,4.39,0.43
1997-06-19,0.11,26.15,68.02,17.32,3.94,0.43
1997-06-20,0.04,26.4,67.3,17.02,4.0,0.42
1997-06-21,0.23,26.51,68.39,18.0,4.65,0.42
1997-06-22,0.18,26.25,65.67,18.22,4.57,0.42
1997-06-23,0.01,26.28,66.41,18.49,4.11,0.42
1997-06-24,0.0,26.08,64.21,18.72,4.38,0.41
1997-06-25,0.01,25.89,65.88,16.45,4.64,0.41
1997-06-26,0.01,26.13,65.55,18.16,5.76,0.41
1997-06-27,0.0,25.78,67.15,18.17,4.98,0.41
1997-06-28,0.05,25.87,65.05,18.18,4.81,0.41
1997-06-29,0.18,25.6,70.39,16.65,3.5,0.41
1997-06-30,0.3,26.54,69.21,18.1,3.81,0.4
1997-07-01,0.26,26.81,68.55,17.2,3.61,0.4
1997-07-02,0.16,27.11,66.38,16.77,2.76,0.4
1997-07-03,0.32,27.09,65.23,16.65,2.54,0.4
1997-07-04,0.01,26.87,65.42,17.43,4.67,0.4
1997-07-05,0.0,26.42,63.67,18.37,3.69,0.4
1997-07-06,0.0,26.15,63.65,18.94,4.19,0.39
1997-07-07,0.0,25.62,65.49,18.57,4.9,0.39
1997-07-08,0.01,25.29,60.52,19.42,4.71,0.39
1997-07-09,0.0,24.86,61.73,18.66,4.2,0.39
1997-07-10,0.02,24.92,64.15,18.49,4.17,0.39
1997-07-11,0.01,25.28,65.22,18.8,5.48,0.39
1997-07-12,0.01,24.75,71.06,15.65,4.89,0.39
1997-07-13,0.1,25.7,72.05,16.34,4.57,0.38
1997-07-14,0.21,25.99,71.72,17.09,4.66,0.38
1997-07-15,0.11,26.0,68.92,12.72,5.23,0.38
1997-07-16,0.0,26.2,63.92,15.75,5.24,0.38
1997-07-17,0.02,26.42,65.85,18.57,4.51,0.38
1997-07-18,0.07,26.59,66.05,18.58,4.85,0.38
1997-07-19,0.0,25.68,62.61,18.94,6.05,0.38
1997-07-20,0.04,25.31,62.73,18.41,4.36,0.38
1997-07-21,0.1,25.65,63.42,19.02,3.75,0.38
1997-07-22,0.04,26.28,61.97,18.88,2.32,0.37
1997-07-23,0.11,26.25,63.6,17.91,2.86,0.37
1997-07-24,0.16,26.41,63.67,17.78,2.91,0.37
1997-07-25,0.21,26.07,65.76,19.44,3.11,0.37
1997-07-26,0.35,26.1,65.38,18.67,3.58,0.37
1997-07-27,0.41,26.17,62.39,18.8,3.88,0.37
1997-07-28,0.13,26.31,62.58,18.42,4.22,0.37
1997-07-29,0.27,26.38,60.41,17.14,3.79,0.37
1997-07-30,0.0,25.8,60.22,16.97,3.1,0.37
1997-07-31,0.16,25.51,61.79,17.7,3.33,0.37
1997-08-01,0.02,25.71,55.48,17.8,2.93,0.37
1997-08-02,0.47,25.56,66.07,18.07,2.82,0.37
1997-08-03,0.12,25.9,67.3,19.3,2.97,0.37
1997-08-04,0.17,26.49,69.45,18.22,2.44,0.37
1997-08-05,0.02,27.0,66.67,18.92,2.83,0.37
1997-08-06,0.55,26.51,61.29,20.6,3.92,0.37
1997-08-07,0.2,25.56,63.37,21.07,3.89,0.37
1997-08-08,0.12,25.71,61.68,19.85,3.22,0.37
1997-08-09,0.6,26.31,59.32,19.76,2.32,0.37
1997-08-10,0.28,25.78,65.69,19.15,4.06,0.37
1997-08-11,0.26,25.42,67.28,19.72,5.09,0.37
1997-08-12,0.13,25.59,65.71,19.76,4.1,0.37
1997-08-13,0.04,25.8,63.4,19.67,3.66,0.37
1997-08-14,0.47,25.72,63.56,19.63,2.78,0.37
1997-08-15,0.05,25.95,61.94,20.75,2.91,0.37
1997-08-16,0.63,26.12,60.77,20.55,2.96,0.37
1997-08-17,0.55,25.93,58.47,20.52,2.95,0.37
1997-08-18,0.01,25.89,56.64,19.83,3.35,0.37
1997-08-19,0.0,25.99,55.08,21.75,4.43,0.37
1997-08-20,0.09,25.89,58.25,21.1,2.74,0.37
1997-08-21,0.14,25.76,63.93,21.0,2.68,0.37
1997-08-22,0.15,26.31,60.4,20.57,2.41,0.37
1997-08-23,0.15,25.84,65.93,20.98,3.41,0.37
1997-08-24,0.11,26.02,66.43,20.84,2.92,0.37
1997-08-25,0.51,25.76,68.55,20.69,3.81,0.37
1997-08-26,0.48,25.87,69.95,20.04,3.73,0.37
1997-08-27,0.04,25.68,70.75,19.97,4.16,0.37
1997-08-28,0.02,26.02,66.84,20.72,3.25,0.37
1997-08-29,0.0,25.84,67.14,21.47,3.27,0.37
1997-08-30,0.0,26.18,64.64,21.42,2.55,0.37
1997-08-31,0.0,25.85,63.82,21.55,2.95,0.37
1997-09-01,0.0,25.42,67.11,21.39,4.31,0.37
1997-09-02,0.01,25.98,62.15,22.28,3.49,0.37
1997-09-03,0.16,26.59,63.08,22.23,3.07,0.37
1997-09-04,0.0,26.75,61.15,22.74,2.73,0.37
1997-09-05,0.03,26.98,63.65,22.75,2.67,0.37
1997-09-06,0.0,27.3,60.18,23.06,2.94,0.37
1997-09-07,0.0,27.26,60.4,23.09,3.76,0.37
1997-09-08,0.0,26.69,60.13,22.6,3.68,0.37
1997-09-09,0.07,26.64,61.75,22.42,4.01,0.37
1997-09-10,0.0,26.85,61.61,21.36,4.29,0.37
1997-09-11,0.0,27.14,60.64,22.65,3.76,0.37
1997-09-12,0.0,27.02,63.23,23.46,3.53,0.37
1997-09-13,0.0,27.04,61.85,20.1,1.92,0.37
1997-09-14,0.0,27.14,57.53,22.21,2.39,0.37
1997-09-15,0.55,27.04,58.03,20.9,2.39,0.37
1997-09-16,0.21,26.42,62.8,21.27,3.25,0.37
1997-09-17,0.0,26.89,60.53,21.82,3.04,0.37
1997-09-18,0.16,26.97,54.77,22.12,3.03,0.37
1997-09-19,0.0,26.9,59.06,23.12,3.35,0.37
1997-09-20,0.0,26.96,58.36,24.08,3.38,0.37
1997-09-21,0.0,26.59,57.19,23.5,3.29,0.37
1997-09-22,0.01,26.67,58.97,21.32,2.8,0.37
1997-09-23,0.0,27.29,57.45,24.3,2.87,0.37
1997-09-24,0.0,27.52,60.57,24.77,3.57,0.37
1997-09-25,0.0,27.35,65.1,25.17,4.36,0.37
1997-09-26,0.0,27.52,61.9,24.48,3.67,0.37
1997-09-27,0.0,27.44,62.93,24.54,3.77,0.37
1997-09-28,0.0,27.92,63.45,25.0,3.95,0.37
1997-09-29,0.0,27.75,63.29,25.29,3.82,0.37
1997-09-30,0.0,27.58,65.28,25.08,4.12,0.37
1997-10-01,0.0,27.74,67.18,21.87,3.77,0.37
1997-10-02,0.14,28.05,65.55,22.91,3.57,0.37
1997-10-03,0.16,28.0,65.36,22.62,3.17,0.37
1997-10-04,0.12,28.2,64.82,22.94,3.13,0.37
1997-10-05,0.18,28.41,62.0,23.01,3.24,0.37
1997-10-06,0.01,28.11,56.33,22.09,3.55,0.37
1997-10-07,0.0,27.63,56.85,23.05,3.6,0.37
1997-10-08,0.0,27.48,55.55,23.24,2.87,0.37
1997-10-09,0.0,27.17,58.22,22.92,3.37,0.37
1997-10-10,0.0,27.64,61.61,22.59,4.09,0.37
1997-10-11,0.0,28.15,61.33,22.76,4.19,0.37
1997-10-12,0.0,28.46,61.95,23.37,4.2,0.37
1997-10-13,0.0,28.47,60.19,23.75,3.44,0.37
1997-10-14,0.0,28.38,56.62,24.11,2.41,0.37
1997-10-15,0.0,28.9,51.71,23.58,2.28,0.37
1997-10-16,0.0,29.0,52.22,23.95,2.37,0.37
1997-10-17,0.06,29.26,56.36,23.41,2.29,0.37
1997-10-18,0.16,29.53,54.23,23.88,2.66,0.37
1997-10-19,0.01,29.13,58.4,23.16,2.73,0.37
1997-10-20,0.0,29.37,62.4,23.6,2.52,0.37
1997-10-21,0.49,29.36,61.52,22.42,2.43,0.37
1997-10-22,0.0,29.36,60.65,23.41,2.64,0.37
1997-10-23,0.0,29.12,60.17,23.43,2.66,0.37
1997-10-24,0.06,29.28,59.94,23.28,1.98,0.37
1997-10-25,0.16,28.94,59.79,23.04,2.97,0.37
1997-10-26,0.81,29.06,57.02,25.65,2.62,0.37
1997-10-27,0.06,29.61,56.05,24.01,2.91,0.37
1997-10-28,0.37,29.47,57.73,23.92,2.49,0.37
1997-10-29,0.06,29.42,54.94,24.09,2.16,0.37
1997-10-30,0.05,28.87,58.77,24.55,3.02,0.37
1997-10-31,0.06,28.72,59.25,22.91,3.26,0.37
1997-11-01,0.3,28.77,58.68,22.79,2.72,0.37
1997-11-02,0.14,29.69,51.01,23.79,2.7,0.37
1997-11-03,0.08,29.54,54.42,24.19,2.62,0.37
1997-11-04,0.0,29.78,55.33,23.98,2.15,0.37
1997-11-05,0.0,29.52,59.31,23.51,2.96,0.37
1997-11-06,0.24,29.94,57.84,22.65,2.24,0.37
1997-11-07,0.25,30.25,56.91,24.82,2.66,0.37
1997-11-08,0.05,30.08,56.46,25.58,2.4,0.37
1997-11-09,0.14,29.49,60.22,22.0,3.4,0.37
1997-11-10,0.11,29.18,61.65,21.93,3.66,0.37
1997-11-11,0.07,29.49,57.48,22.62,3.54,0.37
1997-11-12,0.01,30.06,52.8,22.74,2.74,0.37
1997-11-13,0.0,29.65,59.88,22.02,3.88,0.37
1997-11-14,0.01,29.43,60.51,21.19,3.97,0.37
1997-11-15,0.09,28.99,64.62,22.21,4.07,0.37
1997-11-16,1.21,28.78,65.68,21.23,3.59,0.37
1997-11-17,0.37,29.07,65.34,22.24,3.42,0.37
1997-11-18,0.33,29.13,64.38,21.29,3.09,0.37
1997-11-19,0.31,29.16,62.97,23.34,2.74,0.37
1997-11-20,0.03,29.9,55.48,22.64,2.57,0.37
1997-11-21,0.0,30.45,56.2,25.37,2.4,0.37
1997-11-22,0.1,30.32,58.42,24.31,2.68,0.37
1997-11-23,0.18,30.05,58.97,23.0,2.02,0.37
1997-11-24,1.0,30.31,57.08,23.57,2.0,0.37
1997-11-25,1.36,30.27,56.13,22.47,2.32,0.37
1997-11-26,16.79,28.67,65.91,22.39,2.01,0.39
1997-11-27,0.62,28.99,62.57,22.66,1.64,0.4
1997-11-28,3.98,28.69,63.78,24.33,1.16,0.4
1997-11-29,0.61,28.83,64.54,24.2,2.0,0.4
1997-11-30,8.51,28.23,68.46,23.02,1.34,0.4
1997-12-01,7.64,28.39,71.59,22.51,1.25,0.42
1997-12-02,0.83,29.2,65.21,21.48,1.35,0.41
1997-12-03,0.51,29.41,63.58,23.79,2.15,0.41
1997-12-04,5.67,28.73,67.81,22.03,1.67,0.42
1997-12-05,1.88,29.0,68.3,22.7,1.51,0.42
1997-12-06,3.24,28.57,68.95,22.32,1.18,0.42
1997-12-07,15.05,27.46,78.71,18.82,1.86,0.43
1997-12-08,3.4,28.35,72.49,17.31,1.76,0.45
1997-12-09,2.14,28.44,70.36,17.45,0.96,0.44
1997-12-10,3.95,27.94,74.52,15.86,1.71,0.44
1997-12-11,11.28,27.14,82.73,15.87,2.83,0.46
1997-12-12,1.95,27.3,78.24,24.91,1.94,0.47
1997-12-13,1.94,27.09,81.06,19.98,3.03,0.46
1997-12-14,1.97,27.78,77.25,19.99,2.94,0.47
1997-12-15,1.86,28.46,71.67,22.33,1.95,0.46
1997-12-16,0.8,28.74,69.92,23.53,2.0,0.46
1997-12-17,12.07,28.75,70.88,19.99,1.88,0.47
1997-12-18,3.63,29.22,67.93,22.79,1.42,0.48
1997-12-19,0.82,28.62,69.02,21.92,2.26,0.48
1997-12-20,1.88,27.96,76.1,21.26,2.15,0.47
1997-12-21,0.54,28.21,74.14,22.64,1.44,0.47
1997-12-22,6.42,27.6,76.49,18.99,1.52,0.48
1997-12-23,13.0,26.69,84.05,14.2,2.24,0.49
1997-12-24,14.07,26.51,84.38,9.38,3.61,0.53
1997-12-25,12.48,26.93,83.87,14.91,3.8,0.53
1997-12-26,17.98,26.22,88.24,12.91,3.44,0.56
1997-12-27,7.37,26.04,85.94,17.64,2.76,0.58
1997-12-28,3.71,26.51,82.4,11.28,1.55,0.58
1997-12-29,0.55,26.62,81.75,24.07,1.53,0.58
1997-12-30,0.63,27.72,74.29,22.68,1.56,0.57
1997-12-31,0.63,27.95,71.97,24.32,2.01,0.56
1998-01-01,0.63,27.9,71.89,23.24,1.96,0.56
1998-01-02,0.09,28.38,67.84,22.04,2.02,0.55
1998-01-03,0.08,28.25,70.03,23.55,1.31,0.54
1998-01-04,2.64,27.84,76.17,18.73,1.9,0.54
1998-01-05,15.39,26.94,81.69,19.62,2.54,0.55
1998-01-06,7.29,26.11,86.04,17.61,2.15,0.58
1998-01-07,7.01,27.03,79.92,19.6,1.26,0.58
1998-01-08,5.26,27.58,78.38,22.19,0.67,0.58
1998-01-09,0.66,27.9,76.81,24.86,1.39,0.58
1998-01-10,0.19,28.58,72.65,23.36,1.27,0.57
1998-01-11,0.44,28.93,70.24,23.17,1.15,0.56
1998-01-12,6.23,28.66,73.34,22.14,2.19,0.56
1998-01-13,0.83,28.7,73.25,22.76,1.5,0.56
1998-01-14,0.11,29.04,71.39,23.76,1.92,0.55
1998-01-15,0.08,29.18,69.55,22.2,1.26,0.54
1998-01-16,2.17,29.57,70.38,22.78,1.78,0.54
1998-01-17,0.65,28.81,72.74,22.0,2.53,0.53
1998-01-18,0.59,29.35,66.86,23.74,1.92,0.53
1998-01-19,7.67,27.31,81.4,16.98,3.06,0.53
1998-01-20,19.13,27.23,82.42,12.42,4.44,0.55
1998-01-21,20.06,26.87,87.16,8.35,4.25,0.6
1998-01-22,2.62,27.16,85.82,13.51,3.72,0.6
1998-01-23,3.28,27.29,85.02,9.0,3.47,0.6
1998-01-24,17.97,27.38,83.88,14.48,3.75,0.61
1998-01-25,15.29,27.43,85.77,11.49,4.49,0.64
1998-01-26,4.14,27.28,85.39,18.61,3.78,0.65
1998-01-27,11.86,27.09,83.59,20.03,2.35,0.65
1998-01-28,4.43,27.31,82.33,21.83,1.98,0.66
1998-01-29,1.39,27.35,82.8,19.99,2.68,0.66
1998-01-30,3.41,26.68,84.15,20.03,2.99,0.65
1998-01-31,13.55,26.82,85.03,17.42,2.88,0.67
1998-02-01,1.82,26.75,83.18,21.23,2.33,0.67
1998-02-02,0.16,27.71,77.29,19.94,1.39,0.66
1998-02-03,0.51,27.99,76.49,20.94,1.01,0.66
1998-02-04,7.54,27.79,77.91,23.38,0.88,0.65
1998-02-05,13.21,27.77,80.6,22.39,1.03,0.67
1998-02-06,17.76,27.31,84.42,18.8,1.68,0.69
1998-02-07,1.54,26.88,87.23,22.42,2.16,0.7
1998-02-08,1.62,27.56,78.96,20.77,2.16,0.69
1998-02-09,0.82,27.79,74.32,21.35,1.67,0.68
1998-02-10,9.11,26.65,87.53,16.59,3.65,0.68
1998-02-11,8.3,26.34,86.7,18.5,3.06,0.7
1998-02-12,2.96,26.98,84.46,21.42,3.45,0.7
1998-02-13,2.01,27.55,79.46,20.9,1.71,0.7
1998-02-14,8.78,27.78,78.29,22.25,1.03,0.7
1998-02-15,9.56,26.95,83.97,23.52,1.43,0.71
1998-02-16,10.71,26.53,88.46,19.66,2.09,0.72
1998-02-17,1.19,27.2,81.12,21.96,0.96,0.73
1998-02-18,0.54,28.5,76.1,22.81,1.33,0.72
1998-02-19,0.47,28.53,77.95,21.35,0.99,0.71
1998-02-20,0.29,27.51,85.19,19.55,1.28,0.7
1998-02-21,0.79,27.07,87.76,19.39,2.51,0.7
1998-02-22,6.92,26.93,83.5,18.9,2.17,0.7
1998-02-23,7.35,26.7,84.6,22.01,1.84,0.71
1998-02-24,1.46,26.81,84.51,23.15,1.46,0.72
1998-02-25,0.54,28.17,77.93,19.95,1.28,0.71
1998-02-26,3.01,27.34,85.78,13.55,2.59,0.71
1998-02-27,2.52,27.2,85.04,22.02,1.92,0.71
1998-02-28,4.18,26.73,86.36,20.66,2.13,0.71
1998-03-01,8.9,26.93,84.35,23.31,1.64,0.71
1998-03-02,3.62,26.36,87.18,23.84,2.48,0.72
1998-03-03,0.46,27.04,83.37,18.71,2.21,0.72
1998-03-04,0.44,27.43,81.19,21.97,2.14,0.71
1998-03-05,1.38,27.17,82.48,18.94,2.01,0.71
1998-03-06,0.63,27.18,83.32,19.06,1.12,0.7
1998-03-07,1.26,27.81,79.93,14.9,1.24,0.7
1998-03-08,0.36,27.99,78.84,19.05,1.27,0.7
1998-03-09,0.24,28.8,74.35,22.63,1.01,0.69
1998-03-10,0.19,27.89,81.42,17.48,1.77,0.68
1998-03-11,0.88,28.35,77.99,20.17,1.21,0.67
1998-03-12,0.99,27.59,83.8,20.3,1.78,0.67
1998-03-13,12.53,27.21,83.76,18.81,2.02,0.68
1998-03-14,3.27,28.25,75.12,20.0,1.05,0.69
1998-03-15,2.51,27.92,77.99,19.56,1.22,0.68
1998-03-16,3.71,27.21,84.51,20.48,1.65,0.68
1998-03-17,2.4,27.32,82.93,18.18,2.09,0.68
1998-03-18,20.61,27.61,79.03,16.18,0.95,0.7
1998-03-19,2.88,28.1,76.02,22.19,0.91,0.71
1998-03-20,0.48,28.18,75.86,23.25,1.59,0.7
1998-03-21,0.11,27.98,76.17,22.2,1.25,0.69
1998-03-22,0.06,28.41,74.63,21.77,1.35,0.68
1998-03-23,0.2,27.96,79.19,19.87,1.82,0.67
1998-03-24,6.22,26.77,86.79,20.51,1.07,0.67
1998-03-25,9.38,27.42,82.31,21.38,1.52,0.68
1998-03-26,2.94,27.11,84.27,20.73,1.76,0.69
1998-03-27,0.92,26.92,83.77,18.81,1.74,0.69
1998-03-28,1.37,26.59,85.54,15.92,2.01,0.68
1998-03-29,1.41,26.9,85.12,16.83,2.47,0.68
1998-03-30,1.69,27.39,81.75,21.4,1.95,0.68
1998-03-31,3.83,27.39,81.99,18.38,2.09,0.67
1998-04-01,6.36,26.34,86.78,15.81,2.24,0.68
1998-04-02,1.86,27.31,79.4,21.18,1.87,0.68
1998-04-03,0.84,27.64,76.14,21.65,2.05,0.68
1998-04-04,23.06,27.62,77.2,20.19,1.54,0.69
1998-04-05,6.58,28.19,77.13,20.71,1.35,0.7
1998-04-06,3.29,28.14,79.83,20.45,1.63,0.7
1998-04-07,4.16,27.63,80.49,18.32,0.94,0.7
1998-04-08,2.25,27.79,82.96,17.29,1.94,0.7
1998-04-09,14.96,27.49,83.53,18.73,2.59,0.71
1998-04-10,9.65,27.55,85.28,19.62,1.36,0.72
1998-04-11,2.37,27.21,87.78,19.88,2.2,0.72
1998-04-12,5.98,27.38,84.46,17.31,2.07,0.72
1998-04-13,2.33,28.0,80.23,19.82,2.11,0.72
1998-04-14,2.47,28.33,80.51,19.92,2.24,0.72
1998-04-15,1.27,28.39,79.59,20.81,2.37,0.71
1998-04-16,7.1,27.76,80.32,14.7,2.03,0.71
1998-04-17,6.66,27.51,81.11,18.23,1.92,0.71
1998-04-18,3.87,27.55,81.28,19.79,1.8,0.71
1998-04-19,1.62,28.14,78.4,21.03,1.06,0.71
1998-04-20,0.02,28.42,77.6,21.05,1.87,0.71
1998-04-21,0.34,28.65,74.79,20.61,1.05,0.7
1998-04-22,1.87,28.5,77.8,15.88,0.82,0.69
1998-04-23,2.25,27.45,86.62,19.84,2.47,0.69
1998-04-24,1.64,27.6,85.89,17.12,1.61,0.69
1998-04-25,0.52,28.32,76.98,19.02,0.83,0.69
1998-04-26,5.1,27.69,81.57,19.05,1.77,0.69
1998-04-27,3.75,27.63,81.86,15.83,2.99,0.69
1998-04-28,2.25,27.73,81.88,18.38,3.35,0.68
1998-04-29,1.77,27.7,80.89,14.68,2.01,0.68
1998-04-30,1.93,27.13,83.68,15.05,2.0,0.68
1998-05-01,1.31,27.02,84.67,20.02,2.39,0.67
1998-05-02,0.26,27.42,80.32,17.42,2.86,0.67
1998-05-03,0.32,27.45,79.45,20.06,3.55,0.66
1998-05-04,0.32,27.4,79.25,19.69,3.75,0.65
1998-05-05,5.16,27.29,79.21,17.35,3.13,0.65
1998-05-06,0.14,26.94,79.43,19.67,3.54,0.65
1998-05-07,0.03,26.82,76.83,19.69,4.03,0.64
1998-05-08,0.02,26.88,76.24,19.33,3.06,0.63
1998-05-09,0.15,26.86,79.43,18.84,2.41,0.62
1998-05-10,0.12,27.11,78.29,18.89,2.57,0.62
1998-05-11,0.35,27.18,80.33,18.92,2.39,0.61
1998-05-12,0.27,27.38,78.8,18.79,2.04,0.6
1998-05-13,0.18,27.21,75.76,19.42,2.63,0.6
1998-05-14,0.0,27.49,76.49,19.48,2.37,0.59
1998-05-15,2.26,27.6,78.19,17.6,2.11,0.58
1998-05-16,16.17,26.26,84.41,14.35,2.13,0.6
1998-05-17,5.62,26.93,82.16,12.7,1.75,0.62
1998-05-18,0.43,26.68,84.47,15.92,1.51,0.61
1998-05-19,0.73,27.29,81.8,15.97,1.52,0.61
1998-05-20,0.33,27.71,82.92,18.77,2.07,0.6
1998-05-21,0.09,27.75,82.45,18.83,2.83,0.6
1998-05-22,0.31,27.47,80.21,18.08,3.13,0.59
1998-05-23,0.07,27.11,77.67,19.16,3.78,0.58
1998-05-24,0.08,26.89,78.76,17.13,2.92,0.58
1998-05-25,0.07,27.43,75.9,18.5,2.25,0.57
1998-05-26,0.02,27.6,76.22,18.87,2.5,0.57
1998-05-27,0.14,27.66,77.87,18.34,2.98,0.56
1998-05-28,0.42,27.42,78.41,16.71,2.6,0.55
1998-05-29,5.31,26.6,82.18,16.75,3.27,0.55
1998-05-30,0.36,27.16,78.89,17.63,2.98,0.55
1998-05-31,0.12,27.34,76.77,18.14,3.19,0.55
1998-06-01,1.08,27.29,78.63,17.23,3.64,0.54
1998-06-02,0.41,27.52,76.84,18.04,3.13,0.54
1998-06-03,0.0,27.01,73.86,17.9,2.9,0.53
1998-06-04,0.0,27.48,72.79,18.03,1.92,0.53
1998-06-05,0.0,27.32,69.79,18.26,2.5,0.52
1998-06-06,1.66,27.69,73.64,18.02,2.68,0.52
1998-06-07,2.02,27.55,73.33,15.69,2.45,0.52
1998-06-08,1.3,27.28,72.59,17.75,1.69,0.52
1998-06-09,0.02,27.21,69.18,18.0,2.29,0.51
1998-06-10,0.03,27.26,69.8,11.57,2.1,0.51
1998-06-11,3.78,27.26,75.27,13.16,1.71,0.51
1998-06-12,1.66,27.28,79.51,17.06,1.9,0.51
1998-06-13,0.3,27.23,78.5,14.82,2.27,0.51
1998-06-14,0.37,27.6,78.92,18.11,1.97,0.5
1998-06-15,4.12,27.42,80.85,11.79,2.56,0.51
1998-06-16,0.75,27.36,77.96,17.16,2.4,0.51
1998-06-17,0.0,27.49,72.85,16.66,2.1,0.5
1998-06-18,0.3,27.13,72.44,16.69,2.64,0.49
1998-06-19,1.51,27.14,78.32,15.44,2.11,0.49
1998-06-20,0.82,26.74,80.21,15.69,1.87,0.49
1998-06-21,3.8,27.16,77.11,17.03,3.24,0.5
1998-06-22,3.92,27.15,79.41,16.62,3.11,0.5
1998-06-23,1.94,27.29,75.37,14.88,3.29,0.5
1998-06-24,0.08,27.36,72.09,13.83,3.36,0.5
1998-06-25,0.08,27.42,71.51,17.92,3.65,0.49
1998-06-26,0.25,26.93,70.63,16.25,4.0,0.49
1998-06-27,0.04,27.15,69.28,17.91,2.68,0.49
1998-06-28,0.3,27.74,69.0,17.29,3.36,0.48
1998-06-29,0.07,27.41,71.66,17.06,2.72,0.48
1998-06-30,0.15,27.74,72.69,16.97,2.42,0.47
1998-07-01,0.35,27.34,75.83,16.03,2.92,0.47
1998-07-02,0.32,27.58,73.47,12.58,1.97,0.47
1998-07-03,0.12,27.59,70.47,17.5,1.58,0.47
1998-07-04,18.96,27.03,77.43,9.31,1.54,0.48
1998-07-05,21.25,26.67,83.03,15.3,2.18,0.52
1998-07-06,6.22,26.31,84.21,16.25,1.83,0.54
1998-07-07,2.4,26.27,83.34,15.53,2.48,0.54
1998-07-08,1.63,26.3,82.17,13.79,4.26,0.54
1998-07-09,0.05,27.48,73.64,17.79,3.46,0.53
1998-07-10,0.12,27.16,73.63,17.59,3.46,0.53
1998-07-11,0.11,27.02,71.59,16.92,3.07,0.52
1998-07-12,0.05,26.78,70.69,17.41,2.43,0.52
1998-07-13,0.21,26.4,72.58,17.24,2.87,0.51
1998-07-14,0.02,26.97,70.19,15.15,1.83,0.51
1998-07-15,0.08,27.42,71.5,16.39,2.74,0.5
1998-07-16,0.06,27.84,70.47,18.61,3.0,0.5
1998-07-17,0.44,27.57,71.7,15.84,3.06,0.5
1998-07-18,0.09,27.49,71.67,13.54,3.09,0.49
1998-07-19,0.01,27.64,67.69,18.49,2.99,0.49
1998-07-20,0.03,27.48,70.46,17.14,4.69,0.48
1998-07-21,0.43,27.93,69.3,19.2,3.84,0.48
1998-07-22,2.68,27.26,73.1,16.97,1.78,0.48
1998-07-23,2.08,27.85,71.88,18.87,3.25,0.48
1998-07-24,2.49,27.78,73.43,14.76,3.44,0.48
1998-07-25,1.07,27.7,73.4,15.91,2.83,0.48
1998-07-26,3.57,27.68,72.43,14.1,2.28,0.48
1998-07-27,3.65,26.45,83.12,15.75,1.85,0.49
1998-07-28,0.55,26.45,81.76,17.47,2.83,0.49
1998-07-29,10.5,26.37,84.2,17.44,1.43,0.49
1998-07-30,11.35,26.22,83.26,12.25,2.63,0.51
1998-07-31,0.12,27.34,73.41,19.31,2.1,0.52
1998-08-01,0.2,27.16,72.84,19.86,2.54,0.51
1998-08-02,0.09,27.11,71.27,17.94,2.59,0.5
1998-08-03,0.06,26.82,71.62,18.97,2.58,0.5
1998-08-04,0.01,27.04,67.77,19.72,2.64,0.49
1998-08-05,0.0,27.39,64.72,20.12,2.51,0.49
1998-08-06,0.0,27.22,68.78,19.77,3.89,0.48
1998-08-07,0.05,27.42,64.54,20.23,3.04,0.48
1998-08-08,0.01,27.78,64.86,19.76,3.78,0.48
1998-08-09,0.01,27.52,68.18,18.75,5.23,0.47
1998-08-10,0.6,27.12,66.43,18.72,4.97,0.47
1998-08-11,0.01,26.59,67.47,16.15,4.01,0.47
1998-08-12,0.08,27.13,70.82,19.69,3.49,0.46
1998-08-13,0.31,27.69,65.55,19.65,3.57,0.46
1998-08-14,0.16,27.36,67.96,19.38,2.8,0.46
1998-08-15,0.0,27.43,65.53,20.97,3.48,0.45
1998-08-16,1.26,27.44,67.0,19.18,3.61,0.45
1998-08-17,0.95,27.65,63.11,16.82,2.5,0.45
1998-08-18,0.05,27.16,64.08,20.25,3.06,0.45
1998-08-19,0.22,27.17,67.27,21.09,3.92,0.44
1998-08-20,0.0,27.35,67.38,20.9,4.15,0.44
1998-08-21,0.0,27.66,66.31,21.36,4.27,0.44
1998-08-22,0.07,28.17,68.11,20.39,3.94,0.43
1998-08-23,0.4,28.34,68.21,20.95,3.48,0.43
1998-08-24,0.07,27.64,71.21,21.56,3.19,0.43
1998-08-25,0.03,28.47,66.1,21.4,3.6,0.43
1998-08-26,0.39,28.43,66.68,19.91,3.47,0.43
1998-08-27,0.41,28.24,63.85,21.12,3.1,0.42
1998-08-28,0.09,27.56,59.86,22.04,4.29,0.42
1998-08-29,0.01,26.3,59.12,22.19,4.12,0.42
1998-08-30,0.19,26.57,62.4,21.49,3.71,0.41
1998-08-31,0.16,27.07,65.12,21.08,3.11,0.41
1998-09-01,0.23,27.73,66.07,20.93,2.44,0.41
1998-09-02,0.25,27.62,67.3,21.47,3.37,0.41
1998-09-03,0.23,27.61,64.52,21.27,4.01,0.41
1998-09-04,0.82,26.74,67.62,22.72,5.04,0.4
1998-09-05,0.18,27.04,60.89,21.21,3.54,0.4
1998-09-06,0.03,27.33,62.2,22.1,3.16,0.4
1998-09-07,0.03,28.74,61.88,21.43,3.18,0.4
1998-09-08,0.41,28.79,62.71,21.67,3.3,0.4
1998-09-09,0.21,28.88,61.61,21.29,3.88,0.39
1998-09-10,0.03,28.45,60.72,22.5,3.43,0.39
1998-09-11,0.0,28.09,59.71,22.96,3.95,0.39
1998-09-12,0.11,27.89,58.38,23.61,3.2,0.39
1998-09-13,0.09,27.73,60.12,22.76,4.12,0.39
1998-09-14,0.07,27.47,66.6,21.15,4.9,0.38
1998-09-15,0.19,28.13,66.77,21.41,4.01,0.38
1998-09-16,1.14,28.63,64.3,21.67,2.8,0.38
1998-09-17,0.57,28.45,64.43,22.87,2.4,0.38
1998-09-18,0.03,28.63,62.22,22.58,2.01,0.38
1998-09-19,0.01,28.99,59.31,22.58,2.68,0.38
1998-09-20,0.01,29.15,59.72,19.78,2.85,0.38
1998-09-21,3.34,28.77,64.11,21.85,3.26,0.37
1998-09-22,6.77,26.84,80.08,21.51,2.42,0.39
1998-09-23,21.91,27.31,79.41,19.54,3.7,0.41
1998-09-24,16.02,26.87,83.19,20.37,2.62,0.46
1998-09-25,4.95,27.78,74.14,19.14,2.41,0.46
1998-09-26,1.78,28.0,71.15,22.4,2.71,0.46
1998-09-27,0.37,28.31,67.23,22.74,3.69,0.45
1998-09-28,0.55,28.41,69.85,22.8,2.93,0.45
1998-09-29,0.15,28.93,66.8,23.17,2.92,0.44
1998-09-30,0.12,28.92,63.79,20.07,1.76,0.44
1998-10-01,0.02,29.08,62.65,22.85,2.55,0.43
1998-10-02,0.01,29.14,60.83,22.33,2.44,0.43
1998-10-03,0.0,29.18,62.0,23.53,2.39,0.43
1998-10-04,0.03,29.17,60.63,21.51,2.39,0.42
1998-10-05,0.47,29.58,59.01,22.14,2.28,0.42
1998-10-06,0.68,29.97,57.53,23.57,2.59,0.42
1998-10-07,0.62,29.69,59.76,23.41,2.42,0.41
1998-10-08,4.86,29.31,61.03,21.99,2.86,0.42
1998-10-09,4.73,29.42,62.94,19.64,2.11,0.42
1998-10-10,0.97,29.34,63.42,18.95,1.16,0.42
1998-10-11,0.98,29.36,64.29,19.83,1.45,0.42
1998-10-12,0.18,29.73,62.53,21.19,1.83,0.41
1998-10-13,8.57,29.32,65.87,21.97,2.56,0.42
1998-10-14,7.06,28.29,73.33,19.77,3.61,0.43
1998-10-15,3.71,28.39,72.85,21.22,2.65,0.43
1998-10-16,1.46,29.29,68.52,22.7,3.51,0.43
1998-10-17,0.01,29.24,66.52,17.73,2.87,0.43
1998-10-18,0.2,28.96,66.72,23.46,2.82,0.42
1998-10-19,0.51,29.32,63.24,21.26,2.87,0.42
1998-10-20,1.32,29.76,63.74,23.05,1.72,0.42
1998-10-21,2.15,29.71,66.28,21.16,2.68,0.41
1998-10-22,1.05,28.74,70.41,21.29,3.17,0.41
1998-10-23,8.48,28.33,74.24,18.45,2.8,0.42
1998-10-24,4.44,27.31,81.26,20.31,3.24,0.43
1998-10-25,0.44,28.43,70.96,22.7,2.66,0.43
1998-10-26,0.15,29.12,68.04,21.91,2.53,0.43
1998-10-27,17.0,28.46,72.36,20.02,1.53,0.44
1998-10-28,8.37,27.95,77.65,18.53,1.29,0.46
1998-10-29,3.99,27.24,78.32,17.72,1.88,0.47
1998-10-30,2.01,27.78,73.09,11.3,1.89,0.47
1998-10-31,8.23,26.97,82.2,16.16,2.64,0.47
1998-11-01,24.26,26.28,82.76,18.87,0.89,0.5
1998-11-02,17.33,26.71,83.65,22.71,1.81,0.55
1998-11-03,0.69,26.98,80.48,22.38,1.0,0.55
1998-11-04,6.95,27.64,74.63,24.22,0.71,0.54
1998-11-05,4.86,26.97,79.43,19.05,0.95,0.55
1998-11-06,17.76,27.04,83.09,19.05,1.06,0.57
1998-11-07,16.89,27.41,82.25,24.47,1.61,0.6
1998-11-08,8.65,27.38,82.79,20.09,1.86,0.62
1998-11-09,2.71,28.12,77.18,21.12,1.56,0.61
1998-11-10,12.35,26.79,85.63,17.78,2.45,0.62
1998-11-11,1.83,27.31,82.13,19.61,3.48,0.63
1998-11-12,1.85,27.15,80.31,19.44,2.81,0.62
1998-11-13,7.31,27.85,76.57,18.06,2.29,0.62
1998-11-14,11.64,27.27,78.01,19.63,2.36,0.64
1998-11-15,20.32,27.71,76.4,22.77,1.69,0.65
1998-11-16,8.37,27.27,76.09,22.01,2.95,0.67
1998-11-17,2.81,26.93,78.67,21.16,2.83,0.66
1998-11-18,2.18,26.64,81.15,21.47,1.19,0.65
1998-11-19,9.67,26.64,82.82,20.7,1.71,0.66
1998-11-20,3.11,26.1,87.78,15.43,4.17,0.67
1998-11-21,1.11,26.65,82.01,17.56,2.75,0.66
1998-11-22,11.5,26.45,83.86,17.6,2.21,0.67
1998-11-23,0.48,27.2,76.75,19.8,1.78,0.67
1998-11-24,2.89,27.38,75.91,21.75,1.77,0.66
1998-11-25,2.31,27.16,77.91,21.55,2.08,0.66
1998-11-26,4.21,26.34,79.96,20.96,2.07,0.66
1998-11-27,0.72,27.05,74.89,22.07,1.62,0.66
1998-11-28,9.88,26.74,78.08,21.05,2.03,0.66
1998-11-29,2.56,27.04,76.38,20.89,1.73,0.66
1998-11-30,1.2,26.94,78.68,19.39,1.81,0.65
1998-12-01,9.11,26.27,85.48,18.98,3.21,0.66
1998-12-02,2.65,26.58,86.92,16.5,4.05,0.67
1998-12-03,10.24,26.03,85.97,10.89,2.4,0.67
1998-12-04,3.27,26.7,80.07,18.92,2.19,0.68
1998-12-05,7.22,26.93,80.27,19.53,1.92,0.68
1998-12-06,4.79,27.2,76.3,20.1,2.02,0.68
1998-12-07,0.96,27.07,77.12,21.24,3.13,0.67
1998-12-08,0.41,27.08,76.6,21.88,3.44,0.66
1998-12-09,3.44,27.03,78.16,21.42,3.86,0.65
1998-12-10,11.03,26.72,80.79,18.78,4.1,0.66
1998-12-11,3.17,26.76,80.12,19.25,3.28,0.66
1998-12-12,2.47,27.17,76.67,22.91,1.73,0.66
1998-12-13,2.23,27.01,79.45,22.05,1.04,0.65
1998-12-14,5.44,27.13,78.34,22.39,1.32,0.65
1998-12-15,5.76,26.9,81.25,22.1,1.07,0.66
1998-12-16,2.88,26.58,83.11,21.84,1.69,0.66
1998-12-17,9.44,26.58,79.93,17.87,1.36,0.66
1998-12-18,8.34,26.17,84.42,20.31,1.72,0.67
1998-12-19,2.27,26.08,84.68,18.68,2.41,0.68
1998-12-20,34.43,26.01,89.96,18.58,6.16,0.7
1998-12-21,22.47,26.15,85.92,21.27,2.77,0.76
1998-12-22,2.05,26.1,86.48,17.99,2.4,0.76
1998-12-23,2.5,26.43,83.57,15.86,2.12,0.75
1998-12-24,16.72,26.53,85.39,16.94,1.88,0.76
1998-12-25,10.58,26.16,86.02,19.12,1.58,0.79
1998-12-26,2.28,26.38,83.95,19.82,1.73,0.78
1998-12-27,1.69,26.38,84.22,18.4,2.31,0.78
1998-12-28,6.14,26.18,84.44,18.72,1.97,0.78
1998-12-29,4.04,26.32,82.75,21.1,2.53,0.78
1998-12-30,18.62,26.75,81.64,21.98,2.17,0.79
1998-12-31,7.98,27.01,79.8,22.66,2.13,0.8
1999-01-01,12.52,26.27,85.74,21.96,1.57,0.82
1999-01-02,3.53,26.6,80.95,21.61,2.13,0.82
1999-01-03,2.32,26.89,79.95,21.68,1.02,0.81
1999-01-04,2.19,26.69,81.96,20.58,1.77,0.8
1999-01-05,2.13,26.5,83.77,17.76,2.45,0.8
1999-01-06,1.78,26.45,84.52,21.07,1.91,0.8
1999-01-07,3.2,26.51,83.77,15.68,2.87,0.8
1999-01-08,0.99,26.63,79.35,21.89,1.91,0.8
1999-01-09,5.44,25.88,85.07,18.14,1.27,0.8
1999-01-10,1.3,26.72,80.74,16.09,1.36,0.8
1999-01-11,21.09,25.99,84.02,19.71,1.81,0.81
1999-01-12,9.37,25.26,84.61,18.17,1.8,0.83
1999-01-13,3.1,26.12,83.08,18.47,0.84,0.83
1999-01-14,12.75,25.99,86.44,22.06,2.39,0.83
1999-01-15,9.08,26.22,83.19,21.57,1.96,0.84
1999-01-16,11.18,26.28,84.26,22.73,1.8,0.85
1999-01-17,7.38,26.71,82.14,16.92,3.32,0.85
1999-01-18,17.72,26.44,86.08,16.86,3.59,0.86
1999-01-19,14.76,26.48,84.44,18.14,2.98,0.88
1999-01-20,6.07,26.38,87.68,19.65,3.24,0.88
1999-01-21,15.78,26.3,87.67,13.35,3.51,0.89
1999-01-22,21.08,26.28,89.13,9.86,4.4,0.91
1999-01-23,11.14,26.4,85.74,19.58,2.19,0.92
1999-01-24,49.94,27.0,83.98,14.97,1.94,0.93
1999-01-25,12.66,26.87,84.66,20.59,2.23,0.96
1999-01-26,1.21,27.18,79.78,21.33,1.82,0.95
1999-01-27,8.52,27.2,83.13,17.32,2.06,0.95
1999-01-28,13.87,26.51,85.97,13.4,2.33,0.95
1999-01-29,8.75,26.03,89.47,13.45,4.12,0.96
1999-01-30,5.55,25.88,87.85,17.58,4.34,0.95
1999-01-31,5.99,26.45,87.49,9.24,5.97,0.95
1999-02-01,3.87,26.54,86.98,15.12,5.99,0.95
1999-02-02,4.62,26.73,88.04,17.34,5.86,0.94
1999-02-03,7.43,26.11,86.72,19.54,4.12,0.94
1999-02-04,7.91,26.27,87.43,17.86,4.17,0.94
1999-02-05,2.51,25.84,88.1,20.06,3.7,0.94
1999-02-06,6.28,26.47,83.86,20.66,3.18,0.94
1999-02-07,12.38,26.31,86.72,19.19,3.78,0.93
1999-02-08,9.64,25.43,88.28,8.03,3.39,0.94
1999-02-09,5.36,25.81,82.93,20.98,2.76,0.94
1999-02-10,6.95,26.01,86.67,20.04,3.87,0.93
1999-02-11,7.49,25.59,89.15,18.55,4.97,0.94
1999-02-12,8.28,26.03,86.18,19.87,3.69,0.93
1999-02-13,3.01,25.46,86.32,20.61,3.79,0.93
1999-02-14,19.86,25.5,87.57,15.7,3.6,0.93
1999-02-15,5.46,25.6,85.93,20.3,2.73,0.94
1999-02-16,1.84,25.85,85.52,18.44,2.9,0.94
1999-02-17,1.42,25.89,85.48,21.56,2.58,0.93
1999-02-18,2.52,26.42,82.17,22.18,2.42,0.92
1999-02-19,11.81,26.43,83.88,19.52,2.12,0.92
1999-02-20,13.22,25.66,88.17,15.77,3.85,0.92
1999-02-21,29.46,25.78,89.24,14.43,4.5,0.94
1999-02-22,12.91,25.98,89.55,20.47,4.56,0.96
1999-02-23,4.92,26.12,87.3,17.47,3.89,0.96
1999-02-24,10.65,25.45,89.82,18.11,4.25,0.95
1999-02-25,1.54,25.72,87.34,16.68,2.54,0.96
1999-02-26,1.51,26.08,82.3,16.97,1.43,0.95
1999-02-27,1.18,25.93,86.26,21.65,2.19,0.94
1999-02-28,7.66,25.81,87.42,21.19,1.81,0.94
1999-03-01,10.63,25.93,83.51,21.02,1.79,0.94
1999-03-02,3.12,26.86,79.36,20.05,1.34,0.94
1999-03-03,4.12,26.17,85.43,17.15,2.68,0.94
1999-03-04,1.88,26.17,85.95,19.1,2.22,0.93
1999-03-05,2.84,25.78,87.6,15.16,2.42,0.93
1999-03-06,3.83,25.67,87.54,21.6,2.31,0.92
1999-03-07,14.11,26.27,81.94,19.99,1.63,0.93
1999-03-08,3.57,26.07,81.47,18.98,1.33,0.93
1999-03-09,1.64,26.87,80.81,21.85,1.85,0.92
1999-03-10,3.02,26.85,85.65,15.0,2.06,0.92
1999-03-11,2.65,26.95,80.67,21.11,0.73,0.91
1999-03-12,17.79,26.26,81.14,19.77,1.43,0.92
1999-03-13,11.48,26.47,81.98,17.65,1.42,0.93
1999-03-14,8.78,25.98,89.16,21.25,1.66,0.93
1999-03-15,6.83,26.04,89.45,13.73,4.08,0.94
1999-03-16,5.38,25.99,90.7,13.68,4.37,0.94
1999-03-17,1.25,26.16,88.93,19.88,2.99,0.93
1999-03-18,6.15,26.95,84.79,20.11,1.41,0.93
1999-03-19,4.32,26.61,86.54,18.1,1.56,0.93
1999-03-20,2.74,26.28,86.03,18.85,2.33,0.92
1999-03-21,4.09,25.73,89.99,17.84,2.04,0.92
1999-03-22,19.99,25.59,88.39,18.05,2.29,0.93
1999-03-23,5.63,25.68,85.17,18.01,1.41,0.94
1999-03-24,3.93,26.01,86.54,19.44,2.77,0.94
1999-03-25,7.35,26.06,86.58,15.07,3.07,0.94
1999-03-26,4.67,26.02,87.47,18.34,3.04,0.93
1999-03-27,10.3,25.91,88.74,13.47,2.46,0.93
1999-03-28,9.98,26.11,85.26,16.56,1.03,0.94
1999-03-29,2.5,26.58,82.1,21.17,1.81,0.94
1999-03-30,7.61,26.46,83.83,19.57,3.14,0.93
1999-03-31,6.03,26.54,84.41,19.76,2.58,0.93
1999-04-01,23.22,26.74,85.09,19.41,1.82,0.94
1999-04-02,10.66,26.3,88.2,18.35,2.41,0.95
1999-04-03,2.18,26.22,83.73,17.82,1.74,0.95
1999-04-04,7.25,26.35,87.08,16.39,2.3,0.94
1999-04-05,9.64,26.19,87.6,14.96,2.9,0.95
1999-04-06,3.18,26.14,88.87,11.69,2.96,0.94
1999-04-07,2.68,26.72,85.85,18.29,2.26,0.94
1999-04-08,0.58,26.88,87.23,17.39,2.51,0.93
1999-04-09,0.18,26.64,87.7,20.45,2.16,0.93
1999-04-10,5.28,26.96,83.69,20.48,1.14,0.92
1999-04-11,5.1,26.95,81.94,19.6,1.01,0.92
1999-04-12,7.92,26.4,87.54,19.77,2.69,0.92
1999-04-13,21.14,26.14,87.32,16.61,2.38,0.93
1999-04-14,22.28,25.7,89.61,19.01,2.35,0.96
1999-04-15,0.91,25.64,91.29,17.22,3.53,0.96
1999-04-16,10.56,26.26,83.04,19.37,3.57,0.95
1999-04-17,5.8,26.39,83.59,14.18,3.65,0.96
1999-04-18,6.59,26.07,83.48,17.51,4.43,0.95
1999-04-19,5.72,26.04,83.43,19.31,3.55,0.95
1999-04-20,0.71,26.54,81.92,19.34,2.81,0.94
1999-04-21,0.18,27.1,77.88,21.24,2.76,0.93
1999-04-22,0.03,27.01,74.52,21.18,2.64,0.91
1999-04-23,0.15,26.76,78.36,20.17,2.76,0.9
1999-04-24,0.29,26.38,80.12,20.33,2.74,0.89
1999-04-25,0.13,26.73,74.54,20.41,2.24,0.88
1999-04-26,0.13,26.9,75.89,20.91,1.91,0.88
1999-04-27,0.01,26.75,81.11,20.7,2.26,0.87
1999-04-28,3.51,27.07,82.04,18.33,2.12,0.86
1999-04-29,2.74,25.91,86.22,14.35,2.21,0.86
1999-04-30,4.36,25.1,88.51,12.73,2.76,0.86
1999-05-01,3.16,24.95,88.64,14.2,3.79,0.86
1999-05-02,0.7,25.14,84.43,16.99,3.83,0.86
1999-05-03,0.04,25.67,75.73,21.28,3.66,0.85
1999-05-04,0.02,25.58,77.25,20.47,3.26,0.84
1999-05-05,0.02,26.17,73.34,19.83,2.96,0.84
1999-05-06,0.37,27.09,73.34,19.01,1.48,0.83
1999-05-07,0.94,26.21,85.56,17.23,3.31,0.82
1999-05-08,0.26,26.28,81.63,19.18,3.72,0.82
1999-05-09,0.08,25.98,78.8,18.92,2.76,0.81
1999-05-10,0.06,26.17,77.25,17.55,3.0,0.8
1999-05-11,0.18,26.15,79.98,17.34,2.41,0.79
1999-05-12,0.11,25.97,78.12,19.38,2.52,0.78
1999-05-13,0.0,26.09,77.13,17.31,2.16,0.77
1999-05-14,0.08,26.09,80.83,17.6,1.77,0.76
1999-05-15,0.21,26.48,81.22,19.21,2.79,0.76
1999-05-16,0.03,26.14,77.76,20.29,3.89,0.75
1999-05-17,0.06,25.74,77.26,19.5,3.21,0.74
1999-05-18,0.09,25.95,73.5,17.67,2.38,0.73
1999-05-19,0.0,26.12,78.95,19.15,2.8,0.72
1999-05-20,0.4,25.91,77.55,18.95,2.93,0.72
1999-05-21,0.0,25.92,76.09,19.46,3.4,0.71
1999-05-22,0.0,25.87,73.56,19.68,3.94,0.7
1999-05-23,0.05,25.09,74.13,19.26,3.77,0.69
1999-05-24,0.0,24.51,72.02,19.84,3.52,0.68
1999-05-25,0.19,24.8,71.22,18.82,2.74,0.68
1999-05-26,0.1,25.18,72.43,19.94,2.68,0.67
1999-05-27,0.0,25.47,74.19,19.93,2.24,0.66
1999-05-28,0.0,25.5,74.95,18.89,2.43,0.66
1999-05-29,0.01,25.01,76.9,18.72,3.07,0.65
1999-05-30,0.33,25.1,76.29,18.73,3.15,0.64
1999-05-31,0.04,25.64,75.06,17.8,3.26,0.64
1999-06-01,0.37,25.93,80.4,11.75,3.31,0.63
1999-06-02,0.34,26.31,79.98,17.05,3.32,0.63
1999-06-03,0.02,26.04,78.26,17.76,3.05,0.62
1999-06-04,0.01,25.46,75.48,18.06,3.36,0.61
1999-06-05,0.19,25.45,76.7,18.74,2.93,0.61
1999-06-06,0.27,25.34,77.67,18.75,3.28,0.6
1999-06-07,0.02,25.96,74.98,16.61,2.78,0.59
1999-06-08,0.3,26.1,77.56,18.28,2.58,0.59
1999-06-09,0.33,26.18,78.49,18.48,3.11,0.58
1999-06-10,0.61,26.22,77.18,18.42,2.66,0.58
1999-06-11,0.58,26.06,70.68,18.79,2.42,0.57
1999-06-12,0.19,25.71,72.26,18.13,2.25,0.57
1999-06-13,0.18,25.9,74.9,17.03,2.84,0.56
1999-06-14,0.07,26.01,71.38,18.48,2.89,0.56
1999-06-15,0.06,25.96,73.37,17.93,2.42,0.55
1999-06-16,0.0,26.08,72.98,17.58,3.41,0.55
1999-06-17,0.01,26.58,72.47,18.29,3.66,0.54
1999-06-18,0.05,26.53,72.89,17.97,3.31,0.54
1999-06-19,0.71,26.03,80.28,17.23,3.94,0.53
1999-06-20,0.88,25.81,81.91,13.95,3.88,0.53
1999-06-21,0.5,25.74,77.91,15.51,3.93,0.53
1999-06-22,4.7,25.1,83.26,9.46,3.71,0.53
1999-06-23,0.79,25.59,78.08,15.55,4.64,0.53
1999-06-24,0.04,25.53,71.1,16.56,4.83,0.53
1999-06-25,0.09,25.64,70.77,18.2,4.35,0.52
1999-06-26,0.19,25.38,72.13,17.89,4.78,0.52
1999-06-27,0.01,25.54,69.04,17.59,4.39,0.52
1999-06-28,0.0,25.15,67.87,18.27,4.4,0.51
1999-06-29,0.0,25.18,64.71,18.69,4.96,0.51
1999-06-30,0.03,25.18,69.48,16.5,4.49,0.5
1999-07-01,0.35,25.57,74.07,16.45,4.47,0.5
1999-07-02,0.85,25.83,76.05,12.56,4.38,0.5
1999-07-03,0.43,25.65,79.4,15.85,4.66,0.49
1999-07-04,0.2,25.69,77.61,15.69,4.09,0.49
1999-07-05,0.03,25.89,74.37,16.08,3.62,0.49
1999-07-06,0.07,25.95,73.1,17.36,3.73,0.49
1999-07-07,2.48,25.92,72.84,17.38,3.42,0.48
1999-07-08,1.39,25.82,72.32,18.23,4.0,0.48
1999-07-09,0.49,25.81,71.11,18.18,4.24,0.48
1999-07-10,0.23,26.33,69.15,19.2,3.59,0.48
1999-07-11,0.02,26.66,70.17,17.72,4.43,0.47
1999-07-12,0.19,26.61,68.61,18.64,3.68,0.47
1999-07-13,0.27,26.48,67.92,16.44,4.11,0.47
1999-07-14,0.15,26.01,64.89,16.91,4.73,0.47
1999-07-15,0.01,25.52,62.75,17.31,4.14,0.46
1999-07-16,0.21,24.8,62.03,19.15,3.94,0.46
1999-07-17,0.0,24.33,66.66,17.72,4.05,0.46
1999-07-18,0.04,24.93,68.38,18.09,3.82,0.45
1999-07-19,0.07,25.17,68.18,17.75,4.33,0.45
1999-07-20,0.0,25.13,67.28,18.87,3.38,0.45
1999-07-21,0.09,25.61,69.34,16.22,3.72,0.45
1999-07-22,0.12,25.66,67.31,17.34,3.79,0.44
1999-07-23,0.4,25.7,69.36,18.27,3.69,0.44
1999-07-24,0.0,25.71,64.04,17.7,4.17,0.44
1999-07-25,0.0,25.4,66.06,18.61,4.25,0.44
1999-07-26,0.0,25.54,65.49,18.45,3.51,0.43
1999-07-27,0.06,25.9,67.4,18.47,3.33,0.43
1999-07-28,0.0,26.12,67.35,19.29,3.13,0.43
1999-07-29,0.07,25.94,67.35,19.18,3.31,0.43
1999-07-30,1.23,26.01,66.17,19.01,3.38,0.42
1999-07-31,0.24,26.06,68.8,16.58,3.29,0.42
1999-08-01,0.07,26.45,64.04,18.98,3.06,0.42
1999-08-02,0.14,26.38,67.69,19.59,4.24,0.42
1999-08-03,0.01,26.06,63.66,20.38,4.78,0.42
1999-08-04,0.0,25.77,64.29,19.73,3.65,0.41
1999-08-05,0.01,25.37,66.46,19.75,3.6,0.41
1999-08-06,0.0,25.76,64.9,19.42,3.4,0.41
1999-08-07,0.06,26.06,70.27,17.36,3.28,0.41
1999-08-08,0.55,25.86,75.63,17.58,3.46,0.41
1999-08-09,1.38,25.36,77.87,17.79,2.32,0.41
1999-08-10,0.26,25.82,73.42,17.3,3.16,0.41
1999-08-11,0.0,26.31,65.28,19.26,3.63,0.4
1999-08-12,0.02,26.19,66.66,19.58,3.82,0.4
1999-08-13,0.14,26.65,63.82,20.7,3.99,0.4
1999-08-14,0.07,26.31,63.94,20.23,3.56,0.4
1999-08-15,0.18,25.86,63.79,19.28,3.83,0.4
1999-08-16,0.09,25.66,61.51,20.39,4.74,0.39
1999-08-17,0.01,25.03,57.16,20.78,4.02,0.39
1999-08-18,0.23,25.12,61.52,18.84,2.64,0.39
1999-08-19,0.14,25.56,61.73,20.28,3.9,0.39
1999-08-20,0.07,25.38,67.6,19.9,3.39,0.39
1999-08-21,0.26,26.04,67.87,19.2,2.74,0.39
1999-08-22,0.13,26.57,70.48,17.88,3.3,0.38
1999-08-23,0.19,27.46,66.61,20.9,3.32,0.38
1999-08-24,0.24,27.31,69.31,18.16,2.38,0.38
1999-08-25,0.25,27.6,64.85,20.31,3.56,0.38
1999-08-26,0.35,27.32,62.06,21.86,3.52,0.38
1999-08-27,0.12,26.78,60.36,20.93,3.26,0.38
1999-08-28,0.02,27.33,59.96,21.69,2.71,0.38
1999-08-29,0.21,27.07,60.85,22.26,3.25,0.38
1999-08-30,0.31,27.4,56.4,20.85,2.75,0.37
1999-08-31,0.56,26.81,58.33,22.26,3.89,0.37
1999-09-01,0.32,26.07,58.87,21.95,4.36,0.37
1999-09-02,0.24,26.5,60.85,21.58,3.28,0.37
1999-09-03,0.03,26.42,65.25,21.45,3.8,0.37
1999-09-04,0.68,26.65,67.82,21.26,3.75,0.37
1999-09-05,0.95,26.9,63.63,21.14,4.05,0.37
1999-09-06,0.24,26.74,67.53,22.0,2.83,0.37
1999-09-07,0.0,27.34,61.08,22.32,3.03,0.37
1999-09-08,0.08,27.18,64.88,22.54,3.16,0.37
1999-09-09,0.0,27.56,60.44,22.25,3.21,0.37
1999-09-10,0.83,27.29,61.06,22.75,4.03,0.37
1999-09-11,0.0,27.51,61.36,22.75,4.06,0.37
1999-09-12,0.0,27.36,62.87,23.4,3.27,0.37
1999-09-13,0.0,28.03,59.67,23.73,2.35,0.37
1999-09-14,0.0,28.16,61.55,21.59,3.82,0.37
1999-09-15,0.02,27.74,65.1,23.13,3.65,0.37
1999-09-16,0.0,27.66,62.96,22.23,3.59,0.37
1999-09-17,0.18,28.07,62.06,22.55,2.87,0.37
1999-09-18,0.58,28.38,59.15,23.67,3.53,0.37
1999-09-19,0.0,28.89,56.18,23.39,2.93,0.37
1999-09-20,0.47,28.79,61.53,22.94,3.57,0.37
1999-09-21,0.02,28.1,63.02,21.23,3.98,0.37
1999-09-22,0.01,28.01,62.61,21.62,2.85,0.37
1999-09-23,0.1,28.41,60.5,23.62,2.76,0.37
1999-09-24,2.03,27.66,67.17,15.4,3.3,0.37
1999-09-25,0.3,28.4,62.94,22.73,3.33,0.37
1999-09-26,0.01,28.55,60.3,23.98,3.16,0.37
1999-09-27,0.0,28.47,56.68,25.24,3.63,0.37
1999-09-28,0.0,28.05,58.7,25.46,4.75,0.37
1999-09-29,0.0,28.37,57.63,26.47,3.84,0.37
1999-09-30,0.01,28.33,56.5,24.83,3.17,0.37
1999-10-01,0.0,28.22,56.9,25.13,3.07,0.37
1999-10-02,0.73,28.09,60.99,18.56,2.54,0.37
1999-10-03,1.19,28.99,57.51,21.76,3.1,0.37
1999-10-04,0.38,29.43,58.55,26.6,2.71,0.37
1999-10-05,0.0,29.36,59.07,26.74,3.02,0.37
1999-10-06,0.08,29.48,60.11,24.89,2.48,0.37
1999-10-07,0.06,29.55,58.28,27.02,2.54,0.37
1999-10-08,0.01,29.55,59.24,26.23,2.85,0.37
1999-10-09,0.19,29.17,62.28,23.31,3.56,0.37
1999-10-10,3.67,27.32,70.83,18.79,3.23,0.37
1999-10-11,11.6,26.53,76.62,20.8,1.89,0.39
1999-10-12,4.37,27.12,75.68,24.76,2.24,0.4
1999-10-13,2.83,27.13,75.43,24.45,2.66,0.4
1999-10-14,3.4,26.69,76.3,17.73,2.03,0.41
1999-10-15,0.98,27.91,72.12,24.55,2.92,0.4
1999-10-16,0.7,27.36,75.56,22.28,4.14,0.4
1999-10-17,1.9,27.72,71.51,19.97,4.18,0.4
1999-10-18,1.47,28.32,68.96,20.79,2.8,0.4
1999-10-19,5.83,27.74,72.23,24.87,2.56,0.41
1999-10-20,1.22,27.78,69.46,21.46,1.64,0.41
1999-10-21,1.99,28.53,64.58,18.81,1.88,0.41
1999-10-22,1.89,27.97,69.98,24.11,3.95,0.41
1999-10-23,0.94,28.75,64.59,23.52,3.76,0.4
1999-10-24,1.09,28.43,67.29,22.27,2.93,0.4
1999-10-25,0.92,28.6,65.86,19.25,2.25,0.4
1999-10-26,1.87,28.57,70.36,19.29,2.29,0.4
1999-10-27,1.02,28.53,70.35,23.1,2.51,0.4
1999-10-28,1.21,29.1,68.22,24.94,2.62,0.4
1999-10-29,0.67,29.05,67.97,22.2,4.38,0.4
1999-10-30,0.73,28.16,71.95,20.04,3.38,0.4
1999-10-31,1.05,27.95,73.36,20.35,3.94,0.4
1999-11-01,0.63,28.25,72.65,22.81,3.83,0.4
1999-11-02,12.51,26.4,83.18,14.96,3.07,0.41
1999-11-03,7.87,26.89,76.92,15.54,1.85,0.43
1999-11-04,2.73,27.11,76.54,16.83,2.43,0.43
1999-11-05,0.93,27.75,71.38,19.0,2.97,0.43
1999-11-06,0.98,27.31,75.58,16.68,3.14,0.43
1999-11-07,17.67,27.34,75.13,17.17,1.58,0.44
1999-11-08,7.19,26.68,81.73,20.09,4.57,0.47
1999-11-09,0.32,27.0,78.31,21.77,3.51,0.46
1999-11-10,0.85,26.74,79.58,22.78,3.76,0.46
1999-11-11,1.23,27.14,78.55,19.83,2.64,0.46
1999-11-12,0.77,27.82,73.52,22.09,3.43,0.46
1999-11-13,1.21,28.28,67.86,22.13,2.09,0.46
1999-11-14,0.0,29.03,63.42,22.97,1.16,0.45
1999-11-15,0.15,28.54,65.26,22.4,1.2,0.45
1999-11-16,5.72,27.86,69.95,17.52,1.35,0.45
1999-11-17,28.91,26.04,83.34,19.22,1.6,0.48
1999-11-18,31.85,25.92,81.71,15.34,1.71,0.53
1999-11-19,22.16,26.69,79.39,17.72,1.24,0.6
1999-11-20,0.37,26.91,78.94,25.41,1.24,0.59
1999-11-21,4.04,26.0,84.92,16.72,2.13,0.58
1999-11-22,1.33,26.42,78.81,23.05,1.43,0.59
1999-11-23,1.19,26.88,78.83,25.32,1.37,0.58
1999-11-24,2.47,27.62,76.98,24.98,2.15,0.58
1999-11-25,1.9,27.81,74.03,21.99,2.76,0.57
1999-11-26,0.05,27.88,70.36,22.51,1.98,0.57
1999-11-27,0.04,28.31,69.76,25.19,3.18,0.56
1999-11-28,1.57,27.96,72.85,21.35,2.91,0.55
1999-11-29,0.38,28.35,68.36,22.74,2.38,0.54
1999-11-30,0.3,28.74,67.22,22.59,2.21,0.54
1999-12-01,0.32,28.7,67.58,22.36,2.76,0.53
1999-12-02,1.14,27.92,73.93,22.94,2.66,0.53
1999-12-03,9.33,27.23,82.41,25.2,1.85,0.53
1999-12-04,8.2,27.22,83.28,23.35,1.91,0.55
1999-12-05,12.88,27.49,80.38,20.02,3.67,0.56
1999-12-06,11.37,26.76,80.05,18.04,2.16,0.58
1999-12-07,17.72,27.06,79.17,17.97,1.02,0.59
1999-12-08,17.62,26.68,81.77,17.98,1.45,0.63
1999-12-09,3.99,25.78,87.06,16.17,4.85,0.63
1999-12-10,2.68,26.6,82.97,17.69,4.15,0.63
1999-12-11,2.73,27.09,79.14,17.82,3.81,0.63
1999-12-12,7.04,27.51,78.86,19.97,3.73,0.62
1999-12-13,10.17,26.56,83.63,16.96,2.81,0.64
1999-12-14,33.33,26.26,85.1,13.27,3.74,0.65
1999-12-15,24.15,26.28,88.66,8.28,5.11,0.72
1999-12-16,1.63,26.42,87.91,11.65,3.94,0.73
1999-12-17,4.16,25.83,85.95,17.76,2.68,0.72
1999-12-18,12.82,25.9,86.14,19.91,2.11,0.73
1999-12-19,19.08,25.35,87.09,17.81,1.33,0.75
1999-12-20,5.17,25.93,81.27,19.13,1.48,0.77
1999-12-21,8.17,26.43,78.4,18.62,1.58,0.76
1999-12-22,0.8,26.3,81.58,21.76,0.86,0.76
1999-12-23,1.76,25.94,80.55,23.6,1.52,0.76
1999-12-24,3.07,26.61,77.77,18.37,1.7,0.76
1999-12-25,37.1,25.46,88.96,17.75,3.57,0.78
1999-12-26,8.16,25.77,85.25,18.32,3.3,0.82
1999-12-27,3.16,25.94,89.07,13.25,4.56,0.81
1999-12-28,0.88,25.97,85.72,24.18,3.33,0.81
1999-12-29,2.97,25.77,86.33,23.91,3.8,0.8
1999-12-30,3.47,26.42,84.17,23.29,3.21,0.8
1999-12-31,5.8,26.29,85.49,18.48,2.73,0.8
2000-01-01,2.81,26.17,86.51,23.54,2.13,0.8
2000-01-02,1.82,26.52,82.24,19.45,1.55,0.8
2000-01-03,0.53,25.62,87.15,21.19,2.69,0.8
2000-01-04,1.44,26.25,81.37,24.13,1.41,0.79
2000-01-05,0.59,26.82,79.55,24.14,1.48,0.79
2000-01-06,6.35,26.84,80.94,22.78,1.61,0.79
2000-01-07,3.66,26.42,83.27,24.01,1.6,0.79
2000-01-08,18.85,25.64,81.9,15.79,1.94,0.8
2000-01-09,6.69,25.38,85.26,20.55,1.42,0.82
2000-01-10,8.06,25.62,86.42,20.39,2.15,0.82
2000-01-11,9.38,24.98,85.12,7.23,1.76,0.83
2000-01-12,7.37,25.23,86.34,17.04,3.43,0.84
2000-01-13,8.1,25.29,86.8,18.64,3.37,0.84
2000-01-14,5.36,25.69,83.93,18.79,2.41,0.84
2000-01-15,3.53,25.42,87.6,20.18,2.22,0.84
2000-01-16,0.56,25.9,82.84,19.71,1.53,0.84
2000-01-17,4.0,27.04,74.82,23.78,1.07,0.83
2000-01-18,8.37,26.35,80.67,21.69,1.71,0.84
2000-01-19,14.98,24.99,90.01,10.14,4.67,0.85
2000-01-20,22.39,25.36,87.12,16.35,4.45,0.86
2000-01-21,7.57,25.77,87.99,6.46,4.68,0.87
2000-01-22,7.68,25.85,89.32,6.97,5.4,0.87
2000-01-23,19.09,25.68,89.79,10.73,5.94,0.88
2000-01-24,26.8,26.02,89.36,11.93,3.74,0.91
2000-01-25,7.83,25.57,89.81,14.7,2.9,0.92
2000-01-26,4.14,25.34,87.62,16.86,3.03,0.92
2000-01-27,1.41,25.82,86.11,20.34,2.27,0.91
2000-01-28,6.47,25.27,89.38,17.73,2.77,0.91
2000-01-29,5.89,25.52,86.24,18.81,4.16,0.91
2000-01-30,17.58,25.82,86.27,20.7,3.63,0.91
2000-01-31,11.5,25.66,84.61,10.72,2.26,0.92
2000-02-01,2.5,25.37,87.62,21.13,3.77,0.92
2000-02-02,2.88,25.77,89.16,17.75,4.65,0.92
2000-02-03,4.93,26.11,86.13,22.32,1.98,0.91
2000-02-04,4.81,26.54,82.03,20.35,1.69,0.91
2000-02-05,4.22,25.69,87.83,19.44,5.0,0.91
2000-02-06,1.57,25.67,88.1,21.14,3.49,0.9
2000-02-07,7.24,25.85,89.32,18.87,3.3,0.9
2000-02-08,7.07,25.9,90.79,9.86,3.92,0.91
2000-02-09,13.64,25.75,88.99,5.96,4.16,0.91
2000-02-10,6.03,25.92,88.36,13.7,3.87,0.92
2000-02-11,2.98,25.85,87.34,20.69,4.07,0.92
2000-02-12,6.96,25.23,88.91,15.49,3.07,0.92
2000-02-13,22.65,25.19,89.19,9.69,3.31,0.93
2000-02-14,5.36,25.31,86.58,22.03,2.81,0.94
2000-02-15,0.69,25.8,85.92,19.87,2.49,0.93
2000-02-16,0.7,26.36,84.42,21.56,1.92,0.92
2000-02-17,11.79,25.95,87.21,20.21,2.67,0.92
2000-02-18,4.5,25.37,89.4,19.83,2.72,0.93
2000-02-19,1.37,25.8,86.62,22.66,2.71,0.92
2000-02-20,8.67,26.01,85.53,19.27,2.32,0.92
2000-02-21,11.6,25.89,86.56,18.51,3.16,0.92
2000-02-22,3.16,25.82,85.73,17.86,2.61,0.93
2000-02-23,5.4,25.38,88.12,21.36,2.28,0.92
2000-02-24,5.05,25.54,90.34,12.29,2.4,0.92
2000-02-25,6.61,25.58,88.87,15.9,3.07,0.92
2000-02-26,14.87,25.76,87.84,9.72,4.14,0.93
2000-02-27,2.67,25.87,87.79,21.18,3.46,0.93
2000-02-28,5.86,25.39,89.08,10.83,4.28,0.93
2000-02-29,1.74,25.73,87.16,20.79,4.76,0.93
2000-03-01,0.78,25.62,88.06,20.37,4.99,0.92
2000-03-02,0.7,25.37,83.58,21.98,3.97,0.91
2000-03-03,0.74,25.53,87.23,18.82,2.75,0.91
2000-03-04,1.66,25.46,88.56,15.13,3.7,0.9
2000-03-05,13.83,24.96,90.39,18.71,4.88,0.9
2000-03-06,4.78,25.49,87.1,18.63,4.68,0.91
2000-03-07,10.8,25.77,87.57,19.77,3.46,0.91
2000-03-08,2.25,25.56,88.22,17.96,3.07,0.92
2000-03-09,0.51,24.97,88.04,20.36,3.04,0.91
2000-03-10,5.37,25.34,88.98,15.47,3.69,0.91
2000-03-11,2.53,25.13,89.89,15.46,3.0,0.91
2000-03-12,13.04,25.31,88.79,10.83,2.21,0.91
2000-03-13,29.99,25.12,91.65,14.07,2.79,0.93
2000-03-14,5.4,24.74,90.21,15.89,3.57,0.95
2000-03-15,1.4,25.44,88.49,17.91,3.66,0.94
2000-03-16,8.12,25.43,87.32,17.74,4.08,0.94
2000-03-17,12.88,25.17,89.88,15.32,3.81,0.95
2000-03-18,11.56,25.2,87.42,19.07,1.89,0.95
2000-03-19,16.05,25.71,85.0,15.65,1.68,0.95
2000-03-20,7.64,26.17,83.77,22.18,1.09,0.96
2000-03-21,2.36,26.25,84.12,21.24,0.74,0.95
2000-03-22,1.0,25.77,86.84,22.58,1.42,0.95
2000-03-23,6.37,25.01,90.34,18.66,2.11,0.95
2000-03-24,4.22,25.2,84.9,17.71,1.79,0.95
2000-03-25,6.16,25.89,84.53,20.88,2.11,0.94
2000-03-26,10.57,25.49,86.16,20.96,1.47,0.94
2000-03-27,1.14,25.55,84.86,22.43,1.53,0.94
2000-03-28,3.36,26.33,81.92,22.14,1.46,0.94
2000-03-29,5.81,27.0,76.86,20.64,0.88,0.93
2000-03-30,4.39,26.81,81.26,22.15,2.59,0.93
2000-03-31,5.8,27.05,79.09,22.12,0.98,0.93
2000-04-01,1.03,27.41,77.07,21.85,1.14,0.92
2000-04-02,0.35,27.07,81.11,22.61,1.87,0.91
2000-04-03,1.11,27.5,76.35,19.37,0.98,0.9
2000-04-04,4.29,27.44,75.69,20.47,0.7,0.9
2000-04-05,5.07,26.28,85.13,9.92,2.63,0.9
2000-04-06,1.75,26.0,85.48,19.49,1.94,0.89
2000-04-07,2.16,26.34,84.42,14.63,2.03,0.89
2000-04-08,1.18,26.26,86.39,12.56,2.28,0.89
2000-04-09,4.03,25.95,86.92,19.62,1.69,0.88
2000-04-10,5.71,26.01,82.55,19.37,1.25,0.88
2000-04-11,4.34,26.75,81.83,21.32,1.76,0.88
2000-04-12,6.45,26.65,84.48,16.64,1.54,0.88
2000-04-13,4.11,26.74,84.94,15.59,2.29,0.88
2000-04-14,2.11,25.95,84.29,17.23,1.14,0.88
2000-04-15,2.26,26.37,83.36,17.56,1.48,0.88
2000-04-16,11.23,26.37,86.31,18.33,3.07,0.88
2000-04-17,7.2,25.83,87.98,18.07,3.41,0.88
2000-04-18,4.06,26.05,88.04,12.41,3.19,0.88
2000-04-19,42.72,25.69,92.16,12.72,2.23,0.9
2000-04-20,8.96,25.86,86.84,17.11,1.39,0.93
2000-04-21,11.88,25.96,86.04,18.25,1.75,0.93
2000-04-22,7.74,25.72,89.9,11.9,1.64,0.94
2000-04-23,2.0,26.15,83.96,21.21,1.15,0.93
2000-04-24,0.74,25.96,88.15,19.59,1.95,0.93
2000-04-25,3.4,25.64,89.95,19.41,2.41,0.93
2000-04-26,0.29,26.92,81.13,20.06,1.86,0.92
2000-04-27,0.38,26.93,83.72,20.84,2.43,0.91
2000-04-28,13.49,26.52,87.67,19.33,3.32,0.91
2000-04-29,11.28,26.32,87.19,17.71,2.85,0.93
2000-04-30,1.34,25.93,80.74,20.15,3.68,0.92
2000-05-01,0.0,25.77,74.38,21.64,3.54,0.91
2000-05-02,0.02,25.94,70.13,19.44,3.23,0.9
2000-05-03,1.0,25.54,78.06,18.98,2.61,0.89
2000-05-04,2.13,25.87,83.61,17.03,3.29,0.89
2000-05-05,8.73,26.04,82.39,19.72,3.92,0.88
2000-05-06,8.05,25.74,82.89,18.9,4.73,0.88
2000-05-07,0.47,25.63,80.1,19.33,3.88,0.88
2000-05-08,0.12,26.01,79.96,21.0,2.68,0.87
2000-05-09,0.11,26.04,80.0,20.11,3.11,0.86
2000-05-10,0.13,26.17,81.94,20.17,3.54,0.85
2000-05-11,5.43,26.04,87.33,13.18,3.7,0.85
2000-05-12,4.26,25.51,88.09,16.35,5.37,0.85
2000-05-13,1.67,25.99,89.8,15.68,6.45,0.85
2000-05-14,0.72,25.85,86.16,19.43,2.17,0.85
2000-05-15,0.52,25.69,89.14,19.4,1.95,0.84
2000-05-16,1.23,25.45,90.94,16.83,2.38,0.84
2000-05-17,0.75,25.26,88.86,17.11,3.27,0.84
2000-05-18,5.09,25.52,86.39,16.79,3.98,0.84
2000-05-19,6.27,25.21,91.03,17.73,3.33,0.84
2000-05-20,3.86,25.39,88.86,17.52,3.16,0.85
2000-05-21,7.65,25.79,88.13,16.95,2.78,0.85
2000-05-22,2.96,26.17,87.8,17.62,2.54,0.85
2000-05-23,0.58,25.94,87.96,17.99,2.44,0.85
2000-05-24,0.05,26.01,86.91,19.75,2.19,0.84
2000-05-25,0.19,26.0,86.38,18.87,3.55,0.84
2000-05-26,0.72,25.99,87.83,17.57,3.32,0.83
2000-05-27,17.7,25.81,90.13,8.93,3.72,0.84
2000-05-28,4.32,25.22,88.74,13.02,3.45,0.86
2000-05-29,0.27,25.21,86.88,18.91,4.09,0.85
2000-05-30,0.06,25.17,83.72,17.01,4.83,0.84
2000-05-31,0.01,24.67,81.61,18.27,5.39,0.83
2000-06-01,0.2,24.84,82.16,16.58,5.25,0.83
2000-06-02,0.62,25.0,83.4,16.71,4.96,0.82
2000-06-03,0.2,24.82,82.31,17.45,5.08,0.81
2000-06-04,0.07,24.52,80.59,16.57,4.46,0.8
2000-06-05,0.02,24.58,81.21,17.82,4.06,0.8
2000-06-06,0.08,25.15,80.19,18.81,3.62,0.79
2000-06-07,0.02,25.37,81.0,18.7,4.15,0.78
2000-06-08,0.25,25.17,82.48,16.17,4.09,0.77
2000-06-09,0.32,24.96,82.65,17.28,4.08,0.77
2000-06-10,0.57,25.05,83.55,16.51,4.01,0.76
2000-06-11,0.1,24.86,83.59,18.33,5.05,0.75
2000-06-12,0.3,24.45,81.48,17.53,5.16,0.74
2000-06-13,0.08,24.14,81.18,17.99,5.08,0.74
2000-06-14,0.2,24.38,80.34,17.35,4.08,0.73
2000-06-15,0.44,24.71,82.73,17.44,4.82,0.72
2000-06-16,1.68,24.93,87.53,13.69,5.16,0.72
2000-06-17,10.73,25.1,86.64,15.68,4.15,0.72
2000-06-18,4.12,25.13,83.01,18.18,4.56,0.73
2000-06-19,0.04,25.17,82.45,17.58,3.36,0.72
2000-06-20,0.11,25.1,82.44,17.9,3.92,0.72
2000-06-21,0.3,25.12,81.38,14.88,4.74,0.71
2000-06-22,0.28,25.25,80.61,17.93,4.3,0.7
2000-06-23,0.1,24.97,78.3,17.38,5.14,0.69
2000-06-24,0.05,25.06,77.96,18.19,4.0,0.69
2000-06-25,0.01,25.07,76.91,17.61,4.02,0.68
2000-06-26,0.0,24.7,78.66,16.51,4.24,0.67
2000-06-27,0.35,24.52,79.11,14.84,4.07,0.67
2000-06-28,0.19,24.29,78.45,18.19,4.57,0.66
2000-06-29,0.05,24.32,75.32,17.3,4.17,0.65
2000-06-30,0.04,24.68,77.5,15.39,3.07,0.65
2000-07-01,0.19,25.01,79.81,18.32,2.91,0.64
2000-07-02,0.08,25.15,80.24,18.18,3.49,0.63
2000-07-03,0.18,25.18,79.45,18.38,3.64,0.63
2000-07-04,0.01,25.49,80.5,18.66,4.02,0.62
2000-07-05,0.1,25.39,81.48,18.83,4.53,0.61
2000-07-06,0.02,25.56,80.57,17.81,4.47,0.61
2000-07-07,0.15,24.95,79.09,18.96,4.83,0.6
2000-07-08,0.07,24.61,73.3,12.78,3.92,0.6
2000-07-09,0.0,24.45,76.08,16.47,3.4,0.59
2000-07-10,0.06,24.66,79.89,18.37,2.79,0.58
2000-07-11,0.0,24.9,76.62,18.77,3.44,0.58
2000-07-12,0.14,25.32,74.78,18.61,3.27,0.57
2000-07-13,0.07,25.11,71.84,19.99,3.51,0.57
2000-07-14,0.03,24.53,71.83,20.23,3.67,0.56
2000-07-15,0.22,24.59,73.12,14.74,4.3,0.56
2000-07-16,0.68,24.8,75.23,16.02,3.9,0.55
2000-07-17,0.0,25.28,71.86,20.57,3.36,0.55
2000-07-18,0.0,25.2,72.61,20.22,3.11,0.54
2000-07-19,0.0,25.41,70.12,18.96,3.59,0.54
2000-07-20,0.01,24.56,68.98,20.87,4.31,0.53
2000-07-21,0.01,24.42,65.96,20.21,3.37,0.53
2000-07-22,0.0,24.39,70.83,19.85,3.05,0.52
2000-07-23,0.09,24.94,72.23,19.84,2.88,0.52
2000-07-24,0.02,25.5,75.42,19.16,4.03,0.51
2000-07-25,0.3,26.01,72.96,20.39,4.74,0.51
2000-07-26,0.08,25.9,73.07,18.1,4.5,0.51
2000-07-27,0.28,25.83,74.79,19.34,4.81,0.5
2000-07-28,0.14,25.9,72.57,16.6,4.5,0.5
2000-07-29,0.07,25.59,72.59,17.58,5.01,0.49
2000-07-30,0.01,25.49,71.37,20.08,5.09,0.49
2000-07-31,0.01,25.83,71.94,20.9,5.39,0.49
2000-08-01,0.05,25.87,73.14,20.17,5.26,0.48
2000-08-02,0.1,25.95,70.92,19.21,5.52,0.48
2000-08-03,0.02,26.04,68.93,19.98,6.0,0.48
2000-08-04,0.0,26.0,65.09,21.15,5.29,0.47
2000-08-05,0.0,26.2,66.8,20.21,3.56,0.47
2000-08-06,0.03,26.76,66.02,19.9,3.52,0.47
2000-08-07,0.0,26.54,68.33,18.22,4.98,0.46
2000-08-08,0.79,26.46,69.63,20.47,4.79,0.46
2000-08-09,0.56,26.26,68.46,19.52,4.72,0.46
2000-08-10,0.25,25.87,69.99,16.56,4.37,0.46
2000-08-11,0.27,25.83,67.9,19.72,4.03,0.45
2000-08-12,0.03,26.2,65.6,19.24,4.2,0.45
2000-08-13,0.4,25.89,68.18,17.71,4.75,0.45
2000-08-14,0.01,26.39,67.06,18.63,5.0,0.44
2000-08-15,0.01,26.76,66.68,19.59,3.73,0.44
2000-08-16,1.53,26.03,68.2,17.53,4.65,0.44
2000-08-17,1.4,25.62,67.57,19.09,3.73,0.44
2000-08-18,0.0,25.86,61.24,19.45,3.65,0.44
2000-08-19,0.01,25.66,62.71,21.39,3.63,0.43
2000-08-20,0.05,25.75,63.3,21.64,3.23,0.43
2000-08-21,0.0,25.68,66.08,21.56,3.09,0.43
2000-08-22,0.03,25.99,66.73,20.85,2.88,0.42
2000-08-23,0.11,26.98,65.11,21.21,3.02,0.42
2000-08-24,0.63,26.53,69.5,18.75,2.74,0.42
2000-08-25,0.1,27.39,67.56,21.21,2.78,0.42
2000-08-26,0.0,27.66,62.79,21.68,3.52,0.41
2000-08-27,0.0,27.13,65.93,21.88,3.11,0.41
2000-08-28,0.27,27.25,64.64,20.88,2.95,0.41
2000-08-29,0.0,27.27,66.13,22.78,3.04,0.41
2000-08-30,0.41,26.92,65.89,21.63,3.27,0.41
2000-08-31,0.26,27.24,66.42,21.23,2.95,0.4
2000-09-01,0.39,27.46,64.84,22.27,4.55,0.4
2000-09-02,0.0,27.28,63.06,22.43,3.23,0.4
2000-09-03,0.0,27.78,62.74,22.85,3.34,0.4
2000-09-04,0.0,28.04,64.34,23.38,3.15,0.4
2000-09-05,0.45,28.09,62.35,22.7,2.6,0.39
2000-09-06,0.01,27.96,64.03,23.0,4.26,0.39
2000-09-07,0.18,27.99,61.72,22.97,4.08,0.39
2000-09-08,0.01,27.78,62.89,24.15,4.58,0.39
2000-09-09,0.0,27.87,62.51,23.6,4.58,0.39
2000-09-10,0.0,28.28,62.63,23.2,3.81,0.38
2000-09-11,0.25,27.97,66.28,22.92,3.63,0.38
2000-09-12,0.95,28.17,64.35,21.77,3.21,0.38
2000-09-13,0.01,28.01,60.15,23.49,4.73,0.38
2000-09-14,0.13,27.58,62.25,22.5,3.77,0.38
2000-09-15,0.09,27.7,61.88,21.86,3.49,0.38
2000-09-16,0.09,28.26,61.37,21.75,4.27,0.38
2000-09-17,0.03,28.61,60.44,22.38,4.31,0.38
2000-09-18,0.03,28.73,57.47,23.45,3.49,0.37
2000-09-19,0.13,27.95,64.05,14.7,3.19,0.37
2000-09-20,0.21,27.89,65.62,18.58,2.62,0.37
2000-09-21,0.03,28.01,62.91,21.9,3.8,0.37
2000-09-22,0.02,28.84,62.54,23.94,3.58,0.37
2000-09-23,0.16,28.7,66.28,22.61,3.71,0.37
2000-09-24,1.11,28.6,66.02,20.26,2.87,0.37
2000-09-25,0.38,28.66,63.75,23.76,3.06,0.37
2000-09-26,0.32,28.59,64.42,23.27,3.3,0.37
2000-09-27,0.34,28.19,65.34,23.21,2.81,0.37
2000-09-28,0.15,29.04,59.09,23.38,3.48,0.37
2000-09-29,0.78,29.44,55.84,24.37,3.14,0.37
2000-09-30,0.85,29.07,57.18,23.44,3.5,0.37
2000-10-01,0.04,29.46,59.51,24.7,3.48,0.37
2000-10-02,0.33,29.21,63.59,24.18,3.76,0.37
2000-10-03,0.17,28.72,64.96,22.64,4.52,0.37
2000-10-04,0.34,29.59,60.65,23.93,3.18,0.37
2000-10-05,0.14,29.24,60.54,24.91,3.41,0.37
2000-10-06,0.08,29.17,64.35,24.38,3.84,0.37
2000-10-07,0.06,29.21,62.75,19.02,4.26,0.37
2000-10-08,6.15,28.64,64.17,19.63,3.22,0.38
2000-10-09,3.38,28.28,69.21,22.62,3.34,0.38
2000-10-10,0.18,28.82,65.9,17.16,3.09,0.38
2000-10-11,0.03,29.58,60.74,22.06,2.59,0.38
2000-10-12,8.71,28.59,68.41,23.52,3.28,0.38
2000-10-13,4.66,26.99,79.56,23.44,2.48,0.4
2000-10-14,10.16,27.91,74.29,21.85,2.11,0.41
2000-10-15,20.77,27.31,79.47,23.35,1.53,0.43
2000-10-16,9.25,27.82,74.23,18.31,1.8,0.46
2000-10-17,0.13,27.98,69.37,22.71,1.47,0.46
2000-10-18,7.0,28.23,68.66,23.89,1.5,0.45
2000-10-19,2.07,27.79,70.31,19.9,1.93,0.46
2000-10-20,18.52,27.21,77.59,21.47,2.12,0.47
2000-10-21,2.22,27.5,75.02,22.25,4.11,0.49
2000-10-22,0.11,27.61,63.28,21.3,4.59,0.48
2000-10-23,0.01,27.53,59.4,24.26,3.55,0.47
2000-10-24,0.03,28.0,60.66,25.22,2.14,0.47
2000-10-25,1.2,27.84,64.65,20.88,2.72,0.46
2000-10-26,0.63,27.93,66.09,21.85,3.01,0.46
2000-10-27,0.07,28.11,66.8,23.81,3.78,0.46
2000-10-28,0.38,28.22,67.09,24.19,4.27,0.45
2000-10-29,0.03,28.68,63.48,23.93,3.55,0.45
2000-10-30,5.13,28.24,70.65,22.81,3.56,0.45
2000-10-31,3.46,28.31,71.49,22.75,2.59,0.45
2000-11-01,0.95,27.84,72.23,19.52,2.62,0.45
2000-11-02,7.26,27.38,76.53,20.19,1.99,0.46
2000-11-03,2.21,27.27,77.19,23.36,2.29,0.46
2000-11-04,2.16,28.69,67.83,23.51,2.05,0.46
2000-11-05,1.49,28.79,64.1,23.63,1.5,0.46
2000-11-06,0.66,29.2,62.15,23.28,1.36,0.45
2000-11-07,5.16,27.85,71.2,24.12,2.22,0.46
2000-11-08,2.47,28.47,66.15,22.57,1.5,0.46
2000-11-09,5.94,28.08,72.26,24.79,1.25,0.46
2000-11-10,4.69,28.41,70.32,22.78,2.03,0.47
2000-11-11,15.19,27.74,76.97,16.56,2.15,0.48
2000-11-12,17.65,26.92,82.54,18.09,1.82,0.51
2000-11-13,13.84,27.41,79.7,24.93,2.71,0.53
2000-11-14,14.13,27.22,81.68,23.8,1.99,0.55
2000-11-15,3.2,27.25,79.8,23.41,1.54,0.56
2000-11-16,2.99,27.65,80.37,24.6,2.21,0.55
2000-11-17,10.71,28.19,76.83,20.71,1.93,0.56
2000-11-18,10.88,27.95,77.7,21.26,2.4,0.57
2000-11-19,0.67,28.23,72.34,24.57,0.99,0.57
2000-11-20,11.01,27.36,77.03,22.37,1.71,0.56
2000-11-21,1.92,27.13,77.12,15.0,1.3,0.58
2000-11-22,0.46,27.2,82.04,26.06,1.94,0.57
2000-11-23,9.34,26.46,82.73,24.45,3.35,0.57
2000-11-24,3.81,27.19,81.03,18.47,2.52,0.59
2000-11-25,6.41,27.01,80.81,23.57,1.38,0.59
2000-11-26,8.25,26.36,84.19,16.89,2.16,0.6
2000-11-27,3.16,25.75,83.24,20.55,1.58,0.6
2000-11-28,1.27,26.56,85.4,21.78,4.21,0.6
2000-11-29,0.54,27.2,82.28,23.9,3.24,0.6
2000-11-30,0.51,27.88,77.73,21.71,3.08,0.59
2000-12-01,0.81,27.37,78.87,20.69,3.02,0.59
2000-12-02,12.2,27.29,72.59,17.27,2.77,0.58
2000-12-03,12.14,26.41,85.6,15.33,5.83,0.61
2000-12-04,4.64,25.98,85.52,18.13,6.44,0.62
2000-12-05,1.26,27.39,80.36,23.07,3.87,0.61
2000-12-06,0.39,27.72,76.04,22.38,4.53,0.61
2000-12-07,0.34,26.83,75.9,22.6,5.15,0.6
2000-12-08,0.11,27.77,75.92,21.98,3.61,0.59
2000-12-09,0.13,27.82,75.46,21.96,3.46,0.58
2000-12-10,0.05,28.21,71.34,23.0,2.09,0.57
2000-12-11,2.22,28.15,71.98,23.12,0.92,0.57
2000-12-12,9.8,26.44,83.71,21.19,1.69,0.58
2000-12-13,4.04,27.01,79.98,20.29,2.12,0.58
2000-12-14,34.91,26.42,85.37,17.56,2.07,0.61
2000-12-15,3.03,26.7,79.94,19.79,1.64,0.65
2000-12-16,0.27,26.73,78.52,23.17,2.03,0.63
2000-12-17,3.57,26.59,78.49,22.52,0.67,0.63
2000-12-18,3.13,26.15,83.75,21.53,1.6,0.63
2000-12-19,4.15,26.94,79.68,23.67,1.01,0.63
2000-12-20,2.7,26.33,83.09,20.63,2.15,0.63
2000-12-21,6.37,26.58,82.35,21.86,1.77,0.63
2000-12-22,2.02,26.06,84.2,24.3,1.94,0.63
2000-12-23,2.33,26.86,80.44,24.69,2.71,0.63
2000-12-24,0.63,26.76,78.94,23.95,2.65,0.63
2000-12-25,0.67,26.99,77.64,23.5,3.51,0.62
2000-12-26,0.01,27.02,75.49,24.56,3.61,0.61
2000-12-27,0.11,27.45,75.64,22.79,2.47,0.6
2000-12-28,3.21,27.13,79.62,24.56,3.01,0.6
2000-12-29,0.7,27.48,76.01,24.36,3.14,0.6
2000-12-30,0.04,27.68,73.58,24.51,3.42,0.59
2000-12-31,0.12,26.98,76.7,25.12,2.92,0.58
2001-01-01,1.08,27.51,73.47,24.3,2.5,0.57
2001-01-02,2.9,27.28,76.18,24.05,1.56,0.57
2001-01-03,0.14,27.86,70.56,24.1,2.21,0.56
2001-01-04,8.58,27.16,76.96,22.69,1.51,0.56
2001-01-05,2.8,26.36,81.61,15.73,2.59,0.57
2001-01-06,4.57,26.2,79.52,12.36,1.91,0.57
2001-01-07,26.62,25.92,81.26,19.39,1.88,0.59
2001-01-08,10.12,26.25,83.66,20.69,2.59,0.63
2001-01-09,7.6,25.69,84.91,14.74,1.34,0.63
2001-01-10,8.07,25.88,87.55,15.16,3.4,0.64
2001-01-11,15.33,25.67,88.6,7.36,5.48,0.66
2001-01-12,1.89,25.86,86.52,16.54,4.89,0.67
2001-01-13,8.33,25.91,84.31,18.31,2.77,0.66
2001-01-14,7.24,25.79,88.27,21.01,3.3,0.68
2001-01-15,13.4,25.73,90.15,10.62,3.81,0.69
2001-01-16,6.9,25.44,89.73,14.31,4.43,0.7
2001-01-17,4.65,25.59,88.36,19.38,4.11,0.71
2001-01-18,1.69,25.84,87.16,16.16,2.62,0.71
2001-01-19,1.24,25.69,87.34,19.14,1.99,0.7
2001-01-20,3.62,25.49,86.67,13.71,2.47,0.7
2001-01-21,5.39,25.64,84.53,18.55,2.2,0.7
2001-01-22,2.73,25.25,84.76,16.21,1.92,0.71
2001-01-23,0.5,26.16,84.57,19.19,3.15,0.7
2001-01-24,0.39,26.35,85.22,19.73,2.56,0.7
2001-01-25,6.73,26.75,82.37,18.51,1.84,0.7
2001-01-26,1.9,27.43,77.86,23.34,1.58,0.7
2001-01-27,2.03,26.58,82.94,18.81,2.06,0.7
2001-01-28,2.54,26.76,83.42,18.14,2.56,0.69
2001-01-29,1.66,26.44,80.76,8.28,2.64,0.69
2001-01-30,1.28,26.31,84.7,20.34,1.88,0.69
2001-01-31,2.22,26.23,86.17,24.25,2.14,0.69
2001-02-01,2.49,26.88,80.97,22.22,1.42,0.69
2001-02-02,8.16,26.02,84.75,19.17,1.77,0.69
2001-02-03,11.34,25.7,88.75,7.71,3.98,0.71
2001-02-04,12.95,25.71,87.74,16.4,4.47,0.72
2001-02-05,17.78,25.9,88.41,14.76,3.76,0.74
2001-02-06,17.19,26.32,86.84,12.96,3.73,0.77
2001-02-07,11.02,26.34,86.68,19.06,4.78,0.78
2001-02-08,7.17,26.52,86.15,13.36,4.43,0.79
2001-02-09,7.22,26.27,84.38,13.19,3.95,0.79
2001-02-10,13.88,26.25,87.38,13.9,5.72,0.81
2001-02-11,8.13,26.43,88.33,8.85,6.34,0.82
2001-02-12,4.27,26.61,84.41,11.55,7.19,0.82
2001-02-13,4.06,26.5,85.43,17.61,8.02,0.82
2001-02-14,2.51,26.72,84.33,20.2,8.74,0.81
2001-02-15,1.63,26.58,85.04,21.61,7.24,0.8
2001-02-16,4.75,26.21,85.92,20.31,4.85,0.8
2001-02-17,2.14,26.36,82.38,19.86,4.36,0.8
2001-02-18,2.27,26.0,85.75,20.82,4.31,0.79
2001-02-19,0.93,25.82,85.18,21.33,3.16,0.79
2001-02-20,0.57,26.25,81.41,19.57,2.75,0.78
2001-02-21,0.76,25.39,85.76,19.12,2.59,0.78
2001-02-22,1.21,26.75,75.28,13.27,1.12,0.77
2001-02-23,0.34,26.86,74.0,23.73,2.3,0.76
2001-02-24,0.02,26.85,72.55,24.53,2.0,0.75
2001-02-25,0.46,26.95,73.6,23.26,1.12,0.74
2001-02-26,0.08,27.58,71.67,23.91,1.11,0.73
2001-02-27,0.07,27.38,72.38,25.15,2.38,0.72
2001-02-28,0.05,27.18,75.73,24.51,3.07,0.71
2001-03-01,0.22,27.38,75.62,22.87,3.43,0.7
2001-03-02,0.63,27.29,77.14,22.43,2.67,0.69
2001-03-03,1.18,27.22,81.04,22.5,2.78,0.69
2001-03-04,5.58,26.6,83.67,21.58,2.55,0.68
2001-03-05,6.47,25.72,85.95,21.25,3.25,0.69
2001-03-06,6.18,26.2,80.55,19.66,2.24,0.69
2001-03-07,5.33,26.15,82.73,19.11,1.65,0.7
2001-03-08,6.8,25.38,82.58,16.06,0.77,0.7
2001-03-09,2.52,25.7,82.33,17.66,1.05,0.71
2001-03-10,4.18,27.09,76.67,21.49,0.47,0.7
2001-03-11,5.42,26.31,85.49,20.32,1.42,0.71
2001-03-12,2.41,26.29,80.56,21.92,2.06,0.71
2001-03-13,0.92,26.85,77.04,23.42,2.43,0.7
2001-03-14,0.63,27.0,77.73,22.61,2.88,0.7
2001-03-15,3.14,26.02,83.29,19.43,2.59,0.69
2001-03-16,2.85,26.09,80.63,17.9,1.98,0.69
2001-03-17,4.11,26.11,82.82,17.39,2.13,0.7
2001-03-18,3.4,26.35,83.22,10.58,2.97,0.69
2001-03-19,11.88,26.07,86.62,13.83,4.05,0.7
2001-03-20,23.26,25.55,88.4,16.49,5.27,0.73
2001-03-21,4.81,25.78,88.0,20.43,3.13,0.75
2001-03-22,1.39,26.0,86.19,16.04,2.32,0.74
2001-03-23,0.45,26.35,84.1,20.0,1.77,0.74
2001-03-24,0.58,26.23,85.29,21.13,2.42,0.73
2001-03-25,5.58,26.16,85.12,16.46,1.82,0.73
2001-03-26,3.04,26.49,78.27,18.59,1.12,0.74
2001-03-27,11.45,26.25,84.27,18.39,2.09,0.74
2001-03-28,10.44,25.67,85.33,18.18,2.05,0.76
2001-03-29,1.0,26.28,79.91,20.05,1.01,0.76
2001-03-30,1.33,26.4,78.99,20.33,0.46,0.76
2001-03-31,2.74,26.7,80.83,18.51,1.28,0.75
2001-04-01,1.36,26.8,78.83,17.52,1.06,0.75
2001-04-02,0.75,26.21,82.92,21.43,1.32,0.75
2001-04-03,0.63,26.77,83.25,21.89,3.16,0.74
2001-04-04,0.6,26.76,84.42,21.33,2.76,0.74
2001-04-05,15.54,26.68,84.31,20.15,2.37,0.75
2001-04-06,3.48,26.72,85.03,20.36,2.79,0.76
2001-04-07,1.03,26.49,82.3,20.39,2.71,0.76
2001-04-08,1.92,27.2,77.02,20.96,2.36,0.75
2001-04-09,1.75,27.39,74.8,21.78,2.5,0.74
2001-04-10,0.54,27.38,77.54,22.07,2.73,0.74
2001-04-11,0.72,27.23,79.72,21.97,2.74,0.73
2001-04-12,31.18,26.62,83.63,17.99,3.46,0.74
2001-04-13,12.71,26.94,78.85,16.44,2.91,0.78
2001-04-14,4.76,26.6,78.89,19.49,3.55,0.78
2001-04-15,1.69,26.58,75.18,19.95,2.72,0.77
2001-04-16,0.41,26.66,76.44,21.07,2.7,0.76
2001-04-17,0.09,26.29,76.1,22.56,2.99,0.75
2001-04-18,0.0,26.39,75.12,21.01,2.95,0.74
2001-04-19,0.0,26.84,72.01,22.18,1.52,0.73
2001-04-20,0.0,27.03,73.78,21.45,1.95,0.72
2001-04-21,0.19,27.49,77.02,21.31,2.26,0.71
2001-04-22,1.3,26.55,85.04,15.46,2.09,0.71
2001-04-23,2.93,26.5,87.67,17.65,2.84,0.71
2001-04-24,3.28,26.47,86.83,17.8,2.76,0.71
2001-04-25,0.74,27.04,80.54,19.97,3.3,0.71
2001-04-26,0.01,26.42,74.73,21.26,3.47,0.7
2001-04-27,0.0,26.54,76.79,21.62,2.98,0.69
2001-04-28,0.02,27.39,78.73,19.66,1.76,0.68
2001-04-29,0.65,27.31,79.62,20.23,1.39,0.68
2001-04-30,0.74,27.74,76.29,19.93,0.93,0.67
2001-05-01,0.02,27.54,77.31,20.92,2.03,0.67
2001-05-02,0.06,28.17,68.07,20.69,1.05,0.66
2001-05-03,0.33,27.7,74.97,20.34,2.99,0.65
2001-05-04,0.05,27.31,77.41,20.66,3.36,0.64
2001-05-05,0.0,27.1,75.27,20.49,3.44,0.64
2001-05-06,0.0,27.46,77.13,19.91,3.04,0.63
2001-05-07,0.47,27.4,77.28,18.99,3.29,0.62
2001-05-08,0.0,26.95,73.67,20.64,4.0,0.61
2001-05-09,0.0,26.63,70.18,20.79,3.89,0.6
2001-05-10,0.05,26.06,71.04,20.52,3.16,0.6
2001-05-11,0.01,25.93,71.89,19.91,2.38,0.59
2001-05-12,0.01,26.22,72.11,19.25,1.89,0.59
2001-05-13,0.02,26.54,70.85,19.95,1.92,0.58
2001-05-14,0.0,26.51,72.37,20.08,2.38,0.57
2001-05-15,0.08,27.35,71.12,19.35,3.23,0.57
2001-05-16,0.07,27.28,73.53,19.76,3.69,0.56
2001-05-17,0.27,27.4,74.1,19.23,3.88,0.55
2001-05-18,0.24,27.52,71.94,19.62,3.02,0.55
2001-05-19,0.12,27.24,71.76,19.31,3.62,0.54
2001-05-20,0.08,27.05,70.24,19.84,3.08,0.54
2001-05-21,0.04,26.98,70.57,19.36,2.6,0.53
2001-05-22,0.01,26.77,74.18,19.06,2.4,0.53
2001-05-23,0.04,27.1,70.87,18.88,2.16,0.52
2001-05-24,0.1,27.0,71.8,17.52,1.66,0.52
2001-05-25,3.82,26.79,75.0,17.21,1.91,0.52
2001-05-26,1.59,26.84,77.92,17.15,2.82,0.52
2001-05-27,0.19,26.53,77.88,18.1,3.4,0.52
2001-05-28,0.04,26.77,70.59,18.44,3.0,0.51
2001-05-29,0.1,27.07,70.43,16.67,2.96,0.51
2001-05-30,0.56,27.11,72.68,15.94,3.12,0.5
2001-05-31,2.53,26.32,79.2,12.4,1.64,0.5
2001-06-01,1.86,26.19,81.94,15.68,2.3,0.5
2001-06-02,0.33,26.89,78.51,15.12,2.35,0.5
2001-06-03,2.48,27.0,78.82,9.86,2.78,0.5
2001-06-04,7.52,26.53,83.81,11.85,2.63,0.51
2001-06-05,2.59,26.21,84.95,16.76,3.98,0.52
2001-06-06,0.19,26.69,76.74,16.44,4.12,0.52
2001-06-07,0.06,27.11,72.39,18.27,3.72,0.51
2001-06-08,1.7,26.64,78.76,13.28,3.27,0.51
2001-06-09,11.85,26.13,81.67,13.77,1.91,0.52
2001-06-10,8.12,25.65,83.14,7.83,1.52,0.54
2001-06-11,0.07,26.95,75.36,18.12,1.87,0.54
2001-06-12,1.42,26.9,77.6,16.52,1.74,0.53
2001-06-13,3.44,26.43,81.85,17.33,2.35,0.53
2001-06-14,0.82,26.03,82.63,16.44,2.84,0.53
2001-06-15,0.52,26.38,78.33,17.3,4.62,0.53
2001-06-16,0.03,26.18,71.76,18.24,6.07,0.52
2001-06-17,0.0,25.99,67.69,18.51,6.19,0.52
2001-06-18,0.0,25.36,65.12,18.21,5.99,0.51
2001-06-19,0.0,25.5,66.07,18.99,5.11,0.51
2001-06-20,0.57,25.4,77.19,12.49,5.54,0.51
2001-06-21,0.64,25.16,78.67,8.62,5.75,0.51
2001-06-22,0.16,25.91,75.46,16.34,4.06,0.5
2001-06-23,0.04,26.24,73.52,17.02,3.66,0.5
2001-06-24,0.04,26.45,73.19,18.29,4.46,0.49
2001-06-25,0.03,26.38,73.07,17.98,3.63,0.49
2001-06-26,0.09,26.44,74.16,16.75,3.03,0.49
2001-06-27,1.25,26.47,73.72,17.03,2.9,0.48
2001-06-28,0.72,25.95,75.91,16.87,3.8,0.48
2001-06-29,0.04,26.23,71.31,18.14,4.25,0.48
2001-06-30,0.0,25.85,65.97,18.5,4.42,0.48
2001-07-01,0.0,24.48,59.77,18.26,4.97,0.47
2001-07-02,0.0,23.93,59.73,18.57,4.31,0.47
2001-07-03,0.0,24.11,57.73,19.71,4.52,0.47
2001-07-04,0.15,24.87,63.83,18.4,4.26,0.46
2001-07-05,1.22,25.29,69.77,17.4,3.95,0.46
2001-07-06,0.25,25.37,74.67,17.24,3.13,0.46
2001-07-07,0.1,26.02,69.24,19.56,2.33,0.46
2001-07-08,0.1,26.44,68.06,18.47,2.14,0.45
2001-07-09,0.1,25.99,69.45,18.28,2.7,0.45
2001-07-10,0.05,26.25,68.6,18.67,2.59,0.45
2001-07-11,0.39,26.12,68.72,18.43,2.74,0.45
2001-07-12,0.19,25.92,70.37,17.87,2.99,0.44
2001-07-13,0.03,26.09,72.37,18.56,3.87,0.44
2001-07-14,0.11,26.35,71.25,19.09,4.1,0.44
2001-07-15,0.05,26.37,72.64,19.33,3.64,0.44
2001-07-16,0.0,26.83,67.46,19.53,2.24,0.43
2001-07-17,0.02,26.81,65.98,18.99,2.52,0.43
2001-07-18,0.0,26.81,67.65,19.24,2.48,0.43
2001-07-19,0.5,26.81,70.74,18.43,3.1,0.43
2001-07-20,0.41,26.62,73.94,15.9,3.56,0.42
2001-07-21,0.19,26.76,70.55,17.29,3.08,0.42
2001-07-22,0.01,26.82,69.43,18.37,3.32,0.42
2001-07-23,0.02,26.83,68.94,18.78,4.48,0.42
2001-07-24,0.0,26.85,66.02,18.85,4.34,0.42
2001-07-25,0.0,26.51,66.83,16.75,4.63,0.41
2001-07-26,0.07,26.28,67.21,18.2,4.82,0.41
2001-07-27,0.06,26.1,67.9,17.09,4.06,0.41
2001-07-28,0.0,25.86,67.31,19.4,5.01,0.41
2001-07-29,0.36,25.76,66.26,19.32,3.96,0.41
2001-07-30,0.0,25.76,67.49,19.4,4.59,0.4
2001-07-31,0.49,25.5,67.11,19.89,4.49,0.4
2001-08-01,0.0,25.04,57.52,21.47,4.6,0.4
2001-08-02,0.0,24.58,58.35,21.19,3.47,0.4
2001-08-03,0.15,25.0,57.72,21.8,3.26,0.4
2001-08-04,0.09,25.34,57.02,20.01,2.76,0.4
2001-08-05,0.01,25.44,63.21,21.2,4.05,0.39
2001-08-06,0.16,25.55,64.32,18.73,2.9,0.39
2001-08-07,0.04,25.99,63.58,19.73,3.45,0.39
2001-08-08,0.0,26.65,62.36,21.05,3.03,0.39
2001-08-09,0.14,26.78,67.4,20.52,3.07,0.39
2001-08-10,0.75,26.45,62.84,20.12,3.74,0.39
2001-08-11,0.6,25.65,58.35,21.61,3.18,0.39
2001-08-12,0.0,25.75,59.46,21.1,3.09,0.39
2001-08-13,0.0,26.35,61.92,21.22,3.37,0.38
2001-08-14,0.53,26.88,64.66,20.64,2.72,0.38
2001-08-15,0.01,26.86,64.47,20.06,2.79,0.38
2001-08-16,0.01,26.54,60.26,20.09,5.58,0.38
2001-08-17,0.01,25.79,56.97,20.54,5.17,0.38
2001-08-18,0.05,26.28,58.81,20.17,3.42,0.38
2001-08-19,0.23,26.44,59.85,20.12,2.9,0.38
2001-08-20,0.08,26.6,62.89,19.0,3.01,0.37
2001-08-21,0.04,27.26,59.65,21.21,3.76,0.37
2001-08-22,0.4,26.77,62.99,18.5,4.91,0.37
2001-08-23,0.15,26.62,58.86,18.39,4.29,0.37
2001-08-24,0.28,26.47,61.96,19.66,3.46,0.37
2001-08-25,0.18,26.18,64.11,18.82,4.85,0.37
2001-08-26,0.04,26.23,63.48,18.26,4.86,0.37
2001-08-27,0.05,26.37,63.78,20.04,4.07,0.37
2001-08-28,0.13,26.83,63.17,20.25,3.17,0.37
2001-08-29,0.25,26.61,68.26,19.59,3.98,0.37
2001-08-30,0.02,27.37,65.95,22.21,3.41,0.37
2001-08-31,0.24,27.54,66.48,18.24,3.57,0.37
2001-09-01,0.14,27.57,62.38,22.25,4.28,0.37
2001-09-02,0.12,27.49,61.42,20.27,3.88,0.37
2001-09-03,0.08,27.11,63.81,20.3,4.17,0.37
2001-09-04,0.03,27.44,62.43,22.2,3.6,0.37
2001-09-05,0.0,28.15,57.41,23.28,2.94,0.37
2001-09-06,0.16,28.42,60.86,22.13,3.44,0.37
2001-09-07,0.13,27.83,64.99,17.69,5.67,0.37
2001-09-08,0.0,27.85,61.46,22.73,4.01,0.37
2001-09-09,0.02,27.93,62.33,22.35,3.42,0.37
2001-09-10,0.33,27.77,62.42,22.64,4.33,0.37
2001-09-11,0.59,28.16,61.24,22.31,3.12,0.37
2001-09-12,0.0,28.12,63.93,23.23,3.32,0.37
2001-09-13,0.09,27.93,63.87,22.51,4.97,0.37
2001-09-14,0.06,27.86,64.71,24.61,3.28,0.37
2001-09-15,0.1,29.12,59.22,24.35,3.57,0.37
2001-09-16,0.0,29.25,59.78,24.96,3.53,0.37
2001-09-17,0.09,29.58,57.43,23.65,2.55,0.37
2001-09-18,0.15,29.32,59.43,22.67,1.94,0.37
2001-09-19,0.2,28.92,58.85,23.07,3.11,0.37
2001-09-20,0.13,28.46,60.21,23.06,2.84,0.37
2001-09-21,0.2,29.32,55.12,22.5,3.31,0.37
2001-09-22,0.06,28.98,60.61,22.25,3.87,0.37
2001-09-23,0.01,28.81,61.36,22.29,5.32,0.37
2001-09-24,0.32,29.08,60.76,22.56,5.19,0.37
2001-09-25,0.35,29.06,59.84,23.67,3.46,0.37
2001-09-26,0.2,29.4,54.15,24.16,3.27,0.37
2001-09-27,0.05,28.89,59.15,24.09,3.59,0.37
2001-09-28,0.0,29.42,57.57,25.43,2.59,0.37
2001-09-29,0.0,29.27,58.07,24.13,2.15,0.37
2001-09-30,0.08,29.71,57.48,22.79,2.2,0.37
2001-10-01,0.9,29.07,60.64,22.17,2.76,0.37
2001-10-02,3.02,28.43,62.03,22.1,3.1,0.37
2001-10-03,1.11,29.05,57.5,23.23,2.9,0.38
2001-10-04,0.19,28.98,58.92,23.32,3.1,0.37
2001-10-05,0.33,29.34,57.46,23.98,2.87,0.37
2001-10-06,0.0,29.32,57.76,23.61,3.42,0.37
2001-10-07,0.02,29.27,61.27,22.51,2.74,0.37
2001-10-08,0.72,28.74,62.43,22.91,3.2,0.37
2001-10-09,0.14,28.25,64.1,20.07,1.47,0.37
2001-10-10,0.01,28.97,57.91,22.0,1.99,0.37
2001-10-11,0.0,29.77,54.06,23.55,2.08,0.37
2001-10-12,0.0,30.4,52.67,23.35,1.32,0.37
2001-10-13,0.07,29.35,60.15,22.77,2.01,0.37
2001-10-14,4.77,29.31,60.54,22.82,1.85,0.38
2001-10-15,1.33,29.85,60.01,23.23,2.34,0.38
2001-10-16,0.22,30.41,58.55,24.72,3.49,0.38
2001-10-17,0.12,30.35,59.85,22.92,2.88,0.37
2001-10-18,2.31,29.48,63.72,21.94,4.56,0.37
2001-10-19,0.54,28.67,67.75,24.72,4.77,0.38
2001-10-20,0.89,28.76,67.68,22.03,5.01,0.37
2001-10-21,5.86,28.2,67.91,21.65,3.67,0.38
2001-10-22,5.09,27.56,72.18,21.41,3.64,0.39
2001-10-23,0.62,28.19,68.61,22.52,3.9,0.39
2001-10-24,0.05,28.91,65.96,21.11,2.5,0.38
2001-10-25,5.78,29.25,65.18,22.83,3.52,0.39
2001-10-26,0.39,29.32,64.79,23.57,4.13,0.39
2001-10-27,2.61,29.94,60.13,23.64,2.48,0.38
2001-10-28,1.52,29.95,57.47,23.38,1.94,0.38
2001-10-29,0.98,29.63,60.43,23.55,2.62,0.38
2001-10-30,0.23,29.1,62.7,22.97,3.26,0.38
2001-10-31,6.62,28.51,66.68,19.32,3.14,0.38
2001-11-01,1.09,27.86,73.92,20.51,4.28,0.39
2001-11-02,0.39,27.71,72.39,22.76,4.87,0.39
2001-11-03,0.03,29.0,64.65,22.2,3.95,0.38
2001-11-04,1.28,27.88,73.51,22.51,4.99,0.38
2001-11-05,0.18,28.71,68.3,23.95,4.7,0.38
2001-11-06,0.08,28.66,68.55,23.35,5.07,0.38
2001-11-07,0.36,28.66,67.25,20.53,5.02,0.38
2001-11-08,13.01,28.01,72.67,21.35,4.56,0.39
2001-11-09,4.6,27.45,75.28,19.73,4.95,0.4
2001-11-10,0.62,27.22,72.81,17.45,4.52,0.4
2001-11-11,1.42,27.62,69.89,21.49,4.36,0.4
2001-11-12,8.45,27.86,74.74,19.14,3.35,0.4
2001-11-13,28.83,26.21,85.96,17.64,2.91,0.44
2001-11-14,16.72,27.03,78.73,19.41,1.6,0.48
2001-11-15,8.78,26.79,81.55,22.34,1.59,0.49
2001-11-16,2.99,28.19,71.23,22.8,1.46,0.5
2001-11-17,12.65,27.01,79.55,19.77,1.55,0.5
2001-11-18,3.32,27.65,77.03,21.94,1.53,0.52
2001-11-19,0.35,27.94,73.09,21.56,1.04,0.51
2001-11-20,3.95,28.65,68.77,22.8,0.92,0.51
2001-11-21,3.76,27.9,76.09,20.21,1.59,0.51
2001-11-22,1.08,28.2,68.34,18.91,1.58,0.51
2001-11-23,1.03,27.19,72.42,16.55,2.41,0.51
2001-11-24,5.92,27.1,73.93,12.51,2.05,0.51
2001-11-25,2.84,26.14,84.07,11.59,3.63,0.52
2001-11-26,18.1,26.38,86.49,19.35,2.53,0.53
2001-11-27,16.98,26.45,84.73,18.55,1.72,0.57
2001-11-28,13.25,26.6,85.36,18.06,2.59,0.59
2001-11-29,9.99,26.46,85.26,17.28,1.99,0.6
2001-11-30,9.68,26.23,81.14,16.7,1.3,0.61
2001-12-01,10.15,26.73,80.54,19.05,1.71,0.62
2001-12-02,16.2,26.15,89.28,12.16,3.92,0.64
2001-12-03,7.34,26.03,89.48,18.04,2.12,0.66
2001-12-04,7.23,26.23,83.53,15.72,5.05,0.66
2001-12-05,0.19,27.12,74.32,23.17,2.9,0.66
2001-12-06,1.11,26.76,76.87,20.89,2.9,0.65
2001-12-07,2.57,25.93,81.66,16.3,2.8,0.65
2001-12-08,4.58,26.01,81.56,17.31,2.13,0.65
2001-12-09,6.19,25.66,81.75,15.2,2.89,0.65
2001-12-10,1.01,25.99,77.61,19.97,2.68,0.65
2001-12-11,1.4,25.98,79.14,20.95,2.25,0.64
2001-12-12,2.91,26.05,79.91,15.35,1.85,0.64
2001-12-13,0.08,26.84,75.09,21.71,2.56,0.63
2001-12-14,1.86,27.11,73.06,24.53,1.6,0.62
2001-12-15,0.03,27.35,71.65,24.18,1.45,0.61
2001-12-16,0.06,27.63,70.55,23.73,1.06,0.6
2001-12-17,3.01,26.73,78.4,16.18,2.08,0.6
2001-12-18,9.36,26.07,85.75,12.65,3.0,0.61
2001-12-19,3.12,26.08,84.17,19.3,2.63,0.61
2001-12-20,5.73,27.33,73.49,20.69,1.4,0.61
2001-12-21,2.12,27.39,75.28,23.83,2.1,0.61
2001-12-22,0.0,27.62,71.64,25.44,2.9,0.6
2001-12-23,0.72,27.7,73.45,21.21,2.9,0.59
2001-12-24,3.0,27.43,73.15,23.76,3.48,0.58
2001-12-25,1.66,27.69,72.74,23.79,2.95,0.58
2001-12-26,8.8,27.72,72.42,23.24,2.3,0.58
2001-12-27,40.31,26.72,79.26,19.89,2.65,0.64
2001-12-28,0.9,26.9,75.7,20.53,1.73,0.63
2001-12-29,6.52,25.94,83.61,14.67,2.07,0.63
2001-12-30,4.76,25.73,85.47,21.95,2.38,0.64
2001-12-31,3.11,26.51,81.17,21.4,1.56,0.64
2002-01-01,4.79,26.33,83.2,14.67,3.56,0.64
2002-01-02,4.41,26.62,79.34,20.1,3.44,0.64
2002-01-03,4.23,26.63,78.58,21.33,2.18,0.64
2002-01-04,3.35,26.55,79.21,19.96,2.3,0.64
2002-01-05,15.3,26.83,78.8,17.65,2.28,0.65
2002-01-06,2.05,26.7,78.18,20.35,1.08,0.66
2002-01-07,0.36,27.38,75.69,22.64,2.13,0.65
2002-01-08,0.08,27.57,72.56,24.6,2.28,0.64
2002-01-09,0.18,27.81,72.47,23.54,1.93,0.63
2002-01-10,2.81,27.65,75.03,24.05,1.24,0.62
2002-01-11,1.13,28.12,74.52,24.8,2.23,0.62
2002-01-12,0.27,28.11,74.36,23.74,1.88,0.61
2002-01-13,2.51,27.42,78.88,21.26,1.44,0.61
2002-01-14,1.35,26.55,83.43,21.71,1.98,0.61
2002-01-15,7.74,27.13,81.89,23.05,1.71,0.6
2002-01-16,11.43,26.84,81.64,22.9,2.35,0.63
2002-01-17,1.7,26.56,78.96,16.01,0.99,0.63
2002-01-18,1.73,26.44,85.06,23.42,3.0,0.62
2002-01-19,4.06,27.13,80.14,19.89,1.42,0.62
2002-01-20,5.73,26.48,82.8,22.98,0.81,0.63
2002-01-21,4.92,26.18,85.23,19.32,1.96,0.63
2002-01-22,7.09,25.69,87.85,15.18,2.02,0.64
2002-01-23,4.45,25.88,85.35,19.77,2.38,0.65
2002-01-24,19.77,26.55,80.91,15.73,1.15,0.66
2002-01-25,16.46,26.0,85.97,20.14,2.47,0.7
2002-01-26,4.01,25.61,87.54,13.15,3.26,0.7
2002-01-27,6.88,25.97,86.93,18.55,3.52,0.7
2002-01-28,3.5,26.16,87.36,19.03,3.59,0.7
2002-01-29,23.06,25.83,88.87,11.68,4.55,0.71
2002-01-30,9.39,25.75,88.13,17.77,3.66,0.74
2002-01-31,12.23,25.67,85.06,9.14,3.72,0.75
2002-02-01,2.73,25.28,87.53,13.7,4.64,0.76
2002-02-02,18.22,25.5,88.28,10.34,5.07,0.76
2002-02-03,17.91,25.64,89.73,14.67,5.26,0.79
2002-02-04,34.23,25.79,91.59,7.62,5.89,0.82
2002-02-05,12.48,25.76,90.62,11.37,4.72,0.85
2002-02-06,10.38,25.71,90.21,13.08,4.47,0.86
2002-02-07,13.73,25.45,89.05,11.53,5.2,0.87
2002-02-08,2.36,25.3,87.96,16.64,4.67,0.87
2002-02-09,3.81,25.28,87.95,12.08,4.87,0.86
2002-02-10,3.59,25.47,86.98,15.74,4.66,0.86
2002-02-11,3.73,25.56,87.65,16.99,3.18,0.86
2002-02-12,6.31,25.36,88.88,18.22,3.11,0.86
2002-02-13,6.66,25.41,86.67,12.44,3.84,0.86
2002-02-14,6.21,25.19,90.2,15.7,4.83,0.87
2002-02-15,7.87,25.56,86.05,11.0,3.77,0.87
2002-02-16,8.57,25.24,89.68,17.48,3.63,0.88
2002-02-17,33.75,25.47,86.27,9.15,3.13,0.88
2002-02-18,12.12,25.58,86.67,19.22,2.95,0.92
2002-02-19,0.44,26.12,86.18,23.64,2.59,0.91
2002-02-20,1.36,26.08,88.07,20.82,2.2,0.9
2002-02-21,14.05,25.9,89.34,18.97,3.93,0.9
2002-02-22,3.01,25.56,88.63,14.68,4.75,0.91
2002-02-23,10.81,25.53,88.76,14.99,3.71,0.9
2002-02-24,23.62,25.13,89.24,17.19,3.86,0.92
2002-02-25,1.68,25.83,85.14,18.66,2.24,0.93
2002-02-26,1.27,26.22,83.51,23.12,1.64,0.92
2002-02-27,1.05,26.82,77.93,23.02,0.6,0.91
2002-02-28,22.98,26.8,77.99,23.83,1.95,0.92
2002-03-01,0.19,26.68,76.75,24.95,1.73,0.92
2002-03-02,0.13,26.72,80.06,20.64,2.03,0.91
2002-03-03,0.04,27.18,76.42,25.56,2.17,0.89
2002-03-04,1.88,26.87,80.88,22.28,2.19,0.88
2002-03-05,9.76,25.89,84.56,19.57,1.28,0.89
2002-03-06,24.56,26.32,83.88,19.47,0.8,0.9
2002-03-07,17.68,25.84,86.78,13.46,2.58,0.92
2002-03-08,8.62,25.76,86.63,22.31,2.75,0.93
2002-03-09,33.82,25.94,89.46,20.34,4.28,0.93
2002-03-10,13.48,25.42,87.62,21.2,2.42,0.96
2002-03-11,5.98,26.09,83.37,22.35,1.15,0.95
2002-03-12,0.75,27.14,78.78,23.76,1.2,0.95
2002-03-13,4.5,26.62,83.59,21.16,2.48,0.94
2002-03-14,1.7,27.17,78.32,24.02,1.14,0.93
2002-03-15,6.77,26.74,81.23,25.54,1.67,0.93
2002-03-16,2.6,26.84,81.57,22.19,1.97,0.92
2002-03-17,3.38,27.03,82.51,22.29,2.1,0.92
2002-03-18,10.17,25.86,86.6,20.7,2.07,0.92
2002-03-19,6.63,26.75,82.24,21.4,1.93,0.92
2002-03-20,0.22,26.69,80.31,23.68,2.28,0.91
2002-03-21,0.04,27.2,79.15,22.53,2.37,0.9
2002-03-22,2.6,27.56,77.5,22.72,1.65,0.89
2002-03-23,3.81,27.28,81.01,22.09,1.37,0.89
2002-03-24,3.49,27.29,79.2,22.07,1.61,0.88
2002-03-25,0.84,26.68,83.71,23.2,2.19,0.88
2002-03-26,28.72,26.48,87.14,21.32,2.54,0.88
2002-03-27,11.29,25.41,89.1,17.23,2.36,0.91
2002-03-28,3.08,26.05,83.16,20.87,1.82,0.91
2002-03-29,0.81,27.05,76.17,22.53,1.06,0.9
2002-03-30,0.06,27.05,79.8,21.19,1.54,0.89
2002-03-31,0.62,26.13,84.81,16.91,2.71,0.89
2002-04-01,2.73,26.12,83.81,18.92,1.59,0.88
2002-04-02,3.6,26.22,79.2,21.98,1.41,0.88
2002-04-03,0.51,26.81,77.39,21.21,2.15,0.88
2002-04-04,13.26,26.29,82.69,21.96,2.68,0.87
2002-04-05,2.47,26.29,82.19,20.25,2.55,0.88
2002-04-06,0.35,26.9,80.52,23.9,2.5,0.86
2002-04-07,0.49,27.08,81.04,22.42,2.76,0.85
2002-04-08,1.99,27.26,79.73,21.57,1.8,0.85
2002-04-09,0.86,27.05,81.02,21.22,1.98,0.84
2002-04-10,1.56,26.95,81.13,20.83,1.38,0.84
2002-04-11,11.15,25.88,86.69,6.58,2.98,0.84
2002-04-12,1.02,25.79,86.91,10.61,4.2,0.84
2002-04-13,3.01,26.39,84.56,19.75,2.35,0.84
2002-04-14,1.5,26.28,85.08,21.46,1.08,0.84
2002-04-15,1.25,26.72,81.37,20.38,1.59,0.84
2002-04-16,0.75,26.81,81.33,20.8,2.02,0.83
2002-04-17,3.87,26.73,79.49,20.12,1.32,0.83
2002-04-18,5.47,26.79,80.07,18.89,2.19,0.83
2002-04-19,1.5,26.96,78.59,21.72,2.54,0.82
2002-04-20,0.34,26.97,75.53,22.53,2.6,0.81
2002-04-21,0.96,26.81,76.28,21.98,2.16,0.8
2002-04-22,0.5,27.22,76.52,21.82,1.59,0.79
2002-04-23,0.32,27.49,77.17,22.0,1.92,0.79
2002-04-24,1.23,27.52,79.28,21.11,2.37,0.78
2002-04-25,0.4,27.09,75.69,22.22,3.93,0.77
2002-04-26,0.0,27.05,75.57,23.14,2.84,0.76
2002-04-27,0.02,27.0,76.93,21.42,2.84,0.75
2002-04-28,0.0,27.05,76.3,21.92,3.02,0.74
2002-04-29,0.0,26.75,77.1,21.67,3.29,0.73
2002-04-30,0.32,27.0,78.57,21.22,2.78,0.72
2002-05-01,0.27,27.33,81.43,19.81,3.68,0.71
2002-05-02,0.15,27.25,78.41,20.07,3.09,0.71
2002-05-03,1.8,26.99,80.86,18.98,3.76,0.7
2002-05-04,0.26,27.1,81.06,18.79,4.28,0.69
2002-05-05,0.47,27.31,80.01,19.8,2.95,0.69
2002-05-06,1.67,27.53,78.31,19.87,2.39,0.68
2002-05-07,1.78,27.33,78.79,18.4,2.74,0.67
2002-05-08,0.58,27.47,78.33,18.73,2.81,0.67
2002-05-09,0.13,27.5,77.0,18.92,3.41,0.66
2002-05-10,0.03,27.3,75.23,19.52,2.04,0.65
2002-05-11,0.04,27.34,73.14,19.63,2.01,0.64
2002-05-12,0.04,27.03,73.26,19.33,2.0,0.64
2002-05-13,0.18,26.77,76.08,20.29,2.52,0.63
2002-05-14,0.85,26.51,74.19,20.34,2.61,0.62
2002-05-15,0.28,26.64,73.43,18.62,2.2,0.62
2002-05-16,0.0,26.44,73.28,20.85,2.78,0.61
2002-05-17,0.17,26.51,76.7,20.51,2.82,0.6
2002-05-18,0.41,26.78,74.42,20.06,2.92,0.6
2002-05-19,0.14,26.6,71.8,21.17,2.81,0.59
2002-05-20,0.0,26.57,71.58,21.29,2.36,0.58
2002-05-21,0.04,26.69,73.07,20.61,2.27,0.58
2002-05-22,0.12,26.43,72.39,19.4,1.71,0.57
2002-05-23,0.05,26.67,69.42,19.59,1.64,0.56
2002-05-24,0.12,26.37,71.55,20.23,2.64,0.56
2002-05-25,0.16,26.65,72.73,18.18,2.9,0.55
2002-05-26,0.0,26.84,71.62,19.09,2.88,0.55
2002-05-27,0.19,26.86,72.9,19.31,3.27,0.54
2002-05-28,0.0,27.14,69.77,19.3,3.48,0.54
2002-05-29,0.22,26.77,71.17,18.96,4.06,0.53
2002-05-30,0.23,26.46,68.11,18.86,4.7,0.53
2002-05-31,0.0,26.22,68.08,19.23,4.38,0.52
2002-06-01,0.13,26.03,69.58,17.95,3.74,0.52
2002-06-02,0.19,26.19,68.66,18.87,3.58,0.51
2002-06-03,0.08,26.7,69.91,18.02,3.55,0.51
2002-06-04,0.24,26.99,72.84,17.57,3.21,0.51
2002-06-05,0.39,26.92,71.41,19.03,2.61,0.5
2002-06-06,0.47,26.85,70.48,19.19,3.43,0.5
2002-06-07,0.17,26.53,70.0,18.55,4.1,0.5
2002-06-08,0.08,26.32,68.46,16.36,4.24,0.49
2002-06-09,0.36,26.37,70.88,15.2,3.69,0.49
2002-06-10,0.01,27.08,68.84,19.64,4.32,0.49
2002-06-11,0.0,27.45,65.6,19.04,3.59,0.48
2002-06-12,0.07,27.35,70.27,17.83,4.67,0.48
2002-06-13,0.23,27.14,71.36,15.25,4.53,0.48
2002-06-14,0.21,26.6,72.05,18.35,3.87,0.47
2002-06-15,0.03,25.67,75.62,17.37,3.29,0.47
2002-06-16,0.0,25.88,72.75,18.12,3.67,0.47
2002-06-17,0.0,25.41,69.11,18.28,4.01,0.46
2002-06-18,0.0,26.38,69.44,18.16,4.13,0.46
2002-06-19,0.23,26.73,68.48,17.95,4.34,0.46
2002-06-20,0.29,26.44,66.59,18.71,4.4,0.46
2002-06-21,0.0,25.48,64.57,19.3,4.28,0.45
2002-06-22,0.01,25.47,65.82,18.77,4.85,0.45
2002-06-23,0.05,25.67,68.6,17.85,4.58,0.45
2002-06-24,0.03,25.72,68.73,15.34,5.09,0.45
2002-06-25,0.0,25.31,64.86,16.49,4.75,0.44
2002-06-26,0.0,24.78,63.68,19.58,4.0,0.44
2002-06-27,0.34,24.88,68.32,18.81,3.92,0.44
2002-06-28,0.18,25.61,65.31,17.27,3.06,0.44
2002-06-29,0.0,25.32,66.67,18.57,3.2,0.43
2002-06-30,0.04,25.86,67.99,17.64,2.72,0.43
2002-07-01,0.61,25.94,68.1,17.23,4.7,0.43
2002-07-02,0.0,25.37,57.95,20.07,5.31,0.43
2002-07-03,0.03,25.71,64.62,19.27,4.58,0.42
2002-07-04,0.05,26.18,65.89,14.85,4.94,0.42
2002-07-05,0.07,26.27,65.78,16.65,4.68,0.42
2002-07-06,0.01,25.75,65.72,18.71,5.37,0.42
2002-07-07,0.07,25.63,66.74,18.12,3.97,0.42
2002-07-08,0.29,25.61,68.31,17.66,3.13,0.41
2002-07-09,0.07,25.86,65.79,18.24,3.7,0.41
2002-07-10,0.0,25.85,67.45,17.85,3.75,0.41
2002-07-11,0.0,26.43,66.27,18.68,3.63,0.41
2002-07-12,0.29,26.07,68.84,18.29,4.38,0.41
2002-07-13,0.07,25.28,66.98,18.51,4.73,0.41
2002-07-14,0.01,25.54,67.99,18.05,3.58,0.4
2002-07-15,0.27,25.86,65.59,18.68,4.19,0.4
2002-07-16,0.09,25.88,66.78,18.42,4.09,0.4
2002-07-17,0.12,25.59,68.81,18.72,4.51,0.4
2002-07-18,0.17,25.35,69.52,18.95,4.08,0.4
2002-07-19,0.45,25.26,68.17,13.92,4.12,0.4
2002-07-20,0.07,25.65,64.42,17.34,3.4,0.4
2002-07-21,0.2,25.92,70.35,17.98,3.8,0.39
2002-07-22,0.05,26.48,70.79,16.24,3.26,0.39
2002-07-23,0.01,26.6,65.54,20.27,3.9,0.39
2002-07-24,0.0,26.4,64.44,19.61,3.71,0.39
2002-07-25,0.17,25.94,65.74,18.79,3.61,0.39
2002-07-26,0.82,25.68,68.69,15.19,3.03,0.39
2002-07-27,1.56,25.72,68.17,19.42,3.45,0.39
2002-07-28,0.06,26.07,67.13,19.14,4.4,0.39
2002-07-29,0.01,26.29,69.88,18.96,3.13,0.38
2002-07-30,0.23,26.81,68.76,18.98,3.37,0.38
2002-07-31,0.49,26.29,67.13,18.98,3.92,0.38
2002-08-01,0.22,26.3,64.86,20.56,4.43,0.38
2002-08-02,0.0,25.74,61.94,20.57,5.04,0.38
2002-08-03,0.0,25.43,59.69,20.51,3.64,0.38
2002-08-04,0.0,25.88,61.26,21.69,3.72,0.38
2002-08-05,0.21,25.87,64.34,19.79,4.22,0.38
2002-08-06,0.49,26.37,62.56,20.22,4.44,0.38
2002-08-07,0.0,26.57,63.81,19.84,3.23,0.37
2002-08-08,0.01,26.83,60.96,19.58,3.63,0.37
2002-08-09,0.0,26.53,60.31,21.14,2.66,0.37
2002-08-10,0.0,26.56,60.4,20.83,3.6,0.37
2002-08-11,0.53,26.04,58.45,21.21,4.56,0.37
2002-08-12,0.03,25.69,59.49,21.35,4.75,0.37
2002-08-13,0.0,25.48,63.02,21.53,4.02,0.37
2002-08-14,0.0,25.38,64.81,20.4,3.61,0.37
2002-08-15,0.09,25.96,61.03,20.37,4.12,0.37
2002-08-16,0.56,25.99,61.17,19.67,4.11,0.37
2002-08-17,0.94,25.48,60.22,18.78,3.94,0.37
2002-08-18,0.0,25.6,57.42,21.28,3.92,0.37
2002-08-19,0.02,25.68,57.5,20.39,3.7,0.37
2002-08-20,0.0,26.26,59.74,20.5,3.29,0.37
2002-08-21,0.53,26.37,59.91,19.65,4.0,0.37
2002-08-22,0.0,25.96,61.35,20.91,4.21,0.37
2002-08-23,0.29,26.24,63.44,20.19,4.27,0.37
2002-08-24,0.61,26.01,63.26,21.7,3.69,0.37
2002-08-25,0.57,26.49,61.09,19.09,2.8,0.37
2002-08-26,0.03,26.49,57.21,21.74,2.85,0.37
2002-08-27,0.0,26.51,54.91,20.79,3.12,0.37
2002-08-28,0.0,26.34,52.6,22.08,3.74,0.37
2002-08-29,0.0,26.09,53.39,22.78,3.65,0.37
2002-08-30,0.0,25.84,54.48,22.16,3.35,0.37
2002-08-31,0.04,26.42,60.76,20.61,3.43,0.37
2002-09-01,0.51,26.27,64.37,19.14,3.01,0.37
2002-09-02,0.0,26.64,60.27,22.94,3.19,0.37
2002-09-03,0.23,25.87,62.36,22.15,4.33,0.37
2002-09-04,0.05,25.88,60.77,22.72,4.16,0.37
2002-09-05,0.28,25.7,63.29,21.72,4.51,0.37
2002-09-06,0.35,25.58,62.89,22.2,4.37,0.37
2002-09-07,0.0,25.81,62.47,23.54,4.14,0.37
2002-09-08,0.0,25.87,57.54,23.95,4.03,0.37
2002-09-09,0.0,26.11,59.7,23.94,3.49,0.37
2002-09-10,0.07,26.59,63.93,21.97,4.47,0.37
2002-09-11,0.03,26.65,65.03,21.76,4.57,0.37
2002-09-12,0.0,27.08,60.44,22.05,3.85,0.37
2002-09-13,0.0,27.28,63.05,23.31,3.74,0.37
2002-09-14,0.0,27.66,63.21,22.96,4.41,0.37
2002-09-15,0.37,26.8,68.33,21.61,5.53,0.37
2002-09-16,0.27,26.73,67.0,20.04,5.59,0.37
2002-09-17,0.0,27.25,65.44,21.64,4.8,0.37
2002-09-18,0.11,27.99,59.66,23.8,3.33,0.37
2002-09-19,0.07,28.21,57.79,22.64,3.08,0.37
2002-09-20,0.57,28.27,58.47,24.04,3.44,0.37
2002-09-21,0.09,28.1,56.44,24.06,3.29,0.37
2002-09-22,0.0,28.3,54.13,24.16,4.02,0.37
2002-09-23,0.0,27.34,57.98,23.92,4.26,0.37
2002-09-24,0.0,27.04,62.16,22.09,4.29,0.37
2002-09-25,0.27,27.42,60.23,22.67,3.61,0.37
2002-09-26,0.1,28.33,59.79,23.17,3.4,0.37
2002-09-27,0.01,28.53,62.98,23.63,3.76,0.37
2002-09-28,0.22,28.43,61.63,23.74,3.95,0.37
2002-09-29,0.07,27.28,65.47,24.15,4.94,0.37
2002-09-30,0.08,27.14,65.7,23.65,4.48,0.37
2002-10-01,0.1,27.94,62.35,23.49,3.36,0.37
2002-10-02,0.07,28.85,57.71,23.78,3.14,0.37
2002-10-03,0.01,29.16,58.08,24.8,2.92,0.37
2002-10-04,0.06,29.51,56.64,25.13,2.45,0.37
2002-10-05,0.0,29.37,55.03,25.69,3.51,0.37
2002-10-06,0.01,28.39,60.31,25.12,4.25,0.37
2002-10-07,0.2,27.75,65.02,22.71,4.5,0.37
2002-10-08,0.06,27.99,63.38,23.14,4.5,0.37
2002-10-09,0.01,28.11,62.58,26.05,4.74,0.37
2002-10-10,0.0,28.54,61.31,26.55,4.14,0.37
2002-10-11,0.07,28.91,59.96,25.29,3.81,0.37
2002-10-12,0.74,29.87,57.45,26.11,3.45,0.37
2002-10-13,0.0,29.92,54.2,25.77,2.85,0.37
2002-10-14,0.63,29.66,55.76,24.77,2.66,0.37
2002-10-15,0.07,29.97,54.58,24.57,3.13,0.37
2002-10-16,0.13,29.85,55.05,25.19,2.92,0.37
2002-10-17,0.0,29.58,51.91,24.46,2.34,0.37
2002-10-18,0.0,29.39,52.66,27.25,3.3,0.37
2002-10-19,0.0,29.11,56.98,27.18,2.85,0.37
2002-10-20,1.02,29.55,55.62,26.17,2.48,0.37
2002-10-21,0.65,29.44,58.31,26.01,3.06,0.37
2002-10-22,0.0,29.8,56.9,26.28,2.28,0.37
2002-10-23,0.01,29.91,57.2,24.52,1.49,0.37
2002-10-24,0.0,30.05,54.37,26.11,1.89,0.37
2002-10-25,0.0,30.21,57.77,25.0,1.81,0.37
2002-10-26,0.06,30.5,56.29,24.85,2.32,0.37
2002-10-27,0.05,30.67,54.47,26.02,2.71,0.37
2002-10-28,0.24,30.06,56.83,25.95,3.37,0.37
2002-10-29,0.37,29.98,57.53,24.87,3.24,0.37
2002-10-30,0.1,30.0,58.78,24.76,2.94,0.37
2002-10-31,0.13,30.25,58.89,23.74,2.32,0.37
2002-11-01,1.95,29.82,60.23,22.73,2.0,0.37
2002-11-02,0.5,29.99,61.33,21.51,2.61,0.37
2002-11-03,6.75,29.09,67.45,21.62,2.96,0.38
2002-11-04,0.56,29.59,63.78,23.65,2.26,0.38
2002-11-05,0.36,29.97,59.72,22.06,2.77,0.38
2002-11-06,0.02,30.02,57.29,23.07,3.23,0.38
2002-11-07,0.14,30.57,56.06,24.02,2.83,0.37
2002-11-08,0.11,30.52,57.13,24.76,3.51,0.37
2002-11-09,0.03,30.03,60.39,24.8,3.4,0.37
2002-11-10,0.05,30.47,57.86,25.02,3.48,0.37
2002-11-11,0.11,30.37,58.6,25.27,3.53,0.37
2002-11-12,0.25,30.68,56.51,24.93,3.6,0.37
2002-11-13,0.24,30.08,59.27,24.14,2.99,0.37
2002-11-14,0.04,30.46,58.68,23.61,2.46,0.37
2002-11-15,0.24,29.89,62.52,24.05,3.3,0.37
2002-11-16,0.67,30.77,57.74,23.85,2.74,0.37
2002-11-17,0.11,30.11,60.98,24.33,2.38,0.37
2002-11-18,0.33,29.54,64.24,22.57,2.7,0.37
2002-11-19,0.21,29.48,63.8,22.02,3.07,0.37
2002-11-20,5.87,29.51,65.68,24.3,2.5,0.38
2002-11-21,1.51,29.87,64.19,24.48,2.12,0.38
2002-11-22,0.14,30.34,61.24,22.78,2.76,0.38
2002-11-23,0.9,30.24,62.24,23.01,2.23,0.38
2002-11-24,4.52,29.52,64.8,21.04,3.04,0.38
2002-11-25,5.2,28.49,70.34,20.35,3.01,0.38
2002-11-26,5.64,27.8,73.82,20.96,1.87,0.39
2002-11-27,6.24,28.1,72.67,19.87,1.58,0.4
2002-11-28,5.04,27.59,76.76,16.44,1.79,0.4
2002-11-29,3.16,27.94,72.4,21.02,1.64,0.41
2002-11-30,6.2,26.82,79.83,21.18,1.29,0.41
2002-12-01,3.27,26.75,77.36,17.45,2.25,0.42
2002-12-02,5.69,26.08,82.0,19.14,1.26,0.42
2002-12-03,10.33,25.71,85.71,18.59,2.67,0.44
2002-12-04,2.49,26.44,80.84,21.43,1.46,0.45
2002-12-05,3.1,27.3,78.1,22.75,2.83,0.45
2002-12-06,1.28,27.6,74.88,24.29,1.4,0.45
2002-12-07,14.69,28.65,70.58,22.87,1.16,0.46
2002-12-08,7.49,28.43,74.21,22.92,1.96,0.48
2002-12-09,4.38,27.56,82.02,23.02,2.34,0.48
2002-12-10,10.39,27.91,76.76,24.08,1.65,0.49
2002-12-11,10.85,27.33,76.52,22.18,1.53,0.51
2002-12-12,13.05,26.36,79.78,16.75,0.75,0.52
2002-12-13,6.41,27.21,77.86,18.98,1.45,0.54
2002-12-14,22.0,27.38,80.11,18.8,1.56,0.56
2002-12-15,16.56,28.18,74.95,23.4,1.63,0.6
2002-12-16,1.33,29.12,68.42,24.13,1.58,0.59
2002-12-17,0.41,29.31,68.76,24.31,2.19,0.58
2002-12-18,0.1,29.44,69.74,25.4,2.17,0.57
2002-12-19,5.39,29.45,69.82,24.9,1.99,0.57
2002-12-20,1.12,29.57,65.18,21.19,1.37,0.57
2002-12-21,0.32,29.72,65.65,23.15,1.04,0.56
2002-12-22,0.28,29.54,64.91,22.9,1.01,0.55
2002-12-23,9.37,29.69,66.11,19.86,0.79,0.55
2002-12-24,5.04,28.72,73.52,20.44,1.05,0.56
2002-12-25,6.53,27.67,79.86,16.07,1.59,0.57
2002-12-26,43.78,26.59,83.84,16.77,2.75,0.61
2002-12-27,2.58,27.54,79.53,20.44,1.06,0.64
2002-12-28,5.83,27.41,81.53,22.47,2.2,0.64
2002-12-29,2.99,26.71,85.37,16.96,3.42,0.64
2002-12-30,7.16,26.03,87.26,13.58,3.17,0.64
2002-12-31,7.93,25.79,86.28,17.32,2.55,0.66
2003-01-01,16.73,26.52,84.83,21.14,2.99,0.67
2003-01-02,11.93,26.05,87.83,12.69,2.11,0.7
2003-01-03,2.6,26.07,88.57,19.28,5.68,0.69
2003-01-04,25.56,26.13,87.55,15.53,4.25,0.71
2003-01-05,10.4,26.69,78.86,16.82,0.93,0.74
2003-01-06,15.1,25.83,89.19,16.5,3.26,0.75
2003-01-07,11.11,25.97,88.92,9.46,6.09,0.77
2003-01-08,5.03,26.25,85.84,13.21,4.32,0.77
2003-01-09,1.93,26.51,83.14,18.89,4.06,0.77
2003-01-10,2.95,26.11,87.29,19.27,2.81,0.76
2003-01-11,4.49,25.89,87.89,12.42,3.88,0.77
2003-01-12,2.99,26.44,86.2,21.04,3.28,0.77
2003-01-13,5.72,26.35,87.08,18.72,2.63,0.77
2003-01-14,4.33,26.01,84.8,18.29,2.96,0.77
2003-01-15,13.16,26.15,86.23,17.96,3.24,0.78
2003-01-16,8.25,26.15,82.73,21.16,3.53,0.79
2003-01-17,9.15,26.91,77.79,22.65,1.7,0.8
2003-01-18,2.97,26.96,81.49,22.58,1.77,0.8
2003-01-19,30.42,26.85,83.17,20.05,2.43,0.81
2003-01-20,7.08,27.09,81.73,22.14,2.87,0.83
2003-01-21,6.19,26.7,85.44,20.08,3.29,0.83
2003-01-22,3.88,25.74,85.65,16.38,3.77,0.83
2003-01-23,6.54,25.85,86.82,10.2,4.13,0.83
2003-01-24,4.05,25.77,87.73,19.86,4.72,0.83
2003-01-25,2.66,25.5,88.48,20.83,4.29,0.83
2003-01-26,0.58,26.55,84.23,21.9,2.4,0.83
2003-01-27,8.89,26.6,83.76,14.56,1.28,0.83
2003-01-28,39.47,25.94,86.96,19.47,1.6,0.85
2003-01-29,6.56,26.44,84.98,21.81,2.18,0.88
2003-01-30,10.06,26.42,83.47,21.86,1.05,0.87
2003-01-31,17.6,26.23,82.39,15.23,0.81,0.88
2003-02-01,15.51,26.91,79.3,22.54,1.6,0.9
2003-02-02,4.35,26.23,84.94,14.17,1.79,0.9
2003-02-03,9.03,26.19,85.21,18.95,2.12,0.9
2003-02-04,9.78,26.23,86.78,21.66,3.32,0.9
2003-02-05,7.17,26.07,86.82,18.16,2.67,0.91
2003-02-06,0.92,26.25,84.5,20.68,3.32,0.9
2003-02-07,3.45,26.69,79.67,20.54,2.03,0.9
2003-02-08,2.48,26.49,81.23,20.88,1.2,0.89
2003-02-09,17.37,26.88,83.2,21.97,1.17,0.9
2003-02-10,6.51,26.23,87.21,21.12,2.78,0.91
2003-02-11,2.87,26.34,86.27,19.91,2.11,0.9
2003-02-12,0.32,26.34,86.32,24.4,2.29,0.9
2003-02-13,3.05,26.75,83.45,22.58,1.83,0.89
2003-02-14,9.83,26.56,85.58,19.43,3.64,0.89
2003-02-15,4.65,26.14,84.73,18.72,2.8,0.89
2003-02-16,5.77,26.11,86.69,17.56,3.61,0.89
2003-02-17,5.7,25.8,88.6,17.24,4.33,0.89
2003-02-18,8.96,25.79,89.72,11.48,4.2,0.89
2003-02-19,34.29,25.73,86.55,10.69,4.39,0.91
2003-02-20,32.84,26.05,83.9,12.89,3.68,0.95
2003-02-21,2.03,25.67,87.81,20.13,5.14,0.94
2003-02-22,5.39,25.91,88.27,13.01,4.64,0.94
2003-02-23,3.99,26.14,88.32,19.94,4.82,0.93
2003-02-24,7.0,26.64,86.7,14.29,4.81,0.93
2003-02-25,7.82,26.66,88.13,15.46,5.06,0.93
2003-02-26,5.57,26.63,88.04,19.18,5.81,0.93
2003-02-27,8.14,26.58,88.29,11.79,6.23,0.93
2003-02-28,9.96,26.48,90.16,5.48,5.7,0.93
2003-03-01,4.43,26.18,88.2,10.99,5.64,0.94
2003-03-02,6.93,25.54,86.15,14.76,4.18,0.93
2003-03-03,24.03,26.05,88.44,17.01,2.66,0.94
2003-03-04,14.49,25.9,88.65,14.78,4.09,0.96
2003-03-05,2.81,25.54,88.83,13.35,3.21,0.95
2003-03-06,18.6,26.01,86.15,16.44,2.6,0.95
2003-03-07,4.13,25.94,87.6,19.9,2.34,0.96
2003-03-08,29.09,26.3,86.47,17.78,2.21,0.96
2003-03-09,11.29,25.46,88.56,20.11,3.32,0.98
2003-03-10,1.67,26.01,85.51,16.47,2.61,0.97
2003-03-11,7.9,26.17,85.47,22.49,2.5,0.96
2003-03-12,1.92,26.66,78.46,23.41,1.6,0.96
2003-03-13,0.19,26.83,77.44,22.9,1.32,0.95
2003-03-14,0.42,26.94,76.15,21.1,0.75,0.94
2003-03-15,29.71,25.64,89.12,20.61,2.27,0.95
2003-03-16,1.64,25.99,82.03,24.25,1.98,0.96
2003-03-17,0.12,26.82,72.54,23.58,1.95,0.94
2003-03-18,0.05,27.14,68.5,25.71,1.78,0.93
2003-03-19,0.01,27.12,64.34,24.99,1.29,0.92
2003-03-20,0.0,26.96,73.1,24.89,1.99,0.9
2003-03-21,0.08,27.62,76.68,23.37,2.27,0.89
2003-03-22,6.31,27.45,78.76,19.57,1.3,0.89
2003-03-23,1.26,26.97,78.95,22.26,1.05,0.89
2003-03-24,0.07,27.52,75.99,24.05,1.58,0.88
2003-03-25,0.06,27.39,74.36,26.19,2.1,0.87
2003-03-26,0.03,27.16,74.36,23.96,2.83,0.86
2003-03-27,0.03,26.79,76.48,22.61,2.73,0.85
2003-03-28,0.08,27.06,76.55,21.73,2.43,0.84
2003-03-29,5.93,27.2,80.1,21.71,2.7,0.84
2003-03-30,1.18,27.5,79.66,23.29,3.58,0.83
2003-03-31,4.24,27.03,81.54,18.48,3.36,0.82
2003-04-01,5.82,26.84,81.87,10.37,2.41,0.82
2003-04-02,2.92,26.37,87.38,11.77,4.48,0.83
2003-04-03,7.03,26.49,87.02,10.76,3.26,0.83
2003-04-04,11.81,26.33,88.97,15.13,3.97,0.83
2003-04-05,5.53,26.6,85.31,16.41,1.87,0.84
2003-04-06,12.28,26.04,84.55,20.34,1.91,0.85
2003-04-07,0.03,26.66,78.75,24.46,2.28,0.85
2003-04-08,0.03,26.95,77.76,23.69,1.99,0.84
2003-04-09,1.57,27.38,78.24,21.79,1.41,0.83
2003-04-10,2.71,27.21,80.6,21.09,2.27,0.82
2003-04-11,0.16,27.01,75.26,22.66,2.32,0.81
2003-04-12,0.07,26.9,78.22,22.29,2.55,0.8
2003-04-13,0.02,27.11,77.71,22.65,2.61,0.79
2003-04-14,0.12,27.56,78.39,22.49,2.55,0.78
2003-04-15,0.19,27.54,78.92,22.62,2.57,0.77
2003-04-16,0.39,27.65,78.08,21.78,1.98,0.76
2003-04-17,0.3,27.27,81.06,20.78,2.99,0.76
2003-04-18,0.07,27.38,79.49,21.38,2.64,0.75
2003-04-19,0.0,26.94,76.58,23.17,4.1,0.74
2003-04-20,0.0,26.93,71.97,22.32,2.87,0.73
2003-04-21,0.5,27.49,78.36,19.49,3.44,0.72
2003-04-22,0.85,27.17,80.19,20.49,3.8,0.71
2003-04-23,0.01,27.16,76.81,20.66,3.78,0.71
2003-04-24,1.13,27.26,79.28,21.39,2.87,0.7
2003-04-25,0.06,27.03,75.71,21.5,3.55,0.69
2003-04-26,0.05,26.84,75.64,21.39,3.53,0.68
2003-04-27,0.0,26.48,75.29,21.22,3.53,0.67
2003-04-28,0.15,26.77,75.54,20.3,3.72,0.66
2003-04-29,0.3,26.96,75.93,20.31,3.94,0.66
2003-04-30,0.87,27.16,78.08,17.55,3.45,0.65
2003-05-01,0.12,27.33,77.15,20.02,3.77,0.64
2003-05-02,0.06,27.38,77.41,20.11,4.07,0.63
2003-05-03,0.19,27.2,82.36,19.25,3.95,0.63
2003-05-04,1.41,26.92,84.75,17.35,4.06,0.62
2003-05-05,15.3,26.36,86.7,12.36,3.79,0.64
2003-05-06,4.33,26.44,86.01,16.26,3.07,0.65
2003-05-07,0.87,26.7,87.14,14.94,3.39,0.65
2003-05-08,0.35,27.22,80.54,18.95,3.0,0.64
2003-05-09,0.43,27.36,79.58,17.45,2.97,0.64
2003-05-10,0.32,27.16,77.47,20.13,3.79,0.63
2003-05-11,0.03,26.63,76.71,21.02,3.32,0.62
2003-05-12,0.34,26.53,76.74,20.3,2.63,0.61
2003-05-13,0.38,26.5,73.47,19.69,2.69,0.61
2003-05-14,0.01,26.05,74.72,19.19,3.02,0.6
2003-05-15,0.0,25.87,72.62,19.09,3.12,0.59
2003-05-16,0.0,25.84,72.68,20.39,3.16,0.59
2003-05-17,0.01,25.54,73.61,17.83,2.78,0.58
2003-05-18,0.04,25.87,71.66,20.4,2.24,0.57
2003-05-19,0.01,26.46,72.03,21.11,2.1,0.57
2003-05-20,0.26,26.71,73.07,18.3,2.47,0.56
2003-05-21,0.49,26.75,77.88,17.23,3.06,0.55
2003-05-22,5.41,26.39,81.58,13.39,2.85,0.56
2003-05-23,0.31,26.95,74.77,18.86,3.38,0.55
2003-05-24,0.01,27.06,72.75,18.74,3.75,0.55
2003-05-25,0.0,27.02,70.86,19.0,4.34,0.54
2003-05-26,0.0,26.74,65.52,20.4,5.27,0.54
2003-05-27,0.0,26.61,65.46,19.87,4.68,0.53
2003-05-28,0.14,26.19,63.47,20.2,4.92,0.53
2003-05-29,0.08,25.77,62.32,21.71,3.75,0.52
2003-05-30,0.0,26.0,63.2,21.36,2.92,0.52
2003-05-31,0.06,26.57,66.71,21.14,2.34,0.51
2003-06-01,0.21,26.97,69.61,18.45,2.99,0.51
2003-06-02,0.16,27.21,72.08,18.75,2.47,0.5
2003-06-03,0.13,27.68,72.3,17.9,3.35,0.5
2003-06-04,0.19,27.58,72.56,19.29,3.13,0.5
2003-06-05,0.01,27.33,71.0,19.06,3.22,0.49
2003-06-06,0.27,27.25,69.4,19.44,3.18,0.49
2003-06-07,0.18,26.7,66.52,20.07,4.01,0.48
2003-06-08,0.0,26.51,62.26,20.69,3.92,0.48
2003-06-09,0.0,26.3,63.64,20.75,3.72,0.48
2003-06-10,0.03,26.88,69.11,18.75,3.89,0.47
2003-06-11,0.2,27.14,70.22,13.88,5.16,0.47
2003-06-12,0.0,27.17,66.6,20.23,4.53,0.47
2003-06-13,0.0,26.6,64.01,19.51,4.24,0.46
2003-06-14,0.17,26.53,68.53,16.43,4.21,0.46
2003-06-15,0.17,26.54,70.21,18.72,4.41,0.46
2003-06-16,0.8,26.79,73.78,16.61,5.19,0.46
2003-06-17,0.4,26.97,75.15,16.94,4.75,0.46
2003-06-18,0.89,26.75,77.1,14.24,4.43,0.45
2003-06-19,0.31,26.21,77.91,12.55,4.65,0.45
2003-06-20,0.21,26.85,73.49,17.71,3.87,0.45
2003-06-21,0.43,26.54,74.68,15.08,3.21,0.45
2003-06-22,0.03,27.02,71.65,17.57,3.31,0.45
2003-06-23,0.05,27.15,71.95,18.11,3.42,0.44
2003-06-24,0.0,26.89,68.38,19.67,4.49,0.44
2003-06-25,0.0,26.58,66.05,20.32,4.71,0.44
2003-06-26,0.0,26.47,64.81,18.19,3.51,0.44
2003-06-27,0.0,26.48,63.77,20.17,2.87,0.43
2003-06-28,0.0,26.01,62.69,20.97,3.81,0.43
2003-06-29,0.0,25.56,62.71,19.11,2.86,0.43
2003-06-30,0.0,25.52,62.31,21.24,3.27,0.43
2003-07-01,0.0,25.45,62.14,21.18,3.54,0.42
2003-07-02,0.0,26.09,63.13,20.74,3.49,0.42
2003-07-03,0.0,25.96,60.91,20.68,4.68,0.42
2003-07-04,0.0,25.74,64.92,19.48,4.14,0.42
2003-07-05,1.18,25.57,66.63,20.08,3.42,0.41
2003-07-06,0.0,25.99,69.93,16.57,4.57,0.41
2003-07-07,0.03,26.59,67.07,17.76,5.13,0.41
2003-07-08,0.0,26.04,66.04,19.34,5.71,0.41
2003-07-09,0.0,25.99,67.26,19.34,4.28,0.41
2003-07-10,0.0,26.44,69.99,19.08,4.78,0.41
2003-07-11,0.0,26.71,69.6,18.2,4.66,0.4
2003-07-12,0.0,25.82,65.11,20.24,4.68,0.4
2003-07-13,0.01,25.82,65.07,20.76,3.1,0.4
2003-07-14,0.06,26.03,64.54,20.44,3.86,0.4
2003-07-15,0.0,26.23,66.19,15.84,4.4,0.4
2003-07-16,0.03,25.89,61.45,19.36,5.14,0.4
2003-07-17,0.01,25.47,61.3,19.94,4.63,0.39
2003-07-18,0.0,25.27,63.88,19.93,4.79,0.39
2003-07-19,0.02,25.8,66.29,20.64,3.72,0.39
2003-07-20,0.07,26.15,66.51,17.66,3.71,0.39
2003-07-21,0.75,26.0,68.71,16.92,4.66,0.39
2003-07-22,1.01,26.42,73.11,15.02,3.95,0.39
2003-07-23,0.34,26.6,70.04,16.48,5.7,0.39
2003-07-24,0.24,26.4,72.18,15.65,4.66,0.39
2003-07-25,0.34,26.63,70.34,15.65,4.41,0.39
2003-07-26,0.23,26.72,71.45,18.24,3.62,0.38
2003-07-27,0.03,26.79,66.27,20.93,4.64,0.38
2003-07-28,0.09,26.47,63.16,21.58,4.03,0.38
2003-07-29,0.01,26.24,62.62,21.9,4.66,0.38
2003-07-30,0.02,26.19,66.39,20.22,4.96,0.38
2003-07-31,0.1,26.41,63.46,19.55,4.2,0.38
2003-08-01,0.13,26.15,63.24,19.8,5.87,0.38
2003-08-02,0.0,25.8,58.27,21.06,5.29,0.38
2003-08-03,0.05,25.58,62.98,19.64,2.93,0.37
2003-08-04,0.26,26.17,64.48,19.7,3.31,0.37
2003-08-05,0.1,26.37,64.75,19.45,2.89,0.37
2003-08-06,0.18,26.7,63.06,21.85,3.43,0.37
2003-08-07,0.04,27.3,63.45,20.8,3.33,0.37
2003-08-08,0.5,27.37,65.12,20.29,4.16,0.37
2003-08-09,0.23,26.39,68.92,17.48,4.97,0.37
2003-08-10,0.04,26.25,65.54,17.71,4.08,0.37
2003-08-11,0.14,26.51,63.74,18.63,3.04,0.37
2003-08-12,0.49,25.68,68.57,19.64,5.37,0.37
2003-08-13,0.02,26.18,68.07,17.44,4.8,0.37
2003-08-14,0.04,26.86,64.97,20.18,4.59,0.37
2003-08-15,0.07,26.98,66.22,19.27,3.85,0.37
2003-08-16,0.13,27.66,64.63,20.63,3.51,0.37
2003-08-17,0.14,27.74,60.34,22.24,3.49,0.37
2003-08-18,0.04,27.8,62.22,20.1,3.58,0.37
2003-08-19,0.08,27.68,63.37,21.08,3.34,0.37
2003-08-20,0.3,27.54,63.15,20.28,3.7,0.37
2003-08-21,0.36,27.58,64.02,18.62,3.09,0.37
2003-08-22,0.01,26.22,68.14,21.71,5.31,0.37
2003-08-23,0.01,25.44,65.75,20.99,5.62,0.37
2003-08-24,0.0,25.06,64.74,19.92,5.12,0.37
2003-08-25,0.0,25.97,61.17,22.49,3.66,0.37
2003-08-26,0.16,26.53,63.27,21.01,3.85,0.37
2003-08-27,0.01,27.19,63.54,21.16,4.47,0.37
2003-08-28,0.19,27.21,65.46,21.87,3.35,0.37
2003-08-29,0.1,27.61,62.26,20.39,4.22,0.37
2003-08-30,0.0,27.47,54.01,24.83,4.49,0.37
2003-08-31,0.0,27.08,57.54,23.63,3.9,0.37
2003-09-01,0.13,27.4,59.34,22.44,4.26,0.37
2003-09-02,0.5,27.4,63.76,22.11,3.88,0.37
2003-09-03,1.19,27.53,64.65,14.38,3.8,0.37
2003-09-04,0.35,27.45,62.0,21.51,4.99,0.37
2003-09-05,0.0,26.77,55.2,25.71,4.99,0.37
2003-09-06,0.0,26.01,56.12,24.78,4.13,0.37
2003-09-07,0.0,26.18,58.14,22.84,3.74,0.37
2003-09-08,0.09,26.37,64.71,20.13,4.18,0.37
2003-09-09,0.18,26.92,68.1,19.63,4.19,0.37
2003-09-10,0.05,27.41,66.5,21.28,3.19,0.37
2003-09-11,0.21,27.09,67.94,17.99,3.87,0.37
2003-09-12,0.14,27.37,64.97,21.12,4.08,0.37
2003-09-13,0.03,27.55,64.39,22.48,3.55,0.37
2003-09-14,0.08,27.33,65.95,22.51,3.6,0.37
2003-09-15,0.02,27.13,67.26,21.81,3.84,0.37
2003-09-16,0.12,27.31,65.91,21.12,4.03,0.37
2003-09-17,0.0,27.69,64.2,22.78,3.43,0.37
2003-09-18,0.03,27.58,66.69,21.12,3.96,0.37
2003-09-19,0.05,28.13,62.89,23.46,3.81,0.37
2003-09-20,0.08,28.56,61.25,22.77,3.24,0.37
2003-09-21,0.01,28.88,58.9,23.97,3.57,0.37
2003-09-22,0.01,28.34,61.38,23.4,4.08,0.37
2003-09-23,0.15,28.13,63.53,22.18,5.03,0.37
2003-09-24,0.02,28.45,61.51,24.05,4.36,0.37
2003-09-25,0.0,28.82,59.34,23.45,4.4,0.37
2003-09-26,0.0,28.77,59.44,23.87,3.56,0.37
2003-09-27,0.0,28.91,60.48,25.05,3.54,0.37
2003-09-28,0.0,29.2,62.37,23.7,4.29,0.37
2003-09-29,0.01,29.05,64.28,21.77,5.18,0.37
2003-09-30,0.1,28.71,63.88,19.75,4.06,0.37
2003-10-01,0.09,28.8,64.77,19.98,4.02,0.37
2003-10-02,0.05,29.28,61.9,22.85,4.21,0.37
2003-10-03,0.86,29.36,61.01,23.04,3.68,0.37
2003-10-04,1.82,29.04,59.82,23.61,4.33,0.37
2003-10-05,0.06,28.77,64.17,22.3,4.44,0.37
2003-10-06,0.15,28.4,68.18,21.14,4.97,0.37
2003-10-07,0.33,29.04,64.26,21.98,4.01,0.37
2003-10-08,5.34,28.24,67.31,22.68,3.02,0.37
2003-10-09,2.51,27.95,69.96,22.97,3.57,0.38
2003-10-10,0.14,28.75,61.15,24.25,4.13,0.38
2003-10-11,0.02,28.56,56.61,25.87,4.56,0.38
2003-10-12,0.0,28.86,56.2,24.95,3.72,0.37
2003-10-13,0.2,29.21,56.82,23.2,1.68,0.37
2003-10-14,0.74,28.79,60.39,21.46,4.57,0.37
2003-10-15,0.07,28.75,62.1,22.03,4.25,0.37
2003-10-16,0.21,28.81,60.64,22.1,4.17,0.37
2003-10-17,0.0,29.02,59.22,24.79,3.77,0.37
2003-10-18,0.0,28.55,63.56,23.21,4.37,0.37
2003-10-19,0.17,29.38,58.85,24.08,4.2,0.37
2003-10-20,0.01,29.6,57.19,26.31,4.02,0.37
2003-10-21,0.0,29.26,61.63,25.42,3.87,0.37
2003-10-22,0.36,29.26,64.04,23.85,4.22,0.37
2003-10-23,0.43,29.6,61.5,24.48,3.53,0.37
2003-10-24,1.67,29.39,59.64,23.88,3.77,0.37
2003-10-25,0.71,29.46,58.41,25.12,3.79,0.37
2003-10-26,0.69,29.84,56.56,23.68,4.27,0.37
2003-10-27,0.18,29.42,56.86,24.66,4.33,0.37
2003-10-28,0.02,29.24,59.2,22.77,3.65,0.37
2003-10-29,0.05,29.49,58.88,24.05,3.96,0.37
2003-10-30,0.07,28.94,63.15,23.21,3.75,0.37
2003-10-31,0.13,28.61,62.22,21.87,3.86,0.37
2003-11-01,1.89,29.11,63.12,23.98,3.47,0.37
2003-11-02,0.65,29.93,57.82,25.88,3.37,0.37
2003-11-03,0.03,30.14,55.57,24.87,3.46,0.37
2003-11-04,0.12,30.07,57.91,24.74,2.42,0.37
2003-11-05,0.04,30.43,59.5,23.75,3.47,0.37
2003-11-06,2.7,30.61,58.34,25.41,3.35,0.37
2003-11-07,5.22,28.76,69.18,25.36,2.3,0.38
2003-11-08,0.35,29.29,68.47,26.12,2.67,0.38
2003-11-09,0.16,30.25,58.5,26.65,2.1,0.38
2003-11-10,0.3,29.92,60.33,26.11,1.98,0.38
2003-11-11,0.26,30.17,60.48,23.69,1.48,0.37
2003-11-12,1.85,29.68,64.27,19.88,3.52,0.38
2003-11-13,2.07,29.77,62.64,25.06,3.36,0.38
2003-11-14,1.2,29.61,63.33,23.51,3.06,0.38
2003-11-15,20.27,27.98,74.42,20.51,2.14,0.4
2003-11-16,3.91,28.55,70.4,16.41,1.39,0.42
2003-11-17,0.46,28.93,67.19,21.28,1.5,0.41
2003-11-18,0.8,28.85,67.24,16.16,1.24,0.41
2003-11-19,2.84,28.52,69.82,20.94,1.61,0.41
2003-11-20,31.37,27.97,76.14,22.08,2.28,0.43
2003-11-21,9.05,27.84,73.33,23.14,0.97,0.48
2003-11-22,12.53,28.02,73.45,24.43,1.86,0.48
2003-11-23,7.11,27.77,74.46,22.62,1.37,0.49
2003-11-24,2.61,27.47,76.8,23.7,1.33,0.5
2003-11-25,7.8,28.04,75.93,13.97,0.83,0.5
2003-11-26,13.52,27.63,79.32,21.72,1.61,0.52
2003-11-27,23.77,28.01,75.67,22.12,1.29,0.54
2003-11-28,4.23,28.07,75.08,23.12,1.8,0.56
2003-11-29,0.11,28.7,69.82,25.18,2.77,0.55
2003-11-30,0.7,28.74,70.36,22.53,2.09,0.54
2003-12-01,1.68,27.03,82.37,23.64,2.33,0.54
2003-12-02,0.51,28.6,71.2,26.33,1.15,0.54
2003-12-03,0.92,28.48,72.29,22.51,1.23,0.53
2003-12-04,9.12,27.58,76.03,18.31,0.88,0.54
2003-12-05,9.36,27.28,79.97,21.87,1.75,0.55
2003-12-06,18.33,27.2,82.0,21.44,1.96,0.58
2003-12-07,3.39,27.05,81.98,13.15,1.27,0.59
2003-12-08,2.24,26.95,78.81,20.34,1.55,0.58
2003-12-09,1.0,27.85,77.24,22.94,1.31,0.58
2003-12-10,1.92,27.58,81.98,17.57,1.33,0.57
2003-12-11,11.8,27.86,80.82,19.07,1.4,0.58
2003-12-12,12.98,27.59,84.27,17.69,1.82,0.61
2003-12-13,4.79,27.63,81.85,19.29,2.09,0.61
2003-12-14,2.87,26.82,84.81,19.54,2.74,0.61
2003-12-15,6.46,26.51,82.94,13.04,3.08,0.62
2003-12-16,11.67,26.2,86.03,18.12,2.04,0.62
2003-12-17,7.21,26.79,84.37,16.81,2.35,0.64
2003-12-18,7.16,26.23,86.31,7.32,4.0,0.65
2003-12-19,8.09,25.98,87.99,20.38,3.96,0.65
2003-12-20,3.35,26.62,82.71,17.57,4.66,0.66
2003-12-21,2.69,26.2,83.17,16.06,4.65,0.66
2003-12-22,2.98,26.89,76.9,19.64,5.04,0.65
2003-12-23,0.62,26.57,75.21,20.71,5.16,0.65
2003-12-24,0.09,26.95,74.54,21.84,4.67,0.64
2003-12-25,0.47,26.73,78.38,21.01,4.23,0.63
2003-12-26,6.2,26.85,82.99,11.3,2.91,0.63
2003-12-27,4.5,26.04,84.23,20.35,3.31,0.64
2003-12-28,3.22,26.45,82.52,17.81,2.89,0.64
2003-12-29,3.82,26.58,83.15,20.33,2.48,0.64
2003-12-30,0.57,27.2,77.65,22.67,2.46,0.64
2003-12-31,0.25,27.67,75.45,26.6,2.61,0.63
2004-01-01,0.1,27.59,76.73,24.32,3.23,0.62
2004-01-02,0.38,27.55,75.82,23.44,4.53,0.61
2004-01-03,0.76,26.56,86.23,17.16,3.75,0.61
2004-01-04,3.59,26.54,85.15,21.16,2.57,0.61
2004-01-05,1.32,27.08,78.88,23.54,2.0,0.61
2004-01-06,5.62,26.69,82.25,22.45,1.69,0.61
2004-01-07,4.16,26.06,85.92,22.34,2.28,0.62
2004-01-08,2.61,26.19,82.6,19.84,2.45,0.62
2004-01-09,2.94,26.05,82.94,20.28,2.14,0.62
2004-01-10,0.84,26.69,81.52,20.37,1.54,0.61
2004-01-11,10.96,26.17,85.57,19.77,1.93,0.62
2004-01-12,8.18,26.86,81.03,20.42,2.0,0.63
2004-01-13,3.85,27.21,78.49,23.47,2.2,0.63
2004-01-14,1.02,26.95,79.89,20.9,2.65,0.63
2004-01-15,0.99,27.62,76.87,24.47,1.09,0.62
2004-01-16,0.55,27.95,77.04,24.78,1.52,0.61
2004-01-17,0.09,28.39,70.98,24.47,1.14,0.61
2004-01-18,0.99,28.35,73.18,24.49,2.25,0.6
2004-01-19,26.94,27.93,75.67,23.12,1.78,0.61
2004-01-20,19.12,27.5,77.68,24.15,1.63,0.66
2004-01-21,0.58,27.9,72.78,23.98,1.12,0.65
2004-01-22,6.35,27.07,79.86,22.31,1.72,0.65
2004-01-23,0.44,27.52,76.54,24.99,1.61,0.65
2004-01-24,0.41,28.13,73.47,23.43,1.08,0.64
2004-01-25,0.43,27.52,78.22,21.56,0.99,0.63
2004-01-26,2.16,27.45,79.4,21.76,1.62,0.63
2004-01-27,1.82,26.91,81.23,20.98,1.92,0.63
2004-01-28,18.85,27.03,83.63,22.79,1.85,0.63
2004-01-29,9.58,26.61,87.86,19.85,2.33,0.67
2004-01-30,5.39,26.43,87.23,19.46,2.39,0.67
2004-01-31,36.23,26.28,87.82,22.18,2.08,0.7
2004-02-01,17.21,26.06,88.67,19.74,4.7,0.74
2004-02-02,2.35,26.31,86.65,16.91,3.75,0.74
2004-02-03,17.83,25.91,86.6,13.22,4.52,0.74
2004-02-04,8.69,25.68,85.07,10.27,6.59,0.76
2004-02-05,7.38,26.2,83.1,19.69,3.46,0.76
2004-02-06,3.74,25.62,86.52,15.22,4.54,0.76
2004-02-07,4.93,25.73,86.64,21.21,4.04,0.76
2004-02-08,2.11,25.65,83.58,18.89,3.95,0.77
2004-02-09,1.73,26.33,80.48,23.55,4.95,0.76
2004-02-10,0.21,26.25,80.68,18.53,5.4,0.75
2004-02-11,3.11,25.84,81.23,18.03,5.31,0.74
2004-02-12,1.65,25.96,88.03,16.85,4.59,0.74
2004-02-13,1.28,26.22,86.05,24.8,2.78,0.74
2004-02-14,9.48,26.26,84.29,21.09,2.76,0.74
2004-02-15,8.7,26.19,88.93,15.74,3.24,0.75
2004-02-16,5.86,25.74,88.3,15.86,1.97,0.76
2004-02-17,21.5,25.94,87.69,14.43,1.85,0.77
2004-02-18,23.27,25.37,89.65,13.03,2.58,0.82
2004-02-19,5.22,25.9,87.03,18.71,1.41,0.82
2004-02-20,21.43,26.0,88.99,21.46,1.98,0.83
2004-02-21,25.84,26.32,83.71,21.89,1.95,0.87
2004-02-22,8.66,27.15,80.29,24.51,1.58,0.88
2004-02-23,0.18,27.32,80.3,23.3,1.44,0.86
2004-02-24,1.15,27.13,80.39,22.38,0.8,0.85
2004-02-25,4.85,26.16,87.98,21.94,2.32,0.85
2004-02-26,4.49,25.81,87.94,24.24,2.61,0.85
2004-02-27,8.59,25.99,86.5,21.33,2.92,0.86
2004-02-28,3.99,26.18,86.88,18.1,3.21,0.86
2004-02-29,1.53,26.58,86.54,21.55,2.7,0.86
2004-03-01,3.28,26.94,83.65,18.67,1.65,0.85
2004-03-02,8.37,26.51,84.79,18.79,1.15,0.86
2004-03-03,4.86,25.85,88.72,19.33,1.84,0.86
2004-03-04,1.24,26.33,81.84,20.39,1.99,0.86
2004-03-05,2.9,26.95,80.64,20.29,2.24,0.85
2004-03-06,2.06,26.91,83.36,22.71,1.82,0.85
2004-03-07,2.56,27.23,81.77,21.33,1.96,0.84
2004-03-08,3.75,26.58,87.14,18.92,3.14,0.84
2004-03-09,2.42,26.44,87.75,20.72,2.86,0.84
2004-03-10,4.71,26.7,85.32,21.8,1.49,0.84
2004-03-11,10.1,27.07,82.09,17.98,1.41,0.85
2004-03-12,9.96,26.33,87.98,16.7,1.55,0.85
2004-03-13,6.49,25.47,88.3,17.38,3.55,0.86
2004-03-14,26.2,26.14,85.63,19.79,2.08,0.87
2004-03-15,11.3,26.44,82.56,21.79,2.35,0.89
2004-03-16,18.81,25.89,87.15,21.74,2.42,0.9
2004-03-17,6.59,26.16,86.13,20.01,2.39,0.91
2004-03-18,2.84,26.92,83.4,21.65,3.99,0.9
2004-03-19,1.14,26.44,86.34,19.59,4.44,0.89
2004-03-20,0.74,27.24,82.55,21.07,4.4,0.88
2004-03-21,1.55,27.29,82.47,18.5,4.06,0.88
2004-03-22,2.9,26.74,86.46,20.11,4.97,0.87
2004-03-23,9.71,26.02,87.33,18.26,4.45,0.87
2004-03-24,1.89,26.79,78.68,23.45,2.98,0.87
2004-03-25,0.4,26.77,82.37,25.0,2.54,0.86
2004-03-26,1.74,27.34,79.15,23.75,1.5,0.85
2004-03-27,0.4,27.44,78.9,22.33,1.02,0.85
2004-03-28,0.0,26.88,81.21,21.87,1.28,0.84
2004-03-29,0.0,27.2,78.89,22.12,1.27,0.83
2004-03-30,0.03,27.18,77.89,21.06,0.89,0.83
2004-03-31,0.22,26.87,84.06,21.64,2.12,0.82
2004-04-01,0.67,26.84,81.05,22.84,1.44,0.82
2004-04-02,0.84,26.91,81.26,22.44,3.19,0.81
2004-04-03,0.33,27.11,77.95,23.76,3.03,0.8
2004-04-04,0.47,27.1,78.56,23.56,3.26,0.79
2004-04-05,0.22,27.08,76.49,23.32,3.02,0.79
2004-04-06,0.68,27.15,78.01,22.67,2.61,0.78
2004-04-07,0.17,27.11,80.39,23.43,2.77,0.77
2004-04-08,0.04,27.14,77.25,23.92,2.62,0.76
2004-04-09,0.18,27.41,73.68,21.5,2.41,0.75
2004-04-10,0.15,27.48,76.04,21.91,2.49,0.74
2004-04-11,0.21,27.57,77.46,22.59,3.19,0.73
2004-04-12,2.65,27.54,77.33,22.68,2.35,0.72
2004-04-13,0.58,27.39,79.4,22.27,2.84,0.72
2004-04-14,0.68,27.56,77.9,21.59,2.99,0.71
2004-04-15,0.21,27.67,77.53,22.54,3.91,0.7
2004-04-16,0.71,27.56,78.13,19.22,3.58,0.69
2004-04-17,1.54,26.64,80.06,19.54,3.39,0.69
2004-04-18,0.08,26.95,73.34,22.99,3.57,0.68
2004-04-19,0.0,26.95,72.77,23.11,3.45,0.67
2004-04-20,0.01,27.36,73.98,22.11,2.6,0.66
2004-04-21,0.21,27.42,77.32,18.78,2.68,0.65
2004-04-22,0.58,27.43,76.93,20.96,3.36,0.65
2004-04-23,0.27,27.38,75.67,22.14,2.99,0.64
2004-04-24,0.13,27.59,77.29,22.51,3.72,0.63
2004-04-25,0.2,27.29,76.1,19.91,3.53,0.62
2004-04-26,0.01,27.33,74.28,19.17,2.77,0.61
2004-04-27,0.04,27.69,74.25,21.05,3.57,0.61
2004-04-28,0.22,27.39,75.25,21.29,4.14,0.6
2004-04-29,0.18,27.4,76.04,20.64,3.85,0.59
2004-04-30,0.83,27.46,75.59,19.09,3.57,0.59
2004-05-01,17.75,27.13,79.11,18.48,3.65,0.59
2004-05-02,1.32,27.32,74.65,17.57,3.86,0.61
2004-05-03,1.3,27.19,73.38,19.17,3.52,0.6
2004-05-04,1.05,27.14,77.92,16.67,3.67,0.59
2004-05-05,0.45,27.54,78.85,19.27,3.35,0.59
2004-05-06,0.12,27.93,78.48,19.72,3.47,0.58
2004-05-07,0.43,27.89,80.35,19.56,3.81,0.57
2004-05-08,0.65,27.49,82.17,17.96,3.79,0.57
2004-05-09,0.62,27.3,79.94,14.91,3.88,0.56
2004-05-10,0.05,27.38,77.22,19.38,2.3,0.56
2004-05-11,0.26,27.6,73.84,20.51,3.02,0.55
2004-05-12,0.43,27.24,70.15,19.84,2.47,0.55
2004-05-13,0.33,27.37,67.7,19.69,1.74,0.54
2004-05-14,0.0,27.62,66.34,19.7,1.93,0.54
2004-05-15,0.0,27.6,68.43,19.99,1.9,0.53
2004-05-16,0.02,28.0,65.71,19.98,1.24,0.53
2004-05-17,0.02,27.58,71.2,20.34,3.41,0.52
2004-05-18,0.0,27.64,67.09,20.64,3.37,0.52
2004-05-19,0.23,27.93,73.67,17.82,2.84,0.51
2004-05-20,0.86,27.69,76.33,18.06,2.7,0.51
2004-05-21,5.09,26.77,78.89,19.65,1.86,0.51
2004-05-22,0.35,27.36,75.92,20.81,2.21,0.51
2004-05-23,0.18,27.95,72.34,19.41,1.44,0.51
2004-05-24,9.5,27.56,77.05,18.39,2.88,0.51
2004-05-25,0.93,27.59,70.87,19.15,2.91,0.51
2004-05-26,0.16,27.68,71.46,19.28,3.1,0.51
2004-05-27,4.63,26.92,77.74,18.29,3.13,0.51
2004-05-28,18.46,26.21,81.03,10.07,4.6,0.52
2004-05-29,2.13,25.35,80.19,10.75,4.46,0.54
2004-05-30,1.23,25.32,78.37,7.27,2.51,0.54
2004-05-31,3.71,25.51,78.2,14.09,3.37,0.54
2004-06-01,0.02,25.61,69.27,20.21,3.72,0.53
2004-06-02,0.07,25.54,74.24,15.55,3.0,0.53
2004-06-03,0.01,26.01,73.09,18.72,2.6,0.52
2004-06-04,0.02,26.53,73.66,18.95,2.42,0.52
2004-06-05,0.12,27.9,69.06,18.79,2.4,0.51
2004-06-06,1.04,27.75,74.66,16.18,4.14,0.51
2004-06-07,0.01,27.46,72.18,18.58,4.89,0.51
2004-06-08,0.0,27.12,70.69,19.24,4.2,0.5
2004-06-09,0.13,27.17,69.76,18.65,4.98,0.5
2004-06-10,0.32,27.08,70.29,19.37,3.27,0.49
2004-06-11,0.17,26.87,70.49,18.44,4.44,0.49
2004-06-12,0.02,26.73,67.66,19.35,3.35,0.49
2004-06-13,0.0,26.13,62.67,20.08,5.01,0.48
2004-06-14,0.0,25.61,59.31,20.45,4.31,0.48
2004-06-15,0.0,26.17,68.31,18.28,4.72,0.48
2004-06-16,0.0,25.87,57.07,18.77,5.84,0.47
2004-06-17,0.0,25.72,59.16,19.91,3.33,0.47
2004-06-18,0.0,26.43,64.61,19.43,3.13,0.47
2004-06-19,0.08,25.86,67.4,19.01,3.91,0.46
2004-06-20,0.04,25.71,66.96,18.69,3.81,0.46
2004-06-21,0.04,25.38,69.87,18.85,3.87,0.46
2004-06-22,0.07,25.56,69.57,17.22,3.5,0.46
2004-06-23,0.07,25.28,70.5,17.45,4.85,0.45
2004-06-24,0.0,25.39,67.79,16.4,4.33,0.45
2004-06-25,0.0,25.68,65.61,19.21,4.28,0.45
2004-06-26,0.0,25.24,65.1,18.97,5.05,0.45
2004-06-27,0.07,25.58,61.69,18.07,3.95,0.44
2004-06-28,0.29,25.46,62.91,17.31,4.43,0.44
2004-06-29,0.06,25.03,66.76,18.79,3.82,0.44
2004-06-30,0.05,25.41,69.22,18.76,4.06,0.44
2004-07-01,0.18,25.91,69.24,17.59,2.89,0.43
2004-07-02,0.16,26.35,71.35,18.19,2.73,0.43
2004-07-03,0.16,26.66,70.61,18.95,2.76,0.43
2004-07-04,0.1,27.02,69.58,18.83,2.68,0.43
2004-07-05,0.08,27.08,69.24,17.17,3.1,0.42
2004-07-06,0.08,26.53,68.72,19.44,3.28,0.42
2004-07-07,0.14,26.32,66.83,18.56,3.07,0.42
2004-07-08,0.04,26.42,68.32,18.44,4.04,0.42
2004-07-09,0.1,26.49,68.19,17.87,3.26,0.41
2004-07-10,0.06,26.13,64.95,18.85,3.43,0.41
2004-07-11,0.0,26.41,63.9,18.01,3.01,0.41
2004-07-12,0.12,26.42,70.02,9.15,2.93,0.41
2004-07-13,0.89,26.61,70.48,18.11,3.4,0.41
2004-07-14,0.08,26.39,66.48,20.27,4.11,0.41
2004-07-15,0.19,26.4,70.38,11.26,3.83,0.4
2004-07-16,0.14,26.11,71.63,15.03,4.86,0.4
2004-07-17,0.0,25.79,67.64,19.02,4.93,0.4
2004-07-18,0.0,25.82,66.67,19.82,4.73,0.4
2004-07-19,0.02,25.77,66.55,18.24,5.16,0.4
2004-07-20,0.0,25.55,67.7,19.92,4.49,0.4
2004-07-21,0.0,25.75,66.65,17.4,3.88,0.39
2004-07-22,0.0,25.73,66.39,18.83,3.62,0.39
2004-07-23,0.0,25.97,66.39,19.05,3.97,0.39
2004-07-24,0.0,25.96,65.08,20.8,3.21,0.39
2004-07-25,0.0,25.61,64.95,19.4,4.55,0.39
2004-07-26,0.03,25.02,65.2,20.56,4.37,0.39
2004-07-27,0.0,25.48,62.94,21.7,3.07,0.38
2004-07-28,0.0,25.91,64.26,19.98,3.02,0.38
2004-07-29,1.09,25.36,65.85,20.96,3.46,0.38
2004-07-30,0.0,25.9,63.62,21.78,3.8,0.38
2004-07-31,0.03,25.86,62.58,20.08,3.63,0.38
2004-08-01,0.0,26.16,63.25,19.45,4.79,0.38
2004-08-02,0.0,25.99,64.69,19.53,4.61,0.38
2004-08-03,0.0,25.88,66.51,21.08,4.42,0.38
2004-08-04,0.0,25.77,66.46,19.78,4.27,0.37
2004-08-05,0.0,25.31,66.65,20.46,4.0,0.37
2004-08-06,0.0,25.78,63.51,21.47,3.87,0.37
2004-08-07,0.0,25.7,65.12,19.54,4.17,0.37
2004-08-08,0.27,25.51,68.78,18.56,4.61,0.37
2004-08-09,0.53,26.2,67.1,20.23,3.94,0.37
2004-08-10,0.26,26.24,62.56,21.69,3.64,0.37
2004-08-11,0.03,26.34,60.54,23.14,3.5,0.37
2004-08-12,0.1,26.59,60.14,21.57,3.33,0.37
2004-08-13,0.51,26.2,60.98,18.29,3.62,0.37
2004-08-14,0.16,25.77,60.2,21.83,4.18,0.37
2004-08-15,0.0,25.88,57.79,21.33,3.89,0.37
2004-08-16,1.23,25.49,60.96,22.03,4.23,0.37
2004-08-17,0.13,25.62,60.96,21.24,4.05,0.37
2004-08-18,0.1,25.94,60.22,21.79,3.13,0.37
2004-08-19,0.54,26.35,59.82,21.25,3.46,0.37
2004-08-20,1.2,25.98,62.67,21.31,2.86,0.37
2004-08-21,0.22,26.0,64.58,21.55,3.39,0.37
2004-08-22,0.36,26.1,59.12,21.1,3.79,0.37
2004-08-23,0.0,26.19,60.21,21.42,2.88,0.37
2004-08-24,0.19,26.56,59.65,22.43,2.72,0.37
2004-08-25,0.04,26.72,58.82,22.7,2.69,0.37
2004-08-26,0.01,26.44,61.0,22.47,3.39,0.37
2004-08-27,0.11,26.86,62.69,22.14,2.93,0.37
2004-08-28,0.23,27.27,58.82,22.7,2.76,0.37
2004-08-29,1.16,26.99,62.69,20.91,4.21,0.37
2004-08-30,0.09,26.52,64.0,22.43,4.76,0.37
2004-08-31,0.02,26.74,64.27,20.74,5.14,0.37
2004-09-01,0.0,27.06,60.35,21.52,4.56,0.37
2004-09-02,0.0,27.18,59.03,22.09,3.8,0.37
2004-09-03,0.21,27.05,63.39,22.92,3.23,0.37
2004-09-04,0.5,27.04,66.39,22.35,2.79,0.37
2004-09-05,0.31,27.31,63.95,23.59,2.63,0.37
2004-09-06,0.0,27.19,55.96,25.83,4.17,0.37
2004-09-07,0.0,26.82,56.76,25.86,4.8,0.37
2004-09-08,0.0,26.83,58.88,25.92,4.11,0.37
2004-09-09,0.0,26.82,61.69,24.1,4.13,0.37
2004-09-10,0.0,27.17,60.04,23.36,3.85,0.37
2004-09-11,0.06,27.69,64.17,22.55,3.91,0.37
2004-09-12,0.46,27.91,64.41,21.74,4.99,0.37
2004-09-13,0.65,27.37,64.51,22.88,4.66,0.37
2004-09-14,0.0,26.92,61.91,24.0,4.59,0.37
2004-09-15,0.0,27.29,59.55,24.13,4.77,0.37
2004-09-16,0.0,27.03,60.15,24.59,4.57,0.37
2004-09-17,0.47,27.22,64.66,18.81,3.46,0.37
2004-09-18,0.16,27.68,66.19,21.71,3.79,0.37
2004-09-19,0.0,28.37,63.54,24.24,3.47,0.37
2004-09-20,0.26,28.35,59.2,24.57,3.8,0.37
2004-09-21,0.18,27.99,57.13,24.13,4.17,0.37
2004-09-22,0.42,27.7,58.4,23.47,3.74,0.37
2004-09-23,0.0,28.1,57.25,24.78,3.6,0.37
2004-09-24,0.0,27.89,56.36,24.85,3.56,0.37
2004-09-25,0.01,27.69,56.05,24.76,2.98,0.37
2004-09-26,0.5,27.24,59.21,22.26,2.89,0.37
2004-09-27,0.02,27.76,57.85,23.75,2.2,0.37
2004-09-28,0.12,28.4,60.67,23.28,2.55,0.37
2004-09-29,0.09,28.39,61.18,23.45,3.9,0.37
2004-09-30,0.03,28.0,65.38,23.65,5.05,0.37
2004-10-01,0.0,27.71,63.65,23.6,5.3,0.37
2004-10-02,0.02,27.51,63.5,23.15,4.54,0.37
2004-10-03,0.05,27.07,65.11,24.02,4.72,0.37
2004-10-04,0.05,28.09,60.6,22.6,4.5,0.37
2004-10-05,0.03,27.62,64.41,23.71,4.94,0.37
2004-10-06,0.01,27.17,69.76,21.31,4.91,0.37
2004-10-07,0.04,28.02,64.07,24.25,4.11,0.37
2004-10-08,0.0,28.33,63.72,24.7,2.95,0.37
2004-10-09,0.02,29.05,59.79,24.43,2.74,0.37
2004-10-10,0.03,29.81,55.0,25.1,3.13,0.37
2004-10-11,0.0,30.03,54.7,25.18,3.07,0.37
2004-10-12,0.0,29.47,57.79,26.15,3.63,0.37
2004-10-13,0.0,29.2,54.58,22.79,3.34,0.37
2004-10-14,0.0,29.1,55.08,25.02,1.81,0.37
2004-10-15,0.0,29.38,54.22,25.69,2.66,0.37
2004-10-16,0.0,28.22,60.5,26.04,4.01,0.37
2004-10-17,0.06,27.77,64.31,26.24,4.92,0.37
2004-10-18,0.49,28.17,66.52,21.15,4.75,0.37
2004-10-19,0.61,27.67,67.92,16.25,3.24,0.37
2004-10-20,0.06,28.75,61.79,23.86,2.75,0.37
2004-10-21,0.0,29.77,56.24,24.08,2.55,0.37
2004-10-22,0.04,29.63,60.45,24.48,3.14,0.37
2004-10-23,0.03,29.79,56.25,25.01,2.71,0.37
2004-10-24,0.09,29.64,56.05,22.34,2.31,0.37
2004-10-25,0.16,29.57,60.72,22.51,2.37,0.37
2004-10-26,0.66,29.43,62.16,23.36,3.4,0.37
2004-10-27,0.2,29.64,59.59,25.01,3.32,0.37
2004-10-28,0.97,30.25,61.8,24.53,3.44,0.37
2004-10-29,0.91,29.21,67.92,18.04,2.82,0.37
2004-10-30,0.13,30.37,60.95,25.34,2.42,0.37
2004-10-31,0.09,30.59,57.23,24.36,2.2,0.37
2004-11-01,0.62,30.81,53.66,25.14,2.35,0.37
2004-11-02,0.74,30.06,58.78,26.16,3.0,0.37
2004-11-03,0.04,29.96,57.16,24.33,2.17,0.37
2004-11-04,0.0,30.37,52.85,25.79,2.33,0.37
2004-11-05,0.0,30.43,54.91,24.82,2.74,0.37
2004-11-06,0.1,30.29,59.05,24.36,2.02,0.37
2004-11-07,0.44,30.52,55.23,23.11,1.59,0.37
2004-11-08,2.56,30.02,58.06,21.46,1.58,0.37
2004-11-09,0.24,29.92,58.99,24.64,2.91,0.37
2004-11-10,0.01,30.46,57.56,22.66,2.22,0.37
2004-11-11,0.12,30.52,59.74,23.7,2.93,0.37
2004-11-12,0.55,30.63,59.18,23.33,3.05,0.37
2004-11-13,0.24,30.93,60.11,24.71,3.64,0.37
2004-11-14,0.15,30.91,59.64,25.13,3.72,0.37
2004-11-15,0.13,30.57,56.66,26.07,3.87,0.37
2004-11-16,0.0,30.76,57.95,24.3,3.48,0.37
2004-11-17,0.02,30.64,60.41,25.3,2.99,0.37
2004-11-18,0.09,30.19,64.13,24.71,3.45,0.37
2004-11-19,0.18,30.38,64.04,24.8,3.57,0.37
2004-11-20,6.97,29.86,66.37,19.34,2.61,0.38
2004-11-21,4.83,28.8,70.36,20.85,1.77,0.39
2004-11-22,2.35,28.7,66.86,22.06,1.75,0.39
2004-11-23,3.91,28.2,68.63,17.12,1.37,0.39
2004-11-24,3.26,27.51,75.94,19.09,1.32,0.4
2004-11-25,4.7,27.15,76.81,15.65,1.02,0.4
2004-11-26,3.41,27.32,77.02,21.37,2.0,0.4
2004-11-27,5.66,27.24,79.03,21.97,1.26,0.41
2004-11-28,1.89,27.51,76.37,21.55,2.09,0.42
2004-11-29,1.69,26.73,81.27,18.07,2.6,0.42
2004-11-30,11.47,26.04,83.23,17.51,3.29,0.43
2004-12-01,0.95,26.93,78.41,18.53,2.09,0.44
2004-12-02,3.42,27.43,76.89,16.23,3.87,0.43
2004-12-03,2.74,27.06,77.26,19.82,4.51,0.44
2004-12-04,0.09,28.24,70.53,24.05,3.12,0.43
2004-12-05,0.03,28.92,66.27,24.27,2.34,0.43
2004-12-06,5.59,29.39,63.56,24.1,1.36,0.43
2004-12-07,2.25,29.15,65.34,23.39,1.31,0.43
2004-12-08,1.93,29.31,64.28,23.91,1.93,0.43
2004-12-09,0.28,29.13,65.54,23.78,2.14,0.43
2004-12-10,0.39,28.38,69.68,24.21,1.79,0.43
2004-12-11,0.1,27.95,73.38,20.17,2.0,0.42
2004-12-12,1.44,28.23,72.81,23.1,2.67,0.42
2004-12-13,14.65,28.01,74.33,22.47,2.79,0.43
2004-12-14,5.66,28.32,73.57,22.44,2.34,0.45
2004-12-15,16.55,28.38,75.56,23.23,2.39,0.46
2004-12-16,10.98,27.72,81.71,21.64,2.98,0.49
2004-12-17,25.82,28.03,79.46,23.3,2.18,0.51
2004-12-18,10.26,28.25,75.08,22.85,1.02,0.55
2004-12-19,10.1,28.62,73.4,24.38,1.16,0.55
2004-12-20,7.88,27.83,81.89,22.11,2.38,0.56
2004-12-21,10.49,27.76,78.8,20.79,1.82,0.57
2004-12-22,15.5,27.23,81.53,19.19,1.3,0.59
2004-12-23,7.0,27.08,79.76,20.36,1.17,0.6
2004-12-24,2.4,27.04,79.22,17.13,0.75,0.6
2004-12-25,7.08,26.44,85.29,18.33,2.12,0.6
2004-12-26,4.36,26.43,82.97,15.36,2.9,0.61
2004-12-27,26.59,25.45,85.7,12.29,5.0,0.63
2004-12-28,7.45,26.21,80.96,18.12,3.68,0.66
2004-12-29,4.68,26.04,87.48,14.85,3.61,0.66
2004-12-30,2.01,25.89,84.19,17.33,3.14,0.66
2004-12-31,0.54,26.17,82.3,17.83,2.72,0.65
2005-01-01,0.56,27.32,77.22,23.89,4.03,0.65
2005-01-02,0.01,27.4,72.04,25.2,2.84,0.64
2005-01-03,2.98,27.95,75.6,23.11,1.45,0.63
2005-01-04,2.34,28.03,79.0,22.23,1.53,0.63
2005-01-05,0.3,27.48,83.32,22.85,1.39,0.63
2005-01-06,9.79,27.02,83.72,21.79,1.37,0.63
2005-01-07,0.63,26.99,79.67,24.12,1.78,0.64
2005-01-08,0.26,27.44,71.52,23.45,0.93,0.63
2005-01-09,0.26,27.98,69.19,24.04,1.14,0.62
2005-01-10,0.19,27.83,72.32,23.95,1.54,0.61
2005-01-11,0.03,28.41,70.19,24.13,1.46,0.6
2005-01-12,0.11,28.29,73.47,22.96,2.13,0.6
2005-01-13,0.34,28.65,72.95,24.77,2.34,0.59
2005-01-14,0.97,28.27,75.14,22.15,2.93,0.58
2005-01-15,1.23,27.39,79.69,20.19,3.01,0.58
2005-01-16,0.85,26.8,82.96,20.64,2.6,0.58
2005-01-17,0.94,26.62,82.31,20.93,2.79,0.57
2005-01-18,10.45,26.86,81.3,13.04,2.37,0.58
2005-01-19,4.13,26.27,86.62,16.31,3.14,0.59
2005-01-20,4.13,26.03,86.64,9.66,4.54,0.59
2005-01-21,9.45,26.31,85.28,15.27,5.08,0.6
2005-01-22,4.28,26.45,81.86,22.06,3.3,0.61
2005-01-23,0.3,27.09,78.57,24.13,2.47,0.6
2005-01-24,2.86,26.44,82.23,20.75,2.16,0.6
2005-01-25,15.58,27.06,77.19,23.99,1.21,0.61
2005-01-26,3.19,27.16,79.09,24.12,1.68,0.62
2005-01-27,0.08,27.48,77.38,24.84,1.38,0.62
2005-01-28,0.07,27.53,78.97,23.76,2.07,0.61
2005-01-29,0.17,27.87,74.95,22.56,2.1,0.6
2005-01-30,0.35,28.11,76.67,23.78,1.8,0.6
2005-01-31,5.22,27.3,83.19,22.07,2.47,0.59
2005-02-01,3.67,26.77,82.49,17.6,3.2,0.6
2005-02-02,5.05,26.83,83.54,16.74,3.34,0.6
2005-02-03,6.09,26.28,85.04,13.77,5.06,0.61
2005-02-04,2.61,26.4,84.37,21.48,6.31,0.61
2005-02-05,1.18,26.88,82.84,23.84,4.89,0.61
2005-02-06,0.49,26.79,83.05,23.52,4.32,0.6
2005-02-07,0.43,27.18,79.78,23.47,3.9,0.6
2005-02-08,1.03,27.14,80.53,23.27,3.78,0.59
2005-02-09,0.58,27.02,82.83,18.33,3.69,0.59
2005-02-10,5.47,26.59,86.01,19.71,3.46,0.59
2005-02-11,4.28,26.26,86.4,19.45,3.05,0.59
2005-02-12,3.21,26.06,88.78,21.72,2.59,0.6
2005-02-13,2.14,26.45,83.32,22.39,1.26,0.6
2005-02-14,1.51,27.41,76.74,19.73,1.36,0.6
2005-02-15,0.27,27.87,75.13,24.49,1.94,0.59
2005-02-16,0.16,28.11,75.25,24.4,1.47,0.58
2005-02-17,5.52,28.17,76.42,24.92,1.67,0.58
2005-02-18,2.13,28.49,73.21,23.8,1.57,0.58
2005-02-19,0.1,28.7,68.88,25.56,1.45,0.57
2005-02-20,0.27,28.98,66.96,24.04,1.16,0.57
2005-02-21,1.49,28.8,66.93,20.06,0.72,0.56
2005-02-22,1.16,28.16,74.31,22.32,1.06,0.55
2005-02-23,2.92,27.83,76.01,22.8,1.19,0.55
2005-02-24,2.51,28.15,74.92,23.32,1.09,0.55
2005-02-25,1.62,28.4,73.05,23.81,1.42,0.55
2005-02-26,1.22,29.01,69.09,24.12,0.86,0.54
2005-02-27,0.64,28.95,73.07,22.35,0.47,0.54
2005-02-28,0.95,28.25,77.86,23.96,1.51,0.54
2005-03-01,2.68,28.36,75.99,22.4,1.55,0.54
2005-03-02,8.91,27.86,78.8,22.43,1.27,0.54
2005-03-03,2.97,27.67,79.92,24.02,1.64,0.55
2005-03-04,1.9,26.91,81.92,14.46,4.66,0.55
2005-03-05,3.11,26.85,81.88,16.19,3.82,0.55
2005-03-06,3.83,26.33,81.45,8.96,2.89,0.55
2005-03-07,5.75,25.99,84.35,16.89,3.78,0.56
2005-03-08,6.05,26.4,79.91,19.5,4.07,0.56
2005-03-09,8.95,26.6,85.98,18.58,4.58,0.57
2005-03-10,9.5,26.66,85.98,16.81,5.73,0.58
2005-03-11,1.63,26.76,83.36,21.57,3.76,0.59
2005-03-12,0.35,27.74,79.19,24.87,2.27,0.58
2005-03-13,0.88,28.24,74.65,23.17,1.13,0.58
2005-03-14,1.07,27.65,79.36,22.41,1.53,0.57
2005-03-15,8.06,26.48,82.49,21.37,2.74,0.57
2005-03-16,7.21,26.82,82.77,23.37,2.48,0.58
2005-03-17,2.52,27.31,82.08,23.49,2.05,0.59
2005-03-18,4.29,28.37,72.7,21.91,1.89,0.59
2005-03-19,2.26,28.39,71.33,22.75,1.43,0.59
2005-03-20,0.35,28.57,70.0,23.37,0.97,0.58
2005-03-21,0.27,28.82,67.9,21.8,1.23,0.57
2005-03-22,3.38,28.89,69.05,23.52,1.43,0.56
2005-03-23,5.91,28.74,72.16,23.3,1.36,0.56
2005-03-24,3.84,28.36,74.2,20.23,1.51,0.57
2005-03-25,1.43,27.7,76.2,15.35,1.97,0.56
2005-03-26,2.34,27.92,76.4,20.4,1.15,0.56
2005-03-27,2.42,27.21,81.95,20.12,1.86,0.56
2005-03-28,9.15,26.57,87.09,18.26,2.19,0.57
2005-03-29,5.45,26.79,83.38,21.91,1.37,0.58
2005-03-30,1.21,26.93,82.13,21.7,1.43,0.58
2005-03-31,1.79,26.56,84.51,14.03,2.19,0.58
2005-04-01,2.55,26.61,85.96,10.89,1.85,0.58
2005-04-02,3.66,26.58,83.27,18.25,2.1,0.58
2005-04-03,1.66,27.53,78.8,18.95,1.91,0.58
2005-04-04,0.81,27.06,80.68,17.34,2.76,0.57
2005-04-05,4.76,27.26,79.06,15.32,3.35,0.57
2005-04-06,19.96,25.87,88.67,12.1,5.96,0.59
2005-04-07,9.65,25.79,87.57,10.68,5.26,0.61
2005-04-08,18.3,25.84,87.18,16.31,4.0,0.63
2005-04-09,9.34,26.32,87.99,8.32,4.77,0.65
2005-04-10,6.54,26.12,88.44,12.75,4.23,0.66
2005-04-11,6.14,25.83,88.1,13.01,4.14,0.66
2005-04-12,5.16,26.01,84.21,15.65,2.63,0.67
2005-04-13,12.86,26.19,81.68,19.4,1.64,0.67
2005-04-14,1.49,26.31,80.02,19.53,1.45,0.68
2005-04-15,0.16,27.08,76.44,22.36,1.64,0.67
2005-04-16,0.23,27.81,73.69,21.11,1.48,0.66
2005-04-17,0.28,27.45,74.04,22.76,2.02,0.65
2005-04-18,0.02,27.33,70.68,23.24,2.29,0.65
2005-04-19,0.02,27.46,71.48,23.51,2.88,0.64
2005-04-20,0.0,27.25,73.28,22.66,3.47,0.63
2005-04-21,0.0,27.11,72.55,20.77,3.5,0.62
2005-04-22,0.0,27.09,72.0,23.01,3.39,0.61
2005-04-23,0.15,27.47,72.22,21.83,3.31,0.6
2005-04-24,0.15,27.8,72.49,22.86,3.59,0.6
2005-04-25,0.4,27.84,73.68,22.69,3.04,0.59
2005-04-26,0.11,27.92,75.36,22.07,1.92,0.58
2005-04-27,0.15,27.93,77.52,19.68,2.58,0.58
2005-04-28,0.57,27.45,80.66,19.73,3.05,0.57
2005-04-29,0.83,27.47,79.93,20.66,2.69,0.57
2005-04-30,1.02,27.86,75.57,20.31,3.12,0.56
2005-05-01,0.39,27.61,73.76,21.0,3.28,0.56
2005-05-02,0.78,27.39,74.22,19.12,2.88,0.55
2005-05-03,0.35,27.82,71.35,20.55,2.89,0.55
2005-05-04,0.01,27.77,70.31,21.68,2.95,0.54
2005-05-05,0.02,27.62,68.62,19.13,3.15,0.53
2005-05-06,0.05,28.11,68.01,20.35,2.79,0.53
2005-05-07,0.04,28.36,67.76,18.52,2.89,0.52
2005-05-08,0.25,28.03,70.27,19.34,3.42,0.52
2005-05-09,0.91,27.55,70.8,20.35,4.1,0.52
2005-05-10,1.3,27.83,69.13,19.56,4.13,0.51
2005-05-11,0.1,27.53,67.55,19.45,3.89,0.51
2005-05-12,0.91,27.24,68.99,20.72,3.39,0.5
2005-05-13,0.01,26.79,67.36,22.07,3.47,0.5
2005-05-14,0.0,26.85,66.05,21.93,3.98,0.5
2005-05-15,0.0,26.57,67.02,22.17,3.78,0.49
2005-05-16,0.0,26.68,67.15,22.47,3.33,0.49
2005-05-17,0.0,26.49,63.81,21.95,3.42,0.48
2005-05-18,0.0,26.71,60.31,20.88,2.98,0.48
2005-05-19,0.0,26.68,62.38,22.48,3.17,0.48
2005-05-20,0.14,26.96,67.8,19.9,2.98,0.47
2005-05-21,0.28,27.44,66.82,20.1,2.94,0.47
2005-05-22,0.06,27.61,68.43,21.39,2.97,0.47
2005-05-23,0.01,27.82,66.09,21.47,2.97,0.46
2005-05-24,0.46,27.51,65.1,20.24,3.07,0.46
2005-05-25,0.91,27.47,70.0,17.93,4.28,0.46
2005-05-26,0.08,27.3,69.55,17.4,4.31,0.46
2005-05-27,0.0,27.21,66.45,18.92,4.46,0.45
2005-05-28,0.0,26.99,66.02,18.78,4.46,0.45
2005-05-29,0.0,26.99,64.79,19.94,4.38,0.45
2005-05-30,0.04,26.83,67.57,18.72,4.71,0.44
2005-05-31,0.0,26.66,66.39,19.0,4.72,0.44
2005-06-01,0.0,26.9,65.44,18.88,3.87,0.44
2005-06-02,0.0,27.03,64.87,20.8,3.02,0.44
2005-06-03,0.09,27.03,64.43,18.56,3.52,0.43
2005-06-04,0.58,27.11,67.08,16.91,2.9,0.43
2005-06-05,0.72,27.08,70.88,18.61,3.4,0.43
2005-06-06,0.41,27.12,69.97,15.64,3.11,0.43
2005-06-07,0.04,27.28,63.69,19.8,2.31,0.42
2005-06-08,0.0,27.36,63.96,20.48,3.29,0.42
2005-06-09,0.07,27.79,66.76,18.66,2.7,0.42
2005-06-10,0.56,27.87,70.74,18.51,3.23,0.42
2005-06-11,0.31,27.79,71.04,17.19,3.38,0.42
2005-06-12,0.12,27.94,68.37,17.12,4.22,0.41
2005-06-13,0.07,27.64,67.05,19.82,3.72,0.41
2005-06-14,2.64,27.41,66.91,19.05,3.4,0.41
2005-06-15,0.22,27.38,68.92,18.98,2.66,0.41
2005-06-16,0.0,27.53,69.12,19.4,2.46,0.41
2005-06-17,0.01,27.73,69.84,19.04,3.47,0.41
2005-06-18,0.07,28.01,69.9,19.58,3.32,0.41
2005-06-19,0.0,28.58,67.55,18.65,1.95,0.4
2005-06-20,0.11,28.6,64.78,18.4,2.12,0.4
2005-06-21,0.08,28.26,67.63,17.39,2.93,0.4
2005-06-22,1.85,27.87,70.94,17.98,3.13,0.4
2005-06-23,7.6,27.15,76.53,15.41,2.38,0.41
2005-06-24,2.37,27.38,72.3,18.25,2.9,0.41
2005-06-25,0.41,27.49,69.75,19.19,3.24,0.41
2005-06-26,3.08,27.1,71.9,11.22,3.83,0.41
2005-06-27,0.07,26.93,67.91,17.9,4.05,0.41
2005-06-28,0.02,26.77,67.17,18.24,4.07,0.41
2005-06-29,0.0,26.69,67.18,18.72,4.11,0.4
2005-06-30,0.0,26.55,63.66,19.13,4.7,0.4
2005-07-01,0.05,25.65,63.63,20.65,5.08,0.4
2005-07-02,0.06,25.42,63.57,19.95,5.65,0.4
2005-07-03,0.04,26.37,67.54,16.98,3.96,0.4
2005-07-04,1.0,26.71,68.41,15.87,4.1,0.39
2005-07-05,0.1,26.58,68.66,17.58,3.33,0.39
2005-07-06,0.0,27.22,67.4,15.4,3.67,0.39
2005-07-07,2.42,27.07,73.01,12.29,3.27,0.39
2005-07-08,1.35,26.93,73.04,17.51,2.65,0.39
2005-07-09,2.29,26.75,76.56,17.41,2.05,0.4
2005-07-10,0.34,26.79,79.79,19.47,3.26,0.4
2005-07-11,0.06,27.33,72.43,19.7,2.8,0.39
2005-07-12,0.88,27.56,70.92,14.7,2.9,0.39
2005-07-13,0.54,27.4,72.95,18.16,2.76,0.39
2005-07-14,0.05,27.42,69.51,18.7,3.79,0.39
2005-07-15,0.44,27.51,68.25,15.96,5.2,0.39
2005-07-16,0.02,27.14,68.31,17.12,3.76,0.39
2005-07-17,0.0,26.86,65.65,19.61,4.03,0.38
2005-07-18,0.04,26.64,65.54,19.42,4.7,0.38
2005-07-19,0.02,27.0,62.62,19.54,5.48,0.38
2005-07-20,0.0,26.66,61.32,20.71,6.01,0.38
2005-07-21,0.05,26.03,65.86,19.07,5.88,0.38
2005-07-22,0.0,25.61,63.13,19.59,4.92,0.38
2005-07-23,0.03,25.94,60.31,18.63,5.56,0.38
2005-07-24,0.0,25.85,60.31,19.34,4.63,0.38
2005-07-25,0.0,26.12,63.61,19.26,4.24,0.38
2005-07-26,0.4,26.27,67.0,19.41,4.39,0.37
2005-07-27,0.36,26.21,66.54,12.48,4.98,0.38
2005-07-28,0.15,26.27,62.32,15.4,4.81,0.37
2005-07-29,0.13,26.09,63.55,18.16,4.0,0.37
2005-07-30,0.36,26.06,64.9,18.68,4.54,0.37
2005-07-31,0.11,26.41,61.23,20.05,4.73,0.37
2005-08-01,0.35,26.59,66.26,18.73,4.22,0.37
2005-08-02,2.14,27.0,65.72,13.18,3.73,0.37
2005-08-03,3.29,26.5,66.0,18.8,5.5,0.38
2005-08-04,0.0,25.68,59.1,18.4,5.22,0.38
2005-08-05,0.0,25.56,57.62,22.43,4.16,0.38
2005-08-06,0.09,26.03,60.21,19.6,3.38,0.38
2005-08-07,0.11,26.24,65.27,18.17,3.62,0.37
2005-08-08,0.29,26.8,64.48,19.32,3.12,0.37
2005-08-09,1.44,27.13,67.18,16.18,3.43,0.37
2005-08-10,0.18,26.96,68.59,19.35,3.18,0.38
2005-08-11,0.76,27.15,66.23,19.7,4.17,0.37
2005-08-12,0.27,27.15,58.38,18.83,4.53,0.37
2005-08-13,0.06,26.57,58.12,20.87,3.06,0.37
2005-08-14,0.17,26.69,60.47,20.19,2.66,0.37
2005-08-15,0.07,27.02,63.44,18.77,3.49,0.37
2005-08-16,0.23,27.0,69.29,20.75,3.52,0.37
2005-08-17,0.13,27.26,68.25,19.2,3.82,0.37
2005-08-18,0.85,27.44,64.21,20.87,4.7,0.37
2005-08-19,0.08,27.2,63.62,19.9,5.54,0.37
2005-08-20,0.73,26.98,65.3,19.9,5.27,0.37
2005-08-21,0.25,26.94,65.26,20.65,5.04,0.37
2005-08-22,0.2,26.73,64.31,20.56,4.01,0.37
2005-08-23,0.08,26.47,66.43,18.47,3.06,0.37
2005-08-24,0.05,26.93,63.01,16.4,1.96,0.37
2005-08-25,0.11,26.65,64.56,19.51,2.48,0.37
2005-08-26,0.43,26.97,62.87,20.89,3.72,0.37
2005-08-27,0.33,26.98,64.06,17.88,5.15,0.37
2005-08-28,0.11,27.45,64.78,17.96,5.38,0.37
2005-08-29,0.4,27.74,61.41,21.65,5.03,0.37
2005-08-30,0.04,27.36,60.32,22.75,4.48,0.37
2005-08-31,0.4,27.62,59.77,22.42,4.05,0.37
2005-09-01,0.0,27.85,59.45,22.02,4.41,0.37
2005-09-02,0.03,27.88,59.66,22.79,4.84,0.37
2005-09-03,0.0,27.44,57.98,22.88,3.6,0.37
2005-09-04,0.02,27.4,56.41,21.93,3.65,0.37
2005-09-05,0.18,28.09,59.36,22.9,3.0,0.37
2005-09-06,0.6,28.6,62.93,20.78,3.67,0.37
2005-09-07,0.0,28.41,60.0,22.89,4.1,0.37
2005-09-08,0.14,28.34,60.37,22.97,4.83,0.37
2005-09-09,0.08,27.74,61.11,22.34,3.39,0.37
2005-09-10,0.07,27.48,63.15,21.22,3.7,0.37
2005-09-11,0.17,27.42,64.22,21.04,3.86,0.37
2005-09-12,0.01,27.68,63.34,22.34,2.8,0.37
2005-09-13,0.02,27.76,60.6,22.33,3.35,0.37
2005-09-14,0.2,28.28,59.54,23.02,3.28,0.37
2005-09-15,0.62,27.96,61.05,24.8,3.84,0.37
2005-09-16,3.02,27.82,65.33,22.99,3.44,0.37
2005-09-17,0.23,28.64,60.5,23.23,4.05,0.37
2005-09-18,0.12,28.79,60.1,23.29,3.98,0.37
2005-09-19,0.11,29.14,57.53,24.16,3.0,0.37
2005-09-20,0.2,29.19,55.5,22.11,2.52,0.37
2005-09-21,2.62,29.09,60.08,22.04,3.76,0.37
2005-09-22,1.15,29.13,58.86,23.02,3.91,0.37
2005-09-23,0.46,29.23,59.82,24.24,4.57,0.37
2005-09-24,0.25,28.74,61.65,23.0,3.03,0.37
2005-09-25,1.41,28.92,60.46,23.73,4.07,0.37
2005-09-26,0.56,28.58,62.14,24.38,4.34,0.37
2005-09-27,0.56,28.69,60.99,23.45,3.99,0.37
2005-09-28,0.52,28.56,59.63,22.65,4.26,0.37
2005-09-29,0.08,28.27,63.45,23.46,4.5,0.37
2005-09-30,0.02,28.4,61.96,23.43,4.44,0.37
2005-10-01,0.0,29.2,57.54,25.06,4.41,0.37
2005-10-02,0.35,28.9,58.54,24.13,3.65,0.37
2005-10-03,0.01,28.61,61.51,23.64,4.77,0.37
2005-10-04,0.18,28.71,62.57,23.64,4.45,0.37
2005-10-05,0.09,29.49,57.14,23.01,3.99,0.37
2005-10-06,0.0,29.86,57.97,22.43,3.65,0.37
2005-10-07,0.11,29.13,61.48,23.94,4.6,0.37
2005-10-08,0.02,28.83,57.31,26.52,3.21,0.37
2005-10-09,0.07,29.26,59.29,24.04,2.76,0.37
2005-10-10,0.92,30.03,61.16,23.34,3.66,0.37
2005-10-11,4.11,30.08,62.1,22.65,3.51,0.38
2005-10-12,0.63,29.8,61.98,23.92,2.97,0.38
2005-10-13,0.95,29.89,63.31,22.99,3.1,0.37
2005-10-14,3.72,29.58,64.1,21.7,3.3,0.38
2005-10-15,6.24,27.95,74.44,21.3,2.88,0.39
2005-10-16,2.19,27.68,74.73,22.21,2.35,0.39
2005-10-17,0.5,27.83,70.48,18.45,0.98,0.39
2005-10-18,3.53,26.77,76.16,19.07,1.59,0.39
2005-10-19,4.97,26.37,82.55,15.41,3.21,0.4
2005-10-20,3.08,27.08,77.83,19.61,3.06,0.4
2005-10-21,1.06,27.47,73.47,18.22,4.72,0.4
2005-10-22,1.56,28.45,68.38,21.1,3.21,0.4
2005-10-23,0.92,28.71,70.84,21.99,3.21,0.4
2005-10-24,2.15,29.26,66.34,23.65,2.75,0.4
2005-10-25,1.97,28.46,71.97,22.3,4.28,0.4
2005-10-26,0.49,28.64,70.17,23.19,4.87,0.4
2005-10-27,0.21,29.11,66.44,23.25,5.26,0.39
2005-10-28,0.21,28.67,68.23,23.25,5.67,0.39
2005-10-29,1.82,29.09,63.51,23.02,4.93,0.39
2005-10-30,1.31,29.32,61.69,21.53,3.63,0.39
2005-10-31,0.05,29.8,60.48,23.56,3.31,0.39
2005-11-01,1.27,29.78,62.15,22.53,3.5,0.38
2005-11-02,0.15,29.61,60.92,25.88,3.46,0.38
2005-11-03,0.07,30.18,55.6,25.58,2.36,0.38
2005-11-04,0.56,30.25,57.48,24.93,3.6,0.38
2005-11-05,1.0,29.49,65.28,22.08,3.25,0.38
2005-11-06,0.63,29.8,63.66,23.17,3.56,0.38
2005-11-07,0.67,29.7,62.45,22.88,4.55,0.38
2005-11-08,0.03,29.4,62.61,24.65,4.19,0.38
2005-11-09,0.74,29.13,63.88,22.83,4.07,0.37
2005-11-10,1.46,28.11,70.18,22.51,4.34,0.38
2005-11-11,0.23,29.24,64.92,21.84,3.81,0.38
2005-11-12,0.29,29.56,60.95,24.45,3.57,0.38
2005-11-13,0.06,29.01,64.47,22.58,4.18,0.37
2005-11-14,0.21,29.2,62.21,22.85,4.11,0.37
2005-11-15,1.39,28.98,65.7,24.06,4.31,0.37
2005-11-16,0.7,29.61,65.88,24.05,4.62,0.37
2005-11-17,1.24,29.94,63.71,23.02,4.1,0.37
2005-11-18,9.88,28.3,73.48,21.14,2.63,0.39
2005-11-19,6.24,27.33,78.57,22.25,1.5,0.4
2005-11-20,12.94,27.11,79.98,17.69,1.21,0.42
2005-11-21,16.79,26.45,83.44,15.65,1.9,0.44
2005-11-22,17.14,27.17,79.63,17.71,1.77,0.47
2005-11-23,1.95,27.78,73.0,22.26,2.76,0.48
2005-11-24,0.01,28.78,65.41,24.72,3.17,0.47
2005-11-25,0.12,29.27,61.67,25.1,2.55,0.47
2005-11-26,0.41,29.25,63.15,22.54,3.35,0.46
2005-11-27,1.18,28.81,67.26,20.7,3.15,0.46
2005-11-28,12.71,26.99,78.39,18.46,3.4,0.47
2005-11-29,4.43,26.23,83.64,15.51,3.48,0.48
2005-11-30,2.57,27.05,79.39,19.84,3.75,0.48
2005-12-01,1.76,26.92,80.3,18.61,2.83,0.48
2005-12-02,2.52,26.72,82.98,17.3,2.88,0.49
2005-12-03,0.9,26.86,79.37,22.7,3.12,0.49
2005-12-04,1.26,27.36,77.25,21.59,2.4,0.48
2005-12-05,1.49,27.1,79.21,23.24,2.44,0.48
2005-12-06,2.46,28.06,70.66,20.9,1.38,0.48
2005-12-07,17.64,26.38,84.55,20.32,2.28,0.5
2005-12-08,2.02,27.31,76.1,16.62,1.19,0.52
2005-12-09,5.09,27.77,76.68,22.0,1.58,0.51
2005-12-10,4.01,27.21,78.97,13.78,1.59,0.52
2005-12-11,4.24,26.96,80.9,17.46,1.34,0.52
2005-12-12,1.83,27.03,81.25,21.17,3.44,0.53
2005-12-13,1.09,27.08,82.28,13.31,2.89,0.52
2005-12-14,4.54,26.94,83.33,14.25,2.92,0.52
2005-12-15,7.12,26.72,85.19,13.91,3.11,0.54
2005-12-16,10.8,26.74,83.06,16.8,1.55,0.54
2005-12-17,7.07,27.2,83.03,19.93,3.01,0.56
2005-12-18,5.79,27.16,82.56,21.45,2.34,0.56
2005-12-19,15.34,27.11,84.5,15.33,2.94,0.57
2005-12-20,15.97,26.87,82.87,14.97,2.8,0.6
2005-12-21,4.89,26.6,86.03,18.47,5.17,0.61
2005-12-22,24.37,26.31,85.39,12.51,1.96,0.63
2005-12-23,7.53,26.37,84.73,22.59,1.86,0.66
2005-12-24,0.88,27.51,79.6,23.27,2.12,0.65
2005-12-25,2.16,28.0,75.49,22.51,1.26,0.64
2005-12-26,1.52,26.9,83.65,18.39,1.77,0.64
2005-12-27,33.86,26.2,86.69,12.96,3.24,0.66
2005-12-28,16.67,26.34,84.53,18.52,3.77,0.71
2005-12-29,8.63,26.7,85.83,13.43,4.1,0.72
2005-12-30,10.57,26.57,86.54,9.65,5.7,0.73
2005-12-31,6.87,26.68,85.93,14.2,4.42,0.73
2006-01-01,3.42,25.91,87.56,13.43,2.88,0.74
2006-01-02,1.51,26.4,82.7,18.26,1.51,0.74
2006-01-03,35.37,25.58,89.0,17.92,2.4,0.76
2006-01-04,13.41,26.12,84.7,17.09,1.13,0.8
2006-01-05,1.55,26.48,81.15,22.24,1.8,0.8
2006-01-06,0.45,27.26,78.01,20.91,2.39,0.79
2006-01-07,0.61,27.05,79.62,19.77,2.28,0.78
2006-01-08,2.14,26.26,84.5,19.0,1.84,0.78
2006-01-09,12.82,26.37,84.79,17.2,2.28,0.78
2006-01-10,44.83,27.16,79.98,21.19,1.36,0.81
2006-01-11,33.03,27.05,83.25,23.62,1.62,0.87
2006-01-12,31.09,26.58,84.82,19.51,2.87,0.9
2006-01-13,7.3,26.66,83.05,22.6,2.57,0.9
2006-01-14,7.18,26.69,82.86,12.98,3.3,0.9
2006-01-15,5.79,26.28,87.33,16.3,4.33,0.9
2006-01-16,5.84,26.22,88.26,15.03,4.48,0.9
2006-01-17,6.48,26.39,89.22,13.94,5.0,0.9
2006-01-18,10.13,26.1,88.81,13.73,5.56,0.9
2006-01-19,9.35,26.29,85.7,13.68,6.97,0.91
2006-01-20,9.79,26.33,87.2,17.78,6.19,0.91
2006-01-21,16.94,26.33,88.18,11.45,6.1,0.92
2006-01-22,8.37,26.02,89.07,12.95,4.24,0.93
2006-01-23,1.88,25.74,87.86,16.08,2.95,0.92
2006-01-24,2.2,26.08,87.38,17.04,2.38,0.92
2006-01-25,8.58,25.86,87.48,15.81,2.85,0.92
2006-01-26,3.51,25.56,87.86,12.99,4.13,0.92
2006-01-27,9.8,25.46,89.54,16.08,3.45,0.92
2006-01-28,3.7,25.56,89.52,11.5,4.46,0.92
2006-01-29,1.37,26.01,88.54,16.98,2.93,0.92
2006-01-30,4.21,26.08,87.29,20.56,3.13,0.92
2006-01-31,12.47,25.94,88.53,14.85,3.92,0.92
2006-02-01,4.29,25.92,87.74,18.59,4.23,0.92
2006-02-02,22.54,26.03,86.8,14.14,3.89,0.93
2006-02-03,3.54,26.05,83.85,17.06,1.92,0.94
2006-02-04,0.39,26.12,82.66,21.29,1.51,0.93
2006-02-05,5.36,26.25,81.34,19.01,1.3,0.92
2006-02-06,0.32,26.44,80.37,22.25,1.8,0.91
2006-02-07,0.66,26.54,80.76,23.44,1.78,0.9
2006-02-08,0.11,27.05,75.98,24.66,1.87,0.89
2006-02-09,0.07,27.36,76.17,24.15,1.47,0.88
2006-02-10,0.86,27.07,75.2,26.16,1.52,0.87
2006-02-11,0.01,26.62,74.2,24.63,1.68,0.86
2006-02-12,0.0,26.53,74.89,26.51,2.07,0.85
2006-02-13,0.03,27.16,77.55,24.97,1.8,0.84
2006-02-14,6.79,27.13,81.39,23.13,1.68,0.84
2006-02-15,9.71,27.37,82.66,22.93,1.25,0.84
2006-02-16,6.19,27.75,79.47,23.2,0.77,0.85
2006-02-17,7.19,27.11,83.64,19.4,1.09,0.85
2006-02-18,6.75,26.31,84.93,19.12,1.51,0.85
2006-02-19,7.71,26.35,84.2,18.47,2.51,0.86
2006-02-20,23.64,26.12,88.71,11.99,4.1,0.87
2006-02-21,9.8,26.29,86.15,17.72,3.04,0.88
2006-02-22,8.99,26.16,87.07,15.72,2.91,0.89
2006-02-23,8.41,25.98,90.89,13.44,3.41,0.89
2006-02-24,16.91,26.38,89.2,12.63,5.25,0.9
2006-02-25,13.69,26.29,89.18,14.04,4.87,0.91
2006-02-26,6.03,26.5,88.5,15.36,4.78,0.91
2006-02-27,18.92,26.28,89.4,11.92,3.78,0.92
2006-02-28,19.31,25.9,87.69,14.21,1.99,0.94
2006-03-01,12.05,25.58,86.05,11.35,3.24,0.95
2006-03-02,4.75,25.19,86.32,12.1,2.56,0.94
2006-03-03,10.16,25.29,83.94,14.38,3.63,0.94
2006-03-04,15.27,24.97,87.84,15.37,3.66,0.94
2006-03-05,9.85,25.84,86.14,13.75,3.25,0.95
2006-03-06,11.32,25.53,90.84,7.52,3.53,0.95
2006-03-07,10.55,25.49,88.53,18.23,3.19,0.96
2006-03-08,1.04,25.79,85.13,22.67,2.66,0.95
2006-03-09,0.4,26.14,84.01,22.33,2.87,0.94
2006-03-10,0.09,26.72,76.46,23.07,2.08,0.93
2006-03-11,0.01,26.11,80.73,22.33,2.31,0.92
2006-03-12,0.05,26.69,78.04,23.05,1.76,0.91
2006-03-13,0.18,27.03,76.33,21.88,1.14,0.9
2006-03-14,0.8,27.05,77.08,20.5,0.93,0.89
2006-03-15,3.27,26.46,83.94,16.8,2.91,0.89
2006-03-16,1.42,26.43,84.44,12.43,2.34,0.88
2006-03-17,4.91,26.74,82.34,19.5,2.08,0.88
2006-03-18,2.89,26.53,83.45,16.15,2.33,0.88
2006-03-19,13.51,26.22,87.91,14.43,2.97,0.88
2006-03-20,11.68,26.27,88.77,8.45,4.94,0.89
2006-03-21,9.31,25.78,88.95,10.21,3.84,0.9
2006-03-22,3.79,26.11,88.49,11.66,4.02,0.9
2006-03-23,0.95,26.65,85.65,20.59,2.79,0.89
2006-03-24,1.36,27.15,83.71,21.6,1.94,0.89
2006-03-25,4.68,27.22,82.92,20.27,1.57,0.88
2006-03-26,2.49,27.4,81.52,20.77,2.1,0.88
2006-03-27,1.23,26.98,84.34,19.2,2.03,0.88
2006-03-28,2.56,26.51,84.3,16.2,2.05,0.87
2006-03-29,7.03,25.75,88.94,11.55,3.29,0.87
2006-03-30,19.78,25.77,88.14,13.58,2.56,0.88
2006-03-31,26.64,25.62,85.12,14.0,3.03,0.92
2006-04-01,4.95,25.82,86.06,9.65,2.92,0.92
2006-04-02,9.1,25.56,87.89,15.51,4.07,0.92
2006-04-03,3.63,26.07,87.11,10.23,4.21,0.92
2006-04-04,1.96,26.38,86.24,10.73,4.03,0.91
2006-04-05,25.53,26.12,86.78,8.83,4.3,0.92
2006-04-06,5.52,26.32,85.72,18.53,2.98,0.94
2006-04-07,1.07,26.67,78.65,19.75,1.58,0.93
2006-04-08,8.59,26.82,79.68,18.95,1.17,0.93
2006-04-09,5.37,26.18,85.63,19.56,0.76,0.93
2006-04-10,1.68,26.29,84.16,19.58,1.33,0.92
2006-04-11,6.55,27.05,79.42,20.11,0.76,0.92
2006-04-12,2.51,27.04,80.14,20.12,0.67,0.92
2006-04-13,0.69,26.56,85.2,22.41,1.91,0.91
2006-04-14,0.13,26.98,80.3,21.64,3.19,0.9
2006-04-15,3.92,27.29,78.65,19.05,1.84,0.9
2006-04-16,5.12,27.78,75.22,19.81,1.02,0.89
2006-04-17,1.75,27.93,73.27,20.01,0.69,0.89
2006-04-18,0.61,27.11,80.3,20.19,1.97,0.88
2006-04-19,1.35,27.03,83.75,19.97,2.22,0.87
2006-04-20,17.75,26.47,86.2,18.27,1.99,0.88
2006-04-21,7.01,26.55,81.18,19.96,1.27,0.89
2006-04-22,1.97,26.79,81.66,17.24,2.13,0.88
2006-04-23,1.66,26.45,82.62,18.94,2.64,0.88
2006-04-24,0.43,26.81,77.4,20.49,3.21,0.87
2006-04-25,3.71,26.38,80.43,21.64,2.71,0.86
2006-04-26,10.21,26.37,81.35,20.78,2.79,0.86
2006-04-27,4.01,26.7,78.86,20.47,1.85,0.87
2006-04-28,1.75,26.81,77.37,18.76,1.42,0.86
2006-04-29,18.49,26.95,77.9,19.22,1.34,0.86
2006-04-30,7.46,26.64,81.82,17.49,1.95,0.87
2006-05-01,1.27,26.17,84.76,17.65,2.12,0.86
2006-05-02,2.13,26.81,81.31,18.49,1.85,0.86
2006-05-03,11.6,27.16,79.19,19.97,1.66,0.86
2006-05-04,6.06,27.22,76.49,19.33,0.89,0.87
2006-05-05,1.53,26.5,82.88,19.2,1.7,0.86
2006-05-06,2.84,26.14,83.91,18.56,3.09,0.86
2006-05-07,0.67,25.64,82.95,12.0,3.9,0.85
2006-05-08,4.01,25.36,84.29,14.98,2.95,0.85
2006-05-09,3.45,25.9,81.9,17.65,3.19,0.85
2006-05-10,0.25,26.02,80.27,18.49,4.03,0.84
2006-05-11,0.0,25.33,78.15,19.24,4.06,0.83
2006-05-12,0.0,25.54,75.38,21.34,3.4,0.83
2006-05-13,0.0,25.76,77.24,21.11,2.56,0.82
2006-05-14,0.01,26.25,77.47,19.5,2.67,0.81
2006-05-15,0.01,26.21,76.25,19.39,3.24,0.8
2006-05-16,0.0,26.17,76.67,21.38,3.66,0.79
2006-05-17,0.04,26.42,78.33,19.09,3.5,0.78
2006-05-18,0.13,26.11,82.15,17.71,4.19,0.77
2006-05-19,0.76,25.92,80.38,15.43,4.39,0.77
2006-05-20,2.53,25.51,81.71,19.43,3.6,0.76
2006-05-21,0.75,26.19,80.04,20.13,3.08,0.76
2006-05-22,28.52,26.15,84.73,17.63,3.22,0.77
2006-05-23,15.17,25.74,89.0,8.7,2.73,0.81
2006-05-24,3.81,26.02,84.68,15.99,1.65,0.81
2006-05-25,2.65,26.21,87.1,15.62,2.35,0.81
2006-05-26,1.91,25.89,88.65,16.28,1.56,0.81
2006-05-27,3.06,26.04,86.01,17.74,2.65,0.81
2006-05-28,0.01,25.92,80.6,18.93,3.7,0.81
2006-05-29,0.03,25.71,80.3,19.02,3.15,0.8
2006-05-30,0.04,25.48,80.33,19.81,3.65,0.79
2006-05-31,0.04,25.0,81.05,18.91,3.28,0.78
2006-06-01,0.11,25.0,78.97,18.32,2.78,0.78
2006-06-02,0.0,25.49,78.9,18.79,2.39,0.77
2006-06-03,0.02,25.45,78.83,18.15,2.61,0.76
2006-06-04,0.03,25.65,80.99,18.53,3.48,0.75
2006-06-05,0.0,25.33,81.26,18.29,4.11,0.74
2006-06-06,0.0,24.99,81.04,18.87,4.13,0.74
2006-06-07,0.01,24.86,77.81,18.68,5.36,0.73
2006-06-08,0.03,24.55,77.11,18.24,4.82,0.72
2006-06-09,0.04,24.19,77.31,17.94,4.85,0.71
2006-06-10,0.0,23.85,77.05,18.5,4.41,0.71
2006-06-11,0.17,24.35,79.04,18.27,4.41,0.7
2006-06-12,0.4,24.64,79.46,16.69,4.96,0.69
2006-06-13,0.0,24.45,79.34,18.93,4.58,0.69
2006-06-14,0.01,24.12,77.97,17.35,4.28,0.68
2006-06-15,0.0,24.15,76.77,18.42,4.78,0.67
2006-06-16,0.27,24.75,80.86,19.09,3.87,0.67
2006-06-17,2.76,24.81,83.41,13.24,5.47,0.66
2006-06-18,0.93,25.09,83.12,13.14,4.19,0.66
2006-06-19,1.54,25.12,85.41,9.96,5.88,0.66
2006-06-20,0.98,25.09,83.1,11.41,5.25,0.65
2006-06-21,0.06,25.01,79.83,16.43,4.98,0.65
2006-06-22,0.01,24.29,75.53,18.24,4.65,0.64
2006-06-23,0.1,23.91,77.62,18.84,3.87,0.63
2006-06-24,0.36,24.14,80.3,14.75,3.33,0.63
2006-06-25,0.01,24.98,80.79,17.78,4.04,0.62
2006-06-26,0.14,24.93,78.71,17.89,4.82,0.61
2006-06-27,0.0,24.28,75.84,18.54,3.78,0.61
2006-06-28,0.03,24.59,81.13,16.37,3.65,0.6
2006-06-29,0.26,24.44,81.97,13.09,5.33,0.6
2006-06-30,0.4,24.22,81.19,14.19,4.34,0.6
2006-07-01,0.0,24.79,79.58,14.34,4.02,0.59
2006-07-02,0.0,24.7,78.78,17.95,3.93,0.58
2006-07-03,0.0,24.28,79.69,18.24,4.02,0.58
2006-07-04,0.03,24.62,77.31,17.77,4.52,0.57
2006-07-05,0.0,24.69,78.09,17.95,4.42,0.57
2006-07-06,0.04,24.74,77.12,19.19,3.81,0.56
2006-07-07,0.03,24.44,77.25,18.97,3.44,0.56
2006-07-08,0.05,24.55,74.89,18.74,3.11,0.55
2006-07-09,0.0,24.97,77.08,18.94,3.16,0.55
2006-07-10,0.07,24.63,75.32,18.96,3.9,0.54
2006-07-11,0.0,24.35,73.93,18.55,2.93,0.54
2006-07-12,0.04,23.96,72.77,17.54,3.17,0.53
2006-07-13,0.01,23.35,75.82,15.24,5.35,0.53
2006-07-14,0.02,22.93,74.4,17.59,5.21,0.52
2006-07-15,0.0,23.24,73.75,19.33,4.18,0.52
2006-07-16,0.0,23.99,74.98,12.97,3.86,0.52
2006-07-17,0.0,24.68,73.36,18.42,3.36,0.51
2006-07-18,0.13,25.31,75.12,18.44,3.83,0.51
2006-07-19,0.17,25.19,74.2,18.37,4.26,0.5
2006-07-20,0.0,24.85,70.91,19.68,4.25,0.5
2006-07-21,0.01,24.46,68.93,20.39,4.41,0.5
2006-07-22,0.0,24.41,69.42,19.89,3.83,0.49
2006-07-23,0.01,24.88,72.48,20.06,4.11,0.49
2006-07-24,0.0,25.64,72.35,18.3,3.53,0.49
2006-07-25,1.12,25.57,74.02,18.58,3.39,0.48
2006-07-26,0.68,25.82,75.37,16.01,4.29,0.48
2006-07-27,0.46,25.56,73.8,16.42,3.76,0.48
2006-07-28,0.13,25.61,67.38,19.52,4.01,0.48
2006-07-29,0.0,24.71,68.36,21.27,4.22,0.47
2006-07-30,0.0,24.78,70.11,21.62,4.31,0.47
2006-07-31,0.05,24.71,69.99,20.64,3.6,0.47
2006-08-01,0.0,25.09,70.3,20.47,3.38,0.46
2006-08-02,0.0,25.15,68.87,22.17,4.48,0.46
2006-08-03,0.03,25.09,67.49,22.56,3.78,0.46
2006-08-04,0.0,25.05,67.46,22.66,3.71,0.45
2006-08-05,0.09,24.8,63.95,22.31,5.16,0.45
2006-08-06,0.0,24.76,61.88,20.39,4.95,0.45
2006-08-07,0.0,24.75,60.97,21.36,4.51,0.44
2006-08-08,0.01,24.63,63.81,19.56,4.66,0.44
2006-08-09,0.0,24.69,63.47,19.27,4.48,0.44
2006-08-10,0.0,24.73,63.14,19.65,4.27,0.44
2006-08-11,0.07,25.18,66.64,19.28,4.88,0.43
2006-08-12,0.04,24.96,67.23,18.56,5.04,0.43
2006-08-13,0.44,25.17,67.29,19.6,4.28,0.43
2006-08-14,0.13,25.2,69.46,19.56,3.27,0.43
2006-08-15,0.14,25.63,68.92,19.32,3.22,0.43
2006-08-16,0.45,26.27,69.37,21.14,2.99,0.42
2006-08-17,0.09,26.5,71.54,19.41,3.26,0.42
2006-08-18,0.2,26.74,71.14,16.7,3.86,0.42
2006-08-19,0.49,26.02,72.83,20.93,4.04,0.42
2006-08-20,0.07,25.53,68.02,16.68,3.73,0.41
2006-08-21,0.05,25.6,64.4,21.81,3.82,0.41
2006-08-22,0.09,25.95,64.94,21.18,3.79,0.41
2006-08-23,0.06,25.83,64.13,22.79,3.68,0.41
2006-08-24,0.14,25.93,64.28,22.78,4.17,0.4
2006-08-25,0.0,25.47,64.59,21.8,3.95,0.4
2006-08-26,0.0,24.94,61.6,23.2,4.02,0.4
2006-08-27,0.0,24.56,61.75,24.21,3.75,0.4
2006-08-28,0.0,25.4,62.83,23.51,2.85,0.4
2006-08-29,0.0,26.07,63.07,21.89,2.59,0.39
2006-08-30,0.0,26.44,61.71,23.7,2.71,0.39
2006-08-31,0.01,26.26,60.72,24.78,4.0,0.39
2006-09-01,0.0,25.3,57.23,21.73,3.74,0.39
2006-09-02,0.0,24.88,55.57,23.93,2.88,0.39
2006-09-03,0.0,25.15,60.94,23.61,2.87,0.38
2006-09-04,0.15,25.46,62.79,22.69,2.91,0.38
2006-09-05,0.02,25.85,65.06,23.37,2.99,0.38
2006-09-06,0.95,26.03,66.4,23.2,2.73,0.38
2006-09-07,0.13,26.48,61.72,23.96,2.57,0.38
2006-09-08,0.0,27.93,59.61,23.06,3.09,0.38
2006-09-09,0.0,27.38,67.4,22.51,3.37,0.38
2006-09-10,1.75,27.3,62.67,22.45,3.57,0.38
2006-09-11,0.13,26.65,65.32,22.28,3.55,0.38
2006-09-12,0.0,27.07,61.4,21.7,3.44,0.38
2006-09-13,0.0,26.81,64.56,23.24,4.23,0.37
2006-09-14,0.0,26.81,61.24,24.04,3.78,0.37
2006-09-15,1.14,26.7,61.54,22.21,3.46,0.37
2006-09-16,0.0,26.97,58.92,24.17,3.69,0.37
2006-09-17,0.21,26.82,57.79,25.58,3.49,0.37
2006-09-18,1.09,26.43,64.36,24.01,3.64,0.37
2006-09-19,0.0,26.95,62.97,23.31,4.43,0.37
2006-09-20,0.0,27.23,59.25,23.82,4.57,0.37
2006-09-21,0.0,27.09,55.71,23.93,3.06,0.37
2006-09-22,0.0,26.89,58.04,23.96,3.22,0.37
2006-09-23,0.0,26.81,61.41,24.83,3.91,0.37
2006-09-24,0.0,27.05,60.68,25.48,3.28,0.37
2006-09-25,0.0,27.05,60.03,24.83,3.89,0.37
2006-09-26,0.0,27.08,62.09,24.04,2.97,0.37
2006-09-27,0.49,27.43,61.84,23.79,3.69,0.37
2006-09-28,0.58,28.12,59.25,23.64,3.93,0.37
2006-09-29,0.0,28.59,55.06,24.87,3.56,0.37
2006-09-30,0.02,28.08,58.33,23.8,4.02,0.37
2006-10-01,0.27,28.13,59.87,24.64,3.51,0.37
2006-10-02,0.12,28.48,58.25,24.13,3.04,0.37
2006-10-03,0.0,28.41,58.07,26.04,3.85,0.37
2006-10-04,0.11,28.16,61.51,24.49,3.92,0.37
2006-10-05,0.12,28.84,57.34,27.0,3.75,0.37
2006-10-06,0.47,28.38,56.02,24.97,2.95,0.37
2006-10-07,0.37,27.95,57.25,23.37,3.07,0.37
2006-10-08,0.08,28.78,52.85,23.98,3.3,0.37
2006-10-09,0.14,28.62,55.83,23.27,3.47,0.37
2006-10-10,0.15,28.85,52.71,27.0,3.0,0.37
2006-10-11,0.3,28.88,52.83,26.95,2.74,0.37
2006-10-12,0.51,28.17,56.67,24.77,2.95,0.37
2006-10-13,0.68,27.63,59.21,23.85,3.22,0.37
2006-10-14,0.2,28.39,58.2,24.05,2.42,0.37
2006-10-15,0.72,28.54,59.54,23.97,2.41,0.37
2006-10-16,0.2,28.34,61.3,24.34,2.33,0.37
2006-10-17,0.1,28.24,61.82,24.33,2.79,0.37
2006-10-18,0.0,28.19,59.88,24.08,2.91,0.37
2006-10-19,0.01,28.46,57.05,25.16,2.97,0.37
2006-10-20,0.84,28.33,59.86,26.54,3.15,0.37
2006-10-21,0.6,28.11,61.32,25.48,3.24,0.37
2006-10-22,0.01,28.71,56.89,24.48,2.68,0.37
2006-10-23,0.0,29.53,55.76,26.17,2.94,0.37
2006-10-24,0.53,29.18,57.07,23.77,3.17,0.37
2006-10-25,0.29,28.01,62.47,24.77,2.88,0.37
2006-10-26,0.03,29.31,55.55,25.68,2.46,0.37
2006-10-27,0.07,29.22,53.23,25.29,2.86,0.37
2006-10-28,0.01,28.64,57.34,26.91,2.64,0.37
2006-10-29,0.14,28.72,56.94,25.93,2.99,0.37
2006-10-30,0.31,28.48,60.28,24.79,2.71,0.37
2006-10-31,0.02,28.71,58.34,25.49,2.4,0.37
2006-11-01,0.0,29.08,57.57,26.46,1.9,0.37
2006-11-02,3.25,29.43,56.97,25.55,2.7,0.37
2006-11-03,0.35,29.3,59.04,27.23,3.68,0.37
2006-11-04,0.16,29.12,64.18,24.73,3.23,0.37
2006-11-05,0.31,29.42,63.54,24.63,3.1,0.37
2006-11-06,0.47,28.75,66.44,22.15,3.01,0.37
2006-11-07,1.81,29.14,63.9,24.48,3.01,0.37
2006-11-08,0.94,29.52,62.55,26.37,2.6,0.37
2006-11-09,0.74,29.86,60.49,25.54,2.37,0.37
2006-11-10,0.91,30.27,57.79,25.57,2.82,0.37
2006-11-11,0.93,30.16,58.35,25.38,2.63,0.37
2006-11-12,0.95,30.05,57.2,25.52,2.16,0.37
2006-11-13,1.42,29.66,59.09,25.4,2.71,0.37
2006-11-14,1.68,29.93,58.0,25.0,2.7,0.37
2006-11-15,0.52,29.55,61.25,24.04,3.31,0.37
2006-11-16,0.05,30.11,57.2,25.57,1.79,0.37
2006-11-17,0.23,30.22,58.7,24.38,2.69,0.37
2006-11-18,0.67,29.87,62.96,24.82,2.32,0.37
2006-11-19,0.36,29.91,61.88,24.85,2.89,0.37
2006-11-20,0.83,29.68,63.1,24.32,3.53,0.37
2006-11-21,8.41,28.92,66.11,24.2,2.39,0.38
2006-11-22,5.81,28.23,70.13,23.52,2.38,0.39
2006-11-23,2.48,28.91,64.75,24.27,2.06,0.39
2006-11-24,2.18,29.16,63.58,25.45,2.31,0.39
2006-11-25,0.05,29.62,57.79,25.06,1.83,0.39
2006-11-26,0.45,29.48,60.77,24.58,2.64,0.38
2006-11-27,0.07,29.33,54.92,24.99,2.3,0.38
2006-11-28,0.13,29.34,55.19,25.21,1.57,0.38
2006-11-29,0.05,29.82,57.79,23.92,2.53,0.38
2006-11-30,0.05,29.57,60.9,25.29,2.39,0.37
2006-12-01,0.85,29.76,58.53,22.94,2.87,0.37
2006-12-02,2.31,29.4,61.47,22.47,1.75,0.38
2006-12-03,0.68,29.49,62.34,23.56,1.67,0.38
2006-12-04,0.16,30.57,56.6,23.59,2.21,0.37
2006-12-05,2.31,30.33,56.41,22.42,1.66,0.38
2006-12-06,2.2,29.88,60.34,24.8,2.49,0.38
2006-12-07,1.34,29.72,65.22,23.56,2.48,0.38
2006-12-08,1.64,29.02,69.13,24.12,3.5,0.38
2006-12-09,0.17,29.48,66.93,23.59,4.42,0.38
2006-12-10,0.28,29.37,67.04,22.19,4.58,0.38
2006-12-11,0.66,28.08,72.75,19.04,3.39,0.38
2006-12-12,0.29,28.6,71.07,18.57,2.62,0.38
2006-12-13,18.71,28.38,74.67,22.93,1.41,0.39
2006-12-14,5.96,28.42,72.51,18.65,2.72,0.42
2006-12-15,5.13,28.58,70.85,23.27,3.09,0.42
2006-12-16,5.43,28.75,72.3,22.44,1.78,0.42
2006-12-17,2.67,29.33,67.57,21.68,1.3,0.42
2006-12-18,1.99,28.9,70.01,20.82,1.82,0.42
2006-12-19,15.01,28.7,72.7,23.61,1.55,0.43
2006-12-20,4.76,27.55,80.73,19.32,1.82,0.45
2006-12-21,1.84,26.77,81.67,18.55,1.5,0.45
2006-12-22,2.53,28.13,74.98,22.42,1.62,0.45
2006-12-23,12.17,28.5,72.0,22.4,2.06,0.46
2006-12-24,3.62,28.21,74.05,18.56,1.99,0.47
2006-12-25,9.45,28.0,75.54,19.82,2.35,0.47
2006-12-26,21.58,27.14,82.8,15.77,1.58,0.5
2006-12-27,8.44,26.96,85.32,19.84,1.24,0.53
2006-12-28,9.55,26.94,85.73,12.75,1.91,0.54
2006-12-29,12.46,27.08,83.19,12.73,2.4,0.55
2006-12-30,20.1,26.65,85.19,7.26,5.42,0.58
2006-12-31,9.94,26.97,85.67,6.99,4.27,0.6
2007-01-01,2.91,27.1,83.07,11.49,3.85,0.6
2007-01-02,9.65,26.83,85.35,12.67,4.22,0.6
2007-01-03,8.81,26.53,83.91,9.71,3.87,0.62
2007-01-04,0.03,27.17,74.71,22.12,3.13,0.61
2007-01-05,0.0,27.28,71.15,21.53,1.89,0.6
2007-01-06,0.03,27.79,69.72,23.48,1.96,0.6
2007-01-07,0.05,27.59,68.17,22.34,2.16,0.59
2007-01-08,0.19,27.87,72.83,23.51,2.31,0.58
2007-01-09,0.42,27.98,74.23,23.31,3.19,0.57
2007-01-10,0.67,27.3,79.19,18.63,3.25,0.56
2007-01-11,0.96,27.94,74.72,24.21,2.4,0.56
2007-01-12,0.75,28.63,69.89,24.53,2.27,0.55
2007-01-13,1.5,28.28,71.89,23.76,3.17,0.55
2007-01-14,1.07,28.39,70.3,23.56,2.33,0.54
2007-01-15,2.03,28.14,70.06,21.89,2.05,0.54
2007-01-16,1.15,27.9,73.9,22.92,2.22,0.54
2007-01-17,0.31,27.34,76.65,23.85,2.03,0.53
2007-01-18,1.63,27.6,76.95,22.22,1.67,0.53
2007-01-19,1.76,27.88,75.95,18.99,1.76,0.53
2007-01-20,0.79,27.78,77.1,22.15,1.59,0.53
2007-01-21,2.28,27.97,77.3,20.27,1.36,0.53
2007-01-22,2.43,27.64,80.25,22.17,1.88,0.53
2007-01-23,0.35,28.51,71.89,22.87,2.75,0.52
2007-01-24,0.25,28.4,67.43,24.55,3.54,0.52
2007-01-25,0.87,28.27,67.5,25.54,3.14,0.51
2007-01-26,1.48,28.82,64.54,25.0,2.48,0.51
2007-01-27,2.07,28.82,65.81,25.18,1.81,0.51
2007-01-28,1.35,28.94,65.58,25.11,2.2,0.5
2007-01-29,1.75,28.47,68.57,22.91,2.45,0.5
2007-01-30,2.07,28.38,68.43,22.07,2.91,0.5
2007-01-31,4.03,27.62,73.58,22.34,2.2,0.5
2007-02-01,2.9,27.4,75.62,19.5,2.05,0.5
2007-02-02,33.44,26.81,78.62,20.54,2.45,0.52
2007-02-03,12.22,26.86,78.72,19.88,1.46,0.57
2007-02-04,5.0,27.12,78.48,23.13,2.15,0.57
2007-02-05,3.07,26.91,79.97,22.38,2.25,0.57
2007-02-06,1.43,27.02,81.27,21.7,2.55,0.57
2007-02-07,1.64,27.51,79.05,21.85,2.74,0.56
2007-02-08,1.73,26.68,84.74,8.52,2.69,0.56
2007-02-09,7.24,27.16,77.81,19.6,1.24,0.56
2007-02-10,2.63,27.72,74.34,24.73,1.27,0.57
2007-02-11,8.42,27.85,73.88,25.81,0.97,0.57
2007-02-12,8.26,28.08,73.63,23.63,0.81,0.58
2007-02-13,0.19,28.31,71.68,24.77,1.39,0.58
2007-02-14,1.01,28.46,70.6,24.09,1.13,0.57
2007-02-15,6.4,28.97,68.71,24.63,1.16,0.56
2007-02-16,5.02,27.76,75.89,16.98,1.29,0.57
2007-02-17,8.24,27.18,75.21,18.12,1.0,0.57
2007-02-18,4.18,27.55,72.97,23.51,0.93,0.58
2007-02-19,5.77,27.48,76.91,20.87,1.27,0.58
2007-02-20,13.82,27.69,76.28,22.64,0.88,0.59
2007-02-21,8.13,27.69,77.65,20.85,0.99,0.61
2007-02-22,7.53,26.14,85.8,15.44,2.73,0.61
2007-02-23,7.27,26.0,83.11,19.05,1.9,0.62
2007-02-24,7.15,26.65,81.07,22.8,1.41,0.63
2007-02-25,5.73,26.38,80.53,16.66,2.1,0.63
2007-02-26,5.44,26.66,76.16,21.35,1.3,0.63
2007-02-27,5.31,26.64,82.09,19.61,1.87,0.64
2007-02-28,17.0,26.45,85.84,18.43,2.36,0.65
2007-03-01,15.48,26.42,87.95,16.44,3.18,0.67
2007-03-02,15.52,25.77,88.13,5.4,3.97,0.7
2007-03-03,13.71,26.29,87.61,8.63,4.13,0.71
2007-03-04,8.86,26.2,87.62,13.91,3.71,0.73
2007-03-05,12.75,26.34,89.25,14.75,2.96,0.73
2007-03-06,10.92,26.56,89.2,12.28,5.14,0.75
2007-03-07,13.39,26.44,87.51,14.15,7.63,0.76
2007-03-08,2.71,26.48,85.45,16.96,4.88,0.77
2007-03-09,0.11,26.68,83.47,21.97,4.05,0.76
2007-03-10,0.3,26.78,81.79,21.06,4.15,0.75
2007-03-11,0.75,26.12,84.7,21.57,3.66,0.74
2007-03-12,7.93,26.22,82.81,16.07,2.46,0.74
2007-03-13,4.77,26.92,81.2,19.42,1.71,0.75
2007-03-14,7.3,26.24,87.46,15.36,1.51,0.75
2007-03-15,4.42,26.16,84.87,20.15,1.77,0.76
2007-03-16,1.87,26.74,82.76,19.77,1.04,0.76
2007-03-17,3.32,25.86,85.18,18.26,2.29,0.76
2007-03-18,1.87,26.02,80.89,18.78,1.98,0.76
2007-03-19,0.37,26.3,80.75,21.43,1.25,0.75
2007-03-20,1.27,26.68,82.5,20.34,2.11,0.75
2007-03-21,5.07,26.51,84.61,19.47,2.69,0.75
2007-03-22,3.96,26.15,88.05,15.7,2.01,0.75
2007-03-23,2.59,26.15,85.13,15.32,2.12,0.75
2007-03-24,2.37,25.91,83.03,18.72,2.12,0.75
2007-03-25,7.15,25.98,89.63,12.26,4.48,0.75
2007-03-26,2.2,26.48,86.22,20.6,4.34,0.76
2007-03-27,5.89,26.35,87.47,21.4,4.79,0.76
2007-03-28,3.94,26.43,85.79,17.93,5.01,0.76
2007-03-29,4.17,25.92,86.81,16.19,2.7,0.76
2007-03-30,1.43,26.75,81.23,19.87,1.44,0.76
2007-03-31,6.91,26.94,80.95,19.78,1.27,0.75
2007-04-01,9.19,27.32,78.63,18.03,1.14,0.76
2007-04-02,6.12,26.74,85.49,18.83,2.16,0.77
2007-04-03,2.69,27.38,81.25,21.33,2.24,0.77
2007-04-04,2.35,27.17,78.56,20.62,2.34,0.76
2007-04-05,1.99,27.19,77.54,22.16,1.61,0.76
2007-04-06,1.13,27.57,77.19,21.66,1.26,0.75
2007-04-07,4.48,27.42,78.99,21.93,1.85,0.74
2007-04-08,9.02,27.08,80.76,17.18,2.95,0.75
2007-04-09,2.15,26.66,80.99,20.74,2.87,0.75
2007-04-10,0.76,27.0,78.77,19.63,3.09,0.74
2007-04-11,19.39,27.19,79.89,20.72,1.66,0.75
2007-04-12,6.44,27.26,80.09,22.09,0.8,0.77
2007-04-13,2.67,26.96,84.84,18.32,2.23,0.77
2007-04-14,10.66,26.7,85.09,16.76,2.94,0.77
2007-04-15,11.92,26.76,82.02,17.69,1.31,0.78
2007-04-16,5.85,26.77,85.08,20.16,1.81,0.79
2007-04-17,1.79,26.72,83.56,20.43,2.19,0.79
2007-04-18,2.41,27.09,81.83,21.05,1.57,0.79
2007-04-19,14.11,27.59,79.84,20.26,0.84,0.79
2007-04-20,6.75,26.83,85.03,13.94,2.65,0.81
2007-04-21,1.75,26.22,83.9,15.18,0.92,0.81
2007-04-22,0.11,25.63,85.62,20.4,3.19,0.8
2007-04-23,0.33,26.62,75.99,18.87,2.35,0.79
2007-04-24,5.01,26.4,83.69,11.71,3.02,0.79
2007-04-25,3.33,26.82,83.27,19.33,2.21,0.79
2007-04-26,1.04,26.63,80.96,20.76,2.33,0.79
2007-04-27,0.01,26.61,80.69,21.38,2.85,0.78
2007-04-28,0.0,26.5,78.16,20.97,3.08,0.77
2007-04-29,0.33,26.74,78.52,20.83,1.99,0.76
2007-04-30,0.13,26.32,79.13,21.21,2.92,0.75
2007-05-01,0.15,26.04,79.35,21.51,2.94,0.74
2007-05-02,0.08,26.36,80.55,20.75,3.15,0.73
2007-05-03,0.01,26.44,82.01,19.69,3.13,0.72
2007-05-04,0.04,26.67,82.66,20.12,2.91,0.72
2007-05-05,0.09,26.88,81.27,19.9,3.75,0.71
2007-05-06,0.44,26.13,80.65,18.98,3.05,0.7
2007-05-07,0.45,26.66,79.14,19.45,2.88,0.7
2007-05-08,0.47,26.0,82.8,19.53,3.58,0.69
2007-05-09,0.06,25.98,81.67,20.04,3.29,0.69
2007-05-10,0.0,25.89,78.93,21.18,2.71,0.68
2007-05-11,0.0,26.05,75.85,21.8,2.61,0.67
2007-05-12,0.0,26.06,74.22,21.29,2.98,0.66
2007-05-13,0.0,26.12,74.48,20.75,3.02,0.66
2007-05-14,0.31,26.16,75.2,19.87,2.61,0.65
2007-05-15,0.07,26.33,77.41,19.22,1.97,0.64
2007-05-16,0.44,26.26,79.76,17.37,1.76,0.64
2007-05-17,9.18,26.53,79.98,16.71,1.68,0.64
2007-05-18,4.11,26.66,84.18,19.33,2.09,0.65
2007-05-19,0.49,26.69,83.19,19.05,1.68,0.65
2007-05-20,0.46,26.66,83.14,19.95,1.35,0.64
2007-05-21,0.19,26.84,80.84,18.9,2.36,0.64
2007-05-22,0.17,26.89,78.58,19.85,2.21,0.63
2007-05-23,0.55,26.68,80.59,18.92,3.04,0.62
2007-05-24,0.12,26.31,73.99,20.25,3.7,0.62
2007-05-25,0.07,26.16,77.73,19.64,2.73,0.61
2007-05-26,0.01,26.89,75.75,19.88,2.15,0.6
2007-05-27,3.02,26.63,81.72,18.29,2.05,0.6
2007-05-28,1.54,26.3,85.56,17.85,2.31,0.6
2007-05-29,7.86,26.25,86.47,13.59,2.74,0.6
2007-05-30,2.72,26.04,85.09,17.91,2.42,0.61
2007-05-31,0.19,26.56,80.65,18.29,2.45,0.61
2007-06-01,0.01,26.74,80.32,19.68,2.57,0.6
2007-06-02,1.28,26.61,84.42,17.19,3.73,0.6
2007-06-03,5.97,25.81,86.58,13.39,2.16,0.6
2007-06-04,1.95,26.31,84.87,16.21,2.63,0.61
2007-06-05,2.43,26.55,83.51,17.58,2.79,0.61
2007-06-06,1.9,26.68,81.85,15.42,4.27,0.6
2007-06-07,0.81,26.81,81.11,17.07,4.53,0.6
2007-06-08,0.38,26.55,78.2,17.31,5.18,0.59
2007-06-09,0.0,25.6,74.52,19.26,5.37,0.59
2007-06-10,0.05,25.09,72.16,19.38,4.16,0.58
2007-06-11,0.1,25.25,74.42,18.48,4.18,0.57
2007-06-12,0.02,25.61,77.26,15.31,4.82,0.57
2007-06-13,0.0,25.9,75.55,16.97,5.23,0.56
2007-06-14,0.05,25.99,75.22,18.0,5.12,0.56
2007-06-15,0.0,25.76,74.99,17.47,4.68,0.55
2007-06-16,0.0,25.51,73.36,18.38,4.78,0.54
2007-06-17,0.0,25.09,77.72,18.41,4.92,0.54
2007-06-18,0.02,24.65,77.22,14.84,4.37,0.54
2007-06-19,0.27,24.88,79.11,12.59,2.88,0.53
2007-06-20,0.11,26.05,77.82,12.01,1.76,0.53
2007-06-21,1.7,25.72,83.51,10.26,3.39,0.53
2007-06-22,0.35,26.15,80.61,17.42,4.54,0.53
2007-06-23,0.31,26.48,78.71,17.94,4.49,0.52
2007-06-24,0.53,26.31,78.55,16.35,4.75,0.52
2007-06-25,0.65,26.69,77.57,18.18,4.56,0.51
2007-06-26,0.98,26.46,81.08,14.52,5.26,0.51
2007-06-27,0.7,26.45,78.16,11.98,5.3,0.51
2007-06-28,0.41,26.1,74.28,12.0,4.63,0.51
2007-06-29,0.05,25.61,72.56,13.61,3.95,0.5
2007-06-30,0.0,25.58,73.59,15.03,4.04,0.5
2007-07-01,0.02,25.29,69.11,18.39,3.22,0.49
2007-07-02,0.05,25.47,69.56,18.22,2.47,0.49
2007-07-03,0.36,25.9,72.25,13.37,3.69,0.49
2007-07-04,0.0,25.92,71.43,19.06,4.71,0.48
2007-07-05,0.0,25.72,72.54,18.97,4.97,0.48
2007-07-06,0.0,25.4,67.62,19.09,3.72,0.48
2007-07-07,0.0,25.07,66.39,18.96,5.07,0.47
2007-07-08,0.0,24.93,64.85,18.86,4.58,0.47
2007-07-09,0.0,25.03,65.28,17.71,4.56,0.47
2007-07-10,0.0,25.05,64.24,19.74,4.48,0.46
2007-07-11,0.0,25.04,69.01,17.65,3.82,0.46
2007-07-12,0.04,25.17,70.82,15.34,3.89,0.46
2007-07-13,0.03,25.18,71.61,18.49,3.75,0.46
2007-07-14,0.08,25.72,72.32,17.38,3.14,0.45
2007-07-15,0.07,26.27,74.25,17.73,2.77,0.45
2007-07-16,0.04,26.92,73.51,16.99,3.22,0.45
2007-07-17,1.41,26.77,75.01,12.47,4.75,0.45
2007-07-18,0.15,26.59,73.63,17.21,3.96,0.45
2007-07-19,0.0,26.18,73.78,14.78,4.85,0.44
2007-07-20,0.0,26.26,72.82,14.85,4.62,0.44
2007-07-21,0.01,25.94,71.63,18.2,5.0,0.44
2007-07-22,0.0,25.56,68.59,19.15,5.36,0.44
2007-07-23,0.0,25.49,67.14,19.52,4.48,0.43
2007-07-24,0.01,25.59,68.89,18.56,4.36,0.43
2007-07-25,0.0,25.98,70.07,18.15,4.79,0.43
2007-07-26,0.0,26.0,67.36,18.12,3.87,0.43
2007-07-27,0.0,26.02,67.06,20.34,3.04,0.42
2007-07-28,0.03,26.06,68.46,17.07,2.71,0.42
2007-07-29,0.02,26.07,66.23,18.11,3.4,0.42
2007-07-30,0.01,25.77,66.08,19.35,4.41,0.42
2007-07-31,0.0,25.6,65.13,20.45,4.23,0.41
2007-08-01,0.04,25.21,67.43,17.69,4.18,0.41
2007-08-02,0.01,25.17,63.36,20.27,4.72,0.41
2007-08-03,0.07,24.78,64.69,18.64,4.03,0.41
2007-08-04,0.0,25.28,62.68,21.09,3.52,0.4
2007-08-05,0.02,26.02,66.21,19.88,3.49,0.4
2007-08-06,0.08,26.3,68.31,15.13,4.0,0.4
2007-08-07,0.03,25.73,63.55,19.72,5.17,0.4
2007-08-08,0.03,25.3,65.23,20.23,4.85,0.4
2007-08-09,0.0,25.62,65.64,19.55,4.81,0.39
2007-08-10,0.04,26.11,67.3,16.04,3.56,0.39
2007-08-11,0.14,26.41,68.79,10.59,3.69,0.39
2007-08-12,0.1,26.7,68.37,17.42,3.79,0.39
2007-08-13,0.0,26.63,71.71,18.12,3.68,0.39
2007-08-14,0.04,26.1,68.73,21.7,4.89,0.39
2007-08-15,0.3,25.58,70.78,19.55,5.62,0.38
2007-08-16,0.05,26.44,65.42,18.63,5.37,0.38
2007-08-17,0.01,26.34,68.27,19.13,4.4,0.38
2007-08-18,0.79,26.07,73.71,14.02,4.35,0.38
2007-08-19,5.44,26.16,75.64,11.12,4.88,0.39
2007-08-20,0.41,26.11,72.89,16.58,4.5,0.39
2007-08-21,0.06,26.31,65.35,16.94,4.99,0.39
2007-08-22,0.01,26.32,65.82,19.86,4.61,0.38
2007-08-23,0.0,26.2,64.03,19.18,5.02,0.38
2007-08-24,0.02,25.77,62.09,22.17,4.81,0.38
2007-08-25,0.25,25.47,57.25,23.82,4.17,0.38
2007-08-26,0.0,25.0,57.2,21.51,3.23,0.38
2007-08-27,0.03,25.64,58.12,21.55,3.26,0.38
2007-08-28,0.0,26.52,63.99,20.94,4.46,0.37
2007-08-29,0.0,26.76,62.18,21.86,4.03,0.37
2007-08-30,0.0,26.89,61.37,22.62,4.02,0.37
2007-08-31,0.0,26.69,62.52,21.85,4.5,0.37
2007-09-01,0.0,27.19,62.07,21.4,4.4,0.37
2007-09-02,0.0,27.53,63.07,21.86,4.49,0.37
2007-09-03,0.08,27.65,63.86,21.09,4.16,0.37
2007-09-04,0.0,27.95,62.47,21.46,4.54,0.37
2007-09-05,2.46,27.69,63.13,20.7,3.81,0.37
2007-09-06,0.28,27.42,60.93,22.33,3.69,0.38
2007-09-07,0.04,27.11,59.94,20.65,3.27,0.37
2007-09-08,0.11,26.18,61.04,23.0,4.37,0.37
2007-09-09,0.0,25.64,61.52,22.18,3.97,0.37
2007-09-10,0.03,25.98,60.66,22.99,3.59,0.37
2007-09-11,0.0,26.67,57.22,22.75,2.97,0.37
2007-09-12,0.13,26.42,60.57,23.21,3.35,0.37
2007-09-13,0.01,26.44,62.28,21.07,3.5,0.37
2007-09-14,0.02,27.36,60.72,23.5,3.22,0.37
2007-09-15,0.0,27.36,60.91,23.22,3.98,0.37
2007-09-16,0.0,27.67,58.16,23.27,3.93,0.37
2007-09-17,0.0,27.39,65.09,21.53,4.87,0.37
2007-09-18,0.0,27.11,65.33,23.17,5.01,0.37
2007-09-19,0.01,27.55,62.32,22.47,4.13,0.37
2007-09-20,0.0,27.11,65.76,20.31,5.3,0.37
2007-09-21,0.0,27.48,63.79,20.57,4.11,0.37
2007-09-22,0.03,27.96,63.64,23.92,3.55,0.37
2007-09-23,0.05,28.38,60.04,23.22,3.01,0.37
2007-09-24,0.0,28.63,57.51,23.69,2.95,0.37
2007-09-25,0.0,28.12,63.73,25.38,4.95,0.37
2007-09-26,0.0,28.3,58.87,26.73,4.6,0.37
2007-09-27,0.0,28.06,62.29,24.77,3.85,0.37
2007-09-28,0.01,27.9,65.36,23.49,4.72,0.37
2007-09-29,0.0,27.94,63.89,24.15,4.11,0.37
2007-09-30,0.0,28.44,60.03,22.67,3.34,0.37
2007-10-01,0.01,28.55,59.84,25.64,3.56,0.37
2007-10-02,0.0,28.64,60.1,23.54,3.49,0.37
2007-10-03,0.01,28.77,58.53,24.83,3.29,0.37
2007-10-04,0.01,28.81,60.44,24.1,2.84,0.37
2007-10-05,0.0,29.01,60.49,22.88,2.37,0.37
2007-10-06,0.01,29.13,60.44,24.27,2.59,0.37
2007-10-07,0.0,29.13,61.21,23.28,1.8,0.37
2007-10-08,1.59,29.43,59.37,23.1,2.46,0.37
2007-10-09,0.73,28.62,64.26,23.28,2.99,0.37
2007-10-10,0.0,27.21,67.39,22.84,4.92,0.37
2007-10-11,0.93,27.64,67.04,22.92,4.36,0.37
2007-10-12,0.67,28.28,64.88,22.78,3.87,0.37
2007-10-13,0.55,28.65,66.43,23.54,3.86,0.37
2007-10-14,0.09,28.74,65.57,24.22,4.8,0.37
2007-10-15,0.0,29.14,61.88,24.88,3.81,0.37
2007-10-16,1.34,28.52,64.0,25.01,4.44,0.37
2007-10-17,0.6,28.09,64.79,24.81,4.02,0.37
2007-10-18,2.72,28.07,67.2,24.33,4.34,0.38
2007-10-19,1.77,28.72,65.79,22.7,2.65,0.38
2007-10-20,1.83,28.67,65.59,23.88,3.75,0.38
2007-10-21,0.0,28.97,60.74,25.01,3.33,0.38
2007-10-22,0.0,29.17,60.68,24.77,3.08,0.37
2007-10-23,0.05,29.16,59.93,26.5,3.58,0.37
2007-10-24,0.04,29.49,60.4,23.82,2.92,0.37
2007-10-25,0.1,29.56,60.06,24.09,2.67,0.37
2007-10-26,0.12,29.44,59.95,26.47,2.96,0.37
2007-10-27,1.13,30.04,57.59,24.34,1.83,0.37
2007-10-28,1.82,29.64,58.3,23.43,2.38,0.37
2007-10-29,0.07,29.59,59.81,24.17,2.53,0.37
2007-10-30,0.34,29.91,60.09,23.32,1.71,0.37
2007-10-31,14.65,28.38,71.35,18.22,2.58,0.39
2007-11-01,2.81,27.39,77.65,22.6,2.57,0.4
2007-11-02,10.09,27.28,78.7,19.83,1.49,0.41
2007-11-03,5.8,27.74,76.04,20.73,1.59,0.42
2007-11-04,13.17,27.99,72.01,21.16,1.17,0.43
2007-11-05,6.08,27.44,81.27,21.01,2.14,0.45
2007-11-06,2.72,27.42,76.99,22.19,1.81,0.45
2007-11-07,1.22,27.74,74.03,21.0,2.22,0.45
2007-11-08,0.22,28.68,65.27,24.91,2.38,0.45
2007-11-09,0.21,29.01,64.86,25.02,2.3,0.44
2007-11-10,1.63,29.03,66.79,22.06,2.92,0.44
2007-11-11,1.06,28.79,68.58,23.5,3.36,0.44
2007-11-12,1.48,29.02,62.17,21.75,1.93,0.44
2007-11-13,1.23,28.37,66.8,21.26,1.6,0.44
2007-11-14,1.32,28.77,69.05,20.78,1.39,0.43
2007-11-15,0.58,29.32,65.99,23.68,1.86,0.43
2007-11-16,3.55,28.7,68.34,24.3,2.21,0.43
2007-11-17,2.91,28.79,64.88,23.91,2.87,0.44
2007-11-18,0.1,28.52,64.72,23.65,3.35,0.43
2007-11-19,0.03,29.0,62.05,25.99,2.78,0.43
2007-11-20,0.0,29.31,60.71,25.68,3.05,0.42
2007-11-21,0.0,29.25,60.99,25.57,3.17,0.42
2007-11-22,0.01,29.25,62.25,24.94,3.64,0.42
2007-11-23,0.19,29.17,62.78,22.73,3.25,0.41
2007-11-24,2.68,28.66,66.07,19.64,3.61,0.41
2007-11-25,1.53,27.65,74.21,22.69,2.7,0.42
2007-11-26,0.68,28.31,70.56,23.38,2.77,0.42
2007-11-27,0.29,29.09,65.09,24.71,2.06,0.41
2007-11-28,0.32,29.24,61.71,24.96,0.95,0.41
2007-11-29,4.1,29.3,62.05,24.96,1.49,0.41
2007-11-30,0.85,28.85,65.89,22.52,2.54,0.41
2007-12-01,9.13,28.19,71.34,18.4,1.75,0.42
2007-12-02,2.64,28.1,73.28,21.07,1.55,0.42
2007-12-03,1.04,27.59,75.75,17.02,2.53,0.42
2007-12-04,0.43,27.9,70.46,21.86,2.49,0.42
2007-12-05,7.31,27.57,76.16,22.18,1.57,0.42
2007-12-06,10.75,27.47,77.94,20.64,1.77,0.44
2007-12-07,16.28,27.57,79.22,21.6,1.18,0.47
2007-12-08,5.87,27.04,82.31,21.39,1.05,0.48
2007-12-09,8.08,27.91,74.15,19.9,1.26,0.49
2007-12-10,8.27,28.15,72.53,21.15,1.0,0.5
2007-12-11,4.57,28.32,72.65,22.54,1.53,0.5
2007-12-12,7.0,26.9,82.44,19.32,1.95,0.51
2007-12-13,6.57,27.28,78.37,21.11,1.24,0.52
2007-12-14,3.81,28.47,71.74,23.07,0.95,0.52
2007-12-15,4.44,28.84,70.5,22.6,1.1,0.52
2007-12-16,3.54,27.97,75.62,21.75,0.9,0.52
2007-12-17,11.87,27.32,77.92,17.79,1.24,0.53
2007-12-18,11.93,26.58,82.9,14.0,2.75,0.55
2007-12-19,32.48,26.09,87.19,12.15,4.66,0.59
2007-12-20,17.06,25.75,84.95,13.79,3.09,0.63
2007-12-21,3.85,26.28,86.25,16.32,3.56,0.64
2007-12-22,4.83,26.43,86.65,15.99,3.43,0.63
2007-12-23,30.04,26.03,85.93,14.44,2.85,0.66
2007-12-24,16.99,25.89,85.92,7.91,2.19,0.7
2007-12-25,1.39,26.53,85.73,17.03,4.17,0.7
2007-12-26,47.39,26.69,88.3,12.31,4.45,0.73
2007-12-27,6.22,26.52,85.55,16.46,6.76,0.77
2007-12-28,3.41,27.02,84.16,17.49,6.39,0.77
2007-12-29,7.04,26.72,87.12,9.16,5.36,0.77
2007-12-30,10.62,26.5,85.4,13.3,4.05,0.78
2007-12-31,15.42,26.05,87.99,15.66,2.76,0.79
2008-01-01,7.71,26.48,83.79,13.77,4.1,0.8
2008-01-02,8.26,26.01,85.3,13.98,3.62,0.8
2008-01-03,4.68,26.22,84.81,18.81,3.53,0.81
2008-01-04,8.24,25.76,88.43,16.92,4.21,0.81
2008-01-05,5.34,26.03,83.51,22.56,3.59,0.82
2008-01-06,1.14,26.87,78.07,25.34,2.2,0.82
2008-01-07,10.59,26.76,78.5,25.18,2.06,0.81
2008-01-08,10.41,26.32,84.02,20.69,2.05,0.83
2008-01-09,0.45,26.31,82.11,21.64,2.52,0.82
2008-01-10,0.55,26.7,80.36,22.71,2.32,0.81
2008-01-11,0.34,26.61,82.95,22.14,2.79,0.81
2008-01-12,0.89,26.52,82.62,21.28,3.44,0.8
2008-01-13,3.11,26.41,81.84,17.11,3.02,0.8
2008-01-14,2.1,25.97,85.57,17.73,3.7,0.8
2008-01-15,5.18,26.18,84.63,11.84,4.46,0.8
2008-01-16,9.48,25.47,87.08,13.03,5.34,0.8
2008-01-17,11.96,25.76,83.65,13.76,2.93,0.81
2008-01-18,4.21,26.18,83.26,20.62,2.39,0.82
2008-01-19,0.41,26.1,83.86,22.06,2.52,0.82
2008-01-20,2.08,26.31,82.4,24.96,2.28,0.81
2008-01-21,2.02,27.0,78.21,24.27,1.63,0.8
2008-01-22,0.08,26.97,78.57,26.29,2.17,0.79
2008-01-23,0.0,27.25,74.37,24.37,1.54,0.78
2008-01-24,1.64,27.63,73.94,25.51,1.72,0.78
2008-01-25,1.22,28.54,68.75,24.11,0.47,0.77
2008-01-26,5.4,27.7,76.5,22.64,1.26,0.76
2008-01-27,29.99,27.52,79.91,19.28,1.13,0.78
2008-01-28,25.44,26.79,83.78,22.08,2.55,0.82
2008-01-29,21.43,26.79,86.58,20.22,2.84,0.85
2008-01-30,8.81,26.47,89.01,11.91,2.75,0.86
2008-01-31,7.0,26.3,87.61,20.95,2.57,0.86
2008-02-01,2.09,26.8,84.79,21.95,2.38,0.86
2008-02-02,7.31,26.45,89.63,21.49,2.63,0.86
2008-02-03,18.21,25.71,89.91,13.51,2.89,0.87
2008-02-04,22.18,25.78,89.34,15.18,4.08,0.9
2008-02-05,3.97,25.94,87.41,12.25,3.71,0.9
2008-02-06,8.15,25.86,90.27,14.11,3.21,0.9
2008-02-07,16.31,25.88,89.1,14.93,3.85,0.91
2008-02-08,9.17,25.77,89.84,14.87,3.9,0.92
2008-02-09,7.07,25.99,89.14,9.75,5.15,0.92
2008-02-10,5.03,26.1,88.32,14.42,5.72,0.92
2008-02-11,3.35,26.16,86.78,19.22,6.9,0.91
2008-02-12,6.97,26.04,87.81,15.51,7.57,0.91
2008-02-13,10.76,26.09,88.99,11.36,6.38,0.92
2008-02-14,7.71,25.68,89.82,11.14,5.75,0.92
2008-02-15,10.04,25.66,89.2,14.89,7.19,0.92
2008-02-16,2.4,25.65,87.28,20.87,5.26,0.92
2008-02-17,6.6,25.82,87.62,15.63,4.11,0.92
2008-02-18,4.02,25.78,87.75,14.87,4.04,0.92
2008-02-19,6.97,25.28,89.28,15.95,3.15,0.92
2008-02-20,15.94,25.58,86.96,11.0,3.32,0.93
2008-02-21,5.68,25.42,88.74,13.27,3.29,0.93
2008-02-22,6.26,25.27,90.21,8.01,3.57,0.93
2008-02-23,7.77,25.58,89.02,13.5,3.76,0.93
2008-02-24,0.86,26.05,83.32,22.38,2.13,0.93
2008-02-25,1.19,26.05,82.24,22.52,1.54,0.92
2008-02-26,1.11,26.19,81.08,19.89,1.56,0.91
2008-02-27,0.92,26.51,77.27,22.56,1.45,0.9
2008-02-28,4.52,26.19,82.12,22.0,1.73,0.9
2008-02-29,4.69,26.06,84.57,22.21,1.79,0.89
2008-03-01,1.82,25.88,84.57,22.34,2.69,0.89
2008-03-02,1.81,25.68,87.28,17.66,3.16,0.89
2008-03-03,1.03,25.89,85.47,20.5,2.43,0.88
2008-03-04,3.94,25.76,86.26,22.49,2.26,0.88
2008-03-05,13.75,26.04,83.12,21.82,1.71,0.88
2008-03-06,25.62,25.47,85.65,17.62,2.12,0.9
2008-03-07,23.81,25.62,85.74,21.62,1.61,0.93
2008-03-08,2.77,26.08,83.64,22.91,1.32,0.93
2008-03-09,4.17,26.72,78.85,22.98,1.07,0.92
2008-03-10,1.9,26.74,79.4,23.95,0.86,0.92
2008-03-11,0.45,26.86,80.95,23.53,1.41,0.91
2008-03-12,2.6,26.74,81.45,22.71,1.68,0.9
2008-03-13,1.2,26.97,78.36,21.98,1.42,0.9
2008-03-14,1.07,26.85,80.06,20.44,1.65,0.89
2008-03-15,10.68,26.85,78.87,21.35,1.21,0.89
2008-03-16,5.19,26.06,81.6,22.21,1.18,0.89
2008-03-17,20.61,26.14,82.04,21.92,1.36,0.9
2008-03-18,11.46,27.1,77.72,22.86,1.34,0.91
2008-03-19,9.97,26.97,80.29,22.35,1.35,0.92
2008-03-20,7.93,26.74,83.77,21.94,1.56,0.92
2008-03-21,15.08,26.2,84.55,12.69,1.89,0.92
2008-03-22,2.94,26.27,81.26,21.23,1.5,0.93
2008-03-23,2.62,26.22,85.65,18.65,2.81,0.92
2008-03-24,9.01,26.12,82.97,18.56,1.22,0.92
2008-03-25,3.74,26.33,80.34,18.28,1.28,0.92
2008-03-26,2.34,26.6,80.49,19.63,1.24,0.92
2008-03-27,5.89,26.36,84.9,19.55,2.62,0.91
2008-03-28,7.03,26.28,82.58,17.91,1.1,0.92
2008-03-29,3.87,25.94,84.22,21.16,1.93,0.91
2008-03-30,72.76,25.94,87.17,17.26,3.17,0.94
2008-03-31,10.33,25.31,87.89,13.42,4.53,0.97
2008-04-01,1.52,25.57,85.38,17.07,2.25,0.96
2008-04-02,1.31,25.87,85.4,19.61,2.42,0.95
2008-04-03,1.47,25.69,84.93,19.35,1.35,0.95
2008-04-04,0.76,25.37,85.89,14.36,1.75,0.94
2008-04-05,6.77,25.32,86.05,15.86,1.54,0.94
2008-04-06,4.7,25.39,86.64,16.84,1.86,0.94
2008-04-07,7.5,25.97,86.07,20.68,1.83,0.94
2008-04-08,3.11,26.54,83.85,21.16,2.02,0.94
2008-04-09,1.3,26.68,81.23,21.72,2.91,0.93
2008-04-10,0.02,26.08,80.69,21.54,3.09,0.92
2008-04-11,0.73,26.83,74.3,22.21,2.17,0.91
2008-04-12,3.93,26.25,80.07,21.68,1.96,0.91
2008-04-13,0.79,26.02,78.94,22.15,3.51,0.9
2008-04-14,1.37,25.71,80.13,20.88,3.15,0.89
2008-04-15,0.15,26.35,78.08,21.21,3.38,0.88
2008-04-16,0.03,26.38,76.62,20.91,3.89,0.87
2008-04-17,0.0,26.5,76.78,21.34,3.45,0.86
2008-04-18,0.12,26.53,76.5,20.88,3.94,0.85
2008-04-19,0.4,26.07,77.06,20.74,2.92,0.84
2008-04-20,0.24,26.15,76.88,20.73,2.99,0.83
2008-04-21,0.72,26.15,82.06,17.26,2.27,0.83
2008-04-22,0.55,26.79,79.28,17.06,2.03,0.82
2008-04-23,0.14,26.51,82.02,16.93,2.42,0.81
2008-04-24,0.06,26.27,81.12,20.43,2.5,0.8
2008-04-25,0.0,26.51,79.59,21.7,2.56,0.79
2008-04-26,0.31,26.31,79.68,19.57,3.19,0.78
2008-04-27,0.11,25.88,77.58,19.99,3.1,0.77
2008-04-28,0.14,25.78,79.75,19.52,3.18,0.76
2008-04-29,0.05,26.63,78.57,19.3,2.38,0.76
2008-04-30,1.24,26.95,79.35,19.21,2.96,0.75
2008-05-01,1.41,26.4,82.48,14.56,2.29,0.74
2008-05-02,2.66,26.23,83.15,16.44,2.93,0.74
2008-05-03,2.85,26.4,83.6,19.94,3.23,0.74
2008-05-04,1.74,26.17,82.43,19.8,2.83,0.74
2008-05-05,0.64,26.4,80.37,19.81,4.07,0.73
2008-05-06,0.22,26.16,77.5,20.36,3.9,0.72
2008-05-07,0.16,26.14,75.81,19.5,4.1,0.71
2008-05-08,0.01,25.72,73.91,20.96,4.05,0.71
2008-05-09,0.0,25.31,71.51,18.99,4.42,0.7
2008-05-10,0.03,25.21,70.77,20.71,3.71,0.69
2008-05-11,0.03,25.19,72.99,20.61,3.81,0.68
2008-05-12,0.01,25.09,74.12,19.71,3.11,0.67
2008-05-13,0.01,25.53,72.96,19.92,2.37,0.67
2008-05-14,0.04,25.92,74.02,20.53,3.02,0.66
2008-05-15,0.49,26.09,76.88,20.03,3.58,0.65
2008-05-16,1.05,26.12,79.51,18.7,3.6,0.65
2008-05-17,0.61,26.3,78.72,18.52,4.41,0.64
2008-05-18,1.08,26.33,77.77,19.34,3.15,0.63
2008-05-19,0.02,26.54,76.78,19.74,3.3,0.63
2008-05-20,0.0,26.63,77.1,18.4,2.53,0.62
2008-05-21,2.55,25.98,80.92,17.69,3.07,0.62
2008-05-22,0.46,25.91,75.59,19.14,4.51,0.61
2008-05-23,0.01,25.81,71.96,19.78,4.67,0.6
2008-05-24,0.0,25.56,75.16,19.33,4.12,0.6
2008-05-25,0.01,25.7,76.12,19.31,4.05,0.59
2008-05-26,0.0,25.88,76.43,18.68,4.59,0.59
2008-05-27,0.12,26.09,76.89,18.06,4.77,0.58
2008-05-28,0.12,25.89,75.82,18.85,4.85,0.57
2008-05-29,0.0,25.58,75.32,18.95,5.26,0.57
2008-05-30,0.0,25.62,74.51,17.32,4.38,0.56
2008-05-31,0.01,25.65,75.5,16.25,5.24,0.55
2008-06-01,0.03,25.74,73.3,17.91,4.54,0.55
2008-06-02,0.12,25.39,74.74,18.61,4.19,0.55
2008-06-03,0.0,25.3,71.81,18.34,4.15,0.54
2008-06-04,0.0,25.3,72.12,18.74,3.87,0.54
2008-06-05,0.0,25.57,72.74,18.45,4.24,0.53
2008-06-06,0.0,25.85,74.81,18.45,3.42,0.53
2008-06-07,0.07,26.33,76.16,18.16,3.87,0.52
2008-06-08,0.1,26.65,75.91,16.74,4.28,0.52
2008-06-09,2.0,26.76,77.06,16.92,2.38,0.52
2008-06-10,9.15,25.38,86.46,14.13,2.82,0.52
2008-06-11,1.06,25.57,83.76,11.5,4.3,0.53
2008-06-12,0.0,26.16,76.25,18.26,3.69,0.53
2008-06-13,0.03,26.06,75.08,18.92,3.07,0.52
2008-06-14,0.14,26.43,73.59,17.76,2.3,0.52
2008-06-15,0.14,26.33,72.55,17.79,3.77,0.51
2008-06-16,0.05,25.97,72.42,18.57,3.59,0.51
2008-06-17,0.01,25.69,69.55,19.61,4.06,0.51
2008-06-18,0.0,25.73,68.54,18.49,3.99,0.5
2008-06-19,0.0,25.86,66.3,19.22,3.67,0.5
2008-06-20,0.0,25.61,68.03,19.72,3.94,0.49
2008-06-21,0.03,25.55,70.35,17.58,5.52,0.49
2008-06-22,0.03,25.48,70.12,17.89,5.28,0.49
2008-06-23,0.11,25.94,70.41,18.61,3.99,0.48
2008-06-24,0.05,26.1,74.57,15.76,4.4,0.48
2008-06-25,0.21,25.62,79.25,14.17,4.47,0.48
2008-06-26,0.0,25.74,72.52,18.24,4.1,0.48
2008-06-27,0.03,25.6,71.07,18.35,2.93,0.47
2008-06-28,0.11,25.78,69.69,19.22,2.7,0.47
2008-06-29,0.0,25.77,68.72,18.9,3.09,0.47
2008-06-30,0.0,25.79,67.91,18.92,3.29,0.46
2008-07-01,0.0,26.0,69.45,16.56,3.64,0.46
2008-07-02,0.1,26.22,69.63,17.98,3.39,0.46
2008-07-03,0.0,26.48,68.68,18.12,4.03,0.45
2008-07-04,0.01,26.12,66.9,18.6,4.73,0.45
2008-07-05,0.16,25.9,67.93,18.29,4.63,0.45
2008-07-06,0.05,25.36,66.44,16.76,5.29,0.45
2008-07-07,0.0,25.44,67.08,17.34,5.58,0.44
2008-07-08,0.0,25.88,66.5,19.86,4.51,0.44
2008-07-09,0.0,25.56,65.88,18.59,5.32,0.44
2008-07-10,0.0,25.51,67.59,17.08,4.37,0.44
2008-07-11,0.0,25.95,69.36,17.25,4.25,0.43
2008-07-12,0.24,25.97,67.69,18.52,4.62,0.43
2008-07-13,0.1,26.1,69.4,17.87,5.23,0.43
2008-07-14,0.01,25.89,67.16,18.38,5.13,0.43
2008-07-15,0.0,25.39,59.8,21.52,4.58,0.42
2008-07-16,0.0,25.28,66.49,20.59,3.44,0.42
2008-07-17,0.01,25.81,66.55,19.74,3.05,0.42
2008-07-18,0.0,25.82,65.38,19.64,2.96,0.42
2008-07-19,0.0,25.8,66.61,20.26,4.86,0.41
2008-07-20,0.0,25.7,65.6,19.34,5.84,0.41
2008-07-21,0.0,25.07,68.96,18.52,6.13,0.41
2008-07-22,0.02,25.5,66.4,19.4,5.81,0.41
2008-07-23,0.0,25.78,64.34,19.88,6.03,0.41
2008-07-24,0.0,25.88,65.89,19.57,4.92,0.4
2008-07-25,0.0,25.06,64.6,19.57,4.82,0.4
2008-07-26,0.0,24.84,66.13,19.33,3.89,0.4
2008-07-27,0.79,25.12,70.23,18.43,3.58,0.4
2008-07-28,0.0,25.43,68.36,19.35,3.59,0.4
2008-07-29,0.0,25.46,67.02,20.45,2.76,0.4
2008-07-30,0.32,25.49,69.44,20.55,2.89,0.39
2008-07-31,0.05,25.76,65.59,18.64,3.33,0.39
2008-08-01,0.23,25.12,66.98,20.53,3.03,0.39
2008-08-02,0.09,24.61,67.76,21.44,2.79,0.39
2008-08-03,0.2,25.75,66.12,19.23,3.58,0.39
2008-08-04,0.02,26.0,67.88,21.14,5.3,0.39
2008-08-05,0.0,26.22,63.94,20.33,4.78,0.39
2008-08-06,0.0,26.01,65.28,21.33,4.63,0.38
2008-08-07,0.0,25.66,67.57,20.32,4.35,0.38
2008-08-08,0.02,26.03,65.55,17.2,4.5,0.38
2008-08-09,0.0,26.0,63.88,18.96,4.15,0.38
2008-08-10,0.0,26.34,63.67,19.31,3.56,0.38
2008-08-11,0.22,26.55,65.73,17.84,2.44,0.38
2008-08-12,0.59,26.17,67.73,18.42,3.3,0.38
2008-08-13,0.02,26.74,63.65,18.87,3.71,0.38
2008-08-14,0.12,26.72,62.2,20.1,4.43,0.38
2008-08-15,0.0,26.75,62.92,19.68,4.19,0.37
2008-08-16,0.12,26.94,62.58,20.61,5.03,0.37
2008-08-17,0.0,26.71,62.35,20.85,5.84,0.37
2008-08-18,0.04,26.25,61.6,19.95,5.82,0.37
2008-08-19,0.0,26.34,61.74,14.01,4.23,0.37
2008-08-20,0.1,26.78,64.04,19.32,3.89,0.37
2008-08-21,0.19,27.0,65.3,21.04,4.85,0.37
2008-08-22,0.02,27.09,66.26,17.87,4.91,0.37
2008-08-23,0.0,27.25,63.79,19.57,5.06,0.37
2008-08-24,0.02,26.95,65.38,17.89,4.47,0.37
2008-08-25,0.0,27.16,62.76,21.88,5.27,0.37
2008-08-26,0.04,27.52,65.61,20.02,4.08,0.37
2008-08-27,0.08,27.5,67.49,19.2,3.31,0.37
2008-08-28,0.06,27.83,64.98,20.9,2.71,0.37
2008-08-29,0.61,27.94,65.24,21.6,2.77,0.37
2008-08-30,0.47,28.12,65.04,20.7,3.45,0.37
2008-08-31,0.06,28.28,64.0,19.41,4.74,0.37
2008-09-01,0.02,28.06,63.41,21.46,4.32,0.37
2008-09-02,0.0,28.07,63.12,22.86,4.84,0.37
2008-09-03,0.02,27.98,65.09,21.59,5.61,0.37
2008-09-04,0.01,28.02,60.93,22.34,4.62,0.37
2008-09-05,0.81,27.61,63.18,21.2,3.94,0.37
2008-09-06,2.33,27.11,67.12,21.63,4.66,0.37
2008-09-07,0.91,27.31,66.59,21.85,4.72,0.37
2008-09-08,0.05,27.49,65.18,22.5,4.12,0.37
2008-09-09,0.11,27.93,64.58,21.8,2.98,0.37
2008-09-10,0.54,28.04,65.3,19.75,3.07,0.37
2008-09-11,0.06,28.2,63.14,20.68,2.74,0.37
2008-09-12,0.02,28.37,60.69,24.89,2.46,0.37
2008-09-13,0.0,28.56,56.9,23.96,2.28,0.37
2008-09-14,0.0,28.73,52.84,25.69,3.66,0.37
2008-09-15,0.0,28.3,58.14,22.61,3.53,0.37
2008-09-16,0.01,28.5,59.15,22.53,3.31,0.37
2008-09-17,1.37,27.96,65.55,23.4,4.4,0.37
2008-09-18,0.3,28.36,62.52,24.91,4.93,0.37
2008-09-19,0.26,27.71,67.01,25.23,4.7,0.37
2008-09-20,0.03,27.93,66.61,24.41,4.18,0.37
2008-09-21,0.07,27.77,63.82,24.61,4.46,0.37
2008-09-22,0.28,27.76,61.08,24.77,3.94,0.37
2008-09-23,0.0,27.84,60.54,26.15,4.73,0.37
2008-09-24,0.0,28.41,59.29,23.15,3.78,0.37
2008-09-25,7.84,28.41,63.59,21.67,2.58,0.38
2008-09-26,0.81,27.93,66.19,20.76,3.49,0.38
2008-09-27,0.08,27.5,63.25,24.2,5.03,0.38
2008-09-28,0.02,27.5,59.59,24.24,4.49,0.38
2008-09-29,0.18,27.96,61.39,20.54,2.6,0.38
2008-09-30,0.13,28.08,59.53,24.02,3.37,0.37
2008-10-01,0.21,28.92,54.81,23.73,2.37,0.37
2008-10-02,1.84,28.61,60.91,22.35,2.48,0.37
2008-10-03,0.66,28.86,61.35,23.35,3.75,0.37
2008-10-04,1.9,28.89,64.33,22.49,4.61,0.38
2008-10-05,0.02,28.47,65.16,21.01,4.46,0.37
2008-10-06,0.3,28.85,63.12,20.65,4.48,0.37
2008-10-07,0.83,28.45,65.85,21.58,3.04,0.37
2008-10-08,1.53,28.1,69.68,20.67,3.25,0.38
2008-10-09,1.13,27.85,70.97,23.81,2.97,0.38
2008-10-10,0.15,28.54,64.57,24.3,3.81,0.38
2008-10-11,0.13,28.81,63.56,22.23,3.14,0.37
2008-10-12,1.41,29.38,62.01,22.87,3.5,0.37
2008-10-13,0.46,28.72,67.11,24.25,3.8,0.37
2008-10-14,0.18,29.31,62.04,21.84,2.99,0.37
2008-10-15,1.96,29.58,59.32,24.55,2.57,0.37
2008-10-16,0.61,29.7,61.32,24.34,3.25,0.37
2008-10-17,0.75,29.29,65.28,23.89,4.21,0.37
2008-10-18,0.24,29.09,65.04,20.3,3.85,0.37
2008-10-19,1.44,29.04,65.72,23.98,4.05,0.37
2008-10-20,0.48,29.49,63.4,24.9,3.72,0.37
2008-10-21,0.2,29.78,62.73,23.49,2.95,0.37
2008-10-22,0.05,30.07,61.39,24.58,3.63,0.37
2008-10-23,3.97,29.85,62.94,21.94,3.12,0.38
2008-10-24,0.22,29.81,61.4,23.32,3.34,0.38
2008-10-25,4.96,28.9,65.72,16.34,3.42,0.38
2008-10-26,0.81,28.99,63.57,22.64,2.37,0.38
2008-10-27,1.39,28.75,61.03,19.0,1.99,0.38
2008-10-28,0.05,29.43,56.93,25.53,2.38,0.38
2008-10-29,25.52,28.28,67.75,23.16,3.56,0.39
2008-10-30,2.63,27.53,66.05,21.23,2.35,0.42
2008-10-31,0.74,28.49,64.65,24.48,1.9,0.42
2008-11-01,12.85,27.47,74.08,18.55,1.97,0.42
2008-11-02,13.18,27.05,81.26,21.18,1.99,0.45
2008-11-03,2.8,28.41,70.99,23.53,1.99,0.46
2008-11-04,2.8,28.76,65.62,23.16,2.87,0.45
2008-11-05,3.72,28.64,66.74,23.17,1.57,0.45
2008-11-06,1.29,28.91,64.71,21.62,1.61,0.45
2008-11-07,1.13,28.95,63.9,21.76,1.55,0.45
2008-11-08,0.81,29.38,63.83,23.08,2.24,0.44
2008-11-09,14.74,28.78,68.66,22.56,1.57,0.45
2008-11-10,11.12,27.96,75.91,22.28,2.24,0.48
2008-11-11,4.06,28.29,72.88,22.19,2.26,0.48
2008-11-12,9.63,28.69,71.49,20.23,1.94,0.48
2008-11-13,10.19,28.13,75.38,19.36,1.49,0.5
2008-11-14,6.32,27.45,77.71,23.22,1.87,0.51
2008-11-15,2.39,27.41,77.69,20.64,1.63,0.51
2008-11-16,0.56,28.6,70.1,21.59,1.63,0.51
2008-11-17,3.0,28.05,75.38,18.43,2.26,0.5
2008-11-18,4.55,27.69,78.79,17.16,2.15,0.51
2008-11-19,4.15,27.23,81.12,17.03,1.92,0.51
2008-11-20,17.36,27.82,77.75,20.05,1.06,0.53
2008-11-21,2.66,28.26,75.02,22.18,0.96,0.55
2008-11-22,3.03,28.1,78.34,19.82,1.72,0.54
2008-11-23,8.11,28.06,77.26,14.9,1.6,0.55
2008-11-24,6.35,26.89,81.61,17.31,2.09,0.55
2008-11-25,5.91,27.69,76.55,16.66,1.54,0.56
2008-11-26,8.84,27.09,80.91,14.81,2.26,0.56
2008-11-27,6.44,26.44,83.84,14.68,1.56,0.57
2008-11-28,2.67,26.69,81.16,14.11,2.58,0.58
2008-11-29,3.95,25.82,87.09,15.34,2.0,0.58
2008-11-30,1.5,26.16,84.06,22.52,1.33,0.58
2008-12-01,0.75,26.7,81.43,19.77,2.51,0.57
2008-12-02,0.53,26.91,77.4,20.84,2.22,0.57
2008-12-03,0.19,27.57,73.95,24.63,1.82,0.56
2008-12-04,0.8,28.03,72.79,18.95,1.05,0.56
2008-12-05,6.99,27.64,75.68,21.66,1.38,0.56
2008-12-06,12.19,27.76,77.08,21.34,1.15,0.57
2008-12-07,7.72,27.52,78.1,21.14,0.99,0.59
2008-12-08,12.67,27.16,79.82,14.71,1.09,0.6
2008-12-09,10.06,26.35,84.44,18.92,2.43,0.61
2008-12-10,4.6,26.42,84.56,13.56,2.09,0.62
2008-12-11,4.94,26.54,84.68,17.29,3.32,0.62
2008-12-12,9.97,26.12,85.66,15.29,2.38,0.63
2008-12-13,20.46,25.95,86.66,14.49,2.81,0.65
2008-12-14,13.76,26.1,84.99,17.07,1.45,0.68
2008-12-15,17.74,26.09,84.51,16.6,2.11,0.7
2008-12-16,15.63,25.58,85.65,17.71,2.62,0.72
2008-12-17,13.92,26.51,79.29,20.1,1.73,0.73
2008-12-18,8.32,25.73,86.46,14.38,1.64,0.74
2008-12-19,6.37,26.56,80.75,20.15,1.38,0.74
2008-12-20,32.43,26.31,82.75,15.78,2.12,0.77
2008-12-21,13.21,26.41,82.42,19.64,1.59,0.8
2008-12-22,5.69,26.47,82.95,21.49,2.51,0.8
2008-12-23,0.98,26.56,82.78,19.79,1.5,0.8
2008-12-24,0.28,27.04,78.34,23.25,1.0,0.8
2008-12-25,0.49,27.54,74.77,24.19,1.42,0.79
2008-12-26,1.28,27.39,74.68,23.79,2.17,0.78
2008-12-27,2.66,26.41,83.12,14.82,2.93,0.77
2008-12-28,2.67,26.21,84.02,16.41,3.15,0.77
2008-12-29,3.69,26.02,84.96,16.88,2.56,0.77
2008-12-30,19.69,25.79,85.56,14.96,2.94,0.78
2008-12-31,12.95,25.39,85.2,12.42,2.2,0.81
2009-01-01,3.86,25.83,77.84,16.05,2.7,0.81
2009-01-02,1.73,26.1,80.52,18.38,2.08,0.8
2009-01-03,16.72,27.15,77.73,21.15,1.73,0.8
2009-01-04,39.31,25.93,87.41,16.18,3.12,0.85
2009-01-05,42.29,25.9,89.42,12.16,1.84,0.89
2009-01-06,6.25,27.03,76.4,21.32,1.29,0.9
2009-01-07,3.96,26.55,85.53,20.27,1.69,0.89
2009-01-08,10.21,26.35,81.81,16.42,0.81,0.89
2009-01-09,7.57,26.68,82.26,21.07,2.35,0.9
2009-01-10,3.39,26.25,84.08,19.28,3.25,0.9
2009-01-11,10.23,26.4,75.69,17.49,2.38,0.9
2009-01-12,13.22,26.36,79.06,17.42,2.15,0.9
2009-01-13,6.45,25.8,84.64,16.29,3.28,0.91
2009-01-14,3.38,25.59,87.4,14.4,4.31,0.9
2009-01-15,4.59,25.23,87.43,10.3,4.06,0.9
2009-01-16,2.37,26.01,83.67,16.82,3.58,0.9
2009-01-17,1.46,25.88,85.36,18.25,2.56,0.89
2009-01-18,0.99,26.75,79.89,18.37,2.74,0.89
2009-01-19,1.3,26.4,82.28,24.24,2.8,0.88
2009-01-20,1.99,26.66,82.41,22.84,2.18,0.87
2009-01-21,1.99,27.04,80.97,21.17,1.03,0.87
2009-01-22,0.2,26.59,84.0,21.98,1.16,0.86
2009-01-23,6.93,26.58,85.46,18.27,2.31,0.86
2009-01-24,0.76,26.53,84.63,22.0,2.7,0.86
2009-01-25,0.02,26.62,81.84,22.56,3.03,0.85
2009-01-26,27.41,26.41,86.08,20.63,2.97,0.86
2009-01-27,12.5,26.42,86.76,20.04,2.95,0.88
2009-01-28,17.47,26.23,89.29,17.0,3.32,0.89
2009-01-29,11.36,26.03,88.27,15.01,2.91,0.9
2009-01-30,3.93,25.66,88.47,14.1,2.56,0.9
2009-01-31,4.06,25.33,86.24,14.2,2.14,0.9
2009-02-01,6.83,26.07,86.33,17.75,2.67,0.9
2009-02-02,12.75,25.94,87.96,17.01,3.02,0.91
2009-02-03,10.47,26.02,86.23,15.24,3.86,0.92
2009-02-04,0.95,26.16,84.7,19.04,4.0,0.91
2009-02-05,3.41,25.93,86.36,17.08,5.7,0.9
2009-02-06,13.85,26.01,88.26,14.97,6.83,0.91
2009-02-07,12.01,25.75,87.97,15.39,6.03,0.92
2009-02-08,3.97,25.96,86.95,17.74,4.16,0.92
2009-02-09,0.96,25.73,88.93,20.44,2.17,0.91
2009-02-10,13.46,25.62,85.83,14.72,3.0,0.91
2009-02-11,7.69,25.62,85.83,14.58,3.27,0.92
2009-02-12,6.65,25.8,83.91,19.87,4.28,0.92
2009-02-13,9.22,25.72,85.29,18.15,4.22,0.92
2009-02-14,4.69,25.59,86.15,20.2,3.38,0.92
2009-02-15,11.93,25.5,86.95,19.44,3.02,0.92
2009-02-16,4.79,25.27,88.22,10.36,4.87,0.92
2009-02-17,9.47,25.36,87.9,19.57,3.53,0.92
2009-02-18,1.53,25.58,85.84,18.89,2.82,0.92
2009-02-19,9.45,25.98,82.16,15.52,1.4,0.92
2009-02-20,17.08,26.25,80.19,19.52,1.64,0.92
2009-02-21,11.78,26.73,77.85,21.91,1.49,0.93
2009-02-22,4.27,27.01,78.36,20.83,1.47,0.93
2009-02-23,4.07,27.31,73.24,22.74,0.85,0.92
2009-02-24,4.71,27.24,76.83,21.14,0.91,0.91
2009-02-25,2.9,26.89,82.15,20.96,2.09,0.91
2009-02-26,2.02,26.44,84.62,19.67,2.13,0.9
2009-02-27,1.7,26.08,85.41,17.5,1.74,0.9
2009-02-28,6.5,26.21,88.3,15.74,3.32,0.9
2009-03-01,63.24,25.81,89.04,11.69,2.33,0.92
2009-03-02,14.68,25.62,86.47,14.41,2.29,0.96
2009-03-03,8.89,25.88,84.33,14.66,1.3,0.96
2009-03-04,6.95,26.39,81.48,16.76,0.92,0.96
2009-03-05,2.68,25.8,85.6,13.26,1.28,0.96
2009-03-06,2.12,26.22,84.77,20.67,2.36,0.95
2009-03-07,13.75,26.54,84.93,22.04,1.64,0.95
2009-03-08,7.81,27.78,74.18,22.82,0.71,0.96
2009-03-09,1.02,27.38,78.03,23.01,2.23,0.95
2009-03-10,1.67,27.13,76.8,22.37,1.65,0.93
2009-03-11,3.43,26.72,79.49,22.38,1.81,0.93
2009-03-12,1.16,26.87,77.54,20.77,1.94,0.92
2009-03-13,1.2,26.68,81.1,22.81,2.99,0.91
2009-03-14,0.1,26.86,78.01,24.01,2.6,0.9
2009-03-15,1.38,26.88,79.61,21.41,2.83,0.89
2009-03-16,1.06,26.74,79.27,19.37,2.4,0.88
2009-03-17,1.05,26.47,82.92,20.2,2.51,0.87
2009-03-18,0.46,26.48,83.81,22.71,2.93,0.86
2009-03-19,0.15,26.76,79.69,22.71,1.37,0.86
2009-03-20,0.19,26.69,79.37,24.19,1.66,0.85
2009-03-21,0.03,26.91,76.55,24.15,1.68,0.84
2009-03-22,0.01,27.04,71.85,22.29,1.9,0.83
2009-03-23,0.01,27.01,73.59,22.52,1.35,0.83
2009-03-24,0.0,27.43,71.46,23.13,1.32,0.81
2009-03-25,0.0,27.65,72.14,24.03,1.44,0.8
2009-03-26,0.57,27.45,76.33,23.1,2.04,0.79
2009-03-27,0.56,27.25,76.14,23.29,1.99,0.78
2009-03-28,5.1,26.83,78.91,20.15,1.9,0.78
2009-03-29,1.67,27.04,75.9,22.15,1.54,0.78
2009-03-30,1.09,27.72,72.56,21.52,1.04,0.77
2009-03-31,2.46,27.84,74.31,21.12,1.13,0.77
2009-04-01,3.44,27.51,76.82,21.62,1.2,0.76
2009-04-02,4.89,27.14,82.58,20.7,1.98,0.76
2009-04-03,55.19,26.58,84.45,20.04,2.03,0.8
2009-04-04,5.61,27.15,79.86,22.71,3.03,0.84
2009-04-05,0.01,27.5,76.62,21.86,2.54,0.82
2009-04-06,0.07,26.81,75.53,21.87,2.53,0.81
2009-04-07,0.04,26.68,75.27,21.07,2.55,0.8
2009-04-08,0.01,26.77,76.08,22.24,1.97,0.79
2009-04-09,0.15,27.12,78.69,21.98,2.45,0.78
2009-04-10,0.42,27.42,79.51,21.84,2.76,0.77
2009-04-11,1.23,27.51,80.8,21.94,2.26,0.76
2009-04-12,0.56,27.67,81.21,21.46,2.78,0.76
2009-04-13,1.52,27.29,85.19,18.83,1.72,0.75
2009-04-14,0.74,27.62,82.47,19.41,2.36,0.75
2009-04-15,0.33,27.73,80.78,21.44,2.62,0.74
2009-04-16,2.71,27.51,81.23,19.37,2.15,0.74
2009-04-17,4.8,27.15,82.6,20.84,2.33,0.74
2009-04-18,2.7,27.17,80.54,18.55,1.48,0.74
2009-04-19,5.63,27.03,81.62,19.96,1.94,0.74
2009-04-20,1.62,26.7,81.75,18.95,1.44,0.74
2009-04-21,0.73,27.21,77.73,21.65,1.66,0.74
2009-04-22,1.33,27.44,76.74,21.03,1.4,0.73
2009-04-23,0.45,27.48,74.38,20.47,2.03,0.72
2009-04-24,0.08,27.47,73.45,21.73,2.21,0.71
2009-04-25,0.0,27.44,76.15,21.2,2.44,0.7
2009-04-26,0.28,27.28,78.19,21.65,2.38,0.7
2009-04-27,1.17,27.29,76.83,20.52,1.54,0.69
2009-04-28,0.03,27.25,77.02,21.7,2.03,0.68
2009-04-29,0.02,27.27,76.99,22.3,3.13,0.67
2009-04-30,0.0,26.78,73.0,22.13,3.82,0.66
2009-05-01,0.0,26.64,71.78,19.62,3.45,0.66
2009-05-02,0.02,26.94,70.9,20.06,3.38,0.65
2009-05-03,0.29,26.79,74.85,21.43,3.2,0.64
2009-05-04,0.42,27.04,78.15,19.28,3.41,0.63
2009-05-05,0.9,27.08,81.16,18.95,3.12,0.63
2009-05-06,4.06,26.65,85.22,18.28,3.3,0.63
2009-05-07,3.73,26.61,83.72,18.35,2.44,0.63
2009-05-08,15.87,26.08,87.9,18.41,3.67,0.64
2009-05-09,6.8,26.11,85.1,19.29,3.38,0.66
2009-05-10,5.83,26.18,85.38,18.23,2.66,0.66
2009-05-11,3.86,25.94,83.14,13.5,2.53,0.67
2009-05-12,3.65,25.61,85.11,16.04,3.39,0.67
2009-05-13,1.06,25.02,79.5,18.04,3.41,0.67
2009-05-14,0.02,26.3,77.99,19.43,3.74,0.66
2009-05-15,1.54,26.62,79.31,16.22,2.55,0.65
2009-05-16,0.22,26.84,79.69,16.23,2.32,0.65
2009-05-17,0.0,27.49,76.0,18.21,1.57,0.64
2009-05-18,0.03,27.85,71.88,18.29,1.07,0.63
2009-05-19,2.94,26.96,80.5,18.37,1.92,0.63
2009-05-20,2.18,26.9,79.65,18.9,2.93,0.63
2009-05-21,5.73,26.46,79.95,16.96,2.82,0.63
2009-05-22,2.84,26.36,79.28,16.76,2.76,0.63
2009-05-23,1.74,26.82,79.44,18.1,2.17,0.62
2009-05-24,3.02,26.87,79.61,16.19,1.99,0.62
2009-05-25,4.48,26.8,81.57,19.03,2.96,0.62
2009-05-26,3.34,26.95,81.85,17.34,2.41,0.62
2009-05-27,2.82,25.43,86.72,13.43,2.76,0.62
2009-05-28,0.19,26.45,80.04,15.42,2.23,0.62
2009-05-29,0.01,26.85,77.55,17.68,1.83,0.61
2009-05-30,0.0,26.77,76.74,18.62,1.84,0.6
2009-05-31,0.11,26.81,77.09,19.17,2.4,0.6
2009-06-01,0.02,27.08,76.61,19.01,2.53,0.59
2009-06-02,1.02,26.93,77.52,17.62,2.8,0.59
2009-06-03,0.03,26.66,77.37,18.08,2.99,0.58
2009-06-04,0.06,26.41,76.47,17.37,2.73,0.58
2009-06-05,0.2,26.45,76.33,18.58,2.89,0.57
2009-06-06,0.46,26.24,80.16,16.52,3.13,0.57
2009-06-07,0.02,26.68,76.67,18.06,3.16,0.56
2009-06-08,0.19,26.64,76.84,17.38,2.69,0.56
2009-06-09,0.38,26.8,73.99,18.92,2.82,0.55
2009-06-10,0.23,26.68,71.71,18.13,2.86,0.55
2009-06-11,0.09,26.4,73.13,17.84,2.61,0.54
2009-06-12,0.14,26.3,71.28,18.72,3.19,0.54
2009-06-13,0.0,25.69,67.76,20.81,3.77,0.53
2009-06-14,0.0,25.62,66.52,21.54,3.15,0.53
2009-06-15,0.0,25.71,68.37,19.9,3.11,0.52
2009-06-16,0.0,25.87,70.29,17.93,2.85,0.52
2009-06-17,0.03,26.52,69.16,18.96,2.85,0.51
2009-06-18,0.0,26.56,72.53,18.8,3.45,0.51
2009-06-19,0.03,26.55,71.58,19.6,4.27,0.5
2009-06-20,0.0,26.26,67.72,20.5,4.31,0.5
2009-06-21,0.0,26.17,65.23,20.13,3.74,0.5
2009-06-22,0.01,25.91,66.14,18.41,3.28,0.49
2009-06-23,0.0,25.63,68.2,19.8,2.65,0.49
2009-06-24,0.0,25.66,67.98,19.75,2.5,0.48
2009-06-25,0.17,25.96,68.98,19.14,2.25,0.48
2009-06-26,0.04,26.77,66.74,18.85,2.9,0.48
2009-06-27,0.14,27.01,72.75,18.22,3.59,0.48
2009-06-28,0.01,26.67,70.56,19.53,4.89,0.47
2009-06-29,0.0,26.11,66.49,19.53,3.92,0.47
2009-06-30,0.0,25.91,67.02,19.24,3.33,0.47
2009-07-01,0.02,26.62,69.8,18.14,3.73,0.46
2009-07-02,0.19,26.8,71.2,16.98,3.66,0.46
2009-07-03,0.02,27.01,68.72,19.26,3.18,0.46
2009-07-04,0.0,26.61,67.97,19.77,3.0,0.45
2009-07-05,0.08,26.85,67.5,18.98,3.42,0.45
2009-07-06,0.01,26.69,63.23,20.44,4.22,0.45
2009-07-07,0.0,25.79,62.72,21.73,5.02,0.45
2009-07-08,0.0,25.64,64.34,20.85,4.29,0.44
2009-07-09,0.0,25.84,63.34,19.35,4.19,0.44
2009-07-10,0.0,25.58,60.17,20.57,4.44,0.44
2009-07-11,0.01,25.15,59.33,21.04,4.1,0.43
2009-07-12,0.03,25.35,61.23,21.15,4.54,0.43
2009-07-13,0.0,25.69,64.73,17.75,4.33,0.43
2009-07-14,0.17,26.44,64.39,17.15,4.51,0.43
2009-07-15,1.68,26.43,63.51,19.55,4.33,0.43
2009-07-16,0.0,26.16,64.96,19.32,4.98,0.43
2009-07-17,0.04,26.03,67.94,18.63,4.56,0.42
2009-07-18,0.08,26.08,69.22,16.8,3.06,0.42
2009-07-19,0.13,26.58,69.93,15.82,2.11,0.42
2009-07-20,0.75,26.76,69.72,14.38,2.43,0.42
2009-07-21,0.38,26.79,74.02,18.24,3.81,0.42
2009-07-22,0.86,27.21,72.45,13.53,3.17,0.42
2009-07-23,1.2,27.59,69.07,18.97,2.74,0.41
2009-07-24,0.36,27.45,67.69,18.6,3.2,0.41
2009-07-25,0.0,26.99,65.61,20.31,3.83,0.41
2009-07-26,0.0,26.78,67.83,20.2,4.83,0.41
2009-07-27,0.01,26.71,67.8,19.89,4.59,0.41
2009-07-28,0.0,26.71,65.33,21.32,4.01,0.4
2009-07-29,0.02,26.14,64.29,18.89,4.62,0.4
2009-07-30,0.01,25.92,60.13,18.96,4.27,0.4
2009-07-31,0.06,25.99,58.54,19.95,4.14,0.4
2009-08-01,0.09,26.43,61.5,18.06,4.69,0.39
2009-08-02,0.01,25.95,66.3,18.49,5.1,0.39
2009-08-03,0.0,26.23,66.11,19.19,4.64,0.39
2009-08-04,0.01,26.88,64.75,19.3,2.6,0.39
2009-08-05,0.01,26.9,67.31,19.65,3.45,0.39
2009-08-06,0.0,26.68,66.7,20.0,4.02,0.39
2009-08-07,0.01,26.26,66.82,19.58,4.6,0.38
2009-08-08,0.03,25.82,66.67,15.99,3.47,0.38
2009-08-09,0.0,26.56,64.6,19.85,2.78,0.38
2009-08-10,0.0,26.98,67.25,19.91,2.43,0.38
2009-08-11,0.0,27.42,66.86,17.61,2.49,0.38
2009-08-12,0.0,27.27,66.5,18.63,2.92,0.38
2009-08-13,0.02,26.98,69.31,16.61,2.91,0.38
2009-08-14,0.01,26.84,68.45,19.43,3.53,0.37
2009-08-15,0.01,27.25,63.38,19.71,2.77,0.37
2009-08-16,0.0,27.61,61.43,22.02,3.48,0.37
2009-08-17,0.01,27.54,63.0,22.41,4.09,0.37
2009-08-18,0.01,27.17,62.06,23.48,3.3,0.37
2009-08-19,0.0,26.83,59.89,23.05,5.21,0.37
2009-08-20,0.0,26.87,60.88,20.07,4.84,0.37
2009-08-21,0.0,27.14,62.31,21.78,2.94,0.37
2009-08-22,0.0,27.06,60.85,22.46,3.9,0.37
2009-08-23,0.0,27.14,59.28,21.44,3.62,0.37
2009-08-24,0.0,26.82,58.02,22.29,4.41,0.37
2009-08-25,0.01,26.64,58.31,22.22,4.0,0.37
2009-08-26,0.0,26.71,57.8,22.01,3.93,0.37
2009-08-27,0.0,26.71,61.09,22.9,4.08,0.37
2009-08-28,0.06,27.13,64.66,21.67,3.19,0.37
2009-08-29,0.02,27.0,69.25,17.12,4.78,0.37
2009-08-30,0.23,27.25,65.44,21.6,4.22,0.37
2009-08-31,0.4,26.84,69.06,20.69,4.73,0.37
2009-09-01,0.01,27.3,68.03,19.53,3.67,0.37
2009-09-02,1.22,26.76,73.3,17.37,6.01,0.37
2009-09-03,0.4,27.6,63.72,18.89,4.17,0.37
2009-09-04,0.01,27.53,61.85,22.26,3.09,0.37
2009-09-05,0.0,27.57,63.63,22.8,3.54,0.37
2009-09-06,0.06,27.75,64.17,19.67,4.31,0.37
2009-09-07,0.23,27.63,66.97,17.39,3.83,0.37
2009-09-08,0.44,28.22,62.99,22.49,3.6,0.37
2009-09-09,2.78,28.27,65.38,22.77,2.79,0.37
2009-09-10,1.16,28.29,65.89,22.81,3.13,0.37
2009-09-11,0.11,28.43,63.77,23.12,3.28,0.37
2009-09-12,0.01,28.23,64.08,22.06,2.89,0.37
2009-09-13,0.0,28.52,61.64,21.4,3.24,0.37
2009-09-14,0.01,28.06,65.1,21.74,3.39,0.37
2009-09-15,0.0,28.59,62.35,23.11,3.05,0.37
2009-09-16,0.42,28.79,63.47,22.02,4.48,0.37
2009-09-17,0.2,28.51,64.17,21.41,3.92,0.37
2009-09-18,0.0,28.86,60.18,22.68,4.01,0.37
2009-09-19,0.05,28.46,61.31,20.25,4.25,0.37
2009-09-20,0.37,27.4,65.11,20.75,4.45,0.37
2009-09-21,1.92,26.94,70.42,18.92,4.61,0.37
2009-09-22,0.56,26.64,74.51,19.82,5.62,0.37
2009-09-23,0.43,27.92,68.04,22.09,4.45,0.37
2009-09-24,0.36,28.33,66.07,25.06,4.61,0.37
2009-09-25,0.6,28.14,63.69,25.13,4.53,0.37
2009-09-26,0.85,28.21,66.33,24.69,4.35,0.37
2009-09-27,1.04,28.33,64.52,24.13,4.18,0.37
2009-09-28,1.84,28.5,63.5,22.48,3.42,0.37
2009-09-29,0.63,28.53,65.32,23.74,2.1,0.38
2009-09-30,0.13,28.0,65.52,20.9,3.69,0.37
2009-10-01,0.14,27.59,70.66,19.78,5.5,0.37
2009-10-02,1.58,27.43,69.23,18.55,5.6,0.37
2009-10-03,0.71,27.85,64.57,19.71,5.12,0.38
2009-10-04,0.08,28.45,62.73,22.83,4.1,0.37
2009-10-05,0.15,29.03,60.41,23.93,3.9,0.37
2009-10-06,0.88,28.47,66.6,23.02,4.43,0.37
2009-10-07,0.65,28.38,67.42,21.29,4.2,0.37
2009-10-08,0.52,28.84,61.96,21.13,3.44,0.37
2009-10-09,0.16,29.01,61.4,24.29,4.13,0.37
2009-10-10,0.14,29.09,60.81,23.79,2.9,0.37
2009-10-11,0.41,29.08,59.6,23.48,2.76,0.37
2009-10-12,0.17,29.26,56.84,24.52,3.36,0.37
2009-10-13,0.0,28.99,55.01,24.49,3.93,0.37
2009-10-14,0.0,28.74,55.33,24.96,3.51,0.37
2009-10-15,0.0,28.95,56.27,25.37,3.07,0.37
2009-10-16,0.01,29.02,59.9,24.93,3.16,0.37
2009-10-17,0.02,29.38,61.4,24.46,3.49,0.37
2009-10-18,0.05,29.08,65.29,24.18,3.56,0.37
2009-10-19,0.04,29.17,63.94,24.18,3.4,0.37
2009-10-20,0.05,29.6,56.79,24.16,2.81,0.37
2009-10-21,0.02,29.56,58.98,24.69,2.44,0.37
2009-10-22,8.02,29.09,64.02,21.12,3.19,0.38
2009-10-23,5.55,28.07,70.21,21.79,2.48,0.39
2009-10-24,3.67,27.56,73.75,23.57,2.26,0.39
2009-10-25,0.11,28.81,62.36,24.52,2.57,0.39
2009-10-26,0.06,28.93,60.83,24.57,2.19,0.39
2009-10-27,1.28,28.75,59.5,25.58,2.41,0.38
2009-10-28,0.0,29.31,53.26,25.42,2.07,0.38
2009-10-29,0.0,29.5,57.07,25.0,2.4,0.38
2009-10-30,0.0,29.62,56.35,24.8,2.56,0.38
2009-10-31,2.63,29.02,61.53,25.35,3.16,0.38
2009-11-01,3.62,28.7,64.29,21.45,2.63,0.38
2009-11-02,0.25,28.08,68.32,24.1,4.0,0.38
2009-11-03,0.02,29.16,62.01,24.81,3.36,0.38
2009-11-04,0.0,29.86,60.79,25.29,2.83,0.37
2009-11-05,0.01,29.89,60.57,24.43,2.73,0.37
2009-11-06,1.83,30.1,53.9,25.01,3.05,0.37
2009-11-07,0.87,29.77,58.75,22.88,2.97,0.37
2009-11-08,0.11,30.33,57.4,22.87,2.65,0.37
2009-11-09,0.0,29.52,62.93,21.61,2.8,0.37
2009-11-10,0.44,29.78,60.83,24.33,2.77,0.37
2009-11-11,0.19,29.76,62.75,25.42,2.7,0.37
2009-11-12,1.75,29.8,64.62,22.12,2.48,0.37
2009-11-13,3.82,29.84,64.02,24.1,2.78,0.38
2009-11-14,1.42,29.6,63.21,22.74,2.27,0.38
2009-11-15,0.41,29.55,62.98,22.67,1.83,0.38
2009-11-16,0.02,30.18,57.67,21.9,1.66,0.38
2009-11-17,0.05,30.36,56.08,24.03,1.32,0.37
2009-11-18,2.95,30.15,57.96,22.26,1.15,0.37
2009-11-19,3.66,29.25,63.03,20.41,1.0,0.38
2009-11-20,0.54,28.39,66.72,22.24,2.95,0.38
2009-11-21,1.41,28.88,64.58,22.68,3.39,0.38
2009-11-22,0.3,29.34,62.63,25.29,3.71,0.38
2009-11-23,0.02,29.4,62.17,25.49,4.23,0.37
2009-11-24,0.39,29.89,61.59,25.35,2.73,0.37
2009-11-25,1.63,29.59,60.19,21.5,1.97,0.37
2009-11-26,2.56,28.67,64.25,21.53,1.52,0.38
2009-11-27,0.85,28.78,63.52,23.65,1.09,0.38
2009-11-28,1.28,29.16,65.63,24.8,3.11,0.38
2009-11-29,6.39,28.84,70.11,22.93,2.28,0.39
2009-11-30,2.5,29.21,68.98,23.51,2.6,0.39
2009-12-01,0.6,29.52,63.24,24.94,2.36,0.38
2009-12-02,0.03,29.55,61.87,24.41,1.7,0.38
2009-12-03,9.27,28.41,68.26,22.25,1.5,0.38
2009-12-04,3.09,28.43,68.03,23.93,1.25,0.4
2009-12-05,1.25,29.07,63.73,24.03,1.91,0.4
2009-12-06,0.33,29.77,58.85,25.3,2.06,0.39
2009-12-07,6.19,29.82,62.1,24.75,1.46,0.4
2009-12-08,2.88,29.12,68.26,24.29,1.2,0.4
2009-12-09,1.07,29.4,66.14,24.51,1.11,0.4
2009-12-10,0.13,30.0,61.87,25.0,1.9,0.4
2009-12-11,0.2,30.13,61.45,24.49,1.47,0.39
2009-12-12,1.97,29.34,64.96,23.46,1.44,0.39
2009-12-13,1.45,28.05,72.68,20.96,1.71,0.39
2009-12-14,3.87,27.7,74.03,21.93,1.64,0.4
2009-12-15,19.38,27.47,77.14,20.53,1.9,0.41
2009-12-16,14.85,26.67,82.91,17.05,3.68,0.45
2009-12-17,4.28,27.69,75.29,22.06,2.73,0.46
2009-12-18,19.95,27.14,79.98,19.94,3.11,0.47
2009-12-19,9.17,27.64,75.97,21.6,2.44,0.51
2009-12-20,8.24,26.86,79.79,19.94,3.54,0.51
2009-12-21,1.62,26.94,76.21,13.04,4.61,0.51
2009-12-22,7.83,27.03,75.49,15.88,2.11,0.51
2009-12-23,2.58,28.01,72.05,19.65,1.02,0.52
2009-12-24,1.33,28.05,74.5,21.44,2.21,0.52
2009-12-25,3.98,27.47,78.84,20.75,1.72,0.51
2009-12-26,1.12,27.69,73.71,21.95,1.66,0.52
2009-12-27,2.04,28.16,69.84,21.7,1.07,0.51
2009-12-28,18.93,27.35,76.36,15.67,1.39,0.52
2009-12-29,8.92,27.09,76.74,19.87,1.3,0.56
2009-12-30,3.81,27.33,78.97,20.04,1.98,0.56
2009-12-31,2.37,27.75,76.7,21.28,2.05,0.55
2010-01-01,0.83,28.03,76.65,22.85,1.85,0.55
2010-01-02,0.69,28.59,74.33,24.2,1.55,0.54
2010-01-03,1.72,27.79,80.77,20.63,1.82,0.54
2010-01-04,5.31,27.19,83.0,19.1,2.84,0.55
2010-01-05,3.59,27.84,75.47,19.73,2.84,0.55
2010-01-06,12.64,27.17,79.17,16.16,3.81,0.56
2010-01-07,17.46,26.79,78.27,18.61,2.85,0.58
2010-01-08,8.16,26.94,78.16,20.72,2.61,0.59
2010-01-09,7.42,27.05,76.38,18.95,2.41,0.59
2010-01-10,10.63,26.6,78.06,18.88,2.71,0.61
2010-01-11,2.0,27.71,72.46,21.33,3.09,0.61
2010-01-12,0.79,27.5,74.53,18.09,3.67,0.6
2010-01-13,3.73,26.94,79.84,16.51,3.49,0.59
2010-01-14,10.1,26.85,79.74,13.83,4.11,0.6
2010-01-15,6.18,26.54,81.52,15.38,5.02,0.61
2010-01-16,29.04,26.24,86.62,10.93,4.07,0.63
2010-01-17,17.42,26.11,82.91,11.43,3.67,0.68
2010-01-18,5.77,26.25,79.83,14.5,2.83,0.68
2010-01-19,0.45,26.38,80.66,22.09,3.91,0.67
2010-01-20,3.49,26.59,78.21,20.34,3.43,0.67
2010-01-21,3.37,26.99,76.59,22.54,2.91,0.67
2010-01-22,12.96,26.49,81.75,18.2,3.45,0.67
2010-01-23,15.77,26.23,85.83,19.32,2.9,0.69
2010-01-24,11.46,26.48,85.99,21.37,2.47,0.7
2010-01-25,10.8,26.68,82.87,23.66,1.84,0.71
2010-01-26,10.7,26.31,81.29,20.53,2.13,0.73
2010-01-27,26.28,26.18,82.47,22.87,1.75,0.75
2010-01-28,8.96,26.35,82.64,22.05,2.45,0.78
2010-01-29,4.22,26.81,83.09,20.4,2.38,0.77
2010-01-30,8.11,26.42,85.28,22.24,2.17,0.77
2010-01-31,10.71,26.67,85.89,21.46,2.99,0.78
2010-02-01,7.03,26.17,88.65,7.77,3.24,0.8
2010-02-02,2.72,25.99,86.52,19.09,3.06,0.79
2010-02-03,8.84,26.54,84.56,18.49,2.7,0.79
2010-02-04,6.41,26.48,84.74,18.73,2.77,0.8
2010-02-05,3.21,26.89,81.68,20.11,1.79,0.8
2010-02-06,9.57,26.18,85.48,16.95,2.25,0.8
2010-02-07,13.78,26.49,81.58,17.29,2.19,0.82
2010-02-08,1.42,27.08,79.12,21.87,1.83,0.82
2010-02-09,21.41,27.16,80.44,23.05,1.08,0.82
2010-02-10,4.7,27.36,80.84,23.33,1.27,0.84
2010-02-11,2.24,26.77,85.92,22.27,1.69,0.83
2010-02-12,0.44,27.56,78.74,21.45,2.13,0.83
2010-02-13,0.36,27.3,82.17,22.1,2.55,0.81
2010-02-14,1.32,27.47,81.16,18.04,1.66,0.81
2010-02-15,0.98,27.27,84.38,22.43,1.71,0.8
2010-02-16,2.47,28.15,76.48,24.43,1.15,0.8
2010-02-17,2.25,27.32,81.1,20.48,1.19,0.8
2010-02-18,4.99,27.44,82.67,19.18,1.38,0.79
2010-02-19,2.12,27.54,79.02,20.34,1.58,0.8
2010-02-20,1.26,27.54,80.07,17.67,1.32,0.79
2010-02-21,1.06,27.25,83.84,19.3,2.1,0.79
2010-02-22,1.77,27.67,79.72,20.72,1.82,0.78
2010-02-23,2.29,27.57,80.14,21.12,1.61,0.78
2010-02-24,7.33,27.5,80.21,22.53,1.03,0.78
2010-02-25,9.88,27.7,80.31,21.5,1.95,0.79
2010-02-26,6.55,27.31,82.07,20.91,2.6,0.8
2010-02-27,0.42,27.67,82.25,23.04,1.94,0.79
2010-02-28,1.81,27.73,82.82,21.08,2.05,0.79
2010-03-01,2.24,27.45,83.85,20.55,2.05,0.79
2010-03-02,3.23,27.48,80.62,20.65,1.64,0.78
2010-03-03,1.69,26.86,83.14,19.8,0.92,0.78
2010-03-04,2.5,27.62,78.97,17.67,0.82,0.78
2010-03-05,3.04,27.57,79.68,21.8,1.02,0.78
2010-03-06,1.45,27.06,84.05,16.39,2.0,0.78
2010-03-07,1.57,26.99,85.38,22.84,2.1,0.78
2010-03-08,4.2,28.21,76.08,23.41,0.81,0.78
2010-03-09,2.37,28.31,74.68,25.51,1.45,0.77
2010-03-10,0.14,28.4,72.8,24.79,1.57,0.76
2010-03-11,9.06,27.8,75.02,22.32,1.79,0.75
2010-03-12,14.36,27.43,75.52,24.48,1.21,0.77
2010-03-13,0.81,27.61,73.07,25.36,2.57,0.77
2010-03-14,0.0,28.21,67.38,25.73,1.33,0.76
2010-03-15,1.11,28.36,67.99,23.94,1.19,0.75
2010-03-16,11.03,28.08,70.74,22.39,1.07,0.74
2010-03-17,7.36,28.34,69.44,22.95,1.02,0.75
2010-03-18,3.0,28.81,67.51,23.37,0.86,0.75
2010-03-19,2.26,28.42,74.72,21.96,1.64,0.74
2010-03-20,1.33,28.11,75.94,21.24,2.46,0.73
2010-03-21,10.42,27.83,79.75,22.03,2.09,0.73
2010-03-22,22.66,27.89,79.01,21.73,1.29,0.75
2010-03-23,6.49,28.06,75.82,22.95,2.14,0.77
2010-03-24,1.12,28.42,72.25,24.0,1.57,0.76
2010-03-25,3.38,28.24,74.3,23.08,1.59,0.75
2010-03-26,0.01,28.28,72.14,21.32,1.6,0.74
2010-03-27,0.22,28.57,71.49,22.45,0.86,0.73
2010-03-28,5.9,28.02,76.42,19.39,0.68,0.73
2010-03-29,4.67,27.4,80.28,19.01,1.34,0.73
2010-03-30,2.02,27.26,81.17,19.35,2.22,0.73
2010-03-31,3.18,27.1,80.85,17.45,2.43,0.73
2010-04-01,1.13,27.64,76.63,22.42,1.25,0.72
2010-04-02,1.85,27.89,77.61,20.49,1.02,0.72
2010-04-03,1.76,28.13,76.21,20.56,1.32,0.72
2010-04-04,1.24,28.35,74.43,21.02,0.73,0.71
2010-04-05,10.47,27.81,78.26,20.33,0.95,0.71
2010-04-06,3.19,28.06,74.78,18.28,1.12,0.72
2010-04-07,3.65,27.01,83.48,19.54,1.03,0.72
2010-04-08,0.84,27.81,77.33,21.42,1.14,0.72
2010-04-09,0.02,27.65,78.03,21.24,1.82,0.71
2010-04-10,0.02,27.92,76.31,20.95,1.38,0.7
2010-04-11,0.17,29.0,68.75,20.8,0.54,0.69
2010-04-12,3.24,28.53,74.41,19.56,1.42,0.69
2010-04-13,3.89,28.1,78.79,21.23,1.17,0.68
2010-04-14,2.14,27.72,81.64,18.13,2.32,0.68
2010-04-15,3.51,27.57,80.95,17.0,1.48,0.68
2010-04-16,3.8,27.89,78.77,15.4,1.01,0.69
2010-04-17,3.8,26.95,85.36,14.21,2.16,0.69
2010-04-18,3.75,26.9,84.93,15.89,2.84,0.69
2010-04-19,5.42,26.91,84.65,13.42,2.99,0.69
2010-04-20,7.66,26.89,84.51,8.99,2.1,0.7
2010-04-21,5.83,26.41,88.13,8.94,3.87,0.71
2010-04-22,1.52,27.12,83.36,14.92,2.9,0.71
2010-04-23,0.68,27.43,82.59,17.81,2.17,0.7
2010-04-24,1.22,27.57,81.37,17.78,2.26,0.7
2010-04-25,1.32,27.35,79.69,14.7,1.76,0.69
2010-04-26,0.58,27.25,78.98,18.79,2.44,0.68
2010-04-27,0.58,27.94,73.42,21.14,2.61,0.67
2010-04-28,1.3,27.87,74.55,19.69,1.86,0.67
2010-04-29,0.0,27.68,75.81,21.14,2.13,0.66
2010-04-30,0.11,27.67,78.24,21.75,2.07,0.65
2010-05-01,0.79,27.61,83.63,20.88,2.96,0.65
2010-05-02,1.03,27.79,81.44,17.99,3.59,0.64
2010-05-03,0.97,27.2,84.05,12.55,2.33,0.64
2010-05-04,0.66,27.18,85.09,18.14,4.34,0.64
2010-05-05,1.63,26.94,86.95,17.53,3.05,0.64
2010-05-06,5.14,26.75,85.73,15.48,3.12,0.64
2010-05-07,12.16,26.64,85.05,15.02,3.75,0.65
2010-05-08,4.44,27.15,82.92,15.66,3.41,0.66
2010-05-09,3.78,26.2,85.35,15.55,3.43,0.66
2010-05-10,6.16,26.88,82.08,16.99,3.21,0.66
2010-05-11,2.68,26.77,83.63,16.86,2.2,0.66
2010-05-12,2.88,27.72,77.58,12.04,1.1,0.66
2010-05-13,5.69,26.88,83.87,17.46,1.52,0.66
2010-05-14,12.44,26.72,87.63,11.67,1.43,0.68
2010-05-15,4.2,27.18,85.53,13.82,2.25,0.69
2010-05-16,1.97,26.7,89.14,9.31,3.8,0.68
2010-05-17,10.16,27.38,82.61,18.2,1.36,0.69
2010-05-18,1.63,27.83,79.79,17.91,0.9,0.7
2010-05-19,2.82,27.9,81.22,19.33,1.37,0.69
2010-05-20,21.46,28.11,76.5,19.16,0.5,0.7
2010-05-21,10.57,27.31,83.64,18.04,1.6,0.73
2010-05-22,6.16,26.91,83.87,15.96,1.42,0.74
2010-05-23,5.59,27.12,84.06,13.22,1.5,0.74
2010-05-24,3.33,27.52,81.75,16.54,1.22,0.74
2010-05-25,0.94,27.28,81.94,15.41,2.06,0.74
2010-05-26,6.28,27.36,80.09,14.69,1.22,0.73
2010-05-27,5.64,26.99,84.88,16.72,1.87,0.74
2010-05-28,3.24,26.58,85.17,14.01,2.69,0.74
2010-05-29,5.73,26.63,85.38,16.32,2.81,0.75
2010-05-30,3.48,26.95,84.77,17.12,2.58,0.75
2010-05-31,1.17,27.05,83.18,17.99,2.29,0.74
2010-06-01,0.37,27.35,78.02,18.68,2.13,0.74
2010-06-02,0.42,26.98,81.07,19.33,2.11,0.73
2010-06-03,0.86,27.22,83.41,17.31,1.63,0.73
2010-06-04,1.28,26.59,84.49,15.98,2.94,0.72
2010-06-05,0.18,26.23,78.91,17.31,3.47,0.72
2010-06-06,0.16,25.53,78.92,18.46,3.05,0.71
2010-06-07,0.47,26.26,81.12,15.98,3.1,0.71
2010-06-08,0.13,26.53,82.87,17.44,2.96,0.7
2010-06-09,0.52,26.46,83.34,15.92,3.68,0.69
2010-06-10,0.22,26.29,82.32,17.1,3.55,0.69
2010-06-11,0.06,26.41,80.57,19.07,3.05,0.68
2010-06-12,0.45,26.46,83.25,14.15,3.51,0.67
2010-06-13,1.11,25.96,85.09,13.06,3.41,0.67
2010-06-14,1.42,26.19,85.41,15.01,3.04,0.67
2010-06-15,0.58,26.34,83.62,17.49,2.97,0.66
2010-06-16,0.45,26.27,82.67,16.75,3.27,0.66
2010-06-17,0.24,26.46,82.43,16.96,4.19,0.65
2010-06-18,0.0,26.13,78.64,18.15,4.35,0.65
2010-06-19,0.02,25.95,79.96,17.26,4.11,0.64
2010-06-20,0.06,25.23,76.73,19.26,4.71,0.63
2010-06-21,0.0,25.55,77.74,18.44,3.95,0.62
2010-06-22,0.06,25.76,78.84,18.21,4.62,0.62
2010-06-23,0.26,26.06,80.61,14.68,4.3,0.61
2010-06-24,0.0,25.54,78.77,16.05,4.87,0.61
2010-06-25,0.02,26.12,79.08,17.88,4.42,0.6
2010-06-26,2.02,26.13,82.52,12.0,4.81,0.6
2010-06-27,0.66,26.19,82.18,17.39,3.16,0.6
2010-06-28,0.0,26.08,76.58,18.2,3.94,0.59
2010-06-29,0.0,26.0,75.67,19.2,2.92,0.58
2010-06-30,0.28,26.41,78.34,18.09,2.74,0.58
2010-07-01,1.25,26.6,81.27,14.87,3.5,0.57
2010-07-02,0.51,27.0,80.37,18.45,3.3,0.57
2010-07-03,2.21,27.09,81.82,16.08,2.7,0.57
2010-07-04,3.48,25.99,86.27,16.27,2.2,0.57
2010-07-05,9.23,26.44,80.82,12.75,1.43,0.58
2010-07-06,23.11,26.57,80.88,16.33,1.0,0.6
2010-07-07,13.42,27.0,78.8,18.01,1.02,0.64
2010-07-08,1.34,25.97,83.79,15.9,1.69,0.63
2010-07-09,3.09,25.88,81.4,15.26,1.47,0.63
2010-07-10,8.12,25.73,85.03,17.04,2.1,0.63
2010-07-11,4.05,26.2,83.77,15.58,2.7,0.64
2010-07-12,1.5,26.05,82.81,18.43,2.76,0.64
2010-07-13,0.0,25.86,79.03,18.49,3.95,0.64
2010-07-14,0.0,26.02,78.23,18.69,4.67,0.63
2010-07-15,0.02,25.87,79.97,18.55,4.14,0.62
2010-07-16,0.42,26.12,80.34,15.42,4.05,0.61
2010-07-17,0.49,25.99,80.97,13.16,5.16,0.61
2010-07-18,0.0,25.75,77.39,18.36,4.94,0.6
2010-07-19,0.0,25.66,76.67,18.14,4.6,0.59
2010-07-20,0.0,25.82,76.96,16.83,4.19,0.59
2010-07-21,0.06,25.48,76.22,18.67,3.85,0.58
2010-07-22,0.01,25.38,76.37,17.26,4.46,0.58
2010-07-23,0.02,25.11,72.88,19.69,4.82,0.57
2010-07-24,0.15,25.7,77.93,16.7,4.09,0.56
2010-07-25,2.92,26.05,82.88,12.81,3.44,0.56
2010-07-26,2.93,26.0,83.53,12.95,2.12,0.56
2010-07-27,0.85,26.73,81.67,15.71,2.63,0.56
2010-07-28,0.37,26.85,79.42,17.72,2.74,0.56
2010-07-29,0.08,26.83,77.38,19.66,3.15,0.55
2010-07-30,0.04,25.96,79.28,19.65,3.77,0.54
2010-07-31,0.01,26.04,75.21,20.06,4.29,0.54
2010-08-01,0.0,26.41,73.69,20.2,5.03,0.53
2010-08-02,1.05,26.17,78.33,16.71,5.25,0.53
2010-08-03,1.2,25.68,79.42,14.54,5.41,0.53
2010-08-04,1.11,25.72,76.84,13.88,4.4,0.53
2010-08-05,0.13,25.73,72.67,19.46,4.64,0.52
2010-08-06,0.14,25.98,70.95,19.35,4.2,0.52
2010-08-07,0.01,26.45,70.65,19.25,2.82,0.51
2010-08-08,0.26,26.3,72.91,14.63,3.1,0.51
2010-08-09,0.06,26.73,69.34,18.39,3.67,0.5
2010-08-10,0.03,26.93,62.68,20.67,3.32,0.5
2010-08-11,0.01,26.76,70.83,18.81,3.57,0.49
2010-08-12,0.05,27.24,73.06,17.81,3.26,0.49
2010-08-13,0.02,27.51,71.77,19.1,3.04,0.49
2010-08-14,0.19,26.79,74.06,19.05,3.64,0.48
2010-08-15,0.0,26.93,63.87,22.09,3.44,0.48
2010-08-16,0.0,26.81,67.66,21.56,2.72,0.48
2010-08-17,0.0,27.24,64.66,21.84,1.67,0.47
2010-08-18,0.11,27.34,67.48,21.27,3.19,0.47
2010-08-19,0.06,27.29,71.01,16.43,4.24,0.46
2010-08-20,0.01,27.61,68.41,19.94,4.46,0.46
2010-08-21,0.4,27.49,71.64,18.07,4.16,0.46
2010-08-22,1.19,26.57,76.9,18.18,3.55,0.46
2010-08-23,10.19,26.35,80.22,17.85,1.95,0.47
2010-08-24,2.59,27.03,77.15,19.31,2.68,0.48
2010-08-25,0.08,27.13,74.27,19.95,2.84,0.47
2010-08-26,0.81,27.31,69.99,21.74,2.9,0.47
2010-08-27,0.35,27.14,65.33,22.3,3.07,0.46
2010-08-28,0.03,27.65,66.02,21.82,2.65,0.46
2010-08-29,0.36,27.7,69.47,21.27,3.52,0.46
2010-08-30,0.25,27.64,68.65,21.06,3.48,0.45
2010-08-31,0.01,27.88,63.45,22.88,2.91,0.45
2010-09-01,0.03,27.92,61.42,21.68,3.37,0.45
2010-09-02,0.0,27.64,65.31,20.16,3.72,0.44
2010-09-03,0.08,27.58,69.33,18.22,4.87,0.44
2010-09-04,1.39,27.59,72.0,18.89,4.09,0.44
2010-09-05,1.52,26.86,75.37,18.54,4.42,0.44
2010-09-06,12.14,26.77,78.79,19.64,2.33,0.45
2010-09-07,10.13,26.76,79.82,18.84,0.95,0.47
2010-09-08,19.82,26.75,78.9,20.27,1.82,0.49
2010-09-09,8.95,26.62,81.55,12.26,1.63,0.52
2010-09-10,3.56,26.41,80.13,20.03,0.96,0.52
2010-09-11,8.09,26.35,81.36,21.21,1.5,0.53
2010-09-12,2.19,27.47,71.74,23.03,2.08,0.53
2010-09-13,0.2,26.99,74.24,19.64,2.56,0.52
2010-09-14,0.53,27.08,73.44,22.41,2.41,0.52
2010-09-15,0.28,27.6,73.22,23.03,2.72,0.51
2010-09-16,14.86,27.15,77.19,19.85,2.31,0.52
2010-09-17,23.12,26.53,80.15,17.39,1.15,0.55
2010-09-18,5.94,26.91,81.09,21.69,2.59,0.57
2010-09-19,0.59,27.31,76.46,20.5,4.09,0.57
2010-09-20,5.89,26.96,78.3,19.89,3.8,0.56
2010-09-21,6.68,26.43,82.77,19.94,3.28,0.57
2010-09-22,15.15,25.6,87.09,18.64,2.52,0.58
2010-09-23,51.45,26.11,84.49,17.51,2.78,0.63
2010-09-24,12.84,25.91,85.13,16.46,4.96,0.68
2010-09-25,9.05,25.43,88.57,17.04,2.68,0.68
2010-09-26,1.02,26.51,84.09,22.59,2.7,0.68
2010-09-27,0.38,26.73,79.58,22.82,1.89,0.67
2010-09-28,0.6,27.1,78.72,21.3,2.34,0.67
2010-09-29,0.08,27.29,79.01,24.18,2.29,0.66
2010-09-30,0.87,27.5,77.32,22.54,2.59,0.65
2010-10-01,5.32,26.77,83.38,16.11,2.84,0.65
2010-10-02,1.67,26.69,82.04,20.64,2.84,0.65
2010-10-03,0.53,27.23,80.75,21.72,2.58,0.65
2010-10-04,1.5,26.79,85.64,21.86,1.92,0.64
2010-10-05,0.84,26.8,85.58,20.55,2.6,0.64
2010-10-06,0.84,27.25,81.29,22.64,2.6,0.64
2010-10-07,4.08,26.79,80.32,20.02,2.09,0.63
2010-10-08,4.21,25.58,75.77,14.16,2.32,0.64
2010-10-09,4.12,25.88,71.5,14.86,1.74,0.64
2010-10-10,5.24,27.05,71.53,20.7,1.15,0.63
2010-10-11,1.85,26.71,77.26,19.54,1.22,0.63
2010-10-12,3.03,26.28,77.32,21.53,1.96,0.63
2010-10-13,0.22,27.68,72.99,22.56,2.21,0.63
2010-10-14,0.17,27.09,80.25,24.0,3.09,0.62
2010-10-15,0.47,26.55,82.71,22.71,2.55,0.61
2010-10-16,1.15,26.81,79.47,20.02,2.67,0.61
2010-10-17,0.53,26.82,80.98,23.05,2.59,0.61
2010-10-18,0.65,27.22,79.77,23.04,3.81,0.6
2010-10-19,0.9,26.75,79.2,20.06,4.16,0.6
2010-10-20,2.53,27.2,73.96,21.04,3.17,0.59
2010-10-21,4.64,27.56,76.04,21.92,2.27,0.59
2010-10-22,7.62,27.04,80.23,18.59,2.75,0.6
2010-10-23,30.92,26.78,88.18,19.74,2.63,0.62
2010-10-24,9.25,26.43,85.11,22.17,2.27,0.67
2010-10-25,1.06,27.52,79.47,23.4,2.41,0.66
2010-10-26,2.43,27.13,81.98,20.28,2.23,0.65
2010-10-27,1.02,27.14,79.47,22.01,1.73,0.65
2010-10-28,4.33,27.9,73.6,23.0,1.43,0.65
2010-10-29,3.03,27.99,73.17,21.83,1.43,0.65
2010-10-30,1.06,28.09,71.54,20.77,1.27,0.64
2010-10-31,2.7,26.86,79.32,18.88,1.94,0.64
2010-11-01,9.84,26.89,79.22,20.37,2.17,0.65
2010-11-02,7.13,27.37,78.15,20.52,1.88,0.65
2010-11-03,8.49,26.21,85.97,16.81,2.78,0.66
2010-11-04,15.51,25.75,84.32,7.57,2.3,0.67
2010-11-05,2.27,26.13,78.71,20.52,1.47,0.68
2010-11-06,11.34,27.09,76.39,20.79,0.86,0.68
2010-11-07,16.63,26.28,84.49,19.82,2.05,0.7
2010-11-08,6.72,27.1,80.24,20.86,2.78,0.72
2010-11-09,0.38,27.56,78.16,23.36,2.11,0.71
2010-11-10,0.14,27.89,76.59,24.91,2.17,0.7
2010-11-11,1.15,27.94,72.71,24.17,1.52,0.68
2010-11-12,0.02,28.36,67.38,25.1,1.33,0.67
2010-11-13,0.04,28.72,68.3,24.21,1.38,0.66
2010-11-14,5.36,28.37,73.1,23.84,2.19,0.66
2010-11-15,3.6,28.63,69.05,24.62,1.73,0.66
2010-11-16,0.25,28.18,71.85,25.07,2.7,0.65
2010-11-17,0.02,28.5,70.18,25.52,3.1,0.64
2010-11-18,0.0,28.42,72.6,24.83,3.01,0.63
2010-11-19,0.2,28.32,73.77,22.34,3.47,0.62
2010-11-20,0.59,27.53,77.88,21.23,1.93,0.61
2010-11-21,7.67,27.56,77.76,20.87,1.83,0.62
2010-11-22,8.51,27.21,81.2,20.92,2.09,0.63
2010-11-23,0.86,27.41,78.29,20.02,1.14,0.63
2010-11-24,1.0,27.37,83.82,22.03,1.99,0.63
2010-11-25,10.16,28.13,76.67,21.93,0.93,0.63
2010-11-26,21.52,27.28,83.13,20.67,1.64,0.66
2010-11-27,6.94,27.87,74.82,22.07,0.91,0.68
2010-11-28,3.3,27.65,78.1,18.64,1.22,0.68
2010-11-29,15.6,28.0,75.49,18.83,1.01,0.69
2010-11-30,41.72,27.7,78.94,21.01,1.55,0.73
2010-12-01,10.85,27.0,81.64,18.03,1.88,0.76
2010-12-02,12.04,27.18,80.2,16.21,1.59,0.77
2010-12-03,7.5,27.59,78.27,19.66,0.97,0.78
2010-12-04,11.58,27.52,81.47,18.67,1.5,0.79
2010-12-05,2.59,27.32,82.69,19.54,1.47,0.79
2010-12-06,2.17,27.28,83.3,18.85,2.01,0.79
2010-12-07,5.08,27.52,82.18,21.65,1.98,0.78
2010-12-08,3.4,27.25,83.87,20.5,2.5,0.79
2010-12-09,2.83,26.9,83.87,13.84,1.67,0.79
2010-12-10,6.84,26.27,82.76,15.41,2.09,0.79
2010-12-11,16.59,25.76,85.39,6.75,3.08,0.8
2010-12-12,13.76,25.72,85.36,13.52,3.07,0.82
2010-12-13,9.24,26.3,83.67,15.42,2.31,0.83
2010-12-14,5.25,25.78,83.75,13.48,2.84,0.83
2010-12-15,20.23,25.98,82.72,17.58,2.9,0.84
2010-12-16,13.03,25.66,84.42,15.31,2.93,0.86
2010-12-17,9.31,25.68,87.09,15.84,3.78,0.87
2010-12-18,6.64,25.99,85.56,13.71,2.97,0.87
2010-12-19,19.47,25.9,86.54,18.79,1.54,0.88
2010-12-20,11.57,25.8,84.64,10.64,1.73,0.9
2010-12-21,18.42,26.17,84.02,19.33,2.38,0.9
2010-12-22,12.6,26.26,82.71,17.33,2.43,0.91
2010-12-23,7.61,25.25,82.52,15.55,2.46,0.92
2010-12-24,2.98,25.99,73.88,19.92,3.25,0.91
2010-12-25,1.04,26.25,78.81,22.75,2.3,0.9
2010-12-26,3.73,26.41,79.28,22.53,2.51,0.89
2010-12-27,12.46,26.24,84.46,17.2,2.33,0.89
2010-12-28,17.96,25.43,88.08,11.34,2.18,0.92
2010-12-29,6.82,25.94,84.68,15.77,2.16,0.91
2010-12-30,6.7,25.71,86.23,16.6,2.21,0.92
2010-12-31,7.2,25.49,86.92,11.57,3.67,0.92
2011-01-01,4.52,25.36,88.6,14.02,4.34,0.92
2011-01-02,6.69,26.14,82.82,18.92,1.91,0.92
2011-01-03,4.1,26.45,80.76,20.59,1.07,0.92
2011-01-04,4.75,26.36,80.01,18.86,1.42,0.91
2011-01-05,6.63,25.82,85.34,20.25,1.99,0.91
2011-01-06,3.76,26.62,81.63,18.41,1.71,0.91
2011-01-07,6.5,25.84,88.65,11.4,3.33,0.91
2011-01-08,25.81,25.88,84.19,13.88,2.73,0.92
2011-01-09,10.56,25.79,86.14,16.23,4.03,0.94
2011-01-10,6.73,25.87,86.11,18.14,2.89,0.93
2011-01-11,10.4,25.96,86.76,11.91,4.63,0.94
2011-01-12,5.66,25.47,86.94,9.69,5.41,0.94
2011-01-13,1.36,26.12,84.36,19.46,3.66,0.93
2011-01-14,1.86,25.67,84.63,14.64,3.33,0.92
2011-01-15,14.7,25.8,87.98,17.05,3.95,0.92
2011-01-16,12.47,25.62,89.02,10.48,5.18,0.94
2011-01-17,5.52,25.48,87.3,16.38,3.13,0.94
2011-01-18,9.34,25.9,83.41,16.52,2.1,0.94
2011-01-19,6.27,25.84,83.81,13.86,2.6,0.94
2011-01-20,5.37,25.17,85.37,16.29,3.38,0.93
2011-01-21,2.18,25.74,85.45,20.31,3.24,0.93
2011-01-22,3.38,25.51,84.72,21.4,1.64,0.93
2011-01-23,4.27,25.55,84.8,16.89,2.23,0.93
2011-01-24,5.96,24.96,87.44,18.06,2.79,0.93
2011-01-25,9.12,25.05,86.97,6.17,4.14,0.93
2011-01-26,2.96,25.41,86.67,17.67,3.4,0.93
2011-01-27,2.52,25.33,88.25,19.85,3.0,0.92
2011-01-28,5.96,26.61,80.68,24.0,1.48,0.92
2011-01-29,7.96,26.21,83.18,19.42,2.14,0.92
2011-01-30,8.76,26.02,82.08,19.74,2.15,0.92
2011-01-31,12.87,26.21,83.44,19.75,1.91,0.92
2011-02-01,9.23,25.81,88.4,18.0,3.31,0.93
2011-02-02,5.88,25.6,89.32,18.71,3.09,0.93
2011-02-03,7.96,25.59,88.81,20.76,3.09,0.93
2011-02-04,6.1,26.27,84.69,21.62,2.07,0.93
2011-02-05,35.25,25.79,85.5,17.44,3.23,0.94
2011-02-06,55.7,25.67,89.04,9.19,4.03,0.98
2011-02-07,6.72,25.75,87.69,11.56,4.02,0.98
2011-02-08,3.54,25.23,87.32,17.39,3.51,0.98
2011-02-09,3.47,25.24,85.89,11.17,3.5,0.97
2011-02-10,0.54,26.06,77.33,17.97,1.17,0.97
2011-02-11,1.08,27.16,75.61,20.1,1.44,0.96
2011-02-12,2.37,26.4,77.0,20.11,2.8,0.95
2011-02-13,1.12,25.96,79.26,21.56,3.15,0.94
2011-02-14,0.73,26.09,80.43,15.17,2.89,0.93
2011-02-15,4.1,26.23,83.29,19.17,2.14,0.92
2011-02-16,2.16,25.7,84.72,21.86,2.48,0.91
2011-02-17,1.39,25.67,85.83,20.04,3.32,0.91
2011-02-18,1.68,25.9,84.04,21.53,3.69,0.9
2011-02-19,0.64,26.51,82.18,22.21,2.8,0.9
2011-02-20,0.98,26.54,81.58,22.38,2.3,0.89
2011-02-21,1.02,25.93,83.95,19.83,3.0,0.88
2011-02-22,1.27,25.24,85.88,11.43,3.04,0.88
2011-02-23,5.42,24.92,86.04,15.75,2.62,0.88
2011-02-24,26.53,25.15,85.1,12.67,2.37,0.89
2011-02-25,8.2,24.88,87.7,16.41,2.42,0.91
2011-02-26,10.01,25.59,82.38,16.15,2.95,0.91
2011-02-27,2.24,25.85,83.83,21.26,3.16,0.91
2011-02-28,1.15,26.02,84.78,22.98,2.91,0.9
2011-03-01,6.42,25.84,85.04,22.36,2.57,0.89
2011-03-02,5.54,25.55,84.91,18.15,2.49,0.9
2011-03-03,3.7,25.27,86.53,14.75,3.41,0.89
2011-03-04,4.9,25.32,86.52,14.89,3.64,0.89
2011-03-05,4.66,25.71,85.6,14.26,1.8,0.89
2011-03-06,7.32,25.6,82.38,16.54,2.1,0.89
2011-03-07,6.22,25.48,85.04,16.42,2.72,0.89
2011-03-08,10.09,25.4,86.4,18.6,2.68,0.89
2011-03-09,1.73,25.61,86.65,19.32,2.74,0.89
2011-03-10,6.12,26.26,85.67,20.12,2.15,0.89
2011-03-11,9.15,26.13,82.21,14.54,1.85,0.89
2011-03-12,6.73,26.67,81.48,17.61,2.17,0.89
2011-03-13,9.77,26.2,83.32,18.66,2.43,0.9
2011-03-14,3.62,25.92,82.65,17.66,2.18,0.89
2011-03-15,0.83,25.52,85.46,15.92,2.34,0.89
2011-03-16,1.95,25.35,86.46,18.79,2.7,0.88
2011-03-17,0.24,26.02,84.5,21.85,2.19,0.88
2011-03-18,22.48,26.81,80.11,21.88,1.51,0.88
2011-03-19,9.01,26.98,79.45,21.08,1.26,0.89
2011-03-20,2.1,26.97,78.5,19.61,0.98,0.89
2011-03-21,4.12,26.99,80.17,18.8,1.08,0.88
2011-03-22,4.88,26.69,80.49,19.58,1.98,0.88
2011-03-23,1.43,26.6,79.32,21.52,1.64,0.88
2011-03-24,1.4,26.42,79.79,20.16,1.42,0.87
2011-03-25,0.87,27.09,77.08,22.83,1.32,0.87
2011-03-26,2.5,26.83,81.95,18.28,1.99,0.86
2011-03-27,6.41,25.68,85.41,17.86,2.59,0.86
2011-03-28,22.38,25.65,83.87,15.68,2.61,0.87
2011-03-29,7.3,26.05,86.16,16.99,2.06,0.89
2011-03-30,5.72,26.15,83.06,15.84,1.19,0.88
2011-03-31,15.56,26.47,76.91,12.23,1.21,0.89
2011-04-01,4.05,26.29,79.72,18.67,1.84,0.89
2011-04-02,2.96,26.37,82.25,17.71,2.26,0.89
2011-04-03,2.51,26.64,80.23,13.36,2.36,0.88
2011-04-04,3.53,26.86,79.28,19.14,2.1,0.87
2011-04-05,24.08,26.57,84.32,19.29,1.97,0.9
2011-04-06,1.78,26.37,84.37,19.23,2.1,0.9
2011-04-07,30.32,26.17,83.67,9.64,1.96,0.9
2011-04-08,24.92,25.97,83.55,14.38,1.3,0.94
2011-04-09,5.18,25.9,84.05,16.83,1.59,0.94
2011-04-10,9.89,26.73,77.4,17.49,0.95,0.94
2011-04-11,16.8,25.89,82.43,16.18,1.48,0.94
2011-04-12,11.86,26.15,79.1,17.66,0.82,0.95
2011-04-13,3.29,26.01,82.49,17.89,1.86,0.95
2011-04-14,7.59,26.02,84.37,14.45,2.23,0.95
2011-04-15,10.79,26.33,82.33,15.58,1.45,0.95
2011-04-16,5.38,26.36,84.46,18.89,2.15,0.95
2011-04-17,0.51,26.48,81.82,19.23,2.48,0.94
2011-04-18,2.31,26.51,82.9,22.08,2.5,0.94
2011-04-19,0.67,26.63,83.29,18.99,2.6,0.93
2011-04-20,1.57,26.63,85.46,17.65,2.85,0.92
2011-04-21,4.32,25.78,88.02,14.62,4.96,0.92
2011-04-22,13.65,25.62,87.55,11.28,3.93,0.92
2011-04-23,3.66,25.75,86.11,8.25,3.7,0.92
2011-04-24,15.19,26.4,84.32,19.25,1.94,0.92
2011-04-25,12.84,25.96,86.59,17.72,2.19,0.94
2011-04-26,0.99,26.35,82.08,21.58,2.6,0.93
2011-04-27,1.66,26.19,84.33,20.32,2.68,0.92
2011-04-28,9.6,25.64,86.35,16.76,1.72,0.92
2011-04-29,5.15,25.73,86.12,17.16,1.66,0.92
2011-04-30,9.39,26.38,85.83,18.3,1.99,0.92
2011-05-01,12.4,26.39,83.32,15.06,1.36,0.94
2011-05-02,4.52,26.07,81.11,17.51,2.41,0.93
2011-05-03,3.57,25.35,82.76,16.42,2.01,0.93
2011-05-04,0.86,25.75,86.32,19.07,2.52,0.92
2011-05-05,0.07,26.28,84.56,17.66,2.12,0.91
2011-05-06,12.34,26.45,85.04,18.39,2.7,0.91
2011-05-07,4.03,25.96,89.08,18.98,1.52,0.92
2011-05-08,5.43,26.38,81.6,12.99,1.07,0.91
2011-05-09,6.81,26.47,81.25,17.55,1.19,0.91
2011-05-10,4.56,25.91,86.27,18.18,2.01,0.91
2011-05-11,0.48,26.0,84.21,19.3,2.19,0.91
2011-05-12,0.19,26.17,84.48,19.53,2.07,0.9
2011-05-13,0.61,26.26,85.1,18.61,1.82,0.9
2011-05-14,0.17,26.1,85.72,19.13,2.05,0.89
2011-05-15,0.12,26.15,84.85,19.21,1.9,0.89
2011-05-16,0.15,26.0,85.34,18.46,2.24,0.88
2011-05-17,6.15,26.33,82.41,18.28,2.17,0.88
2011-05-18,0.54,26.4,82.67,19.44,2.39,0.88
2011-05-19,0.54,26.12,82.96,19.21,4.53,0.87
2011-05-20,0.0,25.64,80.65,19.12,3.94,0.86
2011-05-21,0.01,25.67,81.9,20.23,3.97,0.85
2011-05-22,0.03,25.26,77.13,21.01,4.45,0.84
2011-05-23,0.02,25.26,72.39,21.04,3.95,0.84
2011-05-24,0.0,25.04,76.68,19.89,3.96,0.83
2011-05-25,0.08,24.98,76.24,20.4,2.8,0.82
2011-05-26,0.06,25.25,78.75,19.78,3.32,0.81
2011-05-27,0.0,25.36,78.52,18.47,3.27,0.8
2011-05-28,0.28,25.45,82.03,18.17,3.11,0.79
2011-05-29,1.45,25.92,83.18,16.0,3.26,0.79
2011-05-30,6.43,25.77,86.35,8.4,3.16,0.79
2011-05-31,3.83,25.44,83.63,13.33,4.23,0.79
2011-06-01,0.07,25.46,80.25,19.24,3.61,0.79
2011-06-02,0.07,25.51,81.3,19.37,3.16,0.78
2011-06-03,0.11,25.51,80.01,19.12,2.75,0.77
2011-06-04,0.12,24.94,79.14,19.54,2.86,0.76
2011-06-05,0.0,24.78,79.03,19.55,3.17,0.76
2011-06-06,0.01,24.45,76.85,19.43,3.33,0.75
2011-06-07,0.07,24.37,74.01,18.88,2.69,0.74
2011-06-08,0.11,24.24,76.76,18.58,2.57,0.73
2011-06-09,0.03,24.8,76.2,19.82,2.89,0.73
2011-06-10,0.03,24.48,77.18,18.44,3.88,0.72
2011-06-11,0.0,24.53,77.89,18.98,3.15,0.71
2011-06-12,0.03,24.52,80.36,19.12,4.1,0.71
2011-06-13,0.03,24.04,78.05,19.14,4.17,0.7
2011-06-14,0.0,23.4,74.75,18.4,4.51,0.69
2011-06-15,0.0,23.49,74.25,19.3,3.52,0.68
2011-06-16,0.02,23.42,75.17,19.39,3.66,0.68
2011-06-17,0.03,23.54,76.65,18.78,2.97,0.67
2011-06-18,0.01,23.81,78.15,18.97,3.63,0.67
2011-06-19,0.01,24.03,77.74,19.08,3.1,0.66
2011-06-20,0.01,24.26,79.6,16.56,3.88,0.65
2011-06-21,0.01,24.05,80.49,18.12,4.31,0.65
2011-06-22,0.0,23.68,75.6,19.21,4.76,0.64
2011-06-23,0.04,23.72,75.48,18.96,4.0,0.63
2011-06-24,0.01,24.11,74.07,18.22,2.79,0.63
2011-06-25,0.0,24.41,81.35,12.52,3.34,0.62
2011-06-26,0.1,25.32,84.04,11.68,3.45,0.61
2011-06-27,0.2,25.62,83.57,15.76,3.87,0.61
2011-06-28,0.17,25.39,82.2,17.64,2.85,0.6
2011-06-29,0.0,25.14,77.23,18.36,3.17,0.6
2011-06-30,0.02,24.43,74.18,17.72,3.7,0.59
2011-07-01,0.0,23.8,72.34,19.33,3.03,0.59
2011-07-02,0.0,24.09,71.89,20.25,2.7,0.58
2011-07-03,0.0,24.2,74.23,20.17,2.67,0.58
2011-07-04,0.0,24.56,74.93,19.08,2.39,0.57
2011-07-05,0.04,24.62,74.92,18.41,3.02,0.56
2011-07-06,0.03,24.78,75.37,18.76,2.37,0.56
2011-07-07,0.0,24.97,77.54,17.52,3.03,0.55
2011-07-08,0.29,25.5,79.51,13.4,3.71,0.55
2011-07-09,0.65,25.3,81.64,12.86,3.25,0.55
2011-07-10,0.05,25.18,80.62,12.48,3.04,0.54
2011-07-11,0.0,25.47,79.34,18.09,2.9,0.54
2011-07-12,0.0,26.32,75.41,18.75,2.1,0.53
2011-07-13,0.28,26.41,76.27,17.35,2.36,0.53
2011-07-14,1.85,26.11,78.29,15.82,3.29,0.53
2011-07-15,0.31,25.96,76.37,18.06,4.3,0.52
2011-07-16,0.07,25.65,74.8,15.64,4.04,0.52
2011-07-17,1.36,25.91,74.05,17.08,4.08,0.51
2011-07-18,0.04,25.92,74.0,19.23,4.45,0.51
2011-07-19,0.0,25.63,72.05,18.02,3.91,0.51
2011-07-20,0.0,25.43,67.77,19.38,3.94,0.5
2011-07-21,0.0,25.07,66.69,19.96,3.78,0.5
2011-07-22,0.0,24.46,65.74,20.22,4.72,0.49
2011-07-23,0.0,24.18,64.97,20.77,3.85,0.49
2011-07-24,0.02,24.62,69.53,19.19,3.56,0.49
2011-07-25,0.1,25.11,72.63,14.9,3.32,0.48
2011-07-26,0.01,25.64,72.63,15.9,4.32,0.48
2011-07-27,0.0,25.65,71.84,16.68,4.66,0.48
2011-07-28,0.0,25.46,69.16,20.43,4.7,0.47
2011-07-29,0.0,25.34,68.54,19.95,5.07,0.47
2011-07-30,0.11,25.23,68.22,19.26,5.1,0.47
2011-07-31,0.0,25.36,66.95,20.02,4.09,0.46
2011-08-01,0.4,25.99,68.35,20.28,3.64,0.46
2011-08-02,0.03,26.2,69.7,17.94,4.59,0.46
2011-08-03,0.0,25.19,67.5,20.7,5.36,0.46
2011-08-04,0.02,25.1,63.91,18.97,4.47,0.45
2011-08-05,0.0,24.96,65.84,20.23,3.65,0.45
2011-08-06,0.0,25.3,68.44,20.7,4.12,0.45
2011-08-07,0.0,25.6,66.42,19.83,2.89,0.44
2011-08-08,0.0,25.85,66.07,19.65,2.77,0.44
2011-08-09,0.01,25.66,67.45,20.47,3.81,0.44
2011-08-10,0.0,25.52,68.72,20.88,3.48,0.44
2011-08-11,0.07,25.91,64.46,20.81,2.4,0.43
2011-08-12,0.0,25.88,65.33,21.15,2.39,0.43
2011-08-13,0.0,26.15,64.86,21.73,2.38,0.43
2011-08-14,0.0,26.19,64.91,21.01,2.53,0.42
2011-08-15,0.05,26.61,63.82,21.39,2.97,0.42
2011-08-16,0.0,26.34,64.96,21.27,5.21,0.42
2011-08-17,0.0,25.56,61.27,24.01,5.32,0.42
2011-08-18,0.0,25.64,64.71,23.63,3.36,0.41
2011-08-19,0.0,25.94,62.71,21.88,2.84,0.41
2011-08-20,0.0,26.1,61.59,21.5,2.9,0.41
2011-08-21,0.0,26.43,64.52,21.28,4.1,0.41
2011-08-22,0.0,26.7,63.81,21.73,5.34,0.4
2011-08-23,0.0,25.93,61.09,21.33,4.7,0.4
2011-08-24,0.01,25.59,60.32,20.32,5.36,0.4
2011-08-25,0.0,25.6,60.17,21.52,4.71,0.4
2011-08-26,0.01,25.66,61.32,19.85,5.23,0.4
2011-08-27,0.02,26.16,61.27,20.82,3.73,0.39
2011-08-28,0.0,27.0,60.59,20.86,3.61,0.39
2011-08-29,0.0,27.29,61.48,22.3,3.33,0.39
2011-08-30,0.0,27.62,63.46,20.75,3.32,0.39
2011-08-31,0.25,27.52,63.98,20.95,2.74,0.39
2011-09-01,4.89,26.64,67.78,21.33,3.32,0.39
2011-09-02,0.28,26.77,64.19,22.77,3.5,0.39
2011-09-03,0.0,26.84,66.85,21.38,4.1,0.39
2011-09-04,0.41,27.04,66.86,20.49,4.31,0.39
2011-09-05,1.54,26.87,69.87,22.43,3.69,0.38
2011-09-06,0.01,26.9,64.16,25.09,4.28,0.38
2011-09-07,0.0,26.8,66.25,23.68,4.17,0.38
2011-09-08,0.03,26.76,66.53,22.6,4.27,0.38
2011-09-09,0.14,27.21,62.18,22.48,4.77,0.38
2011-09-10,0.01,27.51,61.97,21.71,4.52,0.38
2011-09-11,0.01,27.17,65.78,22.33,5.88,0.38
2011-09-12,0.46,26.84,64.82,13.16,4.82,0.37
2011-09-13,0.04,26.8,63.18,19.85,5.76,0.37
2011-09-14,0.08,26.91,63.23,18.64,3.45,0.37
2011-09-15,0.17,27.54,61.5,22.93,4.0,0.37
2011-09-16,0.01,27.42,61.73,23.46,3.56,0.37
2011-09-17,0.07,27.39,64.56,21.48,2.36,0.37
2011-09-18,1.47,27.46,65.18,23.57,3.46,0.37
2011-09-19,0.05,27.39,67.14,24.63,4.96,0.37
2011-09-20,0.0,27.24,61.98,24.44,4.71,0.37
2011-09-21,0.39,27.16,61.82,24.82,4.65,0.37
2011-09-22,0.92,27.06,63.09,22.63,4.7,0.37
2011-09-23,0.21,27.09,66.63,22.26,4.39,0.37
2011-09-24,0.18,27.47,66.28,23.44,3.54,0.37
2011-09-25,0.0,27.72,64.87,23.29,4.58,0.37
2011-09-26,0.35,27.57,61.97,23.16,4.82,0.37
2011-09-27,0.09,27.05,66.24,23.89,5.14,0.37
2011-09-28,0.02,26.92,66.87,21.96,4.54,0.37
2011-09-29,0.06,27.37,65.85,22.0,4.43,0.37
2011-09-30,0.01,27.54,66.5,22.44,3.69,0.37
2011-10-01,0.03,27.58,67.97,22.9,4.47,0.37
2011-10-02,0.39,27.24,66.82,23.2,4.78,0.37
2011-10-03,0.9,26.43,67.5,23.32,4.81,0.37
2011-10-04,1.62,26.49,67.47,22.97,4.68,0.37
2011-10-05,1.17,26.9,69.47,18.9,4.65,0.38
2011-10-06,0.02,27.66,68.03,20.03,3.95,0.37
2011-10-07,0.2,27.42,69.36,21.01,4.29,0.37
2011-10-08,0.02,27.89,68.06,23.07,4.21,0.37
2011-10-09,0.7,28.16,67.57,23.18,4.33,0.37
2011-10-10,1.06,27.96,68.53,20.47,4.55,0.37
2011-10-11,0.0,28.0,66.23,23.39,4.77,0.37
2011-10-12,0.0,27.98,65.42,24.17,4.69,0.37
2011-10-13,0.0,27.88,63.42,25.14,5.14,0.37
2011-10-14,0.0,28.31,63.0,24.31,3.56,0.37
2011-10-15,0.02,28.28,65.65,23.47,3.97,0.37
2011-10-16,1.22,28.67,67.51,23.89,3.29,0.37
2011-10-17,0.78,29.12,63.96,24.95,3.71,0.37
2011-10-18,0.38,29.09,62.88,23.37,3.31,0.37
2011-10-19,1.29,29.36,62.34,22.92,4.34,0.37
2011-10-20,0.55,29.03,64.7,24.17,3.93,0.37
2011-10-21,2.21,28.84,66.52,20.84,2.86,0.37
2011-10-22,1.45,28.23,68.33,22.49,2.14,0.38
2011-10-23,1.82,28.25,69.33,22.8,2.5,0.38
2011-10-24,1.41,27.63,75.47,22.69,3.0,0.38
2011-10-25,0.4,28.59,67.6,23.99,2.64,0.38
2011-10-26,3.72,28.28,70.95,20.74,2.73,0.38
2011-10-27,1.85,28.93,66.97,23.49,2.74,0.38
2011-10-28,2.1,28.81,68.08,24.37,3.33,0.38
2011-10-29,3.23,28.32,69.48,21.5,3.04,0.38
2011-10-30,0.76,28.18,69.56,23.47,3.32,0.39
2011-10-31,1.04,29.12,64.71,23.98,2.87,0.38
2011-11-01,0.96,28.74,65.56,22.04,3.02,0.38
2011-11-02,1.13,29.24,65.01,23.06,2.58,0.38
2011-11-03,2.38,29.36,63.27,24.49,2.29,0.38
2011-11-04,3.78,29.04,66.36,21.81,2.0,0.38
2011-11-05,2.73,28.82,66.27,22.85,1.29,0.39
2011-11-06,5.06,28.09,68.28,19.31,1.73,0.39
2011-11-07,2.17,27.81,67.42,12.64,0.96,0.39
2011-11-08,3.43,27.17,70.65,20.41,2.32,0.39
2011-11-09,7.03,26.79,76.98,17.82,1.82,0.4
2011-11-10,2.19,27.43,74.33,22.12,1.77,0.41
2011-11-11,1.75,28.3,70.28,24.29,1.97,0.41
2011-11-12,6.38,27.82,73.74,22.46,2.27,0.41
2011-11-13,9.14,28.19,72.6,21.5,1.42,0.42
2011-11-14,3.69,28.08,71.68,22.9,1.68,0.43
2011-11-15,0.54,29.19,64.3,24.48,2.41,0.42
2011-11-16,7.01,28.71,67.75,21.61,2.27,0.42
2011-11-17,6.26,27.57,77.9,23.65,1.94,0.44
2011-11-18,5.23,28.37,69.5,20.36,1.1,0.44
2011-11-19,2.36,28.01,72.84,22.6,0.94,0.44
2011-11-20,1.99,28.95,66.51,21.65,1.23,0.44
2011-11-21,0.46,29.13,64.52,22.8,0.63,0.44
2011-11-22,1.33,28.57,68.99,21.2,2.6,0.44
2011-11-23,1.31,29.24,63.35,23.55,2.62,0.44
2011-11-24,0.05,29.73,58.79,24.38,2.88,0.43
2011-11-25,0.88,30.05,56.01,25.43,2.84,0.43
2011-11-26,6.18,28.74,72.26,21.7,3.07,0.43
2011-11-27,3.32,28.69,74.73,22.83,2.27,0.44
2011-11-28,3.41,28.07,76.59,19.63,1.88,0.44
2011-11-29,5.73,28.48,74.4,22.76,1.59,0.44
2011-11-30,4.24,28.32,75.3,22.24,1.19,0.45
2011-12-01,0.52,28.98,71.68,22.83,2.62,0.45
2011-12-02,0.25,29.4,68.96,24.25,3.05,0.45
2011-12-03,1.49,28.93,71.91,24.09,3.42,0.45
2011-12-04,6.79,28.48,70.07,18.44,3.24,0.45
2011-12-05,3.61,27.03,77.15,13.01,1.95,0.46
2011-12-06,2.02,27.07,74.23,14.71,1.39,0.46
2011-12-07,0.83,27.95,69.59,19.68,2.22,0.46
2011-12-08,1.59,28.55,64.85,18.88,1.84,0.46
2011-12-09,2.4,27.79,70.22,20.89,2.53,0.45
2011-12-10,7.11,27.17,71.5,13.45,1.32,0.46
2011-12-11,1.67,27.62,69.42,19.27,1.72,0.47
2011-12-12,0.48,28.81,67.24,23.08,1.11,0.46
2011-12-13,3.72,29.05,69.26,21.66,1.45,0.46
2011-12-14,16.64,27.13,81.08,18.88,2.57,0.48
2011-12-15,9.42,26.76,77.47,15.27,2.1,0.51
2011-12-16,3.55,27.73,72.29,20.59,1.76,0.5
2011-12-17,24.47,27.0,82.8,9.88,1.86,0.53
2011-12-18,28.16,26.93,83.56,18.67,1.66,0.57
2011-12-19,5.91,27.69,77.72,18.1,0.98,0.6
2011-12-20,0.68,27.43,82.19,21.32,2.16,0.59
2011-12-21,0.69,27.84,78.96,22.45,1.6,0.58
2011-12-22,3.8,27.88,80.17,20.82,1.39,0.58
2011-12-23,10.52,27.08,82.58,19.42,1.54,0.59
2011-12-24,2.71,28.14,73.16,21.57,1.13,0.59
2011-12-25,2.97,28.56,73.65,21.62,0.92,0.59
2011-12-26,2.41,28.15,77.61,20.21,1.0,0.59
2011-12-27,1.05,28.62,75.59,20.43,1.35,0.59
2011-12-28,4.99,27.83,80.16,21.47,1.4,0.58
2011-12-29,20.24,26.71,80.32,16.96,2.07,0.6
2011-12-30,5.93,26.37,81.29,13.14,1.96,0.63
2011-12-31,2.91,27.27,76.66,16.03,1.85,0.62
2012-01-01,3.69,26.45,82.24,10.42,3.1,0.62
2012-01-02,10.37,26.34,82.6,19.27,3.02,0.62
2012-01-03,8.76,26.04,82.18,20.84,2.14,0.64
2012-01-04,8.62,25.99,80.9,17.04,1.5,0.64
2012-01-05,34.77,27.12,77.13,17.96,1.21,0.66
2012-01-06,23.72,26.26,84.87,17.86,3.02,0.73
2012-01-07,9.54,25.91,87.02,11.75,3.28,0.73
2012-01-08,4.35,26.07,90.21,14.28,4.35,0.74
2012-01-09,2.82,25.82,88.3,11.34,3.89,0.74
2012-01-10,7.62,25.82,85.49,12.4,2.9,0.74
2012-01-11,15.84,25.45,88.0,10.08,3.59,0.75
2012-01-12,13.35,25.13,89.36,10.23,3.98,0.77
2012-01-13,3.36,25.37,88.03,19.2,2.99,0.78
2012-01-14,4.83,25.5,84.19,17.43,2.25,0.78
2012-01-15,2.19,25.95,84.7,20.76,2.56,0.78
2012-01-16,2.03,26.05,84.96,19.74,2.3,0.78
2012-01-17,0.68,26.86,78.66,23.39,1.62,0.77
2012-01-18,0.18,27.13,78.6,20.54,1.19,0.76
2012-01-19,12.19,26.61,82.67,19.09,1.55,0.77
2012-01-20,8.12,26.17,83.04,17.71,1.58,0.78
2012-01-21,5.88,25.68,86.12,14.73,3.05,0.79
2012-01-22,5.95,25.85,87.79,13.17,3.83,0.79
2012-01-23,5.38,25.67,84.54,15.55,2.64,0.8
2012-01-24,16.71,25.42,86.88,13.27,3.97,0.81
2012-01-25,3.04,25.7,83.92,16.35,5.37,0.82
2012-01-26,1.47,25.82,80.77,21.14,3.99,0.81
2012-01-27,1.31,25.39,84.59,20.92,3.47,0.8
2012-01-28,3.87,25.93,81.85,13.1,4.78,0.8
2012-01-29,9.94,26.26,86.01,12.61,4.65,0.8
2012-01-30,4.74,25.93,88.23,16.85,4.7,0.81
2012-01-31,5.2,25.24,86.67,21.68,2.47,0.81
2012-02-01,8.8,25.32,88.88,14.33,2.3,0.81
2012-02-02,10.03,25.12,87.01,8.4,3.0,0.82
2012-02-03,20.45,25.13,84.32,17.14,3.53,0.84
2012-02-04,5.49,24.76,87.8,11.23,5.27,0.85
2012-02-05,4.99,25.23,85.84,20.41,2.63,0.85
2012-02-06,1.6,26.07,83.4,22.02,1.99,0.84
2012-02-07,3.44,25.74,85.39,21.67,2.16,0.84
2012-02-08,3.66,25.78,84.51,15.65,2.07,0.84
2012-02-09,7.84,25.99,81.25,19.5,2.0,0.84
2012-02-10,2.18,25.67,85.77,22.12,2.79,0.84
2012-02-11,2.77,26.32,80.52,23.07,1.29,0.83
2012-02-12,0.77,27.22,77.46,25.63,1.23,0.83
2012-02-13,0.06,27.23,78.85,26.43,2.13,0.82
2012-02-14,1.05,27.54,74.32,22.38,1.57,0.81
2012-02-15,1.88,27.48,78.3,24.08,2.34,0.8
2012-02-16,1.51,26.96,80.59,21.12,1.57,0.8
2012-02-17,1.7,26.98,77.9,22.29,1.44,0.79
2012-02-18,7.98,26.54,82.82,18.62,1.97,0.8
2012-02-19,3.45,25.96,85.0,20.6,1.96,0.8
2012-02-20,4.68,25.99,80.52,13.97,1.36,0.8
2012-02-21,1.84,25.66,83.64,19.18,2.05,0.8
2012-02-22,1.06,26.7,79.11,22.27,1.73,0.8
2012-02-23,1.32,27.76,75.26,22.31,1.14,0.79
2012-02-24,1.94,27.36,79.87,22.68,1.94,0.78
2012-02-25,1.11,27.52,78.03,23.02,1.26,0.78
2012-02-26,3.17,26.92,81.38,21.75,2.09,0.77
2012-02-27,2.26,27.37,78.03,23.02,1.57,0.77
2012-02-28,1.7,26.9,80.4,22.0,1.94,0.77
2012-02-29,1.79,26.51,82.84,19.15,2.17,0.76
2012-03-01,9.76,26.41,82.11,17.6,1.76,0.76
2012-03-02,9.35,26.32,80.89,21.11,2.37,0.78
2012-03-03,4.27,26.86,79.8,16.67,1.65,0.78
2012-03-04,2.8,26.59,85.24,17.21,3.09,0.77
2012-03-05,4.67,26.02,85.14,11.19,3.27,0.78
2012-03-06,8.71,26.31,82.49,14.94,2.17,0.78
2012-03-07,12.07,26.25,82.6,12.49,1.68,0.8
2012-03-08,11.63,26.14,84.99,18.69,2.7,0.8
2012-03-09,11.53,25.88,87.14,17.92,3.46,0.81
2012-03-10,5.26,26.13,87.35,11.97,3.06,0.82
2012-03-11,4.83,25.63,87.53,17.41,2.2,0.82
2012-03-12,7.66,25.49,86.62,17.18,2.18,0.83
2012-03-13,12.71,25.86,87.0,13.89,4.46,0.84
2012-03-14,19.18,25.74,88.53,10.92,6.28,0.86
2012-03-15,9.78,26.06,84.96,12.78,8.69,0.86
2012-03-16,15.98,26.49,84.94,9.13,7.55,0.86
2012-03-17,14.32,25.92,85.88,11.36,5.54,0.87
2012-03-18,6.75,25.79,86.91,10.16,3.64,0.88
2012-03-19,9.08,25.61,83.69,15.79,3.18,0.88
2012-03-20,22.6,25.81,80.37,12.81,2.92,0.89
2012-03-21,7.78,25.26,83.69,16.58,2.56,0.9
2012-03-22,3.6,26.05,78.42,22.61,2.31,0.9
2012-03-23,0.72,26.4,78.98,22.07,1.2,0.89
2012-03-24,4.58,26.53,81.57,19.51,1.84,0.88
2012-03-25,0.61,26.02,82.16,22.67,2.77,0.87
2012-03-26,0.26,25.76,77.7,24.04,2.56,0.86
2012-03-27,0.33,25.94,81.33,20.13,2.86,0.85
2012-03-28,3.96,26.98,77.35,17.91,1.82,0.85
2012-03-29,0.11,26.48,77.18,21.17,1.81,0.84
2012-03-30,1.49,26.56,80.18,21.91,1.76,0.83
2012-03-31,1.08,26.8,79.21,19.57,1.01,0.83
2012-04-01,2.12,26.87,81.2,21.26,1.85,0.82
2012-04-02,2.72,26.46,80.83,21.63,1.93,0.82
2012-04-03,2.04,26.7,77.45,22.05,2.12,0.82
2012-04-04,1.58,27.07,73.03,20.75,1.1,0.81
2012-04-05,0.23,27.27,72.47,21.48,1.34,0.8
2012-04-06,1.77,26.79,75.87,23.39,2.16,0.79
2012-04-07,0.83,26.9,76.25,23.26,2.47,0.79
2012-04-08,1.32,26.86,76.37,23.36,2.33,0.78
2012-04-09,0.05,27.02,75.6,23.34,2.43,0.77
2012-04-10,0.12,26.93,78.88,21.43,2.75,0.76
2012-04-11,5.1,26.86,78.91,19.36,2.73,0.75
2012-04-12,3.15,26.8,78.57,22.33,3.8,0.76
2012-04-13,1.36,26.65,80.75,21.47,3.19,0.75
2012-04-14,1.06,27.01,80.52,21.99,2.41,0.74
2012-04-15,0.77,27.35,78.59,22.07,1.79,0.74
2012-04-16,1.46,26.81,84.02,21.67,2.84,0.73
2012-04-17,3.67,27.26,80.37,21.22,2.54,0.73
2012-04-18,1.49,27.09,80.2,21.55,2.25,0.73
2012-04-19,1.21,27.59,77.51,20.88,2.25,0.72
2012-04-20,1.54,27.69,75.03,21.33,2.17,0.72
2012-04-21,0.73,27.23,77.2,20.59,2.73,0.71
2012-04-22,0.05,26.89,76.46,21.54,2.6,0.7
2012-04-23,1.5,26.65,77.78,20.84,2.48,0.69
2012-04-24,2.77,26.92,78.06,20.69,2.34,0.69
2012-04-25,2.69,27.23,79.48,18.49,2.92,0.68
2012-04-26,3.09,27.52,76.98,19.44,1.86,0.68
2012-04-27,4.81,26.86,79.52,14.08,1.33,0.68
2012-04-28,6.61,26.93,80.61,18.06,1.58,0.69
2012-04-29,3.02,27.36,77.38,20.75,1.48,0.69
2012-04-30,9.86,27.04,81.44,20.07,1.76,0.7
2012-05-01,3.77,26.54,82.52,19.72,4.3,0.7
2012-05-02,0.01,26.62,77.21,18.51,3.41,0.69
2012-05-03,0.01,26.81,77.05,20.13,3.49,0.68
2012-05-04,0.8,27.25,79.31,20.17,2.81,0.67
2012-05-05,2.65,26.79,84.53,19.64,2.13,0.67
2012-05-06,5.36,26.69,80.2,17.33,1.28,0.68
2012-05-07,0.58,26.59,78.67,20.31,3.27,0.68
2012-05-08,0.01,26.36,75.48,19.07,3.21,0.67
2012-05-09,0.19,26.21,76.8,19.41,3.22,0.66
2012-05-10,5.18,26.0,81.04,16.58,4.03,0.66
2012-05-11,4.4,26.09,83.01,13.7,4.48,0.66
2012-05-12,9.68,26.35,85.96,12.21,5.06,0.67
2012-05-13,16.85,25.53,89.71,13.13,6.63,0.69
2012-05-14,40.86,25.66,87.05,15.2,2.16,0.73
2012-05-15,8.04,25.6,87.4,8.61,2.94,0.77
2012-05-16,0.77,25.58,87.85,16.99,2.92,0.76
2012-05-17,1.17,25.64,88.05,18.8,2.44,0.76
2012-05-18,0.64,25.98,84.77,19.51,3.44,0.76
2012-05-19,0.07,25.5,83.44,19.37,3.53,0.75
2012-05-20,0.0,25.44,77.16,19.74,4.44,0.74
2012-05-21,0.0,25.42,73.36,19.7,3.87,0.73
2012-05-22,0.12,25.29,78.65,18.65,4.35,0.72
2012-05-23,0.03,25.28,77.51,18.67,4.84,0.72
2012-05-24,0.0,25.11,72.23,20.77,4.89,0.71
2012-05-25,0.58,25.39,78.67,19.31,4.35,0.7
2012-05-26,1.16,25.3,80.16,14.74,5.09,0.7
2012-05-27,0.02,24.6,80.63,18.26,5.02,0.69
2012-05-28,0.01,25.03,78.29,18.81,4.04,0.68
2012-05-29,0.08,24.91,79.9,16.95,4.12,0.67
2012-05-30,0.08,24.83,80.17,15.56,4.3,0.67
2012-05-31,0.1,24.93,79.77,17.84,4.28,0.66
2012-06-01,0.0,24.86,74.77,18.01,4.55,0.65
2012-06-02,0.0,24.76,75.44,19.17,3.39,0.65
2012-06-03,0.0,25.29,74.9,19.29,2.45,0.64
2012-06-04,0.0,25.42,76.89,18.79,2.14,0.63
2012-06-05,0.08,26.0,77.62,17.05,2.26,0.63
2012-06-06,0.06,26.2,77.74,17.22,1.96,0.62
2012-06-07,4.48,26.23,80.66,13.49,2.39,0.62
2012-06-08,0.87,26.14,81.92,15.32,3.2,0.62
2012-06-09,0.31,25.9,81.42,17.02,3.01,0.61
2012-06-10,0.48,25.79,81.84,15.81,2.52,0.6
2012-06-11,0.05,25.98,71.74,20.31,2.37,0.6
2012-06-12,0.0,24.93,77.81,18.77,2.92,0.59
2012-06-13,0.0,24.49,76.98,18.59,3.16,0.59
2012-06-14,0.24,25.12,77.15,19.7,2.64,0.58
2012-06-15,0.0,24.82,77.56,18.95,3.96,0.58
2012-06-16,0.0,24.95,77.0,19.39,3.81,0.57
2012-06-17,0.13,25.42,77.44,18.56,4.09,0.56
2012-06-18,0.01,24.99,77.49,18.95,4.12,0.56
2012-06-19,0.0,25.45,75.86,16.25,4.57,0.55
2012-06-20,0.12,25.34,79.06,13.39,3.59,0.55
2012-06-21,0.05,25.4,75.38,15.6,4.41,0.54
2012-06-22,0.02,24.64,73.65,18.89,4.26,0.54
2012-06-23,0.0,24.35,71.82,20.9,4.25,0.53
2012-06-24,0.0,24.87,71.12,19.61,4.55,0.53
2012-06-25,0.0,24.72,72.75,18.04,4.37,0.53
2012-06-26,0.0,24.62,73.02,18.35,4.41,0.52
2012-06-27,0.0,24.81,72.89,18.58,3.84,0.52
2012-06-28,0.0,25.18,72.79,18.78,4.07,0.51
2012-06-29,0.0,25.01,72.9,18.37,3.82,0.51
2012-06-30,0.0,24.44,72.1,18.95,3.77,0.51
2012-07-01,0.0,24.32,72.35,18.3,4.12,0.5
2012-07-02,0.02,24.79,74.81,18.41,5.42,0.5
2012-07-03,0.05,24.47,72.67,17.23,5.59,0.49
2012-07-04,0.02,24.33,72.16,19.34,4.98,0.49
2012-07-05,0.03,24.92,73.12,17.64,4.71,0.49
2012-07-06,0.56,24.81,72.51,16.37,5.92,0.49
2012-07-07,0.12,24.75,67.87,12.9,5.14,0.48
2012-07-08,0.01,24.88,68.52,15.19,4.86,0.48
2012-07-09,0.0,25.17,69.74,17.54,3.42,0.48
2012-07-10,0.1,25.93,72.87,17.65,2.72,0.47
2012-07-11,0.88,26.14,73.29,17.18,3.66,0.47
2012-07-12,2.38,25.57,77.96,15.8,4.32,0.47
2012-07-13,0.14,25.71,76.69,14.69,4.98,0.47
2012-07-14,0.27,25.51,76.5,16.26,5.62,0.47
2012-07-15,0.03,25.56,72.15,18.17,4.75,0.46
2012-07-16,0.0,25.75,71.85,19.5,4.46,0.46
2012-07-17,0.26,25.52,77.66,12.49,4.06,0.46
2012-07-18,1.04,25.29,77.26,11.76,5.38,0.46
2012-07-19,0.02,26.06,67.67,17.69,4.42,0.46
2012-07-20,0.0,25.36,70.52,20.67,4.58,0.45
2012-07-21,0.0,24.67,65.53,21.64,4.62,0.45
2012-07-22,0.0,24.52,69.46,19.32,4.07,0.45
2012-07-23,0.02,24.6,67.0,20.07,4.72,0.45
2012-07-24,0.0,24.78,65.43,20.8,3.77,0.44
2012-07-25,0.0,25.31,66.05,20.28,4.28,0.44
2012-07-26,0.0,25.15,65.75,20.82,4.28,0.44
2012-07-27,0.0,25.5,65.64,18.6,4.12,0.43
2012-07-28,0.01,25.65,68.07,20.19,4.08,0.43
2012-07-29,0.1,25.61,70.97,18.57,5.6,0.43
2012-07-30,0.02,25.61,61.67,20.68,5.47,0.43
2012-07-31,0.0,25.0,59.19,22.26,4.55,0.42
2012-08-01,0.0,25.05,66.32,19.67,3.45,0.42
2012-08-02,0.0,25.26,68.29,19.13,4.54,0.42
2012-08-03,0.0,24.87,70.34,20.51,3.9,0.42
2012-08-04,0.0,25.57,69.61,19.29,4.09,0.42
2012-08-05,0.0,25.72,66.64,18.84,4.25,0.41
2012-08-06,0.0,25.62,67.01,21.27,3.73,0.41
2012-08-07,0.0,25.43,67.48,20.41,4.34,0.41
2012-08-08,0.03,25.19,67.38,14.19,3.79,0.41
2012-08-09,0.0,25.47,65.78,21.24,3.95,0.41
2012-08-10,0.0,25.71,66.27,20.63,4.15,0.4
2012-08-11,0.0,25.93,65.66,20.49,4.62,0.4
2012-08-12,0.0,25.43,67.1,21.1,4.4,0.4
2012-08-13,0.0,24.91,64.36,20.78,4.86,0.4
2012-08-14,0.02,24.79,64.3,20.49,4.55,0.4
2012-08-15,0.01,24.65,66.57,19.44,3.8,0.39
2012-08-16,0.0,25.45,64.12,20.96,3.38,0.39
2012-08-17,0.0,25.5,68.68,20.55,3.72,0.39
2012-08-18,0.0,25.73,66.26,21.94,4.18,0.39
2012-08-19,0.0,25.8,61.55,23.12,3.84,0.39
2012-08-20,0.0,25.5,62.0,23.14,3.67,0.38
2012-08-21,0.0,25.79,61.86,21.93,2.72,0.38
2012-08-22,0.0,25.91,62.34,21.93,3.36,0.38
2012-08-23,0.0,26.12,61.75,22.36,3.16,0.38
2012-08-24,0.0,26.67,63.34,21.72,4.13,0.38
2012-08-25,0.0,27.06,63.31,21.22,4.61,0.38
2012-08-26,0.17,27.02,67.8,18.59,3.77,0.38
2012-08-27,0.41,27.49,66.5,20.97,4.19,0.38
2012-08-28,0.0,27.54,64.36,22.13,3.26,0.37
2012-08-29,0.0,27.59,60.87,24.05,3.95,0.37
2012-08-30,0.0,26.99,58.04,20.85,4.07,0.37
2012-08-31,0.0,26.88,60.86,23.57,3.44,0.37
2012-09-01,0.0,26.57,59.01,22.91,3.02,0.37
2012-09-02,0.19,26.56,61.13,22.05,3.14,0.37
2012-09-03,0.0,26.81,61.06,23.22,2.82,0.37
2012-09-04,0.0,27.18,61.03,22.66,2.52,0.37
2012-09-05,0.0,27.26,64.61,19.93,3.27,0.37
2012-09-06,0.0,27.29,62.6,21.37,3.29,0.37
2012-09-07,0.0,27.41,61.08,22.94,3.17,0.37
2012-09-08,0.0,27.67,59.38,23.15,2.59,0.37
2012-09-09,0.01,28.22,58.17,23.04,3.6,0.37
2012-09-10,0.0,28.3,55.82,24.01,3.33,0.37
2012-09-11,0.0,27.54,58.36,25.31,4.04,0.37
2012-09-12,0.0,27.18,59.43,24.24,4.52,0.37
2012-09-13,0.0,27.82,63.61,22.78,3.58,0.37
2012-09-14,0.0,28.14,60.43,23.96,3.65,0.37
2012-09-15,0.0,27.98,61.33,23.49,3.92,0.37
2012-09-16,0.0,28.41,58.17,23.75,3.63,0.37
2012-09-17,0.0,28.17,57.72,23.15,2.59,0.37
2012-09-18,0.01,28.33,61.87,21.9,2.62,0.37
2012-09-19,0.0,28.85,58.79,24.67,2.84,0.37
2012-09-20,0.19,28.87,59.63,23.69,2.92,0.37
2012-09-21,1.9,28.16,61.73,24.79,3.45,0.37
2012-09-22,0.0,27.93,59.07,25.05,4.41,0.37
2012-09-23,0.0,27.3,61.15,24.32,4.35,0.37
2012-09-24,0.0,27.42,61.25,23.86,3.98,0.37
2012-09-25,0.0,27.39,65.36,23.92,4.14,0.37
2012-09-26,0.21,27.71,64.1,22.14,3.41,0.37
2012-09-27,0.03,28.43,63.03,22.81,3.15,0.37
2012-09-28,0.07,27.97,65.63,21.81,3.67,0.37
2012-09-29,0.6,27.67,68.04,23.46,4.17,0.37
2012-09-30,1.07,28.14,65.56,23.07,3.16,0.37
2012-10-01,0.94,28.08,67.52,21.4,3.35,0.37
2012-10-02,1.0,28.52,64.72,22.24,3.19,0.37
2012-10-03,1.11,28.23,62.91,23.03,3.59,0.37
2012-10-04,0.53,28.3,59.71,24.42,3.95,0.37
2012-10-05,1.53,28.4,60.92,22.27,3.26,0.37
2012-10-06,9.38,27.76,68.57,21.8,2.8,0.39
2012-10-07,1.3,28.15,66.97,24.76,3.0,0.39
2012-10-08,0.55,28.09,65.77,24.28,3.58,0.38
2012-10-09,0.0,28.54,60.52,27.06,3.39,0.38
2012-10-10,0.05,28.56,59.37,25.08,3.08,0.38
2012-10-11,0.52,28.47,63.92,24.31,2.61,0.38
2012-10-12,0.02,28.81,65.53,23.68,2.91,0.37
2012-10-13,0.13,29.15,64.86,22.48,2.65,0.37
2012-10-14,0.8,29.56,61.74,23.21,3.45,0.37
2012-10-15,1.34,29.17,65.07,23.12,3.24,0.38
2012-10-16,0.29,29.01,63.3,23.14,3.12,0.38
2012-10-17,0.13,29.48,60.25,23.37,2.82,0.37
2012-10-18,0.79,29.32,61.37,22.57,3.14,0.37
2012-10-19,0.48,29.13,63.09,24.06,2.87,0.37
2012-10-20,0.05,29.68,59.31,25.78,2.91,0.37
2012-10-21,0.0,29.83,53.98,25.63,3.13,0.37
2012-10-22,0.0,29.87,52.74,25.8,3.03,0.37
2012-10-23,0.59,29.29,57.6,24.47,3.49,0.37
2012-10-24,0.76,28.81,61.74,23.55,3.24,0.37
2012-10-25,0.44,28.92,59.33,22.74,2.32,0.37
2012-10-26,0.0,29.32,57.74,24.57,2.73,0.37
2012-10-27,0.03,29.37,60.0,24.86,2.58,0.37
2012-10-28,0.06,29.26,63.63,23.8,2.35,0.37
2012-10-29,3.85,29.66,62.64,23.08,1.9,0.38
2012-10-30,3.32,29.56,62.3,24.99,2.6,0.38
2012-10-31,0.08,29.88,63.65,24.91,2.63,0.38
2012-11-01,0.29,30.34,61.09,24.13,2.69,0.38
2012-11-02,0.85,29.84,64.09,23.46,3.02,0.37
2012-11-03,0.66,30.31,60.23,25.41,1.52,0.37
2012-11-04,0.26,30.0,62.11,22.52,2.11,0.37
2012-11-05,0.53,29.81,63.1,24.18,3.68,0.37
2012-11-06,1.41,29.21,65.13,23.31,4.02,0.37
2012-11-07,0.83,29.25,64.04,23.24,3.59,0.37
2012-11-08,0.06,29.83,63.83,22.32,3.1,0.37
2012-11-09,0.09,30.58,61.26,23.59,3.61,0.37
2012-11-10,0.32,30.42,60.86,24.59,3.09,0.37
2012-11-11,0.59,29.99,60.91,23.86,2.58,0.37
2012-11-12,0.37,30.63,57.3,24.75,2.9,0.37
2012-11-13,2.41,30.33,60.87,22.52,3.13,0.37
2012-11-14,2.65,30.02,62.8,24.71,2.81,0.38
2012-11-15,2.34,29.21,66.53,24.17,2.57,0.38
2012-11-16,11.42,28.75,71.33,23.44,1.39,0.39
2012-11-17,1.88,28.45,70.33,23.04,1.1,0.4
2012-11-18,11.27,28.75,68.97,22.85,0.72,0.41
2012-11-19,13.56,28.12,74.95,20.01,1.76,0.43
2012-11-20,2.49,28.69,69.31,19.77,1.99,0.43
2012-11-21,10.99,27.87,74.57,19.17,1.75,0.44
2012-11-22,11.62,27.53,77.66,18.33,1.27,0.47
2012-11-23,7.92,27.35,79.48,19.65,1.18,0.47
2012-11-24,2.03,28.51,70.47,24.37,1.62,0.48
2012-11-25,5.98,28.24,73.21,22.24,2.2,0.48
2012-11-26,11.1,28.42,72.81,21.23,1.75,0.49
2012-11-27,9.3,28.48,71.23,23.57,1.04,0.51
2012-11-28,3.16,29.09,66.87,21.72,0.96,0.51
2012-11-29,19.03,28.16,74.85,23.3,1.4,0.51
2012-11-30,8.29,28.62,72.53,24.06,1.3,0.54
2012-12-01,6.82,27.99,77.91,21.07,2.01,0.54
2012-12-02,23.01,27.15,82.63,20.19,1.22,0.57
2012-12-03,8.72,27.54,77.13,20.92,1.58,0.6
2012-12-04,2.45,28.81,69.03,23.32,1.16,0.59
2012-12-05,4.08,28.57,71.68,20.74,1.36,0.59
2012-12-06,0.59,28.51,71.57,21.15,1.92,0.58
2012-12-07,0.58,28.6,74.45,24.49,2.23,0.58
2012-12-08,1.35,28.71,73.33,21.62,1.49,0.57
2012-12-09,1.67,27.25,80.72,19.91,1.79,0.57
2012-12-10,12.38,26.76,72.94,18.22,1.66,0.58
2012-12-11,5.86,26.7,74.05,9.43,1.91,0.59
2012-12-12,1.74,26.81,77.4,19.23,1.76,0.59
2012-12-13,6.42,26.94,79.8,21.53,2.56,0.59
2012-12-14,30.35,26.58,83.08,15.56,2.98,0.62
2012-12-15,4.04,27.47,75.49,18.53,1.5,0.64
2012-12-16,1.56,27.17,81.15,20.57,1.56,0.63
2012-12-17,5.76,27.76,76.4,19.82,1.6,0.63
2012-12-18,6.84,27.53,77.76,18.9,1.1,0.64
2012-12-19,8.88,27.4,77.24,20.63,0.91,0.65
2012-12-20,4.33,26.95,80.16,16.82,1.17,0.65
2012-12-21,10.27,27.14,79.63,20.15,0.95,0.66
2012-12-22,4.8,27.14,83.72,20.96,2.86,0.67
2012-12-23,5.67,26.84,85.31,20.61,2.12,0.67
2012-12-24,6.51,27.2,81.62,14.77,2.16,0.67
2012-12-25,9.53,26.86,83.58,20.81,0.95,0.68
2012-12-26,10.47,26.25,86.86,19.72,2.55,0.69
2012-12-27,6.64,26.47,84.89,16.43,2.74,0.7
2012-12-28,0.89,26.5,86.72,19.31,2.88,0.7
2012-12-29,0.96,27.11,83.72,21.4,2.41,0.7
2012-12-30,4.41,27.31,81.13,20.84,1.63,0.69
2012-12-31,15.73,26.83,84.05,18.8,0.86,0.71
2013-01-01,16.44,26.31,87.48,18.82,1.5,0.73
2013-01-02,12.11,26.19,90.4,11.7,4.55,0.76
2013-01-03,19.55,26.72,84.68,13.35,3.48,0.77
2013-01-04,13.16,27.21,81.12,16.91,2.04,0.79
2013-01-05,31.14,26.74,86.21,14.81,1.73,0.81
2013-01-06,13.16,26.69,84.66,14.09,1.77,0.84
2013-01-07,9.19,26.17,86.73,17.83,3.78,0.85
2013-01-08,10.51,26.38,86.86,11.06,7.86,0.85
2013-01-09,11.36,26.55,85.92,12.96,8.33,0.86
2013-01-10,13.31,26.64,84.8,10.79,6.92,0.86
2013-01-11,8.36,26.43,87.71,16.08,4.6,0.87
2013-01-12,15.38,26.71,86.31,14.21,3.26,0.87
2013-01-13,8.57,26.69,82.05,19.19,1.8,0.88
2013-01-14,8.61,26.66,80.47,18.42,2.89,0.88
2013-01-15,9.95,25.79,85.71,15.19,3.36,0.89
2013-01-16,6.41,26.02,83.93,13.15,2.54,0.89
2013-01-17,3.0,25.69,86.52,19.19,2.35,0.89
2013-01-18,9.2,26.07,86.18,17.47,2.57,0.88
2013-01-19,5.51,25.79,86.36,17.57,2.93,0.89
2013-01-20,10.33,26.09,87.04,19.32,4.2,0.89
2013-01-21,11.72,26.11,87.27,15.77,4.32,0.9
2013-01-22,3.9,26.11,87.58,17.71,3.35,0.9
2013-01-23,13.85,25.9,87.17,20.67,2.29,0.9
2013-01-24,20.31,26.05,87.45,19.26,2.82,0.92
2013-01-25,11.59,26.09,85.5,19.16,1.4,0.92
2013-01-26,16.07,26.44,81.57,19.2,2.5,0.93
2013-01-27,7.57,26.79,81.36,22.77,2.44,0.93
2013-01-28,8.6,26.61,83.19,20.84,1.58,0.93
2013-01-29,44.66,26.09,88.6,23.09,2.56,0.94
2013-01-30,5.61,25.87,86.66,20.45,2.41,0.96
2013-01-31,10.1,26.14,86.75,15.49,2.28,0.96
2013-02-01,5.95,26.16,85.31,16.7,1.38,0.96
2013-02-02,4.24,25.99,85.81,23.27,1.95,0.95
2013-02-03,4.47,25.89,84.62,18.74,1.91,0.95
2013-02-04,3.2,26.94,80.34,23.1,1.49,0.94
2013-02-05,0.68,27.05,84.72,25.18,1.91,0.94
2013-02-06,0.04,27.57,78.92,23.44,1.38,0.93
2013-02-07,0.19,27.76,77.28,24.67,0.99,0.92
2013-02-08,0.32,28.18,73.5,24.4,1.24,0.91
2013-02-09,0.81,27.82,76.69,24.72,2.12,0.9
2013-02-10,1.49,27.24,78.77,21.88,1.96,0.89
2013-02-11,0.32,27.45,76.67,22.88,0.96,0.88
2013-02-12,1.51,27.68,76.94,22.06,1.2,0.87
2013-02-13,2.4,27.3,78.4,20.82,1.23,0.87
2013-02-14,3.07,27.34,79.75,23.64,1.71,0.86
2013-02-15,33.65,26.97,80.34,22.24,1.42,0.88
2013-02-16,23.19,26.09,88.83,14.62,3.95,0.91
2013-02-17,42.45,25.85,86.85,22.34,2.28,0.93
2013-02-18,44.4,25.82,86.19,19.53,1.84,0.96
2013-02-19,24.05,26.27,84.86,16.72,2.42,0.98
2013-02-20,6.71,26.26,88.44,19.01,3.44,0.98
2013-02-21,7.05,25.5,88.94,15.53,3.16,0.97
2013-02-22,5.59,25.73,86.42,16.43,3.7,0.97
2013-02-23,14.0,26.05,88.65,14.1,3.95,0.97
2013-02-24,15.85,25.97,87.78,12.64,5.61,0.98
2013-02-25,13.74,26.0,88.55,18.74,4.17,0.98
2013-02-26,24.03,26.2,88.23,14.12,3.84,0.98
2013-02-27,19.96,26.18,89.27,10.54,5.06,0.99
2013-02-28,30.5,26.45,86.97,16.48,4.36,0.99
2013-03-01,13.53,26.54,87.8,12.91,3.37,1.0
2013-03-02,4.76,26.34,88.21,19.08,2.99,0.99
2013-03-03,8.34,26.15,87.1,18.52,3.44,0.98
2013-03-04,4.07,26.4,87.59,17.69,3.45,0.98
2013-03-05,12.46,25.95,87.07,17.13,2.89,0.97
2013-03-06,5.22,26.23,80.44,17.89,2.96,0.97
2013-03-07,1.49,26.11,84.7,21.95,2.62,0.96
2013-03-08,3.18,26.59,84.41,18.69,1.95,0.95
2013-03-09,11.3,26.5,86.63,21.91,1.54,0.95
2013-03-10,4.29,26.58,84.34,19.82,1.64,0.95
2013-03-11,1.18,26.37,82.98,23.8,1.91,0.95
2013-03-12,0.77,26.38,81.83,21.77,1.39,0.94
2013-03-13,1.13,26.18,85.86,22.63,1.88,0.93
2013-03-14,4.51,26.4,80.28,20.18,1.36,0.93
2013-03-15,9.19,26.02,80.91,18.1,2.49,0.93
2013-03-16,4.61,26.05,80.49,19.18,1.9,0.93
2013-03-17,0.54,26.93,78.83,22.75,1.03,0.92
2013-03-18,0.01,27.55,77.34,23.48,1.44,0.91
2013-03-19,3.37,27.83,74.95,24.71,1.97,0.9
2013-03-20,1.22,27.78,75.45,23.5,2.15,0.89
2013-03-21,0.02,27.42,75.01,24.34,1.84,0.88
2013-03-22,0.0,27.25,77.47,24.23,2.01,0.87
2013-03-23,1.09,27.48,76.63,23.33,2.21,0.86
2013-03-24,0.4,27.8,75.01,23.53,1.54,0.85
2013-03-25,0.02,28.39,70.82,24.79,1.0,0.84
2013-03-26,0.03,28.43,72.56,23.45,1.16,0.83
2013-03-27,0.43,28.31,74.72,22.92,1.28,0.83
2013-03-28,0.32,28.2,73.98,20.87,1.37,0.82
2013-03-29,0.13,27.97,77.87,21.78,1.4,0.8
2013-03-30,0.24,28.54,73.96,21.33,0.84,0.8
2013-03-31,0.14,28.5,73.24,21.17,1.07,0.79
2013-04-01,1.09,28.52,73.1,22.18,1.22,0.78
2013-04-02,0.16,28.36,73.92,20.69,1.28,0.78
2013-04-03,8.71,28.66,73.12,20.25,1.09,0.77
2013-04-04,10.5,28.23,77.39,17.71,1.42,0.78
2013-04-05,1.26,27.32,80.77,18.0,1.86,0.78
2013-04-06,0.98,27.95,76.15,22.3,1.66,0.78
2013-04-07,2.44,27.74,78.47,20.17,2.28,0.77
2013-04-08,16.75,26.47,80.47,6.53,1.23,0.78
2013-04-09,1.77,26.1,81.85,13.16,1.4,0.79
2013-04-10,2.71,26.5,78.27,17.81,0.75,0.78
2013-04-11,22.55,26.53,81.1,13.2,1.69,0.8
2013-04-12,5.7,27.09,82.67,17.32,2.79,0.82
2013-04-13,13.5,27.25,80.61,17.14,1.21,0.81
2013-04-14,5.14,27.36,81.92,20.41,1.94,0.82
2013-04-15,0.43,27.45,75.08,19.49,2.26,0.82
2013-04-16,0.2,27.31,72.21,20.33,2.2,0.8
2013-04-17,0.83,27.32,77.43,16.74,2.21,0.79
2013-04-18,1.46,26.78,82.31,16.2,2.44,0.79
2013-04-19,4.03,27.04,79.15,19.22,2.16,0.79
2013-04-20,0.72,27.06,77.36,19.41,1.69,0.79
2013-04-21,2.51,27.34,80.72,20.92,1.72,0.78
2013-04-22,1.82,27.04,86.31,19.77,2.67,0.78
2013-04-23,0.3,27.16,81.52,20.41,2.34,0.78
2013-04-24,0.0,26.87,77.48,21.12,2.2,0.77
2013-04-25,0.0,26.66,75.76,22.02,2.15,0.76
2013-04-26,0.01,26.79,77.11,20.21,2.21,0.75
2013-04-27,0.02,26.97,74.08,22.23,2.17,0.74
2013-04-28,0.12,26.89,75.03,20.97,2.46,0.73
2013-04-29,0.16,26.82,78.0,20.62,2.52,0.72
2013-04-30,0.17,26.6,78.4,21.05,3.66,0.71
2013-05-01,0.24,26.54,78.17,21.86,3.87,0.71
2013-05-02,0.02,26.92,74.57,21.28,2.95,0.7
2013-05-03,0.0,26.95,78.96,20.3,2.27,0.69
2013-05-04,0.05,26.68,82.87,20.56,2.6,0.68
2013-05-05,0.3,27.43,83.0,19.78,2.53,0.68
2013-05-06,0.65,27.35,83.45,20.57,2.99,0.67
2013-05-07,0.46,27.45,81.86,18.96,3.47,0.67
2013-05-08,0.3,27.02,81.87,17.17,2.34,0.66
2013-05-09,0.29,26.73,81.55,17.38,2.25,0.66
2013-05-10,0.06,27.11,76.03,20.85,2.88,0.65
2013-05-11,0.34,27.18,78.41,19.05,2.04,0.65
2013-05-12,1.74,27.34,79.43,18.74,2.18,0.64
2013-05-13,3.63,27.39,79.32,19.16,1.88,0.64
2013-05-14,1.31,26.79,83.64,16.32,1.77,0.64
2013-05-15,0.9,26.32,85.54,16.1,2.5,0.64
2013-05-16,12.04,26.96,83.05,17.83,1.64,0.64
2013-05-17,3.69,26.98,82.17,16.25,1.31,0.66
2013-05-18,7.26,27.2,79.47,17.13,1.03,0.66
2013-05-19,5.44,27.03,83.07,18.13,1.44,0.67
2013-05-20,0.8,27.41,76.63,16.15,0.78,0.67
2013-05-21,1.52,26.93,81.16,18.08,1.05,0.66
2013-05-22,3.75,27.97,74.66,16.67,0.51,0.66
2013-05-23,21.8,27.52,77.7,17.82,1.08,0.68
2013-05-24,13.23,26.61,83.96,17.07,1.46,0.71
2013-05-25,10.24,26.51,83.27,15.0,1.62,0.72
2013-05-26,13.03,26.16,84.09,6.78,2.59,0.73
2013-05-27,30.05,25.5,81.88,10.32,1.79,0.75
2013-05-28,10.03,25.76,85.22,13.55,2.11,0.79
2013-05-29,5.72,25.74,81.66,16.01,1.69,0.79
2013-05-30,8.64,25.55,78.17,14.81,2.05,0.79
2013-05-31,3.26,25.33,85.42,14.92,2.24,0.79
2013-06-01,5.26,25.66,88.52,13.96,2.06,0.8
2013-06-02,0.93,26.17,84.89,15.06,2.51,0.79
2013-06-03,0.88,26.51,85.99,16.26,2.73,0.79
2013-06-04,0.94,26.44,86.07,14.26,2.4,0.79
2013-06-05,1.11,26.51,86.47,17.9,2.34,0.78
2013-06-06,0.91,26.67,85.06,16.24,2.45,0.78
2013-06-07,8.97,25.86,85.86,12.11,1.68,0.78
2013-06-08,2.34,26.21,86.17,14.43,1.95,0.79
2013-06-09,2.18,25.98,85.84,12.08,1.49,0.79
2013-06-10,0.68,26.42,85.02,16.04,2.6,0.79
2013-06-11,0.97,26.56,84.18,16.76,2.94,0.78
2013-06-12,0.8,26.22,85.63,14.4,3.14,0.78
2013-06-13,0.1,26.31,81.66,17.18,3.55,0.77
2013-06-14,0.08,26.02,81.93,15.85,2.3,0.77
2013-06-15,0.14,26.16,81.44,14.19,2.7,0.76
2013-06-16,0.15,26.33,81.79,18.35,2.7,0.75
2013-06-17,2.37,26.47,83.5,16.44,2.48,0.75
2013-06-18,20.85,25.78,89.07,11.22,3.36,0.76
2013-06-19,14.35,26.15,85.22,12.36,2.67,0.79
2013-06-20,2.65,26.1,86.09,16.26,2.43,0.8
2013-06-21,10.55,26.68,82.75,16.38,2.17,0.8
2013-06-22,20.92,26.34,84.06,16.27,2.24,0.82
2013-06-23,2.15,26.41,81.72,18.4,2.47,0.83
2013-06-24,0.43,26.43,82.6,17.81,2.24,0.82
2013-06-25,5.34,27.19,76.26,17.53,1.09,0.81
2013-06-26,1.58,27.36,74.48,17.87,1.17,0.81
2013-06-27,0.82,26.21,80.98,17.31,2.08,0.81
2013-06-28,2.0,26.2,80.56,16.87,1.71,0.8
2013-06-29,1.9,26.32,82.88,17.96,2.39,0.8
2013-06-30,1.21,25.8,85.57,16.89,2.7,0.8
2013-07-01,2.51,25.69,82.9,14.52,4.45,0.8
2013-07-02,0.1,25.5,83.14,14.98,4.18,0.79
2013-07-03,0.01,25.51,80.56,17.56,4.19,0.78
2013-07-04,0.0,24.94,76.65,19.67,4.22,0.78
2013-07-05,0.0,24.89,77.35,18.83,4.25,0.77
2013-07-06,0.08,25.32,81.43,19.26,4.13,0.76
2013-07-07,0.08,25.38,80.97,14.44,3.96,0.75
2013-07-08,0.17,25.77,80.88,16.72,3.23,0.74
2013-07-09,0.79,25.6,87.63,17.39,3.33,0.74
2013-07-10,5.95,25.6,87.23,18.33,3.11,0.74
2013-07-11,9.73,25.69,84.82,12.79,3.7,0.76
2013-07-12,0.22,25.54,80.06,18.65,3.54,0.75
2013-07-13,0.24,25.9,83.19,18.64,3.05,0.74
2013-07-14,0.56,26.05,83.42,16.54,4.24,0.74
2013-07-15,0.31,25.54,81.43,15.87,5.28,0.73
2013-07-16,0.33,25.04,79.72,14.98,4.41,0.72
2013-07-17,0.0,24.3,77.13,16.5,4.52,0.72
2013-07-18,0.0,24.41,74.3,18.87,4.66,0.71
2013-07-19,0.2,24.55,74.51,18.07,3.92,0.7
2013-07-20,0.21,24.95,75.26,15.33,4.05,0.7
2013-07-21,0.39,24.59,80.25,7.63,3.52,0.69
2013-07-22,1.62,25.16,83.06,14.13,3.02,0.68
2013-07-23,2.64,25.67,83.38,15.62,3.69,0.68
2013-07-24,0.58,25.52,79.92,16.07,5.11,0.68
2013-07-25,0.72,25.01,78.64,18.33,4.24,0.67
2013-07-26,0.03,25.18,76.9,19.09,3.55,0.66
2013-07-27,0.03,24.57,77.25,19.73,4.18,0.65
2013-07-28,0.03,24.0,72.34,19.93,3.89,0.65
2013-07-29,0.01,24.08,74.28,19.89,3.79,0.64
2013-07-30,0.01,24.47,77.26,19.63,3.22,0.64
2013-07-31,0.06,25.19,77.09,16.27,3.64,0.63
2013-08-01,0.06,24.99,75.33,16.54,4.47,0.62
2013-08-02,0.0,24.6,72.21,20.72,4.63,0.61
2013-08-03,0.0,24.75,73.4,19.92,4.37,0.61
2013-08-04,0.0,25.12,76.42,17.06,3.81,0.6
2013-08-05,0.02,25.16,75.03,17.77,4.58,0.59
2013-08-06,0.0,24.77,73.02,18.17,4.09,0.59
2013-08-07,0.02,25.11,74.59,20.24,3.42,0.58
2013-08-08,0.0,25.66,75.31,18.11,3.9,0.57
2013-08-09,0.14,25.03,70.41,21.55,4.46,0.57
2013-08-10,0.12,24.28,69.26,21.39,3.83,0.56
2013-08-11,0.43,24.22,67.75,20.66,3.92,0.55
2013-08-12,0.13,23.9,70.47,21.0,3.29,0.55
2013-08-13,0.0,25.18,75.61,18.75,3.4,0.54
2013-08-14,0.0,25.98,74.73,18.39,3.41,0.54
2013-08-15,0.0,26.45,72.5,20.36,2.38,0.53
2013-08-16,0.26,26.01,71.04,20.37,3.6,0.53
2013-08-17,0.0,25.98,70.74,22.71,3.59,0.52
2013-08-18,0.11,25.65,69.6,22.45,3.32,0.52
2013-08-19,0.18,25.84,72.02,22.38,3.07,0.51
2013-08-20,0.0,26.08,71.76,21.33,4.2,0.51
2013-08-21,0.0,26.27,69.73,23.05,3.32,0.51
2013-08-22,0.0,26.41,69.35,23.04,3.72,0.5
2013-08-23,0.02,26.03,71.46,22.99,2.52,0.5
2013-08-24,0.16,26.31,67.55,22.7,2.13,0.49
2013-08-25,0.33,26.34,65.87,23.08,2.43,0.49
2013-08-26,0.02,26.3,66.05,22.59,3.33,0.48
2013-08-27,0.01,26.39,67.56,18.26,3.08,0.48
2013-08-28,0.04,27.09,68.33,21.52,3.01,0.48
2013-08-29,0.22,27.07,70.68,18.83,2.87,0.47
2013-08-30,1.41,26.78,71.87,22.41,4.48,0.47
2013-08-31,0.03,26.64,68.93,21.71,3.57,0.47
2013-09-01,0.0,27.06,66.89,22.49,4.28,0.46
2013-09-02,0.0,26.97,66.39,22.2,4.44,0.46
2013-09-03,0.0,26.81,66.41,22.03,4.38,0.46
2013-09-04,0.02,26.74,65.58,20.34,4.32,0.45
2013-09-05,0.01,26.84,65.58,22.89,4.04,0.45
2013-09-06,0.04,27.1,63.86,19.77,2.76,0.45
2013-09-07,0.03,27.13,62.37,22.25,3.6,0.44
2013-09-08,0.27,26.89,63.11,23.13,3.12,0.44
2013-09-09,0.6,26.77,62.07,22.41,2.99,0.44
2013-09-10,0.03,27.11,63.42,21.06,2.85,0.43
2013-09-11,0.31,27.44,65.35,18.14,2.7,0.43
2013-09-12,0.0,27.52,64.09,20.57,3.77,0.43
2013-09-13,0.12,27.03,66.87,22.9,4.48,0.43
2013-09-14,0.02,26.7,68.99,22.66,4.46,0.42
2013-09-15,0.87,26.51,71.01,21.7,4.99,0.42
2013-09-16,0.43,26.91,68.82,22.15,4.8,0.42
2013-09-17,0.03,26.66,69.58,23.72,5.19,0.42
2013-09-18,0.0,26.73,67.86,24.07,4.18,0.41
2013-09-19,0.0,26.82,64.31,24.13,4.03,0.41
2013-09-20,0.0,26.98,64.76,22.92,4.22,0.41
2013-09-21,0.0,26.78,66.78,23.88,4.97,0.41
2013-09-22,0.0,27.13,65.04,25.83,3.99,0.4
2013-09-23,0.0,27.77,62.52,23.67,3.99,0.4
2013-09-24,0.0,27.9,61.84,23.34,3.97,0.4
2013-09-25,0.0,27.59,65.02,24.51,4.69,0.4
2013-09-26,0.0,27.05,65.81,24.82,4.82,0.39
2013-09-27,0.0,26.68,65.01,25.35,5.13,0.39
2013-09-28,0.0,27.28,61.58,26.47,3.5,0.39
2013-09-29,0.0,27.42,59.07,26.09,3.02,0.39
2013-09-30,0.01,27.72,62.82,23.65,4.07,0.38
2013-10-01,0.04,27.76,61.63,22.63,4.59,0.38
2013-10-02,0.0,28.66,59.26,25.12,3.75,0.38
2013-10-03,0.01,28.73,58.53,24.45,2.18,0.38
2013-10-04,0.0,28.74,61.41,24.28,2.66,0.38
2013-10-05,0.22,28.8,61.63,22.92,2.62,0.38
2013-10-06,0.06,28.63,60.89,23.89,3.74,0.37
2013-10-07,0.01,28.98,58.83,26.84,3.45,0.37
2013-10-08,0.07,28.69,58.35,24.24,3.17,0.37
2013-10-09,0.0,28.57,60.66,24.75,4.31,0.37
2013-10-10,0.22,28.5,59.56,23.14,4.54,0.37
2013-10-11,1.19,28.79,58.89,25.36,3.69,0.37
2013-10-12,0.0,28.65,63.26,25.75,4.45,0.37
2013-10-13,0.15,28.36,61.94,25.5,4.55,0.37
2013-10-14,2.16,28.94,60.7,22.33,3.66,0.37
2013-10-15,6.98,27.8,71.87,19.06,2.74,0.38
2013-10-16,3.01,27.18,78.77,21.99,2.58,0.39
2013-10-17,0.19,27.68,73.23,21.88,1.86,0.39
2013-10-18,0.28,28.78,65.79,24.73,1.91,0.39
2013-10-19,0.23,29.6,62.11,23.73,2.42,0.38
2013-10-20,0.58,29.45,61.68,24.2,2.13,0.38
2013-10-21,3.5,29.49,61.81,24.86,2.85,0.38
2013-10-22,1.46,29.69,61.18,23.76,2.88,0.38
2013-10-23,2.07,29.18,61.94,23.13,3.86,0.38
2013-10-24,2.49,28.93,62.43,23.04,2.72,0.38
2013-10-25,3.87,28.53,68.08,22.47,3.51,0.39
2013-10-26,0.67,28.62,68.36,21.89,3.24,0.39
2013-10-27,2.36,28.63,66.94,24.47,2.31,0.39
2013-10-28,0.7,28.69,66.4,24.59,2.85,0.39
2013-10-29,0.22,29.06,62.17,25.64,1.34,0.38
2013-10-30,0.35,28.7,62.44,24.43,2.59,0.38
2013-10-31,0.03,28.82,63.95,24.33,3.71,0.38
2013-11-01,3.15,28.44,67.46,23.57,3.34,0.38
2013-11-02,3.47,28.66,67.46,24.33,2.99,0.39
2013-11-03,1.22,29.28,63.26,23.37,2.66,0.38
2013-11-04,1.76,28.81,67.21,23.79,2.17,0.38
2013-11-05,1.33,29.36,63.9,24.33,2.39,0.39
2013-11-06,0.78,29.14,64.0,23.29,2.04,0.38
2013-11-07,2.45,29.58,59.54,24.6,1.89,0.38
2013-11-08,0.07,29.88,58.9,25.14,2.94,0.38
2013-11-09,0.05,30.4,57.27,25.32,2.23,0.38
2013-11-10,0.27,29.95,61.32,24.27,2.81,0.38
2013-11-11,1.17,29.94,62.75,21.44,1.81,0.38
2013-11-12,2.31,29.74,62.04,22.74,2.27,0.38
2013-11-13,1.58,29.06,62.82,23.19,1.34,0.38
2013-11-14,15.3,27.52,75.18,20.23,1.69,0.4
2013-11-15,6.25,27.6,73.56,18.88,1.07,0.42
2013-11-16,1.62,27.87,70.16,18.23,1.23,0.42
2013-11-17,6.76,26.93,76.26,21.24,1.93,0.42
2013-11-18,8.06,26.78,78.27,17.99,2.21,0.43
2013-11-19,6.79,26.51,81.0,9.37,3.1,0.44
2013-11-20,62.44,26.73,80.5,19.28,3.6,0.49
2013-11-21,9.82,26.83,80.12,16.62,3.55,0.56
2013-11-22,4.74,27.11,77.68,18.94,1.93,0.55
2013-11-23,8.02,27.16,78.33,20.13,1.94,0.56
2013-11-24,5.08,26.61,80.05,22.24,1.89,0.56
2013-11-25,6.33,26.75,77.57,19.22,1.65,0.57
2013-11-26,0.73,26.0,82.2,18.85,1.15,0.56
2013-11-27,1.55,26.8,77.09,14.55,1.79,0.56
2013-11-28,14.67,26.6,78.82,20.57,2.02,0.57
2013-11-29,14.09,26.79,79.21,17.42,1.85,0.59
2013-11-30,7.71,26.64,79.45,16.13,3.11,0.6
2013-12-01,3.81,26.86,79.58,21.95,2.67,0.6
2013-12-02,4.71,26.74,82.83,21.59,3.42,0.6
2013-12-03,3.59,27.16,79.94,18.4,3.05,0.6
2013-12-04,10.13,27.1,79.45,18.98,2.13,0.6
2013-12-05,7.67,26.27,82.62,16.54,1.31,0.61
2013-12-06,10.95,27.12,78.89,18.15,1.38,0.63
2013-12-07,7.71,26.97,78.55,19.7,1.28,0.63
2013-12-08,6.39,26.5,82.29,21.16,1.27,0.64
2013-12-09,2.57,26.66,83.56,20.6,2.06,0.64
2013-12-10,4.18,26.97,80.16,18.83,1.36,0.64
2013-12-11,11.55,27.07,80.65,19.14,1.96,0.65
2013-12-12,53.08,27.44,78.48,16.81,0.97,0.69
2013-12-13,5.68,27.89,76.65,19.86,1.08,0.71
2013-12-14,14.79,27.06,80.69,21.32,1.4,0.72
2013-12-15,15.13,26.45,79.7,16.07,0.97,0.73
2013-12-16,5.03,26.31,80.77,16.24,0.89,0.75
2013-12-17,11.31,26.92,75.86,18.24,0.85,0.75
2013-12-18,6.21,27.1,79.35,20.49,1.28,0.76
2013-12-19,6.62,27.13,80.06,21.03,0.81,0.76
2013-12-20,8.64,26.47,83.64,19.54,1.23,0.77
2013-12-21,11.49,26.93,80.51,8.0,1.06,0.78
2013-12-22,24.66,25.97,85.95,4.99,1.76,0.79
2013-12-23,20.04,25.92,88.99,10.1,3.44,0.84
2013-12-24,49.32,25.86,88.08,14.71,2.46,0.86
2013-12-25,49.66,25.54,88.53,9.18,3.98,0.92
2013-12-26,6.89,26.24,81.94,20.02,4.84,0.93
2013-12-27,7.55,26.7,82.01,21.39,3.35,0.92
2013-12-28,1.32,26.52,82.33,24.98,3.06,0.91
2013-12-29,0.68,26.46,85.77,21.23,3.26,0.9
2013-12-30,2.12,26.33,87.3,16.95,3.03,0.9
2013-12-31,3.9,26.03,87.18,14.73,2.96,0.9
2014-01-01,26.12,25.93,85.32,16.83,1.92,0.91
2014-01-02,24.32,25.64,87.51,16.59,2.4,0.93
2014-01-03,22.18,25.58,86.64,17.94,1.33,0.95
2014-01-04,14.07,25.36,88.84,16.89,1.52,0.96
2014-01-05,3.0,25.79,85.01,20.25,2.21,0.96
2014-01-06,0.43,25.86,87.16,24.31,2.05,0.95
2014-01-07,2.2,27.07,77.67,21.25,0.88,0.95
2014-01-08,9.85,27.31,75.11,21.52,0.55,0.95
2014-01-09,1.36,27.63,76.11,23.85,1.07,0.94
2014-01-10,1.05,26.85,83.37,19.82,1.64,0.93
2014-01-11,1.95,26.47,81.79,20.8,1.13,0.93
2014-01-12,0.89,26.54,82.29,21.25,1.8,0.92
2014-01-13,1.37,26.96,82.77,20.57,2.74,0.92
2014-01-14,1.06,26.72,85.87,20.05,3.44,0.91
2014-01-15,0.99,26.86,81.67,21.09,3.33,0.9
2014-01-16,1.7,26.52,85.75,18.72,3.86,0.89
2014-01-17,1.6,26.68,84.32,18.54,4.28,0.89
2014-01-18,1.45,26.53,85.43,21.31,3.16,0.88
2014-01-19,2.68,26.36,86.51,17.27,5.36,0.88
2014-01-20,12.22,25.73,85.28,14.37,4.33,0.88
2014-01-21,25.05,25.68,87.71,5.03,3.85,0.9
2014-01-22,12.58,25.58,87.95,14.53,2.75,0.91
2014-01-23,32.76,25.32,89.45,16.19,2.59,0.93
2014-01-24,13.17,25.19,89.6,16.52,2.98,0.95
2014-01-25,4.14,25.44,89.73,17.81,2.68,0.95
2014-01-26,1.55,25.97,84.02,22.51,3.01,0.94
2014-01-27,1.11,26.22,83.31,21.6,2.73,0.93
2014-01-28,0.55,26.42,80.36,23.94,2.92,0.92
2014-01-29,0.61,26.26,82.64,22.97,2.52,0.91
2014-01-30,1.99,26.41,84.79,17.9,3.67,0.91
2014-01-31,2.55,26.27,87.76,13.5,4.6,0.9
2014-02-01,2.37,26.69,82.74,12.6,4.51,0.9
2014-02-02,12.97,26.13,86.69,12.89,4.63,0.9
2014-02-03,12.49,26.04,87.73,13.84,4.37,0.91
2014-02-04,2.22,25.45,87.4,18.79,3.09,0.91
2014-02-05,2.85,25.95,86.26,22.88,2.67,0.9
2014-02-06,8.97,26.49,84.61,21.0,3.26,0.9
2014-02-07,14.47,26.48,85.15,22.0,3.2,0.9
2014-02-08,5.72,26.28,87.23,18.26,3.03,0.91
2014-02-09,1.5,26.46,85.88,20.76,3.7,0.9
2014-02-10,1.86,25.84,87.28,18.31,2.94,0.89
2014-02-11,1.31,26.25,81.97,19.38,3.96,0.89
2014-02-12,2.37,26.35,82.32,22.1,2.17,0.88
2014-02-13,3.66,26.81,78.25,22.67,2.19,0.88
2014-02-14,9.42,25.6,79.9,7.24,2.63,0.88
2014-02-15,7.15,25.16,80.7,14.87,1.66,0.88
2014-02-16,4.93,25.42,84.09,18.39,2.31,0.89
2014-02-17,2.07,25.05,87.34,19.32,2.31,0.88
2014-02-18,10.13,25.13,86.67,13.38,2.85,0.88
2014-02-19,9.16,25.56,85.93,20.46,2.97,0.89
2014-02-20,2.1,25.93,81.37,23.38,2.48,0.89
2014-02-21,1.69,26.38,80.79,19.96,1.78,0.88
2014-02-22,1.8,25.23,85.73,17.87,2.39,0.88
2014-02-23,7.21,25.85,79.43,20.58,1.92,0.87
2014-02-24,1.8,26.3,75.6,23.21,1.4,0.87
2014-02-25,0.09,26.83,74.05,24.87,1.57,0.86
2014-02-26,0.43,26.55,79.53,22.15,1.58,0.85
2014-02-27,0.43,26.52,81.94,21.08,0.99,0.85
2014-02-28,0.49,26.7,79.97,22.41,2.6,0.84
2014-03-01,0.09,27.17,73.09,24.46,1.59,0.83
2014-03-02,0.93,27.64,73.04,24.56,0.98,0.82
2014-03-03,1.9,27.72,76.02,21.61,0.85,0.82
2014-03-04,2.57,27.57,77.39,22.77,1.07,0.81
2014-03-05,1.89,27.19,80.11,22.55,1.66,0.81
2014-03-06,0.38,27.64,73.66,25.41,1.38,0.8
2014-03-07,0.04,27.52,75.18,25.36,1.11,0.79
2014-03-08,0.18,27.54,75.7,24.4,1.75,0.78
2014-03-09,0.44,27.28,77.81,19.84,1.83,0.77
2014-03-10,1.09,26.74,80.97,22.47,1.38,0.76
2014-03-11,10.54,26.7,81.15,18.84,1.32,0.77
2014-03-12,8.42,25.73,86.2,17.03,2.31,0.78
2014-03-13,4.47,26.06,82.12,13.04,1.88,0.78
2014-03-14,0.77,27.06,76.73,20.26,0.98,0.78
2014-03-15,1.86,27.04,83.0,21.69,1.76,0.77
2014-03-16,11.29,26.78,84.82,21.05,1.64,0.78
2014-03-17,14.32,27.45,80.35,20.19,0.9,0.8
2014-03-18,3.29,27.89,78.04,23.05,2.21,0.8
2014-03-19,4.26,27.17,82.32,12.25,3.17,0.79
2014-03-20,9.44,25.66,86.86,16.18,3.21,0.8
2014-03-21,3.18,26.61,79.87,20.84,1.81,0.8
2014-03-22,0.78,27.06,78.31,22.97,1.54,0.8
2014-03-23,0.0,27.66,73.93,25.33,1.94,0.79
2014-03-24,0.1,27.71,71.88,25.85,1.77,0.78
2014-03-25,1.18,27.66,73.41,24.14,0.92,0.77
2014-03-26,0.23,27.42,78.85,22.58,1.23,0.76
2014-03-27,0.71,27.49,80.28,22.65,1.62,0.76
2014-03-28,0.4,27.28,79.92,23.32,1.66,0.75
2014-03-29,0.07,27.41,75.02,23.87,1.8,0.75
2014-03-30,0.02,27.51,73.73,22.18,1.81,0.74
2014-03-31,0.03,27.22,78.19,21.92,2.34,0.73
2014-04-01,0.13,27.56,81.21,23.56,2.8,0.72
2014-04-02,1.17,26.93,85.4,22.1,1.75,0.72
2014-04-03,0.74,26.89,84.36,21.75,2.01,0.72
2014-04-04,0.09,27.36,79.01,21.92,1.98,0.71
2014-04-05,0.23,27.58,76.98,21.91,1.91,0.71
2014-04-06,10.58,27.68,74.77,19.36,1.12,0.71
2014-04-07,7.44,27.52,75.86,19.55,0.78,0.71
2014-04-08,3.77,27.53,73.77,21.26,0.99,0.72
2014-04-09,6.5,26.23,80.08,17.54,1.27,0.72
2014-04-10,13.62,26.97,75.79,18.45,1.67,0.73
2014-04-11,8.2,27.21,76.6,18.94,2.05,0.74
2014-04-12,2.54,26.85,80.45,21.38,2.13,0.74
2014-04-13,3.51,27.14,79.14,20.11,2.02,0.73
2014-04-14,5.23,25.64,84.42,17.34,2.28,0.73
2014-04-15,4.53,26.74,77.38,18.7,2.47,0.74
2014-04-16,3.18,26.84,77.97,20.3,1.99,0.73
2014-04-17,2.89,26.08,85.28,17.61,2.01,0.73
2014-04-18,20.3,26.56,82.15,17.42,1.37,0.74
2014-04-19,6.8,26.82,82.66,19.34,1.76,0.77
2014-04-20,1.21,27.23,78.09,20.3,1.34,0.76
2014-04-21,3.35,28.07,73.13,20.89,1.61,0.76
2014-04-22,1.44,27.22,80.03,20.62,1.58,0.75
2014-04-23,2.54,27.32,77.3,19.5,1.73,0.75
2014-04-24,0.83,27.56,73.9,20.86,1.27,0.75
2014-04-25,6.64,27.39,80.17,19.96,2.28,0.74
2014-04-26,7.12,27.43,79.04,18.41,1.84,0.75
2014-04-27,2.13,27.59,78.27,19.72,2.2,0.74
2014-04-28,0.36,27.16,76.98,21.51,3.7,0.73
2014-04-29,0.08,27.55,76.63,20.04,2.02,0.72
2014-04-30,1.37,28.03,74.66,20.93,1.08,0.72
2014-05-01,0.22,27.71,79.2,20.15,2.16,0.71
2014-05-02,1.17,27.61,79.01,21.87,2.15,0.7
2014-05-03,0.85,26.76,82.85,22.78,1.92,0.7
2014-05-04,0.24,27.13,78.16,22.75,2.25,0.7
2014-05-05,0.0,27.39,77.26,21.49,2.37,0.69
2014-05-06,0.01,27.45,79.34,20.92,2.68,0.68
2014-05-07,0.41,27.58,80.48,19.89,2.73,0.67
2014-05-08,0.01,27.81,75.78,21.74,2.3,0.66
2014-05-09,0.0,27.53,75.83,20.95,2.46,0.65
2014-05-10,0.0,27.37,77.27,20.93,2.6,0.65
2014-05-11,1.06,27.26,81.28,18.07,2.49,0.64
2014-05-12,0.63,27.06,81.42,15.91,3.24,0.64
2014-05-13,0.21,26.88,79.78,18.27,2.03,0.63
2014-05-14,0.63,26.96,79.68,19.78,3.44,0.63
2014-05-15,0.26,27.09,78.31,19.72,2.71,0.62
2014-05-16,1.95,26.63,79.89,20.53,3.31,0.62
2014-05-17,0.01,26.73,77.97,20.5,2.87,0.61
2014-05-18,2.25,26.94,80.04,18.77,2.62,0.61
2014-05-19,1.37,27.14,79.64,18.86,2.15,0.6
2014-05-20,0.95,26.93,80.2,19.18,1.96,0.6
2014-05-21,0.48,26.66,80.21,20.38,3.85,0.6
2014-05-22,0.74,26.9,77.06,19.28,3.95,0.59
2014-05-23,1.49,26.75,80.8,18.75,3.47,0.59
2014-05-24,2.12,26.76,81.03,18.44,2.25,0.58
2014-05-25,37.36,26.94,80.44,13.8,1.92,0.62
2014-05-26,0.23,26.71,81.78,18.91,2.62,0.64
2014-05-27,0.53,26.89,81.4,18.79,4.04,0.63
2014-05-28,2.2,27.02,82.7,17.73,3.79,0.63
2014-05-29,0.32,26.3,79.65,18.35,4.28,0.62
2014-05-30,0.01,26.26,75.99,18.54,3.53,0.62
2014-05-31,0.06,26.69,78.97,17.2,2.37,0.61
2014-06-01,0.57,26.88,79.15,16.89,2.9,0.6
2014-06-02,0.64,26.65,81.74,15.16,3.66,0.6
2014-06-03,1.94,26.77,81.88,16.19,3.29,0.59
2014-06-04,0.08,26.78,80.84,18.6,4.2,0.59
2014-06-05,0.01,26.76,79.49,18.2,4.64,0.58
2014-06-06,0.03,26.73,78.11,18.51,4.75,0.58
2014-06-07,0.04,26.95,77.74,18.61,4.51,0.57
2014-06-08,0.02,26.85,79.52,17.58,4.17,0.56
2014-06-09,0.11,27.11,79.15,18.05,3.44,0.56
2014-06-10,0.02,27.25,77.45,16.87,3.46,0.55
2014-06-11,0.11,26.88,75.26,17.6,3.53,0.55
2014-06-12,0.2,26.25,74.82,15.3,3.57,0.54
2014-06-13,0.08,25.67,71.71,16.64,4.3,0.54
2014-06-14,0.0,25.82,69.24,18.88,4.58,0.53
2014-06-15,0.0,25.96,74.47,16.55,4.23,0.53
2014-06-16,0.29,26.0,78.2,16.9,5.02,0.52
2014-06-17,0.24,26.46,74.96,18.36,3.53,0.52
2014-06-18,0.12,26.33,76.08,16.07,4.12,0.52
2014-06-19,0.61,26.46,73.35,18.8,4.21,0.51
2014-06-20,0.04,26.52,75.02,18.39,4.06,0.51
2014-06-21,0.53,26.14,80.64,16.21,2.29,0.51
2014-06-22,10.15,25.39,86.47,9.6,2.42,0.52
2014-06-23,1.14,25.23,86.19,14.23,2.92,0.52
2014-06-24,0.97,25.59,81.09,12.83,3.64,0.52
2014-06-25,0.43,25.97,79.15,13.81,3.58,0.52
2014-06-26,0.0,25.97,71.81,18.86,4.13,0.51
2014-06-27,0.0,25.82,69.21,19.78,4.23,0.51
2014-06-28,0.0,25.61,67.8,18.74,3.96,0.5
2014-06-29,0.0,25.3,70.02,19.03,3.62,0.5
2014-06-30,0.03,26.02,73.28,18.47,3.56,0.5
2014-07-01,0.1,26.1,74.37,10.72,4.76,0.49
2014-07-02,0.02,26.11,69.62,16.45,4.58,0.49
2014-07-03,0.02,25.84,70.11,17.81,4.69,0.49
2014-07-04,0.03,25.95,74.61,17.23,4.63,0.48
2014-07-05,0.06,26.12,74.4,15.61,4.61,0.48
2014-07-06,0.06,26.13,74.63,13.96,3.61,0.48
2014-07-07,0.06,26.23,69.56,17.31,2.82,0.47
2014-07-08,0.01,26.11,70.29,17.53,4.01,0.47
2014-07-09,0.0,26.04,69.05,18.34,4.09,0.47
2014-07-10,0.0,26.35,68.1,18.79,3.09,0.46
2014-07-11,0.07,26.36,72.04,11.46,2.74,0.46
2014-07-12,8.53,26.47,77.67,17.01,2.58,0.47
2014-07-13,13.02,26.03,82.23,8.36,2.16,0.48
2014-07-14,6.55,24.6,80.24,9.46,6.33,0.5
2014-07-15,0.13,24.42,72.46,16.07,5.13,0.5
2014-07-16,0.04,25.36,73.51,13.91,3.78,0.49
2014-07-17,0.51,26.25,78.35,16.05,2.84,0.49
2014-07-18,0.02,26.81,73.04,19.97,2.69,0.48
2014-07-19,0.35,26.84,72.01,19.25,3.24,0.48
2014-07-20,0.48,26.45,73.84,19.21,2.75,0.48
2014-07-21,1.13,26.63,71.59,18.74,2.83,0.48
2014-07-22,0.0,26.89,69.93,18.68,2.81,0.47
2014-07-23,0.11,26.23,69.04,20.94,4.45,0.47
2014-07-24,0.1,26.04,67.23,19.16,3.87,0.47
2014-07-25,0.19,25.88,66.56,17.29,4.44,0.46
2014-07-26,0.02,26.01,67.03,19.4,3.96,0.46
2014-07-27,0.08,26.14,67.95,17.64,3.8,0.46
2014-07-28,0.03,25.75,67.38,16.95,3.19,0.45
2014-07-29,0.06,26.33,67.76,19.55,3.28,0.45
2014-07-30,0.1,26.66,67.42,18.02,3.19,0.45
2014-07-31,0.04,26.6,67.69,19.84,3.34,0.45
2014-08-01,0.03,26.57,67.52,19.75,3.73,0.44
2014-08-02,0.2,27.05,69.64,20.56,3.67,0.44
2014-08-03,1.35,26.93,71.91,19.52,3.15,0.44
2014-08-04,0.16,26.71,72.76,17.99,3.94,0.44
2014-08-05,0.03,26.58,71.04,19.95,4.69,0.43
2014-08-06,0.0,26.32,69.2,17.07,3.66,0.43
2014-08-07,0.0,26.46,67.18,19.6,4.12,0.43
2014-08-08,0.0,26.81,67.78,19.32,4.5,0.43
2014-08-09,0.02,26.94,66.64,20.91,4.33,0.42
2014-08-10,0.01,26.47,64.84,22.03,4.61,0.42
2014-08-11,0.08,26.23,62.56,21.77,4.92,0.42
2014-08-12,0.01,25.89,63.25,19.99,5.16,0.42
2014-08-13,0.03,26.1,65.47,20.55,4.55,0.41
2014-08-14,0.01,26.01,67.37,20.48,5.6,0.41
2014-08-15,0.01,25.89,62.9,21.19,5.63,0.41
2014-08-16,0.02,25.43,62.16,21.22,4.78,0.41
2014-08-17,0.0,25.46,62.96,20.27,4.36,0.4
2014-08-18,0.08,25.78,68.41,13.62,3.82,0.4
2014-08-19,0.14,26.49,69.24,18.53,3.22,0.4
2014-08-20,1.7,26.9,65.86,18.24,3.38,0.4
2014-08-21,0.31,26.85,67.12,20.39,3.98,0.4
2014-08-22,1.89,26.54,68.06,18.73,3.7,0.4
2014-08-23,0.05,26.62,63.38,20.1,4.56,0.4
2014-08-24,0.0,26.07,58.44,23.92,5.34,0.39
2014-08-25,0.0,25.81,59.2,23.43,3.58,0.39
2014-08-26,0.01,26.2,60.18,22.06,3.54,0.39
2014-08-27,0.0,26.56,61.97,21.98,3.37,0.39
2014-08-28,0.06,26.62,60.97,19.67,2.59,0.39
2014-08-29,0.95,26.36,62.5,21.03,3.69,0.38
2014-08-30,0.0,26.17,62.36,22.07,4.12,0.38
2014-08-31,0.0,26.06,61.02,22.87,3.41,0.38
2014-09-01,0.0,26.19,60.12,20.41,3.18,0.38
2014-09-02,0.3,26.09,59.52,22.94,3.62,0.38
2014-09-03,0.01,26.2,59.58,22.43,2.79,0.38
2014-09-04,0.0,26.58,58.19,23.55,3.12,0.38
2014-09-05,0.0,27.17,54.52,23.13,2.59,0.37
2014-09-06,0.0,27.31,58.22,23.16,3.35,0.37
2014-09-07,0.0,27.2,59.67,23.56,3.2,0.37
2014-09-08,0.4,26.97,57.21,23.1,3.87,0.37
2014-09-09,0.0,27.02,57.14,23.77,3.56,0.37
2014-09-10,0.0,27.13,56.77,25.21,4.15,0.37
2014-09-11,0.0,27.39,56.92,25.27,4.31,0.37
2014-09-12,0.0,27.57,57.33,25.33,3.35,0.37
2014-09-13,0.0,27.95,57.13,25.44,3.03,0.37
2014-09-14,0.0,28.1,53.2,22.41,2.65,0.37
2014-09-15,0.0,28.1,51.82,24.01,2.7,0.37
2014-09-16,0.0,27.36,59.71,23.05,2.62,0.37
2014-09-17,0.0,27.62,59.74,24.11,2.37,0.37
2014-09-18,0.0,28.63,60.16,25.49,2.6,0.37
2014-09-19,0.0,28.65,56.88,24.02,2.76,0.37
2014-09-20,0.0,27.65,57.11,26.49,3.94,0.37
2014-09-21,0.0,28.08,55.8,25.54,3.32,0.37
2014-09-22,0.0,28.34,52.52,26.33,3.64,0.37
2014-09-23,0.0,28.0,56.98,24.13,4.44,0.37
2014-09-24,0.0,28.33,52.42,25.42,4.48,0.37
2014-09-25,0.0,27.94,55.79,26.04,3.05,0.37
2014-09-26,0.02,28.5,57.81,24.44,2.6,0.37
2014-09-27,0.0,28.79,59.72,23.47,2.62,0.37
2014-09-28,0.05,28.81,60.55,23.93,3.7,0.37
2014-09-29,0.0,28.83,59.23,24.08,3.64,0.37
2014-09-30,0.01,28.47,56.61,24.92,3.96,0.37
2014-10-01,0.0,28.08,55.22,25.19,3.08,0.37
2014-10-02,0.05,28.44,54.45,24.79,2.34,0.37
2014-10-03,0.01,28.53,54.9,22.43,3.0,0.37
2014-10-04,0.0,28.8,53.78,24.08,2.71,0.37
2014-10-05,0.0,29.08,53.37,24.59,2.61,0.37
2014-10-06,0.06,28.89,52.57,24.35,4.12,0.37
2014-10-07,0.0,28.31,58.83,23.89,4.06,0.37
2014-10-08,0.03,28.56,58.62,25.26,3.19,0.37
2014-10-09,0.0,28.99,57.66,24.35,3.15,0.37
2014-10-10,0.16,29.82,52.54,26.27,2.71,0.37
2014-10-11,0.0,29.46,55.72,26.34,2.74,0.37
2014-10-12,0.03,28.97,60.62,24.66,2.32,0.37
2014-10-13,0.02,28.67,60.98,23.96,2.63,0.37
2014-10-14,0.0,29.46,57.86,24.88,2.08,0.37
2014-10-15,0.01,29.9,55.72,23.49,2.74,0.37
2014-10-16,0.04,29.21,62.47,23.33,2.83,0.37
2014-10-17,0.01,29.18,59.36,24.78,2.91,0.37
2014-10-18,0.06,29.75,53.61,23.5,3.01,0.37
2014-10-19,0.01,30.01,54.34,23.42,2.96,0.37
2014-10-20,0.14,30.0,56.8,23.92,2.99,0.37
2014-10-21,0.15,29.46,60.17,24.35,3.06,0.37
2014-10-22,0.0,29.6,54.67,24.59,3.21,0.37
2014-10-23,0.0,29.43,55.95,25.13,3.07,0.37
2014-10-24,0.13,29.46,57.56,23.51,2.45,0.37
2014-10-25,1.36,29.55,54.9,25.33,3.02,0.37
2014-10-26,0.04,29.58,54.68,25.68,2.9,0.37
2014-10-27,0.0,29.72,53.53,26.19,2.2,0.37
2014-10-28,0.0,29.32,57.86,24.97,3.03,0.37
2014-10-29,0.0,29.18,57.46,25.7,2.56,0.37
2014-10-30,0.0,29.68,53.01,25.16,3.02,0.37
2014-10-31,0.0,29.6,55.37,26.31,3.96,0.37
2014-11-01,0.0,29.49,58.15,25.06,3.23,0.37
2014-11-02,0.0,29.7,55.7,25.02,2.48,0.37
2014-11-03,0.02,29.55,55.98,25.34,2.62,0.37
2014-11-04,0.0,30.21,53.63,25.43,2.77,0.37
2014-11-05,0.44,30.24,58.62,24.55,2.98,0.37
2014-11-06,1.58,29.81,58.86,24.59,1.85,0.37
2014-11-07,5.46,29.67,61.44,22.35,2.04,0.38
2014-11-08,1.84,28.5,69.9,22.06,3.34,0.38
2014-11-09,1.28,28.56,68.31,23.05,2.9,0.38
2014-11-10,1.26,28.74,67.17,22.72,2.21,0.38
2014-11-11,0.53,29.43,61.52,25.32,2.77,0.38
2014-11-12,0.61,29.67,61.67,23.94,2.59,0.38
2014-11-13,0.93,29.77,59.91,24.09,1.26,0.38
2014-11-14,2.37,29.4,60.56,22.37,1.26,0.38
2014-11-15,0.84,29.65,58.09,22.2,1.05,0.38
2014-11-16,2.86,29.84,56.65,23.01,1.16,0.38
2014-11-17,5.1,29.04,65.48,22.45,2.23,0.38
2014-11-18,3.03,29.2,64.84,22.88,2.07,0.39
2014-11-19,0.22,29.52,61.22,22.75,2.48,0.38
2014-11-20,0.05,30.52,54.62,26.02,2.12,0.38
2014-11-21,0.21,30.85,54.62,26.18,2.71,0.38
2014-11-22,0.87,30.73,53.44,23.41,2.18,0.38
2014-11-23,2.42,30.59,58.18,23.59,1.84,0.38
2014-11-24,2.8,29.25,67.52,22.75,2.24,0.38
2014-11-25,3.75,29.47,66.29,25.23,2.07,0.38
2014-11-26,29.82,28.41,74.44,19.64,1.92,0.41
2014-11-27,22.31,27.8,78.05,22.05,0.99,0.47
2014-11-28,8.3,28.17,76.96,21.31,1.4,0.49
2014-11-29,1.63,28.32,74.08,22.04,1.55,0.49
2014-11-30,3.15,28.71,70.7,22.52,1.27,0.48
2014-12-01,9.91,27.49,75.35,15.34,1.45,0.49
2014-12-02,23.45,26.57,83.47,17.71,2.43,0.52
2014-12-03,19.22,26.06,84.34,16.33,3.34,0.56
2014-12-04,14.55,26.54,82.04,20.91,1.68,0.58
2014-12-05,29.35,26.97,82.29,18.46,1.72,0.61
2014-12-06,13.95,26.69,86.75,19.2,2.99,0.64
2014-12-07,9.56,26.85,81.82,20.26,2.58,0.65
2014-12-08,8.72,26.63,84.05,19.26,2.17,0.66
2014-12-09,5.86,26.64,79.81,15.52,1.85,0.67
2014-12-10,4.74,26.87,74.62,11.32,1.5,0.67
2014-12-11,0.06,26.44,78.07,19.41,2.11,0.66
2014-12-12,1.35,26.88,79.26,19.7,2.86,0.66
2014-12-13,0.57,27.04,81.81,22.8,2.46,0.65
2014-12-14,1.63,27.22,82.39,21.98,2.17,0.65
2014-12-15,1.71,27.79,79.04,23.26,1.4,0.65
2014-12-16,3.39,27.51,81.07,20.18,1.14,0.64
2014-12-17,53.81,27.46,79.11,15.6,1.51,0.68
2014-12-18,12.2,27.44,78.65,22.25,1.01,0.73
2014-12-19,3.89,27.51,77.83,19.48,0.8,0.73
2014-12-20,2.05,27.66,77.47,20.99,0.85,0.72
2014-12-21,7.38,27.6,77.01,23.17,0.95,0.73
2014-12-22,5.27,28.22,73.83,23.44,1.22,0.73
2014-12-23,10.12,27.99,77.65,22.16,1.71,0.73
2014-12-24,12.13,28.1,77.21,20.98,0.73,0.74
2014-12-25,5.05,27.74,81.25,20.48,0.71,0.75
2014-12-26,5.43,28.07,79.44,21.66,1.22,0.75
2014-12-27,4.52,28.33,76.87,20.24,1.6,0.75
2014-12-28,6.04,27.14,84.68,19.52,1.69,0.75
2014-12-29,5.93,27.02,83.94,20.51,3.03,0.75
2014-12-30,2.74,26.91,80.68,21.58,1.81,0.75
2014-12-31,4.68,26.84,83.1,15.78,2.51,0.75
2015-01-01,9.96,26.19,85.25,16.21,2.73,0.76
2015-01-02,18.8,25.96,85.59,16.21,3.3,0.78
2015-01-03,26.7,26.05,83.57,14.42,3.4,0.79
2015-01-04,14.34,26.4,82.69,19.62,3.0,0.83
2015-01-05,2.27,26.51,81.49,23.06,2.81,0.83
2015-01-06,0.98,26.85,78.67,22.33,3.33,0.82
2015-01-07,1.05,26.87,78.63,22.75,3.44,0.81
2015-01-08,1.36,26.79,83.9,18.93,3.57,0.8
2015-01-09,5.31,26.6,87.27,19.92,4.45,0.8
2015-01-10,7.03,26.24,88.41,12.9,4.08,0.81
2015-01-11,6.01,26.18,84.8,17.39,3.61,0.81
2015-01-12,3.89,25.67,84.5,20.37,2.65,0.81
2015-01-13,6.33,26.79,76.07,23.69,1.51,0.81
2015-01-14,29.07,26.51,85.76,21.19,1.96,0.83
2015-01-15,7.77,26.39,82.24,17.9,1.88,0.84
2015-01-16,3.4,26.29,80.21,22.26,1.53,0.84
2015-01-17,0.43,27.23,75.68,23.89,1.26,0.83
2015-01-18,8.91,26.6,82.35,21.45,1.45,0.83
2015-01-19,11.31,26.3,84.3,21.63,1.0,0.84
2015-01-20,2.27,26.08,83.93,20.53,1.79,0.84
2015-01-21,1.19,26.44,81.93,23.43,1.15,0.84
2015-01-22,12.95,26.15,86.41,18.36,2.11,0.84
2015-01-23,4.0,26.15,86.17,15.77,3.11,0.85
2015-01-24,2.2,26.78,82.16,21.82,2.0,0.84
2015-01-25,4.12,26.36,87.72,12.78,2.25,0.84
2015-01-26,5.13,26.12,86.95,19.95,2.43,0.84
2015-01-27,7.28,26.28,86.11,17.93,2.31,0.84
2015-01-28,5.27,25.96,85.21,14.14,2.06,0.85
2015-01-29,14.87,26.78,81.52,23.5,1.73,0.85
2015-01-30,51.73,25.96,86.51,21.07,2.38,0.89
2015-01-31,24.7,25.99,86.02,18.53,1.6,0.9
2015-02-01,5.16,26.02,79.81,18.86,1.79,0.91
2015-02-02,3.03,26.55,77.28,23.76,1.18,0.9
2015-02-03,2.44,27.14,74.77,23.58,1.52,0.89
2015-02-04,3.1,26.76,78.03,22.02,0.92,0.89
2015-02-05,2.23,26.46,82.06,23.98,1.89,0.88
2015-02-06,6.51,25.68,83.69,22.58,1.08,0.88
2015-02-07,7.96,26.24,78.84,22.63,0.85,0.88
2015-02-08,18.92,27.07,75.11,23.76,1.21,0.89
2015-02-09,0.37,27.46,74.39,24.09,1.75,0.89
2015-02-10,2.18,26.35,82.92,14.52,1.64,0.88
2015-02-11,1.86,26.92,80.36,22.11,1.38,0.88
2015-02-12,5.06,26.06,84.91,19.11,3.04,0.87
2015-02-13,3.83,26.29,81.45,18.26,2.26,0.87
2015-02-14,11.55,25.81,84.81,13.57,1.61,0.88
2015-02-15,1.59,26.48,78.46,25.01,1.51,0.87
2015-02-16,2.03,26.7,80.27,20.77,1.38,0.87
2015-02-17,2.66,26.55,84.54,19.15,2.15,0.86
2015-02-18,3.1,26.43,83.33,20.56,1.36,0.86
2015-02-19,0.56,26.81,83.28,21.86,2.86,0.85
2015-02-20,20.99,25.8,87.21,18.41,3.16,0.86
2015-02-21,10.39,25.72,81.13,13.87,3.19,0.88
2015-02-22,6.37,25.73,85.1,20.23,2.99,0.88
2015-02-23,2.98,25.91,86.48,18.91,2.77,0.88
2015-02-24,13.59,25.45,84.8,12.46,2.43,0.88
2015-02-25,1.6,26.02,80.68,21.73,2.16,0.88
2015-02-26,3.17,25.61,86.94,18.62,2.54,0.88
2015-02-27,1.16,26.53,80.81,17.28,1.63,0.87
2015-02-28,1.32,26.74,81.01,21.72,1.17,0.87
2015-03-01,11.12,26.56,82.26,21.86,1.33,0.87
2015-03-02,21.18,26.64,81.04,23.98,2.17,0.89
2015-03-03,1.35,26.73,77.94,21.63,2.27,0.88
2015-03-04,3.78,26.42,81.33,20.81,1.78,0.88
2015-03-05,10.11,26.16,87.34,17.43,3.37,0.88
2015-03-06,45.7,25.53,86.91,16.07,2.54,0.9
2015-03-07,62.94,25.13,87.19,8.69,1.98,0.95
2015-03-08,3.56,25.54,84.06,17.88,3.07,0.95
2015-03-09,4.29,25.86,84.38,21.47,3.11,0.94
2015-03-10,2.28,25.67,86.51,18.04,3.27,0.93
2015-03-11,1.4,25.89,85.65,17.75,3.66,0.93
2015-03-12,2.31,26.02,85.2,21.06,2.63,0.92
2015-03-13,2.01,26.39,83.6,21.82,1.45,0.92
2015-03-14,1.44,26.29,85.42,19.12,1.74,0.91
2015-03-15,3.52,26.1,84.7,19.5,1.83,0.91
2015-03-16,2.48,26.03,84.75,21.63,2.38,0.9
2015-03-17,2.87,26.68,79.07,21.53,1.06,0.9
2015-03-18,1.52,27.23,77.27,22.52,0.98,0.89
2015-03-19,1.63,27.54,76.95,22.18,1.95,0.88
2015-03-20,7.01,27.86,77.01,23.75,2.45,0.88
2015-03-21,1.96,27.93,74.41,23.06,1.82,0.88
2015-03-22,2.89,27.83,74.18,22.58,1.46,0.87
2015-03-23,1.11,27.15,77.58,23.73,1.99,0.86
2015-03-24,0.65,27.75,72.83,22.71,1.41,0.85
2015-03-25,2.23,27.71,75.36,22.8,1.16,0.84
2015-03-26,1.22,28.17,71.56,22.51,1.04,0.84
2015-03-27,1.06,28.32,73.06,22.29,1.05,0.83
2015-03-28,1.0,27.62,78.02,22.11,1.09,0.82
2015-03-29,0.97,27.59,77.14,23.2,1.78,0.81
2015-03-30,6.6,27.19,81.13,21.92,1.35,0.81
2015-03-31,2.76,27.46,79.96,21.18,2.02,0.81
2015-04-01,0.38,27.85,78.27,22.93,2.06,0.81
2015-04-02,1.2,27.47,81.05,21.69,2.37,0.8
2015-04-03,1.25,27.23,79.51,22.07,1.91,0.79
2015-04-04,0.84,27.78,73.88,21.43,0.97,0.79
2015-04-05,9.82,26.63,82.75,18.36,1.75,0.78
2015-04-06,12.76,26.06,85.12,13.08,2.31,0.8
2015-04-07,13.45,25.65,85.33,9.27,2.17,0.82
2015-04-08,0.06,27.65,72.01,22.07,1.62,0.82
2015-04-09,2.45,27.67,74.46,22.61,1.52,0.81
2015-04-10,2.34,27.17,81.36,20.57,2.36,0.8
2015-04-11,3.36,27.25,80.78,21.56,2.19,0.8
2015-04-12,3.62,27.12,81.09,20.56,1.69,0.8
2015-04-13,3.09,26.37,80.44,11.2,1.93,0.8
2015-04-14,1.49,27.0,75.47,19.57,1.67,0.79
2015-04-15,0.4,27.23,80.31,22.2,1.83,0.79
2015-04-16,3.86,27.53,78.48,21.44,1.58,0.78
2015-04-17,8.06,26.95,77.83,8.64,0.89,0.79
2015-04-18,1.39,27.37,74.22,18.96,1.16,0.79
2015-04-19,1.62,27.17,76.66,13.71,0.94,0.78
2015-04-20,3.74,27.09,78.67,15.88,1.22,0.78
2015-04-21,1.87,26.86,81.85,17.21,2.95,0.78
2015-04-22,1.9,26.85,81.33,16.16,2.07,0.78
2015-04-23,2.28,26.45,82.67,16.73,1.78,0.78
2015-04-24,5.48,26.38,81.86,13.93,1.91,0.78
2015-04-25,10.04,25.41,88.56,14.34,2.44,0.78
2015-04-26,28.71,25.51,85.97,13.91,2.27,0.8
2015-04-27,9.55,25.36,85.14,9.85,2.18,0.83
2015-04-28,4.9,26.05,82.27,16.17,2.4,0.83
2015-04-29,1.1,26.73,82.07,16.46,2.37,0.83
2015-04-30,0.47,26.15,85.47,18.62,2.34,0.82
2015-05-01,3.58,26.9,77.86,17.29,1.91,0.82
2015-05-02,4.4,26.69,81.85,13.22,1.52,0.82
2015-05-03,5.11,26.27,85.51,12.45,1.89,0.82
2015-05-04,3.61,25.95,82.12,18.13,2.67,0.82
2015-05-05,0.01,25.42,72.8,19.29,3.28,0.82
2015-05-06,0.0,25.17,72.68,21.21,2.74,0.81
2015-05-07,0.0,26.14,73.77,20.62,2.54,0.8
2015-05-08,0.07,26.11,79.71,21.38,3.39,0.79
2015-05-09,0.06,26.36,77.07,20.58,3.82,0.78
2015-05-10,0.38,26.34,78.31,20.12,3.63,0.77
2015-05-11,0.29,26.61,81.64,19.13,3.08,0.76
2015-05-12,0.25,26.77,82.86,19.45,4.12,0.76
2015-05-13,0.13,26.58,81.38,20.4,3.47,0.75
2015-05-14,0.02,26.21,78.91,19.41,3.35,0.74
2015-05-15,0.02,25.54,77.36,19.36,4.18,0.73
2015-05-16,0.0,25.34,75.37,20.12,3.6,0.72
2015-05-17,0.09,24.9,73.79,21.85,2.84,0.71
2015-05-18,0.01,25.2,75.66,21.53,2.71,0.71
2015-05-19,0.02,25.42,75.42,20.81,2.44,0.7
2015-05-20,0.03,25.71,75.64,21.3,2.19,0.69
2015-05-21,0.01,26.04,77.36,18.94,2.1,0.68
2015-05-22,0.03,26.24,80.7,18.62,2.33,0.68
2015-05-23,0.5,26.24,80.17,19.87,2.35,0.67
2015-05-24,0.83,26.46,79.25,19.16,1.89,0.66
2015-05-25,0.15,26.27,80.31,19.29,2.27,0.66
2015-05-26,0.09,26.24,80.08,19.49,2.34,0.65
2015-05-27,0.04,26.39,77.55,20.62,2.19,0.64
2015-05-28,1.68,26.32,80.69,18.9,3.05,0.64
2015-05-29,1.07,26.39,83.66,17.5,3.31,0.63
2015-05-30,0.74,25.77,85.54,17.3,2.76,0.63
2015-05-31,0.03,26.42,79.56,18.45,3.04,0.63
2015-06-01,0.56,26.68,80.66,16.55,3.01,0.62
2015-06-02,0.84,26.6,81.89,17.14,2.79,0.62
2015-06-03,1.54,26.51,83.23,17.6,4.25,0.61
2015-06-04,0.08,26.43,79.11,19.07,4.54,0.61
2015-06-05,0.12,26.06,80.73,16.5,4.48,0.6
2015-06-06,0.12,26.15,80.93,17.93,3.65,0.6
2015-06-07,0.48,26.35,82.16,13.98,4.5,0.59
2015-06-08,0.48,26.25,80.19,17.2,4.33,0.58
2015-06-09,0.07,26.15,76.74,18.11,3.63,0.58
2015-06-10,0.02,25.82,77.13,17.3,3.45,0.57
2015-06-11,0.18,25.74,77.64,18.51,3.56,0.57
2015-06-12,0.07,25.79,77.65,18.75,3.52,0.56
2015-06-13,0.09,25.58,77.52,18.42,3.6,0.56
2015-06-14,0.14,25.51,71.77,20.41,3.91,0.55
2015-06-15,0.26,25.72,74.54,18.99,2.65,0.55
2015-06-16,0.09,25.95,77.08,19.16,3.2,0.54
2015-06-17,0.16,26.25,75.64,18.41,3.38,0.54
2015-06-18,0.03,26.21,73.42,19.3,3.48,0.53
2015-06-19,0.01,25.92,74.69,16.97,3.93,0.53
2015-06-20,0.03,25.21,76.41,15.69,3.76,0.53
2015-06-21,0.22,25.79,71.48,20.4,3.4,0.52
2015-06-22,0.08,25.42,69.95,19.2,4.4,0.52
2015-06-23,0.07,25.27,69.27,19.68,4.07,0.51
2015-06-24,0.06,25.08,68.87,18.14,4.2,0.51
2015-06-25,0.02,25.78,70.49,16.45,3.24,0.5
2015-06-26,0.0,25.92,70.19,18.0,4.05,0.5
2015-06-27,0.02,25.88,68.52,19.2,4.3,0.5
2015-06-28,0.02,25.72,68.66,18.86,3.69,0.49
2015-06-29,0.03,25.6,71.44,18.02,4.13,0.49
2015-06-30,0.05,25.25,68.38,18.47,3.73,0.49
2015-07-01,0.05,25.28,66.92,18.7,2.86,0.48
2015-07-02,0.01,25.29,66.49,19.27,3.39,0.48
2015-07-03,0.02,25.44,65.91,19.16,3.49,0.48
2015-07-04,0.03,25.92,68.02,19.4,2.36,0.47
2015-07-05,0.07,26.08,68.61,19.45,3.36,0.47
2015-07-06,0.02,25.51,66.36,20.06,3.72,0.47
2015-07-07,0.02,25.01,64.41,21.19,3.57,0.46
2015-07-08,0.02,24.87,64.65,19.25,2.62,0.46
2015-07-09,0.05,25.2,66.19,16.3,2.29,0.46
2015-07-10,0.14,25.72,69.33,17.38,2.67,0.45
2015-07-11,0.68,26.34,70.91,16.22,2.91,0.45
2015-07-12,0.36,26.35,71.98,18.89,3.64,0.45
2015-07-13,0.07,26.54,73.49,16.82,3.75,0.45
2015-07-14,0.03,25.87,71.25,15.42,4.3,0.45
2015-07-15,0.05,25.69,70.12,18.03,3.81,0.44
2015-07-16,0.02,25.63,69.4,19.43,3.36,0.44
2015-07-17,0.01,25.99,68.82,18.72,3.9,0.44
2015-07-18,0.03,26.03,68.68,19.22,4.52,0.43
2015-07-19,0.08,25.74,68.68,16.01,4.52,0.43
2015-07-20,0.1,25.71,68.71,16.08,3.37,0.43
2015-07-21,0.06,26.11,65.96,18.17,2.22,0.43
2015-07-22,0.0,26.38,67.5,18.46,2.93,0.42
2015-07-23,0.01,26.4,68.9,17.99,3.23,0.42
2015-07-24,0.02,26.26,67.13,19.49,2.64,0.42
2015-07-25,0.02,25.95,68.77,20.1,2.75,0.42
2015-07-26,0.09,26.24,70.15,19.14,4.05,0.42
2015-07-27,0.04,26.58,67.41,21.0,4.0,0.41
2015-07-28,0.12,26.91,67.72,17.42,3.72,0.41
2015-07-29,0.08,26.29,69.29,18.72,4.88,0.41
2015-07-30,0.0,26.47,65.94,20.78,3.84,0.41
2015-07-31,0.01,26.36,66.19,20.84,3.64,0.4
2015-08-01,0.12,25.7,64.12,21.99,4.78,0.4
2015-08-02,0.19,25.43,64.7,20.07,3.55,0.4
2015-08-03,0.05,25.91,62.06,21.17,3.99,0.4
2015-08-04,0.01,25.26,64.48,21.06,3.87,0.4
2015-08-05,0.05,25.69,64.14,19.84,3.42,0.4
2015-08-06,0.1,25.55,66.66,19.98,4.07,0.39
2015-08-07,0.24,25.71,66.53,17.59,3.04,0.39
2015-08-08,0.0,25.95,61.64,20.77,2.79,0.39
2015-08-09,0.1,26.14,66.86,18.77,3.0,0.39
2015-08-10,0.04,26.44,70.61,19.01,3.37,0.39
2015-08-11,0.04,26.59,67.96,14.19,3.8,0.39
2015-08-12,0.04,26.42,66.37,16.39,3.81,0.38
2015-08-13,0.02,26.65,68.33,20.61,3.08,0.38
2015-08-14,0.05,26.41,69.39,21.53,3.28,0.38
2015-08-15,0.02,26.32,64.02,21.84,3.37,0.38
2015-08-16,0.01,26.11,60.02,21.73,3.33,0.38
2015-08-17,0.0,26.08,60.98,22.2,3.63,0.38
2015-08-18,0.02,25.82,58.58,22.49,4.08,0.38
2015-08-19,0.02,25.84,60.51,22.47,3.25,0.37
2015-08-20,0.04,25.75,61.44,21.25,2.77,0.37
2015-08-21,0.05,25.93,63.13,21.44,2.88,0.37
2015-08-22,0.03,26.21,61.07,21.66,2.55,0.37
2015-08-23,0.01,26.62,61.5,21.92,2.89,0.37
2015-08-24,0.09,26.86,65.57,21.38,3.01,0.37
2015-08-25,0.02,27.4,64.83,21.26,3.03,0.37
2015-08-26,0.04,27.43,65.09,20.8,2.78,0.37
2015-08-27,0.06,27.31,65.52,20.44,3.44,0.37
2015-08-28,0.73,27.22,67.54,20.3,3.76,0.37
2015-08-29,0.67,27.51,64.06,22.9,3.53,0.37
2015-08-30,0.01,27.19,62.3,23.52,3.47,0.37
2015-08-31,0.01,27.12,63.04,22.18,3.89,0.37
2015-09-01,0.02,26.99,63.77,22.24,4.1,0.37
2015-09-02,0.04,26.95,65.72,21.94,4.2,0.37
2015-09-03,0.06,26.45,66.05,23.25,4.51,0.37
2015-09-04,0.04,26.61,65.7,22.68,4.3,0.37
2015-09-05,0.01,27.3,61.85,22.67,3.7,0.37
2015-09-06,0.0,27.27,61.96,23.1,3.71,0.37
2015-09-07,0.0,27.35,59.25,23.51,3.55,0.37
2015-09-08,0.0,27.53,54.55,25.16,3.34,0.37
2015-09-09,0.11,27.1,58.12,23.64,2.91,0.37
2015-09-10,0.02,27.45,57.77,22.25,3.63,0.37
2015-09-11,0.09,27.41,59.25,22.82,4.17,0.37
2015-09-12,0.06,27.04,55.28,23.88,3.33,0.37
2015-09-13,0.0,26.69,54.14,24.48,3.38,0.37
2015-09-14,0.03,26.72,55.51,22.77,3.71,0.37
2015-09-15,0.03,26.8,60.87,23.02,3.29,0.37
2015-09-16,0.03,27.62,59.16,23.77,2.55,0.37
2015-09-17,0.01,28.11,60.36,23.2,2.93,0.37
2015-09-18,0.05,28.16,61.96,22.94,2.63,0.37
2015-09-19,0.06,27.81,61.43,23.11,3.06,0.37
2015-09-20,0.0,28.27,57.08,23.87,2.66,0.37
2015-09-21,0.0,28.54,53.64,26.48,2.78,0.37
2015-09-22,0.0,28.9,51.27,26.98,3.01,0.37
2015-09-23,0.0,28.17,54.2,27.09,3.62,0.37
2015-09-24,0.01,27.63,57.56,25.99,3.46,0.37
2015-09-25,0.02,27.73,57.62,23.76,3.29,0.37
2015-09-26,0.01,27.75,57.61,23.8,4.27,0.37
2015-09-27,0.13,27.7,61.38,23.19,3.29,0.37
2015-09-28,0.25,27.95,58.52,22.53,2.69,0.37
2015-09-29,0.55,27.76,60.57,23.55,2.87,0.37
2015-09-30,0.0,28.2,58.57,22.79,3.53,0.37
2015-10-01,0.01,28.32,57.73,24.19,3.71,0.37
2015-10-02,0.06,27.98,61.75,25.14,3.82,0.37
2015-10-03,0.15,27.96,59.65,24.64,3.16,0.37
2015-10-04,0.07,28.32,56.23,26.71,2.8,0.37
2015-10-05,0.89,28.11,57.5,23.71,2.47,0.37
2015-10-06,0.03,28.16,59.58,23.49,3.15,0.37
2015-10-07,0.0,28.11,58.53,25.13,2.82,0.37
2015-10-08,0.03,28.08,57.95,24.48,2.6,0.37
2015-10-09,0.25,27.82,62.65,24.36,2.43,0.37
2015-10-10,0.13,28.36,60.51,26.0,3.07,0.37
2015-10-11,0.0,28.31,61.71,25.91,2.39,0.37
2015-10-12,0.01,28.6,59.84,26.78,2.26,0.37
2015-10-13,0.02,28.74,56.08,25.81,2.09,0.37
2015-10-14,0.04,28.57,53.43,24.3,2.44,0.37
2015-10-15,0.01,28.75,53.71,26.01,3.13,0.37
2015-10-16,0.0,28.95,54.02,27.64,2.31,0.37
2015-10-17,0.0,29.37,52.1,25.58,3.03,0.37
2015-10-18,0.0,28.79,54.36,25.27,2.45,0.37
2015-10-19,0.05,29.05,54.17,24.33,2.37,0.37
2015-10-20,0.02,28.51,57.71,24.51,2.93,0.37
2015-10-21,0.02,28.5,57.01,23.68,2.87,0.37
2015-10-22,0.01,28.57,56.35,25.76,2.8,0.37
2015-10-23,0.0,28.88,53.55,27.15,2.44,0.37
2015-10-24,0.0,28.47,61.86,26.3,2.72,0.37
2015-10-25,0.01,29.34,55.39,25.64,2.2,0.37
2015-10-26,0.44,29.74,53.57,25.73,2.62,0.37
2015-10-27,1.05,29.45,56.54,25.68,3.04,0.37
2015-10-28,0.05,29.15,58.55,23.42,2.58,0.37
2015-10-29,0.61,29.63,59.35,24.43,2.33,0.37
2015-10-30,0.52,29.86,57.24,25.21,3.1,0.37
2015-10-31,0.0,29.71,56.31,26.29,3.08,0.37
2015-11-01,0.02,29.35,57.5,27.48,2.78,0.37
2015-11-02,0.42,29.63,57.12,26.65,2.17,0.37
2015-11-03,0.23,29.64,58.58,24.94,2.0,0.37
2015-11-04,0.03,29.62,57.77,25.09,2.55,0.37
2015-11-05,0.87,29.91,58.54,24.77,2.26,0.37
2015-11-06,0.03,30.12,55.92,24.23,2.05,0.37
2015-11-07,0.58,30.15,58.22,24.32,2.59,0.37
2015-11-08,1.53,30.11,60.72,23.14,2.22,0.37
2015-11-09,0.61,30.03,60.87,23.24,2.09,0.37
2015-11-10,1.42,29.42,65.46,22.4,3.14,0.37
2015-11-11,2.27,28.96,67.33,22.56,2.55,0.38
2015-11-12,0.63,29.8,63.37,24.15,2.39,0.38
2015-11-13,0.56,29.93,62.46,24.34,2.94,0.38
2015-11-14,0.08,30.03,60.4,25.19,2.73,0.37
2015-11-15,1.5,29.75,61.12,24.7,2.65,0.37
2015-11-16,3.97,29.22,65.47,23.9,2.15,0.38
2015-11-17,1.66,28.78,67.39,23.41,1.03,0.38
2015-11-18,3.02,28.28,71.92,24.33,1.89,0.38
2015-11-19,0.52,29.23,66.94,23.5,2.62,0.38
2015-11-20,0.02,30.03,58.86,24.58,3.15,0.38
2015-11-21,0.03,30.29,56.43,26.39,1.98,0.38
2015-11-22,0.01,30.95,54.79,24.49,1.87,0.37
2015-11-23,0.01,31.18,52.13,24.61,1.77,0.37
2015-11-24,0.12,30.87,56.73,25.82,2.54,0.37
2015-11-25,0.44,30.9,55.08,25.24,0.9,0.37
2015-11-26,3.08,31.12,52.5,22.52,1.89,0.37
2015-11-27,14.17,29.21,69.15,22.19,2.13,0.4
2015-11-28,4.22,28.92,72.03,21.67,1.89,0.4
2015-11-29,0.6,30.16,64.3,24.71,1.32,0.4
2015-11-30,0.43,29.87,64.97,25.29,1.97,0.4
2015-12-01,0.29,30.39,62.91,23.6,2.0,0.4
2015-12-02,2.27,29.29,68.87,20.48,2.67,0.39
2015-12-03,7.58,28.33,73.88,19.69,2.51,0.4
2015-12-04,11.78,27.61,78.78,20.22,2.17,0.42
2015-12-05,7.08,27.95,76.67,22.4,1.1,0.44
2015-12-06,1.27,29.09,67.16,20.82,1.69,0.43
2015-12-07,0.89,29.25,64.81,24.52,1.57,0.43
2015-12-08,8.34,29.69,66.73,21.26,1.33,0.43
2015-12-09,14.71,28.23,79.55,20.99,1.75,0.46
2015-12-10,7.82,28.07,80.43,23.08,1.6,0.48
2015-12-11,4.99,27.69,80.19,21.4,1.33,0.48
2015-12-12,6.01,28.18,78.3,20.74,1.52,0.49
2015-12-13,7.17,28.42,74.45,21.1,0.94,0.5
2015-12-14,3.56,28.93,70.12,20.9,1.03,0.5
2015-12-15,6.05,28.72,70.31,21.6,0.87,0.5
2015-12-16,15.05,28.22,75.95,21.37,1.4,0.52
2015-12-17,9.93,27.64,82.0,18.78,2.64,0.54
2015-12-18,11.16,27.34,76.32,10.95,2.48,0.55
2015-12-19,1.89,27.93,70.24,9.25,3.48,0.55
2015-12-20,7.81,27.88,72.02,16.12,3.39,0.55
2015-12-21,11.24,27.21,79.17,19.69,2.37,0.56
2015-12-22,2.1,27.69,77.67,21.12,2.73,0.56
2015-12-23,9.21,27.29,81.76,21.33,2.42,0.57
2015-12-24,3.44,27.21,80.54,20.31,3.38,0.57
2015-12-25,16.34,26.29,85.4,16.43,4.73,0.58
2015-12-26,3.26,26.74,82.06,22.69,2.72,0.6
2015-12-27,0.38,27.08,81.49,20.5,2.45,0.59
2015-12-28,5.48,27.52,79.49,22.02,2.21,0.59
2015-12-29,3.41,27.81,76.33,24.47,1.87,0.59
2015-12-30,5.0,27.47,78.57,22.92,1.47,0.59
2015-12-31,2.52,27.71,77.01,22.64,0.93,0.58
2016-01-01,4.92,28.3,73.99,23.69,1.48,0.58
2016-01-02,8.89,28.19,75.13,21.54,1.96,0.58
2016-01-03,2.65,28.53,72.89,24.67,1.7,0.59
2016-01-04,1.04,28.64,71.5,25.07,1.29,0.58
2016-01-05,0.89,29.05,70.26,26.75,1.16,0.57
2016-01-06,0.73,29.5,68.58,24.42,1.03,0.56
2016-01-07,1.27,29.68,69.01,24.18,1.51,0.56
2016-01-08,0.36,29.63,67.81,25.47,1.28,0.55
2016-01-09,0.69,29.46,66.65,20.34,1.85,0.54
2016-01-10,0.01,29.28,62.07,26.52,1.74,0.54
2016-01-11,0.79,29.27,63.67,25.21,1.62,0.53
2016-01-12,0.87,29.68,63.48,24.62,1.55,0.53
2016-01-13,1.36,29.19,66.55,26.22,2.13,0.52
2016-01-14,0.45,29.39,65.23,26.25,2.28,0.52
2016-01-15,0.19,29.76,63.56,24.82,2.27,0.51
2016-01-16,3.1,29.61,64.28,24.61,1.44,0.51
2016-01-17,4.56,29.3,68.91,23.62,1.16,0.51
2016-01-18,4.31,29.1,69.96,19.25,1.66,0.51
2016-01-19,2.76,29.19,69.24,22.68,2.18,0.51
2016-01-20,1.73,29.14,70.76,21.31,2.36,0.5
2016-01-21,12.74,28.57,73.73,23.54,1.93,0.51
2016-01-22,6.8,27.28,80.22,19.46,2.05,0.53
2016-01-23,10.97,27.06,80.87,20.2,2.51,0.54
2016-01-24,21.77,27.0,83.1,19.19,3.69,0.56
2016-01-25,26.15,25.81,86.28,19.55,2.91,0.61
2016-01-26,10.25,25.72,84.27,13.18,2.81,0.63
2016-01-27,13.29,26.06,84.54,7.7,4.25,0.64
2016-01-28,9.72,26.27,84.11,13.6,3.55,0.66
2016-01-29,9.29,27.22,81.31,19.89,2.64,0.65
2016-01-30,23.58,26.89,86.15,18.94,3.14,0.67
2016-01-31,9.97,26.79,84.47,14.11,3.84,0.71
2016-02-01,3.91,27.29,80.44,16.81,2.9,0.71
2016-02-02,6.46,26.56,85.77,15.32,1.77,0.71
2016-02-03,4.47,26.53,84.73,16.76,1.81,0.71
2016-02-04,2.94,25.95,88.12,22.48,1.75,0.71
2016-02-05,11.8,26.46,87.87,11.33,2.72,0.72
2016-02-06,14.59,26.84,85.11,22.73,2.04,0.73
2016-02-07,7.85,26.86,86.02,19.12,1.54,0.75
2016-02-08,10.0,26.86,84.29,19.72,1.05,0.75
2016-02-09,6.45,27.35,83.13,20.24,1.54,0.76
2016-02-10,6.0,27.02,84.35,20.31,2.37,0.76
2016-02-11,6.59,26.21,85.0,17.39,2.69,0.77
2016-02-12,12.59,25.88,87.36,9.06,3.19,0.78
2016-02-13,3.55,26.95,81.62,18.51,2.46,0.78
2016-02-14,0.78,26.41,85.48,24.56,1.29,0.78
2016-02-15,0.43,27.65,79.48,22.56,1.29,0.77
2016-02-16,11.15,27.7,79.44,23.72,1.13,0.77
2016-02-17,7.58,27.27,81.0,23.62,1.19,0.78
2016-02-18,1.82,27.84,76.28,24.53,0.96,0.78
2016-02-19,1.93,27.94,77.43,23.56,1.55,0.77
2016-02-20,4.58,28.05,79.12,20.35,1.61,0.77
2016-02-21,2.56,28.34,75.56,19.81,1.09,0.76
2016-02-22,3.99,27.24,82.47,23.3,1.18,0.76
2016-02-23,1.1,27.28,82.76,16.24,1.82,0.76
2016-02-24,2.16,27.41,81.4,21.41,1.66,0.76
2016-02-25,8.27,27.35,80.27,21.82,2.09,0.76
2016-02-26,7.9,26.84,82.64,17.65,2.39,0.76
2016-02-27,11.85,26.56,85.08,20.43,2.91,0.77
2016-02-28,18.7,27.3,83.72,20.82,2.24,0.78
2016-02-29,13.32,26.6,87.99,17.93,2.97,0.81
2016-03-01,4.64,27.02,84.12,19.2,1.67,0.81
2016-03-02,6.98,26.55,88.42,17.52,1.32,0.82
2016-03-03,5.02,26.89,83.91,22.79,1.57,0.82
2016-03-04,3.17,27.6,81.65,25.4,1.72,0.82
2016-03-05,0.14,27.9,79.05,24.46,1.82,0.81
2016-03-06,0.86,28.23,76.47,22.95,1.07,0.8
2016-03-07,1.88,28.94,74.51,24.09,0.79,0.8
2016-03-08,1.89,28.4,78.69,19.52,1.1,0.79
2016-03-09,11.36,28.95,74.47,22.1,0.59,0.79
2016-03-10,6.33,29.28,73.02,22.05,0.47,0.8
2016-03-11,1.49,28.76,75.72,20.94,0.91,0.8
2016-03-12,34.15,28.05,82.68,16.91,1.37,0.82
2016-03-13,4.74,27.37,84.19,20.68,1.54,0.83
2016-03-14,2.32,27.47,84.12,18.63,1.98,0.83
2016-03-15,22.03,27.75,83.07,17.04,1.74,0.84
2016-03-16,7.43,27.82,83.67,17.11,1.67,0.85
2016-03-17,2.72,27.51,83.58,18.09,1.23,0.85
2016-03-18,2.18,27.27,83.72,18.71,1.67,0.85
2016-03-19,1.41,28.66,73.94,22.93,1.17,0.84
2016-03-20,1.4,28.67,75.58,23.85,1.41,0.83
2016-03-21,0.43,28.47,75.28,22.75,1.49,0.82
2016-03-22,3.41,28.58,73.95,21.8,0.79,0.82
2016-03-23,4.25,28.92,74.2,21.59,0.94,0.81
2016-03-24,9.41,28.31,78.6,22.41,0.77,0.81
2016-03-25,3.47,28.77,76.17,24.03,1.0,0.82
2016-03-26,5.15,28.33,74.48,19.8,1.07,0.81
2016-03-27,4.73,27.79,78.38,20.81,1.04,0.81
2016-03-28,1.7,27.35,83.64,22.08,2.22,0.81
2016-03-29,1.33,28.18,75.53,17.86,1.06,0.8
2016-03-30,1.14,28.52,75.36,22.3,1.23,0.8
2016-03-31,6.27,28.19,74.24,21.61,0.77,0.79
2016-04-01,0.35,28.04,76.22,23.54,1.93,0.79
2016-04-02,1.29,27.86,78.63,22.76,1.79,0.78
2016-04-03,11.79,28.17,79.5,22.67,1.69,0.79
2016-04-04,2.57,28.05,78.13,23.2,2.24,0.79
2016-04-05,7.12,27.63,80.43,19.32,1.53,0.79
2016-04-06,9.95,27.28,80.18,14.63,1.36,0.8
2016-04-07,2.21,27.61,80.91,17.91,1.95,0.8
2016-04-08,5.15,27.63,82.39,21.74,1.87,0.8
2016-04-09,4.03,27.27,78.5,20.27,0.62,0.8
2016-04-10,5.67,27.74,76.85,21.9,1.44,0.8
2016-04-11,1.0,28.3,73.45,17.4,1.35,0.8
2016-04-12,9.0,28.0,78.29,20.95,2.28,0.8
2016-04-13,20.74,27.98,79.26,19.34,1.76,0.81
2016-04-14,10.49,28.22,78.2,20.51,2.83,0.83
2016-04-15,12.19,27.71,80.17,20.29,2.56,0.83
2016-04-16,1.65,27.94,77.92,22.14,1.7,0.83
2016-04-17,1.63,27.55,78.97,22.71,1.9,0.82
2016-04-18,0.55,27.69,76.54,22.55,2.21,0.81
2016-04-19,0.89,27.62,77.3,20.63,2.14,0.8
2016-04-20,0.33,27.52,79.06,21.26,2.4,0.79
2016-04-21,0.25,27.85,76.29,22.03,2.88,0.78
2016-04-22,0.83,27.78,77.37,20.01,2.7,0.77
2016-04-23,0.02,27.48,78.94,21.99,2.89,0.77
2016-04-24,0.34,27.52,77.3,22.35,2.56,0.76
2016-04-25,0.66,27.67,78.68,21.68,3.08,0.75
2016-04-26,0.55,27.9,76.5,20.83,2.36,0.74
2016-04-27,0.6,27.74,77.15,20.95,2.59,0.73
2016-04-28,0.58,27.66,76.47,21.45,2.52,0.72
2016-04-29,2.81,27.6,79.2,20.29,1.96,0.72
2016-04-30,12.51,27.41,80.45,18.71,2.26,0.73
2016-05-01,2.56,27.54,80.26,19.72,2.27,0.73
2016-05-02,2.8,27.71,78.45,20.0,2.04,0.72
2016-05-03,0.39,27.75,77.97,21.3,2.29,0.72
2016-05-04,0.66,27.91,78.28,20.35,1.89,0.71
2016-05-05,2.68,27.9,77.5,18.66,0.74,0.7
2016-05-06,3.11,27.4,82.84,17.85,1.43,0.71
2016-05-07,1.56,28.2,78.47,20.47,1.07,0.71
2016-05-08,9.98,28.69,73.53,20.03,0.73,0.7
2016-05-09,11.77,28.07,76.2,17.42,0.82,0.73
2016-05-10,4.0,27.43,78.99,18.41,1.58,0.73
2016-05-11,0.91,27.43,83.89,19.76,2.76,0.72
2016-05-12,1.04,27.28,85.47,18.59,2.88,0.72
2016-05-13,4.58,27.04,88.34,15.0,3.75,0.72
2016-05-14,2.45,27.28,87.04,18.18,3.2,0.72
2016-05-15,1.93,27.45,84.0,15.49,4.29,0.72
2016-05-16,0.32,27.42,79.69,20.24,4.24,0.71
2016-05-17,0.71,27.52,81.19,19.2,3.39,0.7
2016-05-18,0.52,27.37,81.54,19.29,3.98,0.7
2016-05-19,2.72,27.33,80.01,19.71,2.69,0.69
2016-05-20,1.8,27.41,79.17,18.79,2.0,0.69
2016-05-21,0.54,27.77,77.72,18.64,1.55,0.68
2016-05-22,0.88,27.42,79.38,18.94,2.33,0.67
2016-05-23,1.99,27.64,76.61,17.84,2.49,0.67
2016-05-24,0.25,27.5,77.21,18.75,2.25,0.66
2016-05-25,0.73,27.6,75.36,19.53,2.61,0.65
2016-05-26,2.16,27.21,79.29,17.64,2.42,0.65
2016-05-27,2.89,27.29,81.97,17.08,2.6,0.65
2016-05-28,1.37,27.41,78.82,14.34,2.12,0.65
2016-05-29,1.07,27.56,78.57,17.84,1.97,0.64
2016-05-30,1.21,27.38,82.61,17.75,2.51,0.64
2016-05-31,0.71,27.27,77.92,17.08,2.0,0.63
2016-06-01,0.01,26.83,76.63,19.14,2.56,0.62
2016-06-02,0.16,27.26,78.79,19.39,2.28,0.62
2016-06-03,0.1,27.41,75.04,19.75,2.1,0.61
2016-06-04,1.01,27.15,77.79,18.04,2.27,0.6
2016-06-05,3.46,27.27,79.49,17.95,1.56,0.6
2016-06-06,1.69,27.29,77.47,19.16,1.62,0.6
2016-06-07,0.2,27.64,74.92,20.7,1.86,0.6
2016-06-08,0.19,27.26,75.46,20.18,3.22,0.59
2016-06-09,0.07,27.34,74.14,19.1,2.79,0.58
2016-06-10,0.91,27.34,78.09,17.95,2.69,0.58
2016-06-11,0.3,27.94,76.48,18.06,3.21,0.57
2016-06-12,0.53,27.73,76.91,18.75,3.2,0.57
2016-06-13,0.79,26.83,82.03,17.51,2.35,0.56
2016-06-14,5.41,26.71,83.89,8.73,3.28,0.57
2016-06-15,0.65,27.15,81.01,15.74,2.61,0.57
2016-06-16,6.16,26.64,86.1,12.96,3.28,0.57
2016-06-17,6.69,26.49,86.59,16.45,2.54,0.58
2016-06-18,0.82,26.8,82.55,17.38,2.39,0.58
2016-06-19,0.08,26.75,78.91,17.59,3.03,0.58
2016-06-20,2.22,26.73,75.56,18.77,3.39,0.57
2016-06-21,1.02,26.98,73.11,18.29,2.41,0.57
2016-06-22,0.12,27.1,71.05,17.93,2.5,0.56
2016-06-23,0.04,26.94,72.1,17.72,2.99,0.56
2016-06-24,0.04,26.54,73.0,18.09,3.42,0.55
2016-06-25,0.05,26.94,73.89,17.35,2.25,0.55
2016-06-26,0.22,27.26,74.21,16.93,3.2,0.54
2016-06-27,3.06,26.97,78.5,16.23,3.01,0.54
2016-06-28,40.14,26.08,82.16,8.96,1.67,0.56
2016-06-29,25.5,25.29,86.34,8.69,2.38,0.64
2016-06-30,0.38,26.66,82.22,15.64,2.6,0.64
2016-07-01,0.13,26.64,82.24,18.08,2.3,0.63
2016-07-02,0.3,26.97,79.45,17.54,2.42,0.62
2016-07-03,0.08,26.82,76.42,19.58,2.79,0.61
2016-07-04,0.07,26.51,77.67,20.18,2.88,0.6
2016-07-05,0.08,26.58,77.41,19.47,3.25,0.6
2016-07-06,0.07,26.32,78.13,18.01,2.92,0.59
2016-07-07,0.05,26.61,76.7,17.81,3.07,0.59
2016-07-08,5.3,26.21,80.66,9.83,3.44,0.58
2016-07-09,6.3,25.35,85.76,6.89,2.27,0.6
2016-07-10,0.85,26.56,78.58,19.85,2.52,0.6
2016-07-11,47.23,26.78,79.74,17.89,1.76,0.62
2016-07-12,8.35,26.9,80.36,17.11,1.82,0.65
2016-07-13,3.03,26.77,81.24,18.02,2.39,0.65
2016-07-14,2.72,27.0,79.67,17.84,2.49,0.65
2016-07-15,11.13,26.33,83.58,12.05,3.69,0.65
2016-07-16,15.78,26.19,81.96,12.93,4.91,0.68
2016-07-17,2.26,25.93,82.5,16.17,3.33,0.67
2016-07-18,0.85,26.14,82.6,15.26,2.95,0.67
2016-07-19,2.04,25.99,82.06,14.05,3.34,0.66
2016-07-20,1.97,25.47,86.45,12.99,2.52,0.66
2016-07-21,0.96,26.58,81.44,17.32,2.04,0.66
2016-07-22,0.11,26.47,77.59,19.72,3.21,0.65
2016-07-23,0.03,25.77,77.03,20.85,3.11,0.64
2016-07-24,0.04,25.84,78.56,20.5,3.45,0.64
2016-07-25,0.09,26.1,76.58,18.58,3.34,0.63
2016-07-26,0.32,26.12,77.03,19.03,3.72,0.62
2016-07-27,0.09,25.95,75.56,19.29,3.99,0.62
2016-07-28,0.08,25.95,75.95,20.21,3.34,0.61
2016-07-29,0.12,25.89,76.57,19.2,3.84,0.6
2016-07-30,0.23,25.5,75.52,19.2,3.89,0.6
2016-07-31,0.46,25.75,74.56,20.81,3.2,0.59
2016-08-01,1.3,25.64,73.83,20.74,3.72,0.59
2016-08-02,0.32,25.67,71.51,19.25,3.24,0.58
2016-08-03,0.25,26.09,72.54,16.42,3.06,0.57
2016-08-04,3.5,26.23,78.08,14.83,2.95,0.57
2016-08-05,1.51,26.43,79.64,18.8,2.18,0.57
2016-08-06,2.87,25.68,78.73,18.86,3.18,0.57
2016-08-07,0.04,26.41,75.68,17.37,2.72,0.56
2016-08-08,0.01,26.13,74.58,20.94,2.69,0.56
2016-08-09,0.01,26.43,72.23,20.9,2.71,0.55
2016-08-10,0.8,26.24,75.56,15.17,3.13,0.55
2016-08-11,1.45,26.84,77.28,19.17,4.17,0.54
2016-08-12,2.62,26.65,77.3,16.47,4.1,0.54
2016-08-13,1.65,26.49,74.24,20.26,3.2,0.54
2016-08-14,0.25,26.51,71.2,21.51,3.28,0.53
2016-08-15,0.37,26.97,70.33,21.03,2.54,0.53
2016-08-16,0.49,26.93,70.96,21.28,3.05,0.52
2016-08-17,0.67,26.83,70.35,19.14,2.76,0.52
2016-08-18,0.06,26.32,66.73,21.98,4.45,0.51
2016-08-19,0.0,26.13,58.07,21.79,4.75,0.51
2016-08-20,0.01,25.81,62.89,20.04,3.01,0.5
2016-08-21,0.22,25.79,67.59,21.02,3.15,0.5
2016-08-22,0.09,25.93,65.41,22.76,3.5,0.49
2016-08-23,0.0,25.82,65.64,21.94,3.41,0.49
2016-08-24,0.1,26.16,68.19,20.48,4.03,0.49
2016-08-25,0.06,26.73,68.69,20.08,3.64,0.48
2016-08-26,0.19,27.21,69.81,22.06,3.1,0.48
2016-08-27,0.26,27.35,72.76,19.82,2.6,0.47
2016-08-28,0.06,27.78,72.74,21.95,2.78,0.47
2016-08-29,0.22,27.6,72.19,20.66,2.75,0.47
2016-08-30,0.25,27.82,69.01,22.6,2.62,0.46
2016-08-31,0.53,28.03,69.44,21.79,2.48,0.46
2016-09-01,0.18,28.24,66.39,21.31,2.87,0.46
2016-09-02,0.39,28.16,64.74,21.83,3.26,0.45
2016-09-03,0.82,28.39,62.48,21.03,3.03,0.45
2016-09-04,0.98,27.77,68.56,22.13,2.83,0.45
2016-09-05,1.73,28.02,67.8,23.29,2.09,0.45
2016-09-06,0.71,28.0,68.29,23.59,2.61,0.45
2016-09-07,1.15,27.97,67.02,23.0,2.95,0.44
2016-09-08,0.12,28.26,64.39,24.85,4.85,0.44
2016-09-09,0.08,27.97,64.66,25.78,3.56,0.44
2016-09-10,0.08,28.0,62.24,25.87,3.51,0.43
2016-09-11,0.11,28.22,59.9,25.61,2.76,0.43
2016-09-12,0.23,28.27,62.1,23.58,3.74,0.43
2016-09-13,0.11,28.45,62.23,22.6,2.72,0.42
2016-09-14,0.07,28.38,65.02,22.26,2.79,0.42
2016-09-15,9.73,27.81,71.24,19.33,2.4,0.43
2016-09-16,3.19,28.02,70.95,21.65,2.26,0.44
2016-09-17,0.89,28.46,68.55,20.94,2.79,0.43
2016-09-18,1.06,29.15,63.44,23.37,2.49,0.43
2016-09-19,4.23,28.93,65.6,21.53,1.66,0.43
2016-09-20,0.95,28.91,65.69,21.32,2.86,0.43
2016-09-21,1.52,28.79,67.73,23.27,2.91,0.43
2016-09-22,1.14,28.25,70.92,18.95,2.04,0.42
2016-09-23,2.09,28.16,69.49,21.82,2.33,0.43
2016-09-24,9.67,27.78,73.6,20.88,1.79,0.43
2016-09-25,5.71,27.57,72.06,21.0,2.14,0.45
2016-09-26,0.76,28.22,71.11,22.31,2.17,0.44
2016-09-27,0.65,29.09,61.59,24.34,1.94,0.44
2016-09-28,2.24,28.71,65.69,20.82,2.52,0.44
2016-09-29,7.87,27.99,72.33,22.01,1.89,0.45
2016-09-30,5.11,27.41,77.25,21.78,2.03,0.45
2016-10-01,0.43,29.03,66.5,21.76,1.38,0.45
2016-10-02,1.14,29.38,64.65,21.27,1.5,0.45
2016-10-03,4.51,28.47,70.19,20.81,1.8,0.45
2016-10-04,3.03,28.32,70.86,23.61,2.62,0.45
2016-10-05,1.71,28.65,67.42,23.56,2.11,0.45
2016-10-06,1.41,27.96,71.69,22.81,2.28,0.45
2016-10-07,2.15,27.54,75.32,16.73,2.44,0.45
2016-10-08,19.69,27.42,79.0,17.32,2.52,0.46
2016-10-09,9.29,27.85,76.14,21.5,2.0,0.5
2016-10-10,0.28,27.87,68.74,22.11,2.29,0.49
2016-10-11,0.67,28.76,63.3,23.52,2.01,0.48
2016-10-12,0.05,28.62,65.01,26.54,2.72,0.48
2016-10-13,0.65,28.95,64.25,26.78,2.43,0.47
2016-10-14,1.28,28.98,64.55,24.98,2.31,0.47
2016-10-15,0.88,29.54,61.85,24.99,2.45,0.47
2016-10-16,0.1,29.51,58.59,27.77,3.14,0.46
2016-10-17,0.03,29.42,56.48,26.56,2.98,0.46
2016-10-18,0.09,29.51,58.68,24.65,2.93,0.45
2016-10-19,0.47,28.34,71.69,24.96,2.96,0.45
2016-10-20,0.38,29.06,66.15,25.0,2.33,0.45
2016-10-21,0.55,28.6,69.64,22.71,2.34,0.45
2016-10-22,3.71,27.33,74.7,15.27,2.07,0.45
2016-10-23,1.48,27.52,72.22,16.85,1.29,0.45
2016-10-24,4.03,26.43,78.16,19.96,1.14,0.45
2016-10-25,8.6,25.8,81.99,18.34,1.33,0.47
2016-10-26,4.69,27.85,70.5,21.59,2.01,0.47
2016-10-27,14.22,27.71,75.2,21.83,2.08,0.5
2016-10-28,12.09,27.51,74.72,21.4,1.37,0.51
2016-10-29,2.46,27.86,68.93,22.11,1.79,0.51
2016-10-30,1.46,28.88,67.3,22.15,2.81,0.51
2016-10-31,0.14,29.35,61.87,24.92,1.75,0.5
2016-11-01,0.75,29.95,60.49,25.37,1.61,0.49
2016-11-02,4.62,30.04,61.38,22.36,1.06,0.49
2016-11-03,2.79,28.81,70.94,20.37,3.07,0.49
2016-11-04,0.82,29.55,67.49,23.22,3.48,0.49
2016-11-05,0.54,29.53,67.34,24.84,2.46,0.49
2016-11-06,1.38,29.27,67.2,23.92,1.53,0.48
2016-11-07,1.0,29.71,63.65,23.75,1.19,0.48
2016-11-08,7.43,28.9,73.18,23.72,1.08,0.49
2016-11-09,11.63,27.95,78.27,20.21,1.92,0.51
2016-11-10,1.26,28.34,69.28,22.87,2.48,0.51
2016-11-11,3.48,28.29,70.24,20.66,2.91,0.51
2016-11-12,2.26,28.25,70.83,20.87,2.35,0.5
2016-11-13,4.83,27.78,76.55,21.23,2.17,0.51
2016-11-14,3.79,28.39,72.33,20.49,0.73,0.51
2016-11-15,11.63,27.63,76.68,20.92,1.38,0.52
2016-11-16,3.3,27.45,80.39,22.41,3.06,0.53
2016-11-17,2.92,28.11,75.38,23.61,2.24,0.53
2016-11-18,0.75,28.26,73.95,23.47,1.64,0.53
2016-11-19,0.6,28.66,72.38,23.14,2.04,0.52
2016-11-20,0.43,28.53,73.22,24.13,1.86,0.52
2016-11-21,0.52,28.67,71.07,24.69,1.5,0.52
2016-11-22,11.96,27.6,74.67,18.9,1.6,0.52
2016-11-23,3.21,27.99,71.53,18.43,1.83,0.53
2016-11-24,1.66,28.34,70.84,21.21,2.18,0.53
2016-11-25,5.9,27.27,74.53,18.74,1.19,0.53
2016-11-26,3.05,28.42,70.97,20.72,1.34,0.53
2016-11-27,1.13,28.28,74.8,22.53,1.37,0.53
2016-11-28,41.61,27.57,78.41,21.23,1.62,0.56
2016-11-29,11.42,28.02,74.02,20.23,1.15,0.61
2016-11-30,7.47,27.92,80.54,21.76,1.4,0.62
2016-12-01,9.67,27.47,76.87,14.35,1.2,0.63
2016-12-02,4.55,26.44,80.48,18.33,1.27,0.63
2016-12-03,3.28,26.51,80.06,15.79,1.27,0.63
2016-12-04,13.21,26.27,84.87,11.51,2.36,0.64
2016-12-05,18.49,26.65,84.41,6.81,4.74,0.67
2016-12-06,14.93,26.41,86.34,16.46,3.17,0.69
2016-12-07,0.74,26.81,84.73,16.87,2.83,0.69
2016-12-08,0.48,27.97,78.21,22.35,1.76,0.69
2016-12-09,1.91,27.53,81.1,21.54,2.6,0.68
2016-12-10,7.45,27.36,81.9,22.88,3.21,0.68
2016-12-11,0.67,27.39,79.57,23.55,2.83,0.67
2016-12-12,6.38,26.43,84.7,17.37,1.72,0.68
2016-12-13,6.06,26.45,81.66,10.48,1.66,0.68
2016-12-14,2.96,26.25,84.02,16.36,2.4,0.68
2016-12-15,7.97,26.14,86.31,9.82,4.3,0.68
2016-12-16,12.12,26.54,84.03,18.32,2.99,0.71
2016-12-17,12.06,25.9,87.04,16.67,2.97,0.72
2016-12-18,6.4,25.91,84.37,15.55,2.95,0.72
2016-12-19,11.44,26.25,85.72,14.33,3.51,0.73
2016-12-20,5.34,26.36,86.28,16.46,3.72,0.74
2016-12-21,18.73,26.86,86.32,7.03,4.81,0.75
2016-12-22,14.42,27.07,85.33,11.54,5.53,0.78
2016-12-23,14.75,27.08,85.98,6.16,5.74,0.78
2016-12-24,9.93,27.03,85.58,9.25,4.29,0.8
2016-12-25,2.0,27.1,81.44,22.5,2.44,0.8
2016-12-26,6.6,26.66,82.84,20.0,2.21,0.8
2016-12-27,0.27,27.27,78.72,22.92,2.2,0.79
2016-12-28,16.23,27.1,83.35,18.82,2.14,0.79
2016-12-29,8.02,27.14,78.25,23.45,1.91,0.82
2016-12-30,1.46,26.41,83.57,18.87,1.79,0.81
2016-12-31,12.04,26.04,84.74,17.53,2.23,0.81
2017-01-01,5.71,26.78,81.74,21.73,2.05,0.82
2017-01-02,2.68,26.35,85.32,17.81,2.11,0.82
2017-01-03,1.8,26.92,82.1,19.66,2.59,0.82
2017-01-04,1.02,26.79,83.3,22.97,2.43,0.81
2017-01-05,0.9,26.49,83.39,21.6,3.39,0.8
2017-01-06,0.59,26.46,83.42,20.76,2.91,0.8
2017-01-07,0.59,26.33,84.13,17.43,2.83,0.79
2017-01-08,0.59,27.23,79.07,22.22,2.02,0.79
2017-01-09,1.82,26.56,84.62,22.55,2.25,0.78
2017-01-10,12.76,27.42,79.16,21.94,1.35,0.78
2017-01-11,7.48,26.54,81.89,21.57,1.28,0.8
2017-01-12,1.46,27.39,76.0,22.03,1.44,0.8
2017-01-13,7.92,26.45,85.82,20.18,2.64,0.79
2017-01-14,7.76,25.76,85.94,17.71,2.84,0.81
2017-01-15,6.72,25.83,86.18,15.45,3.48,0.81
2017-01-16,9.51,25.7,84.27,18.04,2.83,0.82
2017-01-17,14.4,25.25,88.66,14.02,2.17,0.83
2017-01-18,6.46,25.82,83.45,17.09,2.24,0.84
2017-01-19,1.5,26.38,81.98,19.84,1.63,0.83
2017-01-20,9.01,26.64,84.28,17.66,2.3,0.83
2017-01-21,3.2,26.51,84.35,22.04,1.7,0.84
2017-01-22,2.6,27.04,82.15,19.34,1.51,0.83
2017-01-23,26.25,26.17,87.24,19.88,2.06,0.85
2017-01-24,2.92,26.39,83.67,21.85,2.27,0.86
2017-01-25,1.98,26.41,84.36,22.51,2.51,0.85
2017-01-26,21.49,25.81,88.91,10.92,4.07,0.86
2017-01-27,9.95,25.84,87.64,15.28,4.53,0.87
2017-01-28,9.97,26.23,89.04,6.65,4.26,0.88
2017-01-29,12.92,25.86,81.89,11.66,1.57,0.88
2017-01-30,20.7,25.51,85.67,15.63,2.21,0.89
2017-01-31,17.28,24.92,83.33,10.91,4.16,0.92
2017-02-01,5.78,25.09,82.86,12.69,4.33,0.91
2017-02-02,14.39,25.4,86.24,14.52,4.74,0.91
2017-02-03,8.09,25.62,86.22,15.23,5.42,0.92
2017-02-04,3.57,26.05,81.97,21.9,3.94,0.91
2017-02-05,13.39,26.19,85.04,15.46,4.32,0.92
2017-02-06,7.87,26.36,87.08,17.48,4.91,0.92
2017-02-07,3.22,26.37,87.0,16.34,6.87,0.91
2017-02-08,15.78,26.33,87.47,11.26,5.53,0.91
2017-02-09,18.81,25.48,88.27,8.64,4.26,0.92
2017-02-10,10.96,25.53,88.54,11.54,4.34,0.94
2017-02-11,7.86,25.57,86.15,19.52,3.28,0.93
2017-02-12,7.21,25.8,87.33,18.84,1.82,0.93
2017-02-13,10.92,25.64,87.39,19.15,1.97,0.94
2017-02-14,8.31,25.99,85.01,21.81,1.91,0.94
2017-02-15,12.25,26.01,84.79,19.44,2.08,0.94
2017-02-16,3.7,26.01,83.99,23.06,1.94,0.94
2017-02-17,3.81,26.21,82.38,23.12,1.46,0.94
2017-02-18,2.68,26.26,81.69,21.87,0.8,0.93
2017-02-19,1.42,26.49,81.29,21.46,1.02,0.93
2017-02-20,0.76,27.17,77.66,23.91,0.78,0.92
2017-02-21,2.84,27.41,77.76,23.16,1.16,0.91
2017-02-22,1.71,27.17,81.31,21.52,1.72,0.9
2017-02-23,0.87,27.31,79.11,25.17,2.71,0.89
2017-02-24,0.1,27.04,74.09,26.64,2.32,0.88
2017-02-25,0.15,27.83,69.36,24.55,0.6,0.87
2017-02-26,0.18,26.36,81.47,21.65,1.89,0.86
2017-02-27,4.67,27.25,76.78,20.81,1.09,0.86
2017-02-28,5.39,27.51,76.73,22.12,1.01,0.86
2017-03-01,5.92,27.43,79.49,24.51,1.8,0.86
2017-03-02,5.65,26.89,81.72,21.02,1.63,0.86
2017-03-03,2.46,27.3,78.29,24.41,0.9,0.85
2017-03-04,2.25,27.57,76.82,24.33,1.05,0.85
2017-03-05,7.14,27.96,75.03,22.17,1.15,0.85
2017-03-06,0.84,27.27,81.29,21.31,1.98,0.85
2017-03-07,1.71,27.03,83.17,24.21,2.01,0.84
2017-03-08,3.09,26.55,84.05,21.31,2.1,0.84
2017-03-09,1.66,26.89,77.13,14.98,1.89,0.84
2017-03-10,9.02,26.47,81.22,19.44,1.48,0.84
2017-03-11,0.72,27.63,73.25,21.02,0.65,0.84
2017-03-12,2.59,27.44,76.2,22.31,0.96,0.83
2017-03-13,3.95,26.39,81.43,17.3,2.21,0.83
2017-03-14,1.17,26.24,77.33,20.36,1.48,0.83
2017-03-15,22.43,26.42,79.23,21.91,1.37,0.84
2017-03-16,13.16,26.94,79.31,15.78,1.39,0.86
2017-03-17,0.81,27.52,75.94,19.33,1.04,0.85
2017-03-18,0.54,27.35,78.54,20.06,1.61,0.84
2017-03-19,8.89,26.27,84.8,18.68,2.69,0.84
2017-03-20,5.08,26.37,83.7,10.18,2.76,0.85
2017-03-21,16.7,26.06,86.31,11.35,3.32,0.85
2017-03-22,11.74,26.05,85.15,14.84,3.21,0.87
2017-03-23,6.23,26.56,82.24,17.14,1.3,0.87
2017-03-24,1.81,27.4,77.52,20.14,0.86,0.87
2017-03-25,21.97,27.03,81.05,19.23,1.18,0.87
2017-03-26,43.25,26.43,83.26,11.51,2.39,0.91
2017-03-27,21.16,26.1,79.75,15.63,2.14,0.94
2017-03-28,0.88,26.89,78.61,22.46,1.75,0.93
2017-03-29,0.98,26.91,80.62,20.44,1.8,0.92
2017-03-30,3.77,27.13,79.31,21.44,1.12,0.91
2017-03-31,4.81,26.96,82.6,20.27,1.74,0.91
2017-04-01,3.93,26.14,84.98,19.85,2.94,0.91
2017-04-02,8.62,25.55,85.56,12.84,2.11,0.91
2017-04-03,5.84,26.16,81.52,15.44,1.55,0.91
2017-04-04,8.31,26.11,86.08,16.34,3.18,0.91
2017-04-05,3.12,26.14,86.36,16.24,3.21,0.91
2017-04-06,2.92,26.42,83.46,15.59,2.59,0.9
2017-04-07,24.41,26.75,84.65,16.2,2.75,0.91
2017-04-08,9.65,26.7,83.02,19.61,1.73,0.92
2017-04-09,0.62,27.4,78.04,21.14,1.48,0.91
2017-04-10,0.58,27.43,76.81,21.37,1.99,0.9
2017-04-11,1.9,27.27,76.74,22.2,1.93,0.9
2017-04-12,0.04,27.14,76.29,22.0,2.78,0.88
2017-04-13,0.15,26.7,76.7,20.31,2.49,0.87
2017-04-14,0.45,26.72,77.79,20.01,0.93,0.86
2017-04-15,0.89,27.43,74.33,21.64,0.75,0.86
2017-04-16,2.19,27.79,75.96,21.3,1.26,0.85
2017-04-17,3.4,27.35,80.12,19.71,0.94,0.85
2017-04-18,0.31,27.41,81.63,19.35,0.89,0.84
2017-04-19,1.94,27.44,81.32,20.79,1.28,0.84
2017-04-20,3.15,27.41,81.82,21.57,1.89,0.83
2017-04-21,2.29,27.56,82.01,21.44,2.0,0.83
2017-04-22,12.26,27.12,83.93,21.26,2.22,0.83
2017-04-23,22.84,27.09,83.44,19.19,2.12,0.86
2017-04-24,8.25,26.39,85.09,20.07,1.85,0.87
2017-04-25,0.05,26.91,81.11,22.13,2.29,0.86
2017-04-26,0.14,27.02,77.69,21.3,3.13,0.85
2017-04-27,0.06,27.08,77.45,21.96,2.83,0.84
2017-04-28,0.5,27.22,78.51,22.73,2.39,0.83
2017-04-29,0.31,27.11,78.29,21.36,2.32,0.82
2017-04-30,1.32,26.78,81.05,20.36,2.07,0.82
2017-05-01,0.52,27.15,77.83,19.87,1.97,0.81
2017-05-02,2.38,27.27,81.54,19.21,2.07,0.8
2017-05-03,10.6,26.33,86.25,17.65,2.02,0.81
2017-05-04,4.41,26.48,85.2,17.52,2.11,0.82
2017-05-05,1.89,26.83,81.36,19.6,3.75,0.81
2017-05-06,2.66,26.68,80.33,19.73,3.93,0.81
2017-05-07,0.78,26.69,78.26,20.19,3.62,0.8
2017-05-08,0.36,26.72,78.76,20.42,3.53,0.79
2017-05-09,0.17,26.63,77.83,20.47,3.99,0.78
2017-05-10,0.01,26.33,78.31,20.63,3.44,0.77
2017-05-11,0.03,26.77,77.55,19.81,3.63,0.76
2017-05-12,0.08,26.56,78.58,20.02,4.34,0.76
2017-05-13,0.11,26.36,79.64,19.04,3.98,0.75
2017-05-14,0.21,26.65,80.49,18.01,3.65,0.74
2017-05-15,0.06,26.29,81.02,19.35,3.33,0.73
2017-05-16,0.02,26.05,79.78,19.61,3.95,0.72
2017-05-17,0.04,25.82,78.0,20.47,2.85,0.71
2017-05-18,0.92,26.29,80.64,17.55,3.43,0.71
2017-05-19,1.0,26.51,79.53,17.41,3.42,0.7
2017-05-20,0.08,26.25,80.0,17.97,3.29,0.7
2017-05-21,0.04,26.23,77.93,19.67,2.81,0.69
2017-05-22,0.03,25.65,76.11,20.66,4.01,0.68
2017-05-23,0.01,25.79,71.67,20.88,3.45,0.67
2017-05-24,1.25,26.43,81.35,19.38,2.87,0.66
2017-05-25,1.67,26.57,85.58,14.4,3.3,0.66
2017-05-26,2.17,26.46,84.03,15.47,3.64,0.66
2017-05-27,1.34,26.75,82.18,15.34,3.04,0.66
2017-05-28,2.54,26.68,81.59,12.1,2.13,0.66
2017-05-29,4.25,26.33,84.07,16.21,2.34,0.66
2017-05-30,4.75,26.58,82.43,17.32,2.15,0.66
2017-05-31,1.93,26.3,82.85,15.53,3.86,0.66
2017-06-01,0.02,26.4,79.25,15.89,4.53,0.65
2017-06-02,0.17,26.04,80.44,18.84,4.44,0.65
2017-06-03,0.09,26.17,80.29,17.67,3.53,0.64
2017-06-04,1.83,26.06,81.11,17.33,3.16,0.64
2017-06-05,4.61,25.9,82.96,16.56,3.1,0.64
2017-06-06,4.09,26.3,81.88,16.23,3.65,0.64
2017-06-07,0.49,26.19,82.14,16.79,4.1,0.64
2017-06-08,0.22,26.09,80.16,16.65,4.4,0.63
2017-06-09,0.26,26.05,82.12,16.48,4.49,0.62
2017-06-10,0.45,26.11,82.05,13.31,4.36,0.61
2017-06-11,0.92,26.0,83.37,14.74,4.64,0.61
2017-06-12,2.61,25.68,85.13,8.72,4.1,0.61
2017-06-13,14.63,25.73,83.53,11.79,2.62,0.62
2017-06-14,10.93,25.3,84.31,17.86,3.72,0.64
2017-06-15,0.24,25.42,79.89,17.22,3.76,0.64
2017-06-16,0.19,24.88,77.69,20.08,3.37,0.63
2017-06-17,0.21,25.04,78.65,19.89,4.05,0.62
2017-06-18,0.31,25.39,78.2,18.39,4.44,0.62
2017-06-19,0.08,25.65,77.84,18.45,4.14,0.61
2017-06-20,13.33,25.46,83.85,9.8,3.82,0.62
2017-06-21,0.54,25.53,81.41,17.38,2.99,0.62
2017-06-22,0.65,25.51,79.58,18.96,3.01,0.62
2017-06-23,1.61,25.51,81.1,17.48,3.18,0.61
2017-06-24,2.53,25.41,82.68,15.98,2.76,0.61
2017-06-25,4.08,25.58,83.96,15.26,2.65,0.61
2017-06-26,1.67,25.13,85.6,16.88,2.77,0.61
2017-06-27,0.25,24.99,79.01,18.7,3.57,0.61
2017-06-28,0.01,24.53,75.92,20.38,3.73,0.6
2017-06-29,0.09,25.18,79.12,17.99,3.54,0.6
2017-06-30,0.27,24.98,80.79,17.23,3.95,0.59
2017-07-01,0.02,24.99,79.25,18.75,2.76,0.59
2017-07-02,0.09,25.11,81.69,18.31,2.82,0.58
2017-07-03,0.21,24.96,82.63,17.54,3.45,0.58
2017-07-04,0.19,25.48,80.77,15.08,3.76,0.57
2017-07-05,0.05,25.72,78.21,18.81,3.91,0.57
2017-07-06,0.44,25.49,81.17,10.42,3.66,0.56
2017-07-07,1.23,25.83,82.52,15.52,3.11,0.56
2017-07-08,1.96,25.36,85.11,14.59,4.0,0.56
2017-07-09,0.58,25.66,79.99,12.05,4.42,0.56
2017-07-10,0.25,25.86,75.17,18.15,3.69,0.55
2017-07-11,1.03,25.85,78.48,17.7,3.75,0.55
2017-07-12,0.63,26.22,78.14,17.27,3.63,0.54
2017-07-13,1.89,25.72,82.21,12.8,5.26,0.54
2017-07-14,0.07,25.62,78.85,19.38,4.7,0.54
2017-07-15,0.0,25.39,72.73,21.95,4.32,0.53
2017-07-16,0.01,25.23,70.96,19.48,3.96,0.53
2017-07-17,0.01,25.05,71.63,19.75,3.51,0.52
2017-07-18,0.04,25.99,72.63,17.48,3.31,0.52
2017-07-19,0.24,26.09,74.36,19.34,2.71,0.52
2017-07-20,0.87,26.02,75.31,19.7,2.78,0.51
2017-07-21,1.52,25.84,75.67,18.76,2.67,0.51
2017-07-22,0.12,25.26,74.69,19.31,3.34,0.51
2017-07-23,0.03,25.13,69.49,18.58,3.92,0.5
2017-07-24,0.34,25.28,70.52,20.3,4.09,0.5
2017-07-25,0.01,25.85,70.91,19.78,4.82,0.5
2017-07-26,0.21,26.34,73.97,15.05,4.2,0.49
2017-07-27,0.26,26.66,73.03,14.49,3.92,0.49
2017-07-28,0.01,26.54,72.49,17.99,2.9,0.49
2017-07-29,0.05,26.27,73.75,17.92,3.33,0.48
2017-07-30,0.03,26.07,70.24,20.9,4.2,0.48
2017-07-31,0.04,25.96,69.94,20.53,4.25,0.47
2017-08-01,0.79,26.08,73.9,14.56,5.4,0.47
2017-08-02,0.32,25.71,72.45,9.83,5.74,0.47
2017-08-03,0.0,25.84,68.07,20.37,5.18,0.47
2017-08-04,0.01,26.01,67.96,19.0,4.64,0.46
2017-08-05,0.07,26.04,68.62,18.42,4.69,0.46
2017-08-06,0.06,26.13,69.37,19.14,3.86,0.46
2017-08-07,0.0,26.73,68.99,20.49,3.43,0.46
2017-08-08,0.47,27.02,71.69,20.17,2.82,0.45
2017-08-09,0.53,26.75,71.7,19.74,3.38,0.45
2017-08-10,0.64,26.27,70.63,18.28,3.83,0.45
2017-08-11,0.08,26.82,69.3,19.81,3.5,0.45
2017-08-12,0.14,27.38,69.4,18.05,3.42,0.44
2017-08-13,0.07,26.91,68.01,21.48,3.88,0.44
2017-08-14,0.07,26.58,66.55,21.34,3.78,0.44
2017-08-15,0.19,25.98,66.59,21.23,4.13,0.43
2017-08-16,0.12,25.82,65.6,15.61,4.0,0.43
2017-08-17,0.7,26.23,67.91,20.13,3.84,0.43
2017-08-18,3.22,26.43,70.72,19.27,2.4,0.43
2017-08-19,1.04,26.5,71.8,21.03,3.77,0.43
2017-08-20,0.04,26.65,67.0,22.22,4.63,0.43
2017-08-21,0.0,26.54,67.1,22.38,3.43,0.43
2017-08-22,0.01,27.04,62.14,22.78,3.95,0.42
2017-08-23,0.03,26.68,65.75,22.96,3.6,0.42
2017-08-24,0.05,26.6,64.8,23.91,2.89,0.42
2017-08-25,0.0,26.72,61.95,24.03,3.07,0.41
2017-08-26,0.01,26.49,67.2,23.69,4.77,0.41
2017-08-27,0.07,26.46,66.57,22.34,4.52,0.41
2017-08-28,0.01,26.46,63.67,23.13,3.13,0.41
2017-08-29,0.0,26.12,63.25,23.86,4.34,0.4
2017-08-30,0.0,26.23,59.61,23.04,3.3,0.4
2017-08-31,0.04,26.44,59.54,24.0,2.45,0.4
2017-09-01,0.02,26.44,63.2,22.93,2.69,0.4
2017-09-02,0.09,26.55,65.61,20.92,3.46,0.4
2017-09-03,0.18,26.75,70.06,20.31,4.32,0.39
2017-09-04,0.08,27.27,66.52,21.53,4.03,0.39
2017-09-05,0.04,27.41,63.71,23.13,3.1,0.39
2017-09-06,0.13,27.4,63.67,20.65,2.85,0.39
2017-09-07,0.02,27.63,63.08,17.67,2.95,0.39
2017-09-08,0.04,28.16,64.2,21.21,3.5,0.38
2017-09-09,0.09,27.58,68.52,22.1,3.86,0.38
2017-09-10,0.04,27.88,64.08,23.72,3.78,0.38
2017-09-11,0.04,27.39,63.91,23.69,4.5,0.38
2017-09-12,0.15,27.25,67.27,21.73,4.37,0.38
2017-09-13,0.19,27.63,63.27,24.55,4.82,0.38
2017-09-14,0.03,28.12,60.43,25.53,3.77,0.38
2017-09-15,0.15,28.12,65.16,23.19,3.62,0.37
2017-09-16,0.25,28.82,61.68,23.61,3.55,0.37
2017-09-17,0.01,28.4,57.66,23.76,3.99,0.37
2017-09-18,0.0,27.67,57.63,26.8,3.94,0.37
2017-09-19,0.0,27.69,59.57,25.1,4.26,0.37
2017-09-20,0.0,27.96,57.29,25.5,3.42,0.37
2017-09-21,0.0,28.41,60.91,24.05,4.17,0.37
2017-09-22,0.53,28.38,65.75,22.7,3.26,0.37
2017-09-23,1.3,28.41,66.88,22.16,3.89,0.37
2017-09-24,1.35,28.19,64.86,20.54,3.26,0.37
2017-09-25,1.66,28.28,65.6,22.97,2.59,0.38
2017-09-26,0.99,28.48,66.36,25.39,3.02,0.38
2017-09-27,0.67,28.88,64.12,23.83,3.76,0.38
2017-09-28,1.82,28.61,66.14,23.41,3.29,0.38
2017-09-29,1.52,28.4,66.68,20.14,4.17,0.38
2017-09-30,0.99,28.43,65.92,22.96,3.46,0.38
2017-10-01,0.4,28.46,64.33,23.16,3.29,0.38
2017-10-02,2.0,28.41,64.98,22.8,3.06,0.37
2017-10-03,6.43,27.0,72.71,22.82,3.24,0.39
2017-10-04,7.23,28.06,71.97,22.16,3.28,0.39
2017-10-05,24.64,27.36,80.24,21.81,2.18,0.43
2017-10-06,4.39,28.05,73.04,22.47,3.12,0.44
2017-10-07,2.26,27.51,75.05,20.42,3.98,0.44
2017-10-08,2.69,27.68,72.19,21.59,3.67,0.44
2017-10-09,4.53,28.06,75.32,23.12,2.46,0.44
2017-10-10,0.51,28.22,72.3,24.38,2.35,0.44
2017-10-11,0.37,28.79,67.49,23.94,3.92,0.44
2017-10-12,0.39,29.24,65.48,23.33,3.61,0.43
2017-10-13,0.23,28.72,66.32,18.53,3.55,0.43
2017-10-14,0.31,28.89,68.62,24.08,4.58,0.43
2017-10-15,0.59,28.05,73.13,20.62,4.63,0.42
2017-10-16,1.54,28.18,70.72,19.28,4.0,0.42
2017-10-17,9.61,26.5,78.84,19.91,3.31,0.43
2017-10-18,3.03,27.7,75.28,22.59,4.7,0.44
2017-10-19,0.03,28.39,67.98,23.9,5.13,0.44
2017-10-20,0.07,28.35,66.12,24.21,4.79,0.43
2017-10-21,1.25,28.8,65.42,23.26,2.85,0.43
2017-10-22,0.77,28.89,63.52,23.08,2.84,0.43
2017-10-23,1.03,29.16,64.46,20.97,2.54,0.43
2017-10-24,7.45,28.36,69.88,22.04,1.62,0.43
2017-10-25,14.47,27.77,76.52,23.21,1.75,0.45
2017-10-26,0.75,29.03,67.43,24.5,1.51,0.46
2017-10-27,2.24,29.04,64.89,25.76,2.77,0.45
2017-10-28,0.01,29.24,61.34,25.66,2.75,0.45
2017-10-29,0.03,29.2,60.42,25.62,3.15,0.44
2017-10-30,0.17,29.29,62.25,25.77,2.71,0.44
2017-10-31,0.05,29.5,60.89,23.73,2.01,0.43
2017-11-01,0.96,29.43,63.94,23.12,2.58,0.43
2017-11-02,3.44,29.16,66.6,20.55,3.22,0.43
2017-11-03,3.28,28.78,68.51,24.43,2.32,0.44
2017-11-04,2.33,28.89,68.14,20.43,1.89,0.43
2017-11-05,13.27,27.93,69.79,19.75,1.4,0.45
2017-11-06,0.52,28.95,64.38,15.68,2.37,0.45
2017-11-07,1.43,29.01,65.9,17.41,2.5,0.45
2017-11-08,2.62,29.0,66.93,23.1,1.58,0.45
2017-11-09,5.25,28.79,71.27,24.0,2.5,0.46
2017-11-10,1.01,28.78,70.44,21.56,3.1,0.46
2017-11-11,3.24,28.63,71.89,20.58,2.87,0.45
2017-11-12,11.3,27.65,74.68,18.23,1.27,0.47
2017-11-13,27.19,26.76,80.29,13.28,1.73,0.5
2017-11-14,10.21,26.71,77.0,10.74,0.91,0.54
2017-11-15,15.88,27.66,73.0,18.62,0.7,0.55
2017-11-16,8.04,26.96,81.0,19.16,1.68,0.57
2017-11-17,3.31,26.51,80.68,18.28,1.32,0.57
2017-11-18,10.01,27.45,75.68,21.13,1.2,0.58
2017-11-19,4.43,26.74,79.81,20.17,1.14,0.58
2017-11-20,4.89,27.25,79.07,19.41,2.09,0.58
2017-11-21,3.58,26.83,81.85,12.79,2.68,0.58
2017-11-22,0.54,26.4,83.33,19.67,2.08,0.58
2017-11-23,2.67,27.36,77.95,21.11,1.79,0.57
2017-11-24,11.47,26.82,81.66,12.71,1.66,0.59
2017-11-25,20.15,27.79,74.75,18.18,0.75,0.61
2017-11-26,18.55,27.64,80.48,19.23,1.49,0.64
2017-11-27,3.73,27.36,79.98,20.1,1.69,0.64
2017-11-28,3.42,27.24,81.84,18.28,2.01,0.64
2017-11-29,4.39,27.05,82.5,19.93,1.9,0.64
2017-11-30,12.93,26.58,84.59,15.32,2.28,0.66
2017-12-01,7.94,26.08,85.94,12.76,2.35,0.66
2017-12-02,1.1,26.34,84.01,15.34,2.54,0.67
2017-12-03,0.11,27.38,79.31,21.16,2.43,0.66
2017-12-04,2.76,28.31,76.17,21.94,1.76,0.65
2017-12-05,5.32,27.87,76.23,21.2,1.11,0.65
2017-12-06,13.75,27.38,79.32,21.34,1.0,0.66
2017-12-07,3.75,27.34,80.61,19.66,1.7,0.67
2017-12-08,2.02,27.46,76.06,23.7,2.76,0.67
2017-12-09,1.08,27.86,76.54,23.57,1.66,0.66
2017-12-10,4.16,27.09,82.63,20.44,2.03,0.66
2017-12-11,18.37,27.26,80.06,22.25,1.25,0.68
2017-12-12,7.75,27.76,76.94,24.09,0.72,0.69
2017-12-13,2.85,28.45,73.82,23.98,0.97,0.69
2017-12-14,1.73,27.72,79.42,22.06,1.28,0.69
2017-12-15,9.45,26.94,82.46,23.06,1.22,0.69
2017-12-16,10.26,26.83,82.97,20.75,2.12,0.7
2017-12-17,6.83,26.74,81.23,20.21,2.09,0.71
2017-12-18,10.08,27.17,78.11,19.36,1.83,0.71
2017-12-19,16.62,26.96,79.54,21.82,2.39,0.74
2017-12-20,5.82,25.67,84.79,15.51,2.57,0.74
2017-12-21,15.04,26.71,78.77,15.05,2.61,0.75
2017-12-22,5.48,26.67,80.41,20.74,2.9,0.76
2017-12-23,2.81,26.48,79.06,20.92,2.11,0.76
2017-12-24,0.99,27.1,79.1,19.81,1.35,0.75
2017-12-25,11.43,26.56,85.58,17.02,2.78,0.76
2017-12-26,3.76,26.91,84.58,17.4,4.41,0.76
2017-12-27,1.02,26.75,83.96,18.33,4.14,0.76
2017-12-28,2.5,26.25,84.6,16.83,3.48,0.75
2017-12-29,17.83,25.99,87.42,16.42,2.34,0.77
2017-12-30,10.38,25.83,85.59,16.16,2.09,0.79
2017-12-31,9.7,26.39,80.52,20.65,1.74,0.8
2018-01-01,2.71,26.34,82.01,22.8,1.87,0.79
2018-01-02,5.11,27.46,75.85,22.73,1.16,0.79
2018-01-03,2.45,28.01,74.37,23.0,1.01,0.78
2018-01-04,2.11,27.97,76.02,22.45,0.76,0.78
2018-01-05,6.7,27.09,82.59,22.99,0.98,0.78
2018-01-06,3.73,26.81,83.47,21.49,1.68,0.78
2018-01-07,3.11,26.32,83.93,17.38,2.26,0.78
2018-01-08,1.68,26.65,79.89,23.68,1.78,0.78
2018-01-09,18.66,26.3,83.58,20.46,2.14,0.79
2018-01-10,9.71,25.89,85.5,18.39,2.28,0.81
2018-01-11,9.89,26.07,84.52,15.78,2.8,0.82
2018-01-12,23.35,25.68,84.67,11.18,3.11,0.84
2018-01-13,24.33,25.53,83.51,13.78,2.18,0.86
2018-01-14,7.94,25.91,81.92,15.98,1.74,0.88
2018-01-15,4.67,25.64,84.26,15.6,2.51,0.87
2018-01-16,9.77,26.09,82.53,12.78,3.3,0.87
2018-01-17,7.2,25.71,82.93,15.91,2.11,0.87
2018-01-18,2.46,25.81,84.05,15.27,1.68,0.87
2018-01-19,4.86,26.19,81.06,17.31,2.53,0.87
2018-01-20,9.73,26.11,82.39,14.03,2.58,0.87
2018-01-21,18.21,25.61,88.22,17.61,3.3,0.88
2018-01-22,37.69,25.98,88.84,18.9,4.4,0.91
2018-01-23,13.88,25.88,88.82,14.22,3.59,0.92
2018-01-24,25.03,25.84,89.85,18.83,2.68,0.94
2018-01-25,16.04,25.99,89.45,8.54,4.32,0.95
2018-01-26,33.63,25.86,89.18,15.87,4.14,0.97
2018-01-27,8.88,25.98,88.99,14.9,5.42,0.97
2018-01-28,19.77,25.97,89.33,15.09,5.35,0.97
2018-01-29,8.91,25.82,88.18,16.78,6.95,0.98
2018-01-30,9.32,25.82,87.57,20.47,4.75,0.97
2018-01-31,8.12,25.85,88.32,11.05,4.73,0.97
2018-02-01,4.57,26.13,87.02,8.89,4.06,0.97
2018-02-02,6.49,26.33,86.03,17.09,2.15,0.96
2018-02-03,7.84,26.25,86.84,21.35,2.75,0.96
2018-02-04,3.86,26.38,82.61,20.01,1.64,0.96
2018-02-05,1.32,26.94,81.47,24.48,2.16,0.95
2018-02-06,0.19,26.37,83.36,25.84,3.26,0.93
2018-02-07,0.23,26.23,80.46,24.64,2.54,0.92
2018-02-08,10.2,26.17,82.5,24.48,1.44,0.92
2018-02-09,6.16,26.57,80.51,22.74,0.99,0.92
2018-02-10,4.19,26.66,79.83,23.49,1.81,0.92
2018-02-11,12.66,26.41,81.64,23.22,1.39,0.91
2018-02-12,2.92,25.76,84.46,19.72,2.84,0.92
2018-02-13,12.17,26.28,85.36,20.77,2.34,0.92
2018-02-14,20.27,25.98,87.88,12.36,3.15,0.92
2018-02-15,25.4,25.85,88.32,11.0,3.9,0.94
2018-02-16,8.19,25.62,87.78,17.78,4.02,0.95
2018-02-17,15.95,26.19,87.09,17.57,4.26,0.95
2018-02-18,5.21,26.16,85.61,21.95,2.63,0.96
2018-02-19,1.62,26.05,85.56,23.37,1.89,0.95
2018-02-20,0.59,26.69,82.46,21.0,2.04,0.94
2018-02-21,0.56,26.34,84.53,22.17,2.27,0.93
2018-02-22,1.47,26.54,83.33,19.72,1.82,0.92
2018-02-23,3.74,26.42,83.53,22.57,1.53,0.92
2018-02-24,3.93,27.1,77.82,21.27,0.68,0.91
2018-02-25,2.23,26.26,83.1,22.07,1.59,0.91
2018-02-26,10.11,26.27,82.31,21.23,1.53,0.91
2018-02-27,0.19,26.94,72.56,24.55,1.5,0.91
2018-02-28,0.35,27.35,73.83,22.95,1.18,0.9
2018-03-01,0.9,26.83,81.29,21.46,2.01,0.89
2018-03-02,1.68,26.51,81.59,23.35,1.64,0.88
2018-03-03,5.36,26.29,83.85,20.14,2.07,0.88
2018-03-04,1.08,27.0,80.95,21.75,1.53,0.88
2018-03-05,1.71,27.34,78.65,21.19,0.73,0.87
2018-03-06,3.93,27.1,80.97,24.22,1.37,0.87
2018-03-07,3.59,26.91,83.25,20.9,1.98,0.87
2018-03-08,8.01,25.93,88.43,14.34,2.96,0.87
2018-03-09,6.66,26.47,82.6,22.13,2.02,0.88
2018-03-10,2.43,27.15,80.29,21.73,1.17,0.87
2018-03-11,0.59,26.98,81.23,22.39,1.39,0.86
2018-03-12,13.49,26.29,85.42,20.6,0.65,0.87
2018-03-13,1.62,27.57,75.91,23.05,1.33,0.87
2018-03-14,5.3,26.29,85.24,18.32,2.31,0.86
2018-03-15,7.25,26.18,82.39,15.16,1.43,0.87
2018-03-16,2.88,26.82,79.75,22.4,1.56,0.87
2018-03-17,1.63,27.28,74.25,22.42,1.03,0.86
2018-03-18,10.11,26.31,79.3,20.15,1.37,0.86
2018-03-19,0.53,27.34,77.46,24.09,1.68,0.86
2018-03-20,0.49,27.08,80.34,22.26,2.15,0.85
2018-03-21,0.64,26.28,84.32,21.52,2.3,0.84
2018-03-22,2.28,26.48,80.95,19.91,1.69,0.84
2018-03-23,6.93,27.46,72.52,23.6,1.2,0.84
2018-03-24,1.27,27.37,75.59,23.38,1.22,0.84
2018-03-25,0.64,27.7,77.69,23.08,1.97,0.83
2018-03-26,0.84,26.92,79.62,22.74,1.85,0.83
2018-03-27,8.85,27.69,75.75,21.7,1.77,0.83
2018-03-28,2.87,27.9,75.81,24.17,1.85,0.83
2018-03-29,9.4,27.21,81.19,21.9,2.28,0.82
2018-03-30,24.1,26.65,82.57,20.34,1.88,0.85
2018-03-31,9.05,26.63,81.22,21.87,2.07,0.85
2018-04-01,3.33,27.06,80.43,19.98,1.66,0.85
2018-04-02,1.17,27.05,79.38,22.87,1.87,0.85
2018-04-03,1.92,27.16,81.35,22.69,2.41,0.84
2018-04-04,0.81,27.7,77.8,23.28,1.79,0.84
2018-04-05,3.26,28.13,73.89,24.18,1.42,0.83
2018-04-06,2.36,27.71,75.57,23.98,1.2,0.83
2018-04-07,8.81,27.1,77.8,21.41,1.54,0.83
2018-04-08,4.98,27.34,75.05,23.61,1.67,0.83
2018-04-09,0.55,27.5,77.26,22.29,2.23,0.82
2018-04-10,0.41,27.37,75.18,22.45,2.66,0.82
2018-04-11,0.72,27.45,78.36,22.24,2.41,0.81
2018-04-12,0.88,27.49,79.86,21.29,1.12,0.8
2018-04-13,0.33,27.62,80.73,23.17,2.59,0.8
2018-04-14,0.08,28.03,78.78,22.78,1.97,0.79
2018-04-15,0.22,28.09,79.92,22.61,2.72,0.78
2018-04-16,5.43,27.51,84.43,21.31,2.2,0.78
2018-04-17,0.66,27.4,77.42,21.79,1.7,0.78
2018-04-18,2.18,27.89,75.07,22.3,2.59,0.78
2018-04-19,5.45,27.21,79.35,21.2,2.14,0.78
2018-04-20,3.87,26.96,81.88,20.33,1.81,0.77
2018-04-21,3.02,26.59,84.23,16.11,1.59,0.78
2018-04-22,0.22,27.15,81.82,20.71,3.0,0.77
2018-04-23,0.01,27.16,78.43,21.43,3.39,0.76
2018-04-24,0.01,27.08,77.72,22.6,2.71,0.75
2018-04-25,0.41,26.99,77.55,19.6,2.08,0.74
2018-04-26,0.5,26.73,76.41,20.84,2.83,0.74
2018-04-27,0.06,27.12,76.85,20.43,2.66,0.73
2018-04-28,0.0,26.56,75.89,23.66,3.66,0.72
2018-04-29,0.02,26.24,76.84,23.63,3.29,0.71
2018-04-30,0.11,26.43,75.53,22.57,2.87,0.7
2018-05-01,0.02,26.33,74.35,21.83,3.04,0.69
2018-05-02,0.09,26.24,73.48,21.01,2.64,0.69
2018-05-03,0.07,26.04,75.56,21.72,2.4,0.68
2018-05-04,0.05,26.57,73.35,20.7,2.42,0.67
2018-05-05,0.1,26.96,77.01,21.89,2.47,0.66
2018-05-06,0.21,27.11,77.94,20.89,3.07,0.65
2018-05-07,0.04,26.68,78.13,21.35,3.86,0.65
2018-05-08,0.02,26.75,75.42,20.95,3.4,0.64
2018-05-09,0.03,26.65,75.52,21.61,3.58,0.63
2018-05-10,0.12,26.69,77.09,21.31,3.71,0.62
2018-05-11,0.0,26.91,76.29,20.74,4.1,0.62
2018-05-12,0.06,27.06,75.77,20.18,4.2,0.61
2018-05-13,2.87,26.65,80.16,17.94,3.16,0.61
2018-05-14,3.32,26.58,82.44,11.47,3.65,0.61
2018-05-15,1.27,26.31,84.31,14.68,3.74,0.61
2018-05-16,1.31,26.04,81.88,15.38,4.19,0.61
2018-05-17,0.06,25.92,77.38,18.16,5.02,0.6
2018-05-18,0.09,25.85,77.32,16.99,4.13,0.59
2018-05-19,0.06,26.19,77.44,18.9,3.84,0.59
2018-05-20,0.16,26.5,77.6,16.34,3.72,0.58
2018-05-21,0.74,26.28,80.58,16.9,3.76,0.58
2018-05-22,0.48,26.21,82.64,18.68,3.99,0.57
2018-05-23,0.25,26.88,80.66,18.4,4.13,0.57
2018-05-24,0.46,26.86,79.71,17.57,4.06,0.56
2018-05-25,0.15,27.23,78.49,19.25,3.55,0.56
2018-05-26,0.27,27.12,78.36,20.08,3.15,0.55
2018-05-27,0.24,26.73,79.04,18.06,4.56,0.55
2018-05-28,0.17,26.68,73.22,18.19,4.68,0.54
2018-05-29,0.02,26.0,72.64,20.88,4.36,0.54
2018-05-30,0.03,26.37,73.31,19.2,2.96,0.53
2018-05-31,0.49,26.62,74.49,18.0,1.93,0.53
2018-06-01,0.04,26.76,73.61,19.16,3.22,0.52
2018-06-02,0.22,26.57,75.4,18.96,4.15,0.52
2018-06-03,0.22,26.65,74.43,18.24,3.88,0.52
2018-06-04,0.16,26.97,73.16,17.72,2.63,0.51
2018-06-05,0.27,27.02,75.73,17.98,2.55,0.51
2018-06-06,0.09,26.92,75.66,13.06,2.27,0.5
2018-06-07,0.08,26.85,75.74,19.38,2.81,0.5
2018-06-08,0.05,26.65,75.24,18.24,2.85,0.5
2018-06-09,0.04,26.76,74.2,18.08,3.7,0.49
2018-06-10,0.11,27.11,74.96,18.7,4.41,0.49
2018-06-11,0.54,27.26,74.35,16.72,4.55,0.49
2018-06-12,0.05,26.58,69.42,20.23,4.6,0.48
2018-06-13,0.01,26.22,69.06,21.06,3.98,0.48
2018-06-14,0.01,26.23,66.89,18.93,3.74,0.47
2018-06-15,0.04,26.44,71.0,18.54,3.65,0.47
2018-06-16,0.07,26.72,69.2,17.67,3.29,0.47
2018-06-17,0.0,26.25,69.54,20.13,3.95,0.47
2018-06-18,0.01,26.32,73.88,17.2,4.14,0.46
2018-06-19,1.11,26.63,75.24,11.89,4.22,0.46
2018-06-20,1.92,26.33,76.88,12.88,5.16,0.46
2018-06-21,2.06,25.85,78.08,11.86,3.86,0.46
2018-06-22,0.68,26.38,72.88,18.61,4.94,0.46
2018-06-23,0.98,26.31,73.15,15.67,4.21,0.46
2018-06-24,0.07,26.29,71.34,16.57,5.09,0.46
2018-06-25,0.04,25.98,70.33,18.75,5.19,0.46
2018-06-26,0.04,26.18,70.36,17.45,5.11,0.45
2018-06-27,0.01,26.11,70.59,17.51,4.95,0.45
2018-06-28,0.52,26.09,71.0,16.37,4.71,0.45
2018-06-29,0.33,26.2,70.67,18.18,5.5,0.45
2018-06-30,0.27,25.88,69.02,18.23,4.81,0.45
2018-07-01,0.0,26.03,68.46,19.64,3.81,0.44
2018-07-02,0.01,26.41,72.82,18.87,4.51,0.44
2018-07-03,1.06,26.32,74.29,15.67,5.04,0.44
2018-07-04,0.11,26.11,68.19,19.04,5.34,0.44
2018-07-05,0.05,25.45,68.54,18.91,5.17,0.43
2018-07-06,0.0,25.93,62.85,19.15,4.19,0.43
2018-07-07,0.01,25.82,67.25,19.84,3.86,0.43
2018-07-08,0.04,26.27,68.98,19.42,3.95,0.43
2018-07-09,0.2,26.15,69.2,19.28,5.06,0.42
2018-07-10,0.13,25.64,67.03,18.87,4.53,0.42
2018-07-11,0.1,26.03,67.57,20.11,3.93,0.42
2018-07-12,0.07,26.18,65.59,19.99,5.0,0.42
2018-07-13,0.03,25.98,62.57,18.01,4.7,0.42
2018-07-14,0.31,25.67,61.72,19.16,3.92,0.41
2018-07-15,0.01,25.17,64.04,18.99,4.54,0.41
2018-07-16,0.0,25.43,66.99,17.88,3.38,0.41
2018-07-17,0.01,26.04,68.88,19.93,3.23,0.41
2018-07-18,0.14,26.34,69.8,18.45,2.97,0.41
2018-07-19,0.05,26.45,70.01,19.85,3.85,0.4
2018-07-20,0.11,26.72,71.84,19.24,3.25,0.4
2018-07-21,1.07,27.14,72.64,14.36,3.01,0.4
2018-07-22,0.3,27.19,71.05,17.21,3.46,0.4
2018-07-23,0.04,26.8,66.24,19.62,5.08,0.4
2018-07-24,0.0,25.93,59.6,19.51,4.33,0.4
2018-07-25,0.0,26.23,64.74,20.38,3.5,0.39
2018-07-26,0.04,26.52,68.21,17.47,3.3,0.39
2018-07-27,0.06,26.8,69.02,17.08,4.47,0.39
2018-07-28,0.05,26.75,67.95,17.65,3.88,0.39
2018-07-29,0.11,26.85,66.45,19.23,3.87,0.39
2018-07-30,0.05,26.95,67.02,19.2,3.04,0.39
2018-07-31,0.73,26.73,66.97,19.34,2.57,0.38
2018-08-01,1.25,26.25,69.66,18.04,3.67,0.38
2018-08-02,0.35,25.06,71.56,18.01,6.38,0.38
2018-08-03,0.11,24.79,67.65,19.8,5.12,0.38
2018-08-04,0.16,24.86,71.23,17.14,4.42,0.38
2018-08-05,0.35,24.65,73.67,16.89,5.77,0.38
2018-08-06,0.1,25.51,69.11,20.3,5.57,0.38
2018-08-07,0.04,26.48,65.2,20.24,4.42,0.38
2018-08-08,0.21,26.65,67.06,19.83,4.36,0.38
2018-08-09,0.26,26.79,68.26,20.3,2.98,0.38
2018-08-10,0.33,26.47,71.21,18.9,4.27,0.38
2018-08-11,3.22,26.54,67.93,18.91,5.71,0.38
2018-08-12,0.39,26.17,63.31,20.92,5.0,0.38
2018-08-13,0.0,26.26,65.38,21.01,3.72,0.38
2018-08-14,0.03,26.61,64.05,21.78,4.37,0.38
2018-08-15,0.3,26.37,64.39,20.4,4.54,0.38
2018-08-16,0.34,25.69,65.82,19.35,4.51,0.38
2018-08-17,0.01,26.14,61.9,20.18,3.61,0.37
2018-08-18,0.01,26.58,64.31,21.68,4.21,0.37
2018-08-19,0.03,27.16,62.78,19.54,3.77,0.37
2018-08-20,0.03,27.04,63.47,20.61,3.45,0.37
2018-08-21,1.43,27.07,64.22,20.12,2.63,0.37
2018-08-22,0.11,27.21,61.21,21.86,3.56,0.37
2018-08-23,0.02,26.93,62.68,20.71,4.39,0.37
2018-08-24,0.01,26.64,60.38,21.63,4.29,0.37
2018-08-25,0.0,26.56,59.09,21.88,2.84,0.37
2018-08-26,0.01,26.98,62.41,21.49,3.2,0.37
2018-08-27,0.09,27.24,67.62,20.45,2.57,0.37
2018-08-28,0.02,27.54,63.74,20.86,2.45,0.37
2018-08-29,0.1,27.66,61.43,19.83,1.57,0.37
2018-08-30,0.11,27.3,64.77,21.4,3.29,0.37
2018-08-31,0.13,27.33,67.53,20.18,4.1,0.37
2018-09-01,0.39,27.14,68.96,19.86,4.75,0.37
2018-09-02,0.24,26.87,67.61,22.29,5.27,0.37
2018-09-03,0.12,26.7,65.17,21.59,4.83,0.37
2018-09-04,0.2,27.05,67.65,19.42,4.59,0.37
2018-09-05,0.11,27.44,64.93,20.79,4.44,0.37
2018-09-06,0.32,27.7,63.56,21.34,3.53,0.37
2018-09-07,0.65,27.98,62.83,23.84,3.58,0.37
2018-09-08,0.01,28.04,58.41,25.39,4.17,0.37
2018-09-09,0.01,28.03,59.43,24.4,2.68,0.37
2018-09-10,0.1,28.23,61.98,23.2,3.17,0.37
2018-09-11,0.1,28.08,62.68,23.18,4.44,0.37
2018-09-12,0.17,26.99,63.27,25.3,4.63,0.37
2018-09-13,0.03,26.68,61.75,24.83,4.04,0.37
2018-09-14,0.11,26.81,61.25,23.47,3.89,0.37
2018-09-15,0.4,27.68,61.61,21.81,3.41,0.37
2018-09-16,0.02,28.74,57.31,21.48,3.09,0.37
2018-09-17,0.05,28.97,56.87,23.29,2.5,0.37
2018-09-18,9.13,28.04,65.84,22.51,3.03,0.38
2018-09-19,1.61,27.61,69.69,23.94,2.28,0.39
2018-09-20,0.17,28.12,62.99,22.7,3.27,0.38
2018-09-21,0.13,28.26,59.39,22.68,3.6,0.38
2018-09-22,0.01,28.43,57.63,22.1,2.59,0.38
2018-09-23,4.12,28.68,58.91,21.63,3.05,0.37
2018-09-24,1.39,28.23,63.97,23.18,3.26,0.38
2018-09-25,0.21,28.29,62.92,25.93,3.19,0.38
2018-09-26,0.02,28.32,57.12,25.91,2.55,0.38
2018-09-27,0.08,28.16,57.73,24.03,2.7,0.37
2018-09-28,0.6,28.07,63.09,21.95,3.35,0.37
2018-09-29,0.01,27.82,66.12,23.95,3.16,0.37
2018-09-30,0.24,28.57,62.34,23.1,2.48,0.37
2018-10-01,2.91,28.2,66.18,22.19,2.66,0.38
2018-10-02,0.07,28.13,60.54,22.89,3.26,0.37
2018-10-03,0.08,27.7,63.07,23.48,3.56,0.37
2018-10-04,0.13,27.87,64.76,22.83,2.97,0.37
2018-10-05,0.04,28.95,61.59,22.98,2.36,0.37
2018-10-06,0.11,29.14,60.83,23.92,2.75,0.37
2018-10-07,0.02,29.31,56.41,25.41,3.0,0.37
2018-10-08,0.01,29.33,55.57,25.49,3.85,0.37
2018-10-09,0.01,29.06,58.69,26.13,3.49,0.37
2018-10-10,0.0,29.31,58.5,25.74,3.1,0.37
2018-10-11,0.02,29.33,57.38,25.67,2.92,0.37
2018-10-12,0.04,29.08,59.19,24.74,2.66,0.37
2018-10-13,0.28,29.06,60.25,24.63,2.95,0.37
2018-10-14,0.84,28.5,65.93,24.29,4.2,0.37
2018-10-15,0.18,28.49,65.73,24.72,4.91,0.37
2018-10-16,0.03,28.49,64.2,24.37,5.24,0.37
2018-10-17,0.03,28.49,63.32,24.29,4.71,0.37
2018-10-18,0.05,27.74,65.83,23.13,5.37,0.37
2018-10-19,0.04,28.22,61.07,23.08,4.94,0.37
2018-10-20,0.84,28.69,62.84,24.47,4.11,0.37
2018-10-21,2.84,28.76,64.86,23.55,3.33,0.37
2018-10-22,1.6,28.65,65.93,23.75,4.12,0.38
2018-10-23,0.95,28.95,64.02,24.43,3.79,0.38
2018-10-24,0.49,28.99,61.06,24.96,3.53,0.38
2018-10-25,0.53,28.58,62.49,24.46,4.16,0.37
2018-10-26,0.15,28.48,65.21,24.61,4.1,0.37
2018-10-27,0.03,28.64,65.33,23.88,4.7,0.37
2018-10-28,0.12,28.58,63.63,24.91,4.28,0.37
2018-10-29,0.03,28.88,59.48,25.63,3.92,0.37
2018-10-30,0.01,28.76,60.01,26.36,4.31,0.37
2018-10-31,0.03,29.0,61.05,24.49,2.97,0.37
2018-11-01,0.06,29.41,60.44,23.27,2.37,0.37
2018-11-02,0.17,30.43,58.28,24.27,3.14,0.37
2018-11-03,1.6,30.43,60.84,21.96,3.34,0.37
2018-11-04,1.18,30.18,62.89,22.36,3.28,0.37
2018-11-05,2.25,29.58,63.5,22.39,1.77,0.38
2018-11-06,1.73,29.46,64.98,23.55,2.81,0.38
2018-11-07,4.31,28.95,69.53,22.33,2.58,0.38
2018-11-08,2.53,29.28,66.34,19.4,1.57,0.38
2018-11-09,7.73,27.93,74.0,20.23,2.04,0.39
2018-11-10,0.67,29.52,65.96,25.23,1.94,0.39
2018-11-11,3.94,28.99,68.73,21.59,2.9,0.39
2018-11-12,3.58,28.01,73.76,20.46,3.64,0.4
2018-11-13,2.11,28.98,68.81,21.62,2.97,0.4
2018-11-14,2.79,29.57,66.8,22.4,3.22,0.39
2018-11-15,0.61,28.72,72.43,20.74,3.45,0.4
2018-11-16,2.03,29.3,69.08,22.68,2.97,0.39
2018-11-17,1.12,29.31,69.08,24.5,1.9,0.39
2018-11-18,14.6,28.95,71.11,22.52,1.08,0.4
2018-11-19,16.49,28.73,73.29,24.14,1.86,0.45
2018-11-20,1.94,29.27,66.37,24.38,1.99,0.44
2018-11-21,0.92,28.71,67.16,22.47,3.11,0.44
2018-11-22,0.12,28.55,67.08,23.11,3.94,0.43
2018-11-23,0.16,28.59,64.36,23.07,4.44,0.43
2018-11-24,1.69,28.27,65.4,19.92,3.3,0.43
2018-11-25,6.29,26.4,79.3,19.61,3.02,0.44
2018-11-26,4.25,26.61,79.06,17.61,1.64,0.44
2018-11-27,7.8,26.85,77.14,21.95,0.85,0.46
2018-11-28,12.55,27.3,76.86,20.77,0.92,0.46
2018-11-29,22.1,27.11,81.74,17.35,2.07,0.5
2018-11-30,6.36,26.95,80.0,18.02,1.01,0.52
2018-12-01,9.3,26.74,80.26,17.96,1.3,0.53
2018-12-02,1.56,26.53,83.13,17.77,2.57,0.53
2018-12-03,44.72,26.51,85.65,20.01,2.28,0.57
2018-12-04,6.7,27.62,81.03,24.89,2.05,0.6
2018-12-05,28.32,27.54,81.32,19.52,0.9,0.61
2018-12-06,16.37,27.33,84.06,21.96,1.71,0.65
2018-12-07,9.42,27.2,84.55,22.51,2.67,0.67
2018-12-08,2.72,27.27,81.0,21.61,2.16,0.67
2018-12-09,3.24,27.58,78.19,22.62,1.46,0.66
2018-12-10,0.05,27.62,82.15,22.15,1.96,0.66
2018-12-11,9.79,27.6,82.66,20.3,1.45,0.66
2018-12-12,6.92,27.41,85.27,20.18,2.03,0.68
2018-12-13,15.1,26.96,84.1,20.81,2.85,0.69
2018-12-14,1.32,27.3,82.32,21.21,1.87,0.7
2018-12-15,3.88,27.49,80.72,21.58,2.59,0.69
2018-12-16,6.44,26.65,82.87,16.6,2.77,0.7
2018-12-17,0.3,27.69,75.95,22.98,3.08,0.69
2018-12-18,3.9,27.74,73.79,21.83,1.64,0.68
2018-12-19,12.34,27.4,78.59,20.72,1.76,0.7
2018-12-20,0.58,27.53,77.65,22.23,2.09,0.69
2018-12-21,0.78,27.74,75.94,24.86,2.8,0.68
2018-12-22,1.76,27.43,78.85,20.11,3.52,0.67
2018-12-23,1.41,26.45,83.52,15.88,3.15,0.67
2018-12-24,8.9,26.08,85.39,20.01,2.71,0.68
2018-12-25,5.98,26.32,81.87,20.14,1.86,0.69
2018-12-26,2.34,27.43,78.87,21.83,1.75,0.68
2018-12-27,16.25,27.34,77.04,16.75,2.68,0.69
2018-12-28,14.04,26.48,77.25,11.63,3.04,0.71
2018-12-29,9.4,26.8,77.85,17.93,2.83,0.72
2018-12-30,1.98,27.01,81.8,17.62,2.31,0.72
2018-12-31,6.05,26.5,84.76,18.08,2.89,0.72
2019-01-01,12.75,26.27,85.91,17.11,3.92,0.73
2019-01-02,24.38,26.08,84.09,14.74,2.89,0.76
2019-01-03,23.17,25.84,86.36,5.36,2.62,0.78
2019-01-04,1.91,26.27,83.77,15.13,2.73,0.79
2019-01-05,6.01,27.07,80.55,22.31,2.35,0.79
2019-01-06,4.51,26.96,81.1,20.86,1.64,0.79
2019-01-07,2.42,26.99,80.2,21.46,1.95,0.78
2019-01-08,0.24,27.38,79.44,24.29,1.79,0.78
2019-01-09,4.09,27.45,81.06,23.49,1.58,0.77
2019-01-10,1.68,27.04,84.09,24.22,2.21,0.77
2019-01-11,3.07,27.01,83.52,21.86,1.36,0.77
2019-01-12,4.89,27.48,79.14,22.53,0.86,0.77
2019-01-13,1.44,28.07,74.87,22.76,0.99,0.77
2019-01-14,6.32,27.2,82.46,19.96,1.82,0.77
2019-01-15,9.04,26.24,84.44,19.63,2.71,0.78
2019-01-16,10.28,26.0,87.43,11.04,3.53,0.78
2019-01-17,14.41,26.09,82.49,11.15,2.44,0.8
2019-01-18,3.94,26.43,82.32,17.37,2.13,0.81
2019-01-19,1.92,27.39,72.83,19.91,1.37,0.8
2019-01-20,3.25,27.43,77.24,20.83,1.16,0.79
2019-01-21,8.68,27.18,80.04,21.36,0.81,0.8
2019-01-22,3.97,26.11,83.04,14.58,2.79,0.8
2019-01-23,37.14,25.84,86.58,10.92,5.66,0.84
2019-01-24,3.72,26.3,86.08,14.44,6.31,0.83
2019-01-25,5.21,26.08,87.04,16.69,4.97,0.83
2019-01-26,3.03,26.55,86.98,18.33,4.22,0.83
2019-01-27,4.15,26.51,86.31,11.45,5.29,0.83
2019-01-28,3.57,26.27,85.76,16.43,3.18,0.83
2019-01-29,3.98,25.8,84.45,18.76,2.84,0.83
2019-01-30,0.91,26.73,79.94,22.68,1.5,0.82
2019-01-31,1.11,26.57,82.77,20.66,1.51,0.82
2019-02-01,0.77,26.36,85.31,22.01,2.44,0.82
2019-02-02,3.99,26.61,84.6,20.51,2.35,0.81
2019-02-03,0.96,26.82,85.59,22.3,2.17,0.81
2019-02-04,4.83,26.72,86.28,17.56,3.09,0.81
2019-02-05,9.16,26.38,86.46,17.47,3.43,0.81
2019-02-06,6.55,25.93,87.12,14.45,3.29,0.82
2019-02-07,2.21,26.63,82.78,19.98,2.15,0.82
2019-02-08,13.91,26.47,84.02,19.59,1.51,0.83
2019-02-09,5.7,26.48,84.11,19.91,1.77,0.83
2019-02-10,9.03,25.98,89.65,21.06,1.79,0.84
2019-02-11,6.43,26.21,85.11,10.82,2.2,0.84
2019-02-12,4.21,26.13,85.42,15.59,2.67,0.84
2019-02-13,11.04,26.06,83.93,12.08,2.43,0.84
2019-02-14,0.25,27.47,74.5,26.26,1.03,0.84
2019-02-15,0.08,27.75,77.89,23.14,1.34,0.83
2019-02-16,0.62,28.17,72.82,24.97,0.75,0.82
2019-02-17,2.11,26.91,82.86,19.79,1.46,0.82
2019-02-18,22.66,26.75,82.76,18.31,1.87,0.83
2019-02-19,2.18,26.99,80.44,21.21,1.79,0.84
2019-02-20,1.22,26.85,79.98,23.25,1.54,0.83
2019-02-21,2.07,27.5,76.89,22.34,1.22,0.82
2019-02-22,1.47,27.01,81.09,23.79,1.33,0.82
2019-02-23,3.46,27.36,76.89,24.46,1.36,0.81
2019-02-24,15.41,27.61,78.55,24.75,1.44,0.83
2019-02-25,1.26,28.11,75.03,25.78,1.08,0.82
2019-02-26,0.58,28.31,74.63,25.8,1.6,0.81
2019-02-27,2.65,27.8,79.99,23.59,1.94,0.8
2019-02-28,2.95,28.04,77.3,24.47,1.99,0.8
2019-03-01,0.99,27.23,81.06,22.75,1.84,0.79
2019-03-02,1.23,28.09,71.63,22.78,0.9,0.79
2019-03-03,3.49,27.84,75.36,20.76,0.78,0.78
2019-03-04,3.7,27.0,80.79,21.41,0.86,0.78
2019-03-05,21.05,26.63,83.04,20.83,1.18,0.8
2019-03-06,5.96,27.01,84.34,15.16,2.21,0.81
2019-03-07,18.41,26.43,88.16,8.67,3.51,0.83
2019-03-08,5.52,26.96,78.41,19.1,2.08,0.84
2019-03-09,1.12,27.53,76.75,22.36,1.47,0.83
2019-03-10,1.19,27.74,77.6,24.01,1.81,0.82
2019-03-11,1.33,27.14,78.6,24.69,1.53,0.82
2019-03-12,1.22,26.97,78.22,23.57,1.84,0.81
2019-03-13,11.58,26.19,83.17,19.33,1.6,0.82
2019-03-14,4.19,26.75,79.05,15.33,2.44,0.82
2019-03-15,9.67,25.41,87.84,19.0,1.95,0.83
2019-03-16,14.14,25.72,85.49,13.52,2.38,0.83
2019-03-17,26.13,25.75,88.96,15.23,3.3,0.87
2019-03-18,4.65,26.23,86.44,12.25,3.48,0.87
2019-03-19,3.51,26.51,86.07,18.11,2.94,0.86
2019-03-20,1.57,26.63,86.3,18.86,3.69,0.86
2019-03-21,0.87,26.68,87.52,17.2,3.75,0.85
2019-03-22,2.06,26.64,86.93,18.59,3.15,0.85
2019-03-23,3.03,26.54,87.15,14.57,3.42,0.85
2019-03-24,15.68,26.37,84.43,18.11,2.94,0.85
2019-03-25,4.41,26.48,84.22,18.64,2.36,0.86
2019-03-26,4.86,27.08,81.52,20.09,1.15,0.86
2019-03-27,4.14,27.09,80.84,19.64,1.47,0.86
2019-03-28,6.07,26.16,84.32,17.57,1.72,0.86
2019-03-29,1.53,26.62,79.91,21.0,1.52,0.86
2019-03-30,0.37,27.97,73.96,22.18,1.0,0.85
2019-03-31,0.71,27.37,78.27,22.74,1.82,0.84
2019-04-01,3.83,27.1,76.83,22.01,1.24,0.84
2019-04-02,1.94,27.79,72.2,21.89,0.94,0.84
2019-04-03,9.01,26.83,77.9,18.27,1.49,0.83
2019-04-04,10.15,26.7,81.46,19.48,1.21,0.85
2019-04-05,16.8,27.22,76.35,19.68,0.74,0.86
2019-04-06,0.29,27.11,79.16,19.64,2.25,0.85
2019-04-07,0.06,27.01,75.58,25.11,2.14,0.85
2019-04-08,0.65,27.37,78.83,18.77,1.85,0.84
2019-04-09,1.32,27.57,81.69,21.02,1.41,0.83
2019-04-10,6.54,28.11,76.6,18.84,1.01,0.83
2019-04-11,1.03,27.4,81.3,19.1,1.16,0.83
2019-04-12,3.61,27.13,81.94,17.12,1.63,0.83
2019-04-13,2.36,27.21,80.63,20.1,1.47,0.82
2019-04-14,3.98,26.8,80.01,17.75,1.23,0.82
2019-04-15,5.04,27.56,73.99,18.09,0.83,0.82
2019-04-16,1.84,27.27,80.58,19.55,1.86,0.82
2019-04-17,0.81,27.23,80.62,21.22,2.62,0.81
2019-04-18,0.03,26.77,78.2,24.0,2.73,0.8
2019-04-19,0.05,27.13,79.14,22.88,2.93,0.79
2019-04-20,0.03,27.07,79.44,22.46,3.64,0.78
2019-04-21,0.21,27.06,80.82,20.92,3.69,0.77
2019-04-22,0.78,27.42,80.32,22.31,3.46,0.76
2019-04-23,0.34,27.14,79.4,21.66,3.59,0.75
2019-04-24,0.15,27.33,77.41,20.85,3.23,0.74
2019-04-25,0.12,27.28,78.79,20.88,3.11,0.73
2019-04-26,3.52,27.31,80.52,20.14,3.02,0.73
2019-04-27,10.57,27.15,81.7,16.35,2.52,0.74
2019-04-28,13.62,26.17,83.28,12.03,2.56,0.75
2019-04-29,30.44,26.01,87.21,12.56,2.14,0.77
2019-04-30,5.32,26.53,81.16,11.21,3.21,0.8
2019-05-01,0.47,27.41,74.11,16.34,1.08,0.79
2019-05-02,4.79,26.67,81.66,18.39,1.49,0.78
2019-05-03,0.7,26.86,82.94,20.36,2.21,0.78
2019-05-04,0.6,27.08,82.24,19.73,2.37,0.78
2019-05-05,0.46,27.21,82.96,20.37,3.21,0.77
2019-05-06,0.72,26.69,84.09,18.94,3.11,0.76
2019-05-07,0.01,26.52,78.03,21.22,3.64,0.75
2019-05-08,0.0,26.19,75.76,20.08,3.31,0.74
2019-05-09,0.02,26.4,77.73,20.24,3.94,0.73
2019-05-10,0.01,25.84,76.11,21.33,3.89,0.73
2019-05-11,0.02,25.99,77.17,19.91,3.54,0.72
2019-05-12,0.06,26.27,80.31,19.81,3.0,0.71
2019-05-13,0.16,26.56,80.52,19.19,3.05,0.7
2019-05-14,0.04,26.42,79.29,20.41,3.61,0.69
2019-05-15,0.01,26.39,78.93,21.4,3.48,0.69
2019-05-16,0.02,26.35,79.38,20.25,3.02,0.68
2019-05-17,0.0,25.94,76.39,21.15,2.96,0.67
2019-05-18,0.04,26.0,76.99,20.76,2.81,0.66
2019-05-19,0.03,26.26,78.94,21.72,3.46,0.65
2019-05-20,0.1,26.66,80.27,20.37,3.71,0.65
2019-05-21,0.14,26.76,79.76,19.66,4.04,0.64
2019-05-22,0.42,26.39,82.56,18.78,3.99,0.64
2019-05-23,0.04,26.71,79.23,19.62,3.51,0.63
2019-05-24,0.03,26.03,75.89,20.39,3.97,0.62
2019-05-25,5.56,25.98,79.8,19.88,3.64,0.62
2019-05-26,0.55,26.3,78.94,19.42,3.68,0.62
2019-05-27,0.36,26.32,79.32,18.8,3.67,0.61
2019-05-28,0.99,26.33,80.64,14.84,3.4,0.61
2019-05-29,0.29,26.43,76.61,16.75,4.16,0.6
2019-05-30,0.21,26.09,77.34,18.91,5.17,0.59
2019-05-31,0.07,26.13,75.23,17.64,5.02,0.59
2019-06-01,0.1,26.03,75.87,18.11,5.42,0.58
2019-06-02,0.1,26.0,77.74,17.8,4.78,0.57
2019-06-03,0.58,26.05,79.28,15.6,4.88,0.57
2019-06-04,0.42,25.95,78.56,16.2,4.24,0.57
2019-06-05,0.45,26.1,78.13,18.25,4.75,0.56
2019-06-06,0.03,26.1,76.81,19.08,4.09,0.55
2019-06-07,0.08,25.87,79.0,18.37,3.34,0.55
2019-06-08,0.04,26.2,77.82,17.62,3.92,0.54
2019-06-09,0.31,26.43,78.1,18.79,3.46,0.54
2019-06-10,0.31,26.55,78.46,18.23,3.51,0.54
2019-06-11,0.3,26.17,80.22,18.73,3.41,0.53
2019-06-12,0.22,26.5,78.57,16.69,4.98,0.53
2019-06-13,0.69,26.43,80.21,11.02,4.76,0.52
2019-06-14,0.43,26.63,77.74,17.89,4.26,0.52
2019-06-15,0.03,25.81,73.98,20.86,4.46,0.52
2019-06-16,0.04,25.2,76.17,17.78,2.84,0.51
2019-06-17,0.01,25.27,72.57,21.26,3.39,0.51
2019-06-18,0.04,25.75,68.31,20.79,2.86,0.51
2019-06-19,0.19,25.67,69.5,19.5,2.59,0.5
2019-06-20,0.07,25.53,71.76,18.88,3.27,0.5
2019-06-21,0.02,25.72,69.6,17.68,3.13,0.49
2019-06-22,0.01,25.48,71.76,18.91,3.36,0.49
2019-06-23,0.0,25.64,72.33,18.41,3.33,0.49
2019-06-24,0.03,25.84,71.6,19.24,3.05,0.48
2019-06-25,0.07,25.79,72.55,19.37,3.93,0.48
2019-06-26,0.01,25.09,69.65,19.86,3.81,0.48
2019-06-27,0.01,25.43,67.51,18.97,3.7,0.47
2019-06-28,0.02,24.76,66.71,19.85,4.75,0.47
2019-06-29,0.01,24.55,65.06,19.76,4.92,0.47
2019-06-30,0.0,24.96,67.87,16.48,2.95,0.46
2019-07-01,0.08,25.82,73.66,17.57,3.36,0.46
2019-07-02,1.11,26.39,75.38,14.66,3.08,0.46
2019-07-03,0.98,26.56,74.93,13.77,3.66,0.46
2019-07-04,0.11,26.27,71.03,16.71,3.49,0.46
2019-07-05,0.07,25.82,70.83,18.51,3.01,0.45
2019-07-06,0.01,24.76,67.45,20.71,4.34,0.45
2019-07-07,0.0,24.45,68.08,20.04,4.09,0.45
2019-07-08,0.01,24.91,67.02,20.18,3.64,0.45
2019-07-09,0.06,25.38,70.75,18.67,3.89,0.44
2019-07-10,0.09,25.61,66.55,19.67,3.9,0.44
2019-07-11,0.05,25.76,68.17,18.28,3.51,0.44
2019-07-12,0.05,25.7,67.48,19.94,4.47,0.44
2019-07-13,0.01,24.97,63.36,20.17,4.15,0.43
2019-07-14,0.02,25.38,65.39,18.23,3.56,0.43
2019-07-15,0.04,25.37,67.45,18.48,5.15,0.43
2019-07-16,0.04,25.19,67.97,18.98,4.7,0.43
2019-07-17,0.04,25.98,68.38,17.32,4.69,0.42
2019-07-18,0.04,26.59,66.89,17.54,3.54,0.42
2019-07-19,0.13,26.45,73.95,13.32,3.4,0.42
2019-07-20,0.08,26.57,69.41,19.23,3.05,0.42
2019-07-21,0.02,25.88,68.86,19.84,3.36,0.42
2019-07-22,0.04,25.95,68.07,20.34,3.78,0.41
2019-07-23,0.0,25.74,64.98,21.7,3.69,0.41
2019-07-24,0.01,25.78,63.94,19.91,2.57,0.41
2019-07-25,0.04,25.14,66.02,20.07,3.95,0.41
2019-07-26,0.0,25.87,63.58,19.86,3.06,0.4
2019-07-27,0.01,26.28,66.62,20.68,3.57,0.4
2019-07-28,0.12,26.02,68.6,20.32,3.05,0.4
2019-07-29,0.17,26.16,66.13,20.48,3.7,0.4
2019-07-30,0.03,26.05,67.57,21.48,4.08,0.4
2019-07-31,0.01,26.27,66.43,21.27,3.77,0.39
2019-08-01,0.04,26.19,65.6,20.54,3.61,0.39
2019-08-02,0.05,26.07,62.77,20.48,4.52,0.39
2019-08-03,0.04,25.27,63.21,19.95,5.81,0.39
2019-08-04,0.0,24.61,57.61,21.45,4.14,0.39
2019-08-05,0.01,24.97,63.68,20.94,3.83,0.39
2019-08-06,0.05,25.57,65.45,20.3,3.09,0.38
2019-08-07,0.05,25.69,66.97,20.74,3.59,0.38
2019-08-08,0.03,25.67,67.37,20.54,4.52,0.38
2019-08-09,0.03,25.77,67.6,20.32,4.19,0.38
2019-08-10,0.0,26.11,65.73,20.95,3.12,0.38
2019-08-11,0.01,26.57,66.8,18.92,2.82,0.38
2019-08-12,0.09,27.1,68.31,19.65,3.11,0.38
2019-08-13,0.04,26.73,68.8,18.49,3.59,0.38
2019-08-14,0.01,26.82,65.3,17.72,3.23,0.37
2019-08-15,0.01,26.75,58.06,22.38,3.04,0.37
2019-08-16,0.01,26.48,63.58,22.2,3.63,0.37
2019-08-17,0.04,26.15,65.36,21.92,4.74,0.37
2019-08-18,0.01,25.9,64.51,21.66,5.3,0.37
2019-08-19,0.04,26.34,64.01,22.47,4.55,0.37
2019-08-20,0.07,27.41,60.59,22.14,4.36,0.37
2019-08-21,0.11,26.67,67.65,20.71,4.02,0.37
2019-08-22,0.08,26.49,62.74,18.92,3.93,0.37
2019-08-23,0.02,26.49,63.47,20.76,4.27,0.37
2019-08-24,0.15,27.15,66.52,19.01,3.66,0.37
2019-08-25,0.07,27.15,63.55,20.85,4.4,0.37
2019-08-26,0.13,26.34,63.42,21.3,3.41,0.37
2019-08-27,0.1,26.44,63.76,21.38,3.73,0.37
2019-08-28,0.04,26.68,60.6,22.22,4.19,0.37
2019-08-29,0.04,26.62,59.81,21.56,3.36,0.37
2019-08-30,0.06,26.48,58.97,23.13,4.0,0.37
2019-08-31,0.05,26.4,55.6,23.12,4.75,0.37
2019-09-01,0.0,27.2,55.44,23.2,3.86,0.37
2019-09-02,0.02,26.74,57.73,24.85,3.37,0.37
2019-09-03,0.04,27.03,58.78,24.88,3.21,0.37
2019-09-04,0.03,26.48,62.26,21.76,2.89,0.37
2019-09-05,0.02,26.83,62.42,21.89,2.95,0.37
2019-09-06,0.03,26.81,65.17,22.22,3.68,0.37
2019-09-07,0.05,26.93,66.26,23.11,4.34,0.37
2019-09-08,0.01,27.32,62.73,21.49,3.65,0.37
2019-09-09,0.02,27.72,59.55,23.22,3.12,0.37
2019-09-10,0.0,27.59,56.29,23.19,3.79,0.37
2019-09-11,0.12,26.56,56.65,24.66,4.05,0.37
2019-09-12,2.06,25.59,60.63,21.29,3.62,0.37
2019-09-13,0.02,26.53,57.12,23.19,3.0,0.37
2019-09-14,0.03,26.66,59.92,22.3,2.76,0.37
2019-09-15,0.07,26.85,59.49,23.12,3.0,0.37
2019-09-16,0.03,26.72,63.63,23.15,3.49,0.37
2019-09-17,0.08,27.03,62.71,23.2,3.08,0.37
2019-09-18,0.02,27.18,62.77,23.02,3.3,0.37
2019-09-19,0.09,27.16,63.52,23.03,2.89,0.37
2019-09-20,0.01,27.26,63.91,24.94,3.54,0.37
2019-09-21,0.07,27.35,60.91,24.33,3.02,0.37
2019-09-22,0.18,27.36,61.29,23.43,3.18,0.37
2019-09-23,0.0,27.47,63.02,23.09,2.75,0.37
2019-09-24,0.57,28.36,62.19,23.61,3.21,0.37
2019-09-25,1.71,28.29,64.24,23.52,4.64,0.37
2019-09-26,0.14,28.36,62.35,22.89,3.22,0.37
2019-09-27,0.64,28.32,62.3,22.55,3.92,0.37
2019-09-28,0.01,28.28,60.66,24.59,4.48,0.37
2019-09-29,0.03,28.28,61.01,24.24,3.34,0.37
2019-09-30,1.8,28.04,61.39,23.55,4.19,0.37
2019-10-01,0.37,28.25,61.05,24.05,3.55,0.37
2019-10-02,0.1,28.65,59.89,24.38,3.14,0.37
2019-10-03,0.01,28.63,56.59,25.83,2.99,0.37
2019-10-04,0.1,28.56,54.12,25.25,3.55,0.37
2019-10-05,0.06,28.06,59.02,24.25,2.86,0.37
2019-10-06,0.2,28.51,60.49,24.33,2.51,0.37
2019-10-07,0.1,28.81,58.04,24.37,3.21,0.37
2019-10-08,0.0,29.04,57.13,25.88,2.63,0.37
2019-10-09,0.07,28.72,58.07,23.43,2.74,0.37
2019-10-10,0.0,29.09,57.45,22.96,2.53,0.37
2019-10-11,0.01,29.38,53.17,24.35,2.31,0.37
2019-10-12,0.0,29.18,53.42,26.36,1.89,0.37
2019-10-13,0.0,29.41,54.46,26.4,3.04,0.37
2019-10-14,0.97,29.24,56.72,25.51,3.2,0.37
2019-10-15,0.13,28.59,59.03,25.42,3.03,0.37
2019-10-16,0.03,28.34,58.87,24.82,3.32,0.37
2019-10-17,0.07,28.44,61.84,25.43,2.79,0.37
2019-10-18,0.15,29.07,59.61,26.06,3.0,0.37
2019-10-19,1.04,29.26,61.23,26.88,2.77,0.37
2019-10-20,0.02,29.06,63.23,27.04,3.12,0.37
2019-10-21,0.01,29.72,58.45,27.71,2.61,0.37
2019-10-22,0.06,29.6,58.41,27.64,2.26,0.37
2019-10-23,0.04,29.49,58.38,26.6,1.99,0.37
2019-10-24,0.02,29.41,57.74,25.37,1.99,0.37
2019-10-25,0.55,29.4,57.21,24.29,2.16,0.37
2019-10-26,2.26,29.51,54.63,25.02,2.99,0.37
2019-10-27,0.28,29.27,58.4,25.36,3.63,0.37
2019-10-28,1.74,29.02,61.2,25.73,3.82,0.37
2019-10-29,1.58,28.9,62.85,24.37,3.45,0.37
2019-10-30,1.93,29.1,63.33,23.91,3.36,0.38
2019-10-31,18.08,27.83,72.45,23.7,1.98,0.4
2019-11-01,5.96,28.19,70.48,22.68,2.07,0.41
2019-11-02,2.38,28.21,67.83,23.22,3.7,0.41
2019-11-03,1.82,28.0,69.45,23.94,3.92,0.41
2019-11-04,0.22,28.44,67.37,24.39,4.0,0.41
2019-11-05,0.07,29.08,62.33,24.94,3.52,0.4
2019-11-06,0.37,29.03,60.33,23.33,3.17,0.4
2019-11-07,0.85,29.31,63.27,24.97,3.09,0.4
2019-11-08,1.9,28.96,67.36,23.91,3.6,0.4
2019-11-09,0.75,29.19,65.97,25.13,3.41,0.39
2019-11-10,1.26,29.15,64.57,25.96,2.92,0.39
2019-11-11,2.16,28.37,69.36,24.36,2.53,0.39
2019-11-12,0.83,28.5,68.99,23.94,2.27,0.39
2019-11-13,0.52,29.58,62.17,25.94,2.04,0.39
2019-11-14,0.54,29.85,60.42,27.32,2.18,0.39
2019-11-15,0.17,29.99,57.51,24.92,2.03,0.39
2019-11-16,0.64,30.26,58.25,25.43,1.97,0.38
2019-11-17,0.21,30.41,58.14,25.91,2.48,0.38
2019-11-18,0.45,30.53,55.65,25.61,2.33,0.38
2019-11-19,2.54,30.08,58.33,23.41,2.05,0.38
2019-11-20,1.64,29.57,63.24,22.32,2.98,0.38
2019-11-21,0.77,29.82,61.13,25.28,3.0,0.38
2019-11-22,1.56,30.11,60.75,24.83,2.74,0.38
2019-11-23,4.52,29.91,62.57,25.37,2.91,0.38
2019-11-24,6.98,29.48,65.7,25.05,2.37,0.39
2019-11-25,2.47,29.65,62.62,22.6,2.18,0.39
2019-11-26,2.98,30.03,59.3,24.67,1.68,0.39
2019-11-27,3.29,29.66,62.39,22.83,2.02,0.39
2019-11-28,2.09,30.04,61.75,22.54,3.12,0.39
2019-11-29,0.18,30.27,60.33,24.69,3.06,0.39
2019-11-30,1.68,30.52,61.12,23.7,1.91,0.38
2019-12-01,0.34,31.31,56.46,24.11,1.98,0.38
2019-12-02,0.41,31.01,59.69,24.18,1.75,0.38
2019-12-03,0.88,29.77,67.01,23.06,1.46,0.38
2019-12-04,3.91,28.75,71.23,20.65,1.43,0.39
2019-12-05,0.15,29.09,69.42,23.63,2.22,0.39
2019-12-06,0.51,29.8,62.58,24.37,1.88,0.38
2019-12-07,0.86,30.59,60.14,23.16,1.6,0.38
2019-12-08,0.26,30.98,58.38,26.29,2.43,0.38
2019-12-09,5.81,30.83,57.88,24.86,1.92,0.38
2019-12-10,28.16,29.58,67.28,24.54,1.57,0.44
2019-12-11,3.14,29.58,65.58,24.38,1.98,0.44
2019-12-12,5.42,30.0,63.44,22.17,1.45,0.44
2019-12-13,3.04,28.97,68.67,21.28,1.01,0.44
2019-12-14,0.79,28.39,71.08,20.95,2.12,0.44
2019-12-15,1.3,29.28,64.85,16.95,1.32,0.43
2019-12-16,4.27,29.48,65.57,21.76,1.08,0.44
2019-12-17,2.55,29.8,66.63,24.75,1.66,0.44
2019-12-18,3.55,29.84,66.48,23.47,1.1,0.44
2019-12-19,10.89,29.03,73.7,20.95,1.25,0.46
2019-12-20,17.82,29.42,69.35,22.53,0.98,0.47
2019-12-21,19.03,29.46,67.27,22.49,0.82,0.51
2019-12-22,9.97,29.48,67.36,23.71,0.87,0.52
2019-12-23,3.85,28.96,71.34,21.69,0.82,0.52
2019-12-24,0.48,29.28,70.82,21.41,1.07,0.52
2019-12-25,2.94,29.37,69.41,23.05,1.1,0.52
2019-12-26,6.13,28.21,75.44,21.82,0.93,0.52
2019-12-27,17.05,28.25,74.49,21.23,1.57,0.54
2019-12-28,6.7,28.19,77.21,22.18,1.88,0.55
2019-12-29,8.0,27.56,78.77,16.52,2.04,0.56
2019-12-30,1.97,28.26,74.5,19.73,1.38,0.56
2019-12-31,3.94,28.25,76.87,18.45,0.98,0.56
2020-01-01,26.39,27.02,86.03,15.14,2.79,0.59
2020-01-02,12.09,26.66,82.19,17.84,2.0,0.62
2020-01-03,15.8,26.43,85.18,16.42,3.08,0.63
2020-01-04,16.87,27.01,85.01,7.17,5.85,0.66
2020-01-05,8.87,27.67,81.01,18.61,4.46,0.67
2020-01-06,2.45,26.95,85.35,19.38,4.08,0.67
2020-01-07,3.07,27.36,82.97,21.55,3.25,0.67
2020-01-08,3.87,27.18,81.09,18.42,2.92,0.66
2020-01-09,1.34,26.85,82.25,22.78,1.79,0.66
2020-01-10,0.29,27.5,72.68,25.86,2.21,0.66
2020-01-11,1.76,28.24,71.97,22.67,2.97,0.65
2020-01-12,4.17,26.87,81.99,19.63,3.59,0.65
2020-01-13,7.71,26.71,87.42,16.67,3.34,0.65
2020-01-14,4.12,27.15,81.56,19.29,1.6,0.66
2020-01-15,2.73,28.04,75.22,20.0,2.12,0.66
2020-01-16,1.43,28.1,74.21,24.66,1.96,0.65
2020-01-17,0.76,28.28,73.9,24.29,1.65,0.64
2020-01-18,0.37,28.55,73.41,23.62,1.73,0.63
2020-01-19,0.75,28.37,74.65,23.55,1.34,0.63
2020-01-20,0.16,28.39,75.8,23.42,1.84,0.62
2020-01-21,7.83,27.5,82.0,22.41,2.65,0.62
2020-01-22,1.9,28.4,75.03,24.55,2.19,0.62
2020-01-23,3.37,28.28,76.27,24.62,1.31,0.62
2020-01-24,3.43,28.41,75.15,21.98,1.26,0.62
2020-01-25,1.33,28.72,73.59,24.1,1.18,0.61
2020-01-26,0.89,28.97,73.06,24.91,1.53,0.6
2020-01-27,0.82,29.02,73.11,23.09,1.19,0.59
2020-01-28,0.79,28.97,77.38,23.27,1.5,0.59
2020-01-29,0.47,28.44,81.12,23.9,1.82,0.58
2020-01-30,2.87,28.08,82.1,20.11,2.93,0.58
2020-01-31,3.03,27.68,75.41,17.24,2.44,0.58
2020-02-01,2.71,27.77,77.08,18.25,1.56,0.58
2020-02-02,4.46,28.06,75.25,21.96,1.32,0.58
2020-02-03,5.73,28.21,73.33,25.01,1.06,0.59
2020-02-04,0.4,28.69,69.79,23.66,1.0,0.58
2020-02-05,0.51,29.03,68.23,25.28,1.79,0.57
2020-02-06,7.07,27.36,82.1,22.44,2.94,0.57
2020-02-07,37.3,27.09,82.18,15.53,2.75,0.59
2020-02-08,8.74,27.08,84.19,16.41,3.03,0.64
2020-02-09,21.25,26.21,84.48,8.0,2.3,0.66
2020-02-10,13.71,26.54,82.37,22.53,2.39,0.67
2020-02-11,23.72,26.39,83.95,20.68,1.85,0.71
2020-02-12,6.08,27.0,78.56,22.26,1.29,0.71
2020-02-13,3.11,27.83,75.28,20.64,0.85,0.71
2020-02-14,24.23,28.11,76.47,22.71,0.61,0.72
2020-02-15,5.33,28.43,74.42,22.48,0.64,0.74
2020-02-16,2.04,28.02,77.71,20.7,1.47,0.73
2020-02-17,13.36,27.43,82.31,19.86,1.95,0.74
2020-02-18,9.98,26.35,84.14,22.19,3.41,0.76
2020-02-19,5.98,26.74,83.7,17.7,3.23,0.75
2020-02-20,8.94,25.84,87.99,7.74,3.99,0.77
2020-02-21,25.1,26.2,89.26,13.35,3.49,0.78
2020-02-22,35.61,26.35,85.56,18.3,3.03,0.83
2020-02-23,6.43,26.19,85.93,22.93,2.97,0.85
2020-02-24,0.97,27.25,81.86,18.37,2.56,0.84
2020-02-25,0.26,27.74,79.43,23.86,1.66,0.83
2020-02-26,0.53,27.65,83.63,22.14,2.17,0.82
2020-02-27,1.5,27.16,85.21,21.98,2.84,0.81
2020-02-28,5.69,27.29,85.68,21.97,3.02,0.81
2020-02-29,11.24,26.99,87.37,17.03,3.54,0.82
2020-03-01,10.85,27.01,85.44,18.12,3.01,0.83
2020-03-02,8.0,27.6,81.93,19.74,1.59,0.84
2020-03-03,13.7,27.64,82.28,21.74,1.03,0.85
2020-03-04,13.22,27.61,83.51,19.81,2.02,0.85
2020-03-05,8.92,26.7,86.38,21.09,2.58,0.86
2020-03-06,8.34,26.31,84.16,11.28,2.35,0.86
2020-03-07,2.65,26.49,79.94,14.42,1.68,0.86
2020-03-08,3.38,26.4,85.32,19.11,2.26,0.85
2020-03-09,7.27,26.57,84.5,21.6,2.53,0.85
2020-03-10,9.7,26.85,85.83,21.32,2.83,0.86
2020-03-11,1.97,27.05,86.7,16.26,2.75,0.86
2020-03-12,1.11,27.51,81.54,21.83,1.5,0.85
2020-03-13,9.64,26.76,85.03,17.98,1.69,0.85
2020-03-14,4.88,27.23,79.33,21.36,1.78,0.86
2020-03-15,0.82,27.89,75.55,23.77,0.82,0.85
2020-03-16,18.14,27.88,77.79,21.97,1.25,0.85
2020-03-17,9.25,27.53,77.84,20.72,1.54,0.86
2020-03-18,0.98,27.27,79.45,22.98,1.94,0.86
2020-03-19,3.85,27.23,79.8,24.54,1.82,0.85
2020-03-20,0.13,27.61,77.86,24.58,2.04,0.84
2020-03-21,6.09,27.44,77.2,22.6,1.12,0.84
2020-03-22,12.88,26.99,80.73,20.47,1.62,0.85
2020-03-23,17.48,27.6,76.08,23.06,0.78,0.86
2020-03-24,18.31,27.5,77.78,23.35,1.3,0.88
2020-03-25,0.46,27.79,77.33,24.54,1.92,0.87
2020-03-26,0.73,28.67,73.81,20.82,1.58,0.86
2020-03-27,3.11,28.28,76.33,16.73,1.8,0.85
2020-03-28,2.47,27.37,79.37,21.73,1.13,0.85
2020-03-29,0.39,27.86,77.45,23.63,1.06,0.84
2020-03-30,3.51,26.94,82.61,23.02,1.0,0.84
2020-03-31,1.28,27.51,76.92,22.49,1.15,0.84
2020-04-01,3.1,27.52,76.37,21.79,1.47,0.83
2020-04-02,1.44,27.18,80.61,21.38,1.57,0.83
2020-04-03,1.82,27.74,78.86,21.46,1.48,0.82
2020-04-04,2.16,27.5,82.29,21.05,2.17,0.82
2020-04-05,3.86,27.4,81.77,18.92,1.09,0.81
2020-04-06,3.25,27.76,77.49,20.32,1.19,0.81
2020-04-07,2.24,27.48,79.5,19.92,1.3,0.81
2020-04-08,2.92,27.26,81.3,19.33,1.94,0.81
2020-04-09,3.84,27.37,77.25,22.1,1.67,0.8
2020-04-10,5.53,27.6,76.55,22.2,1.62,0.8
2020-04-11,4.36,27.53,77.57,15.86,1.78,0.8
2020-04-12,2.89,25.8,87.24,13.86,2.53,0.8
2020-04-13,1.66,27.55,72.23,20.88,1.11,0.79
2020-04-14,2.53,28.04,75.47,17.42,0.97,0.79
2020-04-15,1.21,27.69,79.45,21.73,1.44,0.78
2020-04-16,2.49,26.76,81.86,13.95,2.12,0.78
2020-04-17,1.92,27.17,79.71,18.21,1.81,0.78
2020-04-18,6.87,27.8,78.68,19.17,1.37,0.78
2020-04-19,4.79,28.04,78.32,20.26,1.08,0.78
2020-04-20,0.77,28.23,75.27,20.8,1.57,0.78
2020-04-21,3.04,27.79,78.29,21.87,2.49,0.77
2020-04-22,1.04,27.69,81.83,20.42,2.74,0.77
2020-04-23,0.16,27.37,80.36,23.35,3.57,0.76
2020-04-24,0.95,27.46,79.71,22.49,2.84,0.75
2020-04-25,1.77,27.05,81.61,17.66,3.74,0.75
2020-04-26,0.03,27.21,79.96,19.23,2.61,0.74
2020-04-27,0.1,27.42,76.09,20.8,1.61,0.73
2020-04-28,0.43,27.3,75.98,21.02,2.06,0.72
2020-04-29,0.74,27.13,76.12,21.59,2.5,0.71
2020-04-30,0.02,26.9,77.2,21.24,2.98,0.71
2020-05-01,0.48,26.93,78.69,19.94,2.2,0.7
2020-05-02,0.22,27.34,76.66,20.68,2.53,0.69
2020-05-03,0.55,27.56,77.82,21.0,2.84,0.68
2020-05-04,0.25,27.55,78.45,18.77,3.56,0.67
2020-05-05,0.2,27.6,78.91,20.18,2.61,0.67
2020-05-06,0.04,27.7,78.03,20.55,2.57,0.66
2020-05-07,2.9,27.0,85.88,17.94,2.83,0.65
2020-05-08,1.8,27.21,84.25,19.37,3.08,0.66
2020-05-09,0.06,27.26,77.98,21.3,3.61,0.65
2020-05-10,0.49,26.83,78.12,20.98,2.53,0.64
2020-05-11,0.19,26.87,77.04,19.85,2.52,0.64
2020-05-12,0.2,27.11,78.04,20.8,3.53,0.63
2020-05-13,0.33,27.16,76.81,19.43,3.89,0.62
2020-05-14,0.52,27.08,78.16,18.88,4.32,0.61
2020-05-15,0.12,27.36,78.74,18.98,4.15,0.61
2020-05-16,0.17,27.13,82.56,18.49,4.45,0.6
2020-05-17,0.07,27.41,80.85,17.04,4.29,0.59
2020-05-18,0.99,27.24,84.54,15.43,2.91,0.59
2020-05-19,16.26,26.14,86.84,3.22,2.28,0.61
2020-05-20,0.43,26.36,82.86,10.27,4.16,0.61
2020-05-21,0.19,26.54,77.37,17.23,2.93,0.61
2020-05-22,0.64,26.92,78.66,14.21,1.27,0.6
2020-05-23,9.35,26.9,81.5,14.58,1.01,0.6
2020-05-24,6.23,26.26,84.36,16.53,1.36,0.62
2020-05-25,2.48,26.88,83.18,12.67,2.73,0.61
2020-05-26,1.52,27.64,79.31,16.32,1.26,0.61
2020-05-27,0.37,27.6,78.96,17.71,0.98,0.61
2020-05-28,2.92,26.96,80.95,14.78,0.97,0.6
2020-05-29,4.76,27.17,77.2,16.25,1.42,0.61
2020-05-30,0.25,27.03,83.75,17.88,1.83,0.61
2020-05-31,0.56,26.96,83.48,18.68,2.34,0.6
2020-06-01,0.16,26.93,79.26,18.79,3.97,0.6
2020-06-02,0.17,27.05,78.13,18.92,2.76,0.59
2020-06-03,0.11,26.89,75.58,18.89,3.47,0.58
2020-06-04,0.43,26.37,76.66,16.08,4.27,0.58
2020-06-05,0.18,26.48,75.41,18.46,3.94,0.57
2020-06-06,0.2,26.5,77.27,17.65,3.98,0.57
2020-06-07,0.14,26.31,74.37,15.6,3.37,0.56
2020-06-08,0.15,26.45,74.5,17.48,3.02,0.55
2020-06-09,0.06,26.57,74.75,19.47,2.96,0.55
2020-06-10,0.04,27.02,73.66,19.08,3.01,0.54
2020-06-11,0.13,27.24,73.61,18.45,2.51,0.54
2020-06-12,0.56,27.14,74.3,15.67,2.96,0.53
2020-06-13,3.86,26.8,78.5,12.84,2.6,0.53
2020-06-14,0.73,27.2,80.21,16.59,3.33,0.54
2020-06-15,0.03,27.33,73.46,19.24,3.89,0.53
2020-06-16,0.22,27.45,72.95,18.11,3.9,0.52
2020-06-17,0.66,27.2,75.2,16.13,4.85,0.52
2020-06-18,0.05,26.97,72.94,18.14,4.89,0.52
2020-06-19,0.12,26.75,74.97,18.6,4.62,0.51
2020-06-20,0.05,26.93,72.25,17.15,5.04,0.51
2020-06-21,0.04,26.84,71.75,17.08,5.01,0.5
2020-06-22,0.2,26.76,72.39,18.89,3.6,0.5
2020-06-23,0.24,26.7,72.3,18.79,4.69,0.5
2020-06-24,0.24,26.25,67.41,20.82,5.25,0.49
2020-06-25,0.28,26.41,70.34,19.79,3.36,0.49
2020-06-26,0.14,26.82,69.39,18.68,3.36,0.49
2020-06-27,1.2,26.8,74.07,17.02,3.38,0.48
2020-06-28,0.01,26.72,69.6,18.97,3.47,0.48
2020-06-29,0.02,26.39,69.93,15.86,3.56,0.48
2020-06-30,0.05,25.86,73.42,18.3,3.61,0.47
2020-07-01,0.06,26.21,71.28,19.41,3.86,0.47
2020-07-02,0.04,26.19,69.12,19.52,4.13,0.47
2020-07-03,0.06,25.71,71.08,18.32,4.47,0.47
2020-07-04,0.03,26.4,72.88,18.05,4.0,0.46
2020-07-05,0.67,26.52,72.81,15.02,4.47,0.46
2020-07-06,1.56,26.25,74.63,13.37,4.29,0.46
2020-07-07,0.2,26.58,72.86,17.99,4.53,0.46
2020-07-08,0.11,26.61,73.55,16.95,4.96,0.46
2020-07-09,0.08,26.88,69.89,18.62,4.65,0.45
2020-07-10,0.26,26.64,71.29,19.45,4.48,0.45
2020-07-11,0.16,26.65,69.73,16.06,4.33,0.45
2020-07-12,0.43,26.92,68.95,18.17,4.11,0.45
2020-07-13,0.98,26.81,72.7,16.69,3.21,0.45
2020-07-14,0.34,26.85,71.64,17.74,4.01,0.44
2020-07-15,0.04,26.55,67.25,20.11,4.74,0.44
2020-07-16,0.02,26.52,67.01,19.34,3.9,0.44
2020-07-17,0.04,27.03,69.33,16.89,2.68,0.44
2020-07-18,0.09,27.0,70.49,15.74,3.76,0.43
2020-07-19,2.81,26.72,73.69,10.63,3.59,0.43
2020-07-20,0.4,26.59,70.73,17.47,3.87,0.43
2020-07-21,0.07,26.77,67.18,19.51,3.04,0.43
2020-07-22,0.03,26.77,67.38,19.71,4.15,0.43
2020-07-23,0.07,26.46,64.23,20.12,5.18,0.42
2020-07-24,0.04,25.96,63.34,21.16,5.29,0.42
2020-07-25,0.01,25.64,62.12,21.23,4.68,0.42
2020-07-26,0.0,25.8,65.37,20.54,5.14,0.42
2020-07-27,0.03,26.16,68.09,19.5,4.79,0.41
2020-07-28,0.1,25.8,65.45,20.17,5.25,0.41
2020-07-29,0.05,25.58,62.62,19.59,3.73,0.41
2020-07-30,0.14,25.97,66.36,20.36,4.21,0.41
2020-07-31,0.03,26.19,64.57,19.13,4.65,0.41
2020-08-01,0.23,25.62,64.78,20.8,4.32,0.41
2020-08-02,0.15,25.72,65.54,20.65,3.0,0.4
2020-08-03,0.1,25.74,65.8,20.34,2.36,0.4
2020-08-04,0.1,26.01,66.44,21.39,3.76,0.4
2020-08-05,0.01,26.02,67.81,17.41,4.62,0.4
2020-08-06,0.05,25.63,68.0,19.96,4.45,0.39
2020-08-07,0.13,25.92,67.59,18.7,3.57,0.39
2020-08-08,0.15,26.24,67.6,18.34,3.37,0.39
2020-08-09,0.04,26.95,69.67,19.4,2.48,0.39
2020-08-10,0.08,27.5,69.72,18.73,2.49,0.39
2020-08-11,1.48,28.03,67.99,18.39,2.45,0.39
2020-08-12,2.32,28.02,68.28,19.7,2.11,0.39
2020-08-13,1.35,27.48,70.52,18.06,3.98,0.39
2020-08-14,1.24,27.58,69.02,20.26,3.63,0.39
2020-08-15,3.04,27.2,70.06,22.42,3.66,0.39
2020-08-16,1.53,27.24,67.65,22.93,3.03,0.39
2020-08-17,1.08,27.32,68.84,22.35,4.03,0.39
2020-08-18,1.17,27.19,66.82,22.36,4.9,0.39
2020-08-19,0.93,26.78,65.25,19.43,4.86,0.39
2020-08-20,0.04,26.72,64.7,23.05,4.0,0.38
2020-08-21,0.02,27.18,64.34,24.19,3.04,0.38
2020-08-22,0.01,27.68,63.78,23.48,3.4,0.38
2020-08-23,0.02,27.16,63.48,23.53,3.03,0.38
2020-08-24,0.0,27.52,61.67,20.99,2.33,0.38
2020-08-25,0.02,27.5,59.64,22.1,3.41,0.38
2020-08-26,0.0,27.02,61.19,23.43,5.33,0.37
2020-08-27,0.02,27.07,64.41,22.05,4.32,0.37
2020-08-28,0.04,28.25,59.32,20.92,4.11,0.37
2020-08-29,0.02,27.71,59.41,22.56,5.16,0.37
2020-08-30,0.0,27.56,58.7,22.79,4.1,0.37
2020-08-31,0.0,28.12,59.12,22.83,4.19,0.37
2020-09-01,0.14,28.26,64.14,19.68,3.76,0.37
2020-09-02,1.31,28.22,67.38,18.98,4.01,0.37
2020-09-03,0.73,28.67,64.4,21.64,4.04,0.37
2020-09-04,0.13,28.79,62.68,22.35,3.43,0.37
2020-09-05,0.09,28.61,62.79,23.7,3.62,0.37
2020-09-06,0.05,28.68,59.9,22.03,3.12,0.37
2020-09-07,0.03,28.49,59.0,22.73,3.83,0.37
2020-09-08,0.03,28.67,59.73,22.65,3.67,0.37
2020-09-09,0.02,28.53,61.34,23.44,3.84,0.37
2020-09-10,0.02,28.09,63.45,23.89,4.58,0.37
2020-09-11,0.08,28.36,61.06,23.47,4.59,0.37
2020-09-12,0.15,28.28,60.04,23.06,3.92,0.37
2020-09-13,0.06,28.26,56.25,23.88,4.32,0.37
2020-09-14,0.04,28.37,55.26,22.24,3.44,0.37
2020-09-15,0.09,28.24,56.73,21.56,3.38,0.37
2020-09-16,1.75,27.85,60.94,20.81,2.92,0.37
2020-09-17,0.69,28.46,59.31,23.97,2.19,0.37
2020-09-18,0.75,28.53,63.5,20.73,2.42,0.37
2020-09-19,3.06,28.09,69.42,23.61,2.53,0.38
2020-09-20,0.36,28.81,63.97,22.77,2.9,0.38
2020-09-21,1.09,28.64,68.37,16.65,4.55,0.37
2020-09-22,0.25,29.03,65.6,23.95,4.43,0.38
2020-09-23,0.02,29.53,61.3,25.32,4.07,0.37
2020-09-24,0.07,29.35,61.95,23.41,2.07,0.37
2020-09-25,0.13,29.17,62.41,24.03,3.96,0.37
2020-09-26,0.12,29.32,61.3,23.77,4.0,0.37
2020-09-27,0.56,28.78,63.55,22.39,4.3,0.37
2020-09-28,0.67,29.11,62.75,23.92,4.54,0.37
2020-09-29,1.16,28.49,65.56,22.22,4.51,0.37
2020-09-30,0.64,29.27,60.62,23.18,3.94,0.37
2020-10-01,1.23,29.43,61.62,24.44,3.85,0.37
2020-10-02,0.82,29.03,66.34,24.89,3.69,0.37
2020-10-03,0.28,29.23,62.54,24.12,3.29,0.37
2020-10-04,0.47,28.46,63.37,23.42,4.93,0.37
2020-10-05,0.08,28.56,62.05,23.06,4.84,0.37
2020-10-06,0.12,27.89,63.64,22.91,5.64,0.37
2020-10-07,0.17,27.99,62.16,24.12,4.84,0.37
2020-10-08,1.1,28.02,66.85,20.15,4.68,0.37
2020-10-09,20.96,28.17,72.5,17.56,3.95,0.38
2020-10-10,13.92,27.33,78.1,19.52,2.06,0.44
2020-10-11,1.8,28.48,67.73,22.46,2.04,0.44
2020-10-12,0.14,28.75,64.58,23.49,3.14,0.43
2020-10-13,0.02,29.33,61.77,23.56,2.92,0.42
2020-10-14,0.93,29.32,64.94,22.87,3.05,0.42
2020-10-15,2.03,29.03,66.0,24.74,2.96,0.42
2020-10-16,4.43,28.22,68.97,23.52,3.16,0.43
2020-10-17,0.61,28.7,62.72,26.16,2.45,0.42
2020-10-18,2.98,28.36,66.42,23.9,2.85,0.42
2020-10-19,11.47,27.81,72.32,20.83,2.39,0.43
2020-10-20,8.12,27.92,73.6,23.22,1.99,0.45
2020-10-21,3.09,28.33,72.45,24.26,3.19,0.45
2020-10-22,0.55,28.58,68.48,23.04,3.3,0.44
2020-10-23,0.49,28.73,67.88,21.61,3.4,0.44
2020-10-24,1.82,28.92,68.95,23.82,3.6,0.44
2020-10-25,1.65,28.93,69.97,23.79,3.15,0.44
2020-10-26,0.4,28.75,69.85,24.09,4.04,0.43
2020-10-27,13.95,26.94,80.23,21.08,3.19,0.45
2020-10-28,1.85,27.83,74.38,20.47,2.48,0.46
2020-10-29,2.04,27.68,74.56,20.8,2.45,0.46
2020-10-30,2.94,27.54,72.17,20.8,1.09,0.46
2020-10-31,4.63,26.88,72.08,13.09,3.18,0.46
2020-11-01,0.75,28.1,61.08,21.58,1.97,0.46
2020-11-02,3.58,28.51,67.63,23.08,2.15,0.46
2020-11-03,0.21,29.09,63.99,23.23,2.1,0.46
2020-11-04,1.1,29.13,66.0,22.72,2.35,0.45
2020-11-05,0.84,29.12,69.06,24.27,1.97,0.45
2020-11-06,2.76,29.63,63.05,24.64,1.48,0.45
2020-11-07,2.55,29.71,62.84,25.66,2.52,0.45
2020-11-08,0.35,30.15,58.48,24.06,1.87,0.45
2020-11-09,0.74,29.54,64.61,23.55,4.37,0.44
2020-11-10,0.43,29.94,62.42,20.68,3.29,0.44
2020-11-11,1.87,29.72,64.21,22.4,2.47,0.44
2020-11-12,3.38,28.85,72.12,24.54,2.25,0.44
2020-11-13,0.39,29.76,65.54,24.53,1.93,0.44
2020-11-14,1.54,29.76,65.56,23.77,1.66,0.44
2020-11-15,3.15,28.9,68.72,22.97,2.14,0.44
2020-11-16,0.34,29.25,66.74,27.47,3.49,0.44
2020-11-17,0.46,29.22,66.68,23.12,2.97,0.43
2020-11-18,1.64,29.88,64.77,24.03,2.35,0.43
2020-11-19,3.07,28.67,72.65,22.15,1.97,0.43
2020-11-20,2.91,29.38,67.45,22.09,1.73,0.44
2020-11-21,1.4,29.65,64.72,23.73,2.12,0.44
2020-11-22,2.84,29.55,63.02,19.77,0.93,0.44
2020-11-23,11.55,28.02,73.85,20.2,1.05,0.45
2020-11-24,4.34,28.15,70.0,21.24,1.06,0.46
2020-11-25,5.57,28.32,71.67,19.36,1.56,0.46
2020-11-26,4.07,27.99,72.96,18.39,1.59,0.46
2020-11-27,5.4,27.82,75.23,20.04,1.26,0.47
2020-11-28,5.04,27.34,75.68,20.13,1.2,0.48
2020-11-29,2.9,27.62,68.64,21.21,1.38,0.48
2020-11-30,5.84,28.03,69.97,18.1,1.4,0.48
2020-12-01,7.6,27.92,71.18,17.73,1.12,0.49
2020-12-02,11.87,26.96,80.89,17.82,1.43,0.5
2020-12-03,2.47,27.35,77.95,18.37,1.85,0.51
2020-12-04,8.81,26.73,82.46,17.22,1.54,0.52
2020-12-05,12.65,27.36,76.29,16.79,1.32,0.53
2020-12-06,5.37,26.85,79.82,11.94,2.96,0.54
2020-12-07,3.32,27.64,77.6,17.94,3.75,0.54
2020-12-08,8.41,27.61,80.02,19.16,4.77,0.55
2020-12-09,17.3,27.21,84.9,16.31,5.12,0.56
2020-12-10,13.34,26.99,85.68,15.6,4.38,0.6
2020-12-11,7.1,27.14,85.53,17.24,3.81,0.6
2020-12-12,18.01,26.56,86.43,11.68,3.06,0.62
2020-12-13,3.91,26.07,85.82,18.72,2.16,0.63
2020-12-14,9.29,25.99,89.38,17.55,3.12,0.63
2020-12-15,13.01,26.18,79.86,20.42,2.39,0.66
2020-12-16,1.85,26.14,82.25,20.72,2.02,0.66
2020-12-17,2.38,27.26,78.2,21.3,2.05,0.65
2020-12-18,4.47,26.82,80.8,18.09,2.54,0.65
2020-12-19,1.64,27.3,76.75,21.82,2.14,0.65
2020-12-20,6.41,26.45,83.15,14.45,2.86,0.65
2020-12-21,6.27,27.29,79.38,21.24,2.68,0.65
2020-12-22,0.64,27.13,78.27,18.73,2.23,0.65
2020-12-23,0.43,27.88,74.01,21.28,1.56,0.65
2020-12-24,9.18,26.22,79.09,21.45,2.0,0.65
2020-12-25,0.55,27.31,69.06,23.25,1.07,0.65
2020-12-26,4.07,27.34,74.9,21.47,0.91,0.64
2020-12-27,2.38,27.22,77.27,20.89,1.05,0.64
2020-12-28,8.79,26.97,78.63,21.4,1.37,0.65
2020-12-29,11.58,26.1,83.1,17.95,1.51,0.67
2020-12-30,26.31,26.44,81.63,18.8,1.49,0.68
2020-12-31,17.36,26.33,82.7,21.47,1.72,0.73
2021-01-01,12.83,26.12,81.52,18.64,1.01,0.74
2021-01-02,7.95,27.35,74.34,19.85,0.76,0.74
2021-01-03,12.3,27.16,79.78,21.11,1.41,0.75
2021-01-04,1.73,26.89,79.83,19.62,2.35,0.75
2021-01-05,8.93,26.41,84.89,17.24,2.12,0.75
2021-01-06,15.06,26.15,87.34,17.99,2.94,0.77
2021-01-07,11.74,25.87,88.52,18.72,2.08,0.79
2021-01-08,19.87,26.22,81.83,17.09,1.25,0.8
2021-01-09,14.81,26.89,80.32,20.78,0.97,0.82
2021-01-10,2.42,27.16,81.26,21.02,1.7,0.83
2021-01-11,1.33,27.48,79.59,22.12,1.77,0.82
2021-01-12,3.29,27.3,80.68,18.71,1.18,0.82
2021-01-13,1.94,28.5,73.37,22.83,0.61,0.82
2021-01-14,8.06,27.66,80.64,22.74,1.8,0.82
2021-01-15,11.96,26.87,81.87,17.48,1.41,0.83
2021-01-16,26.52,26.26,78.46,15.5,2.08,0.85
2021-01-17,19.36,26.15,81.29,13.57,1.4,0.87
2021-01-18,22.87,26.25,81.55,14.53,1.46,0.89
2021-01-19,8.1,25.9,85.54,17.5,2.93,0.89
2021-01-20,5.93,25.83,84.63,19.48,3.12,0.89
2021-01-21,3.16,26.68,80.54,21.74,2.19,0.88
2021-01-22,13.0,26.63,83.15,21.24,2.45,0.89
2021-01-23,3.58,25.94,84.48,18.61,2.59,0.89
2021-01-24,9.85,25.44,87.07,16.21,2.45,0.89
2021-01-25,27.32,25.81,79.12,11.29,2.5,0.91
2021-01-26,14.07,26.46,82.63,20.82,2.41,0.92
2021-01-27,11.75,26.21,86.37,18.91,3.81,0.92
2021-01-28,8.09,26.14,87.54,10.85,3.85,0.93
2021-01-29,4.11,25.85,87.4,8.66,5.23,0.93
2021-01-30,23.59,25.76,86.77,7.77,3.97,0.94
2021-01-31,3.0,25.95,88.6,17.9,3.82,0.94
2021-02-01,3.35,26.01,86.9,18.13,3.51,0.93
2021-02-02,8.67,26.06,89.09,17.34,3.14,0.94
2021-02-03,16.15,25.9,88.49,12.01,4.88,0.94
2021-02-04,12.06,25.97,85.36,14.7,3.67,0.95
2021-02-05,6.43,26.07,86.12,14.68,3.86,0.95
2021-02-06,8.88,25.97,86.67,14.97,3.29,0.95
2021-02-07,2.83,26.16,87.4,21.49,2.68,0.94
2021-02-08,0.95,26.35,84.35,20.99,2.95,0.94
2021-02-09,2.18,26.1,86.03,18.66,2.07,0.93
2021-02-10,6.91,26.19,85.99,12.98,2.23,0.93
2021-02-11,0.57,26.6,85.4,16.04,2.21,0.92
2021-02-12,6.51,26.7,83.02,16.89,1.51,0.92
2021-02-13,2.12,25.9,82.11,21.87,2.02,0.92
2021-02-14,1.16,26.08,84.02,23.78,1.79,0.91
2021-02-15,0.74,26.38,83.48,23.36,2.26,0.91
2021-02-16,0.74,26.77,80.92,22.43,1.57,0.9
2021-02-17,3.13,26.99,80.73,20.46,2.15,0.89
2021-02-18,6.23,25.99,85.89,20.8,3.27,0.89
2021-02-19,11.95,25.72,85.04,16.82,3.9,0.9
2021-02-20,6.78,25.82,85.45,18.74,2.89,0.9
2021-02-21,7.49,25.87,84.53,19.27,3.52,0.89
2021-02-22,8.08,26.33,82.7,18.03,2.75,0.9
2021-02-23,23.16,26.17,84.1,20.98,3.75,0.9
2021-02-24,7.87,25.01,89.48,9.96,4.68,0.91
2021-02-25,2.37,26.23,84.66,13.07,3.31,0.91
2021-02-26,4.31,26.51,84.6,15.83,2.23,0.9
2021-02-27,6.36,26.58,81.14,14.99,2.6,0.9
2021-02-28,3.65,26.48,84.11,22.87,2.59,0.9
2021-03-01,4.6,26.5,80.62,23.51,1.87,0.9
2021-03-02,10.29,26.24,83.54,23.34,2.03,0.9
2021-03-03,5.93,26.21,81.34,21.79,2.05,0.9
2021-03-04,1.24,26.39,79.64,17.76,1.54,0.89
2021-03-05,12.4,25.49,88.06,20.74,2.29,0.9
2021-03-06,8.67,26.12,84.27,16.02,2.13,0.9
2021-03-07,8.18,26.08,84.5,20.04,2.07,0.9
2021-03-08,19.38,25.71,86.14,21.63,3.4,0.91
2021-03-09,25.9,25.88,84.15,18.27,2.14,0.93
2021-03-10,8.24,25.98,79.71,16.68,1.65,0.94
2021-03-11,10.11,26.12,78.88,15.32,1.55,0.94
2021-03-12,4.71,26.45,78.68,19.38,1.05,0.93
2021-03-13,3.23,25.76,87.26,21.11,0.55,0.93
2021-03-14,3.48,26.08,85.09,21.86,1.57,0.93
2021-03-15,3.77,26.63,81.01,21.76,0.94,0.92
2021-03-16,5.86,26.53,83.5,20.01,1.19,0.92
2021-03-17,5.8,27.51,74.51,21.89,1.03,0.92
2021-03-18,0.58,27.04,78.58,23.09,1.38,0.92
2021-03-19,6.25,26.48,84.64,20.8,2.43,0.91
2021-03-20,6.8,26.37,86.42,18.64,3.74,0.91
2021-03-21,7.52,26.97,86.06,13.55,3.23,0.91
2021-03-22,12.54,26.56,86.35,19.01,2.42,0.92
2021-03-23,3.45,26.83,83.49,22.18,1.52,0.92
2021-03-24,0.72,27.11,81.53,21.16,1.1,0.91
2021-03-25,3.6,27.25,80.32,22.31,0.85,0.91
2021-03-26,3.62,27.0,81.28,22.47,1.7,0.91
2021-03-27,1.98,27.47,79.57,22.24,1.98,0.9
2021-03-28,3.68,27.4,79.91,15.3,1.01,0.9
2021-03-29,6.11,26.46,85.3,19.59,1.59,0.9
2021-03-30,2.51,26.97,82.08,15.93,1.8,0.89
2021-03-31,43.64,26.15,86.62,16.3,2.3,0.92
2021-04-01,7.19,26.35,83.17,17.2,2.26,0.93
2021-04-02,48.49,25.85,89.18,3.7,3.08,0.96
2021-04-03,4.43,26.06,85.92,17.8,3.05,0.97
2021-04-04,8.43,26.65,84.75,9.24,3.9,0.96
2021-04-05,7.1,26.52,84.08,9.28,3.75,0.96
2021-04-06,1.04,26.38,83.96,11.08,4.85,0.96
2021-04-07,4.38,26.24,88.39,16.2,4.36,0.95
2021-04-08,2.68,26.0,85.28,14.85,2.22,0.95
2021-04-09,3.86,26.91,79.2,19.75,1.42,0.94
2021-04-10,1.44,27.58,73.11,22.77,1.16,0.94
2021-04-11,0.22,26.72,80.16,22.4,2.73,0.93
2021-04-12,0.03,26.91,78.48,22.72,1.76,0.92
2021-04-13,0.49,26.63,80.15,21.31,2.22,0.9
2021-04-14,14.36,27.04,78.47,22.11,2.05,0.9
2021-04-15,1.53,27.11,75.46,22.62,2.47,0.9
2021-04-16,0.09,26.62,77.12,22.9,2.45,0.89
2021-04-17,0.57,27.11,77.42,21.91,2.43,0.88
2021-04-18,1.93,26.81,81.33,20.08,2.74,0.87
2021-04-19,0.0,26.77,77.4,24.13,3.19,0.87
2021-04-20,0.0,25.93,75.26,23.15,3.1,0.86
2021-04-21,0.0,25.77,70.24,22.22,2.63,0.85
2021-04-22,0.0,26.4,68.74,22.7,1.82,0.84
2021-04-23,0.02,26.24,74.71,22.89,1.68,0.83
2021-04-24,0.06,26.46,76.38,22.45,1.59,0.82
2021-04-25,2.42,26.85,77.98,21.04,1.99,0.82
2021-04-26,0.36,27.04,75.57,21.1,3.25,0.81
2021-04-27,0.02,26.11,72.3,22.87,2.99,0.8
2021-04-28,0.02,26.14,73.36,21.12,2.11,0.79
2021-04-29,0.0,26.02,75.58,21.09,2.07,0.78
2021-04-30,0.06,26.25,78.02,22.57,2.22,0.77
2021-05-01,2.08,26.85,83.46,12.57,2.25,0.76
2021-05-02,1.76,26.93,80.93,21.2,2.67,0.76
2021-05-03,0.63,26.64,79.21,20.83,3.09,0.75
2021-05-04,0.06,27.01,77.73,20.17,2.16,0.74
2021-05-05,0.59,27.26,79.64,19.93,2.68,0.74
2021-05-06,0.26,26.97,79.13,20.99,3.19,0.73
2021-05-07,1.15,26.7,78.62,19.31,2.36,0.72
2021-05-08,2.33,26.36,80.56,16.96,3.09,0.72
2021-05-09,0.92,26.12,80.72,17.86,3.12,0.71
2021-05-10,0.91,26.43,78.49,20.82,3.6,0.71
2021-05-11,0.58,26.2,77.02,21.2,3.81,0.7
2021-05-12,0.13,26.2,76.14,20.61,2.95,0.7
2021-05-13,0.02,26.53,77.46,22.16,3.25,0.69
2021-05-14,0.01,26.75,78.62,19.1,3.9,0.68
2021-05-15,0.03,26.54,77.9,20.41,3.89,0.67
2021-05-16,0.04,26.68,77.04,19.08,3.99,0.66
2021-05-17,0.12,26.55,78.44,18.52,3.11,0.66
2021-05-18,1.34,25.97,83.01,10.26,2.97,0.65
2021-05-19,1.46,26.65,81.04,15.11,2.33,0.65
2021-05-20,1.97,26.5,82.34,19.33,2.52,0.65
2021-05-21,0.59,26.74,77.39,18.21,2.85,0.64
2021-05-22,0.03,26.71,78.88,19.24,2.49,0.64
2021-05-23,0.51,27.0,77.7,18.69,1.96,0.63
2021-05-24,0.22,26.9,79.15,19.12,2.26,0.62
2021-05-25,0.23,26.94,78.9,18.49,2.43,0.61
2021-05-26,0.08,26.83,79.92,19.42,2.64,0.61
2021-05-27,0.26,27.17,80.38,18.24,3.14,0.6
2021-05-28,1.35,26.83,79.71,12.72,3.04,0.6
2021-05-29,1.34,27.13,76.65,18.47,2.21,0.6
2021-05-30,0.01,26.83,76.53,18.7,1.7,0.59
2021-05-31,0.01,26.64,75.42,18.2,1.55,0.58
2021-06-01,0.04,26.88,76.31,18.71,1.73,0.58
2021-06-02,0.08,26.93,78.74,18.73,2.28,0.57
2021-06-03,0.09,27.3,77.64,18.63,2.2,0.56
2021-06-04,0.05,27.62,75.79,19.4,2.4,0.56
2021-06-05,0.07,27.3,76.86,18.51,2.4,0.55
2021-06-06,0.14,27.44,74.59,18.33,2.43,0.55
2021-06-07,3.65,27.13,77.96,17.12,2.31,0.54
2021-06-08,0.61,26.93,75.68,19.15,3.56,0.54
2021-06-09,0.05,27.19,73.4,17.3,2.76,0.54
2021-06-10,0.05,26.94,72.57,18.91,3.0,0.53
2021-06-11,0.11,27.15,72.78,19.02,2.63,0.53
2021-06-12,0.21,27.06,74.01,19.47,2.46,0.52
2021-06-13,0.66,27.21,75.94,17.85,2.4,0.52
2021-06-14,1.54,26.18,82.18,17.27,2.66,0.52
2021-06-15,0.68,26.47,79.17,15.04,1.83,0.52
2021-06-16,0.59,26.42,78.59,18.3,2.56,0.52
2021-06-17,0.12,26.57,70.88,20.06,3.3,0.51
2021-06-18,0.04,26.88,71.92,18.4,2.95,0.51
2021-06-19,0.4,26.81,75.92,15.81,2.28,0.51
2021-06-20,6.15,26.45,78.75,18.48,1.97,0.51
2021-06-21,3.54,26.73,75.82,15.96,1.17,0.52
2021-06-22,0.57,26.89,76.28,16.2,1.43,0.52
2021-06-23,1.01,27.07,76.59,16.31,2.72,0.51
2021-06-24,8.2,27.08,78.25,14.88,2.35,0.52
2021-06-25,3.71,27.11,78.18,16.64,1.59,0.52
2021-06-26,2.13,26.9,80.63,17.97,2.11,0.52
2021-06-27,1.35,26.59,80.62,14.87,1.91,0.52
2021-06-28,0.66,26.98,78.16,16.71,2.52,0.52
2021-06-29,0.08,26.82,73.12,20.05,3.1,0.52
2021-06-30,0.01,26.81,71.48,20.32,3.21,0.51
2021-07-01,0.07,26.45,73.01,18.85,3.96,0.51
2021-07-02,0.1,26.48,71.68,20.13,3.99,0.5
2021-07-03,0.27,26.61,69.89,18.62,4.75,0.5
2021-07-04,0.13,25.86,68.69,19.11,4.66,0.49
2021-07-05,0.01,25.7,65.82,19.63,3.97,0.49
2021-07-06,0.03,26.05,68.79,18.48,2.39,0.49
2021-07-07,0.51,26.27,73.98,10.97,2.87,0.48
2021-07-08,0.66,26.34,76.4,10.71,3.71,0.48
2021-07-09,5.09,26.1,78.94,15.13,2.83,0.49
2021-07-10,0.86,27.18,74.03,18.82,2.82,0.49
2021-07-11,0.03,27.01,73.48,20.39,2.93,0.48
2021-07-12,0.0,26.55,72.44,21.01,3.04,0.48
2021-07-13,0.02,26.31,68.18,21.92,4.11,0.48
2021-07-14,0.0,26.13,67.26,20.5,4.78,0.47
2021-07-15,0.05,26.17,66.07,18.29,4.69,0.47
2021-07-16,0.0,25.94,68.08,18.9,3.64,0.47
2021-07-17,0.19,25.87,72.3,16.47,3.28,0.46
2021-07-18,0.02,26.57,69.24,18.24,3.51,0.46
2021-07-19,0.47,26.87,69.78,19.58,2.18,0.46
2021-07-20,0.3,26.86,67.36,20.13,2.37,0.46
2021-07-21,0.16,27.01,70.13,18.25,3.34,0.45
2021-07-22,0.14,26.99,69.83,19.9,3.0,0.45
2021-07-23,0.12,26.96,69.54,21.82,3.45,0.45
2021-07-24,0.0,26.5,63.0,22.2,3.29,0.45
2021-07-25,0.0,26.15,65.94,22.85,3.09,0.44
2021-07-26,0.0,26.4,65.92,21.93,2.33,0.44
2021-07-27,0.01,26.74,66.86,21.37,3.35,0.44
2021-07-28,0.01,27.07,69.62,19.34,3.49,0.43
2021-07-29,0.01,27.58,67.88,20.28,4.53,0.43
2021-07-30,0.24,27.24,67.32,20.67,3.64,0.43
2021-07-31,0.51,27.22,67.08,20.57,4.49,0.43
2021-08-01,1.33,26.95,71.45,19.83,5.01,0.43
2021-08-02,0.93,27.06,72.68,18.83,4.74,0.43
2021-08-03,0.52,27.54,70.64,20.56,4.29,0.42
2021-08-04,0.42,27.64,69.32,19.85,3.19,0.42
2021-08-05,0.38,27.86,65.35,20.11,3.47,0.42
2021-08-06,0.71,27.55,68.21,18.99,3.58,0.42
2021-08-07,0.21,27.7,65.49,19.09,3.74,0.42
2021-08-08,0.05,27.52,66.78,21.89,3.57,0.41
2021-08-09,0.09,27.17,67.48,19.55,3.32,0.41
2021-08-10,0.63,26.87,65.86,20.13,3.77,0.41
2021-08-11,0.53,27.35,66.72,20.38,4.65,0.41
2021-08-12,1.43,27.81,69.77,18.37,5.05,0.41
2021-08-13,0.45,28.08,69.13,20.65,4.01,0.41
2021-08-14,0.08,28.21,64.77,21.51,3.29,0.4
2021-08-15,0.11,27.95,63.57,22.16,4.13,0.4
2021-08-16,0.21,27.73,65.3,21.47,3.99,0.4
2021-08-17,1.46,27.57,67.76,14.3,4.65,0.4
2021-08-18,0.22,27.63,63.71,19.72,4.24,0.4
2021-08-19,1.03,27.39,68.01,19.85,3.2,0.4
2021-08-20,1.23,27.23,68.2,19.43,2.6,0.39
2021-08-21,0.31,27.71,67.19,21.15,3.74,0.39
2021-08-22,0.1,27.55,65.94,21.16,4.59,0.39
2021-08-23,0.08,27.13,64.77,22.41,4.55,0.39
2021-08-24,0.01,26.82,65.91,21.99,4.38,0.39
2021-08-25,0.0,26.75,64.32,22.58,4.13,0.38
2021-08-26,0.1,27.05,66.2,22.15,4.09,0.38
2021-08-27,1.91,26.99,70.3,18.09,4.63,0.38
2021-08-28,1.05,27.14,69.04,17.42,3.45,0.38
2021-08-29,0.65,27.69,68.58,21.3,4.12,0.38
2021-08-30,0.07,28.16,63.03,22.8,4.03,0.38
2021-08-31,0.62,27.56,63.74,23.62,3.63,0.38
2021-09-01,0.02,27.49,62.26,23.62,3.72,0.38
2021-09-02,0.21,26.88,72.14,20.81,5.64,0.38
2021-09-03,0.3,27.21,71.03,21.31,5.39,0.38
2021-09-04,0.4,27.13,70.88,19.14,5.53,0.38
2021-09-05,0.22,28.09,62.59,18.86,4.05,0.38
2021-09-06,0.32,28.02,66.6,22.2,2.86,0.37
2021-09-07,1.1,28.16,66.97,18.58,5.36,0.37
2021-09-08,0.47,27.84,62.45,23.0,5.6,0.38
2021-09-09,0.29,28.21,61.56,21.73,4.02,0.37
2021-09-10,1.62,27.84,67.57,15.73,3.74,0.37
2021-09-11,6.66,27.02,73.93,14.43,3.11,0.38
2021-09-12,2.66,27.42,72.04,15.44,1.78,0.39
2021-09-13,4.45,27.38,72.56,21.63,2.15,0.39
2021-09-14,1.14,28.06,70.64,22.46,2.76,0.39
2021-09-15,0.56,28.51,67.33,22.51,2.81,0.39
2021-09-16,2.37,28.1,68.82,22.03,4.17,0.39
2021-09-17,1.62,27.84,70.36,22.41,4.41,0.39
2021-09-18,0.09,28.26,65.2,23.47,4.57,0.39
2021-09-19,0.05,27.9,64.52,23.47,3.8,0.38
2021-09-20,2.37,27.67,63.58,17.7,3.49,0.38
2021-09-21,0.19,28.22,63.48,23.24,2.42,0.38
2021-09-22,1.36,28.14,63.15,17.89,2.27,0.38
2021-09-23,0.65,28.46,63.22,16.32,3.33,0.38
2021-09-24,20.52,27.11,72.7,19.17,1.93,0.4
2021-09-25,2.28,27.45,67.29,18.56,2.83,0.42
2021-09-26,0.64,27.81,63.3,23.31,3.57,0.41
2021-09-27,0.24,27.99,66.1,20.94,4.48,0.41
2021-09-28,1.42,27.93,69.41,19.77,4.68,0.41
2021-09-29,1.66,27.89,69.35,23.59,4.22,0.41
2021-09-30,0.03,28.03,67.63,23.97,3.77,0.4
2021-10-01,0.21,28.21,66.99,24.56,3.82,0.4
2021-10-02,2.35,28.22,66.21,22.57,3.23,0.4
2021-10-03,0.74,27.71,67.94,23.82,4.76,0.4
2021-10-04,0.92,27.82,67.3,21.89,4.26,0.4
2021-10-05,0.99,27.25,69.29,22.68,4.95,0.4
2021-10-06,1.16,26.91,67.89,22.9,5.19,0.4
2021-10-07,0.64,27.76,67.44,24.83,4.04,0.39
2021-10-08,0.57,28.09,70.08,24.48,4.76,0.39
2021-10-09,0.39,28.04,70.91,22.27,5.35,0.39
2021-10-10,0.08,28.3,66.94,25.15,4.84,0.39
2021-10-11,0.03,27.97,66.7,27.08,4.91,0.38
2021-10-12,0.0,28.57,60.27,27.11,4.21,0.38
2021-10-13,0.0,28.78,62.4,25.44,3.98,0.38
2021-10-14,2.71,28.7,63.52,20.92,3.48,0.38
2021-10-15,6.35,27.29,74.31,20.15,1.72,0.39
2021-10-16,2.65,28.27,72.39,20.84,1.92,0.39
2021-10-17,3.8,28.37,72.81,20.62,2.44,0.4
2021-10-18,1.48,28.75,69.54,23.72,2.39,0.4
2021-10-19,0.61,29.28,64.78,23.69,1.52,0.39
2021-10-20,0.28,28.97,70.28,22.74,4.61,0.39
2021-10-21,0.25,29.2,67.44,23.83,4.13,0.39
2021-10-22,0.24,28.8,67.39,23.89,4.76,0.39
2021-10-23,0.15,29.3,64.14,25.24,3.33,0.38
2021-10-24,0.33,29.43,63.51,24.29,2.24,0.38
2021-10-25,1.84,29.33,64.58,24.59,2.04,0.38
2021-10-26,5.6,27.9,73.83,21.97,2.71,0.39
2021-10-27,5.33,28.33,70.91,19.24,1.78,0.39
2021-10-28,4.95,28.28,76.7,22.7,2.72,0.4
2021-10-29,1.05,29.49,66.95,24.58,3.29,0.4
2021-10-30,7.17,27.76,78.35,20.15,2.22,0.41
2021-10-31,7.81,27.33,78.55,20.16,1.37,0.42
2021-11-01,0.83,28.28,70.83,18.93,1.45,0.42
2021-11-02,1.76,28.54,69.84,21.78,1.86,0.42
2021-11-03,2.05,28.8,69.36,20.11,2.48,0.42
2021-11-04,2.87,28.34,71.3,20.17,2.6,0.42
2021-11-05,5.47,28.35,70.41,22.32,1.87,0.42
2021-11-06,7.5,28.73,69.52,22.93,0.92,0.43
2021-11-07,13.77,28.2,75.39,23.41,1.44,0.45
2021-11-08,5.41,28.31,73.99,17.85,0.95,0.46
2021-11-09,5.32,27.75,79.42,22.69,1.65,0.47
2021-11-10,7.6,27.76,77.8,19.22,1.77,0.47
2021-11-11,16.5,28.2,73.75,18.53,0.9,0.49
2021-11-12,3.61,26.85,81.55,15.66,1.97,0.51
2021-11-13,35.51,27.12,75.45,11.62,1.74,0.52
2021-11-14,15.38,26.91,80.9,16.91,1.58,0.58
2021-11-15,8.07,27.29,76.34,19.9,1.43,0.58
2021-11-16,3.74,26.48,80.21,16.43,1.91,0.58
2021-11-17,2.97,27.31,75.05,21.07,1.8,0.58
2021-11-18,2.89,27.48,77.58,22.95,1.46,0.58
2021-11-19,11.6,27.54,77.77,16.79,1.49,0.58
2021-11-20,50.46,26.4,84.76,13.17,1.82,0.64
2021-11-21,3.13,26.68,82.95,19.28,2.37,0.66
2021-11-22,0.13,27.43,79.46,22.76,1.59,0.65
2021-11-23,1.04,28.17,73.33,22.77,0.92,0.64
2021-11-24,2.09,28.56,73.23,21.73,1.09,0.64
2021-11-25,2.92,27.91,76.34,21.37,1.36,0.63
2021-11-26,14.44,27.69,78.25,20.71,1.12,0.65
2021-11-27,12.84,27.13,81.0,18.3,0.9,0.66
2021-11-28,16.05,26.68,78.21,15.56,1.19,0.69
2021-11-29,12.95,25.86,83.35,9.7,1.61,0.71
2021-11-30,9.33,26.72,78.47,21.52,1.22,0.72
2021-12-01,43.23,26.55,80.38,5.27,1.6,0.75
2021-12-02,5.28,27.2,78.36,20.55,1.18,0.78
2021-12-03,4.61,28.02,76.68,19.97,1.42,0.77
2021-12-04,9.05,27.19,82.27,21.47,1.75,0.77
2021-12-05,10.93,27.26,78.31,16.11,1.88,0.78
2021-12-06,29.77,27.0,81.01,14.46,1.64,0.8
2021-12-07,22.19,26.94,81.96,16.84,2.47,0.84
2021-12-08,8.28,27.24,80.43,23.85,1.64,0.85
2021-12-09,5.13,27.94,75.68,17.41,2.0,0.84
2021-12-10,3.16,27.48,81.16,22.39,1.8,0.84
2021-12-11,2.37,27.27,83.09,21.61,2.11,0.84
2021-12-12,7.08,26.85,83.55,18.8,1.44,0.84
2021-12-13,7.63,27.33,80.82,19.29,2.07,0.84
2021-12-14,9.24,27.02,83.0,22.72,1.87,0.84
2021-12-15,12.07,26.96,83.63,22.28,1.67,0.86
2021-12-16,0.97,28.4,75.0,24.86,0.68,0.85
2021-12-17,0.28,28.26,77.78,23.15,1.01,0.84
2021-12-18,26.15,28.83,75.44,20.6,1.13,0.84
2021-12-19,46.48,27.55,84.72,19.46,1.5,0.89
2021-12-20,10.09,27.16,82.58,18.4,1.69,0.9
2021-12-21,8.11,26.69,86.15,18.38,3.06,0.9
2021-12-22,6.59,26.88,82.1,20.63,2.14,0.9
2021-12-23,4.6,26.43,83.73,16.94,2.48,0.9
2021-12-24,4.04,27.14,81.62,22.93,1.99,0.9
2021-12-25,2.63,26.55,80.57,20.0,2.48,0.9
2021-12-26,3.33,27.32,79.37,19.32,2.61,0.89
2021-12-27,8.31,26.96,82.38,17.84,2.77,0.89
2021-12-28,5.39,26.56,83.26,14.21,2.66,0.89
2021-12-29,2.19,26.65,82.93,16.08,2.39,0.89
2021-12-30,5.72,26.37,84.69,17.55,2.89,0.89
2021-12-31,2.52,26.11,85.76,17.67,2.91,0.88
2022-01-01,2.31,25.78,85.37,15.52,2.63,0.88
2022-01-02,8.68,26.29,82.29,15.23,2.18,0.88
2022-01-03,6.33,26.11,84.17,18.03,2.31,0.88
2022-01-04,32.54,25.61,86.53,16.25,2.96,0.91
2022-01-05,6.12,25.57,87.12,7.6,2.89,0.91
2022-01-06,3.91,26.62,79.3,21.83,1.88,0.9
2022-01-07,1.28,26.68,79.21,22.72,1.48,0.9
2022-01-08,1.39,26.2,84.27,20.25,2.41,0.89
2022-01-09,14.3,26.39,85.36,17.58,2.45,0.89
2022-01-10,2.14,26.35,86.05,17.34,2.74,0.9
2022-01-11,2.07,26.29,84.01,18.93,3.08,0.89
2022-01-12,9.34,26.19,84.93,24.57,2.87,0.88
2022-01-13,5.9,26.69,85.06,18.02,3.09,0.89
2022-01-14,13.32,26.19,86.38,17.93,2.85,0.9
2022-01-15,6.12,26.06,83.87,13.37,2.9,0.9
2022-01-16,7.75,26.72,87.24,14.99,4.61,0.9
2022-01-17,10.09,26.02,86.77,13.14,3.01,0.9
2022-01-18,6.63,26.28,80.37,12.54,2.23,0.9
2022-01-19,2.6,26.15,75.1,15.51,2.77,0.9
2022-01-20,6.2,26.57,76.65,20.69,3.1,0.89
2022-01-21,3.18,26.64,78.56,21.83,1.75,0.89
2022-01-22,1.16,26.9,81.42,20.63,2.97,0.88
2022-01-23,0.7,26.9,82.4,25.28,2.53,0.87
2022-01-24,0.52,27.03,84.95,24.38,2.75,0.86
2022-01-25,4.77,26.84,86.06,19.57,3.63,0.86
2022-01-26,6.21,26.84,87.33,14.79,3.78,0.86
2022-01-27,21.11,26.63,89.05,11.6,2.62,0.87
2022-01-28,2.8,25.9,85.87,17.79,2.18,0.89
2022-01-29,15.75,25.72,83.97,20.75,2.26,0.89
2022-01-30,2.56,26.05,83.3,17.22,2.65,0.89
2022-01-31,1.29,26.09,85.91,17.3,3.54,0.89
2022-02-01,3.59,26.55,86.6,20.59,3.79,0.88
2022-02-02,1.66,26.54,85.33,23.14,2.7,0.88
2022-02-03,1.45,26.84,82.95,21.2,3.04,0.87
2022-02-04,23.31,26.5,84.83,17.08,3.35,0.87
2022-02-05,10.09,26.25,88.17,18.98,3.6,0.9
2022-02-06,1.37,26.18,88.39,19.04,2.96,0.89
2022-02-07,2.4,26.06,87.48,21.35,3.04,0.89
2022-02-08,13.43,25.91,88.56,21.28,2.82,0.89
2022-02-09,3.81,25.44,87.85,20.34,3.5,0.9
2022-02-10,11.83,25.86,85.64,17.18,2.16,0.89
2022-02-11,6.25,25.7,85.52,18.46,1.28,0.9
2022-02-12,2.36,25.47,87.28,16.09,2.35,0.9
2022-02-13,8.18,26.39,81.31,19.37,1.29,0.9
2022-02-14,7.45,26.17,82.37,22.78,1.31,0.9
2022-02-15,5.21,26.87,81.98,25.27,1.74,0.9
2022-02-16,7.92,26.65,82.69,24.99,2.03,0.9
2022-02-17,1.08,27.47,74.5,24.88,1.16,0.89
2022-02-18,3.96,27.86,73.98,22.58,1.53,0.88
2022-02-19,2.47,27.36,78.43,21.34,1.58,0.88
2022-02-20,10.47,26.89,81.12,19.17,1.97,0.88
2022-02-21,18.94,25.36,84.61,5.81,3.17,0.9
2022-02-22,6.51,25.64,80.3,20.33,2.59,0.9
2022-02-23,9.11,25.69,77.6,13.04,2.51,0.9
2022-02-24,4.23,26.2,76.52,18.58,1.27,0.9
2022-02-25,13.44,26.11,83.82,20.95,2.51,0.9
2022-02-26,6.91,25.83,83.61,17.07,3.31,0.9
2022-02-27,13.71,25.94,83.55,21.35,3.3,0.91
2022-02-28,2.8,26.3,84.43,17.63,3.92,0.91
2022-03-01,0.94,26.76,82.88,19.67,4.17,0.9
2022-03-02,3.55,26.93,84.99,16.3,4.44,0.89
2022-03-03,2.06,26.87,87.24,17.57,4.17,0.88
2022-03-04,1.71,27.05,84.28,21.04,2.28,0.88
2022-03-05,2.48,26.91,82.84,18.36,1.09,0.88
2022-03-06,1.28,27.18,80.73,21.44,0.99,0.87
2022-03-07,1.14,27.01,81.14,21.33,1.65,0.87
2022-03-08,2.48,26.59,81.01,19.19,1.75,0.86
2022-03-09,3.17,27.4,75.62,20.85,0.93,0.86
2022-03-10,7.23,26.45,84.7,16.37,2.33,0.86
2022-03-11,0.92,26.81,83.2,21.97,2.49,0.85
2022-03-12,2.04,27.01,83.47,23.25,2.36,0.85
2022-03-13,0.82,27.07,82.37,23.24,1.84,0.84
2022-03-14,4.28,27.22,81.95,20.45,1.2,0.84
2022-03-15,1.72,27.57,82.21,23.75,1.54,0.84
2022-03-16,0.37,27.95,78.37,23.88,1.54,0.83
2022-03-17,0.64,28.12,78.49,24.72,1.79,0.83
2022-03-18,2.68,27.86,78.45,16.79,1.21,0.82
2022-03-19,8.96,26.23,87.56,6.79,3.73,0.83
2022-03-20,5.06,26.52,81.62,17.71,2.52,0.83
2022-03-21,2.87,26.77,80.98,21.31,2.42,0.83
2022-03-22,2.53,26.58,83.33,23.47,2.63,0.82
2022-03-23,4.99,26.33,85.49,21.01,2.54,0.82
2022-03-24,0.19,27.62,76.5,21.66,1.4,0.82
2022-03-25,3.07,27.46,79.33,15.91,1.16,0.81
2022-03-26,8.01,27.46,77.45,22.21,1.09,0.81
2022-03-27,6.48,27.54,76.53,20.72,1.34,0.82
2022-03-28,8.92,26.99,78.01,17.41,1.4,0.82
2022-03-29,5.94,26.92,78.14,13.35,1.6,0.82
2022-03-30,2.54,25.71,84.86,15.94,2.21,0.82
2022-03-31,6.29,26.3,82.55,21.14,1.58,0.82
2022-04-01,4.83,26.82,79.79,19.99,1.06,0.83
2022-04-02,7.95,27.31,73.31,20.99,0.82,0.82
2022-04-03,3.57,27.35,75.83,22.4,1.16,0.83
2022-04-04,0.74,27.46,75.21,24.26,1.94,0.82
2022-04-05,5.47,27.33,78.18,22.47,2.48,0.82
2022-04-06,0.58,27.64,76.39,21.01,2.02,0.81
2022-04-07,1.34,27.7,77.83,22.6,2.5,0.8
2022-04-08,1.41,27.65,76.69,21.85,1.7,0.79
2022-04-09,0.83,28.18,73.27,21.82,1.16,0.79
2022-04-10,0.37,27.63,75.07,22.25,2.03,0.78
2022-04-11,0.36,27.47,74.3,22.82,2.49,0.77
2022-04-12,0.09,27.17,75.15,23.23,2.37,0.76
2022-04-13,0.03,27.29,76.19,21.69,1.97,0.75
2022-04-14,1.09,27.01,80.69,21.61,1.81,0.75
2022-04-15,10.74,28.06,76.45,21.08,1.06,0.75
2022-04-16,8.47,27.73,79.45,19.39,1.22,0.77
2022-04-17,11.38,26.45,81.93,16.27,1.24,0.77
2022-04-18,6.18,26.74,82.46,15.35,1.91,0.78
2022-04-19,12.65,26.39,88.55,6.21,1.37,0.8
2022-04-20,24.11,25.87,87.93,11.5,2.4,0.82
2022-04-21,0.7,27.11,78.43,22.08,1.41,0.82
2022-04-22,0.9,27.46,78.24,19.23,1.93,0.81
2022-04-23,3.37,26.65,85.88,21.35,2.61,0.81
2022-04-24,0.62,27.49,78.93,20.23,1.97,0.81
2022-04-25,0.24,27.33,75.97,20.81,2.49,0.8
2022-04-26,0.0,27.74,68.5,21.45,1.31,0.79
2022-04-27,0.0,27.26,70.92,20.89,1.63,0.78
2022-04-28,0.02,27.65,71.73,21.91,1.37,0.77
2022-04-29,0.38,27.2,80.27,20.92,2.29,0.76
2022-04-30,0.53,27.57,78.58,20.97,2.57,0.76
2022-05-01,0.25,27.78,77.28,19.81,2.24,0.75
2022-05-02,0.09,27.77,79.89,20.84,2.79,0.74
2022-05-03,0.09,27.64,79.92,20.17,2.78,0.73
2022-05-04,0.2,27.51,80.81,18.94,3.29,0.72
2022-05-05,0.71,27.54,78.33,17.93,2.69,0.72
2022-05-06,1.33,27.74,80.14,20.03,2.61,0.71
2022-05-07,1.15,27.93,79.96,16.92,2.52,0.71
2022-05-08,2.06,28.05,79.29,15.69,2.24,0.7
2022-05-09,2.12,27.56,81.65,18.22,3.33,0.7
2022-05-10,0.74,27.11,80.47,18.49,2.94,0.69
2022-05-11,0.02,27.59,75.32,18.89,2.26,0.68
2022-05-12,0.08,27.88,77.57,18.99,1.88,0.67
2022-05-13,2.03,27.94,79.43,16.33,0.97,0.67
2022-05-14,1.06,27.98,78.11,18.96,1.68,0.67
2022-05-15,3.01,27.66,79.08,19.92,1.92,0.66
2022-05-16,2.37,27.18,83.17,17.6,2.33,0.66
2022-05-17,2.23,26.99,84.47,16.99,1.32,0.66
2022-05-18,1.43,26.77,83.77,16.16,1.61,0.66
2022-05-19,1.19,26.73,83.09,18.52,2.16,0.66
2022-05-20,0.56,27.08,81.78,18.83,2.65,0.65
2022-05-21,0.14,27.29,76.56,19.48,2.6,0.65
2022-05-22,0.11,27.1,74.98,19.37,2.06,0.64
2022-05-23,0.13,27.18,78.05,19.16,2.24,0.63
2022-05-24,2.55,27.36,79.59,17.2,1.87,0.63
2022-05-25,7.8,27.39,81.1,16.87,1.83,0.63
2022-05-26,20.16,26.61,85.96,16.6,1.69,0.65
2022-05-27,5.8,26.18,79.82,10.21,2.04,0.68
2022-05-28,0.67,26.5,77.54,17.5,1.64,0.67
2022-05-29,0.69,27.03,78.49,17.25,1.94,0.66
2022-05-30,0.52,26.47,83.69,18.1,2.72,0.66
2022-05-31,0.33,26.57,83.83,16.84,2.09,0.66
2022-06-01,7.3,27.38,76.46,17.84,1.2,0.66
2022-06-02,7.59,26.99,80.59,17.9,1.78,0.67
2022-06-03,2.5,26.94,79.93,17.28,1.55,0.67
2022-06-04,3.2,26.33,82.88,13.45,1.46,0.67
2022-06-05,1.37,26.57,79.48,17.05,1.43,0.67
2022-06-06,0.85,26.64,82.03,18.09,1.66,0.66
2022-06-07,1.43,26.31,83.56,16.3,2.02,0.66
2022-06-08,0.75,26.51,83.7,17.34,1.9,0.66
2022-06-09,0.51,26.54,83.84,16.66,2.4,0.65
2022-06-10,0.5,26.6,82.58,18.02,1.82,0.65
2022-06-11,0.53,26.66,82.89,17.4,2.94,0.65
2022-06-12,0.84,26.74,80.56,15.09,2.84,0.65
2022-06-13,0.76,26.51,81.24,17.25,2.02,0.64
2022-06-14,1.36,26.68,79.88,16.1,2.87,0.64
2022-06-15,1.27,26.61,81.64,15.92,2.8,0.63
2022-06-16,1.16,26.58,82.79,15.95,2.29,0.63
2022-06-17,0.34,26.57,81.23,17.88,3.26,0.63
2022-06-18,2.98,26.42,79.89,17.85,2.81,0.62
2022-06-19,4.09,26.11,84.68,16.65,2.82,0.63
2022-06-20,0.37,26.13,78.05,18.63,4.13,0.62
2022-06-21,0.04,26.0,77.02,17.91,3.12,0.62
2022-06-22,0.13,26.4,79.32,17.66,4.35,0.61
2022-06-23,0.04,26.31,76.96,17.07,4.19,0.6
2022-06-24,0.86,26.11,77.57,14.64,4.63,0.6
2022-06-25,2.31,25.87,78.33,13.3,3.96,0.59
2022-06-26,0.95,26.16,78.1,15.39,4.31,0.59
2022-06-27,0.47,26.33,74.69,18.35,4.5,0.59
2022-06-28,2.04,26.08,77.57,17.26,3.86,0.58
2022-06-29,2.19,26.41,81.78,17.48,4.25,0.58
2022-06-30,2.29,25.68,79.96,16.43,5.26,0.58
2022-07-01,3.88,25.83,80.68,12.13,4.77,0.58
2022-07-02,0.51,26.58,83.76,17.25,2.73,0.58
2022-07-03,9.13,26.63,84.97,15.88,2.15,0.58
2022-07-04,5.38,26.31,85.15,16.91,2.73,0.59
2022-07-05,0.15,26.06,79.03,17.59,4.25,0.59
2022-07-06,0.01,25.32,73.41,19.38,4.6,0.58
2022-07-07,0.01,24.69,70.79,18.96,3.41,0.57
2022-07-08,0.11,25.0,72.51,19.3,2.64,0.57
2022-07-09,0.13,25.66,75.17,18.41,1.99,0.56
2022-07-10,0.45,26.29,78.9,15.63,3.2,0.56
2022-07-11,0.85,26.25,79.78,13.71,3.44,0.55
2022-07-12,0.14,25.95,75.99,17.66,4.46,0.55
2022-07-13,0.04,25.61,72.31,17.72,3.76,0.54
2022-07-14,0.01,26.0,73.33,18.18,3.45,0.54
2022-07-15,0.09,26.02,76.34,16.54,3.02,0.53
2022-07-16,0.18,25.96,78.11,10.59,3.31,0.53
2022-07-17,0.07,26.2,73.72,19.31,2.92,0.52
2022-07-18,0.02,26.12,73.96,19.98,2.51,0.52
2022-07-19,0.08,25.74,75.22,19.73,3.08,0.52
2022-07-20,0.01,25.43,72.0,21.68,2.82,0.51
2022-07-21,0.03,25.88,70.76,19.8,3.07,0.51
2022-07-22,0.34,26.38,72.1,19.43,3.61,0.5
2022-07-23,0.06,25.79,67.2,21.98,3.75,0.5
2022-07-24,0.03,25.0,62.32,20.43,3.72,0.49
2022-07-25,0.06,25.24,67.45,20.08,3.6,0.49
2022-07-26,0.03,26.43,68.78,18.01,3.5,0.49
2022-07-27,0.04,26.45,69.33,19.81,3.1,0.48
2022-07-28,0.05,26.26,69.98,20.49,3.35,0.48
2022-07-29,0.18,26.12,69.24,20.44,3.5,0.48
2022-07-30,0.57,26.04,69.07,20.49,2.95,0.47
2022-07-31,0.02,26.67,68.83,19.49,2.94,0.47
2022-08-01,0.28,26.64,74.49,17.58,2.41,0.47
2022-08-02,0.23,27.17,73.1,18.58,2.37,0.46
2022-08-03,0.05,27.12,67.25,20.23,3.12,0.46
2022-08-04,0.01,26.75,68.94,20.21,4.07,0.46
2022-08-05,0.04,26.32,66.81,21.57,3.66,0.46
2022-08-06,0.14,26.07,70.35,21.39,3.29,0.45
2022-08-07,0.03,26.68,66.91,21.29,3.38,0.45
2022-08-08,0.8,26.62,71.77,18.69,3.61,0.45
2022-08-09,0.66,26.65,74.3,14.28,3.55,0.45
2022-08-10,0.28,27.77,68.1,18.96,2.73,0.44
2022-08-11,0.54,26.83,74.66,13.01,2.35,0.44
2022-08-12,1.33,27.04,74.57,18.98,2.75,0.44
2022-08-13,1.12,27.6,72.68,17.92,2.34,0.44
2022-08-14,0.85,27.04,72.73,17.71,3.11,0.44
2022-08-15,0.07,27.54,67.63,20.94,3.13,0.44
2022-08-16,0.04,27.17,66.42,19.7,2.46,0.43
2022-08-17,0.14,26.82,66.82,16.12,3.28,0.43
2022-08-18,0.23,27.14,67.48,19.1,4.91,0.43
2022-08-19,0.07,26.84,60.57,22.49,5.0,0.43
2022-08-20,0.04,26.08,60.56,21.38,4.38,0.42
2022-08-21,0.07,26.76,64.47,21.65,3.4,0.42
2022-08-22,0.04,26.69,65.91,21.53,4.87,0.42
2022-08-23,0.03,26.51,65.54,22.59,4.21,0.42
2022-08-24,0.03,26.95,61.43,22.14,3.44,0.41
2022-08-25,0.03,27.37,64.81,20.53,3.73,0.41
2022-08-26,0.22,27.21,65.7,20.09,3.73,0.41
2022-08-27,0.14,27.11,65.35,21.91,3.87,0.41
2022-08-28,0.12,27.05,68.22,22.15,3.45,0.4
2022-08-29,0.39,27.34,70.09,20.62,3.86,0.4
2022-08-30,0.12,27.97,65.94,21.57,3.84,0.4
2022-08-31,2.52,27.57,69.59,20.04,2.94,0.4
2022-09-01,0.86,27.53,70.13,21.47,3.83,0.4
2022-09-02,0.23,28.15,67.03,22.86,3.19,0.4
2022-09-03,0.06,27.91,69.21,18.87,3.26,0.39
2022-09-04,1.06,27.73,70.94,20.75,4.21,0.39
2022-09-05,6.0,26.76,76.12,18.14,2.87,0.4
2022-09-06,3.2,26.99,74.48,17.06,1.88,0.4
2022-09-07,2.63,27.47,69.16,17.67,1.7,0.4
2022-09-08,2.7,27.9,70.5,20.61,2.64,0.4
2022-09-09,1.1,28.13,67.44,21.81,2.95,0.4
2022-09-10,1.25,28.0,65.95,21.22,3.19,0.4
2022-09-11,0.06,28.04,64.72,22.64,3.2,0.4
2022-09-12,0.04,28.31,64.43,24.16,3.27,0.4
2022-09-13,0.21,28.38,65.2,23.96,4.45,0.39
2022-09-14,0.32,28.05,66.63,20.76,4.4,0.39
2022-09-15,0.15,27.85,67.73,19.86,4.37,0.39
2022-09-16,0.23,27.69,66.12,23.05,4.39,0.39
2022-09-17,0.02,28.25,62.79,21.99,2.67,0.39
2022-09-18,0.01,28.66,61.96,22.27,2.61,0.38
2022-09-19,0.48,28.57,63.97,22.11,3.42,0.38
2022-09-20,1.6,27.51,70.15,20.97,4.9,0.38
2022-09-21,1.17,28.43,65.01,21.13,3.11,0.38
2022-09-22,3.64,27.92,70.74,21.9,3.75,0.39
2022-09-23,0.88,28.27,69.67,22.67,2.49,0.39
2022-09-24,1.06,28.84,66.73,23.56,2.42,0.39
2022-09-25,0.84,28.55,65.42,22.55,3.47,0.38
2022-09-26,0.04,28.37,65.53,24.96,4.62,0.38
2022-09-27,0.03,28.54,62.38,24.81,3.43,0.38
2022-09-28,0.03,28.66,61.95,23.96,3.21,0.38
2022-09-29,1.22,28.12,67.88,20.89,2.38,0.38
2022-09-30,3.24,27.99,69.65,10.8,2.62,0.38
2022-10-01,2.24,28.01,69.57,21.2,1.39,0.39
2022-10-02,0.74,27.83,70.57,22.45,2.65,0.39
2022-10-03,3.51,27.84,71.2,20.09,2.11,0.39
2022-10-04,5.53,26.74,80.43,20.58,3.31,0.4
2022-10-05,4.25,27.05,78.75,20.32,2.37,0.4
2022-10-06,10.01,26.18,83.93,18.55,2.32,0.41
2022-10-07,1.66,27.43,79.04,21.87,2.76,0.42
2022-10-08,1.57,28.35,72.89,22.75,2.41,0.42
2022-10-09,2.48,28.67,71.49,21.22,2.06,0.42
2022-10-10,17.63,26.94,80.99,19.53,1.31,0.43
2022-10-11,10.73,26.92,82.27,20.77,1.62,0.47
2022-10-12,1.77,26.56,79.94,20.51,2.66,0.47
2022-10-13,0.72,27.65,71.97,24.24,3.61,0.47
2022-10-14,0.56,27.99,69.18,22.6,3.09,0.46
2022-10-15,7.76,28.08,71.94,23.9,3.06,0.46
2022-10-16,2.92,28.25,73.54,21.7,2.6,0.47
2022-10-17,9.03,27.02,80.57,16.58,1.53,0.48
2022-10-18,6.25,26.86,81.84,15.71,2.22,0.48
2022-10-19,4.99,26.52,82.47,17.99,2.3,0.5
2022-10-20,0.74,27.63,75.24,20.32,1.82,0.49
2022-10-21,1.6,28.7,68.92,24.29,1.65,0.49
2022-10-22,4.86,28.47,69.23,21.39,0.71,0.49
2022-10-23,1.82,29.39,66.86,24.04,1.53,0.49
2022-10-24,0.25,29.02,66.84,23.44,2.09,0.49
2022-10-25,4.3,26.88,75.3,20.72,1.23,0.48
2022-10-26,12.18,26.88,76.98,21.11,0.67,0.51
2022-10-27,7.6,27.0,79.05,17.62,1.74,0.52
2022-10-28,11.42,26.82,79.89,17.84,3.11,0.53
2022-10-29,2.08,27.25,71.74,23.78,3.96,0.54
2022-10-30,0.06,27.69,68.47,22.2,3.9,0.53
2022-10-31,0.03,28.05,66.86,21.34,2.76,0.52
2022-11-01,0.38,28.56,67.86,20.61,2.23,0.51
2022-11-02,16.91,27.33,78.25,21.61,1.69,0.53
2022-11-03,12.58,28.12,75.96,24.55,0.81,0.56
2022-11-04,3.97,27.9,80.54,23.37,1.65,0.56
2022-11-05,2.9,27.67,78.11,21.31,0.99,0.56
2022-11-06,3.98,28.57,69.86,24.19,0.77,0.56
2022-11-07,9.37,28.12,70.69,17.32,0.64,0.56
2022-11-08,8.08,26.96,78.87,19.21,2.21,0.57
2022-11-09,6.89,26.97,78.1,19.84,2.66,0.58
2022-11-10,14.18,27.45,76.24,21.41,1.5,0.59
2022-11-11,11.66,27.93,74.6,23.07,1.74,0.61
2022-11-12,4.78,28.11,75.95,21.62,1.1,0.61
2022-11-13,3.8,27.75,79.23,22.17,1.37,0.61
2022-11-14,2.11,27.53,82.78,22.87,1.78,0.61
2022-11-15,5.13,27.04,82.04,20.34,1.26,0.61
2022-11-16,10.22,26.82,80.33,21.09,1.24,0.62
2022-11-17,1.49,28.16,71.68,21.09,0.93,0.63
2022-11-18,7.66,26.56,81.69,9.53,1.32,0.62
2022-11-19,10.73,26.65,76.0,10.96,1.48,0.64
2022-11-20,11.96,26.97,76.73,23.26,1.25,0.66
2022-11-21,1.57,26.52,84.62,15.17,2.43,0.65
2022-11-22,3.84,27.11,81.56,20.92,2.66,0.65
2022-11-23,2.42,27.07,78.9,6.99,2.59,0.65
2022-11-24,18.15,26.77,81.8,19.49,2.5,0.66
2022-11-25,6.17,26.6,81.73,15.2,2.56,0.68
2022-11-26,3.28,26.59,83.37,20.85,2.91,0.67
2022-11-27,3.97,26.4,82.87,19.46,2.99,0.67
2022-11-28,8.03,26.27,84.83,15.21,2.77,0.68
2022-11-29,6.3,26.65,82.67,16.7,2.11,0.68
2022-11-30,9.64,26.02,84.77,21.1,2.54,0.7
2022-12-01,3.87,26.72,77.74,18.53,1.89,0.7
2022-12-02,4.74,27.51,72.96,18.23,1.54,0.7
2022-12-03,2.2,27.58,74.6,24.61,1.66,0.69
2022-12-04,2.07,27.89,75.08,22.98,2.01,0.68
2022-12-05,6.39,27.85,74.54,25.18,1.2,0.68
2022-12-06,0.02,28.96,69.14,26.57,1.01,0.67
2022-12-07,0.2,29.21,66.5,26.62,1.45,0.66
2022-12-08,1.83,28.63,70.88,25.86,2.72,0.65
2022-12-09,0.6,28.14,74.46,24.62,2.93,0.65
2022-12-10,0.72,28.59,72.87,25.79,2.47,0.64
2022-12-11,2.78,28.46,73.34,22.83,1.85,0.63
2022-12-12,2.92,28.58,72.28,24.74,1.73,0.63
2022-12-13,11.88,28.58,71.22,23.23,1.63,0.63
2022-12-14,19.95,27.64,76.61,20.65,1.7,0.66
2022-12-15,1.52,27.34,78.0,18.61,1.4,0.67
2022-12-16,5.48,26.76,80.06,10.75,2.02,0.66
2022-12-17,18.35,26.41,78.0,13.97,1.38,0.68
2022-12-18,0.83,26.89,75.5,16.5,1.76,0.69
2022-12-19,0.55,27.36,76.19,25.44,2.68,0.68
2022-12-20,0.17,27.17,75.2,24.78,3.0,0.67
2022-12-21,0.01,27.88,64.99,27.33,1.84,0.66
2022-12-22,4.16,28.03,74.94,16.12,2.62,0.65
2022-12-23,5.06,26.94,82.66,13.6,3.84,0.65
2022-12-24,7.06,25.86,82.64,12.18,4.61,0.66
2022-12-25,23.3,25.6,85.26,16.19,1.66,0.69
2022-12-26,15.26,26.14,79.12,17.63,2.83,0.72
2022-12-27,10.88,26.48,78.98,17.63,3.21,0.71
2022-12-28,9.47,26.41,82.14,20.87,2.45,0.73
2022-12-29,15.94,26.1,86.01,14.86,4.2,0.74
2022-12-30,5.12,25.93,87.43,8.21,4.81,0.75
2022-12-31,2.95,26.38,85.65,20.82,4.26,0.75
2023-01-01,3.06,26.03,85.98,18.01,5.02,0.75
2023-01-02,3.83,26.29,85.17,16.37,4.84,0.75
2023-01-03,4.1,26.48,85.85,21.34,4.86,0.75
2023-01-04,1.58,26.92,80.44,23.29,4.21,0.75
2023-01-05,1.82,26.79,82.32,18.76,3.43,0.74
2023-01-06,2.39,26.52,86.11,22.85,3.31,0.74
2023-01-07,1.0,26.66,82.19,20.81,2.96,0.73
2023-01-08,0.21,26.93,76.28,22.65,3.11,0.73
2023-01-09,0.27,26.79,74.46,24.53,1.73,0.72
2023-01-10,0.34,27.01,76.09,25.9,2.54,0.71
2023-01-11,1.91,27.22,74.95,22.73,2.33,0.7
2023-01-12,6.41,27.22,75.08,23.4,1.62,0.7
2023-01-13,4.69,27.22,78.85,23.93,1.54,0.7
2023-01-14,0.14,27.45,79.05,23.41,2.4,0.69
2023-01-15,2.94,27.26,79.38,19.97,2.87,0.69
2023-01-16,9.04,26.55,86.09,16.79,3.6,0.7
2023-01-17,2.07,26.8,82.15,20.28,2.44,0.7
2023-01-18,2.44,26.71,83.52,19.61,1.81,0.7
2023-01-19,12.08,26.17,83.73,18.31,2.14,0.7
2023-01-20,8.62,25.81,83.75,21.53,1.54,0.72
2023-01-21,0.88,27.04,77.05,21.86,1.36,0.72
2023-01-22,0.89,26.89,79.7,22.09,1.06,0.71
2023-01-23,1.26,26.69,82.27,22.66,1.24,0.71
2023-01-24,0.18,26.56,81.43,24.77,1.45,0.7
2023-01-25,1.84,27.11,76.95,17.42,1.27,0.7
2023-01-26,9.85,26.99,81.34,19.88,1.92,0.7
2023-01-27,5.23,26.54,86.14,15.87,2.92,0.71
2023-01-28,15.45,26.15,89.45,18.62,3.51,0.72
2023-01-29,4.39,26.27,85.64,17.95,2.92,0.73
2023-01-30,6.48,26.22,84.42,14.01,2.05,0.73
2023-01-31,4.13,26.75,82.61,17.18,1.92,0.74
2023-02-01,6.93,26.3,87.6,9.39,3.99,0.74
2023-02-02,5.01,25.68,86.97,9.97,2.44,0.75
2023-02-03,17.33,25.36,87.3,15.74,3.33,0.75
2023-02-04,11.72,25.61,88.35,13.98,3.57,0.78
2023-02-05,9.05,25.84,87.54,13.72,4.32,0.78
2023-02-06,5.37,26.05,87.01,15.6,5.18,0.79
2023-02-07,8.72,25.54,87.52,12.17,4.0,0.79
2023-02-08,5.96,25.84,87.11,16.31,3.58,0.8
2023-02-09,9.82,25.51,86.61,15.83,4.64,0.81
2023-02-10,13.53,25.41,86.61,9.95,3.39,0.82
2023-02-11,8.32,25.91,87.44,14.55,2.91,0.82
2023-02-12,7.47,25.91,87.06,17.23,2.57,0.83
2023-02-13,11.34,26.23,85.03,15.67,3.17,0.84
2023-02-14,8.18,26.03,86.12,18.71,3.22,0.84
2023-02-15,3.14,25.82,87.29,17.13,3.13,0.84
2023-02-16,3.99,25.8,86.3,19.99,2.84,0.84
2023-02-17,11.26,26.01,85.63,17.26,2.29,0.85
2023-02-18,10.39,26.16,87.39,17.65,2.35,0.86
2023-02-19,2.07,26.85,84.35,19.54,1.64,0.86
2023-02-20,2.7,26.71,85.87,21.3,1.75,0.85
2023-02-21,5.47,26.52,83.5,21.82,1.78,0.85
2023-02-22,4.89,26.55,84.25,17.45,2.67,0.85
2023-02-23,8.15,26.21,87.6,10.71,3.57,0.85
2023-02-24,15.39,26.36,87.04,16.76,3.53,0.85
2023-02-25,16.29,26.5,87.74,15.44,3.39,0.88
2023-02-26,14.27,25.76,87.59,14.17,4.84,0.89
2023-02-27,2.02,26.06,85.39,19.59,3.41,0.88
2023-02-28,13.8,25.44,88.05,17.59,2.33,0.88
2023-03-01,6.66,25.92,83.47,16.48,3.04,0.89
2023-03-02,9.01,25.68,85.8,13.15,4.41,0.89
2023-03-03,6.68,25.47,84.65,18.81,2.91,0.9
2023-03-04,7.29,26.39,80.56,22.98,2.21,0.89
2023-03-05,3.24,25.93,84.95,19.93,2.96,0.89
2023-03-06,14.72,25.47,86.4,16.14,2.71,0.89
2023-03-07,12.61,26.05,84.36,17.96,1.54,0.91
2023-03-08,2.4,26.04,85.14,20.05,1.24,0.9
2023-03-09,0.89,26.98,79.83,20.72,1.37,0.9
2023-03-10,0.11,27.3,79.57,24.33,1.97,0.89
2023-03-11,0.04,27.61,75.31,24.81,1.38,0.88
2023-03-12,0.42,27.31,76.88,24.49,1.84,0.86
2023-03-13,5.86,26.91,77.04,21.9,1.31,0.86
2023-03-14,10.99,27.18,76.53,22.27,1.33,0.87
2023-03-15,0.6,27.66,74.39,23.12,0.96,0.86
2023-03-16,0.59,27.69,76.65,23.7,1.8,0.85
2023-03-17,5.04,27.11,77.84,21.15,1.16,0.85
2023-03-18,0.76,26.7,79.67,22.49,1.77,0.84
2023-03-19,3.07,27.2,79.92,22.57,1.5,0.84
2023-03-20,9.9,27.71,80.22,22.8,1.91,0.84
2023-03-21,10.29,27.58,76.91,20.99,0.61,0.84
2023-03-22,26.41,27.21,76.9,22.62,1.98,0.86
2023-03-23,1.12,27.18,79.26,22.74,1.84,0.85
2023-03-24,1.86,27.25,79.15,22.18,1.85,0.85
2023-03-25,3.29,27.09,80.31,22.41,0.96,0.84
2023-03-26,2.23,27.41,76.8,21.09,1.19,0.84
2023-03-27,14.33,27.06,81.02,19.52,1.31,0.85
2023-03-28,5.7,26.92,82.29,20.58,1.95,0.85
2023-03-29,1.02,26.9,79.2,18.84,0.91,0.85
2023-03-30,4.49,26.5,79.44,17.59,1.06,0.85
2023-03-31,4.0,26.91,78.2,20.12,0.99,0.85
2023-04-01,20.66,26.09,84.83,18.78,1.93,0.86
2023-04-02,21.02,26.33,85.18,18.39,1.56,0.89
2023-04-03,3.43,26.78,79.9,14.95,1.68,0.88
2023-04-04,11.76,26.8,83.08,17.0,1.97,0.88
2023-04-05,1.98,27.14,75.49,19.28,0.95,0.89
2023-04-06,24.82,27.13,78.19,20.42,1.26,0.89
2023-04-07,14.29,26.59,83.61,19.84,2.34,0.92
2023-04-08,18.7,25.68,85.47,16.49,2.91,0.92
2023-04-09,8.71,25.85,80.26,11.94,3.27,0.93
2023-04-10,1.22,25.7,84.44,18.71,4.2,0.92
2023-04-11,0.67,26.6,82.39,20.41,2.47,0.91
2023-04-12,2.44,27.02,82.55,17.5,1.24,0.91
2023-04-13,6.29,26.37,88.38,12.49,2.31,0.91
2023-04-14,4.02,26.66,85.22,19.57,2.05,0.91
2023-04-15,2.07,26.87,83.33,17.36,1.41,0.9
2023-04-16,0.19,27.5,78.91,20.49,0.99,0.9
2023-04-17,1.56,27.23,80.81,20.72,1.6,0.89
2023-04-18,1.81,27.03,82.42,21.4,1.71,0.88
2023-04-19,4.34,26.83,83.31,20.65,3.16,0.88
2023-04-20,0.36,26.46,79.16,21.16,3.86,0.87
2023-04-21,0.12,26.37,77.31,19.61,3.4,0.86
2023-04-22,0.0,26.54,78.3,21.36,3.25,0.85
2023-04-23,0.01,26.77,79.8,21.65,2.31,0.85
2023-04-24,0.26,26.88,83.04,20.37,2.79,0.84
2023-04-25,0.38,27.07,83.69,19.32,2.14,0.83
2023-04-26,0.5,27.21,84.12,20.1,3.1,0.83
2023-04-27,9.61,26.67,88.82,15.04,3.66,0.83
2023-04-28,15.85,26.53,88.84,11.06,2.39,0.85
2023-04-29,3.8,26.82,81.94,19.93,1.38,0.85
2023-04-30,0.09,26.96,79.29,21.66,2.52,0.84
2023-05-01,0.03,26.93,79.34,21.88,2.32,0.83
2023-05-02,0.07,27.04,81.86,20.3,2.5,0.83
2023-05-03,0.1,27.28,81.42,19.97,2.78,0.82
2023-05-04,6.3,27.28,83.31,19.08,2.98,0.81
2023-05-05,4.47,26.86,84.14,19.48,3.53,0.82
2023-05-06,0.15,26.96,81.09,20.99,3.47,0.81
2023-05-07,0.1,27.19,83.6,20.86,3.2,0.8
2023-05-08,1.51,27.2,84.94,17.25,4.37,0.79
2023-05-09,1.13,27.09,84.58,9.39,3.77,0.79
2023-05-10,6.87,26.93,84.42,17.17,2.25,0.79
2023-05-11,5.05,26.74,86.61,18.92,4.52,0.79
2023-05-12,0.02,26.51,80.69,20.76,4.66,0.79
2023-05-13,0.0,25.79,77.89,20.27,4.36,0.78
2023-05-14,0.0,25.34,76.58,20.13,4.3,0.77
2023-05-15,0.0,24.88,75.34,19.33,3.39,0.76
2023-05-16,0.01,24.86,75.88,20.19,2.91,0.75
2023-05-17,0.04,25.14,75.86,19.38,2.54,0.75
2023-05-18,0.12,26.1,79.76,19.31,2.52,0.74
2023-05-19,0.2,26.15,79.66,19.88,3.89,0.73
2023-05-20,0.01,25.44,77.17,19.6,4.26,0.72
2023-05-21,0.03,25.28,77.16,19.06,4.07,0.71
2023-05-22,0.05,25.36,78.44,18.89,3.19,0.71
2023-05-23,0.05,25.62,79.27,19.3,2.74,0.7
2023-05-24,0.03,25.96,78.78,19.67,2.41,0.69
2023-05-25,0.02,25.83,81.12,18.41,3.94,0.68
2023-05-26,0.08,26.0,78.7,18.71,4.04,0.68
2023-05-27,0.06,25.57,74.53,19.77,3.98,0.67
2023-05-28,0.05,25.6,76.68,18.31,3.92,0.66
2023-05-29,0.1,25.67,78.47,18.76,3.17,0.66
2023-05-30,0.14,26.01,79.11,18.69,2.89,0.65
2023-05-31,0.13,26.28,80.54,16.48,3.47,0.64
2023-06-01,0.32,26.34,81.4,16.58,3.46,0.64
2023-06-02,0.19,25.88,79.41,15.63,3.73,0.63
2023-06-03,0.0,25.46,77.68,19.17,3.34,0.62
2023-06-04,0.08,26.18,80.19,17.89,2.79,0.62
2023-06-05,0.95,26.76,80.56,17.51,2.51,0.61
2023-06-06,0.53,26.5,79.09,18.32,2.79,0.61
2023-06-07,0.17,26.3,78.93,17.29,2.7,0.6
2023-06-08,0.01,26.31,77.68,19.36,3.44,0.59
2023-06-09,0.17,26.25,80.18,18.39,3.74,0.59
2023-06-10,0.8,26.57,82.13,13.67,2.53,0.58
2023-06-11,0.22,26.62,80.67,16.69,2.97,0.58
2023-06-12,0.04,25.96,79.58,18.58,4.43,0.57
2023-06-13,0.02,25.81,76.07,18.67,3.85,0.57
2023-06-14,0.0,25.76,76.44,19.28,3.1,0.56
2023-06-15,0.04,25.67,75.91,18.86,3.06,0.56
2023-06-16,0.05,25.91,76.63,18.05,3.09,0.55
2023-06-17,0.14,25.81,77.58,18.77,2.86,0.55
2023-06-18,0.0,26.06,73.83,18.89,2.9,0.54
2023-06-19,0.05,26.95,68.38,15.66,1.22,0.54
2023-06-20,0.08,27.26,72.37,18.27,1.36,0.53
2023-06-21,0.0,26.56,73.82,18.7,2.57,0.53
2023-06-22,0.14,26.28,73.32,18.08,2.96,0.52
2023-06-23,0.24,26.61,72.05,17.15,3.26,0.52
2023-06-24,0.1,26.64,74.34,18.15,2.98,0.52
2023-06-25,0.16,26.84,75.0,17.46,2.32,0.51
2023-06-26,0.3,27.37,72.72,14.31,1.46,0.51
2023-06-27,3.48,26.97,76.74,12.83,2.89,0.51
2023-06-28,5.53,26.88,77.44,16.31,3.04,0.51
2023-06-29,3.51,27.29,77.01,16.84,2.31,0.52
2023-06-30,1.98,28.05,71.87,16.87,1.08,0.52
2023-07-01,0.59,27.4,76.24,14.24,3.92,0.51
2023-07-02,0.71,27.03,77.7,17.2,5.15,0.51
2023-07-03,1.42,26.71,77.31,15.27,4.79,0.5
2023-07-04,0.86,26.96,74.94,15.8,3.22,0.5
2023-07-05,0.49,27.31,75.43,17.94,3.84,0.5
2023-07-06,0.49,26.67,80.73,12.86,4.05,0.5
2023-07-07,0.51,26.96,78.17,14.45,4.65,0.49
2023-07-08,0.21,26.63,76.14,16.36,3.31,0.49
2023-07-09,0.05,26.87,73.32,17.85,4.08,0.49
2023-07-10,0.01,26.48,70.32,18.87,4.46,0.48
2023-07-11,0.0,25.88,65.97,19.33,4.55,0.48
2023-07-12,0.6,26.49,75.44,16.02,5.01,0.48
2023-07-13,0.25,26.85,72.17,15.35,4.84,0.48
2023-07-14,0.1,26.61,74.12,17.14,4.93,0.47
2023-07-15,0.05,26.35,69.71,19.14,4.07,0.47
2023-07-16,0.99,25.99,72.03,19.25,3.5,0.47
2023-07-17,0.03,26.3,69.06,16.16,5.48,0.46
2023-07-18,0.0,26.2,69.49,19.93,4.74,0.46
2023-07-19,0.1,26.06,66.66,20.02,4.97,0.46
2023-07-20,0.23,25.84,67.56,18.6,4.51,0.46
2023-07-21,0.05,26.19,68.88,20.12,4.69,0.45
2023-07-22,0.01,26.11,64.92,20.01,5.36,0.45
2023-07-23,0.05,26.07,65.5,19.19,4.39,0.45
2023-07-24,0.17,26.18,69.45,19.07,4.93,0.45
2023-07-25,0.13,25.78,69.84,19.19,4.97,0.44
2023-07-26,0.04,25.89,68.68,19.82,4.26,0.44
2023-07-27,0.06,25.37,69.68,20.12,4.71,0.44
2023-07-28,0.01,25.66,66.4,20.42,4.74,0.43
2023-07-29,0.01,25.78,70.32,20.5,4.54,0.43
2023-07-30,0.03,26.53,71.17,18.99,4.41,0.43
2023-07-31,0.01,27.05,67.75,20.18,3.25,0.43
2023-08-01,0.0,27.32,63.97,20.73,2.87,0.42
2023-08-02,0.0,27.08,64.95,21.44,2.45,0.42
2023-08-03,0.01,26.93,66.02,20.5,2.62,0.42
2023-08-04,0.04,27.11,69.3,20.36,4.14,0.42
2023-08-05,0.03,27.31,68.72,18.11,5.0,0.41
2023-08-06,0.03,27.07,65.91,20.21,3.98,0.41
2023-08-07,0.0,26.3,64.56,21.28,5.33,0.41
2023-08-08,0.01,26.16,64.87,22.16,3.83,0.41
2023-08-09,0.03,26.24,62.52,21.57,3.62,0.4
2023-08-10,0.01,26.42,61.46,20.85,3.1,0.4
2023-08-11,0.15,26.78,61.87,19.22,2.53,0.4
2023-08-12,0.37,26.15,66.39,19.64,3.6,0.4
2023-08-13,0.05,26.99,64.35,20.33,3.37,0.4
2023-08-14,0.11,27.18,66.0,19.67,3.3,0.4
2023-08-15,0.17,26.92,68.49,14.56,3.76,0.39
2023-08-16,0.12,26.65,68.58,19.58,4.25,0.39
2023-08-17,0.26,26.38,70.54,15.1,5.0,0.39
2023-08-18,0.08,26.63,66.1,20.49,4.46,0.39
2023-08-19,0.02,26.97,63.88,21.45,3.44,0.39
2023-08-20,0.09,27.47,61.6,21.27,3.82,0.39
2023-08-21,0.11,26.68,64.46,20.32,4.69,0.38
2023-08-22,0.0,26.51,60.81,21.81,4.42,0.38
2023-08-23,0.01,26.76,64.71,20.81,3.64,0.38
2023-08-24,0.11,27.33,65.02,20.27,4.97,0.38
2023-08-25,0.0,27.13,62.46,22.31,5.3,0.38
2023-08-26,0.0,27.04,63.18,22.13,4.22,0.38
2023-08-27,0.0,27.31,61.12,21.81,3.7,0.38
2023-08-28,0.22,27.45,59.77,22.61,3.82,0.37
2023-08-29,0.02,27.49,60.71,22.78,4.04,0.37
2023-08-30,0.08,27.32,62.94,22.31,4.48,0.37
2023-08-31,0.09,26.99,59.58,22.41,3.97,0.37
2023-09-01,0.01,26.61,57.51,23.97,3.27,0.37
2023-09-02,0.03,26.84,54.58,23.98,2.81,0.37
2023-09-03,0.03,26.81,57.11,23.05,3.27,0.37
2023-09-04,0.09,26.73,59.46,22.8,3.73,0.37
2023-09-05,0.04,27.81,59.15,22.27,3.99,0.37
2023-09-06,0.09,27.63,62.05,22.97,4.67,0.37
2023-09-07,0.01,27.36,60.2,22.71,5.01,0.37
2023-09-08,0.02,27.16,61.02,24.1,4.05,0.37
2023-09-09,0.0,27.44,60.18,23.46,3.32,0.37
2023-09-10,0.01,28.31,62.86,21.54,3.79,0.37
2023-09-11,0.05,28.49,64.44,22.47,4.34,0.37
2023-09-12,0.31,28.64,59.97,21.98,3.56,0.37
2023-09-13,0.49,28.35,58.01,22.58,3.73,0.37
2023-09-14,0.35,27.79,60.14,14.09,3.47,0.37
2023-09-15,0.12,28.03,60.31,22.57,4.79,0.37
2023-09-16,0.07,28.03,61.97,22.46,3.55,0.37
2023-09-17,0.35,27.61,64.15,19.7,3.93,0.37
2023-09-18,0.37,27.59,63.16,19.79,3.21,0.37
2023-09-19,0.18,28.09,58.31,20.6,3.77,0.37
2023-09-20,0.06,27.89,57.28,23.54,4.16,0.37
2023-09-21,0.0,27.68,55.51,24.8,3.78,0.37
2023-09-22,0.01,27.73,60.09,23.71,3.99,0.37
2023-09-23,0.08,28.32,62.26,25.02,3.57,0.37
2023-09-24,0.12,28.77,57.59,24.56,3.4,0.37
2023-09-25,0.07,28.57,57.72,24.92,3.71,0.37
2023-09-26,0.01,28.55,57.94,24.84,3.66,0.37
2023-09-27,0.09,29.07,55.57,25.12,2.49,0.37
2023-09-28,0.03,28.9,60.49,24.45,3.64,0.37
2023-09-29,0.01,28.94,56.72,24.81,2.53,0.37
2023-09-30,0.03,28.93,57.12,24.23,2.77,0.37
2023-10-01,0.06,28.87,57.64,23.68,3.02,0.37
2023-10-02,0.07,28.95,60.98,24.04,3.27,0.37
2023-10-03,0.02,29.16,62.2,23.69,3.14,0.37
2023-10-04,0.0,29.69,61.83,24.5,2.92,0.37
2023-10-05,0.0,29.55,62.97,23.82,2.91,0.37
2023-10-06,0.02,29.89,61.33,23.17,3.11,0.37
2023-10-07,0.0,29.13,64.75,21.59,3.01,0.37
2023-10-08,0.0,29.77,59.77,24.02,3.93,0.37
2023-10-09,0.01,29.76,59.04,24.66,3.16,0.37
2023-10-10,0.02,29.73,58.5,24.75,3.58,0.37
2023-10-11,0.05,29.81,57.51,24.5,2.43,0.37
2023-10-12,0.63,29.26,63.1,23.06,2.96,0.37
2023-10-13,0.35,29.5,61.51,24.09,2.68,0.37
2023-10-14,0.02,30.0,58.66,23.53,2.84,0.37
2023-10-15,0.03,30.62,55.72,23.46,3.37,0.37
2023-10-16,0.02,30.27,57.69,25.41,3.4,0.37
2023-10-17,0.03,29.36,60.18,25.38,2.62,0.37
2023-10-18,0.05,30.05,55.11,25.14,3.1,0.37
2023-10-19,0.1,30.49,54.47,23.78,2.62,0.37
2023-10-20,0.51,30.52,53.29,24.55,2.99,0.37
2023-10-21,0.15,30.37,54.4,24.99,2.59,0.37
2023-10-22,1.16,29.58,60.75,23.74,2.3,0.37
2023-10-23,0.92,29.86,57.59,24.24,2.03,0.37
2023-10-24,1.14,29.98,59.26,25.47,2.57,0.37
2023-10-25,0.38,30.43,54.68,24.25,2.37,0.37
2023-10-26,0.02,30.36,56.0,24.9,2.8,0.37
2023-10-27,0.04,30.26,57.16,24.88,2.33,0.37
2023-10-28,0.03,30.31,55.94,25.74,2.2,0.37
2023-10-29,0.11,30.83,55.78,24.64,2.75,0.37
2023-10-30,0.4,29.94,60.65,24.16,3.15,0.37
2023-10-31,0.45,30.27,59.36,23.73,2.71,0.37
2023-11-01,1.15,30.01,62.06,24.81,3.02,0.37
2023-11-02,0.84,30.04,62.38,23.3,3.3,0.37
2023-11-03,1.13,29.79,62.79,23.52,2.64,0.37
2023-11-04,0.62,29.99,60.69,24.73,2.53,0.37
2023-11-05,0.01,29.84,61.02,26.56,2.25,0.37
2023-11-06,0.05,30.18,59.17,25.14,2.09,0.37
2023-11-07,0.11,30.68,59.79,23.66,2.04,0.37
2023-11-08,0.1,30.84,59.16,24.96,2.3,0.37
2023-11-09,1.9,30.78,59.51,22.05,2.0,0.37
2023-11-10,2.91,30.65,59.8,23.6,1.41,0.38
2023-11-11,0.06,30.42,62.01,23.06,1.13,0.38
2023-11-12,3.19,30.07,65.1,21.66,3.36,0.37
2023-11-13,2.87,29.35,70.5,22.05,3.69,0.38
2023-11-14,6.35,29.53,70.2,23.66,3.34,0.38
2023-11-15,6.23,28.94,73.72,21.94,3.99,0.39
2023-11-16,1.19,29.28,69.69,21.28,4.05,0.39
2023-11-17,0.63,29.39,66.99,18.64,5.03,0.39
2023-11-18,0.13,29.5,63.32,24.96,4.7,0.39
2023-11-19,0.27,29.45,66.53,23.84,4.32,0.38
2023-11-20,0.62,29.95,64.63,24.22,4.51,0.38
2023-11-21,0.32,29.71,68.34,24.23,3.17,0.38
2023-11-22,0.11,30.79,60.14,25.88,2.87,0.38
2023-11-23,1.55,30.45,63.1,23.18,1.74,0.38
2023-11-24,4.53,29.8,66.55,21.9,1.6,0.38
2023-11-25,3.75,29.78,65.2,21.59,1.21,0.39
2023-11-26,3.0,29.82,63.53,21.83,3.2,0.39
2023-11-27,5.04,28.51,70.84,20.3,1.46,0.39
2023-11-28,3.56,28.7,70.99,20.71,2.41,0.4
2023-11-29,9.17,28.02,77.72,20.89,1.79,0.4
2023-11-30,4.76,29.26,69.19,21.57,0.9,0.41
2023-12-01,15.42,28.57,76.0,19.79,1.38,0.43
2023-12-02,19.63,27.71,83.85,20.39,2.41,0.47
2023-12-03,5.73,28.25,80.02,22.55,3.05,0.48
2023-12-04,6.66,28.33,79.8,20.22,2.82,0.49
2023-12-05,1.1,28.42,77.26,23.25,2.97,0.48
2023-12-06,4.2,29.46,71.77,24.1,1.58,0.48
2023-12-07,6.75,28.84,74.27,21.77,1.59,0.49
2023-12-08,4.76,28.58,75.12,15.9,1.86,0.49
2023-12-09,2.55,28.5,73.8,21.63,2.02,0.49
2023-12-10,1.79,29.16,69.99,23.68,2.01,0.49
2023-12-11,2.37,28.74,72.26,20.97,1.65,0.49
2023-12-12,2.48,29.09,71.78,23.16,1.75,0.49
2023-12-13,0.66,29.61,68.08,22.64,1.18,0.49
2023-12-14,1.28,29.49,69.54,20.97,1.27,0.48
2023-12-15,3.24,29.45,69.44,22.53,2.25,0.49
2023-12-16,2.1,29.06,70.82,22.32,1.8,0.48
2023-12-17,2.06,28.39,70.0,19.97,2.87,0.48
2023-12-18,0.22,28.24,68.53,21.39,3.44,0.48
2023-12-19,0.76,28.58,65.39,25.98,4.25,0.48
2023-12-20,0.39,29.25,63.39,23.74,3.5,0.47
2023-12-21,1.64,29.6,64.24,18.23,1.84,0.47
2023-12-22,2.58,29.31,68.71,26.23,3.14,0.47
2023-12-23,5.0,28.99,72.39,22.6,1.9,0.47
2023-12-24,7.48,28.98,73.82,22.7,0.99,0.48
2023-12-25,9.56,28.62,77.24,24.36,1.46,0.49
2023-12-26,8.19,28.43,78.31,22.01,1.02,0.51
2023-12-27,11.4,28.92,76.05,20.48,0.89,0.52
2023-12-28,7.19,28.35,77.96,22.83,1.54,0.53
2023-12-29,1.03,28.75,75.1,24.71,2.58,0.53
2023-12-30,0.78,29.58,72.47,25.29,2.27,0.52
2023-12-31,3.17,28.67,79.42,21.07,2.13,0.52
2024-01-01,0.1,29.13,75.57,24.87,1.76,0.52
2024-01-02,0.58,29.64,71.15,23.12,2.21,0.51
2024-01-03,0.78,29.33,72.11,23.5,2.66,0.51
2024-01-04,5.85,28.91,73.18,21.22,1.48,0.51
2024-01-05,14.22,27.94,78.62,15.52,1.24,0.53
2024-01-06,11.32,26.42,79.35,12.97,1.95,0.55
2024-01-07,2.46,28.61,67.77,21.24,0.99,0.55
2024-01-08,10.55,28.59,78.12,21.02,1.64,0.55
2024-01-09,15.46,27.9,82.85,21.14,2.09,0.58
2024-01-10,2.22,29.09,75.86,24.66,1.67,0.58
2024-01-11,2.23,28.98,77.7,23.27,1.86,0.58
2024-01-12,4.0,28.72,77.68,22.12,2.44,0.58
2024-01-13,2.05,28.28,78.6,24.28,2.36,0.58
2024-01-14,1.79,28.41,75.12,22.58,2.75,0.57
2024-01-15,2.24,28.53,76.39,18.82,2.7,0.57
2024-01-16,7.42,27.49,81.35,15.78,2.75,0.58
2024-01-17,3.25,27.46,81.09,19.22,1.94,0.58
2024-01-18,6.73,28.24,77.55,18.31,2.94,0.58
2024-01-19,6.57,27.54,80.48,22.24,2.92,0.59
2024-01-20,1.39,27.01,80.19,16.01,3.34,0.59
2024-01-21,0.4,27.92,75.47,21.96,3.92,0.58
2024-01-22,12.95,27.47,86.42,18.72,4.59,0.58
2024-01-23,12.89,27.18,86.09,17.45,4.41,0.61
2024-01-24,4.72,27.04,87.43,12.48,4.17,0.61
2024-01-25,9.5,27.14,85.73,16.25,3.23,0.62
2024-01-26,10.81,27.14,83.72,17.42,4.41,0.64
2024-01-27,2.31,26.66,83.14,15.74,3.28,0.64
2024-01-28,0.85,27.61,76.61,19.37,2.1,0.63
2024-01-29,1.15,27.73,77.57,20.7,2.27,0.63
2024-01-30,0.08,28.32,73.22,25.67,1.39,0.62
2024-01-31,2.58,28.29,72.17,25.13,1.84,0.61
2024-02-01,1.39,28.57,73.05,24.97,1.56,0.6
2024-02-02,1.12,27.87,79.74,23.46,1.19,0.6
2024-02-03,3.54,27.24,84.32,18.08,2.13,0.6
2024-02-04,9.42,27.38,81.52,16.23,2.82,0.6
2024-02-05,2.37,27.29,80.53,18.04,3.55,0.61
2024-02-06,1.41,27.66,79.86,23.2,1.58,0.61
2024-02-07,10.16,27.41,82.41,21.37,1.58,0.61
2024-02-08,10.35,27.49,79.79,22.32,0.91,0.63
2024-02-09,13.83,27.84,78.18,22.39,0.9,0.64
2024-02-10,5.06,27.77,80.06,21.83,2.26,0.65
2024-02-11,1.58,27.41,81.73,11.65,2.89,0.65
2024-02-12,7.03,26.16,87.57,15.88,2.87,0.65
2024-02-13,2.63,27.25,81.74,19.85,1.5,0.65
2024-02-14,3.92,27.45,84.12,20.07,2.16,0.65
2024-02-15,2.84,28.16,80.5,21.93,0.94,0.65
2024-02-16,1.71,28.65,76.83,19.24,1.18,0.65
2024-02-17,4.21,28.76,75.6,18.52,0.84,0.64
2024-02-18,1.06,28.52,76.98,22.96,1.61,0.64
2024-02-19,0.09,28.37,79.13,25.76,1.95,0.63
2024-02-20,4.0,28.47,81.51,23.92,2.58,0.63
2024-02-21,10.42,28.12,83.52,21.56,3.16,0.64
2024-02-22,4.87,27.59,86.11,18.98,3.54,0.65
2024-02-23,1.11,27.65,84.37,19.0,2.83,0.65
2024-02-24,2.08,28.31,79.99,23.72,2.21,0.64
2024-02-25,7.23,28.35,80.3,19.29,1.56,0.64
2024-02-26,5.99,27.37,81.77,20.82,2.93,0.65
2024-02-27,1.82,27.95,77.2,20.48,1.51,0.65
2024-02-28,2.28,27.85,80.43,20.27,1.77,0.64
2024-02-29,0.59,28.62,76.2,22.03,1.89,0.64
2024-03-01,2.13,28.48,78.66,19.16,2.1,0.63
2024-03-02,4.51,27.92,82.39,19.8,2.33,0.63
2024-03-03,3.87,27.41,84.22,20.05,1.92,0.64
2024-03-04,0.81,28.67,76.03,22.12,0.59,0.63
2024-03-05,3.53,28.33,82.12,19.94,1.3,0.63
2024-03-06,0.47,28.6,80.46,20.56,2.01,0.63
2024-03-07,4.14,27.82,85.77,15.91,2.7,0.63
2024-03-08,4.66,27.62,86.32,19.5,3.46,0.63
2024-03-09,7.86,27.16,84.84,13.08,4.48,0.64
2024-03-10,20.58,26.51,85.48,12.13,4.5,0.65
2024-03-11,12.6,26.42,85.98,10.6,4.81,0.68
2024-03-12,4.13,27.1,80.33,13.76,2.72,0.68
2024-03-13,12.02,27.08,85.66,14.57,3.73,0.7
2024-03-14,13.76,26.76,87.08,10.15,4.45,0.71
2024-03-15,2.43,27.26,83.49,15.73,4.83,0.71
2024-03-16,5.83,27.06,84.65,14.46,4.98,0.71
2024-03-17,4.95,27.68,81.47,15.22,4.23,0.71
2024-03-18,3.42,26.95,85.16,14.78,2.9,0.71
2024-03-19,0.92,27.3,83.7,19.29,3.13,0.71
2024-03-20,0.11,27.56,80.98,17.96,2.22,0.7
2024-03-21,24.17,28.1,78.23,22.65,1.4,0.71
2024-03-22,20.02,28.24,76.43,23.54,1.09,0.75
2024-03-23,1.38,28.54,73.71,20.93,0.96,0.74
2024-03-24,2.4,28.47,76.42,19.28,1.15,0.73
2024-03-25,13.32,28.0,79.0,20.56,0.91,0.74
2024-03-26,5.09,28.04,79.27,20.32,2.42,0.74
2024-03-27,2.35,28.02,80.77,21.9,2.29,0.74
2024-03-28,1.35,27.67,80.66,22.52,2.39,0.73
2024-03-29,2.59,27.21,84.24,20.14,2.11,0.73
2024-03-30,0.74,27.63,81.69,23.84,2.2,0.72
2024-03-31,2.34,27.9,83.12,21.56,2.42,0.72
2024-04-01,12.96,27.91,81.78,17.22,1.28,0.72
2024-04-02,3.15,27.73,85.01,21.95,1.84,0.74
2024-04-03,2.24,27.87,82.15,12.96,1.45,0.73
2024-04-04,12.06,26.97,85.79,10.63,1.93,0.74
2024-04-05,7.17,27.26,86.56,13.57,2.61,0.76
2024-04-06,7.58,27.14,87.01,14.82,2.71,0.76
2024-04-07,5.52,27.25,84.67,17.26,2.92,0.77
2024-04-08,3.5,27.74,83.31,11.47,2.18,0.76
2024-04-09,2.44,27.93,80.93,18.99,2.32,0.76
2024-04-10,2.56,27.64,80.95,19.22,1.93,0.76
2024-04-11,5.65,27.61,79.3,19.34,1.04,0.76
2024-04-12,1.75,27.81,79.86,22.83,1.94,0.76
2024-04-13,0.13,27.75,79.0,21.89,2.03,0.74
2024-04-14,0.55,27.99,78.86,22.75,2.13,0.73
2024-04-15,3.96,27.97,81.89,19.84,3.15,0.73
2024-04-16,3.54,27.04,85.42,8.81,4.01,0.73
2024-04-17,0.72,27.64,82.8,19.07,3.2,0.72
2024-04-18,0.44,27.91,81.15,21.6,2.95,0.72
2024-04-19,1.61,28.26,80.77,21.43,2.08,0.71
2024-04-20,1.73,27.88,83.01,18.21,3.21,0.7
2024-04-21,1.49,28.0,81.66,18.72,2.67,0.7
2024-04-22,12.31,26.82,88.16,14.79,3.46,0.71
2024-04-23,9.36,26.95,87.23,9.63,2.24,0.73
2024-04-24,4.08,27.19,86.95,18.98,1.85,0.73
2024-04-25,10.22,27.52,85.69,15.27,2.29,0.74
2024-04-26,2.01,27.84,82.5,21.21,2.48,0.74
2024-04-27,0.34,28.02,83.97,20.02,2.81,0.73
2024-04-28,0.53,27.84,84.15,20.64,3.77,0.72
2024-04-29,0.09,27.68,80.8,20.15,3.6,0.71
2024-04-30,0.2,27.45,81.31,19.68,3.52,0.7
2024-05-01,0.1,27.61,81.99,19.4,3.5,0.7
2024-05-02,0.14,27.62,81.79,20.47,4.21,0.69
2024-05-03,0.23,27.48,81.65,20.01,3.44,0.68
2024-05-04,0.24,27.44,79.45,20.83,3.53,0.67
2024-05-05,0.64,27.11,80.76,19.86,2.85,0.67
2024-05-06,0.59,27.23,81.37,19.19,3.3,0.66
2024-05-07,0.9,27.45,80.54,18.49,2.78,0.65
2024-05-08,0.18,27.28,78.22,19.62,3.6,0.65
2024-05-09,0.16,27.21,79.49,19.59,3.47,0.64
2024-05-10,0.06,27.41,81.78,18.77,3.27,0.63
2024-05-11,0.05,27.48,79.11,20.3,3.09,0.62
2024-05-12,0.09,27.43,79.33,20.48,3.04,0.62
2024-05-13,0.01,27.34,78.65,19.85,2.83,0.61
2024-05-14,0.0,27.33,75.72,19.87,2.59,0.6
2024-05-15,0.0,27.4,78.31,18.52,2.9,0.59
2024-05-16,1.29,27.5,81.67,19.52,3.31,0.59
2024-05-17,0.96,27.48,79.3,18.89,3.25,0.59
2024-05-18,0.03,27.4,76.89,19.6,3.78,0.58
2024-05-19,0.05,27.15,76.96,18.75,4.45,0.57
2024-05-20,0.03,27.13,76.25,15.53,3.51,0.57
2024-05-21,0.05,27.14,76.35,17.96,3.82,0.56
2024-05-22,0.03,27.48,76.13,17.39,2.36,0.55
2024-05-23,0.1,27.67,77.46,17.68,2.66,0.55
2024-05-24,0.23,27.7,78.59,18.71,3.13,0.54
2024-05-25,0.29,27.95,77.62,17.79,3.95,0.54
2024-05-26,0.15,27.71,77.66,18.52,4.92,0.53
2024-05-27,0.31,27.87,75.97,17.34,2.82,0.53
2024-05-28,0.13,27.85,75.38,18.84,2.57,0.53
2024-05-29,0.41,28.15,77.81,16.59,2.12,0.52
2024-05-30,0.49,28.13,76.95,17.92,2.16,0.52
2024-05-31,0.76,28.11,77.94,17.6,3.01,0.52
2024-06-01,0.64,28.17,79.39,17.75,2.84,0.51
2024-06-02,1.19,28.4,76.92,16.8,2.18,0.51
2024-06-03,9.28,26.99,82.74,15.54,3.75,0.52
2024-06-04,0.1,27.27,76.43,17.01,3.25,0.52
2024-06-05,0.13,27.14,76.95,17.59,4.39,0.52
2024-06-06,2.43,26.81,78.95,14.43,4.09,0.51
2024-06-07,2.3,27.04,78.95,12.39,3.8,0.52
2024-06-08,0.64,26.94,78.37,14.15,4.24,0.51
2024-06-09,0.29,26.94,77.6,15.2,3.92,0.51
2024-06-10,0.2,26.87,76.33,15.81,4.25,0.51
2024-06-11,0.46,26.59,73.66,17.87,3.11,0.5
2024-06-12,0.15,26.9,71.12,18.85,2.98,0.5
2024-06-13,0.29,26.93,73.28,17.72,3.38,0.49
2024-06-14,0.16,26.69,72.84,18.48,2.8,0.49
2024-06-15,0.07,27.0,69.65,18.4,2.49,0.49
2024-06-16,0.05,27.35,71.28,17.77,3.09,0.48
2024-06-17,0.06,27.23,73.37,18.77,3.89,0.48
2024-06-18,0.03,26.78,67.9,18.94,3.1,0.48
2024-06-19,0.01,26.35,68.1,19.7,3.13,0.47
2024-06-20,0.05,26.33,69.46,18.87,3.25,0.47
2024-06-21,0.03,26.58,69.32,18.28,3.49,0.47
2024-06-22,0.17,27.02,71.7,16.42,4.87,0.46
2024-06-23,0.85,26.85,73.6,9.97,4.98,0.46
2024-06-24,0.58,26.56,72.51,12.89,4.33,0.46
2024-06-25,0.0,26.84,67.96,17.13,3.39,0.46
2024-06-26,0.2,27.2,68.21,17.65,3.46,0.45
2024-06-27,0.76,27.67,74.3,17.79,2.63,0.45
2024-06-28,0.21,27.91,72.48,14.4,2.49,0.45
2024-06-29,0.06,28.01,70.12,18.21,3.34,0.45
2024-06-30,0.63,27.26,75.67,15.7,4.33,0.44
2024-07-01,0.56,27.29,74.97,13.82,4.02,0.44
2024-07-02,2.03,27.57,74.11,15.4,3.14,0.44
2024-07-03,6.29,26.38,81.88,11.98,4.07,0.46
2024-07-04,0.08,26.37,75.1,17.31,5.1,0.45
2024-07-05,0.01,26.35,71.08,18.56,4.38,0.45
2024-07-06,0.01,26.81,67.38,17.43,3.38,0.45
2024-07-07,0.0,26.58,68.53,19.76,3.47,0.44
2024-07-08,0.03,26.89,71.75,18.43,3.29,0.44
2024-07-09,0.15,27.46,70.72,17.12,3.42,0.44
2024-07-10,0.06,27.04,69.68,17.28,4.01,0.43
2024-07-11,0.21,26.57,70.89,15.04,4.14,0.43
2024-07-12,0.02,26.24,65.85,20.49,3.64,0.43
2024-07-13,0.02,26.11,60.21,19.72,3.3,0.43
2024-07-14,0.01,26.02,61.62,20.64,4.2,0.42
2024-07-15,0.13,25.9,65.12,19.94,3.17,0.42
2024-07-16,0.0,25.8,65.48,21.43,4.14,0.42
2024-07-17,0.01,26.18,67.9,20.17,3.67,0.42
2024-07-18,0.05,26.38,69.87,18.03,3.5,0.41
2024-07-19,0.05,25.76,72.92,19.15,5.07,0.41
2024-07-20,0.0,25.64,66.62,18.84,3.63,0.41
2024-07-21,0.01,26.32,67.96,17.78,4.1,0.41
2024-07-22,0.07,27.0,70.41,17.03,3.69,0.41
2024-07-23,0.16,26.92,68.47,19.34,3.45,0.4
2024-07-24,0.42,26.97,69.47,15.76,2.64,0.4
2024-07-25,0.2,26.83,70.37,18.18,3.35,0.4
2024-07-26,0.01,27.32,69.54,18.46,3.94,0.4
2024-07-27,0.83,27.32,69.86,16.12,4.81,0.4
2024-07-28,4.28,26.95,76.23,17.4,3.72,0.4
2024-07-29,0.69,26.87,76.09,15.02,3.02,0.4
2024-07-30,0.8,27.54,73.92,14.19,2.62,0.4
2024-07-31,0.94,27.67,71.82,13.58,2.7,0.4
2024-08-01,0.27,27.57,71.97,16.99,3.29,0.4
2024-08-02,0.01,27.51,71.32,20.39,3.09,0.4
2024-08-03,0.19,27.36,69.9,20.12,2.23,0.39
2024-08-04,0.05,27.44,64.05,20.32,3.21,0.39
2024-08-05,0.17,26.71,64.89,20.66,3.21,0.39
2024-08-06,0.04,27.07,67.65,17.16,3.87,0.39
2024-08-07,0.16,27.55,68.06,19.4,4.11,0.39
2024-08-08,0.5,27.38,69.77,17.46,4.0,0.38
2024-08-09,0.07,27.25,67.73,20.18,4.67,0.38
2024-08-10,0.01,26.94,59.93,21.95,4.23,0.38
2024-08-11,0.0,26.06,58.69,21.88,3.68,0.38
2024-08-12,0.08,26.65,62.26,20.97,3.01,0.38
2024-08-13,0.24,27.2,64.39,20.83,4.15,0.38
2024-08-14,0.04,27.16,61.53,22.13,4.12,0.38
2024-08-15,0.02,26.83,59.39,22.34,4.41,0.38
2024-08-16,0.04,27.08,58.41,21.75,3.15,0.37
2024-08-17,0.05,27.5,64.51,21.14,2.68,0.37
2024-08-18,0.01,27.59,62.87,21.32,3.38,0.37
2024-08-19,0.01,27.44,61.99,21.84,4.28,0.37
2024-08-20,0.04,27.7,62.29,21.7,3.28,0.37
2024-08-21,0.05,28.07,61.81,23.22,3.48,0.37
2024-08-22,0.03,28.05,63.78,22.47,2.93,0.37
2024-08-23,0.04,28.37,63.8,22.75,3.7,0.37
2024-08-24,0.11,27.94,65.15,19.77,4.73,0.37
2024-08-25,0.08,28.21,64.89,22.74,4.62,0.37
2024-08-26,0.03,28.86,61.22,24.8,4.11,0.37
2024-08-27,0.02,29.18,58.8,23.93,3.8,0.37
2024-08-28,0.02,28.95,58.38,24.45,3.09,0.37
2024-08-29,0.01,28.71,57.24,24.44,2.84,0.37
2024-08-30,0.63,28.36,61.07,21.27,2.27,0.37
2024-08-31,1.98,28.14,66.17,21.34,3.75,0.37
2024-09-01,0.3,28.32,65.37,21.73,2.83,0.37
2024-09-02,0.05,28.11,62.91,22.94,3.75,0.37
2024-09-03,0.02,28.38,65.77,20.24,3.42,0.37
2024-09-04,0.0,29.01,59.05,23.28,2.57,0.37
2024-09-05,0.01,28.81,61.35,23.23,3.75,0.37
2024-09-06,0.1,28.65,62.87,21.61,4.13,0.37
2024-09-07,0.09,28.76,66.11,21.35,4.19,0.37
2024-09-08,0.11,28.81,64.29,21.78,3.31,0.37
2024-09-09,0.22,29.44,60.77,23.07,2.45,0.37
2024-09-10,0.09,29.34,59.64,22.4,2.58,0.37
2024-09-11,0.02,29.04,56.1,23.93,3.3,0.37
2024-09-12,0.05,28.7,58.27,23.73,4.14,0.37
2024-09-13,0.03,28.94,55.69,22.73,3.44,0.37
2024-09-14,0.0,28.78,54.83,24.25,3.56,0.37
2024-09-15,0.01,28.89,52.69,22.12,3.51,0.37
2024-09-16,0.0,29.04,52.97,22.07,3.33,0.37
2024-09-17,0.02,28.86,54.85,22.62,3.42,0.37
2024-09-18,1.1,29.03,57.35,20.84,1.83,0.37
2024-09-19,0.52,29.05,58.99,20.99,2.73,0.37
2024-09-20,0.05,28.58,66.01,21.06,3.28,0.37
2024-09-21,0.22,28.9,69.34,21.03,3.14,0.37
2024-09-22,0.09,29.26,66.11,21.09,2.65,0.37
2024-09-23,0.95,29.38,66.34,21.65,2.39,0.37
2024-09-24,0.36,29.87,61.11,22.53,1.86,0.37
2024-09-25,0.67,29.12,66.36,20.27,3.2,0.37
2024-09-26,1.13,28.73,69.1,21.78,2.96,0.37
2024-09-27,0.17,29.18,65.9,24.31,2.83,0.37
2024-09-28,0.05,29.81,60.11,24.4,3.3,0.37
2024-09-29,0.18,29.81,62.06,22.97,4.05,0.37
2024-09-30,0.4,30.17,60.23,21.34,3.25,0.37
2024-10-01,2.77,29.8,61.72,21.46,2.84,0.37
2024-10-02,2.86,29.49,62.64,23.72,2.36,0.38
2024-10-03,0.26,29.7,61.89,23.07,3.09,0.38
2024-10-04,0.45,29.66,61.47,23.4,3.21,0.37
2024-10-05,0.5,29.96,58.15,22.84,3.78,0.37
2024-10-06,0.05,29.87,59.34,25.18,3.86,0.37
2024-10-07,0.02,29.89,58.27,24.4,3.28,0.37
2024-10-08,0.01,29.64,59.55,24.63,3.57,0.37
2024-10-09,0.01,30.12,56.98,25.75,2.74,0.37
2024-10-10,0.01,30.11,58.28,24.93,2.98,0.37
2024-10-11,0.34,30.46,59.69,24.38,3.6,0.37
2024-10-12,0.75,30.54,59.06,24.9,2.88,0.37
2024-10-13,0.2,30.81,56.42,24.88,2.84,0.37
2024-10-14,1.06,30.57,59.03,25.23,3.26,0.37
2024-10-15,3.14,30.03,61.46,22.75,3.18,0.38
2024-10-16,4.13,28.98,66.85,21.12,3.6,0.38
2024-10-17,3.14,28.41,66.47,22.9,4.45,0.38
2024-10-18,1.98,28.26,68.29,24.13,4.54,0.38
2024-10-19,0.36,28.88,65.48,22.87,3.73,0.38
2024-10-20,0.7,29.33,63.67,23.16,3.97,0.38
2024-10-21,0.76,28.98,65.62,22.44,4.27,0.38
2024-10-22,0.21,28.98,64.93,25.26,4.85,0.38
2024-10-23,0.21,29.36,62.4,25.28,4.57,0.38
2024-10-24,0.15,29.54,63.57,24.93,3.8,0.38
2024-10-25,0.05,29.51,63.4,25.7,4.13,0.37
2024-10-26,0.15,29.48,65.71,25.34,4.69,0.37
2024-10-27,0.18,30.01,62.72,25.18,3.17,0.37
2024-10-28,0.21,30.38,61.87,25.8,3.8,0.37
2024-10-29,0.31,30.52,62.46,23.26,4.22,0.37
2024-10-30,4.66,29.71,67.99,21.28,3.95,0.37
2024-10-31,18.98,28.25,75.98,20.9,3.46,0.41
2024-11-01,8.18,28.01,73.31,20.06,3.03,0.42
2024-11-02,9.14,27.83,74.77,19.97,1.75,0.43
2024-11-03,1.58,28.58,70.01,24.58,2.0,0.44
2024-11-04,6.47,29.22,66.02,23.67,2.27,0.44
2024-11-05,7.19,28.77,67.8,25.74,2.63,0.45
2024-11-06,0.11,29.62,63.28,24.34,2.77,0.44
2024-11-07,0.54,29.21,67.52,23.63,2.09,0.44
2024-11-08,3.85,28.4,73.42,20.01,2.33,0.44
2024-11-09,4.82,28.77,73.86,22.29,2.3,0.45
2024-11-10,2.4,29.16,70.62,22.55,2.42,0.44
2024-11-11,9.16,28.74,74.49,23.45,2.23,0.46
2024-11-12,1.87,28.32,75.06,24.24,2.51,0.46
2024-11-13,0.29,29.42,67.38,24.21,2.05,0.45
2024-11-14,1.28,29.6,67.33,23.75,2.56,0.45
2024-11-15,1.39,29.39,69.03,23.68,2.76,0.45
2024-11-16,3.55,28.04,76.19,19.79,1.45,0.45
2024-11-17,0.65,28.12,76.98,19.04,2.58,0.45
2024-11-18,2.67,28.02,78.91,22.95,3.02,0.45
2024-11-19,13.98,28.02,81.14,21.9,1.62,0.47
2024-11-20,1.01,28.91,71.88,22.24,1.9,0.48
2024-11-21,1.1,29.32,68.03,21.95,1.66,0.47
2024-11-22,3.69,29.18,73.31,20.88,1.77,0.47
2024-11-23,1.93,29.6,72.2,19.78,2.25,0.47
2024-11-24,0.43,28.97,73.91,20.86,1.93,0.47
2024-11-25,1.9,29.99,65.01,22.46,1.08,0.47
2024-11-26,33.15,28.29,75.86,20.82,1.41,0.5
2024-11-27,0.27,29.6,67.84,20.11,0.84,0.53
2024-11-28,3.96,29.17,74.71,20.67,1.35,0.52
2024-11-29,6.66,28.91,78.02,20.17,1.25,0.52
2024-11-30,4.12,28.49,74.27,17.82,1.86,0.53
2024-12-01,5.61,27.74,81.54,5.75,2.57,0.53
2024-12-02,2.62,28.21,74.76,16.46,1.99,0.54
2024-12-03,6.23,27.67,83.02,20.53,1.49,0.54
2024-12-04,2.88,27.63,80.91,13.75,2.04,0.54
2024-12-05,5.06,28.05,74.53,16.61,1.51,0.54
2024-12-06,4.17,27.18,77.38,10.69,2.61,0.54
2024-12-07,5.06,27.17,79.94,10.59,2.75,0.55
2024-12-08,8.67,28.31,76.24,18.26,2.87,0.55
2024-12-09,10.85,28.11,78.64,14.04,4.07,0.57
2024-12-10,6.3,26.79,81.3,13.47,2.86,0.57
2024-12-11,9.86,27.3,78.57,19.36,1.76,0.58
2024-12-12,12.82,27.66,73.54,19.02,1.63,0.59
2024-12-13,2.0,27.94,76.95,17.62,1.61,0.6
2024-12-14,2.76,27.46,81.6,22.57,1.73,0.59
2024-12-15,5.94,26.54,86.77,15.32,3.21,0.59
2024-12-16,28.41,26.71,83.62,14.9,2.71,0.63
2024-12-17,3.13,27.74,78.08,19.28,1.86,0.63
2024-12-18,1.42,28.34,77.37,18.15,3.11,0.63
2024-12-19,33.45,27.71,81.51,19.83,2.64,0.63
2024-12-20,11.76,27.28,81.9,20.48,3.37,0.67
2024-12-21,34.08,27.11,82.76,20.4,2.69,0.71
2024-12-22,6.44,25.98,88.57,18.43,1.91,0.73
2024-12-23,7.51,26.82,82.51,20.62,2.4,0.73
2024-12-24,21.43,27.52,81.23,18.91,1.68,0.74
2024-12-25,16.68,27.23,83.83,13.88,3.31,0.77
2024-12-26,9.19,27.28,81.55,18.51,2.14,0.77
2024-12-27,16.24,27.03,85.32,17.79,2.48,0.78
2024-12-28,7.13,26.41,87.32,19.34,2.82,0.8
2024-12-29,9.29,26.81,83.88,20.24,2.75,0.8
2024-12-30,31.11,26.85,83.02,20.71,1.63,0.83
2024-12-31,2.61,26.59,87.39,20.55,2.83,0.83
2025-01-01,7.21,26.19,87.28,11.95,2.02,0.83
2025-01-02,3.46,25.98,87.9,12.01,1.92,0.83
2025-01-03,5.14,25.74,85.69,14.73,3.35,0.83
2025-01-04,0.88,26.54,79.87,16.16,1.9,0.83
2025-01-05,5.53,25.65,88.27,15.11,3.26,0.83
2025-01-06,2.0,26.52,84.88,20.46,2.79,0.83
2025-01-07,15.63,27.06,83.25,23.84,2.12,0.83
2025-01-08,6.42,27.14,82.47,23.45,2.12,0.84
2025-01-09,3.31,27.08,84.39,21.41,1.9,0.83
2025-01-10,13.22,26.46,87.62,18.05,2.6,0.84
2025-01-11,4.39,26.24,91.33,18.11,5.14,0.84
2025-01-12,13.81,26.8,84.82,22.69,3.54,0.85
2025-01-13,20.1,26.67,86.3,20.88,1.72,0.88
2025-01-14,4.09,26.59,87.89,19.67,2.42,0.87
2025-01-15,3.27,26.31,86.67,19.44,2.73,0.87
2025-01-16,2.02,26.25,87.4,16.09,3.42,0.87
2025-01-17,4.45,26.66,86.7,13.36,3.63,0.87
2025-01-18,10.39,26.69,87.29,12.17,4.84,0.87
2025-01-19,22.63,26.34,89.66,16.24,3.46,0.89
2025-01-20,34.35,26.04,89.69,11.98,3.05,0.91
2025-01-21,26.77,25.21,79.31,14.96,2.41,0.94
2025-01-22,11.03,26.57,80.85,17.39,2.26,0.95
2025-01-23,3.54,26.14,83.8,22.41,1.68,0.94
2025-01-24,19.31,26.93,82.1,20.62,1.7,0.95
2025-01-25,4.61,27.08,84.36,20.26,1.16,0.95
2025-01-26,9.28,26.92,85.66,20.81,1.15,0.95
2025-01-27,6.77,26.23,87.45,15.95,2.94,0.95
2025-01-28,2.32,26.34,82.71,14.93,1.77,0.95
2025-01-29,6.14,26.4,84.51,19.42,2.22,0.94
2025-01-30,29.28,25.71,89.5,12.42,4.55,0.95
2025-01-31,4.97,26.21,84.54,13.33,3.01,0.96
2025-02-01,2.02,26.79,85.25,17.64,3.49,0.95
2025-02-02,4.63,26.56,88.1,17.36,4.66,0.95
2025-02-03,5.3,26.22,87.74,13.98,3.71,0.94
2025-02-04,8.05,26.61,84.4,17.33,3.6,0.94
2025-02-05,1.52,26.49,83.84,20.66,2.66,0.94
2025-02-06,8.18,26.67,82.96,12.17,1.97,0.93
2025-02-07,13.22,27.0,83.05,20.82,3.25,0.94
2025-02-08,10.84,26.65,86.34,13.18,5.06,0.94
2025-02-09,6.91,26.49,83.93,18.5,4.37,0.94
2025-02-10,6.67,26.35,84.94,12.22,5.3,0.94
2025-02-11,3.25,26.02,85.98,14.96,5.04,0.93
2025-02-12,2.76,26.52,86.99,17.33,3.43,0.92
2025-02-13,5.78,26.54,87.38,19.0,3.91,0.92
2025-02-14,2.34,26.78,85.82,16.76,3.94,0.91
2025-02-15,12.8,26.83,84.75,21.52,2.34,0.91
2025-02-16,2.81,26.99,80.72,22.62,1.36,0.91
2025-02-17,1.19,26.94,81.3,19.82,1.04,0.91
2025-02-18,1.74,26.62,79.71,20.59,1.34,0.9
2025-02-19,4.92,26.54,82.61,21.25,1.89,0.9
2025-02-20,4.56,25.85,84.82,18.03,1.99,0.9
2025-02-21,2.41,26.41,85.9,19.67,1.46,0.9
2025-02-22,7.02,26.18,86.13,13.93,1.96,0.9
2025-02-23,11.29,26.37,82.91,19.51,2.4,0.9
2025-02-24,9.14,26.35,83.64,17.58,1.83,0.9
2025-02-25,5.02,26.32,83.67,19.94,1.67,0.9
2025-02-26,18.62,26.47,85.84,20.89,2.7,0.91
2025-02-27,9.5,26.58,84.45,23.2,2.14,0.92
2025-02-28,2.39,27.57,80.44,25.56,1.45,0.91
2025-03-01,1.45,27.85,80.03,24.36,1.55,0.91
2025-03-02,1.9,27.67,79.3,24.34,2.26,0.9
2025-03-03,3.32,28.07,76.35,24.22,1.3,0.89
2025-03-04,3.5,27.88,78.25,23.31,1.69,0.88
2025-03-05,3.05,27.7,82.15,24.46,1.7,0.88
2025-03-06,0.94,28.25,77.14,24.17,1.22,0.88
2025-03-07,0.85,27.4,82.42,22.7,1.57,0.87
2025-03-08,10.94,26.46,85.69,9.99,2.4,0.87
2025-03-09,1.99,26.62,83.57,20.74,2.45,0.87
2025-03-10,1.03,27.39,78.2,22.12,0.84,0.86
2025-03-11,1.05,27.03,83.38,20.04,1.53,0.86
2025-03-12,1.39,26.76,85.41,23.5,1.9,0.86
2025-03-13,1.76,27.29,83.44,16.81,1.9,0.85
2025-03-14,2.32,26.97,82.74,17.6,1.58,0.85
2025-03-15,2.17,26.74,83.54,10.95,1.98,0.85
2025-03-16,1.8,26.64,85.36,18.59,2.26,0.84
2025-03-17,5.85,26.98,83.65,16.82,2.05,0.85
2025-03-18,39.37,27.07,83.84,17.54,2.22,0.87
2025-03-19,12.92,26.54,85.28,16.4,3.03,0.89
2025-03-20,12.19,26.4,90.11,12.82,3.99,0.89
2025-03-21,5.31,26.72,85.41,17.29,4.62,0.9
2025-03-22,1.81,26.6,82.14,17.87,4.59,0.89
2025-03-23,17.75,26.38,85.57,11.12,5.76,0.9
2025-03-24,4.96,26.83,84.48,7.88,3.92,0.9
2025-03-25,15.94,26.76,87.63,21.22,3.35,0.9
2025-03-26,4.78,26.87,85.39,15.03,2.25,0.91
2025-03-27,2.29,27.26,82.91,14.67,2.68,0.91
2025-03-28,4.32,27.27,81.11,19.14,2.86,0.9
2025-03-29,6.39,26.46,83.74,13.26,3.24,0.9
2025-03-30,2.58,26.1,86.7,11.66,3.06,0.89
2025-03-31,6.96,26.56,85.74,18.02,2.17,0.89
2025-04-01,4.99,26.94,81.34,21.49,1.86,0.9
2025-04-02,3.04,26.81,79.53,19.7,1.56,0.89
2025-04-03,1.15,26.73,78.11,20.35,2.38,0.88
2025-04-04,0.18,26.68,73.33,23.1,2.4,0.88
2025-04-05,0.05,27.39,66.03,22.88,0.74,0.86
2025-04-06,29.24,27.24,72.81,20.65,1.41,0.87
2025-04-07,20.98,27.19,78.88,21.42,2.07,0.9
2025-04-08,0.76,27.27,84.23,20.18,2.29,0.89
2025-04-09,2.41,26.55,83.62,18.58,1.84,0.88
2025-04-10,12.57,26.73,83.52,18.69,1.52,0.89
2025-04-11,2.35,27.29,81.85,22.61,2.12,0.89
2025-04-12,0.39,27.61,78.16,20.76,1.54,0.88
2025-04-13,0.51,27.85,77.19,21.95,2.05,0.87
2025-04-14,5.7,28.26,74.2,19.6,1.38,0.86
2025-04-15,1.56,27.77,80.25,21.49,1.66,0.86
2025-04-16,2.95,27.21,82.62,19.08,1.86,0.86
2025-04-17,3.19,27.2,84.65,18.19,3.16,0.85
2025-04-18,8.13,26.61,86.77,14.94,4.2,0.86
2025-04-19,4.64,26.56,83.59,14.89,1.93,0.86
2025-04-20,1.37,26.84,83.87,18.7,2.34,0.86
2025-04-21,0.17,27.17,80.13,20.45,2.98,0.85
2025-04-22,0.13,27.07,79.4,21.13,3.26,0.84
2025-04-23,0.84,27.31,79.99,19.33,2.23,0.83
2025-04-24,12.74,26.99,83.97,17.39,2.04,0.84
2025-04-25,0.98,27.23,75.89,21.84,2.19,0.84
2025-04-26,0.94,27.18,74.97,20.01,1.9,0.83
2025-04-27,1.25,26.83,76.27,20.66,2.49,0.82
2025-04-28,0.01,26.7,73.51,20.28,2.97,0.81
2025-04-29,0.01,26.67,73.82,20.05,3.28,0.8
2025-04-30,0.46,26.98,72.95,20.15,1.85,0.79
2025-05-01,0.77,27.34,75.3,19.44,2.12,0.79
2025-05-02,0.13,27.52,80.7,20.91,2.68,0.78
2025-05-03,0.54,26.77,85.64,17.31,2.79,0.77
2025-05-04,0.43,27.06,84.0,18.76,3.0,0.77
2025-05-05,0.72,26.85,86.97,16.57,3.4,0.77
2025-05-06,4.53,26.94,85.32,17.71,3.27,0.76
2025-05-07,3.5,25.89,87.1,7.36,3.86,0.77
2025-05-08,0.91,26.85,82.08,19.31,3.06,0.77
2025-05-09,5.24,27.03,81.18,15.23,2.2,0.76
2025-05-10,7.31,26.58,83.41,17.94,1.89,0.77
2025-05-11,4.37,26.78,82.92,17.6,2.58,0.77
2025-05-12,4.6,27.07,80.94,15.99,2.84,0.77
2025-05-13,2.19,26.95,82.54,17.52,2.65,0.76
2025-05-14,5.55,27.21,83.84,18.24,2.49,0.76
2025-05-15,2.37,27.0,84.08,18.8,2.8,0.76
2025-05-16,0.26,26.76,84.35,18.35,3.51,0.76
2025-05-17,0.39,26.79,81.31,17.74,3.78,0.75
2025-05-18,0.18,26.6,79.52,18.88,4.3,0.74
2025-05-19,0.58,26.35,82.02,17.32,3.62,0.73
2025-05-20,0.54,26.38,81.17,18.41,4.47,0.73
2025-05-21,0.23,26.49,79.54,16.79,4.46,0.72
2025-05-22,0.12,26.84,82.2,16.2,3.18,0.71
2025-05-23,1.1,27.14,82.14,16.31,1.76,0.71
2025-05-24,0.36,26.92,83.74,13.8,1.65,0.71
2025-05-25,1.13,27.1,85.76,17.03,2.62,0.7
2025-05-26,0.96,27.12,84.63,16.86,2.16,0.7
2025-05-27,1.59,27.06,81.45,15.42,2.36,0.7
2025-05-28,1.35,27.32,81.45,16.53,1.74,0.69
2025-05-29,2.2,26.9,86.33,18.55,2.42,0.69
2025-05-30,0.7,27.23,85.47,16.65,3.44,0.69
2025-05-31,1.41,26.83,86.51,17.44,3.03,0.69
2025-06-01,0.32,26.58,83.43,18.27,3.0,0.68
2025-06-02,3.24,26.09,84.39,11.71,2.4,0.68
2025-06-03,1.31,25.93,83.56,17.87,2.17,0.68
2025-06-04,0.92,26.82,78.8,18.64,1.63,0.68
2025-06-05,0.44,26.58,78.93,18.8,3.64,0.67
2025-06-06,0.29,26.44,81.49,16.2,3.61,0.66
2025-06-07,1.08,26.54,80.63,11.09,4.6,0.66
2025-06-08,0.06,26.41,78.0,15.41,4.74,0.65
2025-06-09,0.04,26.37,77.74,16.31,3.51,0.65
2025-06-10,0.02,26.31,77.42,19.54,4.71,0.64
2025-06-11,0.01,26.37,76.3,18.99,4.99,0.63
2025-06-12,1.59,26.56,79.24,14.57,4.45,0.63
2025-06-13,19.29,26.58,85.2,11.87,3.45,0.63
2025-06-14,8.3,25.67,88.25,17.06,3.82,0.66
2025-06-15,6.52,26.47,83.03,16.26,3.38,0.67
2025-06-16,0.14,26.41,78.24,19.0,3.79,0.67
2025-06-17,0.05,25.85,76.7,20.57,4.09,0.66
2025-06-18,0.01,25.88,75.95,19.0,2.85,0.65
2025-06-19,0.03,26.35,77.51,14.59,2.38,0.64
2025-06-20,4.19,26.23,81.62,10.45,3.35,0.64
2025-06-21,1.72,26.07,79.82,16.64,3.92,0.64
2025-06-22,0.0,25.52,75.38,17.62,4.62,0.63
2025-06-23,0.16,25.48,80.2,17.76,4.84,0.63
2025-06-24,0.25,25.66,76.58,10.98,4.97,0.62
2025-06-25,0.76,25.63,81.75,10.61,4.13,0.62
2025-06-26,0.52,26.32,80.5,14.19,4.81,0.61
2025-06-27,0.27,26.11,79.57,15.92,5.48,0.61
2025-06-28,0.16,25.93,78.91,16.3,5.83,0.6
2025-06-29,0.08,25.5,75.94,16.11,5.58,0.59
2025-06-30,3.24,25.63,78.23,16.48,3.75,0.59
2025-07-01,0.46,25.87,80.65,15.8,4.73,0.59
2025-07-02,0.48,26.05,80.01,16.51,4.08,0.58
2025-07-03,0.32,26.11,79.42,15.35,3.66,0.58
2025-07-04,0.78,25.88,80.29,8.96,4.94,0.57
2025-07-05,1.92,26.18,80.08,13.75,3.51,0.57
2025-07-06,1.5,26.6,80.65,14.96,3.87,0.57
2025-07-07,0.0,25.98,76.11,19.08,3.96,0.56
2025-07-08,0.01,25.88,73.63,18.52,3.86,0.56
2025-07-09,0.12,25.77,74.18,17.39,4.79,0.55
2025-07-10,0.04,25.25,71.67,17.5,4.13,0.54
2025-07-11,0.06,25.91,73.31,16.0,3.65,0.54
2025-07-12,0.3,26.68,75.72,16.26,3.37,0.54
2025-07-13,0.07,26.52,73.88,17.41,3.92,0.53
2025-07-14,0.34,26.68,77.04,16.3,4.66,0.53
2025-07-15,0.15,26.88,73.49,18.88,4.69,0.52
2025-07-16,0.2,26.27,70.27,16.53,4.52,0.52
2025-07-17,0.0,25.43,69.52,20.54,3.72,0.51
2025-07-18,0.11,25.23,69.14,20.43,3.95,0.51
2025-07-19,0.05,25.01,67.03,20.66,3.43,0.51
2025-07-20,0.09,25.74,69.97,20.83,3.11,0.5
2025-07-21,0.04,26.25,72.55,18.3,2.64,0.5
2025-07-22,0.05,26.58,72.42,19.04,3.32,0.49
2025-07-23,0.03,27.21,71.41,18.21,2.82,0.49
2025-07-24,0.09,27.37,73.24,16.93,2.37,0.49
2025-07-25,0.19,27.57,71.89,18.51,3.66,0.48
2025-07-26,0.09,27.63,72.67,19.46,4.1,0.48
2025-07-27,0.22,26.97,75.13,18.14,3.91,0.48
2025-07-28,0.38,26.77,74.77,17.43,5.28,0.47
2025-07-29,0.24,26.48,72.55,18.29,5.75,0.47
2025-07-30,0.06,26.07,72.92,18.64,5.54,0.47
2025-07-31,0.02,26.35,71.34,16.0,4.98,0.47
2025-08-01,0.03,27.03,71.04,20.31,4.78,0.46
2025-08-02,0.06,27.04,75.62,17.73,2.88,0.46
2025-08-03,0.61,27.34,73.4,18.27,3.27,0.46
2025-08-04,0.15,27.23,68.77,20.33,3.65,0.46
2025-08-05,0.02,26.65,66.99,19.75,3.54,0.45
2025-08-06,0.01,26.63,64.18,21.29,3.25,0.45
2025-08-07,0.01,26.91,68.05,20.67,2.51,0.45
2025-08-08,0.2,26.86,71.52,19.13,2.57,0.44
2025-08-09,0.29,27.16,71.16,18.53,2.81,0.44
2025-08-10,0.18,27.35,68.24,19.43,2.6,0.44
2025-08-11,0.11,27.38,65.1,20.03,3.68,0.44
2025-08-12,0.0,26.91,63.51,21.36,5.28,0.43
2025-08-13,0.0,26.4,61.05,21.42,5.44,0.43
2025-08-14,0.0,26.2,62.02,21.78,4.86,0.43
2025-08-15,0.01,26.5,64.63,21.25,5.32,0.42
2025-08-16,0.0,26.64,65.11,20.16,4.92,0.42
2025-08-17,0.02,26.68,67.6,16.55,3.53,0.42
2025-08-18,0.24,27.4,68.16,19.45,3.09,0.42
2025-08-19,0.66,27.56,67.26,19.44,3.32,0.42
2025-08-20,0.26,27.33,68.66,20.93,3.13,0.41
2025-08-21,0.19,27.43,64.36,20.48,3.61,0.41
2025-08-22,0.04,26.85,65.92,20.79,3.16,0.41
2025-08-23,0.02,26.91,67.01,21.42,2.83,0.41
2025-08-24,0.01,27.58,62.01,21.04,2.2,0.41
2025-08-25,0.79,27.86,63.75,19.96,3.53,0.4
2025-08-26,0.86,27.63,64.85,19.93,5.24,0.4
2025-08-27,0.13,26.47,68.76,21.1,5.07,0.4
2025-08-28,0.17,26.31,69.98,20.42,4.94,0.4
2025-08-29,0.08,26.56,68.41,19.78,4.92,0.4
2025-08-30,0.0,27.63,59.81,22.89,3.96,0.4
2025-08-31,0.0,27.98,60.57,23.39,3.12,0.39
2025-09-01,0.24,27.5,71.26,21.86,4.25,0.39
2025-09-02,0.19,27.83,65.78,20.85,4.15,0.39
2025-09-03,0.07,27.84,60.89,23.1,3.76,0.39
2025-09-04,0.0,27.96,58.04,22.73,3.92,0.39
2025-09-05,0.0,27.88,59.09,22.71,3.13,0.38
2025-09-06,0.04,27.75,63.43,21.72,3.81,0.38
2025-09-07,0.13,27.18,64.91,18.57,5.19,0.38
2025-09-08,0.6,27.81,70.8,16.03,5.34,0.38
2025-09-09,3.65,27.16,78.89,14.06,4.64,0.38
2025-09-10,4.56,27.66,75.15,20.34,2.87,0.4
2025-09-11,0.04,28.37,65.78,22.36,3.78,0.39
2025-09-12,0.16,28.79,64.9,20.97,4.39,0.39
2025-09-13,0.22,28.47,66.11,22.68,4.2,0.39
2025-09-14,0.12,28.46,64.14,21.74,3.54,0.38
2025-09-15,0.15,27.98,66.13,10.81,3.83,0.38
2025-09-16,0.67,27.66,66.92,16.41,4.22,0.38
2025-09-17,0.17,27.41,67.77,18.38,3.66,0.38
2025-09-18,0.35,27.51,67.01,19.24,3.26,0.38
2025-09-19,0.48,28.31,65.35,22.67,3.99,0.38
2025-09-20,0.24,28.17,64.9,18.33,3.29,0.38
2025-09-21,0.0,28.92,60.97,24.46,3.21,0.38
2025-09-22,0.0,28.87,62.86,23.46,4.16,0.37
2025-09-23,0.12,28.87,63.73,24.28,3.28,0.37
2025-09-24,5.68,28.21,65.51,20.44,4.15,0.37
2025-09-25,0.99,27.87,70.15,23.13,2.94,0.38
2025-09-26,0.1,29.07,63.17,23.21,3.85,0.38
2025-09-27,0.49,28.3,70.01,22.02,3.37,0.38
2025-09-28,0.69,29.22,64.07,22.99,3.34,0.38
2025-09-29,0.7,28.71,66.38,19.47,3.1,0.38
2025-09-30,0.46,28.92,63.36,22.8,3.05,0.38
2025-10-01,0.04,29.2,58.36,24.16,3.42,0.38
2025-10-02,0.01,29.66,53.38,26.62,2.85,0.37
2025-10-03,0.39,29.29,59.28,25.39,2.42,0.37
2025-10-04,0.35,29.05,64.86,24.5,2.98,0.37
2025-10-05,0.22,29.75,59.88,24.6,2.16,0.37
2025-10-06,0.19,29.55,59.07,25.3,3.89,0.37
2025-10-07,0.14,28.66,59.1,24.22,3.56,0.37
2025-10-08,0.06,28.94,60.78,24.59,3.94,0.37
2025-10-09,0.45,28.45,63.4,21.0,3.53,0.37
2025-10-10,4.06,28.23,66.36,22.67,3.54,0.37
2025-10-11,3.7,28.19,71.75,22.02,3.22,0.38
2025-10-12,0.94,29.28,67.04,23.94,3.21,0.38
2025-10-13,0.39,29.52,65.93,24.92,2.66,0.38
2025-10-14,0.61,29.78,62.14,21.93,3.41,0.38
2025-10-15,0.19,29.78,63.72,25.19,4.04,0.38
2025-10-16,0.4,29.84,63.36,24.55,3.91,0.38
2025-10-17,0.41,29.3,67.39,23.27,2.87,0.37
2025-10-18,0.89,29.18,66.2,22.32,3.28,0.37
2025-10-19,1.8,29.02,70.49,22.09,3.02,0.38
2025-10-20,0.63,29.18,69.59,21.8,3.24,0.38
2025-10-21,4.15,29.27,67.41,21.11,2.03,0.38
2025-10-22,12.18,28.85,71.03,22.27,1.05,0.4
2025-10-23,3.13,28.95,68.98,21.81,2.25,0.4
2025-10-24,0.65,28.96,68.61,22.57,2.2,0.4
2025-10-25,0.34,29.86,60.72,22.96,1.71,0.4
2025-10-26,1.5,29.22,63.67,19.41,2.42,0.39
2025-10-27,1.45,28.7,68.26,12.44,1.19,0.39
2025-10-28,0.62,29.53,63.66,20.96,1.93,0.39
2025-10-29,12.5,28.99,67.82,20.08,1.93,0.39
2025-10-30,11.86,28.2,74.35,21.37,1.47,0.42
2025-10-31,15.6,27.99,76.18,23.26,2.3,0.45
2025-11-01,2.55,27.74,76.61,23.66,1.97,0.46
2025-11-02,2.3,29.13,68.95,22.72,1.78,0.45
2025-11-03,2.12,29.41,65.95,21.95,1.46,0.45
2025-11-04,4.35,28.5,72.49,22.7,1.88,0.45
2025-11-05,0.87,29.12,67.49,22.6,2.15,0.45
2025-11-06,1.52,28.35,71.47,19.36,2.9,0.45
2025-11-07,1.5,28.12,71.04,21.25,1.31,0.45
2025-11-08,38.11,27.79,76.29,20.71,0.99,0.48
2025-11-09,53.07,27.67,76.15,19.09,1.03,0.57
2025-11-10,6.78,27.37,77.18,17.74,1.12,0.57
2025-11-11,6.56,27.19,76.32,19.43,0.79,0.58
2025-11-12,4.21,27.17,78.04,17.86,1.89,0.58
2025-11-13,11.48,26.72,83.34,14.31,3.22,0.59
2025-11-14,8.74,26.53,82.76,16.37,3.16,0.6
2025-11-15,0.56,27.22,76.72,22.09,3.62,0.6
2025-11-16,0.09,28.31,70.73,24.23,2.29,0.59
2025-11-17,0.68,27.94,76.32,22.33,1.89,0.58
2025-11-18,0.7,27.46,79.55,19.04,2.39,0.58
2025-11-19,0.42,27.95,75.96,19.07,2.65,0.57
2025-11-20,0.58,28.12,74.72,17.56,2.41,0.57
2025-11-21,11.23,27.09,80.85,20.51,1.87,0.57
2025-11-22,0.26,27.72,76.88,20.6,1.18,0.58
2025-11-23,0.52,27.58,79.71,20.93,1.91,0.57
2025-11-24,1.95,26.6,84.94,15.76,1.43,0.57
2025-11-25,0.79,28.06,76.64,23.24,1.93,0.57
2025-11-26,1.36,28.38,73.92,21.46,1.41,0.57
2025-11-27,9.89,27.74,77.93,21.05,1.1,0.57
2025-11-28,5.89,27.33,81.86,18.07,2.26,0.58
2025-11-29,6.71,27.03,84.11,19.62,3.64,0.59
2025-11-30,2.18,26.75,82.56,20.73,2.75,0.59
2025-12-01,2.1,27.01,83.23,21.66,3.33,0.59
2025-12-02,4.41,27.21,82.06,19.61,2.16,0.59
2025-12-03,11.2,27.54,79.88,18.84,1.78,0.6
2025-12-04,5.53,27.99,72.99,20.97,0.96,0.61
2025-12-05,2.09,27.39,77.26,23.35,1.74,0.61
2025-12-06,0.93,27.56,77.09,23.5,1.76,0.6
2025-12-07,6.75,28.08,74.29,20.95,1.2,0.6
2025-12-08,10.24,27.48,79.98,21.45,1.54,0.62
2025-12-09,3.71,27.61,75.7,20.42,1.57,0.62
2025-12-10,4.32,27.05,76.73,17.22,1.33,0.62
2025-12-11,1.77,27.96,73.64,19.98,1.4,0.62
2025-12-12,4.96,27.11,84.6,22.53,2.02,0.62
2025-12-13,1.38,26.68,84.4,16.63,3.51,0.62
2025-12-14,4.96,26.26,85.35,10.63,2.84,0.62
2025-12-15,1.79,26.39,84.84,16.28,3.32,0.62
2025-12-16,7.67,26.33,84.98,13.67,3.93,0.63
2025-12-17,3.63,27.13,79.99,23.26,2.45,0.63
2025-12-18,0.32,27.48,79.71,22.64,2.52,0.63
2025-12-19,5.79,26.61,83.09,16.77,1.6,0.62
2025-12-20,12.12,26.79,80.99,9.78,1.56,0.64
2025-12-21,10.63,27.1,80.97,22.16,1.91,0.65
2025-12-22,5.09,27.55,79.88,20.56,2.51,0.66
2025-12-23,4.43,27.7,79.35,21.17,2.58,0.66
2025-12-24,4.22,27.65,79.72,21.27,3.04,0.66
2025-12-25,1.46,27.68,80.86,24.06,2.78,0.66
2025-12-26,2.33,27.55,83.75,17.86,3.63,0.65
2025-12-27,6.27,27.06,86.06,14.93,3.47,0.65
2025-12-28,1.69,26.99,85.32,13.42,3.07,0.66
2025-12-29,11.01,27.12,85.13,15.16,2.75,0.66
2025-12-30,3.3,26.59,84.66,19.02,1.66,0.67
2025-12-31,14.66,26.94,83.6,21.91,1.41,0.69
