DATE,PRECTOTCORR,T2M,RH2M,ALLSKY_SFC_SW_DWN,WS2M,GWETROOT
1996-01-01,3.09,27.79,79.09,23.81,2.32,0.67
1996-01-02,12.79,27.54,83.24,14.69,2.54,0.68
1996-01-03,9.92,27.26,83.64,15.98,2.93,0.7
1996-01-04,11.95,27.02,85.02,14.77,3.09,0.71
1996-01-05,5.42,27.0,83.39,8.1,2.62,0.72
1996-01-06,0.6,27.62,80.69,22.25,2.64,0.72
1996-01-07,0.3,27.58,81.6,25.18,2.79,0.71
1996-01-08,0.21,27.54,80.62,23.69,2.95,0.7
1996-01-09,0.17,27.69,81.78,24.45,2.75,0.7
1996-01-10,0.19,27.72,81.35,23.82,2.62,0.69
1996-01-11,0.5,27.24,82.87,25.29,2.77,0.68
1996-01-12,2.45,27.0,84.04,22.83,2.64,0.68
1996-01-13,3.09,26.86,83.97,18.72,2.92,0.68
1996-01-14,3.14,27.01,83.05,23.39,2.79,0.68
1996-01-15,2.25,27.61,80.14,22.54,1.43,0.68
1996-01-16,3.73,27.92,77.73,23.23,1.39,0.68
1996-01-17,4.13,27.5,81.78,18.98,2.0,0.68
1996-01-18,2.07,27.73,82.17,24.62,2.48,0.68
1996-01-19,2.4,27.75,83.02,14.22,3.0,0.68
1996-01-20,5.91,27.36,84.32,21.46,3.1,0.68
1996-01-21,5.15,27.27,83.95,22.32,2.52,0.69
1996-01-22,3.37,27.26,84.25,18.82,2.38,0.69
1996-01-23,3.51,26.64,86.99,18.48,2.74,0.69
1996-01-24,24.32,26.9,83.23,20.45,3.0,0.71
1996-01-25,21.34,26.81,83.79,22.11,2.95,0.75
1996-01-26,7.34,26.63,85.36,22.66,2.37,0.76
1996-01-27,26.19,27.11,86.55,15.73,4.57,0.77
1996-01-28,18.32,27.04,87.14,12.75,5.26,0.81
1996-01-29,7.2,26.62,88.52,10.5,3.55,0.82
1996-01-30,3.23,26.86,86.9,20.28,4.87,0.82
1996-01-31,4.22,26.74,85.7,20.01,2.8,0.81
1996-02-01,13.73,27.21,84.34,18.94,3.36,0.82
1996-02-02,6.69,27.2,84.59,18.98,3.92,0.83
1996-02-03,6.8,27.43,82.99,19.95,4.29,0.83
1996-02-04,6.99,27.17,84.35,19.28,3.24,0.84
1996-02-05,7.31,27.31,85.0,24.32,2.97,0.84
1996-02-06,14.17,27.06,87.92,15.88,4.31,0.85
1996-02-07,3.89,26.86,87.08,11.7,3.89,0.86
1996-02-08,1.5,27.56,83.73,25.72,2.38,0.85
1996-02-09,6.7,27.26,85.45,22.14,2.9,0.85
1996-02-10,19.36,26.57,89.06,10.13,1.4,0.87
1996-02-11,26.1,26.69,88.17,14.06,3.8,0.89
1996-02-12,5.14,26.73,88.36,16.02,4.17,0.9
1996-02-13,0.93,26.75,85.7,22.91,3.58,0.9
1996-02-14,2.57,26.79,86.09,21.55,2.71,0.89
1996-02-15,1.79,26.78,85.56,23.01,2.71,0.89
1996-02-16,17.59,26.55,86.38,20.69,2.38,0.89
1996-02-17,12.31,26.44,82.95,12.23,2.44,0.91
1996-02-18,1.16,27.21,80.47,24.54,1.36,0.9
1996-02-19,1.53,27.5,81.02,23.01,1.28,0.9
1996-02-20,2.26,27.62,79.1,24.31,0.55,0.89
1996-02-21,1.33,27.17,82.44,21.2,1.75,0.88
1996-02-22,3.31,27.3,84.01,24.76,2.76,0.88
1996-02-23,4.22,27.28,80.82,10.9,2.49,0.87
1996-02-24,2.46,27.15,81.37,24.79,2.82,0.87
1996-02-25,10.0,27.13,85.2,20.4,3.31,0.87
1996-02-26,17.78,27.06,84.69,21.18,3.79,0.88
1996-02-27,11.43,27.17,86.93,15.78,3.87,0.9
1996-02-28,14.8,26.84,86.99,11.23,4.69,0.9
1996-02-29,36.62,26.86,83.99,14.13,4.52,0.92
1996-03-01,13.1,26.71,85.67,14.31,4.61,0.94
1996-03-02,20.08,26.3,88.95,16.41,3.81,0.95
1996-03-03,17.17,26.52,87.93,18.78,2.42,0.97
1996-03-04,28.2,26.8,84.78,20.86,2.6,0.97
1996-03-05,12.97,26.85,85.74,22.08,2.74,0.98
1996-03-06,20.21,26.78,84.25,17.94,3.11,0.98
1996-03-07,15.95,26.91,85.23,21.53,4.35,0.99
1996-03-08,5.12,27.05,85.25,22.14,4.62,0.98
1996-03-09,5.23,27.09,85.24,21.14,5.28,0.98
1996-03-10,6.44,27.17,86.78,18.74,5.57,0.97
1996-03-11,3.23,27.1,84.85,18.55,4.32,0.97
1996-03-12,0.64,27.24,82.7,22.18,2.31,0.96
1996-03-13,0.05,27.86,76.16,24.98,0.81,0.95
1996-03-14,0.15,28.04,75.61,24.26,0.51,0.95
1996-03-15,0.26,27.63,78.4,24.97,0.98,0.94
1996-03-16,0.12,27.68,78.99,25.75,1.17,0.93
1996-03-17,0.28,28.07,79.56,24.69,1.28,0.93
1996-03-18,0.9,27.63,80.61,24.76,0.85,0.92
1996-03-19,1.73,27.53,82.13,16.94,1.21,0.91
1996-03-20,0.72,27.68,80.85,22.66,1.43,0.91
1996-03-21,0.75,27.7,80.75,23.94,1.41,0.9
1996-03-22,1.41,27.14,81.12,23.33,1.14,0.9
1996-03-23,1.3,26.95,83.5,20.34,1.82,0.9
1996-03-24,0.36,27.67,75.19,24.91,2.42,0.89
1996-03-25,0.42,28.06,73.17,24.27,1.84,0.88
1996-03-26,0.27,27.96,75.06,24.98,1.42,0.88
1996-03-27,0.05,28.12,73.91,24.8,1.74,0.87
1996-03-28,0.03,27.69,77.04,24.67,1.75,0.86
1996-03-29,0.01,27.98,75.12,24.58,2.13,0.85
1996-03-30,0.01,28.09,72.0,24.87,1.45,0.84
1996-03-31,0.08,28.5,70.71,24.24,1.52,0.82
1996-04-01,0.14,28.71,69.24,24.46,1.48,0.81
1996-04-02,2.23,28.54,75.51,24.09,2.48,0.8
1996-04-03,2.35,27.94,79.26,10.79,1.47,0.8
1996-04-04,2.74,27.87,78.27,15.19,2.0,0.8
1996-04-05,1.9,27.91,76.0,18.33,3.36,0.8
1996-04-06,4.22,27.85,78.29,14.89,3.32,0.79
1996-04-07,5.0,27.71,79.83,20.02,3.16,0.79
1996-04-08,2.52,27.63,82.29,20.57,3.92,0.79
1996-04-09,2.77,27.57,81.14,21.16,3.1,0.79
1996-04-10,5.33,27.89,76.49,15.96,1.09,0.78
1996-04-11,2.93,27.67,77.41,19.58,1.07,0.79
1996-04-12,1.96,27.01,84.09,17.17,2.7,0.78
1996-04-13,1.57,26.63,80.06,16.97,1.58,0.78
1996-04-14,0.96,27.32,78.53,22.31,1.27,0.78
1996-04-15,5.35,27.59,80.87,17.41,2.36,0.77
1996-04-16,2.2,27.76,79.58,19.44,1.5,0.78
1996-04-17,0.37,27.76,80.3,21.57,2.09,0.77
1996-04-18,0.28,28.29,78.13,22.21,2.25,0.76
1996-04-19,0.15,28.38,74.26,23.5,2.46,0.75
1996-04-20,0.19,28.14,74.2,23.24,1.95,0.74
1996-04-21,0.08,27.66,74.14,23.12,2.41,0.73
1996-04-22,0.01,27.25,68.24,23.43,3.3,0.72
1996-04-23,0.01,27.13,69.72,22.66,3.04,0.71
1996-04-24,0.01,27.1,66.18,23.11,2.06,0.7
1996-04-25,0.0,26.78,69.22,21.78,2.07,0.69
1996-04-26,0.0,26.96,68.25,21.83,2.33,0.68
1996-04-27,0.0,27.52,68.39,23.11,2.44,0.68
1996-04-28,0.02,27.48,69.26,22.6,2.41,0.67
1996-04-29,0.0,27.78,71.67,22.5,2.65,0.66
1996-04-30,0.08,28.14,71.0,22.5,1.81,0.65
1996-05-01,0.03,28.2,73.54,22.29,2.09,0.64
1996-05-02,0.27,27.93,75.48,20.84,2.47,0.64
1996-05-03,0.0,27.65,71.81,20.24,3.15,0.63
1996-05-04,0.0,26.81,67.49,22.52,4.19,0.62
1996-05-05,0.0,26.47,65.63,22.5,2.58,0.61
1996-05-06,0.0,26.6,58.94,21.49,1.69,0.6
1996-05-07,0.0,26.81,67.76,22.1,2.4,0.59
1996-05-08,0.04,26.68,66.18,22.19,2.28,0.59
1996-05-09,0.13,27.15,58.05,21.63,1.44,0.58
1996-05-10,0.0,27.15,62.95,22.15,2.17,0.57
1996-05-11,0.0,27.27,68.04,21.49,1.87,0.57
1996-05-12,0.24,26.94,78.29,21.38,2.58,0.56
1996-05-13,1.9,26.46,82.49,15.56,2.11,0.55
1996-05-14,1.95,26.02,83.3,17.77,0.96,0.56
1996-05-15,4.21,26.78,85.1,17.27,1.72,0.56
1996-05-16,1.85,26.86,80.94,15.34,2.57,0.56
1996-05-17,0.15,27.21,75.27,19.74,2.8,0.55
1996-05-18,0.01,26.96,75.13,20.45,2.8,0.55
1996-05-19,0.01,26.87,76.4,20.61,2.33,0.54
1996-05-20,0.02,27.41,73.44,19.69,2.54,0.53
1996-05-21,0.02,26.96,74.18,19.86,2.84,0.53
1996-05-22,0.19,26.5,76.96,19.41,3.14,0.52
1996-05-23,0.13,26.66,72.49,19.21,3.76,0.52
1996-05-24,0.0,26.77,67.49,20.27,2.68,0.51
1996-05-25,0.01,27.05,66.72,20.36,2.2,0.51
1996-05-26,0.05,27.0,72.37,20.34,1.91,0.5
1996-05-27,0.39,27.23,76.46,19.89,2.56,0.5
1996-05-28,2.13,26.85,80.19,18.23,1.56,0.5
1996-05-29,1.62,26.86,83.0,14.77,2.72,0.5
1996-05-30,1.54,26.94,81.95,19.69,1.63,0.5
1996-05-31,1.16,27.12,78.7,18.81,2.68,0.5
1996-06-01,0.21,27.22,75.92,19.35,3.92,0.49
1996-06-02,0.01,27.57,70.3,19.95,3.55,0.49
1996-06-03,0.01,27.33,67.69,20.49,3.8,0.48
1996-06-04,0.0,27.03,70.59,17.55,3.39,0.48
1996-06-05,0.01,27.37,71.04,19.64,3.13,0.47
1996-06-06,0.14,27.28,72.2,19.84,2.67,0.47
1996-06-07,0.07,27.16,73.6,19.97,1.85,0.47
1996-06-08,0.03,27.28,71.62,18.94,2.04,0.46
1996-06-09,1.34,27.26,71.42,17.18,1.98,0.46
1996-06-10,0.05,27.44,70.9,19.6,2.8,0.46
1996-06-11,0.01,27.35,67.12,19.89,2.53,0.45
1996-06-12,0.01,27.07,69.18,18.83,1.99,0.45
1996-06-13,1.67,26.94,72.43,20.02,2.06,0.45
1996-06-14,0.73,27.15,71.92,19.33,2.18,0.45
1996-06-15,0.03,27.36,69.87,19.95,1.82,0.44
1996-06-16,0.0,27.18,71.85,17.25,2.4,0.44
1996-06-17,0.28,27.31,72.17,18.85,1.13,0.44
1996-06-18,0.06,27.32,72.5,17.0,1.84,0.43
1996-06-19,0.0,26.69,75.39,18.66,3.04,0.43
1996-06-20,0.0,27.06,71.16,16.36,1.39,0.43
1996-06-21,0.05,27.02,76.37,17.63,3.13,0.42
1996-06-22,0.0,27.46,73.0,18.8,2.37,0.42
1996-06-23,0.13,27.24,72.6,16.71,1.65,0.42
1996-06-24,0.06,27.7,72.29,13.24,1.77,0.42
1996-06-25,0.12,27.72,72.75,19.43,1.58,0.41
1996-06-26,0.02,27.38,72.99,19.6,1.73,0.41
1996-06-27,0.01,27.27,72.72,18.81,2.12,0.41
1996-06-28,0.0,27.44,72.14,15.76,1.7,0.41
1996-06-29,0.03,27.85,70.21,19.64,3.2,0.4
1996-06-30,0.09,27.83,69.67,15.73,3.05,0.4
1996-07-01,0.07,27.23,69.37,19.94,3.73,0.4
1996-07-02,0.0,27.73,65.65,20.08,4.06,0.4
1996-07-03,0.01,27.39,67.55,19.57,2.97,0.39
1996-07-04,0.2,27.36,71.07,17.03,2.61,0.39
1996-07-05,0.1,27.37,71.57,18.11,2.39,0.39
1996-07-06,0.0,27.19,70.24,18.13,2.75,0.39
1996-07-07,0.04,27.37,71.26,19.95,3.25,0.38
1996-07-08,0.17,27.5,69.74,19.58,3.23,0.38
1996-07-09,0.01,27.13,69.98,19.83,3.0,0.38
1996-07-10,0.02,26.99,71.15,17.48,2.21,0.38
1996-07-11,0.13,26.93,71.13,19.14,1.82,0.37
1996-07-12,0.01,27.22,68.67,20.32,2.84,0.37
1996-07-13,0.0,27.14,63.96,20.12,2.03,0.37
1996-07-14,0.07,26.43,66.45,18.73,2.64,0.37
1996-07-15,0.0,26.39,66.3,18.96,2.48,0.36
1996-07-16,0.0,26.11,68.87,17.78,1.27,0.36
1996-07-17,0.02,25.82,71.45,15.81,2.06,0.36
1996-07-18,0.0,26.16,68.71,16.57,1.81,0.36
1996-07-19,0.0,26.66,72.31,20.2,2.73,0.36
1996-07-20,0.0,27.42,65.66,20.54,1.04,0.35
1996-07-21,0.06,27.5,65.45,16.34,1.53,0.35
1996-07-22,0.03,27.78,66.24,20.46,2.32,0.35
1996-07-23,0.02,27.2,68.6,19.92,2.44,0.35
1996-07-24,0.08,27.29,69.96,13.97,1.96,0.35
1996-07-25,0.03,27.13,72.93,20.25,3.84,0.34
1996-07-26,0.0,27.0,69.24,21.0,3.19,0.34
1996-07-27,0.0,26.61,68.19,21.2,2.9,0.34
1996-07-28,0.1,26.02,71.44,21.17,3.67,0.34
1996-07-29,0.0,26.04,64.43,21.85,3.09,0.34
1996-07-30,0.12,26.21,60.86,21.81,1.84,0.34
1996-07-31,0.27,26.19,58.67,20.84,2.04,0.34
1996-08-01,0.0,25.95,67.39,21.24,3.42,0.33
1996-08-02,0.0,25.89,69.05,21.11,3.92,0.33
1996-08-03,0.0,25.97,70.75,20.19,3.33,0.33
1996-08-04,0.0,26.02,68.67,21.08,3.48,0.33
1996-08-05,0.04,26.28,68.14,21.14,1.85,0.33
1996-08-06,0.12,26.39,77.3,17.35,3.34,0.33
1996-08-07,0.58,26.61,78.23,17.05,3.87,0.33
1996-08-08,0.3,26.29,79.22,20.83,3.32,0.33
1996-08-09,1.63,26.84,74.91,21.86,1.85,0.33
1996-08-10,9.4,27.28,77.05,19.01,3.19,0.34
1996-08-11,0.12,27.39,71.19,21.99,3.4,0.35
1996-08-12,0.04,27.09,67.58,22.53,2.07,0.34
1996-08-13,0.91,27.31,69.03,22.45,1.27,0.34
1996-08-14,0.73,27.37,71.64,21.1,1.89,0.34
1996-08-15,0.01,27.74,69.27,21.92,1.58,0.34
1996-08-16,0.01,27.34,67.73,22.68,1.32,0.34
1996-08-17,0.0,27.47,66.59,22.92,1.98,0.33
1996-08-18,0.0,28.09,64.99,23.06,1.77,0.33
1996-08-19,0.0,28.36,63.53,22.57,1.61,0.33
1996-08-20,0.0,28.3,64.92,22.6,2.97,0.33
1996-08-21,0.13,27.96,62.97,22.28,3.06,0.33
1996-08-22,0.01,27.28,63.34,23.15,2.93,0.33
1996-08-23,0.0,27.01,64.28,20.95,2.6,0.33
1996-08-24,0.03,27.42,67.12,20.92,1.57,0.33
1996-08-25,0.03,27.55,71.57,20.95,1.81,0.33
1996-08-26,0.1,28.16,70.11,22.81,1.94,0.33
1996-08-27,0.18,28.33,66.79,22.36,1.95,0.33
1996-08-28,0.0,28.31,67.26,22.89,2.21,0.33
1996-08-29,0.1,28.27,69.67,23.45,2.86,0.33
1996-08-30,0.06,28.18,67.38,24.03,1.91,0.33
1996-08-31,0.03,28.04,67.09,22.94,1.79,0.33
1996-09-01,0.22,27.86,66.55,18.03,1.95,0.33
1996-09-02,0.9,28.3,61.63,22.32,1.95,0.33
1996-09-03,2.57,28.29,63.15,23.84,1.34,0.33
1996-09-04,1.32,28.13,58.99,23.68,1.98,0.33
1996-09-05,0.02,27.6,64.03,20.97,3.51,0.33
1996-09-06,0.08,28.06,57.35,23.83,1.27,0.33
1996-09-07,0.36,27.93,63.09,22.95,2.57,0.33
1996-09-08,0.04,27.77,60.82,22.71,1.47,0.33
1996-09-09,0.12,27.59,60.06,21.62,1.0,0.33
1996-09-10,0.04,27.32,63.95,22.45,1.39,0.33
1996-09-11,0.11,27.23,69.59,22.46,3.34,0.33
1996-09-12,0.0,27.04,72.06,23.44,4.24,0.33
1996-09-13,0.0,27.63,67.41,24.4,2.94,0.33
1996-09-14,0.0,28.61,66.56,23.86,1.67,0.33
1996-09-15,0.0,28.67,67.86,21.48,1.74,0.33
1996-09-16,0.01,28.76,64.59,24.35,1.6,0.33
1996-09-17,0.0,28.44,63.2,24.04,2.52,0.33
1996-09-18,0.0,28.29,67.5,24.19,1.66,0.33
1996-09-19,0.02,28.49,69.84,24.36,1.46,0.33
1996-09-20,0.02,28.43,70.98,24.38,3.26,0.33
1996-09-21,0.0,28.16,70.73,24.58,3.59,0.33
1996-09-22,0.0,27.91,68.69,24.36,3.62,0.33
1996-09-23,0.0,27.25,68.35,25.25,4.38,0.33
1996-09-24,0.0,27.66,51.0,25.88,2.84,0.33
1996-09-25,0.0,28.03,51.6,25.84,2.55,0.33
1996-09-26,0.0,27.85,58.52,25.31,3.0,0.32
1996-09-27,0.0,27.58,59.3,25.2,2.55,0.32
1996-09-28,0.16,27.35,67.28,25.36,2.49,0.33
1996-09-29,0.02,27.22,72.44,22.29,3.46,0.32
1996-09-30,0.12,27.58,71.26,19.4,2.25,0.33
1996-10-01,0.02,28.44,69.92,25.18,2.23,0.33
1996-10-02,0.12,28.53,71.87,24.86,2.74,0.33
1996-10-03,0.08,28.94,68.62,25.09,2.09,0.33
1996-10-04,0.12,29.08,68.65,25.36,1.78,0.33
1996-10-05,0.36,29.19,69.03,24.82,1.42,0.33
1996-10-06,0.0,28.88,67.82,25.09,1.82,0.33
1996-10-07,0.13,28.88,65.87,25.07,1.84,0.33
1996-10-08,1.59,28.8,70.86,24.81,3.27,0.33
1996-10-09,1.99,28.92,70.28,24.06,2.56,0.33
1996-10-10,1.5,28.58,74.8,24.19,4.45,0.33
1996-10-11,2.13,28.35,70.85,24.32,3.81,0.33
1996-10-12,1.54,28.52,70.43,25.33,2.94,0.33
1996-10-13,1.05,28.9,65.06,24.35,1.72,0.33
1996-10-14,0.0,29.1,62.72,25.3,1.9,0.33
1996-10-15,0.07,29.27,66.42,24.71,1.58,0.33
1996-10-16,1.17,29.28,68.17,24.74,0.85,0.33
1996-10-17,0.13,29.43,66.09,25.51,1.0,0.33
1996-10-18,0.07,29.94,64.12,24.89,1.55,0.33
1996-10-19,0.0,29.74,63.76,25.45,1.28,0.33
1996-10-20,0.29,30.04,60.92,22.74,1.22,0.33
1996-10-21,0.5,30.04,59.85,21.07,1.67,0.33
1996-10-22,0.14,29.81,66.77,23.88,2.41,0.33
1996-10-23,1.23,29.09,70.93,24.55,1.61,0.33
1996-10-24,7.22,29.66,65.07,23.09,1.86,0.34
1996-10-25,2.86,29.08,70.5,23.48,2.49,0.34
1996-10-26,0.12,29.73,63.77,25.46,1.97,0.34
1996-10-27,0.12,29.65,62.9,22.97,1.77,0.34
1996-10-28,0.15,30.18,59.5,25.51,1.1,0.33
1996-10-29,0.25,30.28,59.92,21.93,1.12,0.33
1996-10-30,0.02,30.16,63.44,22.29,2.06,0.33
1996-10-31,0.16,30.56,60.29,20.76,1.55,0.33
1996-11-01,0.28,29.89,66.73,22.6,3.62,0.33
1996-11-02,0.6,30.17,61.96,22.6,1.31,0.33
1996-11-03,0.61,29.56,64.52,23.72,2.0,0.33
1996-11-04,0.49,29.11,67.0,17.47,2.3,0.33
1996-11-05,0.65,29.93,63.58,24.68,1.79,0.33
1996-11-06,0.7,29.81,65.89,23.27,3.46,0.33
1996-11-07,1.11,28.75,73.31,22.51,3.2,0.33
1996-11-08,2.39,28.95,71.39,22.33,2.22,0.33
1996-11-09,1.06,29.26,67.19,24.35,1.42,0.33
1996-11-10,0.2,29.45,72.49,24.95,3.4,0.33
1996-11-11,0.44,29.95,64.68,24.36,1.78,0.33
1996-11-12,1.81,29.67,62.36,23.46,1.06,0.33
1996-11-13,1.54,29.17,63.92,21.47,1.32,0.33
1996-11-14,6.07,29.36,64.9,18.27,1.05,0.33
1996-11-15,7.79,28.48,72.92,20.48,2.26,0.35
1996-11-16,2.66,28.3,74.22,16.24,2.47,0.35
1996-11-17,1.98,28.78,71.08,22.45,1.95,0.35
1996-11-18,2.21,28.22,79.68,21.23,4.12,0.36
1996-11-19,4.06,28.27,77.72,17.86,3.58,0.36
1996-11-20,4.05,27.57,77.74,11.84,1.49,0.37
1996-11-21,5.88,28.24,76.38,20.32,2.68,0.37
1996-11-22,1.74,28.64,75.68,23.41,4.52,0.38
1996-11-23,6.06,28.69,72.93,22.61,2.64,0.38
1996-11-24,0.9,28.9,64.87,24.2,0.78,0.38
1996-11-25,0.16,29.88,59.19,26.27,0.85,0.38
1996-11-26,0.04,30.13,59.52,25.51,2.14,0.37
1996-11-27,0.13,29.98,59.28,24.33,1.5,0.37
1996-11-28,8.34,29.61,63.84,23.35,0.97,0.37
1996-11-29,7.63,28.81,74.37,20.9,1.71,0.39
1996-11-30,1.28,29.39,70.71,22.66,1.48,0.39
1996-12-01,0.98,30.02,65.54,24.24,1.87,0.39
1996-12-02,2.49,29.74,68.06,20.87,2.92,0.39
1996-12-03,1.87,28.83,73.95,23.6,2.22,0.38
1996-12-04,2.42,28.71,75.46,25.11,2.11,0.39
1996-12-05,2.41,29.16,71.61,22.41,2.01,0.39
1996-12-06,2.23,28.41,72.78,22.17,0.99,0.39
1996-12-07,2.17,28.15,74.21,15.43,0.96,0.39
1996-12-08,13.91,28.48,72.87,22.7,1.85,0.4
1996-12-09,9.51,27.74,80.12,20.99,3.17,0.43
1996-12-10,8.31,28.23,78.93,21.47,3.77,0.44
1996-12-11,13.88,28.3,79.78,13.11,4.98,0.46
1996-12-12,33.77,27.9,80.93,9.5,4.59,0.5
1996-12-13,38.52,27.97,80.51,15.63,4.01,0.55
1996-12-14,30.6,28.17,82.53,13.33,5.76,0.61
1996-12-15,24.2,27.93,82.95,9.74,4.69,0.64
1996-12-16,14.1,27.7,84.25,7.25,4.23,0.67
1996-12-17,7.6,27.16,87.28,10.91,3.43,0.67
1996-12-18,5.1,27.26,82.47,18.84,3.16,0.68
1996-12-19,6.8,27.43,81.11,22.3,3.3,0.68
1996-12-20,6.18,27.45,81.54,14.44,3.63,0.68
1996-12-21,21.73,27.09,83.55,18.23,3.83,0.7
1996-12-22,13.12,27.04,85.45,9.34,3.41,0.72
1996-12-23,8.69,26.92,83.44,13.41,4.86,0.73
1996-12-24,1.46,26.8,81.84,13.45,3.52,0.73
1996-12-25,3.7,26.98,82.66,20.02,3.27,0.73
1996-12-26,18.62,27.07,84.26,20.53,5.77,0.73
1996-12-27,26.77,26.94,82.43,12.98,4.75,0.78
1996-12-28,15.32,27.26,82.39,21.33,6.7,0.79
1996-12-29,21.8,27.48,82.99,20.04,6.38,0.8
1996-12-30,12.03,27.71,83.39,20.61,5.52,0.82
1996-12-31,17.82,27.57,83.63,15.5,4.15,0.83
1997-01-01,3.18,27.21,82.88,19.41,2.23,0.84
1997-01-02,11.55,27.03,85.21,21.28,2.62,0.84
1997-01-03,19.55,27.05,84.33,18.92,5.3,0.86
1997-01-04,2.39,27.75,78.54,19.78,4.74,0.86
1997-01-05,0.34,27.35,81.66,24.37,3.84,0.85
1997-01-06,0.28,27.49,79.93,24.91,3.36,0.84
1997-01-07,0.35,27.45,80.32,22.38,2.31,0.83
1997-01-08,3.53,27.5,81.43,25.13,2.31,0.83
1997-01-09,5.77,26.75,86.17,21.22,2.18,0.83
1997-01-10,6.21,26.36,84.39,22.09,2.29,0.83
1997-01-11,4.91,26.79,83.64,23.62,2.94,0.84
1997-01-12,1.55,27.08,78.93,24.23,2.1,0.84
1997-01-13,1.12,27.05,80.82,22.01,2.48,0.83
1997-01-14,2.94,27.14,82.52,15.34,2.95,0.83
1997-01-15,10.83,26.96,83.83,13.35,3.19,0.83
1997-01-16,10.96,27.27,81.38,17.13,2.17,0.85
1997-01-17,3.04,26.87,87.04,20.2,3.72,0.85
1997-01-18,4.77,27.01,84.66,17.82,3.59,0.84
1997-01-19,3.43,27.21,84.05,20.64,3.93,0.84
1997-01-20,7.94,27.07,85.67,16.93,4.26,0.85
1997-01-21,6.7,27.08,84.47,10.51,2.76,0.85
1997-01-22,28.09,26.79,86.86,15.77,3.45,0.87
1997-01-23,16.92,27.25,85.57,12.47,5.18,0.9
1997-01-24,24.78,27.02,86.69,13.71,4.48,0.91
1997-01-25,8.14,26.92,84.08,13.27,4.56,0.92
1997-01-26,3.2,26.53,86.01,21.44,4.43,0.92
1997-01-27,12.1,26.48,84.87,17.03,4.51,0.92
1997-01-28,1.57,27.03,82.52,15.09,4.06,0.92
1997-01-29,0.99,26.81,83.67,19.65,3.38,0.91
1997-01-30,0.22,27.15,82.0,25.12,3.25,0.91
1997-01-31,0.04,27.87,79.15,26.25,3.05,0.9
1997-02-01,0.22,27.85,80.23,22.39,2.33,0.89
1997-02-02,0.4,27.67,80.32,23.79,1.65,0.89
1997-02-03,2.06,27.25,81.08,25.52,2.2,0.89
1997-02-04,2.26,27.16,80.04,21.54,2.22,0.88
1997-02-05,3.34,27.33,81.89,22.7,2.53,0.88
1997-02-06,15.97,26.85,87.58,21.5,2.61,0.88
1997-02-07,18.96,26.31,88.87,11.6,3.56,0.91
1997-02-08,7.26,26.48,86.48,20.52,2.69,0.91
1997-02-09,1.47,26.81,84.23,25.3,2.19,0.91
1997-02-10,3.92,26.9,83.78,19.23,2.17,0.91
1997-02-11,3.68,27.06,83.38,23.6,1.48,0.91
1997-02-12,2.05,27.21,81.99,23.58,1.22,0.9
1997-02-13,8.26,27.29,84.45,22.29,2.19,0.9
1997-02-14,18.24,26.98,86.31,17.57,2.57,0.92
1997-02-15,15.77,26.81,88.49,13.1,1.8,0.93
1997-02-16,21.78,27.0,88.81,19.61,3.46,0.94
1997-02-17,27.19,27.1,87.64,18.58,3.48,0.96
1997-02-18,13.27,26.86,86.53,11.23,3.95,0.97
1997-02-19,14.03,26.91,87.47,12.24,4.78,0.97
1997-02-20,17.67,26.72,87.4,13.05,3.98,0.98
1997-02-21,21.43,26.7,87.76,12.73,4.45,0.98
1997-02-22,47.39,27.28,86.03,11.43,6.14,0.99
1997-02-23,10.76,27.17,86.2,15.33,6.15,1.0
1997-02-24,12.01,27.39,81.82,20.51,3.94,0.99
1997-02-25,33.2,27.12,86.98,15.22,5.23,1.0
1997-02-26,15.82,26.71,86.02,17.45,4.84,1.0
1997-02-27,12.76,26.43,86.97,18.98,3.54,1.0
1997-02-28,3.53,26.99,83.85,24.93,3.91,0.99
1997-03-01,23.27,27.18,83.26,24.41,3.88,0.99
1997-03-02,13.37,27.3,82.39,22.02,4.68,0.99
1997-03-03,11.96,27.01,84.52,21.66,5.0,0.99
1997-03-04,14.85,26.86,84.92,21.33,4.51,0.99
1997-03-05,12.84,26.62,87.04,16.78,4.09,0.99
1997-03-06,5.53,27.24,83.62,20.94,4.01,0.99
1997-03-07,15.03,27.07,83.9,24.72,3.34,0.98
1997-03-08,4.72,26.81,80.39,22.34,3.86,0.98
1997-03-09,0.08,27.31,76.02,24.56,4.52,0.97
1997-03-10,0.24,27.26,73.63,24.81,4.13,0.96
1997-03-11,0.22,27.04,74.17,25.95,3.42,0.95
1997-03-12,0.02,26.73,77.46,25.0,2.6,0.94
1997-03-13,0.51,26.95,78.47,26.77,2.83,0.93
1997-03-14,0.05,26.96,79.15,26.77,2.49,0.92
1997-03-15,0.03,27.07,78.86,26.1,2.42,0.91
1997-03-16,0.05,27.53,72.71,26.24,1.13,0.9
1997-03-17,0.25,27.35,71.93,25.86,1.29,0.89
1997-03-18,0.05,27.86,65.11,25.07,0.83,0.88
1997-03-19,0.05,27.75,70.92,25.63,2.24,0.88
1997-03-20,0.0,27.53,76.26,26.55,2.19,0.87
1997-03-21,1.12,27.62,76.2,24.74,1.26,0.86
1997-03-22,0.94,27.9,73.98,24.67,1.38,0.85
1997-03-23,0.02,28.06,66.14,26.39,1.66,0.84
1997-03-24,0.0,28.34,66.6,25.65,1.73,0.83
1997-03-25,0.0,28.48,67.31,25.26,1.6,0.82
1997-03-26,0.01,28.81,64.89,24.81,1.67,0.8
1997-03-27,0.01,28.11,68.14,24.26,1.65,0.79
1997-03-28,0.0,27.75,71.03,24.91,1.81,0.78
1997-03-29,0.0,28.11,71.8,24.63,1.5,0.77
1997-03-30,0.17,27.99,75.48,24.73,1.57,0.76
1997-03-31,0.03,27.7,74.74,24.1,1.42,0.75
1997-04-01,0.63,27.65,74.83,24.34,1.64,0.74
1997-04-02,1.55,27.7,76.49,23.51,1.27,0.74
1997-04-03,0.56,27.79,76.24,22.23,1.18,0.73
1997-04-04,0.68,27.98,75.19,24.58,2.15,0.72
1997-04-05,0.66,28.08,72.93,23.61,2.06,0.72
1997-04-06,0.19,28.34,71.38,24.19,1.87,0.71
1997-04-07,0.02,27.9,72.52,24.54,1.43,0.7
1997-04-08,0.2,27.74,74.69,23.6,1.55,0.69
1997-04-09,0.91,27.61,73.99,19.08,1.76,0.68
1997-04-10,2.2,27.31,76.22,22.66,2.11,0.68
1997-04-11,0.98,27.5,74.66,20.17,1.59,0.67
1997-04-12,0.6,27.44,76.42,22.42,1.46,0.67
1997-04-13,0.36,27.97,74.45,22.39,1.57,0.66
1997-04-14,0.69,28.01,73.9,22.97,1.8,0.66
1997-04-15,1.14,28.25,71.69,19.22,1.95,0.65
1997-04-16,4.56,27.39,77.08,19.58,2.4,0.65
1997-04-17,2.59,27.27,76.03,18.16,2.04,0.65
1997-04-18,1.13,27.61,71.57,22.35,1.96,0.65
1997-04-19,0.19,27.73,70.46,23.21,2.45,0.64
1997-04-20,0.12,27.71,68.45,19.68,2.2,0.63
1997-04-21,0.05,27.99,70.48,22.36,2.69,0.62
1997-04-22,0.01,28.1,67.91,18.89,3.03,0.61
1997-04-23,0.13,28.14,67.42,19.38,2.07,0.6
1997-04-24,0.93,28.12,70.71,22.67,2.97,0.6
1997-04-25,0.38,27.96,72.12,22.19,2.54,0.59
1997-04-26,2.22,27.91,76.87,14.55,3.08,0.58
1997-04-27,0.16,27.78,81.62,22.18,2.44,0.58
1997-04-28,11.59,27.09,85.38,15.15,2.34,0.59
1997-04-29,4.06,27.97,76.68,21.39,2.09,0.6
1997-04-30,5.5,27.67,72.51,20.77,3.12,0.6
1997-05-01,0.04,27.73,69.67,20.15,2.17,0.59
1997-05-02,0.0,27.72,67.34,21.89,2.11,0.58
1997-05-03,0.01,27.97,66.49,22.15,1.87,0.57
1997-05-04,0.16,27.68,71.07,19.66,1.85,0.57
1997-05-05,0.32,27.5,71.48,14.37,1.75,0.56
1997-05-06,0.21,27.45,71.32,21.22,2.07,0.55
1997-05-07,0.0,27.46,68.32,21.17,2.03,0.55
1997-05-08,0.0,27.48,66.19,21.3,2.29,0.54
1997-05-09,0.04,27.43,69.08,20.76,2.65,0.53
1997-05-10,0.01,27.39,69.57,21.12,2.76,0.53
1997-05-11,0.83,27.37,75.87,19.85,2.75,0.52
1997-05-12,0.34,27.48,74.96,20.0,2.03,0.52
1997-05-13,0.93,27.45,75.94,19.17,2.17,0.52
1997-05-14,0.13,27.55,73.11,20.17,1.22,0.51
1997-05-15,0.08,27.73,70.08,20.4,1.02,0.5
1997-05-16,0.34,28.16,69.38,20.37,0.79,0.5
1997-05-17,0.03,28.0,72.81,20.41,1.62,0.49
1997-05-18,0.25,27.66,71.41,19.21,1.04,0.49
1997-05-19,0.07,28.15,65.65,19.8,1.46,0.48
1997-05-20,0.23,28.17,65.76,15.28,1.58,0.48
1997-05-21,0.34,28.12,67.96,19.66,1.08,0.48
1997-05-22,0.15,28.03,68.15,19.3,1.98,0.47
1997-05-23,0.23,27.67,71.77,20.48,2.25,0.47
1997-05-24,0.54,27.47,71.84,20.34,1.48,0.46
1997-05-25,0.06,28.0,66.62,20.04,1.67,0.46
1997-05-26,1.66,27.79,68.34,19.94,1.92,0.46
1997-05-27,12.3,27.31,71.24,18.55,0.98,0.48
1997-05-28,0.43,27.35,69.07,19.34,1.81,0.47
1997-05-29,0.34,27.72,63.36,20.43,2.14,0.47
1997-05-30,0.08,27.35,64.12,19.41,3.21,0.46
1997-05-31,1.38,27.69,67.38,19.2,2.51,0.46
1997-06-01,0.31,27.84,65.46,18.41,2.25,0.46
1997-06-02,0.33,27.32,70.91,17.59,1.98,0.45
1997-06-03,0.24,26.93,73.29,18.67,1.77,0.45
1997-06-04,1.05,27.0,70.11,19.04,2.04,0.45
1997-06-05,0.0,27.21,65.44,19.43,1.47,0.45
1997-06-06,0.05,27.42,65.76,19.49,2.08,0.44
1997-06-07,0.36,27.72,67.17,19.86,2.93,0.44
1997-06-08,1.66,27.59,69.36,17.23,2.79,0.44
1997-06-09,8.54,27.09,73.64,11.93,2.61,0.45
1997-06-10,6.17,26.63,75.29,11.53,3.14,0.46
1997-06-11,0.78,27.24,69.69,19.53,2.19,0.45
1997-06-12,1.25,27.08,72.66,19.55,2.1,0.45
1997-06-13,0.15,27.1,72.39,19.48,2.09,0.45
1997-06-14,0.15,27.01,70.15,18.48,1.54,0.44
1997-06-15,0.35,27.27,69.42,18.8,2.57,0.44
1997-06-16,0.25,27.05,70.29,13.6,3.33,0.44
1997-06-17,0.04,26.43,70.3,17.63,2.99,0.43
1997-06-18,0.08,26.34,70.02,18.56,2.21,0.43
1997-06-19,0.07,26.49,69.27,18.44,2.19,0.43
1997-06-20,0.13,26.66,71.5,17.52,2.07,0.43
1997-06-21,0.02,26.84,70.08,19.17,3.13,0.42
1997-06-22,0.02,26.61,68.39,19.83,2.65,0.42
1997-06-23,0.05,26.58,68.38,19.58,2.86,0.42
1997-06-24,0.02,26.45,65.21,20.09,2.82,0.41
1997-06-25,0.0,26.6,65.98,19.51,3.22,0.41
1997-06-26,0.03,26.72,67.35,20.11,3.29,0.41
1997-06-27,0.45,26.9,67.29,19.04,3.15,0.41
1997-06-28,3.54,26.6,71.42,18.7,4.07,0.41
1997-06-29,2.02,26.18,74.82,15.6,3.19,0.41
1997-06-30,0.37,26.61,73.29,20.08,2.93,0.41
1997-07-01,0.0,26.73,71.94,20.2,3.03,0.41
1997-07-02,0.0,27.03,71.29,18.98,3.59,0.4
1997-07-03,0.02,26.77,68.79,19.69,2.31,0.4
1997-07-04,0.0,26.27,67.65,19.71,2.5,0.4
1997-07-05,0.0,26.21,63.99,19.81,1.88,0.39
1997-07-06,0.0,26.35,65.92,20.53,2.47,0.39
1997-07-07,0.0,26.19,68.98,19.2,3.32,0.39
1997-07-08,0.05,25.85,71.16,19.73,3.85,0.39
1997-07-09,0.0,25.51,71.11,20.18,4.0,0.38
1997-07-10,0.09,25.6,68.22,17.72,4.0,0.38
1997-07-11,0.02,25.65,71.59,17.65,4.58,0.38
1997-07-12,0.0,25.52,77.32,18.7,4.88,0.38
1997-07-13,0.03,26.43,77.33,17.7,2.63,0.38
1997-07-14,0.03,26.9,71.56,19.67,3.03,0.37
1997-07-15,0.02,26.66,70.27,19.75,3.98,0.37
1997-07-16,0.02,26.58,66.57,19.51,2.19,0.37
1997-07-17,0.0,26.96,68.04,20.61,2.75,0.37
1997-07-18,0.1,26.8,67.4,20.32,3.73,0.36
1997-07-19,0.04,26.16,67.12,20.48,2.54,0.36
1997-07-20,0.02,26.04,64.76,20.41,2.56,0.36
1997-07-21,0.04,26.37,67.73,20.27,3.86,0.36
1997-07-22,0.03,26.41,67.48,19.09,3.87,0.36
1997-07-23,0.14,26.29,68.56,20.01,2.58,0.35
1997-07-24,0.04,26.61,70.19,19.62,2.57,0.35
1997-07-25,0.09,26.2,70.53,19.44,2.41,0.35
1997-07-26,0.0,26.35,65.94,20.59,1.72,0.35
1997-07-27,0.0,26.41,62.98,20.54,1.8,0.35
1997-07-28,0.0,26.03,66.69,20.27,2.33,0.35
1997-07-29,0.01,26.09,65.64,20.96,3.53,0.34
1997-07-30,0.12,26.47,62.5,18.41,3.99,0.34
1997-07-31,0.03,26.3,59.06,20.39,4.56,0.34
1997-08-01,0.02,26.15,62.48,18.0,3.77,0.34
1997-08-02,0.18,25.97,69.25,18.87,2.39,0.34
1997-08-03,0.83,25.64,75.48,18.84,2.82,0.34
1997-08-04,0.22,26.22,71.38,17.6,1.83,0.34
1997-08-05,0.06,26.16,70.04,19.24,1.35,0.34
1997-08-06,0.15,26.11,69.5,20.74,1.51,0.34
1997-08-07,0.64,25.99,66.04,19.19,1.25,0.33
1997-08-08,0.18,25.98,66.03,18.23,1.53,0.33
1997-08-09,0.07,26.5,62.83,20.84,1.6,0.33
1997-08-10,0.0,26.28,66.59,20.64,1.89,0.33
1997-08-11,0.02,26.36,67.33,20.91,2.24,0.33
1997-08-12,0.14,26.38,64.97,19.9,1.42,0.33
1997-08-13,0.02,26.32,62.55,21.23,1.31,0.33
1997-08-14,0.0,26.45,60.81,20.88,1.47,0.33
1997-08-15,0.06,26.08,65.55,19.53,1.64,0.33
1997-08-16,0.02,26.22,59.59,19.21,1.48,0.33
1997-08-17,0.0,26.59,55.46,22.34,1.36,0.33
1997-08-18,0.01,26.26,58.7,20.77,2.68,0.33
1997-08-19,0.0,26.65,56.83,23.15,2.08,0.33
1997-08-20,0.12,26.97,61.8,21.88,2.16,0.33
1997-08-21,0.11,26.94,62.78,21.84,2.5,0.33
1997-08-22,0.09,26.6,65.03,22.44,2.7,0.33
1997-08-23,0.02,26.37,67.55,22.42,3.4,0.33
1997-08-24,0.03,26.5,66.27,21.13,2.59,0.33
1997-08-25,0.07,26.5,67.13,21.08,3.94,0.33
1997-08-26,0.01,26.63,65.82,21.17,3.99,0.33
1997-08-27,0.0,26.45,59.98,21.88,3.17,0.33
1997-08-28,0.0,26.29,63.23,22.39,2.6,0.33
1997-08-29,0.0,26.4,65.19,21.9,2.25,0.33
1997-08-30,0.0,26.65,67.39,20.83,2.37,0.33
1997-08-31,0.0,25.94,70.11,22.23,1.63,0.33
1997-09-01,0.02,25.5,72.03,22.71,2.57,0.33
1997-09-02,0.16,25.6,69.81,23.09,2.04,0.33
1997-09-03,0.0,26.43,67.96,22.3,1.59,0.33
1997-09-04,0.01,26.77,68.04,21.31,1.21,0.33
1997-09-05,0.55,27.11,67.24,21.54,1.67,0.33
1997-09-06,0.0,27.11,66.0,22.78,1.64,0.33
1997-09-07,0.0,27.55,60.2,24.11,1.44,0.33
1997-09-08,0.0,27.56,56.61,23.58,1.33,0.33
1997-09-09,0.0,27.07,64.05,21.84,1.4,0.33
1997-09-10,0.0,26.36,68.98,22.48,1.79,0.33
1997-09-11,0.0,26.58,69.53,23.05,2.12,0.33
1997-09-12,0.0,26.88,66.84,24.42,1.65,0.33
1997-09-13,0.0,26.81,65.08,22.14,2.13,0.33
1997-09-14,0.0,26.82,60.36,23.55,2.16,0.32
1997-09-15,0.07,27.06,60.33,21.9,2.07,0.32
1997-09-16,0.1,26.99,60.87,22.16,2.48,0.33
1997-09-17,0.01,26.76,59.71,24.23,1.94,0.33
1997-09-18,2.22,26.69,63.95,23.37,1.55,0.32
1997-09-19,0.0,26.57,66.08,24.19,1.56,0.33
1997-09-20,0.0,26.62,63.06,24.36,1.22,0.33
1997-09-21,0.09,26.77,64.53,23.46,2.27,0.33
1997-09-22,0.0,26.98,62.13,23.96,2.5,0.33
1997-09-23,0.0,26.89,61.99,24.22,1.58,0.33
1997-09-24,0.0,27.41,61.0,24.93,1.25,0.33
1997-09-25,0.0,27.3,68.93,24.66,1.72,0.33
1997-09-26,0.0,27.47,68.28,24.27,1.53,0.33
1997-09-27,0.0,27.48,66.72,24.29,1.88,0.32
1997-09-28,0.0,27.91,65.34,24.83,1.49,0.32
1997-09-29,0.0,27.59,68.47,24.38,0.92,0.32
1997-09-30,0.0,27.72,69.62,23.82,1.33,0.32
1997-10-01,0.05,28.28,67.47,24.43,0.92,0.32
1997-10-02,0.14,28.38,67.43,23.99,1.32,0.32
1997-10-03,0.08,28.58,67.14,25.59,1.13,0.32
1997-10-04,0.06,28.61,66.0,25.79,1.32,0.32
1997-10-05,0.04,28.61,66.27,25.63,1.67,0.32
1997-10-06,0.01,28.18,64.54,25.03,2.61,0.32
1997-10-07,0.03,27.89,64.38,24.4,2.06,0.32
1997-10-08,0.0,27.98,64.36,24.26,1.1,0.32
1997-10-09,0.02,27.74,68.29,24.26,2.15,0.32
1997-10-10,0.0,27.86,71.83,24.49,2.71,0.32
1997-10-11,0.31,28.0,71.13,25.65,2.49,0.32
1997-10-12,0.0,28.08,69.53,24.25,2.75,0.32
1997-10-13,0.0,28.33,68.11,24.43,1.65,0.32
1997-10-14,0.0,28.45,62.58,25.2,1.66,0.32
1997-10-15,0.0,28.81,59.54,26.31,1.3,0.32
1997-10-16,0.0,28.76,62.16,24.11,0.73,0.32
1997-10-17,0.26,29.1,62.63,24.6,1.22,0.32
1997-10-18,0.08,28.97,63.92,24.72,1.54,0.32
1997-10-19,0.0,29.26,59.34,23.51,1.62,0.32
1997-10-20,0.0,29.58,61.64,23.85,1.26,0.32
1997-10-21,0.06,29.11,63.79,24.29,1.77,0.32
1997-10-22,0.0,29.25,61.87,24.55,1.82,0.32
1997-10-23,0.04,29.23,65.43,23.45,1.55,0.32
1997-10-24,0.09,29.23,64.37,25.16,1.21,0.32
1997-10-25,0.04,28.98,64.18,24.07,1.27,0.32
1997-10-26,0.22,29.09,62.55,24.25,1.31,0.32
1997-10-27,0.03,29.46,59.62,23.81,1.2,0.32
1997-10-28,0.09,29.36,59.2,23.94,1.23,0.32
1997-10-29,0.06,29.56,56.64,25.0,1.53,0.32
1997-10-30,0.03,29.46,59.46,23.34,1.84,0.32
1997-10-31,0.0,29.13,61.62,23.77,1.39,0.32
1997-11-01,0.06,29.58,55.01,23.75,1.05,0.32
1997-11-02,0.0,29.54,59.47,23.99,1.56,0.32
1997-11-03,0.01,29.23,63.7,23.85,1.93,0.32
1997-11-04,0.0,29.56,60.24,23.83,1.64,0.32
1997-11-05,0.0,29.9,58.2,24.94,0.98,0.32
1997-11-06,0.14,29.77,63.2,24.96,1.19,0.32
1997-11-07,0.39,29.41,66.22,21.39,1.31,0.32
1997-11-08,0.0,29.69,63.04,23.71,1.33,0.32
1997-11-09,0.0,29.41,67.33,24.58,2.72,0.32
1997-11-10,0.15,29.26,69.68,24.96,2.71,0.32
1997-11-11,0.09,29.5,65.03,24.08,1.94,0.32
1997-11-12,0.0,29.17,67.43,23.61,2.7,0.32
1997-11-13,0.05,28.99,70.92,23.44,3.12,0.32
1997-11-14,0.13,28.93,72.39,23.75,2.94,0.32
1997-11-15,1.05,28.71,74.54,23.93,3.01,0.33
1997-11-16,2.7,28.33,74.78,22.4,2.17,0.33
1997-11-17,1.74,28.44,73.91,24.37,1.65,0.33
1997-11-18,0.02,29.13,67.18,24.74,1.26,0.33
1997-11-19,0.04,29.45,65.64,23.38,1.67,0.33
1997-11-20,0.0,29.98,59.93,24.96,1.42,0.33
1997-11-21,0.0,30.18,58.67,24.94,0.97,0.33
1997-11-22,0.15,29.76,66.92,24.76,1.91,0.33
1997-11-23,0.64,29.58,68.8,22.59,1.72,0.33
1997-11-24,7.66,29.26,68.77,22.15,1.54,0.34
1997-11-25,5.05,29.04,68.87,23.77,1.77,0.34
1997-11-26,2.43,28.63,70.57,23.74,2.0,0.34
1997-11-27,1.36,29.12,66.18,24.24,1.12,0.35
1997-11-28,1.0,29.1,68.44,23.55,1.76,0.34
1997-11-29,0.84,29.08,69.69,23.61,1.86,0.34
1997-11-30,0.9,29.34,65.82,22.89,0.77,0.34
1997-12-01,1.16,29.24,67.82,24.36,1.4,0.34
1997-12-02,0.56,29.17,68.98,24.72,0.82,0.34
1997-12-03,1.44,29.2,68.72,24.46,1.16,0.34
1997-12-04,0.27,29.76,66.46,23.57,1.27,0.34
1997-12-05,2.51,29.55,67.19,23.63,0.57,0.34
1997-12-06,2.45,29.47,68.21,23.7,0.49,0.34
1997-12-07,9.48,29.07,75.68,22.01,2.23,0.35
1997-12-08,5.69,28.39,79.74,21.59,2.83,0.36
1997-12-09,4.91,28.27,79.04,23.0,2.34,0.37
1997-12-10,2.78,28.83,74.73,21.24,2.11,0.37
1997-12-11,6.92,28.44,75.84,12.29,1.86,0.38
1997-12-12,1.51,28.46,75.0,20.04,1.85,0.38
1997-12-13,0.96,28.81,75.07,18.27,2.66,0.38
1997-12-14,0.96,28.69,76.5,16.3,3.31,0.38
1997-12-15,0.89,28.75,74.98,22.3,3.22,0.38
1997-12-16,0.67,28.32,76.57,12.93,2.52,0.38
1997-12-17,2.18,28.25,73.69,24.63,2.84,0.38
1997-12-18,0.94,29.27,68.7,25.42,1.8,0.38
1997-12-19,0.99,29.04,72.4,23.75,1.24,0.38
1997-12-20,0.51,29.27,72.0,24.05,1.44,0.38
1997-12-21,2.04,29.29,72.35,25.13,1.31,0.38
1997-12-22,6.4,28.7,80.06,17.07,3.15,0.39
1997-12-23,7.02,28.5,77.91,15.33,3.22,0.39
1997-12-24,5.75,27.95,81.79,21.25,4.11,0.41
1997-12-25,8.81,27.83,81.4,15.34,2.99,0.41
1997-12-26,7.65,27.87,77.75,19.65,2.24,0.43
1997-12-27,2.26,27.43,80.67,18.65,3.02,0.43
1997-12-28,0.87,28.32,74.73,18.16,2.22,0.43
1997-12-29,0.29,28.67,73.97,23.52,2.93,0.43
1997-12-30,0.23,28.69,73.94,22.22,2.96,0.43
1997-12-31,0.56,28.93,72.44,25.03,3.42,0.42
1998-01-01,1.62,28.83,72.48,23.52,3.38,0.42
1998-01-02,0.46,29.02,71.26,21.85,2.72,0.42
1998-01-03,0.02,29.05,73.37,24.41,1.97,0.42
1998-01-04,0.12,28.74,76.0,23.21,2.37,0.41
1998-01-05,1.79,28.22,78.71,21.0,2.06,0.41
1998-01-06,0.81,27.97,77.39,19.38,2.55,0.41
1998-01-07,2.21,28.47,76.82,21.3,3.1,0.41
1998-01-08,1.23,28.54,77.56,22.91,2.43,0.41
1998-01-09,0.06,28.7,76.4,24.64,1.74,0.41
1998-01-10,0.08,29.09,73.13,23.64,2.01,0.41
1998-01-11,0.24,29.41,72.04,23.13,2.46,0.41
1998-01-12,0.39,29.46,72.78,21.79,3.09,0.4
1998-01-13,0.24,29.47,70.57,23.36,1.94,0.4
1998-01-14,0.05,29.68,70.41,25.06,0.85,0.4
1998-01-15,0.55,29.91,70.93,19.3,1.56,0.39
1998-01-16,1.07,30.04,70.19,24.9,1.42,0.39
1998-01-17,0.39,30.22,68.19,23.09,2.98,0.39
1998-01-18,2.18,30.03,69.33,24.09,2.24,0.39
1998-01-19,17.04,29.29,76.73,16.04,2.91,0.4
1998-01-20,16.89,27.85,82.22,11.74,4.53,0.43
1998-01-21,10.79,28.06,82.6,15.69,5.62,0.46
1998-01-22,4.83,27.98,81.2,13.42,3.89,0.46
1998-01-23,6.67,28.62,83.46,16.05,4.52,0.47
1998-01-24,5.37,28.48,81.25,15.41,4.6,0.48
1998-01-25,6.79,28.28,80.92,14.19,4.23,0.48
1998-01-26,10.08,28.52,81.55,15.22,4.41,0.5
1998-01-27,4.66,28.36,79.66,17.03,3.1,0.5
1998-01-28,0.56,28.29,78.94,21.99,2.52,0.5
1998-01-29,2.3,28.23,79.44,20.15,2.98,0.5
1998-01-30,4.62,28.6,77.85,20.78,3.13,0.5
1998-01-31,3.88,27.68,83.38,17.91,3.43,0.51
1998-02-01,0.62,28.46,78.43,24.26,2.53,0.5
1998-02-02,0.38,28.66,74.95,25.56,1.06,0.5
1998-02-03,2.54,28.67,75.37,21.92,1.08,0.5
1998-02-04,1.73,28.9,75.32,21.3,1.52,0.5
1998-02-05,0.86,28.71,75.44,25.45,1.08,0.49
1998-02-06,3.43,28.55,75.8,24.61,1.32,0.49
1998-02-07,3.14,28.83,73.61,24.86,1.46,0.49
1998-02-08,8.28,29.04,73.59,25.76,1.65,0.49
1998-02-09,17.79,28.27,82.68,15.91,3.16,0.51
1998-02-10,7.31,28.02,85.16,16.79,3.39,0.54
1998-02-11,1.65,28.31,79.32,22.92,2.74,0.54
1998-02-12,16.49,27.82,80.21,21.98,1.96,0.54
1998-02-13,17.4,27.58,80.54,18.78,2.24,0.58
1998-02-14,2.09,27.84,79.54,22.97,1.16,0.58
1998-02-15,3.62,27.82,80.43,23.92,1.69,0.58
1998-02-16,10.97,27.89,80.28,22.11,1.95,0.58
1998-02-17,8.77,28.26,79.63,24.67,1.64,0.6
1998-02-18,3.91,27.91,82.58,17.22,2.1,0.6
1998-02-19,0.69,28.48,79.24,25.2,2.0,0.6
1998-02-20,3.92,28.6,79.25,20.56,1.59,0.59
1998-02-21,2.52,28.76,78.04,20.96,1.7,0.59
1998-02-22,6.31,27.88,81.33,13.8,2.85,0.59
1998-02-23,6.72,27.56,82.2,21.62,3.63,0.6
1998-02-24,1.62,27.48,85.23,23.97,4.04,0.6
1998-02-25,1.94,28.19,80.38,23.98,2.46,0.6
1998-02-26,1.56,28.65,79.75,25.2,1.92,0.59
1998-02-27,1.03,28.56,81.02,25.06,2.59,0.59
1998-02-28,5.48,28.61,80.34,23.09,2.08,0.59
1998-03-01,8.67,28.43,79.6,22.31,2.28,0.6
1998-03-02,5.94,28.11,81.96,21.37,3.02,0.6
1998-03-03,1.52,27.99,82.2,22.22,2.98,0.6
1998-03-04,0.15,28.77,75.42,23.82,2.8,0.6
1998-03-05,2.85,28.66,78.22,23.92,2.42,0.59
1998-03-06,1.32,28.48,81.25,23.6,2.23,0.59
1998-03-07,1.4,28.77,77.44,24.85,1.79,0.58
1998-03-08,1.82,28.73,76.32,25.21,1.42,0.58
1998-03-09,2.78,28.63,78.21,23.4,1.49,0.58
1998-03-10,1.53,29.03,75.16,20.44,1.14,0.58
1998-03-11,3.18,28.54,79.63,20.87,1.28,0.57
1998-03-12,2.22,28.19,82.41,16.34,1.95,0.58
1998-03-13,0.94,27.87,83.15,22.33,1.9,0.58
1998-03-14,0.86,27.88,81.9,22.13,1.35,0.57
1998-03-15,3.74,28.36,79.02,18.81,1.49,0.57
1998-03-16,2.36,28.29,79.27,20.31,1.14,0.57
1998-03-17,1.04,28.59,79.48,20.27,1.99,0.57
1998-03-18,16.1,27.29,83.6,11.2,2.16,0.58
1998-03-19,1.43,28.41,75.74,23.93,1.14,0.59
1998-03-20,3.34,28.66,73.61,24.92,1.56,0.58
1998-03-21,0.93,29.03,69.94,23.24,0.98,0.58
1998-03-22,0.76,29.42,69.56,24.74,1.11,0.57
1998-03-23,2.42,28.39,79.04,24.15,1.97,0.56
1998-03-24,0.9,28.63,75.32,20.94,1.38,0.56
1998-03-25,1.57,28.83,73.99,23.87,0.95,0.56
1998-03-26,1.53,28.54,77.88,22.99,2.36,0.55
1998-03-27,1.37,28.38,77.88,14.38,2.76,0.55
1998-03-28,0.8,28.21,79.03,15.64,2.29,0.54
1998-03-29,0.6,28.69,75.51,21.83,1.69,0.54
1998-03-30,0.5,28.58,76.26,23.13,2.21,0.53
1998-03-31,1.83,28.74,74.92,14.15,1.52,0.53
1998-04-01,0.24,28.78,74.44,21.24,1.58,0.53
1998-04-02,0.39,29.29,69.81,24.13,1.3,0.52
1998-04-03,0.54,29.24,70.35,23.71,1.14,0.51
1998-04-04,0.77,29.34,70.53,23.44,0.9,0.51
1998-04-05,4.45,29.29,74.27,22.59,1.55,0.51
1998-04-06,18.53,29.0,77.33,18.52,1.59,0.52
1998-04-07,6.71,28.45,80.35,21.01,1.62,0.54
1998-04-08,6.8,28.47,80.07,18.59,1.65,0.55
1998-04-09,14.83,28.34,82.59,16.67,1.09,0.56
1998-04-10,19.74,27.36,89.38,21.41,1.82,0.58
1998-04-11,10.46,27.82,84.82,21.83,2.14,0.61
1998-04-12,9.97,28.41,80.6,22.02,1.75,0.62
1998-04-13,5.33,28.85,77.36,19.68,1.64,0.62
1998-04-14,3.1,29.05,76.79,15.95,1.56,0.62
1998-04-15,1.53,28.99,76.38,19.7,1.98,0.61
1998-04-16,4.64,28.95,77.94,19.12,1.67,0.61
1998-04-17,4.23,28.36,82.26,22.68,1.66,0.61
1998-04-18,4.14,28.39,80.13,19.91,1.29,0.61
1998-04-19,3.06,28.75,80.12,18.86,2.34,0.61
1998-04-20,2.52,28.71,79.54,20.08,2.31,0.61
1998-04-21,1.88,28.83,76.86,22.34,1.43,0.6
1998-04-22,9.88,29.06,77.99,21.14,1.73,0.6
1998-04-23,11.01,28.8,80.1,12.58,1.88,0.62
1998-04-24,5.35,28.61,82.26,20.84,1.46,0.63
1998-04-25,1.54,28.65,80.72,20.3,1.63,0.63
1998-04-26,2.05,28.54,79.31,19.81,2.49,0.62
1998-04-27,0.56,28.3,80.88,21.66,3.0,0.62
1998-04-28,1.39,28.67,79.47,20.59,2.63,0.61
1998-04-29,3.76,28.54,80.29,19.33,2.47,0.61
1998-04-30,2.61,28.65,78.79,19.94,2.1,0.61
1998-05-01,0.83,28.72,76.87,21.91,2.51,0.6
1998-05-02,1.21,29.02,75.89,21.3,3.05,0.6
1998-05-03,1.78,28.67,77.93,21.89,3.14,0.59
1998-05-04,0.96,28.18,79.24,21.08,2.87,0.59
1998-05-05,0.54,28.2,75.28,20.85,2.25,0.58
1998-05-06,0.17,28.28,74.84,19.89,2.56,0.57
1998-05-07,0.48,28.31,72.1,20.19,3.28,0.56
1998-05-08,0.02,28.33,72.15,20.95,2.98,0.56
1998-05-09,0.12,28.63,72.67,21.15,2.51,0.55
1998-05-10,0.07,28.81,71.85,21.22,2.75,0.54
1998-05-11,0.03,28.82,73.49,20.6,2.69,0.54
1998-05-12,0.0,28.7,71.41,19.24,2.21,0.53
1998-05-13,0.0,28.3,70.67,20.51,1.76,0.52
1998-05-14,0.07,28.58,71.72,20.41,1.76,0.52
1998-05-15,10.09,28.5,79.06,15.97,1.38,0.52
1998-05-16,15.37,27.38,87.72,6.32,3.11,0.55
1998-05-17,7.71,27.74,82.01,12.36,0.98,0.56
1998-05-18,3.4,27.99,81.49,19.45,1.21,0.56
1998-05-19,2.34,28.39,81.78,16.69,1.42,0.56
1998-05-20,0.95,28.06,83.71,20.48,2.14,0.56
1998-05-21,0.18,28.2,80.55,19.89,1.69,0.55
1998-05-22,0.22,27.93,78.01,19.31,2.1,0.55
1998-05-23,0.06,27.67,75.51,18.57,2.39,0.54
1998-05-24,0.01,28.22,71.64,19.44,2.56,0.54
1998-05-25,0.07,28.36,75.22,19.91,1.96,0.53
1998-05-26,0.41,28.33,79.41,20.24,1.91,0.52
1998-05-27,0.99,28.45,78.13,19.8,1.93,0.52
1998-05-28,0.94,27.96,76.69,14.59,2.93,0.52
1998-05-29,0.42,27.57,78.44,15.05,2.51,0.51
1998-05-30,0.05,28.02,77.36,19.78,2.74,0.51
1998-05-31,0.73,28.2,76.15,19.86,2.36,0.5
1998-06-01,0.76,28.21,73.67,18.28,2.6,0.5
1998-06-02,0.16,27.83,72.48,19.82,2.36,0.49
1998-06-03,0.04,27.75,71.69,19.72,1.73,0.49
1998-06-04,0.04,28.01,69.31,19.62,1.25,0.48
1998-06-05,1.18,27.57,78.31,19.43,2.03,0.48
1998-06-06,0.69,27.88,75.6,17.69,3.01,0.48
1998-06-07,0.06,28.29,69.57,19.08,3.86,0.48
1998-06-08,0.07,27.87,68.33,19.37,3.4,0.47
1998-06-09,0.1,27.82,68.39,18.61,2.18,0.47
1998-06-10,0.97,27.4,75.11,14.01,1.3,0.47
1998-06-11,0.03,27.94,74.43,13.62,1.66,0.46
1998-06-12,0.47,27.91,76.63,16.91,1.53,0.46
1998-06-13,1.54,28.09,78.77,13.93,2.21,0.46
1998-06-14,0.5,28.3,78.27,17.0,2.23,0.46
1998-06-15,0.01,28.22,69.27,18.08,2.25,0.45
1998-06-16,0.0,27.86,69.4,18.84,1.91,0.45
1998-06-17,0.01,27.89,73.36,19.32,2.8,0.45
1998-06-18,2.66,28.17,72.97,13.16,3.52,0.44
1998-06-19,0.44,28.27,74.83,17.86,2.97,0.44
1998-06-20,0.53,28.15,76.39,16.89,1.93,0.44
1998-06-21,0.28,27.74,79.86,18.5,3.04,0.44
1998-06-22,0.35,28.42,74.3,19.11,3.14,0.44
1998-06-23,0.0,28.28,67.33,18.86,2.3,0.43
1998-06-24,0.01,28.11,68.56,17.8,2.7,0.43
1998-06-25,0.02,27.26,69.35,17.08,3.52,0.43
1998-06-26,0.0,27.12,66.63,19.07,2.49,0.42
1998-06-27,0.0,27.57,65.19,19.19,2.01,0.42
1998-06-28,0.15,28.01,70.83,18.77,2.5,0.42
1998-06-29,1.19,26.53,85.51,15.69,3.0,0.42
1998-06-30,5.47,26.73,86.93,18.72,2.08,0.42
1998-07-01,3.32,27.54,82.42,14.73,3.12,0.43
1998-07-02,6.48,27.65,81.09,16.46,3.01,0.44
1998-07-03,4.73,27.71,80.5,14.98,2.44,0.44
1998-07-04,15.26,27.7,80.28,6.77,1.9,0.46
1998-07-05,2.67,27.85,78.41,16.56,1.89,0.47
1998-07-06,1.06,27.99,76.09,19.0,2.13,0.47
1998-07-07,1.39,27.62,79.1,18.16,2.94,0.46
1998-07-08,0.69,28.23,75.64,14.57,3.34,0.46
1998-07-09,0.06,28.45,70.71,16.8,3.65,0.46
1998-07-10,0.02,28.36,66.45,19.84,4.4,0.45
1998-07-11,0.01,27.84,66.77,19.72,3.66,0.45
1998-07-12,0.0,27.69,67.89,19.73,2.95,0.45
1998-07-13,0.05,27.81,67.03,17.44,3.34,0.44
1998-07-14,0.01,28.19,65.08,18.05,2.08,0.44
1998-07-15,0.07,28.05,68.75,16.43,1.95,0.44
1998-07-16,0.24,28.03,70.49,20.08,2.14,0.43
1998-07-17,0.04,28.03,70.98,19.86,2.31,0.43
1998-07-18,0.03,28.04,66.81,20.12,2.62,0.43
1998-07-19,0.02,28.01,72.98,18.44,2.1,0.42
1998-07-20,0.47,28.0,76.01,19.64,3.21,0.42
1998-07-21,0.37,28.47,72.01,19.47,2.12,0.42
1998-07-22,0.6,28.73,68.91,19.76,1.91,0.42
1998-07-23,1.51,28.6,73.06,20.15,3.18,0.41
1998-07-24,0.3,28.5,71.39,17.81,3.03,0.41
1998-07-25,0.55,28.69,67.28,18.51,2.85,0.41
1998-07-26,6.16,28.06,74.66,14.45,2.73,0.42
1998-07-27,4.19,27.36,78.28,19.08,1.91,0.42
1998-07-28,0.61,27.65,75.9,19.47,1.38,0.42
1998-07-29,0.52,27.23,77.56,16.87,1.85,0.42
1998-07-30,0.02,28.3,67.15,20.21,3.59,0.42
1998-07-31,0.0,28.25,69.43,18.93,3.48,0.41
1998-08-01,0.03,27.66,68.55,20.92,3.28,0.41
1998-08-02,0.04,27.36,65.78,19.97,2.26,0.41
1998-08-03,0.0,27.2,64.43,20.69,1.9,0.4
1998-08-04,0.0,27.49,60.92,21.75,1.58,0.4
1998-08-05,0.01,27.84,65.61,20.97,1.46,0.4
1998-08-06,0.01,27.69,69.03,21.09,1.99,0.39
1998-08-07,0.0,28.22,64.62,21.31,1.24,0.39
1998-08-08,0.01,28.65,64.36,20.93,2.74,0.39
1998-08-09,0.17,28.46,65.32,20.84,4.52,0.38
1998-08-10,0.07,28.12,63.42,19.77,3.88,0.38
1998-08-11,0.05,27.77,67.35,21.71,2.43,0.38
1998-08-12,0.04,27.64,71.17,21.15,1.65,0.38
1998-08-13,0.0,28.0,66.39,21.67,2.73,0.37
1998-08-14,0.0,27.92,67.63,21.19,2.27,0.37
1998-08-15,0.01,27.83,68.72,22.48,2.21,0.37
1998-08-16,0.0,27.87,63.86,22.05,2.54,0.36
1998-08-17,0.0,27.97,61.78,20.87,2.56,0.36
1998-08-18,0.0,28.25,57.42,22.89,1.87,0.36
1998-08-19,0.0,28.2,61.36,20.91,2.22,0.36
1998-08-20,0.0,27.76,67.43,21.84,1.62,0.35
1998-08-21,0.02,27.92,70.38,22.53,1.94,0.35
1998-08-22,0.05,28.34,71.15,22.59,2.08,0.35
1998-08-23,0.18,28.82,70.38,23.03,3.0,0.35
1998-08-24,0.03,28.63,69.52,23.12,2.76,0.34
1998-08-25,0.02,28.51,68.59,23.12,2.92,0.34
1998-08-26,0.03,28.78,67.4,23.08,2.96,0.34
1998-08-27,0.01,28.9,65.21,23.33,3.26,0.34
1998-08-28,0.0,27.83,63.51,23.16,3.2,0.34
1998-08-29,0.06,27.3,64.77,19.65,1.97,0.33
1998-08-30,0.37,26.88,67.89,20.42,1.59,0.33
1998-08-31,0.18,27.41,66.87,22.29,1.46,0.33
1998-09-01,0.05,27.83,64.88,22.36,1.31,0.33
1998-09-02,0.0,27.87,65.91,21.39,1.03,0.33
1998-09-03,0.04,28.17,60.52,22.85,1.26,0.33
1998-09-04,0.0,27.94,63.16,22.86,2.52,0.33
1998-09-05,0.0,28.31,61.37,23.3,2.18,0.33
1998-09-06,0.0,28.86,63.34,22.81,1.78,0.33
1998-09-07,0.07,28.71,69.95,23.75,3.11,0.33
1998-09-08,0.05,28.86,67.44,23.79,2.73,0.33
1998-09-09,0.0,28.5,66.57,20.38,2.43,0.33
1998-09-10,0.04,28.23,64.82,23.28,2.15,0.33
1998-09-11,0.04,28.24,63.41,23.75,1.45,0.33
1998-09-12,0.01,28.35,62.55,23.71,1.89,0.33
1998-09-13,0.03,28.71,63.32,23.85,1.27,0.33
1998-09-14,0.04,28.83,65.35,23.8,0.97,0.33
1998-09-15,0.03,28.7,69.51,24.05,1.31,0.33
1998-09-16,0.01,28.65,69.84,23.51,1.4,0.33
1998-09-17,0.04,28.77,69.9,23.04,1.93,0.33
1998-09-18,0.27,28.65,65.86,23.61,1.24,0.33
1998-09-19,0.02,28.9,64.01,23.6,1.9,0.33
1998-09-20,0.05,28.94,64.91,22.31,1.52,0.33
1998-09-21,2.3,28.42,72.92,23.22,1.41,0.33
1998-09-22,1.48,28.21,75.46,22.24,1.42,0.33
1998-09-23,3.24,27.98,78.69,20.25,1.65,0.34
1998-09-24,1.96,28.47,77.58,21.73,2.78,0.34
1998-09-25,0.2,28.53,74.23,21.31,2.44,0.34
1998-09-26,0.18,28.67,68.34,22.28,2.07,0.34
1998-09-27,0.99,28.9,67.48,22.89,2.18,0.33
1998-09-28,1.32,28.66,72.49,24.22,1.26,0.33
1998-09-29,0.0,28.8,70.79,24.38,1.38,0.33
1998-09-30,0.02,29.26,64.67,20.55,1.34,0.33
1998-10-01,0.0,29.22,62.43,24.58,1.78,0.33
1998-10-02,0.0,29.6,60.02,24.15,1.24,0.33
1998-10-03,0.19,29.16,64.75,22.96,1.35,0.33
1998-10-04,0.0,29.08,66.61,24.8,1.53,0.33
1998-10-05,1.65,29.48,62.01,23.77,1.16,0.33
1998-10-06,0.57,29.62,64.36,24.51,1.52,0.33
1998-10-07,3.87,29.64,62.66,24.2,1.13,0.33
1998-10-08,2.19,29.82,63.62,24.76,1.08,0.34
1998-10-09,1.03,29.74,65.64,22.39,1.18,0.33
1998-10-10,0.22,29.46,67.61,21.84,0.84,0.33
1998-10-11,0.06,29.67,66.7,24.95,1.29,0.33
1998-10-12,0.41,29.6,69.24,22.85,2.01,0.33
1998-10-13,1.95,29.51,72.4,20.95,2.98,0.33
1998-10-14,6.47,28.72,75.9,19.63,2.34,0.34
1998-10-15,1.31,29.36,70.85,24.93,1.96,0.34
1998-10-16,0.37,29.77,68.58,25.29,2.34,0.34
1998-10-17,0.18,29.78,69.32,23.5,1.92,0.34
1998-10-18,0.34,29.33,71.65,23.63,2.5,0.34
1998-10-19,1.46,28.81,74.31,22.02,3.0,0.34
1998-10-20,3.02,28.6,77.03,22.75,2.99,0.34
1998-10-21,3.67,28.65,76.48,22.63,2.6,0.34
1998-10-22,2.59,29.38,72.07,23.73,2.21,0.34
1998-10-23,9.21,28.81,78.94,22.71,2.5,0.35
1998-10-24,5.22,28.1,80.24,24.08,2.06,0.37
1998-10-25,0.73,28.59,73.83,23.73,2.17,0.37
1998-10-26,0.17,29.54,70.4,23.89,0.86,0.36
1998-10-27,4.0,29.15,72.47,19.81,0.67,0.36
1998-10-28,1.61,29.4,70.61,23.67,0.79,0.37
1998-10-29,1.39,29.08,72.13,23.03,1.25,0.37
1998-10-30,2.15,28.93,71.33,17.62,0.84,0.37
1998-10-31,1.8,28.6,70.31,21.31,1.52,0.37
1998-11-01,0.31,28.64,74.29,25.29,2.36,0.37
1998-11-02,2.21,28.43,79.61,19.19,2.57,0.37
1998-11-03,1.45,29.14,70.19,22.58,0.53,0.37
1998-11-04,1.74,29.58,69.74,24.69,1.15,0.37
1998-11-05,3.35,28.89,74.79,23.52,1.15,0.37
1998-11-06,7.38,29.2,72.54,24.67,1.48,0.38
1998-11-07,11.94,29.11,77.68,22.03,2.75,0.4
1998-11-08,3.18,29.69,70.96,21.12,1.79,0.41
1998-11-09,5.8,29.34,73.82,21.63,2.14,0.41
1998-11-10,17.37,28.34,82.93,19.01,3.49,0.43
1998-11-11,4.59,28.26,82.13,19.94,3.01,0.44
1998-11-12,8.19,28.28,80.95,14.07,2.65,0.45
1998-11-13,8.62,28.14,81.75,17.39,2.6,0.46
1998-11-14,18.15,27.95,83.59,14.87,3.04,0.48
1998-11-15,19.38,27.72,83.4,17.3,3.38,0.51
1998-11-16,6.22,27.75,82.19,19.68,3.2,0.53
1998-11-17,8.59,27.6,81.47,16.42,2.03,0.53
1998-11-18,6.81,27.93,79.9,20.49,1.98,0.54
1998-11-19,3.28,27.6,85.05,10.74,3.23,0.54
1998-11-20,1.75,27.48,83.95,19.5,2.7,0.54
1998-11-21,4.72,27.56,83.94,15.37,2.51,0.55
1998-11-22,3.22,27.79,83.61,21.38,2.76,0.55
1998-11-23,1.17,27.86,82.76,18.01,1.43,0.55
1998-11-24,0.81,27.58,83.11,24.17,1.61,0.55
1998-11-25,1.19,27.37,80.55,21.57,2.25,0.54
1998-11-26,0.92,27.71,78.24,17.69,1.61,0.54
1998-11-27,0.64,27.81,77.17,22.2,1.35,0.54
1998-11-28,2.98,27.14,83.02,18.07,2.84,0.54
1998-11-29,6.12,27.22,82.07,14.98,3.0,0.54
1998-11-30,13.58,27.7,80.53,21.61,2.43,0.55
1998-12-01,15.33,27.34,86.17,14.55,2.05,0.58
1998-12-02,18.22,27.79,84.56,18.55,4.08,0.6
1998-12-03,20.87,27.53,84.17,15.55,3.06,0.63
1998-12-04,21.0,27.41,81.65,21.45,1.67,0.67
1998-12-05,2.24,28.16,80.03,22.17,2.94,0.67
1998-12-06,4.48,28.15,82.67,22.42,4.85,0.67
1998-12-07,0.85,28.31,83.37,22.01,5.02,0.66
1998-12-08,1.15,28.71,81.53,17.9,4.83,0.66
1998-12-09,2.11,28.52,81.9,17.09,4.89,0.65
1998-12-10,3.51,28.93,77.41,19.0,4.78,0.65
1998-12-11,6.92,28.27,79.08,21.41,2.78,0.65
1998-12-12,2.25,27.9,79.46,24.13,1.36,0.66
1998-12-13,0.22,28.44,78.41,24.58,2.49,0.65
1998-12-14,0.0,28.68,74.5,24.68,1.86,0.64
1998-12-15,0.15,28.42,77.05,25.36,1.98,0.64
1998-12-16,24.42,27.99,84.28,23.28,2.93,0.64
1998-12-17,6.55,27.92,81.73,21.71,3.22,0.68
1998-12-18,3.14,28.05,78.85,21.25,2.84,0.67
1998-12-19,1.56,27.53,80.55,16.71,3.11,0.67
1998-12-20,2.32,27.16,84.47,15.43,2.37,0.66
1998-12-21,4.74,26.84,85.95,19.67,2.97,0.66
1998-12-22,7.98,26.91,84.15,19.82,1.84,0.67
1998-12-23,8.39,27.19,82.92,21.17,1.29,0.68
1998-12-24,13.46,27.08,85.53,17.72,2.31,0.69
1998-12-25,8.41,26.88,83.74,11.02,1.96,0.71
1998-12-26,23.38,27.15,83.98,18.23,2.75,0.72
1998-12-27,22.65,27.62,83.17,18.19,3.06,0.76
1998-12-28,29.38,27.67,85.11,18.06,3.38,0.79
1998-12-29,24.53,27.06,84.37,20.57,2.68,0.82
1998-12-30,4.93,27.56,82.44,16.13,3.69,0.84
1998-12-31,2.23,27.6,81.08,22.17,2.64,0.83
1999-01-01,1.09,27.77,80.11,21.2,2.57,0.82
1999-01-02,1.78,27.87,79.89,20.0,2.1,0.82
1999-01-03,5.93,27.64,79.39,23.75,1.17,0.82
1999-01-04,3.37,27.13,83.5,18.28,1.51,0.82
1999-01-05,2.58,27.46,83.3,19.07,1.45,0.82
1999-01-06,2.96,27.06,85.94,17.99,2.46,0.82
1999-01-07,4.24,27.11,86.33,12.19,2.78,0.82
1999-01-08,4.24,27.1,88.17,16.87,3.68,0.82
1999-01-09,2.05,27.06,84.83,18.26,2.61,0.82
1999-01-10,1.35,27.46,75.99,16.11,1.65,0.82
1999-01-11,7.5,27.42,81.69,17.77,1.81,0.82
1999-01-12,6.75,26.86,85.9,13.88,3.44,0.83
1999-01-13,1.36,27.2,80.27,17.44,0.85,0.83
1999-01-14,0.88,27.44,81.58,24.34,2.15,0.82
1999-01-15,1.32,27.83,80.46,23.47,2.22,0.82
1999-01-16,33.29,27.28,83.83,20.12,1.7,0.84
1999-01-17,36.42,27.15,82.58,20.21,1.98,0.89
1999-01-18,41.85,27.1,86.26,20.67,3.98,0.92
1999-01-19,15.91,27.28,86.07,16.7,3.29,0.95
1999-01-20,11.94,27.63,85.03,16.72,4.33,0.95
1999-01-21,11.84,27.37,86.23,15.73,4.24,0.95
1999-01-22,18.25,27.41,87.39,13.37,4.1,0.96
1999-01-23,12.79,27.41,85.44,19.31,3.74,0.97
1999-01-24,6.23,27.55,86.95,21.51,1.97,0.96
1999-01-25,3.01,27.59,82.39,18.77,2.67,0.96
1999-01-26,0.65,28.05,80.32,22.87,2.01,0.95
1999-01-27,3.62,28.23,83.22,16.11,2.54,0.95
1999-01-28,8.81,27.6,86.24,16.06,1.72,0.95
1999-01-29,10.61,27.22,85.86,15.73,3.03,0.95
1999-01-30,8.0,27.56,86.21,20.06,4.04,0.95
1999-01-31,13.31,27.82,85.49,17.93,4.82,0.95
1999-02-01,23.39,27.97,85.58,16.78,5.25,0.96
1999-02-02,12.05,28.12,83.12,21.14,4.8,0.97
1999-02-03,8.88,27.62,85.21,14.93,4.61,0.97
1999-02-04,27.13,27.47,87.34,12.38,5.18,0.98
1999-02-05,23.69,27.58,84.75,11.6,4.39,0.99
1999-02-06,13.34,27.33,83.6,13.33,3.83,0.99
1999-02-07,20.03,27.41,83.52,19.03,3.71,0.99
1999-02-08,31.07,27.31,85.1,15.88,3.37,1.0
1999-02-09,22.79,27.26,82.15,16.38,3.56,1.0
1999-02-10,9.07,27.45,83.07,22.92,3.35,1.0
1999-02-11,5.37,27.66,83.04,19.59,3.86,0.99
1999-02-12,1.08,27.02,85.67,21.28,3.66,0.99
1999-02-13,5.54,27.44,82.9,22.47,4.06,0.98
1999-02-14,14.4,27.31,80.93,20.67,4.02,0.98
1999-02-15,21.06,27.23,84.76,19.27,4.43,0.99
1999-02-16,13.24,27.16,82.42,16.23,3.79,0.99
1999-02-17,11.3,27.09,83.68,20.44,2.31,0.99
1999-02-18,1.49,27.75,79.1,25.31,2.37,0.99
1999-02-19,5.99,27.81,81.64,18.54,3.44,0.98
1999-02-20,26.89,27.44,84.98,13.9,3.96,0.99
1999-02-21,13.93,27.38,85.51,20.54,4.29,0.99
1999-02-22,5.71,27.42,84.52,19.57,4.17,0.99
1999-02-23,8.6,27.2,85.57,21.64,4.35,0.98
1999-02-24,19.9,27.2,84.26,13.34,3.41,0.99
1999-02-25,13.6,26.6,87.27,16.36,4.51,0.99
1999-02-26,6.84,27.07,78.75,20.41,3.01,0.99
1999-02-27,6.49,27.53,77.97,23.99,1.63,0.98
1999-02-28,9.94,27.33,82.03,22.48,2.41,0.98
1999-03-01,10.2,27.78,81.14,22.31,2.63,0.98
1999-03-02,4.98,27.37,86.12,15.62,3.96,0.98
1999-03-03,5.28,27.35,85.29,14.94,3.05,0.98
1999-03-04,2.5,27.39,85.51,18.77,2.68,0.97
1999-03-05,4.97,27.41,84.33,22.15,2.24,0.97
1999-03-06,6.17,26.6,84.96,21.04,1.68,0.97
1999-03-07,8.98,27.69,81.9,21.48,1.83,0.97
1999-03-08,11.3,27.43,80.98,18.42,1.77,0.97
1999-03-09,1.87,27.82,81.35,19.96,2.26,0.97
1999-03-10,0.92,27.91,81.26,20.5,2.5,0.96
1999-03-11,0.73,28.36,75.52,24.61,1.42,0.96
1999-03-12,7.1,27.61,80.5,16.27,1.99,0.95
1999-03-13,2.77,27.58,81.05,17.12,2.46,0.95
1999-03-14,3.5,27.54,83.24,19.75,2.99,0.95
1999-03-15,2.77,27.51,83.83,21.54,2.67,0.95
1999-03-16,1.48,27.41,83.88,22.8,2.72,0.94
1999-03-17,2.0,27.47,82.91,22.78,2.26,0.94
1999-03-18,8.28,27.76,81.59,18.68,2.18,0.94
1999-03-19,13.87,27.55,83.28,11.06,2.52,0.94
1999-03-20,8.01,27.24,83.59,18.28,1.54,0.95
1999-03-21,9.8,27.21,84.58,20.42,2.04,0.95
1999-03-22,16.32,26.99,87.5,12.98,4.39,0.95
1999-03-23,8.03,27.23,87.61,17.0,4.44,0.96
1999-03-24,6.95,27.28,87.41,13.1,3.5,0.96
1999-03-25,6.99,26.97,84.2,16.31,2.24,0.96
1999-03-26,5.72,27.01,84.71,11.97,3.21,0.96
1999-03-27,4.75,27.44,83.4,22.51,1.93,0.96
1999-03-28,5.19,27.26,85.8,20.51,2.75,0.95
1999-03-29,4.46,27.54,82.45,19.86,2.76,0.95
1999-03-30,7.32,27.68,82.3,22.93,2.87,0.95
1999-03-31,4.05,27.91,81.7,21.95,1.85,0.95
1999-04-01,4.3,28.11,80.26,20.45,2.11,0.94
1999-04-02,1.18,27.72,82.53,18.67,2.52,0.94
1999-04-03,2.01,27.59,80.52,20.36,1.47,0.93
1999-04-04,5.02,27.4,85.55,19.55,2.51,0.93
1999-04-05,5.78,27.27,85.39,10.77,2.65,0.93
1999-04-06,5.11,26.95,86.71,16.54,3.08,0.94
1999-04-07,0.69,27.32,83.49,23.37,2.32,0.93
1999-04-08,0.0,28.02,81.55,23.36,2.07,0.92
1999-04-09,0.06,28.46,78.06,23.37,1.12,0.92
1999-04-10,3.27,28.06,80.63,20.43,1.67,0.92
1999-04-11,5.37,27.98,83.15,20.45,1.09,0.92
1999-04-12,8.48,27.6,84.33,18.19,1.97,0.92
1999-04-13,6.23,27.55,82.91,21.42,1.81,0.92
1999-04-14,2.01,28.12,76.27,22.97,1.41,0.92
1999-04-15,0.52,28.7,68.65,16.31,1.71,0.92
1999-04-16,0.12,28.74,67.94,19.75,2.38,0.91
1999-04-17,0.09,28.64,70.18,19.61,1.93,0.9
1999-04-18,0.42,28.28,71.13,17.25,1.26,0.89
1999-04-19,3.9,27.64,79.73,9.4,2.78,0.88
1999-04-20,2.59,27.16,82.13,13.91,1.96,0.88
1999-04-21,4.25,27.42,79.01,16.12,1.66,0.88
1999-04-22,7.98,27.41,84.18,20.32,3.01,0.89
1999-04-23,1.35,26.89,85.01,18.5,4.61,0.88
1999-04-24,0.43,27.73,80.47,20.17,5.69,0.88
1999-04-25,0.08,26.95,83.76,21.45,4.44,0.87
1999-04-26,0.42,27.68,80.65,22.38,3.06,0.87
1999-04-27,0.14,27.89,80.42,21.96,2.23,0.86
1999-04-28,0.56,28.28,78.67,16.37,1.54,0.86
1999-04-29,1.44,26.59,82.29,13.35,1.62,0.85
1999-04-30,7.29,26.93,81.04,15.47,4.22,0.85
1999-05-01,4.9,27.62,72.42,17.67,3.81,0.86
1999-05-02,0.0,27.19,72.29,18.57,4.04,0.85
1999-05-03,0.0,26.86,71.44,19.32,3.11,0.84
1999-05-04,0.0,27.24,69.33,20.58,3.32,0.83
1999-05-05,0.1,27.61,75.5,19.3,2.31,0.82
1999-05-06,2.14,27.46,81.54,21.1,2.56,0.82
1999-05-07,3.28,27.41,78.39,21.02,3.3,0.81
1999-05-08,0.96,27.57,73.66,21.59,4.24,0.8
1999-05-09,0.05,27.25,71.74,20.28,3.92,0.79
1999-05-10,0.1,27.34,73.11,20.25,4.05,0.79
1999-05-11,0.0,27.16,71.13,20.24,3.11,0.78
1999-05-12,0.07,27.23,69.88,21.29,2.78,0.77
1999-05-13,0.07,27.58,68.3,18.28,1.86,0.76
1999-05-14,0.0,27.93,69.87,16.97,1.76,0.75
1999-05-15,0.0,27.63,73.87,18.81,2.35,0.74
1999-05-16,0.07,26.96,74.75,21.73,2.89,0.73
1999-05-17,0.0,26.9,71.18,21.0,2.81,0.73
1999-05-18,0.03,27.15,71.43,18.48,2.69,0.72
1999-05-19,0.0,27.01,70.21,15.96,2.76,0.71
1999-05-20,0.01,27.27,72.16,21.1,3.22,0.7
1999-05-21,0.02,27.3,69.9,19.71,3.86,0.69
1999-05-22,0.0,26.66,71.0,21.02,3.65,0.68
1999-05-23,0.0,26.22,65.76,20.51,2.78,0.68
1999-05-24,0.0,26.15,64.6,20.76,2.27,0.67
1999-05-25,0.0,26.54,66.26,20.01,2.81,0.66
1999-05-26,0.0,26.85,69.61,20.89,3.05,0.65
1999-05-27,0.0,27.06,70.78,20.53,2.62,0.65
1999-05-28,0.08,27.02,69.45,19.34,2.0,0.64
1999-05-29,0.04,26.03,77.36,19.32,2.49,0.63
1999-05-30,0.12,26.52,71.84,19.92,2.58,0.63
1999-05-31,0.02,27.2,73.63,17.26,3.1,0.62
1999-06-01,0.03,27.41,77.64,18.92,3.54,0.61
1999-06-02,0.01,27.52,73.8,19.9,3.72,0.61
1999-06-03,0.01,26.87,71.19,19.02,3.25,0.6
1999-06-04,0.0,26.59,70.41,19.83,2.41,0.59
1999-06-05,0.03,26.4,70.2,17.65,1.72,0.59
1999-06-06,0.66,26.83,67.8,18.54,1.43,0.58
1999-06-07,18.85,26.12,80.63,18.44,2.02,0.59
1999-06-08,11.67,26.18,81.58,18.28,1.52,0.62
1999-06-09,1.45,26.71,78.74,19.57,1.86,0.62
1999-06-10,0.62,26.86,73.95,19.27,2.76,0.61
1999-06-11,0.2,26.98,72.16,19.21,2.53,0.61
1999-06-12,0.15,26.85,71.01,18.08,2.38,0.6
1999-06-13,0.06,26.86,73.11,19.35,2.56,0.59
1999-06-14,0.0,27.24,67.85,19.36,2.33,0.58
1999-06-15,0.02,27.06,69.82,18.78,2.4,0.58
1999-06-16,0.06,27.01,71.98,16.64,2.62,0.57
1999-06-17,0.02,26.9,74.67,16.85,3.13,0.57
1999-06-18,2.31,26.02,84.93,10.76,3.31,0.56
1999-06-19,0.9,26.06,85.44,17.27,3.3,0.57
1999-06-20,0.47,26.34,81.13,18.17,3.15,0.57
1999-06-21,23.7,25.91,83.05,19.22,2.61,0.58
1999-06-22,5.68,26.35,79.39,12.59,3.16,0.61
1999-06-23,0.59,26.78,74.34,18.11,3.57,0.6
1999-06-24,0.08,26.03,74.69,14.26,3.26,0.6
1999-06-25,0.02,26.34,71.55,18.96,3.33,0.59
1999-06-26,0.0,26.64,69.74,19.62,3.66,0.58
1999-06-27,0.01,26.21,64.94,19.47,3.55,0.58
1999-06-28,0.0,25.86,67.13,19.27,3.2,0.57
1999-06-29,0.0,25.76,68.87,19.23,3.3,0.56
1999-06-30,0.01,26.04,73.51,15.98,3.12,0.56
1999-07-01,0.14,26.26,76.25,16.82,3.19,0.55
1999-07-02,0.41,26.23,77.14,15.0,4.6,0.55
1999-07-03,0.03,26.29,76.89,18.85,4.47,0.54
1999-07-04,0.04,26.26,75.1,18.75,4.36,0.54
1999-07-05,0.0,26.26,74.35,16.47,3.05,0.53
1999-07-06,0.0,26.44,73.07,18.7,2.3,0.53
1999-07-07,0.01,26.5,73.84,16.75,2.2,0.52
1999-07-08,0.02,26.49,74.64,19.33,2.34,0.52
1999-07-09,0.01,26.37,72.94,19.33,2.27,0.51
1999-07-10,0.0,26.76,71.1,20.29,2.31,0.51
1999-07-11,0.0,26.97,71.75,19.84,2.76,0.5
1999-07-12,0.01,27.17,67.04,19.22,2.69,0.5
1999-07-13,0.0,26.95,65.77,19.88,2.96,0.49
1999-07-14,0.0,26.39,65.26,19.22,2.72,0.49
1999-07-15,0.0,26.16,63.85,19.15,3.14,0.48
1999-07-16,0.0,25.58,62.47,20.05,2.49,0.48
1999-07-17,0.0,25.48,66.59,19.72,2.04,0.48
1999-07-18,0.0,25.51,73.96,19.73,2.27,0.47
1999-07-19,0.0,25.76,73.51,19.25,2.94,0.47
1999-07-20,0.0,25.75,69.94,16.0,1.99,0.47
1999-07-21,0.0,26.3,65.05,19.62,2.14,0.46
1999-07-22,0.81,26.39,67.91,20.1,2.62,0.46
1999-07-23,0.0,26.4,68.88,20.81,4.46,0.46
1999-07-24,0.0,25.89,59.77,20.44,3.75,0.45
1999-07-25,0.0,25.3,66.08,20.83,2.88,0.45
1999-07-26,0.0,25.53,67.36,17.85,2.01,0.44
1999-07-27,0.15,25.86,70.52,18.71,2.17,0.44
1999-07-28,0.0,26.14,70.38,20.5,1.56,0.44
1999-07-29,0.13,26.15,70.58,19.59,1.59,0.43
1999-07-30,0.07,26.39,66.46,20.53,2.87,0.43
1999-07-31,0.09,27.04,65.19,20.96,3.37,0.43
1999-08-01,0.31,26.71,69.86,20.34,3.02,0.43
1999-08-02,0.05,26.36,70.93,20.62,2.92,0.42
1999-08-03,0.0,25.98,70.33,21.08,1.96,0.42
1999-08-04,0.0,26.25,64.97,20.99,2.6,0.42
1999-08-05,0.0,25.99,69.76,20.94,2.67,0.41
1999-08-06,0.02,26.37,74.8,21.65,2.47,0.41
1999-08-07,0.04,26.66,77.34,19.79,2.5,0.41
1999-08-08,1.38,26.93,74.51,17.26,2.47,0.41
1999-08-09,0.34,27.23,63.88,20.29,2.4,0.4
1999-08-10,0.0,26.83,65.05,21.22,3.31,0.4
1999-08-11,0.02,26.04,70.6,20.97,3.19,0.4
1999-08-12,0.0,26.31,70.97,22.54,3.37,0.4
1999-08-13,0.0,26.62,69.25,20.24,3.26,0.39
1999-08-14,0.0,26.47,67.17,22.51,3.12,0.39
1999-08-15,0.01,25.92,63.36,22.55,3.38,0.39
1999-08-16,0.04,25.39,64.52,22.14,3.43,0.38
1999-08-17,0.05,25.54,63.22,21.91,1.87,0.38
1999-08-18,0.22,25.81,61.28,20.73,2.8,0.38
1999-08-19,0.23,25.57,69.71,20.81,1.96,0.38
1999-08-20,0.0,26.15,69.97,22.14,1.79,0.37
1999-08-21,0.29,26.22,73.12,20.88,2.05,0.37
1999-08-22,0.03,26.58,74.81,22.1,2.34,0.37
1999-08-23,0.02,27.04,74.43,22.77,2.05,0.37
1999-08-24,0.0,27.22,69.12,20.42,1.53,0.36
1999-08-25,0.02,27.02,67.29,22.27,1.84,0.36
1999-08-26,0.1,26.93,62.7,17.8,1.85,0.36
1999-08-27,0.0,26.7,64.99,20.95,1.58,0.36
1999-08-28,0.0,26.89,66.68,23.14,1.57,0.35
1999-08-29,0.0,27.07,66.91,22.74,1.95,0.35
1999-08-30,0.08,26.79,65.62,22.75,1.41,0.35
1999-08-31,0.05,26.49,65.26,20.13,1.99,0.35
1999-09-01,0.0,26.51,64.66,22.5,1.33,0.34
1999-09-02,0.0,26.96,64.38,22.67,1.23,0.34
1999-09-03,0.0,27.37,65.66,22.56,1.06,0.34
1999-09-04,0.0,27.3,65.78,23.52,1.14,0.34
1999-09-05,0.0,27.54,64.31,23.65,1.21,0.33
1999-09-06,0.0,27.46,65.46,23.99,1.22,0.33
1999-09-07,0.0,27.25,69.01,22.04,1.43,0.33
1999-09-08,0.0,27.39,64.85,22.95,1.97,0.33
1999-09-09,0.0,27.18,63.06,24.1,2.19,0.33
1999-09-10,0.0,26.92,66.01,24.28,2.34,0.33
1999-09-11,0.0,27.47,65.77,24.08,1.52,0.33
1999-09-12,0.0,27.52,68.32,24.11,2.59,0.33
1999-09-13,0.0,28.0,64.53,23.41,2.08,0.33
1999-09-14,0.0,28.08,66.74,23.78,2.74,0.33
1999-09-15,0.0,27.61,69.72,24.24,1.32,0.33
1999-09-16,0.0,27.62,68.53,24.26,1.35,0.33
1999-09-17,0.03,27.54,66.18,24.19,1.35,0.33
1999-09-18,0.0,27.91,63.97,24.49,1.38,0.33
1999-09-19,0.04,28.38,68.22,24.24,1.95,0.33
1999-09-20,0.16,28.25,67.08,23.55,2.58,0.33
1999-09-21,0.05,28.32,62.91,23.98,1.69,0.33
1999-09-22,0.02,28.57,61.47,24.42,1.76,0.33
1999-09-23,0.0,28.48,65.03,24.53,2.43,0.33
1999-09-24,0.29,27.99,67.32,22.02,1.81,0.33
1999-09-25,0.0,28.07,67.56,23.99,2.94,0.33
1999-09-26,0.01,27.98,64.93,25.47,2.95,0.33
1999-09-27,0.0,27.79,63.37,25.55,3.37,0.33
1999-09-28,0.0,27.45,62.61,26.1,3.21,0.33
1999-09-29,0.0,27.49,62.21,25.28,2.86,0.33
1999-09-30,0.0,27.86,61.49,26.16,1.91,0.33
1999-10-01,0.01,28.35,62.36,26.02,2.3,0.33
1999-10-02,0.14,28.52,65.91,22.91,2.14,0.33
1999-10-03,0.1,28.81,61.1,25.72,1.49,0.33
1999-10-04,0.0,29.03,63.44,25.75,1.03,0.33
1999-10-05,0.0,28.91,67.62,25.79,1.91,0.33
1999-10-06,0.05,29.12,67.09,25.95,1.83,0.33
1999-10-07,0.0,29.16,66.22,25.98,1.58,0.33
1999-10-08,0.03,28.54,69.98,23.73,0.9,0.32
1999-10-09,0.02,28.38,70.17,23.77,1.33,0.32
1999-10-10,0.01,28.09,72.59,23.79,0.88,0.32
1999-10-11,0.18,27.7,74.71,24.28,1.7,0.33
1999-10-12,0.71,28.03,74.97,23.83,1.77,0.33
1999-10-13,2.47,28.06,72.4,20.61,1.14,0.33
1999-10-14,0.67,27.92,74.74,24.36,1.4,0.33
1999-10-15,0.41,28.53,73.67,25.73,1.77,0.33
1999-10-16,0.98,28.61,72.67,25.68,1.4,0.33
1999-10-17,0.78,28.86,69.66,25.05,2.57,0.33
1999-10-18,3.72,29.45,66.06,25.26,2.27,0.33
1999-10-19,0.81,29.21,67.88,24.5,2.8,0.34
1999-10-20,0.08,29.39,66.07,24.71,1.85,0.33
1999-10-21,0.52,28.9,71.18,24.77,2.71,0.33
1999-10-22,0.82,28.39,75.9,23.88,2.82,0.33
1999-10-23,1.34,28.55,71.11,22.53,2.42,0.33
1999-10-24,0.13,29.09,68.02,25.02,2.01,0.33
1999-10-25,0.31,28.81,71.12,24.34,1.72,0.33
1999-10-26,0.03,29.3,71.74,22.56,1.23,0.33
1999-10-27,0.16,29.75,67.08,25.94,0.96,0.33
1999-10-28,0.14,29.94,65.5,19.32,0.99,0.33
1999-10-29,0.05,29.68,67.13,25.13,1.4,0.33
1999-10-30,0.28,29.49,67.83,25.06,1.25,0.33
1999-10-31,0.56,28.99,68.82,13.19,1.48,0.33
1999-11-01,0.39,28.48,73.74,18.22,1.51,0.33
1999-11-02,8.48,28.17,75.0,15.21,0.92,0.34
1999-11-03,10.08,28.1,76.57,21.46,2.18,0.35
1999-11-04,6.52,28.92,70.77,22.55,1.5,0.37
1999-11-05,6.92,28.88,70.69,24.12,1.25,0.37
1999-11-06,4.07,28.86,71.06,12.75,1.08,0.38
1999-11-07,4.09,28.61,74.07,22.53,1.73,0.38
1999-11-08,3.24,28.09,79.41,24.11,1.97,0.39
1999-11-09,1.6,27.95,84.43,25.32,4.43,0.39
1999-11-10,5.05,27.67,82.14,19.9,2.81,0.39
1999-11-11,2.61,27.62,79.72,20.41,2.96,0.4
1999-11-12,1.17,27.88,74.18,24.85,2.15,0.4
1999-11-13,0.75,27.85,70.23,16.74,1.77,0.4
1999-11-14,0.12,29.0,67.23,25.23,1.16,0.39
1999-11-15,0.22,29.22,64.63,23.5,0.78,0.39
1999-11-16,1.3,27.93,73.32,19.95,1.45,0.39
1999-11-17,0.67,27.36,74.3,16.42,1.23,0.39
1999-11-18,0.84,27.95,75.22,23.88,1.94,0.39
1999-11-19,5.97,27.8,78.76,14.39,1.75,0.39
1999-11-20,0.95,27.87,73.94,24.12,1.86,0.4
1999-11-21,0.78,27.66,75.17,18.84,1.44,0.4
1999-11-22,3.55,27.86,76.47,19.91,1.94,0.4
1999-11-23,2.86,28.09,78.16,23.68,3.32,0.4
1999-11-24,0.81,28.63,74.45,23.32,3.5,0.4
1999-11-25,0.86,29.02,70.49,26.05,3.31,0.4
1999-11-26,0.83,28.7,74.53,25.76,3.42,0.4
1999-11-27,0.93,28.44,77.05,25.64,3.33,0.4
1999-11-28,1.17,28.54,77.04,22.69,3.76,0.4
1999-11-29,0.69,28.76,72.68,23.53,2.55,0.4
1999-11-30,6.03,28.76,71.29,20.32,1.62,0.4
1999-12-01,8.86,28.57,74.9,22.73,1.89,0.42
1999-12-02,3.33,28.61,75.88,24.3,2.03,0.42
1999-12-03,2.64,28.47,79.53,20.04,2.73,0.42
1999-12-04,3.61,28.3,81.12,19.85,2.98,0.42
1999-12-05,4.03,27.89,82.99,21.45,4.76,0.43
1999-12-06,7.6,27.25,83.41,15.16,3.21,0.44
1999-12-07,11.96,27.5,84.07,16.49,5.96,0.46
1999-12-08,7.57,27.68,82.59,21.22,6.26,0.47
1999-12-09,7.67,28.1,84.46,12.47,4.89,0.48
1999-12-10,5.5,28.5,81.63,15.11,5.8,0.49
1999-12-11,10.5,28.46,79.37,11.52,4.72,0.49
1999-12-12,5.33,28.22,79.44,18.83,3.86,0.51
1999-12-13,3.15,28.4,77.29,17.16,3.19,0.51
1999-12-14,9.24,27.59,84.11,22.1,3.3,0.51
1999-12-15,11.07,27.59,84.23,20.96,3.98,0.53
1999-12-16,1.54,27.3,82.26,20.24,3.87,0.53
1999-12-17,0.8,27.41,80.68,16.26,2.18,0.53
1999-12-18,1.45,26.82,83.94,21.29,2.76,0.53
1999-12-19,3.85,27.1,83.7,18.99,2.61,0.53
1999-12-20,0.69,26.57,80.79,15.55,3.15,0.53
1999-12-21,0.61,27.39,76.69,21.4,3.32,0.52
1999-12-22,2.56,27.0,84.51,21.58,3.85,0.52
1999-12-23,2.96,27.22,80.23,22.31,2.38,0.52
1999-12-24,6.26,27.99,75.78,25.26,2.5,0.53
1999-12-25,15.13,27.4,82.05,19.73,3.15,0.54
1999-12-26,12.62,27.3,84.85,20.17,3.78,0.57
1999-12-27,0.97,27.97,80.32,24.02,3.39,0.57
1999-12-28,1.09,28.06,77.36,23.86,2.97,0.56
1999-12-29,3.89,27.99,78.8,22.41,3.41,0.56
1999-12-30,16.07,28.09,82.18,17.74,5.0,0.57
1999-12-31,14.93,27.44,85.46,20.56,4.26,0.6
2000-01-01,2.09,27.29,82.79,15.94,3.32,0.6
2000-01-02,0.78,27.43,81.44,22.33,2.52,0.6
2000-01-03,0.34,26.84,86.18,14.81,3.03,0.59
2000-01-04,0.08,27.58,78.14,25.18,1.1,0.59
2000-01-05,0.23,27.51,80.46,24.99,1.91,0.59
2000-01-06,1.98,27.8,79.27,22.17,1.79,0.58
2000-01-07,1.54,28.1,76.49,25.75,1.2,0.58
2000-01-08,2.18,27.27,82.73,24.18,2.42,0.58
2000-01-09,6.17,27.45,81.28,11.38,2.86,0.59
2000-01-10,7.28,26.81,84.53,12.5,2.8,0.59
2000-01-11,13.53,27.06,82.95,13.21,4.25,0.61
2000-01-12,7.08,27.58,79.03,20.77,4.6,0.62
2000-01-13,4.66,27.18,83.39,18.95,4.63,0.62
2000-01-14,7.94,26.7,83.41,21.48,3.11,0.62
2000-01-15,13.61,26.74,84.14,20.27,3.88,0.64
2000-01-16,5.16,26.97,83.04,21.91,2.84,0.65
2000-01-17,2.08,27.45,78.96,22.27,2.66,0.65
2000-01-18,13.17,27.52,81.38,21.91,4.29,0.65
2000-01-19,15.32,27.02,83.5,13.81,5.28,0.68
2000-01-20,20.53,27.11,83.48,14.24,5.42,0.69
2000-01-21,15.89,26.44,86.77,18.76,4.39,0.72
2000-01-22,22.25,26.86,85.87,11.54,4.72,0.74
2000-01-23,62.74,26.88,86.86,13.6,5.59,0.79
2000-01-24,26.57,26.61,87.8,15.62,6.13,0.87
2000-01-25,22.65,26.74,86.8,14.61,3.94,0.89
2000-01-26,8.88,26.93,84.1,20.78,2.31,0.89
2000-01-27,2.25,26.73,83.75,21.05,2.4,0.89
2000-01-28,16.45,27.01,84.48,19.94,3.7,0.89
2000-01-29,11.38,27.16,86.36,19.93,4.36,0.9
2000-01-30,6.91,27.25,84.72,20.13,2.5,0.9
2000-01-31,7.02,26.91,89.05,10.15,3.55,0.91
2000-02-01,2.05,27.16,85.13,19.84,3.61,0.9
2000-02-02,2.14,27.36,81.52,22.41,1.81,0.9
2000-02-03,7.26,27.47,82.73,21.51,1.99,0.9
2000-02-04,3.23,27.2,87.73,18.7,2.79,0.9
2000-02-05,3.01,26.74,85.94,17.38,1.68,0.9
2000-02-06,2.06,27.12,86.76,22.94,1.72,0.89
2000-02-07,14.95,27.23,88.92,16.19,3.78,0.9
2000-02-08,20.57,27.3,87.46,9.93,5.61,0.92
2000-02-09,10.85,27.24,86.93,17.69,4.9,0.93
2000-02-10,9.75,27.1,86.49,18.04,4.54,0.93
2000-02-11,6.99,27.17,84.44,20.68,3.41,0.93
2000-02-12,34.27,26.78,86.2,19.05,4.17,0.94
2000-02-13,36.13,26.24,86.46,11.47,5.01,0.98
2000-02-14,3.85,26.63,82.28,16.6,2.99,0.98
2000-02-15,1.19,26.91,82.13,17.0,2.64,0.97
2000-02-16,3.07,26.96,86.52,18.55,2.25,0.96
2000-02-17,3.15,26.47,87.72,17.78,2.68,0.96
2000-02-18,4.85,26.39,85.26,20.12,3.11,0.96
2000-02-19,3.18,26.6,85.19,21.77,2.73,0.96
2000-02-20,2.06,27.06,81.8,23.01,1.85,0.95
2000-02-21,2.16,27.02,84.2,22.35,2.28,0.95
2000-02-22,5.72,26.85,87.69,12.32,1.64,0.95
2000-02-23,5.49,26.58,87.48,10.28,2.21,0.95
2000-02-24,9.47,26.63,87.68,15.76,3.36,0.95
2000-02-25,5.04,27.27,85.11,20.02,3.88,0.95
2000-02-26,5.29,27.21,85.01,18.48,4.2,0.95
2000-02-27,9.76,27.06,85.9,17.78,3.14,0.95
2000-02-28,19.1,26.91,87.54,10.21,4.78,0.96
2000-02-29,4.13,27.5,82.96,17.36,4.73,0.96
2000-03-01,0.58,27.83,80.85,21.73,4.62,0.95
2000-03-02,1.28,27.65,81.93,21.86,3.55,0.95
2000-03-03,20.43,27.34,85.38,18.16,3.76,0.95
2000-03-04,16.19,27.25,83.83,16.85,5.71,0.96
2000-03-05,4.56,27.19,83.53,18.53,4.89,0.96
2000-03-06,1.68,26.68,83.84,14.03,3.78,0.95
2000-03-07,1.17,27.22,78.75,18.58,2.31,0.95
2000-03-08,0.5,26.27,86.81,15.34,3.9,0.94
2000-03-09,0.71,26.39,85.58,18.34,3.67,0.94
2000-03-10,1.57,26.54,84.51,21.11,2.89,0.94
2000-03-11,0.99,26.49,85.49,13.32,3.72,0.93
2000-03-12,19.23,26.38,86.5,11.26,2.18,0.94
2000-03-13,16.07,26.38,86.71,19.39,4.75,0.95
2000-03-14,11.66,26.67,84.16,17.63,5.49,0.96
2000-03-15,4.37,26.86,87.71,14.72,4.76,0.95
2000-03-16,2.22,26.68,87.89,15.17,4.74,0.95
2000-03-17,10.55,26.44,87.36,18.71,3.11,0.95
2000-03-18,7.1,26.02,87.04,11.4,2.85,0.95
2000-03-19,0.16,27.01,80.66,21.1,1.88,0.95
2000-03-20,0.28,27.58,80.33,23.66,0.97,0.94
2000-03-21,0.27,27.44,82.03,23.68,1.77,0.94
2000-03-22,2.64,26.9,81.23,24.81,1.15,0.93
2000-03-23,3.73,26.97,79.84,22.93,1.13,0.93
2000-03-24,1.17,26.44,85.57,19.77,1.76,0.93
2000-03-25,0.26,26.64,82.44,22.55,1.45,0.93
2000-03-26,0.11,27.28,79.68,23.91,1.48,0.92
2000-03-27,0.46,27.46,78.25,24.33,0.7,0.92
2000-03-28,0.44,28.12,75.02,24.22,1.25,0.91
2000-03-29,0.61,28.58,71.93,23.1,1.12,0.9
2000-03-30,0.71,27.99,76.6,23.15,1.61,0.9
2000-03-31,18.37,28.27,73.23,22.94,0.84,0.9
2000-04-01,6.89,28.26,75.59,23.51,1.37,0.91
2000-04-02,0.22,28.34,75.81,23.65,1.71,0.9
2000-04-03,0.41,28.42,73.93,18.54,0.89,0.89
2000-04-04,0.64,27.54,84.28,22.6,2.03,0.89
2000-04-05,0.47,27.15,84.1,12.46,2.44,0.88
2000-04-06,0.57,27.09,85.03,20.55,1.56,0.88
2000-04-07,1.29,27.24,83.96,13.51,1.76,0.87
2000-04-08,0.81,27.01,85.17,19.59,0.98,0.87
2000-04-09,0.65,26.53,89.38,15.44,1.41,0.87
2000-04-10,2.18,26.74,83.44,18.09,1.77,0.87
2000-04-11,0.16,26.5,83.67,23.31,1.74,0.87
2000-04-12,1.56,27.5,81.26,17.43,2.12,0.86
2000-04-13,3.36,27.93,76.42,20.41,1.31,0.86
2000-04-14,5.81,26.96,85.36,16.02,3.4,0.86
2000-04-15,1.99,27.12,84.91,13.01,3.23,0.86
2000-04-16,2.88,27.45,83.14,20.24,2.59,0.86
2000-04-17,1.75,27.1,85.18,14.77,3.14,0.86
2000-04-18,4.49,27.48,82.61,15.66,2.91,0.85
2000-04-19,3.16,27.51,82.98,18.92,3.21,0.85
2000-04-20,0.89,27.5,83.49,13.29,1.93,0.85
2000-04-21,5.54,27.46,82.94,21.71,1.48,0.85
2000-04-22,3.9,27.3,81.53,13.63,0.82,0.85
2000-04-23,0.67,27.91,78.35,21.17,0.89,0.85
2000-04-24,1.85,27.86,83.37,22.32,2.17,0.84
2000-04-25,2.74,27.46,86.27,20.47,3.72,0.84
2000-04-26,1.26,27.88,80.66,21.19,2.12,0.84
2000-04-27,5.87,28.01,80.24,21.57,2.12,0.84
2000-04-28,2.23,28.02,81.22,18.47,2.82,0.84
2000-04-29,1.58,27.69,82.68,19.9,2.67,0.84
2000-04-30,0.49,27.68,77.31,21.11,4.64,0.83
2000-05-01,0.24,27.43,69.5,22.42,3.86,0.82
2000-05-02,0.32,27.41,66.71,22.1,3.24,0.81
2000-05-03,0.38,27.32,70.02,22.29,1.62,0.8
2000-05-04,0.57,27.44,75.52,21.32,1.89,0.79
2000-05-05,0.68,27.44,76.84,21.1,3.37,0.79
2000-05-06,0.02,27.36,73.19,20.13,3.58,0.78
2000-05-07,0.02,27.42,69.65,21.26,3.53,0.77
2000-05-08,0.0,27.4,71.38,21.3,2.87,0.76
2000-05-09,0.01,27.37,76.09,21.1,2.84,0.75
2000-05-10,0.07,27.59,80.31,19.6,2.86,0.75
2000-05-11,4.77,26.99,87.95,13.1,3.96,0.75
2000-05-12,4.32,27.63,84.05,19.31,4.15,0.75
2000-05-13,2.38,27.2,84.24,18.63,2.4,0.75
2000-05-14,0.8,27.45,83.63,16.84,2.6,0.75
2000-05-15,2.56,27.65,82.37,20.48,2.98,0.74
2000-05-16,3.23,27.33,86.06,10.74,2.85,0.74
2000-05-17,7.56,26.9,82.28,15.57,4.52,0.75
2000-05-18,12.49,26.84,85.02,15.33,3.49,0.76
2000-05-19,4.83,26.57,87.99,15.6,3.23,0.77
2000-05-20,4.05,26.43,88.93,15.94,3.1,0.77
2000-05-21,0.46,26.89,86.8,19.39,2.89,0.77
2000-05-22,3.93,27.35,86.15,17.38,2.69,0.77
2000-05-23,0.84,26.93,81.81,15.25,2.8,0.77
2000-05-24,0.24,26.86,84.96,20.25,2.41,0.76
2000-05-25,0.46,27.01,86.83,19.76,2.36,0.76
2000-05-26,4.99,26.89,86.57,15.85,1.45,0.75
2000-05-27,5.18,26.72,87.95,7.04,2.16,0.76
2000-05-28,0.9,27.35,80.43,15.16,2.65,0.76
2000-05-29,1.02,27.5,80.02,19.32,4.21,0.76
2000-05-30,0.02,26.97,77.42,18.19,4.26,0.75
2000-05-31,0.0,26.89,74.16,18.78,4.6,0.74
2000-06-01,0.72,26.75,75.99,17.93,4.61,0.73
2000-06-02,0.03,26.44,75.63,14.23,4.85,0.73
2000-06-03,0.03,26.24,73.54,18.43,4.76,0.72
2000-06-04,0.0,25.78,72.81,17.55,3.66,0.71
2000-06-05,0.0,26.43,74.7,17.75,3.38,0.7
2000-06-06,0.01,26.56,76.13,17.1,3.92,0.7
2000-06-07,0.02,26.51,76.46,18.28,3.55,0.69
2000-06-08,0.12,26.73,76.5,17.57,3.28,0.68
2000-06-09,0.15,26.94,76.38,18.78,2.78,0.67
2000-06-10,0.23,26.92,77.31,14.79,3.22,0.67
2000-06-11,0.32,26.2,79.16,18.26,4.33,0.66
2000-06-12,0.07,25.6,76.14,16.94,3.93,0.65
2000-06-13,0.07,25.7,75.64,18.76,4.11,0.65
2000-06-14,0.05,25.84,76.24,15.42,3.59,0.64
2000-06-15,0.8,26.11,80.26,14.86,3.18,0.63
2000-06-16,2.39,26.37,83.76,14.86,2.79,0.63
2000-06-17,0.52,26.58,79.89,18.19,3.72,0.63
2000-06-18,0.06,26.63,77.35,19.56,4.12,0.62
2000-06-19,0.05,26.68,73.89,16.92,3.02,0.61
2000-06-20,0.13,26.88,75.09,19.6,3.3,0.6
2000-06-21,0.36,26.82,75.91,18.3,3.63,0.6
2000-06-22,0.2,26.58,74.82,16.89,3.56,0.59
2000-06-23,0.02,26.92,72.44,15.77,3.63,0.59
2000-06-24,0.0,26.8,70.5,19.62,3.58,0.58
2000-06-25,0.03,26.77,67.94,19.46,2.9,0.57
2000-06-26,0.0,26.52,70.87,19.53,2.86,0.57
2000-06-27,0.04,26.12,74.67,16.48,2.57,0.56
2000-06-28,0.02,26.08,73.8,19.71,3.56,0.56
2000-06-29,0.0,26.05,68.48,19.94,3.2,0.55
2000-06-30,0.01,26.42,70.87,19.26,3.3,0.54
2000-07-01,0.0,26.46,73.31,19.64,3.49,0.54
2000-07-02,0.01,26.62,72.49,19.9,2.64,0.53
2000-07-03,0.03,26.29,76.88,16.49,2.74,0.53
2000-07-04,0.01,26.62,76.09,20.04,3.18,0.52
2000-07-05,0.1,26.64,76.28,19.12,3.06,0.52
2000-07-06,0.0,26.66,73.66,19.59,3.2,0.51
2000-07-07,0.0,25.89,74.07,19.99,2.78,0.51
2000-07-08,0.02,25.81,71.33,18.74,2.0,0.5
2000-07-09,0.0,25.57,73.84,13.83,1.8,0.5
2000-07-10,0.0,26.2,71.16,20.4,1.66,0.49
2000-07-11,0.0,26.29,72.71,20.43,2.26,0.49
2000-07-12,0.0,26.41,67.61,20.62,2.52,0.49
2000-07-13,0.04,26.28,65.36,20.65,3.04,0.48
2000-07-14,0.03,26.57,64.74,20.52,3.71,0.48
2000-07-15,0.02,26.44,66.8,18.66,4.93,0.47
2000-07-16,0.0,26.12,67.3,20.59,5.05,0.47
2000-07-17,0.0,26.07,66.8,20.62,3.57,0.46
2000-07-18,0.0,26.07,64.07,20.87,3.51,0.46
2000-07-19,0.0,25.55,64.54,20.7,3.33,0.46
2000-07-20,0.0,25.54,62.17,20.87,3.74,0.45
2000-07-21,0.0,25.48,67.94,20.59,2.64,0.45
2000-07-22,0.06,25.73,71.16,19.27,2.41,0.45
2000-07-23,0.09,25.95,72.72,15.76,2.49,0.44
2000-07-24,0.23,26.34,71.72,20.91,2.43,0.44
2000-07-25,0.02,26.33,72.75,20.96,1.91,0.44
2000-07-26,0.02,26.48,73.82,20.61,2.5,0.43
2000-07-27,0.02,26.79,70.87,20.84,3.96,0.43
2000-07-28,0.03,26.6,69.57,20.55,4.0,0.43
2000-07-29,0.0,25.98,67.5,21.21,3.59,0.42
2000-07-30,0.0,26.33,67.65,20.83,3.15,0.42
2000-07-31,0.0,26.86,71.61,21.29,3.56,0.42
2000-08-01,0.0,26.67,72.76,21.16,3.28,0.41
2000-08-02,0.0,26.89,69.25,21.39,4.11,0.41
2000-08-03,0.0,26.64,68.2,21.83,4.48,0.41
2000-08-04,0.0,27.03,63.46,21.75,4.29,0.41
2000-08-05,0.0,26.88,66.44,21.79,2.78,0.4
2000-08-06,0.0,27.09,67.42,21.99,2.33,0.4
2000-08-07,0.04,27.44,67.1,21.71,2.54,0.4
2000-08-08,0.03,27.09,68.6,22.33,2.94,0.39
2000-08-09,0.0,26.54,67.26,22.02,2.72,0.39
2000-08-10,0.0,26.3,65.79,22.35,2.03,0.39
2000-08-11,0.06,26.33,65.99,22.12,2.49,0.39
2000-08-12,0.03,26.4,67.8,21.85,2.98,0.38
2000-08-13,0.06,26.53,65.76,19.17,2.63,0.38
2000-08-14,0.01,26.81,66.65,22.33,2.16,0.38
2000-08-15,0.0,26.99,65.88,22.34,2.75,0.38
2000-08-16,1.78,26.48,67.09,20.7,2.74,0.38
2000-08-17,0.0,26.3,67.24,18.85,2.57,0.37
2000-08-18,0.26,26.26,65.26,22.79,2.55,0.37
2000-08-19,0.0,26.45,64.09,22.92,2.56,0.37
2000-08-20,0.0,26.46,63.96,22.84,2.9,0.36
2000-08-21,0.0,26.91,61.9,23.18,1.4,0.36
2000-08-22,0.01,27.04,68.21,20.68,1.8,0.36
2000-08-23,0.06,27.52,69.91,20.77,2.06,0.36
2000-08-24,0.17,27.84,68.41,20.11,2.4,0.35
2000-08-25,0.0,27.99,67.3,22.82,1.28,0.35
2000-08-26,0.0,27.98,65.66,22.98,1.0,0.35
2000-08-27,0.0,27.69,69.2,22.75,1.37,0.35
2000-08-28,0.0,27.85,66.36,23.03,1.61,0.34
2000-08-29,0.0,27.27,69.45,22.53,1.49,0.34
2000-08-30,0.0,27.14,68.61,22.97,1.44,0.34
2000-08-31,0.15,27.6,66.16,22.33,1.48,0.34
2000-09-01,0.0,27.5,69.19,23.9,3.37,0.34
2000-09-02,0.0,28.46,63.74,23.94,0.94,0.33
2000-09-03,0.0,28.01,72.38,24.04,1.79,0.33
2000-09-04,0.0,28.3,70.06,23.83,0.9,0.33
2000-09-05,0.0,28.05,67.97,23.21,1.48,0.33
2000-09-06,0.09,27.98,69.69,24.02,2.25,0.33
2000-09-07,0.04,28.07,67.66,24.31,1.8,0.33
2000-09-08,0.01,27.89,68.97,23.81,3.52,0.33
2000-09-09,0.0,28.05,70.26,23.77,2.2,0.33
2000-09-10,0.0,28.44,67.81,24.06,2.11,0.33
2000-09-11,0.03,28.93,66.15,19.74,2.86,0.33
2000-09-12,0.0,28.51,63.75,24.22,2.35,0.33
2000-09-13,0.08,28.17,59.29,23.59,2.21,0.33
2000-09-14,0.04,27.85,61.87,21.61,1.82,0.33
2000-09-15,0.0,28.16,62.26,23.96,1.77,0.33
2000-09-16,0.0,28.52,63.68,24.02,2.77,0.33
2000-09-17,0.0,28.59,65.01,24.23,3.28,0.33
2000-09-18,0.02,28.49,62.58,24.49,3.79,0.33
2000-09-19,0.01,28.11,61.61,24.03,2.86,0.33
2000-09-20,0.0,28.5,62.51,23.2,2.55,0.33
2000-09-21,0.0,28.46,66.77,24.43,2.14,0.33
2000-09-22,0.0,28.9,67.21,24.79,1.8,0.33
2000-09-23,0.08,28.82,68.0,24.22,1.49,0.33
2000-09-24,0.11,28.64,69.2,22.41,1.34,0.33
2000-09-25,0.03,28.88,65.06,23.63,1.46,0.33
2000-09-26,0.02,29.06,64.4,24.28,1.49,0.33
2000-09-27,0.01,29.05,62.72,23.24,1.43,0.33
2000-09-28,0.0,29.34,60.65,25.18,2.61,0.33
2000-09-29,0.03,29.02,64.86,24.56,3.15,0.33
2000-09-30,0.14,29.12,63.29,25.29,2.15,0.33
2000-10-01,0.04,29.21,65.29,25.18,1.76,0.33
2000-10-02,0.02,29.18,66.55,24.54,1.45,0.33
2000-10-03,0.05,29.45,64.46,25.72,1.32,0.33
2000-10-04,0.03,29.37,63.33,24.15,1.58,0.33
2000-10-05,0.03,29.08,65.89,25.49,1.79,0.33
2000-10-06,0.04,28.79,65.91,24.11,1.53,0.33
2000-10-07,0.08,28.96,63.32,22.7,1.42,0.33
2000-10-08,0.16,29.27,63.98,23.49,1.38,0.33
2000-10-09,0.0,29.31,64.43,25.29,1.42,0.33
2000-10-10,0.0,29.33,64.21,24.3,1.22,0.33
2000-10-11,0.18,29.47,66.44,26.13,1.43,0.33
2000-10-12,2.23,29.14,67.26,24.14,1.11,0.33
2000-10-13,0.88,29.24,66.27,26.08,1.64,0.33
2000-10-14,10.4,29.31,69.75,24.4,1.62,0.34
2000-10-15,2.58,29.12,70.94,25.28,1.19,0.35
2000-10-16,1.3,29.11,70.32,25.7,1.41,0.35
2000-10-17,0.16,29.21,67.04,23.7,0.94,0.35
2000-10-18,2.17,29.46,66.33,18.7,1.3,0.34
2000-10-19,5.94,29.36,66.74,23.21,1.24,0.35
2000-10-20,1.27,28.91,70.32,21.91,2.62,0.35
2000-10-21,0.72,28.13,73.66,20.63,3.55,0.35
2000-10-22,0.65,27.92,72.86,23.35,3.86,0.35
2000-10-23,0.45,27.7,70.02,22.25,4.03,0.34
2000-10-24,0.0,28.13,66.26,25.75,3.3,0.34
2000-10-25,0.04,28.23,69.25,25.95,4.42,0.34
2000-10-26,0.0,28.31,69.4,23.92,3.94,0.34
2000-10-27,0.0,28.58,66.03,26.55,3.89,0.33
2000-10-28,0.01,28.59,70.31,25.85,3.72,0.33
2000-10-29,0.03,28.67,72.51,26.12,3.26,0.33
2000-10-30,1.81,28.8,72.82,26.32,2.95,0.33
2000-10-31,1.33,28.56,72.42,18.66,1.88,0.34
2000-11-01,0.73,29.05,71.15,23.99,1.4,0.33
2000-11-02,0.3,29.34,68.68,23.97,1.47,0.33
2000-11-03,0.04,29.39,70.94,25.29,2.29,0.33
2000-11-04,0.48,28.77,72.93,18.99,2.64,0.33
2000-11-05,4.57,28.74,72.23,24.08,2.89,0.34
2000-11-06,0.44,29.1,69.93,25.82,2.65,0.34
2000-11-07,4.3,28.8,70.74,25.34,2.24,0.34
2000-11-08,4.66,28.78,72.04,25.36,2.05,0.34
2000-11-09,24.01,27.99,76.0,23.65,1.45,0.37
2000-11-10,3.37,28.61,72.75,23.93,1.68,0.39
2000-11-11,18.13,28.62,74.15,23.94,2.34,0.4
2000-11-12,8.27,28.5,77.43,22.62,2.84,0.42
2000-11-13,0.92,29.34,71.36,22.13,1.74,0.42
2000-11-14,5.18,29.53,71.07,20.05,2.26,0.42
2000-11-15,3.65,29.58,73.61,22.39,1.65,0.42
2000-11-16,2.25,29.23,74.89,24.37,1.83,0.43
2000-11-17,1.03,29.45,70.49,25.86,1.19,0.42
2000-11-18,3.01,29.34,69.85,25.08,1.23,0.42
2000-11-19,0.56,29.78,65.08,24.28,1.25,0.42
2000-11-20,2.31,29.24,69.52,22.32,1.31,0.42
2000-11-21,1.54,28.74,73.92,18.03,2.62,0.42
2000-11-22,0.26,29.64,70.81,21.35,1.96,0.42
2000-11-23,0.77,29.61,72.25,24.99,3.09,0.41
2000-11-24,7.35,29.3,74.36,22.73,2.63,0.41
2000-11-25,2.45,28.53,79.23,23.22,2.91,0.43
2000-11-26,3.68,28.83,76.48,20.53,3.42,0.43
2000-11-27,2.38,28.65,75.47,20.53,3.1,0.43
2000-11-28,0.79,28.91,75.22,23.54,3.46,0.43
2000-11-29,3.15,28.73,78.8,22.38,4.4,0.43
2000-11-30,3.77,28.98,76.67,22.84,4.85,0.43
2000-12-01,7.11,28.15,76.31,15.08,5.66,0.44
2000-12-02,8.34,28.16,74.39,16.35,4.27,0.45
2000-12-03,34.07,27.69,81.68,18.72,4.09,0.47
2000-12-04,21.64,27.35,86.41,14.74,4.56,0.53
2000-12-05,12.67,28.08,79.12,24.65,4.78,0.55
2000-12-06,12.12,28.36,80.87,23.86,5.67,0.56
2000-12-07,3.69,28.6,79.09,23.57,6.22,0.56
2000-12-08,0.03,28.75,79.64,22.75,5.67,0.55
2000-12-09,0.05,29.11,76.02,23.02,5.1,0.55
2000-12-10,0.02,29.16,73.12,24.87,2.44,0.54
2000-12-11,0.01,29.15,71.14,25.26,2.01,0.53
2000-12-12,0.4,28.76,73.72,24.14,2.16,0.53
2000-12-13,2.58,28.15,79.11,24.64,2.59,0.52
2000-12-14,4.89,27.8,80.41,17.91,3.69,0.53
2000-12-15,1.14,27.73,80.03,20.07,2.8,0.53
2000-12-16,0.35,27.94,78.74,24.04,2.79,0.53
2000-12-17,5.49,28.01,78.29,25.47,2.56,0.53
2000-12-18,5.62,27.82,79.42,24.58,1.97,0.53
2000-12-19,1.36,28.31,79.08,22.84,2.21,0.53
2000-12-20,2.52,28.09,81.48,20.99,2.14,0.53
2000-12-21,6.9,27.44,86.93,18.71,1.71,0.54
2000-12-22,2.28,27.51,82.54,20.86,3.11,0.54
2000-12-23,0.1,27.49,79.97,24.08,4.07,0.54
2000-12-24,0.16,27.81,79.05,22.92,3.27,0.53
2000-12-25,0.05,27.91,79.38,24.38,4.16,0.52
2000-12-26,0.17,28.06,77.36,21.82,4.13,0.52
2000-12-27,0.29,28.29,77.44,19.11,3.02,0.51
2000-12-28,0.14,28.21,80.06,22.66,3.53,0.51
2000-12-29,0.09,27.9,82.46,24.29,3.71,0.5
2000-12-30,0.1,28.26,80.64,23.88,3.97,0.5
2000-12-31,0.18,28.37,77.81,25.88,2.82,0.5
2001-01-01,0.99,28.48,67.99,24.51,0.77,0.49
2001-01-02,1.22,29.2,64.41,24.76,1.58,0.49
2001-01-03,2.3,28.96,71.96,23.68,1.66,0.48
2001-01-04,2.23,28.02,77.62,24.52,1.51,0.49
2001-01-05,8.09,27.85,79.1,17.17,3.05,0.49
2001-01-06,1.75,27.59,79.35,9.1,2.99,0.5
2001-01-07,5.32,27.04,81.9,19.68,2.34,0.5
2001-01-08,1.96,26.78,83.73,19.13,3.41,0.5
2001-01-09,1.76,26.81,82.25,13.26,1.81,0.5
2001-01-10,17.39,27.0,81.81,8.79,2.0,0.51
2001-01-11,10.73,26.94,83.07,16.64,2.35,0.55
2001-01-12,1.37,27.23,80.56,23.34,2.8,0.54
2001-01-13,0.91,27.14,80.39,12.02,1.9,0.54
2001-01-14,1.51,27.16,82.86,16.9,2.33,0.54
2001-01-15,9.56,26.89,85.44,14.96,3.07,0.54
2001-01-16,7.21,26.71,85.56,16.36,2.75,0.56
2001-01-17,2.29,27.19,82.52,23.48,2.59,0.56
2001-01-18,1.4,27.43,79.58,25.06,1.83,0.56
2001-01-19,4.63,27.36,82.77,14.16,1.97,0.56
2001-01-20,3.4,27.63,82.71,14.54,3.03,0.56
2001-01-21,5.39,27.01,83.98,16.44,2.99,0.57
2001-01-22,1.81,27.52,79.47,15.89,2.17,0.57
2001-01-23,0.36,27.66,81.06,25.43,2.18,0.56
2001-01-24,0.63,27.84,79.17,23.31,1.86,0.56
2001-01-25,4.66,27.89,77.89,20.14,1.42,0.56
2001-01-26,1.25,28.08,80.84,21.82,3.13,0.56
2001-01-27,1.21,27.68,83.02,18.2,2.33,0.56
2001-01-28,1.34,27.78,79.93,13.13,2.85,0.56
2001-01-29,4.62,27.52,81.51,19.26,4.34,0.55
2001-01-30,3.83,27.61,82.59,22.25,3.01,0.56
2001-01-31,2.21,28.46,78.34,26.65,1.92,0.56
2001-02-01,4.78,28.23,83.04,23.1,2.96,0.56
2001-02-02,11.23,27.81,86.27,8.01,2.93,0.57
2001-02-03,4.83,27.52,83.7,17.18,4.02,0.58
2001-02-04,9.94,28.01,81.88,18.92,5.51,0.59
2001-02-05,9.05,28.33,81.35,11.29,6.74,0.6
2001-02-06,7.18,28.23,82.39,17.35,6.74,0.6
2001-02-07,12.83,28.33,83.09,17.53,6.63,0.61
2001-02-08,8.44,28.27,83.79,16.14,5.93,0.63
2001-02-09,4.54,28.09,84.1,6.81,5.5,0.63
2001-02-10,10.08,27.71,84.68,13.1,4.91,0.64
2001-02-11,4.7,27.94,84.45,4.37,7.24,0.65
2001-02-12,7.6,27.87,82.36,12.25,7.62,0.65
2001-02-13,4.74,28.09,81.89,13.58,7.43,0.65
2001-02-14,5.99,28.15,80.91,17.79,8.9,0.65
2001-02-15,7.22,28.06,82.28,16.71,8.07,0.65
2001-02-16,8.24,27.8,82.33,22.23,7.22,0.66
2001-02-17,6.56,27.31,85.29,18.15,4.87,0.66
2001-02-18,2.17,27.7,81.6,20.41,4.59,0.66
2001-02-19,10.78,27.44,82.19,23.43,4.37,0.67
2001-02-20,10.75,27.38,81.54,25.89,3.4,0.69
2001-02-21,2.19,26.94,84.57,23.18,3.07,0.68
2001-02-22,1.15,27.04,82.8,22.99,2.59,0.68
2001-02-23,1.39,27.91,76.74,22.65,3.24,0.67
2001-02-24,0.49,27.81,74.35,26.92,2.65,0.67
2001-02-25,0.03,28.06,72.57,26.71,2.34,0.66
2001-02-26,0.1,28.3,74.0,26.7,2.78,0.65
2001-02-27,0.13,28.72,72.11,27.08,3.12,0.64
2001-02-28,0.02,28.59,71.54,27.27,3.75,0.63
2001-03-01,0.55,28.51,74.87,22.44,4.29,0.62
2001-03-02,2.68,28.25,77.17,23.36,3.5,0.61
2001-03-03,2.16,27.89,82.37,23.44,3.66,0.61
2001-03-04,2.26,27.35,85.01,23.41,4.17,0.6
2001-03-05,4.01,26.72,83.45,19.11,2.34,0.6
2001-03-06,1.45,26.94,83.93,24.27,2.98,0.6
2001-03-07,0.91,26.88,82.63,22.34,1.66,0.6
2001-03-08,0.38,26.69,80.31,19.98,2.71,0.6
2001-03-09,0.15,27.85,76.65,22.9,2.08,0.59
2001-03-10,1.07,28.12,74.62,19.68,2.33,0.58
2001-03-11,2.8,27.83,78.54,23.42,2.95,0.58
2001-03-12,2.95,27.83,78.36,21.31,2.87,0.57
2001-03-13,1.71,27.34,83.9,17.19,3.91,0.57
2001-03-14,1.19,27.34,82.97,17.63,2.9,0.57
2001-03-15,1.56,27.12,83.39,17.27,3.04,0.57
2001-03-16,2.76,27.33,81.16,17.77,2.94,0.57
2001-03-17,10.68,27.29,84.31,16.81,4.98,0.58
2001-03-18,21.09,27.18,84.93,13.41,4.99,0.6
2001-03-19,18.14,27.62,83.48,12.82,5.93,0.64
2001-03-20,6.56,27.6,81.51,20.38,5.25,0.64
2001-03-21,7.05,27.54,81.87,20.37,3.41,0.64
2001-03-22,2.98,27.7,82.56,19.84,3.26,0.65
2001-03-23,0.35,27.59,82.1,23.69,2.78,0.64
2001-03-24,0.45,27.3,82.12,23.62,1.53,0.64
2001-03-25,3.16,27.03,82.95,20.34,1.84,0.64
2001-03-26,8.95,26.92,82.36,19.89,1.6,0.64
2001-03-27,5.02,26.9,83.87,19.27,1.7,0.65
2001-03-28,3.69,26.67,84.25,13.62,1.9,0.66
2001-03-29,0.86,26.87,83.26,22.98,1.77,0.66
2001-03-30,0.42,27.6,78.75,22.4,2.39,0.65
2001-03-31,2.96,26.93,82.15,21.57,1.64,0.65
2001-04-01,1.51,26.98,85.42,20.65,2.92,0.65
2001-04-02,0.2,27.17,88.2,22.77,2.33,0.65
2001-04-03,0.06,27.7,81.59,23.86,1.86,0.65
2001-04-04,0.15,28.29,75.96,22.97,1.76,0.64
2001-04-05,0.48,28.48,75.1,22.28,1.49,0.64
2001-04-06,0.22,28.36,77.34,23.42,1.65,0.63
2001-04-07,4.77,28.32,79.56,18.14,1.88,0.62
2001-04-08,2.05,27.67,82.54,23.79,2.64,0.63
2001-04-09,0.49,28.32,76.0,24.06,2.77,0.62
2001-04-10,0.06,28.58,72.95,24.17,1.7,0.61
2001-04-11,0.52,28.22,75.15,23.2,1.89,0.6
2001-04-12,0.3,28.28,72.04,23.01,2.89,0.6
2001-04-13,0.07,28.22,70.92,22.34,2.67,0.59
2001-04-14,0.02,27.94,70.44,22.18,2.55,0.58
2001-04-15,0.0,27.88,70.25,22.77,2.05,0.58
2001-04-16,0.03,27.84,73.76,23.66,3.23,0.57
2001-04-17,0.11,27.82,74.74,21.92,4.09,0.56
2001-04-18,0.1,28.17,71.35,22.65,3.47,0.55
2001-04-19,0.0,28.49,68.96,22.82,1.5,0.55
2001-04-20,0.39,28.74,70.34,22.51,1.8,0.54
2001-04-21,8.1,28.54,79.69,19.64,2.54,0.54
2001-04-22,5.15,28.23,80.18,19.97,2.5,0.55
2001-04-23,0.52,28.45,79.37,20.59,3.51,0.55
2001-04-24,0.04,28.5,74.46,21.96,3.26,0.54
2001-04-25,0.05,28.13,72.98,22.49,3.26,0.54
2001-04-26,0.02,28.29,69.96,22.42,2.33,0.53
2001-04-27,0.1,28.56,69.66,21.77,1.5,0.52
2001-04-28,3.47,28.19,77.24,21.93,2.11,0.52
2001-04-29,2.71,28.31,78.15,20.3,2.67,0.52
2001-04-30,0.41,28.67,74.42,22.18,2.58,0.52
2001-05-01,0.39,28.82,71.74,22.39,2.57,0.51
2001-05-02,0.0,28.54,71.92,22.26,2.66,0.51
2001-05-03,0.1,28.69,71.15,22.56,2.6,0.5
2001-05-04,0.01,28.64,68.57,22.41,3.09,0.5
2001-05-05,0.01,28.97,67.79,22.48,2.54,0.49
2001-05-06,0.16,28.69,72.26,20.4,2.3,0.49
2001-05-07,1.24,28.59,68.6,20.75,3.4,0.48
2001-05-08,0.0,28.1,69.0,21.94,3.44,0.48
2001-05-09,0.0,28.01,65.94,22.03,3.05,0.47
2001-05-10,0.32,27.85,69.37,21.31,2.19,0.47
2001-05-11,0.22,28.24,62.9,21.49,1.34,0.47
2001-05-12,0.04,28.11,63.49,21.77,1.49,0.46
2001-05-13,0.13,27.76,68.56,21.17,1.05,0.46
2001-05-14,0.01,28.28,65.94,20.85,1.94,0.45
2001-05-15,0.0,28.41,66.8,21.54,2.04,0.45
2001-05-16,0.0,28.62,68.82,20.92,2.25,0.44
2001-05-17,1.79,28.75,68.83,21.06,3.21,0.44
2001-05-18,0.18,28.82,66.37,21.16,3.51,0.44
2001-05-19,0.09,28.75,63.37,20.49,4.58,0.44
2001-05-20,0.02,27.55,66.16,21.01,3.46,0.43
2001-05-21,0.01,27.68,65.69,20.6,2.51,0.43
2001-05-22,0.0,27.85,66.21,21.1,2.0,0.43
2001-05-23,0.02,28.05,65.29,21.18,1.55,0.42
2001-05-24,0.03,28.02,68.27,19.14,1.92,0.42
2001-05-25,0.01,28.34,66.81,20.2,2.02,0.42
2001-05-26,0.15,28.35,67.72,20.11,2.66,0.41
2001-05-27,0.04,28.27,65.57,20.93,3.7,0.41
2001-05-28,1.83,27.5,69.85,20.06,3.15,0.41
2001-05-29,0.22,28.12,67.76,19.03,3.91,0.41
2001-05-30,0.07,28.01,67.31,18.81,3.58,0.41
2001-05-31,3.41,28.05,69.19,18.26,2.79,0.41
2001-06-01,0.77,28.28,69.31,19.79,2.31,0.41
2001-06-02,1.31,28.19,74.52,19.54,2.97,0.41
2001-06-03,0.64,28.7,72.81,18.02,3.87,0.41
2001-06-04,5.62,27.81,78.85,13.46,3.34,0.41
2001-06-05,2.57,28.04,75.16,16.73,3.06,0.42
2001-06-06,0.16,28.2,69.49,19.91,2.69,0.41
2001-06-07,3.65,27.83,74.78,15.25,2.86,0.42
2001-06-08,0.24,28.19,71.1,19.04,2.71,0.41
2001-06-09,0.56,28.36,68.07,19.54,2.23,0.41
2001-06-10,6.29,27.89,71.23,14.44,2.72,0.41
2001-06-11,1.31,27.62,76.22,17.36,2.76,0.42
2001-06-12,0.33,27.63,78.75,18.15,3.06,0.42
2001-06-13,2.56,27.21,80.83,17.22,3.62,0.42
2001-06-14,0.49,27.89,72.97,18.91,2.42,0.42
2001-06-15,0.03,28.08,69.38,18.73,4.67,0.42
2001-06-16,0.0,27.38,66.9,19.84,4.82,0.41
2001-06-17,0.0,27.35,64.87,19.24,4.51,0.41
2001-06-18,0.0,26.73,65.01,19.13,3.74,0.41
2001-06-19,0.06,27.24,67.5,13.5,4.11,0.4
2001-06-20,7.71,26.88,74.97,7.61,5.5,0.41
2001-06-21,0.7,26.85,73.28,13.02,5.78,0.42
2001-06-22,0.1,27.42,70.7,14.31,4.63,0.41
2001-06-23,0.12,27.57,69.37,17.41,3.55,0.41
2001-06-24,0.01,27.52,69.43,19.03,3.74,0.41
2001-06-25,0.03,27.13,74.05,16.44,3.15,0.4
2001-06-26,0.03,27.09,72.7,17.44,2.4,0.4
2001-06-27,0.01,27.37,70.36,18.2,2.52,0.4
2001-06-28,0.0,27.22,66.6,19.72,2.86,0.4
2001-06-29,0.0,26.83,66.8,19.85,2.97,0.39
2001-06-30,0.0,26.42,63.05,19.3,4.27,0.39
2001-07-01,0.0,25.22,61.18,19.71,4.98,0.39
2001-07-02,0.0,24.94,58.95,20.03,3.71,0.39
2001-07-03,0.0,25.38,59.92,20.75,3.21,0.38
2001-07-04,7.06,25.79,72.27,13.05,2.81,0.38
2001-07-05,7.11,26.1,74.13,15.09,3.23,0.41
2001-07-06,1.01,26.6,71.97,15.92,3.78,0.4
2001-07-07,0.15,27.17,68.62,19.91,2.35,0.4
2001-07-08,0.62,27.07,69.42,19.63,1.58,0.4
2001-07-09,0.48,26.74,70.14,16.3,1.94,0.4
2001-07-10,0.0,26.87,66.89,19.71,2.42,0.39
2001-07-11,0.11,26.6,66.23,20.26,1.75,0.39
2001-07-12,0.98,26.73,68.35,19.94,2.86,0.39
2001-07-13,0.16,27.07,67.45,20.41,3.43,0.39
2001-07-14,1.91,27.07,71.67,19.46,3.25,0.39
2001-07-15,0.01,27.17,69.56,19.41,2.4,0.39
2001-07-16,0.03,27.19,71.73,20.18,1.88,0.38
2001-07-17,0.65,26.98,74.13,19.15,1.9,0.38
2001-07-18,1.64,26.54,75.86,19.54,1.21,0.38
2001-07-19,15.74,26.67,77.81,19.15,2.53,0.4
2001-07-20,0.5,27.29,72.51,19.74,3.26,0.41
2001-07-21,0.0,27.47,68.87,20.0,3.65,0.4
2001-07-22,0.04,27.15,68.76,17.75,3.56,0.4
2001-07-23,0.0,27.08,66.47,21.17,4.09,0.39
2001-07-24,0.01,26.35,69.57,19.87,3.49,0.39
2001-07-25,0.01,26.83,66.85,20.51,5.08,0.39
2001-07-26,0.01,26.66,64.64,20.86,4.52,0.39
2001-07-27,0.0,26.33,65.08,21.06,4.21,0.38
2001-07-28,0.0,25.93,66.99,20.05,3.65,0.38
2001-07-29,0.0,25.48,69.77,18.92,3.71,0.38
2001-07-30,0.0,25.95,66.18,21.15,2.32,0.38
2001-07-31,0.0,25.96,67.81,21.35,2.43,0.37
2001-08-01,0.0,25.32,60.83,22.53,2.6,0.37
2001-08-02,0.0,25.28,61.01,21.92,2.32,0.37
2001-08-03,0.0,25.87,60.08,21.52,3.31,0.36
2001-08-04,0.14,25.87,65.12,21.5,2.54,0.36
2001-08-05,0.01,26.04,67.16,20.77,2.26,0.36
2001-08-06,0.0,26.24,67.16,19.81,2.46,0.36
2001-08-07,0.0,26.74,63.75,20.51,2.12,0.36
2001-08-08,0.0,26.94,64.43,22.13,1.76,0.35
2001-08-09,0.0,27.2,66.13,21.21,1.86,0.35
2001-08-10,0.02,26.56,59.76,21.48,2.76,0.35
2001-08-11,0.0,25.94,60.44,21.95,2.29,0.35
2001-08-12,0.0,26.65,60.28,21.7,2.39,0.34
2001-08-13,0.03,27.4,65.04,21.98,1.56,0.34
2001-08-14,0.24,27.56,66.72,21.33,2.6,0.34
2001-08-15,0.0,26.92,61.11,22.37,2.81,0.34
2001-08-16,0.04,26.31,64.89,21.97,3.78,0.34
2001-08-17,0.0,26.09,64.06,22.17,3.05,0.34
2001-08-18,0.01,26.51,62.44,21.63,2.72,0.33
2001-08-19,0.01,26.87,61.77,22.18,1.97,0.33
2001-08-20,0.04,26.94,64.36,21.48,2.08,0.33
2001-08-21,0.04,27.28,63.84,21.22,2.3,0.33
2001-08-22,0.01,26.94,62.24,21.61,3.04,0.33
2001-08-23,0.0,26.49,64.44,20.56,2.7,0.33
2001-08-24,0.0,26.32,63.56,19.91,2.92,0.33
2001-08-25,0.0,26.24,62.96,22.7,2.93,0.33
2001-08-26,0.0,26.3,65.71,23.0,2.02,0.33
2001-08-27,0.0,26.59,65.74,22.45,1.61,0.33
2001-08-28,0.03,26.77,70.61,21.73,2.22,0.33
2001-08-29,0.02,27.35,69.23,22.19,3.2,0.33
2001-08-30,0.0,27.61,65.74,22.71,2.94,0.33
2001-08-31,0.0,27.34,65.66,21.88,1.48,0.33
2001-09-01,0.0,27.1,69.71,21.55,3.41,0.33
2001-09-02,0.38,27.1,66.57,23.25,2.93,0.33
2001-09-03,0.26,27.38,67.92,22.96,1.65,0.33
2001-09-04,0.01,27.48,70.35,23.19,1.57,0.33
2001-09-05,0.0,27.95,66.97,23.94,1.4,0.33
2001-09-06,0.01,27.83,69.02,22.7,1.36,0.33
2001-09-07,0.01,27.54,71.61,22.02,3.55,0.33
2001-09-08,0.04,27.62,72.21,22.26,2.29,0.33
2001-09-09,0.14,27.47,71.01,22.93,2.42,0.33
2001-09-10,0.0,27.77,68.82,23.33,1.73,0.33
2001-09-11,0.0,28.06,68.01,23.67,1.95,0.33
2001-09-12,0.0,27.94,68.72,24.58,2.05,0.33
2001-09-13,0.0,27.81,67.22,24.14,1.92,0.33
2001-09-14,0.0,28.13,68.73,24.66,2.38,0.33
2001-09-15,0.0,28.35,68.8,24.74,2.07,0.33
2001-09-16,0.0,28.76,69.1,24.56,2.17,0.33
2001-09-17,0.03,28.73,67.31,23.96,1.06,0.33
2001-09-18,0.0,28.51,66.26,23.86,1.18,0.33
2001-09-19,0.0,28.44,62.89,24.13,0.87,0.33
2001-09-20,0.06,29.0,61.07,24.24,1.44,0.33
2001-09-21,0.07,29.31,61.09,23.94,2.07,0.33
2001-09-22,0.0,29.08,61.44,24.34,1.79,0.33
2001-09-23,0.0,28.72,66.55,24.56,2.08,0.32
2001-09-24,0.03,28.67,68.72,24.12,2.37,0.32
2001-09-25,0.05,28.81,65.68,24.26,1.45,0.32
2001-09-26,0.0,28.95,60.78,25.13,2.88,0.32
2001-09-27,0.03,29.12,60.25,25.82,3.27,0.32
2001-09-28,0.0,29.32,61.71,25.62,3.2,0.32
2001-09-29,0.0,29.49,62.4,25.07,2.65,0.32
2001-09-30,0.08,29.3,62.14,24.69,1.16,0.32
2001-10-01,0.37,29.22,59.29,25.67,1.36,0.33
2001-10-02,0.05,29.31,61.5,23.65,1.74,0.33
2001-10-03,0.0,28.79,65.87,24.84,2.43,0.33
2001-10-04,0.0,28.81,66.75,24.76,1.14,0.32
2001-10-05,0.0,28.77,64.75,24.57,1.64,0.32
2001-10-06,0.01,28.87,65.7,24.45,1.19,0.32
2001-10-07,0.0,29.3,60.62,24.36,1.3,0.32
2001-10-08,0.0,29.16,64.8,24.24,1.03,0.32
2001-10-09,0.0,29.1,63.24,24.17,0.99,0.32
2001-10-10,0.5,29.39,62.16,23.19,1.2,0.32
2001-10-11,0.29,29.55,64.27,24.22,1.49,0.33
2001-10-12,0.69,29.6,66.46,24.21,1.04,0.33
2001-10-13,0.46,29.34,66.88,23.66,1.45,0.33
2001-10-14,0.22,29.33,66.36,23.4,1.34,0.33
2001-10-15,0.17,29.75,65.55,24.51,1.28,0.33
2001-10-16,0.0,29.78,66.7,25.28,0.86,0.33
2001-10-17,0.0,29.66,68.02,23.03,1.1,0.33
2001-10-18,0.12,29.08,72.42,24.41,3.25,0.33
2001-10-19,0.03,29.02,73.21,26.01,3.82,0.33
2001-10-20,0.04,28.86,71.56,24.91,3.69,0.33
2001-10-21,0.09,28.61,71.38,24.89,2.93,0.33
2001-10-22,0.09,28.43,70.58,23.37,2.25,0.33
2001-10-23,0.03,28.79,68.97,23.81,1.9,0.33
2001-10-24,0.36,28.96,68.32,24.57,2.2,0.33
2001-10-25,1.45,28.81,72.66,25.39,2.19,0.33
2001-10-26,0.01,29.34,66.58,25.75,2.31,0.33
2001-10-27,0.0,29.77,63.07,26.79,1.22,0.33
2001-10-28,0.14,29.84,64.68,26.33,0.98,0.33
2001-10-29,0.0,29.98,66.01,25.46,2.17,0.33
2001-10-30,0.12,28.64,69.9,23.73,3.47,0.33
2001-10-31,0.24,28.9,70.05,24.5,2.03,0.33
2001-11-01,0.04,29.69,69.36,22.81,2.32,0.33
2001-11-02,0.08,29.53,71.67,26.13,4.04,0.33
2001-11-03,0.1,29.55,70.93,23.63,2.54,0.33
2001-11-04,0.04,28.99,76.39,24.33,4.42,0.33
2001-11-05,0.08,29.06,75.82,23.47,3.27,0.33
2001-11-06,0.17,28.98,75.9,24.08,3.82,0.33
2001-11-07,0.73,28.92,74.95,23.43,2.47,0.33
2001-11-08,0.79,29.04,74.78,21.24,3.64,0.33
2001-11-09,0.42,28.85,76.83,17.21,3.91,0.33
2001-11-10,0.95,28.1,82.35,20.1,2.39,0.33
2001-11-11,0.61,27.79,82.59,15.71,1.22,0.33
2001-11-12,1.45,28.5,76.95,16.52,0.86,0.33
2001-11-13,2.49,28.06,79.8,10.77,1.43,0.34
2001-11-14,5.92,28.44,72.82,24.81,1.26,0.35
2001-11-15,2.54,29.38,67.97,25.25,1.33,0.35
2001-11-16,3.44,29.4,71.0,23.38,1.42,0.35
2001-11-17,2.96,28.35,78.74,19.39,1.55,0.36
2001-11-18,0.49,29.08,74.0,23.61,1.64,0.36
2001-11-19,0.42,28.96,77.53,23.99,3.33,0.35
2001-11-20,0.17,29.04,75.42,24.03,3.03,0.35
2001-11-21,0.64,28.81,75.4,18.07,2.93,0.35
2001-11-22,2.11,28.15,73.82,13.16,3.1,0.36
2001-11-23,1.56,28.13,79.31,14.98,2.98,0.36
2001-11-24,5.24,28.06,77.55,13.6,1.64,0.36
2001-11-25,2.89,27.34,76.21,16.73,1.29,0.37
2001-11-26,0.4,28.22,76.4,21.72,2.52,0.37
2001-11-27,2.46,27.54,81.73,20.29,2.62,0.37
2001-11-28,3.26,27.68,80.12,13.65,2.36,0.38
2001-11-29,3.35,27.93,78.72,12.97,2.78,0.38
2001-11-30,7.04,27.49,82.95,20.57,2.89,0.39
2001-12-01,2.68,27.63,79.5,19.19,2.84,0.39
2001-12-02,5.57,27.5,82.29,12.96,3.25,0.4
2001-12-03,2.75,27.98,81.61,21.62,3.97,0.41
2001-12-04,6.01,27.77,83.01,14.95,4.67,0.41
2001-12-05,0.83,28.8,73.19,24.44,2.63,0.41
2001-12-06,1.26,27.83,80.1,15.43,2.94,0.41
2001-12-07,19.25,27.62,79.51,18.14,2.88,0.43
2001-12-08,17.23,27.56,81.41,16.76,4.22,0.47
2001-12-09,14.72,27.58,81.12,12.14,4.03,0.49
2001-12-10,6.26,27.28,80.45,21.35,2.59,0.5
2001-12-11,4.19,27.55,79.53,21.26,3.6,0.5
2001-12-12,2.26,27.7,76.15,23.15,3.9,0.5
2001-12-13,0.05,27.97,74.22,25.18,2.76,0.5
2001-12-14,0.05,28.28,70.8,25.96,1.71,0.49
2001-12-15,0.09,28.14,73.69,26.37,2.13,0.48
2001-12-16,0.0,28.17,73.57,25.1,2.94,0.48
2001-12-17,5.11,27.75,75.8,22.86,1.46,0.48
2001-12-18,1.91,27.6,80.26,12.5,3.35,0.48
2001-12-19,2.74,27.13,83.95,24.2,2.64,0.48
2001-12-20,0.05,28.03,78.68,25.27,3.68,0.48
2001-12-21,0.13,28.5,75.68,24.96,3.55,0.48
2001-12-22,0.02,28.72,74.3,26.06,4.26,0.47
2001-12-23,0.06,28.64,75.52,25.35,4.43,0.47
2001-12-24,0.79,28.63,76.42,24.58,4.05,0.46
2001-12-25,0.57,28.69,75.0,24.15,2.89,0.46
2001-12-26,0.41,27.96,77.51,22.69,2.3,0.46
2001-12-27,1.13,27.15,81.0,18.23,1.9,0.46
2001-12-28,2.98,27.49,77.08,20.14,2.03,0.46
2001-12-29,4.3,27.42,79.07,19.37,2.25,0.46
2001-12-30,37.96,27.68,82.25,20.43,3.52,0.49
2001-12-31,13.89,27.83,80.43,24.47,3.09,0.55
2002-01-01,8.93,27.76,80.18,23.0,3.18,0.55
2002-01-02,8.07,27.79,79.2,23.33,3.43,0.56
2002-01-03,4.89,27.85,77.81,24.12,4.38,0.56
2002-01-04,3.84,28.29,74.5,23.19,3.22,0.56
2002-01-05,4.35,28.09,76.68,26.21,4.29,0.56
2002-01-06,0.09,27.98,77.83,24.16,4.19,0.55
2002-01-07,0.06,28.0,76.7,26.39,4.29,0.54
2002-01-08,0.36,28.42,75.02,25.08,3.38,0.54
2002-01-09,5.93,28.43,76.01,24.88,3.13,0.53
2002-01-10,6.23,28.45,76.1,25.21,2.16,0.54
2002-01-11,1.62,28.31,78.46,25.05,2.75,0.54
2002-01-12,0.49,28.78,75.56,22.03,2.63,0.54
2002-01-13,0.3,27.89,81.15,21.29,3.33,0.53
2002-01-14,0.5,27.18,82.9,23.73,2.83,0.53
2002-01-15,2.74,27.41,81.06,22.82,1.72,0.53
2002-01-16,2.67,27.59,80.5,15.65,2.21,0.53
2002-01-17,1.89,28.0,77.25,18.16,1.65,0.53
2002-01-18,0.3,28.18,77.18,24.94,1.75,0.53
2002-01-19,1.89,27.36,80.16,23.13,1.21,0.52
2002-01-20,0.99,27.58,79.28,23.88,1.9,0.52
2002-01-21,3.03,27.48,80.73,16.65,2.32,0.52
2002-01-22,2.94,27.01,82.62,20.81,3.29,0.52
2002-01-23,8.55,26.97,84.21,17.59,2.13,0.53
2002-01-24,10.85,26.67,82.68,18.62,1.47,0.55
2002-01-25,23.21,27.44,84.04,16.95,4.15,0.57
2002-01-26,11.13,26.92,85.36,13.9,3.39,0.6
2002-01-27,3.26,27.1,84.22,18.15,3.15,0.6
2002-01-28,4.65,27.16,84.23,22.0,2.37,0.6
2002-01-29,13.23,27.08,84.42,16.55,2.78,0.61
2002-01-30,15.62,26.34,87.05,15.52,3.54,0.63
2002-01-31,9.48,26.89,85.36,6.12,4.9,0.65
2002-02-01,31.83,27.25,82.78,19.19,5.74,0.68
2002-02-02,11.68,27.28,85.94,8.4,5.68,0.71
2002-02-03,9.91,27.31,89.12,10.53,4.68,0.71
2002-02-04,13.51,27.06,88.65,7.79,5.41,0.72
2002-02-05,35.32,26.74,87.99,8.7,5.23,0.76
2002-02-06,17.42,26.63,88.41,16.55,5.02,0.8
2002-02-07,16.23,26.68,86.98,14.26,5.59,0.81
2002-02-08,15.68,26.76,85.96,17.87,5.6,0.82
2002-02-09,14.0,26.68,84.83,17.83,5.06,0.84
2002-02-10,2.96,27.0,85.39,12.46,4.1,0.84
2002-02-11,5.41,26.53,87.92,17.5,2.2,0.83
2002-02-12,7.23,26.09,86.54,19.95,3.12,0.84
2002-02-13,22.69,26.44,87.46,13.96,4.51,0.85
2002-02-14,22.71,26.55,86.9,14.12,4.62,0.88
2002-02-15,11.47,27.02,85.11,16.3,5.87,0.89
2002-02-16,3.13,26.97,85.47,15.68,4.17,0.89
2002-02-17,39.12,26.91,86.36,11.22,3.82,0.91
2002-02-18,5.4,27.24,83.62,15.9,3.79,0.93
2002-02-19,1.79,27.14,85.36,22.98,3.41,0.92
2002-02-20,8.29,27.43,85.07,24.98,3.58,0.92
2002-02-21,12.77,27.51,85.67,20.46,5.42,0.93
2002-02-22,2.85,27.46,84.0,21.15,5.64,0.93
2002-02-23,2.56,27.37,84.19,21.11,4.63,0.92
2002-02-24,3.21,26.99,85.52,18.86,4.15,0.92
2002-02-25,1.38,27.11,81.34,24.34,2.71,0.91
2002-02-26,1.04,27.07,81.21,24.29,1.56,0.91
2002-02-27,3.72,27.36,80.9,24.24,1.69,0.91
2002-02-28,20.77,27.27,82.13,21.27,1.79,0.91
2002-03-01,6.71,27.82,80.19,25.64,2.92,0.93
2002-03-02,2.89,27.71,81.54,22.76,2.91,0.92
2002-03-03,4.37,27.2,85.65,17.88,3.82,0.92
2002-03-04,4.49,26.85,84.53,24.75,2.42,0.91
2002-03-05,5.42,27.31,85.54,20.71,2.36,0.92
2002-03-06,1.91,26.81,87.13,19.18,1.87,0.91
2002-03-07,17.16,26.98,86.87,15.88,2.52,0.92
2002-03-08,5.0,26.78,85.78,23.83,2.94,0.93
2002-03-09,0.76,26.89,86.41,23.04,2.65,0.92
2002-03-10,0.51,26.84,85.19,24.17,2.36,0.92
2002-03-11,0.2,27.56,80.48,25.61,1.4,0.91
2002-03-12,0.54,27.51,80.49,26.4,1.05,0.91
2002-03-13,0.93,28.27,76.44,25.2,1.87,0.9
2002-03-14,0.04,28.46,75.29,26.45,1.61,0.89
2002-03-15,0.07,28.09,76.7,24.39,1.44,0.89
2002-03-16,0.25,27.59,80.21,20.3,1.76,0.88
2002-03-17,0.22,27.89,77.91,23.73,2.06,0.88
2002-03-18,2.8,28.0,78.32,23.94,2.23,0.87
2002-03-19,0.47,28.3,72.78,25.87,1.88,0.87
2002-03-20,0.01,28.28,70.91,25.32,1.58,0.85
2002-03-21,0.07,28.24,75.4,24.65,1.55,0.85
2002-03-22,0.39,27.92,79.76,24.88,2.35,0.84
2002-03-23,0.2,28.01,76.5,24.55,1.09,0.83
2002-03-24,0.53,28.22,76.67,23.05,1.77,0.82
2002-03-25,2.83,27.62,80.58,25.13,1.6,0.82
2002-03-26,12.59,27.64,82.52,20.55,1.96,0.82
2002-03-27,3.01,27.65,80.55,24.6,1.04,0.83
2002-03-28,0.98,28.18,73.9,23.35,1.06,0.83
2002-03-29,0.62,28.23,74.5,24.94,1.32,0.82
2002-03-30,0.85,27.94,75.24,25.06,0.94,0.81
2002-03-31,1.94,27.88,75.96,22.68,1.51,0.81
2002-04-01,0.58,27.58,77.53,22.78,1.64,0.8
2002-04-02,0.11,27.09,78.97,22.95,1.7,0.79
2002-04-03,0.12,27.2,72.78,23.28,1.92,0.78
2002-04-04,0.05,27.99,69.19,23.04,1.92,0.77
2002-04-05,0.01,28.47,71.7,24.62,2.36,0.76
2002-04-06,0.1,28.57,72.61,24.74,2.06,0.75
2002-04-07,1.06,28.47,74.52,24.13,2.0,0.74
2002-04-08,1.29,27.87,77.86,23.2,1.45,0.74
2002-04-09,3.66,27.95,77.87,22.37,1.83,0.74
2002-04-10,11.52,27.35,83.85,13.54,3.54,0.74
2002-04-11,8.26,27.14,84.59,8.59,4.71,0.76
2002-04-12,13.66,27.27,82.69,17.41,3.49,0.76
2002-04-13,2.6,27.53,81.97,23.76,1.87,0.77
2002-04-14,1.18,27.67,80.56,22.27,1.64,0.77
2002-04-15,0.71,28.24,75.45,23.78,1.56,0.77
2002-04-16,0.68,28.26,73.1,23.14,1.48,0.76
2002-04-17,0.19,27.86,73.2,23.23,1.64,0.75
2002-04-18,0.05,28.15,72.64,23.57,1.91,0.74
2002-04-19,0.07,28.71,66.0,23.67,1.91,0.73
2002-04-20,0.18,28.65,68.46,23.85,2.11,0.72
2002-04-21,0.45,28.52,71.37,23.67,1.96,0.71
2002-04-22,0.04,28.93,68.49,22.9,1.08,0.7
2002-04-23,0.11,28.64,75.13,22.15,2.49,0.7
2002-04-24,0.03,28.72,72.14,22.27,3.52,0.69
2002-04-25,0.02,28.69,71.44,23.58,3.66,0.68
2002-04-26,0.03,28.62,69.38,23.5,2.98,0.67
2002-04-27,0.01,28.33,71.69,23.2,2.95,0.66
2002-04-28,0.0,28.55,67.77,23.04,3.02,0.65
2002-04-29,0.01,28.54,71.2,22.73,3.16,0.64
2002-04-30,4.26,28.13,80.2,19.01,3.3,0.64
2002-05-01,0.84,28.23,75.41,22.45,3.07,0.64
2002-05-02,0.27,28.43,74.41,22.43,3.31,0.63
2002-05-03,0.15,28.16,77.41,21.65,3.18,0.62
2002-05-04,0.02,28.21,77.39,22.26,3.47,0.61
2002-05-05,0.55,28.35,77.76,21.95,3.24,0.6
2002-05-06,0.74,28.56,74.79,22.15,2.7,0.6
2002-05-07,0.25,28.65,75.53,22.19,2.67,0.59
2002-05-08,0.12,28.49,75.85,22.27,2.77,0.58
2002-05-09,0.05,28.48,73.44,21.26,2.74,0.57
2002-05-10,0.0,28.6,71.11,19.63,1.86,0.57
2002-05-11,0.0,28.06,77.31,20.02,3.33,0.56
2002-05-12,0.03,28.01,73.56,19.07,1.21,0.55
2002-05-13,0.08,27.96,67.58,20.12,1.9,0.55
2002-05-14,0.0,28.26,59.06,21.97,2.29,0.54
2002-05-15,0.02,27.99,63.4,21.92,1.91,0.53
2002-05-16,0.02,27.65,69.53,20.75,2.07,0.53
2002-05-17,0.07,27.76,69.5,21.23,2.54,0.52
2002-05-18,0.0,28.06,66.47,21.57,3.03,0.52
2002-05-19,0.01,28.12,66.84,21.81,2.0,0.51
2002-05-20,0.02,28.06,64.35,21.56,1.64,0.51
2002-05-21,0.0,28.15,62.51,21.03,1.79,0.5
2002-05-22,0.02,28.03,62.2,21.47,1.8,0.49
2002-05-23,0.0,27.97,62.92,21.4,1.45,0.49
2002-05-24,0.0,27.9,65.96,21.17,1.74,0.48
2002-05-25,0.0,28.24,66.74,20.33,2.46,0.48
2002-05-26,0.0,28.17,67.81,20.62,2.39,0.47
2002-05-27,0.02,28.2,68.54,19.92,2.43,0.47
2002-05-28,0.02,28.03,68.8,20.66,2.53,0.47
2002-05-29,0.01,27.67,66.88,20.25,2.97,0.46
2002-05-30,0.0,27.6,63.57,20.05,3.65,0.46
2002-05-31,0.01,27.33,65.96,20.54,3.78,0.45
2002-06-01,0.0,27.38,61.7,19.76,3.37,0.45
2002-06-02,0.0,27.7,64.91,20.47,3.6,0.45
2002-06-03,0.02,27.77,67.86,19.38,3.65,0.44
2002-06-04,0.0,27.9,69.33,20.23,3.41,0.44
2002-06-05,0.0,27.8,69.8,20.23,2.83,0.44
2002-06-06,0.0,27.46,67.9,19.65,2.72,0.43
2002-06-07,0.0,27.58,65.1,18.49,2.73,0.43
2002-06-08,0.0,27.7,64.83,19.72,2.59,0.43
2002-06-09,0.0,28.39,64.85,19.68,3.84,0.42
2002-06-10,0.05,28.27,61.76,20.39,4.13,0.42
2002-06-11,0.0,28.03,66.81,19.76,3.98,0.42
2002-06-12,0.02,27.79,70.48,10.63,3.53,0.42
2002-06-13,0.04,27.7,69.75,18.38,3.51,0.41
2002-06-14,0.09,27.31,75.04,18.53,2.5,0.41
2002-06-15,0.01,27.19,75.44,17.99,3.4,0.41
2002-06-16,0.0,26.96,73.22,19.63,3.58,0.41
2002-06-17,0.0,26.92,75.12,18.44,4.17,0.4
2002-06-18,0.0,27.39,72.27,17.24,3.06,0.4
2002-06-19,0.0,27.46,67.47,19.12,2.21,0.4
2002-06-20,0.05,26.68,69.04,19.66,3.57,0.4
2002-06-21,0.0,26.3,65.03,19.53,2.91,0.39
2002-06-22,0.0,26.15,66.66,18.66,2.7,0.39
2002-06-23,0.0,26.61,68.71,18.3,3.25,0.39
2002-06-24,0.0,26.56,66.85,18.24,3.74,0.39
2002-06-25,0.0,26.25,66.22,19.33,3.5,0.39
2002-06-26,0.0,26.22,62.21,19.83,2.4,0.38
2002-06-27,0.0,26.22,65.2,20.25,2.1,0.38
2002-06-28,0.0,26.57,64.31,19.87,2.4,0.38
2002-06-29,0.0,27.0,59.13,20.07,1.67,0.38
2002-06-30,0.05,26.72,67.5,19.7,2.47,0.37
2002-07-01,0.0,26.19,61.85,20.23,3.25,0.37
2002-07-02,0.03,26.06,72.16,17.79,4.08,0.37
2002-07-03,0.06,26.21,74.38,14.15,3.83,0.37
2002-07-04,0.0,26.45,69.67,18.4,3.45,0.37
2002-07-05,0.0,26.52,64.85,19.33,2.96,0.36
2002-07-06,0.03,26.14,67.63,19.23,2.56,0.36
2002-07-07,0.01,26.18,65.31,19.54,2.61,0.36
2002-07-08,0.0,26.54,64.77,20.06,2.7,0.36
2002-07-09,0.01,26.52,66.36,20.34,2.58,0.35
2002-07-10,0.14,26.54,69.29,18.94,2.28,0.35
2002-07-11,0.01,26.57,69.0,19.7,2.15,0.35
2002-07-12,0.04,26.21,70.82,19.53,2.3,0.35
2002-07-13,0.0,26.08,68.55,18.89,2.71,0.35
2002-07-14,0.11,26.01,68.36,19.41,1.35,0.35
2002-07-15,0.0,26.49,65.85,20.34,2.38,0.34
2002-07-16,0.01,26.32,66.62,19.85,2.66,0.34
2002-07-17,0.01,25.96,67.95,19.76,2.99,0.34
2002-07-18,0.01,25.72,65.88,19.49,3.22,0.34
2002-07-19,0.0,26.04,63.83,16.65,3.36,0.34
2002-07-20,0.04,26.13,70.76,20.23,3.5,0.34
2002-07-21,0.76,26.32,76.32,12.12,3.85,0.33
2002-07-22,0.0,26.71,68.44,20.12,2.89,0.33
2002-07-23,0.0,26.54,68.29,21.22,1.93,0.33
2002-07-24,0.0,26.79,67.26,20.64,1.87,0.33
2002-07-25,0.05,26.85,66.12,21.03,1.78,0.33
2002-07-26,0.0,27.07,64.01,17.97,2.34,0.33
2002-07-27,0.02,26.79,67.36,21.01,2.42,0.33
2002-07-28,0.05,26.94,68.96,17.98,2.36,0.33
2002-07-29,0.04,27.17,70.07,18.65,2.81,0.33
2002-07-30,0.19,27.14,64.16,20.22,2.95,0.33
2002-07-31,0.01,26.91,65.71,21.2,2.68,0.33
2002-08-01,0.03,26.48,64.28,21.52,3.74,0.33
2002-08-02,0.01,26.2,65.06,22.11,2.92,0.33
2002-08-03,0.0,26.48,62.49,22.35,2.3,0.33
2002-08-04,0.0,26.94,61.43,22.55,2.75,0.33
2002-08-05,0.0,26.88,65.04,21.86,2.72,0.33
2002-08-06,0.0,26.96,61.35,21.93,2.53,0.33
2002-08-07,0.0,27.13,61.79,22.14,1.93,0.33
2002-08-08,0.0,27.24,60.62,22.52,2.1,0.33
2002-08-09,0.0,26.99,63.87,22.35,1.7,0.33
2002-08-10,0.0,26.82,60.59,22.49,1.92,0.33
2002-08-11,0.01,26.37,64.42,22.25,2.67,0.33
2002-08-12,0.12,26.32,64.91,22.26,2.91,0.33
2002-08-13,0.01,26.53,63.56,21.88,2.61,0.33
2002-08-14,0.0,26.32,62.58,22.02,1.56,0.33
2002-08-15,0.04,26.54,60.78,22.48,2.01,0.33
2002-08-16,0.16,26.22,60.72,21.07,3.07,0.33
2002-08-17,0.0,26.0,56.94,23.26,2.46,0.33
2002-08-18,0.0,26.04,56.58,22.32,2.22,0.33
2002-08-19,0.0,26.65,58.06,20.91,2.08,0.33
2002-08-20,0.0,26.66,61.87,21.94,2.88,0.33
2002-08-21,0.01,26.69,63.55,22.34,2.78,0.33
2002-08-22,0.0,26.96,60.52,22.26,1.81,0.33
2002-08-23,0.04,26.47,67.93,21.85,2.24,0.33
2002-08-24,0.02,26.45,68.41,21.76,2.09,0.33
2002-08-25,0.0,27.0,57.38,22.73,2.59,0.33
2002-08-26,0.03,27.15,53.99,22.99,3.23,0.33
2002-08-27,0.02,26.58,58.6,22.24,2.44,0.33
2002-08-28,0.0,26.61,50.38,24.26,2.33,0.33
2002-08-29,0.0,26.23,55.6,23.89,2.03,0.33
2002-08-30,0.0,26.24,61.81,23.88,1.95,0.32
2002-08-31,0.1,26.58,62.67,22.0,2.65,0.33
2002-09-01,0.38,26.46,65.61,23.23,2.19,0.33
2002-09-02,0.0,26.21,63.46,24.1,1.4,0.33
2002-09-03,0.0,26.19,63.82,24.17,1.02,0.33
2002-09-04,0.0,26.15,67.03,23.87,1.59,0.33
2002-09-05,0.0,26.14,65.88,23.39,1.64,0.33
2002-09-06,0.0,26.18,64.05,24.52,2.32,0.32
2002-09-07,0.0,26.35,62.57,24.49,1.72,0.32
2002-09-08,0.0,26.75,64.05,24.31,2.94,0.32
2002-09-09,0.0,26.87,70.74,23.48,2.93,0.32
2002-09-10,0.13,27.01,70.19,23.16,1.63,0.32
2002-09-11,0.07,26.75,72.11,22.13,3.33,0.32
2002-09-12,0.05,26.95,73.1,21.51,2.49,0.32
2002-09-13,0.05,27.42,72.2,24.5,2.58,0.32
2002-09-14,0.25,27.43,72.68,23.18,2.39,0.33
2002-09-15,15.19,26.71,77.86,22.54,3.35,0.34
2002-09-16,12.06,26.21,78.5,17.43,3.71,0.37
2002-09-17,0.27,26.63,75.73,22.26,3.0,0.37
2002-09-18,1.94,26.75,74.78,20.7,1.79,0.37
2002-09-19,0.15,27.41,68.75,24.61,1.92,0.36
2002-09-20,0.03,27.3,67.55,25.56,1.67,0.36
2002-09-21,0.0,27.82,63.71,25.32,1.39,0.36
2002-09-22,0.0,27.47,66.12,25.34,2.01,0.35
2002-09-23,0.01,27.33,67.66,23.98,2.72,0.35
2002-09-24,0.02,27.01,71.74,22.43,2.08,0.35
2002-09-25,0.0,27.58,70.05,23.04,1.62,0.35
2002-09-26,0.0,27.98,72.79,23.79,2.49,0.34
2002-09-27,0.06,28.48,69.02,24.21,1.75,0.34
2002-09-28,0.27,27.96,71.11,24.22,2.69,0.34
2002-09-29,0.04,27.32,73.59,25.02,4.03,0.34
2002-09-30,0.16,27.83,69.15,23.24,2.04,0.34
2002-10-01,0.42,27.87,69.95,25.13,1.74,0.34
2002-10-02,0.01,28.36,65.58,25.9,1.96,0.33
2002-10-03,0.0,28.95,62.2,25.7,1.32,0.33
2002-10-04,0.04,29.14,62.71,26.16,1.53,0.33
2002-10-05,0.0,29.14,62.46,25.81,1.45,0.33
2002-10-06,0.03,28.78,64.78,25.68,1.46,0.33
2002-10-07,0.06,28.48,68.09,23.18,2.75,0.33
2002-10-08,0.03,28.27,70.49,25.2,3.58,0.33
2002-10-09,0.0,27.99,71.74,26.01,3.79,0.33
2002-10-10,0.0,28.37,71.34,26.21,2.38,0.33
2002-10-11,0.02,28.82,68.69,25.04,1.62,0.33
2002-10-12,0.02,29.03,65.44,25.83,1.54,0.33
2002-10-13,0.0,29.69,61.31,25.68,1.54,0.33
2002-10-14,0.26,29.51,61.86,24.29,2.35,0.33
2002-10-15,0.0,29.66,59.88,26.42,2.33,0.33
2002-10-16,0.0,29.29,61.79,26.22,1.11,0.33
2002-10-17,0.0,29.11,63.34,26.75,0.91,0.33
2002-10-18,0.0,29.02,63.86,27.54,2.11,0.33
2002-10-19,0.0,29.04,62.53,26.71,1.35,0.33
2002-10-20,0.12,29.03,63.38,26.95,1.09,0.32
2002-10-21,0.48,29.04,64.77,26.24,0.88,0.33
2002-10-22,0.15,29.14,65.28,26.18,1.18,0.33
2002-10-23,0.47,29.35,65.95,24.55,1.06,0.33
2002-10-24,0.0,29.52,68.94,25.61,1.22,0.33
2002-10-25,0.0,29.52,69.9,23.53,0.75,0.33
2002-10-26,0.0,29.56,67.31,24.44,1.7,0.33
2002-10-27,0.0,29.59,69.11,26.31,2.16,0.33
2002-10-28,0.06,30.07,64.43,25.98,1.3,0.33
2002-10-29,0.06,29.9,64.82,25.63,1.79,0.32
2002-10-30,0.05,30.34,61.7,25.75,1.51,0.32
2002-10-31,0.01,30.24,63.28,24.58,1.25,0.32
2002-11-01,0.14,30.37,62.29,24.57,0.82,0.32
2002-11-02,1.73,29.98,65.35,22.84,1.38,0.33
2002-11-03,1.39,30.37,62.13,24.03,1.28,0.33
2002-11-04,1.1,30.13,61.71,25.53,1.47,0.33
2002-11-05,0.11,29.96,64.44,25.22,2.03,0.33
2002-11-06,0.04,30.3,61.09,25.98,1.12,0.33
2002-11-07,0.12,30.49,59.99,25.78,1.49,0.33
2002-11-08,0.03,30.5,58.59,25.19,2.47,0.33
2002-11-09,0.02,30.57,62.1,26.21,2.58,0.33
2002-11-10,0.0,30.6,58.85,25.83,2.7,0.33
2002-11-11,0.04,30.11,63.08,25.18,1.48,0.33
2002-11-12,0.32,30.35,63.26,24.13,1.13,0.33
2002-11-13,0.12,29.79,66.47,25.63,1.32,0.33
2002-11-14,0.48,29.98,63.74,25.59,0.67,0.33
2002-11-15,7.37,30.06,65.38,25.57,1.82,0.34
2002-11-16,0.43,29.9,67.92,26.17,2.12,0.34
2002-11-17,0.48,29.42,72.05,25.46,1.84,0.34
2002-11-18,6.7,29.65,68.9,24.31,1.2,0.34
2002-11-19,5.92,29.84,65.23,25.12,0.93,0.35
2002-11-20,0.06,30.79,59.33,26.01,1.33,0.35
2002-11-21,0.5,30.7,62.22,25.58,1.34,0.35
2002-11-22,7.49,29.8,69.89,23.47,2.2,0.35
2002-11-23,10.08,29.52,70.55,23.17,1.04,0.37
2002-11-24,1.71,29.42,69.34,21.21,1.09,0.36
2002-11-25,1.95,29.56,67.85,22.89,1.21,0.36
2002-11-26,3.33,29.05,71.29,18.66,1.49,0.37
2002-11-27,1.39,29.7,67.46,23.31,1.38,0.36
2002-11-28,4.99,29.86,64.95,24.71,1.01,0.37
2002-11-29,16.07,29.85,66.9,22.26,1.4,0.38
2002-11-30,8.6,29.29,75.18,21.99,3.23,0.4
2002-12-01,11.26,28.51,77.86,14.24,3.93,0.42
2002-12-02,4.14,28.15,76.27,23.08,2.41,0.43
2002-12-03,0.78,28.74,74.81,20.27,2.23,0.43
2002-12-04,0.81,28.99,71.29,25.17,1.37,0.42
2002-12-05,0.81,29.23,72.87,24.93,1.36,0.42
2002-12-06,0.37,29.41,73.32,25.89,1.83,0.42
2002-12-07,1.73,29.38,74.6,23.29,3.05,0.42
2002-12-08,1.49,29.19,81.25,26.3,3.25,0.42
2002-12-09,1.14,30.3,68.93,26.17,2.22,0.42
2002-12-10,1.7,29.32,73.0,23.04,1.43,0.42
2002-12-11,8.64,28.0,75.2,16.61,1.0,0.42
2002-12-12,4.78,28.38,73.64,22.71,1.26,0.44
2002-12-13,8.0,28.6,73.37,23.38,0.99,0.44
2002-12-14,11.02,29.05,73.96,22.17,1.41,0.46
2002-12-15,3.03,29.35,71.75,25.84,1.18,0.46
2002-12-16,2.24,29.95,68.16,26.24,1.34,0.46
2002-12-17,1.21,30.1,66.43,26.16,1.37,0.46
2002-12-18,0.12,30.99,62.9,26.24,1.91,0.45
2002-12-19,0.26,30.44,64.99,24.87,1.7,0.45
2002-12-20,0.38,30.28,64.47,25.53,1.22,0.44
2002-12-21,5.08,30.37,64.32,23.8,1.07,0.44
2002-12-22,3.08,30.02,66.93,22.33,0.88,0.45
2002-12-23,2.37,29.59,68.64,23.48,0.76,0.45
2002-12-24,1.82,29.41,73.01,20.16,1.39,0.45
2002-12-25,1.44,29.0,75.43,18.74,1.58,0.45
2002-12-26,0.51,29.0,73.57,14.77,2.11,0.45
2002-12-27,0.48,29.06,74.14,25.04,1.66,0.45
2002-12-28,3.65,29.35,75.2,23.9,1.38,0.45
2002-12-29,8.57,29.35,76.87,17.98,2.53,0.46
2002-12-30,4.34,28.29,82.05,16.71,3.32,0.47
2002-12-31,0.63,28.23,77.92,21.33,2.48,0.47
2003-01-01,19.89,28.05,81.27,23.86,2.94,0.48
2003-01-02,11.52,27.63,80.36,21.3,2.66,0.52
2003-01-03,6.77,28.27,78.01,18.96,3.2,0.52
2003-01-04,5.88,28.36,77.64,22.53,3.04,0.52
2003-01-05,7.49,27.32,83.29,18.33,2.45,0.54
2003-01-06,2.82,27.09,83.1,24.87,2.21,0.54
2003-01-07,2.52,27.18,83.46,15.29,2.36,0.54
2003-01-08,1.05,27.52,82.15,23.44,3.09,0.54
2003-01-09,6.75,28.31,80.53,22.25,4.85,0.53
2003-01-10,3.18,28.85,76.83,18.88,4.71,0.54
2003-01-11,2.51,28.29,83.45,18.69,7.05,0.54
2003-01-12,3.57,28.29,82.21,17.63,4.9,0.54
2003-01-13,2.21,28.16,82.53,15.4,5.12,0.54
2003-01-14,1.19,27.96,82.69,20.69,6.63,0.54
2003-01-15,8.36,28.28,79.01,17.16,4.37,0.54
2003-01-16,9.59,27.24,80.91,23.89,3.51,0.55
2003-01-17,6.13,27.35,81.61,25.74,2.3,0.57
2003-01-18,0.94,27.84,79.81,25.3,2.82,0.56
2003-01-19,1.56,28.64,77.21,25.39,2.79,0.56
2003-01-20,1.02,28.51,78.15,22.73,3.21,0.55
2003-01-21,7.62,27.97,81.44,20.77,2.67,0.55
2003-01-22,8.22,27.09,84.98,21.3,3.8,0.57
2003-01-23,5.15,27.32,83.24,18.53,3.94,0.57
2003-01-24,2.04,27.62,81.0,18.86,4.21,0.57
2003-01-25,1.89,27.78,78.99,23.04,3.35,0.57
2003-01-26,0.51,27.61,80.34,21.51,2.42,0.57
2003-01-27,5.87,27.32,80.23,11.49,1.27,0.57
2003-01-28,10.22,27.59,79.59,22.85,1.64,0.58
2003-01-29,2.26,27.64,78.67,25.62,1.71,0.59
2003-01-30,1.85,28.17,78.51,24.44,2.94,0.58
2003-01-31,11.52,27.66,81.68,17.07,3.08,0.58
2003-02-01,6.52,27.42,83.19,17.18,2.82,0.6
2003-02-02,2.75,27.35,85.44,11.56,2.91,0.6
2003-02-03,1.85,27.23,83.99,16.38,3.24,0.6
2003-02-04,1.45,27.71,80.45,26.18,1.77,0.6
2003-02-05,1.24,28.03,82.35,25.34,2.89,0.59
2003-02-06,4.87,28.06,81.64,25.76,2.91,0.59
2003-02-07,4.97,27.34,80.62,24.28,2.29,0.6
2003-02-08,2.2,27.41,79.98,25.1,1.9,0.6
2003-02-09,1.39,28.18,76.82,22.45,1.67,0.6
2003-02-10,3.38,28.05,80.57,24.8,2.31,0.59
2003-02-11,10.98,27.65,83.11,16.69,2.29,0.6
2003-02-12,5.17,27.9,79.29,25.04,2.18,0.61
2003-02-13,10.6,28.14,77.88,15.85,2.99,0.61
2003-02-14,30.72,27.85,81.53,12.66,4.83,0.65
2003-02-15,9.21,27.56,81.58,18.59,4.78,0.67
2003-02-16,10.32,27.85,82.8,20.73,3.09,0.67
2003-02-17,33.05,27.49,85.9,18.11,4.46,0.7
2003-02-18,51.27,27.18,86.51,16.42,5.01,0.77
2003-02-19,82.38,27.6,86.45,11.08,6.06,0.87
2003-02-20,48.77,27.49,81.92,10.95,5.3,0.95
2003-02-21,8.64,27.15,85.08,14.35,5.18,0.94
2003-02-22,7.11,27.34,85.35,14.01,5.03,0.93
2003-02-23,20.0,27.73,83.6,20.56,6.33,0.94
2003-02-24,7.08,27.45,84.1,14.34,5.69,0.95
2003-02-25,2.24,27.84,85.43,18.93,4.46,0.94
2003-02-26,3.46,27.57,86.37,15.68,5.65,0.94
2003-02-27,5.79,27.6,85.61,17.22,5.25,0.94
2003-02-28,13.59,27.6,86.82,8.79,6.02,0.94
2003-03-01,8.69,27.45,87.21,7.73,6.24,0.94
2003-03-02,4.57,27.21,84.66,18.64,4.91,0.94
2003-03-03,5.61,27.06,83.85,16.49,2.19,0.94
2003-03-04,12.53,26.9,87.14,19.56,3.42,0.95
2003-03-05,5.37,27.02,85.74,16.88,3.89,0.95
2003-03-06,3.77,26.89,82.29,22.69,1.52,0.95
2003-03-07,4.39,26.88,84.06,21.45,2.05,0.95
2003-03-08,4.76,26.86,82.32,18.63,3.2,0.94
2003-03-09,2.88,27.35,82.03,15.6,4.28,0.94
2003-03-10,4.61,27.56,82.67,15.21,4.77,0.94
2003-03-11,4.46,27.75,80.55,20.97,3.55,0.94
2003-03-12,0.85,27.5,79.15,24.52,1.49,0.93
2003-03-13,0.1,27.86,76.22,24.93,1.25,0.93
2003-03-14,0.46,27.44,79.11,24.35,1.81,0.92
2003-03-15,0.02,27.73,74.77,26.0,2.38,0.91
2003-03-16,0.02,27.73,69.11,26.68,1.3,0.9
2003-03-17,0.0,28.06,66.04,26.79,1.47,0.89
2003-03-18,0.0,27.96,69.85,26.82,2.33,0.88
2003-03-19,0.0,28.08,73.47,26.05,1.82,0.87
2003-03-20,1.14,27.8,79.84,24.18,2.69,0.86
2003-03-21,1.36,28.2,77.99,20.96,1.96,0.85
2003-03-22,0.25,28.47,75.27,24.89,2.19,0.85
2003-03-23,0.02,28.55,71.18,25.08,1.72,0.84
2003-03-24,0.45,28.44,72.37,24.94,2.3,0.83
2003-03-25,0.8,28.31,71.03,25.61,2.06,0.82
2003-03-26,0.16,27.96,71.96,25.65,2.58,0.8
2003-03-27,0.0,28.47,70.78,26.07,2.7,0.79
2003-03-28,0.69,28.52,73.99,24.87,2.34,0.78
2003-03-29,1.23,28.39,75.74,23.54,2.43,0.78
2003-03-30,2.51,28.25,78.31,21.87,3.46,0.77
2003-03-31,40.78,27.52,86.62,9.73,3.69,0.8
2003-04-01,18.89,27.41,84.78,3.84,3.64,0.85
2003-04-02,6.6,27.18,85.95,11.09,3.74,0.85
2003-04-03,14.53,27.32,84.02,19.26,3.68,0.86
2003-04-04,2.73,28.03,80.55,24.2,2.22,0.86
2003-04-05,0.07,28.42,74.27,24.35,1.62,0.85
2003-04-06,0.0,28.48,68.49,24.45,1.04,0.85
2003-04-07,0.0,28.21,70.67,24.7,1.75,0.83
2003-04-08,0.0,28.17,69.08,24.11,1.89,0.82
2003-04-09,0.07,28.45,69.66,23.92,1.83,0.81
2003-04-10,0.1,28.27,68.69,24.52,1.32,0.8
2003-04-11,0.02,28.14,72.83,24.37,1.77,0.79
2003-04-12,0.0,27.84,73.06,24.16,1.89,0.78
2003-04-13,0.0,27.97,74.99,23.03,1.96,0.77
2003-04-14,0.06,28.37,73.81,23.18,1.75,0.76
2003-04-15,0.06,28.68,74.51,24.08,2.15,0.75
2003-04-16,3.31,28.64,75.68,23.1,2.72,0.74
2003-04-17,3.52,28.53,75.16,23.6,2.95,0.74
2003-04-18,2.21,28.23,75.83,23.3,2.92,0.74
2003-04-19,0.09,28.39,67.83,23.72,3.52,0.73
2003-04-20,0.15,28.53,70.57,23.79,3.13,0.72
2003-04-21,0.88,28.6,77.06,22.43,3.77,0.71
2003-04-22,0.11,28.3,75.79,22.58,3.28,0.7
2003-04-23,0.15,28.16,74.94,23.61,2.56,0.69
2003-04-24,0.23,28.24,76.37,23.13,2.88,0.68
2003-04-25,0.0,28.24,71.59,23.9,3.02,0.67
2003-04-26,0.02,28.29,70.07,23.01,2.75,0.66
2003-04-27,0.03,28.08,71.19,21.31,2.47,0.65
2003-04-28,0.03,28.32,71.69,22.41,2.52,0.65
2003-04-29,0.16,28.37,73.14,20.31,2.83,0.64
2003-04-30,0.15,28.67,73.03,22.45,3.1,0.63
2003-05-01,0.04,28.53,73.58,22.65,3.22,0.62
2003-05-02,0.15,28.71,75.03,21.28,3.25,0.61
2003-05-03,0.41,28.5,78.46,15.56,3.96,0.61
2003-05-04,0.58,28.3,79.93,20.56,3.45,0.6
2003-05-05,1.0,28.37,75.88,18.96,3.78,0.6
2003-05-06,1.31,27.53,86.33,12.63,3.23,0.6
2003-05-07,0.11,28.11,81.29,21.46,3.08,0.6
2003-05-08,0.05,28.33,75.48,20.54,2.7,0.59
2003-05-09,0.04,28.25,73.04,20.13,3.53,0.58
2003-05-10,0.0,27.89,73.35,22.35,2.92,0.57
2003-05-11,0.04,27.93,73.04,22.33,2.03,0.56
2003-05-12,0.15,27.66,71.51,21.01,1.93,0.56
2003-05-13,0.22,27.43,70.31,20.49,1.16,0.55
2003-05-14,0.25,27.23,71.99,18.3,1.76,0.54
2003-05-15,0.15,27.33,73.81,20.58,2.57,0.54
2003-05-16,0.03,27.51,68.1,20.92,2.26,0.53
2003-05-17,0.01,27.17,70.79,17.71,2.45,0.53
2003-05-18,0.01,26.85,75.6,20.48,2.12,0.52
2003-05-19,0.01,27.75,72.59,20.18,2.0,0.52
2003-05-20,0.14,27.95,74.58,20.66,1.97,0.51
2003-05-21,0.09,28.19,73.95,20.45,1.64,0.51
2003-05-22,0.0,28.31,69.47,21.17,2.07,0.5
2003-05-23,0.02,28.18,69.39,19.93,2.3,0.49
2003-05-24,0.0,27.95,70.25,20.46,2.95,0.49
2003-05-25,0.01,28.06,69.11,21.26,2.93,0.48
2003-05-26,0.0,28.04,66.28,21.89,4.14,0.48
2003-05-27,0.0,27.17,62.95,21.7,3.74,0.48
2003-05-28,0.0,26.97,63.44,21.5,3.8,0.47
2003-05-29,0.0,26.7,59.76,21.76,2.64,0.47
2003-05-30,0.0,27.19,62.71,21.72,1.99,0.46
2003-05-31,0.02,27.7,68.92,19.21,2.82,0.46
2003-06-01,0.02,27.96,67.56,19.95,2.56,0.46
2003-06-02,0.04,28.06,70.91,19.75,2.18,0.45
2003-06-03,0.04,28.36,71.93,19.45,2.04,0.45
2003-06-04,0.01,28.15,69.73,20.16,2.39,0.44
2003-06-05,0.0,28.02,69.72,20.63,2.26,0.44
2003-06-06,0.01,27.79,69.17,20.32,2.45,0.44
2003-06-07,0.0,27.9,59.44,21.22,3.38,0.43
2003-06-08,0.0,27.53,61.15,20.81,3.3,0.43
2003-06-09,0.24,27.69,67.6,20.85,3.23,0.43
2003-06-10,1.19,27.55,72.14,17.23,3.44,0.43
2003-06-11,0.6,27.94,68.52,20.45,3.38,0.42
2003-06-12,0.11,27.51,65.75,20.71,3.7,0.42
2003-06-13,0.89,27.06,67.44,17.97,3.45,0.42
2003-06-14,1.48,27.35,70.44,19.04,3.49,0.42
2003-06-15,4.06,26.62,75.06,13.27,2.92,0.42
2003-06-16,3.08,26.85,78.66,17.15,3.4,0.42
2003-06-17,6.22,27.02,81.55,15.52,3.11,0.43
2003-06-18,15.19,27.15,80.2,11.74,3.81,0.45
2003-06-19,0.7,26.92,75.11,18.86,3.82,0.46
2003-06-20,0.14,27.39,73.14,19.25,4.06,0.45
2003-06-21,0.04,27.54,71.86,18.6,3.99,0.45
2003-06-22,0.0,27.74,70.45,19.73,3.69,0.44
2003-06-23,0.0,27.45,69.01,19.97,3.56,0.44
2003-06-24,0.0,26.76,69.84,20.05,3.1,0.44
2003-06-25,0.2,26.62,69.16,19.62,2.48,0.43
2003-06-26,0.0,26.44,68.89,19.16,1.89,0.43
2003-06-27,0.0,26.43,65.76,20.32,2.33,0.43
2003-06-28,0.0,26.34,67.04,20.76,2.55,0.42
2003-06-29,0.0,25.73,70.18,19.43,2.79,0.42
2003-06-30,0.0,25.6,70.7,20.48,2.97,0.42
2003-07-01,0.0,26.2,68.72,20.3,2.47,0.42
2003-07-02,0.0,26.79,63.43,20.88,2.3,0.41
2003-07-03,0.0,26.6,61.84,20.7,2.59,0.41
2003-07-04,0.0,26.65,63.35,20.42,1.96,0.41
2003-07-05,0.45,26.76,65.79,19.15,2.64,0.4
2003-07-06,0.0,26.54,72.22,16.66,3.06,0.4
2003-07-07,0.0,26.64,70.03,15.67,3.44,0.4
2003-07-08,0.0,27.03,67.36,16.26,4.68,0.4
2003-07-09,0.01,26.67,70.54,19.8,3.75,0.4
2003-07-10,0.01,27.04,69.55,18.25,3.52,0.39
2003-07-11,0.0,26.58,69.05,20.58,2.97,0.39
2003-07-12,0.0,26.28,67.01,21.43,2.99,0.39
2003-07-13,0.0,26.4,64.68,21.49,2.09,0.39
2003-07-14,0.03,26.62,65.67,19.3,2.61,0.38
2003-07-15,0.0,26.69,66.29,20.43,3.05,0.38
2003-07-16,0.0,26.16,66.98,20.74,3.4,0.38
2003-07-17,0.01,26.49,63.72,20.73,3.01,0.38
2003-07-18,0.1,26.29,68.53,20.7,3.07,0.37
2003-07-19,0.12,26.7,66.18,18.89,2.89,0.37
2003-07-20,0.12,26.52,65.15,21.41,3.6,0.37
2003-07-21,1.1,26.44,72.99,11.68,2.23,0.37
2003-07-22,1.04,26.42,78.22,12.56,2.57,0.37
2003-07-23,0.1,26.6,76.98,18.22,2.74,0.37
2003-07-24,0.06,26.8,76.62,18.86,2.64,0.36
2003-07-25,0.32,26.39,76.78,17.32,2.63,0.36
2003-07-26,0.06,26.74,76.36,20.79,2.29,0.36
2003-07-27,0.02,26.61,69.0,21.07,2.9,0.36
2003-07-28,0.01,26.77,67.28,19.61,1.67,0.36
2003-07-29,0.01,26.68,67.95,21.21,2.1,0.35
2003-07-30,0.04,26.75,69.24,20.94,2.97,0.35
2003-07-31,0.57,26.78,68.31,19.19,2.99,0.35
2003-08-01,0.2,26.6,65.66,20.68,4.11,0.35
2003-08-02,0.02,26.18,60.94,22.16,3.16,0.35
2003-08-03,0.44,26.07,69.76,21.17,2.91,0.35
2003-08-04,0.12,26.28,68.63,21.07,2.07,0.34
2003-08-05,0.0,26.24,67.11,21.22,1.77,0.34
2003-08-06,0.0,26.56,70.23,22.0,2.71,0.34
2003-08-07,0.0,27.32,71.64,21.77,2.2,0.34
2003-08-08,0.02,27.32,69.35,20.4,1.57,0.34
2003-08-09,0.0,26.97,69.07,22.19,2.13,0.34
2003-08-10,0.06,26.56,70.15,21.89,1.81,0.33
2003-08-11,0.01,26.63,69.23,20.25,1.15,0.33
2003-08-12,0.0,26.76,72.39,19.52,3.61,0.33
2003-08-13,0.0,27.17,71.1,17.46,3.76,0.33
2003-08-14,0.05,27.04,73.85,18.4,2.94,0.33
2003-08-15,0.23,27.57,70.89,20.79,1.87,0.33
2003-08-16,0.0,28.21,62.69,23.61,2.23,0.33
2003-08-17,0.0,28.01,65.25,22.47,2.99,0.33
2003-08-18,0.02,27.59,66.03,22.91,2.41,0.33
2003-08-19,0.0,27.42,66.47,22.22,2.41,0.33
2003-08-20,0.0,27.35,67.39,22.81,2.06,0.33
2003-08-21,0.01,27.58,67.75,21.23,1.54,0.33
2003-08-22,0.0,26.51,74.01,20.9,4.76,0.33
2003-08-23,0.0,26.11,73.43,20.14,5.08,0.33
2003-08-24,0.0,25.91,69.94,19.91,4.74,0.33
2003-08-25,0.0,26.11,69.65,21.72,3.85,0.33
2003-08-26,0.0,26.7,70.69,22.02,3.64,0.33
2003-08-27,0.0,27.16,67.48,23.58,2.09,0.33
2003-08-28,0.01,27.75,66.96,23.26,2.86,0.33
2003-08-29,0.0,27.53,62.98,23.97,3.74,0.33
2003-08-30,0.0,27.21,61.78,23.54,2.65,0.33
2003-08-31,0.0,27.23,65.58,21.22,2.85,0.33
2003-09-01,0.11,27.46,69.92,22.97,1.95,0.33
2003-09-02,1.17,28.06,65.24,23.74,2.13,0.33
2003-09-03,0.74,28.04,64.82,23.05,3.06,0.33
2003-09-04,0.21,27.36,66.29,21.07,4.05,0.33
2003-09-05,0.0,26.96,60.88,25.01,3.73,0.33
2003-09-06,0.0,26.42,66.48,24.42,2.69,0.33
2003-09-07,0.02,26.73,65.69,23.68,1.96,0.33
2003-09-08,0.42,27.3,66.53,23.46,1.65,0.33
2003-09-09,0.02,27.46,69.64,23.66,1.26,0.33
2003-09-10,0.0,27.59,69.18,23.65,1.03,0.33
2003-09-11,0.01,27.45,67.65,23.5,0.92,0.33
2003-09-12,0.01,27.63,66.25,23.48,1.91,0.33
2003-09-13,0.02,27.24,69.62,21.43,1.44,0.33
2003-09-14,0.0,27.19,71.35,22.97,2.01,0.33
2003-09-15,0.0,27.32,72.4,22.81,3.05,0.33
2003-09-16,0.01,27.25,74.35,22.49,3.85,0.33
2003-09-17,0.02,27.37,76.57,23.17,3.88,0.33
2003-09-18,0.02,27.43,73.58,24.01,2.56,0.33
2003-09-19,0.02,28.11,70.64,23.3,1.97,0.33
2003-09-20,0.04,28.25,67.36,25.49,2.01,0.33
2003-09-21,0.0,28.32,68.46,25.6,2.21,0.33
2003-09-22,0.0,28.1,69.72,24.54,1.98,0.33
2003-09-23,0.18,27.31,73.94,23.34,3.49,0.33
2003-09-24,0.01,27.75,73.05,25.0,4.07,0.33
2003-09-25,0.13,27.85,73.64,24.48,3.14,0.33
2003-09-26,0.01,28.57,70.03,24.25,1.49,0.33
2003-09-27,0.05,28.66,69.45,25.36,2.45,0.33
2003-09-28,0.0,28.76,69.41,24.14,2.34,0.33
2003-09-29,0.0,28.6,67.56,24.16,2.25,0.33
2003-09-30,0.01,29.03,68.11,18.26,1.86,0.33
2003-10-01,0.0,28.83,67.1,24.05,1.92,0.32
2003-10-02,0.01,28.73,69.26,24.08,2.14,0.32
2003-10-03,0.01,28.87,69.91,22.56,2.36,0.32
2003-10-04,0.01,28.58,72.86,24.37,3.53,0.32
2003-10-05,0.1,28.36,74.76,23.54,3.93,0.32
2003-10-06,0.55,28.17,74.79,21.94,3.75,0.33
2003-10-07,2.07,27.8,79.7,23.67,4.08,0.33
2003-10-08,0.57,27.89,75.95,24.17,2.07,0.33
2003-10-09,0.18,28.5,71.7,24.67,1.28,0.33
2003-10-10,0.05,28.85,65.24,25.79,2.69,0.33
2003-10-11,0.01,28.18,70.47,23.66,3.72,0.33
2003-10-12,0.0,29.19,57.66,25.4,1.94,0.33
2003-10-13,0.07,29.26,60.22,21.69,1.98,0.33
2003-10-14,0.05,28.99,64.87,24.02,3.26,0.33
2003-10-15,0.03,28.8,69.78,24.24,1.67,0.33
2003-10-16,0.05,28.5,70.13,23.25,2.81,0.33
2003-10-17,0.06,28.74,69.17,21.71,3.43,0.33
2003-10-18,0.01,28.88,68.63,26.27,3.06,0.33
2003-10-19,0.0,29.11,68.46,26.23,2.74,0.33
2003-10-20,0.0,29.13,68.26,26.12,3.17,0.33
2003-10-21,0.01,29.24,67.33,23.48,1.31,0.33
2003-10-22,0.22,29.16,69.93,23.25,0.86,0.33
2003-10-23,0.19,29.39,69.69,25.57,2.48,0.33
2003-10-24,0.16,28.9,74.36,25.74,3.13,0.33
2003-10-25,0.11,29.26,70.8,25.74,2.53,0.33
2003-10-26,0.24,29.43,66.87,23.82,2.93,0.33
2003-10-27,0.07,29.29,66.42,23.73,2.39,0.33
2003-10-28,0.0,28.59,68.72,23.49,2.51,0.33
2003-10-29,0.0,29.11,66.45,25.84,3.56,0.33
2003-10-30,0.0,28.6,69.22,25.18,3.85,0.33
2003-10-31,0.04,28.49,72.37,25.23,3.95,0.33
2003-11-01,0.18,28.8,71.36,26.19,3.79,0.33
2003-11-02,0.08,28.66,70.42,25.02,3.0,0.33
2003-11-03,0.04,28.95,71.59,25.7,3.32,0.33
2003-11-04,0.0,29.52,69.3,25.16,2.0,0.33
2003-11-05,0.02,29.64,69.76,25.49,1.91,0.33
2003-11-06,0.15,29.93,66.94,26.07,1.38,0.33
2003-11-07,0.93,29.62,68.1,24.46,1.07,0.33
2003-11-08,3.37,29.33,73.46,23.48,1.93,0.33
2003-11-09,2.75,29.66,69.1,22.21,1.41,0.34
2003-11-10,7.07,28.78,73.71,21.79,1.63,0.35
2003-11-11,3.82,29.11,71.77,24.69,1.31,0.35
2003-11-12,8.54,28.97,72.73,19.47,0.98,0.36
2003-11-13,4.81,29.34,69.04,24.12,1.16,0.37
2003-11-14,2.67,29.69,67.29,22.75,1.29,0.37
2003-11-15,0.58,29.58,67.91,24.06,1.16,0.36
2003-11-16,1.98,29.78,67.79,23.23,1.72,0.36
2003-11-17,1.32,29.72,69.34,22.34,1.5,0.36
2003-11-18,8.24,29.38,70.4,21.38,1.3,0.37
2003-11-19,2.91,29.72,68.26,23.79,1.67,0.37
2003-11-20,1.93,30.05,64.42,24.77,1.04,0.37
2003-11-21,1.13,29.77,65.07,24.26,0.91,0.37
2003-11-22,15.25,29.44,68.81,23.53,0.47,0.38
2003-11-23,6.53,28.43,76.29,22.48,1.22,0.4
2003-11-24,1.56,27.98,78.88,24.11,2.48,0.4
2003-11-25,4.21,29.01,73.39,24.56,2.11,0.4
2003-11-26,2.89,29.2,75.08,23.27,2.38,0.41
2003-11-27,7.29,28.72,77.37,21.3,2.15,0.41
2003-11-28,2.54,29.35,68.21,23.7,1.82,0.42
2003-11-29,0.27,30.25,63.17,25.54,2.25,0.41
2003-11-30,1.24,29.97,67.68,22.88,2.72,0.41
2003-12-01,1.75,29.32,73.47,22.84,3.03,0.41
2003-12-02,0.8,29.54,66.81,24.88,1.05,0.41
2003-12-03,6.43,29.81,67.68,21.64,0.87,0.41
2003-12-04,1.22,28.93,72.51,23.19,1.29,0.41
2003-12-05,0.97,29.23,72.49,21.66,1.3,0.41
2003-12-06,3.6,29.16,72.58,20.35,1.94,0.41
2003-12-07,2.09,28.64,75.81,16.76,1.69,0.41
2003-12-08,1.35,29.3,73.13,23.31,1.55,0.41
2003-12-09,1.41,29.21,72.7,21.9,1.98,0.41
2003-12-10,3.15,29.24,75.7,17.81,2.59,0.42
2003-12-11,1.24,29.33,78.43,21.24,2.63,0.42
2003-12-12,1.91,29.21,77.28,21.17,2.29,0.42
2003-12-13,2.62,29.11,78.01,17.4,2.78,0.42
2003-12-14,3.15,28.66,81.64,17.85,3.83,0.42
2003-12-15,13.21,28.2,82.51,9.02,2.82,0.44
2003-12-16,3.71,28.12,82.51,17.89,2.31,0.45
2003-12-17,4.06,28.43,76.96,20.05,1.19,0.45
2003-12-18,12.57,28.07,83.2,16.22,4.76,0.47
2003-12-19,17.01,28.18,81.5,19.97,6.67,0.49
2003-12-20,22.79,28.06,82.15,14.77,6.56,0.53
2003-12-21,18.19,28.07,80.2,16.3,5.56,0.56
2003-12-22,5.6,28.81,72.6,21.48,6.03,0.56
2003-12-23,2.22,28.77,70.4,21.3,5.66,0.56
2003-12-24,3.62,28.72,72.38,22.85,4.86,0.55
2003-12-25,2.04,28.53,75.98,24.44,4.64,0.55
2003-12-26,27.93,28.17,80.58,21.47,3.98,0.56
2003-12-27,13.32,28.01,78.43,21.87,3.84,0.6
2003-12-28,15.6,27.53,81.6,16.3,4.13,0.62
2003-12-29,6.12,27.13,83.78,19.93,2.48,0.63
2003-12-30,3.58,27.15,84.54,17.1,2.76,0.63
2003-12-31,2.0,27.94,79.53,17.85,3.31,0.63
2004-01-01,2.64,28.05,80.83,22.92,4.87,0.62
2004-01-02,2.34,28.38,81.45,20.94,6.26,0.62
2004-01-03,13.6,28.07,82.75,17.99,5.28,0.63
2004-01-04,9.04,28.13,81.1,20.99,3.18,0.65
2004-01-05,1.44,27.8,81.12,23.73,2.11,0.64
2004-01-06,3.68,28.08,78.96,23.75,2.49,0.64
2004-01-07,4.24,27.94,79.9,23.49,2.29,0.65
2004-01-08,2.32,27.33,83.83,22.87,3.13,0.65
2004-01-09,1.76,27.27,82.33,22.39,2.72,0.65
2004-01-10,0.98,27.59,81.33,22.56,2.1,0.64
2004-01-11,3.84,27.94,80.85,24.41,3.61,0.64
2004-01-12,6.78,28.2,79.24,23.99,3.61,0.64
2004-01-13,3.55,28.35,78.68,24.41,2.47,0.65
2004-01-14,1.95,28.31,78.1,25.74,2.88,0.64
2004-01-15,1.73,27.99,80.12,25.07,2.04,0.64
2004-01-16,0.17,28.83,75.54,26.6,2.19,0.63
2004-01-17,0.09,28.76,75.79,26.59,1.77,0.62
2004-01-18,0.63,28.48,79.3,24.13,2.01,0.62
2004-01-19,1.79,28.41,76.98,23.39,2.26,0.61
2004-01-20,1.2,28.59,73.45,25.07,1.5,0.6
2004-01-21,8.39,28.74,72.46,22.54,1.24,0.6
2004-01-22,1.19,28.27,76.2,25.25,1.01,0.61
2004-01-23,1.5,28.89,73.01,25.45,0.83,0.6
2004-01-24,1.42,28.64,77.01,24.74,1.26,0.6
2004-01-25,5.25,28.32,79.37,22.49,1.46,0.6
2004-01-26,0.91,28.11,79.43,22.93,1.69,0.6
2004-01-27,1.13,28.03,79.23,22.13,1.66,0.6
2004-01-28,4.25,27.74,80.41,21.79,1.1,0.6
2004-01-29,3.43,27.61,83.0,20.24,1.18,0.6
2004-01-30,4.8,27.79,83.6,20.84,2.24,0.6
2004-01-31,3.92,27.71,84.15,22.85,2.29,0.61
2004-02-01,9.79,27.35,85.77,16.53,4.27,0.61
2004-02-02,8.56,27.36,84.21,15.88,4.69,0.62
2004-02-03,14.83,27.43,84.68,14.15,4.04,0.64
2004-02-04,14.99,27.03,85.25,11.15,7.81,0.66
2004-02-05,6.37,27.27,81.78,17.25,4.83,0.67
2004-02-06,15.34,27.27,84.23,18.82,6.22,0.68
2004-02-07,29.25,27.35,82.39,17.64,5.96,0.7
2004-02-08,38.6,27.11,83.49,16.77,6.21,0.77
2004-02-09,4.12,27.5,81.79,18.42,7.1,0.78
2004-02-10,7.63,27.65,81.22,21.75,7.81,0.77
2004-02-11,16.54,27.53,81.23,15.82,7.58,0.77
2004-02-12,14.34,27.72,82.97,22.57,5.88,0.79
2004-02-13,8.87,27.72,82.81,20.76,4.4,0.8
2004-02-14,3.16,27.33,84.29,21.93,4.69,0.8
2004-02-15,7.61,27.53,84.53,19.39,3.21,0.8
2004-02-16,17.15,27.2,86.45,20.28,3.26,0.81
2004-02-17,16.93,26.75,85.83,18.61,2.84,0.84
2004-02-18,4.65,27.06,85.01,17.98,3.16,0.84
2004-02-19,2.61,27.13,83.94,21.07,1.97,0.84
2004-02-20,2.82,27.13,85.17,22.98,1.9,0.84
2004-02-21,4.17,27.05,87.21,24.12,2.86,0.84
2004-02-22,2.17,27.37,82.77,23.92,2.32,0.84
2004-02-23,1.65,27.86,80.03,22.38,1.54,0.83
2004-02-24,2.24,27.74,80.52,23.35,2.02,0.83
2004-02-25,28.05,27.8,81.84,21.56,2.65,0.84
2004-02-26,14.61,27.61,84.11,20.77,4.16,0.87
2004-02-27,2.98,27.13,85.55,19.36,3.46,0.87
2004-02-28,17.97,27.29,85.54,19.99,3.42,0.88
2004-02-29,4.06,27.62,82.69,23.03,2.31,0.89
2004-03-01,2.65,27.57,83.58,18.25,2.04,0.88
2004-03-02,8.56,27.08,85.44,22.29,1.75,0.88
2004-03-03,13.11,27.56,86.28,20.26,2.66,0.9
2004-03-04,24.21,27.94,81.47,15.69,2.78,0.91
2004-03-05,4.53,27.87,79.24,22.64,1.58,0.92
2004-03-06,7.9,27.54,82.23,21.43,2.36,0.92
2004-03-07,0.32,27.56,84.31,23.76,2.99,0.91
2004-03-08,11.6,28.18,80.7,22.44,1.39,0.91
2004-03-09,8.57,28.12,81.97,21.73,2.84,0.92
2004-03-10,3.54,28.06,83.65,24.32,3.62,0.92
2004-03-11,11.69,28.21,81.75,14.18,2.82,0.92
2004-03-12,5.03,28.15,83.36,16.6,2.64,0.92
2004-03-13,6.46,27.77,85.48,13.24,2.84,0.92
2004-03-14,15.41,27.24,85.72,17.91,3.98,0.92
2004-03-15,7.01,26.97,85.51,8.7,5.18,0.93
2004-03-16,8.35,27.42,84.07,11.73,4.86,0.93
2004-03-17,4.13,27.8,82.66,17.65,4.92,0.93
2004-03-18,2.36,28.45,80.9,16.19,6.74,0.93
2004-03-19,1.77,28.14,81.4,11.98,8.26,0.92
2004-03-20,1.19,28.47,81.98,17.15,7.15,0.91
2004-03-21,1.09,28.45,81.91,20.3,6.78,0.9
2004-03-22,5.17,28.28,83.74,16.4,6.63,0.9
2004-03-23,26.35,28.2,84.1,15.42,5.78,0.91
2004-03-24,7.29,27.76,87.45,19.37,5.69,0.92
2004-03-25,0.44,28.17,80.36,24.76,4.02,0.91
2004-03-26,0.0,28.02,76.22,25.69,2.48,0.9
2004-03-27,0.0,28.34,72.72,25.26,1.45,0.89
2004-03-28,0.0,28.99,67.03,25.44,1.01,0.89
2004-03-29,0.03,29.26,63.58,25.31,0.84,0.88
2004-03-30,0.26,28.5,74.64,23.82,1.65,0.87
2004-03-31,0.14,28.12,77.86,24.65,2.07,0.86
2004-04-01,0.0,28.37,72.9,23.82,1.68,0.85
2004-04-02,0.1,28.36,73.22,23.26,2.27,0.84
2004-04-03,2.66,28.18,74.76,24.04,2.12,0.83
2004-04-04,3.95,28.12,75.66,23.95,2.37,0.83
2004-04-05,2.22,28.3,74.08,23.37,2.05,0.82
2004-04-06,0.57,28.47,74.37,23.2,2.0,0.81
2004-04-07,0.92,28.87,72.74,24.83,2.23,0.8
2004-04-08,1.07,28.54,71.56,21.18,1.68,0.8
2004-04-09,2.36,28.59,70.6,20.35,2.12,0.79
2004-04-10,4.87,28.56,73.47,23.85,2.51,0.79
2004-04-11,0.09,28.57,74.41,23.72,2.79,0.78
2004-04-12,0.45,28.31,74.75,23.86,2.06,0.77
2004-04-13,1.03,28.23,76.41,23.88,2.2,0.76
2004-04-14,0.97,28.44,75.45,23.58,2.84,0.75
2004-04-15,0.06,28.29,78.49,23.58,3.2,0.74
2004-04-16,1.06,28.22,76.12,21.46,3.03,0.73
2004-04-17,0.05,28.05,71.28,22.95,2.56,0.72
2004-04-18,0.05,27.98,67.81,24.4,2.42,0.71
2004-04-19,0.02,28.36,68.73,23.87,2.31,0.71
2004-04-20,1.3,28.61,71.27,23.15,2.12,0.7
2004-04-21,0.56,28.56,71.05,22.01,1.87,0.69
2004-04-22,0.0,28.3,71.4,23.35,2.26,0.68
2004-04-23,0.0,28.69,73.01,23.58,2.9,0.67
2004-04-24,0.07,28.59,75.4,23.51,3.7,0.66
2004-04-25,0.04,28.41,69.79,22.76,3.19,0.65
2004-04-26,0.01,28.58,69.29,19.44,2.83,0.64
2004-04-27,0.03,28.74,70.18,22.97,2.63,0.64
2004-04-28,1.47,28.58,74.45,21.82,2.35,0.63
2004-04-29,2.59,28.38,75.52,20.68,2.32,0.62
2004-04-30,4.94,28.45,76.69,20.86,3.0,0.62
2004-05-01,1.57,28.45,76.03,19.79,2.18,0.62
2004-05-02,0.64,28.49,71.09,20.02,3.47,0.61
2004-05-03,0.0,28.25,71.76,18.11,3.23,0.6
2004-05-04,0.01,28.47,72.26,21.5,2.32,0.59
2004-05-05,0.01,28.45,75.73,20.87,1.97,0.59
2004-05-06,0.86,28.66,79.9,19.52,1.76,0.58
2004-05-07,1.09,28.42,81.78,19.67,1.54,0.58
2004-05-08,2.74,28.28,82.24,16.38,2.16,0.57
2004-05-09,2.44,28.08,79.65,18.54,2.51,0.58
2004-05-10,0.18,28.24,75.61,19.78,1.86,0.57
2004-05-11,0.0,28.22,74.47,20.18,2.43,0.56
2004-05-12,0.0,27.29,73.97,20.59,1.88,0.56
2004-05-13,0.0,27.87,66.52,21.77,2.08,0.55
2004-05-14,0.0,27.8,64.89,21.12,1.17,0.54
2004-05-15,0.0,28.26,62.11,21.62,1.1,0.54
2004-05-16,0.0,28.69,62.1,21.88,0.75,0.53
2004-05-17,0.01,28.39,66.89,22.24,2.24,0.52
2004-05-18,0.16,28.04,75.89,18.11,1.84,0.52
2004-05-19,1.13,28.44,75.68,17.03,1.74,0.51
2004-05-20,0.98,28.36,75.59,18.34,1.17,0.51
2004-05-21,0.28,28.4,77.11,19.54,2.08,0.51
2004-05-22,0.06,28.66,75.9,20.92,2.2,0.5
2004-05-23,0.02,28.86,73.67,20.39,1.91,0.5
2004-05-24,0.0,28.41,75.05,21.02,2.33,0.49
2004-05-25,0.11,28.21,74.68,20.54,1.27,0.49
2004-05-26,0.78,28.02,74.18,19.34,1.24,0.49
2004-05-27,1.81,26.87,83.26,16.02,3.22,0.49
2004-05-28,8.1,26.72,84.95,18.04,2.98,0.49
2004-05-29,9.68,26.81,83.04,14.45,1.89,0.51
2004-05-30,3.01,26.16,83.13,12.04,2.24,0.52
2004-05-31,0.59,26.61,83.58,17.12,3.31,0.52
2004-06-01,0.34,26.74,82.7,18.04,3.52,0.51
2004-06-02,0.02,26.69,78.34,12.46,3.46,0.51
2004-06-03,0.01,26.54,80.58,17.85,2.8,0.51
2004-06-04,0.03,27.37,75.89,18.87,1.97,0.5
2004-06-05,0.13,28.13,75.13,17.87,3.04,0.5
2004-06-06,0.35,28.15,75.55,18.85,4.43,0.49
2004-06-07,0.01,27.89,72.46,17.87,4.33,0.49
2004-06-08,0.04,28.06,69.4,20.53,5.0,0.48
2004-06-09,0.0,27.89,66.95,20.69,3.87,0.48
2004-06-10,0.04,27.93,68.11,20.42,4.07,0.48
2004-06-11,0.04,27.38,68.98,19.41,5.02,0.47
2004-06-12,0.03,26.8,65.68,19.84,3.94,0.47
2004-06-13,0.0,26.85,62.46,19.95,4.61,0.46
2004-06-14,0.0,26.99,66.16,20.66,4.08,0.46
2004-06-15,0.0,27.25,64.35,19.66,4.73,0.46
2004-06-16,0.0,26.98,58.55,20.84,4.79,0.45
2004-06-17,0.01,26.71,67.48,20.51,3.68,0.45
2004-06-18,0.01,26.56,69.28,20.08,3.8,0.45
2004-06-19,0.0,26.38,67.82,19.14,2.72,0.44
2004-06-20,0.01,26.17,64.88,19.77,2.88,0.44
2004-06-21,0.01,26.58,62.55,19.74,3.58,0.44
2004-06-22,0.0,25.85,68.31,19.55,3.24,0.43
2004-06-23,0.03,25.99,65.56,18.56,3.34,0.43
2004-06-24,0.01,25.93,63.93,20.77,2.95,0.43
2004-06-25,0.0,26.14,65.94,20.96,3.51,0.42
2004-06-26,0.02,26.18,65.02,19.44,3.2,0.42
2004-06-27,0.01,25.97,65.05,18.66,3.64,0.42
2004-06-28,0.0,25.34,67.22,18.66,3.01,0.42
2004-06-29,0.02,25.39,69.65,20.18,2.53,0.41
2004-06-30,0.01,25.86,70.99,19.96,2.42,0.41
2004-07-01,0.11,26.44,73.23,15.75,2.79,0.41
2004-07-02,0.05,27.09,72.82,17.86,2.78,0.41
2004-07-03,0.12,27.35,72.89,19.52,2.12,0.4
2004-07-04,0.06,27.17,74.75,17.92,2.31,0.4
2004-07-05,0.0,27.26,71.07,20.27,2.81,0.4
2004-07-06,0.0,26.85,66.67,20.19,3.53,0.4
2004-07-07,0.05,26.76,69.32,20.62,3.47,0.39
2004-07-08,0.06,27.05,69.41,15.81,3.79,0.39
2004-07-09,0.0,26.39,68.66,20.84,2.98,0.39
2004-07-10,0.0,26.06,67.23,20.04,2.26,0.39
2004-07-11,0.0,26.46,68.08,19.1,1.86,0.38
2004-07-12,0.01,27.08,71.71,17.17,2.89,0.38
2004-07-13,0.03,26.59,67.13,18.72,4.3,0.38
2004-07-14,0.09,26.11,71.66,19.41,3.3,0.38
2004-07-15,0.04,26.89,71.33,19.93,4.01,0.37
2004-07-16,0.02,26.73,65.42,20.7,4.66,0.37
2004-07-17,0.01,26.15,69.09,18.83,4.85,0.37
2004-07-18,0.0,26.16,66.92,20.48,5.24,0.37
2004-07-19,0.02,26.01,65.6,20.28,4.64,0.37
2004-07-20,0.0,25.66,65.26,20.84,4.19,0.36
2004-07-21,0.04,25.72,65.93,19.8,3.99,0.36
2004-07-22,0.01,25.81,67.24,20.99,3.89,0.36
2004-07-23,0.0,25.72,67.44,21.61,3.45,0.36
2004-07-24,0.0,25.79,66.21,21.94,2.7,0.35
2004-07-25,0.22,25.55,66.41,20.37,2.01,0.35
2004-07-26,0.02,25.48,66.43,21.17,2.85,0.35
2004-07-27,0.21,25.88,69.28,21.55,3.15,0.35
2004-07-28,0.0,25.79,67.29,20.49,2.66,0.35
2004-07-29,0.0,25.6,65.41,20.93,2.24,0.35
2004-07-30,0.0,25.85,66.14,21.32,2.16,0.34
2004-07-31,0.01,25.87,66.37,21.96,1.85,0.34
2004-08-01,0.0,26.08,67.79,19.97,3.08,0.34
2004-08-02,0.0,25.67,70.54,20.6,3.26,0.34
2004-08-03,0.0,25.81,73.15,21.22,3.43,0.34
2004-08-04,0.0,25.71,74.51,19.41,3.3,0.34
2004-08-05,0.0,25.89,70.84,20.88,2.16,0.33
2004-08-06,0.0,26.46,66.97,21.72,2.53,0.33
2004-08-07,0.04,26.11,70.36,19.27,1.92,0.33
2004-08-08,0.7,26.15,71.05,19.99,2.38,0.33
2004-08-09,0.46,26.32,69.03,22.08,1.76,0.33
2004-08-10,0.0,26.28,65.11,23.07,2.14,0.33
2004-08-11,0.0,26.56,65.36,22.7,1.69,0.33
2004-08-12,0.09,26.86,62.11,22.63,3.36,0.33
2004-08-13,0.0,26.29,59.79,20.88,2.93,0.33
2004-08-14,0.01,25.62,60.89,22.44,3.21,0.33
2004-08-15,0.48,25.48,64.95,18.72,2.82,0.33
2004-08-16,1.67,25.66,64.04,18.96,2.67,0.33
2004-08-17,0.0,25.93,63.86,20.66,2.18,0.33
2004-08-18,0.0,26.09,62.99,23.69,1.58,0.33
2004-08-19,0.0,26.23,60.02,23.01,1.41,0.33
2004-08-20,0.02,26.32,62.61,22.5,3.06,0.33
2004-08-21,0.03,26.42,64.46,22.52,3.28,0.33
2004-08-22,0.0,26.29,57.79,23.81,2.63,0.33
2004-08-23,0.0,25.95,63.29,23.12,1.84,0.33
2004-08-24,0.0,26.22,65.04,21.99,2.02,0.33
2004-08-25,0.01,26.88,60.72,22.81,1.63,0.33
2004-08-26,0.0,26.66,61.81,23.02,1.7,0.33
2004-08-27,0.0,26.66,64.13,24.03,1.66,0.33
2004-08-28,0.01,26.87,65.82,22.89,1.05,0.33
2004-08-29,0.0,27.05,67.4,22.11,1.92,0.33
2004-08-30,0.0,26.73,71.35,22.64,3.45,0.33
2004-08-31,0.0,26.23,74.8,22.71,4.67,0.33
2004-09-01,0.0,26.74,70.11,23.59,2.72,0.33
2004-09-02,0.06,27.03,69.95,20.65,1.14,0.33
2004-09-03,0.16,26.96,70.55,23.52,1.87,0.33
2004-09-04,0.07,27.15,68.45,23.16,2.45,0.33
2004-09-05,0.0,27.11,61.75,24.69,2.22,0.33
2004-09-06,0.0,26.96,62.87,24.52,3.02,0.33
2004-09-07,0.0,26.31,69.5,24.9,3.92,0.33
2004-09-08,0.01,26.31,70.94,24.8,3.89,0.33
2004-09-09,0.02,26.59,70.52,24.23,2.31,0.33
2004-09-10,0.04,27.05,70.6,24.55,1.9,0.33
2004-09-11,0.54,27.64,69.83,24.14,1.8,0.33
2004-09-12,2.64,28.11,67.03,24.29,3.81,0.33
2004-09-13,0.05,27.83,60.56,25.17,4.42,0.33
2004-09-14,0.0,27.36,61.09,25.04,3.76,0.33
2004-09-15,0.0,27.29,59.76,25.39,3.18,0.33
2004-09-16,0.01,27.41,62.52,23.98,2.37,0.33
2004-09-17,0.01,27.77,68.99,23.41,1.94,0.33
2004-09-18,0.12,27.74,69.56,24.65,1.52,0.33
2004-09-19,0.0,28.05,66.68,25.32,1.78,0.33
2004-09-20,0.0,28.14,62.46,24.46,2.33,0.33
2004-09-21,0.0,27.45,61.39,25.77,2.83,0.33
2004-09-22,0.06,27.63,59.0,26.22,2.24,0.33
2004-09-23,0.0,27.68,59.6,26.22,1.9,0.33
2004-09-24,0.42,27.57,60.85,26.27,2.02,0.33
2004-09-25,0.0,27.61,60.64,25.93,1.72,0.33
2004-09-26,0.03,27.67,64.73,24.93,1.35,0.33
2004-09-27,0.26,27.7,66.23,23.73,1.18,0.33
2004-09-28,0.04,28.33,64.96,23.81,1.01,0.33
2004-09-29,0.0,28.42,66.72,24.03,1.06,0.33
2004-09-30,0.02,27.94,70.5,24.54,2.6,0.33
2004-10-01,0.0,27.58,73.22,24.13,2.87,0.33
2004-10-02,0.02,27.35,76.25,23.79,4.22,0.33
2004-10-03,0.06,27.1,76.2,23.47,4.04,0.33
2004-10-04,0.14,27.31,73.57,25.77,3.39,0.33
2004-10-05,0.01,27.29,75.16,25.79,3.74,0.33
2004-10-06,0.0,27.05,78.19,24.26,3.78,0.33
2004-10-07,0.0,27.19,77.31,24.91,3.33,0.33
2004-10-08,0.0,28.01,72.18,25.59,1.77,0.33
2004-10-09,0.12,28.16,71.15,25.72,1.74,0.33
2004-10-10,0.0,28.37,68.75,25.3,1.39,0.33
2004-10-11,0.0,28.79,66.11,24.68,1.46,0.32
2004-10-12,0.0,28.55,69.57,25.15,2.52,0.32
2004-10-13,0.0,28.52,66.8,24.1,1.9,0.32
2004-10-14,0.0,28.03,70.51,25.53,1.8,0.32
2004-10-15,0.0,28.69,65.21,25.53,2.0,0.32
2004-10-16,0.0,28.21,69.57,25.85,3.71,0.32
2004-10-17,0.67,27.64,77.34,21.15,4.13,0.33
2004-10-18,1.65,28.14,70.47,15.59,3.07,0.33
2004-10-19,0.0,28.35,68.73,23.73,2.33,0.33
2004-10-20,0.0,28.87,70.67,23.98,1.66,0.33
2004-10-21,0.0,29.07,70.65,25.18,1.79,0.33
2004-10-22,0.0,29.27,68.52,24.71,1.17,0.33
2004-10-23,0.03,29.15,67.06,25.15,0.88,0.33
2004-10-24,0.0,29.25,65.51,22.92,1.47,0.33
2004-10-25,0.2,29.03,68.47,20.5,1.34,0.33
2004-10-26,0.04,29.16,69.97,25.17,1.37,0.33
2004-10-27,0.07,29.52,65.59,26.34,1.08,0.33
2004-10-28,3.41,29.35,72.23,23.02,2.6,0.33
2004-10-29,2.78,29.35,75.14,23.2,1.96,0.34
2004-10-30,0.74,29.64,70.06,25.6,1.21,0.34
2004-10-31,0.14,29.63,67.53,25.31,1.38,0.33
2004-11-01,0.0,29.59,66.08,25.35,1.26,0.33
2004-11-02,0.0,29.79,63.44,26.44,2.11,0.33
2004-11-03,0.0,29.54,64.24,25.0,1.87,0.33
2004-11-04,0.0,29.45,65.39,24.86,1.71,0.33
2004-11-05,0.01,29.39,68.39,26.38,1.68,0.33
2004-11-06,0.01,29.36,69.22,24.43,1.2,0.33
2004-11-07,3.52,29.22,68.21,22.02,0.86,0.33
2004-11-08,1.71,29.09,68.91,23.32,1.61,0.33
2004-11-09,0.01,29.48,62.34,25.61,1.3,0.33
2004-11-10,0.02,29.8,66.13,25.39,2.03,0.33
2004-11-11,0.15,30.32,65.98,24.95,0.92,0.33
2004-11-12,0.04,29.99,69.34,24.96,1.94,0.33
2004-11-13,0.09,30.3,69.94,26.08,1.34,0.33
2004-11-14,0.07,29.96,70.8,25.86,2.6,0.33
2004-11-15,0.4,30.06,69.77,25.64,3.03,0.33
2004-11-16,0.48,30.37,68.04,24.93,2.11,0.33
2004-11-17,0.17,30.44,65.84,25.86,1.06,0.33
2004-11-18,0.03,29.95,70.15,24.14,1.29,0.33
2004-11-19,0.03,29.88,71.0,25.23,1.41,0.33
2004-11-20,0.01,30.2,66.52,24.44,1.08,0.33
2004-11-21,0.06,30.41,64.13,21.77,1.09,0.33
2004-11-22,1.43,29.8,65.95,19.67,1.23,0.33
2004-11-23,0.49,29.61,66.22,21.26,1.69,0.33
2004-11-24,1.64,29.3,68.56,19.07,1.52,0.33
2004-11-25,4.25,28.41,75.81,21.01,1.9,0.34
2004-11-26,6.5,28.35,80.6,25.18,4.55,0.35
2004-11-27,4.01,28.57,77.92,23.56,2.62,0.36
2004-11-28,5.96,28.09,79.22,20.24,1.84,0.36
2004-11-29,3.26,27.8,76.19,14.94,1.34,0.37
2004-11-30,7.16,27.75,76.03,20.29,1.59,0.37
2004-12-01,0.65,27.74,76.14,22.99,1.58,0.38
2004-12-02,0.96,29.25,71.29,22.66,1.81,0.38
2004-12-03,0.12,29.67,67.69,26.85,2.0,0.37
2004-12-04,0.62,29.27,65.79,25.42,1.24,0.37
2004-12-05,0.14,30.14,60.58,26.26,1.11,0.36
2004-12-06,1.31,30.22,63.61,23.99,1.96,0.36
2004-12-07,2.67,29.25,70.4,23.56,2.19,0.36
2004-12-08,0.28,29.94,67.25,24.51,2.65,0.36
2004-12-09,2.78,29.4,71.25,23.72,2.34,0.36
2004-12-10,1.97,29.41,70.8,25.63,1.96,0.36
2004-12-11,0.5,29.14,74.97,25.62,2.76,0.36
2004-12-12,1.53,29.07,76.54,24.61,3.25,0.36
2004-12-13,5.46,28.97,76.9,24.98,3.05,0.37
2004-12-14,2.82,28.84,77.17,26.13,2.58,0.38
2004-12-15,29.15,29.14,75.43,24.52,2.0,0.39
2004-12-16,11.87,29.15,77.97,24.29,2.13,0.44
2004-12-17,1.01,29.09,75.25,24.67,1.21,0.44
2004-12-18,0.64,29.06,76.42,25.1,1.86,0.44
2004-12-19,2.42,28.65,79.23,25.44,1.59,0.44
2004-12-20,2.16,29.33,75.54,23.73,1.79,0.44
2004-12-21,6.67,28.65,77.48,15.18,1.66,0.44
2004-12-22,5.25,27.59,81.2,11.36,1.27,0.46
2004-12-23,2.08,27.81,78.49,21.56,1.12,0.46
2004-12-24,9.09,28.07,80.78,11.31,2.37,0.46
2004-12-25,12.56,27.86,82.02,22.75,3.82,0.48
2004-12-26,10.29,27.9,82.49,18.75,3.81,0.5
2004-12-27,11.44,27.84,83.11,13.82,3.2,0.51
2004-12-28,4.1,28.05,82.65,18.95,3.47,0.52
2004-12-29,16.59,28.56,82.2,21.02,5.55,0.53
2004-12-30,17.75,28.1,83.32,12.82,5.73,0.56
2004-12-31,30.73,28.06,80.9,14.51,3.74,0.6
2005-01-01,4.07,28.48,75.81,23.52,3.22,0.61
2005-01-02,3.34,28.52,79.13,26.66,4.66,0.61
2005-01-03,0.21,28.89,74.72,25.23,2.76,0.6
2005-01-04,1.19,28.53,79.75,21.66,2.04,0.6
2005-01-05,0.91,28.52,80.49,24.55,1.75,0.59
2005-01-06,12.7,27.88,82.46,23.19,2.38,0.6
2005-01-07,1.82,27.65,80.47,22.2,3.17,0.61
2005-01-08,2.29,28.33,74.49,24.14,2.53,0.6
2005-01-09,0.95,28.36,76.71,26.14,3.06,0.6
2005-01-10,0.43,28.65,74.77,22.56,2.75,0.59
2005-01-11,0.81,28.84,73.42,23.46,2.28,0.58
2005-01-12,1.57,28.67,78.24,23.62,2.95,0.57
2005-01-13,2.84,29.05,76.08,24.83,3.65,0.57
2005-01-14,14.2,29.43,72.37,24.73,3.35,0.58
2005-01-15,10.6,28.34,83.04,25.18,3.53,0.6
2005-01-16,1.01,28.12,81.93,23.83,3.44,0.6
2005-01-17,12.34,28.01,81.87,22.61,2.41,0.6
2005-01-18,10.88,27.73,81.91,7.55,2.69,0.63
2005-01-19,10.69,26.95,83.01,19.29,3.1,0.64
2005-01-20,6.62,27.67,83.24,16.88,5.28,0.64
2005-01-21,7.02,27.51,84.4,11.33,4.58,0.65
2005-01-22,5.94,27.43,83.05,22.0,4.01,0.65
2005-01-23,13.95,27.3,82.32,17.7,2.6,0.66
2005-01-24,10.56,27.58,83.29,22.27,3.14,0.68
2005-01-25,1.53,28.05,80.85,24.86,3.46,0.68
2005-01-26,0.93,28.58,77.05,25.85,2.62,0.67
2005-01-27,0.24,28.11,80.43,25.43,2.68,0.67
2005-01-28,0.34,28.36,76.59,26.53,2.97,0.66
2005-01-29,0.44,28.1,80.07,25.12,2.6,0.65
2005-01-30,1.4,28.2,82.92,20.65,2.92,0.65
2005-01-31,8.3,28.12,82.72,22.09,2.84,0.65
2005-02-01,8.83,27.68,81.56,20.89,4.55,0.67
2005-02-02,29.71,27.45,81.47,9.12,4.43,0.69
2005-02-03,21.15,27.45,83.89,14.98,6.37,0.73
2005-02-04,13.36,27.74,83.59,18.87,6.94,0.75
2005-02-05,5.44,27.83,82.91,20.62,4.81,0.75
2005-02-06,1.49,28.12,80.94,23.65,3.45,0.75
2005-02-07,0.96,27.77,83.59,21.45,4.08,0.75
2005-02-08,1.28,27.79,84.48,17.26,4.4,0.74
2005-02-09,1.81,27.87,83.24,23.91,3.88,0.74
2005-02-10,2.7,27.23,85.7,17.91,4.72,0.74
2005-02-11,0.7,27.52,82.48,25.46,2.68,0.73
2005-02-12,1.42,27.23,83.22,25.18,1.4,0.73
2005-02-13,3.68,27.56,82.34,23.23,2.54,0.73
2005-02-14,2.18,27.83,80.16,24.64,2.47,0.73
2005-02-15,1.45,28.0,79.72,22.39,2.07,0.72
2005-02-16,0.31,27.92,79.84,26.97,1.21,0.72
2005-02-17,0.03,28.67,75.73,26.0,1.13,0.71
2005-02-18,0.03,29.35,69.09,26.65,0.9,0.71
2005-02-19,0.14,29.28,70.23,26.19,1.16,0.69
2005-02-20,0.03,29.13,69.62,25.11,1.79,0.68
2005-02-21,1.36,29.17,69.53,25.41,2.02,0.67
2005-02-22,4.76,28.62,74.58,22.11,1.52,0.67
2005-02-23,4.98,28.4,77.69,26.19,1.94,0.67
2005-02-24,3.64,29.0,74.49,25.12,1.96,0.67
2005-02-25,0.75,29.15,73.66,25.82,0.96,0.66
2005-02-26,0.35,29.13,75.49,26.41,1.02,0.65
2005-02-27,0.6,29.15,74.45,25.4,1.08,0.65
2005-02-28,0.48,28.99,73.62,24.55,0.85,0.64
2005-03-01,3.13,28.77,75.42,23.95,1.55,0.64
2005-03-02,18.2,28.28,78.56,21.39,1.76,0.65
2005-03-03,6.2,27.99,82.55,24.0,2.88,0.67
2005-03-04,4.4,27.93,82.03,15.64,3.71,0.67
2005-03-05,7.75,27.71,83.61,18.96,4.42,0.68
2005-03-06,19.69,27.22,84.37,18.1,3.88,0.69
2005-03-07,16.13,27.28,80.48,14.51,4.22,0.72
2005-03-08,5.87,27.82,81.59,14.85,5.34,0.72
2005-03-09,2.58,27.36,85.94,11.81,4.43,0.72
2005-03-10,1.3,27.59,84.53,22.29,3.16,0.72
2005-03-11,0.2,28.47,77.9,26.92,2.09,0.71
2005-03-12,0.26,28.74,78.67,25.44,2.9,0.7
2005-03-13,2.45,28.34,82.93,23.61,3.71,0.7
2005-03-14,5.83,27.81,83.22,17.29,3.84,0.7
2005-03-15,8.2,27.86,81.07,17.89,4.5,0.71
2005-03-16,3.42,27.87,83.78,21.54,4.65,0.71
2005-03-17,1.34,27.74,85.44,22.96,4.33,0.71
2005-03-18,1.36,28.22,81.28,23.52,2.98,0.71
2005-03-19,0.94,28.1,81.5,23.05,2.55,0.7
2005-03-20,0.32,27.81,81.85,25.04,2.33,0.7
2005-03-21,0.54,28.78,74.43,23.05,1.76,0.69
2005-03-22,0.29,28.84,74.89,23.89,2.03,0.68
2005-03-23,0.69,28.8,74.64,24.56,1.0,0.67
2005-03-24,2.03,28.8,74.87,24.19,1.24,0.67
2005-03-25,5.95,28.22,80.53,16.58,2.02,0.67
2005-03-26,2.6,28.23,79.26,23.28,1.49,0.67
2005-03-27,7.54,28.36,81.99,18.6,2.21,0.67
2005-03-28,4.78,28.46,80.11,20.34,1.88,0.68
2005-03-29,2.45,27.75,83.37,22.59,1.27,0.68
2005-03-30,9.45,27.94,83.71,19.75,2.04,0.68
2005-03-31,5.44,28.64,79.07,22.69,2.24,0.69
2005-04-01,0.94,28.95,75.51,20.73,2.87,0.69
2005-04-02,3.21,28.61,77.61,19.48,2.25,0.68
2005-04-03,3.95,28.84,76.95,19.77,3.11,0.67
2005-04-04,23.31,28.18,81.15,11.44,3.5,0.69
2005-04-05,26.82,28.02,81.37,16.02,4.37,0.73
2005-04-06,12.26,27.5,83.27,8.27,3.93,0.75
2005-04-07,11.87,27.2,82.55,8.72,2.33,0.76
2005-04-08,1.96,26.8,81.44,12.87,1.62,0.76
2005-04-09,0.88,26.94,82.58,17.28,1.79,0.76
2005-04-10,1.4,26.4,86.19,10.93,2.14,0.75
2005-04-11,2.45,26.73,82.11,17.3,3.64,0.75
2005-04-12,3.16,26.73,84.03,13.26,2.14,0.75
2005-04-13,3.42,27.22,84.44,21.6,3.69,0.75
2005-04-14,1.06,27.42,81.72,19.83,2.38,0.74
2005-04-15,1.81,27.69,80.8,24.34,2.18,0.74
2005-04-16,0.71,27.67,77.53,21.91,1.42,0.73
2005-04-17,0.0,28.04,72.47,24.3,1.33,0.72
2005-04-18,0.02,28.31,69.62,23.93,2.15,0.71
2005-04-19,0.0,28.53,68.81,24.29,2.54,0.71
2005-04-20,0.0,28.34,68.96,24.5,3.1,0.7
2005-04-21,0.01,28.27,70.58,24.38,3.36,0.68
2005-04-22,0.0,28.21,71.08,23.97,3.45,0.67
2005-04-23,0.14,28.47,71.21,23.57,3.22,0.67
2005-04-24,0.14,28.32,72.04,22.73,2.92,0.66
2005-04-25,0.19,28.4,74.69,21.93,2.76,0.65
2005-04-26,0.11,28.32,76.17,22.32,2.3,0.64
2005-04-27,0.14,28.54,77.89,22.28,3.27,0.63
2005-04-28,0.06,28.49,76.7,22.7,3.2,0.62
2005-04-29,0.07,28.3,77.39,20.41,2.92,0.61
2005-04-30,0.1,28.15,75.73,22.26,3.11,0.61
2005-05-01,0.03,28.3,71.7,23.09,3.89,0.6
2005-05-02,0.09,28.51,70.02,22.19,3.39,0.59
2005-05-03,0.1,28.39,72.03,23.02,3.54,0.58
2005-05-04,0.06,28.25,68.26,23.04,3.36,0.58
2005-05-05,0.0,28.11,67.35,20.65,2.89,0.57
2005-05-06,0.0,28.5,71.1,21.05,2.58,0.56
2005-05-07,0.08,28.34,72.65,16.36,2.36,0.55
2005-05-08,0.0,28.26,72.77,20.17,2.29,0.55
2005-05-09,0.27,28.26,71.34,21.12,2.04,0.54
2005-05-10,0.02,28.16,73.96,19.58,2.6,0.54
2005-05-11,0.03,27.97,74.31,19.39,2.64,0.53
2005-05-12,0.15,28.19,69.2,21.07,2.59,0.52
2005-05-13,0.0,28.26,63.08,22.54,2.35,0.52
2005-05-14,0.1,27.67,66.84,22.06,2.93,0.51
2005-05-15,0.0,27.6,64.91,22.18,2.82,0.51
2005-05-16,0.0,27.44,65.75,22.53,2.41,0.5
2005-05-17,0.0,27.84,59.92,22.62,2.4,0.5
2005-05-18,0.01,27.48,65.43,22.4,2.38,0.49
2005-05-19,0.07,27.58,68.17,21.08,2.64,0.49
2005-05-20,0.09,27.7,69.62,19.85,2.59,0.48
2005-05-21,0.05,28.04,66.38,21.57,2.72,0.48
2005-05-22,0.6,27.84,70.01,21.35,2.43,0.47
2005-05-23,0.42,27.64,67.43,21.69,2.96,0.47
2005-05-24,0.8,27.52,73.0,20.35,2.41,0.47
2005-05-25,0.05,28.12,71.57,20.52,3.57,0.46
2005-05-26,0.03,27.75,69.43,19.79,3.3,0.46
2005-05-27,0.01,27.87,67.02,19.37,3.27,0.46
2005-05-28,0.05,27.39,69.61,19.19,3.45,0.45
2005-05-29,0.07,27.8,67.73,20.92,4.21,0.45
2005-05-30,0.02,27.33,65.65,20.59,4.14,0.45
2005-05-31,0.0,27.24,63.86,20.77,3.97,0.44
2005-06-01,0.0,27.16,65.14,20.75,3.49,0.44
2005-06-02,0.0,27.04,66.68,19.88,3.14,0.43
2005-06-03,0.0,27.57,66.39,19.38,2.52,0.43
2005-06-04,0.35,27.5,69.09,18.34,2.48,0.43
2005-06-05,0.72,27.57,68.67,19.09,2.64,0.43
2005-06-06,0.03,27.58,67.41,20.53,2.3,0.42
2005-06-07,0.0,27.51,66.2,18.88,2.0,0.42
2005-06-08,0.0,27.91,67.88,20.69,2.21,0.42
2005-06-09,0.09,27.93,74.02,19.64,1.86,0.41
2005-06-10,0.06,27.6,75.7,16.61,1.81,0.41
2005-06-11,0.19,27.87,72.37,16.45,2.39,0.41
2005-06-12,0.36,27.43,73.29,18.28,2.22,0.41
2005-06-13,1.14,27.22,74.0,19.16,2.29,0.4
2005-06-14,0.49,27.1,71.34,19.77,1.73,0.4
2005-06-15,0.0,27.69,67.13,20.07,1.53,0.4
2005-06-16,0.07,27.91,69.45,20.68,2.24,0.4
2005-06-17,0.08,28.22,71.5,20.25,2.95,0.4
2005-06-18,0.24,28.4,72.69,18.51,2.99,0.39
2005-06-19,0.03,28.31,72.34,18.83,2.11,0.39
2005-06-20,0.01,28.21,70.1,18.8,1.71,0.39
2005-06-21,0.02,28.09,71.21,19.12,1.04,0.38
2005-06-22,0.29,28.18,72.01,15.04,1.49,0.38
2005-06-23,0.09,28.23,72.17,19.23,1.9,0.38
2005-06-24,0.25,28.05,71.7,19.5,1.98,0.38
2005-06-25,0.13,28.07,70.93,17.94,2.32,0.38
2005-06-26,0.01,27.62,65.04,19.31,3.03,0.37
2005-06-27,0.0,27.66,60.62,20.45,3.15,0.37
2005-06-28,0.0,27.14,62.64,20.08,3.16,0.37
2005-06-29,0.0,26.59,67.07,19.41,2.77,0.37
2005-06-30,0.0,26.35,66.96,18.38,2.81,0.36
2005-07-01,0.03,26.17,64.56,18.19,2.9,0.36
2005-07-02,0.01,25.96,67.02,18.85,3.49,0.36
2005-07-03,0.04,26.88,65.57,19.57,2.66,0.36
2005-07-04,0.04,27.05,66.88,19.49,2.3,0.36
2005-07-05,0.01,27.48,66.84,19.78,2.07,0.35
2005-07-06,0.28,27.45,70.0,14.88,2.28,0.35
2005-07-07,0.92,27.77,71.78,11.07,2.28,0.35
2005-07-08,2.89,27.25,77.24,16.48,1.3,0.35
2005-07-09,5.24,27.43,77.33,14.64,2.01,0.36
2005-07-10,0.0,28.22,68.95,19.58,3.1,0.36
2005-07-11,0.0,27.96,69.75,18.35,2.84,0.36
2005-07-12,0.14,27.66,74.31,19.11,2.1,0.36
2005-07-13,0.07,27.74,72.03,19.75,1.84,0.35
2005-07-14,0.23,27.33,71.95,19.58,2.26,0.35
2005-07-15,0.08,27.7,69.11,20.38,2.61,0.35
2005-07-16,0.04,27.77,64.52,20.74,2.48,0.35
2005-07-17,0.0,27.48,66.41,20.91,3.11,0.35
2005-07-18,0.01,27.62,65.58,21.16,4.06,0.35
2005-07-19,0.01,27.63,61.64,20.76,4.2,0.34
2005-07-20,0.0,27.25,63.69,20.51,3.79,0.34
2005-07-21,0.0,26.61,64.42,19.85,4.05,0.34
2005-07-22,0.0,26.72,63.91,19.15,4.1,0.34
2005-07-23,0.0,26.77,63.71,18.58,3.88,0.34
2005-07-24,0.0,26.7,61.9,18.59,2.67,0.34
2005-07-25,0.01,26.81,65.19,21.1,3.22,0.34
2005-07-26,0.2,26.78,67.39,19.88,2.81,0.33
2005-07-27,0.0,26.54,67.07,17.72,3.48,0.33
2005-07-28,0.01,26.36,66.98,20.56,3.4,0.33
2005-07-29,0.26,26.28,68.35,19.21,2.48,0.33
2005-07-30,0.59,26.55,68.65,19.84,2.94,0.33
2005-07-31,2.47,26.57,69.93,14.22,3.28,0.34
2005-08-01,0.88,27.03,67.27,17.98,3.07,0.34
2005-08-02,7.82,27.11,66.91,20.28,2.78,0.35
2005-08-03,0.43,26.66,66.95,19.44,3.85,0.35
2005-08-04,0.0,26.3,61.46,22.29,3.76,0.34
2005-08-05,0.0,26.62,62.85,20.46,3.1,0.34
2005-08-06,0.0,26.87,65.85,20.76,2.0,0.34
2005-08-07,0.02,26.8,69.07,21.42,2.2,0.34
2005-08-08,0.51,27.4,70.5,19.72,2.48,0.34
2005-08-09,7.78,27.01,72.44,13.63,3.59,0.35
2005-08-10,0.29,27.23,66.67,18.28,3.02,0.35
2005-08-11,0.0,27.34,63.65,22.23,3.26,0.34
2005-08-12,0.0,27.29,58.01,23.1,2.75,0.34
2005-08-13,0.0,27.15,59.72,21.92,2.63,0.34
2005-08-14,0.13,27.19,63.16,22.19,2.23,0.34
2005-08-15,0.12,27.21,69.09,22.01,2.33,0.33
2005-08-16,0.21,27.31,66.9,20.53,2.69,0.33
2005-08-17,0.18,27.65,68.86,21.59,2.88,0.33
2005-08-18,0.31,27.32,68.5,21.19,3.0,0.33
2005-08-19,0.02,27.28,67.81,23.02,2.8,0.33
2005-08-20,0.03,27.33,63.86,22.79,1.93,0.33
2005-08-21,0.06,27.0,67.4,23.18,2.27,0.33
2005-08-22,0.0,27.33,63.84,22.54,2.5,0.33
2005-08-23,0.0,27.25,60.01,20.34,2.25,0.33
2005-08-24,0.0,27.16,58.48,22.53,1.79,0.33
2005-08-25,0.07,27.14,60.64,21.96,1.65,0.33
2005-08-26,0.17,27.0,68.09,22.07,1.83,0.33
2005-08-27,0.68,26.92,71.38,20.67,2.73,0.33
2005-08-28,1.25,27.38,69.49,23.58,2.76,0.33
2005-08-29,0.01,27.17,65.36,22.92,2.69,0.33
2005-08-30,0.1,27.11,64.99,23.97,1.96,0.33
2005-08-31,0.01,27.56,64.18,23.77,2.55,0.33
2005-09-01,0.0,28.02,61.13,23.91,3.0,0.33
2005-09-02,0.02,27.71,62.3,24.52,3.67,0.33
2005-09-03,0.0,27.03,66.01,19.2,2.51,0.33
2005-09-04,0.0,27.5,61.66,24.17,1.48,0.33
2005-09-05,0.0,28.29,62.45,23.31,1.39,0.33
2005-09-06,0.0,28.45,66.23,24.27,2.39,0.33
2005-09-07,0.11,28.23,65.7,23.68,2.45,0.33
2005-09-08,0.1,28.12,63.66,23.18,1.85,0.33
2005-09-09,0.0,28.12,62.75,24.61,1.93,0.33
2005-09-10,0.0,27.51,68.01,22.74,3.16,0.33
2005-09-11,0.0,27.26,68.34,19.2,2.57,0.33
2005-09-12,0.0,27.52,65.44,21.56,1.48,0.33
2005-09-13,0.0,27.71,67.39,24.17,3.06,0.33
2005-09-14,0.0,27.98,68.55,23.37,3.09,0.33
2005-09-15,0.3,28.04,70.13,23.65,3.35,0.33
2005-09-16,0.12,27.97,71.06,24.3,2.87,0.33
2005-09-17,0.04,28.24,69.17,23.99,2.96,0.33
2005-09-18,0.02,28.84,66.81,24.44,2.24,0.33
2005-09-19,0.01,29.17,60.37,25.22,1.56,0.33
2005-09-20,0.0,29.44,60.4,21.28,1.51,0.33
2005-09-21,0.14,28.86,67.8,22.63,2.36,0.33
2005-09-22,0.27,29.32,63.42,24.7,1.37,0.33
2005-09-23,0.01,29.16,64.44,24.88,2.06,0.33
2005-09-24,0.05,29.02,63.73,24.1,1.77,0.33
2005-09-25,0.09,28.74,64.94,25.62,2.04,0.33
2005-09-26,0.08,29.01,62.28,25.49,1.37,0.33
2005-09-27,0.05,28.93,63.97,25.67,1.59,0.33
2005-09-28,0.13,28.22,70.08,23.4,3.37,0.33
2005-09-29,0.01,28.51,68.8,24.93,3.32,0.33
2005-09-30,0.0,28.54,67.85,25.56,2.93,0.33
2005-10-01,0.27,28.72,66.36,25.36,2.83,0.33
2005-10-02,0.01,28.99,62.18,25.4,2.0,0.33
2005-10-03,0.18,28.52,64.23,23.66,1.97,0.33
2005-10-04,0.0,28.79,65.76,25.81,1.81,0.33
2005-10-05,0.0,29.35,63.72,26.35,1.74,0.33
2005-10-06,0.0,29.67,62.22,25.07,1.36,0.33
2005-10-07,0.06,29.24,64.69,25.41,1.38,0.33
2005-10-08,0.02,28.97,67.01,25.2,1.64,0.33
2005-10-09,0.06,29.13,68.08,24.22,1.53,0.32
2005-10-10,1.76,29.34,69.99,24.08,2.03,0.33
2005-10-11,0.96,29.63,67.86,25.58,0.77,0.33
2005-10-12,0.0,30.12,65.85,25.51,0.97,0.33
2005-10-13,0.07,29.66,67.66,24.9,1.28,0.33
2005-10-14,0.36,29.79,67.62,24.02,1.71,0.33
2005-10-15,0.31,29.14,70.42,23.62,0.68,0.33
2005-10-16,0.15,29.64,65.42,22.89,1.64,0.33
2005-10-17,0.3,29.64,65.38,19.77,1.66,0.33
2005-10-18,1.69,28.85,72.58,20.41,2.38,0.33
2005-10-19,1.58,27.95,79.26,17.72,2.98,0.33
2005-10-20,20.18,28.29,79.21,22.61,3.63,0.35
2005-10-21,61.78,28.15,80.99,9.39,3.93,0.45
2005-10-22,15.26,28.59,75.42,21.1,1.13,0.5
2005-10-23,1.03,29.25,72.53,25.13,1.3,0.5
2005-10-24,0.86,29.14,74.61,23.89,2.25,0.49
2005-10-25,0.81,28.42,79.86,21.82,3.61,0.48
2005-10-26,0.14,28.66,78.23,23.96,3.55,0.48
2005-10-27,0.19,28.63,78.94,24.17,4.08,0.47
2005-10-28,0.47,28.73,78.04,23.45,4.2,0.47
2005-10-29,0.84,28.82,71.99,24.69,3.45,0.46
2005-10-30,0.1,29.16,71.97,24.22,2.41,0.46
2005-10-31,0.04,29.55,68.16,24.23,1.4,0.45
2005-11-01,0.2,29.49,67.23,26.38,2.01,0.45
2005-11-02,0.13,29.42,69.03,24.83,2.81,0.44
2005-11-03,0.07,29.65,66.86,25.24,2.79,0.44
2005-11-04,4.36,29.18,71.36,23.46,2.44,0.44
2005-11-05,2.07,29.78,66.08,24.8,0.79,0.44
2005-11-06,0.57,29.79,69.44,23.11,1.95,0.43
2005-11-07,0.64,29.39,74.17,21.76,3.38,0.43
2005-11-08,0.4,29.25,73.69,23.31,2.94,0.43
2005-11-09,1.44,28.45,75.77,20.5,2.64,0.42
2005-11-10,0.87,28.9,74.28,23.17,1.99,0.42
2005-11-11,2.78,28.71,77.43,22.65,3.54,0.42
2005-11-12,2.07,28.75,76.46,24.32,2.85,0.43
2005-11-13,0.46,28.72,75.44,22.88,3.06,0.43
2005-11-14,2.08,28.56,79.86,22.32,4.43,0.43
2005-11-15,1.85,28.32,80.88,24.3,3.78,0.43
2005-11-16,0.69,29.37,71.02,25.16,2.46,0.43
2005-11-17,8.05,29.04,75.39,25.6,2.12,0.43
2005-11-18,8.51,28.65,77.7,20.69,1.45,0.45
2005-11-19,0.83,28.41,76.99,22.11,1.55,0.45
2005-11-20,1.19,27.91,79.77,23.78,1.51,0.45
2005-11-21,1.47,28.3,75.9,16.89,1.38,0.45
2005-11-22,2.03,28.29,79.1,20.75,2.94,0.45
2005-11-23,1.38,29.23,70.86,23.15,2.62,0.45
2005-11-24,0.83,29.32,72.15,25.75,4.19,0.44
2005-11-25,1.1,29.25,73.8,22.8,3.68,0.44
2005-11-26,4.17,28.71,77.39,21.05,3.57,0.44
2005-11-27,2.2,27.95,81.5,16.03,2.57,0.45
2005-11-28,2.2,27.12,81.32,11.53,1.57,0.45
2005-11-29,2.56,27.41,81.05,18.55,3.89,0.45
2005-11-30,0.57,27.61,76.4,22.55,2.47,0.45
2005-12-01,0.38,28.01,76.0,23.83,1.89,0.45
2005-12-02,1.93,28.26,78.04,23.31,2.39,0.45
2005-12-03,3.84,28.82,71.99,24.62,1.46,0.45
2005-12-04,3.58,29.38,67.81,22.01,1.05,0.45
2005-12-05,6.57,28.69,73.88,21.72,1.59,0.46
2005-12-06,5.09,28.08,77.32,21.1,2.12,0.47
2005-12-07,3.63,27.87,78.48,21.35,2.43,0.47
2005-12-08,4.56,28.36,78.67,20.52,2.29,0.47
2005-12-09,3.88,28.71,78.07,21.66,2.48,0.48
2005-12-10,13.67,28.31,75.99,22.5,1.25,0.49
2005-12-11,9.24,28.02,77.1,15.12,1.38,0.51
2005-12-12,6.84,27.67,78.5,22.63,0.79,0.51
2005-12-13,5.38,27.7,78.43,20.11,1.34,0.52
2005-12-14,3.59,28.31,75.72,22.9,1.18,0.52
2005-12-15,1.23,28.03,81.54,24.29,2.4,0.52
2005-12-16,7.14,27.61,85.31,16.84,2.76,0.52
2005-12-17,6.92,27.63,82.14,22.71,2.22,0.54
2005-12-18,7.78,27.28,81.02,11.64,1.78,0.55
2005-12-19,8.11,27.92,78.89,20.2,2.62,0.56
2005-12-20,6.81,27.63,84.38,21.79,2.9,0.56
2005-12-21,12.04,27.85,82.36,19.97,2.31,0.57
2005-12-22,5.43,27.69,82.77,23.73,1.97,0.59
2005-12-23,0.54,28.68,77.16,23.87,2.42,0.58
2005-12-24,0.82,28.78,76.54,21.57,1.4,0.57
2005-12-25,0.73,28.54,76.23,17.18,1.25,0.57
2005-12-26,1.87,28.94,72.47,21.39,2.04,0.57
2005-12-27,13.71,28.03,79.77,18.43,2.3,0.57
2005-12-28,11.88,27.5,81.28,18.51,2.17,0.59
2005-12-29,24.65,27.64,84.91,10.62,4.69,0.62
2005-12-30,9.88,27.75,82.94,14.25,4.64,0.64
2005-12-31,13.21,27.86,83.63,8.89,4.88,0.65
2006-01-01,11.01,27.7,84.14,15.03,4.52,0.67
2006-01-02,8.43,27.17,82.42,11.29,2.39,0.68
2006-01-03,18.93,27.11,81.18,9.19,2.06,0.69
2006-01-04,9.93,27.87,79.45,23.8,2.52,0.71
2006-01-05,1.34,28.24,78.8,21.33,2.54,0.71
2006-01-06,5.2,28.26,79.94,13.03,3.15,0.71
2006-01-07,3.82,28.1,80.14,18.49,3.55,0.71
2006-01-08,5.57,27.59,84.9,15.88,3.65,0.72
2006-01-09,4.02,27.24,82.43,21.06,1.59,0.72
2006-01-10,7.95,27.72,81.41,23.62,2.11,0.72
2006-01-11,3.39,27.48,84.94,24.5,3.37,0.72
2006-01-12,5.77,27.13,82.2,18.95,2.3,0.72
2006-01-13,21.3,27.24,83.99,18.94,2.76,0.74
2006-01-14,24.24,27.58,84.58,13.75,4.9,0.77
2006-01-15,31.72,27.72,83.71,15.52,5.83,0.8
2006-01-16,21.26,27.81,85.0,9.2,7.35,0.84
2006-01-17,6.39,27.94,83.59,14.27,8.26,0.84
2006-01-18,8.82,27.79,85.85,11.61,8.48,0.84
2006-01-19,10.39,27.81,83.45,12.75,9.43,0.85
2006-01-20,13.0,27.88,84.41,14.41,7.18,0.85
2006-01-21,11.9,27.76,84.91,15.34,5.88,0.87
2006-01-22,8.82,27.47,86.6,13.6,4.05,0.87
2006-01-23,12.69,26.88,83.21,5.07,4.58,0.88
2006-01-24,21.06,27.12,83.57,16.38,3.67,0.89
2006-01-25,6.58,27.29,85.92,21.08,4.41,0.9
2006-01-26,18.39,27.16,86.43,17.79,4.58,0.91
2006-01-27,7.25,27.07,83.95,19.82,4.72,0.92
2006-01-28,4.79,27.01,86.86,17.58,4.93,0.92
2006-01-29,2.61,27.38,87.02,20.93,4.62,0.91
2006-01-30,3.77,27.44,86.72,22.08,4.38,0.91
2006-01-31,10.11,27.49,86.05,15.72,5.86,0.91
2006-02-01,24.38,27.45,85.1,18.0,6.6,0.92
2006-02-02,25.03,27.29,85.56,20.32,4.85,0.95
2006-02-03,15.64,27.31,85.12,15.52,3.42,0.96
2006-02-04,3.62,26.83,82.14,21.5,2.87,0.96
2006-02-05,2.92,27.27,78.27,18.79,1.54,0.95
2006-02-06,1.83,27.63,77.24,24.95,1.4,0.94
2006-02-07,0.2,27.49,78.58,25.86,2.18,0.93
2006-02-08,0.05,27.45,79.13,27.01,2.43,0.92
2006-02-09,0.02,27.74,77.64,26.98,2.83,0.91
2006-02-10,0.1,27.41,79.22,26.15,3.19,0.9
2006-02-11,0.05,27.55,78.4,25.21,3.16,0.89
2006-02-12,0.2,27.82,80.93,25.99,3.31,0.88
2006-02-13,3.71,28.11,80.93,22.58,3.57,0.87
2006-02-14,5.03,27.39,84.58,23.59,2.6,0.87
2006-02-15,2.99,27.74,83.47,26.9,1.53,0.87
2006-02-16,1.59,28.04,83.09,21.3,2.7,0.87
2006-02-17,5.46,27.68,84.81,19.52,2.51,0.87
2006-02-18,4.24,27.23,85.08,13.7,2.67,0.87
2006-02-19,6.45,27.14,84.82,12.72,3.18,0.87
2006-02-20,16.16,27.61,85.5,17.34,3.98,0.88
2006-02-21,18.8,27.71,83.57,19.08,3.31,0.9
2006-02-22,6.41,27.64,85.74,16.94,3.07,0.91
2006-02-23,5.53,26.85,87.73,9.43,2.77,0.91
2006-02-24,9.96,27.07,88.85,11.9,4.04,0.91
2006-02-25,1.28,27.22,86.17,21.51,2.94,0.91
2006-02-26,0.57,27.79,81.93,24.47,1.42,0.91
2006-02-27,4.91,27.64,83.65,22.38,2.35,0.9
2006-02-28,9.66,26.99,88.59,13.41,3.72,0.91
2006-03-01,9.13,26.7,81.04,8.32,3.87,0.91
2006-03-02,8.55,26.03,87.0,6.97,5.05,0.92
2006-03-03,22.15,26.81,83.67,8.41,5.53,0.93
2006-03-04,10.51,26.88,84.92,13.52,5.15,0.94
2006-03-05,3.1,26.79,86.31,20.53,3.96,0.94
2006-03-06,10.1,26.66,88.37,13.46,6.99,0.94
2006-03-07,3.41,27.19,85.93,13.28,7.01,0.94
2006-03-08,1.11,27.42,82.73,24.56,3.23,0.93
2006-03-09,5.17,27.51,81.75,21.39,3.53,0.93
2006-03-10,1.19,27.45,76.31,19.99,2.35,0.92
2006-03-11,0.22,27.15,80.75,24.73,3.44,0.91
2006-03-12,0.02,27.89,75.39,24.2,2.63,0.9
2006-03-13,0.14,27.47,79.83,23.48,2.37,0.9
2006-03-14,1.72,27.72,77.78,23.77,2.05,0.89
2006-03-15,6.9,27.44,81.32,21.69,2.87,0.89
2006-03-16,12.75,27.71,82.15,21.22,2.95,0.89
2006-03-17,7.7,27.17,86.21,21.3,2.66,0.9
2006-03-18,7.43,27.26,86.33,14.19,3.49,0.9
2006-03-19,1.97,27.31,85.0,20.01,3.02,0.9
2006-03-20,2.08,27.35,84.14,16.01,3.6,0.9
2006-03-21,3.58,26.98,85.81,17.77,3.56,0.89
2006-03-22,0.75,27.12,83.22,22.17,2.85,0.89
2006-03-23,1.19,27.63,82.49,22.75,3.12,0.88
2006-03-24,0.69,28.15,83.64,22.12,2.44,0.87
2006-03-25,0.53,28.41,80.86,19.13,3.62,0.87
2006-03-26,1.42,28.72,77.25,22.24,2.9,0.86
2006-03-27,3.63,28.43,79.79,20.3,2.79,0.86
2006-03-28,1.56,27.85,81.92,20.91,1.96,0.85
2006-03-29,8.68,27.16,86.16,15.49,3.83,0.86
2006-03-30,11.05,26.84,84.89,10.91,2.69,0.86
2006-03-31,28.18,26.96,87.4,12.86,3.91,0.88
2006-04-01,50.37,26.77,87.04,11.68,4.46,0.93
2006-04-02,20.1,27.45,84.14,9.43,5.36,0.96
2006-04-03,22.13,27.78,82.75,8.58,4.67,0.96
2006-04-04,5.84,27.55,83.82,13.69,3.71,0.97
2006-04-05,2.32,27.74,82.66,19.47,3.47,0.96
2006-04-06,1.6,27.81,82.82,16.57,2.84,0.95
2006-04-07,0.31,27.39,86.44,20.79,1.86,0.95
2006-04-08,0.55,27.31,80.44,19.59,1.37,0.95
2006-04-09,0.57,27.63,81.08,19.33,1.0,0.94
2006-04-10,1.03,27.65,79.51,18.13,1.6,0.94
2006-04-11,1.21,27.73,80.87,21.95,1.86,0.93
2006-04-12,0.38,27.72,80.77,23.28,2.24,0.93
2006-04-13,0.11,27.94,78.33,22.86,2.65,0.92
2006-04-14,0.09,27.94,75.79,22.98,1.52,0.91
2006-04-15,0.42,28.06,73.87,20.27,1.2,0.9
2006-04-16,2.51,28.14,76.14,21.02,1.5,0.9
2006-04-17,3.67,27.85,81.37,18.87,2.72,0.89
2006-04-18,2.58,27.76,83.87,19.72,2.56,0.89
2006-04-19,3.19,27.47,85.95,18.63,3.37,0.89
2006-04-20,20.65,27.21,87.79,9.84,5.37,0.9
2006-04-21,15.44,27.78,84.96,16.45,4.91,0.92
2006-04-22,14.22,27.38,85.5,10.43,6.6,0.93
2006-04-23,5.32,27.23,83.82,15.07,5.4,0.93
2006-04-24,0.16,27.89,74.85,18.34,3.71,0.92
2006-04-25,0.06,27.47,78.44,19.31,3.16,0.91
2006-04-26,0.05,27.84,77.2,19.34,3.22,0.9
2006-04-27,0.15,28.06,76.36,21.11,2.4,0.9
2006-04-28,0.46,28.18,77.16,20.21,2.1,0.89
2006-04-29,2.04,28.08,77.27,18.77,0.99,0.88
2006-04-30,1.75,27.86,79.87,20.32,1.73,0.88
2006-05-01,1.33,27.46,83.17,13.4,2.23,0.87
2006-05-02,6.77,27.15,83.77,18.32,1.96,0.87
2006-05-03,6.7,27.11,84.79,17.11,3.43,0.88
2006-05-04,1.86,26.96,81.91,14.2,2.75,0.87
2006-05-05,1.49,27.38,80.15,18.43,2.56,0.87
2006-05-06,0.26,27.31,75.29,19.37,2.98,0.86
2006-05-07,0.09,27.23,73.32,14.06,2.6,0.86
2006-05-08,0.44,27.43,71.95,19.59,2.76,0.85
2006-05-09,1.11,27.19,75.53,19.26,2.7,0.84
2006-05-10,1.48,27.08,76.43,19.84,2.91,0.84
2006-05-11,0.1,26.93,73.55,21.11,3.11,0.83
2006-05-12,0.01,27.17,72.69,22.1,2.44,0.82
2006-05-13,0.03,27.5,74.36,21.95,2.52,0.81
2006-05-14,0.03,27.65,71.61,21.96,2.44,0.8
2006-05-15,0.01,27.58,72.83,21.17,2.93,0.79
2006-05-16,0.0,27.8,71.4,21.4,3.37,0.78
2006-05-17,0.0,27.85,75.74,21.1,4.35,0.77
2006-05-18,0.19,27.66,77.82,17.68,4.29,0.77
2006-05-19,0.09,27.28,75.83,18.17,3.68,0.76
2006-05-20,0.14,27.25,76.29,18.41,3.06,0.75
2006-05-21,1.1,27.66,76.4,20.55,2.83,0.74
2006-05-22,19.94,27.3,83.26,17.96,2.29,0.75
2006-05-23,9.88,27.07,82.78,16.2,1.04,0.78
2006-05-24,6.67,26.07,88.22,16.36,1.71,0.78
2006-05-25,2.76,26.84,82.42,16.63,1.49,0.79
2006-05-26,6.98,27.28,81.47,18.35,3.14,0.79
2006-05-27,0.67,27.27,74.88,20.57,3.55,0.79
2006-05-28,0.13,26.88,74.62,20.42,3.55,0.78
2006-05-29,0.15,26.66,71.17,20.37,3.59,0.77
2006-05-30,0.0,26.38,72.47,19.62,2.81,0.76
2006-05-31,0.0,26.16,72.55,20.05,2.72,0.75
2006-06-01,0.0,26.33,73.46,18.83,2.07,0.74
2006-06-02,0.0,26.75,74.17,18.9,1.8,0.74
2006-06-03,0.0,26.81,75.16,19.49,2.48,0.73
2006-06-04,0.0,26.64,74.48,19.0,3.88,0.72
2006-06-05,0.02,26.37,73.43,18.06,4.07,0.71
2006-06-06,0.01,26.31,73.06,19.46,3.95,0.71
2006-06-07,0.0,26.09,73.39,20.18,3.95,0.7
2006-06-08,0.0,25.66,72.21,20.06,3.58,0.69
2006-06-09,0.17,25.37,74.65,17.41,3.64,0.68
2006-06-10,0.01,25.66,73.37,18.98,3.31,0.68
2006-06-11,0.01,26.09,73.67,18.07,3.48,0.67
2006-06-12,0.0,26.13,73.54,18.42,3.85,0.66
2006-06-13,0.0,25.18,73.85,18.74,3.29,0.65
2006-06-14,0.0,25.25,73.89,18.55,2.89,0.65
2006-06-15,0.05,26.15,73.65,17.67,3.14,0.64
2006-06-16,1.87,26.3,81.42,9.48,3.34,0.64
2006-06-17,47.94,26.38,84.33,5.31,4.76,0.67
2006-06-18,6.33,26.22,85.04,18.75,2.9,0.72
2006-06-19,1.97,26.33,81.79,11.23,4.91,0.71
2006-06-20,0.04,26.2,74.14,17.76,4.06,0.7
2006-06-21,0.01,25.62,74.45,18.8,3.95,0.69
2006-06-22,0.0,24.92,74.66,19.61,3.15,0.68
2006-06-23,0.0,25.21,71.81,19.94,2.75,0.68
2006-06-24,0.0,25.95,73.54,19.87,2.76,0.67
2006-06-25,0.03,26.16,77.01,18.61,3.5,0.66
2006-06-26,0.0,25.77,74.34,19.42,3.51,0.65
2006-06-27,0.01,25.86,73.3,17.25,2.2,0.65
2006-06-28,0.21,26.04,78.59,18.63,2.78,0.64
2006-06-29,1.06,25.6,79.83,6.74,3.94,0.64
2006-06-30,1.54,25.84,75.44,7.53,3.95,0.64
2006-07-01,0.46,26.0,76.62,18.47,3.28,0.63
2006-07-02,0.0,25.66,76.66,19.17,2.68,0.62
2006-07-03,0.02,25.37,76.78,19.33,2.59,0.62
2006-07-04,0.04,25.29,75.77,20.0,2.86,0.61
2006-07-05,0.0,25.54,75.79,20.74,2.94,0.6
2006-07-06,0.02,25.21,74.2,19.87,3.25,0.6
2006-07-07,0.02,25.28,73.94,20.56,3.09,0.59
2006-07-08,0.0,25.8,71.78,20.36,3.28,0.58
2006-07-09,0.01,25.54,73.05,20.07,3.61,0.58
2006-07-10,0.01,25.23,67.51,18.82,3.34,0.57
2006-07-11,0.0,25.21,71.62,18.93,2.11,0.56
2006-07-12,0.01,25.18,76.18,17.78,2.54,0.56
2006-07-13,0.04,24.8,80.7,18.0,4.64,0.55
2006-07-14,0.01,24.8,78.84,15.66,5.41,0.55
2006-07-15,0.0,24.84,78.22,16.12,4.11,0.54
2006-07-16,0.0,25.29,81.15,16.88,4.24,0.54
2006-07-17,0.01,26.03,76.22,18.42,3.07,0.53
2006-07-18,0.14,25.93,74.93,17.56,3.11,0.53
2006-07-19,0.18,25.64,72.97,18.28,3.53,0.52
2006-07-20,0.0,25.12,74.33,20.66,2.76,0.52
2006-07-21,0.03,24.82,73.23,21.41,2.77,0.51
2006-07-22,0.01,25.16,72.82,20.8,2.38,0.51
2006-07-23,0.06,25.88,76.65,13.06,3.04,0.5
2006-07-24,0.02,26.25,72.28,20.61,2.25,0.5
2006-07-25,0.11,26.52,73.87,18.8,2.06,0.49
2006-07-26,4.05,26.33,73.58,18.67,3.23,0.49
2006-07-27,0.24,25.84,69.67,20.97,2.94,0.49
2006-07-28,0.0,25.69,65.25,21.95,2.96,0.49
2006-07-29,0.0,25.5,64.62,21.9,2.1,0.48
2006-07-30,0.0,25.2,68.71,22.15,2.16,0.48
2006-07-31,0.0,25.18,69.95,21.7,2.36,0.47
2006-08-01,0.0,25.74,70.96,21.77,1.86,0.47
2006-08-02,0.0,25.55,73.36,22.49,2.52,0.47
2006-08-03,0.0,25.75,71.98,22.33,1.61,0.46
2006-08-04,0.0,25.64,71.44,21.46,2.45,0.46
2006-08-05,0.01,25.61,62.67,22.51,4.45,0.45
2006-08-06,0.0,24.94,62.78,21.42,4.3,0.45
2006-08-07,0.0,25.0,65.33,19.1,4.13,0.45
2006-08-08,0.01,25.14,62.6,20.27,4.46,0.44
2006-08-09,0.0,24.69,65.76,19.98,3.81,0.44
2006-08-10,0.95,25.21,70.94,20.48,3.51,0.44
2006-08-11,0.65,25.84,65.58,22.2,3.55,0.44
2006-08-12,0.45,25.44,69.78,21.49,3.26,0.43
2006-08-13,0.23,25.85,67.35,21.89,2.93,0.43
2006-08-14,0.27,26.39,70.22,20.7,2.39,0.43
2006-08-15,0.02,26.29,73.41,19.9,2.07,0.42
2006-08-16,0.04,26.26,77.09,18.44,1.84,0.42
2006-08-17,0.02,26.67,78.18,18.65,1.83,0.42
2006-08-18,0.05,26.87,75.36,22.04,1.98,0.41
2006-08-19,0.0,26.48,68.97,22.29,4.06,0.41
2006-08-20,0.04,25.75,63.5,22.93,3.51,0.41
2006-08-21,0.07,26.03,64.86,23.26,2.11,0.4
2006-08-22,0.0,26.07,66.74,23.52,2.03,0.4
2006-08-23,0.0,26.02,67.76,23.02,2.28,0.4
2006-08-24,0.11,26.21,63.76,23.49,2.71,0.4
2006-08-25,0.0,25.61,61.89,23.9,2.97,0.39
2006-08-26,0.0,25.13,60.11,23.35,2.23,0.39
2006-08-27,0.0,24.98,62.13,24.11,1.92,0.39
2006-08-28,0.0,25.77,61.65,24.47,1.45,0.38
2006-08-29,0.0,26.45,67.66,23.78,2.01,0.38
2006-08-30,0.0,26.4,69.0,24.12,2.73,0.38
2006-08-31,0.0,25.75,67.14,24.2,3.08,0.37
2006-09-01,0.0,25.34,62.39,24.35,3.01,0.37
2006-09-02,0.18,25.29,62.54,24.71,1.66,0.37
2006-09-03,0.01,25.38,66.47,24.34,1.67,0.37
2006-09-04,0.0,26.08,66.97,24.2,1.75,0.36
2006-09-05,0.0,26.24,67.81,24.27,1.31,0.36
2006-09-06,0.0,26.31,67.38,24.56,1.53,0.36
2006-09-07,0.0,26.79,69.24,24.02,1.31,0.35
2006-09-08,0.0,27.38,71.83,24.62,2.41,0.35
2006-09-09,0.0,27.43,70.16,24.81,2.87,0.35
2006-09-10,0.0,27.33,63.4,24.59,3.02,0.35
2006-09-11,0.15,27.24,59.67,24.22,3.66,0.34
2006-09-12,0.0,26.76,64.76,24.44,2.93,0.34
2006-09-13,0.0,26.59,65.93,24.56,2.31,0.34
2006-09-14,0.0,26.67,64.88,24.98,2.43,0.34
2006-09-15,0.1,26.81,64.68,25.56,3.06,0.34
2006-09-16,0.0,26.48,65.26,25.83,2.71,0.33
2006-09-17,0.0,26.56,64.95,25.82,1.99,0.33
2006-09-18,0.36,26.88,65.71,20.27,1.65,0.33
2006-09-19,0.0,26.94,66.69,24.99,2.42,0.33
2006-09-20,0.0,26.53,69.97,25.04,2.57,0.33
2006-09-21,0.0,26.97,66.69,25.04,1.92,0.33
2006-09-22,0.0,27.12,66.23,24.96,1.59,0.33
2006-09-23,0.0,27.06,66.39,24.98,1.79,0.33
2006-09-24,0.0,27.09,65.33,24.92,1.73,0.33
2006-09-25,0.0,27.13,68.65,25.79,1.65,0.33
2006-09-26,0.0,27.0,73.28,25.51,2.48,0.33
2006-09-27,0.0,27.38,70.01,24.48,2.23,0.33
2006-09-28,0.08,27.57,67.68,23.89,1.68,0.33
2006-09-29,0.05,27.53,67.68,25.87,1.96,0.33
2006-09-30,0.24,27.5,68.77,25.91,1.51,0.33
2006-10-01,0.0,27.66,66.95,26.12,1.6,0.33
2006-10-02,0.0,27.95,64.42,25.9,1.93,0.33
2006-10-03,0.0,28.21,66.63,25.5,1.58,0.33
2006-10-04,0.29,28.24,67.64,25.79,2.43,0.33
2006-10-05,0.19,28.26,66.01,25.86,1.64,0.33
2006-10-06,0.21,28.18,60.44,22.97,2.36,0.33
2006-10-07,3.49,27.8,64.01,24.37,2.03,0.33
2006-10-08,0.02,27.89,64.45,23.48,1.71,0.33
2006-10-09,0.03,28.09,66.17,25.0,1.85,0.33
2006-10-10,0.05,28.36,61.72,26.16,1.37,0.33
2006-10-11,0.11,27.77,62.5,25.72,2.02,0.33
2006-10-12,0.55,27.72,64.81,23.14,2.79,0.33
2006-10-13,1.23,27.46,68.55,24.43,1.76,0.33
2006-10-14,0.23,27.62,68.76,22.49,1.42,0.33
2006-10-15,0.05,28.17,66.63,24.59,1.11,0.33
2006-10-16,0.05,28.19,65.42,25.45,1.71,0.33
2006-10-17,0.0,28.06,66.63,25.63,2.11,0.33
2006-10-18,0.0,28.07,65.38,25.17,1.97,0.33
2006-10-19,0.0,28.06,63.79,26.11,2.34,0.33
2006-10-20,0.19,28.11,63.35,26.04,1.96,0.33
2006-10-21,0.0,28.37,66.8,25.89,2.23,0.33
2006-10-22,0.0,28.45,68.83,26.12,1.36,0.33
2006-10-23,0.01,28.7,63.79,27.16,1.54,0.33
2006-10-24,0.19,28.64,58.61,26.38,1.97,0.33
2006-10-25,0.0,28.46,64.01,26.51,2.0,0.33
2006-10-26,0.0,28.5,62.32,26.79,2.18,0.33
2006-10-27,0.0,28.35,60.12,26.9,1.69,0.33
2006-10-28,0.0,28.37,61.63,26.4,1.63,0.33
2006-10-29,0.0,28.08,62.89,25.66,1.29,0.32
2006-10-30,0.0,28.12,63.74,26.74,1.63,0.32
2006-10-31,0.0,28.26,67.51,25.77,1.6,0.32
2006-11-01,0.0,28.54,68.59,25.13,1.49,0.32
2006-11-02,0.0,28.77,66.93,25.6,1.46,0.32
2006-11-03,0.28,28.85,70.4,24.68,1.77,0.32
2006-11-04,0.08,28.8,71.43,24.72,1.64,0.32
2006-11-05,0.82,28.95,69.96,23.17,1.24,0.33
2006-11-06,0.14,29.08,66.57,24.93,0.64,0.33
2006-11-07,0.14,29.35,66.87,24.95,0.87,0.33
2006-11-08,0.08,29.46,67.05,26.38,0.99,0.33
2006-11-09,0.02,29.73,65.58,26.05,0.96,0.33
2006-11-10,0.07,29.74,65.62,26.18,1.62,0.33
2006-11-11,0.1,30.01,64.4,26.73,1.31,0.33
2006-11-12,0.09,30.21,63.53,25.96,1.04,0.33
2006-11-13,1.33,30.07,63.12,26.02,1.53,0.33
2006-11-14,0.16,29.6,65.16,25.74,1.39,0.33
2006-11-15,0.3,29.63,64.08,26.48,1.3,0.33
2006-11-16,0.03,29.35,68.6,25.02,1.55,0.33
2006-11-17,0.36,29.91,63.29,24.68,1.23,0.33
2006-11-18,0.0,29.57,70.2,26.07,2.59,0.33
2006-11-19,0.01,29.98,67.11,25.53,2.29,0.33
2006-11-20,0.11,30.06,65.8,25.92,2.74,0.33
2006-11-21,0.43,29.88,64.35,24.35,1.32,0.33
2006-11-22,2.4,29.51,68.24,25.03,1.64,0.33
2006-11-23,0.56,29.86,65.33,25.88,1.62,0.33
2006-11-24,0.08,29.91,61.57,26.17,0.76,0.33
2006-11-25,0.17,29.73,60.81,25.75,1.21,0.33
2006-11-26,0.06,29.94,59.74,25.75,1.34,0.33
2006-11-27,0.0,29.72,61.66,26.89,1.27,0.33
2006-11-28,0.05,29.97,60.36,25.54,1.07,0.33
2006-11-29,0.13,29.95,64.2,23.65,2.42,0.33
2006-11-30,0.04,29.38,62.44,25.28,1.46,0.33
2006-12-01,0.09,29.69,61.2,17.91,1.67,0.33
2006-12-02,0.0,29.63,64.94,26.56,1.88,0.33
2006-12-03,0.96,29.83,64.24,25.14,1.04,0.33
2006-12-04,1.46,29.88,67.45,25.92,2.25,0.33
2006-12-05,0.79,30.01,67.7,24.89,2.6,0.33
2006-12-06,1.1,29.86,68.17,25.97,2.26,0.33
2006-12-07,1.24,29.31,75.62,24.42,2.83,0.33
2006-12-08,0.47,29.37,73.36,22.56,2.99,0.33
2006-12-09,0.94,29.41,72.59,24.03,2.14,0.33
2006-12-10,4.89,29.16,73.42,22.83,1.82,0.34
2006-12-11,1.68,28.51,76.03,22.13,1.94,0.34
2006-12-12,0.28,29.37,73.78,24.76,2.43,0.34
2006-12-13,1.1,29.38,70.93,24.01,1.32,0.34
2006-12-14,1.89,28.37,78.59,22.9,3.16,0.34
2006-12-15,1.34,28.54,77.09,23.65,2.59,0.34
2006-12-16,0.56,29.45,71.06,24.14,1.32,0.34
2006-12-17,0.56,29.92,67.11,23.42,0.58,0.34
2006-12-18,1.21,29.98,67.26,24.78,0.71,0.34
2006-12-19,18.58,28.82,75.88,22.37,1.59,0.35
2006-12-20,8.72,28.88,75.53,23.4,2.08,0.38
2006-12-21,2.52,29.64,69.36,23.57,1.23,0.38
2006-12-22,1.99,29.52,70.75,23.94,1.5,0.38
2006-12-23,1.38,29.52,69.94,20.04,1.13,0.38
2006-12-24,3.04,29.89,65.47,23.48,1.05,0.38
2006-12-25,6.77,29.78,67.4,22.1,0.71,0.39
2006-12-26,1.11,29.65,71.26,18.98,1.94,0.38
2006-12-27,6.32,28.39,80.14,24.31,2.31,0.39
2006-12-28,18.96,27.98,85.95,17.77,2.54,0.41
2006-12-29,19.77,28.03,84.13,5.59,3.46,0.45
2006-12-30,15.21,28.16,80.38,9.76,2.58,0.48
2006-12-31,26.93,28.33,81.47,9.0,2.68,0.51
2007-01-01,27.04,28.31,84.86,9.99,3.78,0.55
2007-01-02,20.04,28.25,84.17,8.25,4.45,0.58
2007-01-03,12.67,27.86,84.83,8.33,5.75,0.6
2007-01-04,1.54,28.22,76.4,20.02,2.63,0.6
2007-01-05,0.09,28.68,72.47,21.8,2.72,0.6
2007-01-06,0.07,28.2,76.93,20.16,3.51,0.59
2007-01-07,0.44,28.49,73.49,22.27,2.99,0.58
2007-01-08,0.83,28.87,73.4,24.13,3.05,0.57
2007-01-09,5.09,28.66,76.93,19.38,3.51,0.56
2007-01-10,21.26,28.36,81.25,17.0,3.14,0.59
2007-01-11,14.09,28.08,82.98,18.98,2.9,0.62
2007-01-12,4.62,28.65,77.48,20.13,2.76,0.62
2007-01-13,2.81,28.62,78.38,21.81,2.65,0.62
2007-01-14,0.75,28.53,79.83,23.35,4.08,0.61
2007-01-15,1.71,28.41,78.16,21.68,3.93,0.6
2007-01-16,3.7,27.99,81.29,16.59,4.07,0.6
2007-01-17,10.42,27.96,81.96,12.39,3.36,0.61
2007-01-18,2.61,28.16,80.55,23.01,1.99,0.62
2007-01-19,2.34,28.06,81.44,22.07,2.01,0.61
2007-01-20,0.81,27.97,82.35,23.05,1.58,0.61
2007-01-21,0.18,28.23,82.39,21.16,2.22,0.6
2007-01-22,0.24,28.64,79.76,22.94,2.07,0.6
2007-01-23,0.14,28.76,78.54,24.41,2.83,0.59
2007-01-24,1.44,28.74,78.35,24.34,3.47,0.58
2007-01-25,0.35,28.24,79.52,25.59,2.91,0.58
2007-01-26,8.01,28.38,79.68,22.74,3.36,0.58
2007-01-27,1.96,28.56,78.28,25.05,2.77,0.59
2007-01-28,10.63,28.7,76.59,24.02,2.43,0.59
2007-01-29,15.89,28.75,76.68,22.7,3.33,0.61
2007-01-30,5.44,28.41,78.38,20.6,2.85,0.61
2007-01-31,1.25,28.45,77.11,25.02,2.79,0.61
2007-02-01,2.13,28.41,78.27,24.33,2.63,0.6
2007-02-02,2.12,27.93,81.21,25.76,2.9,0.6
2007-02-03,1.36,28.08,79.62,21.1,3.08,0.59
2007-02-04,2.59,28.02,81.81,24.75,3.91,0.59
2007-02-05,2.55,28.0,81.66,22.81,3.66,0.59
2007-02-06,1.56,28.45,79.61,23.77,3.84,0.59
2007-02-07,3.28,28.26,81.71,24.25,2.9,0.58
2007-02-08,3.28,27.41,86.95,18.87,1.48,0.59
2007-02-09,7.5,28.01,81.78,21.7,2.18,0.59
2007-02-10,4.09,27.82,81.3,27.51,2.64,0.6
2007-02-11,0.93,28.07,79.51,26.84,2.47,0.6
2007-02-12,0.45,28.42,74.67,26.83,1.8,0.59
2007-02-13,0.38,28.85,72.08,27.52,0.94,0.58
2007-02-14,0.54,28.98,74.33,25.43,1.84,0.57
2007-02-15,0.37,29.17,73.41,26.83,2.14,0.57
2007-02-16,5.94,28.52,76.67,22.62,1.85,0.56
2007-02-17,2.9,28.17,76.79,24.12,1.3,0.57
2007-02-18,3.52,28.22,75.32,24.12,1.08,0.57
2007-02-19,2.94,28.26,76.37,22.67,1.8,0.57
2007-02-20,0.61,28.58,72.55,25.65,0.78,0.56
2007-02-21,11.27,28.39,74.93,20.37,1.49,0.56
2007-02-22,37.28,27.09,85.63,18.98,3.49,0.6
2007-02-23,24.22,27.09,82.54,16.38,2.21,0.66
2007-02-24,16.66,27.81,83.0,19.59,3.37,0.68
2007-02-25,15.89,27.26,82.88,13.53,2.67,0.7
2007-02-26,10.71,27.33,81.55,16.28,2.34,0.71
2007-02-27,3.92,27.62,83.75,14.94,5.01,0.72
2007-02-28,6.65,27.95,83.37,16.84,3.96,0.72
2007-03-01,23.0,27.77,85.64,15.72,4.04,0.73
2007-03-02,25.46,27.46,86.26,10.26,4.61,0.77
2007-03-03,19.85,27.67,82.91,9.34,5.53,0.8
2007-03-04,7.03,27.1,84.8,9.65,3.54,0.81
2007-03-05,5.59,27.83,84.67,12.15,5.69,0.81
2007-03-06,19.21,27.56,84.38,11.61,6.73,0.82
2007-03-07,15.32,27.55,84.57,12.14,6.35,0.84
2007-03-08,2.78,27.14,85.52,19.45,3.98,0.84
2007-03-09,0.01,27.86,77.14,22.51,1.72,0.83
2007-03-10,0.04,27.81,77.81,23.12,2.48,0.82
2007-03-11,0.17,27.42,79.03,20.58,3.57,0.82
2007-03-12,6.51,27.0,83.01,9.77,2.4,0.82
2007-03-13,0.82,27.62,77.54,22.6,1.77,0.82
2007-03-14,4.5,27.93,77.03,20.59,1.92,0.81
2007-03-15,3.46,27.7,81.76,19.19,2.57,0.81
2007-03-16,12.09,27.44,82.73,21.86,1.43,0.81
2007-03-17,5.79,27.58,82.88,21.47,1.96,0.82
2007-03-18,3.78,27.53,82.58,15.8,2.96,0.82
2007-03-19,2.21,27.51,81.41,19.68,1.92,0.82
2007-03-20,0.98,27.6,79.15,22.47,1.8,0.82
2007-03-21,0.91,27.86,78.77,23.48,2.1,0.81
2007-03-22,0.99,27.51,82.64,21.63,2.55,0.81
2007-03-23,13.04,27.76,80.66,21.28,1.44,0.81
2007-03-24,8.92,27.67,82.66,17.05,2.84,0.82
2007-03-25,5.1,27.38,84.68,16.04,2.74,0.83
2007-03-26,0.51,27.04,85.05,20.68,3.07,0.82
2007-03-27,10.98,27.43,82.85,20.95,3.1,0.82
2007-03-28,9.23,27.64,84.14,24.24,3.37,0.84
2007-03-29,1.17,27.61,83.36,23.88,3.31,0.84
2007-03-30,2.23,27.66,80.03,24.13,1.43,0.83
2007-03-31,4.28,27.39,85.19,20.98,2.42,0.83
2007-04-01,20.47,27.58,84.2,16.18,2.72,0.84
2007-04-02,13.11,27.7,83.33,21.99,2.49,0.87
2007-04-03,3.49,27.84,77.29,17.83,2.12,0.87
2007-04-04,0.84,27.67,77.15,23.48,1.99,0.86
2007-04-05,0.81,27.33,80.0,22.56,1.14,0.85
2007-04-06,0.35,27.83,77.99,22.71,1.35,0.85
2007-04-07,0.17,27.95,79.28,23.83,1.98,0.84
2007-04-08,0.13,28.4,73.82,18.92,2.22,0.83
2007-04-09,0.15,28.38,72.74,22.42,1.76,0.82
2007-04-10,0.06,28.1,77.72,22.47,1.89,0.81
2007-04-11,6.43,27.86,83.37,13.17,2.27,0.82
2007-04-12,4.11,27.44,86.1,12.47,5.2,0.82
2007-04-13,2.36,27.26,84.24,17.83,2.95,0.82
2007-04-14,0.89,27.57,84.28,22.12,1.92,0.82
2007-04-15,4.18,28.14,79.45,21.02,1.83,0.81
2007-04-16,0.61,28.14,75.71,18.67,1.55,0.81
2007-04-17,0.27,27.61,79.67,20.98,2.46,0.8
2007-04-18,11.34,27.95,79.96,15.41,1.98,0.8
2007-04-19,7.33,27.83,81.86,12.04,1.49,0.81
2007-04-20,10.26,27.59,82.54,18.13,2.43,0.82
2007-04-21,5.08,27.53,80.19,20.49,2.67,0.83
2007-04-22,0.11,27.3,73.17,20.18,2.62,0.82
2007-04-23,0.01,27.55,74.36,12.08,2.94,0.81
2007-04-24,0.02,27.77,74.73,19.51,3.66,0.8
2007-04-25,0.01,27.37,74.7,21.99,2.78,0.79
2007-04-26,0.0,27.65,76.92,22.96,2.88,0.78
2007-04-27,0.21,27.43,77.05,19.36,2.82,0.77
2007-04-28,0.0,27.37,73.93,21.98,1.89,0.76
2007-04-29,0.0,27.17,73.78,22.74,1.68,0.75
2007-04-30,0.0,27.07,73.36,21.78,1.81,0.74
2007-05-01,0.03,27.11,73.05,21.64,2.0,0.73
2007-05-02,0.0,27.06,73.75,20.76,1.77,0.72
2007-05-03,0.0,27.01,79.49,21.4,2.12,0.71
2007-05-04,0.0,27.18,81.91,20.27,2.54,0.71
2007-05-05,0.01,27.36,78.51,22.61,2.9,0.7
2007-05-06,0.01,27.42,75.24,19.12,2.37,0.69
2007-05-07,0.16,27.43,77.61,18.78,2.39,0.68
2007-05-08,0.01,27.47,77.2,17.89,3.09,0.68
2007-05-09,0.02,27.36,73.74,22.52,2.87,0.67
2007-05-10,0.0,27.18,71.34,22.53,2.16,0.66
2007-05-11,0.0,27.36,71.18,21.97,1.21,0.65
2007-05-12,0.0,27.16,70.91,19.03,2.09,0.65
2007-05-13,0.0,27.25,69.78,20.78,1.72,0.64
2007-05-14,0.04,27.54,66.86,21.83,1.48,0.63
2007-05-15,0.0,27.76,68.86,20.98,1.36,0.62
2007-05-16,0.03,27.85,73.91,19.86,1.03,0.61
2007-05-17,0.01,28.05,75.57,19.73,1.3,0.61
2007-05-18,0.02,28.05,77.16,19.76,1.72,0.6
2007-05-19,0.03,28.46,75.98,20.84,1.89,0.6
2007-05-20,0.07,27.94,76.82,20.39,1.35,0.59
2007-05-21,0.0,27.72,75.04,21.46,1.76,0.58
2007-05-22,0.01,27.67,76.05,20.01,1.85,0.57
2007-05-23,0.09,27.98,73.58,20.13,2.75,0.57
2007-05-24,0.0,27.45,73.71,20.72,2.09,0.56
2007-05-25,0.0,27.65,71.87,21.12,1.89,0.55
2007-05-26,0.12,27.9,76.81,20.02,1.24,0.55
2007-05-27,1.98,27.54,79.4,18.72,1.29,0.54
2007-05-28,0.52,27.17,82.4,19.04,1.75,0.54
2007-05-29,0.17,27.81,77.05,16.13,2.06,0.54
2007-05-30,0.05,28.35,70.93,19.89,2.59,0.54
2007-05-31,0.0,28.2,73.75,19.33,2.55,0.53
2007-06-01,0.09,28.02,79.16,19.14,2.57,0.53
2007-06-02,0.15,27.82,79.65,18.62,2.88,0.52
2007-06-03,0.08,28.03,74.44,13.31,2.35,0.52
2007-06-04,0.72,28.01,74.69,18.75,2.53,0.52
2007-06-05,0.28,28.06,76.39,19.95,3.15,0.51
2007-06-06,5.43,27.82,78.07,18.78,3.51,0.51
2007-06-07,4.44,27.99,79.62,16.41,2.58,0.52
2007-06-08,0.79,28.0,76.15,17.89,3.69,0.52
2007-06-09,0.01,27.0,71.87,18.94,3.72,0.51
2007-06-10,0.01,26.58,70.89,16.06,3.19,0.51
2007-06-11,0.03,26.89,72.73,18.35,3.4,0.5
2007-06-12,0.0,27.17,71.52,14.28,3.46,0.5
2007-06-13,0.0,27.45,70.99,19.07,3.71,0.49
2007-06-14,0.0,27.02,73.2,19.22,3.71,0.49
2007-06-15,0.0,27.09,72.76,18.51,3.35,0.48
2007-06-16,0.0,27.27,74.13,18.79,3.13,0.48
2007-06-17,0.02,26.88,80.5,14.36,4.42,0.48
2007-06-18,0.29,26.73,81.04,12.42,4.89,0.47
2007-06-19,0.41,26.53,80.85,9.92,4.26,0.47
2007-06-20,0.48,27.19,78.4,17.54,2.43,0.47
2007-06-21,1.82,27.43,80.93,16.74,2.73,0.47
2007-06-22,1.06,27.89,78.34,16.24,2.84,0.47
2007-06-23,2.14,27.59,81.4,15.52,3.35,0.47
2007-06-24,1.07,27.73,78.99,15.86,2.27,0.46
2007-06-25,7.81,27.14,82.68,15.79,2.57,0.47
2007-06-26,29.97,27.18,83.57,14.86,3.41,0.5
2007-06-27,1.75,26.87,77.7,16.87,5.36,0.52
2007-06-28,0.29,26.08,74.6,15.31,3.77,0.52
2007-06-29,0.16,25.69,76.92,14.63,3.45,0.51
2007-06-30,0.1,25.87,74.61,18.22,2.76,0.51
2007-07-01,0.02,25.44,74.73,13.91,2.56,0.5
2007-07-02,0.02,25.83,72.02,17.08,2.67,0.5
2007-07-03,0.01,26.11,73.16,14.74,2.75,0.49
2007-07-04,0.02,26.33,72.57,19.54,3.4,0.49
2007-07-05,0.0,25.84,67.79,20.11,3.35,0.48
2007-07-06,0.0,25.61,67.74,19.61,2.61,0.48
2007-07-07,0.0,25.46,66.02,20.96,3.29,0.47
2007-07-08,0.0,25.21,69.62,20.74,3.57,0.47
2007-07-09,0.0,25.17,66.5,20.36,3.69,0.47
2007-07-10,0.0,25.17,70.82,18.22,3.59,0.46
2007-07-11,0.0,25.09,71.01,18.82,3.32,0.46
2007-07-12,0.01,25.62,67.94,16.97,3.12,0.46
2007-07-13,0.0,26.11,70.53,16.65,3.24,0.45
2007-07-14,0.01,26.28,75.27,14.97,3.04,0.45
2007-07-15,0.19,26.67,75.32,19.18,2.75,0.45
2007-07-16,1.38,26.85,76.37,17.77,2.63,0.44
2007-07-17,2.08,27.12,76.23,14.09,4.3,0.45
2007-07-18,0.04,26.49,73.25,20.57,3.72,0.44
2007-07-19,0.12,26.44,73.27,20.4,4.45,0.44
2007-07-20,0.0,26.76,71.1,20.0,4.58,0.44
2007-07-21,0.0,26.36,69.65,20.61,4.9,0.43
2007-07-22,0.01,25.83,68.17,21.1,4.35,0.43
2007-07-23,0.02,25.51,70.97,20.24,3.24,0.43
2007-07-24,0.0,25.85,72.47,19.77,3.01,0.42
2007-07-25,0.0,26.16,71.95,19.91,3.3,0.42
2007-07-26,0.0,26.05,69.74,20.54,2.78,0.42
2007-07-27,0.0,26.36,67.06,21.06,2.03,0.41
2007-07-28,0.02,26.39,69.93,17.51,1.93,0.41
2007-07-29,0.0,25.89,70.94,20.87,2.52,0.41
2007-07-30,0.0,25.87,66.43,21.81,2.64,0.4
2007-07-31,0.0,25.67,64.83,21.64,2.14,0.4
2007-08-01,0.0,25.46,65.65,20.03,2.15,0.4
2007-08-02,0.0,25.56,64.47,21.33,2.21,0.4
2007-08-03,0.01,25.39,69.95,19.34,3.06,0.39
2007-08-04,0.0,26.15,60.73,21.22,2.03,0.39
2007-08-05,0.0,26.71,68.29,21.03,3.12,0.39
2007-08-06,0.03,26.17,67.18,21.76,3.81,0.39
2007-08-07,0.07,25.66,71.03,19.91,3.89,0.38
2007-08-08,0.02,25.69,71.05,18.09,3.34,0.38
2007-08-09,0.01,26.06,67.35,21.83,3.38,0.38
2007-08-10,0.0,26.29,68.22,19.08,2.79,0.38
2007-08-11,0.0,26.3,73.12,21.15,2.66,0.37
2007-08-12,0.0,26.74,73.91,21.58,2.08,0.37
2007-08-13,0.0,26.71,71.82,22.55,2.16,0.37
2007-08-14,0.0,26.67,71.96,22.59,1.89,0.36
2007-08-15,0.18,26.48,74.11,19.88,3.45,0.36
2007-08-16,0.11,26.67,76.25,20.41,3.71,0.36
2007-08-17,1.21,26.59,74.47,14.98,4.39,0.36
2007-08-18,7.81,26.15,78.85,14.88,3.91,0.37
2007-08-19,0.21,26.66,74.16,17.56,3.83,0.37
2007-08-20,0.0,26.68,72.17,20.87,3.42,0.37
2007-08-21,0.0,26.57,70.4,20.73,2.62,0.36
2007-08-22,0.0,26.9,68.57,22.88,2.74,0.36
2007-08-23,0.0,26.6,66.98,22.42,2.58,0.36
2007-08-24,0.0,26.21,66.09,23.21,2.91,0.36
2007-08-25,0.0,25.96,62.17,24.29,2.71,0.35
2007-08-26,0.0,25.84,60.39,23.91,2.11,0.35
2007-08-27,0.0,25.92,66.85,23.79,2.38,0.35
2007-08-28,0.0,26.57,67.86,23.77,2.13,0.35
2007-08-29,0.0,26.77,68.82,23.86,2.94,0.35
2007-08-30,0.0,26.75,67.82,24.1,2.41,0.35
2007-08-31,0.0,26.99,62.76,24.31,2.85,0.34
2007-09-01,0.0,26.92,71.25,24.29,3.6,0.34
2007-09-02,0.01,26.93,73.13,23.78,2.93,0.34
2007-09-03,0.02,27.12,72.31,23.6,2.72,0.34
2007-09-04,0.01,27.19,74.13,23.75,2.41,0.34
2007-09-05,0.1,27.28,69.97,23.06,2.11,0.34
2007-09-06,0.0,27.19,66.17,24.97,1.65,0.34
2007-09-07,0.0,26.91,66.28,23.47,1.89,0.33
2007-09-08,0.0,26.45,65.74,24.03,1.66,0.33
2007-09-09,0.0,26.58,61.85,21.96,2.06,0.33
2007-09-10,0.0,26.92,59.38,24.98,2.61,0.33
2007-09-11,0.0,26.86,61.92,24.86,1.37,0.33
2007-09-12,0.0,26.88,61.38,25.02,1.5,0.33
2007-09-13,0.0,27.0,65.79,23.36,1.53,0.33
2007-09-14,0.0,27.33,64.83,24.89,1.74,0.33
2007-09-15,0.0,27.08,66.85,24.21,2.72,0.33
2007-09-16,0.0,27.62,65.83,24.87,1.75,0.33
2007-09-17,0.0,27.41,69.81,23.72,2.25,0.33
2007-09-18,0.0,27.36,69.71,24.02,3.38,0.33
2007-09-19,0.0,27.31,71.71,24.88,3.54,0.33
2007-09-20,0.0,26.85,73.87,13.41,3.83,0.33
2007-09-21,0.0,27.26,73.23,24.28,2.01,0.33
2007-09-22,0.0,27.61,71.05,25.5,1.71,0.33
2007-09-23,0.0,27.78,70.47,24.73,1.49,0.33
2007-09-24,0.0,27.86,68.01,25.24,1.28,0.33
2007-09-25,0.0,27.83,69.7,25.26,1.97,0.33
2007-09-26,0.0,27.82,67.57,26.03,2.17,0.33
2007-09-27,0.0,27.76,66.24,23.35,1.57,0.33
2007-09-28,0.0,28.07,67.14,25.27,1.97,0.33
2007-09-29,0.0,28.17,69.56,24.22,2.3,0.32
2007-09-30,0.01,28.23,68.73,24.31,2.4,0.32
2007-10-01,0.0,28.47,66.69,25.98,1.64,0.32
2007-10-02,0.0,28.29,63.72,25.72,1.07,0.32
2007-10-03,0.0,28.16,69.65,25.94,2.01,0.32
2007-10-04,0.0,28.41,70.1,25.36,2.03,0.32
2007-10-05,0.0,28.59,68.18,24.43,1.3,0.32
2007-10-06,0.0,28.59,69.2,25.23,0.98,0.32
2007-10-07,0.0,29.02,68.64,24.34,1.14,0.32
2007-10-08,0.03,28.72,69.16,24.29,1.58,0.32
2007-10-09,0.11,28.46,71.68,25.74,2.95,0.32
2007-10-10,0.0,28.04,71.66,24.5,3.57,0.32
2007-10-11,0.04,27.86,73.08,23.17,3.63,0.32
2007-10-12,0.05,27.64,75.48,24.09,3.94,0.32
2007-10-13,0.01,27.98,74.53,25.12,3.86,0.32
2007-10-14,0.01,28.15,72.81,25.65,2.82,0.32
2007-10-15,0.03,28.75,68.21,25.47,1.79,0.32
2007-10-16,0.02,28.5,70.82,24.97,2.2,0.32
2007-10-17,0.15,28.51,71.57,25.4,2.2,0.32
2007-10-18,0.18,28.69,69.36,25.45,0.94,0.32
2007-10-19,0.07,29.09,66.67,25.21,0.97,0.33
2007-10-20,0.03,28.91,66.89,25.73,1.92,0.33
2007-10-21,0.0,28.85,64.6,25.36,1.61,0.32
2007-10-22,0.0,29.16,61.6,25.82,1.07,0.32
2007-10-23,0.02,29.33,63.51,26.32,1.1,0.32
2007-10-24,0.11,29.75,62.88,25.58,1.25,0.32
2007-10-25,0.02,29.77,61.53,25.25,1.3,0.32
2007-10-26,0.01,29.71,64.63,26.78,1.71,0.32
2007-10-27,0.08,29.59,65.12,24.62,1.0,0.32
2007-10-28,0.01,29.21,68.09,24.74,2.07,0.32
2007-10-29,0.05,29.69,67.43,25.59,1.51,0.32
2007-10-30,0.59,29.29,68.59,24.14,1.21,0.33
2007-10-31,2.81,29.07,70.57,20.75,1.54,0.33
2007-11-01,4.95,28.41,74.68,23.13,1.38,0.34
2007-11-02,0.86,28.99,70.23,18.77,1.21,0.34
2007-11-03,0.18,29.03,67.85,20.62,0.8,0.34
2007-11-04,0.31,28.91,69.59,22.05,1.09,0.33
2007-11-05,0.58,29.13,69.79,23.67,1.52,0.33
2007-11-06,1.92,29.29,69.62,22.25,1.61,0.33
2007-11-07,0.2,29.66,65.74,25.42,1.17,0.33
2007-11-08,0.0,29.85,63.31,26.33,1.2,0.33
2007-11-09,0.02,30.13,63.32,26.65,1.35,0.33
2007-11-10,0.18,29.96,64.02,25.51,1.47,0.33
2007-11-11,0.49,29.63,68.0,22.54,2.4,0.33
2007-11-12,19.6,29.04,71.66,23.37,2.04,0.35
2007-11-13,11.48,28.34,73.74,21.46,1.01,0.38
2007-11-14,4.12,28.92,74.86,24.74,2.7,0.38
2007-11-15,1.71,28.95,76.91,20.81,2.18,0.38
2007-11-16,1.17,29.26,72.46,24.2,2.63,0.38
2007-11-17,0.75,29.42,72.81,25.18,3.29,0.38
2007-11-18,0.21,29.27,72.14,25.26,2.98,0.38
2007-11-19,0.36,29.58,70.87,26.23,3.17,0.38
2007-11-20,0.32,29.37,72.89,26.66,3.7,0.37
2007-11-21,1.55,29.17,73.99,25.11,3.89,0.37
2007-11-22,2.82,28.82,76.42,18.52,3.64,0.37
2007-11-23,5.05,28.02,81.1,14.7,3.76,0.38
2007-11-24,2.3,28.47,78.97,19.82,2.77,0.39
2007-11-25,0.32,28.28,76.0,23.54,0.91,0.39
2007-11-26,4.04,28.32,75.7,23.06,2.04,0.39
2007-11-27,1.43,29.24,70.62,26.08,2.68,0.39
2007-11-28,0.18,29.33,68.94,24.74,1.66,0.39
2007-11-29,0.19,28.93,71.41,25.95,2.33,0.38
2007-11-30,2.79,28.91,73.05,23.18,1.92,0.38
2007-12-01,1.33,28.54,75.31,13.61,1.71,0.39
2007-12-02,0.12,29.06,71.29,25.43,1.7,0.39
2007-12-03,0.47,29.09,72.99,26.57,2.73,0.38
2007-12-04,0.39,28.93,74.52,25.5,2.32,0.38
2007-12-05,1.08,28.59,68.25,25.33,2.21,0.38
2007-12-06,7.58,28.28,77.57,21.97,1.84,0.39
2007-12-07,5.93,28.75,77.46,22.92,1.8,0.4
2007-12-08,0.61,29.17,71.54,21.52,0.57,0.4
2007-12-09,0.46,29.1,70.96,19.89,0.82,0.4
2007-12-10,1.42,28.95,72.14,22.19,0.82,0.4
2007-12-11,8.17,28.93,74.08,23.58,1.19,0.41
2007-12-12,4.88,28.54,77.08,19.51,1.2,0.42
2007-12-13,0.53,29.35,71.18,25.43,1.09,0.42
2007-12-14,0.68,30.15,65.2,24.82,0.67,0.42
2007-12-15,1.19,30.0,67.83,21.08,1.33,0.42
2007-12-16,3.79,29.62,69.28,24.18,1.47,0.42
2007-12-17,5.71,28.72,74.36,19.67,1.05,0.42
2007-12-18,21.35,28.41,81.53,12.08,2.91,0.44
2007-12-19,18.71,27.87,79.9,18.37,2.21,0.49
2007-12-20,8.97,28.58,77.48,16.36,4.16,0.5
2007-12-21,4.49,28.7,76.22,16.92,2.26,0.51
2007-12-22,19.71,28.86,79.69,19.26,3.5,0.52
2007-12-23,42.75,27.97,85.16,11.18,3.61,0.58
2007-12-24,30.4,27.71,83.29,13.48,3.39,0.64
2007-12-25,3.2,28.27,81.17,19.38,3.0,0.65
2007-12-26,46.82,28.26,84.08,13.88,2.96,0.67
2007-12-27,37.4,28.18,86.43,5.34,6.41,0.76
2007-12-28,10.76,28.47,82.06,11.3,6.61,0.77
2007-12-29,42.11,28.24,83.15,8.84,6.15,0.81
2007-12-30,19.86,28.0,83.62,7.53,6.02,0.84
2007-12-31,26.33,27.72,82.51,14.05,4.31,0.86
2008-01-01,24.09,27.44,82.14,14.9,4.34,0.89
2008-01-02,11.94,27.95,83.08,17.81,4.81,0.9
2008-01-03,7.0,27.49,81.28,19.6,6.58,0.9
2008-01-04,15.3,27.35,84.45,18.73,6.47,0.9
2008-01-05,3.53,27.33,82.07,22.33,4.96,0.9
2008-01-06,1.24,27.71,80.86,23.46,3.64,0.9
2008-01-07,1.47,27.72,79.16,24.03,3.35,0.89
2008-01-08,1.11,27.53,80.68,22.96,3.18,0.88
2008-01-09,0.46,27.62,81.38,22.1,3.38,0.87
2008-01-10,6.0,27.63,81.77,21.99,3.35,0.87
2008-01-11,6.07,27.55,83.9,23.15,3.59,0.87
2008-01-12,10.57,27.6,83.64,14.32,4.15,0.88
2008-01-13,4.31,27.62,81.16,23.0,3.8,0.88
2008-01-14,2.18,27.79,82.11,21.6,4.68,0.87
2008-01-15,9.52,27.66,84.45,12.28,4.46,0.87
2008-01-16,7.57,27.28,85.08,16.47,4.73,0.88
2008-01-17,3.96,27.3,83.38,17.92,3.96,0.88
2008-01-18,0.31,27.26,81.49,22.17,3.56,0.88
2008-01-19,0.33,27.7,81.07,21.94,2.84,0.87
2008-01-20,0.41,27.42,83.51,24.99,3.29,0.86
2008-01-21,1.73,27.93,78.14,26.04,2.88,0.86
2008-01-22,2.03,27.96,78.77,26.5,2.41,0.85
2008-01-23,2.36,28.15,75.29,22.2,0.79,0.85
2008-01-24,1.01,28.15,76.18,24.79,1.25,0.84
2008-01-25,1.28,28.36,78.43,24.72,1.93,0.83
2008-01-26,5.53,28.22,80.67,22.25,2.22,0.83
2008-01-27,3.57,28.48,78.73,20.68,2.07,0.83
2008-01-28,0.8,28.5,77.21,22.05,2.26,0.83
2008-01-29,1.14,28.02,82.29,22.11,2.49,0.82
2008-01-30,1.66,27.84,83.3,18.98,2.8,0.82
2008-01-31,1.57,27.98,82.76,24.14,2.25,0.82
2008-02-01,1.16,28.26,84.82,24.45,2.38,0.82
2008-02-02,5.8,28.28,82.91,16.65,1.78,0.82
2008-02-03,7.72,27.67,82.96,17.68,3.4,0.82
2008-02-04,8.37,27.66,81.62,15.83,2.7,0.83
2008-02-05,11.66,27.85,83.98,17.37,4.74,0.84
2008-02-06,23.67,27.5,85.24,19.55,4.82,0.86
2008-02-07,29.2,27.46,84.61,12.86,4.2,0.89
2008-02-08,45.26,27.66,85.43,13.16,4.92,0.93
2008-02-09,43.15,27.61,86.2,11.62,5.53,0.96
2008-02-10,21.28,27.36,86.16,13.71,6.22,0.98
2008-02-11,13.26,27.89,83.74,15.71,7.95,0.98
2008-02-12,16.53,27.79,84.76,13.12,7.63,0.98
2008-02-13,31.82,27.6,84.63,14.14,7.64,0.98
2008-02-14,15.41,27.22,86.71,13.0,6.96,0.99
2008-02-15,27.48,26.98,86.49,11.76,7.67,0.99
2008-02-16,25.42,26.97,85.62,11.9,6.46,1.0
2008-02-17,5.06,27.32,84.68,14.84,4.99,0.99
2008-02-18,3.31,27.44,82.9,15.65,3.91,0.99
2008-02-19,7.95,27.08,86.27,16.44,3.88,0.98
2008-02-20,16.97,26.98,86.51,9.87,4.13,0.99
2008-02-21,12.31,27.0,84.48,14.43,4.54,0.99
2008-02-22,14.39,27.01,86.15,10.93,4.89,0.99
2008-02-23,9.98,26.83,86.03,18.3,3.87,0.99
2008-02-24,5.2,27.01,84.94,20.86,3.3,0.99
2008-02-25,9.1,27.07,82.44,22.31,2.13,0.98
2008-02-26,11.85,26.54,83.26,20.03,1.83,0.99
2008-02-27,0.52,27.59,78.42,22.75,2.28,0.98
2008-02-28,0.43,27.22,81.4,22.06,2.49,0.97
2008-02-29,0.27,27.52,80.21,25.2,2.71,0.97
2008-03-01,0.53,27.61,81.57,22.3,2.9,0.96
2008-03-02,2.98,27.24,84.01,18.31,3.09,0.96
2008-03-03,2.44,26.68,83.78,23.28,1.57,0.96
2008-03-04,0.28,27.16,82.08,24.01,1.98,0.95
2008-03-05,0.6,27.25,80.05,22.87,2.3,0.95
2008-03-06,7.18,27.34,81.41,21.55,1.95,0.94
2008-03-07,3.42,27.07,84.48,20.89,2.25,0.94
2008-03-08,4.6,27.46,80.85,20.95,1.89,0.94
2008-03-09,4.81,27.2,79.02,21.71,1.02,0.94
2008-03-10,0.97,26.85,81.25,24.92,1.49,0.94
2008-03-11,0.3,27.64,78.25,23.82,1.17,0.93
2008-03-12,0.31,28.06,77.18,23.09,1.18,0.92
2008-03-13,0.96,28.12,77.39,24.55,1.17,0.92
2008-03-14,1.07,28.16,75.19,24.55,1.0,0.91
2008-03-15,11.1,27.36,82.65,23.13,1.91,0.91
2008-03-16,8.19,27.16,80.24,19.88,1.27,0.92
2008-03-17,3.52,27.4,79.07,21.8,1.16,0.92
2008-03-18,0.48,28.01,78.19,23.66,1.26,0.92
2008-03-19,0.45,27.95,78.03,24.13,1.57,0.91
2008-03-20,5.0,27.8,82.33,20.94,1.77,0.91
2008-03-21,10.66,27.7,82.19,13.35,1.45,0.92
2008-03-22,5.25,27.55,79.48,19.11,1.66,0.92
2008-03-23,4.14,27.49,80.22,21.7,1.73,0.92
2008-03-24,3.72,27.67,80.69,23.12,2.21,0.92
2008-03-25,2.29,28.34,73.13,19.35,1.38,0.91
2008-03-26,2.86,27.84,77.7,20.67,1.65,0.91
2008-03-27,4.16,27.21,84.29,17.99,2.65,0.9
2008-03-28,8.19,26.97,80.18,17.4,1.97,0.91
2008-03-29,15.0,27.27,82.03,18.39,2.93,0.92
2008-03-30,11.61,27.25,83.92,22.07,3.51,0.92
2008-03-31,6.64,27.24,79.54,19.33,1.72,0.93
2008-04-01,1.04,27.14,80.35,21.22,1.3,0.92
2008-04-02,2.4,27.03,79.89,21.29,1.84,0.92
2008-04-03,1.43,26.86,84.4,19.44,2.0,0.92
2008-04-04,0.66,26.74,81.06,18.69,0.78,0.91
2008-04-05,1.74,26.55,84.44,15.93,1.22,0.91
2008-04-06,2.52,27.0,82.67,20.43,2.19,0.91
2008-04-07,1.89,27.96,74.98,22.36,2.09,0.9
2008-04-08,1.93,28.2,75.28,23.05,2.78,0.9
2008-04-09,0.53,28.1,73.93,24.32,2.92,0.89
2008-04-10,0.02,27.88,72.34,23.25,2.87,0.88
2008-04-11,0.39,27.9,74.88,23.73,2.54,0.87
2008-04-12,0.04,27.77,74.12,21.53,3.1,0.86
2008-04-13,0.48,27.62,72.52,24.24,2.86,0.85
2008-04-14,0.07,27.57,71.9,23.01,2.94,0.84
2008-04-15,0.05,27.9,72.21,17.41,3.51,0.83
2008-04-16,0.19,27.48,71.92,19.79,3.12,0.82
2008-04-17,0.34,27.75,75.81,19.67,2.36,0.81
2008-04-18,1.33,27.48,75.2,18.87,2.42,0.8
2008-04-19,2.95,27.25,76.02,20.29,2.78,0.8
2008-04-20,1.3,27.28,75.0,19.53,2.91,0.79
2008-04-21,0.48,27.8,71.22,19.96,2.5,0.79
2008-04-22,0.0,28.18,69.12,20.83,2.42,0.78
2008-04-23,0.04,27.77,72.27,20.55,2.55,0.77
2008-04-24,0.3,27.53,72.99,19.43,2.39,0.76
2008-04-25,0.63,27.38,74.59,22.23,2.45,0.75
2008-04-26,0.11,27.14,72.07,22.68,2.42,0.74
2008-04-27,0.06,26.92,72.27,21.37,1.25,0.73
2008-04-28,0.11,27.13,74.47,21.82,2.22,0.72
2008-04-29,0.0,27.89,74.2,22.39,2.42,0.71
2008-04-30,0.0,27.9,74.8,21.47,2.39,0.7
2008-05-01,0.09,27.62,75.41,17.19,1.81,0.7
2008-05-02,0.01,27.47,76.8,17.48,1.74,0.69
2008-05-03,0.29,27.72,77.25,21.01,1.91,0.68
2008-05-04,1.32,27.66,74.73,20.07,2.05,0.68
2008-05-05,0.25,27.58,72.44,22.25,2.69,0.67
2008-05-06,0.0,27.55,71.27,21.13,2.94,0.66
2008-05-07,0.02,27.47,69.18,21.3,2.96,0.65
2008-05-08,0.0,27.18,69.67,21.74,3.4,0.65
2008-05-09,0.0,27.06,67.9,21.85,3.6,0.64
2008-05-10,0.01,27.22,68.98,20.14,3.02,0.63
2008-05-11,0.01,27.0,70.59,20.93,3.21,0.62
2008-05-12,0.0,26.88,70.12,18.92,2.82,0.61
2008-05-13,0.01,27.22,67.06,20.51,2.49,0.6
2008-05-14,0.15,27.47,72.13,18.06,2.21,0.6
2008-05-15,7.53,27.46,77.95,19.37,2.79,0.6
2008-05-16,0.51,27.53,74.91,20.29,2.57,0.6
2008-05-17,1.34,27.76,74.22,19.77,2.67,0.6
2008-05-18,0.0,27.8,71.68,20.66,2.61,0.59
2008-05-19,0.04,27.96,72.4,19.94,3.37,0.58
2008-05-20,0.0,27.46,73.97,18.31,3.22,0.57
2008-05-21,0.3,27.25,75.43,12.2,2.92,0.57
2008-05-22,0.28,26.37,77.59,12.64,2.75,0.56
2008-05-23,0.05,26.97,72.43,19.5,2.74,0.55
2008-05-24,0.29,26.67,75.72,19.96,2.89,0.55
2008-05-25,1.26,27.21,71.82,20.43,2.8,0.55
2008-05-26,2.1,26.88,75.82,17.84,2.89,0.54
2008-05-27,0.08,27.62,71.96,19.71,4.12,0.54
2008-05-28,0.0,27.27,69.84,18.14,4.83,0.53
2008-05-29,0.0,27.01,68.13,19.6,4.42,0.53
2008-05-30,0.0,26.91,72.56,19.89,3.79,0.52
2008-05-31,0.01,26.8,72.13,19.71,3.74,0.52
2008-06-01,0.02,26.54,69.86,19.03,3.35,0.51
2008-06-02,0.0,26.39,69.46,19.47,2.69,0.51
2008-06-03,0.0,26.42,65.46,19.6,2.4,0.5
2008-06-04,0.0,26.11,69.31,19.64,2.28,0.5
2008-06-05,0.0,26.24,72.55,18.6,2.79,0.49
2008-06-06,0.09,26.96,74.52,14.9,2.23,0.49
2008-06-07,0.06,26.92,78.7,18.14,2.45,0.48
2008-06-08,0.99,27.5,78.03,18.01,3.05,0.48
2008-06-09,0.66,27.5,75.69,17.84,2.33,0.48
2008-06-10,4.2,27.33,77.86,17.26,2.34,0.48
2008-06-11,1.4,27.31,73.72,17.03,3.0,0.48
2008-06-12,0.13,27.11,71.72,19.18,2.72,0.48
2008-06-13,0.46,27.46,72.5,17.65,3.64,0.47
2008-06-14,0.07,27.27,67.96,19.01,2.92,0.47
2008-06-15,0.02,26.71,71.63,18.91,2.59,0.46
2008-06-16,0.03,26.61,70.76,19.61,1.79,0.46
2008-06-17,0.19,26.52,69.1,20.05,1.46,0.46
2008-06-18,0.02,26.65,68.71,20.15,2.3,0.45
2008-06-19,0.0,26.6,69.01,20.04,1.94,0.45
2008-06-20,0.0,26.68,68.13,20.4,2.49,0.45
2008-06-21,1.2,26.28,73.15,17.6,4.83,0.44
2008-06-22,0.0,26.4,65.9,19.79,4.46,0.44
2008-06-23,0.67,26.5,72.16,16.62,4.39,0.44
2008-06-24,0.81,26.75,72.87,11.13,3.92,0.44
2008-06-25,0.0,26.6,69.86,17.34,4.0,0.44
2008-06-26,0.24,25.94,72.1,19.52,2.96,0.43
2008-06-27,0.12,26.28,66.18,19.56,2.19,0.43
2008-06-28,0.01,26.33,67.41,20.17,2.05,0.43
2008-06-29,0.09,26.78,68.44,20.16,2.03,0.42
2008-06-30,0.39,26.51,73.59,19.02,2.44,0.42
2008-07-01,0.0,26.77,70.85,19.53,2.69,0.42
2008-07-02,0.0,26.97,69.17,20.07,2.56,0.42
2008-07-03,0.01,26.67,67.49,20.28,3.37,0.41
2008-07-04,0.0,26.32,69.15,19.26,3.25,0.41
2008-07-05,0.0,26.27,66.59,19.66,3.4,0.41
2008-07-06,0.01,26.02,66.83,16.08,2.74,0.4
2008-07-07,0.03,26.38,65.73,16.55,3.69,0.4
2008-07-08,0.0,26.54,66.72,20.52,5.23,0.4
2008-07-09,0.0,26.38,64.9,20.34,4.8,0.4
2008-07-10,0.0,25.65,70.69,19.85,3.53,0.39
2008-07-11,0.0,26.07,69.05,19.13,3.14,0.39
2008-07-12,0.0,26.27,70.77,20.08,2.61,0.39
2008-07-13,0.05,26.52,68.42,18.43,2.99,0.39
2008-07-14,0.0,26.41,65.35,20.89,2.95,0.38
2008-07-15,0.0,26.45,63.25,21.52,2.56,0.38
2008-07-16,0.0,26.34,68.32,21.17,2.43,0.38
2008-07-17,0.0,26.55,67.78,21.45,2.64,0.38
2008-07-18,0.0,26.37,64.82,20.65,2.01,0.37
2008-07-19,0.0,26.26,72.13,20.41,3.37,0.37
2008-07-20,0.02,26.34,73.83,18.8,4.76,0.37
2008-07-21,0.07,26.26,75.07,17.52,4.66,0.37
2008-07-22,0.01,26.66,71.58,19.75,4.53,0.37
2008-07-23,0.0,26.8,67.46,19.53,3.71,0.36
2008-07-24,0.0,25.92,69.87,18.6,4.03,0.36
2008-07-25,0.01,25.48,69.52,19.82,2.92,0.36
2008-07-26,0.0,25.23,70.27,17.74,2.79,0.36
2008-07-27,0.0,25.17,74.4,20.1,2.7,0.35
2008-07-28,0.0,25.29,72.15,20.67,2.28,0.35
2008-07-29,0.0,25.46,68.28,22.26,1.15,0.35
2008-07-30,0.0,25.85,67.33,19.92,1.63,0.35
2008-07-31,0.0,25.88,64.72,18.23,1.86,0.35
2008-08-01,0.0,25.74,65.71,21.23,1.94,0.34
2008-08-02,0.07,26.36,65.53,21.55,2.32,0.34
2008-08-03,0.0,26.12,66.22,21.8,3.37,0.34
2008-08-04,0.0,26.07,68.99,21.86,3.33,0.34
2008-08-05,0.0,26.35,65.62,22.56,2.67,0.34
2008-08-06,0.0,26.25,65.17,23.0,3.0,0.34
2008-08-07,0.02,26.35,66.72,22.24,4.24,0.33
2008-08-08,0.0,26.38,64.33,21.71,4.2,0.33
2008-08-09,0.0,25.94,64.13,22.29,2.88,0.33
2008-08-10,0.05,26.33,66.04,22.31,2.88,0.33
2008-08-11,0.0,26.71,65.71,19.82,1.92,0.33
2008-08-12,0.0,26.55,66.94,21.23,2.26,0.33
2008-08-13,0.0,26.94,65.65,20.36,2.91,0.33
2008-08-14,0.0,26.52,66.45,20.83,2.66,0.33
2008-08-15,0.0,26.61,66.05,20.8,2.49,0.33
2008-08-16,0.0,26.7,66.03,21.01,2.13,0.33
2008-08-17,0.07,26.69,67.44,19.25,3.59,0.33
2008-08-18,0.0,26.25,62.73,22.44,4.1,0.33
2008-08-19,0.0,26.24,64.43,20.87,3.13,0.33
2008-08-20,0.0,26.54,67.03,19.64,2.26,0.33
2008-08-21,1.01,27.13,69.18,20.99,3.08,0.33
2008-08-22,0.02,27.43,68.55,23.03,3.27,0.33
2008-08-23,0.01,27.11,70.73,19.3,3.69,0.33
2008-08-24,0.0,26.96,68.72,17.84,3.64,0.33
2008-08-25,0.0,27.0,70.15,22.86,2.89,0.33
2008-08-26,0.0,27.32,72.43,22.06,2.36,0.33
2008-08-27,0.0,27.57,72.74,22.55,2.16,0.33
2008-08-28,0.04,27.59,72.61,21.88,1.87,0.33
2008-08-29,0.81,27.58,73.87,21.56,1.82,0.33
2008-08-30,0.1,27.68,72.15,21.92,1.85,0.33
2008-08-31,0.01,27.45,72.23,23.0,2.36,0.33
2008-09-01,0.01,27.64,72.21,22.33,2.18,0.33
2008-09-02,0.02,27.57,72.24,22.89,2.7,0.33
2008-09-03,0.0,27.48,72.09,24.26,3.52,0.33
2008-09-04,0.01,27.27,69.76,24.47,2.74,0.33
2008-09-05,0.15,27.6,68.7,22.48,1.33,0.33
2008-09-06,0.05,27.75,66.55,22.21,1.12,0.33
2008-09-07,0.04,27.5,70.48,23.31,1.63,0.33
2008-09-08,0.0,27.73,70.16,22.5,1.46,0.33
2008-09-09,0.05,27.48,73.69,22.66,1.85,0.33
2008-09-10,0.04,28.02,69.98,23.79,2.05,0.33
2008-09-11,0.0,27.78,66.42,24.29,1.66,0.33
2008-09-12,0.0,27.68,68.99,24.55,0.82,0.33
2008-09-13,0.0,27.68,67.23,24.74,2.0,0.33
2008-09-14,0.0,27.83,63.97,25.05,2.92,0.33
2008-09-15,0.01,27.69,66.42,18.96,1.25,0.33
2008-09-16,0.01,27.9,69.56,25.08,1.38,0.33
2008-09-17,0.15,28.06,69.36,25.47,1.57,0.33
2008-09-18,0.09,28.31,68.68,23.89,2.25,0.33
2008-09-19,0.13,28.17,71.6,24.4,2.59,0.33
2008-09-20,0.08,28.13,71.22,23.06,2.06,0.33
2008-09-21,0.03,27.83,73.8,24.55,2.99,0.33
2008-09-22,0.13,27.42,74.79,24.31,1.94,0.33
2008-09-23,0.01,28.16,69.73,25.42,1.89,0.33
2008-09-24,0.0,28.64,68.26,24.78,1.88,0.33
2008-09-25,0.02,28.74,68.29,22.79,2.45,0.33
2008-09-26,0.09,28.42,66.47,24.39,2.37,0.33
2008-09-27,0.03,28.23,64.79,23.61,3.01,0.33
2008-09-28,0.02,28.36,62.74,24.94,2.2,0.33
2008-09-29,0.03,28.13,66.04,24.76,1.16,0.33
2008-09-30,0.01,28.22,67.55,25.47,1.24,0.32
2008-10-01,0.0,28.42,68.5,25.25,1.06,0.32
2008-10-02,0.02,28.8,66.86,25.11,0.87,0.32
2008-10-03,0.08,28.65,70.36,24.2,1.13,0.32
2008-10-04,0.08,28.77,69.71,24.82,1.47,0.32
2008-10-05,0.57,28.92,67.68,24.01,1.86,0.33
2008-10-06,0.19,28.76,67.97,23.58,1.8,0.33
2008-10-07,5.54,28.64,70.5,22.89,1.19,0.33
2008-10-08,3.35,28.43,73.22,23.72,2.28,0.34
2008-10-09,5.27,28.71,67.08,24.32,1.59,0.34
2008-10-10,0.36,28.72,69.99,25.93,2.76,0.35
2008-10-11,0.41,28.95,69.43,25.44,2.07,0.34
2008-10-12,0.33,29.15,68.86,25.71,1.29,0.34
2008-10-13,0.03,28.79,70.17,26.07,1.98,0.34
2008-10-14,0.02,29.23,68.44,25.21,1.29,0.34
2008-10-15,0.25,29.04,67.96,26.24,1.33,0.33
2008-10-16,0.06,29.35,67.77,26.47,1.75,0.33
2008-10-17,0.96,29.24,68.66,25.74,1.26,0.33
2008-10-18,0.17,29.39,65.43,24.79,1.24,0.33
2008-10-19,0.03,29.74,64.03,25.42,2.12,0.33
2008-10-20,4.47,29.56,68.82,26.95,3.16,0.33
2008-10-21,6.46,29.47,67.13,26.96,2.31,0.34
2008-10-22,0.89,29.62,69.25,26.46,2.36,0.34
2008-10-23,0.38,29.55,67.05,21.72,2.0,0.34
2008-10-24,0.25,29.59,64.39,24.51,1.76,0.34
2008-10-25,9.76,29.45,66.6,24.24,1.2,0.35
2008-10-26,1.36,29.69,64.05,24.72,1.1,0.35
2008-10-27,1.12,29.81,62.73,21.84,1.67,0.35
2008-10-28,0.47,29.34,63.99,25.21,1.53,0.34
2008-10-29,0.88,28.89,64.0,17.21,2.8,0.34
2008-10-30,0.45,28.78,67.31,18.22,2.59,0.34
2008-10-31,4.22,28.3,72.79,18.51,1.51,0.34
2008-11-01,2.86,28.27,74.05,21.92,0.9,0.35
2008-11-02,0.26,29.26,69.69,25.82,2.05,0.35
2008-11-03,0.96,29.18,66.62,23.79,1.27,0.34
2008-11-04,0.45,29.5,64.54,26.5,0.98,0.34
2008-11-05,0.02,29.54,65.28,25.06,0.99,0.34
2008-11-06,0.03,29.69,64.9,25.27,0.88,0.33
2008-11-07,4.37,29.79,65.83,22.96,0.98,0.34
2008-11-08,0.9,28.71,70.48,22.29,1.58,0.34
2008-11-09,5.55,29.13,68.35,21.68,1.63,0.34
2008-11-10,2.52,29.77,66.87,23.99,1.4,0.35
2008-11-11,1.76,29.79,65.88,23.2,0.83,0.34
2008-11-12,6.17,29.3,69.55,24.04,1.1,0.35
2008-11-13,1.34,29.23,70.34,24.02,0.99,0.35
2008-11-14,0.29,29.48,68.4,24.62,0.86,0.35
2008-11-15,0.31,29.75,67.27,24.64,1.16,0.35
2008-11-16,8.12,29.41,70.03,21.38,1.91,0.35
2008-11-17,3.22,28.58,77.62,18.32,2.67,0.36
2008-11-18,0.66,28.54,75.2,22.17,1.75,0.36
2008-11-19,0.33,28.89,72.07,23.42,0.98,0.36
2008-11-20,0.53,29.73,71.05,24.62,1.96,0.36
2008-11-21,0.55,29.54,74.56,23.97,2.88,0.35
2008-11-22,2.9,29.5,72.38,18.41,1.59,0.36
2008-11-23,7.66,29.07,76.74,20.87,2.6,0.36
2008-11-24,2.68,28.55,78.76,20.23,3.21,0.37
2008-11-25,5.49,28.22,80.81,22.55,3.64,0.37
2008-11-26,8.24,27.75,83.16,14.05,2.72,0.39
2008-11-27,10.37,27.42,85.08,15.13,3.27,0.41
2008-11-28,6.49,28.16,77.11,19.98,2.17,0.42
2008-11-29,4.79,27.86,79.84,13.73,1.52,0.42
2008-11-30,3.76,27.92,79.25,17.01,2.25,0.43
2008-12-01,7.51,28.18,77.25,20.23,1.71,0.43
2008-12-02,21.7,27.26,86.68,9.66,2.92,0.47
2008-12-03,3.91,27.94,79.32,22.64,2.87,0.48
2008-12-04,4.09,28.09,77.07,20.16,1.44,0.48
2008-12-05,6.37,27.99,80.19,24.25,1.51,0.49
2008-12-06,3.99,28.53,76.97,23.1,0.88,0.49
2008-12-07,5.15,28.54,75.91,20.54,0.79,0.49
2008-12-08,16.52,27.96,79.94,13.77,1.92,0.51
2008-12-09,1.19,28.59,77.34,23.41,2.47,0.52
2008-12-10,1.94,28.28,79.01,15.61,2.21,0.52
2008-12-11,14.14,28.04,81.23,18.94,3.31,0.53
2008-12-12,10.7,27.91,78.6,15.63,2.44,0.55
2008-12-13,3.78,27.77,82.26,11.83,3.19,0.55
2008-12-14,4.61,27.85,80.85,19.13,2.84,0.56
2008-12-15,16.67,27.64,79.77,16.37,2.89,0.57
2008-12-16,18.56,27.58,83.52,16.89,3.27,0.6
2008-12-17,10.76,27.34,83.17,18.14,3.63,0.62
2008-12-18,3.86,27.74,80.49,17.6,3.04,0.62
2008-12-19,2.98,28.01,80.63,19.7,2.75,0.62
2008-12-20,8.46,27.66,83.02,18.91,2.84,0.62
2008-12-21,0.91,28.84,72.06,20.0,2.43,0.62
2008-12-22,13.19,28.26,77.35,19.33,2.47,0.62
2008-12-23,17.22,27.72,81.65,19.77,2.11,0.65
2008-12-24,8.43,27.59,82.89,24.46,2.94,0.67
2008-12-25,1.13,27.84,79.63,21.48,1.34,0.66
2008-12-26,1.14,28.24,75.74,24.78,1.99,0.66
2008-12-27,23.13,27.59,77.84,16.76,2.23,0.66
2008-12-28,9.76,27.81,76.4,22.5,2.19,0.69
2008-12-29,6.47,27.91,77.35,22.3,1.67,0.69
2008-12-30,27.66,27.23,83.75,12.15,3.15,0.71
2008-12-31,25.7,27.21,84.19,12.19,2.82,0.76
2009-01-01,11.19,27.22,81.76,15.78,3.71,0.77
2009-01-02,3.34,27.67,78.31,16.06,2.98,0.77
2009-01-03,2.55,27.8,78.87,13.91,2.36,0.77
2009-01-04,3.85,27.85,80.57,20.88,2.18,0.76
2009-01-05,1.94,27.89,80.03,20.29,2.92,0.76
2009-01-06,1.12,28.16,80.35,20.03,2.34,0.76
2009-01-07,1.64,28.34,81.76,23.75,2.47,0.76
2009-01-08,2.2,28.31,78.99,21.1,2.82,0.75
2009-01-09,5.25,28.13,79.95,22.18,3.39,0.75
2009-01-10,20.81,27.54,83.12,19.3,2.87,0.76
2009-01-11,7.86,26.88,82.17,11.82,3.55,0.78
2009-01-12,2.49,27.52,77.4,19.64,3.07,0.78
2009-01-13,6.23,27.46,83.07,17.66,3.58,0.78
2009-01-14,8.12,27.46,82.31,17.78,3.77,0.78
2009-01-15,60.87,27.35,84.58,13.74,4.78,0.83
2009-01-16,38.3,27.41,80.92,16.24,4.18,0.89
2009-01-17,7.93,27.72,79.1,18.68,4.46,0.91
2009-01-18,4.04,27.64,82.12,24.41,4.59,0.9
2009-01-19,2.38,27.71,81.29,24.36,3.87,0.89
2009-01-20,3.08,27.69,84.01,19.69,2.87,0.88
2009-01-21,2.62,27.59,85.49,22.48,2.83,0.88
2009-01-22,0.11,27.66,83.6,18.94,2.49,0.88
2009-01-23,0.08,27.56,81.6,20.12,2.12,0.87
2009-01-24,0.02,27.62,79.94,19.8,2.12,0.86
2009-01-25,0.05,27.73,78.72,21.93,2.09,0.86
2009-01-26,1.08,27.79,79.11,21.37,1.44,0.85
2009-01-27,10.2,27.9,81.08,20.29,2.66,0.85
2009-01-28,8.08,27.97,83.75,18.23,3.66,0.86
2009-01-29,17.8,27.87,84.93,17.17,3.42,0.87
2009-01-30,18.05,27.83,84.98,6.75,4.1,0.89
2009-01-31,8.35,27.95,79.37,15.77,3.47,0.9
2009-02-01,23.42,27.65,81.94,18.63,2.78,0.9
2009-02-02,39.31,27.58,85.08,18.61,4.22,0.94
2009-02-03,33.87,27.42,85.81,18.58,4.45,0.97
2009-02-04,4.62,27.68,84.81,20.01,5.93,0.97
2009-02-05,13.32,27.7,84.32,14.77,6.06,0.96
2009-02-06,16.32,27.58,83.41,11.09,7.0,0.97
2009-02-07,12.96,27.66,83.29,13.98,5.29,0.97
2009-02-08,8.58,27.39,83.44,11.43,4.12,0.97
2009-02-09,12.52,27.3,84.34,20.37,3.13,0.97
2009-02-10,12.45,27.12,86.8,13.08,4.42,0.98
2009-02-11,8.73,26.72,86.84,15.59,3.64,0.98
2009-02-12,6.7,27.39,85.98,19.19,5.09,0.98
2009-02-13,5.1,27.34,85.0,14.71,5.16,0.97
2009-02-14,11.62,27.04,84.56,19.8,3.73,0.97
2009-02-15,3.47,26.8,85.82,21.66,2.82,0.97
2009-02-16,1.82,26.6,83.99,13.03,3.11,0.96
2009-02-17,9.15,26.74,83.94,19.03,3.41,0.96
2009-02-18,9.89,26.94,84.75,13.66,4.32,0.97
2009-02-19,10.38,26.88,83.23,17.14,2.51,0.97
2009-02-20,18.01,27.18,78.53,22.12,2.06,0.97
2009-02-21,11.07,27.12,82.47,22.2,3.09,0.98
2009-02-22,1.57,27.2,83.04,20.73,2.86,0.97
2009-02-23,0.7,27.35,80.99,23.66,2.36,0.96
2009-02-24,2.58,27.87,81.3,21.48,2.81,0.96
2009-02-25,12.86,27.08,85.99,20.26,3.0,0.96
2009-02-26,8.68,27.23,83.91,20.96,2.75,0.96
2009-02-27,13.84,27.31,84.48,21.57,3.2,0.97
2009-02-28,6.87,27.11,85.02,19.53,2.85,0.97
2009-03-01,9.16,27.3,84.63,16.62,2.42,0.97
2009-03-02,8.71,26.89,85.46,14.48,3.74,0.97
2009-03-03,14.32,27.54,84.72,16.02,3.18,0.97
2009-03-04,12.0,26.88,86.88,18.68,3.02,0.98
2009-03-05,1.44,26.77,84.65,16.89,2.74,0.97
2009-03-06,5.12,27.45,78.68,18.84,0.9,0.97
2009-03-07,4.85,27.7,80.13,20.92,1.34,0.97
2009-03-08,1.54,27.96,76.4,24.36,1.62,0.96
2009-03-09,0.36,28.26,74.22,24.57,1.58,0.95
2009-03-10,0.3,28.37,73.22,24.95,1.76,0.94
2009-03-11,0.53,27.74,79.15,24.19,2.41,0.94
2009-03-12,0.76,27.94,77.61,24.95,2.34,0.93
2009-03-13,0.85,28.21,75.26,25.83,2.86,0.92
2009-03-14,0.41,28.35,76.02,26.0,2.67,0.91
2009-03-15,16.02,27.57,81.63,19.8,3.13,0.91
2009-03-16,13.58,27.36,82.9,17.81,2.37,0.92
2009-03-17,4.72,27.55,82.16,21.94,2.66,0.92
2009-03-18,0.41,27.59,79.52,25.62,1.55,0.92
2009-03-19,0.89,27.65,79.91,25.4,2.48,0.91
2009-03-20,0.02,27.73,76.12,26.69,2.33,0.9
2009-03-21,0.22,27.32,76.69,26.9,2.69,0.89
2009-03-22,0.44,26.9,77.26,24.82,1.86,0.88
2009-03-23,0.17,27.7,71.43,26.33,0.63,0.87
2009-03-24,0.64,27.71,73.51,26.15,1.65,0.86
2009-03-25,0.78,27.62,79.61,25.82,2.18,0.86
2009-03-26,10.05,27.6,79.05,22.45,2.07,0.86
2009-03-27,5.7,27.34,78.36,23.83,1.3,0.86
2009-03-28,1.24,27.71,74.4,24.15,2.2,0.86
2009-03-29,11.33,27.59,77.24,21.48,3.25,0.86
2009-03-30,2.81,27.93,77.33,24.8,1.74,0.86
2009-03-31,0.79,27.94,75.13,23.94,1.04,0.85
2009-04-01,2.96,27.73,80.41,21.91,2.36,0.85
2009-04-02,0.83,27.81,80.79,22.37,3.46,0.84
2009-04-03,0.16,28.04,77.79,24.55,2.93,0.83
2009-04-04,0.0,28.32,73.54,24.78,2.9,0.82
2009-04-05,0.0,28.41,71.74,24.96,2.38,0.81
2009-04-06,0.01,28.37,69.07,24.91,2.21,0.8
2009-04-07,0.03,28.35,67.54,22.75,1.57,0.79
2009-04-08,0.01,27.93,76.82,23.42,1.71,0.78
2009-04-09,0.03,28.04,78.37,23.78,1.5,0.77
2009-04-10,1.06,28.49,75.12,23.96,1.53,0.77
2009-04-11,4.35,28.58,77.09,23.47,0.99,0.76
2009-04-12,12.06,28.43,78.96,22.87,1.17,0.76
2009-04-13,3.29,28.93,76.0,22.9,1.64,0.77
2009-04-14,0.65,28.62,80.68,20.64,2.38,0.76
2009-04-15,0.73,28.93,78.07,20.03,1.96,0.75
2009-04-16,0.74,28.2,78.94,20.54,1.28,0.75
2009-04-17,1.63,28.23,81.1,20.34,2.14,0.74
2009-04-18,6.06,28.22,82.75,16.24,1.71,0.74
2009-04-19,5.48,28.13,84.99,15.53,2.7,0.75
2009-04-20,4.01,27.87,83.57,15.85,2.42,0.75
2009-04-21,1.16,28.31,78.16,20.98,2.35,0.75
2009-04-22,0.07,28.32,75.05,22.18,1.59,0.74
2009-04-23,0.01,28.2,72.96,22.38,2.0,0.73
2009-04-24,0.0,28.07,76.55,23.24,2.77,0.72
2009-04-25,0.67,28.22,77.93,22.65,2.21,0.72
2009-04-26,0.27,28.19,75.12,21.24,1.39,0.71
2009-04-27,0.01,28.44,73.75,21.37,1.41,0.7
2009-04-28,0.0,28.55,70.37,23.03,2.05,0.69
2009-04-29,0.0,28.14,71.52,23.13,2.12,0.68
2009-04-30,0.0,27.96,71.29,22.56,2.23,0.67
2009-05-01,0.0,28.05,66.37,21.62,2.19,0.67
2009-05-02,0.0,28.12,71.58,20.95,2.53,0.66
2009-05-03,0.12,28.02,75.5,22.07,2.57,0.65
2009-05-04,4.17,27.37,86.38,20.12,3.46,0.65
2009-05-05,3.6,27.84,80.91,17.8,1.83,0.65
2009-05-06,3.32,27.5,81.7,11.28,3.34,0.65
2009-05-07,1.91,27.2,83.05,16.97,3.06,0.65
2009-05-08,1.14,27.4,78.35,19.77,4.01,0.65
2009-05-09,0.72,27.06,83.52,19.3,2.43,0.65
2009-05-10,0.92,27.38,82.06,20.42,2.12,0.65
2009-05-11,0.98,27.22,79.94,16.36,2.41,0.65
2009-05-12,0.67,27.47,76.37,17.18,2.85,0.64
2009-05-13,0.71,27.0,78.16,15.47,2.71,0.64
2009-05-14,0.0,27.41,75.14,20.22,2.84,0.63
2009-05-15,0.04,28.07,73.27,18.34,1.94,0.62
2009-05-16,0.04,28.07,72.98,20.26,1.71,0.61
2009-05-17,2.42,27.99,76.25,19.28,1.37,0.61
2009-05-18,1.81,27.98,76.98,19.24,0.75,0.61
2009-05-19,2.53,27.83,79.56,19.54,1.98,0.6
2009-05-20,1.37,27.62,79.12,18.16,2.19,0.6
2009-05-21,2.26,27.68,76.2,15.77,2.57,0.6
2009-05-22,19.84,27.45,78.25,11.7,2.2,0.61
2009-05-23,18.35,26.94,79.53,15.51,2.68,0.65
2009-05-24,7.69,27.07,81.93,11.5,1.55,0.65
2009-05-25,1.82,27.72,78.42,19.57,2.18,0.65
2009-05-26,0.12,27.93,75.62,19.14,2.82,0.64
2009-05-27,0.0,27.8,72.42,20.35,2.85,0.64
2009-05-28,0.07,27.78,70.27,16.83,1.75,0.63
2009-05-29,0.0,27.84,70.01,19.2,1.81,0.62
2009-05-30,0.01,27.89,70.78,20.38,1.19,0.61
2009-05-31,0.0,27.95,75.29,20.18,2.36,0.61
2009-06-01,0.0,28.29,72.49,19.67,2.17,0.6
2009-06-02,0.04,28.11,70.71,19.41,2.67,0.59
2009-06-03,0.01,27.89,72.97,18.0,2.79,0.58
2009-06-04,0.0,27.89,68.59,19.82,2.79,0.58
2009-06-05,0.0,27.55,71.22,20.25,2.51,0.57
2009-06-06,0.0,27.07,71.5,18.04,2.19,0.56
2009-06-07,0.01,27.33,69.91,18.31,1.85,0.56
2009-06-08,0.0,27.75,68.6,18.04,2.06,0.55
2009-06-09,0.04,27.84,69.58,19.17,2.05,0.55
2009-06-10,0.19,27.53,70.59,19.93,2.48,0.54
2009-06-11,0.05,27.11,67.13,18.99,3.13,0.54
2009-06-12,1.29,26.68,65.81,19.97,2.63,0.53
2009-06-13,0.0,26.6,63.97,20.79,2.36,0.53
2009-06-14,0.0,26.41,65.85,21.11,2.32,0.52
2009-06-15,0.0,26.85,66.2,20.23,1.72,0.52
2009-06-16,0.0,27.06,68.15,19.88,2.44,0.51
2009-06-17,0.0,27.35,69.79,19.72,2.73,0.51
2009-06-18,0.03,27.56,71.88,19.99,3.4,0.5
2009-06-19,0.0,27.0,68.51,20.15,3.64,0.5
2009-06-20,0.0,27.05,67.42,20.22,2.8,0.49
2009-06-21,0.0,26.81,65.73,20.3,3.29,0.49
2009-06-22,0.0,26.37,64.82,20.8,2.51,0.48
2009-06-23,0.0,26.32,66.42,19.77,1.48,0.48
2009-06-24,0.0,26.63,68.1,20.29,1.47,0.48
2009-06-25,0.0,27.26,68.74,19.02,1.53,0.47
2009-06-26,0.08,27.25,75.45,16.49,2.18,0.47
2009-06-27,0.0,27.3,73.85,20.16,2.23,0.46
2009-06-28,0.0,27.05,73.83,19.44,3.82,0.46
2009-06-29,0.0,27.06,69.27,17.34,1.64,0.46
2009-06-30,0.0,27.11,69.92,19.52,2.72,0.45
2009-07-01,0.01,27.24,75.09,18.22,2.28,0.45
2009-07-02,0.05,27.38,72.02,19.33,1.84,0.45
2009-07-03,0.0,27.62,65.69,20.49,2.22,0.44
2009-07-04,0.0,27.43,66.5,20.61,3.15,0.44
2009-07-05,0.01,27.21,67.62,19.71,3.28,0.44
2009-07-06,0.0,26.7,72.68,19.75,3.1,0.43
2009-07-07,0.0,26.49,66.19,20.83,4.24,0.43
2009-07-08,0.0,26.26,64.1,20.72,2.95,0.43
2009-07-09,0.0,26.25,65.26,17.56,2.98,0.42
2009-07-10,0.04,26.12,66.67,18.35,2.93,0.42
2009-07-11,0.02,26.01,66.74,18.34,2.74,0.42
2009-07-12,0.11,26.14,70.4,14.62,3.91,0.41
2009-07-13,0.0,26.41,71.88,16.44,3.69,0.41
2009-07-14,0.0,26.99,68.38,20.29,3.42,0.41
2009-07-15,0.0,26.37,66.52,20.89,3.13,0.41
2009-07-16,0.0,26.89,63.27,20.16,2.52,0.4
2009-07-17,0.21,26.39,69.64,20.19,2.5,0.4
2009-07-18,0.56,26.71,70.84,18.3,2.43,0.4
2009-07-19,5.15,27.08,74.19,13.39,2.29,0.4
2009-07-20,12.28,26.85,76.61,14.28,1.57,0.43
2009-07-21,0.97,27.33,75.9,15.4,1.55,0.42
2009-07-22,0.01,27.36,73.64,19.22,1.66,0.42
2009-07-23,0.02,27.66,69.61,20.55,2.32,0.42
2009-07-24,0.0,27.08,68.77,19.87,2.27,0.41
2009-07-25,0.0,26.83,67.98,19.04,2.85,0.41
2009-07-26,0.0,26.65,72.86,20.9,3.38,0.41
2009-07-27,0.0,26.37,73.88,20.93,3.0,0.4
2009-07-28,0.0,26.49,67.66,20.93,2.97,0.4
2009-07-29,0.0,26.43,63.94,18.75,3.97,0.4
2009-07-30,0.0,25.98,65.3,20.17,3.8,0.4
2009-07-31,0.0,26.27,64.55,20.46,3.14,0.39
2009-08-01,0.01,25.97,68.11,20.16,3.31,0.39
2009-08-02,0.0,26.16,69.16,19.79,3.46,0.39
2009-08-03,0.0,26.63,70.73,20.11,3.11,0.39
2009-08-04,0.0,26.6,71.34,20.34,3.35,0.38
2009-08-05,0.0,26.87,70.74,21.74,2.38,0.38
2009-08-06,0.0,26.69,71.88,21.2,1.96,0.38
2009-08-07,0.01,26.31,71.09,19.1,2.67,0.38
2009-08-08,0.0,26.32,66.89,21.63,2.3,0.37
2009-08-09,0.0,27.05,65.9,21.24,1.9,0.37
2009-08-10,0.0,27.37,69.77,21.38,1.36,0.37
2009-08-11,0.0,27.38,69.74,21.65,1.08,0.36
2009-08-12,0.0,27.17,68.9,20.58,1.13,0.36
2009-08-13,0.0,26.97,70.78,19.92,1.8,0.36
2009-08-14,0.0,27.11,69.25,20.83,2.49,0.36
2009-08-15,0.0,27.18,69.67,21.73,1.94,0.35
2009-08-16,0.01,27.57,69.48,20.66,2.28,0.35
2009-08-17,0.0,27.37,65.41,22.89,2.65,0.35
2009-08-18,0.0,27.16,64.87,23.54,3.47,0.35
2009-08-19,0.0,26.74,62.89,23.76,3.63,0.35
2009-08-20,0.0,26.76,64.93,23.34,2.65,0.34
2009-08-21,0.0,26.72,66.55,23.86,2.03,0.34
2009-08-22,0.0,26.98,64.44,23.44,2.79,0.34
2009-08-23,0.0,26.84,63.94,22.53,1.95,0.34
2009-08-24,0.0,26.82,62.34,23.6,2.01,0.34
2009-08-25,0.0,26.84,65.63,22.69,1.79,0.34
2009-08-26,0.0,26.99,65.6,23.32,1.51,0.34
2009-08-27,0.0,27.02,70.25,23.7,2.32,0.33
2009-08-28,0.01,27.08,73.19,22.39,1.94,0.33
2009-08-29,0.02,27.16,73.77,21.18,3.62,0.33
2009-08-30,0.05,27.41,70.52,22.63,1.82,0.33
2009-08-31,0.14,27.08,75.45,18.65,2.88,0.33
2009-09-01,0.68,27.59,75.65,20.23,1.77,0.33
2009-09-02,0.61,27.76,71.51,22.38,2.35,0.33
2009-09-03,0.0,27.63,63.59,24.36,2.19,0.33
2009-09-04,0.0,27.61,64.3,24.86,1.89,0.33
2009-09-05,0.0,27.86,64.77,24.16,1.6,0.33
2009-09-06,0.0,27.8,70.01,21.67,2.26,0.33
2009-09-07,0.09,27.84,69.76,23.35,1.5,0.33
2009-09-08,0.09,28.34,70.2,24.31,1.11,0.33
2009-09-09,1.68,28.17,73.17,23.98,1.26,0.33
2009-09-10,7.14,28.05,75.41,24.03,1.13,0.34
2009-09-11,0.65,28.2,71.73,25.03,1.46,0.34
2009-09-12,1.22,28.35,67.59,24.49,1.82,0.34
2009-09-13,0.01,28.38,68.24,24.69,2.29,0.34
2009-09-14,0.0,28.23,68.46,24.68,2.01,0.34
2009-09-15,0.0,28.49,65.57,24.57,1.68,0.33
2009-09-16,0.01,28.54,68.68,23.77,2.03,0.33
2009-09-17,0.0,28.44,67.63,23.75,1.95,0.33
2009-09-18,0.04,28.17,67.11,22.95,2.42,0.33
2009-09-19,0.05,28.12,67.11,25.07,2.73,0.33
2009-09-20,0.02,27.89,69.21,19.64,1.95,0.33
2009-09-21,0.1,27.72,74.82,21.89,3.76,0.33
2009-09-22,0.14,27.74,74.37,22.19,4.3,0.33
2009-09-23,0.02,27.86,73.67,24.01,3.68,0.33
2009-09-24,0.78,28.16,73.53,24.63,3.55,0.33
2009-09-25,1.28,27.96,74.9,24.77,3.71,0.33
2009-09-26,1.94,28.27,71.96,22.71,1.6,0.33
2009-09-27,0.36,28.49,70.71,23.28,2.16,0.33
2009-09-28,0.2,28.95,67.99,24.52,1.26,0.33
2009-09-29,0.12,28.68,69.29,23.95,1.11,0.33
2009-09-30,0.0,28.58,68.32,23.54,1.1,0.33
2009-10-01,0.53,28.66,71.29,21.79,2.69,0.33
2009-10-02,2.84,28.58,73.26,18.97,3.84,0.33
2009-10-03,0.1,28.59,70.46,24.48,3.85,0.33
2009-10-04,0.0,28.84,69.15,25.12,3.44,0.33
2009-10-05,0.02,28.65,72.69,23.99,3.14,0.33
2009-10-06,0.03,29.0,70.23,23.85,2.03,0.33
2009-10-07,0.03,28.91,69.79,24.19,2.66,0.33
2009-10-08,0.1,28.66,71.15,22.83,1.4,0.33
2009-10-09,0.01,28.84,67.95,23.25,1.73,0.33
2009-10-10,0.03,29.09,64.93,25.17,1.8,0.33
2009-10-11,0.01,29.09,64.1,25.27,1.02,0.33
2009-10-12,0.01,29.16,60.59,25.2,1.02,0.33
2009-10-13,0.0,28.65,65.36,26.16,2.06,0.33
2009-10-14,0.0,28.73,64.89,26.57,2.98,0.33
2009-10-15,0.0,28.39,67.88,27.02,2.42,0.33
2009-10-16,0.0,29.27,64.4,25.9,1.26,0.33
2009-10-17,0.01,29.34,67.54,25.35,1.4,0.33
2009-10-18,0.0,29.2,69.09,25.7,2.81,0.33
2009-10-19,0.01,29.27,63.77,25.85,1.9,0.33
2009-10-20,0.0,29.03,64.23,25.09,1.08,0.33
2009-10-21,1.35,28.99,66.85,23.88,1.93,0.33
2009-10-22,1.39,28.89,70.95,18.19,2.15,0.33
2009-10-23,0.13,28.96,66.28,24.43,1.32,0.33
2009-10-24,0.12,29.04,64.88,25.49,1.0,0.33
2009-10-25,0.7,28.86,65.63,25.73,1.97,0.33
2009-10-26,0.0,29.38,60.38,25.9,1.5,0.33
2009-10-27,0.02,29.1,64.13,26.96,1.13,0.33
2009-10-28,0.0,29.19,66.91,26.99,1.8,0.33
2009-10-29,0.02,29.3,66.59,25.52,1.46,0.33
2009-10-30,0.01,29.31,65.44,24.98,1.05,0.33
2009-10-31,1.51,29.22,65.5,25.34,1.71,0.33
2009-11-01,3.62,28.83,65.54,25.65,2.88,0.33
2009-11-02,0.04,29.25,67.21,25.82,3.17,0.33
2009-11-03,0.01,29.46,66.19,25.31,1.7,0.33
2009-11-04,0.01,29.86,63.5,25.85,1.35,0.33
2009-11-05,0.02,30.09,60.13,25.67,1.49,0.33
2009-11-06,0.09,29.87,59.99,26.42,1.23,0.33
2009-11-07,0.0,29.97,61.85,23.3,2.01,0.33
2009-11-08,0.01,29.78,66.0,24.53,2.25,0.33
2009-11-09,0.02,29.79,66.71,23.16,2.3,0.33
2009-11-10,0.03,29.56,67.24,23.46,1.59,0.33
2009-11-11,0.11,30.19,64.25,24.79,1.47,0.33
2009-11-12,0.47,30.31,66.4,25.75,2.01,0.33
2009-11-13,0.33,30.29,63.79,24.54,1.09,0.33
2009-11-14,0.45,30.26,64.1,22.15,0.81,0.33
2009-11-15,0.25,29.76,66.36,24.92,1.37,0.33
2009-11-16,0.0,29.8,66.9,25.95,1.61,0.33
2009-11-17,0.13,29.98,66.05,26.51,2.52,0.33
2009-11-18,1.35,29.62,68.32,21.8,2.65,0.33
2009-11-19,0.7,29.47,70.7,22.54,3.51,0.33
2009-11-20,2.74,29.07,72.49,20.13,3.55,0.33
2009-11-21,3.36,28.81,75.92,23.01,4.02,0.34
2009-11-22,1.64,28.89,75.11,24.7,4.08,0.34
2009-11-23,1.66,28.97,74.46,24.25,3.39,0.34
2009-11-24,1.85,29.4,69.4,24.45,2.19,0.34
2009-11-25,4.27,29.04,72.49,20.05,1.87,0.34
2009-11-26,3.79,28.54,76.27,22.43,2.65,0.34
2009-11-27,1.15,28.47,77.09,23.99,2.78,0.35
2009-11-28,1.39,29.01,74.42,26.32,2.16,0.35
2009-11-29,5.9,28.79,78.89,24.26,2.62,0.35
2009-11-30,2.48,29.27,74.29,23.55,2.14,0.36
2009-12-01,0.36,29.46,71.62,24.99,1.65,0.36
2009-12-02,2.75,28.85,75.74,21.31,2.19,0.35
2009-12-03,7.55,28.26,75.68,21.79,1.8,0.37
2009-12-04,2.0,28.7,74.74,25.56,2.46,0.37
2009-12-05,2.19,29.57,67.51,25.45,1.78,0.37
2009-12-06,2.67,29.53,67.91,25.67,1.18,0.37
2009-12-07,0.46,29.87,67.42,25.38,1.24,0.37
2009-12-08,0.62,29.66,69.75,25.54,1.25,0.36
2009-12-09,0.65,29.81,70.57,21.73,1.88,0.36
2009-12-10,0.37,29.46,73.05,23.7,1.7,0.36
2009-12-11,1.6,29.37,73.09,21.55,2.04,0.36
2009-12-12,4.86,28.7,76.64,21.09,2.15,0.37
2009-12-13,6.79,28.89,77.75,20.22,2.78,0.38
2009-12-14,6.81,28.61,78.24,12.29,2.8,0.39
2009-12-15,16.34,28.45,78.4,17.51,2.96,0.41
2009-12-16,16.96,28.01,80.85,9.78,4.73,0.44
2009-12-17,12.5,28.33,77.69,19.86,4.3,0.46
2009-12-18,11.35,28.71,77.35,17.45,4.25,0.48
2009-12-19,10.26,28.44,78.96,19.51,3.95,0.49
2009-12-20,15.39,28.4,78.93,14.54,4.25,0.5
2009-12-21,7.68,28.2,78.67,14.42,4.7,0.52
2009-12-22,2.22,28.02,77.84,17.47,3.38,0.52
2009-12-23,0.59,28.19,76.39,23.34,1.44,0.52
2009-12-24,0.76,28.1,81.14,10.84,2.55,0.52
2009-12-25,0.05,28.87,75.34,25.62,3.44,0.51
2009-12-26,0.13,28.72,76.03,22.17,3.62,0.51
2009-12-27,12.79,28.31,80.66,19.53,2.69,0.51
2009-12-28,8.02,28.32,77.99,18.03,3.04,0.53
2009-12-29,3.98,28.17,76.89,14.83,1.68,0.54
2009-12-30,2.5,28.19,78.47,21.95,1.98,0.54
2009-12-31,2.03,28.47,80.02,23.7,2.42,0.54
2010-01-01,1.72,28.66,79.72,24.05,2.03,0.53
2010-01-02,3.67,28.94,78.4,22.93,2.34,0.53
2010-01-03,6.82,28.42,79.8,15.48,3.24,0.54
2010-01-04,7.51,28.4,81.51,10.39,3.5,0.55
2010-01-05,20.13,27.98,81.07,17.51,4.28,0.57
2010-01-06,12.78,27.5,83.55,16.17,3.86,0.59
2010-01-07,8.76,27.23,81.45,22.49,4.06,0.6
2010-01-08,8.36,27.94,78.43,23.39,4.12,0.61
2010-01-09,3.52,27.59,81.76,19.8,3.13,0.61
2010-01-10,7.12,27.72,81.54,16.0,2.98,0.61
2010-01-11,1.61,28.23,76.52,24.47,3.11,0.61
2010-01-12,4.54,28.34,75.54,22.51,3.01,0.61
2010-01-13,13.57,27.68,81.66,18.46,4.77,0.62
2010-01-14,31.93,27.45,81.63,15.86,3.88,0.65
2010-01-15,30.9,28.01,79.62,14.68,3.48,0.71
2010-01-16,34.97,27.43,80.89,9.06,2.85,0.73
2010-01-17,21.48,26.61,83.33,15.74,3.93,0.77
2010-01-18,6.86,26.62,81.12,18.91,3.73,0.78
2010-01-19,9.07,27.65,79.81,17.49,3.98,0.78
2010-01-20,13.23,27.81,81.0,19.5,6.28,0.79
2010-01-21,20.01,27.82,78.03,21.73,5.3,0.8
2010-01-22,8.27,27.44,81.48,20.62,4.29,0.81
2010-01-23,6.57,27.78,79.64,25.0,3.81,0.81
2010-01-24,9.78,28.01,82.69,21.15,3.68,0.82
2010-01-25,4.56,28.07,81.08,24.89,2.54,0.82
2010-01-26,0.38,27.85,82.41,25.63,3.08,0.82
2010-01-27,0.09,27.94,81.04,23.9,2.99,0.81
2010-01-28,0.22,27.74,81.32,24.17,3.09,0.8
2010-01-29,0.3,27.98,81.07,22.44,3.26,0.79
2010-01-30,1.1,28.02,84.38,21.86,3.31,0.79
2010-01-31,5.85,28.14,82.93,22.46,3.6,0.79
2010-02-01,10.24,27.82,85.32,10.03,3.55,0.8
2010-02-02,3.25,27.58,83.65,18.93,4.08,0.8
2010-02-03,16.66,27.65,82.65,19.83,3.95,0.8
2010-02-04,15.07,27.8,81.74,20.17,2.97,0.82
2010-02-05,9.7,27.97,80.84,25.48,1.88,0.83
2010-02-06,19.19,27.97,80.01,23.55,1.69,0.84
2010-02-07,18.32,28.19,79.43,19.63,1.88,0.86
2010-02-08,3.24,28.17,76.75,26.59,1.86,0.87
2010-02-09,22.04,28.21,76.74,24.43,1.29,0.87
2010-02-10,5.87,28.29,76.93,25.23,1.26,0.89
2010-02-11,0.15,28.16,79.31,23.86,1.71,0.88
2010-02-12,1.48,28.56,76.25,24.83,1.77,0.87
2010-02-13,1.9,28.41,80.11,25.76,2.96,0.86
2010-02-14,0.16,28.59,78.56,24.04,1.83,0.85
2010-02-15,1.51,28.95,77.17,23.57,1.57,0.85
2010-02-16,4.11,29.14,76.1,24.69,1.86,0.84
2010-02-17,14.65,28.49,77.51,25.65,1.13,0.85
2010-02-18,8.9,28.48,76.71,24.83,1.12,0.86
2010-02-19,2.25,28.85,78.63,26.23,1.7,0.86
2010-02-20,0.57,29.01,78.53,23.88,2.5,0.86
2010-02-21,6.86,28.23,82.1,13.27,3.16,0.86
2010-02-22,1.45,28.47,78.8,20.19,2.82,0.86
2010-02-23,5.11,28.55,81.82,22.98,3.01,0.85
2010-02-24,4.88,28.39,81.2,24.39,2.24,0.85
2010-02-25,8.77,28.58,81.53,22.85,2.86,0.85
2010-02-26,7.12,28.44,83.57,20.35,3.98,0.86
2010-02-27,30.47,28.46,84.44,19.65,4.0,0.88
2010-02-28,11.7,28.33,84.02,21.47,3.79,0.9
2010-03-01,10.73,28.49,82.19,19.49,3.73,0.9
2010-03-02,8.3,28.37,82.67,22.35,2.83,0.91
2010-03-03,7.53,28.38,80.63,19.23,3.11,0.91
2010-03-04,4.11,28.1,80.61,17.26,1.96,0.91
2010-03-05,5.3,28.29,80.52,23.54,1.43,0.9
2010-03-06,8.38,28.08,83.04,11.17,2.3,0.91
2010-03-07,2.12,28.16,82.36,23.91,1.52,0.91
2010-03-08,0.23,28.75,75.83,27.02,1.36,0.9
2010-03-09,0.16,28.65,73.31,26.64,0.92,0.89
2010-03-10,0.63,28.53,72.48,25.64,1.21,0.88
2010-03-11,1.19,28.69,69.46,25.34,1.06,0.87
2010-03-12,0.23,28.4,73.58,26.18,1.75,0.86
2010-03-13,0.1,28.4,70.68,26.85,1.87,0.85
2010-03-14,0.09,28.76,65.7,27.13,1.13,0.84
2010-03-15,0.07,28.93,64.82,26.87,0.96,0.83
2010-03-16,0.29,28.73,68.89,26.41,1.36,0.82
2010-03-17,0.47,28.63,73.04,26.27,1.47,0.81
2010-03-18,1.74,28.4,79.61,24.59,2.21,0.8
2010-03-19,0.61,28.53,77.44,21.39,2.13,0.8
2010-03-20,0.47,28.5,75.47,20.87,1.83,0.79
2010-03-21,1.15,28.87,72.32,23.12,1.1,0.78
2010-03-22,1.43,28.69,74.82,25.27,1.17,0.77
2010-03-23,0.62,28.7,73.43,26.3,1.3,0.76
2010-03-24,0.37,29.11,69.54,26.08,0.83,0.75
2010-03-25,0.15,29.48,67.89,24.01,0.75,0.74
2010-03-26,2.08,29.29,74.94,23.49,2.62,0.73
2010-03-27,3.9,29.02,77.12,21.9,2.6,0.73
2010-03-28,1.56,28.63,77.83,22.23,1.8,0.73
2010-03-29,1.89,29.17,75.89,22.31,1.67,0.72
2010-03-30,0.73,28.97,78.09,22.74,2.81,0.72
2010-03-31,0.9,29.15,75.7,19.29,2.72,0.71
2010-04-01,2.14,28.74,77.02,18.19,1.99,0.71
2010-04-02,1.87,28.89,74.72,22.64,1.54,0.71
2010-04-03,0.47,29.51,71.14,21.19,0.95,0.7
2010-04-04,2.56,28.84,77.09,22.22,1.88,0.7
2010-04-05,0.49,28.93,74.91,24.74,2.22,0.69
2010-04-06,0.07,29.15,72.09,24.91,2.2,0.68
2010-04-07,0.12,29.11,71.73,23.89,2.25,0.67
2010-04-08,0.01,29.26,72.9,24.15,2.84,0.66
2010-04-09,2.24,29.2,74.4,21.1,2.5,0.65
2010-04-10,0.96,29.54,72.86,23.72,1.84,0.65
2010-04-11,0.27,29.38,73.5,22.69,1.38,0.64
2010-04-12,0.19,29.28,75.98,19.87,1.89,0.63
2010-04-13,3.47,29.13,77.07,21.74,1.56,0.63
2010-04-14,2.38,28.71,80.53,19.87,2.0,0.63
2010-04-15,3.28,28.76,77.08,17.31,1.07,0.63
2010-04-16,4.98,28.76,78.68,16.2,1.45,0.64
2010-04-17,10.5,28.45,79.8,15.63,2.54,0.64
2010-04-18,9.04,28.2,83.12,17.4,3.14,0.66
2010-04-19,14.25,28.39,81.15,11.78,3.09,0.67
2010-04-20,25.43,27.79,85.22,9.07,3.52,0.7
2010-04-21,8.47,28.23,79.94,15.39,2.93,0.72
2010-04-22,0.21,28.05,80.82,20.15,1.8,0.71
2010-04-23,0.1,28.54,78.85,21.57,1.89,0.71
2010-04-24,0.15,28.8,77.65,19.06,2.2,0.7
2010-04-25,0.04,28.9,71.69,20.33,1.91,0.68
2010-04-26,0.01,28.64,71.9,22.93,1.79,0.68
2010-04-27,0.65,28.74,71.69,23.09,1.67,0.67
2010-04-28,0.95,28.83,72.09,21.48,1.56,0.66
2010-04-29,0.0,28.6,75.59,22.25,1.83,0.65
2010-04-30,2.34,28.42,78.98,20.46,1.75,0.65
2010-05-01,2.15,28.11,84.07,22.08,2.68,0.65
2010-05-02,1.24,28.46,79.14,19.56,2.55,0.65
2010-05-03,4.45,28.16,83.01,16.43,2.84,0.65
2010-05-04,1.43,28.11,83.19,20.33,3.14,0.65
2010-05-05,9.06,28.09,84.98,19.09,3.12,0.65
2010-05-06,6.09,28.1,83.97,19.8,2.86,0.66
2010-05-07,1.13,28.26,80.76,19.29,3.68,0.66
2010-05-08,3.66,28.15,79.6,20.76,3.71,0.66
2010-05-09,3.26,28.18,77.98,20.21,2.84,0.66
2010-05-10,0.54,28.24,77.67,20.21,2.41,0.65
2010-05-11,1.12,28.13,81.49,18.66,2.83,0.65
2010-05-12,3.29,27.7,85.06,17.0,3.48,0.64
2010-05-13,4.24,28.1,82.58,10.9,3.95,0.64
2010-05-14,43.9,27.63,85.73,4.91,3.52,0.68
2010-05-15,6.59,27.84,84.8,16.15,3.12,0.72
2010-05-16,3.03,28.01,83.39,19.64,1.43,0.72
2010-05-17,5.28,27.95,84.89,18.82,1.69,0.72
2010-05-18,1.28,28.42,80.89,19.58,1.04,0.72
2010-05-19,4.58,28.53,79.79,19.27,0.69,0.71
2010-05-20,2.44,28.42,78.91,19.74,1.07,0.72
2010-05-21,3.09,28.14,77.6,18.66,1.71,0.72
2010-05-22,7.85,28.04,82.44,14.61,1.65,0.72
2010-05-23,2.05,28.58,76.39,19.36,0.69,0.72
2010-05-24,3.97,28.64,78.04,15.53,0.84,0.72
2010-05-25,3.12,27.83,83.59,12.96,2.09,0.72
2010-05-26,4.31,28.0,84.54,18.72,1.78,0.73
2010-05-27,4.7,27.97,84.41,10.95,1.75,0.73
2010-05-28,2.63,27.41,84.03,17.05,1.85,0.73
2010-05-29,0.48,27.86,82.48,19.3,1.95,0.73
2010-05-30,0.03,28.63,77.38,19.14,2.34,0.72
2010-05-31,0.06,28.31,77.08,20.04,1.5,0.71
2010-06-01,0.44,28.22,78.49,19.7,1.36,0.71
2010-06-02,0.58,28.11,80.41,19.06,0.84,0.7
2010-06-03,0.37,28.44,77.07,19.88,2.41,0.7
2010-06-04,0.06,27.72,72.42,17.76,3.35,0.69
2010-06-05,0.01,27.04,72.51,18.21,3.17,0.68
2010-06-06,0.0,27.45,71.38,19.19,2.53,0.67
2010-06-07,0.02,27.56,73.34,20.28,2.88,0.67
2010-06-08,0.0,28.04,72.85,19.24,2.44,0.66
2010-06-09,0.13,27.83,75.31,18.71,2.58,0.65
2010-06-10,0.0,27.65,73.59,18.5,2.93,0.65
2010-06-11,3.35,27.44,78.67,19.17,2.63,0.64
2010-06-12,7.92,27.56,79.34,12.56,2.84,0.65
2010-06-13,1.74,27.7,77.12,16.27,2.97,0.65
2010-06-14,2.04,27.63,78.41,17.46,3.04,0.64
2010-06-15,0.33,27.66,76.04,19.35,2.9,0.63
2010-06-16,1.63,27.61,78.58,16.79,2.66,0.63
2010-06-17,0.28,27.38,76.03,18.26,3.09,0.62
2010-06-18,0.0,26.97,74.24,19.63,2.97,0.61
2010-06-19,0.02,27.2,76.66,19.17,2.91,0.61
2010-06-20,0.02,26.81,68.82,16.43,3.12,0.6
2010-06-21,0.08,27.01,74.93,15.04,3.47,0.59
2010-06-22,0.0,27.0,74.26,20.05,3.41,0.59
2010-06-23,0.08,27.35,77.8,13.48,3.96,0.58
2010-06-24,0.0,27.37,75.52,18.8,3.24,0.57
2010-06-25,0.53,27.08,79.47,19.23,2.66,0.57
2010-06-26,6.35,27.62,79.83,13.7,2.99,0.57
2010-06-27,0.0,27.25,71.55,18.34,2.46,0.57
2010-06-28,0.0,27.03,70.5,20.0,2.82,0.56
2010-06-29,0.34,27.25,72.2,19.04,2.35,0.56
2010-06-30,17.07,26.59,83.44,15.55,2.36,0.57
2010-07-01,8.93,27.06,83.02,16.25,2.28,0.6
2010-07-02,1.0,27.35,82.72,15.54,3.19,0.59
2010-07-03,1.28,27.68,80.44,18.37,3.3,0.59
2010-07-04,1.06,27.15,80.9,13.4,2.79,0.58
2010-07-05,15.45,26.84,81.3,15.89,1.43,0.6
2010-07-06,8.71,27.21,80.62,17.96,1.5,0.62
2010-07-07,3.35,27.41,79.71,18.18,1.62,0.61
2010-07-08,2.61,26.76,85.08,16.75,2.34,0.62
2010-07-09,1.39,26.97,86.55,17.65,2.17,0.61
2010-07-10,0.62,26.9,84.19,18.67,1.81,0.61
2010-07-11,0.22,27.4,79.06,18.52,2.68,0.61
2010-07-12,0.04,27.19,72.73,20.3,2.6,0.6
2010-07-13,0.13,27.28,75.4,14.87,3.16,0.59
2010-07-14,0.01,27.11,74.37,19.69,3.33,0.59
2010-07-15,0.02,27.21,74.81,18.55,3.83,0.58
2010-07-16,0.06,27.11,76.27,19.46,3.57,0.57
2010-07-17,0.01,27.05,74.72,20.1,3.89,0.57
2010-07-18,0.0,26.65,77.37,20.88,3.49,0.56
2010-07-19,0.0,26.86,73.5,20.26,3.33,0.55
2010-07-20,0.0,26.84,75.36,19.63,3.28,0.55
2010-07-21,0.01,26.79,72.93,18.89,2.77,0.54
2010-07-22,0.01,26.57,74.74,19.43,3.38,0.53
2010-07-23,0.0,26.52,71.8,18.23,3.07,0.53
2010-07-24,1.14,26.95,77.48,14.46,3.2,0.52
2010-07-25,1.06,27.52,78.31,14.81,2.91,0.52
2010-07-26,5.55,27.61,80.49,11.92,2.55,0.52
2010-07-27,1.42,27.5,80.21,16.61,2.21,0.52
2010-07-28,0.03,27.71,76.07,20.96,2.11,0.52
2010-07-29,0.01,27.53,74.56,20.3,2.1,0.51
2010-07-30,0.16,27.17,75.85,21.59,2.45,0.51
2010-07-31,0.07,27.2,74.23,20.32,2.29,0.5
2010-08-01,6.73,27.11,79.24,15.97,3.27,0.5
2010-08-02,5.16,26.7,80.31,16.33,4.43,0.51
2010-08-03,5.14,26.68,74.64,17.64,4.96,0.52
2010-08-04,0.04,26.66,73.05,18.14,3.35,0.51
2010-08-05,0.09,26.5,68.56,18.21,2.94,0.5
2010-08-06,0.0,27.1,65.39,20.62,2.63,0.5
2010-08-07,0.0,27.39,68.01,20.56,2.23,0.49
2010-08-08,0.0,27.07,67.78,19.34,2.21,0.49
2010-08-09,0.13,27.33,65.58,21.38,2.2,0.48
2010-08-10,0.0,27.87,64.04,20.73,1.67,0.48
2010-08-11,0.26,27.97,69.95,21.49,2.69,0.47
2010-08-12,0.03,27.97,71.54,19.87,2.84,0.47
2010-08-13,1.23,27.78,71.59,20.88,2.89,0.47
2010-08-14,0.0,27.8,67.3,22.7,2.6,0.46
2010-08-15,0.0,27.61,63.52,23.33,2.25,0.46
2010-08-16,0.0,27.34,67.3,22.6,1.13,0.45
2010-08-17,0.06,27.38,70.99,22.24,1.04,0.45
2010-08-18,0.04,27.52,74.6,17.21,2.27,0.44
2010-08-19,0.08,27.83,74.68,22.88,3.31,0.44
2010-08-20,0.71,27.8,76.79,20.66,3.31,0.44
2010-08-21,0.32,27.91,75.88,18.74,1.57,0.43
2010-08-22,0.7,27.81,73.84,19.23,1.39,0.43
2010-08-23,1.91,28.09,72.52,21.92,1.26,0.43
2010-08-24,3.44,27.95,74.03,18.46,1.83,0.43
2010-08-25,0.99,27.73,69.62,21.61,1.63,0.43
2010-08-26,0.18,27.93,66.29,22.96,1.54,0.43
2010-08-27,0.03,27.89,70.54,22.91,1.8,0.42
2010-08-28,1.16,28.01,72.98,23.25,1.32,0.42
2010-08-29,1.75,28.1,70.02,21.77,1.66,0.42
2010-08-30,0.07,28.18,65.96,23.62,1.99,0.41
2010-08-31,0.14,28.31,64.11,24.47,1.52,0.41
2010-09-01,0.0,28.29,60.29,24.97,1.85,0.41
2010-09-02,0.36,28.32,68.27,19.89,1.2,0.4
2010-09-03,2.72,27.31,81.28,17.01,3.72,0.4
2010-09-04,0.46,28.22,76.47,20.39,2.07,0.4
2010-09-05,2.41,27.97,79.31,21.05,2.95,0.4
2010-09-06,6.72,28.0,78.37,19.03,1.57,0.41
2010-09-07,6.78,27.31,81.12,16.24,2.08,0.42
2010-09-08,12.88,27.87,75.95,19.96,2.44,0.43
2010-09-09,20.61,27.59,79.86,19.96,2.52,0.46
2010-09-10,7.89,27.06,79.52,21.22,1.3,0.49
2010-09-11,1.4,28.43,72.47,22.0,2.07,0.48
2010-09-12,0.03,28.09,71.05,25.32,2.19,0.47
2010-09-13,1.51,28.09,69.0,20.58,2.62,0.47
2010-09-14,2.79,27.89,76.5,21.42,2.72,0.47
2010-09-15,0.63,27.91,74.88,22.93,1.96,0.47
2010-09-16,3.13,27.67,74.85,22.06,1.17,0.47
2010-09-17,6.12,27.86,75.95,19.94,1.29,0.47
2010-09-18,0.1,28.14,72.51,24.44,1.91,0.47
2010-09-19,2.66,28.38,72.8,24.0,2.57,0.47
2010-09-20,4.29,27.75,75.18,19.42,2.57,0.47
2010-09-21,6.14,27.55,78.97,11.77,2.96,0.48
2010-09-22,1.7,27.68,77.6,23.09,2.72,0.48
2010-09-23,5.66,27.71,78.07,21.7,2.22,0.48
2010-09-24,1.24,27.98,74.79,20.17,2.54,0.48
2010-09-25,0.4,28.19,75.12,22.46,1.78,0.48
2010-09-26,0.06,28.82,70.92,25.3,1.82,0.47
2010-09-27,0.03,28.78,69.46,25.38,1.27,0.47
2010-09-28,0.05,28.82,69.38,24.55,1.39,0.46
2010-09-29,0.08,29.0,69.71,25.34,1.85,0.46
2010-09-30,3.18,28.91,71.08,24.18,1.37,0.46
2010-10-01,16.4,28.07,77.54,20.89,2.61,0.47
2010-10-02,3.85,28.29,74.91,24.26,1.97,0.49
2010-10-03,0.45,28.82,73.01,25.68,1.68,0.48
2010-10-04,1.54,28.8,74.98,24.25,1.42,0.48
2010-10-05,5.58,28.44,76.49,21.92,1.28,0.48
2010-10-06,4.11,28.33,77.01,22.63,2.1,0.49
2010-10-07,6.78,27.7,77.96,18.25,1.72,0.49
2010-10-08,6.29,26.9,73.69,12.06,2.44,0.5
2010-10-09,6.43,26.52,72.7,7.76,2.6,0.51
2010-10-10,6.02,27.75,69.98,23.82,1.76,0.51
2010-10-11,5.26,27.44,77.02,19.36,1.29,0.51
2010-10-12,14.83,27.31,79.65,17.58,2.56,0.53
2010-10-13,1.04,28.08,74.39,21.73,2.36,0.53
2010-10-14,0.57,28.8,70.51,22.63,1.78,0.52
2010-10-15,10.13,28.64,74.52,21.14,1.58,0.53
2010-10-16,4.08,27.79,82.07,22.3,2.61,0.53
2010-10-17,1.6,27.54,81.86,17.22,2.06,0.54
2010-10-18,2.32,27.94,79.47,21.01,2.4,0.53
2010-10-19,10.55,26.85,80.02,11.0,3.32,0.54
2010-10-20,0.04,28.61,66.86,23.0,1.83,0.55
2010-10-21,0.44,28.48,73.3,25.18,1.89,0.54
2010-10-22,4.66,27.65,77.24,17.31,1.33,0.53
2010-10-23,3.08,28.19,75.55,22.03,2.21,0.54
2010-10-24,1.1,28.79,74.61,23.91,1.7,0.53
2010-10-25,0.8,29.38,70.32,22.85,2.16,0.53
2010-10-26,0.57,29.14,73.71,24.96,2.57,0.52
2010-10-27,0.35,29.38,68.96,23.54,1.5,0.52
2010-10-28,1.37,29.16,68.95,22.37,1.0,0.51
2010-10-29,1.69,28.46,72.98,21.74,1.52,0.51
2010-10-30,2.01,28.13,74.9,14.9,1.72,0.51
2010-10-31,2.61,28.33,76.37,19.31,2.38,0.51
2010-11-01,21.95,27.5,79.51,18.8,1.64,0.53
2010-11-02,9.59,27.64,78.29,16.95,2.13,0.56
2010-11-03,2.13,28.08,76.34,18.3,1.63,0.55
2010-11-04,21.4,27.17,82.86,8.83,2.63,0.57
2010-11-05,2.09,28.11,75.96,21.66,2.07,0.58
2010-11-06,6.85,27.99,76.42,22.09,1.98,0.58
2010-11-07,0.95,28.57,72.14,24.43,1.13,0.57
2010-11-08,0.99,29.02,69.57,25.61,1.23,0.57
2010-11-09,0.03,29.41,66.73,24.91,1.37,0.55
2010-11-10,0.1,29.25,68.45,26.92,1.0,0.54
2010-11-11,0.39,29.1,67.41,26.37,0.93,0.54
2010-11-12,0.03,29.4,67.66,26.0,1.37,0.53
2010-11-13,0.0,29.43,66.68,26.44,1.41,0.52
2010-11-14,0.02,29.27,72.13,25.4,2.21,0.51
2010-11-15,0.08,28.92,74.95,25.74,2.82,0.51
2010-11-16,0.05,28.82,75.99,25.25,3.22,0.5
2010-11-17,0.15,29.36,69.41,23.6,3.58,0.5
2010-11-18,1.5,29.05,74.94,24.34,2.89,0.49
2010-11-19,11.06,29.14,75.36,20.88,2.83,0.5
2010-11-20,10.99,28.91,71.76,21.83,1.25,0.52
2010-11-21,3.42,28.94,71.48,24.26,1.24,0.52
2010-11-22,4.3,28.96,72.5,21.7,1.17,0.52
2010-11-23,0.56,28.46,78.23,20.23,2.35,0.52
2010-11-24,0.33,29.57,70.85,23.11,1.57,0.52
2010-11-25,0.51,29.66,70.85,23.9,1.27,0.51
2010-11-26,0.47,29.51,70.1,23.72,1.2,0.51
2010-11-27,1.41,29.67,69.48,23.42,1.14,0.51
2010-11-28,2.82,28.99,73.96,16.26,1.22,0.51
2010-11-29,2.15,29.38,70.19,21.83,1.1,0.51
2010-11-30,13.72,28.96,73.83,19.96,1.71,0.51
2010-12-01,13.81,28.59,77.67,15.93,2.14,0.55
2010-12-02,5.89,28.86,76.78,15.65,2.34,0.55
2010-12-03,3.56,28.91,76.22,22.18,2.16,0.55
2010-12-04,4.16,29.04,76.06,20.08,2.43,0.55
2010-12-05,14.62,28.88,77.73,19.11,1.96,0.56
2010-12-06,7.12,28.96,76.26,24.05,1.81,0.58
2010-12-07,4.72,28.57,79.0,22.12,2.31,0.58
2010-12-08,8.57,28.77,77.08,22.61,1.74,0.59
2010-12-09,6.61,28.77,78.24,18.49,1.89,0.59
2010-12-10,4.95,28.04,79.84,19.39,2.46,0.6
2010-12-11,26.67,27.74,82.96,13.85,3.22,0.61
2010-12-12,19.49,27.7,79.84,13.19,3.32,0.67
2010-12-13,3.72,27.79,77.95,18.2,1.99,0.66
2010-12-14,11.45,27.4,82.0,9.76,2.56,0.67
2010-12-15,20.84,26.82,81.03,14.26,3.01,0.7
2010-12-16,14.41,27.57,79.34,14.66,2.68,0.72
2010-12-17,22.91,28.13,79.35,16.22,4.1,0.74
2010-12-18,10.32,27.65,81.23,17.82,3.5,0.76
2010-12-19,1.47,27.65,78.19,15.28,2.25,0.76
2010-12-20,2.32,27.87,77.23,14.65,2.73,0.75
2010-12-21,4.64,27.51,80.84,11.15,3.36,0.75
2010-12-22,4.21,27.37,82.1,20.28,3.18,0.75
2010-12-23,11.23,27.44,77.68,11.88,4.04,0.75
2010-12-24,4.26,27.44,78.1,21.62,3.23,0.76
2010-12-25,1.84,27.64,77.33,24.69,3.96,0.76
2010-12-26,3.18,27.92,76.66,20.53,2.84,0.75
2010-12-27,17.51,27.15,83.94,11.66,3.15,0.76
2010-12-28,12.19,27.15,85.1,14.79,3.08,0.79
2010-12-29,4.33,27.87,79.26,19.6,2.89,0.79
2010-12-30,4.29,27.67,82.35,14.41,2.98,0.79
2010-12-31,13.15,26.79,85.67,12.02,4.29,0.79
2011-01-01,1.7,27.23,82.56,19.85,2.89,0.81
2011-01-02,0.38,27.22,80.73,21.9,2.83,0.8
2011-01-03,3.83,27.18,81.27,20.51,2.18,0.8
2011-01-04,1.15,27.73,79.88,23.31,2.35,0.8
2011-01-05,2.19,28.02,77.69,18.84,1.21,0.79
2011-01-06,3.6,27.86,80.32,21.13,1.55,0.79
2011-01-07,17.07,27.62,78.96,15.96,1.74,0.8
2011-01-08,27.39,27.4,83.49,14.21,4.67,0.83
2011-01-09,17.35,27.86,81.09,9.09,4.86,0.86
2011-01-10,8.4,27.8,81.78,17.66,4.39,0.86
2011-01-11,11.33,28.07,82.52,12.65,5.95,0.87
2011-01-12,14.48,27.75,82.85,8.71,6.83,0.87
2011-01-13,8.88,27.52,80.83,18.8,4.65,0.89
2011-01-14,17.78,27.11,81.77,16.78,3.06,0.89
2011-01-15,39.19,26.57,85.69,14.85,3.5,0.91
2011-01-16,59.0,27.33,78.23,11.54,5.36,0.97
2011-01-17,11.65,27.43,79.59,20.01,3.46,0.98
2011-01-18,20.79,27.65,79.97,15.18,3.37,0.98
2011-01-19,19.47,27.17,84.0,18.01,3.71,0.98
2011-01-20,7.8,27.01,84.02,21.38,4.39,0.99
2011-01-21,2.49,27.38,82.75,20.03,4.0,0.98
2011-01-22,3.25,27.45,81.35,20.41,2.56,0.97
2011-01-23,6.54,27.07,83.22,16.76,3.23,0.97
2011-01-24,21.71,26.9,84.25,16.57,4.92,0.98
2011-01-25,17.87,26.98,84.47,10.4,6.26,0.99
2011-01-26,4.4,27.27,82.96,21.16,3.82,0.99
2011-01-27,1.33,27.37,79.83,25.64,2.1,0.98
2011-01-28,4.16,27.68,82.33,23.71,3.5,0.97
2011-01-29,3.87,27.11,84.12,15.55,3.68,0.97
2011-01-30,8.84,27.4,82.94,19.88,2.99,0.97
2011-01-31,3.44,27.06,83.03,22.08,3.12,0.97
2011-02-01,21.8,27.28,83.56,21.45,3.17,0.97
2011-02-02,18.84,27.12,84.2,18.42,3.26,0.98
2011-02-03,6.21,27.37,81.61,22.2,2.97,0.98
2011-02-04,1.45,27.23,81.35,21.78,2.41,0.98
2011-02-05,29.96,27.34,83.76,21.33,2.94,0.98
2011-02-06,20.18,26.96,85.32,13.02,4.16,1.0
2011-02-07,15.44,26.97,87.54,8.35,4.79,1.0
2011-02-08,14.25,26.96,81.71,11.27,3.24,0.99
2011-02-09,1.28,27.58,77.55,17.08,2.16,0.99
2011-02-10,0.27,28.13,71.74,25.59,1.14,0.98
2011-02-11,1.49,28.22,76.08,25.81,2.53,0.98
2011-02-12,9.33,27.53,80.32,18.07,2.75,0.97
2011-02-13,8.38,27.08,79.33,23.75,2.69,0.97
2011-02-14,10.54,27.05,82.07,20.37,3.92,0.98
2011-02-15,2.5,27.23,77.63,25.07,2.54,0.97
2011-02-16,0.13,27.52,80.73,19.96,2.65,0.97
2011-02-17,0.39,27.34,82.44,22.92,3.0,0.96
2011-02-18,0.34,27.59,82.11,23.38,3.1,0.96
2011-02-19,0.66,27.86,81.05,23.09,3.59,0.95
2011-02-20,2.96,27.97,79.27,19.31,3.55,0.95
2011-02-21,2.39,27.66,80.58,20.56,4.54,0.94
2011-02-22,1.24,27.31,82.39,17.76,4.29,0.94
2011-02-23,8.06,26.52,85.52,15.21,3.47,0.93
2011-02-24,10.8,26.63,84.07,12.66,4.53,0.94
2011-02-25,19.33,26.72,85.05,19.04,4.24,0.95
2011-02-26,18.36,27.46,78.05,17.19,5.16,0.96
2011-02-27,13.39,27.36,82.78,22.29,5.67,0.96
2011-02-28,18.32,27.59,82.77,24.16,4.96,0.97
2011-03-01,21.6,27.77,79.99,22.14,3.17,0.98
2011-03-02,40.81,27.27,82.68,16.42,4.69,0.99
2011-03-03,20.51,26.55,84.64,11.91,4.93,1.0
2011-03-04,9.45,26.88,81.65,8.36,4.78,0.99
2011-03-05,5.94,26.99,80.96,19.72,3.46,0.99
2011-03-06,9.21,26.81,81.87,17.52,2.47,0.98
2011-03-07,3.84,26.98,84.16,19.19,3.37,0.98
2011-03-08,2.97,26.91,82.25,22.12,3.1,0.98
2011-03-09,1.23,26.96,81.83,21.29,2.75,0.97
2011-03-10,6.83,27.39,81.05,21.53,2.95,0.97
2011-03-11,15.97,27.55,81.98,18.89,3.22,0.97
2011-03-12,15.6,27.4,82.21,19.59,2.73,0.98
2011-03-13,9.37,27.3,84.48,20.23,3.07,0.98
2011-03-14,13.17,26.83,84.33,17.04,3.44,0.98
2011-03-15,2.83,27.0,82.53,19.66,2.56,0.98
2011-03-16,1.64,27.2,81.55,22.29,2.78,0.97
2011-03-17,0.39,27.32,82.67,25.28,2.08,0.96
2011-03-18,0.12,27.57,79.93,23.48,1.6,0.96
2011-03-19,1.71,27.69,80.82,20.31,2.28,0.95
2011-03-20,3.43,27.98,80.02,20.88,2.05,0.95
2011-03-21,2.23,28.02,78.71,22.23,1.32,0.94
2011-03-22,4.23,27.71,81.6,20.65,2.05,0.94
2011-03-23,2.1,27.83,80.75,21.18,3.02,0.93
2011-03-24,3.33,27.88,80.3,18.56,2.64,0.93
2011-03-25,8.62,27.45,80.81,19.14,2.46,0.93
2011-03-26,7.77,27.36,80.1,18.78,2.46,0.93
2011-03-27,10.68,27.56,77.7,16.88,1.73,0.93
2011-03-28,22.81,27.16,82.68,17.05,2.6,0.95
2011-03-29,4.59,27.59,78.68,18.03,3.21,0.95
2011-03-30,5.91,27.19,83.14,17.65,2.38,0.94
2011-03-31,5.39,26.55,85.86,12.8,3.23,0.94
2011-04-01,2.53,27.07,84.58,16.27,3.8,0.94
2011-04-02,3.34,27.9,80.69,19.24,4.1,0.94
2011-04-03,5.58,27.66,82.31,19.02,3.07,0.93
2011-04-04,5.97,27.66,82.15,21.04,3.41,0.93
2011-04-05,16.39,27.61,83.09,15.08,3.1,0.94
2011-04-06,7.46,27.51,80.72,19.54,2.27,0.94
2011-04-07,8.5,27.38,82.89,18.42,1.96,0.94
2011-04-08,6.03,27.48,82.7,15.57,2.55,0.94
2011-04-09,6.64,27.22,83.36,17.79,2.28,0.94
2011-04-10,8.92,27.14,85.54,16.93,2.75,0.95
2011-04-11,6.13,26.32,87.84,17.33,3.41,0.95
2011-04-12,21.53,26.61,84.56,15.88,3.24,0.96
2011-04-13,6.45,27.0,82.26,19.14,2.98,0.96
2011-04-14,2.18,26.95,85.39,19.25,2.47,0.96
2011-04-15,2.66,27.38,82.19,20.68,1.74,0.96
2011-04-16,7.34,27.74,82.38,17.5,2.96,0.95
2011-04-17,9.85,27.64,81.99,18.72,3.08,0.96
2011-04-18,9.08,27.33,85.99,15.25,3.3,0.96
2011-04-19,14.01,27.32,82.91,11.38,2.44,0.96
2011-04-20,11.01,27.1,80.43,8.35,1.65,0.97
2011-04-21,5.47,26.66,83.8,13.95,2.95,0.97
2011-04-22,3.54,26.59,83.79,16.76,2.62,0.97
2011-04-23,0.38,26.84,83.22,20.12,1.84,0.96
2011-04-24,0.5,27.45,84.1,20.88,2.38,0.96
2011-04-25,0.95,27.57,81.1,21.55,2.21,0.95
2011-04-26,1.27,27.45,78.43,17.2,2.66,0.95
2011-04-27,1.94,27.34,79.61,16.05,2.82,0.94
2011-04-28,2.42,27.65,78.43,17.46,3.64,0.94
2011-04-29,1.46,27.78,76.76,17.3,2.65,0.93
2011-04-30,0.96,27.96,75.05,21.81,2.41,0.93
2011-05-01,0.03,27.32,76.08,22.39,2.33,0.92
2011-05-02,0.0,27.01,75.43,21.69,1.87,0.91
2011-05-03,0.03,27.11,73.74,18.19,1.49,0.9
2011-05-04,0.22,26.85,79.08,22.07,2.43,0.89
2011-05-05,0.05,27.44,76.69,20.21,2.05,0.89
2011-05-06,0.05,27.24,79.13,20.75,2.07,0.88
2011-05-07,0.21,27.66,76.19,14.26,2.02,0.87
2011-05-08,10.01,27.43,79.98,16.89,2.04,0.88
2011-05-09,8.23,27.69,79.55,17.12,1.39,0.88
2011-05-10,11.85,27.21,81.6,12.93,1.64,0.89
2011-05-11,6.75,26.44,86.22,9.69,2.74,0.89
2011-05-12,0.81,26.83,81.37,20.84,3.99,0.89
2011-05-13,0.03,27.17,78.91,18.45,3.27,0.88
2011-05-14,0.01,27.18,76.52,18.7,2.92,0.87
2011-05-15,0.02,27.33,74.86,20.3,2.89,0.86
2011-05-16,0.0,27.5,75.07,21.24,2.36,0.85
2011-05-17,0.0,27.4,78.31,21.12,2.2,0.85
2011-05-18,0.02,27.29,77.55,17.93,3.04,0.84
2011-05-19,0.0,27.03,75.81,20.75,3.42,0.83
2011-05-20,0.0,26.97,75.65,21.36,3.35,0.82
2011-05-21,0.0,27.02,76.54,20.87,3.31,0.81
2011-05-22,0.01,26.47,76.07,19.34,3.19,0.8
2011-05-23,0.03,26.52,75.69,17.8,3.66,0.79
2011-05-24,0.0,26.37,70.41,21.1,3.23,0.79
2011-05-25,0.0,26.38,73.83,20.96,3.05,0.78
2011-05-26,0.07,26.3,75.22,19.92,3.02,0.77
2011-05-27,0.0,26.51,75.19,18.89,2.49,0.77
2011-05-28,0.05,26.93,77.26,17.55,2.88,0.76
2011-05-29,2.77,27.35,78.93,14.94,2.89,0.75
2011-05-30,1.35,27.25,79.88,17.48,3.36,0.75
2011-05-31,0.31,26.74,76.55,19.72,3.72,0.74
2011-06-01,0.01,26.61,74.94,19.59,3.34,0.73
2011-06-02,0.04,26.35,73.89,19.51,3.08,0.72
2011-06-03,0.0,25.98,73.42,19.21,3.28,0.72
2011-06-04,0.0,25.73,73.86,19.69,3.03,0.71
2011-06-05,0.0,25.51,75.01,19.48,2.82,0.7
2011-06-06,0.0,25.72,74.57,20.53,2.47,0.7
2011-06-07,0.01,26.09,72.65,18.96,1.92,0.69
2011-06-08,0.01,26.0,73.98,17.44,3.11,0.68
2011-06-09,0.0,25.92,72.92,20.24,3.23,0.67
2011-06-10,0.0,25.92,75.92,20.03,4.52,0.67
2011-06-11,0.0,25.93,75.17,20.58,3.79,0.66
2011-06-12,0.01,25.72,78.49,18.85,4.73,0.65
2011-06-13,0.01,24.9,74.59,17.43,4.48,0.65
2011-06-14,0.0,24.55,71.79,19.12,3.96,0.64
2011-06-15,0.0,24.08,72.38,17.92,3.3,0.63
2011-06-16,0.0,24.18,70.67,19.79,2.3,0.63
2011-06-17,0.01,24.74,73.04,18.4,3.3,0.62
2011-06-18,0.0,24.9,73.21,19.04,2.82,0.62
2011-06-19,0.01,25.05,73.12,18.91,2.68,0.61
2011-06-20,0.0,25.45,73.72,19.1,2.97,0.6
2011-06-21,0.01,25.32,76.16,18.7,3.48,0.6
2011-06-22,0.0,24.94,71.3,19.71,3.41,0.59
2011-06-23,0.0,24.93,70.64,18.92,3.09,0.59
2011-06-24,0.0,25.58,72.69,18.77,2.84,0.58
2011-06-25,0.08,26.23,77.86,13.5,3.49,0.57
2011-06-26,1.43,26.47,79.9,18.56,2.87,0.57
2011-06-27,0.24,26.69,77.36,15.93,3.38,0.56
2011-06-28,0.02,26.15,70.33,20.34,2.67,0.56
2011-06-29,0.03,25.87,70.67,19.24,2.51,0.55
2011-06-30,0.0,25.66,69.05,20.72,2.4,0.55
2011-07-01,0.0,25.68,71.49,20.32,2.39,0.54
2011-07-02,0.0,25.74,72.07,20.13,2.27,0.54
2011-07-03,0.03,25.85,71.93,18.62,2.17,0.53
2011-07-04,0.0,26.14,67.93,18.55,2.83,0.53
2011-07-05,0.0,25.76,67.88,19.75,2.76,0.52
2011-07-06,0.0,25.82,72.38,17.96,2.42,0.52
2011-07-07,0.01,26.12,78.33,12.02,2.81,0.51
2011-07-08,0.01,26.45,75.48,14.62,3.05,0.51
2011-07-09,0.0,26.35,71.66,19.61,4.13,0.5
2011-07-10,0.06,26.14,70.19,19.29,4.22,0.5
2011-07-11,0.94,26.3,75.25,19.5,2.9,0.49
2011-07-12,4.26,26.59,79.97,15.58,2.08,0.5
2011-07-13,1.79,26.8,80.13,17.32,1.92,0.5
2011-07-14,5.97,26.74,77.86,18.13,2.51,0.5
2011-07-15,1.35,26.61,72.81,19.69,2.65,0.5
2011-07-16,0.01,26.59,73.4,18.51,2.97,0.49
2011-07-17,0.04,26.86,72.07,19.72,2.35,0.49
2011-07-18,0.0,26.69,71.48,19.4,3.12,0.48
2011-07-19,0.0,26.36,70.98,18.32,3.0,0.48
2011-07-20,0.0,26.25,70.2,20.86,2.95,0.47
2011-07-21,0.0,26.08,69.21,20.57,2.82,0.47
2011-07-22,0.11,25.42,72.68,17.95,4.4,0.47
2011-07-23,0.75,25.58,71.41,18.49,3.16,0.46
2011-07-24,0.56,25.02,73.31,18.45,2.38,0.46
2011-07-25,0.07,25.6,72.79,17.1,2.89,0.46
2011-07-26,0.08,26.26,72.27,17.23,3.36,0.46
2011-07-27,0.02,25.96,71.54,21.19,3.2,0.45
2011-07-28,0.0,25.97,70.16,20.24,3.35,0.45
2011-07-29,0.0,25.89,70.07,21.44,3.42,0.45
2011-07-30,0.01,26.05,70.22,17.61,3.34,0.44
2011-07-31,0.0,26.18,66.99,21.45,2.68,0.44
2011-08-01,0.04,26.73,70.61,20.14,2.4,0.44
2011-08-02,0.0,26.34,68.75,20.95,3.02,0.43
2011-08-03,0.0,25.77,70.16,21.36,2.96,0.43
2011-08-04,0.01,25.78,67.7,20.89,2.79,0.43
2011-08-05,0.02,25.86,66.32,20.26,2.6,0.42
2011-08-06,0.0,25.88,69.48,22.11,2.54,0.42
2011-08-07,0.0,26.51,66.11,21.1,3.03,0.42
2011-08-08,0.28,26.32,68.39,21.68,2.48,0.41
2011-08-09,0.16,26.33,68.5,21.72,1.69,0.41
2011-08-10,0.01,26.38,65.81,21.82,1.67,0.41
2011-08-11,0.01,26.39,65.88,21.88,1.39,0.4
2011-08-12,0.0,26.66,64.5,22.68,1.71,0.4
2011-08-13,0.0,26.73,62.37,22.67,2.56,0.4
2011-08-14,0.0,26.76,66.24,21.44,2.9,0.39
2011-08-15,0.0,26.84,63.57,22.5,2.77,0.39
2011-08-16,0.0,26.23,67.73,22.71,3.07,0.39
2011-08-17,0.0,25.98,65.25,23.17,3.42,0.39
2011-08-18,0.0,26.32,63.48,22.67,2.82,0.38
2011-08-19,0.08,26.46,62.24,22.13,3.08,0.38
2011-08-20,0.06,26.69,63.96,22.64,2.89,0.38
2011-08-21,0.03,26.6,67.12,21.79,2.94,0.38
2011-08-22,0.0,26.56,63.47,21.78,3.32,0.37
2011-08-23,0.0,25.79,60.08,22.41,3.86,0.37
2011-08-24,0.0,25.7,58.95,18.94,4.38,0.37
2011-08-25,0.02,25.48,64.89,20.99,3.59,0.36
2011-08-26,0.0,25.87,66.55,23.18,3.04,0.36
2011-08-27,0.0,26.69,66.55,18.73,2.37,0.36
2011-08-28,0.0,27.21,62.5,23.2,1.65,0.36
2011-08-29,0.0,27.41,69.63,21.03,2.36,0.35
2011-08-30,0.04,27.49,70.69,21.21,2.39,0.35
2011-08-31,0.25,27.45,70.68,23.11,1.69,0.35
2011-09-01,0.01,27.2,64.57,23.83,1.99,0.35
2011-09-02,0.07,27.41,62.87,23.87,1.36,0.34
2011-09-03,0.0,27.35,69.37,23.49,1.8,0.34
2011-09-04,0.03,27.38,70.94,23.76,1.89,0.34
2011-09-05,0.12,27.33,68.95,23.96,1.64,0.34
2011-09-06,0.0,27.36,65.83,24.47,1.65,0.34
2011-09-07,0.0,27.32,68.49,24.32,1.76,0.33
2011-09-08,0.05,27.32,70.64,23.43,1.78,0.33
2011-09-09,0.0,27.31,67.43,24.42,2.26,0.33
2011-09-10,0.0,27.4,67.86,24.51,2.67,0.33
2011-09-11,0.12,27.52,66.88,21.01,3.84,0.33
2011-09-12,0.01,27.32,63.2,20.28,3.64,0.33
2011-09-13,0.0,27.28,62.8,24.32,3.78,0.33
2011-09-14,0.0,27.19,64.05,23.92,3.06,0.33
2011-09-15,0.0,27.17,63.54,24.26,2.38,0.33
2011-09-16,0.0,27.27,66.99,23.88,2.11,0.33
2011-09-17,0.1,27.42,67.84,24.45,2.16,0.33
2011-09-18,0.04,27.36,70.33,24.34,2.08,0.33
2011-09-19,0.0,27.35,72.6,25.2,3.27,0.33
2011-09-20,0.01,27.5,69.55,24.68,2.62,0.33
2011-09-21,0.01,27.4,71.39,24.83,2.67,0.33
2011-09-22,0.04,27.92,73.35,24.35,1.37,0.33
2011-09-23,0.01,27.8,70.9,24.69,0.93,0.33
2011-09-24,0.0,27.67,69.66,24.91,1.16,0.33
2011-09-25,0.01,27.4,70.43,24.06,1.04,0.33
2011-09-26,0.01,27.66,69.5,24.36,1.77,0.33
2011-09-27,0.0,28.08,67.36,24.12,1.97,0.33
2011-09-28,0.0,27.92,70.28,21.92,2.36,0.33
2011-09-29,0.01,28.02,68.74,25.02,1.06,0.33
2011-09-30,0.0,27.56,72.21,25.02,2.01,0.33
2011-10-01,0.0,27.57,73.19,25.12,3.27,0.33
2011-10-02,0.01,27.27,76.76,25.38,4.12,0.33
2011-10-03,0.06,27.22,76.77,22.4,3.9,0.33
2011-10-04,0.43,27.23,73.27,22.86,3.51,0.33
2011-10-05,0.14,27.49,74.0,23.52,3.17,0.33
2011-10-06,0.98,27.74,76.76,22.69,3.9,0.33
2011-10-07,0.82,27.68,75.55,23.97,3.95,0.33
2011-10-08,0.03,27.65,77.17,23.94,3.22,0.33
2011-10-09,0.1,27.45,79.27,23.64,4.39,0.33
2011-10-10,0.2,27.48,78.35,21.97,4.18,0.33
2011-10-11,0.0,27.66,75.81,25.33,4.0,0.33
2011-10-12,0.0,27.55,76.5,26.12,3.71,0.33
2011-10-13,0.0,27.73,72.19,26.02,3.43,0.33
2011-10-14,0.0,28.17,70.22,25.37,1.61,0.33
2011-10-15,0.05,28.21,73.65,23.63,2.17,0.33
2011-10-16,0.11,28.92,71.46,25.86,1.85,0.33
2011-10-17,0.06,28.87,68.65,25.82,0.99,0.33
2011-10-18,0.48,29.2,67.98,25.55,1.73,0.33
2011-10-19,0.65,29.01,69.52,25.2,1.47,0.33
2011-10-20,22.53,28.65,71.69,26.1,1.38,0.34
2011-10-21,33.92,28.08,75.44,22.2,1.31,0.42
2011-10-22,13.53,28.32,73.69,24.04,1.3,0.45
2011-10-23,1.63,28.56,72.98,23.8,2.04,0.44
2011-10-24,0.18,28.63,73.37,25.5,1.8,0.44
2011-10-25,0.19,28.51,73.93,25.92,2.04,0.43
2011-10-26,0.29,28.8,72.19,24.41,1.59,0.43
2011-10-27,0.03,29.18,69.16,26.35,0.81,0.43
2011-10-28,0.32,29.23,68.76,25.66,1.6,0.42
2011-10-29,1.15,29.12,72.23,26.33,1.3,0.42
2011-10-30,0.16,29.03,71.37,25.48,2.31,0.41
2011-10-31,0.57,29.22,68.97,23.82,1.09,0.41
2011-11-01,1.03,29.16,67.99,22.19,1.09,0.41
2011-11-02,1.25,29.07,69.32,25.56,1.71,0.41
2011-11-03,0.15,29.55,66.69,25.17,0.92,0.4
2011-11-04,0.33,29.66,68.0,25.53,0.99,0.4
2011-11-05,0.24,29.5,69.11,24.5,1.33,0.4
2011-11-06,3.21,29.07,70.34,22.67,1.52,0.4
2011-11-07,5.61,28.73,72.71,23.4,2.19,0.4
2011-11-08,1.04,28.25,75.77,21.85,2.84,0.4
2011-11-09,1.86,28.83,71.09,23.69,1.63,0.4
2011-11-10,0.95,28.92,70.59,23.04,2.09,0.4
2011-11-11,2.65,29.37,71.32,25.06,1.59,0.4
2011-11-12,8.15,28.53,73.91,24.32,1.44,0.41
2011-11-13,4.61,29.09,68.51,25.19,0.94,0.42
2011-11-14,0.09,29.34,66.36,26.17,1.97,0.41
2011-11-15,0.92,29.57,67.11,23.4,2.08,0.41
2011-11-16,2.87,29.21,67.34,20.86,1.28,0.41
2011-11-17,0.97,29.41,67.75,22.31,0.66,0.41
2011-11-18,2.24,29.04,73.05,24.11,1.66,0.41
2011-11-19,1.1,29.5,69.03,20.73,1.41,0.41
2011-11-20,0.93,29.6,67.41,24.42,1.13,0.4
2011-11-21,4.02,29.33,71.14,24.14,2.13,0.41
2011-11-22,1.49,29.21,72.3,25.13,3.59,0.41
2011-11-23,0.04,29.34,70.23,27.16,3.35,0.4
2011-11-24,0.09,29.82,68.92,26.38,2.74,0.4
2011-11-25,3.57,30.24,65.38,24.46,1.85,0.4
2011-11-26,16.14,29.43,72.68,19.69,1.75,0.41
2011-11-27,0.7,29.51,72.2,25.61,1.48,0.42
2011-11-28,0.85,30.19,72.29,26.18,2.24,0.42
2011-11-29,2.8,29.57,72.8,25.3,0.59,0.42
2011-11-30,2.39,29.1,75.79,22.03,0.71,0.42
2011-12-01,0.67,29.78,73.5,23.15,2.16,0.42
2011-12-02,0.74,29.75,72.06,25.72,2.01,0.42
2011-12-03,2.58,29.91,69.91,25.54,1.49,0.42
2011-12-04,2.68,29.62,72.26,24.6,3.3,0.42
2011-12-05,3.61,28.54,76.9,9.99,3.72,0.42
2011-12-06,0.88,28.13,75.08,15.67,2.01,0.43
2011-12-07,1.11,28.3,75.43,19.22,2.54,0.42
2011-12-08,5.93,28.27,78.27,19.32,3.3,0.43
2011-12-09,4.8,27.92,78.96,18.6,2.45,0.44
2011-12-10,76.27,27.44,79.25,11.91,2.16,0.51
2011-12-11,7.36,27.92,73.72,22.9,1.59,0.58
2011-12-12,0.25,28.84,72.7,23.83,0.86,0.57
2011-12-13,1.96,28.68,76.32,24.01,1.47,0.56
2011-12-14,25.26,27.89,78.86,8.28,2.61,0.58
2011-12-15,11.25,27.53,78.68,14.3,2.05,0.61
2011-12-16,6.28,28.34,75.34,17.66,2.36,0.61
2011-12-17,9.95,28.23,80.37,18.73,2.8,0.62
2011-12-18,10.62,27.96,82.58,18.37,2.78,0.63
2011-12-19,1.56,28.31,79.04,22.67,2.34,0.63
2011-12-20,1.2,28.68,80.15,23.25,2.23,0.62
2011-12-21,6.88,28.79,80.17,17.09,2.21,0.63
2011-12-22,2.84,28.44,83.19,13.46,3.17,0.63
2011-12-23,2.55,28.37,78.92,19.66,2.69,0.63
2011-12-24,2.13,28.44,80.86,21.67,3.55,0.63
2011-12-25,1.45,28.7,79.98,23.05,2.87,0.62
2011-12-26,0.3,28.83,81.39,22.28,3.09,0.62
2011-12-27,1.02,28.73,81.62,22.98,1.95,0.61
2011-12-28,3.24,27.98,85.03,18.85,2.91,0.61
2011-12-29,6.47,27.9,81.52,20.61,3.42,0.62
2011-12-30,5.11,28.35,77.15,16.59,2.5,0.62
2011-12-31,9.48,28.31,77.13,19.78,1.3,0.63
2012-01-01,5.69,27.46,83.52,13.72,2.68,0.64
2012-01-02,6.31,27.9,80.86,20.13,2.85,0.64
2012-01-03,40.34,27.15,84.9,14.31,3.12,0.67
2012-01-04,16.72,27.45,83.93,15.44,3.24,0.73
2012-01-05,7.2,27.52,81.18,13.19,1.99,0.73
2012-01-06,6.12,27.5,80.68,20.82,3.08,0.73
2012-01-07,10.64,28.02,83.29,11.66,4.89,0.73
2012-01-08,14.53,28.13,83.72,16.36,4.58,0.75
2012-01-09,22.62,28.13,84.06,12.85,5.35,0.77
2012-01-10,19.81,27.74,83.99,15.23,4.35,0.8
2012-01-11,3.82,27.02,85.04,17.68,3.33,0.81
2012-01-12,2.01,26.86,84.84,14.34,2.97,0.81
2012-01-13,0.59,27.3,81.34,18.64,2.7,0.8
2012-01-14,0.84,27.6,81.54,23.28,2.18,0.8
2012-01-15,1.19,27.88,80.51,22.64,2.34,0.79
2012-01-16,0.69,28.4,76.55,23.4,1.89,0.79
2012-01-17,0.59,28.3,77.6,26.14,2.09,0.78
2012-01-18,1.3,28.25,78.73,23.9,2.02,0.78
2012-01-19,3.74,27.95,82.17,21.99,2.9,0.77
2012-01-20,4.46,27.85,79.67,22.07,2.84,0.78
2012-01-21,17.18,27.19,84.36,21.03,4.35,0.78
2012-01-22,19.71,27.42,84.14,9.87,4.71,0.82
2012-01-23,7.96,27.07,85.41,13.91,4.28,0.83
2012-01-24,9.36,27.06,82.79,15.69,4.52,0.83
2012-01-25,3.46,27.41,82.11,14.99,4.68,0.83
2012-01-26,0.8,26.96,81.19,22.32,3.96,0.83
2012-01-27,0.16,27.06,77.64,21.36,2.83,0.82
2012-01-28,1.44,27.73,79.28,22.8,3.33,0.81
2012-01-29,5.49,27.87,79.83,15.8,4.71,0.81
2012-01-30,2.3,26.92,84.07,17.35,4.18,0.81
2012-01-31,4.68,26.92,82.58,14.38,3.15,0.81
2012-02-01,21.89,26.65,84.79,7.64,3.18,0.82
2012-02-02,36.77,26.49,85.56,9.43,4.78,0.86
2012-02-03,23.96,26.26,85.9,16.3,4.95,0.89
2012-02-04,9.71,26.39,83.64,14.93,4.53,0.9
2012-02-05,6.11,26.49,82.74,23.07,2.97,0.9
2012-02-06,13.2,27.17,82.5,23.74,2.72,0.9
2012-02-07,26.09,26.96,82.76,21.33,2.97,0.92
2012-02-08,7.02,27.14,82.11,22.16,2.55,0.93
2012-02-09,2.26,27.18,83.73,24.76,3.09,0.92
2012-02-10,2.69,27.51,78.45,26.42,1.74,0.92
2012-02-11,1.42,27.92,75.45,25.28,1.03,0.91
2012-02-12,0.12,28.1,76.35,27.71,1.45,0.91
2012-02-13,0.66,28.19,74.18,26.24,1.11,0.9
2012-02-14,10.4,28.37,74.34,22.24,1.57,0.9
2012-02-15,2.28,28.88,73.43,24.17,2.68,0.89
2012-02-16,0.31,28.86,72.02,24.26,2.1,0.88
2012-02-17,3.01,28.53,75.19,22.13,1.42,0.88
2012-02-18,3.8,27.66,80.06,24.2,0.87,0.88
2012-02-19,1.77,27.45,80.91,13.8,1.97,0.87
2012-02-20,3.68,27.3,81.57,24.06,2.01,0.87
2012-02-21,2.08,26.91,81.43,22.92,1.99,0.87
2012-02-22,2.14,27.76,76.98,21.28,2.15,0.86
2012-02-23,0.73,28.57,73.59,25.23,1.35,0.86
2012-02-24,0.37,28.34,76.81,26.5,2.02,0.85
2012-02-25,0.21,28.35,77.09,23.83,1.74,0.84
2012-02-26,0.37,28.58,74.89,27.23,1.54,0.84
2012-02-27,0.78,28.68,72.88,24.86,0.92,0.83
2012-02-28,1.05,28.24,75.75,20.25,1.44,0.82
2012-02-29,0.99,27.98,76.67,21.95,1.82,0.82
2012-03-01,2.56,27.87,79.03,22.24,2.4,0.82
2012-03-02,1.64,27.62,82.84,23.97,2.37,0.81
2012-03-03,6.36,27.79,80.47,17.73,2.26,0.81
2012-03-04,4.35,27.67,80.83,21.44,1.65,0.82
2012-03-05,9.43,27.12,85.9,9.86,3.52,0.82
2012-03-06,8.36,27.07,81.9,11.01,2.25,0.83
2012-03-07,8.24,27.1,79.05,18.27,1.56,0.84
2012-03-08,4.49,27.57,77.69,20.73,1.83,0.84
2012-03-09,3.42,27.24,81.97,19.85,2.3,0.83
2012-03-10,7.34,27.23,85.13,17.89,2.83,0.84
2012-03-11,4.31,27.55,82.87,21.06,2.91,0.84
2012-03-12,29.45,26.85,86.39,12.66,2.86,0.86
2012-03-13,24.69,26.91,84.58,8.04,4.66,0.89
2012-03-14,50.05,27.31,84.07,8.0,6.05,0.93
2012-03-15,12.74,27.71,82.85,7.59,6.75,0.95
2012-03-16,21.51,27.57,82.63,15.31,6.42,0.95
2012-03-17,14.82,27.5,81.14,11.25,5.51,0.96
2012-03-18,8.59,27.26,82.6,13.23,4.02,0.95
2012-03-19,19.33,26.54,84.74,11.49,3.7,0.96
2012-03-20,14.77,27.12,80.94,16.1,3.67,0.96
2012-03-21,41.43,26.82,81.23,13.68,3.04,0.98
2012-03-22,4.73,27.16,78.07,24.03,2.62,0.99
2012-03-23,0.18,26.88,81.01,25.23,2.69,0.97
2012-03-24,0.0,26.8,80.55,20.93,2.9,0.96
2012-03-25,0.02,27.02,73.86,26.61,2.76,0.95
2012-03-26,1.05,27.05,80.6,23.19,3.08,0.94
2012-03-27,8.02,27.73,74.44,25.17,3.05,0.94
2012-03-28,0.0,27.29,70.11,26.45,2.45,0.93
2012-03-29,0.0,27.86,66.43,24.95,0.55,0.92
2012-03-30,0.01,28.42,69.7,24.1,0.74,0.91
2012-03-31,0.11,28.26,72.44,22.98,1.17,0.9
2012-04-01,0.23,28.0,76.06,23.28,1.73,0.9
2012-04-02,0.22,28.23,71.43,23.96,1.66,0.89
2012-04-03,0.18,28.05,70.03,24.91,1.93,0.88
2012-04-04,3.52,27.93,71.83,23.24,1.53,0.88
2012-04-05,0.44,28.31,68.98,24.63,2.05,0.87
2012-04-06,0.06,27.93,71.24,22.74,1.63,0.86
2012-04-07,0.12,28.09,70.38,24.62,2.52,0.85
2012-04-08,0.0,28.25,68.76,25.32,2.57,0.84
2012-04-09,0.02,28.17,73.08,24.54,2.54,0.83
2012-04-10,0.02,28.29,73.2,22.51,2.78,0.82
2012-04-11,0.03,28.06,73.25,21.71,2.85,0.8
2012-04-12,0.14,28.08,72.87,22.31,2.33,0.79
2012-04-13,0.16,27.68,76.7,22.33,2.43,0.79
2012-04-14,0.13,28.04,76.55,22.57,1.89,0.78
2012-04-15,0.31,28.04,79.53,22.66,1.94,0.77
2012-04-16,0.18,28.37,76.99,23.92,2.15,0.77
2012-04-17,0.05,28.66,72.06,23.8,1.81,0.76
2012-04-18,0.1,28.6,72.42,20.68,1.58,0.75
2012-04-19,0.07,28.88,71.96,22.19,1.79,0.74
2012-04-20,0.87,28.98,71.96,21.39,1.62,0.73
2012-04-21,0.13,28.45,76.62,23.0,3.27,0.72
2012-04-22,3.75,28.52,74.27,22.41,2.77,0.72
2012-04-23,0.98,28.16,77.99,17.28,2.95,0.71
2012-04-24,0.57,28.31,75.53,21.57,1.58,0.7
2012-04-25,4.99,27.95,77.05,18.15,1.42,0.7
2012-04-26,7.79,27.96,79.0,14.48,2.84,0.71
2012-04-27,11.55,27.41,82.14,11.67,2.06,0.72
2012-04-28,6.13,27.49,80.91,20.9,1.9,0.73
2012-04-29,4.25,27.67,81.07,19.74,1.83,0.73
2012-04-30,2.71,27.81,78.39,19.79,2.37,0.73
2012-05-01,1.02,27.83,74.57,20.4,2.75,0.72
2012-05-02,0.02,27.98,70.0,20.2,2.68,0.71
2012-05-03,0.06,28.28,70.7,20.91,2.3,0.7
2012-05-04,0.78,28.0,75.24,19.7,1.34,0.7
2012-05-05,1.09,28.25,74.49,16.29,2.55,0.69
2012-05-06,0.74,28.31,73.37,17.61,2.96,0.69
2012-05-07,0.42,27.53,74.09,15.2,3.11,0.68
2012-05-08,0.55,27.74,73.38,16.09,3.94,0.68
2012-05-09,5.37,27.47,78.08,12.69,4.09,0.68
2012-05-10,13.27,27.04,83.64,9.2,4.08,0.69
2012-05-11,33.78,27.46,85.67,8.89,2.24,0.72
2012-05-12,43.07,27.35,87.13,9.31,4.28,0.78
2012-05-13,16.41,27.2,84.4,18.89,2.66,0.83
2012-05-14,3.04,27.61,81.53,13.6,3.0,0.82
2012-05-15,8.47,26.98,83.37,8.18,2.8,0.82
2012-05-16,3.2,27.22,80.61,20.37,2.99,0.83
2012-05-17,0.04,27.4,80.04,20.76,2.83,0.82
2012-05-18,0.17,27.31,76.73,19.1,3.05,0.82
2012-05-19,0.08,27.02,76.25,20.72,2.61,0.81
2012-05-20,0.0,26.72,70.64,20.21,3.27,0.8
2012-05-21,0.0,26.85,74.78,20.42,3.19,0.79
2012-05-22,0.03,27.14,75.74,18.34,3.49,0.78
2012-05-23,0.04,27.13,73.0,13.92,4.34,0.77
2012-05-24,0.0,27.02,75.14,13.6,4.66,0.76
2012-05-25,0.04,27.24,77.21,17.43,3.78,0.76
2012-05-26,0.02,26.83,75.3,17.52,4.76,0.75
2012-05-27,0.01,26.13,74.54,15.93,3.87,0.74
2012-05-28,0.01,26.0,72.9,17.24,3.27,0.73
2012-05-29,0.14,25.67,77.68,17.47,2.58,0.72
2012-05-30,0.13,25.96,76.78,17.6,3.29,0.72
2012-05-31,0.46,25.97,78.48,17.6,2.61,0.71
2012-06-01,0.0,26.45,78.49,20.31,3.61,0.7
2012-06-02,0.04,26.24,80.72,19.14,3.25,0.7
2012-06-03,0.0,27.12,75.98,19.96,1.82,0.69
2012-06-04,0.02,27.27,75.68,20.12,2.5,0.68
2012-06-05,0.05,26.95,75.88,10.23,3.59,0.67
2012-06-06,0.0,26.58,77.97,16.55,3.77,0.67
2012-06-07,0.01,26.75,76.44,16.47,2.81,0.66
2012-06-08,0.01,26.89,73.9,19.57,3.1,0.65
2012-06-09,0.02,26.62,76.19,18.99,3.02,0.64
2012-06-10,0.0,25.78,72.29,18.96,2.57,0.64
2012-06-11,0.0,25.94,71.37,21.15,2.08,0.63
2012-06-12,0.09,25.65,72.79,16.78,1.55,0.62
2012-06-13,0.11,25.69,74.3,18.52,1.82,0.62
2012-06-14,0.02,25.66,75.96,17.94,2.14,0.61
2012-06-15,0.0,25.55,77.61,20.05,3.0,0.61
2012-06-16,0.02,26.04,75.32,19.71,2.27,0.6
2012-06-17,0.08,26.66,74.6,20.27,3.88,0.59
2012-06-18,0.03,26.07,75.29,19.77,3.92,0.59
2012-06-19,0.01,26.22,76.75,18.4,3.55,0.58
2012-06-20,0.12,26.14,76.34,14.64,2.51,0.57
2012-06-21,0.01,26.14,79.22,18.54,2.51,0.57
2012-06-22,0.0,25.64,74.75,20.34,3.9,0.56
2012-06-23,0.0,25.4,69.32,20.33,2.83,0.56
2012-06-24,0.0,26.16,68.53,20.14,4.59,0.55
2012-06-25,0.0,24.98,70.52,19.45,3.49,0.54
2012-06-26,0.0,25.01,69.97,20.24,2.82,0.54
2012-06-27,0.0,25.46,72.25,18.96,2.11,0.53
2012-06-28,0.0,25.9,73.07,19.68,2.67,0.53
2012-06-29,0.0,25.6,76.34,19.55,2.57,0.52
2012-06-30,0.0,25.31,77.43,19.03,2.89,0.52
2012-07-01,0.0,25.72,71.91,19.88,2.52,0.52
2012-07-02,0.01,25.91,71.48,18.44,3.9,0.51
2012-07-03,0.01,24.88,70.82,18.29,3.77,0.51
2012-07-04,0.0,25.05,73.03,19.84,3.62,0.5
2012-07-05,0.04,25.81,75.07,16.46,4.44,0.5
2012-07-06,0.08,24.96,74.63,17.41,4.24,0.49
2012-07-07,0.0,25.23,71.25,16.37,3.27,0.49
2012-07-08,0.0,25.55,74.84,19.08,2.47,0.49
2012-07-09,0.01,25.99,75.2,19.12,2.1,0.48
2012-07-10,0.0,26.66,75.42,17.58,1.47,0.48
2012-07-11,0.08,26.76,78.15,19.72,2.2,0.47
2012-07-12,0.48,26.57,81.86,18.84,2.49,0.47
2012-07-13,0.46,26.51,79.79,18.91,2.56,0.47
2012-07-14,0.06,26.18,80.41,17.13,3.14,0.46
2012-07-15,0.11,26.44,76.47,20.3,3.45,0.46
2012-07-16,0.51,26.39,77.53,17.02,3.52,0.46
2012-07-17,1.97,25.53,82.55,14.31,2.66,0.46
2012-07-18,1.4,26.67,76.8,14.44,3.3,0.46
2012-07-19,0.0,26.18,69.7,20.99,3.03,0.46
2012-07-20,0.0,26.05,70.87,21.01,3.27,0.45
2012-07-21,0.0,25.29,67.72,21.04,3.18,0.45
2012-07-22,0.0,25.03,68.19,20.88,2.76,0.44
2012-07-23,0.0,25.05,69.48,20.81,2.81,0.44
2012-07-24,0.0,25.76,67.05,21.67,2.15,0.44
2012-07-25,0.01,26.14,70.17,20.62,2.75,0.43
2012-07-26,0.01,25.86,68.64,20.42,2.11,0.43
2012-07-27,0.0,26.09,69.21,21.13,2.77,0.43
2012-07-28,0.03,25.62,73.62,21.15,2.2,0.43
2012-07-29,0.06,25.79,72.15,19.97,3.21,0.42
2012-07-30,0.0,25.55,65.41,21.16,3.59,0.42
2012-07-31,0.0,25.7,62.16,21.68,2.39,0.42
2012-08-01,0.0,25.95,67.9,20.85,2.56,0.41
2012-08-02,0.0,25.97,70.81,21.36,2.46,0.41
2012-08-03,0.0,26.03,69.05,20.35,2.21,0.41
2012-08-04,0.0,26.02,73.01,21.4,2.46,0.41
2012-08-05,0.0,25.73,72.98,21.75,2.23,0.4
2012-08-06,0.0,25.93,67.55,22.32,2.54,0.4
2012-08-07,0.0,26.11,64.86,22.31,2.84,0.4
2012-08-08,0.0,25.67,67.25,21.53,2.98,0.39
2012-08-09,0.0,25.9,66.82,22.04,2.72,0.39
2012-08-10,0.0,26.28,69.06,22.32,2.24,0.39
2012-08-11,0.0,26.32,64.58,22.81,3.12,0.39
2012-08-12,0.01,25.64,62.65,22.23,3.55,0.38
2012-08-13,0.01,24.96,66.93,22.77,3.32,0.38
2012-08-14,0.01,24.77,67.55,21.64,2.6,0.38
2012-08-15,0.04,25.29,63.61,22.35,2.55,0.38
2012-08-16,0.01,25.35,70.47,23.08,2.33,0.37
2012-08-17,0.0,25.44,72.82,22.24,2.36,0.37
2012-08-18,0.0,25.79,69.49,23.73,2.31,0.37
2012-08-19,0.0,25.79,65.28,23.71,1.77,0.37
2012-08-20,0.0,26.05,66.0,23.62,1.89,0.36
2012-08-21,0.0,26.25,64.29,23.79,1.74,0.36
2012-08-22,0.0,26.3,64.04,23.19,1.7,0.36
2012-08-23,0.0,26.78,66.05,23.5,1.81,0.35
2012-08-24,0.0,26.89,69.35,22.62,2.08,0.35
2012-08-25,0.0,26.93,73.42,20.16,1.95,0.35
2012-08-26,0.0,27.1,74.62,22.21,1.73,0.35
2012-08-27,0.0,27.54,70.4,23.36,1.81,0.34
2012-08-28,0.0,27.48,67.34,23.41,2.01,0.34
2012-08-29,0.0,27.44,62.72,23.85,1.73,0.34
2012-08-30,0.0,27.46,60.99,23.75,1.58,0.34
2012-08-31,0.0,26.58,68.44,24.07,2.54,0.34
2012-09-01,0.0,26.6,65.73,24.29,2.03,0.33
2012-09-02,0.07,26.8,66.89,23.42,1.38,0.33
2012-09-03,0.0,27.25,65.09,24.25,2.61,0.33
2012-09-04,0.0,27.14,68.07,23.84,2.11,0.33
2012-09-05,0.0,27.44,65.16,23.61,1.16,0.33
2012-09-06,0.0,27.27,66.39,21.47,1.34,0.33
2012-09-07,0.0,27.43,64.36,24.0,1.96,0.33
2012-09-08,0.0,27.5,64.01,24.13,1.66,0.33
2012-09-09,0.06,27.69,66.06,22.9,2.12,0.33
2012-09-10,0.0,27.19,70.61,24.65,2.65,0.33
2012-09-11,0.0,26.63,71.44,24.72,2.99,0.33
2012-09-12,0.0,27.22,68.87,23.7,1.85,0.33
2012-09-13,0.0,27.89,70.66,24.39,1.36,0.33
2012-09-14,0.14,27.78,70.51,23.86,1.92,0.33
2012-09-15,0.0,27.94,67.24,24.92,1.74,0.33
2012-09-16,0.0,28.16,59.62,25.35,1.84,0.33
2012-09-17,0.0,28.34,61.67,24.7,1.7,0.33
2012-09-18,0.06,28.22,63.4,20.57,1.19,0.33
2012-09-19,0.0,28.43,63.13,25.13,2.17,0.33
2012-09-20,0.0,28.38,60.98,24.67,1.27,0.33
2012-09-21,0.04,27.98,59.89,25.58,1.93,0.33
2012-09-22,0.0,27.6,60.69,26.03,2.58,0.33
2012-09-23,0.0,27.66,65.19,24.31,1.77,0.33
2012-09-24,0.0,27.52,69.13,24.56,2.48,0.33
2012-09-25,0.02,27.55,69.51,22.35,2.1,0.33
2012-09-26,0.07,27.7,70.55,22.41,1.38,0.33
2012-09-27,0.0,27.83,74.48,22.11,2.79,0.33
2012-09-28,0.03,27.72,76.11,23.49,3.06,0.33
2012-09-29,0.03,27.89,74.1,23.29,3.71,0.33
2012-09-30,0.0,28.17,73.49,24.41,2.13,0.33
2012-10-01,0.01,28.03,73.35,23.2,1.33,0.33
2012-10-02,0.04,28.51,68.78,25.02,1.92,0.32
2012-10-03,0.15,28.52,64.1,24.93,1.2,0.33
2012-10-04,0.06,28.61,63.12,25.18,2.28,0.33
2012-10-05,0.01,28.82,63.93,24.37,2.11,0.33
2012-10-06,0.06,28.81,67.69,23.79,1.89,0.33
2012-10-07,0.04,28.65,68.74,25.07,1.46,0.33
2012-10-08,0.02,28.43,67.79,26.45,3.25,0.32
2012-10-09,0.0,28.32,68.65,25.81,2.77,0.32
2012-10-10,0.3,28.83,68.02,21.65,1.2,0.33
2012-10-11,0.21,29.01,67.83,25.08,1.44,0.33
2012-10-12,0.05,29.35,67.8,25.55,1.69,0.33
2012-10-13,0.04,29.33,68.09,24.7,2.02,0.33
2012-10-14,0.02,29.4,64.74,25.29,1.95,0.33
2012-10-15,0.07,29.36,66.5,25.56,2.13,0.33
2012-10-16,0.15,29.1,65.9,24.26,1.82,0.33
2012-10-17,0.36,29.28,67.08,24.57,1.69,0.33
2012-10-18,0.2,29.26,65.97,24.02,0.8,0.33
2012-10-19,0.03,29.25,67.39,25.57,1.63,0.33
2012-10-20,0.0,29.47,65.12,26.19,1.61,0.33
2012-10-21,0.04,29.18,66.59,26.12,1.66,0.33
2012-10-22,0.06,29.16,66.44,25.7,1.84,0.33
2012-10-23,0.1,29.28,63.81,25.63,1.41,0.33
2012-10-24,0.02,29.26,63.33,26.18,1.18,0.33
2012-10-25,0.0,29.25,65.65,21.63,1.13,0.33
2012-10-26,0.1,29.52,65.44,24.95,1.95,0.32
2012-10-27,0.21,29.78,65.27,25.38,1.49,0.33
2012-10-28,0.09,29.44,68.04,24.87,1.01,0.33
2012-10-29,0.12,29.79,65.43,26.16,1.0,0.33
2012-10-30,0.06,29.88,64.03,26.99,0.98,0.33
2012-10-31,0.11,29.95,66.72,26.24,1.41,0.33
2012-11-01,0.05,30.22,64.36,25.42,1.27,0.33
2012-11-02,0.05,30.16,65.93,26.11,1.32,0.33
2012-11-03,0.08,29.77,65.38,23.6,0.66,0.33
2012-11-04,0.33,29.49,69.05,22.94,1.3,0.33
2012-11-05,0.13,30.01,64.92,22.45,1.22,0.33
2012-11-06,0.1,29.7,67.2,23.06,1.75,0.33
2012-11-07,0.67,29.64,68.24,24.81,1.37,0.33
2012-11-08,0.01,29.83,66.89,25.51,1.84,0.33
2012-11-09,0.32,30.1,68.06,23.34,1.9,0.33
2012-11-10,3.29,29.85,67.74,22.69,1.46,0.33
2012-11-11,2.31,29.94,64.19,25.94,1.21,0.33
2012-11-12,0.08,30.28,62.61,26.3,1.57,0.33
2012-11-13,6.34,29.9,67.56,24.26,1.31,0.34
2012-11-14,2.31,29.61,68.92,25.3,2.09,0.34
2012-11-15,0.78,29.69,68.62,26.33,1.81,0.34
2012-11-16,0.28,29.69,66.78,25.69,0.92,0.34
2012-11-17,0.15,29.79,68.7,23.96,1.74,0.33
2012-11-18,2.27,29.57,68.68,25.36,1.51,0.33
2012-11-19,3.28,29.56,69.08,22.85,1.62,0.34
2012-11-20,6.07,29.33,71.27,23.04,2.06,0.34
2012-11-21,10.35,29.05,72.14,19.38,1.01,0.36
2012-11-22,2.94,29.02,73.69,24.03,1.34,0.36
2012-11-23,0.61,29.62,68.57,24.33,0.76,0.36
2012-11-24,0.94,29.83,67.87,23.96,1.45,0.36
2012-11-25,3.0,29.33,72.08,23.62,2.27,0.36
2012-11-26,0.86,29.59,67.57,23.8,1.26,0.36
2012-11-27,1.21,30.03,66.72,25.08,1.73,0.36
2012-11-28,0.02,29.64,66.23,22.82,1.19,0.36
2012-11-29,0.63,29.92,66.52,25.13,1.62,0.35
2012-11-30,4.04,29.42,70.06,24.44,0.93,0.36
2012-12-01,5.17,29.54,69.21,23.24,1.15,0.37
2012-12-02,2.43,30.29,64.6,23.83,1.79,0.37
2012-12-03,0.73,30.4,63.09,25.23,0.88,0.36
2012-12-04,6.76,30.31,65.57,25.1,1.39,0.37
2012-12-05,0.28,30.77,59.91,22.06,1.21,0.37
2012-12-06,0.23,29.97,64.21,22.36,1.2,0.36
2012-12-07,0.28,30.05,66.06,21.71,0.92,0.36
2012-12-08,2.25,29.48,69.2,22.11,1.59,0.36
2012-12-09,5.62,29.9,66.42,22.52,1.03,0.37
2012-12-10,7.5,28.22,75.07,15.41,3.03,0.38
2012-12-11,11.41,28.69,71.44,20.24,2.03,0.39
2012-12-12,3.88,27.91,75.14,16.22,1.33,0.4
2012-12-13,5.45,28.69,69.38,20.66,1.08,0.41
2012-12-14,4.45,28.99,70.51,22.63,1.39,0.41
2012-12-15,3.92,28.73,73.93,18.97,1.93,0.42
2012-12-16,3.02,28.69,76.77,22.04,2.41,0.42
2012-12-17,8.8,28.76,74.47,19.02,1.83,0.42
2012-12-18,22.16,28.18,78.78,19.69,1.67,0.46
2012-12-19,16.04,28.42,78.47,20.75,2.39,0.49
2012-12-20,10.22,28.53,77.32,20.54,2.45,0.5
2012-12-21,9.83,28.83,78.36,22.1,2.43,0.51
2012-12-22,3.81,28.63,78.1,23.49,1.2,0.52
2012-12-23,4.07,28.47,80.49,20.76,2.33,0.52
2012-12-24,4.49,28.5,80.19,20.31,2.26,0.52
2012-12-25,7.19,27.66,81.76,18.73,2.04,0.53
2012-12-26,1.61,27.91,80.96,22.32,2.34,0.53
2012-12-27,1.52,27.96,80.78,20.32,1.73,0.53
2012-12-28,0.24,28.77,76.43,24.44,1.17,0.53
2012-12-29,0.86,29.03,76.57,22.7,0.68,0.52
2012-12-30,3.46,28.89,78.36,23.16,2.11,0.52
2012-12-31,15.66,28.53,79.71,15.61,2.3,0.54
2013-01-01,16.15,27.88,82.76,15.55,3.82,0.56
2013-01-02,18.8,27.56,83.6,14.66,2.8,0.59
2013-01-03,9.71,28.11,81.83,10.66,3.17,0.61
2013-01-04,10.72,27.53,84.25,18.16,2.99,0.62
2013-01-05,11.4,27.66,84.3,15.26,3.68,0.63
2013-01-06,52.67,27.49,85.71,11.87,4.6,0.68
2013-01-07,24.32,27.84,84.61,17.01,5.22,0.74
2013-01-08,29.04,28.13,83.63,8.02,6.94,0.77
2013-01-09,23.91,27.98,81.86,9.12,7.35,0.8
2013-01-10,33.17,27.92,83.0,3.83,6.3,0.84
2013-01-11,18.81,27.97,82.48,18.16,5.01,0.85
2013-01-12,24.11,27.31,85.6,15.55,3.48,0.88
2013-01-13,11.52,27.46,80.57,11.0,2.85,0.89
2013-01-14,28.48,27.31,83.58,21.04,3.39,0.9
2013-01-15,13.56,27.56,84.27,18.3,5.0,0.92
2013-01-16,16.36,27.75,82.33,20.27,4.31,0.92
2013-01-17,24.21,27.4,83.98,17.83,3.4,0.94
2013-01-18,31.94,27.63,83.25,22.29,4.44,0.96
2013-01-19,59.95,27.41,84.86,19.25,5.33,0.99
2013-01-20,41.86,27.34,84.61,15.16,5.88,1.0
2013-01-21,24.56,27.49,84.43,17.84,5.07,1.0
2013-01-22,7.2,27.77,83.64,20.45,4.15,0.99
2013-01-23,3.8,27.56,84.69,20.9,3.65,0.99
2013-01-24,1.75,27.27,86.41,19.59,3.44,0.98
2013-01-25,1.15,27.42,84.5,21.71,2.83,0.98
2013-01-26,2.25,27.75,83.79,25.42,2.87,0.97
2013-01-27,0.69,28.3,80.06,24.87,3.51,0.97
2013-01-28,1.1,27.53,84.67,16.67,2.63,0.96
2013-01-29,3.16,27.46,81.85,20.62,3.1,0.96
2013-01-30,2.02,27.48,80.53,24.62,2.88,0.95
2013-01-31,8.76,27.86,80.11,21.71,2.4,0.95
2013-02-01,5.32,27.43,81.34,20.6,1.96,0.95
2013-02-02,0.38,27.05,82.95,25.52,1.71,0.95
2013-02-03,2.99,27.15,80.94,22.66,1.53,0.94
2013-02-04,0.84,28.27,77.21,26.97,1.22,0.94
2013-02-05,0.61,28.72,76.81,27.27,0.93,0.93
2013-02-06,0.3,28.92,76.1,26.84,1.72,0.92
2013-02-07,0.09,28.86,74.87,26.53,1.56,0.91
2013-02-08,0.48,28.91,74.4,26.05,1.64,0.9
2013-02-09,0.7,28.78,74.7,26.0,1.91,0.9
2013-02-10,3.48,28.59,75.27,24.52,1.05,0.89
2013-02-11,1.59,28.37,77.6,26.47,1.48,0.89
2013-02-12,1.83,28.19,79.37,24.85,1.84,0.88
2013-02-13,2.8,28.34,79.06,24.58,2.51,0.88
2013-02-14,3.39,28.18,78.36,23.11,1.98,0.87
2013-02-15,14.03,28.36,78.89,22.14,2.66,0.88
2013-02-16,23.73,27.52,84.85,8.6,3.46,0.9
2013-02-17,13.09,27.2,81.32,19.45,2.42,0.92
2013-02-18,5.21,27.62,80.74,22.58,2.42,0.91
2013-02-19,18.65,26.87,87.41,16.8,2.21,0.92
2013-02-20,14.24,27.17,85.66,19.1,3.1,0.94
2013-02-21,22.55,27.19,87.69,13.92,3.81,0.95
2013-02-22,19.84,27.32,86.71,15.58,5.23,0.97
2013-02-23,20.8,27.16,87.04,7.53,5.09,0.97
2013-02-24,28.9,27.42,83.4,10.85,4.08,0.99
2013-02-25,38.76,27.15,85.86,16.53,4.2,1.0
2013-02-26,33.54,27.05,86.01,15.73,4.54,1.0
2013-02-27,27.76,26.99,86.83,10.66,5.85,1.0
2013-02-28,12.95,27.41,84.2,16.42,5.21,1.0
2013-03-01,10.31,27.6,84.98,17.81,3.2,1.0
2013-03-02,4.86,27.7,82.57,19.68,3.12,0.99
2013-03-03,13.81,27.23,82.11,17.98,3.82,0.99
2013-03-04,16.51,27.4,84.23,14.33,3.77,0.99
2013-03-05,33.33,27.17,86.44,17.45,4.5,0.99
2013-03-06,36.05,27.19,84.94,16.39,5.18,1.0
2013-03-07,5.17,27.45,81.83,19.23,3.37,1.0
2013-03-08,2.83,27.57,82.76,22.31,2.55,0.99
2013-03-09,2.72,27.87,83.41,20.6,2.19,0.98
2013-03-10,2.09,27.67,84.59,22.39,2.55,0.98
2013-03-11,4.97,27.08,85.64,20.02,2.67,0.97
2013-03-12,4.42,27.3,82.23,21.7,2.94,0.97
2013-03-13,9.44,26.83,84.63,16.62,2.39,0.97
2013-03-14,6.31,26.79,80.52,19.07,2.94,0.97
2013-03-15,2.02,26.63,75.53,18.55,2.78,0.97
2013-03-16,0.7,27.65,77.8,24.85,1.7,0.96
2013-03-17,0.77,27.89,79.03,24.96,1.68,0.95
2013-03-18,0.31,28.26,77.89,26.36,1.82,0.95
2013-03-19,0.1,28.57,75.59,26.48,1.53,0.94
2013-03-20,0.01,28.63,71.84,25.94,1.42,0.92
2013-03-21,0.02,28.59,68.43,26.49,0.8,0.91
2013-03-22,0.17,28.64,69.57,26.27,1.44,0.9
2013-03-23,4.05,28.72,71.35,24.52,1.62,0.9
2013-03-24,0.33,29.29,67.28,25.77,0.68,0.89
2013-03-25,0.0,29.38,69.67,23.96,0.97,0.88
2013-03-26,0.23,29.3,74.03,24.52,2.27,0.87
2013-03-27,1.43,28.96,77.05,22.18,2.58,0.87
2013-03-28,0.83,28.74,79.88,22.85,2.45,0.86
2013-03-29,1.57,28.82,78.14,22.73,2.44,0.86
2013-03-30,1.03,29.11,76.12,22.78,2.31,0.85
2013-03-31,0.41,28.82,77.1,23.93,1.98,0.84
2013-04-01,0.22,28.81,75.92,24.84,2.02,0.83
2013-04-02,0.09,28.98,71.93,24.31,0.94,0.82
2013-04-03,0.0,28.8,73.86,21.46,1.39,0.81
2013-04-04,0.03,28.86,71.63,22.37,1.08,0.8
2013-04-05,0.35,29.26,72.32,22.76,1.6,0.79
2013-04-06,22.74,28.92,77.97,23.25,1.94,0.8
2013-04-07,21.65,28.11,84.87,19.31,3.4,0.83
2013-04-08,42.31,27.5,84.53,10.81,2.99,0.86
2013-04-09,15.62,27.28,85.17,18.89,3.59,0.9
2013-04-10,1.45,27.62,82.83,15.08,2.78,0.89
2013-04-11,1.09,27.86,78.88,19.12,1.5,0.89
2013-04-12,4.68,28.25,77.57,21.53,2.66,0.88
2013-04-13,0.76,28.69,71.71,18.38,2.25,0.87
2013-04-14,1.91,28.49,74.11,22.43,1.73,0.87
2013-04-15,1.59,28.36,68.89,23.23,1.82,0.86
2013-04-16,0.07,28.39,68.38,23.63,1.87,0.85
2013-04-17,0.02,28.36,68.71,20.43,1.75,0.84
2013-04-18,0.0,28.48,72.83,22.66,2.33,0.83
2013-04-19,0.01,28.5,74.66,23.52,2.37,0.82
2013-04-20,0.3,28.67,73.64,21.85,2.26,0.81
2013-04-21,0.35,28.56,77.23,22.02,2.71,0.8
2013-04-22,0.11,28.98,73.8,23.53,2.6,0.79
2013-04-23,0.03,28.15,73.42,22.81,2.24,0.78
2013-04-24,0.0,28.24,67.16,21.55,1.35,0.77
2013-04-25,0.0,28.21,72.05,21.42,2.29,0.76
2013-04-26,0.01,28.49,70.05,21.69,3.12,0.75
2013-04-27,0.11,28.69,69.49,22.54,2.81,0.74
2013-04-28,0.21,28.29,72.38,22.47,2.46,0.73
2013-04-29,0.02,28.13,74.22,22.59,2.57,0.72
2013-04-30,0.27,27.94,74.01,22.47,2.75,0.72
2013-05-01,0.02,28.07,70.22,22.82,3.19,0.71
2013-05-02,0.03,28.3,70.26,22.6,2.64,0.7
2013-05-03,0.01,28.58,72.22,22.26,1.77,0.69
2013-05-04,0.76,28.71,76.73,21.25,2.32,0.68
2013-05-05,2.05,28.36,80.58,17.02,1.94,0.68
2013-05-06,0.3,28.41,80.36,21.24,2.08,0.68
2013-05-07,0.41,28.81,76.53,20.62,2.95,0.67
2013-05-08,0.06,28.69,72.11,21.33,3.29,0.66
2013-05-09,0.02,28.53,69.74,19.66,2.68,0.65
2013-05-10,0.47,28.08,73.31,20.63,1.99,0.65
2013-05-11,0.1,28.7,74.6,21.26,2.0,0.64
2013-05-12,0.17,28.5,74.67,21.03,2.23,0.63
2013-05-13,0.65,28.39,75.78,21.3,2.09,0.62
2013-05-14,1.48,28.01,78.43,17.93,1.81,0.62
2013-05-15,18.86,28.33,78.59,19.4,1.94,0.63
2013-05-16,5.3,27.83,82.79,16.12,2.17,0.66
2013-05-17,2.29,27.66,80.83,18.02,1.08,0.65
2013-05-18,7.69,27.41,82.49,20.39,1.01,0.66
2013-05-19,18.56,27.57,83.69,17.66,1.63,0.68
2013-05-20,10.89,27.9,82.86,16.44,2.3,0.7
2013-05-21,5.88,27.96,80.17,15.67,1.09,0.7
2013-05-22,4.3,27.96,79.59,19.01,0.58,0.71
2013-05-23,7.83,27.7,80.34,19.07,1.33,0.71
2013-05-24,11.85,27.68,80.48,16.57,1.43,0.72
2013-05-25,12.55,27.53,83.16,12.32,3.96,0.73
2013-05-26,1.77,27.58,73.48,14.85,3.29,0.74
2013-05-27,0.08,27.46,70.95,15.91,2.67,0.73
2013-05-28,2.64,26.75,85.11,18.64,3.18,0.73
2013-05-29,6.55,26.81,83.64,11.57,1.82,0.73
2013-05-30,3.74,26.83,80.88,13.68,1.56,0.74
2013-05-31,0.79,27.74,76.14,20.16,2.7,0.73
2013-06-01,0.22,27.66,77.93,19.75,2.53,0.72
2013-06-02,2.12,27.95,78.09,19.18,3.77,0.71
2013-06-03,11.51,27.73,80.48,12.02,3.48,0.73
2013-06-04,4.4,27.77,78.34,11.09,2.49,0.73
2013-06-05,1.76,27.62,81.21,15.27,1.87,0.73
2013-06-06,6.28,27.88,81.06,13.83,2.18,0.73
2013-06-07,11.7,27.01,85.57,14.08,2.51,0.74
2013-06-08,7.13,27.46,85.14,11.88,2.99,0.75
2013-06-09,4.88,27.7,77.44,16.7,3.37,0.75
2013-06-10,0.02,27.51,77.34,18.88,2.78,0.74
2013-06-11,0.08,27.7,76.24,17.22,2.87,0.74
2013-06-12,0.26,27.74,77.45,17.5,3.02,0.73
2013-06-13,0.0,27.59,73.2,19.14,2.81,0.72
2013-06-14,0.0,27.53,71.44,17.63,2.08,0.72
2013-06-15,0.0,27.54,73.45,18.99,2.6,0.71
2013-06-16,0.0,27.7,74.76,19.27,2.96,0.7
2013-06-17,0.32,27.52,77.76,18.66,2.48,0.69
2013-06-18,6.03,27.16,80.99,13.23,2.68,0.7
2013-06-19,3.58,27.08,83.01,16.71,3.05,0.7
2013-06-20,2.25,27.89,80.26,15.75,2.87,0.7
2013-06-21,9.26,26.98,82.8,12.61,3.3,0.71
2013-06-22,4.55,27.24,79.86,12.01,3.29,0.71
2013-06-23,2.02,27.19,81.36,16.16,2.65,0.71
2013-06-24,3.12,27.9,80.8,16.45,3.16,0.7
2013-06-25,1.5,27.86,77.52,19.23,1.3,0.7
2013-06-26,1.94,27.53,79.76,17.05,1.89,0.69
2013-06-27,1.89,27.38,77.51,17.93,0.86,0.69
2013-06-28,1.64,27.54,76.31,16.91,0.88,0.69
2013-06-29,0.09,27.91,73.73,19.03,2.45,0.69
2013-06-30,0.08,27.29,75.83,14.66,5.36,0.68
2013-07-01,0.04,26.93,74.08,17.33,5.11,0.67
2013-07-02,0.0,26.42,74.09,18.77,4.66,0.66
2013-07-03,0.0,26.18,72.04,18.42,3.51,0.66
2013-07-04,0.0,26.36,71.86,18.68,3.13,0.65
2013-07-05,0.05,26.7,73.73,18.84,2.55,0.64
2013-07-06,0.13,27.08,75.84,17.97,3.24,0.64
2013-07-07,0.02,26.97,72.28,17.27,2.74,0.63
2013-07-08,9.57,26.62,81.75,14.84,2.2,0.63
2013-07-09,4.31,26.59,84.18,17.46,2.79,0.65
2013-07-10,0.8,27.32,79.59,15.92,3.52,0.64
2013-07-11,0.02,27.19,72.22,19.84,3.89,0.64
2013-07-12,6.36,27.04,80.33,16.89,2.88,0.63
2013-07-13,7.49,27.31,79.07,17.22,3.08,0.64
2013-07-14,0.28,27.15,78.08,16.85,3.69,0.64
2013-07-15,0.14,26.91,76.15,20.11,3.9,0.63
2013-07-16,0.02,26.09,71.13,19.61,3.58,0.62
2013-07-17,0.0,25.67,70.83,16.32,3.19,0.61
2013-07-18,0.0,26.0,73.05,18.07,3.69,0.61
2013-07-19,0.0,26.1,70.5,19.88,3.65,0.6
2013-07-20,0.0,26.39,71.42,19.48,2.43,0.59
2013-07-21,0.05,26.48,73.45,12.3,1.78,0.59
2013-07-22,0.35,26.81,76.4,12.16,2.58,0.58
2013-07-23,1.18,27.2,76.11,15.63,4.66,0.58
2013-07-24,0.0,26.68,70.51,20.13,4.57,0.57
2013-07-25,0.0,25.87,69.31,20.05,3.54,0.56
2013-07-26,0.01,26.03,71.72,20.14,3.15,0.56
2013-07-27,0.0,25.94,75.44,19.6,3.12,0.55
2013-07-28,0.02,25.64,71.6,19.73,2.76,0.55
2013-07-29,0.0,25.86,73.48,20.23,3.44,0.54
2013-07-30,0.03,26.43,72.75,15.63,2.32,0.53
2013-07-31,0.0,26.46,71.12,20.64,2.05,0.53
2013-08-01,0.0,26.14,66.83,21.81,2.74,0.52
2013-08-02,0.0,26.17,65.2,21.7,2.67,0.52
2013-08-03,0.0,26.54,62.24,21.78,2.68,0.51
2013-08-04,0.0,26.51,67.0,21.94,3.45,0.51
2013-08-05,0.0,26.31,64.69,21.27,3.4,0.5
2013-08-06,0.0,26.03,68.69,20.65,2.68,0.5
2013-08-07,0.0,26.31,72.16,22.1,2.68,0.49
2013-08-08,0.0,26.44,70.9,21.99,2.75,0.49
2013-08-09,0.03,26.03,69.38,21.78,2.54,0.48
2013-08-10,0.0,25.46,65.01,19.8,2.74,0.48
2013-08-11,0.01,25.15,65.99,22.27,2.86,0.47
2013-08-12,0.0,26.2,66.26,22.44,1.96,0.47
2013-08-13,0.0,26.75,70.0,19.37,1.98,0.46
2013-08-14,0.0,26.99,68.71,21.74,1.97,0.46
2013-08-15,0.0,27.16,67.23,22.8,1.0,0.46
2013-08-16,0.0,26.8,73.52,22.17,2.64,0.45
2013-08-17,0.0,26.78,71.18,23.38,1.93,0.45
2013-08-18,0.04,26.85,69.48,22.78,1.78,0.44
2013-08-19,0.0,27.0,69.05,23.16,1.93,0.44
2013-08-20,0.0,27.11,67.98,23.34,2.69,0.44
2013-08-21,0.0,26.79,72.22,23.12,2.19,0.43
2013-08-22,0.0,26.75,71.44,21.79,1.72,0.43
2013-08-23,0.0,26.94,69.34,23.24,1.9,0.42
2013-08-24,8.11,27.14,66.19,21.49,2.75,0.42
2013-08-25,0.52,26.91,64.43,23.32,2.42,0.43
2013-08-26,0.01,26.82,62.37,23.47,2.57,0.43
2013-08-27,0.33,27.37,67.81,21.26,1.94,0.43
2013-08-28,0.01,27.52,69.23,23.27,1.72,0.42
2013-08-29,0.0,27.33,70.27,23.3,1.45,0.42
2013-08-30,0.03,27.11,71.2,23.68,1.81,0.41
2013-08-31,0.0,27.1,69.32,23.79,1.58,0.41
2013-09-01,0.0,27.52,67.35,24.91,2.97,0.41
2013-09-02,0.0,27.63,68.11,24.91,3.42,0.4
2013-09-03,0.0,27.33,64.94,24.2,3.94,0.4
2013-09-04,0.01,27.3,67.16,21.28,3.76,0.4
2013-09-05,0.01,27.01,66.68,24.51,4.09,0.39
2013-09-06,0.0,26.99,65.11,23.33,2.79,0.39
2013-09-07,0.02,26.86,65.68,24.41,2.76,0.39
2013-09-08,0.0,26.63,64.32,24.72,2.77,0.38
2013-09-09,0.01,27.06,65.9,22.29,1.48,0.38
2013-09-10,0.01,27.21,66.5,23.57,1.52,0.38
2013-09-11,0.0,27.45,67.92,21.85,1.63,0.37
2013-09-12,0.0,27.45,68.45,23.09,1.78,0.37
2013-09-13,0.01,27.48,71.39,23.6,1.87,0.37
2013-09-14,0.0,26.99,74.02,24.78,4.2,0.36
2013-09-15,0.03,27.08,76.35,21.59,4.62,0.36
2013-09-16,0.01,27.14,76.24,23.48,4.55,0.36
2013-09-17,0.03,26.78,78.12,23.73,5.28,0.36
2013-09-18,0.0,26.84,76.26,25.47,4.39,0.35
2013-09-19,0.0,26.85,74.66,25.69,4.64,0.35
2013-09-20,0.0,27.08,74.73,25.94,4.06,0.35
2013-09-21,0.0,26.99,76.24,25.34,4.09,0.35
2013-09-22,0.05,27.33,74.49,25.58,3.41,0.35
2013-09-23,0.0,27.36,75.17,25.25,3.6,0.34
2013-09-24,0.0,27.52,72.2,24.89,3.93,0.34
2013-09-25,0.0,27.28,75.31,26.14,4.82,0.34
2013-09-26,0.0,27.14,75.66,25.67,4.37,0.34
2013-09-27,0.0,26.94,76.2,25.13,4.55,0.34
2013-09-28,0.0,27.13,73.01,25.34,3.75,0.33
2013-09-29,0.01,27.23,72.86,26.06,3.66,0.33
2013-09-30,0.01,27.34,75.8,22.39,3.5,0.33
2013-10-01,0.1,27.78,72.61,23.57,3.68,0.33
2013-10-02,0.0,28.27,69.0,24.65,2.37,0.33
2013-10-03,0.0,28.38,70.69,26.25,1.97,0.33
2013-10-04,0.0,28.71,66.42,25.2,1.74,0.33
2013-10-05,0.03,28.73,69.69,25.23,2.8,0.33
2013-10-06,0.02,28.42,70.11,25.96,2.67,0.33
2013-10-07,0.0,28.6,67.83,26.25,2.71,0.33
2013-10-08,0.02,28.43,69.24,25.32,3.41,0.33
2013-10-09,0.0,28.63,68.63,25.47,4.06,0.33
2013-10-10,0.03,28.5,71.12,24.28,4.3,0.33
2013-10-11,0.0,28.79,69.57,25.78,3.39,0.33
2013-10-12,0.06,28.67,72.41,26.16,3.26,0.33
2013-10-13,0.07,28.78,71.46,25.76,2.02,0.33
2013-10-14,1.05,28.59,71.27,17.11,2.13,0.33
2013-10-15,3.8,28.08,76.42,19.51,2.12,0.33
2013-10-16,3.72,28.21,73.39,24.15,2.39,0.34
2013-10-17,8.41,28.45,73.56,23.23,1.2,0.35
2013-10-18,1.33,29.02,69.12,25.9,1.34,0.35
2013-10-19,0.68,29.43,67.47,26.11,1.4,0.35
2013-10-20,0.05,29.43,65.91,26.26,0.87,0.35
2013-10-21,0.13,29.38,66.94,26.56,1.4,0.34
2013-10-22,0.04,29.58,66.08,26.02,1.68,0.34
2013-10-23,0.32,29.09,71.42,25.44,3.42,0.34
2013-10-24,7.51,28.95,69.92,21.65,2.68,0.34
2013-10-25,12.35,28.84,72.78,24.1,2.14,0.37
2013-10-26,1.59,28.48,73.17,20.44,2.54,0.37
2013-10-27,0.63,29.12,69.15,24.21,1.3,0.36
2013-10-28,2.84,28.92,69.14,24.72,0.5,0.36
2013-10-29,1.13,29.37,66.64,26.07,1.06,0.36
2013-10-30,0.43,28.94,68.95,24.18,1.71,0.36
2013-10-31,0.09,29.02,67.86,26.5,2.2,0.36
2013-11-01,1.94,29.28,68.07,23.65,2.02,0.36
2013-11-02,0.47,29.25,65.81,26.67,1.36,0.35
2013-11-03,1.1,29.17,69.42,26.72,1.38,0.35
2013-11-04,1.11,29.43,69.72,26.29,1.02,0.35
2013-11-05,10.63,29.44,67.73,24.63,1.85,0.36
2013-11-06,8.32,29.3,68.64,22.88,1.85,0.38
2013-11-07,0.09,29.7,65.04,25.96,1.95,0.38
2013-11-08,0.0,30.12,60.02,26.31,1.66,0.37
2013-11-09,0.01,30.47,59.15,26.09,1.12,0.37
2013-11-10,0.12,29.42,69.66,23.18,1.65,0.36
2013-11-11,0.05,29.53,69.11,24.32,1.53,0.36
2013-11-12,0.27,29.6,68.5,25.39,2.39,0.36
2013-11-13,0.48,29.41,67.44,21.87,1.39,0.36
2013-11-14,3.11,29.37,70.04,22.71,2.62,0.36
2013-11-15,3.72,28.03,78.44,22.34,2.87,0.36
2013-11-16,2.1,28.21,76.87,21.92,2.31,0.37
2013-11-17,1.86,28.45,76.35,24.43,2.63,0.37
2013-11-18,2.32,28.12,78.78,20.54,3.05,0.37
2013-11-19,11.81,27.33,80.05,10.1,2.5,0.38
2013-11-20,4.53,27.61,79.23,15.81,3.1,0.4
2013-11-21,0.4,28.42,74.11,21.54,2.66,0.4
2013-11-22,1.27,28.56,72.41,21.66,2.4,0.39
2013-11-23,8.15,28.56,75.05,21.38,2.29,0.4
2013-11-24,8.03,28.2,78.85,14.54,2.88,0.42
2013-11-25,3.13,27.72,81.31,17.37,1.79,0.42
2013-11-26,3.54,27.66,80.02,19.77,3.43,0.42
2013-11-27,3.27,27.91,77.57,20.72,3.49,0.43
2013-11-28,1.74,27.99,76.0,20.6,3.66,0.43
2013-11-29,6.24,27.91,78.27,20.45,2.78,0.43
2013-11-30,5.46,28.04,78.38,21.41,3.29,0.44
2013-12-01,1.54,28.43,75.71,19.24,3.15,0.44
2013-12-02,1.65,28.47,78.24,17.44,3.33,0.44
2013-12-03,2.0,28.73,75.9,17.6,1.16,0.44
2013-12-04,2.63,28.75,76.12,23.81,1.62,0.44
2013-12-05,6.47,28.07,81.0,21.43,1.79,0.45
2013-12-06,3.23,28.27,76.24,21.29,1.27,0.45
2013-12-07,3.05,28.24,77.83,20.44,1.33,0.45
2013-12-08,2.91,28.18,79.48,21.15,1.17,0.46
2013-12-09,5.05,28.93,73.65,24.68,1.17,0.46
2013-12-10,57.72,28.57,74.07,6.82,1.2,0.52
2013-12-11,7.25,28.82,73.56,17.66,0.92,0.57
2013-12-12,2.42,28.8,77.26,16.51,1.42,0.57
2013-12-13,1.7,28.6,79.18,22.45,1.57,0.56
2013-12-14,0.94,28.45,77.44,23.0,1.54,0.56
2013-12-15,1.64,28.1,77.48,17.41,1.41,0.56
2013-12-16,3.5,28.06,76.29,12.33,1.49,0.56
2013-12-17,2.36,28.4,77.95,22.68,2.42,0.56
2013-12-18,3.64,28.41,76.9,19.45,1.63,0.56
2013-12-19,4.79,27.78,83.68,21.67,1.62,0.56
2013-12-20,2.42,27.6,80.27,19.36,1.82,0.56
2013-12-21,1.34,27.7,78.05,19.07,1.62,0.56
2013-12-22,23.0,27.76,79.41,19.38,2.06,0.57
2013-12-23,47.62,27.35,83.04,12.61,3.58,0.64
2013-12-24,39.55,27.75,85.61,12.38,4.34,0.7
2013-12-25,24.51,27.42,84.16,12.2,5.18,0.75
2013-12-26,11.21,27.44,83.36,20.76,3.82,0.76
2013-12-27,6.21,27.81,83.04,20.88,4.85,0.77
2013-12-28,4.59,27.8,82.87,20.47,4.94,0.77
2013-12-29,3.64,27.57,83.37,16.34,3.67,0.76
2013-12-30,5.09,27.65,83.62,16.21,2.93,0.76
2013-12-31,2.5,27.86,82.76,21.75,2.19,0.76
2014-01-01,7.31,27.33,84.02,17.23,2.25,0.76
2014-01-02,3.61,26.99,84.05,20.41,2.33,0.77
2014-01-03,2.31,27.38,82.19,22.25,3.05,0.76
2014-01-04,2.26,27.64,79.54,23.32,1.73,0.76
2014-01-05,1.26,28.0,80.18,23.46,2.26,0.76
2014-01-06,0.2,27.62,82.47,23.3,1.92,0.75
2014-01-07,0.67,27.86,79.72,22.56,2.08,0.75
2014-01-08,0.47,28.06,80.92,25.51,2.12,0.74
2014-01-09,0.25,28.49,80.16,24.92,1.9,0.74
2014-01-10,1.09,28.02,80.87,24.1,2.0,0.73
2014-01-11,2.64,27.73,81.83,20.69,3.72,0.73
2014-01-12,4.99,28.31,80.53,21.85,4.54,0.73
2014-01-13,4.08,28.47,80.83,19.61,5.43,0.73
2014-01-14,10.49,28.4,83.06,18.65,4.38,0.73
2014-01-15,9.28,28.4,82.31,19.57,4.73,0.75
2014-01-16,64.07,27.95,84.68,17.0,5.53,0.8
2014-01-17,39.6,27.64,83.44,10.31,6.13,0.87
2014-01-18,15.5,27.74,84.9,19.31,5.01,0.89
2014-01-19,29.87,27.62,84.85,20.69,6.27,0.91
2014-01-20,32.99,27.12,84.5,11.96,5.22,0.93
2014-01-21,23.02,27.06,84.28,10.28,4.68,0.95
2014-01-22,21.51,26.76,85.38,17.18,4.67,0.96
2014-01-23,19.94,27.22,84.61,19.54,2.94,0.97
2014-01-24,35.79,27.37,80.67,20.46,3.57,0.99
2014-01-25,27.94,27.05,83.56,20.7,3.32,0.99
2014-01-26,10.93,27.01,83.95,21.97,2.51,0.99
2014-01-27,4.37,27.52,80.06,22.54,2.76,0.99
2014-01-28,1.37,27.13,84.04,19.87,2.95,0.98
2014-01-29,1.06,27.79,79.28,23.26,3.27,0.98
2014-01-30,10.15,27.36,85.08,17.7,4.7,0.97
2014-01-31,11.38,27.33,85.39,16.97,6.64,0.98
2014-02-01,28.71,27.16,86.3,14.21,6.92,0.98
2014-02-02,19.83,27.19,86.41,18.35,5.6,0.99
2014-02-03,6.38,26.7,84.68,17.49,4.36,0.99
2014-02-04,4.17,27.06,85.07,19.77,3.41,0.98
2014-02-05,2.5,27.13,83.88,25.23,3.46,0.98
2014-02-06,1.19,27.38,83.06,22.78,3.12,0.97
2014-02-07,1.72,27.41,84.27,23.54,3.68,0.96
2014-02-08,5.04,27.6,84.69,17.58,4.06,0.96
2014-02-09,1.81,27.59,85.65,21.3,3.61,0.96
2014-02-10,1.56,27.34,85.68,21.92,3.7,0.95
2014-02-11,1.75,27.65,80.98,22.15,4.24,0.95
2014-02-12,1.47,27.77,79.71,18.37,3.03,0.94
2014-02-13,6.65,27.68,79.64,22.4,2.67,0.93
2014-02-14,5.61,26.6,84.73,5.41,4.12,0.94
2014-02-15,6.66,26.36,80.83,17.57,2.67,0.94
2014-02-16,3.53,26.86,81.06,20.98,3.36,0.93
2014-02-17,29.47,26.5,86.93,17.62,3.51,0.95
2014-02-18,23.55,26.35,86.51,12.71,4.38,0.97
2014-02-19,11.86,26.37,85.74,13.95,3.63,0.97
2014-02-20,15.39,26.66,82.56,20.49,2.42,0.98
2014-02-21,9.71,27.08,79.24,23.37,1.34,0.98
2014-02-22,22.99,26.32,85.78,8.93,3.61,0.98
2014-02-23,12.01,25.94,83.16,20.88,3.89,0.99
2014-02-24,0.9,26.86,77.64,25.32,1.96,0.98
2014-02-25,1.4,27.04,80.01,25.72,2.38,0.97
2014-02-26,0.63,27.55,76.62,26.18,2.02,0.97
2014-02-27,0.12,27.9,74.83,26.66,1.82,0.96
2014-02-28,0.17,27.47,77.73,24.38,2.52,0.95
2014-03-01,0.85,27.91,75.49,25.92,1.23,0.94
2014-03-02,1.18,28.5,73.28,26.03,1.52,0.93
2014-03-03,2.67,28.23,78.12,22.39,2.02,0.92
2014-03-04,2.08,28.09,80.69,22.35,2.11,0.92
2014-03-05,2.51,28.17,80.39,20.93,2.92,0.91
2014-03-06,2.08,28.33,76.66,23.77,2.21,0.91
2014-03-07,0.26,28.1,77.25,24.77,1.76,0.9
2014-03-08,0.23,27.6,79.89,23.76,2.0,0.89
2014-03-09,7.62,27.52,80.73,22.29,2.42,0.89
2014-03-10,4.77,27.07,82.1,23.24,1.43,0.89
2014-03-11,6.82,27.21,82.1,21.84,1.71,0.89
2014-03-12,3.34,27.12,82.64,20.37,3.0,0.9
2014-03-13,1.2,27.61,78.72,21.55,1.87,0.89
2014-03-14,7.09,27.65,79.06,15.53,1.13,0.89
2014-03-15,2.91,27.85,79.32,24.52,1.87,0.89
2014-03-16,0.76,27.96,79.8,23.54,1.77,0.88
2014-03-17,1.79,28.14,79.17,22.47,2.04,0.88
2014-03-18,9.31,28.38,79.24,23.75,2.91,0.88
2014-03-19,12.44,27.89,84.16,7.2,5.23,0.89
2014-03-20,2.39,28.47,75.68,21.14,1.63,0.88
2014-03-21,0.2,28.42,73.14,25.01,1.11,0.87
2014-03-22,0.1,28.41,68.67,25.92,0.83,0.86
2014-03-23,0.0,28.43,70.5,25.97,1.7,0.85
2014-03-24,0.85,28.56,72.73,24.65,1.0,0.84
2014-03-25,3.18,28.23,75.41,23.95,0.65,0.84
2014-03-26,1.33,28.49,75.99,24.85,1.27,0.83
2014-03-27,0.42,28.47,77.23,25.76,1.83,0.83
2014-03-28,0.02,28.65,71.17,25.02,2.11,0.82
2014-03-29,0.0,28.73,67.73,26.12,2.24,0.8
2014-03-30,0.01,28.56,69.34,24.46,2.01,0.79
2014-03-31,0.01,28.43,75.71,25.01,1.52,0.79
2014-04-01,1.01,28.54,77.32,21.35,1.66,0.78
2014-04-02,0.86,28.63,77.32,24.12,0.9,0.78
2014-04-03,0.31,28.31,79.09,22.6,0.84,0.77
2014-04-04,0.02,28.32,75.95,22.54,1.21,0.77
2014-04-05,0.11,28.18,77.04,21.01,1.65,0.76
2014-04-06,0.47,28.28,76.93,21.29,1.5,0.75
2014-04-07,1.59,28.11,78.3,21.59,1.82,0.75
2014-04-08,2.59,27.77,81.24,19.48,3.2,0.74
2014-04-09,5.55,27.68,82.31,20.19,2.05,0.74
2014-04-10,2.38,27.43,80.92,21.95,2.52,0.75
2014-04-11,1.33,27.1,81.25,19.31,3.65,0.74
2014-04-12,3.39,27.38,83.49,16.97,3.45,0.74
2014-04-13,3.25,27.58,82.27,21.04,3.65,0.74
2014-04-14,5.43,27.62,85.21,17.46,3.26,0.74
2014-04-15,4.14,28.24,79.46,19.32,2.48,0.74
2014-04-16,11.7,27.64,83.28,19.11,1.67,0.75
2014-04-17,6.16,27.37,84.74,16.68,2.31,0.76
2014-04-18,0.73,28.25,76.74,21.88,2.1,0.76
2014-04-19,2.66,28.04,78.18,20.65,1.67,0.75
2014-04-20,1.77,28.68,72.37,23.33,1.33,0.75
2014-04-21,0.78,28.25,77.86,21.29,1.73,0.74
2014-04-22,0.59,28.92,73.64,18.86,2.16,0.73
2014-04-23,0.15,29.03,71.34,20.03,1.28,0.72
2014-04-24,0.05,28.62,74.78,22.7,1.72,0.72
2014-04-25,0.01,28.39,73.53,23.2,1.67,0.71
2014-04-26,0.28,28.45,73.76,21.7,2.48,0.7
2014-04-27,0.11,28.48,73.0,23.26,2.41,0.69
2014-04-28,0.02,28.51,72.9,21.69,3.14,0.68
2014-04-29,5.61,28.61,76.32,19.83,1.45,0.68
2014-04-30,7.63,28.66,75.7,18.26,1.75,0.68
2014-05-01,3.23,28.64,76.37,21.38,2.52,0.69
2014-05-02,0.51,28.7,74.01,22.71,2.16,0.68
2014-05-03,0.16,28.43,72.6,22.59,1.48,0.67
2014-05-04,0.08,28.53,69.91,22.39,1.41,0.66
2014-05-05,0.02,28.36,72.9,22.76,2.54,0.65
2014-05-06,0.99,28.45,76.86,21.61,2.57,0.65
2014-05-07,0.45,28.47,75.86,22.21,3.25,0.64
2014-05-08,0.05,28.14,72.68,21.97,2.49,0.63
2014-05-09,0.13,28.82,68.07,21.59,2.13,0.62
2014-05-10,5.91,28.55,75.93,19.23,2.47,0.62
2014-05-11,4.91,28.63,75.82,19.02,2.15,0.62
2014-05-12,0.25,28.47,74.35,19.54,2.61,0.62
2014-05-13,0.07,28.55,73.8,19.07,2.23,0.61
2014-05-14,0.03,28.54,71.33,21.32,2.54,0.6
2014-05-15,0.09,28.37,73.47,20.5,2.63,0.59
2014-05-16,0.18,28.3,72.0,21.31,2.16,0.59
2014-05-17,0.72,28.04,75.01,20.78,1.27,0.58
2014-05-18,5.29,27.78,80.56,19.17,2.54,0.59
2014-05-19,4.06,27.98,76.51,18.88,3.63,0.59
2014-05-20,2.74,28.28,73.1,16.59,2.04,0.59
2014-05-21,1.44,28.42,71.67,19.39,2.61,0.59
2014-05-22,0.25,28.27,72.98,20.58,2.77,0.58
2014-05-23,0.1,28.52,74.65,21.07,2.99,0.57
2014-05-24,1.27,28.39,76.98,19.15,2.9,0.57
2014-05-25,0.59,28.55,72.74,14.24,2.54,0.56
2014-05-26,0.01,28.63,73.07,20.52,2.29,0.56
2014-05-27,0.09,28.39,76.68,19.09,2.19,0.55
2014-05-28,0.13,28.46,74.95,19.66,2.85,0.54
2014-05-29,0.12,28.05,74.5,18.03,2.74,0.54
2014-05-30,0.09,28.19,72.62,20.04,2.69,0.53
2014-05-31,0.03,27.87,76.63,18.99,2.53,0.53
2014-06-01,0.03,28.27,74.41,18.12,2.68,0.52
2014-06-02,0.05,28.35,73.58,18.99,2.45,0.52
2014-06-03,0.09,28.25,76.02,19.73,2.38,0.51
2014-06-04,0.03,28.27,74.02,19.9,2.74,0.51
2014-06-05,0.07,28.41,72.45,20.23,3.23,0.5
2014-06-06,0.07,28.43,72.11,19.8,3.39,0.5
2014-06-07,0.04,28.6,70.85,19.49,3.45,0.49
2014-06-08,0.52,28.61,73.69,18.96,4.64,0.49
2014-06-09,0.08,28.4,74.07,19.24,3.95,0.48
2014-06-10,0.0,28.04,69.42,12.4,3.12,0.48
2014-06-11,0.02,27.49,72.99,18.74,2.94,0.47
2014-06-12,0.1,27.03,74.6,17.29,2.95,0.47
2014-06-13,0.03,27.18,70.81,17.07,3.2,0.47
2014-06-14,0.03,27.61,65.13,17.12,2.81,0.46
2014-06-15,0.02,27.55,67.89,16.74,2.6,0.46
2014-06-16,0.87,27.19,72.7,17.3,4.01,0.46
2014-06-17,0.01,27.15,70.21,18.8,3.4,0.45
2014-06-18,0.03,27.05,73.37,15.68,3.26,0.45
2014-06-19,0.22,27.21,75.91,19.12,2.74,0.45
2014-06-20,0.23,27.34,76.06,18.8,2.27,0.45
2014-06-21,20.2,27.16,83.33,5.72,2.73,0.46
2014-06-22,6.19,27.47,79.82,15.85,2.97,0.48
2014-06-23,2.3,27.49,71.97,16.14,2.89,0.49
2014-06-24,0.74,27.37,72.16,19.46,3.6,0.48
2014-06-25,0.0,27.12,67.68,19.57,3.38,0.48
2014-06-26,0.0,26.34,65.16,20.2,3.57,0.47
2014-06-27,0.0,26.24,71.1,19.98,3.09,0.47
2014-06-28,0.0,26.51,72.15,19.26,2.69,0.46
2014-06-29,0.01,26.81,71.84,19.32,2.34,0.46
2014-06-30,0.02,27.07,70.64,14.33,2.91,0.46
2014-07-01,0.02,26.98,70.45,18.7,4.06,0.45
2014-07-02,0.0,26.51,68.27,16.56,3.18,0.45
2014-07-03,0.0,26.66,68.59,19.69,2.48,0.45
2014-07-04,0.01,26.86,71.68,19.21,2.63,0.44
2014-07-05,0.01,26.97,72.68,16.77,3.23,0.44
2014-07-06,0.01,26.81,69.83,18.07,3.06,0.44
2014-07-07,0.0,26.92,67.3,19.42,2.33,0.43
2014-07-08,0.0,26.7,66.03,20.21,2.0,0.43
2014-07-09,0.0,26.54,69.6,19.16,2.06,0.43
2014-07-10,0.0,26.93,64.9,18.45,1.83,0.42
2014-07-11,0.0,27.27,69.22,13.2,1.43,0.42
2014-07-12,0.48,27.35,75.84,17.18,2.39,0.42
2014-07-13,3.92,27.37,76.64,11.86,1.91,0.42
2014-07-14,32.82,26.21,84.12,11.76,3.8,0.45
2014-07-15,7.44,25.73,84.74,14.52,5.85,0.49
2014-07-16,1.21,26.73,77.48,17.78,2.01,0.49
2014-07-17,0.0,26.92,72.28,20.54,2.71,0.48
2014-07-18,0.0,27.04,73.46,21.07,3.79,0.47
2014-07-19,0.0,27.01,72.66,20.75,2.92,0.47
2014-07-20,0.05,26.84,70.15,20.33,3.09,0.46
2014-07-21,0.02,26.59,69.69,21.12,2.48,0.46
2014-07-22,0.0,26.3,69.5,19.87,2.49,0.46
2014-07-23,0.01,26.3,68.83,20.54,2.89,0.45
2014-07-24,0.01,26.54,66.42,20.29,2.03,0.45
2014-07-25,0.0,26.38,70.02,18.84,3.07,0.45
2014-07-26,0.02,26.76,64.85,20.42,2.5,0.44
2014-07-27,0.01,26.8,63.91,21.03,2.97,0.44
2014-07-28,0.02,26.87,67.09,21.39,2.39,0.44
2014-07-29,0.02,27.1,68.15,21.58,3.6,0.43
2014-07-30,0.01,27.0,67.79,21.46,2.68,0.43
2014-07-31,0.01,26.86,67.8,21.48,2.42,0.43
2014-08-01,0.21,27.2,69.45,20.35,1.77,0.42
2014-08-02,0.03,27.39,72.0,21.55,1.62,0.42
2014-08-03,0.02,27.51,73.88,21.44,3.3,0.42
2014-08-04,0.04,27.36,72.38,20.48,4.59,0.41
2014-08-05,0.02,27.06,67.84,22.24,4.44,0.41
2014-08-06,0.0,26.46,65.16,21.3,3.37,0.41
2014-08-07,0.0,26.74,67.95,20.21,2.94,0.4
2014-08-08,0.01,27.3,68.82,22.37,3.18,0.4
2014-08-09,0.01,27.22,66.66,22.22,3.7,0.4
2014-08-10,0.0,26.67,65.67,23.01,3.14,0.39
2014-08-11,0.01,26.6,65.17,22.67,3.04,0.39
2014-08-12,0.03,26.78,62.58,22.91,2.65,0.39
2014-08-13,0.02,26.89,62.61,22.11,2.85,0.39
2014-08-14,0.02,26.61,66.89,22.65,3.14,0.38
2014-08-15,0.0,26.21,66.82,21.32,3.48,0.38
2014-08-16,0.0,25.92,67.76,18.82,3.38,0.38
2014-08-17,0.0,25.92,68.29,18.67,3.2,0.38
2014-08-18,0.0,26.28,67.25,21.12,2.89,0.37
2014-08-19,0.0,26.8,68.21,20.91,1.83,0.37
2014-08-20,0.03,26.92,68.17,21.76,2.14,0.37
2014-08-21,0.04,26.96,67.46,23.47,1.3,0.36
2014-08-22,0.0,26.85,65.88,22.65,1.94,0.36
2014-08-23,0.0,26.56,62.77,23.7,2.56,0.36
2014-08-24,0.0,26.39,56.12,23.91,2.46,0.36
2014-08-25,0.0,26.48,56.38,23.82,2.5,0.35
2014-08-26,0.0,26.66,65.1,23.96,2.48,0.35
2014-08-27,0.0,26.8,61.32,23.7,2.17,0.35
2014-08-28,0.0,26.89,58.21,23.87,1.75,0.35
2014-08-29,0.0,26.55,62.91,22.34,2.68,0.34
2014-08-30,0.0,26.61,61.87,24.48,2.53,0.34
2014-08-31,0.0,26.64,60.97,24.39,1.72,0.34
2014-09-01,0.0,26.6,60.57,21.8,2.31,0.34
2014-09-02,0.0,26.68,56.7,22.09,3.02,0.34
2014-09-03,0.0,26.7,59.06,22.4,3.34,0.33
2014-09-04,0.0,26.93,57.33,24.79,2.29,0.33
2014-09-05,0.0,27.19,60.9,24.9,1.75,0.33
2014-09-06,0.0,27.01,61.99,24.86,2.25,0.33
2014-09-07,0.0,26.94,64.61,24.85,2.15,0.33
2014-09-08,0.0,27.17,59.45,25.34,2.23,0.33
2014-09-09,0.0,27.12,60.64,25.69,1.85,0.33
2014-09-10,0.0,27.25,61.22,25.25,1.92,0.33
2014-09-11,0.0,27.51,61.25,25.38,2.03,0.33
2014-09-12,0.0,27.61,63.6,25.75,1.92,0.33
2014-09-13,0.0,27.6,62.87,25.76,1.62,0.33
2014-09-14,0.0,27.64,61.29,25.79,1.63,0.33
2014-09-15,0.0,27.66,56.98,23.92,1.04,0.33
2014-09-16,0.0,27.58,63.52,25.03,1.41,0.33
2014-09-17,0.0,27.64,65.59,23.66,1.51,0.33
2014-09-18,0.0,27.91,63.41,25.36,1.81,0.33
2014-09-19,0.0,27.97,60.86,24.82,2.14,0.33
2014-09-20,0.0,27.7,62.01,26.22,2.6,0.33
2014-09-21,0.0,27.66,61.41,25.84,1.93,0.33
2014-09-22,0.0,27.49,65.42,25.62,1.78,0.33
2014-09-23,0.0,27.41,68.11,25.85,2.77,0.33
2014-09-24,0.0,27.48,68.44,26.07,2.21,0.33
2014-09-25,0.04,27.59,69.02,25.19,1.43,0.33
2014-09-26,0.02,27.83,68.33,24.76,1.24,0.32
2014-09-27,0.0,28.31,65.53,25.41,1.65,0.32
2014-09-28,0.0,28.39,66.41,25.74,2.27,0.32
2014-09-29,0.0,28.3,63.73,25.73,1.44,0.32
2014-09-30,0.0,28.08,65.86,25.79,1.91,0.32
2014-10-01,0.01,27.91,62.1,25.24,1.89,0.32
2014-10-02,0.01,27.97,61.32,26.31,1.78,0.32
2014-10-03,0.0,28.01,63.67,26.26,2.06,0.32
2014-10-04,0.01,28.26,61.64,24.22,1.49,0.32
2014-10-05,0.05,28.33,60.77,25.54,1.31,0.32
2014-10-06,0.0,27.95,63.68,26.26,1.88,0.32
2014-10-07,0.0,28.08,67.81,26.12,2.0,0.32
2014-10-08,0.02,28.16,71.2,25.91,2.79,0.32
2014-10-09,0.0,28.52,67.5,25.78,2.19,0.32
2014-10-10,0.0,28.71,64.68,25.8,1.51,0.32
2014-10-11,0.0,28.93,65.27,26.51,1.44,0.32
2014-10-12,0.01,28.75,71.44,25.49,2.08,0.32
2014-10-13,0.08,28.66,70.75,24.31,1.74,0.32
2014-10-14,0.0,28.93,66.16,25.8,2.1,0.32
2014-10-15,0.0,29.0,69.23,24.45,1.75,0.32
2014-10-16,0.0,28.78,68.84,25.38,2.28,0.32
2014-10-17,0.02,28.83,65.6,25.44,2.04,0.32
2014-10-18,0.0,28.9,61.44,21.22,1.93,0.32
2014-10-19,0.0,28.81,65.33,26.08,1.4,0.32
2014-10-20,0.02,28.88,68.46,25.36,1.57,0.32
2014-10-21,0.07,28.94,63.44,25.34,1.93,0.32
2014-10-22,0.0,28.87,63.83,26.5,1.61,0.32
2014-10-23,0.0,28.86,64.7,26.38,1.19,0.32
2014-10-24,0.01,29.1,61.93,26.33,1.94,0.32
2014-10-25,0.06,28.81,63.85,26.17,1.82,0.32
2014-10-26,0.01,28.64,61.89,26.41,1.01,0.32
2014-10-27,0.0,28.8,62.39,25.63,0.56,0.32
2014-10-28,0.0,28.77,61.87,26.86,1.11,0.32
2014-10-29,0.0,28.81,64.08,27.2,1.32,0.32
2014-10-30,0.0,28.88,62.84,27.4,1.48,0.32
2014-10-31,0.0,28.71,68.84,26.73,2.6,0.32
2014-11-01,0.02,29.0,67.96,27.17,2.12,0.32
2014-11-02,0.01,28.78,62.93,25.08,1.63,0.32
2014-11-03,0.0,29.16,61.57,26.03,1.13,0.32
2014-11-04,0.0,29.73,60.73,25.44,1.17,0.32
2014-11-05,0.01,29.64,69.3,25.16,1.52,0.32
2014-11-06,0.24,29.27,69.62,24.72,1.17,0.32
2014-11-07,6.23,29.2,70.01,20.64,1.64,0.33
2014-11-08,2.39,29.34,70.02,24.14,1.67,0.34
2014-11-09,0.28,28.94,70.82,22.4,1.81,0.34
2014-11-10,0.03,29.67,63.06,26.44,1.3,0.33
2014-11-11,0.04,29.72,63.65,26.27,1.12,0.33
2014-11-12,0.15,29.68,65.72,25.34,0.69,0.33
2014-11-13,0.15,29.76,66.12,24.43,0.4,0.33
2014-11-14,0.47,29.44,65.63,24.26,0.55,0.33
2014-11-15,0.67,29.5,66.19,22.79,1.23,0.33
2014-11-16,0.36,29.5,65.72,21.61,0.94,0.33
2014-11-17,0.25,29.93,66.16,25.29,1.62,0.33
2014-11-18,0.04,29.89,64.0,23.51,1.32,0.33
2014-11-19,0.0,29.77,65.95,26.53,1.84,0.33
2014-11-20,0.01,30.09,61.51,25.99,0.87,0.33
2014-11-21,0.15,29.98,62.08,26.1,0.63,0.33
2014-11-22,1.25,30.17,64.1,25.38,1.01,0.33
2014-11-23,1.01,30.05,64.42,25.09,1.17,0.33
2014-11-24,2.04,29.8,69.97,24.66,1.28,0.33
2014-11-25,1.91,29.96,69.79,24.43,2.02,0.33
2014-11-26,3.98,29.74,70.18,23.81,2.31,0.34
2014-11-27,2.21,29.96,66.96,21.94,1.29,0.34
2014-11-28,6.69,29.94,68.11,23.83,1.32,0.35
2014-11-29,4.75,29.17,73.0,21.97,0.95,0.35
2014-11-30,7.9,29.06,75.34,20.67,1.65,0.36
2014-12-01,5.5,28.95,73.38,10.01,1.68,0.37
2014-12-02,2.15,29.11,73.27,23.77,2.2,0.37
2014-12-03,3.94,28.05,80.51,20.2,3.78,0.38
2014-12-04,3.79,28.23,79.45,7.28,4.14,0.38
2014-12-05,4.65,28.85,76.5,24.3,2.92,0.39
2014-12-06,4.84,28.58,76.93,20.66,2.46,0.39
2014-12-07,4.17,28.83,79.66,15.72,4.44,0.4
2014-12-08,16.71,27.85,84.32,13.47,1.95,0.41
2014-12-09,11.2,27.78,76.08,12.74,1.27,0.45
2014-12-10,8.61,27.14,81.28,16.85,2.92,0.45
2014-12-11,6.86,28.24,76.44,11.4,2.39,0.46
2014-12-12,1.63,28.57,76.46,20.55,2.71,0.46
2014-12-13,0.18,28.87,75.19,20.67,1.95,0.46
2014-12-14,0.2,28.53,78.33,20.79,2.2,0.46
2014-12-15,0.37,28.91,76.7,25.13,2.06,0.45
2014-12-16,0.43,28.94,75.9,21.44,1.66,0.45
2014-12-17,3.1,28.58,78.58,12.55,2.33,0.45
2014-12-18,1.22,28.64,79.36,23.4,2.62,0.45
2014-12-19,0.38,28.21,79.84,23.11,2.08,0.45
2014-12-20,1.36,28.47,78.66,22.25,2.38,0.45
2014-12-21,0.96,28.65,79.22,24.21,2.02,0.45
2014-12-22,3.9,28.59,75.49,16.71,0.87,0.45
2014-12-23,4.26,29.17,71.81,23.56,0.96,0.46
2014-12-24,1.85,28.99,74.59,23.02,1.33,0.46
2014-12-25,5.17,28.54,79.78,23.87,2.23,0.46
2014-12-26,3.16,29.07,77.46,22.37,2.0,0.47
2014-12-27,3.68,29.17,77.01,22.12,1.75,0.47
2014-12-28,8.91,28.56,81.4,16.97,2.23,0.48
2014-12-29,7.34,28.69,77.4,16.3,2.44,0.49
2014-12-30,8.03,28.49,77.35,18.78,1.65,0.5
2014-12-31,13.17,27.75,81.6,19.62,2.61,0.51
2015-01-01,13.31,27.48,83.26,13.21,3.52,0.53
2015-01-02,39.75,27.32,84.89,8.47,4.28,0.57
2015-01-03,44.02,27.27,85.01,12.94,4.23,0.64
2015-01-04,13.65,27.4,82.82,15.96,5.24,0.67
2015-01-05,9.55,27.79,83.12,19.45,4.97,0.68
2015-01-06,5.19,28.11,81.5,22.47,4.92,0.68
2015-01-07,4.79,27.82,82.74,18.64,5.44,0.68
2015-01-08,5.35,27.95,82.48,19.63,6.65,0.68
2015-01-09,7.21,28.02,83.85,19.21,6.92,0.68
2015-01-10,16.1,27.92,84.98,15.84,6.07,0.7
2015-01-11,7.58,27.4,83.04,18.44,3.46,0.71
2015-01-12,6.72,27.03,83.61,20.96,2.68,0.71
2015-01-13,3.65,27.78,77.95,23.66,1.71,0.72
2015-01-14,0.26,27.99,77.64,25.7,2.08,0.71
2015-01-15,1.2,27.77,80.36,23.34,2.01,0.7
2015-01-16,2.84,27.59,81.73,19.97,2.89,0.7
2015-01-17,2.41,27.76,81.23,23.03,3.1,0.7
2015-01-18,0.35,28.42,71.91,25.68,1.76,0.69
2015-01-19,0.49,27.55,79.67,22.98,2.07,0.69
2015-01-20,0.4,27.83,78.79,19.98,2.49,0.68
2015-01-21,4.64,27.64,81.3,22.08,2.49,0.68
2015-01-22,11.4,27.45,84.32,23.72,2.73,0.69
2015-01-23,13.69,27.22,86.18,9.87,4.82,0.7
2015-01-24,18.46,27.46,83.38,9.35,3.81,0.73
2015-01-25,12.48,27.39,85.0,9.13,3.56,0.75
2015-01-26,12.39,27.47,84.55,18.39,3.06,0.75
2015-01-27,10.26,27.54,84.37,17.14,2.81,0.76
2015-01-28,12.07,27.53,83.19,13.04,3.25,0.77
2015-01-29,8.0,27.65,81.79,21.44,2.13,0.78
2015-01-30,11.98,27.55,81.23,22.66,2.23,0.8
2015-01-31,17.76,27.08,83.22,22.85,3.4,0.81
2015-02-01,8.5,27.77,75.49,18.51,2.24,0.82
2015-02-02,2.23,27.69,79.83,25.11,2.66,0.82
2015-02-03,3.31,27.74,79.95,24.73,2.32,0.81
2015-02-04,2.79,28.1,78.11,25.11,3.03,0.81
2015-02-05,4.21,27.45,82.73,25.7,2.75,0.81
2015-02-06,10.76,26.72,80.25,20.52,1.43,0.81
2015-02-07,3.99,27.44,76.37,24.31,0.68,0.82
2015-02-08,1.09,28.01,73.79,27.73,1.11,0.81
2015-02-09,2.69,28.51,72.04,24.35,1.56,0.8
2015-02-10,14.79,27.72,82.97,8.78,3.1,0.82
2015-02-11,4.32,27.82,80.34,21.43,1.7,0.82
2015-02-12,4.88,27.38,81.24,21.11,2.01,0.82
2015-02-13,1.11,27.2,82.34,21.48,2.24,0.81
2015-02-14,2.39,27.44,79.47,23.84,2.56,0.81
2015-02-15,2.55,27.8,74.85,24.71,2.18,0.8
2015-02-16,1.71,27.57,77.87,25.34,1.79,0.79
2015-02-17,1.42,27.87,80.82,23.11,2.84,0.79
2015-02-18,0.56,28.11,80.85,24.74,3.04,0.78
2015-02-19,1.2,28.07,82.49,21.62,3.51,0.78
2015-02-20,35.56,27.16,84.55,3.37,6.02,0.8
2015-02-21,23.02,27.07,81.67,18.29,5.23,0.84
2015-02-22,9.3,27.39,84.0,10.16,4.97,0.85
2015-02-23,9.49,27.65,82.3,21.12,3.68,0.85
2015-02-24,7.25,26.77,82.97,16.98,3.96,0.85
2015-02-25,1.85,27.4,78.19,23.43,2.35,0.85
2015-02-26,4.44,27.41,79.8,19.62,2.38,0.85
2015-02-27,2.34,27.86,77.02,19.44,2.9,0.84
2015-02-28,6.87,27.53,79.99,24.07,1.93,0.84
2015-03-01,10.8,27.56,78.98,19.96,1.58,0.85
2015-03-02,7.56,27.57,80.93,22.76,2.27,0.85
2015-03-03,8.44,27.72,78.95,21.07,2.9,0.86
2015-03-04,3.6,27.66,79.49,21.9,3.25,0.86
2015-03-05,12.52,27.31,82.77,21.87,2.93,0.86
2015-03-06,16.57,27.02,81.46,11.73,3.64,0.87
2015-03-07,27.36,26.64,83.64,11.89,3.5,0.9
2015-03-08,2.52,26.94,82.15,23.71,3.43,0.9
2015-03-09,0.4,27.46,79.95,24.01,2.52,0.89
2015-03-10,0.74,27.68,80.75,23.38,2.87,0.88
2015-03-11,1.05,27.43,83.71,23.97,3.34,0.88
2015-03-12,1.91,27.55,82.61,24.78,3.11,0.87
2015-03-13,1.66,27.83,81.7,23.98,2.36,0.87
2015-03-14,5.13,28.04,81.5,18.04,2.05,0.87
2015-03-15,3.77,27.58,81.87,22.43,2.29,0.87
2015-03-16,2.46,27.2,84.01,23.69,2.86,0.87
2015-03-17,1.24,27.81,79.57,25.01,2.28,0.86
2015-03-18,0.24,28.02,78.23,25.13,2.05,0.86
2015-03-19,0.52,27.97,77.84,23.57,1.67,0.85
2015-03-20,0.75,28.62,74.54,25.75,1.41,0.84
2015-03-21,2.83,28.16,75.94,18.81,1.04,0.83
2015-03-22,0.49,29.02,70.32,26.2,0.97,0.82
2015-03-23,1.85,28.82,74.87,23.64,2.37,0.82
2015-03-24,1.9,28.63,76.13,25.26,2.1,0.81
2015-03-25,1.94,28.66,75.15,25.61,1.8,0.8
2015-03-26,2.61,28.27,77.54,24.36,1.67,0.8
2015-03-27,1.35,28.2,75.92,21.34,1.33,0.8
2015-03-28,3.24,28.1,77.69,23.63,2.18,0.79
2015-03-29,2.08,28.06,78.34,23.39,1.52,0.79
2015-03-30,1.56,28.75,76.23,24.22,2.11,0.79
2015-03-31,0.35,28.76,74.57,24.76,2.28,0.78
2015-04-01,0.36,28.56,77.14,24.73,2.05,0.77
2015-04-02,0.4,28.55,76.95,24.81,2.03,0.76
2015-04-03,0.05,28.53,75.88,23.66,1.33,0.75
2015-04-04,8.04,27.64,83.02,19.32,1.77,0.75
2015-04-05,13.54,27.81,81.68,20.72,2.56,0.77
2015-04-06,22.71,27.73,80.31,19.96,2.18,0.8
2015-04-07,1.06,28.04,79.56,21.46,1.58,0.8
2015-04-08,0.27,28.2,78.32,23.44,2.28,0.79
2015-04-09,0.26,28.81,74.01,23.42,1.99,0.78
2015-04-10,2.24,28.22,77.97,19.41,2.15,0.78
2015-04-11,0.93,28.51,75.08,21.95,1.57,0.77
2015-04-12,0.25,28.45,72.82,22.8,1.18,0.77
2015-04-13,0.67,28.05,74.63,17.65,1.31,0.76
2015-04-14,1.54,27.69,79.25,22.38,1.75,0.76
2015-04-15,0.28,28.15,76.31,22.22,1.53,0.75
2015-04-16,2.29,28.66,77.84,19.67,2.5,0.74
2015-04-17,11.25,27.83,81.73,7.48,1.37,0.75
2015-04-18,2.49,27.55,80.76,20.79,1.42,0.76
2015-04-19,4.64,27.87,79.48,18.69,1.51,0.76
2015-04-20,3.69,28.17,76.0,20.85,2.62,0.76
2015-04-21,0.9,28.13,75.06,19.92,1.11,0.75
2015-04-22,2.68,27.88,77.69,21.47,1.37,0.75
2015-04-23,3.42,27.82,79.19,19.43,1.44,0.75
2015-04-24,5.51,27.84,80.0,18.38,1.94,0.75
2015-04-25,12.0,27.11,81.48,19.21,1.65,0.76
2015-04-26,8.11,27.16,79.66,11.8,2.41,0.78
2015-04-27,0.24,27.89,75.52,18.42,2.05,0.77
2015-04-28,0.14,28.14,73.92,21.4,2.56,0.76
2015-04-29,0.37,27.86,77.35,21.82,2.52,0.75
2015-04-30,2.29,27.15,81.3,17.86,2.2,0.75
2015-05-01,4.04,27.52,78.91,21.19,2.19,0.75
2015-05-02,5.84,28.08,78.16,15.91,2.53,0.74
2015-05-03,3.77,27.87,77.76,17.44,2.7,0.75
2015-05-04,0.02,27.2,72.96,21.33,2.92,0.74
2015-05-05,0.0,26.94,66.88,23.01,2.07,0.73
2015-05-06,0.0,27.11,66.72,22.94,1.52,0.72
2015-05-07,0.0,27.59,70.3,22.35,2.69,0.71
2015-05-08,0.01,27.93,71.95,22.07,3.28,0.7
2015-05-09,0.02,27.95,70.79,21.39,2.89,0.69
2015-05-10,0.1,27.93,72.92,21.24,3.17,0.68
2015-05-11,0.18,27.83,77.74,21.12,2.64,0.68
2015-05-12,0.27,27.86,79.38,21.82,3.27,0.67
2015-05-13,0.05,27.96,71.58,22.01,3.69,0.66
2015-05-14,0.0,27.66,68.17,21.89,4.34,0.65
2015-05-15,0.0,27.08,66.36,21.57,3.75,0.64
2015-05-16,0.0,26.36,70.14,20.94,2.98,0.64
2015-05-17,0.0,26.76,68.15,22.27,2.36,0.63
2015-05-18,0.0,26.95,72.14,21.92,2.44,0.62
2015-05-19,0.0,27.41,70.81,21.75,1.3,0.61
2015-05-20,0.09,27.29,75.9,19.86,1.52,0.61
2015-05-21,0.02,27.66,77.34,21.04,2.35,0.6
2015-05-22,0.0,27.79,73.59,20.51,1.98,0.59
2015-05-23,0.02,27.72,74.15,20.78,3.19,0.58
2015-05-24,0.05,27.52,75.15,20.46,3.1,0.58
2015-05-25,0.03,27.56,75.65,20.77,2.28,0.57
2015-05-26,0.01,27.56,76.3,20.75,2.15,0.56
2015-05-27,0.18,27.58,77.1,19.91,2.32,0.56
2015-05-28,0.16,27.4,78.92,20.05,2.24,0.55
2015-05-29,1.22,27.3,82.36,17.96,1.5,0.55
2015-05-30,0.11,27.51,76.59,18.86,1.68,0.55
2015-05-31,0.04,27.56,76.28,17.62,1.62,0.54
2015-06-01,0.99,27.85,75.49,19.34,1.59,0.54
2015-06-02,22.6,27.27,83.64,13.58,3.22,0.55
2015-06-03,1.24,27.58,78.35,19.71,3.7,0.57
2015-06-04,1.04,27.81,76.29,19.57,4.44,0.56
2015-06-05,1.41,27.64,77.52,16.18,4.76,0.56
2015-06-06,0.06,27.57,78.04,19.13,3.55,0.55
2015-06-07,0.21,27.63,80.88,12.74,3.12,0.55
2015-06-08,0.05,27.58,74.8,18.66,3.72,0.54
2015-06-09,0.02,27.04,75.66,18.52,2.87,0.53
2015-06-10,0.02,26.97,76.19,19.38,2.23,0.53
2015-06-11,0.03,26.76,71.36,19.08,2.6,0.52
2015-06-12,0.01,26.74,74.03,20.25,2.08,0.52
2015-06-13,0.01,26.65,75.01,19.9,2.46,0.51
2015-06-14,0.03,26.91,71.67,19.87,1.88,0.51
2015-06-15,0.0,27.14,73.14,19.87,1.66,0.5
2015-06-16,0.03,27.27,75.81,19.15,2.0,0.5
2015-06-17,0.08,27.34,70.98,19.39,2.32,0.49
2015-06-18,0.01,27.06,70.93,20.39,2.58,0.49
2015-06-19,0.01,27.06,71.71,18.05,2.75,0.48
2015-06-20,0.0,26.83,69.53,18.03,2.35,0.48
2015-06-21,0.0,26.54,70.26,19.82,2.98,0.48
2015-06-22,0.0,26.41,68.47,19.72,2.92,0.47
2015-06-23,0.02,26.04,69.91,18.55,3.25,0.47
2015-06-24,0.0,26.17,68.68,20.35,2.68,0.46
2015-06-25,0.0,26.53,69.36,20.01,3.07,0.46
2015-06-26,0.0,26.75,67.45,20.12,3.05,0.46
2015-06-27,0.0,26.48,69.33,19.92,2.82,0.45
2015-06-28,0.04,26.27,72.42,18.74,2.32,0.45
2015-06-29,0.01,26.39,71.37,18.84,2.68,0.45
2015-06-30,0.0,25.87,70.59,19.59,2.6,0.44
2015-07-01,0.0,26.39,68.26,20.48,2.34,0.44
2015-07-02,0.0,26.22,67.97,20.73,1.97,0.44
2015-07-03,0.01,26.45,67.8,20.57,1.76,0.43
2015-07-04,0.03,26.49,68.27,19.97,2.6,0.43
2015-07-05,0.01,26.71,64.69,20.45,2.77,0.43
2015-07-06,0.0,26.05,66.8,20.66,2.87,0.42
2015-07-07,0.0,26.09,67.86,20.45,1.95,0.42
2015-07-08,0.05,25.85,73.78,18.33,1.72,0.42
2015-07-09,0.1,26.08,75.01,14.4,1.86,0.42
2015-07-10,0.01,26.74,74.46,14.22,1.95,0.41
2015-07-11,0.01,27.04,69.12,19.92,2.87,0.41
2015-07-12,0.01,27.11,73.53,19.63,3.87,0.41
2015-07-13,0.0,26.99,68.49,20.74,4.25,0.4
2015-07-14,0.0,26.09,66.61,18.88,3.96,0.4
2015-07-15,0.0,25.61,68.56,19.97,3.01,0.4
2015-07-16,0.0,25.74,70.15,20.85,2.28,0.4
2015-07-17,0.0,26.15,68.08,20.18,2.62,0.39
2015-07-18,0.0,26.23,69.74,20.16,3.07,0.39
2015-07-19,0.01,25.87,72.79,19.49,2.63,0.39
2015-07-20,0.02,26.06,70.1,19.94,2.39,0.39
2015-07-21,0.0,26.25,68.86,20.1,1.93,0.38
2015-07-22,0.0,26.47,71.54,20.04,1.89,0.38
2015-07-23,0.0,26.6,70.31,20.78,1.44,0.38
2015-07-24,0.0,26.05,70.52,20.97,1.58,0.38
2015-07-25,0.0,26.51,68.99,21.21,2.07,0.37
2015-07-26,0.03,26.69,71.48,21.59,2.07,0.37
2015-07-27,0.19,26.93,72.31,21.33,2.56,0.37
2015-07-28,0.35,26.87,72.7,20.77,3.47,0.37
2015-07-29,0.03,26.67,69.1,21.17,3.84,0.36
2015-07-30,0.0,26.77,68.14,21.85,3.43,0.36
2015-07-31,0.01,26.55,68.79,21.71,2.8,0.36
2015-08-01,0.01,26.17,67.81,21.55,2.9,0.36
2015-08-02,0.0,26.25,67.04,20.87,2.3,0.36
2015-08-03,0.0,26.51,60.45,21.83,2.45,0.35
2015-08-04,0.0,26.58,62.53,22.45,3.41,0.35
2015-08-05,0.1,26.32,57.94,18.94,3.22,0.35
2015-08-06,0.04,26.0,61.82,20.54,3.05,0.35
2015-08-07,0.0,26.11,59.9,22.49,2.66,0.35
2015-08-08,0.16,26.32,71.06,21.87,2.73,0.34
2015-08-09,2.93,26.39,75.85,20.08,2.72,0.35
2015-08-10,1.3,26.48,73.68,18.39,2.28,0.35
2015-08-11,0.7,26.34,73.4,19.85,2.2,0.35
2015-08-12,0.49,26.54,73.15,20.53,2.03,0.35
2015-08-13,0.1,26.51,69.96,20.69,2.52,0.34
2015-08-14,0.02,26.27,67.31,22.83,3.44,0.34
2015-08-15,0.0,26.41,65.19,22.19,2.9,0.34
2015-08-16,0.0,25.98,64.36,22.33,2.69,0.34
2015-08-17,0.02,26.05,65.19,23.2,2.97,0.34
2015-08-18,0.0,25.8,62.99,23.52,2.12,0.34
2015-08-19,0.0,25.62,61.06,22.8,1.84,0.33
2015-08-20,0.01,25.6,65.23,22.47,1.89,0.33
2015-08-21,0.0,25.93,62.05,23.52,1.37,0.33
2015-08-22,0.02,26.0,69.14,21.37,1.68,0.33
2015-08-23,0.0,26.43,72.04,22.56,1.53,0.33
2015-08-24,0.06,26.88,69.97,19.69,1.23,0.33
2015-08-25,0.08,26.82,70.68,21.06,0.89,0.33
2015-08-26,0.01,27.06,69.05,20.76,1.16,0.33
2015-08-27,0.4,27.09,70.68,22.28,2.34,0.33
2015-08-28,0.73,27.3,70.19,23.64,1.91,0.33
2015-08-29,0.0,26.89,66.4,24.48,2.28,0.33
2015-08-30,0.0,26.83,67.29,24.25,1.72,0.33
2015-08-31,0.0,26.92,67.26,23.82,1.31,0.33
2015-09-01,0.0,26.8,70.43,23.12,1.57,0.33
2015-09-02,0.0,26.91,71.21,23.23,2.81,0.33
2015-09-03,0.0,26.89,70.89,24.12,2.58,0.33
2015-09-04,0.0,26.83,70.44,24.15,1.65,0.33
2015-09-05,0.0,27.14,67.16,24.66,1.16,0.33
2015-09-06,0.0,27.25,66.68,24.96,1.66,0.33
2015-09-07,0.0,27.16,61.78,25.19,1.64,0.33
2015-09-08,0.0,26.91,66.23,25.24,2.41,0.33
2015-09-09,0.01,27.1,64.94,24.82,2.71,0.33
2015-09-10,0.02,27.18,66.41,24.95,3.35,0.33
2015-09-11,0.05,27.37,59.93,25.29,3.08,0.33
2015-09-12,0.06,27.35,55.48,25.4,2.34,0.33
2015-09-13,0.0,26.95,58.33,24.49,2.27,0.33
2015-09-14,0.01,26.91,62.72,24.63,1.75,0.33
2015-09-15,0.03,27.27,62.77,24.46,1.6,0.33
2015-09-16,0.04,27.52,66.36,23.63,1.49,0.33
2015-09-17,0.0,27.62,69.49,24.78,1.74,0.33
2015-09-18,0.01,27.73,67.02,24.31,1.87,0.33
2015-09-19,0.0,27.87,63.54,25.51,1.61,0.32
2015-09-20,0.0,27.68,65.12,24.59,1.49,0.32
2015-09-21,0.0,28.02,62.5,25.89,1.25,0.32
2015-09-22,0.0,28.18,59.95,25.86,1.34,0.32
2015-09-23,0.0,27.7,61.11,26.03,2.09,0.32
2015-09-24,0.0,27.61,63.72,24.81,2.06,0.32
2015-09-25,0.0,27.77,64.54,25.16,1.67,0.32
2015-09-26,0.03,27.67,66.85,25.23,1.52,0.32
2015-09-27,0.05,27.97,62.63,24.71,2.01,0.32
2015-09-28,0.19,27.72,64.74,24.43,2.02,0.32
2015-09-29,0.01,27.71,66.26,24.22,1.86,0.32
2015-09-30,0.0,27.88,64.51,25.12,1.69,0.32
2015-10-01,0.01,28.07,64.72,25.48,2.16,0.32
2015-10-02,0.01,28.1,64.86,25.75,3.39,0.32
2015-10-03,0.01,27.87,63.75,25.96,3.21,0.32
2015-10-04,0.0,27.57,68.25,25.81,2.37,0.32
2015-10-05,0.03,27.58,65.05,25.0,1.13,0.32
2015-10-06,0.0,27.68,66.5,24.45,1.11,0.32
2015-10-07,0.0,27.77,68.03,25.63,1.41,0.32
2015-10-08,0.03,27.69,69.73,23.72,1.87,0.32
2015-10-09,0.01,27.73,69.06,24.9,3.05,0.32
2015-10-10,0.0,28.13,67.12,25.5,2.38,0.32
2015-10-11,0.0,27.81,68.31,24.87,2.28,0.32
2015-10-12,0.0,27.74,67.48,26.16,1.57,0.32
2015-10-13,0.03,28.07,62.34,25.72,1.62,0.32
2015-10-14,0.01,28.3,60.88,26.76,2.21,0.32
2015-10-15,0.0,28.26,64.83,26.69,2.68,0.32
2015-10-16,0.0,28.38,62.36,26.56,1.17,0.32
2015-10-17,0.0,28.4,59.22,26.69,1.55,0.32
2015-10-18,0.0,28.37,61.68,26.7,1.71,0.32
2015-10-19,0.02,28.32,63.24,26.06,2.47,0.32
2015-10-20,0.0,28.45,62.84,25.84,2.19,0.32
2015-10-21,0.0,28.36,62.77,26.01,2.12,0.32
2015-10-22,0.0,28.29,64.88,26.4,1.47,0.32
2015-10-23,0.0,28.21,65.44,26.41,1.14,0.32
2015-10-24,0.0,28.2,70.01,25.75,1.98,0.32
2015-10-25,0.0,28.2,68.37,25.91,1.52,0.32
2015-10-26,0.01,29.09,64.53,25.45,1.63,0.32
2015-10-27,0.08,28.64,67.28,25.52,2.18,0.32
2015-10-28,0.13,28.61,71.2,23.86,2.18,0.32
2015-10-29,0.14,28.83,68.49,26.4,1.99,0.32
2015-10-30,0.0,28.81,64.42,26.79,1.22,0.32
2015-10-31,0.0,28.93,63.43,27.12,0.76,0.32
2015-11-01,0.01,28.68,68.75,26.77,1.33,0.32
2015-11-02,0.05,28.71,68.19,25.89,0.98,0.32
2015-11-03,0.16,28.86,67.86,25.74,1.29,0.32
2015-11-04,0.0,28.93,65.32,25.6,0.79,0.32
2015-11-05,0.0,29.24,64.01,25.5,0.97,0.32
2015-11-06,0.03,29.63,65.36,25.22,1.63,0.32
2015-11-07,0.05,29.44,66.13,25.03,1.33,0.32
2015-11-08,0.22,29.65,69.07,25.2,0.68,0.32
2015-11-09,0.41,29.61,69.55,22.97,1.77,0.32
2015-11-10,0.28,29.5,70.12,24.79,1.35,0.33
2015-11-11,0.23,29.19,72.37,24.4,1.22,0.33
2015-11-12,0.21,29.21,71.01,24.68,2.06,0.33
2015-11-13,0.1,29.25,73.18,26.44,3.05,0.33
2015-11-14,0.08,29.44,70.98,25.78,1.66,0.33
2015-11-15,0.09,29.32,68.53,24.59,1.05,0.33
2015-11-16,0.5,29.29,71.36,24.79,1.53,0.33
2015-11-17,0.96,29.67,67.41,24.55,0.81,0.33
2015-11-18,1.34,29.71,68.45,25.6,1.64,0.33
2015-11-19,0.7,29.94,65.88,25.58,1.76,0.33
2015-11-20,0.18,29.87,68.2,26.96,2.12,0.33
2015-11-21,0.2,30.05,65.46,26.38,0.95,0.33
2015-11-22,0.1,30.12,64.5,26.28,1.03,0.33
2015-11-23,0.02,30.14,63.16,26.64,1.31,0.33
2015-11-24,0.18,29.66,68.2,25.68,2.24,0.33
2015-11-25,0.01,29.75,65.5,26.05,1.38,0.33
2015-11-26,0.11,30.19,68.3,25.04,1.85,0.33
2015-11-27,3.96,30.11,69.8,24.58,2.01,0.33
2015-11-28,5.74,29.87,72.24,24.22,1.36,0.34
2015-11-29,2.4,29.95,71.59,25.89,1.17,0.34
2015-11-30,0.92,30.09,71.29,25.67,1.81,0.34
2015-12-01,0.45,29.85,70.72,24.38,1.21,0.34
2015-12-02,2.65,28.83,75.69,20.6,1.02,0.34
2015-12-03,1.39,29.18,70.65,22.74,1.83,0.34
2015-12-04,1.45,29.2,70.98,23.87,0.89,0.34
2015-12-05,0.53,30.04,68.19,22.67,1.77,0.34
2015-12-06,1.04,29.94,69.47,21.29,1.03,0.34
2015-12-07,1.18,29.72,69.59,23.16,0.6,0.34
2015-12-08,1.22,29.79,70.07,22.08,0.96,0.34
2015-12-09,1.91,29.72,73.09,24.97,1.1,0.34
2015-12-10,1.29,29.71,72.15,23.83,1.29,0.34
2015-12-11,1.45,29.93,68.69,21.47,1.5,0.34
2015-12-12,4.35,30.1,68.01,24.11,1.33,0.34
2015-12-13,0.82,30.19,68.15,24.33,1.62,0.35
2015-12-14,0.97,29.84,68.98,23.5,1.54,0.34
2015-12-15,1.96,30.53,64.68,25.13,1.16,0.34
2015-12-16,10.16,29.79,71.51,19.19,2.08,0.35
2015-12-17,17.34,29.63,75.49,23.06,2.49,0.38
2015-12-18,57.81,28.63,83.07,10.91,4.27,0.45
2015-12-19,8.34,28.49,76.67,17.76,2.52,0.5
2015-12-20,12.87,28.23,77.29,18.46,3.06,0.51
2015-12-21,26.52,28.16,77.85,12.42,3.64,0.54
2015-12-22,1.7,27.99,81.25,22.66,3.41,0.55
2015-12-23,3.01,28.54,79.55,21.77,3.46,0.55
2015-12-24,12.55,28.18,81.8,21.71,3.66,0.55
2015-12-25,23.18,27.38,84.1,19.4,5.64,0.59
2015-12-26,4.76,27.67,81.22,17.85,4.33,0.6
2015-12-27,0.92,27.98,81.0,20.93,3.03,0.59
2015-12-28,0.86,28.31,80.06,23.52,2.87,0.59
2015-12-29,1.34,27.89,81.83,23.94,2.95,0.58
2015-12-30,3.71,28.17,80.37,24.97,2.3,0.58
2015-12-31,1.72,28.4,79.09,24.41,2.1,0.58
2016-01-01,0.06,28.37,78.98,26.19,2.51,0.57
2016-01-02,0.03,28.64,78.77,26.56,2.35,0.56
2016-01-03,0.02,29.09,77.04,26.32,2.86,0.55
2016-01-04,0.13,29.03,75.86,26.4,1.8,0.54
2016-01-05,0.06,29.01,75.99,27.27,1.49,0.53
2016-01-06,1.3,29.38,74.03,26.64,1.62,0.53
2016-01-07,2.92,29.56,74.11,25.95,1.64,0.53
2016-01-08,0.43,29.99,68.82,25.44,1.48,0.52
2016-01-09,0.11,30.16,67.82,24.89,2.69,0.51
2016-01-10,0.01,29.97,60.82,24.88,1.27,0.51
2016-01-11,0.39,30.05,63.51,23.57,0.97,0.5
2016-01-12,0.34,29.71,67.99,26.3,1.42,0.49
2016-01-13,0.42,29.67,70.28,26.72,2.6,0.48
2016-01-14,0.25,29.92,67.06,26.73,1.45,0.48
2016-01-15,2.91,30.15,66.01,25.19,0.95,0.47
2016-01-16,2.49,29.89,69.15,21.82,0.83,0.47
2016-01-17,11.43,29.63,70.71,24.3,1.26,0.48
2016-01-18,2.53,29.55,71.24,23.99,1.13,0.49
2016-01-19,0.34,29.85,70.11,23.63,2.01,0.48
2016-01-20,0.21,30.08,68.4,24.01,1.42,0.48
2016-01-21,2.76,29.65,69.89,25.02,1.39,0.47
2016-01-22,2.29,29.91,70.44,21.1,1.58,0.47
2016-01-23,4.38,29.1,75.87,20.86,3.07,0.47
2016-01-24,24.71,28.15,82.87,11.85,4.1,0.49
2016-01-25,14.15,27.59,82.96,16.09,4.87,0.54
2016-01-26,6.58,27.61,81.7,13.41,4.67,0.54
2016-01-27,16.17,27.82,81.69,18.95,4.22,0.56
2016-01-28,4.64,28.16,81.78,19.7,3.57,0.57
2016-01-29,1.84,28.2,82.01,22.91,2.72,0.57
2016-01-30,16.93,28.13,81.7,16.59,3.42,0.57
2016-01-31,12.08,28.14,82.46,19.05,3.07,0.6
2016-02-01,2.83,28.36,79.85,20.96,2.57,0.6
2016-02-02,3.7,27.62,82.75,19.52,1.86,0.6
2016-02-03,7.06,27.7,82.23,20.39,1.6,0.6
2016-02-04,6.55,27.97,81.74,22.41,1.54,0.6
2016-02-05,24.67,27.77,84.57,13.33,1.92,0.63
2016-02-06,23.29,27.97,82.72,22.07,1.97,0.66
2016-02-07,5.85,28.2,81.23,22.67,1.99,0.68
2016-02-08,5.21,27.99,83.32,23.47,2.07,0.68
2016-02-09,2.12,28.28,79.18,24.83,2.17,0.68
2016-02-10,2.8,28.57,80.85,24.45,2.89,0.67
2016-02-11,4.82,28.51,82.8,20.0,3.72,0.67
2016-02-12,5.17,28.34,80.62,17.8,4.97,0.67
2016-02-13,2.4,28.72,71.6,22.18,2.15,0.67
2016-02-14,3.95,28.33,81.1,22.99,1.72,0.67
2016-02-15,2.22,28.42,80.71,24.45,2.17,0.67
2016-02-16,1.52,28.39,81.35,24.89,2.23,0.66
2016-02-17,0.53,28.58,78.79,23.63,2.16,0.66
2016-02-18,0.33,28.41,78.69,26.62,1.74,0.65
2016-02-19,0.23,28.42,80.34,25.74,2.98,0.64
2016-02-20,0.26,28.58,78.29,25.67,1.68,0.64
2016-02-21,1.49,29.22,73.71,26.52,1.2,0.63
2016-02-22,5.64,28.89,79.48,20.98,2.19,0.63
2016-02-23,4.93,29.1,76.81,24.48,2.24,0.63
2016-02-24,10.25,28.38,80.27,25.94,2.5,0.64
2016-02-25,7.96,28.23,81.89,22.38,3.18,0.65
2016-02-26,6.4,28.37,80.48,19.74,3.12,0.65
2016-02-27,5.92,28.58,80.65,19.95,3.57,0.65
2016-02-28,4.79,28.49,81.75,24.37,2.39,0.66
2016-02-29,5.77,28.27,83.63,20.64,2.62,0.66
2016-03-01,4.34,28.35,81.26,20.33,1.87,0.67
2016-03-02,2.39,28.51,81.06,23.1,2.1,0.67
2016-03-03,1.24,28.37,80.93,24.48,1.43,0.66
2016-03-04,0.2,29.22,76.59,26.39,1.68,0.66
2016-03-05,0.05,28.99,78.8,25.84,2.13,0.65
2016-03-06,0.35,29.22,77.26,25.94,1.84,0.64
2016-03-07,0.69,29.83,74.32,25.55,1.98,0.63
2016-03-08,1.86,29.27,77.97,17.58,2.17,0.63
2016-03-09,1.17,29.09,77.88,22.87,1.74,0.62
2016-03-10,2.12,29.14,79.06,22.92,1.75,0.62
2016-03-11,7.95,29.17,78.73,19.32,1.44,0.62
2016-03-12,5.03,29.16,79.21,17.25,2.35,0.63
2016-03-13,10.35,28.12,85.29,12.57,4.28,0.64
2016-03-14,4.74,28.64,81.08,17.46,2.76,0.65
2016-03-15,6.89,28.82,82.52,21.93,3.41,0.65
2016-03-16,5.97,29.05,80.77,21.69,3.59,0.65
2016-03-17,9.18,29.36,79.75,21.37,2.7,0.66
2016-03-18,9.88,29.21,80.68,16.14,2.34,0.67
2016-03-19,1.95,28.74,79.33,25.24,1.91,0.67
2016-03-20,0.71,29.03,75.59,23.31,1.64,0.67
2016-03-21,0.78,29.28,73.1,24.0,1.25,0.66
2016-03-22,0.49,29.29,75.33,23.94,1.18,0.65
2016-03-23,2.37,29.32,75.46,23.69,0.72,0.64
2016-03-24,0.35,29.58,74.48,25.42,1.03,0.64
2016-03-25,0.51,29.75,73.74,23.76,1.71,0.63
2016-03-26,1.33,28.48,78.21,17.59,1.69,0.62
2016-03-27,0.51,28.58,75.84,18.32,1.36,0.62
2016-03-28,0.38,29.16,73.82,22.93,1.07,0.61
2016-03-29,0.59,29.21,75.74,23.56,1.38,0.61
2016-03-30,0.16,29.46,73.41,24.46,1.63,0.6
2016-03-31,0.07,29.27,71.26,21.1,1.11,0.59
2016-04-01,0.52,29.25,73.2,24.54,1.91,0.58
2016-04-02,0.91,29.22,74.31,23.36,1.92,0.58
2016-04-03,1.59,29.17,74.76,24.07,2.33,0.57
2016-04-04,12.88,28.83,77.08,16.91,2.21,0.58
2016-04-05,1.48,28.35,75.29,21.92,1.65,0.59
2016-04-06,1.18,28.54,78.05,17.43,1.97,0.58
2016-04-07,0.65,28.89,77.1,21.96,1.82,0.58
2016-04-08,0.22,29.1,76.79,22.75,1.79,0.57
2016-04-09,0.66,29.72,70.52,22.45,2.2,0.57
2016-04-10,0.7,29.8,69.92,22.99,2.27,0.56
2016-04-11,4.22,28.48,78.66,20.01,2.14,0.56
2016-04-12,0.29,29.15,74.71,21.77,2.33,0.56
2016-04-13,0.51,29.39,73.97,23.36,2.47,0.55
2016-04-14,0.07,29.64,71.14,24.37,3.03,0.54
2016-04-15,0.11,28.8,75.46,21.64,2.0,0.54
2016-04-16,0.35,29.1,73.08,20.79,1.59,0.53
2016-04-17,0.27,29.11,71.79,20.49,1.23,0.53
2016-04-18,0.02,29.18,70.58,24.36,1.33,0.52
2016-04-19,0.15,29.13,70.66,21.94,1.28,0.51
2016-04-20,0.1,28.77,73.13,22.83,1.8,0.51
2016-04-21,0.17,29.58,67.42,23.41,1.97,0.5
2016-04-22,0.17,29.3,68.6,22.2,2.29,0.5
2016-04-23,0.0,29.43,68.12,23.95,2.53,0.49
2016-04-24,0.05,29.23,68.86,23.1,2.34,0.49
2016-04-25,0.16,29.35,68.79,21.65,2.63,0.48
2016-04-26,0.2,29.49,68.93,22.34,1.82,0.48
2016-04-27,0.1,29.23,69.48,22.16,2.03,0.47
2016-04-28,2.21,29.2,70.76,22.63,1.99,0.47
2016-04-29,1.2,28.94,71.28,21.46,1.45,0.47
2016-04-30,0.44,29.14,70.55,22.27,1.39,0.46
2016-05-01,2.76,29.18,70.37,22.26,1.56,0.46
2016-05-02,0.07,29.28,72.24,21.76,2.17,0.46
2016-05-03,1.38,28.83,77.16,19.39,1.76,0.46
2016-05-04,1.92,28.4,78.21,19.27,1.7,0.46
2016-05-05,11.56,28.7,78.6,18.05,3.01,0.47
2016-05-06,2.76,28.72,78.66,14.71,2.34,0.48
2016-05-07,1.36,28.78,75.64,14.47,1.31,0.48
2016-05-08,0.25,29.36,71.25,20.74,0.88,0.47
2016-05-09,0.17,29.07,75.48,20.5,2.02,0.47
2016-05-10,1.13,28.08,80.02,20.6,2.78,0.47
2016-05-11,0.35,29.16,75.52,21.24,2.43,0.47
2016-05-12,6.68,28.9,81.03,11.08,2.67,0.47
2016-05-13,4.51,28.82,80.43,15.87,2.68,0.48
2016-05-14,3.67,28.89,80.31,19.73,2.1,0.48
2016-05-15,7.85,28.84,79.42,17.46,3.37,0.49
2016-05-16,0.28,29.19,73.58,20.96,2.95,0.49
2016-05-17,0.92,29.2,74.04,20.59,2.91,0.48
2016-05-18,2.46,28.82,76.78,21.6,3.13,0.48
2016-05-19,0.36,29.14,71.44,20.32,2.05,0.48
2016-05-20,0.31,29.3,67.95,17.19,1.72,0.48
2016-05-21,0.06,29.18,69.85,20.71,1.52,0.47
2016-05-22,0.11,29.15,71.88,20.44,1.71,0.47
2016-05-23,0.09,29.01,73.65,20.73,2.03,0.46
2016-05-24,0.14,28.94,72.81,20.65,1.57,0.46
2016-05-25,0.11,29.35,67.82,20.2,1.44,0.45
2016-05-26,4.97,28.86,72.48,15.34,1.31,0.45
2016-05-27,5.64,29.01,71.74,17.0,1.7,0.46
2016-05-28,1.66,28.58,72.5,18.18,1.17,0.46
2016-05-29,1.22,29.04,69.38,18.94,1.67,0.46
2016-05-30,0.19,29.16,68.1,19.3,2.55,0.46
2016-05-31,0.01,28.97,67.83,20.31,2.13,0.45
2016-06-01,0.06,29.01,67.7,18.31,2.29,0.45
2016-06-02,0.16,28.92,66.47,19.98,2.26,0.44
2016-06-03,0.01,28.87,67.52,18.96,1.9,0.44
2016-06-04,0.34,29.08,69.63,20.2,1.69,0.44
2016-06-05,0.04,28.77,71.12,20.27,0.82,0.43
2016-06-06,0.07,28.79,69.84,20.22,2.1,0.43
2016-06-07,0.0,28.84,69.15,20.72,1.92,0.43
2016-06-08,0.32,28.77,71.61,19.47,3.18,0.42
2016-06-09,0.66,29.12,69.16,19.16,2.21,0.42
2016-06-10,0.19,28.93,69.67,19.81,1.67,0.42
2016-06-11,0.07,29.41,67.09,20.32,3.34,0.41
2016-06-12,0.79,29.21,69.92,17.18,3.98,0.41
2016-06-13,1.24,28.7,72.62,16.82,3.72,0.41
2016-06-14,27.05,28.18,78.6,15.52,3.35,0.43
2016-06-15,11.7,27.91,80.82,17.87,2.66,0.48
2016-06-16,1.59,28.25,77.53,13.37,2.75,0.48
2016-06-17,0.19,28.52,70.7,17.73,3.56,0.47
2016-06-18,0.03,28.21,73.06,19.88,2.44,0.47
2016-06-19,0.02,28.11,70.85,19.76,2.33,0.46
2016-06-20,0.0,28.17,68.97,19.38,2.12,0.46
2016-06-21,0.02,28.36,65.12,18.51,1.18,0.46
2016-06-22,0.03,28.66,64.91,19.15,2.13,0.45
2016-06-23,0.09,28.43,65.73,16.68,1.82,0.45
2016-06-24,0.09,28.26,67.4,13.91,2.28,0.44
2016-06-25,0.0,28.56,67.2,15.98,1.36,0.44
2016-06-26,2.09,27.46,78.02,15.51,3.3,0.44
2016-06-27,0.88,28.11,74.94,16.75,2.43,0.44
2016-06-28,21.71,28.41,76.37,7.69,3.94,0.45
2016-06-29,23.71,28.37,73.89,13.13,3.05,0.51
2016-06-30,5.37,28.18,74.31,17.93,2.78,0.52
2016-07-01,0.15,28.35,74.7,18.67,2.96,0.51
2016-07-02,0.06,28.46,67.35,19.04,4.05,0.5
2016-07-03,0.05,28.08,69.65,20.16,4.31,0.5
2016-07-04,0.04,27.66,71.25,19.47,3.53,0.49
2016-07-05,0.02,27.94,68.91,19.84,3.0,0.49
2016-07-06,0.01,28.17,67.86,18.8,3.23,0.48
2016-07-07,0.1,27.98,68.88,18.9,2.99,0.48
2016-07-08,3.17,27.8,74.27,15.94,3.06,0.48
2016-07-09,5.43,26.79,82.16,7.78,1.52,0.49
2016-07-10,1.01,27.25,78.41,17.12,1.45,0.49
2016-07-11,6.72,27.63,76.79,16.77,1.09,0.49
2016-07-12,3.32,27.85,74.92,16.48,1.82,0.5
2016-07-13,0.53,28.13,70.52,18.23,1.96,0.49
2016-07-14,30.91,27.67,76.99,17.16,3.32,0.51
2016-07-15,4.55,27.65,76.33,17.0,5.33,0.55
2016-07-16,0.26,27.51,73.44,16.42,3.53,0.54
2016-07-17,0.11,27.36,73.17,16.8,2.96,0.53
2016-07-18,0.02,27.22,76.18,17.65,2.36,0.52
2016-07-19,0.15,26.87,76.9,16.02,1.85,0.52
2016-07-20,0.09,27.44,75.05,17.85,1.78,0.51
2016-07-21,0.0,27.77,70.99,20.82,1.96,0.51
2016-07-22,0.02,27.6,69.48,19.29,1.48,0.5
2016-07-23,0.0,27.74,66.01,21.06,1.45,0.5
2016-07-24,0.0,27.83,66.2,20.3,2.17,0.49
2016-07-25,0.09,27.76,68.6,21.0,2.15,0.49
2016-07-26,0.21,27.68,66.78,20.67,2.12,0.48
2016-07-27,0.01,27.63,66.14,20.86,3.59,0.48
2016-07-28,0.02,27.49,65.71,20.37,3.37,0.47
2016-07-29,0.0,27.09,64.84,20.3,3.15,0.47
2016-07-30,0.01,27.31,67.53,20.98,2.76,0.46
2016-07-31,0.01,27.37,67.56,20.7,2.51,0.46
2016-08-01,0.05,27.22,68.55,20.12,3.19,0.46
2016-08-02,0.0,27.69,64.87,14.28,2.28,0.45
2016-08-03,0.31,27.83,65.66,20.28,1.6,0.45
2016-08-04,0.25,27.75,71.09,16.51,2.88,0.45
2016-08-05,0.21,27.5,69.78,18.01,2.84,0.44
2016-08-06,0.04,27.15,67.33,20.8,2.14,0.44
2016-08-07,0.04,27.28,66.45,18.11,1.52,0.44
2016-08-08,0.0,26.97,64.25,19.85,1.84,0.43
2016-08-09,0.13,26.88,69.07,18.67,1.94,0.43
2016-08-10,1.26,26.99,76.07,15.43,2.29,0.43
2016-08-11,0.06,27.57,74.0,22.11,2.28,0.42
2016-08-12,0.02,27.78,68.26,21.38,2.71,0.42
2016-08-13,0.02,27.56,64.46,23.14,3.0,0.42
2016-08-14,0.09,27.66,66.14,21.63,3.17,0.41
2016-08-15,0.09,27.95,66.12,22.49,3.23,0.41
2016-08-16,0.03,27.87,61.88,22.96,2.8,0.41
2016-08-17,0.03,27.58,59.12,23.24,1.97,0.4
2016-08-18,0.0,27.22,61.26,23.93,3.27,0.4
2016-08-19,0.0,27.36,56.83,24.07,2.7,0.4
2016-08-20,0.0,27.67,57.55,23.11,1.19,0.39
2016-08-21,0.04,27.08,68.39,20.77,2.33,0.39
2016-08-22,0.01,26.92,73.69,20.22,2.89,0.39
2016-08-23,0.03,26.87,72.38,20.49,2.89,0.39
2016-08-24,0.02,27.26,70.25,17.97,3.22,0.38
2016-08-25,0.18,27.32,72.1,17.27,2.13,0.38
2016-08-26,0.36,27.91,72.67,19.44,2.46,0.38
2016-08-27,1.02,27.96,72.84,21.92,2.07,0.38
2016-08-28,1.19,27.83,75.16,22.72,2.39,0.37
2016-08-29,2.3,27.79,74.8,21.73,2.7,0.37
2016-08-30,0.19,27.98,70.73,23.09,1.64,0.37
2016-08-31,0.06,27.96,71.05,22.87,2.0,0.37
2016-09-01,0.11,27.81,72.62,23.8,2.04,0.37
2016-09-02,0.07,27.9,72.86,23.44,2.82,0.36
2016-09-03,0.44,27.99,73.39,22.8,3.22,0.36
2016-09-04,0.08,28.51,70.42,23.34,1.62,0.36
2016-09-05,0.3,28.29,69.62,22.77,1.09,0.35
2016-09-06,0.15,28.68,68.3,23.94,2.02,0.35
2016-09-07,0.29,28.59,65.32,24.94,2.02,0.35
2016-09-08,0.02,28.22,68.05,24.78,2.69,0.35
2016-09-09,0.01,28.23,68.46,25.43,1.96,0.34
2016-09-10,0.01,28.06,69.1,25.07,2.46,0.34
2016-09-11,0.04,28.34,65.19,23.78,1.23,0.34
2016-09-12,0.03,28.23,65.76,24.71,1.59,0.34
2016-09-13,0.07,28.5,65.71,21.64,1.21,0.34
2016-09-14,0.63,28.41,69.78,21.86,1.47,0.33
2016-09-15,0.83,28.83,68.69,21.57,1.59,0.33
2016-09-16,0.38,29.01,66.47,23.37,1.07,0.33
2016-09-17,0.13,29.07,67.73,23.49,1.23,0.33
2016-09-18,1.87,28.77,69.56,22.01,1.91,0.33
2016-09-19,8.22,28.54,74.14,17.07,2.04,0.34
2016-09-20,2.62,27.91,77.91,16.62,2.78,0.35
2016-09-21,1.32,28.53,73.88,23.02,1.43,0.35
2016-09-22,0.72,28.59,70.69,23.64,1.26,0.35
2016-09-23,1.74,28.46,72.66,24.48,1.71,0.35
2016-09-24,3.59,29.02,69.7,21.96,1.38,0.35
2016-09-25,9.66,28.96,70.09,24.15,1.34,0.36
2016-09-26,0.31,29.17,70.63,24.28,1.28,0.36
2016-09-27,0.83,28.83,71.19,21.19,1.5,0.36
2016-09-28,1.89,28.89,70.18,19.68,1.08,0.36
2016-09-29,2.68,28.82,71.86,22.74,1.7,0.36
2016-09-30,0.5,29.12,70.75,21.4,1.11,0.36
2016-10-01,0.3,29.49,66.51,23.92,0.87,0.35
2016-10-02,0.69,29.4,68.91,21.63,1.19,0.35
2016-10-03,3.08,28.9,74.47,21.81,3.04,0.35
2016-10-04,0.62,29.55,67.71,24.52,2.19,0.35
2016-10-05,5.12,29.25,68.15,23.53,1.27,0.35
2016-10-06,16.72,28.95,75.03,22.91,3.38,0.37
2016-10-07,8.08,28.57,77.97,22.43,3.27,0.39
2016-10-08,9.16,29.13,74.02,21.47,2.7,0.4
2016-10-09,3.16,28.89,66.16,25.2,1.57,0.41
2016-10-10,0.12,29.09,64.0,24.28,1.34,0.4
2016-10-11,0.09,29.3,62.26,26.04,1.19,0.4
2016-10-12,0.26,29.52,62.77,26.92,1.26,0.39
2016-10-13,0.41,29.74,62.92,25.99,1.62,0.39
2016-10-14,0.23,29.69,64.17,25.2,1.44,0.38
2016-10-15,0.1,29.49,66.7,26.44,1.58,0.38
2016-10-16,0.11,29.4,66.08,27.11,1.55,0.38
2016-10-17,0.07,29.66,65.26,25.78,1.36,0.37
2016-10-18,0.1,29.71,66.12,25.32,1.12,0.37
2016-10-19,0.13,29.86,68.81,25.65,1.93,0.36
2016-10-20,0.13,29.79,67.8,24.67,1.88,0.36
2016-10-21,0.27,29.44,68.45,22.97,1.15,0.36
2016-10-22,1.45,28.04,77.03,15.89,1.09,0.36
2016-10-23,2.47,28.44,71.86,20.74,1.97,0.36
2016-10-24,10.03,28.22,74.49,22.43,2.24,0.37
2016-10-25,16.0,27.78,73.35,15.64,1.14,0.4
2016-10-26,5.72,28.58,70.31,19.09,1.26,0.41
2016-10-27,1.97,29.04,69.52,20.93,1.36,0.41
2016-10-28,6.01,28.73,72.75,23.65,1.74,0.41
2016-10-29,3.07,28.9,71.32,22.53,2.06,0.42
2016-10-30,0.65,29.72,64.42,26.16,1.53,0.41
2016-10-31,0.15,29.95,63.37,26.35,1.1,0.41
2016-11-01,1.5,30.13,67.49,25.91,2.53,0.41
2016-11-02,2.73,29.86,68.93,22.65,1.93,0.41
2016-11-03,2.08,29.49,72.08,23.0,2.57,0.41
2016-11-04,0.89,29.95,66.58,24.84,1.16,0.4
2016-11-05,0.56,29.42,70.47,23.43,1.35,0.4
2016-11-06,0.45,30.16,66.59,21.01,0.98,0.4
2016-11-07,0.5,30.3,68.26,23.59,1.13,0.4
2016-11-08,0.19,30.51,66.29,23.87,1.87,0.4
2016-11-09,2.67,29.73,72.23,21.84,2.5,0.4
2016-11-10,1.63,29.38,72.94,24.81,3.46,0.4
2016-11-11,1.4,28.88,74.03,22.97,2.67,0.4
2016-11-12,0.2,28.97,70.83,21.27,1.44,0.4
2016-11-13,0.24,29.02,73.92,21.59,2.39,0.39
2016-11-14,0.19,29.52,71.74,24.6,2.14,0.39
2016-11-15,0.53,29.2,73.4,24.7,1.72,0.39
2016-11-16,0.55,29.37,69.74,23.78,1.84,0.39
2016-11-17,0.2,29.81,67.73,25.08,1.9,0.38
2016-11-18,1.94,30.33,64.36,23.82,0.99,0.38
2016-11-19,6.56,29.4,69.54,17.6,0.75,0.39
2016-11-20,0.62,30.31,63.93,26.11,1.38,0.39
2016-11-21,0.12,30.29,63.78,25.32,1.29,0.39
2016-11-22,1.16,29.76,67.87,23.01,1.94,0.38
2016-11-23,1.98,29.46,70.94,22.56,2.2,0.38
2016-11-24,2.8,29.57,68.98,23.78,1.8,0.39
2016-11-25,6.36,29.1,73.42,19.35,1.65,0.4
2016-11-26,6.08,29.94,67.06,22.62,0.83,0.4
2016-11-27,6.83,30.24,66.39,23.68,0.94,0.41
2016-11-28,4.91,29.75,72.45,22.13,1.41,0.42
2016-11-29,2.1,30.14,68.27,24.82,1.0,0.42
2016-11-30,4.3,30.28,67.55,22.57,1.67,0.42
2016-12-01,9.98,28.93,76.24,19.32,2.33,0.43
2016-12-02,7.33,28.91,74.88,19.03,1.96,0.44
2016-12-03,2.21,28.77,69.55,19.8,1.06,0.45
2016-12-04,1.6,29.45,68.67,16.54,2.01,0.44
2016-12-05,2.57,29.03,71.08,21.95,1.35,0.44
2016-12-06,2.71,28.73,76.06,14.86,2.53,0.44
2016-12-07,1.05,29.86,70.48,20.76,2.17,0.44
2016-12-08,1.12,29.78,72.02,25.29,2.61,0.44
2016-12-09,1.07,30.31,66.85,23.67,1.41,0.43
2016-12-10,3.22,29.9,68.75,23.83,1.7,0.43
2016-12-11,4.35,29.46,70.57,22.93,1.77,0.44
2016-12-12,7.99,28.71,75.07,21.32,1.73,0.44
2016-12-13,6.03,28.33,75.76,11.02,1.92,0.46
2016-12-14,14.0,28.5,75.19,19.07,2.1,0.47
2016-12-15,12.98,28.39,77.82,18.97,2.45,0.49
2016-12-16,30.89,27.88,79.9,16.32,2.65,0.52
2016-12-17,10.12,28.21,80.8,15.34,3.26,0.55
2016-12-18,31.17,28.1,82.09,13.41,4.41,0.59
2016-12-19,2.65,28.28,80.81,14.49,4.48,0.6
2016-12-20,6.8,28.14,82.39,16.79,4.76,0.6
2016-12-21,22.47,28.74,79.99,12.25,5.1,0.62
2016-12-22,13.4,28.43,80.82,15.03,4.93,0.65
2016-12-23,11.81,28.54,81.35,13.85,4.64,0.66
2016-12-24,9.04,28.82,79.96,17.75,4.49,0.67
2016-12-25,1.71,28.95,78.0,20.63,3.63,0.67
2016-12-26,4.82,28.5,78.6,22.76,3.57,0.66
2016-12-27,3.35,28.58,78.33,21.74,3.31,0.66
2016-12-28,0.43,28.5,78.02,23.19,3.18,0.66
2016-12-29,7.45,28.13,83.02,22.44,3.09,0.66
2016-12-30,16.55,28.03,81.58,20.12,3.41,0.68
2016-12-31,9.45,27.85,82.72,20.19,3.66,0.69
2017-01-01,3.86,28.46,77.33,21.96,3.64,0.69
2017-01-02,5.22,28.46,80.37,22.76,3.87,0.69
2017-01-03,11.46,28.43,80.13,20.35,4.03,0.7
2017-01-04,4.07,28.64,79.0,21.06,4.82,0.7
2017-01-05,2.9,28.23,81.34,22.4,4.18,0.7
2017-01-06,4.03,28.22,81.42,19.1,4.67,0.7
2017-01-07,11.03,28.3,81.39,17.77,4.0,0.7
2017-01-08,4.31,28.48,78.96,20.7,3.0,0.71
2017-01-09,1.74,28.42,80.07,22.83,3.06,0.71
2017-01-10,1.08,28.61,79.82,23.5,3.03,0.7
2017-01-11,5.34,28.48,78.92,25.65,2.31,0.7
2017-01-12,2.76,28.19,78.43,25.26,2.3,0.7
2017-01-13,1.59,28.45,74.77,23.12,1.84,0.69
2017-01-14,15.1,27.77,80.24,20.86,3.1,0.69
2017-01-15,7.55,27.84,79.92,16.09,3.35,0.71
2017-01-16,11.87,27.65,82.23,10.76,3.53,0.71
2017-01-17,14.36,27.59,81.93,10.01,4.15,0.73
2017-01-18,8.86,27.68,82.8,17.09,4.32,0.74
2017-01-19,10.8,27.8,80.91,18.69,3.01,0.75
2017-01-20,10.11,28.04,79.21,12.65,3.35,0.76
2017-01-21,6.97,28.13,81.0,19.46,2.99,0.77
2017-01-22,7.82,28.11,81.42,22.89,2.62,0.77
2017-01-23,23.02,27.77,84.52,17.26,3.96,0.79
2017-01-24,9.65,27.73,82.05,19.9,3.6,0.81
2017-01-25,17.66,27.9,83.32,21.69,3.71,0.82
2017-01-26,32.8,27.96,83.83,16.76,5.75,0.85
2017-01-27,24.78,27.58,82.61,8.96,4.19,0.89
2017-01-28,8.17,27.18,84.53,18.08,2.81,0.89
2017-01-29,5.68,27.41,81.61,18.75,2.32,0.89
2017-01-30,18.43,27.07,84.42,13.37,2.32,0.89
2017-01-31,19.56,26.67,85.72,7.76,4.09,0.91
2017-02-01,27.76,27.02,84.29,17.08,4.57,0.94
2017-02-02,46.1,27.56,84.18,16.6,5.88,0.95
2017-02-03,33.91,27.79,84.14,13.4,7.69,0.97
2017-02-04,9.36,27.55,82.92,14.58,5.67,0.98
2017-02-05,15.5,27.55,83.16,11.45,6.18,0.98
2017-02-06,21.76,27.65,83.74,14.28,7.26,0.98
2017-02-07,8.53,27.77,83.61,15.95,7.2,0.98
2017-02-08,9.75,27.88,83.31,17.25,5.76,0.98
2017-02-09,13.54,27.14,83.51,13.08,5.17,0.98
2017-02-10,3.77,26.93,83.47,12.8,4.1,0.97
2017-02-11,3.84,27.55,79.5,24.68,3.26,0.96
2017-02-12,5.21,27.55,81.7,22.44,2.72,0.96
2017-02-13,9.68,27.34,82.79,23.42,3.27,0.96
2017-02-14,10.75,26.96,85.36,21.67,3.49,0.97
2017-02-15,3.06,27.61,80.87,24.02,2.39,0.96
2017-02-16,9.44,27.43,83.7,23.26,2.6,0.96
2017-02-17,2.64,27.62,79.28,23.16,1.71,0.96
2017-02-18,4.95,27.83,76.51,20.73,1.17,0.96
2017-02-19,3.34,27.74,79.85,26.0,2.09,0.95
2017-02-20,0.32,27.94,77.35,25.83,1.56,0.95
2017-02-21,4.2,28.26,73.93,24.0,0.56,0.94
2017-02-22,2.43,28.04,78.73,25.64,2.19,0.93
2017-02-23,0.06,27.86,74.35,27.82,2.5,0.92
2017-02-24,0.01,28.49,70.66,27.04,1.01,0.91
2017-02-25,0.88,28.11,74.22,22.48,1.02,0.91
2017-02-26,3.33,27.95,76.92,23.77,1.71,0.9
2017-02-27,0.3,27.87,76.92,21.72,1.5,0.9
2017-02-28,1.67,28.31,76.55,26.01,1.74,0.89
2017-03-01,2.22,28.2,78.81,23.4,2.35,0.89
2017-03-02,2.92,28.43,76.44,22.21,1.42,0.88
2017-03-03,3.15,28.74,72.49,25.71,0.81,0.88
2017-03-04,1.13,28.9,74.61,24.07,1.97,0.87
2017-03-05,2.2,28.51,80.48,19.72,3.31,0.87
2017-03-06,1.05,28.75,78.23,21.53,3.45,0.86
2017-03-07,2.92,28.36,81.05,20.78,2.9,0.86
2017-03-08,16.62,27.41,83.54,19.89,2.78,0.87
2017-03-09,8.08,26.91,80.4,17.3,2.58,0.88
2017-03-10,1.38,27.41,74.61,15.57,0.87,0.88
2017-03-11,0.21,28.34,71.26,23.32,0.87,0.87
2017-03-12,1.36,28.35,76.5,22.44,1.55,0.87
2017-03-13,5.04,27.81,80.01,13.76,2.57,0.86
2017-03-14,4.18,27.57,78.71,22.38,1.86,0.86
2017-03-15,4.15,27.5,76.38,12.98,2.16,0.86
2017-03-16,0.5,28.19,69.5,14.48,1.36,0.86
2017-03-17,3.88,27.89,77.93,22.2,1.44,0.85
2017-03-18,4.6,27.54,82.27,16.25,2.77,0.85
2017-03-19,18.08,27.84,81.71,11.5,4.27,0.86
2017-03-20,10.78,27.95,81.58,11.97,4.1,0.87
2017-03-21,10.94,27.28,86.85,13.88,3.74,0.88
2017-03-22,2.72,27.0,84.28,17.38,2.59,0.88
2017-03-23,1.13,27.81,76.04,22.63,1.11,0.88
2017-03-24,1.42,28.22,78.31,22.47,2.09,0.88
2017-03-25,14.26,28.07,80.7,18.82,1.91,0.87
2017-03-26,25.54,27.33,85.67,11.6,3.29,0.9
2017-03-27,13.36,27.46,77.36,18.02,2.48,0.92
2017-03-28,2.35,27.65,78.08,21.74,1.91,0.91
2017-03-29,9.81,27.91,80.45,21.39,2.66,0.91
2017-03-30,10.12,28.05,79.85,20.88,2.61,0.91
2017-03-31,8.96,27.62,83.87,16.2,3.53,0.92
2017-04-01,16.73,27.14,85.15,10.99,3.6,0.92
2017-04-02,52.1,27.53,88.49,11.31,4.12,0.96
2017-04-03,4.59,27.67,86.71,19.57,5.38,0.97
2017-04-04,1.27,27.58,81.56,21.52,2.41,0.96
2017-04-05,2.31,27.88,78.79,19.2,1.3,0.96
2017-04-06,1.22,28.0,78.85,23.22,0.91,0.95
2017-04-07,0.84,28.64,75.26,23.45,1.08,0.94
2017-04-08,0.73,28.62,75.25,23.19,1.24,0.94
2017-04-09,0.08,28.37,78.03,22.74,2.3,0.93
2017-04-10,0.28,28.51,76.82,21.75,2.08,0.92
2017-04-11,0.1,28.5,75.02,17.7,1.94,0.91
2017-04-12,0.0,28.06,76.64,22.26,2.51,0.9
2017-04-13,0.0,28.16,69.76,22.49,2.57,0.89
2017-04-14,0.0,28.05,71.4,20.55,0.99,0.89
2017-04-15,0.03,28.42,73.81,21.04,1.15,0.88
2017-04-16,0.19,28.45,76.74,22.09,1.75,0.87
2017-04-17,0.1,28.56,75.59,23.63,1.32,0.86
2017-04-18,0.11,28.57,74.05,21.93,1.07,0.85
2017-04-19,1.7,28.5,73.78,21.3,1.22,0.84
2017-04-20,1.21,28.28,78.24,21.47,1.94,0.84
2017-04-21,0.58,28.41,77.87,21.51,1.59,0.83
2017-04-22,0.77,28.13,79.46,22.7,2.12,0.82
2017-04-23,0.36,28.52,74.83,22.98,2.19,0.82
2017-04-24,0.03,28.2,73.25,20.85,1.27,0.81
2017-04-25,0.03,28.08,75.75,22.79,2.25,0.8
2017-04-26,0.03,28.26,75.5,22.9,2.18,0.79
2017-04-27,0.06,28.14,79.28,22.42,2.54,0.78
2017-04-28,0.33,27.88,78.13,20.02,2.08,0.77
2017-04-29,0.31,28.12,74.11,20.29,1.09,0.76
2017-04-30,0.17,28.23,74.11,20.01,0.63,0.76
2017-05-01,0.22,28.57,73.47,18.85,0.97,0.75
2017-05-02,1.86,28.44,77.61,21.66,1.62,0.74
2017-05-03,7.58,27.79,80.06,14.91,2.13,0.75
2017-05-04,1.72,27.69,77.03,18.07,2.44,0.75
2017-05-05,1.16,27.81,78.32,21.68,3.51,0.75
2017-05-06,0.2,28.12,74.45,22.72,3.64,0.74
2017-05-07,0.09,28.02,75.44,21.55,3.0,0.73
2017-05-08,1.04,27.94,74.3,22.48,2.66,0.72
2017-05-09,0.15,28.07,71.06,22.32,2.88,0.71
2017-05-10,0.01,27.9,74.41,22.01,3.31,0.7
2017-05-11,0.02,28.02,74.79,21.44,3.49,0.7
2017-05-12,0.01,28.06,71.01,17.84,3.01,0.68
2017-05-13,0.0,27.91,72.18,19.82,2.72,0.68
2017-05-14,0.0,27.78,76.52,20.22,2.29,0.67
2017-05-15,0.02,27.86,75.01,18.1,2.07,0.66
2017-05-16,0.1,27.83,73.92,20.37,2.06,0.65
2017-05-17,0.04,27.57,76.55,20.39,2.07,0.65
2017-05-18,0.23,27.65,80.31,18.15,2.24,0.64
2017-05-19,0.09,27.69,73.24,20.65,2.23,0.63
2017-05-20,0.0,27.49,75.16,19.37,2.39,0.62
2017-05-21,0.01,27.18,73.8,21.57,2.03,0.62
2017-05-22,0.0,27.03,71.62,21.33,2.15,0.61
2017-05-23,0.04,27.43,73.03,21.16,2.17,0.6
2017-05-24,0.59,27.75,79.97,19.1,1.92,0.6
2017-05-25,0.17,28.21,75.03,19.9,2.87,0.59
2017-05-26,0.19,28.0,75.81,19.57,2.5,0.58
2017-05-27,2.39,27.4,83.14,16.11,2.97,0.58
2017-05-28,0.19,27.79,77.09,17.85,2.99,0.58
2017-05-29,0.1,28.11,75.99,19.77,2.55,0.57
2017-05-30,0.16,28.06,77.88,18.85,3.74,0.57
2017-05-31,0.55,27.57,74.92,16.67,4.31,0.56
2017-06-01,0.0,27.5,71.15,18.16,4.2,0.56
2017-06-02,0.0,27.48,72.81,17.44,3.53,0.55
2017-06-03,0.47,27.57,77.62,17.96,2.78,0.54
2017-06-04,5.19,26.8,81.78,11.83,2.62,0.55
2017-06-05,18.92,26.22,83.8,15.77,2.75,0.57
2017-06-06,6.93,27.62,77.19,16.39,4.02,0.59
2017-06-07,0.24,27.43,74.18,17.84,4.48,0.58
2017-06-08,0.29,27.19,76.25,18.95,3.71,0.57
2017-06-09,0.49,26.93,77.01,15.6,3.85,0.57
2017-06-10,1.33,27.17,78.14,17.72,3.55,0.56
2017-06-11,3.96,26.92,78.67,11.34,5.13,0.56
2017-06-12,18.4,26.77,78.33,13.51,4.54,0.58
2017-06-13,1.54,26.43,75.71,16.03,2.72,0.59
2017-06-14,0.21,26.34,72.8,16.96,2.47,0.58
2017-06-15,0.09,26.61,70.1,18.51,2.22,0.57
2017-06-16,0.02,26.33,72.63,19.51,2.11,0.57
2017-06-17,0.04,25.93,76.65,15.44,2.52,0.56
2017-06-18,0.02,26.69,72.07,19.47,3.0,0.55
2017-06-19,0.56,26.92,78.91,18.71,3.44,0.55
2017-06-20,0.19,27.11,75.55,14.92,3.41,0.54
2017-06-21,0.04,26.89,71.67,19.47,2.71,0.54
2017-06-22,0.11,26.77,74.25,19.38,2.68,0.53
2017-06-23,1.34,26.88,74.45,16.62,2.24,0.53
2017-06-24,1.07,26.67,79.75,18.6,2.19,0.53
2017-06-25,0.43,27.01,76.27,18.38,2.15,0.53
2017-06-26,0.04,26.44,73.79,19.61,2.46,0.52
2017-06-27,0.0,25.95,72.36,20.41,2.57,0.52
2017-06-28,0.01,26.07,76.12,18.57,2.11,0.51
2017-06-29,0.03,26.83,74.89,19.05,2.34,0.51
2017-06-30,0.02,26.96,68.44,20.7,3.35,0.5
2017-07-01,0.03,27.03,74.67,18.59,3.39,0.5
2017-07-02,0.01,26.81,73.28,20.1,2.74,0.49
2017-07-03,0.02,26.73,75.52,15.86,2.11,0.49
2017-07-04,0.12,26.77,77.96,15.31,2.26,0.49
2017-07-05,0.32,26.96,78.89,16.31,2.08,0.48
2017-07-06,0.44,26.83,79.58,18.36,1.11,0.48
2017-07-07,1.41,26.62,79.92,17.86,1.37,0.48
2017-07-08,0.31,27.08,76.44,20.06,1.95,0.48
2017-07-09,0.06,27.13,71.94,18.7,1.63,0.48
2017-07-10,0.49,27.39,73.69,19.1,2.54,0.47
2017-07-11,0.3,27.21,73.88,20.09,2.56,0.47
2017-07-12,1.07,27.04,77.24,17.52,3.08,0.46
2017-07-13,0.39,27.24,76.17,17.78,5.01,0.46
2017-07-14,0.0,26.91,72.33,20.33,4.01,0.46
2017-07-15,0.01,26.65,69.46,21.37,3.54,0.46
2017-07-16,0.0,26.44,66.39,20.39,2.93,0.45
2017-07-17,0.0,26.48,71.87,20.46,2.52,0.45
2017-07-18,0.0,26.88,72.71,18.77,2.89,0.44
2017-07-19,0.11,27.33,71.56,18.77,1.68,0.44
2017-07-20,0.01,27.35,67.54,19.71,1.89,0.44
2017-07-21,0.33,26.96,66.97,12.7,2.02,0.43
2017-07-22,0.0,26.64,67.56,20.36,2.63,0.43
2017-07-23,0.0,26.69,65.01,17.99,2.88,0.43
2017-07-24,0.0,26.83,67.78,17.47,2.89,0.42
2017-07-25,0.01,27.24,70.6,16.88,3.21,0.42
2017-07-26,0.1,27.46,74.11,19.97,3.38,0.42
2017-07-27,0.04,27.35,71.61,16.69,3.34,0.42
2017-07-28,0.03,27.03,71.97,20.3,3.05,0.41
2017-07-29,0.16,26.76,71.27,21.46,2.79,0.41
2017-07-30,0.04,26.43,70.75,21.15,2.27,0.41
2017-07-31,0.04,26.82,68.74,20.55,2.21,0.4
2017-08-01,0.48,26.86,74.27,19.53,2.99,0.4
2017-08-02,0.58,26.6,76.7,16.0,4.4,0.4
2017-08-03,0.0,26.92,71.4,20.37,3.64,0.4
2017-08-04,0.01,26.71,68.06,19.72,2.66,0.39
2017-08-05,0.01,26.59,69.27,20.73,2.43,0.39
2017-08-06,0.0,27.08,66.07,21.39,2.09,0.39
2017-08-07,0.02,27.37,71.4,21.98,1.83,0.39
2017-08-08,0.06,27.65,71.12,21.7,1.79,0.38
2017-08-09,0.07,27.56,67.83,21.21,1.96,0.38
2017-08-10,0.02,27.03,69.98,21.14,2.1,0.38
2017-08-11,0.07,27.54,70.45,21.42,2.06,0.38
2017-08-12,0.09,27.6,66.58,20.88,2.39,0.37
2017-08-13,0.01,27.21,64.75,23.0,2.74,0.37
2017-08-14,0.0,26.95,64.17,22.74,3.27,0.37
2017-08-15,0.02,26.6,65.41,21.28,2.86,0.36
2017-08-16,0.01,26.8,69.2,22.05,1.91,0.36
2017-08-17,0.03,27.14,69.96,21.36,1.7,0.36
2017-08-18,0.06,27.35,70.76,20.8,1.8,0.36
2017-08-19,0.16,27.23,70.87,21.47,2.67,0.35
2017-08-20,0.01,26.98,65.21,24.16,2.73,0.35
2017-08-21,0.0,27.35,63.61,24.14,3.03,0.35
2017-08-22,0.01,27.3,63.79,23.93,2.76,0.35
2017-08-23,0.01,27.32,66.03,24.09,3.52,0.35
2017-08-24,0.0,27.42,64.44,24.14,2.9,0.34
2017-08-25,0.0,27.18,65.67,24.45,3.39,0.34
2017-08-26,0.0,27.12,66.84,24.42,3.74,0.34
2017-08-27,0.01,27.12,65.51,23.69,3.69,0.34
2017-08-28,0.0,26.91,61.94,24.42,3.14,0.34
2017-08-29,0.0,26.57,64.92,24.65,2.69,0.34
2017-08-30,0.0,26.77,58.91,24.46,2.46,0.34
2017-08-31,0.03,26.92,62.35,24.08,2.55,0.33
2017-09-01,0.0,26.6,66.19,24.19,1.95,0.33
2017-09-02,0.01,26.99,68.58,21.77,2.05,0.33
2017-09-03,0.03,27.07,72.05,23.88,1.93,0.33
2017-09-04,0.01,27.42,68.4,24.38,1.53,0.33
2017-09-05,0.02,27.47,66.48,24.55,1.7,0.33
2017-09-06,0.02,27.6,66.11,22.91,3.29,0.33
2017-09-07,0.07,28.0,66.77,16.99,2.88,0.33
2017-09-08,0.05,28.35,62.86,24.24,3.17,0.33
2017-09-09,0.0,28.1,64.19,24.56,2.91,0.33
2017-09-10,0.01,27.91,63.58,25.14,2.4,0.33
2017-09-11,0.0,27.64,65.72,24.26,1.64,0.33
2017-09-12,0.04,27.94,67.26,22.02,1.39,0.33
2017-09-13,0.02,27.8,72.06,23.77,2.88,0.33
2017-09-14,0.11,28.07,74.46,24.2,2.33,0.33
2017-09-15,0.25,28.15,73.27,22.58,3.22,0.33
2017-09-16,0.02,28.21,65.79,25.15,2.69,0.33
2017-09-17,0.0,28.14,62.8,25.95,1.63,0.33
2017-09-18,0.0,28.08,64.61,24.97,1.98,0.33
2017-09-19,0.0,27.89,62.81,25.42,1.92,0.33
2017-09-20,0.0,27.99,65.2,24.65,1.21,0.33
2017-09-21,0.03,28.3,67.1,22.95,1.81,0.33
2017-09-22,0.2,28.86,68.64,24.46,1.96,0.33
2017-09-23,1.08,28.67,68.4,23.81,1.15,0.33
2017-09-24,4.5,27.8,74.47,19.94,1.67,0.33
2017-09-25,0.42,27.93,74.22,24.69,2.59,0.34
2017-09-26,0.18,28.46,70.6,22.88,1.51,0.33
2017-09-27,0.35,28.21,73.88,22.09,2.44,0.33
2017-09-28,0.25,28.09,75.5,21.03,3.21,0.33
2017-09-29,0.06,28.01,75.34,22.88,3.56,0.33
2017-09-30,0.06,28.0,75.15,23.18,2.56,0.33
2017-10-01,0.11,28.42,71.43,25.19,1.92,0.33
2017-10-02,0.47,28.11,73.17,22.88,1.55,0.33
2017-10-03,0.27,28.8,70.05,24.74,1.21,0.33
2017-10-04,0.37,29.12,68.46,24.27,0.76,0.33
2017-10-05,0.23,29.26,68.21,24.52,1.08,0.33
2017-10-06,0.11,28.76,72.48,23.65,1.37,0.33
2017-10-07,0.14,28.89,68.44,21.34,1.4,0.33
2017-10-08,0.3,29.51,68.8,24.02,1.64,0.33
2017-10-09,2.0,29.34,70.33,24.05,1.64,0.33
2017-10-10,0.59,29.4,68.81,26.15,1.69,0.33
2017-10-11,0.09,29.38,66.43,25.09,1.51,0.33
2017-10-12,0.31,29.49,64.41,26.38,2.21,0.33
2017-10-13,0.33,29.1,67.24,26.17,1.63,0.33
2017-10-14,0.92,29.39,69.91,24.2,2.65,0.33
2017-10-15,1.92,29.25,74.11,22.3,3.37,0.33
2017-10-16,3.01,28.79,76.41,20.97,3.3,0.34
2017-10-17,5.55,28.86,74.03,23.23,3.17,0.34
2017-10-18,0.54,28.63,77.74,25.22,4.91,0.34
2017-10-19,1.27,28.74,76.15,26.9,4.0,0.34
2017-10-20,5.59,28.7,75.48,24.32,2.8,0.35
2017-10-21,7.88,28.59,73.53,21.29,2.94,0.35
2017-10-22,2.95,28.67,74.49,22.01,2.23,0.36
2017-10-23,3.87,28.97,70.69,20.81,1.16,0.36
2017-10-24,3.68,28.73,73.48,26.02,1.84,0.36
2017-10-25,2.66,28.87,76.11,24.38,1.82,0.37
2017-10-26,2.16,29.08,73.64,24.41,1.93,0.37
2017-10-27,1.58,29.29,69.08,25.63,2.16,0.37
2017-10-28,0.1,29.46,66.92,26.78,1.24,0.36
2017-10-29,0.2,29.18,69.16,26.82,1.31,0.36
2017-10-30,0.13,29.44,68.19,24.95,1.36,0.35
2017-10-31,0.3,29.55,68.47,25.03,1.29,0.35
2017-11-01,0.38,29.69,68.31,19.08,1.47,0.35
2017-11-02,3.25,29.77,66.08,21.16,1.25,0.35
2017-11-03,3.93,29.57,68.13,24.29,0.92,0.36
2017-11-04,0.42,29.77,65.94,22.92,0.7,0.35
2017-11-05,2.45,29.15,70.3,21.94,0.91,0.36
2017-11-06,0.79,29.42,68.38,24.58,0.9,0.36
2017-11-07,0.46,29.51,69.3,23.86,1.3,0.35
2017-11-08,2.14,30.19,64.76,22.88,1.2,0.35
2017-11-09,3.42,29.9,68.02,22.34,1.44,0.36
2017-11-10,3.85,29.92,68.03,21.94,0.92,0.36
2017-11-11,10.87,29.24,70.54,20.03,1.01,0.37
2017-11-12,4.21,29.51,68.24,22.94,1.08,0.38
2017-11-13,4.67,28.92,73.63,15.1,2.34,0.39
2017-11-14,8.5,28.16,78.81,20.83,2.51,0.39
2017-11-15,2.48,28.5,76.49,22.85,1.8,0.4
2017-11-16,3.93,28.62,77.53,16.64,3.02,0.41
2017-11-17,2.42,28.34,75.19,22.04,2.51,0.41
2017-11-18,6.03,28.23,77.83,19.57,1.9,0.41
2017-11-19,11.73,28.8,72.43,20.3,1.73,0.43
2017-11-20,0.8,28.82,71.12,20.78,1.93,0.43
2017-11-21,1.94,28.54,76.5,23.41,2.99,0.43
2017-11-22,3.97,28.17,77.99,16.35,2.24,0.43
2017-11-23,2.1,29.31,70.21,21.21,0.99,0.43
2017-11-24,3.53,29.21,72.45,23.15,1.22,0.44
2017-11-25,5.05,28.91,76.68,21.82,2.24,0.44
2017-11-26,8.82,28.74,79.01,20.44,2.43,0.45
2017-11-27,3.09,29.22,76.36,23.03,2.32,0.46
2017-11-28,6.3,29.17,76.43,22.0,2.45,0.46
2017-11-29,2.35,28.67,79.19,22.13,3.26,0.46
2017-11-30,9.87,28.92,77.28,7.34,2.54,0.47
2017-12-01,17.91,28.18,81.55,10.76,2.64,0.5
2017-12-02,1.78,28.38,78.74,21.51,2.55,0.51
2017-12-03,0.29,28.85,75.69,22.65,2.57,0.5
2017-12-04,0.3,29.07,75.2,22.02,2.45,0.5
2017-12-05,0.58,29.01,75.56,19.46,2.56,0.49
2017-12-06,0.76,28.53,80.47,20.78,2.94,0.49
2017-12-07,9.4,28.18,80.3,19.43,2.56,0.49
2017-12-08,5.81,28.09,81.54,20.27,2.74,0.51
2017-12-09,2.14,28.18,80.99,19.79,2.11,0.51
2017-12-10,1.65,28.47,78.38,22.74,1.59,0.51
2017-12-11,0.49,29.17,74.2,22.19,1.34,0.51
2017-12-12,0.08,29.49,74.44,26.75,1.48,0.5
2017-12-13,0.1,29.84,71.61,25.05,1.91,0.5
2017-12-14,0.47,29.6,72.82,23.15,2.76,0.49
2017-12-15,1.31,29.22,75.38,22.59,3.29,0.49
2017-12-16,0.38,29.05,76.73,18.72,3.66,0.49
2017-12-17,1.61,28.76,77.13,21.81,3.71,0.49
2017-12-18,4.43,28.88,74.98,20.42,2.2,0.49
2017-12-19,3.09,28.41,78.31,23.5,2.69,0.49
2017-12-20,9.52,27.63,83.98,10.96,3.5,0.5
2017-12-21,9.17,28.08,81.14,14.11,3.58,0.51
2017-12-22,33.96,27.4,84.53,6.95,3.7,0.55
2017-12-23,17.09,27.26,83.62,12.34,3.57,0.6
2017-12-24,5.67,27.3,80.79,19.03,2.49,0.6
2017-12-25,14.71,28.1,81.36,13.13,4.05,0.61
2017-12-26,2.85,28.38,79.28,20.9,3.59,0.61
2017-12-27,4.61,27.99,80.11,9.55,3.37,0.61
2017-12-28,3.15,27.63,82.5,20.87,3.68,0.61
2017-12-29,1.4,28.15,80.28,17.71,2.8,0.61
2017-12-30,0.88,27.93,81.0,16.82,2.34,0.61
2017-12-31,0.59,27.73,80.28,23.31,2.01,0.6
2018-01-01,0.49,28.16,76.58,21.34,0.97,0.6
2018-01-02,0.87,28.36,77.37,21.86,1.59,0.6
2018-01-03,0.68,28.46,78.62,21.69,1.77,0.59
2018-01-04,1.91,28.32,79.55,20.04,1.57,0.59
2018-01-05,2.13,28.07,79.08,17.75,1.58,0.59
2018-01-06,1.15,27.93,78.08,22.24,1.64,0.59
2018-01-07,2.95,28.4,77.47,23.87,2.0,0.59
2018-01-08,8.57,27.89,81.16,21.9,2.28,0.6
2018-01-09,12.08,27.94,79.24,20.53,2.63,0.6
2018-01-10,9.62,27.41,82.5,17.67,3.55,0.62
2018-01-11,26.82,27.4,82.74,14.41,3.76,0.65
2018-01-12,16.68,27.49,82.88,15.51,3.5,0.67
2018-01-13,46.84,26.78,84.65,11.14,2.02,0.72
2018-01-14,25.58,26.9,83.47,10.36,2.72,0.78
2018-01-15,4.21,27.81,78.09,17.04,2.61,0.79
2018-01-16,6.0,27.61,80.6,13.43,2.11,0.78
2018-01-17,11.44,26.88,82.52,12.12,3.18,0.79
2018-01-18,10.84,26.98,80.4,15.15,2.32,0.81
2018-01-19,21.59,27.11,83.58,16.11,2.89,0.82
2018-01-20,17.22,27.24,85.5,9.95,4.65,0.84
2018-01-21,11.42,27.5,84.5,15.56,4.13,0.85
2018-01-22,15.3,27.68,84.19,13.56,4.99,0.86
2018-01-23,6.79,28.0,83.37,14.1,4.64,0.87
2018-01-24,1.8,28.02,82.1,17.27,4.03,0.87
2018-01-25,9.44,28.02,82.96,17.25,5.53,0.86
2018-01-26,14.47,27.89,85.77,14.9,5.91,0.87
2018-01-27,11.15,27.72,83.87,9.79,6.01,0.89
2018-01-28,20.34,27.81,84.75,12.42,6.95,0.89
2018-01-29,4.37,28.01,83.13,15.31,7.38,0.9
2018-01-30,7.64,27.58,84.07,8.66,6.71,0.9
2018-01-31,10.0,27.88,83.1,13.76,5.66,0.9
2018-02-01,5.92,27.72,82.73,13.46,4.68,0.9
2018-02-02,7.99,27.35,82.25,18.61,4.92,0.9
2018-02-03,8.57,27.79,80.25,24.1,2.68,0.9
2018-02-04,4.56,27.59,83.31,26.34,2.94,0.9
2018-02-05,0.35,27.45,83.89,27.06,3.71,0.9
2018-02-06,0.5,27.68,81.71,25.96,3.52,0.89
2018-02-07,3.94,27.45,83.63,25.95,4.17,0.88
2018-02-08,0.44,28.07,77.41,27.51,3.52,0.87
2018-02-09,1.61,27.7,80.69,24.98,3.07,0.86
2018-02-10,2.27,27.81,79.66,25.32,2.63,0.85
2018-02-11,3.13,27.89,79.89,25.22,2.49,0.85
2018-02-12,9.9,27.48,82.88,21.02,3.85,0.85
2018-02-13,5.17,27.92,82.08,24.6,3.06,0.86
2018-02-14,3.29,27.96,82.67,15.49,4.18,0.85
2018-02-15,45.22,27.05,85.91,13.76,4.76,0.89
2018-02-16,22.37,27.34,84.32,7.69,6.03,0.92
2018-02-17,6.25,27.73,83.45,16.8,4.8,0.92
2018-02-18,4.87,27.78,82.67,18.89,3.96,0.92
2018-02-19,2.15,27.53,81.61,24.15,3.21,0.91
2018-02-20,1.0,27.61,78.98,22.76,1.41,0.9
2018-02-21,3.84,27.94,77.6,24.13,1.18,0.9
2018-02-22,7.82,27.93,79.97,25.42,1.94,0.91
2018-02-23,5.66,28.14,79.04,24.91,1.92,0.9
2018-02-24,11.35,27.91,81.42,20.93,2.33,0.91
2018-02-25,17.0,28.0,81.55,22.1,3.4,0.92
2018-02-26,6.09,27.82,80.41,19.33,2.65,0.92
2018-02-27,7.6,27.59,81.22,21.85,1.81,0.92
2018-02-28,0.91,27.91,79.14,24.63,1.43,0.92
2018-03-01,0.93,27.99,78.41,22.95,1.94,0.91
2018-03-02,3.05,27.89,80.89,23.48,1.8,0.91
2018-03-03,1.45,28.05,78.89,23.53,2.19,0.91
2018-03-04,10.22,27.93,80.88,23.59,1.64,0.9
2018-03-05,4.8,27.84,83.82,20.94,2.11,0.91
2018-03-06,9.34,27.99,82.88,23.03,2.62,0.91
2018-03-07,4.45,27.96,83.45,22.77,2.61,0.91
2018-03-08,12.47,27.7,84.16,19.02,4.94,0.91
2018-03-09,28.98,27.63,83.58,17.03,3.39,0.93
2018-03-10,6.12,27.75,82.08,22.31,2.92,0.94
2018-03-11,1.3,27.9,77.45,24.9,1.24,0.93
2018-03-12,1.74,28.03,77.4,24.86,1.9,0.92
2018-03-13,5.04,27.96,81.73,21.71,2.59,0.92
2018-03-14,10.76,27.55,84.29,14.86,3.76,0.92
2018-03-15,1.67,27.08,82.89,22.1,2.17,0.92
2018-03-16,1.84,27.62,78.85,25.32,1.61,0.92
2018-03-17,1.43,27.78,77.83,23.89,1.4,0.91
2018-03-18,1.12,27.68,79.21,21.65,2.51,0.91
2018-03-19,0.58,27.93,76.18,21.6,1.89,0.9
2018-03-20,0.28,28.19,77.15,23.21,1.77,0.9
2018-03-21,0.31,28.3,74.51,25.46,1.38,0.89
2018-03-22,12.3,28.45,75.83,21.31,2.49,0.88
2018-03-23,1.35,28.57,78.21,23.75,3.45,0.89
2018-03-24,1.21,28.21,80.17,24.6,2.75,0.88
2018-03-25,0.67,28.61,76.38,23.82,2.07,0.87
2018-03-26,0.79,28.53,78.43,24.4,2.47,0.86
2018-03-27,1.07,28.61,79.27,25.08,2.6,0.86
2018-03-28,0.95,28.3,82.44,24.97,2.8,0.86
2018-03-29,2.69,27.44,81.8,20.11,2.38,0.85
2018-03-30,4.36,27.74,77.6,21.1,0.68,0.85
2018-03-31,3.33,28.17,76.59,24.09,1.41,0.85
2018-04-01,0.95,27.85,81.63,23.7,3.11,0.84
2018-04-02,0.34,28.29,80.27,23.76,2.74,0.84
2018-04-03,0.55,28.08,82.79,21.61,2.84,0.83
2018-04-04,0.71,28.1,79.56,24.31,1.33,0.83
2018-04-05,0.64,28.13,78.15,23.62,0.78,0.83
2018-04-06,0.38,28.27,76.35,24.74,1.13,0.82
2018-04-07,0.44,28.33,73.19,21.89,1.03,0.81
2018-04-08,0.09,28.63,71.37,24.42,1.47,0.8
2018-04-09,3.46,28.7,71.26,23.37,1.58,0.8
2018-04-10,1.2,28.59,75.59,22.19,1.61,0.79
2018-04-11,0.52,28.36,76.59,22.76,1.24,0.79
2018-04-12,0.26,28.72,73.13,22.13,1.56,0.79
2018-04-13,0.3,29.42,68.71,23.76,1.72,0.78
2018-04-14,0.38,29.0,75.82,22.6,1.93,0.77
2018-04-15,1.16,29.11,77.18,20.91,1.77,0.76
2018-04-16,5.96,27.81,77.64,22.18,1.99,0.77
2018-04-17,1.45,29.38,71.33,22.58,2.31,0.76
2018-04-18,2.53,29.17,69.07,22.44,2.22,0.76
2018-04-19,2.02,28.7,70.99,17.0,1.07,0.75
2018-04-20,3.85,28.44,75.67,22.4,1.42,0.75
2018-04-21,2.79,27.99,80.69,18.17,0.97,0.75
2018-04-22,0.18,28.57,75.42,19.51,3.47,0.74
2018-04-23,0.0,28.51,71.99,23.28,3.47,0.73
2018-04-24,0.01,28.59,72.95,24.5,3.34,0.72
2018-04-25,0.1,28.43,70.57,20.84,2.57,0.71
2018-04-26,0.04,28.44,68.48,21.56,2.93,0.7
2018-04-27,0.02,28.21,70.32,20.51,3.05,0.69
2018-04-28,0.16,27.95,71.95,23.41,3.25,0.68
2018-04-29,1.98,27.86,68.96,22.36,2.33,0.68
2018-04-30,0.0,27.74,69.41,22.77,2.45,0.67
2018-05-01,0.02,27.9,69.58,21.86,1.87,0.66
2018-05-02,0.1,27.97,73.28,21.75,1.73,0.65
2018-05-03,0.24,27.52,77.69,20.33,2.1,0.65
2018-05-04,0.03,28.01,74.74,22.15,1.75,0.64
2018-05-05,0.25,28.52,74.06,22.49,2.69,0.63
2018-05-06,0.07,28.42,74.12,22.72,4.01,0.62
2018-05-07,0.0,27.99,71.06,23.01,3.31,0.61
2018-05-08,0.0,28.04,69.62,22.7,2.41,0.6
2018-05-09,0.01,28.14,70.82,22.64,2.37,0.6
2018-05-10,0.05,28.32,70.85,16.84,2.86,0.59
2018-05-11,0.0,28.45,70.91,21.25,3.6,0.59
2018-05-12,0.0,28.28,71.1,19.78,4.33,0.58
2018-05-13,0.12,27.87,76.6,19.49,3.9,0.57
2018-05-14,0.42,27.69,76.55,14.18,3.5,0.57
2018-05-15,0.07,27.63,78.55,17.51,3.37,0.56
2018-05-16,0.02,27.25,73.03,18.75,3.58,0.56
2018-05-17,0.01,27.05,71.3,20.51,4.29,0.55
2018-05-18,0.01,26.83,73.34,18.27,3.67,0.55
2018-05-19,0.01,27.11,69.57,20.33,3.0,0.54
2018-05-20,0.01,27.55,73.39,18.79,3.28,0.54
2018-05-21,0.05,27.48,78.4,18.8,3.31,0.53
2018-05-22,1.16,27.73,78.35,19.22,3.73,0.53
2018-05-23,0.14,27.86,78.22,18.01,3.55,0.52
2018-05-24,0.21,27.76,79.48,19.13,2.7,0.52
2018-05-25,0.12,27.79,76.99,20.92,2.47,0.51
2018-05-26,0.13,27.74,75.39,20.97,2.41,0.51
2018-05-27,0.03,27.95,74.85,18.8,2.91,0.5
2018-05-28,0.01,27.38,74.42,20.52,3.35,0.5
2018-05-29,0.01,27.32,70.1,20.61,2.86,0.49
2018-05-30,0.02,27.66,68.26,20.67,2.83,0.49
2018-05-31,0.0,27.62,67.63,19.71,2.74,0.48
2018-06-01,0.72,27.75,71.78,19.36,2.58,0.48
2018-06-02,1.67,27.43,74.18,19.78,3.08,0.48
2018-06-03,0.39,27.4,72.12,19.39,2.94,0.47
2018-06-04,1.45,27.47,71.79,19.01,2.96,0.47
2018-06-05,0.0,27.33,69.86,17.79,2.69,0.47
2018-06-06,0.01,27.2,69.58,19.02,2.47,0.47
2018-06-07,0.0,27.18,67.34,20.61,2.72,0.46
2018-06-08,0.03,27.1,71.81,20.01,2.69,0.46
2018-06-09,0.03,27.53,74.0,19.74,2.26,0.45
2018-06-10,0.09,27.8,74.79,18.86,2.29,0.45
2018-06-11,0.19,27.52,76.2,18.05,3.26,0.45
2018-06-12,0.02,27.32,74.83,19.75,2.3,0.44
2018-06-13,0.03,27.03,75.84,19.2,3.02,0.44
2018-06-14,0.0,27.19,73.42,19.12,2.44,0.44
2018-06-15,0.02,27.6,68.31,19.38,3.0,0.43
2018-06-16,0.0,27.78,68.03,20.48,4.08,0.43
2018-06-17,0.0,27.34,67.18,20.37,4.05,0.43
2018-06-18,0.02,27.59,70.43,17.49,4.39,0.42
2018-06-19,0.06,27.38,72.54,14.89,3.32,0.42
2018-06-20,0.56,27.53,73.89,14.24,3.52,0.42
2018-06-21,0.12,27.47,72.29,19.38,2.98,0.42
2018-06-22,0.17,27.44,71.06,18.76,3.03,0.41
2018-06-23,0.0,27.07,65.27,18.51,3.53,0.41
2018-06-24,0.0,26.88,68.35,19.65,3.72,0.41
2018-06-25,0.03,26.98,71.21,19.12,3.57,0.41
2018-06-26,0.04,27.07,70.74,19.58,3.68,0.4
2018-06-27,0.01,27.2,71.64,17.6,3.54,0.4
2018-06-28,0.02,27.15,70.89,19.53,3.64,0.4
2018-06-29,0.02,26.78,70.18,18.92,4.1,0.4
2018-06-30,0.01,26.7,70.2,19.09,2.79,0.39
2018-07-01,0.06,27.01,69.84,20.27,2.76,0.39
2018-07-02,0.47,27.18,76.53,13.23,3.65,0.39
2018-07-03,1.24,27.32,75.48,17.04,4.06,0.39
2018-07-04,0.01,26.73,72.2,20.67,3.82,0.39
2018-07-05,0.04,26.55,69.65,18.58,3.72,0.39
2018-07-06,0.0,26.59,63.63,19.97,2.52,0.38
2018-07-07,0.0,26.54,68.39,20.63,2.6,0.38
2018-07-08,0.02,26.86,71.1,20.0,3.4,0.38
2018-07-09,0.05,26.16,68.01,19.77,3.68,0.38
2018-07-10,0.0,26.24,67.26,20.05,2.8,0.37
2018-07-11,0.01,26.35,71.78,20.44,3.6,0.37
2018-07-12,0.0,26.62,69.67,18.05,3.54,0.37
2018-07-13,0.01,26.26,68.2,18.57,3.26,0.37
2018-07-14,0.0,26.38,65.13,20.06,2.17,0.36
2018-07-15,0.01,25.83,72.13,19.41,3.4,0.36
2018-07-16,0.0,26.1,71.37,19.86,3.05,0.36
2018-07-17,0.02,26.55,70.7,20.64,1.56,0.36
2018-07-18,0.19,26.62,72.65,20.59,1.67,0.35
2018-07-19,0.02,27.01,73.64,18.43,2.73,0.35
2018-07-20,0.33,27.44,76.01,11.49,2.24,0.35
2018-07-21,1.23,27.67,74.31,19.23,2.62,0.35
2018-07-22,0.52,27.16,71.26,19.27,2.66,0.35
2018-07-23,0.05,26.75,67.49,21.07,3.12,0.35
2018-07-24,0.0,26.65,60.38,20.94,2.95,0.35
2018-07-25,0.0,26.97,65.03,20.87,1.67,0.34
2018-07-26,0.01,26.61,72.38,19.85,2.02,0.34
2018-07-27,0.01,26.6,73.06,19.62,2.27,0.34
2018-07-28,0.02,26.89,73.6,17.49,1.94,0.34
2018-07-29,0.03,27.0,71.57,19.93,2.41,0.34
2018-07-30,0.0,27.57,66.56,21.04,2.1,0.34
2018-07-31,0.12,27.37,69.46,20.31,1.93,0.34
2018-08-01,0.23,27.2,66.51,20.56,1.68,0.33
2018-08-02,0.64,26.54,73.0,18.02,3.13,0.33
2018-08-03,1.1,26.08,75.76,19.13,4.33,0.33
2018-08-04,1.91,26.08,75.54,15.83,2.75,0.34
2018-08-05,4.78,26.33,75.96,11.17,2.93,0.34
2018-08-06,1.69,26.53,74.1,12.69,3.96,0.35
2018-08-07,0.75,27.03,71.39,17.67,3.04,0.34
2018-08-08,0.36,27.12,67.99,19.31,2.66,0.34
2018-08-09,0.12,27.6,67.45,19.8,2.38,0.34
2018-08-10,0.03,27.02,72.81,19.83,2.3,0.34
2018-08-11,0.02,26.91,74.86,21.33,3.64,0.34
2018-08-12,0.03,27.04,64.6,21.48,3.8,0.34
2018-08-13,0.0,27.13,62.82,22.54,3.06,0.33
2018-08-14,1.7,26.56,68.04,20.96,3.47,0.33
2018-08-15,2.68,26.56,67.83,20.9,3.22,0.34
2018-08-16,1.77,26.32,69.61,19.57,2.82,0.34
2018-08-17,1.42,26.56,69.59,21.57,1.57,0.34
2018-08-18,1.75,27.02,69.9,22.96,2.38,0.34
2018-08-19,0.99,27.23,66.78,23.17,2.38,0.34
2018-08-20,0.18,27.33,67.93,22.55,3.2,0.34
2018-08-21,0.78,27.25,67.02,21.34,2.77,0.34
2018-08-22,0.08,26.89,69.58,21.68,2.55,0.34
2018-08-23,0.11,27.03,69.77,22.17,2.17,0.33
2018-08-24,0.06,26.93,69.68,22.4,2.68,0.33
2018-08-25,0.01,27.03,67.63,21.84,1.8,0.33
2018-08-26,0.02,27.08,69.71,22.55,1.74,0.33
2018-08-27,0.01,27.41,70.55,23.16,1.8,0.33
2018-08-28,0.03,27.57,69.62,21.78,1.87,0.33
2018-08-29,0.02,27.44,68.65,21.71,1.46,0.33
2018-08-30,0.05,27.37,69.38,21.6,2.34,0.33
2018-08-31,0.05,27.51,68.89,21.49,2.5,0.33
2018-09-01,0.03,27.47,70.38,23.09,2.31,0.33
2018-09-02,0.02,27.03,69.81,21.89,3.76,0.33
2018-09-03,0.11,27.2,73.62,22.29,3.91,0.33
2018-09-04,0.07,27.23,73.77,20.56,3.94,0.33
2018-09-05,0.02,27.6,70.57,22.05,1.79,0.33
2018-09-06,0.0,27.95,65.43,23.91,1.95,0.33
2018-09-07,0.01,27.75,67.23,24.2,2.07,0.33
2018-09-08,0.0,27.97,64.79,25.21,2.12,0.33
2018-09-09,0.0,27.96,67.44,25.01,2.62,0.33
2018-09-10,0.01,27.89,67.29,23.41,2.05,0.33
2018-09-11,0.01,27.78,65.09,24.86,1.81,0.33
2018-09-12,0.07,27.29,70.56,24.29,2.79,0.33
2018-09-13,0.05,26.97,69.48,24.12,2.68,0.33
2018-09-14,1.36,27.19,66.38,23.75,1.63,0.33
2018-09-15,0.01,27.94,65.34,25.38,1.93,0.33
2018-09-16,0.05,28.37,66.95,24.37,1.37,0.33
2018-09-17,0.13,28.45,65.91,21.33,1.33,0.33
2018-09-18,0.07,28.39,65.43,24.43,1.76,0.33
2018-09-19,0.1,28.22,64.2,24.75,1.06,0.33
2018-09-20,0.01,28.05,66.64,22.28,1.97,0.33
2018-09-21,0.08,28.41,61.83,24.26,2.19,0.33
2018-09-22,0.03,28.46,61.53,24.95,1.84,0.33
2018-09-23,0.08,28.48,64.85,24.26,1.73,0.33
2018-09-24,0.09,28.47,64.51,25.47,1.35,0.33
2018-09-25,0.07,28.37,64.57,25.3,1.07,0.33
2018-09-26,0.05,28.05,65.53,24.03,1.14,0.33
2018-09-27,0.02,28.36,63.29,24.33,1.38,0.33
2018-09-28,0.01,28.46,65.32,25.36,2.15,0.33
2018-09-29,0.0,28.64,64.78,25.69,2.99,0.33
2018-09-30,0.0,28.57,62.63,25.36,2.56,0.33
2018-10-01,0.03,28.27,62.41,25.31,3.05,0.33
2018-10-02,0.01,28.12,60.26,25.5,1.96,0.32
2018-10-03,0.1,28.08,62.91,21.4,2.43,0.32
2018-10-04,0.02,28.31,67.06,23.95,1.86,0.32
2018-10-05,0.0,28.5,70.22,23.57,1.93,0.32
2018-10-06,0.01,28.45,67.43,25.75,1.49,0.32
2018-10-07,0.0,28.44,67.06,24.8,1.95,0.32
2018-10-08,0.02,28.54,65.26,26.76,2.07,0.32
2018-10-09,0.02,28.76,65.48,26.47,1.29,0.32
2018-10-10,0.01,28.42,65.11,26.1,1.04,0.32
2018-10-11,0.02,28.8,63.31,26.42,1.17,0.32
2018-10-12,0.03,28.99,63.43,26.45,1.42,0.32
2018-10-13,0.18,28.77,67.58,26.27,1.54,0.32
2018-10-14,2.1,28.72,71.22,26.11,3.58,0.32
2018-10-15,2.73,27.97,75.6,26.3,5.39,0.33
2018-10-16,0.0,27.89,74.65,26.38,4.82,0.33
2018-10-17,0.0,27.97,71.93,24.0,2.85,0.33
2018-10-18,0.15,27.75,69.97,22.81,2.22,0.33
2018-10-19,0.02,27.79,77.49,24.46,4.07,0.33
2018-10-20,0.08,28.17,75.59,25.39,3.25,0.33
2018-10-21,0.22,28.2,75.67,22.87,3.07,0.33
2018-10-22,0.18,28.45,74.7,25.39,3.35,0.33
2018-10-23,0.03,28.68,69.73,25.29,2.46,0.33
2018-10-24,0.04,28.75,67.99,26.49,1.67,0.33
2018-10-25,0.03,28.99,68.88,24.4,1.7,0.33
2018-10-26,0.04,28.57,72.54,26.07,3.42,0.33
2018-10-27,0.01,28.28,75.55,26.06,4.85,0.33
2018-10-28,0.0,28.27,73.65,26.79,4.58,0.33
2018-10-29,0.02,28.35,71.02,26.94,4.42,0.33
2018-10-30,0.06,28.18,72.03,26.81,3.4,0.33
2018-10-31,1.61,28.69,70.68,22.48,1.77,0.33
2018-11-01,0.27,29.27,66.8,26.7,2.05,0.33
2018-11-02,0.67,29.64,67.62,26.34,1.73,0.33
2018-11-03,2.09,30.08,69.68,24.43,1.16,0.33
2018-11-04,0.57,29.87,68.92,21.79,1.91,0.33
2018-11-05,3.71,29.68,68.22,22.29,1.64,0.33
2018-11-06,1.23,29.74,69.86,23.57,1.47,0.34
2018-11-07,1.24,29.47,70.26,23.34,0.98,0.33
2018-11-08,5.04,29.63,70.63,22.53,1.47,0.34
2018-11-09,0.21,29.8,67.6,25.42,1.66,0.34
2018-11-10,0.95,29.91,67.29,24.74,1.27,0.33
2018-11-11,3.86,29.79,68.18,23.2,1.81,0.34
2018-11-12,3.7,29.41,70.92,23.81,1.67,0.34
2018-11-13,0.6,29.65,71.27,24.73,1.81,0.34
2018-11-14,0.75,29.84,71.27,23.19,2.03,0.34
2018-11-15,0.34,29.79,72.03,22.59,2.02,0.34
2018-11-16,2.51,29.93,71.15,24.1,1.46,0.34
2018-11-17,5.87,29.04,75.28,23.86,1.75,0.34
2018-11-18,14.37,29.1,73.75,24.74,2.11,0.36
2018-11-19,8.21,29.09,73.56,22.17,1.79,0.38
2018-11-20,5.83,28.72,76.12,20.23,1.45,0.39
2018-11-21,5.42,28.58,77.74,21.71,2.21,0.39
2018-11-22,3.71,28.41,79.09,20.12,3.77,0.4
2018-11-23,2.02,28.62,77.03,20.9,3.56,0.4
2018-11-24,2.05,28.38,74.99,14.49,1.96,0.4
2018-11-25,3.15,27.73,78.04,17.99,1.47,0.4
2018-11-26,4.69,27.78,77.4,18.47,1.44,0.41
2018-11-27,2.65,28.43,74.4,18.35,1.71,0.41
2018-11-28,3.34,28.32,77.4,18.46,1.93,0.42
2018-11-29,3.42,28.04,77.78,15.76,1.85,0.42
2018-11-30,1.17,28.31,74.7,21.43,1.72,0.42
2018-12-01,5.78,28.44,74.93,19.51,2.13,0.42
2018-12-02,21.49,28.18,75.02,21.48,0.86,0.45
2018-12-03,1.48,28.83,72.86,25.06,0.98,0.46
2018-12-04,2.18,29.2,72.4,23.73,1.15,0.46
2018-12-05,1.37,29.53,72.24,25.62,1.13,0.46
2018-12-06,5.18,29.04,79.48,23.58,2.51,0.46
2018-12-07,1.11,29.33,76.53,24.5,2.64,0.46
2018-12-08,2.11,29.83,71.8,22.98,1.89,0.46
2018-12-09,2.14,29.43,77.46,22.16,1.93,0.46
2018-12-10,3.05,29.19,78.28,22.16,1.17,0.46
2018-12-11,12.98,28.88,80.79,21.36,2.18,0.48
2018-12-12,1.91,28.58,85.43,22.46,1.6,0.49
2018-12-13,1.0,28.65,80.62,20.02,4.6,0.49
2018-12-14,1.08,28.66,80.13,17.6,3.0,0.49
2018-12-15,1.23,29.16,76.62,21.18,3.77,0.48
2018-12-16,2.83,28.8,79.57,16.44,3.92,0.48
2018-12-17,0.05,29.33,72.21,21.94,4.34,0.48
2018-12-18,0.55,29.14,73.83,23.54,3.0,0.47
2018-12-19,7.16,28.2,80.31,21.62,3.97,0.48
2018-12-20,2.97,28.28,80.23,19.06,5.02,0.48
2018-12-21,0.07,28.99,71.82,19.99,4.84,0.48
2018-12-22,2.54,28.96,73.81,21.15,4.71,0.48
2018-12-23,2.73,28.06,79.46,13.32,3.73,0.48
2018-12-24,7.51,27.84,81.93,22.76,2.63,0.49
2018-12-25,3.08,28.33,79.97,21.63,2.25,0.49
2018-12-26,8.43,27.98,82.41,15.78,2.73,0.49
2018-12-27,16.97,27.13,81.78,4.13,5.27,0.52
2018-12-28,7.34,26.95,82.7,12.32,5.11,0.54
2018-12-29,4.46,27.41,81.91,17.45,3.15,0.54
2018-12-30,10.9,27.98,78.22,10.19,2.46,0.55
2018-12-31,9.65,27.62,84.24,14.36,3.72,0.56
2019-01-01,22.95,27.04,84.29,15.37,3.97,0.58
2019-01-02,16.93,27.42,84.4,16.4,4.28,0.61
2019-01-03,15.21,27.47,85.21,11.39,3.81,0.64
2019-01-04,1.51,28.03,80.8,17.61,4.02,0.64
2019-01-05,1.27,28.13,80.77,17.85,2.77,0.63
2019-01-06,2.22,28.33,80.05,22.58,2.5,0.63
2019-01-07,1.93,28.28,79.71,20.01,3.14,0.62
2019-01-08,0.71,28.48,79.53,26.22,2.02,0.62
2019-01-09,1.5,28.44,79.9,25.57,2.26,0.61
2019-01-10,0.82,28.54,78.17,23.45,2.31,0.61
2019-01-11,2.63,28.48,76.86,23.81,1.58,0.61
2019-01-12,1.62,28.41,80.53,26.32,2.09,0.61
2019-01-13,2.16,28.54,81.46,18.77,2.59,0.6
2019-01-14,4.47,28.48,79.83,21.85,2.42,0.6
2019-01-15,6.54,27.56,83.21,20.15,1.96,0.61
2019-01-16,28.41,27.22,83.51,16.53,3.29,0.65
2019-01-17,25.43,27.46,84.25,12.98,4.21,0.68
2019-01-18,7.0,27.59,79.87,18.99,2.94,0.7
2019-01-19,3.6,27.69,78.33,21.13,1.47,0.69
2019-01-20,1.49,28.05,80.85,18.64,3.08,0.69
2019-01-21,22.48,27.71,83.12,8.21,3.59,0.7
2019-01-22,48.6,27.56,84.22,10.54,3.9,0.75
2019-01-23,31.32,27.61,83.58,9.83,6.5,0.83
2019-01-24,11.67,28.18,82.52,15.74,7.5,0.82
2019-01-25,21.56,28.05,82.13,11.38,6.45,0.84
2019-01-26,5.37,27.8,83.3,13.65,5.15,0.85
2019-01-27,6.15,27.91,83.8,18.87,4.37,0.85
2019-01-28,5.56,27.64,81.91,16.34,3.65,0.85
2019-01-29,8.77,27.34,82.99,20.18,3.26,0.85
2019-01-30,11.41,27.38,81.29,14.96,2.94,0.87
2019-01-31,6.09,27.79,82.22,21.16,3.4,0.87
2019-02-01,9.63,27.61,84.42,18.39,4.18,0.87
2019-02-02,6.64,27.78,82.4,19.82,3.01,0.88
2019-02-03,9.05,27.82,84.84,21.43,3.52,0.88
2019-02-04,4.41,27.89,85.3,19.35,4.18,0.88
2019-02-05,19.24,27.96,83.58,18.99,5.32,0.89
2019-02-06,13.91,27.63,83.38,18.09,5.19,0.9
2019-02-07,7.76,27.68,82.3,22.2,3.21,0.9
2019-02-08,8.12,27.71,82.84,23.21,2.43,0.9
2019-02-09,24.85,27.56,83.79,21.67,3.36,0.92
2019-02-10,16.04,27.48,82.24,21.44,3.45,0.93
2019-02-11,15.53,27.46,83.26,15.67,2.99,0.94
2019-02-12,19.49,27.27,83.68,15.59,3.32,0.95
2019-02-13,29.94,27.45,81.7,17.19,2.36,0.96
2019-02-14,2.35,27.87,80.75,25.13,2.65,0.97
2019-02-15,0.74,28.22,78.36,26.1,2.16,0.96
2019-02-16,0.88,28.5,74.51,25.68,1.27,0.95
2019-02-17,1.21,27.95,81.06,22.17,1.69,0.94
2019-02-18,1.03,28.21,79.22,20.74,1.89,0.93
2019-02-19,1.35,27.71,81.3,22.75,2.37,0.93
2019-02-20,0.73,27.92,77.22,25.57,1.92,0.92
2019-02-21,2.0,28.13,76.09,25.03,1.62,0.91
2019-02-22,2.6,28.08,79.66,24.96,2.34,0.91
2019-02-23,0.59,28.44,79.69,26.79,2.17,0.9
2019-02-24,0.94,28.73,76.12,26.37,1.16,0.9
2019-02-25,0.78,29.02,72.94,25.88,1.02,0.89
2019-02-26,1.49,28.86,74.68,26.42,1.41,0.89
2019-02-27,1.35,28.17,80.36,25.61,2.27,0.88
2019-02-28,0.32,28.59,77.61,27.27,1.64,0.87
2019-03-01,1.42,28.57,78.18,22.88,1.71,0.86
2019-03-02,6.55,28.52,76.2,22.16,1.25,0.86
2019-03-03,1.49,28.09,79.86,25.08,1.47,0.86
2019-03-04,1.55,28.52,76.12,21.79,0.99,0.86
2019-03-05,2.67,28.13,80.47,23.1,1.49,0.85
2019-03-06,1.48,28.13,83.12,19.36,3.06,0.85
2019-03-07,18.91,28.03,84.47,15.53,3.41,0.86
2019-03-08,25.65,27.82,78.18,10.98,3.33,0.89
2019-03-09,0.48,28.31,76.04,23.85,2.2,0.89
2019-03-10,8.04,28.05,80.33,17.99,2.18,0.89
2019-03-11,0.63,27.94,74.47,21.16,0.86,0.88
2019-03-12,2.88,27.75,79.19,23.74,1.42,0.88
2019-03-13,8.55,27.36,84.94,19.46,2.76,0.88
2019-03-14,20.37,26.81,81.52,20.21,2.71,0.89
2019-03-15,9.09,27.21,77.72,13.32,1.27,0.9
2019-03-16,5.86,27.19,82.48,17.76,3.37,0.9
2019-03-17,10.8,27.59,85.1,11.96,5.78,0.91
2019-03-18,7.84,27.85,81.34,15.88,5.26,0.91
2019-03-19,3.71,27.98,81.32,17.89,4.21,0.9
2019-03-20,1.23,27.74,84.0,21.03,3.98,0.9
2019-03-21,1.09,27.92,83.02,22.42,2.95,0.89
2019-03-22,0.42,27.92,83.8,21.77,3.07,0.88
2019-03-23,0.79,27.91,82.93,20.5,3.34,0.88
2019-03-24,3.0,27.68,85.05,17.87,3.73,0.87
2019-03-25,0.93,27.89,81.36,19.8,2.59,0.87
2019-03-26,1.88,28.32,76.37,23.65,0.96,0.86
2019-03-27,10.43,27.67,82.56,20.99,1.32,0.87
2019-03-28,9.06,26.8,84.16,16.44,2.03,0.88
2019-03-29,1.39,27.66,82.16,23.03,2.58,0.87
2019-03-30,0.9,28.43,78.27,24.41,1.88,0.87
2019-03-31,2.03,27.88,79.45,19.71,1.56,0.86
2019-04-01,1.63,27.81,78.68,21.7,1.55,0.86
2019-04-02,1.55,27.63,78.79,20.46,0.97,0.85
2019-04-03,1.25,27.42,79.11,21.11,0.72,0.85
2019-04-04,0.83,27.94,77.77,21.34,2.16,0.85
2019-04-05,0.27,28.86,73.25,22.45,2.61,0.84
2019-04-06,0.44,28.8,74.85,20.07,3.78,0.83
2019-04-07,0.66,28.71,76.56,23.91,1.97,0.82
2019-04-08,0.49,28.58,75.48,20.44,1.38,0.82
2019-04-09,0.24,28.92,73.05,23.52,1.38,0.8
2019-04-10,1.09,28.95,71.18,20.02,0.91,0.8
2019-04-11,0.71,28.75,74.33,22.9,1.4,0.79
2019-04-12,0.8,28.36,78.65,20.12,1.89,0.78
2019-04-13,0.89,28.24,79.09,22.67,1.84,0.78
2019-04-14,3.11,28.5,76.11,21.97,2.33,0.77
2019-04-15,5.07,27.96,78.09,16.52,2.1,0.77
2019-04-16,0.4,27.96,75.94,22.48,2.11,0.77
2019-04-17,0.03,27.82,74.31,24.9,2.22,0.76
2019-04-18,0.01,28.02,75.87,24.59,2.25,0.74
2019-04-19,0.03,28.02,75.29,24.58,3.07,0.73
2019-04-20,0.1,27.86,78.08,23.91,2.46,0.72
2019-04-21,0.1,28.27,76.04,23.15,2.66,0.71
2019-04-22,0.12,28.17,76.51,24.32,3.22,0.71
2019-04-23,0.01,28.26,75.93,24.17,3.11,0.7
2019-04-24,0.02,28.32,77.14,23.97,3.26,0.69
2019-04-25,0.34,28.34,76.97,22.69,2.35,0.68
2019-04-26,1.03,28.58,75.03,21.1,3.02,0.67
2019-04-27,3.19,28.03,79.18,18.5,3.11,0.67
2019-04-28,1.02,27.83,78.97,9.07,3.58,0.66
2019-04-29,1.6,28.14,76.74,11.69,3.71,0.66
2019-04-30,0.57,28.14,77.69,18.21,2.0,0.65
2019-05-01,2.71,28.18,77.37,13.75,1.42,0.65
2019-05-02,4.96,27.84,78.64,13.52,1.61,0.65
2019-05-03,5.22,27.2,83.62,18.87,1.65,0.66
2019-05-04,1.37,27.9,80.84,21.05,2.21,0.65
2019-05-05,0.96,27.99,77.6,21.4,2.74,0.65
2019-05-06,1.79,27.83,79.75,18.85,2.73,0.64
2019-05-07,0.01,27.79,76.52,21.04,3.08,0.64
2019-05-08,0.0,27.8,77.75,17.89,2.68,0.63
2019-05-09,0.02,28.14,75.53,21.22,3.26,0.62
2019-05-10,0.04,27.82,72.2,21.19,2.69,0.61
2019-05-11,0.0,27.55,72.18,20.74,3.04,0.61
2019-05-12,0.01,27.34,75.08,21.22,2.83,0.6
2019-05-13,0.01,27.58,73.67,21.11,2.66,0.59
2019-05-14,0.0,27.8,72.62,22.03,2.43,0.58
2019-05-15,0.0,27.74,74.58,22.41,2.5,0.58
2019-05-16,0.0,27.58,69.44,22.32,2.11,0.57
2019-05-17,0.0,27.1,74.82,21.48,2.63,0.56
2019-05-18,0.01,27.12,78.48,21.05,2.21,0.56
2019-05-19,0.0,27.57,79.6,20.7,2.58,0.55
2019-05-20,0.03,28.1,77.55,19.88,2.46,0.54
2019-05-21,0.89,27.88,78.91,20.26,2.92,0.54
2019-05-22,0.52,28.09,76.79,20.39,3.85,0.53
2019-05-23,0.0,27.87,71.25,21.57,3.47,0.53
2019-05-24,0.0,27.61,69.7,20.58,2.65,0.52
2019-05-25,0.16,27.87,71.34,20.73,2.72,0.52
2019-05-26,0.03,27.99,72.54,20.34,2.84,0.51
2019-05-27,0.09,27.99,74.43,20.37,3.35,0.51
2019-05-28,0.02,28.03,70.67,19.37,3.37,0.5
2019-05-29,0.01,27.61,68.51,20.35,3.31,0.5
2019-05-30,0.02,27.52,71.45,19.77,3.61,0.49
2019-05-31,0.04,27.62,72.71,19.23,3.8,0.49
2019-06-01,0.05,27.57,70.3,18.47,4.46,0.48
2019-06-02,0.21,27.57,73.43,17.8,4.84,0.48
2019-06-03,0.1,27.44,71.29,11.83,4.57,0.48
2019-06-04,0.03,27.29,72.81,14.93,3.92,0.47
2019-06-05,0.01,27.23,70.01,17.85,4.12,0.47
2019-06-06,0.0,27.38,69.06,18.08,3.83,0.46
2019-06-07,0.04,27.15,72.42,19.66,3.71,0.46
2019-06-08,0.05,27.42,74.68,17.69,3.4,0.46
2019-06-09,0.03,27.12,77.22,19.12,2.62,0.45
2019-06-10,0.05,27.44,76.88,18.27,1.96,0.45
2019-06-11,0.19,27.19,78.67,19.07,2.5,0.45
2019-06-12,0.98,27.72,77.76,12.72,2.5,0.45
2019-06-13,0.23,27.61,78.59,14.18,2.2,0.44
2019-06-14,0.03,27.37,71.06,20.26,2.7,0.44
2019-06-15,0.0,26.91,69.37,20.59,2.78,0.44
2019-06-16,0.01,26.34,71.18,20.0,2.57,0.43
2019-06-17,0.0,26.57,68.31,21.03,2.39,0.43
2019-06-18,0.01,26.89,63.81,20.6,2.91,0.43
2019-06-19,0.01,27.15,63.06,20.6,2.61,0.42
2019-06-20,0.0,26.71,63.81,19.53,3.08,0.42
2019-06-21,0.01,26.74,65.03,19.85,3.16,0.42
2019-06-22,0.08,26.63,70.18,18.33,3.18,0.42
2019-06-23,0.01,26.39,70.56,19.38,3.07,0.41
2019-06-24,0.02,26.52,70.84,19.93,2.89,0.41
2019-06-25,0.02,26.03,67.43,20.45,3.26,0.41
2019-06-26,0.0,26.25,63.04,20.66,3.0,0.41
2019-06-27,0.0,26.02,63.34,20.23,2.9,0.4
2019-06-28,0.0,25.58,68.55,20.54,2.34,0.4
2019-06-29,0.0,25.82,63.76,20.72,2.61,0.4
2019-06-30,0.01,26.43,70.95,16.73,2.61,0.4
2019-07-01,0.18,26.66,75.64,14.22,2.61,0.39
2019-07-02,0.22,27.18,73.57,17.32,2.36,0.39
2019-07-03,0.1,27.18,72.72,19.29,3.19,0.39
2019-07-04,0.04,26.42,66.82,20.2,3.17,0.39
2019-07-05,0.0,25.94,65.15,21.13,2.64,0.38
2019-07-06,0.0,25.75,62.8,21.02,2.51,0.38
2019-07-07,0.0,25.52,65.1,20.48,3.19,0.38
2019-07-08,0.01,25.69,70.33,19.67,3.29,0.38
2019-07-09,0.01,26.31,70.28,17.87,3.09,0.38
2019-07-10,0.0,26.56,66.53,20.74,2.74,0.37
2019-07-11,0.01,26.66,67.47,20.73,2.5,0.37
2019-07-12,0.03,26.21,66.26,20.87,3.2,0.37
2019-07-13,0.0,26.07,64.79,20.86,2.81,0.37
2019-07-14,0.06,26.34,66.02,21.21,3.13,0.36
2019-07-15,0.32,26.08,66.68,19.99,3.87,0.36
2019-07-16,0.74,25.98,71.26,13.89,3.35,0.36
2019-07-17,0.03,26.55,68.68,19.63,2.74,0.36
2019-07-18,0.0,26.61,66.87,20.17,2.51,0.36
2019-07-19,0.08,26.75,71.08,19.39,2.44,0.35
2019-07-20,0.0,26.27,70.71,20.74,1.93,0.35
2019-07-21,0.0,26.08,69.13,20.66,2.1,0.35
2019-07-22,0.01,25.66,69.99,21.56,2.62,0.35
2019-07-23,0.0,25.88,64.78,21.99,2.53,0.35
2019-07-24,0.0,25.9,62.94,21.01,2.36,0.34
2019-07-25,0.02,25.77,63.93,21.8,3.11,0.34
2019-07-26,0.0,26.51,65.24,21.02,1.26,0.34
2019-07-27,0.05,26.5,70.48,21.44,2.11,0.34
2019-07-28,0.1,26.53,66.75,21.32,2.14,0.34
2019-07-29,0.04,26.17,67.29,21.21,2.3,0.34
2019-07-30,0.0,26.16,65.75,21.53,2.46,0.34
2019-07-31,0.0,26.32,65.6,22.12,2.35,0.33
2019-08-01,0.0,26.23,67.17,21.95,3.19,0.33
2019-08-02,0.0,26.05,66.4,22.24,4.4,0.33
2019-08-03,0.0,25.8,61.75,22.0,4.15,0.33
2019-08-04,0.0,25.47,61.99,21.05,3.3,0.33
2019-08-05,0.0,25.69,66.85,22.73,2.6,0.33
2019-08-06,0.0,26.36,69.08,21.7,1.72,0.33
2019-08-07,0.01,26.37,73.01,19.1,2.71,0.33
2019-08-08,0.0,26.32,73.28,21.98,3.01,0.33
2019-08-09,0.0,26.57,69.59,22.33,3.03,0.33
2019-08-10,0.0,26.83,70.62,21.49,1.72,0.33
2019-08-11,0.47,27.09,74.54,18.65,2.48,0.33
2019-08-12,0.63,27.39,68.34,18.56,3.59,0.33
2019-08-13,0.0,26.99,63.99,21.77,2.96,0.33
2019-08-14,0.0,26.51,62.44,22.79,2.61,0.33
2019-08-15,0.0,26.32,61.36,23.09,2.09,0.33
2019-08-16,0.0,26.2,67.61,22.21,2.07,0.33
2019-08-17,0.0,26.22,72.34,22.27,3.12,0.33
2019-08-18,0.0,26.24,73.44,21.64,3.66,0.33
2019-08-19,0.01,26.66,73.1,21.69,3.15,0.33
2019-08-20,0.11,26.67,71.97,22.21,2.94,0.33
2019-08-21,0.01,26.31,69.0,22.28,4.0,0.33
2019-08-22,0.01,26.21,63.86,21.8,3.3,0.33
2019-08-23,0.0,26.55,67.31,23.15,1.92,0.33
2019-08-24,0.04,26.71,70.12,21.84,2.36,0.33
2019-08-25,0.16,26.79,62.05,23.67,1.58,0.33
2019-08-26,0.01,26.04,65.35,22.91,1.54,0.33
2019-08-27,0.03,26.1,66.05,23.93,2.22,0.33
2019-08-28,0.03,26.39,66.65,24.25,3.41,0.33
2019-08-29,0.04,26.06,64.68,24.39,2.38,0.33
2019-08-30,0.02,25.92,63.6,24.6,2.92,0.33
2019-08-31,0.0,26.32,63.83,23.31,1.7,0.33
2019-09-01,0.0,26.43,63.76,24.27,1.68,0.33
2019-09-02,0.01,26.39,62.3,25.09,1.81,0.33
2019-09-03,0.01,26.27,63.7,24.54,1.99,0.33
2019-09-04,0.0,26.21,64.67,23.03,1.88,0.33
2019-09-05,0.0,26.54,67.07,20.84,2.16,0.33
2019-09-06,0.0,26.79,71.4,23.99,1.63,0.33
2019-09-07,0.01,26.73,70.0,24.83,1.52,0.33
2019-09-08,0.0,26.82,67.65,25.07,1.76,0.32
2019-09-09,0.0,26.66,63.26,25.56,2.36,0.32
2019-09-10,0.0,26.45,69.41,24.83,3.07,0.32
2019-09-11,0.04,26.49,61.27,22.13,2.94,0.32
2019-09-12,0.04,26.71,57.77,23.96,3.4,0.32
2019-09-13,0.0,26.78,57.97,25.43,3.12,0.32
2019-09-14,0.0,26.6,59.78,25.09,2.66,0.32
2019-09-15,0.01,26.58,63.82,25.05,2.21,0.32
2019-09-16,0.0,26.69,67.04,24.85,2.3,0.32
2019-09-17,0.0,26.8,67.98,24.08,1.58,0.32
2019-09-18,0.0,26.87,68.51,24.54,1.58,0.32
2019-09-19,0.01,26.92,65.95,23.33,1.09,0.32
2019-09-20,0.0,26.88,67.64,25.13,1.33,0.32
2019-09-21,0.0,26.95,69.27,25.28,0.84,0.32
2019-09-22,0.01,27.28,67.44,24.95,1.5,0.32
2019-09-23,0.02,27.3,71.13,22.92,2.3,0.32
2019-09-24,0.11,27.46,72.51,23.94,1.91,0.32
2019-09-25,0.08,27.61,71.43,25.25,2.15,0.32
2019-09-26,0.12,27.79,70.67,24.12,1.28,0.32
2019-09-27,0.01,27.39,66.92,25.52,1.93,0.32
2019-09-28,0.0,27.6,64.91,25.82,1.77,0.32
2019-09-29,0.01,28.01,64.85,25.94,1.87,0.32
2019-09-30,0.0,27.63,65.95,25.23,1.45,0.32
2019-10-01,0.05,27.83,67.1,26.09,1.39,0.32
2019-10-02,0.1,28.04,68.45,26.13,1.87,0.32
2019-10-03,0.03,27.84,69.25,26.45,1.99,0.32
2019-10-04,0.02,27.79,66.64,26.94,1.89,0.32
2019-10-05,0.0,27.97,65.02,26.37,2.0,0.32
2019-10-06,0.0,27.8,66.03,25.08,1.43,0.32
2019-10-07,0.01,28.24,61.36,25.92,1.06,0.32
2019-10-08,0.01,28.13,64.81,26.04,1.28,0.32
2019-10-09,0.01,28.21,65.74,26.11,1.09,0.32
2019-10-10,0.0,28.4,64.08,26.39,1.43,0.32
2019-10-11,0.01,28.34,64.9,26.28,1.28,0.32
2019-10-12,0.0,28.21,66.47,26.32,1.4,0.32
2019-10-13,0.01,28.4,67.21,26.2,1.73,0.32
2019-10-14,0.04,28.56,65.02,26.81,1.03,0.32
2019-10-15,0.06,28.12,66.34,26.77,1.22,0.32
2019-10-16,0.01,28.28,67.72,26.45,2.07,0.32
2019-10-17,0.0,28.56,68.99,26.62,1.14,0.32
2019-10-18,0.04,28.64,69.62,25.16,1.28,0.32
2019-10-19,0.04,28.78,66.91,26.54,1.86,0.32
2019-10-20,0.01,28.76,68.53,26.66,1.71,0.32
2019-10-21,0.02,28.67,69.36,26.07,1.36,0.32
2019-10-22,0.04,28.59,67.91,26.11,1.38,0.32
2019-10-23,0.02,28.62,64.23,26.02,1.51,0.32
2019-10-24,0.02,28.49,65.83,26.51,1.19,0.32
2019-10-25,0.02,28.7,64.86,26.39,1.34,0.32
2019-10-26,0.13,28.97,65.37,24.66,0.64,0.32
2019-10-27,0.06,28.86,68.53,26.72,2.1,0.32
2019-10-28,0.31,28.72,69.01,26.58,2.01,0.32
2019-10-29,1.52,28.81,70.04,25.12,1.43,0.33
2019-10-30,3.2,28.84,68.09,25.16,1.95,0.33
2019-10-31,0.15,29.13,63.42,26.48,0.77,0.33
2019-11-01,0.24,29.06,65.83,24.95,1.41,0.33
2019-11-02,0.18,28.84,70.44,26.04,2.73,0.33
2019-11-03,0.04,28.59,71.88,26.5,2.95,0.33
2019-11-04,0.0,28.57,70.95,23.32,3.66,0.33
2019-11-05,0.0,28.78,65.83,27.15,3.23,0.33
2019-11-06,0.02,28.94,70.93,26.64,3.08,0.33
2019-11-07,0.46,28.96,73.19,25.27,2.68,0.33
2019-11-08,1.75,29.31,70.28,25.35,1.14,0.33
2019-11-09,2.67,29.12,70.31,24.96,1.16,0.33
2019-11-10,0.34,28.94,70.57,23.7,1.51,0.33
2019-11-11,0.34,28.87,71.18,25.16,1.4,0.33
2019-11-12,0.08,29.49,69.41,26.46,1.14,0.33
2019-11-13,0.04,29.5,69.23,26.35,1.85,0.33
2019-11-14,0.05,29.65,65.53,26.95,1.28,0.33
2019-11-15,0.05,30.0,61.66,26.77,0.97,0.33
2019-11-16,0.07,29.91,66.2,26.45,0.86,0.33
2019-11-17,0.1,29.71,66.39,26.94,1.1,0.33
2019-11-18,0.1,29.77,65.39,26.96,1.55,0.33
2019-11-19,0.1,30.01,62.56,25.67,0.95,0.33
2019-11-20,0.06,29.89,63.91,25.02,1.48,0.33
2019-11-21,0.06,30.15,64.62,26.46,1.35,0.33
2019-11-22,0.41,29.87,67.43,25.99,1.56,0.33
2019-11-23,0.27,30.13,64.55,26.41,1.65,0.33
2019-11-24,0.96,29.99,65.79,25.57,1.44,0.33
2019-11-25,1.2,29.97,64.9,24.05,2.22,0.33
2019-11-26,1.81,30.05,65.0,23.75,1.67,0.33
2019-11-27,1.17,29.71,66.4,22.94,0.87,0.33
2019-11-28,0.08,29.76,69.66,24.67,2.05,0.33
2019-11-29,0.04,30.12,69.33,24.5,1.14,0.33
2019-11-30,0.19,30.15,68.31,24.42,0.66,0.33
2019-12-01,0.13,30.6,65.2,22.85,1.72,0.33
2019-12-02,2.65,29.8,69.56,22.07,1.3,0.33
2019-12-03,11.68,29.43,68.36,21.28,1.15,0.34
2019-12-04,4.02,29.72,73.72,20.76,2.34,0.36
2019-12-05,0.85,29.74,70.16,24.25,1.46,0.36
2019-12-06,0.28,30.44,66.52,23.36,0.74,0.35
2019-12-07,0.26,30.19,69.95,25.78,2.49,0.35
2019-12-08,0.21,30.03,70.52,26.76,1.63,0.35
2019-12-09,0.32,30.53,65.13,26.25,1.12,0.34
2019-12-10,0.31,30.53,64.91,25.4,1.38,0.34
2019-12-11,0.38,30.38,64.24,24.87,1.22,0.34
2019-12-12,2.56,30.45,63.62,22.62,0.94,0.34
2019-12-13,3.15,30.29,66.21,23.61,1.53,0.34
2019-12-14,0.74,30.1,68.06,19.69,2.04,0.34
2019-12-15,1.4,29.7,69.27,17.46,1.48,0.34
2019-12-16,1.91,29.66,72.21,22.32,2.25,0.34
2019-12-17,0.92,29.57,75.97,24.87,2.81,0.35
2019-12-18,1.32,30.14,70.88,24.1,2.14,0.35
2019-12-19,1.81,30.33,69.04,23.81,1.7,0.35
2019-12-20,1.78,29.88,72.26,19.81,2.25,0.35
2019-12-21,0.82,30.16,68.96,21.82,1.08,0.35
2019-12-22,0.82,30.21,69.98,25.39,1.43,0.34
2019-12-23,2.11,29.83,74.26,22.35,2.52,0.35
2019-12-24,3.59,30.03,72.72,25.3,2.01,0.35
2019-12-25,2.08,29.51,72.71,24.31,1.49,0.35
2019-12-26,2.67,29.07,73.87,24.07,1.74,0.35
2019-12-27,3.64,29.07,74.66,24.53,1.6,0.36
2019-12-28,5.56,29.58,73.4,22.81,2.33,0.36
2019-12-29,24.17,28.34,78.73,19.34,4.47,0.38
2019-12-30,1.16,29.19,71.25,24.84,0.92,0.41
2019-12-31,1.34,29.86,69.92,23.69,1.21,0.41
2020-01-01,13.3,28.97,76.04,17.1,1.29,0.41
2020-01-02,6.23,28.62,77.51,10.32,3.38,0.43
2020-01-03,10.51,28.45,76.44,18.72,2.61,0.44
2020-01-04,23.45,28.09,82.24,11.58,4.19,0.47
2020-01-05,30.65,28.38,82.8,10.1,6.19,0.52
2020-01-06,9.59,28.85,79.4,15.77,6.31,0.55
2020-01-07,19.07,28.89,78.76,21.01,4.82,0.56
2020-01-08,9.41,28.26,81.59,12.6,4.31,0.58
2020-01-09,3.39,28.66,74.95,22.18,1.69,0.58
2020-01-10,1.29,28.7,76.28,25.41,2.21,0.57
2020-01-11,4.5,29.33,73.46,21.45,3.68,0.56
2020-01-12,20.17,28.78,77.43,22.42,4.31,0.59
2020-01-13,3.19,28.26,79.23,14.59,4.11,0.6
2020-01-14,1.65,28.77,75.08,19.28,2.13,0.59
2020-01-15,2.02,28.31,80.95,14.92,2.58,0.59
2020-01-16,1.51,28.51,78.53,21.38,2.49,0.58
2020-01-17,1.29,28.34,78.88,23.68,1.77,0.58
2020-01-18,0.78,28.74,77.28,25.21,1.95,0.58
2020-01-19,0.31,28.7,79.25,26.52,2.68,0.57
2020-01-20,5.24,28.94,77.33,25.51,3.64,0.57
2020-01-21,12.76,28.79,80.03,17.74,4.15,0.58
2020-01-22,5.65,28.75,77.51,21.15,2.36,0.59
2020-01-23,4.77,28.78,74.11,23.14,1.99,0.59
2020-01-24,2.35,29.01,74.68,23.54,1.83,0.58
2020-01-25,2.29,29.05,76.52,25.59,1.86,0.58
2020-01-26,1.31,28.99,78.66,24.61,2.04,0.57
2020-01-27,0.14,29.3,76.69,26.35,1.72,0.57
2020-01-28,0.37,29.28,80.06,25.01,2.44,0.56
2020-01-29,0.94,29.55,79.55,25.14,2.14,0.55
2020-01-30,2.2,29.52,79.18,22.13,2.34,0.55
2020-01-31,5.85,28.46,83.19,14.7,4.64,0.56
2020-02-01,2.72,28.48,79.48,19.33,3.22,0.56
2020-02-02,2.81,28.23,82.58,14.79,3.04,0.56
2020-02-03,2.4,28.61,78.36,23.51,2.63,0.56
2020-02-04,1.08,29.07,74.67,24.79,2.6,0.56
2020-02-05,0.57,29.12,75.98,25.95,3.0,0.55
2020-02-06,2.95,29.03,77.01,20.78,3.01,0.54
2020-02-07,6.79,28.81,77.61,19.81,2.57,0.55
2020-02-08,8.62,28.43,80.84,21.62,3.4,0.56
2020-02-09,14.98,27.5,83.11,16.02,3.12,0.57
2020-02-10,15.63,27.17,82.26,20.63,2.74,0.6
2020-02-11,9.22,27.53,79.55,16.16,2.84,0.61
2020-02-12,7.37,27.63,80.09,19.33,2.1,0.62
2020-02-13,2.94,27.71,80.25,23.87,1.58,0.62
2020-02-14,1.07,28.56,76.8,25.55,1.1,0.62
2020-02-15,0.5,28.92,76.97,25.92,1.81,0.61
2020-02-16,0.49,28.85,79.12,25.27,2.37,0.6
2020-02-17,1.06,28.95,78.62,24.52,2.15,0.6
2020-02-18,1.8,28.49,80.09,23.54,3.17,0.6
2020-02-19,5.87,28.41,80.74,20.69,3.36,0.6
2020-02-20,8.84,27.8,82.53,20.44,3.95,0.6
2020-02-21,8.52,27.65,79.83,20.65,2.45,0.62
2020-02-22,10.52,27.76,80.75,21.26,3.1,0.63
2020-02-23,2.24,27.72,82.06,18.64,4.3,0.63
2020-02-24,0.46,28.6,77.81,25.23,2.67,0.62
2020-02-25,0.93,28.79,77.88,24.99,1.97,0.61
2020-02-26,1.14,29.22,77.27,25.72,2.18,0.61
2020-02-27,8.47,28.74,83.26,22.25,3.6,0.61
2020-02-28,21.41,28.69,83.43,20.3,4.5,0.63
2020-02-29,18.08,28.34,85.02,18.78,4.94,0.66
2020-03-01,7.12,28.65,82.21,23.4,3.62,0.67
2020-03-02,5.42,28.61,82.3,22.96,2.47,0.67
2020-03-03,2.7,28.71,79.57,22.36,2.53,0.67
2020-03-04,2.25,28.63,82.04,23.32,2.36,0.67
2020-03-05,6.26,27.72,84.43,21.5,2.5,0.67
2020-03-06,8.23,27.65,78.52,15.94,1.54,0.68
2020-03-07,2.87,27.68,79.68,18.06,1.73,0.68
2020-03-08,12.06,27.58,81.99,16.72,2.29,0.69
2020-03-09,2.53,27.84,80.0,23.34,1.84,0.7
2020-03-10,3.46,28.06,80.35,18.53,2.73,0.69
2020-03-11,1.24,28.58,79.5,21.59,2.52,0.69
2020-03-12,4.13,28.52,78.27,20.44,1.11,0.69
2020-03-13,5.07,28.49,80.52,14.47,2.29,0.69
2020-03-14,0.83,28.7,77.41,24.43,2.46,0.68
2020-03-15,1.32,28.9,75.24,26.48,1.73,0.68
2020-03-16,0.86,28.88,74.27,24.69,1.41,0.67
2020-03-17,0.49,28.4,77.12,24.05,1.81,0.66
2020-03-18,0.24,28.55,75.1,25.37,2.45,0.65
2020-03-19,0.08,28.96,72.57,24.04,2.13,0.64
2020-03-20,1.06,28.86,74.11,25.54,1.9,0.63
2020-03-21,5.37,28.01,80.96,18.66,1.12,0.64
2020-03-22,14.88,28.09,78.46,19.66,1.53,0.65
2020-03-23,5.35,28.23,77.04,25.89,1.46,0.66
2020-03-24,0.41,28.98,71.0,23.0,1.04,0.65
2020-03-25,0.41,28.83,73.23,24.44,1.51,0.64
2020-03-26,2.13,29.01,72.02,19.04,0.8,0.64
2020-03-27,5.09,28.69,76.35,20.59,1.28,0.64
2020-03-28,2.65,28.45,78.16,20.91,1.31,0.64
2020-03-29,3.27,28.76,76.05,20.4,1.4,0.64
2020-03-30,0.47,28.74,74.25,23.17,1.36,0.63
2020-03-31,0.06,29.22,70.94,23.12,1.14,0.62
2020-04-01,0.26,29.22,71.34,24.23,1.71,0.62
2020-04-02,0.33,28.78,72.24,24.52,1.73,0.61
2020-04-03,0.38,29.11,70.44,22.73,1.74,0.6
2020-04-04,0.33,28.66,76.75,24.73,1.2,0.6
2020-04-05,0.39,28.98,76.01,24.63,1.48,0.59
2020-04-06,7.17,28.77,77.35,21.59,1.11,0.59
2020-04-07,5.67,27.96,82.11,20.49,1.72,0.6
2020-04-08,1.9,27.49,77.35,12.75,2.39,0.6
2020-04-09,0.29,28.39,71.65,20.49,1.11,0.6
2020-04-10,1.06,28.46,73.84,22.04,1.37,0.59
2020-04-11,8.98,27.98,75.9,18.25,2.57,0.59
2020-04-12,0.97,28.36,71.29,12.39,1.4,0.59
2020-04-13,2.19,28.94,72.49,20.13,1.22,0.59
2020-04-14,1.84,28.52,78.77,21.81,1.75,0.58
2020-04-15,0.99,28.37,78.45,23.35,1.64,0.58
2020-04-16,19.61,27.75,77.8,8.81,1.24,0.59
2020-04-17,7.74,27.83,83.27,18.95,2.56,0.61
2020-04-18,2.4,28.49,78.27,21.62,1.16,0.62
2020-04-19,7.38,28.7,76.11,23.47,1.7,0.61
2020-04-20,0.71,29.16,70.03,23.6,1.41,0.61
2020-04-21,0.38,28.85,73.74,23.28,1.88,0.6
2020-04-22,0.22,28.74,74.93,24.0,2.27,0.6
2020-04-23,0.01,28.59,74.74,23.45,3.18,0.59
2020-04-24,0.21,28.76,75.63,21.39,2.74,0.58
2020-04-25,0.0,28.62,75.56,22.54,3.61,0.58
2020-04-26,0.01,28.47,72.08,22.2,2.15,0.57
2020-04-27,0.02,28.52,70.82,19.69,1.66,0.56
2020-04-28,0.01,28.21,70.84,22.76,1.81,0.55
2020-04-29,0.02,28.27,70.33,23.21,1.44,0.54
2020-04-30,0.01,28.48,67.83,21.71,1.08,0.54
2020-05-01,0.14,28.43,69.7,21.1,1.48,0.53
2020-05-02,0.18,28.66,70.94,22.31,2.14,0.53
2020-05-03,0.15,28.9,69.72,21.64,2.75,0.52
2020-05-04,0.01,28.78,69.7,20.16,2.95,0.51
2020-05-05,0.02,28.73,71.71,20.35,2.73,0.51
2020-05-06,0.32,28.53,79.95,16.74,2.52,0.5
2020-05-07,0.89,28.72,80.08,20.0,1.96,0.5
2020-05-08,0.04,28.77,71.79,22.62,2.73,0.5
2020-05-09,0.04,28.48,70.76,22.13,3.08,0.49
2020-05-10,0.24,28.58,69.35,21.42,3.26,0.49
2020-05-11,0.01,28.57,68.73,21.86,2.75,0.48
2020-05-12,0.03,28.52,70.88,22.2,2.88,0.48
2020-05-13,0.0,28.63,69.49,21.85,2.91,0.47
2020-05-14,0.04,29.0,68.83,21.31,3.29,0.47
2020-05-15,0.19,28.83,75.58,20.42,3.06,0.46
2020-05-16,0.66,28.69,77.9,17.47,3.43,0.46
2020-05-17,1.01,28.76,79.47,17.15,2.97,0.46
2020-05-18,4.52,28.56,81.45,13.08,2.82,0.46
2020-05-19,11.78,27.28,84.98,6.43,2.46,0.48
2020-05-20,5.74,27.69,78.31,14.21,3.28,0.49
2020-05-21,0.74,27.85,75.0,13.27,2.6,0.49
2020-05-22,5.41,27.38,81.66,12.41,3.14,0.49
2020-05-23,17.9,27.7,81.89,7.97,3.28,0.5
2020-05-24,27.25,27.64,81.64,13.51,3.94,0.55
2020-05-25,14.51,27.86,81.64,17.25,3.76,0.56
2020-05-26,24.86,27.94,83.83,13.16,2.55,0.6
2020-05-27,10.42,27.74,83.05,16.79,1.78,0.62
2020-05-28,1.42,27.75,82.63,19.19,1.39,0.62
2020-05-29,2.7,27.82,79.97,17.07,1.85,0.61
2020-05-30,0.53,27.87,80.49,19.26,2.76,0.6
2020-05-31,0.21,27.88,77.3,19.89,2.41,0.6
2020-06-01,0.01,27.69,76.5,20.45,2.56,0.59
2020-06-02,0.03,27.86,75.1,20.84,3.0,0.58
2020-06-03,0.07,27.91,72.37,20.44,4.02,0.58
2020-06-04,0.05,27.3,68.81,19.64,3.53,0.57
2020-06-05,0.03,27.25,72.0,19.82,3.35,0.56
2020-06-06,0.04,27.01,75.46,19.39,3.32,0.55
2020-06-07,0.02,26.66,76.24,18.47,2.78,0.55
2020-06-08,0.0,27.16,73.6,18.69,2.29,0.54
2020-06-09,0.07,27.72,74.92,19.28,2.44,0.54
2020-06-10,0.03,27.95,71.04,19.39,3.42,0.53
2020-06-11,0.02,27.69,71.56,17.69,2.73,0.53
2020-06-12,2.35,27.44,77.49,15.08,2.77,0.52
2020-06-13,0.67,28.1,75.39,14.41,2.24,0.52
2020-06-14,0.01,28.1,71.89,20.42,2.64,0.52
2020-06-15,0.01,28.08,72.06,20.22,2.73,0.51
2020-06-16,0.3,28.08,73.93,18.01,3.12,0.51
2020-06-17,0.07,28.16,71.72,16.01,4.77,0.5
2020-06-18,0.0,27.88,71.04,18.75,3.84,0.5
2020-06-19,0.01,27.91,71.72,19.39,4.24,0.49
2020-06-20,0.08,27.74,73.42,19.33,3.84,0.49
2020-06-21,0.02,27.44,70.54,19.63,3.11,0.48
2020-06-22,0.27,27.69,68.83,19.02,2.89,0.48
2020-06-23,0.03,27.11,69.13,19.52,3.6,0.47
2020-06-24,0.02,26.91,69.38,19.74,2.68,0.47
2020-06-25,0.15,27.14,73.71,19.38,2.78,0.47
2020-06-26,2.73,27.43,72.53,18.71,2.04,0.46
2020-06-27,0.85,27.38,65.71,18.86,2.34,0.47
2020-06-28,0.0,27.34,67.4,18.83,2.41,0.46
2020-06-29,0.03,27.0,71.03,16.88,2.35,0.46
2020-06-30,0.03,26.94,71.71,19.55,2.53,0.46
2020-07-01,0.0,26.85,71.09,19.51,2.39,0.45
2020-07-02,0.0,26.7,65.52,20.57,2.48,0.45
2020-07-03,0.0,26.85,69.05,20.23,2.83,0.45
2020-07-04,0.2,27.17,73.91,20.0,3.98,0.44
2020-07-05,0.07,27.1,68.87,19.7,3.58,0.44
2020-07-06,0.25,26.95,71.39,19.63,3.61,0.44
2020-07-07,0.03,26.92,73.37,18.32,3.36,0.43
2020-07-08,0.02,26.94,70.99,20.0,3.17,0.43
2020-07-09,0.01,27.18,70.94,20.61,3.11,0.43
2020-07-10,0.04,27.06,71.44,19.65,3.11,0.42
2020-07-11,0.03,26.93,73.67,18.28,2.91,0.42
2020-07-12,0.12,27.54,73.84,19.69,2.62,0.42
2020-07-13,0.14,27.52,72.61,19.75,3.54,0.42
2020-07-14,0.05,27.18,68.74,20.0,3.87,0.41
2020-07-15,0.0,26.74,67.73,20.49,3.36,0.41
2020-07-16,0.0,27.37,65.46,20.53,2.53,0.41
2020-07-17,0.14,27.27,71.25,18.89,2.06,0.4
2020-07-18,0.29,27.21,73.57,16.36,2.43,0.4
2020-07-19,0.14,27.2,69.85,19.69,2.28,0.4
2020-07-20,0.0,26.93,67.61,20.8,2.55,0.4
2020-07-21,0.0,27.12,66.42,16.98,2.19,0.39
2020-07-22,0.0,27.05,69.03,21.35,3.38,0.39
2020-07-23,0.0,26.95,62.83,21.3,3.36,0.39
2020-07-24,0.0,26.58,63.87,21.53,3.39,0.39
2020-07-25,0.0,26.64,63.22,21.09,3.13,0.38
2020-07-26,0.0,26.65,67.74,20.45,3.27,0.38
2020-07-27,0.0,26.64,68.13,21.42,3.29,0.38
2020-07-28,0.0,26.29,69.44,20.95,2.96,0.38
2020-07-29,0.0,26.22,64.95,21.59,2.5,0.37
2020-07-30,0.0,26.29,65.37,21.51,3.21,0.37
2020-07-31,0.0,26.34,65.83,20.4,2.84,0.37
2020-08-01,0.0,26.06,62.42,21.34,2.59,0.37
2020-08-02,0.03,26.48,62.9,22.28,2.54,0.36
2020-08-03,0.01,26.55,63.42,21.31,1.82,0.36
2020-08-04,0.0,26.4,68.07,20.29,1.8,0.36
2020-08-05,0.03,26.45,71.46,19.41,2.03,0.36
2020-08-06,0.01,25.84,76.01,19.13,4.61,0.35
2020-08-07,0.01,26.29,72.28,21.64,3.05,0.35
2020-08-08,0.04,26.66,72.28,19.73,2.25,0.35
2020-08-09,0.01,27.27,72.81,19.7,1.39,0.35
2020-08-10,0.36,27.65,72.5,18.77,1.36,0.35
2020-08-11,0.15,27.85,70.74,22.2,1.35,0.34
2020-08-12,0.17,27.66,72.83,21.21,1.94,0.34
2020-08-13,0.06,27.38,74.04,21.91,3.14,0.34
2020-08-14,0.21,27.45,72.11,20.98,2.46,0.34
2020-08-15,0.12,27.59,70.35,22.79,1.68,0.34
2020-08-16,0.14,27.45,71.72,23.4,1.62,0.33
2020-08-17,0.03,27.6,67.83,23.07,1.64,0.33
2020-08-18,0.03,27.39,68.28,22.41,2.95,0.33
2020-08-19,0.38,27.04,70.98,21.96,2.87,0.33
2020-08-20,0.0,27.51,68.15,23.07,1.53,0.33
2020-08-21,0.0,27.76,65.83,23.9,1.17,0.33
2020-08-22,0.0,27.94,63.75,24.08,1.74,0.33
2020-08-23,0.0,28.08,61.39,24.59,2.28,0.33
2020-08-24,0.0,27.99,61.88,24.17,2.93,0.33
2020-08-25,0.0,27.49,61.73,24.55,3.79,0.33
2020-08-26,0.0,26.92,63.7,24.93,3.9,0.33
2020-08-27,0.0,27.42,66.26,23.91,4.12,0.33
2020-08-28,0.0,27.43,64.82,24.38,3.22,0.33
2020-08-29,0.0,27.46,60.87,24.34,3.18,0.33
2020-08-30,0.02,27.3,61.37,24.08,2.6,0.33
2020-08-31,0.1,27.95,68.36,24.52,2.82,0.33
2020-09-01,0.23,28.24,71.52,18.93,1.67,0.33
2020-09-02,0.19,28.25,71.92,22.59,1.73,0.33
2020-09-03,0.07,28.33,68.69,23.69,2.0,0.33
2020-09-04,0.04,28.18,68.08,24.84,1.67,0.33
2020-09-05,0.01,28.04,69.72,24.47,1.69,0.33
2020-09-06,0.02,28.19,65.97,24.43,2.28,0.33
2020-09-07,0.16,28.06,64.65,23.0,2.75,0.33
2020-09-08,0.33,28.03,66.54,23.06,2.81,0.33
2020-09-09,0.07,28.04,66.35,23.6,2.41,0.33
2020-09-10,0.04,28.17,64.81,25.48,2.21,0.33
2020-09-11,0.12,28.3,62.82,25.38,2.28,0.33
2020-09-12,0.03,28.15,61.98,25.14,2.47,0.33
2020-09-13,0.03,27.8,60.87,26.11,2.28,0.33
2020-09-14,0.0,28.04,59.31,25.51,2.46,0.33
2020-09-15,0.04,27.88,62.71,24.12,2.12,0.33
2020-09-16,0.05,28.18,63.08,24.15,2.18,0.33
2020-09-17,0.06,28.22,65.09,21.46,1.36,0.33
2020-09-18,0.06,28.23,70.16,21.74,1.8,0.33
2020-09-19,0.11,28.5,69.15,22.64,1.54,0.33
2020-09-20,0.22,28.63,70.93,23.13,1.74,0.33
2020-09-21,0.57,28.63,73.38,22.47,1.88,0.33
2020-09-22,0.07,29.17,70.94,24.53,1.69,0.33
2020-09-23,0.01,29.22,65.93,25.75,1.36,0.33
2020-09-24,0.12,28.87,66.74,24.82,0.95,0.33
2020-09-25,0.18,28.75,65.28,23.6,0.61,0.33
2020-09-26,0.11,28.86,66.74,24.04,0.87,0.33
2020-09-27,0.21,29.13,68.14,24.82,1.29,0.33
2020-09-28,0.18,29.22,65.27,25.02,2.02,0.33
2020-09-29,0.2,28.8,67.63,22.32,2.04,0.33
2020-09-30,0.22,29.13,65.17,23.66,1.79,0.33
2020-10-01,0.27,29.25,64.58,23.81,1.33,0.33
2020-10-02,0.42,29.34,64.86,25.42,3.02,0.33
2020-10-03,1.41,29.06,65.42,24.99,1.91,0.33
2020-10-04,0.02,28.75,68.55,24.7,2.5,0.33
2020-10-05,0.05,28.57,70.1,25.42,2.33,0.33
2020-10-06,0.02,28.16,73.27,24.04,4.47,0.33
2020-10-07,0.13,28.43,71.56,22.67,2.74,0.33
2020-10-08,0.72,27.99,73.84,22.28,1.53,0.33
2020-10-09,4.44,28.41,76.8,18.35,1.99,0.33
2020-10-10,0.31,29.0,69.43,21.07,2.68,0.34
2020-10-11,0.11,29.24,64.48,26.19,2.35,0.33
2020-10-12,0.08,29.22,65.15,25.1,2.61,0.33
2020-10-13,0.06,29.31,64.48,25.39,1.78,0.33
2020-10-14,0.15,29.53,63.97,25.07,1.68,0.33
2020-10-15,0.56,29.42,67.29,25.47,0.92,0.33
2020-10-16,0.76,29.09,67.96,23.91,1.53,0.33
2020-10-17,1.07,29.3,65.75,25.34,1.34,0.33
2020-10-18,0.5,29.1,67.28,23.19,1.22,0.33
2020-10-19,0.24,29.22,68.43,25.21,1.58,0.33
2020-10-20,0.07,28.87,72.26,25.96,2.37,0.33
2020-10-21,0.11,29.09,71.49,25.34,2.66,0.33
2020-10-22,0.2,28.7,71.27,23.97,1.87,0.33
2020-10-23,0.35,29.23,68.91,24.96,1.19,0.33
2020-10-24,0.79,29.28,70.51,23.5,1.84,0.33
2020-10-25,1.49,29.15,72.49,24.82,2.82,0.33
2020-10-26,1.47,28.88,74.7,24.81,3.17,0.33
2020-10-27,3.27,28.72,75.63,22.32,2.52,0.33
2020-10-28,2.91,28.11,76.27,22.96,1.62,0.34
2020-10-29,2.63,28.86,70.85,25.13,1.7,0.34
2020-10-30,2.14,28.98,71.12,25.23,2.13,0.35
2020-10-31,1.65,28.58,75.85,22.18,3.42,0.35
2020-11-01,2.77,28.66,74.65,22.4,2.4,0.35
2020-11-02,0.72,29.42,68.29,24.04,1.52,0.35
2020-11-03,0.24,29.54,66.87,22.24,0.88,0.34
2020-11-04,0.41,29.4,69.79,23.72,1.37,0.34
2020-11-05,0.25,29.83,67.26,26.07,1.37,0.34
2020-11-06,0.09,30.08,64.66,25.95,1.18,0.34
2020-11-07,0.26,30.17,66.57,27.51,2.47,0.34
2020-11-08,0.22,30.43,62.64,25.97,1.04,0.33
2020-11-09,0.73,29.83,70.54,21.94,3.08,0.33
2020-11-10,3.16,29.83,71.27,21.79,2.3,0.33
2020-11-11,3.84,29.27,73.73,22.23,2.14,0.34
2020-11-12,0.69,29.51,71.94,25.39,1.13,0.34
2020-11-13,0.15,29.62,69.86,25.57,0.58,0.34
2020-11-14,0.1,29.81,69.43,26.43,1.48,0.34
2020-11-15,0.2,29.86,68.91,25.36,1.86,0.33
2020-11-16,0.17,30.37,67.15,26.67,2.1,0.33
2020-11-17,0.76,30.06,67.32,24.45,1.59,0.33
2020-11-18,3.44,30.05,67.5,25.44,1.55,0.34
2020-11-19,2.08,29.43,69.91,26.48,1.3,0.34
2020-11-20,3.05,29.64,69.05,24.32,1.03,0.34
2020-11-21,2.05,29.88,67.67,24.36,0.8,0.34
2020-11-22,4.66,29.29,71.31,19.99,1.18,0.35
2020-11-23,4.33,28.84,76.42,23.42,2.02,0.35
2020-11-24,2.74,28.96,74.79,21.24,2.23,0.36
2020-11-25,1.92,29.16,74.14,21.73,1.73,0.36
2020-11-26,1.97,29.5,73.15,23.07,2.19,0.36
2020-11-27,1.99,29.29,73.43,23.16,2.2,0.36
2020-11-28,4.84,29.27,75.07,22.81,2.94,0.36
2020-11-29,2.79,29.03,77.17,24.18,3.28,0.37
2020-11-30,3.31,28.83,75.34,21.56,2.73,0.37
2020-12-01,1.33,29.64,71.35,20.78,2.35,0.37
2020-12-02,7.82,29.23,73.85,15.43,2.3,0.38
2020-12-03,6.44,28.41,75.06,18.5,1.4,0.39
2020-12-04,3.67,29.15,70.17,20.54,0.55,0.4
2020-12-05,11.37,28.61,75.79,16.97,1.4,0.41
2020-12-06,25.13,28.16,80.08,11.83,3.49,0.43
2020-12-07,11.63,28.66,75.19,19.66,2.23,0.47
2020-12-08,10.74,28.26,80.54,17.07,3.62,0.48
2020-12-09,6.26,28.27,79.57,17.0,3.54,0.49
2020-12-10,2.06,28.48,78.59,21.14,2.78,0.49
2020-12-11,2.2,29.33,74.26,21.77,2.69,0.49
2020-12-12,10.78,28.77,78.47,18.86,3.07,0.49
2020-12-13,14.19,27.91,82.86,17.9,3.06,0.53
2020-12-14,2.79,28.22,78.49,19.71,2.47,0.53
2020-12-15,17.0,27.93,80.55,16.12,2.55,0.53
2020-12-16,17.03,27.86,80.83,22.71,2.55,0.58
2020-12-17,6.42,28.43,79.12,22.01,3.38,0.58
2020-12-18,7.48,28.49,78.12,19.62,3.71,0.58
2020-12-19,13.64,28.27,79.36,15.82,4.29,0.59
2020-12-20,29.45,27.71,82.69,16.45,3.43,0.63
2020-12-21,13.31,28.06,82.7,14.62,3.34,0.65
2020-12-22,9.93,28.15,81.96,18.56,3.57,0.67
2020-12-23,12.8,28.32,79.45,6.09,3.0,0.68
2020-12-24,3.82,27.65,80.21,17.07,2.19,0.68
2020-12-25,8.5,27.37,79.46,23.05,2.02,0.68
2020-12-26,0.39,27.85,75.27,23.21,2.12,0.68
2020-12-27,2.27,28.12,77.91,22.04,1.8,0.67
2020-12-28,1.58,28.36,76.37,23.09,1.5,0.67
2020-12-29,6.39,27.86,81.89,19.89,3.0,0.67
2020-12-30,6.79,28.14,80.08,23.32,2.66,0.67
2020-12-31,5.84,28.01,78.14,20.41,1.73,0.68
2021-01-01,1.24,28.66,73.36,22.96,1.93,0.68
2021-01-02,1.48,28.12,80.48,22.04,2.18,0.67
2021-01-03,2.4,28.21,80.87,21.6,2.32,0.67
2021-01-04,5.74,27.88,83.32,23.14,3.42,0.67
2021-01-05,5.16,28.05,79.54,12.17,3.2,0.67
2021-01-06,7.84,27.85,81.12,17.82,2.75,0.68
2021-01-07,12.24,27.66,81.5,18.73,2.31,0.69
2021-01-08,6.23,28.01,79.28,18.56,2.26,0.7
2021-01-09,2.96,27.88,83.17,21.89,2.16,0.7
2021-01-10,0.82,28.54,79.95,23.8,1.87,0.7
2021-01-11,86.77,28.93,74.58,24.9,1.15,0.75
2021-01-12,131.51,28.91,77.73,22.99,2.21,0.89
2021-01-13,3.92,29.01,77.99,18.06,1.89,0.89
2021-01-14,12.7,28.45,81.17,20.82,1.76,0.89
2021-01-15,7.65,28.39,80.19,11.06,1.58,0.89
2021-01-16,5.46,27.78,81.84,19.62,2.0,0.89
2021-01-17,16.51,27.51,84.11,13.06,2.88,0.9
2021-01-18,43.67,27.6,84.16,17.62,3.16,0.93
2021-01-19,11.58,27.42,85.48,12.64,4.37,0.95
2021-01-20,5.97,27.74,82.87,20.42,3.95,0.95
2021-01-21,5.03,28.11,81.25,20.21,3.63,0.94
2021-01-22,3.99,28.08,83.34,21.63,3.95,0.94
2021-01-23,4.94,27.73,84.24,20.64,4.32,0.94
2021-01-24,17.02,27.59,81.69,14.89,2.36,0.94
2021-01-25,24.03,26.97,84.16,7.14,3.14,0.96
2021-01-26,26.11,27.26,82.28,15.38,3.29,0.98
2021-01-27,68.14,27.46,84.05,17.36,5.02,0.99
2021-01-28,31.16,27.71,83.35,9.47,6.88,1.0
2021-01-29,68.78,27.87,83.48,12.23,6.71,1.0
2021-01-30,21.36,27.52,83.9,10.01,5.8,1.0
2021-01-31,31.34,27.76,84.64,13.59,5.83,1.0
2021-02-01,27.07,27.48,85.21,20.17,4.34,1.0
2021-02-02,52.8,27.7,83.06,15.9,3.98,1.0
2021-02-03,50.56,27.33,85.85,16.38,5.0,1.0
2021-02-04,29.44,27.37,82.34,12.88,5.22,1.0
2021-02-05,12.97,27.29,83.49,19.48,4.31,1.0
2021-02-06,11.17,27.53,83.03,10.05,4.05,1.0
2021-02-07,3.99,28.02,79.74,23.13,2.6,0.99
2021-02-08,6.99,28.02,83.14,20.28,3.04,0.99
2021-02-09,6.38,27.98,82.42,18.06,3.11,0.99
2021-02-10,11.42,27.71,83.52,18.61,2.78,0.99
2021-02-11,2.71,27.66,80.4,22.24,2.64,0.98
2021-02-12,5.56,27.81,81.57,24.3,1.96,0.98
2021-02-13,4.85,27.51,84.12,19.36,2.28,0.98
2021-02-14,5.08,27.4,83.67,21.85,3.38,0.97
2021-02-15,2.92,27.94,78.76,23.12,3.3,0.97
2021-02-16,5.47,27.38,82.84,23.96,2.63,0.97
2021-02-17,2.09,27.81,79.9,24.21,3.17,0.96
2021-02-18,24.12,28.02,81.46,14.95,3.63,0.97
2021-02-19,19.38,27.18,83.74,15.45,3.74,0.98
2021-02-20,42.32,27.03,82.77,18.08,3.2,0.99
2021-02-21,28.62,27.48,83.2,19.43,4.11,1.0
2021-02-22,4.49,27.88,80.8,22.79,3.31,0.99
2021-02-23,10.44,27.26,83.06,20.95,3.7,0.99
2021-02-24,11.2,27.34,84.42,14.32,4.21,0.98
2021-02-25,2.3,27.32,81.44,20.02,2.79,0.98
2021-02-26,25.21,27.57,82.62,22.46,2.47,0.98
2021-02-27,25.29,27.28,83.37,12.41,3.94,1.0
2021-02-28,4.41,27.84,80.69,21.62,3.63,0.99
2021-03-01,3.21,27.12,81.64,20.94,2.2,0.99
2021-03-02,2.49,27.31,79.87,23.92,2.76,0.98
2021-03-03,1.9,27.83,78.11,22.87,2.41,0.97
2021-03-04,2.34,28.1,78.12,21.62,2.07,0.97
2021-03-05,0.82,28.01,77.62,24.5,1.67,0.96
2021-03-06,0.43,27.17,83.25,24.33,2.77,0.95
2021-03-07,5.0,27.43,82.72,25.62,2.62,0.95
2021-03-08,6.7,27.63,82.33,23.12,2.79,0.95
2021-03-09,9.24,27.31,83.0,16.79,2.87,0.95
2021-03-10,6.72,26.82,79.61,21.45,2.61,0.95
2021-03-11,7.36,27.19,76.67,21.74,1.57,0.95
2021-03-12,10.27,27.39,80.1,20.92,2.27,0.95
2021-03-13,1.91,27.52,79.53,23.07,1.76,0.95
2021-03-14,1.01,28.04,75.71,23.83,1.05,0.94
2021-03-15,1.11,28.2,76.0,24.8,1.09,0.94
2021-03-16,1.51,27.81,77.96,23.09,0.84,0.93
2021-03-17,1.23,28.13,74.41,24.54,0.86,0.93
2021-03-18,3.19,28.06,75.73,23.63,1.45,0.92
2021-03-19,6.64,28.11,76.82,22.09,1.99,0.92
2021-03-20,5.16,27.92,80.75,22.42,4.17,0.92
2021-03-21,6.59,28.3,81.7,17.32,4.1,0.92
2021-03-22,2.95,28.24,80.8,22.26,2.78,0.92
2021-03-23,0.7,27.75,85.17,20.6,2.55,0.91
2021-03-24,0.97,28.24,78.81,22.87,1.83,0.91
2021-03-25,1.77,28.16,79.98,23.3,2.02,0.9
2021-03-26,1.27,28.04,82.0,22.49,3.11,0.9
2021-03-27,4.09,27.98,83.28,15.58,2.82,0.9
2021-03-28,3.13,27.8,81.74,20.31,1.43,0.9
2021-03-29,9.9,27.54,81.01,10.22,1.75,0.9
2021-03-30,4.47,27.46,81.49,15.88,2.66,0.9
2021-03-31,17.61,27.55,82.66,20.72,2.78,0.91
2021-04-01,24.17,27.71,84.51,15.36,5.28,0.92
2021-04-02,43.04,27.92,83.88,5.54,6.72,0.95
2021-04-03,42.21,28.16,82.43,13.27,7.16,0.97
2021-04-04,64.13,27.75,82.8,4.22,10.94,1.0
2021-04-05,23.9,27.34,83.03,7.19,9.11,1.0
2021-04-06,14.78,28.1,82.36,15.88,5.04,1.0
2021-04-07,6.5,27.45,84.37,13.58,2.85,0.99
2021-04-08,2.38,27.87,79.21,20.98,3.04,0.99
2021-04-09,0.78,27.71,80.6,21.13,2.67,0.98
2021-04-10,0.14,27.47,82.52,24.75,3.35,0.97
2021-04-11,0.09,27.53,80.58,24.08,2.89,0.96
2021-04-12,0.05,27.89,76.56,24.31,2.24,0.96
2021-04-13,0.33,27.97,76.9,21.2,1.65,0.95
2021-04-14,0.09,27.79,78.57,23.63,2.26,0.94
2021-04-15,0.07,27.61,76.38,24.51,2.58,0.93
2021-04-16,0.01,27.95,71.95,22.08,2.14,0.92
2021-04-17,0.01,27.97,75.4,22.5,2.3,0.91
2021-04-18,0.16,28.4,76.64,21.96,3.0,0.9
2021-04-19,0.01,28.24,72.82,21.47,2.96,0.89
2021-04-20,0.0,27.68,71.19,22.36,2.18,0.88
2021-04-21,0.03,27.31,73.59,23.66,2.14,0.88
2021-04-22,0.03,27.41,76.67,23.8,2.06,0.87
2021-04-23,0.17,27.79,77.4,23.19,2.04,0.86
2021-04-24,0.12,28.47,72.91,23.62,2.13,0.85
2021-04-25,0.08,28.5,71.86,23.26,2.82,0.84
2021-04-26,0.03,28.09,66.32,22.58,3.04,0.83
2021-04-27,0.0,27.6,63.68,24.18,2.4,0.82
2021-04-28,0.0,27.62,64.2,23.92,0.95,0.81
2021-04-29,0.0,27.61,70.72,23.04,1.82,0.8
2021-04-30,0.5,27.75,77.09,21.65,1.71,0.79
2021-05-01,0.91,28.12,77.11,20.49,2.81,0.78
2021-05-02,0.01,27.98,72.32,22.54,3.48,0.77
2021-05-03,0.01,27.95,72.11,22.97,3.46,0.76
2021-05-04,0.03,28.07,72.34,22.4,2.98,0.75
2021-05-05,0.03,28.24,73.6,22.17,3.49,0.74
2021-05-06,0.02,27.94,73.07,21.23,3.25,0.73
2021-05-07,0.39,27.96,73.8,18.33,2.79,0.73
2021-05-08,1.93,27.7,79.39,17.4,2.69,0.72
2021-05-09,0.16,27.7,74.8,20.79,2.5,0.71
2021-05-10,0.04,27.6,74.93,20.83,2.64,0.71
2021-05-11,0.01,27.85,68.51,22.13,3.63,0.7
2021-05-12,0.04,27.72,71.96,22.45,2.93,0.69
2021-05-13,0.11,28.23,74.94,21.89,3.55,0.68
2021-05-14,0.0,28.19,71.93,20.36,3.42,0.67
2021-05-15,0.0,28.04,70.91,20.91,3.22,0.66
2021-05-16,0.0,27.77,70.96,21.4,3.16,0.65
2021-05-17,0.01,27.79,72.58,20.99,2.86,0.65
2021-05-18,0.04,27.83,72.67,20.08,2.74,0.64
2021-05-19,0.08,27.92,73.97,20.56,1.71,0.63
2021-05-20,0.05,27.62,75.75,20.76,2.64,0.62
2021-05-21,0.0,27.61,76.01,20.13,1.58,0.62
2021-05-22,0.13,27.93,74.73,18.97,1.29,0.61
2021-05-23,0.08,27.89,74.5,19.45,1.69,0.61
2021-05-24,0.02,27.6,75.37,18.92,1.75,0.6
2021-05-25,0.01,27.92,73.41,20.76,1.95,0.59
2021-05-26,0.4,28.15,75.88,18.63,3.16,0.59
2021-05-27,0.05,27.94,75.13,19.77,4.61,0.58
2021-05-28,0.0,27.74,68.67,20.84,3.48,0.57
2021-05-29,0.03,27.55,74.84,20.79,2.6,0.56
2021-05-30,0.01,27.47,73.07,19.58,1.28,0.56
2021-05-31,0.02,27.65,72.46,19.55,1.42,0.55
2021-06-01,0.34,27.64,74.86,20.0,1.58,0.54
2021-06-02,1.09,27.83,77.62,14.49,2.08,0.54
2021-06-03,0.11,28.06,75.72,20.24,2.35,0.54
2021-06-04,0.16,28.21,76.57,20.35,2.52,0.53
2021-06-05,0.96,28.26,74.73,19.39,2.49,0.53
2021-06-06,4.07,28.03,75.46,18.13,2.32,0.53
2021-06-07,0.45,27.76,69.96,19.07,2.56,0.52
2021-06-08,0.0,27.62,69.84,19.57,2.15,0.52
2021-06-09,0.02,27.63,69.5,19.82,2.17,0.51
2021-06-10,0.0,27.79,71.02,19.87,2.19,0.51
2021-06-11,0.02,27.96,73.52,19.76,2.35,0.5
2021-06-12,0.06,28.15,71.57,17.9,2.66,0.5
2021-06-13,0.05,28.17,71.84,18.2,2.23,0.49
2021-06-14,0.14,27.67,76.2,18.14,1.99,0.49
2021-06-15,0.09,27.53,76.99,17.91,1.94,0.48
2021-06-16,0.21,27.53,75.22,19.36,2.21,0.48
2021-06-17,0.06,27.47,72.08,19.04,2.32,0.48
2021-06-18,0.01,27.81,70.63,18.3,2.1,0.47
2021-06-19,0.24,28.13,71.65,16.59,2.43,0.47
2021-06-20,0.67,27.85,73.08,17.76,2.67,0.47
2021-06-21,2.18,27.82,70.66,16.6,3.29,0.47
2021-06-22,0.26,28.21,66.4,15.23,1.4,0.46
2021-06-23,0.16,27.55,75.66,17.48,1.67,0.46
2021-06-24,0.1,27.92,73.97,18.49,1.26,0.46
2021-06-25,0.46,27.74,76.25,18.07,1.38,0.46
2021-06-26,1.45,28.32,74.2,17.19,2.22,0.45
2021-06-27,2.52,28.53,74.62,17.36,3.84,0.45
2021-06-28,0.31,28.15,69.19,19.57,3.43,0.45
2021-06-29,0.0,28.0,65.63,20.24,3.61,0.45
2021-06-30,0.0,27.51,64.35,19.92,2.98,0.45
2021-07-01,0.0,27.54,69.7,20.25,3.02,0.44
2021-07-02,0.01,27.8,68.25,20.11,2.51,0.44
2021-07-03,0.02,27.88,66.87,19.5,3.09,0.44
2021-07-04,0.06,27.02,64.03,18.75,3.38,0.43
2021-07-05,0.0,27.29,62.89,18.96,2.04,0.43
2021-07-06,0.0,27.23,70.22,17.36,2.18,0.43
2021-07-07,0.04,27.4,73.75,13.96,2.81,0.42
2021-07-08,0.15,27.84,74.37,17.45,2.85,0.42
2021-07-09,0.23,28.17,73.26,18.03,2.17,0.42
2021-07-10,0.0,28.41,68.06,19.44,3.02,0.41
2021-07-11,0.0,28.02,68.18,19.65,3.53,0.41
2021-07-12,0.0,27.31,69.02,19.68,3.34,0.41
2021-07-13,0.0,26.98,68.47,21.12,2.61,0.41
2021-07-14,0.0,27.15,70.13,20.4,3.76,0.4
2021-07-15,0.11,27.35,71.47,17.07,3.77,0.4
2021-07-16,0.0,27.22,72.23,19.68,3.83,0.4
2021-07-17,0.01,27.46,69.53,17.19,2.97,0.4
2021-07-18,0.0,27.85,66.63,20.56,2.45,0.39
2021-07-19,0.0,28.09,65.49,20.83,2.18,0.39
2021-07-20,0.05,27.9,68.8,19.82,2.5,0.39
2021-07-21,0.12,27.76,68.54,19.86,2.63,0.39
2021-07-22,0.02,27.36,69.71,20.35,1.75,0.38
2021-07-23,0.0,26.92,72.59,20.6,2.6,0.38
2021-07-24,0.0,27.13,64.61,21.07,2.38,0.38
2021-07-25,0.0,26.77,71.28,21.08,2.13,0.38
2021-07-26,0.0,26.89,69.97,21.73,1.4,0.37
2021-07-27,0.0,27.22,70.09,20.95,2.24,0.37
2021-07-28,0.0,27.77,68.5,20.24,2.31,0.37
2021-07-29,0.0,27.56,70.22,21.28,2.75,0.36
2021-07-30,0.0,27.45,71.65,20.5,2.09,0.36
2021-07-31,1.64,27.09,77.73,17.59,4.11,0.36
2021-08-01,0.58,27.75,73.84,19.04,3.16,0.36
2021-08-02,0.22,28.02,71.56,20.01,2.42,0.36
2021-08-03,0.19,28.21,69.74,21.17,2.29,0.36
2021-08-04,0.22,28.35,69.54,20.15,2.18,0.36
2021-08-05,0.41,28.22,67.31,21.55,2.87,0.35
2021-08-06,0.06,28.12,62.12,19.49,3.17,0.35
2021-08-07,0.05,27.93,62.68,19.95,3.43,0.35
2021-08-08,0.01,27.23,64.34,20.55,3.19,0.35
2021-08-09,0.0,27.11,65.25,22.29,2.15,0.34
2021-08-10,0.02,27.38,68.13,22.15,1.93,0.34
2021-08-11,0.13,27.69,71.32,21.29,2.17,0.34
2021-08-12,0.44,28.14,72.76,22.66,2.53,0.34
2021-08-13,0.14,28.17,71.76,22.78,3.21,0.34
2021-08-14,0.04,28.0,65.14,23.06,3.08,0.34
2021-08-15,0.02,27.75,66.05,22.6,3.16,0.33
2021-08-16,0.17,28.11,70.8,19.6,3.76,0.33
2021-08-17,0.02,27.89,68.93,21.68,2.79,0.33
2021-08-18,0.0,28.03,65.14,22.45,2.17,0.33
2021-08-19,0.0,28.19,67.47,22.72,2.02,0.33
2021-08-20,0.18,28.0,68.93,22.81,2.05,0.33
2021-08-21,0.88,27.89,70.08,22.53,2.29,0.33
2021-08-22,0.27,27.54,65.47,22.62,2.44,0.33
2021-08-23,0.0,27.62,67.3,23.48,1.67,0.33
2021-08-24,0.0,27.9,69.14,23.4,2.58,0.33
2021-08-25,0.23,27.93,70.25,22.05,2.51,0.33
2021-08-26,0.45,28.15,69.49,23.0,2.41,0.33
2021-08-27,0.78,28.52,65.13,19.82,2.7,0.33
2021-08-28,0.5,28.5,67.0,20.3,2.56,0.33
2021-08-29,0.21,28.57,64.52,23.72,2.27,0.33
2021-08-30,0.06,28.33,64.63,23.93,2.16,0.33
2021-08-31,0.0,28.22,66.17,24.23,1.71,0.33
2021-09-01,0.0,28.36,67.57,24.29,1.79,0.33
2021-09-02,0.05,28.47,69.73,23.26,2.16,0.33
2021-09-03,2.8,28.29,73.79,20.35,2.15,0.33
2021-09-04,5.04,27.95,75.49,21.59,1.9,0.34
2021-09-05,1.84,28.08,73.91,22.92,1.76,0.34
2021-09-06,1.09,28.36,68.67,22.35,2.23,0.34
2021-09-07,2.97,28.26,68.39,23.62,4.07,0.34
2021-09-08,0.25,28.26,64.86,23.34,4.39,0.34
2021-09-09,1.52,28.21,69.53,22.17,3.99,0.34
2021-09-10,1.94,28.09,71.69,18.02,2.72,0.34
2021-09-11,1.06,27.98,71.67,23.82,2.62,0.34
2021-09-12,1.61,27.94,73.41,21.91,1.6,0.34
2021-09-13,0.39,28.29,71.19,22.35,1.34,0.34
2021-09-14,0.06,28.54,70.09,25.19,1.16,0.33
2021-09-15,0.14,28.58,71.48,24.08,2.27,0.33
2021-09-16,0.21,28.78,69.93,25.32,1.62,0.33
2021-09-17,0.35,28.75,67.48,24.47,1.48,0.33
2021-09-18,0.0,28.63,63.48,24.37,2.91,0.33
2021-09-19,0.6,28.58,63.97,22.65,2.47,0.33
2021-09-20,1.83,28.28,64.65,20.36,2.53,0.33
2021-09-21,0.08,28.49,67.58,23.37,2.79,0.33
2021-09-22,1.74,28.59,69.27,21.25,2.85,0.33
2021-09-23,0.42,28.56,64.32,22.39,2.78,0.33
2021-09-24,0.2,28.33,65.8,19.0,0.97,0.33
2021-09-25,0.13,28.11,66.06,14.9,0.71,0.33
2021-09-26,0.16,28.59,66.76,23.55,1.06,0.33
2021-09-27,0.1,28.65,66.08,24.08,1.26,0.33
2021-09-28,0.06,28.68,67.57,24.93,1.39,0.33
2021-09-29,0.07,28.82,69.08,25.81,1.56,0.33
2021-09-30,0.04,28.78,70.66,26.38,1.53,0.33
2021-10-01,0.06,29.03,68.96,26.72,1.82,0.33
2021-10-02,0.18,28.52,73.39,24.26,2.65,0.33
2021-10-03,0.1,28.39,71.14,26.12,4.68,0.33
2021-10-04,0.0,28.12,74.08,25.42,5.39,0.33
2021-10-05,0.02,27.61,76.4,24.59,5.41,0.33
2021-10-06,0.03,27.82,75.52,23.99,4.4,0.33
2021-10-07,0.02,28.42,72.51,25.6,3.59,0.33
2021-10-08,0.46,28.6,74.38,25.44,3.91,0.33
2021-10-09,0.55,28.58,74.74,25.76,3.87,0.33
2021-10-10,0.34,28.69,73.49,25.28,3.97,0.33
2021-10-11,0.28,28.51,74.51,26.14,4.28,0.33
2021-10-12,0.27,28.61,73.25,25.35,3.66,0.33
2021-10-13,0.14,28.93,72.64,23.3,1.88,0.33
2021-10-14,6.12,28.94,71.57,17.2,1.14,0.33
2021-10-15,9.69,27.84,78.18,18.04,1.9,0.36
2021-10-16,2.7,28.68,74.74,25.93,0.68,0.36
2021-10-17,3.44,28.86,73.97,23.13,0.96,0.36
2021-10-18,1.06,29.5,70.15,25.32,1.77,0.36
2021-10-19,0.84,29.49,72.47,23.69,2.12,0.36
2021-10-20,0.39,28.91,77.41,22.4,4.38,0.36
2021-10-21,0.7,29.25,72.92,25.43,3.87,0.35
2021-10-22,0.15,28.76,75.62,23.85,4.15,0.35
2021-10-23,0.68,28.64,75.05,23.87,2.2,0.35
2021-10-24,0.63,29.17,68.72,25.07,0.82,0.35
2021-10-25,1.65,28.97,71.35,23.01,1.39,0.35
2021-10-26,1.15,29.25,71.03,21.02,1.2,0.35
2021-10-27,0.72,29.64,69.93,23.64,1.21,0.35
2021-10-28,0.68,29.51,70.46,25.51,1.15,0.35
2021-10-29,0.89,29.85,68.62,24.95,0.47,0.34
2021-10-30,2.77,28.92,75.38,22.38,1.18,0.35
2021-10-31,4.79,28.65,75.05,22.12,1.82,0.35
2021-11-01,1.95,29.17,70.95,24.43,1.19,0.36
2021-11-02,1.2,29.36,69.77,26.13,0.77,0.35
2021-11-03,5.61,28.59,76.27,20.14,1.34,0.36
2021-11-04,5.48,28.97,75.45,22.68,1.25,0.37
2021-11-05,0.73,29.65,71.86,24.05,1.19,0.37
2021-11-06,2.87,29.42,72.97,22.34,1.43,0.37
2021-11-07,2.2,29.63,72.33,21.44,2.13,0.37
2021-11-08,2.9,29.35,72.44,18.34,1.26,0.37
2021-11-09,0.57,29.17,73.23,23.59,0.75,0.37
2021-11-10,2.29,29.5,73.31,22.19,2.12,0.37
2021-11-11,3.24,29.55,71.74,22.91,1.06,0.38
2021-11-12,6.44,29.21,73.69,18.95,2.01,0.39
2021-11-13,48.28,28.35,81.63,9.42,2.09,0.42
2021-11-14,8.34,28.24,78.37,16.64,2.17,0.48
2021-11-15,21.33,28.24,76.39,19.99,1.46,0.5
2021-11-16,29.59,28.05,75.23,17.66,1.05,0.55
2021-11-17,0.92,28.47,72.65,22.98,1.12,0.55
2021-11-18,6.8,28.82,72.9,23.15,1.37,0.55
2021-11-19,5.1,28.5,78.79,20.11,2.65,0.55
2021-11-20,19.63,28.53,78.76,22.94,1.43,0.57
2021-11-21,22.65,27.85,82.51,18.96,1.95,0.61
2021-11-22,2.12,28.55,75.75,25.11,1.21,0.62
2021-11-23,0.35,29.07,71.4,15.94,0.87,0.61
2021-11-24,3.07,29.02,74.93,23.58,1.62,0.6
2021-11-25,3.07,28.88,78.19,22.62,1.96,0.6
2021-11-26,3.72,28.75,79.44,22.1,1.98,0.6
2021-11-27,2.07,28.6,78.64,21.31,1.45,0.6
2021-11-28,2.65,28.45,75.9,19.88,1.51,0.6
2021-11-29,3.42,28.16,78.01,14.2,2.15,0.6
2021-11-30,0.91,28.4,79.18,24.19,2.44,0.6
2021-12-01,0.5,28.45,73.02,18.15,2.67,0.59
2021-12-02,0.39,29.43,69.83,21.27,1.79,0.59
2021-12-03,0.85,29.48,73.38,20.46,2.04,0.58
2021-12-04,10.37,28.47,79.3,14.85,2.29,0.58
2021-12-05,13.84,27.94,80.37,18.21,2.41,0.6
2021-12-06,21.05,28.11,81.34,19.45,2.7,0.64
2021-12-07,3.11,28.31,79.7,19.83,3.04,0.64
2021-12-08,10.51,28.28,78.03,10.65,2.61,0.65
2021-12-09,5.04,28.26,79.39,21.06,2.25,0.65
2021-12-10,5.73,28.49,81.31,17.01,2.4,0.66
2021-12-11,3.67,28.51,80.03,23.68,2.12,0.66
2021-12-12,2.88,28.42,80.05,20.61,2.37,0.66
2021-12-13,0.71,28.53,78.64,20.96,1.74,0.66
2021-12-14,0.18,29.03,75.2,25.52,1.06,0.65
2021-12-15,0.04,29.41,72.74,25.6,0.97,0.64
2021-12-16,0.08,29.65,76.86,26.52,2.58,0.63
2021-12-17,0.62,29.43,80.02,26.46,2.57,0.62
2021-12-18,11.3,29.16,78.75,21.79,1.16,0.62
2021-12-19,13.96,28.22,80.65,20.43,2.0,0.65
2021-12-20,4.73,28.72,78.17,24.68,2.24,0.65
2021-12-21,13.13,28.55,78.94,15.15,3.17,0.65
2021-12-22,13.04,28.57,81.8,15.18,3.96,0.68
2021-12-23,16.91,28.24,79.41,16.62,3.32,0.69
2021-12-24,21.22,28.13,76.52,20.0,3.97,0.72
2021-12-25,18.9,27.97,77.02,4.63,4.95,0.75
2021-12-26,30.75,28.1,79.66,12.91,4.02,0.76
2021-12-27,46.52,28.44,79.03,16.03,4.51,0.83
2021-12-28,3.98,28.02,80.99,18.62,3.81,0.84
2021-12-29,6.32,27.94,81.94,19.41,3.73,0.83
2021-12-30,7.78,27.66,82.42,13.99,3.56,0.84
2021-12-31,6.48,27.84,81.35,15.42,3.15,0.84
2022-01-01,12.92,27.95,80.18,17.62,3.82,0.84
2022-01-02,10.07,28.01,79.94,22.41,2.26,0.85
2022-01-03,2.59,28.0,81.39,21.38,2.52,0.85
2022-01-04,9.74,27.48,84.99,13.86,3.35,0.85
2022-01-05,14.56,26.92,85.04,8.41,3.08,0.86
2022-01-06,3.03,27.37,80.22,22.33,2.59,0.86
2022-01-07,3.11,27.89,75.57,22.48,2.08,0.86
2022-01-08,1.44,27.9,78.76,21.85,2.45,0.85
2022-01-09,5.33,27.83,80.02,23.23,2.13,0.85
2022-01-10,3.43,28.08,78.59,23.17,1.9,0.85
2022-01-11,6.16,28.08,78.27,23.3,1.82,0.85
2022-01-12,2.88,28.54,78.83,24.53,2.66,0.85
2022-01-13,2.9,28.33,82.15,16.82,4.02,0.84
2022-01-14,19.94,28.4,83.23,18.76,4.96,0.86
2022-01-15,16.79,28.03,82.43,17.08,5.33,0.88
2022-01-16,20.96,27.73,84.19,15.92,5.25,0.89
2022-01-17,21.2,27.49,84.54,11.23,4.14,0.91
2022-01-18,5.18,27.66,80.51,18.02,3.14,0.91
2022-01-19,25.08,27.22,81.71,5.58,3.53,0.92
2022-01-20,11.42,27.49,79.48,16.98,5.61,0.93
2022-01-21,8.91,27.71,77.11,21.32,4.29,0.93
2022-01-22,7.27,28.09,78.58,21.34,3.37,0.93
2022-01-23,7.69,28.17,81.35,22.76,4.21,0.93
2022-01-24,4.91,28.29,81.85,23.87,3.65,0.93
2022-01-25,14.89,28.32,83.08,18.9,5.22,0.93
2022-01-26,14.3,28.18,82.46,15.34,5.27,0.93
2022-01-27,16.79,28.18,83.66,10.34,5.11,0.94
2022-01-28,11.46,27.5,83.18,18.41,3.62,0.95
2022-01-29,3.32,27.24,82.39,20.94,3.95,0.94
2022-01-30,6.98,27.29,83.3,16.59,4.79,0.94
2022-01-31,13.01,27.96,81.65,18.62,5.55,0.94
2022-02-01,9.11,28.03,81.03,19.2,5.95,0.95
2022-02-02,3.05,28.02,81.25,24.26,3.92,0.94
2022-02-03,11.14,27.96,82.41,18.22,4.5,0.93
2022-02-04,30.97,27.56,85.0,16.53,4.73,0.95
2022-02-05,6.12,27.82,83.27,19.28,4.15,0.96
2022-02-06,1.57,27.82,82.75,22.39,3.06,0.95
2022-02-07,2.03,28.08,79.24,24.46,1.79,0.94
2022-02-08,4.25,27.62,82.95,21.58,2.46,0.94
2022-02-09,3.65,27.54,81.39,19.22,2.1,0.94
2022-02-10,16.84,27.25,85.3,15.35,2.6,0.94
2022-02-11,6.28,27.09,83.73,20.54,1.67,0.95
2022-02-12,15.24,27.21,82.12,10.91,2.45,0.95
2022-02-13,4.06,27.17,84.08,19.95,2.37,0.95
2022-02-14,2.18,27.85,79.14,26.43,2.32,0.95
2022-02-15,0.54,27.91,79.11,27.3,1.73,0.94
2022-02-16,0.78,27.95,76.62,24.88,1.34,0.93
2022-02-17,0.43,28.91,71.16,26.39,1.27,0.92
2022-02-18,5.82,28.62,78.09,26.36,2.35,0.92
2022-02-19,2.67,28.06,82.11,13.92,3.44,0.92
2022-02-20,5.97,27.99,83.67,21.79,3.36,0.91
2022-02-21,25.32,27.14,85.19,9.0,3.44,0.92
2022-02-22,21.41,26.85,82.02,16.57,3.58,0.95
2022-02-23,39.25,26.5,85.62,5.82,3.79,0.97
2022-02-24,41.6,27.51,78.59,9.95,3.98,0.98
2022-02-25,34.09,27.29,81.92,9.21,4.76,1.0
2022-02-26,25.55,27.4,80.29,14.62,5.62,1.0
2022-02-27,6.25,27.72,80.34,19.77,5.78,0.99
2022-02-28,4.99,27.8,81.5,22.26,5.43,0.98
2022-03-01,3.82,27.85,82.06,21.24,4.16,0.98
2022-03-02,6.8,27.87,82.57,18.15,3.66,0.97
2022-03-03,1.12,28.06,81.6,21.08,3.19,0.97
2022-03-04,1.48,28.05,81.98,23.48,2.47,0.96
2022-03-05,1.77,28.05,83.19,21.26,2.6,0.96
2022-03-06,0.43,28.21,80.32,24.8,2.07,0.95
2022-03-07,4.41,27.79,83.28,22.12,2.65,0.95
2022-03-08,4.99,27.07,83.2,15.37,3.53,0.95
2022-03-09,1.32,27.66,81.14,24.43,1.9,0.94
2022-03-10,0.82,28.03,78.17,24.35,1.5,0.93
2022-03-11,0.94,28.55,77.16,24.64,1.64,0.93
2022-03-12,4.16,28.58,79.35,25.24,2.11,0.92
2022-03-13,5.32,28.38,80.75,20.98,1.31,0.92
2022-03-14,2.51,28.6,77.35,23.22,1.12,0.92
2022-03-15,1.98,28.54,76.42,23.95,1.05,0.91
2022-03-16,2.09,28.62,78.2,21.39,1.37,0.91
2022-03-17,4.07,28.78,78.58,21.09,1.68,0.9
2022-03-18,21.71,28.09,83.14,11.13,3.5,0.91
2022-03-19,11.78,27.52,80.57,9.29,2.63,0.93
2022-03-20,0.21,29.04,68.24,23.71,0.95,0.92
2022-03-21,0.65,28.59,77.96,23.57,2.32,0.91
2022-03-22,0.41,28.21,79.62,22.32,2.6,0.91
2022-03-23,1.27,28.29,80.46,21.51,3.04,0.9
2022-03-24,0.5,27.93,79.45,19.36,1.97,0.9
2022-03-25,1.09,27.88,80.31,21.63,2.04,0.89
2022-03-26,1.09,27.97,79.05,23.68,2.07,0.89
2022-03-27,2.73,27.9,79.14,23.35,1.95,0.88
2022-03-28,5.65,27.65,79.68,16.17,1.78,0.88
2022-03-29,4.14,26.82,81.56,17.8,1.54,0.88
2022-03-30,3.77,27.57,75.98,21.43,0.63,0.88
2022-03-31,2.4,27.53,77.04,20.34,1.41,0.88
2022-04-01,0.96,28.04,74.2,23.88,1.38,0.87
2022-04-02,0.06,28.13,75.47,24.33,1.52,0.86
2022-04-03,0.01,28.19,75.16,22.53,1.79,0.85
2022-04-04,0.01,28.17,76.63,22.43,2.4,0.84
2022-04-05,0.22,28.12,78.67,20.88,2.2,0.83
2022-04-06,1.0,28.17,78.73,22.98,2.59,0.82
2022-04-07,2.35,28.49,78.76,21.89,2.85,0.82
2022-04-08,0.33,28.48,78.8,20.08,2.14,0.81
2022-04-09,0.07,28.49,77.08,24.02,2.3,0.8
2022-04-10,0.04,28.8,72.22,21.59,1.77,0.79
2022-04-11,0.11,28.18,78.93,23.97,2.6,0.79
2022-04-12,0.16,28.25,77.89,22.31,1.99,0.78
2022-04-13,1.1,28.02,80.4,20.95,2.34,0.77
2022-04-14,3.44,28.1,79.05,17.14,1.36,0.77
2022-04-15,3.16,28.2,79.29,18.49,0.87,0.77
2022-04-16,2.78,27.94,80.34,21.7,1.62,0.77
2022-04-17,5.83,27.81,83.38,14.83,2.1,0.77
2022-04-18,2.46,27.89,81.62,18.03,2.49,0.78
2022-04-19,10.79,27.41,81.41,18.61,1.55,0.78
2022-04-20,0.3,28.75,72.51,19.84,0.88,0.78
2022-04-21,0.54,28.65,77.81,21.38,1.95,0.78
2022-04-22,0.74,28.35,80.82,19.33,2.22,0.77
2022-04-23,0.33,28.92,74.29,22.77,2.29,0.77
2022-04-24,0.03,28.84,74.1,23.25,1.6,0.76
2022-04-25,0.0,28.52,72.41,21.53,1.73,0.75
2022-04-26,0.0,28.58,70.02,23.1,1.36,0.74
2022-04-27,0.0,28.45,70.78,21.67,1.6,0.73
2022-04-28,0.04,28.54,69.82,21.89,1.04,0.72
2022-04-29,0.03,28.68,74.8,22.11,2.14,0.71
2022-04-30,0.17,28.97,72.8,21.59,2.23,0.7
2022-05-01,0.63,28.94,73.22,22.05,1.99,0.7
2022-05-02,0.02,29.15,72.38,22.41,3.04,0.69
2022-05-03,0.06,28.44,76.36,16.33,2.1,0.68
2022-05-04,0.06,28.74,75.56,20.37,2.34,0.67
2022-05-05,0.21,29.0,73.32,19.12,1.63,0.66
2022-05-06,2.54,28.74,76.96,18.1,2.7,0.66
2022-05-07,7.27,28.9,78.52,20.03,3.48,0.66
2022-05-08,8.48,28.63,78.67,21.06,3.68,0.67
2022-05-09,0.01,28.34,75.07,20.7,3.35,0.66
2022-05-10,0.0,28.16,73.95,19.55,2.51,0.65
2022-05-11,0.0,28.3,75.45,19.22,1.46,0.64
2022-05-12,0.01,28.82,73.64,18.11,0.96,0.64
2022-05-13,0.11,28.55,78.11,19.61,1.57,0.63
2022-05-14,0.06,28.53,77.29,19.53,1.9,0.62
2022-05-15,0.08,28.49,75.96,19.97,1.58,0.61
2022-05-16,0.23,28.55,76.33,20.07,1.19,0.61
2022-05-17,0.31,28.51,77.76,19.18,1.99,0.6
2022-05-18,0.76,28.67,74.38,18.34,2.42,0.6
2022-05-19,0.43,28.68,74.84,18.28,2.49,0.59
2022-05-20,0.02,28.59,72.85,20.57,3.12,0.59
2022-05-21,0.1,28.8,71.74,21.15,3.23,0.58
2022-05-22,0.17,28.74,71.97,20.3,3.23,0.57
2022-05-23,0.05,28.91,71.95,20.53,3.07,0.56
2022-05-24,1.18,28.56,75.36,12.12,2.41,0.56
2022-05-25,5.66,28.43,76.99,15.31,1.84,0.56
2022-05-26,2.88,28.38,75.58,17.25,1.47,0.57
2022-05-27,0.25,28.38,72.34,13.95,1.97,0.56
2022-05-28,0.06,28.32,71.63,15.37,2.02,0.56
2022-05-29,0.05,28.58,69.46,15.24,1.05,0.55
2022-05-30,0.31,28.34,74.19,13.6,1.33,0.54
2022-05-31,1.44,28.23,76.84,17.53,1.49,0.54
2022-06-01,3.28,28.19,78.07,18.48,1.31,0.54
2022-06-02,2.33,28.1,76.48,19.06,1.57,0.54
2022-06-03,8.11,27.8,79.27,15.21,1.11,0.55
2022-06-04,4.9,27.76,77.73,17.42,1.6,0.56
2022-06-05,1.09,27.79,75.74,19.09,1.07,0.56
2022-06-06,2.13,27.76,79.07,19.82,1.53,0.56
2022-06-07,2.52,28.02,76.41,18.6,1.63,0.56
2022-06-08,1.48,28.42,75.23,18.33,2.19,0.55
2022-06-09,8.66,27.95,81.19,6.19,3.26,0.56
2022-06-10,1.35,28.0,77.4,17.79,3.63,0.57
2022-06-11,0.02,28.21,71.12,17.88,4.0,0.56
2022-06-12,0.03,27.94,70.97,18.52,2.94,0.55
2022-06-13,0.02,27.99,67.86,18.63,2.25,0.55
2022-06-14,10.46,27.95,74.71,19.49,2.94,0.54
2022-06-15,32.68,27.82,76.75,18.64,2.4,0.61
2022-06-16,0.36,28.09,74.98,17.74,3.06,0.6
2022-06-17,0.08,27.69,75.33,19.71,3.25,0.6
2022-06-18,0.15,28.0,74.63,19.79,2.56,0.59
2022-06-19,0.28,27.95,75.07,18.38,2.75,0.58
2022-06-20,0.09,27.44,71.78,17.59,2.1,0.57
2022-06-21,0.01,27.67,71.53,19.97,2.72,0.57
2022-06-22,0.05,27.99,73.08,19.43,4.06,0.56
2022-06-23,0.0,27.55,72.1,16.46,3.97,0.56
2022-06-24,0.53,27.19,74.69,15.79,3.44,0.55
2022-06-25,0.61,27.33,75.73,14.63,2.71,0.55
2022-06-26,7.83,27.39,74.39,15.72,2.9,0.54
2022-06-27,10.65,26.69,78.87,12.88,4.14,0.57
2022-06-28,1.04,27.17,79.26,18.65,3.55,0.56
2022-06-29,5.97,26.9,81.1,13.81,3.14,0.56
2022-06-30,21.92,26.49,87.35,9.35,4.15,0.59
2022-07-01,3.73,26.87,82.85,15.41,3.48,0.61
2022-07-02,0.72,27.44,80.31,16.91,2.46,0.6
2022-07-03,0.53,27.6,78.37,16.05,3.08,0.6
2022-07-04,0.37,27.19,78.74,16.69,3.27,0.59
2022-07-05,0.08,26.59,73.8,18.09,3.72,0.58
2022-07-06,0.0,25.62,70.79,19.54,4.38,0.57
2022-07-07,0.0,25.98,66.25,18.95,2.55,0.57
2022-07-08,0.01,26.13,74.3,16.51,2.78,0.56
2022-07-09,0.03,26.9,75.14,15.78,2.36,0.55
2022-07-10,0.07,27.29,74.58,17.87,3.17,0.55
2022-07-11,0.01,26.77,74.7,15.79,3.32,0.54
2022-07-12,0.02,26.63,73.94,19.11,3.27,0.54
2022-07-13,0.0,26.28,69.31,19.81,2.83,0.53
2022-07-14,0.01,26.76,69.56,18.09,2.91,0.53
2022-07-15,0.0,26.57,69.66,19.29,3.01,0.52
2022-07-16,0.0,26.71,69.82,15.9,3.12,0.52
2022-07-17,0.0,26.67,71.02,20.05,2.39,0.51
2022-07-18,0.0,26.31,72.07,20.62,2.55,0.51
2022-07-19,0.0,26.23,65.47,20.04,2.69,0.5
2022-07-20,0.0,26.52,69.06,20.53,1.88,0.5
2022-07-21,0.08,26.87,73.36,19.4,2.58,0.49
2022-07-22,0.31,27.07,69.85,20.69,2.85,0.49
2022-07-23,0.02,26.57,67.58,21.33,2.31,0.48
2022-07-24,0.0,26.1,61.77,21.21,1.76,0.48
2022-07-25,0.01,26.25,69.49,18.27,2.41,0.47
2022-07-26,0.0,26.97,70.93,21.38,2.1,0.47
2022-07-27,0.05,26.98,69.23,21.16,3.45,0.47
2022-07-28,0.22,26.91,65.62,21.55,3.77,0.46
2022-07-29,0.02,26.67,63.87,20.62,2.99,0.46
2022-07-30,0.02,27.04,66.2,20.16,2.15,0.46
2022-07-31,0.05,27.1,71.43,20.08,2.08,0.45
2022-08-01,0.03,27.77,72.42,19.97,1.93,0.45
2022-08-02,0.02,27.78,71.58,21.32,2.08,0.44
2022-08-03,0.01,27.47,71.29,21.63,1.56,0.44
2022-08-04,0.01,26.67,73.8,22.11,3.66,0.44
2022-08-05,0.0,26.17,74.9,21.68,3.83,0.43
2022-08-06,0.0,26.53,73.74,20.58,3.48,0.43
2022-08-07,0.08,26.82,77.61,16.06,2.74,0.43
2022-08-08,0.28,27.44,72.51,19.81,1.41,0.42
2022-08-09,0.41,27.83,72.89,21.26,2.49,0.42
2022-08-10,4.56,27.71,74.9,17.82,3.25,0.42
2022-08-11,8.04,27.67,74.93,13.69,3.19,0.43
2022-08-12,12.67,27.55,77.42,15.17,2.93,0.46
2022-08-13,1.14,28.02,73.39,19.11,2.31,0.45
2022-08-14,0.3,27.96,70.58,21.35,3.08,0.45
2022-08-15,0.08,27.54,68.18,22.08,2.62,0.44
2022-08-16,0.23,27.34,64.85,20.94,2.03,0.44
2022-08-17,0.64,27.24,69.96,16.13,2.42,0.44
2022-08-18,0.05,27.27,69.58,21.01,2.1,0.43
2022-08-19,0.11,26.8,61.5,23.06,2.95,0.43
2022-08-20,0.0,26.63,64.65,23.52,4.06,0.42
2022-08-21,0.0,27.01,65.9,23.12,3.92,0.42
2022-08-22,0.0,26.85,65.05,23.23,3.54,0.42
2022-08-23,0.0,27.05,64.93,23.64,3.01,0.41
2022-08-24,0.03,27.32,65.1,21.62,2.62,0.41
2022-08-25,0.06,27.41,67.24,20.48,3.19,0.41
2022-08-26,0.0,27.33,61.65,23.42,2.92,0.4
2022-08-27,0.0,27.6,66.32,22.66,2.12,0.4
2022-08-28,0.01,27.57,69.1,22.79,1.8,0.4
2022-08-29,0.08,27.76,70.83,23.15,1.63,0.39
2022-08-30,0.01,28.14,70.11,23.1,1.84,0.39
2022-08-31,0.18,27.66,75.32,19.16,2.45,0.39
2022-09-01,0.05,28.07,72.21,23.45,1.2,0.38
2022-09-02,0.07,28.17,71.31,24.51,1.94,0.38
2022-09-03,0.29,28.25,71.84,23.56,1.8,0.38
2022-09-04,1.02,28.3,73.18,23.13,1.96,0.38
2022-09-05,1.45,28.06,72.03,23.19,0.82,0.38
2022-09-06,2.54,27.56,73.11,19.05,1.04,0.38
2022-09-07,0.55,27.95,70.45,19.8,0.83,0.38
2022-09-08,0.19,28.33,70.79,22.66,1.53,0.37
2022-09-09,0.12,28.21,69.9,23.89,0.75,0.37
2022-09-10,0.07,27.87,72.02,23.79,2.51,0.37
2022-09-11,0.12,27.79,73.37,22.61,2.05,0.36
2022-09-12,0.07,28.24,70.53,25.34,1.37,0.36
2022-09-13,0.7,28.23,71.58,25.23,1.66,0.36
2022-09-14,0.55,28.4,67.88,22.88,1.9,0.36
2022-09-15,0.11,28.41,68.69,20.79,1.78,0.35
2022-09-16,0.15,27.98,75.79,24.05,2.99,0.35
2022-09-17,0.01,28.17,74.02,21.33,2.03,0.35
2022-09-18,0.18,28.33,71.4,23.47,1.74,0.35
2022-09-19,0.25,28.68,69.5,21.95,1.25,0.34
2022-09-20,1.66,28.36,72.76,21.4,3.27,0.34
2022-09-21,1.42,28.68,73.27,23.79,1.75,0.34
2022-09-22,3.66,28.43,74.46,23.89,1.79,0.35
2022-09-23,0.35,28.95,70.8,24.75,1.92,0.35
2022-09-24,0.07,29.08,67.62,24.53,1.64,0.34
2022-09-25,0.09,28.97,68.83,23.27,2.68,0.34
2022-09-26,0.0,28.66,70.83,25.61,3.45,0.34
2022-09-27,0.02,28.72,70.74,22.14,2.0,0.33
2022-09-28,0.16,29.08,70.36,23.31,1.22,0.33
2022-09-29,1.06,29.19,71.35,23.07,2.41,0.33
2022-09-30,1.24,28.98,68.86,22.72,1.45,0.33
2022-10-01,1.85,28.9,72.08,21.2,2.52,0.34
2022-10-02,1.91,28.74,73.43,25.03,2.94,0.34
2022-10-03,1.52,28.65,69.09,22.29,1.99,0.34
2022-10-04,0.93,28.3,75.98,22.26,2.33,0.34
2022-10-05,2.55,28.5,74.18,21.77,1.31,0.34
2022-10-06,1.69,28.53,73.91,20.9,1.48,0.34
2022-10-07,0.31,29.31,71.55,25.88,1.92,0.34
2022-10-08,1.06,29.47,70.31,23.84,1.45,0.34
2022-10-09,6.61,29.32,70.18,25.17,1.23,0.34
2022-10-10,8.13,28.76,75.26,23.75,1.5,0.36
2022-10-11,4.72,28.63,74.03,22.46,1.25,0.36
2022-10-12,5.02,28.47,76.07,21.94,2.57,0.37
2022-10-13,0.75,28.36,76.41,21.84,3.75,0.37
2022-10-14,0.73,28.53,73.95,24.51,2.45,0.37
2022-10-15,2.13,29.23,71.45,23.73,1.85,0.37
2022-10-16,4.29,29.3,71.3,22.18,1.7,0.37
2022-10-17,6.26,28.83,75.03,18.08,1.53,0.38
2022-10-18,7.98,28.42,77.09,18.62,1.61,0.39
2022-10-19,1.67,29.07,70.99,20.22,1.33,0.39
2022-10-20,0.1,29.58,67.05,23.07,1.17,0.39
2022-10-21,0.42,29.1,71.11,25.28,1.56,0.39
2022-10-22,0.37,29.38,72.65,25.54,2.61,0.38
2022-10-23,0.54,29.45,73.22,23.92,3.69,0.38
2022-10-24,0.36,29.15,75.0,26.03,4.0,0.38
2022-10-25,0.24,29.71,71.0,25.31,2.94,0.38
2022-10-26,0.26,29.61,71.43,24.13,2.21,0.37
2022-10-27,0.73,29.68,70.76,21.78,2.37,0.37
2022-10-28,1.02,29.08,74.07,23.27,2.49,0.37
2022-10-29,0.8,28.64,75.83,16.86,3.12,0.37
2022-10-30,0.6,28.12,78.6,21.68,4.87,0.37
2022-10-31,0.22,28.72,71.38,19.92,2.56,0.37
2022-11-01,0.27,29.03,73.51,21.74,2.23,0.37
2022-11-02,0.74,28.96,74.76,23.8,1.75,0.37
2022-11-03,0.42,29.47,69.89,24.72,0.9,0.37
2022-11-04,0.29,29.7,70.5,22.7,1.4,0.36
2022-11-05,1.48,29.17,73.22,23.47,1.61,0.36
2022-11-06,2.72,29.67,67.5,24.74,0.82,0.36
2022-11-07,1.28,29.36,68.94,20.45,0.58,0.36
2022-11-08,4.94,28.21,74.46,18.62,1.95,0.37
2022-11-09,2.37,28.43,76.43,24.21,2.84,0.37
2022-11-10,1.22,28.64,77.27,18.49,2.46,0.37
2022-11-11,1.88,28.83,76.65,20.52,2.74,0.37
2022-11-12,12.55,29.06,76.89,23.1,2.31,0.39
2022-11-13,9.76,28.84,79.34,23.0,2.31,0.41
2022-11-14,4.54,28.28,82.49,22.53,3.08,0.42
2022-11-15,0.87,29.14,77.27,25.4,1.54,0.42
2022-11-16,2.55,29.15,73.12,24.06,1.32,0.42
2022-11-17,0.57,28.77,77.67,23.18,2.91,0.42
2022-11-18,13.83,28.8,78.81,21.73,2.27,0.42
2022-11-19,28.47,27.87,81.21,16.79,2.69,0.47
2022-11-20,8.08,27.78,77.79,19.56,1.85,0.49
2022-11-21,9.96,28.4,75.26,18.1,2.07,0.51
2022-11-22,8.14,28.54,75.69,17.49,2.36,0.51
2022-11-23,3.18,28.64,73.93,21.18,2.04,0.52
2022-11-24,0.32,29.19,67.87,25.17,0.72,0.51
2022-11-25,3.44,28.01,76.38,24.72,1.55,0.51
2022-11-26,3.44,28.38,74.52,20.48,1.42,0.51
2022-11-27,9.56,28.43,75.74,13.29,2.33,0.52
2022-11-28,10.4,28.08,77.92,20.07,2.07,0.54
2022-11-29,12.6,28.41,77.53,23.79,2.38,0.55
2022-11-30,6.33,28.46,78.5,25.16,2.86,0.56
2022-12-01,1.65,27.89,80.42,23.46,2.35,0.56
2022-12-02,0.73,28.42,75.32,26.05,1.62,0.56
2022-12-03,0.1,28.84,71.15,27.24,1.56,0.55
2022-12-04,0.09,29.68,65.68,26.26,0.81,0.54
2022-12-05,0.12,29.62,70.29,27.14,1.83,0.53
2022-12-06,0.09,29.55,71.67,26.65,2.14,0.53
2022-12-07,0.04,29.7,67.5,26.46,1.48,0.52
2022-12-08,0.1,29.62,69.57,25.87,2.27,0.51
2022-12-09,0.06,29.63,69.16,26.6,1.95,0.51
2022-12-10,0.01,29.73,70.86,24.5,2.44,0.5
2022-12-11,0.14,29.94,69.51,25.24,1.47,0.49
2022-12-12,0.11,30.12,64.35,25.31,1.87,0.49
2022-12-13,1.38,29.46,69.96,24.58,1.0,0.48
2022-12-14,3.21,29.09,73.68,17.46,1.61,0.48
2022-12-15,9.77,28.19,77.22,16.42,1.9,0.49
2022-12-16,5.4,28.51,73.56,17.22,2.08,0.5
2022-12-17,15.25,27.58,79.95,16.67,3.05,0.53
2022-12-18,2.32,28.42,73.92,19.76,2.59,0.53
2022-12-19,0.26,28.34,78.55,25.39,3.82,0.52
2022-12-20,0.04,28.92,74.22,22.63,5.12,0.52
2022-12-21,0.0,29.11,70.11,22.67,5.08,0.51
2022-12-22,0.3,29.42,68.51,22.77,2.9,0.5
2022-12-23,21.16,28.89,78.4,17.51,2.38,0.51
2022-12-24,37.5,28.23,82.47,11.72,4.61,0.57
2022-12-25,9.13,27.81,74.69,16.05,4.4,0.6
2022-12-26,39.96,27.68,77.04,14.74,2.8,0.64
2022-12-27,16.75,27.99,77.21,19.27,3.87,0.67
2022-12-28,60.96,27.7,81.15,10.72,4.21,0.71
2022-12-29,33.13,27.69,82.64,15.48,5.79,0.79
2022-12-30,14.24,27.71,83.01,13.06,7.7,0.81
2022-12-31,9.93,27.96,82.71,18.57,7.39,0.81
2023-01-01,6.86,27.66,83.04,17.47,7.63,0.82
2023-01-02,5.41,28.04,82.47,18.37,6.94,0.81
2023-01-03,9.34,27.99,83.44,19.25,7.27,0.82
2023-01-04,6.23,27.96,83.19,20.56,5.55,0.82
2023-01-05,11.69,27.8,84.74,17.42,5.36,0.83
2023-01-06,4.67,27.9,83.95,19.54,4.69,0.83
2023-01-07,2.18,27.74,83.39,22.67,3.48,0.83
2023-01-08,0.95,28.18,79.44,25.2,3.04,0.82
2023-01-09,0.12,28.03,76.26,22.84,2.79,0.81
2023-01-10,0.22,27.97,77.63,26.07,2.93,0.8
2023-01-11,0.96,27.65,80.87,23.24,2.77,0.79
2023-01-12,0.43,27.67,80.1,22.01,2.26,0.79
2023-01-13,0.12,28.39,77.4,24.16,1.88,0.78
2023-01-14,0.29,27.82,82.78,21.95,2.46,0.77
2023-01-15,0.59,28.03,79.71,22.39,2.73,0.77
2023-01-16,6.22,27.72,78.16,17.14,2.98,0.77
2023-01-17,1.31,28.03,80.5,23.63,2.53,0.76
2023-01-18,4.74,27.81,82.19,21.79,2.91,0.76
2023-01-19,17.91,27.55,83.24,19.37,4.2,0.78
2023-01-20,5.86,27.07,82.12,11.62,3.07,0.79
2023-01-21,2.7,28.1,78.62,22.4,3.12,0.79
2023-01-22,0.05,28.02,78.36,22.46,3.25,0.78
2023-01-23,0.01,27.65,76.77,22.33,3.14,0.77
2023-01-24,0.19,28.17,77.96,21.9,3.58,0.76
2023-01-25,3.1,28.05,77.17,20.11,2.09,0.75
2023-01-26,0.83,28.02,81.57,23.12,3.01,0.74
2023-01-27,8.5,27.47,85.63,17.8,3.28,0.74
2023-01-28,3.3,27.88,82.72,20.98,2.83,0.75
2023-01-29,2.8,27.64,83.54,21.02,3.01,0.75
2023-01-30,12.35,27.55,85.0,21.69,3.4,0.75
2023-01-31,14.29,27.26,82.46,10.7,1.6,0.77
2023-02-01,10.07,27.57,84.42,17.66,3.06,0.78
2023-02-02,7.66,27.28,84.32,15.61,3.41,0.79
2023-02-03,28.27,26.64,85.15,7.95,4.22,0.81
2023-02-04,36.64,26.98,83.47,16.32,3.84,0.85
2023-02-05,29.97,26.95,86.17,17.69,4.47,0.89
2023-02-06,8.42,27.4,83.85,10.69,4.77,0.9
2023-02-07,7.81,27.63,81.4,14.22,4.23,0.9
2023-02-08,2.75,27.86,81.85,19.15,3.69,0.89
2023-02-09,7.54,27.41,83.95,11.06,5.32,0.89
2023-02-10,10.46,27.25,84.55,15.19,4.65,0.9
2023-02-11,18.11,27.42,83.85,18.78,3.89,0.9
2023-02-12,19.45,27.82,84.21,18.82,3.8,0.92
2023-02-13,48.32,27.4,80.83,16.34,4.4,0.95
2023-02-14,23.39,27.38,81.81,19.34,5.2,0.97
2023-02-15,18.88,27.4,84.19,18.57,5.39,0.97
2023-02-16,6.92,27.36,83.42,19.95,3.14,0.97
2023-02-17,6.78,27.27,84.33,18.17,2.77,0.97
2023-02-18,5.79,27.58,82.85,18.75,3.32,0.97
2023-02-19,4.78,28.03,81.61,23.42,1.95,0.96
2023-02-20,4.23,27.94,82.4,24.29,2.69,0.96
2023-02-21,11.86,27.46,83.26,20.87,3.83,0.96
2023-02-22,8.24,27.46,83.65,19.82,3.86,0.96
2023-02-23,17.02,27.83,82.92,6.09,4.28,0.96
2023-02-24,38.75,27.77,84.04,18.49,4.7,0.97
2023-02-25,26.22,27.97,83.69,19.89,5.72,0.99
2023-02-26,25.06,27.61,84.04,12.52,7.24,0.99
2023-02-27,18.57,27.59,84.55,18.11,6.0,0.99
2023-02-28,28.9,27.61,83.57,18.14,4.84,0.99
2023-03-01,19.63,27.3,84.62,12.76,5.6,1.0
2023-03-02,13.81,27.24,81.52,16.37,5.75,1.0
2023-03-03,5.09,27.44,79.72,15.23,3.52,0.99
2023-03-04,4.15,27.34,82.13,22.24,3.4,0.98
2023-03-05,9.16,27.59,79.64,20.11,3.36,0.98
2023-03-06,24.26,27.02,85.05,19.67,4.46,0.99
2023-03-07,8.61,27.32,82.81,18.44,2.78,0.99
2023-03-08,1.88,27.8,80.13,20.05,1.81,0.98
2023-03-09,1.35,27.86,81.9,23.7,2.3,0.97
2023-03-10,0.52,27.91,82.11,26.53,2.65,0.96
2023-03-11,0.95,28.23,78.64,25.4,2.11,0.96
2023-03-12,0.93,27.84,79.84,24.57,2.35,0.95
2023-03-13,0.7,27.57,80.21,25.35,2.19,0.94
2023-03-14,0.42,28.23,76.28,25.55,1.97,0.93
2023-03-15,0.5,28.69,75.25,24.84,1.79,0.92
2023-03-16,2.52,28.17,78.11,21.56,1.22,0.91
2023-03-17,5.68,27.64,82.2,22.27,1.36,0.91
2023-03-18,4.16,28.27,76.21,23.84,1.44,0.91
2023-03-19,0.68,28.4,76.59,24.31,1.85,0.91
2023-03-20,2.57,28.44,77.58,24.91,1.55,0.9
2023-03-21,3.74,28.49,75.97,21.77,1.51,0.9
2023-03-22,0.41,28.27,77.22,21.53,1.24,0.89
2023-03-23,0.01,28.47,73.64,20.35,1.4,0.89
2023-03-24,0.15,28.51,77.3,23.98,1.67,0.88
2023-03-25,0.3,28.37,78.68,22.26,1.33,0.88
2023-03-26,0.45,28.55,76.96,22.85,1.16,0.87
2023-03-27,2.1,28.24,79.65,20.86,2.17,0.87
2023-03-28,1.4,28.21,78.9,21.63,1.34,0.86
2023-03-29,5.21,28.26,76.23,19.16,1.09,0.86
2023-03-30,3.14,27.88,78.78,20.2,2.02,0.86
2023-03-31,3.51,27.41,87.8,16.78,5.11,0.86
2023-04-01,4.68,27.75,88.28,21.82,4.91,0.87
2023-04-02,1.26,27.37,83.5,19.76,2.86,0.86
2023-04-03,0.84,28.49,68.53,18.35,0.68,0.86
2023-04-04,0.8,28.57,72.8,21.37,0.92,0.85
2023-04-05,0.39,27.87,78.21,21.4,1.27,0.85
2023-04-06,3.09,27.43,80.28,17.25,1.43,0.85
2023-04-07,4.58,27.71,80.42,18.53,2.25,0.85
2023-04-08,18.97,27.15,79.78,13.62,3.02,0.86
2023-04-09,17.8,27.27,81.66,14.36,4.83,0.88
2023-04-10,9.63,27.86,81.2,16.55,5.35,0.88
2023-04-11,2.21,27.96,82.41,21.24,3.9,0.88
2023-04-12,2.47,27.99,82.01,17.25,3.34,0.87
2023-04-13,15.98,28.19,82.33,14.77,2.46,0.88
2023-04-14,6.16,27.49,84.88,19.37,2.64,0.89
2023-04-15,1.91,27.77,81.52,18.89,1.61,0.88
2023-04-16,1.12,27.58,82.64,18.91,1.1,0.88
2023-04-17,1.15,27.51,82.09,19.59,1.71,0.88
2023-04-18,0.56,28.15,78.46,20.65,1.82,0.87
2023-04-19,0.32,28.03,78.06,20.03,2.56,0.86
2023-04-20,0.08,27.7,73.55,22.69,3.14,0.85
2023-04-21,0.01,27.86,70.23,22.06,2.71,0.84
2023-04-22,0.0,28.04,76.06,23.97,3.39,0.84
2023-04-23,0.56,28.11,78.79,23.1,2.5,0.82
2023-04-24,0.99,27.9,80.99,22.51,3.17,0.82
2023-04-25,1.54,28.09,80.97,20.85,2.1,0.81
2023-04-26,9.28,28.01,84.8,18.54,2.47,0.81
2023-04-27,32.1,28.17,83.8,7.76,2.7,0.84
2023-04-28,14.55,28.12,82.74,20.9,2.48,0.87
2023-04-29,1.79,28.04,79.42,22.32,2.14,0.87
2023-04-30,0.31,27.57,78.5,21.36,2.29,0.86
2023-05-01,0.11,27.88,74.81,22.42,1.4,0.85
2023-05-02,0.11,27.79,77.86,16.51,1.78,0.84
2023-05-03,0.03,28.34,78.4,21.9,3.22,0.83
2023-05-04,0.08,28.21,78.32,21.57,2.99,0.82
2023-05-05,0.13,28.24,74.12,20.21,2.31,0.81
2023-05-06,0.01,28.24,76.12,21.68,2.43,0.8
2023-05-07,2.05,28.3,81.94,21.16,2.75,0.8
2023-05-08,0.3,28.33,81.27,17.99,4.12,0.79
2023-05-09,0.69,27.71,84.0,12.25,2.97,0.79
2023-05-10,0.7,28.06,82.93,19.16,2.9,0.78
2023-05-11,0.12,27.68,78.99,21.47,3.61,0.78
2023-05-12,0.01,27.46,73.93,20.14,3.73,0.77
2023-05-13,0.01,26.96,67.92,21.3,3.23,0.76
2023-05-14,0.0,26.51,74.16,21.59,3.86,0.75
2023-05-15,0.0,26.51,74.71,21.87,3.38,0.74
2023-05-16,0.0,26.79,74.89,21.71,2.51,0.73
2023-05-17,0.0,26.9,75.88,21.94,1.96,0.72
2023-05-18,0.0,27.11,76.74,21.08,2.14,0.72
2023-05-19,0.01,27.17,73.71,20.4,3.29,0.71
2023-05-20,0.0,26.71,72.18,19.74,3.23,0.7
2023-05-21,0.01,26.5,73.27,19.7,3.28,0.69
2023-05-22,0.03,26.55,74.06,20.15,3.72,0.68
2023-05-23,0.01,26.99,73.52,20.53,2.98,0.68
2023-05-24,0.0,27.05,76.46,20.57,2.78,0.67
2023-05-25,0.09,27.17,79.62,18.19,2.77,0.66
2023-05-26,0.19,27.05,73.77,17.97,2.45,0.66
2023-05-27,0.0,26.95,67.62,19.31,2.84,0.65
2023-05-28,0.0,26.85,71.82,20.46,3.39,0.64
2023-05-29,0.01,26.79,75.2,19.08,3.67,0.63
2023-05-30,0.01,27.21,75.64,19.75,3.11,0.63
2023-05-31,0.04,27.28,76.84,13.71,2.99,0.62
2023-06-01,0.03,27.02,75.21,19.53,2.45,0.61
2023-06-02,0.01,26.77,76.44,17.47,1.93,0.6
2023-06-03,0.07,27.12,77.44,19.81,1.74,0.6
2023-06-04,3.43,27.32,80.91,18.55,1.36,0.59
2023-06-05,0.36,27.8,70.7,20.07,2.04,0.59
2023-06-06,0.01,27.6,70.44,19.95,1.97,0.59
2023-06-07,0.03,27.03,73.9,20.6,2.43,0.58
2023-06-08,1.02,27.0,78.58,19.24,2.77,0.57
2023-06-09,22.16,26.99,83.87,9.54,2.32,0.59
2023-06-10,1.74,27.77,77.65,18.01,2.61,0.61
2023-06-11,0.01,27.5,75.13,19.33,3.28,0.6
2023-06-12,0.01,27.04,72.1,20.06,3.67,0.59
2023-06-13,0.01,26.8,70.55,20.02,2.49,0.58
2023-06-14,0.0,26.81,70.65,19.4,2.4,0.58
2023-06-15,0.01,26.88,73.38,19.77,2.6,0.57
2023-06-16,0.01,27.24,70.66,20.4,2.85,0.56
2023-06-17,0.02,26.59,72.99,19.78,2.55,0.56
2023-06-18,0.0,26.81,66.44,18.67,2.46,0.55
2023-06-19,0.0,26.93,68.42,18.51,1.61,0.55
2023-06-20,0.0,27.1,70.4,19.24,1.5,0.54
2023-06-21,0.0,27.23,74.07,17.25,1.92,0.54
2023-06-22,0.08,27.26,73.69,18.22,1.89,0.53
2023-06-23,0.02,27.27,74.4,19.5,1.88,0.53
2023-06-24,0.0,27.13,77.22,19.62,1.98,0.52
2023-06-25,0.17,27.55,76.61,18.92,2.01,0.52
2023-06-26,0.61,28.17,75.84,11.16,2.05,0.51
2023-06-27,0.75,27.68,78.23,18.63,1.85,0.51
2023-06-28,0.28,27.76,77.32,19.11,1.68,0.51
2023-06-29,1.67,27.8,77.45,18.55,1.41,0.5
2023-06-30,4.95,27.99,77.94,10.66,2.55,0.51
2023-07-01,0.52,28.08,76.8,16.77,1.94,0.51
2023-07-02,4.46,27.5,81.68,13.83,2.97,0.51
2023-07-03,8.05,27.32,81.79,12.81,3.44,0.52
2023-07-04,4.2,27.04,81.92,12.48,2.2,0.52
2023-07-05,2.83,27.45,80.04,15.86,1.06,0.52
2023-07-06,0.44,27.88,78.45,14.05,2.97,0.52
2023-07-07,0.05,27.66,76.24,19.47,2.98,0.51
2023-07-08,0.01,27.54,73.63,19.37,2.96,0.5
2023-07-09,0.0,27.33,71.76,19.24,3.51,0.5
2023-07-10,0.0,26.62,68.75,19.33,3.71,0.49
2023-07-11,0.08,26.8,73.4,14.83,3.19,0.49
2023-07-12,0.14,27.55,76.76,16.4,3.7,0.49
2023-07-13,0.02,27.08,76.07,16.96,3.37,0.48
2023-07-14,0.07,26.91,74.76,20.1,3.44,0.48
2023-07-15,0.05,26.72,74.39,20.08,2.3,0.47
2023-07-16,0.03,26.55,74.12,20.04,2.82,0.47
2023-07-17,0.07,27.18,69.64,16.81,3.54,0.47
2023-07-18,0.01,26.84,70.25,18.62,3.32,0.46
2023-07-19,0.07,27.02,70.76,19.62,2.91,0.46
2023-07-20,0.08,26.89,74.5,18.02,2.46,0.46
2023-07-21,0.03,27.05,69.62,20.74,2.86,0.45
2023-07-22,0.05,26.62,67.73,20.7,3.1,0.45
2023-07-23,0.0,26.87,67.56,19.87,3.03,0.44
2023-07-24,0.01,26.6,67.99,19.96,4.38,0.44
2023-07-25,0.03,25.64,69.81,19.28,4.06,0.44
2023-07-26,0.05,25.68,69.21,19.99,3.37,0.43
2023-07-27,0.03,25.97,69.31,21.24,2.43,0.43
2023-07-28,0.03,26.06,74.05,20.76,3.09,0.43
2023-07-29,0.04,26.6,75.06,20.89,2.25,0.42
2023-07-30,0.14,27.31,72.18,18.23,2.84,0.42
2023-07-31,0.0,27.41,69.32,21.54,2.97,0.42
2023-08-01,0.0,27.31,69.44,21.73,3.3,0.42
2023-08-02,0.0,27.2,65.03,22.26,2.76,0.41
2023-08-03,0.01,27.2,70.81,21.22,2.39,0.41
2023-08-04,0.06,27.58,71.08,20.41,3.24,0.41
2023-08-05,0.01,27.67,70.36,21.84,4.44,0.4
2023-08-06,0.01,27.06,64.57,22.36,3.72,0.4
2023-08-07,0.0,26.84,61.9,22.55,3.83,0.4
2023-08-08,0.03,26.63,64.91,22.04,3.81,0.39
2023-08-09,0.01,26.61,67.27,22.46,3.14,0.39
2023-08-10,0.56,26.95,71.19,21.68,3.43,0.39
2023-08-11,1.44,26.96,70.09,16.02,3.17,0.39
2023-08-12,0.06,26.88,68.84,20.26,2.96,0.39
2023-08-13,0.15,27.13,69.5,18.18,2.13,0.38
2023-08-14,0.26,27.14,70.08,21.15,2.31,0.38
2023-08-15,0.27,27.13,70.96,21.5,2.78,0.38
2023-08-16,0.36,26.98,69.35,22.03,1.86,0.38
2023-08-17,0.14,26.92,68.66,20.72,2.14,0.37
2023-08-18,0.06,26.99,67.44,22.39,1.76,0.37
2023-08-19,0.03,27.44,66.12,23.43,2.68,0.37
2023-08-20,0.03,27.18,66.15,22.47,3.96,0.37
2023-08-21,0.04,26.94,57.03,23.65,3.62,0.36
2023-08-22,0.0,26.7,63.25,21.77,2.83,0.36
2023-08-23,0.01,27.11,68.66,22.61,2.7,0.36
2023-08-24,0.01,26.92,68.93,23.45,3.3,0.35
2023-08-25,0.01,27.08,68.7,23.68,3.25,0.35
2023-08-26,0.08,27.32,62.84,23.63,2.23,0.35
2023-08-27,0.0,27.32,62.51,23.86,3.24,0.35
2023-08-28,0.01,27.18,63.61,23.85,3.0,0.34
2023-08-29,0.05,27.23,61.53,23.86,2.2,0.34
2023-08-30,0.01,27.23,60.6,24.08,3.04,0.34
2023-08-31,0.0,26.7,58.47,24.29,2.76,0.34
2023-09-01,0.01,27.07,58.94,24.94,2.89,0.34
2023-09-02,0.0,27.06,58.32,24.81,2.85,0.33
2023-09-03,0.0,26.72,61.8,24.86,2.6,0.33
2023-09-04,0.0,26.87,64.72,23.51,2.06,0.33
2023-09-05,0.0,27.43,65.61,23.39,1.99,0.33
2023-09-06,0.0,27.29,64.75,23.65,2.29,0.33
2023-09-07,0.0,27.21,65.82,24.52,1.67,0.33
2023-09-08,0.0,27.06,65.54,24.38,1.56,0.33
2023-09-09,0.01,27.49,69.45,23.86,1.77,0.33
2023-09-10,0.04,27.84,72.8,23.51,3.17,0.33
2023-09-11,0.06,27.92,71.74,23.91,3.25,0.33
2023-09-12,0.04,28.13,67.36,24.81,2.83,0.33
2023-09-13,0.02,27.84,65.23,24.7,2.75,0.33
2023-09-14,0.12,27.93,66.06,22.06,2.27,0.33
2023-09-15,0.03,27.92,63.59,24.93,3.01,0.33
2023-09-16,0.05,28.05,64.37,23.98,2.67,0.33
2023-09-17,0.7,27.84,64.09,24.18,3.15,0.33
2023-09-18,0.06,27.53,66.09,24.19,2.39,0.33
2023-09-19,0.02,27.53,62.61,25.65,2.68,0.33
2023-09-20,0.0,27.52,58.69,26.14,2.29,0.33
2023-09-21,0.0,27.36,62.89,25.86,1.83,0.33
2023-09-22,0.0,27.68,62.87,25.86,1.4,0.33
2023-09-23,0.0,27.75,70.61,25.34,1.91,0.33
2023-09-24,0.01,27.97,67.69,24.84,1.88,0.33
2023-09-25,0.0,28.41,62.03,24.85,1.53,0.33
2023-09-26,0.0,28.26,65.48,25.57,1.89,0.33
2023-09-27,0.0,28.36,63.54,24.32,1.62,0.33
2023-09-28,0.0,28.43,63.65,25.41,2.35,0.33
2023-09-29,0.0,28.38,61.61,24.13,2.45,0.33
2023-09-30,0.0,28.27,64.12,25.53,2.08,0.33
2023-10-01,0.0,28.47,64.64,23.98,0.97,0.33
2023-10-02,0.0,28.39,67.68,25.27,1.56,0.33
2023-10-03,0.01,28.75,69.56,24.0,1.0,0.32
2023-10-04,0.0,28.84,70.34,25.25,1.45,0.32
2023-10-05,0.01,28.95,70.79,24.22,1.23,0.32
2023-10-06,0.01,28.97,70.17,23.44,2.43,0.32
2023-10-07,0.0,29.1,66.82,24.9,1.79,0.32
2023-10-08,0.01,29.01,66.14,24.7,1.77,0.32
2023-10-09,0.01,29.14,66.86,24.99,1.05,0.32
2023-10-10,0.02,28.95,66.08,24.86,1.14,0.32
2023-10-11,0.11,28.88,68.45,24.77,1.38,0.32
2023-10-12,0.15,29.15,64.43,24.37,2.58,0.32
2023-10-13,0.02,29.13,65.95,25.6,1.75,0.32
2023-10-14,0.01,29.17,66.11,25.46,1.52,0.32
2023-10-15,0.0,29.53,63.27,25.5,1.85,0.32
2023-10-16,0.01,29.47,62.42,25.27,1.24,0.32
2023-10-17,0.02,28.98,65.72,25.5,1.76,0.32
2023-10-18,0.0,29.15,63.25,25.99,2.28,0.32
2023-10-19,0.01,29.26,64.04,25.97,1.55,0.32
2023-10-20,0.06,29.29,66.61,25.79,1.06,0.32
2023-10-21,0.04,29.16,66.54,24.81,0.98,0.32
2023-10-22,0.11,29.14,68.98,25.38,1.55,0.32
2023-10-23,0.07,29.27,67.24,25.78,1.45,0.32
2023-10-24,0.05,29.82,63.53,25.8,0.76,0.32
2023-10-25,0.02,29.69,63.97,26.03,1.39,0.32
2023-10-26,0.01,29.76,65.06,25.92,1.54,0.32
2023-10-27,0.05,29.89,61.25,25.11,1.04,0.32
2023-10-28,0.04,29.82,63.68,24.61,0.76,0.32
2023-10-29,0.01,29.45,67.19,25.12,1.7,0.32
2023-10-30,0.02,29.17,70.18,24.74,1.97,0.32
2023-10-31,0.03,29.48,68.78,25.36,1.11,0.32
2023-11-01,0.07,29.55,66.93,25.76,1.54,0.32
2023-11-02,0.37,29.68,67.54,24.68,1.39,0.32
2023-11-03,0.43,29.63,67.58,25.96,1.16,0.33
2023-11-04,0.11,29.85,66.05,26.22,1.1,0.33
2023-11-05,0.08,29.77,67.73,26.63,1.51,0.33
2023-11-06,0.05,29.78,68.54,25.91,1.41,0.33
2023-11-07,0.59,29.87,66.87,25.09,1.18,0.33
2023-11-08,0.69,29.86,68.4,25.34,1.53,0.33
2023-11-09,1.35,30.11,67.62,25.74,0.8,0.33
2023-11-10,2.05,30.01,68.47,25.67,1.25,0.33
2023-11-11,3.58,29.76,70.23,24.24,0.73,0.34
2023-11-12,5.4,29.82,71.62,24.82,1.94,0.34
2023-11-13,7.72,29.59,74.84,24.79,1.38,0.35
2023-11-14,2.09,29.66,72.75,24.13,2.09,0.35
2023-11-15,2.04,29.4,75.39,22.72,2.93,0.35
2023-11-16,2.24,29.36,75.54,23.95,3.24,0.35
2023-11-17,4.76,29.12,77.45,21.74,3.53,0.35
2023-11-18,1.83,29.29,75.66,23.83,3.1,0.35
2023-11-19,1.93,29.59,73.07,25.59,2.04,0.35
2023-11-20,2.27,29.95,70.5,23.67,1.31,0.35
2023-11-21,0.2,30.26,64.83,26.02,1.79,0.35
2023-11-22,0.01,30.35,60.96,24.94,1.35,0.35
2023-11-23,2.56,30.11,67.64,23.51,1.23,0.35
2023-11-24,0.74,30.18,66.85,22.94,0.82,0.35
2023-11-25,1.15,29.89,69.27,23.14,1.55,0.34
2023-11-26,1.83,29.78,71.93,25.35,1.95,0.34
2023-11-27,2.0,29.11,73.91,20.37,0.68,0.35
2023-11-28,3.04,29.05,76.13,23.06,1.34,0.35
2023-11-29,4.77,29.24,74.8,18.96,0.85,0.36
2023-11-30,1.78,29.11,76.52,23.4,1.49,0.36
2023-12-01,1.32,29.71,74.73,25.47,1.65,0.36
2023-12-02,7.33,29.54,76.04,23.58,1.46,0.36
2023-12-03,2.19,29.18,80.24,25.56,2.33,0.37
2023-12-04,1.84,29.29,78.04,23.74,1.85,0.37
2023-12-05,1.83,29.83,76.65,26.43,2.94,0.37
2023-12-06,1.65,29.76,74.62,23.51,1.26,0.37
2023-12-07,2.79,29.38,76.31,21.53,1.03,0.38
2023-12-08,8.48,29.12,78.36,16.05,2.04,0.38
2023-12-09,6.76,28.76,80.86,22.76,2.54,0.4
2023-12-10,19.57,28.49,80.57,17.7,2.67,0.41
2023-12-11,17.15,28.38,80.2,12.39,2.5,0.46
2023-12-12,8.82,28.63,79.18,18.46,1.92,0.47
2023-12-13,4.51,29.54,76.81,20.62,3.06,0.47
2023-12-14,2.86,29.63,74.34,23.86,3.26,0.47
2023-12-15,4.84,29.47,76.53,22.31,3.48,0.48
2023-12-16,8.34,29.1,77.78,15.89,2.3,0.49
2023-12-17,15.51,28.81,78.68,20.98,2.79,0.5
2023-12-18,0.84,28.83,75.65,22.99,3.95,0.51
2023-12-19,0.05,28.89,74.54,23.42,4.19,0.5
2023-12-20,10.08,28.92,77.62,19.56,3.38,0.5
2023-12-21,4.11,29.25,75.45,22.36,1.51,0.51
2023-12-22,3.09,28.41,82.68,25.74,1.8,0.51
2023-12-23,2.93,29.0,78.31,24.74,0.82,0.51
2023-12-24,3.24,29.36,76.29,22.81,1.39,0.51
2023-12-25,2.93,29.63,77.12,24.41,2.59,0.51
2023-12-26,2.37,29.46,80.04,22.02,2.96,0.51
2023-12-27,2.26,29.13,79.29,22.66,1.92,0.51
2023-12-28,1.32,28.97,80.7,22.8,1.91,0.51
2023-12-29,0.18,29.62,74.7,26.32,1.78,0.51
2023-12-30,0.14,29.63,77.03,21.97,1.16,0.5
2023-12-31,1.02,28.95,80.44,22.15,1.5,0.5
2024-01-01,0.39,29.99,74.89,25.85,1.77,0.5
2024-01-02,0.19,30.3,72.1,24.25,1.39,0.49
2024-01-03,1.88,30.05,73.11,22.68,1.64,0.49
2024-01-04,2.01,29.51,76.75,23.32,1.48,0.49
2024-01-05,1.78,29.64,75.37,15.82,1.42,0.49
2024-01-06,1.84,29.55,75.31,20.92,1.53,0.49
2024-01-07,2.13,29.46,78.07,21.4,2.35,0.49
2024-01-08,3.58,29.97,74.52,23.51,2.02,0.49
2024-01-09,12.28,29.11,81.81,15.82,3.13,0.5
2024-01-10,2.4,29.31,78.24,21.28,2.43,0.51
2024-01-11,7.11,29.42,80.01,21.38,2.57,0.51
2024-01-12,30.63,29.16,81.94,18.76,3.71,0.54
2024-01-13,12.23,29.25,79.25,22.18,3.59,0.58
2024-01-14,8.1,28.87,83.07,19.81,4.83,0.59
2024-01-15,11.78,29.07,81.29,20.22,4.95,0.59
2024-01-16,16.7,28.88,79.9,16.3,5.0,0.62
2024-01-17,16.73,28.34,81.34,12.52,3.41,0.64
2024-01-18,4.83,28.74,79.24,21.5,3.01,0.65
2024-01-19,2.34,28.69,81.76,18.73,4.66,0.64
2024-01-20,1.78,28.16,83.2,14.95,5.2,0.64
2024-01-21,2.89,28.21,80.84,18.89,5.01,0.63
2024-01-22,5.17,28.64,81.14,15.78,5.73,0.63
2024-01-23,5.52,28.98,81.35,16.47,6.09,0.63
2024-01-24,15.99,28.34,82.2,13.65,5.7,0.65
2024-01-25,10.76,28.24,82.94,15.96,4.62,0.66
2024-01-26,4.16,28.55,79.0,20.29,5.75,0.66
2024-01-27,3.57,28.23,82.05,17.25,5.02,0.66
2024-01-28,1.83,28.54,80.4,23.51,3.28,0.66
2024-01-29,1.09,28.61,80.13,22.75,2.9,0.66
2024-01-30,0.6,28.42,80.44,25.23,3.36,0.65
2024-01-31,0.98,28.76,77.59,25.16,3.49,0.64
2024-02-01,0.52,28.97,77.79,27.17,3.55,0.64
2024-02-02,1.31,28.97,77.87,23.89,2.05,0.63
2024-02-03,2.32,28.65,82.69,21.95,3.1,0.63
2024-02-04,4.07,28.65,79.93,17.73,3.77,0.63
2024-02-05,15.63,28.3,83.44,16.35,3.79,0.64
2024-02-06,7.22,28.38,76.99,20.28,1.31,0.65
2024-02-07,6.54,28.5,79.56,22.25,2.57,0.65
2024-02-08,5.97,28.54,76.92,20.75,2.15,0.65
2024-02-09,4.46,28.64,78.55,24.39,1.83,0.66
2024-02-10,3.03,29.02,78.19,24.42,2.94,0.65
2024-02-11,7.7,28.8,81.1,19.01,4.2,0.65
2024-02-12,19.39,28.15,84.64,10.69,4.88,0.67
2024-02-13,5.76,27.87,85.82,10.98,3.4,0.69
2024-02-14,6.22,28.53,82.69,21.96,2.6,0.69
2024-02-15,4.24,28.48,81.44,20.33,1.8,0.69
2024-02-16,5.62,28.93,77.61,24.96,1.64,0.69
2024-02-17,5.09,28.99,78.01,25.01,1.39,0.69
2024-02-18,3.25,29.03,78.97,25.24,1.82,0.68
2024-02-19,1.11,29.02,80.56,26.47,2.47,0.68
2024-02-20,1.8,29.21,81.46,25.96,3.49,0.67
2024-02-21,6.68,29.32,80.53,22.63,4.53,0.67
2024-02-22,5.43,29.23,79.75,23.33,3.1,0.68
2024-02-23,1.35,29.09,79.43,24.57,2.78,0.67
2024-02-24,2.36,29.09,80.42,24.62,2.26,0.66
2024-02-25,2.97,28.93,80.42,21.7,2.63,0.66
2024-02-26,3.46,28.79,81.4,16.35,3.44,0.66
2024-02-27,3.89,28.7,81.06,22.79,3.06,0.66
2024-02-28,2.24,28.82,80.18,24.13,2.29,0.66
2024-02-29,1.05,29.1,77.75,24.71,1.9,0.66
2024-03-01,3.67,29.09,79.4,22.51,1.76,0.65
2024-03-02,5.03,29.12,78.3,23.2,1.76,0.66
2024-03-03,4.4,29.0,80.33,22.1,2.02,0.66
2024-03-04,0.47,29.0,80.83,22.26,1.57,0.66
2024-03-05,0.52,29.42,78.58,20.34,0.92,0.65
2024-03-06,1.51,29.27,79.56,22.51,1.75,0.65
2024-03-07,6.15,29.16,81.39,18.06,2.57,0.65
2024-03-08,14.05,28.75,83.92,19.6,3.61,0.66
2024-03-09,25.14,28.07,85.05,5.11,4.4,0.68
2024-03-10,61.21,27.89,84.92,5.8,4.67,0.75
2024-03-11,13.81,27.92,84.88,9.81,5.35,0.8
2024-03-12,19.92,28.51,81.45,10.72,6.02,0.82
2024-03-13,33.21,27.9,86.38,12.46,4.01,0.85
2024-03-14,15.43,28.17,84.63,9.91,6.13,0.87
2024-03-15,2.59,28.46,80.48,14.57,4.89,0.87
2024-03-16,9.65,28.17,82.52,17.3,5.2,0.87
2024-03-17,10.6,28.6,80.75,18.42,4.3,0.87
2024-03-18,2.3,28.49,80.79,18.05,3.17,0.87
2024-03-19,3.2,28.31,82.19,17.93,3.16,0.86
2024-03-20,2.0,28.28,81.79,19.11,3.01,0.86
2024-03-21,0.27,28.77,78.92,24.16,2.8,0.85
2024-03-22,1.1,28.64,79.19,22.79,2.55,0.84
2024-03-23,0.2,28.49,80.19,23.57,2.18,0.83
2024-03-24,0.72,28.71,78.76,20.89,2.79,0.82
2024-03-25,0.69,28.51,80.88,23.3,1.84,0.82
2024-03-26,0.18,29.14,75.59,24.2,0.78,0.81
2024-03-27,0.58,29.14,76.15,23.46,1.0,0.8
2024-03-28,6.07,29.15,77.02,21.99,1.17,0.8
2024-03-29,6.86,28.55,82.74,22.43,2.14,0.8
2024-03-30,5.25,28.79,81.19,22.13,2.11,0.81
2024-03-31,2.96,28.98,77.67,21.26,0.9,0.81
2024-04-01,5.46,29.05,82.84,20.53,2.02,0.81
2024-04-02,13.71,28.66,84.75,18.08,2.68,0.82
2024-04-03,47.54,28.14,88.71,8.51,2.88,0.84
2024-04-04,27.61,28.31,86.12,13.93,4.61,0.91
2024-04-05,12.98,28.33,83.42,17.94,2.69,0.91
2024-04-06,7.16,28.52,81.22,13.46,2.36,0.91
2024-04-07,0.98,28.6,79.27,18.43,2.63,0.91
2024-04-08,2.8,28.63,80.81,21.52,1.62,0.9
2024-04-09,5.19,28.18,84.77,16.52,2.25,0.9
2024-04-10,6.03,28.33,84.05,16.99,3.2,0.9
2024-04-11,0.1,28.72,75.58,22.7,3.23,0.9
2024-04-12,0.26,28.5,75.87,23.31,1.99,0.89
2024-04-13,0.17,28.54,74.19,22.91,1.6,0.88
2024-04-14,8.43,28.62,74.98,23.57,2.01,0.88
2024-04-15,21.79,28.25,80.41,12.31,2.2,0.88
2024-04-16,17.19,28.26,83.4,17.99,2.46,0.91
2024-04-17,0.56,28.63,77.44,22.41,2.87,0.9
2024-04-18,8.82,28.36,82.86,19.81,2.59,0.89
2024-04-19,6.09,28.39,77.33,18.95,2.11,0.9
2024-04-20,1.09,28.52,80.49,19.66,2.92,0.89
2024-04-21,2.31,28.67,79.34,12.79,2.65,0.88
2024-04-22,1.02,28.47,77.06,16.59,2.73,0.88
2024-04-23,0.08,28.12,78.35,19.72,2.26,0.87
2024-04-24,0.14,28.69,78.0,20.52,1.96,0.86
2024-04-25,0.04,28.65,79.43,23.15,2.09,0.85
2024-04-26,2.34,28.87,80.75,22.13,2.3,0.84
2024-04-27,2.51,28.68,84.01,21.91,3.13,0.84
2024-04-28,0.2,28.57,79.91,18.69,3.98,0.83
2024-04-29,0.0,28.22,75.12,19.9,3.33,0.82
2024-04-30,0.04,28.15,79.97,21.29,2.98,0.81
2024-05-01,0.06,28.43,78.98,21.34,2.9,0.8
2024-05-02,0.02,28.56,79.77,22.22,3.14,0.79
2024-05-03,0.06,28.64,77.88,21.64,3.23,0.79
2024-05-04,0.31,28.28,80.29,18.12,2.44,0.78
2024-05-05,0.68,28.02,82.45,20.09,2.58,0.77
2024-05-06,1.76,28.01,78.72,13.77,3.13,0.77
2024-05-07,0.47,28.19,77.05,18.94,2.31,0.76
2024-05-08,0.17,28.12,75.84,21.19,2.71,0.76
2024-05-09,0.06,28.15,76.66,20.51,2.59,0.75
2024-05-10,0.01,28.12,77.01,22.06,3.04,0.74
2024-05-11,0.03,28.03,78.43,22.03,2.71,0.73
2024-05-12,0.01,28.16,76.54,21.95,3.07,0.72
2024-05-13,0.0,28.32,74.54,20.9,3.25,0.71
2024-05-14,0.05,28.2,78.34,21.21,2.65,0.7
2024-05-15,0.14,28.33,79.64,20.76,2.47,0.69
2024-05-16,0.03,28.15,76.56,21.9,3.16,0.69
2024-05-17,0.03,28.27,76.77,21.24,3.41,0.68
2024-05-18,0.0,28.26,76.04,21.02,3.49,0.67
2024-05-19,0.0,28.15,72.55,20.97,3.93,0.66
2024-05-20,0.01,28.04,72.73,20.72,3.82,0.65
2024-05-21,0.02,27.99,76.79,19.34,4.02,0.64
2024-05-22,0.01,27.96,75.98,18.69,3.07,0.64
2024-05-23,0.0,28.05,76.39,19.77,2.8,0.63
2024-05-24,0.01,28.22,79.18,20.01,2.41,0.62
2024-05-25,0.04,28.15,80.68,19.72,2.56,0.61
2024-05-26,0.19,28.52,79.16,15.65,3.03,0.61
2024-05-27,0.41,28.2,78.6,19.17,2.77,0.6
2024-05-28,0.43,28.12,81.23,18.53,2.87,0.6
2024-05-29,0.84,28.45,77.93,16.44,1.94,0.59
2024-05-30,4.53,28.25,82.72,10.48,1.93,0.59
2024-05-31,1.34,28.49,80.29,16.96,1.33,0.59
2024-06-01,1.39,28.28,83.62,17.49,2.66,0.59
2024-06-02,0.61,28.53,79.06,18.77,2.87,0.58
2024-06-03,0.69,28.06,79.08,17.1,3.12,0.58
2024-06-04,0.26,28.07,78.03,16.88,2.06,0.57
2024-06-05,0.03,27.91,76.07,18.58,2.79,0.57
2024-06-06,0.96,27.6,79.01,14.97,2.88,0.56
2024-06-07,1.16,27.65,78.12,12.62,3.25,0.56
2024-06-08,0.4,27.44,76.24,12.54,3.28,0.55
2024-06-09,0.1,27.26,76.92,16.92,3.23,0.55
2024-06-10,0.05,26.83,75.09,19.69,2.55,0.54
2024-06-11,0.01,26.74,72.82,19.15,1.79,0.54
2024-06-12,0.0,26.76,77.45,20.04,2.88,0.53
2024-06-13,0.02,27.01,72.05,20.18,1.85,0.53
2024-06-14,0.03,26.92,68.75,20.21,1.93,0.52
2024-06-15,0.0,27.39,70.52,19.11,2.47,0.52
2024-06-16,0.01,27.61,74.22,19.34,3.41,0.51
2024-06-17,0.01,27.27,70.33,20.62,3.43,0.51
2024-06-18,0.01,26.79,68.42,19.56,3.25,0.5
2024-06-19,0.0,26.5,69.6,20.03,2.99,0.5
2024-06-20,0.0,26.6,69.84,19.66,2.82,0.49
2024-06-21,0.14,27.26,73.03,17.54,3.32,0.49
2024-06-22,0.15,27.74,69.57,18.55,4.34,0.48
2024-06-23,0.05,27.29,70.1,18.38,3.82,0.48
2024-06-24,0.06,26.92,73.23,18.28,2.95,0.48
2024-06-25,0.09,27.24,73.59,17.04,2.69,0.47
2024-06-26,0.07,27.7,74.06,18.31,2.19,0.47
2024-06-27,0.02,27.99,74.2,19.4,1.78,0.46
2024-06-28,0.0,27.72,73.78,16.33,1.76,0.46
2024-06-29,0.09,27.78,77.14,17.38,2.53,0.46
2024-06-30,2.58,27.72,81.21,11.58,3.97,0.46
2024-07-01,0.82,28.11,77.06,15.49,3.42,0.46
2024-07-02,9.79,27.59,81.47,10.86,3.7,0.46
2024-07-03,0.07,27.72,72.49,16.04,3.96,0.47
2024-07-04,0.01,26.89,70.99,16.85,3.69,0.46
2024-07-05,0.0,26.79,66.32,20.47,3.5,0.46
2024-07-06,0.0,27.04,63.41,20.3,2.97,0.46
2024-07-07,0.0,27.05,73.3,20.09,3.12,0.45
2024-07-08,0.08,27.55,75.41,17.83,2.62,0.45
2024-07-09,0.2,27.84,73.7,19.71,3.96,0.45
2024-07-10,0.02,27.24,72.75,18.15,3.81,0.44
2024-07-11,0.01,27.05,69.56,18.5,3.55,0.44
2024-07-12,0.01,27.13,60.69,21.08,2.82,0.44
2024-07-13,0.0,26.73,57.9,20.73,2.83,0.43
2024-07-14,0.0,26.5,62.23,21.24,3.2,0.43
2024-07-15,0.01,26.09,64.6,18.96,3.0,0.43
2024-07-16,0.0,26.41,67.24,21.17,2.59,0.42
2024-07-17,0.0,27.13,66.69,20.05,3.94,0.42
2024-07-18,0.01,26.24,62.98,16.61,3.92,0.42
2024-07-19,0.0,25.68,64.16,20.49,3.71,0.41
2024-07-20,0.0,25.81,68.51,20.12,3.43,0.41
2024-07-21,0.01,26.63,73.35,20.49,2.87,0.41
2024-07-22,0.03,26.74,67.23,16.98,3.36,0.41
2024-07-23,0.0,26.57,65.45,19.73,2.65,0.4
2024-07-24,0.0,26.82,66.92,20.8,1.7,0.4
2024-07-25,0.03,27.03,72.0,18.15,2.43,0.4
2024-07-26,0.54,26.69,81.99,11.2,3.16,0.4
2024-07-27,0.36,27.23,79.18,16.74,2.17,0.39
2024-07-28,0.37,27.79,76.67,15.5,2.43,0.39
2024-07-29,1.03,27.68,76.91,18.81,3.02,0.39
2024-07-30,0.6,27.8,75.25,17.0,4.1,0.39
2024-07-31,1.49,27.57,75.39,17.69,3.4,0.39
2024-08-01,1.46,27.47,72.99,21.24,3.22,0.39
2024-08-02,0.08,27.44,70.75,20.46,2.99,0.39
2024-08-03,0.13,27.5,66.43,21.26,2.26,0.38
2024-08-04,0.0,27.28,65.87,21.06,2.06,0.38
2024-08-05,0.06,27.17,70.87,20.44,2.29,0.38
2024-08-06,0.05,27.37,71.89,21.2,2.6,0.38
2024-08-07,0.01,27.7,68.87,22.06,3.14,0.37
2024-08-08,0.03,27.33,68.94,21.42,3.46,0.37
2024-08-09,0.0,27.41,66.35,22.29,3.42,0.37
2024-08-10,0.0,26.83,58.83,22.92,2.64,0.36
2024-08-11,0.0,27.2,62.76,22.33,2.12,0.36
2024-08-12,0.0,27.27,65.0,22.44,2.82,0.36
2024-08-13,0.0,27.25,67.15,22.44,3.06,0.36
2024-08-14,0.0,27.11,64.64,22.29,2.57,0.35
2024-08-15,0.0,26.99,63.47,22.34,2.34,0.35
2024-08-16,0.0,27.11,62.22,21.88,1.93,0.35
2024-08-17,0.0,27.03,65.79,21.52,1.85,0.35
2024-08-18,0.0,27.21,66.91,21.24,1.98,0.34
2024-08-19,0.0,27.3,69.28,21.98,2.14,0.34
2024-08-20,0.01,27.63,67.19,22.05,1.43,0.34
2024-08-21,0.01,27.41,70.4,22.9,2.31,0.34
2024-08-22,0.01,27.86,71.0,22.82,2.29,0.34
2024-08-23,0.01,27.94,71.73,23.02,2.73,0.33
2024-08-24,0.22,27.73,71.63,21.91,3.55,0.33
2024-08-25,0.29,27.64,75.66,22.15,3.74,0.33
2024-08-26,0.0,28.12,72.81,23.63,2.59,0.33
2024-08-27,0.0,27.97,70.7,23.68,2.62,0.33
2024-08-28,0.0,27.91,71.48,23.73,2.63,0.33
2024-08-29,0.01,27.61,68.68,22.01,2.38,0.33
2024-08-30,0.06,27.98,69.37,20.56,1.62,0.33
2024-08-31,0.01,27.87,69.65,23.24,1.72,0.33
2024-09-01,0.02,27.85,68.35,23.53,1.58,0.33
2024-09-02,0.02,28.36,65.43,24.49,3.53,0.33
2024-09-03,0.01,28.38,66.07,23.55,2.99,0.33
2024-09-04,0.06,28.22,68.67,24.86,1.85,0.33
2024-09-05,0.03,28.2,66.12,23.26,1.87,0.33
2024-09-06,0.02,28.69,66.05,23.86,2.19,0.33
2024-09-07,0.06,28.67,66.98,23.86,3.61,0.33
2024-09-08,0.11,28.48,72.0,19.92,2.53,0.33
2024-09-09,0.16,28.59,68.66,24.41,1.53,0.33
2024-09-10,0.06,28.44,62.82,23.23,2.01,0.33
2024-09-11,0.18,28.03,64.55,25.55,2.85,0.33
2024-09-12,0.08,27.84,66.94,23.9,3.35,0.33
2024-09-13,0.06,27.88,65.42,24.4,2.85,0.33
2024-09-14,0.16,27.52,68.44,24.01,3.16,0.33
2024-09-15,0.12,28.26,63.6,23.71,2.31,0.33
2024-09-16,0.19,28.59,62.73,22.49,1.94,0.33
2024-09-17,0.6,28.41,67.62,23.88,2.45,0.33
2024-09-18,3.86,28.51,72.19,14.19,1.67,0.33
2024-09-19,1.77,28.33,76.45,17.45,2.77,0.33
2024-09-20,1.13,28.56,76.45,21.4,2.85,0.33
2024-09-21,0.61,28.65,77.09,21.71,2.35,0.33
2024-09-22,0.36,28.91,74.34,22.79,0.96,0.33
2024-09-23,0.34,29.22,73.35,24.88,1.81,0.33
2024-09-24,0.3,28.98,70.93,25.0,1.72,0.33
2024-09-25,0.24,28.86,73.0,24.68,2.25,0.33
2024-09-26,0.13,28.8,73.54,23.31,1.89,0.33
2024-09-27,0.05,28.95,70.19,24.78,1.67,0.33
2024-09-28,0.0,29.08,68.59,25.59,1.94,0.33
2024-09-29,0.01,29.41,68.17,25.08,2.89,0.33
2024-09-30,0.02,29.73,66.31,23.59,1.46,0.33
2024-10-01,0.08,29.57,64.9,24.39,2.52,0.33
2024-10-02,0.04,29.59,66.2,24.12,2.52,0.33
2024-10-03,0.02,29.46,66.14,24.63,1.94,0.33
2024-10-04,0.01,29.6,63.95,25.34,2.87,0.33
2024-10-05,0.01,29.48,64.75,24.16,2.17,0.33
2024-10-06,0.0,29.22,67.16,25.55,2.85,0.33
2024-10-07,0.01,29.23,65.44,26.1,2.41,0.33
2024-10-08,0.02,29.21,65.9,25.99,2.27,0.33
2024-10-09,0.0,28.98,67.61,26.74,1.95,0.33
2024-10-10,0.06,29.61,68.35,25.95,2.09,0.33
2024-10-11,0.19,29.53,69.02,23.54,1.75,0.33
2024-10-12,0.05,30.08,65.18,25.43,1.79,0.33
2024-10-13,0.03,30.05,64.69,25.43,1.54,0.33
2024-10-14,0.46,30.12,67.03,25.77,1.4,0.33
2024-10-15,0.21,30.06,66.71,24.59,1.19,0.33
2024-10-16,0.11,29.81,69.13,24.43,2.07,0.33
2024-10-17,2.0,29.33,70.35,22.45,2.69,0.33
2024-10-18,3.51,29.16,70.27,23.98,3.99,0.33
2024-10-19,1.93,29.23,71.35,25.38,3.37,0.33
2024-10-20,3.36,28.88,74.54,26.11,4.11,0.34
2024-10-21,3.07,28.77,75.66,25.93,4.89,0.34
2024-10-22,2.53,28.89,75.3,26.06,4.61,0.34
2024-10-23,2.13,29.02,74.9,25.19,4.35,0.35
2024-10-24,0.24,28.99,74.44,26.24,3.93,0.34
2024-10-25,0.2,28.88,76.06,26.61,3.94,0.34
2024-10-26,0.17,29.27,73.46,25.96,3.58,0.34
2024-10-27,0.12,29.68,71.68,25.51,3.09,0.34
2024-10-28,0.31,29.94,70.52,26.51,2.53,0.34
2024-10-29,0.49,29.78,71.5,25.27,2.47,0.34
2024-10-30,4.81,29.6,73.69,19.83,2.59,0.34
2024-10-31,7.32,28.89,73.44,24.35,2.49,0.35
2024-11-01,0.94,29.25,65.14,22.55,2.2,0.35
2024-11-02,6.44,29.52,68.82,21.77,1.57,0.35
2024-11-03,2.22,29.72,68.3,25.95,1.52,0.36
2024-11-04,0.7,29.61,65.66,26.21,1.84,0.36
2024-11-05,0.09,30.03,63.68,26.32,2.62,0.35
2024-11-06,2.57,30.17,66.97,25.66,2.62,0.35
2024-11-07,1.67,29.49,73.47,23.3,2.43,0.36
2024-11-08,0.5,29.37,73.14,22.15,1.59,0.35
2024-11-09,0.26,29.57,73.02,22.73,2.33,0.35
2024-11-10,0.02,30.07,65.95,23.7,1.55,0.35
2024-11-11,0.0,30.15,62.94,23.21,1.39,0.35
2024-11-12,0.22,30.59,61.32,24.99,1.05,0.34
2024-11-13,0.35,30.6,63.32,26.57,1.77,0.34
2024-11-14,0.73,30.56,64.42,25.51,2.18,0.34
2024-11-15,3.79,29.45,73.91,24.57,1.4,0.34
2024-11-16,11.45,29.36,75.23,17.59,1.33,0.35
2024-11-17,7.47,29.1,77.44,25.2,2.02,0.37
2024-11-18,6.43,29.25,73.13,22.68,2.03,0.38
2024-11-19,5.82,29.56,73.56,25.54,1.4,0.39
2024-11-20,2.4,30.42,68.02,22.78,1.31,0.39
2024-11-21,2.31,30.07,70.64,24.15,1.83,0.39
2024-11-22,0.87,30.34,69.42,24.0,1.7,0.39
2024-11-23,0.69,30.73,68.81,24.35,1.19,0.38
2024-11-24,0.21,30.58,70.3,25.24,1.42,0.38
2024-11-25,0.74,30.39,69.28,21.7,1.3,0.38
2024-11-26,0.87,30.62,69.47,22.43,2.25,0.38
2024-11-27,0.3,30.28,72.17,20.69,2.85,0.37
2024-11-28,0.89,29.94,73.37,21.34,2.15,0.37
2024-11-29,2.05,29.39,74.3,20.81,2.75,0.37
2024-11-30,2.44,29.66,70.69,16.76,1.72,0.37
2024-12-01,8.25,28.78,81.98,5.43,4.81,0.39
2024-12-02,2.55,29.3,75.89,22.26,3.22,0.39
2024-12-03,14.55,28.9,76.56,19.29,1.73,0.4
2024-12-04,19.24,28.98,76.53,16.78,2.5,0.43
2024-12-05,28.51,27.99,82.37,14.39,3.01,0.48
2024-12-06,14.6,27.98,81.02,14.15,3.65,0.51
2024-12-07,14.18,28.28,82.33,9.89,4.75,0.53
2024-12-08,22.03,28.52,80.84,16.88,3.41,0.54
2024-12-09,30.36,28.84,80.69,11.81,4.08,0.59
2024-12-10,18.43,28.36,86.32,6.18,4.6,0.62
2024-12-11,14.84,28.42,80.66,17.53,3.21,0.65
2024-12-12,4.52,28.2,79.0,22.21,1.04,0.65
2024-12-13,32.07,27.63,87.4,16.64,2.58,0.67
2024-12-14,5.34,28.25,82.53,16.87,2.15,0.7
2024-12-15,31.59,28.29,80.99,15.43,2.6,0.72
2024-12-16,13.63,28.28,83.13,19.5,3.21,0.75
2024-12-17,41.23,28.62,83.22,20.24,3.31,0.81
2024-12-18,1.15,28.8,82.02,21.36,2.93,0.81
2024-12-19,3.88,28.32,82.65,19.62,2.09,0.8
2024-12-20,3.24,28.29,82.69,21.4,3.01,0.8
2024-12-21,12.55,28.05,84.1,16.1,2.63,0.81
2024-12-22,17.72,28.09,83.26,18.45,2.65,0.83
2024-12-23,3.73,27.6,83.22,14.99,2.64,0.83
2024-12-24,0.66,28.71,74.17,18.56,1.44,0.83
2024-12-25,0.73,28.26,83.92,20.01,2.24,0.82
2024-12-26,8.17,28.11,84.72,18.66,2.12,0.82
2024-12-27,4.81,28.16,80.76,18.75,2.24,0.83
2024-12-28,26.29,27.75,84.16,14.28,2.75,0.84
2024-12-29,7.74,27.58,83.37,14.87,2.13,0.86
2024-12-30,1.3,28.06,82.62,21.16,1.85,0.86
2024-12-31,1.38,27.98,81.62,19.4,1.52,0.85
2025-01-01,13.03,27.97,82.04,9.38,1.94,0.85
2025-01-02,7.17,27.76,83.7,13.59,1.77,0.87
2025-01-03,3.24,27.5,80.69,17.44,1.52,0.87
2025-01-04,8.69,27.38,78.7,17.65,1.71,0.87
2025-01-05,4.85,27.9,78.86,22.37,1.93,0.87
2025-01-06,0.44,28.47,77.16,26.7,1.96,0.86
2025-01-07,0.43,28.98,76.1,26.36,2.02,0.85
2025-01-08,3.06,28.89,78.69,22.07,2.39,0.85
2025-01-09,2.8,28.84,79.69,19.96,2.49,0.84
2025-01-10,11.0,28.01,84.42,12.63,3.39,0.84
2025-01-11,13.13,27.86,83.96,17.7,3.16,0.86
2025-01-12,5.46,28.17,83.21,22.34,3.05,0.87
2025-01-13,3.37,28.42,82.37,22.71,3.21,0.86
2025-01-14,4.44,28.28,81.27,21.21,2.88,0.86
2025-01-15,19.72,28.01,82.65,13.15,3.1,0.87
2025-01-16,18.53,27.82,83.59,12.77,4.07,0.89
2025-01-17,8.87,28.13,84.06,14.7,4.3,0.9
2025-01-18,14.91,28.34,83.37,17.9,4.21,0.91
2025-01-19,24.2,27.43,86.72,14.59,3.05,0.92
2025-01-20,14.13,27.03,86.78,16.84,2.95,0.93
2025-01-21,9.1,27.41,84.59,15.74,2.42,0.94
2025-01-22,4.78,27.66,79.69,19.39,1.69,0.94
2025-01-23,2.98,28.18,79.86,23.59,1.44,0.94
2025-01-24,1.04,28.7,78.72,23.62,1.58,0.93
2025-01-25,22.94,28.74,81.72,14.72,2.17,0.94
2025-01-26,15.29,28.08,84.97,19.85,1.8,0.96
2025-01-27,23.94,28.09,82.91,19.34,3.4,0.96
2025-01-28,20.94,27.55,84.48,13.11,2.73,0.98
2025-01-29,9.81,27.32,83.07,20.0,2.63,0.98
2025-01-30,36.92,27.62,83.13,11.47,3.74,0.98
2025-01-31,25.91,27.96,83.83,13.19,5.0,1.0
2025-02-01,10.6,28.1,82.36,19.89,3.35,0.99
2025-02-02,11.76,28.08,85.05,17.57,5.46,0.99
2025-02-03,1.96,27.99,84.98,19.8,5.25,0.99
2025-02-04,2.5,27.61,82.3,15.68,3.87,0.98
2025-02-05,5.06,28.11,80.07,17.01,3.38,0.98
2025-02-06,24.73,27.6,83.81,12.5,3.7,0.98
2025-02-07,77.5,28.16,81.86,11.41,5.37,1.0
2025-02-08,8.18,28.23,82.38,20.5,5.33,1.0
2025-02-09,2.79,28.08,81.32,18.8,5.06,0.99
2025-02-10,14.52,28.02,83.28,14.32,7.32,0.99
2025-02-11,12.08,28.0,83.53,11.57,7.34,0.99
2025-02-12,6.97,28.04,83.13,16.16,5.06,0.98
2025-02-13,3.75,27.67,84.28,15.63,4.43,0.97
2025-02-14,2.61,27.99,83.47,21.9,3.39,0.97
2025-02-15,2.39,28.24,79.36,24.62,1.48,0.96
2025-02-16,1.66,28.1,79.81,24.4,1.15,0.96
2025-02-17,6.61,28.22,78.51,18.74,1.34,0.96
2025-02-18,4.96,27.7,82.08,16.09,2.43,0.96
2025-02-19,3.75,27.81,78.16,12.04,3.04,0.95
2025-02-20,1.23,27.21,84.29,19.44,3.23,0.95
2025-02-21,2.03,27.29,85.7,13.73,2.41,0.94
2025-02-22,2.52,27.67,81.86,23.05,2.19,0.94
2025-02-23,3.28,27.26,83.05,23.99,2.51,0.94
2025-02-24,5.33,27.66,78.3,19.11,2.02,0.94
2025-02-25,9.88,27.71,80.39,18.98,2.46,0.94
2025-02-26,3.61,28.49,77.26,24.59,2.15,0.93
2025-02-27,5.14,27.83,82.18,21.0,2.26,0.93
2025-02-28,7.34,28.4,77.22,25.58,1.52,0.93
2025-03-01,5.94,28.48,80.99,25.6,2.58,0.93
2025-03-02,2.15,29.1,75.61,24.9,1.71,0.92
2025-03-03,0.24,28.86,76.25,22.16,2.01,0.91
2025-03-04,1.32,28.82,78.12,23.47,1.25,0.9
2025-03-05,0.35,29.08,76.38,25.09,1.92,0.89
2025-03-06,0.13,29.26,73.16,25.24,0.99,0.89
2025-03-07,0.72,28.65,78.43,17.82,1.89,0.88
2025-03-08,0.89,27.77,83.13,10.14,2.98,0.88
2025-03-09,1.13,27.89,81.95,19.04,2.16,0.87
2025-03-10,0.39,28.18,78.94,23.6,1.79,0.87
2025-03-11,2.84,28.2,80.22,22.24,2.27,0.86
2025-03-12,2.12,28.04,82.02,22.27,2.22,0.86
2025-03-13,2.37,28.45,77.67,20.27,1.85,0.86
2025-03-14,2.77,28.34,78.14,18.26,1.66,0.86
2025-03-15,4.42,28.27,78.82,12.86,1.65,0.86
2025-03-16,8.35,28.46,80.54,19.94,2.24,0.86
2025-03-17,6.26,28.24,84.51,13.14,3.18,0.87
2025-03-18,8.24,27.89,84.48,21.04,3.23,0.87
2025-03-19,2.92,27.86,80.42,20.18,2.86,0.87
2025-03-20,9.99,27.95,80.13,18.63,1.7,0.87
2025-03-21,8.53,27.82,84.67,19.29,2.76,0.88
2025-03-22,9.25,27.91,85.84,19.8,5.31,0.89
2025-03-23,2.25,27.67,84.7,14.92,5.37,0.88
2025-03-24,6.31,27.95,83.14,10.47,3.38,0.88
2025-03-25,4.17,28.19,82.64,19.01,3.29,0.88
2025-03-26,6.23,28.05,84.14,16.01,3.08,0.88
2025-03-27,4.49,28.41,81.94,19.08,3.99,0.88
2025-03-28,4.2,28.43,82.4,17.55,4.75,0.88
2025-03-29,4.61,28.37,81.05,16.52,4.36,0.88
2025-03-30,4.15,28.38,80.6,17.31,4.83,0.88
2025-03-31,16.11,28.2,81.37,20.47,3.95,0.88
2025-04-01,23.58,27.9,82.05,19.15,3.17,0.91
2025-04-02,4.75,27.86,79.94,19.12,3.01,0.91
2025-04-03,2.48,28.08,75.82,19.27,3.2,0.9
2025-04-04,0.01,27.85,72.29,21.59,2.48,0.89
2025-04-05,0.0,28.05,68.41,22.29,1.33,0.88
2025-04-06,0.41,28.49,67.92,22.64,1.33,0.87
2025-04-07,2.06,28.34,73.73,22.22,1.29,0.87
2025-04-08,4.49,28.41,80.09,20.01,2.11,0.86
2025-04-09,6.24,27.91,81.95,20.85,1.23,0.87
2025-04-10,2.41,28.51,80.01,19.33,2.14,0.87
2025-04-11,0.44,29.12,72.07,20.72,2.94,0.86
2025-04-12,0.03,28.92,73.76,20.96,1.8,0.85
2025-04-13,1.53,29.09,74.75,22.19,1.43,0.84
2025-04-14,3.04,28.88,76.98,19.47,2.08,0.84
2025-04-15,1.27,28.68,79.67,19.39,2.32,0.83
2025-04-16,2.2,28.74,80.26,19.12,2.51,0.83
2025-04-17,4.92,28.61,80.52,19.45,3.23,0.83
2025-04-18,11.07,27.78,83.55,6.66,4.26,0.83
2025-04-19,17.23,28.01,79.82,7.35,3.55,0.85
2025-04-20,2.99,28.31,81.47,20.18,2.74,0.85
2025-04-21,0.38,28.11,81.86,21.39,2.74,0.85
2025-04-22,0.64,28.36,80.1,21.56,2.22,0.84
2025-04-23,1.25,28.69,76.47,16.15,1.81,0.83
2025-04-24,0.61,28.59,74.77,20.99,2.39,0.83
2025-04-25,0.02,28.25,72.41,22.18,3.06,0.82
2025-04-26,0.05,27.92,72.27,21.37,2.91,0.8
2025-04-27,0.02,27.64,73.68,20.35,3.68,0.79
2025-04-28,0.01,27.38,75.03,22.72,3.3,0.79
2025-04-29,0.97,27.8,74.82,22.48,3.27,0.78
2025-04-30,2.55,27.62,86.39,18.58,4.21,0.77
2025-05-01,1.33,28.44,77.43,19.44,3.07,0.77
2025-05-02,0.36,28.35,77.81,18.83,3.86,0.76
2025-05-03,0.68,28.18,78.45,15.78,2.68,0.76
2025-05-04,1.89,27.89,84.83,19.56,3.17,0.75
2025-05-05,8.9,27.87,83.21,20.26,1.83,0.76
2025-05-06,21.45,27.45,84.49,7.5,3.76,0.77
2025-05-07,3.58,27.31,79.79,14.08,1.86,0.79
2025-05-08,4.31,28.18,78.27,18.55,2.57,0.79
2025-05-09,5.89,28.29,76.77,18.69,2.89,0.79
2025-05-10,18.76,28.01,78.01,15.46,2.06,0.81
2025-05-11,1.78,28.08,74.71,19.93,3.2,0.81
2025-05-12,0.02,27.99,73.52,16.9,2.82,0.8
2025-05-13,0.05,28.35,75.79,18.78,2.14,0.79
2025-05-14,0.07,28.43,78.46,20.17,2.48,0.78
2025-05-15,0.08,28.55,77.99,20.28,3.36,0.77
2025-05-16,0.02,28.31,74.81,19.48,3.93,0.76
2025-05-17,0.01,27.78,73.8,17.34,4.01,0.75
2025-05-18,0.04,27.55,74.56,18.04,4.47,0.74
2025-05-19,0.06,27.24,74.82,18.62,4.57,0.73
2025-05-20,1.36,27.16,74.41,18.44,3.42,0.73
2025-05-21,0.87,27.65,76.52,18.48,2.85,0.72
2025-05-22,0.08,27.61,82.76,15.45,3.53,0.71
2025-05-23,0.07,28.0,75.83,18.78,2.92,0.71
2025-05-24,0.01,27.99,79.76,16.94,2.03,0.7
2025-05-25,0.27,28.13,83.01,19.03,2.65,0.7
2025-05-26,6.51,28.46,81.83,14.92,3.07,0.7
2025-05-27,5.94,28.09,83.11,17.43,1.74,0.71
2025-05-28,1.25,27.93,82.77,19.5,1.59,0.71
2025-05-29,3.05,28.05,81.68,19.46,1.83,0.71
2025-05-30,16.27,28.13,83.45,16.41,2.41,0.72
2025-05-31,4.31,28.08,81.38,16.31,2.72,0.73
2025-06-01,0.58,28.06,78.62,14.78,2.02,0.72
2025-06-02,3.88,27.54,78.77,14.6,1.56,0.72
2025-06-03,2.2,27.43,75.68,10.91,1.55,0.72
2025-06-04,3.25,27.41,77.01,14.52,1.95,0.72
2025-06-05,1.21,27.21,78.82,12.27,1.81,0.72
2025-06-06,4.0,27.55,81.11,12.55,2.79,0.71
2025-06-07,0.13,28.0,73.37,18.95,3.29,0.71
2025-06-08,0.0,27.67,73.31,17.86,4.02,0.7
2025-06-09,0.09,27.21,75.36,20.08,3.35,0.69
2025-06-10,0.06,27.61,75.2,17.21,3.92,0.68
2025-06-11,0.79,27.62,76.26,16.39,3.84,0.68
2025-06-12,2.78,27.86,77.81,14.6,4.36,0.67
2025-06-13,2.96,27.74,77.31,14.3,4.09,0.67
2025-06-14,0.24,27.48,73.11,16.19,3.76,0.66
2025-06-15,0.27,27.65,67.38,17.47,3.07,0.66
2025-06-16,0.0,27.2,72.53,19.52,3.35,0.65
2025-06-17,0.02,26.89,69.36,19.73,3.12,0.64
2025-06-18,0.0,27.38,73.26,17.16,2.88,0.64
2025-06-19,0.07,27.38,75.7,18.25,2.82,0.63
2025-06-20,0.83,27.36,75.22,10.08,3.44,0.62
2025-06-21,0.01,26.85,71.66,16.72,3.04,0.62
2025-06-22,0.1,26.98,76.54,14.92,3.13,0.61
2025-06-23,0.98,26.84,76.8,15.43,3.45,0.61
2025-06-24,0.52,26.93,75.09,10.63,2.99,0.6
2025-06-25,0.17,27.62,74.47,14.41,3.53,0.59
2025-06-26,0.06,27.71,75.97,18.32,4.59,0.59
2025-06-27,0.01,27.29,73.3,16.07,4.91,0.58
2025-06-28,0.01,27.12,75.04,17.4,4.75,0.57
2025-06-29,0.0,26.93,70.69,16.71,4.16,0.57
2025-06-30,0.05,26.96,74.15,16.39,4.59,0.56
2025-07-01,0.01,26.97,74.41,14.89,4.75,0.55
2025-07-02,0.09,26.85,73.1,14.93,3.71,0.55
2025-07-03,0.14,27.17,73.64,19.12,2.76,0.54
2025-07-04,0.84,27.03,78.95,11.47,2.64,0.54
2025-07-05,1.05,27.67,76.97,15.53,2.6,0.54
2025-07-06,0.13,27.22,70.34,19.52,4.04,0.53
2025-07-07,0.0,26.6,73.62,19.24,2.92,0.52
2025-07-08,0.0,26.87,75.04,16.75,2.91,0.52
2025-07-09,0.02,27.01,71.13,18.01,3.56,0.51
2025-07-10,0.02,26.83,70.05,16.58,2.75,0.51
2025-07-11,0.01,27.36,69.87,18.5,4.0,0.5
2025-07-12,0.0,27.32,71.98,19.58,3.47,0.5
2025-07-13,0.01,27.4,73.01,17.63,2.88,0.5
2025-07-14,0.07,27.61,75.99,16.73,3.68,0.49
2025-07-15,0.08,26.77,75.81,19.68,2.84,0.49
2025-07-16,0.0,26.56,67.11,16.64,2.11,0.48
2025-07-17,0.0,26.29,70.46,20.56,2.35,0.48
2025-07-18,0.01,26.22,65.34,19.73,1.92,0.47
2025-07-19,0.01,26.29,69.34,20.69,2.0,0.47
2025-07-20,0.02,26.68,73.64,20.68,2.31,0.47
2025-07-21,0.04,27.15,73.31,18.59,2.55,0.46
2025-07-22,0.02,27.37,71.83,16.5,2.06,0.46
2025-07-23,0.01,27.69,71.33,18.57,2.33,0.46
2025-07-24,0.0,27.7,71.03,19.75,1.88,0.45
2025-07-25,0.0,27.7,71.64,20.73,1.57,0.45
2025-07-26,0.0,27.7,74.85,19.89,2.05,0.44
2025-07-27,0.01,27.66,76.08,18.44,1.95,0.44
2025-07-28,0.01,27.44,78.06,17.75,3.28,0.44
2025-07-29,0.01,26.96,79.06,17.76,4.75,0.43
2025-07-30,0.09,26.54,80.66,16.34,4.02,0.43
2025-07-31,0.04,26.94,79.79,18.66,4.13,0.43
2025-08-01,0.07,27.98,75.74,20.31,3.22,0.43
2025-08-02,0.04,27.98,75.87,19.96,3.5,0.42
2025-08-03,0.03,27.73,69.16,19.35,3.82,0.42
2025-08-04,0.0,27.11,69.39,21.87,3.26,0.42
2025-08-05,0.0,27.2,67.9,20.52,2.16,0.41
2025-08-06,0.0,27.11,67.91,21.36,1.69,0.41
2025-08-07,0.01,27.56,69.38,20.78,1.34,0.41
2025-08-08,0.04,27.79,69.34,19.5,2.04,0.4
2025-08-09,0.0,28.03,65.56,21.17,2.33,0.4
2025-08-10,0.1,28.0,63.84,21.03,2.67,0.4
2025-08-11,0.03,27.56,64.27,22.55,3.36,0.4
2025-08-12,0.0,27.41,58.63,22.6,3.59,0.39
2025-08-13,0.0,27.17,58.24,22.0,3.43,0.39
2025-08-14,0.0,27.19,61.46,22.74,3.11,0.39
2025-08-15,0.0,27.46,62.95,22.46,3.25,0.38
2025-08-16,0.01,27.58,63.41,20.65,3.42,0.38
2025-08-17,0.0,27.77,64.87,21.55,3.29,0.38
2025-08-18,0.05,27.74,68.07,19.08,3.02,0.38
2025-08-19,0.09,27.4,68.39,20.58,3.14,0.37
2025-08-20,0.02,27.2,68.2,21.73,2.53,0.37
2025-08-21,0.01,27.05,66.06,20.79,1.83,0.37
2025-08-22,0.0,27.28,62.84,22.35,1.86,0.36
2025-08-23,0.0,27.55,66.66,21.69,2.36,0.36
2025-08-24,0.01,27.98,66.39,20.27,1.7,0.36
2025-08-25,0.2,27.68,69.74,14.79,2.25,0.36
2025-08-26,0.05,26.96,74.02,20.37,3.34,0.35
2025-08-27,0.0,26.78,76.9,20.61,4.39,0.35
2025-08-28,0.01,26.69,76.14,21.57,3.77,0.35
2025-08-29,0.0,27.02,73.87,20.2,3.55,0.35
2025-08-30,0.0,27.47,68.9,22.25,2.27,0.35
2025-08-31,0.03,27.78,70.7,23.49,2.44,0.34
2025-09-01,0.1,28.31,68.52,22.4,4.24,0.34
2025-09-02,0.01,28.08,65.73,23.68,4.11,0.34
2025-09-03,0.0,27.66,64.39,24.53,2.81,0.34
2025-09-04,0.0,27.75,60.28,24.18,2.4,0.34
2025-09-05,0.0,28.09,65.59,24.06,1.94,0.33
2025-09-06,0.01,27.87,69.55,23.47,1.91,0.33
2025-09-07,0.62,27.94,72.73,22.96,2.79,0.33
2025-09-08,0.77,28.11,74.68,16.68,1.88,0.33
2025-09-09,1.66,28.13,77.66,20.38,2.46,0.33
2025-09-10,0.36,28.6,71.18,24.31,2.2,0.34
2025-09-11,0.16,28.67,67.54,23.93,1.28,0.33
2025-09-12,0.16,28.96,66.86,20.88,1.95,0.33
2025-09-13,0.27,28.85,65.74,24.0,3.38,0.33
2025-09-14,0.02,28.64,64.76,24.22,3.01,0.33
2025-09-15,0.02,28.53,65.91,23.63,1.86,0.33
2025-09-16,0.02,28.36,66.02,22.62,1.66,0.33
2025-09-17,0.01,28.37,66.46,20.39,1.55,0.33
2025-09-18,0.02,28.58,64.25,23.25,1.68,0.33
2025-09-19,0.01,28.29,63.84,23.52,1.97,0.33
2025-09-20,0.0,28.59,64.32,25.09,1.48,0.33
2025-09-21,0.0,28.64,71.42,25.85,3.07,0.33
2025-09-22,0.01,28.91,70.15,25.11,2.65,0.33
2025-09-23,0.21,28.94,68.56,24.53,1.65,0.33
2025-09-24,0.12,29.15,64.43,21.74,3.36,0.33
2025-09-25,0.07,29.15,65.25,24.32,2.57,0.33
2025-09-26,0.21,29.01,67.37,22.77,2.06,0.33
2025-09-27,0.11,29.36,67.37,22.25,2.54,0.33
2025-09-28,2.61,29.24,66.85,19.15,2.33,0.33
2025-09-29,6.63,28.77,71.67,20.53,1.81,0.34
2025-09-30,0.09,28.98,70.01,22.25,1.67,0.34
2025-10-01,0.11,29.14,67.29,26.18,1.49,0.34
2025-10-02,0.39,29.1,66.61,26.4,1.4,0.33
2025-10-03,0.37,29.3,68.96,25.04,1.33,0.33
2025-10-04,0.16,29.37,68.09,25.28,1.27,0.33
2025-10-05,0.13,29.21,68.7,24.94,1.75,0.33
2025-10-06,0.04,29.04,69.47,25.85,3.32,0.33
2025-10-07,0.06,28.76,68.59,24.09,2.58,0.33
2025-10-08,0.08,28.95,67.73,25.7,2.3,0.33
2025-10-09,0.37,29.17,66.14,23.28,1.35,0.33
2025-10-10,3.44,28.39,70.88,19.05,1.64,0.33
2025-10-11,2.08,28.74,71.03,23.39,1.27,0.34
2025-10-12,0.32,29.56,69.73,22.77,1.8,0.34
2025-10-13,4.18,29.6,68.26,22.24,1.38,0.34
2025-10-14,5.34,29.08,71.04,22.93,1.6,0.35
2025-10-15,2.13,29.52,69.34,25.04,1.69,0.35
2025-10-16,5.98,29.63,69.28,25.27,2.08,0.35
2025-10-17,0.82,30.18,65.13,26.01,2.05,0.35
2025-10-18,7.27,29.39,71.69,20.77,2.31,0.36
2025-10-19,7.28,29.2,75.4,22.55,2.07,0.37
2025-10-20,3.29,29.39,72.9,22.95,1.36,0.37
2025-10-21,0.16,29.61,68.11,25.18,1.49,0.37
2025-10-22,0.5,29.77,65.85,25.83,1.25,0.37
2025-10-23,0.57,29.51,67.55,24.4,1.29,0.36
2025-10-24,0.07,29.91,65.21,25.75,1.37,0.36
2025-10-25,0.36,29.17,71.1,23.32,1.93,0.36
2025-10-26,0.36,29.78,68.58,23.09,1.42,0.35
2025-10-27,0.17,29.73,66.75,20.19,0.97,0.35
2025-10-28,0.06,29.81,67.97,25.89,1.17,0.35
2025-10-29,0.18,29.44,71.09,22.49,2.19,0.35
2025-10-30,0.88,29.21,72.11,21.26,1.72,0.34
2025-10-31,2.18,29.57,72.43,24.08,1.68,0.34
2025-11-01,1.21,29.66,71.08,25.69,1.76,0.35
2025-11-02,0.84,30.15,70.6,26.07,1.77,0.34
2025-11-03,0.57,29.61,75.22,25.44,3.41,0.34
2025-11-04,0.67,29.58,74.39,23.42,3.63,0.34
2025-11-05,0.64,29.11,77.79,22.89,3.78,0.34
2025-11-06,2.92,28.94,79.64,15.1,3.24,0.35
2025-11-07,1.26,28.98,73.87,19.83,1.42,0.35
2025-11-08,0.49,29.35,71.53,23.41,2.0,0.35
2025-11-09,0.47,29.31,74.41,21.46,2.53,0.35
2025-11-10,5.08,29.01,77.48,18.96,2.65,0.35
2025-11-11,4.13,28.79,75.28,14.47,2.68,0.36
2025-11-12,4.91,28.46,72.16,15.39,1.82,0.36
2025-11-13,5.62,28.7,73.6,20.93,2.28,0.37
2025-11-14,25.0,28.12,80.49,13.82,2.56,0.39
2025-11-15,25.85,28.6,76.95,19.26,3.58,0.43
2025-11-16,10.3,28.98,75.25,23.12,4.14,0.47
2025-11-17,0.19,29.42,72.26,22.94,4.22,0.47
2025-11-18,1.71,29.31,75.1,22.75,3.78,0.46
2025-11-19,3.74,29.05,77.95,21.21,3.08,0.46
2025-11-20,1.26,29.17,77.78,25.2,3.63,0.46
2025-11-21,0.4,29.27,76.15,23.4,3.03,0.46
2025-11-22,0.18,29.29,74.68,24.49,3.14,0.45
2025-11-23,0.29,29.44,74.45,24.24,3.15,0.45
2025-11-24,0.73,29.31,76.16,23.87,3.58,0.44
2025-11-25,0.98,29.59,75.51,23.2,3.09,0.44
2025-11-26,1.02,29.48,73.89,22.99,1.42,0.44
2025-11-27,1.19,28.97,75.42,22.73,1.77,0.44
2025-11-28,8.14,29.08,74.81,24.18,1.4,0.45
2025-11-29,6.01,29.07,75.22,20.73,1.15,0.46
2025-11-30,12.05,28.61,78.73,18.51,2.53,0.47
2025-12-01,9.4,28.57,82.81,21.3,4.81,0.49
2025-12-02,5.94,28.66,80.81,22.43,3.28,0.5
2025-12-03,4.71,28.55,80.72,18.33,2.91,0.5
2025-12-04,0.86,28.32,78.36,23.53,2.01,0.5
2025-12-05,0.81,28.5,77.44,21.35,2.11,0.5
2025-12-06,1.92,28.59,78.79,20.78,3.69,0.5
2025-12-07,4.38,28.47,79.42,11.61,2.99,0.5
2025-12-08,10.53,28.23,82.28,14.21,3.02,0.51
2025-12-09,16.16,27.15,86.07,14.98,3.44,0.53
2025-12-10,8.76,27.93,76.84,22.07,1.66,0.55
2025-12-11,3.08,28.18,79.06,20.59,0.87,0.55
2025-12-12,14.88,28.2,81.7,19.52,2.16,0.56
2025-12-13,13.66,27.87,84.76,19.11,2.61,0.59
2025-12-14,11.08,27.85,83.79,16.69,3.93,0.61
2025-12-15,15.31,28.29,79.98,20.78,2.43,0.62
2025-12-16,2.3,28.64,77.35,20.26,2.7,0.62
2025-12-17,7.61,28.59,77.45,23.18,2.17,0.62
2025-12-18,8.35,28.1,80.04,17.16,2.26,0.64
2025-12-19,4.63,28.62,79.21,24.28,2.42,0.64
2025-12-20,4.56,28.65,77.44,18.51,2.72,0.64
2025-12-21,15.08,28.4,80.01,17.06,2.1,0.65
2025-12-22,10.53,27.87,84.73,15.84,1.68,0.66
2025-12-23,5.05,28.18,84.46,20.84,4.03,0.67
2025-12-24,8.13,28.12,84.09,16.69,4.49,0.68
2025-12-25,2.82,28.25,83.13,19.48,3.37,0.68
2025-12-26,1.56,28.52,81.87,20.35,3.82,0.68
2025-12-27,7.05,28.25,84.62,15.85,4.69,0.68
2025-12-28,4.16,28.05,83.06,16.59,4.93,0.68
2025-12-29,10.45,27.93,83.33,19.95,3.48,0.69
2025-12-30,6.15,27.51,84.45,15.09,3.19,0.7
2025-12-31,9.9,27.89,83.47,19.71,2.73,0.7
