DATE,PRECTOTCORR,T2M,RH2M,ALLSKY_SFC_SW_DWN,WS2M,GWETROOT
1996-01-01,3.64,26.09,82.96,22.69,1.05,0.56
1996-01-02,10.66,26.04,87.79,14.08,1.12,0.57
1996-01-03,11.84,25.41,90.4,12.31,1.73,0.59
1996-01-04,9.41,25.19,88.51,12.14,1.57,0.61
1996-01-05,2.87,25.78,84.33,18.54,1.49,0.61
1996-01-06,0.31,26.13,80.35,19.81,1.13,0.6
1996-01-07,0.84,26.33,78.91,23.83,1.44,0.6
1996-01-08,1.47,26.43,81.05,25.53,1.48,0.59
1996-01-09,0.17,26.16,84.0,24.66,1.82,0.58
1996-01-10,0.3,26.4,81.56,25.72,1.99,0.57
1996-01-11,0.22,26.59,81.1,22.74,1.72,0.57
1996-01-12,0.32,26.45,81.93,21.94,1.21,0.56
1996-01-13,2.86,26.39,83.06,16.87,1.34,0.56
1996-01-14,1.76,26.15,84.57,22.18,1.47,0.57
1996-01-15,1.2,27.07,79.32,18.64,1.53,0.56
1996-01-16,3.35,27.29,80.36,22.2,1.24,0.56
1996-01-17,1.43,26.95,84.13,22.22,1.12,0.56
1996-01-18,1.24,26.8,83.18,22.57,1.34,0.56
1996-01-19,2.09,26.25,86.12,18.31,1.28,0.56
1996-01-20,26.0,25.46,88.27,9.61,1.68,0.58
1996-01-21,6.47,26.47,82.04,18.91,1.2,0.62
1996-01-22,1.99,26.54,84.71,18.97,1.56,0.61
1996-01-23,9.85,25.93,87.15,18.83,1.35,0.61
1996-01-24,32.22,25.86,88.18,13.09,1.9,0.64
1996-01-25,13.48,25.5,86.38,20.52,2.33,0.68
1996-01-26,3.14,25.6,86.27,23.38,2.04,0.66
1996-01-27,8.88,25.07,89.78,13.46,2.31,0.65
1996-01-28,3.71,26.18,84.61,15.26,2.57,0.65
1996-01-29,5.16,26.2,85.54,17.29,2.54,0.64
1996-01-30,6.16,26.32,83.29,20.41,1.95,0.63
1996-01-31,2.22,25.74,87.65,9.43,1.67,0.63
1996-02-01,9.44,25.89,87.61,20.25,1.8,0.63
1996-02-02,7.09,26.41,85.33,18.36,2.08,0.64
1996-02-03,7.98,26.57,84.58,17.48,2.6,0.64
1996-02-04,2.86,26.74,83.27,19.1,2.25,0.63
1996-02-05,18.85,26.47,84.97,14.92,1.57,0.64
1996-02-06,30.34,25.82,89.27,21.58,2.44,0.68
1996-02-07,19.27,25.26,92.42,13.93,1.77,0.72
1996-02-08,6.49,25.92,89.4,18.27,1.32,0.71
1996-02-09,3.3,25.61,92.61,11.2,1.58,0.7
1996-02-10,9.49,25.37,91.14,16.99,1.76,0.69
1996-02-11,18.92,25.07,89.56,15.62,1.67,0.7
1996-02-12,7.73,25.13,89.0,13.48,1.53,0.71
1996-02-13,3.17,25.64,89.88,19.9,1.13,0.7
1996-02-14,11.03,25.92,93.18,18.93,1.52,0.69
1996-02-15,4.92,26.24,90.28,15.74,1.0,0.7
1996-02-16,10.99,26.05,90.33,10.04,1.05,0.7
1996-02-17,3.22,26.23,88.14,19.55,1.18,0.71
1996-02-18,0.4,26.19,86.78,22.49,1.12,0.7
1996-02-19,1.49,26.61,83.26,19.01,1.3,0.68
1996-02-20,2.41,25.64,86.93,10.1,1.26,0.68
1996-02-21,7.76,25.98,83.86,19.49,1.03,0.68
1996-02-22,8.76,26.87,81.93,22.7,1.09,0.69
1996-02-23,23.51,25.79,88.24,19.8,1.06,0.7
1996-02-24,10.33,25.98,86.64,21.7,1.4,0.73
1996-02-25,6.01,25.66,86.02,15.29,1.58,0.73
1996-02-26,30.23,25.66,87.28,4.74,2.06,0.74
1996-02-27,12.38,25.93,85.6,14.62,2.0,0.76
1996-02-28,5.5,25.97,90.16,20.63,2.13,0.74
1996-02-29,6.18,25.5,90.77,14.91,1.98,0.74
1996-03-01,14.16,25.55,91.28,18.65,1.99,0.74
1996-03-02,11.35,25.82,89.15,13.35,2.29,0.75
1996-03-03,3.16,26.01,87.51,19.39,2.09,0.74
1996-03-04,21.2,26.1,88.39,23.82,2.23,0.74
1996-03-05,5.41,26.11,85.69,22.98,2.17,0.75
1996-03-06,1.87,26.06,86.49,21.31,2.03,0.74
1996-03-07,2.41,26.32,84.88,21.97,2.02,0.73
1996-03-08,6.59,25.94,82.8,17.95,2.21,0.72
1996-03-09,2.53,26.38,81.69,22.13,2.49,0.72
1996-03-10,1.1,26.02,82.52,18.07,2.6,0.71
1996-03-11,17.48,26.56,81.04,19.06,1.96,0.71
1996-03-12,13.51,26.19,89.15,15.9,1.29,0.75
1996-03-13,0.74,26.91,82.31,22.94,0.9,0.74
1996-03-14,1.26,26.41,85.92,22.06,1.17,0.73
1996-03-15,1.0,26.65,84.26,22.05,1.44,0.72
1996-03-16,0.43,26.61,87.98,22.69,1.68,0.71
1996-03-17,0.27,26.94,87.71,23.75,1.52,0.71
1996-03-18,11.22,26.57,91.22,23.3,1.65,0.72
1996-03-19,9.61,26.53,88.12,21.4,1.59,0.73
1996-03-20,2.99,26.87,85.04,22.86,1.51,0.73
1996-03-21,1.42,27.04,82.33,22.14,1.5,0.72
1996-03-22,19.3,26.63,88.2,20.73,1.55,0.73
1996-03-23,28.39,26.01,88.93,18.74,1.63,0.77
1996-03-24,14.45,26.18,86.78,15.97,1.99,0.79
1996-03-25,2.76,26.4,80.09,23.11,2.1,0.77
1996-03-26,0.47,26.61,81.8,22.44,1.88,0.75
1996-03-27,0.09,26.79,81.89,23.02,1.88,0.73
1996-03-28,0.01,26.87,79.92,23.2,1.73,0.72
1996-03-29,0.0,26.49,77.91,25.17,1.66,0.71
1996-03-30,0.0,26.53,79.54,21.94,1.77,0.71
1996-03-31,0.43,26.66,81.75,23.11,1.78,0.7
1996-04-01,0.47,26.82,81.48,22.69,1.6,0.7
1996-04-02,0.34,26.66,83.3,22.15,1.64,0.69
1996-04-03,0.53,26.78,85.97,22.19,1.54,0.69
1996-04-04,1.24,26.16,88.63,20.09,1.2,0.69
1996-04-05,6.51,26.39,83.01,17.84,1.44,0.69
1996-04-06,2.03,26.51,81.66,19.24,1.51,0.7
1996-04-07,0.3,26.6,83.93,22.55,2.02,0.7
1996-04-08,2.98,26.51,83.8,19.47,2.72,0.69
1996-04-09,1.55,26.74,83.32,15.98,2.14,0.69
1996-04-10,2.27,26.67,86.4,14.93,1.27,0.69
1996-04-11,7.67,26.06,87.42,17.38,0.45,0.7
1996-04-12,7.07,25.62,88.88,19.01,1.28,0.7
1996-04-13,3.55,26.05,88.15,18.13,1.34,0.71
1996-04-14,0.64,26.39,84.81,18.62,1.46,0.7
1996-04-15,0.03,27.12,82.47,21.13,1.33,0.7
1996-04-16,5.19,26.9,84.24,19.14,1.09,0.69
1996-04-17,35.27,26.25,89.84,20.93,1.42,0.72
1996-04-18,17.61,26.32,88.5,19.45,1.34,0.77
1996-04-19,2.37,26.78,85.99,21.84,1.68,0.76
1996-04-20,2.51,26.87,83.58,19.69,1.87,0.74
1996-04-21,0.73,26.39,82.13,21.26,2.19,0.72
1996-04-22,0.05,25.92,79.74,22.43,2.24,0.71
1996-04-23,0.03,25.19,75.57,21.74,2.19,0.7
1996-04-24,0.03,25.38,72.54,21.66,2.04,0.69
1996-04-25,0.01,25.02,76.66,21.85,1.87,0.68
1996-04-26,0.81,25.15,80.42,21.61,2.05,0.68
1996-04-27,1.18,25.5,80.56,21.65,2.23,0.68
1996-04-28,0.02,25.5,78.79,21.49,2.23,0.67
1996-04-29,0.01,25.38,81.18,21.36,2.08,0.67
1996-04-30,0.0,25.63,80.91,21.68,1.93,0.66
1996-05-01,0.15,25.88,83.46,20.93,1.93,0.66
1996-05-02,0.45,25.9,83.91,20.84,2.05,0.66
1996-05-03,0.48,25.34,81.88,20.18,2.1,0.66
1996-05-04,0.0,24.45,75.69,21.78,2.01,0.65
1996-05-05,0.0,24.06,73.03,21.28,2.1,0.65
1996-05-06,0.0,24.14,73.43,21.83,2.26,0.65
1996-05-07,0.0,24.81,75.19,21.36,1.83,0.64
1996-05-08,0.23,24.24,77.25,19.39,2.11,0.64
1996-05-09,0.08,24.29,74.38,20.77,2.09,0.64
1996-05-10,0.09,24.44,78.08,21.82,1.95,0.63
1996-05-11,0.28,24.78,82.78,21.53,1.91,0.63
1996-05-12,0.33,24.78,82.86,20.69,2.05,0.63
1996-05-13,0.72,24.8,86.54,19.05,1.65,0.62
1996-05-14,13.42,25.04,89.83,15.53,2.11,0.64
1996-05-15,7.39,25.59,89.06,18.64,2.08,0.65
1996-05-16,0.77,25.77,86.69,19.09,2.1,0.65
1996-05-17,11.55,25.16,86.68,17.53,2.2,0.66
1996-05-18,3.13,25.01,85.87,17.66,2.25,0.66
1996-05-19,0.97,25.13,85.03,19.11,2.19,0.66
1996-05-20,0.03,25.1,82.49,19.01,2.3,0.65
1996-05-21,0.05,24.88,83.6,18.73,2.34,0.64
1996-05-22,0.15,24.89,84.88,19.35,2.42,0.64
1996-05-23,0.2,24.76,82.27,17.92,2.3,0.63
1996-05-24,0.06,24.52,78.5,19.94,2.37,0.62
1996-05-25,0.02,24.72,80.39,19.22,2.02,0.62
1996-05-26,0.11,24.75,81.77,18.9,2.0,0.61
1996-05-27,0.03,24.76,82.43,18.77,2.02,0.61
1996-05-28,0.01,25.14,82.59,18.24,1.76,0.61
1996-05-29,0.19,25.46,85.97,19.11,1.79,0.6
1996-05-30,0.23,25.91,86.19,18.92,1.99,0.6
1996-05-31,0.12,25.89,84.45,18.83,2.01,0.6
1996-06-01,0.54,25.6,84.92,18.13,2.17,0.6
1996-06-02,14.52,25.47,85.8,16.85,1.95,0.61
1996-06-03,0.21,25.51,82.98,19.89,2.43,0.62
1996-06-04,0.01,25.15,79.0,18.75,2.21,0.61
1996-06-05,0.0,25.06,81.82,18.16,2.08,0.6
1996-06-06,0.13,25.02,83.59,17.44,1.98,0.6
1996-06-07,0.07,25.1,84.82,17.58,1.69,0.59
1996-06-08,0.11,25.26,84.28,16.63,1.8,0.59
1996-06-09,3.62,24.9,85.02,17.56,2.06,0.59
1996-06-10,0.17,25.22,84.18,17.41,2.1,0.59
1996-06-11,0.03,25.44,82.53,17.85,1.89,0.58
1996-06-12,0.03,25.14,83.89,18.47,2.04,0.58
1996-06-13,0.07,25.27,82.48,17.59,2.14,0.58
1996-06-14,0.07,25.36,82.58,17.77,1.9,0.57
1996-06-15,0.09,25.43,83.26,18.14,1.56,0.57
1996-06-16,0.05,25.22,83.48,18.54,1.72,0.57
1996-06-17,0.0,25.0,84.4,18.54,1.55,0.57
1996-06-18,0.01,25.12,84.39,14.11,1.32,0.56
1996-06-19,0.0,25.21,84.37,17.12,1.76,0.56
1996-06-20,0.01,25.35,81.86,18.28,1.48,0.56
1996-06-21,0.0,25.03,82.86,17.52,1.79,0.56
1996-06-22,0.01,25.14,80.47,16.67,1.91,0.55
1996-06-23,0.11,25.45,82.15,18.13,1.73,0.55
1996-06-24,0.71,25.59,84.6,17.46,1.29,0.55
1996-06-25,0.11,25.3,84.19,18.53,1.49,0.55
1996-06-26,0.0,25.47,83.74,17.71,1.78,0.55
1996-06-27,0.08,25.17,83.67,17.92,1.98,0.55
1996-06-28,0.14,25.26,82.47,17.92,2.14,0.54
1996-06-29,0.12,25.96,82.68,18.48,1.96,0.54
1996-06-30,0.01,25.77,81.9,17.73,1.84,0.54
1996-07-01,0.0,25.49,79.11,18.25,2.16,0.54
1996-07-02,0.06,25.33,81.41,19.26,2.26,0.53
1996-07-03,0.02,25.33,80.74,18.48,2.0,0.53
1996-07-04,0.12,24.8,81.76,17.24,2.1,0.53
1996-07-05,0.22,24.7,81.04,17.04,2.4,0.53
1996-07-06,0.05,24.53,80.15,17.58,2.32,0.53
1996-07-07,0.07,24.86,82.27,16.96,2.21,0.53
1996-07-08,0.28,24.93,81.63,18.16,2.44,0.52
1996-07-09,0.39,24.52,81.25,17.56,2.34,0.52
1996-07-10,0.1,24.12,80.03,18.45,2.3,0.52
1996-07-11,0.15,24.81,81.19,17.42,1.85,0.52
1996-07-12,2.61,24.81,82.82,16.91,1.93,0.52
1996-07-13,0.29,24.92,80.41,17.75,1.85,0.52
1996-07-14,0.0,25.25,78.02,16.41,1.64,0.52
1996-07-15,0.0,24.86,78.55,19.79,1.63,0.51
1996-07-16,0.0,23.93,79.3,17.77,1.75,0.51
1996-07-17,0.41,23.54,79.92,19.16,1.83,0.51
1996-07-18,0.07,24.05,77.69,18.89,1.93,0.51
1996-07-19,0.81,25.01,77.0,18.34,2.09,0.51
1996-07-20,0.0,25.39,78.81,18.75,1.84,0.5
1996-07-21,0.0,24.82,82.7,18.16,1.86,0.5
1996-07-22,0.03,25.05,82.7,18.31,1.73,0.5
1996-07-23,2.11,25.21,82.9,18.16,1.72,0.5
1996-07-24,0.14,25.55,79.9,19.55,1.85,0.5
1996-07-25,0.24,25.21,80.64,18.66,2.49,0.5
1996-07-26,0.32,25.12,77.64,19.36,2.47,0.5
1996-07-27,0.08,24.77,76.13,18.71,1.99,0.5
1996-07-28,0.01,24.36,76.11,19.3,2.17,0.49
1996-07-29,0.0,23.58,73.92,20.49,2.16,0.49
1996-07-30,0.0,23.9,70.33,19.89,2.11,0.49
1996-07-31,0.0,23.7,73.54,18.68,1.82,0.49
1996-08-01,0.0,23.97,72.05,20.46,1.8,0.49
1996-08-02,0.0,24.09,73.47,19.84,1.84,0.49
1996-08-03,0.18,24.0,72.72,20.95,1.96,0.48
1996-08-04,0.59,23.85,73.89,20.49,2.13,0.48
1996-08-05,0.04,24.48,73.78,20.05,2.01,0.48
1996-08-06,0.23,24.17,81.23,18.9,2.06,0.48
1996-08-07,0.42,24.48,81.49,19.21,2.48,0.48
1996-08-08,0.18,24.67,80.57,17.2,2.26,0.48
1996-08-09,0.02,25.16,79.15,18.78,1.75,0.48
1996-08-10,2.25,25.59,82.11,15.69,1.59,0.48
1996-08-11,3.48,25.67,82.04,19.53,2.04,0.49
1996-08-12,0.0,25.96,76.69,20.92,2.07,0.48
1996-08-13,0.02,26.13,74.11,19.64,1.88,0.48
1996-08-14,0.02,25.67,79.95,20.39,2.01,0.48
1996-08-15,0.73,26.26,78.94,20.21,2.01,0.48
1996-08-16,0.07,25.68,78.08,19.89,2.18,0.48
1996-08-17,0.12,24.95,78.54,19.06,2.0,0.47
1996-08-18,0.07,25.26,79.14,20.61,1.83,0.47
1996-08-19,0.0,25.64,78.26,21.09,1.9,0.47
1996-08-20,0.04,26.01,76.64,20.73,1.87,0.47
1996-08-21,0.1,26.33,76.52,20.91,1.93,0.47
1996-08-22,0.05,25.84,73.77,21.38,2.43,0.47
1996-08-23,0.0,25.27,68.93,22.27,2.1,0.46
1996-08-24,0.0,25.6,69.2,22.54,1.38,0.46
1996-08-25,1.88,25.46,81.0,15.09,1.69,0.46
1996-08-26,3.34,25.66,83.66,20.55,1.96,0.47
1996-08-27,0.02,26.15,78.67,21.39,1.97,0.47
1996-08-28,0.0,25.73,76.55,21.55,2.17,0.47
1996-08-29,0.14,26.04,76.13,20.41,2.13,0.46
1996-08-30,0.01,26.13,76.03,22.42,1.95,0.46
1996-08-31,0.05,25.98,76.88,21.12,1.91,0.46
1996-09-01,0.28,25.69,76.75,21.4,2.02,0.46
1996-09-02,0.0,25.4,74.27,22.5,1.96,0.46
1996-09-03,0.0,25.44,72.85,22.92,2.29,0.46
1996-09-04,0.05,25.59,73.59,22.38,2.27,0.46
1996-09-05,1.04,25.69,73.48,18.89,2.35,0.46
1996-09-06,0.12,25.74,71.82,22.44,2.48,0.46
1996-09-07,0.15,25.66,76.31,20.63,2.23,0.45
1996-09-08,0.11,25.97,72.4,23.51,2.04,0.45
1996-09-09,0.0,25.31,73.15,23.34,2.03,0.45
1996-09-10,0.0,25.28,69.45,23.41,1.7,0.45
1996-09-11,0.0,25.36,74.45,23.57,2.06,0.45
1996-09-12,0.11,25.42,75.77,22.98,2.2,0.45
1996-09-13,0.32,25.77,74.64,23.36,1.84,0.45
1996-09-14,0.0,26.11,72.54,23.78,1.65,0.45
1996-09-15,0.01,26.34,77.28,22.41,2.04,0.45
1996-09-16,0.03,26.72,77.11,23.14,1.93,0.45
1996-09-17,0.09,26.71,75.22,23.36,2.45,0.45
1996-09-18,0.1,26.31,76.06,24.1,2.29,0.45
1996-09-19,0.1,26.38,75.43,23.71,1.85,0.45
1996-09-20,0.11,26.67,74.92,24.56,1.67,0.44
1996-09-21,0.15,26.67,73.81,23.1,1.54,0.44
1996-09-22,0.0,26.5,70.79,24.09,1.71,0.44
1996-09-23,0.0,25.53,66.26,25.32,2.08,0.44
1996-09-24,0.0,24.8,69.6,26.06,1.97,0.44
1996-09-25,0.0,25.18,70.81,25.71,1.62,0.44
1996-09-26,0.19,25.18,70.98,24.86,1.46,0.44
1996-09-27,0.01,25.21,70.66,23.53,1.67,0.44
1996-09-28,0.08,25.33,71.96,24.5,1.72,0.44
1996-09-29,0.08,25.54,73.59,21.52,1.85,0.44
1996-09-30,0.11,26.14,73.13,18.3,1.6,0.44
1996-10-01,0.3,26.61,74.57,24.7,1.79,0.44
1996-10-02,6.06,26.92,78.4,22.96,1.61,0.44
1996-10-03,9.49,26.89,79.48,22.6,2.02,0.46
1996-10-04,1.79,27.07,78.09,19.79,2.0,0.47
1996-10-05,0.26,27.26,74.27,22.99,1.81,0.46
1996-10-06,1.24,26.98,76.18,23.42,2.04,0.46
1996-10-07,7.14,27.25,75.02,24.59,2.09,0.47
1996-10-08,0.31,27.22,73.66,22.99,1.75,0.47
1996-10-09,0.0,27.35,72.26,23.01,1.37,0.46
1996-10-10,0.0,27.14,71.92,23.0,1.75,0.46
1996-10-11,0.0,26.77,69.78,21.98,1.91,0.46
1996-10-12,0.01,26.66,73.59,25.35,2.09,0.45
1996-10-13,0.0,27.45,71.48,24.83,1.97,0.45
1996-10-14,0.0,27.92,70.96,22.67,1.77,0.45
1996-10-15,6.77,27.46,75.93,22.65,1.96,0.45
1996-10-16,32.02,26.93,80.22,23.04,2.04,0.49
1996-10-17,16.72,27.05,78.62,22.54,1.99,0.54
1996-10-18,19.12,26.69,80.99,23.39,1.65,0.55
1996-10-19,4.9,26.64,81.84,20.93,1.47,0.56
1996-10-20,2.8,27.66,77.44,22.39,1.48,0.55
1996-10-21,2.71,27.58,80.07,24.24,2.0,0.54
1996-10-22,4.5,27.87,77.89,24.66,1.95,0.53
1996-10-23,19.26,27.2,86.16,19.99,1.98,0.54
1996-10-24,13.96,27.03,84.69,21.23,1.76,0.57
1996-10-25,14.22,26.97,84.37,21.84,1.41,0.59
1996-10-26,8.29,26.82,82.7,24.56,1.67,0.59
1996-10-27,2.19,27.59,77.08,23.02,1.63,0.58
1996-10-28,16.62,27.45,80.44,23.35,1.64,0.58
1996-10-29,9.81,27.42,81.39,21.54,1.77,0.59
1996-10-30,0.5,27.59,76.96,20.92,1.87,0.58
1996-10-31,1.49,27.56,77.22,22.17,1.89,0.57
1996-11-01,1.48,27.34,77.86,23.37,1.81,0.55
1996-11-02,1.77,27.56,76.63,24.55,2.09,0.54
1996-11-03,0.86,27.52,76.87,21.9,2.33,0.54
1996-11-04,3.59,27.85,75.39,21.84,1.96,0.53
1996-11-05,9.08,27.14,78.97,18.17,1.39,0.54
1996-11-06,2.64,26.29,81.83,16.48,1.39,0.54
1996-11-07,16.47,25.87,83.08,18.53,1.59,0.56
1996-11-08,13.93,26.04,85.27,17.88,2.02,0.57
1996-11-09,14.12,26.73,85.75,25.69,1.71,0.6
1996-11-10,4.86,27.37,82.27,20.1,1.83,0.6
1996-11-11,0.38,27.3,79.81,22.8,1.53,0.58
1996-11-12,0.15,27.89,72.78,24.87,1.04,0.57
1996-11-13,0.27,27.23,76.78,21.55,1.46,0.56
1996-11-14,7.3,26.99,79.2,23.83,1.82,0.55
1996-11-15,7.52,26.13,83.1,17.04,1.49,0.56
1996-11-16,19.55,25.48,89.26,13.66,1.83,0.58
1996-11-17,8.58,26.03,85.82,17.75,1.21,0.6
1996-11-18,9.73,26.43,85.27,24.4,1.49,0.61
1996-11-19,7.41,26.67,83.54,24.89,1.48,0.61
1996-11-20,12.96,26.72,85.5,23.24,1.74,0.62
1996-11-21,18.16,26.58,86.25,20.47,1.94,0.63
1996-11-22,6.04,26.86,81.53,22.67,2.19,0.64
1996-11-23,2.39,26.95,79.58,21.41,2.01,0.62
1996-11-24,4.82,27.4,78.8,22.12,1.76,0.61
1996-11-25,1.71,27.54,76.21,23.85,1.95,0.6
1996-11-26,0.01,27.37,72.92,25.1,2.18,0.59
1996-11-27,0.0,27.17,71.58,23.0,1.85,0.57
1996-11-28,0.06,27.76,69.08,23.53,1.61,0.56
1996-11-29,5.45,27.68,78.58,19.7,1.72,0.56
1996-11-30,11.32,27.24,86.05,25.59,1.56,0.58
1996-12-01,7.21,27.27,85.3,22.88,1.41,0.58
1996-12-02,69.64,26.2,91.76,12.46,1.24,0.65
1996-12-03,7.5,27.26,80.44,18.48,1.05,0.72
1996-12-04,3.06,27.04,86.13,23.84,1.39,0.69
1996-12-05,15.29,26.81,85.91,20.74,1.28,0.69
1996-12-06,10.6,26.92,86.07,23.91,1.46,0.69
1996-12-07,11.99,26.49,86.95,16.14,1.25,0.69
1996-12-08,5.2,26.5,84.44,8.71,0.95,0.69
1996-12-09,2.35,26.59,84.8,17.52,0.93,0.67
1996-12-10,11.47,25.99,88.12,12.14,1.32,0.66
1996-12-11,9.08,26.68,82.01,19.92,1.24,0.68
1996-12-12,6.99,26.23,86.07,17.79,1.67,0.67
1996-12-13,4.42,27.19,79.51,14.76,1.01,0.66
1996-12-14,3.83,26.99,82.39,17.24,1.47,0.66
1996-12-15,8.84,26.83,86.58,11.01,1.52,0.66
1996-12-16,11.45,25.81,88.68,13.86,1.43,0.67
1996-12-17,1.79,26.73,83.35,21.38,2.61,0.67
1996-12-18,0.73,27.09,78.89,21.65,2.11,0.65
1996-12-19,0.81,26.33,83.25,21.25,2.08,0.65
1996-12-20,1.19,26.85,79.04,17.72,2.27,0.64
1996-12-21,9.81,25.96,87.91,16.01,2.18,0.64
1996-12-22,7.75,26.58,84.87,14.34,1.72,0.65
1996-12-23,0.64,25.92,87.49,16.03,1.65,0.65
1996-12-24,2.61,26.25,84.56,21.7,2.15,0.65
1996-12-25,2.69,26.14,89.2,23.24,2.45,0.64
1996-12-26,3.19,26.25,86.53,24.8,2.25,0.64
1996-12-27,1.54,26.47,85.79,20.62,2.71,0.64
1996-12-28,2.15,26.22,86.75,20.71,3.18,0.64
1996-12-29,2.01,26.69,83.11,22.39,3.63,0.64
1996-12-30,7.31,27.12,80.99,21.37,2.53,0.63
1996-12-31,25.22,26.91,87.33,19.78,2.26,0.66
1997-01-01,11.89,26.29,89.49,14.73,1.83,0.68
1997-01-02,16.83,26.16,89.09,17.82,1.44,0.7
1997-01-03,12.08,25.01,89.76,18.34,1.42,0.71
1997-01-04,2.42,25.69,82.24,22.53,1.97,0.7
1997-01-05,0.2,26.24,81.07,26.74,2.08,0.68
1997-01-06,3.92,26.73,82.26,26.27,1.92,0.67
1997-01-07,10.08,27.04,82.47,24.29,1.46,0.67
1997-01-08,15.6,26.05,87.16,12.29,1.37,0.7
1997-01-09,6.32,25.5,89.52,16.78,1.66,0.69
1997-01-10,10.81,25.25,88.72,22.31,1.56,0.7
1997-01-11,15.61,25.44,87.14,22.63,1.46,0.71
1997-01-12,6.7,26.7,81.86,20.88,0.83,0.72
1997-01-13,2.27,25.95,86.06,19.87,1.09,0.7
1997-01-14,1.56,25.76,84.94,17.19,1.12,0.69
1997-01-15,12.49,24.89,88.81,22.2,1.76,0.69
1997-01-16,15.16,25.18,87.3,15.11,2.06,0.72
1997-01-17,6.05,25.5,87.07,12.95,1.92,0.72
1997-01-18,20.59,25.53,88.69,17.86,2.32,0.72
1997-01-19,3.67,25.34,89.18,18.71,2.5,0.73
1997-01-20,2.05,26.26,83.43,21.45,1.91,0.72
1997-01-21,7.67,26.3,87.36,20.55,1.45,0.71
1997-01-22,12.75,26.14,88.23,15.14,1.97,0.72
1997-01-23,4.67,26.15,86.52,12.05,2.45,0.72
1997-01-24,7.22,26.02,88.07,11.56,1.81,0.72
1997-01-25,5.5,25.84,88.13,14.88,2.06,0.72
1997-01-26,1.63,25.84,87.03,21.25,1.74,0.71
1997-01-27,1.6,25.84,86.09,20.14,1.91,0.71
1997-01-28,1.13,26.03,87.94,20.24,1.77,0.7
1997-01-29,0.54,25.67,86.89,19.81,1.45,0.7
1997-01-30,0.04,26.62,83.63,21.42,1.29,0.69
1997-01-31,3.36,26.66,86.49,19.83,1.72,0.69
1997-02-01,4.68,26.86,86.09,19.18,1.65,0.69
1997-02-02,3.49,26.98,83.0,22.94,0.87,0.69
1997-02-03,4.17,26.45,88.25,21.68,1.3,0.69
1997-02-04,3.88,25.89,87.32,18.97,1.53,0.69
1997-02-05,4.34,25.69,89.84,18.12,1.23,0.69
1997-02-06,5.34,25.41,92.17,16.13,1.37,0.7
1997-02-07,22.13,24.81,92.61,15.56,1.51,0.72
1997-02-08,19.06,24.95,91.09,12.7,1.23,0.76
1997-02-09,4.98,25.31,90.7,16.42,1.21,0.75
1997-02-10,4.48,25.17,90.13,18.24,1.11,0.74
1997-02-11,11.02,25.23,91.55,14.48,1.41,0.74
1997-02-12,9.63,25.78,89.59,15.51,1.56,0.75
1997-02-13,2.56,25.16,91.93,21.0,1.51,0.74
1997-02-14,2.41,25.23,91.85,14.99,1.68,0.73
1997-02-15,11.83,25.32,92.78,14.61,1.93,0.74
1997-02-16,11.35,25.45,90.83,11.52,2.07,0.75
1997-02-17,4.75,26.13,86.08,18.32,1.04,0.74
1997-02-18,22.61,25.9,89.33,16.98,1.64,0.75
1997-02-19,24.98,25.98,93.39,12.85,1.98,0.78
1997-02-20,11.2,26.02,91.31,19.55,1.72,0.79
1997-02-21,13.72,25.58,91.47,15.28,2.25,0.79
1997-02-22,19.8,26.01,88.11,13.68,2.93,0.79
1997-02-23,19.49,25.63,87.96,12.08,2.66,0.81
1997-02-24,32.88,25.74,88.51,17.78,1.94,0.81
1997-02-25,31.32,25.25,92.16,11.03,2.5,0.85
1997-02-26,14.06,24.59,91.93,14.76,1.92,0.85
1997-02-27,9.86,25.47,88.88,16.93,1.95,0.84
1997-02-28,11.4,25.67,88.72,22.17,2.23,0.84
1997-03-01,2.25,25.76,87.57,24.44,2.53,0.84
1997-03-02,2.41,25.91,86.93,24.34,2.62,0.82
1997-03-03,3.59,25.78,87.73,21.41,2.98,0.82
1997-03-04,0.95,25.91,87.01,21.46,2.63,0.81
1997-03-05,1.46,25.86,87.05,22.08,2.66,0.8
1997-03-06,1.25,25.92,85.58,21.31,2.54,0.8
1997-03-07,2.3,25.88,83.1,22.82,2.03,0.79
1997-03-08,0.35,25.42,76.88,25.59,1.78,0.79
1997-03-09,0.03,25.23,77.2,25.91,1.6,0.78
1997-03-10,0.0,25.0,78.2,25.88,1.58,0.77
1997-03-11,0.0,25.36,75.82,21.85,1.49,0.77
1997-03-12,0.01,25.49,77.96,22.75,1.42,0.76
1997-03-13,0.03,25.24,79.36,25.82,1.34,0.76
1997-03-14,0.28,25.69,79.74,23.91,1.33,0.75
1997-03-15,0.09,25.84,81.25,24.35,1.7,0.75
1997-03-16,0.46,25.62,81.54,23.38,1.82,0.74
1997-03-17,0.12,25.33,82.43,23.87,1.83,0.74
1997-03-18,0.04,25.67,79.67,23.77,1.6,0.73
1997-03-19,1.24,25.86,78.24,24.27,1.7,0.73
1997-03-20,0.01,25.96,79.74,23.63,1.83,0.72
1997-03-21,0.06,25.92,81.16,22.87,1.8,0.72
1997-03-22,0.46,26.39,84.81,22.0,1.83,0.72
1997-03-23,0.09,26.04,82.25,23.64,2.02,0.71
1997-03-24,0.0,25.65,79.79,23.89,1.85,0.71
1997-03-25,1.11,25.72,79.35,22.18,1.69,0.7
1997-03-26,3.01,26.21,85.75,21.98,1.86,0.7
1997-03-27,0.1,26.21,81.72,22.04,2.04,0.7
1997-03-28,0.07,25.98,80.36,21.66,1.76,0.7
1997-03-29,0.14,26.34,83.14,23.14,1.57,0.69
1997-03-30,0.05,26.54,84.39,22.7,1.56,0.69
1997-03-31,0.0,26.33,83.68,22.35,1.63,0.69
1997-04-01,0.06,26.17,82.97,22.32,1.82,0.68
1997-04-02,0.58,26.35,83.64,19.28,1.76,0.68
1997-04-03,10.8,25.83,88.05,18.16,1.14,0.69
1997-04-04,4.47,26.42,86.04,17.7,1.27,0.7
1997-04-05,21.17,26.36,88.87,18.17,1.15,0.72
1997-04-06,6.31,26.07,86.51,21.49,1.44,0.74
1997-04-07,5.39,26.02,85.85,20.45,1.63,0.73
1997-04-08,4.89,26.21,84.37,21.64,1.65,0.72
1997-04-09,2.7,26.03,83.99,17.71,1.28,0.72
1997-04-10,0.3,26.1,82.61,14.75,1.48,0.71
1997-04-11,3.32,26.02,82.33,21.45,1.45,0.7
1997-04-12,1.03,25.94,82.75,18.57,1.45,0.7
1997-04-13,7.64,26.12,84.71,20.35,1.5,0.7
1997-04-14,4.18,25.91,87.94,17.77,1.22,0.71
1997-04-15,0.12,25.82,86.34,18.46,1.42,0.7
1997-04-16,0.37,26.07,83.18,21.74,1.62,0.7
1997-04-17,4.14,25.94,85.0,19.81,1.52,0.69
1997-04-18,1.24,25.75,86.85,19.1,1.75,0.7
1997-04-19,1.21,26.13,83.98,21.31,2.05,0.69
1997-04-20,0.03,26.31,82.71,20.56,2.25,0.69
1997-04-21,1.27,26.46,81.93,21.57,2.06,0.68
1997-04-22,0.38,26.33,82.63,20.56,2.0,0.68
1997-04-23,0.06,26.39,79.75,19.32,1.89,0.67
1997-04-24,1.42,26.07,84.47,20.28,1.97,0.67
1997-04-25,3.57,26.0,82.66,19.55,2.08,0.67
1997-04-26,0.58,26.2,82.73,21.02,2.26,0.67
1997-04-27,1.16,26.34,84.04,20.33,2.26,0.66
1997-04-28,1.88,26.18,87.61,18.1,2.12,0.66
1997-04-29,3.91,26.42,87.6,19.03,1.61,0.67
1997-04-30,0.52,26.22,84.31,19.29,1.98,0.67
1997-05-01,0.06,25.83,78.67,19.63,1.95,0.66
1997-05-02,0.03,25.7,79.38,20.49,2.06,0.66
1997-05-03,0.04,25.28,79.06,21.54,2.08,0.65
1997-05-04,0.62,25.24,80.84,20.28,1.9,0.65
1997-05-05,0.05,25.45,82.64,19.52,1.75,0.64
1997-05-06,0.05,25.94,83.32,18.6,1.49,0.64
1997-05-07,0.24,26.22,83.22,17.98,1.4,0.64
1997-05-08,0.31,26.11,85.54,18.89,1.3,0.64
1997-05-09,0.27,26.62,84.02,19.6,1.04,0.64
1997-05-10,1.96,26.4,84.76,18.87,1.42,0.64
1997-05-11,0.58,26.02,85.75,17.04,1.58,0.63
1997-05-12,0.06,26.3,84.32,19.55,1.25,0.63
1997-05-13,0.04,26.5,82.74,19.12,1.18,0.63
1997-05-14,0.05,26.36,84.78,17.8,1.52,0.62
1997-05-15,0.02,26.0,84.98,18.6,1.67,0.62
1997-05-16,21.58,25.63,85.51,19.53,1.58,0.64
1997-05-17,2.62,25.33,83.82,20.33,1.71,0.65
1997-05-18,0.28,25.6,83.05,19.71,1.53,0.65
1997-05-19,0.17,25.82,81.39,19.09,1.31,0.64
1997-05-20,0.03,26.06,78.01,20.32,0.96,0.63
1997-05-21,0.05,26.21,73.71,19.3,0.96,0.62
1997-05-22,0.0,26.59,74.49,19.55,0.93,0.62
1997-05-23,1.83,25.2,83.48,19.48,1.54,0.61
1997-05-24,3.64,24.9,84.54,19.1,1.75,0.61
1997-05-25,10.24,25.42,85.5,18.5,1.87,0.62
1997-05-26,1.9,25.86,83.42,19.1,1.97,0.63
1997-05-27,0.04,25.7,82.92,19.55,1.94,0.62
1997-05-28,0.0,25.0,79.65,19.36,1.82,0.62
1997-05-29,0.0,24.78,80.16,19.44,2.11,0.61
1997-05-30,0.0,25.25,80.26,19.3,2.11,0.6
1997-05-31,0.01,25.56,78.18,19.63,1.74,0.6
1997-06-01,0.19,25.56,79.93,19.69,1.66,0.59
1997-06-02,0.0,25.46,80.53,19.49,1.67,0.59
1997-06-03,0.0,25.53,78.95,19.34,1.54,0.59
1997-06-04,0.04,25.86,76.66,18.01,1.32,0.58
1997-06-05,0.71,25.84,80.69,16.94,1.49,0.58
1997-06-06,4.06,25.85,80.56,18.38,1.89,0.58
1997-06-07,1.54,25.78,80.26,18.65,2.1,0.58
1997-06-08,0.12,25.65,80.5,19.13,1.91,0.58
1997-06-09,0.51,25.58,83.31,18.22,1.93,0.57
1997-06-10,0.12,25.58,83.08,18.21,1.89,0.57
1997-06-11,0.25,25.91,82.06,18.31,1.71,0.57
1997-06-12,16.48,25.63,85.04,16.2,1.69,0.58
1997-06-13,0.2,25.74,82.53,18.65,1.74,0.59
1997-06-14,0.13,25.73,82.23,18.75,2.04,0.59
1997-06-15,0.08,25.67,81.74,18.35,1.91,0.58
1997-06-16,0.16,25.39,82.22,18.14,2.09,0.58
1997-06-17,0.15,25.13,80.8,17.45,2.4,0.57
1997-06-18,0.07,24.93,80.96,17.84,2.15,0.57
1997-06-19,0.08,24.67,81.72,17.33,2.06,0.56
1997-06-20,0.24,24.63,82.05,16.98,2.15,0.56
1997-06-21,0.33,25.01,81.22,18.14,2.23,0.55
1997-06-22,0.21,24.63,80.41,16.61,2.28,0.55
1997-06-23,0.1,24.67,79.53,18.63,2.21,0.55
1997-06-24,0.03,24.51,77.82,18.67,2.32,0.55
1997-06-25,0.07,24.53,76.62,19.21,2.32,0.54
1997-06-26,0.13,24.48,78.07,18.94,2.84,0.54
1997-06-27,0.48,24.12,79.45,18.68,2.47,0.54
1997-06-28,0.1,23.84,79.12,18.17,2.33,0.53
1997-06-29,0.09,24.08,80.77,18.48,1.8,0.53
1997-06-30,0.02,24.79,80.92,15.25,1.81,0.53
1997-07-01,0.12,24.85,81.63,17.97,1.97,0.53
1997-07-02,0.19,25.04,81.91,16.67,1.63,0.53
1997-07-03,1.11,24.74,84.91,17.21,1.73,0.53
1997-07-04,0.14,24.94,81.51,17.7,2.14,0.53
1997-07-05,0.0,24.22,80.35,18.04,2.1,0.52
1997-07-06,0.0,24.15,78.52,19.08,2.25,0.52
1997-07-07,0.0,23.99,78.6,19.23,2.23,0.52
1997-07-08,0.42,23.5,76.05,20.31,2.08,0.52
1997-07-09,0.88,22.75,83.31,17.6,2.01,0.52
1997-07-10,0.07,23.28,80.0,19.55,2.13,0.52
1997-07-11,0.03,23.02,79.15,18.34,2.71,0.51
1997-07-12,0.04,22.76,80.37,16.72,2.19,0.51
1997-07-13,0.14,23.61,82.49,16.54,2.13,0.51
1997-07-14,0.19,24.28,82.74,17.97,2.12,0.51
1997-07-15,0.27,24.21,81.8,18.42,2.41,0.51
1997-07-16,0.0,24.17,78.13,18.37,2.47,0.51
1997-07-17,0.04,24.55,79.38,18.31,2.33,0.51
1997-07-18,0.09,24.65,80.34,19.42,2.42,0.5
1997-07-19,0.06,23.71,75.81,19.28,2.69,0.5
1997-07-20,0.1,23.76,73.01,19.0,2.28,0.5
1997-07-21,0.04,23.85,74.22,19.77,2.13,0.5
1997-07-22,0.0,24.03,78.19,18.8,1.71,0.5
1997-07-23,0.12,24.18,80.68,18.22,1.6,0.49
1997-07-24,0.09,23.9,81.95,17.73,1.63,0.49
1997-07-25,0.0,23.71,82.07,19.88,1.81,0.49
1997-07-26,0.07,24.07,78.15,20.04,1.88,0.49
1997-07-27,0.01,23.92,77.15,20.41,2.07,0.49
1997-07-28,0.27,23.94,77.65,19.01,2.25,0.49
1997-07-29,0.08,24.0,79.03,18.79,2.15,0.49
1997-07-30,0.0,23.94,77.68,20.15,1.87,0.48
1997-07-31,0.01,24.01,76.56,18.5,1.76,0.48
1997-08-01,0.0,23.86,74.9,19.55,2.01,0.48
1997-08-02,0.01,24.3,74.63,19.75,1.81,0.48
1997-08-03,0.03,24.51,77.08,19.5,1.55,0.48
1997-08-04,0.0,25.21,76.44,19.61,1.27,0.48
1997-08-05,0.0,25.3,80.05,18.36,1.6,0.47
1997-08-06,0.03,24.49,77.27,20.11,2.09,0.47
1997-08-07,0.06,23.7,76.77,20.96,1.97,0.47
1997-08-08,0.07,24.04,75.24,20.98,1.91,0.47
1997-08-09,0.05,24.31,75.5,20.01,1.77,0.47
1997-08-10,0.05,23.8,76.76,20.41,1.98,0.47
1997-08-11,0.04,23.51,75.25,20.32,2.15,0.47
1997-08-12,0.02,23.56,76.95,20.06,1.96,0.47
1997-08-13,0.05,23.74,76.75,20.96,2.1,0.47
1997-08-14,0.09,24.06,73.98,20.92,1.68,0.47
1997-08-15,0.52,23.98,78.82,19.71,1.84,0.47
1997-08-16,0.26,24.04,77.61,20.16,1.88,0.47
1997-08-17,0.18,23.59,77.5,21.31,1.99,0.47
1997-08-18,0.03,23.58,72.01,21.27,1.74,0.46
1997-08-19,0.0,23.68,72.34,22.66,2.2,0.46
1997-08-20,0.0,23.52,72.57,21.76,1.99,0.46
1997-08-21,0.05,23.83,76.15,21.27,1.64,0.46
1997-08-22,0.08,24.2,79.54,20.34,1.72,0.46
1997-08-23,0.04,24.38,76.7,20.61,1.95,0.46
1997-08-24,0.06,24.51,78.3,21.16,1.51,0.46
1997-08-25,0.06,24.94,76.12,21.33,1.65,0.46
1997-08-26,0.07,25.07,76.44,19.27,1.53,0.46
1997-08-27,0.0,25.41,75.05,21.12,1.3,0.46
1997-08-28,0.0,25.36,74.97,21.12,1.37,0.45
1997-08-29,0.0,25.35,73.33,21.8,1.23,0.45
1997-08-30,0.02,24.53,77.42,22.47,1.31,0.45
1997-08-31,0.0,23.97,77.19,21.67,1.69,0.45
1997-09-01,0.0,23.85,75.35,22.57,1.89,0.45
1997-09-02,0.57,23.84,76.39,22.8,1.98,0.45
1997-09-03,0.0,24.86,74.62,22.98,1.87,0.45
1997-09-04,0.0,25.82,71.83,22.32,1.54,0.45
1997-09-05,0.0,25.83,75.5,21.8,1.48,0.45
1997-09-06,0.06,25.08,76.78,22.68,1.85,0.45
1997-09-07,0.24,25.03,77.23,23.12,2.07,0.45
1997-09-08,0.13,24.73,75.52,22.99,2.1,0.45
1997-09-09,0.18,24.59,77.54,22.43,2.24,0.45
1997-09-10,0.26,24.58,77.93,21.79,2.3,0.45
1997-09-11,0.06,24.67,76.82,21.44,2.08,0.45
1997-09-12,0.0,24.83,77.92,22.54,1.98,0.45
1997-09-13,0.01,24.93,78.24,20.93,1.85,0.45
1997-09-14,0.07,24.67,77.18,22.41,1.93,0.45
1997-09-15,0.01,25.13,72.67,23.23,1.85,0.45
1997-09-16,0.06,25.6,72.76,23.12,1.74,0.44
1997-09-17,0.04,25.38,72.83,23.33,1.82,0.44
1997-09-18,0.0,24.75,72.86,23.99,2.17,0.44
1997-09-19,0.0,24.72,74.86,24.38,2.32,0.44
1997-09-20,0.06,24.7,74.64,23.91,2.06,0.44
1997-09-21,0.0,24.87,74.5,24.16,2.06,0.44
1997-09-22,0.01,25.0,76.01,23.16,1.85,0.44
1997-09-23,0.0,24.92,75.44,22.72,1.94,0.44
1997-09-24,0.0,24.77,76.78,24.12,2.01,0.44
1997-09-25,0.01,24.98,76.18,23.76,1.87,0.44
1997-09-26,0.1,25.28,75.06,23.61,1.95,0.44
1997-09-27,0.06,25.21,76.7,23.72,2.02,0.44
1997-09-28,0.01,25.77,76.37,23.75,2.0,0.44
1997-09-29,0.01,25.69,75.73,23.05,1.97,0.44
1997-09-30,0.06,25.54,75.04,23.35,1.89,0.44
1997-10-01,0.04,25.66,75.69,23.73,1.75,0.44
1997-10-02,1.19,25.56,79.64,21.36,1.66,0.44
1997-10-03,1.84,25.63,81.37,23.07,1.71,0.44
1997-10-04,0.57,25.84,78.75,22.97,1.87,0.44
1997-10-05,0.04,25.91,77.2,24.11,1.76,0.44
1997-10-06,0.0,25.73,72.21,22.11,1.74,0.44
1997-10-07,0.0,25.18,71.68,23.15,1.84,0.44
1997-10-08,0.0,24.92,66.22,23.17,1.65,0.43
1997-10-09,0.0,24.84,66.68,23.01,1.61,0.43
1997-10-10,0.0,25.32,70.07,25.26,2.06,0.43
1997-10-11,0.15,26.05,74.58,23.67,2.01,0.43
1997-10-12,0.47,26.25,77.08,22.28,2.06,0.43
1997-10-13,0.0,26.04,76.94,23.58,1.63,0.43
1997-10-14,0.0,26.1,72.5,25.89,1.32,0.43
1997-10-15,0.01,26.15,72.73,23.4,1.61,0.43
1997-10-16,0.01,26.72,73.28,24.06,1.57,0.43
1997-10-17,0.22,27.13,73.47,22.45,1.27,0.43
1997-10-18,2.06,27.27,72.98,23.22,1.51,0.43
1997-10-19,3.2,27.61,73.51,23.45,1.34,0.43
1997-10-20,0.0,27.79,75.13,23.66,1.4,0.43
1997-10-21,0.09,27.65,76.22,22.98,1.6,0.43
1997-10-22,0.08,27.62,75.37,23.18,1.34,0.43
1997-10-23,0.22,27.57,74.26,23.26,1.34,0.43
1997-10-24,0.13,27.17,73.97,24.83,1.52,0.43
1997-10-25,0.01,27.26,72.25,22.98,1.44,0.43
1997-10-26,0.03,27.12,73.03,24.07,1.69,0.43
1997-10-27,0.04,27.27,74.67,23.01,1.92,0.43
1997-10-28,0.19,27.83,72.4,24.94,1.55,0.43
1997-10-29,0.03,27.26,73.96,25.02,1.71,0.42
1997-10-30,0.0,26.6,72.87,24.0,1.53,0.42
1997-10-31,0.78,26.37,73.58,23.06,1.61,0.42
1997-11-01,6.54,26.63,73.11,24.21,1.54,0.43
1997-11-02,1.49,27.32,71.85,22.37,1.76,0.44
1997-11-03,0.07,28.15,71.45,24.1,1.54,0.44
1997-11-04,0.01,28.17,72.95,24.36,1.62,0.43
1997-11-05,0.09,27.67,74.3,23.07,1.63,0.43
1997-11-06,0.01,27.88,73.28,23.71,1.47,0.43
1997-11-07,0.03,27.71,73.76,24.88,1.5,0.43
1997-11-08,0.08,27.49,73.7,24.85,1.5,0.43
1997-11-09,0.01,27.2,73.53,21.05,1.82,0.43
1997-11-10,4.31,27.1,72.82,23.46,1.89,0.43
1997-11-11,13.29,27.09,77.88,24.57,1.99,0.44
1997-11-12,1.59,27.68,74.5,23.15,1.81,0.46
1997-11-13,0.22,27.52,75.45,22.18,2.27,0.46
1997-11-14,0.59,27.28,75.22,24.85,2.22,0.45
1997-11-15,1.72,26.93,76.38,21.77,2.08,0.45
1997-11-16,5.34,26.95,77.94,21.56,1.96,0.45
1997-11-17,1.78,27.22,77.84,21.36,1.96,0.46
1997-11-18,0.24,27.48,74.18,21.67,1.84,0.46
1997-11-19,0.68,28.04,71.79,22.02,1.49,0.45
1997-11-20,0.04,28.27,72.78,21.99,1.37,0.45
1997-11-21,0.38,28.36,72.95,22.19,1.39,0.45
1997-11-22,1.62,27.84,77.51,21.26,1.63,0.44
1997-11-23,0.1,28.41,71.67,22.0,1.04,0.44
1997-11-24,0.98,28.35,72.08,21.66,1.04,0.44
1997-11-25,10.14,27.81,75.86,23.33,1.56,0.45
1997-11-26,6.0,27.99,73.07,24.66,1.15,0.46
1997-11-27,0.34,27.88,73.51,23.27,1.15,0.46
1997-11-28,9.12,26.74,80.43,22.81,1.21,0.47
1997-11-29,1.12,27.04,78.33,23.92,1.25,0.48
1997-11-30,6.68,27.54,76.36,22.42,1.34,0.48
1997-12-01,9.63,28.0,76.52,21.81,1.36,0.49
1997-12-02,3.31,28.2,76.69,23.24,1.23,0.49
1997-12-03,3.7,27.73,79.23,21.53,0.96,0.49
1997-12-04,1.17,28.49,75.55,23.21,1.16,0.49
1997-12-05,0.58,28.32,76.38,22.49,1.39,0.48
1997-12-06,1.05,28.08,76.28,21.55,1.28,0.48
1997-12-07,9.12,27.64,79.57,19.05,1.41,0.48
1997-12-08,17.35,27.12,84.51,17.33,1.66,0.5
1997-12-09,6.25,27.38,84.22,21.41,1.69,0.52
1997-12-10,2.64,27.59,81.94,15.58,1.31,0.52
1997-12-11,2.18,26.51,87.7,7.74,1.06,0.51
1997-12-12,0.88,27.56,80.25,20.3,1.24,0.51
1997-12-13,0.36,26.96,82.91,21.2,1.35,0.5
1997-12-14,0.06,27.74,78.9,19.13,1.25,0.49
1997-12-15,4.7,27.29,83.97,21.58,1.48,0.49
1997-12-16,1.82,27.4,80.28,23.9,1.66,0.49
1997-12-17,0.91,27.5,76.33,23.2,2.04,0.48
1997-12-18,0.16,27.68,74.12,25.46,1.76,0.48
1997-12-19,0.44,27.47,78.21,19.4,1.86,0.47
1997-12-20,3.4,27.48,77.72,22.26,1.54,0.47
1997-12-21,0.61,28.05,77.7,20.66,1.16,0.47
1997-12-22,7.78,26.79,87.8,20.63,1.37,0.47
1997-12-23,15.14,26.45,88.95,16.71,2.08,0.5
1997-12-24,10.73,26.38,85.85,10.58,1.88,0.53
1997-12-25,7.65,26.47,87.74,10.18,2.02,0.53
1997-12-26,23.94,26.39,85.46,19.49,1.77,0.55
1997-12-27,17.16,25.83,87.34,17.1,0.8,0.59
1997-12-28,8.58,27.11,82.12,20.6,0.9,0.6
1997-12-29,0.63,27.05,83.26,21.29,0.92,0.59
1997-12-30,0.29,26.85,83.65,24.77,1.62,0.57
1997-12-31,0.17,26.73,80.62,25.94,1.76,0.55
1998-01-01,0.27,26.72,80.81,25.31,2.07,0.54
1998-01-02,0.17,27.06,78.47,23.52,2.05,0.53
1998-01-03,0.1,27.27,77.62,24.69,1.71,0.52
1998-01-04,0.81,27.21,80.16,20.17,1.71,0.51
1998-01-05,1.85,27.02,83.7,17.81,1.81,0.51
1998-01-06,5.15,26.43,85.41,16.56,1.35,0.51
1998-01-07,2.78,26.61,84.51,18.83,1.49,0.51
1998-01-08,1.44,27.39,80.09,20.32,1.45,0.51
1998-01-09,1.67,27.83,77.58,26.46,1.5,0.5
1998-01-10,0.0,28.06,72.16,24.8,1.37,0.5
1998-01-11,0.04,27.87,73.18,25.75,1.54,0.49
1998-01-12,0.33,28.07,73.64,23.79,1.69,0.49
1998-01-13,1.21,28.53,74.34,22.19,1.2,0.48
1998-01-14,0.56,28.79,75.13,23.76,1.17,0.48
1998-01-15,1.23,28.8,79.26,22.54,1.24,0.47
1998-01-16,8.09,28.43,79.97,22.37,1.71,0.48
1998-01-17,5.01,27.74,80.89,24.03,1.03,0.49
1998-01-18,8.34,28.64,75.71,24.75,1.19,0.49
1998-01-19,10.78,27.06,85.76,17.85,1.54,0.51
1998-01-20,8.01,27.0,85.81,8.72,1.63,0.52
1998-01-21,14.51,26.88,88.58,12.32,2.1,0.54
1998-01-22,5.72,27.14,87.4,11.7,2.12,0.55
1998-01-23,4.0,27.29,84.16,13.57,2.23,0.55
1998-01-24,13.76,27.58,81.93,17.15,2.2,0.55
1998-01-25,26.87,27.16,85.96,12.03,2.11,0.58
1998-01-26,4.31,27.17,84.58,19.36,2.21,0.6
1998-01-27,1.74,27.42,83.51,20.56,1.42,0.58
1998-01-28,0.8,28.41,77.13,21.97,0.8,0.57
1998-01-29,4.51,27.69,82.0,18.29,0.93,0.56
1998-01-30,3.63,27.03,86.9,17.78,1.31,0.56
1998-01-31,13.28,26.23,89.0,14.9,1.56,0.57
1998-02-01,1.81,27.55,81.37,21.35,1.4,0.57
1998-02-02,0.23,27.22,85.1,17.49,1.11,0.56
1998-02-03,1.03,27.99,82.09,23.54,1.3,0.55
1998-02-04,29.21,27.79,83.83,19.62,1.37,0.57
1998-02-05,7.97,27.75,81.45,21.24,1.24,0.6
1998-02-06,4.12,27.29,83.23,17.18,1.54,0.59
1998-02-07,0.8,28.09,74.64,24.31,1.23,0.58
1998-02-08,1.07,27.81,72.0,20.35,1.31,0.57
1998-02-09,1.02,27.86,72.27,24.9,1.06,0.55
1998-02-10,31.82,26.62,86.02,16.82,1.31,0.57
1998-02-11,19.53,27.11,84.62,17.25,1.13,0.63
1998-02-12,7.81,27.7,81.37,17.51,1.44,0.64
1998-02-13,1.47,28.0,77.92,22.04,1.02,0.62
1998-02-14,3.28,27.67,83.69,21.37,1.22,0.6
1998-02-15,7.43,27.5,84.75,18.97,1.29,0.6
1998-02-16,3.91,28.05,79.77,15.25,0.65,0.6
1998-02-17,0.24,27.57,86.27,22.64,1.13,0.59
1998-02-18,0.16,28.16,82.15,21.02,1.15,0.58
1998-02-19,0.36,27.82,81.92,15.27,1.14,0.57
1998-02-20,0.65,27.62,83.52,18.28,1.01,0.56
1998-02-21,0.61,26.88,88.72,11.26,1.44,0.56
1998-02-22,4.68,27.59,81.93,18.47,0.76,0.56
1998-02-23,1.82,27.16,84.71,20.93,0.96,0.56
1998-02-24,0.24,27.29,83.41,18.57,1.06,0.56
1998-02-25,0.43,28.64,76.27,18.86,0.88,0.55
1998-02-26,10.11,28.2,80.65,11.01,1.04,0.55
1998-02-27,8.54,27.53,87.38,18.21,1.27,0.57
1998-02-28,4.2,27.38,84.74,16.39,1.03,0.57
1998-03-01,24.47,27.06,86.72,18.98,1.0,0.59
1998-03-02,12.6,28.12,79.49,20.62,0.78,0.63
1998-03-03,1.12,27.79,81.88,22.72,0.82,0.62
1998-03-04,0.89,27.87,81.81,21.33,1.12,0.61
1998-03-05,7.42,27.12,86.37,20.21,1.4,0.6
1998-03-06,2.41,27.11,85.72,20.03,1.28,0.6
1998-03-07,1.55,28.06,78.42,17.04,0.78,0.59
1998-03-08,2.75,27.45,86.37,15.52,1.11,0.59
1998-03-09,5.43,27.69,84.99,22.64,1.25,0.59
1998-03-10,2.92,28.57,77.75,11.1,0.79,0.59
1998-03-11,2.81,28.01,83.25,20.94,0.82,0.58
1998-03-12,2.07,28.58,78.96,19.49,0.58,0.58
1998-03-13,1.36,27.99,83.35,19.26,1.51,0.58
1998-03-14,1.03,27.78,81.36,20.29,1.13,0.57
1998-03-15,2.2,26.84,85.42,19.54,1.34,0.57
1998-03-16,3.22,27.44,81.66,21.06,0.94,0.56
1998-03-17,2.72,27.25,86.49,15.23,1.1,0.57
1998-03-18,3.94,27.38,82.33,19.05,0.69,0.57
1998-03-19,2.34,28.33,77.23,18.22,0.73,0.57
1998-03-20,0.5,28.49,75.1,20.15,0.75,0.56
1998-03-21,0.12,28.46,75.06,21.91,0.8,0.55
1998-03-22,0.1,28.98,74.05,19.95,0.76,0.55
1998-03-23,0.45,28.49,76.73,17.84,0.91,0.54
1998-03-24,0.83,28.35,77.22,22.02,0.88,0.54
1998-03-25,4.31,27.78,83.38,21.43,1.31,0.54
1998-03-26,4.53,27.75,83.96,19.81,1.39,0.54
1998-03-27,1.63,27.16,86.61,11.96,1.38,0.54
1998-03-28,1.39,26.78,89.01,20.04,1.36,0.54
1998-03-29,8.55,27.1,87.62,19.61,1.47,0.55
1998-03-30,5.68,27.19,86.94,18.73,1.53,0.56
1998-03-31,7.43,27.54,85.13,13.98,1.27,0.57
1998-04-01,16.59,27.24,88.0,16.29,1.6,0.59
1998-04-02,5.14,27.33,83.25,17.69,1.59,0.6
1998-04-03,0.77,27.85,80.6,19.6,1.63,0.59
1998-04-04,4.51,27.65,83.24,20.68,1.68,0.58
1998-04-05,3.35,27.91,81.82,20.7,1.46,0.58
1998-04-06,0.94,27.97,82.39,20.88,1.18,0.57
1998-04-07,1.64,27.95,84.2,20.14,1.13,0.57
1998-04-08,1.11,27.84,86.32,18.2,0.98,0.56
1998-04-09,6.0,28.03,86.53,17.58,1.05,0.56
1998-04-10,1.99,28.2,83.75,18.7,1.11,0.57
1998-04-11,5.22,27.97,87.17,19.12,1.5,0.56
1998-04-12,4.75,27.9,85.6,14.95,1.17,0.57
1998-04-13,3.87,27.97,83.98,19.37,1.38,0.57
1998-04-14,4.21,27.96,82.84,20.73,1.93,0.57
1998-04-15,3.07,28.15,83.16,18.34,1.79,0.57
1998-04-16,3.78,28.24,80.71,18.09,1.53,0.57
1998-04-17,5.59,27.94,83.02,19.34,1.36,0.56
1998-04-18,2.24,27.84,84.25,20.36,1.41,0.56
1998-04-19,0.73,27.8,85.41,20.46,1.12,0.56
1998-04-20,0.36,28.45,81.22,19.89,0.93,0.55
1998-04-21,1.36,28.07,84.63,20.68,1.04,0.55
1998-04-22,8.28,27.83,84.82,15.85,1.22,0.55
1998-04-23,6.52,27.73,84.57,16.42,0.85,0.56
1998-04-24,8.39,27.3,88.86,18.47,1.28,0.58
1998-04-25,1.61,28.08,83.14,19.75,1.12,0.58
1998-04-26,1.85,28.16,83.44,19.45,1.4,0.57
1998-04-27,3.3,27.88,84.49,15.11,1.66,0.57
1998-04-28,5.47,27.67,85.2,18.47,2.13,0.57
1998-04-29,6.37,27.01,87.42,13.2,2.03,0.57
1998-04-30,5.69,27.06,87.63,14.0,1.99,0.58
1998-05-01,3.61,26.93,87.74,15.84,1.84,0.58
1998-05-02,7.73,27.19,84.68,17.57,1.87,0.58
1998-05-03,5.41,27.02,83.57,20.62,2.15,0.58
1998-05-04,0.24,26.99,82.16,19.54,2.13,0.57
1998-05-05,21.63,26.61,84.4,17.36,2.07,0.59
1998-05-06,0.16,26.6,82.22,19.98,2.01,0.59
1998-05-07,0.14,26.12,81.63,20.0,2.25,0.58
1998-05-08,0.15,26.51,78.26,19.68,1.96,0.57
1998-05-09,0.11,26.39,81.49,18.95,1.85,0.56
1998-05-10,0.21,26.65,82.13,17.57,1.76,0.55
1998-05-11,1.49,26.92,83.5,17.51,1.45,0.54
1998-05-12,1.3,27.23,82.14,18.42,1.41,0.54
1998-05-13,3.82,26.8,81.48,19.33,1.8,0.54
1998-05-14,19.47,26.79,84.71,18.49,1.79,0.56
1998-05-15,0.46,26.65,85.11,15.38,1.06,0.57
1998-05-16,9.55,26.68,85.03,13.26,1.11,0.57
1998-05-17,7.01,26.38,88.68,11.66,1.36,0.59
1998-05-18,1.87,26.53,89.16,4.58,1.72,0.58
1998-05-19,0.86,25.68,89.34,17.45,1.64,0.58
1998-05-20,0.13,27.32,84.92,16.73,1.41,0.57
1998-05-21,0.64,27.52,85.48,17.87,1.75,0.56
1998-05-22,4.14,27.1,83.55,16.91,1.84,0.56
1998-05-23,1.9,26.54,82.34,18.96,2.05,0.56
1998-05-24,0.04,26.3,81.64,17.88,1.99,0.55
1998-05-25,0.07,26.74,82.02,18.41,1.47,0.54
1998-05-26,0.01,27.07,82.18,19.21,1.5,0.54
1998-05-27,0.07,27.01,83.09,18.57,1.66,0.53
1998-05-28,0.08,26.75,83.85,17.1,1.59,0.53
1998-05-29,3.95,26.07,86.45,17.17,2.06,0.53
1998-05-30,0.78,26.69,83.6,18.29,1.78,0.53
1998-05-31,1.17,26.33,84.41,17.44,2.0,0.52
1998-06-01,1.5,26.24,84.91,18.16,2.0,0.52
1998-06-02,2.88,26.6,84.69,17.26,1.99,0.52
1998-06-03,0.47,26.29,82.01,18.8,2.05,0.52
1998-06-04,0.06,26.8,78.86,17.33,1.72,0.52
1998-06-05,0.25,26.61,80.43,18.15,1.82,0.51
1998-06-06,24.06,26.61,84.37,18.49,1.86,0.52
1998-06-07,1.44,26.89,81.89,17.92,1.81,0.56
1998-06-08,4.33,26.42,80.68,17.1,1.72,0.55
1998-06-09,0.09,26.24,81.05,16.93,1.78,0.55
1998-06-10,0.0,26.81,75.46,16.57,1.07,0.54
1998-06-11,0.14,27.53,75.83,18.29,1.13,0.53
1998-06-12,0.65,27.13,85.7,18.09,1.25,0.53
1998-06-13,2.54,27.18,83.44,17.56,1.01,0.53
1998-06-14,0.39,27.61,83.34,16.68,1.38,0.53
1998-06-15,0.63,27.2,85.98,14.51,1.67,0.52
1998-06-16,0.97,27.46,82.46,17.41,1.03,0.52
1998-06-17,0.09,27.47,80.37,17.61,1.03,0.52
1998-06-18,0.03,27.89,75.05,18.8,0.89,0.51
1998-06-19,1.46,27.37,79.13,15.53,1.57,0.51
1998-06-20,4.3,26.86,87.54,13.48,1.81,0.51
1998-06-21,3.45,26.7,85.07,16.27,1.93,0.52
1998-06-22,1.83,26.95,83.27,17.67,2.13,0.52
1998-06-23,2.05,26.69,82.83,16.81,2.34,0.51
1998-06-24,0.09,27.12,77.58,15.72,2.18,0.51
1998-06-25,0.04,27.18,77.04,18.32,2.06,0.51
1998-06-26,0.07,27.13,75.3,17.2,1.98,0.5
1998-06-27,1.1,26.89,77.31,17.78,1.77,0.5
1998-06-28,0.77,26.66,80.71,14.46,1.97,0.5
1998-06-29,1.62,26.64,81.75,15.79,1.65,0.49
1998-06-30,0.31,27.14,81.17,18.49,0.9,0.49
1998-07-01,0.01,27.74,75.5,18.27,0.8,0.49
1998-07-02,0.04,27.64,75.53,18.35,0.99,0.49
1998-07-03,0.01,27.33,77.42,18.36,1.25,0.48
1998-07-04,26.88,26.37,85.0,14.0,1.35,0.51
1998-07-05,11.41,26.41,86.82,14.86,1.72,0.55
1998-07-06,3.58,26.45,88.5,14.71,1.52,0.55
1998-07-07,2.3,26.24,88.82,14.03,1.71,0.55
1998-07-08,18.67,26.13,87.71,14.81,2.32,0.56
1998-07-09,3.79,26.55,85.91,18.21,2.26,0.58
1998-07-10,2.08,26.51,82.33,18.32,2.14,0.57
1998-07-11,0.52,26.46,79.48,16.46,2.14,0.56
1998-07-12,0.05,26.41,77.36,18.02,1.95,0.55
1998-07-13,0.22,26.23,78.37,17.53,1.78,0.54
1998-07-14,0.11,26.4,76.55,17.17,1.42,0.53
1998-07-15,8.54,26.37,82.05,17.51,1.67,0.53
1998-07-16,3.87,26.13,84.46,18.68,1.99,0.54
1998-07-17,0.09,26.39,81.37,18.52,2.03,0.54
1998-07-18,0.07,26.8,79.1,18.27,1.94,0.53
1998-07-19,0.01,26.25,80.09,18.05,2.06,0.52
1998-07-20,0.0,26.11,77.85,19.03,2.19,0.52
1998-07-21,0.1,26.56,78.98,18.51,2.05,0.51
1998-07-22,5.79,26.4,80.83,18.01,1.85,0.51
1998-07-23,2.12,26.48,82.96,19.14,2.09,0.51
1998-07-24,6.99,26.7,83.46,18.09,2.06,0.52
1998-07-25,1.11,26.75,81.98,17.88,2.03,0.52
1998-07-26,6.74,26.42,83.71,17.17,1.92,0.52
1998-07-27,1.27,26.27,86.44,15.45,1.92,0.52
1998-07-28,1.35,25.78,89.7,14.97,2.16,0.52
1998-07-29,15.2,26.26,87.81,17.1,1.68,0.53
1998-07-30,6.02,26.27,87.14,16.14,1.4,0.55
1998-07-31,1.03,26.58,82.46,19.14,1.32,0.55
1998-08-01,0.23,26.64,79.49,19.98,1.47,0.54
1998-08-02,0.01,26.61,78.87,17.91,1.63,0.53
1998-08-03,0.02,26.76,77.29,18.91,1.67,0.53
1998-08-04,0.03,26.14,78.87,19.69,2.13,0.52
1998-08-05,0.1,25.87,79.69,19.13,1.89,0.51
1998-08-06,0.16,25.8,78.46,19.84,2.23,0.51
1998-08-07,0.01,26.18,76.49,20.99,2.2,0.5
1998-08-08,0.09,26.39,79.37,20.25,2.21,0.5
1998-08-09,0.24,26.31,80.44,19.93,2.57,0.49
1998-08-10,0.05,26.09,73.69,19.2,2.77,0.49
1998-08-11,0.12,25.59,74.65,17.6,2.55,0.49
1998-08-12,10.34,25.54,80.15,20.12,2.09,0.49
1998-08-13,2.82,25.79,79.38,20.3,2.15,0.51
1998-08-14,0.09,25.86,77.21,19.77,2.05,0.5
1998-08-15,0.06,25.86,77.79,18.67,2.08,0.5
1998-08-16,0.16,25.58,80.19,19.45,2.18,0.49
1998-08-17,0.12,26.14,78.01,19.65,1.92,0.49
1998-08-18,0.0,26.1,77.37,20.81,2.08,0.49
1998-08-19,0.01,25.96,76.76,20.93,2.48,0.48
1998-08-20,0.0,25.75,76.9,20.21,2.42,0.48
1998-08-21,0.01,25.93,76.97,20.2,2.33,0.48
1998-08-22,0.1,26.37,79.42,20.27,2.31,0.48
1998-08-23,0.02,26.86,80.45,20.44,2.18,0.47
1998-08-24,0.01,27.04,78.89,21.49,2.02,0.47
1998-08-25,0.02,26.58,79.94,22.33,2.13,0.47
1998-08-26,0.28,26.89,79.16,20.94,2.12,0.47
1998-08-27,0.32,26.86,78.52,21.32,2.06,0.47
1998-08-28,0.02,26.3,74.95,22.57,2.38,0.47
1998-08-29,0.0,25.03,69.59,22.95,2.37,0.46
1998-08-30,0.0,25.0,70.28,21.83,2.16,0.46
1998-08-31,0.28,25.59,74.08,21.41,1.85,0.46
1998-09-01,0.06,25.95,76.27,21.84,1.73,0.46
1998-09-02,0.03,25.38,81.21,21.06,1.97,0.46
1998-09-03,0.27,25.61,77.93,22.48,2.07,0.46
1998-09-04,0.06,25.57,72.59,22.98,2.21,0.46
1998-09-05,0.0,25.28,75.03,22.48,2.08,0.46
1998-09-06,0.02,25.86,76.32,22.39,1.66,0.46
1998-09-07,0.31,27.03,77.18,23.13,1.92,0.46
1998-09-08,1.23,26.97,79.16,22.58,2.22,0.45
1998-09-09,0.65,26.61,79.1,20.55,2.03,0.46
1998-09-10,0.04,26.4,77.6,23.22,2.05,0.46
1998-09-11,0.0,26.07,74.54,23.59,2.08,0.45
1998-09-12,0.0,25.81,73.23,23.84,2.03,0.45
1998-09-13,0.01,25.86,74.5,23.15,2.23,0.45
1998-09-14,0.2,25.6,76.08,20.93,2.33,0.45
1998-09-15,0.23,26.4,77.3,22.14,2.13,0.45
1998-09-16,0.1,27.06,77.16,22.06,1.82,0.45
1998-09-17,0.1,27.26,75.67,22.4,1.51,0.45
1998-09-18,0.31,27.07,77.42,23.01,1.65,0.45
1998-09-19,1.18,27.5,74.33,23.19,1.52,0.45
1998-09-20,0.06,27.77,71.96,22.18,1.74,0.45
1998-09-21,4.27,27.36,77.69,19.4,2.04,0.45
1998-09-22,5.18,26.69,83.99,22.81,2.29,0.46
1998-09-23,41.97,26.37,85.79,18.26,2.51,0.49
1998-09-24,18.34,26.44,86.42,18.92,1.95,0.57
1998-09-25,13.69,26.62,85.91,19.55,1.91,0.58
1998-09-26,5.59,26.8,82.92,22.78,1.77,0.58
1998-09-27,0.36,26.49,81.38,22.71,2.37,0.57
1998-09-28,4.98,26.75,83.36,22.38,1.93,0.56
1998-09-29,2.91,27.0,82.99,20.75,1.93,0.55
1998-09-30,6.35,26.89,81.1,22.71,1.77,0.55
1998-10-01,9.28,26.83,81.05,21.99,1.84,0.55
1998-10-02,5.51,27.06,78.67,22.82,1.92,0.55
1998-10-03,0.54,27.48,78.67,21.73,1.82,0.54
1998-10-04,0.09,27.28,77.29,21.54,1.77,0.53
1998-10-05,0.0,27.6,74.81,21.43,1.67,0.52
1998-10-06,0.09,27.64,76.86,22.64,1.91,0.51
1998-10-07,0.28,27.91,74.27,22.08,1.55,0.51
1998-10-08,0.42,27.59,76.09,22.07,1.97,0.5
1998-10-09,0.57,27.76,76.96,23.07,1.74,0.5
1998-10-10,4.95,27.76,76.68,16.21,1.4,0.5
1998-10-11,3.77,26.74,86.46,21.51,1.47,0.5
1998-10-12,1.18,26.99,83.53,24.82,1.58,0.5
1998-10-13,1.44,27.41,79.39,21.76,1.73,0.5
1998-10-14,8.56,27.33,81.68,21.52,2.02,0.5
1998-10-15,35.4,27.14,84.78,20.88,1.95,0.55
1998-10-16,8.23,27.23,84.04,21.53,2.28,0.58
1998-10-17,1.69,27.29,81.89,17.76,1.81,0.57
1998-10-18,0.96,27.01,82.29,22.07,1.75,0.56
1998-10-19,5.68,27.03,79.53,22.07,1.91,0.55
1998-10-20,12.05,27.69,79.31,23.22,1.29,0.57
1998-10-21,3.12,27.67,81.25,22.56,1.7,0.56
1998-10-22,5.43,27.94,80.68,21.42,1.61,0.55
1998-10-23,5.35,28.05,81.88,19.84,1.54,0.55
1998-10-24,5.11,27.65,85.7,19.79,1.34,0.56
1998-10-25,0.66,27.85,80.78,23.4,1.11,0.55
1998-10-26,2.6,28.03,81.46,21.62,1.02,0.54
1998-10-27,14.53,27.56,85.79,21.85,0.96,0.55
1998-10-28,16.07,27.1,86.23,12.59,1.44,0.58
1998-10-29,5.72,26.66,85.52,22.36,1.37,0.59
1998-10-30,6.27,25.71,87.32,14.45,1.35,0.59
1998-10-31,13.43,26.59,87.06,21.56,1.87,0.59
1998-11-01,3.97,26.76,84.31,14.64,1.43,0.6
1998-11-02,2.85,26.58,85.54,22.64,1.73,0.59
1998-11-03,4.1,26.27,88.9,21.75,1.52,0.59
1998-11-04,11.74,26.56,90.2,18.83,1.75,0.59
1998-11-05,10.8,26.87,85.52,25.24,1.42,0.61
1998-11-06,10.06,26.75,88.04,20.2,1.42,0.62
1998-11-07,8.25,26.81,87.87,19.85,1.58,0.62
1998-11-08,7.79,26.61,88.68,18.4,1.6,0.62
1998-11-09,7.22,27.22,86.36,20.53,1.6,0.62
1998-11-10,12.4,26.72,88.07,15.77,1.81,0.63
1998-11-11,1.5,27.06,82.96,18.9,1.8,0.62
1998-11-12,0.08,26.88,80.35,18.98,1.66,0.61
1998-11-13,0.18,27.2,77.03,16.52,1.72,0.59
1998-11-14,1.04,27.22,77.95,21.58,1.43,0.59
1998-11-15,1.58,26.92,75.93,23.08,1.41,0.58
1998-11-16,0.43,26.27,78.85,22.93,1.73,0.57
1998-11-17,9.06,26.26,81.35,20.44,1.69,0.57
1998-11-18,7.01,25.98,88.11,20.47,1.68,0.59
1998-11-19,6.65,26.67,84.53,18.91,1.33,0.59
1998-11-20,3.93,26.17,91.09,15.58,2.21,0.6
1998-11-21,3.43,25.71,79.05,20.02,2.85,0.59
1998-11-22,4.69,25.96,82.36,19.12,2.47,0.59
1998-11-23,0.12,27.04,79.19,20.42,2.49,0.58
1998-11-24,0.18,27.13,78.77,21.62,2.16,0.57
1998-11-25,2.43,26.9,79.6,22.92,1.83,0.57
1998-11-26,6.23,26.45,80.76,21.56,1.7,0.57
1998-11-27,1.57,26.42,79.68,17.97,0.95,0.57
1998-11-28,2.6,26.77,77.98,18.14,1.27,0.57
1998-11-29,1.74,26.98,77.76,23.62,1.2,0.57
1998-11-30,1.9,26.7,81.55,23.88,1.38,0.56
1998-12-01,18.2,26.09,88.0,16.69,1.85,0.58
1998-12-02,11.44,25.86,89.67,10.65,1.58,0.6
1998-12-03,3.35,25.93,86.65,13.17,2.11,0.61
1998-12-04,0.46,26.76,82.07,20.02,2.15,0.6
1998-12-05,1.01,26.49,81.07,19.08,2.08,0.59
1998-12-06,8.63,26.6,79.54,22.57,1.66,0.59
1998-12-07,0.26,26.39,78.05,19.96,1.85,0.59
1998-12-08,1.63,26.06,77.55,20.02,1.88,0.58
1998-12-09,4.8,26.05,80.82,20.29,1.9,0.58
1998-12-10,17.97,25.7,86.38,18.96,2.37,0.6
1998-12-11,9.75,25.98,81.3,23.19,2.32,0.61
1998-12-12,1.89,26.65,80.35,22.07,1.87,0.61
1998-12-13,0.33,26.47,79.98,23.67,1.71,0.6
1998-12-14,9.16,26.42,78.99,21.92,1.15,0.59
1998-12-15,1.42,26.62,81.67,24.23,1.5,0.6
1998-12-16,0.97,26.53,80.9,17.76,1.08,0.59
1998-12-17,49.09,26.86,82.97,19.76,1.24,0.63
1998-12-18,45.2,26.56,84.42,19.2,1.42,0.71
1998-12-19,34.56,26.1,89.98,15.66,1.72,0.77
1998-12-20,38.39,25.83,89.97,10.62,1.7,0.79
1998-12-21,17.3,25.78,86.71,15.51,1.32,0.81
1998-12-22,1.65,25.92,84.37,14.73,0.86,0.77
1998-12-23,4.58,25.75,88.98,19.21,1.39,0.74
1998-12-24,13.36,25.83,89.88,17.64,1.8,0.73
1998-12-25,15.89,25.89,90.06,22.36,1.73,0.74
1998-12-26,6.53,26.42,86.57,19.26,1.76,0.74
1998-12-27,1.82,26.14,87.79,20.25,1.86,0.72
1998-12-28,6.92,26.25,87.69,21.41,1.95,0.71
1998-12-29,4.48,26.18,87.54,21.18,1.89,0.71
1998-12-30,3.28,26.88,83.33,21.51,1.76,0.7
1998-12-31,1.12,27.34,79.74,18.0,1.42,0.69
1999-01-01,2.68,26.92,79.79,20.2,1.55,0.68
1999-01-02,2.38,27.35,80.92,21.99,1.16,0.68
1999-01-03,3.64,26.52,84.43,24.58,1.61,0.68
1999-01-04,1.51,26.74,82.85,23.97,2.03,0.68
1999-01-05,2.67,27.07,83.6,20.39,2.48,0.67
1999-01-06,1.62,26.52,84.32,22.1,2.04,0.67
1999-01-07,2.61,26.53,82.07,21.03,1.83,0.67
1999-01-08,1.62,27.01,77.82,21.44,1.18,0.67
1999-01-09,5.91,26.52,81.82,13.91,1.04,0.67
1999-01-10,4.17,27.14,78.23,18.22,0.92,0.67
1999-01-11,20.4,26.61,85.46,14.92,1.49,0.69
1999-01-12,8.75,26.32,82.42,16.52,1.1,0.71
1999-01-13,6.58,25.98,83.0,19.49,0.8,0.71
1999-01-14,39.5,25.82,88.87,19.31,1.17,0.74
1999-01-15,7.65,26.0,87.42,23.26,1.56,0.77
1999-01-16,2.02,26.02,87.33,21.34,1.39,0.74
1999-01-17,5.85,26.1,89.38,15.9,1.96,0.73
1999-01-18,24.47,25.94,90.77,11.29,2.39,0.74
1999-01-19,14.6,26.5,88.5,15.95,2.38,0.76
1999-01-20,9.94,26.08,91.71,17.25,2.25,0.76
1999-01-21,10.55,27.0,88.4,17.73,2.22,0.76
1999-01-22,11.97,26.79,89.48,9.1,1.73,0.76
1999-01-23,11.1,26.74,87.92,15.17,1.73,0.76
1999-01-24,58.68,26.57,89.66,15.85,1.44,0.79
1999-01-25,47.57,26.64,88.25,14.36,2.04,0.87
1999-01-26,10.8,26.91,84.02,21.81,1.54,0.84
1999-01-27,15.7,26.67,86.8,16.08,1.78,0.83
1999-01-28,8.36,25.95,90.61,14.17,1.68,0.82
1999-01-29,11.52,25.43,91.65,13.5,1.79,0.82
1999-01-30,11.83,25.9,93.64,13.23,1.9,0.83
1999-01-31,10.2,26.15,92.46,12.03,1.83,0.83
1999-02-01,14.37,26.28,91.73,17.68,2.24,0.83
1999-02-02,26.19,26.57,89.39,17.46,2.52,0.85
1999-02-03,5.76,26.59,88.08,24.26,2.87,0.86
1999-02-04,12.09,26.35,89.19,15.01,2.95,0.85
1999-02-05,1.97,26.5,88.15,16.32,2.74,0.85
1999-02-06,7.85,26.53,86.12,23.31,2.45,0.84
1999-02-07,13.4,25.87,90.56,18.35,1.91,0.85
1999-02-08,15.24,25.51,90.06,9.91,1.81,0.86
1999-02-09,5.75,26.28,84.52,20.76,2.05,0.86
1999-02-10,6.33,26.68,86.9,18.27,1.82,0.86
1999-02-11,14.1,26.64,88.84,20.5,1.87,0.86
1999-02-12,4.62,26.43,86.81,14.2,1.91,0.87
1999-02-13,2.17,25.85,86.95,17.12,1.84,0.86
1999-02-14,10.18,25.52,90.79,12.66,2.12,0.86
1999-02-15,8.06,25.68,86.69,19.65,2.04,0.86
1999-02-16,13.65,25.82,89.16,17.58,2.1,0.87
1999-02-17,4.65,26.25,85.74,20.42,1.76,0.87
1999-02-18,1.98,26.17,85.8,24.73,1.78,0.86
1999-02-19,16.94,26.33,88.08,21.35,2.23,0.86
1999-02-20,14.81,25.85,89.0,17.99,2.14,0.87
1999-02-21,15.33,25.79,90.76,15.58,2.03,0.88
1999-02-22,6.33,25.43,90.44,13.35,2.14,0.88
1999-02-23,13.65,25.97,91.41,19.0,2.07,0.88
1999-02-24,19.06,25.87,92.59,18.6,2.1,0.9
1999-02-25,7.19,25.48,89.09,13.23,1.83,0.9
1999-02-26,3.52,25.64,87.61,13.29,1.68,0.9
1999-02-27,1.65,25.69,88.6,19.59,1.83,0.89
1999-02-28,17.58,25.52,89.77,21.29,1.31,0.9
1999-03-01,6.63,25.83,86.63,22.89,1.35,0.91
1999-03-02,0.67,26.16,85.2,21.51,1.37,0.9
1999-03-03,5.89,25.72,89.71,16.6,1.75,0.89
1999-03-04,2.87,25.75,89.76,15.22,1.43,0.89
1999-03-05,0.88,26.53,86.16,15.59,1.48,0.89
1999-03-06,0.94,26.48,87.27,24.4,1.35,0.88
1999-03-07,16.47,26.48,85.38,20.21,0.74,0.89
1999-03-08,7.36,26.84,85.01,22.31,1.04,0.9
1999-03-09,0.32,27.96,77.56,22.63,0.96,0.89
1999-03-10,1.91,27.46,82.22,21.38,0.71,0.88
1999-03-11,1.22,26.84,84.43,20.33,0.99,0.88
1999-03-12,2.8,26.36,83.14,19.05,0.83,0.88
1999-03-13,9.22,25.85,86.03,11.94,1.27,0.88
1999-03-14,18.45,25.79,90.03,20.19,1.64,0.88
1999-03-15,21.1,25.96,93.21,16.22,1.76,0.9
1999-03-16,10.42,26.12,93.95,11.79,1.24,0.92
1999-03-17,4.59,26.76,90.52,18.02,1.25,0.92
1999-03-18,2.76,26.84,87.54,21.37,1.13,0.91
1999-03-19,8.72,26.42,91.83,18.79,2.01,0.91
1999-03-20,9.85,25.96,91.18,15.88,2.16,0.92
1999-03-21,5.72,26.09,89.94,12.63,1.38,0.92
1999-03-22,3.49,25.79,89.66,18.08,0.91,0.92
1999-03-23,0.62,25.65,89.27,18.55,1.18,0.91
1999-03-24,17.15,25.86,88.25,21.34,1.6,0.91
1999-03-25,35.38,26.05,89.45,13.11,1.67,0.94
1999-03-26,20.37,26.17,90.4,18.9,1.62,0.95
1999-03-27,4.8,26.01,90.8,17.74,1.2,0.95
1999-03-28,13.54,26.14,84.63,15.14,0.73,0.95
1999-03-29,4.66,26.18,86.64,19.6,1.39,0.96
1999-03-30,11.69,26.13,88.14,20.77,1.67,0.95
1999-03-31,29.12,26.3,86.6,20.71,1.49,0.96
1999-04-01,19.53,26.1,90.43,21.09,1.61,0.97
1999-04-02,8.22,26.17,89.72,17.96,1.16,0.98
1999-04-03,4.01,26.62,83.86,17.74,0.89,0.97
1999-04-04,11.46,25.59,91.68,16.11,1.27,0.97
1999-04-05,12.87,25.62,90.53,14.12,1.35,0.97
1999-04-06,10.38,26.24,91.08,16.24,1.73,0.97
1999-04-07,13.45,26.49,92.36,11.35,1.47,0.98
1999-04-08,3.45,27.06,88.41,18.26,1.25,0.97
1999-04-09,0.94,27.32,86.01,21.03,0.92,0.97
1999-04-10,2.86,27.07,87.43,18.5,0.73,0.96
1999-04-11,2.71,26.67,88.61,20.13,1.15,0.96
1999-04-12,3.04,26.14,89.76,20.71,1.66,0.95
1999-04-13,3.0,25.9,91.08,14.65,0.95,0.95
1999-04-14,8.9,25.88,90.23,17.78,1.53,0.95
1999-04-15,2.71,26.07,85.68,18.44,1.46,0.95
1999-04-16,3.75,25.95,87.64,15.76,1.62,0.94
1999-04-17,3.95,26.34,86.9,15.97,1.94,0.93
1999-04-18,1.88,26.3,83.24,16.87,2.23,0.93
1999-04-19,7.98,26.3,81.0,21.59,1.87,0.92
1999-04-20,3.38,26.13,86.57,20.56,1.97,0.92
1999-04-21,0.38,26.64,82.46,20.49,1.84,0.91
1999-04-22,0.68,26.54,78.22,20.95,1.8,0.9
1999-04-23,0.56,26.27,79.77,20.79,1.81,0.88
1999-04-24,0.8,26.13,81.16,20.32,1.68,0.88
1999-04-25,0.02,26.27,78.3,20.82,1.72,0.86
1999-04-26,0.09,26.42,80.27,20.92,1.57,0.85
1999-04-27,0.05,26.45,84.3,19.31,1.8,0.85
1999-04-28,4.02,26.51,87.32,20.58,1.87,0.84
1999-04-29,4.81,26.36,87.7,18.68,1.26,0.84
1999-04-30,4.73,25.85,87.56,15.37,1.65,0.84
1999-05-01,4.75,25.65,88.7,8.61,1.82,0.84
1999-05-02,4.79,25.55,87.92,18.49,2.44,0.84
1999-05-03,0.04,25.66,80.54,19.94,2.25,0.83
1999-05-04,0.09,25.34,79.38,20.97,2.16,0.82
1999-05-05,0.04,25.47,77.39,20.66,1.99,0.81
1999-05-06,0.08,26.31,74.95,19.8,1.4,0.8
1999-05-07,0.69,26.57,86.03,19.15,1.88,0.8
1999-05-08,0.59,25.96,85.32,20.6,2.09,0.79
1999-05-09,0.07,25.77,81.52,18.08,1.97,0.79
1999-05-10,0.05,25.64,81.68,19.62,1.98,0.78
1999-05-11,0.01,25.6,83.4,17.91,1.85,0.78
1999-05-12,0.04,25.43,83.65,19.25,1.75,0.77
1999-05-13,0.02,25.68,81.45,19.71,1.61,0.77
1999-05-14,0.0,25.81,82.39,17.69,1.4,0.76
1999-05-15,0.03,26.06,85.24,19.7,1.93,0.76
1999-05-16,0.08,25.66,82.92,20.74,2.22,0.75
1999-05-17,0.15,25.11,79.64,19.79,2.17,0.74
1999-05-18,0.23,25.17,78.9,16.85,1.9,0.74
1999-05-19,0.89,25.22,83.71,18.43,1.84,0.74
1999-05-20,0.29,24.99,83.34,20.22,2.06,0.73
1999-05-21,0.0,25.19,80.26,19.3,2.14,0.73
1999-05-22,0.06,25.18,77.76,19.83,2.32,0.72
1999-05-23,0.48,24.58,80.81,19.36,2.23,0.72
1999-05-24,0.0,24.22,78.22,18.72,2.23,0.71
1999-05-25,0.11,24.64,76.17,16.93,2.03,0.71
1999-05-26,0.0,24.77,79.39,19.97,2.08,0.71
1999-05-27,0.01,25.03,80.82,18.74,1.75,0.7
1999-05-28,0.03,24.61,81.33,18.42,1.65,0.7
1999-05-29,0.06,24.22,79.53,17.98,1.73,0.7
1999-05-30,0.02,24.07,79.47,19.06,2.01,0.7
1999-05-31,0.11,24.78,81.37,18.37,2.07,0.69
1999-06-01,0.16,25.12,85.92,13.8,2.09,0.69
1999-06-02,0.43,25.75,86.37,18.81,2.04,0.69
1999-06-03,0.34,25.3,84.86,18.88,2.22,0.69
1999-06-04,0.01,24.74,81.08,18.27,2.06,0.68
1999-06-05,0.07,24.25,80.51,18.67,1.77,0.68
1999-06-06,0.03,23.88,84.05,19.6,1.95,0.68
1999-06-07,0.06,24.23,84.78,17.09,1.83,0.68
1999-06-08,0.02,24.59,84.86,17.57,1.64,0.67
1999-06-09,0.02,25.25,83.87,19.44,1.98,0.67
1999-06-10,0.2,25.11,85.37,19.47,1.91,0.67
1999-06-11,0.0,24.75,82.81,20.01,1.76,0.67
1999-06-12,0.0,24.31,82.51,19.48,1.78,0.67
1999-06-13,0.02,24.71,82.91,18.52,1.76,0.66
1999-06-14,0.01,25.2,81.29,18.88,1.94,0.66
1999-06-15,0.03,24.89,82.47,18.51,1.83,0.66
1999-06-16,0.0,24.81,82.79,17.39,1.93,0.66
1999-06-17,0.01,25.11,82.18,18.85,2.05,0.65
1999-06-18,0.02,25.23,81.23,17.84,2.0,0.65
1999-06-19,0.58,25.51,85.79,18.53,2.16,0.65
1999-06-20,6.71,25.19,87.99,17.58,2.1,0.66
1999-06-21,33.12,24.86,86.95,15.17,2.1,0.69
1999-06-22,20.68,24.89,86.72,6.85,2.05,0.73
1999-06-23,1.96,24.95,85.12,18.51,2.42,0.72
1999-06-24,0.06,24.55,78.48,17.61,2.4,0.7
1999-06-25,0.09,24.17,81.43,18.36,2.14,0.69
1999-06-26,0.15,24.3,82.52,18.14,2.32,0.68
1999-06-27,0.1,24.28,81.15,18.22,2.38,0.67
1999-06-28,0.04,23.96,81.83,17.59,2.33,0.67
1999-06-29,0.07,23.7,78.99,17.46,2.56,0.66
1999-06-30,0.06,23.63,79.96,19.05,2.43,0.66
1999-07-01,0.09,23.98,84.17,17.66,2.16,0.65
1999-07-02,6.34,24.34,87.87,15.83,2.31,0.66
1999-07-03,5.98,24.61,88.11,17.11,2.37,0.67
1999-07-04,0.34,24.61,86.87,17.26,2.13,0.67
1999-07-05,0.05,24.37,85.38,17.2,2.1,0.66
1999-07-06,0.02,24.35,84.91,18.09,1.92,0.66
1999-07-07,10.57,24.2,86.05,18.25,1.87,0.66
1999-07-08,0.83,24.11,84.82,17.72,2.01,0.67
1999-07-09,0.01,24.14,83.85,18.07,2.08,0.66
1999-07-10,0.34,24.27,83.7,19.02,2.08,0.66
1999-07-11,0.03,24.58,84.25,18.57,2.25,0.65
1999-07-12,2.35,24.54,84.43,17.99,2.16,0.65
1999-07-13,3.26,24.38,82.86,18.39,2.18,0.65
1999-07-14,0.04,24.08,81.19,19.58,2.26,0.65
1999-07-15,0.01,23.78,78.53,19.57,2.19,0.64
1999-07-16,0.0,23.36,78.48,19.02,2.21,0.64
1999-07-17,0.0,22.89,77.95,18.69,2.19,0.63
1999-07-18,0.12,23.26,79.03,17.17,2.03,0.63
1999-07-19,0.36,23.16,83.18,17.69,2.18,0.62
1999-07-20,0.0,23.54,80.9,19.15,2.02,0.62
1999-07-21,0.96,23.77,81.31,17.15,2.03,0.62
1999-07-22,1.55,23.78,80.02,17.73,2.16,0.62
1999-07-23,0.27,23.77,83.73,18.22,2.11,0.61
1999-07-24,0.02,23.8,80.29,19.29,2.32,0.61
1999-07-25,0.0,23.77,80.14,18.62,2.34,0.61
1999-07-26,0.0,23.75,78.7,17.65,2.11,0.6
1999-07-27,0.33,24.21,81.03,19.42,1.95,0.6
1999-07-28,0.0,24.18,81.98,19.4,1.84,0.6
1999-07-29,0.01,24.03,82.43,17.82,1.88,0.6
1999-07-30,0.15,24.04,81.27,19.47,2.0,0.59
1999-07-31,0.06,24.67,81.32,17.77,1.64,0.59
1999-08-01,5.62,24.67,81.73,18.16,2.02,0.59
1999-08-02,3.69,24.33,84.22,20.3,2.14,0.6
1999-08-03,0.0,23.78,80.73,20.59,2.42,0.6
1999-08-04,0.0,23.68,79.52,20.32,2.14,0.59
1999-08-05,0.0,23.44,80.86,20.16,2.04,0.59
1999-08-06,0.0,23.91,79.77,20.54,2.02,0.58
1999-08-07,0.04,23.96,83.89,19.61,2.08,0.58
1999-08-08,0.68,24.13,86.96,18.18,2.05,0.58
1999-08-09,19.83,24.35,86.71,19.02,1.67,0.6
1999-08-10,1.68,25.05,84.58,17.84,1.37,0.62
1999-08-11,0.33,24.58,81.86,17.79,1.99,0.61
1999-08-12,0.0,24.44,82.38,20.99,2.13,0.6
1999-08-13,0.0,24.53,82.59,17.97,2.31,0.59
1999-08-14,0.0,24.37,81.72,18.93,2.28,0.59
1999-08-15,0.0,24.08,79.69,21.55,2.21,0.58
1999-08-16,0.0,23.63,76.62,21.33,2.32,0.58
1999-08-17,0.0,22.96,74.22,21.91,2.36,0.57
1999-08-18,0.0,23.3,74.45,20.58,2.04,0.57
1999-08-19,0.0,23.42,76.58,21.02,2.31,0.56
1999-08-20,0.04,23.98,77.87,20.35,1.88,0.56
1999-08-21,0.05,24.26,81.31,19.29,1.84,0.56
1999-08-22,0.0,25.19,82.12,20.58,1.64,0.55
1999-08-23,0.0,25.39,82.52,20.54,2.14,0.55
1999-08-24,0.0,25.19,82.65,20.17,1.82,0.55
1999-08-25,0.07,25.05,83.12,21.26,2.07,0.55
1999-08-26,0.02,24.9,80.54,22.19,1.94,0.54
1999-08-27,0.02,24.77,79.57,20.31,1.91,0.54
1999-08-28,0.0,24.84,80.65,21.12,1.65,0.54
1999-08-29,0.0,24.89,79.82,21.52,1.94,0.54
1999-08-30,0.09,24.92,79.88,20.28,1.88,0.53
1999-08-31,0.01,24.59,77.17,21.88,2.16,0.53
1999-09-01,0.0,23.81,75.09,23.25,2.17,0.53
1999-09-02,4.53,23.91,79.25,21.27,1.93,0.53
1999-09-03,1.55,24.06,81.89,20.69,1.87,0.54
1999-09-04,0.02,24.62,80.12,20.82,1.92,0.53
1999-09-05,0.0,24.55,79.73,19.95,2.11,0.53
1999-09-06,0.0,24.89,80.33,21.29,1.6,0.53
1999-09-07,19.93,24.73,81.05,21.97,1.85,0.54
1999-09-08,0.48,24.9,82.08,22.59,1.96,0.57
1999-09-09,0.0,25.22,80.56,22.97,2.04,0.56
1999-09-10,0.12,24.77,81.02,23.51,2.29,0.55
1999-09-11,0.09,24.77,82.13,23.11,2.14,0.55
1999-09-12,0.0,25.19,78.67,23.93,1.79,0.54
1999-09-13,0.04,25.36,81.81,23.36,1.46,0.54
1999-09-14,0.05,25.79,80.41,21.87,1.74,0.53
1999-09-15,0.01,25.49,81.28,22.91,1.92,0.53
1999-09-16,0.24,25.24,80.73,22.08,1.92,0.53
1999-09-17,0.07,25.56,79.21,22.64,1.62,0.52
1999-09-18,0.01,25.68,80.66,23.37,1.98,0.52
1999-09-19,0.01,26.12,79.51,24.16,1.55,0.52
1999-09-20,0.34,26.46,80.61,24.26,1.84,0.51
1999-09-21,0.1,26.58,76.01,24.41,1.68,0.51
1999-09-22,0.25,26.05,77.35,21.83,1.71,0.51
1999-09-23,0.77,25.96,78.67,22.86,1.68,0.51
1999-09-24,0.39,26.42,78.07,23.19,1.92,0.5
1999-09-25,0.03,26.5,78.65,23.76,1.91,0.5
1999-09-26,0.02,26.66,75.96,24.23,1.89,0.5
1999-09-27,0.0,25.89,77.97,24.75,2.3,0.5
1999-09-28,0.0,25.64,79.14,25.03,2.49,0.5
1999-09-29,0.0,25.95,74.96,26.19,1.97,0.49
1999-09-30,0.0,25.77,77.81,25.08,1.96,0.49
1999-10-01,0.0,25.75,74.87,24.6,2.27,0.49
1999-10-02,0.11,26.06,78.12,22.31,1.72,0.49
1999-10-03,0.02,26.76,75.37,23.14,2.0,0.49
1999-10-04,0.1,27.36,75.11,22.98,1.59,0.48
1999-10-05,0.14,27.45,75.98,25.94,1.63,0.48
1999-10-06,0.02,27.93,75.18,23.59,1.51,0.48
1999-10-07,0.05,27.81,74.5,25.15,1.54,0.48
1999-10-08,0.25,27.13,78.02,25.92,1.75,0.48
1999-10-09,4.91,26.66,79.98,25.11,1.77,0.48
1999-10-10,6.12,26.34,82.82,20.28,1.73,0.49
1999-10-11,9.83,25.77,85.49,16.38,1.76,0.5
1999-10-12,13.16,25.66,86.19,23.16,1.65,0.52
1999-10-13,14.06,26.37,86.11,22.99,1.72,0.55
1999-10-14,23.13,26.02,87.99,18.44,1.79,0.58
1999-10-15,8.74,26.34,86.57,20.23,2.02,0.6
1999-10-16,0.97,26.36,83.72,24.06,2.13,0.59
1999-10-17,0.21,26.49,80.52,22.04,1.94,0.58
1999-10-18,0.68,26.87,80.65,22.26,1.87,0.56
1999-10-19,8.59,26.68,84.38,20.93,1.97,0.56
1999-10-20,2.46,26.97,81.14,23.03,1.5,0.57
1999-10-21,0.37,26.83,79.15,22.46,1.24,0.56
1999-10-22,7.04,26.56,80.71,20.96,1.77,0.56
1999-10-23,0.77,26.96,77.18,22.64,2.06,0.56
1999-10-24,4.72,26.63,81.79,24.58,1.82,0.55
1999-10-25,5.94,26.57,85.05,16.65,1.88,0.56
1999-10-26,4.15,26.76,85.62,20.56,1.38,0.56
1999-10-27,3.03,27.41,83.51,23.67,1.51,0.56
1999-10-28,4.87,27.13,84.93,24.95,1.68,0.56
1999-10-29,2.37,26.97,83.6,22.46,2.09,0.56
1999-10-30,0.28,26.96,82.25,25.22,1.74,0.56
1999-10-31,18.76,26.13,87.14,23.36,1.98,0.56
1999-11-01,10.35,26.42,87.33,21.16,2.12,0.59
1999-11-02,13.94,25.98,86.94,17.51,1.91,0.6
1999-11-03,5.6,26.89,81.49,13.16,0.84,0.61
1999-11-04,2.21,26.21,86.29,11.66,1.36,0.6
1999-11-05,1.08,26.42,83.84,16.34,1.7,0.59
1999-11-06,1.36,25.74,88.33,13.53,2.05,0.58
1999-11-07,5.72,25.27,91.18,20.48,2.24,0.58
1999-11-08,4.12,24.95,89.39,23.25,1.9,0.59
1999-11-09,0.09,25.95,86.5,22.82,1.69,0.59
1999-11-10,0.26,26.8,81.02,22.32,1.73,0.58
1999-11-11,6.28,26.77,81.75,23.86,1.55,0.58
1999-11-12,2.76,27.14,80.61,21.62,1.4,0.58
1999-11-13,0.18,27.24,79.41,24.77,1.32,0.57
1999-11-14,0.52,27.37,79.91,21.55,1.34,0.56
1999-11-15,0.41,27.44,80.07,21.77,1.25,0.56
1999-11-16,5.85,26.96,81.39,25.92,1.83,0.55
1999-11-17,24.65,25.74,83.25,18.88,1.35,0.58
1999-11-18,3.46,27.0,77.04,16.05,1.25,0.6
1999-11-19,21.91,25.45,90.34,17.47,1.57,0.61
1999-11-20,6.34,26.0,90.45,24.35,1.95,0.64
1999-11-21,12.16,26.25,85.25,21.26,1.48,0.63
1999-11-22,8.12,26.88,81.36,20.47,0.76,0.64
1999-11-23,6.33,25.72,91.42,20.39,1.53,0.64
1999-11-24,8.33,27.08,81.33,25.44,1.56,0.64
1999-11-25,3.09,27.05,78.66,22.97,1.89,0.63
1999-11-26,0.63,26.96,74.8,24.36,1.71,0.62
1999-11-27,0.0,27.1,72.85,24.07,1.61,0.6
1999-11-28,3.97,27.09,77.18,24.9,1.61,0.6
1999-11-29,0.47,26.99,78.87,23.87,1.99,0.59
1999-11-30,0.6,27.18,78.58,22.29,1.78,0.58
1999-12-01,3.94,27.18,80.57,25.41,1.84,0.58
1999-12-02,1.92,26.98,83.19,21.8,2.01,0.58
1999-12-03,1.43,27.37,83.33,22.67,1.48,0.58
1999-12-04,3.81,27.08,84.31,22.6,1.46,0.58
1999-12-05,19.13,26.91,85.86,21.95,1.94,0.59
1999-12-06,9.29,26.78,84.83,19.33,1.61,0.62
1999-12-07,16.85,27.07,84.14,17.8,1.6,0.62
1999-12-08,45.25,26.11,89.39,18.03,1.88,0.69
1999-12-09,13.35,25.69,90.04,14.84,1.8,0.72
1999-12-10,3.36,25.73,89.9,19.91,2.52,0.7
1999-12-11,9.32,26.69,84.42,17.63,2.5,0.69
1999-12-12,8.78,27.08,84.08,15.09,2.99,0.68
1999-12-13,5.96,26.54,84.04,19.2,2.91,0.67
1999-12-14,27.16,26.63,86.55,18.47,1.71,0.68
1999-12-15,13.02,26.61,87.7,9.54,2.17,0.71
1999-12-16,2.88,26.4,87.87,16.31,2.2,0.7
1999-12-17,3.04,25.78,86.37,12.29,1.28,0.69
1999-12-18,6.27,25.96,85.93,16.76,1.55,0.68
1999-12-19,11.6,25.41,88.11,14.78,1.29,0.69
1999-12-20,6.19,25.6,85.32,21.89,1.53,0.69
1999-12-21,2.38,26.33,80.78,21.63,1.38,0.68
1999-12-22,0.41,26.53,80.84,24.77,1.53,0.67
1999-12-23,0.18,26.85,77.92,24.21,1.47,0.66
1999-12-24,4.52,26.9,79.9,17.75,1.45,0.65
1999-12-25,15.04,25.76,89.49,11.82,2.06,0.66
1999-12-26,8.05,26.26,87.86,18.23,2.27,0.68
1999-12-27,6.33,26.21,85.52,18.01,2.07,0.68
1999-12-28,6.81,26.0,89.01,24.44,2.22,0.68
1999-12-29,1.03,26.33,87.71,24.81,2.05,0.68
1999-12-30,2.23,26.21,87.22,23.22,2.36,0.67
1999-12-31,4.85,26.35,86.76,20.12,1.91,0.67
2000-01-01,9.58,26.37,83.39,22.0,1.54,0.67
2000-01-02,3.45,26.5,81.49,17.27,0.98,0.68
2000-01-03,0.81,26.49,82.88,19.76,0.79,0.67
2000-01-04,4.4,26.39,84.04,23.01,1.08,0.67
2000-01-05,3.02,27.1,81.54,23.53,1.34,0.67
2000-01-06,25.48,26.3,86.52,22.18,1.38,0.69
2000-01-07,4.65,26.06,84.51,23.6,1.18,0.71
2000-01-08,4.18,26.14,83.04,8.37,1.0,0.7
2000-01-09,2.04,26.09,85.8,17.91,1.13,0.69
2000-01-10,1.54,26.14,86.51,22.21,1.14,0.69
2000-01-11,3.0,25.69,85.93,9.2,0.95,0.68
2000-01-12,9.04,25.31,88.49,16.17,2.11,0.68
2000-01-13,3.16,25.54,88.85,18.7,1.73,0.69
2000-01-14,1.77,25.99,86.59,24.85,1.85,0.68
2000-01-15,0.48,25.94,84.88,23.74,1.91,0.68
2000-01-16,0.14,26.2,76.33,23.79,1.15,0.67
2000-01-17,5.91,27.15,73.94,23.7,1.19,0.67
2000-01-18,9.37,26.54,80.61,20.44,1.13,0.68
2000-01-19,25.84,25.13,90.85,15.83,1.85,0.7
2000-01-20,25.23,25.08,88.08,12.02,1.5,0.75
2000-01-21,15.46,25.43,90.52,11.57,2.06,0.76
2000-01-22,13.1,25.75,92.52,16.68,2.44,0.75
2000-01-23,22.7,25.94,91.2,10.48,2.8,0.77
2000-01-24,41.28,26.25,90.48,11.31,2.79,0.81
2000-01-25,27.03,25.56,90.12,19.04,1.94,0.82
2000-01-26,9.07,25.86,88.44,17.76,1.21,0.81
2000-01-27,3.63,26.08,87.85,19.59,1.41,0.79
2000-01-28,6.0,25.65,90.53,11.34,1.31,0.77
2000-01-29,2.42,25.38,88.85,19.87,1.66,0.77
2000-01-30,14.83,25.36,87.81,17.29,1.67,0.77
2000-01-31,7.27,25.34,90.89,15.54,2.15,0.78
2000-02-01,13.67,25.28,93.58,19.11,1.99,0.78
2000-02-02,5.9,25.58,88.72,18.17,1.5,0.78
2000-02-03,13.7,25.77,91.19,14.94,1.23,0.78
2000-02-04,6.1,25.58,92.01,16.2,1.58,0.79
2000-02-05,3.97,25.15,90.42,16.66,2.17,0.78
2000-02-06,10.02,25.19,89.7,19.85,2.23,0.78
2000-02-07,9.08,25.32,94.23,19.4,2.15,0.79
2000-02-08,6.92,25.65,91.55,12.15,1.62,0.79
2000-02-09,21.18,25.75,91.46,11.52,1.62,0.81
2000-02-10,12.96,26.1,89.69,20.28,1.51,0.82
2000-02-11,8.91,25.52,91.37,17.56,1.21,0.82
2000-02-12,4.5,25.26,91.61,16.53,1.26,0.82
2000-02-13,22.35,24.89,91.11,11.69,1.91,0.83
2000-02-14,2.02,25.94,85.71,20.68,1.47,0.84
2000-02-15,0.6,25.71,84.76,24.71,1.44,0.83
2000-02-16,0.43,26.44,84.37,22.18,1.35,0.82
2000-02-17,1.06,26.47,86.02,16.99,1.36,0.81
2000-02-18,1.27,26.46,85.38,20.46,1.28,0.81
2000-02-19,2.49,26.47,84.88,22.62,1.29,0.8
2000-02-20,5.17,26.09,87.39,18.59,1.33,0.81
2000-02-21,3.41,25.89,89.09,15.3,1.48,0.81
2000-02-22,1.06,25.69,88.69,17.24,1.52,0.8
2000-02-23,2.27,26.07,87.07,21.31,1.34,0.8
2000-02-24,9.18,25.57,92.36,13.77,2.07,0.8
2000-02-25,7.52,25.81,89.77,12.52,1.65,0.81
2000-02-26,18.93,25.78,92.39,12.08,2.22,0.82
2000-02-27,15.15,25.79,89.34,17.66,2.14,0.85
2000-02-28,10.97,25.57,91.39,16.35,1.99,0.84
2000-02-29,15.09,25.65,90.74,17.4,2.14,0.85
2000-03-01,11.31,25.54,90.97,15.25,2.15,0.86
2000-03-02,3.26,25.91,89.17,18.56,1.85,0.85
2000-03-03,2.58,25.8,91.61,19.61,1.34,0.85
2000-03-04,2.12,25.58,90.09,18.35,2.31,0.85
2000-03-05,2.49,25.85,91.79,18.03,2.29,0.84
2000-03-06,3.01,25.89,89.92,13.0,2.13,0.84
2000-03-07,3.88,25.65,92.92,15.99,1.37,0.84
2000-03-08,4.54,25.59,90.14,19.1,1.39,0.84
2000-03-09,3.9,25.6,90.99,20.79,1.36,0.84
2000-03-10,4.3,25.61,91.87,13.1,1.21,0.84
2000-03-11,7.24,25.46,91.48,15.6,1.62,0.84
2000-03-12,16.8,25.56,92.87,11.0,1.68,0.86
2000-03-13,22.9,25.05,92.4,11.3,1.8,0.88
2000-03-14,12.85,25.08,90.89,18.71,1.84,0.89
2000-03-15,11.84,25.76,87.87,14.04,2.91,0.89
2000-03-16,1.78,26.09,86.08,20.24,2.34,0.88
2000-03-17,3.79,25.81,90.44,15.62,1.89,0.88
2000-03-18,4.87,25.06,90.97,20.28,1.27,0.88
2000-03-19,5.87,25.48,88.21,17.68,1.49,0.87
2000-03-20,6.48,25.53,89.03,21.3,1.32,0.87
2000-03-21,3.75,25.35,88.89,20.49,1.35,0.87
2000-03-22,4.25,25.06,89.97,21.46,1.22,0.87
2000-03-23,8.14,25.36,88.35,15.91,0.84,0.87
2000-03-24,5.5,25.57,86.95,19.35,1.01,0.87
2000-03-25,10.25,25.59,87.99,21.27,1.22,0.88
2000-03-26,14.74,24.96,90.17,21.01,1.52,0.89
2000-03-27,10.85,26.15,85.06,20.5,1.02,0.9
2000-03-28,6.4,26.88,84.44,22.03,0.98,0.89
2000-03-29,7.89,27.05,81.73,21.61,1.24,0.89
2000-03-30,10.2,26.38,86.47,22.6,1.82,0.9
2000-03-31,2.0,26.94,81.22,21.19,1.41,0.89
2000-04-01,1.5,27.23,83.09,20.9,1.23,0.88
2000-04-02,1.44,27.12,83.8,23.3,1.58,0.87
2000-04-03,1.08,27.09,82.7,21.01,1.28,0.86
2000-04-04,6.8,26.99,84.06,21.37,1.28,0.86
2000-04-05,10.22,26.77,87.19,9.09,1.18,0.87
2000-04-06,1.03,26.33,88.18,18.25,1.07,0.86
2000-04-07,5.66,26.31,86.51,18.65,1.38,0.86
2000-04-08,2.03,26.59,86.54,18.64,0.84,0.86
2000-04-09,14.2,26.02,88.78,17.68,0.52,0.86
2000-04-10,9.52,26.05,86.12,18.78,1.05,0.88
2000-04-11,4.32,26.65,82.82,19.7,1.36,0.88
2000-04-12,18.92,26.02,90.33,17.45,1.5,0.88
2000-04-13,5.82,26.32,86.41,15.83,0.85,0.89
2000-04-14,2.7,26.08,87.97,18.52,0.87,0.89
2000-04-15,1.84,26.85,82.79,17.14,1.31,0.88
2000-04-16,2.16,25.54,90.47,18.54,1.42,0.88
2000-04-17,7.74,26.07,90.59,16.57,1.7,0.88
2000-04-18,12.11,26.08,90.81,11.62,1.8,0.88
2000-04-19,13.91,25.95,91.66,16.0,1.65,0.89
2000-04-20,9.26,25.63,89.65,13.35,1.34,0.9
2000-04-21,4.2,26.01,88.41,15.72,1.18,0.9
2000-04-22,1.01,26.55,87.38,12.44,1.47,0.89
2000-04-23,5.47,26.39,89.83,20.96,1.64,0.89
2000-04-24,5.75,26.75,86.01,14.65,1.16,0.89
2000-04-25,5.83,26.57,86.95,19.97,1.34,0.89
2000-04-26,0.44,27.07,82.77,17.57,1.47,0.89
2000-04-27,11.71,26.72,85.46,20.41,1.77,0.88
2000-04-28,7.83,26.28,89.8,19.12,1.57,0.89
2000-04-29,16.6,26.01,91.62,17.56,1.82,0.89
2000-04-30,5.61,25.7,85.06,19.08,2.2,0.9
2000-05-01,0.04,25.7,77.81,21.5,2.25,0.89
2000-05-02,3.2,25.64,75.78,18.52,2.11,0.87
2000-05-03,2.39,25.46,80.23,15.26,1.83,0.87
2000-05-04,8.2,25.63,86.86,20.69,2.02,0.87
2000-05-05,12.22,25.56,86.77,20.71,2.22,0.87
2000-05-06,5.91,25.49,86.63,17.84,2.42,0.87
2000-05-07,0.24,25.45,83.27,18.8,2.17,0.86
2000-05-08,0.11,25.69,83.79,20.32,1.86,0.85
2000-05-09,0.32,25.74,84.69,20.45,1.78,0.85
2000-05-10,0.3,25.53,86.42,20.81,1.97,0.84
2000-05-11,0.76,26.02,87.77,18.43,2.01,0.83
2000-05-12,8.91,26.04,89.17,18.0,2.35,0.83
2000-05-13,10.43,25.34,91.63,15.28,3.25,0.84
2000-05-14,1.81,25.93,90.54,18.36,2.22,0.84
2000-05-15,0.48,26.1,89.26,19.48,1.74,0.83
2000-05-16,1.28,26.35,87.88,19.26,1.85,0.83
2000-05-17,2.99,25.54,91.53,17.97,2.64,0.83
2000-05-18,3.43,25.35,88.75,18.28,2.45,0.82
2000-05-19,3.0,25.44,89.21,17.91,2.42,0.82
2000-05-20,2.77,25.58,90.58,15.26,1.73,0.82
2000-05-21,2.35,26.15,88.88,17.09,1.23,0.82
2000-05-22,1.19,26.41,88.98,15.53,1.09,0.81
2000-05-23,3.94,26.17,90.85,17.79,1.14,0.81
2000-05-24,0.53,26.19,88.94,19.72,1.45,0.81
2000-05-25,0.71,26.22,87.16,17.66,1.94,0.81
2000-05-26,0.74,26.09,86.01,18.67,1.93,0.8
2000-05-27,6.74,25.67,91.4,15.97,2.31,0.8
2000-05-28,6.09,25.38,90.53,15.81,2.03,0.8
2000-05-29,2.09,25.51,86.9,18.42,2.14,0.8
2000-05-30,0.59,25.26,85.57,18.13,2.56,0.79
2000-05-31,0.1,24.69,82.59,17.93,2.62,0.79
2000-06-01,0.21,24.68,83.74,17.74,2.61,0.78
2000-06-02,0.94,24.83,86.2,15.91,2.57,0.77
2000-06-03,1.18,24.58,86.8,14.4,2.52,0.77
2000-06-04,0.12,24.54,84.19,14.73,2.33,0.77
2000-06-05,0.12,24.16,84.92,17.0,2.34,0.76
2000-06-06,0.14,24.85,83.74,19.18,2.27,0.76
2000-06-07,0.05,24.77,84.18,18.98,2.21,0.75
2000-06-08,0.19,24.56,85.05,17.59,2.19,0.75
2000-06-09,0.05,24.1,84.84,17.63,2.11,0.74
2000-06-10,0.05,24.37,86.23,17.52,2.1,0.74
2000-06-11,0.21,24.52,86.54,17.64,2.29,0.74
2000-06-12,0.18,24.07,84.27,18.13,2.42,0.73
2000-06-13,0.17,23.81,84.46,17.61,2.58,0.73
2000-06-14,0.1,23.83,84.1,16.87,2.31,0.72
2000-06-15,0.14,23.75,85.07,17.87,2.5,0.72
2000-06-16,3.22,24.25,89.47,15.47,2.73,0.72
2000-06-17,2.56,24.67,88.74,13.53,2.45,0.72
2000-06-18,3.81,24.59,87.0,17.89,2.41,0.72
2000-06-19,0.06,24.56,85.6,18.78,2.15,0.72
2000-06-20,0.03,24.55,84.8,17.62,2.17,0.71
2000-06-21,0.58,24.43,85.88,16.4,2.29,0.71
2000-06-22,0.18,24.7,84.11,17.83,2.22,0.71
2000-06-23,0.12,24.28,82.36,17.22,2.47,0.7
2000-06-24,0.47,24.48,81.37,16.97,2.2,0.7
2000-06-25,0.25,24.07,82.54,18.32,2.22,0.7
2000-06-26,0.12,23.94,83.19,17.18,2.35,0.69
2000-06-27,0.13,23.97,84.31,17.06,2.27,0.69
2000-06-28,0.13,23.7,83.16,17.7,2.28,0.69
2000-06-29,0.18,23.63,82.75,15.97,2.24,0.69
2000-06-30,0.06,24.07,81.32,16.74,2.09,0.68
2000-07-01,0.1,24.42,84.28,19.35,1.93,0.68
2000-07-02,0.29,24.53,84.58,18.7,2.12,0.68
2000-07-03,0.14,24.33,84.83,18.63,2.18,0.68
2000-07-04,0.04,24.59,84.55,19.15,1.97,0.67
2000-07-05,0.15,24.6,85.73,18.64,2.16,0.67
2000-07-06,0.59,24.84,85.54,17.76,2.26,0.67
2000-07-07,0.39,24.42,84.76,17.64,2.38,0.67
2000-07-08,0.02,23.88,80.42,14.43,2.09,0.67
2000-07-09,0.01,23.44,82.57,18.47,1.89,0.66
2000-07-10,0.0,23.77,83.81,19.26,1.75,0.66
2000-07-11,0.02,23.77,83.01,19.16,2.08,0.66
2000-07-12,0.01,24.05,83.56,19.18,1.95,0.66
2000-07-13,0.0,23.97,81.81,20.03,2.06,0.65
2000-07-14,0.03,23.58,80.9,21.04,2.22,0.65
2000-07-15,0.22,23.88,80.05,20.25,2.56,0.65
2000-07-16,0.35,24.08,81.1,19.15,2.39,0.65
2000-07-17,0.0,24.2,81.83,20.02,2.13,0.64
2000-07-18,0.0,24.33,80.98,20.16,2.17,0.64
2000-07-19,0.01,24.24,80.03,18.86,2.27,0.64
2000-07-20,0.0,23.72,77.84,20.59,2.38,0.64
2000-07-21,0.0,23.42,74.39,20.76,2.31,0.63
2000-07-22,0.02,23.39,80.31,20.39,2.13,0.63
2000-07-23,0.37,23.69,84.94,20.06,2.07,0.63
2000-07-24,0.04,24.48,82.78,19.94,2.1,0.62
2000-07-25,0.3,24.52,84.12,19.61,2.31,0.62
2000-07-26,1.58,24.45,84.0,19.82,2.37,0.62
2000-07-27,0.83,24.52,85.39,18.35,2.42,0.62
2000-07-28,0.0,24.55,83.12,19.77,2.41,0.62
2000-07-29,0.01,24.24,82.33,20.19,2.61,0.61
2000-07-30,0.01,24.14,81.01,19.36,2.59,0.61
2000-07-31,0.01,24.28,82.2,18.16,2.68,0.61
2000-08-01,0.1,24.44,83.11,18.31,2.68,0.6
2000-08-02,0.23,24.36,82.81,18.54,2.71,0.6
2000-08-03,0.12,24.64,81.48,17.7,2.78,0.6
2000-08-04,0.03,24.41,81.39,20.49,2.54,0.6
2000-08-05,0.0,24.74,81.18,20.54,2.34,0.59
2000-08-06,1.23,24.81,81.25,19.96,2.11,0.59
2000-08-07,0.06,24.69,81.11,18.23,2.41,0.59
2000-08-08,0.26,24.87,82.82,19.81,2.61,0.59
2000-08-09,0.13,24.46,81.76,19.81,2.46,0.58
2000-08-10,0.03,24.07,82.28,19.33,2.39,0.58
2000-08-11,0.04,24.01,80.53,19.62,2.37,0.58
2000-08-12,0.19,24.24,82.35,19.8,2.39,0.58
2000-08-13,0.11,23.96,84.14,18.36,2.46,0.57
2000-08-14,0.04,24.11,81.78,17.2,2.43,0.57
2000-08-15,0.0,24.59,80.17,19.46,1.94,0.57
2000-08-16,3.91,23.89,83.07,18.04,2.09,0.57
2000-08-17,1.49,23.8,81.54,19.41,1.94,0.57
2000-08-18,0.0,24.03,76.12,21.14,1.98,0.57
2000-08-19,0.0,23.6,76.89,21.03,2.1,0.57
2000-08-20,0.03,23.76,77.88,22.15,1.93,0.56
2000-08-21,0.05,23.39,79.34,21.46,1.92,0.56
2000-08-22,0.0,24.04,78.75,20.88,1.73,0.56
2000-08-23,0.65,24.95,82.13,21.1,1.79,0.56
2000-08-24,0.44,25.29,84.23,18.0,1.62,0.55
2000-08-25,0.09,25.53,83.15,20.55,1.89,0.55
2000-08-26,0.0,25.52,81.56,20.15,1.95,0.55
2000-08-27,0.0,25.3,80.14,22.25,1.91,0.55
2000-08-28,0.0,25.17,78.99,21.15,1.83,0.54
2000-08-29,0.0,24.95,80.6,21.52,1.75,0.54
2000-08-30,0.0,25.02,80.66,21.02,1.91,0.54
2000-08-31,0.01,25.12,81.11,21.08,1.88,0.54
2000-09-01,0.04,25.1,80.46,20.95,2.31,0.53
2000-09-02,0.08,25.24,78.4,21.67,1.97,0.53
2000-09-03,0.0,25.33,79.94,22.39,1.76,0.53
2000-09-04,0.0,25.76,81.58,23.28,1.62,0.53
2000-09-05,0.0,25.66,81.4,21.72,1.5,0.53
2000-09-06,0.05,25.7,80.17,22.66,1.89,0.52
2000-09-07,0.75,25.61,78.84,22.2,2.19,0.52
2000-09-08,0.01,25.31,80.34,23.42,2.16,0.52
2000-09-09,0.0,25.59,77.29,23.83,1.98,0.52
2000-09-10,0.0,25.65,78.38,23.61,1.72,0.51
2000-09-11,0.6,26.28,81.17,22.48,1.8,0.51
2000-09-12,1.99,26.65,80.9,22.09,1.92,0.51
2000-09-13,0.0,26.06,76.03,23.81,2.58,0.51
2000-09-14,0.0,25.71,75.9,21.9,2.34,0.51
2000-09-15,0.06,25.72,78.95,20.64,2.19,0.51
2000-09-16,0.07,25.81,78.57,22.07,2.47,0.51
2000-09-17,0.04,26.15,79.02,23.22,2.38,0.5
2000-09-18,0.04,26.44,76.99,23.64,2.21,0.5
2000-09-19,0.01,26.41,77.15,22.4,1.87,0.5
2000-09-20,0.02,26.19,77.74,23.0,1.68,0.5
2000-09-21,0.38,26.15,78.06,20.0,2.04,0.5
2000-09-22,0.87,26.8,80.47,23.21,1.96,0.5
2000-09-23,1.29,26.44,82.3,23.11,1.98,0.5
2000-09-24,0.18,26.46,82.39,21.76,1.89,0.5
2000-09-25,0.06,26.98,78.83,22.81,1.79,0.49
2000-09-26,0.03,26.76,80.38,23.29,1.9,0.49
2000-09-27,0.04,26.86,78.61,23.33,1.79,0.49
2000-09-28,0.04,26.87,77.61,24.27,2.07,0.49
2000-09-29,0.16,26.88,77.55,24.88,2.07,0.49
2000-09-30,0.18,26.81,76.36,23.68,2.23,0.49
2000-10-01,0.0,27.2,75.9,24.4,1.94,0.48
2000-10-02,0.02,27.04,78.43,22.08,1.81,0.48
2000-10-03,0.04,27.1,75.81,22.97,1.9,0.48
2000-10-04,0.22,27.28,78.3,22.41,1.77,0.48
2000-10-05,0.21,27.1,80.07,23.14,1.82,0.48
2000-10-06,0.24,27.07,80.61,24.37,1.75,0.48
2000-10-07,0.03,26.88,78.77,20.47,1.68,0.48
2000-10-08,2.02,26.71,78.87,23.26,1.63,0.48
2000-10-09,0.11,27.03,77.36,24.43,1.72,0.48
2000-10-10,0.78,27.47,77.29,20.49,1.65,0.48
2000-10-11,0.59,27.8,77.45,23.16,1.68,0.48
2000-10-12,29.39,26.86,81.91,20.87,2.06,0.5
2000-10-13,12.89,26.66,84.48,25.41,1.9,0.55
2000-10-14,9.33,26.87,85.69,24.06,1.92,0.56
2000-10-15,15.8,26.59,89.54,21.65,1.89,0.57
2000-10-16,8.72,26.87,84.96,15.48,1.79,0.6
2000-10-17,4.38,26.66,84.48,19.87,1.44,0.59
2000-10-18,5.44,26.47,86.36,19.59,1.83,0.58
2000-10-19,5.83,26.74,84.31,17.46,1.61,0.58
2000-10-20,17.88,26.65,84.43,20.25,2.33,0.59
2000-10-21,1.22,26.59,81.01,21.87,2.45,0.6
2000-10-22,0.02,26.18,71.24,23.45,1.98,0.58
2000-10-23,0.0,25.22,72.13,24.28,1.74,0.57
2000-10-24,0.0,25.78,70.13,24.05,1.53,0.55
2000-10-25,0.15,25.94,73.55,19.92,1.66,0.55
2000-10-26,0.01,26.14,75.32,22.47,1.69,0.54
2000-10-27,0.01,26.47,77.72,21.91,1.91,0.53
2000-10-28,0.06,26.76,75.56,23.55,2.05,0.53
2000-10-29,0.0,26.6,74.24,24.44,2.06,0.52
2000-10-30,0.36,26.82,77.57,23.96,1.84,0.51
2000-10-31,4.26,27.15,80.23,25.93,1.59,0.51
2000-11-01,2.82,27.22,81.65,21.92,1.54,0.52
2000-11-02,7.41,26.83,85.54,18.35,1.81,0.52
2000-11-03,13.85,26.91,85.57,19.68,1.86,0.54
2000-11-04,7.91,27.31,82.02,22.97,1.59,0.56
2000-11-05,2.57,27.31,79.3,22.83,1.48,0.56
2000-11-06,2.04,27.2,80.19,22.09,1.45,0.55
2000-11-07,4.21,27.46,81.71,21.61,1.36,0.55
2000-11-08,12.99,27.43,80.14,21.36,1.41,0.56
2000-11-09,12.56,27.23,82.02,24.55,1.7,0.58
2000-11-10,2.64,27.26,81.79,22.7,1.94,0.58
2000-11-11,4.96,26.62,85.35,17.05,2.0,0.57
2000-11-12,26.73,26.1,85.13,22.29,1.79,0.59
2000-11-13,23.37,26.55,83.88,19.12,1.93,0.63
2000-11-14,15.19,26.61,86.72,20.53,2.17,0.65
2000-11-15,4.11,27.31,85.05,21.66,1.6,0.65
2000-11-16,3.93,27.58,85.04,18.16,1.72,0.63
2000-11-17,4.59,27.45,84.95,19.08,1.8,0.62
2000-11-18,10.85,27.15,84.61,18.46,2.17,0.62
2000-11-19,4.82,26.7,87.4,18.77,1.34,0.62
2000-11-20,27.19,26.49,87.64,13.19,1.13,0.64
2000-11-21,5.19,27.43,75.73,17.9,1.23,0.66
2000-11-22,4.8,26.51,86.23,20.67,1.94,0.65
2000-11-23,8.54,25.57,88.96,18.48,1.94,0.64
2000-11-24,6.29,26.21,87.06,16.91,1.91,0.65
2000-11-25,87.85,26.93,84.61,19.1,1.09,0.7
2000-11-26,40.87,26.88,85.06,17.58,0.86,0.82
2000-11-27,4.15,26.77,81.97,16.82,0.97,0.79
2000-11-28,4.93,26.17,88.61,19.97,1.37,0.76
2000-11-29,2.6,26.93,85.76,21.52,1.87,0.73
2000-11-30,1.09,27.24,84.4,20.38,1.98,0.7
2000-12-01,1.07,26.78,86.17,21.52,2.03,0.68
2000-12-02,6.82,26.37,86.85,17.96,2.39,0.68
2000-12-03,21.3,26.2,87.24,10.93,3.62,0.69
2000-12-04,15.52,25.98,87.93,18.69,3.21,0.71
2000-12-05,2.68,27.13,82.11,21.2,2.83,0.71
2000-12-06,0.54,27.19,79.5,22.38,3.4,0.69
2000-12-07,0.26,26.6,79.74,24.51,3.42,0.68
2000-12-08,0.02,26.53,80.5,23.42,2.88,0.67
2000-12-09,0.01,26.16,82.5,24.27,2.51,0.66
2000-12-10,0.01,26.52,81.1,22.53,1.91,0.65
2000-12-11,0.29,26.65,83.03,24.74,1.43,0.65
2000-12-12,1.2,26.43,83.92,19.87,1.51,0.64
2000-12-13,0.59,26.36,84.2,20.02,1.77,0.64
2000-12-14,6.65,26.09,86.62,13.18,1.66,0.65
2000-12-15,0.85,26.61,82.19,20.48,1.59,0.65
2000-12-16,0.08,26.41,79.94,22.1,1.49,0.64
2000-12-17,0.33,26.26,82.41,20.35,1.56,0.64
2000-12-18,0.1,25.24,83.31,17.71,1.16,0.63
2000-12-19,0.25,26.55,79.92,23.72,1.33,0.63
2000-12-20,0.12,26.42,82.1,22.14,1.64,0.63
2000-12-21,0.41,26.46,80.31,17.37,1.7,0.62
2000-12-22,2.55,26.39,82.87,21.25,1.64,0.62
2000-12-23,0.6,26.31,80.28,24.78,1.7,0.62
2000-12-24,0.23,26.34,80.62,21.93,1.82,0.61
2000-12-25,0.28,26.24,80.49,22.55,2.08,0.61
2000-12-26,0.13,26.38,77.86,22.54,1.97,0.61
2000-12-27,0.38,26.79,78.94,24.75,1.99,0.6
2000-12-28,7.81,26.94,79.55,21.96,1.91,0.6
2000-12-29,6.43,26.79,79.47,24.71,1.76,0.62
2000-12-30,0.02,26.54,79.35,25.5,1.76,0.61
2000-12-31,0.01,26.09,79.95,25.89,1.48,0.61
2001-01-01,3.1,26.47,78.67,24.86,1.33,0.61
2001-01-02,13.84,26.7,81.15,22.17,1.45,0.62
2001-01-03,0.99,27.66,75.23,24.11,1.08,0.63
2001-01-04,0.07,27.5,76.98,24.56,0.78,0.62
2001-01-05,1.0,26.53,83.98,20.46,1.14,0.61
2001-01-06,11.64,25.89,85.01,10.28,1.12,0.62
2001-01-07,7.97,25.64,83.75,18.16,1.28,0.64
2001-01-08,1.91,26.29,85.97,15.78,1.35,0.64
2001-01-09,3.05,25.78,86.34,14.7,0.97,0.63
2001-01-10,13.68,25.76,88.99,17.64,1.7,0.64
2001-01-11,14.9,24.86,90.9,7.48,2.74,0.67
2001-01-12,16.5,25.24,91.07,10.12,2.87,0.69
2001-01-13,12.45,26.08,87.96,15.88,2.43,0.69
2001-01-14,4.22,25.91,90.03,21.84,2.16,0.69
2001-01-15,21.09,25.81,90.79,14.05,2.56,0.7
2001-01-16,12.48,25.62,91.54,12.1,1.94,0.72
2001-01-17,9.85,25.98,88.73,17.35,1.95,0.71
2001-01-18,5.26,26.17,87.07,15.29,1.26,0.71
2001-01-19,1.96,26.14,87.56,14.9,1.11,0.7
2001-01-20,11.08,26.01,86.16,16.37,1.0,0.69
2001-01-21,10.64,26.23,84.13,18.06,1.35,0.71
2001-01-22,20.24,26.34,82.43,18.78,1.1,0.72
2001-01-23,16.55,26.42,85.83,13.56,1.25,0.74
2001-01-24,6.2,26.21,89.43,17.98,1.64,0.72
2001-01-25,5.02,26.68,86.32,18.88,1.0,0.72
2001-01-26,1.21,27.68,81.67,23.61,1.06,0.71
2001-01-27,0.71,27.71,80.97,21.14,1.26,0.7
2001-01-28,0.62,26.81,87.31,21.42,1.56,0.69
2001-01-29,7.69,26.42,87.02,10.91,1.88,0.69
2001-01-30,4.21,25.99,89.33,18.36,1.81,0.7
2001-01-31,1.74,26.39,88.37,23.37,1.42,0.69
2001-02-01,5.72,26.47,85.75,22.89,1.24,0.69
2001-02-02,31.93,25.48,92.42,15.52,1.54,0.72
2001-02-03,23.6,25.17,91.84,7.27,1.68,0.76
2001-02-04,10.76,25.02,91.4,17.14,1.87,0.77
2001-02-05,8.38,25.8,89.79,16.17,2.56,0.75
2001-02-06,7.48,26.12,90.41,16.69,2.24,0.74
2001-02-07,2.12,26.23,88.02,18.91,2.73,0.74
2001-02-08,2.13,26.13,87.34,10.72,2.82,0.73
2001-02-09,2.75,26.19,87.45,14.84,2.44,0.72
2001-02-10,35.34,26.17,90.44,18.98,2.4,0.74
2001-02-11,22.0,26.35,90.15,14.79,2.7,0.79
2001-02-12,20.41,26.99,84.47,18.56,3.08,0.78
2001-02-13,7.17,27.34,81.43,19.55,3.9,0.78
2001-02-14,6.01,27.16,82.97,21.65,3.73,0.76
2001-02-15,3.15,27.01,85.46,20.87,3.38,0.76
2001-02-16,0.84,26.53,86.4,20.72,3.04,0.74
2001-02-17,5.85,26.05,86.41,22.32,2.92,0.74
2001-02-18,4.08,25.77,89.1,17.5,2.73,0.74
2001-02-19,0.69,25.79,85.91,21.52,2.38,0.73
2001-02-20,0.26,25.84,84.11,17.81,2.2,0.73
2001-02-21,3.81,25.45,84.91,22.19,2.08,0.73
2001-02-22,0.83,26.09,80.34,19.05,1.61,0.72
2001-02-23,0.03,25.64,78.61,24.52,1.6,0.71
2001-02-24,0.02,25.8,76.01,26.0,1.61,0.71
2001-02-25,0.06,26.44,71.75,23.96,1.03,0.7
2001-02-26,0.0,26.61,73.49,25.13,1.2,0.7
2001-02-27,0.0,26.51,73.87,25.63,1.43,0.7
2001-02-28,0.0,26.32,80.57,24.75,1.8,0.69
2001-03-01,0.01,26.48,82.4,23.44,2.07,0.69
2001-03-02,0.61,26.6,83.95,21.9,2.12,0.68
2001-03-03,2.64,26.72,86.45,21.52,1.98,0.68
2001-03-04,2.75,26.37,85.72,21.62,2.28,0.69
2001-03-05,2.08,26.71,84.39,21.94,1.93,0.69
2001-03-06,1.49,26.54,82.01,21.07,1.64,0.69
2001-03-07,1.92,26.21,82.34,19.79,1.4,0.68
2001-03-08,6.56,26.01,84.4,16.73,1.32,0.69
2001-03-09,0.27,25.77,86.38,21.16,1.28,0.69
2001-03-10,0.74,26.98,81.69,20.98,1.01,0.68
2001-03-11,16.93,26.02,89.97,17.95,1.61,0.69
2001-03-12,1.91,26.34,79.19,23.63,1.64,0.71
2001-03-13,0.94,26.45,79.63,23.04,1.55,0.7
2001-03-14,1.69,26.76,79.49,19.67,1.35,0.69
2001-03-15,1.34,26.3,80.61,18.78,1.37,0.69
2001-03-16,2.52,26.19,81.41,18.77,1.09,0.69
2001-03-17,2.22,26.13,84.98,16.48,1.73,0.68
2001-03-18,8.42,26.35,87.69,7.17,2.25,0.69
2001-03-19,1.2,26.47,85.74,17.07,2.01,0.69
2001-03-20,3.3,26.06,91.05,20.48,1.98,0.69
2001-03-21,5.79,25.83,90.01,20.63,2.18,0.69
2001-03-22,4.26,25.47,89.6,19.27,1.97,0.7
2001-03-23,1.23,26.78,82.11,22.55,1.27,0.7
2001-03-24,0.32,26.44,83.97,20.38,0.7,0.69
2001-03-25,2.14,26.39,85.16,16.02,0.83,0.69
2001-03-26,6.85,26.4,81.19,16.42,0.97,0.69
2001-03-27,62.7,25.93,91.19,17.16,1.97,0.73
2001-03-28,49.17,25.77,89.51,13.14,1.58,0.85
2001-03-29,2.51,26.32,86.45,19.0,1.32,0.82
2001-03-30,1.01,26.19,85.99,20.34,1.02,0.78
2001-03-31,1.12,26.64,81.99,18.31,1.02,0.76
2001-04-01,1.51,26.05,86.38,17.47,1.11,0.75
2001-04-02,3.7,26.61,85.5,20.78,1.4,0.74
2001-04-03,3.24,26.46,88.33,20.45,1.84,0.74
2001-04-04,0.61,26.75,86.98,21.09,1.98,0.73
2001-04-05,6.28,26.68,86.31,21.25,1.78,0.73
2001-04-06,13.57,26.63,87.5,21.81,1.98,0.74
2001-04-07,1.97,26.78,82.23,21.03,1.79,0.74
2001-04-08,3.53,26.43,80.79,22.3,1.67,0.73
2001-04-09,7.04,26.67,81.25,21.92,1.79,0.73
2001-04-10,5.37,26.9,82.77,21.98,1.88,0.74
2001-04-11,0.91,27.1,83.66,22.7,1.93,0.73
2001-04-12,14.56,26.34,87.47,18.36,2.15,0.73
2001-04-13,15.64,26.28,85.73,18.3,1.88,0.75
2001-04-14,24.27,25.85,86.57,20.19,2.04,0.78
2001-04-15,4.36,25.93,81.95,19.76,1.92,0.77
2001-04-16,8.15,25.76,84.65,20.62,1.89,0.76
2001-04-17,0.08,25.71,82.02,22.41,1.76,0.75
2001-04-18,0.0,25.56,81.1,21.19,1.67,0.74
2001-04-19,0.0,25.58,77.52,22.55,1.29,0.73
2001-04-20,0.0,26.04,78.78,22.38,1.27,0.73
2001-04-21,0.03,26.57,82.1,22.18,1.64,0.72
2001-04-22,0.1,26.69,87.39,19.58,1.63,0.72
2001-04-23,5.66,26.6,89.78,18.76,1.66,0.72
2001-04-24,10.52,26.44,90.64,15.58,1.65,0.74
2001-04-25,5.34,25.97,88.41,18.76,2.01,0.74
2001-04-26,0.04,25.72,83.2,20.62,2.11,0.73
2001-04-27,0.05,25.62,79.72,20.65,1.88,0.73
2001-04-28,0.04,26.38,82.65,16.68,1.58,0.72
2001-04-29,0.18,27.32,82.6,20.08,1.06,0.71
2001-04-30,17.75,26.9,85.03,19.43,1.15,0.72
2001-05-01,5.25,26.95,84.19,19.85,1.48,0.74
2001-05-02,1.74,27.0,82.35,19.64,1.38,0.73
2001-05-03,0.2,26.95,82.32,21.01,1.79,0.72
2001-05-04,0.0,26.85,82.56,21.27,2.1,0.71
2001-05-05,0.07,26.14,81.97,21.31,2.07,0.71
2001-05-06,1.63,26.01,85.77,20.43,1.98,0.7
2001-05-07,10.3,26.11,86.84,20.23,2.14,0.71
2001-05-08,0.98,26.05,80.58,20.98,2.24,0.71
2001-05-09,0.01,25.61,76.96,21.54,2.23,0.7
2001-05-10,0.04,24.94,78.46,20.62,1.92,0.7
2001-05-11,0.43,24.69,75.32,21.34,1.59,0.69
2001-05-12,0.29,25.01,75.64,20.8,1.43,0.69
2001-05-13,0.19,25.46,74.36,20.99,1.34,0.68
2001-05-14,0.0,25.48,77.33,20.69,1.62,0.68
2001-05-15,0.23,25.82,82.9,19.94,1.9,0.68
2001-05-16,0.05,26.26,81.89,20.72,2.18,0.67
2001-05-17,1.18,26.21,84.04,20.03,2.42,0.67
2001-05-18,1.44,26.41,83.1,19.68,2.05,0.67
2001-05-19,0.49,26.26,82.6,18.59,2.19,0.67
2001-05-20,0.09,25.99,80.87,19.8,2.08,0.66
2001-05-21,0.0,25.71,80.47,19.68,1.86,0.66
2001-05-22,0.0,25.66,82.61,19.28,1.86,0.66
2001-05-23,0.0,25.9,81.05,19.16,1.66,0.66
2001-05-24,0.83,25.57,82.85,18.78,1.55,0.65
2001-05-25,0.73,25.52,84.43,18.52,1.65,0.65
2001-05-26,0.33,26.33,83.97,18.96,1.85,0.65
2001-05-27,7.07,26.16,84.87,18.37,2.0,0.65
2001-05-28,2.52,25.76,83.3,17.98,2.03,0.66
2001-05-29,0.0,25.91,81.86,18.17,1.82,0.66
2001-05-30,0.04,26.02,84.08,15.61,1.69,0.65
2001-05-31,1.07,25.38,89.13,13.71,1.51,0.65
2001-06-01,6.64,25.67,89.29,16.36,1.16,0.65
2001-06-02,2.83,26.4,86.46,18.37,1.54,0.67
2001-06-03,1.16,26.6,85.25,15.18,1.79,0.66
2001-06-04,10.2,25.67,91.95,14.22,1.81,0.67
2001-06-05,2.08,25.95,88.47,17.12,2.23,0.67
2001-06-06,0.35,25.97,84.69,16.98,2.43,0.67
2001-06-07,0.02,25.64,84.15,18.37,2.12,0.66
2001-06-08,0.22,25.77,85.85,14.94,2.16,0.65
2001-06-09,17.37,25.4,88.12,15.45,1.67,0.66
2001-06-10,28.65,25.98,83.67,10.0,1.33,0.72
2001-06-11,0.22,26.64,80.1,18.78,1.22,0.71
2001-06-12,0.08,26.73,81.0,17.3,0.95,0.69
2001-06-13,17.01,25.84,89.82,17.37,1.55,0.7
2001-06-14,4.08,25.86,89.64,17.84,1.83,0.71
2001-06-15,0.16,25.67,86.38,19.04,2.32,0.7
2001-06-16,0.07,25.4,78.69,19.56,2.85,0.69
2001-06-17,0.13,24.99,77.9,18.63,2.57,0.68
2001-06-18,0.31,24.35,76.95,18.75,2.79,0.67
2001-06-19,0.17,24.07,75.09,19.01,2.5,0.66
2001-06-20,0.8,24.52,84.32,18.0,2.53,0.65
2001-06-21,0.63,24.55,85.49,16.07,2.44,0.65
2001-06-22,0.05,25.11,83.72,18.13,2.19,0.65
2001-06-23,0.12,25.15,83.96,18.5,2.26,0.64
2001-06-24,0.12,25.08,83.95,18.58,2.31,0.64
2001-06-25,0.17,25.06,84.93,17.8,2.11,0.63
2001-06-26,0.46,25.06,85.04,17.72,1.78,0.63
2001-06-27,0.26,25.07,84.74,17.73,1.78,0.63
2001-06-28,0.05,25.06,83.63,18.52,1.87,0.62
2001-06-29,0.0,24.75,84.11,18.68,2.09,0.62
2001-06-30,0.0,24.25,80.44,19.31,2.21,0.62
2001-07-01,0.0,23.27,74.63,18.05,2.5,0.61
2001-07-02,0.0,22.7,70.39,18.28,2.26,0.61
2001-07-03,0.0,22.77,69.01,19.61,2.41,0.6
2001-07-04,0.56,23.32,73.35,20.2,2.26,0.6
2001-07-05,0.89,24.01,81.45,18.42,2.19,0.6
2001-07-06,0.31,24.76,81.89,18.44,1.39,0.6
2001-07-07,0.12,25.0,79.51,19.45,1.37,0.59
2001-07-08,0.01,25.13,78.52,19.36,1.19,0.59
2001-07-09,0.0,24.34,83.52,18.97,1.84,0.59
2001-07-10,0.0,24.6,82.42,19.08,1.85,0.59
2001-07-11,0.0,24.6,81.54,18.71,1.68,0.58
2001-07-12,0.0,24.97,79.58,18.63,1.32,0.58
2001-07-13,0.0,25.85,79.61,19.23,1.2,0.58
2001-07-14,0.0,25.8,78.42,19.81,1.34,0.58
2001-07-15,0.36,25.62,82.38,19.14,1.36,0.57
2001-07-16,0.0,25.41,79.8,18.45,1.38,0.57
2001-07-17,0.01,24.85,81.83,19.12,1.5,0.57
2001-07-18,0.0,25.18,80.48,19.33,1.41,0.57
2001-07-19,2.11,25.58,83.16,17.76,1.46,0.56
2001-07-20,3.7,25.86,84.49,11.03,1.27,0.57
2001-07-21,3.25,25.58,85.06,17.17,1.65,0.57
2001-07-22,1.15,25.52,84.31,17.7,2.0,0.58
2001-07-23,0.0,25.58,81.5,19.61,2.27,0.57
2001-07-24,0.01,25.3,81.06,18.79,2.44,0.57
2001-07-25,0.03,25.12,79.3,19.88,2.59,0.56
2001-07-26,0.04,25.0,77.84,19.73,2.62,0.56
2001-07-27,0.04,25.05,78.32,19.39,2.26,0.55
2001-07-28,0.02,24.76,78.03,18.53,2.4,0.55
2001-07-29,0.01,24.7,76.22,20.42,2.19,0.55
2001-07-30,0.02,24.1,78.89,20.05,2.36,0.54
2001-07-31,0.33,23.54,79.85,19.52,2.31,0.54
2001-08-01,0.02,23.04,74.52,19.8,2.3,0.54
2001-08-02,0.0,23.0,71.42,20.89,2.22,0.54
2001-08-03,0.0,23.41,70.27,21.25,2.16,0.54
2001-08-04,0.0,23.76,72.32,19.15,2.31,0.53
2001-08-05,0.09,23.75,77.16,19.94,2.36,0.53
2001-08-06,0.4,23.93,80.74,18.04,2.22,0.53
2001-08-07,0.14,24.58,77.64,19.31,2.07,0.53
2001-08-08,0.0,25.5,76.5,21.05,1.58,0.53
2001-08-09,0.0,25.6,78.76,19.69,1.66,0.52
2001-08-10,0.0,24.94,80.49,20.5,1.93,0.52
2001-08-11,0.0,24.3,74.25,21.55,2.09,0.52
2001-08-12,0.0,24.0,75.53,19.45,1.98,0.52
2001-08-13,0.02,24.8,75.94,20.69,2.0,0.52
2001-08-14,0.91,25.34,80.5,20.41,1.7,0.51
2001-08-15,1.55,25.47,80.33,20.11,1.89,0.51
2001-08-16,0.03,24.61,75.41,20.33,2.68,0.51
2001-08-17,0.06,23.85,71.76,20.55,2.61,0.51
2001-08-18,0.25,24.8,72.04,18.95,2.07,0.51
2001-08-19,0.03,25.15,71.78,20.82,1.96,0.51
2001-08-20,0.05,25.34,74.43,20.88,2.05,0.5
2001-08-21,0.0,25.15,75.64,21.91,2.25,0.5
2001-08-22,0.22,25.08,76.67,20.45,2.43,0.5
2001-08-23,0.02,24.82,71.61,20.16,2.39,0.5
2001-08-24,0.0,24.54,73.7,21.04,2.27,0.5
2001-08-25,0.2,24.31,77.12,19.87,2.32,0.5
2001-08-26,0.04,24.31,76.83,20.3,2.28,0.49
2001-08-27,0.05,24.39,75.91,20.1,2.13,0.49
2001-08-28,0.03,24.76,76.6,21.06,1.88,0.49
2001-08-29,0.0,25.65,77.0,18.76,1.41,0.49
2001-08-30,0.04,25.75,79.63,21.73,1.79,0.49
2001-08-31,0.18,25.74,77.83,17.74,2.03,0.49
2001-09-01,0.4,25.19,77.96,21.98,2.24,0.49
2001-09-02,0.08,25.19,76.98,21.48,2.19,0.49
2001-09-03,0.04,24.77,77.85,20.14,2.14,0.49
2001-09-04,0.03,25.03,77.38,22.0,2.0,0.49
2001-09-05,0.02,26.05,73.8,23.08,1.47,0.48
2001-09-06,0.02,26.08,77.87,22.91,2.08,0.48
2001-09-07,0.16,25.79,77.02,21.53,2.68,0.48
2001-09-08,0.16,25.71,75.86,21.32,2.0,0.48
2001-09-09,0.0,25.72,78.01,22.13,1.61,0.48
2001-09-10,0.01,25.38,76.69,22.97,2.03,0.48
2001-09-11,0.0,25.81,77.81,22.01,2.06,0.48
2001-09-12,0.06,26.01,78.69,22.5,1.82,0.47
2001-09-13,0.06,25.7,78.29,23.6,2.35,0.47
2001-09-14,0.0,26.12,77.99,24.66,2.02,0.47
2001-09-15,0.06,26.76,78.09,23.08,1.91,0.47
2001-09-16,0.02,27.34,75.7,24.36,1.72,0.47
2001-09-17,0.13,27.24,77.81,23.42,1.59,0.47
2001-09-18,0.09,27.28,76.15,23.11,1.49,0.47
2001-09-19,0.0,27.38,72.01,23.41,1.64,0.46
2001-09-20,0.0,27.15,72.97,22.75,1.71,0.46
2001-09-21,0.06,26.61,77.74,22.83,1.82,0.46
2001-09-22,0.05,26.63,77.4,22.45,2.12,0.46
2001-09-23,0.17,26.51,76.2,22.02,2.48,0.46
2001-09-24,0.15,26.6,77.12,23.14,2.42,0.46
2001-09-25,0.04,27.04,75.06,22.16,2.12,0.46
2001-09-26,0.11,27.28,74.52,23.92,1.87,0.46
2001-09-27,0.02,27.66,71.51,24.01,1.66,0.46
2001-09-28,0.05,28.1,70.09,25.1,1.45,0.46
2001-09-29,0.04,27.84,72.6,22.79,1.36,0.45
2001-09-30,0.03,27.41,73.89,21.73,1.67,0.45
2001-10-01,0.0,27.35,71.38,22.76,1.51,0.45
2001-10-02,0.13,27.47,71.52,21.08,1.46,0.45
2001-10-03,0.01,27.53,72.7,23.61,1.7,0.45
2001-10-04,0.98,27.37,72.32,23.7,1.8,0.45
2001-10-05,0.53,27.1,73.6,23.25,1.8,0.45
2001-10-06,0.08,27.35,72.23,23.95,1.77,0.45
2001-10-07,0.01,27.17,74.34,23.11,1.9,0.45
2001-10-08,1.11,26.83,75.34,22.22,1.72,0.45
2001-10-09,0.67,26.37,76.76,20.19,1.56,0.45
2001-10-10,18.54,26.28,79.05,20.12,1.26,0.47
2001-10-11,4.8,26.49,82.45,20.4,1.43,0.49
2001-10-12,0.76,26.65,79.04,22.28,1.49,0.49
2001-10-13,0.07,26.65,76.31,21.95,1.38,0.49
2001-10-14,0.26,27.03,76.24,23.19,1.3,0.48
2001-10-15,0.78,27.78,77.66,23.42,1.52,0.48
2001-10-16,0.14,28.0,76.6,24.49,2.05,0.48
2001-10-17,0.4,27.99,76.67,23.5,1.71,0.47
2001-10-18,15.88,27.03,79.28,21.87,1.91,0.49
2001-10-19,0.33,26.52,78.33,24.61,1.92,0.5
2001-10-20,0.09,27.0,76.33,22.69,1.99,0.49
2001-10-21,11.24,26.61,79.75,19.84,1.77,0.49
2001-10-22,18.92,25.63,84.59,19.94,2.11,0.53
2001-10-23,4.51,26.38,81.79,21.38,2.29,0.54
2001-10-24,1.17,26.94,81.75,21.68,1.67,0.53
2001-10-25,20.11,26.77,83.39,22.31,1.82,0.54
2001-10-26,12.09,26.63,83.22,23.01,1.88,0.57
2001-10-27,1.0,26.95,80.62,23.87,1.65,0.56
2001-10-28,0.22,27.17,78.57,24.34,1.51,0.54
2001-10-29,0.51,27.21,75.87,24.12,1.92,0.53
2001-10-30,8.5,27.26,79.03,22.67,1.9,0.53
2001-10-31,12.91,26.36,86.74,17.48,1.79,0.55
2001-11-01,6.27,26.23,86.04,20.61,2.2,0.55
2001-11-02,1.91,26.32,84.63,20.95,2.16,0.55
2001-11-03,0.08,27.21,77.52,23.34,1.97,0.54
2001-11-04,3.94,26.5,82.28,22.79,2.01,0.54
2001-11-05,0.43,26.96,76.82,23.59,2.06,0.53
2001-11-06,0.25,26.85,76.28,23.03,2.17,0.52
2001-11-07,1.15,26.52,78.35,21.37,2.15,0.52
2001-11-08,1.4,26.9,78.3,22.06,2.22,0.51
2001-11-09,0.24,26.73,76.98,23.3,2.16,0.51
2001-11-10,0.0,26.54,75.14,22.44,1.96,0.5
2001-11-11,0.15,26.54,71.54,23.79,1.91,0.5
2001-11-12,0.37,26.64,75.06,22.35,1.78,0.49
2001-11-13,9.1,26.96,81.04,21.61,1.58,0.49
2001-11-14,8.42,26.83,86.17,16.13,1.54,0.51
2001-11-15,7.88,27.13,84.44,21.56,1.38,0.52
2001-11-16,13.52,27.13,83.64,23.17,1.46,0.54
2001-11-17,14.22,26.56,85.85,16.92,1.64,0.56
2001-11-18,12.79,26.67,87.05,18.53,1.12,0.57
2001-11-19,5.51,26.65,85.68,21.47,1.37,0.59
2001-11-20,7.82,27.52,82.91,22.95,1.24,0.58
2001-11-21,5.74,27.32,82.21,20.76,1.11,0.58
2001-11-22,2.04,27.07,81.89,20.14,1.3,0.58
2001-11-23,0.02,26.78,80.62,19.93,1.51,0.57
2001-11-24,5.59,27.28,79.72,16.1,1.8,0.56
2001-11-25,2.77,26.59,84.27,13.76,2.0,0.56
2001-11-26,3.07,26.14,84.72,19.19,1.68,0.56
2001-11-27,2.06,26.11,86.1,18.29,1.65,0.55
2001-11-28,3.55,26.22,87.35,16.75,0.96,0.55
2001-11-29,12.63,26.03,91.29,18.65,1.42,0.56
2001-11-30,9.66,26.26,89.63,19.4,1.77,0.58
2001-12-01,14.55,26.32,86.93,9.43,1.65,0.6
2001-12-02,22.75,26.11,91.28,14.52,2.4,0.62
2001-12-03,20.41,26.23,91.14,13.53,2.6,0.66
2001-12-04,3.31,26.33,83.33,19.03,3.02,0.65
2001-12-05,0.24,26.51,79.27,21.43,2.45,0.63
2001-12-06,1.76,26.13,80.86,21.16,2.4,0.61
2001-12-07,2.46,25.85,82.38,18.06,2.53,0.6
2001-12-08,1.23,25.66,81.71,17.0,2.24,0.59
2001-12-09,2.42,25.26,81.29,14.69,2.2,0.58
2001-12-10,2.39,25.38,80.27,18.36,2.19,0.57
2001-12-11,3.23,25.57,79.88,18.95,1.82,0.57
2001-12-12,0.77,25.28,81.0,15.61,1.49,0.57
2001-12-13,0.01,25.6,79.47,20.46,1.67,0.56
2001-12-14,0.05,26.0,75.57,24.77,1.41,0.55
2001-12-15,0.01,26.59,70.91,25.52,1.22,0.55
2001-12-16,0.22,26.52,74.47,23.22,1.33,0.54
2001-12-17,13.45,25.96,82.9,11.71,1.15,0.55
2001-12-18,14.37,25.24,88.25,15.05,1.79,0.58
2001-12-19,1.09,25.94,80.2,19.09,1.49,0.59
2001-12-20,0.87,26.4,76.26,22.02,1.36,0.58
2001-12-21,0.58,26.55,76.45,24.04,1.6,0.57
2001-12-22,0.27,27.14,76.07,25.47,1.65,0.56
2001-12-23,1.64,26.93,78.5,22.68,1.78,0.55
2001-12-24,12.47,26.53,78.4,24.77,1.81,0.56
2001-12-25,2.9,26.52,77.92,25.44,1.85,0.57
2001-12-26,2.43,26.7,77.89,23.82,1.82,0.56
2001-12-27,0.66,26.59,77.66,22.2,1.71,0.56
2001-12-28,1.38,26.84,77.57,22.25,1.54,0.55
2001-12-29,7.54,26.46,80.92,13.17,1.44,0.55
2001-12-30,7.32,26.84,79.67,21.35,1.33,0.56
2001-12-31,7.17,26.01,86.74,22.01,1.72,0.57
2002-01-01,7.34,26.31,82.53,15.65,2.2,0.58
2002-01-02,4.09,26.43,80.77,20.59,2.38,0.58
2002-01-03,3.56,26.38,79.77,21.06,1.96,0.58
2002-01-04,1.98,26.34,79.6,20.88,2.06,0.57
2002-01-05,1.91,26.31,79.53,12.5,1.48,0.56
2002-01-06,0.97,26.44,81.58,21.8,1.32,0.56
2002-01-07,0.5,26.66,80.37,23.13,1.73,0.56
2002-01-08,0.15,26.69,76.56,26.56,1.67,0.55
2002-01-09,0.0,27.25,73.03,24.68,1.57,0.54
2002-01-10,9.74,27.1,75.98,25.55,1.51,0.54
2002-01-11,2.86,26.98,80.22,25.25,1.99,0.55
2002-01-12,0.18,27.44,77.47,24.62,2.03,0.54
2002-01-13,0.45,27.67,77.86,22.15,1.79,0.54
2002-01-14,1.91,27.13,82.12,19.04,1.06,0.54
2002-01-15,1.02,27.1,85.12,23.22,1.34,0.54
2002-01-16,10.63,27.41,80.89,22.33,1.77,0.54
2002-01-17,4.55,26.8,80.03,17.92,1.38,0.55
2002-01-18,7.03,26.39,87.32,21.47,1.16,0.56
2002-01-19,7.3,26.77,85.3,15.85,0.83,0.57
2002-01-20,7.84,26.92,82.13,21.72,1.16,0.58
2002-01-21,4.35,26.53,86.33,15.63,0.71,0.58
2002-01-22,2.65,25.81,91.89,16.93,1.7,0.58
2002-01-23,4.83,26.16,86.18,17.0,0.98,0.58
2002-01-24,4.16,26.93,80.45,17.47,0.68,0.58
2002-01-25,4.9,26.43,86.19,17.29,0.58,0.58
2002-01-26,4.28,26.12,88.8,17.02,2.25,0.58
2002-01-27,1.78,26.49,87.35,20.72,2.42,0.58
2002-01-28,2.73,27.06,85.73,17.28,1.52,0.58
2002-01-29,30.54,26.75,88.44,7.6,1.96,0.59
2002-01-30,20.05,25.94,90.23,19.64,1.8,0.66
2002-01-31,5.64,25.96,89.03,11.09,1.86,0.66
2002-02-01,3.28,25.73,90.84,11.4,2.14,0.65
2002-02-02,22.96,25.98,89.95,14.55,2.07,0.65
2002-02-03,16.73,26.36,90.07,14.89,2.13,0.67
2002-02-04,42.24,25.66,91.98,11.43,2.5,0.7
2002-02-05,26.97,25.91,91.46,11.01,2.56,0.77
2002-02-06,30.44,26.51,91.07,9.48,2.22,0.76
2002-02-07,27.93,26.62,87.28,9.12,2.26,0.81
2002-02-08,4.59,25.72,89.46,20.04,1.99,0.78
2002-02-09,4.92,25.92,89.27,12.01,2.2,0.75
2002-02-10,1.22,26.06,87.73,15.57,2.16,0.72
2002-02-11,1.21,26.09,87.99,19.06,1.88,0.7
2002-02-12,3.83,26.35,83.61,19.48,1.29,0.69
2002-02-13,17.83,26.52,83.98,8.08,1.21,0.69
2002-02-14,10.07,25.9,87.07,14.2,2.44,0.71
2002-02-15,3.67,25.83,86.43,12.09,2.45,0.7
2002-02-16,2.62,25.61,89.2,17.12,2.29,0.69
2002-02-17,20.57,25.47,88.14,10.34,2.18,0.7
2002-02-18,7.54,25.9,87.76,18.11,2.07,0.72
2002-02-19,0.67,26.1,87.01,20.44,1.63,0.7
2002-02-20,6.57,26.16,89.73,18.67,1.88,0.69
2002-02-21,14.88,26.13,88.64,17.86,1.48,0.71
2002-02-22,4.71,25.73,89.95,11.65,2.05,0.71
2002-02-23,18.45,25.52,92.62,15.62,2.19,0.72
2002-02-24,20.38,25.69,87.62,16.96,2.17,0.75
2002-02-25,2.51,26.13,85.06,20.38,1.65,0.74
2002-02-26,0.52,26.31,82.56,25.03,1.54,0.72
2002-02-27,0.08,26.7,78.29,25.64,1.26,0.7
2002-02-28,1.39,26.81,79.9,23.86,1.29,0.69
2002-03-01,0.0,26.57,77.23,23.81,1.24,0.69
2002-03-02,0.0,26.3,80.5,23.28,1.42,0.68
2002-03-03,0.0,26.33,79.75,26.26,1.43,0.67
2002-03-04,0.29,26.52,83.22,22.23,1.37,0.67
2002-03-05,4.82,26.12,88.53,19.04,1.42,0.67
2002-03-06,75.31,26.05,90.11,19.06,1.11,0.72
2002-03-07,41.27,26.29,85.68,10.84,0.96,0.83
2002-03-08,6.73,25.75,87.4,18.29,1.63,0.81
2002-03-09,7.68,25.51,92.88,18.75,2.17,0.78
2002-03-10,1.9,26.21,85.74,18.16,1.17,0.77
2002-03-11,0.92,26.95,80.99,22.1,0.93,0.75
2002-03-12,2.47,27.3,82.81,23.92,1.3,0.73
2002-03-13,14.31,27.09,84.26,23.09,1.55,0.74
2002-03-14,5.02,27.27,82.25,24.11,1.33,0.75
2002-03-15,1.56,27.25,81.31,25.12,1.3,0.74
2002-03-16,0.51,26.64,84.77,22.52,1.46,0.73
2002-03-17,0.34,26.75,85.69,22.69,1.55,0.72
2002-03-18,1.7,27.1,84.24,20.19,1.22,0.72
2002-03-19,7.59,26.68,84.66,20.2,1.27,0.72
2002-03-20,1.15,27.04,80.69,24.29,1.62,0.72
2002-03-21,0.19,26.96,81.83,23.91,1.68,0.71
2002-03-22,7.25,27.11,83.33,22.94,1.41,0.71
2002-03-23,6.43,26.76,86.33,22.12,1.65,0.72
2002-03-24,0.93,27.53,81.27,21.79,1.05,0.72
2002-03-25,0.86,27.19,83.49,22.67,1.74,0.71
2002-03-26,7.93,27.15,86.23,21.34,1.46,0.71
2002-03-27,8.38,25.86,89.61,11.72,1.69,0.73
2002-03-28,4.12,25.94,87.2,19.97,1.2,0.73
2002-03-29,1.39,26.08,86.12,21.73,1.33,0.72
2002-03-30,1.25,26.63,83.93,18.48,1.09,0.72
2002-03-31,1.39,26.44,88.55,11.46,0.87,0.71
2002-04-01,6.2,25.96,90.21,17.53,1.17,0.72
2002-04-02,11.78,26.19,84.3,20.61,1.06,0.73
2002-04-03,0.32,26.49,81.38,18.3,1.66,0.73
2002-04-04,48.97,26.29,81.9,19.7,1.87,0.75
2002-04-05,0.12,26.6,80.73,19.87,1.52,0.76
2002-04-06,0.48,26.9,82.78,23.58,1.67,0.74
2002-04-07,0.27,26.74,83.42,23.7,1.96,0.73
2002-04-08,2.13,27.14,82.83,23.26,1.54,0.72
2002-04-09,7.09,26.95,82.77,21.58,1.46,0.72
2002-04-10,1.99,27.23,78.38,21.46,1.21,0.72
2002-04-11,4.71,26.02,87.42,14.55,1.48,0.72
2002-04-12,7.88,26.04,88.67,12.15,2.09,0.73
2002-04-13,1.25,26.93,87.29,17.31,1.36,0.73
2002-04-14,1.61,26.63,88.71,21.21,1.46,0.72
2002-04-15,3.64,26.92,83.55,21.46,1.58,0.72
2002-04-16,1.35,26.92,84.53,21.65,1.63,0.72
2002-04-17,2.24,26.61,83.18,17.4,1.15,0.72
2002-04-18,10.98,26.37,85.58,18.89,1.64,0.72
2002-04-19,3.37,26.52,84.83,18.89,1.79,0.73
2002-04-20,0.1,26.97,80.23,21.75,1.88,0.72
2002-04-21,0.13,26.5,82.28,21.6,1.8,0.71
2002-04-22,0.01,26.88,80.79,22.59,1.46,0.7
2002-04-23,0.39,26.97,83.0,21.95,1.55,0.7
2002-04-24,1.9,27.07,83.74,21.23,1.76,0.69
2002-04-25,0.04,26.72,81.17,21.14,2.31,0.69
2002-04-26,0.0,26.56,81.1,22.3,2.14,0.68
2002-04-27,0.12,26.81,82.44,21.98,2.02,0.68
2002-04-28,0.02,26.73,81.38,22.47,2.09,0.67
2002-04-29,0.04,26.43,82.92,22.45,2.18,0.67
2002-04-30,0.03,26.45,82.67,22.76,1.84,0.67
2002-05-01,0.33,26.98,85.87,20.79,1.82,0.66
2002-05-02,0.01,26.71,84.16,20.39,1.76,0.66
2002-05-03,0.08,26.49,84.09,21.06,2.16,0.66
2002-05-04,0.08,26.58,85.5,20.9,2.33,0.66
2002-05-05,0.74,26.52,84.01,20.89,2.18,0.65
2002-05-06,0.4,26.62,84.74,20.66,2.02,0.65
2002-05-07,0.48,26.76,84.83,19.17,1.96,0.65
2002-05-08,0.25,26.79,83.82,19.73,2.05,0.65
2002-05-09,0.22,26.45,83.92,19.15,1.94,0.64
2002-05-10,0.36,26.5,81.66,20.0,1.72,0.64
2002-05-11,2.47,26.61,80.32,19.41,1.53,0.64
2002-05-12,20.2,26.05,83.08,17.56,1.8,0.66
2002-05-13,0.76,25.9,81.44,20.39,1.79,0.67
2002-05-14,0.02,25.76,81.06,21.44,1.91,0.66
2002-05-15,0.01,25.95,79.59,21.07,1.59,0.66
2002-05-16,0.02,25.76,80.92,20.1,1.85,0.65
2002-05-17,0.04,25.49,82.34,21.31,1.87,0.64
2002-05-18,2.5,25.66,82.14,20.68,2.0,0.64
2002-05-19,1.24,25.45,80.76,21.1,2.04,0.64
2002-05-20,0.0,25.46,78.63,21.14,1.84,0.64
2002-05-21,0.16,25.54,80.67,20.6,1.74,0.63
2002-05-22,0.03,25.46,80.32,19.79,1.55,0.63
2002-05-23,0.0,25.47,80.95,20.17,1.48,0.62
2002-05-24,0.01,25.24,80.39,20.05,1.92,0.62
2002-05-25,0.22,25.77,81.42,19.51,2.05,0.61
2002-05-26,0.12,26.15,81.36,20.2,1.93,0.61
2002-05-27,0.2,26.17,82.22,20.35,2.15,0.61
2002-05-28,0.09,25.95,81.9,19.82,2.29,0.6
2002-05-29,0.02,25.7,80.57,19.49,2.39,0.6
2002-05-30,0.06,25.55,76.54,19.92,2.5,0.59
2002-05-31,0.0,25.12,78.32,19.51,2.44,0.59
2002-06-01,0.42,25.07,80.29,17.61,2.19,0.59
2002-06-02,0.02,25.26,79.65,19.4,1.97,0.58
2002-06-03,0.0,25.57,78.91,19.87,1.87,0.58
2002-06-04,0.13,26.04,80.93,18.98,1.67,0.58
2002-06-05,0.15,25.91,82.29,18.92,1.82,0.57
2002-06-06,0.0,25.98,80.78,19.35,2.05,0.57
2002-06-07,0.03,25.79,78.91,19.0,2.38,0.57
2002-06-08,0.12,25.37,75.31,15.68,2.5,0.57
2002-06-09,0.11,25.66,78.03,18.68,2.41,0.56
2002-06-10,0.0,26.31,78.6,19.41,2.36,0.56
2002-06-11,0.0,26.0,79.26,17.9,2.22,0.56
2002-06-12,0.11,25.93,81.46,17.15,2.28,0.55
2002-06-13,0.34,25.62,84.05,12.0,2.19,0.55
2002-06-14,0.08,25.22,82.34,18.01,1.97,0.55
2002-06-15,0.19,24.92,83.48,17.43,1.77,0.55
2002-06-16,0.19,24.85,81.49,18.32,1.91,0.55
2002-06-17,0.0,24.06,79.79,19.27,1.87,0.55
2002-06-18,0.39,24.65,80.23,17.83,2.2,0.55
2002-06-19,0.13,24.96,81.27,18.55,2.35,0.54
2002-06-20,0.0,24.83,80.01,18.06,2.33,0.54
2002-06-21,0.0,24.05,76.77,19.41,2.25,0.54
2002-06-22,0.01,24.33,75.86,18.8,2.43,0.54
2002-06-23,0.1,24.5,76.23,17.6,2.37,0.53
2002-06-24,0.19,24.38,80.86,15.85,2.4,0.53
2002-06-25,0.13,23.84,79.84,18.74,2.45,0.53
2002-06-26,0.03,23.5,76.53,18.9,2.2,0.53
2002-06-27,0.12,23.44,77.31,18.3,1.96,0.53
2002-06-28,0.22,23.76,78.35,19.47,1.79,0.53
2002-06-29,0.06,24.17,77.15,19.45,1.89,0.52
2002-06-30,0.09,24.49,77.88,19.08,1.87,0.52
2002-07-01,0.15,24.48,79.92,19.26,2.24,0.52
2002-07-02,0.0,23.98,70.84,19.85,2.6,0.52
2002-07-03,0.21,23.91,73.94,18.13,2.32,0.51
2002-07-04,0.01,24.05,78.77,17.64,2.32,0.51
2002-07-05,0.19,24.37,80.94,16.5,2.19,0.51
2002-07-06,0.0,24.04,79.23,19.4,2.38,0.51
2002-07-07,0.0,23.67,79.54,18.07,2.19,0.51
2002-07-08,0.01,24.22,78.49,17.53,2.15,0.51
2002-07-09,0.06,24.56,78.76,18.53,2.38,0.51
2002-07-10,0.01,24.37,79.04,18.39,2.21,0.51
2002-07-11,0.06,24.73,79.09,18.9,2.13,0.5
2002-07-12,0.1,24.54,79.53,18.82,2.22,0.5
2002-07-13,0.12,23.7,77.74,17.62,2.43,0.5
2002-07-14,0.01,23.78,78.88,16.78,2.16,0.5
2002-07-15,0.14,24.05,80.47,17.77,2.32,0.5
2002-07-16,0.04,24.28,79.78,19.26,2.39,0.5
2002-07-17,0.02,24.34,79.24,18.57,2.4,0.5
2002-07-18,0.01,24.07,81.0,19.18,2.21,0.49
2002-07-19,0.25,23.89,79.66,13.7,2.26,0.49
2002-07-20,0.17,24.24,75.06,19.78,2.05,0.49
2002-07-21,1.58,24.6,80.53,16.18,1.97,0.49
2002-07-22,0.63,24.77,84.2,19.49,1.96,0.49
2002-07-23,0.0,24.69,78.88,20.43,2.36,0.49
2002-07-24,0.0,24.36,79.07,20.78,2.09,0.49
2002-07-25,0.03,24.06,78.45,18.75,2.26,0.49
2002-07-26,0.32,24.32,81.05,19.12,1.83,0.49
2002-07-27,0.12,24.35,80.7,19.68,2.2,0.49
2002-07-28,0.05,24.73,78.62,19.51,2.28,0.48
2002-07-29,0.08,25.17,79.14,19.47,1.81,0.48
2002-07-30,0.28,25.43,79.37,19.46,1.73,0.48
2002-07-31,0.01,25.27,77.49,19.25,2.28,0.48
2002-08-01,0.0,24.72,77.25,20.76,2.38,0.48
2002-08-02,0.01,24.22,73.94,19.9,2.36,0.48
2002-08-03,0.0,23.9,73.98,20.76,2.11,0.47
2002-08-04,0.0,24.05,73.72,21.65,1.96,0.47
2002-08-05,0.03,23.7,77.34,20.84,2.33,0.47
2002-08-06,0.29,24.4,78.28,19.82,2.26,0.47
2002-08-07,0.0,25.42,75.64,20.59,1.93,0.47
2002-08-08,0.0,25.58,76.48,20.27,1.82,0.47
2002-08-09,0.0,25.01,76.49,20.89,1.92,0.47
2002-08-10,0.0,24.48,77.93,20.95,2.02,0.47
2002-08-11,0.0,23.86,75.01,20.75,2.3,0.47
2002-08-12,0.01,23.72,75.01,20.23,2.18,0.46
2002-08-13,0.0,23.41,78.25,21.76,1.83,0.46
2002-08-14,0.0,23.61,78.54,19.32,1.8,0.46
2002-08-15,0.14,23.27,79.6,19.16,2.0,0.46
2002-08-16,0.12,24.19,74.02,19.44,2.34,0.46
2002-08-17,0.13,24.16,72.16,19.91,2.33,0.46
2002-08-18,0.01,24.09,70.08,21.11,2.37,0.46
2002-08-19,0.04,23.71,72.13,21.32,2.26,0.46
2002-08-20,0.02,24.08,74.71,21.32,2.23,0.46
2002-08-21,0.0,24.33,74.18,21.05,2.16,0.46
2002-08-22,0.0,24.08,73.64,20.9,2.25,0.46
2002-08-23,0.0,23.9,77.54,20.16,2.11,0.46
2002-08-24,0.13,24.19,75.74,22.92,2.08,0.46
2002-08-25,0.01,24.43,74.53,22.08,1.99,0.45
2002-08-26,0.0,24.86,70.21,21.05,1.91,0.45
2002-08-27,0.0,24.46,70.85,21.62,2.13,0.45
2002-08-28,0.0,24.42,69.52,22.8,2.24,0.45
2002-08-29,0.0,24.15,68.49,23.26,2.27,0.45
2002-08-30,0.0,24.0,70.35,23.61,2.28,0.45
2002-08-31,0.36,24.37,76.58,20.95,2.12,0.45
2002-09-01,0.3,24.66,77.64,18.0,1.83,0.45
2002-09-02,0.0,24.28,78.35,21.43,2.04,0.45
2002-09-03,0.03,23.99,74.39,22.72,2.17,0.45
2002-09-04,0.18,23.75,73.44,21.24,2.14,0.45
2002-09-05,0.0,23.41,73.8,22.4,2.12,0.45
2002-09-06,0.32,23.37,73.3,23.37,2.06,0.45
2002-09-07,0.03,23.69,73.6,23.61,2.1,0.45
2002-09-08,0.0,23.82,74.85,22.79,1.97,0.45
2002-09-09,0.0,24.12,71.29,24.56,1.64,0.45
2002-09-10,0.04,24.33,75.2,21.99,1.95,0.44
2002-09-11,0.22,24.8,74.58,21.44,2.06,0.44
2002-09-12,0.02,24.92,72.43,21.73,1.98,0.44
2002-09-13,0.0,24.83,73.98,24.68,1.91,0.44
2002-09-14,0.05,25.32,75.83,22.3,2.0,0.44
2002-09-15,0.15,24.92,76.19,22.62,2.2,0.44
2002-09-16,0.26,24.83,76.75,21.12,2.28,0.44
2002-09-17,0.25,25.3,75.31,20.01,2.15,0.44
2002-09-18,0.17,25.46,76.15,23.34,1.84,0.44
2002-09-19,0.0,25.46,77.67,22.72,1.71,0.44
2002-09-20,0.09,25.84,77.22,23.87,1.77,0.44
2002-09-21,0.14,26.24,74.13,23.97,1.96,0.44
2002-09-22,0.0,26.03,70.88,23.46,2.09,0.44
2002-09-23,0.01,25.36,73.49,23.15,2.26,0.44
2002-09-24,0.03,25.11,73.67,22.03,2.1,0.44
2002-09-25,0.01,25.05,76.75,22.59,1.88,0.44
2002-09-26,0.01,25.84,75.28,23.62,1.74,0.44
2002-09-27,0.09,26.24,76.35,23.36,1.88,0.44
2002-09-28,0.12,26.1,76.71,23.41,1.88,0.43
2002-09-29,0.01,25.68,74.86,23.66,1.84,0.43
2002-09-30,0.01,25.3,74.78,23.55,2.0,0.43
2002-10-01,0.1,26.18,74.88,23.79,1.77,0.43
2002-10-02,0.8,26.71,76.26,24.23,1.8,0.43
2002-10-03,0.05,27.37,70.98,24.88,1.82,0.43
2002-10-04,0.0,27.59,71.94,25.39,1.5,0.43
2002-10-05,0.02,27.03,72.18,25.34,1.84,0.43
2002-10-06,0.01,26.2,73.07,23.89,1.98,0.43
2002-10-07,0.58,25.89,74.5,22.03,2.12,0.43
2002-10-08,0.58,25.86,76.63,23.19,2.03,0.43
2002-10-09,0.06,26.09,74.97,25.16,1.99,0.43
2002-10-10,0.0,26.47,74.07,26.24,1.78,0.43
2002-10-11,0.0,26.97,73.67,25.83,1.64,0.43
2002-10-12,0.14,27.39,73.98,24.95,1.5,0.43
2002-10-13,0.0,27.78,72.0,25.99,1.6,0.43
2002-10-14,0.01,27.67,72.96,25.46,1.81,0.43
2002-10-15,0.21,27.6,74.46,24.76,2.01,0.42
2002-10-16,0.04,27.6,73.67,25.42,1.93,0.42
2002-10-17,0.0,27.37,71.33,25.99,1.67,0.42
2002-10-18,0.0,27.21,71.32,26.8,1.77,0.42
2002-10-19,0.0,27.34,69.68,26.66,1.56,0.42
2002-10-20,0.14,27.39,71.81,25.95,1.77,0.42
2002-10-21,0.03,27.91,70.03,26.14,1.56,0.42
2002-10-22,0.0,28.37,68.39,25.25,1.1,0.42
2002-10-23,0.04,27.37,73.93,24.69,1.37,0.42
2002-10-24,0.02,28.29,66.16,25.66,0.92,0.42
2002-10-25,0.08,28.63,69.12,25.26,0.9,0.42
2002-10-26,0.75,28.84,68.27,24.34,1.09,0.42
2002-10-27,0.52,28.26,70.73,26.18,1.3,0.42
2002-10-28,0.05,27.98,71.13,24.9,1.48,0.42
2002-10-29,1.14,28.15,69.95,24.85,1.43,0.42
2002-10-30,10.05,28.1,74.45,24.6,1.4,0.43
2002-10-31,3.5,28.6,74.75,22.06,1.46,0.44
2002-11-01,11.61,28.08,76.56,21.61,1.62,0.45
2002-11-02,0.28,28.18,74.77,22.17,1.74,0.46
2002-11-03,1.79,27.95,76.5,22.37,1.57,0.46
2002-11-04,14.4,27.79,78.53,23.36,1.59,0.47
2002-11-05,28.65,27.35,80.98,22.06,1.94,0.52
2002-11-06,10.98,28.22,76.73,23.74,1.87,0.54
2002-11-07,0.11,28.36,76.38,24.31,1.95,0.53
2002-11-08,0.25,28.49,75.09,25.52,2.1,0.52
2002-11-09,0.09,29.04,72.7,25.01,1.78,0.5
2002-11-10,0.04,28.93,72.77,25.18,1.96,0.49
2002-11-11,0.09,28.55,74.8,24.85,2.15,0.48
2002-11-12,0.01,28.39,72.48,24.86,2.0,0.48
2002-11-13,0.0,28.32,72.2,25.39,1.87,0.47
2002-11-14,4.74,27.93,76.79,22.66,1.56,0.47
2002-11-15,4.53,27.98,77.19,23.36,1.91,0.47
2002-11-16,3.49,28.71,75.18,23.05,1.81,0.48
2002-11-17,0.26,28.98,74.31,24.36,1.69,0.47
2002-11-18,4.4,27.85,81.04,22.13,1.8,0.47
2002-11-19,7.95,27.26,83.04,22.24,1.76,0.48
2002-11-20,7.76,28.03,80.58,22.23,1.8,0.5
2002-11-21,1.25,28.4,76.71,24.23,1.69,0.49
2002-11-22,10.25,27.98,78.24,21.47,1.51,0.49
2002-11-23,0.89,28.06,74.79,23.36,1.5,0.5
2002-11-24,1.9,27.45,78.24,21.84,1.54,0.49
2002-11-25,5.58,27.09,81.05,20.19,1.76,0.49
2002-11-26,18.62,26.46,83.32,18.27,1.96,0.51
2002-11-27,13.11,26.06,88.83,18.52,1.96,0.54
2002-11-28,3.1,26.57,87.28,18.15,1.35,0.54
2002-11-29,37.67,26.83,84.74,20.01,0.95,0.56
2002-11-30,46.77,25.93,89.45,21.21,1.59,0.64
2002-12-01,21.28,25.76,89.02,19.2,1.45,0.7
2002-12-02,12.38,25.7,89.62,18.13,1.98,0.7
2002-12-03,10.28,25.52,88.13,17.37,1.64,0.69
2002-12-04,3.78,25.99,86.71,20.29,1.39,0.67
2002-12-05,3.24,26.3,89.17,21.78,1.66,0.65
2002-12-06,6.57,27.56,84.09,22.91,1.18,0.64
2002-12-07,2.57,28.33,77.31,24.74,0.99,0.63
2002-12-08,5.35,27.1,86.43,20.58,1.26,0.61
2002-12-09,12.01,27.01,86.99,22.65,1.52,0.61
2002-12-10,4.24,27.81,81.37,24.1,0.96,0.62
2002-12-11,1.04,27.76,80.04,22.48,0.76,0.61
2002-12-12,6.4,27.32,82.76,16.2,1.22,0.6
2002-12-13,5.7,27.2,81.17,14.46,1.09,0.6
2002-12-14,11.34,27.36,81.9,18.26,1.12,0.6
2002-12-15,12.68,28.23,75.97,23.32,1.16,0.61
2002-12-16,5.06,28.6,74.97,25.29,1.55,0.61
2002-12-17,2.35,28.03,79.93,24.5,1.79,0.6
2002-12-18,3.62,28.68,77.04,25.18,1.87,0.59
2002-12-19,22.58,28.74,78.79,25.35,1.3,0.6
2002-12-20,7.18,28.16,79.67,23.58,1.29,0.62
2002-12-21,1.59,28.55,78.53,23.63,1.43,0.62
2002-12-22,0.78,28.03,79.45,22.13,1.2,0.6
2002-12-23,4.27,28.52,76.84,21.3,1.16,0.6
2002-12-24,2.24,26.88,88.86,17.35,0.8,0.59
2002-12-25,24.87,27.13,83.28,13.46,0.76,0.61
2002-12-26,12.16,26.45,87.89,20.14,1.01,0.65
2002-12-27,3.88,26.93,85.39,16.78,1.06,0.64
2002-12-28,21.42,27.53,85.75,21.36,1.26,0.65
2002-12-29,6.73,26.9,87.22,12.59,1.5,0.67
2002-12-30,42.69,26.68,88.53,18.01,1.47,0.68
2002-12-31,28.16,26.6,85.48,15.46,1.27,0.76
2003-01-01,19.19,26.66,86.55,18.91,1.5,0.75
2003-01-02,21.99,26.06,90.62,5.36,2.01,0.77
2003-01-03,3.35,25.76,89.65,13.87,1.55,0.75
2003-01-04,9.48,27.06,77.97,15.9,0.92,0.73
2003-01-05,21.59,26.59,84.53,16.77,1.38,0.72
2003-01-06,41.55,26.02,88.63,11.53,1.42,0.79
2003-01-07,9.58,25.73,92.21,13.7,2.43,0.78
2003-01-08,11.03,26.24,86.96,15.11,1.83,0.75
2003-01-09,13.91,26.19,86.87,14.77,1.7,0.76
2003-01-10,4.33,26.06,88.85,17.52,2.27,0.74
2003-01-11,2.74,26.41,89.45,14.78,2.51,0.72
2003-01-12,3.81,26.9,86.03,18.36,2.45,0.71
2003-01-13,7.91,26.39,90.17,18.68,2.18,0.71
2003-01-14,3.68,26.39,88.37,16.06,2.43,0.71
2003-01-15,1.94,26.44,88.74,19.64,1.94,0.71
2003-01-16,1.11,26.48,84.1,21.27,1.61,0.7
2003-01-17,2.57,26.92,82.85,24.62,1.31,0.7
2003-01-18,6.7,27.01,83.18,22.42,1.66,0.7
2003-01-19,4.04,26.8,84.25,22.49,1.62,0.7
2003-01-20,0.87,27.41,82.4,22.64,1.53,0.69
2003-01-21,1.76,27.26,85.06,22.31,1.58,0.69
2003-01-22,8.59,26.5,84.68,17.39,1.56,0.69
2003-01-23,26.87,26.23,87.61,6.87,1.96,0.71
2003-01-24,11.06,26.73,86.75,17.29,1.87,0.74
2003-01-25,2.13,26.31,88.4,18.6,1.59,0.73
2003-01-26,1.34,26.7,86.46,19.78,1.37,0.72
2003-01-27,9.3,26.61,85.75,8.45,0.86,0.72
2003-01-28,7.56,26.33,88.06,14.7,1.02,0.73
2003-01-29,1.65,26.37,88.55,22.87,1.24,0.72
2003-01-30,5.59,26.86,82.13,20.65,0.85,0.72
2003-01-31,15.48,27.26,79.96,20.9,0.91,0.72
2003-02-01,18.38,26.66,82.92,23.48,1.49,0.75
2003-02-02,3.77,25.38,90.03,14.42,1.37,0.74
2003-02-03,11.54,26.05,87.76,18.42,1.67,0.74
2003-02-04,8.01,26.91,84.95,18.89,1.73,0.74
2003-02-05,7.39,26.15,89.73,13.78,1.72,0.74
2003-02-06,1.17,26.51,83.06,17.94,1.38,0.74
2003-02-07,0.53,26.6,83.59,18.76,1.35,0.73
2003-02-08,8.25,26.81,83.11,20.51,1.37,0.73
2003-02-09,9.48,27.28,83.78,21.88,1.43,0.74
2003-02-10,3.99,26.96,80.35,21.25,1.02,0.73
2003-02-11,5.74,27.15,84.72,15.13,0.77,0.73
2003-02-12,0.6,27.58,82.33,24.29,1.38,0.73
2003-02-13,1.16,28.24,77.97,21.47,0.91,0.72
2003-02-14,7.66,26.35,87.12,19.97,1.44,0.72
2003-02-15,7.74,25.91,89.18,15.65,1.46,0.73
2003-02-16,9.95,25.81,90.5,12.22,1.25,0.74
2003-02-17,19.34,26.25,86.83,12.86,1.69,0.76
2003-02-18,41.26,25.52,91.52,13.08,2.32,0.79
2003-02-19,30.96,25.78,87.77,9.91,2.58,0.83
2003-02-20,6.18,26.37,84.76,17.35,2.06,0.82
2003-02-21,5.52,26.5,87.04,20.47,1.88,0.8
2003-02-22,17.6,26.12,91.72,12.1,2.31,0.8
2003-02-23,12.11,26.51,90.64,21.19,2.28,0.81
2003-02-24,12.24,27.04,88.26,17.37,2.23,0.81
2003-02-25,13.29,26.63,90.26,8.0,1.93,0.82
2003-02-26,15.35,26.6,90.8,17.29,2.11,0.83
2003-02-27,23.28,26.82,89.1,10.16,2.71,0.84
2003-02-28,13.63,26.71,89.66,9.36,2.91,0.85
2003-03-01,3.25,26.37,88.16,17.6,2.53,0.85
2003-03-02,1.21,26.48,85.29,19.76,1.71,0.84
2003-03-03,19.28,26.09,88.45,13.9,1.63,0.84
2003-03-04,18.61,26.01,91.3,21.93,1.63,0.86
2003-03-05,6.39,26.08,91.02,14.38,1.6,0.87
2003-03-06,2.61,26.17,88.93,10.07,1.65,0.86
2003-03-07,2.86,26.41,89.27,16.07,1.34,0.86
2003-03-08,19.92,26.53,88.74,18.25,1.64,0.86
2003-03-09,8.71,25.49,91.19,13.74,2.05,0.88
2003-03-10,3.82,25.94,89.7,17.52,1.9,0.87
2003-03-11,1.97,26.08,87.41,21.12,1.69,0.87
2003-03-12,0.35,26.71,78.21,24.68,1.32,0.86
2003-03-13,0.43,27.21,74.68,23.28,0.55,0.85
2003-03-14,1.26,27.04,79.52,22.15,0.88,0.84
2003-03-15,3.05,25.86,87.26,21.07,1.28,0.84
2003-03-16,0.65,26.13,83.58,24.38,1.52,0.83
2003-03-17,0.03,26.76,77.26,22.67,1.72,0.83
2003-03-18,0.0,26.45,71.93,25.16,1.57,0.82
2003-03-19,0.01,27.29,70.19,24.45,1.0,0.81
2003-03-20,0.03,27.09,74.17,23.35,1.48,0.8
2003-03-21,0.04,27.12,79.55,23.45,1.77,0.79
2003-03-22,9.74,27.57,79.52,21.29,1.05,0.79
2003-03-23,4.01,27.27,82.27,21.9,0.75,0.8
2003-03-24,4.17,27.66,78.39,23.64,1.3,0.79
2003-03-25,3.2,27.21,79.3,23.81,1.62,0.79
2003-03-26,0.01,26.51,79.11,24.66,1.96,0.78
2003-03-27,0.02,26.39,77.7,23.87,1.94,0.77
2003-03-28,0.05,26.69,77.8,23.88,1.7,0.77
2003-03-29,0.99,27.01,80.69,23.86,1.79,0.76
2003-03-30,0.63,27.3,83.03,23.02,2.04,0.76
2003-03-31,0.74,27.35,81.17,21.08,1.93,0.75
2003-04-01,3.13,27.03,85.36,18.29,2.08,0.75
2003-04-02,5.98,25.89,91.64,10.61,1.7,0.75
2003-04-03,4.97,26.62,90.34,14.76,2.17,0.76
2003-04-04,9.59,26.66,89.63,17.94,1.68,0.76
2003-04-05,11.21,26.91,83.28,9.79,1.36,0.77
2003-04-06,41.21,26.55,84.83,19.22,1.17,0.79
2003-04-07,4.4,26.98,83.11,20.14,1.13,0.82
2003-04-08,0.65,26.69,85.19,20.48,1.26,0.8
2003-04-09,1.13,26.12,89.5,20.62,1.44,0.79
2003-04-10,9.21,26.69,85.23,21.41,1.55,0.79
2003-04-11,0.25,26.31,82.01,23.44,1.75,0.79
2003-04-12,2.04,26.15,83.47,22.37,1.97,0.78
2003-04-13,0.49,26.71,81.12,23.31,1.85,0.77
2003-04-14,0.81,27.18,82.32,22.16,1.7,0.76
2003-04-15,0.44,27.41,82.84,23.06,1.76,0.76
2003-04-16,1.55,27.18,84.44,21.95,1.74,0.75
2003-04-17,1.93,27.02,85.02,21.56,1.95,0.75
2003-04-18,0.08,26.97,83.98,21.31,1.72,0.74
2003-04-19,0.07,26.5,84.45,23.27,2.0,0.74
2003-04-20,0.0,26.51,76.53,23.02,2.14,0.73
2003-04-21,0.28,27.06,83.07,20.42,2.08,0.73
2003-04-22,0.08,27.04,83.6,21.81,2.17,0.72
2003-04-23,0.07,26.67,79.04,20.39,2.04,0.72
2003-04-24,3.82,26.65,84.2,20.69,1.83,0.72
2003-04-25,1.17,26.49,83.0,19.6,2.09,0.72
2003-04-26,0.05,26.16,81.11,22.01,2.24,0.71
2003-04-27,0.01,25.98,79.22,21.31,2.14,0.71
2003-04-28,0.13,26.04,80.28,21.66,2.14,0.7
2003-04-29,2.49,26.08,81.88,20.81,2.18,0.7
2003-04-30,21.0,26.3,83.74,18.07,2.2,0.73
2003-05-01,0.01,26.49,83.13,20.37,2.27,0.72
2003-05-02,0.09,26.45,83.1,21.6,2.22,0.71
2003-05-03,0.73,26.56,87.5,19.19,2.22,0.71
2003-05-04,4.39,26.4,89.85,15.85,2.31,0.71
2003-05-05,10.97,25.95,91.5,13.78,2.12,0.72
2003-05-06,5.3,26.65,86.6,19.33,2.07,0.73
2003-05-07,3.32,26.65,88.84,19.33,2.17,0.72
2003-05-08,20.78,26.44,89.1,17.91,1.89,0.73
2003-05-09,0.29,26.45,85.71,19.09,1.84,0.73
2003-05-10,0.17,26.33,83.69,19.25,2.04,0.72
2003-05-11,0.02,25.99,83.21,20.72,1.95,0.71
2003-05-12,0.02,25.84,81.7,20.78,1.81,0.71
2003-05-13,0.08,25.65,82.12,19.84,1.68,0.7
2003-05-14,0.04,25.02,83.46,19.26,1.68,0.7
2003-05-15,0.0,24.62,81.33,21.54,1.72,0.69
2003-05-16,0.01,24.93,79.99,22.22,1.89,0.69
2003-05-17,0.08,24.65,76.89,21.14,1.67,0.68
2003-05-18,0.0,24.75,74.71,21.04,1.42,0.68
2003-05-19,0.01,25.01,78.11,20.85,1.45,0.68
2003-05-20,0.01,25.19,79.49,20.32,1.43,0.67
2003-05-21,0.8,25.12,85.5,16.4,1.77,0.67
2003-05-22,14.89,25.73,86.74,14.98,1.92,0.68
2003-05-23,4.5,25.98,84.37,19.21,2.11,0.7
2003-05-24,0.2,26.2,82.7,20.39,2.26,0.69
2003-05-25,0.12,25.89,81.71,19.65,2.42,0.68
2003-05-26,0.0,25.68,78.64,21.31,2.56,0.68
2003-05-27,0.0,25.57,76.6,20.86,2.55,0.67
2003-05-28,0.28,25.31,76.2,19.47,2.43,0.66
2003-05-29,0.18,24.99,76.91,21.24,2.23,0.66
2003-05-30,0.0,24.9,78.39,20.74,2.21,0.65
2003-05-31,0.0,25.15,75.61,21.05,1.84,0.65
2003-06-01,0.0,25.58,79.4,19.45,1.86,0.65
2003-06-02,0.14,26.29,82.16,19.96,1.78,0.65
2003-06-03,0.1,26.56,83.47,19.67,1.98,0.64
2003-06-04,0.01,26.4,84.21,19.97,1.95,0.64
2003-06-05,0.1,26.24,83.52,19.49,2.06,0.64
2003-06-06,0.07,25.97,83.46,19.36,1.98,0.64
2003-06-07,0.03,25.5,81.02,20.87,2.24,0.63
2003-06-08,0.0,25.02,75.5,21.38,2.38,0.63
2003-06-09,0.01,25.2,76.48,20.82,2.31,0.62
2003-06-10,0.06,25.43,80.6,21.0,2.08,0.62
2003-06-11,0.3,25.74,82.63,17.9,2.5,0.62
2003-06-12,0.16,25.56,80.21,19.91,2.46,0.61
2003-06-13,0.01,24.88,77.24,21.23,2.4,0.61
2003-06-14,0.14,25.01,79.54,19.82,2.33,0.61
2003-06-15,0.09,25.29,81.69,19.51,2.14,0.6
2003-06-16,0.13,25.41,84.67,19.38,2.33,0.6
2003-06-17,0.12,25.79,84.65,17.66,2.31,0.6
2003-06-18,8.37,25.62,87.5,15.99,2.17,0.6
2003-06-19,2.73,25.28,87.5,16.61,2.13,0.61
2003-06-20,0.01,25.55,84.36,18.18,1.96,0.61
2003-06-21,1.37,25.57,86.5,14.07,1.56,0.61
2003-06-22,9.46,25.6,88.07,17.76,1.82,0.61
2003-06-23,0.05,25.5,85.91,19.36,1.92,0.62
2003-06-24,0.0,25.13,81.81,20.3,2.2,0.61
2003-06-25,0.0,24.68,80.52,20.24,2.29,0.61
2003-06-26,0.0,24.53,80.83,18.9,2.06,0.6
2003-06-27,0.01,24.66,78.69,19.99,1.83,0.6
2003-06-28,0.0,24.02,79.79,18.89,2.05,0.59
2003-06-29,0.0,23.69,78.94,17.53,1.8,0.59
2003-06-30,0.0,23.65,80.93,20.82,1.98,0.58
2003-07-01,0.0,23.59,78.87,21.39,2.12,0.58
2003-07-02,0.02,24.15,77.89,21.2,2.19,0.58
2003-07-03,0.0,24.34,77.96,20.56,2.41,0.57
2003-07-04,0.02,24.14,78.12,20.98,2.26,0.57
2003-07-05,0.07,24.14,76.75,20.46,2.09,0.57
2003-07-06,0.23,24.12,81.43,18.23,2.1,0.56
2003-07-07,0.07,24.46,84.43,18.07,2.25,0.56
2003-07-08,0.02,24.7,79.44,20.91,2.36,0.56
2003-07-09,0.08,24.47,77.8,21.08,2.19,0.56
2003-07-10,0.03,24.55,81.67,18.3,2.13,0.55
2003-07-11,0.05,24.53,84.96,16.61,2.23,0.55
2003-07-12,0.0,24.0,80.93,20.74,2.36,0.55
2003-07-13,0.0,24.22,80.36,21.28,2.05,0.55
2003-07-14,0.02,24.06,79.82,20.33,2.18,0.55
2003-07-15,0.07,24.44,79.4,18.55,2.16,0.54
2003-07-16,0.0,23.86,75.77,18.49,2.34,0.54
2003-07-17,0.0,23.53,75.58,20.29,2.29,0.54
2003-07-18,0.06,23.18,78.61,19.46,2.18,0.54
2003-07-19,0.3,23.87,78.99,21.27,1.98,0.53
2003-07-20,0.08,24.36,80.43,18.66,2.13,0.53
2003-07-21,0.15,24.31,80.72,19.97,2.14,0.53
2003-07-22,1.07,24.2,86.03,12.56,2.31,0.53
2003-07-23,0.03,24.73,82.4,13.98,2.39,0.53
2003-07-24,1.83,24.78,84.01,15.41,2.15,0.53
2003-07-25,1.42,24.44,85.4,15.48,1.95,0.53
2003-07-26,0.04,24.8,84.74,17.9,1.83,0.53
2003-07-27,0.03,24.65,81.94,19.87,2.04,0.53
2003-07-28,0.02,24.37,78.98,21.1,2.11,0.53
2003-07-29,0.0,23.89,79.43,21.07,2.22,0.52
2003-07-30,0.01,23.96,77.81,21.47,2.21,0.52
2003-07-31,0.06,23.97,79.5,20.27,2.17,0.52
2003-08-01,0.22,24.04,79.02,20.96,2.53,0.52
2003-08-02,0.0,23.85,73.99,20.75,2.35,0.51
2003-08-03,0.02,23.48,74.4,20.61,2.06,0.51
2003-08-04,0.05,23.89,79.73,20.97,1.84,0.51
2003-08-05,0.12,24.43,77.8,21.05,1.68,0.51
2003-08-06,0.02,24.6,77.8,21.45,1.94,0.51
2003-08-07,0.0,25.19,78.54,21.52,1.75,0.5
2003-08-08,0.06,24.86,81.59,20.75,2.24,0.5
2003-08-09,0.06,24.51,79.56,19.24,2.2,0.5
2003-08-10,0.12,24.49,75.11,18.69,2.04,0.5
2003-08-11,0.0,24.0,77.24,19.77,1.65,0.5
2003-08-12,0.01,23.7,79.51,20.67,1.9,0.5
2003-08-13,0.11,23.85,81.23,20.42,2.07,0.5
2003-08-14,0.07,24.68,79.79,18.92,2.16,0.5
2003-08-15,0.1,24.94,79.69,19.88,2.05,0.49
2003-08-16,0.04,25.19,80.78,20.25,1.78,0.49
2003-08-17,0.03,25.36,77.28,22.52,1.91,0.49
2003-08-18,0.0,25.62,78.28,20.67,1.79,0.49
2003-08-19,0.0,25.78,77.17,22.01,1.67,0.49
2003-08-20,0.0,25.59,76.57,21.92,2.02,0.49
2003-08-21,0.0,25.36,77.47,21.49,1.8,0.48
2003-08-22,0.03,24.77,77.29,23.08,2.09,0.48
2003-08-23,0.52,24.07,75.13,20.35,2.26,0.48
2003-08-24,0.51,23.63,73.57,21.59,2.13,0.48
2003-08-25,0.16,24.03,74.56,23.01,2.01,0.48
2003-08-26,0.0,24.51,76.35,21.17,2.0,0.48
2003-08-27,0.0,25.2,76.62,21.5,2.0,0.48
2003-08-28,0.02,25.92,78.35,22.35,1.82,0.48
2003-08-29,0.14,25.75,78.73,22.1,1.97,0.47
2003-08-30,0.02,25.27,70.84,23.82,2.23,0.47
2003-08-31,0.0,24.89,71.97,23.91,2.14,0.47
2003-09-01,0.0,25.15,75.1,24.01,1.96,0.47
2003-09-02,0.05,25.52,76.45,23.58,1.85,0.47
2003-09-03,0.24,25.71,80.4,21.58,1.72,0.47
2003-09-04,0.01,25.67,78.21,22.6,2.05,0.47
2003-09-05,0.0,24.89,71.65,25.25,2.37,0.46
2003-09-06,0.0,24.13,71.42,24.81,2.21,0.46
2003-09-07,0.0,23.62,73.14,23.89,1.95,0.46
2003-09-08,0.01,23.63,78.13,20.69,2.13,0.46
2003-09-09,0.58,24.16,81.6,17.8,2.24,0.46
2003-09-10,4.8,24.8,84.5,14.55,2.03,0.47
2003-09-11,12.44,24.68,86.19,12.24,2.3,0.48
2003-09-12,1.68,25.11,82.56,17.88,2.02,0.5
2003-09-13,0.29,25.06,79.63,20.89,1.98,0.49
2003-09-14,0.02,25.1,77.25,22.75,1.82,0.49
2003-09-15,0.02,24.97,78.63,21.93,1.74,0.48
2003-09-16,0.07,25.32,76.56,22.06,1.66,0.48
2003-09-17,0.0,25.73,74.79,22.92,1.49,0.48
2003-09-18,0.0,25.58,77.44,21.59,1.64,0.48
2003-09-19,0.06,25.84,79.0,18.28,1.72,0.47
2003-09-20,0.48,26.21,78.34,22.58,1.48,0.47
2003-09-21,0.31,26.22,79.32,23.25,2.03,0.47
2003-09-22,0.05,26.41,75.26,23.74,1.91,0.47
2003-09-23,0.33,26.11,75.48,23.22,2.22,0.46
2003-09-24,0.17,26.28,76.29,22.62,2.04,0.46
2003-09-25,0.01,26.56,74.45,23.1,2.03,0.46
2003-09-26,0.0,26.33,73.98,23.46,1.78,0.46
2003-09-27,0.0,26.73,73.66,24.24,1.57,0.46
2003-09-28,0.0,26.79,76.61,22.61,1.74,0.46
2003-09-29,0.4,27.26,75.35,21.91,1.94,0.45
2003-09-30,4.2,26.09,81.79,18.81,2.28,0.46
2003-10-01,3.76,26.41,79.92,16.54,2.15,0.46
2003-10-02,1.66,26.62,79.99,20.95,2.04,0.47
2003-10-03,9.65,26.68,81.2,21.06,1.83,0.47
2003-10-04,1.37,26.24,78.54,21.9,2.35,0.48
2003-10-05,0.05,26.47,76.64,22.78,2.1,0.48
2003-10-06,0.2,26.71,76.27,22.07,2.04,0.47
2003-10-07,0.18,26.9,75.92,23.19,1.87,0.47
2003-10-08,1.01,26.73,76.51,21.49,1.61,0.47
2003-10-09,0.06,26.84,76.24,23.37,1.49,0.47
2003-10-10,0.15,26.85,77.72,24.01,1.68,0.46
2003-10-11,0.03,26.57,72.33,26.29,2.09,0.46
2003-10-12,0.01,26.79,70.91,24.66,1.95,0.46
2003-10-13,0.43,26.63,76.09,22.18,1.6,0.46
2003-10-14,0.3,26.59,76.42,20.27,1.92,0.45
2003-10-15,0.11,26.4,75.85,21.94,2.01,0.45
2003-10-16,0.01,26.53,73.97,22.36,1.75,0.45
2003-10-17,0.0,26.16,75.01,23.84,1.69,0.45
2003-10-18,0.02,26.36,75.34,23.19,1.94,0.45
2003-10-19,0.13,26.88,75.12,23.54,2.03,0.45
2003-10-20,0.0,27.26,70.46,26.09,1.86,0.45
2003-10-21,0.0,26.8,76.85,25.45,1.69,0.44
2003-10-22,0.0,27.28,73.16,24.57,1.66,0.44
2003-10-23,0.0,27.24,75.23,25.84,1.57,0.44
2003-10-24,0.0,27.06,74.49,26.11,1.63,0.44
2003-10-25,0.16,27.35,70.3,26.25,1.91,0.44
2003-10-26,0.21,27.23,72.34,22.08,2.09,0.44
2003-10-27,0.06,27.08,72.72,22.1,1.99,0.44
2003-10-28,0.06,27.13,74.85,22.66,2.0,0.44
2003-10-29,0.1,27.53,74.17,23.39,2.05,0.44
2003-10-30,0.0,27.01,73.47,24.03,1.89,0.44
2003-10-31,0.09,26.96,73.59,22.21,1.73,0.44
2003-11-01,0.1,27.33,73.89,20.68,1.65,0.44
2003-11-02,0.0,27.8,73.89,25.67,1.94,0.43
2003-11-03,0.0,28.13,70.45,26.13,1.55,0.43
2003-11-04,0.03,27.83,74.17,24.93,1.6,0.43
2003-11-05,0.01,27.75,75.33,23.61,1.67,0.43
2003-11-06,0.44,28.2,75.3,24.89,1.59,0.43
2003-11-07,2.85,27.85,80.94,23.11,1.66,0.44
2003-11-08,0.59,28.35,73.43,24.5,1.54,0.44
2003-11-09,0.0,28.33,69.92,26.24,1.35,0.44
2003-11-10,0.0,28.12,73.35,25.35,1.39,0.44
2003-11-11,0.01,28.19,72.94,24.51,1.2,0.43
2003-11-12,5.53,27.95,75.6,23.51,1.51,0.44
2003-11-13,8.1,27.48,80.08,22.82,1.67,0.45
2003-11-14,1.72,27.11,80.21,21.14,1.62,0.46
2003-11-15,1.65,27.79,77.14,15.75,1.39,0.46
2003-11-16,1.29,27.32,80.65,18.33,1.41,0.46
2003-11-17,11.99,27.44,82.61,19.0,1.22,0.47
2003-11-18,7.39,27.1,85.21,14.56,1.2,0.49
2003-11-19,20.38,27.03,86.48,20.8,1.72,0.51
2003-11-20,25.09,27.07,87.2,20.49,1.76,0.55
2003-11-21,9.02,27.54,82.6,19.7,1.3,0.58
2003-11-22,3.15,27.93,79.47,23.02,1.07,0.57
2003-11-23,13.64,27.66,82.17,19.51,0.77,0.56
2003-11-24,6.69,27.45,82.08,20.86,0.85,0.58
2003-11-25,9.96,27.5,82.23,14.57,1.02,0.57
2003-11-26,4.01,27.37,82.23,19.61,1.24,0.58
2003-11-27,12.62,27.4,83.02,23.0,1.5,0.57
2003-11-28,11.55,27.62,84.51,21.51,1.59,0.59
2003-11-29,5.72,27.87,81.7,26.05,2.0,0.58
2003-11-30,4.64,28.26,80.68,23.89,1.69,0.58
2003-12-01,6.8,27.89,83.17,21.53,1.43,0.57
2003-12-02,3.01,28.15,80.55,24.24,1.06,0.57
2003-12-03,2.56,27.69,81.42,21.61,1.05,0.56
2003-12-04,15.48,27.34,82.44,19.93,1.02,0.57
2003-12-05,28.55,26.87,86.47,15.53,1.55,0.59
2003-12-06,52.84,26.92,84.32,18.94,1.63,0.68
2003-12-07,1.64,27.47,80.59,19.5,1.42,0.69
2003-12-08,3.85,27.36,85.03,17.41,0.94,0.66
2003-12-09,4.43,27.12,84.0,20.94,0.68,0.65
2003-12-10,3.7,26.52,89.14,17.07,1.39,0.64
2003-12-11,12.56,27.18,85.51,16.8,1.48,0.63
2003-12-12,6.08,26.95,85.72,17.13,1.36,0.64
2003-12-13,9.21,27.15,83.92,21.52,1.46,0.63
2003-12-14,0.92,26.89,84.38,19.56,1.64,0.62
2003-12-15,13.3,26.51,86.57,13.27,2.01,0.62
2003-12-16,24.92,25.61,90.01,12.75,2.04,0.64
2003-12-17,13.9,25.18,91.25,14.71,2.18,0.67
2003-12-18,28.53,25.35,92.35,5.11,2.08,0.69
2003-12-19,18.98,25.43,91.73,15.18,2.31,0.72
2003-12-20,12.65,26.2,86.06,17.81,2.67,0.72
2003-12-21,6.15,26.31,83.44,18.03,2.83,0.7
2003-12-22,2.93,26.47,80.1,21.75,2.96,0.68
2003-12-23,0.41,25.97,79.49,18.21,2.94,0.66
2003-12-24,0.12,26.52,79.19,21.25,3.03,0.64
2003-12-25,2.1,26.66,82.93,19.94,3.0,0.63
2003-12-26,2.47,26.9,84.76,15.03,2.63,0.63
2003-12-27,4.09,26.51,85.19,17.92,2.44,0.62
2003-12-28,6.41,26.44,86.47,19.88,2.38,0.63
2003-12-29,1.94,26.38,83.23,17.44,2.07,0.63
2003-12-30,0.06,26.62,79.31,21.71,1.95,0.62
2003-12-31,0.14,26.68,81.29,25.27,2.36,0.61
2004-01-01,0.11,26.92,80.88,23.66,2.66,0.6
2004-01-02,1.34,27.17,78.87,20.83,3.03,0.59
2004-01-03,0.41,27.21,78.67,17.46,2.78,0.59
2004-01-04,0.46,27.55,80.25,22.27,2.03,0.58
2004-01-05,0.22,26.96,82.77,22.76,1.78,0.58
2004-01-06,1.31,26.78,84.56,22.9,1.85,0.58
2004-01-07,0.57,26.75,83.52,22.02,1.51,0.58
2004-01-08,0.65,26.17,84.75,21.03,1.36,0.58
2004-01-09,6.78,26.22,82.4,19.88,0.79,0.58
2004-01-10,2.98,26.89,81.0,20.52,0.99,0.59
2004-01-11,7.93,26.23,85.81,20.73,1.21,0.6
2004-01-12,2.32,26.53,82.59,20.07,1.72,0.6
2004-01-13,0.34,26.63,81.31,24.01,1.71,0.59
2004-01-14,0.91,27.28,77.99,17.39,1.41,0.59
2004-01-15,2.63,27.15,79.96,24.03,1.03,0.58
2004-01-16,2.34,27.47,78.01,24.21,1.3,0.58
2004-01-17,0.01,27.72,74.12,24.6,1.14,0.58
2004-01-18,0.62,27.78,76.62,24.11,1.48,0.57
2004-01-19,13.11,27.63,78.35,24.0,1.55,0.58
2004-01-20,21.23,27.11,83.17,22.48,1.24,0.61
2004-01-21,3.48,27.03,82.07,22.96,0.87,0.62
2004-01-22,24.61,27.12,82.99,21.94,0.79,0.64
2004-01-23,2.26,27.8,80.95,23.35,0.78,0.66
2004-01-24,1.2,27.71,82.21,21.36,0.85,0.64
2004-01-25,0.89,26.79,88.18,20.32,1.13,0.63
2004-01-26,0.97,27.46,78.67,22.37,0.65,0.62
2004-01-27,0.8,27.82,77.51,19.82,0.53,0.61
2004-01-28,2.89,26.76,86.24,23.04,0.93,0.61
2004-01-29,10.72,26.68,87.48,19.67,0.68,0.62
2004-01-30,39.6,25.68,90.1,16.0,1.37,0.66
2004-01-31,5.95,25.66,90.54,14.87,1.14,0.7
2004-02-01,6.71,25.99,91.15,13.33,1.66,0.69
2004-02-02,13.09,26.56,88.94,18.64,1.5,0.68
2004-02-03,44.88,26.04,89.94,13.38,1.56,0.72
2004-02-04,29.41,26.21,84.6,10.53,2.86,0.79
2004-02-05,17.4,26.22,85.61,18.33,2.04,0.76
2004-02-06,7.79,25.62,90.32,13.26,1.98,0.76
2004-02-07,11.34,25.75,88.65,14.94,2.11,0.74
2004-02-08,2.71,25.89,84.1,17.83,3.0,0.73
2004-02-09,1.79,26.22,81.89,21.06,3.64,0.71
2004-02-10,2.04,26.14,81.51,14.4,3.65,0.69
2004-02-11,11.84,26.12,84.8,18.38,3.15,0.69
2004-02-12,2.4,26.77,85.1,22.99,2.68,0.7
2004-02-13,0.54,26.63,86.03,21.3,2.6,0.68
2004-02-14,4.4,26.17,88.53,20.56,2.16,0.68
2004-02-15,2.78,26.05,87.65,12.47,1.93,0.68
2004-02-16,2.39,26.1,89.13,15.31,1.55,0.68
2004-02-17,41.98,25.76,89.71,16.86,1.51,0.7
2004-02-18,28.15,25.51,90.28,14.82,1.62,0.78
2004-02-19,8.42,26.35,86.76,15.03,1.48,0.76
2004-02-20,4.6,26.22,87.92,22.62,1.22,0.74
2004-02-21,2.94,26.64,83.9,22.0,1.25,0.73
2004-02-22,2.55,26.8,84.0,24.94,1.54,0.72
2004-02-23,0.21,27.55,80.95,24.83,1.34,0.71
2004-02-24,1.49,26.93,84.34,19.29,1.19,0.7
2004-02-25,0.94,26.37,86.76,21.81,1.39,0.7
2004-02-26,4.85,26.63,84.46,24.09,1.41,0.69
2004-02-27,7.47,26.6,86.76,22.66,1.57,0.7
2004-02-28,12.71,26.4,91.65,19.42,1.58,0.71
2004-02-29,9.0,26.69,87.76,19.13,1.32,0.73
2004-03-01,8.47,25.65,88.67,16.44,1.61,0.72
2004-03-02,7.11,26.23,84.9,22.12,1.28,0.73
2004-03-03,4.15,25.87,89.94,19.16,1.72,0.72
2004-03-04,0.87,26.36,81.83,21.99,1.65,0.71
2004-03-05,2.17,26.11,83.46,18.71,1.89,0.71
2004-03-06,1.11,25.93,83.84,22.7,1.77,0.7
2004-03-07,12.61,27.07,83.04,17.09,1.24,0.7
2004-03-08,17.43,26.82,89.77,15.21,1.5,0.74
2004-03-09,2.09,26.47,90.31,16.57,1.53,0.73
2004-03-10,5.8,26.13,89.19,20.61,1.03,0.73
2004-03-11,6.33,27.0,83.5,21.23,0.99,0.73
2004-03-12,5.41,26.35,88.51,14.72,1.12,0.73
2004-03-13,6.8,26.4,87.9,15.1,1.05,0.73
2004-03-14,11.09,25.85,90.8,17.1,1.38,0.73
2004-03-15,8.11,25.98,87.59,19.68,1.35,0.74
2004-03-16,7.67,26.36,87.2,21.84,1.48,0.74
2004-03-17,5.85,26.59,87.06,20.47,1.79,0.74
2004-03-18,5.98,26.83,86.39,21.58,2.17,0.74
2004-03-19,2.32,26.36,89.07,19.88,2.27,0.73
2004-03-20,0.49,27.0,84.37,21.44,2.29,0.72
2004-03-21,1.49,27.28,84.17,20.77,2.53,0.72
2004-03-22,3.05,26.77,90.28,18.02,2.9,0.71
2004-03-23,3.07,26.25,90.25,17.82,2.81,0.72
2004-03-24,1.02,26.57,83.32,23.54,2.34,0.71
2004-03-25,1.35,27.24,84.01,24.19,2.08,0.71
2004-03-26,1.11,27.09,83.56,23.81,1.92,0.7
2004-03-27,1.03,26.94,80.33,22.7,1.56,0.7
2004-03-28,0.34,27.04,79.96,20.0,1.01,0.69
2004-03-29,0.41,25.81,90.35,19.96,1.3,0.69
2004-03-30,6.05,26.11,92.76,20.66,1.42,0.7
2004-03-31,3.43,26.97,87.34,21.22,1.44,0.7
2004-04-01,0.99,27.09,85.33,21.87,1.48,0.7
2004-04-02,0.45,26.95,84.74,20.26,1.9,0.7
2004-04-03,0.83,26.77,83.74,23.62,1.87,0.69
2004-04-04,2.19,26.66,83.91,21.82,1.97,0.69
2004-04-05,0.75,26.57,80.73,23.93,1.97,0.68
2004-04-06,1.11,26.73,81.27,23.59,1.72,0.68
2004-04-07,0.48,26.94,83.35,24.01,1.89,0.68
2004-04-08,0.02,27.12,80.79,23.16,1.77,0.67
2004-04-09,0.69,26.9,80.47,20.85,1.62,0.67
2004-04-10,1.15,27.11,80.81,23.09,1.62,0.67
2004-04-11,3.63,26.94,82.63,23.24,2.04,0.66
2004-04-12,0.46,27.15,81.23,23.27,1.76,0.66
2004-04-13,1.25,27.06,81.63,23.04,1.9,0.66
2004-04-14,0.21,27.27,82.1,22.43,1.94,0.66
2004-04-15,0.05,27.24,80.64,22.97,2.11,0.65
2004-04-16,0.83,27.31,81.91,22.38,2.06,0.65
2004-04-17,7.12,26.88,84.22,21.76,2.04,0.65
2004-04-18,0.6,26.67,79.21,22.71,2.26,0.65
2004-04-19,0.01,26.55,77.79,23.6,2.18,0.65
2004-04-20,0.0,26.74,79.74,23.35,1.9,0.64
2004-04-21,0.04,26.72,81.76,21.76,1.81,0.64
2004-04-22,0.18,26.76,81.68,21.42,1.95,0.63
2004-04-23,2.02,26.82,81.89,22.58,2.01,0.63
2004-04-24,1.27,26.87,83.82,21.92,2.02,0.63
2004-04-25,0.19,26.79,81.0,21.43,2.14,0.62
2004-04-26,0.02,26.76,79.07,20.51,2.02,0.62
2004-04-27,0.12,26.85,79.7,22.06,2.06,0.61
2004-04-28,0.52,26.36,82.01,21.5,2.25,0.61
2004-04-29,0.59,26.4,82.11,21.18,1.92,0.61
2004-04-30,0.33,26.36,80.65,18.33,1.97,0.6
2004-05-01,0.64,25.96,82.73,18.18,2.07,0.6
2004-05-02,0.69,26.55,81.32,20.39,2.0,0.6
2004-05-03,0.03,26.41,77.72,20.48,2.05,0.6
2004-05-04,0.26,26.1,83.11,16.28,2.1,0.59
2004-05-05,5.08,26.38,84.96,19.86,2.03,0.59
2004-05-06,1.49,26.69,86.22,18.27,1.86,0.6
2004-05-07,0.09,26.67,85.35,20.72,1.81,0.6
2004-05-08,0.59,26.5,87.04,17.23,1.66,0.59
2004-05-09,0.37,26.68,84.18,19.12,1.68,0.59
2004-05-10,0.29,26.65,85.66,14.44,1.55,0.59
2004-05-11,0.88,26.45,83.75,19.28,1.66,0.59
2004-05-12,0.05,26.43,80.34,20.86,1.33,0.58
2004-05-13,0.0,26.29,77.27,18.7,1.29,0.58
2004-05-14,0.0,26.15,78.58,19.67,1.28,0.57
2004-05-15,0.0,26.1,78.58,20.72,1.35,0.57
2004-05-16,0.0,26.34,79.42,21.14,1.27,0.57
2004-05-17,0.5,26.12,81.41,20.78,1.6,0.57
2004-05-18,0.5,26.33,82.07,19.33,1.79,0.56
2004-05-19,0.74,26.54,84.06,18.96,1.56,0.56
2004-05-20,2.84,26.72,86.07,18.55,1.28,0.56
2004-05-21,0.63,26.82,83.58,19.51,0.86,0.56
2004-05-22,0.07,27.07,81.76,20.09,0.92,0.56
2004-05-23,0.28,27.01,81.26,20.22,1.37,0.55
2004-05-24,35.84,26.4,85.39,18.39,1.56,0.59
2004-05-25,3.71,26.47,83.11,19.78,1.77,0.62
2004-05-26,0.79,26.25,83.2,19.73,1.91,0.61
2004-05-27,15.43,25.58,87.0,18.53,1.91,0.62
2004-05-28,13.04,25.37,87.35,14.65,2.34,0.64
2004-05-29,9.82,24.51,86.92,7.99,2.14,0.64
2004-05-30,23.62,24.04,87.07,7.52,1.78,0.66
2004-05-31,8.16,24.06,79.1,17.38,1.89,0.68
2004-06-01,0.67,23.89,80.05,17.55,1.94,0.66
2004-06-02,0.69,23.99,82.7,18.23,1.74,0.65
2004-06-03,0.03,24.27,79.34,19.48,1.28,0.64
2004-06-04,0.52,25.24,81.29,19.8,1.54,0.63
2004-06-05,0.14,26.41,82.74,20.28,1.41,0.62
2004-06-06,1.5,26.57,85.19,16.73,2.08,0.61
2004-06-07,0.04,26.51,81.52,18.44,2.4,0.6
2004-06-08,0.21,26.2,80.17,20.06,2.34,0.6
2004-06-09,0.08,25.95,78.91,19.52,2.41,0.59
2004-06-10,0.23,26.25,78.88,19.82,1.9,0.58
2004-06-11,0.25,25.87,80.12,20.39,2.28,0.58
2004-06-12,0.41,25.79,76.53,18.68,2.04,0.57
2004-06-13,0.0,25.13,72.53,20.84,2.5,0.57
2004-06-14,0.0,25.03,67.54,21.07,2.49,0.56
2004-06-15,0.39,25.44,75.92,20.41,2.2,0.55
2004-06-16,0.02,24.82,68.35,20.54,2.73,0.55
2004-06-17,0.19,24.77,70.28,20.62,2.08,0.55
2004-06-18,0.09,25.1,75.61,20.15,1.9,0.54
2004-06-19,0.11,24.67,78.88,19.29,2.08,0.54
2004-06-20,0.1,24.52,78.38,19.86,2.1,0.54
2004-06-21,0.08,24.6,78.22,19.8,2.09,0.54
2004-06-22,0.09,24.74,78.77,17.05,2.07,0.54
2004-06-23,0.16,24.2,81.69,17.38,2.36,0.53
2004-06-24,0.03,24.36,78.12,18.1,2.2,0.53
2004-06-25,0.02,24.64,75.81,19.56,2.27,0.53
2004-06-26,0.05,24.15,74.97,19.21,2.42,0.53
2004-06-27,0.26,24.43,70.83,19.85,2.26,0.53
2004-06-28,0.48,23.87,76.0,18.81,2.32,0.52
2004-06-29,0.45,23.72,78.56,19.72,2.04,0.52
2004-06-30,0.16,24.1,78.84,19.55,2.17,0.52
2004-07-01,0.08,24.81,78.29,18.88,1.76,0.52
2004-07-02,0.01,25.33,79.42,19.19,1.39,0.52
2004-07-03,0.03,25.57,81.59,18.45,1.49,0.52
2004-07-04,0.0,25.92,80.12,19.54,1.4,0.52
2004-07-05,0.01,25.78,81.69,18.35,1.69,0.51
2004-07-06,0.0,25.6,79.21,19.61,1.92,0.51
2004-07-07,0.0,25.25,77.5,19.72,1.87,0.51
2004-07-08,0.03,25.03,79.28,20.06,1.98,0.51
2004-07-09,0.0,25.34,78.68,17.29,1.97,0.51
2004-07-10,0.0,24.93,76.6,19.5,2.01,0.51
2004-07-11,0.0,25.01,75.08,18.15,1.91,0.5
2004-07-12,0.01,25.41,77.56,19.39,1.45,0.5
2004-07-13,1.64,25.42,81.01,18.58,1.69,0.5
2004-07-14,0.58,25.14,77.9,20.12,2.18,0.5
2004-07-15,1.13,25.39,80.35,17.49,2.04,0.5
2004-07-16,3.08,25.33,81.74,16.95,2.49,0.5
2004-07-17,0.13,25.03,75.49,20.25,2.45,0.5
2004-07-18,0.04,25.15,74.91,20.03,2.33,0.5
2004-07-19,0.01,24.8,75.36,20.04,2.64,0.5
2004-07-20,0.1,24.92,74.27,20.64,2.26,0.49
2004-07-21,0.03,24.84,76.46,19.03,2.13,0.49
2004-07-22,0.0,24.68,75.91,20.6,1.96,0.49
2004-07-23,0.0,24.84,76.46,20.09,2.01,0.49
2004-07-24,0.01,24.78,76.44,20.84,2.0,0.49
2004-07-25,0.0,23.98,77.51,18.67,2.31,0.49
2004-07-26,0.05,23.72,75.78,19.52,2.25,0.48
2004-07-27,0.0,24.24,72.51,21.3,1.94,0.48
2004-07-28,0.01,23.87,78.59,19.94,1.84,0.48
2004-07-29,0.04,24.18,77.69,21.55,1.84,0.48
2004-07-30,0.01,23.93,79.39,21.33,2.18,0.48
2004-07-31,0.04,24.45,75.33,20.24,2.19,0.48
2004-08-01,0.36,24.54,78.17,19.92,2.47,0.48
2004-08-02,0.43,24.5,77.13,18.72,2.31,0.48
2004-08-03,0.19,24.22,77.39,20.25,2.15,0.47
2004-08-04,0.04,24.04,77.9,18.53,2.02,0.47
2004-08-05,0.0,23.44,78.69,19.34,1.99,0.47
2004-08-06,0.0,24.12,73.42,20.12,1.98,0.47
2004-08-07,0.17,23.77,79.25,17.8,2.03,0.47
2004-08-08,0.24,23.65,80.73,17.18,2.2,0.47
2004-08-09,0.17,24.33,79.87,19.23,1.99,0.47
2004-08-10,0.07,24.84,76.39,20.48,1.87,0.47
2004-08-11,0.0,24.81,73.95,21.93,1.98,0.47
2004-08-12,0.02,24.65,74.71,21.85,2.07,0.47
2004-08-13,0.06,24.6,75.09,19.52,2.19,0.47
2004-08-14,0.14,24.19,74.3,21.48,2.18,0.46
2004-08-15,0.48,23.8,75.33,21.09,2.15,0.46
2004-08-16,0.0,24.07,70.34,20.7,2.2,0.46
2004-08-17,0.0,24.07,73.48,21.42,2.19,0.46
2004-08-18,0.0,24.58,72.95,21.39,1.8,0.46
2004-08-19,0.12,24.78,74.5,22.99,1.87,0.46
2004-08-20,0.0,25.12,71.34,22.32,1.65,0.46
2004-08-21,0.01,25.05,74.9,22.29,2.01,0.46
2004-08-22,0.0,24.97,73.44,22.45,2.23,0.46
2004-08-23,0.0,25.07,73.24,21.68,1.88,0.46
2004-08-24,0.0,24.77,74.42,20.44,1.75,0.45
2004-08-25,0.09,24.49,76.66,21.99,1.83,0.45
2004-08-26,0.13,24.79,75.6,22.52,1.95,0.45
2004-08-27,0.11,25.5,73.85,22.31,1.64,0.45
2004-08-28,0.0,25.67,73.84,22.5,1.78,0.45
2004-08-29,0.08,24.9,75.38,22.39,2.24,0.45
2004-08-30,0.14,24.83,74.87,21.63,2.41,0.45
2004-08-31,0.06,24.76,76.31,20.97,2.44,0.45
2004-09-01,0.09,24.93,75.04,22.26,2.27,0.45
2004-09-02,0.0,24.91,73.33,22.89,1.96,0.45
2004-09-03,0.0,25.43,74.69,23.95,1.55,0.45
2004-09-04,0.0,25.48,76.52,23.24,1.33,0.45
2004-09-05,0.0,25.34,77.24,23.33,1.52,0.45
2004-09-06,0.0,24.84,76.85,25.03,1.92,0.45
2004-09-07,0.0,25.0,73.61,24.9,2.27,0.44
2004-09-08,0.27,25.08,76.82,23.62,2.17,0.44
2004-09-09,0.01,24.96,74.62,23.0,2.11,0.44
2004-09-10,0.1,24.88,75.35,23.63,1.99,0.44
2004-09-11,0.68,25.54,76.5,23.04,1.91,0.44
2004-09-12,0.55,25.76,79.59,21.83,2.19,0.44
2004-09-13,2.02,25.89,77.91,22.44,2.27,0.44
2004-09-14,1.24,25.71,73.84,23.97,2.14,0.45
2004-09-15,0.0,25.74,73.21,23.72,2.26,0.45
2004-09-16,0.0,24.97,73.74,23.19,2.22,0.45
2004-09-17,0.01,25.48,74.96,23.34,1.76,0.44
2004-09-18,6.06,25.92,79.1,22.33,1.77,0.45
2004-09-19,7.24,26.4,80.01,23.29,1.9,0.47
2004-09-20,0.01,26.39,76.84,24.15,2.23,0.46
2004-09-21,0.0,25.88,75.22,23.71,2.4,0.46
2004-09-22,0.19,26.01,73.99,24.73,2.08,0.46
2004-09-23,0.0,26.32,72.85,24.56,1.93,0.46
2004-09-24,0.05,26.29,70.48,25.13,2.14,0.45
2004-09-25,0.0,26.22,69.63,25.45,1.95,0.45
2004-09-26,0.0,26.16,70.39,24.18,1.83,0.45
2004-09-27,0.07,26.52,70.75,25.72,1.44,0.45
2004-09-28,0.0,26.42,74.93,24.81,1.63,0.44
2004-09-29,0.03,26.12,76.17,23.07,2.06,0.44
2004-09-30,0.01,26.02,74.42,25.31,2.36,0.44
2004-10-01,0.2,25.73,74.73,22.78,2.22,0.44
2004-10-02,0.06,25.66,70.04,24.63,1.86,0.44
2004-10-03,0.01,25.64,70.56,24.85,1.79,0.44
2004-10-04,0.0,26.22,72.81,23.77,1.79,0.44
2004-10-05,0.14,25.93,76.0,23.93,2.19,0.44
2004-10-06,0.4,25.81,77.97,20.76,2.01,0.44
2004-10-07,0.16,26.14,75.84,22.31,1.61,0.44
2004-10-08,0.0,26.1,75.2,24.81,1.19,0.44
2004-10-09,0.0,26.87,73.67,25.53,1.19,0.43
2004-10-10,0.09,27.22,74.0,24.87,1.34,0.43
2004-10-11,0.42,27.33,74.25,24.54,1.44,0.43
2004-10-12,0.02,27.47,73.63,26.06,1.54,0.43
2004-10-13,0.14,27.14,72.4,26.13,1.49,0.43
2004-10-14,0.02,27.25,72.99,26.38,1.18,0.43
2004-10-15,0.07,26.38,77.21,25.38,1.91,0.43
2004-10-16,0.11,26.19,72.68,26.47,1.84,0.43
2004-10-17,0.16,26.48,70.17,26.55,1.79,0.43
2004-10-18,0.02,26.94,72.7,22.61,1.71,0.43
2004-10-19,0.42,26.86,74.2,20.66,1.31,0.43
2004-10-20,0.6,27.62,74.92,23.23,1.15,0.43
2004-10-21,0.03,27.83,74.0,24.42,1.65,0.43
2004-10-22,0.02,28.27,73.64,23.92,1.55,0.43
2004-10-23,1.86,28.39,73.27,24.33,1.3,0.43
2004-10-24,15.13,27.61,79.78,21.63,1.26,0.44
2004-10-25,16.41,26.92,82.94,20.75,1.71,0.48
2004-10-26,1.61,27.52,79.65,23.0,1.81,0.49
2004-10-27,0.02,28.41,74.07,24.73,1.71,0.48
2004-10-28,1.79,28.13,75.45,24.54,1.92,0.47
2004-10-29,3.45,27.31,86.2,17.07,1.64,0.48
2004-10-30,0.12,28.66,77.1,25.21,1.24,0.47
2004-10-31,3.21,28.48,75.6,23.73,1.01,0.47
2004-11-01,1.97,28.52,74.44,23.53,1.27,0.47
2004-11-02,0.83,28.5,74.26,24.86,1.63,0.47
2004-11-03,1.73,28.22,73.89,23.01,1.41,0.46
2004-11-04,0.19,28.08,75.55,25.36,1.54,0.46
2004-11-05,0.05,28.18,74.06,25.4,1.74,0.46
2004-11-06,0.0,28.66,68.98,25.29,1.18,0.45
2004-11-07,1.87,28.14,73.08,23.69,1.0,0.45
2004-11-08,5.81,27.88,76.51,21.53,1.15,0.46
2004-11-09,1.65,27.95,75.85,22.72,1.35,0.46
2004-11-10,1.12,28.18,75.01,23.14,1.78,0.46
2004-11-11,4.82,28.2,77.35,24.12,1.92,0.46
2004-11-12,5.25,28.5,77.8,22.89,1.8,0.46
2004-11-13,1.54,28.39,79.42,23.34,1.91,0.47
2004-11-14,0.22,28.73,74.61,25.39,1.72,0.46
2004-11-15,0.06,28.09,74.57,25.74,1.53,0.46
2004-11-16,0.01,28.19,75.4,24.56,1.37,0.45
2004-11-17,0.03,28.7,72.94,24.29,1.06,0.45
2004-11-18,0.15,28.24,77.94,24.45,1.27,0.45
2004-11-19,1.23,28.56,75.87,23.99,1.28,0.45
2004-11-20,35.69,27.48,83.28,19.2,1.42,0.47
2004-11-21,48.06,27.09,84.35,20.1,1.26,0.59
2004-11-22,25.49,26.5,85.32,20.66,1.24,0.63
2004-11-23,11.14,27.26,79.85,17.64,1.05,0.64
2004-11-24,20.98,26.09,87.67,18.26,1.38,0.66
2004-11-25,28.07,25.9,86.79,16.41,1.2,0.67
2004-11-26,9.68,26.51,85.57,17.99,1.17,0.7
2004-11-27,18.25,26.5,87.23,18.65,1.18,0.69
2004-11-28,8.0,26.67,85.91,22.11,1.61,0.69
2004-11-29,4.56,26.21,86.25,19.43,1.88,0.67
2004-11-30,14.75,26.34,84.87,14.46,1.75,0.66
2004-12-01,2.94,26.69,86.14,18.08,1.39,0.66
2004-12-02,7.3,26.3,90.18,11.71,1.21,0.64
2004-12-03,11.11,26.75,86.14,7.37,2.28,0.65
2004-12-04,0.97,27.76,80.58,23.44,1.09,0.63
2004-12-05,1.14,27.77,77.82,24.9,0.99,0.61
2004-12-06,5.39,27.9,78.16,23.66,1.26,0.6
2004-12-07,21.6,27.29,82.51,23.79,1.48,0.62
2004-12-08,5.11,26.86,86.08,23.44,1.65,0.63
2004-12-09,0.24,26.96,82.91,24.29,1.94,0.61
2004-12-10,0.06,27.21,80.7,23.28,1.84,0.6
2004-12-11,0.08,26.69,83.79,21.23,1.42,0.59
2004-12-12,0.17,27.23,80.94,22.78,1.44,0.58
2004-12-13,0.71,26.95,80.23,23.59,1.6,0.57
2004-12-14,3.35,27.32,79.46,22.84,1.57,0.57
2004-12-15,13.94,27.74,80.56,23.19,1.68,0.57
2004-12-16,18.66,27.42,84.5,21.67,1.79,0.6
2004-12-17,21.56,27.55,83.81,23.45,1.63,0.63
2004-12-18,16.46,28.44,78.33,22.16,0.94,0.66
2004-12-19,7.44,28.21,80.06,24.03,1.0,0.66
2004-12-20,6.83,27.79,84.06,23.36,1.58,0.65
2004-12-21,17.4,27.28,84.49,18.7,1.53,0.66
2004-12-22,10.79,26.99,85.59,14.48,1.35,0.67
2004-12-23,5.57,26.87,84.79,19.95,1.27,0.66
2004-12-24,2.56,27.26,81.76,18.7,1.04,0.65
2004-12-25,3.89,25.72,87.49,15.89,1.39,0.64
2004-12-26,2.66,25.8,87.83,16.8,1.89,0.64
2004-12-27,31.19,25.82,84.64,13.38,1.49,0.66
2004-12-28,20.01,25.97,80.86,12.6,1.45,0.7
2004-12-29,10.85,26.46,91.62,16.82,2.51,0.71
2004-12-30,2.43,26.03,87.95,14.87,2.07,0.69
2004-12-31,1.25,26.17,83.96,21.64,1.94,0.67
2005-01-01,0.2,26.68,80.73,23.63,2.42,0.66
2005-01-02,0.04,26.64,80.33,24.88,2.21,0.64
2005-01-03,0.29,26.97,82.13,20.08,1.84,0.63
2005-01-04,0.21,26.71,86.01,21.73,1.62,0.63
2005-01-05,0.27,27.02,85.22,21.79,1.5,0.62
2005-01-06,0.68,26.95,82.74,18.68,1.6,0.62
2005-01-07,0.59,27.01,79.31,23.79,1.39,0.61
2005-01-08,0.31,27.18,78.08,24.15,1.31,0.61
2005-01-09,0.24,27.01,77.54,24.16,1.46,0.6
2005-01-10,1.09,27.18,76.57,24.22,1.39,0.6
2005-01-11,2.33,27.05,77.98,24.95,1.4,0.59
2005-01-12,0.03,27.9,74.47,23.69,1.25,0.59
2005-01-13,0.16,27.63,77.53,24.93,1.73,0.58
2005-01-14,0.58,27.27,83.46,22.03,2.17,0.58
2005-01-15,3.83,26.78,84.45,19.92,2.37,0.58
2005-01-16,3.15,26.62,85.31,19.51,1.32,0.59
2005-01-17,1.7,26.45,84.4,21.22,1.04,0.59
2005-01-18,6.97,26.5,85.24,15.25,1.57,0.59
2005-01-19,10.74,25.97,89.21,16.13,1.84,0.61
2005-01-20,12.26,25.7,87.79,8.1,1.63,0.63
2005-01-21,3.96,26.23,87.69,19.97,1.84,0.64
2005-01-22,2.72,26.86,84.26,19.54,1.86,0.63
2005-01-23,0.3,27.84,77.82,25.81,1.46,0.62
2005-01-24,4.27,27.43,79.98,21.05,1.31,0.62
2005-01-25,11.11,26.42,83.96,23.43,1.6,0.64
2005-01-26,0.35,26.67,83.59,24.7,1.23,0.63
2005-01-27,0.13,26.91,84.09,25.23,1.54,0.62
2005-01-28,0.28,27.29,82.21,22.56,1.24,0.61
2005-01-29,0.22,27.6,78.7,21.49,0.98,0.61
2005-01-30,1.34,27.69,79.19,24.71,1.18,0.6
2005-01-31,13.5,26.98,86.64,22.17,1.92,0.61
2005-02-01,15.61,26.71,89.72,15.34,2.28,0.64
2005-02-02,9.23,26.79,87.15,17.13,2.17,0.65
2005-02-03,16.33,26.48,88.65,15.11,2.23,0.66
2005-02-04,6.37,26.75,86.56,23.59,2.69,0.67
2005-02-05,2.22,27.22,84.9,24.07,2.35,0.66
2005-02-06,0.51,27.46,81.11,24.82,2.38,0.65
2005-02-07,0.86,27.52,79.28,24.45,2.16,0.63
2005-02-08,2.91,27.44,80.73,24.31,2.1,0.63
2005-02-09,1.32,27.24,84.16,22.14,1.99,0.62
2005-02-10,19.11,26.84,86.95,22.04,1.58,0.63
2005-02-11,10.72,26.92,85.87,18.48,1.61,0.66
2005-02-12,9.93,26.64,86.61,20.21,1.39,0.66
2005-02-13,11.84,26.02,86.81,22.13,1.03,0.68
2005-02-14,8.51,26.67,86.76,20.28,1.66,0.68
2005-02-15,0.74,27.69,79.99,25.95,1.54,0.67
2005-02-16,10.72,27.77,80.1,23.55,1.34,0.66
2005-02-17,4.74,27.99,80.69,23.94,1.21,0.67
2005-02-18,0.32,28.51,76.28,25.35,0.99,0.66
2005-02-19,0.04,28.65,72.53,25.39,0.75,0.65
2005-02-20,0.51,28.21,72.86,23.47,1.05,0.64
2005-02-21,3.58,28.22,72.3,20.26,0.85,0.63
2005-02-22,3.66,27.42,81.09,22.9,1.17,0.63
2005-02-23,2.42,27.27,80.96,22.42,1.37,0.63
2005-02-24,1.9,27.25,81.55,22.07,1.37,0.63
2005-02-25,0.48,27.78,80.89,22.24,1.2,0.62
2005-02-26,8.64,28.47,78.95,25.33,1.06,0.62
2005-02-27,5.58,28.01,83.54,22.87,1.16,0.63
2005-02-28,0.13,27.31,85.44,23.93,1.22,0.63
2005-03-01,1.41,28.11,79.22,22.08,1.17,0.63
2005-03-02,15.75,27.28,86.81,21.63,1.47,0.63
2005-03-03,10.06,27.66,79.94,22.74,1.09,0.65
2005-03-04,4.75,27.51,79.53,9.21,1.33,0.66
2005-03-05,1.39,27.09,82.79,13.31,1.69,0.65
2005-03-06,6.62,26.39,87.28,9.03,1.83,0.64
2005-03-07,12.67,25.57,90.07,13.63,1.94,0.66
2005-03-08,4.3,25.73,87.21,21.91,1.97,0.67
2005-03-09,17.12,26.52,87.35,19.77,2.36,0.67
2005-03-10,26.19,26.39,90.53,15.98,1.99,0.7
2005-03-11,8.08,26.92,86.94,17.2,1.88,0.72
2005-03-12,0.37,26.99,87.15,23.86,1.36,0.7
2005-03-13,1.71,27.48,82.75,20.88,0.94,0.69
2005-03-14,2.83,27.09,86.67,21.2,1.49,0.68
2005-03-15,7.7,26.11,84.52,20.0,1.56,0.68
2005-03-16,16.82,26.76,86.3,24.1,1.71,0.69
2005-03-17,2.71,27.22,84.29,23.27,1.68,0.7
2005-03-18,0.39,27.28,80.39,23.05,1.54,0.68
2005-03-19,1.46,27.47,78.63,22.78,1.14,0.67
2005-03-20,1.82,27.6,78.14,22.58,1.09,0.67
2005-03-21,0.03,27.65,76.45,22.41,1.24,0.66
2005-03-22,0.29,27.79,75.74,23.09,1.12,0.65
2005-03-23,0.11,27.8,78.84,23.94,1.35,0.64
2005-03-24,0.18,27.58,77.29,22.54,1.15,0.64
2005-03-25,0.22,27.71,77.6,20.31,1.22,0.63
2005-03-26,7.42,27.89,81.23,21.39,1.36,0.63
2005-03-27,10.11,27.36,87.31,19.17,1.35,0.65
2005-03-28,16.89,26.98,89.6,19.54,1.31,0.67
2005-03-29,6.49,27.47,85.83,20.76,1.36,0.69
2005-03-30,2.48,27.14,86.92,20.53,0.94,0.68
2005-03-31,5.0,27.0,88.23,14.96,1.17,0.68
2005-04-01,4.96,26.92,87.78,7.86,1.13,0.68
2005-04-02,2.61,26.95,84.81,19.2,1.22,0.68
2005-04-03,1.94,27.29,86.25,18.68,1.37,0.67
2005-04-04,0.18,27.65,80.88,17.55,1.92,0.66
2005-04-05,6.29,27.26,82.66,18.68,1.97,0.66
2005-04-06,27.41,26.23,89.42,13.26,1.89,0.69
2005-04-07,52.37,25.75,92.14,15.38,1.91,0.74
2005-04-08,33.06,25.9,86.94,8.53,1.2,0.81
2005-04-09,11.96,25.56,89.42,14.33,1.71,0.8
2005-04-10,10.6,26.28,87.01,15.13,1.8,0.78
2005-04-11,13.46,26.08,89.44,15.13,1.8,0.77
2005-04-12,7.19,25.92,87.73,16.04,1.6,0.77
2005-04-13,3.42,26.17,84.26,16.99,1.25,0.75
2005-04-14,0.33,26.53,81.78,18.98,1.13,0.73
2005-04-15,0.5,26.67,81.03,22.39,1.26,0.72
2005-04-16,1.17,27.23,78.76,22.3,1.11,0.72
2005-04-17,1.95,26.96,81.51,21.0,1.33,0.71
2005-04-18,1.01,27.3,77.72,23.67,1.64,0.71
2005-04-19,0.17,27.13,78.98,23.33,1.98,0.7
2005-04-20,1.15,27.17,78.88,22.56,2.2,0.69
2005-04-21,0.58,26.98,80.0,20.09,2.33,0.69
2005-04-22,0.06,27.1,77.58,23.67,2.32,0.68
2005-04-23,0.11,27.15,79.6,23.37,2.23,0.67
2005-04-24,0.22,27.27,79.93,20.92,2.21,0.67
2005-04-25,0.14,27.3,79.85,23.09,2.04,0.66
2005-04-26,0.07,27.46,81.25,22.84,1.61,0.66
2005-04-27,0.02,27.44,82.58,21.58,1.59,0.66
2005-04-28,0.32,27.62,83.7,19.66,1.4,0.65
2005-04-29,0.27,27.06,85.52,20.28,1.53,0.65
2005-04-30,0.13,27.53,82.78,20.85,1.79,0.65
2005-05-01,0.02,27.17,79.92,21.54,1.95,0.65
2005-05-02,0.12,26.88,79.76,21.07,1.64,0.65
2005-05-03,0.0,26.83,80.89,21.66,1.56,0.64
2005-05-04,0.01,27.15,78.03,21.43,1.94,0.64
2005-05-05,0.15,26.81,76.29,20.22,2.04,0.63
2005-05-06,0.0,26.71,78.77,21.94,1.95,0.63
2005-05-07,0.27,26.91,79.85,18.54,1.95,0.63
2005-05-08,0.09,26.84,79.69,20.37,2.07,0.62
2005-05-09,0.13,26.61,79.52,20.95,2.12,0.62
2005-05-10,0.83,26.35,82.38,19.49,2.11,0.62
2005-05-11,0.37,26.14,79.79,19.43,2.05,0.61
2005-05-12,0.36,25.5,81.9,21.61,1.9,0.61
2005-05-13,0.11,25.68,78.54,22.2,1.9,0.61
2005-05-14,0.0,25.88,76.88,22.57,2.1,0.6
2005-05-15,0.0,25.84,76.78,22.1,2.04,0.6
2005-05-16,0.0,25.84,79.12,22.11,2.03,0.59
2005-05-17,0.02,25.7,76.68,22.44,2.19,0.59
2005-05-18,0.08,25.57,74.8,22.03,2.11,0.59
2005-05-19,0.0,25.39,74.22,22.15,2.04,0.58
2005-05-20,0.0,25.79,77.5,20.81,1.82,0.58
2005-05-21,0.01,26.19,78.23,20.51,1.88,0.58
2005-05-22,0.02,26.46,77.65,20.36,1.83,0.57
2005-05-23,0.01,26.32,79.43,20.32,1.88,0.57
2005-05-24,0.14,26.13,77.98,20.93,2.04,0.57
2005-05-25,0.17,26.04,79.94,20.57,2.17,0.57
2005-05-26,0.0,25.88,79.39,17.68,2.11,0.56
2005-05-27,0.01,25.73,78.61,18.33,2.15,0.56
2005-05-28,0.0,25.63,76.45,20.54,2.16,0.56
2005-05-29,0.22,25.65,75.41,20.67,2.2,0.55
2005-05-30,0.6,25.64,78.26,20.2,2.21,0.55
2005-05-31,0.03,25.59,76.68,19.93,2.24,0.55
2005-06-01,0.01,25.46,77.68,19.3,2.09,0.55
2005-06-02,0.09,25.87,76.46,19.2,1.81,0.54
2005-06-03,0.12,25.83,76.79,18.24,1.84,0.54
2005-06-04,0.0,25.95,76.56,19.15,1.62,0.54
2005-06-05,0.33,26.14,77.6,18.84,1.61,0.54
2005-06-06,0.01,26.37,77.46,18.91,1.51,0.54
2005-06-07,0.08,26.12,78.76,19.45,1.59,0.53
2005-06-08,0.0,26.1,76.87,19.9,1.89,0.53
2005-06-09,0.0,26.31,77.88,19.36,1.83,0.53
2005-06-10,0.19,26.38,82.69,18.63,1.92,0.53
2005-06-11,4.69,26.39,84.4,18.62,1.9,0.53
2005-06-12,0.96,26.07,83.08,17.6,2.21,0.53
2005-06-13,0.06,25.83,80.06,19.48,1.95,0.53
2005-06-14,10.26,25.34,83.91,18.26,1.96,0.54
2005-06-15,0.48,25.87,82.67,17.78,1.57,0.55
2005-06-16,0.04,26.3,81.67,16.79,1.23,0.54
2005-06-17,0.0,27.12,79.59,19.06,1.14,0.54
2005-06-18,0.01,27.43,76.78,19.9,0.95,0.53
2005-06-19,0.0,27.34,78.37,19.12,1.11,0.53
2005-06-20,0.18,27.1,79.87,17.78,1.39,0.52
2005-06-21,0.23,26.94,81.15,16.79,1.46,0.52
2005-06-22,0.26,27.11,80.71,18.42,1.36,0.52
2005-06-23,2.69,26.76,82.3,16.65,1.21,0.52
2005-06-24,2.81,26.4,84.19,16.78,1.52,0.52
2005-06-25,0.05,26.52,80.78,19.15,1.44,0.52
2005-06-26,6.52,26.03,84.1,16.9,1.72,0.52
2005-06-27,1.5,25.91,79.23,19.03,1.99,0.53
2005-06-28,0.01,26.13,77.05,18.8,1.6,0.52
2005-06-29,0.0,25.73,77.15,19.38,1.94,0.52
2005-06-30,0.0,25.37,76.65,19.62,2.24,0.52
2005-07-01,0.0,24.6,74.99,20.15,2.39,0.51
2005-07-02,0.01,24.83,69.47,20.66,2.61,0.51
2005-07-03,0.08,25.67,74.94,18.97,2.18,0.5
2005-07-04,0.34,25.34,81.07,18.21,2.25,0.5
2005-07-05,8.44,25.43,81.83,17.23,1.91,0.51
2005-07-06,0.49,26.17,77.79,20.07,1.79,0.52
2005-07-07,10.04,25.83,86.19,14.35,1.98,0.52
2005-07-08,4.7,26.08,85.35,16.67,1.5,0.54
2005-07-09,0.27,26.45,84.69,17.61,1.05,0.54
2005-07-10,0.05,27.16,82.55,19.15,1.04,0.53
2005-07-11,0.0,27.0,78.28,20.1,1.19,0.52
2005-07-12,0.36,26.38,82.8,15.95,1.7,0.52
2005-07-13,0.3,26.71,80.02,17.96,1.54,0.52
2005-07-14,0.08,26.35,79.72,17.63,2.25,0.51
2005-07-15,0.04,25.96,80.3,18.93,2.29,0.51
2005-07-16,0.11,25.91,79.27,18.59,2.12,0.5
2005-07-17,0.05,25.9,76.02,19.09,2.14,0.5
2005-07-18,0.02,25.57,76.25,19.38,2.31,0.5
2005-07-19,0.05,25.66,74.7,19.92,2.48,0.49
2005-07-20,0.0,25.58,69.66,20.56,2.69,0.49
2005-07-21,0.24,24.91,75.77,19.06,2.76,0.49
2005-07-22,0.01,24.48,70.65,19.65,2.34,0.48
2005-07-23,0.15,24.55,72.11,19.41,2.42,0.48
2005-07-24,0.09,24.58,70.36,19.17,2.46,0.48
2005-07-25,0.01,24.64,73.49,19.79,2.19,0.48
2005-07-26,0.01,24.99,77.74,19.84,2.11,0.48
2005-07-27,0.06,24.77,76.23,18.76,2.4,0.48
2005-07-28,0.01,24.71,72.89,18.5,2.36,0.48
2005-07-29,0.14,24.48,76.98,18.33,2.05,0.47
2005-07-30,1.8,24.27,78.48,19.04,2.16,0.48
2005-07-31,0.11,24.7,72.02,17.63,2.25,0.48
2005-08-01,0.03,25.44,73.21,19.83,2.0,0.47
2005-08-02,2.6,25.52,78.61,16.8,1.91,0.47
2005-08-03,1.92,25.03,79.59,20.39,2.41,0.48
2005-08-04,0.0,24.42,71.05,21.55,2.58,0.48
2005-08-05,0.0,24.39,65.03,20.63,2.26,0.47
2005-08-06,0.01,24.24,69.94,21.8,1.99,0.47
2005-08-07,0.24,24.04,78.54,17.68,2.05,0.47
2005-08-08,1.49,25.13,75.45,19.47,1.83,0.47
2005-08-09,0.27,25.83,78.03,20.2,1.57,0.47
2005-08-10,0.11,26.34,76.68,20.59,1.54,0.47
2005-08-11,1.21,25.75,77.79,19.95,2.19,0.47
2005-08-12,0.26,25.37,73.37,20.42,2.28,0.47
2005-08-13,0.0,25.48,68.96,20.96,2.1,0.46
2005-08-14,0.0,25.24,70.45,21.37,1.9,0.46
2005-08-15,0.0,25.61,74.42,19.88,1.7,0.46
2005-08-16,2.3,26.13,75.73,21.37,1.41,0.46
2005-08-17,1.82,26.23,77.24,19.03,1.7,0.46
2005-08-18,0.66,25.51,78.73,20.47,2.42,0.46
2005-08-19,0.07,25.35,75.63,19.42,2.51,0.46
2005-08-20,0.06,24.97,79.94,19.78,2.54,0.46
2005-08-21,0.01,24.91,77.58,20.62,2.2,0.46
2005-08-22,0.06,25.31,73.78,21.4,1.87,0.46
2005-08-23,0.15,24.84,78.47,17.64,1.97,0.46
2005-08-24,0.0,25.05,76.93,19.13,1.52,0.46
2005-08-25,0.26,24.56,79.24,18.31,1.89,0.46
2005-08-26,0.07,24.55,78.57,18.77,2.0,0.46
2005-08-27,0.04,24.83,77.62,20.29,2.36,0.46
2005-08-28,0.61,25.28,78.57,19.5,2.38,0.46
2005-08-29,0.23,25.68,77.67,20.53,2.28,0.46
2005-08-30,0.02,25.44,75.52,22.23,2.4,0.45
2005-08-31,0.21,25.66,75.61,22.89,2.26,0.45
2005-09-01,0.01,26.17,73.76,22.12,2.4,0.45
2005-09-02,0.01,25.99,73.47,22.22,2.48,0.45
2005-09-03,0.01,25.66,70.4,23.79,2.33,0.45
2005-09-04,0.03,25.42,70.68,23.21,2.15,0.45
2005-09-05,0.02,25.94,72.11,23.49,1.82,0.45
2005-09-06,0.09,26.26,77.02,20.9,1.89,0.45
2005-09-07,0.08,26.46,75.9,22.41,1.98,0.45
2005-09-08,0.09,25.97,76.39,22.97,2.24,0.45
2005-09-09,0.15,25.97,74.77,20.17,2.09,0.44
2005-09-10,0.02,25.78,75.32,22.06,1.81,0.44
2005-09-11,0.0,25.85,74.5,22.34,1.77,0.44
2005-09-12,0.0,25.81,73.23,22.91,1.63,0.44
2005-09-13,0.0,26.09,70.85,22.16,1.69,0.44
2005-09-14,0.02,25.98,74.43,23.55,1.83,0.44
2005-09-15,0.06,25.98,75.31,23.84,1.86,0.44
2005-09-16,0.05,26.35,75.38,19.48,1.89,0.44
2005-09-17,0.05,26.7,75.82,23.4,1.83,0.44
2005-09-18,0.06,26.59,75.42,23.31,2.07,0.44
2005-09-19,0.06,27.23,74.15,23.75,1.54,0.44
2005-09-20,0.2,26.76,76.81,20.85,1.6,0.44
2005-09-21,4.39,26.72,78.44,22.17,2.09,0.44
2005-09-22,6.16,27.04,76.53,23.32,2.09,0.46
2005-09-23,0.06,26.81,77.05,23.72,2.26,0.45
2005-09-24,3.03,26.89,76.97,22.69,1.91,0.45
2005-09-25,3.27,26.63,78.75,22.69,2.16,0.46
2005-09-26,0.1,26.8,74.84,22.43,2.27,0.46
2005-09-27,1.26,26.62,76.36,22.2,2.08,0.46
2005-09-28,0.27,26.79,74.92,22.77,2.07,0.45
2005-09-29,0.34,26.49,75.97,23.39,2.0,0.45
2005-09-30,0.33,26.49,73.85,23.37,2.03,0.45
2005-10-01,0.62,26.7,74.33,23.66,2.14,0.45
2005-10-02,0.19,27.17,72.55,24.56,1.85,0.45
2005-10-03,0.02,26.92,74.85,23.35,2.25,0.45
2005-10-04,0.03,26.7,75.68,23.59,2.3,0.44
2005-10-05,0.14,26.94,75.64,24.08,2.1,0.44
2005-10-06,0.1,27.36,76.03,21.66,2.01,0.44
2005-10-07,0.06,27.4,73.57,21.38,1.9,0.44
2005-10-08,0.0,26.92,71.5,26.17,1.54,0.44
2005-10-09,1.48,27.37,69.61,24.0,1.2,0.44
2005-10-10,0.64,28.29,73.1,23.28,1.52,0.44
2005-10-11,21.96,27.59,78.83,19.69,1.83,0.46
2005-10-12,5.09,27.82,78.87,22.76,1.56,0.49
2005-10-13,0.05,27.86,76.98,23.15,1.74,0.48
2005-10-14,0.4,27.76,75.76,22.96,1.81,0.47
2005-10-15,6.64,26.77,82.09,20.06,1.83,0.48
2005-10-16,7.19,26.73,84.24,20.74,1.66,0.49
2005-10-17,11.76,25.92,90.28,17.9,1.99,0.5
2005-10-18,3.82,25.62,90.27,16.82,2.44,0.51
2005-10-19,10.87,26.2,84.63,14.35,1.84,0.52
2005-10-20,1.76,26.16,81.88,19.06,1.8,0.52
2005-10-21,0.28,26.85,78.19,20.07,2.07,0.51
2005-10-22,26.9,27.04,80.86,20.92,1.81,0.52
2005-10-23,18.45,27.14,84.74,22.24,1.7,0.57
2005-10-24,16.17,27.28,83.99,23.06,1.71,0.59
2005-10-25,2.49,26.92,81.69,22.25,2.02,0.58
2005-10-26,1.37,26.83,81.06,21.8,1.78,0.57
2005-10-27,0.26,27.0,78.46,22.06,1.96,0.55
2005-10-28,0.16,26.79,78.0,21.79,2.28,0.54
2005-10-29,0.24,26.73,77.59,22.02,2.16,0.52
2005-10-30,0.27,27.61,76.69,22.13,1.74,0.52
2005-10-31,0.37,27.5,78.69,22.78,1.79,0.51
2005-11-01,1.78,27.48,77.21,21.48,1.72,0.5
2005-11-02,0.13,27.74,74.22,24.45,1.48,0.5
2005-11-03,0.0,28.11,71.75,25.95,1.29,0.49
2005-11-04,0.0,28.21,68.99,26.25,1.47,0.48
2005-11-05,0.04,27.81,73.64,23.98,1.6,0.48
2005-11-06,0.16,28.52,72.26,23.47,1.69,0.47
2005-11-07,0.0,28.1,70.72,24.66,1.89,0.47
2005-11-08,0.08,27.86,71.38,25.25,1.94,0.47
2005-11-09,0.02,27.71,71.03,24.16,1.81,0.46
2005-11-10,0.0,27.7,72.18,23.59,1.75,0.46
2005-11-11,0.1,27.79,73.58,22.43,1.75,0.46
2005-11-12,0.0,27.68,71.73,25.43,1.73,0.46
2005-11-13,0.0,27.43,71.77,23.72,1.74,0.45
2005-11-14,0.01,27.34,71.78,23.92,1.75,0.45
2005-11-15,0.24,27.53,71.72,23.76,1.83,0.45
2005-11-16,2.75,27.76,76.77,22.86,2.05,0.45
2005-11-17,12.21,27.87,79.67,22.68,2.04,0.46
2005-11-18,24.57,27.37,83.95,20.93,1.69,0.5
2005-11-19,13.31,27.18,82.91,20.01,1.37,0.54
2005-11-20,18.21,26.83,84.36,17.34,1.5,0.56
2005-11-21,10.03,26.75,81.96,15.7,1.46,0.58
2005-11-22,36.03,26.22,87.02,16.29,2.05,0.6
2005-11-23,11.62,26.96,78.46,20.33,1.78,0.63
2005-11-24,0.0,27.27,74.18,26.56,1.6,0.62
2005-11-25,0.0,27.4,72.56,26.7,1.58,0.59
2005-11-26,0.01,27.06,76.4,25.11,1.68,0.57
2005-11-27,0.04,27.36,75.54,24.07,1.49,0.55
2005-11-28,14.19,26.5,83.98,19.41,1.78,0.56
2005-11-29,11.66,25.76,88.44,14.09,2.2,0.58
2005-11-30,6.57,26.2,86.39,20.77,1.43,0.59
2005-12-01,2.89,27.03,81.38,13.92,0.98,0.58
2005-12-02,5.07,26.23,87.63,13.4,1.34,0.57
2005-12-03,2.41,27.01,80.02,21.48,1.01,0.57
2005-12-04,2.32,27.23,80.75,18.13,0.97,0.57
2005-12-05,1.33,27.86,79.39,21.43,0.86,0.56
2005-12-06,2.3,27.16,85.07,20.11,1.33,0.56
2005-12-07,7.29,26.18,88.95,17.46,2.36,0.56
2005-12-08,1.29,26.79,85.87,21.21,1.87,0.56
2005-12-09,5.85,27.21,84.77,20.11,1.63,0.56
2005-12-10,5.85,26.87,85.43,19.02,1.43,0.57
2005-12-11,9.51,26.85,89.68,13.69,1.8,0.58
2005-12-12,11.64,26.42,87.5,16.71,1.9,0.59
2005-12-13,4.56,26.96,83.85,12.58,1.78,0.59
2005-12-14,7.87,27.23,82.84,12.86,1.62,0.59
2005-12-15,12.6,27.34,85.8,9.19,1.99,0.6
2005-12-16,7.52,27.26,84.78,10.71,1.17,0.61
2005-12-17,6.52,27.29,85.99,16.41,1.57,0.61
2005-12-18,8.61,27.73,81.77,18.49,1.01,0.61
2005-12-19,13.11,26.57,86.98,14.66,1.85,0.62
2005-12-20,7.67,26.46,87.87,14.36,1.78,0.62
2005-12-21,6.73,25.77,90.14,15.5,1.81,0.62
2005-12-22,13.6,26.46,85.39,13.0,1.13,0.63
2005-12-23,4.9,26.51,85.27,21.84,1.37,0.64
2005-12-24,6.9,27.77,80.63,21.31,1.49,0.63
2005-12-25,8.09,27.61,80.98,19.68,1.28,0.63
2005-12-26,4.09,26.76,84.39,16.2,1.6,0.63
2005-12-27,12.98,25.91,89.98,9.94,1.66,0.62
2005-12-28,6.18,25.85,91.47,18.75,1.74,0.64
2005-12-29,9.15,26.03,90.14,11.34,1.81,0.64
2005-12-30,29.86,26.4,90.33,13.24,2.24,0.67
2005-12-31,24.62,26.61,85.51,13.1,2.71,0.71
2006-01-01,8.77,26.24,87.45,13.95,2.37,0.71
2006-01-02,1.22,26.61,81.72,18.47,1.5,0.69
2006-01-03,5.5,26.07,84.3,14.14,1.38,0.67
2006-01-04,5.53,27.03,78.18,15.23,0.85,0.67
2006-01-05,8.1,26.68,83.06,18.2,1.37,0.66
2006-01-06,4.18,26.78,81.51,19.57,1.69,0.66
2006-01-07,4.98,26.59,82.34,18.0,1.4,0.65
2006-01-08,2.48,26.13,82.59,17.95,1.06,0.65
2006-01-09,2.97,26.24,86.1,10.85,1.29,0.64
2006-01-10,2.75,26.33,85.01,20.02,1.1,0.64
2006-01-11,4.21,26.55,86.01,21.7,1.36,0.64
2006-01-12,3.18,26.91,81.55,21.34,1.64,0.64
2006-01-13,0.58,26.76,81.88,22.29,1.83,0.64
2006-01-14,1.81,26.68,85.08,16.9,2.17,0.63
2006-01-15,6.36,26.08,89.73,15.26,2.17,0.63
2006-01-16,11.65,26.44,86.67,11.52,2.62,0.65
2006-01-17,12.7,26.29,89.06,14.18,2.81,0.66
2006-01-18,8.38,26.23,88.93,13.01,3.33,0.67
2006-01-19,5.88,26.14,82.87,13.18,3.84,0.67
2006-01-20,11.56,26.73,84.97,18.1,3.22,0.66
2006-01-21,21.57,26.45,89.44,9.33,2.71,0.69
2006-01-22,16.65,26.3,90.57,12.92,2.05,0.71
2006-01-23,4.55,26.32,91.01,15.2,1.94,0.71
2006-01-24,10.24,26.14,89.99,17.59,2.07,0.7
2006-01-25,10.69,25.78,89.74,13.56,2.25,0.7
2006-01-26,7.71,25.96,87.01,10.78,2.48,0.7
2006-01-27,10.93,26.11,87.62,13.69,1.94,0.7
2006-01-28,10.8,25.72,91.34,9.96,1.9,0.71
2006-01-29,3.19,25.69,90.85,20.08,1.97,0.71
2006-01-30,3.93,26.2,88.43,19.67,1.86,0.7
2006-01-31,14.2,26.06,90.45,15.45,2.33,0.71
2006-02-01,6.95,26.07,89.28,17.52,2.52,0.71
2006-02-02,19.51,26.07,87.48,14.32,2.4,0.72
2006-02-03,7.7,26.06,84.02,15.45,2.13,0.72
2006-02-04,0.8,25.96,79.64,18.57,1.72,0.71
2006-02-05,0.92,26.0,80.51,23.03,1.64,0.7
2006-02-06,0.02,26.31,80.58,21.27,1.53,0.69
2006-02-07,0.02,26.28,76.11,24.54,1.51,0.68
2006-02-08,0.0,26.54,75.62,25.17,1.33,0.67
2006-02-09,0.01,27.08,76.36,25.48,1.33,0.66
2006-02-10,0.02,27.02,73.86,26.13,1.24,0.66
2006-02-11,0.0,26.87,74.54,26.41,1.3,0.65
2006-02-12,0.0,26.84,76.18,26.01,1.43,0.65
2006-02-13,0.03,27.22,77.5,25.05,1.39,0.64
2006-02-14,14.04,27.18,81.07,22.08,1.23,0.65
2006-02-15,22.35,26.82,86.23,21.03,1.29,0.69
2006-02-16,5.71,27.7,81.8,22.35,0.81,0.7
2006-02-17,19.19,27.02,85.54,17.36,1.11,0.71
2006-02-18,5.47,26.39,89.04,18.21,1.51,0.72
2006-02-19,4.9,26.0,92.73,14.86,1.69,0.71
2006-02-20,12.43,25.78,90.52,16.23,1.28,0.72
2006-02-21,5.03,26.5,85.21,17.66,1.26,0.72
2006-02-22,4.18,26.66,84.08,18.12,1.3,0.71
2006-02-23,7.01,25.98,91.79,16.92,1.96,0.71
2006-02-24,9.66,26.33,90.07,15.34,1.53,0.71
2006-02-25,48.13,26.42,91.94,8.53,1.65,0.75
2006-02-26,23.75,26.51,89.69,18.49,1.86,0.8
2006-02-27,6.26,26.28,89.84,12.07,1.62,0.79
2006-02-28,10.36,26.26,88.68,18.34,1.34,0.77
2006-03-01,10.11,26.31,86.57,11.72,1.5,0.77
2006-03-02,10.83,25.31,90.1,13.2,1.66,0.76
2006-03-03,7.1,25.04,87.9,11.53,1.67,0.76
2006-03-04,16.06,25.07,88.04,13.4,2.05,0.77
2006-03-05,15.89,25.49,88.68,10.22,1.84,0.78
2006-03-06,24.64,25.33,92.82,11.83,2.31,0.79
2006-03-07,5.46,25.01,90.88,20.42,1.93,0.8
2006-03-08,8.87,25.73,86.83,21.05,1.76,0.78
2006-03-09,1.77,26.18,85.14,22.83,1.94,0.78
2006-03-10,0.14,26.05,83.54,21.83,1.88,0.77
2006-03-11,0.12,26.56,81.97,21.16,1.76,0.76
2006-03-12,0.05,26.54,81.23,23.16,1.65,0.75
2006-03-13,0.04,26.46,81.15,21.52,1.51,0.74
2006-03-14,5.78,26.61,80.97,20.89,1.26,0.74
2006-03-15,3.24,26.76,83.65,17.56,1.38,0.74
2006-03-16,2.31,26.53,85.44,15.56,1.29,0.74
2006-03-17,1.42,26.65,83.12,19.48,1.43,0.74
2006-03-18,1.0,26.25,85.53,16.34,1.45,0.74
2006-03-19,21.42,25.87,90.83,15.23,2.05,0.75
2006-03-20,15.15,25.99,92.7,7.99,1.96,0.78
2006-03-21,22.52,26.14,89.55,9.59,1.96,0.79
2006-03-22,16.95,26.21,91.05,5.5,1.78,0.8
2006-03-23,2.68,27.09,85.48,18.8,1.42,0.8
2006-03-24,3.49,27.02,86.53,22.93,1.2,0.78
2006-03-25,1.45,27.14,84.69,19.55,1.08,0.78
2006-03-26,0.63,27.58,82.85,20.48,1.12,0.77
2006-03-27,1.31,26.65,88.02,16.32,1.31,0.77
2006-03-28,16.84,26.28,88.38,14.62,1.59,0.78
2006-03-29,14.97,25.53,91.52,12.09,2.18,0.8
2006-03-30,24.31,25.81,90.94,9.61,2.1,0.81
2006-03-31,14.22,25.41,90.09,12.32,1.93,0.82
2006-04-01,21.2,25.53,90.93,10.69,2.24,0.84
2006-04-02,6.11,25.68,89.43,12.15,2.49,0.83
2006-04-03,1.46,26.01,90.38,14.09,1.93,0.82
2006-04-04,2.76,26.47,88.49,16.03,2.16,0.82
2006-04-05,10.94,25.94,86.27,15.98,2.02,0.82
2006-04-06,7.0,26.24,89.03,16.77,1.75,0.82
2006-04-07,1.25,26.31,85.24,21.45,1.69,0.82
2006-04-08,1.18,26.29,87.01,18.18,1.42,0.81
2006-04-09,0.44,25.94,87.25,19.03,1.22,0.81
2006-04-10,1.15,26.29,83.89,19.71,0.81,0.8
2006-04-11,6.31,26.63,84.91,20.94,1.04,0.8
2006-04-12,6.61,26.57,87.54,19.72,1.23,0.81
2006-04-13,0.9,26.43,89.43,19.59,1.58,0.81
2006-04-14,0.61,26.75,85.32,21.35,1.9,0.8
2006-04-15,17.65,26.66,85.46,20.01,1.7,0.8
2006-04-16,5.74,27.13,82.12,19.81,1.04,0.82
2006-04-17,0.57,27.53,80.16,21.08,1.0,0.81
2006-04-18,4.36,27.01,83.34,20.08,1.41,0.8
2006-04-19,3.77,26.7,87.88,18.86,1.61,0.8
2006-04-20,20.64,26.49,89.51,12.91,1.65,0.81
2006-04-21,6.54,26.87,84.86,19.12,1.36,0.82
2006-04-22,1.56,26.57,85.65,16.47,1.63,0.82
2006-04-23,2.56,26.38,85.6,19.0,1.71,0.81
2006-04-24,0.18,26.58,82.18,19.43,2.09,0.8
2006-04-25,22.92,26.28,80.93,21.5,1.72,0.8
2006-04-26,0.86,26.18,80.81,20.95,1.54,0.82
2006-04-27,0.58,26.35,80.04,20.61,1.45,0.8
2006-04-28,6.0,26.03,82.28,19.44,1.4,0.8
2006-04-29,1.96,26.2,84.31,19.23,1.51,0.8
2006-04-30,0.44,26.58,83.47,19.25,1.64,0.79
2006-05-01,4.11,26.39,85.1,20.15,1.77,0.79
2006-05-02,0.7,26.56,83.71,20.13,1.61,0.78
2006-05-03,7.63,26.55,82.85,20.52,1.53,0.78
2006-05-04,4.27,26.48,80.65,19.42,1.01,0.79
2006-05-05,0.24,26.75,81.84,19.67,1.37,0.78
2006-05-06,6.89,26.08,87.94,18.96,1.71,0.78
2006-05-07,12.96,25.55,87.36,14.56,2.06,0.79
2006-05-08,2.59,25.48,87.67,15.24,2.06,0.79
2006-05-09,20.8,25.69,85.99,18.91,2.06,0.8
2006-05-10,4.26,25.75,83.94,19.26,2.25,0.81
2006-05-11,0.09,25.69,80.88,20.59,2.25,0.79
2006-05-12,0.1,25.19,77.95,20.29,2.12,0.78
2006-05-13,0.13,25.23,80.99,21.01,1.77,0.77
2006-05-14,1.42,25.7,80.24,20.33,1.63,0.77
2006-05-15,1.33,25.82,81.37,20.2,2.01,0.77
2006-05-16,0.05,25.81,79.98,21.23,2.07,0.76
2006-05-17,0.1,26.15,81.66,19.85,2.11,0.75
2006-05-18,0.15,26.08,84.0,18.38,2.19,0.75
2006-05-19,0.06,25.83,82.89,17.28,2.24,0.74
2006-05-20,0.38,25.43,85.4,17.01,2.03,0.74
2006-05-21,0.19,25.93,84.09,19.89,1.79,0.74
2006-05-22,5.11,25.96,86.63,16.96,1.75,0.73
2006-05-23,2.45,25.53,88.31,9.05,1.45,0.74
2006-05-24,0.68,25.48,88.48,12.32,1.28,0.74
2006-05-25,2.93,26.23,87.08,16.0,0.98,0.74
2006-05-26,2.86,26.37,89.45,13.86,1.32,0.74
2006-05-27,1.61,26.22,89.57,15.81,1.7,0.74
2006-05-28,0.3,26.15,83.0,18.99,2.09,0.73
2006-05-29,0.09,25.86,82.39,19.12,1.91,0.73
2006-05-30,0.01,25.53,82.69,19.43,2.03,0.72
2006-05-31,0.05,25.33,82.25,19.41,1.94,0.72
2006-06-01,0.21,25.32,82.52,19.71,1.65,0.71
2006-06-02,0.03,25.23,82.02,19.16,1.64,0.71
2006-06-03,0.02,25.39,82.3,19.38,1.61,0.71
2006-06-04,0.06,25.45,83.57,18.17,1.9,0.7
2006-06-05,0.28,25.32,83.47,19.29,2.23,0.7
2006-06-06,0.09,25.32,82.54,18.08,2.15,0.7
2006-06-07,0.18,24.78,81.43,19.91,2.55,0.69
2006-06-08,0.41,24.38,81.67,18.55,2.38,0.69
2006-06-09,0.26,23.83,80.78,17.95,2.49,0.68
2006-06-10,0.14,23.76,80.22,17.36,2.34,0.68
2006-06-11,0.68,24.05,82.13,18.51,2.23,0.68
2006-06-12,0.7,24.21,84.86,15.83,2.4,0.68
2006-06-13,0.03,24.28,83.62,17.24,2.35,0.68
2006-06-14,0.09,24.11,82.32,18.22,2.19,0.67
2006-06-15,0.28,23.77,81.26,18.75,2.4,0.67
2006-06-16,0.09,24.3,82.5,19.2,2.05,0.67
2006-06-17,0.16,24.61,85.99,15.97,2.49,0.67
2006-06-18,0.73,24.44,85.72,14.56,2.28,0.66
2006-06-19,1.06,24.78,87.14,12.86,2.53,0.66
2006-06-20,0.21,24.68,87.03,14.75,2.5,0.66
2006-06-21,0.14,24.57,84.55,14.19,2.52,0.66
2006-06-22,0.0,23.78,80.54,18.15,2.34,0.66
2006-06-23,0.02,23.33,80.67,17.96,2.28,0.66
2006-06-24,0.08,23.75,80.91,18.31,2.07,0.65
2006-06-25,0.04,24.11,85.24,17.61,2.12,0.65
2006-06-26,0.17,24.17,83.7,17.58,2.33,0.65
2006-06-27,0.0,23.88,79.11,18.33,2.17,0.65
2006-06-28,0.13,23.51,84.21,18.62,2.04,0.64
2006-06-29,0.79,24.04,85.96,17.05,2.41,0.64
2006-06-30,4.25,23.93,85.19,16.8,2.32,0.64
2006-07-01,6.1,24.24,86.22,16.58,2.27,0.65
2006-07-02,0.29,24.18,84.5,19.53,2.18,0.65
2006-07-03,0.01,23.97,82.84,18.58,2.19,0.65
2006-07-04,0.07,24.0,82.05,18.26,2.27,0.64
2006-07-05,0.18,24.02,83.09,19.38,2.34,0.64
2006-07-06,0.1,23.94,81.87,18.33,2.29,0.63
2006-07-07,0.08,23.68,82.13,18.21,2.01,0.63
2006-07-08,0.01,24.02,82.15,18.26,2.06,0.62
2006-07-09,0.0,24.1,83.36,19.01,2.0,0.62
2006-07-10,0.06,23.99,82.31,18.35,2.12,0.62
2006-07-11,0.01,23.28,79.69,20.05,1.99,0.61
2006-07-12,0.09,22.93,80.06,17.52,1.8,0.61
2006-07-13,0.69,22.23,83.04,15.09,2.45,0.61
2006-07-14,0.12,21.9,79.94,18.44,2.32,0.61
2006-07-15,0.14,22.23,80.0,19.15,2.29,0.6
2006-07-16,0.06,23.07,81.26,15.49,2.08,0.6
2006-07-17,0.01,23.42,81.38,18.82,1.93,0.6
2006-07-18,0.09,24.18,83.32,18.98,1.99,0.6
2006-07-19,0.1,24.28,82.77,18.96,2.1,0.6
2006-07-20,0.01,23.84,81.86,19.49,2.23,0.59
2006-07-21,0.03,23.43,80.39,19.67,2.25,0.59
2006-07-22,0.0,23.29,81.5,20.12,2.19,0.59
2006-07-23,0.04,23.43,82.29,18.51,2.16,0.58
2006-07-24,0.01,24.16,83.12,19.74,1.84,0.58
2006-07-25,0.0,24.06,82.29,18.74,2.04,0.58
2006-07-26,0.58,24.42,85.29,17.31,2.16,0.58
2006-07-27,0.07,24.34,84.07,17.16,2.09,0.58
2006-07-28,0.0,24.24,81.81,18.54,2.11,0.57
2006-07-29,0.0,23.49,80.35,20.93,2.29,0.57
2006-07-30,0.0,23.48,81.08,21.51,2.26,0.57
2006-07-31,0.12,23.54,81.45,20.36,2.1,0.57
2006-08-01,0.02,23.71,82.48,20.11,1.97,0.56
2006-08-02,0.17,23.74,82.68,22.07,2.25,0.56
2006-08-03,0.0,23.79,79.88,21.84,2.13,0.56
2006-08-04,0.0,23.96,80.1,22.12,2.1,0.55
2006-08-05,0.07,24.06,75.62,21.65,2.56,0.55
2006-08-06,0.0,23.79,68.7,22.02,2.69,0.55
2006-08-07,0.0,23.56,71.68,21.15,2.33,0.54
2006-08-08,0.18,23.16,74.6,18.92,2.51,0.54
2006-08-09,0.06,23.46,73.66,19.81,2.54,0.54
2006-08-10,0.01,23.34,73.84,20.09,2.38,0.54
2006-08-11,0.41,23.65,79.73,20.35,2.36,0.54
2006-08-12,0.28,23.58,78.23,19.92,2.56,0.53
2006-08-13,0.12,23.42,79.64,20.27,2.29,0.53
2006-08-14,0.02,23.64,81.17,20.68,2.14,0.53
2006-08-15,0.09,24.17,81.02,20.3,1.9,0.53
2006-08-16,0.05,24.48,81.87,20.56,1.97,0.53
2006-08-17,0.04,25.03,81.38,20.85,1.71,0.53
2006-08-18,0.11,25.15,83.31,19.8,2.07,0.53
2006-08-19,0.0,24.86,81.93,20.03,2.17,0.52
2006-08-20,0.0,24.27,79.37,20.0,2.4,0.52
2006-08-21,0.29,24.23,76.62,20.94,2.19,0.52
2006-08-22,0.02,24.21,79.43,21.54,2.28,0.52
2006-08-23,0.01,24.09,77.74,21.92,2.21,0.52
2006-08-24,0.11,24.22,78.08,23.46,2.24,0.51
2006-08-25,0.0,23.78,77.45,22.72,2.32,0.51
2006-08-26,0.0,23.7,74.18,22.48,2.14,0.51
2006-08-27,0.0,22.84,76.62,22.98,2.29,0.51
2006-08-28,0.0,23.51,77.25,22.4,1.92,0.51
2006-08-29,0.01,24.3,77.98,22.06,1.84,0.51
2006-08-30,0.0,24.8,78.54,23.48,1.7,0.5
2006-08-31,0.0,24.51,78.76,23.48,2.22,0.5
2006-09-01,0.0,23.87,73.43,23.65,2.29,0.5
2006-09-02,0.0,23.58,72.28,23.55,2.02,0.5
2006-09-03,0.11,23.49,73.2,23.49,1.8,0.5
2006-09-04,0.01,23.63,76.29,23.85,1.8,0.49
2006-09-05,0.0,23.91,76.98,22.85,1.72,0.49
2006-09-06,0.0,24.28,77.75,22.88,1.76,0.49
2006-09-07,0.0,24.69,76.22,24.47,1.59,0.49
2006-09-08,0.0,25.33,79.43,23.28,1.69,0.49
2006-09-09,0.02,26.2,77.15,23.79,1.6,0.49
2006-09-10,0.05,25.43,79.36,23.11,2.1,0.49
2006-09-11,0.0,25.48,75.73,22.75,1.64,0.48
2006-09-12,0.01,25.08,79.87,22.83,1.91,0.48
2006-09-13,0.07,24.84,77.23,22.62,2.19,0.48
2006-09-14,0.05,24.75,77.99,22.03,2.01,0.48
2006-09-15,0.01,24.48,78.4,23.01,2.11,0.48
2006-09-16,0.0,24.79,78.89,23.81,2.05,0.48
2006-09-17,0.0,24.69,78.4,25.19,2.08,0.48
2006-09-18,0.17,24.68,79.3,24.19,1.99,0.48
2006-09-19,0.0,25.0,75.98,23.0,1.97,0.48
2006-09-20,0.0,24.99,75.6,24.89,2.02,0.47
2006-09-21,0.0,24.77,75.91,24.78,1.69,0.47
2006-09-22,0.0,24.27,76.01,25.28,1.76,0.47
2006-09-23,0.03,24.43,78.5,23.71,1.81,0.47
2006-09-24,0.02,24.85,76.16,24.76,1.77,0.47
2006-09-25,0.0,24.75,76.53,24.48,1.89,0.47
2006-09-26,0.0,24.88,76.63,25.25,1.67,0.47
2006-09-27,0.04,25.48,74.81,24.52,1.79,0.47
2006-09-28,0.33,25.88,76.51,22.8,1.8,0.46
2006-09-29,0.0,26.27,74.9,25.99,1.65,0.46
2006-09-30,0.0,25.92,75.44,26.61,1.98,0.46
2006-10-01,1.77,25.87,78.98,21.1,1.67,0.46
2006-10-02,1.4,26.45,75.76,24.47,1.68,0.46
2006-10-03,0.02,26.14,74.74,24.82,1.89,0.46
2006-10-04,0.02,26.14,76.21,24.93,1.98,0.46
2006-10-05,0.01,26.65,74.16,25.02,1.79,0.46
2006-10-06,0.08,26.72,72.83,24.66,1.77,0.46
2006-10-07,2.51,26.2,75.36,20.44,2.2,0.46
2006-10-08,2.97,26.61,73.02,24.3,1.84,0.46
2006-10-09,0.04,26.2,73.39,24.29,2.07,0.46
2006-10-10,0.0,26.24,71.91,25.7,1.74,0.46
2006-10-11,0.09,26.28,72.99,24.94,1.54,0.46
2006-10-12,0.12,25.97,75.28,25.42,2.06,0.46
2006-10-13,0.08,26.11,73.32,23.16,2.13,0.46
2006-10-14,0.48,26.56,75.64,23.0,1.5,0.46
2006-10-15,1.62,26.66,76.62,23.18,1.66,0.46
2006-10-16,0.81,26.89,74.45,24.81,1.7,0.46
2006-10-17,0.03,26.92,74.09,24.82,1.69,0.46
2006-10-18,0.01,27.11,72.0,24.21,1.68,0.45
2006-10-19,0.0,26.82,73.03,25.1,1.89,0.45
2006-10-20,0.0,26.85,74.3,25.92,1.95,0.45
2006-10-21,0.0,27.25,71.75,24.95,1.67,0.45
2006-10-22,0.0,27.41,71.28,26.7,1.39,0.45
2006-10-23,0.18,27.67,71.66,26.01,1.56,0.45
2006-10-24,0.05,27.21,74.79,23.43,1.9,0.44
2006-10-25,0.08,27.08,72.25,24.76,1.62,0.44
2006-10-26,0.0,27.19,73.3,25.69,1.57,0.44
2006-10-27,0.0,27.2,72.11,25.86,1.56,0.44
2006-10-28,0.0,27.08,73.24,25.86,1.61,0.44
2006-10-29,0.07,26.84,74.2,25.05,1.87,0.44
2006-10-30,0.04,26.89,70.68,23.31,1.79,0.44
2006-10-31,0.02,27.12,71.64,25.0,1.44,0.44
2006-11-01,0.0,27.14,73.03,23.1,1.44,0.44
2006-11-02,0.07,27.47,71.21,22.32,1.6,0.44
2006-11-03,0.0,27.39,72.98,25.27,1.87,0.44
2006-11-04,9.28,27.27,77.96,23.88,1.98,0.44
2006-11-05,11.88,27.15,80.65,23.2,1.71,0.47
2006-11-06,4.79,27.08,80.02,21.88,1.81,0.48
2006-11-07,0.38,27.39,77.3,23.1,1.83,0.48
2006-11-08,0.05,28.25,74.56,23.81,1.36,0.47
2006-11-09,0.12,28.49,75.07,25.97,1.52,0.47
2006-11-10,0.05,28.22,75.01,24.85,1.74,0.46
2006-11-11,0.02,28.12,74.15,25.75,1.45,0.46
2006-11-12,0.04,28.0,74.4,25.4,1.49,0.46
2006-11-13,4.05,27.73,74.22,24.17,1.38,0.46
2006-11-14,2.92,27.96,73.17,24.26,1.45,0.46
2006-11-15,4.0,27.79,75.76,23.76,1.83,0.47
2006-11-16,0.03,27.96,73.37,24.46,1.62,0.46
2006-11-17,0.08,28.56,70.18,24.19,1.41,0.46
2006-11-18,1.74,28.82,70.64,23.6,1.08,0.46
2006-11-19,1.56,28.45,76.42,25.16,1.87,0.46
2006-11-20,3.49,28.61,75.82,23.9,1.89,0.46
2006-11-21,2.16,28.26,75.94,24.47,1.66,0.46
2006-11-22,0.78,28.44,72.96,23.1,1.37,0.46
2006-11-23,6.49,28.32,72.98,23.71,1.65,0.46
2006-11-24,1.58,28.27,73.72,25.11,1.45,0.47
2006-11-25,0.03,28.39,70.35,24.45,1.52,0.46
2006-11-26,0.01,28.33,71.73,25.32,1.41,0.46
2006-11-27,0.0,28.81,64.6,25.3,1.04,0.46
2006-11-28,0.02,28.6,66.97,25.28,0.94,0.45
2006-11-29,0.17,27.87,73.45,23.39,1.69,0.45
2006-11-30,0.3,27.83,75.0,24.82,1.78,0.45
2006-12-01,0.09,28.25,71.48,24.6,1.97,0.45
2006-12-02,5.24,27.69,76.07,19.89,1.72,0.44
2006-12-03,4.08,28.23,74.96,23.05,1.54,0.46
2006-12-04,1.88,28.87,72.68,22.59,1.45,0.46
2006-12-05,3.6,28.82,71.16,21.22,1.26,0.46
2006-12-06,3.56,28.32,74.35,23.11,1.49,0.46
2006-12-07,5.54,28.26,76.67,23.68,1.49,0.46
2006-12-08,6.38,28.16,78.49,22.13,1.75,0.47
2006-12-09,1.29,27.95,78.34,23.37,1.96,0.48
2006-12-10,0.44,28.23,74.05,23.82,2.01,0.47
2006-12-11,1.37,28.28,77.06,18.56,1.93,0.47
2006-12-12,37.35,27.83,81.22,19.22,1.16,0.5
2006-12-13,16.81,27.44,84.8,23.25,1.01,0.57
2006-12-14,2.11,27.83,74.02,19.23,1.17,0.56
2006-12-15,9.05,27.52,78.9,24.3,1.7,0.55
2006-12-16,22.41,27.76,81.37,20.84,1.35,0.58
2006-12-17,2.69,27.97,80.66,21.14,1.14,0.58
2006-12-18,0.64,28.31,79.51,20.88,0.93,0.57
2006-12-19,3.45,27.97,83.32,23.69,1.11,0.56
2006-12-20,3.21,28.12,83.27,19.85,1.2,0.55
2006-12-21,3.41,27.06,84.09,19.1,1.27,0.55
2006-12-22,10.51,27.93,78.42,22.14,1.36,0.55
2006-12-23,25.96,28.17,79.08,19.52,1.48,0.58
2006-12-24,6.47,28.32,78.72,19.09,1.15,0.59
2006-12-25,19.2,27.63,83.37,17.94,1.18,0.59
2006-12-26,16.26,26.6,88.41,17.14,1.12,0.63
2006-12-27,3.12,27.42,81.76,16.62,1.25,0.62
2006-12-28,5.12,26.87,86.45,14.22,1.1,0.61
2006-12-29,52.84,27.31,86.17,14.98,1.47,0.63
2006-12-30,35.79,26.59,89.84,7.67,2.35,0.74
2006-12-31,6.13,26.9,87.2,7.67,2.52,0.73
2007-01-01,7.35,27.08,85.23,9.83,3.39,0.7
2007-01-02,22.84,26.84,87.22,15.54,2.48,0.69
2007-01-03,9.57,26.15,87.37,11.67,3.04,0.71
2007-01-04,0.03,26.31,81.7,22.97,2.53,0.68
2007-01-05,0.23,26.06,80.03,20.61,2.03,0.65
2007-01-06,0.04,25.69,79.45,24.62,1.75,0.63
2007-01-07,0.53,26.08,80.17,20.73,1.74,0.61
2007-01-08,1.21,26.34,82.43,22.43,1.81,0.6
2007-01-09,0.92,26.58,83.33,22.27,2.03,0.59
2007-01-10,3.56,26.57,85.57,22.18,2.24,0.59
2007-01-11,0.22,26.9,79.3,26.2,1.96,0.58
2007-01-12,0.12,26.58,80.63,25.83,2.11,0.58
2007-01-13,0.32,26.83,81.43,25.52,2.25,0.57
2007-01-14,0.38,27.06,79.53,23.68,2.21,0.56
2007-01-15,0.33,27.09,80.39,20.93,2.32,0.55
2007-01-16,0.0,27.13,78.97,23.36,2.11,0.55
2007-01-17,0.01,27.26,78.43,25.12,1.88,0.54
2007-01-18,0.37,27.42,78.7,23.72,1.71,0.54
2007-01-19,0.79,27.58,78.64,18.37,1.46,0.54
2007-01-20,0.14,27.34,80.8,22.55,1.14,0.53
2007-01-21,0.56,27.21,83.6,20.28,1.14,0.53
2007-01-22,5.38,26.57,87.37,21.08,1.3,0.54
2007-01-23,0.56,27.24,77.84,23.23,1.68,0.54
2007-01-24,0.18,26.71,77.85,22.95,1.85,0.54
2007-01-25,0.08,27.03,75.88,25.23,1.72,0.53
2007-01-26,0.23,27.4,76.17,26.03,1.59,0.53
2007-01-27,0.46,27.35,73.97,23.82,1.48,0.52
2007-01-28,1.78,27.02,76.4,25.16,1.74,0.52
2007-01-29,1.75,26.96,78.48,23.21,1.84,0.52
2007-01-30,13.22,26.74,80.6,21.32,2.17,0.52
2007-01-31,10.39,26.73,80.87,20.14,1.74,0.55
2007-02-01,0.66,26.98,81.08,20.33,1.79,0.55
2007-02-02,9.42,26.76,82.09,22.01,1.45,0.55
2007-02-03,5.76,26.95,80.97,19.64,1.31,0.57
2007-02-04,1.48,26.98,81.81,21.57,1.54,0.56
2007-02-05,9.7,26.99,83.18,22.75,1.49,0.56
2007-02-06,7.54,26.82,86.97,22.84,1.85,0.58
2007-02-07,2.35,27.03,84.25,23.59,2.04,0.58
2007-02-08,0.66,27.38,81.09,13.48,1.55,0.57
2007-02-09,8.48,27.09,82.46,19.94,1.33,0.57
2007-02-10,2.72,26.57,84.33,19.84,1.22,0.58
2007-02-11,5.4,27.44,77.14,25.98,1.13,0.57
2007-02-12,10.02,27.97,77.08,24.72,1.19,0.59
2007-02-13,0.96,28.25,75.65,25.09,1.0,0.58
2007-02-14,0.43,28.12,76.15,23.68,0.84,0.57
2007-02-15,0.44,28.08,74.6,24.41,1.16,0.56
2007-02-16,2.04,27.1,81.67,19.11,1.1,0.56
2007-02-17,12.35,26.36,84.63,18.77,1.11,0.57
2007-02-18,10.59,26.96,83.51,22.57,1.23,0.59
2007-02-19,15.82,27.52,80.12,20.63,1.15,0.6
2007-02-20,6.45,27.57,81.33,22.43,1.2,0.61
2007-02-21,2.07,27.66,80.46,21.0,1.04,0.6
2007-02-22,4.12,26.7,84.42,11.21,1.25,0.6
2007-02-23,4.25,26.13,82.92,18.65,0.81,0.6
2007-02-24,9.87,26.61,83.05,23.51,0.66,0.6
2007-02-25,11.46,26.46,82.58,18.44,1.06,0.62
2007-02-26,3.49,27.13,73.48,21.9,1.06,0.61
2007-02-27,1.53,26.18,83.58,18.9,1.54,0.61
2007-02-28,3.5,26.78,83.29,22.59,0.94,0.6
2007-03-01,28.2,26.71,84.27,19.02,1.22,0.61
2007-03-02,29.11,26.47,87.0,5.45,1.54,0.67
2007-03-03,24.66,26.44,90.8,5.18,1.94,0.7
2007-03-04,16.67,26.22,91.8,13.17,2.02,0.71
2007-03-05,19.8,26.3,93.12,16.96,2.03,0.72
2007-03-06,17.88,26.65,90.75,15.77,2.46,0.74
2007-03-07,23.07,26.82,85.68,8.55,3.22,0.74
2007-03-08,6.02,26.9,85.7,18.57,2.43,0.74
2007-03-09,0.28,27.11,83.37,22.29,2.22,0.71
2007-03-10,0.12,27.13,82.52,22.22,2.02,0.68
2007-03-11,0.04,26.96,82.64,22.7,1.82,0.66
2007-03-12,44.25,27.09,82.98,17.87,1.31,0.68
2007-03-13,13.53,26.68,85.51,17.28,1.68,0.74
2007-03-14,10.03,26.29,87.74,12.22,1.51,0.73
2007-03-15,3.06,26.62,84.49,17.58,1.31,0.72
2007-03-16,5.22,26.02,86.41,20.5,1.43,0.7
2007-03-17,0.46,26.02,83.63,18.53,1.59,0.69
2007-03-18,0.05,26.09,82.47,22.79,1.62,0.68
2007-03-19,0.06,26.95,77.24,22.84,0.92,0.67
2007-03-20,1.25,27.15,81.62,18.14,0.92,0.66
2007-03-21,2.8,26.03,87.53,18.51,1.47,0.66
2007-03-22,2.37,26.23,82.69,11.8,1.08,0.66
2007-03-23,5.81,26.02,86.92,11.48,1.51,0.66
2007-03-24,2.16,26.22,87.75,17.6,1.91,0.66
2007-03-25,12.66,26.09,88.59,6.81,1.46,0.67
2007-03-26,12.87,26.37,89.4,17.65,1.82,0.69
2007-03-27,33.36,26.7,90.62,13.47,1.91,0.72
2007-03-28,23.69,26.83,89.31,6.79,1.81,0.76
2007-03-29,5.56,26.24,88.41,17.75,0.98,0.75
2007-03-30,1.84,26.84,84.0,19.78,1.15,0.73
2007-03-31,1.44,26.67,85.48,21.11,1.16,0.71
2007-04-01,4.74,26.7,86.38,18.99,1.32,0.71
2007-04-02,10.58,26.57,86.35,21.64,1.32,0.7
2007-04-03,8.04,26.64,88.89,17.35,1.52,0.72
2007-04-04,1.61,27.13,82.04,22.06,2.02,0.71
2007-04-05,0.99,27.16,81.81,21.8,1.64,0.7
2007-04-06,0.4,27.32,80.97,21.6,1.37,0.69
2007-04-07,11.84,27.1,83.01,21.62,1.36,0.69
2007-04-08,13.7,26.77,86.44,19.54,1.92,0.71
2007-04-09,3.41,26.34,84.65,21.97,2.01,0.71
2007-04-10,0.15,27.03,79.06,21.24,2.18,0.7
2007-04-11,1.63,27.03,83.04,20.76,1.57,0.69
2007-04-12,2.33,26.92,88.83,20.23,1.42,0.69
2007-04-13,4.42,27.12,87.93,18.84,1.73,0.69
2007-04-14,9.09,26.57,91.65,15.99,2.3,0.7
2007-04-15,4.56,26.71,89.09,12.88,1.43,0.71
2007-04-16,6.95,26.77,89.06,19.65,1.84,0.7
2007-04-17,5.55,26.38,88.59,19.64,1.87,0.71
2007-04-18,13.2,26.87,86.31,20.23,1.59,0.71
2007-04-19,7.65,27.08,87.37,21.59,1.53,0.72
2007-04-20,7.47,26.67,89.51,16.38,1.59,0.72
2007-04-21,6.49,26.33,87.7,11.75,1.27,0.72
2007-04-22,2.38,26.52,83.99,19.44,1.42,0.72
2007-04-23,0.01,26.61,80.21,19.52,1.56,0.71
2007-04-24,7.79,26.84,83.54,16.38,1.53,0.7
2007-04-25,29.87,26.91,87.52,16.36,1.29,0.73
2007-04-26,5.43,26.79,84.93,19.84,1.55,0.75
2007-04-27,0.04,26.22,81.28,21.02,1.98,0.73
2007-04-28,0.17,25.97,81.94,18.84,2.03,0.71
2007-04-29,0.03,26.04,81.6,21.83,1.75,0.71
2007-04-30,0.12,26.1,82.57,20.34,1.94,0.7
2007-05-01,0.31,25.66,83.78,21.38,2.04,0.69
2007-05-02,0.16,26.23,83.04,21.93,2.03,0.68
2007-05-03,0.79,26.31,86.29,20.33,2.01,0.68
2007-05-04,0.16,26.77,85.57,20.68,2.0,0.68
2007-05-05,0.13,26.56,85.15,20.82,2.14,0.67
2007-05-06,0.3,26.2,82.68,19.58,1.93,0.67
2007-05-07,0.11,26.39,82.66,20.13,1.91,0.67
2007-05-08,0.33,26.23,83.5,19.0,2.26,0.66
2007-05-09,5.22,26.31,83.42,19.35,2.29,0.66
2007-05-10,0.0,26.32,80.87,20.78,1.95,0.66
2007-05-11,0.13,26.07,80.93,20.55,1.85,0.66
2007-05-12,0.04,25.53,80.5,19.56,1.92,0.65
2007-05-13,0.0,25.89,79.47,21.08,2.04,0.65
2007-05-14,0.06,25.85,81.16,17.99,1.79,0.65
2007-05-15,0.07,26.1,82.46,13.15,1.48,0.65
2007-05-16,0.15,26.03,83.88,18.56,1.26,0.64
2007-05-17,2.85,25.72,88.01,17.08,1.46,0.65
2007-05-18,0.52,26.46,86.69,17.78,1.37,0.65
2007-05-19,2.38,26.57,86.87,17.95,1.29,0.65
2007-05-20,1.06,26.6,86.5,18.3,1.42,0.65
2007-05-21,0.18,26.61,85.39,19.28,1.61,0.65
2007-05-22,0.08,26.54,83.77,20.06,1.7,0.65
2007-05-23,0.29,26.61,84.42,19.34,1.84,0.64
2007-05-24,0.02,26.04,79.3,20.55,2.22,0.64
2007-05-25,0.03,25.75,80.99,20.4,1.97,0.63
2007-05-26,0.03,26.23,81.96,19.31,1.73,0.62
2007-05-27,6.55,26.51,85.85,17.38,1.46,0.62
2007-05-28,4.62,26.59,87.03,18.7,1.59,0.64
2007-05-29,3.91,26.08,89.92,16.33,1.72,0.64
2007-05-30,4.7,25.88,89.72,15.14,1.88,0.65
2007-05-31,1.87,26.25,87.49,18.58,1.66,0.65
2007-06-01,0.13,26.54,84.6,18.72,1.77,0.65
2007-06-02,5.24,26.35,88.71,17.9,2.01,0.64
2007-06-03,2.56,26.27,88.63,17.15,1.81,0.65
2007-06-04,2.13,26.16,88.81,18.66,1.77,0.65
2007-06-05,2.71,26.56,85.87,18.73,1.86,0.65
2007-06-06,1.05,26.41,84.99,16.93,2.01,0.64
2007-06-07,0.14,26.35,84.32,17.34,2.39,0.63
2007-06-08,0.02,26.04,83.74,17.35,2.41,0.63
2007-06-09,0.03,25.46,79.19,19.59,2.49,0.62
2007-06-10,0.06,24.76,73.42,20.21,2.41,0.61
2007-06-11,0.05,24.62,78.6,19.46,2.21,0.61
2007-06-12,0.22,24.8,82.52,17.68,2.3,0.6
2007-06-13,0.11,25.02,83.18,16.7,2.39,0.6
2007-06-14,0.03,25.18,81.62,17.52,2.46,0.6
2007-06-15,0.07,24.67,81.24,17.71,2.33,0.59
2007-06-16,0.07,24.39,78.99,17.97,2.16,0.59
2007-06-17,0.22,24.01,79.32,19.18,1.95,0.59
2007-06-18,0.03,24.15,81.83,14.87,1.83,0.58
2007-06-19,0.74,24.14,84.9,10.86,1.58,0.58
2007-06-20,0.73,24.75,86.16,10.22,1.53,0.58
2007-06-21,0.39,24.91,85.28,13.86,1.99,0.58
2007-06-22,0.0,24.96,83.95,17.07,1.92,0.58
2007-06-23,0.03,25.14,83.72,19.21,1.93,0.58
2007-06-24,0.01,24.98,82.26,17.38,1.92,0.57
2007-06-25,0.27,25.08,85.17,17.61,1.97,0.57
2007-06-26,0.27,25.46,86.46,17.63,2.23,0.57
2007-06-27,5.5,25.27,87.42,16.59,2.0,0.57
2007-06-28,16.85,24.66,87.01,11.96,2.17,0.59
2007-06-29,2.32,24.44,84.91,13.49,2.03,0.6
2007-06-30,0.02,24.46,83.34,17.77,1.93,0.6
2007-07-01,0.01,24.08,79.66,18.98,1.79,0.59
2007-07-02,0.0,24.21,79.49,18.47,1.55,0.59
2007-07-03,0.01,24.2,83.29,17.85,1.91,0.58
2007-07-04,0.08,24.61,81.44,16.79,2.18,0.58
2007-07-05,0.05,24.68,82.35,18.45,2.33,0.57
2007-07-06,0.0,24.26,77.28,19.0,2.15,0.57
2007-07-07,0.0,24.05,76.64,19.83,2.26,0.56
2007-07-08,0.0,24.11,73.66,19.45,2.35,0.55
2007-07-09,0.01,23.95,74.79,19.51,2.3,0.55
2007-07-10,0.01,23.86,73.89,19.71,2.32,0.55
2007-07-11,0.06,23.99,76.61,19.08,2.06,0.54
2007-07-12,0.08,24.45,78.6,17.51,1.81,0.54
2007-07-13,0.03,24.91,78.71,19.02,1.71,0.54
2007-07-14,0.0,25.17,79.47,18.08,1.69,0.54
2007-07-15,0.93,25.37,84.01,17.39,1.42,0.53
2007-07-16,0.41,25.84,83.42,17.74,1.52,0.53
2007-07-17,0.07,25.88,84.24,18.16,1.97,0.53
2007-07-18,0.04,25.83,82.49,18.22,1.93,0.53
2007-07-19,0.0,25.43,81.77,17.55,2.11,0.53
2007-07-20,0.01,25.33,81.57,17.61,2.05,0.53
2007-07-21,0.01,25.08,80.63,19.25,2.26,0.52
2007-07-22,0.0,24.42,80.21,19.94,2.39,0.52
2007-07-23,0.01,23.87,76.91,21.11,2.41,0.52
2007-07-24,0.07,24.02,78.19,19.97,2.32,0.52
2007-07-25,0.19,24.21,82.02,16.99,2.23,0.52
2007-07-26,0.07,24.71,79.72,18.84,1.82,0.52
2007-07-27,0.01,24.87,79.5,19.34,1.53,0.51
2007-07-28,0.01,24.67,79.5,17.15,1.76,0.51
2007-07-29,0.0,24.64,79.45,17.84,1.82,0.51
2007-07-30,0.0,24.4,78.47,19.96,2.09,0.51
2007-07-31,0.0,23.93,78.64,18.91,2.14,0.51
2007-08-01,0.04,23.34,80.62,17.15,2.07,0.51
2007-08-02,0.0,23.33,78.84,19.01,2.14,0.51
2007-08-03,0.33,23.06,81.48,16.78,2.15,0.5
2007-08-04,0.71,23.87,79.21,19.57,2.1,0.5
2007-08-05,0.43,24.62,77.43,21.23,1.91,0.5
2007-08-06,0.28,24.81,80.06,17.44,2.18,0.5
2007-08-07,0.05,24.21,74.47,18.88,2.55,0.5
2007-08-08,0.03,23.66,75.09,20.6,2.27,0.5
2007-08-09,0.02,24.19,76.57,19.8,2.23,0.5
2007-08-10,0.0,24.67,78.36,19.66,2.03,0.49
2007-08-11,0.01,24.78,81.15,13.43,1.99,0.49
2007-08-12,0.0,25.21,80.35,17.43,1.77,0.49
2007-08-13,0.17,25.04,82.16,19.79,1.94,0.49
2007-08-14,0.12,24.51,79.76,22.02,2.16,0.49
2007-08-15,0.05,24.07,77.71,20.59,2.29,0.49
2007-08-16,0.05,24.34,80.1,17.21,2.39,0.49
2007-08-17,0.0,25.02,79.54,19.8,2.13,0.49
2007-08-18,0.07,25.26,82.2,17.86,2.1,0.48
2007-08-19,0.52,25.1,81.98,15.76,2.55,0.48
2007-08-20,0.05,25.07,79.7,17.01,2.54,0.48
2007-08-21,0.0,24.48,77.54,15.67,2.41,0.48
2007-08-22,0.02,24.75,78.03,19.99,2.22,0.48
2007-08-23,0.0,24.3,78.62,17.17,2.36,0.48
2007-08-24,0.0,24.07,74.55,21.24,2.13,0.48
2007-08-25,0.04,23.27,70.27,23.61,2.14,0.48
2007-08-26,0.0,23.65,68.36,22.62,1.95,0.48
2007-08-27,0.0,23.97,70.41,22.85,2.05,0.47
2007-08-28,0.06,24.73,76.47,21.03,2.08,0.47
2007-08-29,0.0,25.1,76.38,22.41,1.96,0.47
2007-08-30,0.01,24.78,78.98,22.25,2.2,0.47
2007-08-31,0.0,24.61,78.7,23.06,2.15,0.47
2007-09-01,0.0,25.16,77.81,23.09,2.19,0.47
2007-09-02,0.01,25.46,79.01,22.38,2.27,0.47
2007-09-03,0.0,25.6,77.77,22.74,2.06,0.46
2007-09-04,0.0,25.54,79.58,21.5,1.76,0.46
2007-09-05,0.04,25.63,78.48,21.35,1.71,0.46
2007-09-06,0.07,25.7,75.96,21.2,1.77,0.46
2007-09-07,0.0,25.12,74.12,23.57,2.07,0.46
2007-09-08,0.01,24.23,75.16,23.77,2.26,0.46
2007-09-09,0.0,23.63,71.01,20.72,2.05,0.46
2007-09-10,0.0,24.32,69.67,24.49,1.82,0.46
2007-09-11,0.0,24.47,71.31,24.52,1.66,0.46
2007-09-12,0.0,24.26,73.05,24.05,1.72,0.46
2007-09-13,0.0,24.46,73.87,21.82,1.83,0.46
2007-09-14,0.0,25.46,76.05,22.87,1.79,0.46
2007-09-15,0.02,25.34,76.16,23.87,2.36,0.45
2007-09-16,0.0,25.45,74.14,24.58,2.14,0.45
2007-09-17,0.0,25.1,79.86,22.43,2.2,0.45
2007-09-18,0.08,25.41,74.82,22.61,2.11,0.45
2007-09-19,0.08,25.65,75.41,22.44,1.69,0.45
2007-09-20,0.0,25.32,76.38,24.54,1.81,0.45
2007-09-21,0.0,25.38,76.99,20.27,1.65,0.45
2007-09-22,0.0,25.8,77.34,23.08,1.56,0.45
2007-09-23,0.01,26.07,78.02,23.52,1.31,0.45
2007-09-24,0.0,26.74,73.23,24.46,1.36,0.45
2007-09-25,0.01,26.0,77.91,24.4,2.03,0.45
2007-09-26,0.01,26.08,72.49,25.67,2.16,0.45
2007-09-27,0.01,26.14,74.91,24.18,1.84,0.45
2007-09-28,0.01,26.23,75.35,23.51,1.82,0.44
2007-09-29,0.0,25.8,72.26,25.3,1.61,0.44
2007-09-30,0.0,26.0,74.88,22.68,1.37,0.44
2007-10-01,0.01,26.54,75.01,23.93,1.51,0.44
2007-10-02,0.01,26.52,76.41,22.58,1.82,0.44
2007-10-03,0.01,26.86,73.13,23.39,1.78,0.44
2007-10-04,0.0,27.1,74.95,23.72,1.58,0.44
2007-10-05,0.0,27.17,76.39,23.22,1.41,0.44
2007-10-06,0.0,27.04,75.4,23.92,1.55,0.44
2007-10-07,0.0,27.13,75.37,23.51,1.47,0.44
2007-10-08,0.96,27.05,75.24,22.21,1.44,0.44
2007-10-09,0.0,26.82,74.45,23.49,1.52,0.44
2007-10-10,0.0,26.24,73.25,23.06,2.06,0.44
2007-10-11,0.0,26.17,72.48,23.71,1.95,0.44
2007-10-12,0.72,26.7,74.72,23.06,1.83,0.44
2007-10-13,0.77,26.98,77.21,22.89,1.89,0.44
2007-10-14,0.0,27.0,74.51,23.27,1.94,0.44
2007-10-15,0.0,26.88,75.0,23.54,1.63,0.44
2007-10-16,0.0,26.92,74.61,24.9,1.92,0.44
2007-10-17,0.0,26.45,74.04,24.67,2.05,0.44
2007-10-18,0.0,26.91,72.04,23.98,1.87,0.44
2007-10-19,2.47,27.47,76.45,21.94,1.61,0.44
2007-10-20,2.95,27.13,78.63,22.96,2.17,0.44
2007-10-21,0.43,27.62,74.61,24.52,1.88,0.44
2007-10-22,0.01,27.63,74.09,23.97,1.85,0.44
2007-10-23,0.03,27.43,74.99,25.8,2.07,0.44
2007-10-24,0.0,28.09,71.51,22.7,1.38,0.44
2007-10-25,0.0,27.76,71.67,22.34,1.35,0.44
2007-10-26,0.01,28.05,71.21,24.59,1.37,0.43
2007-10-27,3.46,27.93,74.78,22.4,1.51,0.44
2007-10-28,0.6,27.89,72.73,22.67,1.52,0.44
2007-10-29,0.07,28.26,71.56,22.46,1.43,0.44
2007-10-30,4.12,27.19,80.23,22.77,1.35,0.44
2007-10-31,8.64,27.04,83.8,19.09,1.81,0.45
2007-11-01,4.08,26.87,82.89,21.48,1.73,0.47
2007-11-02,4.21,26.72,84.62,16.56,1.75,0.47
2007-11-03,24.26,26.38,87.05,20.02,1.79,0.49
2007-11-04,23.0,27.18,84.24,21.5,1.81,0.53
2007-11-05,64.19,26.15,91.13,19.7,1.96,0.62
2007-11-06,25.0,27.08,86.26,20.6,1.66,0.7
2007-11-07,6.83,26.93,85.26,21.56,1.93,0.68
2007-11-08,3.97,27.27,83.35,23.37,2.05,0.67
2007-11-09,3.63,27.07,83.92,22.37,2.03,0.64
2007-11-10,1.91,27.33,83.12,21.46,1.95,0.62
2007-11-11,2.23,26.76,84.76,22.21,1.87,0.6
2007-11-12,0.77,26.81,78.76,21.67,1.34,0.59
2007-11-13,0.03,27.31,77.95,21.82,0.9,0.57
2007-11-14,3.96,27.1,81.74,21.46,1.04,0.56
2007-11-15,1.66,27.39,78.38,23.51,1.24,0.55
2007-11-16,0.41,27.16,78.44,24.81,1.57,0.54
2007-11-17,0.2,26.79,77.19,24.61,1.74,0.54
2007-11-18,0.0,26.41,79.68,23.94,1.8,0.53
2007-11-19,0.02,26.32,78.76,25.98,1.83,0.52
2007-11-20,0.02,26.86,76.26,25.82,2.03,0.52
2007-11-21,0.14,26.87,75.85,24.82,2.03,0.51
2007-11-22,0.19,26.78,77.89,25.54,2.37,0.5
2007-11-23,0.04,27.02,74.51,23.23,1.95,0.5
2007-11-24,3.09,26.86,76.64,21.74,1.9,0.5
2007-11-25,8.29,26.71,83.02,20.51,1.68,0.51
2007-11-26,0.61,27.1,82.39,24.28,1.69,0.51
2007-11-27,0.05,27.57,75.45,24.3,1.36,0.51
2007-11-28,0.09,27.55,73.96,26.44,1.43,0.5
2007-11-29,2.93,27.71,72.73,23.5,1.18,0.5
2007-11-30,2.8,27.66,75.77,23.61,1.38,0.5
2007-12-01,4.53,27.66,76.63,19.8,1.24,0.5
2007-12-02,5.97,26.62,86.26,19.73,0.92,0.51
2007-12-03,4.83,26.69,85.14,10.95,1.24,0.52
2007-12-04,1.42,26.87,81.88,16.8,0.99,0.52
2007-12-05,2.29,27.24,80.36,20.21,1.24,0.52
2007-12-06,17.92,26.9,85.71,20.4,1.37,0.53
2007-12-07,10.19,27.57,81.72,21.58,1.29,0.56
2007-12-08,2.11,27.44,84.21,21.39,1.44,0.56
2007-12-09,22.67,27.54,82.28,17.96,1.38,0.57
2007-12-10,9.45,27.42,81.94,21.07,1.51,0.6
2007-12-11,10.53,28.15,78.73,20.17,0.91,0.6
2007-12-12,10.56,27.5,83.28,16.04,1.21,0.61
2007-12-13,4.46,26.98,84.0,18.13,0.98,0.61
2007-12-14,0.89,27.99,78.04,22.02,0.92,0.6
2007-12-15,3.98,28.72,73.32,22.75,0.63,0.58
2007-12-16,4.89,27.46,82.75,20.53,0.87,0.58
2007-12-17,16.73,26.65,85.15,15.55,1.37,0.6
2007-12-18,14.4,25.92,88.48,17.22,1.68,0.62
2007-12-19,13.06,25.97,89.58,15.6,1.96,0.63
2007-12-20,4.95,25.57,89.66,10.42,2.21,0.64
2007-12-21,3.99,25.89,87.51,16.03,1.64,0.63
2007-12-22,9.32,26.54,86.83,11.18,1.47,0.62
2007-12-23,11.28,26.17,89.04,12.31,1.14,0.63
2007-12-24,24.66,25.96,91.07,5.31,2.68,0.66
2007-12-25,28.94,26.01,92.04,11.52,2.71,0.68
2007-12-26,22.54,26.32,91.18,10.81,2.77,0.72
2007-12-27,5.19,26.25,86.97,15.11,3.44,0.71
2007-12-28,5.67,26.68,84.81,19.31,3.21,0.69
2007-12-29,3.11,26.39,85.8,14.66,2.78,0.67
2007-12-30,16.5,26.31,87.0,16.67,2.26,0.67
2007-12-31,13.73,26.1,88.89,14.13,2.24,0.68
2008-01-01,16.05,26.3,87.53,16.75,2.23,0.7
2008-01-02,15.56,25.84,89.75,9.63,2.41,0.7
2008-01-03,5.47,26.19,87.24,17.82,2.68,0.7
2008-01-04,7.86,26.11,88.98,11.08,2.92,0.69
2008-01-05,1.53,26.52,80.73,24.53,2.72,0.68
2008-01-06,0.48,26.46,82.27,26.65,2.21,0.66
2008-01-07,1.85,26.23,83.84,22.45,1.91,0.65
2008-01-08,0.38,26.27,85.28,20.21,1.89,0.64
2008-01-09,0.61,26.7,81.55,20.06,2.04,0.64
2008-01-10,1.3,26.39,85.61,21.5,2.06,0.63
2008-01-11,0.2,26.72,85.29,23.0,2.29,0.63
2008-01-12,0.07,26.66,81.1,23.23,2.5,0.62
2008-01-13,2.22,26.75,85.85,14.13,2.56,0.62
2008-01-14,7.96,26.36,87.42,9.78,1.95,0.62
2008-01-15,7.05,26.28,84.14,11.98,2.57,0.63
2008-01-16,10.62,25.64,89.31,8.06,2.53,0.64
2008-01-17,7.33,26.04,82.25,13.35,2.04,0.65
2008-01-18,3.03,26.39,83.39,20.66,1.5,0.65
2008-01-19,0.99,25.93,86.49,20.59,1.63,0.64
2008-01-20,0.03,26.19,83.41,25.43,1.57,0.64
2008-01-21,0.02,26.49,80.59,24.66,1.47,0.63
2008-01-22,0.01,26.48,79.06,25.73,1.43,0.62
2008-01-23,0.02,26.75,76.01,24.32,1.22,0.61
2008-01-24,0.11,27.39,77.36,24.0,1.14,0.6
2008-01-25,0.04,27.69,76.5,23.36,1.18,0.6
2008-01-26,0.33,27.57,77.96,24.02,1.17,0.59
2008-01-27,10.64,27.04,84.09,17.8,1.25,0.6
2008-01-28,9.03,26.71,86.72,20.08,0.85,0.62
2008-01-29,83.53,27.0,88.27,19.08,1.06,0.68
2008-01-30,31.63,26.8,88.02,9.02,1.13,0.8
2008-01-31,3.41,27.28,82.34,23.55,1.26,0.78
2008-02-01,0.45,27.64,80.7,19.43,0.93,0.74
2008-02-02,11.99,26.78,87.8,21.07,1.59,0.73
2008-02-03,16.52,25.81,91.94,12.15,2.16,0.74
2008-02-04,40.91,26.05,88.64,15.14,1.67,0.76
2008-02-05,12.78,26.02,90.52,14.58,1.78,0.79
2008-02-06,4.93,26.07,88.29,14.25,1.84,0.76
2008-02-07,19.22,25.89,91.63,13.26,1.28,0.76
2008-02-08,14.24,26.16,90.36,15.9,1.83,0.77
2008-02-09,17.94,25.76,90.96,9.1,2.5,0.77
2008-02-10,11.18,26.3,88.64,18.55,2.46,0.77
2008-02-11,2.68,26.46,86.21,20.02,2.94,0.75
2008-02-12,10.44,25.97,89.06,16.78,3.03,0.74
2008-02-13,17.18,26.09,88.24,13.89,3.19,0.75
2008-02-14,22.32,25.44,90.87,14.65,2.67,0.77
2008-02-15,13.75,25.64,91.65,15.12,3.1,0.78
2008-02-16,1.76,26.01,87.31,20.72,2.8,0.77
2008-02-17,1.42,25.95,87.98,16.22,2.52,0.76
2008-02-18,5.78,25.95,88.46,15.62,1.94,0.75
2008-02-19,12.93,25.72,91.03,12.4,2.05,0.76
2008-02-20,11.37,25.65,89.42,10.86,2.32,0.77
2008-02-21,14.26,25.39,90.92,11.08,2.21,0.78
2008-02-22,7.31,25.43,91.07,12.35,2.02,0.78
2008-02-23,2.38,25.67,89.35,11.65,2.13,0.78
2008-02-24,0.09,25.93,83.83,23.16,2.02,0.76
2008-02-25,0.02,26.16,81.96,22.64,1.77,0.76
2008-02-26,0.38,26.2,79.5,20.39,1.27,0.75
2008-02-27,1.2,25.99,79.07,21.44,1.34,0.74
2008-02-28,5.82,26.16,84.37,16.51,1.41,0.74
2008-02-29,1.37,26.3,84.29,22.88,1.11,0.74
2008-03-01,1.65,26.54,83.13,20.55,0.8,0.74
2008-03-02,3.26,26.03,89.09,17.67,1.69,0.74
2008-03-03,1.32,26.07,86.85,17.81,1.2,0.74
2008-03-04,1.3,25.8,90.42,19.01,1.43,0.74
2008-03-05,4.52,25.03,91.89,17.6,1.34,0.74
2008-03-06,4.73,25.11,91.19,16.3,1.19,0.75
2008-03-07,1.18,26.55,79.37,20.69,0.82,0.75
2008-03-08,0.29,26.7,80.85,21.39,0.75,0.74
2008-03-09,0.7,26.77,81.53,21.99,1.21,0.73
2008-03-10,0.59,26.61,82.84,22.43,1.36,0.73
2008-03-11,1.23,27.18,81.85,21.93,1.03,0.72
2008-03-12,1.07,27.36,82.65,20.7,1.11,0.72
2008-03-13,0.75,26.97,84.8,19.29,0.97,0.72
2008-03-14,1.42,26.89,84.19,21.52,0.98,0.72
2008-03-15,3.88,27.26,81.8,21.6,0.69,0.72
2008-03-16,5.66,26.83,82.71,21.11,0.77,0.72
2008-03-17,3.74,26.34,83.15,19.47,1.08,0.73
2008-03-18,5.36,27.38,80.83,22.81,0.88,0.73
2008-03-19,5.35,27.33,83.82,21.43,1.0,0.73
2008-03-20,3.1,26.82,85.06,19.55,1.15,0.73
2008-03-21,23.71,25.69,92.47,11.71,1.84,0.74
2008-03-22,3.29,27.06,79.54,20.83,0.76,0.76
2008-03-23,3.59,26.66,85.21,17.58,1.3,0.75
2008-03-24,11.13,26.63,83.14,15.67,0.87,0.75
2008-03-25,3.23,26.55,84.62,17.88,0.66,0.75
2008-03-26,1.03,26.96,81.77,19.87,0.86,0.74
2008-03-27,1.62,26.35,86.3,19.55,0.72,0.74
2008-03-28,10.53,25.89,86.01,19.12,1.75,0.74
2008-03-29,3.27,26.23,82.93,20.59,1.24,0.75
2008-03-30,8.77,25.85,93.51,16.08,2.08,0.75
2008-03-31,14.54,25.19,90.41,11.64,1.52,0.76
2008-04-01,7.58,26.08,86.33,17.13,1.65,0.77
2008-04-02,1.81,26.38,83.08,18.46,1.1,0.76
2008-04-03,0.99,25.68,89.0,19.35,0.67,0.75
2008-04-04,0.65,26.37,84.29,16.75,1.07,0.75
2008-04-05,23.79,26.17,85.56,16.52,1.44,0.76
2008-04-06,5.32,26.05,88.45,17.72,1.24,0.78
2008-04-07,2.87,26.18,87.67,17.65,1.33,0.77
2008-04-08,7.4,26.32,87.23,20.35,1.2,0.77
2008-04-09,3.65,26.84,82.66,21.52,2.02,0.77
2008-04-10,0.61,26.48,80.55,21.53,2.26,0.76
2008-04-11,1.79,26.65,80.79,20.25,1.98,0.75
2008-04-12,3.44,26.64,82.01,21.18,1.81,0.75
2008-04-13,0.09,26.1,80.74,22.25,2.09,0.74
2008-04-14,0.31,25.75,80.11,22.25,2.17,0.73
2008-04-15,0.12,26.36,80.02,21.89,2.17,0.73
2008-04-16,0.15,26.26,79.51,23.27,2.42,0.72
2008-04-17,0.15,26.39,78.64,21.28,2.18,0.72
2008-04-18,0.68,26.36,79.54,20.87,2.27,0.71
2008-04-19,0.76,25.95,76.96,21.26,2.13,0.71
2008-04-20,0.3,25.82,79.85,20.01,2.08,0.71
2008-04-21,0.51,26.24,80.48,18.39,1.35,0.7
2008-04-22,2.19,26.51,82.11,16.78,1.61,0.7
2008-04-23,0.93,26.65,83.14,17.3,1.41,0.7
2008-04-24,0.23,26.6,82.69,19.62,1.62,0.7
2008-04-25,0.09,26.03,83.28,21.68,1.82,0.69
2008-04-26,0.13,26.05,82.41,20.77,1.99,0.69
2008-04-27,0.03,25.56,81.72,19.67,1.95,0.68
2008-04-28,1.0,25.57,82.43,21.22,2.03,0.68
2008-04-29,0.77,26.29,81.75,19.49,1.84,0.68
2008-04-30,5.47,26.66,83.26,18.35,1.84,0.68
2008-05-01,8.94,25.77,90.17,15.48,1.51,0.7
2008-05-02,3.19,25.76,86.73,18.17,1.73,0.7
2008-05-03,0.52,26.23,85.89,19.66,1.89,0.7
2008-05-04,0.74,25.99,86.86,19.63,1.76,0.69
2008-05-05,6.16,26.15,84.58,19.84,2.12,0.69
2008-05-06,3.19,25.81,82.09,20.33,2.17,0.69
2008-05-07,0.12,25.9,79.18,19.89,2.33,0.69
2008-05-08,0.02,25.35,78.31,20.63,2.3,0.68
2008-05-09,0.01,25.15,75.6,20.03,2.36,0.67
2008-05-10,0.0,24.84,73.17,18.33,2.26,0.67
2008-05-11,0.08,24.59,75.57,20.13,2.26,0.66
2008-05-12,0.39,24.66,80.5,17.66,2.2,0.66
2008-05-13,0.22,24.75,79.44,19.66,1.84,0.66
2008-05-14,0.15,24.93,79.43,20.7,1.87,0.66
2008-05-15,0.12,25.18,80.32,19.36,1.98,0.65
2008-05-16,0.5,25.6,84.15,19.38,2.06,0.65
2008-05-17,0.81,25.86,83.5,19.11,2.31,0.65
2008-05-18,0.23,26.05,82.52,19.5,2.04,0.65
2008-05-19,0.43,26.01,83.03,18.99,2.17,0.64
2008-05-20,0.67,26.03,83.79,19.18,1.85,0.64
2008-05-21,12.51,25.61,84.81,19.37,2.07,0.64
2008-05-22,9.44,25.21,81.23,19.02,2.42,0.67
2008-05-23,0.0,24.92,78.43,17.37,2.42,0.66
2008-05-24,0.01,24.87,81.28,19.0,2.26,0.66
2008-05-25,0.12,24.61,82.42,19.35,2.28,0.65
2008-05-26,0.04,24.92,82.8,19.35,2.36,0.64
2008-05-27,0.05,25.13,83.96,19.15,2.36,0.64
2008-05-28,0.03,25.25,81.26,19.64,2.48,0.63
2008-05-29,0.01,24.94,79.9,18.48,2.52,0.63
2008-05-30,0.0,24.78,80.65,18.91,2.34,0.62
2008-05-31,0.01,24.93,82.46,19.09,2.44,0.62
2008-06-01,0.01,24.79,78.78,18.46,2.31,0.61
2008-06-02,0.0,25.06,80.34,19.29,2.2,0.61
2008-06-03,0.01,24.53,79.72,18.58,2.23,0.61
2008-06-04,0.13,24.44,80.81,18.19,2.06,0.6
2008-06-05,0.17,24.6,79.01,19.72,2.1,0.6
2008-06-06,0.02,24.71,81.2,19.0,1.89,0.6
2008-06-07,0.07,24.97,85.02,18.56,1.97,0.6
2008-06-08,0.11,25.41,85.27,18.47,2.05,0.59
2008-06-09,0.22,25.59,85.69,17.34,1.64,0.59
2008-06-10,30.76,25.11,90.39,13.24,1.68,0.61
2008-06-11,6.64,24.94,90.26,13.93,2.11,0.66
2008-06-12,0.27,25.35,85.92,17.05,2.08,0.65
2008-06-13,0.76,25.08,83.76,18.96,2.06,0.64
2008-06-14,3.69,25.06,86.04,18.38,1.78,0.64
2008-06-15,0.58,24.9,85.18,19.04,2.02,0.63
2008-06-16,0.02,24.64,84.1,19.27,2.0,0.62
2008-06-17,0.0,24.13,80.46,19.48,2.06,0.62
2008-06-18,0.02,24.1,83.82,19.68,2.13,0.61
2008-06-19,0.0,24.14,81.47,19.63,1.95,0.6
2008-06-20,0.0,23.87,81.96,19.31,2.07,0.6
2008-06-21,0.27,24.27,82.44,20.19,2.63,0.6
2008-06-22,0.52,23.94,81.13,19.39,2.66,0.59
2008-06-23,1.28,24.37,82.85,18.85,2.28,0.59
2008-06-24,0.73,24.78,85.43,17.43,2.05,0.59
2008-06-25,14.15,24.78,88.75,13.4,2.33,0.6
2008-06-26,0.0,24.96,80.61,17.94,2.25,0.61
2008-06-27,0.01,24.47,81.33,18.0,2.02,0.6
2008-06-28,0.0,24.27,82.79,18.9,1.91,0.59
2008-06-29,0.0,24.11,82.32,19.28,1.98,0.59
2008-06-30,0.06,24.56,82.17,18.86,2.13,0.58
2008-07-01,0.02,24.61,82.09,18.57,2.15,0.58
2008-07-02,0.11,24.67,82.49,18.53,2.08,0.57
2008-07-03,0.18,24.87,82.41,18.83,2.15,0.57
2008-07-04,0.0,24.33,81.8,17.37,2.31,0.57
2008-07-05,0.07,24.22,79.2,18.5,2.35,0.56
2008-07-06,0.05,23.83,79.73,15.74,2.49,0.56
2008-07-07,0.0,24.02,79.7,18.99,2.6,0.56
2008-07-08,0.0,24.8,78.05,20.32,2.37,0.55
2008-07-09,0.0,24.19,76.57,19.78,2.85,0.55
2008-07-10,0.0,23.93,78.17,19.2,2.44,0.55
2008-07-11,0.05,24.23,81.57,16.86,2.07,0.54
2008-07-12,0.34,24.27,81.16,17.1,2.17,0.54
2008-07-13,0.32,24.36,81.8,19.2,2.51,0.54
2008-07-14,0.01,24.35,79.82,19.0,2.63,0.54
2008-07-15,0.0,23.76,72.5,20.87,2.52,0.54
2008-07-16,0.01,24.11,75.98,19.76,2.08,0.53
2008-07-17,0.03,24.55,80.87,19.88,2.09,0.53
2008-07-18,0.01,24.44,78.6,19.43,1.88,0.53
2008-07-19,0.01,24.1,78.84,20.3,2.36,0.53
2008-07-20,0.01,23.9,77.79,18.87,2.53,0.53
2008-07-21,0.11,23.56,78.16,16.47,2.55,0.52
2008-07-22,0.08,23.69,76.0,18.94,2.41,0.52
2008-07-23,0.08,23.78,78.86,20.41,2.44,0.52
2008-07-24,0.0,24.11,77.62,20.0,2.3,0.52
2008-07-25,0.05,23.29,76.45,20.84,2.29,0.52
2008-07-26,0.08,23.08,79.25,20.14,2.15,0.52
2008-07-27,0.01,23.52,78.58,20.69,1.91,0.51
2008-07-28,0.01,23.52,79.24,19.83,1.84,0.51
2008-07-29,0.0,23.82,78.95,20.11,1.72,0.51
2008-07-30,0.0,24.55,77.87,20.58,1.42,0.51
2008-07-31,0.0,24.31,79.64,20.35,1.96,0.51
2008-08-01,0.02,24.26,74.89,21.12,2.02,0.51
2008-08-02,0.01,23.72,78.48,21.25,2.05,0.5
2008-08-03,0.07,23.94,81.22,19.72,2.08,0.5
2008-08-04,0.06,24.33,80.94,21.13,2.44,0.5
2008-08-05,0.0,24.45,78.83,20.27,2.47,0.5
2008-08-06,0.0,24.42,77.88,21.68,2.5,0.5
2008-08-07,0.03,24.64,76.58,21.39,2.42,0.5
2008-08-08,0.02,24.76,75.6,20.0,2.37,0.49
2008-08-09,0.0,24.54,75.97,20.29,2.39,0.49
2008-08-10,0.0,24.44,78.34,19.67,2.12,0.49
2008-08-11,2.15,24.55,81.58,14.29,1.69,0.49
2008-08-12,0.22,24.96,79.88,17.15,1.66,0.49
2008-08-13,0.07,24.97,77.84,19.15,2.01,0.49
2008-08-14,0.1,24.64,78.62,20.38,2.38,0.49
2008-08-15,0.31,24.67,78.15,20.23,2.38,0.49
2008-08-16,0.07,24.69,77.81,20.87,2.55,0.49
2008-08-17,0.0,24.69,76.24,20.19,2.78,0.48
2008-08-18,0.0,24.41,74.08,18.36,2.77,0.48
2008-08-19,0.0,24.21,75.73,18.45,2.55,0.48
2008-08-20,0.0,24.6,77.64,19.21,2.24,0.48
2008-08-21,0.02,25.26,77.13,20.78,2.31,0.48
2008-08-22,7.13,25.04,81.36,16.95,2.42,0.48
2008-08-23,0.0,25.11,79.69,19.65,2.4,0.49
2008-08-24,0.0,24.91,79.21,19.13,2.36,0.49
2008-08-25,0.03,24.96,77.38,19.95,2.53,0.48
2008-08-26,0.58,25.38,80.73,18.98,2.02,0.48
2008-08-27,0.74,25.94,80.38,19.15,1.62,0.48
2008-08-28,1.48,25.62,83.2,19.63,1.62,0.48
2008-08-29,0.8,25.62,81.67,20.97,1.74,0.48
2008-08-30,0.02,25.8,81.23,19.72,2.05,0.48
2008-08-31,0.04,26.05,79.76,19.37,2.24,0.48
2008-09-01,0.0,25.8,79.58,20.15,2.2,0.48
2008-09-02,0.02,25.77,80.21,21.97,2.23,0.47
2008-09-03,0.05,25.74,81.21,22.9,2.44,0.47
2008-09-04,0.03,25.87,77.17,23.24,2.22,0.47
2008-09-05,0.01,25.64,77.58,23.22,2.0,0.47
2008-09-06,0.15,25.29,78.89,19.89,2.15,0.47
2008-09-07,0.21,25.52,77.72,18.41,2.14,0.47
2008-09-08,0.09,25.45,78.1,20.97,2.11,0.47
2008-09-09,0.01,26.01,78.16,21.75,1.65,0.46
2008-09-10,0.08,26.33,79.41,19.7,1.65,0.46
2008-09-11,2.29,26.38,79.59,21.86,1.61,0.46
2008-09-12,0.01,26.59,76.26,23.05,1.44,0.47
2008-09-13,0.0,26.59,74.68,23.9,1.55,0.46
2008-09-14,0.0,25.88,74.44,25.0,1.96,0.46
2008-09-15,0.01,25.75,75.82,22.81,2.06,0.46
2008-09-16,0.0,26.31,74.43,24.96,1.64,0.46
2008-09-17,0.18,26.21,78.33,22.49,1.93,0.46
2008-09-18,0.12,25.73,78.15,23.95,2.05,0.46
2008-09-19,0.03,26.13,76.44,25.1,2.1,0.46
2008-09-20,0.01,26.32,74.94,23.6,1.79,0.46
2008-09-21,0.0,25.97,74.55,24.54,1.73,0.45
2008-09-22,0.0,25.93,73.53,25.88,1.74,0.45
2008-09-23,0.0,26.04,71.79,25.47,1.89,0.45
2008-09-24,0.0,26.53,71.75,25.81,2.01,0.45
2008-09-25,1.72,26.85,77.81,22.37,1.53,0.45
2008-09-26,12.94,26.13,82.12,18.69,2.07,0.46
2008-09-27,0.94,25.78,75.68,23.7,2.54,0.48
2008-09-28,0.01,25.95,69.14,25.97,2.39,0.47
2008-09-29,1.98,25.81,77.71,23.53,1.78,0.47
2008-09-30,1.04,26.33,77.06,23.29,1.63,0.47
2008-10-01,0.3,26.62,74.85,24.36,1.7,0.47
2008-10-02,0.12,26.61,77.64,23.51,1.74,0.46
2008-10-03,0.06,26.67,77.0,22.69,2.1,0.46
2008-10-04,0.01,26.92,77.51,23.25,2.19,0.46
2008-10-05,0.03,26.92,75.68,21.47,2.2,0.46
2008-10-06,0.29,26.98,76.2,20.96,1.99,0.45
2008-10-07,3.67,26.65,80.31,20.49,1.66,0.46
2008-10-08,2.41,26.8,80.4,21.69,1.48,0.46
2008-10-09,0.28,27.19,80.22,22.4,1.47,0.46
2008-10-10,0.07,27.52,76.33,24.03,2.08,0.46
2008-10-11,0.04,27.49,77.47,23.5,2.0,0.46
2008-10-12,6.49,27.58,79.31,22.3,2.05,0.46
2008-10-13,4.77,27.55,79.58,24.14,1.91,0.47
2008-10-14,0.65,27.96,74.38,25.38,1.49,0.47
2008-10-15,0.02,27.95,74.36,24.11,1.47,0.47
2008-10-16,2.65,27.94,76.43,24.48,1.7,0.46
2008-10-17,3.38,27.56,78.25,23.3,1.87,0.47
2008-10-18,2.18,27.89,77.06,22.9,1.88,0.47
2008-10-19,1.81,27.99,77.8,23.27,2.0,0.47
2008-10-20,0.17,28.14,76.7,24.46,1.91,0.47
2008-10-21,0.1,28.35,76.34,23.55,1.34,0.46
2008-10-22,0.1,27.65,79.24,24.57,1.66,0.46
2008-10-23,9.84,27.54,82.27,21.63,1.37,0.46
2008-10-24,2.77,27.65,78.68,22.29,1.66,0.48
2008-10-25,2.17,27.32,78.29,17.01,1.94,0.47
2008-10-26,3.89,27.26,78.74,20.43,1.26,0.47
2008-10-27,0.87,27.57,73.46,17.64,0.66,0.47
2008-10-28,0.22,27.71,74.04,22.68,1.34,0.47
2008-10-29,20.27,27.11,78.41,19.82,2.19,0.48
2008-10-30,10.91,27.06,77.26,23.2,1.89,0.52
2008-10-31,0.03,27.73,76.3,23.57,1.3,0.51
2008-11-01,9.87,27.11,81.91,18.45,1.16,0.51
2008-11-02,19.1,26.78,86.17,21.2,1.57,0.54
2008-11-03,6.95,27.35,82.68,22.04,1.56,0.56
2008-11-04,5.68,27.08,79.32,19.87,2.12,0.55
2008-11-05,5.89,27.08,81.54,21.91,1.51,0.55
2008-11-06,3.18,26.93,83.17,21.54,1.77,0.54
2008-11-07,2.25,27.24,81.1,20.49,1.42,0.54
2008-11-08,1.1,27.71,81.3,22.67,1.36,0.53
2008-11-09,6.84,27.62,84.01,21.94,1.19,0.53
2008-11-10,5.39,27.37,82.66,20.34,1.85,0.53
2008-11-11,11.77,27.16,83.32,21.42,1.85,0.54
2008-11-12,6.51,27.41,82.58,21.45,1.88,0.55
2008-11-13,7.28,26.71,87.84,19.39,1.54,0.55
2008-11-14,16.86,26.95,82.78,21.26,1.51,0.56
2008-11-15,4.72,27.37,82.58,19.75,1.49,0.58
2008-11-16,0.94,27.76,81.35,21.26,1.24,0.57
2008-11-17,15.44,27.75,80.65,17.8,0.92,0.57
2008-11-18,6.23,27.65,82.41,18.23,0.77,0.58
2008-11-19,5.17,26.85,86.67,11.39,1.08,0.58
2008-11-20,8.07,27.08,83.82,17.9,0.96,0.58
2008-11-21,2.68,27.68,81.92,20.95,1.24,0.58
2008-11-22,0.88,27.45,83.33,19.85,1.33,0.57
2008-11-23,2.97,26.7,85.75,8.62,1.6,0.56
2008-11-24,10.16,26.48,84.93,18.01,1.3,0.56
2008-11-25,14.49,26.43,88.04,14.79,1.47,0.59
2008-11-26,4.33,26.05,87.34,14.94,1.52,0.59
2008-11-27,9.92,25.69,89.83,17.8,2.09,0.59
2008-11-28,4.3,26.44,83.29,16.83,1.97,0.6
2008-11-29,2.42,26.15,83.44,14.65,1.6,0.59
2008-11-30,0.37,26.39,79.75,23.48,1.36,0.58
2008-12-01,0.0,26.74,76.31,17.27,1.51,0.57
2008-12-02,0.0,26.73,78.45,19.89,1.51,0.56
2008-12-03,0.23,26.55,78.95,24.34,1.68,0.55
2008-12-04,0.08,27.09,77.94,21.81,1.39,0.54
2008-12-05,0.5,27.45,79.38,21.22,1.27,0.53
2008-12-06,3.85,27.09,81.06,20.81,0.95,0.53
2008-12-07,3.01,27.31,80.86,20.39,0.71,0.53
2008-12-08,6.22,27.04,81.89,20.48,0.58,0.54
2008-12-09,5.78,26.03,89.86,16.14,1.75,0.55
2008-12-10,6.66,26.55,84.77,14.44,1.02,0.55
2008-12-11,12.3,26.13,89.28,13.69,2.12,0.57
2008-12-12,5.36,25.84,86.28,14.64,1.54,0.58
2008-12-13,18.18,26.16,85.15,16.75,1.65,0.59
2008-12-14,7.77,26.25,83.52,14.26,1.48,0.61
2008-12-15,18.55,26.06,84.6,18.36,1.78,0.61
2008-12-16,7.91,25.92,83.14,15.75,1.7,0.63
2008-12-17,39.22,26.51,82.09,17.92,1.56,0.65
2008-12-18,10.0,26.21,83.74,14.63,1.65,0.69
2008-12-19,1.53,26.56,80.87,20.14,1.82,0.67
2008-12-20,2.49,26.59,81.37,17.44,1.75,0.65
2008-12-21,1.35,26.55,82.25,21.7,1.69,0.63
2008-12-22,5.03,26.73,81.86,20.38,1.91,0.62
2008-12-23,0.13,26.71,80.1,20.82,1.96,0.61
2008-12-24,0.18,26.56,81.44,22.55,2.0,0.6
2008-12-25,0.14,26.53,78.69,25.62,2.35,0.59
2008-12-26,2.63,26.93,79.1,23.54,2.27,0.58
2008-12-27,7.31,26.82,83.89,15.56,1.47,0.58
2008-12-28,6.25,26.65,84.28,11.33,1.36,0.59
2008-12-29,3.5,26.04,87.67,17.86,1.16,0.6
2008-12-30,19.26,26.23,84.24,15.44,1.7,0.61
2008-12-31,10.67,25.71,85.57,9.0,1.85,0.64
2009-01-01,9.48,26.31,84.11,19.28,1.79,0.64
2009-01-02,1.21,26.32,83.69,20.0,2.1,0.63
2009-01-03,9.23,26.92,84.12,20.5,2.19,0.62
2009-01-04,7.17,26.45,90.13,14.8,2.07,0.63
2009-01-05,11.69,26.26,90.17,10.02,1.78,0.64
2009-01-06,5.32,26.59,85.59,19.07,1.34,0.65
2009-01-07,3.23,26.05,89.32,18.95,1.65,0.64
2009-01-08,3.59,26.29,85.24,17.36,1.66,0.63
2009-01-09,22.29,26.53,86.23,18.03,2.25,0.64
2009-01-10,34.98,26.29,88.45,7.46,2.32,0.69
2009-01-11,25.38,26.19,86.76,16.04,1.97,0.73
2009-01-12,5.38,26.14,85.39,18.73,2.31,0.72
2009-01-13,9.87,25.39,86.92,14.83,2.24,0.7
2009-01-14,5.48,25.54,88.52,15.47,2.26,0.7
2009-01-15,27.55,25.41,90.19,10.51,2.61,0.71
2009-01-16,9.67,25.83,89.45,11.15,2.21,0.73
2009-01-17,1.27,26.32,85.87,19.67,2.62,0.71
2009-01-18,0.9,26.32,84.79,20.35,2.45,0.69
2009-01-19,5.97,26.13,85.1,22.21,2.23,0.68
2009-01-20,1.27,26.41,85.47,22.68,2.16,0.67
2009-01-21,0.22,26.93,82.63,21.2,1.64,0.66
2009-01-22,0.15,26.97,83.12,21.14,1.13,0.66
2009-01-23,0.49,27.24,81.53,17.55,0.95,0.65
2009-01-24,0.38,27.01,84.45,15.39,1.08,0.65
2009-01-25,0.23,27.4,82.42,18.52,1.44,0.64
2009-01-26,2.87,26.63,88.26,20.47,1.71,0.64
2009-01-27,14.76,26.75,88.35,17.84,1.58,0.65
2009-01-28,8.17,26.56,89.99,16.71,1.66,0.68
2009-01-29,24.21,26.15,91.88,16.52,1.72,0.69
2009-01-30,10.02,25.9,85.65,13.25,1.8,0.72
2009-01-31,2.98,26.0,85.41,12.23,1.94,0.71
2009-02-01,8.62,26.0,87.64,16.0,1.87,0.7
2009-02-02,18.0,25.96,88.43,17.82,2.05,0.71
2009-02-03,20.89,26.1,88.06,14.44,2.3,0.73
2009-02-04,3.05,26.06,85.3,14.81,2.64,0.73
2009-02-05,7.62,26.37,87.27,19.13,3.17,0.71
2009-02-06,13.75,26.93,83.35,16.41,2.86,0.72
2009-02-07,5.86,26.06,90.33,16.82,2.17,0.72
2009-02-08,6.31,26.28,88.76,18.11,1.9,0.71
2009-02-09,3.18,26.19,88.69,21.54,1.74,0.71
2009-02-10,35.08,25.32,90.25,12.84,1.99,0.73
2009-02-11,30.32,25.43,87.93,12.88,2.63,0.78
2009-02-12,6.55,25.8,85.11,15.24,2.78,0.77
2009-02-13,3.76,25.74,88.93,17.37,2.74,0.75
2009-02-14,1.68,25.85,86.75,19.57,2.52,0.73
2009-02-15,25.66,26.45,86.11,18.49,1.33,0.74
2009-02-16,27.44,25.42,91.19,6.5,1.84,0.78
2009-02-17,2.89,25.34,87.31,20.35,1.55,0.78
2009-02-18,1.81,25.65,87.45,18.92,1.63,0.76
2009-02-19,2.95,25.93,84.23,11.59,1.47,0.74
2009-02-20,8.84,25.97,84.34,20.8,1.31,0.74
2009-02-21,4.7,26.47,81.21,21.18,1.07,0.75
2009-02-22,14.27,26.52,82.93,18.03,1.18,0.75
2009-02-23,1.22,27.05,76.24,22.04,0.93,0.75
2009-02-24,5.17,27.5,74.87,20.62,0.68,0.74
2009-02-25,4.81,27.39,80.4,20.18,0.69,0.74
2009-02-26,4.17,26.37,86.11,19.48,1.17,0.74
2009-02-27,2.01,26.45,87.27,20.18,1.86,0.74
2009-02-28,6.95,26.48,89.2,17.44,1.87,0.74
2009-03-01,18.38,25.95,88.87,12.06,1.42,0.75
2009-03-02,3.55,26.2,83.23,11.7,0.82,0.76
2009-03-03,14.61,26.71,84.75,14.28,1.25,0.75
2009-03-04,21.18,26.64,85.01,15.68,1.13,0.78
2009-03-05,12.66,26.53,84.14,15.52,0.57,0.79
2009-03-06,1.7,26.81,81.85,18.33,1.02,0.78
2009-03-07,2.19,26.87,82.78,21.81,1.01,0.77
2009-03-08,0.59,26.99,81.75,21.22,1.27,0.76
2009-03-09,0.74,26.87,79.7,23.33,1.28,0.75
2009-03-10,1.26,26.79,80.23,20.56,1.38,0.75
2009-03-11,0.86,26.75,76.41,21.77,1.31,0.74
2009-03-12,0.78,26.77,69.78,24.37,1.26,0.74
2009-03-13,0.03,26.59,75.88,24.31,1.58,0.73
2009-03-14,0.01,26.58,75.51,26.6,1.56,0.73
2009-03-15,0.38,26.65,79.25,23.15,1.62,0.72
2009-03-16,14.71,26.53,81.82,20.85,1.61,0.73
2009-03-17,6.55,26.14,87.18,16.93,1.43,0.74
2009-03-18,1.9,26.99,83.32,22.87,1.61,0.74
2009-03-19,0.19,27.38,79.26,19.18,0.98,0.73
2009-03-20,0.27,27.37,78.55,23.63,1.05,0.73
2009-03-21,0.08,27.37,80.49,24.05,1.09,0.72
2009-03-22,3.95,27.01,77.56,21.17,1.45,0.72
2009-03-23,0.65,26.56,77.32,24.4,1.52,0.71
2009-03-24,0.01,26.78,76.41,24.28,1.32,0.71
2009-03-25,1.61,27.43,76.2,23.86,1.2,0.71
2009-03-26,0.91,27.05,81.59,22.99,1.51,0.7
2009-03-27,0.53,26.9,81.83,22.19,1.66,0.7
2009-03-28,3.82,26.67,82.99,19.48,1.66,0.7
2009-03-29,6.41,26.74,82.82,21.25,1.4,0.7
2009-03-30,1.0,26.77,84.3,22.79,1.4,0.71
2009-03-31,8.26,26.97,82.62,20.98,1.24,0.71
2009-04-01,4.91,26.96,83.72,19.3,1.31,0.72
2009-04-02,1.47,27.22,86.09,20.81,1.32,0.71
2009-04-03,8.41,26.71,88.47,19.4,1.59,0.71
2009-04-04,1.3,26.71,84.33,22.86,2.07,0.72
2009-04-05,0.8,27.25,81.2,21.74,1.93,0.71
2009-04-06,1.4,26.84,79.89,22.01,1.96,0.7
2009-04-07,0.06,26.49,80.86,21.38,1.92,0.7
2009-04-08,0.01,26.7,79.38,23.67,1.82,0.69
2009-04-09,0.11,26.92,81.83,23.51,1.86,0.68
2009-04-10,0.12,27.14,82.7,22.83,1.9,0.68
2009-04-11,1.77,27.18,84.35,21.83,1.79,0.68
2009-04-12,1.62,27.25,85.05,21.24,1.81,0.68
2009-04-13,3.64,27.25,86.79,16.81,1.48,0.68
2009-04-14,6.35,27.08,87.67,18.98,1.55,0.69
2009-04-15,0.78,27.32,85.36,21.23,1.72,0.69
2009-04-16,2.75,27.04,85.93,19.97,1.62,0.68
2009-04-17,13.6,27.03,84.46,19.16,1.52,0.69
2009-04-18,8.28,27.22,83.64,17.7,1.4,0.71
2009-04-19,27.97,27.1,85.45,19.09,1.59,0.73
2009-04-20,8.33,27.28,81.23,20.49,1.43,0.75
2009-04-21,0.9,26.38,85.65,20.13,1.48,0.73
2009-04-22,0.67,27.01,79.35,21.18,1.33,0.72
2009-04-23,0.7,27.12,82.13,20.22,1.46,0.71
2009-04-24,0.04,27.04,79.46,22.35,1.61,0.7
2009-04-25,0.18,26.78,82.47,22.13,1.73,0.69
2009-04-26,0.14,26.81,82.35,22.43,1.63,0.68
2009-04-27,0.09,26.71,81.77,21.44,1.43,0.68
2009-04-28,0.28,26.96,81.82,21.88,1.68,0.67
2009-04-29,0.13,26.87,81.4,21.56,1.97,0.67
2009-04-30,0.01,26.7,78.63,22.43,2.08,0.66
2009-05-01,0.0,26.29,76.48,18.61,2.12,0.66
2009-05-02,0.18,26.37,75.43,18.21,2.22,0.65
2009-05-03,0.12,26.34,79.44,21.2,2.13,0.65
2009-05-04,0.65,26.24,84.37,16.82,2.15,0.65
2009-05-05,1.05,26.98,83.52,20.57,2.05,0.65
2009-05-06,0.85,27.07,85.24,19.24,2.04,0.65
2009-05-07,1.12,26.79,86.5,18.83,1.97,0.65
2009-05-08,1.58,26.72,85.62,18.95,2.12,0.65
2009-05-09,5.36,26.23,86.98,17.57,2.3,0.65
2009-05-10,2.53,26.16,88.24,17.05,1.82,0.66
2009-05-11,3.8,26.09,85.93,11.95,1.76,0.66
2009-05-12,6.22,25.23,89.44,14.81,1.65,0.66
2009-05-13,0.82,25.75,82.98,16.55,1.94,0.66
2009-05-14,0.76,26.02,83.28,19.59,2.14,0.66
2009-05-15,0.05,26.47,83.24,17.69,1.62,0.65
2009-05-16,0.03,26.66,84.8,16.31,1.4,0.65
2009-05-17,0.02,27.01,83.52,17.93,1.0,0.64
2009-05-18,0.19,27.04,82.51,17.73,0.97,0.64
2009-05-19,0.42,26.6,82.05,16.98,1.16,0.63
2009-05-20,0.11,26.47,83.89,18.71,1.66,0.63
2009-05-21,3.52,26.12,84.27,18.57,1.82,0.63
2009-05-22,13.51,25.72,84.51,17.79,1.75,0.64
2009-05-23,1.56,26.11,84.9,18.05,1.67,0.65
2009-05-24,1.4,25.89,88.92,16.01,1.93,0.65
2009-05-25,0.59,26.81,84.97,17.93,1.66,0.64
2009-05-26,1.19,26.33,86.47,16.68,1.7,0.64
2009-05-27,0.89,26.13,87.17,14.78,1.53,0.64
2009-05-28,1.07,26.29,84.44,17.86,1.78,0.63
2009-05-29,2.56,25.88,85.6,14.56,1.43,0.63
2009-05-30,1.52,26.34,83.03,16.28,1.42,0.63
2009-05-31,0.0,26.77,82.16,17.74,1.64,0.62
2009-06-01,0.1,26.93,82.82,17.82,1.5,0.62
2009-06-02,0.02,26.75,83.2,18.31,1.8,0.61
2009-06-03,0.09,26.34,82.38,18.37,1.92,0.61
2009-06-04,0.26,26.14,81.85,18.81,1.91,0.6
2009-06-05,0.31,26.21,81.64,18.82,1.81,0.6
2009-06-06,0.14,26.12,82.81,19.04,1.92,0.6
2009-06-07,0.02,26.23,81.98,17.92,2.08,0.59
2009-06-08,0.21,26.35,82.39,17.6,1.81,0.59
2009-06-09,0.48,26.42,81.46,15.62,1.8,0.59
2009-06-10,0.06,26.34,79.87,18.86,1.79,0.58
2009-06-11,0.0,26.05,79.01,18.5,1.73,0.58
2009-06-12,0.01,25.92,79.65,19.04,1.85,0.58
2009-06-13,0.0,25.26,77.84,20.22,2.07,0.57
2009-06-14,0.0,24.83,76.16,20.46,1.97,0.57
2009-06-15,0.0,24.99,79.12,19.84,2.03,0.57
2009-06-16,0.03,25.43,77.23,18.45,1.88,0.56
2009-06-17,0.0,25.81,76.43,18.82,1.77,0.56
2009-06-18,0.03,25.79,79.89,19.82,1.95,0.56
2009-06-19,0.03,25.78,80.03,18.84,2.17,0.55
2009-06-20,0.0,25.28,78.83,19.88,2.22,0.55
2009-06-21,0.01,25.13,76.93,20.3,2.11,0.55
2009-06-22,0.04,24.88,77.68,20.38,1.86,0.55
2009-06-23,0.01,24.75,79.13,19.41,1.68,0.54
2009-06-24,0.02,24.85,77.78,19.79,1.71,0.54
2009-06-25,0.0,24.9,77.91,19.24,1.66,0.54
2009-06-26,0.0,25.19,79.6,18.92,1.82,0.54
2009-06-27,0.07,25.73,82.28,18.44,1.91,0.54
2009-06-28,0.04,25.52,82.07,19.84,2.4,0.54
2009-06-29,0.0,25.07,80.14,19.73,2.13,0.54
2009-06-30,0.0,24.94,76.7,19.46,2.06,0.53
2009-07-01,0.14,24.99,82.31,16.89,1.99,0.53
2009-07-02,1.81,25.85,80.64,18.31,1.9,0.53
2009-07-03,0.3,25.79,80.73,18.88,1.95,0.53
2009-07-04,0.0,25.85,78.64,18.79,2.01,0.53
2009-07-05,0.03,25.61,79.54,19.44,2.08,0.53
2009-07-06,0.1,25.32,77.21,19.48,2.18,0.52
2009-07-07,0.0,24.68,73.6,20.82,2.36,0.52
2009-07-08,0.0,24.4,71.93,20.23,2.05,0.52
2009-07-09,0.01,24.75,75.91,19.45,2.1,0.52
2009-07-10,0.01,24.54,73.08,19.21,2.24,0.51
2009-07-11,0.02,24.12,71.81,20.76,2.23,0.51
2009-07-12,0.33,24.13,67.83,21.1,2.48,0.51
2009-07-13,0.04,24.38,71.14,19.14,2.3,0.51
2009-07-14,0.0,24.89,76.31,15.35,2.33,0.51
2009-07-15,0.02,25.34,73.4,19.03,2.16,0.5
2009-07-16,0.0,24.72,77.04,19.27,2.31,0.5
2009-07-17,0.02,24.52,76.97,19.2,2.17,0.5
2009-07-18,0.09,24.78,79.33,19.13,2.03,0.5
2009-07-19,0.09,25.46,79.84,18.22,1.35,0.5
2009-07-20,3.97,25.26,84.59,15.9,1.72,0.5
2009-07-21,1.56,25.37,83.86,18.7,2.0,0.51
2009-07-22,2.37,25.53,85.37,14.07,1.91,0.51
2009-07-23,2.02,26.16,83.82,17.63,1.4,0.51
2009-07-24,2.04,26.07,81.71,17.06,1.78,0.51
2009-07-25,0.88,25.3,82.52,20.04,2.12,0.51
2009-07-26,0.02,25.44,80.27,20.94,2.2,0.51
2009-07-27,0.03,25.09,81.84,19.08,2.15,0.5
2009-07-28,0.04,25.17,80.66,20.39,1.98,0.5
2009-07-29,0.01,24.78,76.54,19.64,2.34,0.5
2009-07-30,0.0,24.39,70.98,20.85,2.26,0.49
2009-07-31,0.0,23.92,72.31,21.58,2.14,0.49
2009-08-01,0.01,24.56,74.79,20.12,2.2,0.49
2009-08-02,0.03,24.47,76.93,20.18,2.42,0.49
2009-08-03,0.03,24.81,76.22,19.31,2.41,0.49
2009-08-04,0.03,25.45,77.72,19.46,1.85,0.48
2009-08-05,0.03,25.47,79.26,20.44,1.9,0.48
2009-08-06,0.02,25.01,79.82,20.41,2.01,0.48
2009-08-07,0.02,24.64,77.36,18.43,2.31,0.48
2009-08-08,0.0,24.82,75.67,18.99,1.88,0.48
2009-08-09,0.0,25.13,76.37,19.66,1.82,0.48
2009-08-10,0.0,25.46,78.95,21.34,1.52,0.48
2009-08-11,0.01,25.58,80.79,17.37,1.62,0.47
2009-08-12,0.0,25.65,79.05,18.62,1.87,0.47
2009-08-13,0.0,25.75,78.17,19.64,1.72,0.47
2009-08-14,0.0,25.68,78.17,20.26,1.92,0.47
2009-08-15,0.13,25.34,78.57,17.83,1.92,0.47
2009-08-16,0.0,25.51,79.11,20.49,2.08,0.47
2009-08-17,0.0,25.76,77.98,21.11,2.22,0.47
2009-08-18,0.0,25.37,75.8,21.73,2.25,0.47
2009-08-19,0.0,24.97,78.53,22.97,2.68,0.47
2009-08-20,0.0,24.93,76.05,21.02,2.55,0.46
2009-08-21,0.0,25.18,76.84,21.34,1.89,0.46
2009-08-22,0.0,25.15,76.61,21.73,1.99,0.46
2009-08-23,0.0,24.98,77.99,20.97,2.06,0.46
2009-08-24,0.0,24.58,77.46,22.48,2.33,0.46
2009-08-25,0.02,24.43,77.35,22.9,2.08,0.46
2009-08-26,0.0,24.36,74.45,22.96,2.06,0.46
2009-08-27,0.01,24.73,75.59,22.93,1.94,0.46
2009-08-28,0.02,24.88,75.79,22.14,1.71,0.46
2009-08-29,0.09,24.96,79.14,20.85,2.12,0.46
2009-08-30,0.04,25.42,77.68,21.05,2.06,0.46
2009-08-31,0.01,25.32,76.29,20.57,1.89,0.46
2009-09-01,0.74,25.11,79.98,19.53,1.89,0.46
2009-09-02,6.44,24.84,82.5,17.22,2.16,0.46
2009-09-03,2.28,25.18,81.17,16.29,2.08,0.47
2009-09-04,0.03,25.53,78.84,21.64,1.96,0.47
2009-09-05,0.03,25.61,78.68,22.13,1.88,0.47
2009-09-06,0.31,25.58,78.29,21.4,2.15,0.46
2009-09-07,1.23,25.73,80.67,19.53,2.14,0.46
2009-09-08,0.09,26.39,75.93,23.36,1.84,0.46
2009-09-09,0.0,26.18,77.97,21.43,1.49,0.46
2009-09-10,0.0,26.72,74.51,22.07,1.44,0.46
2009-09-11,0.0,26.6,76.99,23.13,1.63,0.46
2009-09-12,0.2,26.42,78.19,23.33,1.78,0.45
2009-09-13,1.21,26.35,80.05,20.47,2.15,0.45
2009-09-14,1.62,26.59,78.49,22.35,1.9,0.45
2009-09-15,1.28,26.61,79.52,22.01,1.75,0.46
2009-09-16,0.06,26.49,78.32,20.66,2.43,0.45
2009-09-17,0.02,26.52,78.41,20.68,2.01,0.45
2009-09-18,0.08,26.54,77.03,20.86,2.12,0.45
2009-09-19,2.03,26.41,77.62,19.07,2.06,0.45
2009-09-20,12.0,25.16,82.61,14.09,2.17,0.46
2009-09-21,14.2,24.88,84.84,17.02,2.26,0.49
2009-09-22,1.56,25.01,79.28,18.42,2.16,0.5
2009-09-23,0.12,25.84,78.9,22.08,1.89,0.5
2009-09-24,0.02,26.44,77.38,23.98,1.73,0.49
2009-09-25,0.0,26.41,75.51,26.26,1.68,0.48
2009-09-26,0.02,26.26,77.02,24.67,1.73,0.48
2009-09-27,0.0,26.44,69.95,24.76,1.74,0.47
2009-09-28,0.0,26.39,73.41,24.5,1.5,0.47
2009-09-29,0.04,26.56,75.88,24.18,1.29,0.46
2009-09-30,0.27,25.94,79.0,22.58,1.94,0.46
2009-10-01,0.43,25.74,80.65,16.56,2.63,0.46
2009-10-02,0.63,25.66,78.43,15.8,2.41,0.46
2009-10-03,0.02,25.79,74.55,21.28,2.17,0.46
2009-10-04,0.0,26.46,73.98,22.2,2.0,0.46
2009-10-05,0.0,26.81,72.85,23.11,1.72,0.45
2009-10-06,0.0,26.61,75.22,24.18,1.75,0.45
2009-10-07,0.19,26.71,76.96,20.7,1.77,0.45
2009-10-08,0.26,26.94,75.81,20.89,1.79,0.45
2009-10-09,0.01,27.28,74.14,24.59,2.11,0.45
2009-10-10,0.27,27.29,78.17,23.39,1.83,0.45
2009-10-11,20.22,26.66,80.73,23.75,1.9,0.47
2009-10-12,4.57,26.74,78.37,22.73,2.01,0.49
2009-10-13,0.0,26.53,73.5,22.9,2.05,0.48
2009-10-14,0.0,26.36,72.41,25.23,1.72,0.48
2009-10-15,0.0,26.22,74.11,26.82,1.57,0.47
2009-10-16,0.0,26.79,73.01,24.99,1.38,0.47
2009-10-17,0.04,27.41,72.28,24.94,1.42,0.46
2009-10-18,0.19,28.1,75.52,24.61,1.39,0.46
2009-10-19,0.04,28.08,75.97,24.85,1.72,0.46
2009-10-20,0.02,27.91,73.68,25.65,1.78,0.45
2009-10-21,0.36,27.98,72.5,25.14,1.56,0.45
2009-10-22,4.01,27.36,78.8,21.97,1.91,0.45
2009-10-23,1.65,27.43,79.57,21.03,1.47,0.46
2009-10-24,1.07,27.4,79.56,22.74,1.79,0.46
2009-10-25,0.17,27.77,75.17,23.57,1.92,0.45
2009-10-26,0.22,27.59,75.06,23.58,1.76,0.45
2009-10-27,0.01,27.78,67.82,25.03,1.46,0.45
2009-10-28,0.0,27.98,68.96,25.15,1.47,0.45
2009-10-29,0.0,28.09,69.53,25.11,1.41,0.44
2009-10-30,0.0,28.12,69.24,24.81,1.29,0.44
2009-10-31,0.18,27.81,69.96,24.65,1.46,0.44
2009-11-01,1.11,27.95,71.81,22.51,1.6,0.44
2009-11-02,0.65,28.25,71.4,24.48,1.87,0.44
2009-11-03,0.31,28.53,69.27,25.47,1.51,0.44
2009-11-04,0.12,28.9,71.16,25.96,1.57,0.44
2009-11-05,4.45,28.92,71.72,23.91,1.53,0.44
2009-11-06,4.98,28.31,74.6,23.91,1.83,0.45
2009-11-07,0.01,28.35,71.98,23.4,1.96,0.45
2009-11-08,0.12,28.46,73.67,21.42,1.78,0.45
2009-11-09,0.46,28.57,74.88,23.5,1.85,0.44
2009-11-10,1.01,28.8,72.93,24.38,1.38,0.44
2009-11-11,0.13,28.93,71.76,25.19,1.44,0.44
2009-11-12,0.3,28.83,74.34,23.44,1.39,0.44
2009-11-13,3.88,28.05,79.49,22.23,1.72,0.44
2009-11-14,1.8,28.23,77.66,21.18,1.57,0.45
2009-11-15,14.89,28.09,77.55,21.71,1.4,0.46
2009-11-16,3.17,28.34,74.88,22.23,1.19,0.48
2009-11-17,2.39,28.77,71.75,23.59,1.13,0.48
2009-11-18,23.24,27.7,79.74,20.77,1.18,0.49
2009-11-19,16.74,26.31,88.12,20.9,1.33,0.54
2009-11-20,3.63,27.18,81.35,19.17,1.52,0.55
2009-11-21,6.24,26.99,80.33,20.12,1.73,0.54
2009-11-22,0.27,27.26,77.9,22.7,1.97,0.53
2009-11-23,0.06,27.6,74.11,24.76,1.94,0.52
2009-11-24,0.0,27.78,73.97,24.95,1.65,0.51
2009-11-25,0.03,27.98,74.16,22.33,1.63,0.5
2009-11-26,0.08,28.25,72.08,23.72,1.04,0.49
2009-11-27,0.09,28.07,73.72,24.05,0.93,0.48
2009-11-28,0.07,28.51,70.3,22.91,1.72,0.48
2009-11-29,0.35,27.73,76.32,23.33,1.49,0.47
2009-11-30,9.94,27.8,80.58,21.62,1.57,0.48
2009-12-01,0.37,27.77,76.49,24.68,1.66,0.49
2009-12-02,0.0,27.84,72.71,24.7,1.47,0.48
2009-12-03,0.34,28.02,72.8,24.99,1.3,0.48
2009-12-04,12.56,27.23,79.02,21.08,1.17,0.48
2009-12-05,16.93,27.79,77.57,25.23,1.62,0.51
2009-12-06,18.23,28.05,77.43,24.35,1.56,0.55
2009-12-07,1.68,28.5,76.0,23.21,1.28,0.54
2009-12-08,4.82,27.92,79.02,23.05,0.93,0.53
2009-12-09,1.76,27.7,79.71,24.6,1.43,0.53
2009-12-10,0.0,27.7,76.13,25.98,1.67,0.52
2009-12-11,0.0,27.67,74.92,25.72,1.69,0.51
2009-12-12,0.0,27.97,74.93,25.61,1.46,0.5
2009-12-13,0.01,28.31,74.04,24.22,1.18,0.49
2009-12-14,0.21,28.05,73.74,22.93,1.52,0.49
2009-12-15,28.7,27.41,78.87,19.13,1.83,0.5
2009-12-16,14.05,27.12,84.4,17.33,2.07,0.56
2009-12-17,1.99,27.54,80.11,20.67,1.92,0.55
2009-12-18,3.47,26.71,84.83,20.59,1.79,0.54
2009-12-19,0.39,27.21,81.55,21.31,2.11,0.54
2009-12-20,0.63,27.09,81.15,19.74,2.05,0.53
2009-12-21,1.62,26.96,80.54,18.25,2.05,0.52
2009-12-22,0.75,26.97,79.39,16.07,1.33,0.51
2009-12-23,1.27,26.83,80.48,21.42,1.42,0.51
2009-12-24,5.44,27.05,83.51,20.68,1.66,0.51
2009-12-25,3.05,27.73,80.71,20.51,1.5,0.51
2009-12-26,10.02,27.3,83.16,20.68,1.39,0.52
2009-12-27,1.08,27.86,78.0,21.19,1.28,0.52
2009-12-28,11.91,26.55,85.89,16.06,1.23,0.52
2009-12-29,5.21,26.94,77.84,19.36,1.06,0.54
2009-12-30,2.7,26.43,82.99,17.42,1.04,0.54
2009-12-31,0.76,27.31,80.94,18.38,1.05,0.53
2010-01-01,1.9,27.12,83.48,22.18,1.28,0.53
2010-01-02,1.13,28.26,79.53,24.97,1.35,0.52
2010-01-03,1.7,27.58,85.63,21.19,1.6,0.52
2010-01-04,10.14,27.24,85.89,20.84,1.61,0.53
2010-01-05,3.78,27.95,77.53,20.72,1.97,0.54
2010-01-06,5.75,27.16,83.83,13.99,1.9,0.53
2010-01-07,58.73,26.84,81.53,14.88,1.87,0.58
2010-01-08,17.92,26.73,80.99,17.29,1.91,0.63
2010-01-09,26.73,26.36,82.57,13.88,1.99,0.63
2010-01-10,37.06,26.18,84.7,16.64,2.08,0.7
2010-01-11,3.91,26.61,80.65,16.84,2.26,0.7
2010-01-12,4.39,26.71,83.41,20.37,2.56,0.67
2010-01-13,17.42,27.04,84.64,12.36,2.36,0.66
2010-01-14,9.15,26.88,85.26,17.03,2.3,0.67
2010-01-15,3.15,26.67,85.84,13.55,2.23,0.65
2010-01-16,6.9,26.54,86.58,12.5,2.59,0.64
2010-01-17,5.22,26.37,87.15,12.64,2.15,0.63
2010-01-18,13.37,26.56,87.56,10.91,2.0,0.63
2010-01-19,3.76,26.62,83.67,21.7,2.16,0.64
2010-01-20,1.94,26.4,82.57,23.15,2.02,0.62
2010-01-21,2.25,26.14,82.64,21.76,1.77,0.61
2010-01-22,19.3,26.64,84.42,15.77,1.67,0.61
2010-01-23,46.5,25.87,91.48,19.98,1.78,0.67
2010-01-24,22.73,26.49,85.96,21.96,1.42,0.73
2010-01-25,1.9,26.55,85.68,22.17,1.15,0.72
2010-01-26,1.34,26.39,83.15,19.99,1.08,0.69
2010-01-27,2.9,26.63,82.14,21.11,1.48,0.67
2010-01-28,1.31,26.91,80.99,22.51,1.4,0.65
2010-01-29,2.03,26.85,83.52,19.98,1.19,0.64
2010-01-30,23.7,27.18,81.77,23.61,1.22,0.65
2010-01-31,19.05,27.24,84.99,20.77,1.71,0.69
2010-02-01,17.79,26.93,90.26,16.99,1.78,0.7
2010-02-02,4.22,26.32,86.13,20.03,1.54,0.7
2010-02-03,5.24,26.96,83.95,21.32,1.69,0.68
2010-02-04,5.39,27.09,84.47,17.67,1.35,0.68
2010-02-05,5.78,27.41,81.16,21.32,0.88,0.67
2010-02-06,6.19,27.16,81.4,13.19,0.44,0.67
2010-02-07,42.14,26.78,80.15,17.82,0.84,0.69
2010-02-08,18.68,27.22,78.77,18.79,0.65,0.75
2010-02-09,4.16,27.49,76.99,22.16,0.83,0.73
2010-02-10,0.97,27.27,80.46,23.43,1.18,0.71
2010-02-11,0.99,27.77,79.96,21.38,0.95,0.69
2010-02-12,0.46,27.63,81.12,20.58,1.04,0.68
2010-02-13,0.6,27.95,79.14,21.42,1.07,0.67
2010-02-14,0.71,27.49,83.64,18.81,1.14,0.66
2010-02-15,6.83,27.07,85.74,21.83,1.35,0.66
2010-02-16,0.88,28.1,76.94,23.06,1.09,0.67
2010-02-17,0.17,27.83,78.03,24.19,1.01,0.66
2010-02-18,2.53,27.01,83.38,21.34,1.25,0.65
2010-02-19,5.59,27.37,80.62,16.92,1.1,0.66
2010-02-20,2.15,27.24,79.23,20.02,1.35,0.66
2010-02-21,0.72,28.21,75.2,22.22,0.95,0.65
2010-02-22,4.26,27.77,81.52,20.87,1.25,0.65
2010-02-23,2.78,27.81,79.19,20.68,1.07,0.65
2010-02-24,0.88,27.6,81.25,20.88,1.25,0.65
2010-02-25,0.66,28.29,78.53,22.22,1.03,0.64
2010-02-26,0.61,27.71,83.15,24.56,1.32,0.64
2010-02-27,0.12,27.89,82.31,23.67,1.69,0.64
2010-02-28,4.71,28.03,82.43,20.19,1.58,0.63
2010-03-01,2.01,27.82,82.68,17.77,1.69,0.64
2010-03-02,3.0,27.97,81.24,21.68,1.41,0.63
2010-03-03,2.17,27.42,82.18,18.46,1.33,0.63
2010-03-04,1.63,28.08,77.58,17.56,0.93,0.63
2010-03-05,6.58,27.23,87.74,19.81,1.05,0.63
2010-03-06,2.3,27.77,81.72,19.77,0.94,0.64
2010-03-07,0.7,27.4,83.13,20.2,1.0,0.64
2010-03-08,0.6,28.14,78.07,21.31,0.79,0.63
2010-03-09,1.8,28.33,78.0,22.92,1.18,0.63
2010-03-10,1.11,28.38,76.78,23.84,1.49,0.63
2010-03-11,16.83,27.59,79.81,20.78,1.54,0.63
2010-03-12,11.05,27.59,79.38,22.1,1.45,0.66
2010-03-13,0.14,27.41,79.08,24.97,1.9,0.65
2010-03-14,0.03,27.63,77.9,24.76,1.57,0.64
2010-03-15,0.05,27.96,74.54,23.19,1.25,0.63
2010-03-16,0.65,27.75,78.64,21.07,0.98,0.62
2010-03-17,0.69,27.67,78.79,21.7,1.11,0.62
2010-03-18,0.97,28.38,74.11,22.67,1.06,0.61
2010-03-19,2.77,28.2,76.49,22.82,1.34,0.61
2010-03-20,6.58,27.78,79.86,22.72,1.73,0.61
2010-03-21,6.96,27.91,80.79,20.64,1.15,0.62
2010-03-22,5.39,28.17,79.69,21.38,0.88,0.62
2010-03-23,1.73,28.13,79.89,22.94,1.76,0.62
2010-03-24,0.75,28.08,78.87,24.0,1.45,0.61
2010-03-25,2.44,28.2,77.96,22.7,0.97,0.6
2010-03-26,1.63,28.71,73.21,18.26,0.56,0.6
2010-03-27,1.27,28.44,74.04,21.85,1.1,0.6
2010-03-28,9.06,28.0,78.62,18.18,1.18,0.6
2010-03-29,6.76,27.95,78.46,18.78,0.5,0.61
2010-03-30,3.66,28.03,77.68,16.81,0.85,0.62
2010-03-31,2.3,27.53,81.75,14.73,1.21,0.61
2010-04-01,0.58,27.62,82.33,21.62,1.44,0.61
2010-04-02,0.3,27.28,83.51,19.83,1.14,0.6
2010-04-03,1.33,27.49,84.68,18.48,1.21,0.6
2010-04-04,5.52,27.09,87.12,19.21,1.09,0.6
2010-04-05,2.5,26.92,84.04,20.86,1.05,0.61
2010-04-06,1.97,27.43,79.86,18.98,1.01,0.61
2010-04-07,9.81,27.98,77.11,19.4,0.97,0.61
2010-04-08,5.51,27.99,78.52,17.35,0.72,0.62
2010-04-09,0.49,28.6,73.97,18.48,0.67,0.62
2010-04-10,3.08,28.95,70.75,19.21,0.33,0.61
2010-04-11,5.63,28.43,76.01,20.06,0.93,0.61
2010-04-12,1.73,28.3,77.06,19.09,0.6,0.61
2010-04-13,5.18,28.23,78.73,20.69,0.77,0.6
2010-04-14,3.39,28.1,81.69,16.42,0.74,0.61
2010-04-15,5.41,27.54,84.54,17.15,1.1,0.61
2010-04-16,4.63,27.0,87.2,15.94,1.07,0.62
2010-04-17,5.38,27.43,83.21,16.18,0.96,0.62
2010-04-18,8.35,26.97,88.73,15.04,1.52,0.63
2010-04-19,5.66,26.86,87.63,12.1,1.45,0.64
2010-04-20,9.31,26.52,88.16,6.34,1.35,0.64
2010-04-21,8.15,26.19,86.92,11.99,1.4,0.65
2010-04-22,1.25,26.93,85.57,17.01,1.61,0.65
2010-04-23,1.7,27.81,82.1,15.66,0.98,0.64
2010-04-24,1.74,27.83,82.7,17.43,1.1,0.63
2010-04-25,1.19,26.98,85.56,15.81,0.97,0.62
2010-04-26,1.09,27.53,85.93,18.05,1.19,0.62
2010-04-27,0.18,27.92,77.66,19.51,1.68,0.61
2010-04-28,0.29,28.01,78.65,19.78,1.34,0.6
2010-04-29,0.2,28.17,77.04,20.86,1.18,0.59
2010-04-30,0.02,28.19,79.03,21.58,1.58,0.59
2010-05-01,0.48,28.09,83.19,20.66,1.92,0.58
2010-05-02,2.99,27.78,85.06,18.26,2.12,0.58
2010-05-03,3.3,27.22,87.79,8.48,2.03,0.58
2010-05-04,22.11,27.09,87.69,17.36,2.15,0.6
2010-05-05,9.85,27.3,87.72,19.15,2.19,0.63
2010-05-06,11.84,27.01,87.78,18.22,1.97,0.64
2010-05-07,3.54,27.04,85.87,12.65,2.11,0.64
2010-05-08,3.67,27.11,86.12,17.67,2.08,0.63
2010-05-09,0.94,26.9,84.51,11.92,2.08,0.62
2010-05-10,11.75,26.73,85.85,15.74,1.94,0.62
2010-05-11,6.5,26.71,87.81,15.22,1.53,0.64
2010-05-12,2.64,27.16,84.77,13.66,1.18,0.63
2010-05-13,6.27,27.14,86.01,16.36,0.96,0.63
2010-05-14,5.61,27.21,84.76,13.37,0.93,0.64
2010-05-15,2.23,27.29,85.09,14.99,0.85,0.63
2010-05-16,4.32,27.03,89.3,9.48,1.49,0.63
2010-05-17,3.38,27.54,85.29,17.6,1.27,0.63
2010-05-18,0.69,27.89,80.78,18.79,0.92,0.63
2010-05-19,2.1,27.95,83.14,18.23,1.13,0.62
2010-05-20,4.77,27.86,83.86,19.35,1.2,0.62
2010-05-21,6.14,27.29,86.82,16.2,1.32,0.62
2010-05-22,3.75,27.06,84.44,11.07,1.07,0.63
2010-05-23,2.47,27.37,83.44,15.09,1.32,0.62
2010-05-24,3.22,27.1,87.23,11.06,1.27,0.62
2010-05-25,0.98,26.55,91.74,17.88,1.14,0.62
2010-05-26,3.41,27.41,83.32,17.46,0.75,0.62
2010-05-27,4.6,26.72,88.52,17.66,1.57,0.62
2010-05-28,6.17,26.0,90.49,14.98,1.94,0.63
2010-05-29,18.9,26.48,87.59,15.2,1.79,0.64
2010-05-30,6.03,26.66,87.59,15.67,1.88,0.66
2010-05-31,3.48,26.42,89.01,14.74,2.01,0.65
2010-06-01,0.31,26.97,85.21,18.24,1.71,0.64
2010-06-02,0.89,27.33,86.31,18.2,1.8,0.63
2010-06-03,0.57,27.11,86.87,18.38,1.64,0.62
2010-06-04,9.38,26.69,86.18,17.1,2.03,0.63
2010-06-05,0.36,26.4,80.01,18.36,2.07,0.62
2010-06-06,1.37,26.06,80.44,18.39,2.02,0.62
2010-06-07,0.31,26.59,81.3,17.16,1.85,0.61
2010-06-08,2.14,26.46,85.55,15.58,1.87,0.6
2010-06-09,2.47,26.29,86.86,16.64,2.02,0.6
2010-06-10,4.33,26.3,84.97,16.99,1.95,0.6
2010-06-11,0.34,26.68,81.68,18.55,1.84,0.6
2010-06-12,0.88,26.7,83.7,15.54,1.92,0.6
2010-06-13,1.23,26.12,87.54,16.21,1.83,0.59
2010-06-14,9.43,25.95,88.72,16.13,1.83,0.6
2010-06-15,3.82,26.5,85.75,18.3,1.73,0.61
2010-06-16,0.15,26.32,85.81,17.29,1.93,0.6
2010-06-17,0.17,26.38,84.02,16.69,2.1,0.6
2010-06-18,0.05,26.04,80.63,18.17,2.37,0.59
2010-06-19,0.07,25.7,82.08,17.59,2.35,0.58
2010-06-20,0.11,25.34,79.74,19.31,2.38,0.58
2010-06-21,0.09,25.4,80.9,19.35,2.37,0.57
2010-06-22,0.13,25.47,81.52,19.03,2.55,0.57
2010-06-23,0.1,25.82,83.1,15.26,2.16,0.56
2010-06-24,0.08,25.51,80.42,13.15,2.52,0.56
2010-06-25,1.07,25.39,84.49,15.98,2.29,0.56
2010-06-26,2.3,25.49,85.6,13.62,2.43,0.56
2010-06-27,5.08,25.81,86.97,16.41,1.99,0.56
2010-06-28,0.49,25.61,81.67,19.3,2.17,0.56
2010-06-29,0.05,25.82,78.68,18.95,2.01,0.56
2010-06-30,0.52,25.99,82.52,17.66,1.94,0.55
2010-07-01,2.67,26.08,85.51,18.69,2.23,0.55
2010-07-02,1.6,26.78,83.46,18.55,2.0,0.55
2010-07-03,6.25,26.99,86.08,16.29,1.58,0.56
2010-07-04,10.8,26.56,86.88,17.21,1.48,0.57
2010-07-05,49.6,26.46,86.67,14.56,0.92,0.64
2010-07-06,9.29,26.5,83.59,16.01,0.89,0.68
2010-07-07,1.38,26.93,80.05,18.83,0.67,0.66
2010-07-08,0.22,27.0,80.74,17.02,0.8,0.64
2010-07-09,1.15,25.97,87.8,16.04,1.41,0.63
2010-07-10,0.45,26.0,85.94,16.49,1.65,0.62
2010-07-11,24.47,26.0,89.02,12.9,1.78,0.64
2010-07-12,7.38,26.06,86.58,18.24,1.97,0.66
2010-07-13,0.89,25.27,85.03,18.64,2.35,0.64
2010-07-14,0.02,25.6,82.93,18.5,2.4,0.63
2010-07-15,0.02,25.65,82.44,19.37,2.36,0.62
2010-07-16,0.07,25.64,83.66,17.03,2.38,0.61
2010-07-17,0.09,25.75,84.19,16.84,2.52,0.6
2010-07-18,0.04,25.22,79.54,19.13,2.69,0.59
2010-07-19,0.06,25.0,79.8,20.39,2.48,0.59
2010-07-20,0.0,25.26,81.75,19.11,2.17,0.58
2010-07-21,0.03,25.09,80.78,18.28,2.17,0.58
2010-07-22,0.25,24.95,81.06,19.52,2.39,0.57
2010-07-23,0.13,24.43,77.44,19.9,2.64,0.57
2010-07-24,0.05,25.01,79.87,17.21,2.18,0.56
2010-07-25,18.48,25.49,88.02,14.39,1.89,0.57
2010-07-26,20.29,25.55,89.29,9.99,1.85,0.61
2010-07-27,36.86,25.52,90.14,15.68,1.94,0.65
2010-07-28,11.67,25.93,87.83,18.39,1.74,0.69
2010-07-29,0.34,25.92,85.29,20.48,2.0,0.67
2010-07-30,0.07,25.42,84.69,19.64,2.17,0.65
2010-07-31,0.08,25.13,82.89,19.61,2.35,0.63
2010-08-01,0.01,25.08,82.88,20.77,2.23,0.62
2010-08-02,0.72,25.52,84.59,19.35,2.47,0.61
2010-08-03,0.42,25.34,84.33,18.65,2.55,0.61
2010-08-04,0.02,25.16,82.39,16.87,2.54,0.6
2010-08-05,0.01,24.84,80.97,20.13,2.45,0.59
2010-08-06,0.07,24.92,79.01,19.41,2.39,0.59
2010-08-07,0.03,25.28,80.03,19.87,2.0,0.58
2010-08-08,0.11,25.26,81.83,16.79,2.03,0.58
2010-08-09,0.01,25.32,80.28,18.0,2.24,0.57
2010-08-10,0.0,25.58,75.34,20.47,2.23,0.57
2010-08-11,0.0,26.04,77.55,20.24,1.61,0.56
2010-08-12,0.05,26.29,83.24,18.91,1.65,0.56
2010-08-13,0.34,26.42,81.64,20.39,1.84,0.56
2010-08-14,3.23,25.99,81.49,16.63,2.19,0.56
2010-08-15,0.0,25.94,76.36,22.14,2.1,0.56
2010-08-16,0.0,25.44,77.75,21.18,1.98,0.55
2010-08-17,0.0,25.58,79.32,20.71,1.4,0.55
2010-08-18,0.0,25.44,82.46,20.94,2.0,0.55
2010-08-19,0.1,25.78,81.22,19.75,2.23,0.54
2010-08-20,0.11,25.94,80.96,19.09,2.28,0.54
2010-08-21,1.08,25.73,82.29,16.31,2.18,0.54
2010-08-22,14.07,25.26,85.18,18.73,2.06,0.55
2010-08-23,7.27,25.47,86.57,19.19,1.82,0.58
2010-08-24,7.39,26.49,84.38,19.52,1.57,0.58
2010-08-25,1.68,26.22,84.05,19.47,1.94,0.59
2010-08-26,0.0,25.93,79.68,22.37,1.96,0.58
2010-08-27,0.0,25.6,79.08,22.23,1.83,0.57
2010-08-28,0.0,25.7,80.7,21.76,1.7,0.56
2010-08-29,0.04,26.2,81.86,21.19,1.91,0.56
2010-08-30,1.53,26.42,81.04,21.05,1.89,0.55
2010-08-31,2.0,26.59,78.59,22.46,1.82,0.55
2010-09-01,0.31,26.8,75.69,24.07,1.85,0.55
2010-09-02,0.01,26.14,77.22,22.41,2.18,0.54
2010-09-03,0.02,25.68,78.59,22.62,2.27,0.54
2010-09-04,0.36,25.74,82.18,18.06,2.27,0.54
2010-09-05,0.09,26.01,79.44,18.77,2.06,0.53
2010-09-06,2.01,26.53,80.37,19.68,1.25,0.53
2010-09-07,5.0,25.49,88.9,16.67,1.91,0.54
2010-09-08,12.69,26.15,87.71,19.43,1.58,0.55
2010-09-09,37.01,26.15,86.76,12.37,1.41,0.6
2010-09-10,17.86,26.18,86.88,21.02,1.32,0.65
2010-09-11,2.41,26.83,82.71,19.09,0.91,0.64
2010-09-12,10.69,26.73,83.03,21.7,1.55,0.64
2010-09-13,1.55,26.55,81.22,22.24,1.85,0.63
2010-09-14,4.1,26.86,81.45,21.89,1.5,0.62
2010-09-15,1.49,26.91,82.64,20.97,1.55,0.61
2010-09-16,9.23,26.45,85.74,20.28,1.65,0.61
2010-09-17,17.02,26.43,85.85,20.26,1.74,0.62
2010-09-18,6.35,26.38,86.82,22.13,2.18,0.64
2010-09-19,5.01,26.43,83.05,18.2,2.57,0.63
2010-09-20,16.78,26.01,84.88,19.59,2.46,0.63
2010-09-21,10.32,26.69,83.47,21.52,2.03,0.65
2010-09-22,65.81,25.64,91.15,16.45,1.95,0.69
2010-09-23,30.07,25.89,88.0,18.85,2.09,0.78
2010-09-24,21.76,25.02,89.3,16.38,2.67,0.78
2010-09-25,19.43,25.66,89.28,18.12,2.01,0.79
2010-09-26,0.59,26.1,87.9,23.13,1.89,0.76
2010-09-27,0.09,26.31,85.83,23.85,1.55,0.73
2010-09-28,0.13,26.76,83.65,23.69,1.59,0.71
2010-09-29,0.08,26.75,83.73,24.47,1.72,0.69
2010-09-30,0.06,26.96,82.19,22.42,1.66,0.68
2010-10-01,13.48,27.0,84.22,19.51,1.84,0.68
2010-10-02,9.77,26.6,86.4,21.15,2.0,0.69
2010-10-03,2.52,26.97,86.15,22.56,1.85,0.69
2010-10-04,1.28,26.96,87.62,21.71,1.87,0.68
2010-10-05,0.5,26.77,87.9,20.5,1.7,0.68
2010-10-06,0.29,27.3,82.46,21.01,2.07,0.67
2010-10-07,3.4,26.37,84.6,20.59,1.73,0.66
2010-10-08,4.71,25.96,76.6,11.7,1.46,0.67
2010-10-09,2.22,26.47,74.29,17.48,1.06,0.66
2010-10-10,1.34,26.77,78.64,21.13,1.15,0.66
2010-10-11,0.69,26.14,81.84,20.46,1.41,0.66
2010-10-12,1.77,26.11,82.23,22.89,2.16,0.65
2010-10-13,2.21,26.45,85.25,25.54,2.28,0.65
2010-10-14,0.36,26.69,81.69,23.9,1.93,0.65
2010-10-15,1.39,27.01,79.76,19.53,1.57,0.64
2010-10-16,2.33,26.72,81.83,20.41,1.85,0.64
2010-10-17,1.68,26.97,81.41,23.32,1.81,0.64
2010-10-18,0.48,27.1,81.42,24.66,2.19,0.63
2010-10-19,0.33,27.16,79.01,22.94,2.3,0.63
2010-10-20,1.68,27.29,75.84,21.74,2.31,0.62
2010-10-21,6.69,27.5,78.36,22.56,1.87,0.62
2010-10-22,6.83,27.13,82.55,20.0,2.07,0.63
2010-10-23,32.71,26.65,88.23,17.64,2.1,0.66
2010-10-24,25.8,27.39,85.48,18.89,1.41,0.72
2010-10-25,5.2,27.62,82.27,22.68,1.7,0.71
2010-10-26,15.53,27.57,84.39,18.29,1.66,0.72
2010-10-27,2.19,27.48,82.98,21.06,1.56,0.71
2010-10-28,0.36,27.21,82.11,22.14,1.45,0.69
2010-10-29,0.52,27.39,79.43,21.96,1.4,0.68
2010-10-30,3.35,27.31,80.58,20.83,1.39,0.68
2010-10-31,11.59,26.0,85.65,14.76,1.52,0.69
2010-11-01,37.91,26.48,82.76,17.52,1.63,0.71
2010-11-02,22.26,26.99,81.93,20.44,1.67,0.77
2010-11-03,8.23,27.12,84.84,18.14,1.73,0.76
2010-11-04,11.34,26.1,89.07,9.11,1.76,0.75
2010-11-05,2.47,25.79,86.23,15.22,1.78,0.74
2010-11-06,17.36,26.91,80.73,21.69,1.33,0.74
2010-11-07,4.96,27.04,84.97,18.91,1.23,0.75
2010-11-08,4.85,27.38,84.24,20.64,1.66,0.74
2010-11-09,1.83,27.57,82.48,21.64,1.68,0.73
2010-11-10,0.15,28.24,78.86,24.7,1.42,0.72
2010-11-11,0.17,28.12,75.9,24.74,1.16,0.71
2010-11-12,0.13,28.29,72.94,24.86,1.13,0.7
2010-11-13,0.0,28.28,74.85,24.46,1.31,0.69
2010-11-14,2.94,27.77,78.9,22.21,1.67,0.69
2010-11-15,4.16,27.48,79.41,23.29,1.65,0.69
2010-11-16,1.86,27.49,77.49,23.35,1.84,0.69
2010-11-17,0.0,27.5,76.21,25.01,1.95,0.68
2010-11-18,0.01,27.49,77.16,25.1,2.09,0.67
2010-11-19,0.04,27.65,78.45,24.01,1.82,0.67
2010-11-20,2.9,27.48,80.79,23.03,1.57,0.67
2010-11-21,24.43,27.25,84.67,19.97,1.66,0.7
2010-11-22,19.47,26.78,86.67,18.46,1.47,0.73
2010-11-23,7.61,27.71,82.78,19.4,1.62,0.73
2010-11-24,11.79,27.72,83.48,18.64,1.7,0.74
2010-11-25,4.05,27.54,85.23,21.22,1.28,0.73
2010-11-26,6.95,27.37,80.57,18.4,1.26,0.73
2010-11-27,4.22,27.94,77.19,20.84,1.17,0.73
2010-11-28,2.78,28.23,77.25,20.42,1.01,0.72
2010-11-29,4.4,27.84,79.04,18.72,1.2,0.72
2010-11-30,5.68,28.0,77.22,17.61,1.24,0.71
2010-12-01,1.31,27.46,80.79,18.0,1.33,0.71
2010-12-02,1.41,27.8,78.19,15.77,1.28,0.71
2010-12-03,1.07,28.03,76.34,16.24,1.08,0.7
2010-12-04,32.7,28.24,74.68,20.6,0.97,0.72
2010-12-05,10.99,28.01,79.76,16.91,0.81,0.75
2010-12-06,6.28,28.33,79.83,16.11,0.88,0.74
2010-12-07,5.89,28.05,81.32,20.36,1.03,0.74
2010-12-08,3.53,27.35,84.27,19.22,1.08,0.73
2010-12-09,6.52,27.07,86.38,12.33,1.16,0.73
2010-12-10,40.35,26.95,83.83,15.91,1.15,0.75
2010-12-11,47.65,26.26,86.41,14.31,1.47,0.82
2010-12-12,21.65,26.25,85.13,13.01,1.62,0.85
2010-12-13,5.71,26.33,84.31,15.88,1.47,0.83
2010-12-14,5.47,26.06,87.75,12.04,1.72,0.81
2010-12-15,2.64,25.97,84.29,16.19,1.79,0.79
2010-12-16,6.97,25.73,85.82,10.25,1.61,0.79
2010-12-17,24.76,25.8,90.76,10.91,2.18,0.8
2010-12-18,9.7,26.24,86.93,8.84,1.76,0.82
2010-12-19,17.45,26.45,87.26,18.55,1.7,0.81
2010-12-20,4.03,25.65,87.68,9.8,1.53,0.82
2010-12-21,73.0,25.66,87.04,15.79,1.72,0.84
2010-12-22,32.11,25.9,84.37,18.2,1.41,0.89
2010-12-23,7.41,25.39,87.88,14.81,1.56,0.88
2010-12-24,0.27,25.94,80.62,22.43,1.6,0.86
2010-12-25,2.29,26.05,83.19,20.81,2.0,0.85
2010-12-26,7.66,25.95,86.77,20.44,2.32,0.85
2010-12-27,9.55,26.16,88.27,18.13,2.34,0.85
2010-12-28,13.88,25.37,90.46,10.23,1.85,0.86
2010-12-29,10.93,25.83,85.97,8.55,1.72,0.86
2010-12-30,3.92,25.76,87.47,14.37,1.75,0.86
2010-12-31,22.44,25.83,87.92,14.48,1.89,0.87
2011-01-01,19.86,25.75,91.93,9.17,2.09,0.89
2011-01-02,2.85,26.28,85.68,16.07,1.54,0.89
2011-01-03,1.22,26.15,86.17,22.81,1.11,0.88
2011-01-04,1.42,25.65,88.29,18.37,0.74,0.87
2011-01-05,3.66,26.75,81.94,19.36,1.03,0.87
2011-01-06,4.74,26.71,84.8,17.53,1.22,0.87
2011-01-07,2.93,25.59,91.3,8.9,1.54,0.87
2011-01-08,11.33,25.98,85.51,15.89,1.87,0.87
2011-01-09,6.48,25.78,89.7,18.17,2.15,0.88
2011-01-10,7.39,25.9,89.41,19.55,1.97,0.87
2011-01-11,14.26,25.82,90.06,13.0,2.07,0.88
2011-01-12,16.58,25.84,88.99,11.56,2.25,0.89
2011-01-13,1.18,26.3,85.34,18.41,1.92,0.89
2011-01-14,2.95,26.13,88.02,18.19,2.08,0.88
2011-01-15,40.3,26.08,89.65,13.05,3.09,0.9
2011-01-16,19.05,25.72,90.39,14.44,2.66,0.92
2011-01-17,5.13,25.75,88.55,18.36,1.62,0.93
2011-01-18,6.8,25.67,89.26,19.89,1.46,0.92
2011-01-19,13.08,25.14,90.53,9.97,2.34,0.93
2011-01-20,12.59,25.24,88.41,12.45,2.17,0.93
2011-01-21,3.8,25.62,87.49,17.27,1.81,0.93
2011-01-22,3.13,25.32,87.37,20.14,1.7,0.92
2011-01-23,7.22,25.34,86.17,19.42,2.08,0.92
2011-01-24,13.87,25.13,89.71,15.03,2.22,0.93
2011-01-25,11.85,25.46,89.98,8.22,2.22,0.93
2011-01-26,6.77,25.36,90.23,21.62,1.74,0.93
2011-01-27,4.08,25.89,87.73,16.38,1.64,0.93
2011-01-28,2.24,26.71,83.37,22.35,1.11,0.92
2011-01-29,2.55,25.83,87.01,21.69,1.37,0.92
2011-01-30,11.47,25.69,89.89,22.24,1.84,0.91
2011-01-31,14.59,25.77,88.37,16.65,1.51,0.93
2011-02-01,14.83,26.47,84.81,14.4,1.45,0.93
2011-02-02,18.44,26.5,84.18,15.18,1.16,0.93
2011-02-03,13.82,25.7,90.39,17.81,1.43,0.95
2011-02-04,2.28,25.49,89.33,20.49,1.61,0.94
2011-02-05,21.82,25.84,91.02,11.85,2.34,0.94
2011-02-06,20.24,25.96,91.64,7.66,1.93,0.96
2011-02-07,18.98,25.89,90.25,11.24,2.09,0.97
2011-02-08,10.44,25.45,90.29,13.27,2.13,0.97
2011-02-09,4.49,25.63,88.03,14.54,1.78,0.97
2011-02-10,0.74,26.69,80.42,17.48,0.91,0.96
2011-02-11,1.5,27.32,79.55,23.44,1.26,0.95
2011-02-12,2.54,26.28,80.19,19.14,1.33,0.94
2011-02-13,3.79,25.14,85.47,20.13,2.23,0.93
2011-02-14,1.84,26.06,83.68,16.13,1.86,0.93
2011-02-15,22.3,26.02,87.5,15.59,1.49,0.93
2011-02-16,4.54,26.27,82.45,19.03,1.37,0.94
2011-02-17,1.32,25.97,86.92,18.0,1.71,0.93
2011-02-18,3.78,25.87,88.05,21.38,1.6,0.92
2011-02-19,1.67,26.34,86.88,24.71,1.64,0.92
2011-02-20,0.42,26.14,87.2,20.99,1.77,0.91
2011-02-21,5.32,26.2,86.68,19.9,1.99,0.9
2011-02-22,2.18,25.58,86.79,11.79,1.9,0.9
2011-02-23,1.94,24.87,87.77,13.76,1.68,0.9
2011-02-24,6.74,25.24,86.23,14.37,1.54,0.89
2011-02-25,11.61,25.06,90.55,11.65,2.23,0.9
2011-02-26,7.5,25.36,88.12,13.26,2.07,0.9
2011-02-27,1.43,25.99,85.94,20.72,2.24,0.9
2011-02-28,0.43,26.28,84.5,21.66,2.61,0.89
2011-03-01,8.55,26.03,86.71,15.45,2.33,0.88
2011-03-02,5.98,26.04,85.97,16.67,2.09,0.88
2011-03-03,4.18,26.11,87.49,17.35,1.93,0.88
2011-03-04,5.37,25.79,87.8,17.9,1.89,0.87
2011-03-05,2.19,25.67,86.84,15.9,1.8,0.87
2011-03-06,3.7,26.16,84.72,16.53,1.72,0.86
2011-03-07,7.68,25.59,85.41,14.26,1.78,0.86
2011-03-08,9.04,25.81,83.02,19.73,1.32,0.87
2011-03-09,1.7,26.02,85.38,15.8,1.19,0.86
2011-03-10,6.49,25.68,86.49,19.47,1.14,0.86
2011-03-11,9.03,26.17,86.28,17.89,1.5,0.87
2011-03-12,13.96,26.19,85.64,15.14,1.96,0.86
2011-03-13,13.02,26.06,86.57,17.14,1.84,0.88
2011-03-14,2.52,25.69,86.42,18.44,1.64,0.87
2011-03-15,1.68,26.25,81.45,19.65,1.34,0.86
2011-03-16,0.87,26.16,84.81,18.55,0.81,0.86
2011-03-17,0.63,26.89,81.43,19.93,0.86,0.85
2011-03-18,1.65,27.4,78.44,22.91,0.73,0.84
2011-03-19,1.3,27.15,81.67,21.6,1.06,0.84
2011-03-20,0.22,27.07,81.03,20.3,1.0,0.83
2011-03-21,2.41,26.59,85.31,18.76,1.29,0.82
2011-03-22,4.92,26.2,85.62,19.67,1.33,0.83
2011-03-23,0.12,26.48,81.74,19.45,1.23,0.82
2011-03-24,0.41,26.52,79.86,18.7,1.07,0.81
2011-03-25,0.32,27.34,75.82,21.87,1.01,0.81
2011-03-26,2.2,26.73,81.97,20.81,1.5,0.8
2011-03-27,4.43,26.53,83.62,15.68,1.8,0.8
2011-03-28,14.87,26.38,86.03,16.11,1.66,0.81
2011-03-29,8.25,26.37,85.87,16.91,1.32,0.82
2011-03-30,2.68,26.42,84.93,17.39,1.23,0.81
2011-03-31,16.65,26.73,80.26,12.51,1.13,0.82
2011-04-01,8.26,26.29,80.39,14.44,1.31,0.83
2011-04-02,7.04,26.06,85.63,18.58,1.36,0.83
2011-04-03,7.96,26.11,85.85,10.13,1.84,0.83
2011-04-04,3.84,26.52,84.28,12.68,1.68,0.82
2011-04-05,2.54,26.28,88.03,17.41,1.96,0.82
2011-04-06,2.51,25.47,90.63,17.64,1.81,0.82
2011-04-07,5.64,25.45,88.78,12.96,1.76,0.81
2011-04-08,6.55,25.66,84.98,11.08,1.45,0.82
2011-04-09,5.9,25.73,85.36,17.45,0.76,0.82
2011-04-10,23.44,25.63,90.21,12.17,1.29,0.83
2011-04-11,16.78,26.24,86.47,12.43,1.27,0.85
2011-04-12,14.22,26.45,86.14,17.24,0.75,0.86
2011-04-13,3.58,26.05,84.86,18.2,1.37,0.86
2011-04-14,16.47,26.04,85.08,13.11,1.32,0.86
2011-04-15,28.84,26.16,85.99,15.6,1.41,0.88
2011-04-16,11.18,26.63,83.38,17.34,1.54,0.9
2011-04-17,0.04,26.4,81.77,21.19,1.59,0.89
2011-04-18,4.0,26.35,85.76,20.52,1.71,0.88
2011-04-19,1.01,26.57,84.48,21.28,1.74,0.87
2011-04-20,0.7,26.15,89.48,21.19,2.01,0.86
2011-04-21,1.68,25.89,89.77,17.09,1.88,0.86
2011-04-22,2.55,25.33,90.38,15.32,2.21,0.86
2011-04-23,0.53,25.72,91.2,16.43,1.73,0.85
2011-04-24,5.05,26.56,87.28,20.18,1.48,0.85
2011-04-25,3.08,26.33,89.82,18.43,1.42,0.85
2011-04-26,0.41,26.53,84.55,21.09,1.74,0.85
2011-04-27,0.06,26.66,83.7,19.36,1.69,0.84
2011-04-28,1.22,26.07,88.5,15.94,1.35,0.83
2011-04-29,28.03,26.29,88.09,16.3,1.42,0.84
2011-04-30,29.75,26.59,87.19,18.55,1.38,0.88
2011-05-01,45.93,25.94,91.62,15.55,1.68,0.91
2011-05-02,17.85,25.73,88.84,13.4,1.67,0.94
2011-05-03,7.67,25.23,89.62,16.89,1.55,0.94
2011-05-04,0.68,26.31,81.15,17.93,1.23,0.93
2011-05-05,1.66,26.93,82.76,17.18,0.97,0.92
2011-05-06,15.54,26.33,86.63,9.73,1.09,0.92
2011-05-07,8.03,26.36,84.73,18.66,0.8,0.93
2011-05-08,13.95,25.07,89.29,15.46,1.15,0.93
2011-05-09,6.02,25.93,85.22,18.28,1.05,0.94
2011-05-10,0.24,25.87,88.45,20.13,1.55,0.93
2011-05-11,0.15,26.5,83.94,19.86,1.28,0.92
2011-05-12,0.04,26.59,85.26,20.12,1.45,0.91
2011-05-13,11.93,26.58,86.58,17.04,1.29,0.91
2011-05-14,1.54,26.26,87.86,18.77,1.32,0.91
2011-05-15,0.19,25.88,88.66,18.79,1.18,0.91
2011-05-16,3.17,26.3,85.82,14.8,1.38,0.9
2011-05-17,33.83,26.12,86.71,17.14,1.52,0.92
2011-05-18,2.31,26.34,86.58,19.24,1.87,0.93
2011-05-19,0.36,26.09,86.72,19.77,2.44,0.91
2011-05-20,0.03,25.67,82.88,20.64,2.36,0.9
2011-05-21,0.07,25.41,85.24,18.47,2.31,0.89
2011-05-22,0.08,25.11,82.24,19.95,2.38,0.88
2011-05-23,0.08,24.87,79.74,19.12,2.37,0.87
2011-05-24,0.07,24.89,82.26,19.78,2.27,0.86
2011-05-25,0.06,25.09,80.0,20.34,1.82,0.85
2011-05-26,0.07,24.9,82.1,19.86,2.01,0.84
2011-05-27,0.18,24.86,83.97,19.03,2.05,0.83
2011-05-28,0.15,25.24,84.34,18.51,1.99,0.83
2011-05-29,1.21,25.7,86.41,17.15,1.85,0.82
2011-05-30,6.04,25.81,88.51,15.01,1.92,0.82
2011-05-31,12.81,25.41,87.76,13.22,2.11,0.83
2011-06-01,0.63,25.42,84.87,18.11,2.06,0.82
2011-06-02,0.85,25.36,84.31,18.82,2.14,0.82
2011-06-03,0.14,25.25,84.32,19.61,1.91,0.81
2011-06-04,0.03,24.57,83.08,19.36,1.99,0.8
2011-06-05,0.04,24.34,81.61,19.6,1.96,0.79
2011-06-06,0.09,24.33,81.02,19.41,2.02,0.79
2011-06-07,0.06,24.01,78.89,19.98,1.84,0.78
2011-06-08,0.02,23.94,82.01,18.78,1.86,0.78
2011-06-09,0.07,24.13,82.87,20.41,1.91,0.77
2011-06-10,0.13,24.15,82.51,20.11,2.17,0.76
2011-06-11,0.6,24.13,83.09,18.13,2.04,0.76
2011-06-12,0.12,24.12,84.19,18.97,2.23,0.76
2011-06-13,0.14,23.65,84.6,19.44,2.34,0.75
2011-06-14,0.01,23.29,80.89,19.52,2.27,0.75
2011-06-15,0.05,23.14,79.35,19.1,2.2,0.74
2011-06-16,0.18,22.8,80.66,20.28,2.16,0.74
2011-06-17,0.25,23.4,84.42,18.43,2.22,0.74
2011-06-18,0.26,23.45,84.6,18.76,2.27,0.73
2011-06-19,0.11,23.38,84.22,18.29,2.04,0.73
2011-06-20,0.08,23.58,85.28,17.66,2.22,0.73
2011-06-21,0.02,23.69,86.01,17.6,2.32,0.72
2011-06-22,0.02,23.33,81.25,18.84,2.4,0.72
2011-06-23,0.02,23.32,80.17,18.94,2.29,0.72
2011-06-24,0.0,23.45,80.78,18.35,2.05,0.71
2011-06-25,0.03,23.8,85.73,18.59,2.07,0.71
2011-06-26,0.45,24.59,87.73,12.76,2.27,0.71
2011-06-27,0.51,24.86,87.67,15.1,2.28,0.71
2011-06-28,0.05,25.17,85.25,16.95,1.77,0.7
2011-06-29,0.0,24.71,83.08,16.48,2.01,0.7
2011-06-30,0.0,23.96,81.41,20.12,2.23,0.7
2011-07-01,0.0,23.26,80.18,18.48,2.08,0.69
2011-07-02,0.0,23.12,79.13,20.49,1.78,0.69
2011-07-03,0.02,23.17,82.74,19.93,1.8,0.69
2011-07-04,0.04,23.68,83.89,19.76,1.82,0.68
2011-07-05,0.03,23.68,83.36,19.46,1.99,0.68
2011-07-06,0.05,23.67,83.57,19.24,1.95,0.68
2011-07-07,0.05,24.09,84.56,18.97,2.0,0.68
2011-07-08,0.1,24.59,86.6,14.04,1.94,0.68
2011-07-09,0.07,24.86,86.95,16.73,1.99,0.67
2011-07-10,0.06,25.05,84.9,14.6,1.72,0.67
2011-07-11,0.13,24.58,88.76,17.75,1.27,0.67
2011-07-12,0.0,25.18,85.51,17.66,1.34,0.67
2011-07-13,0.01,25.08,85.93,17.59,1.72,0.67
2011-07-14,0.12,25.21,85.7,16.4,1.91,0.67
2011-07-15,0.11,24.83,84.89,17.54,2.23,0.66
2011-07-16,0.06,24.47,84.27,18.85,2.2,0.66
2011-07-17,0.14,24.52,84.6,17.41,2.13,0.66
2011-07-18,0.07,24.61,84.7,19.02,2.24,0.66
2011-07-19,0.05,24.53,83.8,18.33,2.08,0.65
2011-07-20,0.02,24.04,81.35,20.59,2.16,0.65
2011-07-21,0.0,23.58,80.67,20.42,2.16,0.65
2011-07-22,0.0,23.33,77.69,20.71,2.39,0.65
2011-07-23,0.0,22.78,75.82,21.33,2.14,0.64
2011-07-24,0.05,23.09,81.55,20.51,2.08,0.64
2011-07-25,0.45,23.5,83.88,18.95,2.07,0.64
2011-07-26,0.39,24.15,84.55,18.56,2.16,0.64
2011-07-27,0.35,23.94,84.76,17.76,2.27,0.64
2011-07-28,0.0,23.57,82.02,19.89,2.38,0.64
2011-07-29,0.01,23.56,81.7,21.1,2.45,0.63
2011-07-30,0.1,23.51,80.86,19.54,2.53,0.63
2011-07-31,0.0,23.74,80.88,19.9,2.24,0.62
2011-08-01,0.0,24.07,82.2,20.44,2.19,0.62
2011-08-02,0.0,24.27,83.82,19.59,2.38,0.62
2011-08-03,0.21,23.41,81.07,19.75,2.5,0.62
2011-08-04,0.07,23.16,78.57,19.89,2.34,0.61
2011-08-05,0.0,22.93,79.11,20.51,2.06,0.61
2011-08-06,0.0,23.21,83.52,21.18,2.07,0.61
2011-08-07,0.0,24.13,80.28,19.96,1.93,0.6
2011-08-08,0.0,24.23,81.86,18.66,1.94,0.6
2011-08-09,0.0,23.91,81.51,20.7,2.16,0.6
2011-08-10,0.01,23.63,82.57,21.18,1.92,0.6
2011-08-11,0.0,24.02,79.85,20.97,1.72,0.6
2011-08-12,0.01,24.27,79.66,20.75,1.55,0.59
2011-08-13,0.0,24.47,80.64,21.2,1.79,0.59
2011-08-14,0.0,24.26,81.52,21.54,1.96,0.59
2011-08-15,0.0,24.37,82.62,21.39,1.88,0.58
2011-08-16,0.04,24.24,82.15,19.87,2.45,0.58
2011-08-17,0.0,23.7,79.07,23.24,2.41,0.58
2011-08-18,0.0,24.0,78.2,22.01,2.05,0.58
2011-08-19,0.0,24.01,79.35,22.43,2.07,0.57
2011-08-20,0.0,24.31,79.34,20.03,2.09,0.57
2011-08-21,0.0,24.29,80.78,21.94,2.29,0.57
2011-08-22,0.0,24.3,80.9,21.82,2.39,0.56
2011-08-23,0.0,23.88,76.59,21.97,2.5,0.56
2011-08-24,0.13,23.49,74.78,22.28,2.64,0.56
2011-08-25,0.0,23.69,73.15,22.77,2.62,0.55
2011-08-26,0.0,23.4,75.54,21.92,2.55,0.55
2011-08-27,0.0,23.79,78.23,21.73,2.14,0.55
2011-08-28,0.0,24.5,79.95,20.63,2.05,0.55
2011-08-29,0.0,25.24,78.62,22.43,1.87,0.55
2011-08-30,0.01,25.12,83.05,21.73,1.86,0.54
2011-08-31,0.0,24.92,83.35,20.42,1.83,0.54
2011-09-01,0.09,24.99,81.28,22.13,1.75,0.54
2011-09-02,0.0,25.0,78.88,23.98,1.97,0.54
2011-09-03,0.0,24.71,79.84,21.93,2.17,0.54
2011-09-04,0.0,24.99,78.37,19.11,2.22,0.53
2011-09-05,0.0,25.23,81.97,21.6,1.96,0.53
2011-09-06,0.0,25.07,78.0,24.69,2.26,0.53
2011-09-07,0.0,24.91,80.74,23.42,2.02,0.53
2011-09-08,0.0,24.98,78.57,22.65,2.1,0.53
2011-09-09,0.09,24.89,78.65,23.11,2.28,0.52
2011-09-10,0.02,25.3,79.47,21.49,2.25,0.52
2011-09-11,0.05,25.11,80.38,22.42,2.68,0.52
2011-09-12,0.67,24.87,78.06,16.13,2.58,0.52
2011-09-13,0.05,24.61,78.59,20.72,2.68,0.52
2011-09-14,0.0,24.87,77.63,22.01,2.09,0.52
2011-09-15,0.0,25.08,79.94,21.97,2.03,0.51
2011-09-16,0.0,24.96,79.03,22.57,1.96,0.51
2011-09-17,0.05,25.17,81.03,19.3,1.52,0.51
2011-09-18,0.01,25.36,80.66,22.47,1.82,0.51
2011-09-19,0.08,25.49,78.87,23.79,2.04,0.51
2011-09-20,0.06,25.35,77.26,24.13,1.96,0.51
2011-09-21,0.0,24.87,78.21,24.92,1.74,0.5
2011-09-22,0.0,25.01,74.13,25.75,1.92,0.5
2011-09-23,0.0,25.16,76.35,24.24,1.88,0.5
2011-09-24,0.0,25.79,77.42,22.83,1.64,0.5
2011-09-25,0.02,25.86,79.07,23.46,1.94,0.5
2011-09-26,0.0,25.45,74.39,25.02,2.16,0.49
2011-09-27,0.1,24.75,80.08,23.17,2.08,0.49
2011-09-28,0.1,24.84,79.34,18.22,2.15,0.49
2011-09-29,0.01,25.58,78.34,20.87,1.95,0.49
2011-09-30,0.0,25.83,77.11,23.07,1.68,0.49
2011-10-01,0.08,25.8,78.19,22.67,1.82,0.49
2011-10-02,0.05,25.44,76.97,23.02,2.02,0.49
2011-10-03,0.01,24.89,77.02,21.95,2.01,0.49
2011-10-04,0.01,24.93,75.46,19.19,2.11,0.49
2011-10-05,0.01,25.43,76.73,21.87,2.0,0.49
2011-10-06,2.87,25.24,82.59,19.7,2.1,0.49
2011-10-07,0.75,25.34,81.92,19.39,1.95,0.49
2011-10-08,0.16,25.91,79.61,19.64,1.91,0.49
2011-10-09,0.08,26.3,79.41,22.08,1.84,0.49
2011-10-10,0.05,26.36,77.91,20.35,1.96,0.48
2011-10-11,0.06,26.3,75.28,25.3,2.04,0.48
2011-10-12,0.01,26.12,74.91,23.44,1.86,0.48
2011-10-13,0.0,25.97,74.96,26.34,2.0,0.48
2011-10-14,0.0,26.26,74.17,24.38,1.76,0.48
2011-10-15,0.0,26.23,75.81,22.78,1.74,0.48
2011-10-16,0.13,27.14,76.73,22.85,1.46,0.47
2011-10-17,0.64,27.25,77.43,24.35,1.74,0.47
2011-10-18,0.43,27.12,78.54,23.3,1.8,0.47
2011-10-19,1.88,27.22,78.35,22.58,2.17,0.47
2011-10-20,0.87,27.32,79.08,23.99,1.9,0.47
2011-10-21,3.83,27.59,79.24,21.38,1.43,0.47
2011-10-22,5.55,26.91,84.89,21.65,1.18,0.48
2011-10-23,1.94,27.09,82.63,23.18,1.38,0.49
2011-10-24,0.53,27.34,81.84,22.98,1.2,0.49
2011-10-25,6.27,27.41,82.79,23.72,1.29,0.5
2011-10-26,6.39,27.05,84.82,20.2,1.45,0.51
2011-10-27,0.67,27.52,81.26,23.3,1.23,0.51
2011-10-28,2.53,27.25,81.34,23.57,1.69,0.51
2011-10-29,4.93,26.93,82.54,22.09,1.67,0.51
2011-10-30,2.68,27.19,79.98,22.14,1.63,0.51
2011-10-31,1.55,27.41,79.41,23.73,1.62,0.51
2011-11-01,8.0,26.91,80.19,21.48,1.66,0.51
2011-11-02,3.21,27.23,78.59,22.73,1.51,0.52
2011-11-03,2.18,27.6,79.64,22.79,1.35,0.51
2011-11-04,1.43,27.52,80.47,19.01,1.55,0.51
2011-11-05,1.94,26.64,87.48,22.26,1.4,0.51
2011-11-06,10.17,25.91,89.45,17.77,1.31,0.52
2011-11-07,5.71,25.91,80.87,5.27,0.92,0.54
2011-11-08,32.74,25.87,85.26,19.55,1.74,0.56
2011-11-09,6.02,26.2,83.04,12.21,1.51,0.6
2011-11-10,9.82,26.2,85.85,19.65,1.67,0.59
2011-11-11,7.29,27.04,84.34,23.09,1.45,0.6
2011-11-12,16.12,26.65,86.14,21.54,1.75,0.61
2011-11-13,21.2,26.95,82.08,20.26,1.44,0.63
2011-11-14,11.79,26.8,82.08,22.79,1.43,0.65
2011-11-15,0.29,27.28,79.55,22.72,1.4,0.63
2011-11-16,7.37,27.14,79.96,22.87,1.32,0.61
2011-11-17,8.33,26.75,83.9,22.3,1.44,0.62
2011-11-18,0.42,27.47,80.05,19.93,1.32,0.61
2011-11-19,1.42,27.42,80.96,21.39,1.0,0.6
2011-11-20,3.61,27.86,74.79,22.3,0.76,0.59
2011-11-21,10.08,27.77,77.71,22.2,1.07,0.59
2011-11-22,2.63,27.37,78.62,21.62,1.36,0.59
2011-11-23,1.41,27.48,80.53,18.47,1.55,0.59
2011-11-24,0.03,27.64,72.34,26.57,1.67,0.58
2011-11-25,0.02,27.62,72.84,25.25,1.62,0.56
2011-11-26,11.22,27.67,81.7,22.32,1.78,0.57
2011-11-27,4.4,27.8,84.97,21.17,1.61,0.58
2011-11-28,1.87,27.82,84.19,17.47,1.13,0.57
2011-11-29,18.48,28.07,82.23,20.69,1.35,0.58
2011-11-30,10.74,27.2,86.84,22.11,1.46,0.62
2011-12-01,0.92,28.01,80.48,21.03,1.47,0.61
2011-12-02,0.56,27.92,81.45,23.29,1.51,0.6
2011-12-03,4.44,27.87,80.52,23.76,1.64,0.59
2011-12-04,6.38,27.2,82.32,17.65,1.79,0.59
2011-12-05,2.9,27.17,80.41,18.02,1.39,0.59
2011-12-06,11.48,27.02,81.37,16.31,1.58,0.59
2011-12-07,3.31,26.61,83.22,21.15,1.59,0.6
2011-12-08,0.27,26.74,80.28,18.24,1.5,0.59
2011-12-09,6.39,26.95,79.73,20.46,1.53,0.59
2011-12-10,8.56,27.02,78.6,15.24,1.16,0.6
2011-12-11,5.2,26.47,81.13,15.13,1.42,0.6
2011-12-12,0.75,27.28,79.94,22.86,1.16,0.59
2011-12-13,9.11,27.33,81.07,21.59,1.14,0.59
2011-12-14,7.59,27.31,83.31,17.38,1.25,0.6
2011-12-15,1.13,26.57,84.21,12.48,1.12,0.6
2011-12-16,5.96,27.33,78.21,20.13,1.36,0.6
2011-12-17,22.55,26.3,86.31,13.84,1.47,0.62
2011-12-18,41.83,26.41,87.48,16.75,1.8,0.67
2011-12-19,15.85,27.32,82.55,12.98,0.91,0.71
2011-12-20,7.36,27.19,86.2,18.85,0.91,0.7
2011-12-21,1.37,28.02,82.12,21.51,0.9,0.68
2011-12-22,7.91,27.47,86.6,20.88,1.3,0.67
2011-12-23,14.81,26.96,87.47,17.29,1.27,0.68
2011-12-24,0.91,27.23,78.58,21.84,1.21,0.67
2011-12-25,1.77,27.64,79.29,21.22,1.18,0.65
2011-12-26,24.86,27.14,85.58,17.74,1.64,0.66
2011-12-27,8.73,27.18,86.31,20.4,2.02,0.68
2011-12-28,5.11,27.14,86.14,18.98,1.96,0.68
2011-12-29,4.37,26.37,87.01,21.35,2.08,0.67
2011-12-30,3.05,27.09,77.69,12.42,1.34,0.66
2011-12-31,14.5,27.23,80.61,18.7,1.03,0.67
2012-01-01,23.07,26.04,87.97,7.55,1.03,0.68
2012-01-02,4.6,26.73,82.88,23.02,1.55,0.7
2012-01-03,4.2,26.27,86.41,21.31,1.18,0.68
2012-01-04,2.67,26.47,79.07,13.6,1.07,0.68
2012-01-05,5.69,27.18,77.88,19.61,1.13,0.67
2012-01-06,10.8,25.61,91.57,20.38,1.4,0.68
2012-01-07,17.71,25.98,82.44,14.41,0.94,0.69
2012-01-08,27.57,25.74,90.4,9.27,2.36,0.72
2012-01-09,8.71,25.63,90.58,8.99,2.36,0.73
2012-01-10,17.81,25.62,89.55,16.09,2.5,0.73
2012-01-11,34.58,26.07,87.2,9.98,1.63,0.75
2012-01-12,39.5,25.76,88.62,9.26,1.61,0.81
2012-01-13,7.36,25.24,86.18,20.28,1.56,0.81
2012-01-14,2.08,26.03,83.07,13.35,1.06,0.77
2012-01-15,2.71,25.89,88.89,17.61,1.07,0.75
2012-01-16,9.13,25.83,88.1,19.03,0.69,0.74
2012-01-17,14.59,26.71,82.37,22.86,1.25,0.75
2012-01-18,2.79,26.68,85.08,19.89,1.06,0.74
2012-01-19,4.55,26.06,90.16,19.12,1.43,0.73
2012-01-20,12.96,26.08,87.71,18.88,1.8,0.74
2012-01-21,17.41,25.77,92.37,10.44,1.93,0.76
2012-01-22,18.81,25.79,90.5,13.71,2.31,0.77
2012-01-23,3.97,25.99,87.15,16.14,2.44,0.77
2012-01-24,7.36,26.11,87.43,15.91,1.97,0.76
2012-01-25,2.37,26.11,86.14,15.88,2.25,0.76
2012-01-26,5.62,26.33,81.97,21.82,2.34,0.75
2012-01-27,6.52,26.45,84.14,20.66,1.82,0.75
2012-01-28,13.19,26.18,84.39,15.85,2.3,0.76
2012-01-29,21.29,26.05,88.63,13.53,1.77,0.77
2012-01-30,11.08,25.74,92.33,12.5,1.73,0.78
2012-01-31,11.05,25.9,86.3,21.52,1.11,0.78
2012-02-01,10.06,25.47,88.42,17.03,1.11,0.79
2012-02-02,10.03,24.94,91.45,8.37,2.4,0.79
2012-02-03,5.87,25.06,87.91,16.3,1.76,0.79
2012-02-04,29.33,24.9,92.42,6.68,2.46,0.8
2012-02-05,10.97,25.28,86.5,20.93,1.58,0.82
2012-02-06,8.51,25.97,85.64,21.33,1.66,0.81
2012-02-07,5.44,25.91,86.99,22.36,1.75,0.81
2012-02-08,6.76,25.6,88.92,20.14,1.62,0.8
2012-02-09,3.82,25.79,83.24,20.29,1.48,0.8
2012-02-10,1.26,25.72,87.35,21.65,1.41,0.8
2012-02-11,0.72,27.07,79.98,24.48,0.77,0.79
2012-02-12,0.57,27.54,80.26,24.84,1.11,0.79
2012-02-13,0.22,27.29,81.38,25.51,1.62,0.78
2012-02-14,0.02,27.25,80.71,25.09,1.49,0.77
2012-02-15,0.42,26.85,83.33,23.39,1.6,0.76
2012-02-16,2.81,26.74,84.96,21.56,1.49,0.76
2012-02-17,2.99,26.82,78.61,23.5,1.24,0.76
2012-02-18,9.99,26.29,84.33,18.74,1.2,0.77
2012-02-19,10.44,26.51,84.45,20.56,1.31,0.78
2012-02-20,21.71,26.53,78.86,9.21,0.85,0.8
2012-02-21,1.0,26.86,80.85,22.38,0.73,0.79
2012-02-22,1.17,26.9,81.93,15.36,1.14,0.79
2012-02-23,7.47,28.01,76.79,22.74,0.79,0.78
2012-02-24,3.21,27.13,83.22,22.21,0.95,0.78
2012-02-25,0.31,27.46,77.9,22.93,0.86,0.78
2012-02-26,0.9,26.1,85.48,22.91,1.01,0.77
2012-02-27,0.86,26.85,74.13,22.85,1.06,0.77
2012-02-28,4.04,27.14,81.1,20.82,0.91,0.77
2012-02-29,2.05,26.92,84.12,17.51,1.17,0.77
2012-03-01,4.66,25.81,86.33,16.61,1.25,0.77
2012-03-02,6.39,26.03,84.01,17.79,1.37,0.77
2012-03-03,10.73,26.66,84.56,11.67,1.64,0.78
2012-03-04,7.22,25.97,91.29,14.46,2.06,0.78
2012-03-05,6.57,25.25,91.36,7.23,1.7,0.78
2012-03-06,7.84,26.71,81.08,16.62,0.97,0.79
2012-03-07,10.07,26.31,85.89,15.45,1.4,0.79
2012-03-08,16.56,26.44,87.32,8.81,1.87,0.79
2012-03-09,25.54,26.37,87.35,12.38,1.36,0.83
2012-03-10,9.27,26.14,87.71,5.7,1.09,0.83
2012-03-11,23.01,25.39,87.25,12.12,0.97,0.85
2012-03-12,9.31,26.08,84.15,19.13,1.54,0.84
2012-03-13,36.09,26.26,90.32,13.38,2.05,0.86
2012-03-14,15.36,26.15,90.3,13.01,2.82,0.89
2012-03-15,18.65,26.27,86.37,15.89,3.5,0.88
2012-03-16,38.01,26.76,85.39,13.17,3.22,0.9
2012-03-17,30.39,26.07,88.76,15.1,2.18,0.93
2012-03-18,20.82,25.81,89.11,12.13,1.86,0.94
2012-03-19,28.0,25.41,88.56,14.61,2.2,0.94
2012-03-20,17.87,25.34,87.94,9.67,2.36,0.96
2012-03-21,6.32,25.36,87.24,15.67,2.11,0.95
2012-03-22,5.29,25.27,86.47,19.54,1.7,0.94
2012-03-23,9.14,25.72,84.66,19.12,1.23,0.94
2012-03-24,18.04,25.72,85.8,18.41,1.42,0.94
2012-03-25,4.15,25.92,81.84,22.51,1.43,0.94
2012-03-26,0.01,25.55,79.93,24.3,1.49,0.93
2012-03-27,0.07,25.61,82.92,22.69,1.65,0.92
2012-03-28,11.03,26.1,87.57,12.64,1.95,0.92
2012-03-29,0.53,25.97,79.28,22.32,1.31,0.91
2012-03-30,2.21,26.41,77.54,22.39,1.08,0.9
2012-03-31,6.75,26.51,84.66,20.62,1.23,0.9
2012-04-01,3.03,26.93,84.9,21.12,1.36,0.9
2012-04-02,5.2,26.9,83.35,21.1,1.37,0.89
2012-04-03,3.72,26.77,82.74,21.39,1.27,0.89
2012-04-04,3.15,25.95,85.82,20.06,1.08,0.88
2012-04-05,0.06,26.8,77.27,21.4,1.34,0.88
2012-04-06,0.97,26.04,84.45,23.53,1.73,0.87
2012-04-07,0.26,26.44,82.17,22.99,1.88,0.86
2012-04-08,0.04,26.31,81.57,23.78,1.94,0.85
2012-04-09,0.02,26.48,81.75,23.44,1.94,0.84
2012-04-10,0.03,26.7,83.1,21.74,1.98,0.83
2012-04-11,0.48,26.45,84.38,21.87,2.0,0.83
2012-04-12,0.17,26.27,84.54,22.56,2.06,0.82
2012-04-13,0.13,26.46,83.8,21.51,2.12,0.81
2012-04-14,0.11,26.86,84.06,21.72,1.97,0.8
2012-04-15,6.12,27.23,84.23,21.69,1.41,0.8
2012-04-16,6.12,26.93,85.75,21.28,1.7,0.81
2012-04-17,0.25,26.92,85.81,21.97,1.77,0.8
2012-04-18,6.8,26.63,84.43,22.15,1.85,0.8
2012-04-19,3.81,26.97,81.22,21.54,1.76,0.8
2012-04-20,0.59,26.7,83.02,20.77,1.63,0.79
2012-04-21,0.57,26.48,82.06,21.04,1.6,0.78
2012-04-22,0.07,26.3,80.49,21.49,1.47,0.78
2012-04-23,0.0,26.47,79.61,20.83,1.54,0.77
2012-04-24,1.81,26.3,80.94,21.96,1.66,0.77
2012-04-25,0.53,26.59,82.58,18.73,1.7,0.76
2012-04-26,2.46,26.59,80.86,20.82,1.41,0.76
2012-04-27,0.48,26.8,80.79,19.34,1.08,0.76
2012-04-28,5.01,27.18,80.94,15.53,0.77,0.75
2012-04-29,1.74,27.31,82.86,19.86,1.17,0.76
2012-04-30,6.78,26.91,84.96,19.93,1.41,0.76
2012-05-01,10.25,26.14,88.34,19.0,2.08,0.77
2012-05-02,0.21,26.13,83.07,20.62,2.04,0.76
2012-05-03,0.13,26.54,81.33,20.03,2.1,0.75
2012-05-04,1.4,26.96,84.1,20.46,2.01,0.75
2012-05-05,2.73,26.39,88.61,19.01,1.87,0.74
2012-05-06,13.16,26.38,87.39,17.43,1.69,0.76
2012-05-07,14.91,26.26,85.01,19.82,1.91,0.78
2012-05-08,0.13,25.45,83.32,19.71,1.88,0.76
2012-05-09,0.13,25.41,83.07,17.03,1.72,0.76
2012-05-10,0.63,25.56,83.52,13.47,1.87,0.75
2012-05-11,2.79,25.46,85.78,14.58,1.81,0.74
2012-05-12,25.65,26.26,89.0,11.72,2.14,0.76
2012-05-13,12.24,25.82,91.09,8.83,2.31,0.79
2012-05-14,29.92,25.72,89.54,12.69,2.02,0.8
2012-05-15,4.88,25.92,88.74,15.14,1.97,0.81
2012-05-16,0.55,25.99,87.36,19.06,1.88,0.79
2012-05-17,0.23,26.17,88.14,17.92,1.94,0.78
2012-05-18,0.23,26.29,86.14,18.75,2.09,0.78
2012-05-19,0.01,25.94,84.3,18.33,2.2,0.77
2012-05-20,0.02,25.27,82.24,19.93,2.32,0.76
2012-05-21,0.1,25.06,78.13,20.38,2.35,0.76
2012-05-22,0.14,24.96,82.96,18.33,2.42,0.75
2012-05-23,0.03,25.03,80.4,20.23,2.56,0.74
2012-05-24,0.01,24.75,76.28,21.15,2.62,0.74
2012-05-25,0.08,24.86,81.21,19.98,2.42,0.73
2012-05-26,0.49,24.87,84.99,18.77,2.46,0.73
2012-05-27,0.67,24.55,84.13,17.8,2.47,0.73
2012-05-28,0.05,24.5,83.05,16.88,2.19,0.72
2012-05-29,0.25,24.32,84.41,18.34,2.17,0.72
2012-05-30,0.07,24.47,83.2,16.38,2.19,0.71
2012-05-31,0.44,24.42,83.66,17.63,2.26,0.71
2012-06-01,0.0,24.41,80.61,18.93,2.35,0.71
2012-06-02,0.01,24.15,81.56,20.28,2.0,0.7
2012-06-03,0.04,23.97,80.92,19.22,1.65,0.7
2012-06-04,0.0,24.51,79.42,18.55,1.43,0.7
2012-06-05,0.03,24.95,80.34,18.1,1.46,0.7
2012-06-06,0.05,25.48,83.35,17.22,1.66,0.69
2012-06-07,0.16,25.55,85.65,18.63,1.71,0.69
2012-06-08,0.24,25.76,85.21,18.14,2.08,0.69
2012-06-09,0.02,25.55,86.01,17.45,1.79,0.69
2012-06-10,0.3,25.37,86.94,16.37,1.59,0.68
2012-06-11,0.0,25.25,83.3,19.2,1.55,0.68
2012-06-12,0.0,24.74,84.84,17.44,1.81,0.68
2012-06-13,0.0,24.28,82.04,20.4,2.0,0.68
2012-06-14,0.02,24.16,83.9,18.87,1.83,0.67
2012-06-15,0.02,23.86,82.47,18.7,2.11,0.67
2012-06-16,0.0,24.08,82.25,19.75,2.15,0.67
2012-06-17,0.05,24.44,84.97,19.77,2.34,0.67
2012-06-18,0.12,24.43,83.99,19.82,2.28,0.66
2012-06-19,0.12,24.36,84.01,15.46,2.28,0.66
2012-06-20,0.09,24.67,85.56,13.45,2.06,0.66
2012-06-21,0.24,24.42,84.43,12.24,2.18,0.66
2012-06-22,0.47,23.68,82.55,19.12,2.25,0.66
2012-06-23,0.0,23.76,79.97,19.74,2.22,0.65
2012-06-24,0.0,24.06,78.89,20.35,2.37,0.65
2012-06-25,0.06,23.78,80.7,19.02,2.33,0.65
2012-06-26,0.0,23.62,82.25,19.06,2.26,0.65
2012-06-27,0.02,23.65,82.96,17.78,2.17,0.64
2012-06-28,0.01,23.91,82.4,16.88,2.1,0.64
2012-06-29,0.02,23.64,82.63,18.89,2.01,0.64
2012-06-30,0.02,23.25,82.09,17.98,2.04,0.64
2012-07-01,0.0,22.93,81.49,18.49,2.22,0.64
2012-07-02,0.0,23.73,83.18,19.5,2.47,0.63
2012-07-03,0.04,23.34,80.93,17.94,2.71,0.63
2012-07-04,0.08,23.08,80.65,19.58,2.45,0.62
2012-07-05,0.14,23.48,82.75,19.55,2.26,0.62
2012-07-06,0.41,23.61,82.47,16.96,2.49,0.62
2012-07-07,0.05,23.25,77.51,12.92,2.42,0.62
2012-07-08,0.0,23.29,81.41,14.17,2.38,0.61
2012-07-09,0.0,23.67,79.3,18.26,2.03,0.61
2012-07-10,0.02,23.98,83.76,17.68,1.68,0.61
2012-07-11,0.0,24.33,84.53,18.61,1.54,0.61
2012-07-12,0.01,24.05,85.05,15.83,1.71,0.6
2012-07-13,0.23,23.99,86.23,15.07,1.92,0.6
2012-07-14,1.25,23.76,87.18,15.8,2.43,0.6
2012-07-15,0.07,23.55,83.61,18.44,2.27,0.6
2012-07-16,0.07,23.86,82.05,20.09,1.84,0.6
2012-07-17,2.14,23.95,87.14,14.27,1.99,0.6
2012-07-18,2.53,23.92,87.19,13.52,2.36,0.6
2012-07-19,0.14,24.35,83.08,15.62,2.26,0.6
2012-07-20,0.25,23.78,83.66,19.45,2.24,0.6
2012-07-21,0.0,23.03,82.66,21.33,2.16,0.59
2012-07-22,0.0,23.24,81.08,20.15,2.22,0.59
2012-07-23,0.02,23.16,79.05,17.0,2.26,0.59
2012-07-24,0.04,23.35,78.55,19.99,2.22,0.58
2012-07-25,0.01,23.5,79.12,18.9,2.14,0.58
2012-07-26,0.0,23.54,78.69,20.41,2.02,0.58
2012-07-27,0.0,23.62,79.16,20.49,2.25,0.57
2012-07-28,0.09,23.89,81.42,20.6,2.16,0.57
2012-07-29,0.43,23.93,83.31,19.58,2.37,0.57
2012-07-30,0.05,23.86,78.49,19.65,2.44,0.57
2012-07-31,0.0,23.64,72.39,21.01,2.35,0.56
2012-08-01,0.07,23.35,79.16,19.83,2.1,0.56
2012-08-02,0.18,23.74,81.77,18.74,2.31,0.56
2012-08-03,0.12,23.67,80.42,18.8,2.35,0.56
2012-08-04,0.02,23.99,81.16,19.77,2.12,0.55
2012-08-05,0.0,24.02,78.87,20.78,2.17,0.55
2012-08-06,0.0,23.81,81.47,21.48,2.07,0.55
2012-08-07,0.0,23.81,79.36,21.41,2.42,0.54
2012-08-08,0.01,23.43,80.62,19.83,2.39,0.54
2012-08-09,0.01,23.74,79.35,20.74,2.32,0.54
2012-08-10,0.0,23.67,81.3,20.95,2.35,0.54
2012-08-11,0.07,24.05,80.43,20.4,2.28,0.54
2012-08-12,0.0,23.82,79.75,20.65,2.35,0.53
2012-08-13,0.0,23.01,78.44,20.63,2.52,0.53
2012-08-14,0.04,23.04,75.85,20.91,2.28,0.53
2012-08-15,0.02,23.14,78.45,20.34,2.28,0.53
2012-08-16,0.0,23.38,80.44,21.41,2.23,0.53
2012-08-17,0.03,23.68,81.91,20.98,2.18,0.53
2012-08-18,0.0,23.55,81.08,21.59,2.07,0.52
2012-08-19,0.0,23.88,76.45,23.38,2.17,0.52
2012-08-20,0.0,23.66,78.88,23.5,2.23,0.52
2012-08-21,0.0,24.0,79.31,21.89,1.96,0.52
2012-08-22,0.0,23.87,79.64,21.83,2.16,0.52
2012-08-23,0.0,24.03,75.24,22.02,1.98,0.51
2012-08-24,0.0,24.11,78.86,21.33,2.06,0.51
2012-08-25,0.01,24.32,79.86,19.76,2.24,0.51
2012-08-26,0.01,24.44,82.99,18.58,2.06,0.51
2012-08-27,0.03,24.79,83.2,19.72,2.04,0.51
2012-08-28,0.0,24.63,82.2,20.94,1.84,0.51
2012-08-29,0.0,24.9,81.24,21.77,1.98,0.51
2012-08-30,0.0,24.63,77.18,23.94,1.98,0.5
2012-08-31,0.0,24.2,77.7,23.83,1.7,0.5
2012-09-01,0.0,24.17,76.17,24.95,1.49,0.5
2012-09-02,0.07,24.44,77.62,23.54,1.53,0.5
2012-09-03,0.01,25.05,77.39,23.61,1.46,0.5
2012-09-04,0.01,24.76,78.86,21.96,1.92,0.49
2012-09-05,0.23,25.2,79.53,22.34,1.91,0.49
2012-09-06,0.0,25.42,75.91,21.32,1.8,0.49
2012-09-07,0.0,25.41,76.4,21.75,1.79,0.49
2012-09-08,0.02,25.14,77.6,22.67,1.68,0.49
2012-09-09,0.03,25.24,79.21,22.55,1.72,0.49
2012-09-10,0.0,25.05,80.96,24.36,1.82,0.49
2012-09-11,0.0,25.05,78.62,24.59,1.88,0.48
2012-09-12,0.0,24.98,76.19,24.33,1.9,0.48
2012-09-13,0.0,25.1,79.76,22.11,1.72,0.48
2012-09-14,0.0,25.71,76.4,24.31,1.58,0.48
2012-09-15,0.0,25.46,75.28,24.86,1.51,0.48
2012-09-16,0.0,25.79,79.68,24.43,1.97,0.48
2012-09-17,0.23,26.22,76.74,23.58,1.74,0.47
2012-09-18,2.94,25.94,81.01,22.5,1.6,0.48
2012-09-19,3.03,26.18,79.99,23.17,1.72,0.48
2012-09-20,0.02,26.13,79.85,23.88,1.84,0.48
2012-09-21,0.0,26.19,77.13,23.58,1.96,0.48
2012-09-22,0.0,25.64,76.18,25.15,2.12,0.48
2012-09-23,0.01,25.42,74.14,24.09,1.96,0.48
2012-09-24,0.04,25.31,74.18,24.44,1.74,0.47
2012-09-25,0.01,25.52,74.17,22.44,1.71,0.47
2012-09-26,0.17,26.03,74.9,21.54,1.62,0.47
2012-09-27,2.32,25.73,80.26,21.83,1.65,0.47
2012-09-28,0.11,25.74,78.83,20.16,1.88,0.47
2012-09-29,0.01,25.94,78.39,21.7,1.78,0.47
2012-09-30,0.06,26.15,76.36,23.18,1.71,0.47
2012-10-01,0.05,26.04,79.12,22.06,1.68,0.47
2012-10-02,0.16,26.17,81.94,22.28,1.76,0.47
2012-10-03,2.8,25.88,81.06,22.3,1.87,0.47
2012-10-04,2.49,25.81,77.19,23.94,2.03,0.47
2012-10-05,0.15,26.15,76.8,22.41,2.09,0.47
2012-10-06,0.72,26.38,81.02,21.08,1.8,0.47
2012-10-07,0.34,26.54,80.35,23.8,1.9,0.47
2012-10-08,0.01,26.56,75.92,24.12,1.66,0.47
2012-10-09,0.0,26.53,74.74,25.81,1.45,0.46
2012-10-10,0.0,26.1,75.24,25.38,1.64,0.46
2012-10-11,0.0,26.88,69.73,23.36,1.14,0.46
2012-10-12,0.02,27.11,76.08,22.91,1.38,0.46
2012-10-13,0.03,28.0,76.47,24.54,1.41,0.46
2012-10-14,0.11,27.62,79.05,23.61,2.06,0.46
2012-10-15,0.17,27.53,79.77,23.01,1.92,0.46
2012-10-16,0.09,27.49,77.93,23.64,1.96,0.45
2012-10-17,0.01,27.59,75.45,24.41,1.74,0.45
2012-10-18,0.03,27.43,77.44,22.12,1.9,0.45
2012-10-19,0.06,27.58,77.67,23.2,1.82,0.45
2012-10-20,0.02,27.92,71.43,24.38,1.59,0.45
2012-10-21,0.0,27.61,64.68,26.5,1.53,0.45
2012-10-22,0.0,27.42,66.08,26.58,1.53,0.45
2012-10-23,0.01,27.32,69.97,25.41,1.43,0.45
2012-10-24,1.17,26.96,75.34,25.16,1.56,0.45
2012-10-25,0.95,27.09,74.97,23.14,1.43,0.45
2012-10-26,0.36,27.85,73.58,24.32,1.38,0.45
2012-10-27,0.31,28.19,74.34,24.91,1.33,0.45
2012-10-28,0.22,28.23,74.72,24.26,1.24,0.45
2012-10-29,0.42,28.36,75.14,20.83,1.25,0.45
2012-10-30,0.06,28.68,73.28,24.73,1.61,0.45
2012-10-31,0.08,28.79,75.48,23.9,1.68,0.44
2012-11-01,0.24,28.54,76.83,22.73,1.79,0.44
2012-11-02,0.12,28.42,76.16,21.9,1.87,0.44
2012-11-03,0.1,28.37,76.75,23.99,1.3,0.44
2012-11-04,0.04,27.93,76.99,20.8,1.28,0.44
2012-11-05,6.14,27.7,78.39,21.29,1.72,0.45
2012-11-06,4.6,27.53,76.84,21.99,1.9,0.46
2012-11-07,1.33,27.44,76.81,21.41,1.89,0.46
2012-11-08,0.36,28.05,75.38,21.42,1.55,0.46
2012-11-09,0.87,28.87,74.2,24.8,1.65,0.46
2012-11-10,0.0,29.0,71.16,24.93,1.49,0.45
2012-11-11,0.01,28.51,71.24,24.04,1.56,0.45
2012-11-12,10.34,28.29,75.07,22.69,1.77,0.46
2012-11-13,4.35,28.4,77.78,22.05,1.77,0.47
2012-11-14,0.79,28.76,76.17,24.47,1.71,0.47
2012-11-15,3.82,28.85,76.94,24.08,1.42,0.47
2012-11-16,6.74,28.4,78.33,22.83,0.98,0.48
2012-11-17,2.43,28.35,76.78,24.08,0.81,0.48
2012-11-18,13.2,28.14,77.8,21.61,1.15,0.49
2012-11-19,7.18,27.44,80.92,20.44,1.46,0.51
2012-11-20,8.02,27.6,78.8,20.2,1.56,0.52
2012-11-21,3.12,27.44,79.15,15.25,1.59,0.51
2012-11-22,4.53,26.98,82.27,17.85,1.22,0.52
2012-11-23,2.27,28.05,75.54,21.37,0.99,0.51
2012-11-24,1.17,28.1,76.25,22.2,0.97,0.51
2012-11-25,2.6,28.82,73.48,20.19,0.98,0.51
2012-11-26,6.08,28.31,77.15,21.27,1.15,0.51
2012-11-27,4.15,27.99,77.9,23.09,1.11,0.51
2012-11-28,8.91,28.03,78.97,20.22,1.17,0.52
2012-11-29,3.38,28.27,78.12,24.07,1.58,0.52
2012-11-30,2.09,28.13,78.8,23.18,1.56,0.52
2012-12-01,5.04,27.77,82.92,19.63,1.78,0.52
2012-12-02,34.0,27.27,86.58,16.32,1.44,0.55
2012-12-03,11.71,27.04,79.42,16.59,1.36,0.59
2012-12-04,1.1,28.21,75.48,20.61,1.09,0.58
2012-12-05,0.46,27.54,80.75,19.65,1.06,0.57
2012-12-06,0.41,28.12,77.97,22.04,0.91,0.55
2012-12-07,1.2,28.09,79.78,23.14,0.98,0.54
2012-12-08,1.4,28.3,80.73,21.66,1.44,0.54
2012-12-09,1.99,26.98,82.05,18.46,1.23,0.53
2012-12-10,10.53,27.66,73.75,20.25,1.08,0.54
2012-12-11,9.99,27.24,75.85,16.51,0.76,0.55
2012-12-12,5.18,27.99,72.16,16.41,0.54,0.55
2012-12-13,10.47,27.4,79.91,22.77,1.19,0.55
2012-12-14,8.26,26.23,85.42,12.09,1.74,0.57
2012-12-15,1.51,28.02,74.49,15.79,0.95,0.56
2012-12-16,3.02,27.59,79.66,20.81,0.8,0.55
2012-12-17,11.8,27.62,81.65,19.26,1.26,0.56
2012-12-18,5.01,27.4,81.28,19.63,0.98,0.57
2012-12-19,1.57,26.55,84.81,21.41,1.28,0.56
2012-12-20,6.25,26.74,83.82,18.89,1.39,0.56
2012-12-21,25.95,26.55,87.54,16.81,1.39,0.58
2012-12-22,9.11,26.35,87.63,18.67,1.29,0.61
2012-12-23,2.7,27.39,83.22,20.53,1.44,0.6
2012-12-24,4.1,27.74,82.29,12.96,1.06,0.59
2012-12-25,10.5,27.03,85.77,21.63,1.41,0.6
2012-12-26,8.62,27.22,80.84,19.61,1.18,0.6
2012-12-27,13.11,26.49,87.44,17.03,1.21,0.61
2012-12-28,3.75,27.43,81.99,16.87,1.1,0.61
2012-12-29,1.21,27.52,84.09,22.84,0.95,0.6
2012-12-30,1.96,27.67,83.41,21.69,0.88,0.59
2012-12-31,13.23,27.05,86.12,18.15,1.35,0.59
2013-01-01,17.83,26.2,87.67,14.93,1.36,0.62
2013-01-02,23.8,25.89,91.5,8.95,1.4,0.64
2013-01-03,19.51,26.41,84.43,9.81,1.7,0.68
2013-01-04,19.58,26.92,85.34,18.59,1.4,0.68
2013-01-05,23.05,26.33,88.06,15.23,1.42,0.7
2013-01-06,8.67,27.13,83.79,15.39,1.23,0.71
2013-01-07,31.34,26.09,89.14,16.77,1.54,0.71
2013-01-08,14.01,26.03,88.28,12.22,3.28,0.74
2013-01-09,3.88,26.94,82.71,14.29,3.73,0.71
2013-01-10,8.41,27.27,81.29,18.9,3.15,0.69
2013-01-11,5.67,26.69,86.39,19.7,1.92,0.68
2013-01-12,8.39,27.1,85.92,16.18,1.49,0.68
2013-01-13,12.74,26.53,85.5,20.85,1.39,0.68
2013-01-14,23.96,27.03,82.52,17.32,0.92,0.7
2013-01-15,10.5,25.51,87.55,14.84,2.09,0.71
2013-01-16,4.27,25.49,87.03,16.73,1.75,0.7
2013-01-17,0.85,26.16,84.87,18.78,1.84,0.69
2013-01-18,10.05,25.97,89.45,20.5,1.71,0.68
2013-01-19,6.9,25.99,88.12,16.03,1.81,0.69
2013-01-20,13.6,26.47,86.21,18.95,2.19,0.69
2013-01-21,19.32,26.41,86.72,19.67,2.09,0.71
2013-01-22,3.31,26.12,90.03,20.36,1.88,0.71
2013-01-23,29.56,26.24,87.99,21.05,2.11,0.72
2013-01-24,19.43,25.98,86.77,18.66,1.73,0.76
2013-01-25,2.73,25.67,88.39,19.8,1.65,0.74
2013-01-26,11.63,26.19,84.25,20.64,1.87,0.73
2013-01-27,3.75,26.86,83.51,22.35,1.86,0.72
2013-01-28,5.8,26.78,84.83,23.35,1.55,0.71
2013-01-29,27.27,26.59,85.84,23.52,1.47,0.72
2013-01-30,13.48,26.75,86.21,21.46,1.55,0.75
2013-01-31,23.07,26.47,84.66,18.29,1.21,0.75
2013-02-01,8.2,27.11,81.48,13.38,1.03,0.76
2013-02-02,2.14,26.24,87.6,22.56,0.77,0.74
2013-02-03,11.4,26.44,87.15,18.0,0.77,0.73
2013-02-04,12.62,27.38,82.09,22.15,1.16,0.75
2013-02-05,2.58,27.63,82.92,24.53,1.46,0.74
2013-02-06,0.05,27.84,79.94,23.18,1.16,0.73
2013-02-07,0.08,28.08,79.21,24.51,0.96,0.71
2013-02-08,0.21,27.96,76.57,23.65,1.3,0.71
2013-02-09,0.54,27.66,76.32,24.48,1.46,0.7
2013-02-10,0.39,27.51,77.5,22.5,1.44,0.69
2013-02-11,0.12,27.28,78.14,24.52,1.38,0.69
2013-02-12,4.97,27.46,77.68,23.22,1.08,0.69
2013-02-13,6.73,26.61,84.39,20.52,1.0,0.69
2013-02-14,3.51,26.6,82.79,22.68,1.14,0.7
2013-02-15,2.77,27.43,79.15,21.86,1.03,0.7
2013-02-16,8.58,26.62,86.42,9.09,0.92,0.7
2013-02-17,10.53,26.51,84.72,19.15,1.38,0.72
2013-02-18,9.35,27.05,80.32,17.29,0.84,0.72
2013-02-19,7.28,27.31,79.66,14.42,0.88,0.72
2013-02-20,13.88,26.65,87.22,14.46,0.92,0.73
2013-02-21,10.08,25.7,90.16,11.15,2.82,0.74
2013-02-22,8.54,26.2,86.52,19.73,2.4,0.74
2013-02-23,9.36,26.54,86.89,16.86,2.11,0.74
2013-02-24,16.96,26.79,89.48,18.99,2.06,0.75
2013-02-25,17.43,26.73,87.52,15.45,2.34,0.76
2013-02-26,28.13,26.63,89.89,15.69,2.31,0.78
2013-02-27,45.17,26.74,89.37,15.96,2.5,0.82
2013-02-28,61.58,26.93,87.63,20.32,1.92,0.88
2013-03-01,18.68,26.8,87.11,11.73,1.17,0.88
2013-03-02,3.93,26.83,86.56,21.35,1.27,0.85
2013-03-03,3.1,26.91,86.69,16.77,1.62,0.84
2013-03-04,2.07,26.79,88.46,20.91,1.98,0.83
2013-03-05,12.67,26.36,91.32,14.4,2.28,0.83
2013-03-06,9.38,26.06,84.66,17.47,2.27,0.84
2013-03-07,5.06,26.38,86.33,17.92,1.57,0.83
2013-03-08,14.17,26.76,85.0,19.85,1.47,0.83
2013-03-09,3.29,26.54,84.75,21.42,1.34,0.83
2013-03-10,0.92,26.52,84.67,22.87,1.62,0.83
2013-03-11,0.1,26.5,83.15,21.72,1.55,0.82
2013-03-12,0.69,26.79,82.5,21.49,1.49,0.81
2013-03-13,0.44,26.76,82.15,24.36,1.63,0.8
2013-03-14,5.76,26.76,80.92,19.53,1.03,0.8
2013-03-15,18.03,26.43,83.28,18.02,1.4,0.81
2013-03-16,3.55,26.3,83.73,19.62,1.49,0.82
2013-03-17,1.45,27.23,79.62,22.08,0.82,0.81
2013-03-18,1.65,27.6,80.92,22.5,1.15,0.8
2013-03-19,11.88,27.46,81.65,25.14,1.6,0.8
2013-03-20,12.46,26.95,83.06,23.32,1.67,0.82
2013-03-21,0.09,27.07,79.97,24.7,1.43,0.81
2013-03-22,0.05,26.98,79.93,23.72,1.62,0.8
2013-03-23,0.18,26.97,81.04,24.46,1.76,0.79
2013-03-24,0.6,27.44,79.86,20.75,1.52,0.78
2013-03-25,9.21,28.08,76.67,23.52,1.09,0.78
2013-03-26,2.14,27.83,77.78,22.49,1.24,0.78
2013-03-27,0.07,27.8,75.91,23.21,1.11,0.78
2013-03-28,0.12,27.5,78.57,20.78,1.2,0.77
2013-03-29,1.51,27.55,79.38,20.55,1.18,0.76
2013-03-30,0.13,27.42,81.45,19.73,0.96,0.76
2013-03-31,0.19,27.46,80.28,19.22,1.03,0.76
2013-04-01,0.0,27.71,78.16,22.22,0.88,0.75
2013-04-02,0.03,27.63,79.46,20.74,0.89,0.75
2013-04-03,6.28,28.13,78.91,18.1,0.96,0.75
2013-04-04,9.02,28.25,79.27,18.93,0.89,0.76
2013-04-05,2.7,26.88,91.59,18.98,1.48,0.76
2013-04-06,1.04,27.76,82.98,20.72,1.45,0.76
2013-04-07,5.66,27.91,78.75,20.38,1.01,0.75
2013-04-08,27.01,27.15,81.19,8.13,0.95,0.77
2013-04-09,10.58,27.17,79.61,15.27,0.73,0.79
2013-04-10,1.28,27.35,79.03,17.34,0.91,0.78
2013-04-11,4.66,26.63,86.64,12.52,1.45,0.77
2013-04-12,1.44,27.07,85.51,15.69,1.38,0.77
2013-04-13,5.12,27.14,86.42,17.18,1.77,0.76
2013-04-14,10.77,27.08,86.46,20.01,1.79,0.77
2013-04-15,0.82,27.24,82.18,19.82,1.81,0.77
2013-04-16,0.02,27.09,80.41,20.1,1.68,0.76
2013-04-17,0.36,27.05,81.17,17.41,1.55,0.75
2013-04-18,6.79,26.98,82.94,16.3,1.79,0.75
2013-04-19,3.41,26.7,84.8,12.36,1.87,0.75
2013-04-20,0.25,26.76,83.94,19.35,1.68,0.75
2013-04-21,0.3,27.32,83.41,22.13,1.65,0.74
2013-04-22,3.91,26.97,87.74,17.47,1.49,0.74
2013-04-23,7.78,26.78,87.81,19.91,1.75,0.75
2013-04-24,0.02,27.11,80.65,22.57,1.74,0.74
2013-04-25,0.1,26.52,80.87,22.0,1.73,0.73
2013-04-26,0.13,26.56,81.6,20.73,1.57,0.73
2013-04-27,0.02,26.86,81.09,20.91,1.71,0.72
2013-04-28,0.13,26.76,81.48,21.87,1.93,0.72
2013-04-29,0.12,26.73,81.63,20.97,2.03,0.71
2013-04-30,0.13,26.47,81.07,21.33,2.27,0.71
2013-05-01,0.37,26.29,81.01,20.77,2.3,0.7
2013-05-02,0.02,26.64,77.4,21.54,2.07,0.7
2013-05-03,0.03,26.56,82.12,19.66,1.82,0.7
2013-05-04,0.02,26.54,84.49,21.71,1.63,0.69
2013-05-05,0.34,27.49,85.51,20.2,1.91,0.69
2013-05-06,0.57,27.07,88.37,19.86,1.92,0.69
2013-05-07,0.06,27.19,85.17,20.68,2.06,0.69
2013-05-08,1.99,26.9,85.14,17.58,1.81,0.69
2013-05-09,0.49,26.81,83.86,17.6,1.92,0.69
2013-05-10,0.0,26.54,80.76,20.06,2.03,0.68
2013-05-11,0.0,26.72,82.1,19.9,1.78,0.68
2013-05-12,0.61,27.14,84.54,17.34,1.65,0.68
2013-05-13,1.17,27.61,81.4,18.01,1.25,0.67
2013-05-14,1.32,27.32,84.09,17.69,1.06,0.67
2013-05-15,3.34,27.4,81.25,13.48,0.82,0.68
2013-05-16,1.2,27.27,83.71,18.64,0.97,0.68
2013-05-17,3.6,27.03,86.14,16.77,1.27,0.68
2013-05-18,12.21,27.18,85.62,16.83,1.19,0.69
2013-05-19,15.81,27.42,84.16,18.63,1.13,0.71
2013-05-20,3.48,27.55,80.09,17.35,0.79,0.72
2013-05-21,16.13,26.98,86.74,17.51,0.93,0.72
2013-05-22,4.06,27.26,85.17,18.8,0.91,0.73
2013-05-23,13.9,26.45,87.5,17.43,1.05,0.73
2013-05-24,2.83,26.33,85.67,15.79,1.21,0.73
2013-05-25,2.05,26.5,88.87,17.37,1.32,0.72
2013-05-26,5.18,26.27,88.68,9.71,1.46,0.72
2013-05-27,6.58,25.63,88.06,10.79,1.52,0.72
2013-05-28,20.61,25.77,86.33,12.54,1.4,0.73
2013-05-29,1.58,25.98,86.36,14.97,1.37,0.74
2013-05-30,1.27,26.13,82.82,17.25,1.42,0.73
2013-05-31,5.05,26.36,86.22,13.58,1.27,0.72
2013-06-01,10.74,25.81,88.09,16.46,1.42,0.73
2013-06-02,4.7,26.88,83.67,12.95,1.23,0.73
2013-06-03,0.77,26.93,84.7,18.41,1.06,0.72
2013-06-04,0.63,26.34,89.85,15.4,0.85,0.72
2013-06-05,0.75,27.24,85.17,15.67,1.02,0.72
2013-06-06,3.82,27.03,86.04,15.06,0.93,0.71
2013-06-07,2.33,26.97,84.72,15.28,1.05,0.71
2013-06-08,1.22,26.62,84.86,14.9,1.17,0.71
2013-06-09,8.41,26.12,90.36,12.45,1.51,0.72
2013-06-10,1.95,26.26,88.49,17.58,1.78,0.72
2013-06-11,0.8,26.46,87.8,16.68,1.74,0.72
2013-06-12,0.14,26.34,86.65,15.9,1.92,0.71
2013-06-13,0.13,26.43,84.48,13.84,2.02,0.71
2013-06-14,0.68,26.55,83.63,13.3,1.68,0.7
2013-06-15,0.4,26.07,85.73,14.69,1.97,0.7
2013-06-16,0.02,26.42,84.9,18.37,1.86,0.69
2013-06-17,2.1,26.61,85.58,14.96,1.54,0.69
2013-06-18,30.73,25.8,93.53,11.75,1.67,0.71
2013-06-19,11.16,26.73,87.86,12.78,1.09,0.75
2013-06-20,5.62,26.24,90.51,17.57,1.12,0.75
2013-06-21,2.95,26.71,82.01,17.03,1.07,0.74
2013-06-22,5.39,26.27,86.85,16.37,0.96,0.73
2013-06-23,2.34,26.59,85.98,18.58,1.34,0.73
2013-06-24,3.08,27.05,80.43,17.99,0.92,0.72
2013-06-25,3.46,27.0,80.9,16.82,0.99,0.72
2013-06-26,0.75,26.67,77.36,18.7,0.85,0.71
2013-06-27,2.71,26.28,81.93,16.46,1.15,0.71
2013-06-28,12.66,25.86,86.27,17.49,1.37,0.72
2013-06-29,3.27,25.67,89.63,18.37,1.64,0.73
2013-06-30,1.13,25.94,87.6,17.45,1.98,0.72
2013-07-01,1.36,25.36,87.49,14.01,2.21,0.72
2013-07-02,0.44,25.88,84.56,15.18,2.16,0.71
2013-07-03,0.01,25.62,81.91,18.35,2.42,0.71
2013-07-04,0.0,25.15,79.23,19.46,2.37,0.7
2013-07-05,0.02,24.74,79.34,17.97,2.47,0.69
2013-07-06,0.18,25.08,83.62,19.01,2.23,0.69
2013-07-07,0.12,25.01,84.82,14.41,2.23,0.69
2013-07-08,0.95,25.33,85.65,16.79,2.11,0.68
2013-07-09,1.5,25.76,87.97,17.56,2.19,0.68
2013-07-10,2.28,25.62,89.91,17.37,1.92,0.68
2013-07-11,2.76,25.5,88.55,14.52,2.11,0.69
2013-07-12,0.08,25.26,84.13,18.59,2.25,0.69
2013-07-13,0.23,25.53,85.88,19.68,2.06,0.68
2013-07-14,2.57,25.53,87.79,17.77,2.19,0.68
2013-07-15,0.13,25.34,82.78,17.55,2.59,0.68
2013-07-16,0.53,24.96,83.58,16.24,2.35,0.67
2013-07-17,0.36,24.44,80.07,19.14,2.39,0.67
2013-07-18,0.21,24.31,78.15,19.02,2.48,0.67
2013-07-19,0.01,24.4,76.6,18.52,2.24,0.66
2013-07-20,0.11,24.49,80.14,14.82,2.4,0.66
2013-07-21,0.07,24.55,82.39,11.6,2.28,0.66
2013-07-22,0.17,24.76,85.04,16.9,2.2,0.65
2013-07-23,0.06,25.37,85.83,18.49,2.23,0.65
2013-07-24,0.12,25.22,83.27,17.22,2.58,0.65
2013-07-25,0.03,24.72,82.42,18.94,2.4,0.65
2013-07-26,0.06,24.63,83.48,19.83,2.09,0.65
2013-07-27,0.04,24.14,80.6,19.35,2.21,0.64
2013-07-28,0.07,23.68,77.66,18.47,2.24,0.64
2013-07-29,0.05,23.5,77.05,20.06,2.32,0.64
2013-07-30,0.15,24.05,78.75,19.88,2.03,0.63
2013-07-31,0.38,24.21,82.34,19.31,2.14,0.63
2013-08-01,0.74,24.42,81.09,18.66,2.36,0.63
2013-08-02,0.0,24.22,78.83,21.51,2.42,0.62
2013-08-03,0.04,24.25,79.23,20.89,2.38,0.62
2013-08-04,0.02,24.68,80.53,19.78,2.3,0.61
2013-08-05,0.04,24.51,80.57,18.02,2.42,0.61
2013-08-06,0.0,24.16,79.4,18.51,2.4,0.61
2013-08-07,0.05,24.3,80.24,20.85,2.25,0.6
2013-08-08,0.08,24.73,82.56,19.55,2.17,0.6
2013-08-09,0.09,24.36,78.84,20.45,2.33,0.6
2013-08-10,0.0,23.64,76.41,22.4,2.26,0.6
2013-08-11,0.01,23.29,74.11,22.36,2.44,0.59
2013-08-12,0.0,23.21,72.84,20.05,2.19,0.59
2013-08-13,0.06,23.78,82.98,18.22,2.1,0.59
2013-08-14,0.0,24.81,83.1,17.17,2.16,0.59
2013-08-15,0.23,25.39,82.65,21.77,1.67,0.58
2013-08-16,0.02,24.77,82.25,22.2,1.95,0.58
2013-08-17,0.0,24.52,82.07,22.81,1.91,0.58
2013-08-18,0.0,24.38,81.46,21.93,1.9,0.58
2013-08-19,0.0,24.13,83.72,21.87,2.0,0.58
2013-08-20,0.01,24.58,82.87,21.13,2.1,0.57
2013-08-21,0.0,24.86,79.53,23.54,1.91,0.57
2013-08-22,0.0,24.86,82.91,23.32,2.04,0.57
2013-08-23,0.0,24.88,80.94,22.15,1.8,0.57
2013-08-24,0.01,25.07,80.16,22.46,1.62,0.56
2013-08-25,0.01,25.07,79.83,21.57,1.72,0.56
2013-08-26,0.01,25.27,78.3,22.03,2.25,0.56
2013-08-27,0.0,25.09,78.62,21.76,2.25,0.55
2013-08-28,0.03,25.41,82.46,22.01,2.08,0.55
2013-08-29,0.1,25.7,82.69,19.9,1.83,0.55
2013-08-30,0.13,25.4,82.31,21.15,2.36,0.55
2013-08-31,0.01,25.51,80.25,22.64,2.11,0.55
2013-09-01,0.0,25.48,81.5,22.72,2.4,0.54
2013-09-02,0.01,25.35,80.38,23.87,2.5,0.54
2013-09-03,0.01,25.06,79.8,23.02,2.38,0.54
2013-09-04,0.01,25.19,80.2,23.46,2.57,0.54
2013-09-05,0.01,25.38,79.24,23.28,2.37,0.54
2013-09-06,0.0,25.65,76.65,22.34,1.96,0.53
2013-09-07,0.02,25.32,77.04,22.55,2.2,0.53
2013-09-08,0.0,25.05,77.28,22.84,2.2,0.53
2013-09-09,0.06,25.01,77.81,23.59,1.89,0.53
2013-09-10,0.01,25.17,79.6,22.12,1.73,0.53
2013-09-11,0.13,25.65,80.58,20.47,1.76,0.52
2013-09-12,0.02,25.54,80.8,19.89,2.33,0.52
2013-09-13,0.03,25.26,79.3,23.07,2.28,0.52
2013-09-14,0.01,24.84,79.58,22.54,2.11,0.52
2013-09-15,0.05,24.85,79.86,22.49,2.14,0.52
2013-09-16,0.08,24.99,81.3,21.66,2.26,0.52
2013-09-17,0.09,25.23,79.55,21.65,2.33,0.52
2013-09-18,0.05,24.97,75.67,22.39,1.94,0.51
2013-09-19,0.08,24.8,76.7,24.69,1.91,0.51
2013-09-20,0.01,24.86,77.5,25.08,1.78,0.51
2013-09-21,0.02,25.0,77.27,24.43,2.02,0.51
2013-09-22,0.0,25.2,77.31,24.2,2.0,0.51
2013-09-23,0.03,25.48,78.0,24.19,2.18,0.51
2013-09-24,0.0,25.75,77.9,23.3,2.14,0.5
2013-09-25,0.0,25.62,79.24,22.57,1.91,0.5
2013-09-26,0.0,25.31,75.87,24.4,1.92,0.5
2013-09-27,0.0,25.23,74.64,24.03,1.92,0.5
2013-09-28,0.0,25.51,73.06,25.54,1.59,0.5
2013-09-29,0.0,25.79,73.51,24.59,1.57,0.49
2013-09-30,0.04,25.35,77.98,23.19,2.11,0.49
2013-10-01,0.95,25.7,77.1,22.91,2.26,0.49
2013-10-02,0.55,26.15,79.38,24.29,2.09,0.49
2013-10-03,0.0,26.18,78.11,24.95,1.56,0.49
2013-10-04,0.0,26.5,74.02,25.04,1.25,0.49
2013-10-05,0.05,26.42,76.41,23.95,1.27,0.49
2013-10-06,0.04,26.67,76.09,23.44,1.5,0.48
2013-10-07,0.01,26.67,74.58,25.06,1.42,0.48
2013-10-08,0.04,26.49,74.36,23.95,1.68,0.48
2013-10-09,0.09,26.2,76.91,24.77,1.9,0.48
2013-10-10,0.01,26.5,72.69,23.26,1.94,0.48
2013-10-11,0.0,26.57,73.0,24.7,1.69,0.48
2013-10-12,0.0,26.51,75.83,23.82,1.7,0.47
2013-10-13,0.03,26.21,74.45,26.07,1.88,0.47
2013-10-14,0.02,26.72,74.79,24.84,1.59,0.47
2013-10-15,2.38,26.94,78.81,19.19,1.52,0.47
2013-10-16,1.74,27.63,80.55,23.17,1.37,0.48
2013-10-17,0.4,27.42,80.75,22.32,1.51,0.48
2013-10-18,0.34,28.06,76.91,24.94,1.64,0.48
2013-10-19,0.1,28.26,76.01,24.34,1.45,0.47
2013-10-20,0.15,28.14,75.14,23.69,1.38,0.47
2013-10-21,0.26,27.69,76.57,25.23,1.73,0.47
2013-10-22,0.17,27.9,76.14,22.29,1.42,0.47
2013-10-23,0.06,27.66,74.69,23.4,1.66,0.47
2013-10-24,0.27,27.46,75.03,23.35,1.55,0.47
2013-10-25,0.49,27.4,78.1,22.79,1.41,0.47
2013-10-26,1.03,27.51,78.16,20.41,1.5,0.47
2013-10-27,4.29,27.72,79.74,23.0,1.52,0.47
2013-10-28,1.12,27.72,77.0,22.03,1.86,0.47
2013-10-29,0.09,28.29,72.67,24.42,1.26,0.47
2013-10-30,0.02,27.84,71.08,25.3,1.24,0.47
2013-10-31,0.06,27.85,70.13,24.7,1.6,0.47
2013-11-01,6.22,27.64,74.6,23.54,1.76,0.47
2013-11-02,4.42,27.76,77.09,23.0,1.93,0.48
2013-11-03,0.23,28.7,73.31,23.58,1.59,0.48
2013-11-04,0.3,28.62,75.8,23.47,1.33,0.48
2013-11-05,0.2,28.01,75.7,23.35,1.38,0.47
2013-11-06,3.94,28.52,74.76,23.1,1.37,0.48
2013-11-07,10.82,28.12,77.44,22.91,1.35,0.49
2013-11-08,0.16,28.34,75.67,24.86,1.54,0.49
2013-11-09,0.14,28.33,77.25,22.49,1.56,0.49
2013-11-10,0.03,28.65,74.31,24.13,1.45,0.48
2013-11-11,0.64,28.38,78.51,22.15,1.32,0.48
2013-11-12,0.69,28.07,76.78,21.68,1.28,0.48
2013-11-13,0.65,27.85,75.42,22.36,1.16,0.47
2013-11-14,4.16,27.9,74.9,20.83,1.0,0.47
2013-11-15,11.0,27.13,76.41,13.88,0.97,0.49
2013-11-16,6.24,27.04,80.07,19.69,1.01,0.51
2013-11-17,2.3,26.63,81.61,21.75,1.35,0.51
2013-11-18,2.53,26.69,80.04,14.89,0.91,0.51
2013-11-19,3.62,27.07,78.53,7.86,1.05,0.51
2013-11-20,14.56,26.75,84.38,13.51,1.4,0.52
2013-11-21,3.16,26.68,84.92,18.04,1.99,0.54
2013-11-22,1.32,26.6,82.25,19.62,1.82,0.53
2013-11-23,0.43,26.87,78.7,19.5,1.82,0.52
2013-11-24,0.46,26.64,76.89,22.43,1.76,0.52
2013-11-25,8.37,26.54,78.59,19.96,1.55,0.52
2013-11-26,1.0,26.32,80.85,20.15,1.35,0.52
2013-11-27,8.01,26.65,80.25,11.78,1.24,0.52
2013-11-28,4.86,26.83,76.86,21.5,1.52,0.53
2013-11-29,3.66,26.23,79.32,15.19,1.91,0.53
2013-11-30,0.65,26.36,77.1,20.58,1.71,0.52
2013-12-01,0.25,26.67,77.8,21.46,1.66,0.52
2013-12-02,0.33,26.97,78.06,22.08,1.8,0.51
2013-12-03,0.25,27.31,75.61,21.55,1.78,0.5
2013-12-04,33.87,26.78,81.78,20.04,1.53,0.52
2013-12-05,24.02,25.93,87.58,16.37,1.35,0.6
2013-12-06,6.2,27.13,81.7,21.42,1.11,0.6
2013-12-07,10.17,26.69,87.15,11.92,1.3,0.6
2013-12-08,4.12,27.32,82.82,20.33,1.2,0.6
2013-12-09,6.22,26.89,86.09,17.81,1.15,0.59
2013-12-10,2.72,27.5,81.46,18.91,1.09,0.59
2013-12-11,16.04,27.41,83.41,17.06,1.24,0.59
2013-12-12,21.06,26.89,85.61,17.53,1.26,0.62
2013-12-13,14.53,28.31,77.2,20.86,0.8,0.64
2013-12-14,9.02,27.34,84.81,16.39,0.78,0.64
2013-12-15,14.85,26.4,86.97,15.05,1.21,0.64
2013-12-16,13.86,26.61,81.72,15.14,0.95,0.66
2013-12-17,11.37,26.33,83.94,17.82,1.23,0.66
2013-12-18,2.91,27.29,79.42,14.97,0.95,0.65
2013-12-19,4.16,27.1,83.31,18.99,1.12,0.64
2013-12-20,7.34,27.14,85.41,18.97,1.33,0.63
2013-12-21,8.2,26.41,87.8,12.39,1.19,0.63
2013-12-22,10.47,26.44,82.81,8.34,1.19,0.63
2013-12-23,28.44,25.29,89.85,10.44,1.81,0.66
2013-12-24,31.35,25.72,91.04,9.89,2.19,0.69
2013-12-25,13.31,26.19,86.28,15.8,2.08,0.73
2013-12-26,2.48,26.49,82.11,23.95,2.55,0.7
2013-12-27,0.46,26.95,80.05,21.47,2.51,0.67
2013-12-28,0.38,26.74,80.75,20.29,2.55,0.65
2013-12-29,1.05,27.17,81.67,23.46,2.28,0.64
2013-12-30,7.09,27.16,85.06,19.42,1.66,0.63
2013-12-31,9.94,25.87,89.4,12.15,1.1,0.64
2014-01-01,46.11,25.98,87.56,10.04,1.31,0.69
2014-01-02,20.94,25.51,88.39,14.09,1.97,0.73
2014-01-03,28.91,26.41,85.07,18.65,1.16,0.75
2014-01-04,24.47,26.34,83.52,13.57,1.01,0.77
2014-01-05,13.02,26.72,82.79,17.89,0.66,0.77
2014-01-06,2.96,27.33,79.54,21.91,0.77,0.75
2014-01-07,0.82,26.78,84.98,21.14,1.2,0.72
2014-01-08,1.83,27.42,78.97,20.59,1.12,0.71
2014-01-09,2.13,27.16,82.6,24.0,1.4,0.7
2014-01-10,16.56,26.58,86.88,20.81,1.25,0.7
2014-01-11,7.26,26.7,82.18,18.12,1.05,0.72
2014-01-12,1.17,26.52,84.53,18.1,1.25,0.7
2014-01-13,8.2,26.61,85.03,16.91,1.96,0.7
2014-01-14,5.74,26.55,86.91,12.88,2.78,0.7
2014-01-15,1.3,26.98,84.15,18.77,2.97,0.69
2014-01-16,1.67,26.67,84.62,15.89,2.89,0.69
2014-01-17,1.3,26.98,81.6,20.46,3.23,0.68
2014-01-18,1.59,26.83,84.87,20.87,2.83,0.67
2014-01-19,4.46,26.32,87.25,18.93,2.69,0.67
2014-01-20,38.38,26.35,86.91,16.19,2.62,0.7
2014-01-21,43.81,26.37,88.44,4.09,2.74,0.78
2014-01-22,16.21,25.92,90.08,18.05,2.59,0.79
2014-01-23,15.88,25.77,89.38,11.87,2.13,0.78
2014-01-24,17.51,25.81,87.31,10.93,1.63,0.78
2014-01-25,9.55,25.89,86.01,16.9,1.82,0.78
2014-01-26,4.04,25.96,85.03,22.93,2.22,0.76
2014-01-27,6.1,26.29,83.82,20.88,2.29,0.74
2014-01-28,0.14,26.29,80.83,24.13,2.28,0.74
2014-01-29,0.32,26.7,80.39,24.03,2.28,0.72
2014-01-30,2.59,26.62,86.08,18.14,2.68,0.72
2014-01-31,3.38,26.5,87.32,14.67,2.65,0.72
2014-02-01,3.56,26.69,82.91,16.32,3.2,0.72
2014-02-02,12.54,26.98,83.06,15.85,2.37,0.72
2014-02-03,21.86,26.74,87.51,19.97,1.61,0.74
2014-02-04,4.85,25.85,87.78,16.53,1.72,0.75
2014-02-05,1.31,26.8,83.62,23.93,1.42,0.74
2014-02-06,0.96,27.22,83.02,23.82,1.77,0.73
2014-02-07,1.88,26.88,85.84,21.72,1.69,0.72
2014-02-08,6.87,26.12,92.88,13.78,1.48,0.73
2014-02-09,5.01,26.84,88.55,16.84,1.74,0.73
2014-02-10,2.43,25.97,86.87,17.04,1.71,0.73
2014-02-11,9.7,26.0,87.77,17.2,2.05,0.73
2014-02-12,2.93,26.21,82.93,23.32,1.67,0.74
2014-02-13,1.99,26.49,83.11,20.99,1.8,0.73
2014-02-14,8.66,25.28,88.31,5.92,2.14,0.73
2014-02-15,5.23,25.77,85.0,15.31,1.86,0.73
2014-02-16,3.21,25.55,84.55,20.03,1.52,0.73
2014-02-17,4.72,25.29,85.22,17.07,1.63,0.73
2014-02-18,4.03,25.83,84.63,14.62,1.63,0.73
2014-02-19,5.66,25.76,85.96,18.01,1.91,0.73
2014-02-20,1.0,25.86,80.9,21.94,1.77,0.72
2014-02-21,1.95,26.04,86.29,22.53,1.78,0.72
2014-02-22,3.47,25.63,81.62,16.22,1.54,0.72
2014-02-23,9.32,25.74,81.08,18.67,1.81,0.72
2014-02-24,6.48,25.98,82.0,24.11,1.35,0.73
2014-02-25,0.82,26.2,79.35,23.66,1.4,0.72
2014-02-26,0.76,26.41,79.66,21.33,1.3,0.71
2014-02-27,8.13,26.54,82.06,19.59,1.4,0.72
2014-02-28,0.71,26.57,78.41,22.31,1.39,0.71
2014-03-01,0.08,26.58,73.28,24.17,1.14,0.71
2014-03-02,0.03,26.91,75.75,25.51,1.08,0.7
2014-03-03,0.23,27.15,78.49,22.73,1.06,0.69
2014-03-04,1.77,27.35,78.55,21.67,0.99,0.69
2014-03-05,0.82,27.26,78.65,24.03,1.09,0.69
2014-03-06,0.02,26.97,76.65,25.27,1.29,0.68
2014-03-07,0.0,26.84,76.17,25.95,1.15,0.68
2014-03-08,0.11,26.88,75.25,25.93,1.28,0.68
2014-03-09,0.89,26.43,81.4,21.72,1.33,0.67
2014-03-10,0.83,27.33,78.45,23.24,1.03,0.67
2014-03-11,5.89,26.7,81.68,19.86,1.02,0.67
2014-03-12,16.39,26.73,79.19,16.67,0.87,0.69
2014-03-13,13.7,26.99,81.32,14.57,0.78,0.72
2014-03-14,2.27,27.3,76.95,20.23,0.97,0.72
2014-03-15,0.15,27.47,76.3,22.72,0.76,0.71
2014-03-16,2.28,27.83,77.82,19.77,0.69,0.7
2014-03-17,14.06,27.09,87.64,19.15,1.1,0.7
2014-03-18,11.35,27.37,82.13,20.75,1.59,0.72
2014-03-19,5.07,27.3,81.97,14.19,1.87,0.72
2014-03-20,22.31,26.15,91.57,9.39,1.28,0.74
2014-03-21,1.63,26.89,84.34,19.94,0.88,0.73
2014-03-22,12.51,26.66,83.45,20.67,0.98,0.73
2014-03-23,0.19,27.47,77.21,24.97,1.64,0.73
2014-03-24,0.0,27.32,75.57,26.14,1.65,0.71
2014-03-25,0.04,27.36,77.56,24.36,1.29,0.7
2014-03-26,1.41,27.61,80.75,22.52,1.21,0.7
2014-03-27,2.56,27.62,83.15,21.14,1.13,0.69
2014-03-28,2.16,27.42,81.97,18.57,1.19,0.69
2014-03-29,0.29,27.46,79.08,23.25,1.54,0.69
2014-03-30,0.0,27.59,76.8,21.01,1.35,0.68
2014-03-31,0.0,27.43,81.33,22.47,1.69,0.68
2014-04-01,0.16,27.55,83.09,23.31,1.85,0.67
2014-04-02,0.41,27.15,87.56,22.36,1.5,0.67
2014-04-03,0.79,27.12,86.24,20.67,1.55,0.67
2014-04-04,0.42,27.2,84.42,20.2,1.64,0.67
2014-04-05,0.38,26.92,83.99,18.88,1.52,0.67
2014-04-06,5.03,27.31,80.43,18.41,1.09,0.67
2014-04-07,6.36,26.91,82.55,20.5,1.18,0.68
2014-04-08,0.16,26.86,79.24,22.56,1.44,0.68
2014-04-09,5.54,26.74,80.96,18.74,1.37,0.67
2014-04-10,3.55,27.14,77.72,21.64,1.11,0.68
2014-04-11,9.45,26.95,79.61,21.05,1.19,0.68
2014-04-12,9.68,26.71,82.67,21.09,1.47,0.7
2014-04-13,4.3,26.75,82.4,20.78,1.36,0.7
2014-04-14,1.38,26.64,79.95,17.16,1.35,0.69
2014-04-15,5.37,26.85,77.72,19.17,1.41,0.69
2014-04-16,1.18,26.97,78.85,20.88,1.4,0.68
2014-04-17,5.29,26.69,85.15,18.05,1.51,0.68
2014-04-18,5.08,27.03,82.28,16.06,1.22,0.68
2014-04-19,2.81,27.08,83.34,16.84,1.42,0.68
2014-04-20,0.11,27.41,81.12,19.94,1.38,0.68
2014-04-21,11.41,27.69,81.58,18.83,1.27,0.68
2014-04-22,5.78,27.53,83.19,21.5,1.25,0.69
2014-04-23,1.66,27.41,84.33,20.81,1.03,0.69
2014-04-24,0.28,27.32,81.85,20.72,1.34,0.68
2014-04-25,11.6,27.41,83.94,20.02,1.35,0.68
2014-04-26,2.35,26.82,87.71,20.22,1.66,0.69
2014-04-27,0.02,27.18,81.44,20.21,1.84,0.68
2014-04-28,0.0,26.49,80.37,22.24,1.78,0.67
2014-04-29,0.1,27.1,77.78,20.94,1.42,0.66
2014-04-30,12.69,27.67,79.4,18.78,1.02,0.66
2014-05-01,5.73,27.83,82.17,18.37,1.04,0.68
2014-05-02,0.98,27.5,85.11,19.79,1.52,0.68
2014-05-03,0.39,27.31,85.01,21.43,1.46,0.67
2014-05-04,0.01,27.65,79.99,20.76,1.32,0.66
2014-05-05,0.0,27.69,79.7,21.36,1.61,0.66
2014-05-06,0.01,27.48,83.04,20.89,1.66,0.65
2014-05-07,0.22,27.49,82.55,20.53,1.76,0.64
2014-05-08,0.0,27.65,79.33,21.31,1.84,0.64
2014-05-09,0.0,27.11,80.38,20.13,1.88,0.63
2014-05-10,0.01,26.87,80.2,21.27,1.92,0.63
2014-05-11,0.85,27.1,83.4,20.35,1.8,0.62
2014-05-12,0.79,27.14,83.94,16.85,1.95,0.62
2014-05-13,0.78,26.93,83.76,17.83,1.95,0.62
2014-05-14,0.17,27.16,81.55,20.21,2.01,0.61
2014-05-15,0.07,27.07,81.0,20.34,1.88,0.61
2014-05-16,0.25,26.78,81.67,20.5,2.13,0.61
2014-05-17,0.02,26.56,80.56,20.51,2.04,0.6
2014-05-18,0.08,26.8,82.63,18.21,1.84,0.6
2014-05-19,0.33,26.79,84.82,20.19,1.64,0.6
2014-05-20,0.6,27.0,83.04,17.9,1.83,0.6
2014-05-21,0.21,26.3,85.02,20.3,2.11,0.59
2014-05-22,0.03,26.65,80.0,20.69,2.25,0.59
2014-05-23,0.11,26.66,81.83,19.42,2.1,0.59
2014-05-24,0.42,26.89,83.07,18.59,1.74,0.59
2014-05-25,7.39,26.77,86.18,17.87,1.64,0.59
2014-05-26,0.96,26.98,83.74,19.5,1.99,0.6
2014-05-27,0.14,26.83,82.67,19.08,2.25,0.59
2014-05-28,0.54,26.99,84.95,17.58,2.36,0.59
2014-05-29,0.09,26.42,80.94,18.3,2.37,0.58
2014-05-30,0.0,26.06,76.17,19.86,2.18,0.58
2014-05-31,0.04,26.25,81.57,18.94,1.95,0.58
2014-06-01,0.04,26.54,82.19,18.8,1.79,0.57
2014-06-02,0.12,26.61,84.25,17.06,1.91,0.57
2014-06-03,0.13,26.86,82.21,18.12,2.1,0.57
2014-06-04,0.02,26.71,82.77,18.28,2.31,0.56
2014-06-05,0.03,26.55,81.03,19.49,2.49,0.56
2014-06-06,0.02,26.43,81.31,18.65,2.41,0.56
2014-06-07,0.04,26.53,81.22,19.4,2.33,0.55
2014-06-08,0.01,26.65,81.58,19.48,2.2,0.55
2014-06-09,0.13,26.93,81.61,18.3,1.89,0.55
2014-06-10,0.25,26.85,81.62,17.49,1.74,0.55
2014-06-11,0.19,26.24,82.72,17.39,1.69,0.54
2014-06-12,0.11,25.64,80.73,16.32,1.98,0.54
2014-06-13,0.29,25.33,74.85,17.37,2.45,0.54
2014-06-14,0.16,25.37,75.31,17.18,2.44,0.54
2014-06-15,0.04,25.43,78.47,16.45,2.41,0.54
2014-06-16,0.5,25.65,81.6,16.14,2.4,0.53
2014-06-17,0.08,26.05,79.1,18.43,2.02,0.53
2014-06-18,0.12,25.98,80.47,18.13,2.1,0.53
2014-06-19,0.19,25.55,79.88,18.81,2.25,0.53
2014-06-20,0.05,25.46,82.05,17.96,2.09,0.53
2014-06-21,0.08,26.17,83.16,16.7,1.42,0.53
2014-06-22,1.21,25.68,85.88,8.38,1.35,0.53
2014-06-23,0.79,25.79,86.06,14.07,1.46,0.53
2014-06-24,0.19,26.02,82.2,11.0,2.09,0.53
2014-06-25,0.02,25.98,80.59,16.01,2.28,0.53
2014-06-26,0.0,25.6,77.42,19.38,2.26,0.52
2014-06-27,0.02,25.1,75.69,18.33,2.34,0.52
2014-06-28,0.05,24.88,75.56,18.44,2.21,0.52
2014-06-29,0.01,24.85,74.15,18.93,2.21,0.51
2014-06-30,0.08,25.2,79.36,18.64,2.14,0.51
2014-07-01,0.08,25.53,79.78,16.77,2.23,0.51
2014-07-02,0.1,25.45,78.14,16.46,2.2,0.51
2014-07-03,0.04,24.97,77.9,15.67,2.44,0.51
2014-07-04,0.04,25.13,80.46,17.49,2.39,0.51
2014-07-05,0.06,25.2,80.84,16.17,2.46,0.5
2014-07-06,0.07,25.52,79.7,17.32,2.18,0.5
2014-07-07,1.63,25.37,78.15,18.15,2.11,0.5
2014-07-08,4.23,24.36,82.84,16.74,2.43,0.51
2014-07-09,0.83,24.51,80.8,16.19,2.13,0.51
2014-07-10,0.03,25.64,76.3,19.15,1.68,0.51
2014-07-11,0.21,25.84,78.04,14.95,1.78,0.5
2014-07-12,1.44,26.28,81.75,17.1,1.33,0.5
2014-07-13,10.47,25.09,86.18,9.25,2.02,0.51
2014-07-14,3.51,24.24,82.54,16.3,2.32,0.52
2014-07-15,0.0,23.65,75.08,17.55,2.11,0.52
2014-07-16,0.04,24.13,76.05,17.8,1.75,0.52
2014-07-17,0.25,25.11,84.37,15.26,1.66,0.51
2014-07-18,0.12,26.06,80.86,17.31,1.12,0.51
2014-07-19,0.12,25.93,81.07,18.34,1.53,0.51
2014-07-20,0.17,25.69,81.71,18.54,1.59,0.5
2014-07-21,0.01,25.86,80.15,18.93,1.62,0.5
2014-07-22,0.0,25.61,79.37,18.34,1.79,0.5
2014-07-23,0.07,25.11,77.38,19.13,2.37,0.5
2014-07-24,0.2,24.75,78.97,18.99,2.12,0.49
2014-07-25,0.01,24.64,75.29,19.02,2.34,0.49
2014-07-26,0.01,24.69,76.58,20.15,2.32,0.49
2014-07-27,0.04,24.9,77.3,19.13,2.27,0.49
2014-07-28,0.03,25.04,75.73,17.4,2.24,0.48
2014-07-29,0.09,25.3,78.14,18.89,2.13,0.48
2014-07-30,0.09,25.71,78.38,19.69,2.05,0.48
2014-07-31,0.04,25.55,78.42,20.05,2.1,0.48
2014-08-01,0.03,25.46,78.69,20.33,2.23,0.48
2014-08-02,0.05,25.78,79.86,20.53,2.1,0.48
2014-08-03,0.12,26.03,79.41,19.55,2.07,0.47
2014-08-04,0.2,26.2,79.47,19.61,2.0,0.47
2014-08-05,0.08,26.18,78.01,20.42,2.28,0.47
2014-08-06,0.0,25.72,75.53,19.61,2.25,0.47
2014-08-07,0.01,25.36,77.93,18.29,2.24,0.47
2014-08-08,0.01,25.39,78.42,19.53,2.36,0.47
2014-08-09,0.09,25.61,78.59,20.98,2.39,0.47
2014-08-10,0.06,25.67,74.49,21.75,2.54,0.47
2014-08-11,0.0,25.01,72.29,21.81,2.57,0.46
2014-08-12,0.0,24.9,73.1,20.66,2.66,0.46
2014-08-13,0.01,25.05,73.9,20.84,2.63,0.46
2014-08-14,0.03,24.86,75.55,20.43,2.82,0.46
2014-08-15,0.12,24.48,74.11,19.74,2.78,0.46
2014-08-16,0.02,24.2,70.77,19.64,2.6,0.46
2014-08-17,0.0,24.05,73.91,19.23,2.38,0.46
2014-08-18,0.02,24.34,77.82,18.32,2.08,0.46
2014-08-19,0.29,25.15,77.51,17.29,1.92,0.46
2014-08-20,0.06,25.32,77.82,19.52,1.93,0.46
2014-08-21,0.0,25.27,77.84,18.12,2.08,0.46
2014-08-22,0.01,25.32,75.0,18.14,2.27,0.46
2014-08-23,0.02,25.39,74.49,20.97,2.43,0.46
2014-08-24,0.0,24.76,70.3,22.9,2.64,0.45
2014-08-25,0.0,24.67,69.81,23.86,2.43,0.45
2014-08-26,0.0,25.07,73.17,22.19,2.29,0.45
2014-08-27,0.0,25.29,73.4,23.16,2.2,0.45
2014-08-28,0.0,25.13,71.91,21.19,2.01,0.45
2014-08-29,0.08,24.86,76.16,19.29,2.18,0.45
2014-08-30,0.08,24.71,75.02,22.53,2.25,0.45
2014-08-31,0.01,24.53,73.07,23.2,2.11,0.45
2014-09-01,0.0,25.0,71.24,22.91,2.01,0.45
2014-09-02,0.0,24.85,71.57,24.01,2.19,0.45
2014-09-03,0.0,25.02,72.65,22.44,1.83,0.45
2014-09-04,0.02,25.45,72.67,22.04,1.91,0.44
2014-09-05,0.0,25.84,71.94,23.07,1.57,0.44
2014-09-06,0.0,25.47,75.45,23.58,1.97,0.44
2014-09-07,0.0,25.22,75.36,23.99,2.0,0.44
2014-09-08,0.0,24.66,74.36,23.47,2.26,0.44
2014-09-09,0.0,24.99,74.65,23.61,2.24,0.44
2014-09-10,0.01,25.15,74.16,25.05,2.45,0.44
2014-09-11,0.0,25.13,74.86,24.55,2.29,0.44
2014-09-12,0.01,25.45,75.04,25.1,1.8,0.44
2014-09-13,0.0,25.61,75.2,25.3,1.82,0.44
2014-09-14,0.02,25.84,71.83,24.37,1.62,0.44
2014-09-15,0.05,25.57,74.59,24.63,1.71,0.44
2014-09-16,0.03,25.78,73.18,22.93,1.62,0.44
2014-09-17,0.01,26.3,73.69,23.44,1.42,0.44
2014-09-18,0.0,26.75,74.96,24.78,1.46,0.44
2014-09-19,0.03,26.91,73.95,22.98,1.58,0.43
2014-09-20,0.06,26.58,71.28,25.8,2.04,0.43
2014-09-21,0.08,26.0,73.77,24.34,2.03,0.43
2014-09-22,0.01,26.04,72.02,25.77,2.1,0.43
2014-09-23,0.01,26.09,73.3,24.81,2.31,0.43
2014-09-24,0.0,25.86,70.01,26.34,2.3,0.43
2014-09-25,0.0,25.7,67.99,26.54,2.13,0.43
2014-09-26,0.0,26.27,68.0,25.3,1.43,0.43
2014-09-27,0.01,26.47,75.03,23.35,1.53,0.43
2014-09-28,0.09,26.48,76.26,23.02,1.75,0.43
2014-09-29,0.05,26.7,75.01,25.19,1.78,0.43
2014-09-30,0.03,26.53,71.05,24.37,1.86,0.43
2014-10-01,0.0,26.0,72.01,24.74,2.11,0.43
2014-10-02,0.0,26.54,71.99,24.89,1.98,0.43
2014-10-03,0.06,26.85,71.88,25.56,2.11,0.43
2014-10-04,0.0,26.8,73.04,25.25,1.85,0.43
2014-10-05,0.02,26.79,74.03,25.06,1.67,0.43
2014-10-06,0.43,26.29,74.83,24.9,2.32,0.43
2014-10-07,0.0,26.44,72.84,24.19,1.86,0.43
2014-10-08,0.0,26.6,72.63,24.13,1.76,0.42
2014-10-09,0.0,27.27,70.91,25.55,1.42,0.42
2014-10-10,0.0,27.48,69.14,25.05,1.12,0.42
2014-10-11,0.0,27.48,71.63,25.33,1.34,0.42
2014-10-12,0.01,27.69,69.14,24.38,1.0,0.42
2014-10-13,0.06,27.84,70.45,24.21,0.9,0.42
2014-10-14,0.04,28.01,70.78,23.74,1.36,0.42
2014-10-15,0.01,27.88,73.17,24.15,1.54,0.42
2014-10-16,0.16,28.29,71.54,23.16,1.3,0.42
2014-10-17,0.07,27.98,72.53,24.94,1.35,0.42
2014-10-18,0.05,28.01,72.16,23.05,1.52,0.42
2014-10-19,0.3,27.84,73.23,22.01,1.72,0.42
2014-10-20,0.13,27.81,74.08,23.82,2.01,0.42
2014-10-21,0.05,27.59,75.67,23.69,1.95,0.42
2014-10-22,0.03,27.22,74.57,25.28,2.05,0.42
2014-10-23,0.0,26.9,73.4,25.2,1.83,0.42
2014-10-24,0.03,27.33,72.23,23.81,1.52,0.42
2014-10-25,0.0,27.44,72.13,25.56,1.91,0.42
2014-10-26,0.12,27.71,70.6,26.0,1.86,0.42
2014-10-27,0.02,27.45,70.61,25.71,1.51,0.42
2014-10-28,0.0,27.3,71.77,25.41,1.53,0.41
2014-10-29,0.0,27.36,71.73,25.57,1.63,0.41
2014-10-30,0.01,27.49,71.76,25.69,1.63,0.41
2014-10-31,0.01,27.4,71.29,27.18,1.69,0.41
2014-11-01,0.01,27.9,70.09,26.77,1.56,0.41
2014-11-02,0.03,27.98,70.38,26.48,1.67,0.41
2014-11-03,0.01,28.19,71.06,25.84,1.74,0.41
2014-11-04,0.0,28.21,69.88,24.68,1.69,0.41
2014-11-05,0.0,28.48,71.84,24.32,1.52,0.41
2014-11-06,0.0,28.73,69.18,24.06,1.23,0.41
2014-11-07,0.33,28.47,70.81,20.87,1.25,0.41
2014-11-08,0.09,28.36,72.61,21.09,1.6,0.41
2014-11-09,2.14,28.46,73.15,22.88,1.6,0.41
2014-11-10,1.46,28.25,75.42,22.1,1.5,0.42
2014-11-11,0.22,28.62,72.2,23.1,1.69,0.42
2014-11-12,0.25,28.39,73.32,21.83,1.61,0.42
2014-11-13,2.69,28.24,72.3,23.11,1.21,0.42
2014-11-14,3.21,27.72,74.68,21.98,1.3,0.42
2014-11-15,1.71,27.85,73.83,21.01,0.94,0.43
2014-11-16,0.94,27.93,75.65,20.62,1.07,0.43
2014-11-17,0.75,28.0,76.89,21.7,1.45,0.43
2014-11-18,14.8,28.34,76.99,22.21,1.72,0.44
2014-11-19,10.68,28.39,74.76,23.17,1.85,0.47
2014-11-20,0.05,28.91,72.24,25.13,1.39,0.47
2014-11-21,0.06,28.92,71.63,24.76,1.46,0.46
2014-11-22,0.12,28.75,72.62,23.67,1.46,0.45
2014-11-23,0.82,27.94,78.17,23.57,1.49,0.45
2014-11-24,0.93,27.79,80.16,21.23,1.56,0.45
2014-11-25,7.61,28.06,78.27,23.31,1.69,0.45
2014-11-26,32.79,27.69,83.58,19.55,1.48,0.48
2014-11-27,29.16,27.69,81.41,20.72,1.25,0.57
2014-11-28,20.07,26.88,88.26,20.81,1.57,0.59
2014-11-29,13.64,27.05,88.7,20.63,1.77,0.61
2014-11-30,5.56,27.63,81.75,18.74,1.4,0.61
2014-12-01,8.57,26.32,90.59,14.78,1.56,0.6
2014-12-02,8.71,25.62,91.61,16.89,1.48,0.6
2014-12-03,8.27,26.31,84.85,9.18,1.36,0.6
2014-12-04,3.25,26.02,89.59,21.19,1.48,0.59
2014-12-05,6.67,26.98,87.17,17.21,1.26,0.59
2014-12-06,18.57,26.15,89.95,18.62,1.26,0.6
2014-12-07,9.54,26.32,87.53,19.21,1.85,0.61
2014-12-08,17.96,26.48,88.01,18.37,1.88,0.62
2014-12-09,6.37,26.79,86.89,19.71,1.96,0.63
2014-12-10,2.33,26.01,82.92,11.73,1.72,0.61
2014-12-11,3.98,26.36,80.51,17.61,1.34,0.6
2014-12-12,0.21,27.19,78.61,20.82,1.24,0.58
2014-12-13,0.47,28.26,75.94,22.92,0.41,0.57
2014-12-14,0.17,28.55,76.87,20.68,0.71,0.55
2014-12-15,6.13,28.06,78.73,22.93,0.8,0.55
2014-12-16,7.65,27.69,82.3,21.55,0.82,0.56
2014-12-17,25.79,27.0,86.0,16.87,1.17,0.58
2014-12-18,23.55,26.84,84.9,18.83,1.04,0.62
2014-12-19,15.55,26.91,85.89,17.48,1.16,0.65
2014-12-20,10.74,26.8,85.23,21.44,1.08,0.64
2014-12-21,8.24,27.89,79.35,24.02,0.69,0.64
2014-12-22,9.66,27.79,80.62,20.07,0.96,0.64
2014-12-23,3.2,28.17,78.16,23.88,1.23,0.63
2014-12-24,2.73,28.13,78.77,21.9,1.13,0.61
2014-12-25,1.98,27.38,86.41,19.08,1.49,0.6
2014-12-26,6.69,27.56,82.93,20.7,1.59,0.6
2014-12-27,4.92,27.69,81.69,22.57,1.61,0.6
2014-12-28,9.87,27.09,84.41,15.48,1.59,0.59
2014-12-29,25.28,27.15,83.22,15.61,1.83,0.64
2014-12-30,9.34,26.99,82.18,21.07,1.62,0.64
2014-12-31,7.86,27.14,82.04,11.22,1.59,0.63
2015-01-01,32.87,26.15,88.06,15.92,1.99,0.65
2015-01-02,9.45,26.24,87.14,14.03,2.35,0.69
2015-01-03,30.89,25.66,89.82,15.14,2.38,0.69
2015-01-04,11.65,26.39,84.34,21.03,2.29,0.73
2015-01-05,2.5,26.34,82.12,21.9,2.29,0.7
2015-01-06,1.28,26.58,81.51,21.67,2.6,0.68
2015-01-07,0.77,26.8,80.53,21.38,2.72,0.65
2015-01-08,2.6,26.56,84.86,20.15,2.92,0.64
2015-01-09,3.9,26.79,81.96,20.94,2.78,0.63
2015-01-10,4.46,26.52,88.53,10.33,2.25,0.63
2015-01-11,3.05,26.57,84.43,16.36,1.86,0.63
2015-01-12,1.77,26.39,83.22,15.71,1.22,0.63
2015-01-13,2.4,27.03,79.82,24.58,1.45,0.62
2015-01-14,6.63,26.66,82.08,20.18,1.58,0.62
2015-01-15,3.55,26.27,82.69,20.25,1.8,0.62
2015-01-16,0.22,26.3,79.16,22.93,1.68,0.62
2015-01-17,1.14,26.62,79.59,20.85,1.4,0.61
2015-01-18,10.61,26.14,82.94,19.77,1.09,0.61
2015-01-19,17.88,26.09,87.13,20.96,1.63,0.65
2015-01-20,1.33,26.61,81.26,17.91,1.28,0.65
2015-01-21,1.72,26.25,86.03,22.44,1.49,0.64
2015-01-22,6.87,26.13,87.89,20.69,1.55,0.64
2015-01-23,5.28,26.22,86.23,19.47,2.12,0.64
2015-01-24,3.82,26.73,84.78,23.27,1.85,0.64
2015-01-25,5.81,26.61,87.71,18.63,1.6,0.64
2015-01-26,6.86,26.36,88.77,18.18,1.58,0.64
2015-01-27,6.01,26.28,87.94,19.19,1.75,0.65
2015-01-28,5.98,26.24,87.17,16.77,1.65,0.65
2015-01-29,5.66,26.73,83.57,22.9,1.64,0.65
2015-01-30,15.24,25.95,88.64,15.01,1.5,0.66
2015-01-31,22.73,25.37,88.53,13.49,1.61,0.69
2015-02-01,3.65,26.22,81.62,19.91,1.23,0.7
2015-02-02,2.8,26.52,80.05,25.31,1.48,0.68
2015-02-03,3.59,26.39,78.69,24.69,1.42,0.67
2015-02-04,3.44,26.66,75.92,26.1,1.15,0.66
2015-02-05,1.23,27.12,73.22,25.01,1.2,0.65
2015-02-06,0.65,26.85,74.04,24.04,1.15,0.64
2015-02-07,2.81,26.75,79.08,22.42,1.07,0.64
2015-02-08,5.81,27.2,79.61,21.55,0.83,0.64
2015-02-09,7.46,27.93,76.88,25.19,1.22,0.64
2015-02-10,3.48,27.31,79.76,21.38,1.14,0.64
2015-02-11,4.9,26.47,80.98,19.25,1.18,0.64
2015-02-12,41.75,25.96,84.35,13.21,1.35,0.69
2015-02-13,2.56,26.77,82.92,19.49,1.41,0.71
2015-02-14,10.37,25.66,86.27,11.36,1.23,0.7
2015-02-15,0.85,26.42,78.89,25.14,1.24,0.69
2015-02-16,2.0,27.09,78.02,22.31,1.12,0.67
2015-02-17,3.26,26.58,80.98,21.19,1.03,0.67
2015-02-18,5.85,27.3,78.53,21.78,0.85,0.67
2015-02-19,1.5,27.57,81.58,22.6,1.27,0.67
2015-02-20,11.38,26.0,88.84,18.21,2.04,0.67
2015-02-21,9.6,25.07,87.36,12.41,2.19,0.68
2015-02-22,5.77,26.34,84.23,20.85,1.91,0.68
2015-02-23,5.69,26.12,89.33,13.23,1.34,0.68
2015-02-24,22.7,25.96,85.84,15.1,1.67,0.7
2015-02-25,1.4,26.46,78.72,21.9,1.39,0.7
2015-02-26,1.28,26.37,85.64,17.86,1.76,0.69
2015-02-27,1.67,26.16,83.77,14.46,1.65,0.68
2015-02-28,2.32,26.53,80.13,22.8,1.35,0.67
2015-03-01,4.15,26.38,83.36,19.29,1.23,0.67
2015-03-02,3.53,26.52,80.82,23.8,1.75,0.67
2015-03-03,1.89,26.61,79.51,19.49,1.66,0.66
2015-03-04,5.94,26.81,81.76,21.9,1.36,0.66
2015-03-05,9.21,26.34,86.51,18.95,1.26,0.67
2015-03-06,23.51,25.2,89.99,11.76,2.16,0.69
2015-03-07,22.32,24.63,89.47,9.6,1.95,0.73
2015-03-08,7.43,26.08,81.3,12.47,1.54,0.73
2015-03-09,4.08,26.35,83.27,23.06,1.61,0.71
2015-03-10,17.63,25.37,90.6,12.62,1.3,0.72
2015-03-11,10.11,25.66,89.63,11.53,1.74,0.73
2015-03-12,2.62,25.89,87.35,17.3,0.94,0.72
2015-03-13,1.74,26.97,80.42,16.92,0.66,0.71
2015-03-14,2.12,26.75,84.41,15.82,1.23,0.7
2015-03-15,1.79,26.39,86.25,20.95,1.49,0.69
2015-03-16,5.67,26.31,85.88,21.42,1.16,0.69
2015-03-17,2.28,26.8,79.28,21.42,0.9,0.69
2015-03-18,0.73,27.16,77.3,22.57,1.12,0.68
2015-03-19,3.91,27.18,79.54,21.62,1.54,0.68
2015-03-20,5.08,27.17,83.14,21.49,1.81,0.68
2015-03-21,1.38,27.42,80.87,23.3,1.57,0.68
2015-03-22,5.34,27.7,79.56,20.83,1.36,0.67
2015-03-23,0.39,27.64,76.09,23.61,1.0,0.67
2015-03-24,0.51,27.99,75.54,22.5,0.97,0.66
2015-03-25,0.95,27.97,78.15,21.87,0.9,0.66
2015-03-26,3.14,28.03,78.38,22.12,0.82,0.66
2015-03-27,1.85,27.86,77.2,21.54,1.13,0.66
2015-03-28,0.21,27.93,75.15,22.71,0.91,0.66
2015-03-29,0.2,28.52,75.23,21.22,0.98,0.65
2015-03-30,0.85,27.75,81.74,21.88,1.44,0.65
2015-03-31,1.99,27.43,82.27,21.51,1.6,0.65
2015-04-01,0.84,27.63,82.06,23.54,1.69,0.65
2015-04-02,5.59,27.71,83.26,21.3,1.69,0.65
2015-04-03,3.3,27.38,83.01,22.28,1.45,0.65
2015-04-04,1.19,27.44,80.82,21.43,1.23,0.65
2015-04-05,1.98,27.27,84.16,20.4,1.68,0.65
2015-04-06,4.74,27.21,84.25,13.62,1.16,0.65
2015-04-07,5.12,26.47,82.4,11.61,1.03,0.66
2015-04-08,0.08,27.5,75.72,22.29,1.16,0.66
2015-04-09,0.68,27.81,76.82,23.63,1.29,0.65
2015-04-10,2.77,27.48,82.03,21.49,1.61,0.64
2015-04-11,4.45,27.48,83.63,18.6,1.63,0.64
2015-04-12,5.35,26.66,86.82,19.73,1.44,0.65
2015-04-13,9.66,26.82,79.73,11.57,0.96,0.66
2015-04-14,2.0,27.08,79.49,18.74,1.15,0.66
2015-04-15,0.73,27.23,82.44,21.37,1.64,0.66
2015-04-16,1.56,27.42,82.63,22.01,1.49,0.65
2015-04-17,2.12,27.61,80.08,15.02,1.13,0.64
2015-04-18,1.96,27.34,78.8,15.85,0.94,0.64
2015-04-19,3.01,27.28,78.75,15.29,0.97,0.64
2015-04-20,23.47,26.51,85.17,16.64,0.93,0.65
2015-04-21,17.55,26.14,88.54,14.18,1.37,0.71
2015-04-22,7.66,26.72,83.55,15.54,1.14,0.7
2015-04-23,6.8,26.86,83.33,16.87,0.97,0.7
2015-04-24,37.02,25.63,91.2,13.33,1.32,0.73
2015-04-25,11.0,24.98,88.38,11.68,1.42,0.75
2015-04-26,13.93,25.64,87.19,9.84,1.42,0.75
2015-04-27,20.73,25.72,91.71,15.86,1.44,0.77
2015-04-28,7.29,26.06,87.82,10.59,1.39,0.75
2015-04-29,3.79,26.74,85.32,16.75,1.08,0.73
2015-04-30,2.97,27.19,84.08,19.73,1.13,0.72
2015-05-01,1.35,27.47,81.48,18.42,1.01,0.71
2015-05-02,4.0,26.99,83.01,14.06,0.84,0.71
2015-05-03,3.2,26.27,84.36,15.96,0.93,0.71
2015-05-04,16.77,26.05,88.1,17.87,1.67,0.72
2015-05-05,0.43,25.72,78.72,18.52,2.12,0.72
2015-05-06,0.04,25.27,80.75,22.06,2.0,0.71
2015-05-07,0.06,26.13,78.15,22.58,1.91,0.7
2015-05-08,1.14,26.1,82.85,22.08,2.04,0.69
2015-05-09,0.73,26.32,80.16,21.0,2.27,0.68
2015-05-10,1.13,26.18,81.56,19.86,2.17,0.68
2015-05-11,2.28,26.49,84.71,20.4,1.97,0.68
2015-05-12,1.09,26.7,85.85,20.71,2.1,0.67
2015-05-13,0.59,26.55,83.85,20.26,2.19,0.67
2015-05-14,0.78,26.24,82.5,20.73,2.18,0.66
2015-05-15,0.34,25.61,81.09,21.02,2.4,0.66
2015-05-16,0.06,25.58,77.67,21.16,2.25,0.66
2015-05-17,0.54,24.6,77.36,22.01,1.96,0.65
2015-05-18,0.1,24.7,76.89,21.42,1.95,0.65
2015-05-19,0.11,24.85,77.66,21.2,1.81,0.65
2015-05-20,0.24,24.95,81.02,21.84,1.76,0.64
2015-05-21,0.04,25.36,82.52,21.79,1.64,0.64
2015-05-22,0.21,25.89,83.79,20.07,1.66,0.64
2015-05-23,0.36,25.98,83.29,19.56,1.65,0.64
2015-05-24,0.35,26.07,79.46,19.65,1.2,0.64
2015-05-25,0.72,26.14,84.37,19.42,1.43,0.63
2015-05-26,0.36,26.14,84.41,19.06,1.57,0.63
2015-05-27,0.07,25.81,83.53,20.28,1.62,0.63
2015-05-28,0.95,25.45,86.47,19.42,1.83,0.63
2015-05-29,3.28,26.13,87.33,17.99,1.95,0.63
2015-05-30,2.7,26.02,86.87,15.84,2.05,0.63
2015-05-31,0.42,25.88,84.1,18.98,1.94,0.63
2015-06-01,1.98,25.95,85.78,18.14,1.85,0.62
2015-06-02,2.59,26.1,86.62,16.88,1.71,0.62
2015-06-03,5.54,26.12,88.85,18.5,2.16,0.63
2015-06-04,0.87,25.75,85.23,19.29,2.23,0.63
2015-06-05,0.86,25.62,85.77,19.1,2.33,0.63
2015-06-06,1.11,25.84,84.85,18.19,2.19,0.62
2015-06-07,2.83,25.69,88.14,13.19,2.21,0.62
2015-06-08,2.05,25.59,86.64,16.64,2.33,0.62
2015-06-09,0.21,25.15,84.59,18.79,1.94,0.62
2015-06-10,0.5,25.14,83.71,17.29,2.03,0.61
2015-06-11,1.45,24.92,84.47,18.65,2.0,0.61
2015-06-12,0.62,24.96,83.15,18.83,2.09,0.6
2015-06-13,1.55,24.74,85.88,19.72,2.04,0.6
2015-06-14,0.48,24.35,81.73,19.04,2.19,0.6
2015-06-15,0.92,24.61,81.73,19.64,1.75,0.6
2015-06-16,1.68,24.68,87.52,18.0,1.94,0.59
2015-06-17,1.59,25.22,85.1,18.74,1.93,0.59
2015-06-18,0.65,25.14,84.25,19.52,2.03,0.59
2015-06-19,1.24,24.77,86.23,18.0,2.1,0.59
2015-06-20,0.87,24.72,84.96,15.1,2.13,0.59
2015-06-21,1.14,24.64,82.32,18.92,1.98,0.59
2015-06-22,4.17,24.11,82.33,19.51,2.29,0.59
2015-06-23,2.49,24.04,81.18,19.78,2.29,0.59
2015-06-24,0.54,24.18,80.0,18.05,2.28,0.58
2015-06-25,0.14,24.96,80.23,17.8,1.92,0.58
2015-06-26,0.12,24.98,81.16,18.16,2.15,0.57
2015-06-27,0.23,24.75,80.84,19.49,2.35,0.57
2015-06-28,0.24,24.13,81.24,20.02,2.07,0.57
2015-06-29,0.55,24.12,83.86,18.47,2.13,0.56
2015-06-30,0.41,24.0,80.36,18.52,2.12,0.56
2015-07-01,0.2,24.01,77.11,19.17,1.98,0.56
2015-07-02,0.35,24.01,79.89,19.97,2.2,0.55
2015-07-03,0.33,24.04,77.85,19.89,2.16,0.55
2015-07-04,0.27,24.38,79.3,19.92,1.72,0.55
2015-07-05,0.63,24.6,83.68,19.33,1.94,0.55
2015-07-06,1.21,24.21,81.42,19.55,2.08,0.55
2015-07-07,1.59,23.51,81.97,20.64,2.05,0.55
2015-07-08,0.15,23.11,78.12,19.02,1.69,0.55
2015-07-09,0.02,23.3,75.25,15.52,1.54,0.54
2015-07-10,0.02,24.11,77.09,16.31,1.64,0.54
2015-07-11,0.72,24.95,84.4,17.42,1.86,0.54
2015-07-12,0.66,25.41,82.21,20.07,1.73,0.54
2015-07-13,0.29,25.45,84.78,19.36,1.93,0.54
2015-07-14,0.73,25.03,81.14,18.59,2.26,0.53
2015-07-15,0.31,24.38,81.0,17.93,2.25,0.53
2015-07-16,0.5,24.51,80.72,20.49,2.05,0.53
2015-07-17,0.35,24.6,81.44,20.12,2.15,0.53
2015-07-18,0.06,24.53,80.59,19.95,2.28,0.52
2015-07-19,0.25,24.18,81.06,17.37,2.2,0.52
2015-07-20,0.24,24.37,80.8,18.25,1.81,0.52
2015-07-21,0.3,24.65,80.75,19.31,1.48,0.52
2015-07-22,0.03,24.77,81.92,19.0,1.77,0.52
2015-07-23,0.06,24.94,82.35,19.49,1.95,0.52
2015-07-24,0.1,24.82,79.68,20.23,1.79,0.51
2015-07-25,0.1,24.34,80.41,20.61,1.88,0.51
2015-07-26,0.47,24.46,83.36,19.26,2.18,0.51
2015-07-27,0.16,24.78,80.8,21.45,2.12,0.51
2015-07-28,0.31,24.86,83.84,20.04,1.94,0.51
2015-07-29,0.62,24.94,81.9,19.56,2.29,0.51
2015-07-30,0.16,24.73,80.22,21.05,2.23,0.5
2015-07-31,0.51,24.66,81.1,21.23,2.08,0.5
2015-08-01,0.4,24.15,77.96,21.7,2.43,0.5
2015-08-02,0.48,24.02,72.59,21.18,2.17,0.5
2015-08-03,1.14,24.49,76.45,21.13,2.28,0.5
2015-08-04,0.12,24.35,76.3,21.24,2.21,0.5
2015-08-05,0.95,24.63,76.96,21.35,2.1,0.49
2015-08-06,0.63,24.49,77.85,19.16,2.17,0.49
2015-08-07,1.23,24.08,80.14,17.81,2.11,0.49
2015-08-08,0.29,24.44,77.06,19.47,1.86,0.49
2015-08-09,1.01,24.63,81.54,18.66,2.01,0.49
2015-08-10,0.31,25.1,82.36,19.14,2.02,0.49
2015-08-11,0.42,24.98,81.68,21.1,2.24,0.49
2015-08-12,0.22,24.74,79.39,19.83,2.36,0.49
2015-08-13,0.24,25.29,81.15,20.59,1.87,0.49
2015-08-14,0.47,25.31,80.23,21.36,1.83,0.48
2015-08-15,0.14,25.08,77.99,22.96,1.84,0.48
2015-08-16,0.04,24.84,77.82,22.54,2.05,0.48
2015-08-17,0.14,24.36,77.16,22.3,2.05,0.48
2015-08-18,0.05,24.02,76.26,23.73,2.26,0.48
2015-08-19,0.0,23.83,78.02,23.52,2.06,0.48
2015-08-20,0.0,24.03,73.95,22.01,1.91,0.47
2015-08-21,0.36,23.87,77.4,22.23,1.9,0.47
2015-08-22,0.26,23.9,78.01,21.94,1.76,0.47
2015-08-23,0.16,24.29,78.5,22.98,1.89,0.47
2015-08-24,0.53,24.99,80.06,22.28,1.81,0.47
2015-08-25,0.22,25.22,81.45,22.04,1.91,0.47
2015-08-26,0.24,25.09,80.12,21.98,1.86,0.47
2015-08-27,0.36,25.14,79.82,21.13,1.99,0.47
2015-08-28,0.79,25.14,82.06,22.39,2.03,0.47
2015-08-29,0.4,25.51,79.99,21.74,2.07,0.47
2015-08-30,0.06,25.05,78.23,22.79,2.11,0.47
2015-08-31,0.16,25.12,78.33,23.22,2.06,0.47
2015-09-01,0.18,24.83,79.7,22.34,2.16,0.46
2015-09-02,0.18,24.78,79.25,21.79,2.09,0.46
2015-09-03,0.29,24.4,80.59,22.53,2.2,0.46
2015-09-04,0.52,24.66,79.03,23.82,2.1,0.46
2015-09-05,0.36,25.25,78.79,23.14,1.87,0.46
2015-09-06,0.03,25.33,75.76,23.46,1.88,0.46
2015-09-07,0.11,25.45,75.57,23.5,1.82,0.46
2015-09-08,0.01,25.08,75.06,25.18,2.01,0.46
2015-09-09,0.0,25.26,74.51,24.44,1.88,0.46
2015-09-10,0.11,25.53,76.82,23.72,2.23,0.46
2015-09-11,1.21,25.42,78.29,23.25,2.22,0.45
2015-09-12,0.01,25.1,72.17,24.42,2.18,0.45
2015-09-13,0.01,24.45,70.54,24.24,2.13,0.45
2015-09-14,0.85,24.51,71.3,24.95,2.22,0.45
2015-09-15,0.78,25.13,74.48,23.73,2.01,0.45
2015-09-16,0.16,25.42,76.12,24.21,1.96,0.45
2015-09-17,0.22,25.89,77.84,25.27,1.69,0.45
2015-09-18,0.2,25.76,79.41,24.01,1.53,0.45
2015-09-19,0.36,26.24,76.68,23.89,1.57,0.45
2015-09-20,0.19,25.92,77.2,22.88,1.62,0.45
2015-09-21,0.14,26.32,73.43,25.14,1.43,0.45
2015-09-22,0.05,26.04,75.0,25.52,1.74,0.45
2015-09-23,0.07,25.83,74.44,26.05,2.01,0.44
2015-09-24,0.0,25.28,75.52,25.87,2.1,0.44
2015-09-25,0.14,25.66,74.87,24.3,1.95,0.44
2015-09-26,0.07,25.65,72.95,24.53,2.2,0.44
2015-09-27,0.19,25.94,75.06,23.72,1.84,0.44
2015-09-28,0.55,26.1,76.07,23.35,1.7,0.44
2015-09-29,0.04,26.19,75.04,24.5,1.72,0.44
2015-09-30,0.02,26.11,76.62,23.01,2.05,0.44
2015-10-01,0.03,26.26,76.69,24.8,1.95,0.44
2015-10-02,0.18,26.62,76.13,24.23,1.8,0.44
2015-10-03,0.26,26.18,74.9,24.1,2.07,0.44
2015-10-04,0.08,26.37,74.05,25.6,1.77,0.44
2015-10-05,0.05,26.18,73.73,25.39,1.63,0.44
2015-10-06,0.29,26.17,75.37,23.21,1.67,0.44
2015-10-07,0.04,26.21,74.65,25.02,1.6,0.44
2015-10-08,0.07,26.14,74.96,24.73,1.64,0.43
2015-10-09,0.06,26.66,74.25,23.58,1.32,0.43
2015-10-10,0.09,26.93,75.64,25.85,1.7,0.43
2015-10-11,0.01,27.12,73.85,25.06,1.43,0.43
2015-10-12,0.03,26.99,74.01,26.26,1.39,0.43
2015-10-13,0.05,26.78,73.76,25.55,1.57,0.43
2015-10-14,0.07,26.6,72.21,24.13,1.75,0.43
2015-10-15,0.09,26.55,73.2,26.13,1.86,0.43
2015-10-16,0.05,26.78,73.35,26.48,1.6,0.43
2015-10-17,0.01,26.81,74.38,26.39,1.63,0.43
2015-10-18,0.02,27.16,71.58,25.73,1.49,0.43
2015-10-19,0.1,27.43,70.88,24.82,1.53,0.43
2015-10-20,0.11,27.4,70.57,25.07,1.63,0.43
2015-10-21,0.17,26.97,73.07,25.58,1.94,0.43
2015-10-22,0.1,27.32,70.61,24.18,1.48,0.43
2015-10-23,0.04,27.3,71.47,26.52,1.48,0.43
2015-10-24,0.22,27.58,71.18,26.29,1.54,0.43
2015-10-25,0.19,27.63,71.87,25.09,1.43,0.42
2015-10-26,0.09,27.81,72.84,25.31,1.42,0.42
2015-10-27,0.13,27.89,70.36,25.44,1.55,0.42
2015-10-28,0.13,27.86,73.0,25.52,1.58,0.42
2015-10-29,0.26,27.95,73.74,24.03,1.42,0.42
2015-10-30,0.33,27.83,76.05,25.64,1.73,0.42
2015-10-31,0.23,27.99,74.34,26.86,1.7,0.42
2015-11-01,0.08,27.68,73.8,26.21,1.6,0.42
2015-11-02,0.04,27.9,70.85,25.7,1.4,0.42
2015-11-03,0.01,27.9,71.26,24.34,1.4,0.42
2015-11-04,0.34,28.22,72.43,25.11,1.55,0.42
2015-11-05,0.15,28.37,72.79,24.91,1.47,0.42
2015-11-06,0.13,28.37,71.62,23.81,1.59,0.42
2015-11-07,0.21,28.29,72.32,23.75,1.75,0.42
2015-11-08,0.49,28.27,74.7,22.83,1.65,0.42
2015-11-09,1.5,28.26,75.75,22.86,1.63,0.42
2015-11-10,2.21,28.21,76.99,22.1,1.79,0.42
2015-11-11,3.43,27.96,78.66,20.33,1.72,0.43
2015-11-12,0.78,28.41,76.44,22.87,1.68,0.43
2015-11-13,0.65,28.56,74.97,22.8,1.58,0.43
2015-11-14,0.05,27.99,72.63,24.89,1.29,0.43
2015-11-15,0.02,28.45,69.45,25.19,1.4,0.43
2015-11-16,0.25,28.95,67.67,23.67,1.21,0.43
2015-11-17,4.08,28.7,71.85,22.92,1.03,0.43
2015-11-18,5.41,28.82,73.47,22.34,1.19,0.44
2015-11-19,1.87,28.55,75.45,22.64,1.67,0.44
2015-11-20,0.07,28.72,72.83,25.82,1.86,0.44
2015-11-21,0.07,29.02,70.96,25.45,1.53,0.44
2015-11-22,0.03,29.68,68.83,25.51,1.25,0.44
2015-11-23,0.09,29.67,67.17,25.61,1.45,0.43
2015-11-24,0.08,29.64,68.54,24.49,1.52,0.43
2015-11-25,0.47,29.34,68.71,22.93,1.27,0.43
2015-11-26,1.94,29.4,68.27,23.91,1.2,0.43
2015-11-27,1.76,28.8,75.74,23.96,1.45,0.43
2015-11-28,2.8,28.76,78.53,22.66,1.29,0.43
2015-11-29,1.6,28.95,77.25,24.08,1.49,0.44
2015-11-30,0.83,28.89,75.93,23.79,1.42,0.44
2015-12-01,0.57,29.13,73.25,25.23,1.3,0.44
2015-12-02,5.5,28.52,77.91,23.03,1.36,0.44
2015-12-03,2.28,28.38,77.49,21.5,1.44,0.45
2015-12-04,2.24,27.82,79.46,20.98,1.44,0.45
2015-12-05,5.03,28.38,76.02,22.55,0.89,0.45
2015-12-06,7.38,27.68,82.06,20.62,0.55,0.46
2015-12-07,3.72,28.69,74.89,23.34,0.7,0.47
2015-12-08,3.0,29.17,77.13,22.1,1.22,0.47
2015-12-09,4.55,27.9,84.76,19.07,1.55,0.47
2015-12-10,3.42,28.02,84.3,21.16,1.56,0.48
2015-12-11,7.39,27.42,87.02,22.36,1.32,0.48
2015-12-12,4.57,28.43,77.77,21.05,1.03,0.49
2015-12-13,2.79,28.54,77.49,21.65,1.0,0.49
2015-12-14,9.3,27.67,80.95,17.91,0.99,0.49
2015-12-15,4.27,26.95,84.19,16.55,1.27,0.5
2015-12-16,3.97,28.05,78.05,19.14,1.37,0.5
2015-12-17,6.65,27.26,85.46,14.91,1.85,0.5
2015-12-18,18.97,26.83,83.61,10.44,1.97,0.52
2015-12-19,9.8,26.54,83.91,8.65,2.46,0.54
2015-12-20,13.11,26.66,86.91,15.13,2.02,0.55
2015-12-21,8.7,26.82,82.58,18.41,1.18,0.56
2015-12-22,3.49,27.73,76.59,23.13,0.86,0.55
2015-12-23,5.54,27.22,83.89,24.6,1.01,0.55
2015-12-24,6.29,27.43,83.55,18.79,1.29,0.55
2015-12-25,15.73,26.46,88.81,13.72,2.14,0.56
2015-12-26,4.16,26.89,84.27,22.03,1.79,0.57
2015-12-27,3.07,27.08,83.54,20.51,1.91,0.56
2015-12-28,0.52,27.36,78.05,23.4,1.8,0.54
2015-12-29,2.2,27.55,78.17,25.57,1.71,0.53
2015-12-30,2.51,27.6,78.28,23.7,1.46,0.53
2015-12-31,1.24,28.03,73.52,24.33,1.1,0.52
2016-01-01,0.28,28.16,73.6,25.13,1.33,0.51
2016-01-02,2.72,28.0,77.49,20.74,1.54,0.5
2016-01-03,1.22,28.16,76.62,24.76,1.44,0.5
2016-01-04,0.24,28.64,75.47,25.53,1.19,0.49
2016-01-05,1.02,29.0,73.61,26.5,1.32,0.49
2016-01-06,1.84,29.11,74.93,26.44,1.09,0.48
2016-01-07,2.05,28.86,75.42,25.59,1.41,0.48
2016-01-08,0.29,28.86,72.25,26.03,1.17,0.48
2016-01-09,1.55,28.5,74.0,23.58,0.78,0.47
2016-01-10,0.61,28.79,71.35,24.0,1.0,0.47
2016-01-11,2.1,29.64,67.34,25.82,1.27,0.47
2016-01-12,0.94,29.31,71.58,26.01,1.53,0.47
2016-01-13,4.28,28.96,74.39,25.11,1.66,0.47
2016-01-14,0.56,29.12,73.52,24.11,1.65,0.47
2016-01-15,1.0,29.15,74.79,25.29,1.69,0.46
2016-01-16,2.33,28.88,73.89,22.16,1.46,0.46
2016-01-17,2.71,28.94,73.51,25.8,1.07,0.46
2016-01-18,4.45,28.72,75.7,23.87,0.9,0.47
2016-01-19,10.13,28.13,79.85,23.0,0.6,0.48
2016-01-20,15.21,27.2,88.04,23.33,0.93,0.51
2016-01-21,11.41,26.97,72.19,20.16,0.9,0.52
2016-01-22,5.71,27.46,74.51,19.01,0.88,0.54
2016-01-23,14.36,27.55,80.94,17.57,1.04,0.55
2016-01-24,23.45,26.73,86.66,17.93,1.79,0.57
2016-01-25,17.34,25.89,88.36,13.77,2.08,0.6
2016-01-26,15.25,25.36,89.18,8.79,2.13,0.62
2016-01-27,11.45,25.99,85.97,9.85,2.4,0.62
2016-01-28,3.7,27.06,82.23,18.83,1.87,0.62
2016-01-29,8.45,27.47,84.29,17.12,1.58,0.61
2016-01-30,14.74,27.42,85.94,20.82,1.97,0.61
2016-01-31,31.23,27.1,86.14,11.37,1.92,0.63
2016-02-01,12.72,27.17,81.59,20.79,1.34,0.66
2016-02-02,7.9,26.66,87.79,14.6,1.09,0.66
2016-02-03,22.84,26.46,87.78,10.43,1.35,0.65
2016-02-04,13.43,27.1,83.62,17.96,0.97,0.68
2016-02-05,10.52,26.25,88.15,10.66,0.99,0.68
2016-02-06,7.4,26.81,86.28,21.97,1.29,0.67
2016-02-07,3.27,27.13,84.0,20.53,1.25,0.65
2016-02-08,5.26,27.09,83.47,20.08,1.03,0.64
2016-02-09,19.23,27.96,79.03,15.69,0.56,0.65
2016-02-10,7.4,27.3,84.6,15.26,0.69,0.65
2016-02-11,25.37,27.41,81.53,14.04,0.82,0.67
2016-02-12,25.33,26.73,85.86,6.14,1.78,0.69
2016-02-13,7.41,26.72,86.06,12.4,1.6,0.69
2016-02-14,3.6,26.81,84.47,24.06,1.54,0.68
2016-02-15,0.34,27.68,77.62,25.42,1.1,0.66
2016-02-16,1.68,27.8,78.13,23.83,0.96,0.64
2016-02-17,0.79,27.83,78.23,24.24,1.06,0.63
2016-02-18,0.82,27.83,78.32,26.24,1.23,0.62
2016-02-19,9.3,27.95,78.54,25.18,1.25,0.61
2016-02-20,9.82,27.99,80.88,22.99,1.18,0.63
2016-02-21,8.32,27.29,86.39,22.26,1.48,0.63
2016-02-22,8.47,27.45,84.1,23.36,1.25,0.64
2016-02-23,2.41,27.65,81.81,22.22,0.96,0.64
2016-02-24,6.55,27.45,83.2,22.78,1.24,0.63
2016-02-25,7.85,27.5,80.62,24.54,0.98,0.63
2016-02-26,18.64,26.85,86.36,18.7,1.24,0.65
2016-02-27,26.7,26.91,86.86,16.69,1.09,0.69
2016-02-28,7.57,26.89,87.63,21.03,1.44,0.7
2016-02-29,18.48,26.54,88.86,13.81,0.59,0.7
2016-03-01,9.11,27.19,86.84,15.9,1.41,0.71
2016-03-02,5.8,26.54,88.09,11.23,1.61,0.71
2016-03-03,1.74,26.9,88.27,20.09,1.27,0.69
2016-03-04,4.38,28.34,80.46,23.83,1.0,0.69
2016-03-05,0.79,29.01,75.09,21.97,0.69,0.68
2016-03-06,2.19,28.42,78.94,21.87,0.71,0.67
2016-03-07,4.5,28.82,78.26,25.02,0.85,0.66
2016-03-08,9.98,28.39,82.04,22.07,1.09,0.67
2016-03-09,1.45,28.82,77.87,24.02,0.83,0.67
2016-03-10,2.61,28.27,81.91,20.62,1.05,0.66
2016-03-11,0.68,28.9,74.37,19.4,0.61,0.66
2016-03-12,18.1,28.04,81.97,16.27,1.0,0.67
2016-03-13,1.6,28.48,75.67,21.38,0.72,0.68
2016-03-14,3.93,27.71,83.69,19.54,1.22,0.67
2016-03-15,4.94,28.14,80.22,19.6,1.34,0.67
2016-03-16,4.42,28.16,80.26,21.33,1.36,0.67
2016-03-17,3.74,27.8,79.87,19.77,1.26,0.67
2016-03-18,2.98,27.18,82.54,23.21,1.23,0.67
2016-03-19,1.17,28.29,74.1,25.52,1.18,0.66
2016-03-20,0.03,28.37,75.87,25.6,1.23,0.65
2016-03-21,0.16,28.15,78.35,24.84,1.34,0.65
2016-03-22,1.94,28.17,78.91,23.91,1.16,0.64
2016-03-23,2.73,28.48,79.24,21.82,1.11,0.64
2016-03-24,4.7,28.14,82.0,19.28,1.18,0.64
2016-03-25,1.25,28.43,82.13,24.94,1.42,0.64
2016-03-26,3.3,28.57,76.56,21.48,0.85,0.63
2016-03-27,4.73,27.45,82.82,22.11,1.49,0.63
2016-03-28,4.95,28.15,80.89,19.2,0.66,0.64
2016-03-29,3.64,28.43,77.28,12.26,0.73,0.64
2016-03-30,3.35,28.52,78.62,20.68,0.94,0.64
2016-03-31,7.81,28.22,78.89,21.58,0.79,0.64
2016-04-01,0.46,28.2,78.17,22.84,1.28,0.64
2016-04-02,1.43,28.32,79.26,22.03,1.45,0.63
2016-04-03,4.23,28.08,81.68,21.98,1.57,0.63
2016-04-04,4.16,27.33,85.54,22.6,1.68,0.63
2016-04-05,4.94,27.84,83.01,20.01,1.47,0.63
2016-04-06,2.33,27.59,82.63,19.42,1.31,0.63
2016-04-07,2.89,27.72,83.64,18.46,1.43,0.63
2016-04-08,9.15,27.77,82.94,19.76,1.34,0.63
2016-04-09,8.17,27.93,82.45,19.04,1.38,0.65
2016-04-10,1.43,27.91,81.58,22.6,1.57,0.65
2016-04-11,0.5,28.27,79.7,18.62,1.51,0.64
2016-04-12,5.23,28.06,81.74,18.58,1.69,0.63
2016-04-13,6.25,28.0,82.78,16.92,1.6,0.63
2016-04-14,5.03,28.22,82.18,20.29,1.92,0.63
2016-04-15,5.23,28.05,81.81,20.56,1.77,0.63
2016-04-16,1.6,27.98,81.97,21.16,1.55,0.63
2016-04-17,0.61,27.82,81.32,21.95,1.68,0.62
2016-04-18,0.14,27.77,78.61,22.16,1.75,0.61
2016-04-19,0.11,27.91,78.65,17.83,1.43,0.61
2016-04-20,0.24,27.87,78.0,16.27,1.64,0.6
2016-04-21,0.51,27.73,79.51,22.21,1.94,0.59
2016-04-22,1.29,27.68,79.83,20.0,1.91,0.59
2016-04-23,0.41,27.24,83.58,21.98,1.91,0.59
2016-04-24,0.21,27.92,78.74,22.11,1.74,0.58
2016-04-25,0.62,27.84,80.22,22.05,1.97,0.58
2016-04-26,0.34,27.99,76.98,21.72,1.77,0.57
2016-04-27,3.03,27.4,80.98,20.95,1.78,0.57
2016-04-28,0.59,27.46,78.55,22.39,1.73,0.57
2016-04-29,0.65,27.64,79.44,21.43,1.5,0.56
2016-04-30,2.47,27.52,82.14,18.81,1.66,0.56
2016-05-01,4.01,27.69,82.15,20.12,1.63,0.56
2016-05-02,2.25,27.64,82.05,20.48,1.48,0.57
2016-05-03,0.61,27.91,80.97,20.95,1.61,0.56
2016-05-04,0.42,27.78,79.21,21.38,1.53,0.56
2016-05-05,0.84,27.82,79.15,19.59,1.12,0.56
2016-05-06,0.3,28.17,77.24,18.27,0.95,0.56
2016-05-07,0.33,27.85,79.47,20.01,1.18,0.55
2016-05-08,1.28,27.82,80.86,20.01,1.21,0.55
2016-05-09,4.04,27.44,82.31,15.34,1.04,0.55
2016-05-10,4.36,27.42,81.8,18.13,1.29,0.56
2016-05-11,1.78,27.63,84.98,19.12,1.61,0.56
2016-05-12,3.39,27.15,86.71,18.81,1.85,0.57
2016-05-13,4.63,27.56,87.28,18.18,1.99,0.57
2016-05-14,4.88,27.48,88.14,18.82,1.9,0.57
2016-05-15,2.82,27.76,85.57,16.86,2.13,0.57
2016-05-16,1.14,27.25,82.85,20.77,2.32,0.57
2016-05-17,1.72,27.23,83.78,20.06,1.99,0.56
2016-05-18,2.75,27.45,84.1,20.41,2.07,0.56
2016-05-19,1.26,27.54,80.93,21.07,1.84,0.56
2016-05-20,0.72,27.31,81.68,19.28,1.6,0.55
2016-05-21,0.51,27.36,81.59,20.53,1.43,0.55
2016-05-22,1.26,26.89,83.16,19.21,1.73,0.55
2016-05-23,1.09,26.96,81.55,20.48,1.68,0.54
2016-05-24,0.42,27.15,79.88,20.93,1.52,0.54
2016-05-25,0.35,27.38,80.65,19.89,1.63,0.54
2016-05-26,0.46,27.56,80.37,19.5,1.71,0.53
2016-05-27,4.51,27.12,84.78,17.65,1.57,0.53
2016-05-28,5.95,26.91,86.96,12.7,1.61,0.54
2016-05-29,1.76,27.08,84.63,18.74,1.69,0.54
2016-05-30,1.32,27.38,82.8,16.81,1.69,0.54
2016-05-31,0.72,26.79,82.36,16.81,1.6,0.54
2016-06-01,0.23,26.86,80.02,19.39,1.75,0.54
2016-06-02,0.62,27.43,80.75,20.46,1.24,0.53
2016-06-03,0.27,27.78,77.89,19.1,1.46,0.53
2016-06-04,0.21,27.48,78.77,18.86,1.54,0.53
2016-06-05,1.75,27.6,78.89,18.31,0.96,0.52
2016-06-06,5.26,27.53,83.11,18.06,1.35,0.53
2016-06-07,1.23,27.29,80.65,19.23,1.58,0.53
2016-06-08,0.34,26.79,79.08,20.94,2.06,0.53
2016-06-09,1.33,27.14,80.05,19.72,1.81,0.52
2016-06-10,1.99,27.05,83.0,19.15,1.86,0.52
2016-06-11,2.86,27.56,82.05,19.12,1.86,0.52
2016-06-12,2.72,27.62,81.03,19.22,1.99,0.52
2016-06-13,4.37,27.39,81.96,18.03,1.9,0.52
2016-06-14,15.1,26.0,89.64,14.46,1.78,0.54
2016-06-15,3.85,26.74,87.26,17.6,1.66,0.56
2016-06-16,9.26,26.34,91.45,16.26,1.94,0.56
2016-06-17,4.34,26.88,87.9,17.13,1.88,0.57
2016-06-18,0.82,27.0,85.59,16.72,1.85,0.57
2016-06-19,1.0,26.52,85.27,17.26,1.9,0.56
2016-06-20,1.62,26.29,82.62,17.81,2.0,0.56
2016-06-21,2.86,26.48,79.64,18.29,1.55,0.55
2016-06-22,1.09,26.32,80.25,18.27,1.7,0.55
2016-06-23,2.1,26.31,83.59,17.99,1.8,0.55
2016-06-24,2.18,25.98,81.72,19.01,2.1,0.54
2016-06-25,0.57,26.51,77.94,17.52,1.72,0.54
2016-06-26,3.6,26.12,84.49,15.85,2.14,0.54
2016-06-27,6.32,26.5,85.05,17.03,1.83,0.54
2016-06-28,16.54,26.37,86.02,13.59,1.49,0.55
2016-06-29,13.92,25.46,86.62,11.09,1.2,0.59
2016-06-30,1.14,26.72,82.3,16.9,1.32,0.59
2016-07-01,0.66,26.8,85.23,18.71,1.64,0.58
2016-07-02,0.55,27.19,81.04,19.57,1.64,0.57
2016-07-03,0.33,27.26,80.11,19.51,1.78,0.56
2016-07-04,0.21,27.04,76.94,19.63,1.38,0.55
2016-07-05,0.41,26.76,80.05,19.76,1.97,0.54
2016-07-06,0.18,26.83,79.42,20.05,1.9,0.54
2016-07-07,0.75,26.65,79.44,18.86,2.04,0.53
2016-07-08,3.17,26.6,81.85,15.54,2.05,0.53
2016-07-09,6.85,25.66,87.97,11.33,1.59,0.54
2016-07-10,1.22,26.4,84.28,18.96,1.7,0.54
2016-07-11,3.56,26.85,82.48,18.86,1.32,0.54
2016-07-12,2.65,26.68,84.73,17.91,1.52,0.54
2016-07-13,4.95,26.87,83.66,18.17,1.78,0.54
2016-07-14,3.16,27.0,81.75,18.77,1.85,0.54
2016-07-15,6.69,26.7,85.44,17.03,2.03,0.54
2016-07-16,4.76,26.37,83.95,14.89,2.5,0.55
2016-07-17,1.61,26.18,83.69,17.02,2.06,0.54
2016-07-18,6.29,25.99,85.99,17.26,2.04,0.54
2016-07-19,4.37,25.44,86.51,16.48,2.0,0.55
2016-07-20,4.69,26.45,85.24,15.21,1.54,0.55
2016-07-21,5.54,26.31,87.68,16.76,1.57,0.55
2016-07-22,1.3,26.62,82.41,19.4,1.96,0.55
2016-07-23,0.11,25.87,79.09,20.24,2.0,0.55
2016-07-24,0.72,25.78,79.91,20.62,2.07,0.54
2016-07-25,0.86,25.73,79.99,20.19,2.13,0.53
2016-07-26,0.79,25.83,80.32,18.14,2.37,0.53
2016-07-27,0.63,25.77,78.47,19.77,2.26,0.52
2016-07-28,0.67,25.85,78.13,20.66,2.27,0.52
2016-07-29,0.46,25.61,78.33,20.45,2.31,0.52
2016-07-30,0.61,25.33,78.19,20.75,2.28,0.51
2016-07-31,0.83,25.49,77.12,21.88,2.17,0.51
2016-08-01,2.47,24.91,81.1,20.79,2.2,0.51
2016-08-02,2.0,25.0,78.89,20.43,2.05,0.51
2016-08-03,0.36,25.65,77.58,17.63,1.98,0.51
2016-08-04,2.94,26.2,81.55,16.81,1.62,0.51
2016-08-05,1.72,26.7,81.57,19.83,1.5,0.51
2016-08-06,1.62,26.83,79.66,19.74,1.4,0.51
2016-08-07,0.09,26.74,77.44,18.33,1.63,0.5
2016-08-08,0.01,26.46,75.04,20.34,1.82,0.5
2016-08-09,0.01,26.04,76.36,21.38,1.98,0.5
2016-08-10,0.93,25.68,79.56,20.94,2.12,0.49
2016-08-11,1.96,26.2,82.88,17.39,2.33,0.49
2016-08-12,2.47,25.99,83.94,19.5,2.44,0.5
2016-08-13,1.33,25.95,80.89,19.8,2.29,0.5
2016-08-14,0.97,25.9,78.7,20.91,2.39,0.49
2016-08-15,0.86,26.32,78.89,21.35,1.95,0.49
2016-08-16,0.62,26.45,78.67,21.79,2.11,0.49
2016-08-17,0.91,26.32,77.22,21.8,2.08,0.49
2016-08-18,0.49,25.67,73.67,21.83,2.53,0.49
2016-08-19,0.01,25.62,67.04,23.37,2.69,0.48
2016-08-20,0.1,25.36,68.86,22.58,2.06,0.48
2016-08-21,0.12,24.72,67.86,22.22,1.78,0.48
2016-08-22,0.04,24.71,68.13,22.6,1.85,0.48
2016-08-23,1.81,24.83,75.61,21.64,2.0,0.48
2016-08-24,0.65,25.09,73.92,21.12,2.21,0.48
2016-08-25,0.4,25.39,76.57,22.33,1.94,0.48
2016-08-26,0.1,26.27,76.12,22.43,1.56,0.48
2016-08-27,0.49,26.82,79.09,21.26,1.29,0.47
2016-08-28,0.75,26.83,81.53,22.18,1.34,0.47
2016-08-29,1.13,27.14,80.22,21.74,1.26,0.47
2016-08-30,0.4,27.72,76.83,23.8,1.26,0.47
2016-08-31,0.37,27.43,77.83,22.45,1.59,0.47
2016-09-01,0.27,26.87,79.73,22.41,1.86,0.47
2016-09-02,0.47,26.83,76.29,24.08,1.72,0.47
2016-09-03,0.29,26.74,76.89,24.11,1.82,0.47
2016-09-04,0.16,27.32,74.58,23.67,1.61,0.47
2016-09-05,0.25,27.26,77.95,23.75,1.41,0.47
2016-09-06,0.18,27.23,78.46,24.08,1.84,0.46
2016-09-07,0.37,26.96,78.12,23.56,2.13,0.46
2016-09-08,0.57,26.79,78.01,24.78,2.52,0.46
2016-09-09,0.26,26.65,77.32,25.23,2.04,0.46
2016-09-10,0.23,26.54,73.84,25.77,1.86,0.46
2016-09-11,0.17,26.33,76.18,24.34,1.8,0.46
2016-09-12,0.4,26.36,76.46,23.96,2.08,0.46
2016-09-13,2.97,26.49,78.22,23.1,1.84,0.46
2016-09-14,1.45,26.51,80.13,21.42,1.7,0.46
2016-09-15,7.29,26.81,81.36,20.86,1.57,0.46
2016-09-16,4.09,27.47,80.96,22.99,1.39,0.48
2016-09-17,2.21,27.58,80.53,22.08,1.6,0.48
2016-09-18,0.77,27.99,78.12,24.09,1.54,0.48
2016-09-19,4.2,27.64,78.54,21.32,1.42,0.48
2016-09-20,2.27,27.45,79.48,21.94,1.62,0.48
2016-09-21,1.11,27.92,78.04,24.06,1.47,0.48
2016-09-22,6.08,27.56,80.5,19.67,1.44,0.48
2016-09-23,4.97,27.41,81.68,21.9,1.51,0.49
2016-09-24,9.52,27.28,83.09,20.95,1.61,0.5
2016-09-25,8.18,25.95,86.69,18.56,1.81,0.52
2016-09-26,13.29,26.83,84.05,22.29,1.33,0.52
2016-09-27,4.4,27.84,79.7,24.46,1.34,0.54
2016-09-28,4.86,27.31,81.59,21.92,1.68,0.54
2016-09-29,5.66,27.13,83.62,22.92,1.47,0.54
2016-09-30,29.63,26.77,87.2,21.61,0.93,0.55
2016-10-01,9.46,27.03,81.0,21.84,1.37,0.6
2016-10-02,2.43,27.26,79.23,20.56,1.31,0.59
2016-10-03,2.43,26.55,84.72,21.79,1.59,0.58
2016-10-04,4.87,27.47,82.06,21.75,1.64,0.57
2016-10-05,2.46,27.4,82.3,22.48,1.21,0.57
2016-10-06,4.65,27.12,85.29,21.26,1.75,0.56
2016-10-07,3.1,27.26,84.12,16.58,1.9,0.56
2016-10-08,7.16,26.82,86.27,12.05,1.83,0.56
2016-10-09,6.28,27.41,81.55,20.72,1.86,0.56
2016-10-10,1.41,27.51,78.14,25.2,1.96,0.56
2016-10-11,1.26,27.51,78.02,23.35,1.67,0.55
2016-10-12,0.17,27.87,75.58,25.22,1.41,0.54
2016-10-13,0.86,28.2,75.62,26.54,1.28,0.53
2016-10-14,0.96,28.33,75.86,25.13,1.22,0.52
2016-10-15,1.43,28.25,76.16,24.04,1.7,0.52
2016-10-16,0.52,27.81,73.57,27.05,1.99,0.51
2016-10-17,0.01,27.53,73.18,27.53,1.81,0.51
2016-10-18,0.12,27.68,74.92,26.1,1.75,0.5
2016-10-19,2.94,27.92,79.74,24.21,1.43,0.5
2016-10-20,4.07,27.97,80.81,24.55,1.55,0.5
2016-10-21,3.27,27.94,81.24,20.15,1.3,0.51
2016-10-22,9.48,27.06,85.33,14.29,1.4,0.51
2016-10-23,7.57,26.81,81.75,16.8,1.02,0.52
2016-10-24,20.46,25.95,86.97,18.29,0.95,0.56
2016-10-25,13.08,26.73,82.52,18.9,1.34,0.58
2016-10-26,3.2,27.21,80.38,19.92,1.59,0.58
2016-10-27,7.11,27.26,80.67,24.05,1.85,0.58
2016-10-28,7.8,26.92,83.75,22.85,1.48,0.58
2016-10-29,6.07,27.43,80.96,20.57,1.16,0.58
2016-10-30,4.44,27.49,80.27,23.65,1.82,0.58
2016-10-31,0.87,27.84,76.76,23.12,1.59,0.57
2016-11-01,0.38,28.24,74.67,23.69,1.26,0.56
2016-11-02,1.18,28.34,74.24,21.81,1.34,0.55
2016-11-03,1.33,27.39,81.39,20.43,1.75,0.54
2016-11-04,2.93,28.01,79.41,21.98,1.99,0.54
2016-11-05,1.96,27.91,82.92,22.97,1.77,0.54
2016-11-06,1.37,28.25,81.47,23.64,1.21,0.54
2016-11-07,1.78,28.79,76.21,24.06,0.83,0.53
2016-11-08,5.89,28.25,80.82,21.88,1.15,0.54
2016-11-09,3.68,27.24,81.88,20.49,1.49,0.54
2016-11-10,3.07,27.49,76.84,24.34,1.59,0.54
2016-11-11,2.16,27.32,78.42,20.78,1.68,0.54
2016-11-12,4.11,27.53,78.25,21.22,1.55,0.54
2016-11-13,12.73,27.58,82.05,21.8,1.6,0.55
2016-11-14,7.7,27.61,84.26,22.58,1.57,0.57
2016-11-15,17.76,27.05,87.98,20.86,1.54,0.59
2016-11-16,4.36,27.0,85.54,22.72,1.88,0.6
2016-11-17,10.37,27.87,80.17,23.29,1.9,0.59
2016-11-18,4.05,27.73,83.0,23.36,1.73,0.6
2016-11-19,2.17,27.42,84.78,23.32,1.73,0.59
2016-11-20,2.27,28.27,79.32,25.43,1.57,0.58
2016-11-21,2.49,28.27,79.72,24.88,1.36,0.57
2016-11-22,9.06,26.94,83.42,14.5,1.15,0.58
2016-11-23,7.25,27.55,73.96,18.76,1.09,0.58
2016-11-24,3.51,27.41,77.5,20.89,1.03,0.58
2016-11-25,6.32,27.2,78.48,14.5,1.07,0.58
2016-11-26,6.44,27.86,77.98,22.13,1.26,0.58
2016-11-27,3.85,28.35,79.18,20.98,1.09,0.58
2016-11-28,8.46,27.66,87.52,21.36,1.2,0.59
2016-11-29,7.77,27.3,85.75,19.58,1.04,0.6
2016-11-30,6.54,27.4,84.31,20.05,1.16,0.6
2016-12-01,13.17,26.89,83.57,16.05,1.54,0.61
2016-12-02,3.94,26.4,82.39,11.29,1.59,0.61
2016-12-03,11.52,26.74,78.97,13.72,0.93,0.61
2016-12-04,27.22,26.89,81.97,8.38,1.32,0.62
2016-12-05,26.91,25.76,87.01,14.17,1.65,0.69
2016-12-06,8.39,26.15,85.1,14.53,1.29,0.69
2016-12-07,3.51,27.0,84.05,19.0,1.19,0.67
2016-12-08,3.05,28.25,78.43,20.12,0.93,0.66
2016-12-09,6.11,27.76,83.62,15.83,1.2,0.65
2016-12-10,19.07,27.29,88.15,17.5,1.03,0.65
2016-12-11,3.78,28.05,80.23,20.64,1.22,0.67
2016-12-12,10.22,27.62,79.84,15.89,0.95,0.66
2016-12-13,15.23,26.69,87.1,9.94,0.7,0.68
2016-12-14,10.38,26.3,86.78,18.47,1.47,0.67
2016-12-15,13.76,26.53,86.19,10.59,1.31,0.69
2016-12-16,29.1,26.21,86.76,18.59,1.87,0.7
2016-12-17,21.11,26.49,84.53,12.68,1.75,0.74
2016-12-18,15.06,25.99,86.05,14.04,1.42,0.74
2016-12-19,17.06,26.59,87.8,11.68,1.82,0.74
2016-12-20,12.77,26.99,85.47,21.0,1.92,0.75
2016-12-21,14.6,27.6,82.78,15.9,2.46,0.74
2016-12-22,21.83,27.35,86.78,19.17,2.48,0.75
2016-12-23,8.02,27.54,85.18,13.48,2.53,0.75
2016-12-24,8.93,27.05,86.91,16.03,2.72,0.74
2016-12-25,4.88,27.1,82.53,19.48,2.39,0.73
2016-12-26,0.63,26.87,84.05,21.02,2.27,0.72
2016-12-27,0.71,27.11,82.55,22.75,2.08,0.71
2016-12-28,5.19,26.62,85.88,17.38,2.08,0.7
2016-12-29,1.08,26.75,80.56,24.03,1.99,0.7
2016-12-30,3.79,26.56,83.26,19.75,1.65,0.69
2016-12-31,6.86,26.02,87.37,16.26,1.86,0.69
2017-01-01,5.84,26.4,84.73,21.71,1.84,0.7
2017-01-02,8.95,26.17,86.46,12.22,1.58,0.71
2017-01-03,2.48,26.57,84.05,19.84,1.89,0.71
2017-01-04,1.52,26.68,84.26,21.11,1.98,0.7
2017-01-05,1.83,27.07,82.83,21.71,1.83,0.69
2017-01-06,2.48,26.84,81.46,21.04,1.94,0.69
2017-01-07,1.04,27.07,83.09,19.81,2.02,0.68
2017-01-08,3.66,27.08,84.37,23.46,1.86,0.68
2017-01-09,5.7,27.51,79.7,23.63,0.9,0.68
2017-01-10,1.32,27.35,81.65,23.33,1.21,0.68
2017-01-11,0.85,27.07,80.94,21.57,1.28,0.68
2017-01-12,1.54,27.29,78.42,18.14,1.26,0.67
2017-01-13,4.66,26.8,84.34,21.47,1.36,0.67
2017-01-14,19.19,26.25,87.86,15.72,1.63,0.7
2017-01-15,8.47,25.27,87.35,15.05,1.83,0.71
2017-01-16,20.13,25.75,85.22,17.4,1.18,0.71
2017-01-17,8.52,25.27,84.85,17.31,1.51,0.74
2017-01-18,7.92,25.96,84.88,19.55,1.3,0.74
2017-01-19,0.46,26.56,83.33,22.68,1.64,0.72
2017-01-20,22.81,26.56,85.18,16.25,1.66,0.72
2017-01-21,1.33,26.72,85.66,23.66,1.75,0.74
2017-01-22,3.01,26.6,86.93,20.57,1.81,0.72
2017-01-23,6.55,26.36,90.41,20.92,1.72,0.72
2017-01-24,8.49,26.39,85.11,20.92,1.33,0.72
2017-01-25,2.54,27.09,81.09,21.33,1.26,0.71
2017-01-26,41.79,26.13,89.89,9.62,2.03,0.75
2017-01-27,17.49,26.26,88.27,19.13,2.09,0.77
2017-01-28,15.72,26.09,90.36,10.36,2.18,0.77
2017-01-29,29.58,25.88,87.95,9.94,1.61,0.78
2017-01-30,17.68,25.53,86.82,14.06,1.85,0.79
2017-01-31,25.82,24.99,86.69,13.85,1.72,0.81
2017-02-01,18.35,24.57,88.9,10.21,2.33,0.8
2017-02-02,25.27,24.87,91.55,14.17,2.72,0.82
2017-02-03,17.04,25.0,89.46,12.57,2.98,0.83
2017-02-04,1.38,26.17,83.19,22.72,2.57,0.81
2017-02-05,4.61,26.59,86.17,17.26,2.61,0.79
2017-02-06,7.12,26.81,85.68,17.6,3.04,0.79
2017-02-07,9.9,26.98,85.08,20.47,2.76,0.79
2017-02-08,23.57,26.56,88.91,14.85,2.09,0.8
2017-02-09,31.93,26.38,87.69,10.5,1.71,0.82
2017-02-10,32.32,26.01,88.45,12.32,1.61,0.85
2017-02-11,16.87,25.77,89.35,16.45,1.38,0.85
2017-02-12,30.31,26.27,84.46,17.28,1.04,0.85
2017-02-13,4.31,25.83,87.52,22.0,1.53,0.84
2017-02-14,3.71,26.13,84.5,23.17,1.38,0.84
2017-02-15,6.29,25.96,84.21,20.18,1.63,0.84
2017-02-16,1.34,25.93,83.93,19.58,1.77,0.83
2017-02-17,0.94,26.11,83.34,22.95,1.69,0.82
2017-02-18,1.15,26.44,81.34,24.53,1.26,0.81
2017-02-19,3.18,27.11,79.89,24.06,0.85,0.81
2017-02-20,1.98,26.82,83.28,24.1,1.44,0.81
2017-02-21,0.36,27.08,81.66,22.52,1.6,0.8
2017-02-22,0.15,26.82,79.87,23.25,1.31,0.79
2017-02-23,0.3,26.9,80.63,25.3,1.63,0.79
2017-02-24,0.31,26.75,80.21,25.49,1.88,0.78
2017-02-25,1.13,26.83,76.77,23.61,1.15,0.77
2017-02-26,1.57,27.17,76.28,19.89,0.55,0.77
2017-02-27,3.61,27.79,75.85,22.17,0.77,0.77
2017-02-28,2.86,27.67,78.46,22.1,1.01,0.77
2017-03-01,3.03,27.36,81.92,24.2,1.48,0.77
2017-03-02,2.19,26.81,80.47,23.31,1.5,0.76
2017-03-03,1.16,27.06,81.38,21.9,1.35,0.76
2017-03-04,1.29,27.79,77.73,24.32,1.01,0.76
2017-03-05,1.52,27.91,77.66,22.58,0.92,0.75
2017-03-06,1.09,27.24,82.51,21.11,1.39,0.75
2017-03-07,0.61,27.11,84.31,22.59,1.7,0.75
2017-03-08,5.9,26.41,87.79,19.98,1.96,0.74
2017-03-09,2.2,26.94,82.11,18.38,1.54,0.75
2017-03-10,13.78,26.7,82.01,20.76,1.38,0.75
2017-03-11,3.27,27.3,77.81,23.65,1.12,0.76
2017-03-12,6.41,26.85,80.2,22.2,0.99,0.75
2017-03-13,8.49,26.66,79.91,18.6,1.19,0.76
2017-03-14,5.93,26.36,80.16,19.06,0.97,0.76
2017-03-15,7.26,26.73,81.32,21.09,1.05,0.76
2017-03-16,9.65,27.16,82.03,18.55,0.54,0.77
2017-03-17,3.93,27.59,79.45,17.18,0.77,0.77
2017-03-18,0.96,27.14,81.26,21.15,1.14,0.76
2017-03-19,4.92,26.74,82.98,19.06,1.44,0.76
2017-03-20,29.89,26.23,88.24,10.43,1.65,0.77
2017-03-21,24.06,25.95,90.03,10.76,1.74,0.81
2017-03-22,10.14,26.34,85.92,16.75,1.56,0.82
2017-03-23,4.5,26.75,83.14,14.0,1.1,0.81
2017-03-24,4.62,26.49,81.07,18.31,0.94,0.8
2017-03-25,6.11,26.71,84.1,15.17,1.31,0.79
2017-03-26,13.33,26.23,86.17,11.71,1.9,0.8
2017-03-27,17.62,26.12,83.99,13.25,1.62,0.82
2017-03-28,1.98,26.73,81.41,22.88,1.67,0.81
2017-03-29,2.31,26.44,85.37,21.94,1.73,0.8
2017-03-30,2.92,26.74,82.49,21.89,1.3,0.79
2017-03-31,4.88,26.19,86.07,19.49,1.38,0.79
2017-04-01,7.1,26.48,85.54,19.07,1.49,0.79
2017-04-02,15.36,25.66,85.43,13.8,1.37,0.81
2017-04-03,6.5,25.92,84.13,14.51,1.44,0.81
2017-04-04,16.54,25.92,91.35,17.3,1.18,0.82
2017-04-05,7.09,26.75,87.19,13.54,1.59,0.83
2017-04-06,6.82,26.87,84.85,11.51,1.56,0.82
2017-04-07,15.87,26.66,87.06,13.01,1.39,0.83
2017-04-08,6.25,27.0,81.84,17.19,0.84,0.83
2017-04-09,3.73,27.34,82.43,20.34,1.26,0.83
2017-04-10,0.39,26.97,81.2,21.84,1.49,0.82
2017-04-11,0.26,26.87,80.84,22.13,1.55,0.81
2017-04-12,1.86,26.58,81.69,22.77,1.95,0.8
2017-04-13,2.03,26.48,78.42,20.4,1.87,0.79
2017-04-14,0.73,26.44,74.24,21.0,1.33,0.79
2017-04-15,1.54,27.02,69.36,22.51,0.96,0.78
2017-04-16,1.71,27.23,74.24,22.88,0.92,0.78
2017-04-17,0.46,27.25,75.42,22.4,1.05,0.77
2017-04-18,0.36,27.6,75.96,21.57,1.04,0.77
2017-04-19,1.01,26.94,84.2,19.58,1.38,0.76
2017-04-20,0.47,27.16,83.33,22.48,1.53,0.76
2017-04-21,3.96,27.32,85.05,19.87,1.48,0.76
2017-04-22,2.41,27.32,86.46,22.04,1.78,0.76
2017-04-23,2.46,27.0,87.02,21.25,1.7,0.76
2017-04-24,1.6,26.62,87.98,21.55,1.62,0.76
2017-04-25,0.38,26.77,85.26,22.59,1.71,0.75
2017-04-26,0.42,26.89,82.51,22.02,2.02,0.75
2017-04-27,0.24,26.83,81.68,22.18,1.91,0.74
2017-04-28,0.98,26.87,81.96,21.24,1.75,0.74
2017-04-29,0.82,26.81,82.65,21.61,1.73,0.73
2017-04-30,3.42,26.65,82.37,20.25,1.56,0.73
2017-05-01,5.19,26.82,81.35,20.59,1.54,0.73
2017-05-02,3.02,27.02,84.28,18.06,1.66,0.73
2017-05-03,2.21,27.18,82.43,16.96,1.21,0.73
2017-05-04,3.74,26.58,87.94,17.76,1.67,0.73
2017-05-05,2.03,26.75,85.21,20.06,2.3,0.73
2017-05-06,1.91,26.4,83.66,19.99,2.23,0.73
2017-05-07,1.75,26.46,81.85,19.46,2.19,0.72
2017-05-08,2.14,26.53,82.66,20.56,2.16,0.72
2017-05-09,0.5,26.41,81.15,21.78,2.37,0.71
2017-05-10,0.38,26.16,80.48,21.71,2.2,0.71
2017-05-11,0.45,26.16,82.45,21.04,2.14,0.7
2017-05-12,0.7,26.0,83.93,19.81,2.39,0.7
2017-05-13,0.7,25.77,84.98,19.24,2.13,0.7
2017-05-14,0.86,26.09,84.4,18.56,2.06,0.69
2017-05-15,0.28,26.15,83.52,17.71,2.07,0.69
2017-05-16,0.41,25.6,84.36,18.54,2.3,0.69
2017-05-17,0.26,24.99,78.27,22.03,1.99,0.68
2017-05-18,0.18,25.57,83.06,20.68,1.95,0.68
2017-05-19,0.99,25.69,84.59,19.33,1.96,0.68
2017-05-20,1.68,25.47,85.51,18.59,1.98,0.68
2017-05-21,0.76,25.59,85.11,20.68,1.82,0.68
2017-05-22,0.37,25.15,84.46,21.23,2.28,0.67
2017-05-23,0.01,25.04,78.4,21.34,2.19,0.67
2017-05-24,0.79,25.59,85.31,20.44,1.81,0.67
2017-05-25,1.9,26.23,87.76,17.5,2.11,0.67
2017-05-26,1.87,25.98,87.9,17.92,2.21,0.67
2017-05-27,1.78,26.21,86.79,18.55,1.95,0.67
2017-05-28,5.49,26.2,88.83,13.64,1.83,0.67
2017-05-29,5.21,25.91,88.76,16.55,1.82,0.68
2017-05-30,3.48,26.27,87.75,15.58,1.94,0.68
2017-05-31,3.21,25.9,88.09,15.01,2.19,0.68
2017-06-01,1.28,25.85,85.46,16.92,2.35,0.68
2017-06-02,2.74,25.56,85.99,19.69,2.29,0.67
2017-06-03,1.84,25.35,86.24,18.79,2.01,0.67
2017-06-04,3.44,25.54,86.85,18.45,1.88,0.67
2017-06-05,1.47,25.71,85.91,19.53,1.99,0.67
2017-06-06,1.37,25.78,86.46,18.55,1.97,0.66
2017-06-07,0.93,25.75,86.75,19.18,2.31,0.66
2017-06-08,1.41,25.32,87.11,16.85,2.41,0.65
2017-06-09,1.46,25.34,87.95,16.9,2.35,0.65
2017-06-10,1.61,25.35,87.33,17.79,2.33,0.65
2017-06-11,1.51,25.57,87.27,17.82,2.15,0.65
2017-06-12,10.51,25.36,89.42,11.95,2.14,0.65
2017-06-13,6.44,25.27,89.16,8.12,1.88,0.67
2017-06-14,4.06,25.65,85.66,18.33,1.95,0.67
2017-06-15,0.39,25.1,85.1,17.53,2.19,0.67
2017-06-16,0.44,24.57,83.05,19.89,2.1,0.66
2017-06-17,1.75,24.22,84.12,19.94,2.28,0.65
2017-06-18,4.11,24.45,85.38,18.9,2.31,0.65
2017-06-19,2.42,24.83,85.06,18.89,2.29,0.65
2017-06-20,6.25,25.06,87.72,16.49,2.06,0.65
2017-06-21,2.15,25.11,87.06,13.98,1.8,0.65
2017-06-22,1.53,25.16,85.83,19.06,1.89,0.65
2017-06-23,1.02,24.9,86.74,18.83,2.04,0.65
2017-06-24,2.12,25.25,86.51,16.83,1.82,0.64
2017-06-25,5.95,24.76,91.23,14.84,1.92,0.65
2017-06-26,2.61,25.29,87.77,17.23,1.96,0.65
2017-06-27,0.41,24.79,83.12,18.71,2.21,0.65
2017-06-28,0.34,24.42,80.41,19.79,2.25,0.64
2017-06-29,0.37,24.38,83.0,19.87,2.17,0.63
2017-06-30,0.91,24.74,84.33,16.48,2.11,0.63
2017-07-01,0.14,24.81,83.51,17.13,1.99,0.62
2017-07-02,0.72,24.82,85.26,19.78,1.91,0.62
2017-07-03,1.35,24.63,86.52,18.96,2.11,0.62
2017-07-04,3.53,24.86,86.2,17.73,2.13,0.62
2017-07-05,0.23,24.97,84.11,18.34,2.07,0.62
2017-07-06,1.16,24.67,84.83,15.83,2.09,0.61
2017-07-07,3.44,24.88,87.94,13.2,2.09,0.61
2017-07-08,3.28,24.71,88.25,12.11,2.38,0.62
2017-07-09,2.49,24.48,86.65,10.91,2.33,0.62
2017-07-10,0.84,24.67,83.27,16.13,2.13,0.61
2017-07-11,1.89,24.59,87.09,17.27,2.1,0.61
2017-07-12,3.42,24.96,87.93,16.9,2.18,0.61
2017-07-13,4.14,25.12,88.68,15.19,2.41,0.61
2017-07-14,1.07,25.11,85.73,19.2,2.4,0.61
2017-07-15,0.51,24.48,84.94,21.04,2.21,0.61
2017-07-16,0.6,24.06,82.22,20.34,2.28,0.6
2017-07-17,0.82,23.89,82.9,20.69,2.24,0.6
2017-07-18,2.03,24.44,84.83,19.43,2.0,0.6
2017-07-19,0.95,24.94,85.18,19.13,1.77,0.6
2017-07-20,1.51,24.8,85.86,19.75,1.74,0.59
2017-07-21,1.45,24.77,85.92,18.52,1.85,0.59
2017-07-22,1.8,24.45,85.21,18.22,2.12,0.59
2017-07-23,0.36,24.23,79.63,19.44,2.34,0.59
2017-07-24,1.54,23.96,81.0,20.04,2.28,0.58
2017-07-25,1.33,24.24,83.55,19.7,2.34,0.58
2017-07-26,1.51,24.87,84.78,17.89,2.1,0.58
2017-07-27,2.3,25.31,86.6,17.13,2.07,0.58
2017-07-28,0.64,25.65,84.48,19.69,1.72,0.58
2017-07-29,1.9,24.82,86.08,15.52,2.21,0.58
2017-07-30,0.75,24.5,83.92,20.87,2.29,0.57
2017-07-31,0.34,24.27,79.76,21.51,2.34,0.57
2017-08-01,2.45,24.34,85.71,17.98,2.56,0.57
2017-08-02,2.14,24.17,83.82,14.05,2.7,0.57
2017-08-03,0.39,24.08,80.22,17.97,2.47,0.57
2017-08-04,0.5,24.08,81.05,16.37,2.37,0.56
2017-08-05,0.71,24.04,83.25,20.7,2.48,0.56
2017-08-06,0.91,24.07,83.54,19.04,2.19,0.56
2017-08-07,0.03,24.89,81.92,21.28,1.99,0.56
2017-08-08,0.23,24.99,85.15,20.78,1.78,0.55
2017-08-09,0.39,25.06,84.46,20.55,1.92,0.55
2017-08-10,0.88,24.45,83.99,20.23,2.23,0.55
2017-08-11,1.17,24.77,84.54,20.08,2.19,0.55
2017-08-12,0.38,25.25,84.03,18.72,1.95,0.55
2017-08-13,0.33,25.02,83.1,21.53,2.23,0.54
2017-08-14,2.06,24.72,82.51,22.59,2.19,0.54
2017-08-15,1.69,24.05,82.91,22.52,2.32,0.54
2017-08-16,3.24,23.47,83.97,20.17,2.09,0.54
2017-08-17,2.28,23.97,82.64,19.92,1.97,0.55
2017-08-18,2.34,24.63,82.86,15.63,1.84,0.55
2017-08-19,1.21,24.92,84.34,19.75,2.05,0.55
2017-08-20,0.45,24.55,83.33,21.7,2.44,0.54
2017-08-21,0.12,24.72,81.49,23.05,2.26,0.54
2017-08-22,0.21,24.8,79.56,23.19,2.28,0.54
2017-08-23,0.24,25.13,81.15,22.9,2.14,0.53
2017-08-24,0.3,25.37,79.86,23.73,1.99,0.53
2017-08-25,0.15,25.05,80.92,24.16,2.01,0.53
2017-08-26,0.28,25.03,82.82,23.65,2.37,0.52
2017-08-27,0.46,24.95,80.31,23.9,2.38,0.52
2017-08-28,0.08,25.11,77.5,23.12,2.07,0.52
2017-08-29,0.0,24.6,77.23,24.23,2.39,0.51
2017-08-30,0.0,24.96,73.76,24.56,2.15,0.51
2017-08-31,0.02,25.1,74.81,23.62,1.78,0.51
2017-09-01,0.07,24.7,78.39,23.14,1.96,0.51
2017-09-02,1.93,24.46,80.62,21.43,2.17,0.5
2017-09-03,2.53,24.92,83.06,20.55,2.36,0.51
2017-09-04,0.55,24.98,82.03,21.56,2.33,0.51
2017-09-05,0.18,25.3,80.04,23.3,1.89,0.51
2017-09-06,0.56,25.25,81.39,21.06,1.71,0.51
2017-09-07,0.02,26.08,77.56,24.13,1.64,0.5
2017-09-08,0.25,26.41,80.25,23.36,1.94,0.5
2017-09-09,0.51,26.23,79.54,22.87,2.14,0.5
2017-09-10,0.69,25.87,80.06,22.13,2.1,0.5
2017-09-11,0.58,25.36,78.31,23.87,2.2,0.49
2017-09-12,0.41,25.18,77.08,21.57,2.14,0.49
2017-09-13,0.51,25.36,78.79,22.86,2.0,0.49
2017-09-14,0.19,25.41,77.57,25.49,1.84,0.49
2017-09-15,0.02,25.97,77.14,24.3,1.56,0.49
2017-09-16,0.6,26.49,80.95,23.88,1.81,0.49
2017-09-17,0.41,25.86,79.02,25.61,2.27,0.48
2017-09-18,0.16,25.09,76.62,26.67,2.17,0.48
2017-09-19,0.08,25.22,77.29,25.11,2.07,0.48
2017-09-20,0.0,25.34,73.43,24.67,1.77,0.48
2017-09-21,0.11,25.3,77.52,24.44,1.8,0.48
2017-09-22,1.6,25.9,81.25,21.9,1.78,0.48
2017-09-23,1.85,26.13,80.27,21.2,1.91,0.48
2017-09-24,0.56,26.33,80.12,20.71,1.8,0.48
2017-09-25,2.87,26.17,81.48,20.89,1.81,0.48
2017-09-26,2.91,26.75,81.95,23.07,1.68,0.49
2017-09-27,2.01,26.77,81.16,24.31,2.05,0.49
2017-09-28,0.81,26.55,80.96,23.05,1.92,0.49
2017-09-29,1.28,26.37,79.58,24.2,2.2,0.48
2017-09-30,1.89,26.31,81.1,21.95,2.14,0.48
2017-10-01,0.33,26.35,78.91,23.1,1.83,0.48
2017-10-02,0.37,26.38,76.35,23.35,1.69,0.48
2017-10-03,0.2,26.92,75.97,22.77,1.7,0.48
2017-10-04,1.31,27.16,78.78,22.67,1.9,0.48
2017-10-05,7.45,27.04,83.53,22.17,1.94,0.48
2017-10-06,4.58,26.89,83.61,23.15,1.88,0.49
2017-10-07,7.04,26.33,83.65,18.37,2.26,0.5
2017-10-08,3.62,26.42,82.82,19.72,2.2,0.51
2017-10-09,2.64,27.04,83.49,22.93,2.02,0.51
2017-10-10,1.51,27.28,83.4,23.52,1.88,0.51
2017-10-11,0.79,27.32,80.58,25.34,2.17,0.5
2017-10-12,0.23,27.53,79.56,25.12,1.82,0.5
2017-10-13,0.38,27.12,78.09,25.45,2.0,0.49
2017-10-14,1.59,27.14,78.21,23.32,1.99,0.49
2017-10-15,3.58,27.01,81.46,21.62,1.92,0.49
2017-10-16,3.44,27.15,79.61,19.91,1.96,0.49
2017-10-17,5.16,26.42,82.06,19.52,1.7,0.5
2017-10-18,1.21,26.88,81.62,22.85,2.26,0.5
2017-10-19,0.33,27.01,76.92,25.44,1.91,0.5
2017-10-20,0.13,26.86,75.58,25.11,1.97,0.49
2017-10-21,0.78,27.02,74.45,24.96,1.64,0.49
2017-10-22,1.13,27.04,77.7,23.88,1.37,0.49
2017-10-23,2.24,27.54,76.96,23.15,1.22,0.48
2017-10-24,10.9,27.28,80.5,21.18,1.2,0.5
2017-10-25,5.63,27.36,80.49,23.28,1.09,0.51
2017-10-26,2.38,27.87,78.9,22.62,1.18,0.51
2017-10-27,1.1,27.72,78.2,25.12,1.61,0.51
2017-10-28,0.01,27.63,74.84,26.73,1.65,0.5
2017-10-29,0.01,27.31,73.06,27.77,1.8,0.49
2017-10-30,0.02,27.28,72.16,26.85,1.53,0.49
2017-10-31,0.01,27.24,71.42,25.26,1.4,0.48
2017-11-01,0.12,28.08,71.0,25.21,1.22,0.48
2017-11-02,0.47,27.9,75.16,22.1,1.51,0.47
2017-11-03,1.35,28.06,77.01,23.04,1.64,0.47
2017-11-04,11.22,28.15,79.48,21.62,1.45,0.48
2017-11-05,12.5,27.12,78.27,13.83,1.68,0.52
2017-11-06,1.51,27.81,73.79,12.81,1.66,0.51
2017-11-07,0.25,27.87,77.12,19.46,1.55,0.51
2017-11-08,1.89,27.85,79.9,23.59,1.43,0.5
2017-11-09,10.21,27.6,81.93,24.65,1.68,0.52
2017-11-10,3.34,27.05,83.52,22.31,1.69,0.52
2017-11-11,4.16,27.85,80.78,19.36,1.83,0.52
2017-11-12,6.63,27.61,81.03,18.65,1.39,0.52
2017-11-13,23.22,25.97,90.38,15.41,1.55,0.56
2017-11-14,20.7,26.37,87.66,14.11,1.14,0.59
2017-11-15,6.26,26.61,82.44,18.09,0.96,0.6
2017-11-16,4.02,27.04,81.88,17.19,1.03,0.6
2017-11-17,23.51,26.57,84.97,19.02,1.0,0.6
2017-11-18,11.22,26.88,84.34,21.8,1.53,0.63
2017-11-19,15.13,26.57,86.73,19.8,1.46,0.63
2017-11-20,40.93,26.72,83.91,19.15,0.93,0.69
2017-11-21,10.25,26.32,87.52,9.38,1.38,0.69
2017-11-22,4.52,26.77,84.98,17.45,1.09,0.69
2017-11-23,6.91,27.42,80.58,17.93,0.74,0.67
2017-11-24,22.7,26.78,82.84,12.98,1.04,0.68
2017-11-25,1.02,27.51,79.35,19.28,1.01,0.67
2017-11-26,8.69,27.65,82.22,15.42,0.87,0.66
2017-11-27,21.54,26.58,91.16,19.02,1.35,0.67
2017-11-28,10.21,26.93,86.78,11.42,1.05,0.68
2017-11-29,4.5,27.11,85.69,18.05,0.8,0.67
2017-11-30,23.37,26.39,90.55,15.7,2.49,0.69
2017-12-01,8.22,26.9,86.51,8.6,2.0,0.69
2017-12-02,1.67,27.49,79.72,11.58,1.02,0.68
2017-12-03,0.5,28.21,77.23,19.78,0.93,0.66
2017-12-04,3.66,28.21,77.62,21.64,0.97,0.64
2017-12-05,4.3,27.59,79.89,21.33,1.16,0.64
2017-12-06,6.63,26.76,87.3,21.57,1.44,0.64
2017-12-07,4.98,27.07,83.86,22.07,1.57,0.64
2017-12-08,1.82,26.73,84.64,20.85,1.64,0.64
2017-12-09,3.74,26.91,84.08,23.67,1.78,0.63
2017-12-10,11.53,26.25,87.43,20.67,1.53,0.64
2017-12-11,5.83,26.78,86.53,18.44,1.23,0.65
2017-12-12,7.8,26.42,86.99,22.41,1.13,0.65
2017-12-13,2.48,27.31,82.23,23.17,1.04,0.65
2017-12-14,5.86,27.01,86.14,22.23,1.26,0.65
2017-12-15,5.64,27.15,82.21,22.67,1.28,0.65
2017-12-16,3.54,26.78,83.98,20.2,1.26,0.65
2017-12-17,7.08,26.35,85.1,15.6,1.56,0.65
2017-12-18,7.74,26.31,86.22,17.02,1.8,0.65
2017-12-19,24.05,26.17,86.87,17.12,1.9,0.67
2017-12-20,5.94,25.98,86.13,12.18,2.09,0.69
2017-12-21,7.47,26.26,81.95,16.15,1.59,0.68
2017-12-22,3.99,26.43,84.12,17.25,1.72,0.68
2017-12-23,2.93,26.29,83.92,21.89,1.56,0.67
2017-12-24,10.23,26.62,87.99,16.26,1.75,0.67
2017-12-25,9.94,26.26,89.53,14.68,1.51,0.67
2017-12-26,17.83,26.85,86.96,13.05,1.68,0.7
2017-12-27,4.04,26.78,87.11,17.31,1.63,0.7
2017-12-28,3.81,26.79,85.59,15.77,1.57,0.69
2017-12-29,14.6,26.71,84.66,16.73,0.86,0.69
2017-12-30,8.97,25.76,87.35,14.93,1.37,0.71
2017-12-31,10.23,25.92,83.73,17.49,1.22,0.71
2018-01-01,9.68,27.09,79.57,22.71,0.42,0.71
2018-01-02,5.72,27.58,79.94,24.0,1.03,0.7
2018-01-03,1.46,27.61,82.72,21.53,1.4,0.7
2018-01-04,3.22,27.7,81.39,24.05,1.12,0.68
2018-01-05,10.25,26.04,87.14,21.9,0.93,0.69
2018-01-06,3.87,27.02,81.83,19.99,0.68,0.69
2018-01-07,19.84,26.05,87.73,18.48,1.41,0.7
2018-01-08,4.79,26.55,81.27,23.65,0.96,0.72
2018-01-09,9.31,26.8,83.12,21.85,1.45,0.71
2018-01-10,10.18,26.31,88.51,14.96,1.88,0.71
2018-01-11,30.52,25.85,91.18,14.4,2.54,0.73
2018-01-12,32.94,25.62,89.72,9.23,2.37,0.78
2018-01-13,12.98,26.41,81.26,16.97,1.26,0.78
2018-01-14,8.09,26.32,79.91,19.2,1.08,0.77
2018-01-15,5.82,25.72,84.35,15.57,1.5,0.75
2018-01-16,10.38,25.98,83.09,13.1,2.0,0.74
2018-01-17,7.45,26.11,83.67,17.05,1.59,0.74
2018-01-18,5.25,26.32,82.73,17.93,1.55,0.73
2018-01-19,6.04,25.98,86.18,18.63,1.84,0.74
2018-01-20,14.23,25.69,85.33,9.87,1.77,0.74
2018-01-21,22.41,26.15,84.39,12.65,1.71,0.75
2018-01-22,10.86,26.19,86.38,19.0,1.95,0.77
2018-01-23,13.01,25.64,90.51,8.22,1.55,0.77
2018-01-24,15.03,26.19,88.34,13.09,1.76,0.78
2018-01-25,30.71,25.91,89.55,11.72,2.13,0.77
2018-01-26,19.08,25.99,90.05,14.71,2.17,0.81
2018-01-27,19.72,26.03,90.1,15.42,2.17,0.82
2018-01-28,9.63,26.45,90.28,15.65,2.16,0.81
2018-01-29,14.36,26.04,90.09,12.95,2.72,0.81
2018-01-30,6.7,26.38,86.64,21.09,2.49,0.81
2018-01-31,18.57,26.05,89.78,11.73,2.24,0.82
2018-02-01,23.09,25.52,92.1,4.61,2.01,0.84
2018-02-02,6.88,26.19,86.86,18.74,2.02,0.84
2018-02-03,7.09,26.09,84.74,16.85,1.52,0.83
2018-02-04,13.04,26.36,84.11,24.31,1.55,0.84
2018-02-05,2.73,26.35,86.18,23.6,1.98,0.84
2018-02-06,0.77,26.2,82.84,22.73,1.99,0.83
2018-02-07,2.68,25.94,82.25,21.43,1.69,0.82
2018-02-08,1.33,26.38,77.31,21.39,1.18,0.81
2018-02-09,5.99,26.39,79.74,22.63,1.04,0.81
2018-02-10,1.55,26.55,79.77,23.27,1.24,0.81
2018-02-11,10.76,26.58,79.34,23.29,1.07,0.8
2018-02-12,7.48,26.02,85.23,19.73,1.18,0.81
2018-02-13,4.85,26.39,86.67,20.93,2.19,0.81
2018-02-14,33.35,26.13,91.07,18.89,2.19,0.83
2018-02-15,15.6,26.0,91.13,9.83,2.32,0.85
2018-02-16,6.62,25.87,87.93,21.7,2.15,0.85
2018-02-17,9.69,26.29,89.58,21.75,2.04,0.85
2018-02-18,1.24,26.5,85.75,24.5,2.23,0.85
2018-02-19,1.82,26.72,85.71,23.79,1.7,0.84
2018-02-20,1.2,26.76,83.8,22.45,1.25,0.83
2018-02-21,2.2,26.5,85.99,22.72,1.3,0.83
2018-02-22,4.17,26.25,87.19,18.37,1.1,0.83
2018-02-23,5.97,25.99,86.41,23.18,1.1,0.83
2018-02-24,7.5,26.34,85.02,20.03,1.19,0.83
2018-02-25,2.15,25.83,86.41,20.19,1.32,0.83
2018-02-26,2.56,26.42,83.03,24.35,1.63,0.83
2018-02-27,1.93,27.13,79.06,25.44,1.33,0.82
2018-02-28,4.07,27.08,81.01,23.79,1.28,0.82
2018-03-01,5.42,26.07,84.95,21.95,1.02,0.82
2018-03-02,7.58,27.08,82.17,21.74,1.11,0.82
2018-03-03,5.81,27.59,78.83,20.91,0.51,0.82
2018-03-04,1.29,27.5,80.52,21.15,0.94,0.82
2018-03-05,9.84,27.39,81.42,20.29,0.73,0.81
2018-03-06,13.93,26.64,86.74,21.8,1.07,0.84
2018-03-07,10.56,26.93,84.87,17.83,1.16,0.84
2018-03-08,2.2,26.68,86.32,16.95,1.35,0.84
2018-03-09,1.97,26.32,85.69,24.06,1.25,0.83
2018-03-10,1.73,27.2,80.92,23.79,1.6,0.83
2018-03-11,3.33,27.26,76.82,23.84,1.23,0.82
2018-03-12,4.1,27.18,78.84,22.1,1.06,0.82
2018-03-13,3.08,25.9,86.06,19.11,1.17,0.81
2018-03-14,6.2,25.4,87.45,18.9,1.15,0.81
2018-03-15,3.8,26.08,83.75,17.49,1.15,0.82
2018-03-16,3.79,26.8,82.51,21.07,1.2,0.81
2018-03-17,5.53,27.08,79.62,23.02,1.04,0.81
2018-03-18,10.29,27.05,74.48,22.06,0.88,0.81
2018-03-19,1.86,27.39,75.43,24.21,1.24,0.81
2018-03-20,0.12,26.91,80.48,23.68,1.78,0.8
2018-03-21,3.65,27.25,79.84,22.75,1.36,0.8
2018-03-22,11.71,27.58,76.7,14.87,0.6,0.8
2018-03-23,4.23,26.84,82.06,22.11,1.31,0.8
2018-03-24,1.22,27.07,82.52,21.01,1.49,0.8
2018-03-25,1.49,27.3,81.69,22.79,1.45,0.79
2018-03-26,1.3,26.91,81.64,22.57,1.53,0.79
2018-03-27,0.48,26.82,83.23,21.43,1.59,0.78
2018-03-28,0.49,27.13,82.17,23.92,1.64,0.78
2018-03-29,2.27,27.02,84.82,23.28,1.94,0.77
2018-03-30,3.91,27.29,82.85,21.15,1.38,0.77
2018-03-31,5.41,27.35,80.82,20.37,1.01,0.77
2018-04-01,3.45,27.14,81.98,20.4,0.98,0.77
2018-04-02,0.74,27.2,78.37,23.73,1.03,0.77
2018-04-03,2.23,27.36,80.34,23.07,1.29,0.76
2018-04-04,0.54,27.0,83.9,21.8,1.26,0.76
2018-04-05,0.06,27.95,76.84,24.32,1.33,0.76
2018-04-06,0.03,27.86,78.7,23.39,1.27,0.75
2018-04-07,0.53,27.59,77.69,19.57,1.18,0.74
2018-04-08,0.24,27.78,75.51,23.57,1.24,0.74
2018-04-09,0.29,27.62,80.61,22.57,1.81,0.73
2018-04-10,3.09,27.44,82.9,23.11,1.79,0.73
2018-04-11,0.94,27.2,83.52,22.46,1.66,0.73
2018-04-12,0.8,27.37,84.58,22.22,1.43,0.73
2018-04-13,0.39,27.38,85.53,22.76,1.75,0.73
2018-04-14,0.07,27.83,82.38,24.77,1.72,0.72
2018-04-15,0.28,27.62,83.66,22.89,1.69,0.72
2018-04-16,3.5,27.46,86.9,20.29,1.68,0.72
2018-04-17,3.89,27.55,85.32,20.53,1.65,0.72
2018-04-18,0.43,27.75,80.5,23.19,1.95,0.72
2018-04-19,2.64,27.16,82.18,21.35,1.74,0.72
2018-04-20,1.95,27.11,83.39,21.07,1.59,0.71
2018-04-21,3.92,27.1,84.71,18.75,1.43,0.71
2018-04-22,1.17,27.19,84.62,21.32,1.93,0.71
2018-04-23,0.22,27.01,84.06,22.18,2.12,0.71
2018-04-24,0.27,27.0,82.96,23.04,1.99,0.7
2018-04-25,0.73,26.81,82.91,22.21,1.78,0.7
2018-04-26,1.0,26.71,82.05,19.97,1.87,0.69
2018-04-27,0.58,26.71,82.54,22.29,1.93,0.69
2018-04-28,0.14,26.29,81.42,22.97,2.17,0.68
2018-04-29,0.24,26.0,83.07,23.69,1.96,0.68
2018-04-30,0.16,25.85,81.73,22.1,2.03,0.68
2018-05-01,0.0,25.78,79.66,23.22,2.06,0.67
2018-05-02,0.31,25.6,78.27,21.49,1.76,0.67
2018-05-03,0.02,25.4,78.92,22.16,1.82,0.67
2018-05-04,0.69,25.66,82.0,22.31,1.73,0.67
2018-05-05,0.12,26.07,82.94,22.41,1.73,0.66
2018-05-06,0.58,26.5,84.52,21.87,1.97,0.66
2018-05-07,0.41,26.3,83.83,22.77,2.14,0.66
2018-05-08,0.48,26.03,81.47,22.3,2.12,0.66
2018-05-09,0.78,26.02,81.75,22.07,2.13,0.65
2018-05-10,0.72,26.07,83.35,21.83,2.25,0.65
2018-05-11,0.13,26.1,82.18,22.07,2.37,0.65
2018-05-12,0.61,26.22,83.79,21.31,2.28,0.65
2018-05-13,2.25,26.28,85.33,20.35,2.19,0.64
2018-05-14,1.82,26.04,86.75,18.32,2.21,0.64
2018-05-15,4.25,25.8,89.98,14.16,2.22,0.65
2018-05-16,2.57,25.52,88.69,18.11,2.37,0.65
2018-05-17,1.83,25.4,84.62,18.58,2.44,0.65
2018-05-18,1.41,25.34,83.31,19.58,2.31,0.65
2018-05-19,1.3,25.26,84.09,20.25,2.21,0.65
2018-05-20,1.62,25.53,85.1,18.94,2.0,0.64
2018-05-21,1.39,25.64,86.83,17.6,2.01,0.64
2018-05-22,1.3,26.08,86.69,19.62,2.05,0.64
2018-05-23,0.71,26.17,86.13,19.71,2.14,0.64
2018-05-24,1.13,26.08,86.52,18.2,2.16,0.64
2018-05-25,0.25,26.31,85.83,18.82,1.83,0.63
2018-05-26,1.95,26.03,85.77,18.28,2.06,0.63
2018-05-27,2.47,25.62,86.18,18.79,2.31,0.63
2018-05-28,0.97,25.32,83.78,18.33,2.31,0.63
2018-05-29,0.29,24.92,82.64,20.33,2.27,0.62
2018-05-30,0.28,25.05,81.99,20.3,1.96,0.62
2018-05-31,1.02,25.3,84.01,20.17,1.71,0.61
2018-06-01,0.97,25.27,85.73,19.82,1.92,0.61
2018-06-02,2.01,25.02,87.44,19.64,1.99,0.61
2018-06-03,1.79,25.35,85.62,19.38,2.1,0.61
2018-06-04,0.68,25.75,83.79,18.63,1.56,0.61
2018-06-05,0.44,26.0,84.18,19.4,1.49,0.61
2018-06-06,0.08,25.97,84.07,18.26,1.45,0.6
2018-06-07,0.08,25.83,84.02,19.76,1.53,0.6
2018-06-08,0.15,25.25,85.82,18.65,1.82,0.6
2018-06-09,0.32,25.35,84.72,18.57,2.0,0.59
2018-06-10,0.79,25.74,85.11,18.34,2.16,0.59
2018-06-11,2.74,25.6,86.8,15.75,2.37,0.59
2018-06-12,0.21,25.07,82.98,19.51,2.14,0.59
2018-06-13,0.16,24.72,83.45,18.44,1.97,0.58
2018-06-14,0.23,24.56,83.19,19.9,2.0,0.58
2018-06-15,0.5,24.85,83.28,19.06,2.07,0.58
2018-06-16,0.41,25.46,83.14,19.17,1.91,0.58
2018-06-17,0.03,25.39,81.31,19.98,2.2,0.57
2018-06-18,0.24,25.28,83.46,19.15,2.12,0.57
2018-06-19,2.02,25.22,87.15,10.96,2.26,0.57
2018-06-20,3.98,25.04,88.59,14.43,2.23,0.57
2018-06-21,7.6,24.94,88.55,12.97,2.11,0.58
2018-06-22,3.41,25.09,84.94,17.31,2.33,0.59
2018-06-23,1.92,25.09,85.41,17.7,2.25,0.59
2018-06-24,0.93,24.94,83.18,18.2,2.5,0.58
2018-06-25,1.19,24.73,82.36,17.83,2.55,0.58
2018-06-26,2.31,24.53,83.19,16.71,2.38,0.57
2018-06-27,2.77,24.51,85.02,15.92,2.35,0.57
2018-06-28,4.3,24.62,84.76,17.65,2.34,0.57
2018-06-29,3.5,24.32,85.09,17.32,2.41,0.58
2018-06-30,2.54,24.21,83.94,18.98,2.35,0.58
2018-07-01,0.4,24.27,81.92,19.56,2.15,0.57
2018-07-02,1.0,24.67,85.28,20.29,2.06,0.57
2018-07-03,5.05,24.91,88.23,15.93,2.25,0.57
2018-07-04,1.85,24.49,83.84,19.75,2.67,0.57
2018-07-05,0.33,24.0,75.59,19.91,2.48,0.57
2018-07-06,0.06,24.12,80.06,18.05,2.22,0.56
2018-07-07,0.4,24.17,80.62,19.78,2.14,0.55
2018-07-08,1.83,24.49,84.05,20.29,2.19,0.55
2018-07-09,2.81,24.36,85.53,19.91,2.56,0.55
2018-07-10,0.66,23.97,80.67,19.64,2.48,0.55
2018-07-11,1.79,24.16,83.54,20.02,2.19,0.55
2018-07-12,1.16,24.08,83.03,20.25,2.39,0.55
2018-07-13,0.95,23.91,80.17,18.15,2.32,0.54
2018-07-14,0.19,23.8,76.7,17.43,2.3,0.54
2018-07-15,0.69,23.51,77.45,18.11,2.11,0.54
2018-07-16,0.12,23.65,79.92,19.09,1.96,0.53
2018-07-17,0.7,23.92,83.07,19.61,2.02,0.53
2018-07-18,0.82,24.43,84.49,19.02,1.96,0.53
2018-07-19,1.04,24.78,83.61,19.83,2.08,0.53
2018-07-20,0.25,25.15,83.76,19.44,1.7,0.53
2018-07-21,0.71,25.37,85.45,16.73,1.62,0.52
2018-07-22,0.8,25.39,85.38,18.07,1.91,0.52
2018-07-23,0.65,24.79,82.38,20.02,2.32,0.52
2018-07-24,0.0,23.96,76.76,21.91,2.35,0.52
2018-07-25,0.02,24.42,77.66,20.96,2.16,0.52
2018-07-26,0.45,24.44,81.67,19.81,1.97,0.51
2018-07-27,1.18,24.51,83.05,18.42,2.18,0.51
2018-07-28,0.49,24.39,81.67,18.68,2.06,0.51
2018-07-29,0.29,24.68,80.57,19.98,1.99,0.51
2018-07-30,0.03,25.12,81.21,19.88,1.84,0.51
2018-07-31,0.55,25.14,82.23,20.06,1.89,0.51
2018-08-01,1.38,24.56,84.44,19.52,2.06,0.5
2018-08-02,0.86,23.6,77.82,21.14,2.43,0.5
2018-08-03,0.76,23.16,75.37,20.66,2.16,0.5
2018-08-04,1.33,23.29,80.82,18.83,1.99,0.5
2018-08-05,2.16,22.87,82.86,17.21,2.35,0.5
2018-08-06,1.17,23.49,81.35,19.78,2.35,0.5
2018-08-07,0.33,24.41,80.06,21.35,2.23,0.5
2018-08-08,0.31,24.85,81.28,21.0,2.18,0.5
2018-08-09,0.15,25.11,81.13,20.66,1.93,0.5
2018-08-10,2.72,24.51,85.04,19.61,2.26,0.5
2018-08-11,16.5,24.16,83.17,19.64,2.61,0.51
2018-08-12,2.86,24.18,80.35,20.53,2.42,0.53
2018-08-13,0.02,24.82,78.51,22.29,2.2,0.52
2018-08-14,0.64,24.69,80.35,21.82,2.23,0.52
2018-08-15,0.38,24.29,79.42,22.05,2.24,0.51
2018-08-16,1.13,24.09,78.84,17.38,2.2,0.51
2018-08-17,0.59,23.8,81.76,19.16,1.87,0.51
2018-08-18,0.23,24.4,80.47,21.12,2.13,0.5
2018-08-19,0.31,24.66,80.07,22.43,2.13,0.5
2018-08-20,0.31,24.99,81.2,22.59,1.93,0.5
2018-08-21,0.18,25.12,79.73,20.77,1.82,0.49
2018-08-22,0.06,25.13,79.48,22.35,2.05,0.49
2018-08-23,0.44,24.54,79.33,21.72,2.31,0.49
2018-08-24,0.01,24.5,72.11,22.27,2.15,0.49
2018-08-25,0.02,24.67,73.91,22.28,1.86,0.48
2018-08-26,0.08,24.89,77.21,22.0,1.83,0.48
2018-08-27,0.15,25.23,79.32,20.54,1.77,0.48
2018-08-28,1.19,25.19,83.1,20.12,1.63,0.48
2018-08-29,1.51,24.67,84.34,18.77,1.69,0.48
2018-08-30,1.73,24.37,83.65,21.24,1.82,0.48
2018-08-31,1.37,24.89,83.69,20.83,2.07,0.48
2018-09-01,3.55,24.64,84.63,16.97,2.21,0.49
2018-09-02,0.67,24.7,79.94,22.32,2.04,0.49
2018-09-03,1.63,24.19,77.95,22.39,2.04,0.49
2018-09-04,0.89,24.77,79.97,19.31,1.93,0.49
2018-09-05,0.62,25.08,78.87,18.93,2.0,0.48
2018-09-06,2.14,25.32,79.04,19.98,1.83,0.48
2018-09-07,0.93,25.46,79.48,21.2,1.87,0.48
2018-09-08,0.52,25.34,78.08,24.08,2.16,0.48
2018-09-09,0.03,25.68,78.26,24.43,1.75,0.48
2018-09-10,0.3,25.97,78.95,23.74,1.7,0.48
2018-09-11,0.62,25.72,79.77,24.09,2.06,0.47
2018-09-12,0.18,24.89,76.95,25.22,1.91,0.47
2018-09-13,0.08,24.79,71.4,25.0,1.7,0.47
2018-09-14,0.36,24.87,75.2,23.84,1.89,0.47
2018-09-15,0.75,25.41,76.58,22.07,1.84,0.47
2018-09-16,0.24,26.3,76.44,23.33,1.84,0.47
2018-09-17,0.03,26.41,75.93,22.4,1.54,0.46
2018-09-18,0.41,26.47,77.78,21.99,1.65,0.46
2018-09-19,0.56,26.32,79.59,23.89,1.54,0.46
2018-09-20,0.51,26.4,78.42,21.27,1.72,0.46
2018-09-21,0.02,26.23,75.02,24.8,1.87,0.46
2018-09-22,0.02,26.36,74.52,25.49,1.8,0.46
2018-09-23,0.54,26.34,77.53,22.05,1.99,0.46
2018-09-24,0.2,26.73,75.92,24.46,1.77,0.46
2018-09-25,0.12,26.42,74.91,24.97,1.71,0.45
2018-09-26,0.0,25.99,71.37,26.9,1.64,0.45
2018-09-27,0.0,25.92,71.11,25.98,1.66,0.45
2018-09-28,0.12,26.51,74.75,23.64,1.84,0.45
2018-09-29,0.16,26.87,75.94,24.22,1.42,0.45
2018-09-30,0.05,27.07,75.04,25.3,1.55,0.45
2018-10-01,0.17,27.11,76.14,24.42,1.75,0.45
2018-10-02,0.04,27.11,72.52,25.19,1.95,0.45
2018-10-03,0.32,26.51,73.71,25.9,2.11,0.44
2018-10-04,0.5,26.7,74.42,23.94,1.54,0.44
2018-10-05,0.33,26.94,76.45,24.7,1.56,0.44
2018-10-06,0.43,27.01,77.65,23.35,1.78,0.44
2018-10-07,0.17,26.95,76.82,24.87,1.83,0.44
2018-10-08,0.01,26.85,73.5,26.18,1.93,0.44
2018-10-09,0.19,26.43,75.26,26.76,1.86,0.44
2018-10-10,0.15,26.81,74.98,25.84,1.61,0.44
2018-10-11,0.18,26.98,75.04,25.23,1.79,0.44
2018-10-12,0.18,27.11,74.67,25.66,1.69,0.44
2018-10-13,0.59,26.64,77.47,25.31,1.8,0.44
2018-10-14,0.98,26.83,76.88,23.85,1.85,0.44
2018-10-15,1.67,27.06,75.89,25.44,2.08,0.44
2018-10-16,1.17,26.84,76.82,25.19,1.96,0.44
2018-10-17,0.37,26.7,74.71,24.76,1.9,0.44
2018-10-18,0.53,26.37,74.58,23.25,1.98,0.44
2018-10-19,0.67,26.45,73.22,23.89,2.06,0.44
2018-10-20,0.57,26.77,73.28,23.73,2.08,0.44
2018-10-21,0.93,27.02,76.16,24.63,1.69,0.44
2018-10-22,0.94,27.13,77.21,23.42,1.68,0.44
2018-10-23,0.66,27.29,75.39,24.89,1.67,0.44
2018-10-24,0.12,27.19,70.42,26.18,1.71,0.44
2018-10-25,0.15,26.94,71.47,25.18,1.74,0.44
2018-10-26,0.08,27.25,71.44,25.4,1.96,0.44
2018-10-27,0.11,27.05,73.05,24.2,2.01,0.44
2018-10-28,0.35,26.92,73.17,25.71,1.94,0.44
2018-10-29,0.48,27.14,73.68,25.58,1.76,0.44
2018-10-30,0.11,27.27,71.4,27.41,1.86,0.44
2018-10-31,0.39,27.14,73.59,24.63,1.88,0.43
2018-11-01,1.35,27.82,72.62,24.36,1.57,0.43
2018-11-02,1.21,28.11,76.1,21.82,1.95,0.44
2018-11-03,1.48,27.85,78.96,23.75,2.07,0.44
2018-11-04,9.33,27.63,82.82,21.27,1.97,0.45
2018-11-05,3.57,27.8,80.16,20.79,1.71,0.46
2018-11-06,2.2,27.78,80.87,21.83,1.8,0.46
2018-11-07,7.81,27.78,80.99,20.44,1.47,0.46
2018-11-08,10.05,27.5,82.29,19.22,1.44,0.48
2018-11-09,14.1,27.34,82.65,18.68,1.49,0.5
2018-11-10,1.01,27.94,79.31,22.51,1.55,0.51
2018-11-11,5.01,27.71,81.41,21.3,1.6,0.5
2018-11-12,4.07,26.77,84.37,20.27,1.6,0.5
2018-11-13,2.52,27.9,79.54,23.87,1.76,0.5
2018-11-14,2.19,28.06,80.2,23.46,1.83,0.5
2018-11-15,1.42,27.52,81.82,20.93,1.7,0.49
2018-11-16,0.92,28.05,79.18,23.44,1.38,0.49
2018-11-17,0.2,28.57,73.83,25.19,0.92,0.48
2018-11-18,2.7,27.98,78.45,23.52,1.35,0.48
2018-11-19,1.2,27.57,79.98,24.03,1.9,0.48
2018-11-20,1.75,27.58,78.66,24.6,2.21,0.48
2018-11-21,0.35,27.8,75.82,24.58,1.78,0.47
2018-11-22,1.07,27.69,73.51,24.01,1.84,0.47
2018-11-23,0.87,27.14,74.31,22.91,1.82,0.47
2018-11-24,2.85,26.87,77.12,20.41,1.77,0.47
2018-11-25,6.74,26.39,81.84,21.94,1.74,0.47
2018-11-26,24.53,25.72,87.38,16.3,1.29,0.49
2018-11-27,55.02,25.96,85.98,22.46,1.05,0.6
2018-11-28,7.6,26.58,84.55,21.26,1.27,0.64
2018-11-29,7.84,26.51,85.61,17.22,1.75,0.63
2018-11-30,8.51,26.93,81.97,18.48,1.55,0.62
2018-12-01,6.51,25.91,85.46,19.49,1.6,0.62
2018-12-02,3.96,26.29,83.52,19.75,1.52,0.61
2018-12-03,7.08,26.29,87.74,16.41,1.73,0.6
2018-12-04,2.06,27.48,83.94,23.15,1.55,0.6
2018-12-05,3.39,26.96,88.49,18.93,1.57,0.58
2018-12-06,16.16,27.15,86.84,22.45,1.61,0.6
2018-12-07,7.17,27.7,83.3,22.47,1.54,0.6
2018-12-08,2.59,27.58,84.23,20.74,1.42,0.59
2018-12-09,2.2,26.56,84.06,20.86,1.53,0.58
2018-12-10,0.11,27.11,78.84,22.37,1.43,0.57
2018-12-11,0.7,27.36,84.05,20.9,1.75,0.56
2018-12-12,15.41,27.39,83.42,19.27,1.74,0.55
2018-12-13,7.67,26.79,87.57,16.06,1.78,0.59
2018-12-14,3.39,27.24,85.51,19.64,1.73,0.58
2018-12-15,6.56,27.0,85.66,22.16,2.0,0.58
2018-12-16,1.88,26.51,85.09,19.67,2.0,0.58
2018-12-17,1.33,26.88,79.27,22.35,1.99,0.57
2018-12-18,5.79,26.8,79.89,20.18,1.83,0.56
2018-12-19,6.78,26.58,80.4,17.84,1.56,0.57
2018-12-20,1.26,26.46,79.87,19.83,1.58,0.57
2018-12-21,4.39,27.01,78.97,23.25,1.57,0.56
2018-12-22,5.8,26.88,82.1,20.11,1.89,0.56
2018-12-23,4.43,26.65,84.55,14.72,1.99,0.56
2018-12-24,26.0,25.9,87.29,12.88,1.84,0.6
2018-12-25,4.86,25.64,87.96,19.93,1.67,0.61
2018-12-26,2.2,27.08,81.47,21.52,1.92,0.6
2018-12-27,8.7,26.73,87.12,19.54,2.09,0.59
2018-12-28,9.68,26.67,83.16,11.31,2.17,0.6
2018-12-29,16.46,27.24,81.55,18.57,1.94,0.61
2018-12-30,17.86,26.27,90.88,17.8,1.47,0.63
2018-12-31,3.36,27.68,80.3,18.49,1.21,0.64
2019-01-01,29.59,26.95,84.91,17.17,1.27,0.63
2019-01-02,25.16,26.48,83.77,10.1,1.61,0.69
2019-01-03,13.75,26.26,87.77,7.58,1.71,0.7
2019-01-04,5.05,27.19,77.16,14.61,1.32,0.69
2019-01-05,0.64,28.02,76.4,24.57,1.1,0.67
2019-01-06,2.7,27.49,80.31,19.47,0.96,0.65
2019-01-07,1.04,27.23,80.51,24.01,1.2,0.64
2019-01-08,0.68,27.31,79.71,24.79,1.27,0.62
2019-01-09,0.79,27.92,79.23,24.85,0.97,0.61
2019-01-10,2.71,27.87,82.47,25.08,1.05,0.61
2019-01-11,3.8,27.62,83.67,24.33,0.87,0.61
2019-01-12,4.77,27.93,81.86,23.09,0.78,0.61
2019-01-13,6.7,27.77,81.55,24.33,0.96,0.61
2019-01-14,14.26,27.13,84.5,23.31,1.5,0.63
2019-01-15,12.3,26.8,86.09,19.39,1.62,0.64
2019-01-16,7.88,26.17,84.25,9.62,1.26,0.65
2019-01-17,15.33,26.78,79.88,11.79,1.4,0.66
2019-01-18,39.88,27.25,76.42,13.96,1.06,0.67
2019-01-19,22.8,27.66,77.33,20.16,0.99,0.72
2019-01-20,21.16,27.59,80.59,22.55,1.29,0.7
2019-01-21,11.35,26.92,87.55,21.13,1.69,0.72
2019-01-22,19.31,26.48,89.64,13.71,2.33,0.71
2019-01-23,62.59,25.99,89.88,10.21,2.97,0.79
2019-01-24,7.31,26.49,84.84,16.23,3.49,0.76
2019-01-25,3.82,26.85,83.48,21.5,3.0,0.74
2019-01-26,5.91,27.06,86.19,22.67,2.38,0.71
2019-01-27,15.63,27.09,88.11,14.66,1.93,0.71
2019-01-28,17.88,26.41,87.4,10.18,1.18,0.73
2019-01-29,1.99,26.63,83.39,19.72,1.48,0.72
2019-01-30,1.0,27.69,73.97,25.03,0.64,0.71
2019-01-31,3.42,27.3,77.25,21.73,1.16,0.7
2019-02-01,1.27,26.87,84.14,19.24,1.81,0.69
2019-02-02,5.86,26.97,85.49,20.44,1.9,0.69
2019-02-03,2.49,27.05,85.16,22.43,1.82,0.68
2019-02-04,5.85,26.97,85.07,19.15,2.12,0.68
2019-02-05,3.82,26.91,86.88,14.57,2.15,0.68
2019-02-06,7.16,26.63,88.32,16.38,1.7,0.69
2019-02-07,5.42,26.55,87.98,22.17,1.52,0.69
2019-02-08,3.28,26.5,86.11,20.01,1.45,0.69
2019-02-09,5.19,26.64,82.72,23.15,1.64,0.69
2019-02-10,7.87,26.59,83.46,23.54,1.32,0.7
2019-02-11,11.81,26.84,83.33,22.06,1.43,0.69
2019-02-12,51.4,26.53,83.75,16.04,1.12,0.73
2019-02-13,12.1,26.64,82.35,11.84,1.23,0.78
2019-02-14,1.08,27.57,76.34,24.77,0.97,0.75
2019-02-15,1.36,27.44,78.67,24.95,1.42,0.72
2019-02-16,0.27,27.94,73.11,25.39,1.0,0.71
2019-02-17,1.19,27.88,72.62,25.36,0.63,0.7
2019-02-18,53.55,27.4,81.48,18.39,1.02,0.72
2019-02-19,5.33,27.71,79.15,18.3,0.73,0.76
2019-02-20,3.01,27.09,85.47,20.69,0.64,0.74
2019-02-21,2.35,27.3,82.22,22.57,0.8,0.73
2019-02-22,2.9,26.85,83.88,22.81,1.05,0.72
2019-02-23,1.16,27.6,77.58,25.43,1.07,0.72
2019-02-24,1.17,28.11,77.69,25.63,1.09,0.71
2019-02-25,0.79,28.62,75.93,25.36,0.79,0.7
2019-02-26,0.42,28.23,79.73,26.64,1.55,0.69
2019-02-27,0.99,28.31,80.68,22.22,1.44,0.69
2019-02-28,9.35,28.31,80.95,19.87,1.14,0.69
2019-03-01,0.6,28.23,77.89,22.47,0.94,0.7
2019-03-02,0.82,27.96,77.18,21.7,0.78,0.69
2019-03-03,3.99,27.88,79.62,21.08,0.91,0.69
2019-03-04,11.4,26.35,87.48,19.13,1.39,0.7
2019-03-05,7.57,27.68,76.82,19.86,0.78,0.71
2019-03-06,10.6,27.42,85.47,12.86,1.23,0.72
2019-03-07,26.03,26.12,89.96,9.93,1.12,0.74
2019-03-08,4.57,26.73,84.79,17.87,1.22,0.75
2019-03-09,3.55,27.44,80.51,20.7,1.36,0.74
2019-03-10,0.94,27.31,82.04,24.29,1.45,0.72
2019-03-11,2.74,27.1,83.19,24.2,0.95,0.72
2019-03-12,10.99,27.78,77.96,21.74,0.56,0.72
2019-03-13,17.36,26.87,82.23,19.42,0.82,0.74
2019-03-14,5.01,26.22,82.76,18.13,1.66,0.74
2019-03-15,11.71,25.52,87.9,17.03,1.93,0.74
2019-03-16,16.11,25.7,86.32,16.28,1.55,0.75
2019-03-17,13.8,25.48,90.44,19.24,1.74,0.76
2019-03-18,5.82,25.49,90.14,16.45,1.49,0.76
2019-03-19,6.5,26.38,86.34,21.21,1.5,0.76
2019-03-20,3.35,26.57,88.08,19.34,1.69,0.75
2019-03-21,23.2,26.66,91.13,17.93,1.71,0.76
2019-03-22,29.9,27.05,88.74,18.06,1.38,0.81
2019-03-23,48.66,26.48,92.01,11.32,1.4,0.82
2019-03-24,12.57,26.57,85.73,15.2,1.71,0.83
2019-03-25,4.69,27.02,84.74,16.28,1.29,0.82
2019-03-26,12.62,27.21,84.85,19.82,0.98,0.82
2019-03-27,12.39,26.86,85.07,20.28,1.29,0.83
2019-03-28,1.5,26.76,83.28,22.51,1.08,0.82
2019-03-29,2.08,26.94,82.17,20.64,1.22,0.81
2019-03-30,0.79,28.12,76.07,23.34,0.86,0.8
2019-03-31,0.74,27.31,80.93,23.89,1.3,0.8
2019-04-01,2.9,27.53,76.22,21.74,1.0,0.79
2019-04-02,4.14,27.38,78.45,22.28,1.18,0.79
2019-04-03,1.71,26.96,82.53,20.74,1.51,0.78
2019-04-04,5.47,26.39,87.52,18.67,1.57,0.78
2019-04-05,9.06,26.65,85.49,18.44,1.17,0.79
2019-04-06,2.63,26.74,83.26,17.47,1.31,0.79
2019-04-07,0.25,26.59,79.9,24.69,1.51,0.78
2019-04-08,0.75,27.15,81.0,22.69,1.25,0.77
2019-04-09,7.24,27.76,81.4,17.39,0.73,0.77
2019-04-10,35.82,26.29,87.55,18.78,1.26,0.81
2019-04-11,3.19,27.06,82.84,18.66,1.26,0.81
2019-04-12,31.34,26.36,91.83,17.86,1.42,0.83
2019-04-13,3.62,27.43,87.07,19.37,1.28,0.84
2019-04-14,2.18,27.02,88.32,18.07,0.69,0.83
2019-04-15,1.58,27.35,82.17,20.06,0.9,0.83
2019-04-16,1.61,27.38,85.4,19.51,1.73,0.82
2019-04-17,0.81,27.14,84.12,21.03,2.06,0.81
2019-04-18,0.08,26.95,83.0,23.8,2.03,0.8
2019-04-19,1.02,26.77,84.89,23.26,2.07,0.79
2019-04-20,1.17,26.83,83.37,21.28,2.2,0.79
2019-04-21,1.15,26.78,83.93,19.76,2.12,0.78
2019-04-22,2.26,27.03,85.13,22.17,2.18,0.78
2019-04-23,1.41,26.72,85.04,22.3,2.3,0.77
2019-04-24,1.06,26.87,83.87,22.22,2.16,0.76
2019-04-25,2.75,26.58,85.35,20.47,2.09,0.76
2019-04-26,3.51,26.78,85.71,21.84,1.91,0.76
2019-04-27,5.37,26.94,85.94,18.87,1.88,0.75
2019-04-28,3.19,26.58,85.95,17.97,1.71,0.76
2019-04-29,4.7,26.61,86.36,11.82,1.14,0.75
2019-04-30,12.52,26.99,87.49,17.74,1.49,0.76
2019-05-01,2.38,26.66,84.72,18.97,1.29,0.77
2019-05-02,2.17,26.67,85.91,17.77,1.37,0.76
2019-05-03,0.31,26.44,87.95,21.66,1.69,0.76
2019-05-04,1.72,26.7,83.92,21.41,1.5,0.75
2019-05-05,2.21,27.0,85.44,21.31,1.88,0.75
2019-05-06,1.18,26.78,86.2,19.9,1.94,0.74
2019-05-07,0.06,26.37,84.73,20.99,2.03,0.73
2019-05-08,0.05,25.86,80.7,22.22,2.0,0.73
2019-05-09,0.49,25.74,82.48,20.02,2.15,0.72
2019-05-10,0.43,25.5,82.39,20.77,2.29,0.72
2019-05-11,0.34,25.47,81.97,21.68,2.16,0.71
2019-05-12,0.37,25.7,84.59,20.77,1.88,0.71
2019-05-13,0.75,25.96,85.65,21.52,1.85,0.71
2019-05-14,0.48,25.79,85.09,21.03,2.05,0.7
2019-05-15,0.77,25.76,84.92,21.59,2.11,0.7
2019-05-16,0.71,25.68,85.12,19.43,1.87,0.7
2019-05-17,0.29,25.29,85.07,20.7,1.9,0.69
2019-05-18,0.26,25.01,83.86,21.08,1.73,0.69
2019-05-19,0.48,25.38,84.72,21.56,2.03,0.69
2019-05-20,1.23,25.91,85.74,20.66,2.05,0.69
2019-05-21,0.95,25.98,86.45,21.11,2.09,0.68
2019-05-22,0.93,26.12,86.67,20.37,2.24,0.68
2019-05-23,0.49,26.22,86.13,20.03,2.08,0.68
2019-05-24,0.23,25.34,83.83,21.38,2.2,0.67
2019-05-25,1.04,25.44,85.14,20.87,2.17,0.67
2019-05-26,1.36,25.43,85.51,19.85,2.1,0.67
2019-05-27,0.74,25.56,85.1,19.58,2.03,0.67
2019-05-28,0.71,25.74,86.08,18.82,2.06,0.66
2019-05-29,0.84,25.49,84.93,19.52,2.35,0.66
2019-05-30,0.71,25.15,83.58,20.31,2.55,0.66
2019-05-31,0.36,25.03,81.67,18.76,2.59,0.66
2019-06-01,1.7,24.9,83.96,18.34,2.57,0.65
2019-06-02,1.98,24.83,85.52,18.89,2.3,0.65
2019-06-03,4.68,25.12,87.53,15.92,2.23,0.66
2019-06-04,2.58,25.19,85.94,16.35,2.19,0.66
2019-06-05,2.13,25.22,86.73,19.1,2.08,0.66
2019-06-06,0.53,25.02,85.08,19.61,2.11,0.66
2019-06-07,0.13,25.21,84.85,18.54,1.86,0.65
2019-06-08,2.94,25.08,86.14,18.43,1.79,0.65
2019-06-09,6.14,25.06,87.48,17.75,1.96,0.65
2019-06-10,4.68,25.33,86.14,19.57,1.88,0.66
2019-06-11,0.97,25.19,87.57,17.96,2.05,0.66
2019-06-12,1.67,25.16,86.9,18.62,2.34,0.65
2019-06-13,2.84,25.21,88.54,12.84,2.29,0.65
2019-06-14,1.85,25.28,88.04,14.67,2.2,0.65
2019-06-15,0.68,24.63,85.54,20.21,2.3,0.65
2019-06-16,0.74,24.32,85.12,17.74,2.04,0.64
2019-06-17,0.36,23.99,85.03,20.64,2.06,0.64
2019-06-18,0.47,24.32,83.39,20.57,1.88,0.64
2019-06-19,0.45,24.22,83.68,19.65,1.86,0.63
2019-06-20,0.08,24.4,82.36,18.85,1.92,0.63
2019-06-21,0.04,24.32,81.04,19.71,1.86,0.62
2019-06-22,0.03,24.17,82.92,18.98,1.94,0.62
2019-06-23,0.08,24.06,84.7,19.37,2.07,0.62
2019-06-24,0.28,24.41,84.25,19.88,1.94,0.62
2019-06-25,0.39,24.37,85.25,19.56,2.16,0.62
2019-06-26,0.03,23.73,82.17,20.41,2.2,0.61
2019-06-27,0.3,23.67,82.19,19.76,2.15,0.61
2019-06-28,0.16,23.45,78.71,20.16,2.4,0.61
2019-06-29,0.16,23.34,76.9,21.26,2.53,0.6
2019-06-30,0.1,23.59,80.67,19.67,2.08,0.6
2019-07-01,0.92,24.32,86.84,17.05,1.94,0.6
2019-07-02,1.03,24.94,86.79,16.09,1.77,0.6
2019-07-03,1.78,24.9,88.25,14.07,1.98,0.6
2019-07-04,0.21,24.84,84.98,16.8,1.97,0.6
2019-07-05,0.03,24.29,83.54,18.82,1.98,0.6
2019-07-06,0.06,23.62,81.05,21.48,2.29,0.59
2019-07-07,0.0,23.39,80.46,21.46,2.43,0.59
2019-07-08,0.07,23.51,79.29,20.93,2.37,0.58
2019-07-09,0.59,23.65,85.1,19.39,2.08,0.58
2019-07-10,0.97,23.77,83.43,19.48,2.17,0.58
2019-07-11,0.16,24.09,81.42,20.44,2.06,0.58
2019-07-12,0.25,24.06,81.79,20.32,2.24,0.58
2019-07-13,0.2,23.39,78.57,21.05,2.3,0.57
2019-07-14,0.31,23.65,81.86,19.91,2.2,0.57
2019-07-15,0.3,23.88,79.87,20.13,2.52,0.57
2019-07-16,1.06,23.37,84.1,19.56,2.3,0.56
2019-07-17,0.74,23.79,83.84,18.7,2.19,0.56
2019-07-18,0.14,24.54,83.01,17.97,2.08,0.56
2019-07-19,0.73,24.71,86.42,14.32,1.91,0.56
2019-07-20,0.68,24.74,86.14,18.91,2.06,0.56
2019-07-21,0.33,24.1,84.1,19.82,2.06,0.56
2019-07-22,0.32,23.85,85.21,19.95,2.13,0.55
2019-07-23,0.17,23.94,82.08,21.27,2.07,0.55
2019-07-24,0.11,23.85,83.2,19.48,1.96,0.55
2019-07-25,0.46,23.68,82.73,20.28,2.29,0.55
2019-07-26,0.0,24.12,79.77,21.44,1.98,0.55
2019-07-27,0.14,24.25,81.87,21.61,2.04,0.54
2019-07-28,0.47,24.17,82.0,21.49,2.08,0.54
2019-07-29,0.71,24.06,83.31,21.26,2.17,0.54
2019-07-30,0.39,24.03,83.1,22.1,2.29,0.54
2019-07-31,0.44,24.25,82.74,21.19,2.14,0.54
2019-08-01,0.46,24.31,83.74,20.65,2.23,0.53
2019-08-02,0.33,24.08,82.52,21.1,2.36,0.53
2019-08-03,0.12,23.62,79.19,20.88,2.76,0.53
2019-08-04,0.03,23.02,73.21,22.14,2.31,0.53
2019-08-05,0.22,23.06,77.11,21.88,2.2,0.52
2019-08-06,0.35,23.85,79.8,20.81,1.99,0.52
2019-08-07,0.73,23.66,82.42,20.45,2.09,0.52
2019-08-08,0.52,23.66,81.29,20.95,2.17,0.52
2019-08-09,0.11,23.83,81.28,20.41,2.18,0.52
2019-08-10,0.19,24.42,80.03,20.51,1.71,0.52
2019-08-11,0.04,24.59,82.47,19.89,1.59,0.52
2019-08-12,0.38,25.35,83.61,21.01,1.56,0.51
2019-08-13,0.5,25.3,84.08,20.24,1.62,0.51
2019-08-14,0.14,25.34,79.74,20.8,1.72,0.51
2019-08-15,0.0,24.78,75.21,22.21,2.0,0.51
2019-08-16,0.13,24.2,80.08,22.08,2.27,0.5
2019-08-17,0.6,23.93,80.85,21.12,2.31,0.5
2019-08-18,0.24,23.85,76.49,21.65,2.44,0.5
2019-08-19,0.15,24.03,77.47,22.48,2.21,0.5
2019-08-20,0.33,24.36,80.92,22.11,2.09,0.5
2019-08-21,0.31,24.86,83.21,21.94,1.98,0.5
2019-08-22,0.47,24.33,80.48,21.84,2.35,0.5
2019-08-23,0.73,24.01,81.6,20.3,2.29,0.5
2019-08-24,0.64,24.53,82.48,18.72,1.96,0.49
2019-08-25,0.7,24.47,83.85,20.01,1.97,0.49
2019-08-26,0.09,24.36,78.31,20.28,1.88,0.49
2019-08-27,0.32,23.89,81.56,21.92,2.09,0.49
2019-08-28,0.31,24.46,79.91,23.36,2.28,0.49
2019-08-29,0.71,24.6,79.77,23.8,2.24,0.49
2019-08-30,0.62,24.19,77.45,23.45,2.35,0.49
2019-08-31,0.04,23.96,74.96,23.18,2.55,0.49
2019-09-01,0.01,24.6,75.4,23.3,2.2,0.49
2019-09-02,0.03,24.71,74.02,24.55,2.05,0.48
2019-09-03,0.17,24.72,77.47,25.33,1.86,0.48
2019-09-04,0.07,24.15,78.51,23.84,1.98,0.48
2019-09-05,0.12,24.48,79.17,22.21,1.92,0.48
2019-09-06,0.35,24.65,81.57,22.54,2.06,0.48
2019-09-07,0.27,24.77,80.41,22.1,2.21,0.48
2019-09-08,0.16,25.13,77.87,21.84,2.03,0.48
2019-09-09,0.22,25.26,78.63,24.52,1.95,0.47
2019-09-10,0.08,24.87,79.4,24.55,2.11,0.47
2019-09-11,0.13,24.28,76.38,25.4,2.29,0.47
2019-09-12,0.36,24.03,73.67,22.55,2.48,0.47
2019-09-13,0.17,24.74,75.13,24.32,2.21,0.47
2019-09-14,0.06,24.8,75.05,22.18,2.05,0.47
2019-09-15,0.49,24.81,78.33,22.95,2.06,0.47
2019-09-16,0.11,25.33,77.07,23.45,1.71,0.47
2019-09-17,0.27,25.47,76.95,24.27,1.88,0.46
2019-09-18,0.2,25.11,79.94,24.3,2.07,0.46
2019-09-19,0.78,24.92,81.71,22.97,1.83,0.46
2019-09-20,0.11,25.24,78.81,24.53,1.91,0.46
2019-09-21,0.01,24.96,77.69,23.71,1.76,0.46
2019-09-22,0.0,25.22,75.91,25.2,1.81,0.46
2019-09-23,0.04,25.73,76.47,24.39,1.81,0.46
2019-09-24,0.15,26.07,79.29,24.53,1.78,0.46
2019-09-25,0.23,26.1,79.6,24.79,2.22,0.46
2019-09-26,0.57,26.22,78.31,23.31,1.8,0.46
2019-09-27,0.82,25.87,80.72,22.07,2.03,0.46
2019-09-28,0.3,25.83,79.77,23.22,2.21,0.46
2019-09-29,0.34,26.12,77.7,24.41,1.87,0.46
2019-09-30,0.35,25.87,76.34,24.35,1.91,0.45
2019-10-01,0.16,26.1,77.01,24.92,1.85,0.45
2019-10-02,0.52,26.45,76.99,23.85,1.62,0.45
2019-10-03,0.94,26.43,77.98,26.1,1.77,0.45
2019-10-04,0.08,25.53,79.03,26.97,1.77,0.45
2019-10-05,0.1,25.98,74.55,26.02,1.57,0.45
2019-10-06,0.18,26.49,76.14,25.57,1.56,0.45
2019-10-07,0.18,26.47,75.61,25.14,1.83,0.45
2019-10-08,0.03,26.35,76.28,25.48,1.65,0.45
2019-10-09,0.05,26.53,75.34,25.43,1.61,0.44
2019-10-10,0.1,27.05,74.78,25.98,1.55,0.44
2019-10-11,0.07,27.05,71.98,26.45,1.5,0.44
2019-10-12,0.0,26.83,72.33,26.28,1.44,0.44
2019-10-13,0.01,26.86,75.13,25.34,1.52,0.44
2019-10-14,0.02,26.71,75.44,25.56,1.67,0.44
2019-10-15,0.48,26.53,74.78,25.44,1.98,0.44
2019-10-16,0.44,26.14,74.4,25.28,1.91,0.44
2019-10-17,0.63,26.45,74.18,24.57,1.66,0.44
2019-10-18,0.08,26.85,74.61,24.99,1.65,0.44
2019-10-19,0.06,27.4,73.59,25.63,1.55,0.44
2019-10-20,0.52,27.57,76.56,26.22,1.84,0.44
2019-10-21,0.12,27.63,75.23,26.69,1.67,0.44
2019-10-22,0.14,27.75,74.21,26.66,1.54,0.44
2019-10-23,0.04,27.65,72.65,26.68,1.42,0.43
2019-10-24,0.07,27.63,72.01,26.32,1.29,0.43
2019-10-25,0.2,27.55,73.06,24.41,1.48,0.43
2019-10-26,0.04,27.37,72.88,25.89,1.76,0.43
2019-10-27,0.12,27.26,73.83,24.75,1.9,0.43
2019-10-28,0.09,27.61,71.73,25.12,1.61,0.43
2019-10-29,0.11,27.58,71.58,25.38,1.52,0.43
2019-10-30,0.54,27.55,75.37,25.14,1.92,0.43
2019-10-31,0.88,27.59,75.52,24.52,1.82,0.43
2019-11-01,0.65,27.22,75.94,23.66,1.77,0.43
2019-11-02,6.75,27.06,76.43,22.68,1.96,0.43
2019-11-03,2.32,26.85,77.89,24.11,1.93,0.45
2019-11-04,0.5,27.16,75.08,26.09,1.93,0.45
2019-11-05,0.03,27.32,71.27,26.69,1.59,0.45
2019-11-06,0.11,27.26,72.71,25.5,1.43,0.44
2019-11-07,0.02,27.82,70.6,26.4,1.31,0.44
2019-11-08,0.15,28.14,73.46,23.93,1.36,0.44
2019-11-09,0.15,28.03,74.14,25.19,1.57,0.44
2019-11-10,0.99,28.31,71.82,25.19,1.4,0.44
2019-11-11,1.04,27.95,73.99,25.49,1.41,0.44
2019-11-12,0.49,28.48,74.68,23.69,1.27,0.44
2019-11-13,0.45,29.02,72.89,23.84,1.32,0.44
2019-11-14,0.08,28.41,71.79,27.06,1.42,0.43
2019-11-15,0.05,28.02,71.82,24.98,1.47,0.43
2019-11-16,0.12,28.62,70.75,24.95,1.27,0.43
2019-11-17,0.1,29.05,69.3,26.11,1.34,0.43
2019-11-18,0.03,28.92,70.08,26.23,1.28,0.43
2019-11-19,0.05,28.93,68.47,22.78,1.19,0.43
2019-11-20,0.13,27.95,72.19,22.11,1.58,0.43
2019-11-21,0.04,28.55,71.14,24.12,1.48,0.43
2019-11-22,0.43,28.65,73.36,23.91,1.73,0.43
2019-11-23,1.69,28.93,71.12,24.8,1.47,0.43
2019-11-24,2.46,28.49,71.82,24.97,1.27,0.43
2019-11-25,0.15,28.17,71.39,23.7,1.44,0.43
2019-11-26,0.06,28.14,71.47,26.18,1.35,0.43
2019-11-27,0.16,28.65,70.43,23.48,1.08,0.43
2019-11-28,0.16,28.88,71.96,22.57,1.61,0.43
2019-11-29,0.14,29.26,71.57,22.98,1.87,0.43
2019-11-30,0.65,29.14,74.33,24.19,1.34,0.43
2019-12-01,0.77,29.66,70.59,24.05,1.29,0.43
2019-12-02,0.07,29.12,71.18,22.51,1.4,0.42
2019-12-03,0.54,27.84,75.31,24.52,1.38,0.42
2019-12-04,3.6,26.48,78.79,20.32,1.2,0.43
2019-12-05,0.73,29.16,73.18,20.99,0.91,0.43
2019-12-06,0.7,29.43,72.33,23.68,0.77,0.43
2019-12-07,1.57,28.95,75.84,22.96,1.44,0.43
2019-12-08,0.95,29.57,71.36,27.19,1.5,0.43
2019-12-09,0.61,29.62,68.6,25.45,1.38,0.43
2019-12-10,1.73,29.41,69.61,24.62,1.26,0.43
2019-12-11,1.46,28.95,72.92,24.22,1.36,0.43
2019-12-12,4.6,29.41,70.15,22.66,0.78,0.43
2019-12-13,3.9,28.67,74.42,20.21,0.79,0.45
2019-12-14,5.79,28.48,75.58,21.95,0.49,0.45
2019-12-15,10.49,27.93,80.38,20.84,0.82,0.47
2019-12-16,4.08,28.62,76.05,20.76,1.13,0.48
2019-12-17,2.8,28.85,76.14,21.72,1.45,0.48
2019-12-18,1.98,28.88,75.37,22.23,1.24,0.47
2019-12-19,3.15,29.1,75.84,22.29,1.06,0.47
2019-12-20,1.09,29.09,74.4,23.6,1.05,0.47
2019-12-21,4.78,29.4,71.76,24.33,0.85,0.47
2019-12-22,3.41,29.47,68.9,23.03,0.86,0.47
2019-12-23,3.76,28.47,75.86,23.74,1.03,0.47
2019-12-24,0.89,29.33,73.16,22.1,1.02,0.47
2019-12-25,3.96,29.46,73.73,23.34,1.01,0.47
2019-12-26,9.17,28.35,79.32,21.79,1.04,0.48
2019-12-27,8.95,28.87,70.7,17.14,1.0,0.49
2019-12-28,5.58,28.47,77.7,20.8,0.96,0.5
2019-12-29,4.35,28.58,79.09,17.93,0.97,0.5
2019-12-30,5.54,28.83,76.68,20.98,0.97,0.5
2019-12-31,6.07,28.41,77.34,18.6,0.72,0.5
2020-01-01,13.47,27.22,85.69,9.26,1.17,0.52
2020-01-02,6.6,27.21,81.17,18.99,1.27,0.52
2020-01-03,7.3,27.13,84.61,15.13,2.08,0.53
2020-01-04,50.38,26.76,90.21,8.45,2.8,0.59
2020-01-05,16.92,27.43,84.7,18.11,2.84,0.63
2020-01-06,4.0,27.32,86.14,18.45,2.42,0.62
2020-01-07,6.61,27.16,85.45,16.22,2.25,0.6
2020-01-08,10.41,27.56,82.36,19.0,2.18,0.6
2020-01-09,5.93,26.74,83.78,23.46,2.16,0.6
2020-01-10,0.24,27.35,79.4,26.77,1.96,0.58
2020-01-11,1.36,27.2,78.92,22.92,2.02,0.56
2020-01-12,22.34,27.07,86.2,18.57,2.48,0.58
2020-01-13,4.95,27.04,86.87,18.14,2.31,0.59
2020-01-14,4.69,27.83,79.23,22.87,1.41,0.58
2020-01-15,5.12,28.16,75.38,25.42,1.14,0.57
2020-01-16,1.02,27.65,78.29,25.91,1.41,0.56
2020-01-17,2.3,27.43,78.12,26.03,1.64,0.55
2020-01-18,1.27,27.64,79.24,26.12,1.75,0.54
2020-01-19,0.4,27.62,79.06,25.48,1.78,0.53
2020-01-20,0.18,27.67,78.95,22.98,1.77,0.52
2020-01-21,0.96,27.71,81.77,21.54,1.4,0.52
2020-01-22,0.24,28.53,76.01,25.27,1.53,0.51
2020-01-23,4.15,28.58,75.37,26.25,1.22,0.51
2020-01-24,4.08,28.48,75.1,25.16,1.15,0.51
2020-01-25,4.81,28.57,73.43,25.41,1.21,0.51
2020-01-26,2.5,28.72,75.55,25.58,1.16,0.51
2020-01-27,2.05,28.92,75.96,25.12,0.99,0.51
2020-01-28,1.74,28.49,79.41,25.43,1.14,0.51
2020-01-29,1.42,28.48,81.03,23.63,1.35,0.5
2020-01-30,6.66,27.63,86.57,14.82,1.8,0.51
2020-01-31,4.46,27.54,84.08,21.44,1.69,0.51
2020-02-01,4.05,27.76,80.18,20.11,1.41,0.52
2020-02-02,1.25,28.77,70.56,22.69,0.92,0.52
2020-02-03,0.84,28.29,73.77,25.39,1.35,0.51
2020-02-04,0.03,28.31,66.6,23.75,1.28,0.5
2020-02-05,0.41,28.35,75.49,24.32,1.63,0.5
2020-02-06,7.29,28.51,79.32,23.52,1.76,0.49
2020-02-07,18.48,27.99,80.38,19.97,1.62,0.51
2020-02-08,5.97,27.78,80.3,18.32,1.6,0.54
2020-02-09,8.23,27.03,82.29,9.31,1.73,0.55
2020-02-10,22.88,27.14,83.68,23.35,1.93,0.57
2020-02-11,23.06,27.1,81.66,20.72,1.22,0.61
2020-02-12,0.91,28.16,76.12,24.58,1.13,0.61
2020-02-13,2.17,28.03,76.05,24.22,1.01,0.59
2020-02-14,1.76,28.21,75.78,22.05,0.99,0.57
2020-02-15,1.4,28.47,75.6,25.3,1.07,0.56
2020-02-16,3.07,27.71,81.42,21.45,1.08,0.55
2020-02-17,9.38,27.25,86.71,17.24,1.59,0.56
2020-02-18,6.51,27.31,82.3,16.41,1.6,0.57
2020-02-19,4.59,27.07,84.62,16.23,1.58,0.57
2020-02-20,13.18,26.67,87.22,10.18,1.9,0.57
2020-02-21,18.66,26.53,86.13,12.92,1.83,0.61
2020-02-22,4.84,27.19,82.45,20.47,2.3,0.6
2020-02-23,2.28,27.49,81.58,24.6,1.76,0.59
2020-02-24,2.71,28.17,78.09,23.4,1.43,0.58
2020-02-25,7.34,27.93,80.2,20.59,1.28,0.57
2020-02-26,7.65,27.77,85.21,17.85,1.65,0.59
2020-02-27,2.51,27.86,84.78,21.18,1.66,0.58
2020-02-28,4.39,27.46,86.11,22.15,1.77,0.58
2020-02-29,13.05,27.2,88.71,17.33,1.8,0.59
2020-03-01,9.65,26.54,91.09,10.49,1.7,0.6
2020-03-02,4.38,28.02,79.5,22.64,1.23,0.6
2020-03-03,6.46,27.75,83.77,20.12,1.24,0.6
2020-03-04,11.49,27.12,89.49,14.33,1.5,0.61
2020-03-05,11.0,27.22,85.9,20.8,1.55,0.61
2020-03-06,12.79,26.57,85.29,12.52,1.27,0.62
2020-03-07,14.34,26.64,76.18,18.08,0.9,0.63
2020-03-08,57.6,26.88,84.96,16.45,1.25,0.7
2020-03-09,9.63,26.8,85.05,16.87,0.85,0.71
2020-03-10,7.53,27.21,83.02,21.45,0.94,0.71
2020-03-11,4.96,27.79,82.53,22.32,1.08,0.69
2020-03-12,2.22,28.22,78.36,20.81,0.81,0.67
2020-03-13,11.09,26.99,85.84,13.86,1.38,0.66
2020-03-14,7.94,26.87,84.45,18.47,0.96,0.67
2020-03-15,1.5,28.39,77.02,23.53,0.77,0.66
2020-03-16,8.08,28.05,81.14,22.14,1.27,0.65
2020-03-17,3.0,27.65,83.25,21.02,1.33,0.64
2020-03-18,2.92,27.61,83.25,21.09,1.33,0.64
2020-03-19,1.91,27.56,84.65,22.52,1.64,0.63
2020-03-20,1.33,28.21,78.07,23.73,1.23,0.62
2020-03-21,4.79,28.04,78.19,22.41,0.75,0.61
2020-03-22,10.76,27.57,82.23,21.48,1.01,0.63
2020-03-23,8.93,27.45,81.35,20.64,0.96,0.63
2020-03-24,5.87,27.31,82.4,23.16,1.34,0.64
2020-03-25,0.57,27.59,80.27,25.1,1.69,0.63
2020-03-26,0.97,27.89,81.1,24.15,1.49,0.62
2020-03-27,6.24,28.05,82.49,11.8,1.03,0.61
2020-03-28,1.73,27.91,80.15,20.03,0.85,0.61
2020-03-29,4.01,27.17,86.5,20.0,1.2,0.62
2020-03-30,1.71,28.01,79.75,23.12,1.5,0.61
2020-03-31,0.7,28.03,79.31,23.49,1.23,0.61
2020-04-01,0.26,28.17,75.81,20.09,1.18,0.6
2020-04-02,0.66,27.82,79.94,20.05,1.38,0.59
2020-04-03,0.68,27.9,81.62,20.09,1.45,0.58
2020-04-04,3.34,27.88,84.17,19.92,1.39,0.58
2020-04-05,5.09,27.44,86.61,12.95,1.31,0.59
2020-04-06,4.1,27.42,84.24,16.72,1.04,0.59
2020-04-07,1.58,27.39,84.41,19.14,1.08,0.6
2020-04-08,2.38,27.35,82.23,19.74,1.12,0.59
2020-04-09,2.43,27.98,78.84,22.73,1.07,0.59
2020-04-10,1.76,27.9,80.34,23.58,1.59,0.59
2020-04-11,4.39,27.45,81.63,18.62,1.73,0.59
2020-04-12,0.66,26.84,79.54,17.36,1.36,0.58
2020-04-13,2.38,27.84,74.76,21.75,0.89,0.58
2020-04-14,3.58,28.03,77.27,20.25,0.99,0.58
2020-04-15,1.91,27.54,82.76,19.03,1.22,0.58
2020-04-16,2.96,27.13,86.36,20.65,1.67,0.58
2020-04-17,2.3,27.89,78.79,17.27,1.46,0.58
2020-04-18,1.49,28.54,77.31,21.03,1.02,0.58
2020-04-19,17.24,27.61,86.91,19.68,1.12,0.58
2020-04-20,5.88,27.9,81.74,21.59,1.01,0.61
2020-04-21,0.86,27.87,80.94,22.18,1.79,0.6
2020-04-22,2.63,27.78,83.99,22.22,1.78,0.6
2020-04-23,1.19,27.6,81.85,23.67,2.16,0.59
2020-04-24,1.26,27.46,81.31,22.8,1.96,0.58
2020-04-25,4.45,27.47,83.57,18.0,2.08,0.58
2020-04-26,1.1,27.37,83.62,19.15,1.92,0.58
2020-04-27,0.59,27.18,81.18,21.7,1.66,0.57
2020-04-28,0.39,26.94,81.19,20.63,1.57,0.57
2020-04-29,0.65,27.17,79.47,21.85,1.81,0.56
2020-04-30,0.3,26.98,78.33,21.25,2.03,0.55
2020-05-01,0.79,27.04,78.97,20.33,1.76,0.55
2020-05-02,1.38,27.33,78.81,20.63,1.8,0.55
2020-05-03,1.24,27.47,79.23,21.6,1.86,0.54
2020-05-04,0.69,27.4,79.76,21.34,2.17,0.54
2020-05-05,0.54,27.33,80.83,20.64,1.99,0.53
2020-05-06,0.4,27.49,80.45,21.72,1.8,0.53
2020-05-07,2.66,27.64,84.62,20.76,1.82,0.53
2020-05-08,2.56,27.59,84.9,19.9,1.9,0.53
2020-05-09,0.25,27.43,78.28,21.43,2.07,0.53
2020-05-10,0.4,27.08,76.85,20.93,1.78,0.53
2020-05-11,0.17,26.88,77.43,21.26,1.91,0.52
2020-05-12,1.0,26.81,80.86,21.44,2.08,0.52
2020-05-13,0.88,26.77,79.1,20.34,2.29,0.52
2020-05-14,0.6,26.86,79.07,19.35,2.28,0.51
2020-05-15,1.28,26.82,82.02,18.7,2.18,0.51
2020-05-16,2.68,26.72,85.26,19.13,2.23,0.51
2020-05-17,1.0,26.86,83.82,19.1,2.14,0.51
2020-05-18,3.65,26.8,88.87,16.53,1.78,0.51
2020-05-19,3.75,26.61,86.78,10.01,1.69,0.52
2020-05-20,8.2,25.86,88.74,10.79,2.43,0.53
2020-05-21,1.85,26.19,82.99,10.86,1.83,0.54
2020-05-22,4.77,26.51,84.98,16.61,1.08,0.54
2020-05-23,6.27,26.74,83.95,16.74,0.73,0.54
2020-05-24,4.14,27.06,83.92,15.38,0.88,0.55
2020-05-25,4.07,27.36,86.38,15.25,0.8,0.55
2020-05-26,2.66,27.0,84.93,18.69,1.07,0.55
2020-05-27,1.88,27.37,80.57,16.88,0.92,0.55
2020-05-28,40.88,26.24,89.86,16.9,1.2,0.56
2020-05-29,37.13,26.08,91.9,15.32,1.37,0.68
2020-05-30,3.42,26.76,87.47,18.58,1.71,0.68
2020-05-31,3.99,27.26,86.93,19.07,1.69,0.66
2020-06-01,1.18,26.53,84.76,20.2,2.25,0.64
2020-06-02,1.47,26.62,85.43,20.1,1.97,0.62
2020-06-03,0.74,26.47,82.99,20.16,2.18,0.61
2020-06-04,3.19,25.75,83.56,20.22,2.51,0.6
2020-06-05,1.9,25.71,82.49,19.95,2.32,0.59
2020-06-06,3.0,25.5,86.67,15.08,2.38,0.59
2020-06-07,1.37,25.48,83.88,16.71,2.09,0.58
2020-06-08,0.04,25.38,78.02,20.02,1.86,0.57
2020-06-09,0.32,25.44,81.21,19.26,1.87,0.57
2020-06-10,0.3,26.15,81.52,20.84,1.68,0.56
2020-06-11,0.42,26.32,81.15,20.09,1.74,0.55
2020-06-12,0.16,26.58,81.54,20.05,1.7,0.55
2020-06-13,0.88,26.75,82.8,15.36,1.75,0.54
2020-06-14,2.43,26.67,86.69,17.13,2.04,0.54
2020-06-15,0.28,26.56,82.38,19.42,2.17,0.54
2020-06-16,0.08,26.42,81.18,18.79,2.08,0.53
2020-06-17,2.48,26.43,83.85,17.92,2.27,0.53
2020-06-18,1.06,26.23,81.91,19.32,2.48,0.53
2020-06-19,1.63,26.0,82.62,18.43,2.39,0.53
2020-06-20,0.89,25.96,81.03,17.78,2.36,0.52
2020-06-21,0.97,25.89,81.34,17.9,2.43,0.52
2020-06-22,2.0,26.0,80.82,19.1,2.05,0.52
2020-06-23,1.24,25.72,80.85,19.74,2.31,0.52
2020-06-24,0.86,25.34,77.79,20.0,2.59,0.52
2020-06-25,0.67,25.21,79.91,18.22,2.1,0.51
2020-06-26,0.44,25.3,81.64,19.6,1.86,0.51
2020-06-27,1.55,25.45,84.34,18.2,1.92,0.51
2020-06-28,0.18,25.65,79.72,18.45,1.99,0.51
2020-06-29,0.35,25.57,79.71,17.74,2.02,0.51
2020-06-30,0.27,25.36,79.65,18.86,2.06,0.5
2020-07-01,0.9,24.9,83.55,19.29,2.18,0.5
2020-07-02,0.46,24.99,81.17,20.18,2.11,0.5
2020-07-03,0.94,25.0,80.72,19.0,2.35,0.5
2020-07-04,0.6,25.69,80.78,20.25,2.13,0.5
2020-07-05,1.06,25.86,82.28,15.27,2.32,0.49
2020-07-06,2.03,25.31,83.62,13.48,2.37,0.49
2020-07-07,1.64,25.14,84.16,19.65,2.2,0.5
2020-07-08,2.39,25.08,85.75,18.79,2.39,0.5
2020-07-09,1.94,25.2,83.6,16.65,2.37,0.5
2020-07-10,1.08,25.38,82.05,17.55,2.22,0.5
2020-07-11,0.34,25.31,80.96,16.96,2.17,0.5
2020-07-12,0.79,25.31,81.38,17.66,2.07,0.49
2020-07-13,0.84,25.62,83.74,18.87,1.74,0.49
2020-07-14,0.97,25.69,82.86,18.56,2.13,0.49
2020-07-15,0.06,25.19,79.1,20.04,2.4,0.49
2020-07-16,0.07,25.29,75.99,20.87,2.05,0.49
2020-07-17,0.2,25.55,79.96,19.45,1.71,0.48
2020-07-18,0.73,25.51,82.31,18.19,1.87,0.48
2020-07-19,2.22,25.4,84.48,17.23,2.15,0.48
2020-07-20,1.75,25.57,81.42,18.35,2.11,0.48
2020-07-21,1.66,25.59,80.81,19.55,2.01,0.48
2020-07-22,0.44,25.53,78.35,20.83,2.25,0.48
2020-07-23,0.17,25.19,77.15,20.49,2.54,0.48
2020-07-24,0.24,24.65,75.89,21.68,2.59,0.48
2020-07-25,0.18,24.35,73.27,20.21,2.46,0.47
2020-07-26,0.11,24.68,74.95,20.48,2.47,0.47
2020-07-27,0.29,24.64,78.67,20.72,2.41,0.47
2020-07-28,0.72,24.27,79.08,19.75,2.51,0.47
2020-07-29,0.15,24.08,70.85,21.12,2.17,0.47
2020-07-30,2.76,24.13,80.24,20.02,2.18,0.47
2020-07-31,0.87,24.38,78.69,20.09,2.3,0.47
2020-08-01,0.4,24.14,76.13,19.43,2.33,0.47
2020-08-02,0.14,24.89,72.08,21.14,1.89,0.47
2020-08-03,0.53,25.12,77.26,18.89,1.75,0.47
2020-08-04,0.84,24.65,80.13,19.76,1.89,0.46
2020-08-05,0.52,24.53,78.07,14.53,2.14,0.46
2020-08-06,0.45,24.4,77.91,21.32,2.01,0.46
2020-08-07,1.15,24.33,79.6,19.89,1.94,0.46
2020-08-08,1.11,24.56,80.56,19.36,1.88,0.46
2020-08-09,0.22,25.62,79.53,20.97,1.43,0.46
2020-08-10,1.12,26.01,81.83,19.41,1.18,0.46
2020-08-11,0.7,26.4,82.06,18.43,1.45,0.46
2020-08-12,1.44,26.25,84.04,20.69,1.53,0.46
2020-08-13,0.91,25.87,83.41,18.27,1.98,0.46
2020-08-14,4.97,26.0,83.9,20.88,1.89,0.46
2020-08-15,6.16,25.95,82.13,21.99,2.02,0.48
2020-08-16,3.38,25.4,82.23,21.2,2.04,0.48
2020-08-17,5.54,25.24,84.3,20.67,2.23,0.48
2020-08-18,4.21,25.11,81.64,21.24,2.38,0.49
2020-08-19,2.08,24.82,79.46,20.08,2.35,0.49
2020-08-20,0.3,24.85,79.57,21.83,2.16,0.49
2020-08-21,0.08,25.65,78.05,23.54,1.83,0.48
2020-08-22,0.11,25.76,80.19,23.05,2.05,0.48
2020-08-23,0.02,25.85,77.32,24.08,1.98,0.47
2020-08-24,0.14,25.83,79.3,23.65,1.78,0.47
2020-08-25,0.12,25.96,77.25,23.9,2.25,0.47
2020-08-26,0.07,25.16,77.88,24.53,2.72,0.46
2020-08-27,0.51,25.75,74.99,23.49,2.37,0.46
2020-08-28,0.64,26.13,78.15,21.97,2.09,0.46
2020-08-29,0.37,25.7,74.79,23.48,2.68,0.46
2020-08-30,0.0,25.52,73.19,23.89,2.48,0.46
2020-08-31,0.14,25.87,76.02,23.66,2.4,0.45
2020-09-01,0.14,26.27,78.19,20.76,1.85,0.45
2020-09-02,3.38,26.41,81.3,20.11,2.03,0.45
2020-09-03,2.12,26.72,80.2,22.2,2.12,0.46
2020-09-04,0.43,26.5,78.43,24.62,2.05,0.46
2020-09-05,0.44,26.3,78.64,23.68,1.94,0.45
2020-09-06,0.63,26.49,77.94,23.82,1.78,0.45
2020-09-07,0.25,26.33,77.96,24.07,2.11,0.45
2020-09-08,0.25,26.38,76.87,22.48,2.14,0.45
2020-09-09,0.35,26.5,75.89,24.55,1.95,0.45
2020-09-10,0.77,25.89,78.92,24.07,2.22,0.45
2020-09-11,0.82,25.97,77.2,24.73,2.19,0.45
2020-09-12,0.51,25.95,77.66,24.0,2.17,0.45
2020-09-13,0.2,25.93,75.02,24.22,2.21,0.44
2020-09-14,0.41,26.01,74.4,24.76,1.91,0.44
2020-09-15,0.92,25.86,74.96,24.08,2.13,0.44
2020-09-16,0.89,26.09,76.62,20.99,2.07,0.44
2020-09-17,0.66,26.64,76.56,22.32,1.67,0.44
2020-09-18,0.08,26.96,74.1,24.43,1.65,0.44
2020-09-19,0.78,27.4,76.05,23.97,1.55,0.44
2020-09-20,1.2,26.93,79.86,22.81,1.8,0.44
2020-09-21,3.06,26.56,81.83,20.13,2.16,0.44
2020-09-22,0.67,26.93,79.2,23.4,1.86,0.44
2020-09-23,0.03,27.08,75.59,25.45,1.84,0.44
2020-09-24,0.3,26.99,78.98,23.94,1.45,0.44
2020-09-25,0.23,26.85,76.69,24.95,1.63,0.44
2020-09-26,0.08,27.01,76.81,24.88,2.02,0.44
2020-09-27,0.09,27.09,75.0,23.88,2.04,0.44
2020-09-28,0.47,26.96,77.38,24.38,2.24,0.44
2020-09-29,0.79,26.98,77.09,22.37,2.21,0.44
2020-09-30,0.74,27.3,76.65,23.93,2.03,0.44
2020-10-01,0.35,27.85,74.75,24.51,2.04,0.44
2020-10-02,0.21,27.91,76.4,23.45,1.9,0.44
2020-10-03,0.34,27.5,76.29,23.23,1.89,0.43
2020-10-04,1.29,27.04,75.5,22.42,2.37,0.43
2020-10-05,0.55,27.0,72.08,21.98,2.37,0.43
2020-10-06,1.03,26.26,71.4,21.24,2.47,0.43
2020-10-07,1.18,26.1,72.18,22.32,2.33,0.44
2020-10-08,0.41,26.16,74.27,18.76,2.16,0.44
2020-10-09,5.22,26.65,80.37,19.44,2.01,0.44
2020-10-10,8.36,26.34,85.75,16.58,1.97,0.46
2020-10-11,5.06,27.23,81.22,22.81,1.86,0.46
2020-10-12,1.89,26.92,80.52,23.95,2.25,0.47
2020-10-13,0.47,27.4,78.33,25.12,1.96,0.46
2020-10-14,1.55,27.7,77.46,23.7,1.95,0.46
2020-10-15,1.78,27.55,77.71,22.75,1.77,0.46
2020-10-16,0.06,27.17,74.77,25.36,1.64,0.46
2020-10-17,0.06,26.85,74.54,24.84,1.53,0.45
2020-10-18,0.49,26.88,76.2,23.49,1.73,0.45
2020-10-19,7.46,26.83,81.1,20.3,1.73,0.45
2020-10-20,2.71,27.49,79.33,23.21,1.53,0.46
2020-10-21,2.08,27.4,80.11,22.85,1.72,0.46
2020-10-22,1.16,27.38,78.13,24.11,1.89,0.46
2020-10-23,1.42,27.29,78.81,22.91,2.03,0.46
2020-10-24,1.51,27.63,77.27,23.58,1.83,0.46
2020-10-25,1.88,27.92,78.39,23.06,1.77,0.46
2020-10-26,0.55,27.89,76.84,24.28,1.86,0.46
2020-10-27,2.95,27.88,76.33,21.36,1.85,0.45
2020-10-28,4.47,27.14,80.95,22.15,1.86,0.46
2020-10-29,4.13,27.38,81.96,20.1,1.92,0.46
2020-10-30,6.52,26.7,85.68,22.68,1.37,0.47
2020-10-31,7.68,25.94,79.11,17.76,1.5,0.48
2020-11-01,3.26,27.5,68.27,20.02,1.33,0.49
2020-11-02,11.65,27.58,78.17,21.81,1.39,0.49
2020-11-03,2.82,28.01,77.67,23.52,1.53,0.5
2020-11-04,2.7,27.66,83.15,20.7,1.67,0.5
2020-11-05,0.44,27.82,81.09,25.0,1.52,0.49
2020-11-06,0.1,28.28,74.17,25.72,1.14,0.48
2020-11-07,0.28,28.21,72.98,26.37,1.39,0.48
2020-11-08,0.53,28.46,70.81,26.22,1.13,0.47
2020-11-09,0.92,28.09,74.05,24.7,1.72,0.47
2020-11-10,1.68,28.48,73.84,23.05,1.92,0.46
2020-11-11,9.32,28.01,81.56,21.61,1.93,0.47
2020-11-12,1.88,28.16,81.93,23.67,1.5,0.48
2020-11-13,0.94,28.42,80.64,24.63,1.52,0.48
2020-11-14,1.45,28.17,79.87,22.36,1.52,0.47
2020-11-15,0.49,28.24,74.8,21.63,1.58,0.47
2020-11-16,0.23,28.26,74.39,26.53,2.01,0.47
2020-11-17,0.77,28.42,75.88,22.57,1.96,0.46
2020-11-18,2.82,28.81,77.19,25.66,1.91,0.46
2020-11-19,7.01,28.37,81.73,24.45,1.56,0.47
2020-11-20,5.28,27.98,81.83,20.79,1.77,0.48
2020-11-21,3.15,28.08,80.25,24.38,1.62,0.48
2020-11-22,3.6,27.78,79.77,22.04,1.24,0.48
2020-11-23,4.81,27.86,77.07,19.35,1.0,0.49
2020-11-24,5.89,27.59,78.36,19.65,1.11,0.49
2020-11-25,11.2,27.17,82.77,20.11,1.36,0.49
2020-11-26,19.69,26.4,81.7,15.91,1.06,0.53
2020-11-27,10.31,27.26,80.88,16.68,1.3,0.55
2020-11-28,19.5,26.17,86.87,18.41,0.86,0.57
2020-11-29,10.01,27.09,80.25,20.16,0.62,0.58
2020-11-30,6.07,27.63,77.14,12.05,0.65,0.59
2020-12-01,6.81,27.2,81.01,7.05,0.96,0.58
2020-12-02,4.83,27.5,76.23,12.62,0.73,0.57
2020-12-03,5.62,27.35,80.4,17.68,1.07,0.57
2020-12-04,16.55,26.54,84.23,15.55,1.22,0.57
2020-12-05,26.91,26.72,84.82,16.62,1.35,0.61
2020-12-06,11.36,27.47,77.58,15.86,1.05,0.63
2020-12-07,28.28,27.38,82.59,17.53,1.95,0.62
2020-12-08,7.32,27.17,85.96,20.28,1.75,0.65
2020-12-09,9.85,27.56,85.74,11.3,2.23,0.64
2020-12-10,15.1,27.21,87.42,14.93,2.19,0.65
2020-12-11,14.32,27.16,85.9,18.28,1.7,0.65
2020-12-12,25.95,25.63,91.7,8.43,1.89,0.67
2020-12-13,7.92,26.23,82.63,14.53,1.09,0.68
2020-12-14,21.57,25.94,86.64,12.65,1.17,0.68
2020-12-15,8.43,26.24,82.85,17.4,1.41,0.69
2020-12-16,5.56,26.28,84.05,19.31,1.79,0.68
2020-12-17,7.06,26.79,84.04,21.24,2.04,0.66
2020-12-18,3.03,26.69,84.67,20.67,2.06,0.65
2020-12-19,2.12,26.53,82.79,21.11,1.94,0.63
2020-12-20,4.02,26.59,84.76,16.41,2.35,0.62
2020-12-21,0.76,26.91,80.9,23.13,2.38,0.61
2020-12-22,0.29,27.05,82.19,16.62,2.01,0.6
2020-12-23,2.35,27.04,81.29,23.23,1.86,0.59
2020-12-24,0.64,27.1,77.96,22.64,1.52,0.59
2020-12-25,0.56,27.3,73.32,22.53,1.22,0.58
2020-12-26,3.34,27.17,76.45,22.04,1.34,0.57
2020-12-27,1.7,26.91,74.83,21.47,1.21,0.57
2020-12-28,5.56,27.1,80.42,19.34,1.54,0.57
2020-12-29,2.54,26.8,81.77,18.87,1.59,0.58
2020-12-30,10.53,27.07,82.33,14.04,1.33,0.58
2020-12-31,33.21,26.05,86.17,19.98,1.43,0.64
2021-01-01,0.81,26.97,73.98,21.91,0.88,0.64
2021-01-02,1.66,27.77,76.53,19.54,0.98,0.62
2021-01-03,10.84,26.57,85.75,21.48,1.34,0.63
2021-01-04,2.68,27.27,81.21,18.12,1.49,0.63
2021-01-05,37.19,26.08,87.31,14.68,1.17,0.64
2021-01-06,37.44,25.46,83.42,14.51,0.62,0.74
2021-01-07,11.05,26.32,84.91,18.07,1.47,0.73
2021-01-08,8.99,26.34,85.98,16.34,1.38,0.72
2021-01-09,4.76,27.39,82.42,20.95,1.03,0.71
2021-01-10,3.77,27.84,81.56,21.11,0.82,0.69
2021-01-11,2.26,28.41,77.9,21.54,0.57,0.68
2021-01-12,5.83,26.97,87.95,21.6,1.1,0.67
2021-01-13,4.58,27.39,83.52,22.41,1.12,0.67
2021-01-14,3.54,27.54,84.68,22.05,1.65,0.66
2021-01-15,8.56,26.75,85.19,13.91,1.6,0.67
2021-01-16,2.94,26.59,80.91,14.76,1.83,0.66
2021-01-17,14.24,26.89,79.67,19.2,1.49,0.66
2021-01-18,21.58,26.0,88.75,13.49,1.74,0.7
2021-01-19,13.19,25.36,88.55,16.04,2.12,0.71
2021-01-20,13.9,25.36,87.91,14.93,1.78,0.72
2021-01-21,4.1,26.4,84.38,21.72,2.05,0.71
2021-01-22,9.38,26.64,84.61,19.96,2.16,0.7
2021-01-23,7.26,25.92,87.55,15.91,1.94,0.7
2021-01-24,9.23,25.4,86.99,18.14,1.41,0.7
2021-01-25,12.71,26.0,84.27,10.82,1.76,0.7
2021-01-26,7.35,26.56,84.68,20.24,2.18,0.71
2021-01-27,7.69,26.86,85.18,17.05,2.13,0.7
2021-01-28,8.66,26.35,88.53,13.12,1.94,0.7
2021-01-29,9.83,26.17,89.52,13.89,2.06,0.7
2021-01-30,28.53,25.69,91.2,6.44,1.57,0.73
2021-01-31,5.2,26.06,90.14,17.53,2.17,0.74
2021-02-01,7.55,26.7,85.67,20.64,2.22,0.72
2021-02-02,11.08,26.88,88.96,16.84,1.85,0.72
2021-02-03,32.37,26.14,90.29,12.77,2.15,0.75
2021-02-04,23.06,26.26,87.42,20.38,2.08,0.77
2021-02-05,18.65,26.1,89.47,16.28,1.73,0.78
2021-02-06,10.35,26.77,86.2,11.98,1.63,0.77
2021-02-07,21.71,26.41,88.86,24.08,1.02,0.77
2021-02-08,2.77,26.24,87.72,19.77,1.67,0.77
2021-02-09,3.67,26.52,86.15,20.83,1.1,0.76
2021-02-10,4.24,26.84,84.03,14.74,1.47,0.75
2021-02-11,5.12,26.74,85.65,16.46,1.46,0.75
2021-02-12,2.84,26.57,81.38,17.93,1.56,0.74
2021-02-13,1.75,26.17,83.96,21.99,1.61,0.74
2021-02-14,1.48,26.58,83.34,22.57,1.63,0.73
2021-02-15,0.53,26.41,84.15,20.36,1.75,0.73
2021-02-16,0.9,27.1,81.34,24.23,1.32,0.72
2021-02-17,2.37,26.48,87.63,21.78,1.98,0.72
2021-02-18,6.29,25.82,89.11,21.3,2.11,0.72
2021-02-19,10.81,26.25,85.07,19.12,1.81,0.73
2021-02-20,15.23,25.54,88.86,20.65,1.75,0.75
2021-02-21,8.48,25.75,87.52,22.29,1.85,0.75
2021-02-22,28.62,26.05,90.58,13.71,2.32,0.77
2021-02-23,34.13,25.69,88.19,21.29,2.07,0.8
2021-02-24,20.13,25.67,87.09,11.77,2.02,0.82
2021-02-25,5.58,26.77,83.73,15.78,1.4,0.81
2021-02-26,9.15,26.58,83.4,16.96,1.12,0.8
2021-02-27,14.32,25.74,88.48,10.77,1.69,0.81
2021-02-28,6.46,26.06,87.24,21.02,1.8,0.81
2021-03-01,2.24,26.54,80.81,24.31,1.44,0.8
2021-03-02,2.82,26.79,80.06,23.57,1.59,0.79
2021-03-03,2.03,26.73,78.79,21.86,1.45,0.79
2021-03-04,3.09,26.34,83.57,14.42,1.62,0.78
2021-03-05,17.12,25.28,88.19,19.01,1.83,0.8
2021-03-06,2.57,26.33,79.01,20.07,1.46,0.8
2021-03-07,5.44,26.91,81.21,22.32,1.2,0.79
2021-03-08,8.1,26.34,85.43,18.34,1.72,0.79
2021-03-09,11.01,26.02,84.8,17.67,1.2,0.8
2021-03-10,13.17,26.08,84.24,17.37,1.17,0.8
2021-03-11,9.64,26.09,82.26,17.42,1.25,0.82
2021-03-12,2.63,26.11,83.23,16.61,1.47,0.81
2021-03-13,6.6,25.83,85.48,20.97,1.3,0.8
2021-03-14,7.5,26.34,83.27,21.44,1.12,0.81
2021-03-15,5.43,26.6,83.43,20.2,0.92,0.81
2021-03-16,5.67,26.48,85.64,20.74,0.97,0.81
2021-03-17,12.18,26.95,82.54,22.83,1.11,0.81
2021-03-18,2.65,27.34,78.04,22.27,0.92,0.82
2021-03-19,5.68,25.94,90.95,21.34,1.73,0.81
2021-03-20,13.07,26.57,87.02,18.06,1.97,0.82
2021-03-21,4.94,26.57,86.77,18.51,1.96,0.82
2021-03-22,2.85,26.07,85.64,17.31,1.69,0.82
2021-03-23,7.47,26.89,80.54,20.94,1.25,0.82
2021-03-24,0.79,26.62,86.88,20.52,1.37,0.81
2021-03-25,3.53,26.45,81.24,22.5,1.03,0.81
2021-03-26,7.85,26.97,78.62,20.67,0.94,0.81
2021-03-27,0.94,27.11,83.11,21.51,1.44,0.81
2021-03-28,3.91,27.06,84.46,16.73,1.38,0.8
2021-03-29,6.61,26.64,88.72,20.54,1.54,0.81
2021-03-30,4.51,26.89,87.96,19.86,1.72,0.81
2021-03-31,16.99,26.47,89.15,18.76,1.87,0.82
2021-04-01,12.5,26.16,90.4,20.07,2.43,0.82
2021-04-02,21.33,26.0,90.59,5.57,1.55,0.85
2021-04-03,2.43,26.56,83.76,23.13,1.23,0.84
2021-04-04,3.45,27.06,83.64,17.13,1.58,0.84
2021-04-05,2.08,26.89,83.81,14.18,1.59,0.83
2021-04-06,4.91,25.78,89.99,6.53,1.9,0.83
2021-04-07,7.91,26.23,88.54,13.46,1.86,0.83
2021-04-08,7.83,26.68,84.68,11.97,1.35,0.83
2021-04-09,0.66,27.25,79.06,17.21,1.16,0.83
2021-04-10,3.68,27.51,78.38,20.27,1.15,0.82
2021-04-11,1.6,27.17,78.4,17.73,1.1,0.82
2021-04-12,0.37,26.73,80.36,22.04,1.19,0.81
2021-04-13,0.03,26.86,78.67,20.91,1.14,0.8
2021-04-14,0.95,27.02,79.03,22.04,1.44,0.79
2021-04-15,0.32,26.89,82.41,22.48,1.76,0.79
2021-04-16,0.62,26.6,82.59,21.7,1.62,0.78
2021-04-17,1.55,26.75,82.6,22.68,1.85,0.78
2021-04-18,0.64,26.77,83.87,19.91,1.84,0.77
2021-04-19,0.01,26.48,81.07,24.02,1.84,0.77
2021-04-20,0.03,25.87,78.68,24.14,1.76,0.76
2021-04-21,0.07,25.63,73.72,24.52,1.93,0.75
2021-04-22,0.06,25.66,72.17,24.2,1.68,0.74
2021-04-23,0.22,25.83,76.28,23.44,1.44,0.74
2021-04-24,0.2,26.42,77.85,22.7,1.37,0.74
2021-04-25,0.44,26.56,81.69,23.02,1.7,0.73
2021-04-26,0.17,26.73,81.35,22.48,2.08,0.73
2021-04-27,0.25,26.09,78.61,22.86,2.03,0.72
2021-04-28,0.18,25.79,77.24,22.77,1.59,0.72
2021-04-29,0.07,26.02,80.16,22.45,1.46,0.71
2021-04-30,0.08,25.92,82.28,22.34,1.68,0.71
2021-05-01,5.91,26.9,84.85,19.6,1.39,0.71
2021-05-02,3.79,26.69,86.28,20.64,1.8,0.72
2021-05-03,0.6,26.36,82.85,21.67,1.98,0.71
2021-05-04,0.23,26.3,83.98,20.89,1.66,0.71
2021-05-05,0.12,26.97,83.24,20.2,1.65,0.71
2021-05-06,0.87,26.66,84.29,20.19,1.93,0.7
2021-05-07,0.68,26.05,83.23,20.8,1.68,0.7
2021-05-08,2.07,25.57,85.9,19.42,1.69,0.7
2021-05-09,0.54,25.69,82.5,19.8,1.87,0.7
2021-05-10,1.26,25.72,85.04,20.71,2.11,0.69
2021-05-11,0.76,25.65,82.41,21.04,2.1,0.69
2021-05-12,1.15,25.6,82.72,21.64,2.18,0.69
2021-05-13,1.12,25.87,83.81,21.77,2.14,0.68
2021-05-14,1.36,25.96,85.55,18.88,2.21,0.68
2021-05-15,1.08,25.82,84.46,21.53,2.18,0.68
2021-05-16,1.95,25.78,83.52,20.23,2.13,0.68
2021-05-17,1.1,25.96,83.24,19.83,1.96,0.67
2021-05-18,3.52,25.56,88.66,15.75,1.84,0.68
2021-05-19,1.65,25.71,86.57,17.72,1.75,0.68
2021-05-20,1.77,26.1,86.7,19.26,1.72,0.68
2021-05-21,1.0,25.93,86.57,20.14,1.78,0.67
2021-05-22,0.5,26.0,85.75,20.56,1.7,0.67
2021-05-23,0.57,26.03,85.4,19.45,1.41,0.67
2021-05-24,0.51,26.02,85.86,19.61,1.69,0.66
2021-05-25,0.41,26.18,85.61,19.34,1.58,0.66
2021-05-26,0.21,26.27,84.29,20.51,1.82,0.66
2021-05-27,0.55,26.6,86.44,19.47,1.96,0.65
2021-05-28,0.75,26.42,85.35,16.8,1.98,0.65
2021-05-29,0.21,26.45,83.75,18.82,1.73,0.65
2021-05-30,0.19,26.04,84.82,18.88,1.41,0.65
2021-05-31,0.13,25.86,83.54,19.44,1.14,0.65
2021-06-01,0.15,25.71,83.95,19.86,1.34,0.64
2021-06-02,0.35,26.04,83.62,19.38,1.49,0.64
2021-06-03,0.36,26.49,84.71,19.08,1.56,0.64
2021-06-04,0.32,26.78,85.37,19.03,1.67,0.64
2021-06-05,0.13,26.58,83.63,19.96,1.58,0.63
2021-06-06,0.23,26.26,84.71,19.57,1.6,0.63
2021-06-07,4.06,26.29,84.62,19.63,1.42,0.63
2021-06-08,1.2,25.96,84.57,18.33,1.98,0.63
2021-06-09,0.59,26.14,82.87,18.74,1.84,0.63
2021-06-10,0.19,25.68,84.23,19.38,1.87,0.63
2021-06-11,0.16,25.5,84.18,17.82,1.66,0.62
2021-06-12,0.25,25.6,84.59,19.62,1.62,0.62
2021-06-13,0.99,26.06,85.59,18.63,1.64,0.62
2021-06-14,2.19,25.84,88.35,16.12,1.78,0.62
2021-06-15,2.29,26.15,87.12,16.84,1.64,0.62
2021-06-16,5.8,25.53,87.97,17.48,1.95,0.63
2021-06-17,0.61,25.48,84.45,17.39,1.96,0.63
2021-06-18,0.38,25.24,86.11,16.62,1.85,0.62
2021-06-19,1.51,26.14,85.34,18.12,1.7,0.62
2021-06-20,1.19,26.22,85.58,17.95,1.43,0.62
2021-06-21,1.63,26.46,82.19,16.36,0.96,0.62
2021-06-22,3.48,25.58,89.92,16.68,1.36,0.62
2021-06-23,3.63,25.79,89.01,16.91,1.94,0.62
2021-06-24,5.27,26.14,87.94,16.5,1.92,0.63
2021-06-25,11.36,25.86,91.8,13.37,1.82,0.64
2021-06-26,2.84,26.37,86.9,18.24,1.9,0.65
2021-06-27,1.01,26.72,85.32,17.34,1.36,0.64
2021-06-28,4.5,26.01,89.07,15.81,1.52,0.64
2021-06-29,0.28,25.96,82.42,20.04,1.89,0.64
2021-06-30,0.5,25.81,82.16,20.29,2.07,0.63
2021-07-01,0.84,25.45,83.34,19.81,2.24,0.62
2021-07-02,1.55,25.21,83.4,19.88,2.16,0.62
2021-07-03,2.04,25.25,83.43,19.32,2.31,0.61
2021-07-04,1.39,24.77,81.73,20.03,2.39,0.61
2021-07-05,0.3,24.62,79.7,20.02,2.24,0.6
2021-07-06,0.85,24.75,80.79,19.4,1.79,0.6
2021-07-07,1.44,24.94,84.6,16.73,1.7,0.6
2021-07-08,4.75,25.21,87.15,15.68,2.08,0.6
2021-07-09,1.17,25.85,85.06,17.02,1.76,0.6
2021-07-10,1.83,26.19,86.22,18.64,1.78,0.6
2021-07-11,0.39,26.29,83.95,20.04,1.82,0.6
2021-07-12,0.3,25.63,83.42,20.55,1.95,0.59
2021-07-13,0.42,25.05,83.78,21.36,2.1,0.59
2021-07-14,0.11,24.93,81.36,21.02,2.33,0.58
2021-07-15,1.66,24.61,80.44,19.37,2.33,0.58
2021-07-16,2.03,24.17,86.09,18.89,2.0,0.58
2021-07-17,5.03,24.36,85.92,15.65,1.97,0.58
2021-07-18,2.43,24.76,84.16,18.63,2.05,0.59
2021-07-19,1.92,25.24,83.46,20.89,1.73,0.59
2021-07-20,1.52,25.47,83.47,20.41,1.69,0.58
2021-07-21,1.53,25.24,84.86,18.83,1.96,0.58
2021-07-22,0.78,25.12,83.98,19.15,1.87,0.58
2021-07-23,0.53,24.87,83.93,20.0,1.96,0.57
2021-07-24,0.08,24.4,80.39,21.98,2.0,0.57
2021-07-25,0.58,24.21,82.27,22.07,1.96,0.57
2021-07-26,0.05,24.55,79.87,22.35,1.68,0.56
2021-07-27,0.04,24.33,84.04,21.52,1.85,0.56
2021-07-28,0.35,24.93,84.56,20.44,1.93,0.56
2021-07-29,0.48,25.48,83.54,18.91,2.2,0.55
2021-07-30,0.52,25.46,81.53,20.14,2.04,0.55
2021-07-31,0.56,25.2,82.66,20.51,2.17,0.55
2021-08-01,1.84,25.08,84.76,17.3,2.23,0.55
2021-08-02,2.89,25.27,85.76,16.77,2.3,0.55
2021-08-03,1.96,25.67,85.27,19.55,2.25,0.55
2021-08-04,0.47,25.9,82.9,19.83,2.13,0.55
2021-08-05,0.34,25.72,82.52,20.87,2.03,0.54
2021-08-06,0.35,25.96,82.16,20.4,2.1,0.54
2021-08-07,0.15,26.13,80.27,19.63,2.03,0.54
2021-08-08,0.17,25.71,81.56,20.12,2.24,0.53
2021-08-09,0.25,25.38,81.66,21.14,2.13,0.53
2021-08-10,0.33,25.14,80.04,21.73,2.01,0.53
2021-08-11,1.01,24.94,83.23,22.12,2.36,0.52
2021-08-12,1.98,25.61,83.68,17.08,2.5,0.52
2021-08-13,0.73,26.11,82.76,20.14,2.07,0.52
2021-08-14,0.67,26.17,82.26,21.54,2.04,0.52
2021-08-15,0.32,25.88,80.44,22.72,2.2,0.52
2021-08-16,0.92,25.85,80.67,21.83,2.24,0.52
2021-08-17,3.27,25.96,83.2,19.48,2.29,0.52
2021-08-18,0.13,25.75,78.49,20.73,2.28,0.52
2021-08-19,1.35,25.61,81.19,19.74,2.0,0.52
2021-08-20,0.33,25.59,81.33,19.34,1.95,0.52
2021-08-21,0.44,25.84,83.15,22.17,2.07,0.51
2021-08-22,0.35,25.5,80.76,21.4,2.17,0.51
2021-08-23,0.29,25.16,79.62,22.86,2.17,0.51
2021-08-24,0.38,24.99,77.83,21.77,2.09,0.51
2021-08-25,0.26,24.65,78.95,23.6,1.95,0.51
2021-08-26,0.49,25.11,78.95,23.28,1.9,0.5
2021-08-27,3.38,24.97,81.79,18.73,2.23,0.5
2021-08-28,2.38,25.67,81.11,18.29,2.15,0.51
2021-08-29,3.89,25.57,83.08,21.8,2.26,0.51
2021-08-30,0.37,25.77,77.33,22.82,2.18,0.51
2021-08-31,0.0,25.56,77.11,23.98,2.04,0.51
2021-09-01,0.11,25.14,78.57,24.18,2.05,0.5
2021-09-02,2.65,24.84,81.88,21.58,2.25,0.5
2021-09-03,2.67,24.91,83.62,19.79,2.31,0.51
2021-09-04,2.01,25.14,83.07,18.63,2.23,0.51
2021-09-05,0.03,26.35,74.97,19.7,1.93,0.51
2021-09-06,0.52,26.4,79.96,22.12,1.88,0.5
2021-09-07,2.56,26.3,82.19,21.42,2.53,0.5
2021-09-08,1.08,25.87,77.98,23.87,2.73,0.5
2021-09-09,1.38,26.11,78.5,22.88,2.41,0.5
2021-09-10,2.45,26.19,82.71,18.41,2.17,0.5
2021-09-11,4.67,25.78,83.85,12.74,2.16,0.5
2021-09-12,5.48,25.74,85.59,15.37,1.76,0.51
2021-09-13,12.57,25.92,86.43,16.75,1.67,0.53
2021-09-14,4.31,26.41,84.48,21.73,1.72,0.53
2021-09-15,0.84,26.56,83.37,22.33,1.46,0.53
2021-09-16,0.62,26.47,81.88,20.86,2.01,0.53
2021-09-17,0.86,26.31,81.61,22.08,2.28,0.52
2021-09-18,0.8,26.28,80.35,23.9,2.41,0.52
2021-09-19,0.36,26.23,78.81,24.69,2.17,0.51
2021-09-20,0.84,26.36,79.86,16.35,2.09,0.51
2021-09-21,1.92,26.99,79.26,20.88,1.66,0.51
2021-09-22,3.76,26.94,79.78,24.22,1.55,0.51
2021-09-23,1.34,26.55,80.22,14.09,2.11,0.51
2021-09-24,6.76,26.38,80.25,18.51,1.79,0.5
2021-09-25,3.32,25.95,80.3,18.09,1.99,0.52
2021-09-26,0.04,25.92,76.64,23.27,2.0,0.51
2021-09-27,1.11,25.74,78.13,22.49,2.2,0.51
2021-09-28,1.02,25.84,79.58,20.38,2.11,0.5
2021-09-29,0.9,26.32,79.89,22.95,1.99,0.5
2021-09-30,0.43,26.28,79.09,24.47,1.86,0.5
2021-10-01,1.02,26.24,78.04,24.81,1.84,0.5
2021-10-02,0.7,26.55,74.2,24.22,1.72,0.49
2021-10-03,1.78,26.35,77.02,25.22,1.93,0.49
2021-10-04,8.8,25.82,79.58,23.64,1.82,0.49
2021-10-05,3.99,25.58,79.79,22.42,2.12,0.51
2021-10-06,2.47,25.13,78.29,22.68,2.13,0.51
2021-10-07,0.31,25.72,76.25,25.32,1.95,0.51
2021-10-08,1.54,26.34,79.27,24.49,1.95,0.5
2021-10-09,0.82,26.58,79.27,22.92,2.06,0.5
2021-10-10,0.39,26.73,75.93,25.04,2.0,0.5
2021-10-11,0.09,26.19,76.83,25.93,1.82,0.49
2021-10-12,0.11,26.43,72.54,26.89,1.76,0.49
2021-10-13,0.0,26.48,75.37,23.3,1.89,0.48
2021-10-14,0.2,26.82,73.38,21.25,1.66,0.48
2021-10-15,1.27,27.26,73.78,22.66,1.31,0.48
2021-10-16,1.31,27.75,78.35,19.95,1.31,0.48
2021-10-17,10.52,27.65,82.16,19.52,1.48,0.48
2021-10-18,7.86,27.82,81.39,24.44,1.21,0.51
2021-10-19,1.36,28.17,79.29,22.13,1.23,0.51
2021-10-20,1.42,27.75,81.49,24.18,2.08,0.5
2021-10-21,0.54,28.06,75.17,23.38,2.02,0.5
2021-10-22,1.13,27.47,76.26,24.09,1.88,0.5
2021-10-23,0.31,27.23,76.68,25.04,1.56,0.49
2021-10-24,0.19,27.45,75.33,22.76,1.45,0.49
2021-10-25,0.96,27.55,75.75,23.17,1.36,0.48
2021-10-26,3.34,27.63,78.74,19.45,1.35,0.48
2021-10-27,10.02,26.91,85.62,18.9,1.4,0.5
2021-10-28,5.07,27.22,86.85,22.53,1.72,0.51
2021-10-29,2.99,27.36,85.33,23.31,1.89,0.51
2021-10-30,3.81,27.53,82.23,18.99,1.42,0.51
2021-10-31,6.52,26.2,84.8,22.76,1.33,0.52
2021-11-01,4.43,27.78,79.59,19.44,1.01,0.53
2021-11-02,7.62,27.35,83.01,20.46,1.52,0.53
2021-11-03,2.43,27.74,80.26,23.07,1.75,0.53
2021-11-04,12.36,27.94,83.0,19.73,1.13,0.54
2021-11-05,7.8,28.29,78.77,21.42,0.9,0.55
2021-11-06,5.25,28.22,78.75,23.05,1.07,0.55
2021-11-07,2.59,28.2,80.08,23.47,1.08,0.55
2021-11-08,8.41,27.49,86.22,20.61,0.86,0.55
2021-11-09,7.91,27.19,84.73,20.83,1.38,0.56
2021-11-10,4.93,27.34,84.3,19.49,1.37,0.56
2021-11-11,9.13,27.21,86.85,17.85,1.89,0.56
2021-11-12,11.6,26.26,85.1,11.97,1.89,0.58
2021-11-13,9.31,27.32,77.59,19.16,1.25,0.59
2021-11-14,3.15,26.26,84.49,9.85,0.72,0.58
2021-11-15,14.19,26.9,79.35,17.25,1.06,0.58
2021-11-16,8.6,26.55,85.38,16.53,0.9,0.61
2021-11-17,1.09,27.72,77.74,22.27,1.31,0.6
2021-11-18,1.31,28.03,77.91,21.72,1.58,0.58
2021-11-19,20.44,27.29,86.04,16.2,1.85,0.59
2021-11-20,33.16,26.42,87.0,15.9,1.15,0.63
2021-11-21,2.98,27.75,80.03,14.16,1.35,0.65
2021-11-22,3.88,28.13,76.73,21.99,0.69,0.63
2021-11-23,7.1,27.79,79.24,22.65,0.81,0.62
2021-11-24,3.05,27.72,81.66,21.9,1.26,0.62
2021-11-25,3.43,27.39,80.86,21.98,1.12,0.61
2021-11-26,7.96,27.65,79.95,20.73,1.07,0.6
2021-11-27,6.65,26.52,87.38,19.87,1.13,0.61
2021-11-28,21.42,26.25,86.24,14.09,1.29,0.61
2021-11-29,18.85,26.03,81.89,12.37,1.03,0.67
2021-11-30,6.72,26.39,84.63,9.52,1.3,0.66
2021-12-01,42.81,26.59,82.59,4.47,1.21,0.69
2021-12-02,9.44,27.1,80.69,20.45,1.01,0.72
2021-12-03,8.41,26.9,85.68,18.72,1.21,0.71
2021-12-04,11.43,27.88,79.03,21.07,0.55,0.7
2021-12-05,18.06,27.06,82.6,13.81,1.21,0.7
2021-12-06,27.49,26.78,85.09,12.23,1.56,0.72
2021-12-07,9.86,27.08,83.9,13.55,1.71,0.74
2021-12-08,1.23,27.21,83.58,24.75,1.48,0.71
2021-12-09,1.03,27.23,84.26,21.33,1.69,0.69
2021-12-10,2.69,26.96,86.98,23.66,2.02,0.68
2021-12-11,4.92,26.93,87.85,18.32,2.01,0.67
2021-12-12,3.99,27.1,87.02,21.54,1.59,0.67
2021-12-13,6.71,27.29,86.56,20.93,1.51,0.67
2021-12-14,7.2,26.59,91.33,20.76,1.27,0.68
2021-12-15,2.61,27.6,83.4,21.57,0.89,0.68
2021-12-16,1.34,28.0,82.99,23.74,0.86,0.67
2021-12-17,4.6,28.17,84.2,22.62,1.05,0.66
2021-12-18,11.19,28.49,81.37,23.94,1.29,0.67
2021-12-19,11.42,27.71,84.93,19.46,1.05,0.69
2021-12-20,23.18,27.1,88.13,17.57,1.0,0.7
2021-12-21,3.93,27.02,86.27,12.83,1.33,0.71
2021-12-22,5.77,27.45,81.07,23.4,1.24,0.71
2021-12-23,9.07,27.24,84.4,20.02,1.54,0.7
2021-12-24,10.11,27.28,83.93,22.59,1.78,0.71
2021-12-25,3.35,27.13,84.48,21.42,1.66,0.7
2021-12-26,9.2,27.07,86.09,22.19,2.16,0.7
2021-12-27,12.26,27.07,85.99,19.32,2.34,0.71
2021-12-28,10.1,27.07,82.77,18.45,2.42,0.71
2021-12-29,9.81,27.05,84.7,19.55,1.91,0.71
2021-12-30,16.72,27.36,81.22,16.0,1.6,0.72
2021-12-31,5.51,27.03,81.93,17.66,1.47,0.72
2022-01-01,14.46,26.51,82.22,15.01,1.09,0.72
2022-01-02,4.98,26.89,80.1,13.35,0.74,0.73
2022-01-03,8.37,25.91,87.74,14.46,1.44,0.72
2022-01-04,17.4,25.09,90.37,16.59,1.93,0.74
2022-01-05,8.67,25.57,87.11,13.25,1.74,0.74
2022-01-06,1.95,26.3,82.07,20.58,1.71,0.73
2022-01-07,0.51,26.81,76.93,22.14,1.69,0.71
2022-01-08,7.15,26.56,83.99,21.2,1.44,0.71
2022-01-09,19.75,25.87,89.05,20.01,1.2,0.73
2022-01-10,6.31,26.29,86.01,22.62,0.61,0.74
2022-01-11,7.35,26.66,85.84,17.7,1.39,0.74
2022-01-12,8.15,26.86,84.49,18.84,1.51,0.73
2022-01-13,12.53,26.82,86.47,21.0,1.94,0.74
2022-01-14,12.68,26.28,90.45,16.73,2.09,0.74
2022-01-15,17.16,26.54,87.15,7.21,2.24,0.75
2022-01-16,6.63,26.62,87.31,15.38,2.18,0.76
2022-01-17,8.67,26.3,86.19,15.73,1.6,0.75
2022-01-18,14.61,25.77,81.15,10.25,1.87,0.76
2022-01-19,6.88,25.86,79.97,16.26,1.63,0.76
2022-01-20,9.77,26.05,84.99,20.33,1.67,0.75
2022-01-21,1.42,26.09,82.99,15.7,1.77,0.75
2022-01-22,1.73,26.45,84.9,21.34,2.25,0.74
2022-01-23,1.92,26.74,83.43,26.37,2.32,0.74
2022-01-24,0.17,27.09,81.68,26.57,2.43,0.73
2022-01-25,7.53,27.25,83.26,23.4,2.25,0.72
2022-01-26,10.38,27.06,87.03,18.72,2.25,0.74
2022-01-27,17.16,26.71,88.13,11.32,2.13,0.76
2022-01-28,3.68,26.54,85.33,18.93,1.64,0.76
2022-01-29,10.18,26.17,84.93,16.18,1.56,0.76
2022-01-30,1.38,26.56,85.16,18.7,1.86,0.75
2022-01-31,1.7,26.77,85.44,19.66,2.1,0.75
2022-02-01,4.63,26.96,84.69,21.31,2.04,0.74
2022-02-02,3.59,26.84,85.39,25.0,1.61,0.74
2022-02-03,2.94,27.13,83.16,21.92,2.09,0.74
2022-02-04,7.29,26.95,84.68,15.22,2.31,0.74
2022-02-05,4.31,27.16,84.68,17.83,1.91,0.74
2022-02-06,6.82,26.9,87.4,14.27,1.28,0.74
2022-02-07,18.06,27.15,85.12,22.39,1.32,0.74
2022-02-08,10.5,26.53,87.04,20.83,1.35,0.77
2022-02-09,2.96,25.88,84.62,20.48,1.16,0.76
2022-02-10,5.0,26.4,83.89,13.79,1.45,0.76
2022-02-11,6.43,26.12,89.05,16.36,1.4,0.76
2022-02-12,15.03,25.74,84.39,12.78,1.08,0.77
2022-02-13,9.88,26.49,83.82,20.39,1.3,0.77
2022-02-14,6.33,26.94,81.19,20.69,1.2,0.77
2022-02-15,5.11,27.32,81.87,24.45,1.4,0.77
2022-02-16,3.15,27.27,82.98,25.07,1.22,0.76
2022-02-17,0.78,27.62,81.06,24.07,1.08,0.76
2022-02-18,7.01,27.78,76.95,24.24,0.82,0.75
2022-02-19,7.89,27.67,79.64,22.89,1.04,0.76
2022-02-20,4.32,27.14,81.01,22.78,1.51,0.76
2022-02-21,35.03,25.68,87.44,9.8,1.77,0.8
2022-02-22,26.37,26.13,84.48,20.97,1.84,0.8
2022-02-23,13.39,26.15,78.66,16.68,1.3,0.82
2022-02-24,6.03,26.76,74.31,23.17,1.33,0.8
2022-02-25,9.1,26.52,82.16,21.04,1.65,0.8
2022-02-26,9.61,26.4,83.0,13.57,1.47,0.8
2022-02-27,10.22,26.22,85.1,21.0,1.44,0.81
2022-02-28,1.63,26.94,83.75,19.31,1.77,0.8
2022-03-01,4.52,26.93,85.8,18.45,1.72,0.79
2022-03-02,13.06,27.18,88.77,20.33,1.39,0.8
2022-03-03,6.83,27.26,88.02,16.65,1.62,0.81
2022-03-04,4.3,26.96,88.1,16.68,1.64,0.8
2022-03-05,3.56,26.44,87.54,21.11,1.37,0.8
2022-03-06,9.78,26.56,86.88,20.1,1.16,0.81
2022-03-07,2.58,27.8,74.61,19.8,0.65,0.8
2022-03-08,3.66,26.56,86.13,20.04,0.95,0.8
2022-03-09,2.73,27.24,78.58,20.05,1.07,0.8
2022-03-10,13.21,26.78,83.62,19.13,0.67,0.8
2022-03-11,6.78,27.48,82.7,18.26,0.96,0.81
2022-03-12,3.79,27.61,85.53,22.65,1.2,0.8
2022-03-13,1.67,27.71,84.57,20.02,1.25,0.8
2022-03-14,1.22,27.38,84.36,19.11,1.11,0.79
2022-03-15,1.53,27.25,86.41,22.07,1.43,0.79
2022-03-16,0.95,27.77,82.44,22.72,1.31,0.78
2022-03-17,0.91,28.02,80.52,24.25,1.35,0.78
2022-03-18,2.51,27.58,82.75,15.96,1.18,0.77
2022-03-19,18.77,26.76,89.18,11.65,1.07,0.78
2022-03-20,41.09,26.71,86.79,16.2,1.36,0.83
2022-03-21,5.13,27.38,81.06,19.42,0.98,0.84
2022-03-22,3.56,27.55,80.19,20.53,0.84,0.83
2022-03-23,7.58,27.45,81.1,20.07,1.13,0.82
2022-03-24,2.95,27.13,83.14,23.09,1.18,0.82
2022-03-25,2.26,26.97,84.29,18.34,1.06,0.82
2022-03-26,3.33,27.3,80.68,21.5,1.1,0.81
2022-03-27,3.25,27.03,81.98,20.34,1.26,0.81
2022-03-28,3.54,26.49,85.07,15.48,1.42,0.81
2022-03-29,8.12,25.81,85.47,17.34,1.19,0.81
2022-03-30,1.63,25.62,84.8,18.49,1.39,0.81
2022-03-31,4.39,26.6,81.72,21.44,1.33,0.8
2022-04-01,6.27,26.91,81.35,15.24,0.86,0.81
2022-04-02,6.04,26.61,81.39,19.01,1.32,0.81
2022-04-03,1.9,27.46,77.21,22.22,0.97,0.8
2022-04-04,0.45,27.04,80.79,23.8,1.62,0.79
2022-04-05,0.37,27.0,80.08,20.31,1.47,0.79
2022-04-06,1.83,27.04,82.75,18.35,1.48,0.78
2022-04-07,0.43,27.37,80.86,22.18,1.58,0.78
2022-04-08,0.69,27.54,80.01,21.4,1.4,0.77
2022-04-09,0.59,27.88,77.67,21.31,1.14,0.77
2022-04-10,2.77,27.68,77.04,22.0,1.12,0.76
2022-04-11,0.33,26.92,78.14,23.72,1.58,0.76
2022-04-12,0.05,26.53,80.11,22.3,1.48,0.75
2022-04-13,0.02,26.99,76.45,24.0,1.23,0.75
2022-04-14,0.41,27.03,81.74,22.8,1.53,0.74
2022-04-15,1.56,27.54,81.04,20.57,1.3,0.74
2022-04-16,3.45,27.2,85.45,19.72,1.36,0.74
2022-04-17,6.54,26.72,84.97,16.69,1.26,0.75
2022-04-18,6.46,27.02,83.71,13.66,1.04,0.75
2022-04-19,8.56,26.25,88.82,11.61,1.56,0.76
2022-04-20,20.23,26.42,81.69,8.29,1.1,0.77
2022-04-21,0.79,27.32,80.83,21.92,1.11,0.78
2022-04-22,0.42,27.44,81.15,20.6,1.37,0.76
2022-04-23,3.98,27.13,86.56,21.48,1.77,0.76
2022-04-24,2.96,27.07,84.57,21.47,1.77,0.76
2022-04-25,0.27,27.06,81.8,19.59,1.88,0.75
2022-04-26,0.01,27.02,76.86,21.11,1.24,0.74
2022-04-27,0.0,27.13,75.71,20.59,1.16,0.73
2022-04-28,0.37,27.27,79.27,20.81,1.14,0.73
2022-04-29,5.62,27.53,80.64,17.99,1.13,0.73
2022-04-30,3.05,27.54,83.66,20.31,1.42,0.73
2022-05-01,1.4,27.4,84.17,19.99,1.52,0.73
2022-05-02,1.23,27.42,85.53,21.92,1.91,0.72
2022-05-03,0.95,27.31,85.07,20.17,1.96,0.72
2022-05-04,1.16,27.12,85.47,20.26,1.98,0.72
2022-05-05,2.04,26.89,84.63,16.37,1.92,0.72
2022-05-06,1.38,27.08,85.49,19.97,1.85,0.71
2022-05-07,1.89,27.65,85.48,19.83,1.56,0.71
2022-05-08,2.46,27.72,86.26,16.29,1.38,0.71
2022-05-09,4.91,27.27,86.85,19.05,1.83,0.71
2022-05-10,0.66,26.86,83.27,18.69,2.0,0.71
2022-05-11,0.52,27.03,82.98,18.85,1.58,0.7
2022-05-12,1.61,27.42,84.08,17.41,1.26,0.7
2022-05-13,2.48,27.08,86.06,17.5,1.42,0.7
2022-05-14,0.21,27.0,81.01,19.93,1.3,0.7
2022-05-15,0.12,26.81,81.52,19.87,1.47,0.69
2022-05-16,1.83,26.82,85.69,19.9,1.43,0.69
2022-05-17,3.19,26.56,88.78,15.32,1.26,0.69
2022-05-18,5.88,26.63,89.83,15.89,1.49,0.7
2022-05-19,2.24,26.63,88.94,16.52,1.51,0.7
2022-05-20,1.26,27.06,85.67,18.47,1.83,0.7
2022-05-21,0.16,27.1,83.08,20.54,1.77,0.69
2022-05-22,0.3,26.75,83.76,20.37,1.74,0.69
2022-05-23,0.33,26.82,82.69,21.28,1.8,0.68
2022-05-24,0.9,26.96,83.55,17.79,1.66,0.68
2022-05-25,4.76,26.78,88.53,16.46,1.61,0.68
2022-05-26,6.64,26.58,89.68,15.53,1.21,0.69
2022-05-27,3.46,25.89,84.9,13.09,1.18,0.7
2022-05-28,0.72,27.36,73.14,16.88,0.95,0.69
2022-05-29,10.65,27.47,79.66,17.85,0.91,0.69
2022-05-30,26.32,27.11,84.05,18.97,1.2,0.73
2022-05-31,0.32,27.52,78.2,19.35,1.0,0.72
2022-06-01,5.27,27.73,78.42,15.84,0.8,0.71
2022-06-02,5.86,26.65,84.08,16.64,1.23,0.71
2022-06-03,2.99,26.65,83.85,17.62,1.24,0.71
2022-06-04,2.44,26.38,85.18,14.72,1.15,0.7
2022-06-05,2.98,26.78,82.74,17.02,1.1,0.7
2022-06-06,2.43,26.35,85.87,18.82,1.5,0.7
2022-06-07,7.18,26.03,90.19,17.56,1.73,0.7
2022-06-08,4.73,26.54,88.09,18.88,1.59,0.71
2022-06-09,1.55,26.65,86.6,16.77,1.63,0.71
2022-06-10,3.3,26.39,88.57,16.13,1.62,0.7
2022-06-11,4.05,26.35,89.53,18.34,1.84,0.7
2022-06-12,4.49,26.14,89.83,16.66,1.88,0.71
2022-06-13,1.89,26.33,86.2,15.22,1.81,0.7
2022-06-14,2.13,26.23,85.5,16.17,1.94,0.7
2022-06-15,2.29,26.71,85.74,17.9,1.79,0.7
2022-06-16,3.16,26.45,87.37,17.82,1.66,0.69
2022-06-17,1.57,26.28,86.04,18.27,2.05,0.69
2022-06-18,0.68,26.21,85.71,17.9,1.69,0.69
2022-06-19,1.37,26.0,87.11,16.33,1.8,0.68
2022-06-20,2.39,25.42,86.81,16.58,2.26,0.68
2022-06-21,0.46,25.63,80.76,20.3,2.09,0.68
2022-06-22,3.01,25.87,84.9,19.71,2.3,0.68
2022-06-23,1.21,25.83,83.21,18.29,2.41,0.67
2022-06-24,4.14,25.37,86.38,15.26,2.38,0.67
2022-06-25,1.05,25.14,83.47,14.68,2.21,0.67
2022-06-26,2.27,25.41,85.11,16.34,2.24,0.67
2022-06-27,0.84,25.31,80.01,18.03,2.38,0.67
2022-06-28,0.82,25.32,78.6,19.29,2.14,0.66
2022-06-29,3.04,25.44,86.48,18.61,2.03,0.66
2022-06-30,1.48,25.4,84.36,16.9,2.41,0.66
2022-07-01,1.31,25.29,83.38,15.66,2.42,0.66
2022-07-02,3.59,25.86,89.99,16.11,1.96,0.66
2022-07-03,1.53,26.53,87.78,17.43,1.63,0.66
2022-07-04,3.28,26.37,88.41,17.6,1.63,0.66
2022-07-05,2.4,25.65,86.19,18.13,2.17,0.66
2022-07-06,0.22,24.7,82.38,17.48,2.32,0.66
2022-07-07,0.87,23.69,80.91,19.62,2.12,0.65
2022-07-08,2.12,23.32,82.39,20.99,1.87,0.65
2022-07-09,0.82,24.3,81.92,19.25,1.71,0.65
2022-07-10,1.06,25.08,87.28,18.01,2.29,0.65
2022-07-11,1.66,25.24,86.96,14.04,2.27,0.65
2022-07-12,0.8,24.95,85.85,17.21,2.34,0.64
2022-07-13,0.37,24.55,82.75,17.08,2.17,0.64
2022-07-14,0.07,24.7,81.14,18.37,2.0,0.64
2022-07-15,0.5,24.83,85.04,18.22,2.09,0.63
2022-07-16,1.07,24.81,87.27,13.91,2.14,0.63
2022-07-17,0.64,24.97,85.61,17.96,1.91,0.63
2022-07-18,0.15,25.03,83.76,19.56,1.95,0.63
2022-07-19,0.25,24.74,82.35,20.17,1.95,0.63
2022-07-20,0.14,24.43,80.59,21.15,1.97,0.62
2022-07-21,0.39,24.1,83.13,19.37,2.01,0.62
2022-07-22,1.24,24.76,83.34,16.24,1.95,0.62
2022-07-23,0.7,24.2,82.86,19.44,2.13,0.62
2022-07-24,0.09,23.49,75.51,21.05,2.41,0.61
2022-07-25,0.21,23.73,76.35,20.3,2.28,0.61
2022-07-26,0.55,24.25,82.93,18.84,2.08,0.6
2022-07-27,0.36,24.57,83.15,20.37,2.1,0.6
2022-07-28,0.29,24.82,82.97,21.29,2.14,0.6
2022-07-29,0.23,24.68,81.45,21.28,2.19,0.6
2022-07-30,0.83,24.35,81.9,20.44,1.97,0.59
2022-07-31,0.89,24.62,83.47,20.58,1.91,0.59
2022-08-01,1.03,25.23,84.41,17.46,1.49,0.59
2022-08-02,1.06,25.63,86.35,18.64,1.7,0.59
2022-08-03,0.32,25.25,85.92,20.19,1.91,0.59
2022-08-04,0.76,24.64,84.72,21.57,2.04,0.59
2022-08-05,0.59,24.32,83.41,22.91,1.8,0.58
2022-08-06,0.7,24.0,83.01,20.52,1.62,0.58
2022-08-07,1.03,24.58,82.8,21.62,1.84,0.58
2022-08-08,1.75,24.78,83.27,20.8,1.85,0.58
2022-08-09,2.2,25.03,85.55,18.98,1.94,0.58
2022-08-10,0.97,25.62,85.96,15.53,1.88,0.58
2022-08-11,0.69,26.15,84.65,18.81,1.57,0.58
2022-08-12,0.73,26.33,85.42,19.93,1.49,0.58
2022-08-13,1.61,26.3,85.58,15.5,1.54,0.57
2022-08-14,1.92,26.23,84.33,17.75,1.78,0.57
2022-08-15,0.59,26.05,83.05,20.82,2.0,0.57
2022-08-16,0.01,25.67,80.81,22.94,1.94,0.57
2022-08-17,0.32,25.0,81.78,18.84,2.2,0.56
2022-08-18,1.23,24.74,83.54,16.99,2.45,0.56
2022-08-19,0.06,24.89,78.17,22.66,2.46,0.56
2022-08-20,0.01,24.27,75.01,23.3,2.54,0.55
2022-08-21,0.25,25.11,77.87,22.56,2.13,0.55
2022-08-22,0.51,24.9,81.42,22.14,2.56,0.55
2022-08-23,0.21,24.68,77.23,22.93,2.48,0.54
2022-08-24,0.23,24.99,77.0,23.22,2.27,0.54
2022-08-25,0.36,25.21,81.73,20.5,2.24,0.54
2022-08-26,0.21,25.25,78.88,20.45,2.29,0.53
2022-08-27,0.37,24.89,79.55,21.31,2.17,0.53
2022-08-28,0.99,24.98,82.23,20.28,2.0,0.53
2022-08-29,1.28,25.25,84.25,21.61,2.09,0.53
2022-08-30,1.11,25.58,83.36,18.82,2.09,0.53
2022-08-31,0.75,25.55,81.55,17.8,1.76,0.53
2022-09-01,0.15,25.8,81.1,22.85,1.93,0.53
2022-09-02,0.34,26.06,82.45,23.84,1.87,0.53
2022-09-03,0.66,25.99,82.64,21.99,1.95,0.52
2022-09-04,1.09,25.97,83.41,20.27,1.98,0.52
2022-09-05,1.42,25.86,83.1,20.27,1.56,0.52
2022-09-06,1.27,26.06,83.2,17.76,1.69,0.52
2022-09-07,1.13,25.76,84.43,19.56,2.01,0.52
2022-09-08,1.96,26.22,84.44,19.89,1.91,0.52
2022-09-09,1.31,26.38,82.82,21.78,1.69,0.52
2022-09-10,0.84,25.88,83.61,20.68,1.91,0.52
2022-09-11,0.32,26.16,80.62,23.44,1.94,0.52
2022-09-12,0.2,26.45,79.15,24.46,1.83,0.52
2022-09-13,0.55,26.06,79.95,24.19,2.24,0.51
2022-09-14,2.46,25.91,82.92,21.32,2.25,0.51
2022-09-15,2.72,25.72,83.56,20.27,2.36,0.52
2022-09-16,0.45,25.61,81.46,23.45,1.94,0.52
2022-09-17,0.01,26.09,77.76,22.62,1.66,0.51
2022-09-18,0.01,26.26,78.18,22.65,1.57,0.51
2022-09-19,1.19,26.26,78.73,21.57,1.82,0.51
2022-09-20,3.85,25.88,81.84,20.08,2.26,0.51
2022-09-21,3.07,26.12,81.06,20.22,1.79,0.51
2022-09-22,3.65,26.5,82.1,22.47,1.89,0.51
2022-09-23,1.48,26.82,81.4,21.41,1.71,0.52
2022-09-24,0.53,26.75,82.06,23.11,1.79,0.52
2022-09-25,0.25,26.69,79.08,23.1,1.76,0.51
2022-09-26,0.22,26.61,78.55,25.41,2.03,0.51
2022-09-27,0.04,26.42,73.5,26.37,1.75,0.5
2022-09-28,0.06,26.38,75.01,24.09,1.57,0.5
2022-09-29,1.39,26.87,76.39,19.66,1.13,0.5
2022-09-30,5.26,26.66,83.2,14.36,1.33,0.5
2022-10-01,8.39,26.39,86.24,20.92,1.35,0.51
2022-10-02,6.2,26.98,81.86,22.26,1.57,0.53
2022-10-03,5.44,26.64,84.47,18.69,1.78,0.53
2022-10-04,12.9,26.41,83.74,21.46,1.74,0.55
2022-10-05,5.46,26.58,83.31,19.78,1.86,0.56
2022-10-06,32.47,26.03,87.94,14.29,1.52,0.59
2022-10-07,5.62,26.48,87.69,20.96,1.84,0.61
2022-10-08,2.44,27.14,85.69,23.27,1.71,0.6
2022-10-09,3.11,27.08,85.87,21.98,1.66,0.6
2022-10-10,4.39,26.5,87.13,21.07,1.4,0.59
2022-10-11,6.36,26.43,85.79,21.18,1.41,0.59
2022-10-12,10.44,25.81,86.89,19.21,1.66,0.6
2022-10-13,1.47,26.39,82.7,22.57,1.87,0.6
2022-10-14,2.2,26.37,81.54,22.76,1.77,0.59
2022-10-15,0.79,26.62,79.54,24.06,1.9,0.58
2022-10-16,6.43,26.66,85.3,21.15,1.81,0.57
2022-10-17,10.68,26.18,89.06,17.27,2.02,0.59
2022-10-18,13.16,26.18,89.51,15.07,1.56,0.6
2022-10-19,22.9,26.7,85.55,16.23,0.82,0.62
2022-10-20,7.54,27.2,83.65,20.52,1.12,0.65
2022-10-21,5.13,27.32,84.91,21.47,1.12,0.64
2022-10-22,1.28,27.11,85.81,20.44,1.22,0.63
2022-10-23,0.71,28.02,78.9,24.37,1.18,0.61
2022-10-24,1.42,27.1,82.24,21.77,1.34,0.6
2022-10-25,2.81,26.76,84.76,21.99,1.35,0.6
2022-10-26,64.73,26.43,89.28,19.31,1.75,0.67
2022-10-27,4.09,26.05,85.31,19.38,1.51,0.7
2022-10-28,4.03,25.83,82.88,19.56,2.0,0.68
2022-10-29,0.25,25.9,76.99,25.04,2.1,0.66
2022-10-30,1.12,25.92,77.64,25.62,1.91,0.64
2022-10-31,0.88,26.1,76.83,23.49,1.59,0.63
2022-11-01,2.83,26.83,79.64,23.27,1.52,0.61
2022-11-02,15.67,26.63,85.74,23.0,1.55,0.63
2022-11-03,1.23,27.53,84.56,24.27,1.49,0.63
2022-11-04,3.15,27.64,84.02,23.25,1.6,0.63
2022-11-05,0.5,27.6,80.53,21.57,1.23,0.62
2022-11-06,1.08,27.47,80.34,23.48,1.35,0.61
2022-11-07,16.87,26.97,84.46,17.03,1.34,0.62
2022-11-08,17.94,26.28,85.19,20.7,1.33,0.65
2022-11-09,4.36,26.62,79.54,17.97,1.61,0.67
2022-11-10,3.09,27.24,80.89,21.23,1.46,0.65
2022-11-11,11.16,26.94,87.21,22.61,1.88,0.66
2022-11-12,3.17,27.44,84.31,21.9,1.29,0.65
2022-11-13,22.62,26.92,88.87,20.39,1.27,0.68
2022-11-14,1.29,27.1,86.22,20.43,1.18,0.68
2022-11-15,2.85,27.11,83.59,18.96,0.99,0.67
2022-11-16,11.96,26.86,80.92,16.05,0.95,0.67
2022-11-17,2.44,27.53,80.67,23.53,1.15,0.67
2022-11-18,15.64,26.33,82.19,15.8,0.89,0.68
2022-11-19,14.76,27.63,74.63,9.37,0.93,0.68
2022-11-20,10.31,27.74,77.42,23.95,0.87,0.7
2022-11-21,5.96,28.19,77.07,17.75,0.71,0.69
2022-11-22,4.72,27.53,80.54,17.18,1.01,0.68
2022-11-23,8.21,27.35,80.98,11.05,1.22,0.68
2022-11-24,8.8,27.34,79.4,11.86,0.85,0.68
2022-11-25,8.31,27.31,78.28,15.12,0.83,0.69
2022-11-26,54.81,25.84,90.7,21.11,1.79,0.7
2022-11-27,43.54,25.98,89.14,16.62,0.77,0.77
2022-11-28,6.72,26.19,87.06,14.52,1.36,0.74
2022-11-29,16.64,26.7,83.58,18.23,1.5,0.74
2022-11-30,5.67,26.48,82.11,21.1,1.69,0.73
2022-12-01,3.2,26.27,80.02,21.62,1.58,0.71
2022-12-02,4.1,26.68,76.04,17.35,1.25,0.71
2022-12-03,3.65,27.36,73.49,22.45,1.06,0.69
2022-12-04,6.56,27.39,80.78,22.6,1.57,0.7
2022-12-05,4.51,27.54,81.86,22.67,1.41,0.69
2022-12-06,2.87,27.41,79.76,25.21,1.02,0.69
2022-12-07,1.61,28.32,74.65,25.62,1.27,0.69
2022-12-08,8.68,27.83,78.34,25.45,1.68,0.69
2022-12-09,0.19,27.31,79.78,24.67,1.82,0.68
2022-12-10,0.68,27.79,79.27,25.68,1.59,0.68
2022-12-11,2.43,27.6,80.86,22.0,1.57,0.67
2022-12-12,0.65,28.35,76.89,24.92,0.95,0.67
2022-12-13,14.69,28.08,81.03,23.4,0.81,0.67
2022-12-14,16.07,28.03,79.05,22.04,0.77,0.71
2022-12-15,2.18,27.8,79.01,20.15,1.01,0.7
2022-12-16,14.18,26.32,87.9,11.75,1.25,0.71
2022-12-17,7.21,26.91,75.38,11.07,0.99,0.71
2022-12-18,1.25,27.27,75.74,22.34,1.22,0.7
2022-12-19,0.26,27.29,76.56,26.93,1.52,0.69
2022-12-20,0.12,26.99,72.93,25.78,1.37,0.68
2022-12-21,2.05,27.09,73.61,23.05,1.33,0.67
2022-12-22,9.83,26.62,87.59,15.48,2.6,0.68
2022-12-23,13.99,26.31,88.09,14.46,2.39,0.7
2022-12-24,28.5,25.9,89.81,14.36,2.69,0.72
2022-12-25,79.83,25.79,91.05,8.98,2.1,0.79
2022-12-26,10.39,25.9,87.64,15.4,2.01,0.83
2022-12-27,6.19,26.29,86.73,13.94,2.07,0.79
2022-12-28,7.14,26.45,84.92,18.55,1.72,0.77
2022-12-29,20.2,26.01,89.5,12.79,1.71,0.77
2022-12-30,9.24,25.85,89.04,6.52,2.25,0.78
2022-12-31,10.36,26.49,87.42,21.07,1.99,0.78
2023-01-01,11.2,25.87,88.08,17.34,2.1,0.79
2023-01-02,7.93,26.24,88.19,17.64,2.3,0.79
2023-01-03,8.82,26.34,89.65,19.42,3.31,0.78
2023-01-04,6.78,26.59,84.55,21.56,3.15,0.79
2023-01-05,5.21,26.56,87.26,23.1,2.88,0.78
2023-01-06,3.78,26.2,89.49,19.56,2.69,0.78
2023-01-07,2.28,26.18,86.81,23.22,2.38,0.77
2023-01-08,0.36,26.3,79.38,25.34,1.91,0.77
2023-01-09,0.57,26.02,81.42,23.12,1.74,0.76
2023-01-10,0.5,25.79,83.5,25.32,1.86,0.75
2023-01-11,0.35,26.21,81.77,23.17,1.8,0.74
2023-01-12,0.91,26.22,82.64,23.87,1.84,0.74
2023-01-13,2.18,26.34,83.91,22.64,1.61,0.74
2023-01-14,1.28,27.04,83.02,23.79,1.86,0.73
2023-01-15,6.72,26.66,89.22,19.8,1.81,0.73
2023-01-16,11.05,26.6,91.2,16.55,1.31,0.75
2023-01-17,7.55,26.22,89.78,17.99,1.62,0.76
2023-01-18,4.04,26.5,86.73,19.19,1.57,0.76
2023-01-19,7.34,26.27,87.93,20.13,1.81,0.76
2023-01-20,4.66,25.94,86.54,20.36,1.63,0.76
2023-01-21,2.45,26.76,79.31,23.5,1.64,0.75
2023-01-22,2.06,26.72,80.06,20.09,1.62,0.75
2023-01-23,0.11,26.69,80.49,25.04,1.3,0.74
2023-01-24,0.65,26.51,80.41,24.53,1.12,0.73
2023-01-25,5.94,27.02,81.16,17.72,1.09,0.73
2023-01-26,19.04,26.45,86.56,15.22,1.51,0.75
2023-01-27,9.32,26.06,87.63,18.11,1.69,0.77
2023-01-28,47.52,25.61,93.38,12.9,1.88,0.8
2023-01-29,6.07,25.68,91.69,19.04,1.71,0.8
2023-01-30,7.42,26.16,86.92,16.09,1.7,0.8
2023-01-31,9.32,26.51,88.08,15.08,2.14,0.79
2023-02-01,12.24,26.08,91.15,16.87,1.89,0.8
2023-02-02,6.16,25.58,89.52,7.8,1.6,0.81
2023-02-03,12.69,26.01,87.1,13.6,1.58,0.81
2023-02-04,20.19,26.03,90.15,7.31,1.81,0.82
2023-02-05,11.54,25.96,92.32,10.72,2.53,0.84
2023-02-06,9.31,25.73,89.6,12.8,2.84,0.84
2023-02-07,10.55,26.04,88.38,13.48,2.37,0.84
2023-02-08,40.66,26.07,87.95,15.25,1.89,0.87
2023-02-09,7.83,25.66,90.51,14.79,1.74,0.88
2023-02-10,9.01,25.71,87.4,14.19,0.99,0.87
2023-02-11,7.96,26.33,86.24,18.82,1.37,0.88
2023-02-12,12.98,26.1,87.59,16.77,1.51,0.88
2023-02-13,16.86,26.14,88.64,14.43,2.42,0.89
2023-02-14,13.32,26.06,90.59,19.29,2.49,0.89
2023-02-15,4.6,25.87,90.08,13.96,2.03,0.89
2023-02-16,12.67,26.36,87.38,20.76,1.87,0.89
2023-02-17,9.05,25.91,89.42,17.8,1.98,0.89
2023-02-18,53.89,26.07,88.29,16.86,1.95,0.91
2023-02-19,4.11,26.38,87.14,21.47,1.97,0.93
2023-02-20,2.01,26.53,86.62,19.3,1.91,0.91
2023-02-21,2.63,26.5,86.05,22.55,1.69,0.91
2023-02-22,8.25,26.71,87.45,21.44,1.92,0.9
2023-02-23,20.46,26.13,91.88,12.66,1.9,0.91
2023-02-24,9.04,26.16,90.96,13.87,1.95,0.92
2023-02-25,11.02,26.08,89.81,15.25,2.25,0.92
2023-02-26,17.02,25.65,91.92,13.25,2.61,0.93
2023-02-27,6.23,26.35,88.37,19.76,2.0,0.92
2023-02-28,5.31,25.69,89.26,17.31,1.93,0.92
2023-03-01,5.61,25.85,88.73,15.92,2.11,0.91
2023-03-02,13.23,25.66,88.8,14.9,1.82,0.91
2023-03-03,0.85,25.84,85.21,22.77,1.78,0.91
2023-03-04,4.46,26.12,84.2,20.69,2.02,0.9
2023-03-05,8.62,26.24,85.47,19.69,2.19,0.9
2023-03-06,7.21,25.99,87.56,14.92,1.76,0.9
2023-03-07,6.58,26.49,86.28,19.97,1.59,0.9
2023-03-08,2.59,26.36,85.01,22.54,1.39,0.89
2023-03-09,1.74,27.04,79.82,22.39,1.04,0.88
2023-03-10,0.35,27.0,80.9,25.04,1.25,0.87
2023-03-11,0.15,27.02,80.54,27.13,1.3,0.86
2023-03-12,0.25,26.82,80.4,25.85,1.25,0.85
2023-03-13,1.23,26.5,82.4,21.1,1.36,0.84
2023-03-14,0.97,26.68,83.08,19.45,1.48,0.84
2023-03-15,0.6,27.17,82.59,23.41,1.3,0.83
2023-03-16,2.6,27.39,83.28,24.08,1.48,0.82
2023-03-17,2.76,27.37,82.87,20.86,0.99,0.82
2023-03-18,5.74,27.28,84.79,22.88,1.0,0.82
2023-03-19,1.53,27.69,82.92,22.9,1.22,0.82
2023-03-20,1.05,27.36,85.94,22.02,1.6,0.82
2023-03-21,0.88,27.37,82.97,21.02,1.42,0.81
2023-03-22,4.68,27.38,82.67,21.91,0.92,0.81
2023-03-23,1.75,27.81,79.76,21.04,0.9,0.8
2023-03-24,12.73,27.74,81.56,19.93,0.96,0.8
2023-03-25,2.38,27.27,83.1,22.15,0.91,0.81
2023-03-26,7.91,27.31,81.88,19.38,0.73,0.81
2023-03-27,31.14,27.97,78.05,21.01,0.81,0.84
2023-03-28,8.32,27.45,83.36,18.2,0.8,0.84
2023-03-29,40.99,26.58,86.92,16.29,1.05,0.88
2023-03-30,3.44,26.89,81.61,17.42,0.98,0.88
2023-03-31,8.57,25.67,89.51,18.55,1.33,0.87
2023-04-01,7.15,25.29,88.1,14.93,1.37,0.88
2023-04-02,4.59,25.78,86.99,18.41,1.01,0.87
2023-04-03,9.93,26.85,83.43,15.24,0.92,0.88
2023-04-04,21.76,26.06,86.64,10.64,1.33,0.88
2023-04-05,5.43,27.03,78.87,16.85,0.81,0.9
2023-04-06,5.49,26.59,85.46,20.05,1.29,0.89
2023-04-07,6.73,25.86,88.47,19.38,1.63,0.89
2023-04-08,24.14,25.61,87.72,19.35,1.36,0.9
2023-04-09,7.33,25.54,87.69,18.39,1.74,0.91
2023-04-10,8.14,25.67,90.09,18.04,2.04,0.91
2023-04-11,2.48,26.38,87.3,18.56,1.84,0.9
2023-04-12,5.0,26.34,89.42,17.16,1.46,0.9
2023-04-13,6.29,26.81,86.32,10.25,1.04,0.9
2023-04-14,3.56,26.0,87.22,19.52,1.07,0.9
2023-04-15,2.08,26.39,84.7,20.72,1.45,0.89
2023-04-16,0.27,27.03,81.68,21.68,1.05,0.89
2023-04-17,0.78,26.51,84.71,21.88,1.19,0.88
2023-04-18,0.3,26.86,81.97,21.83,1.38,0.87
2023-04-19,7.64,26.63,86.8,22.29,1.75,0.87
2023-04-20,1.97,26.44,84.77,21.26,2.15,0.86
2023-04-21,0.05,25.85,84.67,19.44,2.1,0.85
2023-04-22,0.08,26.56,83.04,23.12,2.13,0.84
2023-04-23,0.12,26.78,84.87,23.17,1.89,0.83
2023-04-24,0.69,26.82,86.39,23.7,1.91,0.83
2023-04-25,1.83,27.13,86.79,18.19,1.49,0.82
2023-04-26,1.56,26.8,89.0,20.21,1.77,0.82
2023-04-27,12.52,26.78,90.88,17.98,1.92,0.81
2023-04-28,27.63,26.37,92.84,15.61,1.75,0.84
2023-04-29,3.87,26.53,91.26,14.17,1.48,0.85
2023-04-30,0.7,26.54,84.63,20.76,1.71,0.85
2023-05-01,0.13,26.77,84.41,18.77,1.74,0.84
2023-05-02,0.41,26.58,86.55,19.01,1.84,0.83
2023-05-03,1.07,26.89,86.75,20.64,1.8,0.82
2023-05-04,1.08,26.77,86.79,20.83,1.92,0.82
2023-05-05,2.69,26.48,89.36,18.49,2.09,0.81
2023-05-06,0.67,26.4,85.17,20.49,2.09,0.81
2023-05-07,1.17,26.57,87.29,21.26,1.85,0.8
2023-05-08,4.85,26.93,88.73,19.67,2.12,0.8
2023-05-09,3.36,26.64,88.96,11.26,2.22,0.8
2023-05-10,4.92,26.52,89.99,18.52,1.91,0.79
2023-05-11,3.24,26.47,90.21,18.9,2.27,0.8
2023-05-12,0.21,26.31,84.98,21.22,2.38,0.79
2023-05-13,0.1,25.37,82.93,21.78,2.44,0.78
2023-05-14,0.08,25.02,79.25,22.48,2.28,0.77
2023-05-15,0.04,24.71,79.98,22.02,2.05,0.76
2023-05-16,0.33,24.64,79.06,21.38,1.81,0.76
2023-05-17,0.74,24.68,82.3,19.87,1.8,0.76
2023-05-18,0.15,25.36,83.29,20.02,1.66,0.75
2023-05-19,2.14,25.52,85.97,19.17,2.06,0.75
2023-05-20,0.35,25.14,84.35,20.18,2.32,0.74
2023-05-21,0.6,24.85,82.7,20.71,2.27,0.74
2023-05-22,0.5,24.99,83.1,19.69,2.04,0.73
2023-05-23,0.71,25.28,84.54,20.23,1.92,0.73
2023-05-24,0.11,25.58,84.03,20.44,1.69,0.72
2023-05-25,0.79,25.24,86.0,19.84,2.1,0.72
2023-05-26,1.08,25.16,84.57,19.79,2.17,0.72
2023-05-27,0.61,24.64,82.24,19.69,2.22,0.71
2023-05-28,0.62,24.52,82.45,20.73,2.23,0.71
2023-05-29,1.54,25.07,84.92,20.06,2.2,0.71
2023-05-30,1.19,25.46,85.09,20.25,1.91,0.71
2023-05-31,1.25,25.46,86.33,19.04,1.98,0.7
2023-06-01,2.83,25.56,86.98,17.91,2.06,0.7
2023-06-02,1.54,25.22,87.36,15.65,2.24,0.7
2023-06-03,0.07,24.94,84.05,20.01,2.02,0.7
2023-06-04,1.0,25.19,85.67,19.13,1.77,0.7
2023-06-05,3.01,25.7,86.88,18.89,1.71,0.69
2023-06-06,1.51,25.73,88.04,17.77,1.81,0.69
2023-06-07,0.86,25.79,86.19,18.44,2.09,0.69
2023-06-08,0.5,25.64,84.85,19.67,2.03,0.69
2023-06-09,0.77,25.36,86.32,20.06,2.01,0.68
2023-06-10,2.23,25.97,88.14,16.03,1.7,0.68
2023-06-11,1.53,26.2,87.54,18.06,1.91,0.68
2023-06-12,1.02,25.78,86.64,18.93,2.34,0.68
2023-06-13,0.43,25.09,83.5,19.12,2.37,0.67
2023-06-14,0.25,25.23,84.74,19.27,1.99,0.67
2023-06-15,0.77,24.83,84.8,19.26,1.97,0.67
2023-06-16,0.84,25.11,84.56,17.27,1.93,0.67
2023-06-17,1.27,25.14,84.95,19.92,1.99,0.66
2023-06-18,0.83,25.12,83.6,19.79,1.77,0.66
2023-06-19,0.0,25.75,77.82,19.44,1.16,0.66
2023-06-20,0.05,25.72,81.12,18.48,1.17,0.66
2023-06-21,0.35,25.17,85.13,19.53,1.59,0.66
2023-06-22,0.38,24.78,84.67,20.11,1.86,0.65
2023-06-23,2.03,25.06,84.83,20.17,1.89,0.65
2023-06-24,0.65,25.24,85.9,19.64,1.73,0.65
2023-06-25,0.7,25.69,84.37,19.29,1.42,0.65
2023-06-26,2.12,25.95,82.73,17.77,1.01,0.65
2023-06-27,3.19,25.32,86.54,17.98,1.44,0.65
2023-06-28,0.87,25.52,86.68,18.17,1.77,0.65
2023-06-29,2.01,26.07,87.8,17.96,1.69,0.65
2023-06-30,2.18,26.25,86.3,17.77,1.43,0.65
2023-07-01,8.2,25.68,88.66,13.45,2.35,0.66
2023-07-02,4.84,25.49,87.73,15.45,2.26,0.66
2023-07-03,6.62,25.16,88.3,12.37,2.14,0.67
2023-07-04,4.19,25.54,87.37,17.23,1.79,0.67
2023-07-05,1.53,25.58,88.28,18.27,2.01,0.67
2023-07-06,5.09,25.68,89.07,15.35,2.4,0.66
2023-07-07,5.2,25.34,90.63,15.47,2.58,0.67
2023-07-08,2.62,24.99,90.63,14.46,2.14,0.67
2023-07-09,0.87,25.45,86.25,18.7,2.16,0.67
2023-07-10,0.24,24.94,84.33,19.98,2.27,0.66
2023-07-11,0.57,24.3,83.87,20.41,2.38,0.65
2023-07-12,2.99,24.95,86.11,18.55,2.24,0.65
2023-07-13,1.13,25.16,85.21,16.22,2.39,0.65
2023-07-14,2.43,24.76,86.69,18.34,2.23,0.65
2023-07-15,0.65,24.62,85.73,19.46,2.03,0.64
2023-07-16,3.99,24.2,86.6,19.03,1.99,0.64
2023-07-17,2.84,24.47,85.12,20.01,2.36,0.64
2023-07-18,0.77,24.55,84.23,21.18,2.35,0.64
2023-07-19,0.18,24.27,80.3,20.66,2.49,0.64
2023-07-20,0.23,24.04,80.26,20.59,2.31,0.63
2023-07-21,0.46,24.23,82.75,20.65,2.16,0.63
2023-07-22,0.54,24.32,80.39,20.43,2.61,0.62
2023-07-23,0.38,24.17,78.64,19.21,2.27,0.62
2023-07-24,1.02,24.53,84.2,20.0,2.16,0.62
2023-07-25,0.47,24.28,83.8,19.07,2.39,0.61
2023-07-26,0.29,24.19,83.21,20.35,2.17,0.61
2023-07-27,0.15,23.63,83.99,21.38,2.17,0.61
2023-07-28,0.07,23.67,81.52,21.06,2.33,0.61
2023-07-29,0.08,23.58,82.99,20.93,2.22,0.6
2023-07-30,0.4,24.06,86.15,20.36,2.28,0.6
2023-07-31,0.2,24.88,85.01,19.79,2.09,0.6
2023-08-01,0.04,25.37,83.65,20.64,1.82,0.6
2023-08-02,0.03,25.33,82.27,21.77,1.62,0.59
2023-08-03,0.01,25.01,83.42,20.19,1.92,0.59
2023-08-04,0.33,25.13,84.41,20.12,2.18,0.59
2023-08-05,0.41,25.19,85.2,18.9,2.51,0.58
2023-08-06,0.16,25.18,83.85,21.35,2.22,0.58
2023-08-07,0.02,24.53,81.54,22.63,2.39,0.58
2023-08-08,0.1,24.41,81.21,22.63,2.33,0.57
2023-08-09,0.11,24.35,79.85,23.01,2.29,0.57
2023-08-10,0.02,24.29,79.83,21.95,2.1,0.57
2023-08-11,0.13,24.45,82.71,22.33,1.97,0.56
2023-08-12,0.22,24.81,81.51,21.07,2.12,0.56
2023-08-13,0.3,24.85,81.69,20.9,2.13,0.56
2023-08-14,0.72,25.08,83.15,20.97,2.08,0.56
2023-08-15,0.58,24.87,83.89,19.98,2.24,0.56
2023-08-16,0.64,24.65,83.68,21.06,2.24,0.55
2023-08-17,0.81,24.16,84.08,19.7,2.2,0.55
2023-08-18,0.69,24.38,83.85,21.85,2.15,0.55
2023-08-19,0.11,24.96,80.65,21.75,2.02,0.55
2023-08-20,0.26,25.21,82.27,21.32,2.2,0.55
2023-08-21,0.44,24.84,83.04,21.53,2.49,0.55
2023-08-22,0.03,24.43,78.11,23.18,2.56,0.54
2023-08-23,0.2,24.6,80.8,22.79,2.24,0.54
2023-08-24,1.16,24.92,83.2,20.47,2.31,0.54
2023-08-25,0.07,24.96,81.16,23.06,2.52,0.54
2023-08-26,0.24,24.81,81.5,23.06,2.25,0.53
2023-08-27,0.28,24.97,80.46,22.58,2.11,0.53
2023-08-28,0.18,24.83,81.16,23.86,2.31,0.53
2023-08-29,0.68,24.86,81.78,23.93,2.34,0.53
2023-08-30,0.41,25.03,81.02,24.23,2.38,0.53
2023-08-31,0.45,24.6,80.81,22.99,2.4,0.52
2023-09-01,0.1,24.48,78.78,25.05,2.27,0.52
2023-09-02,0.16,24.62,77.69,24.7,1.97,0.52
2023-09-03,0.21,24.51,77.39,24.1,2.2,0.52
2023-09-04,0.19,24.23,77.21,24.19,2.3,0.51
2023-09-05,0.34,24.93,80.13,23.07,2.11,0.51
2023-09-06,0.73,24.71,81.15,20.9,2.38,0.51
2023-09-07,0.3,24.63,79.46,23.61,2.31,0.51
2023-09-08,0.15,24.6,78.78,24.37,2.17,0.51
2023-09-09,0.15,25.01,79.34,24.02,1.94,0.51
2023-09-10,0.19,25.31,82.68,20.85,1.93,0.51
2023-09-11,0.31,26.09,82.58,23.34,2.12,0.5
2023-09-12,0.28,26.08,81.49,22.35,2.0,0.5
2023-09-13,0.14,25.71,79.82,22.07,2.14,0.5
2023-09-14,0.14,25.4,78.27,21.6,2.29,0.5
2023-09-15,0.34,25.51,80.84,23.12,2.5,0.5
2023-09-16,0.11,25.84,78.69,22.93,2.13,0.5
2023-09-17,0.32,25.9,78.32,20.67,2.12,0.49
2023-09-18,0.56,25.54,79.43,21.0,2.08,0.49
2023-09-19,0.91,25.31,79.35,22.05,2.06,0.49
2023-09-20,0.16,25.41,77.99,23.72,2.06,0.49
2023-09-21,0.05,25.2,78.43,25.65,2.14,0.49
2023-09-22,0.31,25.2,79.34,24.6,2.27,0.49
2023-09-23,0.4,25.75,80.72,24.01,1.85,0.49
2023-09-24,0.41,25.94,79.23,24.46,1.78,0.49
2023-09-25,0.31,25.64,79.3,24.18,1.83,0.48
2023-09-26,0.24,26.0,77.18,25.82,1.8,0.48
2023-09-27,0.23,26.32,76.89,25.39,1.65,0.48
2023-09-28,0.11,26.68,77.44,25.79,1.99,0.48
2023-09-29,0.07,26.56,77.3,25.64,1.65,0.48
2023-09-30,0.1,26.31,77.62,25.03,1.8,0.47
2023-10-01,0.2,26.24,78.34,25.36,1.76,0.47
2023-10-02,0.35,26.24,78.85,23.64,1.76,0.47
2023-10-03,0.08,26.57,80.2,23.39,1.68,0.47
2023-10-04,0.03,27.05,80.47,23.77,1.6,0.47
2023-10-05,0.01,27.53,76.62,24.81,1.46,0.47
2023-10-06,0.01,27.33,78.0,24.23,1.48,0.47
2023-10-07,0.03,27.55,78.5,23.85,1.37,0.47
2023-10-08,0.03,27.26,77.95,25.25,1.85,0.46
2023-10-09,0.06,27.35,76.8,25.65,1.71,0.46
2023-10-10,0.03,26.78,78.83,26.13,1.73,0.46
2023-10-11,0.05,27.2,76.49,25.98,1.61,0.46
2023-10-12,0.14,27.73,76.16,23.17,1.56,0.46
2023-10-13,0.09,27.86,76.2,23.87,1.55,0.46
2023-10-14,0.09,27.96,76.3,26.21,1.61,0.46
2023-10-15,0.12,28.17,75.19,25.7,1.67,0.45
2023-10-16,0.05,27.84,78.37,25.93,1.84,0.45
2023-10-17,0.02,27.44,75.89,25.69,1.54,0.45
2023-10-18,0.09,27.41,75.51,26.53,1.8,0.45
2023-10-19,0.03,27.62,76.5,26.33,1.5,0.45
2023-10-20,0.05,27.6,73.98,25.54,1.6,0.45
2023-10-21,0.01,27.8,72.45,26.21,1.37,0.45
2023-10-22,0.02,28.02,72.51,25.07,1.15,0.45
2023-10-23,0.12,27.91,74.99,23.89,1.4,0.45
2023-10-24,0.1,28.08,74.28,25.41,1.4,0.44
2023-10-25,0.01,28.2,73.03,25.41,1.44,0.44
2023-10-26,0.03,28.31,72.84,25.91,1.31,0.44
2023-10-27,0.01,28.52,71.01,25.63,1.06,0.44
2023-10-28,0.05,28.49,71.68,25.11,1.3,0.44
2023-10-29,0.02,28.37,74.67,25.59,1.6,0.44
2023-10-30,0.17,28.3,77.19,24.66,1.5,0.44
2023-10-31,0.03,28.62,75.4,25.06,1.47,0.44
2023-11-01,0.04,28.26,77.32,22.56,1.76,0.44
2023-11-02,0.72,28.53,76.77,24.78,1.77,0.44
2023-11-03,1.23,28.04,79.43,23.95,1.87,0.44
2023-11-04,0.94,28.09,77.28,23.11,1.61,0.44
2023-11-05,0.01,28.16,74.24,25.9,1.42,0.44
2023-11-06,0.03,28.65,72.78,26.36,1.2,0.44
2023-11-07,0.27,28.62,75.68,24.13,1.19,0.44
2023-11-08,0.08,29.26,70.41,25.67,1.09,0.44
2023-11-09,0.37,28.67,75.25,22.08,1.08,0.44
2023-11-10,0.28,29.0,74.18,22.43,1.1,0.44
2023-11-11,1.02,28.78,77.01,23.03,1.32,0.44
2023-11-12,2.59,27.41,85.0,22.09,2.21,0.44
2023-11-13,1.85,28.25,79.92,23.64,1.85,0.45
2023-11-14,3.02,28.6,78.68,22.92,1.76,0.45
2023-11-15,1.0,28.57,77.23,21.88,1.88,0.45
2023-11-16,5.2,28.27,78.59,21.9,1.72,0.45
2023-11-17,5.66,27.91,78.77,22.19,1.91,0.46
2023-11-18,0.69,27.9,72.93,24.91,1.9,0.46
2023-11-19,1.1,27.96,75.27,23.25,1.98,0.46
2023-11-20,0.16,28.26,73.19,25.33,2.04,0.46
2023-11-21,0.33,28.5,76.23,24.67,1.95,0.45
2023-11-22,0.66,28.98,76.76,26.74,1.94,0.45
2023-11-23,2.31,28.18,81.26,24.47,1.68,0.45
2023-11-24,0.69,28.55,75.47,22.5,0.97,0.45
2023-11-25,1.01,28.75,74.98,19.96,1.15,0.45
2023-11-26,1.16,28.34,75.62,22.52,1.62,0.45
2023-11-27,4.9,28.3,74.28,20.94,1.13,0.45
2023-11-28,13.61,27.38,80.46,21.98,1.33,0.48
2023-11-29,10.67,27.8,81.02,20.78,1.59,0.49
2023-11-30,15.05,27.67,87.44,21.22,1.46,0.52
2023-12-01,10.73,27.35,89.06,19.77,1.56,0.54
2023-12-02,8.14,27.18,88.07,19.51,1.76,0.54
2023-12-03,61.86,27.31,85.38,22.83,1.68,0.61
2023-12-04,6.89,27.29,85.81,21.72,1.84,0.62
2023-12-05,1.48,27.74,82.62,22.36,1.66,0.61
2023-12-06,0.91,28.18,82.0,24.99,1.22,0.59
2023-12-07,4.53,27.98,82.36,21.69,1.36,0.58
2023-12-08,9.22,27.57,80.67,19.84,1.37,0.57
2023-12-09,13.56,27.75,79.42,21.69,1.58,0.58
2023-12-10,3.28,27.88,79.2,24.05,1.47,0.58
2023-12-11,1.42,27.88,79.35,23.81,1.64,0.57
2023-12-12,1.87,28.24,80.08,24.39,1.41,0.55
2023-12-13,3.52,28.47,79.22,23.15,1.03,0.55
2023-12-14,2.68,28.34,80.97,21.02,1.29,0.55
2023-12-15,1.04,27.84,79.2,22.8,1.72,0.54
2023-12-16,0.34,27.8,76.37,21.02,1.78,0.53
2023-12-17,1.45,27.22,75.82,20.98,1.63,0.52
2023-12-18,1.39,27.29,73.65,26.06,1.68,0.52
2023-12-19,0.43,26.99,73.85,26.56,1.9,0.51
2023-12-20,0.29,27.28,73.72,27.17,1.89,0.51
2023-12-21,0.07,27.65,70.7,25.94,1.58,0.5
2023-12-22,0.46,27.91,73.41,26.14,1.36,0.49
2023-12-23,1.1,28.72,73.99,26.44,1.2,0.49
2023-12-24,5.52,28.05,79.86,22.94,0.77,0.49
2023-12-25,3.19,28.86,77.36,19.99,0.69,0.5
2023-12-26,4.13,27.9,84.66,24.14,1.11,0.5
2023-12-27,3.26,28.0,84.17,21.83,1.36,0.51
2023-12-28,6.24,27.91,83.35,21.92,1.65,0.51
2023-12-29,0.69,28.49,76.93,24.89,1.56,0.51
2023-12-30,1.2,29.0,76.12,25.67,1.54,0.51
2023-12-31,2.93,27.95,84.86,22.78,1.52,0.51
2024-01-01,1.76,28.66,80.73,21.86,1.09,0.51
2024-01-02,2.82,29.14,82.37,23.49,1.04,0.51
2024-01-03,2.04,28.94,80.25,20.3,0.74,0.51
2024-01-04,5.0,29.21,76.22,20.69,0.85,0.51
2024-01-05,17.7,27.49,87.96,8.65,1.64,0.53
2024-01-06,5.64,27.86,80.04,10.36,1.06,0.55
2024-01-07,3.0,28.55,75.11,21.31,1.02,0.54
2024-01-08,9.97,27.86,83.3,18.93,1.08,0.55
2024-01-09,6.74,27.85,83.66,21.92,1.48,0.55
2024-01-10,3.03,28.48,82.19,23.87,1.65,0.56
2024-01-11,0.8,28.38,80.55,23.06,1.9,0.55
2024-01-12,0.27,28.05,81.03,22.6,2.12,0.54
2024-01-13,0.23,27.83,77.68,25.18,2.13,0.53
2024-01-14,1.32,27.89,78.78,21.91,2.13,0.52
2024-01-15,1.65,28.07,79.08,18.58,2.06,0.51
2024-01-16,6.47,27.29,84.14,18.68,1.74,0.52
2024-01-17,1.23,28.47,75.45,21.89,1.46,0.52
2024-01-18,14.14,27.79,82.58,13.68,1.55,0.53
2024-01-19,6.84,27.88,80.25,15.5,2.06,0.54
2024-01-20,1.69,27.24,80.87,15.63,2.52,0.54
2024-01-21,2.25,27.97,76.19,23.5,2.6,0.53
2024-01-22,5.4,27.78,81.54,19.59,2.47,0.53
2024-01-23,22.71,27.37,82.66,12.96,2.61,0.57
2024-01-24,1.68,27.53,83.85,12.3,2.31,0.56
2024-01-25,11.68,27.42,88.82,22.0,1.78,0.56
2024-01-26,5.99,27.77,85.0,13.77,1.78,0.58
2024-01-27,3.68,27.63,81.85,19.99,1.53,0.57
2024-01-28,3.85,27.13,83.91,20.5,1.45,0.57
2024-01-29,2.05,27.23,82.56,18.75,1.27,0.56
2024-01-30,1.98,28.14,75.61,23.92,1.11,0.55
2024-01-31,3.37,27.91,76.8,24.93,1.31,0.55
2024-02-01,4.55,27.81,81.16,23.79,1.34,0.55
2024-02-02,1.4,28.04,81.0,23.45,1.45,0.54
2024-02-03,1.6,27.84,83.18,10.32,1.31,0.54
2024-02-04,22.77,26.93,88.88,18.43,1.61,0.55
2024-02-05,8.51,27.52,84.23,21.14,1.73,0.58
2024-02-06,6.23,27.52,85.34,24.2,1.61,0.59
2024-02-07,5.51,27.74,84.46,20.95,1.43,0.58
2024-02-08,8.48,27.49,83.79,22.77,1.18,0.59
2024-02-09,15.75,27.65,82.32,20.39,1.11,0.59
2024-02-10,23.95,27.98,80.26,22.14,0.83,0.64
2024-02-11,67.6,27.64,84.26,19.73,1.38,0.69
2024-02-12,9.73,26.96,86.53,17.04,1.51,0.7
2024-02-13,2.68,28.18,81.12,21.05,1.47,0.68
2024-02-14,3.83,28.3,81.23,18.61,1.0,0.66
2024-02-15,2.37,28.1,82.39,23.53,1.23,0.64
2024-02-16,1.74,28.18,81.32,23.52,1.45,0.62
2024-02-17,1.89,28.33,80.9,21.62,1.22,0.61
2024-02-18,0.67,28.41,79.13,22.83,0.86,0.6
2024-02-19,1.9,28.75,80.63,24.98,0.93,0.59
2024-02-20,4.41,28.88,82.65,24.33,1.29,0.59
2024-02-21,4.26,28.45,85.95,22.11,1.63,0.59
2024-02-22,6.64,28.18,87.33,11.9,1.62,0.59
2024-02-23,2.86,27.73,87.18,16.91,0.97,0.59
2024-02-24,1.95,28.59,80.83,24.21,0.9,0.59
2024-02-25,6.68,28.01,85.24,20.97,0.74,0.59
2024-02-26,6.76,27.2,85.52,18.03,1.66,0.6
2024-02-27,1.48,27.86,79.52,22.73,1.0,0.6
2024-02-28,4.93,27.98,82.2,18.35,0.63,0.59
2024-02-29,3.86,28.89,78.67,22.44,0.92,0.6
2024-03-01,4.9,28.85,78.89,20.6,0.91,0.59
2024-03-02,1.63,28.19,83.07,21.09,1.2,0.59
2024-03-03,7.29,28.24,82.84,18.79,0.89,0.59
2024-03-04,3.59,28.27,83.8,19.59,0.95,0.6
2024-03-05,49.78,28.1,82.28,19.98,0.84,0.64
2024-03-06,0.89,28.37,82.8,20.2,0.77,0.67
2024-03-07,3.64,28.05,87.71,15.96,1.12,0.66
2024-03-08,6.84,28.0,88.76,12.15,1.47,0.65
2024-03-09,14.64,27.36,88.82,12.44,1.66,0.65
2024-03-10,37.12,26.73,90.08,14.13,2.11,0.7
2024-03-11,49.07,26.36,89.85,7.39,2.36,0.77
2024-03-12,4.12,27.28,83.25,11.16,1.24,0.75
2024-03-13,31.87,27.46,86.25,14.63,1.56,0.77
2024-03-14,35.67,26.83,89.0,12.53,1.82,0.78
2024-03-15,6.02,27.15,86.59,15.16,2.12,0.77
2024-03-16,12.19,27.57,86.01,18.06,2.41,0.75
2024-03-17,8.8,27.63,84.71,14.31,2.04,0.73
2024-03-18,4.56,26.76,88.59,16.49,1.66,0.72
2024-03-19,2.06,27.43,85.32,21.87,1.49,0.7
2024-03-20,1.0,27.93,80.63,21.05,1.02,0.69
2024-03-21,1.83,28.28,78.14,23.28,0.9,0.68
2024-03-22,0.44,27.92,77.91,22.67,1.12,0.67
2024-03-23,0.59,27.73,80.92,22.12,1.2,0.66
2024-03-24,1.49,28.0,80.33,20.07,1.26,0.66
2024-03-25,3.08,27.34,81.87,18.67,1.31,0.66
2024-03-26,2.79,27.18,83.01,20.85,1.82,0.65
2024-03-27,0.17,27.43,79.7,22.29,1.56,0.65
2024-03-28,1.25,27.39,83.33,21.39,1.5,0.65
2024-03-29,4.85,27.31,83.61,22.5,1.62,0.65
2024-03-30,0.2,27.73,81.21,24.03,1.61,0.65
2024-03-31,2.3,27.66,85.06,20.27,1.86,0.64
2024-04-01,9.61,27.45,89.25,14.51,1.52,0.65
2024-04-02,2.8,28.09,84.2,21.13,1.37,0.66
2024-04-03,2.31,27.92,80.97,19.47,0.93,0.66
2024-04-04,12.51,27.75,81.64,11.49,0.82,0.67
2024-04-05,6.18,27.77,83.29,18.11,1.06,0.68
2024-04-06,9.64,27.53,86.66,18.9,1.51,0.68
2024-04-07,9.88,27.73,86.44,19.97,1.36,0.69
2024-04-08,3.05,28.34,82.05,17.89,1.1,0.69
2024-04-09,2.39,28.7,77.9,20.31,0.48,0.68
2024-04-10,8.17,28.02,82.58,14.79,0.89,0.68
2024-04-11,12.7,27.87,84.56,18.89,1.01,0.69
2024-04-12,5.14,27.84,81.91,21.48,1.56,0.69
2024-04-13,0.72,27.43,81.99,23.58,1.81,0.68
2024-04-14,2.01,27.43,83.0,22.06,1.71,0.67
2024-04-15,4.64,27.54,85.0,22.91,1.82,0.67
2024-04-16,6.36,27.27,89.2,12.06,2.2,0.67
2024-04-17,3.42,27.35,87.15,20.11,2.23,0.67
2024-04-18,1.64,27.5,84.45,21.43,2.04,0.67
2024-04-19,1.63,27.97,85.78,21.65,1.83,0.66
2024-04-20,1.22,27.72,87.04,21.27,2.03,0.66
2024-04-21,1.99,27.66,86.25,18.44,1.93,0.65
2024-04-22,5.66,26.85,90.73,17.23,1.93,0.66
2024-04-23,3.75,26.98,88.02,8.21,1.72,0.66
2024-04-24,8.67,27.39,88.54,12.8,1.48,0.66
2024-04-25,3.24,27.49,88.24,17.47,1.39,0.67
2024-04-26,1.21,27.71,86.13,22.22,1.55,0.67
2024-04-27,0.96,27.88,87.13,20.88,1.68,0.66
2024-04-28,1.63,27.52,88.3,21.94,2.15,0.66
2024-04-29,0.19,27.16,83.36,19.73,2.09,0.65
2024-04-30,1.17,26.89,85.88,20.88,2.08,0.64
2024-05-01,0.97,27.2,85.2,20.7,1.95,0.64
2024-05-02,1.88,27.07,86.75,21.54,2.14,0.64
2024-05-03,1.31,26.96,85.07,20.78,2.12,0.63
2024-05-04,1.31,26.57,83.98,22.02,2.04,0.63
2024-05-05,1.16,26.31,84.31,21.6,1.69,0.63
2024-05-06,1.27,26.54,85.99,18.68,1.87,0.63
2024-05-07,1.23,26.84,85.74,20.75,1.99,0.62
2024-05-08,0.66,26.62,83.45,19.69,2.14,0.62
2024-05-09,0.8,26.57,83.42,18.91,2.09,0.62
2024-05-10,0.43,27.03,85.4,20.48,1.92,0.61
2024-05-11,0.59,26.92,85.38,20.98,2.01,0.61
2024-05-12,0.49,26.77,85.44,20.99,1.93,0.6
2024-05-13,0.15,26.83,83.03,20.89,1.83,0.6
2024-05-14,0.05,26.42,82.33,22.03,1.86,0.6
2024-05-15,0.15,26.66,83.98,20.39,1.96,0.59
2024-05-16,0.98,26.83,86.39,20.7,2.07,0.59
2024-05-17,0.86,26.77,85.61,20.47,2.11,0.59
2024-05-18,0.53,26.56,84.9,20.65,2.32,0.59
2024-05-19,0.64,26.35,84.25,19.73,2.43,0.58
2024-05-20,0.51,26.23,82.81,18.69,2.31,0.58
2024-05-21,0.5,26.18,83.43,19.84,2.19,0.58
2024-05-22,0.34,26.51,84.53,19.26,1.73,0.57
2024-05-23,0.53,26.79,84.38,17.22,1.68,0.57
2024-05-24,0.62,26.76,86.29,17.26,1.86,0.57
2024-05-25,1.57,26.83,87.03,17.1,2.11,0.57
2024-05-26,0.87,26.61,85.82,17.97,2.39,0.57
2024-05-27,0.53,26.89,85.14,17.87,1.89,0.56
2024-05-28,0.15,27.23,83.48,19.77,1.28,0.56
2024-05-29,0.64,27.28,83.87,18.41,0.99,0.56
2024-05-30,0.89,26.98,86.04,18.23,1.56,0.56
2024-05-31,0.23,27.15,85.11,18.66,1.76,0.56
2024-06-01,0.88,27.44,86.7,18.41,1.87,0.55
2024-06-02,0.84,27.56,86.65,17.92,1.5,0.55
2024-06-03,2.34,26.61,88.05,16.4,2.12,0.55
2024-06-04,0.95,26.51,85.04,16.85,1.97,0.55
2024-06-05,0.81,26.32,84.54,18.2,2.17,0.55
2024-06-06,2.21,25.95,86.17,18.6,2.26,0.55
2024-06-07,2.83,25.8,86.34,13.49,2.15,0.55
2024-06-08,2.07,26.05,87.09,17.25,1.94,0.55
2024-06-09,1.37,26.19,85.45,16.66,1.93,0.55
2024-06-10,2.79,26.02,85.79,19.3,1.96,0.55
2024-06-11,1.88,25.59,84.33,18.27,1.97,0.55
2024-06-12,1.02,25.91,80.73,19.88,1.73,0.55
2024-06-13,2.48,26.03,83.88,18.28,1.77,0.54
2024-06-14,0.99,25.77,82.98,17.44,1.8,0.54
2024-06-15,0.19,25.64,82.17,18.58,1.66,0.54
2024-06-16,0.09,26.0,81.94,18.39,1.55,0.54
2024-06-17,0.31,26.27,83.96,19.29,1.82,0.53
2024-06-18,0.43,25.44,82.37,20.32,2.01,0.53
2024-06-19,0.09,25.1,80.02,19.26,2.18,0.53
2024-06-20,0.31,24.95,81.17,19.41,2.13,0.52
2024-06-21,0.39,25.32,80.64,19.9,2.21,0.52
2024-06-22,0.86,25.49,84.13,18.79,2.38,0.52
2024-06-23,2.17,25.44,84.0,15.73,2.58,0.52
2024-06-24,3.5,25.04,84.82,9.79,2.36,0.52
2024-06-25,0.27,25.28,80.92,16.98,1.95,0.52
2024-06-26,0.07,25.65,78.56,16.3,1.87,0.52
2024-06-27,0.1,26.28,81.37,18.68,1.4,0.51
2024-06-28,1.12,26.52,84.71,17.26,1.32,0.51
2024-06-29,0.84,26.25,85.03,19.05,1.89,0.51
2024-06-30,3.88,25.91,87.46,18.65,2.17,0.51
2024-07-01,4.49,25.66,88.25,13.8,2.08,0.52
2024-07-02,3.04,26.2,87.31,16.03,1.93,0.52
2024-07-03,5.78,25.5,91.47,8.89,2.11,0.53
2024-07-04,1.21,25.62,83.65,17.98,2.61,0.53
2024-07-05,0.48,25.16,81.03,20.12,2.47,0.53
2024-07-06,0.1,25.65,79.24,19.12,2.08,0.52
2024-07-07,0.11,25.41,80.12,19.9,2.04,0.52
2024-07-08,1.22,25.28,84.32,19.97,2.11,0.51
2024-07-09,1.36,25.84,84.16,18.37,2.01,0.51
2024-07-10,0.67,25.72,83.49,17.84,2.14,0.51
2024-07-11,3.29,25.08,85.16,16.77,2.36,0.51
2024-07-12,0.32,24.84,79.16,20.76,2.2,0.51
2024-07-13,0.05,24.49,75.34,21.21,2.15,0.5
2024-07-14,0.6,24.47,76.13,21.47,2.4,0.5
2024-07-15,0.26,24.41,78.78,21.4,2.14,0.5
2024-07-16,0.08,24.63,78.46,22.0,2.33,0.49
2024-07-17,0.11,25.08,79.5,21.06,2.2,0.49
2024-07-18,0.29,25.13,81.26,20.39,2.17,0.49
2024-07-19,0.39,24.54,81.39,20.47,2.52,0.49
2024-07-20,0.21,24.58,77.46,20.2,2.3,0.49
2024-07-21,0.23,24.88,77.66,19.6,2.24,0.48
2024-07-22,0.62,25.39,82.23,18.25,2.11,0.48
2024-07-23,0.23,25.35,79.73,19.07,1.97,0.48
2024-07-24,0.76,25.27,82.71,18.3,1.7,0.48
2024-07-25,0.58,25.31,81.63,18.79,1.95,0.48
2024-07-26,0.36,25.35,82.75,19.82,2.16,0.48
2024-07-27,0.7,25.38,81.81,17.06,2.34,0.48
2024-07-28,0.98,25.42,83.41,17.04,2.04,0.48
2024-07-29,1.74,26.06,83.94,18.46,1.76,0.48
2024-07-30,2.3,26.49,84.13,12.74,1.46,0.48
2024-07-31,0.72,26.6,83.6,17.42,1.19,0.48
2024-08-01,0.1,26.73,81.71,18.32,1.45,0.48
2024-08-02,0.19,26.77,80.84,20.14,1.36,0.48
2024-08-03,0.04,26.58,78.13,20.35,1.38,0.47
2024-08-04,0.23,25.61,80.67,21.38,1.88,0.47
2024-08-05,0.14,25.6,75.82,21.5,2.09,0.47
2024-08-06,0.5,25.58,80.45,18.52,2.12,0.47
2024-08-07,0.6,25.94,80.84,20.34,2.28,0.47
2024-08-08,0.55,25.7,82.54,19.15,2.33,0.47
2024-08-09,0.15,25.76,79.27,21.25,2.43,0.46
2024-08-10,0.13,25.26,75.96,23.25,2.34,0.46
2024-08-11,0.0,24.61,70.66,22.8,2.28,0.46
2024-08-12,0.54,25.18,76.88,21.7,1.94,0.46
2024-08-13,0.69,25.23,79.04,21.1,2.27,0.46
2024-08-14,0.18,25.13,75.16,22.3,2.37,0.46
2024-08-15,0.02,24.74,73.46,22.17,2.36,0.46
2024-08-16,0.0,25.18,72.73,21.8,1.98,0.46
2024-08-17,0.14,25.36,78.71,21.8,1.87,0.45
2024-08-18,0.16,25.41,79.14,21.76,1.89,0.45
2024-08-19,0.15,25.23,74.93,22.48,2.16,0.45
2024-08-20,0.25,25.62,76.63,22.31,2.14,0.45
2024-08-21,0.34,25.7,79.11,22.41,2.11,0.45
2024-08-22,0.26,26.1,77.92,22.31,1.82,0.45
2024-08-23,1.0,25.92,82.24,20.3,1.84,0.45
2024-08-24,2.45,25.4,83.38,19.44,2.46,0.45
2024-08-25,1.37,25.77,82.02,21.0,2.39,0.45
2024-08-26,0.18,26.14,79.43,24.33,2.01,0.45
2024-08-27,0.06,26.06,81.58,21.67,1.84,0.45
2024-08-28,0.09,26.55,78.06,21.57,1.64,0.45
2024-08-29,0.31,26.09,79.72,23.46,2.01,0.45
2024-08-30,0.15,26.29,75.48,21.74,1.63,0.45
2024-08-31,0.4,25.95,78.48,21.51,1.83,0.45
2024-09-01,0.63,26.41,78.02,21.82,1.86,0.45
2024-09-02,0.45,26.5,77.55,24.21,2.13,0.45
2024-09-03,0.57,26.66,80.58,21.9,1.84,0.45
2024-09-04,0.11,27.06,77.99,23.69,1.68,0.44
2024-09-05,0.3,26.63,78.52,23.56,2.05,0.44
2024-09-06,0.71,26.43,79.45,22.98,2.4,0.44
2024-09-07,0.96,26.98,80.28,20.91,2.38,0.44
2024-09-08,0.66,27.0,79.38,22.09,1.99,0.44
2024-09-09,0.27,27.27,79.23,22.37,1.38,0.44
2024-09-10,0.11,27.23,77.46,22.48,1.41,0.44
2024-09-11,0.08,26.61,77.59,24.1,2.03,0.44
2024-09-12,0.22,26.59,75.28,24.91,2.2,0.44
2024-09-13,0.14,26.65,74.27,24.53,2.12,0.44
2024-09-14,0.07,26.65,74.56,24.16,2.13,0.44
2024-09-15,0.16,26.69,74.07,23.36,2.13,0.44
2024-09-16,0.23,26.76,70.51,20.28,1.86,0.44
2024-09-17,0.07,26.57,70.28,24.61,1.76,0.43
2024-09-18,0.69,26.71,72.31,22.03,1.47,0.43
2024-09-19,0.63,27.35,71.28,21.2,0.83,0.43
2024-09-20,0.2,28.07,68.97,23.14,0.89,0.43
2024-09-21,1.94,27.59,76.09,22.21,1.04,0.43
2024-09-22,0.89,28.14,74.98,21.72,0.81,0.44
2024-09-23,1.77,28.11,77.54,20.51,0.93,0.44
2024-09-24,1.52,27.63,79.11,21.82,1.33,0.44
2024-09-25,0.43,27.43,77.1,22.93,1.48,0.44
2024-09-26,0.43,27.13,80.51,22.46,1.53,0.44
2024-09-27,0.55,27.72,79.15,23.72,1.6,0.44
2024-09-28,0.27,27.74,78.35,24.53,1.95,0.44
2024-09-29,1.75,27.59,79.0,23.29,2.31,0.44
2024-09-30,1.31,27.82,79.32,22.66,1.95,0.44
2024-10-01,1.21,27.85,79.0,20.66,1.77,0.44
2024-10-02,0.13,28.21,74.58,24.81,1.28,0.44
2024-10-03,0.78,27.94,77.09,21.69,1.79,0.44
2024-10-04,0.49,27.74,76.61,23.88,2.04,0.44
2024-10-05,0.9,27.87,77.15,23.95,2.03,0.44
2024-10-06,0.49,27.81,78.06,25.41,2.17,0.44
2024-10-07,0.38,27.79,77.2,24.9,2.09,0.44
2024-10-08,0.37,27.76,77.14,25.5,2.25,0.43
2024-10-09,0.23,27.99,75.4,25.69,1.78,0.43
2024-10-10,0.2,28.36,74.88,25.42,1.67,0.43
2024-10-11,0.4,28.42,77.52,25.01,1.91,0.43
2024-10-12,0.12,28.46,74.66,25.28,1.88,0.43
2024-10-13,0.37,28.45,75.45,26.24,1.77,0.43
2024-10-14,0.8,28.27,75.14,25.63,1.69,0.43
2024-10-15,1.12,28.18,74.05,21.7,1.63,0.43
2024-10-16,0.95,27.66,73.82,22.87,1.89,0.43
2024-10-17,3.72,27.17,71.73,22.15,2.05,0.43
2024-10-18,4.37,26.99,77.03,23.29,2.13,0.44
2024-10-19,2.04,27.48,77.42,23.3,2.04,0.44
2024-10-20,2.73,27.52,78.81,24.66,2.07,0.44
2024-10-21,4.76,27.01,79.88,22.26,2.11,0.45
2024-10-22,2.14,27.08,78.98,25.18,1.93,0.45
2024-10-23,1.47,27.41,76.64,24.69,1.96,0.45
2024-10-24,0.43,27.69,76.57,24.7,1.78,0.45
2024-10-25,0.08,27.86,74.76,25.63,1.73,0.45
2024-10-26,0.2,27.82,75.96,26.06,1.84,0.45
2024-10-27,0.34,27.84,75.94,25.83,1.59,0.44
2024-10-28,0.22,28.65,73.38,25.93,1.45,0.44
2024-10-29,1.33,28.68,75.81,24.03,1.94,0.44
2024-10-30,10.58,28.44,81.02,23.58,2.21,0.44
2024-10-31,14.54,28.21,83.08,23.18,0.99,0.48
2024-11-01,1.55,28.65,74.65,19.2,0.86,0.49
2024-11-02,6.4,28.35,73.65,19.94,0.46,0.49
2024-11-03,2.91,28.77,74.02,24.44,1.03,0.49
2024-11-04,2.35,28.21,78.37,25.41,1.72,0.49
2024-11-05,0.81,28.49,75.0,26.18,1.99,0.48
2024-11-06,0.43,28.73,73.54,25.81,1.75,0.47
2024-11-07,0.87,28.81,75.31,23.72,1.04,0.47
2024-11-08,5.79,28.34,80.31,19.89,0.98,0.47
2024-11-09,2.82,28.49,79.18,22.16,1.5,0.48
2024-11-10,1.01,28.69,79.03,21.97,1.45,0.47
2024-11-11,1.82,28.89,77.8,23.08,1.53,0.47
2024-11-12,0.81,29.19,74.82,21.36,1.32,0.47
2024-11-13,0.33,29.4,74.76,24.38,1.62,0.46
2024-11-14,1.22,29.22,76.12,23.55,1.91,0.46
2024-11-15,1.12,29.15,76.5,24.09,1.1,0.46
2024-11-16,2.29,28.37,79.15,19.09,1.05,0.46
2024-11-17,0.73,29.15,75.52,21.34,0.76,0.46
2024-11-18,5.68,29.27,75.69,22.96,1.34,0.46
2024-11-19,8.89,29.06,78.17,20.68,1.14,0.47
2024-11-20,1.85,28.96,78.06,21.58,1.09,0.48
2024-11-21,1.18,28.93,74.77,21.41,1.07,0.47
2024-11-22,1.84,28.86,78.84,20.9,1.47,0.47
2024-11-23,2.89,28.95,79.65,22.96,1.51,0.47
2024-11-24,1.88,29.06,79.81,18.79,1.24,0.47
2024-11-25,1.44,28.92,76.45,18.75,1.25,0.47
2024-11-26,7.59,27.7,76.83,18.99,0.98,0.47
2024-11-27,2.85,28.85,72.93,18.11,0.99,0.48
2024-11-28,3.12,28.91,78.09,19.54,1.25,0.48
2024-11-29,2.69,29.15,77.48,21.32,1.43,0.48
2024-11-30,16.06,28.38,83.07,19.76,1.72,0.5
2024-12-01,8.52,27.68,84.94,7.51,1.96,0.51
2024-12-02,4.49,27.29,83.14,15.55,1.43,0.52
2024-12-03,15.07,27.29,83.35,21.7,1.21,0.53
2024-12-04,4.35,27.96,79.32,11.95,1.07,0.53
2024-12-05,10.27,28.22,78.9,15.95,0.93,0.54
2024-12-06,6.72,27.74,82.01,10.8,1.37,0.54
2024-12-07,12.66,27.72,77.74,14.29,1.43,0.55
2024-12-08,8.92,27.81,81.27,17.06,2.24,0.55
2024-12-09,6.26,27.72,82.25,10.1,2.86,0.55
2024-12-10,10.16,27.49,84.76,12.22,2.25,0.55
2024-12-11,14.81,27.88,79.83,11.93,1.64,0.57
2024-12-12,4.45,27.6,79.03,13.78,1.64,0.57
2024-12-13,1.44,27.74,78.7,10.43,1.61,0.56
2024-12-14,13.86,28.51,75.29,19.36,1.11,0.55
2024-12-15,104.29,26.38,90.53,11.85,1.6,0.67
2024-12-16,11.37,26.18,88.45,13.61,1.74,0.72
2024-12-17,2.83,27.05,85.86,16.51,1.97,0.7
2024-12-18,6.82,27.48,83.74,15.45,2.29,0.68
2024-12-19,3.68,27.29,86.98,18.81,2.37,0.66
2024-12-20,27.33,27.12,87.31,18.37,1.98,0.65
2024-12-21,25.74,26.52,91.39,13.27,3.07,0.69
2024-12-22,15.79,26.12,90.14,16.58,2.58,0.69
2024-12-23,2.28,27.33,84.47,20.44,2.03,0.68
2024-12-24,6.21,27.85,84.91,21.22,1.73,0.66
2024-12-25,26.32,26.84,88.36,8.04,1.26,0.69
2024-12-26,7.98,27.08,83.02,15.55,1.78,0.68
2024-12-27,3.12,27.33,86.4,16.76,1.91,0.67
2024-12-28,18.69,26.6,90.6,10.62,2.4,0.67
2024-12-29,18.69,27.1,83.61,14.33,2.03,0.68
2024-12-30,14.74,27.22,85.5,19.67,1.18,0.69
2024-12-31,20.61,26.9,87.76,18.51,0.87,0.7
2025-01-01,16.41,26.45,87.13,12.59,0.73,0.73
2025-01-02,8.12,25.64,90.71,10.83,1.65,0.71
2025-01-03,11.53,25.47,87.92,14.99,1.32,0.71
2025-01-04,3.29,26.94,77.76,15.32,1.33,0.7
2025-01-05,13.87,26.01,90.96,14.3,2.13,0.69
2025-01-06,17.0,27.11,86.03,19.34,2.17,0.71
2025-01-07,2.96,27.46,82.69,23.3,0.99,0.71
2025-01-08,5.86,27.67,83.58,22.79,0.97,0.69
2025-01-09,14.28,26.87,90.33,18.87,0.74,0.7
2025-01-10,35.75,26.51,91.58,21.15,1.87,0.74
2025-01-11,7.6,25.98,92.23,10.62,2.3,0.74
2025-01-12,5.27,26.44,86.21,19.23,1.75,0.73
2025-01-13,6.06,27.12,83.32,20.69,1.26,0.71
2025-01-14,6.64,27.73,81.9,20.44,0.87,0.71
2025-01-15,9.98,26.79,87.11,19.41,1.37,0.71
2025-01-16,6.67,27.21,85.0,15.57,1.55,0.71
2025-01-17,4.84,27.4,85.01,15.73,1.71,0.71
2025-01-18,30.77,26.62,92.08,16.82,2.13,0.72
2025-01-19,7.82,26.91,89.02,17.32,1.61,0.74
2025-01-20,56.76,25.04,92.06,12.74,1.98,0.78
2025-01-21,9.76,26.03,85.6,14.88,1.47,0.79
2025-01-22,4.66,26.23,84.99,19.67,1.66,0.76
2025-01-23,2.83,26.17,88.01,20.98,1.88,0.74
2025-01-24,8.91,26.9,84.86,19.42,1.47,0.74
2025-01-25,26.67,26.92,87.53,23.01,1.32,0.74
2025-01-26,11.86,26.36,90.3,20.39,1.34,0.78
2025-01-27,7.61,26.81,86.1,16.36,1.26,0.77
2025-01-28,3.71,27.56,79.23,18.73,0.87,0.76
2025-01-29,5.71,27.06,84.18,17.16,1.2,0.76
2025-01-30,21.39,25.77,90.38,10.83,2.6,0.76
2025-01-31,9.32,25.84,88.36,12.92,2.08,0.78
2025-02-01,2.76,26.67,85.3,13.21,2.36,0.77
2025-02-02,15.56,26.99,85.97,19.17,2.46,0.77
2025-02-03,9.8,27.08,85.52,19.33,2.0,0.78
2025-02-04,8.11,27.37,83.52,19.38,1.77,0.78
2025-02-05,7.86,27.8,79.0,22.9,1.39,0.78
2025-02-06,32.41,26.91,84.48,19.44,1.06,0.79
2025-02-07,5.28,26.89,86.3,21.12,1.9,0.81
2025-02-08,20.04,26.81,90.1,15.52,2.8,0.82
2025-02-09,14.71,26.79,90.42,12.42,2.96,0.82
2025-02-10,19.01,26.24,90.09,6.01,3.38,0.84
2025-02-11,12.96,26.31,88.18,9.45,2.91,0.85
2025-02-12,5.83,26.91,87.94,15.69,2.44,0.84
2025-02-13,13.76,27.01,89.97,15.33,1.9,0.84
2025-02-14,5.25,27.18,86.7,15.97,1.63,0.84
2025-02-15,4.2,27.72,80.47,22.77,1.21,0.84
2025-02-16,4.84,27.34,81.89,22.35,0.95,0.83
2025-02-17,1.29,27.98,77.32,19.02,0.55,0.83
2025-02-18,4.72,26.82,84.56,20.32,0.75,0.82
2025-02-19,4.4,26.59,84.62,20.84,1.39,0.82
2025-02-20,2.31,26.13,82.41,19.63,1.6,0.82
2025-02-21,2.03,26.86,80.39,19.44,1.44,0.81
2025-02-22,5.7,27.29,82.68,16.52,0.91,0.81
2025-02-23,3.56,27.04,83.82,15.63,0.96,0.81
2025-02-24,9.01,26.91,84.68,17.21,0.94,0.81
2025-02-25,7.79,26.17,90.83,19.86,1.39,0.82
2025-02-26,5.0,26.34,81.63,21.79,1.02,0.82
2025-02-27,0.98,27.7,77.76,23.62,0.84,0.81
2025-02-28,1.76,27.62,79.52,25.66,1.18,0.8
2025-03-01,1.12,27.66,81.99,25.8,1.58,0.79
2025-03-02,0.8,27.8,82.56,23.74,1.52,0.79
2025-03-03,1.68,27.89,83.24,23.83,1.58,0.78
2025-03-04,1.33,27.78,84.65,23.84,1.62,0.77
2025-03-05,0.8,28.05,84.36,23.26,1.54,0.77
2025-03-06,0.5,28.13,79.85,24.18,1.27,0.76
2025-03-07,4.86,28.33,78.35,21.72,0.45,0.76
2025-03-08,3.37,27.99,79.96,18.66,0.81,0.76
2025-03-09,8.7,27.22,83.08,9.83,1.19,0.77
2025-03-10,3.96,27.4,82.05,21.97,1.03,0.77
2025-03-11,3.3,27.41,76.52,18.22,0.67,0.77
2025-03-12,7.44,28.27,76.1,23.83,0.75,0.77
2025-03-13,3.57,27.66,82.46,19.62,1.11,0.77
2025-03-14,7.75,27.23,80.12,16.85,0.79,0.77
2025-03-15,3.52,27.04,81.85,12.27,1.25,0.77
2025-03-16,1.8,26.84,85.78,17.45,1.41,0.77
2025-03-17,6.49,27.5,82.54,14.99,1.01,0.77
2025-03-18,21.86,27.39,84.49,18.4,1.69,0.77
2025-03-19,70.06,26.47,92.34,11.92,2.47,0.83
2025-03-20,13.99,26.8,91.57,18.67,2.51,0.84
2025-03-21,9.85,26.74,88.56,11.2,2.62,0.84
2025-03-22,13.55,26.61,85.82,14.73,2.82,0.83
2025-03-23,8.96,26.88,84.96,10.11,2.85,0.84
2025-03-24,5.44,27.3,85.29,13.31,2.07,0.83
2025-03-25,23.76,27.29,86.68,18.91,1.77,0.84
2025-03-26,4.33,27.47,84.41,13.49,1.17,0.85
2025-03-27,5.8,26.8,85.65,12.22,1.58,0.84
2025-03-28,14.32,26.82,86.72,17.38,1.74,0.84
2025-03-29,14.15,26.74,85.68,15.11,1.88,0.85
2025-03-30,3.87,26.46,87.56,15.74,1.55,0.85
2025-03-31,2.74,26.67,86.78,19.34,1.55,0.85
2025-04-01,2.78,26.73,83.33,22.03,1.39,0.84
2025-04-02,0.86,26.88,80.03,18.04,1.14,0.83
2025-04-03,3.7,26.67,79.97,20.93,1.36,0.82
2025-04-04,0.22,26.58,74.92,22.3,1.55,0.82
2025-04-05,0.49,27.39,68.61,23.34,0.86,0.81
2025-04-06,2.68,27.16,76.01,22.31,1.13,0.8
2025-04-07,4.05,26.96,84.57,22.16,1.72,0.8
2025-04-08,3.89,27.19,87.23,20.27,1.82,0.8
2025-04-09,7.52,27.11,86.88,17.55,1.22,0.8
2025-04-10,5.99,26.99,86.78,18.49,1.34,0.81
2025-04-11,3.01,27.39,85.23,21.41,1.58,0.81
2025-04-12,1.28,27.59,82.71,21.69,1.53,0.8
2025-04-13,2.67,27.45,83.23,20.71,1.64,0.79
2025-04-14,2.07,27.58,80.86,18.72,1.11,0.79
2025-04-15,2.25,27.39,80.69,20.28,1.15,0.78
2025-04-16,2.66,27.25,82.63,19.68,1.39,0.78
2025-04-17,2.97,27.33,85.08,19.94,1.56,0.78
2025-04-18,15.84,27.06,87.12,7.08,1.89,0.79
2025-04-19,4.91,27.02,85.35,17.14,1.22,0.79
2025-04-20,1.79,26.93,83.17,20.44,1.35,0.79
2025-04-21,0.42,27.04,81.82,21.48,1.56,0.78
2025-04-22,0.02,26.82,80.38,22.21,1.63,0.77
2025-04-23,0.82,26.79,80.43,21.5,1.35,0.77
2025-04-24,8.49,27.18,83.61,17.48,1.47,0.77
2025-04-25,4.72,27.23,81.85,20.77,1.91,0.77
2025-04-26,6.47,26.73,80.14,21.2,1.69,0.77
2025-04-27,2.31,26.2,78.34,22.17,1.62,0.77
2025-04-28,0.38,26.08,78.54,21.7,1.9,0.76
2025-04-29,0.6,26.27,79.59,22.71,2.07,0.75
2025-04-30,1.39,26.77,79.83,20.58,1.79,0.74
2025-05-01,12.41,27.34,75.94,21.16,1.12,0.75
2025-05-02,1.03,27.39,85.4,19.78,1.65,0.76
2025-05-03,2.52,27.23,86.44,19.55,1.84,0.75
2025-05-04,2.14,27.35,85.5,20.37,1.97,0.75
2025-05-05,4.0,26.93,90.09,19.13,2.13,0.74
2025-05-06,3.89,26.96,89.4,17.76,2.02,0.75
2025-05-07,8.63,26.6,90.78,14.15,2.18,0.75
2025-05-08,3.02,27.1,85.68,15.77,1.58,0.75
2025-05-09,10.58,26.44,88.44,12.31,1.57,0.75
2025-05-10,7.8,26.54,86.25,14.82,1.44,0.76
2025-05-11,5.35,26.93,86.82,15.61,1.43,0.76
2025-05-12,8.77,26.32,88.5,14.25,1.97,0.76
2025-05-13,6.63,26.75,87.31,16.03,1.86,0.76
2025-05-14,5.48,26.43,90.25,15.65,1.9,0.76
2025-05-15,6.4,26.78,88.79,15.98,1.81,0.76
2025-05-16,5.66,26.3,90.19,18.27,2.17,0.76
2025-05-17,1.97,26.39,85.94,18.72,2.24,0.76
2025-05-18,2.36,26.09,84.7,18.89,2.4,0.75
2025-05-19,4.63,26.0,86.67,16.87,2.26,0.75
2025-05-20,4.88,25.79,86.85,17.8,2.41,0.75
2025-05-21,2.2,25.58,85.16,16.13,2.43,0.75
2025-05-22,2.61,26.33,87.16,16.66,1.99,0.74
2025-05-23,4.86,26.67,88.37,14.12,1.47,0.74
2025-05-24,1.15,27.02,87.41,16.04,1.28,0.74
2025-05-25,2.7,27.17,88.5,16.37,1.05,0.74
2025-05-26,2.35,27.82,82.6,17.47,0.93,0.74
2025-05-27,3.84,26.86,85.9,16.2,1.09,0.74
2025-05-28,3.81,27.48,80.55,17.07,0.95,0.74
2025-05-29,7.2,27.06,86.85,19.44,1.42,0.74
2025-05-30,2.37,26.99,88.79,18.1,1.96,0.74
2025-05-31,3.39,26.89,89.63,17.62,1.94,0.74
2025-06-01,1.2,26.21,87.82,18.6,1.88,0.74
2025-06-02,2.06,26.01,88.08,15.9,1.5,0.73
2025-06-03,1.87,26.01,87.61,16.85,1.68,0.73
2025-06-04,0.94,26.61,81.21,19.54,1.52,0.73
2025-06-05,0.9,25.94,84.21,19.74,2.07,0.72
2025-06-06,1.75,26.01,84.92,18.69,2.13,0.72
2025-06-07,6.46,26.03,87.39,10.39,2.34,0.72
2025-06-08,0.82,26.28,83.87,17.2,2.46,0.72
2025-06-09,1.28,26.13,82.75,18.17,2.33,0.71
2025-06-10,1.32,25.76,84.55,17.22,2.5,0.71
2025-06-11,0.53,25.62,82.32,19.2,2.49,0.7
2025-06-12,0.95,25.67,85.79,16.96,2.41,0.7
2025-06-13,2.99,26.43,88.99,13.18,2.15,0.7
2025-06-14,3.26,26.22,88.64,16.74,2.26,0.7
2025-06-15,5.82,25.74,88.98,17.36,2.31,0.7
2025-06-16,1.19,26.13,82.76,18.6,2.29,0.7
2025-06-17,0.6,25.27,83.12,19.72,2.3,0.7
2025-06-18,0.44,25.19,83.11,18.15,1.97,0.69
2025-06-19,0.31,25.82,82.75,15.72,1.74,0.69
2025-06-20,5.99,25.59,87.91,8.86,1.81,0.69
2025-06-21,4.42,25.55,87.18,17.22,2.21,0.7
2025-06-22,0.31,25.32,81.1,17.37,2.55,0.69
2025-06-23,1.43,24.85,86.12,16.99,2.53,0.69
2025-06-24,0.92,24.96,83.21,14.99,2.43,0.68
2025-06-25,7.45,25.08,87.73,12.29,2.28,0.69
2025-06-26,6.24,25.6,87.83,14.01,2.49,0.69
2025-06-27,3.83,25.33,87.39,16.34,2.77,0.69
2025-06-28,2.83,25.1,87.06,16.95,2.68,0.69
2025-06-29,1.53,24.82,84.97,17.23,2.57,0.69
2025-06-30,3.35,24.87,85.68,18.56,2.2,0.68
2025-07-01,3.65,25.16,88.32,17.95,2.33,0.68
2025-07-02,4.55,25.27,87.48,18.09,2.45,0.69
2025-07-03,3.24,25.02,87.55,17.17,2.34,0.68
2025-07-04,4.73,24.68,87.92,12.76,2.4,0.69
2025-07-05,2.91,25.22,86.89,11.72,2.09,0.68
2025-07-06,7.62,25.61,88.6,16.02,2.34,0.69
2025-07-07,0.3,25.23,85.07,19.79,2.45,0.69
2025-07-08,0.7,24.42,85.49,16.56,2.28,0.68
2025-07-09,2.27,24.26,85.7,18.02,2.34,0.68
2025-07-10,0.28,23.97,82.26,18.25,2.15,0.67
2025-07-11,0.43,24.41,84.03,16.47,2.17,0.67
2025-07-12,2.7,25.39,87.8,14.94,2.08,0.67
2025-07-13,0.76,25.28,85.9,18.62,2.32,0.67
2025-07-14,3.28,25.31,87.79,17.67,2.31,0.66
2025-07-15,1.86,25.36,85.39,19.77,2.46,0.66
2025-07-16,2.3,24.68,84.01,18.79,2.29,0.66
2025-07-17,0.21,24.2,83.21,20.18,1.95,0.66
2025-07-18,1.78,23.78,83.73,20.66,1.97,0.66
2025-07-19,0.18,23.53,81.78,20.18,1.96,0.65
2025-07-20,0.9,24.0,82.02,21.46,2.07,0.65
2025-07-21,0.21,24.41,84.19,19.04,1.75,0.65
2025-07-22,0.36,24.73,85.19,19.8,1.94,0.65
2025-07-23,0.23,25.37,84.28,19.28,1.73,0.64
2025-07-24,0.26,25.68,85.94,18.63,1.77,0.64
2025-07-25,1.07,25.44,86.76,18.27,2.2,0.64
2025-07-26,1.03,25.57,86.91,19.59,2.12,0.64
2025-07-27,1.47,25.6,87.59,18.69,2.11,0.64
2025-07-28,1.96,25.14,87.1,19.1,2.42,0.64
2025-07-29,1.57,24.45,85.57,18.57,2.64,0.64
2025-07-30,1.5,24.05,86.76,17.06,2.55,0.64
2025-07-31,0.44,24.48,84.44,18.19,2.34,0.63
2025-08-01,0.38,25.0,84.75,19.29,2.28,0.63
2025-08-02,0.07,25.92,85.99,20.45,1.75,0.63
2025-08-03,0.69,25.94,86.7,18.89,1.91,0.62
2025-08-04,0.16,25.44,83.77,20.67,2.19,0.62
2025-08-05,0.1,25.06,82.31,20.44,2.07,0.62
2025-08-06,0.06,24.53,80.37,21.99,2.07,0.62
2025-08-07,0.29,24.9,82.92,21.3,1.89,0.61
2025-08-08,0.56,25.38,83.94,20.97,1.67,0.61
2025-08-09,1.53,25.57,85.82,20.0,2.02,0.61
2025-08-10,0.91,25.67,84.47,19.88,1.95,0.61
2025-08-11,0.34,25.5,83.52,21.14,2.19,0.6
2025-08-12,0.05,25.08,80.79,22.13,2.57,0.6
2025-08-13,0.01,24.8,78.86,22.59,2.6,0.6
2025-08-14,0.33,24.4,76.62,21.29,2.62,0.59
2025-08-15,1.79,24.43,81.57,21.21,2.61,0.59
2025-08-16,0.32,24.68,80.63,21.97,2.53,0.59
2025-08-17,0.15,25.31,80.55,21.25,2.21,0.58
2025-08-18,0.75,25.7,83.23,18.73,1.93,0.58
2025-08-19,2.84,25.52,85.09,19.59,2.04,0.58
2025-08-20,0.49,25.56,82.47,21.12,1.89,0.58
2025-08-21,0.26,25.17,81.3,21.96,1.99,0.58
2025-08-22,0.05,24.93,81.64,20.34,1.94,0.57
2025-08-23,0.1,25.69,81.52,21.11,1.56,0.57
2025-08-24,0.07,25.61,79.17,21.35,1.64,0.57
2025-08-25,1.23,25.05,83.45,20.02,1.9,0.57
2025-08-26,2.49,25.17,84.45,17.97,2.29,0.57
2025-08-27,3.57,24.26,87.33,19.54,2.39,0.57
2025-08-28,2.68,24.57,82.89,21.29,2.24,0.57
2025-08-29,1.78,24.51,82.74,19.64,2.33,0.57
2025-08-30,0.02,24.98,79.69,21.15,2.23,0.57
2025-08-31,0.1,25.34,79.77,22.88,1.97,0.57
2025-09-01,0.68,26.08,82.98,23.21,1.75,0.56
2025-09-02,0.99,26.13,82.37,22.8,2.26,0.56
2025-09-03,0.22,25.74,82.34,23.68,2.38,0.55
2025-09-04,0.06,25.5,77.99,24.46,2.36,0.55
2025-09-05,0.0,25.44,75.54,24.27,2.07,0.55
2025-09-06,1.13,25.01,79.8,22.87,2.03,0.54
2025-09-07,1.5,24.53,82.63,16.32,2.26,0.54
2025-09-08,3.75,25.35,84.34,19.49,2.39,0.55
2025-09-09,7.91,25.65,89.09,12.29,2.64,0.56
2025-09-10,5.91,25.76,90.62,18.5,2.21,0.57
2025-09-11,0.46,26.1,83.14,22.47,2.18,0.57
2025-09-12,0.24,26.15,82.46,22.66,1.93,0.56
2025-09-13,0.49,26.25,83.62,23.68,2.21,0.56
2025-09-14,0.44,26.07,82.04,23.37,2.35,0.55
2025-09-15,0.34,25.92,82.06,19.12,2.4,0.55
2025-09-16,3.15,25.56,81.59,18.85,2.45,0.55
2025-09-17,1.08,25.51,81.87,20.89,2.2,0.55
2025-09-18,4.78,25.56,83.17,21.54,2.26,0.55
2025-09-19,1.61,26.1,83.12,22.38,2.38,0.55
2025-09-20,0.88,26.05,82.62,22.15,2.22,0.55
2025-09-21,0.19,26.28,81.25,24.15,1.79,0.54
2025-09-22,0.02,26.41,78.93,25.99,1.57,0.54
2025-09-23,0.06,26.14,79.3,25.33,1.3,0.53
2025-09-24,3.35,26.26,82.77,22.63,1.98,0.53
2025-09-25,0.58,26.96,79.53,24.21,1.84,0.53
2025-09-26,0.8,26.87,82.17,24.05,2.19,0.53
2025-09-27,3.48,26.97,83.22,22.41,1.85,0.53
2025-09-28,4.31,27.2,82.68,23.58,1.83,0.54
2025-09-29,2.75,26.82,85.12,20.12,1.88,0.54
2025-09-30,4.11,26.36,86.85,19.0,1.78,0.54
2025-10-01,0.41,26.51,80.64,23.93,1.78,0.54
2025-10-02,0.01,26.64,75.89,26.37,1.71,0.54
2025-10-03,0.23,26.95,77.71,26.64,1.56,0.53
2025-10-04,0.84,27.31,80.64,23.9,1.69,0.53
2025-10-05,0.88,27.49,78.78,24.86,1.53,0.52
2025-10-06,0.78,27.02,76.26,25.45,1.74,0.52
2025-10-07,0.17,26.59,77.12,26.59,1.53,0.52
2025-10-08,0.3,26.65,79.06,26.16,1.8,0.51
2025-10-09,0.28,26.79,74.35,22.35,1.61,0.51
2025-10-10,1.06,26.64,78.87,24.59,1.74,0.51
2025-10-11,3.1,27.18,82.36,20.57,1.79,0.51
2025-10-12,3.33,27.99,81.71,21.83,1.79,0.51
2025-10-13,1.43,28.12,80.74,24.71,1.72,0.51
2025-10-14,1.82,27.69,80.99,23.56,1.8,0.51
2025-10-15,0.93,28.12,78.46,25.49,2.05,0.51
2025-10-16,2.01,27.9,81.04,24.47,2.34,0.51
2025-10-17,2.78,28.06,81.47,24.67,1.74,0.51
2025-10-18,2.07,27.6,82.94,22.88,1.91,0.51
2025-10-19,4.54,28.03,82.91,22.67,1.48,0.52
2025-10-20,4.26,28.05,82.56,21.56,1.51,0.52
2025-10-21,7.98,27.65,85.65,19.59,1.5,0.54
2025-10-22,3.06,28.08,80.87,20.12,1.42,0.54
2025-10-23,0.91,27.92,78.88,22.14,1.67,0.54
2025-10-24,2.96,27.68,80.11,22.32,1.57,0.53
2025-10-25,7.13,27.71,82.4,21.36,1.65,0.53
2025-10-26,5.09,27.77,81.08,22.39,1.73,0.54
2025-10-27,1.24,27.61,80.53,9.92,1.44,0.54
2025-10-28,1.56,27.49,82.2,21.85,1.59,0.54
2025-10-29,12.89,27.43,82.85,19.59,1.6,0.54
2025-10-30,7.47,27.48,83.54,22.08,1.51,0.56
2025-10-31,1.75,28.24,80.63,21.81,1.01,0.56
2025-11-01,0.91,28.1,80.13,24.6,1.36,0.55
2025-11-02,4.61,27.85,83.92,22.27,1.32,0.55
2025-11-03,5.2,27.68,83.57,22.68,1.23,0.56
2025-11-04,2.18,27.09,85.21,21.44,1.23,0.56
2025-11-05,3.75,27.27,80.48,22.29,1.09,0.55
2025-11-06,7.89,26.98,81.84,20.98,1.25,0.56
2025-11-07,4.22,27.52,79.5,23.65,1.0,0.56
2025-11-08,34.93,27.54,83.09,23.24,1.04,0.57
2025-11-09,58.74,27.03,87.67,15.23,1.2,0.7
2025-11-10,3.49,27.51,79.63,17.54,0.84,0.7
2025-11-11,3.45,27.24,79.94,17.99,0.75,0.68
2025-11-12,19.59,27.11,81.65,15.81,0.99,0.67
2025-11-13,32.23,26.14,88.8,10.77,2.02,0.72
2025-11-14,11.56,26.4,86.95,16.24,2.74,0.73
2025-11-15,3.5,26.88,81.39,21.17,2.06,0.7
2025-11-16,0.55,27.08,79.2,22.83,1.36,0.68
2025-11-17,2.1,27.3,79.94,22.65,1.23,0.65
2025-11-18,3.96,26.95,83.42,21.8,1.46,0.64
2025-11-19,2.15,26.96,82.38,17.57,1.57,0.64
2025-11-20,1.4,27.31,78.0,20.24,1.55,0.63
2025-11-21,2.92,27.18,78.35,22.28,1.28,0.62
2025-11-22,2.74,27.57,81.0,18.52,0.98,0.62
2025-11-23,3.72,26.84,89.19,19.99,1.3,0.62
2025-11-24,8.24,26.57,85.67,18.73,1.31,0.63
2025-11-25,1.8,27.34,81.28,20.25,1.79,0.63
2025-11-26,1.58,27.8,80.02,22.36,1.54,0.62
2025-11-27,5.3,27.74,81.07,15.41,1.25,0.62
2025-11-28,6.32,26.66,86.86,18.99,1.87,0.62
2025-11-29,2.96,26.61,81.63,15.68,2.06,0.62
2025-11-30,5.26,26.87,82.64,19.1,1.41,0.63
2025-12-01,7.72,26.89,84.39,20.88,1.6,0.63
2025-12-02,10.92,26.95,84.91,20.66,1.57,0.64
2025-12-03,14.46,27.4,82.45,21.42,1.4,0.65
2025-12-04,3.36,27.39,81.56,23.44,1.43,0.66
2025-12-05,5.7,27.2,79.95,22.5,1.41,0.65
2025-12-06,4.03,27.35,79.77,22.64,1.32,0.65
2025-12-07,1.31,27.89,77.93,21.9,1.25,0.64
2025-12-08,3.88,27.77,81.62,22.16,1.57,0.63
2025-12-09,3.65,27.29,82.17,22.48,1.47,0.63
2025-12-10,7.99,27.37,80.28,16.96,1.56,0.64
2025-12-11,3.32,27.5,81.06,16.19,1.54,0.64
2025-12-12,4.37,27.7,81.33,22.33,1.7,0.63
2025-12-13,5.85,27.25,83.3,18.68,1.62,0.64
2025-12-14,11.91,27.14,84.03,6.31,1.34,0.64
2025-12-15,5.7,26.91,85.26,17.52,1.7,0.66
2025-12-16,17.15,26.09,89.54,12.03,1.97,0.67
2025-12-17,1.92,27.91,78.23,20.71,1.39,0.67
2025-12-18,1.72,28.3,74.48,22.66,1.02,0.66
2025-12-19,5.33,27.75,76.54,7.58,0.75,0.65
2025-12-20,8.32,26.57,83.47,15.6,1.06,0.66
2025-12-21,1.45,27.65,78.53,22.22,1.48,0.65
2025-12-22,6.05,27.39,84.25,18.92,2.32,0.65
2025-12-23,7.17,27.58,83.49,22.69,2.48,0.65
2025-12-24,2.44,27.21,85.97,19.64,2.55,0.65
2025-12-25,2.33,27.57,85.08,24.56,2.29,0.65
2025-12-26,1.87,27.46,85.76,16.67,2.54,0.64
2025-12-27,34.2,26.99,90.46,10.81,2.4,0.67
2025-12-28,9.26,27.09,87.69,16.01,2.41,0.7
2025-12-29,4.96,27.18,84.74,15.85,2.21,0.69
2025-12-30,7.48,27.18,83.21,19.78,1.7,0.69
2025-12-31,3.38,27.01,83.87,21.55,1.54,0.68
