DATE,PRECTOTCORR,T2M,RH2M,ALLSKY_SFC_SW_DWN,WS2M,GWETROOT
1996-01-01,0.29,25.89,84.58,20.27,1.36,0.77
1996-01-02,1.73,25.79,85.01,20.87,1.52,0.77
1996-01-03,6.92,25.49,87.0,18.59,1.84,0.76
1996-01-04,3.46,25.02,88.68,18.32,1.41,0.77
1996-01-05,0.46,25.74,85.99,14.17,2.51,0.76
1996-01-06,0.02,26.23,83.84,21.99,2.36,0.76
1996-01-07,0.11,26.1,83.39,25.54,2.51,0.74
1996-01-08,0.02,26.25,82.82,23.38,3.17,0.73
1996-01-09,0.0,26.14,81.74,23.36,3.39,0.72
1996-01-10,0.0,25.8,82.62,22.28,2.68,0.71
1996-01-11,0.11,26.08,82.13,20.45,2.05,0.7
1996-01-12,0.11,25.96,84.02,20.11,1.97,0.69
1996-01-13,2.55,25.47,85.01,12.51,1.92,0.69
1996-01-14,25.48,24.89,88.24,20.42,1.69,0.7
1996-01-15,22.97,25.62,84.42,17.36,1.33,0.74
1996-01-16,10.02,26.12,84.1,18.69,1.27,0.76
1996-01-17,6.35,26.18,82.76,19.74,1.02,0.76
1996-01-18,6.34,25.98,84.71,20.87,1.18,0.76
1996-01-19,1.84,25.81,86.69,16.97,1.32,0.76
1996-01-20,1.53,25.13,90.43,19.72,1.89,0.75
1996-01-21,1.08,25.29,90.32,19.92,1.37,0.75
1996-01-22,1.84,24.78,91.48,11.03,1.5,0.75
1996-01-23,6.22,24.37,88.57,14.95,1.79,0.75
1996-01-24,21.16,24.79,89.72,15.86,2.45,0.76
1996-01-25,9.0,24.85,88.8,19.23,2.23,0.78
1996-01-26,19.09,25.07,87.6,19.62,2.22,0.79
1996-01-27,27.19,25.43,87.68,16.07,2.36,0.81
1996-01-28,8.25,26.12,88.36,18.17,1.47,0.83
1996-01-29,0.48,26.68,82.78,15.89,1.44,0.83
1996-01-30,0.18,26.21,85.57,22.44,1.33,0.82
1996-01-31,5.92,25.58,87.36,18.91,2.12,0.82
1996-02-01,84.13,25.2,89.76,10.42,2.97,0.86
1996-02-02,22.02,25.62,85.85,21.24,2.67,0.91
1996-02-03,6.8,26.12,81.62,18.62,0.94,0.91
1996-02-04,0.64,26.21,83.85,20.8,0.83,0.9
1996-02-05,4.34,25.49,89.11,18.79,1.64,0.89
1996-02-06,28.05,25.06,92.11,18.12,2.06,0.9
1996-02-07,8.52,25.66,90.86,20.79,2.62,0.92
1996-02-08,1.95,26.16,85.73,23.31,1.24,0.91
1996-02-09,4.17,25.57,89.71,18.45,1.66,0.91
1996-02-10,32.51,25.04,88.72,18.21,1.58,0.92
1996-02-11,51.71,25.03,87.63,17.82,1.22,0.95
1996-02-12,15.64,25.83,87.87,17.98,1.67,0.97
1996-02-13,0.02,26.33,83.86,20.87,1.19,0.96
1996-02-14,4.09,25.84,85.67,20.43,1.19,0.96
1996-02-15,1.02,26.4,84.16,23.34,1.37,0.95
1996-02-16,28.84,25.84,83.74,25.18,1.5,0.95
1996-02-17,9.98,25.8,82.55,17.56,0.85,0.96
1996-02-18,1.58,25.59,86.5,20.95,1.14,0.95
1996-02-19,0.8,26.49,82.77,23.7,1.15,0.95
1996-02-20,0.17,26.39,83.35,21.08,1.25,0.94
1996-02-21,4.26,25.84,81.93,22.67,1.4,0.93
1996-02-22,12.41,25.35,87.68,19.22,1.76,0.92
1996-02-23,31.82,24.91,88.31,16.96,2.07,0.94
1996-02-24,4.65,24.96,85.88,19.28,1.79,0.95
1996-02-25,0.43,24.96,87.95,16.06,1.88,0.94
1996-02-26,2.81,24.6,89.8,17.19,1.45,0.93
1996-02-27,4.37,25.59,87.34,19.05,1.66,0.93
1996-02-28,32.79,24.75,91.81,14.45,2.92,0.94
1996-02-29,124.96,24.86,93.44,5.74,3.19,0.98
1996-03-01,68.63,24.86,91.53,10.14,3.53,1.0
1996-03-02,42.0,24.99,90.09,8.46,2.39,1.0
1996-03-03,20.46,24.69,89.93,8.44,2.65,1.0
1996-03-04,8.64,24.88,90.76,20.33,2.41,0.99
1996-03-05,13.56,24.68,90.5,17.1,3.2,0.99
1996-03-06,57.18,24.42,90.12,16.37,3.08,0.99
1996-03-07,18.62,25.26,89.15,20.22,2.89,1.0
1996-03-08,4.17,25.59,88.06,17.95,3.08,0.99
1996-03-09,15.04,25.72,87.46,14.54,2.51,0.98
1996-03-10,8.7,25.72,86.31,17.59,2.95,0.98
1996-03-11,0.43,26.02,82.14,20.49,2.07,0.97
1996-03-12,0.01,26.28,81.48,24.3,1.14,0.96
1996-03-13,0.0,25.78,86.27,21.3,1.27,0.95
1996-03-14,0.16,25.94,84.61,23.67,1.63,0.94
1996-03-15,0.48,25.69,86.97,22.6,1.96,0.93
1996-03-16,0.11,25.88,87.14,23.31,2.01,0.92
1996-03-17,0.0,25.77,84.42,25.38,1.86,0.91
1996-03-18,0.13,25.34,87.14,21.52,1.45,0.9
1996-03-19,4.13,25.78,85.02,20.75,1.21,0.9
1996-03-20,2.16,25.85,85.64,23.89,2.01,0.89
1996-03-21,0.53,25.86,86.97,18.25,2.07,0.88
1996-03-22,1.22,25.2,88.03,19.75,2.26,0.88
1996-03-23,0.25,25.43,82.56,25.33,2.11,0.87
1996-03-24,0.27,25.53,77.57,23.37,2.16,0.86
1996-03-25,0.46,25.85,78.51,21.69,2.01,0.85
1996-03-26,0.0,25.99,81.29,22.86,1.71,0.84
1996-03-27,0.0,25.65,80.81,25.4,1.49,0.82
1996-03-28,0.0,25.66,76.97,24.73,1.25,0.81
1996-03-29,0.03,25.73,76.92,23.4,1.46,0.8
1996-03-30,0.06,25.6,77.33,25.2,1.6,0.79
1996-03-31,0.06,25.65,81.51,25.62,1.96,0.77
1996-04-01,0.1,25.85,82.07,23.33,1.78,0.76
1996-04-02,0.4,26.0,85.37,19.84,2.52,0.75
1996-04-03,0.52,25.57,87.36,15.56,2.22,0.74
1996-04-04,11.64,25.45,86.27,14.15,1.54,0.74
1996-04-05,3.45,24.89,88.34,13.73,2.48,0.75
1996-04-06,10.49,25.11,85.81,14.08,3.7,0.75
1996-04-07,6.05,25.98,80.36,20.39,1.76,0.75
1996-04-08,0.28,26.7,79.32,21.46,1.18,0.74
1996-04-09,0.03,26.62,78.11,21.79,0.78,0.73
1996-04-10,0.12,25.75,84.49,19.43,1.06,0.73
1996-04-11,1.28,25.59,83.28,16.0,1.08,0.72
1996-04-12,3.98,25.09,86.88,13.79,1.4,0.72
1996-04-13,11.78,25.34,84.92,18.01,1.37,0.73
1996-04-14,5.59,25.74,85.77,19.7,1.22,0.73
1996-04-15,0.2,26.16,85.42,17.73,1.31,0.73
1996-04-16,0.58,25.54,88.14,20.86,2.02,0.72
1996-04-17,0.22,25.08,87.66,20.16,2.13,0.71
1996-04-18,0.07,25.39,84.95,18.4,2.77,0.7
1996-04-19,0.0,25.23,80.37,20.83,2.39,0.69
1996-04-20,0.0,25.01,78.67,20.81,2.09,0.68
1996-04-21,0.0,24.26,77.65,21.45,2.63,0.67
1996-04-22,0.0,23.93,75.62,21.82,2.66,0.66
1996-04-23,0.0,24.06,73.62,23.4,2.25,0.65
1996-04-24,0.0,24.0,78.01,22.85,1.83,0.64
1996-04-25,0.0,23.78,77.06,22.77,2.06,0.62
1996-04-26,0.0,24.24,79.36,21.72,2.15,0.61
1996-04-27,0.0,24.6,77.89,22.16,2.05,0.61
1996-04-28,0.0,24.62,75.47,22.11,1.91,0.6
1996-04-29,0.0,25.38,77.16,22.15,2.01,0.59
1996-04-30,0.0,25.73,75.75,22.47,1.73,0.58
1996-05-01,0.0,25.7,78.84,21.35,2.31,0.58
1996-05-02,0.0,25.68,74.6,20.62,2.58,0.57
1996-05-03,0.0,24.82,68.69,21.55,2.22,0.56
1996-05-04,0.0,24.16,64.19,21.62,1.99,0.56
1996-05-05,0.0,23.77,65.0,21.66,2.52,0.55
1996-05-06,0.0,24.12,72.67,21.05,2.87,0.54
1996-05-07,0.0,24.04,66.66,19.72,2.75,0.54
1996-05-08,0.0,23.52,66.32,21.13,2.58,0.53
1996-05-09,0.0,24.07,73.4,19.73,2.39,0.53
1996-05-10,0.0,24.96,74.72,20.8,2.4,0.53
1996-05-11,0.0,25.46,73.43,19.82,2.16,0.52
1996-05-12,1.67,24.81,80.56,16.47,1.74,0.52
1996-05-13,3.37,24.93,87.06,6.89,2.99,0.52
1996-05-14,1.95,24.67,89.7,13.46,3.37,0.52
1996-05-15,12.41,25.03,83.73,15.51,3.89,0.53
1996-05-16,0.73,25.02,79.46,13.7,3.35,0.54
1996-05-17,0.01,24.84,74.09,19.19,3.05,0.53
1996-05-18,0.0,24.65,73.72,17.65,2.72,0.53
1996-05-19,0.0,24.6,76.7,18.49,2.79,0.52
1996-05-20,0.0,24.69,73.38,18.27,3.05,0.52
1996-05-21,0.01,24.55,77.41,15.76,3.63,0.51
1996-05-22,0.0,24.39,74.36,16.75,3.24,0.51
1996-05-23,0.0,23.75,72.38,18.23,3.22,0.51
1996-05-24,0.0,23.8,72.25,20.03,2.86,0.5
1996-05-25,0.0,24.58,73.24,18.54,2.84,0.5
1996-05-26,0.09,24.91,76.5,18.04,2.95,0.5
1996-05-27,0.49,25.09,79.67,16.61,2.61,0.5
1996-05-28,6.21,24.55,87.68,13.84,2.72,0.5
1996-05-29,1.02,24.45,86.46,15.43,3.11,0.5
1996-05-30,0.02,25.2,80.34,14.01,3.65,0.5
1996-05-31,0.02,25.04,80.19,12.13,3.37,0.5
1996-06-01,0.0,24.55,78.8,17.47,3.22,0.5
1996-06-02,0.0,24.7,77.65,19.94,3.46,0.49
1996-06-03,0.0,24.45,70.41,19.0,3.62,0.49
1996-06-04,0.0,24.27,76.69,18.37,3.38,0.49
1996-06-05,0.0,24.25,78.47,20.32,3.17,0.49
1996-06-06,0.03,24.43,80.71,14.52,2.75,0.48
1996-06-07,0.01,24.36,78.07,17.54,2.96,0.48
1996-06-08,0.03,24.35,79.15,14.5,2.77,0.48
1996-06-09,0.06,24.58,78.31,16.49,3.04,0.48
1996-06-10,0.0,24.67,75.49,18.02,3.23,0.48
1996-06-11,0.0,24.83,72.62,19.07,3.14,0.47
1996-06-12,0.0,24.33,75.6,15.68,2.66,0.47
1996-06-13,0.09,24.35,76.78,10.98,3.08,0.47
1996-06-14,0.01,24.77,72.55,16.21,2.89,0.47
1996-06-15,0.01,25.11,72.98,17.51,2.74,0.47
1996-06-16,0.01,24.66,73.43,15.85,2.94,0.47
1996-06-17,0.0,24.65,72.98,16.7,2.55,0.46
1996-06-18,0.0,25.12,70.84,18.56,2.08,0.46
1996-06-19,0.0,24.2,73.85,16.87,2.2,0.46
1996-06-20,0.0,24.95,70.33,14.82,2.18,0.46
1996-06-21,0.0,24.81,75.05,17.84,1.99,0.46
1996-06-22,0.0,25.0,74.31,16.66,1.86,0.45
1996-06-23,0.0,25.12,75.36,18.24,2.17,0.45
1996-06-24,0.0,25.56,75.92,17.57,2.56,0.45
1996-06-25,0.04,25.85,72.44,16.94,2.59,0.45
1996-06-26,0.11,24.91,77.39,17.34,2.72,0.45
1996-06-27,0.0,24.96,73.16,17.66,2.61,0.45
1996-06-28,0.0,25.39,76.52,15.3,3.22,0.45
1996-06-29,0.0,25.1,75.23,18.11,3.7,0.45
1996-06-30,0.0,25.05,72.16,15.16,3.73,0.44
1996-07-01,0.0,24.64,74.36,16.3,3.61,0.44
1996-07-02,0.0,24.67,73.3,18.81,3.86,0.44
1996-07-03,0.0,24.75,74.66,17.93,3.23,0.44
1996-07-04,0.01,24.6,76.89,16.75,2.83,0.44
1996-07-05,0.01,24.92,76.53,15.14,2.97,0.44
1996-07-06,0.0,24.44,79.06,15.45,3.28,0.44
1996-07-07,0.02,24.7,76.41,15.42,3.49,0.44
1996-07-08,0.0,25.32,69.78,15.17,3.62,0.44
1996-07-09,0.0,24.9,68.16,14.59,3.0,0.44
1996-07-10,0.0,24.5,72.31,12.46,2.9,0.43
1996-07-11,0.0,24.61,73.5,16.82,2.94,0.43
1996-07-12,0.0,24.48,70.97,18.92,2.91,0.43
1996-07-13,0.0,23.82,72.86,18.52,3.13,0.43
1996-07-14,0.0,23.53,65.31,18.88,2.93,0.43
1996-07-15,0.04,23.46,69.76,17.66,2.79,0.43
1996-07-16,0.0,23.32,67.1,17.86,2.4,0.43
1996-07-17,0.0,23.17,70.14,19.53,2.18,0.43
1996-07-18,0.0,23.87,71.05,18.41,2.14,0.43
1996-07-19,0.0,24.29,67.62,20.94,1.75,0.43
1996-07-20,0.0,24.95,66.3,21.39,1.96,0.43
1996-07-21,0.0,24.56,74.32,17.94,2.61,0.43
1996-07-22,0.0,24.76,76.91,21.16,3.29,0.43
1996-07-23,0.0,24.52,74.9,20.62,3.16,0.43
1996-07-24,0.0,25.08,71.32,21.53,2.87,0.43
1996-07-25,0.0,24.47,72.03,18.38,2.6,0.43
1996-07-26,0.0,24.11,69.63,21.65,2.69,0.43
1996-07-27,0.0,24.09,69.42,18.5,2.96,0.43
1996-07-28,0.0,22.92,66.45,17.8,2.73,0.43
1996-07-29,0.0,22.85,61.54,20.62,2.8,0.43
1996-07-30,0.0,23.19,64.18,21.91,2.67,0.43
1996-07-31,0.0,23.59,66.27,20.27,2.47,0.43
1996-08-01,0.0,23.82,68.75,20.52,2.06,0.43
1996-08-02,0.0,24.05,66.4,20.83,1.97,0.43
1996-08-03,0.0,24.37,66.78,18.87,1.94,0.43
1996-08-04,0.0,24.33,70.15,17.39,1.86,0.43
1996-08-05,0.06,24.35,73.48,18.46,1.58,0.43
1996-08-06,0.02,24.26,78.07,14.16,2.1,0.43
1996-08-07,0.01,24.85,77.0,13.67,2.07,0.43
1996-08-08,0.0,25.09,77.38,16.16,1.87,0.43
1996-08-09,0.11,24.74,78.3,17.2,3.33,0.43
1996-08-10,0.71,24.44,79.72,9.02,4.26,0.43
1996-08-11,0.01,24.35,75.42,19.11,3.86,0.43
1996-08-12,0.0,24.79,71.82,21.37,3.14,0.43
1996-08-13,0.0,25.2,76.97,16.09,2.94,0.43
1996-08-14,0.0,25.23,75.43,19.2,2.89,0.43
1996-08-15,0.0,24.89,70.57,22.94,3.01,0.43
1996-08-16,0.0,25.23,69.3,22.23,2.57,0.43
1996-08-17,0.0,24.65,73.56,21.44,2.47,0.43
1996-08-18,0.0,25.53,69.0,23.19,2.53,0.43
1996-08-19,0.0,25.19,72.91,22.67,2.97,0.43
1996-08-20,0.03,24.81,75.05,20.35,3.84,0.43
1996-08-21,0.0,24.82,67.54,23.82,3.03,0.43
1996-08-22,0.0,24.22,65.46,21.12,2.91,0.43
1996-08-23,0.0,24.52,67.35,20.34,2.06,0.43
1996-08-24,0.0,25.2,70.43,19.46,2.64,0.43
1996-08-25,0.0,25.74,70.87,21.53,2.84,0.43
1996-08-26,0.0,26.01,68.94,23.77,3.01,0.43
1996-08-27,0.0,25.86,72.69,21.51,2.49,0.43
1996-08-28,0.0,25.7,72.72,22.54,2.56,0.43
1996-08-29,0.0,25.53,73.46,22.75,2.21,0.43
1996-08-30,0.0,25.26,72.02,24.46,2.58,0.42
1996-08-31,0.0,25.31,73.07,22.35,2.47,0.42
1996-09-01,0.0,25.37,71.92,19.21,2.08,0.42
1996-09-02,0.01,25.42,69.21,22.44,2.2,0.42
1996-09-03,0.08,25.33,68.56,24.29,2.46,0.42
1996-09-04,0.01,24.64,69.25,24.15,3.52,0.42
1996-09-05,0.0,24.72,65.4,23.89,3.21,0.42
1996-09-06,0.0,24.71,70.79,22.58,2.84,0.42
1996-09-07,0.0,24.72,67.73,23.84,2.74,0.42
1996-09-08,0.0,24.3,65.54,24.61,2.92,0.42
1996-09-09,0.0,24.71,66.23,23.99,2.41,0.42
1996-09-10,0.0,25.5,67.12,22.2,2.29,0.42
1996-09-11,0.0,24.82,70.67,22.15,1.96,0.42
1996-09-12,0.0,25.14,65.56,21.12,1.73,0.42
1996-09-13,0.0,26.18,66.48,24.71,1.77,0.42
1996-09-14,0.0,26.6,65.68,25.37,2.29,0.42
1996-09-15,0.0,25.65,74.26,24.93,3.16,0.42
1996-09-16,0.0,25.48,68.77,25.96,2.62,0.42
1996-09-17,0.0,25.79,67.32,25.42,2.23,0.42
1996-09-18,0.0,25.7,69.81,24.14,2.25,0.42
1996-09-19,0.0,26.05,73.26,23.35,2.31,0.42
1996-09-20,0.0,26.23,67.75,25.06,1.56,0.42
1996-09-21,0.0,26.61,62.34,24.96,1.52,0.42
1996-09-22,0.0,26.55,65.42,24.07,1.95,0.42
1996-09-23,0.0,26.0,62.25,24.22,2.07,0.42
1996-09-24,0.03,25.77,52.83,26.02,1.94,0.42
1996-09-25,0.0,26.29,53.31,25.83,1.94,0.42
1996-09-26,0.0,25.99,57.37,25.36,1.95,0.42
1996-09-27,0.0,26.23,62.8,23.84,2.08,0.42
1996-09-28,0.0,26.09,67.3,23.42,2.04,0.42
1996-09-29,0.0,26.01,69.68,22.63,2.09,0.42
1996-09-30,0.01,26.55,70.38,20.26,2.0,0.42
1996-10-01,0.04,26.71,71.49,20.38,2.1,0.42
1996-10-02,0.0,27.09,66.78,24.46,2.0,0.42
1996-10-03,0.0,26.97,63.75,26.17,1.97,0.42
1996-10-04,0.0,27.16,67.91,25.7,2.36,0.42
1996-10-05,0.0,27.46,67.25,25.24,2.3,0.42
1996-10-06,0.0,26.78,66.36,26.05,2.49,0.42
1996-10-07,0.0,26.83,67.27,25.12,2.08,0.42
1996-10-08,5.7,27.46,66.51,23.72,1.8,0.42
1996-10-09,1.97,27.24,67.52,23.09,2.16,0.44
1996-10-10,0.0,26.83,66.54,24.15,1.9,0.43
1996-10-11,14.66,26.66,68.38,23.23,1.55,0.44
1996-10-12,3.68,26.33,70.13,25.94,1.98,0.47
1996-10-13,0.0,27.24,63.33,26.49,2.6,0.46
1996-10-14,0.0,27.4,67.31,25.82,2.5,0.46
1996-10-15,0.53,27.61,66.89,23.33,2.23,0.45
1996-10-16,0.25,27.52,69.1,24.22,2.38,0.45
1996-10-17,0.0,27.29,67.72,26.05,2.25,0.45
1996-10-18,0.0,27.85,67.68,25.98,2.05,0.45
1996-10-19,0.0,27.55,68.17,25.22,2.41,0.44
1996-10-20,1.58,27.37,69.92,23.26,2.3,0.44
1996-10-21,1.06,26.96,73.2,25.58,3.33,0.44
1996-10-22,0.0,27.15,77.7,21.56,3.4,0.44
1996-10-23,0.0,27.77,70.79,24.81,2.84,0.44
1996-10-24,0.36,27.44,71.03,24.82,2.54,0.44
1996-10-25,0.03,27.57,66.02,25.81,2.06,0.44
1996-10-26,0.0,27.39,66.41,25.88,2.07,0.44
1996-10-27,0.0,27.73,64.05,23.81,2.3,0.43
1996-10-28,0.0,27.81,63.83,24.87,2.76,0.43
1996-10-29,0.01,27.51,65.9,26.6,2.55,0.43
1996-10-30,0.08,27.55,66.75,26.75,2.29,0.43
1996-10-31,0.0,28.03,61.6,23.79,2.23,0.43
1996-11-01,0.0,27.31,66.7,22.8,2.32,0.43
1996-11-02,0.0,28.06,63.16,23.58,2.18,0.43
1996-11-03,0.13,27.13,67.56,26.29,2.82,0.43
1996-11-04,0.01,27.78,60.52,26.85,2.7,0.43
1996-11-05,0.01,28.02,59.39,22.8,1.91,0.43
1996-11-06,0.31,28.26,59.92,20.14,1.91,0.43
1996-11-07,4.15,27.62,69.29,18.29,1.77,0.43
1996-11-08,4.88,27.42,71.81,21.54,2.19,0.44
1996-11-09,0.01,27.9,67.8,26.85,1.99,0.44
1996-11-10,0.0,27.88,65.11,26.4,1.37,0.44
1996-11-11,0.02,28.23,59.45,25.44,1.88,0.43
1996-11-12,13.35,27.56,64.32,24.2,1.72,0.44
1996-11-13,11.94,26.71,68.57,23.75,1.82,0.48
1996-11-14,6.22,26.81,75.08,22.2,1.89,0.48
1996-11-15,5.86,27.0,75.72,20.47,1.49,0.49
1996-11-16,3.26,26.47,77.12,18.51,1.25,0.49
1996-11-17,1.43,26.76,75.26,18.68,1.3,0.49
1996-11-18,0.27,26.62,79.84,16.34,1.99,0.49
1996-11-19,29.82,26.02,81.73,16.55,1.59,0.52
1996-11-20,9.31,25.98,80.13,16.29,1.22,0.55
1996-11-21,3.8,26.16,80.22,15.12,1.64,0.56
1996-11-22,0.92,26.2,79.93,19.76,2.03,0.55
1996-11-23,4.35,26.2,79.19,21.97,2.54,0.55
1996-11-24,0.18,26.99,70.78,27.13,2.22,0.55
1996-11-25,0.0,27.21,64.93,27.81,2.05,0.54
1996-11-26,0.0,26.77,64.3,26.52,1.73,0.53
1996-11-27,0.0,26.97,66.79,25.07,1.9,0.53
1996-11-28,14.23,26.31,80.16,22.24,1.9,0.53
1996-11-29,1.23,27.06,76.38,22.52,1.65,0.55
1996-11-30,0.0,28.07,71.81,23.55,1.53,0.54
1996-12-01,1.74,27.35,76.88,21.23,1.3,0.54
1996-12-02,1.92,28.12,71.19,21.45,1.86,0.54
1996-12-03,1.67,27.23,77.99,20.39,1.33,0.53
1996-12-04,0.51,27.64,75.46,23.01,1.32,0.53
1996-12-05,4.86,27.31,77.78,18.45,1.17,0.53
1996-12-06,2.88,27.37,75.54,20.13,0.96,0.54
1996-12-07,10.29,26.94,77.83,21.27,1.35,0.54
1996-12-08,29.07,26.64,81.0,19.04,1.44,0.57
1996-12-09,15.02,26.23,82.98,17.11,1.49,0.61
1996-12-10,15.1,25.72,87.13,19.38,2.07,0.63
1996-12-11,34.77,25.59,87.9,14.51,2.24,0.68
1996-12-12,74.73,25.41,89.93,13.11,3.2,0.74
1996-12-13,41.6,25.75,88.82,10.05,2.97,0.8
1996-12-14,27.38,25.92,88.25,15.55,2.96,0.85
1996-12-15,19.05,25.82,87.28,17.13,2.05,0.86
1996-12-16,20.62,26.42,80.95,18.42,0.98,0.89
1996-12-17,13.39,25.03,88.66,10.14,1.89,0.9
1996-12-18,10.47,25.58,86.11,16.7,2.43,0.9
1996-12-19,5.96,25.68,86.2,18.99,2.23,0.89
1996-12-20,0.56,25.42,87.0,18.68,2.09,0.89
1996-12-21,10.41,25.27,85.32,19.88,2.02,0.89
1996-12-22,20.22,25.17,88.17,14.13,2.23,0.9
1996-12-23,22.87,25.35,85.95,19.2,1.87,0.91
1996-12-24,9.24,24.44,89.66,20.28,2.48,0.92
1996-12-25,14.59,25.22,87.31,18.2,2.63,0.92
1996-12-26,52.2,25.2,91.55,18.17,4.52,0.94
1996-12-27,84.83,24.75,90.89,11.94,3.95,0.98
1996-12-28,59.33,25.24,90.28,15.67,4.31,1.0
1996-12-29,9.67,25.43,87.7,17.16,3.05,0.99
1996-12-30,2.33,26.02,85.09,18.44,2.45,0.98
1996-12-31,3.73,26.45,81.02,18.94,0.97,0.98
1997-01-01,1.78,26.17,80.69,17.18,0.98,0.97
1997-01-02,7.89,24.97,90.89,12.63,2.18,0.97
1997-01-03,27.21,25.19,88.82,15.65,3.48,0.97
1997-01-04,7.51,25.5,87.54,20.13,3.65,0.97
1997-01-05,0.1,25.74,84.0,24.29,2.88,0.96
1997-01-06,0.15,26.3,77.84,24.85,1.03,0.95
1997-01-07,0.01,26.57,76.54,24.42,0.79,0.94
1997-01-08,38.83,25.83,84.7,20.61,1.33,0.95
1997-01-09,26.57,25.35,88.06,18.62,1.47,0.97
1997-01-10,28.06,25.01,89.91,19.47,1.59,0.97
1997-01-11,9.24,25.96,83.84,22.72,1.24,0.98
1997-01-12,5.46,25.59,85.73,20.41,1.52,0.97
1997-01-13,1.39,25.58,84.33,20.42,1.47,0.97
1997-01-14,9.33,25.09,87.73,18.28,2.12,0.96
1997-01-15,18.52,24.93,88.43,16.77,2.03,0.96
1997-01-16,40.01,24.94,91.17,17.03,2.0,0.98
1997-01-17,10.19,25.44,84.01,21.84,0.86,0.98
1997-01-18,2.24,25.91,83.18,19.16,1.22,0.98
1997-01-19,0.86,26.06,82.37,23.31,0.89,0.97
1997-01-20,16.28,25.72,85.93,16.75,1.4,0.97
1997-01-21,11.26,25.34,89.71,14.9,2.17,0.98
1997-01-22,4.19,24.9,88.64,17.46,1.4,0.97
1997-01-23,8.27,25.63,88.05,16.96,1.26,0.97
1997-01-24,7.9,25.39,88.74,12.55,1.65,0.97
1997-01-25,6.31,25.43,89.54,16.7,2.26,0.97
1997-01-26,3.21,25.1,89.29,15.85,2.87,0.97
1997-01-27,0.36,25.38,86.34,16.52,2.89,0.96
1997-01-28,0.89,25.4,86.56,16.51,2.63,0.96
1997-01-29,0.56,25.33,86.99,20.66,2.53,0.95
1997-01-30,0.01,25.92,83.58,24.2,2.2,0.94
1997-01-31,0.0,26.98,76.1,26.19,1.04,0.93
1997-02-01,0.0,26.87,78.97,21.6,1.19,0.92
1997-02-02,0.78,25.9,82.43,20.17,1.32,0.92
1997-02-03,21.99,24.66,90.89,21.45,1.94,0.92
1997-02-04,11.67,24.81,88.94,20.42,2.2,0.94
1997-02-05,5.39,25.35,87.09,21.42,1.81,0.93
1997-02-06,48.36,25.01,90.57,18.09,2.13,0.95
1997-02-07,45.73,24.48,94.67,10.37,2.33,0.98
1997-02-08,11.79,25.08,89.97,17.58,1.24,0.98
1997-02-09,2.82,25.65,87.38,21.78,1.14,0.98
1997-02-10,1.51,25.45,89.56,19.89,1.3,0.98
1997-02-11,11.06,25.8,86.18,19.53,1.19,0.97
1997-02-12,4.75,25.57,88.85,18.25,1.54,0.97
1997-02-13,5.86,25.88,88.94,15.66,1.89,0.97
1997-02-14,3.12,25.74,89.9,16.75,2.03,0.97
1997-02-15,11.73,25.4,91.48,17.3,1.9,0.96
1997-02-16,22.25,25.36,91.92,18.67,1.95,0.97
1997-02-17,42.87,25.21,93.29,16.43,2.72,0.98
1997-02-18,15.26,24.99,92.79,10.27,2.92,0.99
1997-02-19,34.65,25.4,90.64,16.91,2.12,0.99
1997-02-20,24.77,24.93,92.42,10.13,2.21,1.0
1997-02-21,64.59,24.82,91.37,10.26,2.96,1.0
1997-02-22,81.75,24.86,93.16,8.44,4.28,1.0
1997-02-23,18.76,25.19,93.02,10.01,3.86,1.0
1997-02-24,9.01,25.18,89.84,18.44,3.67,0.99
1997-02-25,38.73,25.67,89.12,16.35,2.65,0.99
1997-02-26,29.88,24.55,90.36,9.86,2.51,1.0
1997-02-27,19.36,24.51,91.26,17.62,2.81,0.99
1997-02-28,29.96,25.01,90.22,16.4,3.85,0.99
1997-03-01,29.51,25.22,89.71,12.67,3.82,0.99
1997-03-02,24.17,25.16,89.85,16.63,4.03,0.99
1997-03-03,26.38,25.05,89.82,16.69,3.42,0.99
1997-03-04,19.2,25.16,91.87,14.88,3.22,0.99
1997-03-05,20.51,25.06,90.33,11.84,3.12,0.99
1997-03-06,7.92,25.02,89.33,21.13,2.69,0.99
1997-03-07,2.76,25.23,88.4,20.75,3.18,0.98
1997-03-08,0.24,24.45,83.85,24.07,3.23,0.97
1997-03-09,0.05,24.22,84.18,24.87,2.96,0.96
1997-03-10,2.04,23.98,82.89,25.02,2.71,0.95
1997-03-11,2.62,24.08,85.2,25.65,2.68,0.94
1997-03-12,0.0,24.09,83.7,25.35,2.5,0.93
1997-03-13,0.51,24.37,83.61,25.27,1.94,0.92
1997-03-14,0.54,24.87,82.26,26.06,1.32,0.91
1997-03-15,0.0,24.54,82.6,25.01,1.37,0.9
1997-03-16,0.02,24.84,79.9,24.83,1.48,0.88
1997-03-17,1.11,24.75,79.1,24.45,1.68,0.87
1997-03-18,0.23,24.92,75.7,23.36,1.34,0.86
1997-03-19,0.0,24.8,77.74,26.45,1.33,0.85
1997-03-20,0.0,25.28,79.7,20.3,1.02,0.84
1997-03-21,0.57,24.97,85.33,19.12,1.7,0.84
1997-03-22,0.04,24.87,82.27,26.05,1.67,0.82
1997-03-23,0.0,24.64,77.72,26.27,1.62,0.81
1997-03-24,0.0,24.82,77.32,25.39,1.69,0.8
1997-03-25,0.0,25.14,72.74,25.35,1.6,0.78
1997-03-26,0.0,24.86,73.73,25.39,1.87,0.77
1997-03-27,0.0,24.8,70.4,23.55,1.55,0.76
1997-03-28,0.0,25.17,76.58,23.46,1.6,0.74
1997-03-29,0.0,25.35,80.06,23.88,1.98,0.73
1997-03-30,0.01,25.26,81.92,23.6,2.16,0.72
1997-03-31,0.13,25.22,82.26,24.01,1.97,0.71
1997-04-01,0.07,25.11,82.08,24.38,1.82,0.7
1997-04-02,0.02,25.39,83.3,21.49,2.21,0.68
1997-04-03,0.07,25.51,83.84,22.9,2.35,0.67
1997-04-04,0.04,25.33,80.8,23.71,2.12,0.66
1997-04-05,0.0,25.17,80.56,22.99,1.9,0.65
1997-04-06,0.0,25.54,79.21,24.91,2.03,0.64
1997-04-07,0.07,25.2,82.38,23.35,2.1,0.63
1997-04-08,0.1,25.11,81.36,22.53,2.26,0.62
1997-04-09,0.0,25.32,80.06,19.42,2.27,0.61
1997-04-10,0.02,24.98,83.67,18.61,2.26,0.61
1997-04-11,1.86,25.36,81.16,19.34,1.98,0.6
1997-04-12,0.52,25.17,81.21,18.46,1.95,0.6
1997-04-13,0.06,25.49,81.5,21.16,2.36,0.59
1997-04-14,0.04,25.53,80.19,23.03,2.6,0.58
1997-04-15,1.02,25.44,78.28,20.33,2.4,0.58
1997-04-16,2.47,24.94,80.31,20.71,2.17,0.57
1997-04-17,0.68,25.32,77.73,21.86,2.27,0.57
1997-04-18,0.01,25.35,75.39,21.15,2.5,0.56
1997-04-19,0.0,25.14,73.86,20.85,2.64,0.55
1997-04-20,0.01,24.94,76.63,20.26,2.61,0.55
1997-04-21,0.0,25.49,76.04,21.08,3.05,0.54
1997-04-22,0.01,25.61,69.1,22.67,3.14,0.54
1997-04-23,0.31,25.7,78.41,18.93,3.43,0.53
1997-04-24,0.01,25.31,74.27,22.18,2.91,0.53
1997-04-25,0.46,25.67,77.59,20.61,3.18,0.52
1997-04-26,0.37,26.04,76.71,18.98,3.5,0.52
1997-04-27,0.03,26.3,79.92,18.2,3.21,0.52
1997-04-28,0.23,26.21,79.11,17.71,3.17,0.51
1997-04-29,0.18,26.0,75.08,21.3,3.25,0.51
1997-04-30,0.06,25.38,71.16,20.66,3.16,0.51
1997-05-01,0.0,25.6,65.06,20.39,2.8,0.5
1997-05-02,0.0,25.14,69.48,21.51,2.55,0.5
1997-05-03,0.13,25.3,73.39,20.41,2.32,0.5
1997-05-04,0.11,25.56,72.68,21.08,2.48,0.49
1997-05-05,0.01,25.39,71.24,21.56,2.36,0.49
1997-05-06,0.0,25.12,71.3,21.44,2.41,0.49
1997-05-07,0.0,24.74,73.19,22.06,2.53,0.48
1997-05-08,0.0,24.78,71.58,21.56,2.84,0.48
1997-05-09,0.0,25.15,71.98,21.0,2.86,0.48
1997-05-10,0.01,25.77,71.7,21.04,2.87,0.48
1997-05-11,0.02,26.62,72.92,20.04,2.88,0.47
1997-05-12,0.0,25.83,75.18,19.17,2.94,0.47
1997-05-13,1.23,26.01,74.6,19.5,2.8,0.47
1997-05-14,2.23,26.14,76.83,16.84,2.08,0.47
1997-05-15,0.79,25.82,76.29,16.83,2.25,0.47
1997-05-16,0.91,26.09,76.27,19.5,2.34,0.47
1997-05-17,0.0,25.67,73.93,19.26,2.27,0.47
1997-05-18,0.0,25.74,69.94,19.15,2.25,0.46
1997-05-19,0.07,25.88,71.12,17.65,1.93,0.46
1997-05-20,0.05,26.25,70.93,19.8,1.52,0.46
1997-05-21,0.01,26.16,71.97,17.46,1.5,0.46
1997-05-22,0.32,26.12,70.67,17.9,1.44,0.46
1997-05-23,1.03,26.01,71.86,18.23,1.91,0.45
1997-05-24,0.01,25.69,71.81,20.28,2.56,0.45
1997-05-25,0.0,25.24,75.09,19.87,2.46,0.45
1997-05-26,4.63,24.78,75.49,15.65,2.25,0.46
1997-05-27,0.55,24.64,65.01,18.46,1.96,0.46
1997-05-28,0.0,24.27,65.3,19.9,2.3,0.45
1997-05-29,0.0,23.97,70.95,20.49,2.46,0.45
1997-05-30,0.01,24.69,70.51,19.68,2.83,0.45
1997-05-31,1.17,25.14,75.15,14.22,2.96,0.45
1997-06-01,0.52,25.49,72.18,15.3,2.72,0.45
1997-06-02,1.87,24.76,77.2,14.42,2.99,0.45
1997-06-03,0.1,24.56,74.29,16.2,2.63,0.45
1997-06-04,0.02,24.2,71.07,18.82,2.62,0.45
1997-06-05,0.0,24.26,71.01,20.37,2.3,0.44
1997-06-06,0.0,24.58,74.87,19.26,2.89,0.44
1997-06-07,0.0,24.77,77.86,16.26,3.13,0.44
1997-06-08,1.49,24.82,79.17,16.63,3.22,0.44
1997-06-09,9.33,24.18,82.84,10.73,3.59,0.45
1997-06-10,0.37,24.29,76.0,11.91,2.96,0.46
1997-06-11,0.69,24.61,76.2,16.87,2.58,0.45
1997-06-12,0.4,24.24,78.49,14.22,2.74,0.45
1997-06-13,0.01,24.93,73.55,19.27,2.41,0.45
1997-06-14,0.34,24.58,76.28,12.62,2.66,0.45
1997-06-15,0.16,24.11,78.39,17.48,2.92,0.45
1997-06-16,0.05,24.02,74.1,12.55,3.83,0.45
1997-06-17,0.0,23.89,71.71,15.96,3.28,0.45
1997-06-18,0.0,23.76,73.04,13.61,3.41,0.44
1997-06-19,0.0,24.03,73.14,16.06,3.48,0.44
1997-06-20,0.0,24.16,74.3,14.48,3.5,0.44
1997-06-21,0.0,23.84,72.04,15.47,3.29,0.44
1997-06-22,0.0,24.03,72.29,16.5,3.45,0.44
1997-06-23,0.0,23.92,71.46,14.83,3.33,0.44
1997-06-24,0.0,23.88,69.85,17.68,2.98,0.44
1997-06-25,0.0,23.6,73.28,15.99,3.1,0.44
1997-06-26,0.0,24.29,69.82,15.6,3.0,0.44
1997-06-27,0.0,24.03,72.7,16.04,3.46,0.43
1997-06-28,0.47,23.62,74.32,12.45,4.09,0.43
1997-06-29,0.02,23.95,72.2,11.78,3.68,0.43
1997-06-30,0.0,24.04,73.03,15.4,3.8,0.43
1997-07-01,0.0,24.08,74.86,15.41,3.31,0.43
1997-07-02,0.0,24.42,70.86,19.29,3.5,0.43
1997-07-03,0.0,24.02,69.89,19.79,2.97,0.43
1997-07-04,0.0,23.64,67.66,19.56,2.75,0.43
1997-07-05,0.0,23.39,64.52,19.42,2.15,0.43
1997-07-06,0.0,23.76,69.5,19.68,2.5,0.43
1997-07-07,0.01,24.08,70.19,16.75,2.54,0.43
1997-07-08,0.0,23.95,66.39,16.01,2.34,0.43
1997-07-09,0.0,23.71,66.1,17.45,2.09,0.43
1997-07-10,0.0,23.94,68.9,15.67,1.88,0.43
1997-07-11,0.0,23.76,70.0,14.72,2.08,0.43
1997-07-12,0.0,23.89,75.69,11.04,2.42,0.43
1997-07-13,0.01,24.41,76.38,15.93,2.94,0.43
1997-07-14,0.01,24.12,72.14,14.33,3.51,0.43
1997-07-15,0.0,23.5,68.73,16.38,3.15,0.43
1997-07-16,0.0,23.85,71.12,19.51,3.17,0.43
1997-07-17,0.0,24.39,73.42,16.89,3.73,0.43
1997-07-18,0.0,24.19,68.34,16.94,3.63,0.43
1997-07-19,0.0,23.54,68.64,15.8,3.05,0.43
1997-07-20,0.06,23.08,68.19,15.71,3.44,0.43
1997-07-21,0.0,23.43,70.28,13.74,4.17,0.43
1997-07-22,0.0,23.63,71.83,17.41,4.2,0.43
1997-07-23,0.0,23.45,74.47,14.82,3.61,0.43
1997-07-24,0.0,23.69,74.36,17.06,3.58,0.43
1997-07-25,0.0,23.69,73.03,17.04,2.99,0.43
1997-07-26,0.0,23.78,72.15,21.18,2.9,0.43
1997-07-27,0.0,23.45,71.35,21.52,2.76,0.43
1997-07-28,0.01,23.19,75.1,19.46,2.71,0.43
1997-07-29,0.0,23.09,74.16,21.86,3.1,0.43
1997-07-30,0.0,23.24,68.68,19.55,3.74,0.43
1997-07-31,0.0,23.25,64.74,20.64,3.85,0.43
1997-08-01,0.0,23.42,65.02,19.88,3.64,0.43
1997-08-02,0.0,23.52,72.73,15.89,3.09,0.43
1997-08-03,0.03,23.75,74.8,16.08,3.25,0.43
1997-08-04,0.0,24.32,70.13,21.72,2.93,0.43
1997-08-05,0.0,24.35,72.31,19.49,2.65,0.43
1997-08-06,0.09,24.02,71.42,18.8,2.36,0.43
1997-08-07,0.0,23.77,66.57,18.09,2.35,0.43
1997-08-08,0.0,24.23,62.81,18.34,2.26,0.43
1997-08-09,0.0,24.26,64.83,22.12,2.43,0.43
1997-08-10,0.0,24.14,68.75,21.26,2.57,0.43
1997-08-11,0.0,23.76,72.13,19.63,2.53,0.43
1997-08-12,0.02,23.95,69.5,19.16,2.41,0.43
1997-08-13,0.0,24.11,68.36,20.35,2.49,0.42
1997-08-14,0.0,24.27,66.79,21.22,2.35,0.42
1997-08-15,0.0,23.49,69.8,18.97,2.85,0.42
1997-08-16,0.0,23.5,66.04,18.12,2.55,0.42
1997-08-17,0.0,23.98,57.45,23.0,2.32,0.42
1997-08-18,0.0,23.5,57.57,23.3,1.95,0.42
1997-08-19,0.0,24.02,66.1,22.79,2.84,0.42
1997-08-20,0.0,24.16,71.87,22.48,3.06,0.42
1997-08-21,0.0,23.36,74.81,23.06,3.11,0.42
1997-08-22,0.01,23.29,72.39,22.16,3.3,0.42
1997-08-23,0.01,23.59,73.29,20.15,3.4,0.42
1997-08-24,0.0,23.75,73.45,21.77,3.25,0.42
1997-08-25,0.0,23.51,73.94,22.44,3.97,0.42
1997-08-26,0.0,23.52,69.79,24.12,3.9,0.42
1997-08-27,0.0,23.33,65.73,23.88,3.48,0.42
1997-08-28,0.0,23.05,71.14,24.09,3.28,0.42
1997-08-29,0.0,23.71,68.49,24.03,3.05,0.42
1997-08-30,0.0,24.79,63.61,23.64,2.78,0.42
1997-08-31,0.0,24.43,68.18,21.44,2.06,0.42
1997-09-01,0.0,24.0,71.35,22.42,2.22,0.42
1997-09-02,0.0,24.38,69.18,22.19,1.93,0.42
1997-09-03,0.0,24.71,69.41,21.51,2.2,0.42
1997-09-04,0.0,24.45,69.09,23.86,2.19,0.42
1997-09-05,0.0,24.54,70.48,24.63,2.4,0.42
1997-09-06,0.0,24.5,65.12,24.1,1.94,0.42
1997-09-07,0.0,24.2,67.4,24.7,2.33,0.42
1997-09-08,0.0,24.51,68.48,23.96,2.3,0.42
1997-09-09,0.0,24.07,69.63,23.91,2.65,0.42
1997-09-10,0.0,23.8,70.24,24.77,2.46,0.42
1997-09-11,0.0,24.16,72.51,24.7,2.29,0.42
1997-09-12,0.0,24.11,73.79,24.94,2.93,0.42
1997-09-13,0.0,24.28,72.02,23.23,3.11,0.42
1997-09-14,0.0,24.34,69.3,24.13,3.14,0.42
1997-09-15,0.0,24.05,70.82,24.52,3.18,0.42
1997-09-16,0.0,23.95,70.84,21.78,3.45,0.42
1997-09-17,0.0,23.76,66.53,23.47,3.14,0.42
1997-09-18,0.0,24.12,68.82,22.98,3.15,0.42
1997-09-19,0.0,24.26,68.07,25.19,2.77,0.42
1997-09-20,0.0,23.95,70.1,24.97,2.71,0.42
1997-09-21,0.0,24.07,73.24,22.18,3.11,0.42
1997-09-22,0.0,24.56,64.56,25.03,2.87,0.42
1997-09-23,0.0,24.34,69.54,25.96,2.45,0.42
1997-09-24,0.0,24.89,61.98,25.53,2.23,0.42
1997-09-25,0.0,25.69,60.37,25.85,1.78,0.42
1997-09-26,0.0,26.21,57.81,24.56,2.09,0.42
1997-09-27,0.0,26.25,62.53,26.15,2.21,0.42
1997-09-28,0.0,25.78,65.31,25.82,2.54,0.42
1997-09-29,0.0,26.17,64.28,26.09,2.09,0.42
1997-09-30,0.0,26.17,72.09,24.03,2.54,0.42
1997-10-01,0.0,26.44,69.93,25.57,2.44,0.42
1997-10-02,0.0,26.59,65.61,25.82,2.01,0.42
1997-10-03,0.0,26.5,64.62,26.25,2.47,0.42
1997-10-04,0.0,26.68,65.57,26.15,2.18,0.42
1997-10-05,0.0,26.28,64.66,24.36,1.79,0.42
1997-10-06,0.0,26.46,60.55,25.88,1.71,0.42
1997-10-07,0.0,26.36,61.11,26.04,1.95,0.42
1997-10-08,0.0,26.74,62.91,25.49,1.89,0.42
1997-10-09,0.0,26.56,69.35,22.62,1.98,0.42
1997-10-10,0.0,26.74,66.79,24.8,2.16,0.42
1997-10-11,0.0,26.63,67.68,24.39,1.87,0.42
1997-10-12,0.0,26.92,61.43,25.62,1.53,0.42
1997-10-13,0.0,27.04,56.67,26.71,2.02,0.42
1997-10-14,0.0,26.6,58.44,26.83,2.35,0.42
1997-10-15,0.0,26.87,55.62,26.88,1.96,0.42
1997-10-16,0.0,27.31,61.28,26.47,2.1,0.42
1997-10-17,0.0,27.63,63.08,27.38,2.34,0.42
1997-10-18,0.0,27.24,64.02,27.21,2.62,0.42
1997-10-19,0.0,27.16,64.0,27.22,2.4,0.42
1997-10-20,0.0,27.33,68.33,27.06,2.6,0.42
1997-10-21,0.0,26.86,69.11,23.75,2.55,0.42
1997-10-22,0.0,27.45,62.61,26.03,2.16,0.42
1997-10-23,0.0,27.89,61.42,27.11,2.11,0.42
1997-10-24,0.0,27.72,59.69,27.25,2.2,0.42
1997-10-25,0.0,27.55,62.28,26.58,2.33,0.42
1997-10-26,0.0,27.31,64.92,26.36,2.58,0.42
1997-10-27,0.0,27.13,61.95,27.18,2.27,0.42
1997-10-28,0.0,27.31,58.24,27.24,2.2,0.42
1997-10-29,0.0,27.67,57.88,26.85,2.39,0.42
1997-10-30,0.0,26.83,56.38,27.33,2.7,0.42
1997-10-31,0.0,26.78,59.06,27.01,2.37,0.42
1997-11-01,0.0,27.29,60.55,27.05,2.45,0.42
1997-11-02,0.0,27.07,65.25,26.29,2.8,0.42
1997-11-03,0.0,26.91,64.03,25.87,2.6,0.42
1997-11-04,0.0,27.68,63.22,26.86,2.29,0.42
1997-11-05,0.0,28.47,60.44,26.86,2.12,0.42
1997-11-06,0.01,28.75,59.29,27.12,2.22,0.42
1997-11-07,0.0,28.77,61.25,23.72,1.85,0.42
1997-11-08,0.0,29.05,58.8,26.18,1.58,0.42
1997-11-09,0.0,28.24,65.09,25.91,1.66,0.42
1997-11-10,0.7,28.37,61.38,25.58,1.6,0.42
1997-11-11,0.52,28.26,63.29,21.18,1.76,0.42
1997-11-12,0.0,28.1,64.72,23.48,1.85,0.42
1997-11-13,0.0,28.34,65.13,22.64,1.84,0.42
1997-11-14,0.45,28.4,64.27,21.13,1.96,0.42
1997-11-15,1.7,27.92,70.11,21.55,1.91,0.43
1997-11-16,9.68,27.23,74.28,21.71,1.66,0.44
1997-11-17,0.68,27.64,69.16,23.55,1.87,0.44
1997-11-18,0.0,27.91,65.15,24.31,1.84,0.44
1997-11-19,0.0,28.22,60.16,27.35,2.27,0.44
1997-11-20,0.0,28.15,66.96,27.42,2.5,0.44
1997-11-21,0.0,28.64,65.31,25.26,1.98,0.43
1997-11-22,0.0,28.58,64.7,24.41,1.66,0.43
1997-11-23,0.07,29.21,61.25,22.29,1.63,0.43
1997-11-24,2.09,28.45,65.61,21.39,1.62,0.43
1997-11-25,2.37,28.01,68.09,22.17,2.39,0.43
1997-11-26,31.23,26.93,76.17,21.62,1.84,0.47
1997-11-27,8.34,27.22,72.62,23.14,1.44,0.5
1997-11-28,1.54,27.45,73.8,20.46,1.87,0.5
1997-11-29,1.16,27.79,69.02,23.97,1.51,0.5
1997-11-30,9.08,27.88,68.67,21.52,1.64,0.49
1997-12-01,10.06,27.49,76.87,21.08,1.99,0.52
1997-12-02,6.51,27.88,74.97,21.36,1.89,0.53
1997-12-03,1.21,27.15,80.48,20.98,1.98,0.53
1997-12-04,1.33,28.05,73.36,23.78,1.55,0.53
1997-12-05,7.43,27.68,73.51,21.79,1.41,0.53
1997-12-06,10.81,27.28,77.66,20.19,1.49,0.54
1997-12-07,4.16,26.79,79.25,22.42,1.41,0.55
1997-12-08,13.03,26.77,80.42,17.2,1.47,0.56
1997-12-09,18.2,26.92,82.84,21.25,1.91,0.58
1997-12-10,7.86,26.76,84.26,21.52,2.2,0.6
1997-12-11,2.17,26.65,83.5,15.53,1.54,0.6
1997-12-12,0.34,26.57,82.56,22.17,1.27,0.59
1997-12-13,0.86,27.3,77.43,19.59,1.69,0.59
1997-12-14,0.75,27.65,75.67,21.14,1.67,0.58
1997-12-15,0.4,27.54,77.56,20.88,2.01,0.58
1997-12-16,0.33,26.97,78.15,16.98,2.02,0.57
1997-12-17,1.33,26.78,78.02,20.98,2.2,0.57
1997-12-18,0.3,27.05,78.95,21.05,1.79,0.57
1997-12-19,0.23,26.33,85.27,20.08,1.61,0.56
1997-12-20,0.01,27.17,78.36,20.93,1.2,0.56
1997-12-21,5.45,26.65,83.06,21.86,1.18,0.56
1997-12-22,11.84,26.65,84.6,19.62,1.37,0.57
1997-12-23,24.85,26.06,89.16,19.84,1.84,0.6
1997-12-24,13.58,26.36,85.67,20.09,1.68,0.64
1997-12-25,8.25,25.71,88.16,11.89,2.84,0.65
1997-12-26,6.34,26.01,81.24,13.66,2.19,0.65
1997-12-27,0.55,26.25,82.06,15.77,2.77,0.64
1997-12-28,1.25,26.34,83.85,22.87,2.35,0.63
1997-12-29,0.36,26.32,84.04,22.77,2.66,0.62
1997-12-30,0.01,26.46,81.27,20.1,3.02,0.61
1997-12-31,16.38,26.23,82.63,21.3,3.33,0.62
1998-01-01,13.55,26.1,83.29,20.71,3.44,0.64
1998-01-02,4.37,26.48,82.65,23.26,3.06,0.65
1998-01-03,0.0,26.9,81.6,25.04,2.65,0.63
1998-01-04,6.08,26.91,81.96,23.01,2.55,0.63
1998-01-05,3.86,26.91,83.05,20.75,2.39,0.63
1998-01-06,0.11,26.86,81.52,19.03,1.98,0.62
1998-01-07,0.34,26.54,83.81,17.66,2.44,0.61
1998-01-08,0.1,27.4,77.8,20.83,2.83,0.61
1998-01-09,0.0,27.64,75.39,22.81,2.34,0.6
1998-01-10,0.0,28.17,74.57,23.23,2.12,0.59
1998-01-11,0.72,28.27,74.82,23.55,1.93,0.58
1998-01-12,0.31,28.35,73.85,23.38,1.43,0.57
1998-01-13,0.01,27.48,78.05,21.87,1.5,0.57
1998-01-14,0.0,27.14,80.02,24.07,2.05,0.56
1998-01-15,6.2,28.18,73.71,23.57,1.55,0.56
1998-01-16,3.52,28.38,74.82,22.57,1.52,0.57
1998-01-17,0.15,28.86,72.68,24.18,1.5,0.56
1998-01-18,4.44,27.78,77.65,21.84,2.37,0.55
1998-01-19,17.41,26.92,82.35,18.13,2.45,0.57
1998-01-20,68.91,25.98,84.16,11.2,2.62,0.63
1998-01-21,53.9,25.34,88.55,16.72,3.04,0.75
1998-01-22,15.9,26.16,85.57,18.91,3.33,0.78
1998-01-23,29.15,25.68,89.28,13.88,2.62,0.79
1998-01-24,11.95,26.16,89.52,18.19,2.22,0.82
1998-01-25,16.02,26.56,85.89,18.19,1.88,0.82
1998-01-26,2.89,26.63,86.4,13.45,2.26,0.83
1998-01-27,1.44,26.09,88.91,18.57,2.04,0.83
1998-01-28,1.06,26.21,86.41,20.13,2.82,0.82
1998-01-29,2.81,26.22,88.45,16.48,2.97,0.81
1998-01-30,18.42,26.58,85.2,20.71,2.76,0.81
1998-01-31,9.53,26.94,82.64,22.85,1.72,0.83
1998-02-01,0.28,27.06,81.42,21.43,1.04,0.82
1998-02-02,0.1,26.33,88.23,22.96,1.32,0.82
1998-02-03,25.78,27.05,83.59,21.41,1.21,0.82
1998-02-04,3.61,26.52,86.3,20.89,1.54,0.84
1998-02-05,0.71,26.61,83.26,23.1,1.71,0.83
1998-02-06,2.46,26.58,83.69,23.04,1.82,0.81
1998-02-07,18.26,26.56,82.99,20.84,1.73,0.81
1998-02-08,16.64,25.78,90.26,17.9,1.75,0.84
1998-02-09,13.16,26.33,86.54,16.55,0.93,0.85
1998-02-10,2.56,26.43,85.29,17.99,1.01,0.86
1998-02-11,0.3,26.98,81.59,18.97,1.29,0.85
1998-02-12,33.45,26.23,87.37,18.6,1.11,0.86
1998-02-13,22.35,26.49,84.3,21.93,1.12,0.89
1998-02-14,4.78,26.53,84.13,22.16,0.9,0.9
1998-02-15,11.33,27.12,82.55,22.03,1.09,0.89
1998-02-16,4.43,26.83,83.63,20.77,1.3,0.9
1998-02-17,1.01,26.55,88.24,20.27,1.42,0.89
1998-02-18,0.43,27.18,81.24,18.55,0.75,0.88
1998-02-19,0.17,27.51,84.72,23.65,1.38,0.87
1998-02-20,1.8,27.02,87.68,21.59,1.26,0.87
1998-02-21,7.15,27.23,81.37,21.13,1.08,0.86
1998-02-22,11.85,26.92,82.84,16.95,0.97,0.87
1998-02-23,18.54,26.09,86.33,17.4,1.43,0.88
1998-02-24,3.42,25.49,88.22,17.75,1.9,0.89
1998-02-25,9.94,26.21,84.65,18.64,1.11,0.88
1998-02-26,0.55,27.5,80.05,21.62,0.99,0.88
1998-02-27,0.14,27.24,82.32,22.45,1.04,0.87
1998-02-28,13.05,26.69,86.35,20.91,1.55,0.87
1998-03-01,16.43,26.29,86.73,21.52,1.97,0.89
1998-03-02,1.71,27.1,82.83,25.19,1.95,0.88
1998-03-03,0.04,27.15,84.16,23.99,1.97,0.87
1998-03-04,0.57,27.12,83.72,23.03,2.38,0.86
1998-03-05,2.53,26.74,84.59,20.36,2.07,0.85
1998-03-06,0.22,26.4,88.23,20.59,1.76,0.85
1998-03-07,1.14,27.3,79.05,24.01,1.03,0.84
1998-03-08,9.34,26.99,83.22,22.1,1.4,0.83
1998-03-09,12.28,26.96,84.14,23.07,1.56,0.84
1998-03-10,1.31,26.84,85.62,19.32,1.62,0.84
1998-03-11,8.57,26.37,89.08,19.56,1.48,0.83
1998-03-12,4.47,26.47,86.6,17.3,0.87,0.84
1998-03-13,0.83,26.77,82.53,16.89,0.89,0.84
1998-03-14,2.08,26.23,87.68,21.19,1.18,0.83
1998-03-15,35.71,26.41,87.81,17.63,1.33,0.85
1998-03-16,16.76,25.98,90.01,17.64,1.61,0.89
1998-03-17,5.65,27.04,83.25,19.07,1.38,0.89
1998-03-18,10.48,26.48,84.39,19.78,1.24,0.88
1998-03-19,0.44,26.42,77.47,24.31,1.49,0.88
1998-03-20,0.08,26.6,72.77,24.69,1.08,0.86
1998-03-21,0.14,27.01,75.58,23.36,1.08,0.85
1998-03-22,7.92,26.67,82.69,19.77,1.37,0.85
1998-03-23,8.42,26.87,84.64,18.66,2.05,0.85
1998-03-24,0.83,26.58,83.58,19.63,1.51,0.85
1998-03-25,0.26,26.46,81.94,24.09,1.35,0.84
1998-03-26,3.33,26.38,83.33,22.15,1.95,0.83
1998-03-27,8.2,26.29,83.88,20.83,1.92,0.82
1998-03-28,1.65,26.23,84.01,21.3,2.06,0.82
1998-03-29,1.58,26.13,84.56,21.19,2.39,0.81
1998-03-30,0.03,26.13,84.4,21.55,2.38,0.79
1998-03-31,0.03,26.31,83.17,23.58,2.08,0.78
1998-04-01,0.0,26.31,82.72,23.33,1.86,0.77
1998-04-02,0.0,26.35,81.83,22.09,1.55,0.76
1998-04-03,0.24,26.32,79.66,20.29,1.32,0.74
1998-04-04,1.05,26.74,82.19,20.84,1.69,0.73
1998-04-05,0.48,26.95,85.46,16.66,2.25,0.72
1998-04-06,9.68,26.61,89.19,16.8,2.58,0.72
1998-04-07,9.53,26.26,88.96,17.3,2.21,0.73
1998-04-08,10.99,26.31,88.88,17.95,2.62,0.74
1998-04-09,12.72,26.28,88.78,17.1,2.44,0.75
1998-04-10,14.42,26.21,88.91,19.16,2.65,0.76
1998-04-11,2.55,26.21,85.99,20.72,2.21,0.76
1998-04-12,0.8,25.83,85.76,20.7,1.74,0.75
1998-04-13,0.55,26.04,83.31,20.83,1.67,0.74
1998-04-14,0.2,26.21,84.16,20.44,2.01,0.73
1998-04-15,1.46,26.07,85.76,20.99,2.1,0.72
1998-04-16,2.02,26.25,86.24,17.9,2.07,0.71
1998-04-17,4.87,26.16,86.37,18.19,1.55,0.7
1998-04-18,10.24,25.99,88.15,12.66,0.97,0.71
1998-04-19,8.74,26.95,84.83,18.12,1.06,0.72
1998-04-20,0.7,27.24,82.97,21.47,1.31,0.72
1998-04-21,2.75,26.19,89.05,20.28,1.25,0.71
1998-04-22,4.01,26.39,87.83,19.87,1.31,0.71
1998-04-23,1.75,26.76,86.3,20.03,1.06,0.71
1998-04-24,0.69,26.4,88.12,15.84,1.77,0.7
1998-04-25,5.89,25.9,88.69,18.95,2.32,0.7
1998-04-26,1.72,25.93,88.61,16.43,3.2,0.7
1998-04-27,0.39,25.79,84.83,15.76,2.65,0.68
1998-04-28,0.13,25.99,86.77,17.31,2.97,0.67
1998-04-29,0.3,26.1,85.65,16.73,2.84,0.66
1998-04-30,0.81,26.06,85.68,20.23,2.46,0.65
1998-05-01,0.21,26.02,84.88,21.34,2.27,0.64
1998-05-02,0.05,26.12,84.71,18.62,2.59,0.63
1998-05-03,0.12,26.24,84.13,16.32,2.7,0.62
1998-05-04,0.08,26.01,82.78,19.64,2.29,0.61
1998-05-05,0.01,26.01,79.93,21.02,2.09,0.6
1998-05-06,0.0,25.85,77.44,19.59,2.68,0.6
1998-05-07,0.0,25.6,72.25,18.86,2.69,0.59
1998-05-08,0.0,25.16,74.19,17.1,2.66,0.58
1998-05-09,0.0,25.09,75.15,20.52,2.45,0.57
1998-05-10,0.01,25.6,83.18,15.68,3.0,0.57
1998-05-11,0.0,25.94,79.05,19.77,3.05,0.56
1998-05-12,0.0,25.85,78.52,20.9,2.52,0.55
1998-05-13,0.0,25.94,78.99,19.61,2.15,0.55
1998-05-14,0.73,26.26,83.36,16.19,2.47,0.54
1998-05-15,1.66,26.53,85.19,16.9,2.98,0.54
1998-05-16,0.46,25.61,88.46,10.48,3.17,0.54
1998-05-17,0.6,25.41,87.18,12.47,3.18,0.54
1998-05-18,0.13,26.31,85.85,17.53,2.54,0.54
1998-05-19,2.71,26.66,84.06,16.98,2.09,0.54
1998-05-20,0.84,26.62,81.57,18.83,2.26,0.53
1998-05-21,0.01,25.96,80.48,15.08,2.21,0.53
1998-05-22,0.37,25.55,78.65,16.62,2.53,0.53
1998-05-23,0.03,25.48,73.33,18.14,2.57,0.52
1998-05-24,0.07,25.91,77.24,18.8,2.8,0.52
1998-05-25,0.09,26.54,80.63,13.7,3.95,0.52
1998-05-26,0.65,26.25,79.48,16.93,3.53,0.51
1998-05-27,0.24,26.16,79.48,13.54,3.6,0.51
1998-05-28,0.0,25.52,71.01,15.75,3.06,0.51
1998-05-29,0.0,25.62,75.42,17.69,2.96,0.5
1998-05-30,0.0,25.85,76.78,18.58,3.09,0.5
1998-05-31,2.37,25.84,81.95,12.27,3.31,0.5
1998-06-01,0.0,25.73,79.29,17.48,3.11,0.5
1998-06-02,0.0,25.06,76.73,17.93,2.56,0.49
1998-06-03,0.0,24.75,76.39,17.95,2.56,0.49
1998-06-04,1.45,25.41,80.99,16.15,2.22,0.49
1998-06-05,2.53,25.68,83.1,12.52,3.01,0.49
1998-06-06,0.25,25.86,78.44,16.23,3.28,0.49
1998-06-07,0.0,25.59,74.54,17.99,3.49,0.49
1998-06-08,0.0,25.39,71.86,18.33,3.17,0.48
1998-06-09,0.03,25.39,77.13,15.35,3.17,0.48
1998-06-10,0.01,25.95,74.57,14.56,2.87,0.48
1998-06-11,0.01,26.0,73.06,14.17,2.52,0.48
1998-06-12,1.71,25.75,78.77,13.97,2.62,0.48
1998-06-13,0.08,26.77,70.89,17.18,2.24,0.47
1998-06-14,0.0,26.17,71.61,20.3,2.98,0.47
1998-06-15,0.0,25.2,75.74,17.88,2.7,0.47
1998-06-16,0.0,25.58,77.11,17.74,2.94,0.47
1998-06-17,0.0,25.55,73.33,18.29,3.4,0.47
1998-06-18,0.08,25.32,77.5,16.21,3.27,0.46
1998-06-19,0.08,26.25,78.81,11.9,2.95,0.46
1998-06-20,0.05,26.15,79.44,15.4,3.1,0.46
1998-06-21,0.02,25.97,79.75,15.9,3.07,0.46
1998-06-22,0.0,25.64,79.03,17.94,3.11,0.46
1998-06-23,0.0,25.25,76.63,17.99,2.6,0.46
1998-06-24,0.0,24.88,75.83,17.03,3.55,0.46
1998-06-25,0.0,23.96,70.09,14.63,3.77,0.45
1998-06-26,0.0,24.16,66.1,18.89,2.62,0.45
1998-06-27,0.02,24.94,70.88,18.46,2.14,0.45
1998-06-28,0.17,25.48,81.15,11.44,2.94,0.45
1998-06-29,0.47,25.92,79.73,12.9,2.6,0.45
1998-06-30,0.89,25.57,79.76,14.14,2.94,0.45
1998-07-01,0.21,25.71,77.81,14.01,3.52,0.45
1998-07-02,0.17,26.38,77.91,15.72,2.55,0.45
1998-07-03,0.08,26.21,79.27,14.67,2.45,0.45
1998-07-04,7.45,25.82,83.55,13.15,2.6,0.45
1998-07-05,0.54,26.18,79.34,15.75,2.81,0.46
1998-07-06,2.14,25.91,77.6,17.04,3.02,0.45
1998-07-07,4.88,25.24,85.67,14.23,3.3,0.46
1998-07-08,0.01,25.84,81.09,14.72,3.27,0.46
1998-07-09,0.0,25.32,77.71,18.59,3.18,0.46
1998-07-10,0.0,25.33,70.96,17.94,3.95,0.46
1998-07-11,0.0,24.66,72.12,17.29,3.52,0.46
1998-07-12,0.0,24.44,71.3,18.59,3.31,0.46
1998-07-13,0.0,24.53,73.95,15.27,3.36,0.45
1998-07-14,0.0,25.18,74.71,15.73,2.77,0.45
1998-07-15,0.03,25.35,75.82,14.12,2.7,0.45
1998-07-16,0.0,25.35,72.94,19.18,2.6,0.45
1998-07-17,0.0,24.83,74.71,18.8,2.84,0.45
1998-07-18,0.0,25.3,74.2,20.24,2.86,0.45
1998-07-19,0.01,26.14,77.93,16.94,2.27,0.44
1998-07-20,0.18,25.5,78.56,14.42,2.71,0.44
1998-07-21,0.02,25.72,77.63,20.66,2.86,0.44
1998-07-22,0.07,25.53,78.79,18.14,2.92,0.44
1998-07-23,0.04,25.61,79.43,14.86,3.68,0.44
1998-07-24,0.02,25.57,78.18,12.94,3.51,0.44
1998-07-25,0.19,25.44,76.35,15.82,3.62,0.44
1998-07-26,0.19,25.71,76.77,15.69,3.12,0.44
1998-07-27,0.04,26.22,74.78,17.02,2.58,0.44
1998-07-28,0.0,25.84,77.62,14.88,2.8,0.44
1998-07-29,0.0,25.78,78.23,19.67,3.32,0.44
1998-07-30,0.0,25.48,76.73,21.07,4.12,0.43
1998-07-31,0.0,25.21,73.37,16.48,4.2,0.43
1998-08-01,0.0,24.79,70.29,21.75,3.52,0.43
1998-08-02,0.0,24.68,69.61,21.25,3.06,0.43
1998-08-03,0.0,24.73,71.77,20.97,2.8,0.43
1998-08-04,0.0,24.97,69.61,21.54,2.52,0.43
1998-08-05,0.0,24.85,68.52,21.41,2.2,0.43
1998-08-06,0.0,24.63,74.07,22.01,2.38,0.43
1998-08-07,0.0,25.4,70.45,21.95,2.15,0.43
1998-08-08,0.02,25.04,72.34,21.02,2.56,0.43
1998-08-09,0.06,24.76,75.55,20.29,3.18,0.43
1998-08-10,0.0,25.09,66.23,19.13,3.74,0.43
1998-08-11,0.01,24.97,73.23,16.13,3.02,0.43
1998-08-12,0.0,25.41,71.28,18.09,3.17,0.43
1998-08-13,0.0,24.67,72.03,21.22,3.04,0.43
1998-08-14,0.0,25.09,68.79,20.7,3.01,0.43
1998-08-15,0.0,25.07,69.81,21.2,2.96,0.43
1998-08-16,0.0,24.58,73.63,22.42,2.9,0.43
1998-08-17,0.0,24.61,71.76,22.61,2.55,0.43
1998-08-18,0.0,24.37,69.97,22.86,2.34,0.43
1998-08-19,0.0,24.86,69.69,21.37,2.4,0.43
1998-08-20,0.0,25.43,73.76,21.97,2.44,0.43
1998-08-21,0.01,25.87,74.74,17.36,2.5,0.43
1998-08-22,0.0,25.99,77.55,19.53,3.02,0.43
1998-08-23,0.0,25.84,76.96,20.79,3.14,0.43
1998-08-24,0.0,25.7,75.41,21.33,2.92,0.43
1998-08-25,0.0,25.82,75.86,19.13,2.96,0.43
1998-08-26,0.0,25.83,74.99,21.23,3.37,0.43
1998-08-27,0.0,25.34,74.66,21.32,3.01,0.43
1998-08-28,0.0,25.05,66.47,22.6,3.13,0.43
1998-08-29,0.02,24.54,63.16,17.78,2.88,0.43
1998-08-30,0.14,24.62,66.65,18.16,2.73,0.43
1998-08-31,0.0,25.17,66.67,19.52,2.42,0.43
1998-09-01,0.0,25.45,62.65,21.61,2.2,0.43
1998-09-02,0.0,25.16,62.28,23.89,2.21,0.42
1998-09-03,0.0,25.45,61.9,24.04,2.38,0.42
1998-09-04,0.0,25.17,68.09,23.54,2.31,0.42
1998-09-05,0.0,25.83,69.84,23.15,2.21,0.42
1998-09-06,0.0,26.52,68.72,23.71,2.73,0.42
1998-09-07,0.0,26.1,76.15,20.49,3.22,0.42
1998-09-08,0.0,25.91,74.89,21.43,2.9,0.42
1998-09-09,0.0,25.61,73.62,22.17,2.53,0.42
1998-09-10,0.0,25.24,69.05,22.94,2.04,0.42
1998-09-11,0.0,25.56,67.43,24.3,2.19,0.42
1998-09-12,0.0,26.11,63.91,23.58,1.95,0.42
1998-09-13,0.0,25.95,70.14,23.69,2.43,0.42
1998-09-14,0.0,26.07,73.29,23.1,2.66,0.42
1998-09-15,0.0,26.97,66.64,24.47,2.4,0.42
1998-09-16,0.0,27.27,69.22,24.01,2.61,0.42
1998-09-17,0.0,26.98,70.47,23.24,2.95,0.42
1998-09-18,0.75,26.55,69.4,23.27,2.8,0.42
1998-09-19,0.04,26.39,72.14,23.79,3.08,0.42
1998-09-20,0.0,26.5,72.67,22.2,2.86,0.42
1998-09-21,1.79,26.95,73.35,19.86,2.71,0.43
1998-09-22,0.48,26.67,76.94,19.82,2.37,0.43
1998-09-23,0.21,26.59,77.47,19.22,2.52,0.43
1998-09-24,1.46,26.69,75.8,19.12,4.1,0.43
1998-09-25,0.3,26.82,71.18,24.21,3.4,0.43
1998-09-26,0.07,26.5,70.94,23.95,2.87,0.43
1998-09-27,0.07,26.58,71.89,19.25,2.45,0.43
1998-09-28,0.0,27.35,68.78,23.88,2.43,0.43
1998-09-29,0.0,27.08,68.3,22.72,2.44,0.43
1998-09-30,0.0,27.2,65.23,23.86,2.13,0.43
1998-10-01,0.0,26.79,65.53,24.66,2.25,0.43
1998-10-02,0.0,27.06,64.93,24.16,2.12,0.43
1998-10-03,0.0,27.22,65.15,21.39,2.52,0.43
1998-10-04,0.0,27.09,67.8,25.29,2.7,0.43
1998-10-05,0.0,27.42,62.41,24.45,2.23,0.43
1998-10-06,0.01,27.57,61.19,24.2,2.04,0.43
1998-10-07,0.32,27.77,64.29,24.48,2.11,0.43
1998-10-08,0.0,27.63,66.52,24.06,2.41,0.43
1998-10-09,0.01,27.95,66.4,24.21,2.41,0.43
1998-10-10,0.06,28.67,62.45,23.57,2.07,0.43
1998-10-11,0.05,28.99,62.76,23.67,1.35,0.42
1998-10-12,0.03,28.73,62.41,23.63,1.65,0.42
1998-10-13,0.09,28.64,64.42,24.16,1.89,0.42
1998-10-14,0.04,28.09,67.55,21.38,2.45,0.42
1998-10-15,0.03,28.17,66.76,23.87,2.26,0.42
1998-10-16,0.0,27.67,70.56,21.99,2.25,0.42
1998-10-17,0.0,28.7,66.76,23.91,1.75,0.42
1998-10-18,0.02,29.33,64.01,20.66,1.76,0.42
1998-10-19,7.81,28.27,70.87,19.29,1.78,0.43
1998-10-20,18.64,27.38,75.03,17.39,1.5,0.45
1998-10-21,4.03,27.37,76.25,22.47,2.57,0.48
1998-10-22,3.81,27.55,77.11,19.34,3.44,0.47
1998-10-23,1.14,27.57,77.31,23.68,2.77,0.48
1998-10-24,0.1,27.79,74.49,23.75,2.23,0.47
1998-10-25,0.01,28.36,66.1,23.3,1.66,0.47
1998-10-26,0.0,28.43,68.17,22.81,1.91,0.46
1998-10-27,0.05,28.52,68.84,21.66,1.98,0.46
1998-10-28,0.06,28.43,70.22,18.05,1.52,0.46
1998-10-29,0.64,28.1,71.32,20.76,1.17,0.46
1998-10-30,10.42,27.84,75.12,20.18,1.92,0.46
1998-10-31,9.51,26.77,77.5,20.17,1.99,0.49
1998-11-01,9.03,26.84,76.2,20.53,1.32,0.5
1998-11-02,7.08,27.19,76.49,21.94,1.32,0.51
1998-11-03,10.87,26.96,79.2,20.53,1.45,0.52
1998-11-04,25.96,26.68,82.55,20.81,1.83,0.55
1998-11-05,11.81,26.85,83.13,20.9,1.99,0.59
1998-11-06,0.74,27.1,78.9,23.18,2.05,0.58
1998-11-07,0.28,27.36,77.66,25.45,2.44,0.57
1998-11-08,0.07,27.51,75.33,23.94,2.56,0.56
1998-11-09,2.8,27.39,78.28,20.45,1.99,0.56
1998-11-10,5.89,27.03,81.89,19.53,2.15,0.56
1998-11-11,12.76,26.76,82.67,16.91,1.76,0.57
1998-11-12,22.68,26.74,81.81,16.28,1.38,0.59
1998-11-13,17.97,26.85,80.8,20.9,1.31,0.63
1998-11-14,11.93,26.55,82.42,16.55,1.43,0.64
1998-11-15,51.59,25.94,86.94,15.0,1.39,0.67
1998-11-16,5.39,26.53,78.33,19.22,1.28,0.72
1998-11-17,0.71,26.04,78.66,19.11,1.66,0.71
1998-11-18,11.54,25.62,87.1,17.87,2.18,0.7
1998-11-19,4.42,26.18,85.38,21.15,1.15,0.72
1998-11-20,0.13,26.32,84.84,18.7,0.85,0.71
1998-11-21,5.42,25.99,87.36,15.14,0.98,0.71
1998-11-22,3.02,26.82,83.63,19.07,1.17,0.71
1998-11-23,0.51,26.95,81.54,21.12,1.34,0.71
1998-11-24,0.04,26.57,84.38,22.23,1.8,0.7
1998-11-25,4.8,26.07,84.86,19.37,1.64,0.69
1998-11-26,1.59,25.12,91.4,18.96,1.61,0.7
1998-11-27,0.01,25.56,87.13,19.6,1.4,0.69
1998-11-28,8.62,25.05,89.16,14.71,1.54,0.69
1998-11-29,17.44,25.05,88.68,20.35,1.43,0.71
1998-11-30,26.91,25.5,86.84,18.07,1.38,0.74
1998-12-01,22.74,25.46,87.54,17.18,1.65,0.78
1998-12-02,3.64,26.02,84.56,19.02,1.14,0.79
1998-12-03,15.47,26.35,83.98,12.81,1.53,0.79
1998-12-04,7.98,25.45,85.32,19.57,1.75,0.81
1998-12-05,0.45,25.76,86.43,21.41,2.43,0.8
1998-12-06,0.27,26.02,84.07,17.91,1.91,0.79
1998-12-07,0.08,26.43,86.58,17.35,2.45,0.78
1998-12-08,6.87,26.47,86.55,14.75,3.24,0.77
1998-12-09,14.26,26.32,88.71,17.01,4.2,0.78
1998-12-10,10.39,26.37,86.43,17.39,4.66,0.79
1998-12-11,16.14,26.38,84.14,18.09,3.24,0.79
1998-12-12,3.88,26.85,82.14,23.59,1.42,0.8
1998-12-13,0.05,26.62,79.9,23.49,1.05,0.79
1998-12-14,0.0,26.67,82.56,23.26,0.87,0.78
1998-12-15,0.38,26.28,85.17,19.71,1.57,0.78
1998-12-16,4.52,25.87,88.31,19.83,1.98,0.78
1998-12-17,0.08,25.85,84.86,19.82,1.97,0.77
1998-12-18,9.69,25.76,85.18,17.18,2.36,0.77
1998-12-19,0.29,26.12,82.25,18.77,1.65,0.77
1998-12-20,1.48,26.0,84.16,21.31,1.27,0.76
1998-12-21,8.49,25.69,89.88,20.99,1.15,0.76
1998-12-22,22.63,25.88,87.49,20.31,1.43,0.78
1998-12-23,5.29,25.51,86.89,20.53,1.6,0.8
1998-12-24,3.17,25.88,87.58,15.8,1.97,0.79
1998-12-25,5.83,25.5,86.65,19.26,2.03,0.79
1998-12-26,18.68,25.89,83.89,22.0,1.79,0.8
1998-12-27,14.86,26.07,86.55,21.65,2.36,0.82
1998-12-28,6.2,26.1,88.48,20.06,3.05,0.82
1998-12-29,19.06,25.88,86.91,19.02,3.19,0.83
1998-12-30,7.29,26.02,84.94,20.03,3.09,0.84
1998-12-31,2.63,26.24,81.32,21.57,2.63,0.83
1999-01-01,0.11,26.34,80.85,22.14,2.47,0.82
1999-01-02,0.07,26.68,79.29,24.02,1.78,0.8
1999-01-03,0.97,26.47,82.21,20.23,1.28,0.79
1999-01-04,1.47,25.83,88.58,21.63,1.41,0.79
1999-01-05,0.38,25.37,88.97,16.93,1.82,0.78
1999-01-06,6.99,25.38,92.45,17.12,1.81,0.78
1999-01-07,7.24,25.26,90.55,17.52,1.44,0.79
1999-01-08,17.9,25.34,92.75,20.57,1.77,0.81
1999-01-09,10.99,25.12,91.41,16.81,1.93,0.82
1999-01-10,1.82,25.04,86.02,16.79,1.23,0.83
1999-01-11,6.19,25.19,88.07,17.71,1.36,0.82
1999-01-12,20.96,25.04,92.63,12.1,2.81,0.84
1999-01-13,4.75,25.02,87.13,14.97,1.16,0.85
1999-01-14,0.64,25.63,85.58,20.88,1.16,0.85
1999-01-15,4.16,25.48,87.86,18.63,1.78,0.85
1999-01-16,4.36,24.92,89.04,13.81,1.92,0.85
1999-01-17,4.94,24.95,86.73,18.18,2.36,0.85
1999-01-18,40.95,25.22,87.89,13.65,2.22,0.87
1999-01-19,27.11,25.33,90.28,11.07,2.82,0.91
1999-01-20,24.51,25.61,90.49,8.54,2.74,0.91
1999-01-21,15.48,25.73,89.28,17.56,2.58,0.93
1999-01-22,24.37,25.77,87.69,17.58,1.66,0.92
1999-01-23,4.4,26.46,80.29,22.59,1.16,0.93
1999-01-24,20.97,26.25,86.21,18.79,1.65,0.93
1999-01-25,7.04,26.9,84.2,25.41,1.2,0.94
1999-01-26,0.96,27.17,81.86,23.92,1.17,0.92
1999-01-27,15.25,26.96,84.28,22.41,1.02,0.92
1999-01-28,9.09,26.88,84.09,21.33,1.24,0.93
1999-01-29,15.89,27.12,81.46,18.53,1.27,0.93
1999-01-30,9.21,26.48,84.96,17.34,0.94,0.93
1999-01-31,1.48,26.38,86.23,18.12,1.63,0.93
1999-02-01,33.4,26.29,87.17,14.15,2.31,0.94
1999-02-02,28.0,26.38,86.28,18.41,1.68,0.96
1999-02-03,5.4,26.11,87.15,18.84,1.49,0.96
1999-02-04,28.57,25.89,86.42,18.05,2.04,0.96
1999-02-05,92.02,25.07,91.39,11.51,2.5,0.99
1999-02-06,19.36,24.87,89.5,12.62,2.73,1.0
1999-02-07,22.78,24.92,89.95,16.37,2.96,0.99
1999-02-08,37.38,25.62,90.26,8.54,3.33,1.0
1999-02-09,28.49,25.26,88.56,17.26,3.01,1.0
1999-02-10,5.82,25.38,87.51,21.36,2.62,0.99
1999-02-11,0.82,25.78,84.16,23.21,1.68,0.98
1999-02-12,0.02,25.64,85.82,17.97,2.04,0.98
1999-02-13,0.74,25.61,89.03,19.27,2.73,0.97
1999-02-14,23.63,25.13,89.54,16.74,3.37,0.97
1999-02-15,40.93,24.81,90.83,10.46,3.47,0.99
1999-02-16,26.71,24.71,90.0,16.75,3.49,0.99
1999-02-17,11.63,25.3,86.82,18.36,2.97,0.99
1999-02-18,4.85,25.74,85.79,23.93,2.35,0.98
1999-02-19,5.86,26.1,84.25,20.79,1.89,0.97
1999-02-20,29.49,25.55,86.71,11.22,1.87,0.97
1999-02-21,11.81,25.61,87.46,16.78,1.21,0.98
1999-02-22,25.68,25.58,88.4,21.86,1.63,0.98
1999-02-23,13.47,25.9,86.27,18.68,1.24,0.99
1999-02-24,34.02,25.0,92.88,11.33,2.35,0.98
1999-02-25,44.3,24.3,92.14,10.41,2.49,1.0
1999-02-26,11.87,24.64,86.69,15.38,2.8,1.0
1999-02-27,8.22,24.95,86.75,18.61,2.22,0.99
1999-02-28,1.71,25.37,86.58,20.54,2.41,0.98
1999-03-01,12.38,25.44,87.77,16.3,2.02,0.98
1999-03-02,6.78,24.7,91.75,13.25,1.8,0.98
1999-03-03,10.45,25.5,91.05,16.26,1.78,0.97
1999-03-04,1.3,26.31,87.28,16.82,1.56,0.97
1999-03-05,19.52,25.81,89.22,19.77,1.77,0.97
1999-03-06,9.31,25.05,90.46,19.17,1.69,0.98
1999-03-07,3.23,25.47,86.33,20.39,1.71,0.97
1999-03-08,5.92,25.67,88.89,14.78,1.77,0.97
1999-03-09,0.63,25.67,86.75,21.35,1.05,0.96
1999-03-10,0.23,26.08,85.76,20.05,1.22,0.96
1999-03-11,14.14,25.8,86.82,19.75,1.12,0.96
1999-03-12,12.47,25.63,88.39,12.26,1.72,0.96
1999-03-13,10.63,26.14,83.75,18.8,1.33,0.96
1999-03-14,4.84,26.46,82.42,21.12,0.87,0.96
1999-03-15,1.09,26.21,83.52,19.07,0.78,0.95
1999-03-16,3.36,25.61,88.91,17.66,1.09,0.95
1999-03-17,1.21,25.9,87.89,20.74,1.7,0.95
1999-03-18,16.63,25.56,89.92,9.11,2.09,0.94
1999-03-19,5.73,25.55,91.38,18.66,1.29,0.95
1999-03-20,0.87,25.61,87.05,16.68,1.3,0.95
1999-03-21,25.62,25.29,92.28,17.51,2.19,0.95
1999-03-22,30.92,25.41,91.61,15.92,2.64,0.97
1999-03-23,3.58,25.4,89.4,15.94,1.7,0.97
1999-03-24,14.1,25.17,92.57,16.53,2.41,0.96
1999-03-25,6.66,25.76,90.33,14.88,2.52,0.97
1999-03-26,4.67,26.02,86.98,18.44,1.17,0.96
1999-03-27,1.75,25.48,90.01,17.41,1.03,0.96
1999-03-28,0.37,25.85,84.5,20.42,1.17,0.96
1999-03-29,4.04,25.62,86.47,19.08,1.55,0.95
1999-03-30,46.57,25.18,89.13,19.08,1.37,0.95
1999-03-31,9.83,25.76,87.96,19.57,1.61,0.97
1999-04-01,6.24,25.12,90.27,17.83,1.79,0.96
1999-04-02,1.73,25.07,87.13,16.57,1.16,0.96
1999-04-03,1.28,25.18,88.69,16.44,1.22,0.96
1999-04-04,3.36,25.87,87.79,15.51,0.99,0.95
1999-04-05,10.82,25.93,88.87,13.03,1.24,0.95
1999-04-06,1.39,25.82,87.09,19.95,1.15,0.95
1999-04-07,0.05,25.5,91.21,17.31,1.08,0.95
1999-04-08,0.01,26.2,83.2,20.85,0.83,0.95
1999-04-09,2.65,26.01,88.12,19.08,1.22,0.94
1999-04-10,17.18,25.73,89.51,17.36,1.44,0.95
1999-04-11,20.43,25.58,91.74,17.05,1.65,0.96
1999-04-12,6.02,25.25,90.53,16.56,2.17,0.96
1999-04-13,0.83,25.3,87.83,18.16,1.79,0.96
1999-04-14,0.23,25.77,80.95,22.73,2.06,0.95
1999-04-15,0.0,25.51,76.68,21.94,1.84,0.93
1999-04-16,0.03,25.62,77.26,19.82,1.92,0.92
1999-04-17,0.0,25.9,77.98,20.0,1.81,0.91
1999-04-18,1.92,25.69,80.96,16.6,1.94,0.9
1999-04-19,0.17,25.67,80.45,18.48,2.11,0.9
1999-04-20,0.2,25.85,81.39,15.09,2.01,0.89
1999-04-21,7.01,25.74,82.35,15.73,1.89,0.88
1999-04-22,5.19,25.34,88.59,16.07,2.71,0.88
1999-04-23,0.17,25.27,88.05,16.1,3.06,0.88
1999-04-24,0.1,25.11,86.97,16.84,3.3,0.87
1999-04-25,0.06,24.55,86.45,19.62,2.41,0.86
1999-04-26,4.25,25.43,87.32,20.43,2.09,0.86
1999-04-27,0.57,25.54,88.95,20.08,2.08,0.85
1999-04-28,2.05,25.54,89.67,16.15,2.35,0.85
1999-04-29,2.9,25.14,87.12,13.11,2.38,0.85
1999-04-30,0.11,24.61,79.82,20.13,3.19,0.84
1999-05-01,0.0,24.14,77.78,17.38,3.02,0.83
1999-05-02,0.0,23.62,77.94,19.34,2.98,0.82
1999-05-03,0.0,23.28,77.09,18.31,2.47,0.8
1999-05-04,0.0,23.34,78.46,21.05,2.47,0.79
1999-05-05,0.09,24.68,86.4,16.15,3.5,0.78
1999-05-06,0.05,24.86,85.13,17.93,3.25,0.77
1999-05-07,0.3,24.84,83.93,19.37,3.13,0.76
1999-05-08,0.0,24.24,76.78,20.26,3.13,0.75
1999-05-09,0.0,24.03,76.13,19.28,3.18,0.74
1999-05-10,0.0,24.05,76.25,19.13,2.9,0.73
1999-05-11,0.0,23.41,79.1,19.76,2.59,0.72
1999-05-12,0.0,23.34,78.27,19.68,2.23,0.71
1999-05-13,0.0,23.67,78.09,19.15,1.9,0.7
1999-05-14,0.0,24.0,79.88,19.61,1.89,0.69
1999-05-15,0.0,23.83,82.76,20.48,2.11,0.68
1999-05-16,0.01,23.44,81.19,20.09,2.41,0.67
1999-05-17,0.01,23.73,80.04,20.23,2.39,0.66
1999-05-18,0.01,23.7,79.91,19.54,2.21,0.65
1999-05-19,0.0,23.43,79.71,15.89,2.27,0.64
1999-05-20,0.0,23.97,78.81,20.82,2.73,0.63
1999-05-21,0.0,23.55,73.78,21.34,2.93,0.62
1999-05-22,0.0,23.05,72.49,21.06,2.48,0.61
1999-05-23,0.0,22.77,70.16,19.98,2.24,0.6
1999-05-24,0.0,22.7,69.67,20.64,2.52,0.6
1999-05-25,0.0,23.25,71.32,19.98,2.73,0.59
1999-05-26,0.0,23.77,72.55,20.05,2.76,0.58
1999-05-27,0.0,23.95,78.5,20.17,2.81,0.58
1999-05-28,0.0,23.93,77.87,15.77,2.2,0.57
1999-05-29,0.0,23.69,76.48,17.75,2.11,0.56
1999-05-30,0.0,23.82,76.05,18.79,2.19,0.56
1999-05-31,0.0,24.37,77.55,18.65,2.89,0.55
1999-06-01,0.0,25.06,80.03,14.5,3.27,0.55
1999-06-02,0.0,24.98,76.15,18.79,3.0,0.54
1999-06-03,0.0,24.33,70.55,18.99,2.88,0.54
1999-06-04,0.0,24.47,71.99,18.2,2.27,0.54
1999-06-05,0.0,24.14,78.0,18.29,2.59,0.53
1999-06-06,0.02,24.23,81.03,15.42,2.71,0.53
1999-06-07,0.43,24.01,83.15,11.99,3.49,0.53
1999-06-08,1.01,24.36,83.24,14.62,3.03,0.52
1999-06-09,1.38,24.26,81.84,16.35,2.86,0.52
1999-06-10,0.02,24.14,78.12,19.43,2.81,0.52
1999-06-11,0.01,24.39,74.79,18.28,2.96,0.52
1999-06-12,0.16,24.37,74.54,16.65,2.51,0.51
1999-06-13,0.0,24.34,72.06,16.72,2.76,0.51
1999-06-14,0.0,24.74,69.39,19.26,2.45,0.51
1999-06-15,0.01,24.9,72.29,16.25,2.69,0.5
1999-06-16,0.0,24.73,73.05,18.33,2.65,0.5
1999-06-17,0.01,24.82,74.31,17.66,2.96,0.5
1999-06-18,0.79,24.13,80.83,11.47,3.02,0.5
1999-06-19,0.13,24.61,80.66,10.21,3.2,0.49
1999-06-20,0.01,24.93,76.78,15.82,2.88,0.49
1999-06-21,0.59,24.39,80.14,15.26,2.84,0.49
1999-06-22,0.08,24.72,73.62,12.12,3.43,0.49
1999-06-23,0.01,24.59,67.65,15.85,3.61,0.49
1999-06-24,0.0,24.58,66.34,14.65,3.34,0.48
1999-06-25,0.0,24.33,65.55,14.02,3.65,0.48
1999-06-26,0.0,24.08,63.75,18.08,3.59,0.48
1999-06-27,0.0,23.33,64.95,19.33,3.14,0.48
1999-06-28,0.0,23.11,66.86,15.33,2.88,0.48
1999-06-29,0.0,22.87,70.36,14.99,2.72,0.47
1999-06-30,0.0,23.44,68.95,14.67,2.89,0.47
1999-07-01,0.0,24.37,74.67,11.62,3.84,0.47
1999-07-02,0.0,23.52,76.87,11.38,4.47,0.47
1999-07-03,0.0,23.74,73.68,14.04,4.19,0.47
1999-07-04,0.0,23.76,73.71,14.04,4.12,0.47
1999-07-05,0.0,23.98,75.16,14.81,3.62,0.46
1999-07-06,0.0,23.84,76.04,15.47,3.33,0.46
1999-07-07,0.0,24.02,76.57,15.91,2.94,0.46
1999-07-08,0.0,24.13,72.84,16.01,2.65,0.46
1999-07-09,0.0,24.07,72.37,20.2,2.43,0.46
1999-07-10,0.0,24.31,74.54,19.52,2.55,0.46
1999-07-11,0.0,24.26,76.48,18.32,2.82,0.46
1999-07-12,0.0,23.99,74.29,19.97,2.73,0.45
1999-07-13,0.0,23.35,70.81,19.14,2.68,0.45
1999-07-14,0.0,22.85,65.81,18.65,2.69,0.45
1999-07-15,0.0,22.48,60.69,19.79,2.63,0.45
1999-07-16,0.0,22.41,66.39,18.85,2.47,0.45
1999-07-17,0.0,22.96,73.7,17.15,2.49,0.45
1999-07-18,0.0,23.18,74.18,19.87,2.18,0.45
1999-07-19,0.0,22.99,74.63,18.56,2.12,0.44
1999-07-20,0.0,23.36,70.21,18.65,2.3,0.44
1999-07-21,0.0,23.15,70.95,21.06,2.48,0.44
1999-07-22,0.02,23.72,71.12,17.97,2.97,0.44
1999-07-23,0.0,23.33,67.54,19.81,3.65,0.44
1999-07-24,0.0,23.17,61.84,19.91,3.79,0.44
1999-07-25,0.0,23.4,61.15,21.13,3.13,0.44
1999-07-26,0.0,23.34,66.21,21.01,2.76,0.44
1999-07-27,0.01,23.47,68.05,18.93,2.55,0.44
1999-07-28,0.0,23.19,66.24,21.05,2.55,0.43
1999-07-29,0.0,23.25,68.1,20.51,2.68,0.43
1999-07-30,0.0,23.21,73.59,20.59,3.51,0.43
1999-07-31,0.0,23.76,75.18,19.31,3.51,0.43
1999-08-01,0.04,23.59,75.92,15.79,2.98,0.43
1999-08-02,0.0,24.08,70.23,18.94,2.32,0.43
1999-08-03,0.0,23.64,68.53,22.14,2.27,0.43
1999-08-04,0.0,23.36,71.55,22.04,2.88,0.43
1999-08-05,0.0,23.52,73.49,19.04,2.69,0.43
1999-08-06,0.0,24.02,76.46,17.18,2.98,0.43
1999-08-07,0.0,23.88,81.81,15.91,3.25,0.43
1999-08-08,0.08,23.67,77.52,17.2,3.02,0.43
1999-08-09,0.0,23.29,73.32,22.65,2.77,0.43
1999-08-10,0.0,23.18,76.52,22.64,3.19,0.43
1999-08-11,0.0,23.49,75.32,14.18,3.51,0.43
1999-08-12,0.0,23.82,73.52,20.56,3.12,0.43
1999-08-13,0.0,23.73,74.71,23.02,2.87,0.43
1999-08-14,0.0,23.36,74.29,22.58,2.78,0.43
1999-08-15,0.0,22.94,69.01,18.47,3.45,0.43
1999-08-16,0.0,22.48,62.18,20.18,2.85,0.43
1999-08-17,0.0,22.77,61.18,16.25,3.01,0.43
1999-08-18,0.77,22.41,69.0,16.58,3.08,0.43
1999-08-19,1.57,22.92,75.76,12.18,3.12,0.43
1999-08-20,0.0,23.58,75.92,19.24,3.25,0.43
1999-08-21,0.0,23.84,76.52,16.33,3.1,0.43
1999-08-22,0.0,24.56,73.71,23.06,3.0,0.43
1999-08-23,0.0,24.49,74.67,22.99,3.16,0.43
1999-08-24,0.0,24.31,71.56,23.29,2.85,0.43
1999-08-25,0.0,23.94,75.49,21.67,2.38,0.43
1999-08-26,0.0,23.65,70.89,20.04,2.31,0.43
1999-08-27,0.0,24.34,66.05,22.85,2.14,0.43
1999-08-28,0.0,24.4,70.51,24.01,2.69,0.43
1999-08-29,0.01,24.21,71.79,21.53,2.11,0.43
1999-08-30,0.0,23.67,71.1,23.56,2.05,0.43
1999-08-31,0.0,23.32,70.38,19.68,2.4,0.43
1999-09-01,0.0,23.54,69.5,24.38,2.53,0.43
1999-09-02,0.0,24.07,67.97,23.38,2.74,0.43
1999-09-03,0.0,23.97,70.96,24.2,2.54,0.43
1999-09-04,0.0,24.07,67.72,24.59,2.55,0.43
1999-09-05,0.0,24.5,67.94,23.76,2.41,0.43
1999-09-06,0.0,24.85,66.59,24.3,2.28,0.43
1999-09-07,0.0,24.73,70.27,23.63,2.68,0.43
1999-09-08,0.0,23.93,73.52,24.69,2.79,0.42
1999-09-09,0.0,24.14,70.04,23.81,2.22,0.42
1999-09-10,0.0,24.11,72.36,23.98,2.22,0.42
1999-09-11,0.0,24.51,74.09,24.6,2.73,0.42
1999-09-12,0.0,24.82,72.95,25.27,2.89,0.42
1999-09-13,0.0,25.04,70.76,25.32,2.31,0.42
1999-09-14,0.0,25.12,66.71,24.6,2.37,0.42
1999-09-15,0.0,25.73,65.4,25.3,2.48,0.42
1999-09-16,0.0,25.96,64.54,25.49,2.46,0.42
1999-09-17,0.0,25.52,64.18,25.39,2.54,0.42
1999-09-18,0.0,25.16,72.53,25.15,2.51,0.42
1999-09-19,0.0,25.17,76.57,22.55,2.97,0.42
1999-09-20,0.0,25.01,68.79,25.41,2.65,0.42
1999-09-21,0.0,25.22,65.44,25.92,2.57,0.42
1999-09-22,0.0,25.23,71.96,24.95,3.21,0.42
1999-09-23,0.0,25.46,72.02,25.51,3.09,0.42
1999-09-24,0.0,25.05,70.17,25.31,2.79,0.42
1999-09-25,0.0,24.83,74.98,25.24,3.33,0.42
1999-09-26,0.0,24.61,73.9,26.41,3.25,0.42
1999-09-27,0.0,24.52,74.5,26.3,3.28,0.42
1999-09-28,0.0,24.4,71.51,26.35,2.72,0.42
1999-09-29,0.0,24.49,73.54,26.23,2.92,0.42
1999-09-30,0.0,24.95,68.17,25.6,2.87,0.42
1999-10-01,0.0,25.19,72.46,24.54,3.07,0.42
1999-10-02,0.0,26.3,67.01,24.41,3.1,0.42
1999-10-03,0.0,26.24,69.55,25.12,2.4,0.42
1999-10-04,0.0,26.31,70.46,25.67,2.59,0.42
1999-10-05,0.0,26.3,73.51,25.76,2.93,0.42
1999-10-06,0.0,26.44,73.79,24.48,2.97,0.42
1999-10-07,0.0,26.32,72.17,23.94,2.59,0.42
1999-10-08,0.0,26.34,68.76,23.74,2.52,0.42
1999-10-09,0.0,26.58,68.58,24.73,2.63,0.42
1999-10-10,0.0,27.0,69.74,23.25,2.54,0.42
1999-10-11,0.81,27.18,70.61,18.96,2.04,0.42
1999-10-12,1.88,27.03,71.8,20.37,1.96,0.43
1999-10-13,26.17,25.85,80.97,20.31,1.89,0.46
1999-10-14,1.83,26.24,77.5,20.91,1.95,0.48
1999-10-15,0.0,26.56,76.27,23.17,1.87,0.47
1999-10-16,0.0,26.79,74.26,19.75,1.89,0.47
1999-10-17,0.01,26.8,71.3,20.08,2.54,0.47
1999-10-18,0.17,26.34,72.83,25.74,3.15,0.46
1999-10-19,0.12,26.23,74.75,24.31,2.99,0.46
1999-10-20,0.15,26.69,71.93,23.02,2.5,0.46
1999-10-21,1.15,26.77,73.02,21.35,1.8,0.46
1999-10-22,0.54,26.23,77.14,20.81,2.03,0.46
1999-10-23,0.02,27.07,68.95,22.47,2.22,0.46
1999-10-24,0.58,27.31,70.67,21.91,2.44,0.45
1999-10-25,1.09,27.14,72.41,24.03,2.55,0.45
1999-10-26,0.0,27.2,70.22,26.36,2.52,0.45
1999-10-27,0.0,27.33,72.9,26.15,2.4,0.45
1999-10-28,0.0,27.34,70.61,25.07,2.45,0.45
1999-10-29,0.0,27.51,71.31,22.61,2.54,0.44
1999-10-30,0.0,27.7,70.61,19.92,2.56,0.44
1999-10-31,0.0,27.44,73.6,22.42,2.49,0.44
1999-11-01,0.0,27.06,76.65,12.38,2.88,0.44
1999-11-02,7.39,26.32,80.28,20.66,2.33,0.45
1999-11-03,3.42,27.11,72.56,17.83,1.66,0.45
1999-11-04,3.85,27.1,72.69,21.87,1.66,0.46
1999-11-05,0.19,27.23,72.16,21.45,1.84,0.46
1999-11-06,0.06,27.51,73.02,21.21,1.76,0.45
1999-11-07,0.03,27.3,72.24,20.51,1.48,0.45
1999-11-08,0.06,27.23,72.71,21.58,1.65,0.45
1999-11-09,0.02,27.62,74.83,22.82,1.81,0.45
1999-11-10,0.06,27.54,72.93,17.92,1.57,0.45
1999-11-11,0.02,25.8,76.02,17.93,2.56,0.45
1999-11-12,0.07,26.96,72.68,23.01,3.11,0.44
1999-11-13,0.02,27.51,65.47,25.15,2.66,0.44
1999-11-14,0.0,27.38,64.28,27.23,2.23,0.44
1999-11-15,4.22,27.6,63.04,22.71,1.89,0.44
1999-11-16,4.96,27.14,71.28,20.64,1.44,0.45
1999-11-17,0.03,26.63,75.18,19.94,1.37,0.45
1999-11-18,0.12,27.36,71.27,17.56,2.05,0.45
1999-11-19,28.17,25.94,83.83,17.28,1.34,0.47
1999-11-20,5.21,26.82,77.63,19.64,1.61,0.51
1999-11-21,0.17,26.16,78.32,18.07,1.59,0.5
1999-11-22,47.62,25.73,82.71,17.91,1.43,0.54
1999-11-23,9.73,25.49,84.35,21.38,1.95,0.6
1999-11-24,0.03,26.36,77.63,22.04,1.87,0.59
1999-11-25,0.0,26.73,75.24,23.83,1.73,0.58
1999-11-26,0.0,26.85,75.22,21.98,1.51,0.57
1999-11-27,0.02,27.1,75.17,23.45,1.56,0.56
1999-11-28,0.11,27.31,73.76,21.28,1.42,0.55
1999-11-29,0.02,27.1,73.43,23.83,1.01,0.55
1999-11-30,3.22,26.24,83.79,21.28,2.2,0.55
1999-12-01,0.76,26.85,80.17,23.35,1.38,0.55
1999-12-02,28.71,26.58,81.62,21.08,1.15,0.57
1999-12-03,4.01,27.2,78.84,22.18,1.36,0.6
1999-12-04,1.76,26.48,82.93,18.04,1.44,0.6
1999-12-05,0.31,26.22,81.91,20.19,1.54,0.59
1999-12-06,40.96,25.57,90.05,18.02,3.41,0.61
1999-12-07,15.62,26.01,91.79,17.85,3.89,0.68
1999-12-08,17.34,25.76,90.37,18.38,2.36,0.69
1999-12-09,8.49,26.23,88.44,17.9,1.83,0.7
1999-12-10,12.75,26.17,87.67,15.47,1.37,0.71
1999-12-11,23.39,26.36,86.03,19.38,1.2,0.73
1999-12-12,5.46,25.72,87.3,17.4,1.44,0.76
1999-12-13,0.1,26.03,82.18,21.13,1.29,0.75
1999-12-14,3.13,26.45,81.05,23.33,2.05,0.74
1999-12-15,4.38,25.83,86.75,21.05,1.2,0.74
1999-12-16,5.73,26.18,83.81,23.47,1.6,0.74
1999-12-17,2.86,26.11,84.46,14.87,1.71,0.75
1999-12-18,0.03,25.6,84.56,20.19,1.77,0.74
1999-12-19,0.11,25.3,86.89,17.58,1.57,0.73
1999-12-20,0.02,25.28,82.92,18.25,1.82,0.73
1999-12-21,0.05,25.51,84.4,16.93,1.24,0.72
1999-12-22,11.61,24.93,89.73,15.57,1.91,0.72
1999-12-23,8.92,25.29,87.81,18.07,2.01,0.74
1999-12-24,1.6,26.29,80.67,24.79,1.95,0.73
1999-12-25,13.82,26.11,82.36,23.23,1.6,0.73
1999-12-26,13.87,25.99,81.83,18.39,1.39,0.75
1999-12-27,1.3,26.58,80.24,22.62,1.27,0.75
1999-12-28,0.01,25.6,83.92,18.75,1.77,0.74
1999-12-29,1.83,26.16,79.06,20.29,1.42,0.73
1999-12-30,12.25,26.06,85.95,19.29,1.78,0.74
1999-12-31,14.14,25.91,84.35,16.03,1.72,0.76
2000-01-01,9.78,26.46,82.6,17.98,2.05,0.76
2000-01-02,4.44,26.55,80.27,16.48,1.08,0.77
2000-01-03,0.31,25.97,84.49,21.56,1.12,0.76
2000-01-04,0.15,25.67,86.48,20.11,1.6,0.76
2000-01-05,0.02,26.07,82.78,21.58,1.01,0.75
2000-01-06,11.67,26.25,82.14,19.91,0.86,0.75
2000-01-07,8.51,26.04,85.84,23.05,1.38,0.76
2000-01-08,0.9,25.92,84.41,21.09,1.04,0.76
2000-01-09,11.04,25.91,85.28,20.3,2.12,0.76
2000-01-10,17.86,25.74,86.09,13.31,1.26,0.77
2000-01-11,6.93,24.76,91.18,14.63,2.46,0.79
2000-01-12,5.86,25.3,84.96,19.62,2.59,0.79
2000-01-13,4.54,25.43,86.82,20.36,2.08,0.79
2000-01-14,1.44,25.49,82.0,19.94,1.82,0.79
2000-01-15,37.01,25.19,84.61,18.06,2.37,0.79
2000-01-16,68.27,25.17,87.62,21.18,1.82,0.87
2000-01-17,4.17,25.18,86.57,19.01,2.35,0.88
2000-01-18,13.82,24.95,87.74,16.15,2.89,0.87
2000-01-19,52.89,24.15,90.74,14.98,2.93,0.91
2000-01-20,12.27,25.29,85.94,17.96,2.08,0.92
2000-01-21,4.34,25.72,82.83,16.95,1.56,0.92
2000-01-22,3.45,25.62,86.08,17.96,2.21,0.91
2000-01-23,39.76,25.45,89.04,15.95,2.18,0.92
2000-01-24,24.7,25.11,91.01,15.37,2.84,0.94
2000-01-25,48.69,25.05,91.82,12.26,2.94,0.96
2000-01-26,28.48,25.34,89.91,15.45,2.21,0.98
2000-01-27,2.22,24.52,91.64,21.15,2.29,0.98
2000-01-28,10.45,24.79,90.14,19.46,2.1,0.97
2000-01-29,5.75,24.93,91.45,18.13,1.73,0.97
2000-01-30,5.23,25.47,89.44,16.91,1.83,0.97
2000-01-31,2.16,26.21,85.06,19.4,1.3,0.96
2000-02-01,7.57,26.14,86.54,19.35,1.47,0.96
2000-02-02,15.7,26.01,77.1,22.95,1.39,0.96
2000-02-03,10.48,25.57,86.55,18.18,1.54,0.96
2000-02-04,5.61,25.15,89.79,15.9,1.35,0.96
2000-02-05,1.21,25.23,88.98,22.71,1.41,0.96
2000-02-06,4.05,25.6,88.22,18.3,0.88,0.95
2000-02-07,2.58,26.34,87.33,12.54,1.16,0.95
2000-02-08,22.57,26.13,87.74,18.95,1.52,0.95
2000-02-09,22.82,25.58,90.18,18.04,1.74,0.97
2000-02-10,2.63,25.57,88.07,18.15,1.65,0.96
2000-02-11,27.63,25.91,87.18,20.64,1.51,0.96
2000-02-12,37.56,25.13,92.12,14.49,2.05,0.98
2000-02-13,87.76,25.05,90.99,11.02,2.53,1.0
2000-02-14,6.81,25.06,86.95,19.93,2.24,1.0
2000-02-15,0.1,25.39,84.7,19.09,1.38,0.99
2000-02-16,4.81,25.41,87.02,18.86,2.06,0.98
2000-02-17,7.2,24.99,89.72,13.07,2.58,0.98
2000-02-18,4.9,25.15,88.07,20.96,1.95,0.98
2000-02-19,0.3,25.81,82.53,21.01,0.91,0.97
2000-02-20,0.06,25.79,86.73,18.91,1.29,0.96
2000-02-21,2.28,25.94,86.7,20.47,1.66,0.96
2000-02-22,1.9,25.22,90.7,16.56,1.83,0.96
2000-02-23,6.49,24.64,91.15,8.21,2.1,0.95
2000-02-24,50.36,24.85,91.33,12.09,2.6,0.97
2000-02-25,14.12,25.54,89.33,21.09,1.78,0.98
2000-02-26,19.05,25.45,89.16,20.53,1.51,0.98
2000-02-27,44.52,25.15,91.72,11.31,1.95,0.99
2000-02-28,27.83,25.14,91.23,15.3,2.44,1.0
2000-02-29,15.95,24.94,89.76,20.53,2.45,1.0
2000-03-01,0.0,25.81,84.78,21.98,1.97,0.99
2000-03-02,0.0,25.19,88.96,18.77,2.66,0.98
2000-03-03,68.8,25.18,91.61,9.7,3.6,0.99
2000-03-04,53.01,24.97,91.81,15.38,2.98,1.0
2000-03-05,7.5,25.59,87.52,17.73,1.46,1.0
2000-03-06,0.01,25.67,84.04,19.24,0.74,0.99
2000-03-07,0.01,24.86,88.45,12.94,1.01,0.99
2000-03-08,0.1,24.76,87.88,16.34,1.44,0.98
2000-03-09,0.04,24.64,89.98,16.66,1.33,0.98
2000-03-10,3.33,25.05,86.69,17.6,1.37,0.97
2000-03-11,2.98,24.63,88.91,13.28,2.25,0.97
2000-03-12,31.83,24.7,89.49,16.44,2.22,0.98
2000-03-13,22.65,24.65,88.37,16.91,2.68,0.98
2000-03-14,8.34,24.81,90.69,14.74,3.4,0.98
2000-03-15,3.13,25.16,90.12,16.44,2.38,0.98
2000-03-16,0.53,25.37,89.05,17.62,1.67,0.97
2000-03-17,10.48,24.65,91.13,17.76,2.01,0.97
2000-03-18,6.03,24.08,93.59,11.37,2.65,0.97
2000-03-19,0.18,25.12,89.12,20.8,1.88,0.97
2000-03-20,0.06,25.66,88.35,18.95,1.35,0.96
2000-03-21,0.01,26.04,87.65,19.84,1.12,0.96
2000-03-22,20.35,25.57,83.43,20.09,1.17,0.96
2000-03-23,9.68,25.11,90.82,18.43,1.89,0.96
2000-03-24,0.55,24.66,89.39,18.48,1.68,0.96
2000-03-25,0.64,25.13,85.75,18.29,1.54,0.95
2000-03-26,0.15,25.46,87.88,17.09,1.45,0.95
2000-03-27,4.02,25.62,84.97,20.81,1.27,0.94
2000-03-28,1.89,25.33,83.71,22.33,1.57,0.93
2000-03-29,0.04,25.42,84.23,22.84,1.45,0.92
2000-03-30,0.0,25.1,86.77,20.73,1.92,0.91
2000-03-31,11.03,25.16,88.46,23.06,1.91,0.91
2000-04-01,4.2,25.67,83.44,22.95,1.43,0.91
2000-04-02,0.0,25.8,82.74,22.95,1.47,0.9
2000-04-03,2.4,25.55,85.78,15.58,1.52,0.89
2000-04-04,1.31,25.7,84.26,20.72,1.8,0.89
2000-04-05,1.48,25.49,85.2,16.76,1.2,0.88
2000-04-06,0.01,25.2,89.81,16.73,2.0,0.88
2000-04-07,0.55,25.44,87.42,14.56,1.0,0.87
2000-04-08,0.38,25.15,90.47,15.3,1.05,0.87
2000-04-09,0.17,25.65,85.81,14.87,0.79,0.86
2000-04-10,1.69,24.61,92.46,15.55,1.47,0.86
2000-04-11,0.12,25.18,89.0,17.18,1.81,0.86
2000-04-12,10.45,25.37,89.95,20.13,1.85,0.86
2000-04-13,28.42,25.65,86.38,14.36,1.18,0.88
2000-04-14,10.59,24.66,89.97,13.94,1.17,0.9
2000-04-15,0.71,26.08,87.03,17.32,1.14,0.9
2000-04-16,0.19,25.99,83.97,21.38,0.97,0.89
2000-04-17,0.04,25.49,88.05,20.78,0.69,0.89
2000-04-18,0.1,25.81,82.56,18.44,0.52,0.88
2000-04-19,0.25,25.97,83.25,17.04,0.74,0.88
2000-04-20,0.02,25.9,87.13,19.84,1.12,0.87
2000-04-21,7.96,25.63,91.15,15.66,1.88,0.87
2000-04-22,2.26,25.8,91.3,16.14,2.23,0.88
2000-04-23,7.45,24.74,92.51,15.86,1.87,0.88
2000-04-24,12.22,25.0,94.35,18.04,2.77,0.89
2000-04-25,5.35,24.74,93.47,14.99,1.91,0.89
2000-04-26,17.46,25.06,93.52,16.57,2.14,0.9
2000-04-27,5.38,24.91,93.25,13.27,2.03,0.91
2000-04-28,0.09,25.41,87.01,18.15,1.88,0.9
2000-04-29,0.02,24.77,87.53,16.4,1.97,0.9
2000-04-30,0.04,24.48,80.63,21.99,2.04,0.89
2000-05-01,0.24,24.01,76.06,22.03,1.79,0.88
2000-05-02,0.06,23.89,78.8,21.12,1.79,0.87
2000-05-03,0.36,24.27,86.42,19.66,2.82,0.86
2000-05-04,0.1,24.49,85.25,18.43,3.06,0.85
2000-05-05,0.0,23.72,80.13,15.38,2.75,0.85
2000-05-06,0.0,23.46,77.35,16.52,2.74,0.83
2000-05-07,0.0,23.6,78.55,19.09,2.83,0.82
2000-05-08,0.0,24.17,83.1,17.41,2.89,0.81
2000-05-09,0.0,24.52,83.57,16.36,2.74,0.8
2000-05-10,0.02,25.04,87.8,9.09,3.4,0.79
2000-05-11,1.19,25.03,90.91,6.99,3.7,0.79
2000-05-12,2.56,24.97,92.0,12.69,3.46,0.79
2000-05-13,1.56,24.66,90.78,10.93,2.72,0.78
2000-05-14,8.3,24.67,89.85,15.92,2.58,0.78
2000-05-15,2.46,24.53,92.8,15.23,3.28,0.79
2000-05-16,5.85,24.42,90.27,13.3,3.86,0.78
2000-05-17,2.11,23.81,88.23,8.94,3.95,0.78
2000-05-18,2.12,24.18,90.31,11.61,4.3,0.78
2000-05-19,0.78,24.12,88.68,14.0,3.88,0.77
2000-05-20,11.98,24.11,90.26,14.29,3.46,0.77
2000-05-21,1.4,24.29,91.54,13.52,3.36,0.78
2000-05-22,0.07,24.53,89.02,12.34,3.07,0.77
2000-05-23,0.01,24.35,88.07,15.7,2.59,0.76
2000-05-24,0.01,24.69,90.31,16.51,2.4,0.75
2000-05-25,0.73,24.78,90.97,16.03,2.42,0.74
2000-05-26,2.75,24.72,92.94,13.5,2.71,0.74
2000-05-27,1.72,24.62,91.17,14.25,2.4,0.74
2000-05-28,0.21,24.69,90.07,17.19,2.76,0.73
2000-05-29,0.01,24.24,84.71,11.03,3.76,0.73
2000-05-30,0.0,23.45,82.04,17.56,3.33,0.72
2000-05-31,0.0,22.95,79.83,17.7,3.28,0.71
2000-06-01,0.0,22.77,81.07,14.61,3.65,0.7
2000-06-02,0.0,22.42,79.1,15.51,3.65,0.69
2000-06-03,0.0,22.02,78.64,18.01,3.46,0.68
2000-06-04,0.0,22.05,79.2,16.05,3.09,0.67
2000-06-05,0.0,22.9,84.22,17.78,3.2,0.66
2000-06-06,0.01,23.03,83.59,13.26,3.45,0.65
2000-06-07,0.0,23.09,81.09,14.11,2.89,0.65
2000-06-08,0.16,23.3,85.05,15.31,2.6,0.64
2000-06-09,0.02,23.43,84.76,15.27,2.81,0.63
2000-06-10,0.02,23.35,85.93,14.15,3.5,0.63
2000-06-11,0.0,22.46,84.49,9.83,3.69,0.62
2000-06-12,0.07,22.03,83.74,13.63,3.52,0.61
2000-06-13,0.01,22.12,81.15,12.09,3.62,0.61
2000-06-14,0.0,22.46,80.49,11.72,3.07,0.6
2000-06-15,0.46,23.49,88.56,11.68,3.29,0.6
2000-06-16,0.25,23.96,85.01,13.18,4.03,0.6
2000-06-17,0.01,23.81,81.95,15.41,3.45,0.59
2000-06-18,0.06,23.58,81.27,16.89,3.21,0.58
2000-06-19,0.03,23.77,79.45,18.37,3.01,0.58
2000-06-20,0.0,23.86,81.4,16.92,2.95,0.57
2000-06-21,0.02,23.97,79.68,15.08,3.03,0.57
2000-06-22,0.0,24.0,78.32,16.67,2.69,0.56
2000-06-23,0.0,23.92,80.0,15.95,2.82,0.56
2000-06-24,0.0,23.63,71.93,18.61,2.93,0.55
2000-06-25,0.0,23.52,74.71,18.47,2.69,0.55
2000-06-26,0.0,23.34,75.62,16.33,2.58,0.54
2000-06-27,0.0,23.47,76.49,15.81,2.56,0.54
2000-06-28,0.0,22.91,71.24,18.92,2.47,0.54
2000-06-29,0.0,22.98,70.29,17.94,2.88,0.53
2000-06-30,0.0,23.74,75.14,15.49,3.89,0.53
2000-07-01,0.0,23.72,77.02,12.34,3.74,0.52
2000-07-02,0.0,23.65,77.76,17.75,3.09,0.52
2000-07-03,0.0,23.54,80.62,15.49,2.99,0.52
2000-07-04,0.0,23.72,81.63,14.66,3.07,0.52
2000-07-05,0.01,23.68,82.18,14.31,2.97,0.51
2000-07-06,0.0,23.6,79.46,18.83,2.68,0.51
2000-07-07,0.0,22.97,77.32,19.71,2.19,0.51
2000-07-08,0.0,22.82,71.98,20.1,1.92,0.51
2000-07-09,0.0,22.65,75.04,15.41,2.18,0.5
2000-07-10,0.0,23.06,75.55,19.63,2.52,0.5
2000-07-11,0.0,23.09,76.64,19.76,2.54,0.5
2000-07-12,0.0,23.37,77.83,21.4,3.05,0.49
2000-07-13,0.0,23.31,72.91,18.45,2.98,0.49
2000-07-14,0.0,23.33,70.77,20.89,3.27,0.49
2000-07-15,0.0,23.43,70.37,17.36,3.78,0.49
2000-07-16,0.0,23.22,71.07,17.32,3.98,0.48
2000-07-17,0.0,22.96,72.18,21.42,3.68,0.48
2000-07-18,0.0,22.68,72.42,20.5,3.24,0.48
2000-07-19,0.0,22.33,69.01,20.94,2.95,0.48
2000-07-20,0.0,22.05,68.45,21.64,2.69,0.48
2000-07-21,0.0,22.5,70.99,19.98,3.02,0.47
2000-07-22,0.04,23.01,78.27,12.28,3.24,0.47
2000-07-23,0.04,23.31,77.69,18.79,3.13,0.47
2000-07-24,0.0,23.53,77.99,19.36,3.24,0.47
2000-07-25,0.0,23.68,80.33,16.51,2.72,0.47
2000-07-26,0.0,23.62,78.53,17.01,2.39,0.47
2000-07-27,0.0,23.36,76.48,19.54,3.74,0.46
2000-07-28,0.0,23.22,70.8,14.98,3.94,0.46
2000-07-29,0.0,22.53,72.24,18.04,3.26,0.46
2000-07-30,0.0,22.9,76.56,18.53,3.1,0.46
2000-07-31,0.0,23.62,78.8,17.21,3.51,0.46
2000-08-01,0.0,23.8,78.61,17.34,3.54,0.46
2000-08-02,0.0,23.55,76.12,20.14,3.48,0.46
2000-08-03,0.0,23.7,73.25,19.77,3.13,0.45
2000-08-04,0.0,23.59,69.68,22.44,3.25,0.45
2000-08-05,0.0,23.75,68.74,21.0,2.66,0.45
2000-08-06,0.0,23.72,78.06,21.28,2.79,0.45
2000-08-07,0.0,24.09,78.57,18.02,2.86,0.45
2000-08-08,0.0,23.7,77.95,19.91,2.68,0.45
2000-08-09,0.0,23.35,76.38,21.61,2.55,0.45
2000-08-10,0.0,23.1,76.62,21.45,2.8,0.44
2000-08-11,0.0,23.37,75.82,21.54,3.11,0.44
2000-08-12,0.0,23.24,77.69,19.17,2.91,0.44
2000-08-13,0.0,23.39,76.83,18.28,2.56,0.44
2000-08-14,0.0,23.84,73.87,22.21,2.36,0.44
2000-08-15,0.0,23.77,71.33,21.34,2.18,0.44
2000-08-16,0.09,23.14,71.24,20.16,2.23,0.44
2000-08-17,0.0,23.09,67.6,22.58,2.1,0.44
2000-08-18,0.0,23.37,61.32,23.11,2.3,0.43
2000-08-19,0.0,23.9,61.5,21.89,2.05,0.43
2000-08-20,0.0,24.42,65.46,21.25,1.96,0.43
2000-08-21,0.01,24.71,70.16,21.82,2.33,0.43
2000-08-22,0.0,24.73,71.4,19.03,2.45,0.43
2000-08-23,0.0,25.13,69.74,19.85,2.8,0.43
2000-08-24,0.01,25.73,66.96,22.49,2.43,0.43
2000-08-25,0.0,25.5,67.01,23.73,2.47,0.43
2000-08-26,0.0,25.41,63.21,24.1,2.15,0.43
2000-08-27,0.0,25.41,62.16,23.64,2.16,0.43
2000-08-28,0.0,25.29,62.45,24.1,2.16,0.43
2000-08-29,0.0,25.2,67.18,22.78,1.86,0.43
2000-08-30,0.0,25.49,67.35,23.32,2.0,0.43
2000-08-31,0.0,25.91,68.08,22.66,2.07,0.43
2000-09-01,0.0,25.38,70.88,23.33,2.06,0.43
2000-09-02,0.0,26.33,62.18,23.69,2.0,0.43
2000-09-03,0.0,26.31,68.69,24.5,2.06,0.43
2000-09-04,0.0,26.03,66.96,24.11,2.43,0.43
2000-09-05,0.0,25.72,67.69,24.24,2.28,0.43
2000-09-06,0.0,25.84,63.2,24.22,1.79,0.43
2000-09-07,0.0,25.92,59.86,24.84,1.84,0.42
2000-09-08,0.0,26.02,62.38,25.29,1.63,0.42
2000-09-09,0.0,26.63,60.24,22.65,1.82,0.42
2000-09-10,0.0,26.29,66.14,24.0,2.49,0.42
2000-09-11,0.01,26.05,73.13,23.71,2.89,0.42
2000-09-12,0.0,25.97,68.73,24.7,2.86,0.42
2000-09-13,0.0,25.07,69.11,21.81,3.13,0.42
2000-09-14,0.0,25.27,66.53,23.71,2.93,0.42
2000-09-15,0.0,25.11,71.29,24.84,3.21,0.42
2000-09-16,0.0,25.09,75.05,24.22,3.12,0.42
2000-09-17,0.0,25.12,73.47,24.52,3.35,0.42
2000-09-18,0.0,24.6,73.56,25.25,3.13,0.42
2000-09-19,0.0,24.51,72.12,25.18,2.97,0.42
2000-09-20,0.0,25.76,70.33,22.11,3.28,0.42
2000-09-21,0.0,25.85,73.67,23.7,3.0,0.42
2000-09-22,0.0,25.99,74.23,24.33,2.84,0.42
2000-09-23,0.0,26.39,74.84,22.15,2.97,0.42
2000-09-24,0.0,26.09,70.26,22.36,2.8,0.42
2000-09-25,0.0,26.18,73.86,21.71,2.43,0.42
2000-09-26,0.0,26.04,71.67,23.41,2.49,0.42
2000-09-27,0.0,25.57,70.14,25.33,2.57,0.42
2000-09-28,0.0,25.61,71.53,25.81,2.96,0.42
2000-09-29,0.0,25.52,74.25,25.52,3.14,0.42
2000-09-30,0.0,25.8,72.54,24.39,2.6,0.42
2000-10-01,0.0,26.33,73.37,25.97,2.66,0.42
2000-10-02,0.0,26.64,70.41,24.57,2.42,0.42
2000-10-03,0.0,26.52,73.35,23.05,2.66,0.42
2000-10-04,0.0,26.49,72.93,24.39,2.69,0.42
2000-10-05,0.0,26.51,74.25,23.67,2.62,0.42
2000-10-06,0.0,26.42,71.38,22.74,2.72,0.42
2000-10-07,0.0,25.95,70.22,22.7,2.67,0.42
2000-10-08,0.0,26.41,70.77,23.66,2.42,0.42
2000-10-09,0.0,27.07,67.75,24.37,2.55,0.42
2000-10-10,0.0,27.18,68.79,23.75,2.62,0.42
2000-10-11,0.0,27.45,69.43,22.95,2.62,0.42
2000-10-12,0.05,27.48,70.2,21.48,2.27,0.42
2000-10-13,0.03,27.91,68.91,22.85,2.18,0.42
2000-10-14,0.24,28.38,65.6,23.47,2.31,0.42
2000-10-15,0.13,28.4,65.44,24.54,2.5,0.42
2000-10-16,0.01,28.09,64.45,23.42,2.56,0.42
2000-10-17,0.01,27.88,66.93,20.59,1.99,0.42
2000-10-18,8.41,27.49,70.44,20.85,2.08,0.43
2000-10-19,1.84,27.42,72.52,21.8,2.61,0.44
2000-10-20,0.18,26.43,76.72,17.66,4.01,0.44
2000-10-21,0.01,26.02,71.74,18.83,3.06,0.44
2000-10-22,0.0,26.19,69.6,19.65,2.3,0.44
2000-10-23,0.0,25.96,65.17,18.75,1.85,0.43
2000-10-24,0.0,26.4,66.0,23.96,1.57,0.43
2000-10-25,0.0,25.99,66.73,25.65,1.59,0.43
2000-10-26,0.0,26.6,63.1,23.47,1.85,0.43
2000-10-27,0.0,27.08,61.01,26.86,1.76,0.43
2000-10-28,0.0,27.37,66.81,23.82,1.79,0.43
2000-10-29,0.0,27.16,71.07,22.43,1.77,0.43
2000-10-30,19.28,27.15,74.07,22.66,1.53,0.44
2000-10-31,7.02,26.98,73.3,21.62,1.65,0.48
2000-11-01,0.9,27.26,71.59,23.19,1.75,0.47
2000-11-02,0.11,27.84,68.01,21.92,1.7,0.47
2000-11-03,0.0,27.92,69.68,22.73,1.73,0.46
2000-11-04,3.67,27.43,73.22,21.13,2.0,0.46
2000-11-05,1.48,27.44,71.6,21.81,1.92,0.47
2000-11-06,1.54,27.39,73.74,23.17,1.92,0.46
2000-11-07,0.27,27.34,70.43,23.5,1.59,0.46
2000-11-08,84.69,26.06,82.13,20.78,1.92,0.53
2000-11-09,16.59,25.76,84.39,19.71,1.8,0.64
2000-11-10,0.13,25.72,83.24,21.19,1.69,0.62
2000-11-11,3.0,25.72,81.58,20.3,1.31,0.61
2000-11-12,0.74,26.26,81.85,21.61,1.75,0.61
2000-11-13,0.01,26.88,78.65,21.92,1.83,0.6
2000-11-14,15.87,26.36,83.11,20.53,2.15,0.61
2000-11-15,3.29,26.78,81.52,21.13,2.03,0.62
2000-11-16,10.24,26.6,81.12,23.2,1.97,0.62
2000-11-17,0.35,26.42,78.86,25.77,1.65,0.61
2000-11-18,0.02,26.77,74.83,23.24,1.53,0.6
2000-11-19,3.0,26.93,79.17,22.55,2.07,0.6
2000-11-20,1.42,27.17,79.24,21.48,1.69,0.59
2000-11-21,0.02,26.93,75.47,20.95,1.18,0.59
2000-11-22,0.0,27.29,72.89,24.1,1.43,0.58
2000-11-23,0.31,27.59,75.88,23.31,1.59,0.57
2000-11-24,11.32,27.38,78.25,21.09,1.58,0.58
2000-11-25,2.11,27.19,81.54,21.43,1.8,0.59
2000-11-26,6.93,27.89,77.51,19.73,2.21,0.59
2000-11-27,1.83,27.88,73.84,22.16,2.27,0.59
2000-11-28,0.0,27.94,71.23,24.23,3.18,0.58
2000-11-29,0.38,27.45,78.04,20.95,3.37,0.57
2000-11-30,9.14,27.16,79.44,15.11,2.73,0.57
2000-12-01,33.0,25.27,87.29,11.8,2.4,0.61
2000-12-02,14.0,24.83,86.78,15.96,2.36,0.65
2000-12-03,6.57,25.17,87.15,15.23,3.05,0.65
2000-12-04,79.04,25.75,89.57,13.5,3.5,0.69
2000-12-05,60.18,25.84,87.86,10.35,4.37,0.8
2000-12-06,23.43,26.64,84.45,19.84,4.09,0.85
2000-12-07,0.34,26.99,82.31,21.0,3.02,0.83
2000-12-08,0.0,26.84,80.51,23.88,3.29,0.82
2000-12-09,0.0,27.11,80.26,24.32,2.51,0.8
2000-12-10,0.0,26.37,82.22,24.03,2.57,0.79
2000-12-11,0.0,26.38,81.69,24.19,2.75,0.78
2000-12-12,0.26,26.3,82.09,20.32,2.91,0.77
2000-12-13,4.49,26.07,83.32,20.17,3.2,0.76
2000-12-14,1.98,25.84,81.11,23.06,3.12,0.75
2000-12-15,0.01,25.67,81.98,23.29,2.8,0.74
2000-12-16,1.1,25.99,82.18,22.96,2.63,0.73
2000-12-17,0.27,26.27,82.2,22.19,2.43,0.72
2000-12-18,1.22,26.66,79.6,23.79,2.33,0.71
2000-12-19,1.21,26.83,79.86,23.79,2.54,0.7
2000-12-20,0.33,26.34,83.64,22.23,2.31,0.68
2000-12-21,2.29,26.13,85.28,20.15,2.21,0.68
2000-12-22,0.85,26.17,82.27,21.07,2.24,0.67
2000-12-23,0.0,25.77,82.17,23.75,2.32,0.66
2000-12-24,0.0,25.95,80.41,22.46,2.02,0.65
2000-12-25,0.0,26.6,81.52,19.45,2.56,0.64
2000-12-26,0.0,26.45,83.57,20.08,2.79,0.63
2000-12-27,0.0,26.94,80.5,22.13,2.6,0.62
2000-12-28,0.0,26.8,79.79,24.02,2.57,0.61
2000-12-29,0.0,27.12,78.81,22.65,2.07,0.6
2000-12-30,0.0,27.31,72.16,21.15,1.4,0.59
2000-12-31,0.96,26.6,69.81,24.73,1.49,0.58
2001-01-01,3.44,25.97,78.5,22.34,2.08,0.58
2001-01-02,19.36,26.19,80.61,23.53,2.15,0.59
2001-01-03,6.66,26.21,83.71,19.42,1.63,0.61
2001-01-04,7.38,25.97,82.53,18.92,1.22,0.62
2001-01-05,5.84,25.91,80.28,19.12,1.45,0.62
2001-01-06,2.42,25.38,87.26,16.02,1.46,0.62
2001-01-07,0.63,25.37,86.29,18.08,1.24,0.61
2001-01-08,7.27,26.42,79.41,20.0,1.15,0.61
2001-01-09,3.44,26.45,78.87,19.54,1.18,0.62
2001-01-10,5.14,25.93,83.87,16.96,1.15,0.61
2001-01-11,3.64,26.74,80.06,16.35,0.93,0.62
2001-01-12,0.34,26.19,80.64,19.55,0.85,0.61
2001-01-13,0.34,26.06,79.26,13.68,0.99,0.61
2001-01-14,18.78,25.73,86.69,18.14,1.37,0.62
2001-01-15,15.4,25.82,84.81,15.18,1.0,0.65
2001-01-16,2.45,25.42,84.69,18.12,0.96,0.66
2001-01-17,0.23,25.21,90.31,19.39,1.79,0.65
2001-01-18,0.14,25.88,86.74,17.77,1.64,0.65
2001-01-19,14.19,25.63,89.0,17.17,1.74,0.65
2001-01-20,7.1,25.72,87.46,14.36,1.95,0.67
2001-01-21,13.15,25.57,88.21,16.65,2.04,0.67
2001-01-22,8.2,26.55,81.1,19.31,1.49,0.69
2001-01-23,0.01,25.99,84.1,19.05,0.99,0.68
2001-01-24,0.17,25.84,85.46,19.28,0.93,0.68
2001-01-25,21.66,25.97,83.68,17.93,1.09,0.69
2001-01-26,4.95,25.81,85.61,19.41,1.39,0.71
2001-01-27,17.54,26.64,82.1,18.52,1.77,0.71
2001-01-28,9.98,25.38,88.42,12.21,2.69,0.74
2001-01-29,5.44,26.39,81.7,18.43,1.64,0.73
2001-01-30,2.38,26.27,84.86,23.68,1.32,0.73
2001-01-31,14.67,26.31,85.03,20.9,1.25,0.74
2001-02-01,12.34,26.24,84.69,20.94,1.2,0.76
2001-02-02,29.92,25.29,90.76,3.89,1.74,0.78
2001-02-03,12.27,25.62,86.09,19.39,2.05,0.81
2001-02-04,17.36,25.63,88.83,16.51,2.13,0.82
2001-02-05,13.32,25.89,88.17,13.73,2.35,0.84
2001-02-06,9.61,25.94,89.96,18.04,2.36,0.84
2001-02-07,30.46,26.19,89.4,12.7,2.13,0.86
2001-02-08,15.23,25.97,88.76,11.72,2.68,0.89
2001-02-09,0.36,25.69,90.64,7.79,2.54,0.88
2001-02-10,20.43,24.77,89.97,13.5,4.18,0.89
2001-02-11,3.65,25.95,90.36,14.15,3.47,0.9
2001-02-12,1.7,25.75,91.18,15.97,3.8,0.89
2001-02-13,0.44,26.23,86.56,14.83,3.64,0.88
2001-02-14,0.67,26.59,84.4,17.05,4.02,0.87
2001-02-15,0.79,26.38,84.38,17.56,4.23,0.86
2001-02-16,10.11,26.05,86.4,14.88,4.43,0.86
2001-02-17,30.88,25.52,89.32,11.62,3.73,0.87
2001-02-18,5.44,25.29,86.61,22.33,3.71,0.88
2001-02-19,58.43,25.47,86.9,22.99,3.54,0.89
2001-02-20,44.12,25.54,86.1,22.83,2.84,0.95
2001-02-21,0.59,26.32,82.09,21.53,1.31,0.93
2001-02-22,0.26,25.29,86.2,21.49,1.11,0.92
2001-02-23,0.05,25.71,80.62,22.09,1.69,0.91
2001-02-24,0.05,25.28,80.89,23.75,2.43,0.9
2001-02-25,0.0,25.02,82.95,23.12,2.6,0.89
2001-02-26,0.0,24.98,82.45,23.32,3.02,0.88
2001-02-27,0.0,25.01,81.54,24.35,3.15,0.86
2001-02-28,2.58,25.4,85.14,22.47,3.56,0.85
2001-03-01,4.03,25.6,85.87,18.48,4.34,0.85
2001-03-02,6.62,25.75,86.02,20.89,3.63,0.83
2001-03-03,2.12,25.95,85.23,23.09,3.18,0.83
2001-03-04,0.17,26.04,82.86,23.8,2.21,0.82
2001-03-05,1.63,25.51,85.34,21.07,1.4,0.81
2001-03-06,2.23,25.36,86.11,18.76,1.74,0.8
2001-03-07,1.52,25.36,85.4,16.98,1.1,0.8
2001-03-08,0.0,25.19,84.1,16.55,1.59,0.79
2001-03-09,0.0,25.48,78.29,19.76,1.57,0.78
2001-03-10,0.01,25.07,79.33,22.16,1.46,0.77
2001-03-11,0.08,25.25,84.67,20.95,1.49,0.76
2001-03-12,1.34,25.44,85.26,20.65,1.57,0.74
2001-03-13,2.65,24.96,86.21,17.67,1.24,0.74
2001-03-14,0.89,25.64,84.17,17.41,1.26,0.73
2001-03-15,0.36,25.02,90.14,13.67,1.71,0.73
2001-03-16,9.98,25.67,87.42,18.05,2.27,0.73
2001-03-17,7.04,25.24,88.1,14.51,2.33,0.74
2001-03-18,6.01,25.88,87.08,18.59,1.87,0.74
2001-03-19,3.48,26.03,84.76,14.53,1.83,0.74
2001-03-20,5.24,25.9,86.0,20.49,2.15,0.74
2001-03-21,2.49,26.31,81.79,21.0,1.33,0.74
2001-03-22,0.08,26.5,80.68,19.85,0.7,0.73
2001-03-23,0.08,26.16,86.2,20.38,1.03,0.73
2001-03-24,0.18,25.14,91.93,18.76,2.02,0.72
2001-03-25,13.7,24.99,89.73,20.6,1.83,0.73
2001-03-26,6.6,24.62,89.71,9.8,1.81,0.74
2001-03-27,1.69,24.72,89.86,9.33,2.97,0.74
2001-03-28,8.3,24.59,91.41,11.86,2.29,0.74
2001-03-29,1.57,24.73,93.53,19.9,3.67,0.74
2001-03-30,0.38,25.16,90.26,8.96,2.84,0.74
2001-03-31,20.95,24.8,90.05,18.06,2.37,0.75
2001-04-01,3.87,24.89,89.41,20.48,2.41,0.77
2001-04-02,0.0,25.09,86.56,19.01,2.05,0.76
2001-04-03,0.01,25.6,87.37,21.09,2.55,0.75
2001-04-04,0.0,25.94,84.66,21.21,2.53,0.73
2001-04-05,0.06,25.9,83.56,20.03,2.26,0.72
2001-04-06,0.01,25.75,84.6,22.05,2.02,0.71
2001-04-07,0.16,25.7,85.63,20.22,1.52,0.7
2001-04-08,0.09,25.26,85.5,21.46,1.37,0.69
2001-04-09,0.03,25.41,84.92,23.28,2.12,0.68
2001-04-10,0.25,25.53,85.6,21.43,2.4,0.67
2001-04-11,0.15,25.67,84.23,13.43,3.21,0.66
2001-04-12,0.0,25.47,77.53,21.51,2.76,0.65
2001-04-13,0.0,25.28,75.18,21.9,2.11,0.64
2001-04-14,0.0,25.0,78.41,22.57,1.99,0.62
2001-04-15,0.0,25.28,78.09,21.27,1.82,0.61
2001-04-16,0.0,25.04,77.38,22.56,1.62,0.6
2001-04-17,0.66,25.55,76.88,20.09,2.13,0.6
2001-04-18,1.25,25.78,81.99,20.05,2.17,0.59
2001-04-19,0.0,26.05,77.26,21.21,1.77,0.58
2001-04-20,6.37,25.91,84.59,16.97,2.5,0.58
2001-04-21,1.53,25.87,84.77,19.71,3.17,0.59
2001-04-22,0.39,26.08,81.39,13.97,3.4,0.58
2001-04-23,0.03,26.31,78.43,19.63,3.27,0.57
2001-04-24,0.0,25.63,75.88,20.59,2.81,0.56
2001-04-25,0.0,25.18,73.76,21.38,2.5,0.56
2001-04-26,0.0,25.68,71.38,21.82,2.26,0.55
2001-04-27,0.01,26.27,80.12,17.33,2.85,0.55
2001-04-28,1.92,25.59,85.87,16.98,3.02,0.54
2001-04-29,0.74,26.12,81.03,20.76,2.7,0.54
2001-04-30,0.05,26.22,79.34,21.45,2.62,0.54
2001-05-01,0.0,26.1,78.47,21.47,2.34,0.53
2001-05-02,0.0,25.98,75.48,20.88,2.1,0.53
2001-05-03,0.0,26.24,74.87,20.92,2.44,0.52
2001-05-04,0.0,26.26,70.46,21.43,2.33,0.52
2001-05-05,0.0,26.68,72.34,20.67,2.49,0.51
2001-05-06,0.52,26.16,77.48,15.62,2.85,0.51
2001-05-07,0.04,25.91,73.75,19.41,3.15,0.51
2001-05-08,0.0,25.21,69.26,19.78,2.95,0.5
2001-05-09,0.0,25.07,69.7,18.59,2.78,0.5
2001-05-10,3.21,24.84,74.14,19.33,2.49,0.5
2001-05-11,0.0,25.0,74.18,17.77,2.34,0.5
2001-05-12,0.0,25.62,69.45,18.45,2.04,0.5
2001-05-13,0.0,25.69,72.62,18.43,1.96,0.49
2001-05-14,0.0,25.89,73.37,19.99,2.44,0.49
2001-05-15,0.0,25.81,75.4,19.17,2.64,0.49
2001-05-16,0.02,25.57,77.88,18.97,2.81,0.48
2001-05-17,0.07,25.61,78.61,17.14,3.07,0.48
2001-05-18,0.09,25.74,73.77,18.25,3.62,0.48
2001-05-19,0.0,25.63,64.32,17.56,3.71,0.48
2001-05-20,0.0,24.32,66.18,17.73,2.89,0.47
2001-05-21,0.0,24.61,73.91,18.28,2.96,0.47
2001-05-22,0.0,25.29,75.35,16.85,3.04,0.47
2001-05-23,0.0,25.14,76.99,17.2,2.92,0.47
2001-05-24,0.0,25.31,74.01,17.61,2.55,0.47
2001-05-25,0.0,25.14,76.18,17.53,2.92,0.47
2001-05-26,0.0,24.88,74.47,18.44,3.09,0.46
2001-05-27,0.01,24.89,70.28,18.47,3.3,0.46
2001-05-28,0.06,24.76,72.06,15.43,3.43,0.46
2001-05-29,0.0,25.11,68.15,18.37,3.46,0.46
2001-05-30,0.12,25.0,69.78,17.16,3.32,0.46
2001-05-31,0.88,24.72,74.76,17.58,2.93,0.46
2001-06-01,0.28,25.31,72.32,17.78,2.93,0.46
2001-06-02,0.19,25.69,78.75,13.06,3.53,0.45
2001-06-03,0.01,25.89,76.25,16.25,3.84,0.45
2001-06-04,2.2,25.33,81.44,8.79,3.6,0.45
2001-06-05,0.12,25.18,79.8,15.31,3.08,0.45
2001-06-06,0.06,25.29,77.21,14.04,2.95,0.45
2001-06-07,1.39,25.25,78.5,14.55,3.28,0.45
2001-06-08,0.43,25.0,80.39,14.26,3.18,0.45
2001-06-09,0.0,25.14,76.18,17.07,2.91,0.45
2001-06-10,0.27,25.47,79.12,10.88,2.95,0.45
2001-06-11,0.03,26.08,81.38,15.03,3.08,0.45
2001-06-12,0.01,26.08,79.9,16.6,2.61,0.45
2001-06-13,0.24,25.31,79.79,12.05,3.15,0.45
2001-06-14,0.02,25.32,80.53,15.4,3.17,0.45
2001-06-15,0.0,25.1,72.29,17.18,3.58,0.44
2001-06-16,0.0,24.83,66.91,16.99,3.93,0.44
2001-06-17,0.0,24.49,68.12,14.87,4.02,0.44
2001-06-18,0.0,24.01,66.62,17.67,3.13,0.44
2001-06-19,0.02,24.41,73.37,10.07,3.62,0.44
2001-06-20,0.92,24.53,71.89,8.56,4.35,0.44
2001-06-21,0.05,24.58,67.29,9.55,4.4,0.44
2001-06-22,0.0,24.67,69.99,11.35,4.17,0.44
2001-06-23,0.0,24.63,72.83,14.56,3.88,0.44
2001-06-24,0.0,24.54,73.98,14.2,3.6,0.44
2001-06-25,0.02,24.66,77.23,9.71,3.29,0.44
2001-06-26,0.0,24.53,73.53,15.99,3.33,0.43
2001-06-27,0.0,24.5,71.33,16.58,3.18,0.43
2001-06-28,0.0,23.7,73.39,17.57,2.82,0.43
2001-06-29,0.0,23.87,71.78,18.29,2.77,0.43
2001-06-30,0.0,23.15,62.05,17.51,2.78,0.43
2001-07-01,0.0,21.53,57.1,18.95,2.46,0.43
2001-07-02,0.0,22.28,57.09,18.49,2.63,0.43
2001-07-03,0.0,22.69,65.76,18.43,2.32,0.43
2001-07-04,70.09,22.95,82.69,7.71,2.84,0.49
2001-07-05,11.4,22.93,83.48,13.97,2.66,0.58
2001-07-06,0.09,23.75,80.65,17.76,2.89,0.56
2001-07-07,0.01,24.35,79.49,18.63,2.75,0.55
2001-07-08,0.0,23.95,77.19,18.28,2.72,0.55
2001-07-09,0.0,23.34,78.16,18.23,2.79,0.54
2001-07-10,0.0,23.35,76.93,19.54,2.61,0.54
2001-07-11,5.36,23.13,81.19,17.49,2.64,0.53
2001-07-12,4.88,22.94,80.84,19.15,2.97,0.54
2001-07-13,0.01,23.34,79.69,19.01,3.14,0.54
2001-07-14,0.01,23.85,79.8,18.0,3.04,0.54
2001-07-15,0.0,24.16,78.64,18.63,2.89,0.53
2001-07-16,0.31,24.32,81.19,15.23,2.82,0.53
2001-07-17,0.89,24.64,82.62,16.49,2.47,0.53
2001-07-18,0.04,24.56,82.07,16.21,2.93,0.52
2001-07-19,0.37,24.19,81.26,19.69,3.47,0.52
2001-07-20,0.11,23.97,80.79,16.64,3.66,0.52
2001-07-21,0.0,23.8,79.24,17.23,3.67,0.51
2001-07-22,0.0,23.59,77.85,17.11,3.73,0.51
2001-07-23,0.0,23.37,76.41,18.89,3.32,0.51
2001-07-24,0.0,23.47,77.07,16.8,3.11,0.51
2001-07-25,0.0,23.59,72.27,17.0,4.08,0.5
2001-07-26,0.0,23.45,66.98,15.81,4.23,0.5
2001-07-27,0.0,23.31,68.19,17.36,3.88,0.5
2001-07-28,0.0,22.51,70.58,18.78,3.38,0.49
2001-07-29,0.0,22.02,72.38,16.8,2.9,0.49
2001-07-30,0.0,22.2,72.02,18.34,2.8,0.49
2001-07-31,0.0,21.63,65.79,21.23,2.45,0.49
2001-08-01,0.0,21.08,64.76,21.96,2.62,0.48
2001-08-02,0.0,21.47,67.6,21.7,3.02,0.48
2001-08-03,0.0,22.03,68.21,20.03,3.25,0.48
2001-08-04,0.0,22.33,76.69,16.36,2.95,0.48
2001-08-05,0.01,22.67,77.94,17.92,2.9,0.48
2001-08-06,0.0,23.18,71.43,20.28,2.29,0.47
2001-08-07,0.0,23.62,69.79,20.71,2.22,0.47
2001-08-08,0.0,23.9,73.39,21.67,2.33,0.47
2001-08-09,0.0,23.8,75.28,21.97,2.75,0.47
2001-08-10,0.0,22.89,69.09,22.29,2.53,0.46
2001-08-11,0.0,22.73,68.82,21.47,2.25,0.46
2001-08-12,0.0,23.42,68.96,21.95,1.82,0.46
2001-08-13,0.0,24.53,66.38,22.29,1.77,0.46
2001-08-14,0.0,24.12,76.04,21.35,2.93,0.46
2001-08-15,0.0,23.75,70.84,22.0,2.98,0.46
2001-08-16,0.0,23.15,67.81,22.35,2.91,0.45
2001-08-17,0.0,23.01,71.68,18.71,3.31,0.45
2001-08-18,0.0,23.28,72.78,20.96,3.11,0.45
2001-08-19,0.0,23.58,71.82,19.84,3.01,0.45
2001-08-20,0.0,23.71,75.67,19.29,3.16,0.45
2001-08-21,0.0,23.93,71.34,22.67,3.0,0.45
2001-08-22,0.0,23.23,69.39,22.32,2.92,0.44
2001-08-23,0.0,22.93,68.1,19.28,3.07,0.44
2001-08-24,0.0,22.87,64.51,17.99,3.05,0.44
2001-08-25,0.0,22.52,67.32,21.57,2.56,0.44
2001-08-26,0.0,23.46,72.51,21.38,2.78,0.44
2001-08-27,0.0,24.0,72.25,22.3,2.69,0.44
2001-08-28,0.0,24.2,72.05,21.13,2.99,0.44
2001-08-29,0.0,24.65,71.8,23.22,3.35,0.44
2001-08-30,0.0,24.93,66.79,23.6,3.05,0.43
2001-08-31,0.0,24.75,65.75,23.47,1.93,0.43
2001-09-01,0.0,24.53,66.39,21.46,1.77,0.43
2001-09-02,0.0,24.95,67.83,21.53,1.98,0.43
2001-09-03,0.0,25.72,68.56,21.23,2.02,0.43
2001-09-04,0.0,26.0,70.9,20.86,2.17,0.43
2001-09-05,0.0,26.19,64.25,24.02,2.44,0.43
2001-09-06,0.0,25.29,73.76,23.72,2.67,0.43
2001-09-07,0.0,25.03,74.37,22.12,1.95,0.43
2001-09-08,0.0,25.97,65.46,23.22,1.53,0.43
2001-09-09,0.0,26.18,63.68,23.48,1.71,0.43
2001-09-10,0.0,25.2,69.92,23.1,2.58,0.43
2001-09-11,0.0,25.14,70.62,25.07,2.77,0.43
2001-09-12,0.0,25.7,70.16,24.54,2.59,0.43
2001-09-13,0.0,25.05,75.71,24.81,2.9,0.43
2001-09-14,0.0,25.98,70.75,24.0,2.7,0.43
2001-09-15,0.0,25.91,72.14,24.66,2.22,0.43
2001-09-16,0.0,26.21,70.83,24.67,2.47,0.43
2001-09-17,0.0,26.0,70.53,24.81,2.27,0.43
2001-09-18,0.0,25.72,64.2,24.9,2.54,0.43
2001-09-19,0.0,25.54,70.45,24.44,2.75,0.43
2001-09-20,0.0,25.91,70.28,22.19,2.6,0.43
2001-09-21,0.0,25.74,71.96,22.98,2.22,0.43
2001-09-22,0.0,25.84,69.08,23.64,2.29,0.42
2001-09-23,0.0,25.88,73.62,21.95,2.62,0.42
2001-09-24,0.0,26.16,72.79,22.7,2.65,0.42
2001-09-25,0.0,25.81,73.7,24.74,2.92,0.42
2001-09-26,0.0,25.65,71.04,25.53,3.16,0.42
2001-09-27,0.0,25.7,70.59,26.18,3.07,0.42
2001-09-28,0.0,25.63,72.62,25.85,3.15,0.42
2001-09-29,0.0,26.37,68.27,26.38,2.97,0.42
2001-09-30,0.0,26.9,66.15,25.56,2.57,0.42
2001-10-01,0.0,26.24,64.18,26.21,2.54,0.42
2001-10-02,0.0,26.46,66.65,25.61,2.1,0.42
2001-10-03,0.0,26.44,67.86,25.59,2.01,0.42
2001-10-04,0.0,26.63,62.45,26.31,1.91,0.42
2001-10-05,0.0,26.7,62.87,26.04,2.13,0.42
2001-10-06,0.0,26.76,65.76,26.35,2.48,0.42
2001-10-07,0.0,27.32,64.51,25.48,2.18,0.42
2001-10-08,0.01,27.52,65.21,23.73,2.02,0.42
2001-10-09,0.02,27.48,64.19,23.56,1.76,0.42
2001-10-10,9.29,26.97,71.05,20.82,2.0,0.43
2001-10-11,1.79,26.5,76.63,23.12,2.36,0.44
2001-10-12,0.0,27.68,65.09,25.96,2.05,0.44
2001-10-13,0.0,27.51,69.85,23.6,1.82,0.44
2001-10-14,0.04,27.54,69.1,21.84,1.96,0.44
2001-10-15,0.0,27.57,66.84,24.4,2.25,0.43
2001-10-16,0.0,27.24,71.51,25.32,2.4,0.43
2001-10-17,0.0,27.55,69.75,22.7,1.98,0.43
2001-10-18,0.0,28.03,63.84,24.82,1.5,0.43
2001-10-19,0.0,27.69,66.23,25.05,1.63,0.43
2001-10-20,0.0,27.54,67.77,25.04,1.7,0.43
2001-10-21,0.0,27.12,69.54,20.78,1.91,0.43
2001-10-22,0.02,25.74,73.83,20.17,1.87,0.43
2001-10-23,0.01,26.85,72.6,17.94,2.31,0.43
2001-10-24,15.82,26.71,76.86,21.07,2.05,0.44
2001-10-25,0.48,27.55,71.62,23.09,1.73,0.46
2001-10-26,0.0,27.61,65.27,25.72,1.65,0.45
2001-10-27,0.0,28.05,56.73,27.5,1.99,0.45
2001-10-28,0.0,28.33,63.59,27.11,2.19,0.45
2001-10-29,0.0,28.15,67.88,26.8,2.7,0.44
2001-10-30,0.0,28.13,64.89,24.55,2.32,0.44
2001-10-31,0.0,27.54,68.23,25.83,1.88,0.44
2001-11-01,0.0,27.47,72.14,22.93,1.89,0.44
2001-11-02,0.0,27.72,68.81,26.17,1.66,0.44
2001-11-03,0.0,28.97,62.78,25.49,1.48,0.43
2001-11-04,0.0,27.95,71.94,23.75,1.79,0.43
2001-11-05,0.0,27.72,73.12,25.65,1.69,0.43
2001-11-06,0.14,27.68,72.3,23.74,2.24,0.43
2001-11-07,0.06,27.62,69.78,23.11,2.18,0.43
2001-11-08,0.03,27.43,73.72,19.26,2.16,0.43
2001-11-09,3.06,27.19,76.24,15.11,2.55,0.43
2001-11-10,0.08,27.88,69.66,21.68,2.2,0.43
2001-11-11,0.0,27.77,68.15,20.64,1.99,0.43
2001-11-12,0.23,28.15,69.65,21.38,2.25,0.43
2001-11-13,0.12,27.78,73.09,14.96,2.12,0.43
2001-11-14,5.73,27.4,74.95,21.64,2.41,0.44
2001-11-15,1.56,27.54,73.92,24.13,2.6,0.44
2001-11-16,0.24,27.6,75.14,21.75,2.39,0.44
2001-11-17,0.01,27.1,75.88,24.26,1.55,0.44
2001-11-18,0.12,28.46,67.53,23.2,1.25,0.44
2001-11-19,0.09,27.79,73.44,22.65,1.89,0.43
2001-11-20,0.0,28.54,69.24,24.13,1.88,0.43
2001-11-21,0.04,27.96,72.14,15.39,1.7,0.43
2001-11-22,2.74,28.09,70.21,10.58,2.21,0.43
2001-11-23,0.45,27.71,76.24,23.64,1.49,0.44
2001-11-24,42.47,26.61,84.44,20.34,1.22,0.48
2001-11-25,8.61,26.99,74.01,17.47,1.48,0.53
2001-11-26,0.3,26.53,82.22,18.27,2.85,0.52
2001-11-27,39.83,26.16,88.38,14.73,3.05,0.55
2001-11-28,12.62,26.41,85.12,18.42,2.04,0.61
2001-11-29,40.23,25.71,90.15,16.84,2.27,0.63
2001-11-30,18.08,25.44,88.26,15.15,1.75,0.69
2001-12-01,4.39,25.51,87.65,17.14,1.69,0.69
2001-12-02,0.46,25.84,84.65,15.52,1.59,0.69
2001-12-03,0.26,26.45,80.34,19.68,1.19,0.68
2001-12-04,1.69,25.84,87.43,16.9,1.18,0.67
2001-12-05,0.33,25.78,87.89,18.83,1.85,0.67
2001-12-06,0.67,25.02,86.03,13.96,1.88,0.66
2001-12-07,2.2,25.57,82.36,17.33,2.32,0.66
2001-12-08,0.44,25.3,84.98,13.95,2.46,0.65
2001-12-09,53.0,25.16,86.82,12.61,2.01,0.68
2001-12-10,17.0,24.99,87.23,15.17,2.42,0.75
2001-12-11,0.57,25.32,84.62,18.69,3.21,0.74
2001-12-12,0.01,25.25,83.27,23.5,2.84,0.73
2001-12-13,0.0,25.64,81.65,22.61,2.46,0.72
2001-12-14,0.0,25.69,79.85,25.28,2.25,0.71
2001-12-15,0.0,25.82,79.87,21.92,2.53,0.7
2001-12-16,0.0,25.61,78.15,23.49,2.82,0.68
2001-12-17,1.28,25.64,79.79,23.51,2.41,0.67
2001-12-18,0.79,25.15,86.82,18.73,1.88,0.67
2001-12-19,0.51,25.41,84.32,20.81,2.27,0.66
2001-12-20,0.02,25.9,81.82,24.49,2.23,0.65
2001-12-21,0.0,26.22,80.33,25.12,1.9,0.64
2001-12-22,0.01,26.16,82.08,24.94,2.2,0.63
2001-12-23,0.01,26.43,83.08,22.62,2.36,0.62
2001-12-24,2.11,26.57,82.17,20.94,1.77,0.61
2001-12-25,0.53,26.66,82.29,21.39,1.74,0.61
2001-12-26,0.21,26.8,79.06,18.35,1.37,0.6
2001-12-27,0.05,26.99,75.7,14.93,2.07,0.6
2001-12-28,0.17,27.24,70.14,22.4,2.22,0.59
2001-12-29,7.59,25.81,81.21,18.53,2.12,0.59
2001-12-30,2.92,26.43,79.81,18.91,2.79,0.59
2001-12-31,0.18,26.64,77.44,23.8,2.62,0.58
2002-01-01,3.43,26.4,78.23,20.73,2.9,0.58
2002-01-02,6.65,26.42,77.8,21.2,3.06,0.58
2002-01-03,0.89,26.3,75.09,22.52,3.09,0.58
2002-01-04,0.12,26.77,70.73,24.93,3.04,0.57
2002-01-05,0.04,26.57,69.91,24.0,2.94,0.56
2002-01-06,0.0,26.33,71.5,25.93,2.63,0.55
2002-01-07,0.0,26.93,73.03,24.14,2.74,0.55
2002-01-08,0.0,27.51,73.46,23.61,2.85,0.54
2002-01-09,35.15,26.63,81.63,21.16,2.56,0.56
2002-01-10,31.49,25.98,85.15,20.13,2.43,0.63
2002-01-11,5.14,25.96,84.44,20.47,2.62,0.65
2002-01-12,0.0,26.64,82.42,20.56,2.43,0.64
2002-01-13,0.01,26.48,83.13,20.11,1.94,0.63
2002-01-14,0.1,26.43,81.63,20.27,1.44,0.62
2002-01-15,13.19,25.41,83.69,19.71,1.47,0.63
2002-01-16,15.07,26.26,79.84,23.77,1.13,0.65
2002-01-17,8.56,26.67,81.4,18.19,1.25,0.66
2002-01-18,2.33,25.77,88.65,19.98,0.98,0.65
2002-01-19,5.22,26.03,82.31,17.45,1.16,0.65
2002-01-20,2.75,26.55,83.73,20.26,1.35,0.65
2002-01-21,5.95,26.0,84.74,16.53,1.13,0.65
2002-01-22,1.72,25.24,89.54,19.34,1.2,0.66
2002-01-23,27.44,26.28,84.24,19.95,1.1,0.67
2002-01-24,11.65,26.16,79.17,19.95,1.01,0.7
2002-01-25,12.09,26.67,82.62,20.5,1.4,0.71
2002-01-26,2.7,26.57,81.21,21.31,1.72,0.71
2002-01-27,0.84,26.67,82.32,21.72,1.32,0.7
2002-01-28,2.7,26.99,77.27,22.42,1.27,0.69
2002-01-29,5.78,26.58,83.71,19.89,1.4,0.69
2002-01-30,17.02,25.26,87.53,14.93,1.11,0.7
2002-01-31,19.41,25.3,88.1,14.62,2.15,0.73
2002-02-01,55.64,25.52,88.91,17.44,2.65,0.77
2002-02-02,25.9,25.83,87.87,12.65,2.92,0.84
2002-02-03,1.01,26.32,86.87,11.41,1.84,0.83
2002-02-04,1.07,26.22,84.85,13.97,2.53,0.83
2002-02-05,183.24,25.88,87.32,13.76,1.7,0.86
2002-02-06,72.01,25.2,90.36,14.88,2.4,0.96
2002-02-07,33.02,25.27,89.81,14.68,2.16,0.96
2002-02-08,22.24,24.78,89.61,13.59,4.23,0.96
2002-02-09,69.69,24.75,90.94,9.5,3.63,0.98
2002-02-10,27.09,24.88,92.44,7.72,3.78,1.0
2002-02-11,3.25,24.8,89.43,13.24,3.09,0.99
2002-02-12,2.87,24.85,85.02,17.04,2.81,0.98
2002-02-13,49.31,24.84,88.83,17.76,2.81,0.98
2002-02-14,22.76,25.16,89.08,18.34,2.51,0.99
2002-02-15,13.11,25.31,89.39,18.81,2.2,0.99
2002-02-16,4.7,24.86,90.53,10.6,2.82,0.99
2002-02-17,11.54,24.85,89.36,12.59,3.1,0.98
2002-02-18,4.49,24.8,90.01,11.61,3.44,0.98
2002-02-19,9.85,24.83,88.61,17.94,3.72,0.97
2002-02-20,1.36,25.53,88.37,21.71,3.84,0.97
2002-02-21,11.41,25.63,90.32,17.21,3.78,0.96
2002-02-22,3.5,25.78,88.83,18.04,3.6,0.96
2002-02-23,2.94,25.99,86.3,20.98,2.96,0.95
2002-02-24,5.56,25.64,88.26,16.42,2.28,0.95
2002-02-25,2.65,25.1,87.53,21.73,1.98,0.94
2002-02-26,0.02,25.0,84.87,19.75,2.0,0.93
2002-02-27,0.09,25.76,82.49,21.48,1.51,0.93
2002-02-28,1.65,26.03,83.18,19.25,1.75,0.92
2002-03-01,7.27,25.82,87.77,20.67,2.13,0.91
2002-03-02,27.54,25.47,90.36,16.77,2.25,0.92
2002-03-03,15.35,24.84,91.35,17.25,1.52,0.94
2002-03-04,38.39,24.93,89.83,21.43,1.32,0.95
2002-03-05,29.62,25.44,88.36,22.6,1.27,0.98
2002-03-06,0.11,25.36,87.05,19.24,1.09,0.97
2002-03-07,0.56,26.08,82.56,18.02,0.84,0.96
2002-03-08,0.11,25.52,86.74,20.78,1.51,0.95
2002-03-09,0.01,26.14,83.4,23.06,1.33,0.95
2002-03-10,0.0,26.01,82.47,22.66,1.45,0.94
2002-03-11,0.02,26.02,81.72,26.46,1.21,0.93
2002-03-12,0.23,25.84,82.3,24.08,1.46,0.92
2002-03-13,0.14,25.53,86.1,24.0,2.36,0.91
2002-03-14,0.0,26.08,78.78,26.18,1.97,0.9
2002-03-15,0.0,25.33,86.54,23.41,1.74,0.89
2002-03-16,0.0,25.22,86.05,21.4,2.44,0.88
2002-03-17,0.15,25.53,84.4,23.46,2.19,0.87
2002-03-18,0.14,25.46,84.55,25.3,2.46,0.86
2002-03-19,0.0,25.6,82.8,24.69,2.0,0.85
2002-03-20,0.0,25.73,82.29,24.45,1.63,0.84
2002-03-21,0.0,25.96,84.29,22.52,1.69,0.82
2002-03-22,0.01,26.21,82.63,24.56,1.98,0.81
2002-03-23,0.0,26.0,80.97,24.58,1.69,0.8
2002-03-24,1.4,25.89,82.36,20.37,1.97,0.79
2002-03-25,0.84,25.83,85.52,20.83,2.37,0.78
2002-03-26,0.46,26.03,84.61,21.89,2.32,0.77
2002-03-27,0.02,25.67,81.77,24.3,1.88,0.76
2002-03-28,6.66,25.9,80.67,23.17,1.57,0.74
2002-03-29,2.71,25.98,80.77,23.39,1.61,0.74
2002-03-30,12.79,25.48,82.8,23.26,1.6,0.74
2002-03-31,0.0,25.37,80.38,23.93,1.7,0.74
2002-04-01,0.0,24.86,79.38,22.04,2.09,0.73
2002-04-02,0.0,24.5,74.55,20.78,2.21,0.71
2002-04-03,0.0,25.29,72.74,23.53,1.77,0.7
2002-04-04,0.0,25.15,79.86,21.26,2.12,0.69
2002-04-05,0.0,25.5,82.54,23.3,2.37,0.68
2002-04-06,0.01,25.51,84.21,23.13,2.18,0.66
2002-04-07,0.01,25.67,84.89,21.04,2.08,0.65
2002-04-08,0.05,25.67,84.23,21.77,1.43,0.65
2002-04-09,0.15,25.52,83.66,16.95,1.48,0.64
2002-04-10,31.99,24.98,93.17,4.66,2.94,0.66
2002-04-11,6.34,25.67,88.92,16.48,2.32,0.69
2002-04-12,0.9,25.28,88.4,20.5,2.11,0.69
2002-04-13,0.51,25.08,88.9,19.12,1.63,0.68
2002-04-14,0.02,25.47,84.98,21.48,1.63,0.68
2002-04-15,0.0,25.35,84.22,22.32,1.86,0.66
2002-04-16,0.0,25.1,81.51,23.41,1.63,0.65
2002-04-17,0.0,25.48,78.81,22.47,1.62,0.65
2002-04-18,0.0,25.31,81.59,23.67,1.75,0.63
2002-04-19,0.0,25.27,77.46,23.77,1.66,0.62
2002-04-20,5.14,25.18,80.98,21.48,1.72,0.62
2002-04-21,0.21,25.48,81.82,21.42,1.71,0.61
2002-04-22,0.0,26.04,83.85,20.51,2.27,0.61
2002-04-23,0.0,25.94,82.26,21.75,2.61,0.6
2002-04-24,0.0,25.69,76.69,22.99,3.03,0.59
2002-04-25,0.0,25.95,76.01,20.37,3.13,0.58
2002-04-26,0.0,26.07,75.95,22.44,2.98,0.57
2002-04-27,0.0,26.12,76.81,20.99,2.87,0.57
2002-04-28,0.0,26.11,74.56,22.36,2.71,0.56
2002-04-29,0.0,26.28,75.67,20.64,2.91,0.55
2002-04-30,0.08,26.45,79.82,13.61,3.54,0.55
2002-05-01,0.0,26.34,75.29,19.62,3.28,0.54
2002-05-02,0.0,26.02,76.34,19.89,3.15,0.54
2002-05-03,0.0,26.23,76.9,18.44,3.36,0.53
2002-05-04,0.03,26.11,77.13,18.98,3.29,0.53
2002-05-05,0.16,26.42,76.38,17.23,3.08,0.52
2002-05-06,0.02,26.54,75.08,19.6,3.02,0.52
2002-05-07,0.0,26.6,77.29,19.59,3.09,0.52
2002-05-08,0.0,26.57,75.79,20.03,2.66,0.51
2002-05-09,0.0,26.27,75.53,21.23,2.38,0.51
2002-05-10,0.0,26.54,71.84,19.8,2.1,0.5
2002-05-11,0.0,26.16,71.43,19.11,1.8,0.5
2002-05-12,0.0,25.79,70.8,19.08,2.17,0.5
2002-05-13,0.0,25.32,72.11,21.61,2.39,0.49
2002-05-14,0.0,25.27,68.44,21.9,2.23,0.49
2002-05-15,0.0,25.57,68.66,20.54,2.23,0.49
2002-05-16,0.01,25.04,75.31,13.64,2.45,0.48
2002-05-17,0.0,25.14,72.85,20.44,2.78,0.48
2002-05-18,0.0,25.21,73.46,20.47,3.13,0.48
2002-05-19,0.0,25.52,72.87,19.58,3.16,0.48
2002-05-20,0.0,24.87,71.33,21.46,2.73,0.47
2002-05-21,0.0,25.0,74.66,21.09,2.62,0.47
2002-05-22,0.0,25.11,73.97,20.22,2.59,0.47
2002-05-23,0.0,25.04,72.66,20.54,2.36,0.47
2002-05-24,0.0,24.96,75.0,21.29,2.27,0.47
2002-05-25,0.0,25.22,75.91,19.25,2.32,0.46
2002-05-26,0.0,25.27,76.57,19.58,2.4,0.46
2002-05-27,0.01,25.04,78.26,18.78,2.74,0.46
2002-05-28,0.0,25.51,73.84,15.52,3.09,0.46
2002-05-29,0.0,24.97,64.63,18.62,2.82,0.46
2002-05-30,0.0,24.57,62.83,19.15,3.23,0.46
2002-05-31,0.0,24.67,61.43,17.63,3.39,0.45
2002-06-01,0.0,24.54,61.5,16.32,3.38,0.45
2002-06-02,0.0,24.79,71.62,13.22,3.79,0.45
2002-06-03,0.0,24.83,72.7,16.55,3.93,0.45
2002-06-04,0.0,24.84,73.95,15.85,3.91,0.45
2002-06-05,0.0,25.02,72.03,17.24,3.4,0.45
2002-06-06,0.0,24.02,67.51,19.24,2.75,0.45
2002-06-07,0.0,23.42,71.51,17.51,2.72,0.45
2002-06-08,0.0,24.39,69.11,18.21,3.0,0.44
2002-06-09,0.02,25.05,72.34,16.36,3.68,0.44
2002-06-10,0.05,25.16,68.31,18.47,3.77,0.44
2002-06-11,0.0,24.95,69.97,16.85,2.97,0.44
2002-06-12,0.0,24.96,77.33,6.86,2.88,0.44
2002-06-13,0.0,25.32,74.27,16.08,2.47,0.44
2002-06-14,0.0,25.33,73.06,17.89,1.87,0.44
2002-06-15,0.0,24.94,72.07,17.81,1.84,0.44
2002-06-16,0.0,24.76,73.98,18.17,1.77,0.44
2002-06-17,0.0,25.23,73.02,16.14,1.94,0.44
2002-06-18,0.0,25.16,71.93,18.31,2.2,0.43
2002-06-19,0.0,24.82,72.37,15.15,3.05,0.43
2002-06-20,0.0,23.84,64.51,17.72,2.72,0.43
2002-06-21,0.0,22.71,65.71,17.88,2.65,0.43
2002-06-22,0.01,23.66,65.36,18.3,2.63,0.43
2002-06-23,0.0,23.71,66.14,18.03,2.73,0.43
2002-06-24,0.0,23.75,62.98,18.97,2.68,0.43
2002-06-25,0.0,23.3,61.13,19.45,2.56,0.43
2002-06-26,0.0,23.34,65.67,19.28,2.64,0.43
2002-06-27,0.0,23.69,65.29,18.44,2.43,0.43
2002-06-28,0.0,23.75,66.84,20.48,2.53,0.43
2002-06-29,0.0,24.22,71.14,18.5,2.72,0.43
2002-06-30,0.0,24.13,67.18,17.15,3.34,0.43
2002-07-01,0.0,23.35,66.29,20.0,3.27,0.43
2002-07-02,0.0,23.51,75.58,9.21,3.3,0.43
2002-07-03,0.0,23.87,70.81,14.49,3.38,0.43
2002-07-04,0.0,23.89,67.74,18.62,3.09,0.43
2002-07-05,0.0,23.61,66.45,17.9,2.93,0.43
2002-07-06,0.0,23.17,66.66,14.73,3.02,0.43
2002-07-07,0.0,23.34,64.85,17.64,3.2,0.43
2002-07-08,0.0,23.57,69.6,14.5,3.2,0.43
2002-07-09,0.0,23.58,74.14,15.66,3.0,0.43
2002-07-10,0.0,23.94,74.33,16.05,2.95,0.43
2002-07-11,0.0,23.8,71.12,18.56,2.71,0.43
2002-07-12,0.0,23.95,66.8,19.14,2.32,0.43
2002-07-13,0.0,23.86,68.02,19.49,2.16,0.43
2002-07-14,0.0,23.53,65.23,20.72,2.43,0.43
2002-07-15,0.0,23.64,69.29,20.23,3.1,0.43
2002-07-16,0.0,23.19,74.4,17.73,3.35,0.43
2002-07-17,0.0,22.67,68.85,13.36,3.2,0.43
2002-07-18,0.0,22.49,65.41,14.61,3.2,0.43
2002-07-19,0.01,23.06,69.71,15.39,3.7,0.43
2002-07-20,0.01,23.62,74.98,14.18,3.85,0.43
2002-07-21,0.01,24.06,76.44,12.27,4.1,0.43
2002-07-22,0.0,23.91,74.39,18.45,2.89,0.43
2002-07-23,0.0,23.86,70.42,21.82,2.33,0.43
2002-07-24,0.0,23.87,73.7,20.03,2.6,0.43
2002-07-25,0.0,23.82,72.81,18.99,2.59,0.43
2002-07-26,0.0,23.84,71.64,19.39,2.68,0.43
2002-07-27,0.0,23.74,75.44,19.97,2.82,0.43
2002-07-28,0.04,23.86,79.28,14.42,2.92,0.43
2002-07-29,0.0,24.28,74.38,20.16,2.89,0.43
2002-07-30,0.0,23.64,75.63,20.36,3.4,0.43
2002-07-31,0.0,23.61,71.79,18.71,3.33,0.43
2002-08-01,0.0,22.77,66.07,20.4,2.64,0.43
2002-08-02,0.0,22.66,62.41,21.75,2.46,0.43
2002-08-03,0.0,23.21,62.49,21.84,2.67,0.43
2002-08-04,0.0,24.51,65.21,21.45,2.62,0.43
2002-08-05,0.0,24.27,69.17,20.28,2.65,0.42
2002-08-06,0.0,23.75,70.4,20.57,2.52,0.42
2002-08-07,0.0,24.25,66.95,21.75,2.31,0.42
2002-08-08,0.0,23.92,64.1,22.84,2.35,0.42
2002-08-09,0.0,23.61,63.78,22.83,2.13,0.42
2002-08-10,0.0,23.53,63.39,22.81,2.26,0.42
2002-08-11,0.0,23.41,69.7,18.96,2.12,0.42
2002-08-12,0.0,23.57,66.51,21.17,1.97,0.42
2002-08-13,0.0,23.82,63.89,20.64,2.04,0.42
2002-08-14,0.0,23.91,63.5,21.71,2.35,0.42
2002-08-15,0.01,23.42,67.36,20.65,2.79,0.42
2002-08-16,0.0,23.08,64.33,22.38,2.86,0.42
2002-08-17,0.0,22.9,60.15,22.18,2.63,0.42
2002-08-18,0.0,23.1,58.45,21.62,2.61,0.42
2002-08-19,0.0,23.31,62.18,20.68,3.2,0.42
2002-08-20,0.0,23.65,60.32,20.44,3.26,0.42
2002-08-21,0.0,23.62,59.79,22.57,2.65,0.42
2002-08-22,0.0,23.76,67.41,21.34,2.55,0.42
2002-08-23,0.0,24.04,66.9,20.27,2.57,0.42
2002-08-24,0.0,23.94,66.06,21.02,3.17,0.42
2002-08-25,0.0,23.57,71.95,20.19,3.29,0.42
2002-08-26,0.0,23.14,65.75,23.66,2.9,0.42
2002-08-27,0.0,22.81,57.65,23.3,2.51,0.42
2002-08-28,0.0,22.48,57.97,23.01,2.64,0.42
2002-08-29,0.0,22.92,68.82,21.41,3.05,0.42
2002-08-30,0.0,23.42,72.35,20.84,2.97,0.42
2002-08-31,0.0,23.4,74.59,20.79,3.32,0.42
2002-09-01,0.0,23.78,71.26,22.26,3.06,0.42
2002-09-02,0.0,23.6,68.81,24.71,2.67,0.42
2002-09-03,0.0,23.1,66.14,24.36,2.52,0.42
2002-09-04,0.0,23.02,64.54,25.34,2.62,0.42
2002-09-05,0.0,23.25,65.66,24.86,2.3,0.42
2002-09-06,0.0,23.6,64.92,24.54,2.43,0.42
2002-09-07,0.0,23.55,67.79,25.19,2.32,0.42
2002-09-08,0.0,24.39,64.64,23.11,2.09,0.42
2002-09-09,0.0,24.46,72.25,22.04,2.3,0.42
2002-09-10,0.0,25.14,67.86,20.97,2.21,0.42
2002-09-11,0.0,25.54,69.34,19.45,1.8,0.42
2002-09-12,0.0,25.72,68.66,20.97,1.92,0.42
2002-09-13,0.0,26.08,70.23,22.68,2.18,0.42
2002-09-14,0.0,25.96,68.86,20.9,2.16,0.42
2002-09-15,35.21,24.54,79.16,17.12,2.0,0.45
2002-09-16,5.11,24.55,78.61,18.82,1.94,0.5
2002-09-17,0.0,24.87,73.19,20.41,1.6,0.49
2002-09-18,0.05,25.02,72.45,15.58,1.71,0.49
2002-09-19,0.0,25.19,70.56,23.05,2.72,0.49
2002-09-20,0.0,25.09,68.1,25.16,2.18,0.48
2002-09-21,0.0,25.07,68.43,26.03,1.92,0.48
2002-09-22,0.0,24.81,63.83,24.74,1.58,0.48
2002-09-23,0.0,24.88,70.57,24.6,1.8,0.47
2002-09-24,0.0,25.32,68.51,20.56,1.84,0.47
2002-09-25,0.0,26.3,72.16,21.03,2.04,0.47
2002-09-26,0.01,26.18,71.09,23.66,2.22,0.46
2002-09-27,0.0,26.33,65.25,24.81,1.96,0.46
2002-09-28,0.0,26.33,64.34,24.55,1.38,0.46
2002-09-29,0.0,25.96,67.47,24.57,1.44,0.46
2002-09-30,3.61,25.38,74.27,21.4,2.36,0.46
2002-10-01,0.12,25.72,71.26,25.55,2.59,0.46
2002-10-02,0.0,25.35,70.19,26.5,2.29,0.46
2002-10-03,0.0,25.99,71.27,25.89,2.52,0.45
2002-10-04,0.0,25.8,72.11,26.68,2.74,0.45
2002-10-05,0.0,26.46,67.53,25.66,2.43,0.45
2002-10-06,0.0,26.18,66.74,25.81,2.08,0.45
2002-10-07,0.0,26.57,65.2,23.89,1.76,0.44
2002-10-08,0.0,27.05,63.93,25.5,1.43,0.44
2002-10-09,0.0,26.87,66.99,25.87,1.67,0.44
2002-10-10,0.0,27.41,63.89,26.35,1.71,0.44
2002-10-11,0.0,26.99,62.91,23.75,2.13,0.43
2002-10-12,0.0,26.83,66.35,26.2,1.95,0.43
2002-10-13,0.0,26.59,65.91,26.72,2.54,0.43
2002-10-14,0.0,26.03,72.85,25.73,3.1,0.43
2002-10-15,0.0,26.45,67.32,27.09,2.67,0.43
2002-10-16,0.0,27.14,59.61,27.04,1.87,0.43
2002-10-17,0.0,27.53,52.83,27.18,1.8,0.43
2002-10-18,0.0,27.43,58.14,27.86,1.61,0.43
2002-10-19,0.0,26.56,59.67,27.55,2.69,0.43
2002-10-20,0.0,26.86,57.9,27.41,2.16,0.43
2002-10-21,0.0,27.9,51.87,26.63,1.83,0.43
2002-10-22,0.0,27.39,60.04,27.07,2.13,0.43
2002-10-23,0.0,28.35,62.41,26.1,2.4,0.43
2002-10-24,0.0,28.82,63.95,26.27,1.87,0.43
2002-10-25,0.0,28.81,65.0,23.95,1.75,0.42
2002-10-26,0.0,28.77,63.55,23.27,1.52,0.42
2002-10-27,0.0,28.5,63.37,26.71,1.55,0.42
2002-10-28,0.0,28.21,59.96,26.9,2.0,0.42
2002-10-29,0.0,28.56,56.94,26.07,1.85,0.42
2002-10-30,0.0,28.78,58.98,25.74,1.91,0.42
2002-10-31,0.0,29.03,61.64,23.02,1.8,0.42
2002-11-01,0.0,29.01,60.61,23.96,2.0,0.42
2002-11-02,0.17,28.48,63.64,24.18,2.11,0.42
2002-11-03,0.07,28.6,63.11,24.01,2.63,0.42
2002-11-04,0.03,27.84,68.59,24.3,2.9,0.42
2002-11-05,0.01,28.17,63.43,24.79,2.67,0.42
2002-11-06,0.0,28.43,63.95,24.57,2.5,0.42
2002-11-07,0.0,27.73,66.67,25.59,2.61,0.42
2002-11-08,0.0,27.24,69.42,27.29,2.94,0.42
2002-11-09,0.0,27.96,67.98,26.56,2.91,0.42
2002-11-10,0.0,27.36,71.23,26.81,2.96,0.42
2002-11-11,0.0,27.51,65.97,25.72,2.7,0.42
2002-11-12,0.0,28.47,61.84,23.58,2.26,0.42
2002-11-13,0.0,28.54,62.44,24.57,1.97,0.42
2002-11-14,0.27,28.74,61.57,24.8,2.57,0.42
2002-11-15,0.09,28.38,66.37,25.26,2.71,0.42
2002-11-16,0.0,28.4,64.92,24.09,2.81,0.42
2002-11-17,0.0,28.1,66.6,23.63,1.87,0.42
2002-11-18,0.51,28.62,63.42,25.0,2.23,0.42
2002-11-19,0.01,28.5,62.93,24.23,2.78,0.42
2002-11-20,0.0,28.7,62.16,24.8,2.56,0.42
2002-11-21,0.0,28.94,64.83,26.47,2.38,0.42
2002-11-22,0.32,28.96,63.06,24.35,2.23,0.42
2002-11-23,0.4,28.86,63.31,23.16,2.29,0.42
2002-11-24,0.0,28.69,61.52,24.59,2.46,0.42
2002-11-25,25.28,27.88,72.17,19.62,2.07,0.44
2002-11-26,16.49,26.99,83.18,20.66,1.37,0.5
2002-11-27,33.69,26.93,81.81,21.51,1.62,0.53
2002-11-28,19.65,27.08,75.92,22.36,1.06,0.59
2002-11-29,26.34,26.95,78.95,22.53,1.43,0.6
2002-11-30,10.02,26.5,84.49,18.16,1.68,0.63
2002-12-01,3.82,25.91,88.24,14.94,2.5,0.63
2002-12-02,3.45,26.12,79.07,18.58,1.11,0.62
2002-12-03,1.87,26.48,80.85,19.22,0.86,0.63
2002-12-04,9.82,26.76,81.83,20.58,1.26,0.62
2002-12-05,3.64,27.32,78.19,24.38,1.37,0.63
2002-12-06,0.05,27.7,72.51,23.36,1.27,0.62
2002-12-07,0.91,27.81,75.9,22.15,1.67,0.61
2002-12-08,0.65,27.08,86.52,22.92,2.12,0.61
2002-12-09,0.13,28.47,69.35,22.69,1.44,0.6
2002-12-10,6.0,27.72,74.75,21.24,1.29,0.6
2002-12-11,44.37,26.26,80.0,17.33,2.16,0.63
2002-12-12,15.33,26.34,80.81,21.04,1.69,0.68
2002-12-13,81.93,26.78,80.47,21.47,1.27,0.72
2002-12-14,22.37,27.08,78.53,24.25,1.08,0.81
2002-12-15,0.13,27.04,75.55,26.18,1.05,0.79
2002-12-16,0.07,27.0,73.97,27.34,1.37,0.77
2002-12-17,0.01,26.61,79.72,25.21,1.48,0.76
2002-12-18,0.0,27.13,79.83,26.47,1.98,0.75
2002-12-19,0.0,27.1,80.28,24.28,1.94,0.74
2002-12-20,6.89,27.15,77.76,21.82,1.61,0.73
2002-12-21,2.8,27.01,80.12,22.05,1.6,0.73
2002-12-22,2.39,27.17,79.67,18.3,1.56,0.72
2002-12-23,2.7,27.03,81.17,20.37,1.59,0.71
2002-12-24,2.75,26.85,82.1,20.67,1.41,0.71
2002-12-25,1.85,26.9,81.8,19.93,1.73,0.71
2002-12-26,1.02,26.94,81.51,18.49,1.42,0.7
2002-12-27,0.21,27.1,82.34,21.36,1.52,0.69
2002-12-28,0.26,27.71,81.23,24.26,1.61,0.68
2002-12-29,1.26,27.76,80.57,22.37,1.46,0.67
2002-12-30,0.37,27.17,82.82,20.38,1.61,0.67
2002-12-31,0.17,26.33,83.76,16.83,2.02,0.66
2003-01-01,71.75,25.45,90.35,17.11,2.2,0.7
2003-01-02,17.26,25.68,85.51,23.86,1.67,0.78
2003-01-03,2.84,25.92,83.58,21.41,1.72,0.78
2003-01-04,6.8,26.6,83.35,22.76,1.45,0.77
2003-01-05,10.93,26.45,84.43,17.53,1.27,0.78
2003-01-06,0.65,27.14,77.52,20.94,1.2,0.77
2003-01-07,0.06,26.54,81.62,19.65,2.06,0.76
2003-01-08,2.58,26.03,84.34,19.87,2.63,0.76
2003-01-09,1.61,26.34,84.61,22.9,2.17,0.75
2003-01-10,0.21,26.03,86.9,20.99,1.63,0.75
2003-01-11,0.65,25.93,88.13,21.09,2.99,0.74
2003-01-12,12.93,26.04,90.86,18.49,3.15,0.75
2003-01-13,3.66,26.62,83.6,18.5,2.99,0.76
2003-01-14,0.31,26.88,82.97,21.41,3.07,0.74
2003-01-15,10.52,25.96,87.75,13.63,3.0,0.74
2003-01-16,46.77,25.43,88.03,14.54,2.6,0.78
2003-01-17,1.42,26.33,79.54,22.62,1.49,0.8
2003-01-18,0.0,26.73,80.69,24.08,2.46,0.79
2003-01-19,0.01,26.5,83.68,21.71,2.74,0.78
2003-01-20,2.44,26.6,84.11,20.72,2.91,0.77
2003-01-21,42.47,25.7,86.34,17.31,2.32,0.79
2003-01-22,9.73,25.36,84.75,18.9,1.47,0.83
2003-01-23,0.11,25.77,84.73,19.7,1.33,0.82
2003-01-24,7.72,26.47,81.8,23.59,1.76,0.82
2003-01-25,3.62,26.64,80.42,22.45,1.11,0.82
2003-01-26,0.2,26.24,80.52,17.04,0.86,0.82
2003-01-27,1.1,25.22,88.67,13.5,1.59,0.81
2003-01-28,5.58,25.81,81.62,21.83,1.74,0.81
2003-01-29,8.47,25.8,85.03,20.96,1.57,0.81
2003-01-30,6.08,26.22,83.78,19.2,1.31,0.81
2003-01-31,22.6,25.44,87.97,18.09,1.72,0.82
2003-02-01,7.65,25.89,86.65,17.23,1.26,0.84
2003-02-02,1.1,26.34,84.69,17.13,1.43,0.84
2003-02-03,1.06,26.31,84.0,22.6,1.08,0.84
2003-02-04,0.42,26.88,83.66,23.77,1.3,0.83
2003-02-05,5.05,26.76,84.32,23.31,1.4,0.82
2003-02-06,11.43,26.28,87.0,19.1,1.71,0.83
2003-02-07,5.64,25.85,86.36,21.84,1.57,0.83
2003-02-08,11.67,26.03,81.31,22.23,1.48,0.83
2003-02-09,2.52,26.45,81.75,20.33,1.04,0.84
2003-02-10,0.12,27.04,82.43,20.83,1.14,0.83
2003-02-11,28.71,26.26,87.61,18.2,1.76,0.84
2003-02-12,7.68,26.16,83.9,19.44,1.82,0.86
2003-02-13,50.26,25.81,84.35,15.86,1.81,0.87
2003-02-14,33.56,26.2,86.23,15.95,2.07,0.93
2003-02-15,11.26,25.51,87.17,18.7,3.12,0.92
2003-02-16,24.02,25.89,87.24,21.19,2.27,0.93
2003-02-17,17.52,26.05,88.0,11.38,2.56,0.94
2003-02-18,37.64,25.28,89.53,17.03,3.04,0.95
2003-02-19,100.01,25.27,90.83,12.92,3.14,0.99
2003-02-20,50.84,25.17,90.41,8.32,3.9,1.0
2003-02-21,27.53,25.02,90.27,13.36,3.58,1.0
2003-02-22,7.04,25.38,89.42,12.36,3.55,0.99
2003-02-23,5.51,25.7,87.51,16.19,3.65,0.98
2003-02-24,7.28,25.35,88.92,16.05,3.47,0.98
2003-02-25,3.12,26.01,87.6,16.29,3.16,0.97
2003-02-26,0.41,25.94,86.89,17.23,3.3,0.97
2003-02-27,1.74,26.25,85.91,17.58,2.95,0.96
2003-02-28,5.1,25.98,89.44,12.99,3.03,0.95
2003-03-01,2.37,25.97,90.65,13.8,2.92,0.95
2003-03-02,0.1,25.35,89.44,14.44,2.87,0.95
2003-03-03,1.6,25.04,90.31,9.01,2.56,0.94
2003-03-04,2.22,25.24,89.01,15.03,1.77,0.93
2003-03-05,17.57,25.35,87.68,17.11,1.6,0.94
2003-03-06,27.07,24.94,88.37,17.25,1.9,0.95
2003-03-07,33.74,24.59,89.97,17.41,2.67,0.97
2003-03-08,19.31,24.32,87.93,12.75,2.86,0.97
2003-03-09,17.36,24.88,89.15,9.78,3.38,0.97
2003-03-10,29.55,24.53,92.51,8.97,3.55,0.98
2003-03-11,23.77,24.92,89.77,12.88,2.62,0.99
2003-03-12,3.8,25.62,81.0,22.97,1.22,0.98
2003-03-13,0.0,25.69,78.33,25.61,1.19,0.97
2003-03-14,0.02,25.08,75.62,26.74,1.22,0.96
2003-03-15,0.05,25.26,65.49,27.18,0.96,0.95
2003-03-16,0.0,24.74,73.41,26.59,1.39,0.94
2003-03-17,0.0,25.05,72.68,26.38,1.1,0.93
2003-03-18,0.0,25.22,73.72,25.78,1.08,0.91
2003-03-19,0.0,25.88,78.58,24.15,1.0,0.9
2003-03-20,0.17,25.49,85.47,21.37,1.41,0.89
2003-03-21,3.81,25.14,86.65,22.02,2.36,0.89
2003-03-22,0.0,25.14,83.12,24.26,2.24,0.88
2003-03-23,0.0,25.27,82.47,23.56,1.79,0.87
2003-03-24,0.0,24.97,84.56,24.65,1.72,0.86
2003-03-25,0.01,24.69,81.03,25.86,1.92,0.85
2003-03-26,0.0,24.95,77.51,24.35,2.04,0.84
2003-03-27,0.0,25.44,79.67,25.48,2.1,0.82
2003-03-28,0.0,25.73,80.82,24.66,1.8,0.81
2003-03-29,0.01,25.84,83.67,22.4,1.97,0.79
2003-03-30,0.09,25.78,85.66,12.35,2.29,0.78
2003-03-31,40.24,25.54,93.13,5.14,3.4,0.8
2003-04-01,12.86,25.67,88.67,10.89,2.91,0.85
2003-04-02,21.74,25.36,88.17,19.6,2.21,0.85
2003-04-03,5.21,25.92,88.39,18.54,2.54,0.87
2003-04-04,0.09,25.54,84.21,23.06,2.17,0.85
2003-04-05,0.0,24.93,80.9,24.27,1.94,0.84
2003-04-06,0.0,24.57,83.17,24.83,1.94,0.83
2003-04-07,0.0,24.59,80.46,24.89,1.81,0.82
2003-04-08,0.0,24.92,82.9,21.42,1.77,0.8
2003-04-09,0.0,25.34,84.37,21.05,1.61,0.79
2003-04-10,0.0,25.06,85.01,21.3,1.95,0.78
2003-04-11,0.0,24.59,85.77,21.5,2.27,0.77
2003-04-12,0.0,25.1,84.49,21.6,1.97,0.76
2003-04-13,0.0,25.31,84.26,20.91,1.96,0.74
2003-04-14,0.0,25.42,84.52,19.14,1.79,0.73
2003-04-15,0.0,25.29,85.92,20.83,2.02,0.72
2003-04-16,0.12,25.44,85.46,19.6,2.28,0.71
2003-04-17,1.54,25.62,84.6,19.92,2.26,0.7
2003-04-18,0.44,25.54,82.79,21.07,2.02,0.69
2003-04-19,0.0,24.84,71.82,23.95,2.68,0.68
2003-04-20,0.0,25.39,80.51,18.08,2.79,0.67
2003-04-21,0.0,25.96,81.63,15.68,3.49,0.66
2003-04-22,0.0,25.76,77.77,22.02,2.8,0.65
2003-04-23,0.01,25.85,83.35,20.63,3.02,0.63
2003-04-24,0.01,25.85,80.55,22.86,2.89,0.62
2003-04-25,0.0,25.67,77.06,23.64,2.74,0.61
2003-04-26,0.0,25.24,75.8,22.59,2.26,0.6
2003-04-27,0.0,25.09,78.4,19.06,2.42,0.6
2003-04-28,0.01,25.34,79.07,14.73,2.54,0.59
2003-04-29,0.0,25.43,80.25,14.38,2.54,0.58
2003-04-30,0.0,25.57,79.65,21.92,2.38,0.58
2003-05-01,0.0,25.56,79.84,20.24,2.61,0.57
2003-05-02,0.0,26.2,78.09,17.34,2.85,0.56
2003-05-03,0.01,26.37,79.98,9.85,3.48,0.56
2003-05-04,0.0,26.84,76.25,16.43,3.58,0.55
2003-05-05,0.49,26.28,76.81,11.22,3.88,0.55
2003-05-06,1.2,26.3,81.69,10.77,4.12,0.54
2003-05-07,0.05,26.04,80.6,19.55,3.72,0.54
2003-05-08,0.07,26.03,77.42,15.08,3.68,0.53
2003-05-09,0.0,25.65,72.51,20.32,3.23,0.53
2003-05-10,0.0,25.07,73.08,18.62,2.69,0.53
2003-05-11,0.0,25.15,73.29,21.73,2.53,0.52
2003-05-12,0.0,24.73,71.38,22.85,2.26,0.52
2003-05-13,0.0,24.84,73.5,22.09,2.06,0.51
2003-05-14,0.0,24.69,71.92,21.46,1.74,0.51
2003-05-15,0.0,25.08,70.47,20.59,1.86,0.51
2003-05-16,0.0,25.41,70.39,18.74,1.81,0.5
2003-05-17,0.03,25.57,69.71,16.85,1.42,0.5
2003-05-18,0.01,25.74,71.4,19.78,1.62,0.5
2003-05-19,0.0,25.99,73.69,17.86,1.86,0.49
2003-05-20,0.0,26.15,74.59,19.28,2.13,0.49
2003-05-21,0.0,25.86,73.43,21.48,2.41,0.49
2003-05-22,0.0,25.44,77.77,18.64,2.4,0.48
2003-05-23,0.0,25.51,74.74,20.96,2.46,0.48
2003-05-24,0.0,25.57,73.98,15.67,2.34,0.48
2003-05-25,0.0,25.46,69.75,21.43,2.64,0.48
2003-05-26,0.0,25.37,65.04,20.64,3.21,0.47
2003-05-27,0.0,25.15,60.79,19.7,3.33,0.47
2003-05-28,0.0,23.95,60.9,19.24,2.95,0.47
2003-05-29,0.0,24.29,65.58,21.88,2.64,0.47
2003-05-30,0.0,25.08,75.3,17.59,3.25,0.47
2003-05-31,0.0,25.01,70.11,17.68,3.15,0.46
2003-06-01,0.0,25.18,73.67,18.07,2.96,0.46
2003-06-02,0.01,25.6,78.25,16.85,2.75,0.46
2003-06-03,0.0,25.67,78.82,18.4,3.23,0.46
2003-06-04,0.0,25.44,77.61,20.13,2.89,0.46
2003-06-05,0.0,25.32,76.95,19.89,2.35,0.46
2003-06-06,0.0,24.88,74.21,21.29,2.43,0.46
2003-06-07,0.0,24.74,64.32,21.59,2.84,0.45
2003-06-08,0.0,24.48,70.58,20.68,3.11,0.45
2003-06-09,0.21,25.33,73.68,15.56,3.63,0.45
2003-06-10,0.06,25.66,71.85,9.33,3.63,0.45
2003-06-11,0.01,25.43,72.02,19.24,3.07,0.45
2003-06-12,0.0,24.78,66.02,20.0,2.81,0.45
2003-06-13,0.61,24.71,68.82,10.22,2.88,0.45
2003-06-14,2.36,24.69,76.23,11.99,3.52,0.45
2003-06-15,9.48,24.68,79.79,8.54,3.99,0.45
2003-06-16,5.54,24.5,84.14,7.97,4.53,0.46
2003-06-17,5.81,24.88,84.19,9.17,4.3,0.47
2003-06-18,0.49,25.1,79.2,11.35,4.0,0.47
2003-06-19,0.09,24.57,76.32,15.46,3.79,0.47
2003-06-20,0.02,24.67,75.17,17.02,3.57,0.47
2003-06-21,0.0,24.66,75.64,16.6,3.6,0.47
2003-06-22,0.0,24.48,73.26,16.5,3.36,0.46
2003-06-23,0.0,24.14,74.2,20.34,3.07,0.46
2003-06-24,0.0,23.8,74.73,19.25,2.72,0.46
2003-06-25,0.0,23.57,70.55,20.85,2.16,0.46
2003-06-26,0.0,23.77,69.92,21.13,2.34,0.46
2003-06-27,0.0,23.5,69.46,21.41,2.32,0.45
2003-06-28,0.0,22.61,67.65,21.57,1.87,0.45
2003-06-29,0.0,22.53,66.12,21.47,1.66,0.45
2003-06-30,0.0,22.67,65.33,21.09,1.77,0.45
2003-07-01,0.0,22.69,68.06,21.06,2.1,0.45
2003-07-02,0.0,23.16,65.86,21.6,2.13,0.45
2003-07-03,0.0,23.4,69.56,21.38,2.19,0.44
2003-07-04,0.0,23.27,69.32,21.23,2.29,0.44
2003-07-05,0.01,23.67,76.55,9.77,2.9,0.44
2003-07-06,0.0,23.79,72.25,17.99,3.05,0.44
2003-07-07,0.0,23.52,77.15,17.63,2.65,0.44
2003-07-08,0.0,24.14,72.58,20.36,3.56,0.44
2003-07-09,0.0,24.17,72.12,18.86,3.42,0.44
2003-07-10,0.0,24.11,75.91,16.5,3.29,0.44
2003-07-11,0.0,23.46,72.09,21.52,2.64,0.44
2003-07-12,0.0,23.24,74.12,21.52,2.38,0.44
2003-07-13,0.0,23.59,72.33,21.23,2.33,0.43
2003-07-14,0.0,23.76,72.38,18.38,2.73,0.43
2003-07-15,0.0,23.72,67.0,19.9,2.68,0.43
2003-07-16,0.0,23.11,64.81,19.46,2.62,0.43
2003-07-17,0.0,23.33,72.51,19.1,2.75,0.43
2003-07-18,0.54,23.7,77.12,14.54,3.07,0.43
2003-07-19,0.01,23.91,71.23,17.73,3.5,0.43
2003-07-20,0.07,23.66,70.24,12.73,2.54,0.43
2003-07-21,0.54,24.58,79.24,13.46,3.49,0.43
2003-07-22,0.21,24.72,77.57,14.13,2.46,0.43
2003-07-23,0.03,24.73,77.44,19.64,2.66,0.43
2003-07-24,0.0,24.62,76.78,13.03,3.38,0.43
2003-07-25,0.03,24.75,73.76,14.4,3.3,0.43
2003-07-26,0.05,24.44,72.02,17.18,3.18,0.43
2003-07-27,0.0,23.8,70.06,21.76,2.63,0.43
2003-07-28,0.0,23.88,72.39,16.38,2.61,0.43
2003-07-29,0.0,24.13,74.19,17.94,2.57,0.43
2003-07-30,0.02,24.31,70.12,18.46,2.5,0.43
2003-07-31,0.02,23.63,71.55,18.57,2.73,0.43
2003-08-01,0.0,23.26,63.18,19.27,3.2,0.43
2003-08-02,0.0,23.16,66.16,17.68,3.47,0.43
2003-08-03,0.26,23.79,74.48,15.91,3.59,0.43
2003-08-04,0.03,23.87,70.76,18.18,2.92,0.43
2003-08-05,0.0,24.02,72.58,19.73,2.36,0.43
2003-08-06,0.0,24.37,74.88,17.64,2.65,0.43
2003-08-07,0.0,24.7,74.68,19.14,2.98,0.43
2003-08-08,0.0,24.2,72.24,21.92,2.62,0.43
2003-08-09,0.0,24.3,70.84,21.48,2.2,0.43
2003-08-10,0.0,24.32,70.08,19.24,2.39,0.43
2003-08-11,0.0,24.97,69.71,19.91,1.96,0.43
2003-08-12,0.0,24.76,71.38,18.46,2.03,0.43
2003-08-13,0.0,24.91,75.25,14.39,2.75,0.43
2003-08-14,0.08,25.38,74.39,15.39,2.71,0.43
2003-08-15,0.01,25.35,73.41,22.13,2.89,0.43
2003-08-16,0.0,24.83,74.96,22.89,3.32,0.43
2003-08-17,0.0,24.68,74.26,21.11,3.1,0.43
2003-08-18,0.0,24.38,72.86,23.11,2.39,0.43
2003-08-19,0.0,24.78,69.76,21.65,2.15,0.43
2003-08-20,0.0,25.03,71.28,20.77,2.38,0.43
2003-08-21,0.0,25.13,68.34,18.79,2.07,0.43
2003-08-22,0.0,24.39,72.54,18.89,1.89,0.43
2003-08-23,0.0,24.09,72.67,19.68,2.55,0.43
2003-08-24,0.0,23.79,70.48,18.78,2.39,0.43
2003-08-25,0.0,24.39,70.42,19.04,2.2,0.43
2003-08-26,0.0,24.79,71.63,20.75,2.55,0.43
2003-08-27,0.0,24.75,75.74,19.14,3.08,0.43
2003-08-28,0.0,24.7,73.67,19.49,3.59,0.43
2003-08-29,0.0,24.63,63.74,24.41,2.77,0.43
2003-08-30,0.0,24.33,68.4,23.48,2.58,0.42
2003-08-31,0.0,24.7,73.18,20.1,2.44,0.42
2003-09-01,0.0,25.23,73.36,21.12,2.7,0.42
2003-09-02,0.05,24.94,75.19,22.23,3.28,0.42
2003-09-03,0.01,24.9,72.73,20.8,3.21,0.42
2003-09-04,0.0,24.28,65.01,21.86,2.69,0.42
2003-09-05,0.0,23.56,59.02,25.27,2.44,0.42
2003-09-06,0.0,23.95,62.8,23.35,2.36,0.42
2003-09-07,0.0,24.52,72.95,20.72,2.58,0.42
2003-09-08,0.0,25.49,71.64,21.35,2.8,0.42
2003-09-09,0.0,25.63,69.46,22.74,2.85,0.42
2003-09-10,0.0,25.42,68.37,24.72,2.42,0.42
2003-09-11,0.0,25.18,72.87,23.24,2.52,0.42
2003-09-12,0.0,25.11,73.32,21.77,2.37,0.42
2003-09-13,0.0,25.39,72.55,22.43,2.01,0.42
2003-09-14,0.0,26.11,68.88,22.4,1.78,0.42
2003-09-15,0.0,26.34,68.82,22.29,1.76,0.42
2003-09-16,0.0,26.51,71.34,19.93,1.82,0.42
2003-09-17,0.0,26.61,68.18,23.18,1.7,0.42
2003-09-18,0.0,25.96,70.17,22.83,2.31,0.42
2003-09-19,0.0,26.05,68.86,23.96,2.53,0.42
2003-09-20,0.0,25.84,66.53,26.61,2.19,0.42
2003-09-21,0.0,25.96,67.08,26.31,2.17,0.42
2003-09-22,0.0,26.48,64.47,24.97,1.79,0.42
2003-09-23,0.14,26.15,67.9,22.3,1.53,0.42
2003-09-24,0.01,26.42,69.87,22.81,1.56,0.42
2003-09-25,0.0,26.67,67.88,24.58,1.91,0.42
2003-09-26,0.0,27.22,65.52,26.43,2.29,0.42
2003-09-27,0.0,27.66,64.43,24.29,1.89,0.42
2003-09-28,0.0,26.96,64.15,23.7,2.15,0.42
2003-09-29,0.0,26.17,71.64,23.47,2.71,0.42
2003-09-30,0.0,27.13,65.13,22.6,2.37,0.42
2003-10-01,0.0,26.94,67.87,21.97,2.38,0.42
2003-10-02,0.0,27.14,67.99,24.92,2.12,0.42
2003-10-03,0.0,27.55,62.9,26.97,1.99,0.42
2003-10-04,0.0,27.96,65.49,25.5,1.71,0.42
2003-10-05,0.0,27.6,70.46,19.86,1.93,0.42
2003-10-06,6.72,26.79,73.82,15.08,2.2,0.43
2003-10-07,12.11,25.81,81.92,16.44,2.04,0.45
2003-10-08,0.91,26.49,74.72,23.37,2.06,0.46
2003-10-09,0.0,26.75,71.24,25.6,2.44,0.45
2003-10-10,0.0,26.19,67.7,27.06,2.04,0.45
2003-10-11,0.0,26.27,65.07,25.03,2.01,0.45
2003-10-12,0.0,26.27,62.77,26.85,2.43,0.44
2003-10-13,0.0,26.55,65.42,24.98,2.09,0.44
2003-10-14,0.0,26.69,66.53,26.03,2.08,0.44
2003-10-15,0.0,26.79,67.05,25.03,2.12,0.44
2003-10-16,0.0,26.99,68.5,25.37,1.85,0.44
2003-10-17,0.0,27.55,63.69,19.44,1.43,0.43
2003-10-18,0.0,27.47,64.66,25.39,1.98,0.43
2003-10-19,0.0,27.41,62.42,27.33,1.83,0.43
2003-10-20,0.0,28.38,57.39,26.61,1.45,0.43
2003-10-21,0.0,28.54,57.03,24.93,2.11,0.43
2003-10-22,0.0,29.23,56.02,24.62,1.82,0.43
2003-10-23,0.0,28.85,60.44,25.11,1.55,0.43
2003-10-24,0.0,28.31,64.52,25.53,1.54,0.43
2003-10-25,0.0,28.0,62.14,27.8,1.67,0.43
2003-10-26,0.0,27.49,61.06,27.38,1.87,0.43
2003-10-27,0.0,27.44,68.58,24.8,2.24,0.43
2003-10-28,0.0,26.53,76.19,23.78,2.77,0.43
2003-10-29,0.0,27.78,68.77,22.09,1.87,0.43
2003-10-30,0.0,27.67,70.37,21.4,2.44,0.43
2003-10-31,0.0,27.31,70.93,21.83,2.31,0.43
2003-11-01,0.27,27.59,68.03,26.31,1.94,0.43
2003-11-02,0.01,28.02,61.4,27.83,1.44,0.43
2003-11-03,0.0,28.09,66.55,27.58,1.83,0.43
2003-11-04,0.0,28.67,60.04,25.21,2.03,0.43
2003-11-05,0.0,28.46,64.49,26.99,2.09,0.42
2003-11-06,0.0,28.68,62.39,26.67,2.6,0.42
2003-11-07,0.0,28.12,67.93,24.08,1.99,0.42
2003-11-08,0.09,28.95,64.29,22.8,1.57,0.42
2003-11-09,5.81,28.96,65.32,21.05,1.79,0.43
2003-11-10,14.87,27.35,72.04,22.15,2.0,0.45
2003-11-11,12.37,27.39,73.48,24.12,2.1,0.48
2003-11-12,18.3,27.2,77.11,21.96,2.24,0.49
2003-11-13,11.21,27.08,78.64,23.04,2.5,0.52
2003-11-14,1.96,27.61,74.77,22.27,2.54,0.52
2003-11-15,0.01,27.84,72.42,22.7,2.41,0.51
2003-11-16,8.91,26.9,77.39,22.67,2.53,0.51
2003-11-17,13.01,26.78,80.44,22.88,1.88,0.54
2003-11-18,5.37,27.33,75.87,22.4,1.87,0.54
2003-11-19,3.96,26.95,78.18,23.41,2.17,0.54
2003-11-20,0.06,27.51,71.37,24.45,2.09,0.54
2003-11-21,4.09,27.48,71.74,25.39,2.02,0.53
2003-11-22,2.75,27.44,72.32,23.61,1.85,0.54
2003-11-23,0.14,27.38,69.89,24.37,2.21,0.53
2003-11-24,2.57,27.56,70.48,21.01,1.76,0.53
2003-11-25,9.31,27.82,72.39,23.24,1.22,0.53
2003-11-26,6.58,27.59,74.15,23.21,1.32,0.54
2003-11-27,2.14,27.1,75.23,23.78,1.44,0.54
2003-11-28,0.0,27.16,71.77,26.5,2.5,0.54
2003-11-29,0.0,27.53,73.66,24.49,3.01,0.53
2003-11-30,0.13,27.45,74.7,21.83,3.01,0.53
2003-12-01,0.07,27.83,70.43,23.9,2.7,0.52
2003-12-02,0.08,28.07,66.65,23.79,1.44,0.52
2003-12-03,0.84,28.25,70.57,22.23,1.59,0.51
2003-12-04,0.54,28.21,70.15,24.25,1.79,0.51
2003-12-05,0.14,28.04,68.47,23.86,2.01,0.51
2003-12-06,0.18,28.45,65.89,22.21,1.67,0.5
2003-12-07,4.06,28.62,70.34,19.21,1.5,0.5
2003-12-08,1.46,27.91,76.86,19.95,1.62,0.5
2003-12-09,2.78,28.14,74.7,22.49,1.19,0.5
2003-12-10,8.89,27.54,79.08,21.7,1.28,0.51
2003-12-11,2.63,28.81,69.35,22.05,1.32,0.52
2003-12-12,3.93,28.52,70.78,23.91,1.39,0.52
2003-12-13,15.18,27.8,75.65,22.29,1.46,0.53
2003-12-14,15.15,26.62,83.75,15.36,1.25,0.56
2003-12-15,3.12,27.1,80.81,22.38,1.43,0.56
2003-12-16,7.99,26.53,84.23,21.06,1.3,0.56
2003-12-17,11.11,27.0,81.84,18.06,1.25,0.58
2003-12-18,34.24,27.06,83.55,20.08,1.68,0.61
2003-12-19,67.51,25.79,88.24,15.43,3.06,0.69
2003-12-20,93.92,25.58,91.38,10.8,3.24,0.82
2003-12-21,95.04,25.26,92.08,11.54,4.35,0.9
2003-12-22,13.53,25.77,87.9,14.37,4.24,0.92
2003-12-23,5.36,26.05,87.48,13.08,4.17,0.9
2003-12-24,46.45,26.02,87.82,17.87,4.18,0.91
2003-12-25,29.59,26.17,85.35,20.11,3.61,0.94
2003-12-26,27.71,25.75,88.26,21.88,3.22,0.95
2003-12-27,6.79,25.7,85.01,21.96,2.6,0.95
2003-12-28,42.08,25.39,89.11,11.99,2.11,0.95
2003-12-29,2.29,25.1,90.26,16.42,2.02,0.96
2003-12-30,2.13,25.1,87.77,12.57,2.44,0.96
2003-12-31,3.02,25.61,85.91,14.47,3.14,0.95
2004-01-01,2.4,25.39,86.84,17.38,3.34,0.94
2004-01-02,0.66,26.15,84.16,21.27,2.49,0.93
2004-01-03,3.6,26.19,83.97,17.52,1.92,0.93
2004-01-04,1.18,25.5,86.2,19.68,1.77,0.92
2004-01-05,0.04,25.83,83.47,23.83,1.93,0.91
2004-01-06,0.11,25.84,84.61,21.33,2.74,0.9
2004-01-07,8.01,25.86,84.86,18.45,2.72,0.9
2004-01-08,4.75,25.67,87.75,19.88,2.16,0.9
2004-01-09,4.93,25.47,88.58,16.25,2.48,0.9
2004-01-10,0.21,25.62,87.91,20.11,2.56,0.89
2004-01-11,0.17,25.58,85.81,20.38,2.27,0.88
2004-01-12,0.31,25.7,85.48,22.98,2.72,0.88
2004-01-13,0.09,26.04,81.94,24.12,2.13,0.87
2004-01-14,0.07,25.94,82.21,25.2,2.44,0.86
2004-01-15,0.18,26.51,81.89,26.08,2.13,0.85
2004-01-16,0.1,26.59,82.11,24.91,2.15,0.84
2004-01-17,0.0,26.52,81.45,24.42,1.59,0.82
2004-01-18,0.3,26.25,79.97,23.08,1.2,0.81
2004-01-19,1.6,26.06,76.73,23.39,1.28,0.8
2004-01-20,11.13,26.21,80.66,23.88,1.32,0.79
2004-01-21,13.19,26.34,80.43,21.35,1.31,0.81
2004-01-22,6.6,26.42,82.34,21.37,1.58,0.8
2004-01-23,15.1,26.54,81.69,22.9,1.19,0.81
2004-01-24,2.92,26.57,81.42,24.43,1.28,0.81
2004-01-25,11.61,26.61,82.22,22.04,1.41,0.81
2004-01-26,2.57,26.4,83.55,21.25,1.47,0.81
2004-01-27,2.7,26.31,85.28,20.21,1.66,0.8
2004-01-28,1.21,26.82,80.65,20.73,1.0,0.79
2004-01-29,0.36,26.69,83.98,19.97,0.97,0.78
2004-01-30,0.21,26.87,83.58,20.62,0.97,0.78
2004-01-31,3.48,26.71,84.59,17.01,1.35,0.77
2004-02-01,10.41,26.55,85.97,17.72,2.31,0.77
2004-02-02,26.0,25.37,88.62,18.27,3.43,0.79
2004-02-03,20.38,25.33,90.3,18.32,2.96,0.83
2004-02-04,17.12,24.71,90.5,10.42,3.04,0.84
2004-02-05,25.67,24.91,89.21,13.82,3.37,0.86
2004-02-06,21.5,25.36,89.8,14.21,3.6,0.89
2004-02-07,20.43,25.53,87.94,18.13,4.04,0.89
2004-02-08,13.64,25.14,89.63,12.22,3.95,0.9
2004-02-09,5.15,25.51,84.93,20.25,3.75,0.9
2004-02-10,9.69,25.54,85.46,21.38,4.04,0.89
2004-02-11,0.94,25.61,83.99,17.92,3.81,0.88
2004-02-12,5.31,26.04,84.14,22.22,3.28,0.87
2004-02-13,27.81,25.74,89.23,11.33,3.83,0.88
2004-02-14,10.26,25.81,88.46,19.72,3.47,0.9
2004-02-15,7.47,25.93,90.69,12.05,2.11,0.89
2004-02-16,30.29,25.09,91.55,13.0,1.62,0.9
2004-02-17,41.74,24.75,93.62,11.19,2.35,0.94
2004-02-18,25.87,24.98,91.07,17.84,2.16,0.96
2004-02-19,2.5,25.68,87.39,22.56,1.52,0.95
2004-02-20,0.66,25.74,88.82,19.98,1.88,0.94
2004-02-21,14.33,25.77,88.83,17.61,1.69,0.94
2004-02-22,1.97,25.77,87.03,22.78,2.57,0.94
2004-02-23,5.26,26.15,85.38,20.53,2.22,0.93
2004-02-24,1.02,25.95,85.72,20.42,1.96,0.93
2004-02-25,10.39,25.89,85.89,17.66,2.1,0.92
2004-02-26,4.41,25.82,88.39,18.2,1.98,0.92
2004-02-27,1.19,26.38,81.35,20.55,1.45,0.92
2004-02-28,0.2,26.41,83.97,19.37,1.41,0.91
2004-02-29,1.62,26.19,84.48,14.59,0.83,0.91
2004-03-01,2.06,25.64,88.33,16.46,1.72,0.9
2004-03-02,3.27,25.66,89.8,17.19,1.73,0.9
2004-03-03,23.45,25.27,92.6,17.4,2.23,0.91
2004-03-04,5.3,25.67,87.5,19.1,2.31,0.92
2004-03-05,0.18,26.08,84.06,17.49,1.79,0.91
2004-03-06,0.19,26.33,84.94,18.98,1.74,0.9
2004-03-07,0.12,26.76,83.44,19.98,1.16,0.89
2004-03-08,24.96,25.93,88.65,18.48,1.28,0.9
2004-03-09,7.5,26.35,85.31,22.19,1.82,0.91
2004-03-10,24.78,25.98,87.79,20.9,1.83,0.91
2004-03-11,43.93,26.11,86.88,17.63,1.65,0.94
2004-03-12,28.51,26.27,86.75,19.78,1.87,0.96
2004-03-13,0.8,26.39,85.38,17.57,1.38,0.95
2004-03-14,11.11,25.31,90.39,10.9,1.85,0.95
2004-03-15,18.09,24.64,91.67,8.99,2.38,0.96
2004-03-16,6.96,24.85,92.43,8.47,2.66,0.96
2004-03-17,2.44,25.05,91.01,6.2,3.65,0.96
2004-03-18,1.27,25.69,88.12,10.51,5.29,0.95
2004-03-19,1.91,25.02,89.1,9.89,6.76,0.94
2004-03-20,5.15,26.1,86.31,12.23,6.16,0.93
2004-03-21,2.18,26.33,84.82,15.99,4.7,0.92
2004-03-22,0.53,26.21,84.11,17.03,3.53,0.91
2004-03-23,2.01,25.98,85.18,19.23,2.74,0.9
2004-03-24,0.4,25.71,86.68,18.66,2.55,0.89
2004-03-25,0.03,26.08,82.07,23.59,2.26,0.88
2004-03-26,0.0,26.37,79.99,23.21,1.08,0.87
2004-03-27,0.0,26.43,75.31,25.06,0.95,0.86
2004-03-28,0.0,26.5,78.87,24.47,1.05,0.85
2004-03-29,2.78,26.12,83.25,20.69,1.4,0.84
2004-03-30,0.4,25.48,85.6,23.2,1.51,0.83
2004-03-31,0.0,25.15,84.79,25.22,1.55,0.82
2004-04-01,0.0,25.0,84.12,22.59,1.7,0.81
2004-04-02,0.0,24.94,85.56,21.31,1.53,0.8
2004-04-03,0.04,25.12,83.87,21.45,1.77,0.79
2004-04-04,0.14,25.39,81.97,24.76,1.83,0.77
2004-04-05,0.06,25.68,80.98,19.1,2.0,0.76
2004-04-06,0.02,25.6,85.12,23.24,1.73,0.75
2004-04-07,0.07,25.78,83.68,23.13,1.78,0.74
2004-04-08,0.01,25.31,81.94,22.53,1.77,0.73
2004-04-09,0.22,25.39,81.86,20.74,1.97,0.72
2004-04-10,0.06,25.59,81.67,19.68,2.38,0.71
2004-04-11,0.0,25.78,80.64,20.42,2.72,0.7
2004-04-12,0.03,25.71,82.41,21.76,2.69,0.68
2004-04-13,0.05,25.59,83.28,22.5,2.47,0.67
2004-04-14,0.01,25.47,83.34,20.42,2.61,0.66
2004-04-15,0.01,25.5,84.11,19.97,2.82,0.65
2004-04-16,0.01,25.42,77.54,21.79,2.58,0.64
2004-04-17,0.02,24.85,75.92,22.47,2.2,0.63
2004-04-18,0.0,24.94,73.29,24.17,2.1,0.62
2004-04-19,0.0,25.45,75.92,21.37,2.16,0.61
2004-04-20,0.05,25.79,77.44,23.15,2.1,0.6
2004-04-21,0.02,25.63,77.68,23.09,2.06,0.59
2004-04-22,0.0,25.6,78.54,22.49,2.16,0.58
2004-04-23,0.0,26.27,77.28,22.09,2.95,0.58
2004-04-24,0.0,26.35,76.1,20.47,3.09,0.57
2004-04-25,0.0,25.99,72.28,22.88,2.93,0.56
2004-04-26,0.0,26.05,72.67,20.49,2.46,0.55
2004-04-27,0.02,26.39,73.54,21.26,2.37,0.55
2004-04-28,0.03,26.16,76.87,20.64,2.33,0.54
2004-04-29,0.22,26.6,73.45,20.48,2.14,0.54
2004-04-30,0.03,26.66,76.26,19.65,2.54,0.53
2004-05-01,0.06,26.34,75.02,14.36,2.98,0.53
2004-05-02,0.0,26.05,64.92,20.13,3.04,0.52
2004-05-03,0.0,25.72,70.91,14.42,2.81,0.52
2004-05-04,0.0,25.78,73.06,19.31,2.58,0.52
2004-05-05,0.01,26.4,78.64,20.17,2.45,0.51
2004-05-06,0.05,27.3,80.6,16.14,2.76,0.51
2004-05-07,0.09,26.75,83.67,16.22,3.3,0.51
2004-05-08,0.66,26.64,82.22,14.62,3.05,0.5
2004-05-09,0.11,26.37,77.04,20.03,2.27,0.5
2004-05-10,0.0,26.24,74.61,19.37,1.74,0.5
2004-05-11,0.0,25.51,76.74,19.45,1.89,0.49
2004-05-12,0.0,25.46,69.05,20.32,1.8,0.49
2004-05-13,0.0,25.36,67.66,21.8,2.1,0.49
2004-05-14,0.0,25.43,68.28,20.16,2.07,0.49
2004-05-15,0.0,25.92,70.48,20.02,2.05,0.48
2004-05-16,0.0,26.5,73.75,20.15,1.96,0.48
2004-05-17,0.0,26.68,75.64,19.61,1.95,0.48
2004-05-18,0.11,26.41,77.25,18.25,2.52,0.48
2004-05-19,0.13,26.53,79.64,14.12,2.54,0.47
2004-05-20,3.84,26.46,83.14,13.9,3.06,0.48
2004-05-21,0.57,26.63,80.04,18.26,2.66,0.48
2004-05-22,0.02,26.96,74.71,20.25,2.61,0.47
2004-05-23,0.0,27.1,72.89,19.19,2.09,0.47
2004-05-24,0.0,26.55,76.26,19.52,2.02,0.47
2004-05-25,0.0,26.22,76.78,18.39,2.28,0.47
2004-05-26,0.17,25.87,78.83,16.69,2.14,0.47
2004-05-27,0.6,25.03,83.08,8.9,2.6,0.47
2004-05-28,1.41,24.82,85.0,15.9,2.08,0.47
2004-05-29,54.77,24.12,90.27,13.05,2.87,0.51
2004-05-30,8.29,24.44,87.85,13.44,3.15,0.58
2004-05-31,0.05,24.97,83.21,13.94,2.24,0.57
2004-06-01,0.03,25.35,80.49,16.23,1.61,0.57
2004-06-02,0.01,24.79,80.44,15.15,1.64,0.56
2004-06-03,0.01,24.67,83.42,14.15,1.54,0.56
2004-06-04,0.02,25.04,83.03,16.22,2.85,0.55
2004-06-05,0.04,25.37,81.05,12.72,3.56,0.55
2004-06-06,0.0,25.01,80.17,12.72,3.62,0.54
2004-06-07,0.0,24.71,76.67,14.28,3.65,0.54
2004-06-08,0.0,24.72,77.39,16.16,3.6,0.53
2004-06-09,0.0,24.9,75.23,16.09,3.25,0.53
2004-06-10,0.0,24.5,74.58,17.14,3.09,0.53
2004-06-11,0.0,24.16,70.86,18.46,3.84,0.52
2004-06-12,0.0,23.97,66.72,21.31,3.33,0.52
2004-06-13,0.0,23.58,64.21,18.86,3.29,0.51
2004-06-14,0.01,24.3,71.44,16.25,3.48,0.51
2004-06-15,0.0,24.51,59.63,18.33,3.53,0.51
2004-06-16,0.0,23.89,61.85,18.42,3.79,0.5
2004-06-17,0.0,23.87,70.89,16.74,3.25,0.5
2004-06-18,0.0,23.5,71.69,15.63,2.87,0.5
2004-06-19,0.0,22.67,70.77,17.89,2.52,0.5
2004-06-20,0.0,22.45,69.32,19.12,2.85,0.49
2004-06-21,0.0,23.4,65.97,16.33,3.57,0.49
2004-06-22,0.0,22.31,71.51,15.03,3.11,0.49
2004-06-23,0.0,22.37,68.89,18.36,2.98,0.49
2004-06-24,0.0,22.91,68.92,17.32,2.96,0.48
2004-06-25,0.0,22.88,70.13,14.98,2.85,0.48
2004-06-26,0.0,23.42,64.1,16.11,3.27,0.48
2004-06-27,0.0,23.54,59.17,16.67,3.34,0.48
2004-06-28,0.0,22.48,68.46,15.9,2.75,0.47
2004-06-29,0.0,22.68,75.54,16.08,2.65,0.47
2004-06-30,0.0,22.96,76.71,15.82,2.81,0.47
2004-07-01,0.0,23.89,76.13,16.71,2.93,0.47
2004-07-02,0.0,24.75,76.86,16.85,2.73,0.47
2004-07-03,0.21,24.59,81.29,16.41,2.83,0.47
2004-07-04,0.0,24.51,77.52,19.84,2.93,0.47
2004-07-05,0.0,24.12,79.36,18.21,3.14,0.46
2004-07-06,0.0,23.74,76.55,18.28,3.4,0.46
2004-07-07,0.0,23.96,76.78,13.82,3.43,0.46
2004-07-08,0.0,23.8,76.2,18.58,3.09,0.46
2004-07-09,0.0,23.59,68.75,21.34,2.88,0.46
2004-07-10,0.0,22.96,69.14,17.04,2.58,0.46
2004-07-11,0.0,23.49,74.32,15.08,2.69,0.45
2004-07-12,0.0,23.76,80.14,12.03,3.38,0.45
2004-07-13,0.02,23.56,73.6,18.99,3.78,0.45
2004-07-14,0.01,23.64,77.72,13.76,3.98,0.45
2004-07-15,0.0,23.84,75.0,16.39,4.16,0.45
2004-07-16,0.0,23.49,70.72,18.68,3.73,0.45
2004-07-17,0.0,23.53,69.76,13.44,3.95,0.45
2004-07-18,0.0,23.47,67.33,16.34,4.53,0.45
2004-07-19,0.0,23.08,66.34,15.39,4.16,0.44
2004-07-20,0.0,22.67,68.62,15.18,4.06,0.44
2004-07-21,0.0,22.72,67.8,16.04,4.12,0.44
2004-07-22,0.0,22.98,69.22,17.7,3.79,0.44
2004-07-23,0.0,22.87,69.58,20.13,3.4,0.44
2004-07-24,0.0,22.65,70.89,18.37,3.3,0.44
2004-07-25,0.0,21.91,72.43,18.92,2.83,0.44
2004-07-26,0.02,22.48,75.33,17.99,3.08,0.44
2004-07-27,0.05,22.87,77.06,18.77,2.95,0.44
2004-07-28,0.0,22.57,74.43,18.86,2.81,0.44
2004-07-29,0.0,22.46,74.63,21.09,2.57,0.43
2004-07-30,0.0,22.69,74.38,21.61,2.35,0.43
2004-07-31,0.0,22.82,72.21,21.62,2.09,0.43
2004-08-01,0.0,22.61,70.9,21.4,1.66,0.43
2004-08-02,0.0,23.01,71.33,22.89,1.61,0.43
2004-08-03,0.0,22.86,70.18,21.48,1.5,0.43
2004-08-04,0.0,23.68,61.87,20.49,1.51,0.43
2004-08-05,0.0,23.91,68.84,22.61,2.04,0.43
2004-08-06,0.0,23.87,71.9,22.46,2.06,0.43
2004-08-07,0.0,23.88,74.11,13.55,2.28,0.43
2004-08-08,0.03,23.43,74.32,17.79,2.17,0.43
2004-08-09,0.0,23.47,67.62,23.27,1.97,0.43
2004-08-10,0.0,23.7,68.49,22.77,2.28,0.43
2004-08-11,0.01,23.56,74.4,19.01,3.0,0.43
2004-08-12,0.0,23.38,71.17,21.67,3.37,0.43
2004-08-13,0.0,23.1,65.82,22.26,2.95,0.43
2004-08-14,0.0,22.58,65.46,23.21,2.23,0.43
2004-08-15,0.0,22.28,70.82,22.16,1.69,0.43
2004-08-16,0.11,22.79,69.83,22.97,2.15,0.43
2004-08-17,0.0,23.15,68.8,22.58,2.1,0.43
2004-08-18,0.0,23.13,72.62,23.96,2.57,0.43
2004-08-19,0.0,23.07,70.49,23.37,2.76,0.43
2004-08-20,0.0,23.25,69.5,24.05,3.13,0.43
2004-08-21,0.0,22.92,64.64,24.31,2.9,0.43
2004-08-22,0.0,22.71,64.8,24.5,2.89,0.43
2004-08-23,0.0,22.96,71.32,24.37,2.82,0.43
2004-08-24,0.0,23.73,72.62,23.89,2.87,0.43
2004-08-25,0.0,23.72,71.96,22.98,2.82,0.43
2004-08-26,0.0,23.55,72.17,22.64,2.89,0.43
2004-08-27,0.0,24.26,70.96,22.54,2.78,0.43
2004-08-28,0.0,24.33,68.44,24.0,2.56,0.43
2004-08-29,0.0,24.58,71.06,20.58,2.36,0.42
2004-08-30,0.0,24.71,72.2,19.3,2.24,0.42
2004-08-31,0.0,23.95,73.09,18.79,1.96,0.42
2004-09-01,0.0,24.36,65.47,23.79,2.21,0.42
2004-09-02,0.0,24.6,72.4,22.03,2.78,0.42
2004-09-03,0.0,24.62,74.74,21.01,3.37,0.42
2004-09-04,0.0,24.08,71.18,24.51,3.14,0.42
2004-09-05,0.0,24.07,62.42,25.34,2.66,0.42
2004-09-06,0.0,23.59,64.19,25.47,2.2,0.42
2004-09-07,0.0,23.84,64.8,25.21,1.81,0.42
2004-09-08,0.0,23.98,70.49,24.68,1.66,0.42
2004-09-09,0.0,25.1,63.51,23.22,2.0,0.42
2004-09-10,0.34,25.27,68.15,24.15,2.18,0.42
2004-09-11,0.08,25.12,74.43,21.55,2.74,0.42
2004-09-12,0.12,24.93,76.23,22.37,3.34,0.42
2004-09-13,0.0,24.53,71.72,25.68,3.58,0.42
2004-09-14,0.0,24.46,62.6,23.63,3.5,0.42
2004-09-15,0.0,23.91,67.47,24.3,3.14,0.42
2004-09-16,0.0,24.61,72.14,19.94,2.88,0.42
2004-09-17,0.0,25.33,72.21,25.02,3.25,0.42
2004-09-18,0.0,25.41,69.9,25.9,3.01,0.42
2004-09-19,0.0,24.77,74.47,25.44,2.85,0.42
2004-09-20,0.0,24.61,71.41,25.32,2.8,0.42
2004-09-21,0.0,24.57,70.86,25.41,2.95,0.42
2004-09-22,0.0,24.39,73.23,25.5,2.78,0.42
2004-09-23,0.0,24.66,69.51,26.23,2.95,0.42
2004-09-24,0.0,24.36,71.15,25.46,2.85,0.42
2004-09-25,0.0,24.29,69.55,26.39,2.69,0.42
2004-09-26,0.0,25.27,67.06,25.2,2.64,0.42
2004-09-27,0.0,25.64,65.27,25.04,2.61,0.42
2004-09-28,0.0,25.58,66.44,25.85,2.6,0.42
2004-09-29,0.0,25.78,67.68,25.26,2.76,0.42
2004-09-30,0.0,25.21,73.99,24.95,2.31,0.42
2004-10-01,0.0,25.76,71.11,23.58,1.8,0.42
2004-10-02,0.0,26.18,72.09,23.63,1.75,0.42
2004-10-03,0.0,25.98,70.75,24.17,1.77,0.42
2004-10-04,0.0,25.73,69.3,26.04,1.72,0.42
2004-10-05,0.0,26.49,65.44,26.33,1.47,0.42
2004-10-06,0.0,26.78,66.78,25.74,1.28,0.42
2004-10-07,0.0,26.86,66.38,26.1,1.67,0.42
2004-10-08,0.0,27.26,59.78,25.79,2.11,0.42
2004-10-09,0.0,27.13,63.14,26.72,2.11,0.42
2004-10-10,0.0,27.13,51.98,26.57,1.95,0.42
2004-10-11,0.0,27.89,49.81,26.64,1.59,0.42
2004-10-12,0.0,26.83,60.92,25.8,1.65,0.42
2004-10-13,0.0,26.74,58.73,24.73,2.07,0.42
2004-10-14,0.0,27.31,58.67,25.22,1.65,0.42
2004-10-15,0.0,27.52,59.36,25.13,1.76,0.42
2004-10-16,0.0,27.31,64.99,20.58,2.04,0.42
2004-10-17,8.53,26.08,77.11,13.88,1.7,0.43
2004-10-18,0.7,26.08,69.66,22.31,2.6,0.44
2004-10-19,0.0,27.28,69.95,23.63,2.54,0.44
2004-10-20,0.0,27.44,70.07,22.86,2.3,0.43
2004-10-21,0.0,27.52,63.28,24.87,2.29,0.43
2004-10-22,0.0,27.86,65.04,24.01,2.23,0.43
2004-10-23,0.0,27.96,64.5,25.78,1.93,0.43
2004-10-24,0.0,27.45,65.11,24.06,2.23,0.43
2004-10-25,0.0,27.8,64.56,21.54,2.1,0.43
2004-10-26,0.0,27.46,66.85,26.87,2.52,0.43
2004-10-27,0.02,27.83,64.32,26.76,2.3,0.43
2004-10-28,2.47,27.28,73.47,20.06,2.86,0.43
2004-10-29,0.38,27.77,70.18,26.42,2.81,0.43
2004-10-30,0.0,27.95,64.45,25.75,2.38,0.43
2004-10-31,0.0,28.29,62.45,26.08,2.39,0.43
2004-11-01,0.0,27.53,66.18,27.35,2.71,0.43
2004-11-02,0.0,27.38,64.28,27.48,2.56,0.43
2004-11-03,0.0,27.4,65.54,26.81,2.47,0.43
2004-11-04,0.0,28.01,60.46,27.09,2.11,0.43
2004-11-05,0.0,28.83,54.66,27.62,1.79,0.43
2004-11-06,0.0,28.87,63.31,24.32,1.76,0.43
2004-11-07,0.26,28.17,66.98,21.12,2.3,0.43
2004-11-08,0.19,28.32,66.01,24.35,2.61,0.43
2004-11-09,0.82,28.31,65.72,25.04,2.23,0.43
2004-11-10,0.06,28.29,66.91,23.96,1.81,0.43
2004-11-11,0.01,28.77,63.48,25.54,1.88,0.43
2004-11-12,0.0,28.63,66.94,24.76,1.61,0.43
2004-11-13,0.0,29.29,61.14,27.52,1.77,0.43
2004-11-14,0.0,29.56,56.58,27.16,1.71,0.43
2004-11-15,5.43,28.83,64.26,24.92,1.62,0.43
2004-11-16,2.72,28.23,64.74,26.33,1.63,0.44
2004-11-17,0.0,29.06,60.63,27.3,1.82,0.44
2004-11-18,0.0,28.32,67.77,25.69,1.75,0.43
2004-11-19,0.0,28.72,66.12,27.0,2.13,0.43
2004-11-20,0.0,28.44,63.65,27.02,2.3,0.43
2004-11-21,0.0,27.59,73.47,23.08,2.42,0.43
2004-11-22,4.32,27.28,75.58,21.36,2.31,0.43
2004-11-23,2.01,27.47,72.47,19.86,1.56,0.44
2004-11-24,4.68,27.79,71.26,17.49,1.13,0.44
2004-11-25,48.99,26.41,82.54,19.5,1.26,0.49
2004-11-26,22.67,25.99,85.99,18.53,1.75,0.57
2004-11-27,1.99,26.78,80.68,20.42,2.24,0.57
2004-11-28,0.42,26.49,82.69,15.36,2.86,0.56
2004-11-29,7.75,26.77,76.49,22.36,2.12,0.57
2004-11-30,6.35,26.69,76.57,21.31,2.12,0.57
2004-12-01,2.85,26.99,71.94,24.12,1.62,0.57
2004-12-02,0.46,27.21,70.2,26.15,1.93,0.56
2004-12-03,0.0,27.82,65.8,25.64,2.14,0.55
2004-12-04,0.0,27.13,69.14,27.07,2.09,0.54
2004-12-05,1.3,27.96,64.94,26.28,1.55,0.54
2004-12-06,3.52,27.8,68.34,23.35,1.29,0.54
2004-12-07,0.86,27.78,71.94,24.59,1.63,0.54
2004-12-08,0.0,28.28,70.48,21.99,2.11,0.53
2004-12-09,0.16,27.91,72.21,22.02,2.43,0.53
2004-12-10,0.08,28.54,69.93,23.59,2.25,0.52
2004-12-11,2.89,28.42,71.52,24.04,1.93,0.52
2004-12-12,10.87,27.58,79.41,23.57,1.66,0.53
2004-12-13,32.1,27.33,78.19,23.32,1.52,0.56
2004-12-14,8.88,27.62,75.74,23.49,1.35,0.6
2004-12-15,8.12,27.58,78.74,22.72,1.34,0.59
2004-12-16,2.27,26.87,81.68,23.82,1.56,0.6
2004-12-17,0.08,27.69,72.2,25.47,1.59,0.59
2004-12-18,0.0,27.51,76.06,23.46,1.56,0.58
2004-12-19,4.97,27.47,76.69,25.97,1.74,0.57
2004-12-20,2.25,26.83,84.25,22.42,1.96,0.58
2004-12-21,16.79,27.4,79.37,18.76,2.1,0.58
2004-12-22,12.92,27.08,83.09,17.88,1.04,0.62
2004-12-23,0.25,26.51,79.06,19.27,0.9,0.61
2004-12-24,25.62,26.98,79.88,17.63,1.2,0.63
2004-12-25,28.4,26.49,81.32,18.95,0.91,0.68
2004-12-26,11.14,26.25,83.23,20.22,2.04,0.7
2004-12-27,3.81,26.29,83.23,16.29,1.68,0.7
2004-12-28,8.32,26.1,84.88,10.81,2.46,0.7
2004-12-29,37.41,26.5,85.25,19.08,1.43,0.73
2004-12-30,37.61,26.17,85.87,15.33,2.14,0.78
2004-12-31,30.62,25.82,88.01,14.23,2.39,0.83
2005-01-01,4.09,26.03,83.79,19.81,3.23,0.83
2005-01-02,10.08,26.36,84.14,22.94,3.45,0.82
2005-01-03,2.86,26.58,84.4,23.25,2.64,0.82
2005-01-04,4.96,26.52,85.03,21.88,2.37,0.81
2005-01-05,0.02,26.71,85.37,21.75,2.71,0.81
2005-01-06,0.62,26.58,84.87,22.15,2.13,0.79
2005-01-07,1.13,26.13,86.21,20.07,2.05,0.79
2005-01-08,0.19,26.35,82.52,23.79,1.66,0.78
2005-01-09,0.01,26.22,80.13,25.21,1.55,0.77
2005-01-10,0.0,26.24,80.25,23.89,1.95,0.76
2005-01-11,0.03,26.61,78.9,21.52,2.31,0.74
2005-01-12,10.75,26.44,80.86,24.37,2.72,0.74
2005-01-13,13.62,26.32,84.58,21.2,3.19,0.75
2005-01-14,21.64,26.25,83.88,21.02,2.88,0.76
2005-01-15,15.71,26.92,79.45,19.98,1.28,0.79
2005-01-16,0.05,26.91,80.58,21.06,1.48,0.78
2005-01-17,6.74,26.73,81.1,20.33,1.13,0.77
2005-01-18,6.93,26.21,83.46,16.88,1.08,0.78
2005-01-19,29.83,25.11,90.18,15.1,1.82,0.8
2005-01-20,16.17,25.84,87.49,14.17,2.32,0.83
2005-01-21,10.0,25.39,87.97,14.1,2.41,0.83
2005-01-22,45.68,25.26,86.29,17.53,3.23,0.85
2005-01-23,64.1,25.46,88.9,19.0,2.5,0.92
2005-01-24,5.13,25.96,88.0,23.47,2.26,0.93
2005-01-25,0.06,26.32,88.29,22.79,2.39,0.91
2005-01-26,0.0,26.73,83.14,22.43,2.3,0.9
2005-01-27,0.1,26.46,83.99,23.43,2.07,0.89
2005-01-28,2.33,26.35,84.5,21.63,1.89,0.89
2005-01-29,1.28,25.99,87.91,22.64,2.03,0.88
2005-01-30,0.85,26.25,88.07,20.12,2.24,0.88
2005-01-31,0.59,26.31,86.05,19.61,2.6,0.87
2005-02-01,7.91,25.45,85.91,20.47,2.85,0.87
2005-02-02,112.48,25.11,89.0,14.81,2.91,0.9
2005-02-03,56.12,24.73,89.59,16.74,3.42,0.96
2005-02-04,17.89,25.37,87.51,17.84,3.16,0.97
2005-02-05,4.07,25.76,85.41,22.26,2.23,0.96
2005-02-06,0.61,26.23,84.36,23.07,1.82,0.95
2005-02-07,0.38,25.98,85.17,22.87,2.14,0.94
2005-02-08,0.35,26.38,83.28,21.69,2.34,0.93
2005-02-09,1.06,26.26,84.93,23.44,2.05,0.92
2005-02-10,0.62,26.11,85.32,18.27,2.38,0.92
2005-02-11,0.12,26.32,83.52,22.13,1.61,0.91
2005-02-12,0.29,25.96,85.18,21.65,1.58,0.9
2005-02-13,1.11,25.95,87.24,21.71,2.09,0.9
2005-02-14,0.57,26.29,84.32,22.04,1.63,0.89
2005-02-15,0.28,25.9,85.59,19.43,1.62,0.88
2005-02-16,0.02,26.07,83.94,26.99,1.37,0.88
2005-02-17,0.0,26.88,76.99,27.85,1.33,0.86
2005-02-18,0.0,27.92,63.95,27.93,0.71,0.85
2005-02-19,0.15,27.15,75.66,26.36,1.17,0.84
2005-02-20,0.06,26.47,77.15,21.65,1.41,0.83
2005-02-21,0.59,26.39,82.24,22.2,1.61,0.81
2005-02-22,15.1,25.98,84.13,20.75,1.6,0.81
2005-02-23,23.55,26.02,83.27,21.07,1.28,0.83
2005-02-24,1.64,26.68,81.26,22.1,1.14,0.84
2005-02-25,0.02,27.29,79.48,24.93,1.17,0.82
2005-02-26,0.96,27.14,80.99,26.38,1.34,0.81
2005-02-27,1.07,27.42,77.75,25.29,1.14,0.8
2005-02-28,0.03,27.63,74.49,25.58,0.94,0.79
2005-03-01,13.69,26.73,82.09,22.85,1.03,0.78
2005-03-02,17.86,26.15,85.08,16.28,1.41,0.81
2005-03-03,2.51,26.62,82.26,19.91,1.61,0.81
2005-03-04,8.65,26.19,84.56,16.57,1.27,0.81
2005-03-05,19.9,26.02,85.79,19.94,2.45,0.82
2005-03-06,8.61,25.97,86.78,21.36,1.85,0.84
2005-03-07,25.42,25.38,86.96,15.34,1.82,0.85
2005-03-08,7.86,26.07,82.55,19.33,1.7,0.87
2005-03-09,0.15,26.51,79.42,18.28,1.84,0.86
2005-03-10,0.05,27.02,76.17,26.01,1.29,0.85
2005-03-11,0.0,27.41,75.91,26.6,1.32,0.84
2005-03-12,0.0,26.71,84.64,25.27,2.26,0.83
2005-03-13,2.44,26.07,87.44,19.31,2.78,0.82
2005-03-14,10.72,24.97,91.44,10.46,3.54,0.82
2005-03-15,39.07,25.06,92.96,8.13,4.1,0.85
2005-03-16,13.37,26.14,89.83,18.09,3.71,0.89
2005-03-17,3.82,26.07,89.4,21.37,3.3,0.88
2005-03-18,10.73,26.13,88.4,20.55,2.73,0.88
2005-03-19,2.08,26.19,84.71,22.58,1.92,0.88
2005-03-20,0.0,25.95,84.74,22.42,2.03,0.86
2005-03-21,0.96,26.52,82.08,21.44,1.53,0.85
2005-03-22,0.01,26.52,78.35,23.1,1.42,0.84
2005-03-23,0.0,26.73,81.01,23.16,1.09,0.83
2005-03-24,0.82,26.62,82.39,22.03,1.05,0.82
2005-03-25,4.85,25.75,88.68,19.85,1.44,0.81
2005-03-26,0.28,26.05,85.67,19.58,1.79,0.81
2005-03-27,2.34,26.04,88.17,23.89,2.21,0.8
2005-03-28,1.04,26.06,87.07,15.21,2.25,0.79
2005-03-29,0.14,25.94,88.37,20.42,2.45,0.79
2005-03-30,1.31,25.73,89.29,16.15,2.41,0.78
2005-03-31,0.19,26.02,86.53,21.12,2.49,0.77
2005-04-01,0.41,26.24,83.37,19.77,2.79,0.76
2005-04-02,0.44,26.05,82.82,22.34,2.3,0.75
2005-04-03,0.56,26.23,83.33,15.43,2.7,0.74
2005-04-04,2.15,25.89,85.21,24.61,2.56,0.73
2005-04-05,1.37,25.93,83.18,20.63,2.92,0.72
2005-04-06,0.3,25.47,83.66,16.52,2.35,0.71
2005-04-07,1.66,25.27,85.08,13.33,1.38,0.7
2005-04-08,0.15,25.29,85.05,17.02,1.2,0.69
2005-04-09,0.05,25.34,85.29,19.03,1.35,0.68
2005-04-10,0.18,25.71,82.54,15.67,0.84,0.68
2005-04-11,0.2,25.74,80.17,14.15,1.26,0.67
2005-04-12,0.12,25.78,78.85,12.74,1.14,0.66
2005-04-13,13.23,25.02,88.18,16.19,1.64,0.66
2005-04-14,1.68,25.57,80.41,22.42,0.93,0.67
2005-04-15,6.1,25.46,85.17,22.74,1.3,0.66
2005-04-16,0.82,25.3,81.34,23.11,1.48,0.66
2005-04-17,0.0,24.85,78.57,24.81,1.76,0.65
2005-04-18,0.0,24.74,79.55,24.66,1.54,0.64
2005-04-19,0.0,25.01,79.64,24.84,1.85,0.62
2005-04-20,0.0,25.21,79.61,24.76,2.26,0.61
2005-04-21,0.0,25.04,78.94,23.43,2.4,0.6
2005-04-22,0.0,25.4,78.55,20.04,2.76,0.6
2005-04-23,0.04,25.86,77.76,18.44,2.92,0.59
2005-04-24,0.0,26.08,77.33,19.77,2.63,0.58
2005-04-25,0.74,26.27,79.99,15.97,3.01,0.57
2005-04-26,0.97,26.41,80.77,19.22,2.87,0.57
2005-04-27,0.19,26.27,80.62,19.4,3.26,0.56
2005-04-28,0.0,26.21,78.78,19.33,3.17,0.56
2005-04-29,0.0,26.16,78.0,18.2,3.08,0.55
2005-04-30,0.0,25.8,76.96,20.86,3.04,0.54
2005-05-01,0.0,25.8,74.57,21.97,3.39,0.54
2005-05-02,0.0,25.93,75.68,21.97,3.15,0.53
2005-05-03,0.0,26.04,73.89,22.54,3.38,0.53
2005-05-04,0.0,25.74,72.26,22.13,3.3,0.52
2005-05-05,0.0,25.74,72.03,19.8,2.96,0.52
2005-05-06,0.0,26.14,75.87,20.66,3.07,0.52
2005-05-07,0.0,25.72,78.35,18.35,2.73,0.51
2005-05-08,0.0,25.84,75.91,20.53,2.64,0.51
2005-05-09,0.0,25.61,77.96,20.34,2.47,0.51
2005-05-10,0.0,25.67,78.5,20.33,2.29,0.5
2005-05-11,0.0,25.84,75.78,19.34,2.23,0.5
2005-05-12,0.0,25.83,71.77,22.1,1.93,0.5
2005-05-13,0.0,25.64,68.11,22.49,2.53,0.49
2005-05-14,0.0,24.83,69.12,22.83,2.28,0.49
2005-05-15,0.0,24.59,73.66,22.63,2.05,0.49
2005-05-16,0.0,24.64,70.12,22.51,2.09,0.48
2005-05-17,0.0,24.89,67.46,22.56,2.33,0.48
2005-05-18,0.0,24.77,70.73,19.83,2.79,0.48
2005-05-19,0.0,24.71,69.87,19.33,2.76,0.48
2005-05-20,0.0,24.99,69.25,17.23,3.17,0.47
2005-05-21,0.39,25.19,71.73,15.97,3.39,0.47
2005-05-22,0.25,25.05,73.21,18.64,3.24,0.47
2005-05-23,0.0,24.85,71.04,13.99,3.23,0.47
2005-05-24,0.0,25.36,73.8,16.45,3.35,0.47
2005-05-25,0.0,25.34,74.57,13.92,3.61,0.46
2005-05-26,0.0,25.22,75.06,18.02,3.37,0.46
2005-05-27,0.0,25.12,69.32,17.96,3.34,0.46
2005-05-28,0.0,24.73,70.02,15.98,2.93,0.46
2005-05-29,0.0,24.8,69.44,17.71,3.6,0.46
2005-05-30,0.0,24.54,61.02,18.66,3.54,0.46
2005-05-31,0.0,24.48,62.53,17.96,3.72,0.45
2005-06-01,0.0,24.7,64.66,16.83,3.59,0.45
2005-06-02,0.0,24.67,66.97,15.61,3.15,0.45
2005-06-03,0.0,25.02,70.25,16.52,3.14,0.45
2005-06-04,0.05,25.04,72.76,14.72,3.22,0.45
2005-06-05,0.0,24.89,71.66,19.11,2.89,0.45
2005-06-06,0.0,24.95,71.95,19.57,2.65,0.45
2005-06-07,0.0,25.56,71.75,18.54,2.56,0.44
2005-06-08,0.0,25.04,78.51,19.56,2.73,0.44
2005-06-09,0.0,25.41,80.59,17.67,2.76,0.44
2005-06-10,0.0,25.11,77.51,14.85,2.71,0.44
2005-06-11,0.0,25.12,75.89,15.8,2.9,0.44
2005-06-12,4.85,24.37,78.25,16.23,2.73,0.44
2005-06-13,3.64,24.23,77.69,17.67,2.4,0.45
2005-06-14,0.0,24.58,74.42,17.59,2.32,0.45
2005-06-15,0.0,25.21,73.76,19.15,2.16,0.45
2005-06-16,0.0,26.03,73.26,17.6,1.98,0.45
2005-06-17,0.0,25.79,74.38,17.94,2.92,0.45
2005-06-18,0.0,26.3,72.86,18.83,1.92,0.44
2005-06-19,0.0,26.87,73.26,19.06,1.73,0.44
2005-06-20,0.01,26.35,76.01,17.15,2.16,0.44
2005-06-21,0.0,25.93,77.34,16.84,2.58,0.44
2005-06-22,0.0,25.73,75.93,18.02,2.64,0.44
2005-06-23,0.0,25.55,75.32,16.75,2.7,0.44
2005-06-24,0.0,25.19,79.37,14.96,2.84,0.44
2005-06-25,0.0,24.88,75.53,19.2,2.96,0.44
2005-06-26,0.0,24.72,67.86,19.76,2.83,0.44
2005-06-27,0.0,24.66,63.73,19.25,3.34,0.43
2005-06-28,0.0,23.96,65.38,17.6,3.11,0.43
2005-06-29,0.0,23.04,69.33,17.15,2.8,0.43
2005-06-30,0.0,22.0,70.73,17.26,2.61,0.43
2005-07-01,0.0,21.71,66.81,20.12,2.55,0.43
2005-07-02,0.0,22.62,69.85,18.69,2.84,0.43
2005-07-03,0.0,24.39,70.9,18.77,3.18,0.43
2005-07-04,0.0,24.1,74.19,17.22,2.72,0.43
2005-07-05,0.0,24.44,74.19,18.73,2.56,0.43
2005-07-06,0.0,24.65,77.44,14.47,2.72,0.43
2005-07-07,0.0,25.37,78.6,14.08,2.79,0.43
2005-07-08,0.62,25.68,80.04,15.75,2.93,0.43
2005-07-09,0.18,25.64,77.87,15.94,3.47,0.43
2005-07-10,0.0,25.41,75.31,17.3,3.52,0.43
2005-07-11,0.0,25.77,72.83,18.26,3.2,0.43
2005-07-12,0.0,25.45,77.41,11.98,3.43,0.43
2005-07-13,0.0,25.35,73.96,18.38,2.81,0.43
2005-07-14,0.0,24.76,77.6,12.84,2.92,0.43
2005-07-15,0.0,25.02,74.37,20.59,2.56,0.43
2005-07-16,0.0,24.65,75.5,20.19,2.77,0.43
2005-07-17,0.0,24.57,74.32,21.41,2.97,0.43
2005-07-18,0.0,24.63,72.4,18.17,3.42,0.43
2005-07-19,0.0,24.79,62.22,21.56,3.57,0.43
2005-07-20,0.0,24.47,64.02,16.65,3.65,0.43
2005-07-21,0.0,23.84,65.08,17.16,2.95,0.43
2005-07-22,0.0,23.74,66.52,17.56,2.85,0.43
2005-07-23,0.0,23.93,64.41,15.29,2.62,0.43
2005-07-24,0.0,23.83,68.06,18.98,2.58,0.43
2005-07-25,0.0,24.01,72.26,19.18,2.75,0.43
2005-07-26,0.0,24.14,68.52,21.55,3.03,0.43
2005-07-27,0.0,23.9,66.88,19.6,2.93,0.43
2005-07-28,0.0,23.82,68.34,18.64,2.67,0.43
2005-07-29,0.15,24.33,64.6,17.52,2.44,0.43
2005-07-30,0.17,23.92,72.46,15.8,2.44,0.43
2005-07-31,0.01,23.93,72.8,15.77,2.73,0.43
2005-08-01,0.34,24.15,71.24,20.74,2.97,0.43
2005-08-02,0.13,24.47,70.56,21.58,2.89,0.43
2005-08-03,0.0,23.65,65.1,20.72,2.41,0.43
2005-08-04,0.0,23.57,60.57,22.48,2.32,0.43
2005-08-05,0.0,24.27,62.57,22.74,2.54,0.43
2005-08-06,0.0,24.67,68.34,20.77,2.33,0.43
2005-08-07,0.01,24.75,73.59,19.16,3.06,0.43
2005-08-08,0.14,24.89,75.11,18.9,3.62,0.43
2005-08-09,0.14,24.6,71.67,13.25,3.86,0.43
2005-08-10,0.03,24.69,67.87,20.17,3.18,0.43
2005-08-11,0.0,24.19,64.11,23.63,2.2,0.43
2005-08-12,0.0,23.78,60.97,23.22,2.75,0.43
2005-08-13,0.0,24.3,67.16,21.3,3.09,0.43
2005-08-14,0.12,24.8,73.17,18.84,3.14,0.43
2005-08-15,0.02,24.59,70.03,20.01,3.05,0.43
2005-08-16,0.0,24.51,66.95,23.03,3.17,0.43
2005-08-17,0.0,24.5,74.84,21.44,3.61,0.43
2005-08-18,0.01,24.69,71.9,18.79,3.4,0.43
2005-08-19,0.0,24.38,72.76,22.84,2.8,0.43
2005-08-20,0.0,24.38,71.13,23.37,2.61,0.43
2005-08-21,0.0,24.26,74.37,22.79,2.85,0.43
2005-08-22,0.0,24.26,72.49,22.03,3.38,0.42
2005-08-23,0.0,24.12,67.91,24.16,3.15,0.42
2005-08-24,0.0,24.06,67.13,24.75,3.0,0.42
2005-08-25,0.0,24.5,71.39,21.99,2.71,0.42
2005-08-26,0.0,25.57,68.3,21.34,2.49,0.42
2005-08-27,0.45,25.01,78.7,13.78,3.14,0.42
2005-08-28,0.0,24.68,74.64,23.3,3.45,0.42
2005-08-29,0.0,24.28,73.69,22.34,3.04,0.42
2005-08-30,0.0,24.03,73.33,23.0,2.98,0.42
2005-08-31,0.0,24.24,72.92,23.04,3.14,0.42
2005-09-01,0.0,24.32,73.9,23.72,3.48,0.42
2005-09-02,0.0,24.1,72.66,24.96,3.58,0.42
2005-09-03,0.0,24.63,66.41,21.71,2.69,0.42
2005-09-04,0.0,25.42,68.7,21.84,2.57,0.42
2005-09-05,0.0,25.77,70.91,22.89,2.39,0.42
2005-09-06,0.0,25.83,69.83,24.93,2.4,0.42
2005-09-07,0.0,24.79,72.46,23.92,2.34,0.42
2005-09-08,0.0,24.46,70.12,25.37,2.41,0.42
2005-09-09,0.01,24.74,68.75,25.67,2.3,0.42
2005-09-10,0.0,25.1,66.57,24.92,2.14,0.42
2005-09-11,0.0,25.65,67.35,22.17,2.05,0.42
2005-09-12,0.0,25.96,68.38,20.77,1.67,0.42
2005-09-13,0.0,25.74,71.64,20.96,1.91,0.42
2005-09-14,0.0,26.29,69.19,19.05,2.03,0.42
2005-09-15,0.0,26.11,68.63,22.25,1.7,0.42
2005-09-16,0.0,26.17,68.48,21.02,1.53,0.42
2005-09-17,0.0,26.71,65.27,24.6,1.71,0.42
2005-09-18,0.0,26.6,64.65,24.43,2.53,0.42
2005-09-19,0.0,26.46,70.24,24.82,2.61,0.42
2005-09-20,0.0,26.68,66.26,23.6,2.28,0.42
2005-09-21,0.0,26.33,70.38,24.55,2.16,0.42
2005-09-22,0.0,26.3,69.14,25.69,2.75,0.42
2005-09-23,0.0,26.17,72.83,23.77,3.0,0.42
2005-09-24,0.0,26.25,71.33,23.67,2.95,0.42
2005-09-25,0.0,26.14,69.75,24.99,2.45,0.42
2005-09-26,0.0,26.47,65.74,26.61,2.19,0.42
2005-09-27,0.0,26.99,62.25,26.29,2.27,0.42
2005-09-28,0.0,26.73,65.92,25.25,1.94,0.42
2005-09-29,0.0,26.82,64.34,26.22,1.91,0.42
2005-09-30,0.0,26.81,66.63,26.26,2.05,0.42
2005-10-01,0.0,26.29,65.59,26.97,2.07,0.42
2005-10-02,0.0,26.32,67.81,25.72,2.3,0.42
2005-10-03,0.0,26.02,69.21,23.41,2.6,0.42
2005-10-04,0.0,26.44,66.38,25.4,2.71,0.42
2005-10-05,0.0,26.73,69.13,26.39,2.51,0.42
2005-10-06,0.0,27.12,65.51,25.54,2.38,0.42
2005-10-07,0.0,27.45,62.59,26.34,2.27,0.42
2005-10-08,0.0,27.57,59.54,26.97,2.04,0.42
2005-10-09,0.0,27.61,61.24,25.24,2.23,0.42
2005-10-10,0.06,27.88,63.96,24.58,2.37,0.42
2005-10-11,0.01,27.74,64.9,26.99,2.37,0.42
2005-10-12,0.0,28.08,64.97,27.22,2.57,0.42
2005-10-13,0.0,27.48,71.2,22.1,2.51,0.42
2005-10-14,0.0,27.82,69.83,21.51,2.58,0.42
2005-10-15,0.0,27.64,69.11,22.63,2.28,0.42
2005-10-16,1.27,27.88,68.35,24.03,2.5,0.42
2005-10-17,0.8,28.06,69.01,18.82,1.86,0.43
2005-10-18,0.13,27.02,74.38,16.42,1.88,0.43
2005-10-19,5.3,26.09,79.07,17.71,1.56,0.43
2005-10-20,3.01,26.36,80.95,16.44,1.94,0.44
2005-10-21,5.65,26.9,78.04,16.02,2.36,0.44
2005-10-22,0.66,27.46,74.95,20.59,2.29,0.45
2005-10-23,0.0,27.96,69.78,25.49,1.93,0.44
2005-10-24,4.17,28.24,69.7,23.41,1.76,0.44
2005-10-25,2.87,27.28,75.83,20.92,1.87,0.45
2005-10-26,0.0,27.91,67.66,23.06,1.65,0.45
2005-10-27,0.0,27.68,69.9,25.17,1.6,0.44
2005-10-28,0.0,27.66,71.16,23.11,1.74,0.44
2005-10-29,0.0,27.57,67.61,22.27,1.92,0.44
2005-10-30,0.0,27.1,67.08,24.43,1.94,0.44
2005-10-31,0.0,28.09,63.55,26.92,2.12,0.44
2005-11-01,0.07,28.7,58.15,25.16,1.84,0.43
2005-11-02,0.06,29.29,57.72,26.93,1.32,0.43
2005-11-03,0.0,29.11,62.65,27.19,1.57,0.43
2005-11-04,0.3,28.72,65.34,26.33,1.88,0.43
2005-11-05,0.08,28.45,64.66,23.86,2.3,0.43
2005-11-06,0.0,28.86,62.11,25.14,1.91,0.43
2005-11-07,1.46,28.89,63.49,24.67,1.55,0.43
2005-11-08,0.89,28.45,66.43,23.93,1.84,0.43
2005-11-09,1.8,28.07,69.11,22.78,2.08,0.43
2005-11-10,0.85,28.42,66.55,21.42,1.78,0.43
2005-11-11,0.74,28.61,69.46,21.55,1.95,0.43
2005-11-12,0.18,28.41,69.98,20.79,1.96,0.43
2005-11-13,4.46,27.88,71.56,23.52,1.75,0.43
2005-11-14,11.85,26.9,79.2,19.62,1.5,0.45
2005-11-15,2.1,26.97,78.08,20.48,1.69,0.46
2005-11-16,0.02,27.82,71.18,21.92,1.76,0.46
2005-11-17,0.41,28.39,68.0,24.7,1.91,0.45
2005-11-18,12.63,27.37,78.98,15.46,1.86,0.46
2005-11-19,7.77,27.42,75.88,18.27,0.79,0.49
2005-11-20,0.52,27.03,76.85,21.61,0.9,0.49
2005-11-21,1.74,27.87,70.81,19.89,1.31,0.48
2005-11-22,1.34,27.69,73.27,18.91,2.15,0.48
2005-11-23,0.51,28.38,67.91,23.12,2.12,0.48
2005-11-24,0.33,28.01,70.95,22.87,2.12,0.48
2005-11-25,5.57,27.81,72.51,20.33,1.68,0.48
2005-11-26,31.19,26.83,79.43,18.99,1.44,0.51
2005-11-27,14.28,25.96,84.32,16.99,1.35,0.55
2005-11-28,7.74,26.12,85.09,15.84,2.09,0.57
2005-11-29,0.89,26.18,79.65,16.76,1.35,0.56
2005-11-30,0.96,26.35,78.46,20.12,0.75,0.56
2005-12-01,0.11,26.54,77.85,17.05,1.18,0.56
2005-12-02,14.46,27.31,78.34,22.1,1.12,0.56
2005-12-03,28.73,27.22,78.43,22.04,1.28,0.6
2005-12-04,20.59,26.88,81.5,20.85,1.2,0.64
2005-12-05,2.18,27.0,80.27,21.89,0.97,0.65
2005-12-06,8.57,26.67,82.99,21.89,1.46,0.64
2005-12-07,16.65,26.2,84.71,20.19,1.74,0.66
2005-12-08,21.59,26.46,82.73,20.1,1.04,0.68
2005-12-09,5.1,26.64,82.22,18.97,1.12,0.7
2005-12-10,11.24,27.03,80.29,19.32,1.53,0.7
2005-12-11,13.65,25.8,89.39,16.71,1.84,0.71
2005-12-12,9.16,26.26,84.54,20.95,1.17,0.72
2005-12-13,15.22,26.83,80.61,21.45,1.03,0.73
2005-12-14,8.52,26.8,81.94,17.1,1.13,0.75
2005-12-15,0.58,26.64,83.23,18.46,1.38,0.74
2005-12-16,31.75,26.81,83.11,20.77,1.45,0.76
2005-12-17,11.52,27.61,75.2,17.48,1.25,0.78
2005-12-18,8.69,26.18,84.68,15.62,1.58,0.78
2005-12-19,0.41,26.51,85.78,17.75,3.34,0.78
2005-12-20,37.4,26.58,88.5,19.74,3.11,0.79
2005-12-21,13.97,26.5,87.12,21.03,2.05,0.83
2005-12-22,11.78,27.32,79.67,26.27,1.5,0.84
2005-12-23,2.08,26.93,78.51,24.57,1.44,0.83
2005-12-24,0.01,26.99,76.51,22.75,1.07,0.82
2005-12-25,0.15,26.67,80.55,19.19,1.24,0.81
2005-12-26,5.58,25.81,86.53,15.92,1.78,0.8
2005-12-27,2.6,26.28,83.65,17.64,0.8,0.81
2005-12-28,4.01,25.98,84.78,14.36,1.47,0.81
2005-12-29,19.54,26.36,83.56,13.66,1.18,0.82
2005-12-30,4.09,26.07,85.74,15.32,1.91,0.83
2005-12-31,1.23,26.27,84.81,13.74,2.1,0.82
2006-01-01,24.72,25.81,88.07,14.6,1.97,0.83
2006-01-02,16.29,25.25,85.34,10.76,1.21,0.87
2006-01-03,7.61,25.11,83.47,8.42,0.74,0.87
2006-01-04,4.63,25.88,80.86,20.56,1.26,0.87
2006-01-05,3.45,25.93,85.0,21.33,1.65,0.86
2006-01-06,43.02,25.93,87.9,16.4,1.13,0.88
2006-01-07,27.46,25.45,88.72,14.49,2.22,0.92
2006-01-08,3.09,26.46,82.68,22.13,1.22,0.91
2006-01-09,21.88,25.8,85.4,19.12,1.36,0.92
2006-01-10,35.24,25.58,87.71,20.92,1.62,0.94
2006-01-11,6.42,25.38,89.06,22.81,1.97,0.95
2006-01-12,0.92,25.5,87.0,17.59,1.71,0.94
2006-01-13,28.71,25.73,87.5,18.99,1.87,0.94
2006-01-14,30.49,25.4,90.3,12.47,2.84,0.96
2006-01-15,26.61,25.79,89.77,18.33,3.04,0.97
2006-01-16,32.6,25.91,90.91,11.62,3.48,0.98
2006-01-17,6.66,25.98,90.22,16.02,3.91,0.98
2006-01-18,3.01,26.1,90.19,13.58,4.26,0.97
2006-01-19,2.64,26.11,88.71,16.46,4.22,0.96
2006-01-20,3.8,26.02,87.7,19.19,3.27,0.96
2006-01-21,0.85,26.03,88.07,16.7,2.39,0.95
2006-01-22,0.27,25.58,88.18,8.79,2.77,0.95
2006-01-23,22.99,24.34,90.62,9.91,3.36,0.95
2006-01-24,16.24,24.73,87.67,15.48,3.39,0.96
2006-01-25,6.5,25.39,88.63,20.85,3.66,0.95
2006-01-26,23.7,25.39,89.12,17.88,4.0,0.95
2006-01-27,11.97,25.3,87.98,19.45,4.26,0.96
2006-01-28,12.67,25.63,89.54,15.58,3.54,0.96
2006-01-29,0.11,25.71,89.31,18.06,4.16,0.95
2006-01-30,3.73,25.81,88.73,21.31,3.79,0.94
2006-01-31,8.21,25.73,90.08,12.31,4.0,0.93
2006-02-01,68.58,25.64,91.83,14.88,3.7,0.96
2006-02-02,37.07,25.56,88.94,14.45,2.87,0.98
2006-02-03,14.68,25.23,88.47,18.78,2.43,0.98
2006-02-04,1.22,24.98,84.51,14.55,2.26,0.97
2006-02-05,0.08,25.05,82.99,22.78,2.14,0.96
2006-02-06,0.0,25.55,82.55,22.87,1.65,0.95
2006-02-07,0.0,25.38,81.41,26.63,1.74,0.94
2006-02-08,0.0,25.36,82.06,24.53,1.77,0.92
2006-02-09,0.0,25.46,82.36,24.54,1.81,0.91
2006-02-10,0.0,25.5,83.81,24.47,2.09,0.9
2006-02-11,0.0,25.75,82.71,25.56,1.65,0.89
2006-02-12,0.02,25.99,85.83,24.49,1.72,0.88
2006-02-13,2.29,25.55,89.37,23.54,1.51,0.87
2006-02-14,0.65,25.85,83.05,23.08,1.08,0.87
2006-02-15,0.03,26.06,84.2,25.28,1.59,0.86
2006-02-16,0.04,26.06,84.79,21.9,0.99,0.85
2006-02-17,0.65,26.06,83.12,19.11,0.83,0.85
2006-02-18,3.79,26.45,83.65,18.29,1.03,0.84
2006-02-19,2.12,25.27,90.49,8.4,1.3,0.84
2006-02-20,5.38,25.55,84.14,15.2,0.92,0.84
2006-02-21,10.66,25.38,88.34,18.22,0.91,0.85
2006-02-22,1.42,26.59,81.4,19.72,0.81,0.85
2006-02-23,1.46,26.02,86.68,15.55,0.87,0.84
2006-02-24,0.21,26.12,83.13,17.97,0.84,0.84
2006-02-25,0.1,26.67,81.93,20.12,0.78,0.83
2006-02-26,0.02,26.56,83.01,20.65,0.93,0.82
2006-02-27,0.96,26.23,83.25,18.43,0.98,0.81
2006-02-28,9.44,25.13,91.92,12.6,1.49,0.82
2006-03-01,54.23,24.49,92.35,3.94,2.95,0.85
2006-03-02,43.29,23.85,93.28,5.91,3.24,0.92
2006-03-03,41.83,25.21,94.59,4.15,2.95,0.93
2006-03-04,34.4,25.51,95.71,11.71,3.15,0.97
2006-03-05,1.1,25.14,92.72,19.03,2.26,0.96
2006-03-06,2.78,25.06,90.23,14.91,1.88,0.96
2006-03-07,2.46,24.59,91.33,15.47,2.94,0.95
2006-03-08,2.47,25.31,88.54,23.84,3.2,0.95
2006-03-09,18.16,25.21,87.67,18.71,3.16,0.95
2006-03-10,3.1,24.82,84.77,18.86,2.45,0.95
2006-03-11,0.4,25.71,79.69,23.93,1.64,0.93
2006-03-12,0.0,25.88,79.03,22.02,1.26,0.92
2006-03-13,0.0,25.88,81.6,20.76,1.38,0.91
2006-03-14,0.07,25.46,82.96,21.62,1.82,0.9
2006-03-15,11.92,25.46,83.34,23.27,1.95,0.9
2006-03-16,17.13,25.73,86.23,17.46,1.9,0.91
2006-03-17,2.96,25.15,89.63,17.57,2.37,0.91
2006-03-18,44.8,24.93,91.25,13.21,2.23,0.92
2006-03-19,8.69,25.48,88.79,18.65,1.66,0.95
2006-03-20,0.01,26.28,83.23,17.11,1.17,0.93
2006-03-21,0.26,26.11,85.17,18.67,2.15,0.92
2006-03-22,0.05,26.01,84.71,21.55,2.29,0.91
2006-03-23,2.79,25.98,88.02,17.76,2.46,0.91
2006-03-24,0.32,26.14,87.34,21.16,2.33,0.9
2006-03-25,0.01,26.39,85.59,20.03,2.73,0.89
2006-03-26,10.93,25.94,85.79,20.06,2.91,0.88
2006-03-27,10.15,25.92,84.56,19.29,2.43,0.89
2006-03-28,0.45,26.55,80.24,19.77,0.99,0.89
2006-03-29,1.9,25.27,82.55,17.37,0.51,0.88
2006-03-30,2.38,25.17,86.72,8.58,0.93,0.88
2006-03-31,2.31,25.25,87.59,15.47,1.54,0.88
2006-04-01,73.75,24.75,91.82,14.36,1.34,0.9
2006-04-02,18.48,25.14,89.56,12.33,2.76,0.95
2006-04-03,1.05,25.75,86.97,13.6,1.91,0.94
2006-04-04,0.3,25.64,85.0,13.63,1.53,0.93
2006-04-05,0.02,26.18,83.12,20.11,1.08,0.93
2006-04-06,0.04,25.91,83.74,18.03,0.92,0.92
2006-04-07,1.68,25.47,84.88,18.57,1.04,0.92
2006-04-08,0.59,25.64,83.78,17.08,1.01,0.91
2006-04-09,0.02,25.82,85.37,17.81,1.21,0.9
2006-04-10,7.78,25.7,87.08,19.82,1.09,0.9
2006-04-11,3.04,25.17,89.39,19.79,1.48,0.9
2006-04-12,0.04,25.48,85.74,21.9,1.54,0.89
2006-04-13,0.0,25.44,83.33,21.58,1.77,0.88
2006-04-14,0.04,25.63,82.43,16.74,1.78,0.87
2006-04-15,0.02,25.64,82.71,20.69,1.66,0.86
2006-04-16,7.82,25.35,84.82,17.77,1.26,0.86
2006-04-17,2.95,25.21,89.1,17.15,1.57,0.86
2006-04-18,0.07,25.07,88.49,13.26,1.63,0.85
2006-04-19,0.36,24.79,90.07,11.34,2.02,0.85
2006-04-20,2.18,25.09,91.52,8.6,2.63,0.84
2006-04-21,15.83,25.21,91.16,11.73,3.38,0.85
2006-04-22,17.26,24.68,91.22,5.93,3.34,0.87
2006-04-23,3.48,24.76,85.41,10.24,2.91,0.87
2006-04-24,0.0,24.79,81.02,19.59,2.11,0.86
2006-04-25,0.0,24.54,84.84,18.39,1.65,0.85
2006-04-26,0.0,24.89,82.75,18.89,1.64,0.84
2006-04-27,0.0,25.45,81.73,19.24,1.53,0.83
2006-04-28,0.01,25.62,80.68,20.2,1.48,0.82
2006-04-29,1.46,25.6,84.69,20.54,1.36,0.81
2006-04-30,9.84,25.37,83.43,18.15,1.22,0.81
2006-05-01,3.51,24.98,87.14,16.78,1.95,0.81
2006-05-02,53.45,24.72,89.73,16.72,2.85,0.83
2006-05-03,3.17,24.22,86.01,15.01,3.06,0.87
2006-05-04,0.01,24.11,83.29,16.29,2.69,0.85
2006-05-05,0.0,23.96,81.79,18.47,2.42,0.84
2006-05-06,0.07,23.74,80.63,20.66,2.17,0.83
2006-05-07,0.16,23.72,77.56,19.5,2.14,0.82
2006-05-08,0.09,23.7,78.5,20.42,2.34,0.81
2006-05-09,0.18,23.92,82.93,16.37,2.53,0.8
2006-05-10,0.02,23.48,80.96,19.62,2.49,0.79
2006-05-11,0.0,23.45,81.78,21.08,2.27,0.78
2006-05-12,0.0,24.1,86.15,21.12,2.39,0.77
2006-05-13,0.0,24.56,82.3,19.48,2.46,0.76
2006-05-14,0.0,24.58,82.88,19.65,2.47,0.75
2006-05-15,0.01,24.64,83.84,20.0,3.11,0.74
2006-05-16,0.0,24.59,80.07,17.21,3.08,0.73
2006-05-17,0.0,24.64,80.71,17.01,3.6,0.72
2006-05-18,0.0,24.32,80.52,14.92,3.29,0.71
2006-05-19,0.0,23.87,81.77,14.73,2.87,0.7
2006-05-20,0.0,23.99,83.08,15.14,2.84,0.69
2006-05-21,0.11,24.61,85.32,13.13,3.15,0.68
2006-05-22,1.19,25.15,88.45,13.21,3.17,0.67
2006-05-23,0.28,24.81,88.69,13.92,2.79,0.66
2006-05-24,0.26,24.66,88.58,16.27,2.71,0.66
2006-05-25,0.07,24.63,86.5,12.49,2.86,0.65
2006-05-26,0.39,24.42,82.71,20.05,2.69,0.64
2006-05-27,0.04,23.94,78.77,20.78,2.93,0.63
2006-05-28,0.0,23.76,76.01,17.99,3.16,0.62
2006-05-29,0.0,23.12,75.63,18.77,3.04,0.61
2006-05-30,0.0,22.73,78.48,17.7,2.61,0.61
2006-05-31,0.0,22.31,78.15,18.39,2.32,0.6
2006-06-01,0.0,22.86,78.88,18.57,2.32,0.6
2006-06-02,0.0,23.33,77.18,16.05,2.44,0.59
2006-06-03,0.0,23.75,76.64,17.19,2.79,0.58
2006-06-04,0.0,23.58,75.75,16.79,3.22,0.58
2006-06-05,0.0,23.27,75.02,17.63,3.45,0.57
2006-06-06,0.0,23.15,74.7,17.05,3.24,0.57
2006-06-07,0.0,23.18,72.6,18.74,3.44,0.56
2006-06-08,0.0,22.8,73.06,16.97,3.07,0.55
2006-06-09,0.0,22.42,71.3,17.17,2.63,0.55
2006-06-10,0.0,22.63,75.16,13.31,2.87,0.54
2006-06-11,0.0,23.39,73.5,16.11,3.36,0.54
2006-06-12,0.0,22.93,74.91,14.27,3.61,0.54
2006-06-13,0.02,22.25,75.42,15.77,3.14,0.53
2006-06-14,0.0,22.68,75.57,16.64,2.95,0.53
2006-06-15,0.01,23.8,77.75,12.65,3.27,0.53
2006-06-16,4.92,24.05,84.46,6.79,3.49,0.53
2006-06-17,5.02,23.86,85.69,6.64,4.0,0.54
2006-06-18,7.35,24.02,86.85,11.76,3.69,0.54
2006-06-19,0.1,24.01,77.34,10.26,4.17,0.54
2006-06-20,0.0,23.77,73.15,15.3,3.89,0.54
2006-06-21,0.0,22.94,73.39,16.27,3.43,0.53
2006-06-22,0.0,22.34,69.44,17.79,3.1,0.53
2006-06-23,0.0,22.45,73.22,16.34,2.85,0.52
2006-06-24,0.01,23.56,78.67,16.57,3.29,0.52
2006-06-25,0.0,23.85,74.77,15.92,3.29,0.52
2006-06-26,0.0,23.18,72.75,19.2,2.62,0.51
2006-06-27,0.0,23.27,80.47,18.33,2.65,0.51
2006-06-28,0.0,23.73,77.77,15.39,3.04,0.51
2006-06-29,0.91,23.52,79.74,10.57,3.28,0.51
2006-06-30,0.26,23.53,79.14,11.05,2.9,0.51
2006-07-01,0.0,23.92,76.73,15.71,2.75,0.5
2006-07-02,0.0,23.33,76.46,17.17,2.53,0.5
2006-07-03,0.0,23.04,74.07,17.58,2.82,0.5
2006-07-04,0.0,23.25,75.1,18.05,3.31,0.49
2006-07-05,0.0,23.24,74.29,13.62,3.39,0.49
2006-07-06,0.0,22.86,71.61,18.09,3.33,0.49
2006-07-07,0.0,23.16,71.93,13.44,3.55,0.49
2006-07-08,0.0,23.25,75.66,19.82,4.07,0.49
2006-07-09,0.0,22.82,68.85,20.39,3.59,0.48
2006-07-10,0.0,21.73,70.31,20.21,3.03,0.48
2006-07-11,0.0,22.56,79.86,18.16,2.39,0.48
2006-07-12,0.0,24.21,71.12,17.31,1.65,0.48
2006-07-13,0.01,23.5,76.85,12.59,2.72,0.47
2006-07-14,0.0,22.82,76.02,12.04,2.72,0.47
2006-07-15,0.0,22.69,77.7,12.2,2.25,0.47
2006-07-16,0.0,23.21,79.28,15.39,2.86,0.47
2006-07-17,0.0,23.26,77.57,14.75,3.59,0.47
2006-07-18,0.01,23.14,74.65,14.72,3.65,0.47
2006-07-19,0.0,22.41,73.81,16.51,3.42,0.47
2006-07-20,0.0,21.7,74.62,15.1,2.99,0.46
2006-07-21,0.0,21.45,69.31,21.99,2.27,0.46
2006-07-22,0.0,22.93,74.58,20.97,2.72,0.46
2006-07-23,0.01,23.43,77.15,12.53,2.93,0.46
2006-07-24,0.0,23.65,72.27,21.55,2.85,0.46
2006-07-25,0.0,23.74,77.77,19.15,3.36,0.46
2006-07-26,0.13,23.45,76.35,17.47,3.37,0.46
2006-07-27,0.09,22.62,70.78,21.32,2.83,0.45
2006-07-28,0.0,22.25,66.37,22.78,2.45,0.45
2006-07-29,0.0,22.14,71.35,22.91,2.34,0.45
2006-07-30,0.0,22.18,73.17,23.01,2.24,0.45
2006-07-31,0.0,22.84,76.71,21.95,2.29,0.45
2006-08-01,0.0,23.63,74.82,22.84,2.24,0.45
2006-08-02,0.0,23.11,76.48,22.05,1.9,0.44
2006-08-03,0.0,23.36,71.79,22.89,1.93,0.44
2006-08-04,0.0,22.8,75.57,21.56,2.57,0.44
2006-08-05,0.0,22.35,66.84,20.96,3.51,0.44
2006-08-06,0.0,22.38,59.6,18.77,3.37,0.44
2006-08-07,0.0,22.16,63.46,21.21,3.79,0.44
2006-08-08,0.0,22.56,60.43,21.03,3.86,0.44
2006-08-09,0.0,22.36,66.1,18.18,3.39,0.44
2006-08-10,0.57,22.78,72.45,16.52,3.92,0.44
2006-08-11,0.0,23.32,64.94,22.1,3.1,0.43
2006-08-12,0.0,22.66,73.79,18.64,3.38,0.43
2006-08-13,0.03,23.06,72.61,19.03,3.35,0.43
2006-08-14,0.01,23.42,75.06,20.28,3.42,0.43
2006-08-15,0.0,23.61,76.69,20.24,3.04,0.43
2006-08-16,0.0,24.3,78.26,19.06,2.89,0.43
2006-08-17,0.0,24.71,77.48,19.17,3.27,0.43
2006-08-18,0.0,24.37,78.0,19.27,3.42,0.43
2006-08-19,0.0,23.23,74.35,20.92,3.58,0.43
2006-08-20,0.0,22.9,70.99,21.1,3.47,0.43
2006-08-21,0.0,23.14,70.71,24.19,2.88,0.43
2006-08-22,0.0,23.1,72.45,24.02,3.12,0.43
2006-08-23,0.0,23.27,73.72,22.3,3.23,0.43
2006-08-24,0.0,22.95,70.84,24.73,3.22,0.43
2006-08-25,0.0,22.51,65.98,25.26,2.54,0.43
2006-08-26,0.0,22.2,63.89,25.02,2.35,0.43
2006-08-27,0.0,22.38,69.66,23.22,2.33,0.43
2006-08-28,0.0,23.35,72.51,24.93,2.78,0.43
2006-08-29,0.0,23.33,78.52,24.55,2.97,0.43
2006-08-30,0.0,23.56,76.0,24.63,2.82,0.43
2006-08-31,0.0,23.15,67.99,25.1,2.49,0.43
2006-09-01,0.0,22.7,56.16,25.37,2.62,0.43
2006-09-02,0.0,22.75,59.86,25.44,2.27,0.43
2006-09-03,0.0,23.41,62.39,25.28,2.18,0.43
2006-09-04,0.0,24.06,63.89,25.41,2.24,0.43
2006-09-05,0.0,24.24,59.67,26.03,2.43,0.43
2006-09-06,0.0,24.16,69.34,25.44,2.53,0.42
2006-09-07,0.0,25.12,75.44,23.28,2.85,0.42
2006-09-08,0.0,24.94,76.38,24.91,3.34,0.42
2006-09-09,0.0,24.57,75.96,24.1,3.16,0.42
2006-09-10,0.0,24.15,70.69,24.35,3.36,0.42
2006-09-11,0.0,23.48,71.98,25.33,3.94,0.42
2006-09-12,0.0,23.71,70.8,25.45,3.77,0.42
2006-09-13,0.0,23.61,72.11,26.07,3.28,0.42
2006-09-14,0.0,23.38,76.92,24.27,3.53,0.42
2006-09-15,0.0,23.47,76.75,25.65,3.39,0.42
2006-09-16,0.0,23.75,73.64,25.96,2.95,0.42
2006-09-17,0.0,23.93,73.11,25.51,2.5,0.42
2006-09-18,0.0,24.35,69.09,25.13,2.2,0.42
2006-09-19,0.0,24.21,70.28,24.51,2.11,0.42
2006-09-20,0.0,24.19,67.81,26.45,1.92,0.42
2006-09-21,0.0,24.65,66.12,26.31,2.19,0.42
2006-09-22,0.0,24.7,63.0,25.57,2.17,0.42
2006-09-23,0.0,24.76,63.09,25.82,2.12,0.42
2006-09-24,0.0,25.18,59.32,25.59,1.63,0.42
2006-09-25,0.0,25.86,57.32,26.38,1.63,0.42
2006-09-26,0.0,25.69,62.51,26.6,1.9,0.42
2006-09-27,0.0,25.39,65.45,26.34,1.95,0.42
2006-09-28,0.0,25.93,58.5,26.61,1.71,0.42
2006-09-29,0.0,25.49,65.83,26.67,2.04,0.42
2006-09-30,0.0,25.49,68.52,26.65,2.52,0.42
2006-10-01,0.0,25.59,68.71,27.15,2.61,0.42
2006-10-02,0.0,25.86,63.56,27.12,2.06,0.42
2006-10-03,0.0,26.3,65.43,26.5,2.07,0.42
2006-10-04,0.0,26.3,63.9,25.72,1.97,0.42
2006-10-05,0.0,25.77,65.4,27.08,2.26,0.42
2006-10-06,0.15,24.87,69.04,24.41,2.71,0.42
2006-10-07,0.0,25.65,64.46,26.66,2.5,0.42
2006-10-08,0.0,25.36,64.89,26.14,2.2,0.42
2006-10-09,0.0,25.71,65.42,26.88,2.03,0.42
2006-10-10,0.0,26.18,60.93,26.39,2.17,0.42
2006-10-11,0.0,24.93,71.04,26.2,2.95,0.42
2006-10-12,0.03,25.26,70.57,23.91,3.37,0.42
2006-10-13,2.93,25.71,74.58,19.78,3.03,0.42
2006-10-14,0.17,25.86,68.74,24.12,2.67,0.43
2006-10-15,0.0,25.57,69.01,25.72,2.79,0.43
2006-10-16,0.0,25.33,70.53,27.07,2.98,0.43
2006-10-17,0.0,25.34,68.49,27.02,2.78,0.43
2006-10-18,0.0,24.93,69.67,27.87,2.78,0.43
2006-10-19,0.0,24.66,72.59,26.52,3.02,0.43
2006-10-20,0.0,25.2,70.74,27.53,3.0,0.43
2006-10-21,0.0,26.16,70.62,26.31,2.85,0.43
2006-10-22,0.0,26.64,66.39,26.63,2.12,0.43
2006-10-23,0.0,26.43,66.16,25.76,2.39,0.43
2006-10-24,0.0,25.68,70.22,26.85,3.04,0.43
2006-10-25,0.0,25.77,70.02,28.19,3.37,0.43
2006-10-26,0.0,25.47,71.15,28.44,2.99,0.43
2006-10-27,0.0,25.49,68.87,27.57,2.43,0.42
2006-10-28,0.0,25.85,65.61,27.0,2.49,0.42
2006-10-29,0.0,25.36,68.28,27.99,2.77,0.42
2006-10-30,0.0,25.73,63.69,28.3,2.45,0.42
2006-10-31,0.0,26.29,64.48,27.92,2.55,0.42
2006-11-01,0.0,26.97,60.48,26.81,1.86,0.42
2006-11-02,0.0,27.65,63.0,27.57,1.95,0.42
2006-11-03,0.0,27.97,63.17,25.89,1.65,0.42
2006-11-04,0.0,27.67,68.09,24.25,1.72,0.42
2006-11-05,0.02,27.8,63.71,24.91,2.07,0.42
2006-11-06,0.0,27.94,60.71,26.73,2.26,0.42
2006-11-07,0.0,28.19,61.26,25.63,2.14,0.42
2006-11-08,0.0,27.94,64.58,27.18,2.33,0.42
2006-11-09,0.0,28.43,61.8,26.94,1.73,0.42
2006-11-10,0.0,28.72,56.73,27.67,1.36,0.42
2006-11-11,0.0,29.36,58.32,27.36,1.81,0.42
2006-11-12,0.0,29.59,57.72,25.87,1.84,0.42
2006-11-13,14.71,27.7,68.86,26.32,2.06,0.44
2006-11-14,1.64,27.22,66.38,27.65,2.28,0.45
2006-11-15,0.0,27.27,63.18,27.19,1.7,0.45
2006-11-16,0.0,28.16,62.13,26.45,1.92,0.44
2006-11-17,0.0,28.52,62.21,25.16,1.77,0.44
2006-11-18,0.0,28.3,65.93,26.35,2.39,0.44
2006-11-19,0.0,27.79,70.35,25.74,2.99,0.44
2006-11-20,0.0,27.6,70.63,25.45,3.14,0.43
2006-11-21,0.0,27.8,63.64,27.48,2.64,0.43
2006-11-22,0.09,27.47,68.55,26.85,2.53,0.43
2006-11-23,0.03,28.19,64.61,27.71,2.45,0.43
2006-11-24,0.0,28.11,62.73,26.98,2.43,0.43
2006-11-25,0.0,27.67,60.0,28.07,2.39,0.43
2006-11-26,0.0,28.03,54.31,28.49,2.01,0.43
2006-11-27,0.0,28.28,56.62,27.49,1.82,0.43
2006-11-28,0.0,28.53,59.14,26.16,1.99,0.43
2006-11-29,0.07,27.95,66.63,24.9,2.37,0.43
2006-11-30,0.0,27.86,60.64,26.17,2.36,0.43
2006-12-01,0.0,28.05,60.52,25.17,2.18,0.43
2006-12-02,0.0,28.56,65.63,24.21,1.81,0.43
2006-12-03,8.52,28.53,65.98,24.27,1.74,0.43
2006-12-04,19.07,27.49,70.86,23.33,1.43,0.47
2006-12-05,0.14,28.37,64.0,25.16,1.27,0.47
2006-12-06,2.21,27.56,76.71,23.05,1.61,0.47
2006-12-07,2.54,27.75,75.38,23.88,1.66,0.47
2006-12-08,0.0,28.59,70.54,20.89,2.0,0.47
2006-12-09,18.07,27.33,78.44,22.2,1.27,0.48
2006-12-10,22.75,27.44,77.36,23.65,1.72,0.52
2006-12-11,8.18,27.05,79.67,19.71,1.48,0.55
2006-12-12,0.0,27.5,78.1,22.72,1.98,0.54
2006-12-13,0.22,27.74,71.33,23.16,1.17,0.54
2006-12-14,18.9,26.12,83.35,21.62,1.32,0.54
2006-12-15,5.4,26.73,80.33,20.97,1.41,0.57
2006-12-16,0.12,28.0,70.99,22.2,1.55,0.56
2006-12-17,1.09,27.75,72.59,21.94,1.49,0.56
2006-12-18,0.54,27.56,75.69,21.26,2.05,0.55
2006-12-19,23.46,26.42,87.6,17.71,2.24,0.57
2006-12-20,3.88,26.83,81.75,25.49,2.19,0.59
2006-12-21,0.09,26.94,73.67,23.43,2.06,0.58
2006-12-22,0.04,27.14,77.42,25.34,2.07,0.57
2006-12-23,0.43,26.71,78.96,20.69,2.34,0.57
2006-12-24,0.33,27.65,70.76,23.43,2.36,0.56
2006-12-25,0.18,27.98,73.5,22.4,1.49,0.55
2006-12-26,1.84,27.21,80.37,20.5,2.65,0.55
2006-12-27,6.63,26.41,84.53,19.91,2.9,0.55
2006-12-28,32.14,25.7,89.22,16.18,3.25,0.58
2006-12-29,12.48,26.02,87.47,13.56,1.94,0.63
2006-12-30,8.71,26.12,85.96,19.21,1.56,0.63
2006-12-31,4.61,26.27,87.17,17.57,1.62,0.64
2007-01-01,4.32,26.93,83.47,14.68,1.43,0.64
2007-01-02,1.19,27.18,80.2,18.63,2.06,0.63
2007-01-03,10.94,26.77,81.92,18.65,1.94,0.63
2007-01-04,1.91,26.28,82.2,19.83,2.57,0.64
2007-01-05,0.22,25.96,83.22,13.86,2.19,0.63
2007-01-06,0.06,25.8,83.2,15.92,2.15,0.62
2007-01-07,13.57,25.52,86.05,18.67,1.95,0.63
2007-01-08,24.17,25.69,89.53,18.58,2.4,0.66
2007-01-09,34.17,25.71,90.42,14.01,2.55,0.7
2007-01-10,27.29,25.56,89.36,13.92,3.04,0.75
2007-01-11,10.08,25.96,88.36,15.82,2.31,0.77
2007-01-12,24.57,26.17,88.39,17.4,2.88,0.77
2007-01-13,15.47,26.22,86.7,16.09,3.11,0.8
2007-01-14,0.25,26.64,84.09,20.94,2.81,0.79
2007-01-15,0.87,26.36,84.37,21.54,2.9,0.78
2007-01-16,2.95,26.11,85.36,20.74,2.89,0.77
2007-01-17,3.1,26.42,83.96,16.44,2.53,0.76
2007-01-18,1.31,26.09,85.78,20.19,2.45,0.76
2007-01-19,0.44,26.29,84.64,20.22,2.6,0.75
2007-01-20,0.0,26.49,84.13,22.5,1.97,0.74
2007-01-21,0.0,26.6,81.21,23.25,2.43,0.72
2007-01-22,0.0,26.84,80.72,22.82,2.23,0.71
2007-01-23,0.0,26.72,80.9,24.75,2.4,0.7
2007-01-24,0.01,26.63,82.53,22.23,2.6,0.68
2007-01-25,0.01,26.35,84.51,20.83,2.43,0.67
2007-01-26,3.72,26.63,84.67,20.96,2.16,0.67
2007-01-27,0.48,26.56,83.55,23.72,2.33,0.67
2007-01-28,0.33,26.57,82.45,21.36,2.73,0.66
2007-01-29,7.15,26.45,83.13,17.45,3.3,0.65
2007-01-30,3.89,26.51,81.88,19.71,2.29,0.65
2007-01-31,0.31,26.87,80.2,22.88,2.2,0.64
2007-02-01,13.04,26.23,84.3,22.86,2.18,0.64
2007-02-02,7.55,26.39,84.42,25.5,2.39,0.66
2007-02-03,0.18,26.79,80.78,24.14,2.81,0.65
2007-02-04,0.52,26.73,81.52,22.93,3.19,0.64
2007-02-05,0.16,26.74,81.97,20.98,3.34,0.62
2007-02-06,2.42,26.68,81.96,21.35,3.63,0.62
2007-02-07,1.33,26.7,81.67,21.46,3.1,0.61
2007-02-08,0.15,26.47,82.31,21.88,2.88,0.6
2007-02-09,2.48,26.54,81.61,22.24,2.27,0.6
2007-02-10,1.41,26.76,78.83,25.52,1.65,0.6
2007-02-11,7.32,26.84,76.65,26.56,1.53,0.59
2007-02-12,5.11,27.04,78.29,25.77,1.7,0.6
2007-02-13,7.51,27.23,78.81,25.19,1.55,0.59
2007-02-14,2.45,27.37,78.54,25.35,1.8,0.6
2007-02-15,1.92,27.11,78.98,25.49,1.62,0.59
2007-02-16,12.42,26.59,80.06,21.95,1.45,0.59
2007-02-17,11.32,26.28,81.32,23.27,1.47,0.61
2007-02-18,1.3,26.3,79.69,21.61,1.71,0.6
2007-02-19,5.71,26.52,76.22,22.1,1.76,0.6
2007-02-20,3.31,26.72,75.15,21.9,1.36,0.6
2007-02-21,38.09,26.28,83.54,19.68,1.18,0.62
2007-02-22,64.71,25.56,89.55,19.14,1.84,0.72
2007-02-23,17.69,26.05,83.86,16.67,1.46,0.77
2007-02-24,21.53,25.31,88.3,14.21,1.37,0.78
2007-02-25,23.26,25.36,84.9,15.05,1.04,0.8
2007-02-26,15.63,25.44,85.9,14.26,1.09,0.82
2007-02-27,5.09,26.24,82.42,17.82,1.33,0.83
2007-02-28,5.08,26.26,83.8,16.7,1.27,0.82
2007-03-01,24.0,26.18,87.26,19.07,1.63,0.83
2007-03-02,61.66,25.8,90.25,14.46,2.18,0.9
2007-03-03,54.85,25.16,90.06,11.65,3.38,0.94
2007-03-04,25.02,25.18,89.76,9.87,3.12,0.95
2007-03-05,29.01,25.53,89.25,11.96,3.79,0.96
2007-03-06,19.15,25.65,89.24,14.84,2.44,0.97
2007-03-07,8.34,25.58,87.4,12.73,2.58,0.97
2007-03-08,0.63,26.35,80.86,19.73,1.25,0.96
2007-03-09,0.04,26.29,78.79,21.7,0.97,0.95
2007-03-10,0.01,26.68,78.94,19.36,1.06,0.94
2007-03-11,0.04,26.3,79.53,14.82,1.01,0.93
2007-03-12,2.94,25.34,85.55,10.4,1.62,0.93
2007-03-13,0.3,25.47,83.78,18.49,1.31,0.92
2007-03-14,30.31,25.43,88.15,14.4,1.89,0.93
2007-03-15,20.3,26.1,84.46,17.73,1.03,0.95
2007-03-16,3.37,25.35,89.75,19.67,1.41,0.95
2007-03-17,0.71,25.71,87.07,18.42,0.98,0.94
2007-03-18,0.03,25.39,88.8,17.1,1.6,0.94
2007-03-19,16.98,25.57,88.77,18.92,1.76,0.94
2007-03-20,3.02,25.69,85.5,21.59,1.71,0.94
2007-03-21,0.26,26.02,84.64,17.3,1.52,0.93
2007-03-22,0.22,26.37,81.88,17.83,0.77,0.93
2007-03-23,0.53,26.31,82.58,16.04,0.52,0.92
2007-03-24,0.71,26.47,82.23,18.61,0.94,0.91
2007-03-25,1.31,26.26,85.73,18.54,0.83,0.91
2007-03-26,0.08,26.07,85.14,17.95,1.12,0.9
2007-03-27,0.76,26.71,79.06,21.39,0.9,0.9
2007-03-28,2.15,26.94,80.38,22.65,1.05,0.89
2007-03-29,0.38,26.67,81.96,20.59,1.26,0.89
2007-03-30,7.41,25.97,82.35,20.9,0.9,0.88
2007-03-31,4.3,25.15,88.99,14.1,1.11,0.89
2007-04-01,4.39,25.44,88.78,17.92,1.48,0.88
2007-04-02,0.98,25.59,86.07,18.3,2.32,0.88
2007-04-03,0.06,25.57,83.09,22.83,2.19,0.87
2007-04-04,1.37,25.54,82.9,22.21,1.96,0.86
2007-04-05,2.22,25.5,85.81,21.12,1.66,0.85
2007-04-06,0.41,25.76,85.71,18.94,2.15,0.85
2007-04-07,0.0,25.51,85.45,22.81,2.03,0.84
2007-04-08,0.15,25.7,83.13,20.8,2.25,0.82
2007-04-09,0.0,25.86,78.36,19.78,2.31,0.81
2007-04-10,0.17,25.85,86.91,15.63,2.62,0.8
2007-04-11,21.52,25.3,89.11,9.56,3.86,0.8
2007-04-12,8.99,25.32,93.69,10.73,4.62,0.83
2007-04-13,0.99,25.5,91.14,15.14,2.82,0.83
2007-04-14,0.01,25.43,87.51,20.24,2.1,0.82
2007-04-15,0.02,25.63,84.43,19.91,1.94,0.81
2007-04-16,0.0,25.63,82.91,16.4,1.93,0.8
2007-04-17,0.01,25.1,89.33,9.74,2.04,0.79
2007-04-18,0.47,25.29,90.36,7.92,2.36,0.79
2007-04-19,0.16,25.46,88.19,19.89,2.66,0.78
2007-04-20,0.25,25.33,83.25,17.98,2.73,0.77
2007-04-21,0.02,24.64,81.0,19.21,2.42,0.76
2007-04-22,0.0,24.16,79.65,18.44,2.62,0.75
2007-04-23,0.0,24.26,79.24,19.16,2.73,0.74
2007-04-24,0.0,24.41,80.99,20.63,3.21,0.73
2007-04-25,0.0,24.28,81.1,21.45,2.82,0.71
2007-04-26,0.0,24.65,85.37,20.28,2.82,0.71
2007-04-27,0.02,24.6,83.42,16.02,2.25,0.7
2007-04-28,0.0,24.08,83.23,23.01,1.99,0.68
2007-04-29,0.0,23.68,83.87,23.51,1.75,0.67
2007-04-30,0.0,23.73,85.29,22.17,1.95,0.66
2007-05-01,0.0,23.96,85.37,20.69,1.67,0.65
2007-05-02,0.01,24.36,81.38,21.51,1.43,0.64
2007-05-03,0.0,24.4,86.01,19.98,1.72,0.64
2007-05-04,0.0,24.94,87.51,18.82,2.34,0.63
2007-05-05,0.0,24.97,84.73,21.84,2.56,0.62
2007-05-06,0.0,25.19,83.02,21.43,2.37,0.61
2007-05-07,0.0,25.06,79.84,16.87,2.49,0.6
2007-05-08,0.0,24.92,79.68,21.75,2.64,0.59
2007-05-09,0.0,24.72,79.31,23.31,2.18,0.59
2007-05-10,0.0,24.89,76.42,23.06,1.58,0.58
2007-05-11,0.0,24.65,76.37,22.7,1.63,0.57
2007-05-12,0.0,24.21,77.39,22.33,1.91,0.57
2007-05-13,0.0,24.72,76.33,20.66,2.09,0.56
2007-05-14,0.0,24.67,78.36,21.49,1.96,0.55
2007-05-15,0.0,25.41,79.37,19.96,2.04,0.55
2007-05-16,0.0,26.1,75.89,19.93,1.76,0.54
2007-05-17,0.0,26.38,77.1,17.61,1.44,0.54
2007-05-18,0.0,26.33,80.37,16.82,2.43,0.54
2007-05-19,0.0,26.19,79.91,19.47,2.27,0.53
2007-05-20,0.0,25.7,78.97,21.06,2.48,0.53
2007-05-21,0.0,25.48,80.21,20.77,2.63,0.52
2007-05-22,0.0,25.7,79.39,16.7,2.95,0.52
2007-05-23,0.0,25.45,76.63,12.71,2.83,0.52
2007-05-24,0.0,25.1,68.32,18.67,2.53,0.51
2007-05-25,0.0,25.44,76.64,16.86,2.46,0.51
2007-05-26,0.01,26.25,81.35,17.27,2.95,0.51
2007-05-27,0.06,26.07,81.91,13.87,2.77,0.5
2007-05-28,0.01,26.29,80.1,15.79,2.91,0.5
2007-05-29,0.0,25.84,78.29,16.95,2.86,0.5
2007-05-30,0.37,25.78,79.15,19.91,3.11,0.5
2007-05-31,0.05,26.06,78.07,18.57,3.26,0.5
2007-06-01,0.01,26.26,80.78,12.67,3.87,0.49
2007-06-02,0.0,25.79,79.58,15.82,3.78,0.49
2007-06-03,0.0,26.16,76.13,15.57,3.5,0.49
2007-06-04,0.0,25.95,73.86,15.52,3.51,0.49
2007-06-05,0.0,25.99,74.02,15.24,3.7,0.48
2007-06-06,0.76,25.87,77.08,10.21,3.56,0.48
2007-06-07,0.61,26.01,78.48,10.65,3.51,0.48
2007-06-08,0.1,25.36,73.64,15.04,3.59,0.48
2007-06-09,0.0,24.23,68.6,14.12,3.34,0.48
2007-06-10,0.0,23.55,69.33,14.26,3.04,0.47
2007-06-11,0.0,24.04,69.41,14.77,2.9,0.47
2007-06-12,0.0,24.49,67.21,14.14,3.1,0.47
2007-06-13,0.0,24.53,69.47,16.37,3.46,0.47
2007-06-14,0.0,24.41,71.82,14.86,3.13,0.47
2007-06-15,0.02,24.65,76.39,16.03,2.96,0.47
2007-06-16,0.0,25.15,76.27,14.39,2.88,0.46
2007-06-17,0.0,25.2,77.34,14.61,2.41,0.46
2007-06-18,0.0,25.15,74.96,11.36,2.52,0.46
2007-06-19,0.23,24.67,82.75,10.03,2.64,0.46
2007-06-20,1.61,25.57,81.59,11.96,2.1,0.46
2007-06-21,1.0,25.78,82.29,11.26,2.72,0.46
2007-06-22,3.73,25.94,84.23,12.51,3.55,0.46
2007-06-23,2.9,25.37,88.26,12.37,3.73,0.47
2007-06-24,3.71,26.67,81.6,13.18,1.5,0.47
2007-06-25,5.03,24.65,90.43,11.85,2.79,0.47
2007-06-26,10.99,24.19,86.33,9.83,4.33,0.48
2007-06-27,1.73,23.35,78.83,11.29,4.26,0.49
2007-06-28,0.0,23.33,70.8,14.38,3.38,0.49
2007-06-29,0.0,22.35,72.62,14.35,2.73,0.49
2007-06-30,0.0,22.35,71.15,16.21,2.8,0.48
2007-07-01,0.0,22.65,68.92,17.12,2.72,0.48
2007-07-02,0.0,22.42,72.36,19.71,2.86,0.48
2007-07-03,0.0,23.42,75.19,16.22,2.76,0.48
2007-07-04,0.0,23.19,72.92,15.9,3.04,0.47
2007-07-05,0.0,22.94,72.57,18.58,2.61,0.47
2007-07-06,0.0,22.54,72.42,20.06,2.49,0.47
2007-07-07,0.0,22.43,71.06,21.2,2.74,0.47
2007-07-08,0.0,22.77,66.22,16.84,3.36,0.47
2007-07-09,0.0,22.55,66.01,17.1,3.53,0.46
2007-07-10,0.0,22.27,67.36,15.5,3.08,0.46
2007-07-11,0.0,22.22,68.2,16.7,3.15,0.46
2007-07-12,0.0,22.04,73.28,16.78,3.29,0.46
2007-07-13,0.0,23.05,77.81,14.84,3.35,0.46
2007-07-14,0.0,23.62,78.0,10.3,3.78,0.46
2007-07-15,0.0,23.96,76.9,17.39,3.4,0.46
2007-07-16,2.65,23.99,84.85,13.0,3.68,0.46
2007-07-17,0.29,24.08,82.22,15.83,3.81,0.46
2007-07-18,0.0,23.82,75.44,16.26,4.12,0.46
2007-07-19,0.0,23.57,73.98,11.34,4.35,0.46
2007-07-20,0.0,23.72,75.59,15.31,4.32,0.45
2007-07-21,0.0,23.25,74.96,17.76,4.17,0.45
2007-07-22,0.0,22.94,73.43,20.95,3.92,0.45
2007-07-23,0.0,23.03,74.44,19.4,3.6,0.45
2007-07-24,0.0,23.3,78.19,13.71,3.29,0.45
2007-07-25,0.0,23.23,75.72,21.38,2.56,0.45
2007-07-26,0.0,23.08,74.73,20.84,2.48,0.45
2007-07-27,0.0,23.09,77.63,20.0,2.72,0.44
2007-07-28,0.01,23.58,76.38,19.94,2.79,0.44
2007-07-29,0.0,22.92,77.07,20.84,2.48,0.44
2007-07-30,0.0,22.79,75.55,21.73,2.25,0.44
2007-07-31,0.0,22.67,71.52,22.59,2.33,0.44
2007-08-01,0.0,22.2,73.14,21.66,2.4,0.44
2007-08-02,0.0,22.24,71.41,22.51,2.09,0.44
2007-08-03,0.0,21.77,74.26,19.18,1.81,0.44
2007-08-04,0.0,22.88,74.96,20.97,2.56,0.43
2007-08-05,0.0,23.41,77.89,17.3,3.68,0.43
2007-08-06,0.05,23.58,68.65,18.17,3.51,0.43
2007-08-07,0.0,22.95,70.11,15.01,3.24,0.43
2007-08-08,0.0,23.16,70.94,18.28,3.25,0.43
2007-08-09,0.0,23.47,67.38,18.96,3.29,0.43
2007-08-10,0.0,23.4,71.43,21.53,3.1,0.43
2007-08-11,0.0,23.72,74.8,21.94,3.0,0.43
2007-08-12,0.0,24.45,74.92,21.61,2.93,0.43
2007-08-13,0.0,24.37,72.95,23.12,2.64,0.43
2007-08-14,0.0,24.23,75.25,22.03,2.4,0.43
2007-08-15,0.45,24.1,75.83,19.52,2.13,0.43
2007-08-16,0.01,24.55,75.31,19.02,2.14,0.43
2007-08-17,6.44,23.75,81.2,10.69,3.67,0.43
2007-08-18,0.78,23.47,82.76,12.77,4.26,0.44
2007-08-19,0.04,23.89,77.91,13.09,4.18,0.44
2007-08-20,0.0,24.1,73.08,19.35,3.3,0.44
2007-08-21,0.0,23.98,73.41,18.76,2.82,0.44
2007-08-22,0.0,23.61,71.65,20.87,2.61,0.44
2007-08-23,0.0,23.64,69.48,22.97,2.92,0.43
2007-08-24,0.0,23.17,64.43,21.95,2.66,0.43
2007-08-25,0.0,22.56,56.88,25.5,2.33,0.43
2007-08-26,0.0,22.74,59.74,25.38,2.62,0.43
2007-08-27,0.0,23.18,71.82,24.11,3.05,0.43
2007-08-28,0.0,23.52,75.41,22.62,3.0,0.43
2007-08-29,0.0,23.71,78.37,20.93,3.26,0.43
2007-08-30,0.0,23.76,77.32,22.98,2.76,0.43
2007-08-31,0.0,23.62,76.89,24.92,3.11,0.43
2007-09-01,0.0,24.39,75.99,21.82,3.2,0.43
2007-09-02,0.0,24.71,76.55,20.13,3.01,0.43
2007-09-03,0.0,24.91,75.24,19.23,2.61,0.43
2007-09-04,0.0,25.11,75.16,23.47,2.79,0.43
2007-09-05,0.0,24.8,71.83,25.46,2.39,0.43
2007-09-06,0.0,24.45,67.25,25.72,2.47,0.43
2007-09-07,0.0,24.36,68.3,24.72,2.55,0.43
2007-09-08,0.0,24.14,62.64,23.73,2.45,0.43
2007-09-09,0.0,24.21,60.39,23.58,2.41,0.43
2007-09-10,0.0,24.03,63.24,26.17,2.63,0.43
2007-09-11,0.0,24.86,65.52,25.99,2.38,0.43
2007-09-12,0.0,24.19,70.68,24.71,2.71,0.43
2007-09-13,0.0,24.27,71.67,24.41,2.98,0.43
2007-09-14,0.0,25.05,62.62,26.44,2.32,0.43
2007-09-15,0.0,24.4,71.04,22.92,2.34,0.43
2007-09-16,0.0,24.58,70.58,26.0,2.23,0.43
2007-09-17,0.0,24.82,70.76,26.17,2.19,0.42
2007-09-18,0.0,25.38,66.81,26.05,1.74,0.42
2007-09-19,0.0,25.38,64.96,26.4,1.64,0.42
2007-09-20,0.0,25.35,61.41,22.58,1.75,0.42
2007-09-21,0.0,25.38,68.31,25.93,2.08,0.42
2007-09-22,0.0,25.74,68.28,26.88,2.32,0.42
2007-09-23,0.0,26.02,64.73,26.71,2.15,0.42
2007-09-24,0.0,26.04,63.63,26.71,2.01,0.42
2007-09-25,0.0,25.9,66.43,26.8,1.76,0.42
2007-09-26,0.0,25.85,61.18,27.25,2.49,0.42
2007-09-27,0.0,25.88,65.4,26.64,2.52,0.42
2007-09-28,0.0,26.67,61.82,25.77,1.88,0.42
2007-09-29,0.0,26.39,65.88,24.1,1.98,0.42
2007-09-30,0.0,26.6,67.04,22.67,2.06,0.42
2007-10-01,0.0,26.31,64.28,26.18,2.15,0.42
2007-10-02,0.0,25.68,71.03,26.65,2.82,0.42
2007-10-03,0.0,25.73,70.56,26.44,2.95,0.42
2007-10-04,0.0,25.87,70.21,25.81,2.69,0.42
2007-10-05,0.0,26.38,69.74,26.07,2.57,0.42
2007-10-06,0.0,26.63,69.24,24.46,2.32,0.42
2007-10-07,0.0,27.1,66.9,21.57,2.03,0.42
2007-10-08,0.0,27.78,65.81,23.23,1.4,0.42
2007-10-09,0.0,27.53,62.84,26.83,1.58,0.42
2007-10-10,0.0,26.61,70.11,22.97,2.17,0.42
2007-10-11,0.0,26.68,67.49,24.01,2.07,0.42
2007-10-12,0.0,26.9,67.95,23.68,2.03,0.42
2007-10-13,0.0,27.26,67.12,25.8,1.93,0.42
2007-10-14,0.0,26.98,64.06,25.72,1.92,0.42
2007-10-15,0.0,26.75,67.66,27.01,2.23,0.42
2007-10-16,0.0,26.54,66.28,27.12,2.3,0.42
2007-10-17,0.0,26.72,70.99,23.84,2.39,0.42
2007-10-18,0.0,26.76,70.2,25.96,2.4,0.42
2007-10-19,0.0,27.28,67.27,25.7,2.44,0.42
2007-10-20,0.0,26.13,71.45,25.46,2.74,0.42
2007-10-21,0.0,26.31,71.33,26.88,2.73,0.42
2007-10-22,0.0,26.89,66.91,26.81,2.47,0.42
2007-10-23,0.0,27.58,62.73,27.66,2.36,0.42
2007-10-24,0.0,28.28,60.37,25.0,2.16,0.42
2007-10-25,0.0,27.76,57.87,26.4,2.51,0.42
2007-10-26,0.0,27.4,65.65,26.58,2.7,0.42
2007-10-27,0.0,28.02,62.54,23.31,1.96,0.42
2007-10-28,0.0,27.97,63.27,25.94,1.93,0.42
2007-10-29,0.0,28.56,63.53,26.4,1.81,0.42
2007-10-30,1.5,28.49,65.79,20.83,1.85,0.42
2007-10-31,1.82,27.11,74.5,19.15,2.09,0.43
2007-11-01,0.2,28.01,67.44,23.37,2.09,0.43
2007-11-02,0.8,27.89,68.0,22.8,1.87,0.43
2007-11-03,0.38,27.86,70.41,22.03,2.38,0.43
2007-11-04,4.38,27.84,72.02,23.58,2.25,0.43
2007-11-05,0.79,27.85,71.78,24.82,2.56,0.44
2007-11-06,9.54,27.38,72.75,22.11,1.93,0.44
2007-11-07,2.34,27.13,73.35,25.96,2.53,0.45
2007-11-08,0.0,27.48,68.24,25.11,2.12,0.45
2007-11-09,0.0,28.09,67.49,26.27,2.16,0.45
2007-11-10,0.0,28.15,64.89,25.37,1.91,0.44
2007-11-11,0.33,28.18,64.37,24.2,1.44,0.44
2007-11-12,7.61,28.17,64.7,22.52,1.42,0.44
2007-11-13,8.46,27.75,71.2,21.77,1.1,0.46
2007-11-14,1.34,28.13,70.82,23.71,1.41,0.46
2007-11-15,0.01,28.89,66.55,19.85,1.79,0.46
2007-11-16,0.0,28.73,69.13,21.31,2.38,0.46
2007-11-17,0.0,28.69,68.78,23.5,2.65,0.45
2007-11-18,0.0,28.84,67.25,22.55,2.78,0.45
2007-11-19,0.0,29.05,65.47,24.57,2.69,0.45
2007-11-20,0.82,28.45,67.88,23.95,2.61,0.45
2007-11-21,1.28,28.51,70.02,24.05,2.56,0.45
2007-11-22,5.17,27.8,73.37,17.02,2.14,0.45
2007-11-23,3.07,26.85,80.12,13.29,1.88,0.46
2007-11-24,3.8,27.55,73.67,25.41,2.08,0.46
2007-11-25,0.11,27.48,70.13,26.05,2.29,0.46
2007-11-26,0.16,27.76,66.48,26.86,1.66,0.45
2007-11-27,0.0,28.17,61.93,28.19,1.74,0.45
2007-11-28,0.0,28.43,68.21,23.16,2.14,0.45
2007-11-29,0.0,27.94,69.52,25.63,1.51,0.45
2007-11-30,0.14,27.87,69.25,23.02,1.64,0.44
2007-12-01,0.03,28.67,69.31,21.39,1.78,0.44
2007-12-02,0.0,29.09,66.71,26.36,1.46,0.44
2007-12-03,0.0,29.83,63.87,27.19,1.62,0.44
2007-12-04,0.0,28.74,69.32,22.19,2.51,0.44
2007-12-05,8.1,28.11,72.17,21.55,2.06,0.44
2007-12-06,6.2,26.98,80.36,17.36,1.33,0.46
2007-12-07,7.54,27.19,78.22,21.26,1.25,0.47
2007-12-08,3.12,27.82,72.48,21.74,1.78,0.47
2007-12-09,1.62,28.1,70.35,21.19,1.99,0.47
2007-12-10,1.46,27.98,72.76,21.15,1.99,0.47
2007-12-11,0.13,28.55,68.96,22.69,2.02,0.47
2007-12-12,0.09,28.56,67.54,22.81,1.99,0.46
2007-12-13,3.97,28.31,70.74,23.0,2.09,0.47
2007-12-14,3.56,27.19,78.01,19.04,1.67,0.47
2007-12-15,3.39,28.25,75.33,22.86,1.73,0.47
2007-12-16,21.98,27.22,81.24,18.14,1.54,0.49
2007-12-17,7.55,26.82,78.86,19.73,0.99,0.53
2007-12-18,16.65,26.26,84.7,15.36,1.05,0.54
2007-12-19,14.98,26.94,80.28,19.25,1.42,0.56
2007-12-20,33.44,26.5,82.92,17.48,1.06,0.6
2007-12-21,11.72,26.88,80.43,21.38,1.24,0.64
2007-12-22,14.35,26.7,86.14,19.27,2.15,0.64
2007-12-23,15.89,26.21,88.07,16.03,1.59,0.66
2007-12-24,8.57,26.07,86.75,17.2,1.84,0.68
2007-12-25,3.84,26.31,81.78,17.0,1.3,0.68
2007-12-26,10.24,26.52,87.93,19.89,1.65,0.68
2007-12-27,9.25,26.79,87.39,11.19,2.12,0.7
2007-12-28,3.53,26.71,84.08,14.87,2.64,0.69
2007-12-29,11.43,26.36,87.58,9.07,2.09,0.7
2007-12-30,10.74,25.97,88.8,9.69,2.8,0.71
2007-12-31,3.61,26.07,85.09,18.13,2.82,0.72
2008-01-01,7.32,26.1,87.13,17.48,3.67,0.71
2008-01-02,10.23,26.22,86.67,17.53,4.02,0.72
2008-01-03,8.53,25.81,85.02,15.71,5.17,0.72
2008-01-04,7.2,25.66,86.43,10.9,5.31,0.72
2008-01-05,3.06,25.45,87.83,15.79,3.9,0.72
2008-01-06,0.07,26.24,85.1,20.42,3.41,0.71
2008-01-07,0.83,26.14,85.56,19.27,3.1,0.7
2008-01-08,0.43,26.05,83.7,20.62,3.16,0.69
2008-01-09,2.22,25.81,85.65,18.81,3.15,0.68
2008-01-10,4.14,25.96,87.04,17.37,3.27,0.68
2008-01-11,2.15,26.19,87.29,20.55,3.28,0.68
2008-01-12,6.59,25.72,88.72,18.27,3.17,0.68
2008-01-13,1.77,25.72,84.59,20.43,2.32,0.68
2008-01-14,1.73,25.98,83.5,19.35,1.98,0.68
2008-01-15,3.24,26.15,83.66,17.01,1.88,0.67
2008-01-16,1.62,26.04,82.98,18.03,2.27,0.67
2008-01-17,2.9,25.5,85.31,20.44,2.97,0.67
2008-01-18,0.93,25.98,83.55,19.69,2.93,0.66
2008-01-19,0.0,25.88,84.11,20.09,2.74,0.65
2008-01-20,0.0,26.16,82.08,22.3,2.93,0.64
2008-01-21,0.0,26.42,81.59,23.1,2.52,0.63
2008-01-22,8.81,26.33,83.2,23.69,1.81,0.63
2008-01-23,29.91,25.77,88.69,19.98,1.62,0.66
2008-01-24,12.96,26.04,86.61,20.64,1.16,0.7
2008-01-25,18.77,26.27,84.62,23.18,1.44,0.7
2008-01-26,26.49,26.08,85.17,18.49,1.66,0.74
2008-01-27,4.64,26.16,88.7,20.53,1.28,0.75
2008-01-28,2.05,25.68,92.15,16.54,2.21,0.75
2008-01-29,1.09,26.32,84.08,19.02,0.78,0.75
2008-01-30,0.33,26.58,83.42,20.2,0.91,0.74
2008-01-31,14.15,26.02,88.19,19.01,1.38,0.75
2008-02-01,3.69,26.33,87.73,23.18,1.53,0.76
2008-02-02,7.85,26.14,88.35,21.38,1.44,0.76
2008-02-03,6.42,26.61,83.9,19.94,1.27,0.77
2008-02-04,10.0,26.57,83.73,19.23,1.8,0.77
2008-02-05,16.32,26.03,89.25,14.71,2.23,0.78
2008-02-06,47.06,25.92,88.59,18.24,3.08,0.82
2008-02-07,73.36,25.55,90.99,13.85,2.7,0.89
2008-02-08,194.91,25.51,91.12,13.67,3.09,0.96
2008-02-09,72.69,25.46,92.36,11.05,3.32,1.0
2008-02-10,20.38,25.54,90.83,11.71,4.11,1.0
2008-02-11,6.66,25.87,88.44,16.85,3.84,0.99
2008-02-12,7.14,26.07,89.9,15.56,3.59,0.98
2008-02-13,20.07,25.95,88.66,15.96,3.76,0.98
2008-02-14,16.31,25.7,90.12,12.67,3.02,0.98
2008-02-15,39.46,25.42,89.29,13.11,3.41,0.98
2008-02-16,45.21,25.34,89.15,11.1,2.72,1.0
2008-02-17,2.74,25.84,86.35,18.78,1.91,0.99
2008-02-18,9.26,25.42,87.61,12.45,1.86,0.98
2008-02-19,11.07,25.19,87.83,12.4,2.38,0.98
2008-02-20,89.81,24.78,92.8,11.35,3.61,0.99
2008-02-21,70.69,24.96,91.52,10.75,3.57,1.0
2008-02-22,23.58,25.62,89.67,11.12,2.74,1.0
2008-02-23,13.13,25.27,88.51,18.67,2.33,0.99
2008-02-24,7.07,25.08,89.67,16.16,2.46,0.99
2008-02-25,0.93,25.39,85.14,21.03,2.53,0.98
2008-02-26,0.21,25.33,86.08,19.19,2.09,0.97
2008-02-27,0.57,25.36,86.99,20.09,1.94,0.97
2008-02-28,5.41,25.08,90.39,18.99,2.06,0.96
2008-02-29,3.15,25.53,88.37,20.86,2.03,0.96
2008-03-01,0.47,26.13,84.82,21.26,1.61,0.96
2008-03-02,1.23,25.45,86.94,17.57,1.04,0.95
2008-03-03,0.36,24.97,86.54,18.61,0.92,0.95
2008-03-04,1.59,25.37,85.54,20.1,1.29,0.94
2008-03-05,2.73,25.19,85.43,21.95,1.59,0.93
2008-03-06,16.47,25.31,87.57,18.6,1.74,0.94
2008-03-07,6.24,25.15,90.54,18.7,1.94,0.94
2008-03-08,3.24,25.15,92.18,20.18,2.43,0.94
2008-03-09,8.01,25.63,85.07,20.41,1.46,0.94
2008-03-10,2.78,26.44,79.99,22.52,0.61,0.93
2008-03-11,2.1,26.0,87.43,19.74,1.1,0.93
2008-03-12,1.4,25.66,87.72,14.79,1.05,0.92
2008-03-13,13.48,25.76,88.3,21.4,1.14,0.93
2008-03-14,3.81,25.72,86.94,21.76,1.13,0.93
2008-03-15,7.73,25.36,86.92,18.53,1.14,0.93
2008-03-16,4.62,26.05,81.69,17.59,1.32,0.93
2008-03-17,4.29,25.28,87.93,18.46,1.14,0.93
2008-03-18,0.25,25.4,88.59,22.05,1.32,0.92
2008-03-19,0.88,25.79,86.23,20.22,1.27,0.92
2008-03-20,1.35,25.3,90.3,15.35,1.57,0.91
2008-03-21,15.86,26.05,83.31,13.82,0.67,0.91
2008-03-22,18.79,25.66,84.86,15.39,1.1,0.93
2008-03-23,4.17,25.8,83.98,16.98,1.13,0.93
2008-03-24,0.29,25.44,82.9,22.1,1.54,0.92
2008-03-25,0.5,25.62,81.45,16.26,1.21,0.91
2008-03-26,1.43,26.18,79.36,19.27,1.04,0.9
2008-03-27,2.88,25.45,88.29,18.02,1.24,0.9
2008-03-28,2.5,25.26,85.48,16.51,1.43,0.9
2008-03-29,0.76,25.54,85.59,18.2,2.05,0.89
2008-03-30,3.06,25.88,85.8,20.02,2.32,0.88
2008-03-31,12.93,25.47,90.01,17.47,2.03,0.88
2008-04-01,9.86,25.06,90.63,17.38,1.92,0.9
2008-04-02,5.05,24.99,87.64,16.79,1.6,0.9
2008-04-03,0.04,24.97,83.78,19.34,1.14,0.89
2008-04-04,0.07,24.67,89.59,15.88,1.71,0.88
2008-04-05,4.77,24.82,91.97,10.59,3.04,0.88
2008-04-06,1.43,24.82,87.08,21.0,2.37,0.88
2008-04-07,0.93,25.4,82.78,19.67,2.36,0.87
2008-04-08,0.33,25.32,79.95,20.94,2.55,0.86
2008-04-09,0.38,25.18,81.69,24.51,2.27,0.85
2008-04-10,0.0,24.98,81.36,23.75,2.4,0.84
2008-04-11,0.01,25.22,80.66,22.47,2.37,0.83
2008-04-12,0.0,24.96,77.24,25.37,2.19,0.81
2008-04-13,0.01,24.78,77.64,23.97,2.23,0.8
2008-04-14,0.01,24.59,78.77,21.22,2.84,0.79
2008-04-15,0.0,24.97,77.45,19.97,2.78,0.78
2008-04-16,0.0,24.78,75.96,22.79,2.33,0.76
2008-04-17,0.0,25.34,77.71,22.45,2.51,0.75
2008-04-18,0.66,24.87,77.16,18.9,2.48,0.74
2008-04-19,0.17,24.16,74.51,20.35,2.43,0.73
2008-04-20,0.01,24.21,76.64,21.46,2.39,0.71
2008-04-21,0.01,24.5,78.3,20.12,2.78,0.7
2008-04-22,0.27,24.59,81.64,22.66,2.61,0.69
2008-04-23,0.17,24.59,83.12,22.73,2.59,0.68
2008-04-24,0.02,24.31,84.15,16.58,2.29,0.67
2008-04-25,0.0,24.54,81.2,23.4,2.36,0.66
2008-04-26,0.0,23.99,78.1,23.99,2.14,0.65
2008-04-27,0.0,23.86,78.87,22.08,1.93,0.64
2008-04-28,0.0,24.03,79.57,21.88,2.42,0.63
2008-04-29,0.0,25.01,77.71,22.62,2.88,0.62
2008-04-30,0.0,25.29,77.7,20.42,2.68,0.61
2008-05-01,0.01,24.97,82.15,19.28,2.47,0.6
2008-05-02,0.0,25.23,79.47,19.01,2.26,0.6
2008-05-03,0.02,25.53,77.83,21.03,2.26,0.59
2008-05-04,0.21,25.42,76.81,21.94,2.55,0.58
2008-05-05,0.03,25.18,73.05,21.21,2.84,0.57
2008-05-06,0.0,24.97,71.24,18.9,2.78,0.57
2008-05-07,0.0,25.01,66.68,21.08,2.77,0.56
2008-05-08,0.0,24.62,65.11,20.13,2.73,0.55
2008-05-09,0.16,24.49,68.08,17.61,2.54,0.55
2008-05-10,0.0,24.58,68.56,15.97,2.66,0.54
2008-05-11,0.0,24.23,71.73,19.36,2.36,0.54
2008-05-12,0.0,24.49,70.1,18.73,2.26,0.53
2008-05-13,0.0,24.99,72.16,17.26,2.12,0.53
2008-05-14,0.0,25.4,75.08,11.98,2.36,0.52
2008-05-15,0.21,24.93,74.29,16.8,2.73,0.52
2008-05-16,0.09,24.84,80.25,18.92,2.42,0.52
2008-05-17,0.0,25.29,75.85,20.82,2.68,0.51
2008-05-18,0.0,25.41,74.71,20.06,2.9,0.51
2008-05-19,0.0,25.52,73.76,19.01,3.43,0.51
2008-05-20,0.0,25.2,70.77,16.31,3.26,0.5
2008-05-21,0.0,24.76,64.47,17.22,2.76,0.5
2008-05-22,0.1,24.1,73.53,14.58,2.71,0.5
2008-05-23,0.13,24.46,75.51,15.65,2.92,0.49
2008-05-24,0.01,24.56,75.16,17.37,3.07,0.49
2008-05-25,0.0,25.0,72.01,17.24,3.09,0.49
2008-05-26,0.06,25.01,75.57,14.37,3.7,0.49
2008-05-27,0.0,25.04,73.0,16.92,3.88,0.48
2008-05-28,0.0,25.15,64.85,15.77,4.04,0.48
2008-05-29,0.0,24.47,64.9,16.95,3.78,0.48
2008-05-30,0.0,24.33,69.44,15.97,3.6,0.48
2008-05-31,0.0,24.1,70.43,15.22,3.45,0.48
2008-06-01,0.0,23.52,67.24,17.89,3.13,0.47
2008-06-02,0.0,22.79,67.39,19.54,2.72,0.47
2008-06-03,0.0,23.28,68.27,18.54,2.69,0.47
2008-06-04,0.0,23.4,70.65,20.08,2.41,0.47
2008-06-05,0.0,24.16,73.74,16.1,2.39,0.47
2008-06-06,0.0,24.89,77.92,13.36,2.66,0.46
2008-06-07,0.36,24.69,81.03,16.01,3.26,0.46
2008-06-08,0.65,25.01,81.39,11.16,3.9,0.46
2008-06-09,0.04,25.16,78.5,13.37,3.37,0.46
2008-06-10,1.97,25.15,82.3,11.98,3.13,0.46
2008-06-11,0.05,24.9,77.85,16.38,2.83,0.46
2008-06-12,0.23,24.57,74.35,16.88,2.88,0.46
2008-06-13,0.06,24.52,76.84,12.9,3.54,0.46
2008-06-14,0.0,24.17,73.33,20.98,3.24,0.46
2008-06-15,0.0,24.36,71.93,17.56,2.82,0.45
2008-06-16,0.0,23.75,76.15,17.87,2.52,0.45
2008-06-17,0.15,23.68,73.2,17.43,2.42,0.45
2008-06-18,0.0,23.99,69.77,18.65,2.51,0.45
2008-06-19,0.0,23.73,71.33,20.17,2.39,0.45
2008-06-20,1.7,23.89,75.62,19.86,2.79,0.45
2008-06-21,4.74,23.3,73.4,9.59,4.27,0.46
2008-06-22,0.0,23.43,68.05,16.3,3.84,0.45
2008-06-23,0.0,23.86,75.05,9.79,4.16,0.45
2008-06-24,0.0,24.31,69.56,13.1,3.93,0.45
2008-06-25,0.0,23.63,71.42,17.63,3.54,0.45
2008-06-26,0.0,23.36,69.74,18.91,3.26,0.45
2008-06-27,0.0,23.51,70.13,17.63,2.82,0.45
2008-06-28,0.0,23.84,76.53,16.85,2.74,0.45
2008-06-29,0.29,24.17,73.27,17.25,2.75,0.44
2008-06-30,0.04,24.19,74.71,16.48,2.63,0.44
2008-07-01,0.0,24.13,72.93,19.62,2.34,0.44
2008-07-02,0.0,23.71,78.0,17.0,2.81,0.44
2008-07-03,0.0,23.86,72.15,17.96,2.97,0.44
2008-07-04,0.0,23.32,71.15,18.1,2.86,0.44
2008-07-05,0.0,23.06,69.8,20.96,2.65,0.44
2008-07-06,0.0,22.87,68.57,19.41,2.52,0.44
2008-07-07,0.0,23.25,70.77,15.31,2.95,0.44
2008-07-08,0.0,23.71,66.69,17.25,4.36,0.44
2008-07-09,0.01,23.22,64.12,16.11,4.22,0.43
2008-07-10,0.0,23.01,70.02,11.72,3.8,0.43
2008-07-11,0.0,23.29,69.93,14.05,3.09,0.43
2008-07-12,0.0,23.46,73.07,15.84,3.0,0.43
2008-07-13,0.0,23.49,70.88,17.66,2.72,0.43
2008-07-14,0.0,23.21,65.75,21.65,2.35,0.43
2008-07-15,0.0,23.47,73.14,20.26,2.71,0.43
2008-07-16,0.0,23.76,75.79,21.54,2.89,0.43
2008-07-17,0.0,23.6,72.75,21.9,2.53,0.43
2008-07-18,0.0,23.09,72.88,20.5,2.4,0.43
2008-07-19,0.0,23.92,72.23,17.43,2.28,0.43
2008-07-20,0.0,24.2,74.22,13.17,2.6,0.43
2008-07-21,0.0,24.24,72.52,16.74,2.3,0.43
2008-07-22,0.0,24.0,67.18,17.41,2.77,0.43
2008-07-23,0.0,23.76,70.74,16.27,3.62,0.43
2008-07-24,0.0,23.09,67.96,16.46,3.1,0.43
2008-07-25,0.0,22.14,68.2,19.75,2.85,0.43
2008-07-26,0.0,21.79,71.7,21.08,2.86,0.43
2008-07-27,0.0,22.24,68.64,22.44,2.46,0.43
2008-07-28,0.0,22.26,67.03,22.64,2.27,0.43
2008-07-29,0.0,22.35,76.02,22.82,2.55,0.43
2008-07-30,0.0,23.06,72.16,20.34,2.4,0.43
2008-07-31,0.0,22.44,71.57,18.54,2.38,0.43
2008-08-01,0.0,22.56,74.3,21.54,2.75,0.43
2008-08-02,0.01,23.41,76.82,21.81,3.19,0.43
2008-08-03,0.0,23.26,74.53,21.23,3.24,0.43
2008-08-04,0.0,23.03,74.3,22.17,2.66,0.43
2008-08-05,0.0,23.27,74.63,23.2,2.55,0.43
2008-08-06,0.0,22.94,78.24,22.88,3.13,0.43
2008-08-07,0.0,23.57,72.04,19.03,3.89,0.43
2008-08-08,0.0,23.57,67.38,18.66,3.76,0.43
2008-08-09,0.0,23.13,66.81,19.03,3.48,0.43
2008-08-10,0.0,23.65,70.24,19.37,3.06,0.43
2008-08-11,0.0,23.84,69.34,19.84,2.98,0.43
2008-08-12,0.0,23.7,68.37,17.25,2.82,0.43
2008-08-13,0.0,23.61,64.93,20.15,2.98,0.43
2008-08-14,0.0,23.63,69.76,16.26,2.82,0.43
2008-08-15,0.0,23.97,67.17,18.81,2.57,0.43
2008-08-16,0.0,24.07,64.94,18.42,3.04,0.43
2008-08-17,0.0,23.67,65.46,19.08,3.53,0.43
2008-08-18,0.0,22.89,61.22,20.75,3.78,0.43
2008-08-19,0.0,23.19,64.58,19.02,3.57,0.43
2008-08-20,0.0,23.88,72.07,17.42,3.41,0.43
2008-08-21,0.3,23.91,78.05,16.39,3.12,0.43
2008-08-22,0.01,24.09,75.18,19.7,2.92,0.43
2008-08-23,0.0,24.41,70.12,16.3,3.75,0.43
2008-08-24,0.0,23.92,70.08,14.33,3.6,0.43
2008-08-25,0.0,24.15,74.79,18.87,2.96,0.43
2008-08-26,0.0,24.49,78.14,16.38,3.04,0.43
2008-08-27,0.0,24.83,78.03,19.98,3.19,0.43
2008-08-28,0.0,25.13,77.86,17.19,3.07,0.43
2008-08-29,0.45,25.26,76.52,19.75,3.13,0.43
2008-08-30,0.03,24.86,76.34,18.25,2.73,0.43
2008-08-31,0.0,24.89,76.81,18.68,2.5,0.43
2008-09-01,0.0,24.76,77.09,20.25,2.5,0.43
2008-09-02,0.0,24.66,79.98,16.17,2.93,0.43
2008-09-03,0.0,24.56,80.03,20.9,3.01,0.43
2008-09-04,0.0,24.68,75.7,23.95,2.66,0.43
2008-09-05,0.0,24.95,73.38,22.21,2.58,0.43
2008-09-06,0.0,25.25,68.5,22.08,2.47,0.43
2008-09-07,0.0,25.18,72.33,23.8,2.16,0.43
2008-09-08,0.0,25.06,74.57,21.41,2.23,0.43
2008-09-09,0.0,25.27,75.39,20.26,2.7,0.43
2008-09-10,0.0,25.2,73.73,21.99,2.71,0.42
2008-09-11,0.0,25.01,71.86,25.25,2.33,0.42
2008-09-12,0.0,25.75,60.0,26.07,1.93,0.42
2008-09-13,0.0,26.1,56.81,25.73,1.66,0.42
2008-09-14,0.0,25.88,58.88,26.18,1.78,0.42
2008-09-15,0.0,26.29,61.83,21.72,2.24,0.42
2008-09-16,0.0,25.91,64.7,26.04,2.56,0.42
2008-09-17,0.0,25.9,64.06,26.17,2.24,0.42
2008-09-18,0.01,26.26,65.11,24.23,1.77,0.42
2008-09-19,0.0,27.11,58.59,24.69,1.69,0.42
2008-09-20,0.0,27.12,58.43,25.32,1.87,0.42
2008-09-21,0.0,26.83,61.5,25.7,1.7,0.42
2008-09-22,0.0,26.11,64.66,25.53,2.26,0.42
2008-09-23,0.0,26.46,65.94,26.48,2.18,0.42
2008-09-24,0.0,26.19,69.85,22.51,2.77,0.42
2008-09-25,0.0,25.99,73.05,21.14,3.1,0.42
2008-09-26,0.0,25.81,69.53,23.44,2.67,0.42
2008-09-27,0.0,25.71,66.11,23.58,2.49,0.42
2008-09-28,0.0,25.72,67.68,24.17,2.32,0.42
2008-09-29,0.0,25.71,67.26,26.25,2.61,0.42
2008-09-30,0.0,26.28,63.64,24.6,2.33,0.42
2008-10-01,0.0,26.2,67.93,24.58,2.35,0.42
2008-10-02,0.0,26.74,62.49,26.01,2.35,0.42
2008-10-03,0.0,26.5,72.2,22.92,2.56,0.42
2008-10-04,0.0,26.56,68.67,23.64,2.25,0.42
2008-10-05,0.01,26.63,70.89,21.83,2.26,0.42
2008-10-06,0.0,26.77,70.61,21.61,2.23,0.42
2008-10-07,1.88,26.95,72.68,20.44,2.19,0.42
2008-10-08,0.83,26.35,77.49,21.75,2.97,0.43
2008-10-09,0.13,26.92,68.95,22.71,2.53,0.43
2008-10-10,0.0,26.82,71.33,24.01,2.81,0.43
2008-10-11,0.0,26.78,72.93,23.61,3.03,0.43
2008-10-12,0.0,27.0,72.02,24.18,2.72,0.43
2008-10-13,0.0,26.96,71.56,25.61,2.45,0.43
2008-10-14,0.0,27.48,66.44,24.71,2.28,0.43
2008-10-15,0.0,27.46,65.46,23.84,2.12,0.43
2008-10-16,0.02,27.64,68.89,26.08,2.26,0.43
2008-10-17,0.01,27.4,69.74,26.2,2.57,0.43
2008-10-18,0.0,27.01,71.29,26.26,3.02,0.43
2008-10-19,0.0,27.17,72.71,25.71,3.4,0.43
2008-10-20,0.33,27.09,74.27,26.7,3.71,0.43
2008-10-21,0.03,27.38,74.46,23.65,3.36,0.43
2008-10-22,0.0,27.56,73.84,23.25,3.21,0.43
2008-10-23,0.0,27.2,71.07,25.65,3.01,0.43
2008-10-24,0.0,27.04,71.48,25.38,2.88,0.43
2008-10-25,0.21,27.76,64.49,26.07,2.32,0.43
2008-10-26,0.17,28.05,58.67,26.33,2.18,0.43
2008-10-27,0.46,28.02,60.54,22.8,2.19,0.43
2008-10-28,0.17,26.85,68.4,23.77,2.55,0.43
2008-10-29,0.0,26.28,67.34,23.22,2.91,0.43
2008-10-30,0.01,26.76,70.03,20.48,2.78,0.43
2008-10-31,0.2,27.34,66.31,22.01,2.51,0.43
2008-11-01,0.0,28.25,63.08,26.04,2.15,0.43
2008-11-02,0.0,27.6,67.69,26.9,3.06,0.43
2008-11-03,0.01,27.66,65.59,24.32,2.69,0.43
2008-11-04,0.0,27.69,62.66,25.39,2.42,0.43
2008-11-05,0.0,27.95,59.4,25.04,2.32,0.42
2008-11-06,0.0,28.23,61.3,23.9,2.01,0.42
2008-11-07,0.03,28.37,64.57,21.17,1.9,0.42
2008-11-08,0.01,27.84,70.5,18.51,1.68,0.42
2008-11-09,0.15,28.46,66.14,21.61,1.94,0.42
2008-11-10,0.04,28.16,67.33,24.16,2.58,0.42
2008-11-11,1.86,28.23,66.96,22.2,2.25,0.43
2008-11-12,0.05,28.66,64.79,22.59,2.04,0.43
2008-11-13,3.54,28.46,64.47,21.87,1.68,0.43
2008-11-14,0.75,27.99,67.68,24.6,2.01,0.43
2008-11-15,0.87,27.88,70.86,23.54,2.72,0.43
2008-11-16,2.6,27.88,70.69,19.21,2.7,0.43
2008-11-17,1.85,27.4,75.84,17.88,1.86,0.44
2008-11-18,1.19,27.61,75.24,16.59,1.4,0.44
2008-11-19,3.92,27.94,71.06,23.17,1.3,0.44
2008-11-20,0.61,28.22,66.15,24.68,1.62,0.44
2008-11-21,0.0,29.01,62.27,24.38,1.32,0.44
2008-11-22,45.76,27.83,77.87,19.6,1.3,0.48
2008-11-23,14.35,27.07,82.28,20.57,2.05,0.55
2008-11-24,1.35,26.83,80.7,20.23,2.13,0.54
2008-11-25,5.56,26.65,81.79,15.84,1.91,0.54
2008-11-26,19.53,25.31,88.72,15.8,1.81,0.56
2008-11-27,15.71,25.4,90.52,17.7,2.92,0.6
2008-11-28,1.67,26.08,82.71,12.61,1.24,0.6
2008-11-29,5.25,25.83,88.54,17.67,1.49,0.6
2008-11-30,5.16,25.37,91.42,14.51,2.66,0.6
2008-12-01,58.09,25.61,87.82,21.38,1.92,0.63
2008-12-02,32.8,25.32,87.84,17.69,1.49,0.74
2008-12-03,12.29,25.42,88.83,17.21,1.23,0.74
2008-12-04,9.01,25.84,85.57,21.29,1.44,0.75
2008-12-05,3.65,26.34,85.03,21.11,1.17,0.75
2008-12-06,17.89,26.48,83.57,20.18,1.34,0.76
2008-12-07,18.94,26.21,82.88,18.35,1.4,0.78
2008-12-08,20.21,25.93,82.07,19.59,1.1,0.8
2008-12-09,0.74,27.23,78.67,20.88,1.14,0.81
2008-12-10,0.02,26.72,81.62,20.81,1.17,0.8
2008-12-11,1.22,26.37,84.57,22.6,1.93,0.79
2008-12-12,35.5,26.51,81.29,16.58,1.03,0.81
2008-12-13,4.35,25.85,86.98,17.9,1.91,0.84
2008-12-14,3.07,25.73,88.49,15.86,1.85,0.83
2008-12-15,21.03,25.61,82.93,17.11,1.54,0.84
2008-12-16,28.03,25.37,88.94,13.64,1.56,0.87
2008-12-17,11.74,25.62,90.49,15.55,2.72,0.89
2008-12-18,1.9,25.72,88.59,17.93,2.62,0.88
2008-12-19,0.09,26.25,83.81,18.75,2.37,0.88
2008-12-20,0.29,26.03,85.81,18.16,2.87,0.87
2008-12-21,0.2,26.41,82.36,21.72,3.08,0.86
2008-12-22,28.31,26.32,83.59,18.84,2.5,0.86
2008-12-23,8.26,26.34,84.42,18.45,1.93,0.88
2008-12-24,0.6,26.39,82.66,20.57,1.33,0.87
2008-12-25,0.02,26.76,80.03,17.76,0.98,0.86
2008-12-26,0.01,26.27,83.98,18.61,0.94,0.85
2008-12-27,10.64,26.24,80.9,17.36,0.82,0.85
2008-12-28,10.0,26.15,82.76,19.65,1.33,0.86
2008-12-29,11.47,26.15,84.13,17.83,1.91,0.86
2008-12-30,13.81,25.65,88.09,16.79,2.6,0.88
2008-12-31,75.05,25.3,88.4,12.95,2.57,0.91
2009-01-01,70.57,25.21,91.24,15.18,2.6,0.97
2009-01-02,38.51,25.49,89.74,10.57,2.8,0.98
2009-01-03,14.64,25.67,88.67,17.44,2.32,0.98
2009-01-04,13.39,26.36,84.78,15.23,1.48,0.98
2009-01-05,8.94,25.88,87.84,16.99,1.8,0.98
2009-01-06,1.4,26.75,83.03,21.31,1.47,0.97
2009-01-07,0.26,26.24,87.5,19.84,1.84,0.96
2009-01-08,1.35,26.16,85.9,21.68,2.6,0.96
2009-01-09,5.33,26.26,87.01,19.32,2.96,0.95
2009-01-10,39.77,25.86,88.25,17.85,2.69,0.96
2009-01-11,6.57,25.41,82.99,14.78,1.85,0.97
2009-01-12,1.05,25.79,82.73,21.06,1.44,0.96
2009-01-13,2.45,26.21,83.7,17.24,1.56,0.95
2009-01-14,18.77,25.28,89.97,19.75,2.77,0.95
2009-01-15,35.91,25.08,91.17,18.51,2.66,0.97
2009-01-16,17.17,25.14,91.2,14.62,2.3,0.97
2009-01-17,16.16,24.82,91.39,16.14,2.42,0.98
2009-01-18,27.55,25.72,86.05,22.09,2.2,0.98
2009-01-19,2.65,26.06,85.14,18.98,2.01,0.98
2009-01-20,1.03,26.34,83.9,19.22,1.38,0.97
2009-01-21,0.4,26.56,81.86,22.16,0.96,0.96
2009-01-22,0.02,26.52,79.63,16.75,1.0,0.96
2009-01-23,0.01,26.67,78.78,15.7,0.8,0.95
2009-01-24,0.01,26.66,76.81,14.93,0.74,0.94
2009-01-25,0.01,26.78,77.15,15.85,0.66,0.93
2009-01-26,0.01,26.22,80.71,17.43,0.85,0.93
2009-01-27,4.45,26.58,81.53,20.91,1.77,0.92
2009-01-28,14.04,25.71,86.94,12.69,2.14,0.93
2009-01-29,40.33,26.01,89.02,12.1,2.38,0.94
2009-01-30,32.52,25.53,90.59,10.53,3.03,0.97
2009-01-31,8.38,25.61,88.34,19.7,2.99,0.97
2009-02-01,8.15,25.78,87.86,15.25,3.04,0.96
2009-02-02,12.08,25.86,86.72,19.23,3.47,0.96
2009-02-03,33.48,25.38,89.78,17.48,3.5,0.96
2009-02-04,12.18,25.76,90.1,19.99,2.88,0.97
2009-02-05,2.35,25.78,87.07,16.37,2.86,0.96
2009-02-06,2.71,25.51,89.01,16.37,3.11,0.96
2009-02-07,0.73,25.75,88.27,14.62,2.6,0.95
2009-02-08,8.4,25.43,89.57,13.69,2.43,0.95
2009-02-09,83.57,25.06,92.26,12.6,2.92,0.97
2009-02-10,64.6,25.07,92.57,11.34,3.58,1.0
2009-02-11,28.44,25.11,91.17,15.54,2.9,1.0
2009-02-12,1.13,26.18,84.38,21.17,1.52,0.99
2009-02-13,1.6,26.54,82.41,16.56,1.25,0.98
2009-02-14,4.92,25.82,87.15,18.95,1.21,0.98
2009-02-15,1.38,25.14,88.36,15.22,1.16,0.98
2009-02-16,3.87,24.93,88.74,13.05,1.38,0.97
2009-02-17,9.43,24.9,87.78,14.36,1.65,0.97
2009-02-18,27.66,24.62,90.66,9.97,2.06,0.98
2009-02-19,25.82,24.6,91.0,16.24,2.71,0.99
2009-02-20,8.34,25.19,85.96,19.0,1.99,0.98
2009-02-21,0.62,25.22,88.12,20.57,1.56,0.98
2009-02-22,0.13,25.85,84.59,21.52,1.51,0.97
2009-02-23,1.12,25.72,85.76,20.96,1.4,0.96
2009-02-24,4.71,26.28,82.49,20.8,1.03,0.95
2009-02-25,3.77,25.12,90.93,17.67,2.2,0.95
2009-02-26,6.32,25.42,87.81,18.35,2.57,0.95
2009-02-27,2.65,26.01,83.35,17.21,1.19,0.94
2009-02-28,0.41,26.22,81.44,18.96,0.95,0.94
2009-03-01,2.53,25.53,88.27,15.35,1.46,0.93
2009-03-02,6.52,24.82,92.27,15.22,2.02,0.93
2009-03-03,7.91,25.31,88.86,18.38,1.4,0.93
2009-03-04,0.6,25.3,90.45,18.47,1.92,0.93
2009-03-05,1.83,25.49,88.75,16.68,1.96,0.93
2009-03-06,0.67,26.28,80.95,15.43,1.03,0.92
2009-03-07,10.19,26.09,82.68,21.76,0.94,0.92
2009-03-08,2.74,26.25,79.23,23.61,1.05,0.91
2009-03-09,1.21,26.2,80.36,23.72,1.19,0.9
2009-03-10,2.14,26.41,78.6,23.29,1.06,0.89
2009-03-11,0.22,25.69,78.62,23.62,1.16,0.89
2009-03-12,0.0,25.71,73.63,25.92,1.01,0.87
2009-03-13,0.0,25.54,77.99,23.7,1.23,0.86
2009-03-14,3.05,25.75,80.22,22.8,1.23,0.85
2009-03-15,18.34,25.05,87.25,9.28,1.37,0.86
2009-03-16,9.14,25.52,81.55,17.2,0.63,0.87
2009-03-17,1.96,25.93,82.03,20.01,0.81,0.87
2009-03-18,10.62,25.66,84.13,23.28,1.12,0.87
2009-03-19,1.93,25.56,80.13,26.56,1.08,0.87
2009-03-20,0.0,24.9,77.06,27.47,1.07,0.86
2009-03-21,0.29,24.61,80.24,24.91,1.31,0.85
2009-03-22,1.18,24.86,77.4,25.25,1.12,0.84
2009-03-23,1.19,25.62,76.45,26.43,1.1,0.83
2009-03-24,7.68,25.56,75.7,25.47,1.05,0.82
2009-03-25,6.78,25.61,79.39,25.34,1.32,0.82
2009-03-26,1.3,25.5,81.05,22.29,1.44,0.81
2009-03-27,0.11,24.86,84.13,20.76,1.54,0.8
2009-03-28,0.29,24.81,82.18,19.23,1.77,0.79
2009-03-29,2.25,24.83,85.59,18.41,2.01,0.79
2009-03-30,9.17,24.91,87.86,20.6,2.52,0.78
2009-03-31,2.7,25.37,86.32,17.69,2.81,0.79
2009-04-01,0.41,25.53,83.49,20.84,3.11,0.77
2009-04-02,0.03,25.18,83.49,24.92,2.68,0.76
2009-04-03,0.0,24.94,84.62,26.29,2.65,0.75
2009-04-04,0.0,25.22,83.52,25.42,2.24,0.73
2009-04-05,0.0,25.11,79.32,26.07,1.92,0.72
2009-04-06,0.0,24.97,80.59,25.59,1.89,0.71
2009-04-07,0.0,25.02,82.54,23.58,1.88,0.7
2009-04-08,0.0,25.59,84.51,22.83,2.17,0.69
2009-04-09,0.0,25.79,83.53,23.38,1.82,0.68
2009-04-10,0.02,26.06,82.9,23.86,1.67,0.66
2009-04-11,0.13,26.47,85.13,21.29,2.15,0.65
2009-04-12,0.12,26.08,86.63,23.18,2.25,0.65
2009-04-13,0.04,26.03,84.99,21.35,1.7,0.64
2009-04-14,0.16,26.17,84.69,18.78,1.66,0.63
2009-04-15,0.14,26.68,82.06,19.62,1.86,0.62
2009-04-16,0.15,26.44,81.67,20.07,1.51,0.61
2009-04-17,0.15,26.66,81.23,20.66,1.53,0.6
2009-04-18,0.7,26.78,82.93,17.77,1.46,0.6
2009-04-19,6.79,26.49,82.98,14.82,1.46,0.6
2009-04-20,5.26,26.25,82.4,18.77,1.59,0.6
2009-04-21,1.0,26.17,80.68,22.32,1.93,0.6
2009-04-22,0.0,25.47,79.58,24.08,1.7,0.59
2009-04-23,0.0,25.9,74.15,22.59,1.51,0.58
2009-04-24,0.0,25.91,78.34,23.16,1.31,0.58
2009-04-25,0.01,26.26,76.22,23.92,1.42,0.57
2009-04-26,0.0,26.2,73.27,21.83,1.72,0.56
2009-04-27,0.0,26.0,75.56,23.36,2.17,0.56
2009-04-28,0.0,26.02,77.14,23.14,2.35,0.55
2009-04-29,0.0,25.9,70.3,22.54,2.27,0.54
2009-04-30,0.0,25.57,66.61,22.39,2.33,0.54
2009-05-01,0.0,25.87,65.22,18.93,2.15,0.53
2009-05-02,0.31,26.09,72.05,18.19,2.47,0.53
2009-05-03,1.94,25.83,80.62,12.79,3.04,0.53
2009-05-04,2.18,25.1,88.54,11.67,3.33,0.53
2009-05-05,7.9,25.96,87.3,12.1,3.62,0.53
2009-05-06,12.34,24.63,90.15,12.62,3.54,0.55
2009-05-07,6.84,25.15,86.85,13.21,3.58,0.56
2009-05-08,0.24,25.46,75.83,17.11,3.24,0.56
2009-05-09,0.01,25.33,82.27,15.61,3.42,0.55
2009-05-10,0.56,25.21,83.15,16.71,3.23,0.55
2009-05-11,0.51,25.42,80.98,14.89,3.19,0.55
2009-05-12,0.24,25.44,72.65,16.6,3.1,0.54
2009-05-13,0.01,24.94,71.63,15.15,2.69,0.54
2009-05-14,0.0,24.68,73.78,15.28,2.78,0.53
2009-05-15,0.0,25.28,76.63,18.31,2.82,0.53
2009-05-16,0.0,25.76,79.91,17.04,2.92,0.52
2009-05-17,3.6,25.7,81.52,18.55,2.64,0.52
2009-05-18,0.72,26.08,78.7,17.79,2.08,0.52
2009-05-19,0.54,26.09,78.07,17.9,1.86,0.52
2009-05-20,0.16,25.63,76.74,18.58,2.08,0.51
2009-05-21,0.01,25.35,76.31,14.37,2.7,0.51
2009-05-22,2.64,25.33,78.36,14.26,2.63,0.51
2009-05-23,0.46,25.25,75.9,16.86,2.41,0.51
2009-05-24,0.11,25.2,79.95,16.38,2.49,0.5
2009-05-25,0.0,25.19,77.09,21.24,2.91,0.5
2009-05-26,0.0,25.26,76.85,20.08,3.09,0.5
2009-05-27,0.0,25.07,76.16,20.0,2.91,0.49
2009-05-28,0.0,25.08,78.08,15.59,2.6,0.49
2009-05-29,0.0,25.23,78.9,18.9,2.65,0.49
2009-05-30,0.0,25.6,77.9,19.02,2.33,0.49
2009-05-31,0.0,25.63,78.58,18.69,2.92,0.48
2009-06-01,0.01,25.67,78.64,18.73,3.11,0.48
2009-06-02,0.0,25.47,75.76,19.45,2.89,0.48
2009-06-03,0.0,25.5,74.4,17.11,2.88,0.48
2009-06-04,0.0,25.44,72.06,20.73,2.85,0.48
2009-06-05,0.0,24.97,72.85,20.73,2.44,0.47
2009-06-06,0.0,24.28,76.16,20.37,2.29,0.47
2009-06-07,0.0,24.54,74.08,20.82,2.29,0.47
2009-06-08,0.0,25.19,74.79,19.12,2.35,0.47
2009-06-09,0.0,25.0,76.63,19.1,2.75,0.47
2009-06-10,0.01,24.92,75.74,16.4,3.13,0.46
2009-06-11,0.0,24.05,67.0,19.39,2.89,0.46
2009-06-12,0.04,22.99,68.13,20.48,2.57,0.46
2009-06-13,0.0,22.88,65.14,21.36,2.22,0.46
2009-06-14,0.0,23.08,68.79,21.46,1.96,0.46
2009-06-15,0.0,23.42,71.46,20.72,2.3,0.46
2009-06-16,0.0,24.34,72.88,18.91,2.85,0.45
2009-06-17,0.0,24.81,74.03,15.6,3.23,0.45
2009-06-18,0.0,25.02,69.61,17.88,3.52,0.45
2009-06-19,0.0,23.98,67.95,20.61,3.09,0.45
2009-06-20,0.0,23.1,67.26,19.51,2.27,0.45
2009-06-21,0.0,23.07,64.75,20.29,2.21,0.45
2009-06-22,0.0,23.26,65.97,21.31,2.23,0.45
2009-06-23,0.0,23.63,67.59,19.88,2.27,0.44
2009-06-24,0.0,24.87,68.74,20.76,2.2,0.44
2009-06-25,0.0,25.68,72.76,18.13,2.3,0.44
2009-06-26,0.0,25.27,74.71,17.33,2.3,0.44
2009-06-27,0.0,24.93,74.07,20.84,1.85,0.44
2009-06-28,0.0,24.45,73.12,19.11,1.7,0.44
2009-06-29,0.0,24.53,70.49,19.59,2.06,0.44
2009-06-30,0.0,24.76,73.59,14.77,2.25,0.44
2009-07-01,0.0,24.49,75.55,18.09,2.33,0.44
2009-07-02,0.0,24.62,75.28,20.9,2.06,0.43
2009-07-03,0.0,24.49,78.28,20.19,2.77,0.43
2009-07-04,0.0,24.37,77.6,17.12,3.35,0.43
2009-07-05,0.0,24.5,70.72,19.25,2.97,0.43
2009-07-06,0.0,23.5,66.73,20.51,2.33,0.43
2009-07-07,0.0,23.33,66.46,21.6,2.62,0.43
2009-07-08,0.0,24.03,64.83,19.43,3.04,0.43
2009-07-09,0.0,23.63,64.99,17.83,2.75,0.43
2009-07-10,0.0,23.46,62.9,17.53,2.51,0.43
2009-07-11,0.0,23.24,65.69,17.57,2.34,0.43
2009-07-12,0.0,23.48,68.87,16.0,2.23,0.43
2009-07-13,0.0,24.06,71.83,15.15,2.35,0.43
2009-07-14,0.0,24.17,60.8,21.8,2.47,0.43
2009-07-15,0.0,23.77,65.82,20.86,2.76,0.43
2009-07-16,0.0,24.22,70.39,18.59,3.22,0.43
2009-07-17,0.11,23.78,68.5,13.22,3.24,0.43
2009-07-18,0.01,23.76,75.66,13.63,3.04,0.43
2009-07-19,3.84,24.88,78.01,14.48,2.93,0.43
2009-07-20,4.1,25.07,82.29,12.68,2.31,0.44
2009-07-21,0.09,25.26,78.78,16.96,2.63,0.44
2009-07-22,0.0,24.9,77.6,17.35,2.69,0.44
2009-07-23,0.0,24.79,76.08,21.49,3.19,0.44
2009-07-24,0.0,24.24,75.78,20.96,2.96,0.44
2009-07-25,0.0,23.87,77.85,19.93,2.55,0.43
2009-07-26,0.0,24.12,75.74,21.78,2.09,0.43
2009-07-27,0.0,24.11,74.89,22.17,2.05,0.43
2009-07-28,0.0,23.91,72.49,19.86,2.66,0.43
2009-07-29,0.0,23.81,65.94,17.77,3.62,0.43
2009-07-30,0.0,23.57,60.88,18.73,3.15,0.43
2009-07-31,0.0,23.56,62.54,16.54,3.25,0.43
2009-08-01,0.01,24.06,67.11,16.27,3.58,0.43
2009-08-02,0.0,23.81,67.73,15.24,3.36,0.43
2009-08-03,0.0,24.16,71.92,12.75,3.48,0.43
2009-08-04,0.0,24.29,72.59,20.26,3.0,0.43
2009-08-05,0.0,24.58,70.25,20.5,2.78,0.43
2009-08-06,0.0,24.08,68.12,21.03,2.84,0.43
2009-08-07,0.0,23.51,64.85,22.31,2.78,0.43
2009-08-08,0.0,24.13,68.28,21.31,2.78,0.43
2009-08-09,0.0,25.05,69.45,23.08,2.73,0.43
2009-08-10,0.0,25.45,68.42,22.84,2.88,0.43
2009-08-11,0.0,25.03,67.25,23.31,2.76,0.43
2009-08-12,0.0,24.81,69.75,22.83,2.78,0.43
2009-08-13,0.0,24.22,68.29,23.71,2.83,0.43
2009-08-14,0.0,24.72,72.91,20.55,2.96,0.43
2009-08-15,0.0,25.23,75.28,17.56,2.62,0.43
2009-08-16,0.0,24.82,74.52,22.01,2.99,0.43
2009-08-17,0.0,24.16,73.7,23.71,3.55,0.43
2009-08-18,0.0,23.97,73.8,24.1,3.54,0.43
2009-08-19,0.0,24.07,69.63,23.51,3.11,0.43
2009-08-20,0.0,24.12,71.27,24.02,2.71,0.43
2009-08-21,0.0,24.26,72.18,24.53,3.0,0.43
2009-08-22,0.0,23.74,74.96,24.27,2.75,0.43
2009-08-23,0.0,23.63,70.98,23.37,2.55,0.43
2009-08-24,0.0,23.9,68.33,24.6,2.34,0.43
2009-08-25,0.0,24.54,64.67,23.51,2.18,0.43
2009-08-26,0.0,25.1,65.65,23.41,2.19,0.43
2009-08-27,0.0,25.36,71.22,22.23,2.22,0.43
2009-08-28,0.0,25.32,71.36,24.07,2.6,0.42
2009-08-29,0.0,25.3,72.8,23.34,2.27,0.42
2009-08-30,0.0,25.6,71.69,22.27,1.98,0.42
2009-08-31,0.0,25.6,75.47,18.53,2.24,0.42
2009-09-01,0.01,25.82,71.93,21.43,2.42,0.42
2009-09-02,0.0,25.08,72.6,25.23,2.75,0.42
2009-09-03,0.0,24.95,73.26,24.96,2.94,0.42
2009-09-04,0.0,25.3,69.81,25.64,2.82,0.42
2009-09-05,0.0,25.6,69.34,24.5,2.26,0.42
2009-09-06,0.0,25.74,72.06,22.36,2.51,0.42
2009-09-07,0.0,25.87,72.04,23.8,2.5,0.42
2009-09-08,0.0,26.78,63.36,24.95,2.08,0.42
2009-09-09,1.56,26.68,62.75,23.39,2.08,0.42
2009-09-10,1.3,26.0,65.4,25.8,2.38,0.43
2009-09-11,0.0,26.28,68.2,25.5,2.73,0.43
2009-09-12,0.0,26.23,68.13,24.9,2.83,0.43
2009-09-13,0.0,25.61,72.23,25.3,2.91,0.43
2009-09-14,0.0,25.95,72.81,22.64,2.75,0.43
2009-09-15,0.0,26.08,71.02,23.53,2.65,0.43
2009-09-16,0.0,26.01,72.84,23.3,2.81,0.43
2009-09-17,0.0,25.9,70.48,23.89,2.81,0.43
2009-09-18,1.21,25.47,74.27,19.82,2.24,0.43
2009-09-19,0.07,25.44,69.37,26.44,2.63,0.43
2009-09-20,0.0,25.98,68.11,21.71,1.81,0.43
2009-09-21,0.0,26.06,69.55,22.34,1.78,0.43
2009-09-22,0.0,25.92,71.99,22.62,1.65,0.43
2009-09-23,0.0,26.84,65.55,22.47,1.77,0.43
2009-09-24,0.72,26.68,68.14,24.45,2.03,0.43
2009-09-25,1.08,26.57,67.64,24.77,2.27,0.43
2009-09-26,0.0,26.94,64.61,25.4,2.1,0.43
2009-09-27,0.0,26.7,68.5,22.2,2.12,0.43
2009-09-28,0.0,26.46,71.93,23.6,2.43,0.43
2009-09-29,0.0,26.81,65.51,25.49,2.23,0.43
2009-09-30,0.11,27.2,69.81,23.33,1.75,0.43
2009-10-01,0.1,27.03,64.91,22.9,2.22,0.43
2009-10-02,0.0,26.88,68.9,24.57,2.19,0.43
2009-10-03,0.0,27.32,64.18,25.78,2.01,0.43
2009-10-04,0.0,27.99,61.08,23.21,1.68,0.43
2009-10-05,0.0,27.56,67.63,22.48,2.33,0.43
2009-10-06,0.0,26.91,70.16,22.46,2.64,0.43
2009-10-07,0.0,26.77,71.24,24.49,2.12,0.43
2009-10-08,0.0,26.23,66.82,24.03,2.18,0.43
2009-10-09,0.0,26.06,68.92,22.64,2.59,0.43
2009-10-10,0.0,25.89,72.47,26.86,2.66,0.43
2009-10-11,0.0,26.39,67.08,26.25,2.62,0.42
2009-10-12,0.0,26.84,62.92,25.11,2.35,0.42
2009-10-13,0.0,27.0,60.95,26.7,1.86,0.42
2009-10-14,0.0,27.42,58.19,26.28,1.78,0.42
2009-10-15,0.0,27.33,64.11,25.61,1.9,0.42
2009-10-16,0.0,27.77,58.25,26.59,2.48,0.42
2009-10-17,0.0,27.02,69.47,26.34,2.95,0.42
2009-10-18,0.0,26.7,71.45,26.98,3.28,0.42
2009-10-19,0.0,26.68,66.9,26.97,2.5,0.42
2009-10-20,0.0,26.71,63.97,24.99,2.66,0.42
2009-10-21,0.06,27.08,73.24,22.42,3.32,0.42
2009-10-22,0.01,27.02,69.99,22.88,3.26,0.42
2009-10-23,0.0,26.37,71.81,25.84,2.79,0.42
2009-10-24,0.0,26.39,68.79,26.24,2.63,0.42
2009-10-25,0.0,26.83,62.17,27.56,2.62,0.42
2009-10-26,0.01,27.22,59.21,28.25,2.3,0.42
2009-10-27,0.0,27.43,62.62,27.97,2.01,0.42
2009-10-28,0.0,27.83,58.48,27.91,1.82,0.42
2009-10-29,0.0,28.02,55.74,26.58,1.91,0.42
2009-10-30,0.0,28.03,61.22,25.65,2.17,0.42
2009-10-31,0.02,27.66,63.05,25.06,2.77,0.42
2009-11-01,0.02,26.64,68.08,25.61,3.07,0.42
2009-11-02,0.0,27.03,68.63,26.34,2.93,0.42
2009-11-03,0.0,27.38,66.4,25.95,2.76,0.42
2009-11-04,0.0,27.45,66.5,27.71,2.67,0.42
2009-11-05,0.0,27.87,62.78,27.07,2.71,0.42
2009-11-06,0.0,27.29,66.38,28.06,2.88,0.42
2009-11-07,0.0,27.45,65.8,26.77,2.94,0.42
2009-11-08,0.0,27.56,69.73,26.89,3.31,0.42
2009-11-09,0.0,27.84,67.51,25.41,3.15,0.42
2009-11-10,1.44,28.1,67.81,23.32,2.66,0.42
2009-11-11,0.11,27.61,74.33,25.88,3.21,0.43
2009-11-12,0.0,27.93,70.37,27.15,3.34,0.43
2009-11-13,0.0,27.94,66.36,27.06,2.48,0.43
2009-11-14,0.36,28.4,60.96,25.78,1.99,0.43
2009-11-15,0.01,28.58,61.98,26.69,1.81,0.43
2009-11-16,0.0,28.42,59.27,27.89,1.99,0.42
2009-11-17,0.0,28.84,55.79,27.79,1.53,0.42
2009-11-18,0.0,28.83,63.77,24.74,1.81,0.42
2009-11-19,0.0,28.71,67.92,22.19,2.2,0.42
2009-11-20,1.62,28.32,67.7,14.31,1.92,0.43
2009-11-21,4.37,27.65,72.51,20.08,2.02,0.43
2009-11-22,1.37,28.0,68.18,21.97,1.63,0.43
2009-11-23,1.14,28.7,62.49,23.36,1.35,0.43
2009-11-24,15.93,27.48,73.72,21.62,1.85,0.45
2009-11-25,15.24,26.95,77.4,17.64,1.81,0.48
2009-11-26,10.7,26.71,80.42,16.37,1.77,0.5
2009-11-27,0.81,27.18,75.56,19.56,1.97,0.5
2009-11-28,8.23,27.47,72.74,22.83,1.38,0.5
2009-11-29,3.83,28.41,67.84,23.0,1.31,0.51
2009-11-30,0.01,28.78,66.85,22.83,1.71,0.5
2009-12-01,0.0,28.41,70.37,23.38,1.68,0.5
2009-12-02,3.33,27.03,76.56,20.92,1.33,0.5
2009-12-03,27.96,27.53,69.75,24.2,1.19,0.52
2009-12-04,16.64,26.65,77.16,25.6,1.5,0.57
2009-12-05,0.03,27.42,69.71,27.42,1.64,0.56
2009-12-06,0.01,27.37,72.3,26.3,1.86,0.55
2009-12-07,0.0,28.3,66.5,23.58,1.63,0.55
2009-12-08,0.29,28.53,68.31,22.66,1.63,0.54
2009-12-09,0.29,28.9,67.0,23.87,2.05,0.53
2009-12-10,0.07,28.89,68.72,24.25,2.22,0.53
2009-12-11,5.29,28.3,72.29,20.25,2.01,0.53
2009-12-12,22.08,27.33,76.89,17.59,1.5,0.55
2009-12-13,46.51,26.77,81.78,14.55,1.88,0.63
2009-12-14,9.44,26.22,86.8,10.65,2.69,0.65
2009-12-15,91.62,26.09,86.98,17.35,2.26,0.69
2009-12-16,60.42,26.05,84.62,14.34,2.62,0.81
2009-12-17,9.44,26.34,82.48,19.53,2.56,0.82
2009-12-18,15.82,26.23,84.56,17.6,2.66,0.82
2009-12-19,16.19,26.23,84.24,20.63,1.72,0.84
2009-12-20,3.76,26.24,83.24,17.34,1.6,0.84
2009-12-21,16.02,26.09,84.95,19.08,1.99,0.84
2009-12-22,13.34,25.68,84.87,18.02,1.81,0.86
2009-12-23,1.07,26.09,82.59,17.18,1.5,0.86
2009-12-24,0.03,25.85,85.62,20.7,1.57,0.85
2009-12-25,0.18,26.43,82.4,25.78,2.01,0.84
2009-12-26,3.49,25.87,90.33,20.62,1.98,0.84
2009-12-27,20.76,25.79,90.02,18.15,1.3,0.85
2009-12-28,22.77,25.4,88.29,17.09,1.59,0.88
2009-12-29,4.46,26.6,80.67,21.01,1.25,0.88
2009-12-30,2.75,26.49,84.16,20.08,1.31,0.87
2009-12-31,0.83,26.89,84.66,21.37,2.13,0.87
2010-01-01,0.15,26.78,83.89,22.47,1.78,0.86
2010-01-02,16.63,26.6,83.54,21.39,1.76,0.86
2010-01-03,10.47,26.26,85.6,17.34,2.52,0.88
2010-01-04,44.7,26.23,88.38,13.45,3.47,0.89
2010-01-05,33.56,26.24,87.46,18.06,2.96,0.93
2010-01-06,35.4,25.87,89.31,19.1,2.67,0.95
2010-01-07,9.66,25.69,86.18,20.62,2.82,0.95
2010-01-08,0.99,25.92,85.57,19.99,2.77,0.94
2010-01-09,0.19,26.26,84.3,20.19,2.39,0.93
2010-01-10,0.64,25.86,86.51,18.51,2.34,0.92
2010-01-11,0.18,25.91,86.08,22.1,3.07,0.91
2010-01-12,4.32,25.77,84.25,21.84,3.14,0.9
2010-01-13,17.3,25.99,84.12,20.19,2.73,0.91
2010-01-14,11.15,25.84,85.07,18.23,2.27,0.91
2010-01-15,40.37,25.56,87.33,14.71,2.49,0.93
2010-01-16,79.68,25.07,87.89,13.91,2.31,0.97
2010-01-17,51.04,24.74,90.62,12.94,2.28,0.99
2010-01-18,70.31,24.95,87.99,12.89,3.12,1.0
2010-01-19,23.33,25.67,82.81,18.54,1.6,1.0
2010-01-20,23.93,25.66,86.29,13.92,2.76,1.0
2010-01-21,19.96,25.21,90.9,17.28,2.82,0.99
2010-01-22,10.08,25.42,89.76,20.19,2.51,0.99
2010-01-23,8.86,25.47,87.56,17.16,2.24,0.99
2010-01-24,8.05,26.07,87.08,13.8,2.7,0.98
2010-01-25,3.68,25.88,85.7,24.46,2.73,0.98
2010-01-26,0.0,25.66,83.4,26.33,2.84,0.96
2010-01-27,0.0,25.63,84.17,23.52,3.14,0.95
2010-01-28,0.03,25.96,85.21,23.49,3.13,0.94
2010-01-29,0.01,26.08,85.61,21.29,3.27,0.93
2010-01-30,2.81,26.05,88.23,18.04,3.14,0.92
2010-01-31,8.09,26.37,87.55,21.3,3.07,0.92
2010-02-01,8.91,25.83,88.08,17.33,2.19,0.92
2010-02-02,3.28,25.95,87.2,18.04,2.31,0.92
2010-02-03,1.1,26.28,85.29,16.68,2.01,0.91
2010-02-04,0.52,26.7,82.85,18.15,1.59,0.9
2010-02-05,0.29,26.74,82.8,21.1,1.14,0.89
2010-02-06,14.46,26.43,85.33,20.84,1.42,0.89
2010-02-07,8.55,26.14,85.91,21.33,1.22,0.9
2010-02-08,1.99,26.36,83.45,22.6,1.03,0.89
2010-02-09,5.29,26.54,82.51,21.5,1.45,0.89
2010-02-10,0.41,26.75,78.66,23.83,1.02,0.88
2010-02-11,0.01,27.16,79.68,23.44,1.04,0.87
2010-02-12,0.05,26.93,81.54,22.68,1.71,0.86
2010-02-13,1.92,26.73,83.65,24.69,2.28,0.85
2010-02-14,0.56,27.06,82.28,21.48,1.75,0.84
2010-02-15,0.83,26.86,83.76,20.57,2.08,0.83
2010-02-16,25.29,26.8,81.74,20.74,1.89,0.83
2010-02-17,11.57,26.77,82.87,22.4,1.39,0.85
2010-02-18,1.28,27.06,81.53,22.04,1.41,0.85
2010-02-19,0.01,27.02,81.82,24.48,1.4,0.84
2010-02-20,0.01,26.85,85.08,22.38,2.18,0.82
2010-02-21,8.04,26.67,87.34,20.87,2.17,0.82
2010-02-22,2.2,26.62,87.99,17.68,2.04,0.82
2010-02-23,2.22,26.63,85.69,16.38,2.48,0.82
2010-02-24,36.49,26.46,86.31,19.9,2.46,0.83
2010-02-25,9.08,26.61,83.94,20.87,2.66,0.86
2010-02-26,14.21,26.35,89.61,15.02,2.82,0.86
2010-02-27,18.05,26.42,87.69,17.44,3.2,0.88
2010-02-28,6.65,26.35,88.17,19.03,2.78,0.88
2010-03-01,2.73,26.36,87.73,21.18,2.51,0.87
2010-03-02,38.98,26.61,87.31,16.63,1.89,0.89
2010-03-03,8.81,26.39,86.79,15.95,1.27,0.91
2010-03-04,0.97,26.52,82.85,16.24,1.08,0.9
2010-03-05,16.04,26.48,84.56,20.34,1.41,0.9
2010-03-06,9.82,27.09,72.99,17.88,1.02,0.91
2010-03-07,0.01,26.95,72.85,26.29,1.14,0.9
2010-03-08,0.0,26.52,75.98,27.11,1.04,0.88
2010-03-09,0.0,26.15,73.43,28.04,1.24,0.87
2010-03-10,0.0,25.91,80.63,24.05,1.62,0.86
2010-03-11,0.68,25.93,80.24,25.88,1.67,0.85
2010-03-12,0.23,25.59,78.19,27.61,1.45,0.84
2010-03-13,0.0,25.58,72.66,25.32,1.45,0.82
2010-03-14,0.0,26.48,70.84,26.15,1.13,0.81
2010-03-15,0.0,26.47,77.97,24.13,1.0,0.79
2010-03-16,6.95,26.08,82.39,22.45,1.27,0.79
2010-03-17,6.29,26.58,78.7,22.34,1.06,0.79
2010-03-18,4.48,26.25,81.34,20.06,1.31,0.78
2010-03-19,0.02,26.08,80.94,22.85,1.89,0.77
2010-03-20,5.75,26.1,80.89,21.77,2.1,0.76
2010-03-21,0.01,26.28,79.07,23.48,1.66,0.75
2010-03-22,0.01,26.11,81.17,24.4,1.7,0.74
2010-03-23,0.0,26.27,80.6,25.14,1.72,0.72
2010-03-24,1.87,26.59,78.34,23.25,1.49,0.71
2010-03-25,0.94,26.58,81.48,20.78,1.53,0.71
2010-03-26,11.29,26.37,83.32,18.55,1.35,0.7
2010-03-27,4.91,26.25,86.44,21.97,1.26,0.71
2010-03-28,0.34,27.41,75.7,21.02,0.94,0.71
2010-03-29,3.07,27.48,76.16,21.13,1.08,0.7
2010-03-30,1.73,26.84,80.52,20.43,1.53,0.69
2010-03-31,3.19,26.62,83.11,18.8,1.97,0.68
2010-04-01,28.91,26.28,86.11,17.43,1.85,0.7
2010-04-02,8.5,26.48,81.33,21.53,1.26,0.73
2010-04-03,0.0,26.62,80.1,22.35,1.28,0.72
2010-04-04,0.0,26.36,77.16,24.2,1.11,0.71
2010-04-05,0.01,26.5,80.39,24.82,1.55,0.7
2010-04-06,0.0,26.47,81.52,22.06,1.68,0.68
2010-04-07,0.0,26.13,80.46,21.76,1.57,0.67
2010-04-08,0.0,26.49,81.7,22.09,1.6,0.66
2010-04-09,7.39,26.49,85.93,17.85,1.71,0.65
2010-04-10,8.68,26.95,82.73,18.67,0.79,0.66
2010-04-11,7.41,26.51,88.26,20.41,1.48,0.67
2010-04-12,0.75,26.99,83.31,19.57,1.35,0.67
2010-04-13,5.19,26.3,89.17,19.65,1.53,0.66
2010-04-14,0.91,26.48,87.02,19.33,1.55,0.66
2010-04-15,16.33,26.26,82.85,18.43,1.3,0.67
2010-04-16,8.39,26.63,82.92,18.33,1.38,0.68
2010-04-17,25.53,25.91,87.41,17.07,1.16,0.7
2010-04-18,11.95,26.0,87.98,14.58,1.34,0.73
2010-04-19,11.75,26.05,88.39,13.85,1.98,0.73
2010-04-20,22.95,25.74,87.02,13.11,2.07,0.75
2010-04-21,4.45,26.41,84.57,17.66,1.69,0.77
2010-04-22,0.33,25.46,79.96,16.33,1.57,0.76
2010-04-23,0.0,26.06,83.05,20.94,1.89,0.74
2010-04-24,0.0,25.84,81.28,23.09,1.95,0.73
2010-04-25,0.0,25.38,80.18,22.09,1.8,0.72
2010-04-26,0.0,25.3,78.66,24.35,1.49,0.71
2010-04-27,0.41,25.86,82.53,20.05,1.72,0.7
2010-04-28,0.27,25.71,86.59,17.88,2.59,0.69
2010-04-29,0.01,25.73,86.93,18.97,2.38,0.68
2010-04-30,1.06,25.92,88.81,14.77,2.84,0.67
2010-05-01,1.09,26.15,84.4,17.5,3.28,0.67
2010-05-02,0.06,26.11,83.07,19.67,2.91,0.66
2010-05-03,0.58,26.23,85.61,13.17,3.14,0.65
2010-05-04,0.41,25.8,89.19,17.12,3.31,0.64
2010-05-05,24.03,25.94,88.27,8.68,3.67,0.65
2010-05-06,17.07,25.8,87.29,14.38,3.65,0.69
2010-05-07,0.04,25.89,81.36,17.42,3.52,0.69
2010-05-08,0.04,25.37,80.41,11.74,3.29,0.67
2010-05-09,0.03,25.29,83.63,10.4,3.04,0.66
2010-05-10,0.22,25.28,84.63,18.37,2.63,0.65
2010-05-11,0.02,25.53,83.51,14.55,2.78,0.64
2010-05-12,0.04,25.82,85.73,16.41,3.36,0.63
2010-05-13,1.46,25.8,87.31,12.77,3.23,0.62
2010-05-14,21.12,25.67,90.62,14.56,2.78,0.64
2010-05-15,1.96,25.9,88.72,17.27,1.87,0.66
2010-05-16,3.06,26.55,86.07,16.97,0.98,0.65
2010-05-17,1.75,25.77,88.12,16.57,1.71,0.65
2010-05-18,0.26,26.18,84.78,17.87,1.6,0.64
2010-05-19,16.38,26.13,89.03,17.37,1.49,0.65
2010-05-20,10.64,26.32,89.64,18.24,1.64,0.67
2010-05-21,17.54,26.11,90.96,13.31,1.95,0.68
2010-05-22,5.07,26.0,87.92,16.18,1.69,0.69
2010-05-23,1.9,26.1,86.86,18.1,1.77,0.68
2010-05-24,1.63,25.92,88.57,15.97,2.29,0.68
2010-05-25,1.35,25.86,88.73,14.36,1.76,0.68
2010-05-26,1.77,25.61,93.28,13.12,2.19,0.67
2010-05-27,0.6,26.06,87.75,16.25,1.23,0.67
2010-05-28,0.08,25.48,89.37,16.27,1.47,0.67
2010-05-29,0.0,25.1,86.7,16.13,2.09,0.66
2010-05-30,0.0,25.54,86.31,19.6,2.41,0.65
2010-05-31,0.0,25.69,86.9,17.75,2.47,0.64
2010-06-01,0.09,25.78,84.26,13.75,2.73,0.64
2010-06-02,0.57,25.61,84.95,18.38,2.85,0.63
2010-06-03,0.0,25.32,80.59,16.86,3.01,0.62
2010-06-04,0.0,24.23,76.87,17.85,3.12,0.61
2010-06-05,0.0,23.53,73.78,17.54,2.6,0.6
2010-06-06,0.0,23.84,76.67,17.26,2.75,0.6
2010-06-07,0.0,24.24,78.82,16.39,2.98,0.59
2010-06-08,0.0,24.78,79.87,16.6,2.87,0.58
2010-06-09,0.0,24.72,77.83,15.17,2.81,0.58
2010-06-10,0.0,24.96,78.26,17.81,3.11,0.57
2010-06-11,0.39,24.86,81.07,10.78,3.21,0.56
2010-06-12,2.66,24.65,80.56,10.93,3.2,0.56
2010-06-13,0.82,24.6,79.79,14.76,3.04,0.56
2010-06-14,0.38,24.94,79.74,16.39,3.38,0.55
2010-06-15,0.16,25.05,78.1,14.94,3.3,0.55
2010-06-16,0.17,25.05,80.07,13.44,3.34,0.55
2010-06-17,0.02,24.66,75.71,17.4,2.94,0.54
2010-06-18,0.0,24.57,77.66,18.94,3.0,0.54
2010-06-19,0.0,24.53,76.43,19.03,2.93,0.53
2010-06-20,0.0,24.39,72.82,15.88,3.94,0.53
2010-06-21,0.0,24.51,75.67,14.88,3.65,0.52
2010-06-22,0.0,24.66,77.83,16.44,3.97,0.52
2010-06-23,0.0,25.01,74.22,11.48,3.6,0.52
2010-06-24,0.0,25.22,77.23,13.62,3.2,0.51
2010-06-25,3.95,24.94,83.6,11.22,3.23,0.51
2010-06-26,3.32,25.05,82.92,13.37,3.62,0.52
2010-06-27,0.0,24.68,76.42,20.28,2.94,0.52
2010-06-28,0.0,24.82,71.45,19.1,3.0,0.51
2010-06-29,0.0,25.0,73.8,15.14,3.02,0.51
2010-06-30,2.01,24.8,84.78,10.7,3.35,0.51
2010-07-01,0.69,24.95,84.63,10.87,3.7,0.51
2010-07-02,2.6,25.07,82.3,10.14,4.48,0.51
2010-07-03,0.31,25.2,79.59,10.75,4.12,0.51
2010-07-04,0.0,25.37,78.61,10.25,3.52,0.5
2010-07-05,0.18,25.77,81.02,11.96,2.03,0.5
2010-07-06,0.38,25.75,81.86,15.95,1.96,0.5
2010-07-07,0.33,25.46,84.14,14.72,2.95,0.5
2010-07-08,0.01,25.57,82.07,13.84,3.01,0.5
2010-07-09,0.01,25.72,81.54,12.69,3.38,0.49
2010-07-10,0.0,25.56,80.78,15.69,3.27,0.49
2010-07-11,0.0,24.88,78.48,17.46,3.35,0.49
2010-07-12,0.0,24.54,77.32,20.07,3.11,0.49
2010-07-13,0.07,24.6,77.29,14.57,2.75,0.48
2010-07-14,0.0,24.44,77.75,19.91,3.08,0.48
2010-07-15,0.0,24.61,76.37,11.54,3.66,0.48
2010-07-16,0.0,24.83,77.5,10.68,4.33,0.48
2010-07-17,0.0,24.72,73.05,17.17,3.77,0.48
2010-07-18,0.0,24.27,75.82,16.62,3.25,0.47
2010-07-19,0.0,24.42,74.71,16.44,2.87,0.47
2010-07-20,0.0,24.48,74.46,16.72,2.74,0.47
2010-07-21,0.0,24.57,72.52,15.08,3.25,0.47
2010-07-22,0.0,24.11,70.91,14.33,3.18,0.47
2010-07-23,0.0,24.05,72.45,14.81,2.85,0.46
2010-07-24,0.27,24.86,78.74,9.01,3.44,0.46
2010-07-25,2.23,25.24,80.86,12.62,3.71,0.46
2010-07-26,1.51,25.28,82.37,9.56,3.68,0.47
2010-07-27,0.02,25.41,80.71,13.45,3.57,0.46
2010-07-28,0.0,25.2,80.08,15.25,3.13,0.46
2010-07-29,0.0,24.92,79.21,18.49,2.77,0.46
2010-07-30,0.0,24.58,76.55,20.48,2.2,0.46
2010-07-31,0.0,24.76,76.71,17.53,2.07,0.46
2010-08-01,21.38,24.38,84.75,11.71,3.03,0.47
2010-08-02,6.68,24.14,83.64,8.44,4.38,0.5
2010-08-03,0.06,24.44,69.89,14.72,4.6,0.5
2010-08-04,0.0,24.2,68.96,15.63,3.56,0.5
2010-08-05,0.0,23.63,68.2,16.18,2.96,0.49
2010-08-06,0.0,23.94,67.76,21.01,2.94,0.49
2010-08-07,0.0,24.04,70.42,19.35,2.8,0.49
2010-08-08,0.0,24.06,68.27,21.27,2.45,0.48
2010-08-09,0.0,24.43,63.08,22.49,2.15,0.48
2010-08-10,0.0,25.1,66.34,19.25,2.52,0.48
2010-08-11,0.0,24.97,71.72,17.59,3.3,0.47
2010-08-12,0.01,24.68,73.4,14.64,3.14,0.47
2010-08-13,0.01,24.69,66.64,23.11,2.92,0.47
2010-08-14,0.0,24.46,63.12,23.69,2.26,0.47
2010-08-15,0.0,24.25,66.76,23.82,2.29,0.47
2010-08-16,0.0,24.6,69.36,23.45,2.48,0.46
2010-08-17,0.0,24.99,73.85,22.77,2.16,0.46
2010-08-18,0.0,25.64,76.66,16.33,2.34,0.46
2010-08-19,0.01,25.23,78.93,18.39,2.41,0.46
2010-08-20,0.0,25.64,77.97,18.08,2.31,0.46
2010-08-21,0.0,25.64,78.35,18.29,2.58,0.45
2010-08-22,0.0,25.51,76.28,20.81,2.64,0.45
2010-08-23,0.02,25.61,78.86,18.39,2.91,0.45
2010-08-24,0.0,25.49,76.01,20.48,3.0,0.45
2010-08-25,0.0,24.92,72.37,22.27,2.4,0.45
2010-08-26,0.0,25.58,69.51,24.05,1.9,0.45
2010-08-27,0.0,25.85,71.69,22.53,2.08,0.44
2010-08-28,6.75,25.9,74.01,21.46,2.39,0.44
2010-08-29,3.78,25.19,77.68,21.3,3.13,0.46
2010-08-30,0.0,25.37,73.31,23.24,2.7,0.46
2010-08-31,0.0,25.11,68.02,25.21,2.46,0.46
2010-09-01,0.0,25.59,64.39,25.22,2.35,0.45
2010-09-02,9.81,25.94,80.18,19.7,2.51,0.46
2010-09-03,6.17,25.49,84.61,13.54,2.4,0.48
2010-09-04,0.47,25.75,81.35,19.84,1.98,0.48
2010-09-05,0.26,26.61,76.1,18.93,2.1,0.47
2010-09-06,0.17,26.45,75.28,19.85,2.43,0.47
2010-09-07,8.67,25.91,83.11,15.67,3.05,0.47
2010-09-08,2.52,26.26,77.14,20.64,2.69,0.48
2010-09-09,0.88,26.15,76.11,19.87,3.06,0.48
2010-09-10,0.29,26.22,74.48,22.55,2.72,0.48
2010-09-11,0.0,25.93,71.94,25.87,2.94,0.48
2010-09-12,0.0,25.48,75.59,24.49,2.39,0.47
2010-09-13,0.41,25.48,78.39,15.24,2.45,0.47
2010-09-14,0.0,26.4,72.88,25.33,2.86,0.47
2010-09-15,0.02,25.61,73.75,18.82,2.79,0.47
2010-09-16,7.0,25.85,81.66,17.74,2.45,0.47
2010-09-17,3.1,25.61,80.04,22.33,2.58,0.48
2010-09-18,0.03,26.17,73.46,25.71,2.35,0.48
2010-09-19,0.0,26.2,73.06,22.41,2.43,0.47
2010-09-20,2.08,25.93,76.63,15.67,3.8,0.47
2010-09-21,0.45,25.83,76.38,11.38,3.95,0.47
2010-09-22,0.0,26.01,74.65,18.01,3.18,0.47
2010-09-23,0.16,25.79,77.54,20.14,2.62,0.47
2010-09-24,0.02,26.35,75.08,18.6,3.21,0.47
2010-09-25,0.0,26.67,76.12,20.91,2.91,0.46
2010-09-26,0.0,26.87,72.11,24.78,2.42,0.46
2010-09-27,0.0,26.38,73.94,23.17,2.37,0.46
2010-09-28,0.0,26.37,73.81,25.48,2.07,0.46
2010-09-29,0.0,26.72,74.15,22.39,2.18,0.46
2010-09-30,0.24,26.67,73.98,22.97,2.65,0.45
2010-10-01,0.13,25.75,78.54,20.82,3.25,0.45
2010-10-02,0.01,26.63,77.43,22.34,3.35,0.45
2010-10-03,0.0,27.0,76.56,22.23,3.25,0.45
2010-10-04,0.05,26.96,79.86,19.59,3.03,0.45
2010-10-05,0.06,27.03,76.23,21.28,2.63,0.45
2010-10-06,0.57,26.47,78.02,22.43,2.32,0.45
2010-10-07,0.36,26.51,73.54,14.91,2.53,0.44
2010-10-08,15.25,26.24,66.57,12.68,2.19,0.45
2010-10-09,20.9,24.23,79.88,13.05,2.98,0.5
2010-10-10,5.22,25.46,79.79,18.44,2.05,0.51
2010-10-11,14.17,25.62,82.59,17.67,2.4,0.52
2010-10-12,23.7,26.39,82.92,16.55,1.93,0.56
2010-10-13,0.68,26.63,76.73,20.67,1.49,0.57
2010-10-14,0.12,27.55,70.49,23.11,1.13,0.56
2010-10-15,0.97,27.62,70.74,24.88,1.62,0.55
2010-10-16,0.89,26.31,80.88,18.28,1.32,0.55
2010-10-17,6.64,25.99,83.66,17.87,2.5,0.55
2010-10-18,2.09,25.79,77.61,18.75,3.38,0.55
2010-10-19,1.21,26.3,68.56,19.82,2.8,0.55
2010-10-20,0.0,26.45,66.16,27.31,2.26,0.54
2010-10-21,0.12,26.12,76.63,21.42,2.1,0.54
2010-10-22,3.75,25.92,82.89,17.21,2.32,0.54
2010-10-23,7.89,26.84,77.59,21.8,2.56,0.55
2010-10-24,2.47,26.78,77.32,24.47,2.5,0.55
2010-10-25,0.54,26.66,78.69,21.97,2.66,0.54
2010-10-26,0.0,27.25,73.24,25.74,2.43,0.54
2010-10-27,0.0,27.45,69.68,22.95,2.16,0.53
2010-10-28,0.01,27.41,68.24,22.22,2.16,0.53
2010-10-29,0.19,27.19,69.23,22.8,1.97,0.52
2010-10-30,0.6,27.13,70.34,16.63,1.73,0.52
2010-10-31,0.66,26.8,73.51,19.65,2.01,0.51
2010-11-01,2.55,26.44,76.34,21.51,2.31,0.51
2010-11-02,6.82,26.35,77.39,18.12,2.92,0.52
2010-11-03,1.33,26.25,81.06,18.56,3.7,0.52
2010-11-04,1.22,26.43,77.68,15.32,2.96,0.52
2010-11-05,0.14,26.56,71.02,21.74,2.1,0.51
2010-11-06,0.55,27.0,67.1,23.5,1.7,0.51
2010-11-07,0.0,26.77,67.6,27.55,2.19,0.51
2010-11-08,4.91,27.05,67.08,25.77,2.19,0.5
2010-11-09,0.97,27.34,65.86,28.73,2.07,0.51
2010-11-10,0.0,27.52,64.91,28.43,2.17,0.5
2010-11-11,0.0,27.65,63.18,26.5,2.05,0.5
2010-11-12,0.0,28.16,61.51,25.3,1.72,0.49
2010-11-13,0.0,28.01,64.5,26.23,1.64,0.49
2010-11-14,0.0,27.72,65.45,25.86,1.54,0.48
2010-11-15,0.0,27.96,63.61,27.03,1.5,0.48
2010-11-16,0.0,27.85,65.35,25.56,1.6,0.48
2010-11-17,0.0,28.08,65.89,24.68,1.79,0.47
2010-11-18,0.2,27.91,68.85,24.55,1.4,0.47
2010-11-19,0.81,28.29,65.55,22.7,1.61,0.47
2010-11-20,0.95,27.39,71.16,22.47,2.47,0.47
2010-11-21,0.18,27.66,69.93,25.05,2.29,0.47
2010-11-22,0.52,28.21,67.37,22.8,2.13,0.46
2010-11-23,0.2,28.01,69.03,22.68,2.19,0.46
2010-11-24,0.61,28.3,68.81,24.32,1.62,0.46
2010-11-25,1.2,28.24,65.3,25.25,1.42,0.46
2010-11-26,1.2,28.62,63.02,23.34,1.57,0.46
2010-11-27,3.06,28.92,63.51,23.93,1.54,0.46
2010-11-28,4.33,28.51,70.14,19.34,1.49,0.46
2010-11-29,2.82,27.96,72.12,21.97,1.24,0.47
2010-11-30,1.6,28.3,66.28,20.69,1.27,0.46
2010-12-01,2.17,27.02,73.66,17.57,1.14,0.47
2010-12-02,19.9,27.46,73.16,15.73,1.26,0.48
2010-12-03,4.32,27.37,79.78,21.74,1.79,0.5
2010-12-04,7.7,27.6,76.83,19.27,1.75,0.51
2010-12-05,15.35,27.19,81.7,19.88,1.72,0.52
2010-12-06,4.08,26.8,74.31,23.35,1.03,0.54
2010-12-07,3.21,27.67,73.6,22.67,1.12,0.54
2010-12-08,6.82,28.03,72.38,19.68,1.22,0.54
2010-12-09,2.58,26.97,79.92,19.67,1.53,0.54
2010-12-10,9.93,26.78,81.67,19.4,1.05,0.55
2010-12-11,8.29,27.18,75.7,18.15,1.14,0.56
2010-12-12,3.21,26.45,76.61,13.46,1.61,0.57
2010-12-13,2.38,26.89,74.24,15.73,1.26,0.56
2010-12-14,28.8,25.4,87.96,10.43,1.58,0.59
2010-12-15,27.42,24.95,86.21,12.79,2.22,0.64
2010-12-16,42.12,25.1,85.51,12.66,2.47,0.69
2010-12-17,19.18,25.94,83.89,20.57,1.97,0.73
2010-12-18,3.24,25.81,83.37,16.25,1.89,0.73
2010-12-19,3.97,25.66,79.16,17.44,1.88,0.72
2010-12-20,2.7,25.59,82.48,14.24,1.89,0.72
2010-12-21,5.58,24.91,87.25,11.11,1.76,0.72
2010-12-22,4.4,25.39,83.08,18.8,1.96,0.72
2010-12-23,7.1,24.41,86.81,12.32,2.45,0.72
2010-12-24,4.13,25.49,85.15,20.31,2.26,0.72
2010-12-25,2.55,25.46,84.99,18.04,2.75,0.72
2010-12-26,7.46,24.86,87.56,14.6,2.97,0.72
2010-12-27,32.02,25.75,84.67,14.41,2.15,0.74
2010-12-28,12.67,25.46,85.27,13.46,1.61,0.78
2010-12-29,3.69,26.01,79.52,15.54,1.33,0.77
2010-12-30,13.81,25.83,85.27,13.11,1.79,0.77
2010-12-31,28.43,25.19,89.12,14.89,2.45,0.81
2011-01-01,1.56,26.31,78.86,19.02,1.17,0.82
2011-01-02,0.03,25.43,87.39,19.36,2.31,0.81
2011-01-03,0.33,25.38,83.86,19.05,1.82,0.8
2011-01-04,0.71,25.47,85.94,19.47,1.25,0.79
2011-01-05,16.08,26.0,86.42,19.66,1.45,0.8
2011-01-06,16.18,25.67,87.23,19.28,2.03,0.82
2011-01-07,14.75,25.1,87.54,15.56,2.21,0.83
2011-01-08,48.44,25.05,87.55,13.96,2.73,0.88
2011-01-09,32.75,25.3,88.48,14.37,2.92,0.92
2011-01-10,20.26,25.28,89.84,17.52,3.08,0.92
2011-01-11,21.55,25.35,89.96,12.95,3.89,0.93
2011-01-12,12.55,25.42,90.4,8.36,4.01,0.93
2011-01-13,12.91,25.14,88.02,19.62,3.09,0.94
2011-01-14,16.68,25.04,88.82,8.87,3.12,0.94
2011-01-15,17.89,24.72,89.59,14.41,2.79,0.94
2011-01-16,17.44,24.57,86.38,15.72,2.94,0.95
2011-01-17,24.75,24.99,84.34,16.91,2.39,0.95
2011-01-18,31.84,25.17,88.01,16.14,2.96,0.97
2011-01-19,29.66,25.24,88.84,15.59,2.89,0.97
2011-01-20,13.43,25.49,87.98,19.6,2.39,0.98
2011-01-21,3.28,25.25,87.98,15.22,2.14,0.97
2011-01-22,10.45,25.13,85.88,16.94,2.17,0.97
2011-01-23,23.78,24.82,89.27,11.7,3.18,0.97
2011-01-24,29.52,24.73,91.98,9.73,2.77,0.98
2011-01-25,14.46,24.85,90.43,7.42,2.98,0.98
2011-01-26,5.27,25.54,84.4,18.95,1.67,0.98
2011-01-27,1.36,25.54,83.01,20.79,1.3,0.97
2011-01-28,2.73,25.2,88.16,20.85,2.02,0.97
2011-01-29,7.51,25.23,82.6,22.32,1.21,0.96
2011-01-30,19.39,25.22,85.97,18.06,1.36,0.96
2011-01-31,16.25,25.57,87.44,21.25,1.65,0.97
2011-02-01,1.36,25.97,85.71,17.08,1.92,0.96
2011-02-02,41.92,25.47,88.64,16.73,1.59,0.97
2011-02-03,17.1,25.44,88.73,15.26,2.01,0.98
2011-02-04,0.54,25.66,85.74,20.32,1.82,0.98
2011-02-05,12.36,26.35,83.83,16.92,1.69,0.97
2011-02-06,10.86,25.74,83.94,15.25,1.67,0.97
2011-02-07,5.24,25.94,86.51,10.52,1.48,0.97
2011-02-08,22.25,25.07,86.92,7.61,1.55,0.97
2011-02-09,2.48,25.16,83.77,10.84,1.04,0.97
2011-02-10,0.27,25.52,79.41,21.23,1.15,0.97
2011-02-11,0.33,25.38,84.21,21.91,1.33,0.96
2011-02-12,17.36,24.91,88.3,14.89,1.68,0.96
2011-02-13,21.46,25.08,84.7,21.0,1.82,0.97
2011-02-14,6.27,25.84,81.64,20.78,1.5,0.96
2011-02-15,0.09,25.04,84.24,18.52,1.89,0.96
2011-02-16,2.32,24.93,88.94,13.91,2.42,0.95
2011-02-17,0.79,25.09,88.59,18.26,2.52,0.95
2011-02-18,0.02,25.62,82.69,21.31,2.52,0.94
2011-02-19,0.69,25.72,85.43,19.07,2.67,0.93
2011-02-20,18.93,25.3,88.85,15.81,3.37,0.93
2011-02-21,10.02,25.34,85.42,21.28,2.54,0.94
2011-02-22,0.53,25.42,84.86,18.77,2.05,0.93
2011-02-23,35.15,24.7,90.09,12.42,2.83,0.93
2011-02-24,41.21,24.29,90.69,12.21,4.31,0.97
2011-02-25,23.4,24.64,90.89,12.6,4.12,0.97
2011-02-26,17.37,24.31,88.14,15.81,4.76,0.97
2011-02-27,8.77,25.15,87.33,20.02,3.95,0.97
2011-02-28,4.55,25.61,86.12,23.71,2.95,0.96
2011-03-01,11.93,25.77,84.51,17.55,2.22,0.96
2011-03-02,46.12,25.15,87.49,15.6,2.34,0.96
2011-03-03,14.99,25.08,86.36,17.58,2.38,0.98
2011-03-04,2.85,25.21,85.35,13.31,2.21,0.97
2011-03-05,0.43,25.79,80.81,16.95,1.28,0.96
2011-03-06,4.24,25.49,83.78,15.99,1.26,0.95
2011-03-07,2.54,25.35,85.7,16.75,1.67,0.95
2011-03-08,3.26,25.17,87.73,16.27,1.61,0.95
2011-03-09,0.74,25.85,82.75,19.42,1.21,0.94
2011-03-10,10.95,25.23,88.76,14.18,2.1,0.94
2011-03-11,29.21,25.1,90.04,14.68,2.72,0.95
2011-03-12,15.03,25.37,87.86,19.02,2.75,0.96
2011-03-13,14.59,25.41,89.02,19.41,2.7,0.96
2011-03-14,30.79,25.15,88.17,15.63,1.86,0.97
2011-03-15,6.84,25.79,82.69,17.54,1.14,0.97
2011-03-16,1.63,25.84,80.76,18.66,0.58,0.97
2011-03-17,0.63,26.39,81.37,20.93,0.94,0.96
2011-03-18,1.72,25.34,89.57,19.83,1.51,0.95
2011-03-19,15.55,25.56,86.62,16.8,1.39,0.96
2011-03-20,16.39,25.72,87.09,17.61,1.47,0.96
2011-03-21,7.91,26.13,85.43,17.1,1.24,0.96
2011-03-22,3.02,26.02,86.95,17.15,1.64,0.95
2011-03-23,1.16,25.64,85.35,17.8,2.02,0.95
2011-03-24,4.96,25.38,85.82,15.59,1.59,0.94
2011-03-25,16.76,25.15,88.79,14.81,1.34,0.95
2011-03-26,27.98,25.2,86.34,13.97,1.11,0.96
2011-03-27,8.69,25.3,83.81,17.27,0.82,0.97
2011-03-28,7.71,25.17,87.49,17.19,1.6,0.96
2011-03-29,13.07,24.91,90.85,17.47,1.89,0.96
2011-03-30,29.02,24.37,91.02,8.55,1.3,0.97
2011-03-31,17.01,24.58,93.35,10.02,1.99,0.98
2011-04-01,1.64,25.38,88.77,10.03,2.79,0.98
2011-04-02,2.3,25.38,89.33,15.47,3.39,0.97
2011-04-03,2.45,25.48,86.33,18.81,2.79,0.96
2011-04-04,6.07,25.93,84.82,19.99,1.71,0.96
2011-04-05,5.37,25.23,87.97,18.64,1.17,0.95
2011-04-06,3.16,25.87,85.16,15.9,1.14,0.95
2011-04-07,6.7,25.26,91.14,16.17,1.52,0.95
2011-04-08,2.02,25.63,84.15,15.35,0.87,0.95
2011-04-09,3.82,26.1,82.84,18.1,1.21,0.94
2011-04-10,13.47,24.81,92.11,7.81,2.05,0.95
2011-04-11,8.01,25.18,86.05,14.33,0.99,0.95
2011-04-12,8.2,24.28,90.54,12.79,1.9,0.95
2011-04-13,1.19,24.68,92.0,14.9,2.07,0.95
2011-04-14,0.04,24.87,90.01,15.72,2.01,0.94
2011-04-15,1.06,25.31,88.47,16.8,2.06,0.94
2011-04-16,25.07,25.68,88.88,10.75,2.9,0.94
2011-04-17,16.79,25.73,87.47,13.82,2.3,0.95
2011-04-18,12.75,24.85,93.03,10.43,2.96,0.96
2011-04-19,63.8,25.02,90.82,7.12,2.31,0.97
2011-04-20,41.75,24.27,92.95,4.37,3.55,1.0
2011-04-21,0.47,24.09,84.25,12.91,2.86,0.99
2011-04-22,0.02,24.61,84.39,16.46,2.51,0.98
2011-04-23,0.01,25.04,87.15,17.6,2.24,0.97
2011-04-24,0.89,25.14,89.41,18.57,2.86,0.96
2011-04-25,0.42,24.91,84.68,19.33,3.01,0.96
2011-04-26,0.82,24.75,85.06,15.99,2.57,0.95
2011-04-27,0.23,25.09,83.45,18.8,2.61,0.94
2011-04-28,0.08,24.59,81.57,17.32,2.86,0.93
2011-04-29,0.0,24.25,80.32,19.59,2.44,0.91
2011-04-30,0.09,24.35,80.12,21.35,2.15,0.9
2011-05-01,0.0,24.2,74.82,22.86,1.83,0.9
2011-05-02,0.0,23.9,81.26,21.36,1.77,0.89
2011-05-03,0.0,23.94,81.42,20.32,1.82,0.88
2011-05-04,0.0,24.17,82.63,17.65,2.54,0.87
2011-05-05,0.0,24.35,84.91,19.78,2.74,0.86
2011-05-06,0.0,24.57,84.01,18.75,2.27,0.85
2011-05-07,0.0,24.67,85.98,17.21,2.14,0.84
2011-05-08,0.32,25.21,87.32,17.17,1.39,0.84
2011-05-09,7.67,24.59,93.45,15.13,2.76,0.83
2011-05-10,30.08,24.11,91.39,14.86,2.59,0.86
2011-05-11,9.66,23.37,90.83,10.15,3.5,0.88
2011-05-12,0.03,23.71,82.78,12.87,3.51,0.87
2011-05-13,0.0,23.45,83.22,11.41,2.95,0.86
2011-05-14,0.0,23.06,79.73,14.35,2.66,0.85
2011-05-15,0.0,23.4,83.2,20.07,2.56,0.84
2011-05-16,0.0,24.14,87.27,15.47,2.73,0.83
2011-05-17,0.0,24.13,85.46,17.25,2.82,0.82
2011-05-18,0.0,23.8,83.56,19.17,2.73,0.81
2011-05-19,0.0,23.63,82.64,18.65,2.78,0.8
2011-05-20,0.0,23.74,85.06,18.33,2.76,0.79
2011-05-21,0.0,23.68,81.93,18.84,2.73,0.78
2011-05-22,0.0,23.3,82.17,17.65,2.49,0.77
2011-05-23,0.0,23.13,78.75,16.96,2.47,0.76
2011-05-24,0.0,22.81,74.17,20.93,2.48,0.75
2011-05-25,0.0,23.19,77.52,18.62,2.59,0.74
2011-05-26,0.01,22.62,81.22,16.36,2.56,0.73
2011-05-27,0.0,23.1,83.29,15.99,2.58,0.72
2011-05-28,0.0,23.43,84.24,14.57,2.69,0.71
2011-05-29,1.33,23.77,87.06,9.83,2.84,0.71
2011-05-30,0.12,23.63,85.11,15.89,2.85,0.7
2011-05-31,0.01,22.72,81.21,18.13,2.81,0.69
2011-06-01,0.0,22.52,80.47,17.64,2.82,0.68
2011-06-02,0.0,22.13,79.95,18.42,2.64,0.67
2011-06-03,0.0,21.52,80.37,18.12,2.59,0.67
2011-06-04,0.0,21.83,79.93,19.8,2.5,0.66
2011-06-05,0.0,22.06,80.58,20.7,2.54,0.65
2011-06-06,0.02,22.24,79.25,19.86,2.19,0.64
2011-06-07,0.0,21.86,77.36,19.46,1.85,0.63
2011-06-08,0.0,22.12,79.91,17.93,1.58,0.63
2011-06-09,0.0,22.77,78.03,17.58,1.54,0.62
2011-06-10,0.0,22.99,77.11,20.4,2.18,0.61
2011-06-11,0.0,22.92,82.05,14.55,3.56,0.61
2011-06-12,0.0,22.0,80.36,11.8,3.82,0.6
2011-06-13,0.0,21.09,76.71,16.49,3.28,0.6
2011-06-14,0.0,20.79,74.22,16.5,3.22,0.59
2011-06-15,0.0,20.68,74.49,15.73,2.79,0.58
2011-06-16,0.0,20.97,76.68,15.47,2.87,0.58
2011-06-17,0.0,21.35,77.36,13.91,2.74,0.58
2011-06-18,0.0,21.73,75.06,13.58,2.72,0.57
2011-06-19,0.0,22.04,77.41,15.74,2.64,0.57
2011-06-20,0.01,22.59,77.35,14.89,2.89,0.56
2011-06-21,0.01,22.13,74.46,14.55,2.68,0.56
2011-06-22,0.0,21.8,70.59,18.13,2.91,0.55
2011-06-23,0.0,22.14,71.17,17.16,3.21,0.55
2011-06-24,0.0,22.82,74.93,15.35,2.99,0.54
2011-06-25,0.0,23.46,79.25,8.8,3.22,0.54
2011-06-26,0.46,23.94,80.86,12.41,3.16,0.54
2011-06-27,0.14,23.65,78.96,17.29,2.81,0.53
2011-06-28,0.11,22.93,75.56,20.29,2.62,0.53
2011-06-29,0.0,22.32,74.82,20.1,2.44,0.53
2011-06-30,0.0,22.29,76.81,19.79,2.67,0.52
2011-07-01,0.0,22.81,80.52,16.65,2.55,0.52
2011-07-02,0.0,23.31,74.94,20.33,2.68,0.52
2011-07-03,0.0,23.24,76.36,18.02,2.68,0.51
2011-07-04,0.0,23.09,74.97,20.14,2.86,0.51
2011-07-05,0.0,22.54,76.87,17.14,2.68,0.51
2011-07-06,0.0,23.49,76.94,15.68,2.47,0.51
2011-07-07,0.01,23.75,78.82,12.17,3.06,0.5
2011-07-08,0.0,23.89,74.2,14.28,3.62,0.5
2011-07-09,0.0,23.31,72.44,16.93,4.02,0.5
2011-07-10,0.0,23.34,70.89,15.28,4.11,0.49
2011-07-11,1.96,23.9,80.19,15.58,3.22,0.49
2011-07-12,21.63,23.86,86.28,10.56,3.32,0.51
2011-07-13,2.27,24.44,84.4,12.44,3.06,0.53
2011-07-14,0.15,23.86,80.73,18.97,3.01,0.53
2011-07-15,0.05,23.62,81.66,17.38,3.01,0.52
2011-07-16,0.01,23.78,80.67,16.09,3.12,0.52
2011-07-17,0.01,23.68,79.8,15.49,2.83,0.52
2011-07-18,0.0,23.79,76.79,18.7,2.89,0.51
2011-07-19,0.0,23.66,74.83,18.93,2.36,0.51
2011-07-20,0.0,23.52,73.27,17.18,2.71,0.51
2011-07-21,0.0,23.12,71.35,16.98,2.5,0.5
2011-07-22,0.01,22.54,73.39,15.34,2.51,0.5
2011-07-23,0.56,22.81,73.47,12.58,2.85,0.5
2011-07-24,0.03,22.67,73.55,15.83,2.93,0.5
2011-07-25,0.0,23.16,72.66,18.17,2.92,0.49
2011-07-26,0.0,23.51,73.71,19.3,3.07,0.49
2011-07-27,0.0,23.08,75.59,19.15,3.33,0.49
2011-07-28,0.0,23.24,76.33,19.49,3.6,0.49
2011-07-29,0.0,22.99,75.43,17.47,2.82,0.48
2011-07-30,0.0,23.15,71.61,21.8,2.87,0.48
2011-07-31,0.0,23.22,72.44,19.72,2.62,0.48
2011-08-01,0.0,23.55,74.47,17.41,2.6,0.48
2011-08-02,0.0,22.85,74.08,22.18,2.59,0.48
2011-08-03,0.0,22.76,69.79,20.99,2.92,0.47
2011-08-04,0.0,22.91,68.92,14.86,2.97,0.47
2011-08-05,0.0,23.25,70.05,20.4,3.08,0.47
2011-08-06,0.0,23.41,72.67,13.58,3.36,0.47
2011-08-07,0.0,23.59,72.21,19.66,3.42,0.47
2011-08-08,0.0,23.48,74.99,15.11,3.08,0.46
2011-08-09,0.01,23.69,72.87,17.76,2.57,0.46
2011-08-10,0.0,23.63,70.16,20.77,2.15,0.46
2011-08-11,0.0,23.79,66.23,21.93,2.34,0.46
2011-08-12,0.0,24.01,66.22,22.8,2.39,0.46
2011-08-13,0.0,23.52,73.29,22.48,3.2,0.45
2011-08-14,0.0,23.71,72.8,20.72,3.43,0.45
2011-08-15,0.0,23.25,73.02,23.44,2.68,0.45
2011-08-16,0.0,22.86,69.14,23.93,2.14,0.45
2011-08-17,0.0,23.08,66.46,24.16,1.87,0.45
2011-08-18,0.0,23.22,65.81,23.49,2.59,0.45
2011-08-19,0.17,23.07,76.39,21.6,3.56,0.45
2011-08-20,0.01,23.76,70.76,20.95,3.71,0.44
2011-08-21,0.0,24.0,66.11,22.45,3.42,0.44
2011-08-22,0.0,23.43,63.02,23.63,3.36,0.44
2011-08-23,0.0,22.65,65.28,22.92,3.77,0.44
2011-08-24,0.0,22.49,63.39,21.14,3.68,0.44
2011-08-25,0.0,22.63,63.84,20.79,3.26,0.44
2011-08-26,0.0,23.32,69.53,19.56,3.0,0.44
2011-08-27,0.0,24.31,62.45,23.95,2.67,0.44
2011-08-28,0.0,24.38,67.95,23.38,2.3,0.43
2011-08-29,0.0,24.67,74.02,18.84,2.4,0.43
2011-08-30,0.0,24.83,70.99,21.25,1.84,0.43
2011-08-31,0.0,24.31,72.82,23.39,2.33,0.43
2011-09-01,0.0,24.22,67.52,23.63,2.23,0.43
2011-09-02,0.0,24.66,65.49,23.25,2.24,0.43
2011-09-03,0.0,24.73,75.53,22.47,2.69,0.43
2011-09-04,0.0,24.85,75.44,22.68,2.63,0.43
2011-09-05,0.0,24.83,71.69,22.82,2.23,0.43
2011-09-06,0.0,24.39,72.19,23.81,2.08,0.43
2011-09-07,0.0,24.74,74.26,23.82,2.47,0.43
2011-09-08,0.0,25.39,69.39,24.52,2.17,0.43
2011-09-09,0.0,24.55,74.08,25.39,2.57,0.43
2011-09-10,0.0,25.05,73.29,21.03,3.13,0.43
2011-09-11,0.0,24.63,67.72,19.12,4.2,0.43
2011-09-12,0.0,24.38,62.71,20.9,3.92,0.43
2011-09-13,0.0,24.04,62.55,22.86,3.89,0.43
2011-09-14,0.0,23.86,71.09,20.92,3.76,0.43
2011-09-15,0.0,24.07,73.03,22.31,3.07,0.43
2011-09-16,0.0,24.65,72.09,22.72,2.86,0.43
2011-09-17,0.0,24.75,75.31,23.19,2.82,0.43
2011-09-18,0.0,25.22,73.9,23.2,2.72,0.43
2011-09-19,0.0,25.18,74.02,24.69,2.0,0.43
2011-09-20,0.0,26.48,59.23,24.16,1.41,0.43
2011-09-21,0.0,26.62,61.97,24.64,1.86,0.43
2011-09-22,0.0,26.25,68.49,25.27,2.5,0.43
2011-09-23,0.0,26.07,68.64,26.09,2.44,0.42
2011-09-24,0.0,25.33,71.19,25.63,2.4,0.42
2011-09-25,0.0,25.17,71.04,25.28,2.18,0.42
2011-09-26,0.0,25.6,65.96,25.81,2.04,0.42
2011-09-27,0.0,25.44,68.35,26.53,2.4,0.42
2011-09-28,0.0,25.08,68.08,26.51,2.44,0.42
2011-09-29,0.0,26.13,61.24,26.38,2.04,0.42
2011-09-30,0.0,26.34,63.94,26.65,2.03,0.42
2011-10-01,0.0,26.61,62.17,26.72,1.69,0.42
2011-10-02,0.0,26.53,67.67,22.97,1.89,0.42
2011-10-03,0.0,26.3,72.61,20.18,1.86,0.42
2011-10-04,0.12,25.46,76.15,14.23,2.53,0.42
2011-10-05,0.36,26.04,75.56,19.01,2.73,0.42
2011-10-06,10.55,26.33,74.27,20.66,1.98,0.43
2011-10-07,5.5,25.84,76.35,19.62,1.66,0.45
2011-10-08,0.0,26.51,72.08,22.89,1.44,0.45
2011-10-09,0.0,26.28,73.01,21.59,1.61,0.45
2011-10-10,0.0,26.49,70.98,22.1,1.73,0.44
2011-10-11,0.0,26.85,70.26,25.8,1.89,0.44
2011-10-12,0.0,27.07,70.0,26.59,2.32,0.44
2011-10-13,0.0,27.26,65.88,26.03,2.07,0.44
2011-10-14,0.0,27.37,62.63,26.47,1.34,0.44
2011-10-15,0.0,26.82,70.46,22.74,1.58,0.43
2011-10-16,0.0,27.67,65.89,27.24,1.95,0.43
2011-10-17,0.0,26.8,71.32,23.32,2.82,0.43
2011-10-18,0.0,26.62,71.99,25.2,2.87,0.43
2011-10-19,0.0,26.49,75.42,24.76,2.93,0.43
2011-10-20,1.21,26.81,75.5,22.07,3.21,0.43
2011-10-21,0.83,27.38,71.97,21.48,3.04,0.43
2011-10-22,0.1,26.94,75.13,20.76,2.8,0.43
2011-10-23,0.0,26.59,77.14,19.3,3.09,0.43
2011-10-24,0.0,27.29,71.9,23.84,2.9,0.43
2011-10-25,0.0,27.34,71.44,24.1,2.8,0.43
2011-10-26,0.0,27.49,69.46,24.05,2.97,0.43
2011-10-27,0.0,27.8,66.45,26.41,2.64,0.43
2011-10-28,0.02,27.52,66.47,24.21,2.26,0.43
2011-10-29,0.01,28.02,62.86,25.42,1.9,0.43
2011-10-30,0.15,27.58,68.01,24.21,2.4,0.43
2011-10-31,0.46,28.05,66.64,22.22,2.44,0.43
2011-11-01,0.26,28.02,64.27,24.92,2.7,0.43
2011-11-02,0.0,27.47,68.95,26.98,2.79,0.43
2011-11-03,0.0,27.74,67.35,24.51,2.68,0.43
2011-11-04,0.0,27.82,62.74,25.64,2.68,0.43
2011-11-05,0.0,28.14,59.26,24.89,2.22,0.43
2011-11-06,3.64,27.55,62.87,24.07,1.59,0.43
2011-11-07,2.48,27.94,65.27,22.48,1.47,0.43
2011-11-08,15.65,26.75,77.06,21.19,1.4,0.45
2011-11-09,8.03,26.26,79.9,21.91,1.11,0.47
2011-11-10,8.12,26.88,74.46,22.0,1.7,0.48
2011-11-11,5.92,27.09,72.83,23.38,1.9,0.49
2011-11-12,4.2,27.25,72.9,23.88,2.17,0.49
2011-11-13,1.16,27.11,68.64,25.94,2.16,0.49
2011-11-14,0.0,27.59,65.32,25.04,1.9,0.49
2011-11-15,3.31,27.74,69.45,22.34,1.84,0.49
2011-11-16,1.99,27.51,69.64,21.21,2.18,0.49
2011-11-17,7.01,27.19,75.61,23.31,1.69,0.49
2011-11-18,8.5,27.48,73.0,22.61,1.64,0.5
2011-11-19,6.07,28.2,67.69,23.79,1.41,0.51
2011-11-20,3.69,27.6,70.16,20.17,0.96,0.51
2011-11-21,1.28,27.51,72.51,21.85,1.81,0.51
2011-11-22,0.01,28.07,68.31,25.89,2.04,0.51
2011-11-23,0.0,27.9,66.37,28.16,1.7,0.5
2011-11-24,2.31,28.11,67.44,26.25,1.76,0.5
2011-11-25,3.07,26.83,80.79,21.04,2.05,0.5
2011-11-26,2.44,26.9,80.64,18.72,2.65,0.5
2011-11-27,0.2,27.54,78.29,16.26,2.52,0.5
2011-11-28,1.15,28.1,74.51,25.08,2.58,0.5
2011-11-29,11.81,27.42,78.04,23.76,1.87,0.51
2011-11-30,10.6,27.65,72.21,22.73,1.38,0.53
2011-12-01,0.0,28.52,65.47,24.94,1.39,0.53
2011-12-02,3.02,28.65,66.52,24.82,1.62,0.52
2011-12-03,13.16,28.19,74.56,22.17,1.64,0.54
2011-12-04,6.93,27.79,75.38,18.6,1.53,0.54
2011-12-05,7.82,26.78,81.46,15.97,1.64,0.55
2011-12-06,6.34,26.56,80.83,15.11,2.15,0.56
2011-12-07,13.19,26.81,78.37,20.02,2.12,0.57
2011-12-08,26.2,26.27,83.29,18.01,2.28,0.6
2011-12-09,7.88,26.01,81.09,16.06,1.56,0.62
2011-12-10,24.67,26.06,82.64,16.71,1.13,0.65
2011-12-11,4.19,26.56,81.42,20.64,1.03,0.66
2011-12-12,0.75,27.19,81.56,23.15,1.2,0.65
2011-12-13,0.44,26.86,82.93,19.26,1.36,0.65
2011-12-14,19.27,26.5,77.51,7.31,1.34,0.65
2011-12-15,8.89,26.0,82.22,20.02,1.58,0.68
2011-12-16,37.83,26.16,82.73,19.88,1.58,0.69
2011-12-17,12.55,26.08,83.94,19.65,1.65,0.74
2011-12-18,7.28,26.39,85.39,17.71,1.2,0.73
2011-12-19,4.7,26.68,84.87,20.36,1.61,0.74
2011-12-20,0.02,27.35,81.04,22.72,1.65,0.73
2011-12-21,3.62,26.91,84.95,6.63,1.98,0.72
2011-12-22,7.59,25.99,88.96,12.87,2.04,0.73
2011-12-23,8.66,26.58,84.42,18.66,1.76,0.73
2011-12-24,14.25,25.87,87.97,18.82,2.28,0.75
2011-12-25,1.96,26.61,84.21,21.15,2.37,0.75
2011-12-26,0.01,27.2,83.27,22.17,2.67,0.74
2011-12-27,0.01,27.1,85.72,23.92,2.69,0.73
2011-12-28,0.99,26.48,86.9,18.28,2.56,0.72
2011-12-29,16.41,26.19,86.37,17.19,2.71,0.73
2011-12-30,50.75,26.13,87.2,19.27,2.29,0.77
2011-12-31,38.98,26.19,87.31,16.69,2.02,0.84
2012-01-01,10.17,26.46,81.76,16.62,0.81,0.85
2012-01-02,12.45,26.39,84.16,15.6,1.31,0.86
2012-01-03,18.89,25.42,91.13,17.53,2.0,0.87
2012-01-04,1.62,25.91,84.59,21.75,1.65,0.88
2012-01-05,3.83,25.21,87.82,13.51,2.43,0.87
2012-01-06,11.12,25.88,83.15,15.82,0.92,0.87
2012-01-07,7.72,26.8,82.67,16.59,1.63,0.87
2012-01-08,8.39,26.76,83.61,18.75,1.69,0.87
2012-01-09,17.87,26.91,81.91,17.08,1.27,0.88
2012-01-10,16.8,26.25,83.13,13.49,1.29,0.9
2012-01-11,1.77,25.56,86.69,15.25,1.26,0.89
2012-01-12,3.47,26.24,78.88,14.71,0.83,0.89
2012-01-13,0.92,26.6,79.46,19.78,1.02,0.89
2012-01-14,0.16,26.34,83.75,21.96,1.25,0.88
2012-01-15,2.32,26.07,85.37,20.78,1.46,0.87
2012-01-16,1.44,26.52,83.55,21.83,1.36,0.87
2012-01-17,3.48,26.33,85.59,21.58,1.52,0.86
2012-01-18,2.39,26.83,80.61,21.32,1.1,0.86
2012-01-19,9.6,25.51,88.57,15.74,1.49,0.86
2012-01-20,15.48,25.42,87.76,19.17,2.15,0.87
2012-01-21,26.56,25.34,85.73,20.54,1.52,0.89
2012-01-22,27.52,25.43,89.13,13.45,2.09,0.91
2012-01-23,37.96,25.03,93.25,17.26,3.32,0.93
2012-01-24,13.81,24.97,90.76,17.22,3.69,0.95
2012-01-25,0.91,25.22,87.54,14.66,2.72,0.94
2012-01-26,0.02,25.74,86.94,20.33,1.59,0.93
2012-01-27,0.0,25.31,83.36,22.85,2.27,0.93
2012-01-28,0.21,25.76,83.12,22.59,2.11,0.92
2012-01-29,20.92,25.8,85.24,19.84,2.11,0.92
2012-01-30,9.3,25.67,85.09,15.19,1.91,0.93
2012-01-31,9.0,25.09,86.95,9.87,2.01,0.93
2012-02-01,46.11,24.69,90.7,11.1,2.83,0.95
2012-02-02,73.09,25.33,88.82,14.88,3.24,0.98
2012-02-03,32.74,25.15,86.79,17.72,2.73,0.99
2012-02-04,40.08,24.52,88.55,14.97,2.78,1.0
2012-02-05,16.23,25.21,85.89,18.81,2.41,1.0
2012-02-06,7.69,25.06,87.03,19.32,2.72,0.99
2012-02-07,5.15,25.27,86.46,19.57,2.36,0.98
2012-02-08,5.74,25.94,84.48,18.34,1.69,0.97
2012-02-09,13.28,25.75,87.74,19.55,1.27,0.97
2012-02-10,10.13,26.37,82.66,22.26,1.51,0.97
2012-02-11,1.55,26.65,73.27,26.49,0.98,0.97
2012-02-12,0.0,26.0,75.75,27.91,1.3,0.96
2012-02-13,0.02,25.8,78.68,27.17,1.68,0.94
2012-02-14,0.1,25.62,83.55,17.96,1.86,0.93
2012-02-15,0.02,25.83,84.33,23.47,1.67,0.92
2012-02-16,0.0,26.28,81.13,26.29,1.88,0.91
2012-02-17,0.89,26.15,82.57,19.49,1.52,0.9
2012-02-18,8.0,25.71,86.23,17.98,2.4,0.9
2012-02-19,9.94,25.74,85.71,18.65,1.69,0.9
2012-02-20,5.79,25.69,85.66,20.32,1.39,0.91
2012-02-21,4.39,24.73,90.48,19.17,1.73,0.9
2012-02-22,8.38,26.03,80.59,21.19,1.29,0.91
2012-02-23,3.11,26.75,79.8,21.81,0.83,0.9
2012-02-24,0.4,26.9,78.23,23.75,0.55,0.9
2012-02-25,0.07,26.57,78.76,20.59,1.05,0.89
2012-02-26,0.0,26.59,82.03,24.15,1.16,0.88
2012-02-27,5.05,26.52,83.32,21.91,1.3,0.88
2012-02-28,4.38,26.2,81.17,19.9,0.92,0.88
2012-02-29,0.17,26.11,80.76,18.46,1.0,0.87
2012-03-01,21.03,25.86,84.02,20.63,1.91,0.88
2012-03-02,16.18,25.44,87.79,23.09,2.64,0.89
2012-03-03,8.32,25.58,85.29,12.28,1.96,0.9
2012-03-04,1.66,26.02,81.47,20.62,0.96,0.89
2012-03-05,19.03,25.49,87.44,18.2,1.19,0.89
2012-03-06,18.5,24.83,91.03,15.19,1.78,0.92
2012-03-07,21.71,25.46,84.18,17.66,1.0,0.93
2012-03-08,3.94,25.67,87.54,21.76,1.62,0.93
2012-03-09,3.88,26.64,80.7,20.07,0.9,0.93
2012-03-10,3.32,26.4,80.4,18.46,1.07,0.92
2012-03-11,7.94,25.58,87.6,17.89,1.84,0.92
2012-03-12,32.42,25.09,93.72,9.09,2.76,0.93
2012-03-13,34.07,24.82,89.85,7.96,3.3,0.96
2012-03-14,46.85,25.08,90.46,9.21,3.36,0.97
2012-03-15,7.76,25.17,87.94,8.26,3.78,0.98
2012-03-16,6.88,25.51,86.13,14.23,3.33,0.97
2012-03-17,5.01,25.29,86.31,16.29,3.55,0.97
2012-03-18,13.2,25.62,86.3,18.53,2.69,0.96
2012-03-19,36.48,24.69,90.99,12.89,2.63,0.98
2012-03-20,12.83,25.28,86.2,17.76,2.54,0.97
2012-03-21,18.94,24.49,86.75,13.48,2.12,0.97
2012-03-22,5.69,24.81,83.21,22.07,2.24,0.97
2012-03-23,0.0,24.67,81.86,25.72,2.24,0.96
2012-03-24,0.0,24.09,81.84,25.99,1.9,0.95
2012-03-25,0.02,24.82,80.26,23.32,1.25,0.94
2012-03-26,4.61,24.79,84.53,20.15,1.4,0.93
2012-03-27,0.0,24.61,73.98,26.38,1.56,0.92
2012-03-28,0.0,24.5,74.86,23.12,1.27,0.91
2012-03-29,0.0,25.28,77.2,21.2,1.22,0.9
2012-03-30,0.22,25.44,82.37,20.97,1.19,0.9
2012-03-31,0.06,25.71,82.18,22.01,1.54,0.89
2012-04-01,0.0,25.4,81.76,24.62,1.76,0.88
2012-04-02,0.32,25.05,81.68,24.48,1.75,0.86
2012-04-03,0.28,24.64,82.18,24.64,1.88,0.85
2012-04-04,0.03,24.64,82.19,24.83,1.6,0.85
2012-04-05,0.0,24.94,80.28,23.54,1.59,0.84
2012-04-06,0.0,24.71,82.42,23.38,1.83,0.82
2012-04-07,0.0,24.69,81.38,26.29,2.37,0.81
2012-04-08,0.24,24.89,83.41,22.96,2.29,0.8
2012-04-09,0.05,24.9,84.56,22.58,2.4,0.79
2012-04-10,0.15,25.23,82.47,22.21,2.56,0.77
2012-04-11,0.25,25.08,83.3,17.08,2.77,0.76
2012-04-12,0.99,25.1,83.1,18.61,2.98,0.75
2012-04-13,0.51,25.39,84.68,16.93,3.11,0.74
2012-04-14,1.26,25.66,85.79,15.93,2.91,0.73
2012-04-15,0.48,25.69,86.87,19.11,2.4,0.72
2012-04-16,0.0,25.71,83.76,22.47,2.06,0.71
2012-04-17,0.0,25.89,79.45,21.15,1.62,0.7
2012-04-18,0.0,25.97,75.48,22.15,1.37,0.69
2012-04-19,0.0,25.9,77.56,21.4,1.29,0.68
2012-04-20,0.01,25.86,77.53,24.24,1.32,0.66
2012-04-21,0.0,25.59,80.34,21.75,1.65,0.65
2012-04-22,22.38,25.38,85.91,16.81,1.93,0.66
2012-04-23,8.33,25.4,88.59,17.2,1.79,0.69
2012-04-24,1.16,25.54,86.8,19.6,1.23,0.69
2012-04-25,6.83,25.57,88.13,18.58,2.17,0.68
2012-04-26,28.25,25.1,91.34,13.09,2.71,0.7
2012-04-27,35.84,24.85,91.4,11.3,3.18,0.77
2012-04-28,6.09,24.9,87.91,13.53,2.97,0.77
2012-04-29,0.4,24.66,83.31,17.8,2.58,0.77
2012-04-30,0.0,24.31,80.33,19.54,2.18,0.75
2012-05-01,0.0,23.97,77.65,20.65,2.39,0.74
2012-05-02,0.0,24.18,79.18,19.17,2.25,0.73
2012-05-03,0.0,24.97,85.75,19.31,2.32,0.72
2012-05-04,0.01,25.16,87.51,14.97,2.93,0.71
2012-05-05,0.75,25.04,85.59,16.03,2.7,0.7
2012-05-06,0.08,25.03,80.47,17.56,2.6,0.69
2012-05-07,0.0,24.31,80.55,13.67,2.07,0.68
2012-05-08,2.15,24.57,81.72,12.65,2.09,0.68
2012-05-09,8.9,24.44,88.55,6.73,2.5,0.68
2012-05-10,15.37,24.01,94.47,11.81,2.55,0.7
2012-05-11,7.46,24.27,94.1,5.57,3.73,0.71
2012-05-12,4.46,24.36,91.7,12.8,3.4,0.71
2012-05-13,1.15,24.97,87.75,15.55,2.97,0.71
2012-05-14,0.02,25.37,85.27,17.11,3.37,0.7
2012-05-15,1.73,24.94,82.35,12.19,3.14,0.69
2012-05-16,0.23,24.53,82.31,14.36,2.9,0.69
2012-05-17,0.0,24.3,82.26,16.73,2.78,0.68
2012-05-18,0.0,23.95,80.31,18.06,2.41,0.67
2012-05-19,0.0,23.54,79.02,19.19,2.31,0.66
2012-05-20,0.0,23.24,76.31,20.5,2.53,0.65
2012-05-21,0.01,24.07,81.24,17.21,3.0,0.64
2012-05-22,0.0,24.32,79.46,11.52,3.31,0.63
2012-05-23,0.0,23.94,74.07,17.17,2.77,0.62
2012-05-24,0.0,24.21,78.49,16.27,2.75,0.61
2012-05-25,0.01,24.38,79.31,12.28,4.01,0.6
2012-05-26,0.03,23.62,73.93,11.89,4.09,0.6
2012-05-27,0.0,23.26,70.97,12.17,3.24,0.59
2012-05-28,0.02,23.41,72.46,13.59,2.9,0.58
2012-05-29,0.02,23.02,76.81,10.27,3.27,0.58
2012-05-30,0.0,23.35,74.97,13.12,3.17,0.57
2012-05-31,0.0,23.26,79.02,12.46,2.56,0.56
2012-06-01,0.0,23.8,81.48,17.36,2.38,0.56
2012-06-02,0.01,24.04,82.46,16.87,2.41,0.56
2012-06-03,0.01,24.17,82.93,14.03,2.64,0.55
2012-06-04,0.0,24.38,77.62,14.46,3.11,0.55
2012-06-05,0.0,23.97,74.56,15.03,3.28,0.54
2012-06-06,0.0,23.47,76.77,14.13,3.39,0.54
2012-06-07,0.0,23.55,77.91,14.73,3.22,0.54
2012-06-08,0.0,23.68,74.36,15.85,3.22,0.53
2012-06-09,0.01,22.92,76.14,17.05,3.11,0.53
2012-06-10,0.0,22.75,74.2,20.36,2.91,0.52
2012-06-11,0.0,23.16,74.33,20.24,2.81,0.52
2012-06-12,0.1,22.98,73.94,17.3,2.24,0.52
2012-06-13,0.0,22.9,71.74,16.12,2.11,0.51
2012-06-14,0.0,22.75,70.71,20.39,1.85,0.51
2012-06-15,0.0,23.11,74.63,20.94,1.97,0.51
2012-06-16,0.0,23.54,79.72,18.8,2.84,0.51
2012-06-17,0.0,23.94,78.95,16.64,3.4,0.5
2012-06-18,0.0,24.01,73.15,14.79,4.16,0.5
2012-06-19,0.0,24.06,70.17,12.89,3.81,0.5
2012-06-20,0.0,23.63,72.85,11.63,2.66,0.49
2012-06-21,0.02,23.21,76.4,17.5,2.12,0.49
2012-06-22,0.0,22.36,67.38,21.08,2.02,0.49
2012-06-23,0.0,22.56,71.02,18.32,2.91,0.49
2012-06-24,0.0,22.74,69.12,14.0,4.18,0.48
2012-06-25,0.0,22.43,68.55,17.22,3.47,0.48
2012-06-26,0.0,22.31,73.45,20.17,2.96,0.48
2012-06-27,0.0,23.17,72.34,14.68,2.79,0.48
2012-06-28,0.0,23.46,74.13,16.86,2.45,0.48
2012-06-29,0.0,23.11,73.98,18.38,2.12,0.48
2012-06-30,0.0,23.2,72.44,17.95,2.28,0.47
2012-07-01,0.0,23.06,74.07,20.14,2.75,0.47
2012-07-02,0.0,23.1,72.54,16.04,3.81,0.47
2012-07-03,0.0,22.32,70.27,14.97,3.61,0.47
2012-07-04,0.0,22.47,75.48,14.6,3.85,0.47
2012-07-05,0.0,22.69,72.93,12.19,4.15,0.47
2012-07-06,0.0,22.25,70.07,13.41,3.83,0.46
2012-07-07,0.0,22.54,67.99,17.67,2.68,0.46
2012-07-08,0.0,22.98,75.18,16.08,2.57,0.46
2012-07-09,0.0,23.95,74.03,18.48,2.26,0.46
2012-07-10,0.0,24.78,73.15,18.41,1.98,0.46
2012-07-11,2.42,24.88,78.89,18.68,2.03,0.46
2012-07-12,0.71,24.44,82.14,18.48,2.2,0.46
2012-07-13,0.0,24.29,80.17,18.54,2.32,0.46
2012-07-14,0.0,23.85,81.13,16.78,2.15,0.46
2012-07-15,0.0,24.15,72.43,18.94,1.8,0.45
2012-07-16,0.49,24.35,79.32,9.87,3.3,0.45
2012-07-17,0.22,24.4,77.81,11.7,3.05,0.45
2012-07-18,0.0,24.21,72.13,14.89,3.33,0.45
2012-07-19,0.0,23.46,68.06,21.49,2.83,0.45
2012-07-20,0.0,22.98,71.14,20.35,3.15,0.45
2012-07-21,0.0,22.69,66.87,20.45,3.29,0.45
2012-07-22,0.0,22.46,65.67,19.87,3.14,0.44
2012-07-23,0.0,22.26,63.61,21.07,2.71,0.44
2012-07-24,0.0,22.49,69.76,22.25,2.51,0.44
2012-07-25,0.0,22.87,73.76,20.24,2.3,0.44
2012-07-26,0.0,22.76,75.16,19.2,2.07,0.44
2012-07-27,0.0,23.23,73.65,18.86,2.24,0.44
2012-07-28,0.6,23.46,77.65,16.75,3.22,0.44
2012-07-29,0.08,22.76,72.7,15.45,3.35,0.44
2012-07-30,0.0,22.58,63.94,20.51,3.07,0.44
2012-07-31,0.0,23.01,65.14,19.52,3.15,0.44
2012-08-01,0.01,23.12,69.52,17.6,2.98,0.43
2012-08-02,0.0,22.89,69.11,21.16,2.77,0.43
2012-08-03,0.0,23.26,69.85,20.55,2.64,0.43
2012-08-04,0.0,22.98,74.63,22.49,2.39,0.43
2012-08-05,0.0,22.85,73.86,22.94,2.64,0.43
2012-08-06,0.0,22.61,77.82,23.21,3.0,0.43
2012-08-07,0.0,22.79,73.35,21.39,3.41,0.43
2012-08-08,0.0,22.6,69.77,21.97,3.32,0.43
2012-08-09,0.0,23.4,70.5,20.51,3.22,0.43
2012-08-10,0.0,23.12,76.5,19.57,3.07,0.43
2012-08-11,0.0,23.0,74.78,20.04,3.3,0.43
2012-08-12,0.0,22.58,61.29,20.55,3.46,0.43
2012-08-13,0.0,21.91,62.01,17.66,3.06,0.43
2012-08-14,0.0,21.57,63.64,19.94,3.14,0.43
2012-08-15,0.0,22.4,70.69,20.74,3.06,0.43
2012-08-16,0.0,22.73,73.04,18.18,3.23,0.43
2012-08-17,0.0,22.66,73.46,21.4,2.57,0.43
2012-08-18,0.0,22.61,69.5,24.51,2.37,0.43
2012-08-19,0.0,22.58,73.87,24.56,2.42,0.43
2012-08-20,0.0,23.12,73.22,21.64,2.69,0.43
2012-08-21,0.0,23.58,69.49,24.16,2.48,0.43
2012-08-22,0.0,23.68,67.33,21.65,2.19,0.43
2012-08-23,0.0,24.28,68.07,23.1,2.29,0.43
2012-08-24,0.0,24.56,69.64,23.49,2.32,0.43
2012-08-25,0.0,24.74,72.11,16.73,2.5,0.43
2012-08-26,0.0,25.13,76.33,18.57,2.53,0.43
2012-08-27,0.0,25.02,73.17,22.98,2.33,0.43
2012-08-28,0.0,24.46,72.74,24.22,2.51,0.43
2012-08-29,0.0,24.21,68.06,23.18,2.29,0.43
2012-08-30,0.0,24.63,61.7,22.96,1.99,0.43
2012-08-31,0.0,24.95,52.24,25.24,1.82,0.42
2012-09-01,0.0,24.46,60.93,24.87,2.04,0.42
2012-09-02,0.0,24.64,63.82,23.96,2.11,0.42
2012-09-03,0.0,24.38,68.92,24.42,2.81,0.42
2012-09-04,0.0,24.89,69.88,22.43,2.78,0.42
2012-09-05,0.0,25.05,67.74,24.6,2.66,0.42
2012-09-06,0.0,24.63,67.52,24.02,2.32,0.42
2012-09-07,0.0,24.88,68.37,25.17,2.51,0.42
2012-09-08,0.0,25.41,67.58,24.54,2.32,0.42
2012-09-09,0.0,24.97,68.46,21.32,2.02,0.42
2012-09-10,0.0,24.58,63.35,25.37,1.82,0.42
2012-09-11,0.0,24.38,59.48,25.08,1.88,0.42
2012-09-12,0.0,25.22,63.94,23.41,2.07,0.42
2012-09-13,0.0,25.86,67.42,25.52,2.31,0.42
2012-09-14,0.0,25.9,68.79,23.64,2.12,0.42
2012-09-15,0.0,25.27,71.99,22.98,2.75,0.42
2012-09-16,0.0,25.08,68.74,26.17,2.68,0.42
2012-09-17,0.0,25.42,69.41,25.81,2.77,0.42
2012-09-18,0.0,26.18,65.22,24.39,2.52,0.42
2012-09-19,0.0,25.33,66.28,26.44,2.9,0.42
2012-09-20,0.0,25.29,64.0,26.86,2.4,0.42
2012-09-21,0.0,24.52,66.6,27.02,2.47,0.42
2012-09-22,0.0,24.65,68.07,26.96,2.14,0.42
2012-09-23,0.0,25.34,62.7,26.34,2.09,0.42
2012-09-24,0.0,25.64,58.62,26.54,2.04,0.42
2012-09-25,0.0,25.52,65.0,25.76,2.14,0.42
2012-09-26,0.0,25.79,66.29,21.15,2.25,0.42
2012-09-27,0.04,26.49,64.72,20.84,1.84,0.42
2012-09-28,0.04,26.3,69.1,20.83,1.81,0.42
2012-09-29,0.0,26.41,69.77,22.39,1.87,0.42
2012-09-30,0.0,26.54,65.05,26.79,2.18,0.42
2012-10-01,0.0,26.55,68.56,23.59,2.54,0.42
2012-10-02,0.0,26.27,68.82,23.99,2.46,0.42
2012-10-03,0.0,25.83,64.63,26.01,2.38,0.42
2012-10-04,0.0,25.76,70.29,25.11,2.86,0.42
2012-10-05,0.0,26.16,71.94,23.87,2.75,0.42
2012-10-06,0.0,26.67,67.15,26.17,2.39,0.42
2012-10-07,0.0,27.11,59.81,22.64,1.76,0.42
2012-10-08,0.0,27.25,59.91,26.41,1.63,0.42
2012-10-09,0.0,27.07,64.86,26.08,1.76,0.42
2012-10-10,0.0,27.71,61.32,24.74,1.92,0.42
2012-10-11,0.0,28.01,64.8,23.72,2.03,0.42
2012-10-12,0.0,27.46,67.0,23.02,2.68,0.42
2012-10-13,0.0,26.88,72.51,23.03,3.3,0.42
2012-10-14,0.0,26.72,71.82,24.11,3.12,0.42
2012-10-15,0.0,26.69,70.92,23.66,2.96,0.42
2012-10-16,0.0,26.7,70.72,24.52,2.89,0.42
2012-10-17,0.0,26.8,71.16,26.9,2.63,0.42
2012-10-18,0.0,27.07,67.14,26.36,2.47,0.42
2012-10-19,0.0,27.45,62.1,25.41,1.82,0.42
2012-10-20,0.0,27.71,62.12,26.56,1.88,0.42
2012-10-21,0.0,27.64,62.51,26.63,1.91,0.42
2012-10-22,0.0,27.82,61.23,26.5,1.93,0.42
2012-10-23,0.0,27.48,64.32,25.52,2.3,0.42
2012-10-24,0.0,27.48,64.28,26.99,2.59,0.42
2012-10-25,1.29,27.49,68.55,22.5,2.4,0.42
2012-10-26,0.28,27.65,66.61,23.15,2.56,0.42
2012-10-27,0.0,28.25,59.99,25.91,2.14,0.42
2012-10-28,0.0,28.16,60.39,25.07,2.16,0.42
2012-10-29,0.0,28.4,58.64,27.29,2.15,0.42
2012-10-30,0.0,28.12,65.47,26.28,2.42,0.42
2012-10-31,0.0,28.4,60.36,27.66,2.33,0.42
2012-11-01,0.0,27.78,66.02,26.94,2.47,0.42
2012-11-02,0.0,28.34,62.57,27.09,2.23,0.42
2012-11-03,0.0,28.91,59.05,24.87,2.14,0.42
2012-11-04,0.0,28.67,61.35,24.03,1.98,0.42
2012-11-05,0.0,28.87,55.76,24.4,1.82,0.42
2012-11-06,0.0,28.25,63.32,24.12,2.06,0.42
2012-11-07,0.0,27.94,63.18,25.39,1.91,0.42
2012-11-08,0.0,28.49,59.93,24.62,1.73,0.42
2012-11-09,0.0,29.08,60.79,25.47,2.05,0.42
2012-11-10,0.04,28.99,61.03,24.01,2.7,0.42
2012-11-11,0.0,28.47,63.02,25.93,2.74,0.42
2012-11-12,0.0,28.32,64.93,24.16,2.72,0.42
2012-11-13,0.25,27.75,69.44,22.33,2.8,0.42
2012-11-14,0.02,27.84,69.19,23.04,3.0,0.42
2012-11-15,0.0,28.23,65.31,26.83,2.8,0.42
2012-11-16,0.0,28.63,58.6,27.08,2.03,0.42
2012-11-17,0.0,28.83,54.52,23.13,1.71,0.42
2012-11-18,0.0,28.69,57.99,26.4,1.42,0.42
2012-11-19,20.31,28.05,69.71,19.85,1.13,0.44
2012-11-20,66.67,27.06,77.83,21.03,1.37,0.53
2012-11-21,32.53,26.88,75.16,22.26,1.47,0.63
2012-11-22,3.73,27.63,71.9,22.84,1.34,0.62
2012-11-23,2.83,27.0,79.07,21.4,1.32,0.61
2012-11-24,1.08,26.85,75.13,24.63,1.45,0.6
2012-11-25,32.77,26.92,77.72,22.08,1.87,0.63
2012-11-26,0.0,26.7,77.52,26.81,1.5,0.63
2012-11-27,0.0,26.55,75.48,28.15,2.17,0.62
2012-11-28,0.0,27.24,73.11,26.61,1.58,0.6
2012-11-29,9.7,26.91,77.01,22.9,1.45,0.6
2012-11-30,24.56,27.0,76.4,22.85,1.15,0.63
2012-12-01,11.86,26.74,78.43,22.82,1.32,0.66
2012-12-02,0.59,26.67,78.33,25.96,2.49,0.65
2012-12-03,0.0,26.92,78.06,25.09,1.8,0.64
2012-12-04,0.16,27.06,76.48,27.11,1.93,0.62
2012-12-05,0.08,27.53,71.59,24.06,1.67,0.61
2012-12-06,0.0,27.39,73.21,20.47,1.33,0.6
2012-12-07,0.0,28.06,69.31,23.99,1.21,0.6
2012-12-08,0.7,27.97,69.93,23.65,0.9,0.59
2012-12-09,4.68,27.28,73.26,22.98,1.53,0.59
2012-12-10,5.19,26.64,77.98,18.39,2.19,0.59
2012-12-11,6.9,27.0,76.58,20.56,1.52,0.6
2012-12-12,6.3,26.83,79.49,16.69,1.17,0.6
2012-12-13,2.26,27.3,76.14,21.05,1.63,0.6
2012-12-14,4.83,27.57,72.9,23.07,1.39,0.6
2012-12-15,4.24,26.89,79.09,18.31,1.21,0.6
2012-12-16,3.5,27.43,76.82,18.55,1.17,0.6
2012-12-17,30.53,26.4,84.17,19.9,1.28,0.62
2012-12-18,74.04,26.61,82.67,20.43,0.81,0.71
2012-12-19,32.25,26.62,85.42,20.98,2.06,0.77
2012-12-20,27.77,27.08,85.99,22.11,2.19,0.79
2012-12-21,9.71,26.93,81.64,22.46,1.74,0.81
2012-12-22,27.55,26.24,80.73,23.56,1.66,0.81
2012-12-23,20.61,26.86,75.07,21.93,1.31,0.84
2012-12-24,37.36,26.44,83.67,21.68,1.45,0.87
2012-12-25,9.02,26.71,80.99,17.28,1.55,0.88
2012-12-26,5.08,27.18,81.55,21.34,1.57,0.88
2012-12-27,1.22,26.45,84.26,17.92,1.23,0.87
2012-12-28,0.0,27.05,80.75,21.58,1.31,0.86
2012-12-29,1.44,27.06,83.8,22.53,1.12,0.86
2012-12-30,3.61,26.71,83.85,21.24,1.07,0.86
2012-12-31,8.12,26.77,82.27,17.55,0.95,0.86
2013-01-01,6.14,26.23,86.41,18.72,1.43,0.86
2013-01-02,12.62,26.62,77.45,15.16,1.01,0.87
2013-01-03,15.15,27.09,77.73,15.23,1.34,0.87
2013-01-04,7.47,26.26,83.92,13.51,1.22,0.88
2013-01-05,20.86,26.01,85.39,13.93,1.7,0.88
2013-01-06,126.38,25.28,92.94,9.73,5.35,0.93
2013-01-07,117.12,26.3,84.16,17.05,1.19,1.0
2013-01-08,49.52,26.45,85.76,10.27,1.32,1.0
2013-01-09,2.87,26.09,86.66,10.93,2.61,0.99
2013-01-10,5.39,25.76,88.01,9.39,2.95,0.98
2013-01-11,3.41,26.51,84.18,15.63,1.78,0.98
2013-01-12,71.16,25.12,91.44,16.82,2.08,0.99
2013-01-13,47.99,24.96,89.32,8.8,2.88,1.0
2013-01-14,29.38,24.97,90.65,17.96,3.46,1.0
2013-01-15,6.16,25.6,88.68,15.55,2.65,0.99
2013-01-16,10.41,25.29,90.26,16.72,2.93,0.99
2013-01-17,18.34,25.29,90.75,12.02,3.36,0.99
2013-01-18,8.88,25.67,88.79,20.71,3.49,0.98
2013-01-19,31.95,25.68,88.97,16.31,3.82,0.98
2013-01-20,10.16,25.81,88.22,19.91,3.47,0.98
2013-01-21,19.96,25.86,87.56,19.28,2.92,0.98
2013-01-22,3.66,25.84,87.95,21.69,2.46,0.98
2013-01-23,0.07,26.09,85.85,21.83,2.8,0.97
2013-01-24,0.04,26.02,86.41,21.0,2.63,0.96
2013-01-25,4.95,25.87,88.28,21.65,2.44,0.95
2013-01-26,0.51,26.26,86.75,25.18,2.82,0.94
2013-01-27,0.0,26.23,86.79,22.89,2.9,0.93
2013-01-28,0.42,26.25,83.85,19.55,2.18,0.92
2013-01-29,26.76,25.45,87.87,10.81,1.79,0.93
2013-01-30,9.99,26.02,84.95,18.9,1.8,0.94
2013-01-31,3.24,26.13,83.52,18.07,1.71,0.93
2013-02-01,2.32,26.35,82.45,17.63,1.37,0.93
2013-02-02,0.84,26.67,79.82,19.31,1.19,0.92
2013-02-03,2.43,26.64,81.48,19.5,1.03,0.91
2013-02-04,0.21,26.66,77.28,26.85,1.07,0.9
2013-02-05,0.0,26.98,69.35,28.25,1.02,0.89
2013-02-06,0.0,26.52,79.29,27.15,1.19,0.88
2013-02-07,0.07,26.79,77.52,23.88,1.24,0.87
2013-02-08,4.71,26.39,79.29,24.01,1.28,0.86
2013-02-09,4.66,26.34,78.73,23.08,1.33,0.86
2013-02-10,0.41,26.57,78.04,23.63,1.23,0.85
2013-02-11,1.61,26.61,79.69,22.92,1.28,0.84
2013-02-12,18.63,26.06,82.9,22.12,1.31,0.84
2013-02-13,8.36,26.39,80.38,22.32,1.11,0.85
2013-02-14,9.78,26.48,82.0,23.84,1.38,0.85
2013-02-15,9.04,26.25,85.39,13.89,1.41,0.85
2013-02-16,43.94,25.17,88.87,12.48,1.29,0.87
2013-02-17,26.42,25.13,87.21,15.93,1.58,0.92
2013-02-18,6.41,25.73,86.14,18.14,1.46,0.91
2013-02-19,17.89,26.37,85.1,20.78,1.08,0.92
2013-02-20,8.77,26.1,86.21,15.62,1.18,0.93
2013-02-21,39.04,25.64,87.38,16.37,1.12,0.93
2013-02-22,31.43,25.78,88.64,9.48,2.29,0.97
2013-02-23,9.44,25.74,87.7,12.42,2.18,0.96
2013-02-24,38.47,26.03,84.77,16.65,1.53,0.97
2013-02-25,49.29,25.68,86.92,17.06,2.13,0.99
2013-02-26,46.51,25.53,88.52,18.78,2.37,0.99
2013-02-27,37.15,25.83,87.67,16.34,2.75,1.0
2013-02-28,25.29,25.63,88.05,16.82,2.78,1.0
2013-03-01,21.9,26.14,83.58,16.09,1.55,1.0
2013-03-02,19.39,25.86,86.94,15.23,2.05,0.99
2013-03-03,53.72,25.42,88.2,12.71,2.65,0.99
2013-03-04,40.08,25.1,90.39,14.54,3.06,1.0
2013-03-05,35.23,25.48,89.48,15.26,2.93,1.0
2013-03-06,47.45,25.66,87.34,12.23,2.6,1.0
2013-03-07,30.69,25.69,87.26,11.73,2.28,1.0
2013-03-08,5.81,26.13,86.47,18.24,2.05,0.99
2013-03-09,8.89,25.87,87.42,17.92,2.24,0.99
2013-03-10,3.57,25.87,88.22,19.15,2.64,0.98
2013-03-11,3.2,25.71,87.05,19.04,2.69,0.97
2013-03-12,9.05,25.44,87.17,19.41,2.47,0.97
2013-03-13,21.01,24.88,88.96,18.2,2.73,0.97
2013-03-14,7.42,24.92,87.78,18.58,2.72,0.97
2013-03-15,0.78,25.07,84.23,21.74,2.2,0.96
2013-03-16,0.07,25.8,84.38,22.64,1.63,0.95
2013-03-17,1.39,26.19,83.63,22.86,1.31,0.95
2013-03-18,0.96,26.42,77.21,25.81,0.89,0.94
2013-03-19,0.0,26.36,76.39,27.09,1.29,0.92
2013-03-20,0.0,25.44,83.39,27.24,1.58,0.91
2013-03-21,0.0,25.68,77.03,27.18,1.27,0.9
2013-03-22,0.0,25.57,79.25,25.85,1.58,0.89
2013-03-23,0.03,25.81,79.69,25.39,1.7,0.88
2013-03-24,0.0,26.66,75.08,22.78,1.31,0.86
2013-03-25,0.01,26.68,79.35,21.87,1.31,0.85
2013-03-26,14.72,26.2,87.54,16.52,2.0,0.85
2013-03-27,12.38,25.97,89.54,18.43,2.1,0.87
2013-03-28,4.53,26.34,86.02,18.57,1.77,0.87
2013-03-29,9.06,26.19,87.24,16.91,2.43,0.87
2013-03-30,2.26,26.5,86.03,19.18,2.13,0.87
2013-03-31,5.45,26.23,86.94,20.18,2.0,0.86
2013-04-01,4.73,26.34,86.09,20.95,1.78,0.86
2013-04-02,2.93,26.25,85.78,19.97,1.27,0.86
2013-04-03,0.01,26.17,84.59,20.5,1.59,0.85
2013-04-04,4.68,26.21,85.94,21.35,1.92,0.84
2013-04-05,1.66,26.2,87.34,18.65,2.26,0.84
2013-04-06,0.94,26.21,87.56,19.02,2.43,0.83
2013-04-07,4.01,25.8,89.18,17.48,3.09,0.82
2013-04-08,18.4,25.39,91.09,17.3,2.31,0.83
2013-04-09,5.18,25.09,90.5,17.57,2.04,0.85
2013-04-10,0.34,25.96,80.33,19.21,1.57,0.84
2013-04-11,0.02,25.53,79.06,22.01,1.37,0.83
2013-04-12,0.02,25.83,74.39,24.81,2.18,0.81
2013-04-13,0.33,25.59,75.97,19.29,2.08,0.8
2013-04-14,0.15,25.09,75.71,25.36,1.83,0.79
2013-04-15,0.68,25.17,69.53,25.33,1.62,0.77
2013-04-16,0.0,25.11,76.36,24.27,1.53,0.76
2013-04-17,0.0,24.96,83.14,23.88,1.65,0.75
2013-04-18,0.0,25.04,85.36,24.43,2.15,0.74
2013-04-19,0.0,25.46,84.73,21.4,2.24,0.73
2013-04-20,0.0,25.73,82.13,20.95,2.19,0.72
2013-04-21,0.0,25.62,83.59,22.77,2.05,0.71
2013-04-22,0.0,24.79,83.73,24.73,1.96,0.69
2013-04-23,0.0,24.35,78.92,24.94,1.64,0.68
2013-04-24,0.0,24.88,79.45,22.72,1.62,0.67
2013-04-25,0.0,24.82,83.77,21.64,2.49,0.66
2013-04-26,0.0,25.54,79.16,21.26,3.03,0.65
2013-04-27,0.0,25.75,75.63,21.54,2.59,0.64
2013-04-28,0.0,25.65,77.88,21.02,2.63,0.63
2013-04-29,0.0,25.35,76.89,22.03,2.29,0.62
2013-04-30,0.23,25.0,78.73,19.95,2.38,0.61
2013-05-01,0.0,25.14,72.03,21.08,2.69,0.6
2013-05-02,0.0,25.43,75.06,21.07,2.41,0.59
2013-05-03,0.0,25.76,82.2,17.91,2.33,0.59
2013-05-04,0.64,26.28,84.66,14.47,3.07,0.58
2013-05-05,0.2,26.21,84.96,17.25,3.0,0.58
2013-05-06,0.01,26.38,82.42,21.12,2.49,0.57
2013-05-07,0.0,26.18,78.69,22.02,2.96,0.56
2013-05-08,0.0,26.13,73.01,21.39,2.91,0.56
2013-05-09,0.04,25.63,71.57,19.63,2.58,0.55
2013-05-10,0.54,25.73,78.81,17.82,2.5,0.55
2013-05-11,0.01,26.3,78.66,19.29,2.6,0.54
2013-05-12,0.2,26.51,77.48,19.94,2.71,0.54
2013-05-13,0.56,26.46,78.4,19.74,2.54,0.53
2013-05-14,0.27,26.35,79.85,18.29,2.15,0.53
2013-05-15,1.02,27.15,77.69,17.37,1.36,0.53
2013-05-16,0.43,27.17,77.08,14.45,1.08,0.52
2013-05-17,4.13,26.01,83.46,16.55,1.35,0.52
2013-05-18,3.79,25.83,85.38,15.92,2.11,0.53
2013-05-19,13.28,25.31,90.57,14.99,2.67,0.54
2013-05-20,2.98,26.13,83.53,18.64,1.68,0.55
2013-05-21,1.98,25.52,89.43,16.71,0.81,0.55
2013-05-22,2.75,25.48,90.38,18.19,1.82,0.55
2013-05-23,5.99,25.72,87.79,16.87,1.93,0.56
2013-05-24,12.85,25.01,90.3,14.83,2.49,0.57
2013-05-25,5.41,24.74,79.82,7.79,3.75,0.58
2013-05-26,0.0,24.18,75.25,18.57,2.91,0.58
2013-05-27,0.0,24.7,78.31,17.16,2.32,0.57
2013-05-28,0.62,24.86,87.53,11.17,2.96,0.57
2013-05-29,3.22,25.05,84.9,13.61,2.63,0.57
2013-05-30,2.29,24.69,84.53,11.74,3.06,0.57
2013-05-31,0.19,24.89,80.37,17.51,2.62,0.56
2013-06-01,1.63,25.43,82.34,16.3,2.83,0.56
2013-06-02,0.31,25.42,80.95,14.45,3.5,0.55
2013-06-03,0.21,25.59,77.03,14.16,3.65,0.55
2013-06-04,3.0,25.65,80.53,15.91,3.1,0.55
2013-06-05,2.93,25.78,83.15,15.57,2.63,0.55
2013-06-06,2.29,26.0,83.26,16.88,2.76,0.55
2013-06-07,1.64,25.28,86.3,5.78,3.53,0.54
2013-06-08,13.95,25.3,88.9,10.91,3.73,0.55
2013-06-09,0.03,24.9,81.32,17.35,3.25,0.56
2013-06-10,0.0,25.37,79.29,13.26,2.99,0.55
2013-06-11,0.02,25.27,81.55,15.25,2.89,0.55
2013-06-12,0.03,25.07,80.26,18.95,2.56,0.54
2013-06-13,0.0,24.72,78.54,19.24,2.33,0.54
2013-06-14,0.0,24.75,74.89,18.28,2.12,0.53
2013-06-15,0.0,25.08,76.38,16.16,2.76,0.53
2013-06-16,0.0,24.92,73.65,14.52,2.85,0.53
2013-06-17,0.0,24.91,75.14,16.62,2.5,0.52
2013-06-18,0.08,24.76,75.76,13.83,2.64,0.52
2013-06-19,0.2,25.4,80.81,16.03,2.9,0.52
2013-06-20,6.54,25.42,86.02,15.76,3.11,0.52
2013-06-21,4.76,23.55,87.0,9.63,4.11,0.53
2013-06-22,3.45,23.83,83.28,5.73,3.73,0.53
2013-06-23,3.21,24.76,86.41,7.41,4.1,0.53
2013-06-24,5.95,25.3,87.22,12.17,3.54,0.53
2013-06-25,1.74,25.39,86.94,15.96,3.09,0.54
2013-06-26,0.13,26.11,79.7,16.19,2.43,0.54
2013-06-27,9.65,25.09,82.49,17.15,2.1,0.54
2013-06-28,7.56,24.61,82.75,17.41,2.09,0.56
2013-06-29,0.0,24.24,84.46,17.33,2.66,0.55
2013-06-30,0.0,24.58,73.52,13.66,4.34,0.55
2013-07-01,0.0,24.11,70.49,13.03,4.64,0.54
2013-07-02,0.0,23.6,70.01,12.5,3.94,0.54
2013-07-03,0.0,22.97,71.21,17.14,2.98,0.53
2013-07-04,0.0,23.4,76.69,17.74,2.64,0.53
2013-07-05,0.0,23.96,79.29,15.96,2.91,0.52
2013-07-06,0.0,24.31,75.31,13.95,2.9,0.52
2013-07-07,0.0,24.47,77.07,17.83,2.77,0.52
2013-07-08,1.72,24.74,84.81,8.69,3.47,0.52
2013-07-09,1.14,24.65,85.21,11.68,3.26,0.52
2013-07-10,0.06,24.89,79.76,13.51,4.1,0.51
2013-07-11,0.0,24.38,76.64,16.31,3.72,0.51
2013-07-12,0.39,24.91,81.39,12.65,3.53,0.51
2013-07-13,0.03,24.82,80.86,13.95,3.61,0.51
2013-07-14,0.0,24.56,79.1,16.58,3.41,0.5
2013-07-15,0.0,24.21,79.06,16.7,3.52,0.5
2013-07-16,0.0,23.7,73.71,18.96,3.3,0.5
2013-07-17,0.0,23.57,70.73,20.8,2.38,0.5
2013-07-18,0.0,23.22,71.71,16.27,2.2,0.49
2013-07-19,0.0,23.2,68.52,21.11,2.35,0.49
2013-07-20,0.0,23.81,69.15,19.91,2.3,0.49
2013-07-21,0.0,24.33,70.07,14.31,2.45,0.48
2013-07-22,0.11,24.49,77.52,11.81,3.47,0.48
2013-07-23,0.01,24.64,72.15,12.61,4.17,0.48
2013-07-24,0.0,23.94,66.43,16.43,4.05,0.48
2013-07-25,0.0,23.61,66.36,17.73,3.51,0.48
2013-07-26,0.0,23.4,69.27,17.58,2.95,0.47
2013-07-27,0.0,22.92,69.16,19.87,2.51,0.47
2013-07-28,0.03,22.61,69.46,18.64,2.52,0.47
2013-07-29,0.02,23.64,75.06,16.51,2.5,0.47
2013-07-30,0.0,24.06,72.01,21.29,2.4,0.47
2013-07-31,0.0,23.77,72.23,18.7,2.75,0.46
2013-08-01,0.0,23.48,68.08,21.3,2.62,0.46
2013-08-02,0.0,23.51,64.41,21.85,2.56,0.46
2013-08-03,0.0,23.76,67.61,22.51,2.96,0.46
2013-08-04,0.0,23.83,66.27,19.22,3.32,0.46
2013-08-05,0.0,23.11,64.56,22.36,3.03,0.46
2013-08-06,0.0,23.41,67.55,17.75,2.91,0.45
2013-08-07,0.0,23.73,72.79,18.96,3.0,0.45
2013-08-08,0.0,23.01,72.03,23.23,2.54,0.45
2013-08-09,0.0,22.45,67.59,22.41,2.65,0.45
2013-08-10,0.0,22.19,63.76,20.8,2.68,0.45
2013-08-11,0.0,22.79,69.05,21.67,2.49,0.45
2013-08-12,0.0,23.58,68.82,20.72,2.43,0.44
2013-08-13,0.0,23.79,72.4,21.75,2.32,0.44
2013-08-14,0.0,24.38,72.28,22.97,2.2,0.44
2013-08-15,0.0,24.55,70.1,23.5,2.2,0.44
2013-08-16,0.0,24.3,72.6,23.92,1.97,0.44
2013-08-17,0.0,24.53,68.53,24.27,1.95,0.44
2013-08-18,0.0,24.28,73.54,22.22,2.33,0.44
2013-08-19,0.0,24.15,74.74,22.24,2.44,0.43
2013-08-20,0.0,23.99,76.38,23.49,2.19,0.43
2013-08-21,0.0,24.73,70.9,24.18,1.98,0.43
2013-08-22,0.0,24.81,71.01,24.17,2.24,0.43
2013-08-23,0.0,24.43,75.46,22.07,3.04,0.43
2013-08-24,0.07,24.74,69.78,21.96,3.07,0.43
2013-08-25,0.0,24.3,67.16,24.31,2.78,0.43
2013-08-26,0.0,23.88,71.18,22.65,2.83,0.43
2013-08-27,0.0,24.86,76.78,17.18,3.21,0.43
2013-08-28,0.0,25.33,69.82,24.1,3.05,0.43
2013-08-29,0.0,24.95,73.2,23.85,2.68,0.43
2013-08-30,0.0,24.59,72.83,23.76,2.79,0.43
2013-08-31,0.0,24.84,74.19,22.45,2.95,0.43
2013-09-01,0.0,24.83,73.49,22.65,2.99,0.43
2013-09-02,0.0,24.71,74.2,24.12,3.45,0.43
2013-09-03,0.0,24.48,71.53,22.74,3.73,0.43
2013-09-04,0.06,24.66,70.12,20.5,3.62,0.43
2013-09-05,0.02,24.34,66.71,20.79,4.18,0.43
2013-09-06,0.0,24.39,71.75,22.1,3.71,0.43
2013-09-07,0.0,24.19,70.63,24.17,3.45,0.43
2013-09-08,0.0,24.46,68.77,23.58,3.08,0.43
2013-09-09,0.0,25.0,69.22,21.53,2.8,0.43
2013-09-10,0.0,24.82,72.76,20.61,2.7,0.43
2013-09-11,0.0,25.1,70.06,22.54,2.54,0.43
2013-09-12,0.0,25.06,70.21,24.54,2.32,0.43
2013-09-13,0.0,25.61,66.86,22.97,1.93,0.43
2013-09-14,0.0,25.91,67.07,25.88,1.84,0.43
2013-09-15,0.0,25.71,73.21,21.87,2.2,0.43
2013-09-16,0.0,25.49,71.66,23.21,1.92,0.43
2013-09-17,0.0,25.82,70.02,24.78,1.94,0.43
2013-09-18,0.0,25.72,68.81,26.34,2.18,0.43
2013-09-19,0.0,25.96,67.39,26.53,1.93,0.42
2013-09-20,0.0,26.56,63.03,26.69,1.37,0.42
2013-09-21,0.0,26.34,66.12,26.87,1.51,0.42
2013-09-22,0.0,27.06,58.17,26.7,1.2,0.42
2013-09-23,0.0,26.37,64.73,26.53,1.54,0.42
2013-09-24,0.0,26.54,58.79,25.15,1.56,0.42
2013-09-25,0.0,26.63,63.26,26.74,1.69,0.42
2013-09-26,0.0,26.73,66.62,26.73,1.69,0.42
2013-09-27,0.0,26.18,66.78,26.88,1.89,0.42
2013-09-28,0.0,26.48,65.04,26.22,2.06,0.42
2013-09-29,0.0,26.23,66.98,25.62,1.64,0.42
2013-09-30,0.0,26.27,67.04,25.11,2.09,0.42
2013-10-01,0.0,26.33,69.63,23.51,2.21,0.42
2013-10-02,0.0,26.64,65.01,25.43,2.07,0.42
2013-10-03,0.0,26.64,64.66,26.85,2.18,0.42
2013-10-04,0.0,26.89,63.27,25.34,2.11,0.42
2013-10-05,0.0,27.49,61.23,26.69,1.74,0.42
2013-10-06,0.0,27.09,59.12,27.39,1.72,0.42
2013-10-07,0.0,27.08,55.17,27.44,1.85,0.42
2013-10-08,0.0,27.56,58.67,27.27,1.53,0.42
2013-10-09,0.0,27.67,61.62,27.11,1.69,0.42
2013-10-10,0.0,27.71,63.21,25.5,1.67,0.42
2013-10-11,0.0,28.38,56.62,23.75,1.35,0.42
2013-10-12,0.0,28.23,60.02,26.48,1.67,0.42
2013-10-13,0.0,28.23,58.68,26.86,1.56,0.42
2013-10-14,0.0,26.91,71.01,17.56,2.41,0.42
2013-10-15,21.83,26.83,75.18,14.58,2.63,0.44
2013-10-16,15.6,26.3,78.69,20.78,2.12,0.49
2013-10-17,0.24,27.29,69.64,20.83,1.79,0.49
2013-10-18,0.26,27.22,68.41,24.12,2.06,0.48
2013-10-19,0.19,26.83,72.06,26.87,2.59,0.48
2013-10-20,0.0,27.07,70.65,25.19,2.47,0.48
2013-10-21,0.0,27.12,73.36,24.08,2.56,0.47
2013-10-22,0.0,27.85,64.2,25.14,1.9,0.47
2013-10-23,2.3,27.58,64.39,23.05,1.3,0.47
2013-10-24,2.0,27.59,65.02,21.86,1.53,0.47
2013-10-25,1.05,27.22,72.09,22.49,2.37,0.47
2013-10-26,0.11,27.51,69.8,22.92,2.74,0.47
2013-10-27,0.01,27.51,67.39,24.35,2.17,0.46
2013-10-28,0.09,27.26,67.47,24.22,2.12,0.46
2013-10-29,0.02,26.86,71.16,26.55,2.39,0.46
2013-10-30,0.0,26.92,68.27,25.79,2.46,0.46
2013-10-31,0.0,26.9,71.94,24.2,2.15,0.45
2013-11-01,2.47,27.37,70.0,23.75,2.37,0.45
2013-11-02,0.65,26.99,68.27,27.58,2.31,0.45
2013-11-03,0.0,27.68,63.42,27.78,2.49,0.45
2013-11-04,0.0,27.68,66.96,25.48,2.04,0.45
2013-11-05,0.45,27.17,70.16,26.5,2.15,0.45
2013-11-06,0.17,27.8,65.51,27.78,2.51,0.45
2013-11-07,0.0,27.4,67.46,27.35,2.43,0.44
2013-11-08,0.0,27.47,67.66,28.15,2.32,0.44
2013-11-09,0.0,27.83,62.61,27.96,2.35,0.44
2013-11-10,0.0,27.95,62.36,22.41,2.11,0.44
2013-11-11,0.0,28.52,54.21,26.58,1.82,0.43
2013-11-12,0.0,28.59,58.13,26.53,1.55,0.43
2013-11-13,0.0,28.75,59.83,24.8,2.23,0.43
2013-11-14,5.26,28.44,69.3,22.57,2.08,0.43
2013-11-15,16.16,27.07,80.59,19.01,1.96,0.46
2013-11-16,5.38,27.12,76.56,21.58,1.51,0.47
2013-11-17,1.77,27.13,77.61,22.17,1.82,0.48
2013-11-18,3.73,26.68,79.26,17.91,2.21,0.47
2013-11-19,6.78,26.79,74.9,13.51,0.84,0.49
2013-11-20,2.41,27.35,70.03,20.12,0.97,0.49
2013-11-21,0.08,28.76,63.67,24.3,1.19,0.48
2013-11-22,8.89,28.38,67.32,20.92,1.21,0.49
2013-11-23,24.97,27.65,73.55,21.52,2.07,0.51
2013-11-24,20.23,26.42,85.38,15.11,2.83,0.56
2013-11-25,8.67,26.17,82.94,8.89,2.41,0.58
2013-11-26,0.33,26.63,77.19,20.13,2.79,0.57
2013-11-27,0.05,27.02,73.15,25.44,2.47,0.56
2013-11-28,2.0,26.4,76.2,25.31,2.69,0.55
2013-11-29,0.47,26.61,75.73,22.69,2.45,0.55
2013-11-30,2.91,27.1,75.14,23.16,2.19,0.55
2013-12-01,0.45,27.27,74.18,21.81,1.68,0.54
2013-12-02,0.01,27.38,74.88,22.14,1.79,0.54
2013-12-03,21.49,26.48,83.47,18.84,2.04,0.55
2013-12-04,9.53,26.57,85.07,17.6,1.72,0.59
2013-12-05,2.78,25.76,87.41,19.25,1.68,0.59
2013-12-06,18.08,26.02,87.88,17.56,1.91,0.6
2013-12-07,5.51,26.14,86.44,20.22,2.14,0.62
2013-12-08,7.23,26.55,83.17,21.91,2.41,0.62
2013-12-09,6.2,26.94,78.01,22.12,2.05,0.62
2013-12-10,10.44,25.69,81.34,16.89,1.96,0.63
2013-12-11,0.33,26.6,78.99,22.77,1.72,0.63
2013-12-12,0.02,27.12,75.95,23.13,1.73,0.62
2013-12-13,4.04,26.94,79.23,22.1,1.07,0.61
2013-12-14,1.43,27.72,73.62,23.19,1.36,0.61
2013-12-15,1.34,27.06,77.65,21.79,1.16,0.6
2013-12-16,7.09,26.5,79.7,20.89,1.27,0.6
2013-12-17,5.48,26.74,76.2,20.76,1.34,0.61
2013-12-18,11.99,26.63,77.89,16.88,1.7,0.61
2013-12-19,6.87,26.15,84.93,21.78,1.91,0.63
2013-12-20,1.96,26.39,80.64,21.82,1.55,0.63
2013-12-21,5.83,25.66,85.91,17.36,1.34,0.62
2013-12-22,8.98,25.91,86.87,18.75,1.9,0.63
2013-12-23,8.78,26.46,82.57,17.69,1.88,0.65
2013-12-24,30.71,25.25,90.11,17.74,1.98,0.67
2013-12-25,28.44,25.82,85.82,16.04,1.13,0.72
2013-12-26,18.39,26.24,86.44,10.78,2.79,0.75
2013-12-27,16.4,26.11,87.12,13.47,2.78,0.76
2013-12-28,7.9,26.05,82.44,20.94,2.5,0.77
2013-12-29,0.63,26.62,77.95,20.56,1.63,0.76
2013-12-30,1.41,27.15,77.28,20.24,0.78,0.75
2013-12-31,5.46,26.68,81.18,19.4,0.89,0.75
2014-01-01,11.39,25.78,87.0,17.41,1.75,0.76
2014-01-02,6.46,26.77,77.64,21.91,0.91,0.76
2014-01-03,1.14,26.87,80.31,23.1,1.05,0.76
2014-01-04,21.81,27.13,80.63,21.33,1.1,0.76
2014-01-05,9.43,27.69,78.17,24.74,0.96,0.78
2014-01-06,1.35,26.01,86.31,19.95,1.16,0.78
2014-01-07,4.93,27.16,79.09,23.52,1.17,0.77
2014-01-08,1.49,27.01,82.4,25.38,1.64,0.77
2014-01-09,1.36,26.92,82.9,23.79,1.73,0.76
2014-01-10,1.85,27.06,79.7,22.72,1.57,0.75
2014-01-11,17.43,26.51,83.21,20.74,2.17,0.75
2014-01-12,13.74,26.35,86.12,19.99,2.95,0.78
2014-01-13,1.95,26.04,89.35,14.93,3.37,0.77
2014-01-14,12.94,26.35,88.78,14.94,4.16,0.77
2014-01-15,58.1,26.05,90.17,14.68,3.71,0.82
2014-01-16,20.45,25.94,89.49,13.13,3.28,0.87
2014-01-17,29.07,25.85,89.3,10.68,3.48,0.88
2014-01-18,26.04,25.41,90.08,14.43,3.62,0.9
2014-01-19,22.79,25.67,91.43,18.61,3.64,0.91
2014-01-20,54.62,25.33,89.88,10.33,2.77,0.94
2014-01-21,40.15,24.77,87.41,13.82,3.07,0.96
2014-01-22,24.08,25.14,88.43,19.6,2.74,0.97
2014-01-23,5.92,25.17,87.53,20.2,2.5,0.97
2014-01-24,9.99,24.85,88.23,20.94,2.83,0.97
2014-01-25,7.42,25.16,85.64,21.91,2.9,0.96
2014-01-26,16.24,25.62,86.88,15.89,3.01,0.96
2014-01-27,4.93,25.12,86.42,21.94,3.05,0.96
2014-01-28,0.11,25.32,84.98,20.09,3.18,0.95
2014-01-29,0.15,25.52,85.59,20.96,2.96,0.93
2014-01-30,9.21,25.41,89.01,16.21,3.08,0.93
2014-01-31,21.68,25.34,90.68,14.85,3.6,0.94
2014-02-01,24.73,25.64,88.75,12.72,3.27,0.95
2014-02-02,35.26,25.39,89.29,17.91,3.03,0.97
2014-02-03,18.97,25.15,89.16,13.17,2.84,0.97
2014-02-04,12.45,25.48,86.11,17.14,2.48,0.97
2014-02-05,8.33,25.62,86.37,20.81,2.52,0.97
2014-02-06,4.2,25.91,86.4,18.52,2.47,0.96
2014-02-07,13.75,25.8,86.95,18.15,2.89,0.96
2014-02-08,25.4,25.47,92.85,13.4,2.87,0.97
2014-02-09,8.03,26.04,86.23,19.91,2.17,0.97
2014-02-10,0.02,26.01,85.18,20.39,2.38,0.96
2014-02-11,3.01,25.92,83.68,21.77,2.21,0.95
2014-02-12,6.82,25.59,86.92,18.36,1.84,0.95
2014-02-13,22.38,25.69,87.8,18.07,2.1,0.95
2014-02-14,15.62,24.2,91.64,13.4,2.64,0.96
2014-02-15,15.39,24.25,87.1,17.34,1.94,0.96
2014-02-16,19.0,24.82,87.27,15.51,2.02,0.97
2014-02-17,49.22,24.75,91.34,14.33,2.54,0.98
2014-02-18,58.21,24.5,92.32,9.78,3.13,1.0
2014-02-19,57.75,24.54,90.87,9.46,2.18,1.0
2014-02-20,20.32,24.53,87.82,13.68,2.32,1.0
2014-02-21,1.94,25.17,84.35,18.19,1.84,0.99
2014-02-22,4.57,25.21,83.78,18.86,1.62,0.98
2014-02-23,7.82,25.36,80.31,22.0,0.91,0.98
2014-02-24,3.43,25.22,82.24,20.29,1.65,0.97
2014-02-25,0.58,25.23,83.63,21.09,2.28,0.96
2014-02-26,0.27,25.11,84.37,24.39,2.53,0.95
2014-02-27,0.01,24.89,81.78,27.65,2.01,0.94
2014-02-28,0.33,24.68,81.75,26.75,2.1,0.93
2014-03-01,4.6,25.11,82.8,27.28,2.14,0.92
2014-03-02,3.34,25.82,84.91,20.53,1.77,0.91
2014-03-03,7.94,25.55,86.55,19.43,1.5,0.91
2014-03-04,5.29,25.88,86.79,22.57,1.87,0.91
2014-03-05,2.39,25.67,87.0,21.96,2.07,0.91
2014-03-06,1.12,25.68,84.19,18.29,1.85,0.9
2014-03-07,0.9,25.65,83.67,19.21,1.75,0.89
2014-03-08,1.06,25.25,85.92,20.05,1.93,0.89
2014-03-09,3.31,26.02,82.71,21.33,1.55,0.88
2014-03-10,0.83,26.01,79.94,19.91,1.05,0.88
2014-03-11,0.54,26.02,79.65,20.68,1.08,0.87
2014-03-12,0.18,26.28,77.37,22.95,1.01,0.86
2014-03-13,2.45,26.4,78.27,22.02,0.82,0.85
2014-03-14,2.57,26.01,84.96,19.24,1.02,0.85
2014-03-15,2.94,26.12,83.98,19.47,1.13,0.84
2014-03-16,7.24,25.91,85.3,22.37,1.31,0.84
2014-03-17,6.57,26.53,76.97,23.6,1.1,0.84
2014-03-18,14.11,25.97,80.65,18.7,1.4,0.84
2014-03-19,15.25,26.14,89.74,12.46,4.15,0.86
2014-03-20,0.0,25.88,80.01,27.33,2.22,0.85
2014-03-21,0.0,25.85,78.02,26.73,1.56,0.84
2014-03-22,0.0,26.22,75.07,26.13,1.35,0.82
2014-03-23,0.0,26.44,73.71,24.07,0.89,0.81
2014-03-24,5.36,26.59,76.1,21.95,1.0,0.8
2014-03-25,8.97,26.48,76.52,20.86,0.96,0.81
2014-03-26,1.56,26.42,78.32,23.42,1.36,0.81
2014-03-27,0.0,25.82,82.07,26.7,1.83,0.79
2014-03-28,0.0,25.59,75.57,26.43,2.02,0.78
2014-03-29,0.0,25.3,71.64,27.18,1.98,0.77
2014-03-30,0.0,25.69,79.39,22.97,1.65,0.75
2014-03-31,0.0,25.96,84.59,22.32,1.95,0.74
2014-04-01,0.72,26.12,84.99,20.74,1.52,0.73
2014-04-02,0.22,26.23,82.23,23.08,1.68,0.72
2014-04-03,0.0,25.92,83.87,22.51,1.61,0.71
2014-04-04,0.25,25.72,82.17,23.96,1.79,0.7
2014-04-05,0.2,26.02,79.41,22.34,1.47,0.69
2014-04-06,0.0,26.73,72.45,21.32,1.02,0.68
2014-04-07,11.82,26.13,79.57,21.72,1.08,0.68
2014-04-08,3.21,26.46,80.04,21.76,1.49,0.69
2014-04-09,5.89,26.29,80.04,20.04,1.03,0.68
2014-04-10,1.9,25.59,85.07,20.56,1.31,0.68
2014-04-11,3.92,25.08,83.58,14.26,1.11,0.68
2014-04-12,5.24,25.18,86.22,17.71,1.74,0.68
2014-04-13,14.02,25.58,86.05,18.84,1.28,0.69
2014-04-14,4.06,25.85,85.14,19.08,1.59,0.7
2014-04-15,4.52,26.01,84.76,18.1,2.4,0.69
2014-04-16,3.14,25.62,89.45,14.51,3.06,0.69
2014-04-17,9.0,25.65,86.6,18.65,2.89,0.69
2014-04-18,0.4,25.65,78.39,23.19,2.02,0.68
2014-04-19,0.03,25.57,81.89,23.03,1.75,0.67
2014-04-20,0.5,25.69,86.75,16.54,2.26,0.66
2014-04-21,0.12,26.12,83.99,21.93,2.27,0.65
2014-04-22,0.01,25.86,82.37,19.33,1.99,0.65
2014-04-23,0.0,26.41,78.22,22.15,1.57,0.64
2014-04-24,0.0,26.38,71.65,24.25,1.26,0.62
2014-04-25,0.0,26.16,69.63,23.27,1.4,0.61
2014-04-26,0.3,26.23,69.38,23.35,1.35,0.6
2014-04-27,0.32,26.6,67.95,23.58,1.36,0.6
2014-04-28,0.25,26.31,74.91,20.33,1.31,0.59
2014-04-29,2.54,26.98,79.66,17.03,1.63,0.58
2014-04-30,0.68,26.5,80.87,20.12,2.39,0.58
2014-05-01,0.07,26.26,80.35,17.23,2.43,0.57
2014-05-02,0.03,26.24,79.3,22.22,2.34,0.57
2014-05-03,0.0,26.14,77.47,19.89,1.71,0.56
2014-05-04,0.0,26.2,75.45,21.73,1.78,0.55
2014-05-05,3.09,26.06,81.28,21.93,2.51,0.55
2014-05-06,9.21,26.26,82.53,13.63,3.29,0.56
2014-05-07,0.03,26.02,72.3,18.27,3.3,0.56
2014-05-08,0.0,25.86,70.53,18.42,2.44,0.55
2014-05-09,0.0,26.49,76.32,15.61,2.49,0.54
2014-05-10,0.29,26.43,73.45,16.69,2.56,0.54
2014-05-11,0.03,26.23,78.03,18.72,2.63,0.53
2014-05-12,0.01,26.35,74.9,18.73,2.85,0.53
2014-05-13,0.01,26.27,76.36,19.28,2.7,0.52
2014-05-14,0.0,26.06,73.76,20.58,2.51,0.52
2014-05-15,0.0,26.22,71.14,19.17,2.68,0.52
2014-05-16,0.0,26.22,74.35,19.41,2.55,0.51
2014-05-17,10.19,26.0,79.13,16.22,2.26,0.51
2014-05-18,9.29,25.53,86.24,13.16,2.9,0.54
2014-05-19,0.18,25.65,80.06,17.42,3.18,0.54
2014-05-20,0.26,25.47,79.96,16.12,2.7,0.53
2014-05-21,0.03,25.88,73.35,18.69,2.66,0.53
2014-05-22,0.0,25.93,76.75,18.63,2.85,0.52
2014-05-23,0.23,25.94,79.53,16.59,2.97,0.52
2014-05-24,0.2,26.26,76.96,17.37,3.3,0.52
2014-05-25,0.02,26.31,72.65,20.25,2.91,0.51
2014-05-26,0.0,26.24,75.71,19.64,2.83,0.51
2014-05-27,0.17,26.25,80.68,16.09,3.42,0.5
2014-05-28,0.5,25.98,76.09,18.45,3.02,0.5
2014-05-29,0.1,25.56,76.1,17.99,2.65,0.5
2014-05-30,0.0,25.93,74.67,19.05,2.68,0.5
2014-05-31,0.0,25.85,78.25,17.08,2.83,0.49
2014-06-01,0.0,25.96,75.47,17.45,2.76,0.49
2014-06-02,0.0,26.18,75.1,18.77,2.97,0.49
2014-06-03,0.0,25.92,80.05,15.98,3.26,0.49
2014-06-04,0.2,25.85,75.71,17.22,3.2,0.48
2014-06-05,0.18,25.97,76.7,17.26,3.67,0.48
2014-06-06,0.01,26.42,70.7,14.08,3.54,0.48
2014-06-07,0.0,26.37,72.26,14.79,3.87,0.48
2014-06-08,0.22,25.91,73.62,10.5,4.33,0.48
2014-06-09,0.02,25.75,69.87,13.78,4.0,0.47
2014-06-10,0.0,25.25,64.87,15.06,3.23,0.47
2014-06-11,0.01,24.73,72.78,15.63,2.61,0.47
2014-06-12,0.0,24.48,70.65,15.14,2.31,0.47
2014-06-13,0.0,24.05,62.87,16.38,2.21,0.47
2014-06-14,0.0,24.3,69.29,16.71,2.64,0.46
2014-06-15,1.98,24.44,77.97,12.75,3.5,0.46
2014-06-16,0.97,23.68,78.23,9.84,3.95,0.46
2014-06-17,0.01,23.81,71.11,14.24,3.25,0.46
2014-06-18,0.0,24.29,74.55,15.32,2.74,0.46
2014-06-19,0.08,25.1,78.07,13.16,3.01,0.46
2014-06-20,0.63,25.14,81.89,13.6,3.06,0.46
2014-06-21,1.98,25.23,82.93,8.62,3.48,0.46
2014-06-22,0.08,25.24,76.95,15.08,3.58,0.46
2014-06-23,0.03,24.67,72.88,18.19,3.41,0.46
2014-06-24,0.0,24.55,67.91,19.88,3.46,0.46
2014-06-25,0.0,24.1,65.56,18.52,3.48,0.45
2014-06-26,0.0,23.65,65.68,18.76,3.26,0.45
2014-06-27,0.0,24.1,71.5,13.65,2.6,0.45
2014-06-28,0.0,24.15,69.86,14.33,2.26,0.45
2014-06-29,0.0,24.38,70.04,14.72,2.65,0.45
2014-06-30,0.0,24.45,71.41,15.62,3.61,0.45
2014-07-01,0.0,23.93,65.99,13.89,3.51,0.45
2014-07-02,0.0,23.68,63.39,16.96,3.08,0.44
2014-07-03,0.0,23.95,74.23,17.12,3.09,0.44
2014-07-04,0.0,24.38,73.76,14.08,3.13,0.44
2014-07-05,0.0,24.03,76.14,15.37,3.48,0.44
2014-07-06,0.0,24.19,71.82,19.21,3.13,0.44
2014-07-07,0.0,24.25,70.81,18.79,2.83,0.44
2014-07-08,0.0,24.28,64.99,19.84,2.4,0.44
2014-07-09,0.0,23.92,67.85,19.69,2.39,0.44
2014-07-10,0.0,24.49,66.05,18.89,2.49,0.44
2014-07-11,0.0,25.26,72.15,16.0,2.36,0.43
2014-07-12,0.0,25.14,76.02,13.95,3.11,0.43
2014-07-13,0.19,25.78,75.0,15.76,1.52,0.43
2014-07-14,9.32,23.93,90.56,12.1,2.64,0.44
2014-07-15,4.68,24.02,87.56,9.91,2.99,0.45
2014-07-16,0.31,24.45,78.25,18.44,3.1,0.46
2014-07-17,0.03,24.14,79.26,20.03,3.33,0.45
2014-07-18,0.0,24.37,75.35,18.06,3.7,0.45
2014-07-19,0.0,24.41,77.5,16.0,3.77,0.45
2014-07-20,0.0,24.0,72.75,18.78,3.15,0.45
2014-07-21,0.0,23.71,74.7,20.57,2.75,0.45
2014-07-22,0.0,23.06,75.22,21.09,2.96,0.45
2014-07-23,0.0,23.09,73.38,16.31,2.64,0.44
2014-07-24,0.0,23.83,68.73,21.04,2.27,0.44
2014-07-25,0.0,23.7,69.0,16.01,2.42,0.44
2014-07-26,0.14,23.57,75.07,19.76,3.08,0.44
2014-07-27,0.04,23.74,73.48,19.63,2.94,0.44
2014-07-28,0.0,24.23,72.8,20.07,2.85,0.44
2014-07-29,0.0,24.29,72.3,21.31,3.14,0.44
2014-07-30,0.0,24.31,75.12,19.96,3.13,0.44
2014-07-31,0.35,24.4,76.65,15.01,2.92,0.43
2014-08-01,0.11,24.57,76.62,20.85,3.03,0.43
2014-08-02,0.05,24.67,77.35,19.25,3.02,0.43
2014-08-03,0.0,24.5,78.53,18.56,3.87,0.43
2014-08-04,0.0,24.52,73.92,17.03,4.43,0.43
2014-08-05,0.0,24.29,65.9,17.31,4.32,0.43
2014-08-06,0.0,23.83,63.64,15.01,3.52,0.43
2014-08-07,0.0,23.96,71.39,16.59,2.97,0.43
2014-08-08,0.0,24.0,76.13,18.29,3.34,0.43
2014-08-09,0.0,24.23,75.1,18.97,3.17,0.43
2014-08-10,0.0,24.08,66.92,22.69,2.84,0.43
2014-08-11,0.0,24.1,66.36,22.25,3.02,0.43
2014-08-12,0.0,23.85,65.78,20.39,2.84,0.43
2014-08-13,0.09,24.14,68.05,18.44,3.18,0.43
2014-08-14,0.09,23.95,65.42,16.01,3.46,0.43
2014-08-15,0.0,23.36,64.64,17.48,3.0,0.43
2014-08-16,0.0,23.29,62.91,18.05,2.94,0.43
2014-08-17,0.0,23.45,64.17,16.47,3.14,0.43
2014-08-18,0.0,23.81,61.56,21.17,3.0,0.43
2014-08-19,0.0,24.2,62.19,22.21,2.79,0.43
2014-08-20,0.0,24.24,62.24,23.01,2.7,0.43
2014-08-21,0.0,24.46,60.3,24.03,2.85,0.43
2014-08-22,0.0,23.93,66.68,23.91,3.01,0.43
2014-08-23,0.0,23.23,62.6,24.65,2.67,0.43
2014-08-24,0.0,22.55,59.1,25.01,2.87,0.43
2014-08-25,0.0,23.1,68.98,24.08,3.19,0.43
2014-08-26,0.0,23.84,70.27,24.25,2.73,0.43
2014-08-27,0.0,23.78,61.37,24.84,2.7,0.43
2014-08-28,0.0,24.01,64.36,24.38,2.97,0.43
2014-08-29,0.0,24.18,62.08,24.65,2.64,0.43
2014-08-30,0.0,23.56,63.07,25.18,2.67,0.42
2014-08-31,0.0,23.49,64.6,25.2,2.49,0.42
2014-09-01,0.0,23.29,62.78,23.81,2.64,0.42
2014-09-02,0.0,23.24,67.41,24.42,2.81,0.42
2014-09-03,0.0,23.48,68.44,21.71,3.14,0.42
2014-09-04,0.0,23.48,70.52,25.64,2.67,0.42
2014-09-05,0.0,23.97,64.8,26.12,2.47,0.42
2014-09-06,0.0,23.69,65.98,26.55,2.34,0.42
2014-09-07,0.0,24.05,66.19,26.42,2.61,0.42
2014-09-08,0.0,23.85,71.41,26.26,2.78,0.42
2014-09-09,0.0,23.88,68.59,25.72,2.36,0.42
2014-09-10,0.0,24.47,62.34,25.47,2.01,0.42
2014-09-11,0.0,24.66,59.06,26.28,2.15,0.42
2014-09-12,0.0,25.3,58.2,26.45,2.31,0.42
2014-09-13,0.0,25.18,60.13,25.92,2.4,0.42
2014-09-14,0.0,25.03,64.42,25.99,2.31,0.42
2014-09-15,0.0,24.42,67.12,23.5,2.45,0.42
2014-09-16,0.0,25.16,68.3,26.02,2.66,0.42
2014-09-17,0.0,25.25,69.17,24.8,3.01,0.42
2014-09-18,0.0,24.62,68.95,26.07,2.84,0.42
2014-09-19,0.0,24.99,65.11,26.38,2.74,0.42
2014-09-20,0.0,24.42,70.39,26.91,2.55,0.42
2014-09-21,0.0,25.05,66.96,26.43,2.24,0.42
2014-09-22,0.0,25.65,54.5,26.75,1.71,0.42
2014-09-23,0.0,26.27,52.73,26.56,1.39,0.42
2014-09-24,0.0,26.51,54.02,26.62,1.55,0.42
2014-09-25,0.0,26.09,65.27,25.88,2.34,0.42
2014-09-26,0.0,26.17,68.43,24.97,2.56,0.42
2014-09-27,0.0,26.72,65.1,24.97,1.97,0.42
2014-09-28,0.0,25.83,65.09,26.74,2.22,0.42
2014-09-29,0.0,26.44,51.54,27.24,1.85,0.42
2014-09-30,0.0,25.5,64.76,27.11,2.67,0.42
2014-10-01,0.0,24.91,73.69,23.86,2.92,0.42
2014-10-02,0.0,25.17,70.1,24.73,2.41,0.42
2014-10-03,0.0,25.28,70.32,27.07,2.27,0.42
2014-10-04,0.0,25.42,71.94,25.98,2.45,0.42
2014-10-05,0.0,25.95,68.09,25.49,2.43,0.42
2014-10-06,0.0,26.19,67.16,26.79,2.17,0.42
2014-10-07,0.0,26.49,61.7,26.47,2.04,0.42
2014-10-08,0.0,26.87,54.81,27.82,1.86,0.42
2014-10-09,0.0,27.32,58.92,27.26,1.64,0.42
2014-10-10,0.0,27.75,53.83,23.86,1.59,0.42
2014-10-11,0.0,27.56,60.16,26.87,2.31,0.42
2014-10-12,0.0,27.53,62.5,26.26,2.32,0.42
2014-10-13,0.0,27.79,53.17,23.54,1.85,0.42
2014-10-14,0.0,27.27,62.2,27.16,2.01,0.42
2014-10-15,0.0,26.77,65.82,26.23,2.72,0.42
2014-10-16,0.0,26.92,64.69,26.73,2.82,0.42
2014-10-17,0.0,27.0,62.62,26.78,2.84,0.42
2014-10-18,0.0,26.36,66.35,26.08,3.12,0.42
2014-10-19,0.0,26.14,71.17,25.6,3.06,0.42
2014-10-20,0.0,26.52,67.01,24.9,2.84,0.42
2014-10-21,0.0,26.38,66.58,25.97,2.47,0.42
2014-10-22,0.0,26.11,67.17,27.17,2.68,0.42
2014-10-23,0.0,26.28,67.92,27.35,2.82,0.42
2014-10-24,0.0,26.15,66.45,28.35,2.95,0.42
2014-10-25,0.0,25.94,68.16,27.07,2.77,0.42
2014-10-26,0.0,26.5,62.65,27.2,2.46,0.42
2014-10-27,0.0,26.77,58.79,27.62,2.22,0.42
2014-10-28,0.0,26.53,62.5,28.41,2.46,0.42
2014-10-29,0.0,26.78,63.54,28.64,2.37,0.42
2014-10-30,0.0,26.54,67.2,28.66,2.36,0.42
2014-10-31,0.0,27.06,63.27,28.65,2.04,0.42
2014-11-01,0.0,26.74,62.96,28.96,2.56,0.42
2014-11-02,0.0,26.36,63.7,26.91,2.71,0.42
2014-11-03,0.0,27.4,61.92,26.44,2.28,0.42
2014-11-04,0.0,27.7,66.01,26.5,2.1,0.42
2014-11-05,0.0,28.34,61.06,25.65,2.01,0.42
2014-11-06,3.29,27.97,65.02,23.68,1.91,0.42
2014-11-07,0.65,28.03,68.15,24.7,1.95,0.43
2014-11-08,0.01,28.23,65.43,26.12,2.27,0.43
2014-11-09,0.0,28.52,61.71,27.28,2.59,0.43
2014-11-10,0.0,28.46,57.84,27.97,2.51,0.43
2014-11-11,0.0,28.04,62.62,26.58,2.3,0.43
2014-11-12,0.0,28.39,60.17,27.24,2.24,0.43
2014-11-13,0.18,28.74,61.82,26.08,2.0,0.43
2014-11-14,0.16,28.22,64.74,24.93,2.4,0.43
2014-11-15,0.0,28.03,65.0,24.76,2.33,0.43
2014-11-16,0.0,28.58,63.99,24.0,2.1,0.43
2014-11-17,0.0,28.45,63.47,24.63,2.46,0.43
2014-11-18,0.0,27.28,67.26,25.22,2.63,0.42
2014-11-19,0.0,28.45,60.63,25.71,2.34,0.42
2014-11-20,0.0,28.38,62.66,27.63,2.56,0.42
2014-11-21,0.0,28.34,63.21,25.98,2.44,0.42
2014-11-22,22.49,28.22,69.46,21.57,1.87,0.44
2014-11-23,1.51,28.08,72.08,25.93,2.23,0.47
2014-11-24,0.0,28.39,65.95,26.42,2.11,0.47
2014-11-25,0.02,28.56,64.61,24.34,1.78,0.46
2014-11-26,2.33,28.41,64.78,21.65,1.59,0.46
2014-11-27,43.02,27.47,75.73,22.05,1.52,0.49
2014-11-28,24.33,27.35,78.04,22.23,1.78,0.57
2014-11-29,21.0,27.65,75.47,23.1,1.54,0.58
2014-11-30,20.65,26.81,80.3,21.71,1.24,0.62
2014-12-01,24.76,26.66,81.21,18.29,1.08,0.64
2014-12-02,7.7,26.93,82.53,22.32,1.48,0.66
2014-12-03,4.35,26.26,86.54,19.35,1.43,0.66
2014-12-04,8.39,25.65,89.02,15.84,1.92,0.67
2014-12-05,1.08,26.7,81.85,20.64,1.27,0.66
2014-12-06,11.78,27.52,78.9,20.65,1.02,0.66
2014-12-07,7.97,26.14,89.93,18.77,2.34,0.68
2014-12-08,32.84,26.16,86.4,15.41,1.74,0.7
2014-12-09,13.29,26.39,80.15,17.13,1.02,0.73
2014-12-10,11.79,25.87,82.6,19.71,0.78,0.75
2014-12-11,50.95,26.13,81.79,11.51,0.84,0.78
2014-12-12,27.51,26.76,78.43,15.45,0.75,0.85
2014-12-13,0.01,26.98,79.76,21.77,1.01,0.84
2014-12-14,1.84,26.5,84.41,18.54,1.62,0.83
2014-12-15,0.43,26.69,84.4,21.95,1.86,0.83
2014-12-16,2.44,27.16,82.9,19.33,1.93,0.82
2014-12-17,1.96,26.98,84.99,16.59,1.54,0.82
2014-12-18,2.24,26.45,88.44,21.35,1.53,0.81
2014-12-19,0.83,26.61,82.24,23.61,0.97,0.81
2014-12-20,0.43,26.72,83.39,21.64,1.15,0.8
2014-12-21,0.23,27.2,77.52,23.77,1.45,0.79
2014-12-22,0.23,26.96,78.43,21.62,1.81,0.78
2014-12-23,0.35,26.79,82.31,19.38,1.7,0.77
2014-12-24,8.13,26.65,84.6,19.66,1.14,0.77
2014-12-25,2.0,26.6,86.05,19.72,1.33,0.78
2014-12-26,7.39,27.3,80.42,19.02,1.84,0.77
2014-12-27,43.2,26.9,82.76,18.79,1.43,0.8
2014-12-28,22.02,26.77,85.61,18.36,1.38,0.85
2014-12-29,13.0,26.45,87.76,17.62,1.84,0.85
2014-12-30,8.18,26.55,84.17,18.8,0.99,0.86
2014-12-31,11.37,26.07,86.83,16.71,1.28,0.86
2015-01-01,30.59,25.96,86.76,10.63,1.87,0.88
2015-01-02,87.6,25.75,88.53,11.18,2.48,0.92
2015-01-03,57.81,25.47,88.21,11.32,2.98,0.97
2015-01-04,36.89,25.29,89.73,16.04,3.17,0.98
2015-01-05,5.22,25.66,88.86,17.39,3.15,0.98
2015-01-06,2.43,25.94,87.46,19.27,3.41,0.97
2015-01-07,5.31,25.86,87.34,17.22,3.65,0.96
2015-01-08,3.01,26.03,87.09,19.89,3.52,0.95
2015-01-09,16.06,26.15,87.85,20.26,3.83,0.95
2015-01-10,40.56,26.04,88.66,18.78,3.03,0.96
2015-01-11,23.49,25.79,86.45,18.22,2.76,0.97
2015-01-12,3.58,25.31,87.98,16.66,1.95,0.97
2015-01-13,1.73,25.64,85.58,19.06,2.04,0.96
2015-01-14,0.29,25.95,83.67,22.65,2.33,0.95
2015-01-15,0.7,25.78,84.07,23.04,2.42,0.94
2015-01-16,0.99,25.82,84.08,17.42,1.92,0.93
2015-01-17,0.78,25.9,85.03,22.76,2.33,0.92
2015-01-18,0.04,26.45,79.47,20.15,1.62,0.91
2015-01-19,2.84,26.4,77.76,20.25,1.03,0.9
2015-01-20,1.16,26.92,77.18,20.78,0.89,0.9
2015-01-21,2.67,25.72,85.31,17.66,2.01,0.89
2015-01-22,3.47,25.58,87.81,20.09,2.92,0.89
2015-01-23,40.9,25.24,90.72,15.53,3.02,0.9
2015-01-24,48.17,25.4,90.04,9.75,3.3,0.95
2015-01-25,27.84,25.76,85.39,18.81,2.83,0.96
2015-01-26,30.88,25.75,85.1,18.39,2.06,0.96
2015-01-27,33.57,25.74,87.62,17.99,2.48,0.98
2015-01-28,15.36,25.7,89.44,17.64,2.81,0.98
2015-01-29,10.74,25.38,89.24,12.32,2.1,0.98
2015-01-30,6.21,25.4,87.93,18.56,2.25,0.98
2015-01-31,2.99,25.68,87.51,18.88,1.85,0.97
2015-02-01,3.7,25.3,87.15,21.19,2.61,0.97
2015-02-02,3.97,25.15,87.07,23.65,2.52,0.96
2015-02-03,14.7,25.92,84.7,21.56,1.95,0.96
2015-02-04,12.46,25.75,88.55,22.24,1.96,0.96
2015-02-05,17.69,25.55,88.53,21.15,2.01,0.96
2015-02-06,19.62,25.49,78.07,19.44,1.54,0.97
2015-02-07,2.14,25.44,81.78,22.02,1.4,0.96
2015-02-08,0.11,25.9,77.99,25.38,1.46,0.95
2015-02-09,6.78,26.01,79.79,21.17,1.05,0.94
2015-02-10,16.41,24.69,88.84,13.42,1.01,0.95
2015-02-11,6.21,26.04,82.45,18.81,1.06,0.95
2015-02-12,2.46,25.92,82.06,19.55,0.86,0.95
2015-02-13,0.23,26.02,82.81,24.98,1.39,0.94
2015-02-14,6.2,25.88,82.53,21.15,1.43,0.93
2015-02-15,8.17,26.12,79.99,21.43,1.4,0.93
2015-02-16,2.12,26.65,78.81,21.05,0.92,0.92
2015-02-17,0.56,26.7,80.63,22.63,1.09,0.92
2015-02-18,0.07,27.02,82.91,22.79,1.71,0.91
2015-02-19,10.04,25.91,89.47,22.32,2.55,0.9
2015-02-20,22.86,25.04,88.55,16.37,3.31,0.93
2015-02-21,5.79,25.01,87.14,21.19,2.57,0.93
2015-02-22,5.23,25.47,87.3,16.23,2.14,0.92
2015-02-23,5.08,25.89,84.41,22.03,2.0,0.92
2015-02-24,13.05,25.43,84.32,22.18,1.84,0.92
2015-02-25,2.37,25.1,87.11,20.35,2.24,0.92
2015-02-26,4.37,25.16,85.95,14.98,1.87,0.92
2015-02-27,5.99,25.33,87.06,18.97,2.12,0.91
2015-02-28,30.79,24.47,85.27,16.71,2.44,0.93
2015-03-01,27.51,24.98,85.58,19.22,2.25,0.95
2015-03-02,10.45,25.11,86.81,19.95,2.43,0.95
2015-03-03,13.65,24.88,89.24,15.96,2.55,0.95
2015-03-04,14.16,25.63,86.04,18.92,2.52,0.95
2015-03-05,11.61,25.81,84.87,16.46,1.63,0.95
2015-03-06,51.23,24.97,89.52,16.5,2.14,0.96
2015-03-07,64.47,25.18,87.64,18.12,1.98,0.99
2015-03-08,1.41,25.64,83.58,18.99,1.93,0.99
2015-03-09,0.56,25.36,86.56,20.89,1.87,0.98
2015-03-10,0.63,25.63,84.99,19.02,1.86,0.97
2015-03-11,0.66,26.18,82.92,19.71,1.32,0.96
2015-03-12,0.16,26.01,84.95,22.76,1.7,0.96
2015-03-13,0.18,25.85,87.66,21.7,2.39,0.95
2015-03-14,22.19,25.97,86.45,22.77,2.44,0.95
2015-03-15,14.36,25.87,85.73,22.55,1.67,0.96
2015-03-16,3.49,25.88,87.88,22.76,1.9,0.95
2015-03-17,2.2,25.67,87.34,23.59,1.89,0.95
2015-03-18,0.86,25.63,84.11,22.84,1.51,0.94
2015-03-19,0.11,25.95,82.46,24.49,1.18,0.93
2015-03-20,0.03,25.93,80.58,22.81,1.57,0.92
2015-03-21,0.33,26.66,76.45,23.11,1.15,0.9
2015-03-22,0.23,27.09,73.73,23.56,1.23,0.89
2015-03-23,0.31,26.57,82.27,22.24,1.84,0.88
2015-03-24,30.59,26.31,82.72,18.25,1.77,0.89
2015-03-25,6.62,26.54,76.79,22.49,1.15,0.9
2015-03-26,17.72,26.15,82.5,19.58,1.48,0.9
2015-03-27,8.83,25.87,85.88,15.41,1.59,0.91
2015-03-28,2.77,26.08,83.19,20.73,1.24,0.91
2015-03-29,0.8,25.61,88.55,21.94,1.77,0.9
2015-03-30,0.61,25.88,85.49,19.23,2.54,0.89
2015-03-31,0.42,25.93,83.69,22.69,2.62,0.88
2015-04-01,0.27,25.95,84.5,24.41,2.14,0.87
2015-04-02,0.06,25.96,83.94,22.82,1.85,0.86
2015-04-03,0.16,26.11,83.29,22.53,1.84,0.85
2015-04-04,2.58,25.65,85.37,19.59,1.81,0.84
2015-04-05,1.07,25.63,86.11,19.22,2.04,0.84
2015-04-06,0.88,26.1,81.31,22.77,1.5,0.83
2015-04-07,5.25,26.76,70.34,23.18,1.01,0.82
2015-04-08,1.08,25.99,78.15,18.79,1.23,0.81
2015-04-09,0.74,26.12,84.9,18.46,2.56,0.8
2015-04-10,0.06,26.0,82.17,20.41,2.24,0.79
2015-04-11,0.01,25.99,80.83,20.38,1.94,0.78
2015-04-12,0.0,25.77,80.54,22.23,1.68,0.77
2015-04-13,0.0,25.94,78.74,20.21,1.18,0.75
2015-04-14,0.08,25.91,78.62,21.58,1.44,0.74
2015-04-15,0.89,25.88,85.06,20.21,2.41,0.73
2015-04-16,1.16,26.04,86.54,18.73,2.58,0.72
2015-04-17,2.01,25.97,85.08,18.47,1.77,0.72
2015-04-18,0.85,25.65,84.46,21.45,1.7,0.71
2015-04-19,12.25,25.63,86.79,19.79,2.03,0.71
2015-04-20,3.05,25.59,85.35,20.28,2.49,0.72
2015-04-21,1.95,25.46,87.58,15.0,2.13,0.71
2015-04-22,4.62,25.18,87.27,18.93,1.39,0.71
2015-04-23,2.66,25.79,83.96,19.15,1.0,0.71
2015-04-24,16.46,25.09,90.16,17.69,1.84,0.72
2015-04-25,6.11,25.01,86.25,18.9,2.32,0.73
2015-04-26,7.52,25.08,83.84,17.47,2.06,0.73
2015-04-27,1.82,24.82,82.21,16.67,2.59,0.72
2015-04-28,0.03,24.84,80.0,18.49,2.56,0.71
2015-04-29,0.61,25.39,82.97,15.47,2.78,0.7
2015-04-30,0.18,25.31,83.23,16.72,2.74,0.69
2015-05-01,0.06,24.98,80.21,17.77,2.87,0.68
2015-05-02,4.57,25.0,83.22,17.14,2.58,0.67
2015-05-03,0.06,24.4,82.53,20.67,2.4,0.67
2015-05-04,0.01,23.59,77.4,23.05,1.92,0.65
2015-05-05,0.0,23.48,75.18,23.98,1.98,0.65
2015-05-06,0.0,23.68,74.65,23.89,1.8,0.64
2015-05-07,0.02,24.43,81.14,22.57,2.27,0.62
2015-05-08,0.01,24.92,78.82,19.9,2.95,0.62
2015-05-09,0.0,24.95,76.62,16.88,2.92,0.61
2015-05-10,0.0,25.16,75.83,19.26,3.06,0.6
2015-05-11,0.02,25.42,81.98,13.18,3.3,0.59
2015-05-12,0.01,25.25,79.16,18.07,3.47,0.58
2015-05-13,0.0,25.13,73.74,21.59,3.57,0.58
2015-05-14,0.0,24.99,71.5,20.06,3.71,0.57
2015-05-15,0.01,24.42,69.39,17.91,3.48,0.56
2015-05-16,0.0,23.53,70.15,20.19,2.76,0.56
2015-05-17,0.02,24.04,69.74,20.13,2.49,0.55
2015-05-18,0.05,24.74,78.19,18.1,2.61,0.54
2015-05-19,0.3,25.4,82.25,14.16,3.03,0.54
2015-05-20,2.12,25.42,81.17,17.92,2.71,0.54
2015-05-21,0.15,25.1,81.21,21.51,2.42,0.54
2015-05-22,0.01,25.21,80.08,21.33,2.89,0.53
2015-05-23,0.03,25.17,78.24,19.97,3.04,0.53
2015-05-24,0.0,25.26,75.01,18.5,3.41,0.52
2015-05-25,0.0,25.36,74.84,18.44,3.09,0.52
2015-05-26,0.0,25.57,77.65,18.01,2.91,0.51
2015-05-27,0.26,25.5,80.73,12.51,2.77,0.51
2015-05-28,1.06,25.76,81.64,12.94,3.6,0.51
2015-05-29,0.15,25.66,77.12,19.31,2.98,0.51
2015-05-30,0.03,25.61,78.33,16.16,2.12,0.51
2015-05-31,0.05,25.73,78.79,17.81,2.19,0.5
2015-06-01,0.66,26.0,80.99,16.41,2.78,0.5
2015-06-02,5.09,25.25,83.89,8.09,3.5,0.5
2015-06-03,0.14,25.87,75.28,16.51,3.47,0.5
2015-06-04,0.07,25.63,74.17,13.02,3.79,0.5
2015-06-05,0.02,25.64,70.8,12.53,4.18,0.5
2015-06-06,0.21,25.56,77.32,12.01,4.26,0.49
2015-06-07,0.17,25.54,78.65,10.1,3.69,0.49
2015-06-08,0.02,25.3,72.01,17.11,3.55,0.49
2015-06-09,0.03,25.06,74.38,15.61,3.14,0.49
2015-06-10,0.15,25.03,73.67,16.25,3.26,0.48
2015-06-11,0.04,24.63,72.97,17.79,3.0,0.48
2015-06-12,0.18,24.83,76.27,15.63,2.94,0.48
2015-06-13,0.02,24.71,73.4,17.45,2.47,0.48
2015-06-14,0.16,24.74,75.56,16.64,2.52,0.48
2015-06-15,0.2,25.18,76.79,18.19,2.54,0.47
2015-06-16,0.03,25.05,77.48,18.95,2.66,0.47
2015-06-17,0.01,24.74,76.63,20.66,2.66,0.47
2015-06-18,0.02,24.9,74.86,20.08,2.57,0.47
2015-06-19,0.01,25.01,73.43,18.84,2.89,0.47
2015-06-20,0.0,24.56,68.67,18.03,2.9,0.46
2015-06-21,0.0,24.01,67.27,18.07,2.84,0.46
2015-06-22,0.0,23.4,67.76,20.15,2.43,0.46
2015-06-23,0.0,23.3,70.29,19.46,2.7,0.46
2015-06-24,0.0,23.59,69.27,20.76,2.88,0.46
2015-06-25,0.0,24.23,72.33,20.55,3.32,0.46
2015-06-26,0.0,24.68,63.58,15.32,3.53,0.45
2015-06-27,0.01,23.71,73.91,13.99,2.95,0.45
2015-06-28,0.01,24.28,70.25,14.07,3.02,0.45
2015-06-29,0.0,23.79,70.17,16.03,2.55,0.45
2015-06-30,0.0,23.95,67.52,17.35,2.66,0.45
2015-07-01,0.0,24.36,64.33,19.01,2.99,0.45
2015-07-02,0.08,23.87,70.08,20.29,2.38,0.45
2015-07-03,0.27,23.72,79.82,18.86,3.12,0.45
2015-07-04,0.05,24.34,69.6,19.17,2.92,0.44
2015-07-05,0.0,23.8,63.17,20.9,2.57,0.44
2015-07-06,0.0,24.1,63.63,19.84,2.19,0.44
2015-07-07,0.3,24.51,73.43,19.14,2.44,0.44
2015-07-08,0.2,24.45,78.78,16.38,2.29,0.44
2015-07-09,0.06,24.9,75.6,16.61,2.7,0.44
2015-07-10,0.05,24.64,73.6,19.99,2.99,0.44
2015-07-11,0.02,24.34,75.11,20.97,3.32,0.44
2015-07-12,0.0,24.78,74.57,20.02,4.1,0.44
2015-07-13,0.01,24.25,69.81,18.06,4.23,0.43
2015-07-14,0.0,23.69,63.84,16.45,4.0,0.43
2015-07-15,0.0,22.93,69.22,17.39,3.29,0.43
2015-07-16,0.02,23.74,70.79,16.78,3.19,0.43
2015-07-17,0.03,23.69,70.37,17.85,3.17,0.43
2015-07-18,0.01,23.59,70.47,15.16,3.34,0.43
2015-07-19,0.01,23.32,68.83,14.12,3.28,0.43
2015-07-20,0.0,23.75,68.0,18.38,2.75,0.43
2015-07-21,0.02,24.21,77.43,16.15,2.93,0.43
2015-07-22,0.01,24.41,72.98,19.07,2.92,0.43
2015-07-23,0.0,23.95,71.47,21.02,2.46,0.43
2015-07-24,0.0,23.7,71.79,22.14,2.58,0.43
2015-07-25,0.02,24.43,75.59,18.46,2.86,0.43
2015-07-26,0.03,24.43,76.01,19.0,2.9,0.43
2015-07-27,1.46,24.61,77.21,17.8,2.76,0.43
2015-07-28,0.74,24.13,75.14,15.31,3.41,0.43
2015-07-29,0.0,24.34,68.27,18.72,3.54,0.43
2015-07-30,0.02,24.04,73.98,18.35,3.61,0.43
2015-07-31,0.0,23.97,73.25,20.38,3.02,0.43
2015-08-01,0.04,23.79,70.76,19.8,2.69,0.43
2015-08-02,0.06,23.94,69.48,21.66,2.77,0.43
2015-08-03,0.0,23.52,68.43,22.57,2.54,0.43
2015-08-04,0.01,23.19,74.74,22.49,3.19,0.43
2015-08-05,0.02,23.66,65.74,17.93,2.63,0.43
2015-08-06,0.07,23.2,62.67,20.38,3.38,0.43
2015-08-07,0.02,23.58,67.64,21.78,2.94,0.43
2015-08-08,0.04,24.36,73.28,19.81,3.51,0.43
2015-08-09,0.32,24.22,76.51,19.68,3.32,0.43
2015-08-10,0.14,24.13,73.32,19.88,3.41,0.43
2015-08-11,0.04,23.99,72.29,21.18,3.12,0.43
2015-08-12,0.09,24.19,76.44,15.92,3.37,0.43
2015-08-13,0.02,23.86,71.61,23.87,2.95,0.43
2015-08-14,0.04,23.7,73.44,21.89,3.8,0.43
2015-08-15,0.0,23.61,71.87,21.45,3.26,0.43
2015-08-16,0.0,23.82,67.33,22.37,3.12,0.43
2015-08-17,0.0,23.27,68.53,23.91,2.65,0.43
2015-08-18,0.0,22.77,67.4,24.35,2.59,0.43
2015-08-19,0.0,22.91,65.79,23.68,2.66,0.43
2015-08-20,0.0,23.3,66.88,23.57,2.86,0.43
2015-08-21,0.0,23.67,68.02,20.52,2.46,0.43
2015-08-22,0.07,24.61,73.51,18.55,2.47,0.43
2015-08-23,0.01,25.2,70.16,21.38,2.45,0.43
2015-08-24,0.0,24.96,70.95,20.63,2.71,0.43
2015-08-25,0.03,24.49,74.71,22.29,2.43,0.43
2015-08-26,0.16,24.81,75.11,17.76,2.73,0.43
2015-08-27,0.26,24.64,74.76,21.97,2.71,0.43
2015-08-28,0.0,24.34,72.07,24.35,2.95,0.43
2015-08-29,0.0,24.22,72.41,24.35,2.63,0.43
2015-08-30,0.0,24.28,75.34,24.83,2.48,0.43
2015-08-31,0.0,24.63,73.01,24.78,2.23,0.43
2015-09-01,0.0,24.92,70.08,24.63,2.3,0.42
2015-09-02,0.0,24.79,70.75,24.74,2.37,0.42
2015-09-03,0.0,24.99,68.78,25.22,2.1,0.42
2015-09-04,0.0,25.04,67.42,25.26,2.12,0.42
2015-09-05,0.0,25.24,65.3,24.79,2.22,0.42
2015-09-06,0.0,24.93,67.6,25.51,2.37,0.42
2015-09-07,0.0,24.73,65.82,25.88,1.9,0.42
2015-09-08,0.0,24.54,67.07,25.82,2.26,0.42
2015-09-09,0.01,24.39,72.82,25.11,3.29,0.42
2015-09-10,0.01,24.74,71.78,24.78,3.35,0.42
2015-09-11,0.0,24.52,61.64,26.33,3.1,0.42
2015-09-12,0.0,24.17,61.47,26.56,2.84,0.42
2015-09-13,0.06,24.69,64.02,22.57,2.92,0.42
2015-09-14,0.38,24.68,69.46,22.95,2.67,0.42
2015-09-15,0.02,25.21,69.22,22.12,2.63,0.42
2015-09-16,0.01,25.57,68.99,22.73,2.63,0.42
2015-09-17,0.0,25.49,70.87,25.08,2.8,0.42
2015-09-18,0.0,25.1,73.6,26.26,3.12,0.42
2015-09-19,0.0,25.28,67.46,26.65,2.65,0.42
2015-09-20,0.0,25.47,62.34,25.04,2.19,0.42
2015-09-21,0.0,25.41,63.82,26.63,2.36,0.42
2015-09-22,0.0,24.78,68.6,26.78,2.38,0.42
2015-09-23,0.0,24.77,67.9,26.95,2.72,0.42
2015-09-24,0.01,25.23,67.97,23.52,2.34,0.42
2015-09-25,0.02,24.92,70.96,25.22,2.63,0.42
2015-09-26,0.01,25.39,65.97,25.87,2.81,0.42
2015-09-27,0.0,25.69,64.19,26.83,3.15,0.42
2015-09-28,0.0,25.77,63.58,26.15,3.04,0.42
2015-09-29,0.0,25.87,63.25,26.07,2.91,0.42
2015-09-30,0.0,25.41,70.35,26.28,2.97,0.42
2015-10-01,0.15,25.45,73.71,24.25,3.12,0.42
2015-10-02,0.02,25.7,69.19,26.67,3.86,0.42
2015-10-03,0.01,25.51,70.64,26.35,3.56,0.42
2015-10-04,0.0,25.29,72.13,26.73,3.08,0.42
2015-10-05,0.0,25.38,69.19,26.02,2.47,0.42
2015-10-06,0.02,25.2,68.19,26.24,2.25,0.42
2015-10-07,0.01,25.66,68.66,25.63,2.42,0.42
2015-10-08,0.04,25.8,69.61,23.18,2.74,0.42
2015-10-09,0.02,25.55,73.06,25.11,3.32,0.42
2015-10-10,0.01,25.39,74.45,25.6,3.21,0.42
2015-10-11,0.0,25.48,69.77,26.46,2.82,0.42
2015-10-12,0.0,25.44,66.62,25.89,2.61,0.42
2015-10-13,0.05,25.35,70.11,26.06,2.76,0.42
2015-10-14,0.01,25.83,65.68,27.9,2.64,0.42
2015-10-15,0.0,25.87,66.53,27.12,2.57,0.42
2015-10-16,0.0,25.7,64.53,27.68,2.7,0.42
2015-10-17,0.0,25.53,67.69,28.06,2.84,0.42
2015-10-18,0.15,25.93,65.4,27.68,2.73,0.42
2015-10-19,0.0,25.72,69.9,27.13,2.92,0.42
2015-10-20,0.0,25.46,70.82,27.24,3.0,0.42
2015-10-21,0.0,25.45,69.35,26.63,2.93,0.42
2015-10-22,0.0,26.04,62.58,27.6,2.69,0.42
2015-10-23,0.0,25.96,67.46,26.34,2.56,0.42
2015-10-24,0.0,26.75,60.73,26.89,2.74,0.42
2015-10-25,0.0,27.32,56.36,26.03,2.17,0.42
2015-10-26,0.0,27.58,56.35,26.65,2.65,0.42
2015-10-27,0.01,26.87,65.86,26.13,2.93,0.42
2015-10-28,0.07,27.23,69.55,24.26,3.17,0.42
2015-10-29,0.01,26.74,67.63,27.93,2.98,0.42
2015-10-30,0.0,26.44,64.72,27.55,2.41,0.42
2015-10-31,0.0,27.02,61.04,28.17,2.26,0.42
2015-11-01,0.0,27.56,59.08,27.9,2.11,0.42
2015-11-02,0.0,27.37,61.23,27.79,2.12,0.42
2015-11-03,0.0,27.41,59.38,27.95,2.22,0.42
2015-11-04,0.0,27.39,62.81,27.55,2.07,0.42
2015-11-05,0.0,27.56,63.64,26.62,1.94,0.42
2015-11-06,0.0,28.08,61.98,26.35,2.03,0.42
2015-11-07,0.02,28.12,64.68,23.05,1.84,0.42
2015-11-08,0.03,28.49,65.13,23.05,1.79,0.42
2015-11-09,0.28,28.01,69.28,22.07,1.63,0.42
2015-11-10,0.07,28.55,64.17,25.16,1.72,0.42
2015-11-11,0.03,28.71,66.23,23.64,1.73,0.42
2015-11-12,0.02,29.18,60.34,24.67,1.46,0.42
2015-11-13,0.06,28.43,64.96,26.27,1.58,0.42
2015-11-14,0.03,28.99,58.64,26.85,1.67,0.42
2015-11-15,0.05,28.24,62.91,25.11,1.65,0.42
2015-11-16,0.04,28.85,60.45,25.81,1.82,0.42
2015-11-17,7.71,28.63,60.25,22.96,1.26,0.43
2015-11-18,2.01,28.23,68.55,26.84,1.65,0.44
2015-11-19,0.03,28.1,65.67,27.24,1.86,0.44
2015-11-20,0.01,28.23,66.03,27.6,2.48,0.44
2015-11-21,0.01,28.93,62.35,27.83,2.29,0.43
2015-11-22,0.01,28.81,61.13,27.77,2.25,0.43
2015-11-23,0.0,28.86,59.07,28.38,2.32,0.43
2015-11-24,0.0,29.08,57.88,26.71,2.23,0.43
2015-11-25,0.03,29.41,60.36,24.09,1.83,0.43
2015-11-26,0.18,29.18,64.61,23.11,1.84,0.43
2015-11-27,0.91,29.71,61.22,23.76,1.76,0.43
2015-11-28,0.35,29.04,65.06,24.76,1.37,0.43
2015-11-29,0.06,29.51,62.55,23.71,1.44,0.43
2015-11-30,0.15,29.72,62.16,22.62,2.02,0.43
2015-12-01,0.12,29.49,62.08,21.63,1.5,0.43
2015-12-02,1.19,28.53,69.0,11.53,1.2,0.43
2015-12-03,1.32,27.7,73.66,20.16,1.82,0.43
2015-12-04,5.77,28.25,75.37,21.75,1.93,0.43
2015-12-05,4.47,28.32,74.22,21.82,2.25,0.45
2015-12-06,16.04,28.66,71.64,23.45,2.12,0.46
2015-12-07,15.24,27.92,78.08,21.42,1.63,0.49
2015-12-08,3.04,28.14,74.62,15.68,1.92,0.5
2015-12-09,0.68,28.65,70.32,23.23,1.83,0.49
2015-12-10,0.15,29.1,66.68,22.39,2.31,0.49
2015-12-11,0.03,29.05,64.21,24.0,2.32,0.48
2015-12-12,0.09,28.53,63.26,25.61,2.2,0.48
2015-12-13,0.0,28.63,63.9,24.72,1.93,0.48
2015-12-14,0.03,29.17,66.07,23.73,1.8,0.47
2015-12-15,28.58,28.83,68.89,22.32,1.34,0.49
2015-12-16,8.92,28.0,72.52,19.86,1.3,0.53
2015-12-17,10.37,28.01,76.36,19.6,2.33,0.54
2015-12-18,11.14,26.85,82.98,15.4,2.47,0.55
2015-12-19,4.71,26.8,79.52,15.41,3.07,0.56
2015-12-20,9.23,26.1,81.23,16.98,2.56,0.57
2015-12-21,12.1,25.87,79.7,11.1,3.02,0.58
2015-12-22,5.64,26.48,79.62,18.77,2.89,0.59
2015-12-23,2.08,26.65,83.91,18.34,3.54,0.58
2015-12-24,4.19,26.44,85.41,16.98,3.33,0.58
2015-12-25,17.11,26.16,86.39,10.52,3.77,0.59
2015-12-26,14.61,26.12,84.6,17.02,3.6,0.62
2015-12-27,5.58,26.54,83.79,19.34,3.41,0.63
2015-12-28,1.94,26.73,83.22,20.64,3.07,0.62
2015-12-29,0.59,26.97,79.45,21.2,3.07,0.61
2015-12-30,1.94,27.17,78.64,24.23,3.07,0.6
2015-12-31,1.19,27.31,78.24,23.96,2.64,0.6
2016-01-01,0.01,27.32,74.51,26.35,2.41,0.58
2016-01-02,0.38,28.15,71.7,26.5,1.92,0.58
2016-01-03,0.19,28.4,73.57,27.08,2.56,0.57
2016-01-04,0.03,28.5,71.66,24.52,2.44,0.56
2016-01-05,0.02,28.3,72.64,27.86,2.22,0.55
2016-01-06,0.31,28.76,71.19,25.04,2.3,0.54
2016-01-07,0.19,28.75,69.32,24.6,2.25,0.54
2016-01-08,2.03,28.81,68.3,22.02,1.46,0.53
2016-01-09,0.87,28.44,73.69,22.45,1.45,0.53
2016-01-10,1.09,28.18,71.25,23.75,1.66,0.53
2016-01-11,0.06,27.9,70.33,24.39,1.92,0.52
2016-01-12,0.47,27.91,69.82,22.67,1.62,0.52
2016-01-13,5.69,28.03,72.75,24.32,1.76,0.51
2016-01-14,1.65,28.16,68.72,26.36,2.03,0.52
2016-01-15,0.67,28.18,68.67,22.72,1.84,0.51
2016-01-16,1.99,28.33,70.06,21.64,2.0,0.51
2016-01-17,13.09,28.08,74.88,22.29,1.99,0.51
2016-01-18,4.04,28.02,73.27,23.0,1.5,0.53
2016-01-19,1.06,27.75,76.49,20.88,1.26,0.53
2016-01-20,5.4,27.66,75.44,21.92,1.02,0.53
2016-01-21,7.43,28.29,71.07,23.53,1.54,0.54
2016-01-22,40.14,27.6,77.65,22.32,1.44,0.56
2016-01-23,14.03,27.75,76.59,22.47,1.14,0.62
2016-01-24,13.03,26.72,83.51,20.51,1.87,0.62
2016-01-25,23.07,27.13,82.03,18.88,1.71,0.65
2016-01-26,14.4,26.47,82.42,20.92,2.24,0.67
2016-01-27,6.49,26.87,80.72,16.3,1.72,0.67
2016-01-28,0.5,27.2,77.78,21.31,1.79,0.66
2016-01-29,16.92,26.85,80.68,22.31,1.27,0.66
2016-01-30,6.98,26.5,82.94,20.3,1.83,0.68
2016-01-31,7.64,26.69,83.03,18.49,2.38,0.68
2016-02-01,5.26,26.78,82.66,22.05,2.24,0.68
2016-02-02,3.67,26.18,83.41,15.67,1.54,0.68
2016-02-03,7.73,26.58,81.09,15.65,1.49,0.68
2016-02-04,2.55,26.55,84.62,16.68,1.55,0.68
2016-02-05,5.45,26.07,86.77,12.73,1.53,0.68
2016-02-06,39.75,26.09,85.96,20.23,1.93,0.71
2016-02-07,4.88,26.78,82.59,25.0,1.54,0.73
2016-02-08,14.17,26.76,84.45,25.3,1.48,0.73
2016-02-09,25.9,26.49,88.55,22.78,1.56,0.76
2016-02-10,9.51,27.51,83.37,25.87,1.55,0.77
2016-02-11,2.22,27.27,82.95,25.09,2.0,0.76
2016-02-12,3.64,27.07,84.96,21.06,2.33,0.76
2016-02-13,1.5,26.94,84.43,20.1,2.02,0.75
2016-02-14,0.67,26.58,84.2,23.3,1.43,0.74
2016-02-15,4.76,27.55,78.12,25.8,1.2,0.73
2016-02-16,5.27,27.2,83.42,24.01,1.23,0.74
2016-02-17,0.81,27.4,79.49,24.2,1.57,0.73
2016-02-18,0.1,27.19,79.36,24.5,1.39,0.71
2016-02-19,0.03,27.39,78.45,25.62,1.21,0.7
2016-02-20,0.36,27.3,80.54,24.38,1.2,0.69
2016-02-21,1.21,26.93,82.02,24.97,1.33,0.68
2016-02-22,2.85,26.6,81.85,20.94,1.23,0.67
2016-02-23,9.76,27.32,74.72,19.58,1.09,0.67
2016-02-24,3.09,27.2,80.53,24.01,1.3,0.68
2016-02-25,3.23,26.75,83.61,22.62,1.46,0.67
2016-02-26,6.76,26.63,85.71,22.63,1.47,0.67
2016-02-27,4.45,26.94,84.56,23.11,1.14,0.67
2016-02-28,1.76,26.94,82.03,15.45,0.71,0.67
2016-02-29,10.85,27.03,81.62,14.8,0.77,0.68
2016-03-01,21.49,27.17,81.06,19.55,1.17,0.69
2016-03-02,9.02,27.5,79.66,21.11,1.23,0.72
2016-03-03,12.34,27.34,83.86,23.92,1.03,0.71
2016-03-04,3.4,28.14,70.85,26.16,1.0,0.72
2016-03-05,0.49,27.83,77.86,22.85,1.08,0.71
2016-03-06,0.46,27.49,82.47,23.39,1.79,0.69
2016-03-07,5.5,27.57,82.98,21.92,1.82,0.69
2016-03-08,7.53,27.51,83.63,18.53,1.41,0.69
2016-03-09,7.18,27.21,84.31,21.05,1.21,0.69
2016-03-10,16.06,26.57,88.84,20.8,1.09,0.7
2016-03-11,9.58,27.17,85.32,17.21,1.08,0.73
2016-03-12,3.06,27.28,85.19,18.86,1.35,0.72
2016-03-13,20.32,26.58,87.94,16.31,1.82,0.74
2016-03-14,39.44,26.49,87.14,18.11,2.21,0.78
2016-03-15,19.3,26.82,86.47,21.03,2.71,0.81
2016-03-16,7.7,26.99,88.15,21.65,2.57,0.81
2016-03-17,0.91,27.1,87.97,22.24,2.42,0.81
2016-03-18,3.11,26.98,87.91,17.81,2.08,0.8
2016-03-19,0.58,26.96,83.48,22.2,2.17,0.79
2016-03-20,5.19,26.73,84.47,22.21,1.73,0.78
2016-03-21,16.63,26.82,84.52,19.38,1.57,0.78
2016-03-22,6.3,27.39,78.86,22.18,1.01,0.8
2016-03-23,0.3,27.31,78.93,22.21,1.41,0.79
2016-03-24,0.05,27.41,77.03,25.24,1.21,0.77
2016-03-25,1.69,27.4,74.99,21.01,0.87,0.76
2016-03-26,0.93,26.89,77.87,19.14,1.11,0.75
2016-03-27,0.71,26.77,82.65,20.51,0.96,0.74
2016-03-28,1.92,26.85,82.74,20.19,1.3,0.74
2016-03-29,0.37,26.61,81.83,22.3,1.77,0.73
2016-03-30,0.22,26.88,76.97,23.56,1.51,0.72
2016-03-31,0.0,26.53,78.19,22.63,1.66,0.7
2016-04-01,0.21,26.33,83.13,21.28,1.98,0.69
2016-04-02,0.33,26.34,85.38,23.13,2.22,0.68
2016-04-03,0.19,26.39,84.14,22.2,1.86,0.67
2016-04-04,1.85,26.55,83.29,16.34,1.87,0.67
2016-04-05,0.87,26.41,81.67,23.02,1.84,0.66
2016-04-06,1.03,26.61,83.67,20.45,1.77,0.65
2016-04-07,0.11,26.59,82.65,21.21,2.0,0.65
2016-04-08,0.12,26.52,84.06,20.55,2.3,0.64
2016-04-09,0.14,26.81,81.62,22.83,2.26,0.63
2016-04-10,0.27,27.05,78.97,17.7,2.29,0.61
2016-04-11,0.29,27.01,80.25,14.02,2.62,0.61
2016-04-12,0.03,26.97,79.31,20.8,2.42,0.6
2016-04-13,0.03,26.81,79.42,22.16,2.48,0.59
2016-04-14,0.01,26.92,78.8,22.31,2.67,0.58
2016-04-15,0.02,26.9,77.91,19.41,2.58,0.57
2016-04-16,0.01,26.74,76.32,23.59,1.8,0.56
2016-04-17,0.01,26.96,70.26,22.69,1.39,0.56
2016-04-18,0.0,27.11,69.16,24.24,1.4,0.55
2016-04-19,0.01,26.88,73.82,23.49,1.7,0.54
2016-04-20,0.01,26.38,75.81,23.53,2.13,0.54
2016-04-21,0.01,26.54,75.1,23.58,2.21,0.53
2016-04-22,0.0,26.57,75.01,23.17,2.38,0.53
2016-04-23,0.03,26.92,74.82,22.82,2.58,0.52
2016-04-24,0.08,27.04,73.29,20.95,2.55,0.52
2016-04-25,0.0,27.23,70.45,23.69,2.74,0.51
2016-04-26,0.01,27.17,71.04,23.68,2.48,0.51
2016-04-27,0.0,27.08,71.2,19.87,2.03,0.5
2016-04-28,0.07,27.08,71.65,21.12,1.99,0.5
2016-04-29,0.02,26.89,71.78,22.12,2.02,0.5
2016-04-30,0.36,27.02,73.31,23.06,2.22,0.49
2016-05-01,0.08,27.08,74.07,22.92,1.79,0.49
2016-05-02,6.58,26.84,79.34,14.82,1.45,0.49
2016-05-03,3.55,26.62,81.76,19.11,1.58,0.5
2016-05-04,5.62,25.97,86.12,16.82,2.4,0.5
2016-05-05,33.72,26.39,83.56,19.48,2.39,0.53
2016-05-06,19.98,26.09,87.3,17.14,1.99,0.6
2016-05-07,0.5,27.2,78.75,17.23,0.96,0.59
2016-05-08,0.06,27.08,81.15,18.87,1.17,0.59
2016-05-09,0.03,27.21,77.23,19.08,1.34,0.58
2016-05-10,3.27,26.48,85.6,18.73,2.45,0.57
2016-05-11,9.36,26.3,87.78,17.82,2.78,0.58
2016-05-12,6.2,26.12,86.48,8.06,3.81,0.59
2016-05-13,2.67,26.41,86.31,12.38,3.67,0.59
2016-05-14,2.19,26.69,84.94,12.34,3.65,0.58
2016-05-15,0.71,26.35,81.26,16.66,2.95,0.58
2016-05-16,0.12,26.45,80.18,18.58,3.06,0.57
2016-05-17,0.57,26.45,80.3,16.7,2.87,0.56
2016-05-18,0.43,26.17,81.4,19.4,2.41,0.56
2016-05-19,0.1,26.35,77.06,21.1,2.16,0.55
2016-05-20,0.09,26.19,77.66,19.46,2.45,0.55
2016-05-21,0.12,26.77,77.69,19.39,2.2,0.54
2016-05-22,0.03,26.78,77.04,18.88,1.96,0.54
2016-05-23,0.01,26.42,78.42,18.85,1.93,0.53
2016-05-24,0.0,26.34,76.57,19.55,1.86,0.53
2016-05-25,0.0,26.51,73.55,19.07,2.05,0.52
2016-05-26,0.12,26.62,73.23,18.0,2.15,0.52
2016-05-27,0.14,26.22,75.25,17.47,2.0,0.51
2016-05-28,0.09,26.26,70.65,18.64,1.77,0.51
2016-05-29,0.2,25.89,74.33,19.53,2.27,0.51
2016-05-30,0.06,26.0,77.71,19.83,2.7,0.5
2016-05-31,0.4,26.34,77.66,18.26,2.43,0.5
2016-06-01,0.35,26.48,75.86,18.39,2.54,0.5
2016-06-02,0.04,26.09,75.27,19.52,2.43,0.49
2016-06-03,0.15,26.11,75.59,17.5,2.38,0.49
2016-06-04,0.0,26.28,74.09,20.96,2.22,0.49
2016-06-05,0.0,26.36,70.56,21.14,1.8,0.49
2016-06-06,0.0,26.32,69.49,20.47,1.55,0.48
2016-06-07,0.0,26.37,67.54,19.82,1.62,0.48
2016-06-08,0.04,26.13,75.04,18.84,1.56,0.48
2016-06-09,0.58,26.38,76.35,18.07,2.03,0.48
2016-06-10,0.43,26.27,77.97,17.87,2.41,0.47
2016-06-11,0.27,26.54,77.23,17.74,3.28,0.47
2016-06-12,0.25,26.35,75.7,16.05,3.98,0.47
2016-06-13,0.18,26.22,75.87,13.37,4.03,0.47
2016-06-14,3.12,26.07,80.74,11.57,3.86,0.47
2016-06-15,0.82,26.13,79.9,12.43,3.77,0.47
2016-06-16,0.15,26.56,76.43,13.37,3.6,0.47
2016-06-17,0.03,26.12,74.64,19.9,3.09,0.47
2016-06-18,0.15,25.98,78.05,14.84,2.69,0.47
2016-06-19,0.0,25.82,73.54,20.79,2.32,0.46
2016-06-20,0.15,25.59,75.36,19.45,2.33,0.46
2016-06-21,0.35,25.67,71.51,13.72,2.54,0.46
2016-06-22,0.0,25.04,64.55,19.2,2.23,0.46
2016-06-23,0.0,24.63,67.01,16.84,2.27,0.46
2016-06-24,0.0,25.02,69.39,13.34,2.08,0.46
2016-06-25,0.33,26.04,68.54,18.05,2.0,0.45
2016-06-26,4.16,24.71,85.39,11.25,1.85,0.46
2016-06-27,1.05,25.51,81.65,16.78,3.06,0.46
2016-06-28,2.67,25.91,80.57,15.13,4.01,0.46
2016-06-29,2.24,25.94,77.53,13.91,3.73,0.46
2016-06-30,0.18,25.38,78.03,13.77,3.38,0.46
2016-07-01,0.07,25.78,75.46,16.88,3.3,0.46
2016-07-02,0.39,25.35,72.34,19.62,3.63,0.46
2016-07-03,0.25,25.04,72.59,18.81,3.78,0.46
2016-07-04,0.01,24.96,72.05,20.03,3.38,0.45
2016-07-05,0.0,25.18,73.54,18.73,3.05,0.45
2016-07-06,0.0,25.3,72.51,20.16,3.36,0.45
2016-07-07,0.05,25.0,74.04,14.25,3.27,0.45
2016-07-08,0.27,25.35,76.28,15.71,3.45,0.45
2016-07-09,0.26,26.65,68.12,17.55,2.14,0.45
2016-07-10,1.2,25.2,80.39,15.27,2.32,0.45
2016-07-11,10.07,25.16,80.71,17.71,2.37,0.45
2016-07-12,0.93,25.38,77.25,20.21,2.55,0.46
2016-07-13,1.54,25.2,80.86,16.97,2.76,0.46
2016-07-14,64.0,24.01,88.37,6.28,4.19,0.52
2016-07-15,5.32,23.78,82.98,10.7,4.36,0.58
2016-07-16,0.09,23.61,79.58,15.08,3.53,0.57
2016-07-17,0.11,23.34,81.18,13.98,2.73,0.56
2016-07-18,0.05,23.6,79.9,16.92,2.35,0.56
2016-07-19,0.03,23.92,78.74,17.43,2.34,0.55
2016-07-20,0.09,24.29,79.82,17.83,2.55,0.55
2016-07-21,0.0,24.15,78.99,20.11,2.61,0.54
2016-07-22,0.0,23.65,76.8,19.49,2.09,0.54
2016-07-23,0.0,24.11,74.63,21.08,1.89,0.53
2016-07-24,0.0,24.5,77.5,18.75,2.16,0.53
2016-07-25,0.03,24.57,78.2,17.29,2.22,0.53
2016-07-26,0.04,24.4,75.99,20.48,2.3,0.52
2016-07-27,0.0,24.36,73.79,19.35,2.99,0.52
2016-07-28,0.0,24.48,68.56,19.89,3.05,0.51
2016-07-29,0.0,23.83,69.12,21.12,2.78,0.51
2016-07-30,0.01,24.16,71.88,17.59,2.71,0.51
2016-07-31,0.01,24.35,71.69,19.54,2.24,0.5
2016-08-01,0.0,24.14,64.84,21.09,2.05,0.5
2016-08-02,0.0,24.75,59.9,20.6,2.2,0.5
2016-08-03,0.08,24.98,68.53,19.5,2.66,0.49
2016-08-04,0.37,24.96,71.26,14.73,3.44,0.49
2016-08-05,0.05,24.16,66.62,18.33,3.03,0.49
2016-08-06,0.0,23.58,65.51,20.93,2.91,0.49
2016-08-07,0.0,23.84,65.94,22.86,2.67,0.48
2016-08-08,0.0,23.63,71.12,21.35,2.8,0.48
2016-08-09,0.12,24.32,76.27,11.3,2.82,0.48
2016-08-10,0.54,25.25,78.35,20.23,2.91,0.48
2016-08-11,0.04,25.04,78.69,20.25,3.12,0.48
2016-08-12,0.12,24.8,76.29,21.95,3.07,0.47
2016-08-13,0.0,24.51,74.24,22.85,3.23,0.47
2016-08-14,0.06,24.71,75.57,20.58,3.56,0.47
2016-08-15,0.01,24.91,72.38,22.43,3.29,0.47
2016-08-16,0.0,24.57,70.83,23.99,2.68,0.47
2016-08-17,0.0,24.3,67.06,24.53,2.39,0.46
2016-08-18,0.0,24.17,62.34,24.66,2.29,0.46
2016-08-19,0.0,24.16,62.01,24.57,2.33,0.46
2016-08-20,0.05,24.98,71.27,21.54,2.19,0.46
2016-08-21,0.18,25.16,74.03,18.53,2.03,0.45
2016-08-22,0.13,25.57,72.93,20.06,2.1,0.45
2016-08-23,0.04,24.81,73.21,17.02,2.21,0.45
2016-08-24,0.03,24.81,72.58,15.76,2.19,0.45
2016-08-25,0.03,25.45,69.57,17.48,2.17,0.45
2016-08-26,0.0,25.8,62.23,20.34,2.47,0.45
2016-08-27,0.08,26.52,68.11,22.79,2.4,0.44
2016-08-28,0.53,26.51,73.33,20.43,2.67,0.44
2016-08-29,0.18,26.94,68.63,21.65,2.19,0.44
2016-08-30,0.02,26.38,68.05,24.65,2.48,0.44
2016-08-31,0.06,25.82,73.98,21.79,2.79,0.44
2016-09-01,0.01,25.98,70.88,24.6,2.23,0.44
2016-09-02,0.0,26.09,68.05,23.41,1.71,0.44
2016-09-03,0.02,26.2,70.29,24.17,1.71,0.43
2016-09-04,0.01,26.7,70.86,24.0,2.27,0.43
2016-09-05,0.07,26.37,73.55,22.69,3.07,0.43
2016-09-06,0.06,26.17,73.87,20.21,2.97,0.43
2016-09-07,0.01,25.86,72.16,24.15,2.68,0.43
2016-09-08,0.0,25.52,71.52,25.47,1.9,0.43
2016-09-09,0.0,26.22,66.52,26.28,2.0,0.43
2016-09-10,0.02,25.99,67.65,25.96,1.98,0.43
2016-09-11,0.0,26.18,65.32,24.66,2.23,0.43
2016-09-12,0.03,25.89,72.58,23.91,2.55,0.43
2016-09-13,0.03,26.66,67.3,23.43,2.3,0.43
2016-09-14,0.79,27.07,68.91,22.63,1.96,0.43
2016-09-15,0.05,27.28,64.48,23.32,2.26,0.43
2016-09-16,0.0,27.55,65.41,25.06,2.34,0.43
2016-09-17,0.22,26.53,73.44,25.43,2.76,0.43
2016-09-18,2.99,26.15,78.3,18.77,1.76,0.43
2016-09-19,5.44,26.97,73.06,19.78,1.65,0.43
2016-09-20,2.24,26.58,77.13,16.86,1.91,0.44
2016-09-21,0.53,27.22,72.95,23.18,2.07,0.44
2016-09-22,0.43,27.34,72.18,21.93,1.86,0.44
2016-09-23,9.77,26.89,73.11,23.93,2.02,0.45
2016-09-24,1.21,26.9,73.62,23.73,2.23,0.46
2016-09-25,7.08,26.9,73.49,25.05,1.79,0.46
2016-09-26,0.19,27.34,66.47,25.21,1.68,0.46
2016-09-27,0.02,27.13,67.35,21.65,1.63,0.46
2016-09-28,10.06,26.96,74.62,18.88,1.7,0.46
2016-09-29,1.12,27.32,71.48,19.12,1.61,0.47
2016-09-30,0.39,28.4,66.45,22.87,1.26,0.47
2016-10-01,0.52,27.92,71.13,20.79,1.47,0.47
2016-10-02,1.04,27.8,69.4,21.2,1.57,0.46
2016-10-03,7.59,26.71,76.01,24.3,1.73,0.47
2016-10-04,1.06,26.89,73.05,25.63,2.32,0.47
2016-10-05,1.58,27.34,74.96,22.33,2.91,0.47
2016-10-06,1.11,27.12,75.68,22.69,3.5,0.47
2016-10-07,1.19,26.91,75.66,13.21,3.81,0.47
2016-10-08,0.97,27.25,74.83,20.99,3.34,0.47
2016-10-09,0.01,26.67,68.73,26.84,2.75,0.47
2016-10-10,0.03,26.78,68.4,26.85,2.09,0.46
2016-10-11,0.0,26.94,63.32,26.72,2.32,0.46
2016-10-12,0.03,27.06,68.86,27.54,2.58,0.46
2016-10-13,0.25,26.79,71.04,25.48,2.6,0.45
2016-10-14,0.07,26.64,71.86,24.8,2.23,0.45
2016-10-15,0.0,26.46,72.25,27.18,2.09,0.45
2016-10-16,0.0,26.81,64.77,28.08,1.91,0.45
2016-10-17,0.02,27.12,68.87,26.89,2.59,0.45
2016-10-18,0.0,27.59,66.4,24.59,2.5,0.44
2016-10-19,0.03,27.68,68.3,26.13,2.84,0.44
2016-10-20,0.01,27.61,67.54,24.91,2.63,0.44
2016-10-21,0.11,27.62,72.48,21.32,2.63,0.44
2016-10-22,1.96,26.56,79.33,19.93,3.08,0.44
2016-10-23,4.82,26.12,78.47,23.08,3.04,0.44
2016-10-24,1.97,26.14,78.4,21.93,2.6,0.45
2016-10-25,0.87,26.92,70.85,24.6,2.43,0.45
2016-10-26,0.6,27.16,72.1,21.44,2.56,0.45
2016-10-27,0.42,27.38,70.24,24.19,2.24,0.44
2016-10-28,27.78,26.73,70.75,24.72,1.8,0.46
2016-10-29,4.21,27.52,65.26,25.08,1.81,0.5
2016-10-30,0.0,27.45,64.34,26.98,2.07,0.49
2016-10-31,0.0,28.31,60.24,27.17,1.81,0.49
2016-11-01,0.0,28.59,58.39,26.05,1.66,0.48
2016-11-02,0.84,28.84,59.63,23.49,1.72,0.48
2016-11-03,0.32,28.5,66.07,24.85,1.6,0.47
2016-11-04,0.24,28.47,66.57,24.65,2.11,0.47
2016-11-05,0.07,28.85,64.75,24.17,2.28,0.47
2016-11-06,0.04,29.19,59.87,24.08,1.71,0.46
2016-11-07,0.0,29.67,58.26,23.82,1.46,0.46
2016-11-08,0.1,30.07,60.46,23.37,1.96,0.46
2016-11-09,0.35,29.47,64.3,22.07,2.29,0.46
2016-11-10,0.25,28.62,66.93,23.83,2.83,0.45
2016-11-11,12.27,27.93,71.63,22.22,1.93,0.46
2016-11-12,14.41,26.83,79.37,21.18,1.76,0.5
2016-11-13,0.02,27.59,72.73,20.53,1.7,0.5
2016-11-14,0.04,28.26,67.54,24.76,1.71,0.49
2016-11-15,2.51,27.84,68.15,24.73,1.75,0.49
2016-11-16,1.16,28.16,68.71,23.03,2.35,0.49
2016-11-17,0.1,28.0,69.59,24.74,2.23,0.48
2016-11-18,0.26,28.18,70.23,23.63,2.47,0.48
2016-11-19,1.33,28.37,66.61,24.96,2.34,0.48
2016-11-20,0.23,28.3,65.31,25.77,2.51,0.47
2016-11-21,0.03,28.15,64.85,25.15,2.39,0.47
2016-11-22,0.02,27.84,67.46,25.93,1.97,0.47
2016-11-23,0.01,28.02,66.87,20.44,1.82,0.47
2016-11-24,13.21,27.94,71.74,22.74,1.75,0.47
2016-11-25,12.61,28.01,72.14,20.89,1.74,0.5
2016-11-26,2.3,28.16,68.78,24.19,1.94,0.51
2016-11-27,0.2,28.41,67.61,24.35,1.76,0.5
2016-11-28,3.53,29.02,67.71,24.58,1.78,0.5
2016-11-29,44.03,28.49,73.45,21.15,1.39,0.53
2016-11-30,16.88,27.78,78.74,21.03,1.52,0.6
2016-12-01,10.13,27.21,81.77,19.95,1.83,0.6
2016-12-02,17.52,26.46,84.59,20.68,1.59,0.62
2016-12-03,9.08,26.24,76.7,18.42,1.39,0.64
2016-12-04,13.66,26.69,81.81,19.18,1.6,0.64
2016-12-05,7.65,26.75,80.62,17.77,1.07,0.66
2016-12-06,0.69,27.73,75.99,20.27,0.74,0.65
2016-12-07,0.95,27.85,75.1,22.13,1.1,0.64
2016-12-08,0.04,27.99,68.54,24.32,1.12,0.63
2016-12-09,5.03,28.08,71.38,24.59,1.81,0.62
2016-12-10,1.57,27.31,76.11,25.52,2.41,0.62
2016-12-11,0.65,27.02,77.66,20.62,2.17,0.61
2016-12-12,7.32,26.99,78.85,20.35,1.54,0.61
2016-12-13,16.61,27.59,72.48,17.5,1.15,0.64
2016-12-14,9.86,26.79,81.59,20.85,1.62,0.64
2016-12-15,7.77,26.29,84.6,20.24,1.18,0.65
2016-12-16,14.51,25.83,84.03,16.93,1.42,0.67
2016-12-17,28.28,26.31,82.16,17.44,2.21,0.69
2016-12-18,48.61,25.39,89.15,11.91,2.51,0.76
2016-12-19,12.66,25.86,87.28,11.96,3.55,0.79
2016-12-20,9.59,25.73,87.87,13.34,3.67,0.79
2016-12-21,8.71,26.29,85.96,15.82,3.05,0.79
2016-12-22,15.52,26.22,85.74,18.3,2.51,0.8
2016-12-23,8.55,26.49,83.91,18.88,2.17,0.81
2016-12-24,36.88,26.77,84.35,18.15,2.16,0.82
2016-12-25,22.31,26.92,83.99,20.0,2.16,0.87
2016-12-26,3.65,26.64,83.85,20.74,2.17,0.86
2016-12-27,2.83,26.18,85.51,19.04,2.8,0.86
2016-12-28,2.21,26.58,82.17,16.9,2.65,0.85
2016-12-29,10.04,26.05,88.88,12.39,2.27,0.85
2016-12-30,2.68,26.18,85.09,16.39,3.04,0.85
2016-12-31,3.01,26.02,84.72,20.36,3.4,0.84
2017-01-01,4.0,26.27,85.59,24.33,3.52,0.83
2017-01-02,2.36,26.22,84.4,21.77,3.88,0.82
2017-01-03,1.23,26.26,85.51,20.05,4.32,0.81
2017-01-04,0.99,26.02,83.48,21.1,4.55,0.79
2017-01-05,2.23,26.32,83.61,23.72,3.57,0.78
2017-01-06,8.36,26.4,84.99,21.84,3.12,0.78
2017-01-07,6.59,26.23,84.96,20.66,2.76,0.78
2017-01-08,4.58,26.5,86.97,19.12,2.86,0.78
2017-01-09,0.08,26.44,82.93,24.48,3.08,0.77
2017-01-10,0.0,26.14,82.07,26.0,2.92,0.76
2017-01-11,0.07,25.98,79.57,27.72,2.42,0.74
2017-01-12,0.34,25.81,79.47,26.19,2.24,0.73
2017-01-13,1.68,26.36,78.69,24.2,1.52,0.72
2017-01-14,5.08,26.8,77.41,22.17,1.1,0.71
2017-01-15,6.74,26.75,79.59,20.86,0.97,0.72
2017-01-16,17.28,26.58,81.85,16.75,1.31,0.73
2017-01-17,30.55,25.43,88.44,15.34,1.82,0.76
2017-01-18,25.26,25.52,87.23,15.92,1.58,0.8
2017-01-19,10.83,25.83,86.2,17.07,1.7,0.81
2017-01-20,25.88,25.56,87.47,9.79,1.88,0.83
2017-01-21,22.45,26.11,85.25,16.99,1.54,0.86
2017-01-22,18.09,25.97,84.96,19.33,1.8,0.87
2017-01-23,49.55,25.52,88.12,17.38,2.56,0.91
2017-01-24,18.43,25.44,91.81,16.25,2.48,0.92
2017-01-25,8.31,25.59,90.07,19.96,2.67,0.92
2017-01-26,15.32,26.16,87.94,19.68,2.93,0.92
2017-01-27,43.68,25.75,85.25,11.34,2.14,0.94
2017-01-28,4.76,26.08,79.81,16.67,0.78,0.94
2017-01-29,1.71,26.34,82.16,17.97,0.91,0.93
2017-01-30,36.69,25.41,87.95,9.89,1.31,0.94
2017-01-31,47.66,24.86,92.39,13.65,2.43,0.97
2017-02-01,21.97,25.03,91.07,13.79,2.89,0.98
2017-02-02,36.47,25.17,89.76,12.12,2.76,0.99
2017-02-03,53.94,25.66,91.39,17.03,3.14,1.0
2017-02-04,19.41,25.37,91.86,14.36,3.11,0.99
2017-02-05,12.72,25.47,90.09,11.43,3.7,0.99
2017-02-06,22.93,25.44,88.81,13.93,3.45,0.99
2017-02-07,4.84,25.79,86.14,14.47,3.78,0.98
2017-02-08,5.72,25.67,87.13,13.69,2.95,0.97
2017-02-09,30.79,24.84,89.57,10.83,2.69,0.98
2017-02-10,14.87,24.98,85.92,16.82,2.66,0.98
2017-02-11,1.51,25.6,84.25,19.76,2.4,0.98
2017-02-12,0.69,25.31,86.3,23.59,2.79,0.96
2017-02-13,3.67,25.23,87.6,21.3,3.21,0.95
2017-02-14,4.23,25.35,87.91,18.73,2.22,0.95
2017-02-15,3.5,25.77,85.61,21.3,2.08,0.94
2017-02-16,9.57,25.45,87.31,17.41,2.04,0.94
2017-02-17,1.5,25.43,86.39,22.33,1.87,0.94
2017-02-18,0.57,25.53,85.4,22.28,1.85,0.93
2017-02-19,0.17,25.94,83.37,23.77,2.33,0.92
2017-02-20,4.6,25.92,82.34,23.64,1.94,0.91
2017-02-21,1.57,26.21,79.66,21.38,1.0,0.9
2017-02-22,0.22,25.4,82.27,24.43,1.26,0.89
2017-02-23,0.12,25.48,73.97,29.06,1.35,0.88
2017-02-24,0.96,26.65,63.78,27.99,0.98,0.87
2017-02-25,13.01,26.68,73.71,21.96,0.95,0.86
2017-02-26,20.96,26.58,77.72,23.41,1.0,0.88
2017-02-27,0.26,26.73,72.61,25.89,1.13,0.88
2017-02-28,22.42,25.81,82.38,24.16,1.23,0.88
2017-03-01,4.83,25.7,84.55,22.27,1.29,0.89
2017-03-02,0.32,26.29,78.27,24.01,1.43,0.88
2017-03-03,0.86,27.01,70.97,22.07,0.92,0.86
2017-03-04,1.16,26.58,79.66,15.17,1.35,0.86
2017-03-05,5.62,25.89,87.4,17.5,2.55,0.85
2017-03-06,15.6,26.13,87.86,18.87,2.61,0.86
2017-03-07,14.17,26.14,87.59,19.95,2.63,0.87
2017-03-08,17.47,25.69,87.97,14.07,2.11,0.88
2017-03-09,18.25,24.93,85.69,16.01,1.44,0.9
2017-03-10,8.01,25.31,84.37,19.08,0.82,0.9
2017-03-11,3.45,25.83,86.34,18.69,0.92,0.9
2017-03-12,1.44,25.71,86.13,18.06,1.0,0.89
2017-03-13,13.14,25.47,85.06,16.07,1.67,0.89
2017-03-14,5.16,25.75,84.39,20.99,1.59,0.9
2017-03-15,3.9,25.77,83.43,10.1,1.76,0.9
2017-03-16,1.87,25.48,82.57,12.99,1.99,0.89
2017-03-17,4.62,25.66,86.07,14.96,1.58,0.88
2017-03-18,13.67,25.2,85.5,18.6,1.13,0.89
2017-03-19,5.03,25.69,84.1,19.69,2.39,0.89
2017-03-20,5.6,25.87,86.05,19.79,2.11,0.89
2017-03-21,11.42,25.84,86.0,20.15,1.89,0.89
2017-03-22,2.73,25.52,84.32,17.84,1.62,0.89
2017-03-23,23.71,25.27,86.75,19.54,1.73,0.9
2017-03-24,17.57,25.43,89.24,15.72,2.2,0.92
2017-03-25,10.9,25.56,88.31,14.34,2.09,0.92
2017-03-26,24.84,25.68,86.64,17.58,1.93,0.92
2017-03-27,16.42,25.15,86.07,18.14,2.15,0.94
2017-03-28,5.33,25.52,85.7,20.6,2.01,0.94
2017-03-29,7.95,25.5,87.49,18.48,2.34,0.93
2017-03-30,4.27,25.74,86.81,18.88,1.77,0.93
2017-03-31,5.86,24.77,89.61,17.71,1.82,0.93
2017-04-01,23.39,24.77,92.4,9.32,2.28,0.93
2017-04-02,15.96,25.05,92.38,12.84,3.3,0.95
2017-04-03,2.7,25.42,90.94,14.3,2.74,0.95
2017-04-04,0.82,25.93,85.1,16.98,1.85,0.94
2017-04-05,0.64,25.99,80.14,19.43,1.19,0.93
2017-04-06,0.18,26.13,79.09,21.3,1.37,0.92
2017-04-07,8.49,25.99,80.84,22.25,1.39,0.91
2017-04-08,0.64,26.0,81.13,23.76,1.63,0.91
2017-04-09,0.58,25.88,80.97,19.9,1.16,0.9
2017-04-10,0.26,26.46,75.38,13.17,0.89,0.89
2017-04-11,0.42,25.02,84.34,20.26,1.64,0.89
2017-04-12,0.01,25.06,80.58,19.83,1.63,0.88
2017-04-13,0.07,25.34,78.15,22.82,1.1,0.87
2017-04-14,0.57,25.38,85.35,22.37,1.72,0.86
2017-04-15,0.1,25.72,85.07,21.61,2.13,0.85
2017-04-16,0.05,25.5,83.67,22.39,1.76,0.84
2017-04-17,0.32,25.76,87.42,19.34,2.09,0.83
2017-04-18,5.51,25.8,91.4,16.36,2.23,0.83
2017-04-19,4.41,25.71,89.57,19.59,2.23,0.83
2017-04-20,0.54,25.5,87.81,20.22,2.24,0.83
2017-04-21,0.76,25.72,86.52,20.51,2.15,0.82
2017-04-22,0.42,25.55,85.11,20.92,2.17,0.8
2017-04-23,0.03,25.15,84.3,22.23,1.96,0.79
2017-04-24,0.01,25.21,83.7,19.94,1.37,0.78
2017-04-25,0.02,25.55,82.92,20.68,1.4,0.77
2017-04-26,0.08,25.81,81.9,22.97,1.51,0.76
2017-04-27,0.64,25.76,84.02,20.42,2.0,0.75
2017-04-28,4.38,24.85,85.2,12.7,2.29,0.74
2017-04-29,3.26,25.6,83.0,19.08,1.38,0.74
2017-04-30,0.57,25.87,82.71,19.56,0.92,0.73
2017-05-01,0.65,25.91,84.52,18.13,0.96,0.73
2017-05-02,2.4,25.8,89.09,15.73,2.62,0.72
2017-05-03,2.35,24.93,88.31,16.37,2.42,0.72
2017-05-04,0.6,24.91,86.63,15.04,2.93,0.72
2017-05-05,0.19,25.0,82.6,19.04,3.12,0.71
2017-05-06,0.01,25.06,80.37,21.1,2.88,0.7
2017-05-07,0.12,25.08,84.43,20.16,2.66,0.69
2017-05-08,0.04,24.7,82.79,22.36,2.08,0.68
2017-05-09,0.0,24.84,81.8,19.45,2.47,0.67
2017-05-10,0.01,24.75,79.19,16.84,2.9,0.66
2017-05-11,0.0,24.69,77.29,17.62,2.81,0.65
2017-05-12,0.0,24.74,76.05,19.44,2.44,0.64
2017-05-13,0.0,24.73,78.97,17.06,2.38,0.63
2017-05-14,0.02,25.14,82.22,18.3,2.49,0.62
2017-05-15,0.04,24.87,79.37,15.64,2.4,0.61
2017-05-16,0.01,24.7,76.62,18.28,2.03,0.6
2017-05-17,0.04,25.05,83.67,18.45,2.29,0.6
2017-05-18,0.01,25.08,81.33,17.44,2.23,0.59
2017-05-19,0.0,24.93,75.19,20.28,2.01,0.58
2017-05-20,0.0,24.54,74.11,18.95,1.81,0.58
2017-05-21,0.0,24.24,73.87,22.21,2.08,0.57
2017-05-22,0.0,24.25,71.57,20.76,2.14,0.56
2017-05-23,0.17,25.32,80.32,18.52,2.3,0.56
2017-05-24,0.21,25.99,81.31,17.46,2.74,0.55
2017-05-25,0.01,25.88,78.04,19.74,2.94,0.55
2017-05-26,0.03,25.83,79.26,14.62,3.04,0.54
2017-05-27,0.19,25.62,80.33,13.45,3.28,0.54
2017-05-28,0.22,25.45,78.29,18.51,3.37,0.54
2017-05-29,0.06,25.64,78.53,18.27,2.93,0.53
2017-05-30,0.35,25.54,76.39,16.66,3.69,0.53
2017-05-31,0.0,25.35,70.04,14.49,3.99,0.53
2017-06-01,0.0,25.26,69.69,14.71,3.65,0.52
2017-06-02,0.0,25.43,73.84,13.4,3.47,0.52
2017-06-03,0.16,25.69,77.55,11.95,3.6,0.51
2017-06-04,2.24,25.17,79.47,11.08,3.31,0.51
2017-06-05,3.05,24.96,81.48,13.71,3.06,0.52
2017-06-06,0.71,25.34,75.88,15.92,3.67,0.51
2017-06-07,0.06,25.09,71.56,13.26,3.68,0.51
2017-06-08,0.36,24.8,76.73,10.07,3.75,0.51
2017-06-09,0.13,24.53,75.28,10.26,3.65,0.5
2017-06-10,0.2,24.63,79.04,10.34,3.77,0.5
2017-06-11,0.39,24.26,74.79,9.85,4.24,0.5
2017-06-12,1.34,24.45,73.59,9.45,4.03,0.5
2017-06-13,0.22,24.22,71.84,15.8,3.22,0.49
2017-06-14,0.0,23.76,69.1,17.92,2.8,0.49
2017-06-15,0.0,23.74,72.85,17.85,2.71,0.49
2017-06-16,0.1,23.91,73.23,18.19,2.51,0.49
2017-06-17,0.02,23.37,71.45,15.4,2.43,0.49
2017-06-18,0.02,23.99,76.72,17.89,3.07,0.48
2017-06-19,0.45,24.59,78.97,12.41,3.73,0.48
2017-06-20,0.02,24.62,76.25,17.1,3.42,0.48
2017-06-21,0.02,24.4,75.76,17.1,3.04,0.48
2017-06-22,0.0,24.7,73.14,16.74,2.68,0.48
2017-06-23,0.11,24.8,73.94,18.5,2.54,0.47
2017-06-24,0.07,24.89,77.74,17.34,2.61,0.47
2017-06-25,0.09,24.19,76.54,18.36,2.82,0.47
2017-06-26,0.0,23.36,75.31,19.55,2.67,0.47
2017-06-27,0.02,23.41,76.0,20.44,2.44,0.47
2017-06-28,0.0,23.77,76.59,15.14,2.33,0.47
2017-06-29,0.0,24.09,75.01,18.24,2.77,0.46
2017-06-30,0.21,24.25,76.88,19.85,3.4,0.46
2017-07-01,0.2,24.32,76.18,13.53,3.4,0.46
2017-07-02,0.04,24.62,76.2,18.68,3.17,0.46
2017-07-03,0.04,24.74,77.56,16.76,2.81,0.46
2017-07-04,0.0,24.86,77.35,14.68,2.12,0.46
2017-07-05,0.57,25.28,79.52,14.86,2.11,0.46
2017-07-06,0.6,25.17,82.19,15.01,2.34,0.46
2017-07-07,0.26,24.91,81.45,18.18,2.1,0.45
2017-07-08,0.05,24.6,77.94,20.52,2.19,0.45
2017-07-09,0.04,24.59,76.12,18.38,2.29,0.45
2017-07-10,0.13,24.63,78.13,16.04,2.91,0.45
2017-07-11,0.66,24.68,81.34,13.67,3.35,0.45
2017-07-12,3.5,24.77,81.74,10.18,3.37,0.45
2017-07-13,1.19,24.6,79.91,15.22,4.11,0.45
2017-07-14,0.0,24.52,77.55,18.7,3.39,0.45
2017-07-15,0.01,24.09,72.12,20.93,2.6,0.45
2017-07-16,0.0,23.96,70.05,19.69,2.61,0.45
2017-07-17,0.0,24.21,73.48,18.66,2.85,0.45
2017-07-18,0.0,24.44,76.45,15.46,2.51,0.45
2017-07-19,0.0,24.77,70.1,18.0,2.15,0.44
2017-07-20,0.84,24.62,69.14,19.53,2.22,0.44
2017-07-21,2.87,24.35,71.5,16.43,2.46,0.45
2017-07-22,0.0,23.97,68.45,19.41,2.49,0.45
2017-07-23,0.0,24.06,65.16,19.14,2.38,0.44
2017-07-24,0.0,24.63,67.67,18.23,2.17,0.44
2017-07-25,0.0,24.64,70.98,16.64,2.69,0.44
2017-07-26,0.68,25.02,79.78,17.93,3.92,0.44
2017-07-27,0.45,24.82,78.62,14.89,3.51,0.44
2017-07-28,0.0,24.61,73.87,21.19,3.41,0.44
2017-07-29,0.02,24.26,74.93,21.18,3.03,0.44
2017-07-30,0.03,23.99,76.96,17.74,2.73,0.44
2017-07-31,0.05,24.27,77.05,12.24,2.67,0.44
2017-08-01,0.42,24.25,79.2,14.65,2.32,0.43
2017-08-02,0.21,24.52,74.62,17.65,2.21,0.43
2017-08-03,0.11,24.38,71.64,18.96,2.85,0.43
2017-08-04,0.0,23.84,68.81,19.44,2.64,0.43
2017-08-05,0.0,24.49,63.54,21.9,2.49,0.43
2017-08-06,0.0,25.1,65.47,18.94,2.51,0.43
2017-08-07,0.0,25.4,72.64,19.99,2.68,0.43
2017-08-08,0.03,25.06,75.62,21.94,2.93,0.43
2017-08-09,0.02,24.48,75.22,21.84,3.03,0.43
2017-08-10,0.06,24.76,71.93,21.54,2.63,0.43
2017-08-11,0.01,24.89,74.41,18.72,3.05,0.43
2017-08-12,0.01,24.59,74.72,22.04,3.31,0.43
2017-08-13,0.02,24.14,76.57,20.41,3.05,0.43
2017-08-14,0.0,24.02,72.8,22.66,3.0,0.43
2017-08-15,0.0,24.18,70.09,21.98,2.62,0.43
2017-08-16,0.01,24.62,72.83,21.72,2.45,0.43
2017-08-17,0.0,24.8,72.36,22.6,2.33,0.43
2017-08-18,0.01,25.15,75.84,22.31,2.61,0.43
2017-08-19,0.05,24.97,74.88,23.29,2.6,0.43
2017-08-20,0.0,24.39,74.13,23.44,2.34,0.43
2017-08-21,0.0,24.53,70.8,24.91,3.24,0.43
2017-08-22,0.02,24.43,74.94,24.14,3.35,0.43
2017-08-23,0.02,24.68,73.57,24.4,3.69,0.43
2017-08-24,0.0,24.65,71.99,24.86,3.45,0.43
2017-08-25,0.01,24.69,74.26,23.61,3.36,0.43
2017-08-26,0.0,24.39,74.06,24.42,3.07,0.43
2017-08-27,0.0,24.16,71.47,24.6,3.41,0.43
2017-08-28,0.0,24.07,67.94,23.88,3.13,0.43
2017-08-29,0.0,23.86,64.8,25.57,2.82,0.43
2017-08-30,0.0,23.83,65.8,25.36,3.18,0.43
2017-08-31,0.0,24.18,68.86,25.28,2.94,0.43
2017-09-01,0.0,24.77,68.57,24.22,2.9,0.43
2017-09-02,0.0,25.31,67.84,23.61,2.76,0.43
2017-09-03,0.03,25.13,71.91,24.06,2.65,0.43
2017-09-04,0.0,24.88,70.81,25.45,2.52,0.43
2017-09-05,0.0,25.03,72.32,25.29,2.83,0.43
2017-09-06,0.02,24.5,76.17,21.96,3.48,0.43
2017-09-07,0.06,25.21,73.86,22.65,3.28,0.43
2017-09-08,0.0,25.62,68.43,25.3,3.1,0.43
2017-09-09,0.0,25.31,66.52,25.37,3.31,0.42
2017-09-10,0.0,25.07,68.25,25.16,2.9,0.42
2017-09-11,0.0,25.31,67.87,25.85,2.67,0.42
2017-09-12,0.0,25.47,70.57,25.61,2.67,0.42
2017-09-13,0.0,25.93,70.74,24.7,1.89,0.42
2017-09-14,0.0,26.42,70.86,22.81,2.19,0.42
2017-09-15,0.03,25.86,74.68,21.43,3.23,0.42
2017-09-16,0.01,25.75,70.19,25.51,2.49,0.42
2017-09-17,0.0,25.19,68.23,26.21,2.37,0.42
2017-09-18,0.0,24.96,69.47,26.14,2.42,0.42
2017-09-19,0.0,25.26,70.23,26.2,2.26,0.42
2017-09-20,0.03,25.53,73.5,24.78,2.57,0.42
2017-09-21,0.05,26.05,74.35,21.81,2.55,0.42
2017-09-22,0.11,26.43,72.14,25.8,2.85,0.42
2017-09-23,1.17,26.27,72.86,25.7,2.49,0.42
2017-09-24,0.22,26.58,69.08,22.23,1.96,0.43
2017-09-25,0.68,26.51,67.55,21.87,1.83,0.43
2017-09-26,0.02,27.04,63.86,23.35,1.89,0.43
2017-09-27,0.36,26.41,73.5,22.23,1.81,0.43
2017-09-28,0.1,26.49,73.52,21.06,1.89,0.43
2017-09-29,0.29,26.7,71.28,21.38,1.76,0.43
2017-09-30,0.03,26.82,69.98,22.55,1.93,0.43
2017-10-01,0.0,27.38,62.81,23.83,1.65,0.43
2017-10-02,0.0,27.26,66.57,23.24,2.07,0.43
2017-10-03,0.6,27.33,70.99,23.88,2.63,0.43
2017-10-04,0.39,27.34,71.8,20.64,2.58,0.43
2017-10-05,0.17,27.71,66.33,23.44,2.26,0.43
2017-10-06,0.12,27.21,70.98,23.51,2.29,0.43
2017-10-07,0.27,27.18,71.11,23.24,2.4,0.43
2017-10-08,0.16,27.54,71.82,23.07,2.68,0.43
2017-10-09,0.33,27.34,73.56,23.36,3.21,0.43
2017-10-10,0.05,27.28,67.61,26.85,2.88,0.43
2017-10-11,2.16,27.19,69.92,20.43,2.34,0.43
2017-10-12,0.13,26.77,71.82,24.9,3.0,0.43
2017-10-13,0.03,27.59,69.26,26.11,2.51,0.43
2017-10-14,0.02,27.9,70.57,21.51,1.9,0.43
2017-10-15,0.56,28.15,66.45,23.57,1.61,0.43
2017-10-16,0.17,28.5,65.28,23.23,1.42,0.43
2017-10-17,5.34,28.54,67.75,23.45,2.34,0.43
2017-10-18,1.28,27.9,73.06,26.78,2.92,0.44
2017-10-19,0.64,28.51,67.38,24.21,2.12,0.43
2017-10-20,2.35,28.16,69.27,22.07,1.43,0.44
2017-10-21,26.91,26.29,76.42,22.52,1.31,0.46
2017-10-22,49.72,26.73,77.99,21.42,1.34,0.53
2017-10-23,10.7,26.99,76.49,24.46,1.27,0.58
2017-10-24,2.45,27.2,75.24,23.84,1.55,0.58
2017-10-25,0.22,27.01,71.94,26.22,1.37,0.57
2017-10-26,1.46,27.36,69.12,25.06,1.4,0.56
2017-10-27,0.19,27.82,61.1,25.08,1.2,0.55
2017-10-28,0.01,27.9,63.6,26.99,1.25,0.54
2017-10-29,0.05,27.73,68.48,25.77,1.46,0.54
2017-10-30,0.04,27.98,67.36,25.84,1.49,0.53
2017-10-31,0.09,28.0,69.88,26.27,1.81,0.52
2017-11-01,0.37,27.3,73.51,24.42,2.19,0.52
2017-11-02,3.03,27.57,69.42,23.15,1.93,0.52
2017-11-03,2.31,27.4,71.48,25.95,1.82,0.52
2017-11-04,0.04,27.64,70.55,24.92,2.03,0.52
2017-11-05,0.33,27.43,72.13,23.48,1.94,0.51
2017-11-06,3.74,27.22,76.51,23.68,1.98,0.51
2017-11-07,1.02,27.3,73.42,26.4,1.93,0.52
2017-11-08,0.19,27.84,70.25,24.68,1.9,0.51
2017-11-09,0.19,27.58,71.36,21.07,1.85,0.51
2017-11-10,0.57,28.01,72.46,21.81,2.38,0.5
2017-11-11,0.51,27.94,71.56,20.05,2.08,0.5
2017-11-12,5.61,28.05,67.86,22.42,1.57,0.5
2017-11-13,3.27,27.81,67.52,18.62,1.43,0.51
2017-11-14,3.73,27.6,71.25,18.77,1.02,0.51
2017-11-15,10.77,26.83,80.6,18.06,1.58,0.52
2017-11-16,4.35,26.66,80.64,18.31,1.27,0.53
2017-11-17,3.04,27.08,76.06,17.8,1.23,0.53
2017-11-18,6.29,26.58,82.0,17.27,1.98,0.53
2017-11-19,21.15,26.66,79.38,15.47,1.49,0.56
2017-11-20,1.12,26.51,79.96,14.21,1.0,0.57
2017-11-21,1.83,26.94,78.8,20.33,1.41,0.57
2017-11-22,1.92,27.16,77.7,19.87,1.36,0.56
2017-11-23,30.9,27.46,78.41,22.36,1.44,0.58
2017-11-24,3.25,27.38,76.63,23.7,1.6,0.61
2017-11-25,2.1,26.71,82.05,18.84,1.26,0.6
2017-11-26,1.38,27.31,78.04,19.85,1.22,0.6
2017-11-27,2.34,27.25,79.98,21.88,1.75,0.6
2017-11-28,3.28,27.52,77.21,21.53,1.8,0.59
2017-11-29,23.01,27.47,79.17,19.22,1.52,0.6
2017-11-30,15.61,27.03,83.56,15.17,1.73,0.64
2017-12-01,30.81,27.3,78.31,19.36,0.8,0.68
2017-12-02,0.26,27.23,80.5,20.51,0.76,0.68
2017-12-03,0.11,27.49,80.86,18.37,1.06,0.67
2017-12-04,1.13,26.8,85.1,19.03,1.13,0.66
2017-12-05,6.28,27.11,76.83,22.02,0.98,0.67
2017-12-06,3.18,26.89,81.69,20.42,1.41,0.66
2017-12-07,7.21,26.35,85.72,18.01,1.75,0.66
2017-12-08,6.09,25.94,88.08,21.44,1.92,0.67
2017-12-09,3.51,26.75,81.24,22.12,1.0,0.67
2017-12-10,1.5,26.99,79.42,21.72,1.3,0.67
2017-12-11,0.05,27.12,76.65,26.1,1.6,0.65
2017-12-12,0.38,27.75,72.27,27.68,1.31,0.64
2017-12-13,0.21,28.29,68.76,25.53,1.24,0.63
2017-12-14,1.17,27.27,77.48,22.33,1.77,0.62
2017-12-15,2.84,26.71,80.93,21.1,2.03,0.62
2017-12-16,0.36,26.43,83.06,23.06,1.82,0.61
2017-12-17,6.26,27.28,76.33,22.01,1.19,0.61
2017-12-18,15.77,27.51,73.54,20.33,1.03,0.62
2017-12-19,31.47,27.04,78.21,20.46,1.26,0.67
2017-12-20,1.55,26.79,79.7,18.25,1.15,0.67
2017-12-21,3.98,26.41,83.88,17.34,1.98,0.66
2017-12-22,11.54,26.17,85.56,14.39,1.99,0.66
2017-12-23,49.92,25.39,91.32,8.55,2.59,0.73
2017-12-24,12.42,25.51,86.34,13.09,1.44,0.76
2017-12-25,8.87,26.47,82.26,17.0,1.87,0.76
2017-12-26,1.51,26.48,81.19,16.78,1.74,0.76
2017-12-27,0.64,26.87,76.82,15.28,1.65,0.75
2017-12-28,0.68,26.06,82.37,19.39,2.14,0.74
2017-12-29,1.35,26.73,81.65,19.85,1.39,0.73
2017-12-30,1.96,26.15,83.75,20.91,1.42,0.73
2017-12-31,3.19,26.05,85.26,21.97,1.26,0.72
2018-01-01,2.65,26.14,80.23,7.01,1.54,0.72
2018-01-02,0.14,27.01,69.63,21.9,1.22,0.71
2018-01-03,10.98,27.49,72.19,21.78,0.97,0.71
2018-01-04,3.62,27.04,79.83,18.77,1.31,0.71
2018-01-05,7.54,25.79,89.1,16.27,1.56,0.71
2018-01-06,17.81,25.79,85.3,15.04,1.44,0.73
2018-01-07,21.94,25.99,85.2,14.81,1.74,0.76
2018-01-08,10.21,25.88,85.68,18.95,1.95,0.77
2018-01-09,25.56,26.02,85.56,18.52,2.25,0.79
2018-01-10,23.73,25.42,88.74,18.95,2.32,0.82
2018-01-11,36.5,25.58,85.43,20.03,2.56,0.86
2018-01-12,21.97,25.6,85.49,16.05,1.89,0.88
2018-01-13,30.31,25.38,82.12,8.8,1.08,0.91
2018-01-14,22.86,25.57,85.56,15.38,1.43,0.91
2018-01-15,24.9,25.55,87.97,21.95,2.12,0.92
2018-01-16,12.5,25.85,86.17,21.22,1.61,0.93
2018-01-17,52.54,25.21,88.18,14.13,2.23,0.94
2018-01-18,28.71,25.02,87.6,18.31,1.92,0.97
2018-01-19,5.36,25.23,89.25,15.91,1.64,0.97
2018-01-20,12.71,25.74,90.78,15.03,1.91,0.96
2018-01-21,7.58,25.62,88.36,13.07,2.35,0.97
2018-01-22,27.5,25.55,89.42,13.07,1.76,0.97
2018-01-23,19.08,25.63,89.94,12.55,3.12,0.98
2018-01-24,2.09,25.97,88.39,15.5,3.24,0.97
2018-01-25,4.57,25.93,89.68,17.43,3.15,0.97
2018-01-26,15.78,25.91,91.44,17.57,3.23,0.97
2018-01-27,22.62,25.47,90.84,9.84,3.26,0.97
2018-01-28,22.66,25.89,91.79,11.98,3.68,0.98
2018-01-29,7.25,25.71,87.91,16.96,4.52,0.98
2018-01-30,8.61,25.32,88.91,8.45,3.89,0.97
2018-01-31,9.43,25.9,88.16,14.57,3.15,0.97
2018-02-01,7.59,25.79,88.78,16.39,2.78,0.97
2018-02-02,3.75,25.71,87.23,19.12,3.18,0.96
2018-02-03,1.16,25.76,84.46,23.16,2.53,0.95
2018-02-04,0.6,25.65,86.9,24.71,2.51,0.94
2018-02-05,0.03,25.73,84.92,24.7,2.6,0.93
2018-02-06,1.9,25.84,83.92,23.04,2.77,0.92
2018-02-07,14.34,25.73,88.25,20.98,2.57,0.92
2018-02-08,3.16,25.8,85.42,23.67,2.54,0.91
2018-02-09,1.42,25.66,85.61,23.12,2.24,0.91
2018-02-10,0.08,25.44,84.52,24.12,2.02,0.9
2018-02-11,0.28,25.64,84.95,21.74,2.42,0.89
2018-02-12,4.99,25.74,85.07,21.11,2.75,0.88
2018-02-13,0.62,25.92,85.01,22.92,2.74,0.88
2018-02-14,13.59,25.78,86.05,17.51,2.13,0.87
2018-02-15,31.5,25.55,88.5,14.53,2.34,0.89
2018-02-16,24.28,25.33,87.37,10.64,2.66,0.91
2018-02-17,10.11,25.78,85.66,16.27,2.44,0.93
2018-02-18,12.97,25.82,85.28,15.16,2.37,0.92
2018-02-19,1.97,25.33,86.33,23.19,2.08,0.92
2018-02-20,2.98,25.7,83.73,19.5,1.36,0.92
2018-02-21,2.05,25.85,85.03,20.57,1.55,0.91
2018-02-22,16.29,26.22,82.88,22.2,1.56,0.91
2018-02-23,15.2,25.98,86.34,22.88,2.19,0.92
2018-02-24,2.57,25.76,88.37,20.23,2.2,0.92
2018-02-25,1.94,25.81,86.15,20.21,2.36,0.91
2018-02-26,15.06,25.83,85.03,23.25,1.91,0.91
2018-02-27,19.45,26.03,82.86,18.24,1.58,0.92
2018-02-28,1.05,26.06,83.49,19.98,1.37,0.92
2018-03-01,0.54,26.55,80.04,17.78,0.96,0.91
2018-03-02,2.94,25.97,84.35,21.9,1.4,0.9
2018-03-03,2.49,26.39,85.16,19.62,1.59,0.9
2018-03-04,1.46,26.03,86.62,19.22,1.52,0.89
2018-03-05,4.6,25.96,86.99,21.11,1.68,0.89
2018-03-06,2.65,26.35,85.78,22.19,2.0,0.89
2018-03-07,2.45,26.6,83.84,21.69,1.82,0.88
2018-03-08,2.48,26.42,84.36,23.18,1.82,0.87
2018-03-09,4.29,26.2,83.31,20.27,1.52,0.87
2018-03-10,0.89,26.65,81.31,17.8,1.16,0.86
2018-03-11,3.58,26.28,81.52,21.96,1.24,0.85
2018-03-12,0.33,26.4,80.75,20.01,1.21,0.85
2018-03-13,12.97,25.5,87.87,17.18,1.32,0.84
2018-03-14,8.1,25.21,86.8,17.04,1.58,0.85
2018-03-15,2.28,26.06,75.42,19.72,1.01,0.85
2018-03-16,0.87,25.84,76.47,26.13,1.13,0.84
2018-03-17,0.32,26.62,70.67,23.74,0.99,0.83
2018-03-18,0.02,26.05,81.95,22.83,2.29,0.82
2018-03-19,0.1,26.35,79.61,21.57,1.37,0.8
2018-03-20,1.7,26.83,77.24,23.24,1.09,0.8
2018-03-21,3.68,26.27,79.67,18.08,1.32,0.79
2018-03-22,25.04,26.13,84.19,21.26,1.69,0.8
2018-03-23,5.29,25.54,89.1,21.36,2.19,0.82
2018-03-24,3.98,25.93,87.08,23.4,2.1,0.81
2018-03-25,1.26,26.57,81.01,23.22,1.85,0.81
2018-03-26,0.77,26.65,83.69,22.03,2.27,0.79
2018-03-27,0.28,25.97,88.24,23.07,2.36,0.79
2018-03-28,1.46,26.33,85.79,20.23,1.97,0.78
2018-03-29,0.28,26.24,77.77,21.05,1.47,0.77
2018-03-30,0.34,26.27,78.68,20.94,1.1,0.76
2018-03-31,1.31,26.31,79.56,21.27,1.05,0.75
2018-04-01,1.45,25.69,84.24,22.81,1.41,0.74
2018-04-02,0.15,26.55,83.11,22.18,1.62,0.73
2018-04-03,8.29,25.84,88.07,16.84,1.39,0.74
2018-04-04,1.36,27.34,71.96,22.48,0.84,0.73
2018-04-05,0.06,26.49,79.99,22.88,0.84,0.72
2018-04-06,0.01,26.86,74.44,23.79,1.15,0.71
2018-04-07,3.25,26.17,75.44,22.2,1.25,0.7
2018-04-08,0.2,26.1,72.23,24.64,0.98,0.7
2018-04-09,0.04,25.96,78.74,23.59,1.2,0.68
2018-04-10,2.91,26.23,81.53,21.39,1.42,0.67
2018-04-11,3.24,26.01,81.4,21.69,1.48,0.67
2018-04-12,0.06,26.13,81.49,20.95,1.7,0.66
2018-04-13,0.01,26.66,78.78,22.9,1.65,0.65
2018-04-14,0.93,26.69,83.43,22.08,1.94,0.64
2018-04-15,0.1,26.58,83.96,20.72,2.1,0.63
2018-04-16,0.56,26.95,82.21,21.49,2.46,0.62
2018-04-17,0.12,27.08,76.46,20.86,2.5,0.61
2018-04-18,0.43,26.94,74.59,22.79,1.96,0.6
2018-04-19,0.19,26.66,77.88,15.04,1.82,0.59
2018-04-20,3.46,26.3,84.38,19.92,2.39,0.59
2018-04-21,0.94,26.39,82.01,21.04,2.63,0.59
2018-04-22,0.01,26.64,74.6,24.55,3.04,0.58
2018-04-23,0.01,26.4,75.35,24.41,3.02,0.57
2018-04-24,0.04,26.5,75.42,23.97,2.7,0.56
2018-04-25,0.34,26.41,72.65,20.5,2.65,0.56
2018-04-26,0.04,26.41,67.29,19.75,2.58,0.55
2018-04-27,0.05,26.21,68.18,20.62,2.64,0.54
2018-04-28,0.02,26.07,71.53,23.91,2.24,0.54
2018-04-29,0.04,25.82,71.85,22.27,2.42,0.53
2018-04-30,0.0,26.13,66.67,22.78,2.3,0.53
2018-05-01,0.09,26.26,69.78,19.8,2.29,0.52
2018-05-02,6.74,26.2,75.53,22.45,1.99,0.52
2018-05-03,2.32,25.81,77.9,20.7,1.84,0.53
2018-05-04,0.28,26.1,77.31,21.58,2.26,0.52
2018-05-05,0.13,26.58,76.44,22.6,3.09,0.52
2018-05-06,0.03,26.59,70.64,21.13,3.52,0.52
2018-05-07,0.0,26.29,68.15,22.23,2.87,0.51
2018-05-08,0.0,26.08,69.54,20.55,2.51,0.51
2018-05-09,0.0,26.26,71.8,22.11,2.67,0.5
2018-05-10,0.0,26.57,69.28,20.67,2.98,0.5
2018-05-11,0.0,26.58,67.8,19.53,2.85,0.5
2018-05-12,0.01,26.52,67.1,15.19,3.7,0.49
2018-05-13,0.01,26.27,68.5,9.66,3.83,0.49
2018-05-14,0.1,26.38,67.04,14.47,3.5,0.49
2018-05-15,0.18,25.81,71.96,12.41,3.69,0.48
2018-05-16,0.02,25.69,66.03,17.39,3.8,0.48
2018-05-17,0.01,25.19,65.0,18.0,3.77,0.48
2018-05-18,0.02,24.78,65.62,15.18,3.47,0.48
2018-05-19,0.01,25.06,66.71,16.47,3.17,0.47
2018-05-20,0.0,25.41,67.97,13.81,3.39,0.47
2018-05-21,0.02,25.64,75.45,13.21,3.48,0.47
2018-05-22,0.1,25.99,75.28,16.26,3.9,0.47
2018-05-23,0.17,25.91,73.41,10.42,3.94,0.47
2018-05-24,0.03,25.85,77.6,13.3,3.49,0.46
2018-05-25,0.03,25.76,76.72,17.49,3.02,0.46
2018-05-26,0.02,25.68,76.64,18.35,3.04,0.46
2018-05-27,0.04,25.57,76.97,19.56,3.03,0.46
2018-05-28,0.01,25.0,75.49,20.78,2.72,0.46
2018-05-29,0.0,24.89,73.84,20.89,2.8,0.46
2018-05-30,0.0,25.01,72.08,18.5,3.19,0.46
2018-05-31,0.12,25.19,73.45,17.6,3.41,0.45
2018-06-01,1.27,25.35,77.32,13.65,3.36,0.45
2018-06-02,0.49,25.06,75.13,12.24,3.19,0.45
2018-06-03,0.05,24.98,69.38,12.7,3.06,0.45
2018-06-04,0.09,24.72,66.79,18.08,3.21,0.45
2018-06-05,0.0,24.56,69.44,17.16,3.1,0.45
2018-06-06,0.0,24.32,67.68,18.16,2.9,0.45
2018-06-07,0.0,24.06,72.68,20.82,2.95,0.45
2018-06-08,0.04,24.59,77.98,16.26,2.93,0.44
2018-06-09,0.01,25.06,75.15,18.72,3.21,0.44
2018-06-10,0.02,25.31,78.25,13.2,3.0,0.44
2018-06-11,0.05,24.9,76.22,17.35,2.45,0.44
2018-06-12,0.0,24.48,72.6,19.46,2.43,0.44
2018-06-13,0.0,24.48,72.74,19.75,2.14,0.44
2018-06-14,0.05,24.67,76.48,18.88,2.6,0.44
2018-06-15,0.07,24.5,78.62,18.18,3.15,0.44
2018-06-16,0.04,24.8,75.05,19.22,3.69,0.44
2018-06-17,0.04,25.04,70.53,16.49,4.03,0.44
2018-06-18,0.0,25.0,67.73,12.99,3.94,0.43
2018-06-19,0.08,25.23,75.22,15.28,3.54,0.43
2018-06-20,0.03,25.25,73.78,13.04,3.37,0.43
2018-06-21,0.01,25.02,70.98,16.03,2.81,0.43
2018-06-22,0.0,25.05,66.08,17.62,3.43,0.43
2018-06-23,0.0,24.21,64.62,18.22,3.16,0.43
2018-06-24,0.0,24.41,66.02,18.38,3.44,0.43
2018-06-25,0.12,24.23,71.99,16.16,3.17,0.43
2018-06-26,0.01,24.8,70.86,16.2,3.38,0.43
2018-06-27,0.04,24.77,75.17,14.32,3.61,0.43
2018-06-28,0.04,24.82,72.2,16.18,3.76,0.43
2018-06-29,0.0,24.4,68.85,17.31,3.08,0.43
2018-06-30,0.0,24.36,69.58,18.11,2.84,0.43
2018-07-01,0.01,24.55,76.65,15.63,3.16,0.43
2018-07-02,0.16,25.21,78.19,8.98,3.7,0.43
2018-07-03,0.07,25.45,73.86,17.74,3.51,0.43
2018-07-04,0.01,24.94,70.72,18.9,3.08,0.43
2018-07-05,0.0,24.37,65.64,18.52,2.38,0.43
2018-07-06,0.0,23.95,66.89,18.52,2.34,0.43
2018-07-07,0.0,24.31,70.17,20.04,2.33,0.43
2018-07-08,0.14,23.96,76.24,17.46,3.4,0.43
2018-07-09,0.02,24.05,64.73,18.94,3.23,0.43
2018-07-10,0.06,24.15,73.59,17.1,3.73,0.43
2018-07-11,0.01,24.29,70.97,18.39,3.08,0.43
2018-07-12,0.0,24.25,64.22,21.12,2.73,0.43
2018-07-13,0.0,23.5,61.77,21.25,2.59,0.43
2018-07-14,0.0,23.69,64.24,21.05,2.31,0.43
2018-07-15,0.0,23.84,68.75,19.38,2.13,0.43
2018-07-16,0.0,24.02,66.51,20.24,2.3,0.43
2018-07-17,0.0,24.19,70.83,20.25,2.75,0.43
2018-07-18,0.02,24.81,71.1,21.09,2.56,0.43
2018-07-19,0.08,24.86,77.55,10.32,2.77,0.43
2018-07-20,0.11,25.41,75.48,13.77,3.06,0.43
2018-07-21,0.14,25.23,78.42,18.91,3.6,0.43
2018-07-22,0.03,24.58,75.59,19.52,3.24,0.43
2018-07-23,0.0,23.93,65.44,22.22,2.58,0.43
2018-07-24,0.0,23.69,59.97,22.17,2.45,0.43
2018-07-25,0.0,24.06,71.24,19.25,2.63,0.43
2018-07-26,0.01,24.72,73.19,19.78,2.69,0.43
2018-07-27,0.02,24.51,74.08,19.98,2.44,0.43
2018-07-28,0.01,24.77,71.8,16.99,2.35,0.43
2018-07-29,0.0,24.69,69.48,19.8,2.66,0.43
2018-07-30,0.01,24.74,71.14,20.78,2.93,0.43
2018-07-31,0.06,24.86,73.97,20.69,2.86,0.43
2018-08-01,0.04,24.83,71.01,21.31,2.61,0.43
2018-08-02,1.2,24.32,71.94,20.13,1.87,0.43
2018-08-03,4.61,23.38,80.68,17.16,2.07,0.43
2018-08-04,2.93,23.55,78.66,17.13,2.22,0.44
2018-08-05,1.35,24.08,75.93,16.78,2.34,0.44
2018-08-06,0.3,24.3,73.63,16.5,2.41,0.44
2018-08-07,0.0,24.84,68.07,17.7,3.09,0.44
2018-08-08,0.16,24.61,68.74,15.29,2.79,0.43
2018-08-09,0.0,24.76,70.72,22.03,3.18,0.43
2018-08-10,0.0,24.86,72.34,18.7,2.48,0.43
2018-08-11,0.03,24.34,74.4,18.93,2.56,0.43
2018-08-12,0.0,23.88,68.28,22.88,2.93,0.43
2018-08-13,0.07,23.86,71.53,18.47,3.74,0.43
2018-08-14,1.24,24.09,67.88,15.2,3.99,0.43
2018-08-15,0.74,23.67,68.22,18.77,3.13,0.43
2018-08-16,0.07,23.83,66.24,18.63,2.83,0.43
2018-08-17,0.5,24.3,73.48,19.87,2.72,0.43
2018-08-18,0.06,24.55,70.06,22.39,2.83,0.43
2018-08-19,0.0,24.85,68.67,23.19,2.82,0.43
2018-08-20,0.07,24.42,72.74,21.5,3.72,0.43
2018-08-21,0.31,24.55,69.64,19.43,3.11,0.43
2018-08-22,0.11,24.52,72.54,18.7,2.82,0.43
2018-08-23,0.01,24.69,68.71,20.42,2.44,0.43
2018-08-24,0.0,25.15,63.25,20.6,2.21,0.43
2018-08-25,0.01,25.23,65.94,19.95,2.12,0.43
2018-08-26,0.11,25.36,66.92,20.91,2.37,0.43
2018-08-27,0.12,25.85,67.66,22.96,2.36,0.43
2018-08-28,0.01,25.53,69.13,21.13,2.69,0.43
2018-08-29,0.0,25.7,65.25,20.01,2.28,0.43
2018-08-30,0.0,25.31,65.86,18.36,1.96,0.43
2018-08-31,0.0,25.31,67.2,20.54,2.32,0.43
2018-09-01,0.0,25.08,67.85,23.86,2.11,0.43
2018-09-02,0.0,24.93,70.62,22.36,1.87,0.43
2018-09-03,0.0,25.42,69.94,20.79,1.71,0.43
2018-09-04,0.0,25.51,69.84,22.39,1.97,0.43
2018-09-05,0.01,25.44,68.91,24.71,2.36,0.43
2018-09-06,0.0,25.08,68.52,25.36,2.4,0.43
2018-09-07,0.0,25.6,60.17,25.38,1.74,0.43
2018-09-08,0.0,25.73,63.14,25.38,2.0,0.42
2018-09-09,0.0,25.66,68.45,25.61,2.98,0.42
2018-09-10,0.0,25.28,72.47,23.8,2.55,0.42
2018-09-11,0.02,25.98,64.44,25.84,1.61,0.42
2018-09-12,0.0,25.91,59.78,25.2,1.3,0.42
2018-09-13,0.1,24.74,64.4,25.32,2.25,0.42
2018-09-14,0.08,24.84,68.34,23.79,2.54,0.42
2018-09-15,0.01,25.38,70.2,24.22,2.11,0.42
2018-09-16,0.0,26.04,66.33,25.19,2.46,0.42
2018-09-17,0.04,25.97,71.59,24.44,2.94,0.42
2018-09-18,0.0,25.66,70.45,26.16,2.77,0.42
2018-09-19,0.0,26.05,62.63,26.41,2.35,0.42
2018-09-20,0.0,26.49,55.51,24.19,2.2,0.42
2018-09-21,0.0,25.6,66.57,23.58,2.93,0.42
2018-09-22,0.0,26.1,65.85,25.48,2.57,0.42
2018-09-23,0.01,25.93,71.68,25.24,2.72,0.42
2018-09-24,0.01,25.74,70.11,26.72,2.49,0.42
2018-09-25,0.0,26.12,67.89,25.42,2.31,0.42
2018-09-26,0.17,25.8,70.41,24.04,2.3,0.42
2018-09-27,0.01,25.7,69.16,25.64,2.79,0.42
2018-09-28,0.0,25.78,71.54,26.38,3.03,0.42
2018-09-29,0.0,25.64,72.93,24.85,3.48,0.42
2018-09-30,0.0,25.45,72.61,27.24,3.6,0.42
2018-10-01,0.0,25.83,66.28,27.34,3.47,0.42
2018-10-02,0.01,25.6,63.25,25.88,3.09,0.42
2018-10-03,0.04,25.51,69.19,22.25,2.96,0.42
2018-10-04,0.02,26.4,66.66,23.76,2.54,0.42
2018-10-05,0.04,26.61,70.56,25.38,2.71,0.42
2018-10-06,0.0,26.51,65.23,26.44,2.33,0.42
2018-10-07,0.0,26.52,62.63,27.05,2.0,0.42
2018-10-08,0.0,26.52,58.77,27.61,1.94,0.42
2018-10-09,0.0,26.28,65.01,26.86,2.57,0.42
2018-10-10,0.0,26.37,64.96,26.82,2.55,0.42
2018-10-11,0.0,26.02,65.77,26.98,2.67,0.42
2018-10-12,0.0,26.9,67.35,27.32,2.43,0.42
2018-10-13,0.0,27.25,61.58,26.98,1.88,0.42
2018-10-14,0.1,27.85,60.04,26.67,1.88,0.42
2018-10-15,0.08,27.1,68.23,26.63,2.6,0.42
2018-10-16,0.03,27.27,64.83,26.83,2.27,0.42
2018-10-17,0.06,27.7,64.4,23.11,1.74,0.42
2018-10-18,0.03,27.42,65.07,22.3,1.63,0.42
2018-10-19,0.03,27.12,67.02,26.03,1.8,0.42
2018-10-20,0.12,27.49,64.41,25.35,1.59,0.42
2018-10-21,0.31,27.82,66.84,21.57,1.76,0.42
2018-10-22,0.29,28.22,66.32,23.64,1.87,0.42
2018-10-23,0.01,28.58,61.19,23.33,1.7,0.42
2018-10-24,0.01,28.53,61.75,24.33,1.7,0.42
2018-10-25,0.01,28.43,63.73,23.58,1.95,0.42
2018-10-26,0.0,28.05,64.27,24.18,1.7,0.42
2018-10-27,0.0,27.35,69.13,25.88,2.19,0.42
2018-10-28,0.0,27.42,66.38,27.61,3.02,0.42
2018-10-29,0.02,27.48,65.48,27.8,2.47,0.42
2018-10-30,0.2,27.47,65.94,26.4,1.84,0.42
2018-10-31,9.11,28.21,68.16,24.91,2.23,0.43
2018-11-01,6.13,27.65,71.19,25.95,2.21,0.44
2018-11-02,0.94,27.54,74.85,24.25,2.31,0.45
2018-11-03,0.5,28.0,73.14,24.53,2.5,0.45
2018-11-04,0.11,27.77,72.36,24.38,2.97,0.45
2018-11-05,0.1,28.08,65.6,24.79,2.4,0.44
2018-11-06,0.16,28.05,65.32,27.63,2.11,0.44
2018-11-07,0.07,28.39,64.89,24.59,1.75,0.44
2018-11-08,0.05,28.92,61.04,25.66,2.01,0.43
2018-11-09,0.06,28.51,65.22,26.55,2.2,0.43
2018-11-10,2.3,28.76,61.36,21.37,1.62,0.43
2018-11-11,11.93,28.34,69.4,23.9,1.73,0.44
2018-11-12,10.81,27.96,72.95,24.2,1.78,0.46
2018-11-13,2.22,28.3,70.21,24.1,1.78,0.47
2018-11-14,4.83,28.51,68.5,24.0,1.78,0.47
2018-11-15,0.69,28.38,68.93,24.99,2.27,0.47
2018-11-16,2.17,28.62,69.2,24.51,1.94,0.47
2018-11-17,0.78,28.77,68.37,21.92,1.74,0.47
2018-11-18,3.14,28.5,67.69,21.44,1.47,0.47
2018-11-19,7.53,28.27,70.62,17.98,1.6,0.47
2018-11-20,43.0,27.6,75.93,19.39,1.58,0.51
2018-11-21,13.62,26.76,80.42,20.29,2.02,0.58
2018-11-22,3.04,26.67,81.3,18.44,2.2,0.57
2018-11-23,6.09,26.82,81.46,17.26,2.06,0.57
2018-11-24,8.29,26.45,82.28,20.22,1.62,0.58
2018-11-25,18.59,26.14,85.61,15.83,1.33,0.59
2018-11-26,20.34,25.94,82.7,18.0,1.47,0.64
2018-11-27,4.34,26.13,83.81,14.59,1.81,0.64
2018-11-28,5.02,26.28,85.28,15.22,1.87,0.64
2018-11-29,10.12,26.02,86.39,13.84,1.69,0.65
2018-11-30,1.42,26.08,84.01,15.53,1.63,0.64
2018-12-01,22.46,25.52,85.84,18.81,1.44,0.65
2018-12-02,15.92,26.71,81.17,21.78,1.63,0.69
2018-12-03,5.85,26.79,81.51,24.12,1.63,0.69
2018-12-04,0.79,27.28,80.64,21.62,1.68,0.68
2018-12-05,1.33,27.59,78.14,24.43,1.52,0.67
2018-12-06,7.9,27.05,82.25,19.56,1.65,0.67
2018-12-07,5.43,27.03,83.93,24.75,2.12,0.67
2018-12-08,0.3,27.95,80.33,22.3,1.85,0.67
2018-12-09,0.2,27.34,83.62,19.97,2.26,0.66
2018-12-10,5.88,27.13,83.59,22.56,1.96,0.66
2018-12-11,2.14,27.53,83.05,23.26,2.1,0.66
2018-12-12,0.71,27.22,81.84,23.82,1.84,0.65
2018-12-13,1.78,27.13,85.03,19.62,2.71,0.65
2018-12-14,1.67,26.77,86.84,13.55,2.86,0.64
2018-12-15,0.48,27.07,84.55,19.36,3.06,0.64
2018-12-16,0.14,26.91,82.18,19.35,3.35,0.63
2018-12-17,0.17,27.09,78.27,22.69,3.18,0.62
2018-12-18,0.1,27.02,80.8,23.39,3.07,0.61
2018-12-19,0.24,26.78,79.47,23.13,2.87,0.61
2018-12-20,0.11,26.71,78.22,23.82,3.62,0.6
2018-12-21,0.11,26.94,75.77,22.62,3.85,0.59
2018-12-22,59.0,26.1,84.91,18.17,3.11,0.62
2018-12-23,61.35,25.99,89.31,17.66,1.93,0.74
2018-12-24,4.16,26.32,86.72,21.68,1.48,0.74
2018-12-25,5.12,26.86,85.59,23.04,1.81,0.74
2018-12-26,16.25,25.64,88.27,6.52,2.01,0.74
2018-12-27,19.63,24.91,91.5,9.03,3.35,0.77
2018-12-28,14.04,25.42,93.15,10.3,4.25,0.79
2018-12-29,3.77,25.33,90.88,10.48,2.55,0.79
2018-12-30,3.35,26.32,85.24,16.25,1.45,0.79
2018-12-31,3.09,26.4,82.41,19.94,1.78,0.79
2019-01-01,8.74,25.67,85.36,17.26,2.08,0.79
2019-01-02,4.04,25.88,83.37,19.15,2.22,0.79
2019-01-03,2.06,26.31,84.56,14.45,2.89,0.79
2019-01-04,0.42,26.15,84.62,18.06,2.51,0.78
2019-01-05,13.67,26.0,85.94,13.01,2.49,0.78
2019-01-06,9.79,25.67,87.55,19.39,2.42,0.79
2019-01-07,9.57,25.87,88.52,23.15,2.13,0.79
2019-01-08,5.8,26.81,84.5,25.05,1.9,0.8
2019-01-09,0.21,27.14,81.55,22.97,1.81,0.79
2019-01-10,2.13,26.83,80.91,21.57,1.91,0.78
2019-01-11,1.64,26.74,82.41,23.18,1.9,0.77
2019-01-12,6.33,26.69,84.82,24.6,2.02,0.77
2019-01-13,10.06,25.83,88.63,18.14,1.74,0.78
2019-01-14,0.92,26.34,80.31,18.31,1.71,0.77
2019-01-15,8.05,26.68,78.33,21.34,0.93,0.77
2019-01-16,10.06,27.14,76.83,18.71,0.78,0.77
2019-01-17,29.8,26.77,80.85,13.48,1.06,0.79
2019-01-18,5.3,25.53,87.95,16.92,1.85,0.82
2019-01-19,4.52,25.59,85.77,19.22,1.67,0.81
2019-01-20,18.61,25.61,88.09,15.4,1.29,0.82
2019-01-21,17.85,26.18,83.67,4.33,1.42,0.84
2019-01-22,26.58,25.51,88.65,18.47,2.44,0.86
2019-01-23,32.99,25.49,89.24,9.59,3.39,0.89
2019-01-24,11.84,25.91,88.07,15.13,3.69,0.9
2019-01-25,42.28,25.69,88.18,11.67,3.29,0.91
2019-01-26,13.26,25.85,86.11,17.23,2.28,0.93
2019-01-27,5.42,26.1,86.37,16.5,2.27,0.92
2019-01-28,23.0,25.96,87.42,14.17,2.48,0.92
2019-01-29,41.72,25.2,89.4,13.55,3.05,0.94
2019-01-30,22.0,25.65,87.19,21.72,3.22,0.96
2019-01-31,35.32,25.75,88.9,16.94,3.13,0.97
2019-02-01,18.98,25.77,88.71,14.35,3.3,0.97
2019-02-02,10.79,25.69,88.26,19.83,3.01,0.97
2019-02-03,3.56,26.08,87.83,19.05,3.09,0.96
2019-02-04,8.13,26.12,88.49,19.34,3.24,0.96
2019-02-05,11.77,26.15,89.17,19.28,3.06,0.95
2019-02-06,7.01,26.17,87.69,18.76,2.77,0.95
2019-02-07,4.94,26.01,86.28,20.9,2.32,0.95
2019-02-08,3.95,26.1,86.35,22.04,2.31,0.94
2019-02-09,1.98,25.98,87.85,19.67,2.18,0.93
2019-02-10,11.18,26.28,85.62,19.39,2.06,0.93
2019-02-11,5.55,26.24,84.7,17.93,1.99,0.93
2019-02-12,4.98,26.14,83.16,19.4,1.98,0.92
2019-02-13,4.18,26.21,85.43,19.34,2.14,0.92
2019-02-14,0.74,25.97,85.86,21.72,2.33,0.91
2019-02-15,5.07,25.82,86.61,24.11,1.77,0.9
2019-02-16,6.7,26.36,83.88,24.45,1.27,0.9
2019-02-17,9.64,26.94,81.31,22.71,0.99,0.9
2019-02-18,1.19,26.4,84.54,19.55,1.17,0.9
2019-02-19,2.41,27.05,79.86,19.59,0.99,0.89
2019-02-20,0.31,26.59,81.51,21.56,1.19,0.89
2019-02-21,7.61,26.11,85.21,24.23,1.67,0.88
2019-02-22,4.78,25.85,88.37,24.37,1.82,0.88
2019-02-23,4.18,26.53,82.63,24.05,1.39,0.88
2019-02-24,3.66,26.97,81.8,23.96,1.23,0.88
2019-02-25,0.53,26.33,84.52,23.32,1.4,0.87
2019-02-26,3.31,26.62,81.31,21.91,1.16,0.86
2019-02-27,0.52,26.51,82.78,24.53,1.86,0.86
2019-02-28,0.37,26.09,82.07,22.52,1.48,0.85
2019-03-01,6.42,26.33,85.25,20.97,2.01,0.84
2019-03-02,21.82,26.13,86.05,20.08,1.45,0.86
2019-03-03,1.19,26.22,84.41,22.51,1.74,0.86
2019-03-04,0.1,26.28,83.05,22.74,1.48,0.85
2019-03-05,0.54,25.91,86.6,20.74,1.64,0.84
2019-03-06,8.11,26.58,81.88,20.68,1.35,0.84
2019-03-07,6.26,26.01,83.04,18.31,1.12,0.84
2019-03-08,44.54,26.36,81.53,9.21,1.17,0.88
2019-03-09,1.7,26.27,81.97,22.29,1.36,0.87
2019-03-10,15.55,25.27,86.27,13.35,1.2,0.88
2019-03-11,3.74,25.93,81.66,17.6,1.37,0.88
2019-03-12,2.51,26.12,84.67,18.59,1.27,0.87
2019-03-13,4.6,25.1,89.55,18.56,1.96,0.87
2019-03-14,3.78,26.55,78.19,15.88,0.79,0.87
2019-03-15,4.67,26.06,83.08,16.5,1.64,0.87
2019-03-16,30.34,25.83,84.09,15.68,1.6,0.88
2019-03-17,18.45,25.6,86.38,13.68,2.11,0.9
2019-03-18,6.67,25.75,84.52,16.69,2.25,0.9
2019-03-19,1.32,26.25,82.45,19.77,1.88,0.89
2019-03-20,0.16,26.22,83.11,22.87,1.52,0.89
2019-03-21,0.04,26.78,81.09,23.29,1.71,0.88
2019-03-22,0.08,26.69,82.44,23.47,2.15,0.87
2019-03-23,0.56,26.47,83.35,22.39,2.22,0.86
2019-03-24,1.42,26.68,83.18,20.76,1.89,0.85
2019-03-25,0.59,26.6,83.57,18.55,1.39,0.85
2019-03-26,0.25,26.28,82.46,20.79,1.12,0.84
2019-03-27,19.96,25.71,87.34,11.54,1.41,0.85
2019-03-28,12.77,26.07,84.61,18.16,1.34,0.87
2019-03-29,0.6,25.97,86.4,21.64,2.13,0.86
2019-03-30,9.59,26.23,84.36,20.73,1.5,0.85
2019-03-31,4.77,26.29,78.83,19.14,1.13,0.86
2019-04-01,0.15,26.07,78.58,18.27,1.12,0.84
2019-04-02,0.13,25.56,83.08,18.8,1.15,0.83
2019-04-03,0.03,26.1,76.9,16.91,1.0,0.82
2019-04-04,0.01,25.31,79.04,16.52,1.32,0.81
2019-04-05,4.65,24.98,83.68,17.86,2.12,0.81
2019-04-06,9.72,25.19,88.03,16.08,4.19,0.81
2019-04-07,4.13,26.18,81.96,22.13,1.54,0.81
2019-04-08,0.05,26.64,78.68,22.17,0.93,0.8
2019-04-09,0.11,26.33,80.61,22.47,1.05,0.79
2019-04-10,1.09,26.07,84.69,11.26,0.91,0.78
2019-04-11,3.04,25.46,89.36,18.73,1.67,0.78
2019-04-12,1.19,25.93,89.19,13.99,2.6,0.78
2019-04-13,1.13,25.8,84.68,18.33,2.57,0.77
2019-04-14,0.3,25.14,84.26,21.72,1.84,0.76
2019-04-15,0.09,24.98,83.25,23.22,2.16,0.74
2019-04-16,0.08,24.99,82.18,25.35,2.2,0.73
2019-04-17,0.02,25.1,83.89,23.31,2.24,0.72
2019-04-18,0.05,25.39,83.06,22.55,2.23,0.71
2019-04-19,0.01,25.19,83.34,25.1,2.65,0.7
2019-04-20,0.01,25.19,84.79,19.41,2.43,0.68
2019-04-21,0.01,25.38,83.8,23.65,2.34,0.67
2019-04-22,0.01,25.23,83.26,24.63,2.57,0.66
2019-04-23,0.0,25.64,82.65,23.83,2.99,0.65
2019-04-24,0.0,25.74,81.62,22.98,3.02,0.64
2019-04-25,0.04,25.83,82.03,22.22,2.63,0.63
2019-04-26,0.14,25.9,81.71,21.74,2.85,0.62
2019-04-27,1.89,25.53,81.63,21.73,2.74,0.61
2019-04-28,3.98,24.81,84.99,13.49,3.24,0.61
2019-04-29,0.74,25.19,80.68,12.4,3.1,0.61
2019-04-30,3.97,26.0,83.18,15.75,1.95,0.6
2019-05-01,3.89,26.07,80.52,16.19,1.38,0.61
2019-05-02,3.54,25.97,80.86,17.15,1.34,0.6
2019-05-03,3.04,25.34,89.35,17.36,1.97,0.6
2019-05-04,0.99,24.99,88.09,11.92,2.44,0.6
2019-05-05,1.8,24.81,87.91,18.07,2.3,0.6
2019-05-06,0.13,25.52,78.84,17.5,2.3,0.59
2019-05-07,0.0,25.4,77.34,17.25,2.42,0.59
2019-05-08,0.01,25.7,77.98,10.14,2.59,0.58
2019-05-09,0.05,25.69,77.1,18.8,2.72,0.57
2019-05-10,0.19,25.21,69.64,15.01,3.08,0.56
2019-05-11,0.32,24.42,78.81,11.35,3.45,0.56
2019-05-12,0.08,24.14,79.57,13.29,3.47,0.55
2019-05-13,0.02,24.81,77.92,19.56,2.62,0.55
2019-05-14,0.0,24.95,76.56,21.65,2.46,0.54
2019-05-15,0.0,25.01,78.91,22.4,2.34,0.54
2019-05-16,0.0,24.82,71.39,22.64,1.86,0.54
2019-05-17,0.0,24.92,71.96,21.44,1.52,0.53
2019-05-18,0.0,25.23,75.62,20.83,1.91,0.53
2019-05-19,0.01,25.89,80.42,17.52,2.31,0.52
2019-05-20,0.05,26.1,82.31,16.76,2.97,0.52
2019-05-21,0.29,25.85,81.23,14.57,3.37,0.51
2019-05-22,0.02,25.67,78.81,18.43,3.54,0.51
2019-05-23,0.0,25.36,76.37,21.66,3.01,0.51
2019-05-24,0.01,25.21,76.13,19.27,3.05,0.51
2019-05-25,0.0,25.66,73.5,18.69,2.73,0.5
2019-05-26,0.06,25.69,75.33,18.52,2.74,0.5
2019-05-27,0.03,25.43,76.18,18.3,3.13,0.5
2019-05-28,0.01,25.31,71.58,19.02,3.22,0.49
2019-05-29,0.06,25.13,70.71,17.48,3.35,0.49
2019-05-30,0.08,25.06,70.55,17.5,3.44,0.49
2019-05-31,0.01,25.0,72.19,10.88,3.98,0.49
2019-06-01,0.01,24.87,67.6,14.42,3.94,0.48
2019-06-02,0.1,24.91,73.3,12.49,4.3,0.48
2019-06-03,0.07,24.69,69.82,11.3,4.06,0.48
2019-06-04,0.01,24.3,74.01,11.33,3.95,0.48
2019-06-05,0.0,24.19,69.58,13.82,3.89,0.48
2019-06-06,0.0,24.17,69.87,14.41,3.99,0.47
2019-06-07,0.04,24.22,75.71,12.89,3.85,0.47
2019-06-08,0.0,24.58,76.79,13.69,3.33,0.47
2019-06-09,0.22,25.0,80.91,12.51,2.94,0.47
2019-06-10,0.06,25.1,81.52,17.33,2.93,0.47
2019-06-11,0.24,25.37,80.17,14.43,2.58,0.47
2019-06-12,0.21,25.41,82.32,13.18,2.94,0.46
2019-06-13,0.63,25.28,80.97,12.65,3.02,0.46
2019-06-14,0.03,24.43,79.24,19.93,2.83,0.46
2019-06-15,0.0,23.97,78.14,20.91,2.59,0.46
2019-06-16,0.0,23.82,75.89,21.51,2.59,0.46
2019-06-17,0.01,23.75,77.6,20.48,2.57,0.46
2019-06-18,0.04,23.93,74.45,21.08,3.02,0.46
2019-06-19,0.01,24.28,70.29,19.46,3.06,0.45
2019-06-20,0.0,23.79,65.06,18.94,3.23,0.45
2019-06-21,0.04,23.9,72.83,17.52,3.3,0.45
2019-06-22,0.03,23.74,71.06,15.2,3.1,0.45
2019-06-23,0.0,23.57,73.45,16.5,3.14,0.45
2019-06-24,0.0,23.44,69.97,19.54,3.09,0.45
2019-06-25,0.0,22.85,66.55,20.93,3.03,0.45
2019-06-26,0.0,22.79,67.3,20.18,3.0,0.45
2019-06-27,0.0,22.51,67.17,20.0,2.83,0.44
2019-06-28,0.0,22.15,66.76,21.23,2.38,0.44
2019-06-29,0.0,22.66,70.57,19.69,2.77,0.44
2019-06-30,0.0,23.96,75.04,14.56,2.84,0.44
2019-07-01,0.12,24.59,80.12,9.66,2.84,0.44
2019-07-02,0.12,24.5,78.3,17.8,3.06,0.44
2019-07-03,0.03,24.02,74.02,18.89,3.22,0.44
2019-07-04,0.0,22.93,72.94,21.37,3.08,0.44
2019-07-05,0.0,22.74,69.05,21.73,2.6,0.44
2019-07-06,0.0,22.24,66.8,21.78,2.68,0.44
2019-07-07,0.0,22.63,69.11,19.26,3.21,0.43
2019-07-08,0.0,23.62,71.2,19.15,3.1,0.43
2019-07-09,0.0,24.01,68.83,18.19,2.59,0.43
2019-07-10,0.0,24.12,68.39,20.84,2.55,0.43
2019-07-11,0.0,23.65,73.3,18.96,2.65,0.43
2019-07-12,0.0,23.52,68.8,21.16,2.89,0.43
2019-07-13,0.64,23.39,73.76,20.56,2.99,0.43
2019-07-14,0.02,23.67,71.26,19.48,3.37,0.43
2019-07-15,0.07,23.66,66.36,17.53,3.5,0.43
2019-07-16,0.06,23.74,68.35,12.37,2.99,0.43
2019-07-17,0.0,24.2,64.64,19.07,3.14,0.43
2019-07-18,0.1,23.93,70.35,20.82,3.3,0.43
2019-07-19,0.01,23.82,74.1,20.79,3.45,0.43
2019-07-20,0.04,23.43,76.09,22.24,2.97,0.43
2019-07-21,0.01,23.12,77.56,21.84,2.77,0.43
2019-07-22,0.0,23.18,73.26,22.36,2.43,0.43
2019-07-23,0.0,23.01,76.01,21.78,2.77,0.43
2019-07-24,0.0,23.02,74.26,20.41,3.06,0.43
2019-07-25,0.0,23.47,63.21,21.36,2.5,0.43
2019-07-26,0.0,24.15,66.25,21.0,2.2,0.43
2019-07-27,0.01,23.91,75.3,19.98,2.9,0.43
2019-07-28,0.02,23.77,72.21,22.45,2.85,0.43
2019-07-29,0.01,23.34,76.1,20.37,2.6,0.43
2019-07-30,0.0,23.07,77.74,19.25,2.47,0.43
2019-07-31,0.0,23.43,76.08,22.15,2.58,0.43
2019-08-01,0.01,23.46,74.25,22.42,3.2,0.43
2019-08-02,0.04,23.36,70.02,20.06,3.48,0.43
2019-08-03,0.0,22.66,62.73,19.06,3.24,0.43
2019-08-04,0.01,23.1,65.51,20.71,3.31,0.43
2019-08-05,0.02,23.61,71.8,20.1,2.88,0.43
2019-08-06,0.0,24.07,69.05,21.11,2.46,0.43
2019-08-07,0.0,24.3,71.67,20.44,2.15,0.43
2019-08-08,0.0,24.73,67.08,21.68,2.03,0.43
2019-08-09,0.0,25.02,63.22,22.15,1.94,0.43
2019-08-10,0.07,24.86,71.5,20.85,2.4,0.43
2019-08-11,0.7,24.79,76.66,18.75,3.3,0.43
2019-08-12,0.05,24.63,69.1,22.09,3.31,0.43
2019-08-13,0.0,24.18,66.51,23.3,3.51,0.43
2019-08-14,0.0,23.79,60.52,23.79,3.03,0.43
2019-08-15,0.0,23.88,66.97,23.71,2.61,0.43
2019-08-16,0.0,24.0,71.75,23.61,2.48,0.43
2019-08-17,0.01,24.2,73.72,22.66,2.4,0.43
2019-08-18,0.0,24.4,72.74,20.83,2.16,0.43
2019-08-19,0.0,24.84,69.02,19.8,1.83,0.43
2019-08-20,0.11,23.76,74.75,15.4,2.85,0.42
2019-08-21,0.0,23.92,66.93,19.51,3.43,0.42
2019-08-22,0.0,23.91,66.35,20.95,3.31,0.42
2019-08-23,0.01,24.41,68.21,22.98,2.9,0.42
2019-08-24,0.02,24.3,71.37,23.16,2.81,0.42
2019-08-25,0.03,23.46,69.7,24.87,2.61,0.42
2019-08-26,0.0,23.55,69.99,24.93,2.65,0.42
2019-08-27,0.01,23.38,73.91,24.08,3.23,0.42
2019-08-28,0.0,23.26,75.39,23.95,3.16,0.42
2019-08-29,0.0,23.04,72.01,24.95,2.64,0.42
2019-08-30,0.0,23.19,63.88,25.16,2.83,0.42
2019-08-31,0.0,23.43,61.74,24.63,2.68,0.42
2019-09-01,0.0,23.69,65.73,25.33,2.88,0.42
2019-09-02,0.0,23.16,72.22,25.8,3.18,0.42
2019-09-03,0.0,23.26,71.73,25.16,3.21,0.42
2019-09-04,0.0,23.86,68.85,24.57,2.97,0.42
2019-09-05,0.0,24.22,69.05,23.26,2.92,0.42
2019-09-06,0.0,24.23,67.12,25.25,2.85,0.42
2019-09-07,0.0,24.17,71.19,25.71,2.96,0.42
2019-09-08,0.05,23.62,74.76,26.22,3.17,0.42
2019-09-09,0.0,23.68,71.86,26.22,2.57,0.42
2019-09-10,0.0,24.03,71.89,25.63,2.33,0.42
2019-09-11,0.0,23.57,64.67,24.22,3.14,0.42
2019-09-12,0.0,23.34,66.05,25.89,3.48,0.42
2019-09-13,0.0,23.53,69.08,26.0,3.48,0.42
2019-09-14,0.0,23.83,68.36,24.93,3.11,0.42
2019-09-15,0.0,23.78,72.08,25.2,3.09,0.42
2019-09-16,0.0,24.18,69.33,25.04,3.13,0.42
2019-09-17,0.01,24.7,70.26,23.37,2.9,0.42
2019-09-18,0.0,24.23,73.61,22.86,2.99,0.42
2019-09-19,0.0,24.17,67.01,24.79,2.48,0.42
2019-09-20,0.0,24.43,65.07,26.38,2.48,0.42
2019-09-21,0.0,24.82,62.58,26.47,2.46,0.42
2019-09-22,0.0,25.21,66.77,25.97,2.88,0.42
2019-09-23,0.02,25.23,76.17,21.99,3.16,0.42
2019-09-24,0.13,25.06,77.77,19.57,3.26,0.42
2019-09-25,0.04,25.51,74.1,22.73,2.49,0.42
2019-09-26,0.01,25.12,72.9,23.75,2.87,0.42
2019-09-27,0.01,24.65,76.21,24.63,2.84,0.42
2019-09-28,0.0,24.84,72.62,27.11,2.43,0.42
2019-09-29,0.0,25.55,68.96,27.33,2.71,0.42
2019-09-30,0.0,25.23,72.22,26.39,2.57,0.42
2019-10-01,0.0,25.64,70.19,26.39,2.65,0.42
2019-10-02,0.03,25.39,76.21,27.37,2.87,0.42
2019-10-03,0.01,25.56,71.86,27.24,2.67,0.42
2019-10-04,0.0,24.98,73.26,25.99,2.9,0.42
2019-10-05,0.0,25.06,72.25,27.24,2.97,0.42
2019-10-06,0.0,24.76,71.97,27.48,2.76,0.42
2019-10-07,0.0,25.53,69.91,26.83,2.47,0.42
2019-10-08,0.0,25.72,67.94,27.26,2.4,0.42
2019-10-09,0.0,25.55,71.06,26.93,2.52,0.42
2019-10-10,0.0,25.99,67.22,27.47,2.2,0.42
2019-10-11,0.02,26.47,59.46,27.76,1.87,0.42
2019-10-12,0.0,26.67,56.11,27.19,1.88,0.42
2019-10-13,0.0,26.66,58.38,27.7,2.01,0.42
2019-10-14,0.0,26.34,57.36,28.25,2.4,0.42
2019-10-15,0.0,26.12,61.1,27.52,2.44,0.42
2019-10-16,0.0,26.52,64.55,26.2,2.23,0.42
2019-10-17,0.0,26.68,58.71,27.25,2.18,0.42
2019-10-18,0.0,26.57,66.06,27.24,2.51,0.42
2019-10-19,0.0,26.19,70.21,27.08,2.96,0.42
2019-10-20,0.0,26.15,69.42,27.6,2.84,0.42
2019-10-21,0.0,26.08,70.87,27.54,2.56,0.42
2019-10-22,0.0,26.31,66.9,27.97,2.7,0.42
2019-10-23,0.0,25.66,72.91,27.76,2.93,0.42
2019-10-24,0.0,26.21,68.83,27.81,2.77,0.42
2019-10-25,0.0,26.33,67.43,26.53,2.48,0.42
2019-10-26,0.0,27.06,62.45,25.71,1.86,0.42
2019-10-27,0.01,27.67,60.16,26.2,1.46,0.42
2019-10-28,1.17,26.93,70.4,23.76,2.18,0.42
2019-10-29,0.88,26.8,69.65,23.58,2.8,0.42
2019-10-30,0.13,27.14,63.6,26.98,2.6,0.43
2019-10-31,0.01,27.43,64.38,26.81,2.2,0.42
2019-11-01,0.15,27.69,66.12,23.27,1.72,0.42
2019-11-02,0.03,28.01,63.14,22.89,1.57,0.42
2019-11-03,0.0,27.92,62.72,25.96,1.73,0.42
2019-11-04,0.0,27.74,60.5,24.33,1.63,0.42
2019-11-05,0.02,27.54,62.83,25.99,1.9,0.42
2019-11-06,0.03,28.09,65.6,24.77,2.04,0.42
2019-11-07,0.21,28.41,65.72,24.12,1.88,0.42
2019-11-08,0.15,27.97,67.25,25.82,2.29,0.42
2019-11-09,0.08,28.45,62.38,20.28,1.95,0.42
2019-11-10,0.02,28.36,58.38,25.09,2.15,0.42
2019-11-11,0.42,28.21,63.59,27.32,2.1,0.42
2019-11-12,0.04,29.01,59.83,26.54,1.89,0.42
2019-11-13,0.0,28.86,53.65,28.06,1.62,0.42
2019-11-14,0.0,29.06,49.35,28.34,1.69,0.42
2019-11-15,0.0,28.89,52.99,27.07,1.89,0.42
2019-11-16,0.0,28.44,57.89,28.2,2.23,0.42
2019-11-17,0.01,28.01,60.59,27.86,2.15,0.42
2019-11-18,0.0,28.39,58.95,28.46,2.23,0.42
2019-11-19,0.0,28.68,59.83,27.47,2.23,0.42
2019-11-20,0.0,28.44,64.17,24.39,1.93,0.42
2019-11-21,0.0,28.97,54.23,27.32,1.47,0.42
2019-11-22,0.0,29.2,55.06,27.37,1.48,0.42
2019-11-23,1.08,28.96,56.3,27.47,1.65,0.42
2019-11-24,4.82,28.84,58.67,22.85,1.76,0.43
2019-11-25,5.82,28.11,65.16,23.12,1.31,0.44
2019-11-26,0.59,28.4,65.86,23.65,1.95,0.44
2019-11-27,0.41,28.22,66.7,24.87,2.05,0.44
2019-11-28,0.0,28.28,65.02,27.59,2.03,0.44
2019-11-29,0.0,28.91,59.64,27.52,1.75,0.43
2019-11-30,0.0,29.33,60.91,23.4,1.72,0.43
2019-12-01,0.01,29.7,60.93,24.62,1.46,0.43
2019-12-02,0.12,29.0,62.02,20.29,1.24,0.43
2019-12-03,12.66,28.65,70.45,21.26,1.63,0.44
2019-12-04,5.31,28.61,71.71,23.69,2.27,0.46
2019-12-05,12.58,27.95,73.71,22.24,1.19,0.47
2019-12-06,1.7,29.01,63.57,25.17,1.48,0.48
2019-12-07,0.07,29.0,65.48,26.51,1.56,0.47
2019-12-08,0.02,29.37,61.35,26.63,1.33,0.47
2019-12-09,0.02,29.39,59.7,26.54,1.39,0.47
2019-12-10,0.9,29.38,59.03,25.71,1.65,0.46
2019-12-11,2.38,29.03,64.21,23.05,1.51,0.46
2019-12-12,7.05,29.45,61.72,23.34,1.47,0.46
2019-12-13,9.82,28.52,71.85,21.33,1.15,0.49
2019-12-14,0.69,28.64,70.51,17.66,1.36,0.49
2019-12-15,3.47,28.42,72.88,20.16,1.39,0.48
2019-12-16,8.36,28.07,76.46,21.89,1.24,0.49
2019-12-17,3.91,28.65,68.46,24.69,1.29,0.5
2019-12-18,5.56,28.58,69.38,24.48,1.34,0.51
2019-12-19,2.97,29.04,67.72,21.22,1.38,0.5
2019-12-20,3.5,28.57,67.36,22.51,1.23,0.51
2019-12-21,0.04,29.11,64.13,24.19,1.9,0.5
2019-12-22,8.86,28.89,70.35,23.48,1.8,0.5
2019-12-23,3.69,28.48,72.52,22.74,1.52,0.51
2019-12-24,2.12,28.72,68.84,25.15,1.61,0.51
2019-12-25,0.03,29.19,64.29,27.64,1.97,0.51
2019-12-26,3.27,29.06,65.91,21.01,1.38,0.51
2019-12-27,6.19,29.13,70.55,22.31,1.45,0.52
2019-12-28,1.99,27.99,75.78,22.87,2.03,0.52
2019-12-29,15.36,28.58,71.76,15.46,1.66,0.52
2019-12-30,5.57,27.72,77.45,18.21,1.08,0.54
2019-12-31,4.97,28.11,76.05,22.4,1.24,0.54
2020-01-01,22.16,27.64,79.39,18.49,1.16,0.56
2020-01-02,18.77,26.29,86.5,13.23,1.87,0.61
2020-01-03,23.95,26.43,83.13,16.67,1.73,0.63
2020-01-04,6.62,26.32,81.99,15.91,1.42,0.65
2020-01-05,17.65,26.49,83.36,12.54,2.52,0.65
2020-01-06,18.76,26.7,84.17,16.37,3.53,0.69
2020-01-07,2.26,26.67,82.25,23.64,2.85,0.68
2020-01-08,1.98,26.93,80.66,19.32,2.23,0.67
2020-01-09,0.38,26.62,79.67,22.31,1.9,0.66
2020-01-10,1.18,26.33,81.22,22.94,2.3,0.65
2020-01-11,19.62,26.08,87.27,14.59,3.21,0.66
2020-01-12,15.32,26.22,86.3,18.48,2.96,0.68
2020-01-13,18.83,26.74,80.15,22.26,1.78,0.71
2020-01-14,1.74,26.57,83.05,18.34,1.16,0.71
2020-01-15,5.44,25.88,87.57,15.23,1.53,0.71
2020-01-16,3.28,26.3,85.93,19.02,1.87,0.71
2020-01-17,3.05,26.73,85.99,19.68,1.76,0.7
2020-01-18,5.66,26.67,82.64,19.71,2.14,0.71
2020-01-19,6.21,26.68,83.89,23.73,1.91,0.7
2020-01-20,4.01,26.82,83.17,23.81,2.68,0.7
2020-01-21,8.75,26.58,84.43,20.15,3.06,0.7
2020-01-22,25.05,26.26,85.06,18.72,2.52,0.73
2020-01-23,15.29,26.64,81.71,20.03,2.39,0.74
2020-01-24,6.9,27.14,82.08,21.04,2.01,0.74
2020-01-25,3.83,26.96,83.83,20.54,1.96,0.73
2020-01-26,0.28,27.05,82.16,20.9,1.67,0.73
2020-01-27,0.12,27.22,82.13,22.88,1.66,0.72
2020-01-28,0.08,27.44,80.88,24.88,2.26,0.71
2020-01-29,0.09,27.29,80.64,26.56,2.73,0.69
2020-01-30,1.5,26.96,83.85,24.02,2.39,0.68
2020-01-31,3.21,27.12,82.88,19.08,2.19,0.68
2020-02-01,1.36,27.2,81.8,16.02,1.82,0.67
2020-02-02,9.88,26.66,84.53,20.26,2.03,0.67
2020-02-03,2.2,26.11,85.38,21.01,2.52,0.67
2020-02-04,4.99,26.38,81.72,22.95,2.99,0.66
2020-02-05,1.34,26.54,80.51,24.89,2.31,0.66
2020-02-06,0.3,27.74,73.93,24.61,1.06,0.65
2020-02-07,2.21,27.24,81.22,20.31,0.85,0.64
2020-02-08,4.5,27.12,80.96,21.06,1.73,0.64
2020-02-09,17.58,26.08,83.49,19.66,1.86,0.65
2020-02-10,22.44,25.7,85.69,15.73,2.16,0.68
2020-02-11,17.72,25.68,86.07,16.87,2.23,0.71
2020-02-12,4.3,25.5,86.02,18.12,2.39,0.71
2020-02-13,8.92,25.88,83.49,20.37,2.27,0.71
2020-02-14,1.75,26.55,83.88,21.72,1.93,0.71
2020-02-15,0.85,26.56,84.85,20.7,1.73,0.7
2020-02-16,0.67,27.24,82.99,22.27,1.61,0.69
2020-02-17,0.68,26.83,85.47,24.09,1.92,0.68
2020-02-18,0.41,26.93,83.36,21.51,2.24,0.67
2020-02-19,3.07,26.63,86.17,21.92,1.87,0.67
2020-02-20,1.68,26.76,81.89,20.41,2.05,0.66
2020-02-21,28.49,26.06,84.86,14.0,1.92,0.68
2020-02-22,10.84,26.54,83.33,20.76,2.18,0.71
2020-02-23,0.79,26.77,82.21,22.98,2.23,0.7
2020-02-24,0.28,27.0,80.95,20.45,1.85,0.68
2020-02-25,0.15,27.01,81.36,22.72,1.97,0.67
2020-02-26,0.42,27.28,81.79,23.06,2.41,0.66
2020-02-27,10.76,27.11,85.26,19.87,2.99,0.65
2020-02-28,35.76,26.96,90.0,13.8,3.12,0.69
2020-02-29,23.97,26.74,89.32,18.02,2.71,0.73
2020-03-01,38.39,26.88,86.13,19.09,2.41,0.77
2020-03-02,35.63,26.69,88.47,19.77,2.24,0.82
2020-03-03,8.37,26.57,86.35,19.15,2.62,0.82
2020-03-04,5.27,26.85,85.95,19.79,2.32,0.82
2020-03-05,6.69,26.2,85.54,20.14,1.75,0.81
2020-03-06,6.78,26.38,82.98,19.69,1.5,0.81
2020-03-07,14.86,25.82,87.03,18.27,1.38,0.82
2020-03-08,12.81,26.15,86.87,15.21,1.57,0.83
2020-03-09,2.87,26.32,85.17,19.54,1.33,0.83
2020-03-10,2.89,26.02,86.87,17.36,1.1,0.83
2020-03-11,4.17,27.26,80.63,18.28,0.69,0.83
2020-03-12,3.09,26.79,83.76,16.95,1.13,0.82
2020-03-13,0.34,26.4,83.21,22.39,1.55,0.81
2020-03-14,0.34,26.48,85.02,24.31,1.52,0.8
2020-03-15,0.29,26.61,80.3,23.21,1.5,0.79
2020-03-16,3.18,26.66,76.78,22.83,1.06,0.78
2020-03-17,5.97,26.84,76.54,23.05,1.32,0.78
2020-03-18,0.05,26.04,82.27,24.66,2.12,0.77
2020-03-19,0.16,25.91,83.84,22.9,2.34,0.76
2020-03-20,0.34,26.26,84.18,22.34,2.25,0.74
2020-03-21,1.14,26.29,88.02,11.58,2.12,0.73
2020-03-22,1.52,26.34,83.09,23.23,2.25,0.73
2020-03-23,0.22,25.85,81.35,22.27,1.57,0.72
2020-03-24,0.03,26.63,74.4,23.26,1.22,0.71
2020-03-25,0.8,26.55,78.53,20.32,1.0,0.69
2020-03-26,7.25,25.96,86.01,17.52,1.63,0.69
2020-03-27,13.0,25.89,87.91,15.43,1.84,0.7
2020-03-28,13.02,26.04,86.45,20.38,1.56,0.71
2020-03-29,3.42,26.41,80.53,21.57,1.72,0.72
2020-03-30,0.02,26.28,81.68,24.18,1.48,0.71
2020-03-31,0.31,26.4,77.53,23.61,1.2,0.69
2020-04-01,9.45,26.76,78.14,21.81,1.0,0.69
2020-04-02,0.51,26.69,78.88,23.05,1.23,0.69
2020-04-03,0.04,26.8,80.39,20.22,1.18,0.67
2020-04-04,0.21,26.92,74.52,23.03,0.81,0.66
2020-04-05,2.39,26.87,79.86,23.3,1.09,0.65
2020-04-06,2.52,26.94,79.24,21.66,1.1,0.65
2020-04-07,1.59,25.83,85.31,19.2,1.41,0.64
2020-04-08,0.53,25.94,77.18,15.14,1.45,0.64
2020-04-09,0.93,25.79,78.5,20.04,1.38,0.63
2020-04-10,3.99,25.87,79.68,20.93,1.47,0.62
2020-04-11,5.95,25.14,87.44,15.83,2.26,0.63
2020-04-12,0.18,26.13,83.7,14.71,1.81,0.63
2020-04-13,0.87,26.72,82.01,20.56,1.21,0.62
2020-04-14,17.2,25.68,89.51,14.29,1.74,0.63
2020-04-15,3.57,26.19,87.01,18.67,2.52,0.64
2020-04-16,5.01,26.1,87.07,16.75,2.63,0.64
2020-04-17,0.95,26.25,86.3,20.44,2.01,0.64
2020-04-18,0.21,26.71,81.16,22.43,1.94,0.63
2020-04-19,10.07,26.58,76.93,21.02,1.53,0.62
2020-04-20,0.7,26.42,76.78,24.1,1.67,0.62
2020-04-21,0.31,26.28,83.86,19.8,2.26,0.61
2020-04-22,0.08,26.25,82.56,24.79,2.45,0.6
2020-04-23,0.01,26.21,81.91,22.24,2.88,0.6
2020-04-24,0.01,26.68,80.16,20.73,3.29,0.59
2020-04-25,0.02,26.54,78.71,19.2,3.3,0.58
2020-04-26,0.09,26.36,79.06,22.78,2.48,0.57
2020-04-27,0.05,26.09,78.67,22.23,2.2,0.56
2020-04-28,0.02,25.78,77.55,23.46,1.99,0.56
2020-04-29,0.0,25.67,74.28,23.3,1.72,0.55
2020-04-30,0.0,26.2,72.36,22.12,1.59,0.54
2020-05-01,1.95,26.31,70.69,22.27,1.67,0.54
2020-05-02,9.72,25.76,78.87,17.83,2.72,0.55
2020-05-03,0.0,26.43,71.63,16.7,3.03,0.55
2020-05-04,0.0,26.13,70.05,18.29,2.87,0.54
2020-05-05,0.0,26.42,73.73,18.26,2.82,0.54
2020-05-06,0.66,26.84,83.98,11.91,3.53,0.53
2020-05-07,0.18,26.87,77.92,17.47,3.35,0.53
2020-05-08,0.01,26.03,73.93,22.31,2.95,0.52
2020-05-09,0.64,25.81,73.77,17.81,3.17,0.52
2020-05-10,0.04,25.95,73.34,19.23,3.03,0.52
2020-05-11,0.14,26.26,74.9,19.47,2.88,0.51
2020-05-12,0.01,26.22,71.9,13.19,3.12,0.51
2020-05-13,0.0,26.18,73.16,20.18,2.85,0.5
2020-05-14,0.03,26.38,70.17,16.72,3.03,0.5
2020-05-15,0.42,26.51,79.02,16.1,3.77,0.5
2020-05-16,0.11,26.63,78.33,12.97,3.87,0.5
2020-05-17,1.38,26.58,82.5,11.18,3.92,0.49
2020-05-18,1.8,26.41,83.1,14.76,4.11,0.49
2020-05-19,3.45,25.78,83.08,8.8,2.88,0.5
2020-05-20,2.41,25.77,73.05,16.02,3.19,0.5
2020-05-21,1.27,25.4,82.2,10.15,3.38,0.5
2020-05-22,2.0,24.97,84.9,10.8,3.6,0.5
2020-05-23,4.51,24.61,86.26,10.98,3.97,0.5
2020-05-24,4.82,24.51,84.48,10.51,3.73,0.5
2020-05-25,1.45,26.03,79.11,16.85,2.86,0.5
2020-05-26,1.25,26.52,82.41,18.09,1.84,0.5
2020-05-27,6.22,25.9,86.46,14.1,1.64,0.51
2020-05-28,6.28,25.92,83.18,18.68,2.43,0.51
2020-05-29,0.46,25.32,78.95,17.76,2.92,0.51
2020-05-30,0.0,25.12,78.51,19.9,2.87,0.51
2020-05-31,0.0,25.24,79.68,20.81,2.82,0.5
2020-06-01,0.01,25.4,79.84,20.56,2.59,0.5
2020-06-02,0.06,25.33,79.0,18.8,3.09,0.5
2020-06-03,0.03,25.24,73.43,17.02,3.74,0.49
2020-06-04,0.0,24.78,66.35,19.0,3.16,0.49
2020-06-05,0.0,24.67,71.23,17.08,3.08,0.49
2020-06-06,0.0,24.44,71.88,17.39,2.76,0.49
2020-06-07,0.0,24.42,67.1,17.01,2.39,0.48
2020-06-08,0.08,25.17,74.34,17.9,2.36,0.48
2020-06-09,0.12,25.27,79.44,15.61,3.3,0.48
2020-06-10,0.0,25.43,71.06,17.46,3.08,0.48
2020-06-11,0.3,25.39,76.59,15.24,2.77,0.48
2020-06-12,1.33,25.82,78.14,16.44,3.2,0.48
2020-06-13,0.07,25.81,76.78,16.05,2.86,0.47
2020-06-14,0.0,25.39,76.36,20.09,2.57,0.47
2020-06-15,0.0,25.33,76.79,17.67,2.45,0.47
2020-06-16,0.09,25.35,78.47,14.43,2.8,0.47
2020-06-17,0.05,25.51,74.09,15.06,3.86,0.47
2020-06-18,0.25,25.21,75.27,15.18,3.87,0.46
2020-06-19,0.05,25.17,74.46,14.49,3.53,0.46
2020-06-20,0.0,25.01,76.7,14.67,3.38,0.46
2020-06-21,0.02,25.08,75.23,18.21,3.23,0.46
2020-06-22,0.01,24.99,73.87,17.56,3.31,0.46
2020-06-23,0.01,24.48,67.6,16.77,2.94,0.46
2020-06-24,0.92,24.28,75.23,16.04,2.87,0.46
2020-06-25,1.06,24.62,78.22,15.66,3.12,0.46
2020-06-26,0.07,24.74,72.24,17.34,2.93,0.45
2020-06-27,0.0,24.64,70.91,17.4,2.9,0.45
2020-06-28,0.0,24.35,72.37,17.39,2.31,0.45
2020-06-29,0.01,24.14,75.33,15.57,2.5,0.45
2020-06-30,0.0,24.22,76.94,16.07,2.66,0.45
2020-07-01,0.01,23.87,76.02,20.12,2.58,0.45
2020-07-02,0.0,23.62,74.09,20.86,2.63,0.45
2020-07-03,0.03,24.17,78.72,18.2,3.23,0.44
2020-07-04,0.25,24.69,76.75,10.02,4.15,0.44
2020-07-05,0.02,24.85,70.99,14.97,4.28,0.44
2020-07-06,0.05,24.27,75.97,11.63,4.03,0.44
2020-07-07,0.04,24.56,75.9,12.61,3.77,0.44
2020-07-08,0.02,24.64,71.95,17.02,3.5,0.44
2020-07-09,0.0,24.61,72.67,18.61,3.32,0.44
2020-07-10,0.29,24.44,75.79,16.89,3.1,0.44
2020-07-11,0.08,24.63,75.82,14.51,2.42,0.44
2020-07-12,0.02,24.99,77.18,15.25,2.94,0.44
2020-07-13,0.27,24.84,75.88,15.32,3.47,0.44
2020-07-14,0.0,24.43,66.8,15.72,3.44,0.43
2020-07-15,0.0,23.8,68.52,18.57,2.88,0.43
2020-07-16,0.0,24.16,72.19,17.75,2.79,0.43
2020-07-17,0.01,24.76,75.2,17.68,2.83,0.43
2020-07-18,0.04,24.43,76.79,15.96,3.09,0.43
2020-07-19,0.01,24.32,72.1,21.74,2.81,0.43
2020-07-20,0.01,24.19,72.31,21.95,3.11,0.43
2020-07-21,0.01,24.14,72.23,20.98,3.13,0.43
2020-07-22,0.0,24.19,68.31,20.87,3.03,0.43
2020-07-23,0.0,23.82,63.5,21.52,2.86,0.43
2020-07-24,0.0,23.59,62.21,21.52,2.62,0.43
2020-07-25,0.0,23.54,68.57,21.73,2.61,0.43
2020-07-26,0.02,24.16,69.05,18.87,2.82,0.43
2020-07-27,0.01,24.16,68.75,19.88,3.09,0.43
2020-07-28,0.01,23.82,67.23,18.55,2.77,0.43
2020-07-29,0.01,23.52,68.26,22.06,2.89,0.43
2020-07-30,0.0,23.55,63.06,21.1,2.84,0.43
2020-07-31,0.0,23.24,65.29,20.38,2.93,0.43
2020-08-01,0.11,22.99,71.64,22.19,3.28,0.43
2020-08-02,0.02,23.55,69.6,22.89,3.17,0.43
2020-08-03,0.01,23.61,73.22,18.86,2.71,0.43
2020-08-04,0.0,23.95,69.31,21.43,2.5,0.43
2020-08-05,0.0,24.3,70.44,22.48,2.4,0.43
2020-08-06,0.06,23.91,74.3,21.03,2.02,0.43
2020-08-07,0.02,24.36,70.77,21.1,2.38,0.43
2020-08-08,0.0,24.53,70.72,20.37,2.64,0.43
2020-08-09,0.0,25.4,66.6,22.07,2.58,0.43
2020-08-10,0.03,26.21,69.84,19.67,1.99,0.43
2020-08-11,0.02,26.26,70.44,22.36,2.34,0.43
2020-08-12,0.0,25.87,67.37,23.09,2.22,0.43
2020-08-13,0.08,25.38,70.15,22.95,1.99,0.43
2020-08-14,0.06,25.13,73.88,20.28,2.09,0.43
2020-08-15,0.0,25.35,70.14,23.75,2.23,0.43
2020-08-16,0.0,25.17,70.77,24.03,2.35,0.43
2020-08-17,0.0,25.1,72.3,23.27,2.42,0.43
2020-08-18,0.0,24.66,71.63,21.95,1.87,0.42
2020-08-19,0.0,24.78,67.67,24.32,1.6,0.42
2020-08-20,0.0,24.94,70.11,24.47,2.35,0.42
2020-08-21,0.0,25.2,66.84,24.44,2.28,0.42
2020-08-22,0.0,25.1,69.93,24.32,2.38,0.42
2020-08-23,0.0,24.83,73.49,24.83,2.74,0.42
2020-08-24,0.0,24.4,73.46,24.74,3.24,0.42
2020-08-25,0.0,24.54,69.59,24.44,3.36,0.42
2020-08-26,0.0,24.36,67.17,24.86,3.0,0.42
2020-08-27,0.0,24.82,68.63,23.89,3.71,0.42
2020-08-28,0.0,24.74,70.89,24.81,3.22,0.42
2020-08-29,0.0,24.63,67.89,24.37,2.96,0.42
2020-08-30,0.0,24.53,68.71,24.26,3.28,0.42
2020-08-31,0.0,25.48,73.0,23.12,2.92,0.42
2020-09-01,0.2,25.95,76.64,17.57,3.38,0.42
2020-09-02,0.02,25.91,76.08,21.65,3.08,0.42
2020-09-03,0.02,25.74,75.85,22.77,3.21,0.42
2020-09-04,0.01,25.61,76.09,22.96,3.09,0.42
2020-09-05,0.0,25.54,72.93,25.2,2.77,0.42
2020-09-06,0.01,25.06,76.45,25.41,3.15,0.42
2020-09-07,0.01,24.79,76.63,25.44,3.21,0.42
2020-09-08,0.0,25.13,75.01,22.57,3.15,0.42
2020-09-09,0.01,25.1,76.04,22.2,2.91,0.42
2020-09-10,0.01,25.31,74.56,25.62,2.55,0.42
2020-09-11,0.0,24.87,73.23,26.42,2.91,0.42
2020-09-12,0.0,24.75,72.37,26.04,2.93,0.42
2020-09-13,0.0,24.47,72.06,26.99,2.68,0.42
2020-09-14,0.0,24.6,71.18,26.3,2.75,0.42
2020-09-15,0.0,24.64,73.15,26.23,3.21,0.42
2020-09-16,0.0,25.57,69.08,24.6,2.94,0.42
2020-09-17,0.0,26.14,69.19,19.18,2.69,0.42
2020-09-18,0.02,26.58,70.16,21.9,2.65,0.42
2020-09-19,0.03,26.89,71.83,21.47,2.27,0.42
2020-09-20,0.19,27.01,74.63,20.36,2.36,0.42
2020-09-21,0.24,26.86,75.44,19.75,2.12,0.42
2020-09-22,0.01,27.14,70.81,25.88,2.42,0.42
2020-09-23,0.03,26.63,71.69,26.51,2.94,0.42
2020-09-24,0.04,26.92,67.02,25.87,2.54,0.42
2020-09-25,0.03,26.77,64.85,25.47,2.26,0.42
2020-09-26,0.01,27.49,61.21,26.35,2.1,0.42
2020-09-27,0.03,26.98,70.2,26.19,2.65,0.42
2020-09-28,0.15,26.78,71.48,25.09,3.0,0.42
2020-09-29,0.06,26.44,72.27,25.75,2.45,0.42
2020-09-30,0.01,26.88,67.99,26.08,2.56,0.42
2020-10-01,0.06,26.68,71.93,23.88,2.92,0.42
2020-10-02,0.1,26.69,72.57,23.48,3.44,0.42
2020-10-03,0.15,26.84,71.18,22.23,2.95,0.42
2020-10-04,0.09,26.54,71.16,23.91,2.51,0.42
2020-10-05,0.34,26.74,64.73,23.89,2.34,0.42
2020-10-06,0.14,26.73,68.92,18.19,1.66,0.42
2020-10-07,0.34,27.3,69.62,19.19,2.19,0.42
2020-10-08,1.12,27.15,76.51,18.71,2.8,0.43
2020-10-09,3.64,27.05,74.45,20.52,3.15,0.43
2020-10-10,0.28,26.7,72.05,23.09,3.23,0.43
2020-10-11,0.03,26.77,69.95,22.43,2.55,0.43
2020-10-12,0.02,26.71,72.02,25.57,2.8,0.43
2020-10-13,0.17,26.59,72.86,26.12,2.93,0.43
2020-10-14,0.12,26.79,70.33,27.79,2.44,0.43
2020-10-15,0.09,27.41,62.36,27.3,1.85,0.43
2020-10-16,5.44,27.66,61.72,24.1,1.74,0.43
2020-10-17,1.53,27.25,65.38,26.61,2.1,0.44
2020-10-18,0.06,27.72,62.96,25.73,1.93,0.44
2020-10-19,0.01,27.58,65.73,26.92,2.07,0.43
2020-10-20,0.0,27.37,65.25,26.4,1.78,0.43
2020-10-21,0.0,27.69,65.18,27.16,1.89,0.43
2020-10-22,0.01,27.92,67.76,25.11,2.02,0.43
2020-10-23,0.21,28.43,69.34,21.92,1.77,0.43
2020-10-24,0.06,28.47,68.25,25.17,1.65,0.43
2020-10-25,12.4,28.25,69.34,23.2,1.7,0.43
2020-10-26,4.09,27.73,72.58,25.37,1.81,0.46
2020-10-27,0.44,26.98,71.59,22.93,1.54,0.46
2020-10-28,2.67,27.16,70.49,19.42,2.06,0.45
2020-10-29,2.52,27.16,71.38,24.76,1.93,0.46
2020-10-30,0.68,27.59,70.73,24.66,1.77,0.46
2020-10-31,10.49,26.92,71.7,25.59,1.23,0.47
2020-11-01,0.86,27.5,65.98,25.65,1.65,0.47
2020-11-02,0.11,28.25,65.18,24.17,2.56,0.47
2020-11-03,0.07,28.2,66.18,22.19,2.34,0.46
2020-11-04,0.04,28.21,65.32,25.38,2.03,0.46
2020-11-05,0.0,28.64,58.56,26.92,2.21,0.46
2020-11-06,1.5,28.98,59.4,24.48,1.68,0.45
2020-11-07,0.68,28.44,61.31,28.04,1.75,0.45
2020-11-08,0.05,28.74,60.53,26.6,1.59,0.45
2020-11-09,0.17,27.87,70.65,22.88,1.87,0.45
2020-11-10,0.36,28.29,69.75,20.81,2.47,0.45
2020-11-11,2.41,27.58,76.67,17.18,1.89,0.45
2020-11-12,0.14,28.83,64.96,26.14,2.03,0.45
2020-11-13,0.0,28.62,61.88,26.52,1.69,0.44
2020-11-14,0.0,28.85,60.39,26.74,2.05,0.44
2020-11-15,0.0,28.51,64.39,27.93,2.13,0.44
2020-11-16,0.01,28.51,65.17,28.47,2.29,0.44
2020-11-17,0.06,28.12,69.99,25.22,2.91,0.43
2020-11-18,0.13,28.15,71.84,22.74,2.83,0.43
2020-11-19,0.05,28.1,67.5,26.23,2.04,0.43
2020-11-20,0.07,28.07,67.08,26.24,2.31,0.43
2020-11-21,0.47,28.33,69.52,23.32,2.76,0.43
2020-11-22,3.24,27.68,72.68,21.61,2.07,0.43
2020-11-23,1.39,27.68,73.59,22.11,2.21,0.44
2020-11-24,2.25,28.45,65.35,22.81,1.85,0.44
2020-11-25,3.66,28.91,66.86,23.87,1.49,0.44
2020-11-26,4.01,28.35,72.24,21.5,1.46,0.45
2020-11-27,4.19,28.16,73.18,20.71,1.42,0.45
2020-11-28,2.59,28.27,70.46,23.84,1.22,0.45
2020-11-29,5.39,28.06,69.38,23.62,1.31,0.45
2020-11-30,15.59,27.43,75.66,20.67,1.65,0.48
2020-12-01,2.35,28.54,70.68,21.46,1.78,0.49
2020-12-02,13.09,28.07,73.01,16.91,1.13,0.49
2020-12-03,8.14,27.27,77.94,19.12,1.65,0.51
2020-12-04,11.71,27.14,81.41,17.77,1.77,0.52
2020-12-05,17.5,27.38,77.56,15.28,1.45,0.54
2020-12-06,27.14,26.85,82.79,18.4,1.17,0.58
2020-12-07,9.68,27.3,75.35,21.04,0.87,0.61
2020-12-08,7.88,27.04,76.48,18.91,0.85,0.62
2020-12-09,1.37,27.55,74.16,19.11,1.47,0.61
2020-12-10,2.18,28.01,73.26,22.32,0.99,0.61
2020-12-11,1.58,28.38,72.68,21.45,1.11,0.6
2020-12-12,13.76,27.48,77.57,17.53,1.42,0.6
2020-12-13,5.38,27.21,77.91,18.95,1.58,0.62
2020-12-14,6.21,26.26,86.11,15.59,1.89,0.62
2020-12-15,12.34,26.03,87.49,19.73,2.22,0.63
2020-12-16,7.27,26.87,82.98,19.97,2.27,0.64
2020-12-17,27.0,26.17,88.59,13.85,2.7,0.66
2020-12-18,12.24,25.9,86.58,18.67,2.87,0.69
2020-12-19,18.72,25.89,86.98,15.53,3.22,0.7
2020-12-20,41.21,26.32,84.76,12.5,2.6,0.74
2020-12-21,7.22,26.04,86.06,15.5,3.11,0.76
2020-12-22,21.47,26.23,90.27,12.4,2.9,0.77
2020-12-23,12.51,25.94,85.85,8.66,1.98,0.8
2020-12-24,0.45,26.17,78.04,18.56,1.15,0.79
2020-12-25,0.59,25.89,81.34,21.0,1.23,0.79
2020-12-26,0.04,25.69,78.61,22.17,1.65,0.78
2020-12-27,0.2,26.14,79.73,23.26,1.9,0.77
2020-12-28,0.67,26.46,78.77,23.32,2.04,0.76
2020-12-29,0.22,26.46,82.29,20.76,1.91,0.74
2020-12-30,1.79,26.2,85.76,18.0,1.82,0.74
2020-12-31,2.78,26.46,81.59,19.23,1.65,0.73
2021-01-01,4.2,26.53,83.47,21.42,1.96,0.73
2021-01-02,2.02,26.97,83.03,19.49,1.73,0.73
2021-01-03,0.63,27.39,81.4,21.84,1.73,0.72
2021-01-04,0.6,27.19,81.63,21.38,1.94,0.71
2021-01-05,18.36,26.51,84.79,15.65,1.94,0.71
2021-01-06,5.69,26.44,83.89,19.18,1.8,0.73
2021-01-07,12.9,26.23,84.21,17.27,1.13,0.73
2021-01-08,22.9,25.94,85.94,20.17,1.14,0.75
2021-01-09,12.76,25.73,87.85,18.5,1.41,0.78
2021-01-10,2.35,26.89,81.23,21.26,0.62,0.78
2021-01-11,8.81,27.21,80.9,18.98,0.91,0.78
2021-01-12,3.05,27.08,83.53,22.47,1.52,0.78
2021-01-13,4.67,26.96,81.49,19.89,1.13,0.77
2021-01-14,2.89,27.47,77.54,19.63,1.01,0.77
2021-01-15,4.38,26.61,86.95,14.02,1.74,0.77
2021-01-16,9.69,25.9,86.17,16.09,1.63,0.77
2021-01-17,16.9,25.83,86.1,15.83,1.41,0.78
2021-01-18,10.08,25.59,83.86,18.77,1.25,0.8
2021-01-19,23.0,24.7,91.01,13.18,2.19,0.82
2021-01-20,8.71,26.08,84.31,16.99,1.94,0.83
2021-01-21,1.37,26.82,80.71,21.72,1.6,0.83
2021-01-22,7.56,26.57,84.32,19.76,1.72,0.82
2021-01-23,30.32,26.13,85.7,21.17,1.99,0.84
2021-01-24,42.93,25.64,87.22,12.01,2.1,0.89
2021-01-25,35.12,24.73,87.41,11.87,2.86,0.91
2021-01-26,32.47,25.42,87.25,11.62,2.85,0.93
2021-01-27,26.06,25.76,86.83,19.58,3.26,0.93
2021-01-28,25.51,25.81,88.45,15.14,3.88,0.94
2021-01-29,37.36,25.7,89.83,17.85,3.68,0.95
2021-01-30,74.98,25.42,91.21,13.16,3.35,0.97
2021-01-31,26.31,25.51,90.37,11.78,3.9,0.99
2021-02-01,17.63,25.68,88.42,16.15,3.33,0.99
2021-02-02,21.76,25.53,89.04,10.57,2.56,0.99
2021-02-03,91.95,25.32,89.76,14.18,2.55,1.0
2021-02-04,22.35,24.96,90.05,12.12,3.53,1.0
2021-02-05,11.68,25.4,87.17,19.83,3.21,0.99
2021-02-06,6.53,25.31,87.9,13.29,3.15,0.99
2021-02-07,5.95,25.72,87.87,21.28,2.9,0.98
2021-02-08,18.16,25.78,90.2,19.43,3.2,0.98
2021-02-09,6.77,25.48,90.02,19.52,3.25,0.98
2021-02-10,2.68,25.9,87.65,20.36,2.58,0.97
2021-02-11,3.37,26.27,84.55,22.07,1.98,0.96
2021-02-12,4.48,26.4,82.66,18.52,1.52,0.96
2021-02-13,7.31,25.84,86.77,16.21,2.3,0.95
2021-02-14,11.3,25.31,88.8,17.02,2.68,0.95
2021-02-15,4.54,25.55,87.28,23.5,2.89,0.95
2021-02-16,1.53,25.61,85.7,20.61,2.91,0.94
2021-02-17,5.33,25.66,87.18,19.01,2.92,0.93
2021-02-18,18.4,25.54,88.45,15.8,2.94,0.94
2021-02-19,32.82,25.24,87.42,17.96,3.33,0.95
2021-02-20,45.18,24.79,91.16,14.96,2.81,0.97
2021-02-21,7.47,25.38,88.64,17.2,2.94,0.97
2021-02-22,27.1,26.01,85.25,18.7,2.4,0.97
2021-02-23,18.28,25.81,86.44,21.87,1.84,0.97
2021-02-24,16.32,25.89,84.75,18.64,1.06,0.97
2021-02-25,21.13,25.14,88.08,17.64,1.73,0.98
2021-02-26,10.18,25.25,86.39,18.29,1.99,0.98
2021-02-27,10.06,24.74,88.67,11.92,2.17,0.98
2021-02-28,0.96,24.74,85.89,16.25,1.49,0.97
2021-03-01,14.06,25.31,80.71,17.25,0.91,0.97
2021-03-02,3.91,25.73,82.39,22.29,1.44,0.97
2021-03-03,0.63,25.75,83.14,20.43,1.98,0.96
2021-03-04,0.56,25.88,85.77,20.84,2.21,0.95
2021-03-05,0.2,25.81,86.49,23.05,1.74,0.94
2021-03-06,0.04,26.58,80.68,21.62,1.26,0.93
2021-03-07,8.23,25.82,86.49,21.48,1.65,0.92
2021-03-08,12.86,25.77,86.94,22.41,1.77,0.93
2021-03-09,4.82,25.22,87.55,16.47,1.86,0.93
2021-03-10,35.16,24.91,85.32,18.73,1.51,0.94
2021-03-11,21.27,25.65,81.2,20.33,1.11,0.96
2021-03-12,21.39,25.01,91.31,18.73,1.95,0.96
2021-03-13,0.76,25.88,80.65,20.94,1.03,0.96
2021-03-14,6.23,26.44,80.17,20.32,0.73,0.96
2021-03-15,1.7,25.36,83.7,20.04,0.89,0.95
2021-03-16,7.32,25.51,82.5,18.66,0.91,0.95
2021-03-17,1.95,25.58,81.23,18.89,0.97,0.95
2021-03-18,1.57,26.01,78.01,17.36,0.82,0.94
2021-03-19,7.24,26.17,79.82,20.83,1.12,0.94
2021-03-20,20.8,25.95,83.7,19.36,1.79,0.94
2021-03-21,11.71,26.06,86.18,18.25,2.08,0.95
2021-03-22,2.55,27.0,81.06,20.63,1.17,0.94
2021-03-23,0.3,25.86,88.95,19.24,0.83,0.94
2021-03-24,12.29,26.13,85.17,20.28,1.01,0.94
2021-03-25,24.29,26.27,83.01,18.77,0.97,0.95
2021-03-26,13.7,25.92,87.15,18.58,1.18,0.95
2021-03-27,3.32,25.89,85.24,20.06,1.1,0.95
2021-03-28,4.11,25.16,89.01,17.71,1.55,0.95
2021-03-29,13.25,24.83,90.62,12.87,2.13,0.95
2021-03-30,2.6,25.04,89.81,14.07,2.92,0.95
2021-03-31,13.92,25.27,93.66,13.88,3.45,0.95
2021-04-01,46.87,25.64,94.13,12.73,4.5,0.96
2021-04-02,71.49,25.72,91.66,12.32,3.7,0.99
2021-04-03,115.15,25.56,89.89,13.19,2.24,1.0
2021-04-04,183.72,25.63,88.47,5.25,4.63,1.0
2021-04-05,36.88,25.36,85.86,11.8,4.62,1.0
2021-04-06,1.12,26.21,81.92,18.07,1.36,0.99
2021-04-07,0.83,26.49,78.74,19.17,0.89,0.98
2021-04-08,1.07,26.04,82.1,20.1,1.31,0.97
2021-04-09,0.16,25.11,85.46,22.12,1.54,0.96
2021-04-10,0.04,25.38,84.11,24.67,1.49,0.95
2021-04-11,0.06,25.49,81.56,22.5,1.6,0.94
2021-04-12,0.02,26.21,74.12,22.05,1.11,0.93
2021-04-13,2.23,26.17,77.47,22.62,1.07,0.92
2021-04-14,0.63,25.69,77.76,23.82,1.03,0.91
2021-04-15,0.0,25.0,73.99,25.47,0.96,0.9
2021-04-16,0.02,25.01,82.58,20.93,1.79,0.89
2021-04-17,0.02,25.71,82.67,22.66,1.77,0.88
2021-04-18,0.01,25.8,79.69,14.65,2.05,0.87
2021-04-19,0.0,25.28,73.73,23.08,1.59,0.86
2021-04-20,0.0,25.3,74.56,21.55,1.3,0.85
2021-04-21,1.63,25.01,80.44,20.39,1.47,0.84
2021-04-22,0.1,25.54,78.89,22.15,1.26,0.83
2021-04-23,0.67,25.77,78.72,21.63,1.19,0.82
2021-04-24,0.05,25.7,80.19,23.04,1.85,0.81
2021-04-25,0.0,25.33,75.66,21.65,2.24,0.8
2021-04-26,0.0,24.34,67.0,24.37,1.68,0.79
2021-04-27,0.0,23.84,69.94,24.44,1.45,0.78
2021-04-28,0.0,24.58,72.57,22.11,1.15,0.76
2021-04-29,0.27,25.22,82.77,19.33,1.12,0.75
2021-04-30,0.39,25.54,87.9,19.12,2.94,0.74
2021-05-01,0.13,25.1,84.3,20.27,2.49,0.73
2021-05-02,0.0,24.8,76.13,21.53,2.48,0.72
2021-05-03,0.02,24.65,75.77,18.28,2.55,0.71
2021-05-04,0.0,24.64,78.57,20.32,2.96,0.7
2021-05-05,0.0,24.81,78.71,19.03,2.67,0.69
2021-05-06,0.0,24.77,76.16,17.04,2.47,0.68
2021-05-07,0.57,25.0,81.29,15.79,2.2,0.67
2021-05-08,0.05,24.93,81.37,16.26,1.97,0.66
2021-05-09,0.01,24.33,81.53,20.17,1.99,0.65
2021-05-10,0.01,24.12,81.78,19.56,2.32,0.64
2021-05-11,0.01,24.5,77.36,22.78,2.6,0.63
2021-05-12,0.15,25.22,79.37,19.88,2.81,0.62
2021-05-13,0.01,25.46,75.79,18.77,3.01,0.61
2021-05-14,0.0,25.23,73.98,19.1,2.78,0.6
2021-05-15,0.0,25.13,74.35,17.91,2.84,0.6
2021-05-16,0.0,24.96,71.71,19.35,2.79,0.59
2021-05-17,0.04,24.91,72.55,15.9,2.75,0.58
2021-05-18,0.0,24.97,73.98,16.69,2.57,0.57
2021-05-19,0.03,25.32,78.47,18.87,2.86,0.57
2021-05-20,0.04,25.13,79.65,21.51,2.44,0.56
2021-05-21,0.0,25.52,81.62,18.72,2.1,0.56
2021-05-22,0.0,25.64,76.34,18.14,2.19,0.55
2021-05-23,0.03,25.23,76.96,19.96,2.29,0.55
2021-05-24,0.03,25.16,77.51,19.67,2.55,0.54
2021-05-25,0.06,25.37,80.48,16.51,2.6,0.54
2021-05-26,0.18,25.81,79.06,17.05,3.38,0.54
2021-05-27,0.01,25.74,72.38,17.91,4.24,0.53
2021-05-28,0.03,25.65,73.1,17.23,3.86,0.53
2021-05-29,0.01,25.37,72.88,16.6,2.98,0.52
2021-05-30,0.02,25.25,71.67,17.05,2.33,0.52
2021-05-31,0.06,25.47,77.2,17.22,2.25,0.51
2021-06-01,0.76,25.61,80.2,17.85,2.54,0.51
2021-06-02,0.25,25.66,78.33,20.37,2.68,0.51
2021-06-03,0.16,25.69,78.85,18.23,2.65,0.51
2021-06-04,0.18,25.73,79.73,18.67,2.58,0.5
2021-06-05,0.45,25.39,80.46,18.05,2.93,0.5
2021-06-06,0.18,25.36,74.5,13.93,3.23,0.5
2021-06-07,0.0,24.82,68.36,17.07,2.65,0.49
2021-06-08,0.0,24.68,69.58,20.57,2.39,0.49
2021-06-09,0.0,25.02,70.9,18.84,2.4,0.49
2021-06-10,0.12,25.14,77.1,16.09,2.79,0.49
2021-06-11,0.19,25.33,75.5,11.83,3.22,0.48
2021-06-12,0.0,25.19,73.17,15.51,2.91,0.48
2021-06-13,0.0,25.53,74.8,17.41,2.35,0.48
2021-06-14,0.01,25.37,77.35,18.09,1.84,0.48
2021-06-15,0.01,25.41,73.61,17.04,1.73,0.48
2021-06-16,0.0,25.04,70.9,19.89,1.97,0.47
2021-06-17,0.01,24.37,76.53,18.56,2.18,0.47
2021-06-18,0.0,25.17,74.87,20.14,2.41,0.47
2021-06-19,1.21,25.37,79.28,13.24,2.95,0.47
2021-06-20,0.24,25.19,75.19,15.18,3.38,0.47
2021-06-21,0.01,24.75,72.92,16.04,3.16,0.47
2021-06-22,0.25,25.76,77.74,16.58,1.76,0.46
2021-06-23,1.28,26.14,81.54,15.58,2.5,0.46
2021-06-24,0.29,25.82,80.77,17.19,2.17,0.46
2021-06-25,0.3,25.94,79.28,15.99,2.56,0.46
2021-06-26,0.93,25.82,81.29,11.76,3.22,0.46
2021-06-27,0.2,25.46,80.22,15.54,4.04,0.46
2021-06-28,0.04,25.04,73.28,16.78,3.6,0.46
2021-06-29,0.0,24.53,72.63,19.54,3.11,0.46
2021-06-30,0.0,24.5,74.06,19.41,2.78,0.46
2021-07-01,0.0,25.07,73.9,18.69,2.74,0.46
2021-07-02,0.08,25.42,71.27,17.88,2.93,0.45
2021-07-03,0.02,24.75,69.27,18.33,3.23,0.45
2021-07-04,0.0,24.15,62.22,18.66,2.83,0.45
2021-07-05,0.07,24.32,71.98,15.81,3.09,0.45
2021-07-06,0.0,24.63,71.72,14.15,3.07,0.45
2021-07-07,0.27,25.02,75.76,13.9,2.73,0.45
2021-07-08,0.02,25.68,73.84,15.96,2.7,0.45
2021-07-09,0.0,25.76,72.74,19.57,2.75,0.45
2021-07-10,0.01,25.25,78.25,18.57,3.32,0.44
2021-07-11,0.01,25.18,77.01,19.13,3.15,0.44
2021-07-12,0.0,24.74,69.91,20.65,2.54,0.44
2021-07-13,0.0,24.36,70.51,21.24,2.6,0.44
2021-07-14,0.0,24.6,72.9,17.65,2.43,0.44
2021-07-15,0.0,24.8,66.15,17.46,2.11,0.44
2021-07-16,0.0,24.64,68.21,19.86,1.83,0.44
2021-07-17,0.0,24.95,66.53,19.13,1.63,0.44
2021-07-18,0.0,25.11,73.12,19.6,2.31,0.44
2021-07-19,0.12,25.08,74.49,20.55,3.2,0.43
2021-07-20,0.47,25.12,76.15,18.74,2.95,0.43
2021-07-21,0.0,24.71,74.21,18.46,2.59,0.43
2021-07-22,0.0,24.5,68.86,21.28,2.33,0.43
2021-07-23,0.0,23.93,66.53,22.35,1.92,0.43
2021-07-24,0.0,24.12,62.4,22.27,1.79,0.43
2021-07-25,0.0,24.44,60.33,22.35,1.94,0.43
2021-07-26,0.01,24.66,71.11,21.95,2.38,0.43
2021-07-27,0.04,25.2,73.48,21.31,2.82,0.43
2021-07-28,0.03,25.26,73.96,21.38,2.8,0.43
2021-07-29,0.0,25.11,72.9,22.08,2.15,0.43
2021-07-30,0.01,25.12,72.63,21.5,2.0,0.43
2021-07-31,0.06,25.1,72.5,18.87,1.96,0.43
2021-08-01,0.08,25.64,71.76,21.65,2.31,0.43
2021-08-02,0.02,25.66,74.25,21.08,2.51,0.43
2021-08-03,0.03,25.77,74.41,22.41,2.74,0.43
2021-08-04,0.07,25.92,71.77,19.58,2.6,0.43
2021-08-05,0.79,24.94,76.81,20.0,3.39,0.43
2021-08-06,0.0,25.24,65.83,16.12,3.4,0.43
2021-08-07,0.0,24.6,62.32,21.09,3.33,0.43
2021-08-08,0.0,24.56,65.48,20.17,2.96,0.43
2021-08-09,0.09,24.52,72.58,18.89,2.9,0.43
2021-08-10,0.04,25.36,71.57,19.71,2.99,0.43
2021-08-11,0.48,25.44,76.54,21.07,2.97,0.43
2021-08-12,0.48,25.72,78.37,20.93,3.19,0.43
2021-08-13,0.03,25.4,75.89,19.83,3.65,0.43
2021-08-14,0.0,25.26,71.74,20.94,3.1,0.43
2021-08-15,0.09,24.82,76.8,19.93,3.43,0.43
2021-08-16,0.28,25.63,74.45,12.13,3.6,0.43
2021-08-17,0.0,25.49,68.89,20.13,2.89,0.43
2021-08-18,0.0,24.92,72.25,20.7,2.58,0.43
2021-08-19,0.0,25.21,70.96,22.71,2.84,0.43
2021-08-20,0.28,25.3,75.77,19.65,2.99,0.43
2021-08-21,0.05,25.15,74.47,21.04,2.79,0.43
2021-08-22,0.0,24.84,70.51,24.34,2.47,0.43
2021-08-23,0.0,25.42,67.23,24.24,2.13,0.43
2021-08-24,0.0,26.11,64.86,23.33,1.99,0.43
2021-08-25,0.19,25.59,73.64,21.85,2.47,0.43
2021-08-26,0.13,25.56,73.15,21.53,2.61,0.43
2021-08-27,0.09,25.69,71.72,21.43,2.84,0.43
2021-08-28,0.02,26.05,69.0,23.08,2.83,0.43
2021-08-29,0.01,25.68,72.34,23.38,2.81,0.43
2021-08-30,0.0,25.87,65.72,24.63,2.24,0.43
2021-08-31,0.0,25.4,67.6,24.8,2.34,0.43
2021-09-01,0.01,25.55,77.0,21.76,2.69,0.43
2021-09-02,0.19,26.1,74.82,20.27,2.53,0.43
2021-09-03,0.96,26.26,76.69,16.03,2.41,0.43
2021-09-04,2.06,26.3,76.53,19.65,2.43,0.43
2021-09-05,0.61,26.14,75.93,22.21,2.74,0.43
2021-09-06,1.31,25.43,78.87,17.38,3.4,0.43
2021-09-07,0.03,25.61,68.93,20.33,4.1,0.43
2021-09-08,0.15,25.51,66.71,22.89,3.87,0.43
2021-09-09,0.85,25.66,73.83,15.37,4.17,0.43
2021-09-10,0.37,25.81,74.35,17.38,3.74,0.43
2021-09-11,0.09,26.27,70.21,23.39,2.73,0.43
2021-09-12,0.11,26.51,70.26,24.26,2.43,0.43
2021-09-13,0.04,26.9,68.55,23.27,2.3,0.43
2021-09-14,0.04,26.55,72.85,23.33,2.59,0.43
2021-09-15,0.04,26.56,71.53,21.51,2.32,0.43
2021-09-16,0.1,26.49,72.96,23.25,2.6,0.43
2021-09-17,0.04,26.28,71.18,24.21,2.82,0.43
2021-09-18,0.02,25.63,72.66,23.34,3.02,0.43
2021-09-19,0.27,25.69,76.03,23.11,3.33,0.43
2021-09-20,0.0,25.84,69.61,25.77,2.97,0.43
2021-09-21,0.07,25.83,75.29,24.56,3.07,0.43
2021-09-22,0.44,25.74,73.61,16.74,3.01,0.43
2021-09-23,0.01,26.01,59.83,25.5,2.8,0.43
2021-09-24,0.0,26.07,62.69,24.35,2.54,0.43
2021-09-25,0.04,26.19,67.8,22.83,2.53,0.43
2021-09-26,0.07,26.6,69.18,25.52,2.7,0.43
2021-09-27,0.0,26.77,68.1,25.15,2.76,0.43
2021-09-28,0.0,26.68,68.72,24.95,2.6,0.43
2021-09-29,0.0,26.95,68.18,26.45,2.52,0.43
2021-09-30,0.0,27.05,68.29,27.28,2.57,0.43
2021-10-01,0.01,27.49,64.63,27.14,1.92,0.43
2021-10-02,0.02,27.43,68.12,23.45,1.53,0.43
2021-10-03,0.1,27.43,66.42,25.42,2.45,0.43
2021-10-04,0.0,26.89,70.9,26.83,2.9,0.43
2021-10-05,0.0,26.71,70.82,26.62,2.6,0.42
2021-10-06,0.0,26.46,69.78,26.11,1.96,0.42
2021-10-07,0.0,27.05,67.02,25.18,1.64,0.42
2021-10-08,0.02,27.59,65.15,27.15,1.54,0.42
2021-10-09,0.18,27.25,65.85,27.29,1.71,0.42
2021-10-10,0.01,27.3,60.26,26.72,1.66,0.42
2021-10-11,0.44,27.78,59.62,26.94,1.54,0.42
2021-10-12,0.34,27.81,64.62,26.2,1.6,0.43
2021-10-13,0.04,27.88,65.66,26.91,2.03,0.43
2021-10-14,0.48,28.19,62.3,23.19,2.05,0.43
2021-10-15,0.95,27.81,70.39,22.5,1.7,0.43
2021-10-16,1.16,28.01,64.79,20.52,1.47,0.43
2021-10-17,38.5,27.75,73.56,22.09,2.11,0.45
2021-10-18,18.53,27.37,77.12,24.71,1.99,0.53
2021-10-19,2.28,27.71,73.59,23.98,1.62,0.53
2021-10-20,0.09,27.23,74.19,22.46,1.6,0.52
2021-10-21,0.1,27.96,68.82,24.02,1.75,0.52
2021-10-22,0.18,27.59,73.29,23.34,2.32,0.51
2021-10-23,0.25,28.2,69.56,22.28,1.76,0.51
2021-10-24,0.11,28.39,65.89,24.13,1.68,0.5
2021-10-25,0.5,28.01,69.57,23.14,2.23,0.5
2021-10-26,0.19,27.8,69.11,22.48,2.11,0.49
2021-10-27,3.59,27.86,69.79,23.16,2.18,0.49
2021-10-28,1.4,27.99,72.18,23.87,1.99,0.5
2021-10-29,3.81,28.02,73.75,22.2,1.66,0.49
2021-10-30,5.89,27.66,75.71,21.15,1.64,0.5
2021-10-31,5.46,26.94,79.05,19.79,1.86,0.51
2021-11-01,2.23,27.48,73.22,24.78,1.98,0.51
2021-11-02,1.33,27.67,73.23,23.24,2.16,0.51
2021-11-03,0.8,27.35,78.91,18.29,2.53,0.51
2021-11-04,11.07,26.86,83.62,20.53,2.6,0.51
2021-11-05,3.15,27.44,78.6,22.11,2.29,0.52
2021-11-06,1.17,27.17,78.78,22.2,1.95,0.52
2021-11-07,0.68,28.14,74.61,19.31,1.87,0.52
2021-11-08,9.03,26.94,86.56,19.82,2.02,0.52
2021-11-09,8.95,26.84,86.41,18.32,2.14,0.54
2021-11-10,0.56,27.32,81.89,20.26,1.94,0.55
2021-11-11,0.32,26.83,80.99,18.63,1.2,0.54
2021-11-12,8.22,27.77,75.81,18.92,0.97,0.55
2021-11-13,20.08,26.5,86.22,15.73,1.62,0.57
2021-11-14,6.21,26.95,78.86,20.07,1.24,0.59
2021-11-15,4.8,27.17,73.75,19.57,2.26,0.59
2021-11-16,4.14,26.81,73.86,20.5,2.25,0.59
2021-11-17,0.08,26.97,74.83,25.61,2.1,0.58
2021-11-18,0.44,27.18,73.21,22.73,2.12,0.57
2021-11-19,16.37,27.05,77.44,23.17,2.53,0.57
2021-11-20,14.04,26.59,87.14,20.05,1.93,0.61
2021-11-21,2.93,26.8,83.31,21.45,1.37,0.61
2021-11-22,2.42,27.05,80.84,22.94,1.12,0.61
2021-11-23,12.97,27.75,74.88,18.24,1.09,0.61
2021-11-24,8.15,27.73,73.91,19.77,1.02,0.62
2021-11-25,20.76,27.3,79.64,22.59,1.22,0.63
2021-11-26,19.26,27.48,77.77,21.22,0.74,0.67
2021-11-27,15.26,26.91,81.73,22.13,0.86,0.69
2021-11-28,2.33,26.18,82.09,20.34,1.09,0.69
2021-11-29,9.13,26.16,78.53,14.54,1.16,0.7
2021-11-30,1.33,27.09,74.96,25.08,1.13,0.69
2021-12-01,0.71,26.9,80.18,22.9,1.67,0.68
2021-12-02,0.37,26.86,81.06,20.27,1.19,0.67
2021-12-03,1.27,27.82,71.77,20.64,1.35,0.66
2021-12-04,6.85,26.54,83.98,15.35,1.04,0.66
2021-12-05,12.35,26.88,82.98,21.92,1.37,0.67
2021-12-06,21.24,26.14,88.68,15.92,2.02,0.69
2021-12-07,9.04,26.36,84.97,20.99,1.76,0.72
2021-12-08,10.36,26.13,84.86,12.8,1.78,0.72
2021-12-09,7.22,26.17,83.1,19.93,1.15,0.73
2021-12-10,2.58,26.82,81.42,19.04,1.23,0.72
2021-12-11,9.87,26.69,82.18,17.99,1.15,0.72
2021-12-12,8.65,26.89,81.43,18.79,1.17,0.73
2021-12-13,5.85,27.78,77.08,24.69,1.13,0.73
2021-12-14,0.57,28.01,73.65,26.26,0.88,0.72
2021-12-15,0.06,28.03,69.94,26.22,1.08,0.71
2021-12-16,0.02,27.88,72.55,27.12,1.14,0.69
2021-12-17,3.36,27.72,76.36,24.56,1.26,0.68
2021-12-18,2.0,27.86,74.32,23.33,1.05,0.67
2021-12-19,0.8,27.62,77.5,22.19,1.48,0.66
2021-12-20,29.93,27.18,83.67,22.33,1.1,0.67
2021-12-21,1.81,26.92,85.42,20.82,2.06,0.71
2021-12-22,11.02,26.36,87.9,3.8,2.82,0.71
2021-12-23,8.63,26.06,84.72,15.9,1.82,0.72
2021-12-24,25.73,25.98,81.74,12.28,2.76,0.72
2021-12-25,29.49,25.6,83.9,15.6,3.49,0.78
2021-12-26,23.79,25.45,87.33,5.65,3.97,0.79
2021-12-27,13.73,25.5,89.58,9.86,3.4,0.81
2021-12-28,3.1,26.0,84.67,24.77,2.82,0.81
2021-12-29,8.71,26.01,84.72,22.03,2.44,0.81
2021-12-30,7.96,26.28,83.45,13.39,2.41,0.81
2021-12-31,6.7,26.61,82.01,21.9,2.08,0.81
2022-01-01,4.22,26.51,82.88,18.87,1.96,0.8
2022-01-02,2.4,26.11,86.02,21.43,1.93,0.8
2022-01-03,3.84,26.23,85.98,20.19,2.0,0.8
2022-01-04,26.5,25.58,88.56,19.65,2.3,0.81
2022-01-05,15.06,25.54,84.82,14.42,2.34,0.84
2022-01-06,14.21,25.5,85.39,17.4,1.94,0.84
2022-01-07,18.85,25.49,83.77,19.84,1.91,0.86
2022-01-08,4.38,26.07,82.61,22.0,1.72,0.86
2022-01-09,1.62,26.71,78.64,20.22,1.09,0.85
2022-01-10,0.48,26.79,80.75,20.79,1.03,0.84
2022-01-11,0.52,26.77,81.24,22.99,1.3,0.83
2022-01-12,1.45,26.68,84.19,23.1,2.3,0.82
2022-01-13,9.08,25.96,89.19,15.16,2.62,0.83
2022-01-14,15.02,25.82,88.3,17.27,3.27,0.84
2022-01-15,38.54,26.16,87.71,16.86,2.95,0.87
2022-01-16,12.07,25.93,87.05,17.99,2.42,0.89
2022-01-17,38.84,25.67,88.08,11.91,2.38,0.89
2022-01-18,7.28,25.23,86.68,17.18,2.31,0.91
2022-01-19,14.7,25.08,87.74,15.73,2.15,0.91
2022-01-20,23.22,24.57,88.9,14.08,2.3,0.92
2022-01-21,11.75,24.86,89.43,16.82,2.22,0.93
2022-01-22,26.41,25.83,86.57,19.82,2.86,0.93
2022-01-23,8.74,26.14,85.6,23.09,2.83,0.94
2022-01-24,2.28,26.54,84.8,20.81,2.02,0.93
2022-01-25,5.48,26.14,86.83,20.71,2.37,0.92
2022-01-26,5.64,26.35,86.54,19.04,2.52,0.92
2022-01-27,26.47,26.03,89.38,14.05,2.67,0.93
2022-01-28,25.48,25.62,88.59,18.6,2.97,0.94
2022-01-29,4.63,25.83,88.02,19.35,3.34,0.95
2022-01-30,5.8,25.64,87.87,11.44,3.62,0.93
2022-01-31,4.09,25.82,87.15,20.08,3.72,0.93
2022-02-01,9.49,26.0,86.57,19.54,3.48,0.92
2022-02-02,8.87,26.21,85.78,22.74,3.2,0.92
2022-02-03,34.29,25.71,89.99,16.24,3.3,0.93
2022-02-04,28.39,25.51,89.94,14.47,2.77,0.95
2022-02-05,3.59,26.29,84.18,20.6,1.94,0.95
2022-02-06,1.37,26.68,80.51,21.76,1.23,0.94
2022-02-07,2.36,26.97,76.81,20.36,0.83,0.94
2022-02-08,3.59,26.27,84.99,19.62,1.67,0.93
2022-02-09,57.97,25.22,89.9,17.58,1.96,0.95
2022-02-10,34.3,25.36,92.08,14.51,2.03,0.98
2022-02-11,19.51,25.57,89.06,18.4,0.98,0.99
2022-02-12,20.06,25.63,87.04,19.55,0.96,0.98
2022-02-13,3.08,25.6,87.22,20.14,1.48,0.98
2022-02-14,1.51,26.36,82.93,25.0,1.51,0.97
2022-02-15,0.32,25.84,84.96,26.31,2.1,0.97
2022-02-16,0.1,26.09,80.6,24.78,1.59,0.96
2022-02-17,0.09,26.48,76.24,22.27,1.19,0.95
2022-02-18,11.26,26.86,79.97,21.05,1.26,0.94
2022-02-19,8.4,25.88,87.14,19.68,1.2,0.94
2022-02-20,4.67,26.36,82.7,16.3,1.11,0.94
2022-02-21,10.86,25.92,82.92,15.52,1.08,0.94
2022-02-22,44.32,24.35,91.45,15.95,2.04,0.96
2022-02-23,75.52,24.53,90.53,7.81,2.67,0.98
2022-02-24,30.18,24.52,91.2,12.1,3.05,1.0
2022-02-25,38.78,25.25,89.49,18.86,3.83,1.0
2022-02-26,94.94,25.16,89.4,14.49,3.58,1.0
2022-02-27,25.66,25.49,89.3,17.26,4.04,1.0
2022-02-28,22.23,25.72,88.42,20.42,3.54,0.99
2022-03-01,10.82,26.15,85.46,21.04,2.41,0.99
2022-03-02,1.89,26.32,83.79,20.34,1.84,0.98
2022-03-03,3.46,26.99,82.62,21.23,1.38,0.97
2022-03-04,3.49,26.48,84.79,20.01,1.63,0.97
2022-03-05,0.58,25.88,86.03,23.02,1.47,0.96
2022-03-06,0.27,26.46,86.12,22.87,1.5,0.95
2022-03-07,8.07,26.59,85.7,20.45,1.0,0.95
2022-03-08,15.17,26.27,83.62,10.69,1.2,0.95
2022-03-09,5.05,25.39,88.94,18.52,2.09,0.95
2022-03-10,14.75,26.11,86.82,20.8,1.92,0.95
2022-03-11,1.02,26.26,85.52,22.3,2.11,0.95
2022-03-12,1.11,26.08,87.61,24.21,2.04,0.93
2022-03-13,0.63,25.85,88.85,16.82,1.76,0.93
2022-03-14,0.39,25.91,85.36,20.99,1.41,0.93
2022-03-15,0.3,26.16,82.68,23.3,1.23,0.92
2022-03-16,1.11,26.25,87.69,23.34,1.45,0.91
2022-03-17,1.51,26.22,89.26,7.21,1.8,0.9
2022-03-18,31.79,25.77,91.16,14.07,2.61,0.92
2022-03-19,1.3,26.01,81.82,19.41,1.44,0.92
2022-03-20,0.05,26.86,76.99,24.18,0.97,0.91
2022-03-21,1.41,27.07,77.01,23.18,1.11,0.9
2022-03-22,2.37,26.49,81.51,19.81,1.31,0.89
2022-03-23,1.04,26.3,83.71,20.28,1.55,0.88
2022-03-24,0.65,26.0,83.81,19.96,1.65,0.88
2022-03-25,3.82,26.07,83.4,13.41,1.27,0.87
2022-03-26,1.3,25.77,86.91,21.76,1.55,0.87
2022-03-27,1.75,26.06,83.6,20.41,1.34,0.86
2022-03-28,12.39,26.35,80.84,20.33,0.95,0.86
2022-03-29,5.04,26.19,81.47,17.38,0.97,0.86
2022-03-30,7.91,26.05,82.87,20.5,1.14,0.86
2022-03-31,3.14,26.05,79.02,23.35,1.31,0.86
2022-04-01,0.02,26.1,74.69,25.34,1.18,0.85
2022-04-02,0.01,26.01,75.39,24.45,1.21,0.84
2022-04-03,0.03,25.71,80.14,24.46,1.57,0.82
2022-04-04,0.1,25.85,80.6,23.04,1.28,0.81
2022-04-05,0.13,26.23,76.96,22.87,1.02,0.8
2022-04-06,0.1,26.22,77.58,23.56,0.91,0.79
2022-04-07,0.17,26.62,76.61,22.65,0.93,0.77
2022-04-08,0.03,26.8,73.09,23.25,0.88,0.76
2022-04-09,0.01,26.15,76.04,24.99,1.14,0.75
2022-04-10,0.02,26.22,73.54,23.5,1.35,0.73
2022-04-11,0.03,25.75,78.51,24.79,0.93,0.72
2022-04-12,0.03,26.5,74.25,20.82,0.96,0.71
2022-04-13,0.52,25.98,80.44,15.69,1.35,0.7
2022-04-14,11.15,25.62,87.32,20.08,1.7,0.71
2022-04-15,17.88,25.63,89.33,18.91,1.92,0.72
2022-04-16,10.12,25.55,87.24,18.96,1.86,0.74
2022-04-17,29.19,25.6,88.68,16.72,1.8,0.76
2022-04-18,8.27,25.78,86.85,20.14,1.57,0.79
2022-04-19,0.56,25.93,85.31,21.72,1.34,0.79
2022-04-20,0.31,26.35,77.07,21.27,1.38,0.77
2022-04-21,1.86,25.89,87.58,15.55,1.83,0.77
2022-04-22,0.63,26.1,86.11,19.18,2.3,0.76
2022-04-23,0.0,26.11,81.0,22.76,1.66,0.75
2022-04-24,0.0,25.85,74.98,23.86,1.31,0.74
2022-04-25,0.0,26.05,71.47,23.63,1.26,0.72
2022-04-26,0.0,25.87,74.15,23.84,1.03,0.71
2022-04-27,0.0,25.11,77.91,21.58,1.31,0.7
2022-04-28,0.0,25.14,77.62,20.54,1.37,0.69
2022-04-29,0.0,25.4,80.7,20.19,1.88,0.68
2022-04-30,0.18,25.93,83.82,22.04,2.2,0.67
2022-05-01,0.3,26.29,84.36,21.2,2.48,0.66
2022-05-02,0.19,26.29,81.21,21.51,2.38,0.65
2022-05-03,0.06,26.07,80.82,19.26,2.48,0.64
2022-05-04,0.01,26.0,81.42,16.5,2.26,0.63
2022-05-05,0.25,26.24,83.97,17.25,2.34,0.62
2022-05-06,0.48,26.24,82.82,19.18,3.44,0.61
2022-05-07,2.43,26.25,84.44,13.09,3.82,0.61
2022-05-08,0.35,26.32,77.61,18.56,3.23,0.6
2022-05-09,0.01,25.76,77.04,19.48,2.74,0.59
2022-05-10,0.0,25.54,73.34,21.21,1.96,0.59
2022-05-11,0.0,25.73,69.41,21.71,1.6,0.58
2022-05-12,0.0,26.66,69.85,19.22,1.44,0.57
2022-05-13,0.05,26.77,77.38,19.12,1.46,0.56
2022-05-14,0.03,26.38,81.32,18.07,1.89,0.56
2022-05-15,1.26,26.34,79.23,17.97,1.84,0.55
2022-05-16,0.31,26.2,77.06,19.62,2.0,0.55
2022-05-17,0.0,25.87,79.19,21.09,2.36,0.54
2022-05-18,0.1,25.92,79.99,19.08,2.75,0.54
2022-05-19,0.01,26.28,78.0,20.26,3.02,0.54
2022-05-20,0.0,25.66,78.67,20.96,2.59,0.53
2022-05-21,0.39,26.0,78.65,19.78,2.98,0.53
2022-05-22,0.55,26.04,77.32,19.15,3.09,0.52
2022-05-23,0.34,26.48,73.75,19.84,3.2,0.52
2022-05-24,0.11,26.76,74.19,12.87,2.38,0.52
2022-05-25,0.63,26.47,76.06,16.49,2.21,0.51
2022-05-26,0.25,25.99,76.85,17.22,2.28,0.51
2022-05-27,0.03,25.92,75.12,16.62,2.82,0.51
2022-05-28,0.08,25.95,73.31,17.73,2.75,0.5
2022-05-29,0.33,26.76,71.77,17.09,1.65,0.5
2022-05-30,0.49,26.6,76.18,17.68,1.49,0.5
2022-05-31,0.94,26.99,77.84,16.83,1.82,0.5
2022-06-01,7.59,26.07,81.39,15.31,1.38,0.5
2022-06-02,1.9,26.28,78.21,18.75,1.78,0.51
2022-06-03,34.0,25.58,86.02,16.82,1.69,0.54
2022-06-04,1.17,25.52,83.16,18.54,2.11,0.57
2022-06-05,0.4,25.97,78.52,15.28,1.66,0.56
2022-06-06,0.58,25.63,83.17,17.89,1.93,0.55
2022-06-07,0.49,25.1,85.95,11.55,1.8,0.55
2022-06-08,0.34,25.71,83.75,17.24,2.51,0.55
2022-06-09,1.88,25.85,81.77,7.06,3.37,0.54
2022-06-10,0.02,26.02,72.66,14.44,3.63,0.54
2022-06-11,0.0,25.26,70.98,16.91,3.28,0.54
2022-06-12,0.0,24.98,69.76,16.79,2.81,0.53
2022-06-13,0.0,24.86,70.98,17.34,2.73,0.53
2022-06-14,2.46,25.4,76.73,10.03,3.08,0.52
2022-06-15,0.29,25.6,77.25,14.67,3.07,0.52
2022-06-16,0.01,25.2,76.18,15.49,2.77,0.52
2022-06-17,0.09,25.21,75.24,14.79,2.83,0.52
2022-06-18,0.16,25.69,78.68,16.71,2.88,0.51
2022-06-19,0.0,25.17,77.0,17.26,2.43,0.51
2022-06-20,0.0,24.67,68.5,18.34,2.3,0.51
2022-06-21,0.0,25.02,74.14,17.48,2.69,0.5
2022-06-22,0.0,25.62,70.8,16.71,3.71,0.5
2022-06-23,0.11,25.41,69.89,12.55,3.81,0.5
2022-06-24,0.18,25.34,72.24,10.25,3.4,0.5
2022-06-25,0.01,25.18,71.04,12.39,2.87,0.49
2022-06-26,0.88,24.65,76.58,13.15,2.89,0.49
2022-06-27,1.66,24.21,79.34,12.24,3.45,0.49
2022-06-28,0.4,24.94,76.87,14.28,3.73,0.49
2022-06-29,5.48,24.45,84.49,8.2,4.11,0.49
2022-06-30,9.55,23.71,89.92,7.71,3.95,0.5
2022-07-01,8.99,23.94,89.23,11.28,3.74,0.52
2022-07-02,7.16,24.4,88.53,11.31,3.74,0.53
2022-07-03,0.8,24.74,83.04,14.24,3.58,0.53
2022-07-04,0.07,24.26,78.69,11.1,3.41,0.52
2022-07-05,0.0,23.11,69.26,17.97,2.87,0.52
2022-07-06,0.01,21.99,67.57,19.0,2.47,0.52
2022-07-07,0.03,22.48,72.48,15.81,2.54,0.51
2022-07-08,0.25,23.32,78.58,11.09,2.81,0.51
2022-07-09,0.17,23.86,77.02,11.54,3.07,0.51
2022-07-10,0.02,24.18,73.91,13.05,3.18,0.51
2022-07-11,0.06,23.63,75.79,15.89,2.73,0.5
2022-07-12,0.0,23.01,69.81,18.71,2.72,0.5
2022-07-13,0.0,22.69,69.57,19.05,2.93,0.5
2022-07-14,0.01,23.29,71.2,15.36,3.17,0.49
2022-07-15,0.0,23.04,69.84,15.46,3.02,0.49
2022-07-16,0.01,23.42,72.85,16.43,2.95,0.49
2022-07-17,0.05,23.42,76.15,17.36,3.16,0.49
2022-07-18,0.05,23.65,71.63,18.53,2.86,0.49
2022-07-19,0.01,23.03,72.17,20.9,2.73,0.48
2022-07-20,0.04,24.09,75.33,20.38,2.63,0.48
2022-07-21,0.1,24.5,78.48,18.66,2.89,0.48
2022-07-22,0.02,23.85,70.83,21.27,2.71,0.48
2022-07-23,0.0,22.91,66.05,21.52,2.47,0.47
2022-07-24,0.0,22.65,67.51,20.77,2.39,0.47
2022-07-25,0.0,23.08,70.94,19.45,2.5,0.47
2022-07-26,0.0,23.96,71.35,22.05,2.64,0.47
2022-07-27,0.02,23.56,78.58,20.37,3.59,0.47
2022-07-28,0.0,23.92,69.77,20.58,3.37,0.46
2022-07-29,0.07,23.66,71.71,21.47,3.42,0.46
2022-07-30,0.09,24.52,71.99,20.36,2.9,0.46
2022-07-31,0.02,24.82,72.5,19.97,2.87,0.46
2022-08-01,0.0,25.28,73.63,19.28,2.72,0.46
2022-08-02,0.0,25.14,74.09,21.21,2.67,0.46
2022-08-03,0.0,24.73,74.53,22.44,2.45,0.45
2022-08-04,0.01,24.19,75.8,21.21,2.13,0.45
2022-08-05,0.0,24.48,75.72,19.59,1.83,0.45
2022-08-06,0.0,25.35,74.98,18.2,1.93,0.45
2022-08-07,0.0,25.56,72.72,20.82,1.91,0.45
2022-08-08,0.17,25.24,75.82,20.25,2.5,0.45
2022-08-09,0.51,25.17,77.25,20.55,3.19,0.45
2022-08-10,0.47,25.19,78.23,17.65,3.33,0.44
2022-08-11,1.14,25.18,78.75,16.78,3.01,0.44
2022-08-12,0.57,25.33,78.33,17.53,3.15,0.44
2022-08-13,0.25,25.4,75.94,22.68,3.23,0.44
2022-08-14,0.06,24.98,77.41,22.98,3.26,0.44
2022-08-15,0.02,24.53,75.41,21.13,2.54,0.44
2022-08-16,0.04,24.55,69.67,22.92,2.81,0.44
2022-08-17,0.01,24.97,69.84,19.14,2.81,0.44
2022-08-18,0.0,24.41,67.53,23.59,2.88,0.44
2022-08-19,0.0,23.34,61.56,24.8,2.81,0.44
2022-08-20,0.0,23.71,70.27,23.2,3.94,0.43
2022-08-21,0.01,24.31,68.44,21.67,4.18,0.43
2022-08-22,0.0,24.24,71.17,21.09,3.28,0.43
2022-08-23,0.0,24.07,68.78,24.34,3.03,0.43
2022-08-24,0.0,24.35,74.27,22.78,3.03,0.43
2022-08-25,0.0,24.68,64.6,17.11,3.94,0.43
2022-08-26,0.0,24.28,61.16,23.38,3.03,0.43
2022-08-27,0.0,24.73,68.58,20.01,2.81,0.43
2022-08-28,0.01,25.68,71.52,20.85,2.75,0.43
2022-08-29,0.04,25.84,72.42,22.35,2.89,0.43
2022-08-30,0.0,26.11,72.67,21.27,2.45,0.43
2022-08-31,0.15,26.33,71.64,20.22,2.48,0.43
2022-09-01,0.1,26.12,74.38,21.6,2.76,0.43
2022-09-02,0.03,25.92,75.15,21.21,2.67,0.43
2022-09-03,7.66,26.05,75.24,20.4,2.49,0.43
2022-09-04,1.27,25.96,75.91,22.07,2.49,0.44
2022-09-05,0.3,26.19,73.09,21.5,2.52,0.44
2022-09-06,0.02,25.94,69.16,22.53,2.23,0.44
2022-09-07,0.0,25.81,69.42,22.5,2.26,0.44
2022-09-08,0.0,25.7,65.09,25.38,2.4,0.44
2022-09-09,0.0,25.82,64.76,25.31,2.14,0.43
2022-09-10,0.03,26.29,70.15,24.74,2.18,0.43
2022-09-11,0.01,26.3,71.61,22.14,2.41,0.43
2022-09-12,0.0,26.35,66.86,26.16,2.51,0.43
2022-09-13,0.07,26.27,72.54,24.71,2.42,0.43
2022-09-14,0.09,25.77,74.39,22.34,2.33,0.43
2022-09-15,0.01,26.22,69.8,22.82,1.87,0.43
2022-09-16,0.0,26.86,67.29,22.62,2.01,0.43
2022-09-17,0.0,26.82,66.85,23.39,2.23,0.43
2022-09-18,0.02,26.91,69.93,25.66,2.34,0.43
2022-09-19,0.03,26.97,66.39,22.86,2.21,0.43
2022-09-20,0.04,26.62,70.59,19.03,2.09,0.43
2022-09-21,0.05,27.16,68.84,24.45,2.48,0.43
2022-09-22,0.36,26.76,76.23,23.1,2.84,0.43
2022-09-23,0.04,27.09,69.86,26.21,2.84,0.43
2022-09-24,0.03,27.77,62.03,23.4,1.71,0.43
2022-09-25,0.01,28.0,61.5,22.93,1.53,0.43
2022-09-26,0.01,27.94,61.51,24.98,1.58,0.43
2022-09-27,0.02,28.32,61.49,21.93,1.6,0.43
2022-09-28,1.52,27.79,71.2,17.9,1.73,0.43
2022-09-29,2.93,27.67,73.75,18.42,2.06,0.43
2022-09-30,4.33,27.2,76.53,20.23,1.96,0.44
2022-10-01,2.13,26.21,75.46,19.9,1.87,0.44
2022-10-02,10.79,26.58,77.13,19.23,2.48,0.45
2022-10-03,1.41,27.42,68.37,21.61,1.98,0.46
2022-10-04,1.6,26.21,78.61,18.91,1.71,0.46
2022-10-05,1.27,26.62,78.77,18.65,2.4,0.46
2022-10-06,0.33,26.89,73.23,22.58,2.29,0.46
2022-10-07,0.3,27.22,73.67,24.2,2.44,0.45
2022-10-08,0.75,27.43,73.73,22.55,2.59,0.45
2022-10-09,2.05,27.1,75.59,21.28,1.95,0.45
2022-10-10,1.82,27.2,73.58,21.77,1.96,0.45
2022-10-11,1.56,27.87,70.3,21.31,1.82,0.45
2022-10-12,0.47,27.93,66.47,20.0,1.79,0.45
2022-10-13,0.08,27.4,71.57,22.16,2.01,0.45
2022-10-14,3.75,27.87,67.47,23.31,1.79,0.45
2022-10-15,1.16,27.79,69.7,22.67,2.49,0.45
2022-10-16,0.21,27.13,76.62,20.31,2.58,0.45
2022-10-17,0.92,27.89,72.6,22.85,2.37,0.45
2022-10-18,1.09,27.25,77.47,18.83,1.85,0.45
2022-10-19,2.14,27.58,76.38,20.64,1.66,0.45
2022-10-20,4.89,27.13,81.05,19.12,1.85,0.45
2022-10-21,0.71,28.25,69.59,23.85,1.63,0.46
2022-10-22,0.17,28.45,68.1,23.23,1.83,0.45
2022-10-23,0.06,28.77,68.84,24.29,2.4,0.45
2022-10-24,0.11,28.35,70.71,23.29,2.62,0.45
2022-10-25,0.05,28.58,68.18,23.64,2.18,0.45
2022-10-26,0.08,28.68,67.19,23.5,1.87,0.44
2022-10-27,0.98,28.56,69.73,22.16,2.11,0.44
2022-10-28,2.01,27.54,76.2,20.42,1.93,0.44
2022-10-29,1.86,26.97,77.92,20.69,1.47,0.45
2022-10-30,3.43,26.33,81.46,16.96,2.22,0.45
2022-10-31,10.51,26.04,84.81,18.21,2.17,0.46
2022-11-01,8.5,27.43,75.55,21.09,1.71,0.48
2022-11-02,0.06,27.58,69.86,21.39,0.92,0.48
2022-11-03,0.0,28.88,63.79,22.35,1.52,0.48
2022-11-04,0.03,28.26,69.28,21.7,2.28,0.47
2022-11-05,2.34,28.71,66.67,24.06,2.26,0.47
2022-11-06,2.14,28.43,69.2,23.9,1.98,0.47
2022-11-07,6.08,27.77,73.66,21.19,1.87,0.47
2022-11-08,26.15,26.67,81.76,20.77,1.21,0.51
2022-11-09,17.12,26.44,83.34,20.2,1.81,0.55
2022-11-10,2.65,27.19,78.29,20.16,1.48,0.55
2022-11-11,2.27,27.3,77.07,20.55,1.3,0.55
2022-11-12,0.66,27.21,78.02,19.14,1.58,0.54
2022-11-13,6.52,27.18,79.93,21.26,1.79,0.54
2022-11-14,4.66,26.43,84.18,22.7,1.45,0.55
2022-11-15,5.89,27.95,74.9,22.33,1.71,0.55
2022-11-16,49.35,27.2,81.8,23.26,1.98,0.58
2022-11-17,19.76,26.8,83.34,22.44,1.73,0.67
2022-11-18,0.24,27.28,77.8,20.68,1.54,0.65
2022-11-19,18.59,26.13,84.95,14.53,1.07,0.65
2022-11-20,46.67,25.91,83.12,16.08,1.48,0.71
2022-11-21,18.45,26.51,84.33,17.96,2.45,0.76
2022-11-22,6.72,25.68,87.72,12.38,1.66,0.76
2022-11-23,4.24,26.06,83.59,18.27,1.0,0.76
2022-11-24,10.71,26.04,83.97,19.23,1.51,0.77
2022-11-25,1.31,25.57,85.79,18.26,1.39,0.76
2022-11-26,28.48,25.78,86.66,17.67,1.31,0.77
2022-11-27,19.9,26.17,81.69,19.72,1.48,0.82
2022-11-28,10.15,25.48,84.88,14.83,1.94,0.82
2022-11-29,4.51,25.93,84.42,17.75,2.21,0.82
2022-11-30,6.11,26.44,81.99,22.78,2.28,0.82
2022-12-01,3.44,26.5,77.81,21.63,1.48,0.81
2022-12-02,1.35,26.65,73.69,25.51,1.02,0.8
2022-12-03,0.04,26.24,71.31,27.79,1.35,0.79
2022-12-04,0.0,26.91,65.74,28.33,1.18,0.78
2022-12-05,0.03,27.09,73.73,27.11,1.55,0.76
2022-12-06,0.0,27.1,72.56,26.68,1.52,0.75
2022-12-07,0.04,26.72,73.58,24.24,1.3,0.73
2022-12-08,0.25,27.07,71.18,26.59,1.37,0.72
2022-12-09,0.02,26.69,73.1,26.02,1.62,0.71
2022-12-10,0.03,26.81,74.81,24.54,1.38,0.7
2022-12-11,0.01,27.7,71.26,27.2,1.12,0.68
2022-12-12,0.11,27.97,70.94,24.95,1.04,0.67
2022-12-13,9.34,27.46,74.39,22.11,1.31,0.67
2022-12-14,3.26,27.59,71.0,20.01,1.17,0.67
2022-12-15,8.0,27.09,77.25,20.96,1.09,0.67
2022-12-16,17.32,26.72,83.59,16.67,1.59,0.68
2022-12-17,39.92,25.51,86.1,8.84,1.98,0.73
2022-12-18,6.16,25.77,82.85,16.51,1.86,0.75
2022-12-19,1.2,26.13,82.83,19.29,2.14,0.74
2022-12-20,2.4,25.73,83.95,6.44,3.04,0.73
2022-12-21,4.97,25.29,87.04,6.8,3.16,0.73
2022-12-22,22.41,26.0,84.37,18.38,2.75,0.75
2022-12-23,1.06,26.73,78.08,21.53,1.57,0.76
2022-12-24,90.0,26.7,86.07,20.78,2.17,0.79
2022-12-25,94.38,25.38,88.8,8.92,2.74,0.9
2022-12-26,17.14,25.55,82.47,13.81,2.12,0.93
2022-12-27,12.0,25.42,85.68,12.56,2.29,0.92
2022-12-28,16.67,25.12,88.57,15.34,3.26,0.92
2022-12-29,24.6,25.55,87.02,16.95,3.66,0.94
2022-12-30,12.15,25.65,88.32,8.23,4.22,0.94
2022-12-31,5.58,25.89,87.33,18.99,4.86,0.93
2023-01-01,7.83,25.72,87.28,15.93,4.81,0.93
2023-01-02,4.17,25.84,88.07,19.16,4.34,0.92
2023-01-03,15.78,26.09,87.53,17.3,4.27,0.92
2023-01-04,13.02,26.04,88.25,14.14,3.49,0.93
2023-01-05,11.88,26.11,89.82,13.94,3.62,0.93
2023-01-06,6.98,25.9,87.85,19.22,3.85,0.92
2023-01-07,3.11,25.66,86.41,20.68,3.51,0.92
2023-01-08,2.14,25.81,84.69,20.56,2.82,0.91
2023-01-09,0.02,25.38,83.77,23.44,2.48,0.9
2023-01-10,3.46,25.68,84.34,25.07,2.5,0.89
2023-01-11,5.36,25.68,86.13,20.03,2.41,0.89
2023-01-12,0.48,26.02,82.87,19.5,1.89,0.88
2023-01-13,0.39,26.05,84.3,22.87,1.98,0.87
2023-01-14,2.09,26.21,86.29,20.99,2.11,0.86
2023-01-15,3.05,26.02,86.2,17.47,2.21,0.86
2023-01-16,5.89,26.2,81.17,16.44,1.57,0.86
2023-01-17,2.41,26.35,80.66,20.15,1.42,0.86
2023-01-18,1.75,26.17,84.84,20.14,1.75,0.85
2023-01-19,16.94,25.62,87.71,15.9,2.73,0.85
2023-01-20,4.11,24.87,87.97,14.83,2.79,0.86
2023-01-21,1.81,25.64,84.63,22.32,2.71,0.85
2023-01-22,2.68,25.7,85.89,22.83,2.56,0.85
2023-01-23,1.54,25.42,87.95,20.23,1.89,0.84
2023-01-24,4.33,25.52,84.78,18.45,1.88,0.84
2023-01-25,4.62,26.3,82.87,18.46,0.9,0.83
2023-01-26,1.88,26.97,79.85,22.59,1.36,0.83
2023-01-27,2.64,26.93,81.39,20.77,1.09,0.82
2023-01-28,2.83,27.24,78.17,19.89,0.72,0.81
2023-01-29,2.51,26.69,82.49,19.76,0.73,0.81
2023-01-30,2.73,26.85,81.69,19.18,1.1,0.8
2023-01-31,5.11,26.1,87.35,13.25,2.23,0.8
2023-02-01,19.15,26.26,86.3,17.43,2.28,0.8
2023-02-02,6.97,25.81,88.2,17.26,2.27,0.83
2023-02-03,68.21,25.01,89.39,8.67,2.53,0.86
2023-02-04,101.59,24.87,87.94,16.56,2.97,0.95
2023-02-05,58.78,25.29,86.85,15.35,2.31,0.99
2023-02-06,6.84,25.43,85.23,17.18,1.62,0.98
2023-02-07,0.85,25.91,85.37,17.94,1.86,0.97
2023-02-08,8.45,25.96,86.12,16.94,2.29,0.96
2023-02-09,19.59,25.71,90.41,17.9,3.04,0.97
2023-02-10,21.67,25.03,91.81,16.04,2.92,0.97
2023-02-11,18.24,25.28,90.02,12.35,2.94,0.98
2023-02-12,30.9,25.73,89.97,14.86,2.92,0.98
2023-02-13,21.06,25.07,86.94,11.85,3.29,0.98
2023-02-14,19.99,25.74,87.15,11.04,2.7,0.98
2023-02-15,7.74,25.64,87.8,17.41,0.93,0.98
2023-02-16,1.4,25.62,87.41,19.08,1.8,0.98
2023-02-17,0.62,26.39,82.23,18.38,1.52,0.97
2023-02-18,0.76,26.32,83.93,22.83,1.6,0.96
2023-02-19,2.43,26.4,84.67,20.72,1.85,0.95
2023-02-20,0.81,26.83,82.76,20.69,1.18,0.94
2023-02-21,4.39,26.45,81.76,18.62,0.87,0.94
2023-02-22,5.93,25.97,84.09,16.77,1.73,0.93
2023-02-23,31.21,25.2,88.99,8.78,2.47,0.95
2023-02-24,53.99,25.56,88.06,16.35,2.95,0.97
2023-02-25,24.65,26.07,88.58,16.99,3.44,0.98
2023-02-26,28.12,25.53,90.28,15.05,3.88,0.98
2023-02-27,3.88,25.62,87.42,16.36,4.25,0.98
2023-02-28,10.26,25.69,89.32,9.06,3.95,0.97
2023-03-01,8.62,25.57,88.43,6.8,3.71,0.96
2023-03-02,11.25,25.28,87.37,15.37,3.8,0.96
2023-03-03,8.9,25.25,87.05,15.75,3.17,0.96
2023-03-04,5.49,25.26,87.29,18.31,2.92,0.95
2023-03-05,21.9,25.19,87.4,13.83,2.82,0.95
2023-03-06,13.59,25.35,89.28,20.54,2.4,0.96
2023-03-07,0.84,25.82,86.58,20.78,1.75,0.95
2023-03-08,0.21,26.11,83.98,22.11,1.87,0.94
2023-03-09,0.06,25.89,85.73,22.29,2.17,0.93
2023-03-10,0.07,25.77,85.3,25.68,2.06,0.92
2023-03-11,22.41,25.68,85.83,23.48,1.81,0.91
2023-03-12,9.41,25.73,81.91,22.04,1.3,0.93
2023-03-13,0.54,25.55,78.52,23.24,1.36,0.92
2023-03-14,0.02,25.77,74.44,26.2,1.14,0.9
2023-03-15,1.63,26.33,77.39,23.25,0.97,0.89
2023-03-16,1.07,25.9,83.91,22.61,1.63,0.89
2023-03-17,11.45,26.1,85.44,21.13,1.63,0.88
2023-03-18,17.37,26.08,85.52,22.13,1.44,0.89
2023-03-19,8.72,26.1,81.91,24.03,1.57,0.9
2023-03-20,5.24,25.47,87.86,20.42,1.78,0.9
2023-03-21,0.74,25.56,86.69,18.72,1.47,0.89
2023-03-22,0.79,26.35,79.97,17.39,0.92,0.88
2023-03-23,1.04,25.86,86.9,16.3,0.87,0.88
2023-03-24,0.77,26.15,87.22,22.38,2.11,0.87
2023-03-25,0.35,26.3,80.99,19.48,1.27,0.87
2023-03-26,1.38,26.33,80.5,22.54,1.13,0.86
2023-03-27,5.46,26.42,80.29,19.75,1.29,0.85
2023-03-28,6.84,25.98,81.86,20.46,1.31,0.85
2023-03-29,10.76,25.71,83.52,14.0,1.25,0.86
2023-03-30,2.86,25.64,83.97,18.0,1.44,0.85
2023-03-31,5.85,25.69,87.92,13.2,2.53,0.85
2023-04-01,15.65,25.47,89.08,18.42,1.93,0.86
2023-04-02,3.48,25.79,85.06,21.06,1.45,0.87
2023-04-03,0.17,26.0,82.94,22.3,1.39,0.85
2023-04-04,0.63,25.66,85.81,22.67,1.88,0.85
2023-04-05,0.79,26.01,80.78,20.59,1.35,0.84
2023-04-06,1.26,26.0,79.73,15.55,1.01,0.83
2023-04-07,3.78,25.47,80.19,12.45,1.31,0.82
2023-04-08,24.91,24.19,89.91,14.28,2.3,0.83
2023-04-09,42.34,24.54,94.12,12.65,2.66,0.89
2023-04-10,17.63,25.48,89.31,14.18,2.77,0.9
2023-04-11,13.33,26.0,84.47,20.28,1.73,0.91
2023-04-12,0.66,26.87,79.86,20.75,0.99,0.9
2023-04-13,3.58,26.85,81.35,18.72,0.91,0.89
2023-04-14,1.52,26.88,79.94,19.04,0.95,0.89
2023-04-15,1.3,26.12,85.73,17.93,1.61,0.88
2023-04-16,1.2,25.96,83.86,18.58,0.9,0.88
2023-04-17,1.95,25.84,85.22,14.69,1.03,0.88
2023-04-18,1.22,25.15,85.95,14.47,2.46,0.87
2023-04-19,0.13,24.38,79.32,16.95,2.3,0.86
2023-04-20,0.0,23.47,77.49,22.49,2.64,0.85
2023-04-21,0.1,24.43,81.15,23.67,2.71,0.84
2023-04-22,0.15,25.09,85.34,20.83,3.0,0.83
2023-04-23,3.14,25.57,86.23,16.38,3.15,0.82
2023-04-24,0.02,25.54,82.09,12.2,2.74,0.81
2023-04-25,1.53,25.8,86.38,13.59,2.3,0.8
2023-04-26,21.13,25.66,91.23,7.65,2.82,0.81
2023-04-27,6.67,25.7,91.81,14.9,2.59,0.82
2023-04-28,1.34,25.61,89.43,20.5,2.5,0.83
2023-04-29,0.07,25.41,84.36,21.35,1.73,0.81
2023-04-30,0.04,24.86,83.92,20.83,1.29,0.8
2023-05-01,0.12,25.13,86.03,18.89,2.25,0.79
2023-05-02,1.12,25.62,86.14,16.52,3.03,0.78
2023-05-03,0.0,25.47,82.84,18.82,2.9,0.77
2023-05-04,0.0,25.37,82.09,17.63,2.75,0.76
2023-05-05,0.0,25.05,82.95,20.73,2.26,0.75
2023-05-06,0.02,25.64,85.98,18.56,2.47,0.74
2023-05-07,0.84,25.8,86.52,15.05,3.06,0.73
2023-05-08,0.08,25.78,83.17,13.91,3.55,0.72
2023-05-09,0.17,25.55,84.7,9.01,3.5,0.71
2023-05-10,0.01,25.35,84.27,17.34,3.21,0.7
2023-05-11,0.0,24.78,81.64,21.07,2.7,0.69
2023-05-12,0.0,23.89,77.43,22.13,2.84,0.68
2023-05-13,0.0,23.57,72.65,22.82,2.5,0.67
2023-05-14,0.0,23.35,78.68,21.39,2.05,0.66
2023-05-15,0.0,23.38,81.26,21.93,1.48,0.65
2023-05-16,0.0,23.92,80.11,20.23,1.63,0.65
2023-05-17,0.01,24.34,81.23,19.98,2.13,0.64
2023-05-18,0.01,24.56,79.83,20.15,2.36,0.63
2023-05-19,0.0,23.89,74.16,20.77,2.49,0.62
2023-05-20,0.0,23.62,77.05,18.85,2.67,0.61
2023-05-21,0.01,23.72,75.44,17.11,3.32,0.6
2023-05-22,0.0,23.73,75.17,16.83,3.21,0.6
2023-05-23,0.0,24.15,77.58,19.12,2.93,0.59
2023-05-24,0.06,24.75,82.84,16.46,2.75,0.58
2023-05-25,0.01,24.72,79.59,13.34,2.71,0.58
2023-05-26,0.0,24.27,71.43,19.45,2.64,0.57
2023-05-27,0.12,24.0,70.67,19.1,2.84,0.56
2023-05-28,0.1,23.93,76.6,11.13,3.29,0.56
2023-05-29,0.02,24.02,75.36,14.73,3.3,0.55
2023-05-30,0.01,24.33,77.0,16.33,3.16,0.55
2023-05-31,0.05,24.32,77.08,12.75,3.02,0.54
2023-06-01,0.0,23.85,74.76,18.42,2.49,0.54
2023-06-02,0.01,24.42,77.59,18.32,2.23,0.54
2023-06-03,0.26,25.64,83.12,17.01,2.82,0.53
2023-06-04,0.22,25.35,80.23,15.99,2.93,0.53
2023-06-05,0.01,24.85,77.69,20.23,2.85,0.52
2023-06-06,0.01,24.64,80.32,19.83,2.95,0.52
2023-06-07,0.02,24.59,79.27,20.38,2.35,0.52
2023-06-08,1.43,24.81,83.5,13.75,2.32,0.51
2023-06-09,6.19,24.79,87.85,8.11,2.74,0.52
2023-06-10,0.09,25.38,80.04,18.63,3.44,0.52
2023-06-11,0.01,25.04,77.3,17.71,3.45,0.52
2023-06-12,0.0,24.28,75.4,19.77,2.92,0.51
2023-06-13,0.0,24.11,76.55,20.94,2.57,0.51
2023-06-14,0.0,24.08,77.42,20.38,2.52,0.51
2023-06-15,0.02,24.21,77.1,17.0,2.37,0.5
2023-06-16,0.0,24.46,74.67,20.56,2.95,0.5
2023-06-17,0.0,24.07,72.45,20.65,2.5,0.5
2023-06-18,0.0,23.61,70.71,20.66,2.72,0.5
2023-06-19,0.03,23.98,74.94,18.43,2.4,0.49
2023-06-20,0.08,24.63,80.04,12.28,2.48,0.49
2023-06-21,0.14,24.38,81.75,15.46,2.26,0.49
2023-06-22,0.1,24.5,80.43,16.64,2.42,0.49
2023-06-23,0.12,24.77,79.73,17.46,2.41,0.49
2023-06-24,0.17,24.72,81.25,17.63,2.3,0.48
2023-06-25,0.09,25.26,79.53,16.6,2.83,0.48
2023-06-26,0.22,26.45,76.37,17.59,2.04,0.48
2023-06-27,3.54,26.19,81.91,12.61,0.96,0.48
2023-06-28,0.87,25.83,84.52,15.49,3.21,0.48
2023-06-29,1.32,25.54,83.7,14.77,3.02,0.48
2023-06-30,1.72,25.57,80.63,15.52,2.88,0.48
2023-07-01,2.2,25.59,82.37,13.26,1.92,0.48
2023-07-02,2.49,24.94,86.68,12.22,3.11,0.48
2023-07-03,2.84,24.45,85.44,11.65,3.59,0.48
2023-07-04,1.49,25.0,83.88,12.31,3.19,0.49
2023-07-05,1.27,25.16,83.54,11.0,3.08,0.48
2023-07-06,0.32,25.13,79.64,13.77,2.93,0.48
2023-07-07,0.12,25.24,78.1,19.51,2.83,0.48
2023-07-08,0.02,25.08,76.33,18.46,2.64,0.48
2023-07-09,0.0,24.36,74.53,17.72,3.26,0.48
2023-07-10,0.0,23.79,70.87,18.45,2.58,0.47
2023-07-11,0.1,24.68,78.99,10.51,3.02,0.47
2023-07-12,0.01,25.08,77.65,13.23,3.59,0.47
2023-07-13,0.16,24.91,77.45,15.77,3.32,0.47
2023-07-14,0.06,24.69,76.14,17.5,2.86,0.47
2023-07-15,0.0,24.4,75.43,19.69,2.38,0.46
2023-07-16,0.03,24.32,74.46,18.41,2.01,0.46
2023-07-17,0.09,24.45,74.12,16.61,2.9,0.46
2023-07-18,0.06,24.65,71.2,15.56,3.01,0.46
2023-07-19,0.03,24.67,73.27,19.03,2.69,0.46
2023-07-20,0.08,24.41,76.6,16.36,3.04,0.46
2023-07-21,0.0,24.46,67.56,19.08,3.06,0.45
2023-07-22,0.04,24.22,69.24,19.18,2.92,0.45
2023-07-23,0.07,24.0,73.31,16.69,3.61,0.45
2023-07-24,0.01,23.17,69.46,14.52,4.13,0.45
2023-07-25,0.07,22.61,70.1,17.01,3.68,0.45
2023-07-26,0.02,22.93,68.73,17.02,3.12,0.45
2023-07-27,0.11,23.23,73.36,17.39,2.65,0.45
2023-07-28,0.12,24.07,76.02,16.09,3.08,0.45
2023-07-29,1.67,24.19,81.67,14.74,3.12,0.45
2023-07-30,0.11,24.37,78.61,19.96,2.97,0.45
2023-07-31,0.0,24.52,75.96,22.07,3.36,0.44
2023-08-01,0.01,24.2,78.51,21.32,3.33,0.44
2023-08-02,0.0,24.17,73.19,22.61,2.94,0.44
2023-08-03,0.28,24.71,78.67,21.15,3.42,0.44
2023-08-04,0.25,24.51,78.78,20.55,3.37,0.44
2023-08-05,0.04,24.7,76.23,20.59,3.71,0.44
2023-08-06,0.0,24.15,70.61,19.45,3.23,0.44
2023-08-07,0.03,23.91,68.07,21.08,3.3,0.44
2023-08-08,0.08,23.98,69.1,19.77,3.62,0.44
2023-08-09,0.21,24.02,69.74,20.99,3.6,0.43
2023-08-10,0.28,24.25,76.14,18.0,3.91,0.43
2023-08-11,0.1,24.27,72.29,21.57,3.47,0.43
2023-08-12,0.14,24.55,72.6,20.13,3.24,0.43
2023-08-13,0.09,24.69,74.69,17.54,3.35,0.43
2023-08-14,0.04,24.39,75.8,19.74,3.06,0.43
2023-08-15,0.2,24.4,75.05,20.54,2.9,0.43
2023-08-16,0.02,24.71,71.7,22.41,2.81,0.43
2023-08-17,0.03,24.16,69.44,22.0,2.51,0.43
2023-08-18,0.0,24.03,67.89,23.97,2.53,0.43
2023-08-19,0.0,24.25,75.81,23.46,3.18,0.43
2023-08-20,0.02,24.27,73.42,20.87,3.9,0.43
2023-08-21,0.0,24.01,65.34,24.38,3.25,0.43
2023-08-22,0.0,23.85,69.87,21.94,2.99,0.43
2023-08-23,0.0,24.21,74.37,21.75,3.27,0.43
2023-08-24,0.0,24.29,73.28,22.33,3.03,0.43
2023-08-25,0.0,24.47,70.58,24.16,2.61,0.43
2023-08-26,0.02,24.45,69.58,23.44,2.72,0.43
2023-08-27,0.0,24.15,70.96,24.19,3.41,0.43
2023-08-28,0.08,24.0,74.95,22.66,3.51,0.43
2023-08-29,0.01,24.19,72.47,23.94,3.04,0.43
2023-08-30,0.0,24.11,71.49,25.37,3.18,0.43
2023-08-31,0.0,23.81,70.4,25.64,2.79,0.43
2023-09-01,0.0,23.74,72.6,25.23,2.9,0.43
2023-09-02,0.0,23.62,72.81,25.59,3.18,0.43
2023-09-03,0.0,23.89,66.2,26.17,2.94,0.43
2023-09-04,0.0,24.23,66.03,25.38,3.1,0.43
2023-09-05,0.0,24.81,65.33,25.72,2.95,0.43
2023-09-06,0.0,24.76,68.18,23.37,2.59,0.43
2023-09-07,0.0,24.55,67.05,25.7,2.24,0.43
2023-09-08,0.0,24.32,70.1,25.6,2.31,0.43
2023-09-09,0.0,24.96,78.09,22.45,3.02,0.42
2023-09-10,0.01,25.62,76.87,20.68,2.59,0.42
2023-09-11,0.03,25.47,77.63,22.51,2.9,0.42
2023-09-12,0.03,25.31,74.91,24.93,2.52,0.42
2023-09-13,0.01,25.01,73.42,24.93,3.12,0.42
2023-09-14,0.03,24.77,74.85,21.69,3.3,0.42
2023-09-15,0.01,24.86,72.95,23.58,3.26,0.42
2023-09-16,0.03,24.72,73.25,24.29,3.49,0.42
2023-09-17,0.09,24.54,71.13,24.96,3.5,0.42
2023-09-18,0.01,24.59,71.45,25.82,3.39,0.42
2023-09-19,0.01,24.51,68.75,26.85,3.24,0.42
2023-09-20,0.0,24.44,70.48,26.94,2.98,0.42
2023-09-21,0.0,24.64,70.96,26.65,2.76,0.42
2023-09-22,0.0,25.31,74.38,26.65,2.85,0.42
2023-09-23,0.0,25.71,70.61,26.08,2.23,0.42
2023-09-24,0.0,25.97,63.29,24.85,1.94,0.42
2023-09-25,0.0,26.02,65.07,25.97,2.14,0.42
2023-09-26,0.0,25.57,70.99,26.49,2.46,0.42
2023-09-27,0.0,25.69,66.14,26.76,2.65,0.42
2023-09-28,0.01,25.31,73.75,26.85,2.75,0.42
2023-09-29,0.01,25.35,72.37,26.71,2.75,0.42
2023-09-30,0.01,25.66,73.17,26.5,2.56,0.42
2023-10-01,0.0,26.07,71.29,25.43,2.58,0.42
2023-10-02,0.03,26.41,72.58,26.12,2.48,0.42
2023-10-03,0.02,26.68,68.2,24.48,2.42,0.42
2023-10-04,0.0,27.02,63.16,26.31,1.88,0.42
2023-10-05,0.0,27.52,61.68,25.3,2.47,0.42
2023-10-06,0.01,26.57,72.92,22.98,3.17,0.42
2023-10-07,0.01,26.7,72.54,24.13,2.48,0.42
2023-10-08,0.04,26.83,69.64,25.75,2.18,0.42
2023-10-09,0.02,26.86,68.43,25.88,2.54,0.42
2023-10-10,0.06,27.05,67.99,26.29,2.33,0.42
2023-10-11,0.1,26.94,68.52,25.65,2.76,0.42
2023-10-12,0.01,26.57,69.12,26.29,3.22,0.42
2023-10-13,0.0,26.48,71.58,26.87,2.97,0.42
2023-10-14,0.01,26.82,71.01,25.72,2.76,0.42
2023-10-15,0.01,26.78,68.63,27.12,2.58,0.42
2023-10-16,0.0,26.82,64.63,27.32,2.4,0.42
2023-10-17,0.0,26.61,67.43,27.39,2.83,0.42
2023-10-18,0.01,26.43,68.63,27.35,2.76,0.42
2023-10-19,0.0,27.11,61.47,27.3,2.1,0.42
2023-10-20,0.0,27.57,61.13,27.05,2.1,0.42
2023-10-21,0.0,27.4,64.4,27.08,2.42,0.42
2023-10-22,0.0,27.47,64.31,27.22,2.53,0.42
2023-10-23,0.0,27.73,63.58,26.92,2.24,0.42
2023-10-24,0.0,28.15,57.54,26.73,1.98,0.42
2023-10-25,0.0,28.66,52.43,26.94,1.46,0.42
2023-10-26,0.0,29.43,49.49,26.54,1.25,0.42
2023-10-27,0.0,28.86,53.46,25.5,1.71,0.42
2023-10-28,0.0,28.37,61.08,25.62,2.2,0.42
2023-10-29,0.0,27.76,64.71,25.82,2.61,0.42
2023-10-30,0.0,27.87,67.16,25.03,2.48,0.42
2023-10-31,0.0,27.65,71.31,26.56,2.93,0.42
2023-11-01,0.0,27.58,71.84,26.91,2.91,0.42
2023-11-02,0.03,27.97,67.5,24.92,2.45,0.42
2023-11-03,0.01,27.74,64.88,27.13,2.16,0.42
2023-11-04,0.0,27.76,64.89,27.77,2.45,0.42
2023-11-05,0.0,28.19,62.92,27.83,2.53,0.42
2023-11-06,0.0,28.67,59.78,27.28,2.19,0.42
2023-11-07,0.02,28.66,59.89,26.41,1.98,0.42
2023-11-08,0.05,28.73,62.75,25.69,1.87,0.42
2023-11-09,0.08,29.18,61.4,26.52,1.94,0.42
2023-11-10,0.09,29.05,63.0,26.67,1.81,0.42
2023-11-11,13.56,28.65,69.59,24.59,1.9,0.43
2023-11-12,1.67,28.05,72.12,24.02,1.88,0.45
2023-11-13,0.53,28.39,68.16,25.27,2.03,0.45
2023-11-14,6.24,28.33,66.88,23.1,1.73,0.45
2023-11-15,3.18,28.1,71.6,22.55,1.65,0.46
2023-11-16,11.92,28.33,72.44,22.45,1.61,0.46
2023-11-17,5.05,28.22,72.15,22.54,1.61,0.48
2023-11-18,2.57,28.38,70.75,21.24,1.54,0.48
2023-11-19,0.12,28.49,69.44,25.22,2.08,0.48
2023-11-20,0.02,28.16,68.96,24.52,2.74,0.47
2023-11-21,0.02,28.18,68.01,27.72,2.9,0.47
2023-11-22,0.01,28.07,65.14,26.93,2.77,0.47
2023-11-23,0.17,28.22,67.94,26.79,2.49,0.46
2023-11-24,0.0,27.9,63.41,24.46,2.09,0.46
2023-11-25,0.01,28.4,66.31,24.09,1.93,0.46
2023-11-26,0.75,28.46,65.85,24.55,1.62,0.45
2023-11-27,2.69,29.02,66.44,21.39,1.44,0.45
2023-11-28,4.48,27.56,78.25,21.39,1.46,0.46
2023-11-29,2.48,28.86,68.3,19.44,1.43,0.46
2023-11-30,4.66,27.92,75.43,22.06,1.28,0.47
2023-12-01,1.86,28.9,69.89,24.09,1.38,0.47
2023-12-02,4.72,28.47,73.46,19.54,1.32,0.47
2023-12-03,11.37,27.62,79.74,20.7,1.39,0.48
2023-12-04,1.61,27.88,76.43,23.91,1.68,0.49
2023-12-05,1.11,28.81,69.77,24.9,1.63,0.49
2023-12-06,4.93,28.78,70.15,22.7,1.92,0.49
2023-12-07,2.62,28.6,73.79,20.6,1.59,0.49
2023-12-08,3.56,28.1,74.21,18.82,1.31,0.49
2023-12-09,5.51,27.77,77.3,19.86,1.43,0.5
2023-12-10,38.59,26.57,88.03,14.93,1.78,0.53
2023-12-11,17.24,26.78,84.05,18.04,2.14,0.6
2023-12-12,8.72,27.51,78.51,14.77,1.42,0.6
2023-12-13,1.91,27.56,78.85,15.94,1.83,0.6
2023-12-14,0.77,27.85,77.83,21.23,2.32,0.59
2023-12-15,0.57,28.07,74.67,21.44,2.86,0.58
2023-12-16,0.79,28.07,74.62,16.15,2.8,0.57
2023-12-17,1.27,27.66,75.92,19.06,2.7,0.57
2023-12-18,0.12,27.49,73.16,22.45,2.79,0.56
2023-12-19,0.09,28.05,74.61,22.41,2.8,0.55
2023-12-20,0.99,28.54,75.47,20.89,2.65,0.55
2023-12-21,8.91,27.48,82.69,18.27,1.82,0.55
2023-12-22,30.48,26.75,85.21,21.75,1.52,0.59
2023-12-23,28.96,27.73,80.11,23.24,1.52,0.63
2023-12-24,16.83,27.47,83.23,23.05,2.0,0.67
2023-12-25,1.01,27.51,82.48,23.63,2.69,0.66
2023-12-26,0.16,27.64,81.39,23.64,2.79,0.65
2023-12-27,0.25,27.34,84.6,20.69,2.1,0.64
2023-12-28,2.73,27.57,83.0,22.32,1.56,0.64
2023-12-29,0.8,27.99,79.88,25.72,1.16,0.63
2023-12-30,0.1,27.82,78.02,24.4,1.37,0.62
2023-12-31,2.0,27.67,80.82,22.7,1.84,0.61
2024-01-01,0.44,28.43,75.63,24.63,1.38,0.61
2024-01-02,0.07,29.17,69.07,26.49,1.2,0.6
2024-01-03,0.56,29.19,68.94,22.05,1.11,0.59
2024-01-04,2.17,27.6,80.2,23.15,1.79,0.59
2024-01-05,3.34,28.12,74.12,22.9,1.34,0.58
2024-01-06,2.44,28.74,69.16,22.96,1.0,0.58
2024-01-07,17.72,28.1,79.02,22.1,1.61,0.59
2024-01-08,25.02,27.61,82.76,19.41,1.74,0.62
2024-01-09,24.84,27.29,86.65,12.89,2.21,0.67
2024-01-10,1.81,27.0,86.3,16.59,2.12,0.67
2024-01-11,6.47,27.03,85.59,19.86,2.67,0.67
2024-01-12,18.04,26.85,85.38,16.36,3.15,0.69
2024-01-13,6.37,27.02,84.64,19.43,3.2,0.69
2024-01-14,11.16,26.67,85.99,16.08,3.67,0.69
2024-01-15,3.39,26.85,86.8,19.4,3.83,0.69
2024-01-16,5.76,26.93,85.97,16.93,4.1,0.69
2024-01-17,3.55,26.78,84.02,16.08,3.6,0.68
2024-01-18,2.2,26.8,82.51,18.57,3.1,0.67
2024-01-19,8.42,26.88,84.55,20.61,3.14,0.67
2024-01-20,8.27,27.0,84.56,17.54,3.22,0.67
2024-01-21,2.11,26.47,83.17,15.23,3.48,0.67
2024-01-22,0.93,26.9,82.11,19.48,3.43,0.66
2024-01-23,2.79,27.47,82.79,18.54,3.01,0.65
2024-01-24,14.2,26.44,85.86,18.37,2.54,0.66
2024-01-25,31.92,26.02,85.56,14.84,3.47,0.69
2024-01-26,9.43,26.16,84.5,19.92,3.47,0.7
2024-01-27,11.35,26.36,87.27,18.35,3.13,0.72
2024-01-28,1.04,26.35,84.62,18.9,3.03,0.71
2024-01-29,0.5,26.58,84.66,20.55,2.77,0.7
2024-01-30,0.12,26.59,83.83,22.04,2.59,0.69
2024-01-31,9.0,26.27,84.67,21.13,2.55,0.68
2024-02-01,17.59,26.38,87.48,20.56,2.74,0.71
2024-02-02,2.88,26.93,84.92,21.61,2.62,0.7
2024-02-03,1.19,27.16,84.63,21.93,2.27,0.7
2024-02-04,11.43,26.8,85.71,12.81,2.31,0.69
2024-02-05,16.04,26.53,85.36,18.19,2.3,0.71
2024-02-06,13.74,26.1,83.4,14.62,2.17,0.73
2024-02-07,2.78,26.1,86.87,20.84,2.0,0.73
2024-02-08,21.74,26.03,87.41,15.88,2.08,0.74
2024-02-09,12.19,26.65,84.61,18.18,1.68,0.76
2024-02-10,1.96,26.89,83.31,20.19,2.01,0.76
2024-02-11,6.39,26.98,84.67,21.19,2.47,0.74
2024-02-12,10.36,26.54,87.63,12.08,2.69,0.75
2024-02-13,6.86,26.13,86.49,12.73,2.81,0.75
2024-02-14,33.73,26.42,86.18,17.55,2.24,0.77
2024-02-15,12.52,26.59,85.53,18.39,1.88,0.8
2024-02-16,1.03,27.11,83.05,23.93,2.12,0.79
2024-02-17,2.58,27.45,81.86,23.28,1.63,0.78
2024-02-18,0.71,27.5,82.71,23.32,1.88,0.77
2024-02-19,0.11,27.37,81.95,22.62,2.14,0.75
2024-02-20,5.21,27.27,84.31,22.78,2.59,0.74
2024-02-21,31.74,27.27,86.54,20.16,2.51,0.76
2024-02-22,8.9,27.77,79.98,21.98,1.49,0.78
2024-02-23,0.26,27.95,78.25,22.59,0.94,0.77
2024-02-24,0.41,27.27,83.41,20.38,2.0,0.76
2024-02-25,0.94,26.9,86.21,21.05,2.47,0.75
2024-02-26,5.22,26.83,89.05,17.4,2.09,0.75
2024-02-27,7.27,26.71,87.43,20.75,1.86,0.75
2024-02-28,2.75,27.07,85.32,19.23,1.93,0.75
2024-02-29,0.41,27.55,81.12,21.47,1.54,0.74
2024-03-01,1.46,27.3,82.4,19.06,1.27,0.73
2024-03-02,2.48,27.05,83.01,20.67,1.22,0.73
2024-03-03,0.99,27.36,82.58,20.55,0.84,0.73
2024-03-04,2.34,26.78,88.72,20.42,1.11,0.72
2024-03-05,0.74,26.65,89.45,14.32,1.21,0.72
2024-03-06,0.55,27.23,84.78,18.22,0.98,0.72
2024-03-07,10.88,27.36,83.83,15.95,0.92,0.71
2024-03-08,18.65,27.07,85.76,15.3,1.18,0.74
2024-03-09,16.0,26.48,87.2,14.05,2.18,0.76
2024-03-10,86.8,26.24,86.92,13.74,2.45,0.81
2024-03-11,17.76,26.09,88.1,11.86,2.68,0.86
2024-03-12,71.68,25.48,90.24,7.98,3.84,0.91
2024-03-13,56.22,25.03,91.84,8.92,3.68,0.95
2024-03-14,19.09,25.83,91.15,13.03,3.15,0.96
2024-03-15,1.42,25.91,87.77,14.64,2.89,0.95
2024-03-16,0.97,26.47,85.15,19.43,2.92,0.94
2024-03-17,6.63,26.14,88.44,19.75,2.6,0.93
2024-03-18,16.12,26.82,85.87,16.84,1.8,0.93
2024-03-19,1.57,26.43,87.85,20.39,2.08,0.93
2024-03-20,0.22,26.69,86.3,19.49,2.19,0.92
2024-03-21,3.05,26.16,86.23,23.04,2.66,0.91
2024-03-22,16.76,26.5,88.18,17.49,2.82,0.91
2024-03-23,4.77,26.85,85.74,19.33,2.26,0.92
2024-03-24,1.77,26.95,82.52,20.4,1.77,0.91
2024-03-25,0.63,27.29,79.12,18.09,0.98,0.9
2024-03-26,0.24,27.04,83.45,20.84,1.24,0.89
2024-03-27,6.5,26.05,91.8,19.69,1.21,0.89
2024-03-28,5.36,26.28,89.17,18.88,1.39,0.89
2024-03-29,44.08,26.46,86.11,20.79,1.1,0.9
2024-03-30,6.25,26.47,86.48,18.72,1.43,0.92
2024-03-31,0.46,26.71,85.52,19.01,1.2,0.91
2024-04-01,9.51,26.84,84.65,14.73,0.85,0.91
2024-04-02,4.34,26.49,86.35,17.06,1.67,0.91
2024-04-03,13.66,26.11,90.92,15.12,2.67,0.91
2024-04-04,6.85,26.31,90.58,16.97,2.2,0.91
2024-04-05,3.34,26.61,86.11,20.06,1.49,0.91
2024-04-06,2.46,26.93,86.53,18.83,1.43,0.9
2024-04-07,2.43,27.24,81.46,20.79,0.95,0.9
2024-04-08,2.6,26.6,84.82,18.12,1.19,0.9
2024-04-09,8.02,26.1,91.09,16.7,2.22,0.89
2024-04-10,0.81,26.05,81.83,20.09,2.18,0.89
2024-04-11,0.03,25.58,78.1,22.17,2.16,0.88
2024-04-12,0.23,25.51,79.65,17.87,1.92,0.87
2024-04-13,0.1,25.27,79.58,20.79,1.82,0.86
2024-04-14,4.79,25.67,87.57,14.36,2.12,0.85
2024-04-15,27.16,25.68,91.79,12.99,2.91,0.87
2024-04-16,0.63,25.8,87.37,19.57,2.36,0.88
2024-04-17,0.03,26.23,83.77,20.07,2.47,0.86
2024-04-18,4.26,25.76,92.28,8.49,2.59,0.86
2024-04-19,7.78,25.33,91.74,13.67,2.39,0.86
2024-04-20,2.32,26.03,87.94,17.75,3.05,0.86
2024-04-21,0.03,25.9,82.89,20.17,2.77,0.85
2024-04-22,0.03,25.33,83.4,19.34,2.26,0.84
2024-04-23,0.01,25.34,83.1,20.0,2.02,0.83
2024-04-24,0.03,25.9,83.83,23.7,2.16,0.82
2024-04-25,0.13,26.27,86.3,22.16,2.54,0.81
2024-04-26,2.23,26.25,88.33,17.12,2.91,0.8
2024-04-27,0.22,26.27,86.32,16.91,3.69,0.79
2024-04-28,0.0,25.69,80.27,13.14,3.24,0.78
2024-04-29,0.0,25.3,79.29,20.59,2.61,0.77
2024-04-30,0.03,25.42,85.56,16.81,2.73,0.76
2024-05-01,0.08,25.9,85.9,18.8,2.82,0.75
2024-05-02,0.02,25.95,83.79,18.88,3.08,0.74
2024-05-03,0.0,25.86,82.46,17.55,2.81,0.72
2024-05-04,0.39,25.78,85.51,11.15,2.48,0.71
2024-05-05,2.37,25.73,87.36,14.66,2.45,0.71
2024-05-06,0.89,25.62,85.22,17.28,2.55,0.71
2024-05-07,0.02,25.46,81.14,17.73,2.61,0.69
2024-05-08,0.06,24.97,81.37,20.43,2.35,0.68
2024-05-09,0.13,25.16,83.06,20.9,2.39,0.67
2024-05-10,0.01,25.4,82.8,20.0,2.59,0.66
2024-05-11,0.11,25.79,84.38,20.21,2.92,0.65
2024-05-12,0.19,25.47,81.92,20.18,2.97,0.64
2024-05-13,0.01,25.31,80.07,21.43,2.73,0.63
2024-05-14,0.01,25.83,83.29,16.97,2.9,0.62
2024-05-15,0.14,25.97,83.47,18.94,2.94,0.62
2024-05-16,0.01,25.71,81.32,20.82,2.87,0.61
2024-05-17,0.15,25.7,82.5,19.95,3.02,0.6
2024-05-18,0.12,25.73,79.3,19.54,3.04,0.59
2024-05-19,0.03,25.49,76.08,18.27,3.44,0.58
2024-05-20,0.02,25.31,75.29,17.78,3.5,0.58
2024-05-21,0.02,24.99,76.63,13.33,3.58,0.57
2024-05-22,0.01,25.15,78.24,15.49,3.21,0.57
2024-05-23,0.0,25.54,79.37,18.0,2.85,0.56
2024-05-24,0.01,26.09,82.08,17.31,3.11,0.55
2024-05-25,0.01,26.1,81.24,15.75,3.09,0.55
2024-05-26,0.01,25.92,80.39,17.2,2.95,0.54
2024-05-27,0.03,25.93,79.71,17.49,2.95,0.54
2024-05-28,0.11,26.18,81.23,16.77,3.23,0.54
2024-05-29,1.83,26.55,81.85,14.41,2.78,0.53
2024-05-30,2.67,26.83,85.1,14.95,2.17,0.53
2024-05-31,2.13,26.45,87.86,16.16,2.92,0.53
2024-06-01,0.74,26.42,84.63,11.65,3.6,0.53
2024-06-02,0.36,26.06,81.04,16.19,3.53,0.53
2024-06-03,0.67,25.84,80.4,16.21,2.7,0.53
2024-06-04,0.11,25.58,79.61,16.74,2.42,0.52
2024-06-05,0.09,24.94,81.6,14.92,3.33,0.52
2024-06-06,0.11,24.99,79.67,9.29,3.6,0.52
2024-06-07,0.06,24.79,77.87,8.86,3.49,0.51
2024-06-08,0.03,24.39,77.88,11.65,3.46,0.51
2024-06-09,0.0,24.38,76.81,17.1,3.19,0.51
2024-06-10,0.0,24.04,72.15,17.79,2.83,0.5
2024-06-11,0.03,24.63,74.86,17.45,2.54,0.5
2024-06-12,0.01,24.26,73.55,17.37,2.42,0.5
2024-06-13,0.0,23.61,71.05,19.62,2.41,0.5
2024-06-14,0.0,23.77,73.63,20.2,2.37,0.49
2024-06-15,0.0,24.7,74.83,15.46,2.92,0.49
2024-06-16,0.0,24.83,77.24,19.45,3.56,0.49
2024-06-17,0.0,24.83,74.05,20.06,3.46,0.48
2024-06-18,0.01,24.38,70.62,18.52,3.03,0.48
2024-06-19,0.0,23.84,70.08,20.79,2.44,0.48
2024-06-20,0.01,23.88,73.94,18.46,2.61,0.48
2024-06-21,0.04,24.7,77.96,12.41,3.23,0.48
2024-06-22,0.01,25.03,70.33,17.51,3.66,0.47
2024-06-23,0.04,24.63,72.42,16.8,3.34,0.47
2024-06-24,0.01,24.36,73.41,15.06,3.0,0.47
2024-06-25,0.35,24.52,74.68,16.2,2.67,0.47
2024-06-26,0.01,25.31,71.18,16.9,2.63,0.47
2024-06-27,0.0,25.42,75.09,17.76,2.55,0.47
2024-06-28,0.04,25.43,80.0,16.02,2.39,0.46
2024-06-29,0.05,25.6,81.8,15.18,2.38,0.46
2024-06-30,2.28,25.32,83.48,9.7,2.33,0.46
2024-07-01,1.14,25.59,81.27,14.88,3.5,0.46
2024-07-02,1.45,25.36,80.64,10.65,4.17,0.46
2024-07-03,0.21,25.05,74.08,16.25,3.91,0.46
2024-07-04,0.05,24.21,70.94,13.63,3.36,0.46
2024-07-05,0.0,23.64,70.42,18.41,2.98,0.46
2024-07-06,0.0,23.89,69.49,19.47,2.89,0.46
2024-07-07,0.03,25.07,78.03,17.0,2.92,0.46
2024-07-08,0.02,25.13,78.17,15.79,3.05,0.45
2024-07-09,0.13,25.08,78.35,17.73,3.65,0.45
2024-07-10,0.05,24.59,77.53,16.31,3.29,0.45
2024-07-11,0.0,24.85,72.1,19.62,2.9,0.45
2024-07-12,0.0,24.24,60.81,21.77,2.52,0.45
2024-07-13,0.0,23.66,58.61,20.48,2.54,0.45
2024-07-14,0.0,23.46,66.94,21.28,2.46,0.45
2024-07-15,0.0,23.44,70.92,19.02,2.57,0.44
2024-07-16,0.02,23.78,75.87,21.09,2.87,0.44
2024-07-17,0.01,24.09,71.2,17.07,4.08,0.44
2024-07-18,0.0,23.27,60.36,18.49,3.56,0.44
2024-07-19,0.01,22.27,66.39,18.58,3.09,0.44
2024-07-20,0.02,23.23,69.37,17.52,3.1,0.44
2024-07-21,0.01,23.7,72.73,13.29,3.3,0.44
2024-07-22,0.0,23.84,66.72,19.66,3.03,0.44
2024-07-23,0.01,23.59,69.59,19.88,3.06,0.44
2024-07-24,0.05,24.45,75.19,17.59,2.22,0.44
2024-07-25,0.36,24.98,78.26,13.11,2.48,0.43
2024-07-26,1.1,24.24,86.82,11.48,3.0,0.43
2024-07-27,1.05,24.91,83.4,11.28,2.63,0.44
2024-07-28,0.33,25.1,80.98,10.88,3.35,0.44
2024-07-29,0.27,25.11,79.77,15.88,3.74,0.43
2024-07-30,0.12,24.87,78.61,17.59,4.0,0.43
2024-07-31,0.27,24.65,80.01,13.82,3.81,0.43
2024-08-01,0.1,24.42,78.58,20.68,3.53,0.43
2024-08-02,0.02,24.31,78.44,21.81,3.5,0.43
2024-08-03,0.01,24.3,74.64,22.57,2.96,0.43
2024-08-04,0.0,24.37,75.03,19.88,2.92,0.43
2024-08-05,0.01,23.93,77.53,20.74,2.87,0.43
2024-08-06,0.04,24.47,77.88,19.26,3.13,0.43
2024-08-07,0.01,24.59,77.3,22.36,3.33,0.43
2024-08-08,0.01,24.63,74.65,20.16,3.04,0.43
2024-08-09,0.0,24.37,68.01,23.19,2.8,0.43
2024-08-10,0.0,23.81,56.98,23.48,2.77,0.43
2024-08-11,0.01,24.08,74.77,22.58,3.17,0.43
2024-08-12,0.0,24.02,73.83,23.03,2.96,0.43
2024-08-13,0.0,24.11,66.83,23.57,2.75,0.43
2024-08-14,0.0,24.16,60.34,23.89,2.33,0.43
2024-08-15,0.0,23.88,64.4,23.59,2.65,0.43
2024-08-16,0.0,24.3,68.7,23.77,2.71,0.43
2024-08-17,0.0,24.78,65.82,23.87,2.68,0.43
2024-08-18,0.0,24.72,68.71,22.61,2.28,0.43
2024-08-19,0.0,24.71,70.6,23.78,2.71,0.43
2024-08-20,0.03,24.56,74.96,22.37,3.12,0.43
2024-08-21,0.0,24.95,77.29,21.48,3.09,0.43
2024-08-22,0.02,25.53,77.35,21.37,2.81,0.43
2024-08-23,0.01,25.18,75.97,22.07,2.35,0.43
2024-08-24,0.01,25.06,75.62,18.92,2.12,0.43
2024-08-25,0.0,25.74,75.36,19.84,2.01,0.43
2024-08-26,0.0,26.08,73.04,24.47,2.39,0.43
2024-08-27,0.01,25.85,72.15,24.72,2.72,0.43
2024-08-28,0.0,25.35,75.11,24.62,2.6,0.43
2024-08-29,0.05,25.32,75.03,22.86,2.63,0.43
2024-08-30,0.0,25.87,68.72,23.11,2.28,0.43
2024-08-31,0.0,25.66,65.68,24.69,2.27,0.43
2024-09-01,0.01,24.98,71.95,22.4,2.53,0.42
2024-09-02,0.02,25.36,74.65,24.1,3.16,0.42
2024-09-03,0.0,25.7,73.52,25.41,3.07,0.42
2024-09-04,0.03,25.71,74.14,25.23,2.72,0.42
2024-09-05,0.14,25.24,78.28,23.48,2.71,0.42
2024-09-06,0.51,25.68,77.75,21.54,3.41,0.43
2024-09-07,0.07,25.64,77.16,21.97,3.62,0.43
2024-09-08,0.02,26.21,75.7,18.03,3.05,0.43
2024-09-09,0.0,26.07,73.36,25.44,2.55,0.43
2024-09-10,0.0,25.53,72.17,25.08,2.95,0.43
2024-09-11,0.0,25.12,72.95,23.29,2.71,0.43
2024-09-12,0.0,25.48,71.7,23.07,2.77,0.43
2024-09-13,0.03,25.37,70.21,25.65,2.26,0.43
2024-09-14,0.07,25.82,69.76,22.76,2.09,0.42
2024-09-15,0.0,25.96,66.51,24.47,2.25,0.42
2024-09-16,0.04,26.42,64.42,24.1,1.89,0.42
2024-09-17,34.64,25.53,78.85,19.83,2.83,0.45
2024-09-18,15.66,25.86,85.09,14.92,4.26,0.52
2024-09-19,12.85,26.72,81.39,15.26,3.45,0.52
2024-09-20,10.19,26.81,80.76,18.39,2.21,0.54
2024-09-21,2.67,27.07,78.52,20.32,2.01,0.55
2024-09-22,0.06,27.03,75.61,21.79,2.22,0.54
2024-09-23,0.28,27.34,75.33,23.18,1.68,0.53
2024-09-24,2.22,26.64,79.51,20.92,1.91,0.53
2024-09-25,0.66,26.69,76.79,23.75,2.02,0.53
2024-09-26,0.1,26.52,74.42,25.63,2.45,0.52
2024-09-27,0.0,26.15,74.23,26.22,2.78,0.52
2024-09-28,0.01,26.43,75.15,25.81,2.9,0.51
2024-09-29,0.03,26.69,76.06,25.1,2.24,0.51
2024-09-30,0.01,27.06,71.57,26.08,2.21,0.5
2024-10-01,0.0,26.56,74.16,24.47,3.01,0.5
2024-10-02,0.0,26.97,71.1,24.47,2.67,0.5
2024-10-03,0.03,26.55,73.89,25.63,2.9,0.49
2024-10-04,0.07,26.41,73.42,26.21,2.67,0.49
2024-10-05,0.17,26.48,73.28,22.9,2.44,0.49
2024-10-06,0.04,26.25,77.4,23.24,2.99,0.48
2024-10-07,0.05,26.66,73.71,25.66,2.89,0.48
2024-10-08,0.0,26.52,73.29,27.4,2.86,0.48
2024-10-09,0.0,26.3,75.42,26.45,2.72,0.48
2024-10-10,0.02,27.3,74.27,24.83,2.86,0.47
2024-10-11,0.01,26.9,73.96,24.51,2.44,0.47
2024-10-12,0.0,27.09,73.26,26.03,2.65,0.47
2024-10-13,0.03,27.34,74.71,23.1,2.62,0.46
2024-10-14,0.02,27.57,68.19,25.69,2.47,0.46
2024-10-15,0.01,27.76,66.63,25.28,2.16,0.46
2024-10-16,0.0,27.73,68.05,23.82,1.87,0.46
2024-10-17,0.09,27.53,68.68,22.5,1.7,0.45
2024-10-18,0.09,27.43,68.83,25.58,1.92,0.45
2024-10-19,0.09,27.54,70.03,23.98,1.68,0.45
2024-10-20,1.98,27.71,69.92,23.72,1.71,0.45
2024-10-21,1.07,27.6,73.17,24.81,1.99,0.45
2024-10-22,1.19,27.77,73.16,23.12,2.13,0.45
2024-10-23,0.73,28.15,71.08,23.46,2.2,0.45
2024-10-24,0.12,27.9,69.97,26.6,1.63,0.45
2024-10-25,0.02,28.24,65.01,25.7,1.29,0.44
2024-10-26,0.03,28.59,61.64,25.12,1.34,0.44
2024-10-27,0.05,28.89,63.21,25.54,1.72,0.44
2024-10-28,0.11,28.41,66.47,25.46,2.16,0.44
2024-10-29,0.83,27.75,76.75,20.57,3.24,0.44
2024-10-30,2.74,27.31,78.57,15.89,3.51,0.44
2024-10-31,5.25,27.02,77.42,15.39,1.98,0.44
2024-11-01,2.21,27.61,73.01,18.72,2.02,0.45
2024-11-02,1.18,28.14,70.58,24.56,1.83,0.45
2024-11-03,0.34,28.41,66.41,27.19,2.19,0.45
2024-11-04,0.05,27.53,69.53,27.82,2.48,0.44
2024-11-05,0.07,27.52,72.23,23.76,2.64,0.44
2024-11-06,3.32,27.93,72.28,20.8,2.56,0.44
2024-11-07,5.84,27.44,79.06,21.67,1.76,0.45
2024-11-08,0.15,28.27,71.22,25.64,2.09,0.45
2024-11-09,0.04,28.46,67.5,27.39,2.44,0.45
2024-11-10,0.0,27.91,66.27,27.86,2.67,0.45
2024-11-11,0.0,27.16,66.83,28.87,2.48,0.44
2024-11-12,0.04,28.3,60.64,26.65,2.28,0.44
2024-11-13,0.12,27.92,72.91,24.88,2.99,0.44
2024-11-14,0.1,28.17,69.97,25.36,2.69,0.44
2024-11-15,0.16,28.24,70.14,21.46,2.35,0.44
2024-11-16,23.3,28.38,73.03,21.14,2.16,0.45
2024-11-17,32.12,27.2,82.46,22.16,1.96,0.51
2024-11-18,18.08,27.0,82.28,22.5,2.14,0.56
2024-11-19,3.96,27.24,79.86,24.88,2.59,0.57
2024-11-20,0.3,27.54,78.73,24.78,2.17,0.56
2024-11-21,0.48,27.69,76.57,22.22,2.09,0.55
2024-11-22,0.21,27.85,73.77,25.18,2.31,0.54
2024-11-23,0.08,28.39,69.0,24.83,2.25,0.54
2024-11-24,8.85,28.38,74.59,22.09,2.12,0.54
2024-11-25,12.92,27.74,79.13,22.62,1.53,0.56
2024-11-26,1.32,27.95,74.86,19.98,1.24,0.56
2024-11-27,1.27,28.26,73.2,21.93,1.62,0.55
2024-11-28,0.21,27.71,77.62,21.14,1.54,0.55
2024-11-29,2.56,27.87,84.84,20.81,1.97,0.55
2024-11-30,4.77,27.79,82.58,19.39,1.19,0.55
2024-12-01,4.67,28.04,78.95,15.2,1.24,0.56
2024-12-02,12.41,28.49,76.66,18.96,1.8,0.56
2024-12-03,15.39,27.1,82.46,15.92,1.66,0.58
2024-12-04,63.21,26.73,82.75,18.85,1.77,0.63
2024-12-05,13.72,26.15,88.29,12.56,2.31,0.69
2024-12-06,16.96,26.08,88.37,16.47,2.2,0.72
2024-12-07,3.31,26.52,84.04,17.2,2.39,0.71
2024-12-08,4.82,27.53,77.5,18.11,1.17,0.71
2024-12-09,7.13,27.57,80.65,17.52,1.01,0.71
2024-12-10,21.52,27.24,84.22,14.51,1.3,0.72
2024-12-11,2.21,26.88,85.43,9.67,0.87,0.74
2024-12-12,0.84,26.7,84.71,14.76,1.82,0.73
2024-12-13,3.12,26.64,86.43,15.31,1.54,0.73
2024-12-14,7.33,26.24,88.02,18.32,1.87,0.73
2024-12-15,23.06,26.32,85.38,14.28,1.92,0.75
2024-12-16,24.74,26.64,87.04,21.89,2.46,0.78
2024-12-17,22.51,26.73,88.96,21.79,2.76,0.82
2024-12-18,1.45,26.72,87.87,19.86,2.5,0.81
2024-12-19,38.92,26.37,88.62,17.18,2.04,0.83
2024-12-20,6.77,26.49,86.68,22.11,2.14,0.85
2024-12-21,6.8,26.89,86.19,17.25,1.94,0.85
2024-12-22,4.49,26.91,84.96,17.06,2.06,0.85
2024-12-23,30.89,25.77,88.34,13.51,1.98,0.87
2024-12-24,1.94,26.89,81.73,19.04,1.02,0.88
2024-12-25,0.73,27.47,81.6,20.05,1.38,0.86
2024-12-26,1.12,26.86,84.98,16.58,1.21,0.86
2024-12-27,2.43,26.96,85.1,16.11,1.25,0.85
2024-12-28,8.91,26.77,86.95,17.66,1.29,0.86
2024-12-29,10.92,26.58,84.69,15.43,1.57,0.86
2024-12-30,4.37,26.86,82.57,20.74,1.28,0.86
2024-12-31,7.64,26.62,87.71,17.42,1.16,0.87
2025-01-01,6.46,27.13,79.9,18.71,0.65,0.87
2025-01-02,3.51,27.28,79.57,19.49,1.2,0.87
2025-01-03,0.41,27.18,78.84,11.89,0.94,0.86
2025-01-04,43.9,26.09,83.51,18.83,1.62,0.87
2025-01-05,4.85,27.14,73.4,18.86,1.34,0.89
2025-01-06,1.2,27.24,80.77,20.8,1.51,0.88
2025-01-07,1.64,27.03,82.02,20.59,1.29,0.87
2025-01-08,34.36,26.76,84.25,19.15,1.21,0.88
2025-01-09,16.75,26.67,85.67,14.79,1.01,0.91
2025-01-10,4.22,26.68,84.51,21.72,1.17,0.9
2025-01-11,4.26,27.18,78.53,20.28,1.33,0.9
2025-01-12,4.36,27.59,79.14,20.3,1.06,0.89
2025-01-13,4.05,27.52,80.25,18.86,0.88,0.89
2025-01-14,11.47,26.68,88.05,17.74,1.66,0.89
2025-01-15,45.91,25.66,88.53,11.25,2.19,0.92
2025-01-16,26.82,25.44,88.2,13.26,2.59,0.95
2025-01-17,25.84,26.2,87.02,16.44,2.09,0.95
2025-01-18,9.15,26.72,85.68,17.82,1.67,0.95
2025-01-19,16.2,26.61,82.27,13.38,0.59,0.96
2025-01-20,10.22,26.46,83.65,14.73,1.33,0.96
2025-01-21,7.1,25.65,89.26,15.15,1.72,0.96
2025-01-22,4.57,25.89,85.28,16.67,1.21,0.95
2025-01-23,7.67,26.81,85.74,15.87,0.9,0.96
2025-01-24,2.82,27.27,84.88,21.72,0.86,0.95
2025-01-25,13.68,26.92,85.3,19.43,1.15,0.95
2025-01-26,27.42,26.59,85.08,17.08,1.28,0.96
2025-01-27,23.61,26.93,83.6,17.08,1.38,0.97
2025-01-28,44.52,25.92,88.83,16.59,2.01,0.99
2025-01-29,28.0,25.3,90.73,15.54,2.36,0.99
2025-01-30,23.37,25.68,92.4,15.84,2.62,0.99
2025-01-31,23.17,25.51,91.89,5.53,3.32,0.99
2025-02-01,3.51,26.04,87.5,20.93,2.74,0.99
2025-02-02,1.46,26.04,88.77,21.54,3.23,0.98
2025-02-03,0.54,26.15,87.62,19.91,3.39,0.97
2025-02-04,0.68,25.71,90.76,17.73,3.05,0.97
2025-02-05,2.65,25.95,87.63,20.89,3.62,0.96
2025-02-06,25.93,25.74,89.8,15.62,3.16,0.96
2025-02-07,49.81,25.33,90.05,9.1,3.65,0.98
2025-02-08,9.76,25.69,88.97,17.61,3.63,0.98
2025-02-09,12.12,25.98,87.86,15.09,3.79,0.97
2025-02-10,18.55,26.08,87.04,15.15,3.59,0.98
2025-02-11,6.39,26.08,86.37,13.99,3.62,0.97
2025-02-12,3.3,26.36,86.26,17.46,2.48,0.96
2025-02-13,7.69,26.67,84.26,16.97,1.78,0.95
2025-02-14,3.13,26.72,83.16,23.99,1.72,0.95
2025-02-15,1.02,26.51,83.84,18.93,1.2,0.94
2025-02-16,0.72,26.63,83.66,16.07,0.8,0.94
2025-02-17,8.06,25.99,87.56,19.66,1.2,0.94
2025-02-18,19.57,25.24,89.85,11.42,2.06,0.95
2025-02-19,9.95,25.29,88.71,17.05,2.21,0.95
2025-02-20,0.81,26.06,85.75,19.15,2.5,0.94
2025-02-21,6.61,26.66,83.06,17.76,1.19,0.94
2025-02-22,6.72,26.62,83.21,16.49,1.17,0.94
2025-02-23,14.45,26.06,88.02,20.22,1.54,0.94
2025-02-24,6.93,25.46,87.18,20.48,1.67,0.94
2025-02-25,2.69,26.28,80.7,20.71,1.16,0.94
2025-02-26,15.24,26.36,85.55,19.58,1.42,0.93
2025-02-27,2.05,26.74,79.8,23.46,1.1,0.94
2025-02-28,1.58,26.79,78.28,24.83,1.0,0.93
2025-03-01,0.59,26.44,82.76,23.88,1.24,0.92
2025-03-02,0.23,26.59,80.19,26.81,1.44,0.91
2025-03-03,0.05,26.31,84.12,24.39,2.14,0.9
2025-03-04,0.09,26.28,85.58,27.08,2.05,0.89
2025-03-05,0.08,26.65,79.83,26.47,1.84,0.88
2025-03-06,0.06,27.21,78.17,22.49,1.23,0.86
2025-03-07,0.15,27.31,79.95,18.37,1.1,0.85
2025-03-08,7.69,26.59,84.12,19.05,1.0,0.85
2025-03-09,6.04,26.49,81.95,19.38,0.92,0.86
2025-03-10,0.71,26.48,78.94,21.64,1.14,0.85
2025-03-11,18.73,26.61,84.59,16.43,1.37,0.85
2025-03-12,4.19,27.25,78.65,19.93,0.95,0.86
2025-03-13,2.17,26.82,81.52,17.59,0.97,0.85
2025-03-14,2.11,26.57,86.73,14.56,1.44,0.85
2025-03-15,4.28,26.11,81.64,15.73,1.08,0.85
2025-03-16,26.89,26.23,85.85,15.36,1.34,0.86
2025-03-17,11.87,26.35,85.07,18.01,1.32,0.88
2025-03-18,3.17,26.43,84.9,17.66,1.63,0.87
2025-03-19,3.76,26.08,86.95,19.01,2.12,0.87
2025-03-20,5.29,26.79,84.6,19.59,1.63,0.86
2025-03-21,29.43,26.48,86.95,16.3,1.63,0.88
2025-03-22,9.36,25.89,90.45,13.91,2.18,0.89
2025-03-23,1.83,26.06,88.36,16.93,2.4,0.89
2025-03-24,5.45,25.91,87.57,18.74,1.98,0.89
2025-03-25,5.31,25.6,88.97,19.38,2.46,0.89
2025-03-26,8.81,25.8,87.96,13.85,2.64,0.89
2025-03-27,7.75,26.0,86.76,17.48,3.0,0.89
2025-03-28,19.93,26.15,88.05,14.14,3.18,0.89
2025-03-29,7.25,26.01,86.78,12.7,2.63,0.9
2025-03-30,3.82,26.44,84.94,18.3,2.19,0.9
2025-03-31,5.46,26.46,86.32,17.65,2.6,0.89
2025-04-01,17.48,25.84,88.45,17.43,2.64,0.89
2025-04-02,6.46,25.88,84.3,16.42,2.23,0.9
2025-04-03,0.01,25.27,78.42,21.88,2.21,0.89
2025-04-04,0.0,25.34,78.23,22.72,1.55,0.88
2025-04-05,0.04,25.85,78.64,21.29,1.08,0.87
2025-04-06,0.34,25.87,83.45,21.02,1.85,0.86
2025-04-07,2.78,26.07,84.36,20.11,2.05,0.85
2025-04-08,2.64,25.96,87.48,16.6,2.7,0.85
2025-04-09,29.71,25.77,88.31,17.13,1.52,0.86
2025-04-10,2.47,25.92,86.15,21.2,1.34,0.87
2025-04-11,0.5,25.89,82.71,21.03,1.99,0.86
2025-04-12,0.09,26.08,81.99,16.97,1.54,0.85
2025-04-13,4.27,26.31,86.95,20.49,1.77,0.85
2025-04-14,4.55,26.59,84.26,20.13,1.33,0.85
2025-04-15,1.16,26.81,83.24,18.96,1.26,0.85
2025-04-16,0.82,26.55,86.89,20.58,1.12,0.84
2025-04-17,1.05,27.06,79.45,20.47,0.75,0.83
2025-04-18,21.12,25.97,86.4,15.2,2.73,0.84
2025-04-19,17.94,25.23,88.71,10.69,3.09,0.86
2025-04-20,4.7,25.93,88.18,18.82,1.85,0.86
2025-04-21,4.02,25.94,86.49,20.72,1.48,0.86
2025-04-22,0.29,25.88,84.33,20.6,1.52,0.85
2025-04-23,0.96,26.19,83.57,13.7,2.24,0.84
2025-04-24,0.0,25.6,76.04,22.85,1.78,0.83
2025-04-25,0.0,24.86,74.86,22.19,1.6,0.82
2025-04-26,0.0,24.54,75.73,23.73,1.28,0.81
2025-04-27,0.0,24.16,77.63,23.45,1.55,0.79
2025-04-28,0.0,24.61,80.87,23.87,1.67,0.79
2025-04-29,10.27,25.32,86.66,18.53,2.39,0.78
2025-04-30,41.71,25.86,91.71,19.08,3.66,0.83
2025-05-01,3.99,25.56,86.91,11.61,3.44,0.84
2025-05-02,0.04,25.34,81.92,15.6,3.19,0.83
2025-05-03,0.29,25.77,85.39,15.23,3.0,0.82
2025-05-04,0.5,25.83,87.24,10.23,2.9,0.81
2025-05-05,3.02,25.77,89.8,12.02,3.2,0.8
2025-05-06,25.49,25.4,90.28,9.64,2.97,0.81
2025-05-07,6.53,25.02,89.59,15.59,2.54,0.83
2025-05-08,5.11,25.21,86.69,18.97,2.82,0.83
2025-05-09,1.3,25.16,82.2,18.44,2.43,0.82
2025-05-10,1.5,25.04,86.52,14.59,2.39,0.81
2025-05-11,0.03,24.69,79.82,20.39,2.41,0.8
2025-05-12,0.0,24.55,81.23,17.23,2.29,0.79
2025-05-13,0.05,25.18,85.97,20.2,2.27,0.78
2025-05-14,0.15,25.5,87.1,17.67,2.42,0.77
2025-05-15,0.01,25.54,83.45,18.65,2.86,0.76
2025-05-16,0.0,25.06,81.66,19.24,2.9,0.74
2025-05-17,0.02,24.39,77.17,16.8,2.83,0.73
2025-05-18,0.04,24.35,79.24,13.57,3.43,0.72
2025-05-19,0.0,23.87,78.26,15.55,3.22,0.71
2025-05-20,0.25,23.79,81.11,13.39,2.67,0.7
2025-05-21,0.04,24.61,84.32,17.23,2.88,0.69
2025-05-22,0.03,25.03,84.49,16.01,2.97,0.68
2025-05-23,0.0,24.79,83.05,16.59,2.67,0.68
2025-05-24,0.07,25.4,84.74,17.64,2.33,0.67
2025-05-25,0.21,25.69,88.56,18.28,2.59,0.66
2025-05-26,4.87,26.11,88.65,15.9,1.99,0.65
2025-05-27,11.56,25.46,91.68,15.01,1.6,0.67
2025-05-28,0.89,25.39,89.31,17.74,1.9,0.67
2025-05-29,8.25,25.39,90.7,12.89,2.39,0.67
2025-05-30,5.68,25.26,90.39,8.76,3.27,0.68
2025-05-31,0.68,25.07,88.36,14.04,2.98,0.67
2025-06-01,0.73,24.85,86.16,14.18,2.53,0.66
2025-06-02,0.12,24.52,84.83,14.26,2.27,0.65
2025-06-03,0.13,24.12,81.64,16.53,1.81,0.65
2025-06-04,0.88,24.18,81.9,14.77,1.78,0.64
2025-06-05,2.77,24.5,86.03,12.19,2.11,0.64
2025-06-06,0.1,24.92,83.76,11.99,2.66,0.63
2025-06-07,0.0,24.63,79.68,18.77,2.57,0.62
2025-06-08,0.03,24.28,80.05,17.56,2.89,0.61
2025-06-09,0.05,24.46,78.1,10.17,3.04,0.6
2025-06-10,0.01,24.3,76.28,12.98,3.02,0.6
2025-06-11,0.03,24.46,78.84,12.78,3.06,0.59
2025-06-12,0.66,24.75,81.82,9.33,3.66,0.58
2025-06-13,0.02,24.65,76.64,12.89,3.3,0.58
2025-06-14,0.03,24.41,71.18,15.96,2.85,0.57
2025-06-15,0.0,24.22,72.37,17.79,2.53,0.57
2025-06-16,0.0,23.63,71.44,19.7,2.64,0.56
2025-06-17,0.0,23.82,72.99,18.53,2.65,0.55
2025-06-18,0.03,24.44,76.63,15.12,2.84,0.55
2025-06-19,0.12,24.84,81.45,14.67,3.22,0.55
2025-06-20,0.02,24.44,78.01,17.03,3.05,0.54
2025-06-21,0.02,24.04,76.57,17.56,2.65,0.54
2025-06-22,0.88,24.05,80.39,12.73,2.64,0.53
2025-06-23,0.21,23.79,78.98,11.22,2.61,0.53
2025-06-24,0.08,24.24,77.65,15.82,2.67,0.53
2025-06-25,0.0,25.2,76.26,13.94,3.3,0.52
2025-06-26,0.3,25.15,76.88,13.62,3.57,0.52
2025-06-27,0.0,24.79,72.23,12.4,3.82,0.52
2025-06-28,0.0,24.47,72.54,12.45,3.79,0.51
2025-06-29,0.03,24.27,69.7,11.52,3.82,0.51
2025-06-30,0.17,24.36,74.72,11.75,3.99,0.51
2025-07-01,0.04,24.44,73.78,13.66,3.94,0.5
2025-07-02,0.06,24.01,73.71,15.46,3.12,0.5
2025-07-03,0.18,24.32,78.05,17.67,2.69,0.5
2025-07-04,0.03,24.82,79.0,13.31,2.53,0.5
2025-07-05,0.02,24.58,77.37,14.47,2.72,0.49
2025-07-06,0.0,24.04,73.43,20.12,2.78,0.49
2025-07-07,0.0,24.15,75.91,17.78,2.76,0.49
2025-07-08,0.02,24.46,76.7,11.75,2.34,0.49
2025-07-09,0.0,24.15,68.9,17.9,2.5,0.48
2025-07-10,0.0,23.91,71.28,18.46,2.54,0.48
2025-07-11,0.0,24.03,72.85,20.13,3.24,0.48
2025-07-12,0.0,24.42,70.79,18.27,3.23,0.48
2025-07-13,0.25,24.98,79.58,10.58,3.53,0.48
2025-07-14,0.1,24.78,80.13,13.55,3.33,0.48
2025-07-15,0.0,24.13,75.76,21.23,2.41,0.47
2025-07-16,0.0,23.4,75.42,21.3,2.09,0.47
2025-07-17,0.0,23.18,73.82,21.74,1.94,0.47
2025-07-18,0.0,23.22,74.93,21.24,2.14,0.47
2025-07-19,0.03,23.88,74.48,19.96,2.36,0.47
2025-07-20,0.01,24.4,74.86,17.65,2.95,0.46
2025-07-21,0.02,25.1,71.27,15.84,2.61,0.46
2025-07-22,0.0,24.7,74.68,15.75,2.41,0.46
2025-07-23,0.0,25.04,71.71,20.61,2.65,0.46
2025-07-24,0.0,25.44,70.38,20.6,2.44,0.46
2025-07-25,0.02,25.75,76.41,19.07,2.32,0.46
2025-07-26,0.04,25.8,77.72,18.35,2.62,0.45
2025-07-27,0.12,25.47,79.61,16.94,2.47,0.45
2025-07-28,0.32,25.17,80.46,16.96,2.4,0.45
2025-07-29,0.11,24.93,78.6,15.79,2.61,0.45
2025-07-30,0.63,24.59,81.01,11.58,2.61,0.45
2025-07-31,0.24,25.48,77.95,14.27,2.68,0.45
2025-08-01,0.02,25.51,77.09,19.46,3.03,0.45
2025-08-02,0.08,25.28,77.73,15.99,4.34,0.45
2025-08-03,0.01,24.78,69.1,15.87,3.67,0.45
2025-08-04,0.0,24.19,71.57,19.66,3.02,0.44
2025-08-05,0.0,24.14,70.41,20.04,2.69,0.44
2025-08-06,0.01,24.42,69.73,19.92,2.55,0.44
2025-08-07,0.0,24.66,67.75,20.64,2.31,0.44
2025-08-08,0.01,24.67,73.55,21.66,2.71,0.44
2025-08-09,0.26,24.92,76.78,20.8,3.3,0.44
2025-08-10,0.02,24.83,73.31,21.53,3.17,0.44
2025-08-11,0.0,24.28,70.25,23.24,2.94,0.44
2025-08-12,0.0,23.97,63.68,23.57,2.85,0.43
2025-08-13,0.0,23.88,63.14,23.55,3.06,0.43
2025-08-14,0.02,24.02,71.95,22.61,3.27,0.43
2025-08-15,0.0,24.54,68.96,21.62,3.05,0.43
2025-08-16,0.0,24.57,65.38,22.62,3.13,0.43
2025-08-17,0.0,24.95,67.58,22.07,3.68,0.43
2025-08-18,0.01,25.03,68.06,21.7,3.58,0.43
2025-08-19,0.01,24.43,66.84,20.93,3.37,0.43
2025-08-20,0.01,24.15,66.91,22.36,3.22,0.43
2025-08-21,0.01,23.95,67.85,20.89,2.95,0.43
2025-08-22,0.02,24.33,70.76,21.5,2.72,0.43
2025-08-23,0.0,24.74,70.15,20.83,2.61,0.43
2025-08-24,0.0,25.14,70.94,21.44,2.22,0.43
2025-08-25,0.0,24.93,72.38,21.48,1.97,0.43
2025-08-26,0.0,24.98,70.06,22.18,1.67,0.43
2025-08-27,0.04,24.96,74.05,23.93,1.97,0.43
2025-08-28,0.0,25.57,66.51,23.78,1.67,0.43
2025-08-29,0.0,25.55,63.13,23.09,1.45,0.43
2025-08-30,0.0,26.4,56.49,22.08,1.91,0.43
2025-08-31,0.16,25.18,77.01,21.74,3.63,0.43
2025-09-01,0.02,25.41,74.16,22.11,3.99,0.43
2025-09-02,0.01,25.32,72.59,24.69,3.66,0.43
2025-09-03,0.0,24.66,72.5,25.26,2.67,0.43
2025-09-04,0.0,24.83,64.06,25.27,2.43,0.43
2025-09-05,0.0,25.34,61.37,25.35,2.71,0.43
2025-09-06,0.0,25.83,68.93,24.28,2.51,0.43
2025-09-07,2.99,25.94,76.66,17.31,2.75,0.43
2025-09-08,1.58,25.73,82.67,14.05,3.26,0.43
2025-09-09,0.22,26.32,77.66,20.21,3.36,0.43
2025-09-10,0.0,26.18,69.66,23.54,2.68,0.43
2025-09-11,0.02,26.05,73.85,23.66,2.54,0.43
2025-09-12,0.39,26.03,75.1,21.21,2.88,0.43
2025-09-13,0.07,25.82,71.15,20.18,3.65,0.43
2025-09-14,0.0,25.69,68.7,25.35,3.08,0.43
2025-09-15,0.0,25.79,69.64,25.42,2.7,0.43
2025-09-16,0.07,26.02,69.48,24.52,2.56,0.43
2025-09-17,0.0,25.89,68.32,25.1,2.78,0.43
2025-09-18,0.0,26.09,68.02,25.38,3.07,0.43
2025-09-19,0.0,25.3,72.09,24.76,2.89,0.43
2025-09-20,0.0,26.63,69.82,25.59,1.97,0.43
2025-09-21,0.0,27.57,65.89,25.4,1.62,0.43
2025-09-22,0.01,27.3,67.61,24.75,2.27,0.43
2025-09-23,0.27,26.57,72.37,25.19,2.84,0.43
2025-09-24,0.02,26.27,68.2,26.36,3.02,0.43
2025-09-25,0.13,26.29,72.51,21.82,3.23,0.43
2025-09-26,0.22,26.47,73.85,25.41,2.95,0.43
2025-09-27,0.15,27.03,69.8,24.86,2.94,0.43
2025-09-28,0.64,27.19,69.83,24.33,3.0,0.43
2025-09-29,0.33,27.24,64.98,24.31,2.54,0.43
2025-09-30,0.0,27.15,65.79,26.2,2.19,0.43
2025-10-01,0.0,28.08,54.83,26.88,1.53,0.43
2025-10-02,0.03,28.67,53.12,26.37,1.89,0.43
2025-10-03,0.03,27.39,67.54,26.86,2.92,0.43
2025-10-04,0.01,27.1,69.41,26.48,2.58,0.43
2025-10-05,0.01,27.09,68.12,26.19,2.03,0.43
2025-10-06,0.0,26.99,64.84,26.38,1.86,0.43
2025-10-07,0.0,27.73,58.46,23.44,1.91,0.42
2025-10-08,0.12,28.05,59.89,23.02,1.82,0.42
2025-10-09,0.27,28.0,62.08,18.51,2.1,0.42
2025-10-10,4.38,27.01,74.14,18.01,2.58,0.43
2025-10-11,1.3,26.9,74.7,22.47,2.1,0.43
2025-10-12,0.37,27.07,75.89,21.82,2.71,0.43
2025-10-13,0.91,27.16,73.34,20.92,2.05,0.43
2025-10-14,0.9,27.39,72.75,23.89,2.19,0.43
2025-10-15,0.45,27.67,72.25,23.82,2.61,0.43
2025-10-16,1.28,27.45,76.55,22.08,3.45,0.43
2025-10-17,5.16,27.76,73.27,22.11,3.04,0.43
2025-10-18,15.18,27.04,80.85,16.0,2.75,0.46
2025-10-19,5.48,27.83,76.03,22.1,2.89,0.47
2025-10-20,0.93,27.7,72.56,24.42,2.89,0.47
2025-10-21,0.15,27.12,74.96,26.68,2.92,0.47
2025-10-22,0.02,27.4,71.43,26.79,2.52,0.47
2025-10-23,0.01,27.05,68.67,27.7,2.59,0.46
2025-10-24,0.0,27.64,63.87,27.63,2.52,0.46
2025-10-25,0.01,27.73,66.18,26.83,2.11,0.46
2025-10-26,0.03,27.98,67.07,26.33,1.8,0.45
2025-10-27,0.02,27.92,63.51,23.18,1.74,0.45
2025-10-28,0.0,28.24,63.55,25.58,1.41,0.45
2025-10-29,0.03,28.06,66.93,20.71,1.73,0.44
2025-10-30,0.08,28.63,66.69,19.89,1.55,0.44
2025-10-31,9.13,28.44,72.38,22.39,1.83,0.45
2025-11-01,1.53,28.49,69.24,24.72,1.97,0.46
2025-11-02,0.03,29.23,63.34,25.35,1.84,0.45
2025-11-03,0.1,28.41,69.35,23.96,1.63,0.45
2025-11-04,0.39,28.39,68.6,23.26,1.8,0.45
2025-11-05,0.42,27.87,75.59,23.11,1.81,0.45
2025-11-06,6.34,27.71,75.95,20.18,1.63,0.45
2025-11-07,2.31,27.26,78.87,20.94,1.99,0.46
2025-11-08,0.22,27.67,74.06,18.81,1.54,0.46
2025-11-09,1.52,28.08,72.04,23.96,2.05,0.45
2025-11-10,0.99,28.14,71.92,21.87,2.18,0.46
2025-11-11,0.73,28.3,70.83,20.02,2.43,0.45
2025-11-12,0.78,28.39,67.36,18.77,2.18,0.45
2025-11-13,8.66,27.34,76.2,19.22,1.77,0.46
2025-11-14,13.77,26.76,78.73,16.68,1.1,0.48
2025-11-15,19.76,26.47,77.2,15.54,0.77,0.51
2025-11-16,7.24,26.65,84.1,15.55,3.07,0.53
2025-11-17,4.09,26.78,82.57,16.8,2.72,0.53
2025-11-18,1.66,26.9,81.69,17.77,2.06,0.53
2025-11-19,9.98,26.89,80.97,22.84,1.73,0.53
2025-11-20,6.42,27.41,77.83,24.39,2.01,0.55
2025-11-21,0.07,27.61,76.92,23.49,2.46,0.54
2025-11-22,0.2,27.33,77.98,23.44,2.59,0.54
2025-11-23,0.52,27.83,75.45,23.41,3.14,0.53
2025-11-24,0.27,28.16,73.42,22.45,3.39,0.53
2025-11-25,6.26,28.03,75.48,22.68,2.96,0.52
2025-11-26,1.97,28.82,71.47,22.45,1.62,0.53
2025-11-27,0.25,27.99,72.35,18.56,0.87,0.53
2025-11-28,0.82,27.12,81.11,21.99,1.19,0.52
2025-11-29,15.15,28.05,75.87,21.75,1.44,0.53
2025-11-30,29.05,26.55,85.67,19.67,1.22,0.58
2025-12-01,12.32,25.75,89.82,14.97,1.8,0.61
2025-12-02,6.6,26.46,85.75,21.49,1.31,0.62
2025-12-03,1.24,27.08,75.02,23.18,1.35,0.61
2025-12-04,0.7,27.5,68.78,24.88,1.21,0.6
2025-12-05,0.22,27.39,72.01,18.46,1.28,0.59
2025-12-06,7.57,26.27,80.5,17.1,1.54,0.59
2025-12-07,5.85,26.44,80.15,14.8,1.09,0.6
2025-12-08,6.74,26.68,78.39,12.89,1.06,0.6
2025-12-09,3.65,27.03,75.88,16.44,1.16,0.6
2025-12-10,33.85,26.72,82.36,19.87,1.0,0.65
2025-12-11,2.37,27.06,80.65,17.82,1.0,0.65
2025-12-12,22.2,26.29,87.3,19.35,1.65,0.66
2025-12-13,23.91,26.35,83.08,20.47,0.99,0.7
2025-12-14,11.45,26.54,82.45,20.12,1.47,0.72
2025-12-15,3.84,26.32,84.85,20.48,1.7,0.72
2025-12-16,5.92,26.48,84.52,21.49,1.38,0.71
2025-12-17,20.57,26.46,85.45,19.36,1.44,0.73
2025-12-18,14.39,26.03,86.47,11.56,1.12,0.76
2025-12-19,3.72,26.56,83.55,20.45,1.62,0.76
2025-12-20,3.86,26.51,83.16,22.25,2.24,0.75
2025-12-21,23.04,26.66,85.16,18.11,1.8,0.76
2025-12-22,18.7,26.57,85.6,15.36,2.1,0.8
2025-12-23,13.68,26.44,87.06,16.2,2.41,0.8
2025-12-24,36.28,25.92,88.47,18.19,2.28,0.83
2025-12-25,2.45,26.24,86.29,18.14,1.98,0.85
2025-12-26,1.12,26.78,84.14,22.19,1.87,0.84
2025-12-27,1.79,27.08,82.69,21.94,1.7,0.84
2025-12-28,7.52,26.65,85.2,17.4,2.21,0.84
2025-12-29,4.64,26.53,84.02,19.84,1.98,0.84
2025-12-30,35.39,26.44,84.19,15.71,2.15,0.85
2025-12-31,18.28,26.19,88.56,14.82,2.83,0.89
