DATE,PRECTOTCORR,T2M,RH2M,ALLSKY_SFC_SW_DWN,WS2M,GWETROOT
1996-01-01,3.91,25.86,84.94,24.36,0.75,0.59
1996-01-02,15.7,25.66,87.85,14.97,0.86,0.6
1996-01-03,40.86,24.67,92.93,13.92,1.01,0.65
1996-01-04,13.54,24.92,87.96,12.46,0.71,0.7
1996-01-05,7.49,25.66,83.08,19.29,0.53,0.69
1996-01-06,1.35,24.74,84.72,21.43,0.5,0.68
1996-01-07,0.57,26.61,77.44,22.79,0.59,0.66
1996-01-08,0.43,26.73,78.63,25.61,0.66,0.65
1996-01-09,0.08,27.0,79.6,24.86,0.59,0.64
1996-01-10,0.69,26.79,78.55,26.12,0.75,0.63
1996-01-11,1.14,26.35,80.77,25.18,0.72,0.63
1996-01-12,1.34,25.54,84.78,21.08,0.75,0.63
1996-01-13,2.51,25.92,82.84,20.49,0.57,0.62
1996-01-14,1.77,26.0,83.3,20.37,0.65,0.62
1996-01-15,0.93,26.55,81.7,20.51,0.51,0.62
1996-01-16,0.9,27.08,79.34,24.27,0.49,0.62
1996-01-17,1.53,27.05,81.94,20.89,0.37,0.62
1996-01-18,0.75,26.55,81.76,24.08,0.59,0.61
1996-01-19,0.89,25.89,86.51,19.47,0.77,0.61
1996-01-20,40.18,25.05,92.1,10.54,0.95,0.64
1996-01-21,4.64,25.41,86.62,17.85,1.08,0.68
1996-01-22,1.6,26.21,85.96,19.92,0.72,0.67
1996-01-23,13.87,25.78,88.26,18.45,0.7,0.67
1996-01-24,7.89,25.78,83.4,12.15,0.73,0.68
1996-01-25,2.26,25.88,82.64,17.22,0.94,0.68
1996-01-26,2.04,25.62,84.33,20.71,1.09,0.67
1996-01-27,4.7,25.16,89.64,16.56,1.21,0.67
1996-01-28,1.67,25.78,83.3,14.58,1.17,0.66
1996-01-29,3.29,25.59,86.17,16.57,1.15,0.66
1996-01-30,4.51,25.33,86.75,18.74,1.29,0.66
1996-01-31,1.07,25.35,89.75,12.58,0.9,0.66
1996-02-01,15.71,25.59,88.47,18.05,0.75,0.67
1996-02-02,12.47,26.16,84.02,19.79,0.95,0.68
1996-02-03,15.02,25.56,87.28,17.38,1.18,0.7
1996-02-04,2.19,25.48,88.03,15.44,1.06,0.7
1996-02-05,8.34,25.86,85.6,16.77,0.57,0.69
1996-02-06,12.08,25.08,89.75,19.56,0.82,0.7
1996-02-07,18.58,24.44,93.66,17.31,0.95,0.72
1996-02-08,1.73,25.44,89.8,18.16,0.7,0.72
1996-02-09,1.65,25.44,89.52,12.54,1.34,0.71
1996-02-10,2.53,25.53,88.11,15.27,0.81,0.7
1996-02-11,11.13,25.35,88.72,11.26,0.78,0.7
1996-02-12,3.19,24.62,88.42,13.95,0.93,0.71
1996-02-13,2.56,25.34,90.75,20.89,1.11,0.7
1996-02-14,18.47,25.6,93.34,18.11,1.15,0.71
1996-02-15,5.01,25.56,90.05,15.67,0.92,0.73
1996-02-16,19.54,25.01,91.76,14.45,1.2,0.74
1996-02-17,4.01,25.78,87.44,21.16,0.81,0.75
1996-02-18,0.17,26.08,84.36,22.5,0.58,0.73
1996-02-19,1.43,26.38,85.58,16.42,0.64,0.72
1996-02-20,1.05,25.48,87.36,14.51,1.11,0.72
1996-02-21,4.48,25.56,86.55,22.19,0.58,0.72
1996-02-22,8.95,26.47,83.6,24.96,0.55,0.72
1996-02-23,24.08,25.28,90.1,18.63,0.62,0.74
1996-02-24,12.42,25.14,89.05,20.6,0.92,0.77
1996-02-25,6.79,24.8,90.02,13.59,0.88,0.76
1996-02-26,11.76,25.22,86.68,7.38,1.0,0.76
1996-02-27,2.39,25.37,88.21,15.3,1.23,0.76
1996-02-28,6.87,25.5,90.87,18.09,1.04,0.76
1996-02-29,9.67,25.1,93.18,12.18,1.11,0.77
1996-03-01,5.39,25.04,90.74,17.18,1.11,0.77
1996-03-02,2.07,25.15,90.24,18.07,1.01,0.76
1996-03-03,1.51,25.27,88.71,16.23,0.84,0.76
1996-03-04,6.86,25.54,87.78,20.75,1.0,0.76
1996-03-05,1.0,25.69,83.29,24.08,0.95,0.75
1996-03-06,2.89,25.48,88.27,18.11,0.84,0.75
1996-03-07,4.05,26.04,84.57,23.25,0.93,0.75
1996-03-08,6.63,25.21,86.27,17.3,0.98,0.75
1996-03-09,0.68,25.77,84.62,23.01,1.12,0.74
1996-03-10,2.51,25.54,87.14,16.17,1.11,0.74
1996-03-11,18.12,25.54,86.63,18.77,1.01,0.75
1996-03-12,8.25,25.4,90.31,16.14,1.09,0.77
1996-03-13,0.04,26.1,84.89,23.11,0.84,0.76
1996-03-14,0.37,26.9,80.55,23.39,0.41,0.75
1996-03-15,1.4,26.59,84.55,22.46,0.44,0.74
1996-03-16,0.16,26.38,87.52,23.33,0.59,0.74
1996-03-17,0.1,26.67,86.42,24.41,0.63,0.73
1996-03-18,1.46,26.27,89.4,23.5,0.74,0.73
1996-03-19,1.34,26.25,87.18,21.58,0.83,0.73
1996-03-20,0.51,26.44,85.41,21.16,0.65,0.73
1996-03-21,1.64,26.88,82.02,20.91,0.54,0.72
1996-03-22,17.58,26.47,86.2,20.58,0.53,0.73
1996-03-23,24.43,25.4,90.92,19.24,0.63,0.77
1996-03-24,15.45,25.57,88.13,18.57,0.92,0.79
1996-03-25,1.64,25.9,81.11,23.07,1.14,0.78
1996-03-26,0.65,26.16,82.91,24.37,1.02,0.76
1996-03-27,0.02,26.42,80.94,24.54,1.1,0.75
1996-03-28,0.07,26.49,79.68,24.36,0.99,0.74
1996-03-29,0.0,26.02,77.55,24.77,0.99,0.73
1996-03-30,0.0,26.22,79.48,24.5,0.91,0.72
1996-03-31,0.31,26.48,80.21,22.92,0.97,0.72
1996-04-01,0.17,26.73,79.14,23.87,0.85,0.71
1996-04-02,0.12,26.65,81.98,21.01,0.82,0.71
1996-04-03,0.39,26.55,84.36,19.03,0.59,0.7
1996-04-04,2.29,25.99,86.16,19.02,0.52,0.7
1996-04-05,8.4,25.4,87.1,16.62,0.36,0.71
1996-04-06,5.55,26.31,80.44,21.18,0.33,0.72
1996-04-07,0.02,26.26,81.81,22.05,0.91,0.72
1996-04-08,0.14,26.41,81.09,18.95,1.16,0.71
1996-04-09,2.11,25.91,84.93,17.04,1.37,0.7
1996-04-10,3.83,26.3,85.85,15.83,0.92,0.7
1996-04-11,2.58,25.56,85.39,15.78,0.76,0.7
1996-04-12,9.39,25.77,84.72,17.83,0.54,0.71
1996-04-13,7.74,25.71,87.56,17.72,0.66,0.73
1996-04-14,2.4,25.79,87.71,16.99,0.68,0.72
1996-04-15,0.14,26.87,83.01,21.04,0.58,0.72
1996-04-16,5.86,26.89,84.28,19.24,0.48,0.71
1996-04-17,44.26,25.66,91.03,21.78,0.82,0.75
1996-04-18,28.21,26.15,87.34,18.02,0.69,0.81
1996-04-19,2.77,26.38,86.5,21.44,0.74,0.79
1996-04-20,3.5,26.62,82.65,19.42,0.99,0.77
1996-04-21,1.18,26.09,81.42,21.48,1.27,0.76
1996-04-22,0.04,25.54,79.48,22.38,1.37,0.75
1996-04-23,0.0,24.52,76.31,23.82,1.36,0.73
1996-04-24,0.0,24.71,73.58,20.85,1.24,0.72
1996-04-25,0.0,24.56,77.63,20.72,1.13,0.72
1996-04-26,0.19,24.66,80.0,21.23,1.22,0.71
1996-04-27,0.01,24.83,80.43,21.98,1.39,0.71
1996-04-28,0.0,24.88,78.88,20.84,1.31,0.7
1996-04-29,0.0,25.04,79.85,21.73,1.3,0.69
1996-04-30,0.0,25.46,80.63,21.98,1.25,0.69
1996-05-01,0.02,25.79,81.35,21.49,1.28,0.68
1996-05-02,0.18,25.7,81.68,20.34,1.2,0.68
1996-05-03,0.63,24.96,81.43,17.89,1.3,0.68
1996-05-04,0.12,24.28,74.37,21.09,1.26,0.67
1996-05-05,0.0,23.2,73.04,21.04,1.33,0.67
1996-05-06,0.0,23.49,73.94,20.95,1.35,0.66
1996-05-07,0.0,24.26,75.57,20.58,1.06,0.66
1996-05-08,0.08,23.71,77.3,18.21,1.21,0.65
1996-05-09,0.0,23.57,74.35,21.02,1.25,0.65
1996-05-10,0.0,23.97,76.69,21.6,1.13,0.65
1996-05-11,0.0,24.45,81.5,21.03,1.17,0.64
1996-05-12,0.11,24.87,78.61,20.06,1.32,0.64
1996-05-13,0.06,25.08,82.69,18.66,1.02,0.63
1996-05-14,1.13,25.31,86.23,14.92,1.04,0.63
1996-05-15,0.48,25.87,84.85,16.86,0.66,0.63
1996-05-16,0.13,26.21,83.11,19.56,1.0,0.63
1996-05-17,16.43,25.08,86.13,17.39,1.25,0.64
1996-05-18,1.14,24.95,84.23,17.9,1.36,0.65
1996-05-19,0.07,25.18,82.42,17.69,1.33,0.65
1996-05-20,0.01,25.0,80.91,19.22,1.4,0.64
1996-05-21,0.03,24.99,81.1,19.99,1.41,0.64
1996-05-22,0.02,25.04,82.29,19.77,1.4,0.63
1996-05-23,0.14,24.92,79.51,18.86,1.44,0.62
1996-05-24,0.0,24.32,76.94,20.46,1.48,0.62
1996-05-25,0.0,24.72,77.7,19.67,1.18,0.61
1996-05-26,0.0,24.77,78.51,19.23,1.11,0.61
1996-05-27,0.0,24.84,79.24,19.55,1.24,0.61
1996-05-28,0.01,25.33,79.72,18.9,1.05,0.6
1996-05-29,0.03,25.68,82.1,19.33,1.08,0.6
1996-05-30,0.19,26.02,82.98,18.55,1.09,0.6
1996-05-31,0.5,26.16,80.94,17.94,1.16,0.6
1996-06-01,0.34,26.05,80.43,17.32,1.19,0.59
1996-06-02,1.38,25.69,81.65,18.0,1.07,0.59
1996-06-03,0.0,25.68,78.28,19.83,1.41,0.59
1996-06-04,0.0,25.42,74.08,19.68,1.25,0.59
1996-06-05,0.0,25.41,76.15,18.61,1.27,0.58
1996-06-06,0.01,25.46,77.71,17.74,1.11,0.58
1996-06-07,0.29,25.58,80.12,17.42,0.98,0.58
1996-06-08,0.21,25.77,79.06,16.21,1.01,0.57
1996-06-09,0.35,25.3,79.17,18.18,1.2,0.57
1996-06-10,0.08,25.61,78.99,18.24,1.19,0.57
1996-06-11,0.18,25.84,77.76,18.61,1.01,0.57
1996-06-12,0.22,25.35,79.35,18.7,1.14,0.57
1996-06-13,0.05,25.51,78.09,18.02,1.16,0.57
1996-06-14,0.04,25.94,77.04,17.97,0.95,0.56
1996-06-15,0.01,26.26,75.17,18.47,0.83,0.56
1996-06-16,0.03,26.02,75.91,18.02,1.0,0.56
1996-06-17,0.0,25.58,79.13,19.25,0.76,0.56
1996-06-18,0.1,26.06,77.21,16.34,0.63,0.56
1996-06-19,0.08,25.87,78.51,17.46,1.03,0.55
1996-06-20,0.01,26.15,74.87,19.06,0.81,0.55
1996-06-21,0.0,25.79,75.38,17.52,1.06,0.55
1996-06-22,0.0,25.69,74.6,15.6,1.15,0.55
1996-06-23,0.17,26.0,75.26,18.22,0.99,0.55
1996-06-24,2.35,26.52,78.6,17.29,0.66,0.55
1996-06-25,0.29,26.38,77.71,18.08,0.71,0.55
1996-06-26,0.18,26.23,77.21,18.27,0.89,0.55
1996-06-27,0.29,25.91,77.26,17.29,1.08,0.55
1996-06-28,0.05,25.95,74.88,17.81,1.19,0.55
1996-06-29,0.01,26.83,74.81,18.84,0.98,0.54
1996-06-30,0.18,26.71,75.14,18.71,0.92,0.54
1996-07-01,0.0,26.02,72.83,17.93,1.05,0.54
1996-07-02,0.1,25.82,74.61,17.92,1.26,0.54
1996-07-03,0.11,25.85,73.85,18.75,1.0,0.54
1996-07-04,0.0,25.53,74.68,16.07,1.32,0.54
1996-07-05,0.08,25.42,75.5,17.33,1.52,0.54
1996-07-06,0.02,25.05,75.94,17.12,1.48,0.54
1996-07-07,0.03,25.71,75.65,17.73,1.22,0.54
1996-07-08,0.12,25.44,76.26,17.44,1.46,0.53
1996-07-09,0.11,25.41,74.04,16.75,1.43,0.53
1996-07-10,0.02,24.98,73.0,16.35,1.42,0.53
1996-07-11,0.06,25.81,75.05,15.05,0.94,0.53
1996-07-12,0.26,25.86,75.39,16.52,1.07,0.53
1996-07-13,0.03,25.69,73.91,18.26,0.99,0.53
1996-07-14,0.0,25.89,72.26,17.64,0.89,0.53
1996-07-15,0.0,25.48,71.36,19.91,0.89,0.53
1996-07-16,0.22,24.74,72.02,17.42,0.9,0.53
1996-07-17,0.82,24.35,72.16,17.62,1.0,0.53
1996-07-18,0.0,24.49,72.12,19.44,1.15,0.53
1996-07-19,0.0,25.67,70.25,19.64,1.25,0.53
1996-07-20,0.0,26.22,71.11,20.21,1.0,0.52
1996-07-21,0.0,25.82,74.16,18.98,1.13,0.52
1996-07-22,0.12,26.21,74.47,18.26,0.85,0.52
1996-07-23,0.62,26.29,74.38,17.49,0.86,0.52
1996-07-24,0.01,26.46,71.66,19.58,1.0,0.52
1996-07-25,0.01,25.74,76.25,15.69,1.5,0.52
1996-07-26,0.01,25.81,70.5,19.24,1.53,0.52
1996-07-27,0.0,25.69,68.62,19.47,1.24,0.52
1996-07-28,0.0,24.89,71.12,19.23,1.44,0.52
1996-07-29,0.0,24.27,67.13,20.87,1.32,0.52
1996-07-30,0.0,24.56,65.3,19.6,1.23,0.52
1996-07-31,0.11,24.61,67.08,18.68,1.07,0.51
1996-08-01,0.0,24.98,65.85,20.11,1.13,0.51
1996-08-02,0.0,25.04,65.43,19.42,1.07,0.51
1996-08-03,0.05,24.85,67.08,20.71,1.23,0.51
1996-08-04,0.0,24.36,66.4,20.83,1.38,0.51
1996-08-05,0.02,24.78,69.83,19.34,1.2,0.51
1996-08-06,0.01,25.07,74.63,18.84,1.28,0.51
1996-08-07,0.08,25.08,77.1,17.66,1.58,0.51
1996-08-08,0.0,25.54,75.47,15.46,1.3,0.51
1996-08-09,0.3,26.17,73.78,18.08,0.94,0.51
1996-08-10,0.59,26.65,73.88,16.35,0.81,0.51
1996-08-11,0.33,26.75,73.08,19.84,0.94,0.51
1996-08-12,0.0,26.79,69.69,20.72,0.96,0.51
1996-08-13,0.03,26.84,68.55,20.56,0.89,0.51
1996-08-14,0.14,26.75,72.09,18.9,0.98,0.51
1996-08-15,0.26,27.37,70.8,19.84,0.96,0.51
1996-08-16,0.11,26.86,69.85,21.25,1.15,0.51
1996-08-17,0.0,26.3,68.64,18.95,1.15,0.51
1996-08-18,0.0,26.78,69.02,21.11,0.8,0.51
1996-08-19,0.0,26.81,69.51,21.36,0.96,0.5
1996-08-20,0.16,26.92,69.07,20.84,0.88,0.5
1996-08-21,0.23,27.21,68.05,19.93,0.88,0.5
1996-08-22,0.38,26.61,66.37,22.14,1.4,0.5
1996-08-23,0.0,26.13,57.46,21.43,1.15,0.5
1996-08-24,0.0,26.41,61.25,23.0,0.7,0.5
1996-08-25,4.44,26.35,74.95,11.71,0.79,0.51
1996-08-26,1.75,26.6,76.85,19.86,1.0,0.51
1996-08-27,0.05,27.12,71.67,21.76,1.1,0.51
1996-08-28,0.0,26.85,70.33,22.14,1.22,0.51
1996-08-29,0.0,26.83,71.0,20.79,1.24,0.51
1996-08-30,0.03,27.17,68.86,23.54,1.18,0.51
1996-08-31,0.0,27.09,68.46,22.82,1.13,0.51
1996-09-01,0.67,26.64,69.43,20.94,1.22,0.5
1996-09-02,0.21,26.38,68.48,22.3,1.21,0.5
1996-09-03,0.0,26.4,65.22,23.58,1.39,0.5
1996-09-04,0.0,26.45,66.44,22.07,1.31,0.5
1996-09-05,1.87,26.37,68.16,14.46,1.32,0.5
1996-09-06,0.07,26.61,64.7,22.09,1.36,0.5
1996-09-07,0.22,26.35,70.44,20.84,1.16,0.5
1996-09-08,0.37,26.84,66.41,22.76,1.01,0.5
1996-09-09,0.0,26.39,63.75,22.63,1.02,0.5
1996-09-10,0.0,26.35,62.76,23.39,0.86,0.5
1996-09-11,0.18,26.52,65.19,22.56,1.17,0.5
1996-09-12,0.01,26.58,67.71,22.51,1.25,0.5
1996-09-13,0.0,27.3,65.89,23.2,0.9,0.5
1996-09-14,0.0,27.46,64.05,24.62,0.9,0.5
1996-09-15,0.0,27.42,69.55,23.48,1.22,0.5
1996-09-16,0.61,28.27,66.76,23.19,0.87,0.5
1996-09-17,0.18,27.78,66.99,23.78,1.34,0.5
1996-09-18,0.0,27.3,67.56,24.36,1.52,0.5
1996-09-19,0.0,27.71,66.32,23.99,1.08,0.5
1996-09-20,0.59,27.99,65.13,23.97,0.97,0.5
1996-09-21,0.01,28.0,63.6,23.11,0.75,0.5
1996-09-22,0.0,28.02,60.1,24.79,0.84,0.5
1996-09-23,0.0,26.87,56.85,25.55,1.31,0.5
1996-09-24,0.0,26.17,58.22,25.95,1.13,0.5
1996-09-25,0.0,26.95,61.19,25.05,0.7,0.5
1996-09-26,0.0,27.55,58.35,23.68,0.64,0.5
1996-09-27,0.02,27.03,62.42,20.08,0.93,0.49
1996-09-28,0.53,27.04,62.71,23.53,0.96,0.5
1996-09-29,0.03,27.23,63.74,22.76,1.06,0.5
1996-09-30,0.01,28.03,61.52,18.97,0.71,0.5
1996-10-01,0.21,28.35,64.85,23.41,0.93,0.49
1996-10-02,1.05,28.81,65.93,22.95,0.79,0.5
1996-10-03,0.9,28.7,66.93,24.31,1.11,0.5
1996-10-04,0.31,28.59,66.98,23.42,1.1,0.5
1996-10-05,0.27,28.7,63.84,20.91,0.9,0.5
1996-10-06,0.08,28.4,66.08,21.75,1.04,0.5
1996-10-07,0.28,28.83,63.86,23.02,1.01,0.5
1996-10-08,0.06,29.0,62.8,24.32,0.85,0.5
1996-10-09,0.13,29.41,58.58,24.99,0.61,0.5
1996-10-10,0.0,28.92,59.97,23.82,1.1,0.49
1996-10-11,0.02,28.33,59.56,23.07,1.15,0.49
1996-10-12,0.06,28.06,65.09,23.9,1.13,0.49
1996-10-13,0.06,28.86,61.94,24.65,1.08,0.49
1996-10-14,0.01,29.18,62.51,23.72,0.98,0.49
1996-10-15,0.4,29.3,62.36,23.35,0.95,0.49
1996-10-16,9.02,28.59,68.32,24.7,1.12,0.5
1996-10-17,6.08,28.25,70.54,22.91,1.11,0.52
1996-10-18,3.33,28.3,71.2,23.76,0.75,0.52
1996-10-19,0.6,28.64,70.72,22.53,0.65,0.52
1996-10-20,4.73,28.9,69.35,24.45,0.77,0.52
1996-10-21,2.17,28.68,70.56,22.29,0.88,0.52
1996-10-22,2.75,28.75,69.81,26.65,0.82,0.52
1996-10-23,6.89,27.76,79.21,21.64,0.94,0.53
1996-10-24,5.26,27.49,79.19,20.92,0.8,0.54
1996-10-25,2.41,27.71,76.15,22.3,0.74,0.54
1996-10-26,1.0,27.95,71.43,25.71,0.9,0.54
1996-10-27,2.19,28.49,70.36,23.09,0.71,0.53
1996-10-28,20.51,27.76,76.97,22.75,0.74,0.55
1996-10-29,9.7,27.57,78.34,22.46,0.57,0.57
1996-10-30,0.37,28.41,70.09,24.91,1.04,0.57
1996-10-31,0.56,28.01,72.09,19.48,0.98,0.56
1996-11-01,0.23,28.34,68.8,22.12,1.13,0.55
1996-11-02,0.14,28.44,68.57,23.13,1.17,0.54
1996-11-03,0.27,27.78,71.25,20.88,1.31,0.54
1996-11-04,0.74,28.84,67.12,22.43,0.97,0.53
1996-11-05,1.27,27.95,71.96,20.66,0.7,0.53
1996-11-06,7.48,27.09,75.62,18.37,0.51,0.54
1996-11-07,23.44,25.57,85.2,14.47,0.87,0.56
1996-11-08,5.81,25.78,85.37,16.64,0.92,0.58
1996-11-09,1.71,26.99,80.46,24.83,0.58,0.58
1996-11-10,0.44,27.94,74.83,23.17,1.0,0.57
1996-11-11,0.06,27.13,74.87,24.12,0.72,0.56
1996-11-12,0.16,28.04,70.55,21.76,0.82,0.56
1996-11-13,0.02,28.08,70.16,22.8,0.86,0.55
1996-11-14,5.86,27.63,74.29,22.28,0.91,0.55
1996-11-15,5.18,26.54,79.15,17.9,0.82,0.56
1996-11-16,13.82,26.06,83.89,16.98,0.74,0.57
1996-11-17,11.91,26.08,84.74,15.86,0.61,0.59
1996-11-18,16.93,26.06,85.47,23.99,0.77,0.61
1996-11-19,1.07,27.18,79.2,25.48,0.67,0.61
1996-11-20,4.17,26.98,81.32,21.6,0.72,0.6
1996-11-21,5.32,26.9,80.95,18.37,0.92,0.6
1996-11-22,2.54,27.33,75.6,21.79,1.27,0.59
1996-11-23,2.69,27.65,73.32,21.65,0.97,0.59
1996-11-24,1.92,27.65,74.59,23.11,0.74,0.58
1996-11-25,0.2,28.2,67.71,25.13,1.0,0.58
1996-11-26,0.01,28.08,66.22,24.29,1.11,0.57
1996-11-27,0.02,27.96,64.18,24.28,0.96,0.56
1996-11-28,0.17,28.66,63.32,25.0,0.78,0.55
1996-11-29,1.95,28.46,71.8,17.83,0.84,0.55
1996-11-30,13.28,27.55,81.91,19.18,0.76,0.56
1996-12-01,10.89,27.47,82.57,21.41,0.49,0.58
1996-12-02,67.8,25.82,90.77,14.46,0.96,0.64
1996-12-03,6.5,26.73,82.72,19.5,0.54,0.69
1996-12-04,4.64,26.98,84.45,19.49,0.61,0.67
1996-12-05,4.28,27.46,79.35,18.22,0.42,0.66
1996-12-06,3.52,26.97,83.67,23.45,0.48,0.65
1996-12-07,11.2,26.09,90.3,16.83,0.68,0.65
1996-12-08,3.53,25.58,88.26,13.3,0.81,0.66
1996-12-09,2.41,26.1,85.35,17.02,0.5,0.65
1996-12-10,10.65,25.48,89.38,12.36,0.87,0.64
1996-12-11,7.06,26.58,82.6,18.71,0.74,0.66
1996-12-12,5.09,25.82,88.07,18.26,0.98,0.65
1996-12-13,10.97,26.27,84.84,14.92,1.09,0.65
1996-12-14,7.73,26.17,85.82,17.77,1.36,0.66
1996-12-15,17.24,25.94,89.49,13.99,1.36,0.67
1996-12-16,11.45,25.58,91.23,14.4,1.18,0.69
1996-12-17,1.0,25.86,85.34,19.98,0.82,0.68
1996-12-18,0.67,25.98,83.33,20.09,1.02,0.67
1996-12-19,1.19,26.17,81.99,21.09,0.67,0.66
1996-12-20,2.32,25.84,81.77,19.0,1.07,0.65
1996-12-21,17.89,25.3,88.93,16.31,0.92,0.66
1996-12-22,4.98,25.61,85.02,18.0,1.17,0.68
1996-12-23,0.92,25.15,87.38,15.66,1.27,0.67
1996-12-24,2.88,25.73,85.24,19.74,0.95,0.66
1996-12-25,4.28,25.65,88.72,20.14,0.91,0.66
1996-12-26,2.07,25.58,86.06,23.09,1.08,0.66
1996-12-27,1.4,25.9,83.88,18.91,1.07,0.66
1996-12-28,3.66,25.75,84.86,17.92,1.4,0.66
1996-12-29,6.32,26.48,82.21,21.63,1.64,0.66
1996-12-30,11.25,26.27,86.12,21.46,1.83,0.66
1996-12-31,25.18,26.2,87.46,18.69,1.93,0.69
1997-01-01,18.02,25.6,90.41,10.74,1.63,0.71
1997-01-02,16.57,25.58,91.15,15.14,1.2,0.73
1997-01-03,19.93,24.98,89.75,16.65,0.77,0.74
1997-01-04,2.22,25.61,80.91,25.87,0.97,0.74
1997-01-05,0.24,26.17,79.54,25.04,0.91,0.72
1997-01-06,4.9,26.25,82.13,26.53,0.98,0.71
1997-01-07,7.25,26.19,84.41,25.68,1.2,0.71
1997-01-08,10.06,25.4,89.82,11.84,1.09,0.72
1997-01-09,13.82,24.98,90.8,15.58,0.59,0.73
1997-01-10,13.31,25.12,89.51,20.4,0.69,0.74
1997-01-11,7.13,25.51,83.9,21.67,0.57,0.75
1997-01-12,2.7,26.18,82.17,22.13,0.7,0.74
1997-01-13,0.96,25.04,89.06,21.71,1.0,0.73
1997-01-14,0.72,25.49,86.21,21.72,0.63,0.72
1997-01-15,4.41,24.79,87.72,22.44,0.87,0.72
1997-01-16,4.59,24.5,87.5,16.78,1.07,0.72
1997-01-17,3.84,25.17,85.5,14.81,1.03,0.72
1997-01-18,19.56,25.17,91.18,17.24,1.46,0.73
1997-01-19,3.84,25.09,89.59,17.29,1.3,0.75
1997-01-20,9.9,25.59,87.25,19.72,0.95,0.74
1997-01-21,12.13,25.08,93.25,19.36,1.2,0.76
1997-01-22,8.72,25.17,90.76,14.56,1.55,0.76
1997-01-23,2.51,25.64,87.28,10.83,1.7,0.76
1997-01-24,10.54,25.26,90.61,6.61,1.48,0.75
1997-01-25,7.21,25.28,89.01,15.7,1.75,0.76
1997-01-26,2.06,25.1,87.72,20.02,1.45,0.76
1997-01-27,1.75,24.97,88.5,18.92,1.53,0.75
1997-01-28,0.99,25.38,88.82,19.97,1.45,0.75
1997-01-29,0.68,25.17,88.88,22.2,1.05,0.74
1997-01-30,0.44,26.27,83.92,21.9,1.11,0.74
1997-01-31,4.52,26.21,86.23,19.56,1.43,0.73
1997-02-01,1.75,26.08,86.03,20.49,1.23,0.73
1997-02-02,0.13,25.95,86.56,24.44,0.8,0.73
1997-02-03,1.74,25.84,87.68,20.11,0.93,0.73
1997-02-04,6.88,25.05,89.16,18.41,0.95,0.73
1997-02-05,2.28,25.63,88.94,17.09,1.05,0.74
1997-02-06,10.23,25.31,90.47,18.24,0.44,0.74
1997-02-07,29.42,24.55,94.51,14.82,0.8,0.76
1997-02-08,32.52,24.58,90.97,14.77,0.73,0.81
1997-02-09,12.45,25.21,89.86,16.63,0.59,0.8
1997-02-10,6.94,24.91,92.81,19.75,0.48,0.81
1997-02-11,13.36,25.0,91.54,14.92,0.6,0.8
1997-02-12,16.63,25.65,89.05,19.38,0.76,0.82
1997-02-13,5.81,25.27,90.23,17.59,1.01,0.82
1997-02-14,6.11,24.99,93.72,19.71,0.9,0.81
1997-02-15,11.3,25.06,93.55,14.1,0.71,0.82
1997-02-16,8.32,25.08,91.42,14.89,0.87,0.82
1997-02-17,7.05,25.09,90.99,18.05,0.98,0.82
1997-02-18,4.6,25.08,90.81,16.22,1.49,0.82
1997-02-19,25.4,25.28,93.85,12.6,1.81,0.83
1997-02-20,13.56,25.32,92.58,18.3,1.41,0.86
1997-02-21,8.41,25.25,90.3,14.54,1.18,0.85
1997-02-22,8.55,25.45,89.57,15.15,1.43,0.85
1997-02-23,9.3,24.86,91.78,10.11,1.04,0.85
1997-02-24,27.94,25.05,89.6,18.06,1.25,0.86
1997-02-25,35.66,24.87,93.18,12.61,1.45,0.89
1997-02-26,11.51,24.44,93.43,13.47,1.28,0.9
1997-02-27,8.25,25.4,89.23,17.43,0.96,0.89
1997-02-28,8.52,25.41,87.39,18.93,1.0,0.89
1997-03-01,0.96,25.63,85.88,21.88,1.12,0.88
1997-03-02,0.73,25.37,86.6,22.48,1.12,0.87
1997-03-03,1.84,25.12,88.47,18.43,1.14,0.86
1997-03-04,0.62,25.39,88.71,21.79,1.09,0.85
1997-03-05,2.66,25.14,90.04,19.91,1.01,0.85
1997-03-06,1.72,25.23,86.03,19.72,1.02,0.85
1997-03-07,2.5,25.4,85.2,19.95,0.95,0.84
1997-03-08,0.37,25.19,79.32,24.86,0.71,0.84
1997-03-09,0.09,25.17,77.83,25.05,0.64,0.83
1997-03-10,0.09,24.98,78.58,25.59,0.73,0.82
1997-03-11,1.12,25.24,80.16,24.26,0.61,0.82
1997-03-12,0.07,25.34,79.58,22.9,0.55,0.81
1997-03-13,0.02,25.6,78.08,25.82,0.66,0.8
1997-03-14,0.01,25.32,79.95,23.48,0.82,0.8
1997-03-15,0.02,25.49,81.99,23.18,0.99,0.79
1997-03-16,0.06,25.1,82.23,24.45,1.03,0.79
1997-03-17,0.04,24.86,83.45,22.6,0.95,0.78
1997-03-18,0.12,25.24,81.22,22.84,0.79,0.78
1997-03-19,1.77,25.23,81.08,23.32,0.94,0.77
1997-03-20,0.03,25.38,81.46,26.36,1.05,0.77
1997-03-21,0.05,25.41,81.81,23.48,1.05,0.77
1997-03-22,0.05,26.04,84.78,20.62,0.97,0.76
1997-03-23,0.04,25.6,80.73,25.85,1.16,0.76
1997-03-24,0.0,25.32,80.37,24.16,1.02,0.75
1997-03-25,0.2,25.48,81.1,23.67,0.86,0.75
1997-03-26,2.64,25.9,85.43,23.23,0.96,0.75
1997-03-27,0.41,25.76,81.67,22.58,1.07,0.75
1997-03-28,0.11,25.68,81.46,23.35,0.95,0.74
1997-03-29,0.29,26.29,83.06,24.42,0.82,0.73
1997-03-30,0.07,26.73,82.16,24.08,0.85,0.73
1997-03-31,0.13,26.31,82.56,23.82,0.95,0.72
1997-04-01,0.15,25.96,82.52,22.26,0.98,0.72
1997-04-02,0.78,26.05,83.45,18.99,0.93,0.72
1997-04-03,6.84,25.53,87.61,17.74,0.54,0.72
1997-04-04,3.19,26.27,84.35,18.89,0.56,0.73
1997-04-05,31.27,26.25,85.38,21.08,0.77,0.75
1997-04-06,6.24,25.95,85.29,21.89,0.7,0.77
1997-04-07,1.5,25.82,84.33,21.29,0.8,0.76
1997-04-08,2.79,25.7,84.32,22.38,0.79,0.75
1997-04-09,1.6,25.71,82.66,20.39,0.78,0.75
1997-04-10,0.32,25.66,81.48,14.7,0.78,0.74
1997-04-11,4.62,26.02,80.28,20.85,0.61,0.73
1997-04-12,2.58,25.92,82.29,19.05,0.63,0.73
1997-04-13,7.07,26.07,84.18,21.09,0.87,0.73
1997-04-14,3.2,25.67,87.13,19.7,0.68,0.74
1997-04-15,0.17,25.35,86.26,19.95,0.86,0.74
1997-04-16,0.1,25.62,82.73,21.94,0.92,0.73
1997-04-17,1.22,25.48,85.07,19.43,0.81,0.72
1997-04-18,1.64,25.07,87.59,19.52,0.93,0.72
1997-04-19,1.89,25.6,83.77,21.58,1.2,0.72
1997-04-20,0.08,25.89,82.43,20.48,1.22,0.71
1997-04-21,0.32,26.11,80.92,22.3,1.09,0.71
1997-04-22,0.08,26.02,80.59,20.99,1.02,0.7
1997-04-23,0.07,26.21,79.34,20.51,0.95,0.7
1997-04-24,1.28,25.87,82.75,20.81,1.04,0.69
1997-04-25,0.61,25.75,82.09,19.19,1.13,0.69
1997-04-26,0.01,26.03,81.61,21.37,1.23,0.68
1997-04-27,0.88,26.22,83.15,20.63,1.33,0.68
1997-04-28,1.13,26.15,86.39,17.95,1.09,0.68
1997-04-29,0.61,26.24,85.77,17.74,0.83,0.68
1997-04-30,0.39,25.44,84.96,19.57,1.14,0.67
1997-05-01,0.43,25.44,77.73,19.63,1.0,0.67
1997-05-02,0.03,25.35,77.74,21.41,1.11,0.66
1997-05-03,0.02,25.08,77.64,20.53,1.18,0.66
1997-05-04,0.01,25.09,79.26,21.16,1.06,0.65
1997-05-05,0.07,25.3,82.06,20.41,0.95,0.65
1997-05-06,0.38,25.91,82.18,17.79,0.86,0.65
1997-05-07,0.11,26.26,80.56,19.07,0.86,0.64
1997-05-08,0.1,26.2,81.6,18.25,0.77,0.64
1997-05-09,0.01,26.52,82.64,19.62,0.83,0.64
1997-05-10,0.92,26.47,82.56,17.69,0.82,0.63
1997-05-11,0.03,26.26,82.4,16.85,0.85,0.63
1997-05-12,0.1,26.22,81.53,20.43,0.95,0.63
1997-05-13,0.0,26.4,80.36,19.0,0.79,0.62
1997-05-14,0.18,26.73,80.74,19.17,0.75,0.62
1997-05-15,0.0,26.34,81.65,18.56,0.85,0.62
1997-05-16,20.78,25.75,83.95,19.92,0.92,0.64
1997-05-17,12.23,25.13,83.36,19.58,1.16,0.66
1997-05-18,0.53,25.23,83.19,19.36,0.95,0.66
1997-05-19,0.41,25.71,82.55,19.86,0.6,0.65
1997-05-20,0.36,25.99,80.39,19.59,0.64,0.65
1997-05-21,0.02,26.3,74.96,19.24,0.47,0.64
1997-05-22,0.01,26.39,74.74,19.16,0.49,0.63
1997-05-23,0.6,25.38,80.53,18.15,0.9,0.62
1997-05-24,4.78,24.91,83.44,17.32,1.09,0.62
1997-05-25,8.09,25.42,83.74,17.85,0.99,0.63
1997-05-26,0.28,25.79,80.43,19.3,1.03,0.63
1997-05-27,0.12,25.67,80.2,19.2,1.08,0.63
1997-05-28,0.0,25.12,78.5,19.7,1.11,0.62
1997-05-29,0.0,24.75,77.08,20.14,1.29,0.61
1997-05-30,0.0,24.98,77.42,19.63,1.2,0.61
1997-05-31,0.19,25.38,78.67,18.9,0.91,0.6
1997-06-01,0.03,25.55,77.34,19.24,0.81,0.6
1997-06-02,0.0,25.28,78.3,19.59,0.89,0.6
1997-06-03,0.03,25.58,76.57,19.87,0.79,0.59
1997-06-04,0.06,25.93,75.94,18.12,0.8,0.59
1997-06-05,0.02,25.97,76.6,17.13,0.8,0.59
1997-06-06,2.05,25.7,76.51,18.89,0.97,0.58
1997-06-07,0.86,25.66,77.17,18.91,1.12,0.58
1997-06-08,0.12,25.57,75.07,17.73,0.97,0.58
1997-06-09,0.32,25.63,79.48,19.01,0.84,0.58
1997-06-10,0.19,25.79,78.48,18.01,0.9,0.58
1997-06-11,0.09,26.1,78.65,18.03,0.85,0.57
1997-06-12,10.56,25.78,81.31,16.42,0.86,0.58
1997-06-13,0.06,25.97,78.02,19.15,0.88,0.59
1997-06-14,0.02,25.93,77.84,19.11,1.03,0.58
1997-06-15,0.07,25.82,77.16,18.55,0.93,0.58
1997-06-16,0.08,25.36,77.95,17.34,1.07,0.58
1997-06-17,0.07,25.05,76.95,15.72,1.38,0.57
1997-06-18,0.0,25.05,76.64,18.0,1.18,0.57
1997-06-19,0.02,25.02,76.27,17.29,1.11,0.57
1997-06-20,0.02,24.87,76.4,17.55,1.15,0.57
1997-06-21,0.06,25.27,75.75,18.08,1.25,0.56
1997-06-22,0.03,25.0,74.55,17.35,1.3,0.56
1997-06-23,0.0,24.89,74.14,17.99,1.25,0.56
1997-06-24,0.0,24.55,73.33,18.55,1.38,0.56
1997-06-25,0.01,24.73,72.54,18.87,1.32,0.55
1997-06-26,0.01,24.98,71.51,18.49,1.71,0.55
1997-06-27,0.0,24.62,73.32,18.93,1.46,0.55
1997-06-28,0.01,24.21,73.95,18.73,1.46,0.55
1997-06-29,0.02,24.57,75.7,15.46,1.1,0.55
1997-06-30,0.06,25.37,75.56,17.49,1.06,0.55
1997-07-01,0.14,25.36,76.54,17.72,1.12,0.55
1997-07-02,0.08,25.84,75.69,17.31,0.87,0.54
1997-07-03,0.33,25.72,77.23,17.65,0.81,0.54
1997-07-04,0.18,25.68,75.02,17.88,1.21,0.54
1997-07-05,0.0,24.88,72.9,19.5,1.16,0.54
1997-07-06,0.0,24.72,73.73,19.32,1.34,0.54
1997-07-07,0.0,24.42,72.24,19.07,1.39,0.54
1997-07-08,0.0,23.83,67.82,19.59,1.37,0.54
1997-07-09,0.06,23.41,73.95,19.01,1.28,0.54
1997-07-10,0.01,23.59,73.69,19.51,1.29,0.54
1997-07-11,0.0,23.43,75.8,16.53,1.69,0.53
1997-07-12,0.0,23.47,76.26,15.38,1.42,0.53
1997-07-13,0.03,24.35,78.06,16.51,1.3,0.53
1997-07-14,0.08,24.93,77.57,17.81,1.24,0.53
1997-07-15,0.03,24.92,75.34,17.41,1.36,0.53
1997-07-16,0.0,24.8,72.22,18.32,1.48,0.53
1997-07-17,0.01,25.38,72.61,19.84,1.27,0.53
1997-07-18,0.04,25.33,73.51,20.27,1.39,0.53
1997-07-19,0.0,24.21,70.62,18.23,1.71,0.53
1997-07-20,0.0,24.27,68.77,18.95,1.3,0.53
1997-07-21,0.05,24.29,69.73,19.73,1.2,0.53
1997-07-22,0.02,24.61,72.48,19.37,0.92,0.53
1997-07-23,0.13,25.17,72.07,18.23,0.84,0.52
1997-07-24,0.14,25.1,72.77,18.03,0.85,0.52
1997-07-25,0.03,24.62,74.42,19.51,1.04,0.52
1997-07-26,0.09,24.92,72.79,19.77,1.07,0.52
1997-07-27,0.15,24.85,70.25,20.11,1.19,0.52
1997-07-28,0.03,24.65,72.36,18.42,1.28,0.52
1997-07-29,0.31,24.84,71.79,19.15,1.04,0.52
1997-07-30,0.0,24.77,70.66,19.41,0.86,0.52
1997-07-31,0.03,24.85,68.74,18.83,0.91,0.52
1997-08-01,0.01,24.51,67.84,19.92,0.97,0.52
1997-08-02,0.35,24.74,71.21,19.71,0.9,0.52
1997-08-03,0.0,25.5,70.13,20.12,0.71,0.52
1997-08-04,0.12,26.12,71.81,19.48,0.62,0.51
1997-08-05,0.08,26.71,70.04,19.04,0.65,0.51
1997-08-06,0.02,25.49,69.28,19.84,1.15,0.51
1997-08-07,0.0,24.5,70.6,20.8,1.16,0.51
1997-08-08,0.0,24.79,69.64,20.64,0.97,0.51
1997-08-09,0.02,25.11,69.11,19.0,0.85,0.51
1997-08-10,0.16,24.75,70.48,20.4,1.19,0.51
1997-08-11,0.04,24.06,70.05,19.98,1.37,0.51
1997-08-12,0.08,24.53,72.06,18.7,1.15,0.51
1997-08-13,0.01,24.76,70.33,20.7,1.06,0.51
1997-08-14,0.01,25.09,67.8,20.39,0.89,0.51
1997-08-15,0.08,25.37,66.38,19.96,0.82,0.51
1997-08-16,0.32,24.93,69.85,17.46,0.85,0.51
1997-08-17,0.51,24.59,69.95,20.48,0.99,0.51
1997-08-18,0.01,24.49,66.4,19.94,0.94,0.51
1997-08-19,0.0,24.49,64.68,22.53,1.3,0.51
1997-08-20,0.0,24.63,65.48,22.39,1.0,0.51
1997-08-21,0.02,24.82,68.54,22.08,0.83,0.51
1997-08-22,0.19,25.38,69.66,20.5,0.73,0.51
1997-08-23,0.26,25.48,67.86,21.04,0.91,0.51
1997-08-24,0.07,25.93,68.24,22.32,0.69,0.51
1997-08-25,0.6,25.99,67.38,22.4,0.98,0.51
1997-08-26,0.17,26.49,66.55,21.08,0.83,0.51
1997-08-27,0.13,26.5,65.91,21.46,0.96,0.51
1997-08-28,0.0,26.99,64.73,22.27,0.77,0.51
1997-08-29,0.0,26.38,64.3,22.68,0.87,0.5
1997-08-30,0.0,26.24,63.73,22.95,0.7,0.5
1997-08-31,0.0,25.49,67.43,22.04,0.92,0.5
1997-09-01,0.0,25.28,66.14,22.34,1.07,0.5
1997-09-02,0.0,25.03,67.6,22.94,0.98,0.5
1997-09-03,0.0,26.02,66.22,23.3,0.9,0.5
1997-09-04,0.0,26.81,63.93,23.55,0.9,0.5
1997-09-05,0.0,27.17,63.98,23.7,0.77,0.5
1997-09-06,0.0,26.53,66.08,23.34,0.96,0.5
1997-09-07,0.01,26.36,67.42,23.27,1.02,0.5
1997-09-08,0.0,25.9,65.21,23.39,1.05,0.5
1997-09-09,0.02,25.84,67.79,22.98,1.17,0.5
1997-09-10,0.0,25.65,69.61,22.57,1.29,0.5
1997-09-11,0.0,25.64,69.96,23.13,1.24,0.5
1997-09-12,0.0,26.06,69.31,23.75,1.19,0.5
1997-09-13,0.0,26.35,68.67,21.24,0.83,0.5
1997-09-14,0.04,25.85,67.48,23.04,0.94,0.5
1997-09-15,0.22,26.22,65.37,22.8,0.83,0.5
1997-09-16,0.59,26.43,64.5,23.07,0.85,0.5
1997-09-17,0.08,26.35,64.52,23.43,0.76,0.5
1997-09-18,0.13,25.81,64.29,24.66,0.96,0.5
1997-09-19,0.0,25.74,67.62,24.03,1.19,0.5
1997-09-20,0.0,25.91,66.82,24.86,0.99,0.5
1997-09-21,0.0,26.02,64.29,25.03,1.07,0.5
1997-09-22,0.04,26.15,65.86,23.19,0.85,0.5
1997-09-23,0.0,26.44,63.91,24.52,0.99,0.5
1997-09-24,0.0,26.4,66.53,25.37,1.15,0.5
1997-09-25,0.0,26.39,68.45,25.37,1.2,0.5
1997-09-26,0.08,26.93,64.93,25.08,1.12,0.5
1997-09-27,0.03,26.78,66.86,25.2,1.12,0.5
1997-09-28,0.0,27.23,66.5,25.34,1.11,0.5
1997-09-29,0.0,27.19,65.84,25.13,1.14,0.5
1997-09-30,0.0,26.87,67.6,25.06,1.12,0.5
1997-10-01,0.03,27.13,68.16,21.41,1.0,0.5
1997-10-02,0.15,27.39,68.26,20.79,0.92,0.5
1997-10-03,0.2,27.3,68.8,22.06,0.86,0.5
1997-10-04,0.03,27.67,66.97,24.48,0.95,0.5
1997-10-05,0.02,27.46,66.67,24.96,0.95,0.5
1997-10-06,0.01,27.01,61.77,23.32,0.99,0.5
1997-10-07,0.0,26.66,61.41,23.88,1.05,0.49
1997-10-08,0.0,26.67,57.4,23.82,0.76,0.49
1997-10-09,0.0,26.68,60.05,23.78,0.89,0.49
1997-10-10,0.0,26.64,63.79,23.67,1.2,0.49
1997-10-11,0.0,27.37,65.96,23.07,1.15,0.49
1997-10-12,0.0,27.67,66.92,23.08,1.18,0.49
1997-10-13,0.0,27.62,65.99,23.79,0.99,0.49
1997-10-14,0.0,27.39,62.26,24.94,0.75,0.49
1997-10-15,0.0,27.76,61.22,24.56,0.88,0.49
1997-10-16,0.0,28.25,59.45,24.41,0.83,0.49
1997-10-17,0.0,28.59,62.86,23.82,0.7,0.49
1997-10-18,0.29,28.68,62.14,25.39,0.86,0.49
1997-10-19,0.15,28.85,63.98,24.58,0.91,0.49
1997-10-20,0.0,29.53,60.27,25.19,0.71,0.49
1997-10-21,0.11,29.18,64.31,22.54,0.86,0.49
1997-10-22,0.03,29.44,62.67,23.62,0.75,0.49
1997-10-23,0.0,29.3,60.33,23.71,0.77,0.49
1997-10-24,0.0,29.03,61.93,24.27,0.72,0.49
1997-10-25,0.05,28.85,61.5,22.7,0.8,0.49
1997-10-26,0.27,28.78,61.34,25.17,0.8,0.49
1997-10-27,0.01,28.81,62.86,24.13,0.9,0.49
1997-10-28,0.31,29.19,61.89,24.19,0.72,0.49
1997-10-29,0.03,28.98,60.22,25.81,0.84,0.49
1997-10-30,0.05,28.23,61.98,25.06,0.8,0.49
1997-10-31,0.11,28.06,63.17,22.75,0.8,0.49
1997-11-01,0.8,28.17,62.77,23.88,0.72,0.49
1997-11-02,0.04,28.93,59.6,23.67,0.81,0.49
1997-11-03,0.08,29.42,59.71,24.06,0.86,0.49
1997-11-04,0.0,29.56,61.15,23.97,0.73,0.49
1997-11-05,0.02,29.26,63.09,24.06,0.78,0.49
1997-11-06,0.12,29.55,61.36,21.15,0.74,0.49
1997-11-07,0.09,29.93,59.24,21.93,0.79,0.49
1997-11-08,0.05,29.55,60.35,21.8,0.75,0.49
1997-11-09,0.05,29.28,61.04,24.85,0.95,0.49
1997-11-10,0.55,28.84,63.12,23.38,1.05,0.49
1997-11-11,1.06,29.07,63.28,22.23,0.92,0.49
1997-11-12,0.39,29.52,60.5,23.53,0.78,0.49
1997-11-13,0.02,28.88,65.43,21.75,1.19,0.49
1997-11-14,0.11,28.52,67.67,22.67,1.21,0.49
1997-11-15,0.16,28.44,67.17,22.18,1.23,0.49
1997-11-16,4.67,28.43,68.23,19.27,1.05,0.49
1997-11-17,0.64,28.5,69.14,20.74,1.02,0.5
1997-11-18,0.08,28.45,67.23,21.24,0.92,0.5
1997-11-19,0.33,29.25,64.56,22.98,0.79,0.5
1997-11-20,0.01,30.3,59.84,23.5,0.66,0.5
1997-11-21,0.03,30.08,61.5,23.39,0.64,0.49
1997-11-22,0.21,29.68,63.78,21.66,0.72,0.49
1997-11-23,0.23,29.43,62.72,22.29,0.62,0.49
1997-11-24,0.37,29.87,61.96,24.16,0.56,0.49
1997-11-25,1.56,29.46,63.45,24.82,0.79,0.49
1997-11-26,7.07,28.43,69.1,24.52,0.64,0.5
1997-11-27,0.1,28.51,69.23,23.23,0.57,0.51
1997-11-28,13.33,27.63,75.02,22.34,0.3,0.52
1997-11-29,0.78,28.09,71.02,24.7,0.56,0.53
1997-11-30,11.08,28.31,71.37,21.33,0.51,0.53
1997-12-01,11.5,28.3,74.99,23.85,0.54,0.55
1997-12-02,3.29,28.47,73.64,24.17,0.63,0.55
1997-12-03,1.25,28.05,75.53,21.79,0.66,0.55
1997-12-04,2.21,28.77,70.74,21.33,0.56,0.54
1997-12-05,0.72,29.09,70.43,21.58,0.52,0.54
1997-12-06,2.3,28.07,75.68,21.66,0.52,0.53
1997-12-07,16.23,27.49,81.46,15.84,0.63,0.55
1997-12-08,7.18,27.04,83.42,20.27,0.35,0.57
1997-12-09,2.54,27.74,79.86,20.84,0.53,0.56
1997-12-10,3.2,27.31,81.04,17.23,0.72,0.56
1997-12-11,5.46,26.13,88.09,14.66,0.97,0.56
1997-12-12,0.89,26.68,81.94,19.59,0.86,0.56
1997-12-13,0.59,26.81,83.71,19.43,0.84,0.55
1997-12-14,0.38,27.26,79.76,21.64,0.88,0.55
1997-12-15,5.7,27.57,80.47,23.5,0.77,0.55
1997-12-16,3.68,27.32,81.08,24.17,0.71,0.56
1997-12-17,5.75,28.15,74.04,23.98,0.74,0.56
1997-12-18,0.77,28.23,71.27,25.37,0.7,0.55
1997-12-19,0.49,28.11,72.7,23.5,0.67,0.55
1997-12-20,2.2,26.63,79.96,25.04,0.78,0.55
1997-12-21,0.28,28.07,74.22,21.33,0.62,0.54
1997-12-22,5.94,27.21,80.24,19.56,0.64,0.55
1997-12-23,17.31,25.89,89.41,14.59,0.97,0.56
1997-12-24,14.18,25.9,87.37,9.61,1.2,0.6
1997-12-25,6.02,26.66,86.16,11.74,1.44,0.6
1997-12-26,33.33,26.01,90.86,16.27,1.14,0.62
1997-12-27,27.93,25.35,91.48,14.6,0.97,0.68
1997-12-28,10.74,25.93,88.72,13.65,0.82,0.69
1997-12-29,0.95,26.4,84.73,21.25,0.61,0.67
1997-12-30,0.32,27.6,77.37,24.1,0.52,0.65
1997-12-31,0.32,27.46,75.42,24.65,0.51,0.63
1998-01-01,0.26,27.42,74.25,24.3,0.74,0.62
1998-01-02,0.12,27.46,75.26,21.9,0.78,0.6
1998-01-03,0.14,27.87,73.64,25.98,0.58,0.6
1998-01-04,1.18,27.1,80.18,21.43,0.83,0.59
1998-01-05,6.35,26.67,84.52,16.42,1.05,0.59
1998-01-06,5.76,25.91,88.23,16.96,0.73,0.6
1998-01-07,3.74,25.78,89.93,16.85,0.35,0.61
1998-01-08,2.34,26.8,82.9,17.63,0.49,0.61
1998-01-09,2.45,27.81,77.95,25.46,0.47,0.6
1998-01-10,0.13,28.39,73.03,24.11,0.56,0.6
1998-01-11,0.37,28.88,71.19,25.22,0.41,0.59
1998-01-12,2.49,28.04,75.67,24.68,0.84,0.58
1998-01-13,1.4,28.47,74.03,24.04,0.59,0.58
1998-01-14,0.64,28.83,75.46,24.71,0.67,0.57
1998-01-15,0.09,29.19,73.63,23.01,0.58,0.57
1998-01-16,9.66,28.54,78.02,21.33,0.5,0.57
1998-01-17,3.52,27.66,78.85,24.07,0.76,0.58
1998-01-18,2.73,28.23,74.27,21.0,0.79,0.58
1998-01-19,14.16,26.48,89.69,19.86,0.98,0.59
1998-01-20,13.91,26.51,88.6,14.32,1.43,0.61
1998-01-21,17.42,26.37,90.61,12.57,1.26,0.64
1998-01-22,4.0,26.63,88.3,13.94,1.22,0.65
1998-01-23,2.03,26.9,86.21,10.51,1.18,0.64
1998-01-24,20.01,27.03,85.81,17.65,1.06,0.64
1998-01-25,37.42,26.44,92.79,10.2,1.14,0.68
1998-01-26,9.53,26.63,88.38,18.99,1.16,0.71
1998-01-27,4.91,26.53,86.25,19.49,0.98,0.69
1998-01-28,1.45,27.2,82.96,22.88,0.77,0.68
1998-01-29,2.11,26.67,86.58,17.84,0.98,0.67
1998-01-30,1.96,26.23,87.12,18.05,1.08,0.66
1998-01-31,14.95,26.13,88.92,18.48,1.12,0.67
1998-02-01,1.92,26.79,84.18,18.6,0.93,0.67
1998-02-02,0.08,27.25,82.12,20.07,0.57,0.66
1998-02-03,0.36,27.72,79.88,23.24,0.59,0.65
1998-02-04,32.31,26.99,85.43,21.36,0.4,0.67
1998-02-05,17.52,27.6,82.72,22.43,0.27,0.71
1998-02-06,7.16,26.44,90.76,18.28,0.63,0.71
1998-02-07,0.64,27.49,81.14,20.72,0.67,0.7
1998-02-08,2.17,27.45,76.08,22.16,0.48,0.68
1998-02-09,0.79,27.23,75.55,21.07,0.51,0.67
1998-02-10,49.38,25.74,90.72,13.17,0.91,0.7
1998-02-11,22.3,25.89,90.39,18.6,1.07,0.75
1998-02-12,12.49,26.53,87.67,20.09,1.06,0.76
1998-02-13,1.76,26.96,82.72,20.77,0.7,0.74
1998-02-14,4.73,27.11,84.76,21.49,0.53,0.73
1998-02-15,10.89,26.76,87.12,20.06,0.63,0.73
1998-02-16,6.3,26.44,88.42,14.8,0.83,0.73
1998-02-17,0.32,26.94,85.36,22.43,0.54,0.72
1998-02-18,0.17,27.38,84.1,17.99,0.44,0.72
1998-02-19,0.23,27.38,85.09,18.78,0.44,0.71
1998-02-20,0.37,26.84,88.65,18.74,0.59,0.7
1998-02-21,0.58,26.34,92.07,14.11,1.16,0.7
1998-02-22,7.87,26.82,84.92,16.07,0.69,0.7
1998-02-23,4.32,26.38,89.46,22.5,0.78,0.71
1998-02-24,0.43,26.75,86.53,18.07,0.55,0.71
1998-02-25,0.37,27.38,83.76,21.1,0.72,0.7
1998-02-26,12.11,27.02,87.28,13.56,0.92,0.71
1998-02-27,7.51,26.47,91.09,17.3,0.96,0.72
1998-02-28,4.45,26.69,88.88,16.72,0.79,0.72
1998-03-01,34.02,26.22,91.95,18.11,0.64,0.74
1998-03-02,16.85,26.15,88.21,23.14,0.92,0.79
1998-03-03,0.29,26.61,87.28,21.66,0.85,0.76
1998-03-04,0.31,26.7,86.38,22.09,0.94,0.75
1998-03-05,1.3,26.67,87.16,18.46,0.81,0.74
1998-03-06,0.87,26.96,85.25,20.35,0.54,0.73
1998-03-07,2.79,27.36,82.89,18.09,0.45,0.73
1998-03-08,0.64,27.29,84.26,17.57,0.67,0.73
1998-03-09,0.54,27.28,83.81,21.19,0.78,0.72
1998-03-10,0.33,27.33,83.07,13.29,0.8,0.71
1998-03-11,3.26,27.18,88.04,19.9,0.71,0.71
1998-03-12,1.67,26.91,87.22,20.76,0.78,0.71
1998-03-13,4.1,26.89,86.18,18.45,0.92,0.71
1998-03-14,1.9,27.36,82.03,17.33,0.41,0.72
1998-03-15,3.93,27.04,84.3,17.53,0.4,0.71
1998-03-16,2.34,26.83,87.2,18.34,0.3,0.71
1998-03-17,1.34,26.12,89.05,16.16,0.72,0.71
1998-03-18,11.02,26.28,88.72,18.04,0.57,0.72
1998-03-19,2.51,26.99,84.08,19.54,0.69,0.73
1998-03-20,0.46,27.31,80.02,22.94,0.59,0.72
1998-03-21,0.02,27.14,81.57,22.2,0.68,0.71
1998-03-22,0.04,26.95,82.64,19.6,0.61,0.7
1998-03-23,0.06,26.83,84.07,19.36,0.87,0.7
1998-03-24,2.07,27.06,82.88,21.92,0.55,0.69
1998-03-25,4.11,27.25,85.48,21.0,0.59,0.7
1998-03-26,1.25,27.29,83.68,20.4,0.64,0.7
1998-03-27,0.54,26.49,87.51,14.04,0.64,0.69
1998-03-28,0.83,26.38,88.3,18.72,0.66,0.69
1998-03-29,1.73,26.38,89.05,19.05,0.81,0.69
1998-03-30,5.51,26.48,87.89,20.56,0.78,0.7
1998-03-31,3.4,27.04,83.43,16.66,0.84,0.7
1998-04-01,21.07,26.65,88.65,15.93,0.69,0.71
1998-04-02,4.97,26.28,85.11,19.31,0.8,0.73
1998-04-03,0.56,27.21,81.09,22.04,0.74,0.72
1998-04-04,9.58,27.11,82.09,20.81,0.69,0.72
1998-04-05,4.0,27.43,82.29,21.8,0.67,0.72
1998-04-06,2.25,27.46,83.81,20.83,0.62,0.71
1998-04-07,0.76,27.01,88.57,18.85,0.59,0.71
1998-04-08,0.67,27.27,87.03,18.25,0.64,0.71
1998-04-09,7.17,27.44,85.57,17.96,0.94,0.71
1998-04-10,3.82,27.39,85.65,20.14,0.61,0.71
1998-04-11,1.74,27.14,89.87,18.9,0.68,0.71
1998-04-12,2.96,27.04,88.25,16.12,0.73,0.71
1998-04-13,3.98,27.48,83.36,20.7,0.68,0.71
1998-04-14,2.34,27.32,85.19,20.79,0.78,0.7
1998-04-15,1.17,27.74,83.96,19.96,0.83,0.7
1998-04-16,3.57,27.74,81.68,18.03,0.68,0.69
1998-04-17,9.75,27.35,84.71,19.73,0.7,0.7
1998-04-18,2.87,27.27,84.27,21.46,0.78,0.7
1998-04-19,0.45,28.06,80.5,21.5,0.49,0.7
1998-04-20,0.02,28.26,80.14,21.66,0.68,0.69
1998-04-21,1.03,28.11,82.57,20.85,0.42,0.68
1998-04-22,6.19,27.72,85.79,16.33,0.34,0.68
1998-04-23,3.41,26.11,92.15,18.11,0.74,0.69
1998-04-24,3.85,26.73,89.95,18.07,0.59,0.69
1998-04-25,1.95,27.63,82.95,19.15,0.41,0.7
1998-04-26,3.22,27.44,84.87,18.84,0.73,0.69
1998-04-27,2.67,27.18,84.9,14.98,0.96,0.69
1998-04-28,4.13,27.24,85.17,19.84,1.06,0.69
1998-04-29,1.69,26.56,87.75,15.71,0.86,0.69
1998-04-30,2.7,26.46,89.08,13.94,0.82,0.68
1998-05-01,1.46,26.38,88.33,19.69,0.84,0.69
1998-05-02,0.95,26.83,84.25,17.4,0.99,0.68
1998-05-03,0.4,26.67,83.07,21.07,1.27,0.67
1998-05-04,0.08,26.6,82.34,20.38,1.24,0.67
1998-05-05,23.93,26.18,86.07,17.18,1.15,0.68
1998-05-06,0.05,26.11,84.22,20.17,1.16,0.69
1998-05-07,0.0,25.54,82.73,20.05,1.3,0.68
1998-05-08,0.01,25.9,79.74,20.37,1.02,0.67
1998-05-09,0.07,25.94,82.39,19.02,0.97,0.67
1998-05-10,0.13,26.26,82.29,17.87,0.88,0.66
1998-05-11,0.48,26.75,82.93,17.75,0.76,0.65
1998-05-12,0.1,27.13,81.0,19.15,0.69,0.65
1998-05-13,0.8,26.29,82.47,20.57,1.02,0.64
1998-05-14,1.24,26.61,82.64,19.47,0.94,0.64
1998-05-15,0.24,26.33,85.01,17.8,0.7,0.64
1998-05-16,15.03,25.61,90.33,13.33,0.71,0.65
1998-05-17,7.33,26.5,86.34,12.36,0.63,0.67
1998-05-18,0.29,26.03,90.9,12.47,0.72,0.67
1998-05-19,0.64,26.02,89.69,15.28,0.71,0.67
1998-05-20,0.18,26.8,85.96,16.59,0.85,0.67
1998-05-21,0.06,27.17,86.16,17.7,0.89,0.66
1998-05-22,0.42,26.98,83.14,17.79,0.99,0.65
1998-05-23,0.15,26.21,82.25,20.0,1.19,0.64
1998-05-24,0.02,26.12,81.04,18.74,1.03,0.64
1998-05-25,0.02,26.41,81.74,18.8,0.8,0.63
1998-05-26,0.0,26.74,82.36,19.29,0.85,0.63
1998-05-27,0.03,26.89,82.19,19.92,0.95,0.62
1998-05-28,0.05,26.63,83.57,17.88,0.82,0.62
1998-05-29,6.22,25.95,86.11,15.91,1.16,0.62
1998-05-30,0.35,26.65,83.56,18.23,0.93,0.62
1998-05-31,0.13,26.46,82.11,17.24,1.03,0.62
1998-06-01,0.22,26.25,82.92,17.85,1.12,0.61
1998-06-02,0.57,26.52,83.24,17.38,0.99,0.61
1998-06-03,0.05,25.8,80.99,18.79,1.08,0.61
1998-06-04,0.0,26.22,80.22,18.11,0.81,0.6
1998-06-05,0.02,26.33,78.69,17.93,0.92,0.6
1998-06-06,2.32,26.51,81.82,18.55,0.89,0.6
1998-06-07,0.36,26.52,81.2,18.24,0.81,0.6
1998-06-08,0.42,26.32,78.36,17.89,0.74,0.59
1998-06-09,0.04,26.29,77.09,17.89,0.84,0.59
1998-06-10,0.08,26.28,76.74,16.24,0.71,0.59
1998-06-11,1.46,27.15,76.42,17.69,0.6,0.58
1998-06-12,0.66,27.03,82.25,17.86,0.73,0.58
1998-06-13,0.3,27.08,79.55,16.4,0.83,0.58
1998-06-14,0.11,27.43,80.67,17.36,0.67,0.58
1998-06-15,1.73,26.69,86.52,14.69,0.63,0.58
1998-06-16,0.3,27.19,80.59,16.85,0.77,0.58
1998-06-17,0.0,27.11,78.03,16.42,0.79,0.58
1998-06-18,0.03,26.67,76.23,18.46,0.88,0.57
1998-06-19,0.81,26.81,80.94,14.9,0.8,0.57
1998-06-20,1.69,26.21,85.83,13.15,0.77,0.57
1998-06-21,2.15,25.95,83.91,17.0,0.98,0.58
1998-06-22,1.57,26.49,82.01,18.16,1.04,0.58
1998-06-23,2.02,26.48,81.79,16.02,1.0,0.58
1998-06-24,0.07,26.79,77.18,14.85,1.03,0.58
1998-06-25,0.0,26.68,75.97,18.47,1.03,0.57
1998-06-26,0.3,26.63,75.42,16.94,1.05,0.57
1998-06-27,0.2,26.75,74.52,18.08,0.84,0.56
1998-06-28,0.12,26.87,75.73,15.89,0.91,0.56
1998-06-29,0.2,26.9,77.04,15.76,0.85,0.56
1998-06-30,0.0,27.09,78.0,18.05,0.72,0.56
1998-07-01,0.05,27.31,76.2,17.94,0.78,0.55
1998-07-02,0.07,27.55,75.4,16.46,0.54,0.55
1998-07-03,0.05,27.52,76.25,17.36,0.58,0.55
1998-07-04,40.19,26.24,85.49,12.25,0.58,0.58
1998-07-05,17.09,26.15,86.8,13.58,0.75,0.65
1998-07-06,2.17,26.04,87.68,14.94,0.66,0.64
1998-07-07,1.58,25.89,87.1,12.91,0.84,0.63
1998-07-08,2.77,25.64,86.64,13.79,1.31,0.63
1998-07-09,0.38,26.55,81.1,18.43,1.16,0.62
1998-07-10,0.22,26.01,79.58,17.09,1.06,0.61
1998-07-11,0.08,26.05,77.19,16.07,1.06,0.6
1998-07-12,0.07,26.08,77.32,18.69,0.88,0.6
1998-07-13,0.11,25.93,76.93,17.6,0.87,0.59
1998-07-14,0.11,26.13,77.04,16.66,0.67,0.59
1998-07-15,0.93,26.48,79.25,17.17,0.84,0.58
1998-07-16,0.22,26.45,79.47,19.01,1.07,0.58
1998-07-17,0.16,26.61,77.7,19.0,1.05,0.57
1998-07-18,0.16,27.0,77.04,16.74,0.89,0.57
1998-07-19,0.0,26.45,75.88,18.78,1.12,0.57
1998-07-20,0.01,26.09,76.18,18.9,1.36,0.56
1998-07-21,0.11,26.74,76.5,18.75,1.14,0.56
1998-07-22,7.14,26.1,80.92,17.54,0.92,0.56
1998-07-23,1.96,26.44,80.92,19.44,1.07,0.57
1998-07-24,1.55,26.83,79.15,16.75,1.07,0.57
1998-07-25,0.45,26.88,78.63,17.44,1.03,0.56
1998-07-26,5.43,26.51,81.33,16.5,0.91,0.57
1998-07-27,2.98,26.3,84.71,15.22,0.83,0.57
1998-07-28,0.51,25.96,85.62,16.31,0.86,0.57
1998-07-29,21.96,26.06,86.47,16.6,0.53,0.59
1998-07-30,8.5,25.65,87.93,15.31,0.8,0.62
1998-07-31,0.12,26.54,80.94,20.23,0.7,0.62
1998-08-01,0.0,26.62,78.11,20.29,0.82,0.61
1998-08-02,0.09,26.57,76.97,18.05,0.83,0.6
1998-08-03,0.0,26.58,75.41,20.0,0.82,0.59
1998-08-04,0.03,26.3,75.57,19.01,0.98,0.58
1998-08-05,0.0,26.1,75.63,20.63,1.02,0.58
1998-08-06,0.01,25.79,76.44,19.03,1.29,0.57
1998-08-07,0.01,26.14,73.63,21.88,1.18,0.57
1998-08-08,0.07,26.23,75.74,20.78,1.25,0.56
1998-08-09,0.01,26.42,75.71,20.39,1.49,0.56
1998-08-10,0.01,26.17,69.96,20.82,1.59,0.55
1998-08-11,0.01,25.5,73.38,16.72,1.5,0.55
1998-08-12,0.81,26.16,75.45,19.82,1.14,0.55
1998-08-13,0.37,26.27,74.58,19.82,1.2,0.55
1998-08-14,0.01,26.35,72.36,20.54,1.07,0.54
1998-08-15,0.0,26.35,71.94,19.84,1.13,0.54
1998-08-16,0.79,26.45,73.66,19.52,1.19,0.54
1998-08-17,0.25,26.68,71.48,16.99,0.97,0.54
1998-08-18,0.0,26.31,72.07,21.15,1.07,0.54
1998-08-19,0.03,26.37,73.33,21.76,1.3,0.54
1998-08-20,0.0,26.01,74.13,20.53,1.41,0.53
1998-08-21,0.01,26.19,73.76,21.69,1.36,0.53
1998-08-22,0.02,26.92,75.44,19.62,1.21,0.53
1998-08-23,0.08,27.41,74.83,20.27,1.11,0.53
1998-08-24,0.13,27.17,75.99,22.37,1.01,0.53
1998-08-25,0.0,27.34,72.52,22.29,1.12,0.53
1998-08-26,0.2,27.5,73.7,20.5,1.09,0.53
1998-08-27,0.41,27.4,71.98,21.54,0.97,0.53
1998-08-28,0.06,26.74,69.31,22.98,1.28,0.53
1998-08-29,0.0,25.2,67.22,22.97,1.45,0.52
1998-08-30,0.01,25.62,65.96,21.03,1.18,0.52
1998-08-31,0.03,26.43,68.78,21.5,0.93,0.52
1998-09-01,0.04,26.99,69.92,21.32,0.84,0.52
1998-09-02,0.39,26.17,74.82,19.85,1.16,0.52
1998-09-03,0.06,26.76,71.52,21.75,1.13,0.52
1998-09-04,0.13,26.26,69.02,22.46,1.35,0.52
1998-09-05,0.09,25.99,68.78,21.81,1.2,0.52
1998-09-06,0.13,26.17,70.82,23.09,1.1,0.52
1998-09-07,0.0,27.75,68.96,22.68,0.99,0.52
1998-09-08,0.5,27.79,70.87,22.3,1.0,0.51
1998-09-09,0.05,27.54,71.11,23.24,1.09,0.51
1998-09-10,0.06,27.24,70.71,23.28,1.14,0.51
1998-09-11,0.0,26.8,68.23,23.52,1.23,0.51
1998-09-12,0.0,26.45,66.13,23.86,1.12,0.51
1998-09-13,0.05,26.51,68.63,22.52,1.35,0.51
1998-09-14,0.03,26.31,72.26,20.31,1.45,0.51
1998-09-15,0.04,26.89,72.99,20.65,1.22,0.51
1998-09-16,0.45,27.98,70.28,21.28,0.92,0.51
1998-09-17,0.26,28.39,69.35,22.65,0.75,0.51
1998-09-18,0.02,28.63,66.73,23.48,0.76,0.51
1998-09-19,0.08,28.47,66.42,23.11,0.8,0.51
1998-09-20,0.03,28.65,64.25,21.16,0.77,0.51
1998-09-21,1.47,28.35,69.66,20.66,0.93,0.51
1998-09-22,2.56,27.44,77.82,20.31,0.88,0.51
1998-09-23,29.0,27.01,81.46,19.25,1.19,0.53
1998-09-24,15.38,26.84,83.27,18.68,0.92,0.59
1998-09-25,12.76,26.9,83.18,19.73,0.74,0.6
1998-09-26,3.5,26.94,80.62,21.23,0.76,0.6
1998-09-27,0.22,26.45,79.22,24.12,1.27,0.59
1998-09-28,2.82,27.27,79.04,21.87,0.9,0.58
1998-09-29,0.37,27.76,76.88,22.83,0.95,0.57
1998-09-30,0.69,27.88,74.04,22.9,0.85,0.57
1998-10-01,1.04,27.81,74.31,22.69,0.82,0.56
1998-10-02,0.23,27.96,71.73,22.51,0.9,0.56
1998-10-03,0.04,28.28,71.67,22.58,0.86,0.55
1998-10-04,0.02,28.19,70.71,23.75,0.87,0.54
1998-10-05,0.37,28.65,67.73,24.21,0.8,0.54
1998-10-06,0.61,28.63,68.21,24.21,0.96,0.54
1998-10-07,0.38,28.91,67.38,23.81,0.76,0.54
1998-10-08,1.84,28.4,68.49,21.86,1.12,0.53
1998-10-09,1.7,28.58,71.12,21.95,0.83,0.53
1998-10-10,0.77,28.57,70.71,21.4,0.47,0.53
1998-10-11,0.81,27.88,76.49,20.75,0.57,0.53
1998-10-12,0.28,28.57,72.49,24.29,0.6,0.53
1998-10-13,3.5,28.88,70.75,23.09,0.75,0.53
1998-10-14,2.87,28.12,74.62,21.42,1.13,0.54
1998-10-15,17.29,27.45,80.75,22.15,1.02,0.55
1998-10-16,5.1,27.76,79.47,22.04,1.3,0.57
1998-10-17,0.04,28.41,73.3,16.23,0.93,0.57
1998-10-18,0.16,28.51,72.09,24.87,0.69,0.56
1998-10-19,0.52,28.41,71.3,22.1,0.88,0.55
1998-10-20,1.2,28.76,71.57,22.64,0.62,0.55
1998-10-21,4.05,28.6,75.07,21.64,0.76,0.55
1998-10-22,2.12,28.22,76.3,23.1,0.92,0.55
1998-10-23,3.18,28.35,74.91,23.71,0.87,0.55
1998-10-24,2.26,27.68,79.62,23.81,1.07,0.55
1998-10-25,0.26,28.43,74.09,23.73,0.88,0.55
1998-10-26,0.28,28.68,73.61,22.59,0.88,0.55
1998-10-27,22.37,28.11,78.28,21.8,0.58,0.56
1998-10-28,6.94,27.53,81.37,14.24,0.53,0.59
1998-10-29,2.04,27.0,81.3,19.63,0.7,0.59
1998-10-30,6.71,26.37,83.94,15.36,0.67,0.59
1998-10-31,11.46,26.53,86.46,18.46,0.95,0.59
1998-11-01,11.31,26.23,84.32,21.11,0.56,0.61
1998-11-02,5.89,26.57,83.83,21.78,0.71,0.62
1998-11-03,0.56,26.52,84.67,20.75,0.55,0.61
1998-11-04,9.3,26.62,84.88,20.15,0.41,0.61
1998-11-05,11.74,27.09,81.8,23.64,0.55,0.62
1998-11-06,13.39,26.8,86.12,15.47,0.47,0.64
1998-11-07,13.12,26.59,86.28,23.47,0.74,0.64
1998-11-08,8.28,26.32,89.67,19.81,0.83,0.65
1998-11-09,3.54,27.6,81.93,20.83,0.63,0.65
1998-11-10,12.05,26.27,88.59,16.85,0.83,0.65
1998-11-11,1.25,27.38,79.96,21.16,1.0,0.65
1998-11-12,0.24,27.43,76.11,18.58,0.95,0.63
1998-11-13,4.61,27.8,76.04,16.82,0.72,0.62
1998-11-14,5.07,27.35,75.9,19.65,0.74,0.63
1998-11-15,8.45,27.69,76.23,23.49,0.65,0.62
1998-11-16,2.08,27.11,75.43,22.4,0.78,0.63
1998-11-17,11.87,26.59,80.16,18.8,0.81,0.62
1998-11-18,5.93,26.23,86.43,16.16,0.74,0.64
1998-11-19,9.87,26.3,86.0,21.57,0.79,0.64
1998-11-20,3.92,25.79,90.8,11.88,1.2,0.65
1998-11-21,0.94,25.75,81.57,17.25,1.21,0.64
1998-11-22,5.14,26.12,83.04,16.28,0.97,0.64
1998-11-23,0.07,27.13,76.16,19.98,0.95,0.63
1998-11-24,1.3,27.18,76.28,21.57,0.75,0.63
1998-11-25,0.14,27.43,75.36,22.34,0.52,0.62
1998-11-26,9.8,26.55,81.0,19.59,0.42,0.62
1998-11-27,1.82,25.59,84.19,21.98,0.44,0.63
1998-11-28,3.84,26.74,78.38,20.58,0.59,0.63
1998-11-29,1.83,26.88,77.86,22.09,0.45,0.62
1998-11-30,0.75,26.06,83.07,24.13,0.64,0.62
1998-12-01,14.22,25.52,90.96,16.08,1.11,0.63
1998-12-02,4.31,25.7,91.03,14.04,1.36,0.64
1998-12-03,5.41,25.49,88.75,11.9,0.95,0.65
1998-12-04,1.84,26.31,82.21,21.81,0.9,0.65
1998-12-05,3.1,26.86,80.03,21.69,0.79,0.64
1998-12-06,3.62,26.94,77.68,23.75,0.54,0.64
1998-12-07,1.19,27.16,75.84,19.6,0.77,0.63
1998-12-08,0.19,26.54,73.91,23.82,0.97,0.62
1998-12-09,1.13,26.9,73.92,22.2,1.02,0.61
1998-12-10,30.08,25.98,84.88,19.38,1.1,0.63
1998-12-11,10.46,26.42,80.35,21.67,0.99,0.66
1998-12-12,2.51,26.89,78.73,21.48,0.77,0.66
1998-12-13,0.66,27.17,78.17,23.12,0.45,0.65
1998-12-14,2.61,26.44,81.46,22.56,0.64,0.64
1998-12-15,1.27,26.8,81.55,24.74,0.52,0.64
1998-12-16,1.41,25.87,85.38,18.79,0.46,0.64
1998-12-17,41.28,25.8,87.13,19.6,0.65,0.66
1998-12-18,39.56,25.72,89.52,19.45,0.56,0.72
1998-12-19,9.58,25.64,90.1,16.63,1.09,0.75
1998-12-20,32.89,25.49,92.42,15.52,1.1,0.75
1998-12-21,15.59,25.54,86.92,15.82,0.62,0.78
1998-12-22,1.11,25.14,87.32,17.77,0.67,0.76
1998-12-23,5.56,25.21,89.79,17.47,0.77,0.74
1998-12-24,10.82,25.93,87.97,15.17,0.79,0.74
1998-12-25,9.21,25.66,89.93,18.01,0.75,0.75
1998-12-26,2.41,25.75,87.88,18.15,0.87,0.74
1998-12-27,0.99,26.27,85.29,18.27,0.85,0.73
1998-12-28,7.02,26.12,86.59,16.43,0.76,0.73
1998-12-29,3.13,26.05,84.62,21.63,0.74,0.73
1998-12-30,8.73,26.52,83.6,20.69,0.75,0.73
1998-12-31,3.27,26.73,82.44,21.23,0.71,0.72
1999-01-01,5.35,26.35,84.59,20.39,0.64,0.72
1999-01-02,1.69,26.22,83.68,24.23,0.86,0.72
1999-01-03,0.83,25.83,88.13,25.29,0.66,0.72
1999-01-04,2.15,26.53,81.95,23.47,0.86,0.71
1999-01-05,1.27,26.6,83.11,18.96,0.91,0.71
1999-01-06,1.07,26.03,86.35,20.4,0.83,0.7
1999-01-07,4.41,26.19,84.14,19.51,0.87,0.7
1999-01-08,1.86,26.23,81.81,24.74,0.64,0.71
1999-01-09,5.77,25.68,88.18,17.99,0.61,0.71
1999-01-10,3.32,26.14,83.36,20.66,0.69,0.71
1999-01-11,26.46,25.46,89.58,16.57,1.01,0.73
1999-01-12,4.19,25.52,85.67,16.84,0.72,0.75
1999-01-13,2.49,25.71,87.47,18.37,0.55,0.74
1999-01-14,60.99,25.01,91.7,19.98,0.94,0.77
1999-01-15,7.05,25.67,88.39,24.67,0.87,0.79
1999-01-16,2.52,25.47,88.69,23.36,0.92,0.78
1999-01-17,2.64,25.8,87.02,12.22,1.33,0.77
1999-01-18,24.94,25.69,89.96,11.76,1.21,0.78
1999-01-19,18.76,25.7,89.63,18.56,1.09,0.81
1999-01-20,7.16,25.68,92.92,14.42,1.36,0.8
1999-01-21,8.7,26.09,90.1,15.05,1.49,0.8
1999-01-22,11.6,26.28,91.95,9.81,1.11,0.8
1999-01-23,8.97,26.07,88.27,18.85,0.66,0.8
1999-01-24,30.04,26.26,88.63,17.19,0.69,0.82
1999-01-25,9.5,26.72,85.55,17.42,0.8,0.84
1999-01-26,2.0,26.91,82.85,22.95,0.76,0.82
1999-01-27,15.11,26.82,84.3,12.41,0.64,0.82
1999-01-28,13.69,25.57,93.1,15.44,0.62,0.83
1999-01-29,16.95,25.08,92.34,12.27,1.06,0.85
1999-01-30,9.43,25.06,93.98,15.21,1.28,0.85
1999-01-31,14.56,25.38,92.82,7.09,1.64,0.85
1999-02-01,5.0,25.82,92.07,19.57,1.98,0.85
1999-02-02,9.22,25.81,92.09,17.49,1.63,0.85
1999-02-03,4.2,25.68,89.11,21.54,1.29,0.85
1999-02-04,5.0,25.51,91.47,12.2,1.26,0.85
1999-02-05,2.1,25.54,90.36,14.68,1.24,0.85
1999-02-06,10.04,26.12,85.43,23.05,1.23,0.85
1999-02-07,24.41,25.71,89.53,19.84,1.34,0.86
1999-02-08,11.19,24.72,92.47,10.78,1.18,0.88
1999-02-09,5.93,25.35,87.85,20.1,1.07,0.87
1999-02-10,6.85,25.22,91.74,19.78,1.49,0.87
1999-02-11,18.63,25.34,92.71,19.19,1.61,0.88
1999-02-12,8.31,25.32,89.94,16.23,1.33,0.88
1999-02-13,1.42,24.99,88.34,17.19,1.4,0.88
1999-02-14,14.34,24.92,91.22,14.64,1.3,0.88
1999-02-15,5.38,25.1,87.8,14.36,0.96,0.88
1999-02-16,1.65,25.4,87.39,17.96,1.02,0.87
1999-02-17,1.61,25.36,88.18,20.53,0.99,0.87
1999-02-18,1.17,25.37,88.01,20.26,0.96,0.86
1999-02-19,5.83,25.61,89.24,18.69,1.01,0.86
1999-02-20,10.61,25.1,91.53,17.11,1.3,0.86
1999-02-21,18.96,25.12,92.68,15.52,1.43,0.88
1999-02-22,9.42,25.28,93.24,14.68,1.33,0.89
1999-02-23,9.7,25.32,92.25,18.09,1.28,0.89
1999-02-24,13.63,25.0,94.84,15.33,1.43,0.89
1999-02-25,1.54,25.12,91.45,14.2,0.9,0.89
1999-02-26,1.17,25.45,86.56,13.38,0.76,0.89
1999-02-27,0.49,24.99,93.28,17.16,0.92,0.88
1999-02-28,25.21,25.32,89.95,19.83,0.63,0.89
1999-03-01,9.83,25.55,87.29,19.96,0.69,0.9
1999-03-02,2.14,25.98,86.44,21.08,0.71,0.9
1999-03-03,1.1,25.81,87.49,17.19,0.94,0.89
1999-03-04,1.52,25.38,89.52,15.13,0.86,0.88
1999-03-05,0.82,25.34,90.34,15.71,0.99,0.88
1999-03-06,1.88,25.67,87.6,21.72,0.81,0.88
1999-03-07,6.89,25.78,87.09,20.68,0.67,0.88
1999-03-08,2.27,25.77,84.99,19.16,0.72,0.88
1999-03-09,1.07,26.43,84.17,23.13,0.79,0.87
1999-03-10,1.02,26.3,87.25,19.97,0.72,0.87
1999-03-11,1.26,26.13,87.7,21.04,0.64,0.87
1999-03-12,7.08,25.7,86.39,19.48,0.53,0.87
1999-03-13,7.69,25.77,87.23,14.27,0.66,0.87
1999-03-14,19.78,25.84,89.0,19.42,0.64,0.88
1999-03-15,18.38,25.43,94.41,11.8,1.28,0.9
1999-03-16,12.09,25.67,93.96,10.06,1.55,0.91
1999-03-17,3.15,25.96,91.01,19.33,1.14,0.9
1999-03-18,3.93,26.2,89.27,17.91,0.82,0.9
1999-03-19,2.46,25.74,93.75,17.54,0.72,0.9
1999-03-20,2.65,25.73,90.27,16.18,0.91,0.89
1999-03-21,7.31,25.12,91.82,15.31,0.99,0.89
1999-03-22,8.7,24.89,93.25,17.92,0.96,0.9
1999-03-23,1.69,25.29,89.6,19.84,0.5,0.9
1999-03-24,10.67,26.25,86.21,19.8,0.77,0.9
1999-03-25,12.66,25.74,90.06,13.75,0.89,0.91
1999-03-26,6.54,25.42,91.33,17.31,1.11,0.91
1999-03-27,4.35,25.22,93.62,14.68,0.96,0.9
1999-03-28,19.71,25.21,89.18,15.96,0.54,0.91
1999-03-29,6.93,26.03,87.09,19.13,0.68,0.92
1999-03-30,18.63,25.93,87.47,20.25,0.88,0.92
1999-03-31,15.08,26.06,87.79,19.81,0.78,0.92
1999-04-01,20.97,26.09,90.17,18.61,0.74,0.93
1999-04-02,6.96,25.77,91.0,17.78,0.65,0.93
1999-04-03,2.44,25.77,88.87,17.73,0.8,0.93
1999-04-04,5.16,25.67,93.11,13.93,1.12,0.93
1999-04-05,12.35,25.43,92.57,14.31,0.97,0.93
1999-04-06,10.54,25.86,91.42,14.11,1.11,0.93
1999-04-07,11.76,26.01,92.7,13.56,1.05,0.94
1999-04-08,2.6,26.27,91.71,17.06,1.04,0.94
1999-04-09,0.53,26.22,90.21,20.06,0.93,0.93
1999-04-10,2.62,26.24,90.17,18.0,0.63,0.93
1999-04-11,1.93,26.11,89.43,18.37,0.41,0.93
1999-04-12,3.23,25.56,91.49,18.86,0.9,0.92
1999-04-13,10.55,25.32,95.53,13.37,0.71,0.93
1999-04-14,10.16,25.45,91.79,15.27,0.68,0.93
1999-04-15,2.39,25.48,87.98,17.35,0.92,0.93
1999-04-16,7.33,24.96,91.06,17.21,0.9,0.93
1999-04-17,4.88,25.8,86.43,15.73,1.03,0.93
1999-04-18,5.72,24.93,88.64,17.03,1.34,0.93
1999-04-19,15.06,25.46,85.44,18.98,1.03,0.92
1999-04-20,2.1,25.67,86.59,19.89,0.9,0.93
1999-04-21,0.23,25.92,83.81,20.46,0.92,0.92
1999-04-22,0.05,25.87,80.73,20.25,0.97,0.91
1999-04-23,0.53,25.61,82.06,19.67,1.0,0.9
1999-04-24,0.8,25.55,84.13,17.93,0.82,0.89
1999-04-25,0.06,25.62,81.22,20.99,0.92,0.88
1999-04-26,0.05,25.87,81.97,20.56,0.77,0.88
1999-04-27,0.04,26.24,83.83,19.03,0.87,0.87
1999-04-28,5.76,26.2,87.32,20.71,0.95,0.87
1999-04-29,2.1,25.4,89.6,17.31,0.86,0.87
1999-04-30,1.77,25.28,87.2,16.76,0.91,0.86
1999-05-01,5.64,25.12,90.02,13.48,0.66,0.86
1999-05-02,2.42,24.63,89.87,19.12,1.19,0.87
1999-05-03,0.02,24.93,81.09,21.44,1.28,0.86
1999-05-04,0.0,24.76,79.94,20.34,1.22,0.85
1999-05-05,0.0,24.77,79.19,19.98,1.12,0.84
1999-05-06,0.17,25.69,78.95,20.13,0.74,0.84
1999-05-07,0.49,25.99,86.63,17.64,1.06,0.83
1999-05-08,0.14,25.68,84.7,20.21,1.16,0.83
1999-05-09,0.02,25.37,82.55,19.77,1.0,0.82
1999-05-10,0.03,25.35,82.39,17.74,1.07,0.81
1999-05-11,0.56,25.56,83.29,17.25,0.94,0.81
1999-05-12,0.22,25.18,84.04,19.2,0.9,0.81
1999-05-13,0.08,25.51,80.43,20.28,0.78,0.8
1999-05-14,0.05,25.34,83.47,17.48,0.8,0.8
1999-05-15,0.4,25.9,84.45,19.59,1.05,0.79
1999-05-16,0.02,25.16,81.95,21.36,1.32,0.79
1999-05-17,0.06,24.52,80.31,20.95,1.24,0.78
1999-05-18,0.01,24.43,79.88,18.25,1.06,0.78
1999-05-19,0.0,24.86,84.27,20.02,1.04,0.78
1999-05-20,0.06,24.54,83.31,20.01,1.22,0.77
1999-05-21,0.01,24.37,83.12,20.07,1.29,0.77
1999-05-22,0.0,24.46,79.73,20.33,1.4,0.76
1999-05-23,0.07,24.18,80.07,19.49,1.38,0.76
1999-05-24,0.0,23.69,77.24,20.37,1.34,0.75
1999-05-25,0.27,24.02,76.48,19.2,1.15,0.75
1999-05-26,0.0,24.15,80.41,20.22,1.06,0.74
1999-05-27,0.0,24.57,81.08,19.88,0.86,0.74
1999-05-28,0.19,24.59,81.17,18.94,0.92,0.74
1999-05-29,0.14,23.81,81.74,18.59,1.13,0.73
1999-05-30,0.01,23.47,81.5,19.72,1.22,0.73
1999-05-31,0.01,24.36,81.35,18.44,1.21,0.73
1999-06-01,0.17,24.8,86.19,13.2,1.18,0.72
1999-06-02,0.12,25.53,84.75,17.84,1.07,0.72
1999-06-03,0.06,25.04,84.63,18.16,1.11,0.72
1999-06-04,0.08,24.34,81.46,17.41,1.25,0.72
1999-06-05,0.08,24.17,81.77,19.19,1.11,0.71
1999-06-06,0.15,23.66,83.94,19.22,1.22,0.71
1999-06-07,0.0,24.29,83.01,18.26,1.08,0.71
1999-06-08,0.01,24.49,84.38,19.37,0.94,0.7
1999-06-09,0.04,25.06,83.2,19.04,1.16,0.7
1999-06-10,0.2,25.02,84.57,20.0,1.01,0.7
1999-06-11,0.17,24.37,83.35,20.34,1.04,0.69
1999-06-12,0.03,23.87,82.58,18.84,1.05,0.69
1999-06-13,0.03,24.24,83.98,18.18,1.0,0.69
1999-06-14,0.07,24.59,80.35,18.36,1.12,0.68
1999-06-15,0.23,24.48,82.12,18.27,1.0,0.68
1999-06-16,0.01,24.39,82.41,17.39,1.11,0.68
1999-06-17,0.0,24.69,81.69,19.05,1.15,0.67
1999-06-18,0.01,24.96,81.15,17.99,1.15,0.67
1999-06-19,0.04,25.4,83.55,17.38,1.25,0.66
1999-06-20,1.15,25.16,85.62,16.35,1.12,0.66
1999-06-21,3.72,24.69,86.25,13.79,1.22,0.66
1999-06-22,19.14,24.49,87.33,5.35,1.1,0.68
1999-06-23,1.51,24.78,84.36,16.94,1.39,0.7
1999-06-24,0.02,24.2,79.21,16.67,1.45,0.69
1999-06-25,0.01,24.06,80.02,17.72,1.34,0.68
1999-06-26,0.14,23.95,82.05,16.93,1.38,0.67
1999-06-27,0.0,23.96,80.05,17.61,1.38,0.67
1999-06-28,0.0,23.73,79.33,17.09,1.38,0.66
1999-06-29,0.0,23.48,75.64,17.32,1.58,0.66
1999-06-30,0.01,23.4,77.84,18.54,1.46,0.65
1999-07-01,0.07,24.1,82.06,17.07,1.31,0.65
1999-07-02,1.36,24.64,83.78,11.85,1.22,0.65
1999-07-03,0.92,24.67,85.74,15.5,1.21,0.64
1999-07-04,0.48,24.79,83.74,15.84,1.14,0.64
1999-07-05,0.04,24.6,82.42,15.57,1.14,0.64
1999-07-06,0.07,24.7,81.39,16.92,1.1,0.64
1999-07-07,13.43,24.27,84.61,15.42,1.14,0.64
1999-07-08,2.5,24.16,82.92,16.75,1.25,0.66
1999-07-09,0.11,24.21,81.28,17.43,1.32,0.65
1999-07-10,0.22,24.42,80.87,19.27,1.19,0.65
1999-07-11,0.0,24.56,81.86,18.85,1.37,0.64
1999-07-12,0.45,24.74,80.26,18.25,1.26,0.64
1999-07-13,0.37,24.55,79.64,18.22,1.31,0.63
1999-07-14,0.02,24.2,77.36,19.62,1.44,0.63
1999-07-15,0.0,23.85,74.92,19.54,1.32,0.62
1999-07-16,0.0,23.35,75.5,19.6,1.31,0.62
1999-07-17,0.0,22.66,76.63,18.83,1.37,0.61
1999-07-18,0.03,23.25,76.45,17.5,1.22,0.61
1999-07-19,0.16,23.34,79.71,17.49,1.35,0.61
1999-07-20,0.0,23.66,76.73,19.26,1.24,0.61
1999-07-21,0.06,24.13,77.9,16.53,1.26,0.6
1999-07-22,0.1,24.07,76.49,16.33,1.31,0.6
1999-07-23,0.28,24.15,78.7,17.2,1.14,0.6
1999-07-24,0.03,24.05,75.81,19.47,1.3,0.6
1999-07-25,0.0,23.82,76.69,19.35,1.29,0.59
1999-07-26,0.0,23.92,74.82,19.61,1.24,0.59
1999-07-27,0.02,24.6,75.51,19.18,1.08,0.59
1999-07-28,0.0,24.71,76.74,19.64,1.07,0.59
1999-07-29,0.01,24.76,75.88,17.6,1.1,0.59
1999-07-30,0.09,24.74,75.84,19.16,1.08,0.58
1999-07-31,0.16,25.12,76.86,18.57,1.02,0.58
1999-08-01,0.65,25.27,75.4,18.86,0.94,0.58
1999-08-02,0.18,24.83,78.48,19.74,1.24,0.58
1999-08-03,0.01,24.39,74.9,20.7,1.48,0.58
1999-08-04,0.0,24.13,74.72,19.98,1.24,0.58
1999-08-05,0.0,24.07,73.74,20.08,1.25,0.57
1999-08-06,0.0,24.59,73.67,20.34,1.07,0.57
1999-08-07,0.0,24.78,77.08,18.15,1.2,0.57
1999-08-08,0.9,24.89,81.0,15.76,1.13,0.57
1999-08-09,8.56,24.94,81.93,16.81,0.89,0.58
1999-08-10,0.75,25.49,79.31,19.75,0.9,0.58
1999-08-11,0.01,25.17,73.92,19.85,0.99,0.58
1999-08-12,0.01,24.86,75.29,20.07,1.05,0.58
1999-08-13,0.08,25.29,74.79,18.89,1.26,0.57
1999-08-14,0.24,25.15,72.58,20.65,1.06,0.57
1999-08-15,0.62,24.66,72.77,21.16,1.07,0.57
1999-08-16,0.05,23.91,72.11,21.65,1.28,0.57
1999-08-17,0.01,23.48,67.11,20.73,1.34,0.56
1999-08-18,0.3,23.62,71.68,20.4,0.98,0.56
1999-08-19,0.03,23.87,71.34,20.24,1.34,0.56
1999-08-20,0.01,24.78,71.51,19.57,1.03,0.56
1999-08-21,0.08,25.34,73.26,19.57,0.9,0.55
1999-08-22,0.1,26.34,73.02,20.2,0.8,0.55
1999-08-23,0.07,26.42,74.27,21.12,0.95,0.55
1999-08-24,0.23,26.34,75.33,21.09,0.7,0.55
1999-08-25,0.23,25.91,75.66,21.41,1.06,0.55
1999-08-26,0.18,25.59,73.7,22.48,1.18,0.55
1999-08-27,0.03,25.5,71.94,20.31,1.1,0.54
1999-08-28,0.01,25.86,72.48,21.81,0.84,0.54
1999-08-29,0.05,25.8,71.62,22.63,1.02,0.54
1999-08-30,0.33,25.53,72.5,21.35,0.83,0.54
1999-08-31,0.23,25.26,70.85,22.83,1.12,0.54
1999-09-01,0.05,24.68,66.83,22.84,1.26,0.54
1999-09-02,0.39,25.08,70.51,20.31,0.93,0.54
1999-09-03,0.17,25.3,72.55,20.07,1.03,0.54
1999-09-04,0.36,25.73,72.55,20.52,1.02,0.53
1999-09-05,0.35,25.61,72.51,18.64,1.19,0.53
1999-09-06,0.07,26.07,73.37,22.9,0.8,0.53
1999-09-07,1.51,26.09,71.52,22.76,0.89,0.53
1999-09-08,0.06,26.06,72.71,22.82,0.97,0.53
1999-09-09,0.0,26.34,71.44,23.44,0.89,0.53
1999-09-10,0.61,25.73,72.42,23.3,1.31,0.53
1999-09-11,0.0,25.94,73.58,22.55,1.23,0.53
1999-09-12,0.0,26.49,68.47,23.98,1.09,0.53
1999-09-13,0.0,26.74,69.98,23.93,0.77,0.53
1999-09-14,0.11,27.19,70.2,22.7,0.99,0.52
1999-09-15,0.14,26.83,71.33,23.34,1.07,0.52
1999-09-16,0.32,26.82,69.9,23.12,1.03,0.52
1999-09-17,0.06,27.01,70.08,22.94,0.81,0.52
1999-09-18,0.19,27.0,69.5,24.27,1.04,0.52
1999-09-19,0.01,27.41,68.91,24.44,0.91,0.52
1999-09-20,0.07,27.8,70.17,24.31,0.99,0.52
1999-09-21,0.01,27.79,68.09,24.42,1.01,0.52
1999-09-22,0.09,27.71,65.2,22.88,0.77,0.52
1999-09-23,0.06,27.7,67.02,22.56,0.81,0.51
1999-09-24,1.07,27.7,67.96,19.03,0.94,0.51
1999-09-25,0.2,27.89,67.45,22.13,0.8,0.51
1999-09-26,0.0,27.94,66.26,24.65,0.8,0.51
1999-09-27,0.02,27.17,68.17,24.96,1.0,0.51
1999-09-28,0.01,26.5,71.83,24.7,1.4,0.51
1999-09-29,0.0,27.25,64.96,26.22,1.03,0.51
1999-09-30,0.02,27.04,67.9,24.83,1.0,0.51
1999-10-01,0.0,27.0,65.89,25.34,1.07,0.51
1999-10-02,0.41,27.32,68.45,22.62,0.87,0.51
1999-10-03,0.96,28.01,65.46,24.85,1.0,0.51
1999-10-04,0.31,28.64,66.4,26.38,0.75,0.51
1999-10-05,0.01,28.83,65.47,26.52,0.83,0.51
1999-10-06,0.04,29.14,64.85,26.09,0.69,0.51
1999-10-07,0.06,29.19,64.39,26.69,0.75,0.51
1999-10-08,0.0,28.84,64.61,25.71,0.81,0.51
1999-10-09,0.37,28.61,65.63,24.96,0.87,0.51
1999-10-10,1.78,27.77,70.29,18.4,0.9,0.51
1999-10-11,3.93,26.64,77.73,20.16,0.55,0.51
1999-10-12,6.06,26.94,77.03,22.5,0.7,0.52
1999-10-13,11.6,27.17,79.61,23.48,0.82,0.54
1999-10-14,10.05,26.03,85.07,21.77,0.81,0.56
1999-10-15,2.02,27.14,79.51,18.65,0.99,0.56
1999-10-16,0.6,27.26,77.63,21.56,1.26,0.56
1999-10-17,0.83,27.42,72.32,21.6,1.23,0.55
1999-10-18,0.24,27.89,72.15,21.71,0.95,0.55
1999-10-19,9.47,26.92,79.93,24.19,1.02,0.55
1999-10-20,2.01,26.99,78.07,23.11,0.79,0.56
1999-10-21,0.61,27.77,71.0,20.07,0.43,0.56
1999-10-22,9.13,27.11,76.0,24.21,1.06,0.56
1999-10-23,1.6,27.59,72.46,22.24,1.09,0.57
1999-10-24,1.76,27.48,75.39,21.58,0.81,0.56
1999-10-25,1.45,27.64,75.19,16.67,0.65,0.56
1999-10-26,5.29,27.55,78.39,21.64,0.49,0.56
1999-10-27,2.39,27.32,81.12,24.33,0.7,0.56
1999-10-28,4.51,27.34,80.5,22.26,0.86,0.56
1999-10-29,1.82,27.5,78.89,21.77,1.25,0.56
1999-10-30,0.47,27.07,79.09,19.3,0.96,0.56
1999-10-31,4.76,26.35,83.19,21.78,1.19,0.56
1999-11-01,2.07,27.2,80.51,20.8,1.19,0.56
1999-11-02,13.76,26.11,84.17,17.27,0.99,0.57
1999-11-03,6.3,26.12,81.69,15.61,0.63,0.59
1999-11-04,2.16,25.97,83.11,11.97,0.65,0.59
1999-11-05,1.01,26.56,79.6,16.66,0.95,0.58
1999-11-06,1.01,26.27,83.34,12.51,1.24,0.58
1999-11-07,14.81,25.73,87.02,15.95,1.07,0.58
1999-11-08,6.52,25.17,88.8,15.95,1.36,0.6
1999-11-09,0.17,26.2,83.73,25.43,0.94,0.6
1999-11-10,0.3,26.99,77.71,21.75,1.02,0.59
1999-11-11,4.0,26.77,79.38,21.81,0.89,0.58
1999-11-12,0.91,27.37,77.98,24.15,0.88,0.58
1999-11-13,0.71,27.78,73.92,24.83,0.58,0.58
1999-11-14,0.16,27.95,73.83,23.98,0.66,0.57
1999-11-15,0.03,28.13,71.26,21.75,0.46,0.56
1999-11-16,7.02,27.23,77.3,22.18,0.36,0.56
1999-11-17,18.99,26.26,81.78,20.78,0.31,0.59
1999-11-18,12.47,25.98,81.17,15.0,0.59,0.61
1999-11-19,10.4,25.55,88.46,18.27,0.52,0.63
1999-11-20,1.04,26.21,84.21,23.12,0.71,0.62
1999-11-21,11.35,26.15,84.67,15.58,0.64,0.62
1999-11-22,2.79,25.97,85.81,19.54,0.84,0.63
1999-11-23,0.75,25.69,88.19,24.45,0.7,0.62
1999-11-24,8.47,27.45,78.13,25.02,0.62,0.62
1999-11-25,2.64,27.31,75.76,23.19,0.88,0.62
1999-11-26,0.03,27.36,72.83,23.25,0.75,0.61
1999-11-27,0.0,27.75,70.14,23.98,0.87,0.6
1999-11-28,5.65,27.63,74.96,21.96,0.76,0.59
1999-11-29,0.4,27.97,70.97,23.68,0.72,0.59
1999-11-30,0.21,28.31,70.92,21.66,0.67,0.58
1999-12-01,0.2,28.14,73.27,24.79,0.85,0.58
1999-12-02,0.46,27.23,80.02,24.75,0.86,0.57
1999-12-03,3.14,26.99,82.49,25.08,0.79,0.57
1999-12-04,4.79,27.03,82.89,17.64,0.49,0.58
1999-12-05,11.5,26.63,84.45,21.03,1.03,0.59
1999-12-06,18.26,26.23,84.71,18.5,0.68,0.63
1999-12-07,25.0,26.24,85.99,15.91,0.84,0.64
1999-12-08,19.31,25.82,90.29,17.25,0.79,0.69
1999-12-09,2.57,25.55,88.16,16.32,1.09,0.68
1999-12-10,1.1,25.99,82.54,18.52,1.25,0.66
1999-12-11,1.71,26.69,80.09,17.76,1.11,0.65
1999-12-12,5.12,27.13,81.67,17.41,1.21,0.64
1999-12-13,3.14,25.92,84.93,17.78,1.08,0.64
1999-12-14,43.03,25.92,89.8,18.19,1.36,0.66
1999-12-15,25.69,25.77,91.36,7.24,1.68,0.73
1999-12-16,1.89,25.88,91.81,13.21,1.23,0.72
1999-12-17,2.77,25.59,89.9,15.01,1.23,0.71
1999-12-18,5.35,26.29,85.97,18.75,0.7,0.7
1999-12-19,13.98,25.0,90.41,16.38,0.84,0.7
1999-12-20,4.3,25.64,85.58,21.14,0.38,0.71
1999-12-21,5.34,26.12,82.65,20.21,0.48,0.7
1999-12-22,1.01,25.68,86.38,21.87,0.39,0.69
1999-12-23,1.7,26.33,80.08,23.92,0.65,0.69
1999-12-24,3.46,26.29,83.13,18.03,0.73,0.68
1999-12-25,22.23,24.92,91.74,11.77,0.97,0.69
1999-12-26,5.04,25.44,87.56,18.75,1.17,0.71
1999-12-27,4.68,24.92,90.53,12.05,1.1,0.71
1999-12-28,1.15,25.9,85.77,24.41,1.4,0.7
1999-12-29,1.25,25.72,87.82,24.29,1.26,0.7
1999-12-30,1.49,26.1,84.97,23.31,1.04,0.69
1999-12-31,4.73,26.0,86.43,19.12,0.85,0.69
2000-01-01,11.11,25.7,89.49,22.03,0.77,0.7
2000-01-02,6.12,26.12,85.79,16.14,0.66,0.71
2000-01-03,0.5,25.69,86.69,23.41,0.93,0.7
2000-01-04,6.77,25.62,86.27,20.48,0.63,0.7
2000-01-05,1.81,26.59,82.05,19.81,0.64,0.7
2000-01-06,25.96,25.99,86.92,21.41,0.57,0.72
2000-01-07,10.14,25.61,88.47,22.67,0.66,0.74
2000-01-08,11.08,25.03,89.25,12.87,0.84,0.74
2000-01-09,1.41,25.62,84.11,18.72,0.66,0.74
2000-01-10,3.28,25.37,87.91,19.91,0.99,0.73
2000-01-11,2.86,24.7,89.9,6.51,0.93,0.73
2000-01-12,12.46,24.85,90.37,14.79,1.11,0.73
2000-01-13,3.67,25.07,90.3,19.4,1.29,0.74
2000-01-14,2.04,25.61,84.95,23.18,1.01,0.73
2000-01-15,1.57,25.25,90.78,21.02,0.72,0.73
2000-01-16,0.27,25.88,80.94,21.81,0.52,0.72
2000-01-17,2.29,26.6,77.85,21.73,0.38,0.71
2000-01-18,4.33,25.67,85.64,19.54,0.67,0.71
2000-01-19,41.22,24.52,94.42,11.06,1.31,0.74
2000-01-20,28.84,24.45,92.88,14.21,1.3,0.8
2000-01-21,19.48,24.99,94.09,9.38,1.37,0.81
2000-01-22,19.74,25.26,93.83,14.62,1.58,0.81
2000-01-23,41.98,25.17,94.18,10.56,1.7,0.84
2000-01-24,50.58,25.34,93.41,13.1,1.16,0.88
2000-01-25,26.41,25.04,93.62,16.92,1.05,0.88
2000-01-26,9.92,24.8,92.39,17.18,1.16,0.88
2000-01-27,1.74,25.38,90.18,20.0,1.07,0.86
2000-01-28,8.3,24.86,92.97,12.41,0.8,0.85
2000-01-29,1.74,25.19,88.5,20.02,0.95,0.85
2000-01-30,11.64,24.78,90.56,16.67,0.88,0.85
2000-01-31,7.34,24.71,91.19,15.13,0.72,0.85
2000-02-01,7.21,24.52,92.76,18.48,0.97,0.85
2000-02-02,4.52,25.22,91.93,15.91,1.2,0.86
2000-02-03,21.05,25.44,93.14,17.0,1.0,0.86
2000-02-04,6.89,25.71,89.57,20.23,0.77,0.88
2000-02-05,1.8,24.82,90.05,17.38,1.27,0.87
2000-02-06,2.34,25.08,88.88,18.58,0.96,0.86
2000-02-07,4.02,25.03,93.39,17.36,1.16,0.86
2000-02-08,9.0,25.22,94.32,12.11,1.13,0.86
2000-02-09,34.61,25.15,93.53,8.72,1.45,0.88
2000-02-10,17.24,25.33,91.63,18.34,1.31,0.9
2000-02-11,11.12,24.99,93.34,18.03,1.42,0.9
2000-02-12,5.28,24.73,93.29,15.22,1.06,0.9
2000-02-13,27.67,24.89,92.25,9.01,1.15,0.9
2000-02-14,4.54,24.57,89.95,21.15,1.04,0.91
2000-02-15,0.22,24.55,92.94,20.8,0.95,0.9
2000-02-16,0.37,25.32,89.97,23.02,0.94,0.9
2000-02-17,5.01,25.45,91.58,19.59,1.07,0.89
2000-02-18,2.07,25.43,90.62,20.79,1.01,0.89
2000-02-19,1.12,25.23,89.02,22.61,1.06,0.89
2000-02-20,5.57,25.05,91.89,19.32,1.13,0.89
2000-02-21,6.34,25.03,90.83,16.72,1.27,0.89
2000-02-22,0.88,25.13,89.6,12.94,1.04,0.89
2000-02-23,2.56,25.22,89.34,14.79,0.86,0.88
2000-02-24,2.93,25.2,93.15,12.29,1.03,0.88
2000-02-25,7.31,24.96,92.24,13.99,1.07,0.88
2000-02-26,15.39,25.29,93.38,11.9,1.4,0.89
2000-02-27,6.32,25.24,90.78,21.52,1.21,0.9
2000-02-28,17.41,24.93,93.63,11.68,1.45,0.9
2000-02-29,9.13,25.23,90.16,18.37,1.58,0.91
2000-03-01,2.35,25.27,91.39,14.97,1.5,0.9
2000-03-02,0.48,24.47,90.22,22.08,1.33,0.9
2000-03-03,0.53,25.01,92.09,18.82,1.15,0.89
2000-03-04,0.9,25.09,91.44,16.6,1.24,0.89
2000-03-05,5.06,25.09,93.95,20.01,1.5,0.89
2000-03-06,4.1,25.01,91.82,14.4,1.6,0.89
2000-03-07,7.69,25.09,91.17,16.16,1.27,0.89
2000-03-08,5.03,24.83,92.62,18.61,1.11,0.89
2000-03-09,1.82,24.9,90.76,20.9,1.11,0.89
2000-03-10,2.07,24.91,91.61,13.03,1.25,0.89
2000-03-11,1.03,24.85,93.11,14.18,0.96,0.89
2000-03-12,4.65,24.87,93.0,13.04,1.03,0.89
2000-03-13,28.16,24.54,95.17,10.91,1.28,0.9
2000-03-14,10.82,24.25,93.87,16.84,1.16,0.92
2000-03-15,1.57,25.04,91.3,14.68,1.14,0.91
2000-03-16,3.71,24.98,90.81,18.97,1.38,0.91
2000-03-17,5.33,24.93,92.22,14.46,1.41,0.91
2000-03-18,6.46,24.51,92.93,17.53,0.88,0.91
2000-03-19,6.88,25.48,88.3,16.31,0.55,0.91
2000-03-20,7.33,25.39,90.5,20.58,0.37,0.91
2000-03-21,1.25,25.37,88.95,20.39,0.51,0.91
2000-03-22,0.89,24.49,92.35,21.29,0.55,0.9
2000-03-23,8.11,24.43,93.17,18.0,0.81,0.9
2000-03-24,5.98,24.65,89.1,19.23,0.82,0.91
2000-03-25,10.45,25.26,88.0,20.07,0.53,0.91
2000-03-26,8.49,24.55,90.94,20.21,0.85,0.91
2000-03-27,1.35,25.94,84.15,21.22,0.66,0.91
2000-03-28,1.8,25.92,85.34,20.74,0.83,0.9
2000-03-29,9.23,26.66,81.0,19.45,0.46,0.9
2000-03-30,13.54,25.99,86.08,22.15,0.87,0.91
2000-03-31,3.47,26.64,81.39,21.17,0.52,0.91
2000-04-01,0.14,27.15,79.14,20.84,0.59,0.9
2000-04-02,0.21,26.99,82.43,22.69,0.61,0.89
2000-04-03,0.72,26.79,81.43,20.69,0.37,0.88
2000-04-04,6.64,26.85,81.65,18.77,0.38,0.88
2000-04-05,8.36,25.82,88.7,11.86,0.86,0.89
2000-04-06,0.94,25.56,89.51,17.09,0.82,0.89
2000-04-07,4.26,25.61,88.78,15.91,0.88,0.88
2000-04-08,1.31,25.56,89.98,15.95,0.88,0.88
2000-04-09,18.44,25.3,94.52,15.79,0.91,0.89
2000-04-10,16.38,25.0,89.86,18.4,0.69,0.91
2000-04-11,1.51,26.27,84.59,21.03,0.62,0.9
2000-04-12,12.44,25.74,89.84,15.9,0.72,0.9
2000-04-13,4.17,25.77,90.63,15.87,0.85,0.91
2000-04-14,2.03,25.54,88.41,17.37,0.57,0.91
2000-04-15,1.79,26.16,85.35,15.86,0.59,0.9
2000-04-16,6.04,25.36,93.48,17.72,1.1,0.9
2000-04-17,9.55,25.09,92.29,17.98,1.23,0.91
2000-04-18,13.09,25.55,92.56,11.99,1.1,0.92
2000-04-19,18.02,25.48,94.88,17.45,0.83,0.92
2000-04-20,4.29,25.28,92.88,12.82,0.72,0.93
2000-04-21,5.59,25.41,90.16,16.33,0.47,0.92
2000-04-22,2.3,25.82,89.45,13.43,0.48,0.92
2000-04-23,0.98,25.56,91.96,19.46,0.68,0.92
2000-04-24,1.14,26.02,88.28,17.79,0.7,0.92
2000-04-25,6.91,25.76,89.49,19.48,0.76,0.92
2000-04-26,0.5,26.62,83.69,20.35,0.58,0.91
2000-04-27,1.54,26.34,85.71,19.45,0.78,0.91
2000-04-28,5.68,25.37,92.91,17.83,0.79,0.91
2000-04-29,20.32,25.52,92.39,17.85,0.91,0.92
2000-04-30,5.16,24.84,89.41,17.67,1.26,0.93
2000-05-01,0.03,24.77,81.82,21.69,1.34,0.92
2000-05-02,0.45,24.67,80.99,19.18,1.21,0.9
2000-05-03,5.38,24.53,83.33,17.27,0.99,0.9
2000-05-04,9.98,25.06,88.1,20.24,1.08,0.9
2000-05-05,19.25,25.11,88.19,19.72,1.23,0.91
2000-05-06,8.62,24.76,88.45,18.52,1.4,0.92
2000-05-07,0.39,24.73,85.89,18.74,1.26,0.91
2000-05-08,0.02,25.2,84.07,20.82,1.02,0.9
2000-05-09,0.43,25.44,84.57,17.81,1.07,0.89
2000-05-10,0.27,25.09,86.27,20.1,1.19,0.89
2000-05-11,1.6,25.36,90.16,15.88,1.18,0.88
2000-05-12,2.58,25.23,90.93,17.68,1.39,0.88
2000-05-13,0.84,25.07,91.99,14.82,2.02,0.88
2000-05-14,0.12,25.58,89.99,18.72,1.03,0.87
2000-05-15,0.16,25.48,90.43,20.63,0.67,0.87
2000-05-16,1.75,25.74,89.14,19.51,0.71,0.87
2000-05-17,2.4,25.07,90.3,15.05,1.11,0.87
2000-05-18,3.86,25.09,89.41,16.72,1.17,0.87
2000-05-19,2.0,25.12,89.83,17.41,1.15,0.86
2000-05-20,1.18,25.11,90.95,16.96,0.96,0.86
2000-05-21,2.67,25.73,89.24,17.56,0.91,0.86
2000-05-22,1.12,26.19,89.06,18.32,0.84,0.86
2000-05-23,0.51,25.76,91.0,18.43,0.85,0.85
2000-05-24,0.01,26.09,88.4,19.57,0.7,0.85
2000-05-25,0.04,25.85,87.14,17.71,1.15,0.84
2000-05-26,0.24,25.89,86.06,17.94,1.12,0.84
2000-05-27,6.91,25.38,91.19,12.02,1.38,0.84
2000-05-28,1.75,24.7,90.92,16.45,1.09,0.84
2000-05-29,0.13,25.15,85.96,19.67,1.24,0.84
2000-05-30,0.11,24.95,84.92,18.98,1.46,0.83
2000-05-31,0.0,24.23,83.35,16.44,1.62,0.82
2000-06-01,0.03,24.23,84.19,17.67,1.57,0.82
2000-06-02,0.55,24.53,85.68,14.68,1.45,0.81
2000-06-03,0.63,24.35,85.3,16.83,1.51,0.81
2000-06-04,0.08,24.05,83.74,14.89,1.36,0.8
2000-06-05,0.02,23.77,84.83,17.64,1.34,0.8
2000-06-06,0.02,24.51,83.64,19.73,1.25,0.79
2000-06-07,0.0,24.51,83.74,19.64,1.36,0.79
2000-06-08,0.07,24.54,84.71,15.37,1.28,0.79
2000-06-09,0.06,24.19,84.83,16.82,1.34,0.78
2000-06-10,0.21,24.28,85.72,17.61,1.3,0.78
2000-06-11,0.03,24.4,85.61,17.86,1.39,0.77
2000-06-12,0.13,23.81,83.74,16.96,1.53,0.77
2000-06-13,0.05,23.61,83.69,16.52,1.57,0.77
2000-06-14,0.05,23.65,83.43,16.23,1.3,0.76
2000-06-15,0.09,23.67,84.67,17.36,1.53,0.76
2000-06-16,0.98,24.19,89.21,11.77,1.54,0.76
2000-06-17,4.12,24.76,87.8,14.11,1.29,0.76
2000-06-18,2.31,24.61,85.99,17.97,1.41,0.76
2000-06-19,0.02,24.49,84.53,19.33,1.17,0.76
2000-06-20,0.1,24.29,84.47,18.03,1.29,0.75
2000-06-21,0.02,24.34,84.28,16.07,1.43,0.75
2000-06-22,0.22,24.56,83.34,17.93,1.32,0.74
2000-06-23,0.02,24.02,81.78,18.78,1.55,0.74
2000-06-24,0.02,24.31,80.37,17.65,1.33,0.73
2000-06-25,0.0,23.69,82.21,18.23,1.33,0.73
2000-06-26,0.01,23.75,82.37,13.44,1.39,0.73
2000-06-27,0.05,23.77,83.49,15.56,1.33,0.72
2000-06-28,0.03,23.4,83.13,17.28,1.45,0.72
2000-06-29,0.01,23.22,82.11,15.11,1.37,0.72
2000-06-30,0.02,23.64,82.08,15.13,1.14,0.71
2000-07-01,0.06,24.31,83.04,18.83,1.03,0.71
2000-07-02,0.07,24.39,83.38,17.62,1.16,0.71
2000-07-03,0.06,24.19,83.85,18.05,1.27,0.71
2000-07-04,0.0,24.45,83.86,18.81,1.18,0.7
2000-07-05,0.02,24.51,84.43,17.86,1.37,0.7
2000-07-06,0.01,24.81,83.97,18.04,1.38,0.7
2000-07-07,0.18,24.31,82.72,19.56,1.51,0.69
2000-07-08,0.02,23.5,79.35,12.5,1.32,0.69
2000-07-09,0.0,23.23,81.71,17.85,1.21,0.69
2000-07-10,0.0,23.68,82.54,19.77,1.05,0.68
2000-07-11,0.03,23.76,82.08,19.1,1.31,0.68
2000-07-12,0.01,24.1,81.09,19.28,1.19,0.68
2000-07-13,0.03,23.68,80.65,20.55,1.27,0.67
2000-07-14,0.02,23.28,79.31,21.12,1.33,0.67
2000-07-15,0.14,23.45,79.49,18.88,1.43,0.67
2000-07-16,0.58,23.87,79.16,17.71,1.24,0.66
2000-07-17,0.0,24.29,78.23,20.66,1.09,0.66
2000-07-18,0.0,24.13,78.69,20.38,1.14,0.66
2000-07-19,0.01,23.92,78.7,19.82,1.27,0.65
2000-07-20,0.04,23.42,75.8,21.14,1.38,0.65
2000-07-21,0.02,23.08,72.92,20.95,1.27,0.65
2000-07-22,0.0,22.96,79.73,20.11,1.17,0.64
2000-07-23,0.02,23.64,81.81,19.51,1.12,0.64
2000-07-24,0.0,24.47,80.95,20.23,1.2,0.64
2000-07-25,0.16,24.64,80.78,20.08,1.43,0.64
2000-07-26,0.02,24.51,81.3,19.98,1.36,0.63
2000-07-27,0.12,24.7,81.76,17.32,1.35,0.63
2000-07-28,0.13,24.73,79.67,20.04,1.28,0.63
2000-07-29,0.08,24.29,80.08,18.75,1.44,0.63
2000-07-30,0.01,24.27,78.06,19.35,1.52,0.62
2000-07-31,0.01,24.45,79.48,19.1,1.61,0.62
2000-08-01,0.0,24.75,79.6,18.86,1.58,0.62
2000-08-02,0.08,24.59,79.53,19.01,1.68,0.61
2000-08-03,0.05,24.36,79.08,15.9,1.69,0.61
2000-08-04,0.0,24.48,74.2,21.55,1.58,0.61
2000-08-05,0.0,24.53,78.13,20.39,1.24,0.61
2000-08-06,0.1,24.96,78.02,20.58,1.13,0.61
2000-08-07,0.01,24.78,78.55,19.91,1.51,0.6
2000-08-08,0.43,25.17,78.06,20.42,1.48,0.6
2000-08-09,0.14,24.72,77.15,20.04,1.47,0.6
2000-08-10,0.21,24.43,78.24,18.05,1.39,0.6
2000-08-11,0.1,24.34,77.02,20.38,1.36,0.59
2000-08-12,0.0,24.45,77.91,18.72,1.34,0.59
2000-08-13,0.13,24.43,78.31,18.78,1.44,0.59
2000-08-14,0.02,24.52,76.84,18.41,1.48,0.59
2000-08-15,0.01,25.17,76.56,19.93,1.06,0.59
2000-08-16,6.87,24.15,79.78,17.76,1.31,0.59
2000-08-17,1.0,24.24,77.98,19.81,1.15,0.6
2000-08-18,0.01,24.34,72.2,19.86,1.18,0.59
2000-08-19,0.0,24.07,72.34,21.12,1.25,0.59
2000-08-20,0.0,24.34,72.75,21.44,1.03,0.58
2000-08-21,0.0,24.15,74.14,21.53,1.13,0.58
2000-08-22,0.01,24.48,75.88,20.16,0.96,0.58
2000-08-23,0.01,25.52,76.23,21.38,0.98,0.58
2000-08-24,0.11,25.89,76.86,19.52,0.93,0.57
2000-08-25,0.03,26.47,75.99,20.88,0.89,0.57
2000-08-26,0.01,26.25,74.34,22.34,1.09,0.57
2000-08-27,0.0,26.11,73.88,22.78,0.94,0.57
2000-08-28,0.01,26.14,73.17,20.7,0.91,0.57
2000-08-29,0.04,26.09,73.8,21.03,0.87,0.56
2000-08-30,0.03,25.76,74.28,21.17,1.04,0.56
2000-08-31,0.04,26.22,73.45,21.67,0.97,0.56
2000-09-01,0.02,25.85,74.37,21.0,1.37,0.56
2000-09-02,0.0,26.11,72.63,22.83,0.98,0.56
2000-09-03,0.0,26.32,72.25,23.3,0.96,0.55
2000-09-04,0.0,26.65,74.53,23.38,0.95,0.55
2000-09-05,0.01,26.64,73.51,22.22,0.77,0.55
2000-09-06,0.02,26.35,73.77,23.22,1.15,0.55
2000-09-07,0.07,26.21,73.3,22.94,1.3,0.55
2000-09-08,0.05,26.06,73.89,24.13,1.4,0.54
2000-09-09,0.0,26.48,70.28,24.31,1.28,0.54
2000-09-10,0.0,26.62,69.86,23.52,1.1,0.54
2000-09-11,0.03,27.13,70.9,24.01,0.97,0.54
2000-09-12,0.5,27.29,71.88,22.38,0.97,0.54
2000-09-13,0.03,26.73,68.92,24.27,1.42,0.54
2000-09-14,0.05,26.44,69.8,21.06,1.2,0.53
2000-09-15,0.0,26.65,71.51,21.08,1.08,0.53
2000-09-16,0.3,26.68,71.76,22.62,1.34,0.53
2000-09-17,0.39,27.0,72.29,24.03,1.23,0.53
2000-09-18,0.0,27.18,70.99,23.96,1.01,0.53
2000-09-19,0.17,27.3,72.01,22.32,0.83,0.53
2000-09-20,0.18,27.27,70.25,23.33,0.72,0.53
2000-09-21,0.08,27.06,70.72,21.17,1.12,0.53
2000-09-22,0.09,27.89,70.36,23.48,1.02,0.53
2000-09-23,0.15,27.61,73.15,21.5,1.01,0.52
2000-09-24,0.53,27.5,74.53,21.44,0.85,0.52
2000-09-25,0.14,27.78,71.41,23.18,0.97,0.52
2000-09-26,0.06,27.57,72.46,24.74,1.04,0.52
2000-09-27,0.37,27.47,72.63,24.4,0.96,0.52
2000-09-28,0.01,27.85,69.56,23.38,1.07,0.52
2000-09-29,0.36,27.91,67.99,24.81,1.02,0.52
2000-09-30,0.57,27.64,68.16,24.14,1.14,0.52
2000-10-01,0.0,28.33,68.02,24.85,1.0,0.52
2000-10-02,0.26,28.09,70.86,24.81,1.09,0.52
2000-10-03,0.16,27.62,71.13,23.65,1.29,0.52
2000-10-04,0.27,28.17,70.91,22.78,0.98,0.52
2000-10-05,0.14,28.37,69.92,25.59,1.0,0.52
2000-10-06,0.09,28.22,71.02,21.42,1.06,0.52
2000-10-07,0.03,28.14,68.58,21.78,1.12,0.51
2000-10-08,5.46,27.68,72.2,23.84,0.96,0.52
2000-10-09,0.96,27.68,73.15,24.26,1.04,0.52
2000-10-10,0.23,28.32,70.85,19.14,0.85,0.52
2000-10-11,0.02,28.97,68.04,22.31,0.76,0.52
2000-10-12,37.98,27.0,79.93,21.95,1.12,0.55
2000-10-13,17.38,26.41,83.88,24.05,1.04,0.62
2000-10-14,6.75,27.18,82.7,24.34,0.84,0.61
2000-10-15,17.37,27.01,84.81,21.42,0.72,0.62
2000-10-16,12.8,27.03,82.01,19.62,0.87,0.65
2000-10-17,1.05,26.8,80.88,19.7,0.64,0.63
2000-10-18,6.52,27.15,80.21,16.24,0.55,0.62
2000-10-19,3.75,26.93,80.9,17.07,0.54,0.62
2000-10-20,25.23,26.3,85.89,22.1,0.99,0.63
2000-10-21,1.89,26.64,80.45,19.28,1.35,0.65
2000-10-22,0.11,25.9,72.98,23.59,1.31,0.63
2000-10-23,0.0,25.82,71.3,24.03,1.08,0.62
2000-10-24,0.02,26.51,70.4,24.24,0.68,0.61
2000-10-25,0.69,26.42,72.27,19.86,0.82,0.6
2000-10-26,0.4,26.75,72.36,25.64,0.86,0.59
2000-10-27,0.01,27.11,73.32,23.17,0.98,0.59
2000-10-28,0.03,27.3,70.35,25.23,1.14,0.58
2000-10-29,0.0,27.29,70.12,24.4,1.09,0.57
2000-10-30,1.76,27.32,75.5,22.89,1.01,0.57
2000-10-31,1.62,27.9,75.94,23.37,0.71,0.57
2000-11-01,0.19,27.95,75.07,23.03,0.77,0.57
2000-11-02,8.84,27.07,81.11,18.35,0.72,0.57
2000-11-03,3.96,27.4,79.57,18.44,0.75,0.58
2000-11-04,3.51,27.95,76.22,22.1,0.69,0.58
2000-11-05,1.15,27.8,75.01,23.23,0.39,0.58
2000-11-06,1.46,28.05,73.53,23.36,0.38,0.58
2000-11-07,6.6,27.65,76.79,25.5,0.63,0.58
2000-11-08,8.12,27.93,74.44,23.72,0.52,0.59
2000-11-09,8.9,27.13,81.07,23.29,0.5,0.6
2000-11-10,4.22,27.19,80.51,21.31,0.69,0.6
2000-11-11,11.42,27.13,81.92,16.85,0.49,0.61
2000-11-12,21.99,26.75,83.93,18.4,0.66,0.64
2000-11-13,18.37,26.95,83.22,22.57,0.88,0.66
2000-11-14,17.92,26.51,86.96,21.16,1.01,0.68
2000-11-15,1.39,27.77,80.16,21.45,0.66,0.67
2000-11-16,1.64,27.74,80.91,19.31,0.85,0.66
2000-11-17,6.02,27.74,81.79,21.08,0.66,0.65
2000-11-18,10.28,27.34,83.12,17.03,0.93,0.65
2000-11-19,1.75,27.22,80.45,20.63,0.48,0.65
2000-11-20,19.27,25.93,86.63,17.01,0.75,0.65
2000-11-21,2.91,26.51,79.74,15.35,0.64,0.67
2000-11-22,1.02,26.77,81.48,21.5,1.1,0.66
2000-11-23,8.06,25.44,88.81,18.52,1.17,0.66
2000-11-24,6.26,26.61,84.64,18.68,0.88,0.67
2000-11-25,47.88,26.2,87.85,20.76,0.67,0.7
2000-11-26,24.05,25.79,87.96,11.95,0.81,0.75
2000-11-27,4.23,25.69,88.54,17.68,0.48,0.74
2000-11-28,1.46,25.77,92.19,21.51,1.27,0.72
2000-11-29,0.88,27.65,81.92,22.62,0.87,0.71
2000-11-30,0.76,27.42,81.73,20.77,0.95,0.7
2000-12-01,1.67,26.57,84.2,21.74,0.87,0.69
2000-12-02,11.06,25.95,83.51,17.06,0.92,0.69
2000-12-03,24.84,25.72,85.94,7.87,1.68,0.71
2000-12-04,16.44,25.31,88.97,18.62,1.55,0.73
2000-12-05,3.26,26.92,81.43,23.75,1.14,0.74
2000-12-06,0.08,26.95,78.63,19.54,1.38,0.72
2000-12-07,0.11,26.02,80.88,24.59,1.49,0.71
2000-12-08,0.12,27.19,78.34,24.65,1.19,0.7
2000-12-09,0.12,27.16,79.27,24.94,1.11,0.69
2000-12-10,0.03,26.99,78.68,24.87,0.85,0.68
2000-12-11,0.81,26.98,81.73,21.62,0.49,0.67
2000-12-12,4.2,26.01,86.05,20.81,0.71,0.67
2000-12-13,2.0,26.15,85.94,22.38,0.79,0.68
2000-12-14,18.27,25.66,87.68,14.1,0.83,0.69
2000-12-15,1.81,26.43,82.55,21.17,0.68,0.71
2000-12-16,0.45,25.71,81.87,24.54,0.66,0.7
2000-12-17,1.55,26.33,81.54,23.81,0.47,0.69
2000-12-18,1.57,25.95,84.6,19.01,0.61,0.69
2000-12-19,1.16,26.63,81.87,24.46,0.4,0.69
2000-12-20,0.73,25.74,86.59,21.65,0.69,0.68
2000-12-21,2.7,26.64,81.96,15.81,0.73,0.68
2000-12-22,3.84,26.7,81.84,20.26,0.5,0.68
2000-12-23,1.71,26.72,80.56,25.68,0.77,0.68
2000-12-24,0.27,26.85,78.76,19.94,0.67,0.67
2000-12-25,0.26,26.65,79.1,21.58,0.85,0.67
2000-12-26,0.0,26.6,76.36,21.62,0.92,0.66
2000-12-27,0.06,26.98,77.71,24.04,0.68,0.65
2000-12-28,17.12,26.5,83.09,24.39,0.81,0.66
2000-12-29,2.13,27.15,78.21,25.59,0.76,0.68
2000-12-30,0.03,27.23,77.25,25.28,0.81,0.67
2000-12-31,0.06,26.47,79.22,26.14,0.88,0.66
2001-01-01,5.21,26.08,80.05,25.38,0.8,0.66
2001-01-02,15.01,26.64,79.74,23.93,0.69,0.68
2001-01-03,0.46,27.27,74.56,25.14,0.84,0.68
2001-01-04,2.04,26.8,77.36,24.06,0.71,0.67
2001-01-05,2.38,26.12,83.81,16.4,1.05,0.67
2001-01-06,14.05,26.07,82.28,9.63,0.57,0.68
2001-01-07,17.41,25.31,86.51,19.53,0.6,0.71
2001-01-08,2.28,25.87,86.98,18.7,1.04,0.71
2001-01-09,5.23,24.89,89.92,15.16,0.67,0.7
2001-01-10,5.04,25.19,90.96,17.95,1.37,0.71
2001-01-11,13.79,24.53,92.0,7.01,1.78,0.71
2001-01-12,2.9,25.03,90.21,14.54,1.29,0.72
2001-01-13,4.02,25.58,87.09,15.18,1.11,0.71
2001-01-14,1.67,25.29,90.74,23.41,1.17,0.71
2001-01-15,25.73,25.24,93.38,12.01,1.35,0.73
2001-01-16,6.04,24.85,92.46,12.95,1.5,0.75
2001-01-17,8.98,25.28,91.53,17.22,1.39,0.74
2001-01-18,5.46,25.41,89.56,15.85,1.0,0.75
2001-01-19,1.26,25.42,88.88,17.8,0.86,0.74
2001-01-20,2.97,25.07,88.35,13.19,0.98,0.73
2001-01-21,3.94,25.68,86.39,19.15,0.65,0.73
2001-01-22,13.39,25.52,85.76,18.8,0.81,0.74
2001-01-23,1.06,25.25,89.2,14.32,1.15,0.74
2001-01-24,0.55,25.93,88.34,18.41,1.05,0.73
2001-01-25,2.78,26.52,85.18,18.1,0.87,0.73
2001-01-26,0.99,26.99,82.39,23.08,0.71,0.72
2001-01-27,1.48,26.35,84.65,18.52,0.84,0.72
2001-01-28,1.2,26.35,87.78,19.71,0.81,0.72
2001-01-29,1.14,25.88,86.62,7.3,0.93,0.71
2001-01-30,0.77,25.97,85.99,18.09,0.88,0.71
2001-01-31,1.21,25.89,87.87,23.95,0.85,0.71
2001-02-01,1.28,26.17,85.85,22.6,0.67,0.71
2001-02-02,28.03,25.41,92.25,16.73,0.99,0.73
2001-02-03,17.94,25.12,90.97,6.17,0.8,0.77
2001-02-04,6.8,24.74,91.13,16.52,1.04,0.77
2001-02-05,9.69,25.39,91.17,15.73,1.15,0.76
2001-02-06,9.69,25.7,88.46,14.64,1.17,0.77
2001-02-07,6.07,25.89,88.79,18.18,1.45,0.77
2001-02-08,3.25,25.87,86.99,10.49,1.45,0.76
2001-02-09,5.33,25.58,87.84,12.2,1.45,0.76
2001-02-10,44.16,25.45,93.08,16.83,1.88,0.78
2001-02-11,28.06,25.81,92.06,11.38,2.05,0.83
2001-02-12,18.41,26.14,87.31,14.54,2.26,0.83
2001-02-13,10.89,26.27,85.98,17.92,2.5,0.83
2001-02-14,6.09,26.3,85.77,21.92,2.35,0.81
2001-02-15,2.46,26.36,85.9,21.89,1.91,0.8
2001-02-16,2.46,26.09,86.0,19.74,1.42,0.79
2001-02-17,1.1,25.64,82.98,21.37,1.17,0.79
2001-02-18,1.46,25.4,87.48,19.91,1.11,0.78
2001-02-19,0.5,24.99,88.92,21.02,0.92,0.78
2001-02-20,0.34,25.79,83.98,18.57,0.82,0.77
2001-02-21,1.33,24.53,87.32,20.91,0.66,0.77
2001-02-22,0.87,25.98,81.22,12.38,0.52,0.77
2001-02-23,0.09,25.9,77.91,24.63,0.57,0.76
2001-02-24,0.02,25.8,77.33,25.72,0.73,0.75
2001-02-25,0.04,25.93,77.4,24.95,0.65,0.75
2001-02-26,0.0,26.2,78.05,24.95,0.62,0.74
2001-02-27,0.02,26.83,75.86,26.0,0.6,0.74
2001-02-28,0.07,26.5,79.58,25.68,0.82,0.73
2001-03-01,0.21,26.32,81.47,24.27,0.96,0.73
2001-03-02,0.86,26.32,83.96,21.24,0.86,0.72
2001-03-03,1.0,26.43,85.12,21.66,1.02,0.72
2001-03-04,3.16,26.36,85.68,20.94,0.96,0.72
2001-03-05,1.43,26.0,84.33,22.07,1.06,0.72
2001-03-06,2.45,25.81,85.16,20.88,0.8,0.72
2001-03-07,4.13,25.79,85.71,19.65,0.53,0.72
2001-03-08,9.79,25.19,88.32,17.7,0.74,0.74
2001-03-09,0.61,25.32,87.9,17.6,0.6,0.74
2001-03-10,0.86,26.43,82.04,21.14,0.52,0.73
2001-03-11,14.3,25.24,90.58,19.71,0.48,0.74
2001-03-12,3.98,25.63,84.59,23.1,0.71,0.75
2001-03-13,0.64,26.15,79.26,24.11,0.63,0.74
2001-03-14,3.11,26.57,80.78,21.27,0.67,0.73
2001-03-15,2.47,25.74,84.3,19.6,0.56,0.73
2001-03-16,3.0,25.55,84.53,20.79,0.7,0.73
2001-03-17,2.97,25.67,85.38,17.77,0.8,0.73
2001-03-18,6.08,25.86,87.54,10.16,1.06,0.73
2001-03-19,4.03,25.39,90.62,14.19,1.3,0.73
2001-03-20,11.06,25.06,92.4,18.84,1.58,0.75
2001-03-21,4.22,25.29,92.05,21.14,1.14,0.75
2001-03-22,2.43,25.48,88.19,19.06,0.82,0.75
2001-03-23,0.28,26.26,84.78,21.73,0.64,0.74
2001-03-24,0.41,25.65,90.73,21.02,0.86,0.74
2001-03-25,1.86,25.27,91.07,15.37,0.86,0.74
2001-03-26,7.63,26.19,81.09,17.13,0.57,0.74
2001-03-27,27.21,25.65,91.15,17.2,0.76,0.76
2001-03-28,25.13,25.15,89.54,15.66,0.87,0.81
2001-03-29,1.08,25.89,84.54,20.12,0.79,0.8
2001-03-30,0.91,25.86,85.0,19.41,0.36,0.78
2001-03-31,0.92,26.27,84.93,19.1,0.62,0.77
2001-04-01,0.68,25.83,85.54,18.8,0.74,0.77
2001-04-02,0.87,26.15,83.89,22.26,0.71,0.76
2001-04-03,1.06,26.22,85.79,20.93,0.93,0.76
2001-04-04,0.8,26.54,85.77,20.9,1.03,0.75
2001-04-05,6.13,26.18,86.26,20.37,0.86,0.75
2001-04-06,2.18,26.45,86.5,20.79,1.03,0.75
2001-04-07,0.91,26.58,83.39,19.78,0.89,0.75
2001-04-08,5.37,26.07,83.09,21.89,0.81,0.74
2001-04-09,2.34,26.19,82.72,21.11,0.84,0.75
2001-04-10,0.55,26.56,80.63,21.9,0.95,0.74
2001-04-11,0.16,26.58,83.02,22.45,0.88,0.73
2001-04-12,22.48,25.83,87.9,18.11,1.13,0.74
2001-04-13,27.23,25.97,85.1,18.51,0.99,0.78
2001-04-14,26.57,25.62,86.74,19.49,1.06,0.81
2001-04-15,5.73,25.67,82.66,20.55,0.99,0.81
2001-04-16,1.07,25.62,83.59,21.0,1.01,0.79
2001-04-17,0.09,25.31,81.82,22.72,1.06,0.78
2001-04-18,0.05,25.19,80.96,20.85,1.06,0.77
2001-04-19,0.01,25.73,76.93,22.35,0.75,0.76
2001-04-20,0.0,26.07,77.8,22.32,0.89,0.75
2001-04-21,0.0,26.4,81.22,21.8,0.9,0.74
2001-04-22,0.46,25.96,87.36,17.8,0.8,0.74
2001-04-23,1.59,26.02,89.49,18.24,0.88,0.74
2001-04-24,10.41,25.94,90.85,17.18,0.9,0.75
2001-04-25,4.48,25.57,88.85,20.14,1.13,0.76
2001-04-26,0.01,25.47,82.2,21.42,1.22,0.76
2001-04-27,0.01,25.11,80.71,21.52,1.12,0.75
2001-04-28,0.01,26.42,83.3,19.21,0.8,0.74
2001-04-29,0.11,26.93,82.72,20.36,0.76,0.73
2001-04-30,2.34,26.83,84.26,20.58,0.54,0.73
2001-05-01,0.55,26.94,82.87,20.97,0.71,0.73
2001-05-02,0.19,27.19,78.93,21.52,0.57,0.72
2001-05-03,0.01,26.77,80.52,21.46,0.97,0.72
2001-05-04,0.04,26.61,81.81,21.07,1.15,0.71
2001-05-05,0.0,25.98,80.48,20.98,1.22,0.7
2001-05-06,0.14,26.17,82.93,20.9,1.1,0.7
2001-05-07,1.2,26.09,84.99,19.75,1.09,0.7
2001-05-08,0.07,25.77,79.71,21.54,1.28,0.69
2001-05-09,0.0,25.07,76.86,21.72,1.35,0.69
2001-05-10,0.0,24.38,78.55,20.48,1.22,0.68
2001-05-11,0.0,24.41,78.13,20.93,1.01,0.68
2001-05-12,0.08,24.9,77.94,20.33,0.77,0.67
2001-05-13,0.0,25.29,77.54,20.19,0.77,0.67
2001-05-14,0.0,25.15,78.05,20.89,0.93,0.66
2001-05-15,0.05,25.63,80.88,19.64,1.13,0.66
2001-05-16,0.0,26.13,79.84,20.15,1.24,0.66
2001-05-17,0.39,26.21,80.78,19.5,1.29,0.65
2001-05-18,0.27,26.39,80.13,19.6,0.99,0.65
2001-05-19,0.62,26.02,81.14,19.25,1.16,0.65
2001-05-20,0.14,25.76,79.24,19.84,1.08,0.64
2001-05-21,0.0,25.4,78.73,20.1,0.99,0.64
2001-05-22,0.01,25.78,80.08,19.13,0.95,0.64
2001-05-23,0.02,26.1,78.04,19.2,0.8,0.63
2001-05-24,0.78,25.89,80.37,17.27,0.68,0.63
2001-05-25,3.47,25.49,85.0,18.02,0.85,0.63
2001-05-26,0.62,26.27,82.56,19.22,0.97,0.63
2001-05-27,0.91,26.14,81.97,18.59,1.04,0.63
2001-05-28,0.14,25.69,79.21,18.32,0.99,0.63
2001-05-29,0.05,25.66,79.55,17.67,0.92,0.62
2001-05-30,0.6,25.85,82.64,16.35,0.85,0.62
2001-05-31,1.66,25.61,85.95,15.16,0.57,0.62
2001-06-01,2.55,25.43,89.24,16.92,0.78,0.62
2001-06-02,0.68,26.13,84.81,18.37,0.82,0.63
2001-06-03,0.88,26.52,82.47,12.61,1.01,0.62
2001-06-04,9.67,25.43,90.88,14.47,0.86,0.63
2001-06-05,0.82,25.5,88.73,17.29,1.18,0.64
2001-06-06,0.25,25.91,82.37,17.49,1.32,0.64
2001-06-07,0.0,25.77,80.91,19.1,1.12,0.63
2001-06-08,0.64,25.36,85.1,15.09,1.17,0.62
2001-06-09,23.81,25.5,86.7,15.32,0.82,0.63
2001-06-10,12.82,24.9,88.69,6.94,0.85,0.69
2001-06-11,0.03,25.99,81.03,19.52,0.79,0.68
2001-06-12,0.32,26.43,80.62,17.95,0.65,0.67
2001-06-13,10.51,25.41,90.05,17.43,0.8,0.67
2001-06-14,2.35,25.34,88.62,16.75,0.94,0.68
2001-06-15,0.19,25.49,84.26,18.93,1.27,0.67
2001-06-16,0.12,25.16,76.55,19.2,1.74,0.66
2001-06-17,0.0,24.7,74.6,19.11,1.61,0.65
2001-06-18,0.0,24.14,72.23,17.89,1.75,0.64
2001-06-19,0.01,23.88,71.27,19.5,1.53,0.63
2001-06-20,0.1,24.68,80.69,13.26,1.43,0.62
2001-06-21,0.3,24.65,81.11,11.95,1.48,0.62
2001-06-22,0.03,25.33,78.9,17.61,1.14,0.62
2001-06-23,0.04,25.42,78.93,17.79,1.13,0.61
2001-06-24,0.02,25.29,79.23,18.95,1.31,0.61
2001-06-25,0.01,25.29,80.13,18.26,1.17,0.6
2001-06-26,0.48,25.31,80.78,18.29,0.99,0.6
2001-06-27,0.67,25.39,81.18,18.33,0.92,0.6
2001-06-28,0.19,25.41,79.39,18.8,1.04,0.6
2001-06-29,0.09,25.07,78.82,18.73,1.2,0.59
2001-06-30,0.0,24.36,75.04,19.67,1.36,0.59
2001-07-01,0.0,23.19,70.35,19.28,1.56,0.59
2001-07-02,0.0,22.6,65.36,19.53,1.42,0.58
2001-07-03,0.0,22.69,63.87,19.88,1.46,0.58
2001-07-04,0.07,23.64,66.51,19.42,1.33,0.58
2001-07-05,0.29,24.29,76.25,18.69,1.27,0.57
2001-07-06,0.15,24.9,77.52,19.25,0.91,0.57
2001-07-07,0.05,25.57,74.54,19.45,0.77,0.57
2001-07-08,0.04,25.57,73.8,19.76,0.8,0.57
2001-07-09,0.08,24.6,78.46,18.62,1.1,0.57
2001-07-10,0.13,25.15,75.96,19.15,0.98,0.57
2001-07-11,0.17,25.24,74.59,18.84,0.93,0.56
2001-07-12,0.19,25.3,74.87,19.29,1.03,0.56
2001-07-13,0.1,25.78,75.47,19.49,1.13,0.56
2001-07-14,0.14,25.96,72.61,20.18,1.17,0.56
2001-07-15,0.15,25.96,74.38,19.67,1.14,0.56
2001-07-16,0.0,25.87,73.65,19.77,0.86,0.56
2001-07-17,0.02,25.7,74.5,19.6,0.88,0.55
2001-07-18,0.0,25.9,74.81,19.4,0.72,0.55
2001-07-19,0.41,26.31,76.1,18.6,0.85,0.55
2001-07-20,0.53,26.56,76.09,14.62,0.89,0.55
2001-07-21,0.43,26.28,76.07,17.91,0.81,0.55
2001-07-22,0.05,26.17,76.19,17.93,0.88,0.55
2001-07-23,0.01,26.18,74.39,19.59,1.18,0.55
2001-07-24,0.01,25.83,73.24,18.93,1.22,0.55
2001-07-25,0.0,25.72,70.95,18.13,1.39,0.55
2001-07-26,0.02,25.7,70.17,18.97,1.41,0.54
2001-07-27,0.01,25.61,71.26,18.02,1.07,0.54
2001-07-28,0.0,25.31,71.21,18.79,1.34,0.54
2001-07-29,0.2,25.15,70.34,20.63,1.15,0.54
2001-07-30,0.0,24.77,71.92,20.21,1.37,0.54
2001-07-31,0.07,24.38,73.23,18.69,1.39,0.54
2001-08-01,0.0,23.46,69.73,19.31,1.43,0.54
2001-08-02,0.0,23.64,64.28,21.79,1.28,0.54
2001-08-03,0.0,23.6,66.04,21.32,1.13,0.53
2001-08-04,0.0,24.08,66.44,20.05,1.13,0.53
2001-08-05,0.0,24.15,70.45,19.51,1.37,0.53
2001-08-06,0.19,24.93,70.81,18.33,1.06,0.53
2001-08-07,0.05,25.36,69.97,20.29,1.03,0.53
2001-08-08,0.0,26.23,69.88,21.49,0.91,0.53
2001-08-09,0.03,26.49,71.23,21.06,0.87,0.53
2001-08-10,0.32,25.68,72.04,20.2,1.11,0.53
2001-08-11,0.45,24.75,67.77,22.43,1.13,0.53
2001-08-12,0.0,24.65,67.84,20.68,1.0,0.53
2001-08-13,0.0,25.34,69.3,21.2,1.09,0.52
2001-08-14,0.2,26.34,71.49,20.76,0.85,0.52
2001-08-15,0.1,26.49,70.51,20.63,0.85,0.52
2001-08-16,0.04,25.25,69.33,20.89,1.57,0.52
2001-08-17,0.0,24.41,64.66,19.86,1.6,0.52
2001-08-18,0.1,25.57,65.34,20.22,1.01,0.52
2001-08-19,0.09,25.83,65.51,20.6,0.86,0.52
2001-08-20,0.05,25.98,67.46,20.54,0.9,0.52
2001-08-21,0.02,26.06,67.54,22.08,1.13,0.52
2001-08-22,0.14,25.84,69.79,19.81,1.31,0.52
2001-08-23,0.06,25.87,62.75,20.64,1.3,0.51
2001-08-24,0.06,25.43,66.71,20.75,1.12,0.51
2001-08-25,0.17,25.06,70.7,19.89,1.32,0.51
2001-08-26,0.08,25.14,70.51,20.41,1.35,0.51
2001-08-27,0.02,25.35,69.55,19.73,1.15,0.51
2001-08-28,0.04,26.03,68.54,21.42,0.93,0.51
2001-08-29,0.17,26.61,69.41,19.91,1.02,0.51
2001-08-30,0.01,27.3,69.27,21.89,0.83,0.51
2001-08-31,0.57,26.85,70.33,18.49,1.02,0.51
2001-09-01,0.21,26.15,70.95,22.14,1.2,0.51
2001-09-02,0.03,26.43,69.71,20.84,1.1,0.51
2001-09-03,0.03,26.07,70.27,19.71,1.15,0.51
2001-09-04,0.0,26.2,69.65,22.42,1.11,0.51
2001-09-05,0.0,27.11,64.97,23.78,0.89,0.51
2001-09-06,0.01,27.37,68.03,22.56,1.06,0.51
2001-09-07,0.09,26.57,72.33,20.54,1.6,0.51
2001-09-08,0.01,26.94,67.25,22.76,1.06,0.51
2001-09-09,0.0,27.15,67.88,22.47,0.94,0.51
2001-09-10,0.0,26.53,68.7,23.32,1.2,0.51
2001-09-11,0.22,27.08,69.05,22.19,0.99,0.51
2001-09-12,0.05,27.46,69.04,22.98,0.91,0.51
2001-09-13,0.0,26.75,70.85,22.59,1.36,0.5
2001-09-14,0.02,27.53,66.64,25.01,1.01,0.5
2001-09-15,0.2,28.1,66.82,24.03,0.97,0.5
2001-09-16,0.0,28.63,65.39,24.81,1.05,0.5
2001-09-17,0.01,28.63,65.14,23.82,0.84,0.5
2001-09-18,0.48,28.9,64.61,23.75,0.64,0.5
2001-09-19,0.12,28.59,63.04,23.45,0.88,0.5
2001-09-20,0.23,28.45,62.56,23.12,0.85,0.5
2001-09-21,0.02,28.24,64.39,23.28,0.9,0.5
2001-09-22,0.01,27.91,67.68,22.77,1.06,0.5
2001-09-23,0.02,27.7,68.48,23.06,1.44,0.5
2001-09-24,0.17,27.86,68.16,22.5,1.52,0.5
2001-09-25,0.18,28.27,66.26,23.03,1.05,0.5
2001-09-26,0.19,28.35,65.17,24.36,0.97,0.5
2001-09-27,0.03,28.58,64.43,24.14,1.01,0.5
2001-09-28,0.0,29.21,60.51,24.96,0.74,0.5
2001-09-29,0.0,29.11,61.78,23.52,0.77,0.5
2001-09-30,0.22,29.02,63.51,22.04,0.57,0.5
2001-10-01,0.49,28.94,60.81,22.87,0.65,0.5
2001-10-02,1.1,28.64,62.79,22.75,0.74,0.5
2001-10-03,0.64,28.8,61.96,23.94,0.8,0.5
2001-10-04,1.21,28.66,62.5,23.56,0.88,0.5
2001-10-05,0.78,28.58,64.86,23.6,0.84,0.5
2001-10-06,0.0,28.6,63.58,24.38,0.91,0.5
2001-10-07,0.04,28.62,65.59,21.71,0.84,0.5
2001-10-08,1.59,28.23,65.71,21.62,0.82,0.5
2001-10-09,0.8,27.26,71.22,21.59,0.56,0.5
2001-10-10,1.71,27.08,72.52,22.21,0.6,0.5
2001-10-11,0.11,28.16,69.61,22.54,0.43,0.5
2001-10-12,0.09,28.46,68.04,23.59,0.58,0.5
2001-10-13,0.14,28.3,67.26,23.54,0.67,0.5
2001-10-14,1.63,28.52,68.6,23.79,0.66,0.5
2001-10-15,0.59,29.39,66.1,23.56,0.65,0.5
2001-10-16,0.05,29.53,66.23,25.28,0.99,0.5
2001-10-17,0.05,29.96,63.78,25.02,0.81,0.5
2001-10-18,10.86,28.34,70.18,21.27,1.25,0.51
2001-10-19,0.37,27.47,72.87,25.46,1.21,0.52
2001-10-20,0.31,28.13,70.49,22.57,1.22,0.52
2001-10-21,2.84,27.74,72.31,21.86,0.88,0.51
2001-10-22,2.5,26.5,77.66,21.99,1.19,0.52
2001-10-23,0.59,27.93,71.8,20.88,1.16,0.52
2001-10-24,0.06,28.5,71.07,22.69,0.81,0.52
2001-10-25,27.36,27.64,77.31,23.63,1.06,0.54
2001-10-26,5.04,27.61,76.71,24.27,1.21,0.57
2001-10-27,1.68,28.32,71.7,25.29,0.95,0.56
2001-10-28,0.61,28.63,69.33,24.93,0.72,0.55
2001-10-29,0.32,28.63,67.39,24.35,0.91,0.54
2001-10-30,0.6,28.58,68.62,24.19,1.08,0.54
2001-10-31,3.8,27.04,78.02,18.51,0.83,0.54
2001-11-01,0.98,27.23,77.42,21.47,1.26,0.54
2001-11-02,0.52,27.1,77.0,22.06,1.36,0.54
2001-11-03,0.04,28.3,69.42,23.56,1.1,0.53
2001-11-04,5.55,27.55,75.12,23.28,1.26,0.54
2001-11-05,0.3,27.94,70.86,24.19,1.23,0.54
2001-11-06,0.04,28.0,69.76,23.83,1.4,0.53
2001-11-07,1.47,27.47,71.81,20.79,1.35,0.53
2001-11-08,5.54,26.91,76.82,22.3,1.34,0.53
2001-11-09,1.36,27.35,73.85,20.26,1.35,0.54
2001-11-10,0.02,27.56,70.36,21.13,1.21,0.53
2001-11-11,0.02,27.67,66.67,22.87,1.19,0.53
2001-11-12,2.85,27.67,73.38,20.17,1.01,0.53
2001-11-13,18.67,26.12,84.92,18.59,0.92,0.54
2001-11-14,12.28,26.44,85.72,16.54,0.78,0.57
2001-11-15,8.56,26.86,82.35,22.6,0.58,0.58
2001-11-16,16.76,27.31,80.54,22.21,0.48,0.6
2001-11-17,16.74,26.49,84.75,16.81,0.55,0.61
2001-11-18,7.7,26.51,84.03,21.22,0.7,0.63
2001-11-19,0.83,27.4,78.69,21.68,0.41,0.61
2001-11-20,8.33,28.26,76.65,23.0,0.39,0.6
2001-11-21,11.43,26.88,84.06,21.47,0.61,0.62
2001-11-22,2.39,27.11,78.22,19.18,0.78,0.62
2001-11-23,0.91,26.8,77.52,16.37,0.69,0.6
2001-11-24,9.07,26.73,79.79,15.95,0.71,0.6
2001-11-25,3.78,26.3,85.1,10.31,0.92,0.61
2001-11-26,8.07,26.11,84.51,20.28,0.79,0.61
2001-11-27,5.14,25.91,87.17,18.23,0.76,0.61
2001-11-28,6.09,25.72,91.24,17.56,1.09,0.62
2001-11-29,15.19,25.59,90.33,19.79,0.7,0.63
2001-11-30,11.36,25.49,90.34,18.22,0.69,0.65
2001-12-01,14.9,25.86,87.72,17.21,0.78,0.66
2001-12-02,14.01,26.01,90.27,13.65,1.21,0.67
2001-12-03,4.3,26.12,89.24,16.37,0.93,0.67
2001-12-04,0.84,25.88,81.27,19.67,1.51,0.66
2001-12-05,0.15,26.61,76.33,23.39,1.01,0.64
2001-12-06,0.51,26.71,75.83,20.96,0.94,0.63
2001-12-07,1.23,26.34,77.99,16.38,0.96,0.62
2001-12-08,1.54,25.69,81.16,16.31,0.73,0.62
2001-12-09,2.46,25.4,81.01,16.46,0.88,0.61
2001-12-10,0.75,25.68,78.65,19.51,0.84,0.61
2001-12-11,1.16,25.96,78.91,19.74,0.53,0.61
2001-12-12,1.7,25.56,78.58,15.44,0.7,0.6
2001-12-13,0.11,26.69,74.95,21.82,0.66,0.6
2001-12-14,0.14,27.22,72.69,25.35,0.49,0.59
2001-12-15,0.04,27.34,71.85,25.42,0.54,0.59
2001-12-16,0.17,27.19,73.0,24.18,0.53,0.58
2001-12-17,15.18,26.21,81.68,11.72,0.82,0.59
2001-12-18,14.7,25.09,90.77,16.77,1.14,0.62
2001-12-19,2.3,26.03,81.25,18.96,0.65,0.63
2001-12-20,3.5,26.6,79.28,20.75,0.57,0.62
2001-12-21,1.27,27.09,76.37,24.65,0.82,0.62
2001-12-22,0.03,27.46,71.61,25.96,0.87,0.61
2001-12-23,2.21,27.53,74.09,21.99,0.7,0.6
2001-12-24,18.24,27.0,77.32,24.32,0.89,0.61
2001-12-25,2.93,26.93,76.29,24.65,0.83,0.63
2001-12-26,5.52,26.98,76.63,23.94,0.76,0.62
2001-12-27,12.03,26.56,78.86,21.81,0.71,0.64
2001-12-28,0.67,26.89,77.07,22.21,0.48,0.63
2001-12-29,9.11,26.02,84.13,14.48,0.85,0.63
2001-12-30,9.6,25.83,86.13,21.99,0.65,0.64
2001-12-31,8.65,25.37,90.51,21.69,0.65,0.65
2002-01-01,2.68,26.16,84.48,16.62,0.87,0.65
2002-01-02,2.99,26.53,79.59,20.7,0.99,0.64
2002-01-03,1.64,26.57,78.67,20.79,0.72,0.64
2002-01-04,1.9,26.76,78.38,23.48,0.74,0.63
2002-01-05,7.22,26.37,80.71,15.23,0.52,0.63
2002-01-06,0.82,25.97,83.48,20.2,0.4,0.63
2002-01-07,0.56,27.25,77.18,22.86,0.71,0.62
2002-01-08,0.02,26.95,75.47,25.03,0.79,0.62
2002-01-09,0.04,27.38,73.19,24.38,0.76,0.61
2002-01-10,13.59,26.99,78.43,25.19,0.49,0.61
2002-01-11,4.99,27.38,76.21,25.26,0.72,0.63
2002-01-12,0.39,27.36,76.21,25.06,0.84,0.62
2002-01-13,1.09,27.31,79.53,22.83,0.75,0.61
2002-01-14,0.49,26.71,84.54,20.96,0.71,0.61
2002-01-15,2.41,26.69,85.16,24.03,0.74,0.61
2002-01-16,15.51,26.94,82.6,23.65,0.81,0.62
2002-01-17,4.92,26.36,81.62,17.17,0.69,0.64
2002-01-18,7.7,25.83,88.95,23.03,0.99,0.64
2002-01-19,3.42,26.55,86.13,19.45,0.57,0.65
2002-01-20,2.76,26.32,85.93,22.15,0.54,0.64
2002-01-21,2.06,25.95,87.79,17.74,0.82,0.64
2002-01-22,2.68,25.19,91.35,17.53,1.04,0.64
2002-01-23,4.09,25.97,87.76,16.72,0.98,0.64
2002-01-24,8.15,25.97,86.92,16.33,0.81,0.64
2002-01-25,7.46,25.66,88.78,19.32,1.25,0.66
2002-01-26,1.69,25.7,86.61,11.88,1.38,0.65
2002-01-27,3.34,25.86,87.15,16.38,1.37,0.65
2002-01-28,3.42,25.7,90.63,14.34,1.38,0.65
2002-01-29,57.65,25.6,92.25,9.77,1.46,0.67
2002-01-30,10.43,25.42,91.7,18.28,1.11,0.73
2002-01-31,5.42,25.02,89.83,9.76,1.19,0.72
2002-02-01,2.02,24.97,89.99,13.72,1.51,0.71
2002-02-02,15.16,25.24,89.74,12.45,1.53,0.71
2002-02-03,15.26,25.41,92.1,13.16,1.65,0.72
2002-02-04,54.42,25.28,94.36,7.46,1.71,0.75
2002-02-05,21.41,25.26,93.64,7.56,1.51,0.8
2002-02-06,28.53,25.38,93.21,8.0,1.58,0.79
2002-02-07,43.87,25.53,90.02,8.25,1.67,0.84
2002-02-08,5.83,25.16,89.21,18.5,1.56,0.82
2002-02-09,4.02,25.12,89.3,9.42,1.64,0.8
2002-02-10,1.82,25.08,90.42,15.39,1.52,0.78
2002-02-11,1.0,25.42,89.6,18.24,1.32,0.77
2002-02-12,3.8,24.99,90.28,18.47,1.07,0.76
2002-02-13,13.83,25.03,89.96,10.0,1.29,0.77
2002-02-14,6.05,25.18,91.0,14.06,1.44,0.78
2002-02-15,3.86,25.26,87.26,12.1,1.19,0.77
2002-02-16,4.46,25.03,91.37,16.83,1.3,0.77
2002-02-17,22.33,25.16,87.37,10.58,1.11,0.78
2002-02-18,2.84,25.11,89.14,19.38,1.07,0.79
2002-02-19,0.9,25.94,87.31,22.95,0.94,0.78
2002-02-20,4.48,25.69,90.73,20.54,0.9,0.78
2002-02-21,10.2,25.61,90.44,19.38,1.16,0.78
2002-02-22,2.61,25.1,90.58,12.77,1.57,0.79
2002-02-23,13.24,25.08,92.13,16.92,1.26,0.79
2002-02-24,25.47,24.64,91.9,17.89,1.39,0.82
2002-02-25,1.72,25.63,86.72,20.03,0.9,0.82
2002-02-26,0.22,26.27,83.8,25.46,0.52,0.8
2002-02-27,0.22,26.63,78.65,25.44,0.44,0.79
2002-02-28,8.96,26.93,80.88,24.31,0.54,0.79
2002-03-01,0.21,26.78,78.42,23.59,0.56,0.79
2002-03-02,0.21,26.67,80.64,22.84,0.55,0.78
2002-03-03,0.06,26.38,77.38,26.2,0.65,0.77
2002-03-04,0.79,26.5,81.62,22.33,0.48,0.76
2002-03-05,5.44,25.62,90.5,18.66,0.71,0.76
2002-03-06,104.96,25.68,90.59,18.96,0.52,0.8
2002-03-07,47.11,25.19,89.77,12.08,0.98,0.88
2002-03-08,8.06,25.17,89.68,21.12,1.04,0.87
2002-03-09,15.94,25.35,92.17,18.91,1.52,0.86
2002-03-10,6.52,25.05,89.89,19.8,0.93,0.86
2002-03-11,2.35,26.07,85.35,22.84,0.69,0.84
2002-03-12,4.03,26.74,81.02,24.47,0.8,0.83
2002-03-13,4.91,26.44,84.77,22.3,0.92,0.83
2002-03-14,1.65,26.87,81.45,24.02,0.72,0.83
2002-03-15,3.03,26.19,82.77,25.52,0.85,0.82
2002-03-16,1.01,26.03,85.99,23.35,0.71,0.82
2002-03-17,1.2,26.98,82.53,22.76,0.72,0.82
2002-03-18,5.43,26.43,85.45,19.96,0.91,0.81
2002-03-19,2.89,25.89,85.41,19.95,0.84,0.82
2002-03-20,0.15,26.53,80.43,25.01,0.85,0.81
2002-03-21,0.02,26.53,82.44,23.5,0.9,0.8
2002-03-22,8.98,26.81,83.45,23.0,0.61,0.8
2002-03-23,6.45,26.35,85.98,22.81,0.59,0.81
2002-03-24,1.24,27.21,81.27,22.56,0.68,0.81
2002-03-25,0.37,26.89,84.34,23.36,0.92,0.8
2002-03-26,19.54,26.81,86.55,22.09,0.79,0.81
2002-03-27,10.53,25.19,92.11,14.66,0.85,0.83
2002-03-28,5.78,25.34,86.84,21.6,0.73,0.83
2002-03-29,0.7,26.16,83.39,21.77,0.46,0.82
2002-03-30,0.13,26.07,88.82,21.02,0.62,0.81
2002-03-31,0.8,25.41,90.81,14.25,1.06,0.81
2002-04-01,6.97,25.43,90.79,18.93,0.79,0.81
2002-04-02,17.04,25.58,87.95,20.85,0.64,0.83
2002-04-03,0.75,26.1,81.53,19.67,0.69,0.83
2002-04-04,70.4,25.8,85.12,20.84,0.86,0.84
2002-04-05,1.06,25.97,84.44,21.67,0.91,0.86
2002-04-06,0.25,26.5,82.69,23.74,0.95,0.84
2002-04-07,0.14,26.21,84.2,23.06,1.11,0.83
2002-04-08,0.79,26.8,82.38,23.41,0.69,0.82
2002-04-09,1.15,26.42,84.28,20.85,0.71,0.81
2002-04-10,0.84,26.87,79.86,21.59,0.45,0.81
2002-04-11,3.26,25.73,87.51,12.16,0.83,0.81
2002-04-12,1.67,25.5,87.5,13.87,1.27,0.81
2002-04-13,1.67,26.45,87.7,20.65,0.86,0.81
2002-04-14,0.76,26.35,87.31,21.34,0.64,0.8
2002-04-15,1.19,26.42,82.94,20.56,0.67,0.8
2002-04-16,0.48,26.38,84.2,21.65,0.72,0.8
2002-04-17,1.68,26.2,82.44,20.1,0.48,0.79
2002-04-18,14.17,25.81,86.83,17.7,0.84,0.8
2002-04-19,4.38,26.34,83.46,20.92,0.94,0.81
2002-04-20,0.3,26.41,81.23,22.17,0.98,0.8
2002-04-21,0.55,26.08,81.29,21.46,0.92,0.79
2002-04-22,0.0,26.43,79.39,22.03,0.79,0.79
2002-04-23,0.11,26.71,81.71,21.77,0.77,0.78
2002-04-24,0.77,26.79,83.1,20.88,0.88,0.78
2002-04-25,0.06,26.23,81.39,21.03,1.31,0.77
2002-04-26,0.0,25.93,81.39,21.56,1.15,0.77
2002-04-27,0.1,26.22,83.93,22.17,1.05,0.76
2002-04-28,0.0,26.28,81.74,22.15,1.15,0.76
2002-04-29,0.0,26.07,82.27,21.87,1.21,0.75
2002-04-30,0.04,26.07,83.56,21.85,1.09,0.75
2002-05-01,0.22,26.88,84.21,20.06,1.07,0.75
2002-05-02,0.05,26.53,83.41,19.85,1.01,0.74
2002-05-03,1.01,26.17,84.48,20.37,1.28,0.74
2002-05-04,0.2,26.37,84.96,20.04,1.36,0.74
2002-05-05,0.26,26.43,83.2,20.4,1.17,0.73
2002-05-06,0.5,26.54,83.75,20.94,1.0,0.73
2002-05-07,1.0,26.68,84.15,18.79,0.96,0.73
2002-05-08,0.09,26.56,83.64,20.12,0.98,0.72
2002-05-09,0.07,26.02,84.02,20.34,1.08,0.72
2002-05-10,0.43,26.08,82.02,19.94,0.85,0.72
2002-05-11,0.39,26.28,80.77,20.09,0.79,0.71
2002-05-12,1.67,26.07,82.21,19.46,0.82,0.71
2002-05-13,0.22,25.53,81.0,20.79,0.98,0.71
2002-05-14,0.07,25.44,80.97,20.75,1.01,0.7
2002-05-15,0.08,25.51,79.14,20.45,0.82,0.7
2002-05-16,0.02,25.42,79.63,21.04,1.01,0.7
2002-05-17,0.04,25.25,81.69,20.93,1.11,0.69
2002-05-18,0.25,25.39,82.15,19.99,1.11,0.69
2002-05-19,0.24,25.11,80.41,21.25,1.22,0.68
2002-05-20,0.0,24.97,79.04,21.24,1.09,0.68
2002-05-21,0.04,25.36,80.56,20.86,0.88,0.67
2002-05-22,0.17,25.17,80.07,19.91,0.7,0.67
2002-05-23,0.1,25.35,79.42,20.05,0.71,0.66
2002-05-24,0.01,24.97,78.98,19.8,1.06,0.66
2002-05-25,0.16,25.38,81.29,19.16,1.08,0.66
2002-05-26,0.0,25.61,80.84,20.21,1.05,0.65
2002-05-27,0.06,25.83,80.09,20.05,1.11,0.65
2002-05-28,0.0,25.53,80.54,19.81,1.21,0.65
2002-05-29,0.09,25.53,78.26,19.66,1.32,0.64
2002-05-30,0.16,25.23,75.0,19.91,1.41,0.64
2002-05-31,0.02,25.03,75.05,19.73,1.39,0.63
2002-06-01,0.12,24.95,77.89,19.13,1.11,0.63
2002-06-02,0.09,25.02,77.9,19.19,1.1,0.63
2002-06-03,0.05,25.47,75.76,19.66,1.04,0.62
2002-06-04,0.16,26.1,79.12,18.66,0.89,0.62
2002-06-05,0.03,26.04,78.15,19.62,0.99,0.62
2002-06-06,0.36,25.73,78.04,19.9,1.13,0.61
2002-06-07,0.15,25.58,77.08,19.45,1.29,0.61
2002-06-08,0.22,25.1,74.11,14.23,1.4,0.61
2002-06-09,0.13,25.28,77.04,17.84,1.32,0.61
2002-06-10,0.03,26.04,75.18,19.8,1.35,0.6
2002-06-11,0.0,25.74,77.31,18.58,1.09,0.6
2002-06-12,0.09,25.79,78.68,17.82,1.36,0.6
2002-06-13,0.08,25.51,81.29,13.04,1.3,0.6
2002-06-14,0.07,25.36,77.73,17.99,1.2,0.6
2002-06-15,0.21,25.36,79.18,17.88,1.05,0.59
2002-06-16,0.06,24.95,78.54,18.78,1.15,0.59
2002-06-17,0.0,24.11,76.57,19.63,1.21,0.59
2002-06-18,0.0,24.62,77.89,18.64,1.37,0.59
2002-06-19,0.0,25.12,78.57,18.31,1.35,0.58
2002-06-20,0.5,24.92,76.56,18.85,1.34,0.58
2002-06-21,0.0,24.04,73.72,19.77,1.41,0.58
2002-06-22,0.0,24.03,74.86,19.11,1.48,0.58
2002-06-23,0.02,24.49,74.82,18.23,1.35,0.58
2002-06-24,0.18,24.47,77.92,14.43,1.42,0.58
2002-06-25,0.0,23.86,76.66,16.92,1.45,0.57
2002-06-26,0.0,23.45,73.75,18.82,1.34,0.57
2002-06-27,0.01,23.36,76.1,19.22,1.26,0.57
2002-06-28,0.29,24.1,73.86,18.36,0.94,0.57
2002-06-29,0.0,24.21,74.02,19.32,1.03,0.57
2002-06-30,0.04,24.64,74.61,18.75,0.94,0.57
2002-07-01,0.12,24.55,76.92,19.12,1.35,0.57
2002-07-02,0.0,23.8,66.93,20.73,1.6,0.56
2002-07-03,0.0,24.16,69.78,19.45,1.28,0.56
2002-07-04,0.05,24.38,75.51,17.03,1.4,0.56
2002-07-05,0.09,24.8,76.3,17.79,1.24,0.56
2002-07-06,0.01,24.29,75.15,19.53,1.43,0.56
2002-07-07,0.15,23.91,76.02,18.84,1.22,0.56
2002-07-08,0.19,24.47,75.54,18.06,1.15,0.56
2002-07-09,0.04,24.83,74.65,19.09,1.28,0.55
2002-07-10,0.0,24.81,73.34,19.43,1.27,0.55
2002-07-11,0.0,25.33,73.28,19.36,1.09,0.55
2002-07-12,0.04,25.14,74.6,18.45,1.25,0.55
2002-07-13,0.01,23.92,74.17,17.91,1.46,0.55
2002-07-14,0.0,24.33,74.02,18.28,1.16,0.55
2002-07-15,0.22,24.72,73.67,19.07,1.29,0.55
2002-07-16,0.08,24.71,75.64,19.49,1.21,0.54
2002-07-17,0.08,24.81,73.63,18.89,1.25,0.54
2002-07-18,0.07,24.6,75.89,19.57,1.14,0.54
2002-07-19,0.31,24.39,74.77,14.81,1.25,0.54
2002-07-20,0.23,24.86,68.91,19.88,1.03,0.54
2002-07-21,0.18,25.3,71.85,17.11,1.03,0.54
2002-07-22,0.06,25.53,77.11,18.01,0.8,0.54
2002-07-23,0.03,25.33,74.09,20.56,1.2,0.54
2002-07-24,0.0,25.09,72.82,20.24,1.13,0.54
2002-07-25,0.03,24.82,71.39,20.04,1.15,0.53
2002-07-26,0.5,24.95,75.2,18.85,0.79,0.53
2002-07-27,0.41,24.91,75.36,19.93,1.12,0.53
2002-07-28,0.03,25.32,72.1,19.64,1.17,0.53
2002-07-29,0.01,25.95,72.78,19.2,0.87,0.53
2002-07-30,0.12,26.28,71.99,19.65,0.83,0.53
2002-07-31,0.32,25.9,71.5,19.6,1.1,0.53
2002-08-01,0.07,25.28,71.2,20.52,1.22,0.53
2002-08-02,0.0,24.69,68.3,20.53,1.34,0.53
2002-08-03,0.0,24.64,66.36,21.75,1.16,0.52
2002-08-04,0.0,24.71,66.81,22.44,1.06,0.52
2002-08-05,0.02,24.18,72.71,20.5,1.4,0.52
2002-08-06,0.18,25.07,71.48,20.6,1.22,0.52
2002-08-07,0.0,25.69,71.71,21.1,0.96,0.52
2002-08-08,0.0,25.91,70.94,20.56,0.95,0.52
2002-08-09,0.0,25.43,71.07,21.96,0.97,0.52
2002-08-10,0.0,25.22,70.51,22.03,1.08,0.52
2002-08-11,0.0,24.42,67.92,21.13,1.37,0.52
2002-08-12,0.0,24.2,69.05,21.05,1.36,0.52
2002-08-13,0.0,24.03,71.25,22.2,1.14,0.52
2002-08-14,0.18,24.37,70.21,19.73,1.07,0.51
2002-08-15,0.08,24.28,71.42,18.14,1.16,0.51
2002-08-16,0.22,24.68,68.88,20.42,1.21,0.51
2002-08-17,0.54,24.62,66.68,20.11,1.21,0.51
2002-08-18,0.01,24.59,64.64,21.43,1.29,0.51
2002-08-19,0.03,24.19,66.98,21.42,1.23,0.51
2002-08-20,0.0,24.74,68.69,21.5,1.11,0.51
2002-08-21,0.01,25.12,68.27,21.24,1.12,0.51
2002-08-22,0.0,24.72,69.77,21.25,1.29,0.51
2002-08-23,0.01,24.76,72.78,20.24,1.22,0.51
2002-08-24,0.04,25.21,69.57,22.25,1.04,0.51
2002-08-25,0.46,25.37,68.19,22.6,0.87,0.51
2002-08-26,0.16,25.74,63.71,21.93,0.83,0.51
2002-08-27,0.0,25.34,63.54,21.24,0.93,0.51
2002-08-28,0.0,25.27,62.47,23.18,1.16,0.51
2002-08-29,0.0,24.84,62.59,23.92,1.23,0.51
2002-08-30,0.0,24.81,63.44,23.04,1.19,0.51
2002-08-31,0.31,25.22,68.74,20.5,0.99,0.51
2002-09-01,0.76,25.99,68.4,18.44,0.82,0.51
2002-09-02,0.0,25.65,67.89,22.39,0.98,0.51
2002-09-03,0.01,25.06,68.73,22.27,1.19,0.51
2002-09-04,0.0,24.88,66.04,23.09,1.21,0.51
2002-09-05,0.0,24.53,68.52,22.55,1.27,0.51
2002-09-06,0.02,24.51,67.03,23.06,1.23,0.51
2002-09-07,0.04,24.98,66.68,23.93,1.1,0.51
2002-09-08,0.0,25.27,65.18,23.26,1.05,0.51
2002-09-09,0.0,25.1,64.4,24.75,0.92,0.5
2002-09-10,0.0,25.38,69.37,21.83,1.15,0.5
2002-09-11,0.01,25.61,69.83,22.18,1.21,0.5
2002-09-12,0.0,25.94,67.42,22.62,1.07,0.5
2002-09-13,0.0,26.4,66.13,24.29,1.0,0.5
2002-09-14,0.0,26.56,69.16,23.23,1.15,0.5
2002-09-15,0.06,26.1,71.04,21.78,1.5,0.5
2002-09-16,0.07,25.81,71.14,21.22,1.54,0.5
2002-09-17,0.0,26.16,70.62,21.33,1.33,0.5
2002-09-18,0.01,26.96,66.23,23.91,1.0,0.5
2002-09-19,0.0,26.86,67.14,23.64,0.94,0.5
2002-09-20,0.11,27.3,66.31,24.62,0.88,0.5
2002-09-21,0.22,27.37,64.59,24.67,0.97,0.5
2002-09-22,0.0,27.03,64.28,24.79,1.18,0.5
2002-09-23,0.0,26.49,66.04,23.44,1.23,0.5
2002-09-24,0.0,26.26,67.36,21.52,1.21,0.5
2002-09-25,0.06,26.76,66.08,23.4,0.97,0.5
2002-09-26,0.0,27.37,66.29,23.83,0.93,0.5
2002-09-27,0.0,27.93,66.34,23.96,1.07,0.5
2002-09-28,0.04,27.78,65.05,23.39,1.08,0.5
2002-09-29,0.05,27.0,65.77,24.36,1.25,0.5
2002-09-30,0.0,26.32,69.14,23.4,1.32,0.5
2002-10-01,0.03,27.39,65.93,24.4,1.02,0.5
2002-10-02,0.05,28.01,65.96,24.26,0.88,0.5
2002-10-03,0.02,28.7,62.69,25.07,0.81,0.5
2002-10-04,0.0,28.85,62.36,25.66,0.79,0.5
2002-10-05,0.0,28.48,61.84,25.94,1.0,0.5
2002-10-06,0.0,27.54,64.29,24.5,1.09,0.5
2002-10-07,0.1,27.05,68.05,22.57,1.28,0.5
2002-10-08,0.03,27.36,67.07,23.69,1.17,0.5
2002-10-09,0.03,27.49,65.08,25.72,1.24,0.5
2002-10-10,0.0,27.87,64.27,26.43,1.13,0.5
2002-10-11,0.01,28.33,63.38,26.11,1.07,0.5
2002-10-12,0.08,28.7,62.68,25.66,0.93,0.5
2002-10-13,0.0,28.84,60.57,25.94,0.87,0.5
2002-10-14,0.12,28.94,62.61,25.43,0.84,0.49
2002-10-15,0.41,29.09,62.46,24.9,0.98,0.49
2002-10-16,0.0,28.97,62.27,25.76,0.96,0.49
2002-10-17,0.0,28.67,60.5,26.33,0.81,0.49
2002-10-18,0.0,28.51,59.12,26.76,0.95,0.49
2002-10-19,0.0,28.45,60.64,26.88,0.88,0.49
2002-10-20,0.46,28.54,60.51,26.59,0.82,0.49
2002-10-21,0.19,29.13,59.63,26.8,0.87,0.49
2002-10-22,0.0,29.5,57.56,26.18,0.65,0.49
2002-10-23,0.0,29.74,61.17,25.23,0.46,0.49
2002-10-24,0.0,30.14,54.43,26.38,0.64,0.49
2002-10-25,0.0,29.81,59.76,25.18,0.6,0.49
2002-10-26,0.12,29.97,59.84,24.83,0.62,0.49
2002-10-27,0.06,30.39,56.98,26.41,0.67,0.49
2002-10-28,0.08,29.98,57.32,25.59,0.83,0.49
2002-10-29,0.22,29.8,58.64,25.21,0.84,0.49
2002-10-30,1.04,29.64,61.63,24.94,0.95,0.49
2002-10-31,0.23,30.23,62.42,23.51,0.76,0.49
2002-11-01,10.29,28.87,69.44,22.93,0.74,0.5
2002-11-02,0.75,28.89,70.3,22.84,0.83,0.51
2002-11-03,2.38,28.5,71.95,21.34,0.95,0.51
2002-11-04,2.43,28.99,70.76,23.32,0.75,0.51
2002-11-05,6.15,28.25,73.78,22.58,0.96,0.52
2002-11-06,0.53,28.92,68.62,23.66,0.89,0.52
2002-11-07,0.03,29.31,67.97,24.82,0.84,0.52
2002-11-08,0.03,29.51,65.78,25.76,0.91,0.51
2002-11-09,0.03,29.85,64.56,25.45,0.92,0.51
2002-11-10,0.01,29.82,64.0,25.43,0.96,0.51
2002-11-11,0.06,29.75,64.66,25.65,0.98,0.5
2002-11-12,0.07,29.68,63.81,25.59,1.0,0.5
2002-11-13,0.16,29.68,63.8,25.89,0.89,0.5
2002-11-14,0.41,29.85,62.83,22.89,0.65,0.5
2002-11-15,0.91,29.37,67.35,24.19,0.92,0.5
2002-11-16,1.35,30.25,64.92,24.15,0.87,0.5
2002-11-17,0.2,29.92,65.73,24.74,0.72,0.5
2002-11-18,0.62,28.8,70.48,22.78,0.83,0.5
2002-11-19,1.08,28.25,71.78,22.78,0.94,0.5
2002-11-20,2.51,28.61,74.05,24.06,0.82,0.5
2002-11-21,1.37,29.37,70.05,24.94,0.71,0.5
2002-11-22,1.32,28.59,70.71,24.2,0.7,0.5
2002-11-23,0.85,29.72,67.08,23.12,0.64,0.5
2002-11-24,3.71,28.79,71.23,19.95,0.76,0.51
2002-11-25,3.66,28.22,74.16,20.4,0.8,0.51
2002-11-26,10.77,27.25,78.82,19.96,0.84,0.52
2002-11-27,8.93,26.55,84.12,19.29,0.87,0.54
2002-11-28,2.38,26.97,81.07,18.62,0.63,0.54
2002-11-29,4.78,26.86,81.03,21.18,0.66,0.54
2002-11-30,10.13,26.4,84.9,20.75,0.49,0.55
2002-12-01,3.67,25.71,85.19,18.13,0.99,0.56
2002-12-02,6.0,26.04,86.05,17.83,0.63,0.56
2002-12-03,12.34,25.93,85.45,15.74,0.61,0.57
2002-12-04,2.79,26.15,84.8,20.84,0.8,0.58
2002-12-05,1.53,26.65,83.61,22.0,0.65,0.57
2002-12-06,3.44,27.52,80.46,23.6,0.82,0.57
2002-12-07,6.81,28.52,73.61,23.51,0.51,0.57
2002-12-08,5.8,27.19,81.75,21.42,0.67,0.57
2002-12-09,10.45,27.24,82.37,24.25,0.74,0.58
2002-12-10,8.95,27.05,83.11,24.88,0.75,0.59
2002-12-11,4.03,27.58,78.4,23.01,0.62,0.59
2002-12-12,8.84,26.88,81.54,17.08,0.76,0.59
2002-12-13,7.5,26.24,84.33,16.84,0.75,0.6
2002-12-14,17.29,27.0,82.71,17.8,0.51,0.61
2002-12-15,23.57,27.81,76.17,22.73,0.64,0.64
2002-12-16,4.3,28.42,73.47,24.89,0.67,0.64
2002-12-17,1.1,27.87,77.8,24.09,0.97,0.63
2002-12-18,0.47,28.78,74.24,25.36,1.04,0.61
2002-12-19,27.75,28.6,76.42,25.65,0.8,0.62
2002-12-20,6.27,28.65,74.92,22.75,0.5,0.64
2002-12-21,1.2,28.76,74.71,23.14,0.55,0.63
2002-12-22,0.24,29.3,70.5,22.7,0.42,0.62
2002-12-23,4.77,28.73,73.65,18.97,0.46,0.61
2002-12-24,1.74,27.06,85.31,19.11,0.7,0.61
2002-12-25,31.09,26.5,86.29,13.88,0.75,0.63
2002-12-26,25.07,26.08,86.8,19.3,0.74,0.68
2002-12-27,2.96,26.96,84.3,18.72,0.58,0.68
2002-12-28,22.02,26.5,87.27,21.33,0.92,0.68
2002-12-29,6.76,26.05,89.53,12.98,1.23,0.7
2002-12-30,32.78,25.89,89.21,16.19,1.15,0.7
2002-12-31,28.15,25.45,90.58,15.99,1.03,0.76
2003-01-01,23.42,25.76,89.74,19.92,1.17,0.76
2003-01-02,11.32,25.62,92.08,7.74,1.37,0.77
2003-01-03,2.08,25.36,90.68,15.73,1.55,0.75
2003-01-04,12.33,25.82,85.61,14.47,1.02,0.74
2003-01-05,12.18,25.94,86.6,15.84,0.54,0.74
2003-01-06,22.02,24.99,93.21,11.06,0.93,0.77
2003-01-07,5.44,25.33,92.54,12.12,1.27,0.77
2003-01-08,5.37,26.07,86.3,12.1,1.02,0.75
2003-01-09,3.17,26.02,85.91,14.51,1.12,0.75
2003-01-10,1.52,25.8,88.52,20.46,0.84,0.73
2003-01-11,2.14,25.41,91.17,12.28,1.1,0.73
2003-01-12,1.61,26.14,87.19,20.74,1.03,0.73
2003-01-13,2.61,25.95,89.74,19.42,0.9,0.72
2003-01-14,2.34,25.72,86.71,18.23,0.99,0.73
2003-01-15,5.28,26.08,87.32,19.59,1.02,0.72
2003-01-16,3.02,25.83,85.24,21.56,1.09,0.72
2003-01-17,8.09,26.17,83.85,23.98,0.67,0.73
2003-01-18,6.47,26.71,82.9,22.52,0.82,0.73
2003-01-19,12.55,25.95,87.8,20.84,0.91,0.74
2003-01-20,3.17,26.59,84.29,23.09,1.03,0.74
2003-01-21,2.28,26.27,87.3,21.66,1.17,0.73
2003-01-22,3.18,25.96,85.54,15.71,1.18,0.73
2003-01-23,29.64,25.3,90.6,7.12,1.42,0.75
2003-01-24,9.72,25.71,90.82,17.59,1.54,0.78
2003-01-25,2.42,25.28,92.24,19.62,1.4,0.77
2003-01-26,0.59,25.98,87.25,19.69,0.98,0.76
2003-01-27,4.83,25.93,87.61,9.28,0.62,0.75
2003-01-28,17.18,25.43,91.46,16.92,0.8,0.77
2003-01-29,2.16,25.42,90.59,21.34,0.92,0.77
2003-01-30,11.72,25.79,87.4,21.26,0.5,0.77
2003-01-31,19.74,26.37,84.6,18.14,0.45,0.78
2003-02-01,31.39,25.73,89.14,23.62,0.51,0.82
2003-02-02,3.34,24.67,93.14,14.28,0.84,0.81
2003-02-03,16.87,25.31,90.71,18.41,0.87,0.81
2003-02-04,11.2,25.71,88.27,18.66,1.17,0.82
2003-02-05,5.49,25.57,90.3,16.3,1.22,0.82
2003-02-06,0.49,25.86,86.45,17.7,1.03,0.8
2003-02-07,1.28,25.5,86.96,18.19,0.7,0.8
2003-02-08,1.32,26.34,82.38,19.12,0.6,0.79
2003-02-09,7.24,26.88,83.31,19.14,0.43,0.79
2003-02-10,4.82,25.89,88.8,20.72,1.0,0.8
2003-02-11,6.8,25.65,90.3,15.9,0.88,0.8
2003-02-12,0.32,25.75,90.17,23.37,0.98,0.8
2003-02-13,0.5,26.42,86.87,21.53,0.8,0.79
2003-02-14,9.85,25.55,92.2,18.53,1.39,0.79
2003-02-15,4.08,25.47,88.76,17.02,0.97,0.8
2003-02-16,10.61,25.52,91.93,12.46,1.18,0.8
2003-02-17,19.41,25.55,90.73,13.21,1.4,0.82
2003-02-18,40.72,25.18,92.43,13.87,1.2,0.85
2003-02-19,34.85,25.02,88.8,10.26,1.26,0.88
2003-02-20,21.91,25.28,88.46,13.32,1.28,0.89
2003-02-21,4.25,25.37,89.46,20.53,1.69,0.88
2003-02-22,21.1,25.44,91.39,9.88,1.43,0.87
2003-02-23,11.09,25.77,91.86,20.75,1.56,0.88
2003-02-24,14.19,26.22,89.78,16.18,1.59,0.88
2003-02-25,17.32,25.93,91.83,7.76,1.53,0.89
2003-02-26,18.21,25.99,92.46,18.72,1.82,0.89
2003-02-27,26.16,25.86,92.67,8.22,1.93,0.9
2003-02-28,12.72,26.1,91.86,6.66,1.67,0.9
2003-03-01,4.0,25.45,91.19,13.47,1.71,0.9
2003-03-02,2.89,25.33,88.27,17.21,1.4,0.89
2003-03-03,31.69,25.4,92.4,13.47,1.13,0.9
2003-03-04,23.8,25.08,93.91,18.15,1.42,0.92
2003-03-05,4.71,25.06,93.43,17.66,1.2,0.91
2003-03-06,6.44,25.21,91.84,12.41,1.06,0.91
2003-03-07,2.33,25.36,91.64,18.48,0.95,0.91
2003-03-08,14.26,25.45,91.41,17.36,0.94,0.91
2003-03-09,7.1,24.99,91.32,16.0,1.11,0.91
2003-03-10,2.71,25.43,89.72,18.94,0.94,0.91
2003-03-11,3.65,25.6,89.08,22.04,0.8,0.91
2003-03-12,0.67,26.21,80.62,24.18,0.5,0.9
2003-03-13,0.08,26.15,82.15,23.45,0.64,0.9
2003-03-14,0.28,26.09,82.55,21.84,0.52,0.89
2003-03-15,11.36,25.19,90.65,20.52,0.64,0.89
2003-03-16,0.97,25.68,86.15,24.43,0.86,0.89
2003-03-17,0.16,26.29,79.42,24.1,0.69,0.89
2003-03-18,0.16,26.12,75.12,25.14,0.71,0.88
2003-03-19,0.0,26.38,76.18,24.82,0.74,0.87
2003-03-20,0.0,26.45,76.73,23.36,0.83,0.86
2003-03-21,0.0,26.62,81.56,23.22,0.89,0.85
2003-03-22,16.68,27.05,81.19,21.09,0.68,0.85
2003-03-23,3.29,26.66,83.59,21.93,0.59,0.86
2003-03-24,0.61,27.19,78.33,24.15,0.72,0.86
2003-03-25,0.24,26.78,78.77,24.9,0.83,0.85
2003-03-26,0.02,25.97,79.45,24.81,1.08,0.84
2003-03-27,0.02,25.77,78.43,24.42,1.06,0.83
2003-03-28,0.12,26.13,80.13,23.31,0.87,0.82
2003-03-29,2.1,26.51,81.36,23.71,0.99,0.82
2003-03-30,0.65,26.77,83.2,23.53,1.22,0.81
2003-03-31,1.28,26.83,82.22,20.18,1.1,0.81
2003-04-01,2.85,26.8,84.96,14.21,0.75,0.8
2003-04-02,1.64,25.77,90.01,9.22,1.11,0.8
2003-04-03,3.52,26.04,90.09,14.4,1.13,0.81
2003-04-04,13.02,25.86,93.34,14.11,1.27,0.81
2003-04-05,12.48,25.7,88.46,11.16,0.89,0.83
2003-04-06,62.46,25.65,88.54,20.09,0.88,0.85
2003-04-07,0.95,26.5,84.91,22.08,0.92,0.87
2003-04-08,0.29,25.96,88.31,21.61,0.86,0.85
2003-04-09,1.0,25.81,90.06,20.69,0.65,0.84
2003-04-10,9.83,26.44,85.04,21.09,0.78,0.84
2003-04-11,0.25,25.99,81.55,23.11,0.97,0.84
2003-04-12,0.13,25.86,83.54,23.31,0.98,0.83
2003-04-13,0.06,26.33,80.77,23.55,1.0,0.82
2003-04-14,0.17,26.77,82.36,23.13,0.91,0.81
2003-04-15,0.06,27.08,82.12,23.1,0.94,0.81
2003-04-16,0.33,27.06,82.49,22.4,0.8,0.8
2003-04-17,0.28,26.58,85.04,21.02,1.05,0.8
2003-04-18,0.04,26.52,84.18,21.79,0.94,0.79
2003-04-19,0.02,26.33,81.53,22.38,1.32,0.79
2003-04-20,0.0,25.9,77.8,22.41,1.11,0.78
2003-04-21,0.31,26.52,82.5,19.98,1.17,0.78
2003-04-22,0.59,26.74,83.46,20.79,1.21,0.77
2003-04-23,0.02,26.11,80.49,21.12,1.22,0.77
2003-04-24,5.3,26.32,84.56,20.54,1.01,0.77
2003-04-25,0.49,26.15,82.55,20.37,1.15,0.77
2003-04-26,0.02,25.64,81.83,22.21,1.25,0.76
2003-04-27,0.0,25.33,80.39,22.0,1.26,0.76
2003-04-28,0.0,25.55,80.9,20.28,1.3,0.75
2003-04-29,0.65,25.64,82.36,20.68,1.31,0.75
2003-04-30,2.13,25.99,83.82,16.96,1.24,0.75
2003-05-01,0.04,26.24,83.09,19.59,1.23,0.74
2003-05-02,0.03,26.24,82.52,20.75,1.29,0.74
2003-05-03,0.17,26.27,86.93,18.14,1.22,0.73
2003-05-04,0.97,26.27,87.78,15.21,1.35,0.73
2003-05-05,7.97,25.67,90.63,12.11,1.18,0.74
2003-05-06,1.72,25.9,88.02,17.51,1.1,0.75
2003-05-07,0.6,26.47,88.26,16.53,1.06,0.75
2003-05-08,2.05,26.47,86.66,19.37,0.98,0.74
2003-05-09,0.15,26.43,84.62,19.04,1.03,0.74
2003-05-10,0.16,26.13,83.09,19.32,1.18,0.73
2003-05-11,0.45,25.77,82.56,21.36,1.16,0.72
2003-05-12,0.39,25.55,82.77,20.81,1.01,0.72
2003-05-13,0.44,25.31,81.1,20.02,0.98,0.72
2003-05-14,0.14,24.79,82.93,18.7,1.05,0.71
2003-05-15,0.0,24.34,80.75,20.55,1.13,0.71
2003-05-16,0.0,24.47,80.6,21.72,1.17,0.7
2003-05-17,0.0,24.07,80.72,18.07,1.07,0.7
2003-05-18,0.11,24.21,78.25,21.39,0.94,0.7
2003-05-19,0.0,24.41,80.11,21.17,0.81,0.69
2003-05-20,0.03,24.77,81.35,19.83,0.87,0.69
2003-05-21,0.15,25.23,84.04,17.43,1.05,0.68
2003-05-22,5.47,25.62,85.67,14.14,1.03,0.68
2003-05-23,1.13,25.74,83.72,18.92,1.1,0.69
2003-05-24,0.02,25.79,81.99,18.88,1.18,0.68
2003-05-25,0.0,25.53,80.61,19.78,1.33,0.68
2003-05-26,0.0,24.87,78.17,21.32,1.5,0.67
2003-05-27,0.0,24.93,75.34,21.49,1.49,0.67
2003-05-28,0.53,24.8,74.07,19.34,1.4,0.66
2003-05-29,0.09,24.35,74.01,21.54,1.22,0.65
2003-05-30,0.0,24.41,75.22,21.02,1.23,0.65
2003-05-31,0.03,24.48,76.35,21.16,0.95,0.65
2003-06-01,0.11,25.01,79.98,18.68,1.06,0.64
2003-06-02,0.17,25.89,80.55,19.89,0.86,0.64
2003-06-03,0.17,26.38,81.37,19.52,1.0,0.64
2003-06-04,0.1,26.36,81.2,20.25,0.92,0.63
2003-06-05,0.04,26.09,80.03,19.73,1.04,0.63
2003-06-06,0.07,25.67,80.47,19.38,1.05,0.63
2003-06-07,0.08,25.19,77.51,20.7,1.26,0.62
2003-06-08,0.0,24.63,72.25,20.79,1.31,0.62
2003-06-09,0.0,24.56,74.65,20.75,1.3,0.62
2003-06-10,0.0,25.06,78.89,20.73,1.2,0.61
2003-06-11,0.1,25.64,79.66,14.14,1.42,0.61
2003-06-12,0.01,25.46,76.62,19.91,1.41,0.61
2003-06-13,0.0,24.42,75.85,20.99,1.36,0.61
2003-06-14,0.02,25.08,74.67,18.42,1.28,0.6
2003-06-15,0.02,25.44,77.2,18.56,1.19,0.6
2003-06-16,0.06,25.71,79.37,17.33,1.27,0.6
2003-06-17,0.07,26.24,78.33,13.74,1.22,0.6
2003-06-18,1.57,26.09,82.01,13.1,1.09,0.6
2003-06-19,0.47,25.48,82.97,13.67,1.18,0.6
2003-06-20,0.17,25.95,79.41,17.32,1.02,0.6
2003-06-21,0.54,25.7,81.96,16.31,0.98,0.59
2003-06-22,0.89,26.05,81.42,17.95,0.99,0.59
2003-06-23,0.07,25.84,80.66,19.05,1.0,0.59
2003-06-24,0.0,25.25,78.25,20.55,1.27,0.59
2003-06-25,0.0,24.76,76.46,20.57,1.4,0.59
2003-06-26,0.0,24.66,76.19,17.21,1.16,0.58
2003-06-27,0.0,24.93,74.41,20.41,1.03,0.58
2003-06-28,0.0,24.08,75.18,20.19,1.25,0.58
2003-06-29,0.0,23.86,73.59,17.59,1.07,0.58
2003-06-30,0.0,23.75,75.24,20.99,1.22,0.58
2003-07-01,0.0,23.88,70.8,21.14,1.25,0.57
2003-07-02,0.0,24.38,73.73,20.71,1.23,0.57
2003-07-03,0.0,24.53,71.83,20.53,1.44,0.57
2003-07-04,0.0,24.47,73.23,19.88,1.41,0.57
2003-07-05,0.35,24.41,73.87,20.55,1.22,0.57
2003-07-06,0.01,24.49,77.05,16.32,1.25,0.56
2003-07-07,0.15,24.91,78.1,17.72,1.34,0.56
2003-07-08,0.0,25.08,72.09,20.52,1.48,0.56
2003-07-09,0.0,25.26,69.3,20.45,1.28,0.56
2003-07-10,0.0,25.17,76.32,17.9,1.24,0.56
2003-07-11,0.0,25.19,79.13,17.53,1.22,0.56
2003-07-12,0.0,24.56,73.35,19.54,1.37,0.56
2003-07-13,0.0,24.59,73.84,21.24,1.05,0.55
2003-07-14,0.22,24.54,73.41,20.85,1.25,0.55
2003-07-15,0.0,24.85,74.32,17.37,1.18,0.55
2003-07-16,0.03,24.19,71.93,18.61,1.44,0.55
2003-07-17,0.0,24.04,69.82,20.13,1.41,0.55
2003-07-18,0.0,23.68,73.16,19.36,1.41,0.55
2003-07-19,0.05,24.64,71.27,20.87,1.13,0.55
2003-07-20,0.09,25.19,73.86,17.31,1.08,0.54
2003-07-21,0.14,24.84,75.58,18.94,1.25,0.54
2003-07-22,0.52,24.97,81.39,12.53,1.17,0.54
2003-07-23,0.14,25.17,76.55,17.16,1.48,0.54
2003-07-24,0.22,25.83,75.21,15.36,1.21,0.54
2003-07-25,0.16,25.56,76.63,15.08,1.07,0.54
2003-07-26,0.05,25.63,78.41,17.24,0.95,0.54
2003-07-27,0.01,25.37,75.85,20.7,1.16,0.54
2003-07-28,0.02,25.04,73.07,21.63,1.19,0.54
2003-07-29,0.0,24.47,73.63,21.46,1.39,0.54
2003-07-30,0.0,24.35,75.33,18.64,1.37,0.53
2003-07-31,0.01,24.68,73.52,19.94,1.27,0.53
2003-08-01,0.03,24.55,73.5,19.18,1.58,0.53
2003-08-02,0.0,24.27,68.41,21.12,1.39,0.53
2003-08-03,0.2,24.1,69.93,20.09,1.1,0.53
2003-08-04,0.0,24.65,72.87,20.36,0.97,0.53
2003-08-05,0.14,25.34,71.97,20.56,0.85,0.53
2003-08-06,0.14,25.48,70.22,21.63,0.98,0.53
2003-08-07,0.0,26.03,71.94,21.09,0.87,0.53
2003-08-08,0.08,25.81,74.58,21.2,1.22,0.52
2003-08-09,0.32,25.2,75.31,17.6,1.34,0.52
2003-08-10,0.01,25.25,70.86,18.26,1.14,0.52
2003-08-11,0.05,25.4,69.87,17.49,0.82,0.52
2003-08-12,0.05,24.26,74.8,20.2,1.38,0.52
2003-08-13,0.02,24.75,75.16,17.83,1.32,0.52
2003-08-14,0.05,25.5,73.23,18.95,1.21,0.52
2003-08-15,0.07,26.08,72.79,20.64,1.07,0.52
2003-08-16,0.03,26.54,72.07,21.02,0.96,0.52
2003-08-17,0.01,26.26,70.09,23.17,1.04,0.52
2003-08-18,0.0,26.54,70.9,20.35,0.93,0.52
2003-08-19,0.01,26.89,69.88,21.8,0.9,0.52
2003-08-20,0.1,26.74,68.75,21.06,1.02,0.51
2003-08-21,0.26,26.72,69.56,20.34,0.8,0.51
2003-08-22,0.0,25.67,70.61,23.6,1.33,0.51
2003-08-23,0.01,24.84,69.79,19.35,1.51,0.51
2003-08-24,0.0,24.43,67.85,21.2,1.39,0.51
2003-08-25,0.0,24.99,66.25,22.17,1.01,0.51
2003-08-26,0.01,25.52,68.03,20.83,1.04,0.51
2003-08-27,0.0,26.0,69.75,21.66,1.06,0.51
2003-08-28,0.1,26.82,69.85,22.47,0.9,0.51
2003-08-29,0.21,26.77,69.66,21.2,1.02,0.51
2003-08-30,0.0,26.22,63.49,24.2,1.17,0.51
2003-08-31,0.0,25.9,65.32,23.75,1.12,0.51
2003-09-01,0.0,26.41,65.72,23.89,1.03,0.51
2003-09-02,0.13,26.81,68.12,22.9,0.95,0.51
2003-09-03,0.33,27.12,69.19,16.64,0.84,0.51
2003-09-04,0.38,26.73,69.24,21.85,1.05,0.51
2003-09-05,0.0,25.85,62.96,25.63,1.35,0.51
2003-09-06,0.0,25.39,62.56,24.37,1.2,0.51
2003-09-07,0.0,25.22,64.65,22.98,1.11,0.51
2003-09-08,0.01,25.25,69.43,19.97,1.28,0.51
2003-09-09,0.63,25.65,74.34,17.82,1.2,0.51
2003-09-10,0.55,26.44,74.64,19.82,0.9,0.51
2003-09-11,0.89,26.37,75.06,18.31,1.07,0.51
2003-09-12,0.12,26.79,71.03,18.62,1.05,0.51
2003-09-13,0.01,26.86,68.78,18.46,0.97,0.51
2003-09-14,0.09,26.84,68.34,21.4,0.94,0.51
2003-09-15,0.06,26.78,69.15,21.95,1.0,0.51
2003-09-16,0.07,26.9,68.08,20.49,0.97,0.5
2003-09-17,0.0,27.58,65.0,21.8,0.83,0.5
2003-09-18,0.0,27.36,67.03,21.75,0.96,0.5
2003-09-19,0.06,27.12,69.55,19.31,1.0,0.5
2003-09-20,0.07,27.53,69.62,21.2,0.86,0.5
2003-09-21,0.0,27.77,67.38,22.92,1.09,0.5
2003-09-22,0.0,27.83,65.25,23.09,1.07,0.5
2003-09-23,0.09,27.15,69.12,22.14,1.39,0.5
2003-09-24,0.04,27.6,67.45,23.93,1.1,0.5
2003-09-25,0.0,27.99,64.2,24.52,1.15,0.5
2003-09-26,0.0,27.92,64.35,23.86,0.97,0.5
2003-09-27,0.0,28.33,63.95,24.96,0.87,0.5
2003-09-28,0.0,28.38,65.49,23.05,1.0,0.5
2003-09-29,0.1,28.24,68.44,22.14,1.27,0.5
2003-09-30,0.41,27.62,72.08,18.17,1.18,0.5
2003-10-01,0.28,27.9,70.25,17.98,1.12,0.5
2003-10-02,0.22,28.37,68.92,21.99,1.1,0.5
2003-10-03,12.53,27.89,73.96,21.77,1.0,0.51
2003-10-04,1.53,27.09,73.24,23.1,1.37,0.52
2003-10-05,0.01,27.36,72.21,20.54,1.28,0.52
2003-10-06,0.03,27.55,72.34,22.12,1.29,0.52
2003-10-07,0.12,27.96,70.6,23.02,1.08,0.51
2003-10-08,3.26,27.19,73.42,22.48,0.94,0.51
2003-10-09,0.31,27.6,71.74,24.02,0.91,0.52
2003-10-10,0.09,27.8,70.01,24.33,0.98,0.51
2003-10-11,0.02,27.55,64.92,26.93,1.3,0.51
2003-10-12,0.0,27.88,64.66,24.19,1.03,0.51
2003-10-13,0.09,27.9,65.78,23.65,0.65,0.51
2003-10-14,0.24,27.56,68.91,21.01,1.19,0.51
2003-10-15,0.11,27.51,69.9,19.61,1.16,0.5
2003-10-16,0.16,27.85,66.73,20.53,1.07,0.5
2003-10-17,0.0,27.49,66.0,25.47,1.06,0.5
2003-10-18,0.02,27.65,67.83,22.67,1.18,0.5
2003-10-19,0.25,28.32,65.55,24.76,1.19,0.5
2003-10-20,0.04,28.75,61.74,26.81,1.09,0.5
2003-10-21,0.0,28.85,63.85,26.08,1.01,0.5
2003-10-22,0.0,29.17,61.98,24.42,1.05,0.5
2003-10-23,0.0,29.45,61.7,25.83,0.92,0.5
2003-10-24,0.6,29.12,61.54,25.79,0.93,0.5
2003-10-25,0.21,28.87,60.9,26.38,1.04,0.5
2003-10-26,0.16,28.64,63.94,22.54,1.19,0.5
2003-10-27,0.13,28.53,63.26,22.67,1.12,0.5
2003-10-28,0.01,28.64,64.62,23.98,0.98,0.5
2003-10-29,0.25,29.02,64.52,24.41,1.05,0.5
2003-10-30,0.12,28.83,63.22,23.8,0.92,0.5
2003-10-31,0.05,28.47,63.09,21.98,0.87,0.5
2003-11-01,0.59,28.95,63.89,21.66,0.9,0.5
2003-11-02,0.01,29.61,62.27,25.36,0.95,0.5
2003-11-03,0.0,29.66,61.14,26.33,1.01,0.5
2003-11-04,0.08,29.52,62.69,25.22,0.78,0.5
2003-11-05,0.08,29.44,65.45,23.92,0.95,0.49
2003-11-06,1.36,29.52,66.25,25.16,0.91,0.5
2003-11-07,1.65,28.64,72.38,23.82,0.87,0.5
2003-11-08,0.19,29.43,67.97,24.96,0.77,0.5
2003-11-09,0.03,30.08,58.89,26.0,0.53,0.5
2003-11-10,0.06,30.04,61.14,25.46,0.54,0.5
2003-11-11,0.16,30.01,62.7,23.78,0.53,0.5
2003-11-12,7.36,29.28,67.63,22.12,0.88,0.5
2003-11-13,2.37,28.63,72.42,24.6,0.84,0.51
2003-11-14,0.5,28.13,72.96,22.25,0.82,0.51
2003-11-15,7.71,28.33,74.27,18.41,0.58,0.52
2003-11-16,1.29,27.26,80.58,17.62,0.52,0.52
2003-11-17,1.2,28.02,74.89,18.83,0.53,0.52
2003-11-18,0.67,27.98,76.5,16.18,0.49,0.52
2003-11-19,7.61,27.53,80.14,19.43,0.54,0.53
2003-11-20,16.76,27.2,82.65,22.39,0.77,0.55
2003-11-21,7.37,27.64,77.19,20.97,0.57,0.57
2003-11-22,5.85,27.68,78.37,23.04,0.68,0.56
2003-11-23,21.0,27.3,81.23,21.2,0.68,0.57
2003-11-24,6.59,26.53,84.47,22.93,0.63,0.6
2003-11-25,8.45,26.99,83.63,13.73,0.6,0.59
2003-11-26,6.33,26.67,86.67,19.14,0.42,0.6
2003-11-27,20.19,26.58,86.48,22.91,0.67,0.61
2003-11-28,3.22,27.53,80.03,22.85,0.8,0.62
2003-11-29,0.76,28.19,75.34,25.0,0.94,0.6
2003-11-30,0.58,28.42,74.66,21.96,0.83,0.59
2003-12-01,1.37,27.43,80.77,21.3,0.89,0.58
2003-12-02,0.76,28.2,75.9,25.09,0.51,0.58
2003-12-03,1.07,28.02,76.82,21.75,0.45,0.57
2003-12-04,26.12,26.81,83.66,19.21,0.43,0.59
2003-12-05,8.41,26.66,84.33,20.41,0.61,0.61
2003-12-06,35.42,26.13,87.87,20.05,0.72,0.65
2003-12-07,3.75,26.81,84.82,15.12,0.66,0.67
2003-12-08,1.1,26.66,82.46,17.25,0.74,0.65
2003-12-09,0.86,27.01,82.83,21.02,0.66,0.63
2003-12-10,2.93,26.44,88.96,16.85,0.57,0.63
2003-12-11,10.2,26.99,85.38,18.43,0.63,0.63
2003-12-12,7.89,26.99,86.79,17.87,0.63,0.64
2003-12-13,13.03,27.11,84.58,21.25,0.62,0.65
2003-12-14,3.22,25.99,88.05,20.31,0.93,0.65
2003-12-15,15.07,26.0,86.82,12.14,0.86,0.65
2003-12-16,27.93,25.45,91.74,15.78,0.86,0.68
2003-12-17,10.89,25.37,92.45,17.92,0.78,0.71
2003-12-18,11.54,24.97,91.52,5.61,0.97,0.7
2003-12-19,19.17,25.24,91.98,18.59,1.02,0.71
2003-12-20,6.76,25.8,86.61,17.26,1.25,0.72
2003-12-21,1.95,25.69,84.98,14.48,1.25,0.7
2003-12-22,1.57,26.28,79.18,21.01,1.31,0.69
2003-12-23,0.53,25.14,81.47,17.99,1.37,0.67
2003-12-24,0.02,26.31,77.38,21.88,1.29,0.66
2003-12-25,0.59,25.92,82.17,20.48,1.33,0.65
2003-12-26,3.55,26.13,87.03,11.4,1.08,0.65
2003-12-27,1.94,25.52,87.67,18.11,1.14,0.65
2003-12-28,1.85,25.99,85.72,18.0,1.06,0.65
2003-12-29,1.52,26.16,84.73,18.71,0.92,0.65
2003-12-30,0.15,27.0,78.26,22.46,0.77,0.65
2003-12-31,0.05,27.05,78.27,25.82,0.88,0.64
2004-01-01,0.05,27.15,77.8,23.51,1.04,0.63
2004-01-02,0.29,27.01,77.74,23.72,1.38,0.62
2004-01-03,0.65,26.69,79.93,15.93,1.35,0.62
2004-01-04,1.66,26.47,84.55,21.98,1.08,0.62
2004-01-05,0.54,26.17,84.08,23.18,0.93,0.62
2004-01-06,2.18,26.38,84.16,23.18,1.0,0.62
2004-01-07,1.89,25.68,87.05,22.76,1.0,0.62
2004-01-08,1.01,25.63,86.91,20.58,1.06,0.62
2004-01-09,7.45,25.49,86.72,19.68,0.76,0.62
2004-01-10,0.58,26.07,85.46,19.79,0.87,0.63
2004-01-11,8.44,25.82,86.34,20.45,0.7,0.63
2004-01-12,4.82,26.33,84.15,22.12,0.73,0.64
2004-01-13,1.9,26.53,81.42,24.32,0.89,0.64
2004-01-14,0.4,26.65,80.97,17.85,0.94,0.64
2004-01-15,4.45,27.17,80.13,24.71,0.45,0.63
2004-01-16,2.06,27.76,79.73,25.08,0.44,0.64
2004-01-17,0.05,27.9,75.88,25.41,0.58,0.63
2004-01-18,2.95,27.79,76.63,24.24,0.85,0.62
2004-01-19,18.74,27.35,79.47,23.45,0.75,0.64
2004-01-20,16.24,26.82,82.97,23.68,0.72,0.66
2004-01-21,1.11,26.76,81.56,22.83,0.63,0.66
2004-01-22,32.44,26.35,86.16,22.43,0.66,0.68
2004-01-23,1.12,27.01,80.94,25.86,0.76,0.69
2004-01-24,0.38,27.28,80.32,22.49,0.51,0.68
2004-01-25,0.46,26.44,87.72,20.35,0.61,0.67
2004-01-26,1.26,26.76,84.04,21.13,0.65,0.66
2004-01-27,0.99,26.66,83.69,19.7,0.74,0.66
2004-01-28,8.81,26.64,86.59,20.75,0.87,0.66
2004-01-29,4.77,26.11,90.11,19.13,0.9,0.67
2004-01-30,12.87,25.41,91.96,16.77,0.83,0.68
2004-01-31,13.12,25.53,91.83,18.1,0.94,0.7
2004-02-01,13.65,25.56,91.18,17.87,1.55,0.71
2004-02-02,3.44,26.03,88.73,17.67,1.24,0.71
2004-02-03,40.46,25.1,90.83,13.18,1.5,0.72
2004-02-04,20.63,25.31,86.01,10.59,2.09,0.77
2004-02-05,10.3,25.89,84.82,18.78,1.32,0.75
2004-02-06,5.77,25.07,90.46,13.44,1.48,0.75
2004-02-07,14.09,25.26,90.87,17.33,1.29,0.75
2004-02-08,0.96,25.35,85.04,16.67,1.32,0.75
2004-02-09,0.65,25.87,81.02,20.81,1.57,0.73
2004-02-10,0.09,25.88,79.23,15.75,1.6,0.72
2004-02-11,14.74,25.32,82.62,16.91,1.6,0.71
2004-02-12,3.6,25.69,89.83,19.97,1.51,0.73
2004-02-13,0.63,26.05,86.81,22.83,1.17,0.72
2004-02-14,4.04,25.58,90.16,20.06,1.01,0.72
2004-02-15,3.2,25.78,90.72,16.01,1.02,0.72
2004-02-16,4.93,25.18,91.93,15.46,0.71,0.72
2004-02-17,24.06,25.52,90.47,12.23,0.97,0.74
2004-02-18,12.78,25.19,91.97,13.64,0.8,0.77
2004-02-19,12.89,26.18,86.53,17.5,0.69,0.77
2004-02-20,12.01,26.15,88.76,24.79,0.58,0.77
2004-02-21,13.18,26.38,86.18,24.47,0.69,0.78
2004-02-22,4.48,27.02,82.65,26.16,0.65,0.78
2004-02-23,0.2,27.0,81.77,24.94,0.66,0.76
2004-02-24,0.64,27.0,83.53,22.6,0.61,0.75
2004-02-25,1.81,25.59,90.76,22.68,0.94,0.75
2004-02-26,2.21,25.81,89.29,24.51,1.04,0.75
2004-02-27,2.91,26.11,87.38,23.26,1.0,0.75
2004-02-28,10.7,25.89,90.56,19.28,1.24,0.75
2004-02-29,5.25,26.1,89.48,21.96,1.03,0.76
2004-03-01,3.34,26.25,87.07,15.47,0.77,0.76
2004-03-02,4.13,26.06,84.84,19.65,0.55,0.76
2004-03-03,2.06,25.59,91.66,19.79,0.63,0.76
2004-03-04,1.62,26.45,82.79,21.58,0.69,0.75
2004-03-05,1.4,26.28,84.35,19.61,0.87,0.74
2004-03-06,0.73,26.38,83.76,22.46,0.78,0.74
2004-03-07,12.96,26.18,86.1,17.49,0.94,0.74
2004-03-08,14.78,26.02,90.75,17.5,1.21,0.77
2004-03-09,1.54,26.01,90.92,15.19,1.12,0.77
2004-03-10,4.83,26.08,88.48,20.8,0.51,0.76
2004-03-11,8.81,26.33,86.93,19.49,0.59,0.77
2004-03-12,5.32,25.68,93.3,14.28,0.76,0.77
2004-03-13,5.85,25.41,89.67,14.96,1.23,0.77
2004-03-14,12.17,25.82,89.02,19.13,1.0,0.77
2004-03-15,11.56,25.93,87.65,21.3,0.97,0.78
2004-03-16,13.02,25.4,90.1,20.0,0.86,0.79
2004-03-17,9.51,25.88,88.78,20.28,0.83,0.8
2004-03-18,8.19,26.26,86.82,22.05,1.18,0.8
2004-03-19,0.96,25.97,87.87,19.65,1.22,0.79
2004-03-20,0.44,26.52,85.01,21.23,0.97,0.78
2004-03-21,1.75,26.58,84.79,19.5,0.97,0.77
2004-03-22,2.6,26.02,88.83,19.51,1.29,0.77
2004-03-23,4.22,25.46,88.82,17.09,1.24,0.77
2004-03-24,0.73,26.12,80.55,23.79,0.95,0.77
2004-03-25,0.17,26.49,84.18,25.25,0.9,0.76
2004-03-26,1.1,26.85,82.75,24.16,0.74,0.75
2004-03-27,0.99,27.16,79.39,22.82,0.58,0.75
2004-03-28,0.0,26.94,82.02,21.46,0.57,0.74
2004-03-29,0.01,25.92,87.07,21.25,0.65,0.74
2004-03-30,0.5,25.87,87.55,21.73,0.55,0.74
2004-03-31,0.85,26.45,87.59,21.38,0.84,0.74
2004-04-01,0.45,26.46,85.12,23.85,0.69,0.74
2004-04-02,0.41,26.46,83.74,20.79,1.07,0.74
2004-04-03,0.2,26.44,81.84,24.35,1.05,0.73
2004-04-04,0.24,26.48,81.85,23.03,1.09,0.73
2004-04-05,0.11,26.29,79.05,24.49,1.14,0.72
2004-04-06,0.24,26.45,80.3,24.43,0.92,0.71
2004-04-07,0.1,26.72,81.85,24.06,1.04,0.71
2004-04-08,0.01,26.82,79.86,23.4,0.99,0.7
2004-04-09,0.11,26.67,79.63,20.94,0.88,0.7
2004-04-10,0.18,26.84,79.78,23.28,0.84,0.69
2004-04-11,0.43,26.81,79.94,23.88,1.07,0.69
2004-04-12,0.74,26.9,81.2,23.25,0.84,0.68
2004-04-13,0.61,26.88,80.88,23.33,1.05,0.68
2004-04-14,0.33,27.14,80.67,21.54,1.02,0.68
2004-04-15,0.07,27.06,79.35,23.23,1.24,0.67
2004-04-16,0.32,27.12,80.88,20.34,1.18,0.67
2004-04-17,1.13,26.64,81.12,20.46,1.08,0.66
2004-04-18,0.13,26.37,77.38,23.63,1.27,0.66
2004-04-19,0.0,26.08,76.2,23.56,1.28,0.66
2004-04-20,0.0,26.64,77.56,23.68,0.96,0.65
2004-04-21,0.07,26.63,80.41,20.04,0.97,0.65
2004-04-22,0.28,26.7,79.81,22.4,1.07,0.64
2004-04-23,0.4,26.83,80.02,22.92,1.04,0.64
2004-04-24,0.08,26.79,80.99,22.39,1.18,0.64
2004-04-25,0.21,26.74,79.17,20.03,1.14,0.63
2004-04-26,0.05,26.74,76.84,19.59,1.09,0.63
2004-04-27,0.0,26.92,77.48,22.05,1.15,0.62
2004-04-28,0.05,26.49,78.6,21.37,1.35,0.62
2004-04-29,0.11,26.65,78.81,21.46,1.14,0.61
2004-04-30,0.2,26.57,78.58,16.77,1.14,0.61
2004-05-01,6.28,25.96,82.2,17.97,1.26,0.61
2004-05-02,0.86,26.58,79.81,20.27,1.15,0.62
2004-05-03,0.27,26.32,76.4,19.74,1.18,0.61
2004-05-04,0.77,26.14,82.49,16.52,1.28,0.61
2004-05-05,1.12,26.91,81.61,19.89,1.1,0.61
2004-05-06,0.19,27.29,80.72,19.84,1.09,0.6
2004-05-07,0.11,27.23,81.02,19.28,1.22,0.6
2004-05-08,0.38,26.99,82.46,16.76,1.22,0.6
2004-05-09,0.24,26.97,79.13,16.63,1.14,0.6
2004-05-10,0.03,26.91,81.03,17.1,0.84,0.59
2004-05-11,0.34,26.88,78.36,19.62,0.95,0.59
2004-05-12,0.12,26.93,75.86,21.13,0.77,0.59
2004-05-13,0.0,26.9,71.39,19.78,0.59,0.58
2004-05-14,0.0,26.99,71.69,19.89,0.57,0.58
2004-05-15,0.0,26.61,73.77,20.92,0.68,0.58
2004-05-16,0.0,27.07,75.23,21.67,0.52,0.57
2004-05-17,0.01,26.8,76.04,21.25,0.99,0.57
2004-05-18,0.0,26.78,73.96,21.47,1.09,0.57
2004-05-19,0.14,27.04,78.59,17.56,0.88,0.56
2004-05-20,0.44,27.43,80.0,17.88,0.72,0.56
2004-05-21,1.92,27.57,76.27,20.09,0.58,0.56
2004-05-22,0.08,27.51,75.69,20.58,0.8,0.56
2004-05-23,0.2,27.55,77.33,20.76,0.62,0.56
2004-05-24,49.65,26.57,83.52,18.5,0.97,0.59
2004-05-25,5.27,26.21,82.28,19.55,1.01,0.63
2004-05-26,0.12,26.03,80.58,20.44,1.05,0.63
2004-05-27,17.51,25.67,84.51,18.18,0.97,0.63
2004-05-28,21.54,25.18,88.31,13.36,1.22,0.67
2004-05-29,1.88,24.19,87.47,10.14,1.17,0.67
2004-05-30,2.52,24.04,86.69,7.22,0.77,0.65
2004-05-31,1.95,24.13,82.76,15.71,1.02,0.65
2004-06-01,0.04,23.87,77.33,20.09,1.07,0.64
2004-06-02,0.04,24.11,82.99,17.9,0.82,0.63
2004-06-03,0.04,24.34,81.51,19.66,0.75,0.62
2004-06-04,0.03,25.3,80.41,19.46,0.83,0.62
2004-06-05,0.02,26.49,78.72,20.15,0.83,0.61
2004-06-06,0.27,26.64,81.11,16.46,1.14,0.6
2004-06-07,0.0,26.37,78.9,18.33,1.34,0.6
2004-06-08,0.0,25.96,77.54,19.53,1.19,0.59
2004-06-09,0.1,25.88,75.94,19.05,1.35,0.59
2004-06-10,0.07,26.0,77.05,19.47,0.95,0.58
2004-06-11,0.14,26.06,75.54,19.2,1.28,0.58
2004-06-12,0.15,25.81,74.09,19.01,1.01,0.58
2004-06-13,0.0,24.88,69.56,20.54,1.46,0.57
2004-06-14,0.0,24.47,64.31,21.1,1.43,0.57
2004-06-15,0.0,25.21,71.91,18.76,1.3,0.56
2004-06-16,0.0,24.7,63.0,19.82,1.72,0.56
2004-06-17,0.02,24.63,66.31,19.92,1.18,0.56
2004-06-18,0.0,25.11,71.73,20.04,1.05,0.55
2004-06-19,0.02,24.81,73.89,19.1,1.21,0.55
2004-06-20,0.04,24.81,73.11,19.61,1.15,0.55
2004-06-21,0.01,24.83,73.46,19.53,1.15,0.55
2004-06-22,0.13,24.98,74.31,18.51,1.13,0.55
2004-06-23,0.19,24.44,76.44,17.22,1.36,0.55
2004-06-24,0.03,24.95,72.1,18.02,1.21,0.55
2004-06-25,0.0,24.99,70.45,19.92,1.31,0.55
2004-06-26,0.0,24.32,70.91,19.59,1.42,0.54
2004-06-27,0.21,24.34,67.88,18.85,1.22,0.54
2004-06-28,0.14,24.24,70.37,17.66,1.36,0.54
2004-06-29,0.03,24.27,71.57,18.87,1.11,0.54
2004-06-30,0.02,24.59,73.5,19.11,1.24,0.54
2004-07-01,0.02,25.5,73.28,19.35,0.88,0.54
2004-07-02,0.15,26.11,73.1,19.63,0.8,0.54
2004-07-03,0.09,26.59,73.84,19.42,0.81,0.54
2004-07-04,0.04,26.73,73.52,19.78,0.8,0.54
2004-07-05,0.11,26.48,75.05,17.35,0.89,0.53
2004-07-06,0.14,26.03,73.67,19.41,0.94,0.53
2004-07-07,0.05,25.58,73.52,18.9,0.95,0.53
2004-07-08,0.03,25.47,74.43,19.96,1.19,0.53
2004-07-09,0.01,25.89,74.01,18.15,0.95,0.53
2004-07-10,0.0,25.49,70.98,20.58,1.03,0.53
2004-07-11,0.0,25.87,67.66,16.62,0.92,0.53
2004-07-12,0.02,25.97,73.29,15.29,0.81,0.53
2004-07-13,0.57,25.74,75.5,18.8,0.9,0.53
2004-07-14,0.34,25.74,70.69,20.39,1.1,0.53
2004-07-15,0.19,25.94,73.2,12.6,1.0,0.53
2004-07-16,0.07,26.16,72.16,17.96,1.25,0.53
2004-07-17,0.0,25.58,67.43,19.72,1.36,0.53
2004-07-18,0.0,25.55,68.6,19.6,1.24,0.52
2004-07-19,0.0,25.36,68.16,19.3,1.46,0.52
2004-07-20,0.09,25.4,67.87,19.35,1.19,0.52
2004-07-21,0.0,25.57,69.45,17.54,1.03,0.52
2004-07-22,0.0,25.26,70.57,20.52,0.97,0.52
2004-07-23,0.19,25.31,71.46,19.48,0.99,0.52
2004-07-24,0.0,25.51,70.75,21.2,0.91,0.52
2004-07-25,0.0,24.5,72.47,17.4,1.35,0.52
2004-07-26,0.01,24.51,69.12,19.82,1.24,0.52
2004-07-27,0.0,24.89,68.51,21.68,0.97,0.52
2004-07-28,0.0,24.79,70.97,19.47,0.99,0.52
2004-07-29,0.21,24.88,71.21,20.83,0.97,0.51
2004-07-30,0.0,24.59,72.31,21.22,1.18,0.51
2004-07-31,0.0,24.99,69.02,19.61,1.1,0.51
2004-08-01,0.0,25.1,72.41,20.61,1.4,0.51
2004-08-02,0.0,25.27,69.31,19.9,1.34,0.51
2004-08-03,0.0,25.04,70.82,20.76,1.21,0.51
2004-08-04,0.0,24.93,71.53,19.21,1.11,0.51
2004-08-05,0.01,24.54,71.26,19.39,1.2,0.51
2004-08-06,0.0,24.81,68.34,20.16,1.03,0.51
2004-08-07,0.04,24.89,70.75,17.89,1.08,0.51
2004-08-08,0.15,24.64,73.65,16.62,1.2,0.51
2004-08-09,0.09,25.54,72.53,19.23,0.99,0.51
2004-08-10,0.09,25.77,68.89,20.72,0.92,0.51
2004-08-11,0.0,25.63,66.61,22.6,0.98,0.51
2004-08-12,0.01,25.57,67.31,21.4,0.97,0.51
2004-08-13,0.1,25.05,69.23,19.49,1.06,0.51
2004-08-14,0.02,24.85,67.23,21.87,1.18,0.51
2004-08-15,0.02,24.82,65.92,20.26,1.11,0.51
2004-08-16,0.13,24.64,64.96,20.63,1.2,0.51
2004-08-17,0.0,24.9,67.36,20.51,1.21,0.5
2004-08-18,0.17,25.4,67.7,21.99,0.84,0.5
2004-08-19,0.01,25.64,66.68,23.06,0.99,0.5
2004-08-20,0.44,25.87,65.77,22.03,0.88,0.5
2004-08-21,0.2,25.67,68.93,22.6,0.93,0.5
2004-08-22,0.24,25.76,67.04,22.6,1.04,0.5
2004-08-23,0.02,25.94,67.46,22.47,0.81,0.5
2004-08-24,0.11,26.04,65.28,22.55,0.8,0.5
2004-08-25,0.04,25.77,67.29,23.08,0.87,0.5
2004-08-26,0.02,25.84,67.17,23.16,0.95,0.5
2004-08-27,0.08,26.51,66.79,22.57,0.86,0.5
2004-08-28,0.02,26.73,64.82,23.25,0.89,0.5
2004-08-29,0.21,26.12,68.22,20.57,1.23,0.5
2004-08-30,0.0,25.83,67.33,22.71,1.29,0.5
2004-08-31,0.0,25.58,71.17,19.27,1.41,0.5
2004-09-01,0.0,26.23,67.5,20.02,1.24,0.5
2004-09-02,0.0,26.28,65.85,22.42,1.06,0.5
2004-09-03,0.05,26.86,65.96,23.79,0.87,0.5
2004-09-04,0.23,27.16,64.11,23.76,0.7,0.5
2004-09-05,0.14,27.06,65.2,23.34,0.72,0.5
2004-09-06,0.0,26.28,63.91,25.4,1.08,0.5
2004-09-07,0.0,25.92,64.27,25.18,1.31,0.5
2004-09-08,0.0,26.26,65.75,23.83,1.12,0.5
2004-09-09,0.0,26.3,65.84,23.23,1.09,0.5
2004-09-10,0.03,26.51,65.32,23.48,1.03,0.5
2004-09-11,0.03,26.8,68.6,23.33,1.07,0.5
2004-09-12,0.24,27.06,69.86,22.55,1.27,0.5
2004-09-13,0.65,27.18,65.41,21.37,1.05,0.5
2004-09-14,0.03,27.06,61.86,24.49,1.07,0.5
2004-09-15,0.0,27.05,62.16,23.5,1.24,0.5
2004-09-16,0.0,26.18,65.04,24.59,1.26,0.5
2004-09-17,0.02,26.85,67.1,22.38,0.95,0.5
2004-09-18,1.0,27.49,67.88,22.48,1.0,0.5
2004-09-19,0.22,28.2,67.14,24.07,0.93,0.5
2004-09-20,0.0,27.87,64.98,24.48,1.0,0.5
2004-09-21,0.2,26.98,65.73,23.61,1.2,0.5
2004-09-22,0.08,27.29,62.88,24.43,1.02,0.5
2004-09-23,0.0,27.64,62.53,25.3,0.99,0.5
2004-09-24,0.0,27.55,61.08,26.12,1.02,0.5
2004-09-25,0.01,27.48,60.33,25.98,0.94,0.5
2004-09-26,0.25,27.41,61.68,24.25,0.89,0.5
2004-09-27,0.0,27.8,59.48,26.27,0.75,0.5
2004-09-28,0.0,28.19,62.38,25.26,0.81,0.49
2004-09-29,0.07,27.66,66.11,22.61,1.14,0.49
2004-09-30,0.0,27.05,69.44,24.75,1.39,0.49
2004-10-01,0.02,27.01,68.12,21.42,1.39,0.49
2004-10-02,0.0,27.17,63.43,24.23,1.09,0.49
2004-10-03,0.01,27.09,63.15,24.78,1.09,0.49
2004-10-04,0.01,27.5,64.27,23.87,1.02,0.49
2004-10-05,0.07,26.94,68.51,24.35,1.3,0.49
2004-10-06,0.06,26.84,71.15,21.39,1.16,0.49
2004-10-07,0.01,27.6,66.19,23.44,0.99,0.49
2004-10-08,0.0,28.04,64.5,25.65,0.75,0.49
2004-10-09,0.0,28.82,61.47,26.09,0.69,0.49
2004-10-10,0.0,29.18,59.31,25.77,0.73,0.49
2004-10-11,0.0,29.16,59.9,25.47,0.82,0.49
2004-10-12,0.0,28.99,58.74,26.5,0.89,0.49
2004-10-13,0.0,28.32,58.82,26.49,0.96,0.49
2004-10-14,0.0,28.45,58.6,26.73,0.63,0.49
2004-10-15,0.01,28.83,58.28,26.26,0.68,0.49
2004-10-16,0.0,28.3,59.48,26.96,0.8,0.49
2004-10-17,0.0,28.05,60.2,26.5,1.07,0.49
2004-10-18,0.06,28.1,65.31,23.34,1.02,0.49
2004-10-19,0.38,28.32,65.46,19.22,0.75,0.49
2004-10-20,0.11,29.05,63.15,24.07,0.7,0.49
2004-10-21,0.0,29.37,62.01,25.26,0.84,0.49
2004-10-22,0.02,29.59,62.81,24.41,0.91,0.49
2004-10-23,0.45,29.87,60.39,25.21,0.78,0.49
2004-10-24,1.81,29.51,62.38,22.09,0.66,0.49
2004-10-25,0.74,29.02,66.69,21.81,0.6,0.49
2004-10-26,0.42,28.67,69.02,23.64,0.89,0.49
2004-10-27,0.08,29.19,63.8,25.57,1.0,0.49
2004-10-28,2.62,29.41,66.96,24.98,1.06,0.49
2004-10-29,3.52,27.75,80.1,18.72,0.91,0.5
2004-10-30,0.05,30.13,67.04,25.3,0.72,0.5
2004-10-31,0.45,30.21,63.67,24.91,0.61,0.5
2004-11-01,0.47,30.41,61.17,24.61,0.66,0.5
2004-11-02,0.12,30.23,60.98,25.55,0.84,0.5
2004-11-03,0.16,29.85,60.57,23.48,0.66,0.5
2004-11-04,0.0,29.92,60.1,25.52,0.72,0.5
2004-11-05,0.0,29.74,61.52,26.28,0.77,0.49
2004-11-06,0.01,30.13,60.52,26.12,0.59,0.49
2004-11-07,2.41,29.67,62.59,24.06,0.61,0.49
2004-11-08,7.28,28.53,72.55,20.33,0.44,0.51
2004-11-09,0.29,28.72,70.01,24.65,0.81,0.51
2004-11-10,0.01,29.44,66.49,22.86,0.79,0.51
2004-11-11,0.52,29.21,68.49,23.54,0.85,0.5
2004-11-12,0.74,29.57,68.73,23.51,0.8,0.5
2004-11-13,0.17,29.76,68.52,24.47,0.95,0.5
2004-11-14,0.1,30.15,64.86,26.36,0.97,0.5
2004-11-15,0.05,30.06,61.25,25.54,0.93,0.5
2004-11-16,0.0,30.39,61.32,25.13,0.78,0.5
2004-11-17,0.01,30.64,61.64,25.4,0.67,0.49
2004-11-18,0.06,29.94,64.45,24.71,0.77,0.49
2004-11-19,0.37,30.45,63.14,24.16,0.75,0.49
2004-11-20,30.56,28.03,77.59,18.97,0.85,0.52
2004-11-21,29.83,27.38,81.04,21.1,0.55,0.6
2004-11-22,10.12,26.78,82.2,23.04,0.5,0.6
2004-11-23,17.29,27.06,80.31,16.73,0.65,0.61
2004-11-24,14.42,26.32,86.92,17.46,0.62,0.63
2004-11-25,20.45,25.69,90.8,16.72,0.42,0.64
2004-11-26,2.25,26.63,84.54,20.67,0.42,0.65
2004-11-27,18.52,26.34,87.62,19.18,0.45,0.65
2004-11-28,6.82,26.12,86.69,20.52,0.78,0.66
2004-11-29,2.2,25.56,89.64,15.53,1.03,0.64
2004-11-30,19.85,25.65,87.0,15.42,0.89,0.65
2004-12-01,1.08,26.44,85.28,19.43,0.88,0.65
2004-12-02,8.59,26.0,89.3,12.97,1.13,0.64
2004-12-03,13.93,26.17,85.72,13.04,1.51,0.66
2004-12-04,0.48,27.2,79.05,25.47,0.99,0.65
2004-12-05,0.09,27.44,78.16,25.2,0.78,0.63
2004-12-06,15.87,27.92,76.26,23.61,0.52,0.63
2004-12-07,7.2,27.48,79.34,23.36,0.5,0.64
2004-12-08,1.92,27.58,79.19,25.28,0.55,0.64
2004-12-09,0.28,27.67,77.76,25.47,0.71,0.62
2004-12-10,0.2,27.39,79.67,24.37,0.74,0.62
2004-12-11,0.08,26.85,83.36,20.25,0.55,0.61
2004-12-12,0.74,27.2,78.68,23.05,0.59,0.61
2004-12-13,5.17,27.54,78.19,24.18,0.77,0.6
2004-12-14,2.78,27.91,77.71,23.39,0.75,0.61
2004-12-15,11.36,28.09,78.45,22.99,0.74,0.61
2004-12-16,13.31,26.77,85.93,21.43,1.01,0.63
2004-12-17,29.97,27.05,85.77,22.87,0.88,0.66
2004-12-18,16.38,27.23,84.04,23.5,0.72,0.69
2004-12-19,9.89,27.64,80.71,24.94,0.44,0.69
2004-12-20,5.89,27.03,85.95,22.57,0.94,0.69
2004-12-21,14.69,26.63,87.53,19.41,0.65,0.69
2004-12-22,12.02,26.22,87.29,14.89,0.71,0.7
2004-12-23,4.82,26.4,84.06,20.25,0.53,0.7
2004-12-24,1.9,26.5,84.97,17.79,0.42,0.69
2004-12-25,3.07,25.63,90.33,15.41,0.98,0.68
2004-12-26,2.65,25.51,87.36,16.75,0.72,0.68
2004-12-27,22.5,25.2,90.75,12.45,1.05,0.69
2004-12-28,8.0,25.08,86.78,17.01,1.1,0.71
2004-12-29,2.0,25.7,91.2,17.6,1.17,0.7
2004-12-30,1.76,25.71,84.92,17.57,0.94,0.7
2004-12-31,0.33,25.83,83.15,19.9,0.88,0.69
2005-01-01,0.36,26.73,78.56,24.22,1.1,0.68
2005-01-02,0.01,26.76,77.08,26.16,0.95,0.67
2005-01-03,1.03,27.15,79.79,23.61,0.76,0.66
2005-01-04,0.6,26.6,86.61,22.39,0.62,0.66
2005-01-05,0.16,27.02,84.51,22.37,0.57,0.65
2005-01-06,3.84,26.84,84.72,20.87,0.54,0.65
2005-01-07,1.18,27.26,78.86,23.63,0.69,0.65
2005-01-08,0.56,27.08,78.21,24.65,0.58,0.65
2005-01-09,0.35,26.42,81.06,24.78,0.56,0.64
2005-01-10,0.27,27.1,73.35,23.63,0.69,0.64
2005-01-11,0.1,27.33,76.6,24.16,0.71,0.63
2005-01-12,0.01,27.16,77.78,22.84,0.87,0.63
2005-01-13,0.15,28.03,74.08,25.38,0.85,0.62
2005-01-14,0.55,27.81,78.33,22.78,0.89,0.62
2005-01-15,0.88,26.28,83.75,17.82,1.03,0.61
2005-01-16,0.94,26.19,85.51,17.96,0.52,0.62
2005-01-17,1.74,25.67,86.77,20.92,0.98,0.62
2005-01-18,8.52,26.6,83.78,17.28,0.57,0.62
2005-01-19,9.37,25.83,89.84,17.63,1.01,0.64
2005-01-20,6.28,25.4,89.64,9.73,0.96,0.65
2005-01-21,5.39,25.81,88.86,16.73,1.66,0.66
2005-01-22,2.38,26.08,83.72,20.52,1.4,0.66
2005-01-23,0.17,26.62,81.12,24.74,1.09,0.65
2005-01-24,8.68,26.09,85.45,21.9,1.03,0.65
2005-01-25,17.94,26.09,83.88,23.96,0.7,0.68
2005-01-26,0.92,26.88,80.83,25.59,0.53,0.68
2005-01-27,0.11,27.15,81.25,25.42,0.6,0.67
2005-01-28,0.07,26.87,83.09,23.76,0.87,0.66
2005-01-29,0.08,26.37,83.29,21.54,0.8,0.65
2005-01-30,1.23,27.05,82.11,24.16,0.66,0.65
2005-01-31,14.43,26.7,86.45,21.49,0.75,0.65
2005-02-01,9.0,25.86,89.35,14.75,1.14,0.68
2005-02-02,2.54,26.39,87.06,18.34,1.09,0.67
2005-02-03,18.04,25.58,89.98,14.15,1.58,0.68
2005-02-04,4.98,26.04,85.58,22.42,1.89,0.7
2005-02-05,2.1,26.61,83.45,23.54,1.58,0.68
2005-02-06,0.83,26.4,86.19,24.3,1.41,0.68
2005-02-07,0.67,26.04,85.22,22.95,1.28,0.67
2005-02-08,2.89,26.49,83.6,23.95,1.3,0.66
2005-02-09,0.73,26.7,85.49,19.74,1.25,0.66
2005-02-10,27.39,25.95,91.58,21.61,1.14,0.68
2005-02-11,14.69,25.97,89.23,19.91,1.21,0.71
2005-02-12,11.91,25.86,90.47,21.63,1.09,0.72
2005-02-13,10.41,25.75,90.24,23.05,0.62,0.72
2005-02-14,4.67,25.73,90.23,20.62,0.67,0.72
2005-02-15,0.34,27.03,80.93,26.53,0.7,0.71
2005-02-16,2.25,27.61,78.98,24.57,0.52,0.7
2005-02-17,2.74,27.3,82.21,25.34,0.71,0.7
2005-02-18,0.86,27.16,82.09,25.93,0.66,0.69
2005-02-19,0.02,27.55,77.59,24.99,0.71,0.68
2005-02-20,0.45,27.84,74.49,23.8,0.48,0.67
2005-02-21,4.45,27.35,77.41,20.49,0.56,0.67
2005-02-22,2.4,26.36,85.24,22.55,0.5,0.67
2005-02-23,1.6,26.74,82.9,22.38,0.51,0.67
2005-02-24,0.86,26.22,88.99,22.26,0.42,0.67
2005-02-25,0.29,27.07,83.06,24.53,0.66,0.67
2005-02-26,1.34,27.97,77.62,26.32,0.51,0.66
2005-02-27,0.51,27.85,81.29,23.88,0.46,0.66
2005-02-28,0.26,27.37,85.25,24.55,0.62,0.66
2005-03-01,2.18,27.79,81.68,22.6,0.85,0.65
2005-03-02,21.84,25.95,91.52,20.66,0.92,0.67
2005-03-03,9.11,26.16,86.89,23.62,0.85,0.7
2005-03-04,3.08,25.96,87.22,10.04,1.38,0.7
2005-03-05,1.52,26.04,87.09,12.97,1.29,0.69
2005-03-06,5.01,25.73,87.69,7.65,1.26,0.69
2005-03-07,3.37,25.14,89.65,17.17,1.08,0.69
2005-03-08,3.46,25.54,85.5,20.22,1.12,0.69
2005-03-09,26.52,25.9,89.51,18.93,1.32,0.71
2005-03-10,35.75,25.63,92.89,11.89,1.56,0.76
2005-03-11,9.58,26.09,88.41,16.68,1.37,0.78
2005-03-12,0.13,26.4,87.23,24.67,1.0,0.75
2005-03-13,0.25,26.8,84.52,20.71,0.72,0.74
2005-03-14,0.39,26.74,86.18,22.59,0.77,0.73
2005-03-15,11.93,25.79,86.61,19.66,0.75,0.73
2005-03-16,22.91,26.08,87.88,23.88,0.81,0.75
2005-03-17,7.06,26.77,84.92,24.13,0.76,0.77
2005-03-18,1.75,27.27,79.83,23.16,0.71,0.75
2005-03-19,1.35,27.06,81.8,22.71,0.47,0.74
2005-03-20,0.12,27.35,79.06,23.38,0.35,0.73
2005-03-21,0.15,27.33,76.5,22.39,0.68,0.72
2005-03-22,1.29,27.69,76.47,23.6,0.59,0.71
2005-03-23,1.18,27.73,78.3,24.3,0.49,0.71
2005-03-24,1.12,27.04,81.82,21.68,0.57,0.7
2005-03-25,0.55,26.01,84.82,18.21,0.87,0.7
2005-03-26,1.35,27.1,82.47,21.48,0.66,0.7
2005-03-27,1.81,26.4,87.82,18.7,0.64,0.7
2005-03-28,6.58,25.87,89.57,19.17,0.66,0.7
2005-03-29,2.59,26.94,84.4,21.55,0.69,0.71
2005-03-30,1.09,26.32,87.81,20.45,0.65,0.71
2005-03-31,1.76,26.25,88.16,11.31,0.82,0.71
2005-04-01,2.3,25.97,88.28,8.28,0.81,0.71
2005-04-02,1.73,26.14,86.52,17.74,0.73,0.71
2005-04-03,0.81,26.84,85.11,18.81,0.78,0.71
2005-04-04,0.2,26.61,83.27,17.28,0.93,0.7
2005-04-05,2.76,26.28,83.98,16.37,1.01,0.69
2005-04-06,34.04,25.16,93.3,13.14,1.01,0.72
2005-04-07,33.96,24.74,93.39,14.29,1.56,0.77
2005-04-08,35.98,25.3,90.75,12.76,1.11,0.8
2005-04-09,11.0,25.64,91.67,12.45,1.33,0.82
2005-04-10,12.02,25.62,90.13,14.68,1.07,0.8
2005-04-11,17.89,25.19,93.38,13.38,1.3,0.8
2005-04-12,11.17,25.04,91.96,16.38,0.98,0.82
2005-04-13,7.71,25.79,85.92,15.91,0.56,0.8
2005-04-14,0.42,26.09,83.0,18.86,0.4,0.79
2005-04-15,0.1,26.72,78.39,23.51,0.43,0.78
2005-04-16,0.27,26.86,78.53,22.65,0.47,0.77
2005-04-17,0.33,26.56,80.94,22.2,0.78,0.76
2005-04-18,0.11,26.7,75.68,24.1,0.93,0.76
2005-04-19,0.02,26.38,78.21,23.92,1.08,0.75
2005-04-20,0.0,26.47,78.36,23.22,1.21,0.74
2005-04-21,0.0,26.09,78.84,19.8,1.25,0.74
2005-04-22,0.0,26.05,78.51,23.18,1.21,0.73
2005-04-23,0.01,26.4,78.35,23.0,1.19,0.73
2005-04-24,0.07,26.7,78.87,22.28,1.21,0.72
2005-04-25,0.08,26.68,80.31,22.82,1.07,0.72
2005-04-26,0.02,26.89,81.87,23.23,0.86,0.71
2005-04-27,0.03,27.22,82.58,21.91,0.85,0.71
2005-04-28,0.33,26.85,85.28,18.99,0.99,0.71
2005-04-29,0.25,26.37,85.97,20.69,0.91,0.71
2005-04-30,0.12,27.01,81.87,22.11,1.0,0.7
2005-05-01,0.41,26.68,80.67,21.2,1.02,0.7
2005-05-02,0.12,26.61,79.21,21.59,0.93,0.69
2005-05-03,0.27,26.7,80.08,22.51,0.89,0.69
2005-05-04,0.03,26.78,79.36,22.02,0.96,0.68
2005-05-05,0.17,26.44,75.9,21.03,1.03,0.68
2005-05-06,0.0,26.53,77.89,21.73,1.05,0.67
2005-05-07,0.0,26.43,79.9,18.24,0.96,0.67
2005-05-08,0.03,26.4,78.78,19.81,1.12,0.66
2005-05-09,0.14,26.26,78.72,20.07,1.22,0.66
2005-05-10,0.48,26.17,79.96,19.64,1.19,0.66
2005-05-11,0.05,25.6,79.37,19.39,1.19,0.65
2005-05-12,0.21,25.34,79.88,20.83,1.16,0.65
2005-05-13,0.03,25.23,78.01,21.91,1.11,0.65
2005-05-14,0.0,25.39,75.64,21.9,1.26,0.64
2005-05-15,0.0,25.19,76.22,22.09,1.19,0.64
2005-05-16,0.0,25.05,79.07,22.07,1.13,0.63
2005-05-17,0.0,24.91,76.74,22.04,1.22,0.63
2005-05-18,0.0,24.86,74.95,21.59,1.13,0.62
2005-05-19,0.0,24.72,73.26,22.15,1.1,0.62
2005-05-20,0.24,25.37,78.54,20.66,0.98,0.62
2005-05-21,0.01,25.88,77.78,20.7,0.99,0.61
2005-05-22,0.08,26.32,77.49,20.55,0.92,0.61
2005-05-23,0.01,26.19,77.86,20.72,0.96,0.61
2005-05-24,0.07,25.72,77.99,20.07,1.02,0.61
2005-05-25,0.39,25.82,78.52,18.86,1.21,0.6
2005-05-26,0.05,25.82,77.71,18.1,1.18,0.6
2005-05-27,0.01,25.84,75.55,18.27,1.26,0.6
2005-05-28,0.0,25.7,73.38,19.95,1.23,0.6
2005-05-29,0.0,25.56,73.41,20.71,1.16,0.59
2005-05-30,0.01,25.74,74.13,19.47,1.26,0.59
2005-05-31,0.07,25.76,73.42,19.47,1.25,0.59
2005-06-01,0.01,25.74,73.04,19.41,1.12,0.58
2005-06-02,0.0,25.87,74.47,20.08,0.91,0.58
2005-06-03,0.0,26.02,72.95,19.32,0.99,0.58
2005-06-04,0.34,26.05,74.06,19.15,0.84,0.58
2005-06-05,0.14,26.39,74.85,19.04,0.9,0.57
2005-06-06,0.1,26.47,75.64,18.15,0.86,0.57
2005-06-07,0.25,26.16,73.93,20.1,0.85,0.57
2005-06-08,0.01,26.06,73.84,20.47,1.08,0.57
2005-06-09,0.01,26.39,75.29,19.19,0.93,0.57
2005-06-10,0.18,26.64,78.69,19.03,0.97,0.56
2005-06-11,0.66,27.05,78.16,17.42,0.94,0.56
2005-06-12,0.1,26.53,78.09,16.6,1.29,0.56
2005-06-13,0.02,26.36,74.79,19.43,1.07,0.56
2005-06-14,14.68,25.46,81.21,17.82,1.11,0.57
2005-06-15,0.57,26.1,79.79,18.72,0.8,0.59
2005-06-16,0.0,26.71,77.17,18.62,0.76,0.58
2005-06-17,0.05,26.83,78.06,19.71,0.98,0.58
2005-06-18,0.05,26.92,76.49,20.12,0.96,0.57
2005-06-19,0.0,27.66,74.39,19.42,0.67,0.57
2005-06-20,0.07,27.7,73.97,18.46,0.67,0.56
2005-06-21,0.11,27.27,77.06,17.75,0.79,0.56
2005-06-22,0.77,27.41,75.97,18.73,0.86,0.56
2005-06-23,2.19,26.67,80.65,16.75,0.61,0.56
2005-06-24,2.22,26.77,79.22,18.0,0.76,0.56
2005-06-25,0.18,26.88,76.03,19.76,0.79,0.56
2005-06-26,9.79,26.22,80.66,14.16,0.92,0.56
2005-06-27,2.04,25.77,77.94,18.38,1.04,0.58
2005-06-28,0.01,25.8,75.85,18.83,1.05,0.57
2005-06-29,0.04,25.58,74.58,19.54,1.05,0.57
2005-06-30,0.0,25.3,72.01,19.53,1.31,0.56
2005-07-01,0.0,24.46,71.39,19.85,1.37,0.56
2005-07-02,0.0,24.65,65.71,20.28,1.51,0.55
2005-07-03,0.01,25.68,71.55,18.83,1.08,0.55
2005-07-04,0.06,25.74,75.49,17.58,1.13,0.55
2005-07-05,0.98,25.92,75.14,18.12,1.0,0.55
2005-07-06,0.0,26.56,71.07,18.45,0.95,0.55
2005-07-07,1.38,26.13,80.71,11.96,0.92,0.54
2005-07-08,0.59,26.29,79.62,16.84,0.77,0.55
2005-07-09,0.31,26.87,78.15,17.92,0.69,0.55
2005-07-10,0.12,26.76,79.08,19.51,1.03,0.54
2005-07-11,0.03,27.37,74.28,20.51,0.84,0.54
2005-07-12,0.53,27.03,76.74,12.74,0.82,0.54
2005-07-13,0.27,27.29,75.13,17.79,0.8,0.54
2005-07-14,0.05,26.9,74.19,17.36,1.15,0.54
2005-07-15,0.03,26.53,74.21,17.52,1.32,0.54
2005-07-16,0.03,26.56,73.3,17.12,1.04,0.54
2005-07-17,0.01,26.25,69.9,18.7,1.13,0.53
2005-07-18,0.02,25.96,69.28,19.07,1.27,0.53
2005-07-19,0.02,26.32,67.23,19.69,1.4,0.53
2005-07-20,0.0,26.02,62.84,21.09,1.58,0.53
2005-07-21,0.04,25.5,69.05,17.72,1.62,0.53
2005-07-22,0.0,24.87,66.49,17.31,1.43,0.53
2005-07-23,0.05,24.93,66.15,17.75,1.49,0.52
2005-07-24,0.04,24.84,64.9,18.4,1.38,0.52
2005-07-25,0.01,25.03,68.69,20.3,1.24,0.52
2005-07-26,0.03,25.58,71.66,19.72,1.15,0.52
2005-07-27,0.41,25.19,72.13,18.24,1.44,0.52
2005-07-28,0.05,24.87,69.87,17.12,1.45,0.52
2005-07-29,0.12,25.06,71.89,18.32,1.15,0.52
2005-07-30,0.29,25.05,71.47,19.66,1.26,0.52
2005-07-31,0.01,25.15,68.08,18.88,1.29,0.52
2005-08-01,0.07,25.72,69.71,19.06,1.08,0.52
2005-08-02,4.37,25.8,75.11,15.51,1.04,0.52
2005-08-03,3.34,25.26,75.69,19.87,1.52,0.53
2005-08-04,0.0,24.45,67.72,21.74,1.6,0.53
2005-08-05,0.0,24.48,61.72,21.47,1.29,0.52
2005-08-06,0.01,24.83,65.48,20.83,1.05,0.52
2005-08-07,0.07,24.88,72.06,17.17,1.15,0.52
2005-08-08,0.06,26.12,69.27,19.21,0.88,0.52
2005-08-09,0.19,26.68,70.4,16.85,0.85,0.52
2005-08-10,0.03,26.96,70.27,20.32,0.79,0.52
2005-08-11,2.07,26.38,71.68,19.61,1.08,0.52
2005-08-12,0.55,25.76,69.46,20.17,1.22,0.52
2005-08-13,0.0,25.69,67.15,21.69,0.99,0.52
2005-08-14,0.07,25.65,68.88,20.72,0.87,0.51
2005-08-15,0.01,26.35,69.02,20.58,0.9,0.51
2005-08-16,0.17,27.09,70.27,21.58,0.81,0.51
2005-08-17,0.32,27.33,69.08,19.99,0.91,0.51
2005-08-18,0.24,26.27,71.7,19.49,1.29,0.51
2005-08-19,0.01,26.14,69.19,19.86,1.46,0.51
2005-08-20,0.09,25.82,73.57,20.05,1.44,0.51
2005-08-21,0.02,25.95,70.31,21.6,1.32,0.51
2005-08-22,0.0,26.54,66.03,20.33,1.04,0.51
2005-08-23,0.05,26.09,69.02,20.37,0.96,0.51
2005-08-24,0.12,26.47,68.15,17.76,0.58,0.51
2005-08-25,0.42,26.21,68.73,19.1,0.9,0.51
2005-08-26,0.05,26.03,68.95,18.64,1.07,0.51
2005-08-27,0.04,25.58,72.01,19.85,1.49,0.51
2005-08-28,0.07,26.04,72.95,17.78,1.47,0.5
2005-08-29,0.45,26.61,70.03,20.34,1.31,0.5
2005-08-30,0.0,26.38,67.15,22.22,1.31,0.5
2005-08-31,0.04,26.8,66.89,22.5,1.14,0.5
2005-09-01,0.0,27.18,66.06,21.19,1.2,0.5
2005-09-02,0.0,26.87,67.49,22.67,1.34,0.5
2005-09-03,0.0,26.48,63.6,23.24,1.24,0.5
2005-09-04,0.0,26.69,61.5,22.46,1.04,0.5
2005-09-05,0.0,27.21,65.11,23.74,0.86,0.5
2005-09-06,0.11,27.87,67.03,21.04,0.91,0.5
2005-09-07,0.0,27.62,67.49,22.21,1.03,0.5
2005-09-08,0.0,26.94,68.93,22.31,1.28,0.5
2005-09-09,0.03,27.35,65.26,20.57,0.98,0.5
2005-09-10,0.2,27.12,66.31,21.48,0.87,0.5
2005-09-11,0.09,27.21,65.77,21.42,0.98,0.5
2005-09-12,0.02,27.32,65.58,21.92,0.77,0.5
2005-09-13,0.08,27.53,63.15,23.02,0.84,0.5
2005-09-14,0.03,27.49,64.46,22.79,0.92,0.5
2005-09-15,0.21,27.24,66.25,24.87,1.03,0.5
2005-09-16,0.05,27.74,65.97,21.11,0.98,0.5
2005-09-17,0.21,27.96,66.26,23.16,1.03,0.5
2005-09-18,0.13,27.9,66.34,23.34,1.14,0.5
2005-09-19,0.04,28.58,64.01,23.19,0.8,0.5
2005-09-20,0.02,28.3,63.72,21.4,0.7,0.5
2005-09-21,0.55,28.05,68.49,22.47,1.06,0.5
2005-09-22,0.57,28.58,65.69,23.12,1.07,0.5
2005-09-23,0.01,28.06,68.45,23.81,1.36,0.5
2005-09-24,0.52,28.32,65.93,22.94,0.94,0.5
2005-09-25,0.2,28.12,67.25,23.55,1.14,0.5
2005-09-26,0.04,28.12,66.24,23.27,1.18,0.5
2005-09-27,1.71,27.97,66.76,22.51,1.1,0.5
2005-09-28,0.43,27.78,66.86,23.14,1.11,0.5
2005-09-29,0.5,27.5,68.91,22.44,1.18,0.5
2005-09-30,0.03,27.79,64.26,24.34,1.22,0.5
2005-10-01,0.0,27.84,65.51,24.54,1.2,0.5
2005-10-02,0.01,28.5,61.71,25.3,0.92,0.5
2005-10-03,0.0,27.71,68.27,22.8,1.31,0.5
2005-10-04,0.05,27.72,68.86,23.74,1.3,0.5
2005-10-05,0.06,28.32,65.52,23.28,1.13,0.5
2005-10-06,0.03,28.58,67.0,22.09,1.14,0.5
2005-10-07,0.14,28.61,65.03,23.57,1.19,0.5
2005-10-08,0.0,28.52,61.3,25.99,0.94,0.5
2005-10-09,0.17,28.87,61.0,25.0,0.71,0.49
2005-10-10,0.13,29.68,63.28,23.51,0.96,0.49
2005-10-11,16.27,28.57,72.67,20.99,0.96,0.51
2005-10-12,1.32,29.08,70.57,23.79,0.86,0.52
2005-10-13,0.1,29.17,68.8,23.51,0.87,0.52
2005-10-14,0.99,28.7,70.88,22.12,0.94,0.52
2005-10-15,9.3,27.05,80.65,20.73,0.96,0.53
2005-10-16,5.91,27.01,81.01,21.57,0.64,0.54
2005-10-17,2.03,26.85,80.8,18.63,0.54,0.54
2005-10-18,1.78,25.61,87.49,18.05,0.84,0.54
2005-10-19,11.59,26.21,84.18,15.24,0.99,0.55
2005-10-20,1.89,26.31,81.66,18.68,0.93,0.56
2005-10-21,0.2,27.23,74.27,19.3,1.4,0.55
2005-10-22,7.96,27.47,77.41,19.96,0.98,0.55
2005-10-23,2.87,27.76,78.9,22.66,0.96,0.56
2005-10-24,1.35,28.38,75.2,23.28,0.86,0.55
2005-10-25,0.43,28.43,72.47,21.61,1.15,0.54
2005-10-26,0.38,28.26,72.5,21.81,1.22,0.54
2005-10-27,0.04,28.65,67.43,23.57,1.4,0.54
2005-10-28,0.04,28.09,70.01,23.18,1.57,0.53
2005-10-29,0.17,27.71,71.37,22.99,1.39,0.53
2005-10-30,0.58,28.9,67.51,22.25,0.97,0.52
2005-10-31,0.02,28.39,69.85,22.84,0.88,0.52
2005-11-01,0.63,28.87,68.73,22.19,0.93,0.52
2005-11-02,0.06,29.0,66.5,25.65,0.81,0.52
2005-11-03,0.04,29.38,64.58,26.59,0.65,0.51
2005-11-04,0.13,29.59,63.35,25.69,0.79,0.51
2005-11-05,0.03,29.35,65.73,23.11,0.79,0.51
2005-11-06,0.29,29.46,65.98,22.63,0.86,0.51
2005-11-07,0.04,29.59,60.97,23.45,1.08,0.5
2005-11-08,0.0,29.25,61.11,25.34,1.08,0.5
2005-11-09,0.09,29.27,61.44,24.45,0.95,0.5
2005-11-10,0.12,28.95,63.55,23.99,1.01,0.5
2005-11-11,0.21,29.74,62.77,21.88,0.78,0.5
2005-11-12,0.2,30.15,58.68,25.62,0.76,0.5
2005-11-13,0.02,29.45,60.29,23.32,0.93,0.5
2005-11-14,0.01,29.34,60.38,23.47,0.89,0.5
2005-11-15,0.13,29.18,62.6,23.94,0.99,0.5
2005-11-16,0.25,29.15,67.91,23.22,1.21,0.5
2005-11-17,1.39,29.32,68.98,21.55,1.04,0.5
2005-11-18,17.56,27.96,77.86,20.48,0.95,0.51
2005-11-19,14.44,27.1,83.87,20.46,0.67,0.55
2005-11-20,15.46,26.45,85.74,16.41,0.58,0.57
2005-11-21,14.47,26.04,85.63,18.83,0.68,0.59
2005-11-22,15.34,25.99,88.25,14.23,0.74,0.61
2005-11-23,2.34,26.77,78.84,21.71,0.94,0.61
2005-11-24,0.01,27.88,70.89,27.31,0.81,0.6
2005-11-25,0.01,28.21,68.02,26.96,0.7,0.58
2005-11-26,0.06,28.14,69.24,24.93,0.92,0.57
2005-11-27,0.13,28.34,70.3,22.56,0.72,0.56
2005-11-28,14.45,26.57,80.87,18.27,0.94,0.57
2005-11-29,3.63,25.54,87.55,16.53,0.69,0.58
2005-11-30,7.35,26.59,82.68,20.4,1.16,0.58
2005-12-01,1.42,26.59,81.85,16.65,0.85,0.58
2005-12-02,1.91,26.32,85.93,14.18,1.04,0.58
2005-12-03,0.33,26.47,82.09,23.61,1.02,0.57
2005-12-04,0.57,26.74,82.56,18.85,0.93,0.57
2005-12-05,0.3,27.01,80.32,23.36,0.91,0.57
2005-12-06,0.6,27.79,75.34,20.53,0.63,0.56
2005-12-07,9.43,26.26,87.7,18.07,0.94,0.57
2005-12-08,1.02,27.75,76.52,19.17,0.66,0.58
2005-12-09,7.59,27.05,81.91,21.42,0.58,0.57
2005-12-10,5.6,26.8,83.08,17.76,0.52,0.59
2005-12-11,2.09,26.76,82.66,15.73,0.72,0.58
2005-12-12,1.93,26.44,85.81,20.19,1.19,0.58
2005-12-13,0.95,26.25,83.83,12.21,0.91,0.58
2005-12-14,6.66,26.31,85.25,13.52,1.13,0.58
2005-12-15,14.51,26.42,86.29,9.02,1.35,0.6
2005-12-16,7.11,26.76,85.44,14.76,0.94,0.61
2005-12-17,6.44,26.79,86.07,18.65,1.22,0.61
2005-12-18,8.09,26.72,86.08,19.02,0.88,0.61
2005-12-19,15.96,25.93,91.78,13.47,0.82,0.63
2005-12-20,7.52,26.49,85.28,15.04,0.78,0.64
2005-12-21,9.19,25.87,91.4,16.14,1.27,0.64
2005-12-22,20.96,25.88,87.23,13.48,0.88,0.65
2005-12-23,8.02,26.03,85.92,22.79,0.67,0.67
2005-12-24,3.42,27.09,82.27,21.87,0.82,0.66
2005-12-25,2.56,27.65,79.28,19.97,0.52,0.65
2005-12-26,0.88,26.05,86.5,18.42,0.9,0.64
2005-12-27,18.79,25.82,90.65,12.49,1.34,0.64
2005-12-28,7.77,25.73,90.08,18.73,1.54,0.67
2005-12-29,9.14,26.24,88.79,13.71,1.46,0.66
2005-12-30,14.3,25.8,90.3,10.69,1.83,0.68
2005-12-31,7.57,25.9,88.36,12.98,1.36,0.68
2006-01-01,2.24,25.54,88.04,14.19,0.94,0.68
2006-01-02,1.01,26.16,83.63,18.03,0.63,0.67
2006-01-03,16.08,25.18,91.88,15.93,0.79,0.67
2006-01-04,5.87,25.97,83.12,18.14,0.52,0.69
2006-01-05,1.57,26.1,83.03,19.62,0.47,0.68
2006-01-06,0.8,26.61,81.17,20.45,0.67,0.67
2006-01-07,1.15,26.34,80.9,19.19,0.64,0.66
2006-01-08,1.1,25.52,86.46,17.72,0.59,0.66
2006-01-09,6.08,25.39,88.4,13.6,0.8,0.66
2006-01-10,15.18,26.06,85.02,21.71,0.52,0.67
2006-01-11,14.57,26.35,87.92,23.52,0.57,0.7
2006-01-12,10.98,26.51,84.64,21.44,0.8,0.71
2006-01-13,2.74,26.34,84.52,22.1,0.83,0.7
2006-01-14,2.95,26.14,84.71,14.62,1.21,0.69
2006-01-15,8.55,25.39,91.67,16.01,1.46,0.69
2006-01-16,7.65,25.56,91.18,13.37,1.28,0.7
2006-01-17,3.62,26.01,90.24,12.96,1.5,0.7
2006-01-18,6.63,25.64,89.74,12.12,1.61,0.7
2006-01-19,5.94,25.83,82.09,12.16,2.02,0.7
2006-01-20,15.66,25.9,87.67,18.34,1.89,0.7
2006-01-21,31.13,25.84,91.02,10.33,1.8,0.74
2006-01-22,13.23,25.73,91.04,12.22,1.4,0.76
2006-01-23,1.49,25.75,91.43,15.6,1.17,0.75
2006-01-24,6.93,25.76,89.7,17.54,0.93,0.74
2006-01-25,7.26,25.7,88.51,14.65,0.96,0.74
2006-01-26,3.4,25.37,88.04,11.94,1.22,0.73
2006-01-27,13.96,25.26,91.64,14.64,1.12,0.74
2006-01-28,4.35,25.28,90.65,10.24,1.46,0.75
2006-01-29,0.63,25.74,89.96,17.23,1.0,0.74
2006-01-30,1.93,25.49,90.4,19.43,1.2,0.73
2006-01-31,7.05,25.19,92.26,15.31,1.27,0.73
2006-02-01,2.01,25.37,91.74,17.91,1.33,0.74
2006-02-02,17.92,25.56,90.12,14.38,1.15,0.75
2006-02-03,2.36,25.7,86.19,16.21,0.85,0.76
2006-02-04,0.09,26.22,82.31,20.43,0.67,0.74
2006-02-05,1.96,25.99,82.51,21.73,0.61,0.73
2006-02-06,0.28,26.15,81.85,22.17,0.62,0.73
2006-02-07,0.37,26.7,78.42,25.04,0.62,0.72
2006-02-08,0.01,26.99,74.1,26.73,0.61,0.71
2006-02-09,0.07,27.44,74.71,25.86,0.41,0.7
2006-02-10,0.13,27.23,76.42,26.98,0.45,0.7
2006-02-11,0.04,26.85,74.78,27.58,0.53,0.69
2006-02-12,0.02,27.25,72.55,27.23,0.58,0.68
2006-02-13,0.02,27.45,73.56,25.88,0.5,0.68
2006-02-14,3.73,27.47,77.44,22.02,0.46,0.68
2006-02-15,17.71,26.75,85.76,22.06,0.41,0.69
2006-02-16,10.39,26.7,87.33,23.48,0.62,0.72
2006-02-17,22.81,26.55,88.83,16.18,0.52,0.73
2006-02-18,9.55,25.58,92.56,17.42,0.64,0.76
2006-02-19,8.69,25.59,91.77,15.91,1.26,0.76
2006-02-20,11.7,25.43,93.33,14.72,0.98,0.77
2006-02-21,3.08,25.92,87.59,17.76,0.95,0.76
2006-02-22,4.16,25.67,88.39,16.44,0.98,0.76
2006-02-23,7.71,25.91,89.58,14.86,0.92,0.75
2006-02-24,12.21,25.64,92.32,14.45,1.4,0.77
2006-02-25,42.33,25.67,93.26,9.24,1.6,0.79
2006-02-26,26.46,25.77,91.48,12.15,1.5,0.83
2006-02-27,12.08,25.82,93.01,11.24,1.28,0.83
2006-02-28,13.62,25.45,92.16,13.69,1.0,0.83
2006-03-01,11.76,25.36,89.7,12.11,1.16,0.83
2006-03-02,5.24,25.01,89.77,13.01,0.84,0.82
2006-03-03,5.74,24.66,87.99,13.24,0.9,0.82
2006-03-04,31.19,24.71,89.59,14.31,0.94,0.83
2006-03-05,6.25,25.37,87.44,11.54,0.79,0.85
2006-03-06,7.42,24.95,93.99,9.29,1.09,0.84
2006-03-07,4.64,25.0,91.97,18.57,0.94,0.84
2006-03-08,1.57,25.71,85.27,21.9,0.71,0.83
2006-03-09,0.91,25.85,86.32,23.26,0.85,0.82
2006-03-10,0.01,25.94,81.89,21.6,0.77,0.82
2006-03-11,0.02,25.81,82.7,20.99,0.93,0.81
2006-03-12,0.04,26.37,79.54,23.42,0.84,0.8
2006-03-13,0.07,26.73,77.98,22.42,0.6,0.79
2006-03-14,2.34,26.62,81.59,21.39,0.56,0.79
2006-03-15,1.6,25.99,86.29,16.13,1.11,0.79
2006-03-16,0.78,26.17,86.26,13.14,0.96,0.79
2006-03-17,1.97,26.34,85.28,19.16,0.76,0.78
2006-03-18,1.68,26.11,86.49,14.84,0.71,0.78
2006-03-19,18.03,25.8,90.07,15.3,1.13,0.79
2006-03-20,13.4,25.66,93.28,9.24,1.66,0.82
2006-03-21,10.17,25.2,91.87,8.92,1.36,0.82
2006-03-22,14.43,25.55,92.67,6.61,1.46,0.83
2006-03-23,3.18,26.27,87.86,20.29,1.1,0.83
2006-03-24,4.99,26.57,88.47,21.75,0.76,0.82
2006-03-25,2.79,26.75,85.52,19.26,0.57,0.82
2006-03-26,1.94,26.47,86.72,20.27,0.77,0.82
2006-03-27,1.97,26.06,90.24,17.04,0.77,0.81
2006-03-28,9.57,26.11,87.78,15.27,0.69,0.82
2006-03-29,6.94,24.98,92.31,11.07,1.13,0.83
2006-03-30,18.05,25.09,93.48,11.56,0.94,0.83
2006-03-31,10.29,25.16,89.13,12.04,0.85,0.85
2006-04-01,11.23,25.07,91.16,11.09,1.11,0.85
2006-04-02,6.14,25.27,88.85,13.21,1.37,0.85
2006-04-03,1.95,25.59,90.62,11.91,1.46,0.84
2006-04-04,3.14,25.82,91.45,14.5,1.36,0.84
2006-04-05,20.03,25.51,89.91,11.38,1.25,0.85
2006-04-06,4.97,25.67,89.84,18.02,1.17,0.86
2006-04-07,0.36,26.04,83.74,20.94,0.66,0.85
2006-04-08,3.12,25.98,86.35,18.83,0.68,0.84
2006-04-09,1.59,25.64,90.97,19.71,0.43,0.84
2006-04-10,0.27,25.68,87.52,18.77,0.4,0.84
2006-04-11,2.64,26.56,82.09,19.73,0.38,0.83
2006-04-12,1.01,26.6,84.97,19.42,0.32,0.83
2006-04-13,0.29,26.07,89.01,21.44,0.65,0.83
2006-04-14,0.19,26.4,83.87,20.71,1.03,0.82
2006-04-15,16.8,26.32,85.3,18.81,0.69,0.83
2006-04-16,5.32,26.76,82.18,19.76,0.5,0.84
2006-04-17,0.4,26.95,81.21,20.48,0.39,0.83
2006-04-18,0.62,26.85,81.5,19.79,0.57,0.82
2006-04-19,0.3,26.37,87.03,19.2,0.73,0.81
2006-04-20,29.73,26.01,89.64,15.54,0.67,0.83
2006-04-21,6.78,26.26,85.13,18.91,0.59,0.85
2006-04-22,0.96,26.08,85.37,15.35,0.68,0.84
2006-04-23,1.44,25.92,85.85,18.08,0.79,0.83
2006-04-24,0.11,26.12,82.46,19.19,1.21,0.82
2006-04-25,24.54,25.96,82.63,20.61,0.95,0.83
2006-04-26,2.27,26.08,81.21,21.21,0.81,0.83
2006-04-27,3.7,26.3,80.7,19.71,0.64,0.83
2006-04-28,8.13,25.89,84.75,19.06,0.56,0.82
2006-04-29,7.32,25.92,85.43,19.44,0.63,0.83
2006-04-30,3.56,26.16,86.2,17.63,0.73,0.83
2006-05-01,5.0,25.37,89.92,19.43,0.78,0.82
2006-05-02,1.88,26.21,83.67,20.61,0.73,0.83
2006-05-03,4.28,26.41,83.04,19.86,0.68,0.82
2006-05-04,1.08,25.82,82.01,20.1,0.43,0.82
2006-05-05,0.2,25.99,83.75,20.03,0.74,0.81
2006-05-06,8.35,25.47,89.34,18.4,0.79,0.81
2006-05-07,2.44,24.59,90.48,8.73,1.2,0.82
2006-05-08,2.97,25.01,88.07,15.53,1.08,0.81
2006-05-09,15.68,25.28,87.15,17.51,1.06,0.82
2006-05-10,1.8,25.21,85.57,18.9,1.3,0.83
2006-05-11,0.01,25.05,81.78,20.09,1.37,0.82
2006-05-12,0.0,24.62,79.85,20.32,1.28,0.8
2006-05-13,0.0,24.8,81.14,20.78,0.99,0.8
2006-05-14,0.21,25.19,79.87,21.47,0.97,0.79
2006-05-15,0.03,25.19,81.17,21.34,1.11,0.79
2006-05-16,0.0,25.3,79.82,21.68,1.22,0.78
2006-05-17,0.0,25.65,81.98,19.47,1.18,0.78
2006-05-18,0.05,25.6,84.65,18.39,1.27,0.77
2006-05-19,0.22,25.4,83.77,16.15,1.37,0.77
2006-05-20,0.26,25.25,84.94,18.41,1.18,0.77
2006-05-21,0.08,25.71,83.62,19.91,1.01,0.76
2006-05-22,12.14,25.62,86.46,17.12,1.03,0.77
2006-05-23,5.58,24.67,91.75,8.26,0.92,0.78
2006-05-24,1.44,25.09,90.4,15.52,0.74,0.78
2006-05-25,4.92,25.37,90.09,15.41,0.61,0.78
2006-05-26,2.8,25.68,89.36,14.15,0.7,0.79
2006-05-27,2.0,25.64,90.82,15.65,0.91,0.78
2006-05-28,0.07,25.62,83.0,18.96,1.24,0.78
2006-05-29,0.03,25.4,81.74,20.16,1.03,0.77
2006-05-30,0.02,24.97,82.77,19.88,1.17,0.76
2006-05-31,0.02,24.92,82.23,19.72,1.06,0.76
2006-06-01,0.01,25.09,81.77,19.51,0.88,0.75
2006-06-02,0.0,25.11,82.87,19.18,0.84,0.75
2006-06-03,0.0,25.21,81.9,19.56,0.94,0.75
2006-06-04,0.0,25.0,83.1,18.45,1.11,0.74
2006-06-05,0.0,24.98,82.84,19.1,1.26,0.74
2006-06-06,0.01,24.85,82.43,19.28,1.26,0.73
2006-06-07,0.04,24.46,79.56,20.3,1.61,0.73
2006-06-08,0.06,24.05,79.34,19.42,1.48,0.72
2006-06-09,0.03,23.38,81.14,16.55,1.57,0.72
2006-06-10,0.0,23.08,81.4,18.8,1.42,0.72
2006-06-11,0.01,23.64,81.98,18.59,1.36,0.71
2006-06-12,0.1,23.93,83.44,13.84,1.45,0.71
2006-06-13,0.0,23.93,82.93,17.42,1.42,0.71
2006-06-14,0.0,23.67,81.79,17.97,1.37,0.7
2006-06-15,0.0,23.38,80.82,19.3,1.53,0.7
2006-06-16,0.01,23.98,81.59,18.98,1.25,0.69
2006-06-17,0.22,24.49,85.07,13.47,1.56,0.69
2006-06-18,0.3,24.44,84.09,13.18,1.33,0.69
2006-06-19,0.61,24.82,85.4,10.91,1.54,0.68
2006-06-20,1.89,24.54,85.99,12.51,1.45,0.68
2006-06-21,0.02,24.49,83.12,13.59,1.5,0.68
2006-06-22,0.0,23.58,78.82,19.37,1.47,0.68
2006-06-23,0.02,23.03,79.58,18.43,1.36,0.67
2006-06-24,0.17,23.46,81.78,17.01,1.19,0.67
2006-06-25,0.0,24.17,83.29,17.79,1.3,0.67
2006-06-26,0.08,23.91,83.67,16.06,1.46,0.66
2006-06-27,0.01,23.6,78.19,19.24,1.34,0.66
2006-06-28,0.0,23.62,82.61,16.93,1.25,0.66
2006-06-29,0.15,24.0,83.28,15.92,1.52,0.65
2006-06-30,1.01,23.78,83.23,14.09,1.38,0.65
2006-07-01,0.15,24.25,83.0,15.28,1.33,0.65
2006-07-02,0.06,24.08,82.68,18.15,1.25,0.65
2006-07-03,0.0,23.88,81.58,18.56,1.3,0.64
2006-07-04,0.0,23.95,80.36,17.57,1.39,0.64
2006-07-05,0.03,23.99,81.01,19.13,1.39,0.64
2006-07-06,0.02,23.84,80.03,19.33,1.33,0.63
2006-07-07,0.01,23.7,79.47,19.33,1.16,0.63
2006-07-08,0.02,23.94,79.54,18.37,1.08,0.63
2006-07-09,0.0,24.07,81.23,18.52,1.1,0.62
2006-07-10,0.02,23.98,80.01,18.71,1.23,0.62
2006-07-11,0.0,23.42,77.66,19.15,1.17,0.62
2006-07-12,0.02,22.92,77.94,16.98,1.09,0.61
2006-07-13,0.08,22.5,79.74,15.37,1.52,0.61
2006-07-14,0.02,21.79,78.47,16.65,1.51,0.61
2006-07-15,0.01,22.06,78.66,18.73,1.45,0.61
2006-07-16,0.0,23.12,79.15,13.46,1.25,0.61
2006-07-17,0.0,23.45,79.32,19.02,1.1,0.6
2006-07-18,0.03,24.35,79.99,18.33,1.14,0.6
2006-07-19,0.02,24.56,78.56,18.37,1.15,0.6
2006-07-20,0.0,23.88,78.32,19.45,1.32,0.6
2006-07-21,0.03,23.38,76.86,20.85,1.36,0.59
2006-07-22,0.0,23.46,75.8,20.86,1.27,0.59
2006-07-23,0.0,23.64,78.66,19.26,1.27,0.59
2006-07-24,0.0,24.73,79.02,18.55,1.08,0.59
2006-07-25,0.03,24.53,78.52,19.43,1.17,0.58
2006-07-26,0.13,25.05,79.96,17.63,1.23,0.58
2006-07-27,0.23,24.91,79.09,16.8,1.11,0.58
2006-07-28,0.17,24.73,76.53,19.54,1.19,0.58
2006-07-29,0.0,23.82,74.13,22.23,1.37,0.58
2006-07-30,0.0,23.91,75.51,21.56,1.32,0.57
2006-07-31,0.01,24.04,74.88,19.49,1.22,0.57
2006-08-01,0.0,24.44,75.98,20.14,1.14,0.57
2006-08-02,0.0,24.33,74.37,22.25,1.43,0.57
2006-08-03,0.0,24.24,73.05,22.79,1.34,0.57
2006-08-04,0.0,24.4,72.35,22.67,1.32,0.56
2006-08-05,0.0,24.22,69.27,22.72,1.56,0.56
2006-08-06,0.09,23.74,65.87,21.29,1.55,0.56
2006-08-07,0.0,23.8,66.31,22.5,1.35,0.56
2006-08-08,0.15,23.82,67.52,18.42,1.48,0.55
2006-08-09,0.01,24.15,66.56,19.83,1.3,0.55
2006-08-10,0.0,23.75,68.03,19.71,1.39,0.55
2006-08-11,0.06,24.2,73.25,20.28,1.32,0.55
2006-08-12,0.07,23.86,73.95,19.76,1.47,0.55
2006-08-13,0.07,24.26,72.2,19.32,1.25,0.55
2006-08-14,0.3,24.72,73.7,20.62,1.09,0.55
2006-08-15,0.11,24.98,74.84,19.72,0.93,0.55
2006-08-16,0.1,25.45,74.5,21.35,0.99,0.55
2006-08-17,0.03,26.0,74.85,20.54,0.88,0.54
2006-08-18,0.05,26.22,75.22,17.29,1.06,0.54
2006-08-19,0.3,25.79,75.03,20.4,1.01,0.54
2006-08-20,0.36,24.88,72.81,17.98,1.08,0.54
2006-08-21,0.25,25.09,69.31,21.73,1.07,0.54
2006-08-22,0.06,25.12,73.0,22.68,1.14,0.54
2006-08-23,0.0,24.96,70.78,22.35,1.16,0.54
2006-08-24,0.15,25.02,71.81,23.19,1.23,0.54
2006-08-25,0.0,24.58,70.81,22.16,1.28,0.54
2006-08-26,0.0,24.29,68.03,23.52,1.2,0.53
2006-08-27,0.0,23.47,69.89,22.6,1.35,0.53
2006-08-28,0.0,24.47,71.74,23.47,0.96,0.53
2006-08-29,0.0,25.26,70.65,22.92,0.91,0.53
2006-08-30,0.0,25.64,69.75,23.88,0.88,0.53
2006-08-31,1.71,25.25,69.66,23.65,1.15,0.53
2006-09-01,0.0,24.46,65.09,24.76,1.3,0.53
2006-09-02,0.0,24.32,66.23,23.37,0.98,0.53
2006-09-03,0.0,24.35,67.39,23.89,0.89,0.53
2006-09-04,0.0,24.68,69.58,23.83,0.9,0.53
2006-09-05,0.0,24.92,70.15,23.0,0.96,0.53
2006-09-06,0.18,25.18,72.27,22.8,0.86,0.52
2006-09-07,0.0,25.79,68.59,24.8,0.81,0.52
2006-09-08,0.0,26.5,69.99,24.44,0.95,0.52
2006-09-09,0.01,27.24,69.86,23.66,0.88,0.52
2006-09-10,0.12,26.56,70.01,22.98,0.96,0.52
2006-09-11,0.07,26.44,68.88,23.5,0.98,0.52
2006-09-12,0.12,26.24,69.72,22.46,0.93,0.52
2006-09-13,0.0,25.93,70.53,23.2,1.22,0.52
2006-09-14,0.01,26.06,69.0,23.18,1.09,0.52
2006-09-15,0.08,25.73,69.13,22.37,1.07,0.51
2006-09-16,0.0,25.85,69.76,25.09,1.04,0.51
2006-09-17,0.0,25.8,68.41,25.43,1.13,0.51
2006-09-18,0.22,25.79,70.74,23.75,1.14,0.51
2006-09-19,0.0,26.18,69.04,23.3,1.13,0.51
2006-09-20,0.0,26.17,66.99,25.43,1.24,0.51
2006-09-21,0.0,26.26,65.07,25.1,0.9,0.51
2006-09-22,0.0,25.56,66.87,25.09,0.94,0.51
2006-09-23,0.0,25.76,68.15,24.46,1.1,0.51
2006-09-24,0.0,26.03,68.14,25.81,0.95,0.51
2006-09-25,0.0,26.08,66.66,24.56,1.11,0.51
2006-09-26,0.0,26.3,67.39,25.83,0.8,0.51
2006-09-27,0.05,26.77,66.87,24.65,0.93,0.51
2006-09-28,0.21,26.99,67.83,24.09,1.02,0.51
2006-09-29,0.0,27.4,64.45,26.42,0.97,0.51
2006-09-30,0.0,26.93,65.74,26.15,1.13,0.51
2006-10-01,0.45,27.35,66.39,23.57,0.87,0.51
2006-10-02,0.18,27.88,64.89,25.29,0.84,0.51
2006-10-03,0.0,27.46,64.71,25.57,1.05,0.5
2006-10-04,0.01,27.22,66.19,25.92,1.05,0.5
2006-10-05,0.02,27.84,63.59,26.46,1.01,0.5
2006-10-06,0.11,27.63,64.46,24.74,0.88,0.5
2006-10-07,0.48,27.04,65.58,23.18,1.05,0.5
2006-10-08,0.07,27.75,62.75,24.31,0.84,0.5
2006-10-09,0.0,27.36,64.34,25.15,1.1,0.5
2006-10-10,0.0,27.44,62.51,26.48,0.93,0.5
2006-10-11,0.03,27.46,63.19,25.59,0.77,0.5
2006-10-12,0.09,27.11,64.55,25.86,0.96,0.5
2006-10-13,0.17,27.19,64.04,24.67,0.97,0.5
2006-10-14,0.03,27.85,64.49,24.66,0.65,0.5
2006-10-15,0.25,27.97,64.58,24.01,0.71,0.5
2006-10-16,0.15,28.29,64.41,25.31,0.71,0.5
2006-10-17,0.07,28.27,64.26,25.59,0.83,0.5
2006-10-18,0.0,28.35,62.72,24.7,0.88,0.5
2006-10-19,0.0,28.0,62.91,25.48,0.83,0.5
2006-10-20,0.15,27.98,64.64,26.37,0.93,0.5
2006-10-21,0.05,28.47,62.39,25.77,0.98,0.5
2006-10-22,0.0,28.65,60.65,27.24,0.9,0.5
2006-10-23,0.0,29.02,61.19,25.97,0.84,0.5
2006-10-24,0.22,28.43,63.82,22.54,0.96,0.5
2006-10-25,0.25,28.22,64.66,24.46,0.85,0.5
2006-10-26,0.0,28.76,61.59,26.46,0.8,0.5
2006-10-27,0.0,28.63,59.95,26.8,0.87,0.5
2006-10-28,0.0,28.32,63.66,26.58,0.78,0.5
2006-10-29,0.06,28.11,62.42,25.58,0.95,0.5
2006-10-30,0.06,28.02,62.93,24.08,0.86,0.5
2006-10-31,0.01,28.36,61.81,26.34,0.71,0.5
2006-11-01,0.0,28.6,61.87,24.94,0.67,0.5
2006-11-02,0.39,28.94,61.26,24.81,0.75,0.5
2006-11-03,0.01,28.77,63.13,26.15,0.99,0.5
2006-11-04,0.74,28.67,68.19,24.31,0.95,0.5
2006-11-05,3.19,28.55,70.89,23.98,0.87,0.5
2006-11-06,1.11,28.2,71.92,20.56,0.87,0.5
2006-11-07,0.34,28.75,67.43,25.11,0.89,0.5
2006-11-08,0.12,29.31,65.91,25.28,0.73,0.5
2006-11-09,0.11,29.81,63.66,26.08,0.77,0.5
2006-11-10,0.14,29.82,62.34,26.31,0.92,0.5
2006-11-11,0.04,29.89,60.4,26.57,0.72,0.5
2006-11-12,0.08,29.68,61.75,25.74,0.63,0.5
2006-11-13,0.66,29.65,62.46,25.65,0.75,0.5
2006-11-14,0.26,29.89,59.63,24.86,0.68,0.5
2006-11-15,0.42,29.27,63.69,24.13,0.97,0.5
2006-11-16,0.0,29.83,60.96,25.79,0.66,0.5
2006-11-17,0.06,30.31,59.21,24.37,0.7,0.5
2006-11-18,3.03,30.24,62.33,24.43,0.66,0.5
2006-11-19,1.61,29.43,67.69,25.2,0.81,0.5
2006-11-20,0.53,29.39,67.73,24.83,1.06,0.5
2006-11-21,2.59,29.39,66.98,24.39,0.66,0.5
2006-11-22,1.4,28.84,69.69,23.22,0.8,0.5
2006-11-23,1.19,29.39,65.72,24.43,0.72,0.5
2006-11-24,0.66,29.44,65.8,25.97,0.82,0.5
2006-11-25,0.02,29.57,63.05,25.8,0.6,0.5
2006-11-26,0.04,29.49,63.16,26.24,0.77,0.5
2006-11-27,0.01,29.68,57.43,27.05,0.75,0.5
2006-11-28,0.0,29.78,55.66,25.02,0.47,0.5
2006-11-29,0.02,29.36,61.02,23.34,0.8,0.5
2006-11-30,0.03,28.88,66.79,25.82,0.65,0.5
2006-12-01,0.4,29.13,63.75,25.38,0.87,0.5
2006-12-02,7.64,28.61,69.2,19.28,0.6,0.5
2006-12-03,2.58,29.38,69.05,22.97,0.52,0.51
2006-12-04,0.3,30.25,64.14,24.02,0.56,0.51
2006-12-05,6.45,29.53,66.05,21.3,0.52,0.52
2006-12-06,1.95,29.16,68.27,23.85,0.63,0.52
2006-12-07,0.77,29.5,67.45,24.05,0.57,0.52
2006-12-08,0.94,29.39,68.74,23.66,0.88,0.51
2006-12-09,0.13,28.92,69.79,23.52,1.16,0.51
2006-12-10,0.07,29.06,66.9,21.48,1.21,0.51
2006-12-11,0.39,28.49,72.25,18.71,1.07,0.51
2006-12-12,5.5,28.55,72.34,19.79,0.72,0.51
2006-12-13,7.2,28.6,75.96,23.55,0.61,0.52
2006-12-14,3.68,28.69,70.31,17.45,0.61,0.53
2006-12-15,16.34,27.84,75.85,23.43,0.89,0.54
2006-12-16,25.41,28.18,78.74,22.51,0.62,0.59
2006-12-17,1.92,28.3,76.71,20.48,0.55,0.59
2006-12-18,0.62,28.29,76.98,20.46,0.61,0.58
2006-12-19,5.81,28.82,75.22,23.79,0.57,0.57
2006-12-20,4.19,28.03,81.85,21.68,0.71,0.57
2006-12-21,2.27,26.31,87.06,16.88,0.91,0.57
2006-12-22,2.49,27.8,75.91,21.74,0.57,0.56
2006-12-23,32.62,27.9,78.49,21.29,0.79,0.59
2006-12-24,4.51,28.41,74.35,18.77,0.74,0.61
2006-12-25,24.7,27.42,82.05,18.17,0.87,0.61
2006-12-26,16.59,26.57,88.02,14.67,0.91,0.65
2006-12-27,2.88,27.14,83.71,16.8,0.5,0.65
2006-12-28,8.88,26.54,89.11,11.99,0.87,0.64
2006-12-29,55.35,26.56,87.38,14.48,0.95,0.66
2006-12-30,33.6,25.73,90.41,6.89,2.14,0.74
2006-12-31,7.78,26.39,88.64,6.78,1.42,0.73
2007-01-01,2.48,26.82,83.62,8.98,1.37,0.71
2007-01-02,14.25,26.12,88.86,14.78,1.48,0.7
2007-01-03,6.53,25.83,85.9,10.88,1.36,0.71
2007-01-04,0.1,26.53,78.14,21.87,1.0,0.68
2007-01-05,0.0,26.57,75.56,21.1,0.76,0.66
2007-01-06,0.11,26.7,74.55,23.59,0.68,0.65
2007-01-07,0.01,26.46,74.72,21.67,0.77,0.64
2007-01-08,0.42,27.15,76.04,21.08,0.74,0.63
2007-01-09,0.06,27.32,77.37,22.37,0.83,0.62
2007-01-10,0.63,26.77,81.5,18.67,0.91,0.61
2007-01-11,0.12,27.43,76.75,25.73,0.71,0.61
2007-01-12,0.05,27.61,72.96,25.78,0.81,0.6
2007-01-13,0.06,27.59,74.68,25.7,0.88,0.59
2007-01-14,0.21,27.8,74.79,23.76,0.75,0.59
2007-01-15,1.05,27.59,75.78,21.34,0.78,0.58
2007-01-16,0.67,27.6,74.29,23.59,0.86,0.58
2007-01-17,0.23,27.0,78.64,25.06,0.77,0.58
2007-01-18,0.75,27.89,76.83,23.06,0.64,0.58
2007-01-19,0.62,27.67,78.28,18.3,0.73,0.58
2007-01-20,0.31,27.37,80.35,22.67,0.65,0.57
2007-01-21,0.83,27.59,80.03,19.68,0.55,0.57
2007-01-22,7.25,27.11,84.2,22.14,0.5,0.58
2007-01-23,0.84,28.19,75.41,23.13,0.72,0.59
2007-01-24,0.24,27.75,70.91,25.19,0.94,0.58
2007-01-25,0.01,27.26,73.82,25.24,0.72,0.58
2007-01-26,0.12,28.16,71.06,25.62,0.6,0.57
2007-01-27,0.74,28.44,70.12,23.77,0.52,0.57
2007-01-28,3.86,28.19,71.24,25.04,0.66,0.57
2007-01-29,1.3,27.98,72.09,24.06,0.66,0.57
2007-01-30,1.85,27.71,73.98,22.55,0.72,0.56
2007-01-31,10.12,27.05,80.02,21.26,0.68,0.57
2007-02-01,2.6,27.43,78.07,19.46,0.74,0.58
2007-02-02,16.32,26.82,81.19,21.73,0.55,0.59
2007-02-03,9.21,26.67,81.83,20.64,0.52,0.62
2007-02-04,2.04,26.33,83.65,23.36,0.88,0.62
2007-02-05,12.51,25.67,88.65,22.44,0.78,0.62
2007-02-06,4.41,26.25,86.91,23.37,0.97,0.64
2007-02-07,0.46,26.97,80.76,22.67,0.82,0.63
2007-02-08,0.64,26.25,83.16,10.98,0.91,0.62
2007-02-09,9.47,26.93,81.72,18.02,0.52,0.62
2007-02-10,3.28,27.23,77.98,23.78,0.38,0.63
2007-02-11,4.99,27.7,74.79,26.49,0.43,0.62
2007-02-12,4.46,27.89,75.9,24.29,0.43,0.62
2007-02-13,0.05,27.71,76.68,26.04,0.69,0.62
2007-02-14,0.17,27.53,76.14,23.5,0.68,0.61
2007-02-15,2.44,27.9,75.53,24.58,0.61,0.6
2007-02-16,2.48,26.94,80.86,15.31,0.85,0.6
2007-02-17,16.12,26.4,84.05,18.65,0.72,0.61
2007-02-18,10.97,26.12,86.51,22.17,0.54,0.64
2007-02-19,13.2,26.82,81.8,19.68,0.59,0.64
2007-02-20,6.59,26.7,82.53,22.57,0.47,0.65
2007-02-21,3.29,27.07,81.0,21.14,0.54,0.65
2007-02-22,4.18,25.69,86.96,13.21,1.07,0.64
2007-02-23,3.62,25.25,87.16,19.16,0.77,0.65
2007-02-24,11.53,26.15,85.27,24.48,0.68,0.65
2007-02-25,7.85,25.66,86.32,19.35,0.63,0.66
2007-02-26,6.25,26.37,76.35,21.44,0.47,0.66
2007-02-27,3.44,25.89,86.13,18.36,0.72,0.66
2007-02-28,7.96,25.96,88.86,21.46,0.98,0.66
2007-03-01,35.28,25.96,89.86,17.4,0.95,0.68
2007-03-02,27.44,25.31,91.07,5.73,1.23,0.73
2007-03-03,24.69,25.76,93.04,5.37,1.41,0.75
2007-03-04,17.44,25.84,90.69,11.98,1.31,0.76
2007-03-05,9.94,25.75,94.23,16.07,1.11,0.76
2007-03-06,12.46,26.1,92.22,13.25,1.61,0.76
2007-03-07,26.03,25.96,89.74,9.32,2.26,0.77
2007-03-08,5.64,26.29,86.86,17.76,1.68,0.77
2007-03-09,0.36,26.29,84.96,20.38,1.47,0.75
2007-03-10,0.33,26.22,83.02,20.18,1.45,0.73
2007-03-11,0.43,25.7,85.31,21.89,1.32,0.72
2007-03-12,57.18,25.62,88.37,17.94,0.96,0.75
2007-03-13,9.93,26.37,85.94,19.04,0.72,0.79
2007-03-14,10.52,25.8,90.21,13.82,0.79,0.78
2007-03-15,3.31,26.12,87.02,19.11,0.68,0.78
2007-03-16,1.44,25.68,91.18,19.77,0.68,0.77
2007-03-17,1.78,25.29,89.06,18.62,0.75,0.76
2007-03-18,0.31,25.73,82.99,21.62,0.58,0.75
2007-03-19,0.13,25.89,83.49,22.07,0.66,0.75
2007-03-20,0.35,26.04,86.41,16.76,1.0,0.74
2007-03-21,2.25,25.84,88.77,17.51,0.93,0.74
2007-03-22,1.72,25.51,87.85,14.26,1.09,0.74
2007-03-23,1.43,25.7,86.08,14.79,0.92,0.73
2007-03-24,0.75,25.94,85.55,19.3,0.86,0.73
2007-03-25,14.97,25.51,92.03,11.32,1.07,0.74
2007-03-26,9.32,25.72,90.55,17.5,1.41,0.76
2007-03-27,37.19,25.76,91.74,18.19,1.59,0.79
2007-03-28,24.51,25.77,91.16,8.07,1.6,0.82
2007-03-29,5.54,25.37,91.96,16.9,1.05,0.81
2007-03-30,1.14,26.41,85.02,19.72,0.69,0.8
2007-03-31,2.7,26.5,85.24,18.3,0.61,0.79
2007-04-01,4.89,26.57,84.87,15.6,0.45,0.78
2007-04-02,13.17,25.98,88.34,20.07,0.65,0.79
2007-04-03,5.69,26.31,88.41,20.45,0.78,0.8
2007-04-04,0.88,26.58,83.78,21.59,0.85,0.79
2007-04-05,0.35,26.69,81.47,22.5,0.6,0.78
2007-04-06,0.06,27.2,78.94,22.13,0.55,0.77
2007-04-07,2.81,27.0,81.84,21.27,0.62,0.76
2007-04-08,5.02,25.98,87.84,17.71,0.96,0.77
2007-04-09,0.89,26.04,84.09,21.44,1.06,0.77
2007-04-10,0.03,26.29,80.92,21.94,1.18,0.76
2007-04-11,7.63,26.61,83.67,20.61,0.61,0.76
2007-04-12,1.76,27.01,83.96,20.49,0.36,0.76
2007-04-13,2.42,26.61,87.94,18.85,0.56,0.76
2007-04-14,6.25,26.05,89.51,14.53,1.16,0.76
2007-04-15,4.39,26.21,88.3,12.65,0.73,0.77
2007-04-16,2.52,26.36,87.58,19.96,0.45,0.77
2007-04-17,1.31,25.78,88.04,20.18,0.71,0.77
2007-04-18,14.25,26.38,86.67,20.43,0.66,0.77
2007-04-19,12.17,26.71,85.79,21.14,0.46,0.78
2007-04-20,5.0,25.92,90.04,16.19,1.01,0.79
2007-04-21,2.45,25.71,87.37,14.88,0.7,0.78
2007-04-22,0.34,25.83,84.54,21.34,0.71,0.78
2007-04-23,0.2,26.5,79.35,18.28,0.73,0.77
2007-04-24,7.52,26.2,85.13,10.86,0.94,0.77
2007-04-25,10.18,26.15,88.54,17.47,0.89,0.78
2007-04-26,1.41,26.64,83.36,20.28,0.82,0.78
2007-04-27,0.05,25.79,82.1,22.11,1.16,0.77
2007-04-28,0.0,25.73,82.1,19.59,1.15,0.76
2007-04-29,0.0,25.88,81.62,21.5,0.86,0.75
2007-04-30,0.0,25.77,81.6,20.9,1.08,0.75
2007-05-01,0.15,25.26,81.99,21.26,1.2,0.74
2007-05-02,0.01,25.83,82.45,21.47,1.09,0.74
2007-05-03,0.0,26.16,84.54,19.57,1.14,0.73
2007-05-04,0.02,26.46,84.1,21.11,1.07,0.73
2007-05-05,0.07,26.21,84.74,20.94,1.23,0.73
2007-05-06,0.1,25.72,81.96,19.35,1.12,0.72
2007-05-07,0.37,25.98,83.32,20.25,1.07,0.72
2007-05-08,0.31,25.75,83.83,18.3,1.28,0.71
2007-05-09,0.55,25.92,82.78,19.12,1.24,0.71
2007-05-10,0.0,25.82,80.26,21.94,1.02,0.71
2007-05-11,0.0,25.67,80.26,21.92,1.0,0.7
2007-05-12,0.0,25.09,79.12,20.25,1.11,0.7
2007-05-13,0.0,25.15,79.83,21.21,1.09,0.69
2007-05-14,0.01,25.03,81.3,19.4,1.04,0.69
2007-05-15,0.01,25.74,81.48,18.79,0.77,0.69
2007-05-16,0.12,25.71,83.13,17.51,0.79,0.68
2007-05-17,6.46,25.83,85.73,16.75,0.79,0.69
2007-05-18,0.62,26.28,85.96,18.81,0.79,0.69
2007-05-19,0.25,26.34,86.17,18.16,0.66,0.69
2007-05-20,0.15,26.17,86.43,19.46,0.74,0.69
2007-05-21,0.13,26.3,84.39,20.26,0.88,0.68
2007-05-22,0.13,26.14,83.7,20.34,0.86,0.68
2007-05-23,0.13,26.19,83.46,19.7,1.02,0.67
2007-05-24,0.05,25.27,78.86,21.12,1.26,0.67
2007-05-25,0.02,25.45,80.12,20.02,1.02,0.66
2007-05-26,0.0,25.84,81.06,20.31,0.93,0.66
2007-05-27,2.66,26.21,84.68,18.18,0.84,0.66
2007-05-28,1.03,26.13,86.41,18.94,0.88,0.66
2007-05-29,5.28,25.64,90.34,14.34,0.87,0.66
2007-05-30,1.41,25.56,88.68,16.41,0.92,0.67
2007-05-31,0.16,26.3,83.32,18.2,0.8,0.67
2007-06-01,0.01,26.07,83.84,20.07,0.94,0.66
2007-06-02,6.25,26.15,87.22,17.71,1.13,0.66
2007-06-03,4.45,25.51,90.45,15.31,0.92,0.67
2007-06-04,0.92,26.05,86.68,17.88,0.95,0.67
2007-06-05,0.32,26.44,84.42,17.34,0.91,0.67
2007-06-06,0.33,26.24,83.61,15.93,1.22,0.66
2007-06-07,0.23,26.17,83.86,18.06,1.36,0.65
2007-06-08,0.1,25.83,82.99,15.9,1.45,0.65
2007-06-09,0.0,25.07,78.23,19.42,1.58,0.64
2007-06-10,0.0,24.36,71.84,20.56,1.47,0.64
2007-06-11,0.01,24.41,78.01,18.42,1.37,0.63
2007-06-12,0.02,24.63,80.92,16.27,1.44,0.63
2007-06-13,0.0,25.02,80.17,16.9,1.51,0.62
2007-06-14,0.0,24.99,80.47,17.78,1.54,0.62
2007-06-15,0.0,24.61,80.09,16.03,1.48,0.62
2007-06-16,0.0,24.39,77.23,18.03,1.43,0.61
2007-06-17,0.0,24.17,77.54,18.35,1.31,0.61
2007-06-18,0.01,24.13,79.75,15.1,1.17,0.61
2007-06-19,0.2,24.43,81.72,11.67,0.81,0.61
2007-06-20,0.21,25.15,82.71,11.64,0.57,0.6
2007-06-21,0.95,25.42,83.31,12.15,1.1,0.6
2007-06-22,0.05,25.43,81.28,17.38,1.26,0.6
2007-06-23,0.0,25.64,80.07,17.64,1.25,0.6
2007-06-24,0.0,25.56,79.61,16.95,1.24,0.59
2007-06-25,0.0,25.44,81.74,16.74,1.27,0.59
2007-06-26,0.12,25.93,82.62,16.78,1.35,0.59
2007-06-27,1.33,25.23,85.16,14.93,1.2,0.59
2007-06-28,2.05,24.91,82.7,11.48,1.22,0.59
2007-06-29,0.3,24.71,80.57,12.99,1.12,0.59
2007-06-30,0.02,24.89,79.11,16.63,1.17,0.59
2007-07-01,0.01,24.5,75.95,19.01,1.07,0.59
2007-07-02,0.01,24.66,76.2,18.01,0.82,0.58
2007-07-03,0.15,24.78,78.45,16.88,1.2,0.58
2007-07-04,0.03,25.02,77.04,18.2,1.24,0.58
2007-07-05,0.0,25.01,77.52,18.45,1.37,0.57
2007-07-06,0.0,24.55,73.2,19.46,1.22,0.57
2007-07-07,0.0,24.28,71.36,19.85,1.38,0.57
2007-07-08,0.0,24.26,68.48,19.28,1.39,0.57
2007-07-09,0.0,24.16,69.8,19.13,1.36,0.56
2007-07-10,0.0,23.94,68.52,19.91,1.38,0.56
2007-07-11,0.0,24.22,72.14,18.93,1.11,0.56
2007-07-12,0.04,24.83,74.64,16.12,1.03,0.56
2007-07-13,0.08,25.22,74.44,19.06,1.04,0.56
2007-07-14,0.05,25.44,74.5,18.1,0.92,0.56
2007-07-15,0.19,26.06,76.92,17.5,0.78,0.55
2007-07-16,0.09,26.6,76.99,17.01,0.83,0.55
2007-07-17,0.5,26.48,77.08,12.31,1.11,0.55
2007-07-18,0.17,26.37,76.48,17.19,1.0,0.55
2007-07-19,0.0,25.9,76.38,16.35,1.2,0.55
2007-07-20,0.0,25.88,75.37,16.25,1.12,0.55
2007-07-21,0.0,25.71,73.25,19.05,1.31,0.55
2007-07-22,0.0,24.89,72.92,19.76,1.46,0.55
2007-07-23,0.0,24.12,72.16,20.32,1.46,0.54
2007-07-24,0.0,24.5,74.21,19.26,1.4,0.54
2007-07-25,0.02,24.9,76.5,16.47,1.32,0.54
2007-07-26,0.02,25.47,74.23,18.37,1.0,0.54
2007-07-27,0.0,25.78,72.26,19.95,0.8,0.54
2007-07-28,0.11,25.44,72.75,17.67,0.97,0.54
2007-07-29,0.0,25.14,73.19,17.42,1.03,0.54
2007-07-30,0.0,25.0,71.43,18.71,1.21,0.54
2007-07-31,0.0,24.51,71.27,19.44,1.22,0.54
2007-08-01,0.09,23.97,73.51,18.33,1.28,0.53
2007-08-02,0.0,23.76,72.37,18.25,1.43,0.53
2007-08-03,0.05,23.63,74.06,16.83,1.31,0.53
2007-08-04,0.03,24.45,71.08,20.61,1.08,0.53
2007-08-05,0.0,25.26,71.62,20.74,0.99,0.53
2007-08-06,0.02,25.48,73.82,14.07,1.14,0.53
2007-08-07,0.06,24.82,69.63,19.51,1.53,0.53
2007-08-08,0.01,24.27,69.89,20.65,1.37,0.53
2007-08-09,0.01,24.81,70.52,18.85,1.24,0.53
2007-08-10,0.0,25.46,72.67,16.82,0.98,0.53
2007-08-11,0.07,25.83,74.19,12.88,0.97,0.53
2007-08-12,0.05,26.2,73.09,19.01,0.92,0.52
2007-08-13,0.02,26.1,74.66,18.84,1.03,0.52
2007-08-14,0.0,25.32,73.87,22.22,1.35,0.52
2007-08-15,0.03,24.53,75.82,19.87,1.48,0.52
2007-08-16,0.02,24.96,74.13,17.22,1.51,0.52
2007-08-17,0.0,25.88,71.36,18.96,1.18,0.52
2007-08-18,0.3,25.9,74.75,14.82,1.05,0.52
2007-08-19,1.98,25.46,79.73,12.8,1.35,0.52
2007-08-20,0.17,25.71,75.32,14.91,1.34,0.52
2007-08-21,0.01,25.12,72.92,14.72,1.46,0.52
2007-08-22,0.0,25.61,71.53,20.01,1.26,0.52
2007-08-23,0.0,24.88,73.42,17.21,1.44,0.52
2007-08-24,0.0,24.64,69.93,22.55,1.34,0.52
2007-08-25,0.0,24.0,65.29,23.78,1.3,0.52
2007-08-26,0.0,24.19,62.27,22.55,1.0,0.52
2007-08-27,0.01,24.57,66.56,22.59,1.03,0.51
2007-08-28,0.0,25.41,70.74,21.55,1.14,0.51
2007-08-29,0.0,26.0,68.56,23.31,1.05,0.51
2007-08-30,0.0,25.65,71.15,22.56,1.19,0.51
2007-08-31,0.0,25.45,72.14,24.05,1.25,0.51
2007-09-01,0.0,26.26,69.41,23.21,1.14,0.51
2007-09-02,0.02,26.37,71.37,22.41,1.25,0.51
2007-09-03,0.12,26.69,70.52,21.32,1.12,0.51
2007-09-04,0.0,26.7,71.49,21.36,1.11,0.51
2007-09-05,0.07,26.72,71.0,21.1,0.98,0.51
2007-09-06,0.12,26.86,68.27,21.8,0.94,0.51
2007-09-07,0.02,26.39,65.09,23.37,1.02,0.51
2007-09-08,0.0,25.26,68.61,22.76,1.34,0.51
2007-09-09,0.01,24.91,65.05,21.35,1.11,0.51
2007-09-10,0.0,25.37,63.78,23.8,0.94,0.51
2007-09-11,0.03,25.82,63.91,23.67,0.83,0.5
2007-09-12,0.0,25.8,62.64,23.79,0.96,0.5
2007-09-13,0.0,25.84,65.32,21.96,0.95,0.5
2007-09-14,0.0,26.85,66.0,23.03,0.87,0.5
2007-09-15,0.0,26.48,68.02,23.75,1.27,0.5
2007-09-16,0.0,26.64,64.79,24.77,1.13,0.5
2007-09-17,0.0,26.11,71.97,21.6,1.45,0.5
2007-09-18,0.0,26.67,67.17,23.14,1.29,0.5
2007-09-19,0.03,26.94,65.53,22.28,0.99,0.5
2007-09-20,0.0,26.36,68.22,23.14,1.28,0.5
2007-09-21,0.0,26.68,67.46,20.4,1.06,0.5
2007-09-22,0.0,27.41,67.27,24.27,0.85,0.5
2007-09-23,0.0,27.68,67.31,24.67,0.82,0.5
2007-09-24,0.0,27.88,62.85,25.12,0.86,0.5
2007-09-25,0.0,27.2,68.12,24.56,1.35,0.5
2007-09-26,0.0,27.19,64.6,25.79,1.3,0.5
2007-09-27,0.0,27.51,64.74,24.64,1.06,0.5
2007-09-28,0.01,27.6,66.2,24.2,1.19,0.5
2007-09-29,0.0,27.31,63.92,25.14,0.98,0.5
2007-09-30,0.0,27.82,61.47,23.05,0.81,0.5
2007-10-01,0.0,27.75,65.07,25.07,0.84,0.5
2007-10-02,0.01,27.84,65.89,23.25,0.95,0.5
2007-10-03,0.01,28.08,63.96,24.75,0.91,0.5
2007-10-04,0.0,28.55,64.23,24.68,0.8,0.5
2007-10-05,0.0,28.82,65.61,23.59,0.7,0.5
2007-10-06,0.0,28.59,64.38,25.55,0.79,0.5
2007-10-07,0.0,28.73,63.91,24.12,0.58,0.5
2007-10-08,0.16,29.12,62.26,23.11,0.61,0.5
2007-10-09,0.08,28.67,63.75,24.04,0.7,0.5
2007-10-10,0.01,27.58,64.73,23.12,1.28,0.5
2007-10-11,0.01,27.61,65.9,22.34,1.16,0.5
2007-10-12,0.09,28.08,65.48,20.95,0.97,0.5
2007-10-13,0.17,28.5,67.5,23.94,1.02,0.5
2007-10-14,0.01,28.53,64.9,23.24,1.18,0.5
2007-10-15,0.0,28.62,64.5,25.32,0.94,0.5
2007-10-16,0.0,28.07,66.38,25.62,1.14,0.5
2007-10-17,0.0,27.72,66.54,25.4,1.14,0.5
2007-10-18,0.0,28.21,64.42,24.2,1.07,0.5
2007-10-19,0.85,28.74,67.1,23.09,0.78,0.5
2007-10-20,0.57,28.4,68.86,24.19,1.06,0.5
2007-10-21,0.01,28.84,64.23,25.6,0.89,0.5
2007-10-22,0.0,28.95,64.31,23.33,0.89,0.5
2007-10-23,0.04,28.69,64.65,26.11,1.05,0.5
2007-10-24,0.01,29.59,60.58,23.32,0.74,0.5
2007-10-25,0.01,29.32,60.96,22.79,0.76,0.49
2007-10-26,0.03,29.42,61.47,25.81,0.78,0.49
2007-10-27,0.41,29.99,60.42,23.07,0.6,0.49
2007-10-28,0.03,29.73,60.66,23.32,0.59,0.49
2007-10-29,0.01,29.65,61.13,24.82,0.68,0.49
2007-10-30,0.34,29.61,64.04,23.24,0.5,0.49
2007-10-31,7.14,28.69,70.47,17.78,0.74,0.5
2007-11-01,2.93,27.44,77.4,21.49,0.8,0.51
2007-11-02,5.93,26.92,81.48,17.74,0.59,0.52
2007-11-03,18.15,26.66,83.57,19.47,0.69,0.54
2007-11-04,26.41,27.43,79.43,21.81,0.6,0.57
2007-11-05,25.2,26.22,88.05,19.75,0.93,0.62
2007-11-06,6.67,27.34,81.93,21.65,0.84,0.63
2007-11-07,3.34,27.19,81.12,19.97,0.91,0.62
2007-11-08,0.66,27.97,75.51,25.26,0.8,0.6
2007-11-09,0.29,27.87,76.25,25.05,0.86,0.59
2007-11-10,0.2,28.27,75.78,21.13,0.89,0.58
2007-11-11,2.22,27.15,79.27,22.3,1.03,0.57
2007-11-12,0.87,27.89,70.94,21.73,0.62,0.57
2007-11-13,0.3,28.47,70.3,21.91,0.52,0.56
2007-11-14,0.99,27.74,77.2,20.61,0.64,0.56
2007-11-15,0.95,28.59,71.97,23.65,0.61,0.55
2007-11-16,2.42,28.56,71.29,24.77,0.63,0.55
2007-11-17,0.92,28.49,67.74,25.22,0.69,0.55
2007-11-18,0.03,28.07,69.3,24.76,0.76,0.54
2007-11-19,0.0,27.63,69.39,26.98,0.73,0.54
2007-11-20,0.0,28.78,64.07,26.61,0.74,0.54
2007-11-21,0.0,28.83,63.07,26.1,0.75,0.53
2007-11-22,0.0,28.44,66.9,25.6,0.96,0.53
2007-11-23,0.03,28.69,66.63,22.98,0.74,0.52
2007-11-24,7.91,27.87,71.12,18.73,0.78,0.53
2007-11-25,5.2,27.6,77.17,22.39,0.81,0.54
2007-11-26,0.56,27.39,77.1,23.86,0.98,0.54
2007-11-27,0.03,28.58,68.6,25.29,0.7,0.54
2007-11-28,0.27,28.84,65.77,25.84,0.44,0.53
2007-11-29,2.25,29.05,64.36,24.47,0.48,0.53
2007-11-30,0.4,28.88,68.24,23.23,0.7,0.53
2007-12-01,4.11,28.42,72.02,18.26,0.59,0.53
2007-12-02,3.35,27.26,81.08,21.57,0.68,0.54
2007-12-03,1.08,26.99,82.08,14.56,0.88,0.54
2007-12-04,0.31,27.08,77.15,18.94,0.96,0.54
2007-12-05,2.99,27.85,74.62,23.3,0.38,0.54
2007-12-06,17.09,27.74,78.08,22.41,0.49,0.55
2007-12-07,13.09,27.21,81.37,22.73,0.62,0.58
2007-12-08,3.48,27.64,80.17,21.43,0.47,0.59
2007-12-09,15.93,27.61,79.15,17.2,0.57,0.59
2007-12-10,6.51,27.65,78.03,21.01,0.55,0.61
2007-12-11,12.56,27.98,78.18,21.17,0.62,0.61
2007-12-12,12.69,26.74,84.91,18.6,0.89,0.62
2007-12-13,5.52,26.55,84.91,19.48,0.66,0.63
2007-12-14,1.48,27.37,79.5,21.73,0.5,0.62
2007-12-15,4.03,27.98,77.08,22.89,0.52,0.61
2007-12-16,1.97,27.14,83.46,21.19,0.5,0.6
2007-12-17,17.79,26.4,84.99,16.03,0.57,0.61
2007-12-18,9.06,25.95,86.88,16.82,0.83,0.64
2007-12-19,15.28,25.55,89.54,14.53,1.1,0.64
2007-12-20,7.88,24.68,91.08,14.21,1.22,0.65
2007-12-21,2.8,25.6,87.11,16.09,1.24,0.65
2007-12-22,10.19,25.85,89.83,13.53,1.24,0.65
2007-12-23,22.55,25.4,90.82,12.76,1.23,0.67
2007-12-24,9.2,25.41,90.32,6.02,0.91,0.68
2007-12-25,10.91,25.47,92.64,16.92,1.29,0.68
2007-12-26,27.13,25.84,90.96,11.91,1.59,0.71
2007-12-27,3.25,25.84,86.69,16.19,1.83,0.71
2007-12-28,5.32,26.66,83.89,18.57,1.84,0.69
2007-12-29,3.59,26.15,88.0,10.2,1.74,0.69
2007-12-30,8.74,26.19,86.92,14.66,1.35,0.68
2007-12-31,18.14,25.56,90.88,13.37,1.05,0.7
2008-01-01,6.9,25.92,86.66,13.92,1.22,0.71
2008-01-02,5.82,25.59,88.38,11.07,1.26,0.7
2008-01-03,2.6,25.9,85.92,15.93,1.23,0.7
2008-01-04,6.0,25.56,88.68,12.54,1.38,0.69
2008-01-05,2.63,25.81,83.58,22.51,1.23,0.69
2008-01-06,0.32,26.65,79.08,25.54,0.78,0.68
2008-01-07,6.93,26.09,82.8,23.63,0.85,0.67
2008-01-08,1.85,26.26,82.95,19.49,0.77,0.68
2008-01-09,0.17,26.16,81.82,21.2,0.87,0.67
2008-01-10,0.31,26.25,83.0,22.34,0.88,0.66
2008-01-11,0.27,26.18,83.78,21.42,1.12,0.66
2008-01-12,0.52,26.24,83.16,22.98,1.13,0.65
2008-01-13,1.58,26.11,83.23,13.28,1.15,0.65
2008-01-14,2.46,25.91,86.04,12.78,1.45,0.65
2008-01-15,6.55,26.04,84.03,10.96,1.45,0.65
2008-01-16,7.17,25.11,87.99,10.42,1.76,0.66
2008-01-17,7.67,25.36,84.75,11.43,1.11,0.67
2008-01-18,2.09,25.27,89.22,20.37,1.08,0.67
2008-01-19,0.09,26.3,82.76,22.12,0.78,0.67
2008-01-20,0.09,26.36,81.09,25.85,0.73,0.66
2008-01-21,0.67,26.95,77.56,25.17,0.51,0.65
2008-01-22,0.09,27.22,75.98,26.19,0.51,0.65
2008-01-23,0.0,27.23,75.63,25.35,0.58,0.64
2008-01-24,0.01,27.4,75.83,24.86,0.69,0.63
2008-01-25,0.0,28.03,74.57,23.65,0.4,0.62
2008-01-26,1.31,27.11,79.24,23.04,0.57,0.62
2008-01-27,14.25,27.09,82.33,18.6,0.71,0.63
2008-01-28,9.71,26.36,86.64,20.75,1.12,0.65
2008-01-29,103.29,26.25,89.74,18.34,1.0,0.7
2008-01-30,31.85,25.83,92.58,12.81,1.01,0.8
2008-01-31,4.46,26.02,88.52,21.74,1.03,0.78
2008-02-01,0.45,26.41,86.32,22.17,0.94,0.75
2008-02-02,8.37,26.33,89.42,21.05,0.93,0.74
2008-02-03,17.68,25.52,92.02,12.41,1.06,0.75
2008-02-04,51.0,25.29,92.1,15.37,1.34,0.79
2008-02-05,8.25,25.71,88.6,12.52,1.37,0.81
2008-02-06,7.95,25.59,91.36,12.98,1.12,0.79
2008-02-07,24.62,25.5,91.79,12.78,1.45,0.8
2008-02-08,13.88,25.4,91.77,15.16,1.47,0.82
2008-02-09,9.78,25.38,92.4,11.25,1.67,0.81
2008-02-10,6.4,25.47,91.22,16.77,1.88,0.8
2008-02-11,3.85,25.85,86.43,17.04,2.07,0.79
2008-02-12,6.08,25.6,90.61,14.59,2.14,0.79
2008-02-13,12.65,25.67,89.84,10.5,1.86,0.79
2008-02-14,16.15,25.15,91.76,12.08,1.78,0.81
2008-02-15,8.3,25.32,90.62,13.72,2.01,0.81
2008-02-16,0.71,25.6,86.56,19.97,1.67,0.8
2008-02-17,3.1,25.56,88.19,14.65,1.41,0.79
2008-02-18,3.54,25.35,90.19,14.21,1.49,0.79
2008-02-19,10.54,25.12,93.94,13.07,0.88,0.8
2008-02-20,9.91,25.31,88.85,11.12,0.88,0.81
2008-02-21,5.29,24.94,91.82,11.95,1.16,0.81
2008-02-22,5.75,24.82,93.28,9.23,0.9,0.81
2008-02-23,3.32,25.57,89.73,9.99,1.29,0.81
2008-02-24,0.51,25.71,84.79,23.5,0.76,0.8
2008-02-25,0.77,25.6,83.37,24.28,0.64,0.79
2008-02-26,0.81,25.84,83.67,19.91,0.52,0.79
2008-02-27,0.62,26.02,79.23,22.0,0.61,0.78
2008-02-28,2.45,25.7,85.36,19.03,0.77,0.78
2008-02-29,2.16,25.58,86.68,20.99,0.77,0.78
2008-03-01,0.79,25.51,87.16,20.99,1.04,0.78
2008-03-02,0.86,25.64,88.04,16.73,1.21,0.78
2008-03-03,0.56,25.57,87.41,18.09,0.83,0.77
2008-03-04,0.43,25.75,85.9,19.4,0.88,0.77
2008-03-05,6.81,25.24,88.67,18.85,0.68,0.77
2008-03-06,12.47,24.92,89.72,16.28,0.96,0.79
2008-03-07,7.76,25.15,88.32,20.66,0.79,0.79
2008-03-08,0.46,25.52,86.29,19.86,0.7,0.79
2008-03-09,0.94,26.22,82.74,21.6,0.42,0.78
2008-03-10,0.47,26.24,83.56,22.68,0.29,0.78
2008-03-11,0.14,26.55,83.15,22.74,0.67,0.77
2008-03-12,0.04,26.47,83.68,20.88,0.71,0.77
2008-03-13,0.02,26.74,81.88,20.04,0.67,0.76
2008-03-14,0.32,26.45,83.35,21.74,0.71,0.76
2008-03-15,3.77,26.54,82.85,21.63,0.63,0.76
2008-03-16,6.39,26.06,85.26,21.48,0.56,0.76
2008-03-17,10.5,26.14,83.11,20.1,0.61,0.78
2008-03-18,8.0,27.09,80.84,23.11,0.6,0.78
2008-03-19,6.58,26.97,83.14,22.27,0.54,0.79
2008-03-20,3.52,26.06,89.32,20.98,0.7,0.78
2008-03-21,27.02,25.14,92.74,12.75,1.01,0.8
2008-03-22,1.39,26.13,83.06,20.79,0.76,0.81
2008-03-23,1.36,25.7,87.88,16.03,1.02,0.79
2008-03-24,7.22,25.39,88.91,16.63,0.63,0.79
2008-03-25,2.21,25.76,86.61,17.34,0.61,0.79
2008-03-26,0.42,26.06,86.69,18.86,0.84,0.79
2008-03-27,2.29,25.88,88.05,19.6,1.14,0.78
2008-03-28,14.74,25.38,91.63,19.16,0.78,0.79
2008-03-29,3.01,25.4,86.42,21.68,0.74,0.8
2008-03-30,27.61,25.4,93.74,16.71,0.88,0.81
2008-03-31,17.64,24.79,91.77,14.24,1.45,0.84
2008-04-01,5.11,25.31,87.04,18.58,0.9,0.84
2008-04-02,0.68,25.48,86.39,18.75,0.69,0.82
2008-04-03,0.56,25.59,86.07,18.86,0.64,0.81
2008-04-04,0.46,25.62,84.35,15.62,0.56,0.81
2008-04-05,29.75,25.27,87.36,15.15,0.75,0.82
2008-04-06,3.75,25.52,88.94,17.33,0.84,0.84
2008-04-07,3.22,25.52,87.75,19.26,0.68,0.83
2008-04-08,9.04,25.85,87.39,20.79,0.74,0.83
2008-04-09,3.08,26.12,85.38,22.25,1.07,0.83
2008-04-10,0.07,25.83,81.44,20.63,1.25,0.82
2008-04-11,1.6,26.0,81.88,21.22,0.93,0.81
2008-04-12,3.15,25.95,82.72,21.42,0.89,0.81
2008-04-13,0.15,25.5,81.26,22.06,1.21,0.8
2008-04-14,0.33,25.09,81.72,22.18,1.19,0.8
2008-04-15,0.0,25.66,80.6,21.57,1.23,0.79
2008-04-16,0.03,25.45,80.34,22.6,1.42,0.79
2008-04-17,0.03,25.67,79.59,21.89,1.28,0.78
2008-04-18,0.02,25.67,81.26,21.43,1.34,0.77
2008-04-19,0.11,25.36,79.18,22.09,1.16,0.77
2008-04-20,0.08,25.45,80.93,19.99,1.15,0.76
2008-04-21,0.28,26.08,80.4,17.76,0.85,0.76
2008-04-22,0.85,26.45,82.81,17.34,0.71,0.76
2008-04-23,0.18,26.45,83.47,17.79,0.86,0.76
2008-04-24,0.04,26.24,81.91,20.51,0.89,0.75
2008-04-25,0.02,25.8,82.51,22.42,0.97,0.75
2008-04-26,0.23,25.62,82.42,20.71,1.1,0.74
2008-04-27,0.03,25.17,81.27,19.62,1.14,0.74
2008-04-28,0.27,25.23,81.71,21.15,1.11,0.74
2008-04-29,0.08,26.12,81.97,19.04,0.93,0.73
2008-04-30,0.85,26.51,81.98,18.91,1.0,0.73
2008-05-01,0.87,25.7,88.08,14.48,0.78,0.73
2008-05-02,3.75,25.48,86.45,16.69,0.95,0.73
2008-05-03,0.45,25.78,86.78,19.66,1.13,0.73
2008-05-04,0.14,25.62,86.16,20.13,0.96,0.73
2008-05-05,0.95,25.87,83.1,20.16,1.25,0.72
2008-05-06,0.23,25.45,81.05,20.24,1.25,0.72
2008-05-07,0.07,25.37,80.04,19.91,1.37,0.71
2008-05-08,0.02,24.82,79.42,21.12,1.41,0.71
2008-05-09,0.0,24.51,76.05,21.06,1.49,0.7
2008-05-10,0.01,24.09,76.17,19.91,1.42,0.7
2008-05-11,0.03,24.01,76.6,20.8,1.42,0.69
2008-05-12,0.01,23.91,80.49,18.91,1.26,0.68
2008-05-13,0.01,24.24,79.74,20.26,1.04,0.68
2008-05-14,0.0,24.4,79.52,20.88,1.17,0.68
2008-05-15,0.03,24.81,81.08,20.98,1.27,0.67
2008-05-16,0.21,25.47,82.81,19.14,1.19,0.67
2008-05-17,0.24,25.49,82.82,18.93,1.33,0.67
2008-05-18,0.02,25.71,81.38,20.17,1.14,0.66
2008-05-19,0.06,25.78,81.38,19.28,1.12,0.66
2008-05-20,0.05,25.89,82.22,19.39,0.88,0.65
2008-05-21,2.37,25.42,83.84,18.52,1.07,0.65
2008-05-22,1.33,24.8,81.39,17.02,1.43,0.65
2008-05-23,0.0,24.51,78.53,16.96,1.46,0.65
2008-05-24,0.0,24.54,80.15,19.43,1.37,0.64
2008-05-25,0.01,24.54,80.93,18.67,1.38,0.64
2008-05-26,0.0,24.84,80.56,19.21,1.46,0.64
2008-05-27,0.05,25.3,80.0,18.6,1.45,0.63
2008-05-28,0.06,25.16,78.91,19.92,1.48,0.63
2008-05-29,0.0,24.66,79.32,19.59,1.53,0.63
2008-05-30,0.0,24.62,79.32,17.6,1.37,0.62
2008-05-31,0.0,24.81,80.4,18.39,1.52,0.62
2008-06-01,0.02,24.84,76.13,18.82,1.41,0.62
2008-06-02,0.11,25.08,77.64,19.68,1.31,0.61
2008-06-03,0.0,24.49,77.25,18.66,1.37,0.61
2008-06-04,0.0,24.39,78.03,18.23,1.3,0.61
2008-06-05,0.0,24.41,78.13,19.17,1.38,0.6
2008-06-06,0.0,24.97,77.85,19.02,1.13,0.6
2008-06-07,0.02,25.18,81.26,18.4,1.25,0.6
2008-06-08,0.04,25.65,80.85,17.55,1.22,0.6
2008-06-09,1.03,25.99,81.86,16.23,0.88,0.59
2008-06-10,41.22,24.68,91.04,14.68,0.98,0.62
2008-06-11,5.05,24.67,89.71,11.98,1.33,0.67
2008-06-12,0.09,25.32,83.44,17.32,1.21,0.66
2008-06-13,0.08,24.95,82.17,19.16,1.12,0.65
2008-06-14,0.39,25.2,83.22,18.32,0.97,0.64
2008-06-15,0.15,24.85,82.47,19.4,1.21,0.64
2008-06-16,0.02,24.63,82.24,19.03,1.22,0.63
2008-06-17,0.0,23.92,79.09,20.4,1.32,0.62
2008-06-18,0.0,24.09,80.25,19.75,1.31,0.62
2008-06-19,0.0,24.15,76.99,20.0,1.22,0.61
2008-06-20,0.0,23.89,77.96,20.14,1.27,0.6
2008-06-21,0.02,24.32,77.66,19.14,1.58,0.6
2008-06-22,0.06,24.45,74.72,19.0,1.55,0.6
2008-06-23,0.18,24.83,76.67,18.36,1.23,0.59
2008-06-24,0.13,25.15,80.52,14.81,1.15,0.59
2008-06-25,1.68,25.02,83.93,12.57,1.24,0.59
2008-06-26,0.0,25.22,76.38,18.43,1.25,0.59
2008-06-27,0.0,24.79,76.92,18.45,1.04,0.58
2008-06-28,0.0,24.56,77.55,19.51,1.01,0.58
2008-06-29,0.0,24.44,76.62,20.24,1.1,0.58
2008-06-30,0.0,24.82,76.83,18.77,1.13,0.58
2008-07-01,0.0,24.63,78.05,18.04,1.25,0.57
2008-07-02,0.1,25.01,77.49,17.07,1.17,0.57
2008-07-03,0.0,25.16,77.09,19.83,1.28,0.57
2008-07-04,0.0,24.36,77.56,18.02,1.43,0.57
2008-07-05,0.0,24.57,74.89,17.87,1.44,0.57
2008-07-06,0.02,24.0,75.95,14.73,1.59,0.56
2008-07-07,0.0,24.49,72.49,18.07,1.58,0.56
2008-07-08,0.0,25.19,70.41,20.36,1.25,0.56
2008-07-09,0.0,24.84,70.28,18.39,1.63,0.56
2008-07-10,0.0,24.39,72.2,18.44,1.45,0.56
2008-07-11,0.0,24.91,75.17,17.26,1.18,0.55
2008-07-12,0.49,24.57,77.27,17.81,1.29,0.55
2008-07-13,0.09,24.82,77.16,17.59,1.49,0.55
2008-07-14,0.01,24.75,74.37,18.27,1.53,0.55
2008-07-15,0.0,23.89,68.41,21.27,1.53,0.55
2008-07-16,0.0,24.26,71.24,20.38,1.12,0.55
2008-07-17,0.01,24.93,74.9,19.91,1.1,0.55
2008-07-18,0.0,25.03,72.41,20.16,0.98,0.54
2008-07-19,0.0,24.3,75.43,19.8,1.45,0.54
2008-07-20,0.0,24.19,74.45,18.39,1.64,0.54
2008-07-21,0.11,23.99,74.38,16.52,1.7,0.54
2008-07-22,0.0,24.09,72.7,19.15,1.63,0.54
2008-07-23,0.0,24.33,72.85,20.63,1.65,0.54
2008-07-24,0.0,24.55,73.73,19.59,1.35,0.54
2008-07-25,0.0,23.87,71.31,20.75,1.46,0.54
2008-07-26,0.14,23.69,73.42,19.76,1.25,0.54
2008-07-27,0.0,24.31,73.13,20.45,1.03,0.54
2008-07-28,0.0,24.38,74.53,19.71,1.1,0.53
2008-07-29,0.0,24.6,72.66,21.26,0.92,0.53
2008-07-30,0.0,25.23,71.64,21.33,0.92,0.53
2008-07-31,0.08,25.02,72.95,18.26,1.05,0.53
2008-08-01,0.21,24.87,70.27,21.16,0.99,0.53
2008-08-02,0.0,24.08,72.45,21.76,1.1,0.53
2008-08-03,0.01,24.59,75.34,17.96,1.22,0.53
2008-08-04,0.01,25.18,74.13,20.67,1.39,0.53
2008-08-05,0.0,25.16,73.15,20.9,1.46,0.53
2008-08-06,0.0,25.1,72.36,21.89,1.51,0.53
2008-08-07,0.0,25.33,69.04,21.07,1.24,0.52
2008-08-08,0.0,25.69,67.27,16.88,1.13,0.52
2008-08-09,0.0,25.43,67.7,20.19,1.21,0.52
2008-08-10,0.0,25.37,70.5,19.35,1.03,0.52
2008-08-11,0.49,25.6,72.99,14.77,0.73,0.52
2008-08-12,0.41,25.79,72.26,18.44,0.85,0.52
2008-08-13,0.02,25.86,69.57,20.27,0.95,0.52
2008-08-14,0.15,25.4,72.47,19.96,1.25,0.52
2008-08-15,0.02,25.36,71.04,20.53,1.25,0.52
2008-08-16,0.01,25.36,72.63,19.58,1.46,0.52
2008-08-17,0.0,25.55,69.42,20.94,1.63,0.52
2008-08-18,0.0,25.09,68.38,18.57,1.64,0.52
2008-08-19,0.0,24.83,70.07,13.51,1.4,0.52
2008-08-20,0.03,25.4,72.27,18.42,1.19,0.51
2008-08-21,0.08,26.03,70.75,20.39,1.3,0.51
2008-08-22,0.82,25.9,73.44,16.05,1.37,0.51
2008-08-23,0.0,26.11,71.28,18.65,1.37,0.51
2008-08-24,0.02,25.86,71.87,16.99,1.3,0.51
2008-08-25,0.0,25.88,70.72,20.73,1.48,0.51
2008-08-26,0.12,26.56,71.66,19.0,1.04,0.51
2008-08-27,0.03,27.31,70.55,19.31,0.85,0.51
2008-08-28,0.22,27.55,69.93,20.78,0.73,0.51
2008-08-29,0.24,27.14,72.27,21.35,0.83,0.51
2008-08-30,0.07,27.01,73.05,19.36,1.07,0.51
2008-08-31,0.02,27.22,71.37,18.38,1.27,0.51
2008-09-01,0.02,26.9,71.35,19.59,1.22,0.51
2008-09-02,0.0,26.84,72.26,22.65,1.38,0.51
2008-09-03,0.0,26.6,74.98,22.47,1.58,0.51
2008-09-04,0.0,27.06,67.6,24.19,1.29,0.51
2008-09-05,0.04,26.74,68.85,22.8,1.2,0.51
2008-09-06,0.01,26.58,69.83,21.11,1.28,0.51
2008-09-07,0.13,26.61,70.12,20.87,1.3,0.51
2008-09-08,0.04,26.86,68.86,22.35,1.16,0.51
2008-09-09,0.04,27.36,68.89,20.47,0.89,0.5
2008-09-10,0.25,27.64,70.08,20.05,0.84,0.5
2008-09-11,0.31,27.8,69.38,20.95,0.74,0.5
2008-09-12,0.01,27.82,66.12,24.14,0.69,0.5
2008-09-13,0.0,27.93,61.28,24.8,0.8,0.5
2008-09-14,0.0,27.31,63.05,25.33,1.05,0.5
2008-09-15,0.0,26.97,66.55,22.44,1.11,0.5
2008-09-16,0.0,27.53,65.47,25.11,0.92,0.5
2008-09-17,0.16,27.59,68.16,23.49,1.12,0.5
2008-09-18,1.49,26.51,71.77,24.09,1.34,0.5
2008-09-19,0.1,27.08,69.48,25.06,1.33,0.5
2008-09-20,0.0,27.56,66.12,24.31,1.12,0.5
2008-09-21,0.0,27.64,62.96,25.07,1.11,0.5
2008-09-22,0.0,27.66,61.07,26.35,1.02,0.5
2008-09-23,0.0,27.17,62.81,26.18,1.18,0.5
2008-09-24,0.0,27.38,64.85,26.24,1.13,0.5
2008-09-25,2.3,27.73,69.72,21.91,0.82,0.5
2008-09-26,1.67,26.91,74.09,21.08,1.1,0.5
2008-09-27,0.28,26.71,67.57,24.01,1.5,0.5
2008-09-28,0.01,26.67,62.99,25.2,1.37,0.5
2008-09-29,0.23,26.79,68.76,22.36,0.82,0.5
2008-09-30,0.22,27.76,65.66,24.1,0.89,0.5
2008-10-01,0.03,27.98,63.62,24.61,0.8,0.5
2008-10-02,0.1,28.19,66.34,23.12,0.76,0.5
2008-10-03,0.02,28.11,67.29,23.16,1.07,0.5
2008-10-04,0.02,28.2,68.87,23.61,1.25,0.5
2008-10-05,0.03,28.14,68.33,21.37,1.23,0.5
2008-10-06,0.06,27.94,69.34,19.84,1.2,0.5
2008-10-07,0.71,27.44,72.13,19.98,0.9,0.5
2008-10-08,0.47,27.58,72.82,21.21,0.89,0.5
2008-10-09,0.04,28.1,70.89,23.58,0.83,0.5
2008-10-10,0.01,28.79,64.51,23.99,1.07,0.5
2008-10-11,0.07,28.86,65.17,22.72,0.93,0.5
2008-10-12,1.21,28.85,68.23,23.55,1.03,0.5
2008-10-13,0.22,28.27,71.7,24.33,1.12,0.5
2008-10-14,0.04,28.38,67.88,26.1,0.86,0.5
2008-10-15,0.01,29.22,64.49,25.21,0.86,0.5
2008-10-16,0.24,29.56,64.01,25.41,0.86,0.5
2008-10-17,0.48,28.93,67.81,23.5,1.08,0.5
2008-10-18,0.32,28.9,67.99,22.41,1.03,0.5
2008-10-19,0.17,29.37,65.5,24.68,1.03,0.5
2008-10-20,0.01,29.76,63.41,25.22,0.94,0.5
2008-10-21,0.12,30.19,62.4,24.39,0.79,0.5
2008-10-22,0.04,29.65,64.87,25.23,0.89,0.5
2008-10-23,9.59,29.03,72.89,20.83,0.79,0.5
2008-10-24,1.42,28.9,69.62,23.81,0.84,0.51
2008-10-25,2.83,27.77,73.28,15.55,1.1,0.51
2008-10-26,0.77,27.96,71.4,22.28,0.91,0.52
2008-10-27,0.27,28.31,67.48,18.32,0.58,0.51
2008-10-28,0.0,29.27,61.24,23.25,0.74,0.51
2008-10-29,35.49,26.99,76.68,19.47,1.22,0.54
2008-10-30,9.72,27.22,73.31,21.07,0.86,0.59
2008-10-31,0.04,28.21,71.09,24.86,0.67,0.57
2008-11-01,8.24,27.25,78.25,16.83,0.65,0.57
2008-11-02,11.37,26.91,82.46,20.95,0.87,0.58
2008-11-03,1.94,27.84,77.37,23.31,0.76,0.58
2008-11-04,5.77,27.51,75.44,22.77,0.97,0.57
2008-11-05,4.42,27.81,75.76,23.9,0.64,0.57
2008-11-06,1.15,27.61,76.19,21.44,0.61,0.57
2008-11-07,2.3,27.88,74.71,20.99,0.62,0.56
2008-11-08,0.1,29.03,71.02,23.41,0.68,0.56
2008-11-09,11.89,28.59,75.23,22.61,0.54,0.56
2008-11-10,6.44,27.65,78.81,20.17,0.89,0.57
2008-11-11,2.54,27.19,79.73,20.99,1.0,0.57
2008-11-12,4.59,27.64,79.5,20.73,0.83,0.57
2008-11-13,4.05,27.36,81.44,19.69,0.66,0.57
2008-11-14,18.68,26.66,82.44,21.75,0.85,0.59
2008-11-15,4.55,27.26,80.27,20.39,0.76,0.6
2008-11-16,0.1,28.19,75.32,22.58,0.53,0.59
2008-11-17,9.49,28.01,78.13,17.92,0.75,0.59
2008-11-18,2.63,27.32,82.2,16.62,0.75,0.6
2008-11-19,4.84,26.73,85.15,14.24,0.99,0.59
2008-11-20,14.36,26.62,84.96,17.99,0.71,0.6
2008-11-21,2.04,27.77,79.82,22.33,0.64,0.61
2008-11-22,0.51,27.4,82.17,20.34,0.74,0.6
2008-11-23,3.42,27.08,83.12,11.2,0.78,0.6
2008-11-24,3.57,27.18,78.68,17.82,0.46,0.6
2008-11-25,3.88,26.85,83.61,15.75,0.69,0.59
2008-11-26,4.17,26.62,82.69,15.16,0.67,0.6
2008-11-27,6.3,25.5,87.95,15.78,0.88,0.6
2008-11-28,2.63,26.61,81.62,16.01,0.65,0.6
2008-11-29,3.36,26.33,82.93,13.47,0.64,0.6
2008-11-30,0.67,26.49,80.97,23.15,0.43,0.6
2008-12-01,0.15,27.01,75.12,17.13,0.65,0.59
2008-12-02,0.05,27.25,74.68,20.46,0.54,0.58
2008-12-03,0.04,27.98,70.76,24.67,0.59,0.58
2008-12-04,0.12,27.63,74.92,21.45,0.47,0.57
2008-12-05,2.76,27.35,77.75,19.67,0.57,0.57
2008-12-06,4.77,27.36,80.45,21.49,0.39,0.57
2008-12-07,3.05,26.87,83.69,21.16,0.64,0.58
2008-12-08,5.76,26.46,86.03,17.17,0.61,0.58
2008-12-09,4.69,25.84,89.09,14.26,0.98,0.59
2008-12-10,4.94,25.88,87.13,15.99,0.96,0.6
2008-12-11,4.39,26.29,85.88,15.37,1.17,0.6
2008-12-12,6.73,26.03,84.11,16.47,0.66,0.6
2008-12-13,29.69,25.94,86.5,16.17,0.77,0.63
2008-12-14,9.28,26.29,82.7,16.67,0.6,0.66
2008-12-15,26.64,25.86,86.01,17.42,0.57,0.67
2008-12-16,13.39,25.85,82.86,17.26,0.87,0.69
2008-12-17,50.23,26.07,83.31,19.71,0.62,0.71
2008-12-18,13.07,25.2,87.92,15.33,0.72,0.76
2008-12-19,3.85,25.83,85.71,20.79,0.74,0.73
2008-12-20,14.72,26.08,84.79,17.74,0.6,0.72
2008-12-21,4.64,26.28,84.58,20.95,0.72,0.72
2008-12-22,7.03,26.64,83.0,21.29,0.7,0.71
2008-12-23,0.46,26.56,83.03,20.35,0.72,0.7
2008-12-24,0.27,26.51,82.3,24.41,0.59,0.69
2008-12-25,0.16,26.88,76.47,25.37,0.82,0.68
2008-12-26,3.57,26.04,80.98,23.46,1.03,0.67
2008-12-27,7.29,25.55,89.46,17.2,1.16,0.67
2008-12-28,4.54,26.12,84.36,14.63,1.18,0.68
2008-12-29,2.26,25.41,89.55,17.41,1.19,0.68
2008-12-30,16.51,25.97,85.11,15.48,0.94,0.68
2008-12-31,14.41,25.19,87.31,11.97,0.91,0.71
2009-01-01,7.84,25.96,82.53,17.48,0.84,0.71
2009-01-02,2.09,26.02,82.91,18.92,0.66,0.71
2009-01-03,10.38,26.81,81.12,18.0,0.76,0.7
2009-01-04,18.0,25.11,91.24,16.76,1.12,0.72
2009-01-05,26.42,25.55,92.91,9.82,0.87,0.74
2009-01-06,3.34,26.99,81.95,20.18,0.53,0.75
2009-01-07,1.91,25.94,90.87,19.66,0.94,0.74
2009-01-08,5.09,26.0,86.28,18.48,0.78,0.73
2009-01-09,11.16,26.35,85.31,19.75,0.83,0.73
2009-01-10,7.72,25.74,86.76,14.29,1.04,0.74
2009-01-11,8.36,25.47,81.54,16.98,0.94,0.74
2009-01-12,8.06,25.72,84.52,19.45,0.9,0.74
2009-01-13,5.23,25.21,87.15,15.36,1.07,0.74
2009-01-14,3.52,25.13,89.45,13.98,1.51,0.74
2009-01-15,11.88,25.25,87.37,8.56,1.21,0.74
2009-01-16,2.36,25.27,88.54,14.03,1.2,0.75
2009-01-17,1.21,25.9,85.08,20.49,1.06,0.74
2009-01-18,0.74,26.24,81.85,18.58,1.01,0.73
2009-01-19,1.4,25.96,84.26,23.59,1.05,0.72
2009-01-20,1.05,26.0,85.22,23.25,0.89,0.72
2009-01-21,0.65,26.34,83.45,22.74,0.72,0.71
2009-01-22,0.04,26.28,86.35,21.68,0.77,0.71
2009-01-23,2.43,26.32,88.35,17.6,0.8,0.71
2009-01-24,0.26,26.33,86.65,17.85,0.99,0.71
2009-01-25,0.02,26.66,83.47,19.84,1.22,0.71
2009-01-26,12.67,26.13,87.82,19.39,1.29,0.71
2009-01-27,7.56,26.08,89.31,17.62,1.23,0.73
2009-01-28,8.55,25.96,91.43,16.46,1.22,0.73
2009-01-29,26.19,25.75,90.1,15.39,0.93,0.75
2009-01-30,9.44,25.16,90.36,13.45,0.83,0.77
2009-01-31,3.87,25.13,89.31,11.61,0.76,0.77
2009-02-01,4.94,25.59,88.76,17.7,1.02,0.76
2009-02-02,12.54,25.4,90.36,17.22,0.95,0.77
2009-02-03,13.72,25.47,89.51,12.68,1.26,0.78
2009-02-04,0.98,25.49,88.08,16.44,1.21,0.77
2009-02-05,6.7,25.59,88.11,17.24,1.76,0.77
2009-02-06,19.63,25.53,90.14,15.23,2.11,0.78
2009-02-07,10.28,25.43,90.47,13.93,1.97,0.79
2009-02-08,9.5,25.49,90.54,17.67,1.52,0.79
2009-02-09,1.39,25.77,90.72,20.01,1.03,0.79
2009-02-10,29.37,25.3,88.51,14.54,0.94,0.8
2009-02-11,8.48,25.41,86.17,15.94,1.06,0.82
2009-02-12,3.17,25.38,85.57,18.17,1.27,0.8
2009-02-13,4.54,25.3,87.74,18.46,1.44,0.8
2009-02-14,1.73,25.24,86.98,19.34,1.05,0.79
2009-02-15,25.94,25.17,89.52,18.76,1.14,0.8
2009-02-16,24.52,24.5,93.63,9.1,1.53,0.84
2009-02-17,4.19,24.75,90.78,20.06,1.09,0.84
2009-02-18,0.97,25.19,87.78,17.9,0.97,0.83
2009-02-19,5.55,25.56,85.35,15.0,0.72,0.82
2009-02-20,11.52,25.77,84.64,20.95,0.48,0.82
2009-02-21,8.78,26.28,82.87,22.46,0.46,0.83
2009-02-22,12.7,26.45,83.88,20.73,0.59,0.83
2009-02-23,3.27,26.75,78.33,22.15,0.44,0.83
2009-02-24,7.73,26.13,85.24,20.79,0.5,0.83
2009-02-25,1.79,26.17,87.0,20.02,0.93,0.82
2009-02-26,3.59,25.67,88.59,19.27,0.78,0.82
2009-02-27,1.2,25.77,88.15,18.94,0.93,0.82
2009-02-28,8.8,25.73,92.6,15.25,1.27,0.82
2009-03-01,43.58,25.25,93.77,11.28,1.05,0.85
2009-03-02,5.58,25.32,88.42,11.86,0.53,0.87
2009-03-03,19.2,25.49,90.09,13.07,0.67,0.86
2009-03-04,13.01,25.99,86.13,15.35,0.42,0.88
2009-03-05,5.81,25.28,88.84,13.76,0.58,0.88
2009-03-06,0.67,26.26,82.06,20.4,0.48,0.86
2009-03-07,4.45,26.48,84.54,21.57,0.56,0.86
2009-03-08,3.76,26.9,82.48,23.1,0.49,0.86
2009-03-09,0.47,26.2,82.75,23.99,0.71,0.85
2009-03-10,0.48,26.43,81.25,21.06,0.56,0.84
2009-03-11,0.21,26.65,79.73,21.53,0.58,0.84
2009-03-12,1.28,26.4,77.63,22.65,0.61,0.83
2009-03-13,0.46,26.06,81.3,23.57,0.89,0.82
2009-03-14,0.05,25.98,79.0,26.73,0.9,0.82
2009-03-15,0.76,26.19,81.37,23.59,0.79,0.81
2009-03-16,2.18,26.05,83.0,19.45,0.71,0.81
2009-03-17,0.89,25.96,85.43,19.29,0.94,0.8
2009-03-18,0.22,26.08,84.8,21.2,1.13,0.8
2009-03-19,0.1,25.97,85.8,21.16,0.84,0.8
2009-03-20,0.1,25.63,85.95,23.95,0.81,0.79
2009-03-21,0.04,26.52,80.49,24.7,0.67,0.79
2009-03-22,0.36,26.88,75.53,20.55,0.63,0.78
2009-03-23,0.22,26.44,75.69,24.54,0.63,0.78
2009-03-24,0.0,26.92,74.65,24.66,0.56,0.77
2009-03-25,0.18,27.42,73.51,24.15,0.55,0.77
2009-03-26,0.08,26.47,81.73,22.88,0.71,0.76
2009-03-27,0.05,26.54,81.11,23.32,0.75,0.76
2009-03-28,1.43,26.3,82.4,19.39,0.74,0.76
2009-03-29,1.06,26.7,79.96,21.25,0.53,0.76
2009-03-30,0.14,26.38,81.73,23.18,0.41,0.75
2009-03-31,1.16,27.16,78.73,21.37,0.58,0.75
2009-04-01,0.61,26.68,82.51,21.11,0.54,0.75
2009-04-02,1.51,26.59,85.83,22.43,0.78,0.74
2009-04-03,25.72,26.07,87.66,18.41,0.91,0.76
2009-04-04,3.02,26.18,85.82,22.95,1.03,0.78
2009-04-05,0.05,26.8,80.71,21.44,1.0,0.77
2009-04-06,0.08,26.28,79.55,21.13,1.05,0.76
2009-04-07,0.02,26.02,79.63,21.31,1.07,0.75
2009-04-08,0.01,26.05,79.44,23.87,0.94,0.74
2009-04-09,0.01,26.51,81.1,22.79,0.95,0.74
2009-04-10,0.08,26.75,82.28,22.84,1.04,0.73
2009-04-11,0.36,26.91,83.23,22.82,1.0,0.72
2009-04-12,0.37,27.07,83.56,21.1,0.97,0.72
2009-04-13,3.27,26.85,86.98,17.83,0.72,0.72
2009-04-14,2.52,26.99,85.67,18.64,0.75,0.72
2009-04-15,0.29,26.9,84.61,21.04,0.98,0.72
2009-04-16,1.2,26.5,86.69,19.91,0.89,0.72
2009-04-17,13.95,26.53,86.1,20.56,0.78,0.73
2009-04-18,2.95,26.66,85.33,17.33,0.74,0.74
2009-04-19,30.45,26.67,85.32,18.66,0.61,0.76
2009-04-20,5.7,26.84,82.89,19.91,0.55,0.78
2009-04-21,0.46,26.57,82.45,20.68,0.5,0.76
2009-04-22,0.13,26.8,80.61,21.19,0.55,0.75
2009-04-23,0.12,27.21,78.85,20.67,0.68,0.74
2009-04-24,0.03,26.68,78.03,22.05,0.82,0.73
2009-04-25,0.0,26.46,81.85,22.77,0.94,0.72
2009-04-26,0.01,26.33,82.86,22.51,1.01,0.71
2009-04-27,0.01,26.45,81.91,21.42,0.73,0.71
2009-04-28,0.01,26.68,80.9,21.77,0.83,0.7
2009-04-29,0.0,26.49,79.18,22.74,1.12,0.7
2009-04-30,0.0,26.09,77.99,22.64,1.26,0.69
2009-05-01,0.0,25.48,77.8,19.18,1.29,0.69
2009-05-02,0.02,25.79,74.55,17.74,1.31,0.68
2009-05-03,0.11,25.77,78.99,21.1,1.22,0.67
2009-05-04,0.15,26.17,82.2,19.41,1.2,0.67
2009-05-05,0.11,26.78,81.99,18.88,1.05,0.67
2009-05-06,1.39,26.39,86.22,19.05,1.27,0.67
2009-05-07,0.67,26.62,85.07,18.65,0.88,0.67
2009-05-08,5.64,26.01,86.58,19.3,1.14,0.67
2009-05-09,2.83,25.86,86.13,19.29,1.3,0.68
2009-05-10,2.81,25.88,87.44,17.73,0.9,0.68
2009-05-11,1.45,25.88,84.32,12.99,0.91,0.68
2009-05-12,3.14,25.26,87.36,16.7,0.95,0.68
2009-05-13,0.95,25.32,82.38,17.67,1.14,0.68
2009-05-14,0.13,25.83,81.11,19.29,1.23,0.67
2009-05-15,0.05,26.38,81.33,17.28,0.83,0.66
2009-05-16,0.02,26.86,81.58,16.04,0.76,0.66
2009-05-17,0.01,27.15,79.57,19.15,0.52,0.65
2009-05-18,0.06,27.22,80.84,18.77,0.48,0.65
2009-05-19,1.05,26.74,81.06,18.04,0.52,0.65
2009-05-20,0.35,26.25,82.6,18.71,0.96,0.64
2009-05-21,4.95,25.77,83.25,18.28,1.03,0.64
2009-05-22,16.96,25.43,84.39,16.79,1.07,0.66
2009-05-23,1.39,26.15,84.33,17.61,0.84,0.67
2009-05-24,0.96,26.43,84.53,15.85,0.69,0.66
2009-05-25,1.07,26.56,83.96,18.77,0.93,0.66
2009-05-26,1.32,26.24,84.66,17.7,0.91,0.65
2009-05-27,0.82,25.46,86.82,12.8,1.02,0.65
2009-05-28,0.19,25.84,83.06,16.27,0.89,0.65
2009-05-29,0.4,26.31,81.15,17.27,0.75,0.64
2009-05-30,0.11,26.24,81.66,16.67,0.74,0.64
2009-05-31,0.01,26.71,79.12,19.08,0.87,0.63
2009-06-01,0.0,26.7,79.47,18.23,0.9,0.63
2009-06-02,0.0,26.43,80.3,17.85,1.02,0.62
2009-06-03,0.02,26.23,79.34,18.18,1.06,0.62
2009-06-04,0.05,25.88,79.48,18.74,1.04,0.61
2009-06-05,0.01,26.16,78.51,19.6,0.95,0.61
2009-06-06,0.12,26.06,80.05,18.32,1.09,0.61
2009-06-07,0.02,26.32,77.8,18.45,1.15,0.6
2009-06-08,0.17,26.45,78.12,17.15,0.99,0.6
2009-06-09,0.25,26.31,76.64,17.66,0.99,0.6
2009-06-10,0.12,26.26,76.02,20.34,0.98,0.59
2009-06-11,0.0,25.9,74.8,18.7,0.92,0.59
2009-06-12,0.07,25.85,76.31,18.98,1.01,0.59
2009-06-13,0.0,25.04,73.98,20.91,1.26,0.58
2009-06-14,0.0,24.66,72.76,21.07,1.14,0.58
2009-06-15,0.0,24.81,75.07,20.02,1.16,0.58
2009-06-16,0.0,25.19,74.08,19.49,1.01,0.58
2009-06-17,0.0,25.69,73.39,20.0,1.03,0.57
2009-06-18,0.0,25.75,76.62,19.41,1.12,0.57
2009-06-19,0.0,25.93,74.42,19.81,1.27,0.57
2009-06-20,0.0,25.3,73.43,20.45,1.33,0.57
2009-06-21,0.0,25.43,71.51,19.92,1.27,0.56
2009-06-22,0.03,25.21,72.16,20.59,1.1,0.56
2009-06-23,0.01,25.05,73.81,20.25,0.91,0.56
2009-06-24,0.0,24.95,74.04,19.87,0.92,0.56
2009-06-25,0.15,25.18,74.01,19.27,0.86,0.56
2009-06-26,0.01,25.7,73.12,18.73,1.06,0.56
2009-06-27,0.04,26.21,76.39,18.87,1.06,0.55
2009-06-28,0.01,25.68,77.47,20.37,1.47,0.55
2009-06-29,0.0,25.25,73.61,20.05,1.31,0.55
2009-06-30,0.0,24.99,72.47,20.4,1.15,0.55
2009-07-01,0.03,25.46,76.99,17.68,1.14,0.55
2009-07-02,0.21,26.23,75.71,18.22,1.07,0.55
2009-07-03,0.09,26.18,74.41,19.04,1.03,0.55
2009-07-04,0.0,25.82,73.97,20.0,1.05,0.55
2009-07-05,0.1,25.73,74.75,19.85,1.09,0.54
2009-07-06,0.02,25.6,71.63,20.42,1.23,0.54
2009-07-07,0.0,24.69,68.98,20.81,1.51,0.54
2009-07-08,0.0,24.74,66.81,21.17,1.23,0.54
2009-07-09,0.0,25.04,68.2,19.8,1.24,0.54
2009-07-10,0.0,24.61,67.34,20.51,1.41,0.54
2009-07-11,0.0,24.03,68.05,20.65,1.43,0.54
2009-07-12,0.01,24.06,65.12,20.85,1.48,0.53
2009-07-13,0.0,24.28,70.57,16.54,1.37,0.53
2009-07-14,0.0,25.2,71.75,16.29,1.37,0.53
2009-07-15,0.36,25.59,68.39,18.73,1.2,0.53
2009-07-16,0.0,24.99,73.51,19.53,1.44,0.53
2009-07-17,0.01,25.0,73.78,18.08,1.38,0.53
2009-07-18,0.04,25.49,73.3,18.32,0.97,0.53
2009-07-19,0.06,26.24,73.12,17.22,0.69,0.53
2009-07-20,4.93,25.94,78.65,14.8,0.83,0.53
2009-07-21,1.4,25.92,79.89,17.38,1.13,0.54
2009-07-22,2.73,26.21,79.96,15.18,0.92,0.54
2009-07-23,1.46,26.64,79.07,18.4,0.69,0.54
2009-07-24,0.37,26.77,74.53,17.08,0.9,0.54
2009-07-25,0.02,26.07,74.83,20.5,1.14,0.54
2009-07-26,0.0,25.85,73.64,21.29,1.36,0.53
2009-07-27,0.0,25.45,75.17,18.39,1.39,0.53
2009-07-28,0.0,25.57,73.22,19.98,1.29,0.53
2009-07-29,0.03,25.22,70.38,18.29,1.4,0.53
2009-07-30,0.0,24.57,66.94,20.27,1.33,0.53
2009-07-31,0.0,24.46,66.97,21.01,1.26,0.53
2009-08-01,0.02,25.05,69.09,19.84,1.22,0.52
2009-08-02,0.02,25.02,71.97,20.64,1.4,0.52
2009-08-03,0.0,25.41,70.26,20.29,1.33,0.52
2009-08-04,0.05,26.22,71.59,19.72,0.8,0.52
2009-08-05,0.0,26.09,72.99,20.77,0.99,0.52
2009-08-06,0.0,25.86,72.61,20.36,1.12,0.52
2009-08-07,0.0,25.38,72.24,18.49,1.33,0.52
2009-08-08,0.03,25.64,71.02,19.61,0.96,0.52
2009-08-09,0.0,26.09,68.91,19.76,0.87,0.52
2009-08-10,0.0,26.61,70.68,21.76,0.75,0.52
2009-08-11,0.0,26.77,72.69,17.33,0.76,0.51
2009-08-12,0.01,26.53,73.48,18.49,0.93,0.51
2009-08-13,0.02,26.79,71.56,20.49,0.87,0.51
2009-08-14,0.01,26.65,70.79,19.6,0.92,0.51
2009-08-15,0.0,26.43,70.53,19.68,0.91,0.51
2009-08-16,0.0,26.56,70.15,21.46,1.03,0.51
2009-08-17,0.0,26.63,70.06,21.19,1.1,0.51
2009-08-18,0.01,26.27,69.37,21.91,0.96,0.51
2009-08-19,0.0,25.64,69.89,23.18,1.61,0.51
2009-08-20,0.0,25.38,70.7,19.59,1.5,0.51
2009-08-21,0.0,26.09,69.6,22.01,0.88,0.51
2009-08-22,0.0,26.12,67.87,22.17,1.08,0.51
2009-08-23,0.0,26.08,68.05,19.85,1.07,0.51
2009-08-24,0.0,25.54,67.79,22.96,1.33,0.51
2009-08-25,0.0,25.25,69.8,23.03,1.27,0.51
2009-08-26,0.0,25.47,65.83,22.69,1.18,0.5
2009-08-27,0.0,25.67,66.87,22.93,1.1,0.5
2009-08-28,0.0,26.41,66.34,22.3,0.9,0.5
2009-08-29,0.01,26.06,72.26,18.77,1.23,0.5
2009-08-30,0.01,26.62,69.5,20.73,1.07,0.5
2009-08-31,0.01,26.3,70.5,21.47,1.15,0.5
2009-09-01,0.1,26.58,72.17,18.94,1.03,0.5
2009-09-02,1.08,26.03,75.34,16.6,1.43,0.5
2009-09-03,0.42,26.45,71.73,17.19,1.19,0.5
2009-09-04,0.03,26.65,69.22,22.7,0.96,0.5
2009-09-05,0.0,26.88,68.8,22.14,0.92,0.5
2009-09-06,0.03,26.63,70.86,19.7,1.23,0.5
2009-09-07,0.29,26.98,71.07,18.9,1.07,0.5
2009-09-08,0.01,27.73,66.68,24.03,0.97,0.5
2009-09-09,0.01,27.83,67.06,22.54,0.75,0.5
2009-09-10,0.0,28.34,64.89,22.53,0.8,0.5
2009-09-11,0.01,27.98,65.55,23.81,0.9,0.5
2009-09-12,0.04,27.69,67.8,22.86,0.93,0.5
2009-09-13,0.11,27.65,69.3,21.15,1.05,0.5
2009-09-14,0.23,27.91,68.1,21.8,0.94,0.5
2009-09-15,0.1,28.35,66.27,23.07,0.81,0.5
2009-09-16,0.0,27.55,70.93,21.51,1.36,0.5
2009-09-17,0.0,27.82,69.0,20.67,1.1,0.5
2009-09-18,0.01,27.86,67.27,21.69,1.12,0.5
2009-09-19,0.3,27.48,69.03,18.18,1.14,0.5
2009-09-20,1.43,26.55,72.48,20.52,1.25,0.5
2009-09-21,9.22,25.79,77.75,17.25,1.19,0.51
2009-09-22,1.37,26.08,74.83,17.74,1.42,0.52
2009-09-23,0.11,27.15,71.26,22.53,1.15,0.52
2009-09-24,0.03,27.59,68.9,24.2,1.16,0.51
2009-09-25,0.0,27.64,65.05,26.53,1.12,0.51
2009-09-26,0.0,27.38,67.94,24.84,1.13,0.51
2009-09-27,0.01,27.68,64.08,23.31,1.09,0.51
2009-09-28,0.2,28.0,63.39,23.86,0.87,0.5
2009-09-29,0.1,28.25,65.78,24.2,0.64,0.5
2009-09-30,0.07,27.54,68.82,20.97,1.06,0.5
2009-10-01,0.06,26.9,73.36,17.54,1.47,0.5
2009-10-02,0.54,26.92,71.28,17.72,1.46,0.5
2009-10-03,0.01,26.72,68.75,18.85,1.42,0.5
2009-10-04,0.0,27.75,66.45,22.28,1.17,0.5
2009-10-05,0.0,28.59,63.39,23.83,1.03,0.5
2009-10-06,0.02,28.27,65.71,24.58,1.08,0.5
2009-10-07,0.12,28.07,68.42,21.43,1.1,0.5
2009-10-08,0.11,28.31,65.95,21.16,0.93,0.5
2009-10-09,0.03,28.42,64.9,24.89,1.13,0.5
2009-10-10,0.13,28.4,67.77,24.11,0.81,0.5
2009-10-11,2.53,28.29,68.16,24.09,0.89,0.5
2009-10-12,0.41,28.36,66.87,24.27,0.95,0.5
2009-10-13,0.0,28.07,62.78,24.33,1.07,0.5
2009-10-14,0.0,27.91,60.65,24.99,0.95,0.5
2009-10-15,0.0,28.22,60.39,26.58,0.86,0.5
2009-10-16,0.0,28.62,61.79,25.67,0.81,0.5
2009-10-17,0.0,28.71,63.74,25.64,0.86,0.5
2009-10-18,0.02,29.11,65.52,25.14,0.9,0.5
2009-10-19,0.01,29.32,63.59,25.2,0.82,0.49
2009-10-20,0.01,29.23,62.37,24.54,0.83,0.49
2009-10-21,0.05,29.46,61.81,25.47,0.74,0.49
2009-10-22,2.68,28.61,67.91,22.61,0.96,0.5
2009-10-23,2.44,28.34,71.42,21.15,0.68,0.5
2009-10-24,1.57,27.82,73.51,24.15,0.87,0.5
2009-10-25,0.01,28.37,68.22,25.27,0.86,0.5
2009-10-26,0.0,28.89,64.23,25.61,0.61,0.5
2009-10-27,0.0,28.74,62.0,25.34,0.77,0.5
2009-10-28,0.0,28.91,61.1,25.93,0.77,0.5
2009-10-29,0.0,29.31,61.03,26.35,0.73,0.5
2009-10-30,0.0,29.71,57.25,25.62,0.7,0.5
2009-10-31,1.14,28.93,63.64,25.45,0.84,0.5
2009-11-01,0.75,29.01,64.65,22.57,0.84,0.5
2009-11-02,0.03,29.06,62.41,24.45,1.03,0.5
2009-11-03,0.01,29.53,60.39,25.42,0.94,0.5
2009-11-04,0.0,30.23,60.06,25.77,0.88,0.49
2009-11-05,0.84,30.32,59.97,22.19,0.75,0.49
2009-11-06,0.26,29.84,61.13,24.18,0.79,0.49
2009-11-07,0.0,29.79,60.91,22.6,0.84,0.49
2009-11-08,0.06,30.1,61.34,21.78,0.76,0.49
2009-11-09,0.07,29.86,63.59,21.24,0.79,0.49
2009-11-10,0.05,30.22,60.87,24.62,0.75,0.49
2009-11-11,0.0,30.47,58.78,25.59,0.77,0.49
2009-11-12,0.07,30.31,62.0,22.94,0.57,0.49
2009-11-13,5.1,29.46,67.62,23.99,0.78,0.5
2009-11-14,1.53,28.9,71.06,21.73,0.64,0.5
2009-11-15,2.02,28.55,70.73,22.03,0.57,0.5
2009-11-16,0.27,29.27,67.77,22.82,0.61,0.5
2009-11-17,0.43,29.66,63.92,23.47,0.61,0.5
2009-11-18,22.81,28.47,72.81,20.97,0.55,0.52
2009-11-19,13.81,27.4,78.99,21.59,0.49,0.56
2009-11-20,0.97,27.81,75.46,19.31,0.69,0.56
2009-11-21,2.39,27.48,75.16,19.92,0.81,0.55
2009-11-22,1.0,28.39,69.0,23.55,1.06,0.55
2009-11-23,0.0,28.63,67.39,24.67,1.08,0.54
2009-11-24,0.03,29.03,66.85,25.77,0.76,0.53
2009-11-25,0.74,28.65,69.7,22.16,0.61,0.53
2009-11-26,0.55,27.83,71.72,22.39,0.68,0.53
2009-11-27,0.34,28.21,70.91,23.39,0.48,0.52
2009-11-28,0.81,29.21,67.37,24.21,0.69,0.52
2009-11-29,2.02,28.28,73.12,21.44,0.66,0.52
2009-11-30,9.89,28.38,75.54,23.79,0.72,0.53
2009-12-01,1.57,29.05,69.14,25.66,0.62,0.54
2009-12-02,0.03,28.87,68.68,25.93,0.54,0.53
2009-12-03,3.29,27.47,76.83,24.1,0.53,0.53
2009-12-04,3.84,27.85,72.66,22.71,0.52,0.54
2009-12-05,2.83,28.58,71.32,26.11,0.79,0.54
2009-12-06,1.68,29.23,68.71,24.75,0.64,0.54
2009-12-07,2.19,29.35,68.01,24.73,0.6,0.53
2009-12-08,1.25,28.16,74.82,24.24,0.63,0.53
2009-12-09,0.69,29.37,68.97,24.64,0.53,0.53
2009-12-10,0.05,29.6,65.17,26.55,0.53,0.53
2009-12-11,0.01,29.35,65.41,25.74,0.54,0.52
2009-12-12,0.41,28.96,69.41,25.17,0.5,0.52
2009-12-13,1.27,28.54,72.99,21.49,0.5,0.52
2009-12-14,1.56,28.17,73.04,22.66,0.61,0.52
2009-12-15,39.59,27.51,78.69,20.01,0.79,0.55
2009-12-16,15.22,26.38,85.49,17.37,1.24,0.61
2009-12-17,1.9,27.15,79.87,21.55,0.98,0.61
2009-12-18,9.59,26.69,83.11,20.89,1.05,0.6
2009-12-19,3.18,27.17,79.75,22.47,1.01,0.6
2009-12-20,3.72,26.8,79.9,20.37,1.27,0.59
2009-12-21,1.41,26.52,77.91,16.52,1.54,0.58
2009-12-22,3.43,26.44,80.81,16.23,0.89,0.58
2009-12-23,0.62,27.47,77.94,20.91,0.47,0.58
2009-12-24,0.98,27.96,76.53,19.85,0.67,0.57
2009-12-25,3.9,27.81,79.0,21.2,0.67,0.57
2009-12-26,2.95,27.59,78.39,19.93,0.39,0.57
2009-12-27,1.11,27.62,77.05,22.28,0.51,0.56
2009-12-28,10.18,26.5,84.68,16.15,0.66,0.57
2009-12-29,6.26,26.45,80.81,19.56,0.54,0.58
2009-12-30,1.59,26.69,81.83,19.12,0.82,0.58
2009-12-31,0.45,27.44,78.26,18.25,0.82,0.57
2010-01-01,1.91,27.6,79.84,22.8,0.83,0.57
2010-01-02,0.88,28.01,78.31,25.16,0.75,0.57
2010-01-03,0.88,27.91,81.32,20.4,0.61,0.56
2010-01-04,12.72,26.51,87.43,20.14,0.75,0.57
2010-01-05,4.04,27.48,77.45,20.38,1.17,0.59
2010-01-06,8.05,26.76,81.74,15.31,1.26,0.59
2010-01-07,64.27,26.4,81.73,16.82,1.05,0.62
2010-01-08,14.87,26.35,80.86,20.06,1.07,0.66
2010-01-09,28.24,26.28,81.58,14.31,0.87,0.66
2010-01-10,23.17,26.01,83.03,15.01,0.89,0.71
2010-01-11,2.17,26.54,78.62,20.9,0.95,0.69
2010-01-12,1.39,26.59,80.86,19.23,1.13,0.67
2010-01-13,8.99,26.29,84.64,13.27,1.18,0.66
2010-01-14,7.99,26.04,85.24,14.26,1.43,0.66
2010-01-15,2.04,26.05,84.37,13.87,1.74,0.65
2010-01-16,12.72,25.91,87.86,9.29,1.25,0.65
2010-01-17,13.73,25.56,86.68,11.88,1.1,0.67
2010-01-18,10.07,25.67,86.06,10.94,0.86,0.67
2010-01-19,1.53,25.9,84.32,21.73,0.93,0.67
2010-01-20,1.87,26.24,81.09,19.04,0.9,0.66
2010-01-21,1.52,26.19,80.29,21.81,0.94,0.65
2010-01-22,14.34,25.95,84.64,15.32,1.29,0.65
2010-01-23,51.91,25.52,90.88,18.38,1.12,0.69
2010-01-24,28.85,25.54,91.07,20.7,1.01,0.76
2010-01-25,6.92,26.32,85.64,23.08,0.87,0.75
2010-01-26,3.75,25.55,86.43,20.16,0.94,0.74
2010-01-27,12.28,26.01,84.28,21.69,0.72,0.73
2010-01-28,2.87,25.87,85.09,21.74,1.02,0.73
2010-01-29,2.94,25.85,88.24,20.18,0.93,0.71
2010-01-30,28.71,26.04,88.63,23.25,1.0,0.72
2010-01-31,25.45,26.45,88.15,20.47,1.13,0.77
2010-02-01,8.13,25.84,91.51,10.38,1.2,0.77
2010-02-02,2.88,25.55,90.83,20.42,1.04,0.76
2010-02-03,6.81,26.32,85.65,22.06,0.98,0.75
2010-02-04,6.0,26.33,86.61,21.56,0.95,0.74
2010-02-05,4.82,26.36,85.51,20.88,0.74,0.74
2010-02-06,7.25,25.43,90.17,16.61,0.83,0.74
2010-02-07,62.67,25.71,85.9,16.4,0.83,0.78
2010-02-08,5.38,26.15,83.92,20.6,0.69,0.8
2010-02-09,9.16,26.73,83.59,22.47,0.68,0.78
2010-02-10,1.36,26.56,86.61,22.86,0.49,0.78
2010-02-11,0.33,26.7,84.08,21.75,0.6,0.77
2010-02-12,0.02,27.22,79.77,21.05,0.83,0.75
2010-02-13,0.28,26.34,86.25,22.2,0.98,0.74
2010-02-14,0.68,26.71,86.25,19.45,0.87,0.74
2010-02-15,1.97,26.93,85.95,22.67,0.54,0.74
2010-02-16,0.76,27.42,81.54,25.27,0.52,0.74
2010-02-17,0.37,26.82,84.55,23.37,0.56,0.73
2010-02-18,1.81,26.18,90.96,20.79,0.81,0.73
2010-02-19,1.54,26.3,87.95,18.7,0.78,0.73
2010-02-20,0.82,26.52,85.39,17.75,0.77,0.73
2010-02-21,0.29,26.88,83.29,19.94,0.87,0.73
2010-02-22,5.43,27.18,83.87,20.58,0.84,0.73
2010-02-23,2.91,27.16,83.67,19.76,0.57,0.73
2010-02-24,3.11,27.04,83.53,21.43,0.48,0.73
2010-02-25,4.43,27.31,84.58,21.98,0.78,0.73
2010-02-26,2.35,26.99,84.58,23.5,0.77,0.73
2010-02-27,0.27,27.64,84.14,23.45,0.73,0.73
2010-02-28,0.56,27.29,84.66,19.05,0.83,0.72
2010-03-01,0.9,27.07,86.6,18.79,0.79,0.72
2010-03-02,4.32,26.9,85.0,21.99,0.67,0.72
2010-03-03,2.8,26.24,89.01,18.84,0.57,0.72
2010-03-04,1.67,27.26,82.26,17.52,0.43,0.72
2010-03-05,6.9,26.5,87.3,21.96,0.63,0.72
2010-03-06,1.49,26.8,86.36,18.47,0.88,0.73
2010-03-07,0.35,26.9,85.69,20.76,0.59,0.72
2010-03-08,0.88,27.74,80.03,22.05,0.47,0.72
2010-03-09,0.8,27.99,77.8,24.37,0.67,0.71
2010-03-10,0.2,28.02,76.7,25.27,0.64,0.7
2010-03-11,25.22,27.2,79.48,22.74,0.66,0.71
2010-03-12,12.98,27.19,78.77,23.39,0.67,0.75
2010-03-13,0.36,26.77,77.84,26.49,1.0,0.74
2010-03-14,0.0,27.5,72.19,25.37,0.75,0.72
2010-03-15,0.01,27.49,74.83,24.5,0.73,0.71
2010-03-16,3.24,27.38,77.29,21.35,0.66,0.7
2010-03-17,3.11,26.95,79.57,22.29,0.64,0.71
2010-03-18,0.18,27.94,74.26,24.19,0.46,0.7
2010-03-19,0.47,27.89,76.08,22.98,0.58,0.69
2010-03-20,11.36,27.27,80.87,23.25,0.81,0.7
2010-03-21,6.28,27.2,83.41,21.1,0.83,0.71
2010-03-22,9.54,27.48,80.69,21.34,0.5,0.71
2010-03-23,2.57,27.47,80.42,23.91,0.82,0.71
2010-03-24,0.18,27.8,76.87,24.59,0.67,0.7
2010-03-25,0.33,27.82,77.98,23.96,0.82,0.69
2010-03-26,0.12,27.5,77.46,19.87,0.75,0.68
2010-03-27,0.34,27.78,76.43,23.17,0.52,0.68
2010-03-28,8.93,27.33,80.85,17.38,0.45,0.68
2010-03-29,4.08,26.7,85.74,18.84,0.66,0.69
2010-03-30,0.65,26.53,84.67,19.08,0.86,0.69
2010-03-31,1.68,26.25,84.97,16.44,0.93,0.69
2010-04-01,0.44,26.91,83.27,22.01,0.58,0.68
2010-04-02,0.22,26.91,85.23,20.35,0.5,0.68
2010-04-03,1.68,27.47,81.97,18.78,0.65,0.68
2010-04-04,1.29,26.73,86.08,19.68,0.46,0.68
2010-04-05,4.4,26.06,90.77,21.25,0.56,0.68
2010-04-06,3.04,26.68,85.72,19.12,0.81,0.69
2010-04-07,6.58,26.92,83.75,18.32,0.67,0.69
2010-04-08,0.74,26.79,83.49,19.89,0.57,0.69
2010-04-09,0.05,27.03,80.91,19.64,0.81,0.68
2010-04-10,0.77,27.04,80.92,21.2,0.74,0.67
2010-04-11,0.24,27.79,77.61,21.18,0.5,0.66
2010-04-12,0.34,27.41,80.63,19.83,0.61,0.66
2010-04-13,6.94,27.63,81.23,21.26,0.54,0.66
2010-04-14,2.23,27.11,85.53,17.05,0.91,0.67
2010-04-15,8.33,26.76,87.02,16.61,0.51,0.67
2010-04-16,3.63,26.59,89.86,16.64,0.6,0.68
2010-04-17,4.71,26.31,88.16,15.1,0.82,0.68
2010-04-18,4.66,26.65,87.92,13.9,1.15,0.69
2010-04-19,3.39,26.16,89.15,12.49,1.15,0.69
2010-04-20,4.11,26.3,92.02,9.01,0.83,0.69
2010-04-21,2.47,25.82,87.48,12.03,1.23,0.69
2010-04-22,1.32,26.28,86.54,14.01,1.06,0.68
2010-04-23,0.42,26.91,83.59,18.0,0.88,0.68
2010-04-24,0.45,26.99,83.25,16.38,0.94,0.67
2010-04-25,1.45,26.72,85.41,15.64,0.77,0.66
2010-04-26,0.57,26.8,84.68,17.91,0.93,0.66
2010-04-27,0.48,27.43,77.25,21.54,0.9,0.65
2010-04-28,0.14,27.41,77.85,20.85,0.81,0.65
2010-04-29,0.0,27.38,77.42,22.08,0.92,0.64
2010-04-30,0.0,27.47,78.36,21.8,0.84,0.63
2010-05-01,0.06,27.67,81.6,20.93,0.99,0.63
2010-05-02,2.65,27.28,84.21,17.81,1.15,0.63
2010-05-03,1.62,26.54,88.66,11.38,0.97,0.63
2010-05-04,2.86,26.79,85.24,17.15,1.25,0.63
2010-05-05,1.9,26.88,86.61,17.27,1.07,0.63
2010-05-06,2.71,26.6,86.81,15.37,0.99,0.63
2010-05-07,5.92,26.54,85.79,12.42,1.18,0.64
2010-05-08,2.34,26.93,84.27,16.34,1.06,0.64
2010-05-09,0.62,26.3,84.77,14.81,1.13,0.64
2010-05-10,6.34,26.67,84.19,15.33,0.96,0.64
2010-05-11,2.44,26.28,86.99,16.81,0.78,0.64
2010-05-12,2.86,27.06,82.24,12.61,0.68,0.64
2010-05-13,3.56,26.5,87.29,16.56,0.67,0.64
2010-05-14,5.59,26.65,87.39,11.32,0.49,0.65
2010-05-15,2.44,27.05,86.19,15.6,0.73,0.65
2010-05-16,5.16,26.32,91.01,6.17,1.2,0.65
2010-05-17,6.83,26.22,90.99,18.31,0.82,0.66
2010-05-18,0.84,27.51,81.58,18.08,0.46,0.66
2010-05-19,3.29,27.92,82.18,19.93,0.57,0.65
2010-05-20,10.44,27.69,83.43,20.02,0.52,0.66
2010-05-21,8.05,26.85,87.88,16.43,0.68,0.67
2010-05-22,4.63,26.33,87.23,12.22,0.65,0.67
2010-05-23,2.06,26.56,86.39,12.66,0.63,0.67
2010-05-24,1.22,26.9,86.4,15.62,0.58,0.66
2010-05-25,0.31,26.47,88.87,17.3,0.85,0.66
2010-05-26,5.49,26.59,84.88,14.26,0.41,0.66
2010-05-27,4.49,26.58,86.81,17.69,0.79,0.66
2010-05-28,2.15,25.77,89.24,12.69,1.05,0.66
2010-05-29,24.78,25.68,90.21,14.56,1.04,0.68
2010-05-30,5.63,26.24,88.49,15.93,1.0,0.69
2010-05-31,3.94,26.45,87.44,15.87,1.0,0.69
2010-06-01,0.25,26.71,84.04,18.61,0.94,0.68
2010-06-02,0.44,26.6,84.21,17.43,0.88,0.67
2010-06-03,0.23,26.74,85.7,18.38,0.8,0.66
2010-06-04,1.58,26.38,84.69,16.66,1.08,0.66
2010-06-05,0.08,25.89,80.53,18.63,1.17,0.65
2010-06-06,0.15,25.73,78.61,17.67,1.15,0.64
2010-06-07,0.13,26.13,80.56,15.1,0.99,0.64
2010-06-08,0.38,26.49,82.04,17.23,0.99,0.63
2010-06-09,0.45,26.3,83.33,16.24,1.11,0.63
2010-06-10,0.71,26.3,82.15,16.91,1.06,0.62
2010-06-11,0.08,26.4,80.26,19.16,1.01,0.62
2010-06-12,0.31,26.6,81.09,15.67,1.06,0.61
2010-06-13,0.58,26.01,85.08,14.51,1.0,0.61
2010-06-14,1.36,25.89,85.76,16.35,1.03,0.61
2010-06-15,0.63,26.08,84.95,17.79,0.95,0.61
2010-06-16,0.32,26.18,82.75,17.19,1.07,0.61
2010-06-17,0.15,26.33,81.32,16.89,1.19,0.61
2010-06-18,0.02,26.11,76.6,18.83,1.36,0.6
2010-06-19,0.01,25.78,78.05,16.29,1.36,0.6
2010-06-20,0.01,25.27,75.02,17.84,1.45,0.59
2010-06-21,0.0,25.25,76.6,18.7,1.29,0.59
2010-06-22,0.06,25.69,77.38,19.02,1.47,0.59
2010-06-23,0.07,26.02,78.91,15.2,1.28,0.58
2010-06-24,0.04,25.76,75.97,13.55,1.6,0.58
2010-06-25,0.12,25.9,78.46,17.16,1.4,0.58
2010-06-26,0.8,25.9,80.92,11.47,1.5,0.58
2010-06-27,0.66,25.99,81.96,17.25,1.05,0.58
2010-06-28,0.01,25.93,74.92,19.08,1.24,0.58
2010-06-29,0.0,25.93,73.47,19.06,1.05,0.57
2010-06-30,0.14,26.46,75.98,17.9,1.01,0.57
2010-07-01,0.23,26.43,79.75,16.09,1.24,0.57
2010-07-02,0.28,27.31,77.69,18.29,0.99,0.57
2010-07-03,7.2,27.05,81.96,15.13,0.84,0.57
2010-07-04,8.82,26.41,84.97,16.65,0.8,0.59
2010-07-05,49.81,26.1,85.06,12.42,0.5,0.63
2010-07-06,22.39,26.06,84.99,16.1,0.48,0.69
2010-07-07,4.17,26.46,82.0,18.61,0.63,0.69
2010-07-08,0.06,26.39,81.82,16.5,0.73,0.67
2010-07-09,0.96,25.96,83.38,15.5,0.52,0.66
2010-07-10,3.37,25.58,85.92,17.09,0.89,0.65
2010-07-11,5.16,25.73,87.09,11.82,0.96,0.65
2010-07-12,1.41,26.02,84.29,17.6,1.0,0.65
2010-07-13,0.07,25.47,80.42,19.33,1.3,0.64
2010-07-14,0.0,25.52,80.09,18.75,1.42,0.63
2010-07-15,0.01,25.7,78.78,18.94,1.36,0.62
2010-07-16,0.34,25.94,79.74,15.43,1.28,0.62
2010-07-17,0.06,25.83,81.16,14.28,1.46,0.61
2010-07-18,0.0,25.24,76.36,18.27,1.61,0.61
2010-07-19,0.01,24.79,79.29,19.88,1.5,0.6
2010-07-20,0.0,25.34,78.53,16.52,1.29,0.6
2010-07-21,0.03,25.23,75.97,17.93,1.28,0.59
2010-07-22,0.0,24.95,77.83,18.96,1.39,0.59
2010-07-23,0.01,24.45,75.21,19.3,1.57,0.59
2010-07-24,0.01,25.2,77.2,16.61,1.23,0.58
2010-07-25,3.98,25.46,85.14,12.94,1.06,0.58
2010-07-26,3.68,25.59,86.27,11.83,0.84,0.59
2010-07-27,4.86,25.97,86.27,14.98,0.77,0.59
2010-07-28,1.09,26.6,81.79,17.76,0.87,0.6
2010-07-29,0.07,26.47,79.35,20.43,1.0,0.59
2010-07-30,0.0,25.73,79.65,19.28,1.22,0.59
2010-07-31,0.0,25.53,76.52,19.18,1.38,0.58
2010-08-01,0.0,25.54,77.62,20.47,1.47,0.58
2010-08-02,0.2,26.05,78.64,18.25,1.38,0.58
2010-08-03,0.37,25.69,78.59,16.16,1.35,0.57
2010-08-04,0.11,25.48,77.52,14.77,1.32,0.57
2010-08-05,0.05,25.33,75.1,19.02,1.38,0.57
2010-08-06,0.02,25.27,73.29,19.48,1.36,0.57
2010-08-07,0.03,25.89,73.19,19.53,1.01,0.56
2010-08-08,0.12,25.92,75.15,12.64,1.13,0.56
2010-08-09,0.05,26.07,73.73,18.7,1.14,0.56
2010-08-10,0.0,26.3,68.31,21.59,1.14,0.55
2010-08-11,0.0,26.59,72.65,18.6,1.08,0.55
2010-08-12,0.1,27.08,75.31,18.5,0.94,0.55
2010-08-13,0.05,27.24,74.74,20.52,0.85,0.55
2010-08-14,0.64,26.47,75.07,18.3,1.12,0.55
2010-08-15,0.0,26.58,68.25,22.73,1.09,0.55
2010-08-16,0.0,26.29,70.45,22.09,1.02,0.54
2010-08-17,0.0,26.83,71.03,22.05,0.65,0.54
2010-08-18,0.0,26.41,74.92,20.88,1.14,0.54
2010-08-19,0.05,26.41,75.68,15.33,1.26,0.54
2010-08-20,0.02,26.81,73.95,19.29,1.26,0.54
2010-08-21,0.3,26.69,76.27,16.94,1.22,0.54
2010-08-22,3.28,25.98,79.83,16.86,1.11,0.54
2010-08-23,4.68,25.83,84.43,18.89,0.95,0.55
2010-08-24,1.19,27.3,76.89,18.0,0.79,0.55
2010-08-25,0.13,26.93,76.89,19.02,0.89,0.55
2010-08-26,0.01,26.91,72.08,22.19,0.98,0.55
2010-08-27,0.0,26.5,71.46,22.96,1.04,0.54
2010-08-28,0.0,26.87,72.96,22.36,0.86,0.54
2010-08-29,0.17,27.31,72.7,21.99,1.01,0.54
2010-08-30,0.31,27.42,71.91,20.88,0.98,0.54
2010-08-31,0.06,27.49,69.52,22.93,0.92,0.54
2010-09-01,0.02,27.62,68.8,24.16,1.04,0.53
2010-09-02,0.0,27.08,69.08,20.88,1.19,0.53
2010-09-03,0.03,26.59,73.41,19.81,1.39,0.53
2010-09-04,0.22,26.91,75.43,18.96,1.15,0.53
2010-09-05,0.32,26.71,75.07,18.46,1.28,0.53
2010-09-06,5.38,27.17,75.85,18.99,0.67,0.53
2010-09-07,7.97,25.86,87.03,17.28,0.53,0.54
2010-09-08,18.27,26.56,83.41,19.15,0.7,0.57
2010-09-09,12.64,26.11,84.23,12.12,0.52,0.6
2010-09-10,2.5,26.21,83.64,20.17,0.6,0.6
2010-09-11,4.28,26.7,79.21,20.36,0.71,0.6
2010-09-12,1.34,26.96,77.25,22.62,0.75,0.59
2010-09-13,0.3,26.99,75.21,21.69,0.83,0.59
2010-09-14,0.64,27.43,74.46,23.04,0.77,0.58
2010-09-15,0.33,27.6,73.96,22.87,0.83,0.57
2010-09-16,6.05,27.09,78.93,18.99,0.76,0.57
2010-09-17,18.43,26.64,81.78,20.02,0.65,0.59
2010-09-18,3.71,26.32,84.06,22.15,0.96,0.61
2010-09-19,0.6,27.05,77.48,18.78,1.31,0.6
2010-09-20,4.73,26.58,79.72,19.85,1.28,0.59
2010-09-21,2.47,26.95,79.74,22.13,1.1,0.59
2010-09-22,79.71,25.41,89.83,16.84,0.78,0.64
2010-09-23,40.95,25.3,88.42,17.57,1.02,0.73
2010-09-24,7.46,25.09,87.68,16.71,1.56,0.74
2010-09-25,5.64,25.36,88.28,17.55,1.07,0.72
2010-09-26,0.15,25.87,86.3,23.19,1.09,0.7
2010-09-27,0.06,27.08,80.52,23.69,0.8,0.68
2010-09-28,0.05,26.97,80.38,23.41,0.9,0.66
2010-09-29,0.01,27.06,80.13,25.27,0.96,0.65
2010-09-30,0.16,27.21,78.57,22.4,0.96,0.64
2010-10-01,10.29,26.95,82.57,17.35,1.1,0.64
2010-10-02,6.34,26.57,83.64,20.94,1.11,0.65
2010-10-03,1.39,27.01,81.7,21.72,1.01,0.65
2010-10-04,0.44,26.77,85.15,22.07,0.87,0.64
2010-10-05,0.11,26.94,83.81,20.03,0.95,0.64
2010-10-06,0.19,27.42,79.36,21.61,1.08,0.63
2010-10-07,4.81,26.18,82.43,20.97,0.98,0.63
2010-10-08,3.56,25.22,80.45,13.58,0.89,0.63
2010-10-09,2.78,25.96,74.5,16.88,0.48,0.63
2010-10-10,1.49,26.67,77.79,19.97,0.42,0.63
2010-10-11,0.9,25.72,85.72,20.85,0.64,0.63
2010-10-12,1.06,26.65,76.52,23.46,0.83,0.62
2010-10-13,0.16,26.79,78.4,24.59,0.92,0.62
2010-10-14,0.02,27.39,76.62,25.5,0.84,0.61
2010-10-15,0.34,27.31,77.02,21.75,0.59,0.61
2010-10-16,0.78,27.61,74.89,20.31,0.83,0.6
2010-10-17,0.54,27.35,76.52,23.93,0.86,0.6
2010-10-18,0.17,27.19,77.6,23.55,1.29,0.6
2010-10-19,0.17,27.36,74.32,19.87,1.37,0.59
2010-10-20,0.53,27.5,71.78,19.82,1.18,0.59
2010-10-21,5.16,27.71,75.31,22.26,0.94,0.59
2010-10-22,4.18,26.83,80.31,20.1,1.06,0.6
2010-10-23,25.42,26.34,89.24,18.12,1.05,0.62
2010-10-24,9.49,26.85,83.74,20.64,1.0,0.66
2010-10-25,4.28,27.44,79.62,21.13,0.98,0.65
2010-10-26,7.39,27.4,81.87,19.09,0.88,0.65
2010-10-27,0.79,27.38,79.92,21.77,0.71,0.65
2010-10-28,1.6,27.22,78.98,22.53,0.54,0.64
2010-10-29,1.41,27.62,76.74,22.17,0.5,0.64
2010-10-30,1.06,27.59,76.5,21.44,0.48,0.63
2010-10-31,5.56,26.11,83.29,14.14,0.81,0.63
2010-11-01,32.43,26.06,83.8,19.26,0.93,0.66
2010-11-02,20.93,26.92,81.35,21.97,0.78,0.7
2010-11-03,8.0,26.54,84.86,16.91,1.01,0.69
2010-11-04,15.16,25.49,88.76,9.69,1.12,0.7
2010-11-05,3.15,25.97,82.17,19.11,0.59,0.7
2010-11-06,21.61,26.9,79.94,20.13,0.49,0.7
2010-11-07,9.7,26.88,83.25,18.28,0.84,0.72
2010-11-08,2.99,26.88,81.2,20.88,1.04,0.71
2010-11-09,0.2,27.54,78.8,23.35,0.83,0.69
2010-11-10,0.07,28.3,74.38,25.25,0.91,0.68
2010-11-11,0.01,27.95,74.29,25.22,0.75,0.67
2010-11-12,0.0,28.82,69.58,25.3,0.48,0.66
2010-11-13,0.0,28.89,69.27,25.85,0.62,0.65
2010-11-14,2.65,27.87,75.3,23.23,0.86,0.65
2010-11-15,0.79,28.08,73.85,24.95,0.77,0.64
2010-11-16,0.07,27.79,74.17,24.99,0.98,0.64
2010-11-17,0.01,27.78,73.37,25.7,1.09,0.63
2010-11-18,0.0,27.89,73.04,25.53,1.15,0.62
2010-11-19,0.05,28.11,72.88,22.24,1.09,0.62
2010-11-20,0.49,27.12,80.83,20.29,0.79,0.61
2010-11-21,15.51,27.65,78.83,19.78,0.75,0.63
2010-11-22,16.43,26.34,86.78,20.36,0.58,0.66
2010-11-23,1.67,27.51,80.37,20.38,0.69,0.67
2010-11-24,1.75,27.33,83.82,20.63,0.79,0.67
2010-11-25,3.84,27.57,81.26,20.85,0.54,0.66
2010-11-26,14.02,26.83,82.34,19.74,0.65,0.67
2010-11-27,5.02,27.95,77.07,21.65,0.5,0.68
2010-11-28,1.7,27.2,83.14,19.72,0.56,0.68
2010-11-29,7.08,26.53,88.06,18.42,0.62,0.68
2010-11-30,17.99,27.44,79.32,19.6,0.66,0.7
2010-12-01,3.42,26.14,88.78,18.26,0.67,0.7
2010-12-02,4.2,27.66,79.99,15.21,0.55,0.69
2010-12-03,2.68,27.18,80.67,16.87,0.38,0.69
2010-12-04,47.27,26.53,85.42,19.01,0.73,0.72
2010-12-05,5.09,26.92,85.16,17.44,0.8,0.74
2010-12-06,1.28,27.2,83.7,18.1,0.95,0.72
2010-12-07,2.05,26.86,87.07,20.4,1.06,0.71
2010-12-08,2.74,26.78,86.93,20.07,1.01,0.71
2010-12-09,2.75,26.19,87.66,11.23,0.71,0.71
2010-12-10,25.12,25.65,88.05,16.83,0.81,0.72
2010-12-11,46.47,25.09,90.5,9.98,1.13,0.77
2010-12-12,23.36,25.44,88.78,12.51,1.25,0.81
2010-12-13,7.34,25.25,89.51,15.63,1.09,0.8
2010-12-14,6.39,25.5,87.89,13.62,1.17,0.79
2010-12-15,7.76,25.42,86.2,16.04,1.28,0.78
2010-12-16,15.5,24.83,89.7,11.21,1.24,0.78
2010-12-17,23.52,25.06,92.12,11.47,1.53,0.8
2010-12-18,12.94,25.61,89.04,10.85,1.2,0.82
2010-12-19,22.78,25.95,85.59,17.92,0.65,0.82
2010-12-20,4.14,25.25,87.75,8.62,0.83,0.82
2010-12-21,15.75,25.64,86.8,18.93,0.84,0.81
2010-12-22,8.99,25.67,85.14,17.39,0.74,0.82
2010-12-23,5.52,25.24,86.0,14.91,0.82,0.82
2010-12-24,1.33,25.46,81.4,21.75,0.83,0.81
2010-12-25,0.67,25.62,83.07,21.59,0.99,0.8
2010-12-26,1.82,25.85,84.71,20.89,0.98,0.79
2010-12-27,5.62,25.76,87.87,17.15,0.99,0.79
2010-12-28,10.26,24.96,92.45,11.36,1.23,0.81
2010-12-29,7.89,25.68,86.31,11.14,0.98,0.81
2010-12-30,3.5,25.24,89.52,15.36,0.87,0.81
2010-12-31,18.91,24.6,92.44,10.57,1.38,0.82
2011-01-01,9.36,24.88,92.79,13.44,1.55,0.84
2011-01-02,3.45,25.56,86.9,18.18,1.07,0.83
2011-01-03,2.31,25.79,86.6,20.26,0.54,0.82
2011-01-04,2.38,25.3,90.27,15.97,0.96,0.82
2011-01-05,5.27,25.2,89.22,19.04,0.92,0.82
2011-01-06,3.66,26.26,85.51,16.85,0.82,0.82
2011-01-07,3.5,25.42,91.56,10.6,1.07,0.82
2011-01-08,20.02,25.59,86.63,15.05,0.97,0.83
2011-01-09,6.98,25.28,89.27,15.65,1.51,0.84
2011-01-10,7.79,25.73,88.0,18.4,1.23,0.84
2011-01-11,13.75,25.4,90.31,10.18,1.57,0.85
2011-01-12,6.31,25.11,89.74,10.24,1.72,0.85
2011-01-13,0.62,25.85,86.15,18.86,1.41,0.84
2011-01-14,1.7,25.46,88.47,16.27,1.35,0.84
2011-01-15,47.08,25.25,92.17,13.35,1.44,0.85
2011-01-16,20.33,25.11,92.87,11.45,1.78,0.89
2011-01-17,6.22,25.14,90.98,14.28,1.25,0.89
2011-01-18,8.53,25.3,89.08,18.63,0.76,0.88
2011-01-19,8.44,24.8,89.13,9.4,0.78,0.88
2011-01-20,10.01,24.36,90.09,15.33,1.07,0.88
2011-01-21,2.95,25.05,88.31,18.67,1.23,0.89
2011-01-22,2.59,25.36,88.85,20.08,0.65,0.88
2011-01-23,3.09,24.87,88.75,17.17,0.8,0.88
2011-01-24,7.14,24.64,89.53,16.13,0.79,0.88
2011-01-25,15.23,24.64,91.12,5.91,1.45,0.89
2011-01-26,6.21,24.45,92.7,17.69,1.27,0.89
2011-01-27,4.91,24.9,90.03,16.4,1.16,0.89
2011-01-28,3.97,25.74,87.05,24.07,0.87,0.89
2011-01-29,4.56,25.3,90.79,21.47,0.77,0.89
2011-01-30,8.51,25.5,87.35,21.63,0.62,0.89
2011-01-31,6.12,25.56,88.35,19.37,0.95,0.89
2011-02-01,13.92,25.35,91.43,12.84,1.15,0.89
2011-02-02,13.2,25.04,91.25,17.07,0.8,0.9
2011-02-03,7.53,25.12,91.18,18.41,1.13,0.91
2011-02-04,2.73,25.73,88.48,20.64,0.84,0.9
2011-02-05,24.25,24.9,91.14,12.74,1.31,0.91
2011-02-06,37.28,25.24,93.67,7.49,1.51,0.92
2011-02-07,18.0,25.11,92.09,10.69,1.41,0.94
2011-02-08,9.1,24.98,91.62,15.61,1.29,0.93
2011-02-09,3.68,24.76,89.75,14.18,1.33,0.93
2011-02-10,0.27,25.22,86.05,15.93,0.66,0.93
2011-02-11,1.38,26.97,78.04,23.19,0.45,0.92
2011-02-12,2.24,26.17,79.97,18.4,0.62,0.91
2011-02-13,1.98,24.78,84.89,19.04,1.03,0.91
2011-02-14,1.62,25.22,85.58,16.91,1.15,0.9
2011-02-15,25.67,25.36,89.75,17.37,1.04,0.91
2011-02-16,3.84,25.12,88.15,18.6,1.08,0.92
2011-02-17,1.19,25.12,89.17,16.59,1.3,0.91
2011-02-18,4.93,25.41,87.31,21.45,1.45,0.91
2011-02-19,1.74,26.11,85.32,23.59,1.12,0.9
2011-02-20,0.89,25.64,86.46,21.78,0.77,0.9
2011-02-21,1.59,25.16,88.84,19.98,1.13,0.89
2011-02-22,2.18,24.67,90.6,9.07,1.03,0.89
2011-02-23,2.7,24.67,89.66,15.96,1.0,0.89
2011-02-24,16.06,24.72,88.21,13.43,0.84,0.89
2011-02-25,6.56,24.3,90.56,14.92,1.09,0.9
2011-02-26,7.29,24.82,87.17,14.95,0.99,0.9
2011-02-27,1.27,25.28,87.27,21.06,1.03,0.9
2011-02-28,0.96,25.68,86.56,21.85,1.07,0.89
2011-03-01,12.91,25.23,88.97,18.58,0.95,0.89
2011-03-02,5.6,25.21,87.74,15.36,0.98,0.9
2011-03-03,2.75,24.86,90.16,16.0,1.36,0.89
2011-03-04,2.45,25.21,88.99,14.86,1.24,0.89
2011-03-05,2.23,25.41,85.8,14.76,0.7,0.89
2011-03-06,3.22,25.14,86.66,17.05,0.86,0.88
2011-03-07,11.73,24.93,87.99,13.49,0.99,0.88
2011-03-08,6.77,24.69,90.44,16.91,0.99,0.89
2011-03-09,0.95,25.28,90.46,17.77,1.18,0.89
2011-03-10,5.75,25.53,89.6,20.33,0.89,0.88
2011-03-11,9.34,25.71,86.05,16.71,0.61,0.89
2011-03-12,13.42,25.88,85.89,15.99,0.82,0.89
2011-03-13,9.77,25.66,87.69,18.25,0.91,0.9
2011-03-14,2.81,25.23,86.83,17.93,0.85,0.9
2011-03-15,0.72,25.16,87.58,17.99,1.01,0.89
2011-03-16,0.78,25.25,88.51,17.1,0.95,0.88
2011-03-17,0.45,25.75,86.66,21.89,0.9,0.88
2011-03-18,11.51,26.12,84.84,22.99,0.79,0.87
2011-03-19,1.69,26.5,83.64,19.65,0.59,0.88
2011-03-20,0.97,26.1,85.88,19.98,0.46,0.87
2011-03-21,1.83,26.46,86.26,18.91,0.65,0.87
2011-03-22,2.85,25.93,87.32,19.89,0.67,0.87
2011-03-23,0.89,26.12,82.93,20.32,0.63,0.86
2011-03-24,1.28,25.9,84.78,19.84,0.58,0.86
2011-03-25,0.54,26.54,80.97,22.23,0.67,0.85
2011-03-26,2.13,26.11,86.09,20.35,0.89,0.85
2011-03-27,2.53,25.16,88.6,17.74,0.9,0.85
2011-03-28,20.0,25.24,90.51,13.23,1.08,0.86
2011-03-29,6.81,25.79,90.56,16.46,1.03,0.87
2011-03-30,5.0,25.18,89.66,15.4,0.65,0.87
2011-03-31,23.16,25.76,84.98,12.05,0.63,0.87
2011-04-01,9.15,26.07,82.27,16.63,0.59,0.89
2011-04-02,3.9,25.7,86.75,17.02,0.67,0.88
2011-04-03,6.0,25.72,86.1,11.47,0.83,0.88
2011-04-04,4.31,26.12,84.14,17.08,0.82,0.87
2011-04-05,7.45,25.97,87.9,19.02,0.81,0.88
2011-04-06,1.09,25.91,87.05,18.74,0.7,0.87
2011-04-07,12.22,25.56,87.32,11.59,0.78,0.87
2011-04-08,11.33,25.44,86.95,12.56,0.65,0.89
2011-04-09,1.8,25.46,89.14,15.99,0.61,0.88
2011-04-10,18.8,25.55,90.62,13.09,0.65,0.89
2011-04-11,20.78,25.17,88.15,12.29,0.83,0.91
2011-04-12,10.44,25.07,88.31,17.39,0.67,0.91
2011-04-13,2.2,25.41,86.02,18.68,0.74,0.91
2011-04-14,18.11,25.42,87.17,12.88,0.52,0.91
2011-04-15,25.92,25.48,87.51,15.94,0.46,0.93
2011-04-16,10.94,25.67,87.84,18.71,0.74,0.94
2011-04-17,0.07,25.91,83.68,20.74,0.9,0.93
2011-04-18,0.86,25.76,86.55,20.21,0.72,0.92
2011-04-19,0.15,26.22,84.68,19.87,0.65,0.92
2011-04-20,0.46,25.49,89.95,19.07,0.88,0.91
2011-04-21,1.19,25.32,89.95,15.28,1.02,0.91
2011-04-22,5.58,24.63,93.32,13.78,1.16,0.91
2011-04-23,1.4,25.18,93.22,11.92,1.02,0.91
2011-04-24,10.01,25.98,87.92,18.77,0.79,0.91
2011-04-25,5.38,25.71,89.54,17.43,0.82,0.91
2011-04-26,0.4,25.99,84.37,21.96,0.88,0.91
2011-04-27,0.18,26.22,84.77,20.51,0.92,0.9
2011-04-28,3.5,25.96,85.85,16.29,0.67,0.89
2011-04-29,22.41,25.74,88.01,15.67,0.6,0.91
2011-04-30,15.4,26.06,88.39,18.49,0.66,0.92
2011-05-01,36.73,25.49,91.43,14.6,0.48,0.94
2011-05-02,21.63,25.17,90.09,13.82,0.59,0.96
2011-05-03,5.16,24.78,88.81,15.98,0.58,0.96
2011-05-04,0.48,25.66,84.58,18.07,0.66,0.95
2011-05-05,0.4,26.14,85.51,19.24,0.88,0.94
2011-05-06,15.11,25.72,90.09,17.33,0.95,0.94
2011-05-07,4.19,25.67,86.55,19.0,0.64,0.95
2011-05-08,17.27,24.74,91.33,16.02,0.68,0.95
2011-05-09,7.13,25.54,89.53,18.31,0.74,0.96
2011-05-10,1.32,25.88,88.68,20.15,0.76,0.95
2011-05-11,0.15,25.9,87.19,20.5,0.76,0.95
2011-05-12,0.05,26.15,84.85,20.71,0.82,0.94
2011-05-13,2.44,25.93,86.95,18.37,0.75,0.94
2011-05-14,0.35,25.93,86.88,19.43,0.69,0.93
2011-05-15,0.13,25.68,88.38,19.64,0.62,0.93
2011-05-16,0.57,26.16,85.79,15.85,0.83,0.92
2011-05-17,40.74,25.83,87.29,17.79,0.82,0.93
2011-05-18,0.9,25.97,85.13,19.5,0.94,0.94
2011-05-19,0.06,25.69,86.32,19.75,1.4,0.93
2011-05-20,0.01,25.07,82.85,20.9,1.35,0.92
2011-05-21,0.0,24.94,85.18,20.1,1.3,0.91
2011-05-22,0.0,24.6,81.89,19.74,1.42,0.9
2011-05-23,0.0,24.08,79.35,20.05,1.4,0.89
2011-05-24,0.0,24.1,82.77,19.95,1.3,0.88
2011-05-25,0.03,24.23,80.34,20.45,1.05,0.88
2011-05-26,0.02,24.22,82.88,20.74,1.17,0.87
2011-05-27,0.0,24.47,83.49,17.91,1.16,0.86
2011-05-28,0.09,24.8,84.57,18.56,1.12,0.85
2011-05-29,0.97,25.42,86.09,16.7,1.04,0.85
2011-05-30,1.55,25.21,89.38,11.99,1.08,0.85
2011-05-31,1.57,25.04,87.42,11.83,1.25,0.84
2011-06-01,0.1,24.73,85.0,18.54,1.15,0.84
2011-06-02,0.05,25.04,83.72,19.95,1.16,0.83
2011-06-03,0.03,24.98,83.36,19.67,1.0,0.83
2011-06-04,0.0,24.19,82.75,20.12,1.14,0.82
2011-06-05,0.0,23.8,82.07,19.58,1.16,0.82
2011-06-06,0.05,23.84,81.15,19.36,1.22,0.81
2011-06-07,0.0,23.31,79.94,19.96,1.04,0.8
2011-06-08,0.04,23.32,82.02,18.86,1.04,0.8
2011-06-09,0.0,23.78,81.77,20.49,1.17,0.8
2011-06-10,0.04,23.6,82.51,20.5,1.31,0.79
2011-06-11,0.07,23.86,82.69,17.93,1.13,0.79
2011-06-12,0.0,23.67,83.74,19.14,1.34,0.78
2011-06-13,0.01,23.34,83.5,19.21,1.36,0.78
2011-06-14,0.0,22.79,80.12,20.31,1.42,0.78
2011-06-15,0.0,22.48,78.39,19.3,1.3,0.77
2011-06-16,0.01,22.04,82.47,20.14,1.3,0.77
2011-06-17,0.06,22.86,82.92,18.34,1.11,0.77
2011-06-18,0.01,23.11,82.99,19.16,1.26,0.76
2011-06-19,0.0,23.25,83.2,18.86,1.15,0.76
2011-06-20,0.0,23.42,83.5,17.72,1.29,0.75
2011-06-21,0.0,23.59,84.41,17.27,1.34,0.75
2011-06-22,0.0,22.93,80.06,19.18,1.47,0.75
2011-06-23,0.0,22.82,79.68,19.07,1.36,0.74
2011-06-24,0.03,23.16,80.63,18.49,1.1,0.74
2011-06-25,0.0,23.51,85.46,18.13,1.18,0.73
2011-06-26,0.05,24.66,86.45,11.89,1.15,0.73
2011-06-27,0.12,24.93,86.17,15.46,1.23,0.73
2011-06-28,0.05,25.17,84.66,17.67,0.94,0.73
2011-06-29,0.01,24.61,82.15,18.44,1.0,0.72
2011-06-30,0.02,23.64,80.87,20.83,1.23,0.72
2011-07-01,0.0,23.01,78.63,18.99,1.16,0.72
2011-07-02,0.0,22.86,78.21,21.35,1.09,0.71
2011-07-03,0.0,22.73,81.63,20.08,1.05,0.71
2011-07-04,0.0,23.35,82.37,20.11,0.97,0.71
2011-07-05,0.01,23.28,82.45,18.75,1.13,0.7
2011-07-06,0.04,23.32,84.1,19.27,1.03,0.7
2011-07-07,0.0,23.8,84.27,19.28,1.12,0.7
2011-07-08,0.03,24.57,85.12,11.74,1.07,0.69
2011-07-09,0.17,24.69,85.94,14.43,1.04,0.69
2011-07-10,0.06,24.99,84.48,14.12,0.84,0.69
2011-07-11,0.01,25.03,85.68,18.26,0.85,0.69
2011-07-12,0.0,25.39,83.11,18.54,0.73,0.68
2011-07-13,0.01,25.34,84.14,18.32,0.89,0.68
2011-07-14,0.04,25.31,83.73,17.11,1.03,0.68
2011-07-15,0.06,24.84,82.95,17.08,1.26,0.67
2011-07-16,0.0,24.43,82.11,18.15,1.28,0.67
2011-07-17,0.02,24.48,82.5,17.06,1.22,0.67
2011-07-18,0.0,24.44,83.32,19.11,1.28,0.66
2011-07-19,0.0,24.38,81.19,18.02,1.18,0.66
2011-07-20,0.0,23.73,80.09,20.2,1.25,0.66
2011-07-21,0.0,23.17,79.75,21.35,1.29,0.66
2011-07-22,0.0,22.91,76.53,19.69,1.47,0.65
2011-07-23,0.0,22.41,74.22,21.7,1.32,0.65
2011-07-24,0.0,23.05,77.68,20.26,1.2,0.65
2011-07-25,0.12,23.81,80.52,16.72,1.07,0.65
2011-07-26,0.02,24.19,82.25,17.07,1.21,0.64
2011-07-27,0.01,24.14,81.71,16.7,1.33,0.64
2011-07-28,0.0,23.65,79.68,20.71,1.45,0.64
2011-07-29,0.0,23.61,79.47,20.11,1.47,0.63
2011-07-30,0.05,23.43,78.65,17.5,1.5,0.63
2011-07-31,0.0,23.71,78.11,20.18,1.28,0.63
2011-08-01,0.0,24.2,79.11,20.7,1.18,0.63
2011-08-02,0.02,24.49,80.47,18.71,1.37,0.62
2011-08-03,0.04,23.38,78.64,20.71,1.55,0.62
2011-08-04,0.02,23.15,76.63,18.85,1.41,0.62
2011-08-05,0.0,23.09,77.07,20.41,1.21,0.62
2011-08-06,0.0,23.45,78.72,21.24,1.27,0.61
2011-08-07,0.0,24.48,76.94,20.93,0.95,0.61
2011-08-08,0.0,24.48,77.27,18.15,0.97,0.61
2011-08-09,0.02,24.17,77.6,20.87,1.22,0.61
2011-08-10,0.0,24.03,77.75,21.4,1.1,0.6
2011-08-11,0.0,24.57,74.65,21.83,0.81,0.6
2011-08-12,0.0,24.9,74.69,21.36,0.81,0.6
2011-08-13,0.0,24.93,75.06,21.97,0.9,0.6
2011-08-14,0.0,24.75,76.97,21.32,0.92,0.59
2011-08-15,0.03,24.78,77.37,21.69,0.98,0.59
2011-08-16,0.01,24.56,78.14,20.09,1.42,0.59
2011-08-17,0.0,23.7,73.89,23.49,1.55,0.59
2011-08-18,0.0,24.3,73.85,22.79,1.18,0.59
2011-08-19,0.0,24.38,74.84,22.03,1.07,0.58
2011-08-20,0.0,24.54,74.88,21.52,1.0,0.58
2011-08-21,0.0,24.6,76.25,22.32,1.26,0.58
2011-08-22,0.0,24.78,76.42,22.46,1.45,0.58
2011-08-23,0.0,24.31,71.34,22.3,1.44,0.58
2011-08-24,0.01,23.79,69.49,21.45,1.63,0.57
2011-08-25,0.01,23.79,69.59,22.7,1.52,0.57
2011-08-26,0.01,23.7,72.24,21.6,1.57,0.57
2011-08-27,0.01,24.52,72.62,22.04,1.23,0.57
2011-08-28,0.0,25.17,74.23,21.55,1.17,0.57
2011-08-29,0.0,26.01,72.48,22.31,0.97,0.57
2011-08-30,0.0,25.85,75.67,21.01,1.04,0.56
2011-08-31,0.0,25.97,74.98,20.84,0.85,0.56
2011-09-01,0.64,25.85,74.28,22.25,0.94,0.56
2011-09-02,0.0,25.81,71.69,23.78,1.04,0.56
2011-09-03,0.0,25.44,74.43,21.74,1.3,0.56
2011-09-04,0.02,25.62,74.74,18.54,1.24,0.56
2011-09-05,0.03,26.02,75.81,22.45,1.05,0.55
2011-09-06,0.02,25.61,71.86,24.47,1.37,0.55
2011-09-07,0.0,25.61,73.86,24.12,1.17,0.55
2011-09-08,0.0,25.77,72.07,23.35,1.26,0.55
2011-09-09,0.0,25.42,73.36,23.69,1.4,0.55
2011-09-10,0.0,25.6,74.47,21.84,1.21,0.55
2011-09-11,0.01,25.57,75.33,22.08,1.55,0.55
2011-09-12,0.14,25.67,71.83,13.1,1.32,0.54
2011-09-13,0.04,25.47,72.25,20.53,1.55,0.54
2011-09-14,0.0,25.77,71.14,19.7,0.99,0.54
2011-09-15,0.0,25.96,72.94,22.83,1.13,0.54
2011-09-16,0.0,26.08,72.06,23.44,1.04,0.54
2011-09-17,0.02,26.65,71.72,20.12,0.71,0.54
2011-09-18,0.01,26.57,72.3,22.49,1.02,0.54
2011-09-19,0.0,26.68,71.46,24.5,1.23,0.54
2011-09-20,0.0,26.23,69.83,24.62,1.24,0.53
2011-09-21,0.0,26.24,68.77,25.37,1.16,0.53
2011-09-22,0.0,26.17,67.79,25.45,1.25,0.53
2011-09-23,0.0,26.38,69.86,24.1,1.11,0.53
2011-09-24,0.0,26.71,71.21,23.79,0.85,0.53
2011-09-25,0.0,26.52,73.55,23.31,1.24,0.53
2011-09-26,0.01,26.23,69.94,24.93,1.35,0.53
2011-09-27,0.0,25.94,70.7,23.63,1.37,0.52
2011-09-28,0.0,25.82,72.14,19.36,1.31,0.52
2011-09-29,0.02,26.5,71.05,21.14,1.13,0.52
2011-09-30,0.0,27.11,69.62,22.57,0.88,0.52
2011-10-01,0.01,27.3,69.18,22.97,1.08,0.52
2011-10-02,0.01,26.86,68.55,22.38,1.17,0.52
2011-10-03,0.01,26.41,68.61,21.59,1.24,0.52
2011-10-04,0.01,26.1,69.35,20.19,1.26,0.52
2011-10-05,0.0,26.68,69.61,20.7,1.13,0.52
2011-10-06,0.37,27.09,71.86,20.48,1.06,0.52
2011-10-07,0.12,27.05,72.65,18.07,1.04,0.52
2011-10-08,0.01,27.41,70.29,22.07,1.09,0.52
2011-10-09,0.04,27.65,70.76,22.83,1.11,0.52
2011-10-10,0.02,27.65,70.22,20.63,1.17,0.52
2011-10-11,0.0,27.66,66.83,25.18,1.22,0.52
2011-10-12,0.0,27.82,65.83,25.25,1.1,0.51
2011-10-13,0.0,27.66,64.71,26.93,1.24,0.51
2011-10-14,0.0,28.0,65.13,25.61,0.92,0.51
2011-10-15,0.0,27.83,67.85,24.1,1.04,0.51
2011-10-16,0.02,28.68,67.9,24.16,0.86,0.51
2011-10-17,0.88,28.73,67.08,25.46,0.94,0.51
2011-10-18,0.29,28.35,68.54,24.09,0.97,0.51
2011-10-19,0.27,28.36,69.18,22.91,1.14,0.51
2011-10-20,0.14,28.28,70.7,24.79,1.0,0.51
2011-10-21,4.42,28.65,71.19,21.33,0.79,0.51
2011-10-22,3.25,27.5,77.85,21.32,0.59,0.52
2011-10-23,0.89,27.48,75.75,23.94,0.73,0.52
2011-10-24,0.38,27.97,74.97,23.44,0.85,0.52
2011-10-25,0.89,28.61,70.95,25.13,0.76,0.52
2011-10-26,1.2,28.38,73.61,20.45,0.84,0.52
2011-10-27,0.13,29.26,66.7,23.33,0.61,0.52
2011-10-28,0.43,28.67,71.18,24.95,0.85,0.52
2011-10-29,1.36,28.47,72.13,21.81,0.86,0.52
2011-10-30,0.26,28.18,71.37,22.79,0.85,0.52
2011-10-31,1.82,28.93,68.4,24.13,0.79,0.52
2011-11-01,1.62,28.6,68.55,21.91,0.77,0.52
2011-11-02,1.81,28.86,68.22,22.76,0.69,0.52
2011-11-03,1.94,28.66,71.88,22.58,0.61,0.52
2011-11-04,1.52,28.21,73.79,21.38,0.68,0.52
2011-11-05,0.56,28.07,74.16,21.42,0.47,0.52
2011-11-06,13.06,27.31,76.75,20.48,0.67,0.53
2011-11-07,4.59,27.06,74.36,9.46,0.49,0.55
2011-11-08,19.39,26.05,81.15,19.03,0.9,0.56
2011-11-09,7.2,25.76,83.1,13.14,0.74,0.59
2011-11-10,2.13,26.54,79.96,19.9,0.8,0.59
2011-11-11,2.46,27.46,79.2,23.45,0.63,0.58
2011-11-12,21.4,26.67,83.84,21.51,0.89,0.6
2011-11-13,26.56,27.16,79.98,19.96,0.61,0.63
2011-11-14,12.46,27.1,79.91,22.74,0.69,0.66
2011-11-15,0.57,27.76,76.1,24.22,0.73,0.64
2011-11-16,10.69,27.53,77.43,22.29,0.67,0.63
2011-11-17,11.0,26.17,86.02,22.44,0.72,0.64
2011-11-18,1.35,27.32,77.81,19.11,0.64,0.63
2011-11-19,1.14,27.69,77.97,21.49,0.3,0.62
2011-11-20,1.27,26.34,86.35,23.03,0.46,0.61
2011-11-21,0.65,28.04,73.37,21.78,0.46,0.61
2011-11-22,0.95,27.77,74.64,22.49,0.71,0.6
2011-11-23,0.9,27.8,75.82,19.74,0.8,0.59
2011-11-24,0.01,28.24,67.26,25.84,0.86,0.59
2011-11-25,0.24,28.12,68.64,26.4,0.9,0.58
2011-11-26,14.47,27.39,80.69,21.48,1.0,0.59
2011-11-27,3.57,27.67,81.99,21.56,0.83,0.6
2011-11-28,1.61,27.43,83.34,16.96,0.66,0.6
2011-11-29,23.12,27.7,81.58,21.96,0.79,0.61
2011-11-30,11.45,26.67,86.83,20.98,0.73,0.65
2011-12-01,0.25,27.4,81.81,21.11,0.82,0.64
2011-12-02,0.11,28.33,77.07,24.04,0.84,0.63
2011-12-03,4.76,28.18,78.48,24.7,0.81,0.62
2011-12-04,5.86,27.62,78.59,18.65,0.87,0.62
2011-12-05,1.54,27.15,78.05,14.67,0.5,0.62
2011-12-06,6.55,26.6,82.36,16.95,0.69,0.62
2011-12-07,1.34,27.07,78.6,20.07,0.6,0.62
2011-12-08,1.52,27.37,75.8,17.23,0.52,0.61
2011-12-09,6.12,27.06,79.19,18.51,0.65,0.61
2011-12-10,14.54,26.67,79.35,13.86,0.56,0.63
2011-12-11,1.82,26.78,78.42,19.12,0.73,0.63
2011-12-12,0.35,27.64,77.05,22.94,0.58,0.62
2011-12-13,3.14,27.31,80.78,21.53,0.67,0.62
2011-12-14,7.69,26.46,85.75,16.92,1.06,0.62
2011-12-15,3.2,26.45,82.69,13.49,0.7,0.63
2011-12-16,5.04,26.99,80.71,19.67,0.93,0.63
2011-12-17,31.04,26.36,86.69,10.19,0.74,0.65
2011-12-18,24.51,25.93,89.14,17.81,0.74,0.7
2011-12-19,12.64,26.56,84.57,16.48,0.59,0.71
2011-12-20,2.96,26.69,85.14,21.04,0.68,0.7
2011-12-21,0.29,27.62,80.1,22.28,0.59,0.68
2011-12-22,9.64,27.65,84.21,21.16,0.67,0.68
2011-12-23,13.41,26.51,88.19,18.97,0.56,0.69
2011-12-24,1.3,27.25,80.78,21.99,0.55,0.69
2011-12-25,1.42,28.12,76.6,22.33,0.47,0.68
2011-12-26,4.1,27.27,82.91,18.97,0.58,0.67
2011-12-27,2.07,27.55,82.24,19.45,0.81,0.67
2011-12-28,2.16,27.34,83.16,20.32,0.68,0.66
2011-12-29,11.37,26.14,86.92,17.35,0.81,0.67
2011-12-30,2.42,26.23,80.88,12.7,0.85,0.67
2011-12-31,4.1,26.49,81.95,17.78,0.84,0.67
2012-01-01,5.4,26.05,84.47,7.86,1.05,0.67
2012-01-02,4.69,25.88,85.32,21.48,1.16,0.67
2012-01-03,4.95,25.85,87.79,21.36,0.86,0.67
2012-01-04,6.33,25.75,82.09,13.03,0.65,0.68
2012-01-05,13.22,26.85,79.96,17.24,0.57,0.68
2012-01-06,10.91,25.37,91.77,17.85,1.24,0.7
2012-01-07,10.36,24.98,90.99,14.5,0.93,0.7
2012-01-08,5.58,25.27,92.44,11.65,1.1,0.71
2012-01-09,3.45,25.31,90.32,11.49,1.13,0.7
2012-01-10,17.13,24.98,89.57,12.98,1.18,0.71
2012-01-11,38.96,25.02,91.62,10.44,1.3,0.74
2012-01-12,34.51,24.79,93.5,10.46,1.36,0.8
2012-01-13,6.34,24.66,91.77,20.87,1.05,0.8
2012-01-14,1.33,24.9,87.32,16.89,0.91,0.78
2012-01-15,0.9,25.3,88.5,19.9,0.96,0.76
2012-01-16,1.83,25.21,87.76,15.31,1.02,0.75
2012-01-17,1.46,26.37,81.71,23.79,0.79,0.74
2012-01-18,0.11,26.61,81.68,19.71,0.46,0.73
2012-01-19,5.37,25.57,89.93,17.51,0.73,0.73
2012-01-20,4.95,25.92,85.74,17.61,0.48,0.74
2012-01-21,9.27,25.4,92.27,13.36,0.98,0.74
2012-01-22,7.17,25.29,90.3,12.8,1.37,0.75
2012-01-23,2.3,25.46,86.38,14.65,1.06,0.75
2012-01-24,14.51,25.31,88.18,14.43,1.52,0.76
2012-01-25,2.75,25.32,85.55,13.55,1.77,0.76
2012-01-26,7.73,25.34,84.9,19.86,1.45,0.76
2012-01-27,6.34,25.5,86.25,21.03,1.33,0.76
2012-01-28,11.15,25.44,84.74,12.29,1.66,0.76
2012-01-29,25.53,25.48,90.45,14.28,1.5,0.78
2012-01-30,11.39,25.17,93.04,11.52,1.48,0.8
2012-01-31,10.58,24.98,89.88,20.02,0.99,0.8
2012-02-01,10.47,24.79,91.79,14.94,0.82,0.8
2012-02-02,6.91,24.67,89.54,9.11,1.05,0.8
2012-02-03,8.97,24.41,89.49,17.75,1.18,0.8
2012-02-04,11.37,24.37,91.75,8.92,1.73,0.8
2012-02-05,4.53,24.96,89.65,16.29,0.92,0.8
2012-02-06,2.53,25.63,85.91,21.97,0.71,0.79
2012-02-07,2.0,25.47,86.76,21.76,0.89,0.79
2012-02-08,4.67,25.66,87.52,17.95,0.63,0.79
2012-02-09,4.2,25.32,84.98,19.45,0.7,0.79
2012-02-10,2.15,25.33,85.34,23.08,0.91,0.79
2012-02-11,0.95,25.79,84.48,23.47,0.73,0.78
2012-02-12,0.44,26.88,81.36,25.55,0.52,0.78
2012-02-13,0.07,27.01,81.38,26.92,0.81,0.77
2012-02-14,0.02,27.17,79.37,25.1,0.65,0.76
2012-02-15,0.49,26.55,82.63,23.73,0.73,0.76
2012-02-16,3.36,26.48,83.64,19.57,0.85,0.75
2012-02-17,2.83,26.43,78.59,20.59,0.73,0.76
2012-02-18,12.9,25.45,88.07,20.05,0.77,0.77
2012-02-19,6.24,25.98,85.07,20.26,0.71,0.78
2012-02-20,3.72,25.47,86.22,9.75,0.54,0.78
2012-02-21,1.01,25.78,84.52,21.83,0.73,0.77
2012-02-22,0.35,26.34,81.18,18.54,0.81,0.77
2012-02-23,7.4,27.32,77.97,24.38,0.55,0.76
2012-02-24,1.76,26.91,84.63,22.41,0.6,0.77
2012-02-25,0.26,26.79,85.61,23.2,0.49,0.76
2012-02-26,0.4,26.85,82.93,23.49,0.81,0.76
2012-02-27,0.41,27.06,79.58,23.14,0.68,0.75
2012-02-28,0.83,26.24,85.4,21.14,0.88,0.75
2012-02-29,0.6,26.38,84.61,17.31,0.83,0.74
2012-03-01,4.17,25.27,90.1,17.26,0.9,0.74
2012-03-02,3.41,26.1,82.59,19.18,0.58,0.75
2012-03-03,5.4,26.01,83.36,15.17,0.72,0.75
2012-03-04,2.31,25.48,89.26,16.35,1.27,0.75
2012-03-05,2.33,25.5,89.04,10.74,1.3,0.75
2012-03-06,6.94,25.45,87.61,13.6,0.88,0.75
2012-03-07,8.16,25.48,88.78,16.81,0.81,0.76
2012-03-08,20.46,25.5,89.29,12.49,0.92,0.77
2012-03-09,27.51,25.62,88.17,17.1,1.28,0.81
2012-03-10,14.07,25.52,90.96,6.31,1.1,0.82
2012-03-11,19.65,25.08,92.85,13.65,1.23,0.83
2012-03-12,15.45,24.79,89.79,17.47,1.09,0.83
2012-03-13,35.3,25.42,91.36,13.2,1.65,0.85
2012-03-14,18.0,25.41,92.45,12.04,2.02,0.87
2012-03-15,25.4,25.49,88.57,13.31,2.57,0.87
2012-03-16,49.07,25.97,88.54,11.99,2.25,0.89
2012-03-17,34.46,25.5,88.14,12.17,1.82,0.92
2012-03-18,14.16,25.41,90.67,10.99,1.33,0.91
2012-03-19,9.53,25.29,86.11,15.99,1.1,0.9
2012-03-20,19.49,24.89,87.43,12.61,1.06,0.91
2012-03-21,4.32,25.19,85.26,15.66,0.91,0.9
2012-03-22,5.62,25.44,83.53,19.93,0.76,0.89
2012-03-23,2.07,25.87,83.25,20.42,0.47,0.89
2012-03-24,18.84,26.11,85.46,20.3,0.56,0.89
2012-03-25,2.09,25.74,84.58,23.2,0.83,0.89
2012-03-26,0.0,25.51,80.97,23.9,0.73,0.88
2012-03-27,0.02,25.62,82.44,20.06,0.89,0.87
2012-03-28,4.48,26.04,86.74,16.44,0.85,0.87
2012-03-29,0.12,25.55,79.28,23.27,0.72,0.86
2012-03-30,0.69,26.12,80.57,22.57,0.62,0.85
2012-03-31,3.15,26.21,84.2,20.18,0.49,0.85
2012-04-01,2.5,26.58,82.65,22.32,0.84,0.85
2012-04-02,2.19,26.43,82.28,21.91,0.87,0.85
2012-04-03,0.7,26.21,82.09,22.74,0.84,0.84
2012-04-04,0.35,25.12,83.08,20.65,0.53,0.84
2012-04-05,0.0,26.6,74.71,22.35,0.51,0.83
2012-04-06,1.54,25.95,81.12,23.95,0.71,0.83
2012-04-07,0.14,25.88,81.79,23.98,0.97,0.82
2012-04-08,0.02,25.98,79.75,24.02,0.98,0.81
2012-04-09,0.0,26.12,80.3,24.18,1.06,0.81
2012-04-10,0.03,26.08,83.92,20.85,1.05,0.8
2012-04-11,2.04,25.92,84.7,20.57,1.0,0.8
2012-04-12,0.91,25.94,82.56,22.7,1.24,0.8
2012-04-13,0.51,26.0,83.73,21.02,1.14,0.79
2012-04-14,0.16,26.52,83.84,22.41,0.95,0.79
2012-04-15,1.18,27.13,81.22,22.08,0.66,0.78
2012-04-16,0.54,26.18,85.97,22.04,0.92,0.78
2012-04-17,1.93,26.43,85.69,21.76,0.95,0.78
2012-04-18,1.15,26.36,83.33,23.03,1.02,0.78
2012-04-19,0.2,26.74,82.36,20.39,0.87,0.77
2012-04-20,0.11,26.62,82.52,21.37,0.82,0.77
2012-04-21,0.14,26.49,80.49,21.56,0.86,0.76
2012-04-22,0.04,26.01,81.23,21.74,0.87,0.76
2012-04-23,0.01,25.91,80.44,20.82,0.9,0.75
2012-04-24,0.2,25.92,81.68,21.17,0.94,0.75
2012-04-25,3.04,26.5,83.12,18.18,0.98,0.75
2012-04-26,0.72,26.56,79.2,20.24,0.7,0.75
2012-04-27,1.21,26.32,83.9,17.86,0.63,0.74
2012-04-28,7.54,26.16,85.14,16.09,0.72,0.75
2012-04-29,2.55,27.03,80.34,20.68,0.75,0.76
2012-04-30,9.94,26.67,83.92,20.01,0.68,0.76
2012-05-01,12.61,25.27,90.86,17.96,1.22,0.78
2012-05-02,0.11,25.92,82.88,19.43,1.11,0.77
2012-05-03,0.03,26.19,80.75,19.88,1.19,0.76
2012-05-04,1.04,26.52,82.87,20.26,1.0,0.75
2012-05-05,0.97,25.87,87.54,19.66,0.75,0.75
2012-05-06,4.66,25.63,89.1,16.81,0.67,0.75
2012-05-07,0.73,25.92,83.49,20.21,1.0,0.75
2012-05-08,0.04,24.88,83.49,17.85,1.14,0.75
2012-05-09,0.0,25.28,81.45,17.26,1.01,0.74
2012-05-10,2.92,25.17,85.14,12.95,1.14,0.74
2012-05-11,1.48,25.25,85.58,12.5,1.2,0.74
2012-05-12,10.1,25.82,88.92,11.64,1.27,0.74
2012-05-13,9.85,25.28,91.45,10.89,1.52,0.76
2012-05-14,29.35,25.5,89.02,11.32,0.82,0.78
2012-05-15,4.31,25.24,88.93,12.11,1.02,0.8
2012-05-16,0.22,25.62,86.65,18.71,1.05,0.78
2012-05-17,0.45,25.93,86.59,18.58,0.95,0.77
2012-05-18,0.32,25.73,86.35,19.5,1.15,0.76
2012-05-19,0.01,25.66,83.75,18.73,1.23,0.76
2012-05-20,0.0,24.91,81.23,19.3,1.4,0.75
2012-05-21,0.0,24.47,76.94,20.21,1.39,0.74
2012-05-22,0.01,24.5,82.35,18.27,1.37,0.73
2012-05-23,0.0,24.55,80.47,20.41,1.54,0.73
2012-05-24,0.0,24.21,76.31,21.09,1.57,0.72
2012-05-25,0.37,24.38,81.89,19.59,1.39,0.72
2012-05-26,0.32,24.7,84.3,16.02,1.46,0.71
2012-05-27,0.04,24.32,83.03,17.6,1.5,0.71
2012-05-28,0.0,24.29,82.54,17.7,1.3,0.71
2012-05-29,0.11,24.2,83.57,18.14,1.32,0.71
2012-05-30,0.06,24.25,82.6,15.26,1.33,0.7
2012-05-31,0.15,24.29,82.76,17.72,1.35,0.7
2012-06-01,0.0,24.08,79.31,18.55,1.51,0.69
2012-06-02,0.0,23.91,79.42,20.83,1.28,0.69
2012-06-03,0.0,23.87,81.1,18.24,1.09,0.69
2012-06-04,0.0,24.24,80.45,18.42,0.88,0.68
2012-06-05,0.0,24.73,81.94,17.66,0.99,0.68
2012-06-06,0.06,25.13,83.55,16.73,0.89,0.68
2012-06-07,1.93,25.42,84.76,18.08,0.93,0.67
2012-06-08,0.2,25.68,84.3,15.75,1.09,0.67
2012-06-09,0.05,25.57,84.42,17.35,0.97,0.67
2012-06-10,0.64,25.53,84.42,14.68,0.86,0.67
2012-06-11,0.05,25.44,78.55,19.08,0.75,0.66
2012-06-12,0.04,24.35,82.59,19.1,1.09,0.66
2012-06-13,0.0,23.96,79.84,20.32,1.19,0.65
2012-06-14,0.05,24.12,81.11,19.14,1.06,0.65
2012-06-15,0.0,23.75,81.63,17.84,1.31,0.65
2012-06-16,0.0,24.0,80.17,19.92,1.32,0.64
2012-06-17,0.04,24.65,79.87,19.91,1.35,0.64
2012-06-18,0.03,24.41,80.87,19.07,1.27,0.64
2012-06-19,0.0,24.43,80.33,15.19,1.35,0.63
2012-06-20,0.2,24.58,83.46,13.64,1.05,0.63
2012-06-21,0.08,24.48,81.92,14.81,1.38,0.63
2012-06-22,0.03,23.85,79.59,19.07,1.36,0.63
2012-06-23,0.0,23.71,76.41,20.21,1.36,0.62
2012-06-24,0.0,24.01,74.69,20.15,1.37,0.62
2012-06-25,0.01,23.79,76.94,19.09,1.36,0.62
2012-06-26,0.0,23.77,77.86,18.47,1.35,0.61
2012-06-27,0.0,23.84,79.26,18.37,1.28,0.61
2012-06-28,0.0,24.11,78.97,15.92,1.29,0.61
2012-06-29,0.01,23.85,78.4,19.51,1.25,0.61
2012-06-30,0.0,23.53,78.45,18.49,1.23,0.6
2012-07-01,0.0,23.02,78.82,18.88,1.39,0.6
2012-07-02,0.0,23.87,78.71,18.84,1.51,0.6
2012-07-03,0.0,23.35,78.18,16.93,1.63,0.6
2012-07-04,0.01,23.21,75.94,19.47,1.5,0.6
2012-07-05,0.03,23.78,78.5,18.61,1.37,0.59
2012-07-06,0.22,23.88,78.06,15.51,1.61,0.59
2012-07-07,0.03,23.43,73.74,11.62,1.54,0.59
2012-07-08,0.0,23.52,77.98,13.27,1.5,0.59
2012-07-09,0.0,24.1,76.09,19.03,1.19,0.59
2012-07-10,0.0,24.8,78.34,17.91,0.96,0.58
2012-07-11,0.02,25.36,78.15,18.02,0.97,0.58
2012-07-12,0.04,25.1,78.97,16.95,1.08,0.58
2012-07-13,0.06,24.66,81.29,11.91,1.28,0.58
2012-07-14,0.22,24.45,81.22,13.88,1.56,0.58
2012-07-15,0.0,24.27,78.51,16.77,1.46,0.58
2012-07-16,0.0,24.54,76.48,20.17,1.23,0.57
2012-07-17,0.22,24.84,80.58,12.72,1.16,0.57
2012-07-18,0.65,24.44,82.18,12.41,1.47,0.57
2012-07-19,0.02,25.02,76.4,16.43,1.29,0.57
2012-07-20,0.01,24.39,76.5,20.68,1.34,0.57
2012-07-21,0.0,23.58,74.46,21.67,1.33,0.57
2012-07-22,0.0,23.6,75.94,20.87,1.27,0.57
2012-07-23,0.0,23.63,73.6,18.47,1.41,0.56
2012-07-24,0.0,23.76,72.69,21.37,1.26,0.56
2012-07-25,0.0,23.94,73.99,18.95,1.34,0.56
2012-07-26,0.0,24.12,70.43,20.26,1.27,0.56
2012-07-27,0.0,24.02,73.46,20.11,1.37,0.56
2012-07-28,0.01,24.3,75.45,20.44,1.27,0.56
2012-07-29,0.04,24.36,78.11,19.43,1.47,0.55
2012-07-30,0.01,24.34,71.49,20.56,1.52,0.55
2012-07-31,0.0,23.89,66.25,21.29,1.44,0.55
2012-08-01,0.0,23.66,72.47,20.34,1.21,0.55
2012-08-02,0.0,23.76,77.08,18.64,1.36,0.55
2012-08-03,0.0,24.17,75.32,20.17,1.34,0.55
2012-08-04,0.0,24.57,75.79,20.05,1.23,0.55
2012-08-05,0.0,24.71,72.69,20.49,1.3,0.55
2012-08-06,0.0,24.53,74.37,22.03,1.19,0.54
2012-08-07,0.0,24.4,73.19,22.4,1.37,0.54
2012-08-08,0.03,24.13,73.8,18.41,1.31,0.54
2012-08-09,0.0,24.34,73.12,21.85,1.26,0.54
2012-08-10,0.0,24.35,74.6,21.27,1.33,0.54
2012-08-11,0.0,24.77,74.31,20.43,1.3,0.54
2012-08-12,0.02,24.59,73.33,21.31,1.27,0.54
2012-08-13,0.04,23.6,72.36,19.98,1.46,0.54
2012-08-14,0.03,23.76,69.19,21.58,1.29,0.54
2012-08-15,0.0,23.94,71.77,20.06,1.24,0.53
2012-08-16,0.0,24.07,73.27,21.65,1.17,0.53
2012-08-17,0.0,24.74,74.75,20.59,1.16,0.53
2012-08-18,0.0,24.7,72.29,21.74,1.2,0.53
2012-08-19,0.0,24.65,69.11,23.94,1.23,0.53
2012-08-20,0.0,24.34,71.71,23.18,1.31,0.53
2012-08-21,0.0,24.87,71.23,21.81,0.91,0.53
2012-08-22,0.0,24.8,71.81,21.06,1.28,0.53
2012-08-23,0.0,24.85,68.77,22.52,1.11,0.53
2012-08-24,0.0,24.91,73.28,20.81,1.28,0.52
2012-08-25,0.0,25.19,73.77,21.53,1.37,0.52
2012-08-26,0.0,25.67,75.11,16.99,1.16,0.52
2012-08-27,0.05,25.81,76.08,19.77,1.22,0.52
2012-08-28,0.0,26.02,73.31,22.45,1.0,0.52
2012-08-29,0.0,26.03,71.87,22.3,1.13,0.52
2012-08-30,0.0,25.8,66.62,24.52,1.23,0.52
2012-08-31,0.01,25.62,67.49,23.97,0.98,0.52
2012-09-01,0.0,25.42,67.35,24.83,0.87,0.52
2012-09-02,0.0,25.3,69.37,23.68,0.92,0.51
2012-09-03,0.0,26.16,67.71,23.09,0.82,0.51
2012-09-04,0.0,26.03,69.26,22.38,0.99,0.51
2012-09-05,0.02,26.48,70.19,21.35,0.97,0.51
2012-09-06,0.0,26.76,67.08,22.11,0.87,0.51
2012-09-07,0.0,26.74,68.21,22.71,0.85,0.51
2012-09-08,0.05,26.46,68.52,23.27,0.83,0.51
2012-09-09,0.06,26.33,70.21,23.35,1.03,0.51
2012-09-10,0.0,26.46,68.66,24.98,1.15,0.51
2012-09-11,0.0,26.36,66.17,25.17,1.18,0.51
2012-09-12,0.0,26.09,63.91,24.64,1.26,0.51
2012-09-13,0.0,26.88,68.09,22.0,1.0,0.51
2012-09-14,0.0,27.26,66.11,24.68,0.9,0.51
2012-09-15,0.0,27.08,65.23,25.31,0.95,0.51
2012-09-16,0.0,27.1,67.23,24.85,1.03,0.51
2012-09-17,0.06,27.54,67.08,23.69,0.81,0.51
2012-09-18,0.48,27.69,68.06,22.46,0.79,0.51
2012-09-19,0.02,27.72,68.32,24.39,0.91,0.51
2012-09-20,0.0,27.63,67.74,23.75,0.91,0.51
2012-09-21,0.05,27.68,66.89,24.26,0.98,0.51
2012-09-22,0.0,26.87,66.37,25.44,1.21,0.51
2012-09-23,0.0,26.63,65.49,24.52,1.15,0.5
2012-09-24,0.0,27.02,63.58,25.38,1.0,0.5
2012-09-25,0.0,27.0,66.09,24.23,1.04,0.5
2012-09-26,0.02,27.44,64.89,21.09,0.87,0.5
2012-09-27,0.32,27.67,67.57,23.55,0.85,0.5
2012-09-28,0.0,27.82,66.18,20.97,0.93,0.5
2012-09-29,0.0,27.73,67.78,22.54,1.02,0.5
2012-09-30,0.41,27.97,66.11,23.57,0.82,0.5
2012-10-01,0.21,27.48,70.44,21.71,0.97,0.5
2012-10-02,0.05,27.78,70.17,22.59,0.87,0.5
2012-10-03,3.61,27.1,70.8,22.99,1.04,0.51
2012-10-04,1.1,26.76,69.63,24.71,1.18,0.51
2012-10-05,0.62,27.05,70.36,22.82,1.04,0.51
2012-10-06,4.05,27.17,73.62,20.68,0.91,0.51
2012-10-07,0.12,27.87,70.74,24.28,0.95,0.51
2012-10-08,0.01,28.02,66.94,24.44,0.93,0.51
2012-10-09,0.0,28.05,65.34,27.03,0.86,0.51
2012-10-10,0.0,27.8,65.48,26.3,0.8,0.51
2012-10-11,0.01,28.35,63.01,24.42,0.61,0.5
2012-10-12,0.02,28.6,66.22,24.66,0.75,0.5
2012-10-13,0.02,28.95,67.73,23.98,0.7,0.5
2012-10-14,0.12,28.68,69.05,24.55,1.05,0.5
2012-10-15,0.06,28.63,69.86,23.38,0.89,0.5
2012-10-16,0.04,28.65,69.19,22.45,0.9,0.5
2012-10-17,0.02,29.17,65.75,24.34,0.88,0.5
2012-10-18,0.03,28.68,67.2,21.22,0.91,0.5
2012-10-19,0.04,28.45,69.24,23.85,0.87,0.5
2012-10-20,0.04,29.34,63.27,25.51,0.77,0.5
2012-10-21,0.0,29.3,57.09,26.85,0.8,0.5
2012-10-22,0.0,29.37,55.81,26.52,0.67,0.5
2012-10-23,0.0,29.04,59.63,24.49,0.78,0.5
2012-10-24,0.89,28.72,62.87,25.05,0.81,0.5
2012-10-25,1.0,28.33,66.77,22.59,0.59,0.5
2012-10-26,0.05,29.42,60.58,24.46,0.68,0.5
2012-10-27,0.01,29.63,62.93,25.61,0.71,0.5
2012-10-28,0.01,29.62,62.17,24.86,0.65,0.5
2012-10-29,1.61,29.61,64.82,22.81,0.56,0.5
2012-10-30,0.28,29.96,63.65,25.45,0.72,0.5
2012-10-31,0.01,30.21,64.12,24.64,0.8,0.5
2012-11-01,0.07,30.1,64.39,23.71,0.82,0.5
2012-11-02,0.15,29.78,66.62,22.09,0.94,0.5
2012-11-03,0.08,30.3,63.21,24.61,0.35,0.5
2012-11-04,0.08,29.62,63.36,21.11,0.57,0.5
2012-11-05,0.77,29.53,64.41,21.24,0.89,0.5
2012-11-06,2.87,29.2,66.0,21.44,1.06,0.5
2012-11-07,1.42,28.84,67.55,22.53,0.97,0.5
2012-11-08,0.1,29.63,65.8,20.85,0.79,0.5
2012-11-09,0.04,30.34,63.45,25.58,0.9,0.5
2012-11-10,0.03,30.5,62.33,25.37,0.78,0.5
2012-11-11,0.06,29.89,62.64,24.12,0.79,0.5
2012-11-12,1.09,29.53,65.6,25.0,0.87,0.5
2012-11-13,0.96,29.63,67.39,22.25,0.83,0.5
2012-11-14,0.29,30.31,63.64,24.96,0.73,0.5
2012-11-15,7.05,29.84,67.58,24.53,0.7,0.5
2012-11-16,8.88,28.7,74.26,23.68,0.58,0.52
2012-11-17,1.62,29.15,71.09,24.34,0.42,0.52
2012-11-18,7.42,29.08,72.07,23.06,0.3,0.53
2012-11-19,8.59,27.33,80.83,19.98,0.69,0.55
2012-11-20,2.12,28.43,72.58,20.46,0.61,0.55
2012-11-21,3.51,27.9,75.56,16.99,0.61,0.54
2012-11-22,5.15,26.37,86.26,17.47,0.63,0.55
2012-11-23,4.61,27.83,76.1,20.32,0.56,0.55
2012-11-24,1.63,28.73,71.75,23.75,0.62,0.55
2012-11-25,3.61,28.7,71.46,20.63,0.94,0.55
2012-11-26,4.83,28.53,73.18,21.02,0.72,0.55
2012-11-27,4.72,28.78,72.12,23.42,0.47,0.55
2012-11-28,1.31,28.77,71.59,19.3,0.37,0.55
2012-11-29,8.06,28.38,74.95,23.98,0.56,0.55
2012-11-30,3.33,28.98,71.32,23.94,0.57,0.56
2012-12-01,5.8,27.37,81.66,19.67,0.8,0.56
2012-12-02,18.53,26.62,86.04,18.83,0.75,0.58
2012-12-03,5.75,26.8,80.54,19.19,0.77,0.59
2012-12-04,0.84,27.93,74.78,22.87,0.56,0.59
2012-12-05,0.46,27.79,77.04,19.71,0.59,0.58
2012-12-06,0.34,28.77,71.25,22.36,0.59,0.57
2012-12-07,0.71,28.2,75.78,23.98,0.77,0.56
2012-12-08,0.84,28.8,74.47,20.77,0.65,0.56
2012-12-09,3.74,27.27,79.1,18.33,0.78,0.56
2012-12-10,9.14,26.7,78.21,16.12,0.92,0.57
2012-12-11,4.62,26.01,79.99,11.5,0.68,0.57
2012-12-12,1.75,27.23,73.68,18.27,0.75,0.57
2012-12-13,10.95,26.95,80.24,22.96,1.02,0.57
2012-12-14,14.42,25.91,86.63,18.19,1.33,0.6
2012-12-15,2.98,27.29,76.23,17.41,0.72,0.6
2012-12-16,2.1,26.69,82.89,20.57,0.73,0.59
2012-12-17,12.11,27.26,80.64,18.19,0.71,0.59
2012-12-18,6.26,26.98,81.48,20.2,0.64,0.61
2012-12-19,3.85,26.77,81.77,20.33,0.54,0.6
2012-12-20,2.62,26.46,82.86,18.29,0.66,0.6
2012-12-21,20.94,26.14,88.45,19.74,0.72,0.61
2012-12-22,7.7,25.89,90.13,19.9,0.72,0.64
2012-12-23,3.06,26.25,86.88,20.37,0.83,0.63
2012-12-24,3.95,27.07,82.79,13.44,0.86,0.62
2012-12-25,7.9,26.77,85.61,20.9,0.58,0.62
2012-12-26,9.43,25.88,86.86,19.34,0.94,0.63
2012-12-27,13.63,26.05,86.86,19.13,1.03,0.64
2012-12-28,2.04,26.74,82.53,19.74,1.04,0.64
2012-12-29,0.3,27.16,83.05,21.13,0.89,0.63
2012-12-30,2.22,27.05,84.23,20.62,0.71,0.62
2012-12-31,19.43,25.89,93.43,17.81,0.55,0.64
2013-01-01,19.32,25.65,90.93,16.12,0.89,0.67
2013-01-02,15.51,25.54,92.59,9.99,1.35,0.69
2013-01-03,19.66,26.64,83.84,12.25,0.91,0.7
2013-01-04,20.19,26.87,84.71,18.15,0.71,0.71
2013-01-05,27.58,25.91,91.68,15.3,0.87,0.74
2013-01-06,5.54,26.43,87.43,16.31,0.92,0.74
2013-01-07,15.78,25.83,89.55,15.81,1.09,0.73
2013-01-08,8.51,25.92,86.76,12.72,2.24,0.74
2013-01-09,2.32,26.57,82.48,11.79,2.55,0.72
2013-01-10,10.24,26.76,82.51,15.04,2.21,0.71
2013-01-11,9.54,25.75,89.32,16.69,1.55,0.72
2013-01-12,11.94,26.29,88.36,13.56,1.32,0.72
2013-01-13,14.15,25.98,84.55,20.2,0.65,0.73
2013-01-14,16.66,25.85,87.41,17.83,1.19,0.75
2013-01-15,6.91,25.41,87.13,17.91,1.12,0.75
2013-01-16,4.39,24.79,89.61,16.41,0.83,0.74
2013-01-17,1.18,25.43,87.1,17.51,0.91,0.73
2013-01-18,8.71,25.6,88.29,17.74,0.95,0.73
2013-01-19,3.85,25.59,88.82,17.1,1.13,0.73
2013-01-20,9.99,26.07,87.22,18.64,1.43,0.73
2013-01-21,18.7,25.59,90.05,17.83,1.34,0.75
2013-01-22,5.23,25.54,91.14,18.59,1.16,0.76
2013-01-23,39.86,25.91,89.4,21.62,0.96,0.77
2013-01-24,22.89,25.51,90.94,17.98,1.06,0.81
2013-01-25,6.71,25.7,88.53,18.58,0.57,0.8
2013-01-26,6.63,25.48,85.51,21.07,0.78,0.79
2013-01-27,2.98,26.37,84.63,23.04,0.87,0.78
2013-01-28,7.72,26.46,86.09,21.49,0.6,0.78
2013-01-29,43.7,25.53,90.9,23.43,1.04,0.8
2013-01-30,6.91,26.05,87.77,21.49,0.89,0.82
2013-01-31,27.8,25.5,89.09,17.3,0.54,0.82
2013-02-01,7.84,25.56,87.75,15.15,0.78,0.84
2013-02-02,1.49,25.7,88.08,21.91,0.76,0.83
2013-02-03,3.72,25.97,85.08,14.73,0.76,0.81
2013-02-04,1.73,27.52,77.46,22.37,0.5,0.81
2013-02-05,0.3,27.06,83.9,25.8,0.76,0.8
2013-02-06,0.01,27.15,81.45,22.88,0.61,0.79
2013-02-07,0.03,27.54,78.81,24.81,0.59,0.79
2013-02-08,0.02,27.75,76.02,24.85,0.56,0.78
2013-02-09,0.83,27.25,78.2,24.49,0.7,0.77
2013-02-10,0.56,27.0,79.87,22.34,0.6,0.77
2013-02-11,0.08,27.3,77.59,23.26,0.49,0.76
2013-02-12,0.62,27.13,79.57,23.25,0.55,0.76
2013-02-13,1.05,26.76,81.46,20.64,0.65,0.76
2013-02-14,0.85,26.79,82.76,22.57,0.78,0.75
2013-02-15,13.99,26.66,83.64,21.26,0.52,0.76
2013-02-16,13.68,25.75,93.04,10.83,1.39,0.79
2013-02-17,23.66,25.67,89.18,21.08,1.0,0.81
2013-02-18,23.08,25.28,89.9,18.2,0.9,0.82
2013-02-19,11.78,26.06,87.39,16.03,1.03,0.83
2013-02-20,5.52,26.08,90.78,16.75,1.17,0.82
2013-02-21,5.27,25.26,89.35,13.69,1.21,0.82
2013-02-22,2.79,25.44,88.26,18.73,1.27,0.81
2013-02-23,11.99,25.62,91.84,14.59,1.34,0.82
2013-02-24,16.1,25.65,90.73,16.22,1.75,0.83
2013-02-25,21.34,25.82,90.1,16.83,1.32,0.84
2013-02-26,37.55,25.96,91.27,14.23,1.38,0.87
2013-02-27,56.21,25.81,92.61,13.7,1.55,0.91
2013-02-28,58.09,25.9,91.28,18.11,1.46,0.94
2013-03-01,21.48,25.96,92.88,10.62,1.2,0.93
2013-03-02,4.64,26.12,91.34,20.88,1.12,0.92
2013-03-03,4.31,25.83,89.34,15.56,1.28,0.91
2013-03-04,1.64,26.43,88.43,18.07,1.23,0.9
2013-03-05,12.91,25.41,91.69,15.27,1.09,0.9
2013-03-06,4.41,25.64,85.07,18.42,1.03,0.9
2013-03-07,1.32,25.44,88.12,20.48,1.0,0.9
2013-03-08,10.95,26.23,88.36,18.93,0.83,0.89
2013-03-09,7.73,26.58,86.02,21.16,0.68,0.9
2013-03-10,3.12,26.39,85.42,21.24,0.59,0.9
2013-03-11,0.22,25.71,86.18,22.54,0.79,0.89
2013-03-12,0.73,26.52,84.55,21.82,0.63,0.88
2013-03-13,0.59,26.22,84.82,24.17,0.6,0.88
2013-03-14,6.55,25.9,84.88,21.37,0.65,0.88
2013-03-15,12.88,25.68,86.23,18.26,1.01,0.88
2013-03-16,2.14,25.58,88.17,20.17,0.85,0.89
2013-03-17,0.3,26.12,84.91,23.29,0.75,0.88
2013-03-18,0.05,27.01,80.44,24.7,0.67,0.87
2013-03-19,21.2,26.96,81.16,26.46,0.85,0.87
2013-03-20,8.21,26.43,83.91,23.79,0.98,0.89
2013-03-21,0.02,26.56,81.31,24.93,0.8,0.87
2013-03-22,0.0,26.35,81.9,24.91,0.92,0.86
2013-03-23,0.37,26.38,82.02,25.17,1.01,0.85
2013-03-24,0.26,27.37,78.36,22.95,0.8,0.84
2013-03-25,1.31,27.82,75.24,24.71,0.65,0.84
2013-03-26,0.01,28.13,74.21,23.09,0.33,0.83
2013-03-27,0.01,27.97,77.85,23.44,0.42,0.82
2013-03-28,0.19,27.31,79.44,19.74,0.56,0.82
2013-03-29,0.16,27.67,80.63,20.6,0.48,0.81
2013-03-30,0.15,26.98,86.28,20.66,0.51,0.81
2013-03-31,0.11,26.77,87.65,20.42,0.34,0.81
2013-04-01,0.09,26.28,89.62,22.09,0.65,0.81
2013-04-02,0.05,26.88,86.62,21.15,0.64,0.81
2013-04-03,10.46,27.61,78.03,20.05,0.57,0.8
2013-04-04,9.27,27.45,82.34,19.03,0.7,0.82
2013-04-05,1.98,26.76,86.77,19.06,0.81,0.82
2013-04-06,1.09,27.2,80.89,20.97,0.73,0.81
2013-04-07,1.6,27.18,82.35,20.47,0.83,0.81
2013-04-08,20.41,26.1,84.96,9.27,0.63,0.81
2013-04-09,6.91,25.9,85.53,13.48,0.44,0.83
2013-04-10,2.06,26.14,85.41,16.5,0.47,0.83
2013-04-11,9.64,26.11,85.1,13.24,0.68,0.82
2013-04-12,2.78,26.45,85.16,16.46,0.92,0.83
2013-04-13,9.96,26.64,85.42,16.98,0.61,0.82
2013-04-14,9.95,26.72,87.84,21.0,0.75,0.83
2013-04-15,2.8,26.93,82.71,18.98,0.63,0.83
2013-04-16,0.21,26.52,81.67,19.13,0.74,0.82
2013-04-17,0.31,26.78,80.9,17.35,0.73,0.82
2013-04-18,3.95,26.61,84.05,19.63,0.86,0.81
2013-04-19,3.17,25.51,88.28,17.38,0.86,0.81
2013-04-20,0.16,26.0,83.61,18.69,0.8,0.81
2013-04-21,0.18,26.84,84.29,22.16,0.76,0.8
2013-04-22,0.8,26.78,86.75,18.73,0.73,0.8
2013-04-23,1.42,26.58,86.07,20.48,0.78,0.8
2013-04-24,0.0,26.67,81.17,21.57,0.85,0.79
2013-04-25,0.0,26.03,80.24,21.95,0.98,0.79
2013-04-26,0.02,26.28,80.26,20.15,0.85,0.78
2013-04-27,0.0,26.18,80.67,21.89,0.98,0.78
2013-04-28,0.05,26.13,81.36,21.93,0.97,0.77
2013-04-29,0.03,26.16,81.27,20.23,1.02,0.77
2013-04-30,0.05,26.02,80.52,21.28,1.31,0.76
2013-05-01,0.05,25.81,81.13,20.56,1.31,0.76
2013-05-02,0.01,25.92,78.63,21.29,1.1,0.76
2013-05-03,0.0,25.84,83.0,19.57,0.98,0.75
2013-05-04,0.0,25.85,84.98,22.3,0.98,0.75
2013-05-05,0.09,27.18,84.38,19.34,0.96,0.75
2013-05-06,0.25,26.67,87.6,20.74,1.07,0.75
2013-05-07,0.17,26.89,85.04,19.66,1.17,0.74
2013-05-08,1.94,26.41,86.52,18.08,0.93,0.74
2013-05-09,0.78,26.3,85.41,17.01,0.94,0.74
2013-05-10,0.01,26.05,81.21,20.75,1.12,0.74
2013-05-11,0.0,26.24,83.16,20.93,0.87,0.73
2013-05-12,0.52,27.03,82.63,17.99,0.81,0.73
2013-05-13,0.49,26.85,83.35,20.2,0.68,0.72
2013-05-14,0.43,26.89,84.03,18.16,0.68,0.72
2013-05-15,0.96,26.06,90.34,16.57,0.91,0.72
2013-05-16,4.84,26.73,84.48,18.49,0.64,0.73
2013-05-17,1.32,26.97,84.54,16.31,0.49,0.73
2013-05-18,7.08,26.9,84.73,17.34,0.65,0.73
2013-05-19,14.8,26.27,86.63,19.55,0.8,0.75
2013-05-20,2.92,26.6,83.82,16.31,0.43,0.76
2013-05-21,2.05,26.71,84.61,17.79,0.56,0.75
2013-05-22,1.07,27.19,82.3,17.92,0.45,0.74
2013-05-23,20.05,26.17,88.27,17.0,0.55,0.76
2013-05-24,5.21,25.35,90.41,16.79,0.68,0.78
2013-05-25,4.35,25.81,91.17,17.3,0.74,0.77
2013-05-26,5.54,25.91,88.11,10.19,0.7,0.77
2013-05-27,18.42,24.95,88.07,9.96,0.62,0.78
2013-05-28,14.98,25.08,87.62,14.42,0.72,0.79
2013-05-29,2.14,25.18,87.75,14.7,0.71,0.79
2013-05-30,3.75,25.28,84.21,16.23,0.86,0.78
2013-05-31,6.18,25.31,88.1,14.52,0.92,0.78
2013-06-01,5.28,24.98,89.76,13.38,0.94,0.78
2013-06-02,0.98,25.86,85.34,16.17,1.0,0.78
2013-06-03,0.35,26.13,87.1,18.24,0.94,0.77
2013-06-04,0.4,25.91,88.72,15.16,0.86,0.77
2013-06-05,0.56,26.08,88.39,16.53,0.88,0.76
2013-06-06,0.79,26.43,88.57,17.18,0.88,0.76
2013-06-07,4.16,25.72,89.13,13.06,0.74,0.76
2013-06-08,0.43,25.37,88.88,14.77,0.7,0.76
2013-06-09,5.02,25.23,92.28,12.82,0.8,0.76
2013-06-10,1.68,25.71,88.94,17.26,0.81,0.77
2013-06-11,0.85,26.15,86.42,16.27,0.96,0.76
2013-06-12,1.17,25.94,86.57,15.41,1.04,0.76
2013-06-13,0.41,25.82,84.55,15.91,1.1,0.76
2013-06-14,0.19,25.83,83.58,13.46,0.93,0.75
2013-06-15,0.47,25.64,84.89,14.52,1.01,0.75
2013-06-16,0.03,25.82,84.96,17.82,0.97,0.74
2013-06-17,2.05,26.22,84.67,16.05,0.92,0.74
2013-06-18,41.5,24.96,93.31,12.89,1.19,0.77
2013-06-19,15.3,25.74,90.32,11.25,1.12,0.81
2013-06-20,5.45,26.07,87.46,17.31,1.16,0.8
2013-06-21,5.32,26.33,85.18,17.25,0.89,0.79
2013-06-22,8.43,25.8,87.5,16.96,0.91,0.79
2013-06-23,1.4,25.83,86.28,19.1,1.02,0.79
2013-06-24,0.54,25.66,86.32,18.76,0.87,0.78
2013-06-25,4.0,26.41,82.87,18.64,0.52,0.77
2013-06-26,0.54,26.52,79.4,18.61,0.55,0.77
2013-06-27,0.13,26.03,80.67,17.86,0.65,0.77
2013-06-28,10.67,25.61,84.65,16.76,0.53,0.77
2013-06-29,2.56,25.43,88.81,18.8,0.84,0.78
2013-06-30,1.06,25.24,88.79,16.85,0.94,0.77
2013-07-01,2.02,24.95,87.83,13.92,1.21,0.77
2013-07-02,0.12,25.41,84.3,13.64,1.21,0.77
2013-07-03,0.0,25.28,81.93,17.86,1.37,0.76
2013-07-04,0.0,24.41,79.79,19.63,1.4,0.75
2013-07-05,0.02,24.12,78.98,17.4,1.45,0.75
2013-07-06,0.04,24.74,82.58,19.26,1.3,0.74
2013-07-07,0.04,24.69,84.48,14.98,1.33,0.74
2013-07-08,0.15,25.2,83.83,17.24,1.17,0.73
2013-07-09,0.21,25.37,87.64,17.02,1.16,0.73
2013-07-10,2.36,25.25,89.76,17.83,0.97,0.73
2013-07-11,5.43,24.91,89.88,14.62,1.14,0.74
2013-07-12,0.17,24.81,83.55,19.51,1.33,0.74
2013-07-13,0.04,25.28,85.03,19.52,1.2,0.73
2013-07-14,0.5,25.53,86.16,16.98,1.19,0.73
2013-07-15,0.13,25.06,82.98,16.47,1.59,0.72
2013-07-16,0.1,24.75,82.15,14.54,1.4,0.72
2013-07-17,0.0,23.61,81.39,17.27,1.49,0.72
2013-07-18,0.0,23.71,77.88,18.66,1.55,0.71
2013-07-19,0.02,23.78,77.45,17.03,1.37,0.71
2013-07-20,0.04,24.08,80.68,14.0,1.41,0.7
2013-07-21,0.21,23.9,83.98,8.87,1.31,0.7
2013-07-22,0.47,24.76,83.93,15.15,1.19,0.7
2013-07-23,0.33,25.16,84.63,15.91,1.23,0.7
2013-07-24,0.22,25.23,80.68,16.96,1.57,0.69
2013-07-25,0.0,24.55,80.25,17.94,1.39,0.69
2013-07-26,0.05,24.55,81.04,19.49,1.2,0.68
2013-07-27,0.01,23.8,80.26,17.96,1.44,0.68
2013-07-28,0.01,23.12,77.62,18.27,1.39,0.68
2013-07-29,0.0,23.21,77.38,18.04,1.42,0.67
2013-07-30,0.0,23.86,78.05,20.12,1.17,0.67
2013-07-31,0.06,24.09,81.26,18.05,1.32,0.66
2013-08-01,0.34,24.04,80.17,18.9,1.46,0.66
2013-08-02,0.0,23.69,77.6,21.97,1.49,0.66
2013-08-03,0.0,23.93,77.6,20.51,1.37,0.65
2013-08-04,0.0,24.48,79.02,18.54,1.24,0.65
2013-08-05,0.02,24.37,78.93,18.28,1.39,0.65
2013-08-06,0.02,23.83,78.3,19.15,1.4,0.64
2013-08-07,0.0,24.16,78.41,20.93,1.26,0.64
2013-08-08,0.01,24.86,79.98,18.27,1.28,0.64
2013-08-09,0.03,24.19,77.44,20.61,1.47,0.63
2013-08-10,0.0,23.49,74.16,22.25,1.36,0.63
2013-08-11,0.01,22.8,73.75,21.38,1.43,0.63
2013-08-12,0.0,22.87,72.91,21.7,1.27,0.62
2013-08-13,0.01,23.97,80.86,18.43,1.2,0.62
2013-08-14,0.0,24.95,79.83,16.68,1.23,0.62
2013-08-15,0.0,25.69,79.46,22.56,0.91,0.62
2013-08-16,0.0,25.08,78.93,21.93,1.24,0.61
2013-08-17,0.0,24.97,77.77,23.28,1.21,0.61
2013-08-18,0.0,24.54,77.16,22.8,1.25,0.61
2013-08-19,0.0,24.57,77.76,22.83,1.18,0.61
2013-08-20,0.01,24.63,80.04,21.54,1.37,0.6
2013-08-21,0.0,25.13,76.54,23.39,1.17,0.6
2013-08-22,0.0,25.03,78.39,23.55,1.31,0.6
2013-08-23,0.0,25.22,77.07,22.32,0.99,0.6
2013-08-24,0.02,25.52,75.24,22.56,0.83,0.59
2013-08-25,0.03,25.29,74.74,22.26,0.89,0.59
2013-08-26,0.0,25.43,74.68,22.8,1.13,0.59
2013-08-27,0.01,25.19,75.46,20.05,1.12,0.59
2013-08-28,0.01,25.66,78.6,22.54,1.17,0.58
2013-08-29,0.02,26.3,77.37,19.78,0.97,0.58
2013-08-30,0.13,25.78,78.15,21.44,1.32,0.58
2013-08-31,0.04,25.97,75.16,22.72,1.09,0.58
2013-09-01,0.0,25.83,76.82,23.41,1.32,0.58
2013-09-02,0.0,25.72,75.21,23.58,1.37,0.57
2013-09-03,0.0,25.55,74.41,24.11,1.36,0.57
2013-09-04,0.0,25.66,73.92,22.79,1.37,0.57
2013-09-05,0.01,25.85,72.6,24.06,1.19,0.57
2013-09-06,0.02,26.09,73.4,22.75,0.82,0.57
2013-09-07,0.06,25.76,71.92,22.47,1.19,0.56
2013-09-08,0.07,25.4,73.34,23.12,1.13,0.56
2013-09-09,0.0,25.55,72.92,22.78,0.98,0.56
2013-09-10,0.0,25.66,74.29,22.31,0.91,0.56
2013-09-11,0.07,26.4,74.08,19.18,0.81,0.56
2013-09-12,0.0,26.27,74.66,19.75,1.27,0.56
2013-09-13,0.02,25.85,74.69,23.08,1.41,0.55
2013-09-14,0.01,25.9,73.94,21.92,1.27,0.55
2013-09-15,0.01,25.61,74.54,22.7,1.34,0.55
2013-09-16,0.01,25.92,74.87,21.4,1.42,0.55
2013-09-17,0.0,25.84,74.7,23.05,1.5,0.55
2013-09-18,0.0,25.86,72.09,23.08,1.21,0.55
2013-09-19,0.0,25.74,71.35,25.03,1.17,0.55
2013-09-20,0.0,25.94,69.84,26.1,1.18,0.54
2013-09-21,0.0,25.86,71.1,25.01,1.36,0.54
2013-09-22,0.0,25.92,71.22,25.67,1.17,0.54
2013-09-23,0.0,26.37,71.61,25.56,1.25,0.54
2013-09-24,0.0,26.7,71.16,24.26,1.23,0.54
2013-09-25,0.0,26.76,71.12,22.96,1.2,0.54
2013-09-26,0.0,26.55,68.16,25.43,1.23,0.53
2013-09-27,0.0,26.23,67.92,25.2,1.22,0.53
2013-09-28,0.0,26.69,66.78,25.66,0.89,0.53
2013-09-29,0.0,26.8,68.14,25.93,0.92,0.53
2013-09-30,0.0,26.34,70.93,24.02,1.21,0.53
2013-10-01,0.2,26.42,71.19,22.67,1.34,0.53
2013-10-02,0.03,27.14,71.31,25.27,1.09,0.53
2013-10-03,0.0,27.39,70.45,25.77,0.8,0.53
2013-10-04,0.0,27.8,67.56,26.21,0.71,0.52
2013-10-05,0.01,27.94,66.76,25.01,0.63,0.52
2013-10-06,0.01,27.75,67.43,24.98,0.87,0.52
2013-10-07,0.0,27.77,66.72,25.88,0.85,0.52
2013-10-08,0.02,27.36,66.29,24.54,0.91,0.52
2013-10-09,0.0,27.25,68.6,25.16,1.15,0.52
2013-10-10,0.0,27.5,65.71,23.43,1.16,0.52
2013-10-11,0.0,28.06,63.18,25.43,0.92,0.52
2013-10-12,0.0,28.25,65.71,26.1,1.02,0.51
2013-10-13,0.01,27.76,63.59,26.85,1.14,0.51
2013-10-14,0.06,28.31,65.2,24.63,0.83,0.51
2013-10-15,2.84,27.4,73.53,18.91,0.89,0.52
2013-10-16,1.34,28.01,74.7,23.1,0.78,0.52
2013-10-17,0.06,27.79,75.06,22.31,0.75,0.52
2013-10-18,0.09,28.99,68.82,25.08,0.78,0.52
2013-10-19,0.05,29.38,68.3,24.08,0.73,0.52
2013-10-20,0.06,29.31,66.54,24.27,0.61,0.51
2013-10-21,0.05,29.01,66.95,25.44,0.83,0.51
2013-10-22,0.06,29.27,65.85,23.16,0.69,0.51
2013-10-23,0.02,28.86,64.43,23.02,0.95,0.51
2013-10-24,1.09,28.92,64.81,23.44,0.73,0.51
2013-10-25,1.06,28.84,67.33,22.08,0.91,0.51
2013-10-26,0.14,28.22,71.0,19.86,0.98,0.51
2013-10-27,2.54,28.1,74.11,22.27,0.77,0.52
2013-10-28,0.7,28.43,71.13,23.09,0.94,0.52
2013-10-29,0.15,29.25,65.5,25.49,0.42,0.52
2013-10-30,0.17,28.08,67.94,22.99,0.5,0.51
2013-10-31,0.01,28.08,67.73,25.3,1.06,0.51
2013-11-01,7.09,27.99,70.99,23.74,1.01,0.51
2013-11-02,4.71,28.31,71.12,23.88,0.98,0.53
2013-11-03,0.07,29.1,68.43,22.5,0.84,0.53
2013-11-04,0.62,28.94,70.93,24.13,0.74,0.53
2013-11-05,0.36,28.75,69.66,23.83,0.79,0.52
2013-11-06,2.49,28.92,70.3,23.66,0.77,0.52
2013-11-07,4.3,28.87,70.16,23.88,0.6,0.53
2013-11-08,0.03,29.4,66.63,25.78,0.82,0.53
2013-11-09,0.01,29.19,69.03,24.54,0.73,0.53
2013-11-10,0.08,29.44,68.97,25.59,0.88,0.52
2013-11-11,0.99,29.6,68.72,22.84,0.52,0.52
2013-11-12,0.92,28.88,70.25,20.81,0.54,0.52
2013-11-13,0.68,28.7,68.4,23.1,0.41,0.52
2013-11-14,9.55,27.81,74.79,20.96,0.69,0.53
2013-11-15,5.88,27.89,73.93,16.7,0.43,0.54
2013-11-16,0.74,27.16,77.36,19.54,0.71,0.54
2013-11-17,2.23,27.34,75.65,20.95,0.47,0.54
2013-11-18,3.22,26.56,81.68,17.13,0.82,0.55
2013-11-19,5.35,25.89,83.27,8.2,1.09,0.55
2013-11-20,29.78,26.3,84.06,15.82,1.54,0.57
2013-11-21,6.56,26.44,82.77,18.14,1.25,0.61
2013-11-22,2.4,26.51,81.03,18.62,0.67,0.6
2013-11-23,2.98,27.13,78.37,20.81,0.53,0.59
2013-11-24,1.94,26.89,77.41,23.79,0.6,0.59
2013-11-25,3.61,26.54,78.32,19.14,0.69,0.58
2013-11-26,0.61,26.47,80.41,18.74,0.44,0.58
2013-11-27,4.07,26.63,79.3,11.76,0.62,0.57
2013-11-28,6.71,26.54,80.43,20.42,0.43,0.58
2013-11-29,8.2,26.19,82.15,18.12,0.6,0.59
2013-11-30,2.24,26.43,78.89,17.3,0.89,0.59
2013-12-01,0.6,27.55,75.23,21.57,0.73,0.58
2013-12-02,1.29,27.78,74.72,20.8,0.98,0.57
2013-12-03,0.41,28.1,71.8,18.93,0.92,0.57
2013-12-04,17.63,27.09,80.42,20.46,0.65,0.57
2013-12-05,14.17,25.8,87.91,17.72,0.55,0.61
2013-12-06,6.72,26.41,84.73,20.0,0.62,0.62
2013-12-07,8.51,26.68,84.8,14.98,0.57,0.62
2013-12-08,6.48,26.89,83.46,20.73,0.71,0.62
2013-12-09,5.34,26.24,86.45,18.6,0.79,0.62
2013-12-10,3.05,26.95,82.11,18.69,0.62,0.62
2013-12-11,12.17,27.0,82.23,17.33,0.8,0.62
2013-12-12,34.04,27.0,82.03,16.56,0.48,0.66
2013-12-13,12.6,27.73,78.57,20.57,0.56,0.67
2013-12-14,7.49,26.62,87.27,17.93,0.64,0.67
2013-12-15,16.34,25.95,85.47,14.7,0.56,0.67
2013-12-16,5.53,26.42,81.57,15.76,0.63,0.68
2013-12-17,5.97,26.78,79.43,16.21,0.54,0.67
2013-12-18,1.95,26.67,81.4,18.25,0.43,0.66
2013-12-19,1.71,26.2,86.3,20.33,0.37,0.65
2013-12-20,3.78,26.4,85.61,16.42,0.7,0.65
2013-12-21,6.63,26.42,85.86,8.61,0.54,0.66
2013-12-22,16.16,25.89,87.89,7.16,0.92,0.67
2013-12-23,22.43,24.83,90.94,11.48,1.05,0.69
2013-12-24,27.86,25.28,91.05,12.47,1.13,0.72
2013-12-25,27.25,25.47,89.11,14.12,1.05,0.76
2013-12-26,3.68,25.83,82.47,22.21,1.22,0.75
2013-12-27,3.48,26.58,81.4,21.06,1.05,0.72
2013-12-28,0.26,26.36,80.81,22.91,1.07,0.71
2013-12-29,0.33,26.73,82.97,21.75,1.17,0.7
2013-12-30,3.73,26.62,85.68,18.36,1.17,0.69
2013-12-31,7.21,25.63,88.31,12.31,1.19,0.69
2014-01-01,24.09,25.15,90.56,11.2,1.05,0.71
2014-01-02,19.75,25.7,87.6,15.61,0.85,0.74
2014-01-03,23.72,25.75,87.13,17.19,0.64,0.76
2014-01-04,20.18,25.53,88.39,14.04,0.57,0.78
2014-01-05,8.71,25.61,86.01,17.39,0.83,0.78
2014-01-06,1.02,25.89,85.98,22.83,0.84,0.77
2014-01-07,0.78,26.19,85.02,22.64,0.65,0.75
2014-01-08,4.43,27.37,76.36,20.36,0.44,0.74
2014-01-09,1.13,27.15,80.03,24.58,0.57,0.74
2014-01-10,2.59,26.03,88.39,21.41,0.75,0.73
2014-01-11,1.55,25.55,87.81,18.55,0.64,0.73
2014-01-12,0.61,25.8,86.14,18.3,0.8,0.73
2014-01-13,1.66,26.2,85.78,18.92,0.87,0.73
2014-01-14,0.95,25.97,86.66,17.27,1.12,0.72
2014-01-15,0.66,26.64,81.93,19.72,1.17,0.72
2014-01-16,1.16,26.04,86.7,16.49,1.27,0.71
2014-01-17,1.0,26.53,82.88,19.22,1.43,0.71
2014-01-18,1.18,26.41,85.24,20.41,1.11,0.71
2014-01-19,2.56,25.87,87.64,15.95,1.69,0.71
2014-01-20,26.13,25.32,88.63,16.02,1.39,0.73
2014-01-21,38.38,25.23,91.5,3.27,1.27,0.78
2014-01-22,12.92,25.21,92.68,14.31,0.97,0.8
2014-01-23,19.52,24.83,92.82,12.56,1.05,0.8
2014-01-24,15.82,24.9,90.96,13.78,1.15,0.81
2014-01-25,8.53,24.93,92.16,16.09,1.03,0.81
2014-01-26,2.1,25.68,84.36,23.2,0.91,0.8
2014-01-27,1.96,25.67,86.54,21.33,0.92,0.79
2014-01-28,0.24,25.7,84.1,25.04,1.0,0.78
2014-01-29,0.4,25.97,83.61,24.18,1.08,0.77
2014-01-30,2.37,25.6,88.5,17.77,1.23,0.76
2014-01-31,2.82,25.58,90.18,13.8,1.48,0.77
2014-02-01,1.58,26.17,84.31,14.73,1.41,0.76
2014-02-02,9.27,25.84,87.27,14.02,1.57,0.76
2014-02-03,12.61,25.78,89.46,16.04,1.51,0.78
2014-02-04,1.51,24.93,89.15,18.95,1.18,0.78
2014-02-05,1.82,25.93,85.35,22.99,1.12,0.77
2014-02-06,4.25,26.25,84.97,22.03,1.23,0.77
2014-02-07,4.85,26.17,86.36,21.66,1.22,0.77
2014-02-08,4.38,25.99,89.8,16.13,1.23,0.77
2014-02-09,3.06,26.28,86.88,18.65,1.37,0.77
2014-02-10,1.28,25.76,87.91,18.36,1.12,0.76
2014-02-11,3.77,25.55,87.14,17.24,1.38,0.76
2014-02-12,3.82,25.49,85.42,22.15,0.92,0.76
2014-02-13,2.73,25.9,83.07,22.69,0.66,0.76
2014-02-14,4.97,24.85,85.99,8.63,1.05,0.76
2014-02-15,4.34,24.8,86.61,15.4,0.84,0.76
2014-02-16,4.68,25.05,87.06,19.24,0.88,0.77
2014-02-17,1.44,24.39,90.59,19.09,0.81,0.76
2014-02-18,5.25,24.6,89.66,13.83,1.11,0.76
2014-02-19,6.05,25.35,87.12,20.7,1.04,0.77
2014-02-20,0.8,25.64,81.97,23.16,0.97,0.77
2014-02-21,1.12,25.92,84.17,22.93,0.91,0.76
2014-02-22,2.85,25.22,85.3,16.02,0.9,0.75
2014-02-23,12.56,25.41,82.88,19.33,0.78,0.76
2014-02-24,6.44,25.69,81.17,25.3,0.55,0.77
2014-02-25,0.27,26.31,77.76,24.66,0.69,0.76
2014-02-26,0.31,25.88,82.84,23.17,0.93,0.75
2014-02-27,0.89,26.36,83.76,21.44,0.69,0.75
2014-02-28,1.35,26.39,81.99,22.71,0.67,0.74
2014-03-01,0.11,26.52,74.17,25.06,0.62,0.74
2014-03-02,0.2,27.36,74.57,25.84,0.54,0.73
2014-03-03,0.46,27.05,78.67,22.82,0.52,0.73
2014-03-04,3.24,26.61,84.19,21.88,0.52,0.73
2014-03-05,1.33,26.6,83.47,23.98,0.57,0.73
2014-03-06,0.18,27.12,75.32,25.54,0.57,0.72
2014-03-07,0.01,27.3,77.8,25.74,0.4,0.72
2014-03-08,0.05,27.23,74.38,26.35,0.66,0.71
2014-03-09,0.39,26.58,79.39,19.97,0.81,0.71
2014-03-10,0.45,26.5,83.36,22.59,0.83,0.7
2014-03-11,9.44,26.19,85.67,19.43,0.48,0.71
2014-03-12,19.46,25.8,86.29,17.58,0.7,0.74
2014-03-13,11.06,25.63,86.55,13.59,0.85,0.76
2014-03-14,1.4,26.44,82.27,20.89,0.43,0.75
2014-03-15,0.32,26.8,82.99,21.82,0.74,0.73
2014-03-16,4.69,26.45,87.31,19.74,0.81,0.73
2014-03-17,7.21,26.44,88.24,18.48,0.68,0.74
2014-03-18,8.76,26.8,83.88,21.25,0.77,0.75
2014-03-19,2.69,26.32,84.11,12.59,1.06,0.75
2014-03-20,13.83,25.14,92.14,11.4,0.97,0.76
2014-03-21,1.11,26.18,85.22,18.76,0.89,0.75
2014-03-22,1.66,26.31,81.49,22.12,0.6,0.75
2014-03-23,0.02,27.26,76.68,26.32,0.76,0.74
2014-03-24,0.0,27.22,74.39,26.34,0.77,0.73
2014-03-25,0.01,27.23,76.65,24.69,0.62,0.72
2014-03-26,0.26,27.26,79.83,24.34,0.74,0.71
2014-03-27,0.26,27.63,78.79,21.62,0.63,0.71
2014-03-28,0.27,27.24,76.48,21.79,0.85,0.7
2014-03-29,0.1,27.42,76.36,24.55,0.76,0.7
2014-03-30,0.02,27.54,76.44,22.55,0.84,0.69
2014-03-31,0.01,27.0,80.11,24.1,0.92,0.69
2014-04-01,0.02,27.32,81.07,23.74,1.01,0.68
2014-04-02,0.15,26.76,86.45,22.78,0.79,0.68
2014-04-03,0.15,26.53,86.58,21.63,0.82,0.68
2014-04-04,0.06,26.81,83.08,20.32,0.84,0.68
2014-04-05,0.13,27.15,79.85,20.52,0.7,0.67
2014-04-06,9.97,26.65,81.28,19.06,0.5,0.68
2014-04-07,7.52,25.87,86.24,20.48,0.41,0.7
2014-04-08,1.79,25.87,84.99,21.5,0.47,0.7
2014-04-09,8.61,25.71,84.59,18.73,0.71,0.7
2014-04-10,8.46,26.23,82.02,18.92,0.73,0.72
2014-04-11,16.52,26.75,80.51,20.01,0.67,0.72
2014-04-12,9.7,26.6,83.39,21.83,0.51,0.74
2014-04-13,5.26,26.52,83.77,21.34,0.54,0.73
2014-04-14,2.4,25.87,84.49,17.17,0.75,0.73
2014-04-15,5.89,26.08,80.22,18.57,0.74,0.72
2014-04-16,1.68,26.67,78.07,20.46,0.65,0.72
2014-04-17,2.58,26.11,85.17,16.68,0.68,0.71
2014-04-18,10.0,26.47,84.33,14.94,0.73,0.71
2014-04-19,3.35,26.37,84.56,18.23,0.7,0.72
2014-04-20,0.21,26.71,81.3,20.26,0.61,0.72
2014-04-21,1.55,27.75,78.05,20.38,0.56,0.71
2014-04-22,3.14,27.14,81.36,20.65,0.57,0.7
2014-04-23,1.5,26.47,85.16,20.79,0.84,0.7
2014-04-24,0.03,27.65,77.37,20.82,0.5,0.7
2014-04-25,4.27,27.07,84.14,19.31,0.67,0.69
2014-04-26,3.51,26.94,85.28,19.93,0.77,0.7
2014-04-27,0.22,27.17,81.73,20.28,0.68,0.69
2014-04-28,0.02,26.49,79.25,21.11,1.21,0.68
2014-04-29,0.04,26.66,78.15,20.43,0.76,0.68
2014-04-30,2.15,27.35,79.82,19.5,0.57,0.67
2014-05-01,0.35,27.75,79.04,19.66,0.86,0.67
2014-05-02,0.17,27.22,81.15,20.35,0.91,0.66
2014-05-03,0.08,26.6,83.75,22.17,0.88,0.66
2014-05-04,0.0,27.08,76.88,22.38,0.95,0.66
2014-05-05,0.0,27.08,79.23,21.48,1.07,0.65
2014-05-06,0.01,26.98,81.48,21.52,0.96,0.65
2014-05-07,0.04,27.14,80.81,19.48,0.99,0.64
2014-05-08,0.0,27.31,78.55,21.53,0.86,0.64
2014-05-09,0.0,27.02,77.95,20.63,0.95,0.63
2014-05-10,0.0,26.56,78.31,20.67,1.01,0.63
2014-05-11,0.05,27.19,79.99,19.75,0.95,0.62
2014-05-12,0.35,26.86,82.31,16.25,1.05,0.62
2014-05-13,0.2,26.77,80.46,18.12,0.95,0.62
2014-05-14,0.17,26.91,78.9,20.43,1.11,0.61
2014-05-15,0.06,26.77,80.4,20.38,0.95,0.61
2014-05-16,0.04,26.4,80.57,21.34,1.17,0.61
2014-05-17,0.0,26.29,78.51,20.97,1.11,0.6
2014-05-18,0.02,26.7,79.91,18.98,1.06,0.6
2014-05-19,0.18,27.12,78.52,19.59,0.93,0.6
2014-05-20,0.12,26.93,78.85,20.09,0.8,0.6
2014-05-21,0.1,26.58,79.84,20.16,1.26,0.59
2014-05-22,0.03,26.82,74.34,20.42,1.32,0.59
2014-05-23,0.22,26.74,77.98,18.62,1.2,0.59
2014-05-24,0.53,26.43,81.58,18.92,0.91,0.59
2014-05-25,20.89,26.54,84.43,16.98,0.83,0.6
2014-05-26,0.51,26.6,83.53,20.16,1.03,0.62
2014-05-27,0.08,26.62,80.44,19.66,1.32,0.62
2014-05-28,0.35,26.96,82.07,17.45,1.23,0.61
2014-05-29,0.11,26.04,79.52,17.66,1.43,0.61
2014-05-30,0.0,25.67,75.32,19.78,1.25,0.6
2014-05-31,0.0,26.18,78.94,19.18,1.02,0.6
2014-06-01,0.02,26.51,79.42,18.17,0.98,0.59
2014-06-02,0.06,26.65,80.59,15.52,1.13,0.59
2014-06-03,0.11,26.86,79.74,17.3,1.12,0.58
2014-06-04,0.0,26.86,78.16,18.43,1.37,0.58
2014-06-05,0.01,26.78,76.24,18.44,1.5,0.58
2014-06-06,0.09,26.53,77.48,18.64,1.45,0.57
2014-06-07,0.0,26.77,76.41,18.77,1.37,0.57
2014-06-08,0.0,26.74,77.57,18.54,1.24,0.57
2014-06-09,0.01,27.17,77.76,18.59,1.01,0.56
2014-06-10,0.05,27.28,76.48,18.24,1.02,0.56
2014-06-11,0.08,26.96,75.96,17.23,1.02,0.56
2014-06-12,0.0,26.2,74.19,16.42,1.2,0.56
2014-06-13,0.05,25.42,71.42,16.77,1.46,0.55
2014-06-14,0.0,25.63,71.02,16.91,1.47,0.55
2014-06-15,0.0,25.73,73.23,16.71,1.37,0.55
2014-06-16,0.03,26.08,76.25,15.19,1.36,0.55
2014-06-17,0.02,26.56,73.57,18.02,1.09,0.55
2014-06-18,0.05,26.5,75.04,17.94,1.19,0.55
2014-06-19,0.08,26.24,74.27,19.18,1.32,0.54
2014-06-20,0.0,26.08,76.68,17.92,1.23,0.54
2014-06-21,0.14,26.3,79.37,16.28,0.82,0.54
2014-06-22,4.25,25.83,82.61,7.99,0.84,0.55
2014-06-23,0.47,25.55,82.82,15.22,0.95,0.55
2014-06-24,0.28,26.04,78.16,12.89,1.18,0.55
2014-06-25,0.32,26.25,77.21,13.54,1.12,0.55
2014-06-26,0.0,26.13,71.78,18.87,1.24,0.55
2014-06-27,0.0,25.14,70.97,19.18,1.37,0.54
2014-06-28,0.01,25.04,70.81,17.33,1.35,0.54
2014-06-29,0.0,25.13,69.43,18.2,1.25,0.54
2014-06-30,0.01,25.41,75.21,18.73,1.15,0.54
2014-07-01,0.12,25.97,74.6,13.01,1.26,0.54
2014-07-02,0.05,25.93,72.63,16.42,1.29,0.54
2014-07-03,0.03,25.31,74.27,15.56,1.48,0.54
2014-07-04,0.0,25.79,75.19,16.03,1.36,0.53
2014-07-05,0.02,25.76,75.2,15.38,1.34,0.53
2014-07-06,0.07,25.52,76.96,13.73,1.1,0.53
2014-07-07,0.16,26.06,70.8,17.71,1.03,0.53
2014-07-08,0.43,25.18,75.96,14.36,1.37,0.53
2014-07-09,0.02,25.35,73.61,15.79,1.24,0.53
2014-07-10,0.0,26.32,70.09,18.82,0.86,0.53
2014-07-11,0.15,26.49,71.92,12.06,0.88,0.53
2014-07-12,4.08,26.77,77.35,18.02,0.71,0.53
2014-07-13,13.28,24.87,87.07,8.55,0.93,0.55
2014-07-14,4.99,24.24,81.34,10.73,1.66,0.57
2014-07-15,0.0,23.82,73.75,16.4,1.43,0.56
2014-07-16,0.0,24.33,75.62,15.54,1.09,0.56
2014-07-17,0.15,25.83,78.72,15.02,0.8,0.55
2014-07-18,0.08,26.86,72.89,19.63,0.75,0.55
2014-07-19,0.03,26.52,74.9,18.07,0.87,0.54
2014-07-20,0.01,25.72,77.74,19.32,0.91,0.54
2014-07-21,0.08,26.47,73.99,20.46,0.83,0.54
2014-07-22,0.01,26.46,72.5,18.86,0.85,0.54
2014-07-23,0.03,25.4,72.78,19.27,1.44,0.53
2014-07-24,0.07,25.25,73.39,18.88,1.19,0.53
2014-07-25,0.03,24.92,71.64,17.0,1.38,0.53
2014-07-26,0.0,25.11,71.81,19.7,1.33,0.53
2014-07-27,0.05,25.15,73.41,18.81,1.23,0.53
2014-07-28,0.0,25.37,71.08,18.36,1.2,0.53
2014-07-29,0.01,25.67,72.97,19.59,1.05,0.52
2014-07-30,0.01,26.26,71.39,19.87,1.0,0.52
2014-07-31,0.0,26.23,71.57,20.04,1.1,0.52
2014-08-01,0.01,26.17,71.86,21.1,1.22,0.52
2014-08-02,0.0,26.57,72.51,20.71,1.11,0.52
2014-08-03,0.03,26.85,72.13,19.61,0.96,0.52
2014-08-04,0.07,26.83,71.74,19.11,1.02,0.52
2014-08-05,0.01,26.94,68.57,20.18,1.2,0.52
2014-08-06,0.01,26.58,68.87,18.68,0.95,0.51
2014-08-07,0.0,25.88,71.71,18.74,1.21,0.51
2014-08-08,0.01,25.91,73.26,19.52,1.37,0.51
2014-08-09,0.03,26.09,72.61,20.89,1.3,0.51
2014-08-10,0.03,26.17,68.07,21.74,1.29,0.51
2014-08-11,0.0,25.33,66.57,22.51,1.48,0.51
2014-08-12,0.0,25.12,68.96,21.01,1.47,0.51
2014-08-13,0.01,25.44,68.58,20.67,1.34,0.51
2014-08-14,0.01,25.25,70.7,20.77,1.68,0.51
2014-08-15,0.01,24.93,69.13,20.27,1.7,0.51
2014-08-16,0.01,24.63,66.3,20.41,1.55,0.51
2014-08-17,0.0,24.34,69.77,19.14,1.37,0.51
2014-08-18,0.02,25.25,72.13,17.94,1.1,0.51
2014-08-19,0.15,26.39,70.16,17.55,0.91,0.51
2014-08-20,0.07,26.42,70.47,19.25,0.93,0.51
2014-08-21,0.0,26.37,70.64,19.25,1.11,0.51
2014-08-22,0.02,26.39,67.85,17.82,1.18,0.5
2014-08-23,0.05,26.32,67.33,21.31,1.27,0.5
2014-08-24,0.0,25.47,63.52,23.82,1.54,0.5
2014-08-25,0.0,25.24,63.51,23.77,1.2,0.5
2014-08-26,0.0,25.81,64.8,22.21,1.08,0.5
2014-08-27,0.0,26.31,65.3,22.81,1.02,0.5
2014-08-28,0.05,26.13,65.92,20.79,0.8,0.5
2014-08-29,0.1,25.86,67.69,20.37,1.17,0.5
2014-08-30,0.05,25.63,67.9,22.69,1.23,0.5
2014-08-31,0.0,25.68,64.18,23.88,1.08,0.5
2014-09-01,0.0,26.07,63.22,21.27,0.93,0.5
2014-09-02,0.04,25.79,63.26,23.72,1.05,0.5
2014-09-03,0.0,25.73,64.78,21.07,0.88,0.5
2014-09-04,0.0,26.33,63.63,23.58,0.99,0.5
2014-09-05,0.0,27.02,61.13,23.39,0.83,0.5
2014-09-06,0.0,26.67,64.55,23.71,1.01,0.5
2014-09-07,0.0,26.67,66.79,23.47,0.89,0.5
2014-09-08,0.25,25.75,65.95,24.85,1.27,0.5
2014-09-09,0.0,25.92,67.57,24.55,1.2,0.5
2014-09-10,0.0,26.13,65.61,25.49,1.4,0.5
2014-09-11,0.0,26.33,66.08,25.3,1.35,0.5
2014-09-12,0.2,26.54,65.78,25.41,1.07,0.5
2014-09-13,0.0,26.93,63.86,25.46,1.07,0.5
2014-09-14,0.0,26.73,61.84,25.17,0.96,0.5
2014-09-15,0.02,26.73,64.16,25.26,0.98,0.5
2014-09-16,0.0,26.89,66.14,22.69,0.89,0.5
2014-09-17,0.04,27.65,63.14,24.66,0.77,0.5
2014-09-18,0.0,28.42,61.19,25.08,0.72,0.5
2014-09-19,0.01,28.5,62.97,23.38,0.78,0.5
2014-09-20,0.0,27.6,57.65,25.54,1.06,0.5
2014-09-21,0.0,27.11,63.32,24.47,1.01,0.49
2014-09-22,0.0,27.07,62.48,26.05,1.18,0.49
2014-09-23,0.0,26.85,67.54,25.33,1.35,0.49
2014-09-24,0.0,26.77,63.11,26.4,1.37,0.49
2014-09-25,0.0,26.83,62.12,26.39,1.05,0.49
2014-09-26,0.01,27.59,60.87,24.7,0.72,0.49
2014-09-27,0.0,28.14,63.12,22.87,0.76,0.49
2014-09-28,0.0,27.97,65.38,22.67,0.89,0.49
2014-09-29,0.0,28.21,63.45,25.6,0.92,0.49
2014-09-30,0.05,27.36,63.44,25.02,1.03,0.49
2014-10-01,0.0,26.87,63.53,25.7,1.04,0.49
2014-10-02,0.01,27.32,65.01,24.94,0.81,0.49
2014-10-03,0.02,27.77,62.44,26.26,1.11,0.49
2014-10-04,0.0,27.87,62.86,25.3,0.98,0.49
2014-10-05,0.0,28.0,63.4,25.32,0.84,0.49
2014-10-06,0.28,27.14,67.28,24.78,1.43,0.49
2014-10-07,0.0,27.45,65.31,25.2,1.14,0.49
2014-10-08,0.0,27.87,63.17,25.5,0.84,0.49
2014-10-09,0.02,28.51,60.18,26.49,0.83,0.49
2014-10-10,0.0,28.85,57.85,26.03,0.72,0.49
2014-10-11,0.0,29.14,59.04,26.15,0.76,0.49
2014-10-12,0.0,29.05,59.85,23.93,0.67,0.49
2014-10-13,0.02,29.07,58.93,24.18,0.8,0.49
2014-10-14,0.0,29.58,57.4,24.81,0.57,0.49
2014-10-15,0.02,29.44,61.3,25.44,0.71,0.49
2014-10-16,0.03,29.72,58.42,22.57,0.67,0.49
2014-10-17,0.01,29.46,59.07,25.29,0.81,0.49
2014-10-18,0.03,29.59,57.82,23.64,0.87,0.49
2014-10-19,0.04,29.64,58.98,23.6,0.88,0.49
2014-10-20,0.06,29.4,62.66,24.8,0.89,0.49
2014-10-21,0.02,29.22,63.7,24.66,0.77,0.49
2014-10-22,0.0,28.8,61.19,26.11,0.98,0.49
2014-10-23,0.01,28.64,62.45,25.67,0.88,0.49
2014-10-24,0.0,29.1,60.13,24.2,0.63,0.49
2014-10-25,0.02,29.01,60.41,26.01,0.93,0.49
2014-10-26,0.01,28.79,61.76,25.87,0.89,0.49
2014-10-27,0.0,28.89,60.12,26.29,0.8,0.49
2014-10-28,0.0,28.85,60.48,26.51,0.79,0.49
2014-10-29,0.0,28.87,60.5,25.97,0.72,0.49
2014-10-30,0.0,28.86,61.07,26.73,0.83,0.49
2014-10-31,0.0,28.55,61.11,27.94,0.89,0.49
2014-11-01,0.0,28.99,60.8,26.82,0.86,0.49
2014-11-02,0.01,29.01,60.06,27.02,0.89,0.49
2014-11-03,0.1,29.46,61.05,26.48,0.74,0.49
2014-11-04,0.0,29.49,58.65,25.51,0.78,0.49
2014-11-05,0.0,29.9,60.86,24.65,0.74,0.49
2014-11-06,0.0,29.81,59.72,25.08,0.57,0.49
2014-11-07,1.58,29.95,60.87,21.67,0.48,0.49
2014-11-08,0.61,29.13,66.35,20.68,0.86,0.49
2014-11-09,2.44,28.86,67.6,22.99,0.8,0.49
2014-11-10,1.62,28.61,71.33,22.98,0.71,0.5
2014-11-11,0.03,29.11,66.44,23.96,0.73,0.5
2014-11-12,0.03,29.54,63.68,22.71,0.61,0.5
2014-11-13,0.41,28.95,63.81,23.91,0.41,0.49
2014-11-14,0.19,29.35,64.03,22.18,0.58,0.49
2014-11-15,0.2,29.12,63.17,22.16,0.51,0.49
2014-11-16,0.12,29.33,64.03,23.04,0.36,0.49
2014-11-17,1.98,29.4,65.94,22.7,0.6,0.49
2014-11-18,2.91,29.59,67.34,22.98,0.68,0.5
2014-11-19,1.05,29.29,65.51,23.08,0.75,0.5
2014-11-20,0.03,30.41,60.97,26.35,0.65,0.5
2014-11-21,0.04,30.68,60.66,25.96,0.74,0.5
2014-11-22,0.05,30.6,59.72,23.7,0.54,0.49
2014-11-23,0.37,29.85,64.1,24.53,0.55,0.49
2014-11-24,0.54,29.08,68.42,21.88,0.73,0.49
2014-11-25,8.98,29.41,68.75,24.27,0.75,0.5
2014-11-26,38.48,28.17,78.97,20.25,0.57,0.54
2014-11-27,29.49,27.21,84.87,20.02,0.5,0.62
2014-11-28,19.34,26.75,87.61,20.84,0.66,0.64
2014-11-29,4.97,27.52,82.61,22.18,0.58,0.64
2014-11-30,2.49,27.87,77.52,21.18,0.55,0.62
2014-12-01,8.08,26.49,89.01,15.13,0.44,0.62
2014-12-02,10.39,25.81,91.2,19.45,0.89,0.62
2014-12-03,8.78,25.82,85.72,13.04,0.89,0.63
2014-12-04,6.01,25.92,86.72,21.79,0.99,0.62
2014-12-05,14.41,26.36,88.03,18.4,0.95,0.63
2014-12-06,12.51,25.71,90.82,18.35,1.18,0.64
2014-12-07,5.29,26.46,83.59,20.65,0.89,0.64
2014-12-08,20.08,26.23,87.04,19.73,0.82,0.65
2014-12-09,9.14,26.14,87.18,19.48,0.78,0.67
2014-12-10,1.66,26.32,76.22,10.66,0.7,0.65
2014-12-11,0.1,26.19,78.83,18.43,0.9,0.64
2014-12-12,0.77,26.49,81.22,20.34,1.07,0.62
2014-12-13,0.58,27.02,81.42,23.09,0.98,0.62
2014-12-14,0.19,27.09,82.35,20.68,0.94,0.61
2014-12-15,0.94,27.58,80.72,24.0,0.7,0.6
2014-12-16,1.58,26.65,87.43,20.26,0.66,0.6
2014-12-17,48.32,26.13,88.55,13.9,0.86,0.63
2014-12-18,18.98,26.6,84.47,20.02,0.64,0.69
2014-12-19,8.47,26.61,84.7,19.19,0.64,0.69
2014-12-20,1.62,26.71,82.75,20.51,0.53,0.68
2014-12-21,7.4,27.1,82.44,23.92,0.61,0.67
2014-12-22,3.81,27.86,77.59,22.35,0.47,0.67
2014-12-23,4.29,28.44,75.06,23.39,0.45,0.66
2014-12-24,3.68,28.0,77.71,21.66,0.45,0.65
2014-12-25,1.74,26.98,86.63,20.38,0.45,0.65
2014-12-26,5.54,27.33,84.17,21.43,0.69,0.65
2014-12-27,3.28,27.56,80.67,20.74,0.71,0.65
2014-12-28,4.99,26.2,87.46,16.49,0.63,0.65
2014-12-29,13.44,26.58,84.89,18.94,0.86,0.67
2014-12-30,7.74,26.67,81.65,20.39,0.6,0.67
2014-12-31,3.43,26.35,84.9,15.04,0.97,0.67
2015-01-01,7.95,25.97,86.62,15.9,1.0,0.67
2015-01-02,9.94,25.96,85.9,15.25,1.14,0.67
2015-01-03,14.37,25.43,87.35,14.57,1.16,0.68
2015-01-04,4.11,26.11,84.49,20.37,1.05,0.69
2015-01-05,2.13,25.96,83.12,22.87,0.92,0.68
2015-01-06,1.11,26.4,79.2,21.99,1.12,0.67
2015-01-07,0.44,26.6,79.46,21.92,1.12,0.66
2015-01-08,1.51,26.44,83.3,18.63,1.22,0.65
2015-01-09,2.04,25.84,89.67,20.11,1.31,0.65
2015-01-10,2.0,25.98,89.91,11.52,1.31,0.65
2015-01-11,2.55,25.59,90.0,17.49,1.2,0.65
2015-01-12,2.06,25.37,88.81,16.78,1.05,0.65
2015-01-13,4.01,26.88,77.99,23.85,0.49,0.65
2015-01-14,13.68,26.32,84.98,22.02,0.68,0.66
2015-01-15,6.16,26.0,83.98,19.73,0.56,0.67
2015-01-16,0.36,26.37,77.9,22.14,0.66,0.67
2015-01-17,0.4,26.85,78.31,23.8,0.46,0.66
2015-01-18,3.47,25.5,89.28,21.81,0.81,0.65
2015-01-19,17.35,25.29,89.38,19.94,0.76,0.67
2015-01-20,1.49,25.3,85.96,18.42,0.86,0.68
2015-01-21,0.55,25.85,85.27,22.76,0.64,0.67
2015-01-22,5.99,25.86,87.65,18.87,0.86,0.67
2015-01-23,6.54,25.84,88.25,17.92,1.25,0.68
2015-01-24,2.64,26.53,83.41,22.02,0.79,0.68
2015-01-25,6.69,26.59,87.33,15.95,0.92,0.68
2015-01-26,3.59,26.22,89.03,19.22,1.07,0.68
2015-01-27,2.72,26.0,87.36,14.5,0.9,0.68
2015-01-28,5.1,25.77,86.68,14.78,0.72,0.68
2015-01-29,8.16,26.75,82.21,23.73,0.68,0.68
2015-01-30,9.46,25.69,89.49,18.46,0.99,0.69
2015-01-31,29.79,25.45,90.48,16.76,0.9,0.71
2015-02-01,6.04,26.07,83.09,19.3,0.68,0.72
2015-02-02,7.59,26.4,82.36,25.56,0.53,0.72
2015-02-03,1.81,26.55,78.89,23.44,0.56,0.71
2015-02-04,1.02,26.18,81.68,25.63,0.51,0.7
2015-02-05,0.42,26.47,80.38,25.38,0.7,0.69
2015-02-06,2.17,26.29,79.33,22.57,0.54,0.68
2015-02-07,4.37,26.25,80.82,22.54,0.49,0.68
2015-02-08,11.69,26.94,78.42,23.36,0.7,0.68
2015-02-09,17.93,27.1,78.32,25.79,0.78,0.71
2015-02-10,5.06,26.36,83.94,18.43,0.54,0.71
2015-02-11,5.13,25.85,88.58,22.25,0.61,0.71
2015-02-12,11.2,25.35,86.67,15.59,1.14,0.72
2015-02-13,4.39,26.15,82.63,17.12,0.85,0.71
2015-02-14,18.23,25.13,90.04,11.37,0.89,0.73
2015-02-15,0.9,25.93,80.46,26.09,0.73,0.73
2015-02-16,2.26,26.47,82.26,23.03,0.68,0.72
2015-02-17,5.25,26.13,85.01,19.68,0.67,0.71
2015-02-18,4.88,26.22,85.28,20.07,0.68,0.72
2015-02-19,0.49,26.19,85.18,22.18,1.07,0.71
2015-02-20,7.79,25.47,89.44,18.81,1.1,0.71
2015-02-21,4.99,25.04,84.51,13.45,1.08,0.72
2015-02-22,2.02,25.63,85.72,19.59,1.11,0.71
2015-02-23,2.03,25.41,89.33,18.52,1.11,0.71
2015-02-24,40.06,24.93,89.62,13.18,1.03,0.73
2015-02-25,0.69,25.59,82.73,22.37,0.85,0.76
2015-02-26,0.85,25.4,88.37,16.26,1.06,0.74
2015-02-27,1.08,26.21,81.92,15.37,0.86,0.73
2015-02-28,1.22,26.46,82.08,22.02,0.66,0.72
2015-03-01,2.99,26.09,83.81,22.87,0.72,0.72
2015-03-02,6.69,25.97,81.88,24.76,0.9,0.72
2015-03-03,3.09,26.26,79.72,21.59,0.87,0.72
2015-03-04,4.14,26.01,85.26,21.64,0.97,0.71
2015-03-05,7.13,25.8,89.48,18.96,1.09,0.71
2015-03-06,29.14,24.56,90.82,14.22,1.04,0.74
2015-03-07,29.82,24.48,89.75,9.93,0.84,0.79
2015-03-08,6.93,25.07,85.32,16.14,1.22,0.79
2015-03-09,6.07,25.49,86.02,21.35,1.26,0.78
2015-03-10,22.11,25.18,88.81,12.69,1.3,0.78
2015-03-11,15.37,25.17,89.16,11.77,1.38,0.8
2015-03-12,1.99,25.37,88.43,19.3,1.07,0.79
2015-03-13,0.93,25.69,87.97,20.52,0.78,0.78
2015-03-14,0.61,26.06,87.24,18.08,0.86,0.77
2015-03-15,0.59,25.88,87.79,18.95,0.87,0.76
2015-03-16,11.59,25.59,87.71,21.09,0.95,0.76
2015-03-17,7.23,26.02,84.3,21.68,0.57,0.78
2015-03-18,1.81,26.54,82.67,23.66,0.52,0.77
2015-03-19,11.21,26.82,81.22,23.05,0.81,0.77
2015-03-20,10.85,26.53,84.76,23.04,0.96,0.79
2015-03-21,2.0,27.18,80.57,24.1,0.74,0.78
2015-03-22,10.89,26.79,82.22,22.78,0.87,0.78
2015-03-23,0.13,26.69,81.05,24.79,0.74,0.77
2015-03-24,1.08,27.33,76.3,23.82,0.64,0.76
2015-03-25,0.54,27.16,79.55,22.79,0.61,0.76
2015-03-26,3.72,26.93,79.95,23.36,0.66,0.75
2015-03-27,2.66,27.63,77.57,21.84,0.41,0.76
2015-03-28,0.34,27.46,78.96,24.02,0.48,0.75
2015-03-29,0.08,27.9,76.75,23.31,0.65,0.74
2015-03-30,1.01,27.4,79.31,22.19,0.6,0.74
2015-03-31,0.84,27.1,82.08,23.64,0.79,0.74
2015-04-01,0.23,27.36,80.74,24.54,0.8,0.73
2015-04-02,10.92,27.22,83.07,20.97,0.7,0.73
2015-04-03,8.71,26.79,83.85,22.76,0.61,0.75
2015-04-04,0.69,27.04,81.46,22.68,0.55,0.75
2015-04-05,1.22,26.69,84.09,19.87,0.79,0.74
2015-04-06,4.88,26.05,86.97,12.35,0.92,0.74
2015-04-07,3.21,25.22,87.51,11.82,0.93,0.75
2015-04-08,0.0,27.08,76.12,23.82,0.71,0.74
2015-04-09,0.28,27.48,77.21,23.49,0.57,0.73
2015-04-10,1.03,26.99,81.77,21.38,0.84,0.73
2015-04-11,5.47,26.81,83.62,19.54,0.84,0.72
2015-04-12,5.84,26.37,86.4,20.78,0.68,0.73
2015-04-13,5.51,25.43,85.57,11.64,0.68,0.74
2015-04-14,1.43,26.73,77.88,19.83,0.63,0.74
2015-04-15,0.48,26.83,81.69,22.03,0.82,0.73
2015-04-16,0.75,27.14,80.59,22.65,0.72,0.72
2015-04-17,1.58,26.83,80.87,13.82,0.57,0.72
2015-04-18,1.85,27.44,76.64,18.86,0.4,0.72
2015-04-19,1.83,26.6,82.67,14.77,0.49,0.72
2015-04-20,26.16,26.3,86.24,14.48,0.68,0.73
2015-04-21,15.64,25.67,88.88,15.56,0.95,0.78
2015-04-22,12.45,25.88,87.15,15.82,0.78,0.77
2015-04-23,5.82,25.74,88.68,16.75,0.87,0.78
2015-04-24,9.1,25.54,90.55,14.03,1.04,0.77
2015-04-25,18.07,24.65,90.09,12.5,0.85,0.78
2015-04-26,23.28,24.88,90.78,11.38,0.95,0.8
2015-04-27,24.35,25.1,92.23,12.86,1.08,0.83
2015-04-28,11.22,25.27,89.47,14.46,0.99,0.83
2015-04-29,6.78,26.04,86.72,18.11,0.87,0.82
2015-04-30,4.98,26.11,87.39,18.63,0.91,0.82
2015-05-01,1.1,26.61,82.79,18.78,0.8,0.81
2015-05-02,3.85,26.17,84.75,15.14,0.35,0.8
2015-05-03,3.54,25.4,88.65,14.59,0.71,0.81
2015-05-04,32.55,25.57,88.69,17.7,0.82,0.81
2015-05-05,1.95,24.76,80.98,19.52,1.25,0.83
2015-05-06,0.01,24.68,78.93,21.46,1.18,0.82
2015-05-07,0.01,25.17,79.68,22.9,1.05,0.8
2015-05-08,0.16,25.4,83.09,21.55,1.19,0.79
2015-05-09,0.11,25.56,80.48,20.11,1.33,0.79
2015-05-10,0.21,25.65,81.28,19.84,1.22,0.78
2015-05-11,0.42,26.08,84.78,20.24,1.11,0.78
2015-05-12,0.21,26.41,84.77,20.76,1.26,0.77
2015-05-13,0.17,26.15,83.51,21.08,1.24,0.77
2015-05-14,0.18,25.7,83.1,19.93,1.16,0.76
2015-05-15,0.07,24.85,81.38,20.26,1.37,0.76
2015-05-16,0.01,24.47,80.62,21.25,1.3,0.75
2015-05-17,0.09,23.78,79.47,22.1,1.15,0.74
2015-05-18,0.01,23.89,81.09,21.45,1.15,0.74
2015-05-19,0.02,24.05,80.86,22.17,0.99,0.74
2015-05-20,0.04,24.45,82.45,21.47,0.96,0.73
2015-05-21,0.01,24.92,82.81,21.95,0.94,0.73
2015-05-22,0.04,25.7,83.87,20.99,0.98,0.72
2015-05-23,0.07,25.78,82.1,20.02,0.95,0.72
2015-05-24,0.3,25.95,80.29,19.68,0.73,0.72
2015-05-25,0.31,26.0,83.32,18.78,0.86,0.71
2015-05-26,0.11,26.02,82.79,20.27,0.87,0.71
2015-05-27,0.02,25.48,82.41,20.34,0.92,0.71
2015-05-28,0.16,25.31,85.54,19.21,1.15,0.7
2015-05-29,2.13,25.91,86.49,18.32,1.13,0.7
2015-05-30,1.85,25.54,86.81,15.8,1.11,0.7
2015-05-31,0.12,25.71,82.43,19.35,1.12,0.7
2015-06-01,0.48,25.92,84.33,17.98,1.06,0.69
2015-06-02,0.68,26.02,85.16,16.83,0.95,0.69
2015-06-03,1.02,25.86,87.06,17.87,1.22,0.69
2015-06-04,0.26,25.29,84.84,20.57,1.34,0.69
2015-06-05,0.42,25.2,85.25,18.59,1.39,0.69
2015-06-06,0.23,25.66,83.93,16.39,1.22,0.68
2015-06-07,0.62,25.7,85.55,13.09,1.29,0.68
2015-06-08,0.6,25.52,84.41,16.23,1.35,0.67
2015-06-09,0.07,24.73,83.59,18.74,1.16,0.67
2015-06-10,0.1,24.93,82.23,17.47,1.2,0.67
2015-06-11,0.23,24.64,83.03,19.4,1.16,0.66
2015-06-12,0.13,24.76,82.46,18.73,1.18,0.66
2015-06-13,0.27,24.53,84.09,19.19,1.21,0.66
2015-06-14,0.11,24.06,79.88,20.43,1.34,0.65
2015-06-15,0.16,24.39,80.81,19.71,0.95,0.65
2015-06-16,0.29,24.9,83.63,19.23,1.11,0.65
2015-06-17,0.29,25.09,82.93,19.15,1.14,0.64
2015-06-18,0.11,24.88,82.68,19.55,1.18,0.64
2015-06-19,0.21,24.64,83.77,17.43,1.23,0.64
2015-06-20,0.14,24.23,83.53,15.63,1.24,0.63
2015-06-21,0.27,24.12,81.93,19.04,1.17,0.63
2015-06-22,0.71,23.91,79.95,20.16,1.39,0.63
2015-06-23,0.41,23.63,79.2,20.45,1.37,0.62
2015-06-24,0.1,23.81,78.54,18.02,1.32,0.62
2015-06-25,0.03,24.62,77.89,17.05,1.06,0.62
2015-06-26,0.02,24.81,78.4,19.54,1.22,0.61
2015-06-27,0.04,24.43,78.54,19.82,1.36,0.61
2015-06-28,0.04,24.12,78.06,20.38,1.23,0.61
2015-06-29,0.47,24.03,81.31,18.75,1.27,0.6
2015-06-30,0.37,23.64,80.17,18.56,1.25,0.6
2015-07-01,0.05,23.82,75.35,19.25,1.07,0.6
2015-07-02,0.07,23.85,77.52,19.86,1.25,0.6
2015-07-03,0.06,23.71,75.64,20.37,1.26,0.59
2015-07-04,0.05,24.1,78.54,19.89,0.93,0.59
2015-07-05,0.1,24.38,80.86,19.64,1.06,0.59
2015-07-06,0.22,24.09,77.86,20.4,1.21,0.59
2015-07-07,0.27,23.75,76.27,20.67,1.21,0.59
2015-07-08,0.03,23.3,75.23,19.15,1.0,0.58
2015-07-09,0.01,23.72,74.77,14.83,0.89,0.58
2015-07-10,0.01,24.31,77.21,17.62,0.87,0.58
2015-07-11,0.27,25.21,79.9,16.37,1.0,0.58
2015-07-12,0.2,25.6,78.69,20.68,1.1,0.57
2015-07-13,0.08,25.85,78.45,18.99,1.09,0.57
2015-07-14,0.15,25.19,76.07,16.1,1.19,0.57
2015-07-15,0.09,24.83,75.61,17.24,1.04,0.57
2015-07-16,0.09,24.79,75.82,20.81,1.04,0.57
2015-07-17,0.06,24.84,76.52,19.98,1.15,0.56
2015-07-18,0.02,24.85,75.84,20.16,1.25,0.56
2015-07-19,0.05,24.65,76.07,16.97,1.18,0.56
2015-07-20,0.45,24.88,76.68,17.32,0.93,0.56
2015-07-21,0.66,24.97,76.94,19.78,0.78,0.56
2015-07-22,0.04,25.27,76.27,20.5,0.96,0.56
2015-07-23,0.01,25.43,77.08,19.47,1.02,0.55
2015-07-24,0.02,25.37,74.77,20.34,0.86,0.55
2015-07-25,0.02,24.94,74.81,21.67,0.98,0.55
2015-07-26,0.08,24.97,77.69,19.75,1.24,0.55
2015-07-27,0.03,25.34,75.02,21.65,1.17,0.55
2015-07-28,0.06,25.45,77.78,19.58,1.12,0.55
2015-07-29,0.13,25.39,75.93,19.24,1.23,0.54
2015-07-30,0.03,25.34,73.4,21.44,1.18,0.54
2015-07-31,0.08,25.24,74.45,21.75,1.11,0.54
2015-08-01,0.07,24.27,73.12,22.42,1.48,0.54
2015-08-02,0.1,24.44,68.68,22.1,1.15,0.54
2015-08-03,0.51,24.79,70.99,22.1,1.27,0.54
2015-08-04,0.02,24.63,70.69,21.85,1.21,0.54
2015-08-05,0.2,24.89,71.9,20.87,1.04,0.54
2015-08-06,0.15,24.77,72.95,20.44,1.03,0.54
2015-08-07,0.34,24.59,75.09,18.13,1.04,0.53
2015-08-08,0.1,25.11,71.68,20.64,0.84,0.53
2015-08-09,0.16,25.41,73.86,20.01,0.97,0.53
2015-08-10,0.07,25.97,74.68,19.15,0.91,0.53
2015-08-11,0.08,25.47,75.44,20.77,1.16,0.53
2015-08-12,0.04,25.45,73.81,17.35,1.2,0.53
2015-08-13,0.04,26.11,73.89,21.29,0.95,0.53
2015-08-14,0.22,26.01,74.54,22.16,0.84,0.53
2015-08-15,0.1,25.61,71.19,23.72,0.95,0.53
2015-08-16,0.01,25.41,70.22,23.25,0.98,0.53
2015-08-17,0.03,24.9,70.17,22.8,1.02,0.53
2015-08-18,0.01,24.71,68.52,24.04,1.23,0.52
2015-08-19,0.0,24.38,73.01,23.56,1.09,0.52
2015-08-20,0.01,24.64,69.85,23.48,0.85,0.52
2015-08-21,0.07,24.85,70.6,22.82,0.88,0.52
2015-08-22,0.06,24.83,70.95,22.84,0.86,0.52
2015-08-23,0.03,25.22,70.95,23.33,0.92,0.52
2015-08-24,0.09,25.9,72.76,22.39,0.93,0.52
2015-08-25,0.04,26.18,73.61,22.91,0.94,0.52
2015-08-26,0.04,26.31,71.68,21.79,0.88,0.52
2015-08-27,0.06,26.26,71.28,21.76,0.97,0.52
2015-08-28,0.26,26.23,74.52,21.41,1.02,0.52
2015-08-29,0.12,26.48,72.65,23.08,1.04,0.52
2015-08-30,0.01,25.98,69.5,24.24,1.12,0.51
2015-08-31,0.03,26.12,69.31,23.17,1.03,0.51
2015-09-01,0.03,25.96,71.07,23.22,1.18,0.51
2015-09-02,0.03,25.93,71.46,22.69,1.16,0.51
2015-09-03,0.05,25.56,72.21,23.79,1.22,0.51
2015-09-04,0.09,25.77,70.49,23.9,1.15,0.51
2015-09-05,0.06,26.28,69.52,23.85,1.0,0.51
2015-09-06,0.0,26.25,68.93,23.73,1.0,0.51
2015-09-07,0.02,26.14,69.02,24.19,1.05,0.51
2015-09-08,0.0,25.89,66.93,26.13,1.1,0.51
2015-09-09,0.01,25.63,69.6,25.03,0.96,0.51
2015-09-10,0.02,26.14,69.13,23.53,1.06,0.51
2015-09-11,0.21,26.16,70.52,24.31,1.14,0.51
2015-09-12,0.01,25.99,65.92,24.6,1.05,0.51
2015-09-13,0.01,25.1,64.15,25.21,1.21,0.5
2015-09-14,0.15,25.47,63.45,25.52,1.13,0.5
2015-09-15,0.13,25.96,67.94,24.55,0.95,0.5
2015-09-16,0.03,26.57,67.59,25.05,0.9,0.5
2015-09-17,0.04,27.31,67.84,25.36,0.83,0.5
2015-09-18,0.04,27.02,69.68,24.22,0.71,0.5
2015-09-19,0.06,27.41,67.96,24.75,0.86,0.5
2015-09-20,0.03,27.24,65.24,23.09,0.87,0.5
2015-09-21,0.03,27.74,62.24,26.11,0.88,0.5
2015-09-22,0.01,27.37,63.1,26.39,0.97,0.5
2015-09-23,0.01,27.16,63.95,26.59,1.13,0.5
2015-09-24,0.0,26.51,65.08,25.79,1.07,0.5
2015-09-25,0.04,26.84,65.62,24.57,0.92,0.5
2015-09-26,0.02,26.65,65.48,24.93,1.17,0.5
2015-09-27,0.04,27.12,66.87,24.43,0.93,0.5
2015-09-28,0.14,27.5,65.49,23.25,0.77,0.5
2015-09-29,0.01,27.67,63.72,23.53,0.81,0.5
2015-09-30,0.0,27.42,66.09,23.88,1.01,0.5
2015-10-01,0.01,27.68,65.21,25.22,0.96,0.5
2015-10-02,0.03,27.8,64.06,25.16,0.97,0.5
2015-10-03,0.07,27.63,62.11,24.35,0.93,0.5
2015-10-04,0.02,27.76,62.66,25.92,0.84,0.5
2015-10-05,0.01,27.6,63.22,26.37,0.75,0.5
2015-10-06,0.05,27.51,64.53,24.16,0.86,0.5
2015-10-07,0.01,27.6,64.01,26.25,0.84,0.5
2015-10-08,0.01,27.43,64.58,25.39,0.86,0.5
2015-10-09,0.02,27.76,64.82,24.67,0.77,0.5
2015-10-10,0.02,28.21,63.46,26.18,0.83,0.5
2015-10-11,0.0,28.63,63.39,25.31,0.69,0.5
2015-10-12,0.01,28.52,62.54,26.83,0.66,0.5
2015-10-13,0.02,28.17,62.32,26.03,0.82,0.5
2015-10-14,0.02,27.65,62.55,25.86,0.81,0.5
2015-10-15,0.02,27.73,62.8,27.41,1.02,0.5
2015-10-16,0.01,28.17,62.49,27.4,0.73,0.5
2015-10-17,0.0,28.28,61.49,27.55,0.86,0.49
2015-10-18,0.01,28.35,62.71,26.61,0.8,0.49
2015-10-19,0.03,28.7,59.95,25.86,0.69,0.49
2015-10-20,0.02,28.37,59.13,25.7,0.83,0.49
2015-10-21,0.03,27.94,63.19,26.51,0.92,0.49
2015-10-22,0.02,28.29,59.64,26.06,0.78,0.49
2015-10-23,0.01,28.43,60.31,27.31,0.87,0.49
2015-10-24,0.04,28.64,61.09,26.87,0.91,0.49
2015-10-25,0.03,28.82,61.03,25.75,0.72,0.49
2015-10-26,0.01,29.32,61.36,26.13,0.77,0.49
2015-10-27,0.03,29.26,59.32,26.5,0.89,0.49
2015-10-28,0.02,29.2,61.16,25.68,0.89,0.49
2015-10-29,0.06,29.45,62.01,24.75,0.71,0.49
2015-10-30,0.08,29.3,62.67,26.39,0.83,0.49
2015-10-31,0.04,29.35,61.71,27.73,0.84,0.49
2015-11-01,0.02,29.15,62.23,26.87,0.69,0.49
2015-11-02,0.01,29.43,61.02,26.91,0.64,0.49
2015-11-03,0.01,29.38,61.74,26.8,0.57,0.49
2015-11-04,0.07,29.65,61.02,26.56,0.72,0.49
2015-11-05,0.03,29.89,60.84,26.21,0.61,0.49
2015-11-06,0.03,29.83,61.6,25.72,0.65,0.49
2015-11-07,0.09,29.82,61.4,24.28,0.75,0.49
2015-11-08,0.15,29.86,62.92,23.73,0.6,0.49
2015-11-09,0.42,29.94,62.86,24.43,0.52,0.49
2015-11-10,2.05,29.53,66.87,23.65,0.83,0.49
2015-11-11,4.18,28.1,75.41,22.41,0.81,0.5
2015-11-12,0.46,29.04,71.74,24.26,0.78,0.5
2015-11-13,0.23,28.56,71.41,23.94,0.77,0.5
2015-11-14,0.05,28.31,69.79,25.58,0.7,0.5
2015-11-15,0.18,29.52,64.5,25.71,0.65,0.5
2015-11-16,0.61,29.75,64.16,24.26,0.62,0.5
2015-11-17,6.93,29.08,70.0,23.29,0.45,0.5
2015-11-18,13.82,27.63,77.98,23.86,0.63,0.53
2015-11-19,4.75,28.36,74.0,23.6,0.83,0.54
2015-11-20,0.06,28.59,70.36,27.24,1.0,0.54
2015-11-21,0.03,29.39,67.36,26.53,0.73,0.53
2015-11-22,0.01,30.23,64.14,26.44,0.7,0.52
2015-11-23,0.02,30.6,60.84,26.09,0.59,0.52
2015-11-24,0.02,30.34,63.23,25.75,0.64,0.52
2015-11-25,0.14,30.67,60.6,25.09,0.34,0.51
2015-11-26,4.82,30.19,64.42,23.79,0.48,0.51
2015-11-27,2.08,29.67,69.6,23.35,0.65,0.52
2015-11-28,2.91,29.47,72.44,22.11,0.7,0.52
2015-11-29,1.78,29.66,71.51,24.5,0.61,0.52
2015-11-30,0.37,29.91,68.56,25.29,0.47,0.52
2015-12-01,0.27,30.26,66.94,25.65,0.51,0.52
2015-12-02,10.48,28.9,75.67,21.94,0.62,0.52
2015-12-03,5.63,28.35,75.84,20.65,0.64,0.54
2015-12-04,2.04,28.21,75.38,20.08,0.64,0.54
2015-12-05,2.07,28.6,73.66,21.54,0.52,0.54
2015-12-06,4.93,27.53,82.5,22.36,0.64,0.54
2015-12-07,3.04,28.39,73.72,23.68,0.62,0.54
2015-12-08,3.73,30.02,67.99,21.78,0.47,0.54
2015-12-09,5.05,28.0,81.14,19.91,0.66,0.54
2015-12-10,3.48,27.88,82.05,23.41,0.67,0.55
2015-12-11,10.02,27.1,87.89,22.0,0.47,0.56
2015-12-12,8.53,28.37,77.1,20.16,0.36,0.57
2015-12-13,5.24,28.34,76.4,22.25,0.35,0.57
2015-12-14,26.12,27.2,83.19,21.67,0.5,0.59
2015-12-15,4.3,26.31,88.5,19.64,0.68,0.61
2015-12-16,4.78,27.43,79.75,21.6,0.77,0.6
2015-12-17,2.17,26.92,85.13,18.29,1.17,0.6
2015-12-18,16.16,27.05,80.13,11.01,0.99,0.6
2015-12-19,4.35,26.74,75.66,8.61,1.27,0.61
2015-12-20,8.6,26.57,82.88,16.89,1.09,0.61
2015-12-21,4.72,26.26,85.26,18.04,1.17,0.6
2015-12-22,0.95,27.08,81.08,22.52,0.98,0.6
2015-12-23,1.92,27.24,82.22,21.84,0.93,0.59
2015-12-24,7.38,26.81,83.53,18.87,1.26,0.59
2015-12-25,29.93,26.03,86.98,13.53,1.56,0.62
2015-12-26,6.47,26.54,84.1,22.88,1.08,0.65
2015-12-27,2.6,26.57,84.72,20.95,0.94,0.63
2015-12-28,0.76,27.32,79.57,22.22,0.83,0.62
2015-12-29,6.23,27.4,79.29,25.28,0.74,0.61
2015-12-30,4.74,27.26,79.84,23.72,0.67,0.61
2015-12-31,2.3,27.67,77.12,23.71,0.42,0.61
2016-01-01,1.33,28.02,76.45,24.83,0.46,0.6
2016-01-02,5.33,27.81,77.72,22.77,0.51,0.6
2016-01-03,2.02,28.48,74.97,25.62,0.46,0.6
2016-01-04,0.49,28.42,75.5,26.36,0.61,0.59
2016-01-05,1.49,28.92,72.02,26.95,0.61,0.58
2016-01-06,3.99,29.14,73.02,26.35,0.36,0.58
2016-01-07,5.4,29.06,74.35,25.96,0.53,0.58
2016-01-08,0.78,29.31,71.59,26.56,0.4,0.58
2016-01-09,1.1,28.74,74.72,22.83,0.6,0.57
2016-01-10,0.21,28.89,72.86,26.61,0.65,0.57
2016-01-11,2.12,29.09,66.99,25.81,0.64,0.56
2016-01-12,2.04,29.32,69.13,26.05,0.62,0.56
2016-01-13,1.65,29.11,70.94,26.2,0.74,0.56
2016-01-14,0.1,29.45,69.53,25.44,0.75,0.56
2016-01-15,0.18,29.65,69.5,25.84,0.71,0.55
2016-01-16,3.58,29.53,67.92,23.27,0.48,0.55
2016-01-17,1.35,29.2,70.26,25.56,0.34,0.55
2016-01-18,0.76,28.98,71.91,21.95,0.58,0.55
2016-01-19,5.33,28.51,74.55,22.55,0.68,0.55
2016-01-20,8.84,28.12,79.01,21.43,0.83,0.57
2016-01-21,17.48,27.18,78.51,22.44,0.78,0.58
2016-01-22,10.71,26.57,81.52,20.13,0.67,0.61
2016-01-23,19.05,26.41,86.56,18.03,0.97,0.62
2016-01-24,22.0,26.19,88.89,19.86,1.35,0.65
2016-01-25,29.36,25.35,90.04,18.66,0.93,0.69
2016-01-26,18.67,24.69,89.55,9.08,0.92,0.72
2016-01-27,21.66,25.2,90.16,7.37,1.43,0.71
2016-01-28,7.51,25.79,88.25,15.46,1.3,0.72
2016-01-29,4.95,26.53,86.55,18.37,1.07,0.71
2016-01-30,23.48,26.44,89.88,19.95,1.18,0.71
2016-01-31,41.56,26.41,87.83,11.79,1.37,0.75
2016-02-01,13.17,26.83,85.99,18.04,1.03,0.76
2016-02-02,21.09,25.94,90.51,16.11,0.89,0.77
2016-02-03,16.22,26.37,86.82,13.18,0.71,0.76
2016-02-04,4.82,25.95,90.08,21.48,0.89,0.76
2016-02-05,6.21,25.86,92.17,12.83,1.07,0.75
2016-02-06,3.47,26.7,86.51,21.79,0.5,0.74
2016-02-07,4.76,26.92,84.8,22.84,0.69,0.73
2016-02-08,18.79,26.1,90.75,19.05,0.33,0.74
2016-02-09,30.1,26.61,86.14,16.7,0.69,0.78
2016-02-10,9.93,26.18,88.28,17.07,0.85,0.77
2016-02-11,45.9,25.69,91.1,14.34,0.8,0.79
2016-02-12,46.47,25.33,90.88,5.82,1.19,0.84
2016-02-13,12.9,25.82,87.88,12.81,1.05,0.85
2016-02-14,2.33,26.29,87.78,24.97,1.01,0.83
2016-02-15,0.25,27.31,79.85,24.72,0.61,0.8
2016-02-16,2.21,26.9,85.18,23.89,0.62,0.79
2016-02-17,1.46,26.77,85.13,24.14,0.6,0.79
2016-02-18,0.7,27.73,78.86,26.62,0.41,0.78
2016-02-19,20.75,27.41,81.73,24.85,0.68,0.78
2016-02-20,15.33,27.55,82.43,20.38,0.71,0.81
2016-02-21,3.11,27.24,84.14,22.87,0.67,0.8
2016-02-22,12.8,26.62,89.86,23.03,0.54,0.8
2016-02-23,6.82,26.54,87.19,18.93,0.69,0.81
2016-02-24,6.1,26.6,87.09,22.57,0.69,0.81
2016-02-25,9.75,25.74,93.58,22.24,0.84,0.81
2016-02-26,28.27,25.64,91.99,18.68,1.03,0.83
2016-02-27,38.38,25.71,92.17,17.54,1.2,0.87
2016-02-28,6.06,26.66,88.47,21.9,0.98,0.86
2016-02-29,26.49,25.94,92.86,13.8,1.0,0.87
2016-03-01,15.85,26.22,91.32,14.68,0.92,0.88
2016-03-02,12.81,25.84,89.65,13.86,0.69,0.88
2016-03-03,1.32,26.33,87.47,22.83,0.72,0.87
2016-03-04,2.74,26.64,87.54,25.33,0.82,0.86
2016-03-05,0.35,27.17,84.28,23.75,0.82,0.86
2016-03-06,1.81,26.58,88.6,23.57,0.51,0.85
2016-03-07,2.35,28.1,80.61,25.09,0.54,0.84
2016-03-08,15.31,27.85,82.77,21.11,0.56,0.85
2016-03-09,2.43,27.92,82.6,23.58,0.42,0.85
2016-03-10,4.64,27.48,85.8,22.09,0.41,0.84
2016-03-11,2.7,27.45,85.54,18.59,0.53,0.85
2016-03-12,32.38,26.92,88.62,16.16,0.73,0.86
2016-03-13,3.1,26.74,87.43,20.65,0.71,0.88
2016-03-14,1.47,26.82,88.5,17.42,0.83,0.86
2016-03-15,3.48,27.41,84.27,19.22,0.6,0.86
2016-03-16,4.71,27.44,84.92,20.13,0.76,0.86
2016-03-17,2.39,26.65,87.88,20.02,0.72,0.86
2016-03-18,1.0,26.53,88.51,22.31,0.54,0.85
2016-03-19,0.64,27.92,77.19,24.71,0.5,0.85
2016-03-20,0.19,28.26,78.85,25.76,0.44,0.84
2016-03-21,0.08,27.91,78.9,23.36,0.51,0.83
2016-03-22,1.92,27.92,78.65,23.08,0.5,0.82
2016-03-23,2.38,27.89,81.43,21.82,0.52,0.82
2016-03-24,3.93,27.71,83.86,19.87,0.56,0.82
2016-03-25,1.68,27.81,82.19,25.41,0.49,0.82
2016-03-26,2.59,27.87,78.54,20.56,0.57,0.82
2016-03-27,5.9,27.07,83.57,20.52,0.42,0.82
2016-03-28,7.36,26.94,86.32,22.04,0.86,0.82
2016-03-29,0.93,26.92,83.76,14.27,0.62,0.82
2016-03-30,5.2,27.57,81.66,21.75,0.62,0.82
2016-03-31,14.89,27.06,83.85,22.29,0.55,0.83
2016-04-01,0.65,27.63,79.04,23.34,0.76,0.83
2016-04-02,2.08,27.51,81.25,22.26,0.76,0.82
2016-04-03,9.98,27.4,83.35,23.41,0.74,0.82
2016-04-04,4.11,26.77,85.22,23.75,0.84,0.82
2016-04-05,5.45,26.91,85.68,19.66,0.63,0.82
2016-04-06,3.0,27.24,82.71,15.92,0.65,0.82
2016-04-07,0.84,27.21,82.68,18.61,0.74,0.82
2016-04-08,9.95,27.44,83.78,20.98,0.6,0.81
2016-04-09,12.8,26.91,84.88,21.03,0.68,0.83
2016-04-10,2.24,26.91,83.83,22.7,0.79,0.83
2016-04-11,0.4,27.55,79.65,18.27,0.83,0.82
2016-04-12,10.97,27.29,83.31,19.39,0.86,0.82
2016-04-13,9.54,26.97,84.63,17.27,0.77,0.83
2016-04-14,8.19,27.26,85.72,20.84,0.96,0.83
2016-04-15,7.51,27.47,81.74,20.69,0.84,0.83
2016-04-16,1.46,27.47,82.34,21.48,0.6,0.83
2016-04-17,0.38,27.11,81.7,22.97,0.82,0.82
2016-04-18,0.05,27.0,80.66,22.22,0.96,0.81
2016-04-19,0.09,26.97,80.89,20.4,0.97,0.8
2016-04-20,0.06,26.8,80.53,22.4,1.03,0.79
2016-04-21,0.17,27.05,80.35,22.63,1.08,0.79
2016-04-22,0.49,26.91,81.42,19.83,1.02,0.78
2016-04-23,0.1,26.91,82.76,22.3,1.06,0.78
2016-04-24,0.11,27.1,81.4,22.6,0.99,0.77
2016-04-25,0.15,27.08,81.79,22.23,1.11,0.77
2016-04-26,0.25,27.17,80.96,21.97,0.85,0.76
2016-04-27,4.18,26.91,83.86,20.69,0.92,0.76
2016-04-28,0.53,26.79,82.2,22.5,0.98,0.76
2016-04-29,0.75,27.04,81.32,22.13,0.84,0.76
2016-04-30,1.78,26.96,83.59,18.85,0.88,0.75
2016-05-01,5.64,27.1,83.28,20.85,0.82,0.75
2016-05-02,2.58,27.23,82.56,21.87,0.7,0.76
2016-05-03,0.23,27.36,82.86,21.34,0.81,0.75
2016-05-04,1.07,27.12,82.77,22.01,0.79,0.75
2016-05-05,2.44,27.51,80.65,19.81,0.48,0.75
2016-05-06,0.29,27.13,84.8,18.81,0.68,0.74
2016-05-07,0.13,27.67,80.88,21.23,0.62,0.74
2016-05-08,1.53,27.95,80.49,20.47,0.36,0.74
2016-05-09,4.24,26.92,88.29,17.22,0.46,0.74
2016-05-10,6.16,26.69,86.42,18.73,0.52,0.75
2016-05-11,0.48,26.85,86.61,19.33,0.94,0.75
2016-05-12,0.78,26.56,89.14,19.65,1.15,0.74
2016-05-13,3.95,27.03,88.12,16.72,1.15,0.74
2016-05-14,6.24,27.0,88.53,18.58,1.04,0.75
2016-05-15,0.88,27.22,86.22,15.62,1.23,0.75
2016-05-16,0.27,26.77,82.26,21.22,1.4,0.74
2016-05-17,0.36,26.93,83.34,20.0,1.13,0.73
2016-05-18,0.55,27.1,83.28,20.3,1.19,0.72
2016-05-19,0.25,26.93,82.35,20.81,0.96,0.72
2016-05-20,0.22,26.94,81.82,19.63,0.82,0.71
2016-05-21,0.15,27.24,81.09,20.16,0.65,0.71
2016-05-22,0.55,26.76,82.95,19.76,0.93,0.7
2016-05-23,0.33,26.7,82.77,20.43,0.99,0.7
2016-05-24,0.18,26.6,82.21,21.31,0.89,0.7
2016-05-25,0.08,26.89,81.02,20.12,0.94,0.69
2016-05-26,0.63,26.5,83.0,18.91,0.99,0.69
2016-05-27,6.1,26.26,86.38,17.5,0.81,0.69
2016-05-28,5.35,26.72,85.05,12.53,0.9,0.7
2016-05-29,1.03,26.81,83.57,18.71,0.88,0.7
2016-05-30,1.09,26.78,84.69,17.55,0.72,0.7
2016-05-31,2.57,26.8,82.14,17.96,0.51,0.69
2016-06-01,0.14,25.91,81.54,19.36,1.04,0.69
2016-06-02,0.08,26.77,81.97,20.61,0.87,0.68
2016-06-03,0.06,26.72,80.74,19.41,0.84,0.68
2016-06-04,0.16,26.53,81.78,19.0,0.86,0.67
2016-06-05,0.52,26.65,82.62,18.68,0.72,0.67
2016-06-06,5.05,26.97,81.67,18.92,0.68,0.67
2016-06-07,2.77,26.61,81.92,20.02,0.73,0.67
2016-06-08,0.1,26.03,81.91,20.96,1.19,0.67
2016-06-09,1.27,26.26,81.88,19.94,0.91,0.66
2016-06-10,0.86,26.38,83.35,19.21,0.98,0.66
2016-06-11,3.15,26.8,83.67,19.0,0.96,0.66
2016-06-12,4.09,26.69,82.32,19.25,0.98,0.66
2016-06-13,6.28,26.34,85.35,17.85,0.9,0.66
2016-06-14,21.74,25.06,93.95,13.03,0.97,0.7
2016-06-15,1.82,25.93,88.95,16.38,0.87,0.7
2016-06-16,13.86,25.86,91.23,15.09,1.11,0.71
2016-06-17,3.07,26.15,89.57,16.41,0.95,0.72
2016-06-18,0.32,26.32,86.59,17.85,0.91,0.71
2016-06-19,0.28,26.14,83.69,18.3,0.96,0.7
2016-06-20,1.22,25.48,83.57,18.27,1.14,0.69
2016-06-21,0.83,25.91,80.52,18.66,0.84,0.68
2016-06-22,0.23,25.87,79.16,19.24,0.93,0.68
2016-06-23,0.39,25.76,83.89,17.27,1.03,0.67
2016-06-24,0.4,25.39,81.03,19.38,1.19,0.66
2016-06-25,0.18,25.66,80.07,18.02,0.89,0.66
2016-06-26,3.5,25.52,85.18,16.44,1.12,0.66
2016-06-27,4.13,25.8,86.78,16.1,0.95,0.66
2016-06-28,27.59,25.56,88.24,11.55,0.72,0.67
2016-06-29,10.62,24.62,88.41,8.54,0.66,0.72
2016-06-30,0.44,25.79,84.91,16.61,0.91,0.71
2016-07-01,0.15,25.67,87.5,18.54,0.83,0.7
2016-07-02,0.19,26.32,82.41,19.2,0.84,0.69
2016-07-03,0.13,26.4,82.99,20.63,0.94,0.68
2016-07-04,0.08,25.71,80.29,20.25,1.1,0.68
2016-07-05,0.07,25.94,80.6,20.33,1.1,0.67
2016-07-06,0.07,25.8,80.84,19.04,1.0,0.66
2016-07-07,0.38,25.68,81.4,18.64,1.03,0.65
2016-07-08,0.94,25.67,83.92,12.59,1.11,0.65
2016-07-09,2.28,24.87,89.15,12.16,0.9,0.65
2016-07-10,0.25,26.0,82.9,20.04,0.98,0.65
2016-07-11,6.94,26.24,82.78,19.98,0.69,0.65
2016-07-12,1.29,26.45,83.33,17.92,0.7,0.65
2016-07-13,7.43,26.35,84.13,18.08,0.82,0.65
2016-07-14,4.12,26.25,82.63,18.63,0.9,0.66
2016-07-15,10.13,25.83,86.64,14.4,1.04,0.66
2016-07-16,8.6,25.73,85.43,14.38,1.39,0.68
2016-07-17,1.69,25.66,84.14,17.22,1.07,0.68
2016-07-18,7.04,25.71,86.45,16.65,0.94,0.67
2016-07-19,2.77,25.42,85.99,15.96,0.97,0.68
2016-07-20,4.66,25.6,88.03,15.24,0.88,0.67
2016-07-21,5.32,26.03,86.93,15.99,0.73,0.68
2016-07-22,0.91,26.0,81.58,19.72,1.02,0.68
2016-07-23,0.02,25.34,78.94,21.04,1.15,0.67
2016-07-24,0.13,25.25,80.2,20.68,1.2,0.66
2016-07-25,0.15,25.29,79.75,20.22,1.22,0.65
2016-07-26,0.23,25.41,79.86,18.81,1.35,0.64
2016-07-27,0.19,25.24,79.05,18.92,1.31,0.64
2016-07-28,0.14,25.29,78.21,20.59,1.2,0.63
2016-07-29,0.11,25.28,77.17,20.63,1.32,0.63
2016-07-30,0.12,24.96,77.27,20.61,1.32,0.62
2016-07-31,0.26,24.91,77.52,22.25,1.26,0.62
2016-08-01,1.12,24.76,79.21,20.68,1.31,0.61
2016-08-02,0.35,24.76,77.53,20.47,1.16,0.61
2016-08-03,0.12,25.3,77.24,17.84,1.11,0.61
2016-08-04,1.03,25.97,80.35,17.37,0.98,0.61
2016-08-05,0.48,26.43,79.8,19.67,0.76,0.6
2016-08-06,0.48,26.64,78.24,20.18,0.77,0.6
2016-08-07,0.13,26.58,77.06,19.26,0.79,0.6
2016-08-08,0.02,25.96,74.95,21.76,0.95,0.6
2016-08-09,0.01,25.51,75.02,21.74,1.07,0.59
2016-08-10,0.2,25.49,78.81,20.0,1.16,0.59
2016-08-11,1.04,26.15,81.24,18.9,1.3,0.59
2016-08-12,1.25,26.05,81.68,18.28,1.33,0.59
2016-08-13,0.61,26.0,78.64,19.64,1.14,0.58
2016-08-14,0.53,25.76,76.65,21.62,1.24,0.58
2016-08-15,0.62,26.29,76.82,21.9,0.93,0.58
2016-08-16,0.19,26.48,75.29,22.43,1.02,0.58
2016-08-17,1.76,26.14,77.07,21.32,0.98,0.57
2016-08-18,0.59,25.19,74.76,23.0,1.49,0.58
2016-08-19,0.0,24.9,66.45,24.1,1.65,0.57
2016-08-20,0.02,24.91,67.98,22.8,1.24,0.57
2016-08-21,0.02,24.52,69.5,21.84,1.04,0.57
2016-08-22,0.02,24.95,67.01,23.86,1.09,0.56
2016-08-23,0.34,24.83,72.88,21.93,1.18,0.56
2016-08-24,0.11,25.25,71.55,21.62,1.33,0.56
2016-08-25,0.08,25.93,72.76,21.15,1.06,0.56
2016-08-26,0.06,26.76,73.51,22.67,0.88,0.56
2016-08-27,0.82,27.24,75.74,22.29,0.75,0.55
2016-08-28,0.33,27.74,74.48,23.01,0.76,0.55
2016-08-29,0.24,27.89,73.35,23.26,0.78,0.55
2016-08-30,0.12,28.12,70.66,24.0,0.8,0.55
2016-08-31,0.07,27.75,73.34,22.74,0.73,0.55
2016-09-01,0.06,27.41,73.27,23.32,0.94,0.55
2016-09-02,0.51,27.35,72.82,23.45,0.85,0.54
2016-09-03,0.74,27.05,73.81,23.89,0.93,0.54
2016-09-04,0.07,27.74,71.8,23.34,0.85,0.54
2016-09-05,0.06,28.06,70.93,23.84,0.66,0.54
2016-09-06,0.04,27.85,71.43,24.15,0.85,0.54
2016-09-07,0.08,27.4,72.42,23.39,1.02,0.54
2016-09-08,0.12,27.04,74.04,24.98,1.42,0.54
2016-09-09,0.06,27.26,70.17,25.24,1.1,0.54
2016-09-10,0.05,26.75,69.16,25.71,1.15,0.53
2016-09-11,0.04,26.81,70.23,24.75,1.0,0.53
2016-09-12,0.89,26.9,71.26,24.55,1.18,0.53
2016-09-13,3.34,27.03,74.05,24.1,0.83,0.53
2016-09-14,1.46,27.28,73.83,22.07,0.76,0.54
2016-09-15,10.56,27.42,75.54,20.95,0.65,0.54
2016-09-16,8.49,27.97,75.29,22.72,0.62,0.57
2016-09-17,0.43,27.98,74.33,22.57,0.88,0.57
2016-09-18,0.2,28.41,73.03,24.85,0.65,0.56
2016-09-19,8.47,27.97,74.53,22.62,0.55,0.56
2016-09-20,3.94,27.77,77.41,21.01,0.69,0.57
2016-09-21,2.72,28.1,75.0,24.87,0.81,0.57
2016-09-22,13.47,27.87,77.56,18.81,0.55,0.58
2016-09-23,5.44,27.5,79.51,22.73,0.64,0.59
2016-09-24,10.29,27.32,79.69,20.5,0.5,0.59
2016-09-25,5.48,26.2,84.43,20.46,0.68,0.61
2016-09-26,7.15,27.07,80.11,21.92,0.53,0.61
2016-09-27,1.95,28.29,71.61,25.85,0.64,0.61
2016-09-28,5.6,27.65,75.88,21.56,0.79,0.6
2016-09-29,7.46,27.25,81.06,22.05,0.59,0.6
2016-09-30,26.18,26.17,88.38,21.25,0.81,0.63
2016-10-01,8.18,27.82,77.42,21.83,0.5,0.65
2016-10-02,2.59,27.3,81.35,21.13,0.49,0.64
2016-10-03,3.79,26.88,83.06,21.88,0.65,0.64
2016-10-04,7.79,27.57,79.2,23.24,0.83,0.63
2016-10-05,3.35,27.43,77.36,23.24,0.7,0.63
2016-10-06,1.06,27.08,80.76,22.13,0.9,0.63
2016-10-07,1.47,26.61,83.05,14.34,0.89,0.62
2016-10-08,3.5,26.68,83.74,13.72,0.9,0.62
2016-10-09,4.62,27.44,79.39,20.82,0.89,0.62
2016-10-10,0.48,27.4,75.5,23.69,0.83,0.62
2016-10-11,0.43,28.07,73.13,24.64,0.66,0.61
2016-10-12,0.19,28.18,71.87,26.17,0.87,0.6
2016-10-13,0.21,28.36,70.52,26.85,0.9,0.6
2016-10-14,0.21,28.53,70.66,26.02,0.82,0.59
2016-10-15,0.26,28.72,69.89,25.69,0.71,0.58
2016-10-16,0.17,27.96,69.79,27.62,1.06,0.58
2016-10-17,0.01,27.87,68.03,27.79,1.06,0.57
2016-10-18,0.03,28.17,71.64,26.13,0.87,0.57
2016-10-19,2.14,28.47,74.71,24.36,0.82,0.56
2016-10-20,3.07,28.78,71.98,26.4,0.7,0.57
2016-10-21,1.41,28.1,73.99,22.18,0.86,0.57
2016-10-22,14.65,26.88,81.31,12.47,0.87,0.58
2016-10-23,7.3,26.98,79.26,15.07,0.59,0.6
2016-10-24,31.46,25.37,88.53,19.24,0.54,0.64
2016-10-25,14.18,26.42,80.66,17.12,0.56,0.67
2016-10-26,4.32,27.32,76.53,19.9,0.66,0.66
2016-10-27,5.66,26.76,81.66,23.03,0.83,0.65
2016-10-28,3.03,27.39,78.63,22.35,0.61,0.65
2016-10-29,6.42,27.72,76.25,22.45,0.63,0.65
2016-10-30,7.4,27.36,78.82,23.34,1.07,0.65
2016-10-31,0.36,27.97,75.24,26.19,0.77,0.64
2016-11-01,0.09,28.59,71.24,25.43,0.64,0.63
2016-11-02,0.62,28.86,71.34,22.71,0.49,0.62
2016-11-03,1.59,27.9,78.16,19.69,0.94,0.62
2016-11-04,1.56,27.96,77.85,21.33,1.21,0.61
2016-11-05,0.82,27.84,80.46,23.92,1.0,0.61
2016-11-06,0.5,28.3,77.46,24.62,0.5,0.6
2016-11-07,0.42,28.49,75.77,23.56,0.55,0.6
2016-11-08,3.24,28.12,80.27,21.88,0.59,0.6
2016-11-09,4.04,27.44,81.34,20.85,0.76,0.6
2016-11-10,1.07,27.72,74.33,23.96,0.64,0.6
2016-11-11,1.37,27.41,76.62,20.91,0.76,0.6
2016-11-12,3.59,27.48,77.56,22.06,0.66,0.6
2016-11-13,20.11,27.61,80.67,21.95,0.62,0.62
2016-11-14,7.87,27.17,84.29,21.91,0.41,0.64
2016-11-15,24.57,26.41,89.15,23.19,0.46,0.66
2016-11-16,5.98,26.71,84.86,21.52,1.02,0.68
2016-11-17,19.56,26.89,83.86,24.2,1.01,0.68
2016-11-18,7.45,27.35,82.25,24.02,0.77,0.7
2016-11-19,0.67,26.91,84.88,23.72,0.91,0.68
2016-11-20,2.83,27.45,81.77,24.69,0.74,0.67
2016-11-21,3.84,28.06,77.36,26.13,0.7,0.67
2016-11-22,14.81,26.27,86.57,17.23,0.56,0.68
2016-11-23,8.32,27.29,77.69,18.54,0.55,0.68
2016-11-24,3.65,26.54,81.47,21.91,0.59,0.69
2016-11-25,4.41,26.34,82.2,15.08,0.59,0.68
2016-11-26,2.64,27.6,77.24,21.57,0.58,0.68
2016-11-27,5.85,27.76,81.04,22.38,0.6,0.67
2016-11-28,13.61,27.79,81.61,21.41,0.67,0.68
2016-11-29,5.53,27.0,84.47,19.59,0.64,0.69
2016-11-30,6.29,26.93,86.73,22.02,0.73,0.69
2016-12-01,17.2,26.78,83.1,15.86,0.52,0.7
2016-12-02,3.46,26.07,84.06,13.72,0.68,0.71
2016-12-03,9.29,26.29,81.5,16.16,0.58,0.71
2016-12-04,27.68,26.55,83.39,8.84,0.7,0.72
2016-12-05,22.26,25.43,90.39,12.39,1.14,0.75
2016-12-06,11.67,25.68,89.83,16.02,1.27,0.77
2016-12-07,3.56,26.19,87.68,15.32,1.19,0.76
2016-12-08,1.71,27.05,83.87,21.86,1.05,0.74
2016-12-09,5.13,26.86,86.88,19.99,1.05,0.73
2016-12-10,4.97,26.63,90.52,20.96,1.24,0.73
2016-12-11,2.03,27.17,81.83,22.56,0.99,0.73
2016-12-12,24.79,26.02,87.67,18.37,0.66,0.74
2016-12-13,33.02,26.46,83.45,11.95,0.65,0.79
2016-12-14,14.38,25.99,86.58,18.94,0.56,0.78
2016-12-15,9.88,25.3,92.42,8.3,1.28,0.79
2016-12-16,8.78,25.78,86.74,19.35,1.01,0.78
2016-12-17,9.61,25.37,88.5,13.32,1.07,0.78
2016-12-18,19.78,25.12,89.21,14.77,1.18,0.79
2016-12-19,27.64,25.74,90.55,11.05,1.35,0.81
2016-12-20,31.26,25.78,91.04,17.75,1.46,0.84
2016-12-21,25.32,26.41,90.3,9.47,1.57,0.85
2016-12-22,24.34,26.41,90.99,14.36,1.77,0.86
2016-12-23,14.86,26.8,88.54,7.33,1.77,0.86
2016-12-24,6.48,26.65,89.44,12.56,1.43,0.86
2016-12-25,1.09,26.52,84.08,21.51,0.95,0.84
2016-12-26,1.34,26.26,85.53,20.29,0.83,0.83
2016-12-27,0.45,26.7,81.86,23.82,0.88,0.82
2016-12-28,5.81,26.13,86.71,18.99,0.84,0.82
2016-12-29,0.71,26.66,82.2,24.58,0.73,0.82
2016-12-30,1.95,25.99,85.93,19.29,0.71,0.81
2016-12-31,5.41,25.74,88.47,16.19,0.91,0.81
2017-01-01,4.31,26.33,84.72,20.8,0.81,0.82
2017-01-02,5.6,25.7,88.82,16.8,0.77,0.82
2017-01-03,3.81,26.58,84.65,20.32,0.86,0.82
2017-01-04,1.8,26.58,84.75,23.06,0.86,0.81
2017-01-05,0.98,25.83,87.09,20.85,1.25,0.81
2017-01-06,4.42,25.76,87.23,21.04,1.11,0.8
2017-01-07,1.44,26.06,85.89,20.62,1.05,0.8
2017-01-08,7.94,26.53,84.37,22.63,0.88,0.8
2017-01-09,15.12,25.96,87.55,23.48,0.92,0.82
2017-01-10,1.85,26.97,82.91,23.04,0.48,0.82
2017-01-11,1.89,26.24,86.04,22.94,0.53,0.81
2017-01-12,1.01,26.68,81.47,21.31,0.66,0.81
2017-01-13,2.88,25.96,89.07,21.28,1.02,0.8
2017-01-14,5.51,25.31,90.56,17.2,1.15,0.81
2017-01-15,10.42,24.48,92.13,16.64,1.17,0.82
2017-01-16,6.42,24.58,91.03,18.87,1.14,0.82
2017-01-17,5.09,24.91,90.38,18.73,0.75,0.82
2017-01-18,2.6,24.9,88.67,17.26,0.9,0.82
2017-01-19,0.24,26.07,85.3,22.52,0.81,0.81
2017-01-20,5.52,26.03,88.27,17.27,0.93,0.81
2017-01-21,0.63,26.07,87.21,24.1,0.74,0.81
2017-01-22,2.77,26.18,87.98,20.54,0.81,0.81
2017-01-23,5.33,25.79,89.84,22.01,0.96,0.81
2017-01-24,12.8,25.52,89.84,22.89,0.84,0.82
2017-01-25,1.05,25.77,88.67,22.46,1.04,0.82
2017-01-26,73.1,25.22,93.27,7.98,1.37,0.85
2017-01-27,25.36,25.38,91.69,17.29,1.52,0.88
2017-01-28,22.36,25.61,93.72,7.48,1.46,0.89
2017-01-29,74.0,25.0,89.58,12.85,0.72,0.91
2017-01-30,33.39,24.97,90.2,17.38,0.92,0.93
2017-01-31,26.68,24.58,87.23,12.5,0.9,0.93
2017-02-01,17.99,24.23,87.42,15.62,1.19,0.92
2017-02-02,20.07,24.56,91.5,15.91,1.29,0.92
2017-02-03,12.69,24.38,92.07,13.12,1.36,0.93
2017-02-04,1.0,25.22,86.4,21.48,1.3,0.92
2017-02-05,3.09,25.65,89.01,15.55,1.44,0.91
2017-02-06,11.56,25.9,90.17,18.42,1.51,0.91
2017-02-07,20.71,25.77,90.48,17.86,1.99,0.92
2017-02-08,44.21,25.78,91.89,12.74,1.77,0.93
2017-02-09,36.12,25.32,91.96,7.51,1.42,0.95
2017-02-10,35.59,25.15,93.05,9.29,1.23,0.96
2017-02-11,41.53,24.87,94.43,16.92,1.17,0.96
2017-02-12,68.05,24.69,93.63,18.19,0.78,0.97
2017-02-13,10.18,25.08,90.7,20.75,0.76,0.97
2017-02-14,4.61,25.49,88.07,21.82,0.83,0.97
2017-02-15,9.45,25.7,88.52,20.32,0.74,0.97
2017-02-16,2.36,25.63,86.46,23.82,0.76,0.97
2017-02-17,0.92,25.72,85.32,23.65,0.69,0.96
2017-02-18,0.4,25.88,84.97,24.55,0.6,0.95
2017-02-19,1.53,25.95,86.76,23.17,0.6,0.95
2017-02-20,1.57,26.44,85.07,25.21,0.41,0.95
2017-02-21,0.37,26.98,81.69,23.79,0.49,0.94
2017-02-22,0.23,26.94,81.71,21.59,0.59,0.93
2017-02-23,0.13,26.41,83.01,25.29,0.94,0.92
2017-02-24,0.1,26.17,80.28,25.91,1.01,0.91
2017-02-25,0.48,26.76,76.91,25.03,0.51,0.9
2017-02-26,1.33,25.79,84.95,21.02,0.72,0.89
2017-02-27,6.13,26.52,82.36,18.44,0.63,0.89
2017-02-28,4.01,27.22,79.47,21.95,0.33,0.89
2017-03-01,4.86,27.12,82.06,24.32,0.53,0.89
2017-03-02,5.38,25.44,85.52,22.11,0.68,0.89
2017-03-03,0.45,26.22,83.68,22.95,0.66,0.88
2017-03-04,0.46,27.02,80.66,24.49,0.54,0.88
2017-03-05,1.22,27.02,80.91,23.07,0.49,0.87
2017-03-06,0.96,26.73,84.3,22.45,0.83,0.87
2017-03-07,0.82,26.74,84.65,23.96,0.84,0.86
2017-03-08,3.57,25.89,87.16,21.57,0.88,0.86
2017-03-09,0.52,26.33,81.42,16.46,0.67,0.85
2017-03-10,31.69,25.71,84.95,21.47,0.65,0.86
2017-03-11,5.52,26.74,79.53,22.41,0.58,0.88
2017-03-12,9.57,26.68,82.51,22.82,0.29,0.87
2017-03-13,20.84,25.97,84.45,17.19,0.62,0.88
2017-03-14,8.48,25.46,85.28,20.02,0.64,0.9
2017-03-15,11.65,26.1,84.22,21.59,0.66,0.9
2017-03-16,9.01,26.45,83.98,18.08,0.73,0.91
2017-03-17,2.69,26.83,82.02,17.58,0.51,0.9
2017-03-18,1.69,26.92,82.18,20.91,0.57,0.89
2017-03-19,6.83,25.74,89.01,18.98,1.07,0.89
2017-03-20,12.2,25.63,89.89,10.41,1.03,0.9
2017-03-21,20.69,25.35,93.75,7.54,1.08,0.91
2017-03-22,10.86,25.43,89.53,14.74,1.11,0.93
2017-03-23,2.54,26.23,85.75,14.55,0.64,0.92
2017-03-24,3.51,26.28,85.85,19.95,0.45,0.92
2017-03-25,7.53,26.29,85.7,17.98,0.63,0.92
2017-03-26,18.33,25.44,89.82,8.32,1.13,0.93
2017-03-27,21.68,24.99,87.86,12.67,0.88,0.94
2017-03-28,2.02,25.94,84.25,23.11,0.86,0.94
2017-03-29,2.55,26.29,84.32,20.78,0.8,0.93
2017-03-30,4.25,26.31,84.68,21.25,0.63,0.92
2017-03-31,8.07,25.87,90.01,21.18,0.67,0.92
2017-04-01,9.45,25.69,88.68,20.72,0.79,0.93
2017-04-02,25.6,24.64,90.95,13.66,0.77,0.94
2017-04-03,9.49,25.4,86.18,14.0,0.61,0.95
2017-04-04,20.76,25.34,90.09,16.27,1.13,0.96
2017-04-05,4.19,25.52,90.46,12.0,1.38,0.95
2017-04-06,15.74,25.62,88.5,11.24,1.04,0.95
2017-04-07,32.95,25.63,90.54,14.52,1.05,0.97
2017-04-08,5.38,25.9,87.19,19.15,0.86,0.97
2017-04-09,0.62,26.79,82.18,21.53,0.49,0.96
2017-04-10,0.12,26.43,82.69,22.4,0.79,0.95
2017-04-11,1.33,26.03,82.83,22.53,0.83,0.94
2017-04-12,1.54,25.88,83.32,22.11,1.06,0.93
2017-04-13,2.4,25.64,83.35,19.05,0.97,0.92
2017-04-14,1.44,25.79,83.55,20.37,0.42,0.92
2017-04-15,0.44,26.29,81.28,22.32,0.53,0.91
2017-04-16,0.45,27.13,80.26,22.69,0.63,0.9
2017-04-17,0.56,26.93,80.95,21.91,0.53,0.89
2017-04-18,1.95,27.0,81.91,20.33,0.69,0.89
2017-04-19,1.84,26.95,84.64,19.89,0.71,0.88
2017-04-20,1.48,26.79,84.98,21.92,0.84,0.88
2017-04-21,8.65,26.8,86.12,20.93,0.77,0.87
2017-04-22,2.88,26.79,86.33,21.97,0.85,0.88
2017-04-23,3.82,26.29,88.07,20.64,0.77,0.88
2017-04-24,2.55,25.98,88.86,21.24,0.8,0.88
2017-04-25,0.17,26.56,82.98,22.94,0.88,0.87
2017-04-26,0.09,26.38,81.63,23.15,1.2,0.86
2017-04-27,0.05,26.14,82.78,22.84,1.15,0.85
2017-04-28,0.21,26.29,82.76,22.47,1.0,0.84
2017-04-29,0.23,26.05,84.36,21.65,0.93,0.84
2017-04-30,8.1,26.04,84.6,20.25,0.78,0.83
2017-05-01,8.37,26.2,84.23,20.53,0.88,0.84
2017-05-02,3.9,26.55,85.77,20.24,0.93,0.84
2017-05-03,2.51,26.33,86.35,19.29,0.68,0.84
2017-05-04,1.2,25.75,88.09,16.93,0.92,0.84
2017-05-05,0.95,26.19,84.61,19.99,1.27,0.83
2017-05-06,0.56,26.02,83.01,20.93,1.32,0.83
2017-05-07,0.51,25.81,82.71,20.85,1.22,0.82
2017-05-08,0.69,25.96,83.04,21.18,1.24,0.82
2017-05-09,0.2,25.73,82.12,22.17,1.36,0.81
2017-05-10,0.07,25.44,81.56,21.93,1.27,0.8
2017-05-11,0.09,25.62,82.86,21.57,1.27,0.8
2017-05-12,0.15,25.56,83.62,20.15,1.41,0.79
2017-05-13,0.12,25.46,83.47,20.12,1.31,0.79
2017-05-14,0.3,25.72,84.54,19.13,1.24,0.78
2017-05-15,0.08,25.62,83.78,18.32,1.23,0.78
2017-05-16,0.07,25.24,83.62,18.95,1.44,0.78
2017-05-17,0.04,24.58,78.94,22.34,1.18,0.77
2017-05-18,0.04,25.25,84.18,19.92,1.2,0.77
2017-05-19,0.27,25.61,84.17,18.05,1.2,0.76
2017-05-20,0.38,25.39,85.21,18.47,1.22,0.76
2017-05-21,0.15,25.5,84.02,20.73,1.06,0.75
2017-05-22,0.07,24.75,83.37,21.36,1.43,0.75
2017-05-23,0.0,24.54,77.75,21.35,1.31,0.74
2017-05-24,0.13,25.39,85.41,20.28,1.03,0.74
2017-05-25,0.91,25.85,88.15,16.78,1.16,0.74
2017-05-26,0.57,25.83,86.66,16.12,1.26,0.74
2017-05-27,0.43,26.18,85.23,17.06,1.06,0.73
2017-05-28,2.81,25.55,89.66,12.65,0.91,0.73
2017-05-29,4.07,25.39,89.92,17.09,0.92,0.74
2017-05-30,1.28,26.1,86.01,17.25,0.84,0.74
2017-05-31,0.93,25.71,86.81,15.73,1.18,0.74
2017-06-01,0.23,25.64,83.55,16.36,1.37,0.73
2017-06-02,0.55,25.23,85.21,19.57,1.34,0.73
2017-06-03,0.74,25.16,85.11,18.11,1.18,0.72
2017-06-04,1.38,25.37,85.68,18.07,1.01,0.72
2017-06-05,0.81,25.42,85.32,18.49,1.08,0.72
2017-06-06,0.53,25.63,85.1,18.25,1.14,0.71
2017-06-07,0.22,25.7,84.64,17.6,1.27,0.71
2017-06-08,0.31,25.12,84.34,17.85,1.42,0.71
2017-06-09,0.28,25.29,85.31,17.35,1.39,0.7
2017-06-10,0.32,25.27,85.31,16.42,1.37,0.7
2017-06-11,0.35,25.39,85.93,16.83,1.25,0.7
2017-06-12,7.06,25.18,88.44,10.23,1.14,0.7
2017-06-13,10.87,24.99,89.43,10.88,0.83,0.71
2017-06-14,13.66,25.25,85.91,18.25,1.11,0.74
2017-06-15,0.1,24.89,83.72,17.95,1.25,0.73
2017-06-16,0.08,24.21,82.41,20.79,1.25,0.72
2017-06-17,0.36,24.04,83.03,20.43,1.38,0.71
2017-06-18,1.26,24.31,84.39,18.95,1.4,0.71
2017-06-19,0.71,24.51,84.13,19.77,1.36,0.7
2017-06-20,3.61,24.9,86.78,13.49,1.12,0.7
2017-06-21,1.0,24.64,87.47,16.24,0.89,0.7
2017-06-22,0.41,25.09,83.71,20.09,0.99,0.7
2017-06-23,0.2,24.83,84.29,19.17,1.15,0.69
2017-06-24,0.86,24.94,85.62,16.81,1.03,0.69
2017-06-25,6.69,24.73,89.27,14.9,1.03,0.69
2017-06-26,1.47,25.08,86.76,18.73,1.05,0.7
2017-06-27,0.14,24.57,82.61,18.68,1.28,0.69
2017-06-28,0.05,23.9,79.38,20.99,1.31,0.68
2017-06-29,0.07,24.28,81.31,19.71,1.25,0.68
2017-06-30,0.18,24.46,83.17,16.88,1.29,0.67
2017-07-01,0.06,24.4,83.3,18.74,1.08,0.67
2017-07-02,0.13,24.53,83.46,19.55,1.04,0.67
2017-07-03,0.23,24.5,84.96,18.17,1.23,0.66
2017-07-04,0.58,24.76,84.38,15.98,1.27,0.66
2017-07-05,0.05,24.88,83.22,18.64,1.26,0.66
2017-07-06,0.75,24.66,83.93,12.9,1.25,0.66
2017-07-07,4.22,24.98,86.76,13.86,1.13,0.66
2017-07-08,1.89,24.65,87.73,12.67,1.41,0.66
2017-07-09,1.2,24.43,85.76,9.51,1.47,0.66
2017-07-10,0.78,24.61,82.5,15.08,1.3,0.65
2017-07-11,0.52,24.74,84.14,15.64,1.26,0.65
2017-07-12,0.95,25.22,84.5,18.96,1.2,0.65
2017-07-13,1.68,25.11,86.33,14.29,1.44,0.64
2017-07-14,0.3,25.29,81.0,20.61,1.39,0.64
2017-07-15,0.1,24.55,79.48,21.88,1.38,0.64
2017-07-16,0.11,24.0,79.07,20.21,1.36,0.63
2017-07-17,0.16,23.8,79.65,20.62,1.26,0.63
2017-07-18,0.34,24.56,80.99,18.86,1.1,0.63
2017-07-19,0.2,25.24,81.31,18.78,0.93,0.62
2017-07-20,0.58,25.1,82.04,20.61,1.02,0.62
2017-07-21,0.48,24.98,81.27,19.75,1.06,0.62
2017-07-22,0.31,24.7,80.29,18.4,1.2,0.62
2017-07-23,0.07,24.02,76.66,18.86,1.39,0.61
2017-07-24,0.28,23.95,78.3,20.15,1.4,0.61
2017-07-25,0.23,24.49,79.27,20.03,1.44,0.61
2017-07-26,0.33,25.23,79.62,17.58,1.2,0.6
2017-07-27,0.54,25.68,80.96,15.6,1.15,0.6
2017-07-28,0.13,26.09,79.07,18.92,0.85,0.6
2017-07-29,0.34,25.39,80.11,18.03,1.24,0.6
2017-07-30,0.13,24.9,78.16,21.89,1.37,0.6
2017-07-31,0.07,24.84,74.21,21.6,1.39,0.59
2017-08-01,0.56,24.77,80.96,18.36,1.58,0.59
2017-08-02,0.45,24.43,80.01,11.93,1.66,0.59
2017-08-03,0.08,24.45,75.25,19.35,1.59,0.59
2017-08-04,0.09,24.59,75.58,17.39,1.45,0.59
2017-08-05,0.17,24.52,77.97,20.06,1.48,0.58
2017-08-06,0.21,24.54,78.97,19.21,1.29,0.58
2017-08-07,0.0,25.42,76.52,21.54,1.09,0.58
2017-08-08,0.07,25.78,79.02,21.51,0.94,0.58
2017-08-09,0.14,25.68,77.8,20.73,1.04,0.58
2017-08-10,0.25,25.24,77.81,18.82,1.22,0.58
2017-08-11,0.22,25.69,76.95,20.69,1.11,0.57
2017-08-12,0.1,26.08,77.66,18.57,1.03,0.57
2017-08-13,0.09,25.66,75.89,21.8,1.25,0.57
2017-08-14,0.41,25.14,77.04,22.25,1.13,0.57
2017-08-15,0.31,24.53,75.82,22.33,1.34,0.57
2017-08-16,0.58,24.19,77.8,17.75,1.25,0.57
2017-08-17,0.42,24.65,76.99,20.81,1.18,0.56
2017-08-18,0.51,25.52,76.53,18.21,0.92,0.56
2017-08-19,0.31,25.51,78.15,19.66,1.17,0.56
2017-08-20,0.09,25.03,77.52,22.76,1.47,0.56
2017-08-21,0.02,25.49,73.94,23.31,1.2,0.56
2017-08-22,0.04,25.44,72.16,23.76,1.32,0.56
2017-08-23,0.04,25.76,73.71,23.43,1.11,0.56
2017-08-24,0.07,26.04,72.77,23.98,0.97,0.55
2017-08-25,0.02,25.65,72.13,24.76,1.09,0.55
2017-08-26,0.05,25.77,72.16,23.81,1.41,0.55
2017-08-27,0.09,25.66,71.03,23.65,1.3,0.55
2017-08-28,0.03,25.66,71.12,23.18,0.95,0.55
2017-08-29,0.0,25.08,70.54,23.94,1.43,0.54
2017-08-30,0.01,25.39,69.56,24.92,1.02,0.54
2017-08-31,0.03,25.42,69.23,24.39,0.79,0.54
2017-09-01,0.02,25.64,70.62,24.08,0.94,0.54
2017-09-02,0.34,25.24,74.53,21.64,1.21,0.54
2017-09-03,0.42,25.75,76.79,21.12,1.32,0.54
2017-09-04,0.11,25.97,75.49,21.57,1.28,0.54
2017-09-05,0.03,26.28,72.79,24.6,0.96,0.54
2017-09-06,0.18,26.19,74.09,21.37,0.77,0.53
2017-09-07,0.01,26.8,70.26,23.18,0.85,0.53
2017-09-08,0.05,27.5,70.46,23.3,0.93,0.53
2017-09-09,0.1,27.22,71.41,23.66,1.03,0.53
2017-09-10,0.12,26.9,72.38,24.58,1.07,0.53
2017-09-11,0.1,26.46,71.08,23.83,1.28,0.53
2017-09-12,0.08,26.47,70.35,22.19,1.22,0.53
2017-09-13,0.1,26.5,71.18,23.28,1.19,0.52
2017-09-14,0.03,26.8,68.03,24.52,1.06,0.52
2017-09-15,0.02,27.38,69.07,24.25,0.93,0.52
2017-09-16,0.18,27.87,69.04,24.12,0.89,0.52
2017-09-17,0.07,27.02,69.51,26.02,1.23,0.52
2017-09-18,0.03,26.13,67.83,26.81,1.31,0.52
2017-09-19,0.02,26.39,68.25,25.5,1.19,0.52
2017-09-20,0.0,26.51,65.25,25.44,0.97,0.52
2017-09-21,0.02,26.48,70.3,24.29,1.13,0.52
2017-09-22,0.44,27.35,72.33,23.27,0.89,0.52
2017-09-23,0.42,27.5,72.31,21.73,1.09,0.52
2017-09-24,0.49,27.73,70.22,20.53,0.83,0.52
2017-09-25,0.75,27.23,72.91,22.41,0.86,0.52
2017-09-26,0.58,28.1,70.94,24.67,0.84,0.52
2017-09-27,0.36,28.05,70.81,23.63,1.03,0.52
2017-09-28,0.21,27.92,71.23,23.66,0.99,0.51
2017-09-29,0.29,27.26,73.75,22.75,1.33,0.51
2017-09-30,1.03,27.53,73.22,23.1,1.12,0.51
2017-10-01,0.19,27.85,70.5,24.35,0.91,0.51
2017-10-02,0.37,27.92,68.01,24.82,0.8,0.51
2017-10-03,0.31,28.15,68.16,23.99,0.88,0.51
2017-10-04,2.26,28.15,71.69,22.42,0.97,0.51
2017-10-05,15.08,27.62,78.9,23.11,0.98,0.53
2017-10-06,8.03,27.45,78.88,23.85,1.06,0.55
2017-10-07,14.51,26.47,82.39,19.68,1.35,0.57
2017-10-08,3.91,26.74,80.51,20.52,1.24,0.58
2017-10-09,1.29,27.49,79.41,23.65,1.03,0.57
2017-10-10,0.33,28.12,77.39,25.23,0.89,0.56
2017-10-11,0.13,27.75,75.82,24.77,1.2,0.56
2017-10-12,0.07,28.45,72.59,24.94,0.97,0.55
2017-10-13,0.13,27.71,72.37,23.31,1.29,0.55
2017-10-14,0.4,27.86,74.34,24.73,1.29,0.54
2017-10-15,3.98,27.33,77.32,21.38,1.27,0.54
2017-10-16,2.99,27.82,74.83,20.13,1.11,0.55
2017-10-17,2.58,26.5,79.32,20.55,0.78,0.55
2017-10-18,0.66,27.56,76.47,23.39,1.28,0.55
2017-10-19,0.09,28.33,68.18,26.79,1.14,0.54
2017-10-20,0.02,28.23,66.79,26.4,1.08,0.54
2017-10-21,0.24,28.75,65.19,25.66,0.71,0.53
2017-10-22,0.37,28.18,70.22,23.87,0.65,0.53
2017-10-23,3.77,28.88,69.12,22.03,0.6,0.53
2017-10-24,21.8,27.89,76.48,21.93,0.55,0.56
2017-10-25,7.78,27.52,78.44,24.24,0.63,0.58
2017-10-26,3.99,28.47,73.72,25.06,0.53,0.58
2017-10-27,0.36,28.18,74.25,25.96,0.86,0.57
2017-10-28,0.08,28.23,70.94,27.27,0.85,0.57
2017-10-29,0.03,27.81,68.73,28.11,1.04,0.56
2017-10-30,0.03,28.27,68.1,26.94,0.76,0.55
2017-10-31,0.01,28.6,66.45,26.41,0.61,0.55
2017-11-01,0.25,28.94,67.4,25.08,0.67,0.54
2017-11-02,0.36,28.45,70.39,22.1,0.86,0.54
2017-11-03,0.61,28.35,72.7,24.71,0.74,0.54
2017-11-04,13.94,28.9,72.89,21.52,0.67,0.54
2017-11-05,26.61,26.68,79.15,19.0,0.77,0.6
2017-11-06,2.71,27.72,73.8,15.87,0.89,0.6
2017-11-07,0.14,28.13,73.38,18.49,0.82,0.59
2017-11-08,0.76,28.0,75.66,22.94,0.57,0.58
2017-11-09,3.94,27.52,78.95,25.3,0.93,0.58
2017-11-10,7.08,26.74,82.89,22.02,1.09,0.58
2017-11-11,6.84,27.85,78.81,22.14,0.92,0.59
2017-11-12,3.42,27.72,78.35,18.45,0.44,0.59
2017-11-13,16.51,25.66,86.7,15.38,0.81,0.6
2017-11-14,36.7,25.41,87.53,12.51,0.68,0.63
2017-11-15,8.57,27.17,76.56,18.6,0.51,0.66
2017-11-16,4.32,26.75,80.06,19.34,0.77,0.66
2017-11-17,12.25,26.41,82.63,18.76,0.57,0.64
2017-11-18,18.35,27.19,80.63,22.05,0.55,0.66
2017-11-19,18.24,26.6,83.48,20.67,0.59,0.69
2017-11-20,18.03,25.81,85.98,19.7,0.75,0.7
2017-11-21,24.58,25.5,90.04,9.27,1.08,0.71
2017-11-22,4.59,25.91,88.08,17.91,0.95,0.72
2017-11-23,13.39,26.45,84.6,21.76,0.88,0.7
2017-11-24,37.76,25.65,88.21,11.0,0.74,0.74
2017-11-25,2.92,27.17,78.9,18.16,0.5,0.73
2017-11-26,7.32,27.41,81.53,19.32,0.6,0.72
2017-11-27,4.55,26.08,88.42,21.21,0.91,0.71
2017-11-28,11.47,26.33,87.94,16.44,0.95,0.71
2017-11-29,4.36,26.29,85.98,20.0,0.86,0.71
2017-11-30,5.96,26.02,89.42,14.13,1.28,0.71
2017-12-01,2.63,25.94,85.93,10.03,1.02,0.7
2017-12-02,1.19,26.56,82.71,11.69,1.01,0.7
2017-12-03,0.72,26.95,82.18,18.74,0.91,0.69
2017-12-04,8.08,28.0,79.11,21.79,0.66,0.68
2017-12-05,2.58,27.55,80.45,22.63,0.42,0.69
2017-12-06,4.64,26.7,86.94,21.35,0.68,0.69
2017-12-07,4.91,26.75,86.12,19.34,0.81,0.69
2017-12-08,1.61,27.25,80.1,23.98,0.67,0.69
2017-12-09,3.42,27.22,81.0,22.71,0.47,0.68
2017-12-10,20.6,26.38,87.74,20.99,0.77,0.7
2017-12-11,7.03,26.8,85.12,21.99,0.63,0.72
2017-12-12,3.44,26.23,89.8,24.89,0.41,0.72
2017-12-13,2.2,26.63,88.85,24.86,0.35,0.71
2017-12-14,6.93,26.27,88.27,22.89,0.71,0.72
2017-12-15,3.66,26.81,81.78,22.56,0.63,0.72
2017-12-16,6.1,26.63,84.54,20.63,0.65,0.71
2017-12-17,16.32,26.27,84.43,18.18,0.64,0.73
2017-12-18,5.73,26.52,83.18,19.18,0.72,0.73
2017-12-19,26.59,25.91,86.38,18.44,0.74,0.74
2017-12-20,9.35,25.59,86.52,13.28,0.97,0.76
2017-12-21,8.91,26.31,80.6,13.55,0.79,0.75
2017-12-22,7.79,26.29,84.35,20.15,0.93,0.76
2017-12-23,6.12,26.11,84.15,21.68,0.82,0.75
2017-12-24,13.89,26.68,84.06,20.18,0.73,0.76
2017-12-25,11.08,25.72,90.59,18.12,1.01,0.76
2017-12-26,11.41,26.46,87.2,14.17,1.53,0.77
2017-12-27,5.43,26.11,88.51,19.17,1.44,0.77
2017-12-28,1.73,25.94,87.66,16.21,1.33,0.76
2017-12-29,6.28,25.65,89.39,16.25,1.0,0.76
2017-12-30,9.1,25.35,92.19,16.11,0.88,0.76
2017-12-31,7.57,25.6,84.21,19.25,0.62,0.78
2018-01-01,6.89,25.87,84.91,23.0,0.78,0.77
2018-01-02,3.14,27.08,80.57,23.1,0.64,0.76
2018-01-03,1.6,27.65,78.78,21.62,0.59,0.76
2018-01-04,0.93,27.6,79.56,22.2,0.46,0.75
2018-01-05,7.08,25.94,90.94,22.23,0.64,0.75
2018-01-06,2.23,25.97,86.33,19.25,0.83,0.76
2018-01-07,6.95,25.18,90.25,15.92,1.02,0.76
2018-01-08,2.05,26.29,82.38,23.88,0.59,0.76
2018-01-09,7.51,25.65,88.93,20.73,0.96,0.77
2018-01-10,5.8,25.56,89.0,18.43,0.87,0.77
2018-01-11,21.11,25.42,89.21,15.45,0.97,0.78
2018-01-12,27.7,25.08,90.8,12.09,1.17,0.81
2018-01-13,11.2,25.18,88.42,15.55,0.91,0.82
2018-01-14,5.77,24.95,88.0,17.4,0.77,0.81
2018-01-15,5.73,24.75,88.8,14.66,1.04,0.81
2018-01-16,4.22,25.25,86.41,15.08,1.36,0.8
2018-01-17,4.1,25.64,85.29,16.59,0.95,0.8
2018-01-18,8.75,25.53,85.6,16.58,0.8,0.8
2018-01-19,5.95,25.54,85.55,17.33,0.81,0.81
2018-01-20,10.43,24.77,87.36,11.7,0.9,0.8
2018-01-21,20.54,25.24,89.81,16.94,0.79,0.82
2018-01-22,13.5,25.54,89.82,19.67,1.38,0.83
2018-01-23,21.12,25.41,93.3,12.11,1.33,0.85
2018-01-24,10.14,25.63,92.32,15.2,1.07,0.85
2018-01-25,21.21,25.43,92.71,9.18,1.29,0.85
2018-01-26,16.32,25.29,93.21,13.38,1.4,0.87
2018-01-27,21.69,25.48,92.25,15.4,1.66,0.88
2018-01-28,9.25,25.71,92.68,14.47,1.72,0.88
2018-01-29,12.95,25.4,91.1,13.89,2.09,0.88
2018-01-30,5.12,25.53,89.16,20.51,1.61,0.88
2018-01-31,19.65,25.3,93.05,10.69,1.57,0.88
2018-02-01,28.1,25.46,93.5,8.76,1.34,0.89
2018-02-02,20.03,25.78,90.55,16.41,0.87,0.9
2018-02-03,6.4,25.69,89.09,20.7,1.02,0.89
2018-02-04,5.63,26.2,84.48,23.19,0.69,0.89
2018-02-05,5.19,26.24,85.46,24.84,0.79,0.88
2018-02-06,1.5,25.89,85.09,25.87,0.88,0.88
2018-02-07,3.67,25.84,83.48,23.41,0.68,0.87
2018-02-08,3.2,25.5,85.22,24.14,0.75,0.87
2018-02-09,4.89,25.79,84.35,22.53,0.56,0.87
2018-02-10,2.26,26.25,82.67,23.26,0.56,0.86
2018-02-11,22.11,25.9,84.64,24.27,0.72,0.87
2018-02-12,18.07,24.76,90.2,19.22,1.19,0.89
2018-02-13,4.97,25.67,89.92,20.63,0.96,0.89
2018-02-14,18.08,25.32,91.76,15.96,0.96,0.89
2018-02-15,6.36,25.4,91.86,11.85,1.12,0.9
2018-02-16,4.91,25.0,91.52,19.43,1.31,0.89
2018-02-17,9.37,25.86,90.51,19.55,1.45,0.89
2018-02-18,1.18,25.82,86.74,22.8,0.99,0.89
2018-02-19,0.57,25.84,86.85,24.1,0.86,0.88
2018-02-20,1.23,26.13,85.55,20.35,0.93,0.88
2018-02-21,2.65,25.57,90.21,22.07,0.97,0.87
2018-02-22,2.48,25.83,88.44,16.21,0.82,0.87
2018-02-23,8.2,25.25,92.24,22.43,0.89,0.87
2018-02-24,9.05,25.14,91.06,16.88,0.65,0.88
2018-02-25,4.28,25.16,92.13,21.31,0.96,0.88
2018-02-26,3.45,25.97,85.94,23.58,0.54,0.88
2018-02-27,0.62,26.12,77.17,24.81,0.61,0.88
2018-02-28,0.82,26.86,82.44,23.84,0.62,0.87
2018-03-01,1.34,25.99,88.01,22.0,0.9,0.86
2018-03-02,13.66,25.99,86.29,22.59,0.69,0.86
2018-03-03,13.4,25.87,87.54,20.43,0.83,0.88
2018-03-04,1.3,26.59,85.14,20.99,0.55,0.87
2018-03-05,14.27,26.5,88.53,20.31,0.47,0.87
2018-03-06,5.58,26.39,89.44,22.77,0.43,0.88
2018-03-07,12.36,26.27,87.35,19.66,0.72,0.89
2018-03-08,3.26,26.08,89.25,15.91,1.05,0.88
2018-03-09,2.24,25.75,89.15,22.74,0.81,0.88
2018-03-10,1.65,26.78,83.52,24.1,0.76,0.88
2018-03-11,3.01,26.82,82.06,24.29,0.61,0.87
2018-03-12,5.38,26.64,83.1,19.5,0.59,0.87
2018-03-13,5.43,26.68,84.78,22.0,0.58,0.86
2018-03-14,6.47,25.39,89.67,18.06,0.78,0.87
2018-03-15,2.74,25.66,85.49,16.4,0.46,0.87
2018-03-16,8.62,26.22,84.81,21.91,0.68,0.87
2018-03-17,5.93,26.61,79.61,22.47,0.57,0.87
2018-03-18,30.52,25.69,83.21,21.58,0.66,0.88
2018-03-19,4.24,26.6,81.86,24.73,0.67,0.9
2018-03-20,0.14,25.98,83.0,23.63,0.93,0.88
2018-03-21,1.48,25.68,87.72,22.57,0.99,0.87
2018-03-22,9.88,25.23,89.37,16.79,0.94,0.87
2018-03-23,8.77,26.42,82.42,22.88,0.54,0.88
2018-03-24,1.77,26.27,84.17,22.99,0.76,0.88
2018-03-25,4.16,27.06,82.13,23.75,0.67,0.87
2018-03-26,3.18,25.87,85.86,23.05,0.75,0.87
2018-03-27,0.92,26.8,81.41,22.54,0.67,0.86
2018-03-28,0.78,26.93,80.85,24.94,0.69,0.86
2018-03-29,3.42,26.5,85.81,23.5,0.97,0.85
2018-03-30,6.25,26.16,86.59,21.09,0.92,0.85
2018-03-31,3.63,25.92,87.42,22.2,0.89,0.85
2018-04-01,5.74,26.76,83.6,20.01,0.44,0.85
2018-04-02,1.56,26.88,81.5,23.87,0.6,0.85
2018-04-03,0.76,26.62,83.98,23.57,0.8,0.84
2018-04-04,0.26,26.43,85.34,22.26,0.77,0.84
2018-04-05,0.11,27.13,80.47,25.13,0.85,0.83
2018-04-06,0.07,27.38,80.19,24.65,0.76,0.82
2018-04-07,1.02,26.75,80.58,20.45,0.73,0.82
2018-04-08,0.14,27.11,75.18,23.77,0.71,0.82
2018-04-09,0.42,26.86,80.75,22.95,0.94,0.81
2018-04-10,0.65,26.83,81.82,23.06,0.96,0.81
2018-04-11,0.19,26.75,82.07,23.01,0.93,0.8
2018-04-12,0.22,26.98,83.11,21.89,0.69,0.79
2018-04-13,0.16,26.95,84.7,23.85,1.05,0.79
2018-04-14,0.02,27.34,82.48,24.89,0.89,0.79
2018-04-15,0.08,27.17,83.63,23.89,1.07,0.78
2018-04-16,1.72,26.62,88.92,20.93,0.88,0.78
2018-04-17,3.62,26.55,87.19,20.57,0.75,0.78
2018-04-18,0.34,27.04,81.06,23.05,1.03,0.78
2018-04-19,0.66,26.69,82.18,21.25,0.95,0.78
2018-04-20,0.76,26.54,83.78,21.34,0.82,0.77
2018-04-21,4.29,26.43,85.49,15.92,0.82,0.77
2018-04-22,1.23,26.56,84.33,20.88,1.11,0.78
2018-04-23,0.05,26.6,82.24,22.67,1.24,0.77
2018-04-24,0.04,26.35,82.61,23.97,1.15,0.76
2018-04-25,0.13,26.26,83.22,20.69,0.89,0.76
2018-04-26,0.31,26.35,80.57,20.66,1.0,0.75
2018-04-27,0.11,26.3,80.51,21.63,1.06,0.75
2018-04-28,0.03,25.74,81.17,23.45,1.31,0.74
2018-04-29,0.05,25.41,81.84,23.58,1.25,0.74
2018-04-30,0.06,25.44,80.73,22.4,1.14,0.73
2018-05-01,0.0,25.22,80.83,23.49,1.19,0.73
2018-05-02,0.08,25.08,79.6,20.75,1.07,0.72
2018-05-03,0.02,24.8,80.24,22.48,1.09,0.72
2018-05-04,0.12,25.31,81.77,22.86,1.01,0.72
2018-05-05,0.03,25.75,82.57,21.54,1.04,0.71
2018-05-06,0.11,26.22,83.51,22.17,1.12,0.71
2018-05-07,0.07,25.93,82.46,22.94,1.3,0.7
2018-05-08,0.08,25.4,81.57,22.17,1.28,0.7
2018-05-09,0.14,25.6,80.86,22.48,1.22,0.7
2018-05-10,0.12,25.62,83.02,22.01,1.29,0.69
2018-05-11,0.03,25.87,81.3,21.85,1.36,0.69
2018-05-12,0.11,26.1,80.87,21.6,1.3,0.68
2018-05-13,0.4,26.1,83.17,19.79,1.14,0.68
2018-05-14,0.45,25.88,84.65,15.04,1.24,0.68
2018-05-15,0.91,25.68,87.61,16.37,1.21,0.68
2018-05-16,0.78,25.41,86.97,17.13,1.32,0.68
2018-05-17,0.3,25.29,82.53,18.41,1.45,0.68
2018-05-18,0.24,25.09,81.55,18.89,1.28,0.67
2018-05-19,0.23,25.08,82.32,19.85,1.3,0.67
2018-05-20,0.3,25.57,82.41,18.12,1.17,0.66
2018-05-21,0.33,25.54,84.83,19.3,1.19,0.66
2018-05-22,0.29,25.96,84.1,20.18,1.2,0.66
2018-05-23,0.16,26.33,82.88,19.77,1.24,0.65
2018-05-24,0.28,26.24,83.19,17.55,1.27,0.65
2018-05-25,0.09,26.43,83.31,19.56,1.05,0.65
2018-05-26,0.52,26.18,83.53,20.7,1.11,0.64
2018-05-27,0.43,25.63,84.19,18.53,1.42,0.64
2018-05-28,0.21,25.31,81.73,18.82,1.45,0.64
2018-05-29,0.05,24.84,79.31,21.08,1.45,0.63
2018-05-30,0.04,24.96,80.02,20.23,1.13,0.63
2018-05-31,0.19,25.35,81.91,19.81,0.91,0.63
2018-06-01,0.18,25.21,82.26,19.97,1.11,0.62
2018-06-02,0.37,24.77,85.28,20.24,1.18,0.62
2018-06-03,0.33,25.44,81.74,19.81,1.19,0.62
2018-06-04,0.16,26.01,79.86,19.6,0.79,0.62
2018-06-05,0.11,26.6,79.7,19.4,0.74,0.61
2018-06-06,0.05,26.5,79.86,18.26,0.66,0.61
2018-06-07,0.04,26.09,80.3,20.74,0.86,0.61
2018-06-08,0.04,25.66,80.8,18.83,1.04,0.6
2018-06-09,0.06,25.57,80.31,20.23,1.19,0.6
2018-06-10,0.17,26.02,81.71,19.42,1.24,0.6
2018-06-11,0.85,25.88,83.48,16.72,1.37,0.6
2018-06-12,0.1,25.16,77.97,20.8,1.42,0.59
2018-06-13,0.03,24.72,77.79,20.66,1.29,0.59
2018-06-14,0.04,24.53,78.48,20.73,1.25,0.59
2018-06-15,0.09,25.15,78.65,19.63,1.18,0.59
2018-06-16,0.09,25.72,78.46,18.53,1.01,0.58
2018-06-17,0.01,25.45,75.21,20.81,1.18,0.58
2018-06-18,0.04,25.38,79.21,18.0,1.17,0.58
2018-06-19,0.64,25.43,82.43,10.6,1.3,0.58
2018-06-20,1.01,25.15,84.25,13.74,1.38,0.58
2018-06-21,11.17,24.84,86.02,12.14,1.2,0.59
2018-06-22,3.8,25.03,82.47,18.2,1.38,0.6
2018-06-23,0.45,25.34,80.72,18.06,1.21,0.6
2018-06-24,0.25,24.85,79.93,17.16,1.41,0.6
2018-06-25,0.21,24.73,77.93,19.04,1.5,0.59
2018-06-26,0.4,24.78,78.66,17.3,1.41,0.59
2018-06-27,0.46,24.56,80.88,16.92,1.37,0.58
2018-06-28,0.78,24.86,80.93,17.68,1.35,0.58
2018-06-29,0.67,24.56,81.53,17.46,1.54,0.58
2018-06-30,0.44,24.47,79.37,19.29,1.46,0.58
2018-07-01,0.07,24.7,75.73,20.42,1.28,0.57
2018-07-02,0.17,25.06,79.73,20.05,1.25,0.57
2018-07-03,1.05,25.23,82.66,16.11,1.42,0.57
2018-07-04,0.34,24.79,77.91,20.07,1.66,0.57
2018-07-05,0.09,23.98,74.49,19.9,1.56,0.56
2018-07-06,0.15,24.45,74.76,18.84,1.39,0.56
2018-07-07,0.07,24.67,73.31,20.79,1.29,0.56
2018-07-08,0.32,25.11,76.84,20.25,1.24,0.56
2018-07-09,0.77,24.69,79.61,20.33,1.49,0.56
2018-07-10,0.37,24.38,74.63,19.67,1.45,0.55
2018-07-11,0.31,24.6,76.79,20.3,1.21,0.55
2018-07-12,0.27,24.6,76.27,19.84,1.42,0.55
2018-07-13,0.26,24.38,74.31,18.26,1.4,0.55
2018-07-14,0.04,24.18,71.95,18.07,1.38,0.55
2018-07-15,1.41,23.66,75.17,18.01,1.4,0.55
2018-07-16,0.05,24.15,75.34,19.86,1.18,0.55
2018-07-17,0.12,24.72,76.01,20.05,1.16,0.55
2018-07-18,0.14,25.34,76.66,19.69,1.09,0.54
2018-07-19,0.17,25.49,76.43,20.15,1.21,0.54
2018-07-20,0.04,25.92,76.83,19.89,0.94,0.54
2018-07-21,0.36,26.34,77.51,15.81,0.84,0.54
2018-07-22,0.21,26.32,76.7,17.53,1.04,0.54
2018-07-23,0.13,25.47,75.01,20.19,1.45,0.54
2018-07-24,0.0,24.63,68.14,22.11,1.35,0.54
2018-07-25,0.0,25.14,71.55,21.66,1.11,0.53
2018-07-26,0.07,25.34,74.46,19.72,1.09,0.53
2018-07-27,0.2,25.37,77.1,17.97,1.28,0.53
2018-07-28,0.09,25.28,75.7,18.62,1.2,0.53
2018-07-29,0.06,25.67,73.62,20.45,1.08,0.53
2018-07-30,0.01,25.99,73.41,20.88,0.92,0.53
2018-07-31,0.35,26.08,73.18,20.88,0.9,0.53
2018-08-01,0.47,25.41,77.09,20.18,1.15,0.53
2018-08-02,0.25,24.29,74.14,21.25,1.61,0.53
2018-08-03,0.21,23.59,69.93,21.21,1.39,0.53
2018-08-04,0.23,24.16,73.79,18.05,1.18,0.53
2018-08-05,0.42,23.88,76.21,17.65,1.51,0.52
2018-08-06,0.24,23.96,76.49,19.28,1.53,0.52
2018-08-07,0.07,25.01,73.88,21.75,1.31,0.52
2018-08-08,0.05,25.55,74.62,21.02,1.17,0.52
2018-08-09,0.05,25.94,73.92,21.44,0.93,0.52
2018-08-10,1.06,25.33,78.67,19.26,1.28,0.52
2018-08-11,41.0,24.02,83.53,18.87,1.63,0.55
2018-08-12,9.62,24.03,79.55,21.27,1.51,0.6
2018-08-13,0.0,24.96,76.84,22.19,1.11,0.6
2018-08-14,0.11,24.71,77.26,22.44,1.25,0.58
2018-08-15,0.1,24.55,75.2,21.7,1.32,0.58
2018-08-16,0.84,24.39,75.93,17.91,1.25,0.57
2018-08-17,0.35,24.49,75.61,20.9,1.09,0.56
2018-08-18,0.12,24.74,75.56,21.88,1.28,0.56
2018-08-19,0.28,25.06,76.05,22.32,1.18,0.55
2018-08-20,0.06,25.66,74.75,22.42,1.01,0.55
2018-08-21,0.06,25.9,72.55,21.49,0.91,0.55
2018-08-22,0.05,25.77,73.02,23.03,1.15,0.54
2018-08-23,0.08,25.43,73.16,21.72,1.27,0.54
2018-08-24,0.0,25.1,68.77,22.1,1.23,0.54
2018-08-25,0.0,25.42,68.89,23.59,0.88,0.53
2018-08-26,0.02,25.73,71.63,22.04,0.98,0.53
2018-08-27,0.05,26.23,72.96,21.95,0.83,0.53
2018-08-28,0.23,26.74,73.63,20.85,0.62,0.53
2018-08-29,0.25,26.75,71.13,18.41,0.58,0.53
2018-08-30,0.29,26.11,73.26,21.94,0.87,0.53
2018-08-31,0.25,26.08,76.07,21.31,1.13,0.52
2018-09-01,4.27,25.77,78.21,19.12,1.28,0.53
2018-09-02,0.54,25.61,75.26,23.49,1.41,0.53
2018-09-03,0.27,25.31,72.67,22.91,1.34,0.53
2018-09-04,0.28,25.81,74.12,20.01,1.18,0.53
2018-09-05,0.24,26.1,73.25,19.94,1.2,0.52
2018-09-06,3.64,26.14,75.09,20.54,0.96,0.52
2018-09-07,2.59,26.35,74.0,22.94,1.04,0.53
2018-09-08,0.09,26.01,72.21,25.22,1.32,0.53
2018-09-09,0.0,26.81,70.4,25.11,0.9,0.53
2018-09-10,0.05,26.92,70.06,24.71,0.9,0.52
2018-09-11,0.11,26.53,71.77,24.1,1.22,0.52
2018-09-12,0.04,26.2,67.32,25.58,1.17,0.52
2018-09-13,0.01,25.87,65.52,25.68,1.03,0.52
2018-09-14,0.22,25.68,69.66,23.94,1.13,0.52
2018-09-15,0.49,26.0,72.05,22.21,1.01,0.52
2018-09-16,0.06,27.24,69.01,24.1,0.9,0.51
2018-09-17,0.03,27.6,68.69,23.77,0.76,0.51
2018-09-18,0.62,27.35,71.11,22.83,0.81,0.51
2018-09-19,0.5,27.55,70.79,24.22,0.7,0.51
2018-09-20,0.09,27.68,67.67,22.59,0.87,0.51
2018-09-21,0.02,27.07,66.81,25.0,1.04,0.51
2018-09-22,0.01,27.28,67.81,24.8,0.83,0.51
2018-09-23,0.27,27.19,70.12,22.97,0.95,0.51
2018-09-24,0.12,27.95,66.91,24.44,0.9,0.51
2018-09-25,0.03,27.86,65.08,26.02,0.89,0.51
2018-09-26,0.0,27.52,61.83,26.74,0.8,0.5
2018-09-27,0.0,27.05,62.39,25.95,0.86,0.5
2018-09-28,0.03,27.44,66.68,23.37,0.95,0.5
2018-09-29,0.03,28.18,65.38,24.71,0.8,0.5
2018-09-30,0.06,28.34,64.71,24.92,0.74,0.5
2018-10-01,0.32,28.34,67.53,24.57,0.79,0.5
2018-10-02,0.03,28.45,62.57,25.72,0.89,0.5
2018-10-03,0.11,27.67,63.95,26.02,0.89,0.5
2018-10-04,0.12,27.86,65.27,23.66,0.8,0.5
2018-10-05,0.06,28.74,63.54,24.93,0.67,0.5
2018-10-06,0.12,28.58,66.12,24.34,0.87,0.5
2018-10-07,0.05,28.4,64.99,25.65,0.95,0.5
2018-10-08,0.0,28.08,64.16,27.33,1.04,0.5
2018-10-09,0.03,27.73,64.49,27.41,1.01,0.5
2018-10-10,0.03,28.1,64.82,26.9,0.81,0.5
2018-10-11,0.03,28.23,65.08,26.7,0.87,0.5
2018-10-12,0.04,28.5,64.54,26.36,0.82,0.5
2018-10-13,0.11,28.21,64.77,26.23,0.9,0.5
2018-10-14,0.21,28.21,67.32,24.58,1.04,0.5
2018-10-15,0.31,28.28,67.37,25.75,1.24,0.5
2018-10-16,0.21,28.4,65.79,25.99,1.21,0.5
2018-10-17,0.08,28.65,62.62,25.43,1.07,0.5
2018-10-18,0.09,27.98,64.5,23.98,1.27,0.5
2018-10-19,0.1,27.69,65.0,24.37,1.28,0.5
2018-10-20,0.09,28.25,63.81,24.64,1.12,0.5
2018-10-21,0.4,28.77,64.97,25.15,0.75,0.5
2018-10-22,0.38,29.04,65.47,24.4,0.87,0.5
2018-10-23,0.29,29.4,63.0,25.34,0.78,0.5
2018-10-24,0.05,29.55,58.45,27.17,0.77,0.5
2018-10-25,0.05,28.83,62.36,26.2,0.96,0.5
2018-10-26,0.01,28.79,62.08,25.86,1.12,0.5
2018-10-27,0.03,28.38,65.34,24.76,1.19,0.5
2018-10-28,0.18,28.66,61.68,26.31,1.06,0.5
2018-10-29,0.08,29.04,62.05,26.62,0.85,0.5
2018-10-30,0.02,28.76,59.91,27.83,1.06,0.5
2018-10-31,0.06,28.53,64.78,24.97,0.91,0.49
2018-11-01,0.27,29.32,62.28,23.8,0.73,0.49
2018-11-02,0.69,29.42,65.25,23.59,0.86,0.5
2018-11-03,1.02,29.37,68.54,24.22,0.95,0.5
2018-11-04,14.8,28.28,77.66,22.54,1.0,0.51
2018-11-05,5.05,28.16,77.27,21.28,0.75,0.53
2018-11-06,2.38,28.3,76.29,22.58,0.86,0.53
2018-11-07,10.22,28.02,77.99,21.55,0.73,0.53
2018-11-08,20.43,27.13,83.44,17.97,0.65,0.58
2018-11-09,33.61,26.07,89.08,19.83,0.65,0.61
2018-11-10,0.85,28.0,78.02,25.38,0.6,0.62
2018-11-11,7.69,28.03,78.03,22.12,0.66,0.6
2018-11-12,8.07,27.05,81.83,20.58,1.05,0.61
2018-11-13,4.95,27.75,79.01,23.5,0.94,0.61
2018-11-14,1.7,28.22,77.89,24.09,0.95,0.6
2018-11-15,0.98,27.65,79.87,20.87,1.03,0.59
2018-11-16,0.33,28.37,75.77,24.33,0.84,0.58
2018-11-17,0.14,28.65,74.04,26.06,0.59,0.57
2018-11-18,3.39,28.19,77.66,23.7,0.55,0.57
2018-11-19,3.83,28.57,75.11,24.25,0.64,0.57
2018-11-20,0.72,28.33,73.0,24.82,0.8,0.57
2018-11-21,0.61,28.1,73.39,24.19,0.64,0.56
2018-11-22,2.51,27.91,73.48,24.5,0.91,0.56
2018-11-23,1.94,27.2,74.49,23.53,1.08,0.55
2018-11-24,1.79,27.13,74.93,20.22,0.85,0.55
2018-11-25,5.96,26.12,82.5,21.0,0.88,0.56
2018-11-26,8.24,25.73,84.1,18.42,0.64,0.57
2018-11-27,12.95,26.62,82.27,22.16,0.43,0.59
2018-11-28,3.29,27.09,81.02,22.17,0.52,0.59
2018-11-29,11.26,26.91,83.29,19.0,0.54,0.59
2018-11-30,11.76,26.3,87.55,19.65,0.38,0.62
2018-12-01,16.29,25.12,91.37,16.87,0.63,0.63
2018-12-02,8.45,25.71,86.28,16.34,0.82,0.64
2018-12-03,16.56,26.13,86.88,17.77,0.79,0.65
2018-12-04,3.06,27.55,82.38,25.1,0.76,0.66
2018-12-05,2.95,26.97,85.5,19.9,0.47,0.64
2018-12-06,11.43,26.61,88.48,22.71,0.67,0.65
2018-12-07,7.29,27.61,81.69,22.88,0.81,0.65
2018-12-08,3.93,27.72,81.66,21.1,0.58,0.65
2018-12-09,1.04,26.38,85.53,22.75,0.61,0.64
2018-12-10,0.11,27.48,77.76,22.03,0.48,0.63
2018-12-11,2.18,27.41,83.33,21.78,0.57,0.62
2018-12-12,3.51,27.07,85.56,21.67,0.86,0.62
2018-12-13,4.66,26.62,84.84,19.05,1.11,0.62
2018-12-14,1.08,27.21,82.19,21.8,0.9,0.62
2018-12-15,16.66,26.72,86.35,23.71,1.08,0.63
2018-12-16,2.98,26.31,84.41,19.07,0.82,0.65
2018-12-17,0.3,27.48,76.47,23.21,0.85,0.63
2018-12-18,2.22,27.6,75.14,21.67,0.58,0.62
2018-12-19,2.45,27.15,79.13,19.42,0.44,0.62
2018-12-20,0.4,26.71,81.11,22.26,0.41,0.62
2018-12-21,9.54,27.34,78.47,24.61,0.69,0.61
2018-12-22,2.82,26.92,80.91,19.99,0.92,0.62
2018-12-23,2.26,26.42,84.47,14.21,0.85,0.62
2018-12-24,12.26,25.62,86.99,16.01,0.91,0.63
2018-12-25,0.81,26.36,80.85,19.75,0.68,0.64
2018-12-26,1.02,27.57,77.99,21.8,0.56,0.63
2018-12-27,5.3,27.21,78.37,18.99,0.86,0.62
2018-12-28,8.56,26.11,80.78,9.73,1.0,0.63
2018-12-29,16.07,26.29,82.32,14.87,1.02,0.65
2018-12-30,4.64,26.44,88.23,18.73,1.08,0.65
2018-12-31,5.0,26.75,82.62,17.0,1.17,0.65
2019-01-01,23.46,25.99,88.39,16.48,1.38,0.66
2019-01-02,19.61,25.54,88.83,10.58,0.89,0.7
2019-01-03,18.59,25.06,90.88,5.08,1.25,0.71
2019-01-04,4.97,25.76,85.39,13.56,1.02,0.72
2019-01-05,1.15,26.51,83.1,22.85,0.94,0.7
2019-01-06,3.73,26.74,82.68,20.38,0.56,0.68
2019-01-07,2.18,27.3,80.83,22.98,0.42,0.68
2019-01-08,0.85,27.72,77.77,25.31,0.39,0.67
2019-01-09,0.3,27.39,81.4,25.42,0.71,0.66
2019-01-10,0.6,27.38,82.45,24.14,0.88,0.65
2019-01-11,2.46,26.6,87.16,22.55,0.71,0.65
2019-01-12,2.67,26.78,85.63,23.47,0.58,0.65
2019-01-13,7.47,27.29,82.89,24.08,0.41,0.66
2019-01-14,13.57,26.91,85.42,21.02,0.85,0.67
2019-01-15,15.34,26.04,86.82,19.45,1.11,0.69
2019-01-16,33.8,25.25,93.07,12.49,1.34,0.71
2019-01-17,35.77,25.72,86.6,12.69,0.99,0.74
2019-01-18,26.23,25.6,89.67,13.7,0.88,0.77
2019-01-19,4.05,26.49,75.55,20.55,0.72,0.76
2019-01-20,15.66,26.66,84.68,21.16,0.7,0.74
2019-01-21,31.1,26.64,87.24,21.75,0.6,0.77
2019-01-22,32.11,25.6,88.55,14.34,0.93,0.78
2019-01-23,23.63,25.12,90.66,9.55,1.66,0.81
2019-01-24,8.65,25.8,87.0,17.43,1.87,0.79
2019-01-25,3.1,25.93,86.72,19.27,1.59,0.78
2019-01-26,7.02,26.16,89.35,20.79,1.48,0.77
2019-01-27,13.03,26.26,88.7,12.33,1.81,0.78
2019-01-28,13.59,25.62,90.81,11.32,1.28,0.79
2019-01-29,1.9,25.37,87.97,16.91,1.14,0.78
2019-01-30,2.94,26.66,81.35,24.09,0.56,0.77
2019-01-31,4.62,26.66,83.92,20.13,0.67,0.77
2019-02-01,1.75,25.71,88.05,22.01,1.0,0.77
2019-02-02,10.48,26.09,87.66,22.12,0.95,0.77
2019-02-03,1.74,26.38,87.27,22.94,0.91,0.77
2019-02-04,7.4,26.16,89.53,20.81,1.11,0.77
2019-02-05,9.59,25.9,91.52,16.27,1.18,0.78
2019-02-06,14.18,25.45,91.05,14.77,1.25,0.79
2019-02-07,6.74,25.99,88.29,21.37,0.89,0.8
2019-02-08,3.54,25.94,87.38,22.07,0.64,0.79
2019-02-09,3.52,25.99,87.87,23.29,0.76,0.79
2019-02-10,3.21,25.8,88.42,24.07,0.78,0.79
2019-02-11,32.82,26.14,87.77,17.72,0.91,0.8
2019-02-12,63.49,25.53,91.12,12.73,0.89,0.86
2019-02-13,14.77,25.14,89.89,7.98,0.96,0.88
2019-02-14,0.92,26.67,80.24,26.3,0.61,0.85
2019-02-15,1.84,27.42,81.33,25.24,0.5,0.83
2019-02-16,0.68,27.71,77.29,25.97,0.47,0.82
2019-02-17,1.41,26.27,86.35,21.89,0.72,0.81
2019-02-18,15.94,25.82,89.31,16.54,0.87,0.82
2019-02-19,1.02,26.33,85.08,18.77,0.77,0.82
2019-02-20,1.86,25.87,85.64,21.24,0.69,0.82
2019-02-21,1.45,26.35,83.73,22.09,0.67,0.81
2019-02-22,1.56,26.02,88.73,22.13,0.44,0.81
2019-02-23,2.43,27.17,81.13,23.49,0.35,0.8
2019-02-24,1.37,27.16,81.47,26.08,0.78,0.8
2019-02-25,0.16,27.23,81.26,26.19,0.61,0.79
2019-02-26,0.16,27.53,80.71,26.51,0.86,0.79
2019-02-27,0.7,27.8,80.63,23.87,0.86,0.78
2019-02-28,15.25,27.72,79.24,22.01,0.71,0.79
2019-03-01,1.05,27.53,80.13,22.99,0.86,0.8
2019-03-02,0.72,27.73,76.95,23.82,0.54,0.79
2019-03-03,4.77,27.39,80.52,21.61,0.64,0.78
2019-03-04,17.63,26.3,87.3,20.92,0.3,0.8
2019-03-05,6.07,26.34,83.75,20.03,0.52,0.81
2019-03-06,8.65,26.53,87.6,13.74,1.04,0.81
2019-03-07,29.58,25.51,93.97,9.9,1.25,0.83
2019-03-08,2.61,25.97,85.58,19.18,0.9,0.83
2019-03-09,1.25,27.17,81.26,20.92,0.56,0.82
2019-03-10,1.01,27.51,79.42,25.82,0.55,0.81
2019-03-11,4.05,27.05,80.16,24.85,0.4,0.81
2019-03-12,9.41,26.51,83.77,22.27,0.83,0.81
2019-03-13,25.17,25.73,87.44,19.12,0.55,0.83
2019-03-14,2.63,25.99,84.1,15.77,0.83,0.84
2019-03-15,6.3,25.01,88.6,18.55,1.01,0.83
2019-03-16,7.06,25.64,85.51,14.92,0.59,0.83
2019-03-17,8.11,25.27,90.35,15.79,0.97,0.84
2019-03-18,3.86,25.25,91.25,13.11,0.97,0.84
2019-03-19,9.09,25.65,88.89,20.43,0.98,0.84
2019-03-20,3.14,25.84,90.21,17.87,1.33,0.84
2019-03-21,11.88,25.88,91.72,15.51,1.34,0.84
2019-03-22,29.86,26.03,91.04,17.71,1.17,0.86
2019-03-23,33.48,25.96,91.57,10.33,1.28,0.89
2019-03-24,24.87,25.67,89.67,15.99,1.21,0.89
2019-03-25,8.72,26.22,87.23,17.49,0.96,0.89
2019-03-26,16.39,26.63,86.69,20.18,0.63,0.89
2019-03-27,11.11,26.45,87.42,20.55,0.49,0.89
2019-03-28,1.24,26.01,86.99,21.38,0.55,0.89
2019-03-29,0.78,26.43,83.78,22.29,0.42,0.88
2019-03-30,0.9,27.31,79.71,23.21,0.57,0.88
2019-03-31,0.91,26.84,81.7,23.8,0.7,0.87
2019-04-01,0.95,27.22,78.0,21.29,0.36,0.86
2019-04-02,3.19,26.89,81.0,22.64,0.35,0.86
2019-04-03,1.47,26.32,83.23,20.08,0.64,0.85
2019-04-04,3.52,26.16,85.91,17.6,0.51,0.85
2019-04-05,15.05,26.56,83.91,19.76,0.5,0.86
2019-04-06,6.89,26.44,86.38,18.32,0.7,0.87
2019-04-07,0.55,26.13,80.7,25.38,0.78,0.86
2019-04-08,0.26,26.28,84.55,21.72,0.78,0.85
2019-04-09,1.41,27.13,84.36,19.57,0.67,0.85
2019-04-10,6.3,26.28,90.89,19.27,0.57,0.85
2019-04-11,1.15,26.56,88.35,19.1,0.72,0.85
2019-04-12,13.2,26.69,88.15,17.33,0.73,0.85
2019-04-13,7.19,27.41,82.67,19.81,0.7,0.86
2019-04-14,2.97,25.97,90.76,18.91,0.8,0.86
2019-04-15,1.77,26.82,83.38,19.29,0.48,0.85
2019-04-16,2.34,27.29,82.17,21.0,0.57,0.85
2019-04-17,0.93,26.76,84.1,22.04,0.95,0.84
2019-04-18,0.02,26.32,82.55,24.25,1.13,0.84
2019-04-19,2.88,26.28,84.33,23.37,1.13,0.83
2019-04-20,0.83,26.23,83.37,21.96,1.3,0.83
2019-04-21,0.19,26.42,83.27,19.43,1.24,0.82
2019-04-22,0.64,26.8,84.25,22.66,1.22,0.81
2019-04-23,0.28,26.39,83.79,22.01,1.31,0.8
2019-04-24,0.18,26.57,82.76,22.61,1.15,0.8
2019-04-25,0.49,26.39,83.84,21.04,1.16,0.79
2019-04-26,1.02,26.6,84.54,22.16,1.08,0.79
2019-04-27,2.33,26.74,85.43,19.39,0.91,0.78
2019-04-28,1.79,26.35,85.35,17.12,0.8,0.78
2019-04-29,9.46,25.96,89.43,13.46,0.68,0.79
2019-04-30,27.98,26.56,88.76,16.15,1.05,0.8
2019-05-01,9.67,26.74,81.98,17.44,0.54,0.83
2019-05-02,3.15,25.85,89.47,18.56,0.85,0.82
2019-05-03,0.61,26.23,86.26,21.34,0.83,0.81
2019-05-04,4.2,26.34,86.06,21.18,0.88,0.8
2019-05-05,3.14,26.6,86.17,21.55,1.1,0.8
2019-05-06,0.28,26.46,85.57,19.51,1.1,0.8
2019-05-07,0.01,25.99,83.17,21.22,1.27,0.79
2019-05-08,0.01,25.32,80.56,22.82,1.23,0.78
2019-05-09,0.09,25.37,82.69,20.52,1.29,0.78
2019-05-10,0.07,25.22,81.51,21.49,1.34,0.77
2019-05-11,0.06,25.19,81.93,21.57,1.27,0.77
2019-05-12,0.13,25.51,83.82,22.01,1.13,0.76
2019-05-13,0.19,25.85,83.66,21.91,1.12,0.76
2019-05-14,0.08,25.58,83.58,21.49,1.23,0.75
2019-05-15,0.13,25.53,83.2,21.99,1.24,0.75
2019-05-16,0.13,25.44,83.93,21.22,1.14,0.74
2019-05-17,0.05,25.03,83.48,22.14,1.17,0.74
2019-05-18,0.04,24.71,84.26,21.63,1.06,0.74
2019-05-19,0.09,25.08,84.12,22.21,1.28,0.73
2019-05-20,0.21,25.78,84.45,21.25,1.23,0.73
2019-05-21,0.23,25.9,84.77,21.31,1.3,0.72
2019-05-22,0.34,25.87,84.93,20.09,1.31,0.72
2019-05-23,0.09,26.11,82.59,19.61,1.17,0.72
2019-05-24,0.04,25.07,81.13,21.84,1.33,0.71
2019-05-25,0.18,25.15,83.44,21.14,1.29,0.71
2019-05-26,0.61,25.39,83.34,21.13,1.26,0.71
2019-05-27,0.43,25.56,83.31,20.21,1.21,0.7
2019-05-28,0.33,25.61,84.18,17.94,1.16,0.7
2019-05-29,0.22,25.55,81.99,19.42,1.35,0.7
2019-05-30,0.14,25.1,81.43,20.65,1.53,0.69
2019-05-31,0.11,24.78,81.0,18.94,1.54,0.69
2019-06-01,0.32,24.8,82.62,18.28,1.58,0.68
2019-06-02,0.35,24.83,83.48,18.83,1.43,0.68
2019-06-03,0.86,25.07,85.39,15.71,1.34,0.68
2019-06-04,0.51,25.18,83.69,16.51,1.24,0.68
2019-06-05,0.45,25.24,83.68,18.53,1.26,0.67
2019-06-06,0.13,25.02,82.19,20.08,1.28,0.67
2019-06-07,0.05,25.19,83.28,18.98,1.11,0.67
2019-06-08,0.49,25.11,83.98,18.88,1.19,0.66
2019-06-09,1.1,25.06,86.03,18.22,1.18,0.66
2019-06-10,0.81,25.42,84.43,19.28,1.12,0.66
2019-06-11,0.17,25.4,85.06,17.48,1.23,0.66
2019-06-12,0.75,25.08,85.02,17.51,1.46,0.65
2019-06-13,2.68,25.13,87.72,11.07,1.37,0.65
2019-06-14,1.12,25.36,86.13,16.9,1.3,0.65
2019-06-15,0.16,24.64,82.58,20.74,1.43,0.65
2019-06-16,0.14,24.2,82.86,17.89,1.12,0.65
2019-06-17,0.06,24.01,81.66,21.17,1.26,0.64
2019-06-18,0.14,24.3,80.01,21.13,1.04,0.64
2019-06-19,0.27,24.35,81.04,20.33,1.03,0.64
2019-06-20,0.02,24.35,79.52,19.1,1.06,0.63
2019-06-21,0.02,24.54,79.44,19.47,0.92,0.63
2019-06-22,0.01,24.49,78.8,19.18,1.1,0.62
2019-06-23,0.01,24.08,81.48,19.23,1.19,0.62
2019-06-24,0.05,24.53,81.2,20.15,1.04,0.62
2019-06-25,0.08,24.44,82.62,19.87,1.22,0.62
2019-06-26,0.01,23.67,78.95,21.13,1.28,0.61
2019-06-27,0.05,23.53,79.33,20.57,1.28,0.61
2019-06-28,0.03,23.22,76.24,19.93,1.51,0.61
2019-06-29,0.03,23.11,73.46,21.23,1.53,0.6
2019-06-30,0.02,23.28,78.28,17.65,1.09,0.6
2019-07-01,0.15,24.62,82.36,17.58,1.09,0.6
2019-07-02,0.39,25.11,83.14,15.39,0.94,0.6
2019-07-03,0.67,25.06,84.89,13.64,0.97,0.6
2019-07-04,0.07,25.23,80.03,17.84,1.05,0.6
2019-07-05,0.01,24.53,79.13,20.04,1.08,0.59
2019-07-06,0.01,23.75,75.49,21.61,1.38,0.59
2019-07-07,0.0,23.29,76.48,20.78,1.35,0.59
2019-07-08,0.01,23.47,76.16,21.04,1.27,0.58
2019-07-09,0.1,24.13,79.5,19.65,1.18,0.58
2019-07-10,0.16,24.18,77.5,19.97,1.26,0.58
2019-07-11,0.03,24.36,76.58,20.23,1.17,0.58
2019-07-12,0.05,24.35,76.83,20.66,1.38,0.58
2019-07-13,0.03,23.64,72.55,21.71,1.39,0.57
2019-07-14,0.06,23.82,76.15,19.17,1.16,0.57
2019-07-15,0.06,23.96,76.12,20.09,1.46,0.57
2019-07-16,0.2,23.83,77.42,19.85,1.4,0.57
2019-07-17,0.15,24.23,78.81,17.61,1.31,0.57
2019-07-18,0.03,25.15,77.47,18.95,1.1,0.56
2019-07-19,0.18,25.7,79.83,13.52,0.91,0.56
2019-07-20,0.12,25.54,79.62,19.66,1.09,0.56
2019-07-21,0.05,24.9,76.53,21.07,1.14,0.56
2019-07-22,0.06,24.6,77.97,20.61,1.26,0.56
2019-07-23,0.03,24.73,72.84,21.84,1.2,0.56
2019-07-24,0.02,24.39,77.19,20.97,0.98,0.55
2019-07-25,0.08,24.19,75.65,20.4,1.25,0.55
2019-07-26,0.0,24.6,73.04,21.28,1.04,0.55
2019-07-27,0.02,24.9,75.04,21.52,1.12,0.55
2019-07-28,0.09,25.02,74.8,22.01,0.99,0.55
2019-07-29,0.13,24.73,76.55,21.6,1.17,0.55
2019-07-30,0.07,24.67,75.83,21.86,1.29,0.55
2019-07-31,0.09,24.94,76.16,21.74,1.16,0.54
2019-08-01,0.1,25.1,75.55,21.34,1.11,0.54
2019-08-02,0.09,24.72,74.39,21.82,1.23,0.54
2019-08-03,0.03,24.08,70.9,20.74,1.63,0.54
2019-08-04,0.0,23.32,65.5,23.0,1.4,0.54
2019-08-05,0.04,23.71,70.39,22.35,1.24,0.54
2019-08-06,0.07,24.72,72.22,21.6,1.0,0.54
2019-08-07,0.12,24.51,74.91,20.2,1.17,0.54
2019-08-08,0.1,24.43,74.63,20.93,1.32,0.53
2019-08-09,0.02,24.42,75.25,20.75,1.3,0.53
2019-08-10,0.03,25.18,73.73,21.14,0.95,0.53
2019-08-11,0.01,25.79,73.35,20.69,0.78,0.53
2019-08-12,0.26,26.45,74.17,21.58,0.88,0.53
2019-08-13,0.28,26.19,75.49,20.93,0.84,0.53
2019-08-14,0.04,26.17,72.67,20.9,0.79,0.53
2019-08-15,0.0,25.74,67.46,23.03,0.93,0.53
2019-08-16,0.02,25.05,72.78,23.15,1.22,0.53
2019-08-17,0.11,24.69,74.98,21.8,1.38,0.53
2019-08-18,0.04,24.38,73.39,22.77,1.49,0.52
2019-08-19,0.03,24.85,72.01,23.1,1.34,0.52
2019-08-20,0.06,25.38,72.27,23.65,1.2,0.52
2019-08-21,0.08,25.99,72.26,22.06,0.95,0.52
2019-08-22,0.12,25.23,72.21,22.43,1.15,0.52
2019-08-23,0.12,24.84,74.63,21.79,1.28,0.52
2019-08-24,0.11,25.48,75.61,19.92,1.09,0.52
2019-08-25,0.06,26.07,73.66,20.82,1.11,0.52
2019-08-26,0.02,25.59,69.1,21.45,1.03,0.52
2019-08-27,0.06,25.04,72.93,22.26,1.16,0.52
2019-08-28,0.05,25.34,70.68,23.21,1.17,0.52
2019-08-29,0.13,25.3,71.57,24.28,0.98,0.52
2019-08-30,0.13,25.0,70.65,24.23,1.21,0.51
2019-08-31,0.01,24.54,68.99,24.07,1.47,0.51
2019-09-01,0.0,25.65,66.89,24.52,1.15,0.51
2019-09-02,0.0,25.7,65.61,25.16,1.04,0.51
2019-09-03,0.03,25.74,67.38,25.63,0.9,0.51
2019-09-04,0.01,25.39,69.9,23.58,0.98,0.51
2019-09-05,0.02,25.86,69.08,23.19,0.89,0.51
2019-09-06,0.06,26.25,69.76,23.03,1.0,0.51
2019-09-07,0.05,26.01,71.94,23.37,1.2,0.51
2019-09-08,0.03,26.32,70.15,21.31,1.05,0.51
2019-09-09,0.04,26.39,69.97,25.45,0.94,0.51
2019-09-10,0.02,25.87,70.58,25.53,1.2,0.51
2019-09-11,0.07,25.41,66.66,26.07,1.21,0.51
2019-09-12,0.38,24.25,69.72,22.38,1.33,0.51
2019-09-13,0.15,25.51,68.26,24.24,1.01,0.51
2019-09-14,0.04,25.94,67.35,24.39,0.88,0.51
2019-09-15,0.1,26.09,68.6,23.73,0.96,0.51
2019-09-16,0.05,26.68,68.16,24.3,0.93,0.51
2019-09-17,0.07,26.95,66.71,24.47,0.92,0.51
2019-09-18,0.04,26.36,69.81,24.59,1.06,0.5
2019-09-19,0.13,26.61,69.73,23.13,0.83,0.5
2019-09-20,0.02,26.85,67.86,24.78,0.96,0.5
2019-09-21,0.0,26.73,66.77,24.75,0.85,0.5
2019-09-22,0.0,26.83,65.42,25.51,0.9,0.5
2019-09-23,0.01,27.18,65.46,25.37,0.89,0.5
2019-09-24,0.03,27.8,66.78,24.71,0.76,0.5
2019-09-25,0.04,27.46,70.1,24.9,1.2,0.5
2019-09-26,2.23,27.5,70.43,24.2,0.86,0.5
2019-09-27,1.03,26.95,72.78,22.86,1.06,0.51
2019-09-28,0.05,26.78,71.94,24.87,1.22,0.51
2019-09-29,0.11,27.34,69.42,24.41,0.92,0.5
2019-09-30,0.1,27.02,68.24,25.28,1.14,0.5
2019-10-01,0.05,27.32,68.02,26.16,0.97,0.5
2019-10-02,0.11,27.79,67.51,24.82,0.92,0.5
2019-10-03,0.15,28.05,63.96,27.13,0.93,0.5
2019-10-04,0.01,27.17,64.53,27.32,1.13,0.5
2019-10-05,0.02,27.58,64.7,26.17,0.83,0.5
2019-10-06,0.04,28.21,64.07,25.98,0.73,0.5
2019-10-07,0.04,28.11,63.3,26.16,0.9,0.5
2019-10-08,0.01,28.03,64.24,26.35,0.79,0.5
2019-10-09,0.02,27.97,64.78,25.9,0.83,0.5
2019-10-10,0.02,28.62,63.19,26.87,0.73,0.5
2019-10-11,0.02,28.64,61.46,27.0,0.78,0.5
2019-10-12,0.0,28.58,60.48,27.02,0.65,0.5
2019-10-13,0.0,28.66,61.09,25.68,0.78,0.5
2019-10-14,0.01,28.27,63.32,26.26,0.8,0.5
2019-10-15,0.16,28.07,63.37,26.07,0.86,0.5
2019-10-16,0.12,27.69,63.17,25.86,0.95,0.5
2019-10-17,0.11,27.98,62.48,25.89,0.71,0.5
2019-10-18,0.02,28.41,64.52,26.44,0.87,0.5
2019-10-19,0.03,29.13,62.58,26.39,0.83,0.5
2019-10-20,0.1,29.25,63.6,27.09,1.03,0.5
2019-10-21,0.02,29.35,62.45,27.14,0.84,0.5
2019-10-22,0.03,29.26,62.36,27.17,0.77,0.5
2019-10-23,0.02,29.13,61.21,27.19,0.72,0.49
2019-10-24,0.04,29.45,58.62,27.11,0.64,0.49
2019-10-25,0.05,29.03,62.57,26.34,0.72,0.49
2019-10-26,0.01,29.02,62.14,26.23,0.82,0.49
2019-10-27,0.02,28.53,62.18,25.76,0.92,0.49
2019-10-28,0.03,28.86,61.97,26.04,0.88,0.49
2019-10-29,0.04,29.02,61.98,25.51,0.84,0.49
2019-10-30,0.12,29.01,64.77,25.4,0.92,0.49
2019-10-31,1.64,28.98,66.37,24.7,0.76,0.49
2019-11-01,1.49,28.9,66.35,23.66,0.69,0.5
2019-11-02,14.51,28.01,70.73,22.23,0.91,0.51
2019-11-03,4.18,27.83,72.15,24.7,1.03,0.53
2019-11-04,0.15,28.29,68.28,25.96,1.07,0.53
2019-11-05,0.04,28.77,64.69,27.13,0.88,0.52
2019-11-06,0.04,28.85,64.13,26.05,0.76,0.52
2019-11-07,0.04,29.09,65.16,26.69,0.72,0.52
2019-11-08,0.05,29.21,66.69,24.76,0.81,0.51
2019-11-09,0.05,29.08,67.66,25.54,0.87,0.51
2019-11-10,2.66,29.26,66.25,26.35,0.73,0.51
2019-11-11,2.71,27.96,72.8,26.1,0.89,0.51
2019-11-12,0.13,28.76,70.46,24.65,0.89,0.51
2019-11-13,0.09,29.67,66.3,25.84,0.68,0.51
2019-11-14,0.06,29.43,64.51,27.38,0.63,0.51
2019-11-15,0.06,29.36,62.89,24.98,0.71,0.5
2019-11-16,0.05,30.16,60.8,26.62,0.65,0.5
2019-11-17,0.05,30.2,60.66,27.29,0.68,0.5
2019-11-18,0.01,30.18,61.82,27.16,0.64,0.5
2019-11-19,0.02,30.03,60.39,23.96,0.6,0.5
2019-11-20,0.05,29.51,63.0,22.61,0.88,0.5
2019-11-21,0.02,30.29,61.02,25.44,0.78,0.5
2019-11-22,0.1,30.22,61.65,25.51,0.81,0.5
2019-11-23,4.01,30.4,61.43,25.78,0.73,0.49
2019-11-24,6.96,29.47,66.31,25.55,0.57,0.51
2019-11-25,0.36,29.45,66.46,23.35,0.49,0.51
2019-11-26,0.18,29.62,65.06,26.53,0.46,0.51
2019-11-27,0.43,29.7,66.12,23.37,0.45,0.51
2019-11-28,0.05,29.73,66.29,23.08,0.87,0.5
2019-11-29,0.04,30.1,64.56,24.51,0.88,0.5
2019-11-30,0.15,30.4,63.82,24.88,0.57,0.5
2019-12-01,0.18,31.08,61.16,24.1,0.5,0.5
2019-12-02,0.04,31.04,61.08,24.44,0.53,0.5
2019-12-03,1.53,29.32,71.5,24.95,0.32,0.5
2019-12-04,0.91,27.97,76.97,19.97,0.35,0.5
2019-12-05,1.54,29.79,68.24,22.12,0.67,0.5
2019-12-06,0.69,30.03,66.0,25.04,0.61,0.5
2019-12-07,1.67,29.18,70.65,22.9,0.63,0.5
2019-12-08,0.7,30.49,64.69,27.43,0.67,0.5
2019-12-09,0.68,30.45,62.27,26.41,0.55,0.5
2019-12-10,4.86,30.17,64.84,26.13,0.54,0.51
2019-12-11,2.82,29.77,67.23,24.62,0.58,0.51
2019-12-12,6.94,29.4,69.57,23.28,0.61,0.51
2019-12-13,5.8,28.06,77.62,21.16,0.47,0.53
2019-12-14,2.54,28.01,76.9,22.07,0.64,0.53
2019-12-15,6.03,28.49,74.94,19.65,0.47,0.53
2019-12-16,6.52,28.38,75.42,20.57,0.5,0.54
2019-12-17,5.07,28.94,74.12,23.44,0.56,0.55
2019-12-18,3.52,29.18,72.79,23.83,0.53,0.54
2019-12-19,6.71,28.52,80.0,21.9,0.62,0.55
2019-12-20,1.97,29.36,72.41,23.61,0.49,0.55
2019-12-21,8.62,29.22,71.18,23.46,0.28,0.55
2019-12-22,12.63,29.03,70.84,23.26,0.54,0.57
2019-12-23,2.12,28.26,75.95,23.63,0.49,0.57
2019-12-24,1.27,28.95,73.35,21.24,0.51,0.56
2019-12-25,7.39,28.93,75.39,23.13,0.51,0.56
2019-12-26,20.95,27.63,82.3,22.31,0.38,0.59
2019-12-27,13.78,27.66,78.77,22.13,0.74,0.6
2019-12-28,4.9,27.68,80.12,23.95,0.85,0.61
2019-12-29,1.91,27.98,78.64,16.68,0.8,0.6
2019-12-30,1.45,28.71,74.48,20.11,0.41,0.59
2019-12-31,7.01,27.92,80.33,20.97,0.57,0.58
2020-01-01,7.65,26.57,87.77,12.13,1.17,0.59
2020-01-02,4.26,26.72,82.91,17.33,0.91,0.59
2020-01-03,10.27,26.28,85.96,15.26,1.22,0.59
2020-01-04,62.81,26.22,92.06,6.69,1.89,0.66
2020-01-05,9.87,26.89,84.22,17.78,1.38,0.68
2020-01-06,2.72,26.73,87.18,18.84,1.24,0.67
2020-01-07,6.39,26.64,86.69,19.36,1.17,0.65
2020-01-08,17.87,26.79,84.13,17.72,1.14,0.66
2020-01-09,29.21,26.12,87.41,23.48,0.94,0.69
2020-01-10,0.1,26.63,78.89,26.65,0.91,0.68
2020-01-11,0.77,26.99,78.41,23.73,0.91,0.65
2020-01-12,8.41,26.14,87.94,17.96,1.14,0.65
2020-01-13,3.1,26.44,90.34,17.62,1.22,0.65
2020-01-14,10.43,27.51,80.7,21.96,0.64,0.65
2020-01-15,15.11,28.03,79.05,23.51,0.52,0.66
2020-01-16,3.21,27.74,77.42,25.62,0.46,0.67
2020-01-17,0.45,27.74,76.27,26.26,0.55,0.65
2020-01-18,1.41,28.14,75.94,25.1,0.55,0.64
2020-01-19,0.68,28.09,76.55,25.77,0.71,0.63
2020-01-20,0.3,27.84,77.41,24.13,0.87,0.62
2020-01-21,1.0,27.44,81.33,21.15,1.05,0.61
2020-01-22,0.35,27.99,77.88,24.83,1.0,0.61
2020-01-23,12.69,28.14,77.35,26.06,0.75,0.61
2020-01-24,9.65,28.02,78.05,24.69,0.56,0.63
2020-01-25,3.94,28.12,77.9,25.21,0.55,0.63
2020-01-26,1.8,28.38,77.68,25.27,0.64,0.63
2020-01-27,1.8,28.43,77.49,25.36,0.61,0.62
2020-01-28,0.38,28.52,79.55,25.83,0.5,0.62
2020-01-29,1.1,27.76,83.73,24.47,0.84,0.61
2020-01-30,15.64,27.02,84.7,18.76,1.05,0.62
2020-01-31,2.27,26.6,83.87,20.24,0.96,0.64
2020-02-01,6.37,27.33,82.47,19.34,0.78,0.63
2020-02-02,6.23,27.26,81.26,19.41,0.53,0.64
2020-02-03,1.2,28.06,75.31,25.62,0.44,0.64
2020-02-04,0.2,28.1,72.66,24.56,0.6,0.63
2020-02-05,0.19,28.01,72.96,25.13,0.84,0.61
2020-02-06,2.66,27.28,82.35,25.01,1.16,0.61
2020-02-07,32.76,26.65,88.24,13.97,1.12,0.62
2020-02-08,6.0,26.68,84.48,18.02,1.17,0.67
2020-02-09,8.7,26.29,84.84,9.17,0.92,0.67
2020-02-10,10.3,26.59,83.38,22.9,0.97,0.67
2020-02-11,10.51,25.39,88.75,19.62,0.86,0.68
2020-02-12,1.06,26.95,78.53,24.28,0.63,0.67
2020-02-13,3.27,27.71,77.26,22.65,0.61,0.66
2020-02-14,4.0,27.23,82.89,23.29,0.38,0.65
2020-02-15,1.99,27.79,79.89,23.7,0.48,0.65
2020-02-16,2.86,26.1,87.83,22.14,0.49,0.64
2020-02-17,9.19,26.28,88.15,16.83,1.11,0.65
2020-02-18,6.38,26.08,85.79,20.81,1.19,0.66
2020-02-19,5.6,26.39,86.6,16.48,1.23,0.66
2020-02-20,12.23,25.66,88.93,6.93,1.41,0.67
2020-02-21,22.69,25.74,91.51,12.96,1.15,0.7
2020-02-22,10.84,26.29,84.67,18.79,1.14,0.7
2020-02-23,2.45,26.48,83.44,23.72,1.13,0.7
2020-02-24,2.38,27.07,83.03,21.55,0.99,0.68
2020-02-25,2.94,27.12,83.19,22.78,0.79,0.68
2020-02-26,3.61,26.79,89.3,20.8,0.9,0.68
2020-02-27,1.41,26.96,86.51,22.03,1.14,0.67
2020-02-28,4.33,26.83,87.95,22.14,1.09,0.67
2020-02-29,23.13,26.31,90.51,16.31,1.27,0.69
2020-03-01,18.12,26.13,91.56,13.7,1.16,0.72
2020-03-02,4.12,27.2,84.89,19.13,0.81,0.72
2020-03-03,9.14,27.27,85.62,21.32,0.52,0.72
2020-03-04,19.22,26.54,90.16,18.55,0.78,0.73
2020-03-05,25.95,25.92,91.04,21.73,0.99,0.75
2020-03-06,13.9,25.69,87.33,9.92,1.0,0.77
2020-03-07,6.56,25.91,82.7,15.85,0.54,0.76
2020-03-08,12.02,25.79,90.94,17.38,1.02,0.76
2020-03-09,5.07,25.95,89.46,17.47,1.03,0.75
2020-03-10,10.38,26.56,87.73,21.03,1.0,0.75
2020-03-11,6.34,26.55,87.86,19.5,1.01,0.76
2020-03-12,0.55,27.0,84.86,21.34,0.74,0.75
2020-03-13,17.15,26.51,87.66,15.47,0.63,0.75
2020-03-14,11.36,26.09,87.42,19.6,0.71,0.78
2020-03-15,0.8,27.2,82.79,24.75,0.6,0.76
2020-03-16,17.09,27.48,81.74,21.41,0.55,0.76
2020-03-17,7.97,27.21,82.22,21.35,0.78,0.78
2020-03-18,3.43,27.19,81.29,23.83,0.87,0.77
2020-03-19,1.3,26.99,82.33,24.94,0.94,0.76
2020-03-20,1.73,27.68,77.02,25.46,0.82,0.75
2020-03-21,10.91,27.02,81.32,23.43,0.7,0.75
2020-03-22,13.4,26.98,82.98,22.45,0.74,0.77
2020-03-23,14.18,27.06,81.12,22.28,0.5,0.77
2020-03-24,10.35,27.07,81.2,23.91,0.66,0.78
2020-03-25,0.68,27.02,80.88,25.52,0.81,0.78
2020-03-26,0.24,27.59,80.83,22.96,0.71,0.76
2020-03-27,10.81,27.49,82.14,15.93,0.89,0.76
2020-03-28,0.54,27.04,82.84,20.69,0.59,0.76
2020-03-29,3.82,26.75,85.05,22.04,0.51,0.76
2020-03-30,1.91,27.0,83.34,24.03,0.57,0.76
2020-03-31,0.69,27.28,80.07,23.94,0.87,0.75
2020-04-01,0.05,27.36,77.48,20.98,0.87,0.74
2020-04-02,0.53,26.7,83.33,21.96,0.76,0.74
2020-04-03,0.73,27.44,81.7,22.01,0.69,0.73
2020-04-04,2.16,27.07,85.36,21.63,0.96,0.73
2020-04-05,4.81,26.5,88.26,14.86,0.75,0.74
2020-04-06,3.28,26.47,85.48,20.5,0.71,0.74
2020-04-07,0.64,26.85,83.54,20.35,0.48,0.74
2020-04-08,1.18,26.48,84.31,18.73,0.57,0.73
2020-04-09,1.35,27.08,79.58,22.47,0.79,0.73
2020-04-10,1.72,27.59,78.68,23.58,0.72,0.72
2020-04-11,3.7,26.89,82.69,18.49,0.62,0.72
2020-04-12,0.82,25.96,84.64,16.34,0.66,0.72
2020-04-13,1.21,27.18,78.0,21.57,0.61,0.72
2020-04-14,1.91,27.85,76.0,19.98,0.58,0.71
2020-04-15,0.67,27.04,82.95,20.84,0.62,0.71
2020-04-16,1.03,26.22,87.9,17.37,0.89,0.71
2020-04-17,1.27,26.97,79.97,18.53,0.82,0.71
2020-04-18,2.25,27.91,78.12,20.92,0.69,0.7
2020-04-19,14.87,27.23,84.45,20.3,0.72,0.71
2020-04-20,6.64,27.43,81.09,22.82,0.7,0.73
2020-04-21,0.28,27.35,81.02,22.95,0.96,0.72
2020-04-22,0.55,27.32,82.9,21.8,1.01,0.71
2020-04-23,0.28,27.06,81.54,24.22,1.26,0.7
2020-04-24,0.21,26.83,81.39,22.52,1.06,0.7
2020-04-25,1.26,26.72,84.0,18.13,1.19,0.69
2020-04-26,0.26,26.98,81.76,19.57,0.98,0.69
2020-04-27,0.16,26.51,81.75,22.71,0.84,0.68
2020-04-28,0.07,26.59,80.67,21.87,0.78,0.68
2020-04-29,0.25,26.69,79.06,22.36,0.94,0.67
2020-04-30,0.05,26.45,78.06,22.78,1.18,0.67
2020-05-01,0.2,26.59,79.01,21.05,0.88,0.66
2020-05-02,0.45,26.89,78.61,21.91,0.92,0.66
2020-05-03,0.55,26.96,80.09,22.3,1.01,0.65
2020-05-04,0.44,27.0,80.09,21.43,1.18,0.65
2020-05-05,0.2,26.97,81.08,21.26,1.08,0.64
2020-05-06,0.11,27.1,80.71,21.84,1.0,0.64
2020-05-07,0.68,27.22,84.01,19.85,1.08,0.64
2020-05-08,1.08,27.12,84.37,19.97,1.05,0.63
2020-05-09,0.09,26.97,78.01,22.46,1.19,0.63
2020-05-10,0.08,26.65,77.23,21.47,0.92,0.63
2020-05-11,0.08,26.61,77.46,22.09,1.02,0.62
2020-05-12,0.18,26.69,78.5,21.93,1.21,0.62
2020-05-13,0.17,26.64,77.11,19.52,1.34,0.61
2020-05-14,0.13,26.62,77.97,18.62,1.35,0.61
2020-05-15,0.24,26.66,80.49,18.84,1.33,0.61
2020-05-16,0.49,26.95,82.2,19.21,1.38,0.6
2020-05-17,0.27,27.02,80.91,17.31,1.26,0.6
2020-05-18,1.08,27.02,85.3,17.46,0.92,0.6
2020-05-19,2.1,26.44,84.78,6.34,0.69,0.6
2020-05-20,2.3,25.92,85.99,8.18,1.16,0.6
2020-05-21,2.44,26.33,80.34,17.71,0.9,0.6
2020-05-22,5.04,26.19,84.69,15.67,0.61,0.61
2020-05-23,10.59,26.53,85.17,16.43,0.43,0.61
2020-05-24,5.44,26.55,85.68,17.72,0.56,0.63
2020-05-25,3.49,26.79,85.75,14.89,0.93,0.63
2020-05-26,3.09,26.54,86.61,18.42,0.47,0.63
2020-05-27,3.16,27.03,81.07,18.7,0.54,0.63
2020-05-28,30.68,26.22,88.4,16.93,0.62,0.65
2020-05-29,33.52,25.71,88.68,15.93,0.49,0.71
2020-05-30,8.69,26.3,86.18,18.63,0.87,0.72
2020-05-31,1.87,26.83,86.25,19.1,0.86,0.7
2020-06-01,0.34,26.02,83.6,20.86,1.22,0.69
2020-06-02,0.26,26.38,82.82,20.18,0.93,0.68
2020-06-03,0.14,26.14,80.16,19.71,1.15,0.67
2020-06-04,0.61,25.49,80.92,18.61,1.37,0.66
2020-06-05,1.12,25.15,82.22,20.57,1.34,0.65
2020-06-06,1.73,25.34,84.65,15.05,1.29,0.64
2020-06-07,0.31,25.25,82.55,16.25,1.09,0.64
2020-06-08,0.02,25.04,78.74,19.06,1.13,0.63
2020-06-09,0.06,25.22,80.71,20.08,1.17,0.63
2020-06-10,0.05,25.75,80.19,20.84,0.97,0.62
2020-06-11,0.09,25.94,80.35,20.46,0.93,0.61
2020-06-12,0.06,26.42,79.43,18.1,0.89,0.61
2020-06-13,0.5,26.13,82.13,14.08,0.9,0.61
2020-06-14,2.81,26.34,85.4,16.41,0.96,0.61
2020-06-15,0.1,26.44,78.74,20.12,1.15,0.61
2020-06-16,0.03,26.12,79.84,19.03,1.17,0.6
2020-06-17,0.65,26.45,79.05,17.85,1.32,0.6
2020-06-18,0.26,26.4,75.26,19.44,1.45,0.59
2020-06-19,0.28,25.87,78.85,18.77,1.34,0.59
2020-06-20,0.15,25.95,77.43,18.02,1.36,0.59
2020-06-21,0.18,25.82,77.79,17.4,1.44,0.58
2020-06-22,0.31,25.94,76.74,19.52,1.08,0.58
2020-06-23,0.22,25.6,77.77,20.1,1.33,0.58
2020-06-24,0.2,25.24,73.65,21.1,1.57,0.58
2020-06-25,0.2,25.23,75.45,19.75,1.14,0.57
2020-06-26,0.08,25.48,77.05,20.05,1.09,0.57
2020-06-27,0.54,25.52,80.9,17.26,1.05,0.57
2020-06-28,0.08,25.64,76.04,19.75,1.09,0.57
2020-06-29,0.06,25.53,76.48,17.03,1.09,0.56
2020-06-30,0.06,25.36,75.96,19.2,1.19,0.56
2020-07-01,0.17,25.14,78.21,19.85,1.25,0.56
2020-07-02,0.08,25.17,74.61,20.85,1.26,0.56
2020-07-03,0.17,24.96,76.62,19.84,1.39,0.56
2020-07-04,0.1,25.67,75.7,19.36,1.2,0.55
2020-07-05,0.34,26.03,76.17,15.56,1.25,0.55
2020-07-06,0.54,25.42,78.43,13.63,1.26,0.55
2020-07-07,0.28,25.6,77.96,19.76,1.2,0.55
2020-07-08,0.39,25.53,79.85,18.94,1.39,0.55
2020-07-09,0.35,25.66,77.86,18.29,1.38,0.55
2020-07-10,0.31,25.4,78.78,19.12,1.29,0.55
2020-07-11,0.15,25.7,76.41,16.58,1.24,0.55
2020-07-12,0.15,25.7,76.25,18.29,1.2,0.55
2020-07-13,0.16,26.06,77.33,18.16,0.91,0.54
2020-07-14,0.27,26.31,75.55,17.66,1.06,0.54
2020-07-15,0.02,25.65,72.2,21.05,1.37,0.54
2020-07-16,0.01,25.45,72.47,21.05,1.1,0.54
2020-07-17,0.05,26.26,74.02,19.17,0.85,0.54
2020-07-18,0.17,26.32,75.1,16.64,1.0,0.54
2020-07-19,0.97,25.97,78.82,16.63,1.15,0.54
2020-07-20,0.72,26.11,75.92,18.63,1.11,0.54
2020-07-21,0.48,26.22,73.03,20.82,0.99,0.54
2020-07-22,0.07,26.03,71.82,20.99,1.15,0.53
2020-07-23,0.03,25.73,69.33,21.25,1.49,0.53
2020-07-24,0.04,24.88,71.42,21.92,1.59,0.53
2020-07-25,0.03,24.71,68.42,21.46,1.53,0.53
2020-07-26,0.02,25.03,68.85,21.47,1.49,0.53
2020-07-27,0.05,25.27,71.43,20.61,1.38,0.53
2020-07-28,0.13,24.62,74.39,20.28,1.57,0.53
2020-07-29,0.03,24.62,66.05,21.09,1.23,0.53
2020-07-30,0.46,24.7,74.2,21.29,1.29,0.53
2020-07-31,0.15,24.96,73.13,20.77,1.43,0.53
2020-08-01,0.07,24.54,71.51,20.71,1.42,0.52
2020-08-02,0.08,25.2,69.99,21.36,0.91,0.52
2020-08-03,0.18,25.62,71.59,20.3,0.82,0.52
2020-08-04,0.17,25.61,72.79,20.75,1.07,0.52
2020-08-05,0.1,25.34,72.57,14.53,1.31,0.52
2020-08-06,0.08,25.18,72.6,20.15,1.22,0.52
2020-08-07,0.2,25.27,72.13,20.23,1.09,0.52
2020-08-08,0.2,25.66,72.2,18.88,1.0,0.52
2020-08-09,0.05,26.71,72.8,20.87,0.78,0.52
2020-08-10,0.46,27.18,73.29,19.89,0.7,0.52
2020-08-11,0.35,27.4,74.44,19.61,0.71,0.52
2020-08-12,0.75,27.59,74.27,21.38,0.58,0.52
2020-08-13,0.31,26.93,75.62,17.23,1.06,0.52
2020-08-14,0.96,27.12,74.6,20.72,0.92,0.52
2020-08-15,1.22,26.87,74.2,22.59,1.02,0.52
2020-08-16,0.66,26.58,73.23,22.49,1.04,0.52
2020-08-17,1.1,26.26,76.62,21.84,1.23,0.52
2020-08-18,0.89,25.85,75.64,21.33,1.41,0.52
2020-08-19,0.57,25.32,74.8,19.59,1.45,0.52
2020-08-20,0.08,25.81,70.69,22.74,1.23,0.52
2020-08-21,0.02,26.54,70.61,24.23,0.95,0.51
2020-08-22,0.02,26.81,71.26,23.74,1.12,0.51
2020-08-23,0.0,26.72,68.24,24.34,1.08,0.51
2020-08-24,0.03,26.61,71.13,24.11,0.89,0.51
2020-08-25,0.03,26.8,68.73,24.73,1.14,0.51
2020-08-26,0.01,25.82,70.6,24.72,1.69,0.51
2020-08-27,0.09,26.44,68.42,23.76,1.27,0.51
2020-08-28,0.13,27.13,68.85,22.02,1.05,0.51
2020-08-29,0.07,26.56,67.81,23.7,1.51,0.51
2020-08-30,0.0,26.28,67.04,23.99,1.28,0.51
2020-08-31,0.03,26.59,69.72,23.96,1.27,0.5
2020-09-01,0.05,27.27,70.63,20.47,1.02,0.5
2020-09-02,0.74,27.35,73.68,20.2,1.11,0.5
2020-09-03,0.47,27.8,71.55,22.29,1.09,0.5
2020-09-04,0.1,27.82,69.38,25.18,1.07,0.5
2020-09-05,0.08,27.63,69.28,24.28,1.04,0.5
2020-09-06,0.11,27.81,67.56,24.63,0.9,0.5
2020-09-07,0.04,27.43,67.89,24.21,1.12,0.5
2020-09-08,0.07,27.53,67.89,21.98,1.0,0.5
2020-09-09,0.07,27.7,67.2,24.77,0.97,0.5
2020-09-10,0.13,27.04,69.61,24.73,1.25,0.5
2020-09-11,0.14,27.11,68.92,25.01,1.23,0.5
2020-09-12,0.12,27.14,68.36,24.18,1.12,0.5
2020-09-13,0.04,26.76,67.33,25.3,1.29,0.5
2020-09-14,0.13,27.04,65.2,24.84,1.03,0.5
2020-09-15,0.66,26.69,67.88,23.97,1.17,0.5
2020-09-16,0.45,27.25,67.21,20.73,0.96,0.5
2020-09-17,0.26,28.1,66.09,23.84,0.75,0.5
2020-09-18,0.09,28.67,62.95,23.18,0.69,0.5
2020-09-19,0.23,28.43,68.04,23.45,0.77,0.5
2020-09-20,0.35,28.51,68.67,23.34,0.86,0.5
2020-09-21,2.14,27.61,74.9,19.53,1.26,0.5
2020-09-22,0.28,28.27,71.08,24.25,1.15,0.5
2020-09-23,0.01,28.14,68.69,25.14,1.15,0.5
2020-09-24,0.06,28.51,68.38,25.23,0.72,0.5
2020-09-25,0.08,28.52,65.6,25.39,0.99,0.5
2020-09-26,0.03,28.29,67.25,25.34,1.14,0.5
2020-09-27,0.03,28.18,67.17,22.53,1.23,0.5
2020-09-28,0.13,27.89,69.58,24.96,1.38,0.5
2020-09-29,0.15,27.89,69.93,23.15,1.27,0.5
2020-09-30,0.15,28.77,65.82,24.96,1.02,0.5
2020-10-01,0.14,28.96,66.37,24.46,1.09,0.5
2020-10-02,0.09,29.21,65.61,24.67,1.0,0.5
2020-10-03,0.32,28.99,64.3,24.28,0.81,0.5
2020-10-04,0.46,27.78,69.37,25.13,1.38,0.5
2020-10-05,0.15,28.07,64.52,22.34,1.4,0.5
2020-10-06,0.18,27.31,65.32,22.67,1.54,0.5
2020-10-07,0.2,27.22,64.94,23.98,1.35,0.5
2020-10-08,0.07,26.97,68.92,19.07,1.36,0.5
2020-10-09,4.76,27.61,74.3,19.85,1.1,0.5
2020-10-10,5.73,26.83,80.26,18.54,0.94,0.51
2020-10-11,11.81,27.69,76.59,23.24,0.74,0.52
2020-10-12,2.33,27.38,75.32,23.67,1.16,0.53
2020-10-13,0.28,28.17,72.42,25.95,0.92,0.53
2020-10-14,1.29,28.36,73.14,24.06,0.91,0.53
2020-10-15,1.55,28.29,73.23,23.18,0.86,0.53
2020-10-16,0.19,27.86,70.04,24.22,0.89,0.52
2020-10-17,0.01,27.63,68.7,26.03,0.81,0.52
2020-10-18,0.23,27.87,69.76,24.29,0.87,0.52
2020-10-19,5.87,27.73,73.72,20.86,0.79,0.52
2020-10-20,1.36,28.63,71.26,24.66,0.61,0.53
2020-10-21,0.76,28.55,72.44,23.02,0.86,0.52
2020-10-22,0.41,28.45,70.89,23.93,0.98,0.52
2020-10-23,0.46,28.37,71.89,23.92,1.01,0.52
2020-10-24,0.84,28.38,72.26,23.99,1.05,0.52
2020-10-25,1.07,28.91,71.37,23.87,0.88,0.51
2020-10-26,0.45,28.98,70.19,24.56,1.04,0.51
2020-10-27,7.68,27.87,75.01,21.36,1.03,0.51
2020-10-28,6.19,26.77,80.9,21.61,1.1,0.53
2020-10-29,4.12,27.33,78.73,21.1,1.01,0.54
2020-10-30,3.41,27.1,79.33,21.61,0.59,0.54
2020-10-31,3.61,26.27,75.73,14.92,1.02,0.54
2020-11-01,5.41,27.93,64.17,20.96,0.57,0.54
2020-11-02,21.52,27.83,74.55,22.34,0.78,0.56
2020-11-03,2.64,28.66,70.68,24.0,0.77,0.58
2020-11-04,0.64,28.03,75.19,21.75,0.8,0.57
2020-11-05,0.2,28.61,75.16,25.78,0.77,0.56
2020-11-06,0.27,29.56,66.57,26.06,0.58,0.55
2020-11-07,0.28,29.36,66.87,26.42,0.77,0.54
2020-11-08,0.25,29.76,62.98,25.41,0.56,0.54
2020-11-09,0.31,29.02,67.2,25.02,1.15,0.53
2020-11-10,0.84,29.02,68.86,21.55,1.03,0.53
2020-11-11,5.61,28.84,73.77,21.68,0.86,0.53
2020-11-12,1.85,28.68,75.39,24.54,0.82,0.54
2020-11-13,0.17,29.51,71.57,25.25,0.68,0.53
2020-11-14,1.17,29.32,72.38,23.92,0.6,0.53
2020-11-15,1.01,28.2,73.25,23.82,0.71,0.53
2020-11-16,0.09,28.93,69.19,27.55,1.14,0.53
2020-11-17,0.81,28.97,70.51,23.85,1.1,0.53
2020-11-18,1.17,29.32,71.75,26.07,0.86,0.52
2020-11-19,10.73,28.63,77.53,25.18,0.68,0.53
2020-11-20,9.56,28.24,77.7,22.48,0.74,0.55
2020-11-21,3.95,28.43,76.73,24.71,0.67,0.56
2020-11-22,5.34,27.77,76.46,21.57,0.53,0.56
2020-11-23,11.27,27.09,79.7,20.95,0.37,0.57
2020-11-24,6.12,27.9,75.47,22.06,0.45,0.58
2020-11-25,3.7,27.6,77.6,19.94,0.48,0.58
2020-11-26,27.06,26.0,88.04,17.44,0.54,0.6
2020-11-27,6.44,26.89,82.31,19.47,0.58,0.61
2020-11-28,8.88,25.55,89.81,21.28,0.75,0.62
2020-11-29,3.73,26.39,78.66,19.81,0.6,0.61
2020-11-30,3.35,27.23,76.21,16.2,0.62,0.6
2020-12-01,6.17,27.25,76.89,10.53,0.54,0.6
2020-12-02,3.6,26.38,83.23,15.84,0.24,0.6
2020-12-03,3.18,26.91,80.73,16.38,0.48,0.6
2020-12-04,25.51,25.9,86.98,17.32,0.59,0.61
2020-12-05,38.11,26.14,85.72,15.92,0.8,0.68
2020-12-06,9.28,26.2,84.81,13.08,1.06,0.69
2020-12-07,9.52,26.67,85.67,16.4,1.43,0.68
2020-12-08,7.49,26.53,85.77,19.61,1.55,0.67
2020-12-09,19.2,26.8,87.82,10.37,1.6,0.68
2020-12-10,32.79,26.48,90.59,13.41,1.58,0.71
2020-12-11,19.35,26.23,90.05,18.58,1.28,0.72
2020-12-12,31.51,25.6,93.74,10.95,1.27,0.75
2020-12-13,10.3,25.67,86.41,16.02,0.6,0.76
2020-12-14,9.41,25.32,89.5,13.99,0.97,0.74
2020-12-15,7.95,25.92,83.56,18.29,0.68,0.73
2020-12-16,4.64,26.23,82.97,20.61,0.78,0.73
2020-12-17,16.01,26.62,83.58,21.08,0.99,0.72
2020-12-18,1.64,26.29,84.44,20.38,0.86,0.72
2020-12-19,4.59,26.49,81.56,21.71,0.78,0.71
2020-12-20,5.79,26.18,85.26,16.7,1.03,0.71
2020-12-21,0.81,26.56,81.13,24.27,0.92,0.7
2020-12-22,0.42,26.43,82.98,18.93,0.78,0.69
2020-12-23,2.9,27.19,79.95,22.91,0.57,0.69
2020-12-24,1.66,26.52,80.75,22.45,0.61,0.68
2020-12-25,0.46,26.77,77.0,23.72,0.43,0.68
2020-12-26,1.38,26.9,78.48,22.46,0.49,0.67
2020-12-27,4.79,26.27,82.11,21.31,0.52,0.67
2020-12-28,6.84,26.52,82.82,22.23,0.57,0.68
2020-12-29,6.4,26.01,84.6,19.73,0.56,0.69
2020-12-30,8.46,26.03,85.4,16.51,0.86,0.69
2020-12-31,14.78,25.49,89.62,20.38,0.79,0.72
2021-01-01,3.35,25.92,84.54,17.18,0.31,0.72
2021-01-02,1.09,26.85,81.44,20.31,0.49,0.71
2021-01-03,14.75,25.3,90.4,20.89,0.53,0.72
2021-01-04,1.57,26.04,81.36,18.05,0.73,0.72
2021-01-05,12.7,26.17,86.93,15.61,1.03,0.71
2021-01-06,26.21,25.51,89.92,15.05,0.9,0.75
2021-01-07,17.88,25.91,88.61,18.8,0.66,0.77
2021-01-08,13.94,25.92,85.02,14.37,0.61,0.77
2021-01-09,6.84,26.75,83.91,20.32,0.56,0.77
2021-01-10,4.68,26.96,84.39,22.03,0.77,0.76
2021-01-11,1.07,27.3,82.12,21.98,0.78,0.75
2021-01-12,2.47,26.78,86.15,21.24,0.6,0.74
2021-01-13,3.25,27.26,82.19,24.22,0.46,0.74
2021-01-14,1.75,27.09,82.98,22.77,0.59,0.74
2021-01-15,11.78,26.02,88.2,16.91,0.83,0.74
2021-01-16,2.07,25.44,83.62,16.66,0.83,0.75
2021-01-17,17.05,26.0,82.24,16.61,0.72,0.75
2021-01-18,17.13,25.48,87.6,14.54,0.88,0.78
2021-01-19,18.08,25.18,87.91,16.35,1.02,0.79
2021-01-20,13.56,25.19,87.25,17.22,0.96,0.79
2021-01-21,1.51,26.24,81.99,23.57,0.81,0.78
2021-01-22,14.61,26.01,85.41,21.83,0.96,0.78
2021-01-23,10.84,25.38,87.61,17.75,0.95,0.8
2021-01-24,20.7,25.03,88.96,18.15,0.71,0.8
2021-01-25,10.8,25.0,86.13,12.07,0.91,0.81
2021-01-26,6.54,26.23,84.15,21.81,0.92,0.81
2021-01-27,6.09,25.81,89.06,19.03,1.33,0.81
2021-01-28,10.77,25.81,89.36,8.48,1.36,0.81
2021-01-29,13.89,25.45,89.69,10.85,1.7,0.81
2021-01-30,26.57,25.06,92.67,6.3,1.46,0.84
2021-01-31,3.64,25.33,92.84,16.49,1.25,0.84
2021-02-01,10.85,25.44,90.5,18.33,1.29,0.83
2021-02-02,13.35,25.62,93.62,15.84,1.14,0.85
2021-02-03,38.52,25.4,92.31,13.66,1.49,0.87
2021-02-04,40.65,25.38,90.39,17.91,1.3,0.9
2021-02-05,25.13,25.7,89.27,15.8,1.42,0.9
2021-02-06,27.47,25.8,89.86,14.48,1.31,0.91
2021-02-07,7.07,25.69,92.64,22.07,1.13,0.9
2021-02-08,1.48,25.98,88.2,19.09,1.16,0.89
2021-02-09,2.06,25.74,89.74,19.49,0.92,0.88
2021-02-10,3.8,25.78,90.39,15.93,0.98,0.88
2021-02-11,4.08,26.04,89.46,16.68,0.96,0.87
2021-02-12,3.14,26.62,85.57,20.35,0.51,0.87
2021-02-13,1.17,25.62,84.08,21.46,0.79,0.87
2021-02-14,1.95,25.73,87.33,23.13,0.74,0.86
2021-02-15,0.77,25.56,88.24,22.53,0.88,0.86
2021-02-16,0.27,26.17,85.25,23.48,0.78,0.85
2021-02-17,2.41,26.21,86.08,21.19,1.06,0.85
2021-02-18,5.02,24.95,91.34,21.99,1.04,0.85
2021-02-19,19.37,24.94,89.68,17.5,1.32,0.85
2021-02-20,33.78,25.05,92.51,19.9,1.18,0.89
2021-02-21,14.25,25.56,86.88,21.38,0.9,0.9
2021-02-22,14.6,25.76,87.66,17.73,1.01,0.9
2021-02-23,22.67,25.28,88.48,21.68,1.07,0.9
2021-02-24,33.16,24.76,92.02,7.83,1.47,0.91
2021-02-25,11.02,25.57,89.44,14.25,1.27,0.92
2021-02-26,9.59,25.96,89.11,16.5,0.82,0.91
2021-02-27,10.05,25.71,86.68,14.87,0.72,0.91
2021-02-28,5.28,25.37,89.73,22.47,1.0,0.91
2021-03-01,1.91,25.75,85.53,24.31,0.82,0.9
2021-03-02,2.71,25.55,87.73,22.77,0.93,0.9
2021-03-03,1.31,25.15,87.46,21.41,0.9,0.89
2021-03-04,3.49,25.52,85.94,15.23,0.79,0.89
2021-03-05,8.76,24.83,91.3,21.65,0.95,0.89
2021-03-06,1.56,25.28,86.76,18.85,0.9,0.89
2021-03-07,4.79,25.32,88.55,21.55,0.96,0.89
2021-03-08,14.99,24.81,90.92,20.86,1.28,0.89
2021-03-09,21.45,24.93,89.92,16.94,0.91,0.91
2021-03-10,16.3,24.92,89.14,18.27,0.88,0.91
2021-03-11,12.31,25.29,85.76,14.85,0.75,0.92
2021-03-12,2.01,25.85,83.74,17.49,0.61,0.91
2021-03-13,5.94,25.32,88.59,22.02,0.61,0.91
2021-03-14,7.83,25.36,88.18,21.75,0.68,0.91
2021-03-15,2.92,25.45,88.33,21.3,0.62,0.91
2021-03-16,6.76,26.07,87.17,21.57,0.54,0.91
2021-03-17,3.43,26.93,79.59,23.01,0.48,0.91
2021-03-18,0.78,26.67,82.65,23.09,0.61,0.9
2021-03-19,2.66,25.64,89.12,20.04,1.04,0.9
2021-03-20,7.7,25.71,92.06,18.74,1.26,0.9
2021-03-21,2.59,25.95,91.83,15.3,1.02,0.9
2021-03-22,1.15,25.87,90.08,18.01,0.98,0.9
2021-03-23,2.4,26.09,83.84,21.43,0.54,0.89
2021-03-24,0.18,26.29,87.2,20.56,0.7,0.89
2021-03-25,0.87,26.6,86.23,21.94,0.47,0.88
2021-03-26,15.98,26.4,86.56,20.74,0.58,0.89
2021-03-27,2.63,26.62,84.13,21.78,0.64,0.9
2021-03-28,4.79,26.7,84.55,15.92,0.52,0.89
2021-03-29,5.61,25.94,89.89,21.36,0.64,0.89
2021-03-30,2.29,26.22,88.73,18.88,0.5,0.89
2021-03-31,15.73,25.51,91.23,16.31,0.6,0.89
2021-04-01,31.93,25.61,93.93,18.69,1.24,0.91
2021-04-02,17.8,25.57,93.85,7.24,1.06,0.93
2021-04-03,1.5,26.28,84.84,22.22,0.74,0.92
2021-04-04,1.79,26.51,85.46,13.33,0.9,0.91
2021-04-05,0.75,26.23,86.43,12.17,0.83,0.91
2021-04-06,4.58,25.23,90.93,7.46,1.25,0.9
2021-04-07,7.84,25.58,93.43,12.17,1.39,0.91
2021-04-08,8.22,25.53,91.18,11.92,0.92,0.91
2021-04-09,0.88,26.81,79.95,19.16,0.68,0.91
2021-04-10,7.48,26.87,79.91,21.41,0.48,0.9
2021-04-11,4.41,26.5,82.48,17.96,0.79,0.9
2021-04-12,0.29,26.51,81.88,22.92,0.63,0.89
2021-04-13,0.02,26.38,81.67,21.46,0.77,0.89
2021-04-14,2.22,26.28,82.0,22.62,0.72,0.88
2021-04-15,0.72,26.21,82.83,24.17,0.94,0.87
2021-04-16,2.48,25.76,83.89,21.65,0.99,0.86
2021-04-17,2.52,26.19,81.78,22.32,1.0,0.86
2021-04-18,0.29,26.04,84.79,20.58,1.03,0.85
2021-04-19,0.0,25.79,82.16,23.94,1.18,0.85
2021-04-20,0.0,25.16,80.61,23.82,1.14,0.84
2021-04-21,0.01,24.63,76.0,24.79,1.14,0.83
2021-04-22,0.01,24.89,75.43,24.63,0.81,0.82
2021-04-23,0.04,25.45,78.67,23.68,0.78,0.82
2021-04-24,0.04,25.64,79.62,23.96,0.8,0.81
2021-04-25,0.23,25.89,82.47,23.51,0.94,0.8
2021-04-26,0.11,26.14,80.79,22.6,1.15,0.8
2021-04-27,0.05,25.52,78.62,23.1,1.13,0.79
2021-04-28,0.04,24.78,81.22,23.12,0.89,0.79
2021-04-29,0.02,25.4,82.0,22.95,0.8,0.79
2021-04-30,0.01,25.39,82.73,23.43,0.96,0.78
2021-05-01,5.07,26.42,85.24,16.29,0.76,0.78
2021-05-02,7.14,26.26,85.84,21.45,0.9,0.79
2021-05-03,0.16,25.98,83.16,22.51,1.11,0.79
2021-05-04,0.06,26.27,82.48,21.48,0.78,0.78
2021-05-05,0.06,26.69,82.5,21.3,0.97,0.78
2021-05-06,0.38,26.25,84.06,21.26,1.04,0.77
2021-05-07,0.23,25.61,84.64,20.13,0.89,0.77
2021-05-08,0.47,24.7,88.37,18.75,1.06,0.76
2021-05-09,0.21,25.32,83.86,19.56,1.11,0.76
2021-05-10,0.34,25.35,84.5,21.01,1.27,0.76
2021-05-11,0.14,25.3,81.75,21.71,1.28,0.75
2021-05-12,0.3,25.09,83.4,21.48,1.18,0.75
2021-05-13,0.19,25.4,82.82,22.29,1.18,0.74
2021-05-14,0.22,25.61,84.81,19.34,1.3,0.74
2021-05-15,0.47,25.41,84.06,21.71,1.29,0.74
2021-05-16,1.88,25.33,83.57,20.08,1.3,0.73
2021-05-17,0.22,25.71,83.14,19.65,1.04,0.73
2021-05-18,0.77,25.03,89.2,11.24,1.04,0.73
2021-05-19,1.47,25.45,86.57,19.13,0.96,0.73
2021-05-20,0.75,26.06,84.95,19.52,0.94,0.73
2021-05-21,0.23,25.69,85.4,19.95,1.02,0.72
2021-05-22,0.07,25.76,83.79,21.01,0.97,0.72
2021-05-23,0.1,26.05,83.99,19.53,0.71,0.72
2021-05-24,0.12,25.99,84.56,19.79,0.89,0.71
2021-05-25,0.11,26.05,84.64,19.85,0.88,0.71
2021-05-26,0.08,26.1,82.81,20.95,1.0,0.71
2021-05-27,0.11,26.52,84.27,19.05,1.07,0.7
2021-05-28,0.42,26.41,83.42,15.1,0.96,0.7
2021-05-29,0.13,26.3,83.22,18.19,0.81,0.69
2021-05-30,0.08,26.02,82.93,20.39,0.71,0.69
2021-05-31,0.06,26.06,81.71,20.05,0.6,0.68
2021-06-01,0.04,25.81,82.56,19.52,0.76,0.68
2021-06-02,0.1,25.87,84.38,19.93,0.86,0.68
2021-06-03,0.1,26.47,83.37,19.29,0.84,0.67
2021-06-04,0.08,26.73,83.49,19.99,0.87,0.67
2021-06-05,0.05,26.39,82.84,20.38,0.87,0.67
2021-06-06,0.24,26.22,81.87,20.0,0.91,0.66
2021-06-07,7.57,25.71,86.03,19.1,0.85,0.66
2021-06-08,1.59,25.65,83.61,19.22,1.2,0.67
2021-06-09,0.14,25.96,81.85,17.7,1.03,0.67
2021-06-10,0.1,25.64,81.51,20.0,1.06,0.66
2021-06-11,0.03,25.48,81.55,19.31,0.98,0.66
2021-06-12,0.04,25.43,82.76,20.12,0.98,0.65
2021-06-13,0.23,25.98,83.39,18.59,0.83,0.65
2021-06-14,0.91,25.79,85.67,17.1,0.91,0.65
2021-06-15,0.65,26.08,84.94,17.29,0.83,0.65
2021-06-16,9.78,25.53,86.82,18.23,0.96,0.65
2021-06-17,1.34,25.09,83.54,18.26,1.16,0.66
2021-06-18,0.06,24.83,85.37,17.58,1.11,0.66
2021-06-19,0.31,25.49,85.0,18.32,0.85,0.65
2021-06-20,0.38,25.76,84.16,18.53,0.78,0.65
2021-06-21,1.15,26.55,80.42,16.83,0.52,0.65
2021-06-22,1.47,26.15,84.32,16.3,0.6,0.65
2021-06-23,1.88,25.89,85.76,16.18,0.96,0.64
2021-06-24,4.95,26.18,85.82,16.37,0.73,0.65
2021-06-25,16.82,25.85,88.46,16.18,0.59,0.66
2021-06-26,2.1,26.06,86.82,19.63,0.92,0.68
2021-06-27,0.34,26.24,83.87,16.54,0.71,0.67
2021-06-28,8.56,25.44,87.64,16.5,0.72,0.67
2021-06-29,0.12,25.49,81.01,20.5,1.04,0.67
2021-06-30,0.09,25.47,81.09,20.45,1.05,0.67
2021-07-01,0.14,24.96,82.33,19.91,1.29,0.66
2021-07-02,0.26,24.83,81.85,20.59,1.28,0.65
2021-07-03,0.37,24.99,80.86,19.85,1.39,0.64
2021-07-04,0.26,24.49,78.52,20.11,1.46,0.64
2021-07-05,0.08,24.31,77.04,19.89,1.36,0.63
2021-07-06,0.15,24.5,78.58,19.33,0.88,0.63
2021-07-07,0.31,25.07,81.85,14.03,0.95,0.62
2021-07-08,1.18,25.16,85.04,14.59,1.07,0.62
2021-07-09,0.79,25.81,82.75,16.14,0.91,0.62
2021-07-10,0.51,26.25,81.46,20.02,0.94,0.62
2021-07-11,0.08,26.19,81.1,20.38,0.92,0.61
2021-07-12,0.05,25.7,79.7,20.85,1.05,0.61
2021-07-13,0.07,25.1,78.04,22.1,1.31,0.61
2021-07-14,0.02,24.66,77.45,21.78,1.5,0.6
2021-07-15,0.29,24.4,76.04,19.13,1.49,0.6
2021-07-16,0.34,24.16,80.12,17.62,1.29,0.6
2021-07-17,1.06,23.97,85.08,16.25,1.18,0.59
2021-07-18,0.54,24.87,80.92,19.09,1.18,0.6
2021-07-19,0.42,25.66,79.22,20.74,0.81,0.59
2021-07-20,0.36,25.84,78.09,20.92,0.86,0.59
2021-07-21,0.29,25.5,79.39,17.74,1.14,0.59
2021-07-22,0.16,25.59,78.81,20.58,1.0,0.58
2021-07-23,0.09,25.4,78.57,21.28,1.15,0.58
2021-07-24,0.01,24.76,74.46,22.49,1.17,0.58
2021-07-25,0.1,24.67,76.02,22.76,1.24,0.58
2021-07-26,0.01,24.88,74.61,22.57,0.93,0.57
2021-07-27,0.01,24.8,78.67,21.28,1.18,0.57
2021-07-28,0.06,25.57,77.03,21.24,1.14,0.57
2021-07-29,0.17,25.93,77.37,21.15,1.31,0.57
2021-07-30,0.33,25.95,76.67,20.94,1.1,0.57
2021-07-31,0.12,25.76,76.27,20.32,1.31,0.56
2021-08-01,1.17,25.59,79.82,17.47,1.32,0.56
2021-08-02,2.21,25.76,81.45,18.07,1.31,0.56
2021-08-03,0.86,26.07,80.72,20.08,1.24,0.56
2021-08-04,0.18,26.44,78.33,19.59,1.05,0.56
2021-08-05,0.09,26.44,74.74,20.86,1.08,0.56
2021-08-06,0.08,26.46,75.8,19.46,1.03,0.56
2021-08-07,0.3,26.57,75.74,19.21,0.89,0.56
2021-08-08,0.13,26.12,76.71,20.53,1.07,0.55
2021-08-09,0.06,26.12,75.4,20.99,1.05,0.55
2021-08-10,0.09,26.02,72.08,21.93,1.09,0.55
2021-08-11,0.34,25.61,76.77,22.57,1.39,0.55
2021-08-12,0.68,26.18,79.21,17.16,1.44,0.55
2021-08-13,0.16,26.99,75.71,20.36,1.15,0.55
2021-08-14,0.18,27.03,73.39,22.86,1.0,0.55
2021-08-15,0.15,26.46,73.7,22.57,1.13,0.54
2021-08-16,0.17,26.44,73.26,22.04,1.17,0.54
2021-08-17,0.75,26.61,75.48,16.01,1.21,0.54
2021-08-18,0.05,26.34,71.78,20.74,1.27,0.54
2021-08-19,0.26,26.54,74.22,21.43,1.0,0.54
2021-08-20,0.07,26.42,73.65,19.75,0.96,0.54
2021-08-21,0.08,26.81,73.75,22.63,1.06,0.54
2021-08-22,0.06,26.38,72.85,21.97,1.24,0.53
2021-08-23,0.05,26.09,71.48,23.92,1.24,0.53
2021-08-24,0.06,25.79,71.7,22.13,1.26,0.53
2021-08-25,0.04,25.54,71.49,24.29,1.23,0.53
2021-08-26,0.09,25.85,71.57,23.44,1.18,0.53
2021-08-27,0.65,25.73,76.25,19.72,1.37,0.53
2021-08-28,0.54,26.49,74.25,18.92,1.07,0.53
2021-08-29,2.25,26.21,78.5,21.56,1.34,0.53
2021-08-30,0.11,26.39,72.08,23.61,1.22,0.53
2021-08-31,0.0,26.52,69.45,24.66,1.11,0.53
2021-09-01,0.09,26.12,70.52,25.05,1.14,0.53
2021-09-02,0.44,25.74,76.09,22.01,1.45,0.52
2021-09-03,0.44,25.87,76.87,18.66,1.52,0.52
2021-09-04,0.43,26.18,76.22,17.91,1.37,0.52
2021-09-05,0.01,27.15,68.51,20.16,1.02,0.52
2021-09-06,0.13,27.09,73.09,22.38,0.88,0.52
2021-09-07,0.54,27.01,75.22,19.92,1.46,0.52
2021-09-08,0.22,26.86,68.57,24.16,1.63,0.52
2021-09-09,0.26,27.04,69.66,23.28,1.14,0.52
2021-09-10,1.06,26.82,75.66,16.36,1.08,0.52
2021-09-11,3.18,25.78,81.68,12.59,1.11,0.52
2021-09-12,3.62,26.54,80.36,16.44,0.72,0.53
2021-09-13,11.99,26.46,81.96,19.8,0.56,0.54
2021-09-14,10.01,26.94,80.63,23.14,0.76,0.56
2021-09-15,1.8,27.02,78.49,22.82,0.72,0.57
2021-09-16,0.2,27.1,76.01,21.19,1.09,0.56
2021-09-17,0.25,26.68,77.31,22.05,1.4,0.56
2021-09-18,0.27,26.83,74.75,24.48,1.43,0.55
2021-09-19,0.07,26.66,73.07,25.23,1.27,0.55
2021-09-20,0.46,26.71,74.45,17.08,1.13,0.54
2021-09-21,2.73,27.62,72.73,23.24,0.78,0.54
2021-09-22,6.32,27.12,75.7,21.9,0.82,0.55
2021-09-23,0.42,27.2,73.0,15.32,1.03,0.55
2021-09-24,14.96,26.74,77.99,17.41,0.68,0.55
2021-09-25,11.34,26.27,78.87,18.49,0.88,0.59
2021-09-26,0.12,26.55,72.59,24.01,1.17,0.58
2021-09-27,0.23,26.37,76.71,21.58,1.31,0.57
2021-09-28,0.24,26.52,76.02,20.79,1.37,0.57
2021-09-29,0.2,27.07,75.31,23.62,1.23,0.56
2021-09-30,0.07,27.06,73.85,24.99,1.08,0.55
2021-10-01,0.17,27.4,72.52,25.79,1.04,0.55
2021-10-02,0.12,27.78,68.57,24.84,0.83,0.54
2021-10-03,0.32,27.43,70.91,25.42,1.15,0.54
2021-10-04,16.15,26.78,76.52,22.11,0.99,0.55
2021-10-05,2.8,26.22,76.45,23.41,1.33,0.57
2021-10-06,0.41,26.14,73.36,23.56,1.37,0.56
2021-10-07,0.06,26.68,70.12,25.67,1.17,0.56
2021-10-08,0.26,27.19,74.27,25.23,1.21,0.55
2021-10-09,0.14,27.61,72.5,22.66,1.29,0.55
2021-10-10,0.07,27.57,70.07,26.45,1.23,0.54
2021-10-11,0.02,27.3,69.58,27.16,1.21,0.54
2021-10-12,0.02,27.4,66.0,27.5,1.13,0.53
2021-10-13,0.0,27.58,68.61,25.62,1.11,0.53
2021-10-14,0.66,27.77,69.15,22.17,0.92,0.53
2021-10-15,0.55,27.4,71.62,21.82,0.64,0.53
2021-10-16,0.81,28.75,71.81,19.95,0.68,0.53
2021-10-17,20.23,27.96,78.58,21.31,0.76,0.54
2021-10-18,10.11,27.91,77.94,25.73,0.77,0.58
2021-10-19,0.79,28.66,73.27,23.24,0.43,0.57
2021-10-20,0.34,28.31,76.36,23.75,1.17,0.57
2021-10-21,2.08,28.4,72.13,24.76,1.17,0.56
2021-10-22,0.49,28.32,71.51,25.32,1.09,0.56
2021-10-23,0.12,28.53,69.01,26.01,0.8,0.55
2021-10-24,0.18,28.62,69.39,24.09,0.56,0.55
2021-10-25,0.78,29.03,69.81,23.5,0.58,0.54
2021-10-26,6.27,28.2,75.96,19.53,0.67,0.54
2021-10-27,12.11,27.37,80.73,19.69,0.64,0.56
2021-10-28,8.27,27.63,81.85,23.56,0.91,0.58
2021-10-29,3.56,27.79,80.48,23.77,0.98,0.58
2021-10-30,3.38,27.29,81.78,19.79,0.63,0.58
2021-10-31,10.46,26.52,88.5,20.56,0.59,0.58
2021-11-01,9.09,27.55,78.71,20.44,0.61,0.6
2021-11-02,6.11,27.72,77.12,21.32,0.66,0.6
2021-11-03,1.05,27.84,77.81,20.99,0.86,0.6
2021-11-04,15.26,27.43,82.16,19.42,0.82,0.6
2021-11-05,17.7,27.81,79.54,22.21,0.79,0.61
2021-11-06,8.38,28.31,76.22,23.79,0.42,0.64
2021-11-07,5.24,28.02,79.55,23.65,0.61,0.63
2021-11-08,5.99,27.2,84.26,19.22,0.5,0.63
2021-11-09,8.66,27.4,83.37,22.97,0.49,0.63
2021-11-10,6.54,27.59,81.05,21.08,0.54,0.63
2021-11-11,20.79,27.36,83.61,18.49,0.55,0.64
2021-11-12,12.24,26.07,87.55,13.87,0.93,0.67
2021-11-13,4.95,26.7,79.89,16.65,0.55,0.66
2021-11-14,8.68,26.3,85.71,11.77,0.77,0.66
2021-11-15,7.1,26.88,80.84,16.93,0.65,0.66
2021-11-16,3.96,25.95,85.08,17.16,0.87,0.66
2021-11-17,0.57,27.5,76.21,22.21,0.85,0.65
2021-11-18,1.01,27.91,75.69,22.96,0.7,0.64
2021-11-19,36.63,27.04,83.53,16.31,0.64,0.65
2021-11-20,46.79,25.78,89.16,12.64,0.69,0.73
2021-11-21,7.68,26.21,85.73,15.09,0.96,0.75
2021-11-22,8.86,27.23,80.54,22.1,0.75,0.73
2021-11-23,8.52,27.32,80.43,23.99,0.48,0.73
2021-11-24,3.58,27.69,79.48,22.01,0.43,0.71
2021-11-25,10.74,26.47,86.16,21.16,0.53,0.71
2021-11-26,14.86,26.65,84.68,18.89,0.47,0.71
2021-11-27,16.06,26.29,87.19,19.13,0.48,0.74
2021-11-28,8.37,25.84,86.48,15.64,0.67,0.74
2021-11-29,4.86,24.97,86.82,13.74,0.66,0.74
2021-11-30,5.16,26.17,83.76,14.44,0.69,0.73
2021-12-01,42.53,25.96,84.3,4.11,0.75,0.76
2021-12-02,7.07,26.54,83.75,20.95,0.61,0.78
2021-12-03,4.15,26.94,84.72,20.6,0.81,0.76
2021-12-04,9.57,26.47,86.94,21.06,0.69,0.76
2021-12-05,13.92,26.71,82.8,15.81,0.91,0.76
2021-12-06,34.48,26.21,86.14,15.21,0.74,0.79
2021-12-07,6.97,26.74,83.54,15.2,0.97,0.8
2021-12-08,1.35,27.1,82.34,23.02,0.5,0.78
2021-12-09,0.48,27.4,80.0,20.22,0.6,0.77
2021-12-10,3.19,26.94,85.07,23.11,0.74,0.76
2021-12-11,3.25,26.88,85.69,21.11,0.76,0.76
2021-12-12,2.74,26.69,85.29,20.99,0.91,0.76
2021-12-13,7.22,26.17,91.22,20.06,0.94,0.76
2021-12-14,2.78,26.72,84.65,21.45,0.96,0.76
2021-12-15,2.25,26.59,86.37,22.12,0.75,0.76
2021-12-16,1.69,27.52,82.93,24.32,0.57,0.76
2021-12-17,2.17,27.87,82.39,23.55,0.51,0.75
2021-12-18,27.25,28.37,79.64,23.35,0.34,0.76
2021-12-19,21.3,26.6,89.79,17.25,0.64,0.81
2021-12-20,19.34,26.62,86.96,17.33,0.78,0.81
2021-12-21,5.16,26.09,88.83,15.7,1.07,0.81
2021-12-22,2.53,26.2,87.19,18.59,0.84,0.8
2021-12-23,5.14,26.17,85.74,19.41,1.01,0.8
2021-12-24,5.65,27.18,82.94,22.62,0.89,0.8
2021-12-25,5.02,26.5,82.99,20.98,0.95,0.79
2021-12-26,10.1,26.75,82.96,20.94,0.94,0.8
2021-12-27,10.4,25.95,89.44,20.1,0.94,0.8
2021-12-28,6.6,26.48,82.29,17.1,1.09,0.81
2021-12-29,9.88,26.05,86.49,18.81,0.96,0.8
2021-12-30,17.22,26.11,87.82,18.19,1.05,0.82
2021-12-31,2.2,25.77,87.47,17.6,1.14,0.82
2022-01-01,6.95,25.36,87.89,13.54,1.1,0.81
2022-01-02,4.95,25.78,85.81,13.1,0.84,0.81
2022-01-03,4.08,25.08,89.76,16.57,1.1,0.81
2022-01-04,11.17,24.99,89.49,17.3,1.08,0.82
2022-01-05,6.34,25.22,88.43,11.33,0.84,0.82
2022-01-06,1.17,25.92,83.49,21.42,0.78,0.82
2022-01-07,0.95,26.08,82.55,23.14,0.91,0.81
2022-01-08,1.96,25.55,88.04,21.78,0.83,0.8
2022-01-09,9.74,25.72,88.72,17.29,0.89,0.81
2022-01-10,16.61,25.91,88.57,16.26,1.06,0.83
2022-01-11,10.66,25.42,89.06,17.74,1.13,0.84
2022-01-12,8.59,25.6,88.83,21.26,1.22,0.83
2022-01-13,6.33,26.34,86.69,18.91,1.09,0.83
2022-01-14,17.76,25.7,91.27,17.38,1.01,0.84
2022-01-15,17.08,25.59,90.08,6.77,1.16,0.85
2022-01-16,2.86,25.8,91.18,13.81,1.48,0.85
2022-01-17,9.0,25.35,89.58,13.26,1.11,0.85
2022-01-18,24.53,25.29,86.53,13.07,0.93,0.87
2022-01-19,8.64,24.97,81.92,16.47,0.94,0.86
2022-01-20,10.91,25.78,82.79,21.69,0.86,0.86
2022-01-21,0.95,25.75,82.66,21.39,0.77,0.86
2022-01-22,0.91,26.34,84.47,20.94,1.01,0.85
2022-01-23,0.6,26.24,85.4,24.72,0.92,0.84
2022-01-24,0.36,26.35,87.23,24.65,0.97,0.84
2022-01-25,20.62,26.15,90.09,20.87,1.34,0.84
2022-01-26,16.62,26.07,91.53,15.14,1.32,0.87
2022-01-27,37.17,26.1,92.59,9.08,0.94,0.89
2022-01-28,5.96,25.37,90.51,19.94,0.89,0.89
2022-01-29,7.97,25.69,85.12,15.49,0.88,0.88
2022-01-30,1.0,25.87,86.04,16.68,1.0,0.88
2022-01-31,0.94,25.89,88.35,19.76,1.22,0.87
2022-02-01,9.42,26.07,89.07,20.81,1.33,0.87
2022-02-02,1.41,25.98,88.53,24.3,1.11,0.87
2022-02-03,3.08,26.28,86.16,21.88,1.05,0.86
2022-02-04,8.06,26.3,86.28,14.2,1.18,0.86
2022-02-05,4.88,25.95,90.1,16.96,1.28,0.86
2022-02-06,11.81,25.96,89.7,15.55,1.11,0.86
2022-02-07,6.56,25.95,89.72,21.32,1.17,0.87
2022-02-08,6.93,25.73,90.67,19.89,1.05,0.87
2022-02-09,6.48,25.41,87.49,21.09,0.74,0.87
2022-02-10,7.06,25.55,88.48,15.42,0.91,0.87
2022-02-11,4.94,25.47,91.03,18.22,0.94,0.87
2022-02-12,25.55,25.02,90.45,17.87,0.93,0.88
2022-02-13,22.03,25.87,85.32,20.64,0.68,0.9
2022-02-14,8.53,26.26,84.47,22.24,0.61,0.9
2022-02-15,3.79,26.59,84.12,24.87,0.76,0.89
2022-02-16,0.62,26.47,83.99,25.12,0.87,0.88
2022-02-17,0.24,27.02,80.79,25.16,0.7,0.87
2022-02-18,3.2,26.54,81.92,24.58,0.89,0.86
2022-02-19,2.62,26.8,81.68,21.57,0.41,0.86
2022-02-20,3.07,26.53,84.26,20.75,0.66,0.86
2022-02-21,20.57,24.92,89.43,9.97,0.97,0.88
2022-02-22,7.72,25.37,83.93,19.73,0.88,0.87
2022-02-23,5.68,25.09,82.83,15.67,0.79,0.88
2022-02-24,5.26,25.99,78.73,19.34,0.81,0.87
2022-02-25,7.4,25.85,84.88,20.84,0.97,0.87
2022-02-26,5.31,25.21,88.8,14.68,1.17,0.87
2022-02-27,4.38,25.47,87.79,20.58,1.19,0.87
2022-02-28,1.22,25.88,87.0,16.18,1.34,0.86
2022-03-01,6.46,25.97,86.72,20.15,1.39,0.86
2022-03-02,18.21,26.43,89.62,17.3,1.45,0.87
2022-03-03,14.43,26.43,90.35,15.78,1.4,0.88
2022-03-04,3.68,26.74,87.32,20.19,0.98,0.88
2022-03-05,2.96,26.29,87.89,20.65,0.46,0.87
2022-03-06,15.52,26.2,88.68,21.19,0.48,0.88
2022-03-07,0.71,26.4,83.29,22.22,0.69,0.88
2022-03-08,1.72,26.15,84.39,19.53,0.59,0.87
2022-03-09,2.77,26.79,81.78,20.0,0.43,0.87
2022-03-10,3.69,26.01,86.62,18.57,0.85,0.86
2022-03-11,2.25,26.42,85.53,21.25,0.95,0.86
2022-03-12,3.54,26.59,87.11,23.49,0.96,0.86
2022-03-13,1.06,26.47,86.7,21.91,0.79,0.85
2022-03-14,0.7,26.87,84.75,20.66,0.61,0.85
2022-03-15,1.23,26.66,87.05,22.49,0.7,0.85
2022-03-16,0.37,27.4,81.71,23.88,0.53,0.84
2022-03-17,2.26,27.64,80.73,24.84,0.53,0.84
2022-03-18,1.6,26.93,83.7,16.27,0.57,0.83
2022-03-19,21.3,25.68,93.31,9.03,1.08,0.84
2022-03-20,25.98,26.02,87.93,18.59,0.99,0.88
2022-03-21,5.44,26.41,85.38,20.13,0.98,0.87
2022-03-22,5.42,25.99,87.35,23.49,0.96,0.86
2022-03-23,2.87,25.98,87.81,20.37,1.05,0.86
2022-03-24,0.99,26.81,83.17,22.85,0.69,0.86
2022-03-25,1.29,26.4,86.33,17.37,0.58,0.85
2022-03-26,3.47,26.99,81.49,22.74,0.52,0.85
2022-03-27,5.33,26.55,84.14,22.19,0.48,0.85
2022-03-28,2.6,25.82,86.42,16.34,0.73,0.85
2022-03-29,8.74,25.57,85.79,15.62,0.46,0.85
2022-03-30,2.06,24.91,89.36,19.26,0.76,0.86
2022-03-31,6.78,25.8,85.13,20.6,0.74,0.85
2022-04-01,14.32,25.37,87.25,18.96,0.67,0.87
2022-04-02,6.92,26.12,81.04,20.53,0.66,0.87
2022-04-03,1.43,26.98,78.57,22.8,0.5,0.86
2022-04-04,0.67,26.68,79.76,24.53,0.7,0.85
2022-04-05,0.38,26.4,81.5,22.45,0.78,0.85
2022-04-06,2.34,26.58,82.49,20.81,0.76,0.84
2022-04-07,0.4,26.67,82.26,22.81,0.77,0.83
2022-04-08,0.33,26.86,82.04,22.13,0.61,0.83
2022-04-09,0.22,27.45,77.92,23.4,0.48,0.82
2022-04-10,6.81,27.27,78.35,22.52,0.66,0.82
2022-04-11,1.46,26.04,81.38,24.22,0.98,0.82
2022-04-12,0.01,25.84,82.65,23.01,0.92,0.81
2022-04-13,0.01,25.74,81.55,24.34,0.8,0.8
2022-04-14,0.29,25.98,85.67,22.49,0.89,0.8
2022-04-15,1.95,26.94,82.78,21.11,0.61,0.8
2022-04-16,3.57,26.74,85.14,19.73,0.54,0.8
2022-04-17,6.73,26.0,87.85,15.33,0.62,0.81
2022-04-18,4.98,26.7,82.75,15.82,0.71,0.81
2022-04-19,7.13,25.52,91.06,10.02,0.63,0.81
2022-04-20,13.6,25.74,83.6,6.79,0.6,0.83
2022-04-21,0.13,26.98,78.34,22.47,0.6,0.82
2022-04-22,0.08,27.05,80.36,19.88,0.75,0.81
2022-04-23,5.06,26.75,85.32,21.5,0.95,0.8
2022-04-24,10.38,26.66,83.33,21.61,0.85,0.81
2022-04-25,0.05,26.49,81.38,21.94,1.01,0.8
2022-04-26,0.0,26.74,74.56,22.47,0.55,0.8
2022-04-27,0.0,26.77,75.13,21.58,0.75,0.79
2022-04-28,0.4,27.14,76.35,21.72,0.71,0.78
2022-04-29,11.13,26.71,84.02,21.23,0.96,0.79
2022-04-30,4.16,26.85,84.32,22.08,1.03,0.8
2022-05-01,0.36,26.79,82.37,20.14,0.94,0.79
2022-05-02,0.19,27.06,84.49,22.21,1.03,0.78
2022-05-03,0.26,26.86,84.77,20.77,1.07,0.78
2022-05-04,0.29,26.87,84.46,20.99,1.09,0.77
2022-05-05,2.34,26.53,86.01,17.66,1.07,0.77
2022-05-06,0.49,26.87,84.31,19.97,1.01,0.77
2022-05-07,0.64,27.4,83.54,17.9,0.89,0.76
2022-05-08,0.89,27.43,84.22,17.15,0.85,0.76
2022-05-09,7.52,26.9,86.23,19.92,0.94,0.76
2022-05-10,1.83,26.51,83.61,19.79,1.08,0.77
2022-05-11,0.11,27.09,81.68,19.0,0.84,0.76
2022-05-12,0.4,27.29,82.17,19.31,0.77,0.75
2022-05-13,2.78,26.36,90.79,16.65,0.43,0.75
2022-05-14,0.4,27.01,82.28,19.85,0.63,0.76
2022-05-15,0.04,26.59,82.56,20.57,0.78,0.75
2022-05-16,0.56,26.82,84.97,19.18,0.86,0.74
2022-05-17,1.22,26.56,86.58,16.43,0.68,0.74
2022-05-18,3.66,26.42,88.45,17.07,0.69,0.74
2022-05-19,1.4,26.4,86.72,17.89,0.76,0.75
2022-05-20,1.07,26.48,85.62,19.66,0.94,0.74
2022-05-21,0.1,26.83,80.67,21.47,0.9,0.74
2022-05-22,0.05,26.25,81.39,19.73,0.89,0.73
2022-05-23,0.06,26.25,82.65,21.61,0.96,0.73
2022-05-24,0.44,26.44,83.63,18.3,0.85,0.72
2022-05-25,2.8,26.38,88.13,16.82,0.83,0.72
2022-05-26,6.73,25.9,91.3,16.48,0.64,0.73
2022-05-27,3.82,25.26,86.74,11.4,0.87,0.74
2022-05-28,0.12,26.29,76.2,18.09,0.71,0.73
2022-05-29,2.62,27.02,79.34,18.07,0.6,0.73
2022-05-30,4.76,25.78,89.11,17.27,0.92,0.74
2022-05-31,0.16,26.1,87.06,19.0,0.85,0.73
2022-06-01,6.8,26.97,78.96,18.5,0.46,0.73
2022-06-02,9.45,26.38,86.56,18.17,0.74,0.74
2022-06-03,4.58,26.16,85.86,18.03,0.73,0.75
2022-06-04,1.0,25.61,88.12,12.29,0.73,0.74
2022-06-05,2.3,26.25,83.53,16.96,0.62,0.74
2022-06-06,1.66,25.59,87.96,19.16,0.82,0.74
2022-06-07,10.25,25.86,87.42,16.78,0.91,0.74
2022-06-08,5.95,26.22,86.3,19.3,0.78,0.75
2022-06-09,1.39,25.89,87.29,17.77,0.89,0.75
2022-06-10,1.87,25.94,87.73,18.32,0.84,0.74
2022-06-11,1.5,25.98,87.73,18.29,0.99,0.74
2022-06-12,1.82,26.14,86.52,15.35,0.95,0.74
2022-06-13,0.68,26.07,85.39,15.82,0.8,0.73
2022-06-14,0.67,26.02,84.08,17.14,0.96,0.73
2022-06-15,0.68,26.18,84.43,16.36,1.0,0.72
2022-06-16,0.94,25.94,85.5,16.94,0.86,0.72
2022-06-17,0.41,25.89,85.1,19.27,1.16,0.72
2022-06-18,0.51,25.9,84.37,18.45,0.98,0.71
2022-06-19,0.69,25.51,87.04,16.35,0.98,0.71
2022-06-20,0.86,25.22,84.57,19.1,1.34,0.71
2022-06-21,0.1,25.33,79.61,21.01,1.19,0.7
2022-06-22,0.57,25.34,84.56,19.55,1.33,0.7
2022-06-23,0.29,25.58,81.46,17.49,1.36,0.7
2022-06-24,0.94,25.25,84.03,15.66,1.4,0.69
2022-06-25,0.63,24.78,83.19,14.24,1.34,0.69
2022-06-26,0.81,25.12,83.76,15.35,1.34,0.68
2022-06-27,0.16,24.79,79.77,18.86,1.45,0.68
2022-06-28,0.17,24.87,79.94,18.3,1.35,0.67
2022-06-29,1.12,25.38,85.12,19.25,1.31,0.67
2022-06-30,0.77,24.48,86.41,16.87,1.5,0.67
2022-07-01,0.63,24.73,83.67,15.0,1.46,0.67
2022-07-02,0.72,25.94,87.05,16.64,0.95,0.66
2022-07-03,1.42,26.13,87.44,17.05,0.85,0.66
2022-07-04,6.92,26.24,87.42,17.77,0.77,0.67
2022-07-05,1.99,25.53,84.54,18.28,1.26,0.68
2022-07-06,0.04,24.43,80.41,18.62,1.45,0.67
2022-07-07,0.14,23.48,78.39,20.15,1.3,0.66
2022-07-08,0.37,23.28,80.47,21.14,1.06,0.66
2022-07-09,0.14,24.09,80.7,19.73,0.92,0.65
2022-07-10,0.2,25.26,83.38,18.21,1.18,0.65
2022-07-11,0.57,25.41,83.97,12.5,1.19,0.64
2022-07-12,0.18,24.94,82.98,16.9,1.38,0.64
2022-07-13,0.07,24.7,79.52,17.92,1.23,0.64
2022-07-14,0.01,24.69,79.46,18.68,1.15,0.63
2022-07-15,0.1,24.92,82.2,18.07,1.08,0.63
2022-07-16,0.33,25.23,82.76,13.0,1.13,0.63
2022-07-17,0.19,25.45,80.87,18.65,0.95,0.62
2022-07-18,0.07,25.26,78.88,20.29,0.99,0.62
2022-07-19,0.05,24.82,79.02,20.36,1.06,0.62
2022-07-20,0.03,24.54,78.11,21.85,1.07,0.61
2022-07-21,0.07,24.5,79.13,19.71,1.18,0.61
2022-07-22,0.22,25.08,80.11,16.85,1.12,0.61
2022-07-23,0.17,24.63,77.73,21.28,1.32,0.6
2022-07-24,0.01,23.5,71.82,21.99,1.45,0.6
2022-07-25,0.03,23.91,73.48,20.89,1.34,0.6
2022-07-26,0.09,24.77,77.93,18.84,1.24,0.6
2022-07-27,0.06,24.9,78.29,21.56,1.17,0.59
2022-07-28,0.05,24.82,79.29,21.77,1.12,0.59
2022-07-29,0.08,24.89,77.5,21.95,1.2,0.59
2022-07-30,0.3,24.8,76.86,21.6,1.1,0.59
2022-07-31,0.14,25.2,77.86,20.48,1.05,0.58
2022-08-01,0.43,25.71,80.16,17.57,0.81,0.58
2022-08-02,0.39,26.43,79.85,19.47,0.86,0.58
2022-08-03,0.07,26.04,77.44,21.17,1.06,0.58
2022-08-04,0.12,25.52,77.39,22.25,1.23,0.58
2022-08-05,0.1,25.08,74.98,23.53,1.11,0.57
2022-08-06,0.13,24.57,77.56,21.24,1.07,0.57
2022-08-07,0.25,25.32,76.94,22.32,1.02,0.57
2022-08-08,0.75,25.59,76.93,20.0,1.04,0.57
2022-08-09,1.43,25.65,80.72,17.01,1.08,0.57
2022-08-10,0.36,26.38,79.08,19.33,0.9,0.57
2022-08-11,0.23,26.71,77.99,16.27,0.73,0.57
2022-08-12,0.32,27.03,78.54,20.19,0.72,0.57
2022-08-13,1.99,27.1,78.66,17.36,0.72,0.56
2022-08-14,2.42,26.68,79.06,18.52,0.92,0.57
2022-08-15,0.77,26.69,76.15,20.26,0.97,0.57
2022-08-16,0.04,26.27,75.74,22.29,0.84,0.57
2022-08-17,0.14,25.77,74.16,18.91,1.18,0.56
2022-08-18,0.24,25.47,77.51,19.05,1.49,0.56
2022-08-19,0.02,25.42,71.38,23.64,1.48,0.56
2022-08-20,0.0,24.72,69.57,23.47,1.48,0.56
2022-08-21,0.07,25.58,72.43,22.84,1.06,0.55
2022-08-22,0.1,25.34,75.8,22.66,1.5,0.55
2022-08-23,0.04,25.28,71.9,24.12,1.29,0.55
2022-08-24,0.05,25.62,71.03,23.62,1.13,0.55
2022-08-25,0.06,26.07,73.66,21.45,1.1,0.55
2022-08-26,0.06,26.16,72.74,21.62,1.15,0.54
2022-08-27,0.08,25.97,72.62,22.65,1.16,0.54
2022-08-28,0.18,26.09,74.61,21.16,1.08,0.54
2022-08-29,0.57,26.42,76.26,21.24,1.16,0.54
2022-08-30,0.38,26.7,76.01,20.31,1.06,0.54
2022-08-31,0.27,26.69,74.66,20.44,0.77,0.54
2022-09-01,0.06,26.99,73.09,22.59,1.05,0.54
2022-09-02,0.07,27.29,72.9,24.34,0.9,0.54
2022-09-03,0.11,27.26,73.67,21.83,1.0,0.53
2022-09-04,0.42,27.09,75.66,20.55,1.13,0.53
2022-09-05,2.73,26.73,76.75,19.54,0.84,0.53
2022-09-06,3.22,26.9,77.83,18.44,0.72,0.54
2022-09-07,0.69,27.17,75.8,18.46,0.72,0.54
2022-09-08,1.26,27.45,76.29,20.8,0.7,0.54
2022-09-09,0.68,27.38,75.58,22.71,0.71,0.54
2022-09-10,0.74,26.95,75.51,21.67,0.9,0.54
2022-09-11,0.16,27.38,71.69,24.42,0.9,0.54
2022-09-12,0.03,27.61,69.01,25.36,0.85,0.53
2022-09-13,0.12,27.27,71.75,24.96,1.23,0.53
2022-09-14,0.71,26.88,74.55,22.09,1.29,0.53
2022-09-15,1.15,26.38,78.05,20.04,1.33,0.53
2022-09-16,0.42,27.14,70.31,23.47,1.17,0.53
2022-09-17,0.0,27.41,69.12,23.69,0.81,0.53
2022-09-18,0.0,27.46,70.06,23.61,0.78,0.53
2022-09-19,1.02,27.54,71.03,23.32,0.93,0.52
2022-09-20,1.98,26.63,75.71,19.53,1.32,0.53
2022-09-21,5.74,27.19,74.71,20.99,0.82,0.53
2022-09-22,2.04,27.44,75.27,22.88,1.0,0.54
2022-09-23,0.41,27.71,74.59,22.42,0.88,0.54
2022-09-24,0.17,28.18,72.89,23.87,0.77,0.53
2022-09-25,0.15,28.14,69.72,23.6,0.92,0.53
2022-09-26,0.14,27.96,68.64,26.01,1.18,0.53
2022-09-27,0.01,27.83,65.97,26.32,0.9,0.53
2022-09-28,0.03,27.95,67.02,25.14,0.88,0.52
2022-09-29,0.49,28.11,70.28,20.31,0.67,0.52
2022-09-30,3.4,28.1,72.12,10.63,0.69,0.52
2022-10-01,6.89,27.45,78.19,21.65,0.51,0.53
2022-10-02,4.22,27.57,78.61,22.79,0.77,0.54
2022-10-03,5.12,26.92,81.13,21.03,0.65,0.55
2022-10-04,21.29,26.37,84.52,22.26,0.91,0.57
2022-10-05,4.28,26.79,82.16,20.43,0.89,0.59
2022-10-06,29.37,25.56,87.84,17.24,0.99,0.61
2022-10-07,3.41,26.53,84.54,22.05,1.06,0.63
2022-10-08,2.5,27.02,84.1,23.72,0.76,0.62
2022-10-09,1.3,27.44,81.73,21.54,0.68,0.61
2022-10-10,4.86,26.44,85.76,20.67,0.43,0.6
2022-10-11,11.81,26.31,84.71,21.56,0.51,0.61
2022-10-12,12.48,25.3,87.69,20.49,0.99,0.64
2022-10-13,1.07,26.64,80.61,22.89,0.97,0.63
2022-10-14,2.02,26.96,78.56,23.03,0.81,0.62
2022-10-15,2.48,27.28,76.66,24.61,1.08,0.61
2022-10-16,10.09,26.82,82.96,21.82,0.96,0.61
2022-10-17,9.36,26.18,86.58,18.47,0.87,0.63
2022-10-18,12.25,25.99,87.44,14.29,0.78,0.64
2022-10-19,10.61,26.55,83.5,20.69,0.87,0.64
2022-10-20,6.34,27.66,78.75,21.9,0.73,0.64
2022-10-21,7.48,28.09,77.15,24.37,0.58,0.65
2022-10-22,1.66,27.59,78.98,22.17,0.37,0.64
2022-10-23,0.93,28.53,75.83,24.55,0.51,0.63
2022-10-24,0.61,27.35,79.53,23.7,0.72,0.62
2022-10-25,1.37,27.25,81.14,22.69,0.65,0.62
2022-10-26,12.96,26.12,88.94,21.74,0.32,0.63
2022-10-27,4.08,26.92,80.21,18.23,0.68,0.64
2022-10-28,4.23,26.47,81.07,17.48,0.86,0.64
2022-10-29,0.07,26.71,73.48,25.13,0.95,0.63
2022-10-30,0.21,26.9,72.75,24.86,1.02,0.62
2022-10-31,0.13,27.14,72.53,22.86,0.73,0.61
2022-11-01,0.68,27.47,76.66,22.6,0.66,0.6
2022-11-02,7.73,26.7,85.21,22.63,0.66,0.61
2022-11-03,1.41,27.93,80.48,24.3,0.53,0.61
2022-11-04,3.15,27.64,82.89,23.71,0.67,0.61
2022-11-05,1.45,27.23,81.49,21.81,0.5,0.61
2022-11-06,1.16,28.25,73.92,24.78,0.48,0.61
2022-11-07,19.47,27.34,77.87,18.62,0.53,0.62
2022-11-08,38.99,26.34,83.93,18.7,0.75,0.68
2022-11-09,6.63,26.6,79.88,20.41,0.9,0.7
2022-11-10,3.07,27.51,78.49,22.37,0.55,0.68
2022-11-11,5.95,27.94,78.37,23.18,0.49,0.67
2022-11-12,3.18,27.71,79.3,22.88,0.37,0.67
2022-11-13,9.46,27.17,82.86,23.08,0.43,0.67
2022-11-14,0.92,27.17,83.21,22.69,0.44,0.67
2022-11-15,1.86,26.58,85.44,20.11,0.61,0.66
2022-11-16,11.56,26.33,84.93,20.4,0.8,0.67
2022-11-17,1.35,27.42,78.69,23.7,0.5,0.67
2022-11-18,7.7,26.27,85.16,13.16,0.55,0.67
2022-11-19,10.78,26.35,81.49,7.41,0.77,0.67
2022-11-20,3.82,26.99,79.57,24.22,0.66,0.68
2022-11-21,2.84,26.73,83.96,16.39,0.93,0.68
2022-11-22,4.22,26.77,83.72,20.04,0.95,0.67
2022-11-23,5.42,26.55,83.02,9.85,0.97,0.67
2022-11-24,11.0,26.42,83.29,17.43,0.94,0.68
2022-11-25,12.73,25.83,85.5,15.28,0.95,0.69
2022-11-26,15.0,25.88,88.05,20.53,1.24,0.7
2022-11-27,8.17,25.34,88.39,18.8,1.26,0.72
2022-11-28,6.2,25.75,88.42,12.92,1.06,0.71
2022-11-29,4.17,26.69,82.56,19.56,0.57,0.71
2022-11-30,5.11,26.15,82.44,21.45,0.64,0.7
2022-12-01,6.37,26.42,79.93,20.22,0.61,0.7
2022-12-02,12.29,26.95,78.1,16.88,0.43,0.71
2022-12-03,7.91,27.34,76.15,23.79,0.65,0.71
2022-12-04,17.96,27.11,80.8,24.51,0.71,0.73
2022-12-05,2.66,27.45,79.31,25.86,0.73,0.72
2022-12-06,0.61,27.1,78.42,26.85,0.49,0.71
2022-12-07,5.63,28.26,73.22,27.1,0.72,0.7
2022-12-08,19.95,28.12,74.57,25.7,0.86,0.72
2022-12-09,0.06,27.26,77.69,25.82,1.1,0.71
2022-12-10,0.5,27.49,78.45,25.68,0.83,0.7
2022-12-11,1.5,27.41,80.4,22.56,0.76,0.69
2022-12-12,0.34,27.96,77.5,25.77,0.71,0.69
2022-12-13,4.75,28.0,77.96,23.6,0.72,0.68
2022-12-14,7.4,26.82,82.88,21.01,0.77,0.7
2022-12-15,0.82,27.42,79.22,19.46,0.59,0.69
2022-12-16,9.84,25.64,87.78,12.13,1.0,0.7
2022-12-17,5.22,25.95,81.39,16.18,0.57,0.71
2022-12-18,1.63,26.66,78.78,20.57,0.62,0.7
2022-12-19,0.35,27.44,75.32,26.69,0.73,0.7
2022-12-20,0.13,26.9,74.42,26.32,0.82,0.69
2022-12-21,1.81,26.68,71.88,26.54,0.85,0.68
2022-12-22,7.89,26.79,82.4,15.8,1.05,0.68
2022-12-23,14.57,26.12,86.54,14.47,1.18,0.69
2022-12-24,20.7,25.26,88.3,15.1,1.19,0.73
2022-12-25,27.7,25.22,89.71,12.77,0.77,0.75
2022-12-26,7.35,25.34,86.71,17.97,1.0,0.76
2022-12-27,7.99,25.78,84.6,17.83,1.14,0.75
2022-12-28,9.95,25.82,86.31,22.17,0.97,0.75
2022-12-29,12.46,25.35,90.82,12.11,1.5,0.76
2022-12-30,16.53,25.29,92.02,5.86,1.58,0.77
2022-12-31,10.98,26.17,87.47,20.07,1.47,0.78
2023-01-01,11.12,25.33,90.22,17.47,1.54,0.78
2023-01-02,9.93,25.86,87.68,16.52,1.62,0.78
2023-01-03,5.97,26.03,88.16,20.37,1.55,0.78
2023-01-04,2.47,26.06,84.27,22.37,1.31,0.77
2023-01-05,4.98,26.21,86.32,19.08,1.1,0.76
2023-01-06,2.56,25.74,89.0,22.17,1.06,0.76
2023-01-07,2.19,26.06,85.42,21.63,0.9,0.76
2023-01-08,0.49,26.34,79.98,25.09,0.75,0.75
2023-01-09,0.21,26.27,79.59,24.32,0.7,0.74
2023-01-10,0.13,26.17,80.26,25.81,0.76,0.74
2023-01-11,0.4,26.36,80.58,24.15,0.64,0.73
2023-01-12,1.3,26.48,80.69,23.59,0.63,0.72
2023-01-13,3.44,26.36,83.86,23.52,0.69,0.72
2023-01-14,1.5,26.66,82.81,25.15,1.02,0.73
2023-01-15,2.56,26.17,88.51,20.09,1.22,0.72
2023-01-16,12.99,26.15,90.88,17.25,1.31,0.73
2023-01-17,8.4,25.75,89.96,19.47,1.06,0.75
2023-01-18,2.18,26.09,86.31,19.04,0.85,0.75
2023-01-19,3.18,25.82,84.79,18.73,0.94,0.75
2023-01-20,4.07,25.33,88.06,21.87,0.71,0.75
2023-01-21,0.98,26.68,79.81,22.9,0.55,0.74
2023-01-22,0.83,26.61,82.21,21.78,0.59,0.74
2023-01-23,0.29,26.75,81.92,24.24,0.52,0.73
2023-01-24,0.25,26.57,81.19,24.87,0.33,0.73
2023-01-25,13.28,26.88,80.8,14.91,0.42,0.73
2023-01-26,40.22,25.92,88.82,16.13,0.68,0.76
2023-01-27,4.12,25.79,87.86,17.8,0.74,0.79
2023-01-28,20.63,25.29,93.39,17.57,0.83,0.8
2023-01-29,8.18,25.21,90.82,17.49,0.99,0.79
2023-01-30,6.16,25.41,89.39,17.3,0.71,0.79
2023-01-31,8.5,26.01,87.56,17.65,0.91,0.79
2023-02-01,7.69,25.44,93.15,13.04,1.35,0.79
2023-02-02,3.13,25.15,90.67,7.0,1.07,0.79
2023-02-03,5.0,25.3,89.08,15.22,1.3,0.79
2023-02-04,12.73,25.45,91.1,11.67,1.3,0.79
2023-02-05,6.96,25.29,91.6,11.33,1.39,0.8
2023-02-06,5.49,25.46,90.01,13.66,1.5,0.8
2023-02-07,10.37,25.33,89.88,10.46,1.4,0.8
2023-02-08,49.63,25.38,91.32,13.71,1.27,0.84
2023-02-09,11.26,24.8,91.82,14.11,1.45,0.85
2023-02-10,8.94,24.66,93.12,10.38,1.27,0.84
2023-02-11,4.16,25.43,90.72,14.68,1.11,0.84
2023-02-12,14.31,25.24,92.4,17.81,1.01,0.84
2023-02-13,12.08,25.84,87.25,16.17,1.07,0.85
2023-02-14,12.47,25.58,89.56,19.27,1.08,0.85
2023-02-15,2.59,25.14,90.23,15.32,1.0,0.85
2023-02-16,8.02,25.27,90.9,21.12,1.07,0.85
2023-02-17,8.41,25.34,90.74,17.46,0.99,0.85
2023-02-18,17.93,25.52,91.41,17.64,0.81,0.87
2023-02-19,1.51,25.98,88.72,22.83,0.83,0.86
2023-02-20,1.51,25.85,88.82,21.91,0.89,0.86
2023-02-21,5.12,25.62,90.13,22.04,0.83,0.86
2023-02-22,3.63,26.09,87.8,19.73,1.01,0.85
2023-02-23,4.78,25.66,93.02,10.2,1.31,0.85
2023-02-24,13.31,25.69,92.22,14.3,1.18,0.85
2023-02-25,18.54,25.57,93.34,14.48,1.1,0.87
2023-02-26,26.16,25.02,92.48,13.97,1.41,0.89
2023-02-27,3.77,25.5,89.41,18.99,1.23,0.89
2023-02-28,7.16,24.93,92.14,17.55,0.87,0.88
2023-03-01,7.94,24.97,90.12,14.23,1.0,0.88
2023-03-02,13.73,24.88,91.02,13.14,1.47,0.89
2023-03-03,0.97,25.2,87.62,21.09,1.12,0.89
2023-03-04,12.14,25.65,84.59,22.88,0.87,0.88
2023-03-05,17.79,25.21,89.03,19.23,1.13,0.89
2023-03-06,12.9,24.93,90.36,17.68,0.95,0.9
2023-03-07,9.08,26.01,85.14,19.0,0.63,0.9
2023-03-08,2.02,25.61,89.87,22.01,0.64,0.89
2023-03-09,1.54,26.54,81.83,21.19,0.69,0.88
2023-03-10,0.74,27.09,81.05,26.13,0.67,0.88
2023-03-11,0.09,26.91,78.97,27.15,0.58,0.87
2023-03-12,0.09,26.77,78.91,25.84,0.48,0.86
2023-03-13,1.32,26.52,80.46,23.12,0.64,0.85
2023-03-14,1.29,26.64,81.66,21.23,0.61,0.85
2023-03-15,0.39,27.14,79.16,23.49,0.43,0.84
2023-03-16,5.25,27.18,81.49,25.11,0.76,0.84
2023-03-17,4.97,27.01,82.99,21.72,0.54,0.84
2023-03-18,1.44,27.28,81.81,23.26,0.55,0.84
2023-03-19,2.54,27.55,79.56,23.6,0.57,0.83
2023-03-20,2.82,26.82,86.17,22.45,0.79,0.83
2023-03-21,1.69,26.99,82.23,21.51,0.6,0.83
2023-03-22,5.67,26.81,83.28,23.11,0.8,0.83
2023-03-23,0.77,27.16,78.89,23.85,0.79,0.82
2023-03-24,2.54,27.17,81.81,21.44,0.79,0.82
2023-03-25,0.37,26.95,81.18,22.1,0.68,0.81
2023-03-26,5.08,26.66,83.96,20.63,0.59,0.81
2023-03-27,10.24,26.32,86.28,19.13,0.78,0.82
2023-03-28,5.63,26.31,86.29,19.41,0.89,0.82
2023-03-29,13.65,25.96,91.42,16.24,0.59,0.83
2023-03-30,7.15,26.16,85.06,16.87,0.6,0.84
2023-03-31,6.45,25.24,93.2,19.14,0.44,0.84
2023-04-01,6.68,25.44,87.33,17.56,0.68,0.84
2023-04-02,3.92,25.28,89.75,18.18,0.65,0.84
2023-04-03,7.06,26.08,86.51,15.46,0.7,0.84
2023-04-04,14.26,25.56,88.89,12.76,0.82,0.85
2023-04-05,4.38,25.47,86.32,18.04,0.67,0.86
2023-04-06,8.26,26.53,83.5,20.36,0.42,0.86
2023-04-07,5.26,25.84,88.1,20.31,0.85,0.86
2023-04-08,11.27,25.21,89.4,18.66,0.73,0.86
2023-04-09,2.6,25.33,84.8,15.57,0.96,0.86
2023-04-10,5.44,25.27,88.26,20.05,1.08,0.86
2023-04-11,1.18,26.15,85.58,19.62,0.86,0.85
2023-04-12,1.76,26.5,87.08,18.18,0.7,0.85
2023-04-13,3.97,26.35,89.67,11.63,0.84,0.85
2023-04-14,1.4,26.0,89.56,19.17,0.8,0.85
2023-04-15,0.71,26.52,84.0,20.48,0.48,0.84
2023-04-16,0.14,27.11,83.08,22.21,0.46,0.84
2023-04-17,0.73,26.71,86.06,22.16,0.65,0.83
2023-04-18,1.46,26.59,84.79,21.73,0.69,0.83
2023-04-19,18.24,26.29,87.49,22.25,1.05,0.83
2023-04-20,4.86,26.08,84.95,22.12,1.25,0.85
2023-04-21,0.02,25.5,82.9,19.61,1.22,0.84
2023-04-22,0.01,26.1,82.01,23.95,1.21,0.83
2023-04-23,0.02,26.61,82.83,23.7,0.98,0.82
2023-04-24,0.11,26.51,84.98,23.44,1.01,0.81
2023-04-25,1.15,26.87,85.36,19.36,0.74,0.8
2023-04-26,0.7,26.55,87.76,21.07,0.98,0.8
2023-04-27,5.21,26.43,90.3,15.07,1.04,0.8
2023-04-28,6.72,25.99,92.04,16.01,0.79,0.81
2023-04-29,1.34,26.08,90.72,17.83,0.62,0.81
2023-04-30,0.82,26.12,83.68,22.38,0.92,0.81
2023-05-01,0.1,26.39,82.82,21.19,0.94,0.8
2023-05-02,0.15,26.66,83.87,20.51,0.99,0.79
2023-05-03,0.26,26.92,83.39,20.4,1.0,0.79
2023-05-04,0.76,26.58,85.74,21.43,1.1,0.78
2023-05-05,1.41,26.34,88.05,19.02,1.19,0.78
2023-05-06,0.14,26.33,83.69,21.58,1.27,0.78
2023-05-07,0.21,26.44,85.67,21.55,1.09,0.77
2023-05-08,1.24,26.8,86.93,19.0,1.28,0.77
2023-05-09,1.34,26.52,87.28,9.32,1.24,0.77
2023-05-10,3.48,26.59,88.18,17.99,0.86,0.77
2023-05-11,2.04,26.5,88.61,19.43,1.33,0.77
2023-05-12,0.07,26.16,83.56,22.23,1.44,0.76
2023-05-13,0.02,25.02,81.62,21.93,1.5,0.76
2023-05-14,0.01,24.6,77.91,22.88,1.44,0.75
2023-05-15,0.01,24.03,79.83,22.55,1.27,0.74
2023-05-16,0.05,24.07,80.1,22.05,1.14,0.74
2023-05-17,0.12,24.19,82.56,21.04,1.01,0.74
2023-05-18,0.06,25.0,81.87,20.92,1.01,0.73
2023-05-19,0.51,25.37,84.34,19.92,1.26,0.73
2023-05-20,0.08,24.86,82.29,20.42,1.4,0.73
2023-05-21,0.12,24.66,80.04,20.74,1.38,0.72
2023-05-22,0.09,24.75,81.11,20.22,1.2,0.72
2023-05-23,0.11,25.06,82.5,20.79,1.07,0.71
2023-05-24,0.02,25.32,83.05,20.63,1.01,0.71
2023-05-25,0.13,25.2,83.48,20.16,1.35,0.71
2023-05-26,0.19,25.17,82.15,19.64,1.33,0.7
2023-05-27,0.32,24.55,80.02,20.95,1.39,0.7
2023-05-28,0.22,24.4,80.61,21.94,1.35,0.69
2023-05-29,0.31,24.97,82.08,20.48,1.19,0.69
2023-05-30,0.24,25.33,83.73,20.54,1.06,0.69
2023-05-31,0.23,25.41,83.96,19.65,1.17,0.68
2023-06-01,0.49,25.53,85.12,18.95,1.17,0.68
2023-06-02,0.27,25.29,84.11,16.4,1.3,0.68
2023-06-03,0.01,24.79,81.75,20.25,1.26,0.67
2023-06-04,0.17,25.37,83.36,19.23,1.06,0.67
2023-06-05,2.95,25.81,85.7,18.44,0.97,0.67
2023-06-06,0.6,25.76,85.99,18.35,1.09,0.67
2023-06-07,0.18,25.81,82.64,19.63,1.14,0.66
2023-06-08,0.12,25.62,82.54,21.07,1.17,0.66
2023-06-09,0.29,25.39,84.26,20.51,1.26,0.66
2023-06-10,0.6,26.02,85.37,13.56,0.95,0.65
2023-06-11,0.36,26.0,84.84,18.46,1.08,0.65
2023-06-12,0.18,25.58,83.78,19.76,1.33,0.65
2023-06-13,0.08,25.01,80.28,20.04,1.35,0.65
2023-06-14,0.04,25.07,81.11,20.52,1.15,0.64
2023-06-15,0.12,24.75,81.21,20.29,1.19,0.64
2023-06-16,0.14,25.03,81.73,17.21,1.07,0.63
2023-06-17,0.26,24.86,83.09,20.23,1.13,0.63
2023-06-18,0.13,24.93,81.2,20.27,0.96,0.63
2023-06-19,0.0,26.02,73.08,18.21,0.54,0.62
2023-06-20,0.03,26.21,77.23,19.04,0.54,0.62
2023-06-21,0.09,25.33,82.93,19.83,1.05,0.62
2023-06-22,0.07,24.84,81.32,20.54,1.12,0.61
2023-06-23,0.33,24.94,82.71,20.83,1.11,0.61
2023-06-24,0.11,25.38,81.84,19.9,1.03,0.61
2023-06-25,0.12,25.89,80.92,19.61,0.84,0.61
2023-06-26,0.45,26.21,81.61,14.05,0.58,0.6
2023-06-27,4.2,25.84,84.97,14.61,0.93,0.6
2023-06-28,1.11,25.81,82.75,16.59,1.03,0.61
2023-06-29,0.87,26.37,82.98,18.28,0.87,0.61
2023-06-30,2.53,26.53,82.22,18.09,0.63,0.6
2023-07-01,5.28,25.92,85.97,14.37,1.23,0.61
2023-07-02,1.55,25.7,85.13,17.47,1.32,0.61
2023-07-03,9.72,25.39,85.75,13.89,1.3,0.61
2023-07-04,3.54,25.86,84.63,17.46,0.89,0.62
2023-07-05,0.5,26.04,83.7,18.66,1.14,0.62
2023-07-06,7.69,25.55,88.29,15.43,1.3,0.62
2023-07-07,4.15,25.46,87.95,16.13,1.45,0.63
2023-07-08,1.52,25.2,86.82,14.9,1.12,0.63
2023-07-09,0.32,25.59,82.47,18.3,1.19,0.62
2023-07-10,0.05,25.03,80.49,20.06,1.33,0.62
2023-07-11,0.09,24.37,77.75,20.27,1.49,0.61
2023-07-12,0.6,24.96,83.7,17.52,1.35,0.61
2023-07-13,0.41,25.37,81.89,15.42,1.43,0.6
2023-07-14,0.4,25.1,82.34,17.47,1.39,0.6
2023-07-15,0.11,25.02,79.44,19.72,1.28,0.59
2023-07-16,0.67,24.61,80.84,19.68,1.26,0.59
2023-07-17,0.49,24.8,79.68,19.67,1.54,0.59
2023-07-18,0.14,24.82,78.18,21.09,1.36,0.58
2023-07-19,0.03,24.32,76.19,21.2,1.54,0.58
2023-07-20,0.04,24.25,75.13,20.37,1.49,0.58
2023-07-21,0.08,24.67,76.87,21.26,1.41,0.57
2023-07-22,0.36,24.47,75.9,20.98,1.58,0.57
2023-07-23,0.79,24.49,73.67,20.09,1.37,0.57
2023-07-24,0.18,24.96,77.51,20.0,1.27,0.57
2023-07-25,0.24,24.84,76.34,19.64,1.4,0.56
2023-07-26,0.23,24.8,76.58,21.33,1.26,0.56
2023-07-27,0.03,24.24,77.4,21.22,1.39,0.56
2023-07-28,0.01,24.17,75.22,21.97,1.46,0.56
2023-07-29,0.02,24.23,77.2,21.72,1.41,0.56
2023-07-30,0.07,24.89,79.51,20.22,1.41,0.56
2023-07-31,0.04,25.7,77.59,21.02,1.11,0.55
2023-08-01,0.01,26.2,75.27,22.14,0.91,0.55
2023-08-02,0.0,26.39,73.59,22.69,0.82,0.55
2023-08-03,0.0,26.08,73.92,21.25,0.88,0.55
2023-08-04,0.06,26.04,76.09,21.57,1.24,0.55
2023-08-05,0.07,26.27,76.14,19.42,1.38,0.54
2023-08-06,0.03,26.25,74.33,21.48,1.16,0.54
2023-08-07,0.0,25.41,70.87,23.16,1.49,0.54
2023-08-08,0.02,25.14,71.98,23.0,1.24,0.54
2023-08-09,0.02,25.15,70.48,22.98,1.28,0.54
2023-08-10,0.02,25.13,70.46,21.88,1.09,0.54
2023-08-11,0.02,25.17,73.4,22.59,0.92,0.54
2023-08-12,0.06,25.49,72.79,20.84,1.16,0.54
2023-08-13,0.06,25.82,72.75,21.43,1.09,0.53
2023-08-14,0.12,26.03,74.45,21.3,1.11,0.53
2023-08-15,0.11,25.88,75.34,19.72,1.2,0.53
2023-08-16,0.2,25.86,74.79,20.38,1.21,0.53
2023-08-17,0.46,25.14,76.67,18.72,1.42,0.53
2023-08-18,0.2,25.34,75.51,22.2,1.25,0.53
2023-08-19,0.02,26.45,69.37,22.82,1.03,0.53
2023-08-20,0.05,26.41,72.33,22.48,1.12,0.53
2023-08-21,0.08,25.89,72.86,20.17,1.29,0.53
2023-08-22,0.01,25.26,70.38,23.29,1.43,0.53
2023-08-23,0.03,25.69,71.99,22.2,1.16,0.53
2023-08-24,0.2,25.9,75.59,21.03,1.36,0.52
2023-08-25,0.01,26.3,68.87,23.79,1.41,0.52
2023-08-26,0.04,26.0,71.69,23.22,1.23,0.52
2023-08-27,0.05,26.35,69.96,23.1,1.04,0.52
2023-08-28,0.04,25.95,71.72,24.04,1.24,0.52
2023-08-29,0.11,26.12,71.57,23.74,1.26,0.52
2023-08-30,0.07,26.3,70.51,24.44,1.26,0.52
2023-08-31,0.09,25.83,71.49,22.93,1.25,0.52
2023-09-01,0.02,25.49,69.24,25.17,1.14,0.52
2023-09-02,0.03,25.8,68.12,25.21,0.9,0.52
2023-09-03,0.04,25.81,66.67,25.52,1.14,0.52
2023-09-04,0.03,25.31,69.56,24.47,1.32,0.51
2023-09-05,0.06,26.42,69.67,23.74,1.15,0.51
2023-09-06,0.12,25.8,73.83,21.04,1.45,0.51
2023-09-07,0.05,25.79,71.28,23.18,1.46,0.51
2023-09-08,0.02,25.95,68.06,24.93,1.2,0.51
2023-09-09,0.03,26.48,69.14,24.66,1.0,0.51
2023-09-10,0.03,26.56,73.02,22.05,1.12,0.51
2023-09-11,0.06,27.65,70.91,23.78,1.18,0.51
2023-09-12,0.06,27.45,69.77,23.1,1.04,0.51
2023-09-13,0.04,27.03,68.73,22.45,1.11,0.51
2023-09-14,0.04,26.19,70.74,20.21,1.14,0.51
2023-09-15,0.06,26.53,72.11,23.38,1.32,0.51
2023-09-16,0.03,27.22,68.74,23.66,0.96,0.51
2023-09-17,0.08,27.29,67.81,21.13,1.05,0.51
2023-09-18,1.18,26.69,70.21,21.47,1.02,0.51
2023-09-19,1.65,26.46,70.47,22.62,1.12,0.51
2023-09-20,0.03,26.58,68.83,23.79,1.16,0.51
2023-09-21,0.01,26.5,67.28,25.3,1.22,0.51
2023-09-22,0.05,26.36,70.02,25.0,1.26,0.51
2023-09-23,0.07,27.22,69.74,25.53,1.01,0.51
2023-09-24,0.07,27.56,66.9,25.5,0.94,0.51
2023-09-25,0.06,27.22,66.68,25.38,1.07,0.5
2023-09-26,0.04,27.43,64.66,26.69,1.05,0.5
2023-09-27,0.04,27.7,65.95,26.46,0.89,0.5
2023-09-28,0.02,28.26,64.3,26.28,1.06,0.5
2023-09-29,0.02,28.39,63.17,26.0,0.71,0.5
2023-09-30,0.02,27.82,65.72,25.46,0.81,0.5
2023-10-01,0.04,27.78,65.9,26.13,0.83,0.5
2023-10-02,0.06,27.75,68.33,24.47,0.92,0.5
2023-10-03,0.02,28.06,68.98,23.98,0.86,0.5
2023-10-04,0.01,28.94,68.19,25.46,0.78,0.5
2023-10-05,0.0,29.57,64.72,25.92,0.77,0.5
2023-10-06,0.01,29.43,63.68,24.05,0.84,0.5
2023-10-07,0.01,29.31,65.61,24.02,0.75,0.5
2023-10-08,0.01,29.04,64.9,25.86,0.99,0.5
2023-10-09,0.01,29.08,64.6,25.89,0.89,0.5
2023-10-10,0.01,28.43,64.12,26.39,1.01,0.5
2023-10-11,0.01,28.75,65.69,26.67,0.8,0.5
2023-10-12,0.03,29.15,65.46,23.36,0.73,0.5
2023-10-13,0.02,29.77,62.25,25.46,0.73,0.5
2023-10-14,0.02,29.85,61.74,26.68,0.83,0.5
2023-10-15,0.02,30.09,61.83,26.36,0.85,0.5
2023-10-16,0.01,29.77,62.88,26.36,0.96,0.5
2023-10-17,0.01,29.13,63.53,26.43,0.79,0.5
2023-10-18,0.02,29.14,62.66,27.0,0.94,0.5
2023-10-19,0.01,29.63,63.79,26.68,0.69,0.5
2023-10-20,0.01,29.65,57.86,26.41,0.81,0.5
2023-10-21,0.01,29.99,60.88,25.86,0.72,0.5
2023-10-22,0.01,29.82,61.13,25.06,0.7,0.5
2023-10-23,0.03,29.82,62.39,24.43,0.63,0.5
2023-10-24,0.03,30.04,60.89,26.4,0.73,0.5
2023-10-25,0.01,30.18,59.6,26.01,0.69,0.49
2023-10-26,0.01,30.21,58.32,26.71,0.77,0.49
2023-10-27,0.0,30.21,58.65,26.17,0.66,0.49
2023-10-28,0.02,30.17,59.1,26.27,0.67,0.49
2023-10-29,0.01,29.86,62.82,25.47,0.87,0.49
2023-10-30,0.03,29.99,64.06,25.36,0.81,0.49
2023-10-31,0.01,30.37,62.4,26.2,0.84,0.49
2023-11-01,0.01,30.2,62.56,24.12,0.86,0.49
2023-11-02,0.3,30.11,64.86,24.62,0.93,0.49
2023-11-03,0.65,29.65,67.07,23.66,0.76,0.49
2023-11-04,0.55,29.83,64.51,23.67,0.78,0.5
2023-11-05,0.02,30.05,61.35,27.16,0.71,0.49
2023-11-06,0.02,30.43,61.15,27.1,0.72,0.49
2023-11-07,0.05,30.76,61.24,24.22,0.53,0.49
2023-11-08,0.03,30.93,59.88,25.07,0.53,0.49
2023-11-09,0.29,30.43,62.84,23.5,0.47,0.49
2023-11-10,0.33,30.51,63.24,23.95,0.4,0.49
2023-11-11,1.01,30.15,66.59,23.59,0.43,0.49
2023-11-12,1.91,29.27,71.72,22.13,0.69,0.5
2023-11-13,1.81,29.32,71.99,23.19,0.95,0.5
2023-11-14,4.94,29.4,73.0,23.67,0.89,0.5
2023-11-15,1.44,29.42,71.55,23.06,1.06,0.51
2023-11-16,7.73,29.03,72.77,22.97,0.98,0.51
2023-11-17,14.06,28.24,75.7,21.02,1.14,0.53
2023-11-18,1.71,28.36,70.92,25.91,1.18,0.54
2023-11-19,1.13,28.29,72.47,24.55,1.17,0.53
2023-11-20,0.08,28.81,70.34,25.53,1.27,0.53
2023-11-21,0.1,28.92,71.87,25.1,1.16,0.53
2023-11-22,0.17,29.79,68.98,26.91,0.96,0.52
2023-11-23,0.45,29.43,72.64,23.89,0.68,0.52
2023-11-24,0.56,29.39,70.42,21.88,0.36,0.52
2023-11-25,0.48,29.42,70.53,21.45,0.41,0.52
2023-11-26,1.97,28.91,72.87,21.19,0.91,0.52
2023-11-27,4.86,28.18,74.34,22.05,0.58,0.52
2023-11-28,7.17,27.9,76.73,22.97,0.62,0.53
2023-11-29,19.84,27.96,78.8,21.33,0.73,0.54
2023-11-30,15.48,27.82,81.21,20.72,0.34,0.59
2023-12-01,10.79,27.51,85.43,19.94,0.35,0.6
2023-12-02,5.15,27.23,86.36,19.33,0.85,0.6
2023-12-03,40.62,26.89,87.57,23.2,1.03,0.64
2023-12-04,8.46,26.97,86.69,21.29,1.07,0.65
2023-12-05,1.9,27.27,82.79,24.07,1.06,0.64
2023-12-06,0.54,28.21,78.67,25.88,0.59,0.62
2023-12-07,5.14,27.87,82.58,22.21,0.42,0.61
2023-12-08,16.83,27.23,81.88,18.33,0.54,0.62
2023-12-09,29.11,27.64,80.42,22.71,0.67,0.64
2023-12-10,11.12,27.79,79.74,25.62,0.6,0.68
2023-12-11,1.9,27.73,80.67,22.61,0.55,0.66
2023-12-12,1.45,28.46,78.23,23.95,0.45,0.64
2023-12-13,7.03,27.64,82.77,23.57,0.54,0.63
2023-12-14,6.38,28.16,81.12,22.4,0.47,0.64
2023-12-15,1.58,27.8,81.74,23.13,0.75,0.63
2023-12-16,0.4,28.43,76.45,23.88,0.64,0.62
2023-12-17,6.7,26.4,78.32,20.87,0.66,0.61
2023-12-18,1.15,27.65,72.6,25.74,0.82,0.62
2023-12-19,0.06,27.53,71.18,26.6,1.09,0.61
2023-12-20,0.04,28.06,70.98,25.84,0.78,0.6
2023-12-21,0.02,28.56,66.43,24.71,0.68,0.59
2023-12-22,0.19,28.49,72.52,25.15,0.75,0.58
2023-12-23,0.53,29.16,72.84,25.06,0.53,0.58
2023-12-24,5.43,28.56,78.23,23.8,0.34,0.58
2023-12-25,4.18,28.33,79.75,23.88,0.63,0.58
2023-12-26,3.46,27.88,83.51,23.76,0.62,0.59
2023-12-27,4.21,27.97,84.56,20.98,0.3,0.59
2023-12-28,12.77,27.54,85.21,21.97,0.64,0.6
2023-12-29,2.12,28.4,76.7,25.39,0.73,0.61
2023-12-30,2.95,28.82,77.3,26.26,0.74,0.6
2023-12-31,3.66,27.45,85.55,22.68,0.83,0.61
2024-01-01,0.37,28.31,81.81,23.33,0.69,0.6
2024-01-02,1.08,29.33,76.24,23.31,0.77,0.6
2024-01-03,1.91,28.33,80.53,23.0,0.98,0.59
2024-01-04,5.03,28.41,77.22,20.55,0.6,0.59
2024-01-05,22.14,27.5,83.69,9.28,0.46,0.62
2024-01-06,5.17,26.78,85.06,10.47,0.41,0.63
2024-01-07,2.77,28.32,72.23,20.5,0.42,0.63
2024-01-08,9.97,27.26,84.97,19.19,0.83,0.63
2024-01-09,7.69,27.73,83.08,21.67,0.8,0.63
2024-01-10,4.77,28.6,78.05,23.84,0.82,0.64
2024-01-11,1.58,28.72,79.55,23.67,0.7,0.63
2024-01-12,1.41,28.21,79.88,23.26,0.89,0.62
2024-01-13,0.49,27.94,77.65,24.68,0.88,0.62
2024-01-14,0.41,27.71,77.38,22.02,0.95,0.61
2024-01-15,2.09,27.88,79.26,19.74,0.98,0.6
2024-01-16,9.71,27.02,84.25,17.29,0.91,0.61
2024-01-17,4.31,27.79,80.02,20.98,0.9,0.62
2024-01-18,15.44,27.38,83.79,15.15,1.01,0.62
2024-01-19,5.41,27.22,83.07,23.18,1.1,0.64
2024-01-20,1.16,26.52,83.42,16.01,1.07,0.63
2024-01-21,4.33,27.33,78.73,22.13,1.26,0.62
2024-01-22,11.34,26.95,86.62,19.67,1.31,0.64
2024-01-23,22.51,26.69,88.23,16.68,1.43,0.67
2024-01-24,3.03,26.22,89.68,10.65,1.01,0.66
2024-01-25,4.37,26.75,89.09,19.22,1.23,0.66
2024-01-26,4.79,26.83,85.98,15.54,1.48,0.66
2024-01-27,2.96,26.61,83.52,18.12,1.18,0.65
2024-01-28,2.78,27.09,81.93,18.77,0.87,0.65
2024-01-29,2.93,27.2,80.75,20.67,0.66,0.64
2024-01-30,4.12,28.18,76.52,25.24,0.46,0.64
2024-01-31,13.67,27.73,78.66,25.64,0.63,0.64
2024-02-01,6.5,27.67,79.94,25.53,0.58,0.65
2024-02-02,1.72,27.78,81.97,24.72,0.63,0.65
2024-02-03,1.21,26.65,87.33,14.6,1.1,0.65
2024-02-04,23.61,26.48,88.5,18.51,1.12,0.66
2024-02-05,13.37,26.41,87.58,18.44,1.03,0.68
2024-02-06,7.99,27.15,85.07,24.57,0.78,0.69
2024-02-07,6.43,27.05,84.77,21.15,0.86,0.68
2024-02-08,14.44,26.97,86.14,22.7,0.64,0.69
2024-02-09,9.42,27.39,83.46,22.29,0.52,0.7
2024-02-10,11.34,26.65,88.93,20.68,0.91,0.71
2024-02-11,17.71,26.81,85.42,15.01,1.01,0.72
2024-02-12,14.75,26.37,88.82,16.71,0.77,0.72
2024-02-13,2.99,27.15,85.13,20.69,0.91,0.72
2024-02-14,2.16,27.4,85.11,17.36,0.95,0.71
2024-02-15,0.82,27.53,85.03,23.96,0.53,0.7
2024-02-16,3.06,27.89,82.6,22.99,0.52,0.69
2024-02-17,3.18,28.13,81.66,20.26,0.46,0.69
2024-02-18,2.54,27.1,86.28,23.84,0.65,0.69
2024-02-19,2.9,27.42,84.14,25.64,0.85,0.68
2024-02-20,2.84,27.68,85.3,24.59,0.97,0.68
2024-02-21,4.15,27.51,87.62,22.58,1.1,0.68
2024-02-22,9.77,27.27,87.84,15.0,1.21,0.68
2024-02-23,4.56,27.07,87.71,17.33,1.05,0.69
2024-02-24,2.22,27.81,84.05,22.31,0.89,0.69
2024-02-25,8.34,27.21,88.56,20.01,0.75,0.69
2024-02-26,6.08,26.88,86.33,21.35,1.11,0.7
2024-02-27,1.25,27.28,81.43,21.5,0.5,0.7
2024-02-28,4.31,27.17,84.64,19.84,0.82,0.69
2024-02-29,3.99,27.6,82.12,23.7,0.86,0.69
2024-03-01,6.44,27.23,86.11,21.4,0.82,0.69
2024-03-02,1.05,26.98,87.18,20.98,0.98,0.69
2024-03-03,14.36,27.0,88.42,19.23,0.85,0.69
2024-03-04,4.71,27.57,88.56,20.41,0.45,0.71
2024-03-05,27.38,26.89,93.44,19.03,0.66,0.73
2024-03-06,1.0,27.57,86.51,19.81,0.85,0.73
2024-03-07,2.86,27.02,91.03,11.08,1.01,0.72
2024-03-08,3.01,27.16,89.13,18.12,1.25,0.71
2024-03-09,13.68,26.57,90.99,12.39,1.5,0.71
2024-03-10,28.58,25.72,91.85,10.83,1.52,0.75
2024-03-11,17.84,26.04,88.33,8.04,1.35,0.77
2024-03-12,4.03,26.37,86.66,12.87,0.8,0.76
2024-03-13,11.66,26.78,89.17,13.59,1.36,0.76
2024-03-14,40.94,26.11,91.58,11.73,1.52,0.79
2024-03-15,7.19,26.46,88.47,15.77,1.62,0.8
2024-03-16,11.01,26.65,88.02,15.02,1.63,0.79
2024-03-17,13.3,26.63,88.1,14.08,1.46,0.79
2024-03-18,4.39,26.15,92.11,16.82,1.25,0.79
2024-03-19,0.65,26.97,85.99,20.45,1.16,0.77
2024-03-20,0.27,27.0,84.84,20.93,0.9,0.76
2024-03-21,3.66,27.59,81.13,24.14,0.73,0.76
2024-03-22,2.03,27.9,78.16,23.31,0.42,0.76
2024-03-23,0.29,27.63,79.28,22.47,0.52,0.75
2024-03-24,0.73,27.89,80.42,19.47,0.5,0.74
2024-03-25,2.27,27.56,81.91,19.72,0.46,0.73
2024-03-26,6.58,27.19,83.98,20.87,0.98,0.73
2024-03-27,0.59,27.56,80.74,23.41,0.76,0.73
2024-03-28,0.67,27.36,83.82,22.97,0.73,0.73
2024-03-29,10.1,26.89,86.77,22.02,0.68,0.73
2024-03-30,1.37,27.26,84.19,24.27,0.9,0.74
2024-03-31,2.14,27.54,84.96,21.07,0.94,0.73
2024-04-01,8.11,27.15,88.8,15.35,0.58,0.74
2024-04-02,7.39,27.65,85.85,22.58,0.44,0.75
2024-04-03,2.81,27.46,83.14,16.35,0.4,0.74
2024-04-04,17.71,26.96,87.83,13.73,0.62,0.76
2024-04-05,7.32,26.88,88.67,14.5,0.92,0.77
2024-04-06,16.46,26.62,92.03,15.8,0.91,0.77
2024-04-07,16.33,26.6,90.63,19.7,1.1,0.8
2024-04-08,2.62,27.61,85.32,14.54,0.89,0.79
2024-04-09,0.66,27.11,85.41,21.02,0.77,0.78
2024-04-10,6.99,26.91,86.05,18.24,0.77,0.77
2024-04-11,16.3,27.23,84.1,18.23,0.6,0.78
2024-04-12,11.17,27.56,81.3,22.88,0.56,0.8
2024-04-13,0.22,27.11,81.58,23.38,0.87,0.78
2024-04-14,0.39,27.28,82.11,22.54,0.8,0.77
2024-04-15,2.32,27.32,84.42,22.73,1.02,0.76
2024-04-16,4.64,26.62,88.88,9.25,1.28,0.76
2024-04-17,0.92,27.17,85.54,18.95,1.13,0.76
2024-04-18,0.57,27.27,83.55,21.26,1.05,0.76
2024-04-19,0.49,27.69,84.36,22.63,0.81,0.75
2024-04-20,0.4,27.4,85.58,20.48,1.08,0.74
2024-04-21,0.61,27.42,84.64,19.14,0.95,0.74
2024-04-22,3.03,26.56,89.93,16.92,1.12,0.74
2024-04-23,2.31,26.43,89.6,11.08,0.85,0.74
2024-04-24,6.25,27.01,88.39,17.72,0.71,0.75
2024-04-25,3.13,26.94,87.79,18.44,0.81,0.75
2024-04-26,0.84,27.51,84.17,23.2,0.93,0.75
2024-04-27,0.26,27.78,84.55,20.03,0.98,0.74
2024-04-28,0.38,27.6,85.36,21.23,1.21,0.73
2024-04-29,0.06,27.12,81.99,20.65,1.18,0.73
2024-04-30,0.24,26.83,84.2,19.54,1.22,0.72
2024-05-01,0.2,27.26,83.46,20.31,1.11,0.72
2024-05-02,0.37,27.19,83.84,21.44,1.3,0.71
2024-05-03,0.25,26.94,83.34,21.01,1.21,0.71
2024-05-04,0.22,26.49,82.85,21.5,1.26,0.7
2024-05-05,0.2,26.3,83.51,21.75,1.02,0.7
2024-05-06,0.22,26.42,83.96,19.55,1.12,0.69
2024-05-07,0.23,26.74,83.65,21.29,1.04,0.69
2024-05-08,0.77,26.43,82.75,20.91,1.22,0.68
2024-05-09,1.06,26.41,82.83,21.14,1.16,0.68
2024-05-10,0.09,27.06,83.37,18.71,1.09,0.68
2024-05-11,0.11,27.0,82.81,21.43,1.06,0.67
2024-05-12,0.09,26.73,83.2,21.45,1.09,0.67
2024-05-13,0.03,26.71,82.04,21.04,0.97,0.66
2024-05-14,0.01,26.37,81.09,22.67,1.01,0.66
2024-05-15,0.02,26.33,82.71,21.54,1.11,0.66
2024-05-16,0.17,27.0,83.67,21.01,1.13,0.65
2024-05-17,0.18,26.91,82.82,20.37,1.04,0.65
2024-05-18,0.14,26.68,81.42,21.35,1.23,0.65
2024-05-19,0.16,26.29,80.95,20.63,1.37,0.64
2024-05-20,0.1,26.17,80.77,17.95,1.21,0.64
2024-05-21,0.1,26.16,81.26,20.24,1.19,0.63
2024-05-22,0.06,26.59,82.56,19.01,0.84,0.63
2024-05-23,0.1,26.96,81.99,18.14,0.82,0.63
2024-05-24,0.15,26.52,85.02,18.66,0.99,0.62
2024-05-25,0.34,26.95,83.87,18.59,1.15,0.62
2024-05-26,0.2,26.74,83.0,18.32,1.39,0.62
2024-05-27,0.12,27.08,81.38,18.14,0.88,0.62
2024-05-28,0.03,27.36,79.22,21.09,0.84,0.61
2024-05-29,0.44,27.53,81.76,18.28,0.71,0.61
2024-05-30,0.66,27.38,82.23,18.82,0.83,0.61
2024-05-31,0.08,27.26,82.72,18.64,1.09,0.6
2024-06-01,0.2,27.54,83.68,18.89,1.0,0.6
2024-06-02,0.49,27.64,83.59,17.56,0.68,0.6
2024-06-03,2.73,26.2,87.97,13.79,1.18,0.6
2024-06-04,0.44,26.51,81.88,17.84,1.11,0.6
2024-06-05,0.17,26.41,80.81,18.73,1.25,0.6
2024-06-06,0.82,26.27,81.89,17.5,1.17,0.6
2024-06-07,0.9,26.16,82.63,13.89,1.16,0.59
2024-06-08,0.42,26.38,82.48,16.07,1.13,0.59
2024-06-09,0.45,26.57,81.55,18.41,1.09,0.59
2024-06-10,0.55,26.37,81.63,17.36,1.16,0.59
2024-06-11,0.35,26.05,79.74,19.2,1.14,0.58
2024-06-12,0.18,26.06,77.8,20.54,0.98,0.58
2024-06-13,0.43,26.31,79.12,18.71,0.93,0.58
2024-06-14,0.31,26.27,77.55,18.85,0.89,0.57
2024-06-15,0.08,26.23,76.9,19.39,0.82,0.57
2024-06-16,0.04,26.42,77.01,19.6,0.91,0.57
2024-06-17,0.12,26.71,77.39,20.16,1.04,0.57
2024-06-18,0.08,25.99,72.93,20.29,1.04,0.56
2024-06-19,0.02,25.44,74.3,20.67,1.2,0.56
2024-06-20,0.06,25.35,75.85,19.29,1.09,0.56
2024-06-21,0.09,25.8,74.66,19.84,1.13,0.56
2024-06-22,0.19,26.02,78.24,18.68,1.34,0.55
2024-06-23,0.62,25.9,78.76,12.36,1.4,0.55
2024-06-24,1.03,25.58,80.17,10.43,1.27,0.55
2024-06-25,0.18,25.94,75.83,15.32,1.07,0.55
2024-06-26,0.11,26.12,75.02,17.29,1.01,0.55
2024-06-27,0.08,27.37,74.63,19.69,0.7,0.55
2024-06-28,0.41,27.68,76.33,17.11,0.71,0.55
2024-06-29,0.16,27.13,77.16,18.89,1.09,0.55
2024-06-30,1.5,26.22,83.13,17.73,1.23,0.54
2024-07-01,2.26,25.91,84.22,12.91,1.09,0.55
2024-07-02,1.63,26.73,80.97,15.83,0.81,0.55
2024-07-03,8.26,25.39,89.7,10.3,0.94,0.56
2024-07-04,0.47,25.94,78.43,18.15,1.44,0.56
2024-07-05,0.08,25.48,75.05,20.42,1.31,0.56
2024-07-06,0.02,25.9,74.9,18.83,1.06,0.56
2024-07-07,0.02,25.88,73.91,20.62,1.09,0.55
2024-07-08,0.19,25.88,76.95,19.95,1.05,0.55
2024-07-09,0.22,26.58,77.28,18.75,0.94,0.55
2024-07-10,0.12,26.49,73.73,18.04,1.08,0.54
2024-07-11,0.56,25.67,77.04,16.12,1.24,0.54
2024-07-12,0.08,25.4,70.86,21.36,1.21,0.54
2024-07-13,0.01,25.05,68.32,20.9,1.18,0.54
2024-07-14,0.1,24.8,70.65,21.92,1.41,0.54
2024-07-15,0.07,24.82,72.58,21.63,1.18,0.53
2024-07-16,0.01,25.13,70.25,22.51,1.39,0.53
2024-07-17,0.02,25.53,71.71,21.5,1.08,0.53
2024-07-18,0.05,25.86,73.3,19.48,0.92,0.53
2024-07-19,0.08,25.17,74.8,20.65,1.44,0.53
2024-07-20,0.04,25.28,70.01,20.51,1.19,0.53
2024-07-21,0.04,25.51,71.07,20.34,1.24,0.53
2024-07-22,0.1,26.19,75.51,18.48,1.09,0.53
2024-07-23,0.15,26.36,73.39,19.81,0.98,0.53
2024-07-24,0.51,26.24,75.93,17.15,0.77,0.52
2024-07-25,0.11,26.56,72.66,18.89,0.98,0.52
2024-07-26,0.06,26.35,75.62,19.47,1.23,0.52
2024-07-27,0.22,26.15,76.35,17.25,1.37,0.52
2024-07-28,0.42,26.42,77.62,18.04,1.15,0.52
2024-07-29,3.62,26.97,78.05,18.46,0.91,0.52
2024-07-30,3.5,27.08,79.34,12.9,0.72,0.53
2024-07-31,0.55,27.35,76.56,16.35,0.69,0.53
2024-08-01,0.12,27.59,74.77,18.46,0.75,0.53
2024-08-02,0.06,27.97,72.58,21.81,0.73,0.53
2024-08-03,0.03,27.67,69.47,21.05,0.59,0.53
2024-08-04,0.05,26.61,72.18,20.86,1.06,0.52
2024-08-05,0.03,26.51,68.74,22.26,1.02,0.52
2024-08-06,0.09,26.05,75.33,17.91,1.22,0.52
2024-08-07,0.12,26.84,73.5,21.24,1.09,0.52
2024-08-08,0.12,26.73,74.21,18.85,1.04,0.52
2024-08-09,0.03,26.75,70.11,22.24,1.24,0.52
2024-08-10,0.03,26.15,67.33,23.59,1.24,0.52
2024-08-11,0.0,25.39,64.7,23.73,1.25,0.51
2024-08-12,0.09,26.03,68.94,23.11,0.99,0.51
2024-08-13,0.12,26.16,71.26,22.27,1.25,0.51
2024-08-14,0.03,26.04,68.75,23.21,1.31,0.51
2024-08-15,0.0,25.55,67.78,22.4,1.41,0.51
2024-08-16,0.0,25.98,67.14,23.44,1.07,0.51
2024-08-17,0.03,26.45,71.59,23.01,0.9,0.51
2024-08-18,0.03,26.88,69.43,22.68,0.95,0.51
2024-08-19,0.03,26.06,70.44,22.34,1.3,0.51
2024-08-20,0.04,26.71,70.34,22.91,1.03,0.51
2024-08-21,0.06,26.82,70.15,23.6,1.06,0.51
2024-08-22,0.04,27.28,71.16,23.03,0.89,0.51
2024-08-23,0.18,27.25,71.93,21.21,0.92,0.5
2024-08-24,0.97,26.29,76.4,18.74,1.39,0.5
2024-08-25,0.49,26.74,74.69,21.63,1.3,0.51
2024-08-26,0.05,27.46,68.98,24.84,1.21,0.5
2024-08-27,0.01,27.27,71.37,23.78,1.21,0.5
2024-08-28,0.02,28.0,66.64,23.8,0.92,0.5
2024-08-29,0.07,27.37,67.94,24.28,0.96,0.5
2024-08-30,0.04,27.73,65.97,21.48,0.75,0.5
2024-08-31,0.07,27.55,67.68,22.58,0.97,0.5
2024-09-01,0.15,27.94,68.61,22.51,0.88,0.5
2024-09-02,0.09,27.57,68.08,24.04,1.05,0.5
2024-09-03,0.1,28.13,68.76,22.31,0.84,0.5
2024-09-04,0.05,28.5,67.19,24.52,0.71,0.5
2024-09-05,0.12,28.02,68.35,24.19,1.04,0.5
2024-09-06,0.12,27.6,71.03,22.74,1.18,0.5
2024-09-07,0.18,28.29,69.55,20.9,1.07,0.5
2024-09-08,0.14,28.15,70.22,23.16,0.87,0.5
2024-09-09,0.06,28.98,67.94,23.86,0.66,0.5
2024-09-10,0.05,28.74,66.89,23.89,0.76,0.5
2024-09-11,0.03,27.91,66.27,25.28,1.1,0.5
2024-09-12,0.05,27.35,68.83,25.43,1.25,0.5
2024-09-13,0.03,27.62,66.53,24.03,1.21,0.5
2024-09-14,0.02,27.68,65.17,24.76,1.11,0.5
2024-09-15,0.17,27.58,65.01,23.98,1.14,0.5
2024-09-16,0.39,27.57,64.57,21.69,0.91,0.5
2024-09-17,0.05,27.67,62.09,24.43,0.85,0.5
2024-09-18,0.13,28.49,60.09,22.41,0.51,0.5
2024-09-19,0.12,28.42,63.61,21.51,0.69,0.5
2024-09-20,0.03,28.79,62.1,23.45,0.81,0.5
2024-09-21,0.38,29.19,65.43,22.4,0.77,0.5
2024-09-22,0.22,29.63,63.82,21.5,0.69,0.5
2024-09-23,1.84,29.44,67.42,21.35,0.62,0.5
2024-09-24,1.68,29.23,70.51,21.84,0.52,0.5
2024-09-25,0.26,28.77,69.74,22.48,0.78,0.5
2024-09-26,0.13,28.63,69.02,22.9,0.81,0.5
2024-09-27,0.17,29.15,68.33,24.67,0.78,0.5
2024-09-28,0.07,29.4,66.1,25.28,0.98,0.5
2024-09-29,0.48,28.92,69.12,23.99,1.19,0.5
2024-09-30,0.62,29.04,69.98,20.84,0.95,0.5
2024-10-01,0.73,29.03,70.12,20.0,0.85,0.5
2024-10-02,0.08,29.46,66.41,24.93,0.65,0.5
2024-10-03,0.19,29.33,65.43,22.69,0.84,0.5
2024-10-04,0.18,29.12,66.45,24.81,0.91,0.5
2024-10-05,0.27,29.31,64.73,24.0,0.99,0.5
2024-10-06,0.1,29.09,67.4,25.89,1.12,0.5
2024-10-07,0.09,29.22,66.17,25.05,1.07,0.5
2024-10-08,0.07,29.05,66.32,25.97,1.15,0.49
2024-10-09,0.05,29.35,64.97,26.45,0.8,0.49
2024-10-10,0.04,29.63,64.45,26.39,0.86,0.49
2024-10-11,0.09,29.98,65.57,25.21,0.99,0.49
2024-10-12,0.07,30.13,62.91,25.85,0.81,0.49
2024-10-13,0.35,30.12,64.27,26.91,0.85,0.49
2024-10-14,0.34,30.03,62.67,25.73,0.83,0.49
2024-10-15,0.25,29.87,62.68,21.92,0.78,0.49
2024-10-16,0.27,29.65,62.53,21.38,0.9,0.49
2024-10-17,0.64,28.41,65.01,22.39,1.18,0.49
2024-10-18,0.87,28.32,68.28,23.02,1.18,0.49
2024-10-19,0.46,28.62,68.24,23.79,1.05,0.49
2024-10-20,1.02,28.91,68.01,24.27,1.01,0.49
2024-10-21,3.75,28.08,72.2,22.37,1.09,0.5
2024-10-22,1.82,28.29,69.4,25.34,1.15,0.5
2024-10-23,0.31,28.94,67.14,25.28,1.09,0.5
2024-10-24,0.1,29.52,64.54,25.59,0.92,0.5
2024-10-25,0.03,29.63,63.39,26.51,0.97,0.5
2024-10-26,0.05,29.55,65.35,26.62,1.06,0.5
2024-10-27,0.08,29.92,63.83,26.57,0.74,0.5
2024-10-28,0.1,30.22,63.24,26.02,0.87,0.49
2024-10-29,0.31,29.79,67.27,24.2,1.15,0.49
2024-10-30,15.1,28.92,75.6,22.05,1.19,0.5
2024-10-31,26.74,27.67,82.3,21.51,0.89,0.56
2024-11-01,1.59,28.06,73.5,20.12,0.95,0.57
2024-11-02,10.88,27.25,78.67,20.66,0.74,0.57
2024-11-03,4.18,28.68,71.12,25.42,0.64,0.57
2024-11-04,3.36,28.4,74.06,24.89,0.81,0.57
2024-11-05,1.93,28.5,71.81,26.55,0.93,0.56
2024-11-06,0.11,29.28,67.21,26.01,0.87,0.55
2024-11-07,0.26,29.49,69.36,24.49,0.7,0.54
2024-11-08,7.8,28.56,75.77,20.03,0.8,0.54
2024-11-09,5.68,28.45,77.98,22.07,0.81,0.56
2024-11-10,0.44,28.41,75.97,24.01,0.95,0.55
2024-11-11,1.35,28.92,73.04,22.21,0.86,0.55
2024-11-12,0.35,29.0,72.93,23.29,0.91,0.54
2024-11-13,0.11,29.47,69.77,24.91,0.81,0.54
2024-11-14,1.42,29.43,71.37,23.77,0.9,0.54
2024-11-15,0.76,29.6,70.51,24.51,0.85,0.54
2024-11-16,2.37,28.79,74.77,19.51,0.58,0.53
2024-11-17,0.35,28.73,74.25,19.95,0.9,0.53
2024-11-18,10.72,28.57,76.19,23.86,1.13,0.54
2024-11-19,15.26,28.61,77.38,22.11,0.82,0.56
2024-11-20,2.8,28.65,76.32,22.98,0.85,0.58
2024-11-21,0.4,29.37,69.76,22.72,0.61,0.57
2024-11-22,1.24,28.76,76.29,20.91,0.67,0.56
2024-11-23,1.85,28.97,77.25,21.43,0.74,0.56
2024-11-24,2.16,28.88,76.92,21.08,0.8,0.55
2024-11-25,0.68,29.79,71.68,20.03,0.38,0.55
2024-11-26,9.66,27.32,84.67,19.68,0.32,0.55
2024-11-27,2.35,28.4,76.59,19.23,0.48,0.57
2024-11-28,1.73,27.79,81.76,19.37,0.59,0.56
2024-11-29,7.89,28.53,80.27,20.75,0.67,0.57
2024-11-30,16.3,28.24,82.78,19.04,0.63,0.59
2024-12-01,13.11,27.25,85.68,5.71,0.76,0.6
2024-12-02,2.8,27.02,85.19,12.26,0.68,0.61
2024-12-03,3.39,27.03,85.68,21.54,0.44,0.6
2024-12-04,2.0,27.41,82.79,13.83,0.62,0.59
2024-12-05,19.53,27.36,82.81,15.12,0.7,0.6
2024-12-06,28.3,26.05,88.49,8.93,1.07,0.63
2024-12-07,5.74,26.68,79.92,12.24,0.81,0.66
2024-12-08,9.16,27.21,82.7,17.42,1.08,0.65
2024-12-09,17.94,27.07,84.11,11.75,1.31,0.66
2024-12-10,18.14,26.1,87.82,11.3,0.97,0.67
2024-12-11,17.81,26.51,85.67,17.46,0.8,0.68
2024-12-12,7.91,27.38,77.81,17.28,0.63,0.69
2024-12-13,4.24,26.73,84.12,14.18,0.81,0.68
2024-12-14,3.07,27.43,83.01,20.61,0.83,0.66
2024-12-15,19.99,26.14,90.4,11.54,1.29,0.67
2024-12-16,11.36,26.19,86.2,13.32,0.83,0.69
2024-12-17,9.15,26.72,85.22,17.38,0.81,0.68
2024-12-18,11.44,27.22,82.09,19.46,0.96,0.69
2024-12-19,5.22,27.19,83.64,19.24,0.98,0.68
2024-12-20,9.24,27.07,85.14,18.39,0.79,0.68
2024-12-21,11.64,26.47,86.8,18.5,1.34,0.69
2024-12-22,20.58,25.77,90.73,19.67,1.59,0.7
2024-12-23,3.82,26.4,85.48,20.97,0.77,0.71
2024-12-24,11.1,26.82,87.04,21.42,0.83,0.71
2024-12-25,29.68,26.61,90.37,10.2,1.1,0.74
2024-12-26,17.58,26.74,85.89,16.2,0.84,0.74
2024-12-27,6.82,26.22,89.21,18.59,1.05,0.75
2024-12-28,19.23,26.1,90.8,15.27,1.24,0.75
2024-12-29,30.2,26.05,88.65,17.31,1.1,0.77
2024-12-30,16.77,26.16,88.73,21.75,0.95,0.79
2024-12-31,9.69,26.01,91.0,18.93,1.15,0.78
2025-01-01,5.32,25.57,89.14,12.67,0.78,0.78
2025-01-02,10.49,25.43,91.64,12.08,0.54,0.77
2025-01-03,4.55,25.51,87.81,15.48,0.84,0.77
2025-01-04,5.85,26.51,80.73,15.74,0.59,0.76
2025-01-05,11.65,25.09,90.64,14.08,1.12,0.77
2025-01-06,20.12,26.18,87.84,18.54,1.19,0.78
2025-01-07,5.83,26.64,85.99,24.67,0.96,0.79
2025-01-08,3.53,26.93,85.45,23.03,0.88,0.78
2025-01-09,18.61,26.38,89.48,19.93,1.07,0.79
2025-01-10,20.15,26.07,92.26,20.07,1.16,0.81
2025-01-11,8.08,25.74,92.84,17.2,1.22,0.81
2025-01-12,5.32,26.18,87.22,21.82,0.86,0.81
2025-01-13,2.06,26.2,88.12,22.33,0.71,0.8
2025-01-14,1.87,26.51,87.47,18.97,0.97,0.8
2025-01-15,2.82,25.82,89.78,19.2,1.03,0.79
2025-01-16,2.18,26.04,88.33,14.98,1.2,0.79
2025-01-17,3.02,26.41,88.77,15.01,1.33,0.79
2025-01-18,30.01,26.23,93.06,14.56,1.55,0.81
2025-01-19,8.67,26.43,92.39,16.27,1.18,0.82
2025-01-20,21.27,25.21,92.87,12.16,1.14,0.83
2025-01-21,13.17,24.87,85.89,15.32,0.5,0.85
2025-01-22,4.72,26.22,85.07,17.89,0.64,0.84
2025-01-23,3.12,25.76,87.86,21.52,0.66,0.83
2025-01-24,5.32,26.25,85.97,20.3,0.67,0.83
2025-01-25,7.3,26.58,88.0,21.11,0.61,0.83
2025-01-26,18.38,26.11,92.7,22.55,0.78,0.84
2025-01-27,6.59,25.58,90.75,16.51,1.1,0.85
2025-01-28,1.95,26.04,87.0,17.79,0.81,0.84
2025-01-29,2.96,25.88,88.46,17.3,0.88,0.83
2025-01-30,37.85,25.22,92.16,9.64,1.42,0.85
2025-01-31,3.93,25.66,88.35,13.52,1.04,0.87
2025-02-01,4.53,26.09,88.12,15.84,1.16,0.85
2025-02-02,13.01,25.91,91.31,17.48,1.51,0.86
2025-02-03,7.98,26.0,90.21,17.4,1.36,0.86
2025-02-04,11.24,26.18,89.01,18.27,1.31,0.86
2025-02-05,19.05,26.28,88.65,21.34,0.97,0.88
2025-02-06,13.71,26.19,88.65,17.62,0.58,0.88
2025-02-07,2.91,26.58,85.62,22.12,0.91,0.87
2025-02-08,11.31,25.8,91.52,13.94,1.23,0.87
2025-02-09,12.35,25.93,90.36,17.42,1.26,0.88
2025-02-10,27.51,25.47,90.45,7.1,1.52,0.89
2025-02-11,16.9,25.25,90.81,12.94,1.5,0.89
2025-02-12,2.69,26.02,89.68,18.48,1.22,0.89
2025-02-13,16.05,26.05,91.7,18.19,1.33,0.88
2025-02-14,6.7,26.17,88.62,15.92,1.28,0.89
2025-02-15,7.26,26.24,88.79,21.1,0.94,0.89
2025-02-16,5.01,26.21,86.79,21.09,0.58,0.88
2025-02-17,0.73,26.46,84.75,20.35,0.48,0.88
2025-02-18,3.1,25.6,89.38,20.98,0.72,0.87
2025-02-19,1.27,25.82,87.04,20.24,0.53,0.87
2025-02-20,3.54,25.53,87.27,18.12,0.9,0.87
2025-02-21,0.72,26.15,82.34,20.48,0.7,0.86
2025-02-22,6.24,26.18,87.85,15.76,0.89,0.86
2025-02-23,4.79,25.99,86.21,19.33,0.93,0.86
2025-02-24,8.1,25.9,87.46,14.85,0.86,0.86
2025-02-25,10.31,25.92,89.85,18.61,0.98,0.87
2025-02-26,7.62,25.68,90.3,21.55,1.0,0.87
2025-02-27,1.88,26.38,84.67,23.82,0.76,0.87
2025-02-28,3.47,27.23,81.56,26.14,0.58,0.86
2025-03-01,2.46,27.34,82.62,26.14,0.76,0.86
2025-03-02,0.33,27.41,81.97,23.42,0.81,0.85
2025-03-03,2.55,27.76,81.29,24.1,0.66,0.84
2025-03-04,2.57,27.55,82.74,23.55,0.74,0.84
2025-03-05,1.36,27.55,84.5,24.39,0.7,0.84
2025-03-06,0.66,27.73,81.35,24.38,0.61,0.83
2025-03-07,2.11,26.98,85.83,21.69,0.73,0.83
2025-03-08,4.29,26.14,88.99,16.97,0.85,0.83
2025-03-09,7.44,25.9,87.67,15.02,0.89,0.83
2025-03-10,0.74,26.77,82.81,22.76,0.54,0.83
2025-03-11,0.78,26.27,88.51,18.8,0.67,0.83
2025-03-12,2.27,26.69,86.33,23.54,0.76,0.82
2025-03-13,4.16,26.76,88.35,20.22,0.63,0.82
2025-03-14,17.55,25.96,88.19,16.91,0.8,0.83
2025-03-15,2.05,26.28,85.95,13.69,0.77,0.83
2025-03-16,0.9,26.04,87.91,18.4,0.88,0.83
2025-03-17,6.51,26.31,87.22,17.17,0.9,0.83
2025-03-18,57.31,26.7,87.0,20.79,0.9,0.85
2025-03-19,50.5,25.49,93.08,13.64,1.01,0.9
2025-03-20,12.14,25.95,92.33,16.86,1.12,0.9
2025-03-21,10.93,25.87,90.27,16.03,1.19,0.9
2025-03-22,25.21,25.61,86.8,16.91,1.48,0.89
2025-03-23,18.12,25.76,89.01,9.62,1.84,0.91
2025-03-24,8.6,26.23,88.79,9.5,1.44,0.91
2025-03-25,46.82,26.27,91.36,19.92,1.27,0.92
2025-03-26,4.72,26.68,88.71,14.87,0.9,0.92
2025-03-27,5.37,26.34,88.69,14.79,0.91,0.92
2025-03-28,19.73,26.19,87.86,19.3,0.98,0.92
2025-03-29,15.72,25.65,88.59,13.46,1.07,0.93
2025-03-30,3.01,25.56,90.62,14.61,1.08,0.92
2025-03-31,2.19,26.14,88.86,18.98,0.93,0.92
2025-04-01,2.06,26.35,84.37,21.48,0.72,0.91
2025-04-02,1.78,26.65,80.48,19.63,0.49,0.91
2025-04-03,8.03,26.42,81.31,19.95,0.68,0.9
2025-04-04,0.67,25.84,79.16,23.15,0.91,0.9
2025-04-05,0.08,26.58,75.29,23.89,0.59,0.89
2025-04-06,4.66,26.56,80.57,21.77,0.7,0.88
2025-04-07,6.86,26.64,83.49,22.49,0.86,0.89
2025-04-08,2.53,26.77,87.3,20.4,0.87,0.88
2025-04-09,5.12,26.52,85.66,17.57,0.67,0.88
2025-04-10,6.56,26.41,86.38,18.73,0.69,0.88
2025-04-11,3.72,26.97,84.98,23.65,0.81,0.88
2025-04-12,0.64,27.46,80.56,22.04,0.69,0.87
2025-04-13,1.58,27.13,82.62,21.77,0.77,0.87
2025-04-14,3.97,27.4,82.28,19.92,0.3,0.86
2025-04-15,2.99,26.31,87.11,21.58,0.64,0.86
2025-04-16,0.95,26.96,84.53,19.99,0.84,0.86
2025-04-17,1.69,26.93,88.27,20.09,1.16,0.85
2025-04-18,5.23,26.1,89.1,9.64,1.42,0.85
2025-04-19,1.39,26.44,85.41,16.36,0.81,0.85
2025-04-20,2.72,26.69,85.09,19.39,0.79,0.85
2025-04-21,0.48,26.48,84.09,21.7,0.95,0.84
2025-04-22,0.03,26.43,82.67,22.94,1.05,0.83
2025-04-23,0.17,26.22,83.61,21.04,0.81,0.83
2025-04-24,15.47,26.06,88.71,18.56,0.6,0.83
2025-04-25,9.53,26.45,83.01,21.57,0.87,0.85
2025-04-26,14.62,26.11,82.54,20.98,0.82,0.84
2025-04-27,8.45,25.86,81.9,22.65,0.91,0.86
2025-04-28,0.45,25.36,81.51,22.75,1.14,0.84
2025-04-29,0.56,25.28,81.59,23.03,1.28,0.83
2025-04-30,0.33,26.49,77.17,22.41,0.84,0.83
2025-05-01,2.24,26.77,76.56,20.92,0.87,0.82
2025-05-02,0.22,26.8,84.6,20.74,0.94,0.82
2025-05-03,2.44,26.51,87.45,19.62,1.06,0.81
2025-05-04,1.05,26.85,85.63,19.77,1.09,0.81
2025-05-05,0.98,26.57,89.15,18.3,1.2,0.81
2025-05-06,1.69,26.31,89.28,18.06,1.14,0.81
2025-05-07,3.39,25.65,91.13,11.5,1.0,0.81
2025-05-08,1.32,26.32,85.85,20.47,1.03,0.81
2025-05-09,2.91,25.94,88.22,11.11,0.66,0.8
2025-05-10,4.97,26.05,87.06,17.24,0.77,0.81
2025-05-11,4.03,26.52,84.81,19.42,0.84,0.81
2025-05-12,17.46,25.99,88.59,14.68,0.97,0.81
2025-05-13,8.51,26.63,85.98,17.28,0.92,0.83
2025-05-14,3.8,26.19,89.4,18.42,0.89,0.82
2025-05-15,5.61,26.49,87.65,18.17,0.94,0.82
2025-05-16,4.87,25.93,89.98,18.53,1.23,0.82
2025-05-17,1.3,26.08,85.62,19.49,1.25,0.82
2025-05-18,0.44,25.74,84.36,20.08,1.38,0.81
2025-05-19,1.09,25.75,86.26,16.8,1.27,0.8
2025-05-20,0.99,25.53,86.26,18.64,1.41,0.8
2025-05-21,0.47,25.32,85.02,17.09,1.46,0.79
2025-05-22,1.0,26.29,85.4,15.72,1.05,0.79
2025-05-23,3.27,26.27,87.46,16.44,0.74,0.79
2025-05-24,2.03,26.79,84.67,13.95,0.85,0.79
2025-05-25,3.21,26.37,90.02,18.64,1.0,0.79
2025-05-26,1.03,26.79,87.09,17.58,0.86,0.79
2025-05-27,3.54,26.12,86.53,16.98,0.92,0.79
2025-05-28,7.85,27.18,81.45,15.01,0.58,0.79
2025-05-29,17.13,26.89,86.87,19.15,0.89,0.81
2025-05-30,0.74,26.64,87.99,17.45,1.14,0.8
2025-05-31,1.15,26.38,90.04,17.35,0.93,0.8
2025-06-01,0.89,25.85,88.17,18.99,0.99,0.79
2025-06-02,0.79,25.33,89.66,13.78,0.82,0.79
2025-06-03,0.59,25.63,86.47,18.25,0.85,0.79
2025-06-04,1.07,26.24,82.04,20.4,0.66,0.78
2025-06-05,0.58,25.48,83.97,20.21,1.33,0.78
2025-06-06,0.36,25.67,84.39,17.1,1.22,0.77
2025-06-07,2.97,25.37,88.75,9.7,1.37,0.77
2025-06-08,0.44,25.7,82.89,16.17,1.45,0.77
2025-06-09,0.28,25.52,82.81,16.73,1.24,0.76
2025-06-10,0.34,25.3,83.79,19.33,1.45,0.76
2025-06-11,0.15,25.05,82.89,19.67,1.53,0.75
2025-06-12,0.36,25.47,84.54,16.54,1.37,0.75
2025-06-13,2.88,26.14,88.32,10.77,1.12,0.75
2025-06-14,3.99,25.53,89.67,17.54,1.21,0.75
2025-06-15,11.7,25.2,93.06,17.5,0.93,0.76
2025-06-16,1.77,25.76,83.61,19.02,1.25,0.77
2025-06-17,0.11,24.91,82.13,20.5,1.39,0.76
2025-06-18,0.08,24.78,82.16,19.0,1.17,0.75
2025-06-19,0.04,25.34,82.63,16.49,0.93,0.75
2025-06-20,1.53,25.15,87.92,10.86,1.07,0.74
2025-06-21,1.4,25.17,86.71,17.17,1.21,0.74
2025-06-22,0.06,24.53,81.03,18.65,1.48,0.74
2025-06-23,0.25,24.52,84.91,16.27,1.48,0.73
2025-06-24,0.29,24.62,82.25,13.82,1.48,0.73
2025-06-25,5.06,24.55,88.26,11.38,1.31,0.73
2025-06-26,3.99,25.33,86.28,14.02,1.44,0.73
2025-06-27,0.91,25.19,84.98,15.73,1.63,0.73
2025-06-28,0.53,25.01,84.39,16.78,1.63,0.72
2025-06-29,0.29,24.64,82.25,17.2,1.62,0.72
2025-06-30,1.0,24.71,83.74,17.95,1.2,0.71
2025-07-01,0.77,25.02,86.01,16.95,1.4,0.71
2025-07-02,0.88,25.2,85.24,18.28,1.36,0.71
2025-07-03,0.61,25.03,85.26,16.79,1.28,0.71
2025-07-04,0.95,24.78,85.68,12.26,1.52,0.7
2025-07-05,0.97,25.19,85.14,11.82,1.16,0.7
2025-07-06,6.82,25.59,86.95,15.66,1.22,0.7
2025-07-07,0.33,24.99,83.46,20.32,1.35,0.7
2025-07-08,0.13,24.25,82.69,17.85,1.32,0.7
2025-07-09,0.42,24.12,84.53,17.91,1.46,0.69
2025-07-10,0.06,23.75,81.17,18.49,1.38,0.69
2025-07-11,0.08,24.23,82.75,16.74,1.2,0.69
2025-07-12,0.7,25.35,84.95,16.72,1.02,0.68
2025-07-13,0.14,25.34,82.77,19.04,1.3,0.68
2025-07-14,0.68,25.29,85.51,18.07,1.36,0.68
2025-07-15,0.39,25.32,83.43,19.41,1.47,0.67
2025-07-16,0.42,24.54,83.0,19.25,1.48,0.67
2025-07-17,0.04,24.0,80.19,20.98,1.3,0.66
2025-07-18,0.32,23.63,81.76,20.57,1.31,0.66
2025-07-19,0.03,23.47,78.71,20.24,1.24,0.66
2025-07-20,0.16,24.09,79.46,22.39,1.17,0.65
2025-07-21,0.04,24.56,82.66,19.28,1.02,0.65
2025-07-22,0.06,24.84,82.76,19.91,1.15,0.65
2025-07-23,0.04,25.47,82.32,19.62,0.88,0.64
2025-07-24,0.07,25.96,83.09,18.58,0.9,0.64
2025-07-25,0.31,25.77,83.59,19.39,1.26,0.64
2025-07-26,0.29,25.86,83.58,19.97,1.26,0.63
2025-07-27,1.15,25.55,85.62,18.69,1.22,0.63
2025-07-28,0.89,25.32,84.21,18.37,1.53,0.63
2025-07-29,0.28,24.74,81.92,19.15,1.72,0.63
2025-07-30,0.42,24.52,82.13,19.05,1.63,0.63
2025-07-31,0.1,24.79,80.77,17.48,1.49,0.62
2025-08-01,0.07,25.51,79.55,20.17,1.41,0.62
2025-08-02,0.03,26.22,81.83,20.35,0.88,0.62
2025-08-03,0.19,26.28,81.59,19.05,0.96,0.61
2025-08-04,0.06,25.69,79.21,21.23,1.19,0.61
2025-08-05,0.02,25.38,78.07,21.6,1.17,0.61
2025-08-06,0.01,24.64,76.49,22.73,1.19,0.6
2025-08-07,0.04,25.2,79.42,21.49,0.93,0.6
2025-08-08,0.1,25.63,79.29,20.97,0.85,0.6
2025-08-09,0.39,26.08,80.17,19.58,1.06,0.6
2025-08-10,0.25,26.07,79.12,20.98,0.95,0.6
2025-08-11,0.06,25.9,77.34,22.16,1.14,0.59
2025-08-12,0.01,25.37,73.61,21.92,1.53,0.59
2025-08-13,0.01,24.92,71.77,23.45,1.55,0.59
2025-08-14,0.06,24.51,72.14,22.26,1.6,0.58
2025-08-15,0.4,24.9,75.28,21.9,1.57,0.58
2025-08-16,0.16,25.05,74.8,21.62,1.44,0.58
2025-08-17,0.03,25.73,74.21,19.06,1.07,0.58
2025-08-18,0.19,26.1,77.73,19.5,0.93,0.58
2025-08-19,5.62,25.94,80.48,20.29,1.04,0.58
2025-08-20,0.61,26.09,77.6,21.58,1.0,0.58
2025-08-21,0.05,25.75,75.57,21.61,1.09,0.58
2025-08-22,0.03,25.37,77.07,20.65,1.0,0.58
2025-08-23,0.03,25.88,76.14,21.77,0.89,0.57
2025-08-24,0.01,26.35,71.9,21.84,0.82,0.57
2025-08-25,0.53,25.83,77.22,20.62,1.15,0.57
2025-08-26,0.9,25.63,78.16,20.65,1.46,0.57
2025-08-27,0.64,24.47,82.53,20.73,1.52,0.57
2025-08-28,0.45,25.11,77.77,21.78,1.4,0.57
2025-08-29,0.29,25.14,76.89,20.84,1.48,0.56
2025-08-30,0.0,25.83,71.97,23.4,1.3,0.56
2025-08-31,0.02,26.27,71.69,23.92,1.03,0.56
2025-09-01,0.21,26.69,74.86,23.56,1.1,0.56
2025-09-02,0.29,26.89,72.67,21.52,1.07,0.55
2025-09-03,0.05,26.41,73.41,24.06,1.21,0.55
2025-09-04,0.02,26.35,69.97,24.92,1.24,0.55
2025-09-05,0.0,26.48,68.91,24.95,0.99,0.55
2025-09-06,0.2,26.27,72.08,21.6,1.17,0.55
2025-09-07,0.25,24.96,77.12,18.53,1.52,0.54
2025-09-08,0.79,25.14,83.49,19.17,1.49,0.55
2025-09-09,3.78,26.19,84.68,14.65,1.52,0.55
2025-09-10,4.14,26.29,83.76,19.8,1.0,0.56
2025-09-11,0.09,26.82,76.13,22.66,1.2,0.56
2025-09-12,0.07,27.17,74.12,22.88,1.24,0.55
2025-09-13,0.12,27.29,74.66,23.96,1.26,0.55
2025-09-14,0.11,26.52,76.5,22.8,1.07,0.55
2025-09-15,0.12,26.62,75.55,16.56,1.23,0.55
2025-09-16,7.67,26.04,77.77,18.17,1.38,0.55
2025-09-17,1.17,26.11,77.5,19.35,1.18,0.56
2025-09-18,6.79,26.21,77.97,20.55,1.16,0.56
2025-09-19,0.91,26.87,76.85,22.73,1.17,0.57
2025-09-20,0.29,27.0,74.76,22.7,1.05,0.56
2025-09-21,0.04,27.29,73.54,25.28,0.97,0.56
2025-09-22,0.0,27.58,69.84,26.15,1.04,0.55
2025-09-23,0.02,27.51,73.11,25.6,0.78,0.55
2025-09-24,5.54,27.02,75.41,22.73,1.12,0.55
2025-09-25,0.89,27.49,72.23,24.4,0.95,0.55
2025-09-26,0.17,27.95,73.36,24.14,1.14,0.55
2025-09-27,9.35,27.56,77.56,22.92,0.99,0.55
2025-09-28,6.36,27.78,76.32,23.73,0.92,0.57
2025-09-29,1.14,27.51,77.49,19.48,0.92,0.57
2025-09-30,1.72,26.76,81.32,22.21,0.94,0.57
2025-10-01,0.11,27.11,74.26,25.16,1.06,0.57
2025-10-02,0.0,27.42,68.59,26.99,0.96,0.56
2025-10-03,0.09,27.73,72.52,26.47,0.82,0.55
2025-10-04,0.22,28.0,73.36,25.41,0.97,0.55
2025-10-05,1.03,28.2,72.68,25.66,0.67,0.55
2025-10-06,0.77,27.59,70.96,26.17,1.0,0.55
2025-10-07,0.06,27.4,66.98,26.06,0.91,0.54
2025-10-08,0.04,27.87,68.33,26.46,1.07,0.54
2025-10-09,0.23,27.75,68.05,22.25,0.97,0.54
2025-10-10,0.87,27.07,74.19,24.95,1.04,0.53
2025-10-11,1.29,27.73,75.29,20.57,1.06,0.53
2025-10-12,0.72,28.94,72.9,22.47,1.02,0.53
2025-10-13,0.29,28.94,73.22,25.59,0.77,0.53
2025-10-14,1.42,28.12,75.07,23.5,1.0,0.53
2025-10-15,1.02,28.74,72.31,25.91,1.14,0.53
2025-10-16,0.72,28.94,71.23,25.3,1.22,0.53
2025-10-17,4.69,28.63,74.36,23.93,0.87,0.53
2025-10-18,1.22,27.7,79.0,23.47,1.07,0.54
2025-10-19,3.13,28.68,75.75,23.65,0.83,0.54
2025-10-20,6.78,28.61,76.15,21.69,0.93,0.55
2025-10-21,14.32,27.92,80.93,20.63,0.68,0.57
2025-10-22,5.66,28.32,76.76,22.48,0.49,0.58
2025-10-23,1.08,28.57,72.78,23.33,0.62,0.58
2025-10-24,0.66,28.38,74.4,23.44,0.56,0.57
2025-10-25,1.29,28.85,72.88,23.21,0.52,0.56
2025-10-26,2.03,28.41,73.57,22.51,0.71,0.56
2025-10-27,1.01,28.0,75.53,10.28,0.42,0.56
2025-10-28,1.37,27.99,76.86,21.7,0.53,0.56
2025-10-29,15.34,27.88,79.13,20.29,0.77,0.56
2025-10-30,5.78,28.04,79.41,22.88,0.75,0.59
2025-10-31,2.96,28.21,76.64,22.81,0.91,0.59
2025-11-01,0.64,28.38,75.65,24.97,0.82,0.58
2025-11-02,1.33,28.85,73.71,24.24,0.71,0.57
2025-11-03,1.38,28.77,72.81,23.9,0.54,0.57
2025-11-04,0.98,28.17,75.66,23.11,0.43,0.57
2025-11-05,1.52,28.0,77.18,23.24,0.53,0.56
2025-11-06,18.98,27.58,80.1,20.46,0.77,0.58
2025-11-07,2.37,28.14,76.25,23.62,0.56,0.59
2025-11-08,30.91,27.59,79.88,24.47,0.52,0.59
2025-11-09,45.45,26.56,85.48,17.24,0.61,0.68
2025-11-10,7.55,27.08,81.4,18.38,0.59,0.69
2025-11-11,2.9,26.71,82.0,20.52,0.46,0.67
2025-11-12,7.32,26.88,80.17,17.81,0.69,0.66
2025-11-13,12.46,26.25,87.06,13.09,1.39,0.67
2025-11-14,17.16,25.88,86.67,16.26,1.15,0.68
2025-11-15,4.81,26.86,79.99,22.92,0.92,0.68
2025-11-16,0.24,27.54,76.5,23.88,0.63,0.66
2025-11-17,3.82,27.77,78.8,22.68,0.43,0.65
2025-11-18,3.41,27.53,80.39,22.64,0.66,0.65
2025-11-19,7.81,27.18,81.91,18.03,0.73,0.64
2025-11-20,0.38,28.04,76.56,19.88,0.59,0.64
2025-11-21,1.61,27.06,79.95,20.47,0.59,0.63
2025-11-22,0.88,27.25,80.47,21.08,0.52,0.63
2025-11-23,2.81,26.89,85.59,19.44,1.07,0.62
2025-11-24,3.84,27.02,83.95,16.67,0.72,0.63
2025-11-25,0.66,27.83,78.36,21.7,0.65,0.62
2025-11-26,1.3,27.87,77.63,22.32,0.65,0.62
2025-11-27,3.25,27.67,80.16,18.1,0.68,0.62
2025-11-28,6.17,26.78,85.63,19.86,0.77,0.62
2025-11-29,4.75,26.27,84.36,18.09,1.24,0.63
2025-11-30,3.15,26.4,84.21,20.18,0.77,0.63
2025-12-01,16.9,26.62,85.77,21.55,0.99,0.64
2025-12-02,25.62,26.61,86.58,18.72,0.65,0.67
2025-12-03,24.17,27.08,82.58,21.17,0.41,0.71
2025-12-04,10.6,27.0,79.99,23.68,0.5,0.73
2025-12-05,15.83,27.03,78.59,23.18,0.53,0.72
2025-12-06,8.43,27.62,76.86,24.04,0.45,0.73
2025-12-07,3.23,27.66,78.83,21.57,0.43,0.71
2025-12-08,3.31,27.92,79.13,22.4,0.49,0.7
2025-12-09,3.42,27.08,82.15,21.97,0.57,0.7
2025-12-10,4.38,26.94,79.0,12.71,0.56,0.69
2025-12-11,2.69,27.34,80.19,21.01,0.66,0.69
2025-12-12,2.39,26.57,86.54,22.68,0.93,0.68
2025-12-13,3.21,26.15,87.03,16.68,1.26,0.68
2025-12-14,10.81,26.01,88.11,8.85,1.2,0.69
2025-12-15,5.43,25.85,88.07,15.93,1.3,0.7
2025-12-16,8.22,25.73,90.87,10.45,1.48,0.7
2025-12-17,0.74,26.64,82.84,22.03,1.07,0.7
2025-12-18,1.39,27.02,80.74,24.5,0.97,0.69
2025-12-19,13.27,25.82,88.41,12.39,0.77,0.7
2025-12-20,19.5,26.09,86.34,12.74,0.58,0.72
2025-12-21,6.75,27.21,80.33,22.9,0.56,0.73
2025-12-22,2.28,27.26,82.28,21.7,0.9,0.71
2025-12-23,1.58,27.36,81.56,23.0,0.95,0.71
2025-12-24,1.38,27.3,81.4,20.62,1.17,0.7
2025-12-25,1.28,27.4,83.05,24.7,1.04,0.69
2025-12-26,3.16,27.13,85.49,16.48,1.25,0.69
2025-12-27,13.69,26.57,89.56,14.69,1.24,0.7
2025-12-28,14.85,26.48,89.24,12.44,1.19,0.72
2025-12-29,11.57,26.46,88.44,15.77,0.96,0.74
2025-12-30,4.43,26.26,86.75,21.67,0.69,0.73
2025-12-31,2.32,26.78,84.99,22.33,0.53,0.73
