DATE,PRECTOTCORR,T2M,RH2M,ALLSKY_SFC_SW_DWN,WS2M,GWETROOT
1996-01-01,6.01,26.32,82.35,22.69,0.7,0.66
1996-01-02,8.81,25.81,87.67,14.08,1.49,0.67
1996-01-03,7.32,25.36,89.52,12.31,1.47,0.68
1996-01-04,13.24,24.81,90.28,12.14,1.64,0.69
1996-01-05,7.8,25.67,84.22,18.54,1.45,0.7
1996-01-06,1.34,25.57,81.69,19.81,0.88,0.69
1996-01-07,1.55,26.08,80.03,23.83,1.7,0.68
1996-01-08,2.53,26.31,78.9,25.53,1.36,0.67
1996-01-09,0.36,26.13,84.15,24.66,1.88,0.67
1996-01-10,0.22,26.35,81.3,25.72,1.96,0.66
1996-01-11,0.51,26.62,80.87,22.74,1.52,0.65
1996-01-12,0.64,26.17,82.69,21.94,1.22,0.65
1996-01-13,3.46,26.45,81.71,16.87,1.01,0.65
1996-01-14,4.25,25.71,87.16,22.18,1.66,0.66
1996-01-15,4.18,26.38,84.52,18.64,1.51,0.66
1996-01-16,4.3,26.91,81.47,22.2,1.13,0.67
1996-01-17,3.15,26.46,85.86,22.22,1.26,0.66
1996-01-18,2.53,26.16,85.77,22.57,1.5,0.67
1996-01-19,5.96,25.56,89.53,18.31,1.4,0.67
1996-01-20,13.37,25.34,89.12,9.61,1.44,0.68
1996-01-21,5.22,25.56,88.24,18.91,1.89,0.69
1996-01-22,4.6,26.1,86.43,18.97,1.43,0.69
1996-01-23,7.61,25.72,87.44,18.83,1.23,0.69
1996-01-24,49.8,25.35,88.65,13.09,1.8,0.71
1996-01-25,19.49,25.13,86.1,20.52,2.4,0.77
1996-01-26,6.56,25.52,85.4,23.38,1.79,0.75
1996-01-27,20.01,24.93,89.39,13.46,2.01,0.74
1996-01-28,6.12,25.65,86.8,15.26,2.07,0.75
1996-01-29,6.84,25.93,85.96,17.29,2.06,0.74
1996-01-30,7.74,25.94,84.75,20.41,1.87,0.72
1996-01-31,3.78,25.61,89.76,9.43,1.55,0.72
1996-02-01,7.59,25.74,88.74,20.25,1.65,0.72
1996-02-02,3.79,26.4,83.54,18.36,1.76,0.72
1996-02-03,6.84,26.11,85.36,17.48,1.85,0.72
1996-02-04,6.66,26.04,86.1,19.1,1.54,0.72
1996-02-05,32.72,25.96,86.72,14.92,1.3,0.73
1996-02-06,36.47,25.49,86.39,21.58,2.08,0.77
1996-02-07,28.71,25.19,90.11,13.93,1.71,0.81
1996-02-08,8.56,25.63,90.11,18.27,1.46,0.79
1996-02-09,4.07,25.29,92.39,11.2,1.96,0.78
1996-02-10,14.04,25.24,91.36,16.99,1.89,0.77
1996-02-11,31.19,24.95,91.86,15.62,1.96,0.79
1996-02-12,12.61,24.68,91.15,13.48,1.52,0.8
1996-02-13,3.39,25.59,92.86,19.9,1.69,0.79
1996-02-14,3.41,25.96,92.0,18.93,1.46,0.78
1996-02-15,5.16,25.76,92.18,15.74,1.54,0.78
1996-02-16,8.25,25.48,91.85,10.04,1.8,0.78
1996-02-17,2.99,25.93,88.15,19.55,1.43,0.78
1996-02-18,0.52,26.12,87.0,22.49,1.2,0.78
1996-02-19,3.62,26.38,84.69,19.01,1.14,0.77
1996-02-20,3.97,25.33,90.2,10.1,1.44,0.77
1996-02-21,11.98,25.66,86.95,19.49,1.21,0.78
1996-02-22,5.73,26.57,83.05,22.7,0.75,0.78
1996-02-23,19.01,25.71,88.4,19.8,1.01,0.79
1996-02-24,12.06,25.51,86.88,21.7,1.52,0.81
1996-02-25,6.11,25.33,87.63,15.29,1.56,0.8
1996-02-26,43.14,25.35,85.93,4.74,1.73,0.82
1996-02-27,21.11,25.59,85.39,14.62,1.74,0.85
1996-02-28,6.16,25.83,91.11,20.63,1.72,0.84
1996-02-29,2.73,25.22,90.91,14.91,1.85,0.83
1996-03-01,22.29,25.23,91.91,18.65,1.5,0.84
1996-03-02,12.45,25.47,89.65,13.35,1.58,0.85
1996-03-03,5.17,25.51,89.75,19.39,1.61,0.85
1996-03-04,26.14,25.61,89.93,23.82,1.7,0.86
1996-03-05,6.98,25.54,88.4,22.98,1.61,0.87
1996-03-06,1.32,25.81,86.83,21.31,1.71,0.86
1996-03-07,3.78,26.08,84.93,21.97,1.6,0.86
1996-03-08,15.06,25.64,85.94,17.95,1.73,0.86
1996-03-09,4.72,25.98,85.39,22.13,1.84,0.86
1996-03-10,4.07,25.83,86.66,18.07,1.8,0.85
1996-03-11,16.22,26.18,83.99,19.06,1.54,0.85
1996-03-12,9.65,26.04,88.98,15.9,1.48,0.87
1996-03-13,1.88,26.06,87.05,22.94,1.33,0.86
1996-03-14,0.89,26.68,81.73,22.06,0.94,0.85
1996-03-15,1.17,25.94,87.35,22.05,1.2,0.85
1996-03-16,0.36,26.47,86.65,22.69,0.89,0.84
1996-03-17,0.43,27.0,85.3,23.75,1.02,0.84
1996-03-18,16.46,26.71,88.61,23.3,1.18,0.84
1996-03-19,14.23,26.61,86.86,21.4,1.47,0.86
1996-03-20,4.44,26.87,83.44,22.86,1.14,0.86
1996-03-21,2.14,26.93,82.21,22.14,1.0,0.85
1996-03-22,17.54,26.54,86.83,20.73,0.9,0.85
1996-03-23,25.0,26.07,86.01,18.74,0.69,0.88
1996-03-24,9.62,25.86,87.89,15.97,1.28,0.88
1996-03-25,2.63,26.42,80.64,23.11,1.75,0.88
1996-03-26,0.32,26.7,81.31,22.44,1.44,0.87
1996-03-27,0.15,26.98,81.64,23.02,1.53,0.86
1996-03-28,0.2,27.09,79.54,23.2,1.44,0.85
1996-03-29,0.0,26.77,78.86,25.17,1.6,0.84
1996-03-30,0.08,26.79,78.7,21.94,1.39,0.83
1996-03-31,0.41,26.91,79.6,23.11,1.53,0.83
1996-04-01,0.98,27.03,79.7,22.69,1.44,0.82
1996-04-02,0.39,26.65,82.02,22.15,1.72,0.81
1996-04-03,1.23,26.47,85.92,22.19,1.7,0.81
1996-04-04,1.76,26.0,89.29,20.09,1.36,0.81
1996-04-05,2.82,25.84,88.7,17.84,1.12,0.81
1996-04-06,2.01,26.27,84.67,19.24,1.81,0.81
1996-04-07,0.01,26.46,83.66,22.55,2.08,0.8
1996-04-08,0.05,26.52,81.62,19.47,2.22,0.79
1996-04-09,0.99,26.33,84.6,15.98,2.26,0.79
1996-04-10,4.59,26.39,86.4,14.93,1.38,0.78
1996-04-11,6.76,26.63,82.33,17.38,0.9,0.79
1996-04-12,2.19,25.93,86.79,19.01,1.31,0.79
1996-04-13,2.19,25.81,86.62,18.13,0.65,0.79
1996-04-14,0.99,26.72,83.65,18.62,0.89,0.79
1996-04-15,0.47,27.24,82.48,21.13,0.83,0.78
1996-04-16,2.49,27.06,82.69,19.14,0.79,0.78
1996-04-17,13.81,26.5,86.23,20.93,0.91,0.79
1996-04-18,7.56,26.56,85.3,19.45,1.02,0.8
1996-04-19,1.81,26.99,83.35,21.84,1.12,0.79
1996-04-20,1.56,27.07,82.42,19.69,1.34,0.79
1996-04-21,1.25,26.89,81.27,21.26,1.75,0.78
1996-04-22,0.15,26.15,81.0,22.43,2.07,0.77
1996-04-23,0.01,25.34,75.59,21.74,2.16,0.77
1996-04-24,0.03,25.45,72.74,21.66,1.92,0.76
1996-04-25,0.0,25.22,75.28,21.85,1.81,0.75
1996-04-26,2.55,25.4,79.58,21.61,1.96,0.75
1996-04-27,0.3,25.65,78.94,21.65,2.31,0.75
1996-04-28,0.0,25.56,78.16,21.49,2.2,0.74
1996-04-29,0.0,25.53,78.7,21.36,2.12,0.74
1996-04-30,0.0,25.91,81.43,21.68,2.1,0.73
1996-05-01,0.08,26.07,82.87,20.93,1.99,0.73
1996-05-02,0.62,26.07,83.75,20.84,1.96,0.72
1996-05-03,0.95,25.46,83.22,20.18,2.07,0.72
1996-05-04,0.08,24.62,77.55,21.78,2.24,0.72
1996-05-05,0.0,24.12,73.69,21.28,2.14,0.71
1996-05-06,0.0,24.25,74.63,21.83,2.22,0.71
1996-05-07,0.0,24.83,73.34,21.36,1.72,0.71
1996-05-08,0.03,24.51,76.17,19.39,1.99,0.7
1996-05-09,0.0,24.57,73.41,20.77,2.1,0.7
1996-05-10,0.0,24.62,76.87,21.82,1.86,0.7
1996-05-11,0.12,24.88,81.69,21.53,1.92,0.7
1996-05-12,0.63,24.87,82.95,20.69,2.22,0.69
1996-05-13,1.77,24.88,85.29,19.05,1.9,0.69
1996-05-14,22.39,25.0,90.26,15.53,2.07,0.71
1996-05-15,9.14,25.88,87.15,18.64,1.36,0.73
1996-05-16,0.84,26.11,85.5,19.09,1.37,0.73
1996-05-17,8.89,25.27,87.83,17.53,2.22,0.73
1996-05-18,2.5,25.34,85.74,17.66,2.01,0.72
1996-05-19,1.65,25.4,85.46,19.11,2.01,0.72
1996-05-20,0.05,25.43,83.4,19.01,2.18,0.71
1996-05-21,0.01,25.21,83.43,18.73,2.26,0.7
1996-05-22,0.16,25.32,83.9,19.35,2.29,0.7
1996-05-23,0.54,25.15,82.46,17.92,2.26,0.69
1996-05-24,0.01,24.86,79.55,19.94,2.36,0.69
1996-05-25,0.03,24.93,80.59,19.22,1.94,0.68
1996-05-26,0.02,24.89,80.76,18.9,1.82,0.68
1996-05-27,0.0,24.83,82.53,18.77,2.05,0.68
1996-05-28,0.0,25.31,81.76,18.24,1.63,0.68
1996-05-29,0.0,25.77,83.78,19.11,1.68,0.67
1996-05-30,0.29,25.99,85.69,18.92,1.74,0.67
1996-05-31,0.56,26.05,84.9,18.83,1.9,0.67
1996-06-01,1.49,25.89,85.04,18.13,1.81,0.67
1996-06-02,22.23,25.89,83.88,16.85,1.64,0.69
1996-06-03,0.35,25.86,81.29,19.89,2.2,0.7
1996-06-04,0.0,25.36,78.74,18.75,2.04,0.69
1996-06-05,0.0,25.2,80.9,18.16,2.05,0.68
1996-06-06,0.04,25.38,81.65,17.44,1.77,0.67
1996-06-07,0.2,25.22,84.0,17.58,1.81,0.67
1996-06-08,0.04,25.36,83.85,16.63,1.71,0.66
1996-06-09,5.18,25.31,84.53,17.56,1.9,0.66
1996-06-10,0.54,25.49,83.64,17.41,1.86,0.67
1996-06-11,0.7,25.61,82.68,17.85,1.65,0.66
1996-06-12,0.25,25.59,82.54,18.47,1.8,0.66
1996-06-13,0.04,25.61,81.84,17.59,1.74,0.65
1996-06-14,0.06,25.56,81.94,17.77,1.43,0.65
1996-06-15,0.09,25.73,82.11,18.14,1.29,0.65
1996-06-16,0.31,25.43,83.54,18.54,1.61,0.65
1996-06-17,0.0,25.2,81.4,18.54,1.2,0.64
1996-06-18,0.08,25.31,83.19,14.11,1.08,0.64
1996-06-19,0.33,25.33,85.22,17.12,1.68,0.64
1996-06-20,0.56,25.33,81.51,18.28,1.37,0.64
1996-06-21,0.02,25.4,82.79,17.52,1.79,0.64
1996-06-22,0.01,25.3,81.01,16.67,1.85,0.63
1996-06-23,0.39,25.57,81.49,18.13,1.56,0.63
1996-06-24,1.97,25.81,83.12,17.46,1.1,0.63
1996-06-25,2.37,25.56,84.14,18.53,1.52,0.63
1996-06-26,0.84,25.49,83.68,17.71,1.64,0.63
1996-06-27,0.39,25.21,83.79,17.92,2.0,0.63
1996-06-28,0.04,25.48,82.3,17.92,1.91,0.62
1996-06-29,0.06,25.96,82.43,18.48,1.7,0.62
1996-06-30,0.61,26.1,82.31,17.73,1.72,0.62
1996-07-01,0.15,25.58,79.76,18.25,1.8,0.61
1996-07-02,0.26,25.52,79.95,19.26,1.91,0.61
1996-07-03,0.03,25.54,78.8,18.48,1.67,0.61
1996-07-04,0.04,24.94,81.71,17.24,2.36,0.61
1996-07-05,0.14,25.0,82.06,17.04,2.49,0.6
1996-07-06,0.03,24.66,80.33,17.58,2.51,0.6
1996-07-07,0.11,24.99,81.35,16.96,2.17,0.6
1996-07-08,0.38,25.05,82.04,18.16,2.32,0.6
1996-07-09,0.28,24.64,81.82,17.56,2.45,0.59
1996-07-10,0.0,24.58,80.42,18.45,2.39,0.59
1996-07-11,0.23,25.08,80.27,17.42,1.54,0.59
1996-07-12,4.31,25.34,82.41,16.91,1.79,0.59
1996-07-13,0.34,25.32,80.43,17.75,1.42,0.59
1996-07-14,0.0,25.61,77.17,16.41,1.0,0.59
1996-07-15,0.0,25.3,77.38,19.79,1.46,0.58
1996-07-16,0.0,24.38,77.59,17.77,1.69,0.58
1996-07-17,0.29,23.9,79.22,19.16,1.85,0.58
1996-07-18,0.0,23.92,78.47,18.89,2.06,0.58
1996-07-19,0.65,24.89,78.47,18.34,2.14,0.57
1996-07-20,0.0,25.17,79.42,18.75,1.75,0.57
1996-07-21,0.0,25.22,80.86,18.16,2.03,0.57
1996-07-22,0.3,25.01,82.16,18.31,1.83,0.57
1996-07-23,3.28,25.42,82.01,18.16,1.61,0.57
1996-07-24,0.69,25.77,79.85,19.55,1.87,0.57
1996-07-25,0.03,25.4,80.12,18.66,2.45,0.57
1996-07-26,0.09,25.52,76.86,19.36,2.28,0.56
1996-07-27,0.03,24.94,76.68,18.71,2.12,0.56
1996-07-28,0.0,24.55,76.03,19.3,2.37,0.56
1996-07-29,0.0,23.86,74.76,20.49,2.32,0.55
1996-07-30,0.0,24.07,72.57,19.89,2.01,0.55
1996-07-31,0.0,23.99,74.1,18.68,1.95,0.55
1996-08-01,0.0,24.15,74.35,20.46,2.1,0.55
1996-08-02,0.0,24.23,74.65,19.84,2.08,0.54
1996-08-03,0.0,24.26,74.87,20.95,2.21,0.54
1996-08-04,0.01,24.03,74.72,20.49,2.38,0.54
1996-08-05,0.0,24.48,73.6,20.05,1.93,0.54
1996-08-06,0.17,24.76,78.55,18.9,2.24,0.54
1996-08-07,0.92,24.73,81.93,19.21,2.7,0.54
1996-08-08,0.24,25.06,80.38,17.2,2.26,0.54
1996-08-09,0.03,25.48,78.69,18.78,1.61,0.53
1996-08-10,4.36,25.8,81.38,15.69,1.33,0.54
1996-08-11,4.95,25.89,82.23,19.53,1.69,0.54
1996-08-12,0.01,26.27,76.08,20.92,1.46,0.54
1996-08-13,0.06,26.25,75.2,19.64,1.41,0.54
1996-08-14,0.07,26.0,77.88,20.39,1.83,0.54
1996-08-15,1.35,26.4,79.12,20.21,1.73,0.53
1996-08-16,0.28,26.12,77.71,19.89,1.96,0.53
1996-08-17,0.0,25.49,76.27,19.06,2.12,0.53
1996-08-18,0.03,25.46,76.36,20.61,1.66,0.53
1996-08-19,0.0,26.06,77.03,21.09,1.58,0.53
1996-08-20,0.14,26.22,75.51,20.73,1.39,0.52
1996-08-21,0.4,26.42,75.5,20.91,1.73,0.52
1996-08-22,0.54,26.29,72.4,21.38,2.22,0.52
1996-08-23,0.0,25.6,68.67,22.27,2.13,0.52
1996-08-24,0.0,25.59,69.85,22.54,1.25,0.51
1996-08-25,0.61,25.9,77.57,15.09,1.55,0.51
1996-08-26,6.27,25.99,82.54,20.55,1.81,0.52
1996-08-27,0.2,26.6,78.74,21.39,1.62,0.52
1996-08-28,0.04,26.26,75.33,21.55,2.17,0.52
1996-08-29,0.0,26.39,74.45,20.41,2.26,0.52
1996-08-30,0.05,26.66,73.48,22.42,2.12,0.51
1996-08-31,0.08,26.25,75.48,21.12,2.12,0.51
1996-09-01,0.41,25.94,75.75,21.4,2.21,0.51
1996-09-02,0.24,25.7,73.61,22.5,2.24,0.51
1996-09-03,0.0,26.09,70.55,22.92,2.32,0.5
1996-09-04,0.01,26.0,72.13,22.38,2.13,0.5
1996-09-05,2.45,26.05,73.31,18.89,2.32,0.5
1996-09-06,0.12,26.28,71.3,22.44,2.32,0.5
1996-09-07,0.21,26.17,74.48,20.63,2.06,0.5
1996-09-08,1.4,26.24,73.68,23.51,1.61,0.5
1996-09-09,0.27,26.06,70.17,23.34,1.71,0.5
1996-09-10,0.04,25.79,67.95,23.41,1.66,0.5
1996-09-11,0.0,25.81,71.98,23.57,2.2,0.5
1996-09-12,0.07,26.01,72.99,22.98,2.25,0.49
1996-09-13,0.0,26.4,70.74,23.36,1.59,0.49
1996-09-14,0.0,26.93,69.12,23.78,1.39,0.49
1996-09-15,0.01,27.02,74.48,22.41,1.96,0.49
1996-09-16,0.55,27.22,74.62,23.14,1.83,0.49
1996-09-17,0.42,27.34,71.41,23.36,2.23,0.49
1996-09-18,0.0,26.99,71.56,24.1,2.67,0.49
1996-09-19,0.01,26.81,72.14,23.71,2.09,0.48
1996-09-20,1.77,27.1,73.13,24.56,1.82,0.48
1996-09-21,0.36,27.14,73.06,23.1,1.53,0.48
1996-09-22,0.16,27.2,69.61,24.09,1.66,0.48
1996-09-23,0.0,26.25,64.08,25.32,2.43,0.48
1996-09-24,0.0,25.33,68.88,26.06,2.28,0.48
1996-09-25,0.0,25.64,70.29,25.71,1.93,0.48
1996-09-26,0.0,25.63,70.86,24.86,1.98,0.48
1996-09-27,0.0,25.55,69.78,23.53,2.18,0.48
1996-09-28,0.29,25.8,69.32,24.5,2.07,0.48
1996-09-29,0.02,26.03,71.96,21.52,2.28,0.48
1996-09-30,0.07,26.85,71.31,18.3,1.5,0.48
1996-10-01,0.58,27.25,72.28,24.7,1.96,0.48
1996-10-02,9.15,27.41,75.54,22.96,1.51,0.48
1996-10-03,16.67,27.05,80.08,22.6,2.13,0.51
1996-10-04,2.24,27.2,77.36,19.79,2.17,0.52
1996-10-05,0.51,27.44,74.34,22.99,1.73,0.52
1996-10-06,1.59,27.28,75.31,23.42,2.13,0.51
1996-10-07,18.4,27.04,78.3,24.59,2.03,0.54
1996-10-08,0.87,27.21,75.73,22.99,1.89,0.54
1996-10-09,2.18,27.21,74.72,23.01,1.75,0.53
1996-10-10,0.0,27.16,73.04,23.0,2.36,0.52
1996-10-11,0.07,26.92,71.27,21.98,2.34,0.52
1996-10-12,0.01,26.94,73.12,25.35,2.21,0.51
1996-10-13,0.31,27.57,73.44,24.83,1.83,0.51
1996-10-14,0.0,27.88,70.73,22.67,1.46,0.5
1996-10-15,10.67,27.54,76.08,22.65,1.83,0.5
1996-10-16,37.69,27.11,79.93,23.04,2.13,0.53
1996-10-17,23.11,26.89,80.54,22.54,2.22,0.61
1996-10-18,23.79,26.68,80.87,23.39,1.91,0.61
1996-10-19,9.6,26.47,82.39,20.93,1.62,0.62
1996-10-20,4.97,27.4,79.51,22.39,1.42,0.62
1996-10-21,3.12,27.55,80.63,24.24,1.79,0.6
1996-10-22,5.22,27.51,80.26,24.66,1.76,0.59
1996-10-23,26.48,26.96,86.68,19.99,1.82,0.6
1996-10-24,23.78,26.51,87.11,21.23,1.69,0.64
1996-10-25,21.34,26.69,84.51,21.84,1.17,0.67
1996-10-26,12.8,26.78,84.22,24.56,1.64,0.67
1996-10-27,3.41,27.29,79.52,23.02,1.23,0.65
1996-10-28,9.63,27.32,79.89,23.35,1.15,0.64
1996-10-29,7.4,26.68,84.24,21.54,0.87,0.64
1996-10-30,1.84,27.58,77.01,20.92,1.85,0.63
1996-10-31,3.4,27.18,78.81,22.17,2.03,0.62
1996-11-01,3.78,27.29,78.28,23.37,2.18,0.61
1996-11-02,2.74,27.59,77.53,24.55,2.3,0.6
1996-11-03,1.85,27.3,78.32,21.9,2.39,0.59
1996-11-04,7.37,27.46,77.87,21.84,1.99,0.59
1996-11-05,14.56,26.65,81.13,18.17,1.31,0.61
1996-11-06,5.79,25.92,82.92,16.48,1.02,0.62
1996-11-07,8.01,25.54,85.37,18.53,1.91,0.62
1996-11-08,14.59,25.83,85.45,17.88,2.14,0.63
1996-11-09,23.54,26.74,85.4,25.69,1.58,0.66
1996-11-10,6.63,27.21,82.05,20.1,1.92,0.66
1996-11-11,0.73,27.19,80.86,22.8,1.8,0.65
1996-11-12,0.49,27.56,72.8,24.87,1.11,0.63
1996-11-13,0.31,27.04,77.46,21.55,1.72,0.62
1996-11-14,8.71,26.74,80.94,23.83,2.15,0.61
1996-11-15,11.79,25.86,84.06,17.04,1.65,0.63
1996-11-16,18.34,25.62,88.35,13.66,1.73,0.65
1996-11-17,11.46,26.01,86.19,17.75,1.14,0.66
1996-11-18,5.29,26.58,83.97,24.4,1.25,0.66
1996-11-19,11.38,26.64,83.09,24.89,1.27,0.66
1996-11-20,22.63,26.5,86.32,23.24,1.51,0.68
1996-11-21,25.92,26.58,85.87,20.47,1.84,0.7
1996-11-22,9.03,26.89,81.59,22.67,2.29,0.71
1996-11-23,2.09,27.02,79.34,21.41,2.16,0.69
1996-11-24,4.69,27.3,79.02,22.12,1.61,0.67
1996-11-25,4.12,27.87,75.32,23.85,1.69,0.67
1996-11-26,0.02,27.61,72.42,25.1,2.15,0.65
1996-11-27,0.03,27.37,71.96,23.0,1.92,0.64
1996-11-28,0.41,27.71,68.12,23.53,1.5,0.63
1996-11-29,10.37,27.34,80.55,19.7,1.71,0.63
1996-11-30,11.29,27.19,86.69,25.59,1.8,0.66
1996-12-01,9.44,27.02,86.24,22.88,1.46,0.66
1996-12-02,60.65,25.94,85.01,12.46,1.23,0.71
1996-12-03,3.25,27.06,78.66,18.48,0.92,0.74
1996-12-04,5.18,26.87,85.93,23.84,1.36,0.72
1996-12-05,23.94,26.89,84.47,20.74,1.15,0.73
1996-12-06,19.5,26.71,86.82,23.91,1.48,0.75
1996-12-07,15.57,26.39,87.65,16.14,1.4,0.75
1996-12-08,6.45,25.88,87.67,8.71,1.0,0.75
1996-12-09,4.23,25.99,88.04,17.52,0.57,0.74
1996-12-10,14.61,26.02,87.37,12.14,1.31,0.73
1996-12-11,13.1,26.07,86.59,19.92,1.53,0.75
1996-12-12,10.66,25.97,87.58,17.79,1.97,0.74
1996-12-13,9.73,26.08,85.93,14.76,1.6,0.75
1996-12-14,7.55,26.27,88.06,17.24,2.19,0.74
1996-12-15,10.72,26.31,88.99,11.01,1.96,0.74
1996-12-16,12.62,25.75,87.89,13.86,1.59,0.75
1996-12-17,2.45,26.6,81.56,21.38,2.04,0.74
1996-12-18,1.86,26.58,79.79,21.65,1.28,0.73
1996-12-19,3.36,25.76,84.72,21.25,1.72,0.72
1996-12-20,5.23,26.18,80.84,17.72,1.65,0.72
1996-12-21,8.28,26.0,84.44,16.01,1.55,0.73
1996-12-22,11.27,26.0,85.96,14.34,1.67,0.73
1996-12-23,1.89,25.5,89.03,16.03,1.36,0.73
1996-12-24,4.23,26.33,84.13,21.7,1.55,0.73
1996-12-25,1.95,26.12,86.56,23.24,1.71,0.72
1996-12-26,6.37,26.04,85.89,24.8,1.68,0.72
1996-12-27,2.65,26.4,84.09,20.62,2.37,0.72
1996-12-28,2.44,26.4,83.81,20.71,2.72,0.72
1996-12-29,1.68,26.43,82.36,22.39,2.76,0.71
1996-12-30,4.44,26.55,84.0,21.37,2.3,0.71
1996-12-31,18.25,26.39,89.99,19.78,2.72,0.72
1997-01-01,7.75,25.85,91.11,14.73,2.48,0.74
1997-01-02,12.36,26.11,89.16,17.82,1.77,0.74
1997-01-03,11.77,25.15,90.56,18.34,1.48,0.75
1997-01-04,1.45,25.55,82.02,22.53,2.0,0.74
1997-01-05,0.37,26.14,79.79,26.74,1.82,0.73
1997-01-06,5.63,26.7,80.59,26.27,1.54,0.72
1997-01-07,13.46,26.21,86.36,24.29,1.75,0.74
1997-01-08,17.29,25.58,90.27,12.29,1.25,0.76
1997-01-09,9.63,25.25,90.67,16.78,1.65,0.76
1997-01-10,9.2,25.02,90.21,22.31,1.75,0.76
1997-01-11,19.31,25.12,88.21,22.63,1.6,0.77
1997-01-12,9.88,25.86,85.77,20.88,1.18,0.78
1997-01-13,3.44,25.27,89.7,19.87,1.85,0.77
1997-01-14,4.46,25.28,88.61,17.19,1.06,0.76
1997-01-15,18.47,24.97,89.04,22.2,2.03,0.77
1997-01-16,24.08,24.8,88.5,15.11,2.39,0.79
1997-01-17,18.39,25.19,86.22,12.95,1.76,0.8
1997-01-18,18.83,25.51,89.51,17.86,1.97,0.81
1997-01-19,4.82,25.08,88.93,18.71,1.86,0.81
1997-01-20,2.81,26.22,82.94,21.45,1.56,0.8
1997-01-21,5.27,25.91,90.58,20.55,1.54,0.79
1997-01-22,19.93,25.67,91.23,15.14,2.31,0.8
1997-01-23,10.52,25.84,89.45,12.05,2.65,0.81
1997-01-24,7.08,25.64,91.15,11.56,1.97,0.81
1997-01-25,3.15,25.72,89.49,14.88,2.57,0.81
1997-01-26,1.9,25.64,87.25,21.25,2.34,0.8
1997-01-27,2.57,25.47,88.97,20.14,2.45,0.8
1997-01-28,2.84,25.78,89.11,20.24,2.28,0.8
1997-01-29,1.11,25.65,86.91,19.81,1.72,0.79
1997-01-30,0.76,26.14,85.99,21.42,1.71,0.79
1997-01-31,1.41,26.18,88.37,19.83,2.19,0.78
1997-02-01,5.77,26.04,89.07,19.18,2.12,0.79
1997-02-02,8.26,26.03,87.31,22.94,1.41,0.79
1997-02-03,8.59,25.83,89.43,21.68,1.45,0.8
1997-02-04,4.52,25.45,88.53,18.97,1.52,0.8
1997-02-05,6.02,25.54,90.63,18.12,1.49,0.8
1997-02-06,10.54,25.24,92.7,16.13,0.55,0.81
1997-02-07,11.83,24.75,92.46,15.56,1.84,0.81
1997-02-08,9.55,25.02,89.81,12.7,1.28,0.82
1997-02-09,7.64,25.47,89.21,16.42,0.93,0.82
1997-02-10,4.64,25.25,89.33,18.24,1.35,0.82
1997-02-11,7.42,25.3,91.87,14.48,1.52,0.82
1997-02-12,6.18,25.62,89.37,15.51,1.1,0.82
1997-02-13,5.21,24.98,91.8,21.0,1.31,0.82
1997-02-14,3.86,25.09,93.44,14.99,1.33,0.82
1997-02-15,12.31,25.32,93.52,14.61,1.25,0.83
1997-02-16,11.21,25.44,90.39,11.52,1.78,0.84
1997-02-17,5.65,25.23,89.65,18.32,1.7,0.84
1997-02-18,33.34,25.48,92.36,16.98,2.4,0.85
1997-02-19,17.64,25.78,93.3,12.85,2.54,0.87
1997-02-20,6.56,25.7,91.73,19.55,1.86,0.87
1997-02-21,20.96,25.39,92.08,15.28,1.64,0.88
1997-02-22,27.81,25.74,88.79,13.68,2.16,0.89
1997-02-23,29.94,25.23,90.36,12.08,1.91,0.91
1997-02-24,29.16,25.37,89.68,17.78,1.73,0.91
1997-02-25,28.08,25.08,92.69,11.03,2.11,0.93
1997-02-26,16.53,24.64,92.79,14.76,1.7,0.94
1997-02-27,11.65,25.13,89.94,16.93,1.63,0.93
1997-02-28,11.02,25.55,89.55,22.17,2.14,0.94
1997-03-01,2.74,25.72,87.93,24.44,2.33,0.93
1997-03-02,4.04,25.72,87.76,24.34,2.07,0.92
1997-03-03,7.17,25.59,88.9,21.41,2.39,0.92
1997-03-04,1.74,25.76,86.69,21.46,1.88,0.92
1997-03-05,1.96,25.66,87.25,22.08,1.92,0.91
1997-03-06,1.05,25.47,87.12,21.31,2.21,0.9
1997-03-07,2.74,25.69,83.69,22.82,1.85,0.9
1997-03-08,0.1,25.33,79.24,25.59,1.95,0.89
1997-03-09,0.08,25.13,77.4,25.91,1.75,0.88
1997-03-10,0.09,25.04,77.67,25.88,1.46,0.87
1997-03-11,2.33,25.43,77.58,21.85,1.48,0.87
1997-03-12,0.17,25.25,80.39,22.75,1.48,0.86
1997-03-13,0.0,25.31,79.75,25.82,1.74,0.85
1997-03-14,0.16,25.6,81.37,23.91,1.78,0.84
1997-03-15,0.37,25.99,81.36,24.35,1.75,0.84
1997-03-16,0.75,25.74,81.46,23.38,1.78,0.83
1997-03-17,0.47,25.49,81.39,23.87,1.61,0.82
1997-03-18,1.13,25.94,78.94,23.77,1.3,0.82
1997-03-19,0.78,25.95,78.95,24.27,1.69,0.81
1997-03-20,0.02,26.28,78.21,23.63,1.6,0.8
1997-03-21,0.19,26.22,80.56,22.87,1.68,0.8
1997-03-22,0.23,26.53,84.25,22.0,1.62,0.79
1997-03-23,0.4,26.31,81.59,23.64,1.7,0.79
1997-03-24,0.0,25.8,78.66,23.89,1.63,0.78
1997-03-25,1.33,25.91,79.59,22.18,1.36,0.78
1997-03-26,3.78,26.25,86.51,21.98,1.39,0.78
1997-03-27,0.61,26.46,83.17,22.04,1.63,0.78
1997-03-28,0.35,26.04,79.9,21.66,1.31,0.77
1997-03-29,0.3,26.8,79.95,23.14,1.0,0.76
1997-03-30,0.29,27.0,81.91,22.7,1.07,0.76
1997-03-31,0.35,26.79,83.22,22.35,1.22,0.76
1997-04-01,0.57,26.46,82.86,22.32,1.6,0.75
1997-04-02,1.11,26.38,83.41,19.28,1.53,0.75
1997-04-03,11.71,25.61,85.73,18.16,1.02,0.76
1997-04-04,3.03,26.76,82.09,17.7,0.75,0.77
1997-04-05,12.38,26.69,83.41,18.17,0.9,0.77
1997-04-06,3.42,26.62,82.04,21.49,1.0,0.77
1997-04-07,7.92,26.28,84.3,20.45,1.26,0.77
1997-04-08,4.38,26.32,82.39,21.64,1.27,0.77
1997-04-09,2.66,26.28,81.68,17.71,0.95,0.77
1997-04-10,0.77,26.23,80.49,14.75,1.17,0.76
1997-04-11,1.33,26.24,79.89,21.45,1.17,0.75
1997-04-12,1.31,26.17,81.2,18.57,1.26,0.75
1997-04-13,7.18,26.33,83.6,20.35,1.19,0.75
1997-04-14,4.66,26.27,84.71,17.77,0.95,0.76
1997-04-15,0.0,26.07,84.24,18.46,1.43,0.75
1997-04-16,0.61,26.34,81.66,21.74,1.17,0.75
1997-04-17,5.87,25.87,84.02,19.81,1.02,0.75
1997-04-18,1.47,25.9,84.33,19.1,1.23,0.75
1997-04-19,1.42,26.3,82.96,21.31,1.85,0.75
1997-04-20,0.19,26.47,81.86,20.56,1.87,0.74
1997-04-21,2.34,26.73,80.38,21.57,1.64,0.74
1997-04-22,0.62,26.76,80.24,20.56,1.7,0.73
1997-04-23,0.35,26.53,79.25,19.32,1.49,0.73
1997-04-24,0.87,26.3,80.95,20.28,1.61,0.72
1997-04-25,5.4,26.29,81.22,19.55,1.72,0.72
1997-04-26,1.04,26.5,80.81,21.02,2.03,0.72
1997-04-27,2.08,26.61,83.59,20.33,2.01,0.72
1997-04-28,3.5,26.35,87.27,18.1,1.93,0.72
1997-04-29,5.83,26.25,88.32,19.03,1.3,0.72
1997-04-30,2.9,26.3,85.01,19.29,1.75,0.73
1997-05-01,1.25,26.07,80.04,19.63,1.49,0.72
1997-05-02,0.49,26.19,77.74,20.49,1.66,0.72
1997-05-03,0.26,25.57,77.62,21.54,1.91,0.71
1997-05-04,1.08,25.53,78.56,20.28,1.6,0.71
1997-05-05,0.02,25.84,78.11,19.52,1.28,0.7
1997-05-06,0.43,26.45,79.75,18.6,1.06,0.7
1997-05-07,0.6,26.42,81.82,17.98,1.3,0.7
1997-05-08,0.36,26.52,81.69,18.89,0.96,0.69
1997-05-09,0.14,26.91,81.88,19.6,0.99,0.69
1997-05-10,1.5,26.44,84.86,18.87,0.78,0.69
1997-05-11,0.38,26.26,84.89,17.04,1.1,0.69
1997-05-12,0.13,26.46,83.54,19.55,1.18,0.69
1997-05-13,0.0,26.55,81.54,19.12,1.16,0.68
1997-05-14,0.35,26.5,84.5,17.8,1.0,0.68
1997-05-15,0.24,26.42,83.33,18.6,1.37,0.68
1997-05-16,7.7,26.0,83.58,19.53,1.62,0.68
1997-05-17,0.66,25.43,83.43,20.33,2.13,0.68
1997-05-18,0.11,25.57,83.66,19.71,1.82,0.68
1997-05-19,0.63,25.91,81.35,19.09,1.26,0.67
1997-05-20,1.43,26.07,77.05,20.32,0.88,0.67
1997-05-21,0.14,26.27,74.42,19.3,0.86,0.67
1997-05-22,0.1,26.3,76.23,19.55,1.0,0.66
1997-05-23,3.22,25.35,82.96,19.48,1.83,0.66
1997-05-24,3.23,25.18,83.34,19.1,1.92,0.66
1997-05-25,8.0,25.58,83.87,18.5,1.75,0.67
1997-05-26,2.54,25.95,82.27,19.1,1.72,0.68
1997-05-27,0.13,25.9,81.82,19.55,1.81,0.67
1997-05-28,0.03,25.41,79.38,19.36,1.94,0.66
1997-05-29,0.0,25.0,79.83,19.44,2.13,0.66
1997-05-30,0.0,25.49,77.36,19.3,1.84,0.65
1997-05-31,0.11,25.52,77.04,19.63,1.37,0.65
1997-06-01,0.18,25.68,77.64,19.69,1.42,0.65
1997-06-02,0.0,25.61,78.87,19.49,1.64,0.64
1997-06-03,0.0,25.6,77.34,19.34,1.41,0.64
1997-06-04,0.13,25.87,76.54,18.01,1.2,0.64
1997-06-05,1.26,25.86,80.14,16.94,1.23,0.63
1997-06-06,5.49,26.12,78.53,18.38,1.47,0.64
1997-06-07,0.22,25.94,78.38,18.65,1.8,0.64
1997-06-08,0.08,25.84,77.59,19.13,1.56,0.63
1997-06-09,0.33,25.74,80.47,18.22,1.55,0.63
1997-06-10,0.36,25.73,80.71,18.21,1.56,0.63
1997-06-11,0.42,25.96,81.81,18.31,1.29,0.62
1997-06-12,15.33,25.56,84.36,16.2,1.23,0.63
1997-06-13,0.33,25.88,80.94,18.65,1.41,0.65
1997-06-14,0.12,25.97,80.79,18.75,1.53,0.64
1997-06-15,0.2,25.87,80.13,18.35,1.48,0.64
1997-06-16,0.21,25.57,80.75,18.14,1.76,0.63
1997-06-17,0.11,25.33,81.08,17.45,2.01,0.62
1997-06-18,0.01,25.18,79.78,17.84,1.7,0.62
1997-06-19,0.02,24.96,80.89,17.33,1.83,0.62
1997-06-20,0.02,24.84,81.09,16.98,1.99,0.61
1997-06-21,0.12,25.21,79.77,18.14,1.89,0.61
1997-06-22,0.06,24.9,80.12,16.61,2.12,0.61
1997-06-23,0.0,24.86,78.41,18.63,1.98,0.6
1997-06-24,0.0,24.58,78.8,18.67,2.23,0.6
1997-06-25,0.01,24.47,76.76,19.21,2.0,0.6
1997-06-26,0.01,24.52,78.73,18.94,2.48,0.6
1997-06-27,0.0,24.33,79.45,18.68,2.26,0.59
1997-06-28,0.0,23.96,79.9,18.17,2.55,0.59
1997-06-29,0.04,24.1,80.27,18.48,2.18,0.59
1997-06-30,0.0,24.75,81.75,15.25,1.88,0.59
1997-07-01,0.01,25.1,81.15,17.97,1.9,0.59
1997-07-02,0.55,25.07,83.23,16.67,1.63,0.58
1997-07-03,2.11,24.67,85.32,17.21,1.89,0.59
1997-07-04,0.59,25.11,82.19,17.7,1.95,0.59
1997-07-05,0.0,24.57,78.92,18.04,1.99,0.58
1997-07-06,0.0,24.21,79.34,19.08,2.22,0.58
1997-07-07,0.0,24.19,78.4,19.23,2.39,0.58
1997-07-08,0.44,23.62,77.43,20.31,2.48,0.57
1997-07-09,1.23,23.09,82.14,17.6,2.37,0.57
1997-07-10,0.03,23.51,79.41,19.55,2.26,0.57
1997-07-11,0.0,23.58,78.34,18.34,2.82,0.57
1997-07-12,0.01,23.28,79.23,16.72,2.48,0.57
1997-07-13,0.06,24.01,80.86,16.54,2.17,0.57
1997-07-14,0.28,24.8,80.5,17.97,1.99,0.56
1997-07-15,0.36,24.81,80.43,18.42,2.12,0.56
1997-07-16,0.0,24.74,77.34,18.37,2.22,0.56
1997-07-17,0.0,25.17,76.6,18.31,2.07,0.56
1997-07-18,0.02,25.19,77.73,19.42,2.35,0.55
1997-07-19,0.0,24.16,75.8,19.28,2.91,0.55
1997-07-20,0.04,24.05,71.56,19.0,2.18,0.55
1997-07-21,0.01,24.23,72.61,19.77,2.03,0.55
1997-07-22,0.0,24.38,74.35,18.8,1.55,0.54
1997-07-23,0.4,24.58,78.17,18.22,1.44,0.54
1997-07-24,0.34,24.43,79.27,17.73,1.53,0.54
1997-07-25,0.03,24.2,79.48,19.88,1.93,0.54
1997-07-26,0.08,24.22,78.05,20.04,1.96,0.54
1997-07-27,0.02,24.35,75.75,20.41,2.1,0.54
1997-07-28,0.05,24.36,75.64,19.01,2.27,0.54
1997-07-29,0.25,24.5,76.17,18.79,1.85,0.53
1997-07-30,0.04,24.23,74.46,20.15,1.46,0.53
1997-07-31,0.28,24.37,74.02,18.5,1.44,0.53
1997-08-01,0.0,24.35,72.55,19.55,1.46,0.53
1997-08-02,0.15,24.64,73.06,19.75,1.23,0.53
1997-08-03,0.26,25.01,74.74,19.5,1.1,0.53
1997-08-04,0.15,25.55,74.72,19.61,0.91,0.53
1997-08-05,0.08,25.46,79.29,18.36,1.65,0.52
1997-08-06,0.16,24.82,77.71,20.11,2.05,0.52
1997-08-07,0.0,24.07,75.09,20.96,2.19,0.52
1997-08-08,0.0,24.23,73.64,20.98,1.74,0.52
1997-08-09,0.0,24.72,73.44,20.01,1.75,0.52
1997-08-10,0.09,24.29,75.47,20.41,2.21,0.52
1997-08-11,0.03,23.95,74.48,20.32,2.42,0.52
1997-08-12,0.01,23.9,75.65,20.06,2.21,0.51
1997-08-13,0.0,24.22,74.8,20.96,2.06,0.51
1997-08-14,0.0,24.33,72.55,20.92,1.65,0.51
1997-08-15,0.67,24.24,76.27,19.71,1.73,0.51
1997-08-16,0.46,24.28,75.82,20.16,1.78,0.51
1997-08-17,0.13,23.87,75.62,21.31,2.18,0.51
1997-08-18,0.01,23.84,71.07,21.27,1.77,0.51
1997-08-19,0.0,24.01,71.48,22.66,2.25,0.51
1997-08-20,0.0,23.77,71.38,21.76,2.11,0.51
1997-08-21,0.0,24.11,72.81,21.27,1.69,0.5
1997-08-22,0.08,24.46,78.18,20.34,1.61,0.5
1997-08-23,0.21,24.86,74.97,20.61,1.52,0.5
1997-08-24,0.28,25.04,75.05,21.16,1.12,0.5
1997-08-25,0.1,25.17,74.95,21.33,1.37,0.5
1997-08-26,0.12,25.45,73.93,19.27,1.18,0.5
1997-08-27,0.19,25.55,74.6,21.12,1.12,0.5
1997-08-28,0.0,25.55,73.48,21.12,1.1,0.5
1997-08-29,0.0,25.27,74.48,21.8,1.19,0.5
1997-08-30,0.0,25.06,72.98,22.47,1.16,0.5
1997-08-31,0.0,24.32,76.65,21.67,2.02,0.5
1997-09-01,0.0,24.32,73.31,22.57,2.27,0.49
1997-09-02,0.0,24.38,73.0,22.8,1.84,0.49
1997-09-03,0.0,25.27,72.14,22.98,1.5,0.49
1997-09-04,0.0,26.06,70.42,22.32,1.19,0.49
1997-09-05,0.0,26.26,70.97,21.8,1.17,0.49
1997-09-06,0.0,25.76,73.23,22.68,1.99,0.49
1997-09-07,0.04,25.67,73.69,23.12,2.18,0.49
1997-09-08,0.01,25.5,70.78,22.99,2.14,0.49
1997-09-09,0.05,25.18,73.35,22.43,2.38,0.49
1997-09-10,0.0,25.39,73.36,21.79,2.48,0.48
1997-09-11,0.0,25.44,72.26,21.44,2.17,0.48
1997-09-12,0.0,25.47,73.8,22.54,2.24,0.48
1997-09-13,0.01,25.36,75.01,20.93,1.92,0.48
1997-09-14,0.01,25.45,72.45,22.41,1.87,0.48
1997-09-15,0.11,25.63,70.45,23.23,1.41,0.48
1997-09-16,0.08,25.92,69.77,23.12,1.14,0.48
1997-09-17,0.0,26.01,67.21,23.33,1.15,0.48
1997-09-18,0.0,25.71,67.35,23.99,1.8,0.48
1997-09-19,0.0,25.41,70.57,24.38,2.26,0.48
1997-09-20,0.0,25.47,70.04,23.91,1.97,0.48
1997-09-21,0.0,25.51,69.59,24.16,1.84,0.47
1997-09-22,0.14,25.78,69.77,23.16,1.45,0.47
1997-09-23,0.0,25.75,71.62,22.72,2.12,0.47
1997-09-24,0.0,25.45,73.58,24.12,2.44,0.47
1997-09-25,0.0,25.58,72.68,23.76,2.35,0.47
1997-09-26,0.01,25.91,71.8,23.61,2.28,0.47
1997-09-27,0.0,25.94,72.67,23.72,2.26,0.47
1997-09-28,0.01,26.39,72.84,23.75,2.19,0.47
1997-09-29,0.02,26.31,72.9,23.05,2.3,0.47
1997-09-30,0.01,26.03,73.67,23.35,2.22,0.47
1997-10-01,0.02,25.91,74.44,23.73,2.22,0.47
1997-10-02,1.41,25.71,78.68,21.36,2.21,0.47
1997-10-03,2.7,25.87,80.12,23.07,2.03,0.47
1997-10-04,0.91,26.27,76.67,22.97,2.06,0.47
1997-10-05,0.06,26.32,74.94,24.11,2.06,0.47
1997-10-06,0.02,26.5,70.03,22.11,1.76,0.47
1997-10-07,0.0,25.76,68.62,23.15,2.2,0.47
1997-10-08,0.0,25.28,65.87,23.17,2.04,0.47
1997-10-09,0.0,24.84,67.98,23.01,2.03,0.47
1997-10-10,0.0,25.77,69.82,25.26,2.1,0.47
1997-10-11,0.0,26.65,71.12,23.67,2.07,0.46
1997-10-12,0.01,26.99,73.02,22.28,2.03,0.46
1997-10-13,0.0,26.89,73.39,23.58,2.0,0.46
1997-10-14,0.0,26.89,69.05,25.89,1.31,0.46
1997-10-15,0.0,26.9,67.68,23.4,1.55,0.46
1997-10-16,0.0,27.45,66.35,24.06,1.51,0.46
1997-10-17,0.03,27.7,69.81,22.45,1.36,0.46
1997-10-18,3.6,27.84,71.08,23.22,1.57,0.46
1997-10-19,3.77,27.82,71.39,23.45,1.2,0.47
1997-10-20,0.04,28.22,71.97,23.66,1.28,0.47
1997-10-21,0.26,28.16,73.02,22.98,1.44,0.47
1997-10-22,0.34,28.13,71.24,23.18,1.16,0.46
1997-10-23,0.09,28.1,70.04,23.26,1.06,0.46
1997-10-24,0.1,27.72,71.46,24.83,1.71,0.46
1997-10-25,0.41,27.82,69.1,22.98,1.33,0.46
1997-10-26,0.91,27.6,70.9,24.07,1.66,0.46
1997-10-27,0.06,27.78,71.81,23.01,2.05,0.46
1997-10-28,0.59,28.09,70.37,24.94,1.43,0.46
1997-10-29,0.19,28.01,69.97,25.02,2.06,0.46
1997-10-30,0.0,27.01,69.7,24.0,2.09,0.46
1997-10-31,0.88,26.94,70.84,23.06,1.99,0.46
1997-11-01,10.16,26.4,74.54,24.21,1.78,0.47
1997-11-02,2.1,27.54,72.14,22.37,1.67,0.48
1997-11-03,0.15,28.12,71.48,24.1,1.33,0.47
1997-11-04,0.01,28.46,70.61,24.36,1.54,0.47
1997-11-05,0.37,28.01,72.74,23.07,1.67,0.47
1997-11-06,0.53,28.24,71.66,23.71,1.66,0.47
1997-11-07,0.33,28.17,71.86,24.88,1.86,0.46
1997-11-08,0.28,27.92,72.01,24.85,1.86,0.46
1997-11-09,0.08,27.82,71.41,21.05,2.18,0.46
1997-11-10,7.02,27.48,72.8,23.46,2.04,0.46
1997-11-11,18.15,27.21,76.98,24.57,2.0,0.48
1997-11-12,2.92,27.76,72.22,23.15,1.63,0.51
1997-11-13,0.13,27.79,74.3,22.18,2.26,0.5
1997-11-14,0.73,27.67,74.39,24.85,2.41,0.49
1997-11-15,3.06,27.15,76.46,21.77,2.44,0.49
1997-11-16,3.76,27.28,76.16,21.56,2.15,0.49
1997-11-17,3.51,27.36,77.32,21.36,2.03,0.5
1997-11-18,0.45,27.64,74.85,21.67,1.88,0.49
1997-11-19,1.44,27.96,72.08,22.02,1.43,0.49
1997-11-20,0.11,28.06,74.37,21.99,1.43,0.49
1997-11-21,1.22,28.32,74.0,22.19,1.56,0.48
1997-11-22,2.85,28.03,76.54,21.26,1.82,0.48
1997-11-23,0.99,28.17,74.42,22.0,1.12,0.48
1997-11-24,1.5,28.3,73.17,21.66,1.27,0.48
1997-11-25,16.86,27.71,77.87,23.33,1.83,0.5
1997-11-26,5.43,27.58,75.92,24.66,1.01,0.51
1997-11-27,0.24,27.51,75.93,23.27,1.07,0.51
1997-11-28,3.28,26.86,79.72,22.81,1.31,0.51
1997-11-29,1.3,26.8,79.13,23.92,1.44,0.51
1997-11-30,4.91,27.55,76.43,22.42,1.41,0.51
1997-12-01,5.36,27.84,76.99,21.81,1.11,0.51
1997-12-02,2.09,28.02,77.72,23.24,1.16,0.51
1997-12-03,4.72,27.85,78.14,21.53,0.99,0.51
1997-12-04,0.6,28.48,74.88,23.21,1.01,0.51
1997-12-05,1.08,28.37,76.86,22.49,1.46,0.5
1997-12-06,1.22,28.22,75.67,21.55,1.18,0.5
1997-12-07,4.2,28.07,76.65,19.05,1.47,0.5
1997-12-08,24.09,27.06,84.15,17.33,1.76,0.52
1997-12-09,7.45,26.99,86.47,21.41,1.98,0.55
1997-12-10,3.76,27.32,82.73,15.58,1.21,0.55
1997-12-11,4.87,26.78,85.58,7.74,1.48,0.55
1997-12-12,1.08,27.4,80.02,20.3,1.24,0.54
1997-12-13,0.66,26.92,82.67,21.2,1.25,0.53
1997-12-14,0.75,27.98,77.45,19.13,1.19,0.53
1997-12-15,2.02,27.65,80.01,21.58,1.23,0.52
1997-12-16,1.27,27.39,79.53,23.9,1.47,0.52
1997-12-17,1.07,27.72,74.08,23.2,1.97,0.51
1997-12-18,0.32,27.62,73.08,25.46,1.52,0.51
1997-12-19,2.22,27.49,77.63,19.4,1.63,0.5
1997-12-20,7.2,26.88,75.9,22.26,1.21,0.51
1997-12-21,0.89,28.03,74.21,20.66,0.91,0.51
1997-12-22,11.4,26.47,88.1,20.63,1.49,0.52
1997-12-23,12.92,26.17,87.57,16.71,2.29,0.54
1997-12-24,11.56,26.35,84.5,10.58,1.62,0.56
1997-12-25,14.01,26.6,87.53,10.18,2.15,0.57
1997-12-26,14.22,26.7,83.64,19.49,1.6,0.59
1997-12-27,6.65,26.53,85.1,17.1,1.46,0.59
1997-12-28,3.97,26.53,86.82,20.6,0.87,0.59
1997-12-29,0.56,27.2,79.92,21.29,0.49,0.58
1997-12-30,0.91,27.2,81.34,24.77,1.72,0.57
1997-12-31,0.37,27.07,78.37,25.94,1.84,0.55
1998-01-01,0.69,27.17,76.74,25.31,1.9,0.54
1998-01-02,0.54,27.57,74.77,23.52,1.81,0.54
1998-01-03,0.73,27.73,74.86,24.69,1.28,0.53
1998-01-04,1.06,27.28,78.51,20.17,1.27,0.52
1998-01-05,1.52,26.9,83.33,17.81,1.56,0.52
1998-01-06,5.09,26.54,83.55,16.56,1.06,0.52
1998-01-07,4.25,26.63,82.85,18.83,1.24,0.53
1998-01-08,2.57,27.25,81.08,20.32,0.95,0.53
1998-01-09,0.89,27.94,77.18,26.46,1.3,0.53
1998-01-10,0.4,28.16,73.13,24.8,1.34,0.52
1998-01-11,0.59,28.01,71.47,25.75,1.59,0.52
1998-01-12,0.26,28.05,72.55,23.79,1.29,0.51
1998-01-13,0.49,28.8,71.17,22.19,0.67,0.5
1998-01-14,0.26,28.96,72.51,23.76,0.82,0.5
1998-01-15,2.21,28.95,75.69,22.54,0.76,0.5
1998-01-16,8.1,28.2,80.82,22.37,1.52,0.5
1998-01-17,4.59,27.52,82.41,24.03,0.94,0.52
1998-01-18,8.32,28.5,75.07,24.75,1.08,0.52
1998-01-19,10.31,27.09,83.56,17.85,1.26,0.54
1998-01-20,4.33,26.78,87.07,8.72,1.6,0.55
1998-01-21,10.72,27.15,86.03,12.32,1.94,0.55
1998-01-22,6.91,27.21,85.17,11.7,1.95,0.56
1998-01-23,6.26,26.99,84.73,13.57,1.68,0.57
1998-01-24,11.2,27.78,80.3,17.15,1.72,0.57
1998-01-25,11.28,27.5,83.24,12.03,1.56,0.58
1998-01-26,4.74,27.2,83.25,19.36,1.7,0.58
1998-01-27,1.86,27.14,82.45,20.56,1.41,0.57
1998-01-28,1.69,28.19,76.96,21.97,1.01,0.57
1998-01-29,6.38,27.46,82.84,18.29,1.42,0.56
1998-01-30,5.96,27.08,84.38,17.78,1.77,0.57
1998-01-31,11.87,26.45,88.61,14.9,1.31,0.58
1998-02-01,1.94,27.62,79.77,21.35,1.1,0.58
1998-02-02,0.56,27.3,81.53,17.49,0.58,0.57
1998-02-03,1.58,27.56,82.16,23.54,0.74,0.56
1998-02-04,11.35,27.47,85.34,19.62,0.52,0.57
1998-02-05,6.08,28.01,79.9,21.24,0.54,0.58
1998-02-06,7.61,27.34,84.8,17.18,0.99,0.58
1998-02-07,2.9,28.0,77.64,24.31,1.01,0.58
1998-02-08,1.25,27.81,76.2,20.35,1.31,0.57
1998-02-09,2.28,28.08,69.3,24.9,0.86,0.56
1998-02-10,10.77,26.61,84.6,16.82,1.19,0.56
1998-02-11,7.12,27.12,83.67,17.25,1.52,0.58
1998-02-12,3.16,26.83,84.79,17.51,1.9,0.58
1998-02-13,0.69,27.54,80.32,22.04,1.38,0.57
1998-02-14,3.55,27.55,82.86,21.37,0.9,0.56
1998-02-15,5.79,26.6,91.26,18.97,0.82,0.57
1998-02-16,2.23,27.13,83.85,15.25,1.24,0.57
1998-02-17,0.17,27.82,79.88,22.64,0.66,0.57
1998-02-18,0.27,27.9,80.17,21.02,0.9,0.56
1998-02-19,0.85,27.41,83.34,15.27,0.84,0.55
1998-02-20,1.75,27.2,86.79,18.28,0.83,0.55
1998-02-21,2.17,26.94,87.8,11.26,1.78,0.55
1998-02-22,2.6,27.59,81.32,18.47,0.62,0.55
1998-02-23,0.89,27.19,84.27,20.93,0.87,0.55
1998-02-24,0.51,27.43,83.12,18.57,0.74,0.55
1998-02-25,1.11,28.22,78.42,18.86,1.01,0.54
1998-02-26,10.44,27.19,84.81,11.01,1.14,0.55
1998-02-27,6.48,26.89,89.04,18.21,1.72,0.57
1998-02-28,5.62,27.15,84.83,16.39,0.9,0.57
1998-03-01,10.56,26.6,86.49,18.98,0.96,0.58
1998-03-02,7.62,27.24,83.29,20.62,1.65,0.59
1998-03-03,1.92,27.26,84.7,22.72,1.45,0.59
1998-03-04,1.88,27.12,84.89,21.33,1.57,0.58
1998-03-05,10.02,27.09,84.28,20.21,1.3,0.58
1998-03-06,3.79,27.1,83.83,20.03,1.18,0.59
1998-03-07,2.63,28.0,77.96,17.04,0.58,0.58
1998-03-08,6.9,27.39,84.35,15.52,0.88,0.58
1998-03-09,10.31,27.43,82.88,22.64,1.22,0.58
1998-03-10,7.27,27.63,83.83,11.1,1.49,0.59
1998-03-11,2.16,27.92,81.99,20.94,0.83,0.59
1998-03-12,1.85,28.05,81.38,19.49,0.97,0.58
1998-03-13,1.24,27.22,85.88,19.26,1.65,0.58
1998-03-14,1.38,27.81,80.27,20.29,0.83,0.57
1998-03-15,2.65,27.26,82.44,19.54,1.01,0.57
1998-03-16,5.14,27.15,81.82,21.06,0.43,0.57
1998-03-17,4.46,26.56,88.2,15.23,0.86,0.57
1998-03-18,2.2,27.39,81.62,19.05,0.77,0.57
1998-03-19,3.18,27.39,81.88,18.22,1.28,0.57
1998-03-20,1.83,27.29,80.77,20.15,0.77,0.57
1998-03-21,0.26,28.16,75.08,21.91,0.83,0.56
1998-03-22,0.34,28.35,75.86,19.95,0.98,0.55
1998-03-23,0.56,27.57,80.98,17.84,1.51,0.55
1998-03-24,0.39,27.85,74.57,22.02,1.04,0.55
1998-03-25,7.0,27.78,81.08,21.43,1.18,0.55
1998-03-26,5.47,27.71,83.47,19.81,1.06,0.56
1998-03-27,2.38,27.18,86.47,11.96,0.96,0.56
1998-03-28,1.93,26.73,87.15,20.04,1.19,0.56
1998-03-29,13.72,26.62,90.16,19.61,1.14,0.57
1998-03-30,4.85,27.22,84.8,18.73,1.0,0.59
1998-03-31,8.93,27.18,85.14,13.98,1.14,0.59
1998-04-01,10.51,27.15,86.92,16.29,1.04,0.6
1998-04-02,5.59,27.16,81.97,17.69,1.46,0.61
1998-04-03,1.45,27.69,79.93,19.6,0.86,0.6
1998-04-04,2.75,27.77,80.77,20.68,1.22,0.59
1998-04-05,4.25,28.11,79.99,20.7,0.98,0.58
1998-04-06,0.86,28.18,79.71,20.88,0.78,0.58
1998-04-07,1.83,27.98,81.58,20.14,0.95,0.57
1998-04-08,2.1,27.47,86.5,18.2,1.14,0.57
1998-04-09,6.73,27.31,86.04,17.58,1.43,0.57
1998-04-10,2.3,28.08,81.75,18.7,0.84,0.58
1998-04-11,8.44,27.57,90.18,19.12,0.94,0.58
1998-04-12,7.05,28.04,83.96,14.95,1.08,0.59
1998-04-13,3.93,28.15,80.73,19.37,0.85,0.59
1998-04-14,6.25,28.18,81.33,20.73,1.09,0.59
1998-04-15,5.09,28.23,82.34,18.34,0.88,0.59
1998-04-16,4.77,28.38,80.02,18.09,0.91,0.59
1998-04-17,3.21,28.03,81.06,19.34,0.74,0.59
1998-04-18,1.43,27.81,81.63,20.36,1.08,0.58
1998-04-19,0.77,28.15,78.85,20.46,0.93,0.58
1998-04-20,0.35,28.69,76.07,19.89,0.89,0.57
1998-04-21,1.04,28.2,79.09,20.68,0.98,0.56
1998-04-22,11.15,27.65,85.11,15.85,1.43,0.57
1998-04-23,14.35,27.19,87.27,16.42,0.94,0.59
1998-04-24,7.44,27.29,86.97,18.47,0.73,0.61
1998-04-25,1.51,27.91,83.17,19.75,0.39,0.6
1998-04-26,1.97,27.81,84.2,19.45,1.03,0.6
1998-04-27,3.21,28.02,81.61,15.11,1.31,0.59
1998-04-28,4.65,28.07,82.57,18.47,1.37,0.59
1998-04-29,10.65,27.3,85.24,13.2,1.53,0.59
1998-04-30,6.48,26.99,86.83,14.0,1.02,0.6
1998-05-01,6.53,26.73,88.44,15.84,1.27,0.61
1998-05-02,13.33,27.01,84.83,17.57,1.35,0.62
1998-05-03,5.55,27.24,82.75,20.62,1.95,0.62
1998-05-04,0.43,27.13,81.72,19.54,1.87,0.61
1998-05-05,11.96,26.75,84.11,17.36,1.83,0.6
1998-05-06,0.92,27.01,81.15,19.98,1.73,0.61
1998-05-07,0.0,26.64,79.99,20.0,2.07,0.6
1998-05-08,0.0,26.85,75.92,19.68,1.61,0.59
1998-05-09,0.08,26.92,78.84,18.95,1.37,0.58
1998-05-10,0.5,27.13,80.43,17.57,1.29,0.57
1998-05-11,5.08,27.1,82.55,17.51,1.08,0.57
1998-05-12,2.46,27.58,80.97,18.42,0.99,0.57
1998-05-13,14.02,27.25,81.1,19.33,1.56,0.58
1998-05-14,19.86,26.92,83.34,18.49,1.53,0.6
1998-05-15,1.36,26.69,84.28,15.38,1.31,0.61
1998-05-16,5.35,26.67,84.61,13.26,1.25,0.61
1998-05-17,5.4,26.34,86.91,11.66,1.02,0.61
1998-05-18,3.12,26.18,88.18,4.58,1.85,0.61
1998-05-19,0.41,26.5,84.83,17.45,2.02,0.6
1998-05-20,0.28,27.31,83.19,16.73,1.39,0.59
1998-05-21,1.19,27.61,85.52,17.87,1.66,0.58
1998-05-22,8.41,27.26,84.78,16.91,1.61,0.58
1998-05-23,0.65,26.99,80.58,18.96,1.79,0.59
1998-05-24,0.0,26.8,79.39,17.88,1.77,0.58
1998-05-25,0.02,26.99,78.5,18.41,1.16,0.57
1998-05-26,0.01,27.6,77.86,19.21,1.15,0.56
1998-05-27,0.02,27.4,80.16,18.57,1.35,0.56
1998-05-28,0.08,27.11,80.81,17.1,1.22,0.55
1998-05-29,3.02,26.74,83.23,17.17,1.85,0.55
1998-05-30,0.99,26.98,82.06,18.29,1.34,0.55
1998-05-31,2.31,26.84,82.96,17.44,1.7,0.55
1998-06-01,3.48,26.46,83.04,18.16,1.92,0.55
1998-06-02,4.55,26.78,84.35,17.26,1.45,0.55
1998-06-03,0.98,26.73,80.41,18.8,1.68,0.55
1998-06-04,0.04,26.86,79.37,17.33,1.07,0.55
1998-06-05,0.36,26.93,78.88,18.15,1.51,0.54
1998-06-06,28.52,26.68,81.46,18.49,1.54,0.55
1998-06-07,7.99,26.96,79.37,17.92,1.28,0.6
1998-06-08,6.86,26.67,79.42,17.1,1.16,0.6
1998-06-09,1.36,26.21,81.17,16.93,1.55,0.6
1998-06-10,0.3,26.4,78.2,16.57,1.06,0.59
1998-06-11,0.06,27.39,75.97,18.29,0.9,0.58
1998-06-12,0.65,27.26,81.76,18.09,0.61,0.57
1998-06-13,3.66,26.43,86.41,17.56,1.42,0.57
1998-06-14,0.43,27.35,82.3,16.68,0.93,0.57
1998-06-15,0.79,27.39,84.64,14.51,0.7,0.57
1998-06-16,0.84,27.14,84.92,17.41,1.24,0.56
1998-06-17,0.11,27.21,79.17,17.61,1.04,0.56
1998-06-18,0.0,27.33,77.27,18.8,1.25,0.55
1998-06-19,3.1,27.28,78.37,15.53,1.22,0.55
1998-06-20,5.57,26.58,87.33,13.48,1.09,0.55
1998-06-21,4.36,26.65,85.72,16.27,1.32,0.56
1998-06-22,2.89,26.89,82.73,17.67,1.77,0.56
1998-06-23,2.4,26.53,84.13,16.81,1.79,0.56
1998-06-24,0.15,27.03,78.86,15.72,1.55,0.56
1998-06-25,0.0,27.12,75.98,18.32,1.39,0.55
1998-06-26,1.24,26.85,78.04,17.2,1.36,0.54
1998-06-27,1.99,26.86,78.12,17.78,1.14,0.54
1998-06-28,0.86,26.85,79.29,14.46,1.35,0.54
1998-06-29,2.35,26.6,81.48,15.79,1.45,0.54
1998-06-30,0.27,26.71,82.59,18.49,1.45,0.54
1998-07-01,0.06,27.07,78.51,18.27,1.2,0.53
1998-07-02,0.76,27.33,77.1,18.35,0.98,0.53
1998-07-03,0.59,27.2,78.48,18.36,1.03,0.53
1998-07-04,13.68,26.34,83.73,14.0,1.51,0.54
1998-07-05,7.33,26.42,85.41,14.86,1.35,0.56
1998-07-06,5.82,26.16,87.79,14.71,1.01,0.56
1998-07-07,3.82,25.85,89.56,14.03,1.26,0.57
1998-07-08,27.31,25.96,87.26,14.81,1.76,0.59
1998-07-09,5.01,26.53,84.44,18.21,1.69,0.62
1998-07-10,2.96,26.51,80.47,18.32,1.74,0.6
1998-07-11,1.48,26.49,78.88,16.46,1.61,0.6
1998-07-12,0.37,26.46,75.44,18.02,1.39,0.59
1998-07-13,0.01,26.34,74.95,17.53,1.24,0.58
1998-07-14,0.14,26.65,74.16,17.17,0.98,0.57
1998-07-15,8.87,26.43,81.56,17.51,0.99,0.56
1998-07-16,9.71,26.41,83.44,18.68,1.85,0.59
1998-07-17,0.29,26.7,80.38,18.52,1.7,0.58
1998-07-18,0.54,26.84,79.92,18.27,1.43,0.57
1998-07-19,0.06,26.57,78.76,18.05,1.98,0.57
1998-07-20,0.03,26.35,77.68,19.03,2.22,0.56
1998-07-21,0.21,26.72,78.32,18.51,1.88,0.55
1998-07-22,3.84,26.51,79.9,18.01,1.72,0.55
1998-07-23,2.19,26.68,81.86,19.14,1.84,0.55
1998-07-24,10.31,26.88,82.06,18.09,1.83,0.55
1998-07-25,2.41,26.78,81.87,17.88,1.89,0.56
1998-07-26,7.16,26.42,84.57,17.17,1.66,0.56
1998-07-27,1.49,26.26,85.89,15.45,1.76,0.57
1998-07-28,2.95,25.65,91.23,14.97,1.22,0.57
1998-07-29,6.4,25.78,89.07,17.1,0.93,0.57
1998-07-30,4.66,26.21,87.38,16.14,1.0,0.58
1998-07-31,0.84,26.66,81.89,19.14,1.16,0.58
1998-08-01,0.69,26.66,78.9,19.98,1.21,0.57
1998-08-02,0.17,26.94,76.54,17.91,1.1,0.56
1998-08-03,0.04,26.79,76.07,18.91,1.18,0.56
1998-08-04,0.15,26.5,76.41,19.69,1.8,0.55
1998-08-05,0.04,26.5,75.33,19.13,1.72,0.54
1998-08-06,0.01,26.35,76.08,19.84,2.36,0.54
1998-08-07,0.01,26.51,73.59,20.99,1.85,0.53
1998-08-08,0.06,26.77,75.24,20.25,2.05,0.53
1998-08-09,0.12,26.88,75.63,19.93,2.37,0.52
1998-08-10,0.28,26.39,72.76,19.2,2.5,0.52
1998-08-11,0.06,25.9,72.73,17.6,2.62,0.51
1998-08-12,17.89,25.72,79.3,20.12,2.24,0.53
1998-08-13,1.76,26.23,77.65,20.3,2.07,0.55
1998-08-14,0.0,26.12,75.88,19.77,1.99,0.54
1998-08-15,0.0,26.12,76.29,18.67,2.03,0.53
1998-08-16,0.32,25.96,78.16,19.45,2.22,0.53
1998-08-17,0.13,26.16,77.15,19.65,1.67,0.53
1998-08-18,0.0,26.44,74.61,20.81,1.65,0.52
1998-08-19,0.0,26.42,76.18,20.93,2.14,0.52
1998-08-20,0.0,26.12,75.82,20.21,2.56,0.51
1998-08-21,0.0,26.49,74.2,20.2,2.38,0.51
1998-08-22,0.02,26.75,76.99,20.27,2.19,0.51
1998-08-23,0.04,27.49,76.68,20.44,1.73,0.51
1998-08-24,0.46,27.52,76.38,21.49,1.55,0.5
1998-08-25,0.04,27.01,76.76,22.33,1.99,0.5
1998-08-26,0.24,27.42,76.67,20.94,2.0,0.5
1998-08-27,0.36,27.2,76.45,21.32,1.76,0.5
1998-08-28,0.14,27.02,71.44,22.57,2.16,0.5
1998-08-29,0.0,25.61,68.07,22.95,2.49,0.49
1998-08-30,0.0,25.43,67.6,21.83,2.03,0.49
1998-08-31,0.0,25.92,70.51,21.41,1.52,0.49
1998-09-01,0.01,26.65,72.71,21.84,1.36,0.49
1998-09-02,0.87,26.24,77.05,21.06,2.17,0.49
1998-09-03,0.12,26.32,74.51,22.48,2.29,0.49
1998-09-04,0.23,26.11,70.94,22.98,2.57,0.49
1998-09-05,0.01,26.09,70.44,22.48,2.07,0.48
1998-09-06,0.35,26.13,73.64,22.39,1.65,0.48
1998-09-07,0.0,27.54,73.23,23.13,1.53,0.48
1998-09-08,1.76,27.53,75.11,22.58,1.71,0.48
1998-09-09,1.43,27.11,76.27,20.55,2.0,0.48
1998-09-10,0.15,26.88,74.2,23.22,2.14,0.48
1998-09-11,0.0,26.66,71.28,23.59,2.23,0.48
1998-09-12,0.0,26.23,70.76,23.84,2.08,0.48
1998-09-13,0.02,26.24,72.33,23.15,2.64,0.48
1998-09-14,0.8,25.94,75.13,20.93,2.79,0.48
1998-09-15,0.22,26.8,75.59,22.14,2.03,0.48
1998-09-16,0.19,27.61,74.64,22.06,1.74,0.48
1998-09-17,0.36,27.71,73.2,22.4,1.4,0.48
1998-09-18,0.21,27.53,74.63,23.01,1.49,0.47
1998-09-19,1.89,27.75,71.32,23.19,1.2,0.47
1998-09-20,0.05,28.22,69.69,22.18,1.42,0.48
1998-09-21,6.09,27.7,75.96,19.4,1.68,0.48
1998-09-22,9.51,27.1,81.36,22.81,2.15,0.5
1998-09-23,43.21,26.69,84.34,18.26,2.54,0.53
1998-09-24,18.23,26.6,85.68,18.92,1.93,0.6
1998-09-25,13.5,26.5,85.96,19.55,1.59,0.6
1998-09-26,4.73,26.95,81.52,22.78,1.08,0.6
1998-09-27,0.56,27.04,78.86,22.71,1.98,0.59
1998-09-28,7.23,26.79,81.36,22.38,1.64,0.58
1998-09-29,4.21,27.36,81.69,20.75,1.7,0.58
1998-09-30,8.45,27.29,79.34,22.71,1.63,0.57
1998-10-01,15.67,27.18,79.09,21.99,1.61,0.59
1998-10-02,8.73,27.18,77.81,22.82,1.67,0.59
1998-10-03,0.57,27.56,77.62,21.73,1.66,0.58
1998-10-04,0.91,27.54,75.87,21.54,1.8,0.57
1998-10-05,0.83,27.72,74.24,21.43,1.3,0.56
1998-10-06,1.21,28.1,73.5,22.64,1.56,0.55
1998-10-07,0.81,28.03,73.34,22.08,1.34,0.54
1998-10-08,0.65,27.83,74.73,22.07,2.02,0.54
1998-10-09,0.12,28.01,74.56,23.07,1.37,0.53
1998-10-10,9.33,27.45,79.53,16.21,0.78,0.54
1998-10-11,6.95,26.54,86.92,21.51,1.47,0.55
1998-10-12,2.47,26.63,85.72,24.82,1.51,0.55
1998-10-13,2.11,27.0,82.52,21.76,1.9,0.55
1998-10-14,12.61,26.98,82.75,21.52,2.21,0.56
1998-10-15,43.6,27.04,85.15,20.88,1.94,0.61
1998-10-16,12.5,27.0,85.55,21.53,2.25,0.65
1998-10-17,2.88,27.2,82.02,17.76,2.06,0.63
1998-10-18,3.31,27.04,82.4,22.07,2.01,0.62
1998-10-19,13.57,26.57,82.95,22.07,2.13,0.61
1998-10-20,16.21,27.73,79.06,23.22,1.2,0.64
1998-10-21,0.8,27.86,79.7,22.56,1.55,0.62
1998-10-22,7.28,27.83,80.97,21.42,1.19,0.61
1998-10-23,8.57,27.91,81.43,19.84,1.11,0.61
1998-10-24,6.72,27.58,84.18,19.79,1.38,0.62
1998-10-25,0.77,27.68,80.46,23.4,1.25,0.61
1998-10-26,4.16,27.69,81.49,21.62,1.12,0.6
1998-10-27,9.14,27.58,82.12,21.85,0.9,0.61
1998-10-28,21.57,26.83,86.28,12.59,1.38,0.62
1998-10-29,11.09,26.41,86.28,22.36,1.51,0.65
1998-10-30,5.02,26.28,85.51,14.45,1.33,0.64
1998-10-31,13.04,26.68,85.4,21.56,1.66,0.64
1998-11-01,4.57,26.43,85.45,14.64,1.44,0.65
1998-11-02,5.51,26.58,84.76,22.64,1.68,0.64
1998-11-03,6.17,26.56,85.01,21.75,1.14,0.64
1998-11-04,9.92,26.49,88.26,18.83,1.74,0.64
1998-11-05,6.37,26.87,87.19,25.24,0.56,0.65
1998-11-06,8.46,26.84,86.76,20.2,0.6,0.65
1998-11-07,8.94,27.35,84.95,19.85,1.21,0.65
1998-11-08,8.24,26.64,86.99,18.4,1.97,0.65
1998-11-09,12.16,27.22,85.0,20.53,2.01,0.66
1998-11-10,18.53,26.49,88.34,15.77,2.18,0.68
1998-11-11,2.78,27.13,82.89,18.9,2.28,0.67
1998-11-12,0.64,27.09,79.31,18.98,2.11,0.65
1998-11-13,8.99,26.83,80.27,16.52,2.03,0.65
1998-11-14,0.88,27.15,77.1,21.58,1.4,0.65
1998-11-15,0.92,26.97,76.91,23.08,1.39,0.63
1998-11-16,0.39,26.36,78.26,22.93,2.01,0.62
1998-11-17,3.65,26.29,80.41,20.44,2.12,0.62
1998-11-18,6.25,26.27,86.49,20.47,1.95,0.63
1998-11-19,3.85,26.59,85.15,18.91,1.44,0.63
1998-11-20,5.57,26.34,87.49,15.58,2.19,0.63
1998-11-21,3.76,25.27,79.97,20.02,2.3,0.64
1998-11-22,3.86,26.15,80.53,19.12,2.13,0.63
1998-11-23,0.75,26.87,77.49,20.42,2.19,0.63
1998-11-24,2.34,26.79,79.25,21.62,2.16,0.62
1998-11-25,3.9,26.72,80.09,22.92,1.71,0.61
1998-11-26,4.77,26.44,80.49,21.56,1.51,0.62
1998-11-27,1.11,26.35,81.33,17.97,0.81,0.62
1998-11-28,6.06,26.75,77.42,18.14,0.98,0.62
1998-11-29,3.12,26.7,79.35,23.62,1.04,0.62
1998-11-30,5.17,26.07,84.19,23.88,1.16,0.62
1998-12-01,23.88,25.78,89.33,16.69,1.56,0.65
1998-12-02,18.27,25.81,90.4,10.65,1.77,0.68
1998-12-03,5.96,25.95,86.37,13.17,2.01,0.69
1998-12-04,2.35,26.68,81.39,20.02,1.78,0.67
1998-12-05,3.03,25.93,85.81,19.08,1.79,0.67
1998-12-06,17.66,26.61,81.03,22.57,1.64,0.67
1998-12-07,2.5,26.35,79.65,19.96,2.03,0.67
1998-12-08,6.42,26.05,81.84,20.02,2.37,0.66
1998-12-09,6.37,26.13,84.78,20.29,2.38,0.66
1998-12-10,6.5,25.79,83.73,18.96,2.84,0.66
1998-12-11,2.72,26.2,80.09,23.19,2.49,0.66
1998-12-12,1.49,26.81,79.18,22.07,1.92,0.65
1998-12-13,1.85,26.37,82.12,23.67,1.79,0.64
1998-12-14,15.94,26.5,81.79,21.92,1.24,0.65
1998-12-15,4.91,26.62,82.61,24.23,1.23,0.67
1998-12-16,1.81,26.72,81.33,17.76,1.03,0.66
1998-12-17,41.74,26.34,86.07,19.76,1.12,0.68
1998-12-18,48.6,25.9,89.58,19.2,1.04,0.74
1998-12-19,57.88,25.64,91.9,15.66,1.72,0.81
1998-12-20,42.95,25.57,91.26,10.62,1.25,0.84
1998-12-21,17.38,25.37,90.04,15.51,1.42,0.83
1998-12-22,1.26,25.79,85.03,14.73,1.09,0.8
1998-12-23,4.42,25.66,87.55,19.21,1.3,0.77
1998-12-24,19.24,25.86,88.73,17.64,1.72,0.76
1998-12-25,20.6,25.74,89.75,22.36,1.62,0.77
1998-12-26,7.25,25.93,87.77,19.26,1.3,0.78
1998-12-27,4.45,25.78,88.5,20.25,1.39,0.76
1998-12-28,8.21,25.97,87.75,21.41,1.63,0.76
1998-12-29,7.97,26.11,85.82,21.18,1.6,0.76
1998-12-30,4.45,26.51,84.11,21.51,1.52,0.75
1998-12-31,1.91,26.76,83.2,18.0,1.18,0.74
1999-01-01,7.79,26.53,82.9,20.2,1.66,0.74
1999-01-02,7.19,25.98,90.44,21.99,1.88,0.75
1999-01-03,9.48,26.42,84.84,24.58,1.76,0.75
1999-01-04,3.52,26.3,84.28,23.97,1.96,0.75
1999-01-05,6.85,26.7,83.68,20.39,2.2,0.75
1999-01-06,3.18,26.39,84.18,22.1,1.94,0.75
1999-01-07,0.93,26.33,82.58,21.03,1.93,0.74
1999-01-08,2.83,26.5,80.7,21.44,0.92,0.74
1999-01-09,14.35,26.2,84.12,13.91,0.82,0.74
1999-01-10,7.61,26.48,83.19,18.22,1.14,0.75
1999-01-11,15.86,25.98,86.45,14.92,1.93,0.77
1999-01-12,9.11,26.02,82.28,16.52,0.8,0.77
1999-01-13,8.61,25.92,84.48,19.49,0.46,0.77
1999-01-14,15.47,25.21,89.73,19.31,0.9,0.77
1999-01-15,2.96,26.2,84.51,23.26,1.1,0.78
1999-01-16,2.77,25.66,88.59,21.34,1.52,0.77
1999-01-17,7.02,25.59,91.4,15.9,1.92,0.77
1999-01-18,20.12,25.61,90.16,11.29,1.85,0.78
1999-01-19,13.98,26.15,88.26,15.95,1.71,0.8
1999-01-20,6.26,26.13,90.5,17.25,2.02,0.8
1999-01-21,14.3,26.56,89.13,17.73,1.89,0.79
1999-01-22,19.37,26.64,89.45,9.1,1.51,0.81
1999-01-23,11.41,26.55,88.48,15.17,1.7,0.82
1999-01-24,71.9,26.42,90.79,15.85,1.46,0.84
1999-01-25,73.27,26.31,90.81,14.36,2.13,0.91
1999-01-26,18.27,26.33,87.74,21.81,1.98,0.91
1999-01-27,12.82,26.42,88.06,16.08,2.02,0.9
1999-01-28,3.97,25.79,91.53,14.17,1.77,0.89
1999-01-29,8.5,25.49,90.02,13.5,1.73,0.89
1999-01-30,8.28,25.78,92.61,13.23,1.62,0.89
1999-01-31,7.97,25.92,92.47,12.03,2.06,0.89
1999-02-01,21.2,26.09,92.33,17.68,2.39,0.9
1999-02-02,34.42,26.55,88.17,17.46,2.29,0.92
1999-02-03,6.48,26.31,87.41,24.26,2.39,0.92
1999-02-04,16.37,26.1,89.77,15.01,2.53,0.91
1999-02-05,3.22,26.27,86.97,16.32,2.15,0.92
1999-02-06,4.28,26.36,85.09,23.31,2.16,0.91
1999-02-07,7.9,25.75,90.47,18.35,2.16,0.91
1999-02-08,11.41,25.28,91.39,9.91,1.68,0.91
1999-02-09,9.63,26.06,85.8,20.76,2.13,0.92
1999-02-10,7.76,26.28,89.36,18.27,1.92,0.91
1999-02-11,8.59,26.33,90.8,20.5,2.36,0.91
1999-02-12,3.27,25.81,89.65,14.2,2.29,0.91
1999-02-13,3.29,25.52,89.21,17.12,2.22,0.91
1999-02-14,6.92,25.45,89.33,12.66,2.11,0.91
1999-02-15,12.29,24.9,87.78,19.65,1.65,0.91
1999-02-16,13.74,25.96,85.33,17.58,1.67,0.92
1999-02-17,14.74,25.76,85.98,20.42,1.23,0.92
1999-02-18,4.94,25.54,88.63,24.73,1.37,0.91
1999-02-19,24.93,25.95,87.74,21.35,1.69,0.92
1999-02-20,17.45,25.33,90.83,17.99,1.92,0.93
1999-02-21,14.37,25.4,91.9,15.58,2.06,0.93
1999-02-22,6.26,25.4,90.77,13.35,1.78,0.93
1999-02-23,14.18,25.76,92.07,19.0,1.82,0.93
1999-02-24,21.51,25.47,92.92,18.6,1.77,0.95
1999-02-25,8.27,25.13,91.3,13.23,1.43,0.94
1999-02-26,7.54,25.46,86.97,13.29,1.03,0.94
1999-02-27,4.93,25.28,89.71,19.59,1.28,0.94
1999-02-28,11.55,25.54,88.7,21.29,1.27,0.94
1999-03-01,2.14,25.36,89.78,22.89,1.66,0.94
1999-03-02,2.6,25.37,89.51,21.51,1.61,0.94
1999-03-03,9.25,25.55,90.51,16.6,2.09,0.94
1999-03-04,2.81,25.68,88.86,15.22,1.58,0.94
1999-03-05,1.98,26.03,89.73,15.59,2.08,0.93
1999-03-06,1.72,26.44,85.53,24.4,1.4,0.93
1999-03-07,19.65,26.43,85.22,20.21,1.14,0.93
1999-03-08,7.75,26.01,86.03,22.31,0.91,0.94
1999-03-09,1.04,26.78,83.59,22.63,1.31,0.93
1999-03-10,1.9,26.67,85.18,21.38,1.18,0.93
1999-03-11,1.26,26.52,84.48,20.33,0.99,0.92
1999-03-12,2.06,26.63,81.95,19.05,0.7,0.92
1999-03-13,20.0,25.89,88.51,11.94,1.08,0.93
1999-03-14,12.41,25.75,90.83,20.19,1.6,0.93
1999-03-15,17.45,25.85,93.49,16.22,1.93,0.94
1999-03-16,11.27,26.04,93.89,11.79,2.11,0.95
1999-03-17,6.27,26.24,92.35,18.02,1.9,0.95
1999-03-18,3.97,26.4,89.56,21.37,1.53,0.94
1999-03-19,15.67,26.19,90.18,18.79,1.82,0.95
1999-03-20,10.58,25.83,89.95,15.88,1.84,0.95
1999-03-21,6.07,25.72,91.95,12.63,1.9,0.95
1999-03-22,3.36,25.42,89.68,18.08,1.45,0.95
1999-03-23,1.43,25.29,89.32,18.55,1.22,0.95
1999-03-24,20.8,25.63,89.37,21.34,1.94,0.94
1999-03-25,48.43,25.7,91.21,13.11,1.93,0.96
1999-03-26,16.78,25.74,90.59,18.9,1.57,0.97
1999-03-27,8.55,25.59,91.95,17.74,1.42,0.97
1999-03-28,6.28,25.74,89.98,15.14,0.95,0.97
1999-03-29,3.58,25.69,89.7,19.6,1.77,0.96
1999-03-30,5.67,25.91,89.61,20.77,2.08,0.96
1999-03-31,28.74,26.16,87.94,20.71,1.86,0.96
1999-04-01,20.2,26.09,90.08,21.09,1.93,0.97
1999-04-02,12.98,25.73,90.97,17.96,1.37,0.97
1999-04-03,5.42,26.13,87.27,17.74,1.23,0.97
1999-04-04,14.01,25.69,91.93,16.11,1.22,0.97
1999-04-05,18.02,25.65,91.22,14.12,1.01,0.97
1999-04-06,9.64,26.17,89.93,16.24,1.53,0.97
1999-04-07,10.27,26.6,90.79,11.35,1.69,0.97
1999-04-08,3.83,26.5,90.95,18.26,1.92,0.97
1999-04-09,1.75,26.57,89.84,21.03,1.58,0.96
1999-04-10,5.32,26.67,87.48,18.5,0.83,0.96
1999-04-11,6.79,26.42,87.96,20.13,0.9,0.96
1999-04-12,4.31,26.27,88.76,20.71,1.19,0.96
1999-04-13,3.14,26.24,87.47,14.65,0.75,0.96
1999-04-14,8.27,26.24,86.19,17.78,1.01,0.96
1999-04-15,4.37,26.04,86.43,18.44,1.1,0.96
1999-04-16,6.01,26.01,87.85,15.76,1.58,0.96
1999-04-17,19.69,25.91,89.05,15.97,1.18,0.96
1999-04-18,3.63,25.9,86.22,16.87,2.11,0.96
1999-04-19,2.92,26.0,81.53,21.59,2.12,0.95
1999-04-20,1.41,26.23,84.15,20.56,1.18,0.95
1999-04-21,1.23,26.45,82.78,20.49,1.54,0.94
1999-04-22,1.65,26.45,80.41,20.95,1.75,0.93
1999-04-23,0.39,26.14,79.94,20.79,1.87,0.92
1999-04-24,1.7,26.05,82.25,20.32,1.76,0.91
1999-04-25,0.19,26.1,79.22,20.82,1.61,0.9
1999-04-26,0.2,26.44,80.1,20.92,1.23,0.9
1999-04-27,0.33,26.37,84.61,19.31,1.7,0.89
1999-04-28,3.54,26.56,86.05,20.58,1.76,0.88
1999-04-29,5.78,26.17,86.9,18.68,1.53,0.88
1999-04-30,7.7,26.0,84.82,15.37,1.33,0.89
1999-05-01,12.87,25.74,86.68,8.61,1.28,0.89
1999-05-02,6.36,25.4,88.94,18.49,1.81,0.9
1999-05-03,0.1,25.7,81.25,19.94,2.0,0.89
1999-05-04,0.0,25.49,79.35,20.97,1.93,0.88
1999-05-05,0.0,25.69,77.02,20.66,1.55,0.87
1999-05-06,0.21,26.66,74.84,19.8,0.97,0.86
1999-05-07,1.76,26.82,82.89,19.15,1.43,0.86
1999-05-08,1.42,26.57,82.86,20.6,1.76,0.85
1999-05-09,0.06,26.09,80.26,18.08,1.56,0.85
1999-05-10,0.02,26.05,79.83,19.62,1.7,0.84
1999-05-11,0.75,26.17,81.36,17.91,1.4,0.83
1999-05-12,0.86,25.77,83.07,19.25,1.28,0.83
1999-05-13,0.25,26.14,80.59,19.71,1.14,0.82
1999-05-14,0.16,26.23,81.06,17.69,1.07,0.82
1999-05-15,0.65,26.45,83.82,19.7,1.6,0.81
1999-05-16,0.05,26.16,80.81,20.74,2.0,0.81
1999-05-17,0.0,25.34,77.58,19.79,1.95,0.8
1999-05-18,0.0,25.26,75.74,16.85,1.61,0.79
1999-05-19,1.7,25.6,81.11,18.43,1.57,0.79
1999-05-20,0.02,25.6,82.06,20.22,1.91,0.79
1999-05-21,0.0,25.37,80.04,19.3,2.06,0.78
1999-05-22,0.0,25.22,77.01,19.83,2.34,0.78
1999-05-23,0.01,25.01,79.87,19.36,2.22,0.77
1999-05-24,0.0,24.33,78.03,18.72,2.12,0.77
1999-05-25,0.0,24.79,74.26,16.93,1.8,0.76
1999-05-26,0.0,24.97,77.0,19.97,1.74,0.76
1999-05-27,0.0,25.52,77.73,18.74,1.34,0.75
1999-05-28,0.04,25.1,81.62,18.42,1.84,0.75
1999-05-29,0.23,24.49,81.88,17.98,2.09,0.74
1999-05-30,0.0,24.53,77.37,19.06,2.0,0.74
1999-05-31,0.03,24.93,79.73,18.37,1.93,0.74
1999-06-01,0.14,25.26,83.95,13.8,1.84,0.73
1999-06-02,0.52,25.89,84.65,18.81,1.78,0.73
1999-06-03,1.1,25.53,84.01,18.88,2.07,0.73
1999-06-04,0.06,24.97,81.31,18.27,2.22,0.72
1999-06-05,0.08,24.63,80.12,18.67,1.96,0.72
1999-06-06,0.24,24.19,83.08,19.6,2.12,0.72
1999-06-07,0.07,24.68,82.01,17.09,1.81,0.71
1999-06-08,0.01,24.96,82.7,17.57,1.71,0.71
1999-06-09,0.04,25.69,81.64,19.44,1.75,0.71
1999-06-10,0.31,25.6,83.04,19.47,1.77,0.71
1999-06-11,0.19,25.29,80.46,20.01,1.81,0.7
1999-06-12,0.05,24.82,80.64,19.48,1.9,0.7
1999-06-13,0.0,24.85,81.81,18.52,1.68,0.7
1999-06-14,0.31,25.35,81.15,18.88,1.68,0.69
1999-06-15,0.36,25.02,81.38,18.51,1.84,0.69
1999-06-16,0.0,25.14,80.64,17.39,1.74,0.69
1999-06-17,0.03,25.16,80.87,18.85,1.85,0.69
1999-06-18,0.0,25.16,81.69,17.84,1.96,0.68
1999-06-19,0.83,25.39,85.7,18.53,2.06,0.68
1999-06-20,14.48,25.36,88.21,17.58,1.84,0.69
1999-06-21,49.7,24.89,87.48,15.17,2.0,0.74
1999-06-22,18.38,24.99,85.56,6.85,1.65,0.78
1999-06-23,1.14,25.1,84.45,18.51,2.23,0.76
1999-06-24,0.06,24.62,80.15,17.61,2.35,0.74
1999-06-25,0.0,24.09,81.83,18.36,2.15,0.72
1999-06-26,0.09,24.43,82.38,18.14,2.18,0.72
1999-06-27,0.03,24.58,80.3,18.22,2.15,0.71
1999-06-28,0.0,24.25,81.68,17.59,2.27,0.7
1999-06-29,0.01,23.96,79.37,17.46,2.49,0.7
1999-06-30,0.01,23.83,79.76,19.05,2.39,0.69
1999-07-01,0.01,24.19,82.3,17.66,2.09,0.69
1999-07-02,11.65,24.74,85.91,15.83,2.02,0.7
1999-07-03,7.08,25.04,87.11,17.11,1.85,0.71
1999-07-04,2.32,25.01,86.22,17.26,1.8,0.71
1999-07-05,0.2,24.82,84.19,17.2,1.81,0.71
1999-07-06,0.21,24.7,84.19,18.09,1.89,0.7
1999-07-07,4.59,24.43,85.31,18.25,2.02,0.7
1999-07-08,0.25,24.33,83.69,17.72,2.1,0.7
1999-07-09,0.01,24.38,82.7,18.07,2.24,0.69
1999-07-10,0.6,24.6,82.74,19.02,2.06,0.68
1999-07-11,0.06,24.92,82.47,18.57,2.2,0.68
1999-07-12,6.7,24.91,82.3,17.99,2.15,0.68
1999-07-13,1.75,24.72,82.55,18.39,2.14,0.69
1999-07-14,0.03,24.44,80.79,19.58,2.37,0.68
1999-07-15,0.0,24.19,79.29,19.57,2.08,0.67
1999-07-16,0.0,23.85,78.27,19.02,2.01,0.67
1999-07-17,0.0,23.14,77.98,18.69,2.32,0.66
1999-07-18,0.0,23.52,76.59,17.17,2.1,0.66
1999-07-19,0.2,23.59,81.69,17.69,2.14,0.66
1999-07-20,0.0,23.62,81.06,19.15,2.07,0.66
1999-07-21,3.64,23.77,82.48,17.15,2.18,0.66
1999-07-22,1.71,23.86,81.65,17.73,2.21,0.66
1999-07-23,0.37,24.14,81.91,18.22,1.91,0.66
1999-07-24,0.25,24.33,79.69,19.29,2.01,0.65
1999-07-25,0.0,24.25,78.21,18.62,2.08,0.65
1999-07-26,0.0,24.26,77.21,17.65,1.97,0.65
1999-07-27,0.0,24.5,79.51,19.42,1.78,0.64
1999-07-28,0.0,24.5,80.86,19.4,1.87,0.64
1999-07-29,0.03,24.37,81.84,17.82,2.04,0.64
1999-07-30,0.38,24.21,80.78,19.47,1.93,0.63
1999-07-31,0.61,24.65,80.7,17.77,1.43,0.63
1999-08-01,12.07,24.94,79.71,18.16,1.57,0.64
1999-08-02,1.89,24.73,81.96,20.3,2.06,0.65
1999-08-03,0.03,24.42,79.82,20.59,2.36,0.65
1999-08-04,0.0,23.97,78.49,20.32,2.04,0.64
1999-08-05,0.0,23.61,80.38,20.16,2.29,0.63
1999-08-06,0.0,24.04,79.68,20.54,1.9,0.63
1999-08-07,0.0,24.36,82.12,19.61,2.37,0.63
1999-08-08,0.35,24.78,84.2,18.18,2.18,0.62
1999-08-09,21.33,24.74,86.28,19.02,1.31,0.64
1999-08-10,3.4,25.17,84.28,17.84,1.03,0.66
1999-08-11,0.68,25.05,80.54,17.79,1.49,0.66
1999-08-12,0.0,24.61,79.9,20.99,1.75,0.65
1999-08-13,0.09,24.86,81.76,17.97,2.04,0.64
1999-08-14,0.08,24.8,79.84,18.93,1.85,0.64
1999-08-15,0.82,24.41,78.47,21.55,1.89,0.63
1999-08-16,0.23,23.95,76.61,21.33,2.13,0.62
1999-08-17,0.0,23.36,73.76,21.91,2.22,0.62
1999-08-18,0.0,23.58,72.81,20.58,1.66,0.61
1999-08-19,0.0,23.73,75.77,21.02,2.26,0.61
1999-08-20,0.01,24.02,76.85,20.35,1.7,0.61
1999-08-21,0.03,24.61,78.31,19.29,1.65,0.61
1999-08-22,0.18,25.51,79.55,20.58,1.28,0.6
1999-08-23,0.5,25.96,80.94,20.54,1.62,0.6
1999-08-24,0.25,25.74,80.42,20.17,1.56,0.6
1999-08-25,0.61,25.61,81.01,21.26,1.79,0.6
1999-08-26,0.11,25.28,78.83,22.19,2.12,0.59
1999-08-27,0.13,25.27,76.76,20.31,1.73,0.59
1999-08-28,0.01,25.21,77.02,21.12,1.48,0.59
1999-08-29,0.04,25.26,78.09,21.52,1.91,0.58
1999-08-30,0.46,25.19,76.97,20.28,1.69,0.58
1999-08-31,0.12,24.98,75.01,21.88,2.1,0.58
1999-09-01,0.0,24.06,74.89,23.25,2.31,0.58
1999-09-02,6.24,24.01,77.53,21.27,1.91,0.58
1999-09-03,2.88,24.35,80.05,20.69,2.12,0.59
1999-09-04,0.25,24.92,78.97,20.82,1.99,0.58
1999-09-05,0.33,24.97,79.55,19.95,2.22,0.58
1999-09-06,0.02,25.13,78.99,21.29,1.56,0.58
1999-09-07,29.85,24.97,80.93,21.97,1.65,0.59
1999-09-08,1.37,25.23,80.24,22.59,1.72,0.62
1999-09-09,0.0,25.51,78.65,22.97,1.75,0.61
1999-09-10,0.31,25.2,79.22,23.51,2.11,0.6
1999-09-11,0.17,25.19,80.3,23.11,2.24,0.6
1999-09-12,0.0,25.5,78.53,23.93,1.53,0.59
1999-09-13,0.0,25.41,79.66,23.36,1.62,0.59
1999-09-14,0.05,26.09,79.99,21.87,1.87,0.58
1999-09-15,0.41,25.78,80.1,22.91,2.29,0.58
1999-09-16,0.34,25.48,80.12,22.08,2.3,0.57
1999-09-17,0.38,25.94,76.97,22.64,1.52,0.57
1999-09-18,0.03,26.39,76.81,23.37,1.66,0.57
1999-09-19,0.12,26.6,75.34,24.16,1.41,0.56
1999-09-20,0.32,26.83,78.35,24.26,1.57,0.56
1999-09-21,0.28,26.77,75.98,24.41,1.52,0.56
1999-09-22,1.28,26.31,76.04,21.83,1.38,0.55
1999-09-23,0.59,26.4,76.3,22.86,1.24,0.55
1999-09-24,0.94,26.86,76.05,23.19,1.4,0.55
1999-09-25,0.34,26.77,76.63,23.76,1.39,0.55
1999-09-26,0.04,27.12,73.99,24.23,1.37,0.55
1999-09-27,0.0,26.65,74.5,24.75,1.94,0.54
1999-09-28,0.06,26.33,75.69,25.03,2.44,0.54
1999-09-29,0.01,26.4,73.72,26.19,1.87,0.54
1999-09-30,0.0,26.35,74.56,25.08,1.77,0.54
1999-10-01,0.0,26.42,71.34,24.6,1.81,0.53
1999-10-02,0.91,26.53,73.21,22.31,1.5,0.53
1999-10-03,2.22,27.07,74.2,23.14,1.6,0.53
1999-10-04,0.57,27.46,73.95,22.98,1.22,0.53
1999-10-05,0.17,27.66,74.61,25.94,1.23,0.53
1999-10-06,0.07,27.89,73.59,23.59,1.25,0.53
1999-10-07,0.27,27.89,73.74,25.15,1.42,0.53
1999-10-08,0.48,27.3,77.53,25.92,1.97,0.52
1999-10-09,7.75,26.84,79.4,25.11,1.9,0.52
1999-10-10,8.08,26.58,80.84,20.28,1.57,0.54
1999-10-11,19.17,25.97,84.51,16.38,1.33,0.56
1999-10-12,15.83,25.58,86.14,23.16,1.61,0.6
1999-10-13,10.21,26.48,84.25,22.99,1.3,0.61
1999-10-14,32.96,25.97,88.41,18.44,1.28,0.64
1999-10-15,10.73,26.62,84.78,20.23,1.71,0.67
1999-10-16,2.15,26.43,84.46,24.06,2.39,0.65
1999-10-17,0.15,26.56,80.26,22.04,2.37,0.63
1999-10-18,1.46,26.79,81.07,22.26,1.97,0.62
1999-10-19,8.37,26.91,82.89,20.93,1.54,0.62
1999-10-20,2.46,26.64,82.5,23.03,1.22,0.62
1999-10-21,0.35,26.99,76.48,22.46,0.81,0.61
1999-10-22,2.4,26.55,80.87,20.96,1.96,0.61
1999-10-23,0.84,26.98,77.39,22.64,2.09,0.6
1999-10-24,5.08,26.89,78.41,24.58,1.68,0.59
1999-10-25,7.99,26.34,83.2,16.65,1.32,0.61
1999-10-26,2.11,26.79,83.92,20.56,1.15,0.61
1999-10-27,2.88,27.19,83.52,23.67,1.31,0.61
1999-10-28,3.96,26.81,85.46,24.95,1.79,0.6
1999-10-29,3.67,26.79,85.28,22.46,2.18,0.61
1999-10-30,1.68,26.72,83.78,25.22,1.76,0.61
1999-10-31,28.19,26.08,87.51,23.36,2.2,0.62
1999-11-01,17.95,26.3,88.24,21.16,2.31,0.67
1999-11-02,13.13,26.01,87.2,17.51,1.87,0.67
1999-11-03,4.02,26.85,80.38,13.16,0.87,0.67
1999-11-04,2.75,26.15,87.97,11.66,1.12,0.66
1999-11-05,1.94,26.36,83.87,16.34,1.3,0.65
1999-11-06,2.25,25.85,87.51,13.53,2.59,0.64
1999-11-07,5.01,25.12,91.07,20.48,2.82,0.64
1999-11-08,7.72,25.29,87.88,23.25,2.21,0.65
1999-11-09,0.39,25.74,86.82,22.82,1.69,0.64
1999-11-10,1.12,26.56,82.91,22.32,1.91,0.63
1999-11-11,9.54,26.66,82.59,23.86,1.69,0.64
1999-11-12,2.46,27.22,81.56,21.62,1.43,0.64
1999-11-13,1.63,26.9,81.43,24.77,1.06,0.63
1999-11-14,1.55,27.16,80.88,21.55,0.95,0.62
1999-11-15,0.4,27.04,79.6,21.77,0.8,0.62
1999-11-16,2.72,26.33,84.85,25.92,1.47,0.61
1999-11-17,26.48,26.11,82.88,18.88,1.42,0.64
1999-11-18,3.17,26.76,77.79,16.05,1.1,0.66
1999-11-19,30.08,25.65,87.78,17.47,1.46,0.67
1999-11-20,11.53,25.68,90.03,24.35,1.77,0.71
1999-11-21,9.54,26.6,84.6,21.26,1.4,0.7
1999-11-22,11.27,26.92,82.39,20.47,1.26,0.69
1999-11-23,9.56,26.29,86.07,20.39,1.35,0.7
1999-11-24,5.29,27.09,80.08,25.44,1.4,0.69
1999-11-25,5.95,27.0,79.93,22.97,1.61,0.69
1999-11-26,1.41,26.88,75.99,24.36,1.52,0.67
1999-11-27,0.0,27.09,74.18,24.07,1.8,0.66
1999-11-28,1.02,27.08,77.72,24.9,1.96,0.65
1999-11-29,0.78,27.06,76.89,23.87,2.06,0.64
1999-11-30,0.95,27.3,77.6,22.29,2.07,0.64
1999-12-01,8.58,27.09,79.49,25.41,2.22,0.63
1999-12-02,3.28,27.1,80.43,21.8,2.23,0.64
1999-12-03,0.88,27.65,79.74,22.67,1.2,0.64
1999-12-04,5.57,27.44,82.37,22.6,1.1,0.64
1999-12-05,19.63,26.77,86.55,21.95,2.12,0.66
1999-12-06,12.2,26.21,87.51,19.33,1.75,0.68
1999-12-07,20.45,26.83,85.72,17.8,1.4,0.69
1999-12-08,39.4,26.09,92.1,18.03,2.2,0.74
1999-12-09,25.35,25.63,90.84,14.84,2.13,0.77
1999-12-10,7.54,25.66,88.1,19.91,2.57,0.76
1999-12-11,14.19,26.52,84.47,17.63,2.43,0.75
1999-12-12,12.62,26.96,85.04,15.09,2.68,0.74
1999-12-13,10.85,26.07,86.47,19.2,2.14,0.74
1999-12-14,16.57,26.23,90.33,18.47,1.91,0.75
1999-12-15,8.36,26.61,88.29,9.54,2.85,0.75
1999-12-16,2.52,26.62,87.43,16.31,1.78,0.73
1999-12-17,15.02,25.36,90.13,12.29,1.26,0.74
1999-12-18,12.16,25.79,86.88,16.76,1.21,0.74
1999-12-19,14.09,25.4,89.12,14.78,1.09,0.76
1999-12-20,6.17,25.44,86.93,21.89,0.97,0.75
1999-12-21,2.67,26.03,82.75,21.63,1.14,0.74
1999-12-22,0.76,26.41,82.09,24.77,1.69,0.73
1999-12-23,3.57,26.55,79.34,24.21,1.33,0.72
1999-12-24,12.09,26.35,82.34,17.75,1.17,0.72
1999-12-25,18.03,25.37,89.45,11.82,1.84,0.74
1999-12-26,9.68,25.63,88.24,18.23,2.06,0.75
1999-12-27,8.46,25.44,88.48,18.01,2.3,0.75
1999-12-28,10.72,25.81,89.47,24.44,2.38,0.76
1999-12-29,1.14,25.79,90.01,24.81,1.64,0.75
1999-12-30,4.39,26.19,85.26,23.22,2.03,0.74
1999-12-31,5.6,26.39,85.58,20.12,1.6,0.74
2000-01-01,5.46,25.93,87.9,22.0,1.58,0.74
2000-01-02,4.99,25.31,86.69,17.27,1.06,0.74
2000-01-03,2.06,25.45,87.89,19.76,1.47,0.74
2000-01-04,1.8,26.23,82.53,23.01,0.59,0.74
2000-01-05,3.16,27.06,81.3,23.53,1.02,0.74
2000-01-06,16.82,26.31,87.89,22.18,1.53,0.74
2000-01-07,6.6,25.48,88.34,23.6,1.16,0.76
2000-01-08,9.1,25.54,87.38,8.37,1.49,0.76
2000-01-09,3.6,25.32,88.48,17.91,1.18,0.76
2000-01-10,2.74,25.84,86.18,22.21,1.15,0.75
2000-01-11,7.85,25.31,89.01,9.2,1.49,0.75
2000-01-12,10.88,25.16,87.6,16.17,1.64,0.76
2000-01-13,1.85,25.31,89.3,18.7,1.65,0.76
2000-01-14,1.49,26.0,84.19,24.85,1.42,0.75
2000-01-15,2.03,25.83,87.32,23.74,1.48,0.75
2000-01-16,1.61,25.68,77.6,23.79,0.84,0.75
2000-01-17,10.81,26.82,77.09,23.7,0.77,0.75
2000-01-18,18.17,25.84,87.41,20.44,1.35,0.78
2000-01-19,16.13,25.17,88.97,15.83,1.57,0.78
2000-01-20,17.82,25.01,91.4,12.02,1.6,0.8
2000-01-21,14.4,25.48,90.81,11.57,1.79,0.8
2000-01-22,11.25,25.74,93.23,16.68,2.11,0.8
2000-01-23,13.99,25.83,91.62,10.48,2.39,0.81
2000-01-24,21.14,26.05,90.4,11.31,1.96,0.82
2000-01-25,21.78,25.63,90.9,19.04,1.62,0.83
2000-01-26,5.72,25.59,90.74,17.76,2.07,0.84
2000-01-27,3.37,25.72,90.86,19.59,1.97,0.83
2000-01-28,4.17,25.4,90.75,11.34,1.26,0.82
2000-01-29,3.25,25.72,87.26,19.87,1.88,0.82
2000-01-30,23.02,25.51,89.43,17.29,1.91,0.83
2000-01-31,8.62,25.05,92.59,15.54,2.04,0.84
2000-02-01,24.02,25.06,92.43,19.11,1.82,0.85
2000-02-02,11.87,25.55,90.09,18.17,1.0,0.87
2000-02-03,6.23,25.43,91.0,14.94,1.3,0.86
2000-02-04,4.73,25.28,91.22,16.2,1.45,0.86
2000-02-05,6.91,24.89,91.4,16.66,2.51,0.86
2000-02-06,20.39,25.16,89.3,19.85,2.58,0.87
2000-02-07,8.46,25.46,92.43,19.4,2.13,0.88
2000-02-08,9.88,25.47,91.71,12.15,1.57,0.87
2000-02-09,9.25,25.66,92.47,11.52,2.15,0.88
2000-02-10,5.32,25.93,89.37,20.28,2.01,0.88
2000-02-11,5.94,25.67,91.58,17.56,1.77,0.88
2000-02-12,4.7,25.37,91.24,16.53,1.32,0.88
2000-02-13,19.5,24.99,89.9,11.69,1.09,0.88
2000-02-14,2.92,25.35,87.55,20.68,1.52,0.89
2000-02-15,1.25,25.41,87.12,24.71,1.05,0.89
2000-02-16,1.15,25.77,88.09,22.18,1.66,0.88
2000-02-17,1.7,26.15,88.37,16.99,1.58,0.88
2000-02-18,1.12,25.77,87.03,20.46,1.84,0.87
2000-02-19,4.17,25.93,87.15,22.62,1.59,0.87
2000-02-20,6.38,25.34,91.97,18.59,1.54,0.87
2000-02-21,3.44,25.38,90.82,15.3,2.2,0.87
2000-02-22,0.67,25.36,87.67,17.24,1.41,0.87
2000-02-23,4.49,25.82,87.31,21.31,1.29,0.87
2000-02-24,15.54,25.45,92.08,13.77,1.75,0.87
2000-02-25,11.29,25.69,89.39,12.52,1.67,0.89
2000-02-26,20.91,25.65,92.38,12.08,1.83,0.89
2000-02-27,22.02,25.5,90.19,17.66,1.81,0.91
2000-02-28,4.13,25.52,91.0,16.35,2.17,0.91
2000-02-29,13.9,25.25,91.69,17.4,2.18,0.91
2000-03-01,14.14,25.46,91.79,15.25,2.21,0.92
2000-03-02,4.5,25.59,90.36,18.56,2.09,0.92
2000-03-03,3.69,25.68,92.58,19.61,1.77,0.91
2000-03-04,4.63,25.31,91.17,18.35,1.91,0.91
2000-03-05,1.65,25.73,91.45,18.03,2.06,0.91
2000-03-06,3.9,25.66,91.04,13.0,2.62,0.9
2000-03-07,2.93,25.59,91.88,15.99,1.86,0.9
2000-03-08,2.82,25.37,90.61,19.1,1.93,0.9
2000-03-09,2.82,25.43,91.28,20.79,1.92,0.9
2000-03-10,7.18,25.3,93.34,13.1,1.8,0.9
2000-03-11,14.31,25.24,91.26,15.6,1.25,0.91
2000-03-12,29.32,25.31,92.91,11.0,1.45,0.93
2000-03-13,13.27,24.95,92.64,11.3,1.93,0.93
2000-03-14,18.58,25.08,92.23,18.71,1.91,0.94
2000-03-15,16.89,25.66,88.75,14.04,2.24,0.94
2000-03-16,2.65,25.64,88.63,20.24,2.13,0.94
2000-03-17,7.32,25.52,91.52,15.62,2.28,0.94
2000-03-18,6.8,25.17,91.23,20.28,1.88,0.94
2000-03-19,9.46,25.58,88.77,17.68,1.47,0.94
2000-03-20,6.35,25.42,90.31,21.3,1.54,0.94
2000-03-21,4.22,25.51,88.38,20.49,1.62,0.93
2000-03-22,7.4,25.08,89.65,21.46,1.08,0.93
2000-03-23,6.74,24.94,90.95,15.91,1.49,0.93
2000-03-24,5.17,25.2,89.4,19.35,1.61,0.93
2000-03-25,6.32,25.34,87.98,21.27,1.15,0.93
2000-03-26,15.65,25.28,88.99,21.01,1.53,0.93
2000-03-27,16.86,26.18,82.92,20.5,0.68,0.94
2000-03-28,9.18,25.94,87.47,22.03,1.36,0.94
2000-03-29,4.29,26.84,81.56,21.61,1.08,0.94
2000-03-30,5.33,26.54,86.09,22.6,1.64,0.94
2000-03-31,4.03,26.45,85.85,21.19,1.29,0.93
2000-04-01,1.57,26.92,82.88,20.9,1.27,0.93
2000-04-02,1.48,27.08,83.84,23.3,1.18,0.92
2000-04-03,3.34,26.72,85.47,21.01,0.99,0.92
2000-04-04,6.97,26.6,88.28,21.37,0.88,0.91
2000-04-05,10.82,26.35,89.97,9.09,1.4,0.92
2000-04-06,2.03,25.83,88.92,18.25,1.79,0.92
2000-04-07,5.6,26.07,86.37,18.65,1.32,0.91
2000-04-08,3.36,26.09,87.35,18.64,1.28,0.91
2000-04-09,5.61,25.88,90.21,17.68,1.24,0.91
2000-04-10,3.89,25.6,88.2,18.78,1.28,0.91
2000-04-11,4.28,26.49,82.76,19.7,1.19,0.91
2000-04-12,22.83,25.97,90.24,17.45,1.59,0.92
2000-04-13,6.54,25.97,88.04,15.83,1.31,0.93
2000-04-14,3.19,26.22,85.11,18.52,0.67,0.92
2000-04-15,3.95,26.44,85.94,17.14,0.8,0.92
2000-04-16,2.3,25.66,90.52,18.54,1.18,0.92
2000-04-17,4.27,25.84,90.42,16.57,2.03,0.92
2000-04-18,9.79,25.9,91.77,11.62,1.48,0.92
2000-04-19,21.42,25.92,91.54,16.0,1.37,0.93
2000-04-20,17.07,25.54,91.34,13.35,0.98,0.94
2000-04-21,5.78,25.77,88.93,15.72,0.79,0.94
2000-04-22,2.31,25.93,91.39,12.44,0.45,0.94
2000-04-23,7.84,26.34,89.15,20.96,1.37,0.94
2000-04-24,7.13,26.19,89.63,14.65,1.61,0.94
2000-04-25,2.77,26.42,86.42,19.97,0.86,0.94
2000-04-26,1.32,26.89,84.21,17.57,1.24,0.94
2000-04-27,20.7,26.43,87.72,20.41,1.47,0.93
2000-04-28,10.52,26.05,90.05,19.12,1.45,0.95
2000-04-29,9.91,25.91,92.09,17.56,1.84,0.94
2000-04-30,8.42,25.6,87.93,19.08,2.0,0.94
2000-05-01,0.19,25.62,79.72,21.5,2.21,0.94
2000-05-02,5.2,25.48,78.92,18.52,2.02,0.93
2000-05-03,2.5,25.39,79.89,15.26,1.54,0.92
2000-05-04,2.83,25.71,85.26,20.69,1.64,0.92
2000-05-05,4.83,25.58,86.49,20.71,2.17,0.92
2000-05-06,2.94,25.51,86.53,17.84,2.26,0.91
2000-05-07,0.27,25.41,83.51,18.8,2.15,0.9
2000-05-08,0.05,25.63,82.82,20.32,1.72,0.89
2000-05-09,0.16,25.89,84.0,20.45,1.78,0.89
2000-05-10,0.14,25.49,85.49,20.81,1.82,0.88
2000-05-11,0.56,25.91,87.23,18.43,1.92,0.87
2000-05-12,17.77,25.95,91.27,18.0,2.07,0.88
2000-05-13,14.84,25.18,92.54,15.28,3.2,0.9
2000-05-14,1.77,26.16,88.83,18.36,1.78,0.89
2000-05-15,0.81,26.27,86.8,19.48,1.4,0.89
2000-05-16,1.24,26.19,88.45,19.26,1.26,0.88
2000-05-17,2.93,25.73,93.15,17.97,1.71,0.88
2000-05-18,2.74,25.74,88.78,18.28,1.82,0.88
2000-05-19,3.7,25.45,90.21,17.91,1.72,0.88
2000-05-20,5.78,25.58,89.57,15.26,1.58,0.88
2000-05-21,3.62,26.16,86.54,17.09,1.07,0.88
2000-05-22,1.99,26.47,87.12,15.53,0.95,0.88
2000-05-23,5.67,26.19,89.23,17.79,1.12,0.88
2000-05-24,0.72,26.45,87.53,19.72,1.17,0.87
2000-05-25,2.44,26.3,87.49,17.66,1.88,0.87
2000-05-26,1.28,26.11,86.11,18.67,2.06,0.86
2000-05-27,12.73,25.74,91.41,15.97,2.07,0.87
2000-05-28,9.75,25.51,89.04,15.81,1.79,0.87
2000-05-29,1.73,25.71,85.59,18.42,1.85,0.87
2000-05-30,0.78,25.55,85.37,18.13,2.19,0.86
2000-05-31,0.0,24.94,82.66,17.93,2.53,0.85
2000-06-01,0.33,24.86,83.4,17.74,2.42,0.85
2000-06-02,2.6,25.13,86.28,15.91,2.11,0.84
2000-06-03,4.63,24.57,89.31,14.4,2.09,0.84
2000-06-04,0.34,24.86,85.14,14.73,1.82,0.84
2000-06-05,0.03,24.5,84.61,17.0,2.06,0.83
2000-06-06,0.0,25.1,81.99,19.18,1.97,0.83
2000-06-07,0.0,25.04,83.94,18.98,2.14,0.82
2000-06-08,0.18,24.96,84.05,17.59,1.97,0.81
2000-06-09,0.01,24.6,84.03,17.63,2.15,0.81
2000-06-10,0.51,24.76,85.4,17.52,2.08,0.8
2000-06-11,0.24,24.94,85.33,17.64,2.15,0.8
2000-06-12,0.33,24.51,84.04,18.13,2.31,0.79
2000-06-13,0.06,24.25,83.28,17.61,2.39,0.79
2000-06-14,0.08,24.38,81.73,16.87,1.93,0.78
2000-06-15,0.38,24.1,84.2,17.87,2.52,0.78
2000-06-16,6.02,24.32,90.08,15.47,2.45,0.78
2000-06-17,3.05,25.34,87.31,13.53,1.95,0.78
2000-06-18,5.69,25.12,86.49,17.89,1.97,0.78
2000-06-19,0.24,24.97,84.83,18.78,1.89,0.78
2000-06-20,0.09,24.53,85.76,17.62,2.07,0.77
2000-06-21,0.05,24.75,84.57,16.4,2.18,0.77
2000-06-22,0.83,25.23,82.31,17.83,1.85,0.76
2000-06-23,0.02,24.41,82.21,17.22,2.4,0.76
2000-06-24,0.0,24.9,79.45,16.97,1.93,0.75
2000-06-25,0.01,24.18,82.81,18.32,2.24,0.75
2000-06-26,0.07,24.02,82.8,17.18,2.41,0.75
2000-06-27,0.08,24.19,83.45,17.06,2.26,0.74
2000-06-28,0.03,24.04,83.2,17.7,2.45,0.74
2000-06-29,0.0,23.93,82.29,15.97,2.15,0.73
2000-06-30,0.04,24.26,80.65,16.74,1.91,0.73
2000-07-01,0.02,24.72,80.44,19.35,1.62,0.73
2000-07-02,0.12,24.84,82.74,18.7,1.74,0.73
2000-07-03,0.26,24.65,83.91,18.63,2.01,0.72
2000-07-04,0.0,24.93,82.85,19.15,1.75,0.72
2000-07-05,0.09,24.87,85.02,18.64,2.19,0.72
2000-07-06,0.9,25.14,85.2,17.76,2.25,0.71
2000-07-07,0.96,24.83,83.87,17.64,2.4,0.71
2000-07-08,0.03,24.32,78.18,14.43,2.02,0.71
2000-07-09,0.0,23.89,80.75,18.47,2.02,0.71
2000-07-10,0.0,24.12,82.48,19.26,1.71,0.7
2000-07-11,0.01,24.07,82.39,19.16,2.32,0.7
2000-07-12,0.06,24.26,82.84,19.18,1.92,0.7
2000-07-13,0.49,24.33,80.5,20.03,1.93,0.7
2000-07-14,0.0,23.72,79.78,21.04,2.14,0.69
2000-07-15,0.05,24.01,79.64,20.25,2.33,0.69
2000-07-16,0.66,24.45,79.7,19.15,1.97,0.69
2000-07-17,0.0,24.56,79.69,20.02,1.77,0.68
2000-07-18,0.0,24.67,79.88,20.16,1.9,0.68
2000-07-19,0.0,24.6,79.53,18.86,2.05,0.68
2000-07-20,0.0,24.16,76.25,20.59,2.09,0.67
2000-07-21,0.0,23.64,72.53,20.76,2.13,0.67
2000-07-22,0.01,23.59,77.38,20.39,1.96,0.67
2000-07-23,0.21,23.99,82.1,20.06,1.88,0.67
2000-07-24,0.03,24.68,81.02,19.94,1.79,0.66
2000-07-25,0.29,24.89,83.1,19.61,2.29,0.66
2000-07-26,2.84,24.76,82.79,19.82,2.2,0.66
2000-07-27,2.94,24.77,84.41,18.35,2.11,0.67
2000-07-28,0.24,25.02,82.49,19.77,1.88,0.66
2000-07-29,0.17,24.65,82.3,20.19,2.25,0.66
2000-07-30,0.01,24.61,80.26,19.36,2.42,0.65
2000-07-31,0.02,24.71,80.91,18.16,2.54,0.65
2000-08-01,0.04,24.92,81.57,18.31,2.54,0.65
2000-08-02,0.27,24.59,82.45,18.54,2.78,0.65
2000-08-03,0.23,25.08,79.94,17.7,2.66,0.64
2000-08-04,0.05,24.69,78.31,20.49,2.41,0.64
2000-08-05,0.0,25.1,78.65,20.54,2.1,0.64
2000-08-06,1.86,25.09,80.28,19.96,1.87,0.64
2000-08-07,0.17,25.01,80.13,18.23,2.55,0.64
2000-08-08,0.02,25.49,79.76,19.81,2.31,0.63
2000-08-09,0.05,25.0,79.97,19.81,2.46,0.63
2000-08-10,0.09,24.48,80.85,19.33,2.53,0.63
2000-08-11,0.04,24.52,79.0,19.62,2.21,0.62
2000-08-12,0.08,24.7,79.47,19.8,2.15,0.62
2000-08-13,0.11,24.52,80.84,18.36,2.38,0.62
2000-08-14,0.01,24.59,78.93,17.2,2.4,0.62
2000-08-15,0.01,24.82,79.63,19.46,2.06,0.61
2000-08-16,2.1,24.2,81.86,18.04,2.44,0.61
2000-08-17,0.51,24.08,80.45,19.41,2.31,0.61
2000-08-18,0.0,24.33,75.58,21.14,1.98,0.61
2000-08-19,0.01,24.08,76.09,21.03,2.26,0.61
2000-08-20,0.32,24.1,75.23,22.15,1.87,0.6
2000-08-21,0.0,23.82,77.35,21.46,2.18,0.6
2000-08-22,0.0,24.29,75.53,20.88,1.48,0.6
2000-08-23,0.02,25.25,79.06,21.1,1.62,0.6
2000-08-24,0.17,25.66,80.74,18.0,1.33,0.59
2000-08-25,0.09,26.05,80.58,20.55,1.59,0.59
2000-08-26,0.36,26.04,80.02,20.15,1.72,0.59
2000-08-27,0.02,25.71,78.23,22.25,1.71,0.59
2000-08-28,0.02,25.6,77.96,21.15,1.92,0.59
2000-08-29,0.01,25.39,78.04,21.52,1.83,0.58
2000-08-30,0.0,25.45,78.7,21.02,1.84,0.58
2000-08-31,0.14,25.65,79.18,21.08,1.66,0.58
2000-09-01,0.01,25.74,78.55,20.95,2.2,0.58
2000-09-02,0.0,25.66,76.84,21.67,1.75,0.57
2000-09-03,0.0,25.89,77.26,22.39,1.57,0.57
2000-09-04,0.0,26.09,80.13,23.28,1.71,0.57
2000-09-05,0.0,25.94,79.49,21.72,1.6,0.57
2000-09-06,0.01,25.92,78.77,22.66,2.06,0.56
2000-09-07,1.52,25.86,78.46,22.2,2.24,0.56
2000-09-08,0.01,25.73,78.55,23.42,2.47,0.56
2000-09-09,0.0,26.04,75.77,23.83,2.11,0.56
2000-09-10,0.0,26.08,76.02,23.61,2.07,0.55
2000-09-11,0.27,26.44,79.1,22.48,1.49,0.55
2000-09-12,3.23,26.85,78.82,22.09,1.66,0.55
2000-09-13,0.13,26.58,73.64,23.81,2.36,0.55
2000-09-14,0.0,26.17,73.0,21.9,1.99,0.55
2000-09-15,0.01,26.2,76.79,20.64,2.02,0.55
2000-09-16,0.09,26.39,76.58,22.07,2.23,0.55
2000-09-17,0.33,26.65,76.91,23.22,2.06,0.54
2000-09-18,0.11,26.82,76.21,23.64,1.75,0.54
2000-09-19,0.14,26.86,74.39,22.4,1.35,0.54
2000-09-20,0.48,26.6,76.78,23.0,0.97,0.54
2000-09-21,0.83,26.45,76.95,20.0,1.65,0.54
2000-09-22,1.26,27.17,76.96,23.21,1.47,0.54
2000-09-23,1.78,26.85,80.11,23.11,2.11,0.54
2000-09-24,0.3,26.84,79.83,21.76,1.82,0.54
2000-09-25,0.21,27.33,76.99,22.81,1.58,0.54
2000-09-26,0.16,27.13,78.46,23.29,1.85,0.53
2000-09-27,0.61,26.84,78.08,23.33,1.86,0.53
2000-09-28,0.48,27.34,75.59,24.27,1.73,0.53
2000-09-29,0.82,27.56,73.78,24.88,1.87,0.53
2000-09-30,0.33,27.39,72.36,23.68,1.85,0.53
2000-10-01,0.05,27.65,73.41,24.4,1.93,0.53
2000-10-02,0.27,27.39,76.11,22.08,2.07,0.52
2000-10-03,0.43,27.39,74.76,22.97,2.38,0.52
2000-10-04,0.68,27.16,78.46,22.41,2.13,0.52
2000-10-05,0.46,27.37,78.35,23.14,1.98,0.52
2000-10-06,0.29,27.5,78.09,24.37,2.01,0.52
2000-10-07,0.07,27.47,76.16,20.47,2.3,0.52
2000-10-08,1.03,27.07,76.63,23.26,2.2,0.52
2000-10-09,0.18,27.39,75.31,24.43,2.08,0.52
2000-10-10,1.61,27.45,76.92,20.49,1.56,0.51
2000-10-11,0.97,27.95,75.45,23.16,1.63,0.52
2000-10-12,10.92,27.14,79.92,20.87,2.3,0.52
2000-10-13,8.58,27.13,81.44,25.41,1.8,0.55
2000-10-14,12.92,27.05,84.27,24.06,1.41,0.56
2000-10-15,10.52,26.63,87.12,21.65,1.35,0.58
2000-10-16,6.55,26.63,85.59,15.48,1.22,0.59
2000-10-17,7.2,26.33,85.01,19.87,1.29,0.59
2000-10-18,7.33,26.45,85.32,19.59,1.55,0.6
2000-10-19,7.7,26.45,85.12,17.46,1.01,0.6
2000-10-20,8.99,26.8,83.23,20.25,1.31,0.61
2000-10-21,1.96,26.43,81.61,21.87,2.38,0.6
2000-10-22,0.14,26.47,72.04,23.45,2.22,0.59
2000-10-23,0.01,25.67,72.75,24.28,2.17,0.58
2000-10-24,0.02,25.99,70.8,24.05,1.85,0.57
2000-10-25,0.14,26.14,74.01,19.92,1.81,0.56
2000-10-26,1.04,26.63,75.56,22.47,1.7,0.56
2000-10-27,1.69,26.92,77.26,21.91,1.61,0.55
2000-10-28,1.7,27.31,74.15,23.55,1.85,0.55
2000-10-29,0.0,27.25,72.09,24.44,1.95,0.54
2000-10-30,0.07,27.47,73.92,23.96,1.88,0.54
2000-10-31,5.92,27.54,77.31,25.93,1.34,0.54
2000-11-01,3.37,27.58,78.3,21.92,1.18,0.55
2000-11-02,3.52,27.06,83.6,18.35,0.89,0.55
2000-11-03,17.59,27.02,83.39,19.68,1.2,0.57
2000-11-04,10.42,27.83,77.41,22.97,1.02,0.59
2000-11-05,1.51,27.8,75.91,22.83,0.87,0.59
2000-11-06,2.4,27.57,77.02,22.09,0.95,0.58
2000-11-07,2.8,27.27,80.12,21.61,1.15,0.58
2000-11-08,9.85,27.61,76.63,21.36,0.65,0.58
2000-11-09,13.41,27.23,80.92,24.55,0.97,0.6
2000-11-10,2.3,26.6,85.03,22.7,1.38,0.6
2000-11-11,1.66,26.51,84.99,17.05,1.76,0.6
2000-11-12,27.97,26.45,83.92,22.29,1.98,0.61
2000-11-13,22.09,26.92,82.83,19.12,1.75,0.64
2000-11-14,14.99,26.22,88.92,20.53,2.36,0.66
2000-11-15,4.88,27.43,82.91,21.66,1.13,0.66
2000-11-16,6.06,27.81,82.04,18.16,1.04,0.64
2000-11-17,5.08,27.11,86.38,19.08,1.1,0.64
2000-11-18,11.27,27.29,83.77,18.46,1.51,0.63
2000-11-19,5.55,26.68,86.72,18.77,0.76,0.64
2000-11-20,25.0,26.05,87.42,13.19,1.44,0.65
2000-11-21,7.74,26.62,80.63,17.9,1.12,0.67
2000-11-22,7.35,26.79,85.79,20.67,2.12,0.67
2000-11-23,8.65,25.96,87.94,18.48,2.4,0.66
2000-11-24,5.51,26.32,85.54,16.91,1.99,0.66
2000-11-25,98.82,26.39,87.9,19.1,1.56,0.71
2000-11-26,32.25,26.38,87.13,17.58,1.77,0.79
2000-11-27,5.57,26.33,86.24,16.82,1.2,0.77
2000-11-28,11.71,26.12,89.59,19.97,1.29,0.74
2000-11-29,3.99,26.73,85.88,21.52,1.75,0.73
2000-11-30,1.47,27.19,84.0,20.38,1.71,0.71
2000-12-01,0.59,26.78,83.95,21.52,1.61,0.69
2000-12-02,4.51,26.01,85.87,17.96,2.53,0.69
2000-12-03,15.11,25.79,87.37,10.93,3.59,0.69
2000-12-04,8.08,25.6,87.9,18.69,3.3,0.7
2000-12-05,0.86,26.81,80.99,21.2,2.68,0.7
2000-12-06,0.2,26.86,79.3,22.38,2.83,0.68
2000-12-07,0.06,26.63,78.28,24.51,2.55,0.67
2000-12-08,0.45,26.97,78.68,23.42,2.13,0.66
2000-12-09,0.25,26.69,79.71,24.27,1.92,0.66
2000-12-10,0.36,26.53,81.13,22.53,1.56,0.65
2000-12-11,0.31,26.6,83.01,24.74,1.14,0.65
2000-12-12,1.88,25.81,88.05,19.87,1.25,0.65
2000-12-13,2.52,25.84,86.62,20.02,1.51,0.65
2000-12-14,7.34,25.71,87.39,13.18,1.41,0.67
2000-12-15,1.18,26.43,82.37,20.48,1.14,0.66
2000-12-16,2.17,25.59,85.03,22.1,0.95,0.66
2000-12-17,1.96,26.25,83.17,20.35,1.19,0.66
2000-12-18,2.78,25.68,83.54,17.71,1.1,0.66
2000-12-19,0.54,26.58,81.13,23.72,1.43,0.66
2000-12-20,1.38,26.62,81.73,22.14,1.64,0.65
2000-12-21,2.6,26.51,80.81,17.37,1.6,0.65
2000-12-22,3.57,26.26,82.55,21.25,1.49,0.65
2000-12-23,1.9,26.33,80.71,24.78,1.96,0.65
2000-12-24,0.38,26.12,81.29,21.93,2.14,0.64
2000-12-25,0.51,26.31,80.4,22.55,2.23,0.64
2000-12-26,0.03,26.55,77.77,22.54,2.35,0.63
2000-12-27,0.12,26.66,78.65,24.75,2.14,0.63
2000-12-28,5.36,26.81,80.42,21.96,2.07,0.62
2000-12-29,0.1,26.86,79.32,24.71,1.97,0.63
2000-12-30,0.08,26.58,80.13,25.5,2.08,0.62
2000-12-31,0.03,26.57,79.27,25.89,1.86,0.61
2001-01-01,0.86,26.23,80.33,24.86,1.58,0.61
2001-01-02,8.59,26.7,80.54,22.17,0.9,0.62
2001-01-03,1.42,27.41,76.91,24.11,0.94,0.62
2001-01-04,0.02,27.76,74.43,24.56,0.89,0.62
2001-01-05,2.62,26.33,83.35,20.46,1.56,0.61
2001-01-06,13.73,26.06,83.74,10.28,1.02,0.63
2001-01-07,9.4,25.35,85.67,18.16,1.34,0.65
2001-01-08,2.53,26.19,85.31,15.78,1.74,0.65
2001-01-09,6.29,25.74,89.07,14.7,0.82,0.65
2001-01-10,21.95,25.38,90.14,17.64,2.39,0.67
2001-01-11,22.11,24.89,86.98,7.48,2.39,0.71
2001-01-12,17.24,25.2,91.49,10.12,2.33,0.73
2001-01-13,23.27,25.77,87.59,15.88,1.84,0.73
2001-01-14,4.16,25.82,89.29,21.84,1.64,0.73
2001-01-15,21.4,25.82,89.68,14.05,2.1,0.73
2001-01-16,9.78,25.5,90.77,12.1,1.76,0.74
2001-01-17,11.95,25.79,89.85,17.35,2.12,0.73
2001-01-18,5.21,25.95,88.73,15.29,1.92,0.73
2001-01-19,4.92,26.12,88.54,14.9,1.5,0.72
2001-01-20,15.9,25.52,87.91,16.37,1.66,0.72
2001-01-21,19.33,25.81,85.81,18.06,1.29,0.75
2001-01-22,18.24,26.14,83.18,18.78,1.44,0.75
2001-01-23,32.47,26.12,86.62,13.56,1.81,0.77
2001-01-24,14.27,26.26,89.37,17.98,1.61,0.76
2001-01-25,7.92,26.89,84.13,18.88,1.08,0.76
2001-01-26,1.64,27.19,82.84,23.61,0.95,0.75
2001-01-27,1.92,27.35,81.44,21.14,1.26,0.73
2001-01-28,2.49,26.79,85.29,21.42,1.28,0.73
2001-01-29,11.72,26.22,87.31,10.91,1.71,0.73
2001-01-30,5.95,25.84,87.83,18.36,1.52,0.74
2001-01-31,2.6,26.13,86.97,23.37,1.25,0.73
2001-02-01,12.46,26.15,87.24,22.89,1.22,0.73
2001-02-02,32.5,25.6,91.46,15.52,0.98,0.77
2001-02-03,24.85,25.39,90.14,7.27,1.69,0.79
2001-02-04,12.52,25.16,90.42,17.14,2.08,0.79
2001-02-05,13.65,25.58,90.45,16.17,2.05,0.79
2001-02-06,12.15,26.1,87.14,16.69,1.96,0.79
2001-02-07,10.43,26.2,87.38,18.91,2.32,0.79
2001-02-08,5.63,26.16,86.15,10.72,2.39,0.78
2001-02-09,4.06,26.32,86.7,14.84,2.4,0.77
2001-02-10,18.44,26.22,90.6,18.98,2.87,0.78
2001-02-11,10.71,26.39,90.24,14.79,3.08,0.8
2001-02-12,14.02,26.62,87.81,18.56,3.45,0.79
2001-02-13,10.91,26.73,86.12,19.55,3.95,0.8
2001-02-14,8.3,26.61,86.95,21.65,3.38,0.79
2001-02-15,3.52,26.7,86.65,20.87,2.71,0.79
2001-02-16,1.56,26.22,87.2,20.72,2.18,0.78
2001-02-17,10.76,26.02,85.66,22.32,2.56,0.78
2001-02-18,7.31,25.76,87.8,17.5,2.47,0.79
2001-02-19,1.37,25.59,87.15,21.52,2.03,0.79
2001-02-20,1.45,25.71,83.57,17.81,1.85,0.78
2001-02-21,6.0,25.32,84.94,22.19,1.54,0.78
2001-02-22,3.37,26.2,80.04,19.05,1.29,0.78
2001-02-23,0.04,25.7,79.44,24.52,1.7,0.77
2001-02-24,0.05,26.03,75.61,26.0,1.44,0.76
2001-02-25,0.35,26.64,72.35,23.96,0.66,0.76
2001-02-26,0.04,26.6,75.22,25.13,0.93,0.75
2001-02-27,0.04,26.59,76.46,25.63,1.56,0.74
2001-02-28,0.35,26.39,80.8,24.75,1.86,0.74
2001-03-01,1.19,26.58,81.85,23.44,1.71,0.74
2001-03-02,1.71,26.49,84.57,21.9,1.74,0.74
2001-03-03,4.93,26.49,86.77,21.52,1.78,0.74
2001-03-04,4.84,26.22,85.68,21.62,1.95,0.74
2001-03-05,3.33,26.42,83.85,21.94,1.51,0.74
2001-03-06,3.55,26.43,82.14,21.07,1.16,0.74
2001-03-07,2.65,25.88,84.33,19.79,1.09,0.74
2001-03-08,4.19,25.9,86.72,16.73,1.04,0.74
2001-03-09,0.72,25.65,87.43,21.16,1.0,0.74
2001-03-10,1.81,26.64,80.68,20.98,0.81,0.74
2001-03-11,14.39,25.87,86.68,17.95,1.28,0.75
2001-03-12,1.8,26.31,79.33,23.63,1.59,0.75
2001-03-13,2.42,26.2,82.41,23.04,1.51,0.74
2001-03-14,4.51,26.53,82.86,19.67,1.46,0.74
2001-03-15,2.06,26.35,82.49,18.78,1.4,0.74
2001-03-16,1.46,25.87,82.68,18.77,0.95,0.74
2001-03-17,6.61,26.2,83.88,16.48,1.42,0.74
2001-03-18,9.9,26.32,86.47,7.17,1.92,0.75
2001-03-19,2.48,26.02,88.47,17.07,1.83,0.75
2001-03-20,3.66,25.74,91.67,20.48,2.2,0.75
2001-03-21,9.01,25.81,91.21,20.63,1.58,0.75
2001-03-22,7.48,25.76,87.5,19.27,1.52,0.76
2001-03-23,2.36,26.77,81.52,22.55,0.94,0.75
2001-03-24,2.01,26.49,85.85,20.38,1.25,0.75
2001-03-25,3.09,25.89,88.47,16.02,1.47,0.75
2001-03-26,5.62,26.45,80.41,16.42,0.61,0.75
2001-03-27,73.19,26.27,86.99,17.16,0.98,0.78
2001-03-28,49.55,25.73,89.8,13.14,1.76,0.86
2001-03-29,2.49,26.06,86.18,19.0,1.64,0.83
2001-03-30,1.07,26.29,83.02,20.34,0.62,0.81
2001-03-31,1.02,26.42,83.87,18.31,0.78,0.79
2001-04-01,1.43,25.84,86.62,17.47,1.65,0.79
2001-04-02,4.35,26.32,84.96,20.78,1.32,0.79
2001-04-03,4.24,26.7,85.4,20.45,1.37,0.79
2001-04-04,1.1,26.68,86.28,21.09,1.49,0.79
2001-04-05,8.39,26.67,86.19,21.25,1.36,0.79
2001-04-06,16.29,26.43,87.85,21.81,1.55,0.8
2001-04-07,8.1,26.66,85.03,21.03,1.21,0.81
2001-04-08,3.29,25.59,87.61,22.3,1.46,0.8
2001-04-09,12.69,26.44,82.78,21.92,1.24,0.8
2001-04-10,5.29,26.97,81.76,21.98,1.57,0.81
2001-04-11,1.35,27.1,82.26,22.7,1.16,0.8
2001-04-12,11.51,26.42,87.22,18.36,1.58,0.8
2001-04-13,8.44,26.25,85.23,18.3,1.68,0.8
2001-04-14,8.78,25.84,86.48,20.19,1.63,0.81
2001-04-15,3.62,26.19,80.92,19.76,1.54,0.8
2001-04-16,12.82,26.09,83.55,20.62,1.47,0.81
2001-04-17,0.52,26.2,80.53,22.41,1.53,0.8
2001-04-18,0.01,25.59,82.56,21.19,1.99,0.79
2001-04-19,0.0,25.55,77.46,22.55,1.33,0.79
2001-04-20,0.0,26.2,76.99,22.38,1.19,0.78
2001-04-21,0.0,26.72,80.18,22.18,1.38,0.77
2001-04-22,0.05,27.2,81.44,19.58,1.26,0.77
2001-04-23,7.54,26.87,86.52,18.76,1.35,0.77
2001-04-24,12.69,26.59,87.78,15.58,1.3,0.79
2001-04-25,3.59,26.47,86.41,18.76,1.63,0.79
2001-04-26,0.01,25.79,84.66,20.62,1.88,0.78
2001-04-27,0.0,25.55,79.05,20.65,1.81,0.78
2001-04-28,0.01,26.06,82.14,16.68,1.72,0.77
2001-04-29,0.27,27.2,81.97,20.08,0.98,0.76
2001-04-30,26.86,26.86,85.45,19.43,1.19,0.78
2001-05-01,6.58,26.97,83.97,19.85,0.89,0.8
2001-05-02,3.03,27.46,78.1,19.64,0.9,0.79
2001-05-03,0.33,27.2,80.17,21.01,1.28,0.78
2001-05-04,0.0,27.22,80.49,21.27,1.69,0.77
2001-05-05,0.0,26.61,79.46,21.31,1.84,0.76
2001-05-06,2.29,26.39,82.74,20.43,1.7,0.76
2001-05-07,12.22,26.45,84.1,20.23,1.83,0.76
2001-05-08,4.38,26.22,81.34,20.98,2.04,0.77
2001-05-09,0.0,25.77,77.55,21.54,2.17,0.76
2001-05-10,0.0,25.12,78.26,20.62,2.02,0.75
2001-05-11,0.0,24.47,78.41,21.34,1.88,0.75
2001-05-12,0.0,25.17,74.41,20.8,1.41,0.74
2001-05-13,0.0,25.39,75.79,20.99,1.65,0.74
2001-05-14,0.0,25.7,76.92,20.69,1.58,0.73
2001-05-15,0.11,26.12,80.77,19.94,1.76,0.73
2001-05-16,0.06,26.55,80.35,20.72,1.91,0.73
2001-05-17,3.0,26.48,83.17,20.03,2.15,0.72
2001-05-18,1.93,26.64,81.47,19.68,1.61,0.72
2001-05-19,0.6,26.58,79.79,18.59,1.57,0.72
2001-05-20,0.18,26.42,78.74,19.8,1.6,0.72
2001-05-21,0.01,26.11,78.27,19.68,1.56,0.71
2001-05-22,0.03,25.89,81.5,19.28,1.77,0.71
2001-05-23,0.01,26.04,80.15,19.16,1.6,0.71
2001-05-24,0.57,25.69,81.96,18.78,1.72,0.7
2001-05-25,1.04,25.86,82.39,18.52,1.66,0.7
2001-05-26,0.95,26.49,82.62,18.96,1.47,0.7
2001-05-27,12.62,26.35,84.72,18.37,1.49,0.71
2001-05-28,1.91,25.98,82.28,17.98,1.48,0.72
2001-05-29,0.0,25.92,79.16,18.17,1.43,0.71
2001-05-30,1.22,25.94,83.51,15.61,1.3,0.71
2001-05-31,1.77,25.41,90.42,13.71,0.84,0.71
2001-06-01,10.14,25.61,89.74,16.36,1.32,0.71
2001-06-02,3.56,26.24,85.65,18.37,1.2,0.73
2001-06-03,2.13,26.84,82.12,15.18,1.41,0.72
2001-06-04,9.44,26.31,87.94,14.22,1.46,0.72
2001-06-05,3.38,25.94,89.84,17.12,1.78,0.73
2001-06-06,1.4,26.2,85.12,16.98,2.08,0.72
2001-06-07,0.0,25.89,82.52,18.37,1.78,0.71
2001-06-08,0.63,26.1,83.97,14.94,1.86,0.71
2001-06-09,17.39,25.49,87.11,15.45,1.17,0.71
2001-06-10,31.32,25.36,87.66,10.0,1.63,0.77
2001-06-11,0.29,26.43,79.28,18.78,1.11,0.75
2001-06-12,0.37,26.57,80.11,17.3,0.89,0.74
2001-06-13,17.09,25.94,87.63,17.37,1.21,0.74
2001-06-14,4.56,25.94,88.25,17.84,1.39,0.75
2001-06-15,0.41,25.95,85.02,19.04,1.96,0.74
2001-06-16,0.01,25.46,80.3,19.56,2.5,0.73
2001-06-17,0.0,24.92,79.43,18.63,2.36,0.72
2001-06-18,0.62,24.29,79.14,18.75,2.76,0.71
2001-06-19,0.3,23.92,77.08,19.01,2.41,0.71
2001-06-20,0.49,24.55,82.53,18.0,2.21,0.71
2001-06-21,0.8,24.86,84.51,16.07,1.93,0.7
2001-06-22,0.13,25.32,82.84,18.13,1.53,0.7
2001-06-23,0.11,25.45,82.6,18.5,1.8,0.7
2001-06-24,0.07,25.48,82.19,18.58,1.91,0.69
2001-06-25,0.03,25.51,82.68,17.8,1.72,0.69
2001-06-26,0.13,25.32,83.05,17.72,1.59,0.69
2001-06-27,0.32,25.27,83.69,17.73,1.49,0.69
2001-06-28,0.14,25.33,82.74,18.52,1.58,0.68
2001-06-29,0.16,25.22,82.73,18.68,1.74,0.68
2001-06-30,0.01,24.49,79.76,19.31,2.24,0.68
2001-07-01,0.0,23.44,75.98,18.05,2.59,0.67
2001-07-02,0.0,22.74,71.26,18.28,2.38,0.67
2001-07-03,0.0,22.74,69.79,19.61,2.62,0.67
2001-07-04,0.09,23.26,71.16,20.2,2.33,0.66
2001-07-05,0.65,24.04,80.98,18.42,2.23,0.66
2001-07-06,1.18,24.56,80.94,18.44,1.11,0.66
2001-07-07,0.18,25.05,77.86,19.45,1.04,0.66
2001-07-08,0.16,25.23,77.32,19.36,1.12,0.66
2001-07-09,0.02,24.81,81.26,18.97,1.86,0.65
2001-07-10,0.28,24.91,81.49,19.08,1.63,0.65
2001-07-11,0.09,24.8,80.03,18.71,1.58,0.65
2001-07-12,0.36,25.0,79.24,18.63,1.45,0.65
2001-07-13,0.0,25.63,79.1,19.23,1.6,0.64
2001-07-14,0.01,25.8,78.26,19.81,1.46,0.64
2001-07-15,1.16,25.66,80.83,19.14,1.51,0.64
2001-07-16,0.0,25.53,78.2,18.45,1.17,0.64
2001-07-17,0.0,25.18,81.56,19.12,1.64,0.64
2001-07-18,0.02,25.23,81.15,19.33,1.26,0.63
2001-07-19,4.27,25.64,83.21,17.76,1.29,0.63
2001-07-20,5.75,25.89,82.93,11.03,1.04,0.65
2001-07-21,4.81,25.69,84.01,17.17,1.22,0.65
2001-07-22,1.91,25.8,82.43,17.7,1.31,0.65
2001-07-23,0.01,25.81,80.4,19.61,1.76,0.65
2001-07-24,0.05,25.7,79.31,18.79,1.89,0.64
2001-07-25,0.0,25.19,80.24,19.88,2.17,0.64
2001-07-26,0.0,25.12,78.5,19.73,2.09,0.63
2001-07-27,0.0,25.17,79.04,19.39,1.64,0.62
2001-07-28,0.26,25.09,78.61,18.53,1.88,0.62
2001-07-29,0.08,24.86,76.98,20.42,1.56,0.62
2001-07-30,0.0,24.39,78.52,20.05,2.19,0.61
2001-07-31,0.15,23.83,80.11,19.52,2.5,0.61
2001-08-01,0.0,23.38,76.12,19.8,2.47,0.61
2001-08-02,0.0,22.98,74.02,20.89,2.25,0.61
2001-08-03,0.0,23.36,71.19,21.25,1.81,0.6
2001-08-04,0.0,23.8,71.62,19.15,2.06,0.6
2001-08-05,0.0,23.75,76.95,19.94,2.43,0.6
2001-08-06,0.14,24.02,78.8,18.04,2.0,0.6
2001-08-07,0.05,24.68,77.19,19.31,1.69,0.59
2001-08-08,0.0,25.5,76.58,21.05,1.42,0.59
2001-08-09,0.0,25.8,77.65,19.69,1.29,0.59
2001-08-10,0.32,25.23,80.21,20.5,1.95,0.59
2001-08-11,0.68,24.6,74.9,21.55,1.81,0.59
2001-08-12,0.05,24.11,76.21,19.45,1.87,0.58
2001-08-13,0.0,24.88,75.26,20.69,1.51,0.58
2001-08-14,1.02,25.36,77.71,20.41,1.41,0.58
2001-08-15,1.73,25.65,78.58,20.11,1.43,0.58
2001-08-16,0.28,25.09,75.22,20.33,2.54,0.58
2001-08-17,0.04,24.07,71.78,20.55,2.69,0.57
2001-08-18,0.08,24.66,72.9,18.95,1.65,0.57
2001-08-19,0.07,25.34,70.64,20.82,1.42,0.57
2001-08-20,0.13,25.55,73.34,20.88,1.69,0.57
2001-08-21,0.0,25.54,74.52,21.91,2.14,0.56
2001-08-22,0.18,25.49,75.34,20.45,2.13,0.56
2001-08-23,0.04,25.15,72.76,20.16,2.06,0.56
2001-08-24,0.01,24.92,73.19,21.04,2.22,0.56
2001-08-25,0.13,24.63,76.19,19.87,2.33,0.55
2001-08-26,0.04,24.76,75.65,20.3,2.28,0.55
2001-08-27,0.0,24.66,74.79,20.1,2.12,0.55
2001-08-28,0.0,24.95,76.48,21.06,1.93,0.55
2001-08-29,0.11,25.63,77.01,18.76,1.3,0.55
2001-08-30,0.08,26.09,78.54,21.73,1.48,0.55
2001-08-31,0.11,26.11,77.48,17.74,1.87,0.55
2001-09-01,0.08,25.85,75.71,21.98,2.12,0.54
2001-09-02,0.13,25.69,76.02,21.48,2.08,0.54
2001-09-03,0.09,25.34,76.6,20.14,2.11,0.54
2001-09-04,0.0,25.59,75.86,22.0,1.99,0.54
2001-09-05,0.0,26.08,73.39,23.08,1.37,0.54
2001-09-06,0.01,26.39,76.19,22.91,1.71,0.53
2001-09-07,0.19,26.23,77.04,21.53,2.62,0.53
2001-09-08,0.12,26.11,75.84,21.32,2.01,0.53
2001-09-09,0.0,26.11,76.42,22.13,1.76,0.53
2001-09-10,0.0,25.94,75.1,22.97,2.08,0.53
2001-09-11,0.0,26.22,75.61,22.01,1.9,0.53
2001-09-12,0.15,26.42,76.64,22.5,1.88,0.52
2001-09-13,0.02,26.36,75.46,23.6,2.18,0.52
2001-09-14,0.01,26.68,74.93,24.66,1.73,0.52
2001-09-15,0.19,27.21,76.03,23.08,1.54,0.52
2001-09-16,0.01,27.61,75.08,24.36,1.56,0.52
2001-09-17,0.03,27.75,74.61,23.42,1.34,0.51
2001-09-18,0.6,27.43,74.89,23.11,1.29,0.51
2001-09-19,0.36,27.36,72.14,23.41,1.35,0.51
2001-09-20,0.46,27.23,72.58,22.75,1.4,0.51
2001-09-21,0.17,26.98,74.02,22.83,1.61,0.51
2001-09-22,0.11,27.12,74.85,22.45,2.0,0.51
2001-09-23,0.11,27.02,74.67,22.02,2.5,0.51
2001-09-24,0.18,27.4,73.41,23.14,2.37,0.51
2001-09-25,0.12,27.5,73.65,22.16,1.82,0.5
2001-09-26,0.15,27.83,70.77,23.92,1.49,0.5
2001-09-27,0.01,27.76,70.73,24.01,1.48,0.5
2001-09-28,0.21,28.14,68.12,25.1,1.35,0.5
2001-09-29,0.04,28.0,70.74,22.79,1.27,0.5
2001-09-30,0.04,27.54,72.99,21.73,1.79,0.5
2001-10-01,1.31,27.44,71.63,22.76,1.43,0.5
2001-10-02,2.23,27.51,71.43,21.08,1.35,0.5
2001-10-03,0.56,27.94,69.61,23.61,1.36,0.5
2001-10-04,0.58,27.74,69.63,23.7,1.59,0.5
2001-10-05,0.24,27.52,70.57,23.25,1.76,0.5
2001-10-06,0.01,27.71,70.9,23.95,1.57,0.5
2001-10-07,0.03,27.68,71.05,23.11,1.74,0.5
2001-10-08,0.72,27.17,73.53,22.22,1.74,0.49
2001-10-09,0.81,26.68,75.4,20.19,1.49,0.49
2001-10-10,30.23,26.61,77.02,20.12,1.2,0.53
2001-10-11,7.41,27.01,78.49,20.4,1.05,0.56
2001-10-12,1.27,26.43,80.73,22.28,1.66,0.56
2001-10-13,0.34,26.9,76.1,21.95,1.22,0.55
2001-10-14,0.35,27.26,76.08,23.19,1.29,0.54
2001-10-15,0.98,27.71,77.4,23.42,1.43,0.54
2001-10-16,0.14,28.18,76.34,24.49,1.76,0.53
2001-10-17,0.71,28.09,75.82,23.5,1.53,0.53
2001-10-18,15.6,27.37,79.4,21.87,2.09,0.54
2001-10-19,0.33,26.86,76.67,24.61,2.21,0.54
2001-10-20,0.63,27.08,76.06,22.69,2.27,0.54
2001-10-21,15.47,26.86,78.76,19.84,1.82,0.54
2001-10-22,31.13,25.74,84.98,19.94,2.24,0.6
2001-10-23,7.01,26.59,81.35,21.38,1.94,0.6
2001-10-24,1.5,27.08,80.37,21.68,1.43,0.6
2001-10-25,8.03,27.19,82.19,22.31,1.71,0.59
2001-10-26,14.71,27.03,82.01,23.01,2.03,0.6
2001-10-27,0.56,27.47,78.43,23.87,1.68,0.59
2001-10-28,0.24,27.55,76.66,24.34,1.51,0.58
2001-10-29,1.39,27.39,76.11,24.12,1.97,0.57
2001-10-30,8.76,27.56,75.76,22.67,1.75,0.56
2001-10-31,22.66,26.38,85.57,17.48,1.26,0.6
2001-11-01,7.7,26.25,85.53,20.61,2.1,0.61
2001-11-02,4.53,26.06,85.87,20.95,2.39,0.61
2001-11-03,0.3,27.23,77.93,23.34,1.97,0.6
2001-11-04,2.15,26.6,81.32,22.79,2.27,0.59
2001-11-05,0.25,27.06,77.58,23.59,2.15,0.58
2001-11-06,0.45,26.96,76.23,23.03,2.39,0.57
2001-11-07,1.68,26.68,78.97,21.37,2.31,0.56
2001-11-08,1.4,27.14,77.4,22.06,2.37,0.56
2001-11-09,0.53,26.99,76.18,23.3,2.45,0.55
2001-11-10,0.0,26.76,73.56,22.44,2.4,0.54
2001-11-11,0.03,26.79,72.26,23.79,2.27,0.54
2001-11-12,0.71,26.77,73.97,22.35,2.12,0.53
2001-11-13,3.18,26.78,79.17,21.61,1.39,0.53
2001-11-14,5.49,26.56,86.33,16.13,0.93,0.54
2001-11-15,5.81,26.8,83.48,21.56,1.29,0.55
2001-11-16,8.32,27.22,80.66,23.17,0.69,0.56
2001-11-17,4.15,26.56,84.5,16.92,0.74,0.57
2001-11-18,12.81,26.29,88.12,18.53,1.2,0.58
2001-11-19,9.1,26.79,82.73,21.47,0.73,0.6
2001-11-20,2.71,27.32,81.7,22.95,0.79,0.6
2001-11-21,3.21,27.35,82.17,20.76,0.91,0.59
2001-11-22,1.59,27.36,77.74,20.14,1.24,0.59
2001-11-23,0.95,27.09,77.4,19.93,1.41,0.58
2001-11-24,5.17,27.25,78.15,16.1,1.53,0.58
2001-11-25,6.38,26.54,83.21,13.76,2.21,0.58
2001-11-26,7.49,26.19,84.02,19.19,1.91,0.59
2001-11-27,2.53,26.58,83.07,18.29,1.93,0.59
2001-11-28,3.6,25.98,87.01,16.75,1.19,0.59
2001-11-29,7.38,26.08,87.33,18.65,0.85,0.59
2001-11-30,11.47,26.09,89.59,19.4,1.95,0.6
2001-12-01,16.12,26.16,85.61,9.43,1.12,0.63
2001-12-02,31.62,25.67,90.99,14.52,2.63,0.65
2001-12-03,21.9,25.82,90.05,13.53,2.76,0.7
2001-12-04,1.21,26.18,80.96,19.03,2.84,0.68
2001-12-05,0.74,26.34,78.95,21.43,2.41,0.65
2001-12-06,3.51,26.03,80.41,21.16,2.45,0.64
2001-12-07,5.53,25.93,81.21,18.06,2.34,0.63
2001-12-08,2.88,25.6,81.96,17.0,1.94,0.62
2001-12-09,4.18,25.41,81.03,14.69,1.96,0.62
2001-12-10,5.76,25.37,81.23,18.36,2.0,0.62
2001-12-11,8.18,25.64,81.09,18.95,1.61,0.62
2001-12-12,3.32,25.48,81.69,15.61,1.87,0.63
2001-12-13,0.06,26.04,78.12,20.46,1.7,0.61
2001-12-14,0.14,26.3,76.89,24.77,1.46,0.6
2001-12-15,0.06,26.75,73.05,25.52,1.04,0.6
2001-12-16,0.88,26.7,75.76,23.22,1.03,0.59
2001-12-17,11.37,25.95,84.35,11.71,1.35,0.59
2001-12-18,14.04,25.44,88.34,15.05,1.54,0.62
2001-12-19,2.51,26.0,81.9,19.09,1.37,0.62
2001-12-20,2.02,26.35,78.19,22.02,1.31,0.62
2001-12-21,2.48,26.35,78.33,24.04,1.75,0.61
2001-12-22,1.4,27.0,78.13,25.47,1.72,0.6
2001-12-23,1.67,26.96,78.56,22.68,1.97,0.6
2001-12-24,5.05,26.5,79.3,24.77,2.06,0.59
2001-12-25,1.17,26.57,78.05,25.44,2.1,0.59
2001-12-26,0.73,26.8,77.41,23.82,1.92,0.59
2001-12-27,0.98,26.72,77.6,22.2,1.96,0.58
2001-12-28,4.76,26.87,76.67,22.25,1.46,0.58
2001-12-29,8.92,26.04,83.32,13.17,1.42,0.59
2001-12-30,3.93,26.83,79.37,21.35,0.75,0.59
2001-12-31,6.29,25.83,86.43,22.01,1.28,0.6
2002-01-01,15.17,25.94,85.83,15.65,2.42,0.61
2002-01-02,9.03,26.4,82.35,20.59,2.51,0.63
2002-01-03,7.35,26.54,81.13,21.06,2.08,0.63
2002-01-04,7.23,26.53,80.46,20.88,1.95,0.63
2002-01-05,7.11,26.0,83.48,12.5,1.19,0.63
2002-01-06,2.19,25.55,87.1,21.8,1.75,0.63
2002-01-07,2.6,26.19,83.94,23.13,1.97,0.62
2002-01-08,0.06,26.63,76.45,26.56,1.59,0.61
2002-01-09,0.15,27.03,75.43,24.68,1.34,0.6
2002-01-10,1.76,27.21,75.4,25.55,1.35,0.6
2002-01-11,2.57,27.02,78.4,25.25,1.96,0.59
2002-01-12,0.12,27.45,75.69,24.62,1.65,0.59
2002-01-13,1.79,27.52,78.06,22.15,1.35,0.58
2002-01-14,3.07,27.18,80.71,19.04,0.74,0.58
2002-01-15,0.5,26.75,85.09,23.22,0.89,0.58
2002-01-16,6.84,27.07,83.01,22.33,1.39,0.59
2002-01-17,4.29,26.59,80.83,17.92,1.06,0.59
2002-01-18,5.65,26.13,86.5,21.47,1.18,0.6
2002-01-19,11.91,26.41,85.2,15.85,0.6,0.61
2002-01-20,10.8,26.75,85.13,21.72,0.78,0.62
2002-01-21,5.59,26.08,88.36,15.63,1.34,0.63
2002-01-22,4.41,25.67,91.27,16.93,1.71,0.63
2002-01-23,6.97,25.9,87.99,17.0,1.25,0.64
2002-01-24,3.68,26.12,86.23,17.47,1.38,0.64
2002-01-25,7.11,25.9,90.22,17.29,1.9,0.64
2002-01-26,9.47,25.55,91.9,17.02,2.76,0.64
2002-01-27,2.08,25.92,89.38,20.72,2.23,0.64
2002-01-28,3.3,26.63,88.27,17.28,2.29,0.64
2002-01-29,12.48,26.17,89.77,7.6,2.05,0.64
2002-01-30,18.66,25.71,90.82,19.64,1.4,0.67
2002-01-31,6.72,25.54,88.86,11.09,1.48,0.68
2002-02-01,2.82,25.55,90.1,11.4,2.07,0.67
2002-02-02,18.98,25.64,89.44,14.55,2.14,0.67
2002-02-03,24.66,26.01,90.5,14.89,2.29,0.69
2002-02-04,36.98,25.74,92.06,11.43,2.5,0.73
2002-02-05,19.13,25.9,92.28,11.01,2.41,0.76
2002-02-06,23.42,26.08,91.59,9.48,2.45,0.75
2002-02-07,13.64,26.42,86.82,9.12,2.42,0.76
2002-02-08,3.06,25.6,88.84,20.04,2.53,0.73
2002-02-09,4.54,25.69,89.48,12.01,2.69,0.72
2002-02-10,3.35,25.57,89.83,15.57,2.45,0.71
2002-02-11,1.97,25.77,88.92,19.06,2.04,0.7
2002-02-12,6.31,25.34,89.17,19.48,1.74,0.69
2002-02-13,21.48,25.88,89.08,8.08,1.62,0.71
2002-02-14,15.1,25.58,88.0,14.2,2.14,0.73
2002-02-15,5.43,25.77,85.62,12.09,1.97,0.72
2002-02-16,7.07,25.55,90.42,17.12,1.97,0.72
2002-02-17,37.0,25.55,87.45,10.34,1.68,0.74
2002-02-18,11.77,25.38,90.0,18.11,1.57,0.77
2002-02-19,1.37,25.69,88.5,20.44,1.36,0.75
2002-02-20,9.22,26.12,88.71,18.67,1.46,0.74
2002-02-21,14.41,25.5,91.82,17.86,1.68,0.74
2002-02-22,10.89,25.27,92.52,11.65,2.29,0.75
2002-02-23,18.28,25.31,92.23,15.62,1.94,0.75
2002-02-24,19.56,25.01,90.35,16.96,2.28,0.78
2002-02-25,3.46,26.04,85.37,20.38,1.29,0.76
2002-02-26,1.78,26.24,82.75,25.03,1.39,0.75
2002-02-27,0.76,26.87,77.54,25.64,0.89,0.74
2002-02-28,0.4,26.92,80.06,23.86,1.26,0.73
2002-03-01,0.34,26.64,77.48,23.81,1.29,0.72
2002-03-02,0.49,26.5,80.14,23.28,1.48,0.71
2002-03-03,0.1,26.35,78.94,26.26,1.69,0.71
2002-03-04,0.27,26.45,82.84,22.23,1.49,0.7
2002-03-05,6.22,26.02,88.73,19.04,1.64,0.7
2002-03-06,34.14,26.07,90.5,19.06,0.75,0.73
2002-03-07,20.1,25.37,90.88,10.84,1.79,0.77
2002-03-08,5.02,25.37,91.01,18.29,1.71,0.77
2002-03-09,6.93,25.2,91.99,18.75,1.59,0.76
2002-03-10,2.58,25.62,89.02,18.16,1.68,0.75
2002-03-11,1.04,26.46,84.02,22.1,1.32,0.74
2002-03-12,1.09,26.94,79.81,23.92,1.3,0.74
2002-03-13,16.87,27.11,80.84,23.09,1.21,0.74
2002-03-14,6.22,27.19,80.86,24.11,0.91,0.75
2002-03-15,1.5,27.05,81.03,25.12,1.46,0.74
2002-03-16,0.42,26.9,80.94,22.52,1.16,0.74
2002-03-17,0.51,27.05,82.28,22.69,0.76,0.73
2002-03-18,0.69,27.26,81.87,20.19,1.14,0.73
2002-03-19,9.94,26.96,83.14,20.2,1.44,0.73
2002-03-20,1.83,27.26,77.9,24.29,1.1,0.74
2002-03-21,0.4,27.13,80.06,23.91,1.49,0.73
2002-03-22,4.62,27.45,80.52,22.94,0.85,0.72
2002-03-23,5.19,26.55,89.19,22.12,1.05,0.73
2002-03-24,1.04,27.36,80.48,21.79,1.02,0.73
2002-03-25,1.91,27.23,83.87,22.67,1.27,0.72
2002-03-26,3.27,27.19,83.64,21.34,0.74,0.72
2002-03-27,6.43,25.88,91.39,11.72,1.72,0.72
2002-03-28,2.73,25.47,87.27,19.97,1.45,0.73
2002-03-29,1.66,25.8,84.35,21.73,0.97,0.73
2002-03-30,1.91,26.26,84.72,18.48,1.11,0.72
2002-03-31,4.26,26.05,89.35,11.46,1.75,0.72
2002-04-01,5.14,25.75,90.85,17.53,1.41,0.73
2002-04-02,4.73,25.77,86.16,20.61,1.27,0.73
2002-04-03,0.55,26.3,81.59,18.3,0.9,0.73
2002-04-04,15.87,26.41,81.76,19.7,0.93,0.73
2002-04-05,1.01,25.95,84.34,19.87,1.02,0.74
2002-04-06,0.86,26.96,81.57,23.58,1.43,0.73
2002-04-07,0.19,27.01,80.25,23.7,1.83,0.72
2002-04-08,3.09,27.19,80.5,23.26,1.19,0.71
2002-04-09,10.15,27.17,81.81,21.58,1.14,0.72
2002-04-10,3.75,27.37,77.4,21.46,0.77,0.73
2002-04-11,5.24,26.44,85.95,14.55,1.83,0.72
2002-04-12,11.14,26.13,85.91,12.15,2.35,0.74
2002-04-13,2.45,27.01,84.86,17.31,1.34,0.73
2002-04-14,3.29,26.88,87.21,21.21,1.31,0.73
2002-04-15,7.46,27.2,79.35,21.46,0.78,0.73
2002-04-16,2.72,26.8,82.5,21.65,1.07,0.73
2002-04-17,3.87,26.66,80.56,17.4,0.87,0.73
2002-04-18,7.18,26.44,84.15,18.89,1.18,0.73
2002-04-19,2.0,26.31,85.78,18.89,1.37,0.73
2002-04-20,0.29,27.11,77.81,21.75,1.47,0.72
2002-04-21,0.02,26.83,78.92,21.6,1.44,0.72
2002-04-22,0.0,27.27,76.98,22.59,1.01,0.71
2002-04-23,0.49,27.43,78.57,21.95,1.16,0.7
2002-04-24,3.52,27.28,81.12,21.23,1.31,0.7
2002-04-25,0.1,27.17,79.19,21.14,1.88,0.7
2002-04-26,0.01,26.83,79.1,22.3,1.86,0.7
2002-04-27,0.05,27.0,78.97,21.98,1.53,0.69
2002-04-28,0.0,26.93,78.06,22.47,1.81,0.68
2002-04-29,0.01,26.83,79.21,22.45,1.84,0.68
2002-04-30,0.0,26.7,78.86,22.76,1.7,0.68
2002-05-01,0.25,27.38,82.12,20.79,1.52,0.67
2002-05-02,0.13,27.19,80.61,20.39,1.7,0.67
2002-05-03,0.47,27.01,81.63,21.06,1.9,0.67
2002-05-04,0.71,26.99,83.68,20.9,2.08,0.66
2002-05-05,1.2,26.82,82.8,20.89,2.04,0.66
2002-05-06,0.68,26.83,83.02,20.66,1.84,0.66
2002-05-07,1.35,27.08,81.38,19.17,1.5,0.66
2002-05-08,0.07,27.19,80.69,19.73,1.63,0.65
2002-05-09,0.53,26.88,81.0,19.15,1.59,0.65
2002-05-10,0.16,27.13,78.32,20.0,1.22,0.65
2002-05-11,1.54,27.04,76.84,19.41,1.33,0.65
2002-05-12,32.24,26.63,82.09,17.56,1.21,0.67
2002-05-13,2.9,26.49,78.12,20.39,1.51,0.7
2002-05-14,0.0,25.98,78.99,21.44,1.65,0.69
2002-05-15,0.31,26.18,75.54,21.07,1.29,0.68
2002-05-16,0.22,26.17,77.95,20.1,1.45,0.67
2002-05-17,0.0,26.07,76.66,21.31,1.64,0.66
2002-05-18,3.92,26.11,79.39,20.68,1.62,0.66
2002-05-19,1.29,25.96,78.18,21.1,1.88,0.66
2002-05-20,0.0,25.77,75.78,21.14,1.67,0.65
2002-05-21,0.02,25.84,77.64,20.6,1.3,0.65
2002-05-22,0.22,26.04,75.78,19.79,1.11,0.64
2002-05-23,0.09,25.97,78.47,20.17,1.17,0.64
2002-05-24,0.18,25.91,77.55,20.05,1.58,0.64
2002-05-25,0.38,26.02,77.56,19.51,1.65,0.63
2002-05-26,0.0,26.29,77.9,20.2,1.74,0.63
2002-05-27,0.07,26.34,78.49,20.35,1.8,0.62
2002-05-28,0.09,26.11,79.59,19.82,1.97,0.62
2002-05-29,0.03,25.95,78.78,19.49,2.17,0.62
2002-05-30,0.1,25.8,75.88,19.92,2.12,0.61
2002-05-31,0.01,25.48,76.22,19.51,2.08,0.61
2002-06-01,0.58,25.4,79.14,17.61,1.6,0.61
2002-06-02,0.1,25.78,76.67,19.4,1.61,0.61
2002-06-03,0.14,26.0,74.78,19.87,1.63,0.6
2002-06-04,0.21,26.22,77.76,18.98,1.31,0.6
2002-06-05,0.2,26.29,80.48,18.92,1.78,0.6
2002-06-06,0.0,26.35,77.72,19.35,1.58,0.6
2002-06-07,0.14,26.22,76.93,19.0,1.98,0.6
2002-06-08,0.17,25.62,73.69,15.68,2.2,0.59
2002-06-09,0.0,25.98,76.16,18.68,2.13,0.59
2002-06-10,0.0,26.4,76.72,19.41,1.98,0.59
2002-06-11,0.01,26.22,77.36,17.9,1.79,0.58
2002-06-12,0.04,26.33,78.84,17.15,2.13,0.58
2002-06-13,0.06,25.83,82.09,12.0,2.25,0.58
2002-06-14,0.02,25.4,80.84,18.01,2.01,0.58
2002-06-15,0.05,25.55,79.88,17.43,1.82,0.58
2002-06-16,0.04,25.21,79.11,18.32,1.99,0.58
2002-06-17,0.0,24.52,77.44,19.27,2.0,0.57
2002-06-18,0.02,24.93,78.18,17.83,2.33,0.57
2002-06-19,0.01,25.56,77.67,18.55,2.21,0.57
2002-06-20,0.04,25.48,77.41,18.06,2.03,0.57
2002-06-21,0.0,24.54,74.88,19.41,2.33,0.56
2002-06-22,0.0,24.65,74.56,18.8,2.38,0.56
2002-06-23,0.01,25.0,74.86,17.6,2.05,0.56
2002-06-24,1.19,24.71,80.32,15.85,2.3,0.56
2002-06-25,0.05,24.43,78.41,18.74,2.38,0.56
2002-06-26,0.01,23.9,75.78,18.9,2.26,0.56
2002-06-27,0.0,23.87,74.67,18.3,2.13,0.55
2002-06-28,0.11,23.9,75.76,19.47,1.83,0.55
2002-06-29,0.08,24.63,73.33,19.45,1.24,0.55
2002-06-30,0.01,24.83,72.88,19.08,1.42,0.55
2002-07-01,0.03,25.04,75.57,19.26,2.04,0.55
2002-07-02,0.0,24.39,70.54,19.85,2.45,0.54
2002-07-03,0.0,24.24,70.36,18.13,2.0,0.54
2002-07-04,0.1,24.4,76.89,17.64,2.2,0.54
2002-07-05,0.24,24.76,79.29,16.5,1.98,0.54
2002-07-06,0.0,24.79,76.15,19.4,2.04,0.54
2002-07-07,0.0,24.38,76.72,18.07,2.0,0.54
2002-07-08,0.03,24.8,75.85,17.53,1.94,0.53
2002-07-09,0.02,25.24,75.25,18.53,2.1,0.53
2002-07-10,0.0,25.05,75.29,18.39,2.24,0.53
2002-07-11,0.0,25.28,76.07,18.9,1.95,0.53
2002-07-12,0.02,25.17,76.91,18.82,2.21,0.53
2002-07-13,0.1,24.42,75.54,17.62,2.68,0.53
2002-07-14,0.0,24.34,75.34,16.78,2.15,0.52
2002-07-15,0.11,24.75,77.45,17.77,1.99,0.52
2002-07-16,0.04,25.0,76.85,19.26,1.89,0.52
2002-07-17,0.04,25.16,75.47,18.57,1.86,0.52
2002-07-18,0.12,25.0,77.26,19.18,1.78,0.52
2002-07-19,0.83,24.79,77.38,13.7,1.97,0.52
2002-07-20,1.41,24.82,72.05,19.78,1.67,0.52
2002-07-21,1.57,25.05,75.45,16.18,1.66,0.52
2002-07-22,0.54,25.52,78.72,19.49,1.51,0.52
2002-07-23,0.03,25.66,76.09,20.43,1.99,0.52
2002-07-24,0.0,25.14,75.19,20.78,1.93,0.52
2002-07-25,0.0,24.66,74.6,18.75,2.0,0.51
2002-07-26,0.16,24.83,76.29,19.12,1.53,0.51
2002-07-27,0.19,25.01,76.66,19.68,2.03,0.51
2002-07-28,0.18,25.41,74.76,19.51,1.82,0.51
2002-07-29,0.15,25.68,75.56,19.47,1.38,0.51
2002-07-30,0.19,26.09,74.59,19.46,1.3,0.51
2002-07-31,0.83,26.1,74.75,19.25,1.74,0.51
2002-08-01,0.03,25.54,73.32,20.76,2.07,0.51
2002-08-02,0.0,25.06,69.88,19.9,1.81,0.5
2002-08-03,0.0,24.62,70.84,20.76,1.96,0.5
2002-08-04,0.0,24.39,71.37,21.65,1.98,0.5
2002-08-05,0.0,24.37,73.07,20.84,2.55,0.5
2002-08-06,0.16,25.28,72.9,19.82,1.72,0.5
2002-08-07,0.12,25.98,73.0,20.59,1.44,0.5
2002-08-08,0.01,26.37,73.33,20.27,1.03,0.5
2002-08-09,0.28,26.02,71.17,20.89,1.28,0.49
2002-08-10,0.0,25.49,72.93,20.95,1.88,0.49
2002-08-11,0.0,24.56,70.76,20.75,2.38,0.49
2002-08-12,0.0,24.28,72.09,20.23,2.36,0.49
2002-08-13,0.0,24.09,74.1,21.76,2.09,0.49
2002-08-14,0.45,24.16,74.95,19.32,2.15,0.49
2002-08-15,0.1,24.24,73.66,19.16,2.15,0.49
2002-08-16,0.28,24.67,72.68,19.44,1.88,0.49
2002-08-17,0.82,24.91,69.1,19.91,1.82,0.49
2002-08-18,0.01,24.86,66.63,21.11,2.18,0.49
2002-08-19,0.01,24.37,69.3,21.32,2.09,0.49
2002-08-20,0.05,24.81,70.66,21.32,1.88,0.48
2002-08-21,0.0,25.06,71.57,21.05,1.71,0.48
2002-08-22,0.0,25.04,70.68,20.9,2.11,0.48
2002-08-23,0.0,24.86,73.76,20.16,2.17,0.48
2002-08-24,0.0,25.03,72.39,22.92,1.94,0.48
2002-08-25,0.03,25.02,71.3,22.08,1.94,0.48
2002-08-26,0.25,25.28,67.97,21.05,1.69,0.48
2002-08-27,0.0,25.28,66.12,21.62,1.68,0.48
2002-08-28,0.0,25.2,66.0,22.8,1.85,0.48
2002-08-29,0.0,24.96,64.54,23.26,1.96,0.48
2002-08-30,0.0,24.75,65.98,23.61,1.83,0.47
2002-08-31,0.12,25.07,71.75,20.95,1.38,0.47
2002-09-01,0.19,25.36,72.35,18.0,1.31,0.47
2002-09-02,0.0,25.25,73.01,21.43,1.93,0.47
2002-09-03,0.0,24.83,71.93,22.72,2.16,0.47
2002-09-04,0.0,24.54,71.2,21.24,2.27,0.47
2002-09-05,0.0,24.22,70.24,22.4,2.39,0.47
2002-09-06,0.0,23.9,70.1,23.37,2.42,0.47
2002-09-07,0.0,24.4,69.45,23.61,2.07,0.47
2002-09-08,0.0,24.49,71.66,22.79,2.03,0.47
2002-09-09,0.0,24.61,69.71,24.56,1.71,0.47
2002-09-10,0.0,24.75,73.75,21.99,2.34,0.47
2002-09-11,0.07,25.44,71.64,21.44,2.29,0.47
2002-09-12,0.03,25.58,70.89,21.73,1.96,0.47
2002-09-13,0.0,25.66,68.75,24.68,1.97,0.47
2002-09-14,0.0,25.91,73.44,22.3,2.07,0.47
2002-09-15,0.01,25.64,72.82,22.62,2.7,0.46
2002-09-16,0.21,25.42,74.06,21.12,2.67,0.46
2002-09-17,0.1,25.78,73.79,20.01,2.25,0.46
2002-09-18,0.0,26.34,71.29,23.34,1.87,0.46
2002-09-19,0.1,26.36,72.78,22.72,1.77,0.46
2002-09-20,0.18,26.53,72.55,23.87,1.82,0.46
2002-09-21,0.65,26.77,72.13,23.97,1.64,0.46
2002-09-22,0.01,26.67,69.0,23.46,1.96,0.46
2002-09-23,0.0,25.95,71.33,23.15,2.4,0.46
2002-09-24,0.0,25.71,71.19,22.03,2.34,0.46
2002-09-25,0.0,25.8,71.8,22.59,1.85,0.46
2002-09-26,0.0,26.33,71.96,23.62,1.66,0.46
2002-09-27,0.0,26.88,73.69,23.36,2.25,0.46
2002-09-28,0.08,26.89,72.45,23.41,2.18,0.46
2002-09-29,0.03,26.38,71.95,23.66,2.36,0.46
2002-09-30,0.0,25.89,72.92,23.55,2.58,0.46
2002-10-01,0.0,26.65,71.11,23.79,1.74,0.46
2002-10-02,0.82,27.29,72.14,24.23,1.61,0.46
2002-10-03,0.19,28.02,66.97,24.88,1.49,0.46
2002-10-04,0.0,28.03,66.67,25.39,1.3,0.45
2002-10-05,0.27,27.73,69.95,25.34,2.05,0.45
2002-10-06,0.0,26.73,70.0,23.89,2.22,0.45
2002-10-07,0.44,26.35,71.26,22.03,2.6,0.45
2002-10-08,0.52,26.42,72.94,23.19,2.18,0.45
2002-10-09,0.0,26.75,72.12,25.16,2.36,0.45
2002-10-10,0.0,27.04,71.15,26.24,2.26,0.45
2002-10-11,0.0,27.36,71.34,25.83,2.2,0.45
2002-10-12,0.05,28.11,70.48,24.95,1.72,0.45
2002-10-13,0.0,28.39,66.47,25.99,1.28,0.45
2002-10-14,0.07,28.4,67.21,25.46,1.22,0.45
2002-10-15,0.38,28.34,70.42,24.76,1.65,0.45
2002-10-16,0.01,28.35,69.16,25.42,1.72,0.45
2002-10-17,0.01,28.18,67.36,25.99,1.64,0.45
2002-10-18,0.0,28.01,66.81,26.8,1.78,0.45
2002-10-19,0.0,28.12,64.72,26.66,1.49,0.44
2002-10-20,1.27,27.97,68.41,25.95,1.64,0.45
2002-10-21,0.52,28.3,67.67,26.14,1.68,0.45
2002-10-22,0.0,28.51,67.36,25.25,1.14,0.45
2002-10-23,0.0,27.68,70.39,24.69,1.63,0.44
2002-10-24,0.0,28.27,65.38,25.66,1.11,0.44
2002-10-25,0.03,28.97,64.89,25.26,1.05,0.44
2002-10-26,1.06,29.13,66.47,24.34,1.19,0.44
2002-10-27,1.29,28.72,68.23,26.18,1.55,0.45
2002-10-28,0.55,28.29,70.7,24.9,1.85,0.45
2002-10-29,1.74,28.41,69.08,24.85,1.55,0.45
2002-10-30,14.95,28.07,73.31,24.6,1.35,0.46
2002-10-31,5.42,28.38,74.63,22.06,1.18,0.48
2002-11-01,8.62,27.69,79.27,21.61,1.46,0.49
2002-11-02,0.59,27.82,76.87,22.17,1.76,0.49
2002-11-03,3.04,27.84,78.05,22.37,1.95,0.49
2002-11-04,12.43,28.06,76.31,23.36,1.49,0.49
2002-11-05,49.48,27.24,81.82,22.06,1.99,0.57
2002-11-06,11.96,27.79,78.72,23.74,1.56,0.6
2002-11-07,0.2,28.31,76.1,24.31,1.55,0.58
2002-11-08,0.55,28.44,74.84,25.52,1.54,0.56
2002-11-09,0.21,28.77,73.42,25.01,1.23,0.54
2002-11-10,0.06,28.87,72.69,25.18,1.51,0.53
2002-11-11,0.18,28.61,73.77,24.85,1.79,0.52
2002-11-12,0.16,28.53,72.32,24.86,1.74,0.51
2002-11-13,0.55,28.43,74.13,25.39,1.76,0.5
2002-11-14,5.82,28.21,75.18,22.66,1.58,0.5
2002-11-15,6.87,27.94,76.98,23.36,1.97,0.51
2002-11-16,5.91,28.64,75.28,23.05,1.49,0.52
2002-11-17,0.38,28.6,75.18,24.36,1.35,0.51
2002-11-18,6.84,27.79,80.73,22.13,1.75,0.51
2002-11-19,12.35,27.03,84.6,22.24,1.92,0.53
2002-11-20,11.09,27.27,84.05,22.23,1.5,0.55
2002-11-21,1.93,27.85,79.79,24.23,1.72,0.55
2002-11-22,15.22,27.75,80.55,21.47,1.61,0.55
2002-11-23,1.27,27.92,76.78,23.36,1.9,0.56
2002-11-24,1.2,27.49,77.46,21.84,1.94,0.54
2002-11-25,6.5,27.03,80.5,20.19,2.19,0.54
2002-11-26,21.85,26.2,83.89,18.27,2.2,0.55
2002-11-27,15.59,25.87,89.6,18.52,2.13,0.59
2002-11-28,4.3,26.65,86.7,18.15,1.15,0.59
2002-11-29,56.29,26.58,84.59,20.01,0.49,0.62
2002-11-30,64.16,25.98,91.4,21.21,1.57,0.72
2002-12-01,29.31,25.6,92.09,19.2,2.08,0.76
2002-12-02,18.73,25.63,92.1,18.13,1.95,0.76
2002-12-03,8.1,25.78,86.75,17.37,1.82,0.74
2002-12-04,3.61,26.02,85.81,20.29,1.69,0.71
2002-12-05,5.56,26.54,86.35,21.78,1.82,0.69
2002-12-06,7.06,26.66,86.27,22.91,1.11,0.67
2002-12-07,1.33,28.15,76.33,24.74,0.69,0.66
2002-12-08,6.43,27.44,84.55,20.58,1.23,0.65
2002-12-09,7.56,27.57,77.12,22.65,1.55,0.64
2002-12-10,3.13,27.46,81.91,24.1,0.9,0.64
2002-12-11,1.37,27.31,81.6,22.48,0.79,0.63
2002-12-12,6.36,26.99,84.09,16.2,0.72,0.63
2002-12-13,7.64,26.42,87.41,14.46,1.62,0.64
2002-12-14,6.94,26.93,82.43,18.26,0.94,0.64
2002-12-15,4.84,28.02,76.74,23.32,0.86,0.64
2002-12-16,3.35,28.69,73.86,25.29,0.7,0.63
2002-12-17,3.62,28.49,75.67,24.5,1.54,0.62
2002-12-18,5.38,28.77,76.24,25.18,1.61,0.62
2002-12-19,12.08,28.83,75.88,25.35,1.16,0.62
2002-12-20,4.43,28.41,77.48,23.58,0.89,0.63
2002-12-21,0.4,28.71,76.39,23.63,0.77,0.62
2002-12-22,1.02,27.84,79.64,22.13,0.55,0.62
2002-12-23,3.67,28.59,75.22,21.3,0.51,0.62
2002-12-24,1.94,26.74,85.93,17.35,0.94,0.62
2002-12-25,12.75,26.63,83.73,13.46,0.99,0.62
2002-12-26,7.69,26.29,86.22,20.14,0.71,0.65
2002-12-27,7.02,26.83,83.71,16.78,0.77,0.64
2002-12-28,20.33,26.92,86.64,21.36,1.64,0.66
2002-12-29,7.54,26.7,88.04,12.59,2.18,0.68
2002-12-30,38.47,26.38,88.54,18.01,2.13,0.69
2002-12-31,19.86,26.17,87.69,15.46,1.78,0.74
2003-01-01,17.5,26.13,88.87,18.91,2.1,0.72
2003-01-02,25.52,26.04,91.3,5.36,2.39,0.75
2003-01-03,9.14,26.11,87.73,13.87,1.65,0.74
2003-01-04,10.56,26.25,86.15,15.9,1.62,0.73
2003-01-05,34.94,26.8,83.08,16.77,1.09,0.73
2003-01-06,51.69,26.11,89.76,11.53,1.82,0.8
2003-01-07,16.5,25.95,90.61,13.7,2.69,0.8
2003-01-08,14.42,26.44,85.42,15.11,1.82,0.78
2003-01-09,21.83,26.44,84.94,14.77,1.45,0.79
2003-01-10,6.68,26.1,89.14,17.52,2.12,0.78
2003-01-11,5.06,26.11,89.24,14.78,1.91,0.77
2003-01-12,7.37,26.76,85.28,18.36,1.78,0.76
2003-01-13,10.07,26.41,88.51,18.68,1.9,0.75
2003-01-14,7.05,26.33,85.42,16.06,2.17,0.76
2003-01-15,3.43,26.78,84.75,19.64,1.84,0.75
2003-01-16,2.08,26.13,85.61,21.27,1.35,0.74
2003-01-17,1.33,26.69,83.18,24.62,1.22,0.73
2003-01-18,6.48,26.99,81.55,22.42,1.24,0.73
2003-01-19,3.09,26.82,81.94,22.49,1.24,0.73
2003-01-20,0.74,27.04,82.87,22.64,1.39,0.72
2003-01-21,3.44,26.8,85.54,22.31,1.84,0.72
2003-01-22,14.93,26.31,86.66,17.39,1.95,0.73
2003-01-23,25.1,26.09,87.75,6.87,2.32,0.76
2003-01-24,12.78,26.68,88.06,17.29,1.95,0.77
2003-01-25,5.78,26.01,90.66,18.6,1.93,0.77
2003-01-26,3.36,26.49,85.91,19.78,1.58,0.76
2003-01-27,14.9,26.52,85.25,8.45,0.83,0.77
2003-01-28,8.18,26.32,86.82,14.7,1.39,0.77
2003-01-29,3.28,25.68,90.04,22.87,1.63,0.77
2003-01-30,3.36,26.02,86.55,20.65,0.69,0.76
2003-01-31,4.99,26.58,84.47,20.9,0.68,0.76
2003-02-01,12.64,26.33,86.62,23.48,1.15,0.76
2003-02-02,9.16,25.78,87.97,14.42,1.31,0.77
2003-02-03,7.32,26.0,85.76,18.42,1.28,0.77
2003-02-04,6.53,26.34,86.13,18.89,1.81,0.77
2003-02-05,12.84,25.77,92.42,13.78,2.0,0.77
2003-02-06,2.72,26.03,85.8,17.94,1.31,0.78
2003-02-07,1.18,26.45,81.55,18.76,0.88,0.77
2003-02-08,13.7,26.57,85.72,20.51,1.51,0.77
2003-02-09,12.68,26.61,87.96,21.88,1.39,0.78
2003-02-10,4.41,26.62,84.44,21.25,1.33,0.78
2003-02-11,3.27,26.68,86.36,15.13,1.39,0.78
2003-02-12,0.76,26.56,88.33,24.29,1.71,0.77
2003-02-13,3.65,27.23,84.56,21.47,1.28,0.77
2003-02-14,7.07,26.23,87.04,19.97,1.37,0.77
2003-02-15,11.28,25.94,88.92,15.65,1.61,0.78
2003-02-16,11.2,25.92,91.61,12.22,1.75,0.79
2003-02-17,12.88,26.1,86.0,12.86,1.59,0.79
2003-02-18,30.38,25.58,91.24,13.08,2.04,0.81
2003-02-19,18.5,25.49,86.57,9.91,2.13,0.83
2003-02-20,4.92,25.83,88.39,17.35,1.9,0.83
2003-02-21,6.04,26.1,89.38,20.47,2.49,0.82
2003-02-22,10.67,26.06,90.08,12.1,2.19,0.82
2003-02-23,10.27,26.36,91.55,21.19,2.27,0.82
2003-02-24,7.71,26.84,88.75,17.37,2.43,0.82
2003-02-25,9.81,26.47,89.98,8.0,2.13,0.83
2003-02-26,11.12,26.6,91.35,17.29,2.66,0.83
2003-02-27,20.41,26.74,90.27,10.16,2.91,0.84
2003-02-28,8.68,26.65,89.4,9.36,2.45,0.85
2003-03-01,5.06,26.09,88.74,17.6,2.6,0.84
2003-03-02,2.46,25.91,86.96,19.76,2.22,0.84
2003-03-03,7.81,25.8,90.02,13.9,2.04,0.83
2003-03-04,13.42,25.85,91.22,21.93,1.98,0.84
2003-03-05,7.39,25.74,91.23,14.38,1.78,0.85
2003-03-06,3.19,26.16,88.33,10.07,1.74,0.84
2003-03-07,4.41,26.12,88.92,16.07,1.32,0.84
2003-03-08,25.11,25.91,89.7,18.25,1.57,0.85
2003-03-09,10.38,25.19,90.94,13.74,1.46,0.87
2003-03-10,5.48,25.57,90.02,17.52,1.69,0.86
2003-03-11,3.1,25.78,88.55,21.12,1.58,0.86
2003-03-12,0.55,26.53,79.97,24.68,1.43,0.85
2003-03-13,0.39,27.16,74.43,23.28,0.83,0.84
2003-03-14,1.61,26.25,82.34,22.15,0.99,0.84
2003-03-15,0.9,26.03,84.59,21.07,0.98,0.83
2003-03-16,0.46,26.28,84.34,24.38,0.98,0.83
2003-03-17,0.76,26.65,81.13,22.67,0.96,0.83
2003-03-18,0.72,26.64,73.05,25.16,1.17,0.82
2003-03-19,0.05,26.8,74.17,24.45,1.14,0.81
2003-03-20,0.11,26.95,77.34,23.35,1.08,0.8
2003-03-21,0.02,27.34,77.71,23.45,1.32,0.8
2003-03-22,3.35,27.59,79.37,21.29,1.18,0.79
2003-03-23,1.57,26.99,81.98,21.9,0.62,0.79
2003-03-24,5.21,27.36,78.8,23.64,1.0,0.79
2003-03-25,5.11,27.65,75.64,23.81,0.97,0.79
2003-03-26,0.11,27.18,75.38,24.66,1.48,0.79
2003-03-27,0.01,26.76,76.48,23.87,1.7,0.78
2003-03-28,0.02,26.77,76.3,23.88,1.25,0.77
2003-03-29,0.16,27.34,77.39,23.86,1.49,0.76
2003-03-30,0.87,27.57,80.89,23.02,1.84,0.76
2003-03-31,1.06,27.16,82.43,21.08,1.99,0.76
2003-04-01,6.53,26.93,85.28,18.29,2.16,0.76
2003-04-02,8.72,25.91,91.42,10.61,1.88,0.77
2003-04-03,4.68,26.77,87.35,14.76,2.05,0.77
2003-04-04,7.32,26.67,87.09,17.94,1.86,0.77
2003-04-05,11.95,26.23,87.42,9.79,1.88,0.78
2003-04-06,13.56,25.38,88.17,19.22,1.45,0.78
2003-04-07,3.67,26.69,83.53,20.14,1.02,0.79
2003-04-08,0.9,26.15,87.25,20.48,1.03,0.78
2003-04-09,1.07,26.57,85.29,20.62,1.47,0.78
2003-04-10,6.27,26.98,83.65,21.41,1.26,0.77
2003-04-11,0.43,26.85,79.67,23.44,1.56,0.77
2003-04-12,2.64,26.58,81.81,22.37,1.44,0.76
2003-04-13,1.85,27.13,77.47,23.31,1.42,0.76
2003-04-14,0.46,27.67,75.88,22.16,1.22,0.76
2003-04-15,0.67,27.71,79.66,23.06,1.45,0.75
2003-04-16,2.27,27.51,80.53,21.95,1.23,0.74
2003-04-17,2.86,27.4,81.28,21.56,1.45,0.74
2003-04-18,0.12,27.31,80.04,21.31,1.25,0.74
2003-04-19,0.07,27.04,80.3,23.27,1.82,0.74
2003-04-20,0.0,26.75,74.19,23.02,1.78,0.73
2003-04-21,0.53,27.54,77.64,20.42,1.62,0.72
2003-04-22,0.91,27.34,81.52,21.81,1.89,0.72
2003-04-23,0.15,26.91,78.37,20.39,1.89,0.72
2003-04-24,1.97,27.16,80.66,20.69,1.47,0.72
2003-04-25,1.09,27.1,80.18,19.6,1.57,0.72
2003-04-26,0.0,26.6,78.04,22.01,2.03,0.71
2003-04-27,0.1,26.47,77.08,21.31,1.94,0.71
2003-04-28,0.04,26.38,78.15,21.66,2.12,0.7
2003-04-29,7.5,26.31,81.37,20.81,2.05,0.7
2003-04-30,26.96,26.65,82.76,18.07,1.97,0.74
2003-05-01,0.14,26.84,81.92,20.37,1.87,0.73
2003-05-02,0.02,26.67,82.22,21.6,2.03,0.72
2003-05-03,1.34,26.89,85.41,19.19,1.99,0.71
2003-05-04,6.21,26.57,89.34,15.85,2.17,0.71
2003-05-05,17.97,26.27,89.91,13.78,1.83,0.73
2003-05-06,6.48,26.88,84.82,19.33,1.71,0.74
2003-05-07,5.27,27.0,87.15,19.33,1.75,0.74
2003-05-08,30.12,26.72,88.53,17.91,1.14,0.75
2003-05-09,2.05,26.81,84.87,19.09,1.55,0.76
2003-05-10,0.34,26.8,82.8,19.25,1.68,0.74
2003-05-11,1.17,26.45,82.92,20.72,1.72,0.73
2003-05-12,0.21,26.34,80.15,20.78,1.52,0.72
2003-05-13,0.1,26.09,79.48,19.84,1.53,0.72
2003-05-14,0.3,25.71,80.91,19.26,1.7,0.71
2003-05-15,0.04,25.13,80.29,21.54,1.88,0.71
2003-05-16,0.05,25.24,79.19,22.22,1.92,0.7
2003-05-17,0.03,25.01,77.13,21.14,1.79,0.7
2003-05-18,1.03,25.01,76.84,21.04,1.42,0.7
2003-05-19,0.4,25.34,78.13,20.85,1.39,0.7
2003-05-20,0.0,25.42,80.66,20.32,1.56,0.69
2003-05-21,1.55,25.26,84.46,16.4,1.85,0.69
2003-05-22,21.23,25.63,86.8,14.98,1.53,0.7
2003-05-23,6.8,26.08,83.24,19.21,1.73,0.73
2003-05-24,0.59,26.14,81.76,20.39,1.9,0.72
2003-05-25,0.31,25.97,81.15,19.65,2.1,0.71
2003-05-26,0.0,25.63,77.56,21.31,2.33,0.7
2003-05-27,0.0,25.48,76.65,20.86,2.3,0.69
2003-05-28,0.31,25.24,75.19,19.47,2.2,0.69
2003-05-29,0.01,25.17,75.39,21.24,1.91,0.68
2003-05-30,0.0,24.97,77.83,20.74,2.07,0.68
2003-05-31,0.0,25.15,75.15,21.05,1.54,0.68
2003-06-01,0.01,25.74,77.03,19.45,1.57,0.67
2003-06-02,0.18,26.31,79.31,19.96,1.4,0.67
2003-06-03,0.34,26.57,82.0,19.67,1.62,0.67
2003-06-04,0.23,26.54,81.5,19.97,1.49,0.67
2003-06-05,0.06,26.49,80.59,19.49,1.56,0.66
2003-06-06,0.15,26.29,79.33,19.36,1.55,0.66
2003-06-07,0.1,25.76,77.96,20.87,1.96,0.66
2003-06-08,0.0,25.26,73.43,21.38,2.15,0.65
2003-06-09,0.02,25.15,73.66,20.82,2.08,0.65
2003-06-10,0.01,25.47,76.1,21.0,1.97,0.65
2003-06-11,0.79,25.81,82.54,17.9,2.31,0.64
2003-06-12,0.93,25.75,80.38,19.91,2.22,0.64
2003-06-13,0.0,24.97,76.54,21.23,2.26,0.64
2003-06-14,0.08,25.16,76.66,19.82,2.18,0.64
2003-06-15,0.07,25.48,80.21,19.51,1.94,0.63
2003-06-16,0.03,25.67,82.07,19.38,1.92,0.63
2003-06-17,0.24,26.02,84.01,17.66,1.74,0.63
2003-06-18,12.71,25.98,85.26,15.99,1.44,0.64
2003-06-19,3.51,25.25,88.04,16.61,1.82,0.65
2003-06-20,0.58,25.8,83.19,18.18,1.33,0.65
2003-06-21,3.45,25.58,84.45,14.07,1.45,0.65
2003-06-22,13.8,26.06,85.33,17.76,1.41,0.66
2003-06-23,0.19,25.89,82.97,19.36,1.52,0.67
2003-06-24,0.0,25.39,81.88,20.3,1.9,0.66
2003-06-25,0.0,24.94,79.56,20.24,2.11,0.65
2003-06-26,0.0,24.62,79.57,18.9,1.87,0.65
2003-06-27,0.0,24.53,79.63,19.99,1.71,0.64
2003-06-28,0.0,24.55,78.07,18.89,1.79,0.63
2003-06-29,0.48,24.21,77.38,17.53,1.68,0.63
2003-06-30,0.0,24.21,78.31,20.82,1.93,0.63
2003-07-01,0.0,23.92,77.2,21.39,1.95,0.62
2003-07-02,0.0,24.21,77.87,21.2,2.0,0.62
2003-07-03,0.0,24.72,75.67,20.56,2.13,0.61
2003-07-04,0.0,24.32,78.01,20.98,2.28,0.61
2003-07-05,0.0,24.41,75.15,20.46,1.94,0.61
2003-07-06,0.0,24.43,78.67,18.23,1.92,0.6
2003-07-07,0.51,24.8,83.52,18.07,2.03,0.6
2003-07-08,0.0,25.08,77.9,20.91,2.14,0.6
2003-07-09,0.0,24.78,75.98,21.08,1.91,0.6
2003-07-10,0.0,24.94,81.59,18.3,1.89,0.59
2003-07-11,0.01,24.93,83.29,16.61,2.1,0.59
2003-07-12,0.0,24.69,76.98,20.74,2.13,0.59
2003-07-13,0.0,24.34,77.78,21.28,1.67,0.59
2003-07-14,0.04,24.53,77.6,20.33,1.99,0.58
2003-07-15,0.0,24.59,79.11,18.55,1.84,0.58
2003-07-16,0.0,24.22,76.7,18.49,2.32,0.58
2003-07-17,0.0,23.8,75.22,20.29,2.32,0.58
2003-07-18,0.0,23.38,78.05,19.46,2.43,0.57
2003-07-19,0.01,23.96,77.35,21.27,1.85,0.57
2003-07-20,0.07,24.81,78.65,18.66,1.71,0.57
2003-07-21,0.07,24.74,77.58,19.97,2.03,0.57
2003-07-22,1.94,24.34,85.5,12.56,2.39,0.57
2003-07-23,0.19,24.77,82.07,13.98,2.35,0.57
2003-07-24,3.0,25.02,83.17,15.41,1.79,0.57
2003-07-25,2.04,24.77,85.27,15.48,1.64,0.57
2003-07-26,0.1,25.06,84.56,17.9,1.6,0.57
2003-07-27,0.01,25.02,81.89,19.87,1.75,0.57
2003-07-28,0.0,24.87,77.93,21.1,1.95,0.56
2003-07-29,0.0,24.4,77.85,21.07,2.3,0.56
2003-07-30,0.0,24.45,75.44,21.47,2.16,0.56
2003-07-31,0.0,24.37,77.21,20.27,2.17,0.55
2003-08-01,0.01,24.36,78.11,20.96,2.57,0.55
2003-08-02,0.0,24.33,74.1,20.75,2.11,0.55
2003-08-03,0.0,23.72,74.73,20.61,2.11,0.55
2003-08-04,0.0,24.12,76.71,20.97,1.66,0.54
2003-08-05,0.02,24.69,75.09,21.05,1.3,0.54
2003-08-06,0.52,24.98,75.62,21.45,1.52,0.54
2003-08-07,0.0,25.36,76.49,21.52,1.37,0.54
2003-08-08,0.07,25.42,79.2,20.75,2.18,0.54
2003-08-09,0.03,24.94,78.64,19.24,2.43,0.54
2003-08-10,0.0,24.91,73.88,18.69,2.09,0.53
2003-08-11,0.02,24.42,76.16,19.77,1.98,0.53
2003-08-12,0.0,24.44,76.43,20.67,2.42,0.53
2003-08-13,0.01,24.51,77.75,20.42,2.27,0.53
2003-08-14,0.0,25.33,76.63,18.92,1.85,0.53
2003-08-15,0.03,25.5,77.39,19.88,1.99,0.53
2003-08-16,0.01,25.53,78.31,20.25,1.93,0.52
2003-08-17,0.0,25.96,75.68,22.52,1.69,0.52
2003-08-18,0.01,25.98,75.89,20.67,1.55,0.52
2003-08-19,0.0,26.14,75.75,22.01,1.38,0.52
2003-08-20,0.0,26.05,74.98,21.92,1.41,0.52
2003-08-21,0.04,25.89,74.74,21.49,1.68,0.51
2003-08-22,0.0,25.24,75.89,23.08,2.57,0.51
2003-08-23,0.59,24.41,74.52,20.35,2.86,0.51
2003-08-24,0.85,23.98,73.24,21.59,2.61,0.51
2003-08-25,0.02,24.4,71.57,23.01,1.97,0.51
2003-08-26,0.0,24.87,74.22,21.17,1.68,0.51
2003-08-27,0.0,25.66,73.85,21.5,1.48,0.51
2003-08-28,0.01,26.24,75.17,22.35,1.39,0.51
2003-08-29,0.63,26.31,75.8,22.1,1.67,0.51
2003-08-30,0.11,25.8,71.27,23.82,1.77,0.5
2003-08-31,0.0,25.38,70.67,23.91,1.93,0.5
2003-09-01,0.0,25.51,73.51,24.01,1.71,0.5
2003-09-02,0.21,26.0,74.03,23.58,1.47,0.5
2003-09-03,0.34,26.32,76.3,21.58,1.52,0.5
2003-09-04,0.84,26.49,74.79,22.6,1.56,0.5
2003-09-05,0.0,25.56,70.32,25.25,2.02,0.5
2003-09-06,0.0,24.59,70.25,24.81,2.34,0.49
2003-09-07,0.0,24.13,70.93,23.89,2.29,0.49
2003-09-08,0.0,24.3,74.78,20.69,2.47,0.49
2003-09-09,0.53,24.76,78.16,17.8,2.49,0.49
2003-09-10,6.26,25.02,83.09,14.55,2.02,0.49
2003-09-11,23.13,25.09,84.99,12.24,2.11,0.52
2003-09-12,4.77,25.35,83.57,17.88,1.8,0.55
2003-09-13,0.34,25.3,80.51,20.89,2.02,0.55
2003-09-14,0.09,25.24,77.76,22.75,2.06,0.54
2003-09-15,0.22,25.23,78.05,21.93,2.0,0.53
2003-09-16,0.02,25.48,76.28,22.06,1.95,0.53
2003-09-17,0.0,25.79,75.23,22.92,1.73,0.52
2003-09-18,0.0,25.69,76.69,21.59,1.85,0.52
2003-09-19,0.02,26.19,77.86,18.28,1.85,0.51
2003-09-20,0.79,26.32,76.93,22.58,1.38,0.51
2003-09-21,0.17,26.66,77.06,23.25,2.02,0.51
2003-09-22,0.01,26.67,74.82,23.74,1.93,0.5
2003-09-23,0.01,26.65,73.7,23.22,2.54,0.5
2003-09-24,0.03,26.71,74.13,22.62,2.02,0.5
2003-09-25,0.01,26.97,73.03,23.1,1.93,0.49
2003-09-26,0.0,26.57,73.84,23.46,2.05,0.49
2003-09-27,0.0,26.91,72.79,24.24,1.68,0.49
2003-09-28,0.0,27.11,75.04,22.61,2.01,0.49
2003-09-29,0.75,27.46,75.14,21.91,2.38,0.49
2003-09-30,6.05,26.48,79.87,18.81,2.58,0.49
2003-10-01,4.72,26.67,79.46,16.54,2.06,0.5
2003-10-02,3.65,27.08,78.43,20.95,1.96,0.5
2003-10-03,4.02,27.19,79.12,21.06,1.76,0.5
2003-10-04,1.4,26.85,76.92,21.9,2.57,0.51
2003-10-05,0.01,27.08,74.29,22.78,2.2,0.5
2003-10-06,0.28,27.33,73.72,22.07,2.02,0.5
2003-10-07,0.43,27.42,74.38,23.19,1.81,0.49
2003-10-08,0.91,26.87,77.53,21.49,1.68,0.49
2003-10-09,0.32,27.13,75.09,23.37,1.59,0.49
2003-10-10,0.44,27.31,74.82,24.01,1.43,0.49
2003-10-11,0.14,27.13,70.9,26.29,2.06,0.49
2003-10-12,0.01,26.97,70.2,24.66,1.59,0.48
2003-10-13,1.05,27.05,73.49,22.18,1.67,0.48
2003-10-14,0.69,27.08,74.34,20.27,1.97,0.48
2003-10-15,0.13,26.82,74.97,21.94,2.18,0.48
2003-10-16,0.23,26.9,73.05,22.36,1.98,0.48
2003-10-17,0.0,26.82,71.24,23.84,1.94,0.48
2003-10-18,0.04,26.86,73.73,23.19,2.3,0.48
2003-10-19,0.05,27.49,71.39,23.54,2.15,0.47
2003-10-20,0.14,27.8,67.98,26.09,2.03,0.47
2003-10-21,0.0,27.4,73.25,25.45,2.31,0.47
2003-10-22,0.0,27.77,71.12,24.57,2.22,0.47
2003-10-23,0.0,27.72,71.58,25.84,2.16,0.47
2003-10-24,0.0,27.58,71.64,26.11,2.09,0.47
2003-10-25,0.08,27.94,68.7,26.25,1.94,0.47
2003-10-26,0.51,27.72,69.88,22.08,2.25,0.46
2003-10-27,0.72,27.36,71.45,22.1,2.01,0.46
2003-10-28,0.02,27.94,69.53,22.66,1.72,0.46
2003-10-29,0.94,28.04,72.53,23.39,1.94,0.46
2003-10-30,0.31,27.51,72.61,24.03,1.93,0.46
2003-10-31,0.28,27.67,70.08,22.21,1.69,0.46
2003-11-01,0.24,27.95,70.4,20.68,1.41,0.46
2003-11-02,0.04,28.67,69.39,25.67,1.53,0.46
2003-11-03,0.03,28.6,67.33,26.13,1.35,0.46
2003-11-04,0.24,28.38,70.82,24.93,1.58,0.46
2003-11-05,0.25,28.03,74.38,23.61,1.88,0.46
2003-11-06,0.11,28.37,73.22,24.89,1.62,0.46
2003-11-07,3.88,27.98,78.62,23.11,1.62,0.46
2003-11-08,1.24,28.38,74.94,24.5,1.68,0.47
2003-11-09,0.0,28.53,69.93,26.24,1.56,0.47
2003-11-10,0.0,28.44,70.61,25.35,1.33,0.47
2003-11-11,0.08,28.58,69.83,24.51,1.36,0.46
2003-11-12,2.3,28.21,73.37,23.51,1.88,0.46
2003-11-13,9.88,27.94,76.56,22.82,1.76,0.47
2003-11-14,4.39,27.67,78.37,21.14,1.69,0.49
2003-11-15,4.11,27.65,77.9,15.75,1.29,0.49
2003-11-16,1.89,27.68,78.33,18.33,1.11,0.49
2003-11-17,17.92,27.12,83.98,19.0,0.78,0.51
2003-11-18,8.88,26.85,83.72,14.56,1.04,0.53
2003-11-19,27.73,26.66,86.96,20.8,1.61,0.56
2003-11-20,29.91,26.68,89.04,20.49,1.27,0.61
2003-11-21,8.59,27.09,83.39,19.7,1.32,0.63
2003-11-22,3.1,27.72,79.58,23.02,1.49,0.61
2003-11-23,6.3,27.5,81.32,19.51,1.02,0.6
2003-11-24,3.48,27.03,83.44,20.86,1.11,0.6
2003-11-25,13.59,27.11,82.64,14.57,0.97,0.59
2003-11-26,5.58,27.01,82.33,19.61,0.94,0.6
2003-11-27,10.27,27.27,81.38,23.0,1.14,0.6
2003-11-28,13.11,27.31,82.88,21.51,1.22,0.6
2003-11-29,11.04,27.82,78.51,26.05,1.43,0.61
2003-11-30,5.0,28.31,76.8,23.89,1.27,0.61
2003-12-01,10.88,27.62,83.23,21.53,1.58,0.6
2003-12-02,5.49,28.11,78.56,24.24,0.52,0.61
2003-12-03,2.87,27.4,82.39,21.61,0.93,0.6
2003-12-04,5.82,27.11,82.82,19.93,0.87,0.59
2003-12-05,24.35,26.67,86.29,15.53,1.19,0.6
2003-12-06,68.55,26.48,86.54,18.94,1.34,0.7
2003-12-07,4.18,26.78,83.82,19.5,0.89,0.71
2003-12-08,5.01,26.52,87.21,17.41,0.27,0.68
2003-12-09,6.68,26.92,84.99,20.94,0.83,0.67
2003-12-10,5.33,26.37,88.53,17.07,1.22,0.66
2003-12-11,15.53,26.59,87.87,16.8,1.42,0.65
2003-12-12,13.91,26.51,87.9,17.13,1.4,0.67
2003-12-13,8.68,26.48,86.98,21.52,1.66,0.67
2003-12-14,2.03,26.44,85.49,19.56,1.85,0.66
2003-12-15,10.13,26.3,86.76,13.27,1.87,0.65
2003-12-16,15.96,25.48,87.66,12.75,2.17,0.66
2003-12-17,12.03,25.02,90.5,14.71,2.2,0.67
2003-12-18,47.75,25.1,92.55,5.11,2.26,0.71
2003-12-19,19.05,25.6,92.33,15.18,2.12,0.75
2003-12-20,22.24,26.04,87.71,17.81,2.29,0.75
2003-12-21,12.78,26.0,85.31,18.03,2.67,0.75
2003-12-22,5.56,26.29,81.55,21.75,2.83,0.73
2003-12-23,1.74,26.03,80.3,18.21,3.0,0.71
2003-12-24,0.1,26.2,80.03,21.25,2.79,0.69
2003-12-25,4.56,26.3,84.26,19.94,2.29,0.67
2003-12-26,5.77,26.48,85.87,15.03,1.8,0.68
2003-12-27,8.27,26.21,84.84,17.92,1.78,0.68
2003-12-28,12.85,26.42,82.77,19.88,1.94,0.69
2003-12-29,5.32,26.08,84.41,17.44,1.78,0.7
2003-12-30,0.38,26.58,80.5,21.71,1.75,0.69
2003-12-31,0.38,26.66,81.74,25.27,2.16,0.67
2004-01-01,0.2,26.83,80.94,23.66,2.32,0.66
2004-01-02,2.33,26.86,80.4,20.83,2.35,0.65
2004-01-03,2.27,26.84,80.9,17.46,2.22,0.65
2004-01-04,1.9,27.0,82.01,22.27,1.59,0.65
2004-01-05,1.24,26.41,84.39,22.76,1.22,0.65
2004-01-06,2.14,26.3,85.45,22.9,1.49,0.65
2004-01-07,1.79,26.66,83.05,22.02,1.34,0.65
2004-01-08,2.28,25.62,87.67,21.03,0.93,0.65
2004-01-09,6.54,26.01,83.57,19.88,0.94,0.65
2004-01-10,6.03,26.18,84.95,20.52,0.92,0.66
2004-01-11,10.73,26.3,84.07,20.73,1.0,0.68
2004-01-12,3.44,26.34,84.45,20.07,1.41,0.68
2004-01-13,0.93,26.3,81.92,24.01,1.4,0.67
2004-01-14,2.0,26.57,80.55,17.39,1.23,0.66
2004-01-15,1.92,26.82,80.71,24.03,0.69,0.66
2004-01-16,0.8,27.24,80.91,24.21,1.37,0.66
2004-01-17,0.13,27.57,75.3,24.6,0.9,0.65
2004-01-18,0.71,27.67,78.79,24.11,1.18,0.64
2004-01-19,9.79,27.69,78.29,24.0,0.85,0.64
2004-01-20,22.48,27.04,83.39,22.48,1.11,0.67
2004-01-21,1.74,26.35,83.67,22.96,0.92,0.68
2004-01-22,10.24,27.18,78.91,21.94,0.46,0.68
2004-01-23,2.14,27.13,82.58,23.35,1.13,0.68
2004-01-24,1.28,27.36,81.69,21.36,0.84,0.67
2004-01-25,1.39,26.29,88.98,20.32,1.08,0.67
2004-01-26,0.99,27.63,78.99,22.37,0.84,0.67
2004-01-27,1.95,27.11,82.49,19.82,0.92,0.66
2004-01-28,3.1,26.68,86.93,23.04,1.36,0.66
2004-01-29,14.91,26.37,90.26,19.67,1.28,0.67
2004-01-30,48.47,25.91,89.71,16.0,1.31,0.72
2004-01-31,8.17,25.93,89.97,14.87,1.59,0.75
2004-02-01,3.76,26.01,90.56,13.33,2.22,0.73
2004-02-02,19.75,26.26,89.87,18.64,1.86,0.73
2004-02-03,38.78,25.62,91.15,13.38,2.41,0.76
2004-02-04,25.47,25.86,86.18,10.53,3.31,0.79
2004-02-05,21.85,26.03,85.62,18.33,1.9,0.77
2004-02-06,9.77,25.4,91.34,13.26,1.55,0.78
2004-02-07,10.12,25.41,90.45,14.94,1.73,0.76
2004-02-08,1.81,25.86,84.5,17.83,2.49,0.75
2004-02-09,0.95,26.19,82.06,21.06,3.06,0.73
2004-02-10,1.8,26.06,82.07,14.4,3.06,0.72
2004-02-11,6.42,26.04,85.55,18.38,2.38,0.72
2004-02-12,1.43,26.31,86.97,22.99,2.27,0.72
2004-02-13,0.92,26.0,88.76,21.3,1.68,0.72
2004-02-14,5.82,26.03,88.84,20.56,1.55,0.72
2004-02-15,4.58,25.87,88.73,12.47,1.14,0.72
2004-02-16,4.67,25.74,91.41,15.31,1.75,0.72
2004-02-17,52.71,25.5,90.08,16.86,1.6,0.75
2004-02-18,37.02,25.38,90.54,14.82,1.32,0.82
2004-02-19,4.91,26.59,84.25,15.03,1.05,0.79
2004-02-20,1.68,26.29,87.29,22.62,1.11,0.77
2004-02-21,2.61,26.19,86.69,22.0,1.22,0.76
2004-02-22,1.83,26.67,84.18,24.94,1.17,0.75
2004-02-23,1.22,27.06,82.27,24.83,1.01,0.74
2004-02-24,3.22,26.78,85.61,19.29,1.03,0.74
2004-02-25,2.5,26.02,87.15,21.81,1.55,0.74
2004-02-26,7.34,26.06,88.28,24.09,1.45,0.74
2004-02-27,12.87,26.26,88.19,22.66,1.45,0.76
2004-02-28,12.88,26.27,91.19,19.42,1.82,0.76
2004-02-29,12.36,26.35,88.19,19.13,1.53,0.77
2004-03-01,10.11,25.52,87.93,16.44,1.33,0.77
2004-03-02,12.64,26.44,84.34,22.12,1.11,0.78
2004-03-03,6.31,25.64,91.44,19.16,1.45,0.78
2004-03-04,2.73,26.42,83.93,21.99,1.81,0.78
2004-03-05,5.9,26.18,84.77,18.71,1.79,0.77
2004-03-06,1.41,26.58,81.79,22.7,1.59,0.77
2004-03-07,11.65,26.64,86.41,17.09,1.77,0.76
2004-03-08,12.93,26.36,92.08,15.21,2.2,0.78
2004-03-09,2.9,26.46,90.58,16.57,1.83,0.78
2004-03-10,6.94,26.16,89.56,20.61,1.08,0.78
2004-03-11,7.05,26.41,87.07,21.23,0.96,0.78
2004-03-12,9.33,26.05,91.37,14.72,0.97,0.79
2004-03-13,11.87,25.91,88.48,15.1,1.76,0.79
2004-03-14,11.98,25.67,91.51,17.1,1.66,0.8
2004-03-15,6.68,25.74,87.96,19.68,1.12,0.8
2004-03-16,7.04,26.14,87.51,21.84,1.32,0.8
2004-03-17,4.06,26.13,88.15,20.47,1.52,0.8
2004-03-18,4.0,26.08,88.47,21.58,1.63,0.79
2004-03-19,1.41,25.89,90.09,19.88,1.76,0.79
2004-03-20,0.8,26.24,87.33,21.44,1.84,0.78
2004-03-21,3.88,26.4,88.45,20.77,2.03,0.78
2004-03-22,4.61,26.12,92.09,18.02,2.11,0.78
2004-03-23,3.64,25.69,91.67,17.82,2.22,0.78
2004-03-24,0.59,26.19,81.26,23.54,1.89,0.78
2004-03-25,0.38,27.07,82.75,24.19,1.8,0.77
2004-03-26,0.61,27.1,81.5,23.81,1.57,0.77
2004-03-27,0.88,26.92,81.79,22.7,1.15,0.76
2004-03-28,0.99,26.94,82.23,20.0,0.56,0.76
2004-03-29,0.76,26.35,85.77,19.96,0.58,0.76
2004-03-30,10.0,26.17,88.48,20.66,1.11,0.76
2004-03-31,5.41,26.72,85.77,21.22,1.18,0.77
2004-04-01,0.98,27.31,81.47,21.87,0.84,0.77
2004-04-02,0.92,27.19,82.19,20.26,1.26,0.76
2004-04-03,1.7,26.68,82.79,23.62,1.58,0.76
2004-04-04,5.16,26.74,82.45,21.82,1.64,0.76
2004-04-05,1.97,26.76,79.4,23.93,1.72,0.76
2004-04-06,1.42,26.88,79.06,23.59,1.2,0.75
2004-04-07,0.59,27.32,79.97,24.01,1.42,0.74
2004-04-08,0.03,27.36,78.72,23.16,1.47,0.74
2004-04-09,1.22,27.31,77.98,20.85,1.23,0.73
2004-04-10,1.68,27.22,78.94,23.09,1.38,0.73
2004-04-11,4.88,27.19,80.68,23.24,1.46,0.73
2004-04-12,0.88,27.29,79.03,23.27,1.2,0.73
2004-04-13,1.63,27.08,80.86,23.04,1.61,0.73
2004-04-14,0.15,27.43,80.09,22.43,1.54,0.72
2004-04-15,0.09,27.48,80.08,22.97,1.71,0.72
2004-04-16,1.22,27.34,81.56,22.38,1.55,0.71
2004-04-17,8.45,27.0,83.5,21.76,1.36,0.72
2004-04-18,2.56,27.0,78.91,22.71,1.97,0.72
2004-04-19,0.0,26.79,77.21,23.6,2.09,0.71
2004-04-20,0.0,26.97,76.92,23.35,1.45,0.71
2004-04-21,0.0,27.08,78.19,21.76,1.52,0.7
2004-04-22,0.43,27.01,80.47,21.42,1.59,0.7
2004-04-23,3.1,27.07,81.46,22.58,1.54,0.7
2004-04-24,1.88,27.14,81.35,21.92,1.72,0.7
2004-04-25,0.58,26.8,81.66,21.43,1.59,0.69
2004-04-26,0.16,26.95,77.37,20.51,1.58,0.69
2004-04-27,0.03,27.26,78.19,22.06,1.63,0.69
2004-04-28,0.2,26.81,81.02,21.5,2.06,0.68
2004-04-29,0.6,26.58,81.58,21.18,1.73,0.68
2004-04-30,0.88,26.43,81.39,18.33,1.84,0.68
2004-05-01,0.69,26.15,82.44,18.18,2.06,0.68
2004-05-02,0.71,26.77,81.47,20.39,1.75,0.67
2004-05-03,0.13,26.79,78.06,20.48,1.58,0.67
2004-05-04,0.96,26.38,82.99,16.28,2.08,0.67
2004-05-05,8.37,26.58,85.53,19.86,1.82,0.67
2004-05-06,2.32,26.96,85.42,18.27,1.79,0.68
2004-05-07,0.09,26.84,84.7,20.72,2.16,0.67
2004-05-08,1.05,26.47,87.29,17.23,2.06,0.67
2004-05-09,0.58,26.79,83.36,19.12,1.77,0.67
2004-05-10,0.33,26.7,84.36,14.44,1.45,0.66
2004-05-11,2.66,26.68,83.04,19.28,1.4,0.66
2004-05-12,2.33,26.77,78.0,20.86,0.87,0.66
2004-05-13,0.01,26.42,78.8,18.7,1.02,0.66
2004-05-14,0.52,26.27,79.35,19.67,1.13,0.65
2004-05-15,0.07,26.2,80.39,20.72,1.25,0.65
2004-05-16,0.23,26.42,80.54,21.14,1.27,0.65
2004-05-17,1.44,26.06,83.88,20.78,1.92,0.64
2004-05-18,0.85,26.3,83.18,19.33,1.75,0.64
2004-05-19,1.28,26.43,83.5,18.96,1.38,0.64
2004-05-20,3.97,26.85,85.2,18.55,1.02,0.64
2004-05-21,0.56,26.84,83.61,19.51,0.8,0.64
2004-05-22,0.06,26.94,82.97,20.09,1.18,0.64
2004-05-23,0.5,26.96,82.86,20.22,1.25,0.64
2004-05-24,12.46,26.65,83.65,18.39,1.64,0.64
2004-05-25,1.48,26.6,82.02,19.78,1.65,0.65
2004-05-26,1.08,26.18,82.78,19.73,1.7,0.65
2004-05-27,5.39,25.76,85.12,18.53,1.86,0.65
2004-05-28,10.94,25.48,87.68,14.65,2.3,0.66
2004-05-29,18.54,24.37,88.84,7.99,2.34,0.67
2004-05-30,39.44,23.88,88.57,7.52,2.02,0.71
2004-05-31,9.59,24.15,78.94,17.38,2.31,0.74
2004-06-01,0.52,24.05,80.77,17.55,2.33,0.71
2004-06-02,0.67,24.27,81.61,18.23,2.06,0.7
2004-06-03,0.09,24.02,81.66,19.48,1.63,0.68
2004-06-04,1.0,25.02,80.86,19.8,1.49,0.68
2004-06-05,0.27,26.32,79.57,20.28,1.4,0.67
2004-06-06,1.19,26.67,82.97,16.73,1.77,0.66
2004-06-07,0.05,26.61,81.71,18.44,1.98,0.66
2004-06-08,0.44,26.08,80.65,20.06,2.0,0.65
2004-06-09,0.06,26.07,78.33,19.52,2.0,0.65
2004-06-10,0.21,26.09,78.18,19.82,1.55,0.64
2004-06-11,0.33,26.14,79.01,20.39,1.9,0.64
2004-06-12,0.62,25.77,78.09,18.68,1.58,0.64
2004-06-13,0.0,25.21,74.96,20.84,2.27,0.63
2004-06-14,0.0,24.79,69.71,21.07,2.22,0.63
2004-06-15,0.04,25.14,74.27,20.41,1.92,0.62
2004-06-16,0.04,24.84,71.88,20.54,2.52,0.62
2004-06-17,0.01,24.55,69.67,20.62,1.71,0.61
2004-06-18,0.0,24.92,73.91,20.15,1.69,0.61
2004-06-19,0.03,24.72,78.86,19.29,1.93,0.61
2004-06-20,0.02,24.61,78.43,19.86,1.74,0.61
2004-06-21,0.01,24.88,77.44,19.8,1.59,0.61
2004-06-22,0.37,25.05,77.55,17.05,1.7,0.6
2004-06-23,0.42,24.57,80.75,17.38,2.17,0.6
2004-06-24,0.02,24.62,78.24,18.1,1.79,0.6
2004-06-25,0.04,24.89,76.13,19.56,1.95,0.6
2004-06-26,0.06,24.36,76.1,19.21,2.19,0.6
2004-06-27,0.08,24.16,73.6,19.85,2.06,0.59
2004-06-28,0.74,24.0,75.54,18.81,2.22,0.59
2004-06-29,0.55,23.76,78.4,19.72,1.9,0.59
2004-06-30,0.02,24.31,77.46,19.55,1.78,0.59
2004-07-01,0.06,24.88,78.26,18.88,1.34,0.58
2004-07-02,0.09,25.25,78.99,19.19,1.22,0.58
2004-07-03,0.1,25.57,81.6,18.45,1.34,0.58
2004-07-04,0.07,25.81,80.64,19.54,1.23,0.58
2004-07-05,0.28,25.81,81.97,18.35,1.36,0.58
2004-07-06,0.31,25.62,79.72,19.61,1.3,0.57
2004-07-07,0.15,25.26,77.09,19.72,1.32,0.57
2004-07-08,0.01,25.28,77.91,20.06,1.95,0.57
2004-07-09,0.1,25.43,78.82,17.29,1.59,0.57
2004-07-10,0.0,25.12,76.59,19.5,1.49,0.56
2004-07-11,0.0,25.0,75.63,18.15,1.61,0.56
2004-07-12,0.0,25.19,77.3,19.39,1.25,0.56
2004-07-13,2.55,25.45,80.94,18.58,1.39,0.56
2004-07-14,2.02,25.43,77.8,20.12,1.55,0.56
2004-07-15,1.97,25.29,79.34,17.49,1.52,0.56
2004-07-16,7.39,25.52,82.85,16.95,1.84,0.56
2004-07-17,0.17,24.98,77.09,20.25,1.87,0.57
2004-07-18,0.0,25.04,77.36,20.03,1.67,0.57
2004-07-19,0.0,25.02,75.64,20.04,2.04,0.56
2004-07-20,0.36,24.92,76.08,20.64,1.71,0.56
2004-07-21,0.01,24.95,75.98,19.03,1.53,0.55
2004-07-22,0.0,24.94,75.41,20.6,1.42,0.55
2004-07-23,0.0,25.08,75.11,20.09,1.39,0.55
2004-07-24,0.19,24.9,76.95,20.84,1.7,0.55
2004-07-25,0.0,24.45,76.19,18.67,2.25,0.54
2004-07-26,0.0,24.17,74.67,19.52,1.87,0.54
2004-07-27,0.0,24.31,72.52,21.3,1.58,0.54
2004-07-28,0.0,24.36,76.21,19.94,1.88,0.54
2004-07-29,0.0,24.44,76.3,21.55,1.47,0.53
2004-07-30,0.0,24.43,77.12,21.33,2.11,0.53
2004-07-31,0.02,24.57,73.91,20.24,1.67,0.53
2004-08-01,0.22,24.9,76.39,19.92,2.33,0.53
2004-08-02,0.02,24.99,74.51,18.72,2.17,0.53
2004-08-03,0.0,24.62,75.42,20.25,2.22,0.52
2004-08-04,0.0,24.46,75.18,18.53,2.07,0.52
2004-08-05,0.0,24.02,76.8,19.34,2.33,0.52
2004-08-06,0.0,24.22,73.36,20.12,2.01,0.52
2004-08-07,0.04,23.96,77.27,17.8,2.19,0.52
2004-08-08,0.09,24.1,78.25,17.18,2.29,0.52
2004-08-09,0.05,24.75,77.46,19.23,1.94,0.52
2004-08-10,0.1,25.13,75.54,20.48,1.45,0.52
2004-08-11,0.01,25.06,73.42,21.93,1.61,0.51
2004-08-12,0.0,24.85,72.98,21.85,1.9,0.51
2004-08-13,0.15,24.9,73.79,19.52,1.85,0.51
2004-08-14,0.05,24.6,72.43,21.48,2.21,0.51
2004-08-15,0.19,24.43,72.63,21.09,1.84,0.51
2004-08-16,0.0,24.5,67.59,20.7,2.13,0.51
2004-08-17,0.0,24.53,70.91,21.42,1.98,0.5
2004-08-18,0.0,24.72,71.72,21.39,1.59,0.5
2004-08-19,0.04,25.25,71.94,22.99,1.36,0.5
2004-08-20,0.05,25.27,72.15,22.32,1.15,0.5
2004-08-21,0.1,25.48,73.59,22.29,1.38,0.5
2004-08-22,0.12,25.45,72.84,22.45,1.64,0.5
2004-08-23,0.57,25.35,72.68,21.68,1.52,0.5
2004-08-24,0.01,25.2,73.83,20.44,1.67,0.5
2004-08-25,0.0,24.97,73.22,21.99,1.92,0.5
2004-08-26,0.0,25.33,72.23,22.52,1.55,0.49
2004-08-27,0.17,25.74,71.27,22.31,1.37,0.49
2004-08-28,0.0,26.09,70.56,22.5,1.56,0.49
2004-08-29,0.01,25.44,73.6,22.39,2.48,0.49
2004-08-30,0.14,25.44,72.67,21.63,2.21,0.49
2004-08-31,0.1,25.47,73.98,20.97,2.29,0.49
2004-09-01,0.02,25.67,72.49,22.26,1.99,0.49
2004-09-02,0.0,25.62,71.56,22.89,1.72,0.49
2004-09-03,0.0,25.78,72.91,23.95,1.25,0.48
2004-09-04,0.04,26.15,73.28,23.24,0.94,0.48
2004-09-05,0.16,25.97,74.53,23.33,1.36,0.48
2004-09-06,0.0,25.62,73.57,25.03,1.93,0.48
2004-09-07,0.0,25.66,70.9,24.9,2.11,0.48
2004-09-08,0.02,25.67,72.37,23.62,1.9,0.48
2004-09-09,0.0,25.68,72.05,23.0,1.95,0.48
2004-09-10,0.01,25.53,72.14,23.63,2.13,0.48
2004-09-11,1.22,26.06,73.29,23.04,1.8,0.48
2004-09-12,1.71,26.34,76.95,21.83,1.95,0.48
2004-09-13,4.17,26.43,76.09,22.44,1.62,0.48
2004-09-14,1.85,26.1,74.28,23.97,1.39,0.49
2004-09-15,0.0,26.26,71.34,23.72,1.72,0.49
2004-09-16,0.0,25.69,72.25,23.19,2.05,0.49
2004-09-17,0.0,25.78,73.58,23.34,1.67,0.48
2004-09-18,10.04,26.21,77.14,22.33,1.53,0.49
2004-09-19,10.79,26.71,79.71,23.29,1.61,0.52
2004-09-20,0.03,26.86,75.41,24.15,1.58,0.52
2004-09-21,0.02,26.28,73.88,23.71,2.09,0.51
2004-09-22,0.32,26.32,71.62,24.73,1.57,0.51
2004-09-23,0.0,26.56,70.41,24.56,1.62,0.5
2004-09-24,0.29,26.7,69.56,25.13,1.54,0.5
2004-09-25,0.53,26.35,69.86,25.45,1.56,0.49
2004-09-26,0.01,26.28,68.96,24.18,1.3,0.49
2004-09-27,0.1,26.59,69.16,25.72,1.2,0.49
2004-09-28,0.0,26.69,72.64,24.81,1.64,0.48
2004-09-29,0.02,26.59,74.79,23.07,2.28,0.48
2004-09-30,0.0,26.45,72.95,25.31,2.61,0.48
2004-10-01,0.04,26.0,74.07,22.78,2.79,0.48
2004-10-02,0.0,26.06,68.83,24.63,2.2,0.48
2004-10-03,0.0,26.06,70.03,24.85,2.07,0.47
2004-10-04,0.0,26.4,71.99,23.77,1.94,0.47
2004-10-05,0.18,26.47,73.49,23.93,2.45,0.47
2004-10-06,0.49,26.1,76.27,20.76,2.27,0.47
2004-10-07,0.26,26.4,74.59,22.31,1.92,0.47
2004-10-08,0.0,26.6,74.12,24.81,1.57,0.47
2004-10-09,0.0,27.24,71.71,25.53,1.32,0.47
2004-10-10,0.26,27.57,72.56,24.87,1.48,0.47
2004-10-11,0.04,27.85,71.14,24.54,1.61,0.47
2004-10-12,0.0,27.73,71.89,26.06,1.71,0.46
2004-10-13,0.23,27.59,70.73,26.13,1.52,0.46
2004-10-14,0.05,27.61,70.34,26.38,1.36,0.46
2004-10-15,0.6,26.91,73.21,25.38,2.13,0.46
2004-10-16,0.0,26.45,70.86,26.47,2.35,0.46
2004-10-17,0.0,26.73,67.97,26.55,2.24,0.46
2004-10-18,0.02,26.87,72.5,22.61,2.24,0.46
2004-10-19,0.38,27.13,71.25,20.66,1.2,0.46
2004-10-20,0.66,27.42,73.09,23.23,0.94,0.46
2004-10-21,0.0,28.2,70.95,24.42,1.51,0.46
2004-10-22,0.06,28.52,70.49,23.92,1.36,0.46
2004-10-23,4.23,28.47,71.55,24.33,1.16,0.46
2004-10-24,20.78,27.71,76.6,21.63,1.01,0.49
2004-10-25,22.04,27.02,81.26,20.75,1.43,0.53
2004-10-26,3.71,27.39,80.67,23.0,1.63,0.54
2004-10-27,0.1,28.0,76.25,24.73,1.48,0.53
2004-10-28,0.98,27.94,77.36,24.54,2.13,0.52
2004-10-29,2.21,27.3,84.29,17.07,1.51,0.52
2004-10-30,0.17,28.65,75.74,25.21,1.14,0.51
2004-10-31,4.2,28.69,74.2,23.73,0.85,0.51
2004-11-01,3.22,28.62,73.45,23.53,1.08,0.51
2004-11-02,1.23,28.62,74.01,24.86,1.13,0.51
2004-11-03,2.04,28.4,72.55,23.01,1.04,0.5
2004-11-04,0.54,28.32,73.45,25.36,1.35,0.5
2004-11-05,0.3,28.42,72.48,25.4,1.65,0.5
2004-11-06,0.46,28.71,70.22,25.29,1.27,0.49
2004-11-07,0.95,28.46,71.98,23.69,0.91,0.49
2004-11-08,3.86,28.01,74.83,21.53,1.12,0.49
2004-11-09,5.08,27.85,76.38,22.72,1.14,0.49
2004-11-10,1.2,28.32,74.47,23.14,1.52,0.49
2004-11-11,7.65,28.35,76.57,24.12,1.69,0.5
2004-11-12,6.93,28.56,76.77,22.89,1.41,0.51
2004-11-13,2.21,28.65,77.57,23.34,1.79,0.51
2004-11-14,0.39,28.78,74.71,25.39,1.76,0.5
2004-11-15,0.16,28.17,76.32,25.74,2.0,0.5
2004-11-16,0.0,28.36,74.72,24.56,1.74,0.49
2004-11-17,0.1,28.6,74.42,24.29,1.27,0.49
2004-11-18,0.39,28.42,77.11,24.45,1.62,0.48
2004-11-19,2.97,28.2,77.74,23.99,1.7,0.48
2004-11-20,26.81,27.34,83.36,19.2,1.84,0.51
2004-11-21,48.17,27.24,83.37,20.1,1.22,0.59
2004-11-22,28.64,26.52,85.47,20.66,1.2,0.64
2004-11-23,10.46,26.86,81.8,17.64,1.19,0.65
2004-11-24,12.32,26.62,83.13,18.26,1.28,0.64
2004-11-25,31.08,26.1,85.64,16.41,1.01,0.65
2004-11-26,8.29,26.55,84.58,17.99,1.03,0.68
2004-11-27,14.46,26.47,86.93,18.65,1.04,0.66
2004-11-28,7.03,26.74,84.76,22.11,1.2,0.66
2004-11-29,6.86,26.61,82.98,19.43,1.35,0.65
2004-11-30,9.26,26.42,84.16,14.46,1.05,0.64
2004-12-01,3.86,26.45,88.82,18.08,1.5,0.63
2004-12-02,5.44,26.38,88.34,11.71,2.29,0.63
2004-12-03,11.38,26.46,87.62,7.37,3.13,0.63
2004-12-04,3.09,27.08,81.37,23.44,1.78,0.62
2004-12-05,2.1,27.41,78.53,24.9,1.02,0.61
2004-12-06,2.33,28.06,74.57,23.66,0.87,0.6
2004-12-07,20.59,27.27,82.61,23.79,1.5,0.61
2004-12-08,6.75,26.91,84.0,23.44,1.75,0.63
2004-12-09,0.39,26.97,81.7,24.29,1.92,0.61
2004-12-10,0.75,27.3,80.34,23.28,1.53,0.6
2004-12-11,0.57,26.15,87.47,21.23,1.05,0.6
2004-12-12,0.42,27.33,80.23,22.78,1.38,0.59
2004-12-13,0.24,27.09,79.55,23.59,2.04,0.58
2004-12-14,3.18,27.33,78.5,22.84,1.94,0.58
2004-12-15,15.47,27.6,80.79,23.19,1.9,0.59
2004-12-16,22.62,27.33,85.33,21.67,1.94,0.62
2004-12-17,15.68,27.58,83.76,23.45,1.75,0.64
2004-12-18,12.12,27.33,86.81,22.16,1.19,0.65
2004-12-19,4.43,27.87,79.8,24.03,0.95,0.65
2004-12-20,7.33,27.95,82.56,23.36,1.34,0.64
2004-12-21,19.52,27.01,85.8,18.7,1.12,0.66
2004-12-22,8.23,26.47,87.31,14.48,1.53,0.66
2004-12-23,7.93,26.34,85.16,19.95,0.94,0.66
2004-12-24,5.52,26.71,84.28,18.7,0.75,0.66
2004-12-25,7.36,25.71,88.2,15.89,1.14,0.65
2004-12-26,6.94,25.33,90.58,16.8,2.28,0.66
2004-12-27,37.79,25.91,87.36,13.38,1.22,0.68
2004-12-28,27.46,25.66,86.94,12.6,1.5,0.74
2004-12-29,13.59,25.74,89.86,16.82,2.36,0.74
2004-12-30,5.18,25.52,88.37,14.87,1.76,0.72
2004-12-31,2.38,26.03,83.87,21.64,1.74,0.71
2005-01-01,0.89,26.61,81.03,23.63,2.44,0.69
2005-01-02,0.05,26.57,79.4,24.88,2.03,0.67
2005-01-03,1.01,26.94,81.07,20.08,1.55,0.66
2005-01-04,1.07,26.6,85.27,21.73,1.55,0.65
2005-01-05,1.2,26.95,84.73,21.79,1.39,0.65
2005-01-06,1.46,26.81,84.28,18.68,1.7,0.65
2005-01-07,0.73,26.78,81.26,23.79,1.83,0.64
2005-01-08,0.28,26.96,78.88,24.15,1.36,0.64
2005-01-09,1.05,27.16,76.96,24.16,1.49,0.63
2005-01-10,1.65,27.22,75.91,24.22,1.62,0.63
2005-01-11,5.79,27.07,77.84,24.95,1.42,0.63
2005-01-12,0.05,27.4,75.14,23.69,1.4,0.63
2005-01-13,0.72,27.52,77.43,24.93,1.47,0.62
2005-01-14,1.35,27.23,82.7,22.03,2.05,0.62
2005-01-15,6.26,26.63,84.61,19.92,2.15,0.62
2005-01-16,6.77,26.3,87.45,19.51,1.24,0.64
2005-01-17,2.65,26.19,86.72,21.22,1.52,0.64
2005-01-18,6.82,26.45,85.97,15.25,1.56,0.64
2005-01-19,14.41,25.82,89.76,16.13,1.65,0.66
2005-01-20,21.44,25.53,88.97,8.1,1.88,0.69
2005-01-21,6.09,26.18,88.56,19.97,2.47,0.69
2005-01-22,3.57,26.48,85.64,19.54,2.5,0.69
2005-01-23,0.61,27.08,81.37,25.81,1.96,0.67
2005-01-24,2.52,26.54,82.24,21.05,1.46,0.66
2005-01-25,2.73,25.97,84.42,23.43,1.4,0.66
2005-01-26,0.2,26.52,84.04,24.7,1.38,0.66
2005-01-27,0.35,26.83,82.9,25.23,1.31,0.65
2005-01-28,0.4,27.02,82.36,22.56,1.28,0.65
2005-01-29,0.57,26.44,84.41,21.49,1.27,0.64
2005-01-30,1.41,27.07,83.14,24.71,1.34,0.64
2005-01-31,12.44,26.69,86.55,22.17,1.77,0.65
2005-02-01,18.38,26.46,88.43,15.34,1.87,0.67
2005-02-02,12.5,26.51,87.04,17.13,1.84,0.69
2005-02-03,11.09,26.31,87.45,15.11,2.28,0.7
2005-02-04,7.46,26.47,87.41,23.59,2.75,0.7
2005-02-05,2.7,26.73,86.34,24.07,2.14,0.69
2005-02-06,0.78,27.21,82.62,24.82,1.93,0.68
2005-02-07,1.53,27.19,79.94,24.45,1.84,0.67
2005-02-08,2.48,26.98,81.8,24.31,1.8,0.67
2005-02-09,2.42,27.04,84.55,22.14,1.76,0.66
2005-02-10,7.52,26.52,88.73,22.04,1.44,0.66
2005-02-11,5.04,26.02,89.45,18.48,1.94,0.67
2005-02-12,4.05,25.89,90.44,20.21,1.73,0.67
2005-02-13,12.76,26.29,85.94,22.13,0.83,0.69
2005-02-14,7.86,26.28,90.06,20.28,1.85,0.69
2005-02-15,1.36,27.36,80.19,25.95,1.26,0.69
2005-02-16,15.06,27.73,78.71,23.55,0.68,0.69
2005-02-17,5.61,27.65,81.25,23.94,1.24,0.7
2005-02-18,0.25,27.68,79.99,25.35,0.93,0.69
2005-02-19,0.01,28.06,75.32,25.39,0.77,0.68
2005-02-20,0.81,27.77,76.0,23.47,0.51,0.67
2005-02-21,1.37,27.9,74.81,20.26,0.58,0.66
2005-02-22,4.01,27.0,83.14,22.9,0.88,0.66
2005-02-23,3.64,26.58,86.17,22.42,1.03,0.66
2005-02-24,3.04,27.36,81.14,22.07,1.22,0.67
2005-02-25,1.24,27.34,81.69,22.24,1.08,0.66
2005-02-26,13.23,28.09,78.5,25.33,0.91,0.67
2005-02-27,6.54,27.69,83.31,22.87,0.94,0.68
2005-02-28,0.67,26.97,87.06,23.93,1.07,0.68
2005-03-01,1.89,27.31,84.46,22.08,1.36,0.68
2005-03-02,7.34,26.79,86.53,21.63,1.06,0.68
2005-03-03,9.19,26.44,86.75,22.74,1.81,0.68
2005-03-04,6.26,26.24,88.28,9.21,2.46,0.69
2005-03-05,2.39,26.28,86.77,13.31,2.12,0.69
2005-03-06,12.29,25.7,90.27,9.03,1.96,0.69
2005-03-07,18.99,25.49,89.77,13.63,1.84,0.71
2005-03-08,5.04,26.04,84.92,21.91,1.57,0.72
2005-03-09,8.69,26.67,84.97,19.77,1.86,0.71
2005-03-10,10.75,26.5,88.65,15.98,2.17,0.72
2005-03-11,4.22,26.77,87.72,17.2,2.47,0.72
2005-03-12,0.67,26.82,87.17,23.86,1.64,0.7
2005-03-13,4.29,27.41,82.68,20.88,0.93,0.7
2005-03-14,5.72,26.74,86.83,21.2,1.19,0.7
2005-03-15,3.75,26.51,78.96,20.0,1.29,0.7
2005-03-16,5.14,26.9,81.59,24.1,1.42,0.7
2005-03-17,1.99,27.3,81.92,23.27,1.44,0.7
2005-03-18,1.43,27.42,80.27,23.05,1.23,0.69
2005-03-19,3.55,27.28,80.6,22.78,1.15,0.68
2005-03-20,2.71,27.4,79.65,22.58,0.89,0.68
2005-03-21,0.81,27.54,77.12,22.41,1.19,0.68
2005-03-22,0.32,27.67,75.55,23.09,1.05,0.67
2005-03-23,0.28,27.96,77.02,23.94,1.33,0.66
2005-03-24,1.51,27.62,76.63,22.54,1.15,0.66
2005-03-25,1.59,27.32,78.58,20.31,1.24,0.66
2005-03-26,9.39,27.58,80.94,21.39,0.87,0.66
2005-03-27,15.9,27.54,82.78,19.17,1.09,0.69
2005-03-28,21.27,26.83,84.77,19.54,1.03,0.71
2005-03-29,8.81,27.09,85.48,20.76,1.21,0.73
2005-03-30,2.16,26.81,86.69,20.53,1.11,0.72
2005-03-31,6.45,26.88,85.83,14.96,1.25,0.71
2005-04-01,9.25,26.49,88.06,7.86,1.43,0.72
2005-04-02,4.68,26.34,87.46,19.2,1.76,0.71
2005-04-03,3.29,26.52,86.48,18.68,1.02,0.71
2005-04-04,0.32,27.64,78.71,17.55,1.49,0.7
2005-04-05,11.66,27.17,80.73,18.68,1.33,0.69
2005-04-06,19.85,26.01,88.83,13.26,1.63,0.72
2005-04-07,40.83,25.85,86.91,15.38,1.25,0.76
2005-04-08,37.9,25.32,89.31,8.53,0.75,0.8
2005-04-09,13.21,25.63,87.68,14.33,1.57,0.8
2005-04-10,8.13,26.27,85.51,15.13,1.58,0.78
2005-04-11,6.51,25.84,90.0,15.13,1.8,0.76
2005-04-12,6.68,25.44,89.06,16.04,1.61,0.76
2005-04-13,1.74,25.63,87.05,16.99,1.19,0.75
2005-04-14,0.42,26.42,82.63,18.98,1.14,0.74
2005-04-15,0.69,26.78,82.02,22.39,1.43,0.73
2005-04-16,2.63,27.08,80.22,22.3,1.0,0.73
2005-04-17,3.54,26.93,80.51,21.0,1.13,0.72
2005-04-18,1.33,27.22,76.19,23.67,1.23,0.72
2005-04-19,1.01,27.3,76.27,23.33,1.66,0.71
2005-04-20,1.65,27.23,75.93,22.56,1.77,0.71
2005-04-21,1.52,27.05,76.11,20.09,1.98,0.71
2005-04-22,0.02,26.97,76.25,23.67,1.92,0.7
2005-04-23,0.13,27.13,76.56,23.37,1.9,0.7
2005-04-24,0.07,27.39,77.02,20.92,1.8,0.69
2005-04-25,0.04,27.46,76.14,23.09,1.65,0.69
2005-04-26,0.0,27.6,77.6,22.84,1.46,0.68
2005-04-27,0.04,27.86,78.12,21.58,1.27,0.68
2005-04-28,1.23,27.67,83.11,19.66,1.53,0.68
2005-04-29,0.83,27.18,84.56,20.28,1.54,0.68
2005-04-30,0.45,27.65,81.41,20.85,1.52,0.68
2005-05-01,0.56,27.3,78.92,21.54,1.47,0.68
2005-05-02,0.12,27.3,76.08,21.07,1.39,0.67
2005-05-03,0.0,27.09,78.47,21.66,1.38,0.67
2005-05-04,0.09,27.41,76.25,21.43,1.53,0.67
2005-05-05,0.68,27.2,75.43,20.22,1.51,0.66
2005-05-06,0.16,27.19,74.46,21.94,1.6,0.66
2005-05-07,0.16,27.1,76.16,18.54,1.43,0.66
2005-05-08,0.1,27.04,77.44,20.37,1.67,0.65
2005-05-09,0.04,26.81,77.93,20.95,1.78,0.65
2005-05-10,1.0,26.62,80.36,19.49,1.86,0.65
2005-05-11,0.13,26.34,78.77,19.43,1.86,0.65
2005-05-12,0.95,25.64,80.53,21.61,1.91,0.64
2005-05-13,0.0,26.05,74.67,22.2,1.54,0.64
2005-05-14,0.0,26.07,74.87,22.57,1.92,0.64
2005-05-15,0.0,25.98,73.68,22.1,1.72,0.64
2005-05-16,0.0,26.12,74.37,22.11,1.69,0.63
2005-05-17,0.0,25.84,74.74,22.44,1.95,0.63
2005-05-18,0.0,25.69,71.05,22.03,1.81,0.62
2005-05-19,0.04,25.71,70.79,22.15,1.68,0.62
2005-05-20,0.78,25.92,74.79,20.81,1.41,0.62
2005-05-21,0.11,26.44,76.39,20.51,1.47,0.62
2005-05-22,0.25,26.64,76.25,20.36,1.41,0.61
2005-05-23,0.05,26.76,77.06,20.32,1.42,0.61
2005-05-24,0.43,26.36,77.53,20.93,1.61,0.61
2005-05-25,0.63,26.25,77.64,20.57,1.77,0.61
2005-05-26,0.12,26.16,77.56,17.68,1.82,0.6
2005-05-27,0.0,26.0,78.1,18.33,1.98,0.6
2005-05-28,0.03,25.88,76.8,20.54,1.85,0.6
2005-05-29,0.59,25.74,74.91,20.67,1.79,0.59
2005-05-30,1.06,25.67,78.82,20.2,1.78,0.59
2005-05-31,0.16,25.82,76.58,19.93,1.8,0.59
2005-06-01,0.19,25.88,76.36,19.3,1.72,0.59
2005-06-02,0.21,25.98,76.22,19.2,1.4,0.59
2005-06-03,0.36,25.89,77.63,18.24,1.56,0.58
2005-06-04,0.28,25.89,76.91,19.15,1.39,0.58
2005-06-05,0.37,26.18,77.48,18.84,1.19,0.58
2005-06-06,0.39,26.37,77.07,18.91,1.15,0.58
2005-06-07,0.62,26.31,78.22,19.45,1.3,0.57
2005-06-08,0.0,26.17,76.7,19.9,1.57,0.57
2005-06-09,0.19,26.36,75.52,19.36,1.46,0.57
2005-06-10,0.01,26.65,79.96,18.63,1.65,0.57
2005-06-11,7.14,26.55,83.29,18.62,1.53,0.57
2005-06-12,1.33,26.39,83.57,17.6,2.11,0.58
2005-06-13,0.06,26.09,79.63,19.48,1.84,0.57
2005-06-14,3.21,25.73,81.81,18.26,1.82,0.57
2005-06-15,0.78,25.98,81.31,17.78,1.14,0.57
2005-06-16,0.19,26.59,80.66,16.79,1.11,0.57
2005-06-17,0.0,27.05,79.07,19.06,1.46,0.57
2005-06-18,0.06,27.05,79.35,19.9,1.64,0.56
2005-06-19,0.11,27.28,77.6,19.12,1.11,0.56
2005-06-20,0.42,27.28,78.69,17.78,1.04,0.56
2005-06-21,1.03,27.11,79.79,16.79,0.9,0.55
2005-06-22,0.64,27.19,79.68,18.42,1.06,0.55
2005-06-23,4.04,26.76,81.46,16.65,0.99,0.55
2005-06-24,2.77,26.57,82.94,16.78,1.03,0.56
2005-06-25,0.2,26.61,80.44,19.15,1.22,0.56
2005-06-26,1.93,26.43,80.65,16.9,1.14,0.55
2005-06-27,2.39,26.27,80.56,19.03,1.38,0.56
2005-06-28,0.15,26.04,77.37,18.8,1.51,0.55
2005-06-29,0.15,26.08,76.75,19.38,1.29,0.55
2005-06-30,0.0,25.77,75.57,19.62,1.99,0.54
2005-07-01,0.0,24.96,74.46,20.15,2.19,0.54
2005-07-02,0.0,25.04,67.57,20.66,2.22,0.54
2005-07-03,0.0,25.72,73.93,18.97,1.63,0.53
2005-07-04,0.1,25.86,78.29,18.21,1.88,0.53
2005-07-05,12.07,25.58,81.31,17.23,1.5,0.54
2005-07-06,1.44,26.18,77.14,20.07,1.43,0.55
2005-07-07,14.69,26.05,84.03,14.35,1.34,0.56
2005-07-08,6.79,26.16,85.21,16.67,1.33,0.59
2005-07-09,0.6,26.37,82.42,17.61,1.41,0.58
2005-07-10,0.4,26.55,84.1,19.15,1.63,0.58
2005-07-11,0.04,26.78,79.02,20.1,1.31,0.57
2005-07-12,1.44,26.4,82.34,15.95,1.53,0.57
2005-07-13,1.77,26.57,81.69,17.96,1.11,0.56
2005-07-14,0.34,26.63,79.32,17.63,1.83,0.56
2005-07-15,0.03,26.3,79.13,18.93,1.93,0.55
2005-07-16,0.24,26.14,78.87,18.59,1.83,0.55
2005-07-17,0.06,26.04,75.3,19.09,1.6,0.54
2005-07-18,0.0,25.65,75.42,19.38,1.81,0.54
2005-07-19,0.03,25.89,74.6,19.92,2.02,0.53
2005-07-20,0.0,25.93,69.58,20.56,2.13,0.53
2005-07-21,0.05,25.46,73.54,19.06,2.45,0.52
2005-07-22,0.01,24.67,70.36,19.65,2.52,0.52
2005-07-23,0.04,24.88,70.32,19.41,2.25,0.52
2005-07-24,0.07,24.86,69.73,19.17,2.27,0.52
2005-07-25,0.0,25.09,70.93,19.79,1.98,0.51
2005-07-26,0.01,25.57,73.58,19.84,1.78,0.51
2005-07-27,0.16,25.28,75.09,18.76,2.38,0.51
2005-07-28,0.03,25.2,71.22,18.5,2.31,0.51
2005-07-29,0.34,24.8,75.24,18.33,2.09,0.51
2005-07-30,3.14,24.55,78.84,19.04,2.32,0.51
2005-07-31,0.14,25.22,71.38,17.63,2.03,0.51
2005-08-01,0.04,25.77,70.33,19.83,1.56,0.51
2005-08-02,1.52,26.0,76.53,16.8,1.59,0.5
2005-08-03,0.88,25.69,76.76,20.39,2.38,0.51
2005-08-04,0.0,25.0,70.5,21.55,2.64,0.5
2005-08-05,0.0,24.65,65.58,20.63,2.46,0.5
2005-08-06,0.0,24.8,67.14,21.8,2.19,0.5
2005-08-07,0.27,24.59,75.59,17.68,2.19,0.5
2005-08-08,2.88,25.44,72.92,19.47,1.58,0.5
2005-08-09,0.83,26.05,75.18,20.2,1.25,0.5
2005-08-10,0.02,26.6,74.89,20.59,1.08,0.5
2005-08-11,0.6,26.34,75.72,19.95,1.71,0.5
2005-08-12,0.57,26.02,72.01,20.42,1.8,0.5
2005-08-13,0.0,25.78,67.83,20.96,1.58,0.49
2005-08-14,0.01,25.4,68.2,21.37,1.61,0.49
2005-08-15,0.0,25.91,73.15,19.88,1.47,0.49
2005-08-16,5.59,26.09,76.08,21.37,1.23,0.49
2005-08-17,3.04,26.46,78.04,19.03,1.21,0.5
2005-08-18,1.01,26.08,77.49,20.47,2.01,0.5
2005-08-19,0.01,25.98,73.45,19.42,2.13,0.5
2005-08-20,0.04,25.73,77.11,19.78,2.29,0.5
2005-08-21,0.0,25.62,74.6,20.62,2.31,0.5
2005-08-22,0.0,25.69,72.08,21.4,1.56,0.49
2005-08-23,0.2,25.36,76.53,17.64,1.87,0.49
2005-08-24,0.33,25.41,75.11,19.13,1.49,0.49
2005-08-25,0.88,24.9,78.12,18.31,2.26,0.49
2005-08-26,0.26,25.06,76.96,18.77,2.1,0.49
2005-08-27,0.02,25.47,75.57,20.29,2.44,0.49
2005-08-28,0.5,25.79,76.12,19.5,2.39,0.48
2005-08-29,1.62,26.17,77.23,20.53,1.96,0.48
2005-08-30,0.21,26.33,72.14,22.23,2.01,0.48
2005-08-31,0.17,26.29,72.07,22.89,1.86,0.48
2005-09-01,0.01,26.8,70.69,22.12,1.83,0.48
2005-09-02,0.01,26.79,70.42,22.22,2.2,0.48
2005-09-03,0.01,26.44,66.54,23.79,2.15,0.48
2005-09-04,0.02,25.95,68.01,23.21,2.15,0.47
2005-09-05,0.0,26.41,67.97,23.49,1.74,0.47
2005-09-06,0.01,26.66,74.22,20.9,1.95,0.47
2005-09-07,0.0,27.21,72.44,22.41,1.76,0.47
2005-09-08,0.0,26.93,71.66,22.97,2.17,0.47
2005-09-09,0.02,26.67,71.23,20.17,2.12,0.47
2005-09-10,0.12,26.44,71.24,22.06,1.64,0.47
2005-09-11,0.12,26.28,73.67,22.34,1.93,0.47
2005-09-12,0.0,26.26,71.7,22.91,1.87,0.47
2005-09-13,0.06,26.61,68.75,22.16,1.55,0.47
2005-09-14,0.03,26.55,71.41,23.55,1.87,0.47
2005-09-15,0.0,26.61,71.6,23.84,1.88,0.47
2005-09-16,0.02,27.08,71.0,19.48,1.61,0.46
2005-09-17,0.41,27.29,71.94,23.4,1.86,0.46
2005-09-18,0.01,27.5,70.73,23.31,1.87,0.46
2005-09-19,0.08,27.64,70.1,23.75,1.32,0.46
2005-09-20,0.12,27.54,71.42,20.85,1.4,0.46
2005-09-21,4.33,27.44,74.33,22.17,1.73,0.47
2005-09-22,11.23,27.54,74.76,23.32,1.61,0.49
2005-09-23,0.01,27.59,73.46,23.72,2.18,0.49
2005-09-24,5.14,27.24,75.04,22.69,1.67,0.48
2005-09-25,3.87,27.16,76.37,22.69,2.02,0.49
2005-09-26,0.01,27.2,74.61,22.43,2.13,0.49
2005-09-27,0.46,27.07,74.54,22.2,1.98,0.49
2005-09-28,0.22,27.22,73.67,22.77,1.84,0.48
2005-09-29,0.3,26.96,74.51,23.39,2.15,0.48
2005-09-30,0.5,26.94,71.83,23.37,2.37,0.48
2005-10-01,1.35,27.23,71.59,23.66,2.14,0.48
2005-10-02,0.11,27.44,70.24,24.56,1.57,0.47
2005-10-03,0.0,27.56,71.38,23.35,1.9,0.47
2005-10-04,0.05,27.32,72.76,23.59,2.38,0.47
2005-10-05,0.03,27.71,72.74,24.08,1.94,0.47
2005-10-06,0.26,27.85,72.76,21.66,2.12,0.47
2005-10-07,0.37,27.71,72.58,21.38,2.25,0.46
2005-10-08,0.03,27.47,69.99,26.17,1.75,0.46
2005-10-09,2.2,27.67,68.66,24.0,1.23,0.46
2005-10-10,0.74,28.29,72.32,23.28,1.52,0.46
2005-10-11,19.73,27.88,79.69,19.69,1.78,0.48
2005-10-12,6.02,27.93,77.91,22.76,1.46,0.51
2005-10-13,0.04,28.27,74.31,23.15,1.63,0.5
2005-10-14,0.93,27.87,76.33,22.96,1.88,0.5
2005-10-15,4.41,26.89,81.12,20.06,2.03,0.5
2005-10-16,9.44,26.61,83.4,20.74,1.44,0.51
2005-10-17,24.34,25.66,92.69,17.9,1.21,0.54
2005-10-18,7.45,25.73,88.68,16.82,2.12,0.56
2005-10-19,9.75,26.13,84.97,14.35,1.96,0.56
2005-10-20,3.74,25.95,83.56,19.06,1.82,0.56
2005-10-21,0.72,26.97,78.99,20.07,2.16,0.55
2005-10-22,33.65,27.01,81.18,20.92,1.54,0.57
2005-10-23,26.85,27.14,83.7,22.24,1.49,0.62
2005-10-24,25.55,27.32,83.79,23.06,1.56,0.66
2005-10-25,3.3,27.08,82.46,22.25,2.36,0.64
2005-10-26,3.98,27.0,81.6,21.8,2.24,0.62
2005-10-27,0.49,27.17,78.93,22.06,2.5,0.6
2005-10-28,0.1,26.97,78.19,21.79,2.82,0.58
2005-10-29,0.51,27.12,76.66,22.02,2.54,0.57
2005-10-30,1.69,27.54,76.39,22.13,1.64,0.56
2005-10-31,0.12,27.64,77.46,22.78,1.66,0.55
2005-11-01,3.79,27.7,77.0,21.48,1.92,0.55
2005-11-02,0.34,27.91,73.34,24.45,1.34,0.54
2005-11-03,0.2,28.21,72.4,25.95,1.21,0.53
2005-11-04,0.06,28.34,70.51,26.25,1.55,0.53
2005-11-05,0.03,27.96,73.7,23.98,1.92,0.52
2005-11-06,1.31,28.38,73.66,23.47,1.71,0.51
2005-11-07,0.04,28.03,72.17,24.66,2.22,0.51
2005-11-08,0.18,27.76,72.19,25.25,2.34,0.5
2005-11-09,0.4,27.69,71.52,24.16,2.19,0.5
2005-11-10,0.04,27.81,71.69,23.59,2.25,0.5
2005-11-11,0.5,27.96,73.27,22.43,2.14,0.49
2005-11-12,0.44,27.92,71.23,25.43,2.19,0.49
2005-11-13,0.0,27.65,71.41,23.72,2.27,0.49
2005-11-14,0.0,27.51,71.35,23.92,2.34,0.49
2005-11-15,0.36,27.64,72.16,23.76,2.18,0.48
2005-11-16,5.26,27.66,76.96,22.86,2.43,0.49
2005-11-17,16.73,27.99,79.44,22.68,1.89,0.51
2005-11-18,26.79,27.14,84.64,20.93,1.66,0.55
2005-11-19,10.92,27.04,83.07,20.01,1.15,0.58
2005-11-20,18.91,26.77,84.23,17.34,1.2,0.59
2005-11-21,12.41,26.53,82.31,15.7,1.56,0.61
2005-11-22,45.35,25.38,90.18,16.29,2.27,0.65
2005-11-23,17.96,26.79,81.34,20.33,1.86,0.68
2005-11-24,0.24,27.42,75.07,26.56,1.66,0.66
2005-11-25,0.02,27.57,72.78,26.7,1.74,0.63
2005-11-26,0.0,27.27,75.87,25.11,2.1,0.61
2005-11-27,0.14,27.53,73.83,24.07,1.66,0.59
2005-11-28,12.39,26.97,80.48,19.41,1.9,0.59
2005-11-29,13.55,25.63,87.06,14.09,2.18,0.61
2005-11-30,7.76,26.81,80.36,20.77,1.01,0.62
2005-12-01,4.21,26.89,80.56,13.92,0.7,0.61
2005-12-02,7.56,26.03,88.52,13.4,1.24,0.61
2005-12-03,3.78,26.2,84.96,21.48,1.63,0.61
2005-12-04,5.46,26.67,84.62,18.13,1.48,0.61
2005-12-05,2.07,27.41,79.9,21.43,1.19,0.61
2005-12-06,4.56,27.17,80.5,20.11,0.68,0.61
2005-12-07,8.37,26.14,88.76,17.46,1.96,0.61
2005-12-08,1.74,26.27,84.92,21.21,1.83,0.61
2005-12-09,3.94,27.28,83.13,20.11,1.27,0.61
2005-12-10,7.02,26.92,84.54,19.02,1.37,0.61
2005-12-11,13.62,26.34,88.97,13.69,1.6,0.62
2005-12-12,17.79,26.42,84.99,16.71,1.74,0.64
2005-12-13,9.3,26.25,85.61,12.58,1.46,0.65
2005-12-14,8.57,26.58,86.95,12.86,2.03,0.65
2005-12-15,11.57,27.1,86.47,9.19,2.68,0.65
2005-12-16,9.43,26.73,88.47,10.71,2.02,0.66
2005-12-17,8.93,26.81,89.04,16.41,2.17,0.66
2005-12-18,10.61,26.98,86.34,18.49,1.52,0.66
2005-12-19,11.75,26.74,83.94,14.66,1.8,0.67
2005-12-20,3.64,26.78,83.96,14.36,1.57,0.66
2005-12-21,4.32,26.05,87.74,15.5,1.55,0.66
2005-12-22,7.42,26.33,87.25,13.0,1.18,0.66
2005-12-23,4.85,26.3,84.56,21.84,1.14,0.66
2005-12-24,8.52,27.76,80.98,21.31,1.6,0.65
2005-12-25,9.78,27.36,82.86,19.68,1.4,0.66
2005-12-26,8.07,26.18,85.86,16.2,1.5,0.67
2005-12-27,14.51,25.83,88.56,9.94,1.45,0.67
2005-12-28,9.49,25.85,91.6,18.75,1.47,0.69
2005-12-29,4.33,26.01,89.72,11.34,1.44,0.68
2005-12-30,40.86,26.34,89.18,13.24,2.72,0.7
2005-12-31,31.34,26.3,86.42,13.1,2.22,0.75
2006-01-01,14.01,26.06,86.93,13.95,1.96,0.76
2006-01-02,2.14,26.3,83.19,18.47,1.09,0.74
2006-01-03,6.76,26.02,85.26,14.14,0.96,0.72
2006-01-04,6.78,26.16,83.44,15.23,1.3,0.72
2006-01-05,9.85,26.32,84.34,18.2,0.77,0.71
2006-01-06,7.62,26.52,84.4,19.57,1.25,0.72
2006-01-07,10.41,26.11,85.32,18.0,1.31,0.72
2006-01-08,3.3,25.91,86.54,17.95,1.4,0.72
2006-01-09,5.81,25.92,85.82,10.85,1.41,0.71
2006-01-10,0.94,26.48,84.14,20.02,0.95,0.71
2006-01-11,3.48,26.77,84.73,21.7,1.36,0.7
2006-01-12,4.46,26.97,81.43,21.34,1.96,0.7
2006-01-13,1.52,26.26,84.94,22.29,1.81,0.69
2006-01-14,3.82,26.65,84.45,16.9,2.0,0.69
2006-01-15,6.55,26.17,89.53,15.26,2.12,0.69
2006-01-16,17.25,26.3,88.36,11.52,2.01,0.71
2006-01-17,22.94,26.29,90.8,14.18,2.39,0.73
2006-01-18,10.07,26.12,87.58,13.01,2.8,0.75
2006-01-19,13.04,26.22,84.45,13.18,3.16,0.74
2006-01-20,7.56,26.51,86.77,18.1,2.84,0.74
2006-01-21,12.43,26.41,88.52,9.33,2.52,0.74
2006-01-22,16.78,26.18,91.18,12.92,1.84,0.75
2006-01-23,7.37,26.12,91.56,15.2,1.85,0.75
2006-01-24,11.18,25.94,90.2,17.59,1.8,0.74
2006-01-25,16.26,25.69,90.21,13.56,2.04,0.75
2006-01-26,15.29,25.64,88.45,10.78,1.93,0.76
2006-01-27,12.29,25.86,89.42,13.69,1.58,0.76
2006-01-28,15.91,25.56,91.75,9.96,2.22,0.77
2006-01-29,4.28,26.07,88.43,20.08,1.58,0.77
2006-01-30,6.9,25.71,91.47,19.67,1.6,0.76
2006-01-31,21.23,25.54,91.24,15.45,1.92,0.77
2006-02-01,10.56,25.79,91.43,17.52,1.94,0.78
2006-02-02,22.74,25.98,88.5,14.32,1.83,0.79
2006-02-03,11.04,25.9,85.73,15.45,1.59,0.79
2006-02-04,1.18,25.79,83.16,18.57,1.54,0.78
2006-02-05,3.79,25.86,82.85,23.03,1.59,0.77
2006-02-06,1.54,26.09,83.02,21.27,1.31,0.76
2006-02-07,1.79,25.89,80.86,24.54,1.69,0.76
2006-02-08,0.04,26.55,76.46,25.17,1.21,0.75
2006-02-09,0.52,27.01,77.17,25.48,1.17,0.74
2006-02-10,0.25,27.11,73.86,26.13,1.06,0.74
2006-02-11,0.14,26.88,75.1,26.41,0.94,0.73
2006-02-12,0.06,26.94,76.47,26.01,1.34,0.73
2006-02-13,0.03,27.15,76.48,25.05,1.29,0.72
2006-02-14,17.94,27.16,81.81,22.08,0.94,0.73
2006-02-15,20.41,26.9,85.5,21.03,1.02,0.77
2006-02-16,5.43,27.29,84.79,22.35,0.56,0.76
2006-02-17,10.6,26.61,87.95,17.36,1.37,0.76
2006-02-18,5.51,26.14,89.04,18.21,1.4,0.77
2006-02-19,4.3,25.81,89.84,14.86,1.87,0.76
2006-02-20,17.64,25.82,90.49,16.23,1.29,0.77
2006-02-21,9.51,26.0,87.24,17.66,1.15,0.78
2006-02-22,9.79,26.29,85.47,18.12,0.74,0.78
2006-02-23,12.39,25.99,89.02,16.92,1.58,0.79
2006-02-24,11.41,26.14,91.76,15.34,1.88,0.79
2006-02-25,38.77,26.04,92.55,8.53,1.69,0.81
2006-02-26,19.43,26.2,90.42,18.49,1.8,0.84
2006-02-27,6.56,26.35,89.85,12.07,1.5,0.83
2006-02-28,13.01,26.03,90.62,18.34,1.77,0.82
2006-03-01,10.41,25.93,88.18,11.72,1.94,0.83
2006-03-02,11.58,25.25,89.37,13.2,1.51,0.83
2006-03-03,7.74,25.06,87.42,11.53,1.59,0.84
2006-03-04,11.89,24.91,88.42,13.4,2.15,0.84
2006-03-05,16.98,25.27,90.16,10.22,2.15,0.84
2006-03-06,37.32,25.42,93.69,11.83,2.1,0.86
2006-03-07,9.29,25.13,91.59,20.42,1.66,0.88
2006-03-08,12.62,25.72,85.91,21.05,1.74,0.87
2006-03-09,2.73,25.77,87.0,22.83,1.86,0.87
2006-03-10,0.0,25.97,84.05,21.83,1.86,0.86
2006-03-11,0.04,26.28,80.66,21.16,1.39,0.85
2006-03-12,0.16,26.71,78.06,23.16,1.24,0.84
2006-03-13,0.39,26.76,78.97,21.52,1.14,0.84
2006-03-14,8.66,26.55,83.44,20.89,1.07,0.83
2006-03-15,5.09,26.37,86.36,17.56,1.69,0.84
2006-03-16,4.46,26.55,84.56,15.56,1.51,0.84
2006-03-17,3.97,26.46,85.56,19.48,1.27,0.84
2006-03-18,2.21,26.16,86.74,16.34,1.25,0.84
2006-03-19,21.42,25.68,91.65,15.23,1.63,0.84
2006-03-20,23.89,25.95,92.81,7.99,2.2,0.87
2006-03-21,24.6,25.68,91.59,9.59,2.37,0.89
2006-03-22,18.17,25.9,93.1,5.5,2.47,0.9
2006-03-23,2.35,26.51,88.81,18.8,2.0,0.89
2006-03-24,2.06,26.8,87.35,22.93,1.39,0.88
2006-03-25,0.89,27.25,83.75,19.55,0.78,0.88
2006-03-26,1.4,27.11,86.41,20.48,1.27,0.87
2006-03-27,1.59,26.53,88.84,16.32,1.26,0.87
2006-03-28,22.78,26.29,88.76,14.62,1.56,0.88
2006-03-29,14.21,25.31,89.92,12.09,1.7,0.9
2006-03-30,29.19,25.59,92.19,9.61,1.06,0.9
2006-03-31,14.57,25.33,88.64,12.32,1.25,0.92
2006-04-01,25.62,25.3,90.15,10.69,1.59,0.93
2006-04-02,6.63,25.37,88.92,12.15,2.18,0.93
2006-04-03,3.44,26.07,89.69,14.09,2.12,0.93
2006-04-04,3.54,26.25,89.64,16.03,2.1,0.92
2006-04-05,7.08,25.83,86.63,15.98,1.83,0.92
2006-04-06,7.99,26.17,89.33,16.77,1.88,0.92
2006-04-07,2.7,26.35,81.82,21.45,1.35,0.92
2006-04-08,1.86,26.29,87.34,18.18,1.05,0.91
2006-04-09,1.71,25.82,85.8,19.03,1.21,0.91
2006-04-10,2.8,26.43,83.58,19.71,0.69,0.9
2006-04-11,10.33,26.74,83.27,20.94,0.65,0.91
2006-04-12,8.29,26.6,86.02,19.72,0.61,0.91
2006-04-13,2.49,26.43,89.57,19.59,1.36,0.91
2006-04-14,1.22,26.85,84.57,21.35,1.32,0.9
2006-04-15,15.31,26.71,83.36,20.01,1.08,0.9
2006-04-16,5.42,26.82,85.97,19.81,0.48,0.91
2006-04-17,0.42,27.41,78.67,21.08,0.6,0.9
2006-04-18,5.54,27.47,79.54,20.08,0.68,0.9
2006-04-19,6.4,27.01,83.97,18.86,1.12,0.9
2006-04-20,12.46,26.28,89.35,12.91,1.38,0.9
2006-04-21,6.25,26.99,83.93,19.12,0.66,0.91
2006-04-22,3.49,26.54,85.67,16.47,0.88,0.9
2006-04-23,3.71,26.53,84.79,19.0,1.17,0.9
2006-04-24,0.21,26.55,83.08,19.43,2.0,0.89
2006-04-25,12.3,26.02,83.0,21.5,1.9,0.89
2006-04-26,0.51,25.89,82.33,20.95,1.81,0.89
2006-04-27,0.26,26.08,79.52,20.61,1.68,0.88
2006-04-28,1.58,26.04,82.68,19.44,1.64,0.87
2006-04-29,0.7,26.23,84.35,19.23,1.67,0.86
2006-04-30,0.84,26.63,83.39,19.25,1.49,0.86
2006-05-01,1.74,26.32,84.9,20.15,1.62,0.85
2006-05-02,0.74,26.58,82.51,20.13,1.47,0.85
2006-05-03,13.35,26.43,84.24,20.52,1.48,0.85
2006-05-04,5.1,26.77,81.15,19.42,1.01,0.85
2006-05-05,0.57,26.64,82.27,19.67,1.05,0.85
2006-05-06,5.73,26.09,86.96,18.96,1.19,0.85
2006-05-07,19.68,25.48,88.28,14.56,1.97,0.86
2006-05-08,5.14,25.74,87.26,15.24,1.6,0.87
2006-05-09,22.73,25.96,85.75,18.91,1.54,0.87
2006-05-10,2.36,25.9,84.62,19.26,2.02,0.87
2006-05-11,0.04,25.82,81.93,20.59,2.18,0.86
2006-05-12,0.0,25.33,79.29,20.29,2.2,0.85
2006-05-13,0.0,25.5,77.67,21.01,1.71,0.84
2006-05-14,1.4,26.0,77.37,20.33,1.36,0.84
2006-05-15,2.22,26.03,77.63,20.2,1.55,0.83
2006-05-16,0.0,26.11,77.42,21.23,1.78,0.83
2006-05-17,0.02,26.24,80.49,19.85,1.79,0.82
2006-05-18,0.27,26.21,83.8,18.38,1.99,0.81
2006-05-19,0.5,26.06,83.73,17.28,2.11,0.81
2006-05-20,0.64,25.5,86.17,17.01,1.82,0.8
2006-05-21,0.13,26.01,83.21,19.89,1.42,0.8
2006-05-22,4.37,25.89,86.64,16.96,1.49,0.8
2006-05-23,5.14,25.56,87.33,9.05,1.38,0.8
2006-05-24,1.8,25.82,85.08,12.32,1.15,0.8
2006-05-25,1.51,26.34,83.91,16.0,0.79,0.8
2006-05-26,2.11,26.53,86.37,13.86,1.02,0.8
2006-05-27,1.95,26.51,87.56,15.81,1.17,0.8
2006-05-28,0.55,26.57,82.28,18.99,1.45,0.8
2006-05-29,0.07,26.33,80.05,19.12,1.33,0.79
2006-05-30,0.06,26.15,80.06,19.43,1.48,0.78
2006-05-31,0.07,25.84,79.83,19.41,1.37,0.78
2006-06-01,0.1,25.68,80.37,19.71,1.29,0.77
2006-06-02,0.16,25.55,81.62,19.16,1.51,0.77
2006-06-03,0.13,25.64,82.2,19.38,1.39,0.77
2006-06-04,0.0,25.89,80.68,18.17,1.51,0.76
2006-06-05,0.01,25.81,80.98,19.29,1.8,0.76
2006-06-06,0.05,25.7,81.11,18.08,1.68,0.75
2006-06-07,0.01,25.09,81.27,19.91,2.29,0.75
2006-06-08,0.08,24.86,79.29,18.55,2.07,0.74
2006-06-09,0.15,24.06,81.58,17.95,2.57,0.74
2006-06-10,0.05,24.08,79.93,17.36,2.22,0.74
2006-06-11,0.29,24.37,80.68,18.51,2.02,0.73
2006-06-12,1.51,24.48,84.52,15.83,2.28,0.73
2006-06-13,0.25,24.81,82.58,17.24,2.09,0.73
2006-06-14,0.23,24.71,81.14,18.22,1.86,0.72
2006-06-15,0.11,24.07,80.72,18.75,2.42,0.72
2006-06-16,0.0,24.61,80.15,19.2,1.92,0.72
2006-06-17,0.01,24.77,85.52,15.97,2.53,0.71
2006-06-18,1.49,24.7,84.77,14.56,2.17,0.71
2006-06-19,1.31,25.12,86.67,12.86,2.27,0.71
2006-06-20,1.8,24.77,88.57,14.75,2.14,0.71
2006-06-21,0.06,25.01,84.31,14.19,2.19,0.71
2006-06-22,0.0,24.19,80.82,18.15,2.22,0.71
2006-06-23,0.0,23.65,79.87,17.96,2.23,0.7
2006-06-24,0.0,23.83,79.67,18.31,2.02,0.7
2006-06-25,0.0,24.39,83.63,17.61,2.15,0.7
2006-06-26,0.09,24.49,83.6,17.58,2.44,0.69
2006-06-27,0.09,24.31,78.91,18.33,1.99,0.69
2006-06-28,0.03,23.81,82.06,18.62,2.29,0.69
2006-06-29,0.85,24.43,84.14,17.05,2.32,0.69
2006-06-30,7.32,24.26,84.29,16.8,2.03,0.69
2006-07-01,7.34,24.57,84.2,16.58,2.04,0.7
2006-07-02,0.48,24.37,84.01,19.53,1.99,0.7
2006-07-03,0.0,24.25,82.46,18.58,1.99,0.69
2006-07-04,0.0,24.44,81.33,18.26,2.01,0.69
2006-07-05,0.03,24.48,81.63,19.38,2.08,0.68
2006-07-06,0.02,24.39,80.16,18.33,2.06,0.68
2006-07-07,0.04,24.17,79.61,18.21,1.67,0.67
2006-07-08,0.0,24.42,78.94,18.26,1.63,0.67
2006-07-09,0.01,24.61,79.39,19.01,1.64,0.67
2006-07-10,0.07,24.58,80.81,18.35,1.65,0.66
2006-07-11,0.01,23.5,78.95,20.05,2.19,0.66
2006-07-12,0.0,23.09,79.2,17.52,2.11,0.66
2006-07-13,0.63,22.65,82.41,15.09,2.8,0.66
2006-07-14,0.1,22.25,79.28,18.44,2.5,0.65
2006-07-15,0.02,22.51,79.45,19.15,2.6,0.65
2006-07-16,0.02,23.52,79.99,15.49,2.14,0.65
2006-07-17,0.0,23.92,79.43,18.82,1.68,0.65
2006-07-18,0.06,24.65,80.08,18.98,1.57,0.65
2006-07-19,0.07,24.8,80.65,18.96,1.6,0.64
2006-07-20,0.28,24.39,81.14,19.49,2.03,0.64
2006-07-21,0.02,23.88,79.93,19.67,2.12,0.64
2006-07-22,0.0,23.84,78.42,20.12,1.9,0.64
2006-07-23,0.0,24.06,79.73,18.51,1.88,0.63
2006-07-24,0.0,24.52,81.48,19.74,1.61,0.63
2006-07-25,0.0,24.57,81.03,18.74,1.95,0.63
2006-07-26,0.83,24.79,83.79,17.31,1.94,0.63
2006-07-27,0.58,24.8,83.47,17.16,1.79,0.62
2006-07-28,0.23,24.84,81.5,18.54,1.69,0.62
2006-07-29,0.0,24.16,77.79,20.93,2.02,0.62
2006-07-30,0.0,23.94,78.6,21.51,1.93,0.62
2006-07-31,0.13,23.92,78.92,20.36,1.8,0.61
2006-08-01,0.0,23.94,81.97,20.11,2.01,0.61
2006-08-02,0.0,24.1,80.09,22.07,2.06,0.61
2006-08-03,0.0,24.09,78.44,21.84,2.1,0.61
2006-08-04,0.0,24.22,77.95,22.12,1.96,0.61
2006-08-05,0.03,24.34,74.77,21.65,2.36,0.6
2006-08-06,0.01,23.93,70.09,22.02,2.32,0.6
2006-08-07,0.0,23.76,72.73,21.15,2.16,0.6
2006-08-08,0.1,23.43,73.97,18.92,2.44,0.59
2006-08-09,0.02,23.85,72.65,19.81,1.97,0.59
2006-08-10,0.06,23.79,73.11,20.09,2.35,0.59
2006-08-11,1.0,24.04,77.16,20.35,1.99,0.59
2006-08-12,0.46,23.91,77.49,19.92,2.36,0.59
2006-08-13,0.13,23.85,76.67,20.27,1.92,0.59
2006-08-14,0.09,24.08,78.93,20.68,1.92,0.58
2006-08-15,0.03,24.51,78.92,20.3,1.41,0.58
2006-08-16,0.07,24.94,79.59,20.56,1.78,0.58
2006-08-17,0.0,25.35,78.49,20.85,1.44,0.58
2006-08-18,0.02,25.86,81.45,19.8,1.65,0.58
2006-08-19,0.06,25.6,79.73,20.03,1.59,0.57
2006-08-20,0.32,25.12,75.09,20.0,1.76,0.57
2006-08-21,0.67,24.76,74.37,20.94,1.58,0.57
2006-08-22,0.15,24.95,76.56,21.54,1.93,0.57
2006-08-23,0.0,24.79,75.4,21.92,1.85,0.56
2006-08-24,0.0,24.87,74.96,23.46,1.8,0.56
2006-08-25,0.0,24.5,74.2,22.72,2.13,0.56
2006-08-26,0.0,24.18,72.88,22.48,1.98,0.56
2006-08-27,0.0,23.63,72.94,22.98,2.2,0.56
2006-08-28,0.0,24.18,74.12,22.4,1.39,0.55
2006-08-29,0.0,24.98,75.48,22.06,1.37,0.55
2006-08-30,0.0,25.24,73.89,23.48,1.33,0.55
2006-08-31,0.58,25.15,75.08,23.48,1.75,0.55
2006-09-01,0.0,24.52,70.14,23.65,2.13,0.55
2006-09-02,0.0,23.97,69.45,23.55,1.93,0.54
2006-09-03,0.0,23.95,71.54,23.49,1.73,0.54
2006-09-04,0.0,24.11,74.0,23.85,1.8,0.54
2006-09-05,0.0,24.37,76.07,22.85,1.93,0.54
2006-09-06,0.08,24.71,74.21,22.88,1.65,0.54
2006-09-07,0.06,25.18,73.68,24.47,1.33,0.54
2006-09-08,0.0,25.83,75.87,23.28,1.47,0.53
2006-09-09,0.01,26.49,76.77,23.79,1.28,0.53
2006-09-10,0.0,26.17,74.49,23.11,1.42,0.53
2006-09-11,0.12,25.78,74.31,22.75,1.38,0.53
2006-09-12,0.3,25.75,74.76,22.83,1.51,0.53
2006-09-13,0.0,25.48,75.9,22.62,2.14,0.53
2006-09-14,0.0,25.59,74.78,22.03,1.63,0.52
2006-09-15,0.0,25.36,75.1,23.01,1.71,0.52
2006-09-16,0.0,25.65,73.45,23.81,1.42,0.52
2006-09-17,0.0,25.57,72.27,25.19,1.63,0.52
2006-09-18,0.01,25.46,74.04,24.19,1.93,0.52
2006-09-19,0.0,25.6,74.29,23.0,1.82,0.52
2006-09-20,0.0,25.86,72.4,24.89,1.85,0.52
2006-09-21,0.0,25.57,71.83,24.78,1.52,0.51
2006-09-22,0.0,24.97,72.32,25.28,2.04,0.51
2006-09-23,0.0,25.15,74.89,23.71,2.19,0.51
2006-09-24,0.0,25.43,73.98,24.76,1.84,0.51
2006-09-25,0.0,25.4,74.21,24.48,2.29,0.51
2006-09-26,0.0,25.35,73.9,25.25,1.72,0.51
2006-09-27,0.0,25.69,73.4,24.52,2.01,0.51
2006-09-28,0.08,26.28,74.22,22.8,1.8,0.5
2006-09-29,0.05,26.81,71.13,25.99,1.55,0.5
2006-09-30,0.0,26.5,72.18,26.61,2.08,0.5
2006-10-01,2.22,26.1,75.74,21.1,1.71,0.5
2006-10-02,2.27,26.57,74.43,24.47,1.55,0.5
2006-10-03,0.05,26.62,73.07,24.82,2.1,0.5
2006-10-04,0.05,26.38,74.5,24.93,2.14,0.5
2006-10-05,0.01,26.83,73.64,25.02,1.72,0.5
2006-10-06,0.27,26.96,71.07,24.66,1.27,0.5
2006-10-07,4.55,26.3,74.34,20.44,2.06,0.5
2006-10-08,4.25,26.62,70.88,24.3,1.54,0.51
2006-10-09,0.06,26.65,71.67,24.29,2.01,0.51
2006-10-10,0.15,26.64,70.54,25.7,1.55,0.5
2006-10-11,0.1,26.58,72.47,24.94,1.52,0.5
2006-10-12,0.29,26.47,72.72,25.42,1.9,0.5
2006-10-13,0.05,26.32,72.03,23.16,1.83,0.5
2006-10-14,0.42,26.71,73.19,23.0,1.27,0.49
2006-10-15,2.94,27.01,73.45,23.18,1.5,0.5
2006-10-16,0.78,26.97,74.26,24.81,1.62,0.5
2006-10-17,0.62,27.13,73.41,24.82,1.47,0.5
2006-10-18,0.01,27.36,71.13,24.21,1.21,0.49
2006-10-19,0.0,27.28,70.06,25.1,1.35,0.49
2006-10-20,0.02,27.34,71.06,25.92,1.43,0.49
2006-10-21,0.0,27.63,68.87,24.95,1.23,0.49
2006-10-22,0.0,27.84,67.76,26.7,1.06,0.49
2006-10-23,0.0,28.04,68.32,26.01,1.23,0.48
2006-10-24,0.39,27.87,70.8,23.43,1.43,0.48
2006-10-25,0.01,27.56,68.85,24.76,1.18,0.48
2006-10-26,0.0,27.86,67.41,25.69,1.04,0.48
2006-10-27,0.0,27.99,68.23,25.86,1.01,0.48
2006-10-28,0.0,27.69,68.23,25.86,1.17,0.48
2006-10-29,0.05,27.59,68.98,25.05,2.02,0.48
2006-10-30,0.01,27.42,69.04,23.31,1.64,0.48
2006-10-31,0.22,27.67,66.61,25.0,1.15,0.47
2006-11-01,0.12,27.56,70.1,23.1,1.34,0.47
2006-11-02,0.09,27.84,69.69,22.32,1.5,0.47
2006-11-03,0.01,28.03,69.92,25.27,1.86,0.47
2006-11-04,11.09,27.51,75.63,23.88,2.45,0.48
2006-11-05,17.57,27.36,79.24,23.2,1.83,0.52
2006-11-06,6.19,27.23,79.62,21.88,1.88,0.53
2006-11-07,0.83,27.41,77.84,23.1,2.1,0.53
2006-11-08,0.23,28.21,73.77,23.81,1.2,0.52
2006-11-09,0.09,28.52,73.73,25.97,1.19,0.52
2006-11-10,0.16,28.26,74.97,24.85,1.83,0.51
2006-11-11,0.04,28.04,75.15,25.75,1.89,0.5
2006-11-12,0.05,28.03,74.23,25.4,1.87,0.5
2006-11-13,4.91,28.03,73.15,24.17,1.52,0.5
2006-11-14,6.3,27.89,73.9,24.26,1.61,0.51
2006-11-15,4.43,27.75,76.06,23.76,1.62,0.51
2006-11-16,0.09,28.03,73.35,24.46,1.69,0.51
2006-11-17,0.39,28.38,71.62,24.19,1.51,0.5
2006-11-18,0.76,28.76,71.96,23.6,0.92,0.5
2006-11-19,0.3,28.45,76.13,25.16,1.51,0.5
2006-11-20,6.4,28.48,75.69,23.9,1.58,0.5
2006-11-21,1.08,28.54,72.35,24.47,1.05,0.5
2006-11-22,1.51,28.32,73.58,23.1,1.05,0.5
2006-11-23,7.32,28.36,74.31,23.71,1.01,0.5
2006-11-24,6.12,28.12,75.31,25.11,1.0,0.52
2006-11-25,0.24,28.34,72.2,24.45,1.1,0.51
2006-11-26,0.1,28.34,72.48,25.32,1.0,0.51
2006-11-27,0.03,28.45,69.0,25.3,0.62,0.5
2006-11-28,0.03,28.53,66.24,25.28,0.39,0.5
2006-11-29,0.37,27.86,73.78,23.39,1.69,0.49
2006-11-30,0.37,27.84,74.18,24.82,1.82,0.49
2006-12-01,0.19,28.19,72.81,24.6,1.99,0.49
2006-12-02,3.28,28.02,73.65,19.89,1.71,0.48
2006-12-03,3.97,28.05,76.03,23.05,1.26,0.49
2006-12-04,2.79,28.72,73.64,22.59,0.8,0.49
2006-12-05,3.52,28.85,71.38,21.22,0.68,0.49
2006-12-06,0.8,28.73,71.9,23.11,1.34,0.49
2006-12-07,8.8,28.38,75.29,23.68,1.38,0.5
2006-12-08,10.69,28.03,79.14,22.13,2.0,0.52
2006-12-09,2.12,27.82,79.58,23.37,2.31,0.52
2006-12-10,0.49,28.19,75.49,23.82,2.47,0.52
2006-12-11,1.88,28.23,77.19,18.56,1.79,0.51
2006-12-12,54.64,27.62,81.73,19.22,0.97,0.55
2006-12-13,19.63,27.08,85.75,23.25,1.15,0.63
2006-12-14,1.55,27.86,74.46,19.23,1.03,0.61
2006-12-15,2.58,27.63,79.08,24.3,1.74,0.6
2006-12-16,11.87,27.79,80.68,20.84,1.37,0.6
2006-12-17,2.94,27.71,83.33,21.14,0.96,0.59
2006-12-18,0.64,28.06,81.05,20.88,0.77,0.58
2006-12-19,3.67,27.7,83.15,23.69,0.55,0.57
2006-12-20,1.76,28.11,80.84,19.85,0.75,0.57
2006-12-21,3.8,26.92,84.63,19.1,0.96,0.57
2006-12-22,14.73,27.7,78.72,22.14,0.9,0.58
2006-12-23,16.86,27.09,86.56,19.52,1.04,0.6
2006-12-24,2.25,28.31,77.43,19.09,0.85,0.6
2006-12-25,13.94,27.08,85.08,17.94,1.13,0.6
2006-12-26,9.35,26.81,85.39,17.14,0.79,0.61
2006-12-27,3.67,27.14,83.14,16.62,0.95,0.61
2006-12-28,5.25,26.83,85.71,14.22,1.19,0.6
2006-12-29,33.22,27.26,84.81,14.98,1.61,0.62
2006-12-30,33.99,26.32,89.2,7.67,3.24,0.69
2006-12-31,8.83,26.96,86.03,7.67,2.68,0.68
2007-01-01,17.86,27.09,83.61,9.83,2.81,0.67
2007-01-02,28.69,26.68,87.07,15.54,2.49,0.69
2007-01-03,9.77,26.22,86.62,11.67,2.7,0.71
2007-01-04,0.38,26.42,80.1,22.97,2.38,0.68
2007-01-05,0.46,26.13,78.03,20.61,2.03,0.65
2007-01-06,0.07,26.0,77.43,24.62,1.87,0.63
2007-01-07,0.0,26.26,76.82,20.73,1.78,0.62
2007-01-08,2.35,26.35,80.84,22.43,1.92,0.61
2007-01-09,0.76,26.63,81.23,22.27,2.07,0.6
2007-01-10,0.9,26.71,81.7,22.18,2.37,0.59
2007-01-11,0.11,26.99,78.11,26.2,1.91,0.59
2007-01-12,0.1,26.82,79.05,25.83,2.14,0.58
2007-01-13,0.24,26.97,79.73,25.52,2.39,0.57
2007-01-14,0.28,27.25,78.03,23.68,2.03,0.57
2007-01-15,3.3,26.98,80.89,20.93,2.14,0.56
2007-01-16,0.68,27.17,76.5,23.36,1.71,0.57
2007-01-17,0.6,27.23,78.37,25.12,1.46,0.56
2007-01-18,2.22,27.49,78.15,23.72,1.43,0.56
2007-01-19,2.85,27.36,80.6,18.37,1.02,0.56
2007-01-20,1.22,27.05,81.93,22.55,1.0,0.56
2007-01-21,2.22,27.28,82.23,20.28,0.83,0.56
2007-01-22,5.03,26.78,86.88,21.08,1.38,0.57
2007-01-23,1.52,27.34,79.08,23.23,1.95,0.57
2007-01-24,0.91,26.37,80.28,22.95,2.36,0.56
2007-01-25,0.12,27.11,76.12,25.23,1.99,0.56
2007-01-26,0.98,27.65,75.27,26.03,1.87,0.55
2007-01-27,2.76,27.47,75.54,23.82,1.64,0.55
2007-01-28,1.18,27.31,74.87,25.16,1.76,0.55
2007-01-29,1.44,27.36,74.78,23.21,1.93,0.54
2007-01-30,19.67,26.87,79.48,21.32,2.38,0.55
2007-01-31,9.15,26.68,80.88,20.14,1.94,0.59
2007-02-01,1.38,27.01,79.9,20.33,1.88,0.59
2007-02-02,10.64,26.67,82.39,22.01,1.47,0.58
2007-02-03,9.51,26.15,85.46,19.64,1.49,0.61
2007-02-04,2.8,26.73,82.18,21.57,1.49,0.6
2007-02-05,6.47,26.69,84.52,22.75,1.52,0.6
2007-02-06,8.3,26.47,87.46,22.84,1.54,0.61
2007-02-07,3.42,26.94,82.75,23.59,1.96,0.61
2007-02-08,3.01,26.95,80.91,13.48,1.23,0.61
2007-02-09,6.53,26.99,82.17,19.94,1.1,0.6
2007-02-10,4.67,26.55,83.75,19.84,1.3,0.61
2007-02-11,9.89,27.41,75.18,25.98,0.61,0.61
2007-02-12,11.34,27.76,77.42,24.72,0.81,0.62
2007-02-13,1.44,27.77,78.08,25.09,1.06,0.62
2007-02-14,0.13,27.9,75.31,23.68,0.57,0.6
2007-02-15,0.43,27.93,74.73,24.41,0.7,0.59
2007-02-16,2.19,26.88,81.81,19.11,1.36,0.59
2007-02-17,5.1,26.76,79.77,18.77,0.69,0.59
2007-02-18,9.04,26.89,80.92,22.57,0.51,0.6
2007-02-19,14.37,26.96,82.47,20.63,1.05,0.61
2007-02-20,6.37,27.03,83.68,22.43,0.89,0.62
2007-02-21,3.26,27.02,84.35,21.0,0.99,0.62
2007-02-22,5.47,26.01,86.25,11.21,1.88,0.62
2007-02-23,5.91,26.28,82.8,18.65,1.08,0.62
2007-02-24,5.03,26.18,85.28,23.51,1.06,0.62
2007-02-25,16.55,26.62,81.67,18.44,0.79,0.63
2007-02-26,6.64,27.05,74.8,21.9,0.77,0.64
2007-02-27,3.46,26.42,82.09,18.9,1.51,0.64
2007-02-28,5.49,26.29,87.33,22.59,1.7,0.63
2007-03-01,18.34,26.36,84.65,19.02,0.98,0.64
2007-03-02,19.15,26.2,88.4,5.45,2.1,0.67
2007-03-03,14.04,26.31,90.62,5.18,2.2,0.68
2007-03-04,10.68,26.13,90.23,13.17,1.92,0.68
2007-03-05,27.23,26.3,91.95,16.96,1.66,0.7
2007-03-06,15.32,26.52,91.08,15.77,2.68,0.72
2007-03-07,16.65,26.58,87.12,8.55,3.83,0.72
2007-03-08,4.33,26.77,85.51,18.57,3.03,0.71
2007-03-09,0.65,26.69,84.49,22.29,2.72,0.69
2007-03-10,0.95,26.48,84.92,22.22,2.41,0.67
2007-03-11,0.67,26.36,84.83,22.7,2.22,0.66
2007-03-12,18.46,26.3,86.01,17.87,1.61,0.66
2007-03-13,6.62,26.18,85.53,17.28,1.35,0.68
2007-03-14,8.12,26.09,87.57,12.22,1.55,0.68
2007-03-15,4.09,26.61,84.4,17.58,1.25,0.68
2007-03-16,10.85,26.07,86.71,20.5,1.41,0.68
2007-03-17,1.17,25.82,83.44,18.53,1.6,0.68
2007-03-18,0.04,26.28,79.43,22.79,1.5,0.67
2007-03-19,0.53,26.6,79.63,22.84,1.22,0.66
2007-03-20,2.21,26.44,86.2,18.14,1.88,0.66
2007-03-21,5.5,25.96,85.77,18.51,1.63,0.66
2007-03-22,5.25,25.39,88.96,11.8,1.08,0.67
2007-03-23,8.01,26.15,88.5,11.48,1.85,0.67
2007-03-24,2.56,26.31,83.59,17.6,1.56,0.67
2007-03-25,7.38,25.76,89.47,6.81,1.8,0.67
2007-03-26,11.47,26.25,89.7,17.65,2.47,0.68
2007-03-27,16.94,26.67,89.95,13.47,2.59,0.7
2007-03-28,13.82,26.54,90.07,6.79,2.43,0.71
2007-03-29,3.87,25.96,89.77,17.75,1.45,0.71
2007-03-30,2.93,26.26,86.05,19.78,1.13,0.7
2007-03-31,2.48,26.41,86.37,21.11,0.85,0.69
2007-04-01,5.41,26.41,87.81,18.99,1.43,0.69
2007-04-02,4.88,26.58,85.86,21.64,1.38,0.69
2007-04-03,9.37,26.75,86.51,17.35,1.45,0.69
2007-04-04,3.29,26.98,83.59,22.06,1.5,0.69
2007-04-05,1.11,27.04,80.76,21.8,1.05,0.68
2007-04-06,0.87,27.4,79.76,21.6,0.87,0.67
2007-04-07,20.3,27.0,82.86,21.62,1.1,0.68
2007-04-08,23.46,26.63,85.89,19.54,1.51,0.72
2007-04-09,6.51,26.4,83.89,21.97,1.93,0.73
2007-04-10,0.33,27.11,77.98,21.24,1.66,0.71
2007-04-11,1.25,27.1,79.73,20.76,1.42,0.69
2007-04-12,3.93,26.85,85.69,20.23,1.17,0.69
2007-04-13,5.9,27.37,83.81,18.84,1.15,0.69
2007-04-14,13.39,26.4,92.34,15.99,2.01,0.7
2007-04-15,6.46,26.74,88.32,12.88,1.85,0.71
2007-04-16,10.18,26.57,88.55,19.65,0.62,0.71
2007-04-17,8.74,26.3,90.46,19.64,0.47,0.72
2007-04-18,6.57,26.92,85.24,20.23,1.25,0.72
2007-04-19,6.8,27.18,84.63,21.59,1.26,0.71
2007-04-20,6.11,26.23,87.56,16.38,1.49,0.72
2007-04-21,9.55,26.13,88.13,11.75,1.21,0.71
2007-04-22,5.25,26.18,84.25,19.44,1.06,0.72
2007-04-23,0.69,26.6,80.6,19.52,1.02,0.71
2007-04-24,7.25,26.66,82.8,16.38,1.55,0.71
2007-04-25,41.48,26.84,86.97,16.36,1.57,0.74
2007-04-26,11.82,26.93,85.03,19.84,1.17,0.77
2007-04-27,0.06,26.72,80.58,21.02,1.83,0.74
2007-04-28,0.0,26.25,80.9,18.84,1.95,0.72
2007-04-29,0.02,26.35,79.84,21.83,1.6,0.71
2007-04-30,0.01,26.73,78.75,20.34,1.55,0.7
2007-05-01,0.38,26.35,79.19,21.38,1.75,0.7
2007-05-02,0.06,26.5,77.79,21.93,1.48,0.69
2007-05-03,0.17,26.75,81.69,20.33,1.72,0.69
2007-05-04,0.09,27.1,82.07,20.68,1.66,0.68
2007-05-05,0.12,26.94,82.68,20.82,2.0,0.68
2007-05-06,0.13,26.55,80.79,19.58,1.81,0.67
2007-05-07,0.2,26.79,80.09,20.13,1.71,0.67
2007-05-08,1.69,26.45,83.14,19.0,2.14,0.67
2007-05-09,8.28,26.39,83.32,19.35,1.89,0.67
2007-05-10,0.02,26.56,78.31,20.78,1.69,0.68
2007-05-11,0.24,26.34,78.17,20.55,1.59,0.67
2007-05-12,0.07,26.18,76.66,19.56,1.66,0.67
2007-05-13,0.0,26.23,75.31,21.08,1.66,0.66
2007-05-14,0.01,26.23,78.28,17.99,1.38,0.66
2007-05-15,0.5,26.25,79.15,13.15,1.03,0.66
2007-05-16,1.09,26.15,83.77,18.56,1.05,0.66
2007-05-17,1.78,26.07,86.16,17.08,1.07,0.66
2007-05-18,0.89,26.57,84.4,17.78,1.0,0.66
2007-05-19,3.18,26.64,85.92,17.95,0.75,0.66
2007-05-20,1.73,26.76,86.26,18.3,0.97,0.67
2007-05-21,0.74,26.9,83.31,19.28,1.22,0.67
2007-05-22,0.23,26.9,81.16,20.06,1.31,0.66
2007-05-23,0.44,26.78,82.61,19.34,1.48,0.66
2007-05-24,0.07,26.32,78.42,20.55,1.99,0.65
2007-05-25,0.0,25.86,78.98,20.4,1.79,0.65
2007-05-26,0.03,26.41,79.25,19.31,1.57,0.64
2007-05-27,7.1,26.6,84.02,17.38,1.55,0.64
2007-05-28,8.59,26.69,84.57,18.7,1.28,0.66
2007-05-29,3.82,26.18,88.04,16.33,1.37,0.67
2007-05-30,6.94,25.88,88.78,15.14,1.51,0.67
2007-05-31,2.6,26.27,85.0,18.58,1.23,0.68
2007-06-01,0.26,26.6,81.68,18.72,1.41,0.67
2007-06-02,2.06,26.58,85.71,17.9,1.65,0.67
2007-06-03,1.54,26.34,87.22,17.15,1.53,0.67
2007-06-04,2.95,26.26,87.6,18.66,1.54,0.67
2007-06-05,4.25,26.67,84.97,18.73,1.29,0.67
2007-06-06,1.93,26.65,84.54,16.93,1.83,0.67
2007-06-07,0.63,26.48,84.65,17.34,2.15,0.66
2007-06-08,0.19,26.36,83.32,17.35,2.16,0.65
2007-06-09,0.0,25.61,79.81,19.59,2.37,0.65
2007-06-10,0.0,24.72,75.31,20.21,2.39,0.64
2007-06-11,0.12,24.87,77.85,19.46,2.1,0.63
2007-06-12,0.09,25.05,81.44,17.68,2.32,0.63
2007-06-13,0.02,25.39,82.0,16.7,2.47,0.62
2007-06-14,0.02,25.51,80.72,17.52,2.48,0.62
2007-06-15,0.0,25.02,79.99,17.71,2.48,0.62
2007-06-16,0.0,24.75,79.35,17.97,2.46,0.61
2007-06-17,0.46,24.31,78.32,19.18,2.22,0.61
2007-06-18,0.05,24.6,80.71,14.87,2.04,0.61
2007-06-19,1.75,24.47,84.91,10.86,1.53,0.61
2007-06-20,2.34,25.0,86.4,10.22,1.28,0.61
2007-06-21,1.76,25.02,86.74,13.86,2.14,0.61
2007-06-22,0.12,25.25,83.06,17.07,2.26,0.61
2007-06-23,0.0,25.42,82.71,19.21,2.27,0.61
2007-06-24,0.0,25.23,81.97,17.38,2.32,0.6
2007-06-25,0.33,25.38,83.5,17.61,2.22,0.6
2007-06-26,0.62,25.96,85.52,17.63,1.94,0.6
2007-06-27,9.3,25.69,86.83,16.59,1.62,0.6
2007-06-28,26.32,25.1,87.31,11.96,1.77,0.64
2007-06-29,5.96,24.8,85.24,13.49,1.64,0.66
2007-06-30,0.15,24.93,83.08,17.77,1.87,0.65
2007-07-01,0.13,24.37,80.55,18.98,1.9,0.64
2007-07-02,0.0,24.67,79.67,18.47,1.31,0.63
2007-07-03,0.07,24.41,83.46,17.85,2.11,0.62
2007-07-04,0.28,25.14,80.35,16.79,1.87,0.62
2007-07-05,0.07,25.22,81.4,18.45,2.03,0.61
2007-07-06,0.01,24.68,77.55,19.0,1.82,0.61
2007-07-07,0.0,24.42,74.96,19.83,1.92,0.6
2007-07-08,0.0,24.18,74.1,19.45,2.01,0.6
2007-07-09,0.01,24.06,75.16,19.51,2.13,0.59
2007-07-10,0.01,23.92,74.19,19.71,2.12,0.59
2007-07-11,0.0,24.05,73.99,19.08,1.61,0.58
2007-07-12,0.09,24.64,77.12,17.51,1.33,0.58
2007-07-13,0.12,25.08,78.78,19.02,1.47,0.58
2007-07-14,0.06,25.66,77.5,18.08,1.28,0.57
2007-07-15,1.42,25.58,82.07,17.39,1.15,0.57
2007-07-16,0.91,26.1,81.96,17.74,1.19,0.57
2007-07-17,0.03,26.34,81.79,18.16,1.55,0.57
2007-07-18,0.11,26.11,81.76,18.22,1.45,0.57
2007-07-19,0.0,26.08,79.34,17.55,1.59,0.57
2007-07-20,0.0,25.85,79.59,17.61,1.43,0.56
2007-07-21,0.0,25.79,77.94,19.25,1.73,0.56
2007-07-22,0.0,25.16,76.78,19.94,1.98,0.56
2007-07-23,0.0,24.29,76.17,21.11,2.34,0.55
2007-07-24,0.01,24.41,77.28,19.97,2.3,0.55
2007-07-25,0.02,24.67,79.84,16.99,2.35,0.55
2007-07-26,0.01,25.04,78.41,18.84,1.55,0.55
2007-07-27,0.0,25.29,78.07,19.34,1.24,0.54
2007-07-28,0.24,25.25,77.31,17.15,1.53,0.54
2007-07-29,0.0,25.31,75.45,17.84,1.43,0.54
2007-07-30,0.0,24.85,75.78,19.96,1.72,0.54
2007-07-31,0.0,24.44,75.69,18.91,1.95,0.54
2007-08-01,0.03,23.91,78.33,17.15,2.23,0.54
2007-08-02,0.09,23.74,77.01,19.01,2.45,0.53
2007-08-03,0.33,23.55,78.69,16.78,2.38,0.53
2007-08-04,1.62,24.19,77.01,19.57,1.74,0.53
2007-08-05,0.79,24.69,76.27,21.23,1.46,0.53
2007-08-06,0.65,25.25,78.27,17.44,1.72,0.53
2007-08-07,0.49,24.56,76.23,18.88,2.58,0.53
2007-08-08,0.03,24.18,73.13,20.6,2.26,0.53
2007-08-09,0.01,24.77,74.89,19.8,1.84,0.53
2007-08-10,0.0,25.08,76.26,19.66,1.62,0.52
2007-08-11,0.03,25.4,79.27,13.43,1.55,0.52
2007-08-12,0.08,25.83,77.82,17.43,1.36,0.52
2007-08-13,0.44,25.67,79.72,19.79,1.91,0.52
2007-08-14,0.31,25.13,77.68,22.02,2.44,0.52
2007-08-15,0.02,24.6,75.12,20.59,2.61,0.52
2007-08-16,0.07,25.06,76.07,17.21,2.32,0.51
2007-08-17,0.0,25.56,76.38,19.8,1.8,0.51
2007-08-18,0.06,25.7,79.51,17.86,1.51,0.51
2007-08-19,0.43,25.81,79.73,15.76,2.25,0.51
2007-08-20,0.15,25.59,78.58,17.01,2.13,0.51
2007-08-21,0.01,25.07,76.25,15.67,2.45,0.51
2007-08-22,0.04,25.44,76.26,19.99,1.94,0.51
2007-08-23,0.02,25.26,75.94,17.17,2.1,0.51
2007-08-24,0.01,24.59,73.65,21.24,2.32,0.5
2007-08-25,0.09,24.09,68.98,23.61,2.27,0.5
2007-08-26,0.0,24.12,65.43,22.62,1.72,0.5
2007-08-27,0.0,24.26,67.46,22.85,1.77,0.5
2007-08-28,0.0,25.08,74.33,21.03,1.64,0.5
2007-08-29,0.0,25.77,72.73,22.41,1.44,0.5
2007-08-30,0.0,25.65,75.02,22.25,1.88,0.49
2007-08-31,0.0,25.24,75.06,23.06,1.86,0.49
2007-09-01,0.0,25.91,74.02,23.09,1.7,0.49
2007-09-02,0.02,26.36,74.76,22.38,1.76,0.49
2007-09-03,0.06,26.36,74.98,22.74,1.66,0.49
2007-09-04,0.0,26.18,76.91,21.5,1.77,0.49
2007-09-05,0.13,26.12,76.39,21.35,1.62,0.49
2007-09-06,0.27,26.24,74.66,21.2,1.35,0.49
2007-09-07,0.0,26.0,71.35,23.57,1.77,0.49
2007-09-08,0.0,25.0,72.04,23.77,2.43,0.48
2007-09-09,0.0,24.15,69.3,20.72,2.35,0.48
2007-09-10,0.0,24.62,68.04,24.49,1.6,0.48
2007-09-11,0.0,24.87,71.39,24.52,2.01,0.48
2007-09-12,0.0,24.79,72.31,24.05,2.01,0.48
2007-09-13,0.0,25.17,70.91,21.82,1.85,0.48
2007-09-14,0.01,25.94,72.41,22.87,1.81,0.48
2007-09-15,0.0,26.16,71.56,23.87,2.31,0.48
2007-09-16,0.0,26.42,69.36,24.58,1.65,0.48
2007-09-17,0.0,25.91,76.19,22.43,2.48,0.48
2007-09-18,0.02,26.01,73.38,22.61,2.34,0.48
2007-09-19,0.0,26.14,71.02,22.44,1.8,0.47
2007-09-20,0.0,26.19,72.58,24.54,2.15,0.47
2007-09-21,0.0,26.11,73.56,20.27,1.98,0.47
2007-09-22,0.0,26.48,73.85,23.08,1.71,0.47
2007-09-23,0.03,26.55,74.19,23.52,1.4,0.47
2007-09-24,0.0,26.98,70.47,24.46,1.52,0.47
2007-09-25,0.0,26.68,74.61,24.4,2.57,0.47
2007-09-26,0.0,26.82,69.39,25.67,2.15,0.47
2007-09-27,0.0,26.63,72.36,24.18,2.01,0.47
2007-09-28,0.01,26.66,72.39,23.51,2.49,0.47
2007-09-29,0.0,26.54,69.86,25.3,1.91,0.47
2007-09-30,0.0,26.6,71.96,22.68,1.8,0.46
2007-10-01,0.0,27.04,71.43,23.93,1.56,0.46
2007-10-02,0.02,27.09,72.14,22.58,1.81,0.46
2007-10-03,0.01,27.25,69.89,23.39,1.65,0.46
2007-10-04,0.01,27.51,71.34,23.72,1.13,0.46
2007-10-05,0.04,27.86,72.37,23.22,0.99,0.46
2007-10-06,0.02,27.72,72.38,23.92,1.45,0.46
2007-10-07,0.04,27.73,69.95,23.51,1.3,0.46
2007-10-08,1.59,27.55,73.1,22.21,1.5,0.46
2007-10-09,0.11,27.36,72.79,23.49,1.83,0.46
2007-10-10,0.0,26.77,71.81,23.06,2.59,0.46
2007-10-11,0.0,26.7,70.44,23.71,2.41,0.46
2007-10-12,0.76,27.21,71.06,23.06,1.73,0.46
2007-10-13,1.5,27.57,73.91,22.89,2.06,0.46
2007-10-14,0.07,27.54,74.29,23.27,2.35,0.46
2007-10-15,0.0,27.47,72.19,23.54,2.09,0.46
2007-10-16,0.0,27.39,72.09,24.9,2.19,0.46
2007-10-17,0.0,26.98,70.65,24.67,2.42,0.46
2007-10-18,0.0,27.38,70.35,23.98,2.14,0.46
2007-10-19,3.46,27.75,73.7,21.94,1.7,0.46
2007-10-20,6.43,27.25,78.73,22.96,2.16,0.47
2007-10-21,0.58,27.97,72.16,24.52,1.5,0.47
2007-10-22,0.01,28.1,71.28,23.97,1.48,0.47
2007-10-23,0.11,27.85,73.33,25.8,2.06,0.47
2007-10-24,0.05,28.32,69.29,22.7,1.46,0.47
2007-10-25,0.02,28.06,70.92,22.34,1.63,0.46
2007-10-26,0.04,28.08,69.85,24.59,1.28,0.46
2007-10-27,4.85,28.03,74.32,22.4,1.43,0.46
2007-10-28,1.86,28.05,73.61,22.67,1.16,0.47
2007-10-29,0.52,28.36,71.4,22.46,1.08,0.47
2007-10-30,4.92,27.41,77.21,22.77,1.14,0.47
2007-10-31,11.55,26.94,83.43,19.09,1.48,0.49
2007-11-01,5.2,27.11,81.26,21.48,1.47,0.5
2007-11-02,4.41,26.71,84.24,16.56,1.55,0.51
2007-11-03,23.18,26.11,88.25,20.02,1.8,0.53
2007-11-04,11.18,27.27,81.03,21.5,1.15,0.56
2007-11-05,84.77,26.26,90.16,19.7,1.99,0.62
2007-11-06,31.14,26.97,85.27,20.6,1.4,0.71
2007-11-07,10.2,26.92,83.81,21.56,1.46,0.69
2007-11-08,5.62,27.49,80.98,23.37,1.48,0.68
2007-11-09,6.78,27.09,82.43,22.37,1.76,0.65
2007-11-10,2.88,27.31,81.78,21.46,1.74,0.64
2007-11-11,1.6,26.85,83.92,22.21,1.87,0.62
2007-11-12,0.75,26.88,76.88,21.67,1.48,0.6
2007-11-13,0.63,27.48,76.24,21.82,1.1,0.59
2007-11-14,6.09,26.99,82.32,21.46,1.19,0.58
2007-11-15,3.1,27.24,79.96,23.51,1.56,0.58
2007-11-16,0.54,27.33,78.5,24.81,1.7,0.57
2007-11-17,0.46,27.24,75.96,24.61,1.89,0.56
2007-11-18,0.12,27.05,75.88,23.94,2.08,0.55
2007-11-19,0.0,26.58,76.03,25.98,2.12,0.54
2007-11-20,0.0,27.0,74.89,25.82,2.2,0.54
2007-11-21,0.01,26.75,75.0,24.82,2.2,0.53
2007-11-22,0.01,26.97,74.47,25.54,2.55,0.53
2007-11-23,0.01,27.19,72.21,23.23,2.05,0.52
2007-11-24,1.25,27.12,74.27,21.74,2.14,0.52
2007-11-25,4.71,27.23,78.18,20.51,2.09,0.52
2007-11-26,1.18,27.06,82.07,24.28,1.95,0.52
2007-11-27,0.1,27.74,73.94,24.3,1.44,0.52
2007-11-28,0.82,27.6,73.14,26.44,1.34,0.52
2007-11-29,4.64,27.86,72.4,23.5,0.77,0.52
2007-11-30,6.54,27.67,76.27,23.61,1.51,0.53
2007-12-01,6.76,27.53,77.36,19.8,1.19,0.53
2007-12-02,7.78,26.71,83.21,19.73,0.61,0.54
2007-12-03,6.84,26.35,86.31,10.95,1.14,0.56
2007-12-04,2.08,26.36,82.61,16.8,1.21,0.56
2007-12-05,3.24,27.26,77.55,20.21,0.85,0.56
2007-12-06,14.28,26.66,84.5,20.4,1.42,0.57
2007-12-07,7.31,27.55,80.09,21.58,1.0,0.58
2007-12-08,1.29,27.78,80.89,21.39,0.85,0.58
2007-12-09,23.92,27.11,84.45,17.96,1.04,0.59
2007-12-10,8.59,27.47,81.37,21.07,0.95,0.62
2007-12-11,5.3,27.84,79.41,20.17,0.79,0.61
2007-12-12,5.1,26.94,84.48,16.04,1.74,0.61
2007-12-13,3.01,27.02,83.11,18.13,1.26,0.6
2007-12-14,0.55,27.75,78.28,22.02,0.76,0.59
2007-12-15,3.37,28.22,75.25,22.75,0.67,0.58
2007-12-16,5.9,27.18,82.71,20.53,0.73,0.58
2007-12-17,19.57,26.5,85.81,15.55,1.24,0.61
2007-12-18,17.74,25.84,88.32,17.22,1.95,0.63
2007-12-19,15.22,26.07,88.98,15.6,2.1,0.64
2007-12-20,12.09,25.32,87.78,10.42,2.11,0.66
2007-12-21,7.32,25.96,85.0,16.03,1.71,0.66
2007-12-22,7.17,26.26,88.42,11.18,1.99,0.65
2007-12-23,9.84,25.94,90.95,12.31,1.99,0.65
2007-12-24,32.19,25.5,90.78,5.31,2.62,0.67
2007-12-25,31.88,25.59,91.94,11.52,3.07,0.71
2007-12-26,32.85,25.9,91.08,10.81,3.39,0.75
2007-12-27,4.67,26.11,87.74,15.11,3.11,0.74
2007-12-28,5.68,26.5,85.58,19.31,2.71,0.71
2007-12-29,3.22,26.43,87.16,14.66,2.63,0.69
2007-12-30,22.79,26.43,86.52,16.67,1.94,0.69
2007-12-31,14.14,26.17,88.71,14.13,1.77,0.71
2008-01-01,17.22,26.4,86.41,16.75,1.89,0.73
2008-01-02,27.5,25.96,89.11,9.63,1.97,0.73
2008-01-03,9.74,26.11,87.87,17.82,2.1,0.74
2008-01-04,11.42,25.99,87.67,11.08,2.46,0.73
2008-01-05,2.47,26.17,82.15,24.53,2.09,0.72
2008-01-06,0.75,26.41,80.84,26.65,1.89,0.7
2008-01-07,1.68,26.15,83.91,22.45,1.61,0.69
2008-01-08,0.89,25.78,86.16,20.21,1.7,0.68
2008-01-09,1.13,26.29,81.33,20.06,1.85,0.68
2008-01-10,2.1,26.03,85.18,21.5,1.79,0.67
2008-01-11,1.15,26.25,84.41,23.0,1.78,0.67
2008-01-12,1.45,26.47,81.63,23.23,1.82,0.67
2008-01-13,3.22,26.46,84.28,14.13,1.92,0.67
2008-01-14,18.06,26.05,89.3,9.78,2.27,0.68
2008-01-15,8.6,26.28,82.37,11.98,2.25,0.7
2008-01-16,12.84,25.62,86.97,8.06,2.23,0.7
2008-01-17,10.43,25.68,83.19,13.35,1.82,0.72
2008-01-18,6.47,25.99,85.94,20.66,1.54,0.71
2008-01-19,1.85,26.01,85.7,20.59,1.7,0.71
2008-01-20,0.26,26.26,82.81,25.43,1.29,0.69
2008-01-21,0.53,26.55,80.48,24.66,1.27,0.68
2008-01-22,0.44,26.52,79.78,25.73,1.48,0.68
2008-01-23,0.02,26.71,77.26,24.32,1.42,0.67
2008-01-24,0.19,27.26,78.28,24.0,0.95,0.66
2008-01-25,0.15,27.59,78.4,23.36,0.91,0.66
2008-01-26,0.15,27.48,77.58,24.02,1.07,0.65
2008-01-27,12.61,27.24,81.82,17.8,1.3,0.66
2008-01-28,9.9,26.62,87.17,20.08,1.39,0.68
2008-01-29,34.45,26.31,91.37,19.08,1.48,0.7
2008-01-30,19.01,26.24,90.42,9.02,1.8,0.75
2008-01-31,3.15,26.31,87.88,23.55,1.85,0.74
2008-02-01,1.06,26.77,84.48,19.43,1.51,0.72
2008-02-02,17.42,26.4,90.89,21.07,1.55,0.72
2008-02-03,11.42,25.59,90.29,12.15,1.86,0.73
2008-02-04,30.16,25.74,89.98,15.14,1.89,0.75
2008-02-05,10.03,25.94,89.83,14.58,1.97,0.77
2008-02-06,4.97,26.25,88.28,14.25,1.74,0.75
2008-02-07,12.9,26.06,91.57,13.26,2.25,0.75
2008-02-08,9.9,26.02,89.89,15.9,2.17,0.75
2008-02-09,22.73,25.9,90.54,9.1,2.73,0.76
2008-02-10,15.08,26.06,89.53,18.55,3.04,0.77
2008-02-11,4.49,26.26,87.25,20.02,3.04,0.76
2008-02-12,12.56,25.85,90.81,16.78,2.92,0.76
2008-02-13,17.74,26.04,88.11,13.89,2.73,0.77
2008-02-14,21.93,25.43,91.18,14.65,2.6,0.78
2008-02-15,16.37,25.44,92.41,15.12,2.69,0.79
2008-02-16,2.72,25.77,87.94,20.72,2.59,0.79
2008-02-17,2.12,25.87,87.71,16.22,2.08,0.77
2008-02-18,7.95,25.69,90.07,15.62,2.42,0.77
2008-02-19,12.82,25.65,91.86,12.4,1.8,0.78
2008-02-20,9.84,25.74,89.25,10.86,1.92,0.78
2008-02-21,27.66,25.21,90.69,11.08,1.63,0.81
2008-02-22,7.31,25.42,90.8,12.35,1.88,0.8
2008-02-23,2.31,25.48,90.11,11.65,1.66,0.8
2008-02-24,1.07,25.96,82.52,23.16,1.58,0.79
2008-02-25,1.81,26.08,81.58,22.64,1.38,0.78
2008-02-26,2.53,25.9,84.11,20.39,0.92,0.77
2008-02-27,4.07,26.15,80.05,21.44,1.23,0.77
2008-02-28,8.72,26.12,83.95,16.51,1.09,0.78
2008-02-29,1.59,26.2,82.62,22.88,1.01,0.77
2008-03-01,4.04,25.87,88.03,20.55,1.31,0.77
2008-03-02,6.01,25.6,89.63,17.67,1.74,0.77
2008-03-03,3.98,25.75,87.1,17.81,0.9,0.78
2008-03-04,1.93,25.61,88.96,19.01,1.14,0.78
2008-03-05,6.88,25.15,88.99,17.6,1.1,0.78
2008-03-06,3.01,25.44,85.67,16.3,0.85,0.78
2008-03-07,0.66,26.33,81.37,20.69,0.93,0.77
2008-03-08,0.34,26.31,81.56,21.39,0.92,0.77
2008-03-09,0.89,26.61,80.4,21.99,0.69,0.76
2008-03-10,0.81,26.51,83.44,22.43,1.26,0.76
2008-03-11,1.98,26.92,81.9,21.93,1.01,0.75
2008-03-12,0.49,26.94,82.58,20.7,0.86,0.75
2008-03-13,0.81,26.7,82.31,19.29,1.11,0.75
2008-03-14,1.95,27.21,78.5,21.52,0.99,0.75
2008-03-15,4.77,27.3,78.35,21.6,0.49,0.75
2008-03-16,4.66,26.71,82.28,21.11,0.55,0.75
2008-03-17,3.28,26.38,83.29,19.47,1.07,0.75
2008-03-18,2.29,27.13,81.41,22.81,0.87,0.75
2008-03-19,3.83,27.17,81.91,21.43,0.81,0.75
2008-03-20,6.06,26.42,86.25,19.55,1.32,0.75
2008-03-21,16.31,25.77,88.28,11.71,1.46,0.76
2008-03-22,3.53,26.34,84.52,20.83,1.38,0.77
2008-03-23,5.89,25.86,88.67,17.58,1.79,0.77
2008-03-24,15.03,25.93,86.53,15.67,1.2,0.77
2008-03-25,5.7,25.89,85.94,17.88,1.15,0.78
2008-03-26,2.06,26.21,86.09,19.87,1.35,0.78
2008-03-27,4.39,26.03,89.65,19.55,1.88,0.77
2008-03-28,5.0,25.8,86.77,19.12,1.61,0.77
2008-03-29,5.06,26.5,80.09,20.59,1.04,0.77
2008-03-30,7.64,25.34,90.57,16.08,2.14,0.77
2008-03-31,15.29,24.68,89.64,11.64,1.67,0.78
2008-04-01,6.44,25.63,86.04,17.13,1.46,0.79
2008-04-02,2.21,26.02,83.04,18.46,1.08,0.78
2008-04-03,0.6,25.96,83.16,19.35,0.94,0.78
2008-04-04,0.63,26.2,83.36,16.75,0.77,0.77
2008-04-05,11.5,26.31,85.78,16.52,1.03,0.77
2008-04-06,3.5,26.12,88.2,17.72,1.21,0.78
2008-04-07,3.11,26.2,85.69,17.65,1.15,0.78
2008-04-08,4.08,26.18,86.29,20.35,1.03,0.78
2008-04-09,2.15,26.92,81.4,21.52,1.59,0.78
2008-04-10,1.51,26.67,78.8,21.53,1.87,0.77
2008-04-11,2.51,26.59,79.96,20.25,1.47,0.76
2008-04-12,3.05,26.71,79.93,21.18,1.19,0.76
2008-04-13,0.4,26.19,80.63,22.25,1.74,0.76
2008-04-14,0.44,25.85,78.94,22.25,2.04,0.75
2008-04-15,0.08,26.48,77.61,21.89,1.78,0.75
2008-04-16,0.47,26.49,78.27,23.27,2.21,0.74
2008-04-17,0.77,26.51,77.47,21.28,2.05,0.74
2008-04-18,0.76,26.36,79.98,20.87,2.18,0.73
2008-04-19,1.31,26.22,76.74,21.26,1.81,0.73
2008-04-20,0.33,26.1,78.58,20.01,1.91,0.72
2008-04-21,2.31,26.29,80.64,18.39,1.1,0.72
2008-04-22,5.75,26.59,83.18,16.78,0.96,0.72
2008-04-23,1.51,26.9,82.51,17.3,1.22,0.73
2008-04-24,0.13,26.84,80.82,19.62,1.2,0.72
2008-04-25,0.25,26.63,79.64,21.68,1.23,0.72
2008-04-26,0.56,26.53,79.43,20.77,1.37,0.71
2008-04-27,0.03,26.0,79.75,19.67,1.75,0.71
2008-04-28,1.01,25.9,80.53,21.22,1.64,0.71
2008-04-29,1.93,26.48,79.77,19.49,1.41,0.7
2008-04-30,10.86,26.87,82.09,18.35,1.33,0.71
2008-05-01,11.09,25.88,87.39,15.48,0.91,0.73
2008-05-02,2.72,26.12,83.84,18.17,1.28,0.73
2008-05-03,0.6,26.39,84.74,19.66,1.75,0.72
2008-05-04,1.6,26.04,86.11,19.63,1.47,0.72
2008-05-05,10.92,26.37,84.05,19.84,1.73,0.72
2008-05-06,4.09,25.82,82.34,20.33,1.91,0.73
2008-05-07,0.23,26.06,79.86,19.89,2.21,0.72
2008-05-08,0.05,25.38,79.07,20.63,2.44,0.71
2008-05-09,0.01,25.14,76.98,20.03,2.42,0.71
2008-05-10,0.08,24.96,73.99,18.33,2.47,0.7
2008-05-11,0.13,24.81,73.88,20.13,2.47,0.7
2008-05-12,0.55,24.79,78.57,17.66,2.08,0.69
2008-05-13,0.2,24.8,78.83,19.66,1.9,0.69
2008-05-14,0.53,25.03,78.84,20.7,2.05,0.69
2008-05-15,0.27,25.28,80.0,19.36,2.15,0.68
2008-05-16,0.77,25.68,82.71,19.38,1.93,0.68
2008-05-17,1.31,26.08,82.17,19.11,1.97,0.68
2008-05-18,0.4,26.24,81.05,19.5,1.74,0.68
2008-05-19,0.88,26.22,81.35,18.99,1.89,0.67
2008-05-20,0.94,26.21,81.68,19.18,1.45,0.67
2008-05-21,19.69,25.87,82.53,19.37,1.56,0.68
2008-05-22,14.24,25.44,81.7,19.02,2.32,0.72
2008-05-23,0.0,25.0,78.77,17.37,2.45,0.71
2008-05-24,0.01,25.05,80.86,19.0,2.19,0.7
2008-05-25,0.17,24.87,82.0,19.35,2.27,0.69
2008-05-26,0.04,25.12,82.41,19.35,2.31,0.68
2008-05-27,0.02,25.31,82.9,19.15,2.24,0.68
2008-05-28,0.12,25.58,80.3,19.64,2.24,0.67
2008-05-29,0.01,25.19,79.37,18.48,2.33,0.67
2008-05-30,0.0,25.14,79.62,18.91,2.07,0.66
2008-05-31,0.01,25.26,81.28,19.09,2.27,0.66
2008-06-01,0.02,24.99,79.65,18.46,2.21,0.65
2008-06-02,0.17,25.4,80.47,19.29,2.03,0.65
2008-06-03,0.0,24.92,79.28,18.58,2.14,0.65
2008-06-04,0.0,24.67,79.75,18.19,2.15,0.65
2008-06-05,0.0,24.74,79.43,19.72,2.25,0.64
2008-06-06,0.0,24.86,80.54,19.0,2.01,0.64
2008-06-07,0.03,25.17,83.1,18.56,2.17,0.64
2008-06-08,0.27,25.67,84.22,18.47,1.86,0.64
2008-06-09,0.54,25.73,84.6,17.34,1.66,0.63
2008-06-10,13.35,25.13,90.09,13.24,1.82,0.64
2008-06-11,3.1,25.18,89.21,13.93,2.16,0.66
2008-06-12,0.83,25.6,84.77,17.05,1.77,0.66
2008-06-13,1.11,25.53,80.62,18.96,1.74,0.65
2008-06-14,5.77,25.41,83.22,18.38,1.52,0.65
2008-06-15,0.85,25.37,83.38,19.04,1.76,0.65
2008-06-16,0.01,24.96,83.32,19.27,2.06,0.65
2008-06-17,0.0,24.48,78.82,19.48,2.11,0.64
2008-06-18,0.0,24.46,81.87,19.68,2.08,0.64
2008-06-19,0.0,24.36,80.83,19.63,1.91,0.63
2008-06-20,0.0,24.18,80.15,19.31,1.96,0.63
2008-06-21,0.44,24.31,81.98,20.19,2.37,0.63
2008-06-22,0.76,24.3,80.29,19.39,2.28,0.62
2008-06-23,2.81,24.73,81.52,18.85,1.93,0.62
2008-06-24,0.73,25.03,83.85,17.43,1.68,0.62
2008-06-25,21.83,24.96,88.98,13.4,1.93,0.64
2008-06-26,0.03,25.38,80.3,17.94,1.71,0.65
2008-06-27,0.0,25.05,80.01,18.0,1.52,0.65
2008-06-28,0.0,24.62,80.65,18.9,1.8,0.64
2008-06-29,0.0,24.55,80.07,19.28,1.78,0.63
2008-06-30,0.01,24.8,79.94,18.86,1.63,0.63
2008-07-01,0.01,24.92,79.21,18.57,1.92,0.62
2008-07-02,0.33,24.99,81.02,18.53,1.76,0.61
2008-07-03,0.28,25.1,81.5,18.83,1.98,0.61
2008-07-04,0.0,24.58,81.31,17.37,2.34,0.61
2008-07-05,0.0,24.35,79.31,18.5,2.39,0.6
2008-07-06,0.04,24.11,78.74,15.74,2.55,0.6
2008-07-07,0.0,24.46,77.74,18.99,2.28,0.6
2008-07-08,0.0,25.01,77.54,20.32,1.87,0.59
2008-07-09,0.0,24.66,76.46,19.78,2.49,0.59
2008-07-10,0.0,24.32,77.37,19.2,2.31,0.59
2008-07-11,0.0,24.47,80.3,16.86,1.94,0.58
2008-07-12,0.6,24.79,79.98,17.1,2.0,0.58
2008-07-13,0.11,24.92,80.16,19.2,2.45,0.58
2008-07-14,0.02,24.75,78.34,19.0,2.4,0.58
2008-07-15,0.0,24.04,73.46,20.87,2.57,0.57
2008-07-16,0.0,24.13,71.79,19.76,1.76,0.57
2008-07-17,0.0,24.83,78.54,19.88,1.79,0.57
2008-07-18,0.0,24.61,78.82,19.43,1.73,0.56
2008-07-19,0.04,24.39,78.23,20.3,2.45,0.56
2008-07-20,0.0,24.44,76.35,18.87,2.57,0.56
2008-07-21,0.09,23.94,77.16,16.47,2.94,0.56
2008-07-22,0.0,23.93,75.96,18.94,2.76,0.55
2008-07-23,0.0,24.25,76.69,20.41,2.52,0.55
2008-07-24,0.0,24.59,75.96,20.0,2.01,0.55
2008-07-25,0.0,24.03,75.62,20.84,2.28,0.55
2008-07-26,0.01,23.7,76.83,20.14,1.99,0.55
2008-07-27,0.0,23.79,77.5,20.69,1.73,0.55
2008-07-28,0.0,24.03,78.44,19.83,1.84,0.54
2008-07-29,0.0,24.16,78.04,20.11,1.57,0.54
2008-07-30,0.0,24.49,77.05,20.58,1.24,0.54
2008-07-31,0.0,24.81,76.0,20.35,1.64,0.54
2008-08-01,0.05,24.47,73.94,21.12,1.56,0.54
2008-08-02,0.0,24.17,75.4,21.25,1.73,0.54
2008-08-03,0.0,24.38,78.73,19.72,2.03,0.53
2008-08-04,0.04,25.16,78.15,21.13,2.08,0.53
2008-08-05,0.0,25.2,76.5,20.27,2.3,0.53
2008-08-06,0.0,25.07,74.71,21.68,2.41,0.53
2008-08-07,0.0,25.07,74.5,21.39,1.92,0.53
2008-08-08,0.02,25.06,74.16,20.0,1.76,0.52
2008-08-09,0.03,25.29,72.78,20.29,1.86,0.52
2008-08-10,0.11,25.05,76.0,19.67,1.73,0.52
2008-08-11,3.19,24.99,78.62,14.29,1.14,0.52
2008-08-12,1.05,25.24,79.37,17.15,1.18,0.53
2008-08-13,0.35,25.52,75.41,19.15,1.51,0.53
2008-08-14,0.25,25.31,76.03,20.38,2.08,0.52
2008-08-15,0.45,25.33,76.53,20.23,2.14,0.52
2008-08-16,0.02,25.46,75.84,20.87,2.32,0.52
2008-08-17,0.0,25.39,74.91,20.19,2.46,0.52
2008-08-18,0.0,25.23,73.15,18.36,2.44,0.51
2008-08-19,0.0,25.01,73.75,18.45,2.35,0.51
2008-08-20,0.01,25.23,75.46,19.21,2.16,0.51
2008-08-21,0.02,26.01,74.69,20.78,1.91,0.51
2008-08-22,10.96,25.77,78.92,16.95,2.15,0.52
2008-08-23,0.02,25.84,77.09,19.65,2.13,0.53
2008-08-24,0.01,25.57,76.86,19.13,2.19,0.52
2008-08-25,0.06,25.69,76.64,19.95,2.26,0.52
2008-08-26,1.08,26.01,77.43,18.98,1.63,0.52
2008-08-27,0.98,26.3,78.42,19.15,1.29,0.52
2008-08-28,2.6,26.1,81.06,19.63,1.52,0.51
2008-08-29,1.36,26.02,80.04,20.97,1.86,0.52
2008-08-30,0.19,26.23,79.24,19.72,2.05,0.52
2008-08-31,0.04,26.66,78.14,19.37,1.9,0.51
2008-09-01,0.09,26.52,77.02,20.15,1.87,0.51
2008-09-02,0.0,26.59,76.72,21.97,2.06,0.51
2008-09-03,0.01,26.58,77.41,22.9,2.44,0.5
2008-09-04,0.0,26.61,74.05,23.24,2.07,0.5
2008-09-05,0.03,26.28,75.19,23.22,2.13,0.5
2008-09-06,0.37,25.71,77.48,19.89,2.4,0.5
2008-09-07,0.53,25.84,77.44,18.41,2.37,0.5
2008-09-08,0.25,25.96,76.64,20.97,2.15,0.5
2008-09-09,0.07,26.43,75.35,21.75,1.57,0.49
2008-09-10,0.57,26.6,77.79,19.7,1.44,0.49
2008-09-11,3.99,26.91,77.2,21.86,1.01,0.5
2008-09-12,0.07,27.07,72.5,23.05,1.09,0.5
2008-09-13,0.0,27.06,71.47,23.9,1.32,0.49
2008-09-14,0.0,26.73,71.08,25.0,1.93,0.49
2008-09-15,0.0,26.5,72.25,22.81,1.95,0.49
2008-09-16,0.0,26.89,70.86,24.96,1.53,0.49
2008-09-17,0.43,26.62,76.36,22.49,2.19,0.48
2008-09-18,2.66,26.36,75.73,23.95,2.39,0.49
2008-09-19,0.32,26.61,74.33,25.1,2.37,0.49
2008-09-20,0.0,26.67,73.39,23.6,2.15,0.49
2008-09-21,0.0,26.39,73.46,24.54,2.41,0.48
2008-09-22,0.02,26.49,70.85,25.88,2.28,0.48
2008-09-23,0.0,26.44,69.93,25.47,2.29,0.48
2008-09-24,0.0,27.04,69.18,25.81,1.85,0.48
2008-09-25,1.97,27.06,74.82,22.37,1.45,0.48
2008-09-26,19.8,26.34,80.91,18.69,2.01,0.5
2008-09-27,2.97,26.25,74.94,23.7,2.69,0.52
2008-09-28,0.03,26.13,69.62,25.97,2.09,0.51
2008-09-29,2.93,26.11,73.6,23.53,1.65,0.51
2008-09-30,1.65,26.45,75.03,23.29,1.42,0.51
2008-10-01,0.54,27.01,72.1,24.36,1.27,0.51
2008-10-02,0.21,26.92,74.56,23.51,1.54,0.5
2008-10-03,0.17,26.98,76.8,22.69,2.0,0.5
2008-10-04,0.11,27.43,75.35,23.25,2.14,0.49
2008-10-05,0.17,27.29,74.77,21.47,2.34,0.49
2008-10-06,0.48,27.36,74.58,20.96,2.09,0.49
2008-10-07,7.09,26.55,80.86,20.49,1.72,0.49
2008-10-08,4.34,26.76,80.19,21.69,1.53,0.5
2008-10-09,0.54,27.17,79.38,22.4,1.24,0.5
2008-10-10,0.13,27.98,74.49,24.03,1.54,0.5
2008-10-11,0.29,27.78,75.16,23.5,1.49,0.5
2008-10-12,11.82,27.78,78.24,22.3,1.67,0.5
2008-10-13,5.96,27.73,79.35,24.14,1.63,0.52
2008-10-14,0.73,27.97,75.3,25.38,1.2,0.52
2008-10-15,0.07,28.15,73.61,24.11,1.29,0.51
2008-10-16,3.42,28.17,74.07,24.48,1.59,0.51
2008-10-17,6.01,27.66,78.25,23.3,2.05,0.52
2008-10-18,3.02,28.05,76.39,22.9,1.7,0.51
2008-10-19,3.25,28.23,75.93,23.27,1.51,0.52
2008-10-20,0.25,28.55,73.65,24.46,1.29,0.51
2008-10-21,0.47,28.51,74.13,23.55,1.06,0.51
2008-10-22,0.23,28.57,73.68,24.57,1.25,0.5
2008-10-23,9.79,27.81,80.28,21.63,1.05,0.5
2008-10-24,3.03,28.07,76.25,22.29,1.29,0.51
2008-10-25,4.32,27.67,76.95,17.01,1.87,0.51
2008-10-26,8.21,27.13,78.67,20.43,1.21,0.52
2008-10-27,1.7,27.68,71.31,17.64,0.47,0.52
2008-10-28,0.31,27.77,73.33,22.68,1.24,0.52
2008-10-29,7.03,27.49,75.68,19.82,1.75,0.51
2008-10-30,4.72,27.57,73.55,23.2,1.35,0.52
2008-10-31,0.03,28.03,72.92,23.57,0.91,0.52
2008-11-01,9.81,27.06,80.27,18.45,0.52,0.52
2008-11-02,25.38,27.13,82.65,21.2,1.2,0.56
2008-11-03,10.78,27.61,80.16,22.04,0.96,0.58
2008-11-04,5.42,27.34,78.66,19.87,1.66,0.58
2008-11-05,5.33,27.33,77.64,21.91,1.13,0.57
2008-11-06,5.31,26.68,84.48,21.54,1.45,0.57
2008-11-07,1.48,27.12,79.98,20.49,1.26,0.57
2008-11-08,1.64,27.75,78.71,22.67,1.02,0.56
2008-11-09,3.05,27.98,79.19,21.94,0.98,0.55
2008-11-10,6.59,27.58,80.19,20.34,1.35,0.55
2008-11-11,16.85,27.53,80.34,21.42,1.61,0.57
2008-11-12,10.84,27.63,81.14,21.45,1.56,0.59
2008-11-13,11.66,26.81,86.47,19.39,1.28,0.59
2008-11-14,9.22,27.06,81.32,21.26,1.29,0.6
2008-11-15,2.72,27.6,78.36,19.75,1.1,0.6
2008-11-16,0.88,27.63,79.91,21.26,0.68,0.58
2008-11-17,17.2,27.62,81.41,17.8,0.92,0.59
2008-11-18,6.94,27.45,82.16,18.23,1.48,0.6
2008-11-19,4.87,26.81,85.75,11.39,1.74,0.6
2008-11-20,3.68,26.72,84.61,17.9,1.28,0.6
2008-11-21,2.11,27.49,81.3,20.95,1.09,0.59
2008-11-22,0.69,27.51,81.08,19.85,1.07,0.58
2008-11-23,3.75,26.68,85.46,8.62,1.39,0.58
2008-11-24,15.03,26.27,86.29,18.01,1.44,0.59
2008-11-25,20.17,26.41,89.3,14.79,1.75,0.62
2008-11-26,7.53,26.09,87.76,14.94,1.62,0.63
2008-11-27,11.22,25.91,87.24,17.8,2.12,0.63
2008-11-28,5.58,26.45,83.06,16.83,2.05,0.63
2008-11-29,3.27,26.1,82.99,14.65,1.7,0.62
2008-11-30,0.41,26.34,78.84,23.48,1.4,0.61
2008-12-01,0.21,26.63,78.15,17.27,1.67,0.6
2008-12-02,0.08,26.28,81.03,19.89,1.79,0.59
2008-12-03,0.55,26.59,78.35,24.34,1.97,0.58
2008-12-04,0.04,26.91,76.32,21.81,1.58,0.57
2008-12-05,0.57,27.33,79.23,21.22,1.41,0.57
2008-12-06,5.93,26.54,84.97,20.81,1.14,0.57
2008-12-07,7.18,27.04,80.94,20.39,1.07,0.58
2008-12-08,8.03,26.64,83.56,20.48,0.77,0.59
2008-12-09,7.73,26.09,86.75,16.14,1.5,0.6
2008-12-10,8.76,26.0,89.74,14.44,1.85,0.61
2008-12-11,21.94,25.93,87.55,13.69,1.75,0.63
2008-12-12,7.87,25.5,87.3,14.64,1.55,0.65
2008-12-13,11.07,26.03,85.75,16.75,1.79,0.65
2008-12-14,5.07,26.58,81.52,14.26,1.67,0.65
2008-12-15,9.33,26.37,81.78,18.36,1.9,0.64
2008-12-16,7.27,26.05,80.79,15.75,1.99,0.64
2008-12-17,20.55,26.28,82.59,17.92,1.81,0.64
2008-12-18,10.86,25.68,85.13,14.63,1.55,0.67
2008-12-19,2.82,26.49,80.38,20.14,1.78,0.66
2008-12-20,3.89,26.54,81.42,17.44,1.89,0.65
2008-12-21,0.84,26.91,79.0,21.7,1.72,0.63
2008-12-22,4.36,26.41,83.11,20.38,1.78,0.63
2008-12-23,0.89,26.53,80.49,20.82,1.86,0.62
2008-12-24,1.12,26.55,82.0,22.55,1.83,0.61
2008-12-25,0.15,26.77,77.02,25.62,2.4,0.61
2008-12-26,1.72,27.04,77.61,23.54,1.81,0.6
2008-12-27,8.39,26.37,85.88,15.56,1.84,0.6
2008-12-28,9.99,26.01,89.37,11.33,1.77,0.62
2008-12-29,9.13,25.92,89.44,17.86,1.03,0.63
2008-12-30,22.66,25.86,84.92,15.44,1.14,0.65
2008-12-31,17.41,25.64,82.25,9.0,1.61,0.69
2009-01-01,7.23,26.48,81.16,19.28,1.69,0.68
2009-01-02,1.59,26.44,81.93,20.0,2.11,0.67
2009-01-03,6.26,26.82,81.35,20.5,1.91,0.65
2009-01-04,7.68,25.99,86.31,14.8,1.5,0.66
2009-01-05,11.46,26.0,89.95,10.02,1.77,0.66
2009-01-06,5.89,26.43,85.91,19.07,1.4,0.67
2009-01-07,6.82,25.68,91.35,18.95,1.68,0.67
2009-01-08,7.66,25.72,87.05,17.36,1.71,0.67
2009-01-09,31.51,26.51,85.67,18.03,1.99,0.69
2009-01-10,54.7,25.82,90.06,7.46,2.17,0.76
2009-01-11,31.89,25.75,88.52,16.04,1.63,0.8
2009-01-12,8.36,25.89,84.22,18.73,2.13,0.78
2009-01-13,10.7,25.51,85.3,14.83,1.99,0.75
2009-01-14,6.82,25.77,87.36,15.47,2.33,0.74
2009-01-15,38.69,25.78,87.52,10.51,2.36,0.75
2009-01-16,11.47,25.59,89.24,11.15,1.98,0.77
2009-01-17,2.43,26.04,85.51,19.67,2.16,0.75
2009-01-18,1.6,26.47,82.8,20.35,2.07,0.73
2009-01-19,9.05,26.16,84.1,22.21,2.02,0.72
2009-01-20,3.58,26.32,84.18,22.68,1.67,0.72
2009-01-21,0.59,26.79,82.42,21.2,1.28,0.71
2009-01-22,0.47,26.73,85.31,21.14,0.76,0.7
2009-01-23,0.41,26.92,83.58,17.55,1.04,0.7
2009-01-24,0.39,26.83,85.3,15.39,1.3,0.7
2009-01-25,0.26,26.86,84.73,18.52,2.1,0.69
2009-01-26,2.09,26.66,86.56,20.47,2.1,0.69
2009-01-27,24.32,26.62,87.94,17.84,1.95,0.71
2009-01-28,11.89,26.36,90.62,16.71,1.51,0.74
2009-01-29,19.68,25.95,91.49,16.52,1.25,0.74
2009-01-30,7.85,25.5,88.42,13.25,1.71,0.75
2009-01-31,6.32,25.36,90.26,12.23,1.94,0.74
2009-02-01,13.68,25.73,89.48,16.0,1.67,0.74
2009-02-02,34.51,25.63,90.72,17.82,1.93,0.78
2009-02-03,24.15,25.86,88.81,14.44,2.03,0.8
2009-02-04,6.2,25.88,87.33,14.81,2.16,0.79
2009-02-05,5.58,26.15,87.29,19.13,2.77,0.77
2009-02-06,9.14,26.44,86.36,16.41,3.39,0.77
2009-02-07,5.17,25.84,90.64,16.82,2.84,0.76
2009-02-08,4.6,26.11,89.12,18.11,2.68,0.76
2009-02-09,2.18,26.4,87.4,21.54,1.5,0.75
2009-02-10,41.19,25.35,89.94,12.84,1.94,0.77
2009-02-11,30.88,25.55,87.78,12.88,2.53,0.82
2009-02-12,9.12,25.27,85.84,15.24,2.21,0.81
2009-02-13,5.02,25.55,86.97,17.37,2.33,0.8
2009-02-14,1.04,25.72,84.25,19.57,1.88,0.79
2009-02-15,19.41,25.91,88.24,18.49,1.91,0.79
2009-02-16,23.2,25.46,90.07,6.5,2.33,0.82
2009-02-17,4.52,25.18,88.49,20.35,1.52,0.82
2009-02-18,4.68,25.38,88.3,18.92,1.71,0.81
2009-02-19,4.18,25.84,83.64,11.59,1.2,0.8
2009-02-20,6.57,25.82,85.0,20.8,1.09,0.8
2009-02-21,5.47,26.05,83.7,21.18,1.31,0.8
2009-02-22,11.12,26.25,84.12,18.03,1.24,0.8
2009-02-23,1.86,26.96,76.64,22.04,0.88,0.8
2009-02-24,2.86,26.78,80.69,20.62,0.94,0.8
2009-02-25,7.42,26.32,87.79,20.18,1.66,0.8
2009-02-26,5.44,25.83,90.77,19.48,1.78,0.8
2009-02-27,3.11,26.23,85.65,20.18,1.33,0.8
2009-02-28,8.07,26.12,90.72,17.44,1.72,0.8
2009-03-01,15.99,25.81,89.81,12.06,1.21,0.81
2009-03-02,2.97,26.24,83.19,11.7,0.82,0.82
2009-03-03,10.06,26.1,87.77,14.28,1.1,0.81
2009-03-04,20.14,26.16,89.22,15.68,0.54,0.83
2009-03-05,15.46,26.58,82.31,15.52,0.83,0.85
2009-03-06,2.39,27.01,80.07,18.33,0.52,0.84
2009-03-07,2.0,27.0,82.0,21.81,0.72,0.83
2009-03-08,1.37,26.57,84.77,21.22,1.33,0.83
2009-03-09,1.09,26.87,80.5,23.33,1.56,0.82
2009-03-10,2.35,26.82,79.33,20.56,1.42,0.82
2009-03-11,1.73,26.6,79.12,21.77,1.46,0.81
2009-03-12,0.71,26.51,72.83,24.37,1.56,0.8
2009-03-13,0.38,26.39,77.26,24.31,1.79,0.8
2009-03-14,0.0,26.52,77.08,26.6,1.73,0.79
2009-03-15,0.4,26.4,81.5,23.15,1.9,0.78
2009-03-16,18.85,26.36,82.79,20.85,1.89,0.79
2009-03-17,13.26,25.96,86.35,16.93,1.62,0.81
2009-03-18,3.39,26.49,84.64,22.87,2.14,0.81
2009-03-19,0.34,26.39,84.52,19.18,1.68,0.8
2009-03-20,0.36,26.36,84.02,23.63,1.55,0.79
2009-03-21,0.17,26.71,81.94,24.05,0.98,0.79
2009-03-22,3.99,27.18,76.15,21.17,0.95,0.78
2009-03-23,3.2,26.62,77.8,24.4,1.29,0.78
2009-03-24,0.0,26.7,77.29,24.28,1.31,0.78
2009-03-25,2.5,27.41,75.72,23.86,0.79,0.77
2009-03-26,1.41,27.23,79.04,22.99,1.22,0.77
2009-03-27,1.41,26.96,80.24,22.19,1.16,0.76
2009-03-28,5.31,26.84,80.23,19.48,1.17,0.76
2009-03-29,9.44,26.75,81.17,21.25,0.93,0.77
2009-03-30,1.73,26.87,81.7,22.79,0.98,0.77
2009-03-31,12.21,26.99,82.93,20.98,1.09,0.77
2009-04-01,7.74,27.15,80.56,19.3,0.75,0.78
2009-04-02,0.87,27.11,83.0,20.81,1.18,0.78
2009-04-03,6.04,26.5,86.53,19.4,1.19,0.78
2009-04-04,1.61,26.71,83.89,22.86,1.61,0.78
2009-04-05,1.11,27.35,78.99,21.74,1.48,0.77
2009-04-06,2.83,27.16,75.77,22.01,1.46,0.77
2009-04-07,0.08,26.83,76.1,21.38,1.46,0.76
2009-04-08,0.06,27.11,75.42,23.67,1.45,0.75
2009-04-09,0.05,27.19,78.1,23.51,1.41,0.75
2009-04-10,0.2,27.45,80.24,22.83,1.52,0.74
2009-04-11,2.88,27.38,82.47,21.83,1.55,0.74
2009-04-12,3.07,27.33,83.99,21.24,1.55,0.74
2009-04-13,2.87,27.53,83.22,16.81,1.1,0.74
2009-04-14,7.32,27.34,84.89,18.98,1.11,0.74
2009-04-15,1.25,27.52,84.26,21.23,1.49,0.75
2009-04-16,4.04,26.91,86.08,19.97,1.7,0.74
2009-04-17,9.75,27.05,84.54,19.16,1.65,0.75
2009-04-18,10.04,27.21,82.99,17.7,1.18,0.75
2009-04-19,18.45,27.18,85.59,19.09,0.99,0.77
2009-04-20,6.22,27.03,82.92,20.49,0.79,0.78
2009-04-21,1.95,26.25,87.79,20.13,1.39,0.77
2009-04-22,0.79,27.2,79.15,21.18,1.07,0.76
2009-04-23,1.74,27.42,78.24,20.22,0.87,0.75
2009-04-24,0.17,27.65,75.44,22.35,0.9,0.75
2009-04-25,0.04,27.33,78.63,22.13,1.55,0.74
2009-04-26,0.04,27.16,79.66,22.43,1.66,0.73
2009-04-27,0.11,27.03,78.76,21.44,1.15,0.73
2009-04-28,0.52,27.15,79.54,21.88,1.21,0.72
2009-04-29,0.23,27.25,78.72,21.56,1.59,0.72
2009-04-30,0.02,26.86,77.17,22.43,1.92,0.72
2009-05-01,0.0,26.39,75.1,18.61,2.07,0.71
2009-05-02,0.32,26.2,76.6,18.21,2.27,0.71
2009-05-03,0.06,26.4,77.02,21.2,1.97,0.71
2009-05-04,0.51,26.14,83.76,16.82,2.11,0.7
2009-05-05,1.27,26.84,83.46,20.57,1.85,0.7
2009-05-06,0.58,27.13,84.58,19.24,1.79,0.7
2009-05-07,1.31,26.91,85.36,18.83,1.66,0.7
2009-05-08,1.86,26.6,86.55,18.95,1.65,0.7
2009-05-09,7.61,26.46,85.63,17.57,2.03,0.7
2009-05-10,3.73,26.22,86.23,17.05,1.3,0.71
2009-05-11,5.59,26.46,82.06,11.95,1.37,0.72
2009-05-12,7.72,25.36,87.54,14.81,1.54,0.73
2009-05-13,1.83,25.88,83.16,16.55,1.46,0.72
2009-05-14,1.6,26.37,83.04,19.59,1.7,0.72
2009-05-15,0.3,26.77,81.29,17.69,1.12,0.71
2009-05-16,0.61,27.11,81.83,16.31,0.68,0.71
2009-05-17,0.27,27.3,81.86,17.93,0.57,0.7
2009-05-18,1.03,26.8,84.38,17.73,1.15,0.7
2009-05-19,1.11,26.62,83.95,16.98,0.9,0.7
2009-05-20,0.34,26.72,82.35,18.71,1.57,0.7
2009-05-21,3.3,26.6,80.62,18.57,1.46,0.69
2009-05-22,5.12,26.37,81.07,17.79,1.62,0.7
2009-05-23,0.66,26.23,83.53,18.05,1.64,0.7
2009-05-24,2.68,26.02,89.17,16.01,1.13,0.7
2009-05-25,1.4,26.93,84.46,17.93,1.42,0.7
2009-05-26,2.14,26.48,86.68,16.68,1.48,0.69
2009-05-27,1.59,26.2,85.93,14.78,1.53,0.69
2009-05-28,1.72,26.42,84.6,17.86,1.65,0.69
2009-05-29,5.56,25.82,86.07,14.56,1.64,0.69
2009-05-30,2.72,26.45,83.23,16.28,1.05,0.7
2009-05-31,0.29,26.91,81.2,17.74,1.24,0.69
2009-06-01,0.18,27.14,79.12,17.82,1.27,0.69
2009-06-02,0.03,27.18,79.75,18.31,1.43,0.68
2009-06-03,0.08,26.52,80.71,18.37,1.65,0.67
2009-06-04,0.11,26.33,79.59,18.81,1.67,0.67
2009-06-05,0.34,26.4,78.99,18.82,1.29,0.67
2009-06-06,0.16,26.56,79.14,19.04,1.48,0.66
2009-06-07,0.16,26.68,80.76,17.92,1.8,0.66
2009-06-08,0.35,26.65,80.91,17.6,1.38,0.66
2009-06-09,1.31,26.63,80.28,15.62,1.34,0.66
2009-06-10,0.53,26.56,78.63,18.86,1.43,0.65
2009-06-11,0.0,26.35,75.66,18.5,1.28,0.65
2009-06-12,0.08,26.17,78.38,19.04,1.44,0.65
2009-06-13,0.03,25.46,78.64,20.22,2.0,0.64
2009-06-14,0.0,24.92,76.48,20.46,1.91,0.64
2009-06-15,0.0,25.09,77.86,19.84,1.87,0.64
2009-06-16,0.0,25.55,76.73,18.45,1.5,0.63
2009-06-17,0.01,25.87,75.48,18.82,1.47,0.63
2009-06-18,0.01,26.09,77.72,19.82,1.44,0.63
2009-06-19,0.0,25.97,79.17,18.84,1.89,0.63
2009-06-20,0.0,25.33,79.63,19.88,2.21,0.62
2009-06-21,0.0,25.13,77.46,20.3,2.26,0.62
2009-06-22,0.04,24.89,77.78,20.38,1.97,0.62
2009-06-23,0.16,24.78,79.06,19.41,1.6,0.62
2009-06-24,0.0,24.84,78.55,19.79,1.58,0.61
2009-06-25,0.1,25.08,77.4,19.24,1.24,0.61
2009-06-26,0.03,25.42,79.41,18.92,1.77,0.61
2009-06-27,0.16,25.72,81.94,18.44,1.63,0.61
2009-06-28,0.04,25.78,81.38,19.84,2.14,0.61
2009-06-29,0.0,25.15,79.76,19.73,2.11,0.6
2009-06-30,0.0,24.94,76.14,19.46,1.93,0.6
2009-07-01,0.05,25.15,80.82,16.89,1.91,0.6
2009-07-02,2.84,25.86,81.16,18.31,1.49,0.6
2009-07-03,0.57,25.97,80.91,18.88,1.59,0.6
2009-07-04,0.0,25.79,76.45,18.79,1.5,0.6
2009-07-05,0.09,25.74,75.96,19.44,1.69,0.6
2009-07-06,0.2,25.4,78.86,19.48,1.95,0.59
2009-07-07,0.0,24.59,75.26,20.82,2.44,0.59
2009-07-08,0.0,24.28,73.53,20.23,2.06,0.59
2009-07-09,0.0,24.83,74.45,19.45,1.9,0.58
2009-07-10,0.01,24.47,75.49,19.21,2.26,0.58
2009-07-11,0.0,24.04,72.39,20.76,2.53,0.58
2009-07-12,0.74,24.08,69.36,21.1,2.59,0.57
2009-07-13,0.0,24.28,73.39,19.14,2.27,0.57
2009-07-14,0.01,25.24,75.69,15.35,2.03,0.57
2009-07-15,0.0,25.47,74.04,19.03,1.85,0.57
2009-07-16,0.0,24.91,77.05,19.27,2.32,0.56
2009-07-17,0.0,24.76,76.22,19.2,2.3,0.56
2009-07-18,0.06,25.04,77.71,19.13,1.59,0.56
2009-07-19,0.08,25.8,76.66,18.22,1.01,0.56
2009-07-20,2.43,25.57,82.85,15.9,1.32,0.56
2009-07-21,0.5,25.68,82.27,18.7,2.1,0.56
2009-07-22,1.32,25.82,83.95,14.07,1.85,0.56
2009-07-23,2.26,26.33,81.51,17.63,1.03,0.56
2009-07-24,3.55,26.36,81.44,17.06,1.34,0.56
2009-07-25,1.33,25.89,80.75,20.04,1.9,0.56
2009-07-26,0.0,25.78,77.16,20.94,1.85,0.56
2009-07-27,0.0,25.37,80.6,19.08,2.3,0.56
2009-07-28,0.02,25.53,77.94,20.39,2.19,0.55
2009-07-29,0.08,25.13,74.48,19.64,2.23,0.55
2009-07-30,0.02,24.53,71.83,20.85,2.23,0.55
2009-07-31,0.0,24.31,71.78,21.58,2.15,0.54
2009-08-01,0.0,24.93,71.99,20.12,1.82,0.54
2009-08-02,0.01,24.98,75.14,20.18,2.25,0.54
2009-08-03,0.0,25.31,74.14,19.31,2.04,0.54
2009-08-04,0.07,25.63,75.48,19.46,1.36,0.53
2009-08-05,0.1,25.97,76.73,20.44,1.25,0.53
2009-08-06,0.05,25.67,77.39,20.41,1.89,0.53
2009-08-07,0.01,25.32,75.56,18.43,2.04,0.53
2009-08-08,0.05,25.27,74.2,18.99,1.26,0.53
2009-08-09,0.07,25.71,73.92,19.66,1.4,0.53
2009-08-10,0.0,25.98,75.34,21.34,1.28,0.52
2009-08-11,0.04,26.05,79.05,17.37,1.55,0.52
2009-08-12,0.03,26.18,77.91,18.62,1.52,0.52
2009-08-13,0.04,26.1,76.84,19.64,1.45,0.52
2009-08-14,0.06,26.21,76.78,20.26,1.34,0.52
2009-08-15,0.26,26.06,76.03,17.83,1.56,0.52
2009-08-16,0.0,26.24,75.89,20.49,1.57,0.52
2009-08-17,0.0,26.41,76.37,21.11,1.7,0.51
2009-08-18,0.01,25.99,73.75,21.73,1.8,0.51
2009-08-19,0.0,25.72,73.32,22.97,2.59,0.51
2009-08-20,0.0,25.51,72.83,21.02,2.54,0.51
2009-08-21,0.0,25.66,72.95,21.34,1.82,0.51
2009-08-22,0.0,25.79,73.28,21.73,1.58,0.51
2009-08-23,0.0,25.57,73.73,20.97,1.88,0.5
2009-08-24,0.0,25.34,73.25,22.48,2.21,0.5
2009-08-25,0.0,25.16,73.09,22.9,1.98,0.5
2009-08-26,0.0,24.88,72.4,22.96,2.26,0.5
2009-08-27,0.0,25.29,72.41,22.93,2.01,0.5
2009-08-28,0.0,25.27,73.39,22.14,2.0,0.5
2009-08-29,0.05,25.64,75.17,20.85,2.31,0.5
2009-08-30,0.06,26.0,76.03,21.05,1.9,0.5
2009-08-31,0.03,25.81,74.77,20.57,2.26,0.49
2009-09-01,1.28,25.53,77.5,19.53,2.24,0.49
2009-09-02,10.31,25.18,81.29,17.22,2.67,0.5
2009-09-03,2.99,25.47,80.84,16.29,2.44,0.52
2009-09-04,0.01,25.89,76.76,21.64,1.94,0.52
2009-09-05,0.02,26.06,76.23,22.13,1.7,0.51
2009-09-06,0.58,25.93,76.58,21.4,2.33,0.51
2009-09-07,1.73,25.89,79.71,19.53,2.09,0.51
2009-09-08,0.4,26.7,75.12,23.36,1.82,0.51
2009-09-09,0.0,26.52,75.69,21.43,1.78,0.5
2009-09-10,0.0,26.83,74.95,22.07,1.69,0.5
2009-09-11,0.0,26.95,75.49,23.13,1.61,0.5
2009-09-12,0.29,26.91,74.65,23.33,1.58,0.49
2009-09-13,2.0,26.82,77.32,20.47,1.77,0.49
2009-09-14,3.13,26.92,76.71,22.35,1.47,0.5
2009-09-15,1.44,26.94,77.05,22.01,1.56,0.5
2009-09-16,0.12,26.91,77.34,20.66,2.44,0.5
2009-09-17,0.02,27.0,76.6,20.68,1.9,0.49
2009-09-18,0.08,26.99,75.37,20.86,2.11,0.49
2009-09-19,3.16,26.49,77.18,19.07,2.33,0.49
2009-09-20,18.27,25.32,83.16,14.09,2.66,0.51
2009-09-21,13.49,25.04,83.57,17.02,2.7,0.54
2009-09-22,1.61,25.05,79.58,18.42,2.88,0.55
2009-09-23,0.05,25.85,77.93,22.08,2.38,0.54
2009-09-24,0.01,26.59,77.46,23.98,2.17,0.53
2009-09-25,0.01,26.4,76.12,26.26,2.33,0.52
2009-09-26,0.0,26.15,77.01,24.67,2.5,0.52
2009-09-27,0.0,26.5,70.86,24.76,2.18,0.51
2009-09-28,0.0,26.52,73.27,24.5,2.0,0.51
2009-09-29,0.01,26.62,76.62,24.18,1.68,0.5
2009-09-30,0.35,26.17,77.53,22.58,2.52,0.5
2009-10-01,0.92,26.03,79.94,16.56,2.92,0.5
2009-10-02,0.71,25.96,78.29,15.8,2.75,0.5
2009-10-03,0.02,25.87,75.52,21.28,2.52,0.49
2009-10-04,0.0,26.54,74.89,22.2,2.35,0.49
2009-10-05,0.0,26.86,74.31,23.11,2.38,0.49
2009-10-06,0.0,26.72,75.55,24.18,2.33,0.49
2009-10-07,0.12,26.8,76.31,20.7,2.28,0.48
2009-10-08,0.59,26.6,77.56,20.89,2.13,0.48
2009-10-09,0.05,27.36,74.32,24.59,1.82,0.48
2009-10-10,0.7,27.71,74.49,23.39,1.35,0.48
2009-10-11,33.2,26.64,81.07,23.75,1.61,0.51
2009-10-12,4.98,26.88,78.38,22.73,1.88,0.54
2009-10-13,0.19,26.61,75.91,22.9,2.23,0.54
2009-10-14,0.0,26.68,72.51,25.23,1.93,0.53
2009-10-15,0.0,26.45,73.68,26.82,2.03,0.52
2009-10-16,0.0,26.72,73.89,24.99,1.82,0.51
2009-10-17,0.0,27.49,73.62,24.94,1.59,0.51
2009-10-18,0.13,27.93,75.81,24.61,1.26,0.5
2009-10-19,0.04,28.27,74.1,24.85,1.2,0.5
2009-10-20,0.01,28.22,71.27,25.65,1.32,0.49
2009-10-21,0.57,28.27,70.24,25.14,0.98,0.49
2009-10-22,5.74,27.84,75.05,21.97,1.54,0.5
2009-10-23,1.79,27.47,77.48,21.03,1.08,0.5
2009-10-24,1.52,27.48,78.74,22.74,1.42,0.5
2009-10-25,0.3,28.1,73.86,23.57,1.44,0.49
2009-10-26,0.65,27.7,74.54,23.58,1.7,0.49
2009-10-27,0.04,27.77,69.7,25.03,1.37,0.49
2009-10-28,0.0,28.05,68.99,25.15,1.4,0.48
2009-10-29,0.0,28.26,69.7,25.11,1.45,0.48
2009-10-30,0.01,28.03,71.67,24.81,1.74,0.48
2009-10-31,0.15,28.02,68.99,24.65,1.58,0.48
2009-11-01,1.2,28.03,71.73,22.51,1.48,0.47
2009-11-02,1.56,28.3,71.58,24.48,1.39,0.47
2009-11-03,0.69,28.73,68.01,25.47,1.1,0.47
2009-11-04,0.18,29.16,68.64,25.96,1.08,0.47
2009-11-05,5.58,29.08,70.25,23.91,1.1,0.47
2009-11-06,8.87,28.47,73.15,23.91,1.5,0.49
2009-11-07,0.0,28.68,69.66,23.4,1.34,0.49
2009-11-08,0.46,28.58,72.58,21.42,1.58,0.49
2009-11-09,0.9,28.75,72.52,23.5,1.28,0.48
2009-11-10,1.33,28.77,71.99,24.38,0.92,0.48
2009-11-11,0.06,29.02,71.33,25.19,0.9,0.48
2009-11-12,0.29,28.76,74.43,23.44,1.13,0.48
2009-11-13,2.42,27.86,80.38,22.23,1.81,0.48
2009-11-14,1.3,28.19,76.95,21.18,1.35,0.48
2009-11-15,21.84,27.76,78.53,21.71,1.27,0.5
2009-11-16,6.48,28.21,75.93,22.23,1.02,0.53
2009-11-17,4.82,28.31,74.07,23.59,1.02,0.53
2009-11-18,11.04,27.87,76.89,20.77,1.02,0.53
2009-11-19,12.92,26.7,81.66,20.9,1.26,0.55
2009-11-20,8.5,27.33,79.01,19.17,1.55,0.57
2009-11-21,8.33,27.11,79.83,20.12,1.81,0.56
2009-11-22,0.19,27.52,77.23,22.7,2.28,0.55
2009-11-23,0.28,27.67,74.56,24.76,2.29,0.54
2009-11-24,0.15,27.78,74.77,24.95,1.99,0.53
2009-11-25,1.49,27.73,75.14,22.33,1.85,0.53
2009-11-26,0.46,27.89,73.31,23.72,1.11,0.52
2009-11-27,1.25,27.99,73.74,24.05,0.69,0.52
2009-11-28,0.45,28.2,72.72,22.91,1.38,0.51
2009-11-29,0.1,27.99,71.71,23.33,1.54,0.51
2009-11-30,5.18,27.84,80.12,21.62,1.82,0.51
2009-12-01,0.99,28.09,76.41,24.68,1.92,0.51
2009-12-02,0.0,27.99,70.35,24.7,1.68,0.5
2009-12-03,0.01,28.19,71.68,24.99,1.31,0.5
2009-12-04,19.05,27.16,79.62,21.08,1.33,0.52
2009-12-05,25.05,27.68,78.74,25.23,1.42,0.55
2009-12-06,29.42,27.83,77.17,24.35,1.01,0.6
2009-12-07,2.49,28.27,77.01,23.21,1.05,0.6
2009-12-08,7.26,27.49,81.22,23.05,0.89,0.58
2009-12-09,3.16,27.56,79.78,24.6,1.38,0.59
2009-12-10,0.04,27.51,76.9,25.98,1.86,0.57
2009-12-11,0.0,27.52,75.46,25.72,1.65,0.55
2009-12-12,0.21,27.87,76.07,25.61,1.13,0.54
2009-12-13,2.48,27.95,77.35,24.22,1.06,0.54
2009-12-14,3.25,27.62,76.51,22.93,1.6,0.54
2009-12-15,19.53,27.34,79.56,19.13,1.76,0.55
2009-12-16,11.81,26.7,84.1,17.33,1.76,0.58
2009-12-17,4.27,27.05,80.86,20.67,1.42,0.58
2009-12-18,5.19,26.57,84.11,20.59,1.51,0.58
2009-12-19,3.6,27.14,80.35,21.31,1.72,0.58
2009-12-20,4.75,26.83,80.95,19.74,1.74,0.57
2009-12-21,1.98,26.49,81.0,18.25,2.12,0.57
2009-12-22,1.69,26.36,82.91,16.07,1.17,0.56
2009-12-23,3.56,27.07,79.46,21.42,1.19,0.56
2009-12-24,9.5,26.78,84.06,20.68,1.44,0.57
2009-12-25,3.39,27.72,79.91,20.51,0.94,0.57
2009-12-26,14.12,26.74,85.34,20.68,0.67,0.58
2009-12-27,4.64,26.91,83.89,21.19,0.85,0.59
2009-12-28,15.73,26.31,85.78,16.06,1.1,0.59
2009-12-29,8.55,26.77,78.41,19.36,1.11,0.61
2009-12-30,2.2,26.69,80.86,17.42,1.17,0.6
2009-12-31,1.83,26.66,86.03,18.38,1.33,0.59
2010-01-01,3.11,26.84,83.5,22.18,1.01,0.59
2010-01-02,1.66,27.77,80.27,24.97,1.17,0.58
2010-01-03,2.78,27.33,85.42,21.19,1.37,0.58
2010-01-04,6.64,26.95,87.1,20.84,1.2,0.58
2010-01-05,2.36,27.34,78.97,20.72,1.69,0.58
2010-01-06,7.71,26.72,84.05,13.99,1.6,0.58
2010-01-07,39.87,26.63,80.09,14.88,1.54,0.62
2010-01-08,14.23,26.11,82.42,17.29,1.47,0.65
2010-01-09,26.71,26.46,80.48,13.88,1.77,0.65
2010-01-10,38.89,26.49,81.78,16.64,2.03,0.7
2010-01-11,14.29,26.52,82.36,16.84,2.18,0.72
2010-01-12,8.02,26.64,83.18,20.37,2.13,0.7
2010-01-13,25.68,26.55,86.29,12.36,2.03,0.7
2010-01-14,13.64,26.5,86.57,17.03,2.3,0.72
2010-01-15,5.68,26.51,87.19,13.55,2.62,0.7
2010-01-16,6.02,26.25,86.67,12.5,2.1,0.68
2010-01-17,7.88,26.13,86.11,12.64,1.64,0.68
2010-01-18,18.49,26.44,85.09,10.91,1.41,0.69
2010-01-19,6.58,26.44,83.35,21.7,2.2,0.69
2010-01-20,1.18,26.61,79.23,23.15,1.79,0.67
2010-01-21,6.17,25.5,86.12,21.76,1.57,0.66
2010-01-22,22.12,25.98,87.51,15.77,1.98,0.68
2010-01-23,24.96,26.16,87.73,19.98,1.67,0.71
2010-01-24,9.63,25.99,88.51,21.96,1.48,0.72
2010-01-25,1.53,26.51,84.91,22.17,1.49,0.71
2010-01-26,1.34,26.15,84.19,19.99,1.31,0.69
2010-01-27,2.01,26.19,82.37,21.11,1.37,0.68
2010-01-28,2.22,26.44,81.69,22.51,1.51,0.67
2010-01-29,2.46,26.38,84.43,19.98,1.03,0.67
2010-01-30,9.63,26.39,86.23,23.61,1.21,0.67
2010-01-31,13.13,26.55,87.38,20.77,1.63,0.69
2010-02-01,21.32,26.55,88.12,16.99,1.6,0.71
2010-02-02,6.63,26.2,86.95,20.03,1.36,0.72
2010-02-03,5.35,26.48,84.89,21.32,1.26,0.71
2010-02-04,4.03,26.84,81.8,17.67,1.23,0.7
2010-02-05,6.05,27.05,80.88,21.32,1.03,0.69
2010-02-06,5.69,26.43,85.5,13.19,1.26,0.69
2010-02-07,17.64,25.79,86.39,17.82,1.44,0.7
2010-02-08,14.11,26.38,83.04,18.79,1.24,0.72
2010-02-09,3.9,27.18,79.69,22.16,1.0,0.72
2010-02-10,0.42,27.36,80.42,23.43,0.73,0.7
2010-02-11,1.8,27.12,82.4,21.38,0.99,0.69
2010-02-12,0.74,27.4,79.01,20.58,1.18,0.69
2010-02-13,1.07,27.24,82.21,21.42,1.48,0.68
2010-02-14,0.69,27.18,82.48,18.81,1.32,0.68
2010-02-15,9.52,27.08,84.62,21.83,1.26,0.68
2010-02-16,3.64,27.91,79.01,23.06,0.88,0.69
2010-02-17,1.19,27.58,79.18,24.19,0.84,0.68
2010-02-18,3.79,27.5,80.73,21.34,0.79,0.68
2010-02-19,11.17,27.33,80.2,16.92,0.82,0.69
2010-02-20,4.7,26.97,79.87,20.02,1.28,0.69
2010-02-21,1.89,27.53,80.05,22.22,1.15,0.69
2010-02-22,2.06,27.82,78.96,20.87,0.92,0.68
2010-02-23,1.87,27.61,80.04,20.68,0.94,0.68
2010-02-24,0.88,27.35,81.68,20.88,1.2,0.67
2010-02-25,1.0,27.89,79.42,22.22,1.03,0.67
2010-02-26,1.2,27.41,84.94,24.56,1.27,0.67
2010-02-27,1.51,27.93,80.97,23.67,1.37,0.67
2010-02-28,8.63,27.63,83.83,20.19,1.21,0.67
2010-03-01,4.61,27.59,83.02,17.77,1.26,0.68
2010-03-02,2.62,27.86,79.56,21.68,1.04,0.68
2010-03-03,2.28,27.54,80.63,18.46,1.24,0.67
2010-03-04,2.38,27.82,79.31,17.56,0.5,0.67
2010-03-05,4.79,27.53,83.06,19.81,1.07,0.67
2010-03-06,2.92,27.08,86.3,19.77,1.55,0.67
2010-03-07,0.74,27.35,82.6,20.2,0.95,0.67
2010-03-08,0.78,27.97,77.97,21.31,0.7,0.66
2010-03-09,2.93,27.89,78.69,22.92,0.96,0.66
2010-03-10,1.71,28.28,75.56,23.84,0.57,0.66
2010-03-11,7.59,27.63,78.07,20.78,0.87,0.66
2010-03-12,3.98,27.5,78.5,22.1,0.85,0.67
2010-03-13,0.08,27.81,75.35,24.97,1.34,0.66
2010-03-14,0.02,27.82,74.29,24.76,1.1,0.65
2010-03-15,0.01,28.15,73.9,23.19,0.94,0.64
2010-03-16,0.12,27.68,77.19,21.07,0.72,0.64
2010-03-17,0.31,26.87,81.73,21.7,1.05,0.63
2010-03-18,1.48,28.11,73.14,22.67,0.44,0.63
2010-03-19,3.58,28.18,76.32,22.82,0.87,0.63
2010-03-20,5.41,27.88,79.23,22.72,1.53,0.64
2010-03-21,0.99,27.95,78.13,20.64,1.18,0.64
2010-03-22,4.87,28.09,77.23,21.38,0.54,0.63
2010-03-23,3.75,27.97,80.84,22.94,0.77,0.64
2010-03-24,1.72,27.45,82.44,24.0,0.79,0.63
2010-03-25,3.58,27.85,79.36,22.7,1.32,0.63
2010-03-26,3.02,28.2,74.37,18.26,1.09,0.64
2010-03-27,2.5,28.09,75.71,21.85,0.96,0.63
2010-03-28,4.53,27.67,79.97,18.18,0.86,0.63
2010-03-29,11.14,27.28,82.26,18.78,0.85,0.64
2010-03-30,5.31,27.09,82.3,16.81,1.38,0.66
2010-03-31,3.79,27.18,80.54,14.73,1.26,0.66
2010-04-01,1.06,27.45,80.39,21.62,1.16,0.65
2010-04-02,1.6,27.44,81.56,19.83,1.42,0.65
2010-04-03,1.79,27.26,84.44,18.48,1.36,0.64
2010-04-04,8.19,26.98,84.63,19.21,1.17,0.65
2010-04-05,4.77,27.4,79.73,20.86,0.84,0.65
2010-04-06,3.45,27.49,78.83,18.98,0.87,0.65
2010-04-07,14.59,27.43,79.99,19.4,0.79,0.66
2010-04-08,7.21,27.51,80.27,17.35,0.81,0.67
2010-04-09,1.25,27.33,82.61,18.48,1.4,0.67
2010-04-10,3.4,27.65,79.11,19.21,1.15,0.66
2010-04-11,11.42,27.92,78.06,20.06,0.87,0.67
2010-04-12,2.91,27.62,80.59,19.09,0.92,0.67
2010-04-13,2.83,28.1,78.72,20.69,0.69,0.66
2010-04-14,1.7,27.71,83.22,16.42,1.16,0.66
2010-04-15,3.9,27.34,85.25,17.15,1.06,0.66
2010-04-16,4.16,27.1,86.46,15.94,0.94,0.66
2010-04-17,8.45,27.11,85.52,16.18,1.07,0.67
2010-04-18,15.22,26.86,88.55,15.04,1.99,0.68
2010-04-19,10.31,26.87,86.83,12.1,1.85,0.7
2010-04-20,15.31,26.51,87.87,6.34,1.52,0.7
2010-04-21,14.28,26.63,81.81,11.99,1.47,0.72
2010-04-22,1.03,26.66,85.15,17.01,1.74,0.7
2010-04-23,3.21,27.43,83.6,15.66,1.66,0.69
2010-04-24,3.68,27.28,84.6,17.43,1.83,0.68
2010-04-25,3.2,27.13,85.59,15.81,1.4,0.68
2010-04-26,1.54,26.78,86.24,18.05,1.4,0.67
2010-04-27,0.73,27.98,77.15,19.51,1.29,0.67
2010-04-28,0.51,27.82,76.87,19.78,1.05,0.66
2010-04-29,0.13,27.88,76.65,20.86,1.08,0.65
2010-04-30,0.01,27.88,77.85,21.58,1.33,0.64
2010-05-01,0.03,28.18,79.94,20.66,1.47,0.63
2010-05-02,2.69,27.52,86.25,18.26,1.65,0.63
2010-05-03,4.42,27.14,86.89,8.48,1.63,0.64
2010-05-04,34.31,27.11,85.92,17.36,1.78,0.67
2010-05-05,16.1,27.4,85.62,19.15,1.68,0.7
2010-05-06,16.75,26.99,85.9,18.22,1.68,0.73
2010-05-07,4.03,27.27,84.92,12.65,1.68,0.71
2010-05-08,4.21,27.34,83.86,17.67,1.55,0.7
2010-05-09,1.81,26.73,86.43,11.92,1.6,0.69
2010-05-10,15.21,26.59,86.42,15.74,1.41,0.7
2010-05-11,9.78,26.6,86.07,15.22,1.55,0.71
2010-05-12,3.39,26.97,84.35,13.66,1.24,0.71
2010-05-13,9.64,26.82,85.74,16.36,1.48,0.7
2010-05-14,8.19,26.78,85.63,13.37,1.17,0.71
2010-05-15,1.8,27.29,84.03,14.99,1.01,0.7
2010-05-16,2.74,26.87,91.09,9.48,2.08,0.7
2010-05-17,2.06,26.82,89.32,17.6,1.68,0.69
2010-05-18,1.1,27.71,82.28,18.79,0.86,0.69
2010-05-19,2.17,28.09,81.21,18.23,0.61,0.68
2010-05-20,3.15,27.79,84.11,19.35,0.57,0.68
2010-05-21,5.34,27.63,85.65,16.2,1.26,0.68
2010-05-22,4.15,27.03,83.93,11.07,1.06,0.69
2010-05-23,3.22,27.35,82.56,15.09,0.8,0.69
2010-05-24,5.21,27.03,87.55,11.06,1.02,0.69
2010-05-25,2.01,27.03,84.34,17.88,0.8,0.69
2010-05-26,2.38,27.02,83.47,17.46,0.66,0.69
2010-05-27,6.43,26.8,87.24,17.66,1.31,0.69
2010-05-28,9.71,26.05,90.25,14.98,1.92,0.7
2010-05-29,8.96,26.58,86.91,15.2,1.68,0.7
2010-05-30,1.98,26.66,86.67,15.67,1.73,0.7
2010-05-31,2.57,26.66,87.28,14.74,2.0,0.7
2010-06-01,0.54,27.1,84.02,18.24,1.57,0.69
2010-06-02,1.06,27.32,84.49,18.2,1.37,0.68
2010-06-03,0.94,27.14,84.31,18.38,1.15,0.68
2010-06-04,14.34,26.95,84.29,17.1,1.56,0.69
2010-06-05,1.57,26.73,80.87,18.36,1.52,0.7
2010-06-06,2.44,26.29,80.01,18.39,1.67,0.68
2010-06-07,0.34,26.68,79.96,17.16,1.39,0.68
2010-06-08,4.06,26.44,84.6,15.58,1.3,0.68
2010-06-09,3.72,26.43,85.61,16.64,1.49,0.68
2010-06-10,6.51,26.46,84.38,16.99,1.43,0.68
2010-06-11,1.59,26.84,81.78,18.55,1.35,0.69
2010-06-12,1.68,26.97,81.43,15.54,1.42,0.68
2010-06-13,2.78,26.49,84.65,16.21,1.32,0.68
2010-06-14,15.59,26.38,85.37,16.13,1.38,0.69
2010-06-15,6.04,26.53,83.97,18.3,1.26,0.7
2010-06-16,1.29,26.71,83.07,17.29,1.44,0.7
2010-06-17,0.96,26.46,83.46,16.69,1.58,0.69
2010-06-18,0.35,26.34,80.78,18.17,1.84,0.68
2010-06-19,0.01,25.98,80.58,17.59,2.15,0.67
2010-06-20,0.05,25.71,78.91,19.31,2.07,0.66
2010-06-21,0.0,25.59,78.2,19.35,2.13,0.66
2010-06-22,0.06,25.64,81.86,19.03,2.13,0.65
2010-06-23,0.12,25.95,82.31,15.26,1.98,0.65
2010-06-24,0.77,25.71,82.2,13.15,2.42,0.65
2010-06-25,1.9,25.55,84.71,15.98,2.24,0.64
2010-06-26,4.28,25.63,85.83,13.62,2.46,0.64
2010-06-27,9.31,25.89,86.37,16.41,1.6,0.66
2010-06-28,0.76,26.02,80.62,19.3,1.75,0.66
2010-06-29,0.01,25.99,77.82,18.95,1.49,0.65
2010-06-30,1.09,26.07,81.24,17.66,1.64,0.65
2010-07-01,3.47,26.21,84.69,18.69,2.07,0.65
2010-07-02,2.74,26.81,82.29,18.55,1.32,0.65
2010-07-03,3.32,27.27,82.4,16.29,1.02,0.65
2010-07-04,10.78,26.75,85.54,17.21,1.08,0.66
2010-07-05,27.17,26.17,87.92,14.56,1.06,0.7
2010-07-06,2.43,26.56,82.33,16.01,0.85,0.7
2010-07-07,0.92,26.83,80.42,18.83,0.83,0.69
2010-07-08,0.3,26.81,79.86,17.02,0.83,0.68
2010-07-09,1.09,25.96,85.89,16.04,1.24,0.67
2010-07-10,0.53,26.27,83.32,16.49,1.49,0.67
2010-07-11,37.57,26.09,86.73,12.9,1.45,0.69
2010-07-12,12.12,26.15,85.71,18.24,1.51,0.73
2010-07-13,1.16,25.54,83.87,18.64,2.14,0.72
2010-07-14,0.0,25.92,81.9,18.5,2.08,0.7
2010-07-15,0.0,25.98,81.13,19.37,1.98,0.68
2010-07-16,0.05,25.98,82.5,17.03,1.96,0.68
2010-07-17,0.31,26.08,83.65,16.84,2.11,0.67
2010-07-18,0.0,25.57,80.08,19.13,2.37,0.66
2010-07-19,0.0,25.25,80.36,20.39,2.27,0.66
2010-07-20,0.0,25.53,81.41,19.11,2.06,0.65
2010-07-21,0.02,25.52,79.1,18.28,1.89,0.65
2010-07-22,0.22,25.3,79.48,19.52,2.12,0.64
2010-07-23,0.2,24.71,78.93,19.9,2.64,0.64
2010-07-24,0.01,25.16,78.84,17.21,1.88,0.64
2010-07-25,29.24,25.84,85.41,14.39,1.54,0.65
2010-07-26,31.3,25.7,87.94,9.99,1.33,0.71
2010-07-27,57.99,25.55,89.45,15.68,1.46,0.76
2010-07-28,18.44,26.23,85.36,18.39,1.24,0.8
2010-07-29,0.95,26.27,84.14,20.48,1.43,0.76
2010-07-30,0.13,25.84,82.9,19.64,1.9,0.73
2010-07-31,0.28,25.39,81.82,19.61,2.23,0.71
2010-08-01,0.01,25.18,82.55,20.77,2.46,0.7
2010-08-02,1.48,25.76,83.48,19.35,2.15,0.69
2010-08-03,1.78,25.53,84.72,18.65,1.91,0.69
2010-08-04,0.17,25.48,82.16,16.87,2.15,0.69
2010-08-05,0.2,25.2,81.49,20.13,2.36,0.68
2010-08-06,0.17,25.18,78.78,19.41,2.18,0.68
2010-08-07,0.22,25.39,79.21,19.87,1.75,0.67
2010-08-08,0.07,25.47,81.69,16.79,1.9,0.67
2010-08-09,0.24,25.5,81.4,18.0,1.93,0.66
2010-08-10,0.01,25.89,75.83,20.47,1.71,0.66
2010-08-11,0.0,25.93,76.65,20.24,1.56,0.65
2010-08-12,1.02,26.55,80.64,18.91,1.25,0.65
2010-08-13,0.49,26.64,80.28,20.39,1.34,0.65
2010-08-14,5.21,26.15,83.14,16.63,1.87,0.65
2010-08-15,0.0,26.06,77.01,22.14,1.72,0.65
2010-08-16,0.0,25.51,78.05,21.18,1.88,0.65
2010-08-17,0.0,25.87,77.69,20.71,1.25,0.65
2010-08-18,0.05,25.79,82.25,20.94,1.9,0.64
2010-08-19,0.21,25.96,81.73,19.75,2.07,0.64
2010-08-20,0.22,26.19,82.07,19.09,2.01,0.64
2010-08-21,2.24,25.94,82.95,16.31,2.13,0.64
2010-08-22,18.34,25.51,85.13,18.73,1.94,0.65
2010-08-23,12.94,25.93,84.67,19.19,1.43,0.68
2010-08-24,12.56,26.8,83.0,19.52,0.94,0.69
2010-08-25,3.28,26.4,84.36,19.47,1.18,0.7
2010-08-26,0.03,26.32,78.79,22.37,1.6,0.68
2010-08-27,0.0,25.67,79.97,22.23,1.91,0.67
2010-08-28,0.0,25.61,79.47,21.76,1.54,0.66
2010-08-29,0.2,26.3,81.33,21.19,1.74,0.66
2010-08-30,3.99,26.41,80.94,21.05,1.47,0.65
2010-08-31,3.34,26.66,76.4,22.46,1.48,0.65
2010-09-01,0.35,26.66,76.54,24.07,1.46,0.65
2010-09-02,0.01,26.18,77.48,22.41,2.04,0.64
2010-09-03,0.05,25.89,78.47,22.62,2.35,0.64
2010-09-04,0.7,25.96,82.58,18.06,2.11,0.63
2010-09-05,1.01,26.12,81.8,18.77,2.16,0.63
2010-09-06,2.87,26.27,80.82,19.68,1.04,0.63
2010-09-07,4.22,25.26,89.52,16.67,1.85,0.64
2010-09-08,7.0,25.97,88.31,19.43,1.22,0.64
2010-09-09,54.01,25.9,86.25,12.37,1.1,0.69
2010-09-10,27.24,26.64,83.43,21.02,1.03,0.76
2010-09-11,2.39,26.81,81.1,19.09,1.0,0.74
2010-09-12,14.36,26.86,80.57,21.7,0.75,0.72
2010-09-13,4.27,26.81,79.11,22.24,1.28,0.72
2010-09-14,6.44,26.87,79.71,21.89,1.16,0.71
2010-09-15,1.93,27.06,80.02,20.97,1.18,0.7
2010-09-16,10.86,26.51,83.54,20.28,0.97,0.7
2010-09-17,17.18,26.07,87.42,20.26,1.04,0.72
2010-09-18,8.26,26.61,84.95,22.13,1.49,0.73
2010-09-19,11.16,26.51,84.62,18.2,2.2,0.72
2010-09-20,24.68,26.28,84.42,19.59,2.12,0.73
2010-09-21,16.97,26.79,82.59,21.52,1.67,0.75
2010-09-22,33.47,25.99,89.41,16.45,1.41,0.76
2010-09-23,17.56,26.28,84.45,18.85,1.54,0.78
2010-09-24,33.15,25.2,89.6,16.38,2.24,0.78
2010-09-25,29.04,25.73,87.28,18.12,1.71,0.81
2010-09-26,1.12,26.38,85.55,23.13,1.8,0.79
2010-09-27,0.46,26.56,82.36,23.85,1.45,0.77
2010-09-28,0.34,27.04,81.92,23.69,1.45,0.76
2010-09-29,0.1,26.9,82.55,24.47,1.74,0.74
2010-09-30,0.28,27.15,81.79,22.42,1.56,0.74
2010-10-01,15.27,27.04,83.84,19.51,1.58,0.74
2010-10-02,7.87,26.93,84.06,21.15,1.74,0.76
2010-10-03,1.74,27.08,83.09,22.56,1.7,0.75
2010-10-04,2.33,27.28,83.76,21.71,1.41,0.74
2010-10-05,0.78,27.04,85.05,20.5,1.44,0.74
2010-10-06,0.99,27.39,82.17,21.01,1.76,0.74
2010-10-07,3.84,26.79,82.14,20.59,1.3,0.73
2010-10-08,3.98,26.06,75.81,11.7,1.37,0.74
2010-10-09,3.5,26.17,77.28,17.48,0.78,0.74
2010-10-10,3.93,26.43,81.12,21.13,1.31,0.73
2010-10-11,1.97,26.32,80.77,20.46,1.71,0.73
2010-10-12,3.39,25.91,82.42,22.89,2.33,0.73
2010-10-13,2.29,26.28,83.65,25.54,2.33,0.73
2010-10-14,0.09,26.62,80.88,23.9,2.21,0.72
2010-10-15,3.52,26.84,80.51,19.53,1.34,0.72
2010-10-16,7.23,25.97,87.29,20.41,1.49,0.73
2010-10-17,3.49,26.11,87.7,23.32,1.59,0.73
2010-10-18,1.67,26.75,83.32,24.66,2.09,0.73
2010-10-19,0.38,26.93,81.46,22.94,2.18,0.72
2010-10-20,3.9,27.04,78.93,21.74,1.88,0.72
2010-10-21,10.53,27.04,79.47,22.56,1.38,0.72
2010-10-22,10.95,26.71,84.34,20.0,1.69,0.74
2010-10-23,38.89,26.53,87.65,17.64,1.77,0.76
2010-10-24,35.23,26.81,87.92,18.89,1.64,0.81
2010-10-25,6.16,27.64,81.08,22.68,1.24,0.79
2010-10-26,20.28,27.3,83.5,18.29,1.39,0.79
2010-10-27,2.59,27.02,82.61,21.06,1.04,0.79
2010-10-28,0.68,27.29,80.33,22.14,0.87,0.77
2010-10-29,1.48,27.16,80.91,21.96,1.21,0.77
2010-10-30,5.05,27.06,81.58,20.83,0.9,0.76
2010-10-31,16.35,26.08,86.54,14.76,1.49,0.78
2010-11-01,24.44,26.57,81.74,17.52,1.63,0.79
2010-11-02,21.84,27.09,81.34,20.44,1.6,0.81
2010-11-03,8.4,27.03,84.9,18.14,1.75,0.8
2010-11-04,6.3,26.09,89.01,9.11,1.11,0.8
2010-11-05,4.79,25.63,89.39,15.22,2.03,0.8
2010-11-06,8.1,26.63,83.09,21.69,1.08,0.8
2010-11-07,2.3,27.06,81.56,18.91,1.18,0.8
2010-11-08,6.38,27.25,82.8,20.64,1.49,0.79
2010-11-09,2.97,27.47,80.34,21.64,1.38,0.79
2010-11-10,0.57,27.9,78.72,24.7,1.34,0.78
2010-11-11,0.31,27.93,75.98,24.74,1.0,0.78
2010-11-12,0.17,28.06,74.55,24.86,0.99,0.77
2010-11-13,0.09,28.37,75.53,24.46,0.84,0.76
2010-11-14,3.91,27.92,77.98,22.21,1.0,0.76
2010-11-15,5.79,27.69,78.17,23.29,1.24,0.76
2010-11-16,5.14,27.65,77.3,23.35,1.57,0.76
2010-11-17,0.07,27.65,77.16,25.01,1.78,0.76
2010-11-18,0.04,27.46,78.09,25.1,2.18,0.75
2010-11-19,0.11,27.57,78.99,24.01,2.15,0.74
2010-11-20,3.19,27.34,81.85,23.03,1.79,0.74
2010-11-21,27.84,26.98,85.62,19.97,1.31,0.77
2010-11-22,18.5,26.7,86.11,18.46,1.1,0.78
2010-11-23,11.02,27.53,81.37,19.4,0.92,0.79
2010-11-24,20.86,27.71,82.78,18.64,1.17,0.8
2010-11-25,6.09,27.02,88.03,21.22,0.9,0.8
2010-11-26,4.75,27.57,78.97,18.4,1.21,0.8
2010-11-27,3.32,27.41,79.14,20.84,0.88,0.79
2010-11-28,4.07,27.5,80.83,20.42,1.0,0.79
2010-11-29,9.01,27.23,82.2,18.72,1.25,0.79
2010-11-30,7.91,27.74,77.85,17.61,0.97,0.79
2010-12-01,1.85,26.89,82.31,18.0,1.19,0.79
2010-12-02,2.19,27.78,75.25,15.77,1.27,0.78
2010-12-03,3.51,27.68,76.22,16.24,1.09,0.78
2010-12-04,15.64,27.7,77.79,20.6,0.97,0.79
2010-12-05,6.47,27.46,83.72,16.91,1.26,0.79
2010-12-06,10.51,26.84,89.96,16.11,1.25,0.79
2010-12-07,8.55,26.91,87.05,20.36,1.66,0.8
2010-12-08,8.65,26.95,85.88,19.22,1.48,0.8
2010-12-09,9.13,26.62,86.61,12.33,1.32,0.81
2010-12-10,40.71,26.38,88.85,15.91,1.69,0.82
2010-12-11,37.65,25.8,89.5,14.31,1.95,0.86
2010-12-12,15.17,25.89,87.3,13.01,1.96,0.87
2010-12-13,5.69,25.88,87.62,15.88,2.2,0.86
2010-12-14,5.09,26.01,87.07,12.04,2.1,0.86
2010-12-15,3.4,25.55,87.76,16.19,2.22,0.85
2010-12-16,11.93,25.41,89.31,10.25,2.16,0.85
2010-12-17,27.75,25.76,90.4,10.91,2.62,0.88
2010-12-18,9.99,26.06,87.68,8.84,1.75,0.89
2010-12-19,16.84,26.26,86.45,18.55,1.45,0.89
2010-12-20,6.97,25.23,89.83,9.8,1.38,0.89
2010-12-21,124.5,25.48,87.54,15.79,1.9,0.92
2010-12-22,46.31,25.48,86.87,18.2,1.63,0.95
2010-12-23,10.09,25.16,89.07,14.81,1.92,0.95
2010-12-24,0.11,25.86,81.13,22.43,1.72,0.94
2010-12-25,3.84,25.97,82.05,20.81,1.56,0.93
2010-12-26,12.81,25.95,84.86,20.44,2.06,0.93
2010-12-27,16.07,26.05,86.87,18.13,1.93,0.93
2010-12-28,19.27,25.43,91.12,10.23,1.76,0.94
2010-12-29,10.59,25.49,87.76,8.55,1.66,0.94
2010-12-30,5.29,25.68,86.88,14.37,1.23,0.94
2010-12-31,24.29,25.38,90.37,14.48,2.36,0.95
2011-01-01,23.91,25.58,91.47,9.17,2.69,0.95
2011-01-02,4.8,25.62,87.93,16.07,2.11,0.95
2011-01-03,3.02,25.41,90.59,22.81,1.08,0.94
2011-01-04,2.03,25.08,87.75,18.37,1.27,0.94
2011-01-05,4.26,25.8,88.44,19.36,1.58,0.94
2011-01-06,7.13,26.15,88.75,17.53,1.61,0.94
2011-01-07,5.99,25.37,91.39,8.9,1.59,0.94
2011-01-08,10.06,25.83,84.39,15.89,1.27,0.94
2011-01-09,6.73,25.39,91.32,18.17,2.18,0.94
2011-01-10,5.31,25.92,89.3,19.55,1.85,0.94
2011-01-11,19.46,25.67,91.72,13.0,2.49,0.94
2011-01-12,15.95,25.6,89.89,11.56,2.65,0.95
2011-01-13,1.96,25.91,88.86,18.41,2.33,0.95
2011-01-14,5.7,25.99,88.5,18.19,2.21,0.94
2011-01-15,27.22,25.84,90.55,13.05,2.46,0.95
2011-01-16,13.27,25.6,91.61,14.44,2.66,0.95
2011-01-17,6.39,25.47,90.18,18.36,1.96,0.95
2011-01-18,4.76,25.58,89.43,19.89,1.73,0.95
2011-01-19,19.24,25.12,89.27,9.97,2.0,0.96
2011-01-20,12.0,25.2,86.13,12.45,1.73,0.96
2011-01-21,4.16,25.2,89.23,17.27,1.71,0.95
2011-01-22,4.56,25.43,87.47,20.14,1.21,0.95
2011-01-23,17.24,25.06,87.54,19.42,1.22,0.95
2011-01-24,13.85,24.91,90.91,15.03,1.67,0.96
2011-01-25,10.09,25.28,89.49,8.22,1.95,0.96
2011-01-26,4.04,25.21,90.17,21.62,1.96,0.96
2011-01-27,2.65,25.45,89.35,16.38,2.12,0.95
2011-01-28,1.94,26.03,86.56,22.35,1.57,0.95
2011-01-29,2.33,25.67,87.58,21.69,1.6,0.94
2011-01-30,11.75,25.62,88.87,22.24,1.87,0.94
2011-01-31,23.62,25.43,90.7,16.65,1.64,0.96
2011-02-01,14.09,25.97,87.23,14.4,1.7,0.96
2011-02-02,16.73,25.51,89.41,15.18,1.65,0.96
2011-02-03,18.18,25.3,91.47,17.81,1.09,0.96
2011-02-04,6.48,25.47,87.31,20.49,1.27,0.96
2011-02-05,27.33,25.47,90.47,11.85,2.11,0.96
2011-02-06,11.58,25.71,92.27,7.66,2.66,0.97
2011-02-07,11.82,25.66,90.76,11.24,2.2,0.97
2011-02-08,8.05,25.51,89.25,13.27,1.76,0.97
2011-02-09,7.44,25.35,88.79,14.54,1.98,0.97
2011-02-10,1.47,25.75,84.46,17.48,1.23,0.96
2011-02-11,0.61,27.19,77.3,23.44,0.67,0.96
2011-02-12,9.94,26.4,80.45,19.14,1.33,0.95
2011-02-13,3.68,25.38,81.85,20.13,1.76,0.95
2011-02-14,0.82,25.81,83.14,16.13,1.75,0.94
2011-02-15,10.04,25.82,87.04,15.59,1.75,0.94
2011-02-16,3.84,25.75,86.04,19.03,1.68,0.94
2011-02-17,1.94,25.58,89.85,18.0,2.21,0.93
2011-02-18,1.71,25.66,89.37,21.38,2.36,0.93
2011-02-19,1.15,26.42,85.1,24.71,1.72,0.92
2011-02-20,2.45,26.12,85.08,20.99,1.19,0.92
2011-02-21,10.5,25.78,86.02,19.9,1.66,0.92
2011-02-22,5.15,25.18,88.77,11.79,1.5,0.92
2011-02-23,2.33,24.69,90.21,13.76,1.25,0.92
2011-02-24,6.8,25.27,84.56,14.37,1.1,0.92
2011-02-25,12.13,24.87,89.33,11.65,1.63,0.93
2011-02-26,9.8,25.23,86.35,13.26,1.72,0.93
2011-02-27,2.33,25.81,85.31,20.72,1.72,0.92
2011-02-28,1.66,26.17,84.66,21.66,2.02,0.92
2011-03-01,7.47,25.78,86.55,15.45,1.74,0.91
2011-03-02,6.58,25.77,83.98,16.67,1.57,0.91
2011-03-03,12.17,25.61,88.7,17.35,2.03,0.92
2011-03-04,8.34,25.73,87.56,17.9,1.77,0.92
2011-03-05,7.23,25.69,85.46,15.9,1.54,0.92
2011-03-06,9.44,25.69,82.87,16.53,1.31,0.92
2011-03-07,10.66,25.46,85.04,14.26,1.36,0.92
2011-03-08,3.6,25.35,85.86,19.73,0.86,0.92
2011-03-09,3.25,25.83,87.72,15.8,1.4,0.91
2011-03-10,7.18,25.66,88.88,19.47,1.46,0.91
2011-03-11,12.38,25.89,87.56,17.89,1.19,0.92
2011-03-12,12.46,26.25,85.49,15.14,1.69,0.92
2011-03-13,18.22,25.72,88.73,17.14,1.72,0.93
2011-03-14,3.48,25.34,86.26,18.44,1.1,0.93
2011-03-15,3.01,25.36,85.7,19.65,1.33,0.92
2011-03-16,1.28,25.84,85.81,18.55,1.36,0.92
2011-03-17,1.06,26.15,84.01,19.93,1.45,0.91
2011-03-18,0.81,26.73,81.54,22.91,1.18,0.91
2011-03-19,0.32,27.11,78.37,21.6,0.82,0.9
2011-03-20,2.04,26.84,80.72,20.3,0.83,0.89
2011-03-21,8.6,26.25,86.47,18.76,1.14,0.89
2011-03-22,11.46,25.95,85.87,19.67,1.29,0.9
2011-03-23,1.55,26.14,83.56,19.45,1.32,0.9
2011-03-24,4.65,26.48,79.87,18.7,0.95,0.9
2011-03-25,2.28,27.02,77.79,21.87,0.86,0.89
2011-03-26,7.86,26.44,83.61,20.81,1.36,0.89
2011-03-27,5.32,26.33,83.01,15.68,1.49,0.89
2011-03-28,19.13,25.81,88.76,16.11,1.34,0.9
2011-03-29,10.34,25.91,89.9,16.91,1.73,0.91
2011-03-30,6.19,26.11,86.81,17.39,1.37,0.9
2011-03-31,9.29,26.3,83.11,12.51,1.1,0.9
2011-04-01,4.43,26.35,81.05,14.44,1.3,0.9
2011-04-02,13.04,25.85,86.55,18.58,1.51,0.9
2011-04-03,12.26,25.74,87.8,10.13,1.94,0.91
2011-04-04,4.0,26.47,82.52,12.68,1.44,0.91
2011-04-05,3.92,26.33,86.29,17.41,1.83,0.9
2011-04-06,3.9,25.86,87.16,17.64,1.58,0.9
2011-04-07,9.29,25.75,85.78,12.96,1.44,0.9
2011-04-08,12.6,26.04,80.85,11.08,1.21,0.9
2011-04-09,8.46,26.09,81.91,17.45,0.73,0.9
2011-04-10,23.64,26.1,85.23,12.17,1.0,0.92
2011-04-11,15.15,25.15,91.57,12.43,1.19,0.93
2011-04-12,16.19,25.79,85.17,17.24,0.51,0.93
2011-04-13,3.72,26.21,83.4,18.2,0.81,0.93
2011-04-14,12.39,26.15,83.37,13.11,1.23,0.93
2011-04-15,15.18,25.68,88.69,15.6,1.38,0.94
2011-04-16,10.04,26.28,85.6,17.34,1.29,0.94
2011-04-17,0.39,26.42,82.84,21.19,1.75,0.94
2011-04-18,5.27,26.6,81.47,20.52,1.07,0.93
2011-04-19,1.94,26.72,80.93,21.28,1.17,0.92
2011-04-20,0.57,26.29,87.13,21.19,1.74,0.92
2011-04-21,3.33,26.33,87.0,17.09,1.48,0.91
2011-04-22,4.09,25.36,89.58,15.32,1.98,0.91
2011-04-23,0.58,25.6,89.6,16.43,1.4,0.91
2011-04-24,2.98,26.63,84.14,20.18,1.31,0.9
2011-04-25,2.76,26.36,87.08,18.43,1.19,0.9
2011-04-26,0.62,26.82,80.98,21.09,0.97,0.9
2011-04-27,0.2,26.72,80.65,19.36,1.24,0.89
2011-04-28,1.55,26.02,87.85,15.94,1.18,0.89
2011-04-29,28.31,26.5,84.12,16.3,0.85,0.89
2011-04-30,31.89,26.63,85.94,18.55,0.5,0.93
2011-05-01,39.92,25.77,92.46,15.55,0.64,0.95
2011-05-02,10.7,25.66,87.95,13.4,0.9,0.95
2011-05-03,14.04,25.1,91.89,16.89,1.78,0.96
2011-05-04,0.55,26.32,82.25,17.93,1.09,0.95
2011-05-05,2.41,26.49,85.48,17.18,1.29,0.94
2011-05-06,14.16,25.99,87.88,9.73,1.18,0.94
2011-05-07,8.77,25.91,88.3,18.66,1.1,0.95
2011-05-08,7.82,25.61,93.34,15.46,1.33,0.95
2011-05-09,3.21,25.87,87.69,18.28,1.67,0.95
2011-05-10,1.79,26.04,87.61,20.13,1.39,0.94
2011-05-11,0.72,26.5,84.26,19.86,1.21,0.94
2011-05-12,0.34,26.82,81.74,20.12,1.12,0.93
2011-05-13,17.78,26.61,84.48,17.04,1.06,0.93
2011-05-14,2.78,26.34,86.09,18.77,1.18,0.94
2011-05-15,0.79,25.94,88.3,18.79,1.35,0.93
2011-05-16,5.49,26.18,84.2,14.8,1.6,0.93
2011-05-17,14.03,26.27,86.51,17.14,1.6,0.93
2011-05-18,2.83,26.56,84.45,19.24,1.41,0.93
2011-05-19,0.44,26.37,86.12,19.77,1.96,0.92
2011-05-20,0.04,25.98,81.39,20.64,2.06,0.91
2011-05-21,0.02,25.63,83.2,18.47,2.19,0.91
2011-05-22,0.01,25.52,81.73,19.95,2.08,0.9
2011-05-23,0.0,24.85,79.05,19.12,2.37,0.89
2011-05-24,0.03,24.97,81.43,19.78,2.03,0.88
2011-05-25,0.06,25.25,77.55,20.34,1.52,0.87
2011-05-26,0.29,25.32,79.98,19.86,1.69,0.86
2011-05-27,0.04,25.23,81.45,19.03,1.74,0.86
2011-05-28,0.12,25.42,82.59,18.51,1.71,0.85
2011-05-29,1.64,25.93,83.93,17.15,1.51,0.85
2011-05-30,10.33,26.21,85.71,15.01,1.54,0.85
2011-05-31,21.9,25.57,88.4,13.22,1.66,0.87
2011-06-01,1.78,26.01,82.73,18.11,1.59,0.86
2011-06-02,0.4,25.76,82.08,18.82,1.62,0.86
2011-06-03,0.03,25.62,82.02,19.61,1.51,0.85
2011-06-04,0.0,25.13,81.18,19.36,1.75,0.84
2011-06-05,0.0,24.75,80.78,19.6,1.7,0.83
2011-06-06,0.0,24.87,79.81,19.41,1.76,0.83
2011-06-07,0.03,24.8,76.49,19.98,1.39,0.82
2011-06-08,0.0,24.54,80.28,18.78,1.77,0.82
2011-06-09,0.14,24.38,82.63,20.41,1.95,0.81
2011-06-10,0.07,24.31,81.21,20.11,2.22,0.8
2011-06-11,1.03,24.39,81.97,18.13,1.79,0.8
2011-06-12,0.1,24.34,82.6,18.97,2.16,0.79
2011-06-13,0.31,23.99,83.43,19.44,2.11,0.79
2011-06-14,0.0,23.59,79.78,19.52,2.2,0.79
2011-06-15,0.01,23.4,78.03,19.1,2.17,0.78
2011-06-16,0.37,23.12,79.12,20.28,2.1,0.78
2011-06-17,0.25,23.41,83.12,18.43,1.95,0.77
2011-06-18,0.25,23.74,83.98,18.76,2.11,0.77
2011-06-19,0.03,23.77,82.79,18.29,1.96,0.77
2011-06-20,0.01,24.03,83.0,17.66,2.02,0.76
2011-06-21,0.0,24.36,83.45,17.6,1.99,0.76
2011-06-22,0.0,23.77,81.28,18.84,2.11,0.75
2011-06-23,0.01,23.48,78.82,18.94,2.2,0.75
2011-06-24,0.0,23.79,78.68,18.35,1.74,0.74
2011-06-25,0.0,24.19,82.38,18.59,1.92,0.74
2011-06-26,0.9,24.96,86.95,12.76,1.91,0.74
2011-06-27,0.84,25.27,86.85,15.1,1.97,0.74
2011-06-28,0.68,25.54,84.27,16.95,1.34,0.73
2011-06-29,0.04,25.2,82.79,16.48,1.49,0.73
2011-06-30,0.0,24.51,78.94,20.12,1.81,0.73
2011-07-01,0.05,23.72,77.91,18.48,1.94,0.72
2011-07-02,0.0,23.29,78.28,20.49,1.88,0.72
2011-07-03,0.0,23.65,78.32,19.93,1.54,0.72
2011-07-04,0.0,24.19,78.63,19.76,1.32,0.72
2011-07-05,0.0,24.2,79.72,19.46,1.75,0.71
2011-07-06,0.03,23.92,81.04,19.24,1.68,0.71
2011-07-07,0.02,24.35,81.86,18.97,1.74,0.71
2011-07-08,0.05,24.92,84.01,14.04,1.53,0.71
2011-07-09,0.21,25.19,85.69,16.73,1.58,0.7
2011-07-10,0.28,25.4,83.46,14.6,1.15,0.7
2011-07-11,0.03,25.48,83.3,17.75,0.73,0.7
2011-07-12,0.02,25.43,83.44,17.66,1.18,0.7
2011-07-13,0.01,25.38,84.53,17.59,1.73,0.7
2011-07-14,0.28,25.38,84.75,16.4,1.62,0.69
2011-07-15,0.29,25.26,84.29,17.54,2.07,0.69
2011-07-16,0.04,24.81,82.65,18.85,2.18,0.69
2011-07-17,0.12,24.85,83.22,17.41,1.9,0.68
2011-07-18,0.03,25.02,82.45,19.02,2.05,0.68
2011-07-19,0.0,25.01,80.54,18.33,1.78,0.68
2011-07-20,0.0,24.47,78.98,20.59,1.88,0.67
2011-07-21,0.0,23.91,79.4,20.42,2.15,0.67
2011-07-22,0.0,23.47,78.79,20.71,2.39,0.67
2011-07-23,0.0,22.94,77.14,21.33,2.33,0.66
2011-07-24,0.0,23.25,79.6,20.51,2.06,0.66
2011-07-25,0.51,23.75,81.45,18.95,1.89,0.66
2011-07-26,0.93,24.5,82.97,18.56,1.87,0.66
2011-07-27,0.52,24.51,83.18,17.76,2.03,0.66
2011-07-28,0.0,23.97,80.93,19.89,2.44,0.65
2011-07-29,0.0,23.88,79.79,21.1,2.4,0.65
2011-07-30,0.04,23.87,79.34,19.54,2.35,0.65
2011-07-31,0.0,24.09,79.27,19.9,1.99,0.65
2011-08-01,0.0,24.48,80.12,20.44,1.94,0.64
2011-08-02,0.02,24.74,82.43,19.59,2.2,0.64
2011-08-03,0.0,23.9,79.77,19.75,2.73,0.64
2011-08-04,0.02,23.5,77.57,19.89,2.46,0.63
2011-08-05,0.0,23.33,77.72,20.51,1.99,0.63
2011-08-06,0.0,23.66,80.61,21.18,2.08,0.63
2011-08-07,0.0,24.27,78.79,19.96,1.53,0.63
2011-08-08,0.0,24.51,79.77,18.66,1.74,0.63
2011-08-09,0.0,24.35,80.07,20.7,2.19,0.62
2011-08-10,0.0,23.97,80.08,21.18,1.99,0.62
2011-08-11,0.02,24.24,78.36,20.97,1.69,0.62
2011-08-12,0.01,24.4,79.16,20.75,1.28,0.62
2011-08-13,0.0,24.93,77.85,21.2,1.24,0.61
2011-08-14,0.0,24.97,75.81,21.54,1.54,0.61
2011-08-15,0.0,24.86,78.68,21.39,1.72,0.61
2011-08-16,0.1,24.72,80.39,19.87,2.31,0.61
2011-08-17,0.0,24.06,76.79,23.24,2.54,0.6
2011-08-18,0.0,24.22,76.46,22.01,2.04,0.6
2011-08-19,0.0,24.44,76.7,22.43,1.65,0.6
2011-08-20,0.0,24.78,75.16,20.03,1.6,0.6
2011-08-21,0.0,24.89,76.73,21.94,1.91,0.6
2011-08-22,0.0,24.88,78.45,21.82,2.26,0.59
2011-08-23,0.0,24.42,75.92,21.97,2.43,0.59
2011-08-24,0.0,23.87,73.31,22.28,2.64,0.59
2011-08-25,0.03,24.03,72.02,22.77,2.5,0.58
2011-08-26,0.03,23.92,73.79,21.92,2.63,0.58
2011-08-27,0.0,24.27,76.02,21.73,2.17,0.58
2011-08-28,0.0,25.03,78.03,20.63,1.91,0.58
2011-08-29,0.0,25.75,75.53,22.43,1.49,0.58
2011-08-30,0.0,25.78,79.2,21.73,1.72,0.57
2011-08-31,0.0,25.64,79.41,20.42,1.55,0.57
2011-09-01,0.01,25.57,76.96,22.13,1.67,0.57
2011-09-02,0.0,25.68,75.62,23.98,1.59,0.57
2011-09-03,0.0,25.33,76.84,21.93,2.29,0.57
2011-09-04,0.01,25.54,76.91,19.11,2.05,0.56
2011-09-05,0.01,25.75,78.94,21.6,1.82,0.56
2011-09-06,0.07,25.7,75.04,24.69,2.28,0.56
2011-09-07,0.0,25.51,76.7,23.42,2.09,0.56
2011-09-08,0.01,25.51,75.93,22.65,2.37,0.55
2011-09-09,0.18,25.51,75.28,23.11,2.41,0.55
2011-09-10,0.03,25.76,76.28,21.49,2.0,0.55
2011-09-11,0.01,25.73,77.4,22.42,2.62,0.55
2011-09-12,0.97,25.57,77.64,16.13,1.99,0.55
2011-09-13,0.09,25.45,76.18,20.72,2.42,0.55
2011-09-14,0.0,25.45,75.34,22.01,1.71,0.55
2011-09-15,0.0,25.92,76.74,21.97,1.84,0.54
2011-09-16,0.02,25.75,76.17,22.57,2.03,0.54
2011-09-17,0.26,25.64,78.11,19.3,1.62,0.54
2011-09-18,0.0,26.03,78.5,22.47,1.98,0.54
2011-09-19,0.01,26.12,76.22,23.79,2.23,0.54
2011-09-20,0.0,26.17,73.79,24.13,1.94,0.54
2011-09-21,0.0,25.57,74.9,24.92,2.33,0.53
2011-09-22,0.0,25.53,71.59,25.75,2.63,0.53
2011-09-23,0.0,25.63,74.08,24.24,2.34,0.53
2011-09-24,0.0,26.26,74.76,22.83,1.73,0.53
2011-09-25,0.01,26.32,76.7,23.46,2.25,0.52
2011-09-26,0.0,26.09,71.72,25.02,2.55,0.52
2011-09-27,0.11,25.31,76.35,23.17,2.7,0.52
2011-09-28,0.11,25.26,77.43,18.22,2.54,0.52
2011-09-29,0.01,26.03,76.61,20.87,1.99,0.52
2011-09-30,0.06,26.43,75.37,23.07,1.58,0.52
2011-10-01,0.02,26.26,76.18,22.67,2.25,0.52
2011-10-02,0.0,25.76,76.68,23.02,2.62,0.52
2011-10-03,0.0,25.26,76.51,21.95,2.76,0.51
2011-10-04,0.0,25.25,74.21,19.19,2.67,0.51
2011-10-05,0.0,25.82,74.78,21.87,2.21,0.51
2011-10-06,4.32,25.78,79.15,19.7,2.37,0.51
2011-10-07,1.01,25.82,78.71,19.39,2.43,0.52
2011-10-08,0.22,26.26,78.95,19.64,2.28,0.52
2011-10-09,0.15,26.49,78.49,22.08,2.07,0.52
2011-10-10,0.01,26.66,77.42,20.35,2.39,0.51
2011-10-11,0.0,26.85,73.61,25.3,2.43,0.51
2011-10-12,0.0,26.62,73.26,23.44,2.31,0.51
2011-10-13,0.0,26.29,74.13,26.34,2.78,0.51
2011-10-14,0.0,26.64,72.77,24.38,2.2,0.51
2011-10-15,0.0,26.88,74.51,22.78,1.96,0.5
2011-10-16,0.45,27.52,75.48,22.85,1.41,0.5
2011-10-17,0.49,27.81,74.9,24.35,1.72,0.5
2011-10-18,0.2,27.67,75.13,23.3,1.65,0.5
2011-10-19,3.23,27.75,75.64,22.58,1.95,0.5
2011-10-20,1.15,27.7,76.72,23.99,1.55,0.5
2011-10-21,1.65,27.89,75.62,21.38,1.2,0.5
2011-10-22,6.12,27.31,81.02,21.65,0.9,0.51
2011-10-23,3.58,27.23,80.78,23.18,0.89,0.52
2011-10-24,1.05,27.08,81.01,22.98,1.12,0.52
2011-10-25,12.62,27.29,80.78,23.72,1.02,0.53
2011-10-26,6.97,27.19,82.25,20.2,1.07,0.55
2011-10-27,0.56,27.98,75.72,23.3,1.0,0.55
2011-10-28,4.74,27.48,80.61,23.57,1.55,0.55
2011-10-29,7.81,27.01,82.36,22.09,1.89,0.56
2011-10-30,4.3,27.16,81.16,22.14,1.63,0.56
2011-10-31,0.85,27.57,77.52,23.73,1.59,0.55
2011-11-01,12.57,27.04,79.48,21.48,1.78,0.56
2011-11-02,3.66,27.37,78.61,22.73,1.73,0.57
2011-11-03,1.84,27.6,79.98,22.79,1.5,0.56
2011-11-04,2.15,27.2,81.6,19.01,1.52,0.55
2011-11-05,3.35,26.8,84.42,22.26,1.05,0.56
2011-11-06,5.72,26.24,82.2,17.77,1.11,0.56
2011-11-07,3.84,25.98,78.02,5.27,0.73,0.56
2011-11-08,30.71,25.93,83.49,19.55,1.56,0.58
2011-11-09,9.56,26.28,81.69,12.21,1.3,0.62
2011-11-10,15.85,26.88,80.51,19.65,1.16,0.62
2011-11-11,10.65,27.2,81.75,23.09,0.98,0.64
2011-11-12,8.18,27.14,83.02,21.54,1.35,0.63
2011-11-13,8.01,27.29,80.72,20.26,1.32,0.63
2011-11-14,6.41,26.92,80.55,22.79,1.67,0.63
2011-11-15,0.44,26.99,81.45,22.72,1.58,0.61
2011-11-16,3.34,27.34,78.2,22.87,1.22,0.6
2011-11-17,3.64,27.36,80.13,22.3,1.3,0.6
2011-11-18,0.69,27.66,78.08,19.93,1.11,0.59
2011-11-19,3.3,27.17,81.91,21.39,1.01,0.59
2011-11-20,7.04,27.62,75.96,22.3,0.91,0.59
2011-11-21,12.52,28.01,76.09,22.2,0.82,0.61
2011-11-22,6.95,27.3,80.2,21.62,1.5,0.61
2011-11-23,4.04,27.47,81.37,18.47,1.58,0.61
2011-11-24,0.25,27.91,71.24,26.57,1.59,0.6
2011-11-25,0.01,27.84,72.5,25.25,1.44,0.59
2011-11-26,3.51,27.93,78.9,22.32,1.69,0.58
2011-11-27,3.61,28.14,81.77,21.17,1.28,0.58
2011-11-28,2.44,27.63,82.71,17.47,1.16,0.58
2011-11-29,7.63,28.02,82.03,20.69,1.18,0.58
2011-11-30,5.21,27.39,83.79,22.11,1.15,0.6
2011-12-01,1.14,28.37,77.28,21.03,1.09,0.59
2011-12-02,1.42,28.18,79.85,23.29,1.53,0.59
2011-12-03,5.09,27.94,79.88,23.76,1.94,0.58
2011-12-04,7.61,27.32,80.41,17.65,2.13,0.59
2011-12-05,4.56,27.14,79.87,18.02,1.45,0.59
2011-12-06,15.42,26.86,81.48,16.31,1.44,0.6
2011-12-07,4.99,26.8,81.03,21.15,1.7,0.62
2011-12-08,1.66,26.64,80.45,18.24,1.77,0.61
2011-12-09,1.93,27.09,78.33,20.46,1.79,0.6
2011-12-10,9.68,26.89,77.9,15.24,1.23,0.61
2011-12-11,4.59,26.64,78.68,15.13,1.72,0.61
2011-12-12,2.24,27.37,77.45,22.86,1.07,0.6
2011-12-13,14.67,27.45,79.83,21.59,0.99,0.61
2011-12-14,7.6,27.11,83.33,17.38,1.72,0.62
2011-12-15,3.43,26.46,84.31,12.48,1.26,0.62
2011-12-16,9.87,26.73,81.75,20.13,1.56,0.62
2011-12-17,14.94,25.94,86.13,13.84,1.21,0.64
2011-12-18,49.23,25.98,87.38,16.75,1.9,0.68
2011-12-19,28.14,26.62,85.43,12.98,1.1,0.74
2011-12-20,7.09,27.06,82.49,18.85,0.79,0.73
2011-12-21,3.23,27.93,80.08,21.51,0.63,0.7
2011-12-22,6.32,27.62,84.63,20.88,1.03,0.69
2011-12-23,15.45,26.84,88.04,17.29,1.04,0.69
2011-12-24,2.59,27.11,80.39,21.84,1.05,0.69
2011-12-25,5.85,27.44,80.65,21.22,1.21,0.68
2011-12-26,41.66,27.18,83.82,17.74,1.3,0.69
2011-12-27,16.22,27.08,84.99,20.4,1.91,0.74
2011-12-28,7.6,27.28,83.2,18.98,1.84,0.73
2011-12-29,3.42,26.4,84.07,21.35,2.03,0.71
2011-12-30,3.18,26.63,77.48,12.42,1.18,0.69
2011-12-31,21.5,26.71,82.46,18.7,1.5,0.71
2012-01-01,31.11,25.74,86.18,7.55,1.59,0.73
2012-01-02,7.57,25.93,85.6,23.02,1.68,0.74
2012-01-03,4.24,26.37,84.0,21.31,1.18,0.72
2012-01-04,4.97,26.3,81.39,13.6,1.11,0.72
2012-01-05,7.31,26.81,81.24,19.61,1.1,0.7
2012-01-06,13.67,25.49,89.7,20.38,1.19,0.72
2012-01-07,21.59,25.81,88.45,14.41,1.29,0.73
2012-01-08,43.21,25.5,92.01,9.27,2.43,0.77
2012-01-09,15.55,25.45,89.91,8.99,1.97,0.78
2012-01-10,14.84,25.45,88.86,16.09,1.9,0.78
2012-01-11,22.6,25.72,89.13,9.98,1.95,0.77
2012-01-12,36.63,25.5,90.7,9.26,1.96,0.8
2012-01-13,7.65,25.49,86.47,20.28,1.43,0.8
2012-01-14,3.97,25.54,87.16,13.35,1.73,0.78
2012-01-15,2.63,25.81,87.58,17.61,0.87,0.76
2012-01-16,13.53,25.31,90.11,19.03,1.24,0.77
2012-01-17,20.37,26.53,81.29,22.86,1.22,0.78
2012-01-18,2.62,26.65,81.36,19.89,0.75,0.77
2012-01-19,6.26,25.97,86.15,19.12,1.0,0.77
2012-01-20,19.82,25.83,89.16,18.88,1.69,0.78
2012-01-21,24.77,25.6,92.35,10.44,1.83,0.8
2012-01-22,35.8,25.58,89.72,13.71,2.06,0.83
2012-01-23,9.16,26.07,85.94,16.14,1.95,0.84
2012-01-24,6.59,25.76,88.81,15.91,2.52,0.83
2012-01-25,2.62,25.76,87.22,15.88,2.86,0.81
2012-01-26,3.56,25.91,85.83,21.82,2.83,0.8
2012-01-27,4.7,25.97,87.7,20.66,2.18,0.8
2012-01-28,11.45,25.68,86.66,15.85,2.82,0.8
2012-01-29,15.48,25.9,89.31,13.53,2.38,0.82
2012-01-30,6.09,25.56,91.14,12.5,2.25,0.82
2012-01-31,7.09,25.48,88.12,21.52,1.7,0.82
2012-02-01,12.39,24.86,91.47,17.03,1.39,0.83
2012-02-02,10.61,24.56,89.47,8.37,1.9,0.83
2012-02-03,10.47,24.75,89.12,16.3,1.36,0.83
2012-02-04,36.85,24.76,92.68,6.68,2.6,0.86
2012-02-05,14.31,25.41,85.85,20.93,1.22,0.87
2012-02-06,13.65,26.01,84.74,21.33,1.21,0.87
2012-02-07,8.13,25.91,84.44,22.36,1.13,0.87
2012-02-08,8.79,25.58,89.09,20.14,1.62,0.87
2012-02-09,4.49,25.69,83.62,20.29,1.72,0.86
2012-02-10,3.74,25.68,84.1,21.65,1.21,0.86
2012-02-11,0.79,26.33,83.44,24.48,1.49,0.85
2012-02-12,1.24,27.06,80.75,24.84,0.71,0.85
2012-02-13,0.55,27.19,81.31,25.51,1.26,0.84
2012-02-14,0.11,27.25,79.64,25.09,0.84,0.83
2012-02-15,1.74,27.1,81.38,23.39,1.13,0.83
2012-02-16,4.24,26.83,81.82,21.56,1.4,0.83
2012-02-17,1.57,27.0,77.39,23.5,1.21,0.82
2012-02-18,7.5,26.6,81.4,18.74,1.21,0.82
2012-02-19,14.71,26.61,81.62,20.56,1.04,0.83
2012-02-20,30.45,26.07,83.03,9.21,0.67,0.86
2012-02-21,2.11,26.61,79.57,22.38,1.16,0.85
2012-02-22,2.06,26.79,79.68,15.36,1.25,0.84
2012-02-23,5.3,27.72,75.44,22.74,0.48,0.84
2012-02-24,2.51,27.4,79.97,22.21,0.71,0.84
2012-02-25,0.96,27.48,77.57,22.93,0.72,0.83
2012-02-26,1.01,26.62,81.53,22.91,1.0,0.83
2012-02-27,0.75,27.11,74.93,22.85,0.82,0.82
2012-02-28,6.66,26.56,85.35,20.82,1.63,0.82
2012-02-29,3.6,26.44,85.01,17.51,1.4,0.82
2012-03-01,5.85,25.74,88.48,16.61,1.31,0.82
2012-03-02,7.35,26.25,81.02,17.79,1.14,0.83
2012-03-03,16.94,26.23,83.76,11.67,1.2,0.84
2012-03-04,7.56,25.88,87.94,14.46,1.89,0.84
2012-03-05,16.37,25.43,89.26,7.23,1.49,0.85
2012-03-06,8.17,26.2,85.12,16.62,1.37,0.86
2012-03-07,14.44,26.04,86.47,15.45,1.0,0.86
2012-03-08,12.68,26.16,87.18,8.81,1.85,0.87
2012-03-09,16.57,25.96,91.87,12.38,1.91,0.88
2012-03-10,7.37,25.87,88.21,5.7,1.66,0.88
2012-03-11,8.76,25.65,89.26,12.12,1.38,0.88
2012-03-12,6.94,25.68,88.72,19.13,2.08,0.88
2012-03-13,26.49,25.98,91.31,13.38,2.62,0.89
2012-03-14,16.64,26.02,90.96,13.01,3.37,0.91
2012-03-15,12.29,26.12,87.42,15.89,4.27,0.9
2012-03-16,16.85,26.56,87.7,13.17,3.44,0.9
2012-03-17,15.94,26.07,87.98,15.1,2.56,0.91
2012-03-18,23.59,25.94,89.01,12.13,1.96,0.92
2012-03-19,39.91,25.38,86.1,14.61,1.82,0.93
2012-03-20,18.32,25.14,88.28,9.67,1.87,0.94
2012-03-21,10.93,25.53,84.92,15.67,1.96,0.94
2012-03-22,4.16,25.38,86.9,19.54,1.93,0.93
2012-03-23,15.49,25.9,84.46,19.12,1.14,0.93
2012-03-24,18.83,25.61,88.78,18.41,1.71,0.94
2012-03-25,1.76,25.97,84.4,22.51,1.67,0.93
2012-03-26,0.18,25.86,83.32,24.3,1.78,0.92
2012-03-27,0.01,25.52,83.32,22.69,2.03,0.91
2012-03-28,15.33,25.58,90.49,12.64,2.4,0.91
2012-03-29,1.56,25.93,83.08,22.32,1.52,0.91
2012-03-30,3.43,26.39,77.98,22.39,0.89,0.9
2012-03-31,7.24,26.44,81.27,20.62,0.6,0.9
2012-04-01,3.94,26.88,83.08,21.12,1.09,0.9
2012-04-02,6.8,26.8,82.23,21.1,1.13,0.9
2012-04-03,6.03,26.96,80.43,21.39,0.93,0.9
2012-04-04,4.66,26.45,82.03,20.06,0.77,0.9
2012-04-05,0.02,26.8,77.35,21.4,0.68,0.89
2012-04-06,0.51,26.01,83.67,23.53,1.16,0.89
2012-04-07,0.05,26.63,79.35,22.99,1.49,0.88
2012-04-08,0.09,26.52,77.34,23.78,1.52,0.87
2012-04-09,0.0,26.76,78.03,23.44,1.62,0.86
2012-04-10,0.11,26.87,80.8,21.74,1.52,0.85
2012-04-11,0.43,26.43,83.59,21.87,1.51,0.85
2012-04-12,0.27,26.32,83.64,22.56,1.69,0.84
2012-04-13,0.07,26.56,82.19,21.51,1.73,0.84
2012-04-14,0.16,27.0,82.1,21.72,1.47,0.83
2012-04-15,9.19,27.23,81.66,21.69,0.95,0.82
2012-04-16,9.88,27.22,82.61,21.28,0.82,0.84
2012-04-17,0.13,27.23,81.58,21.97,1.5,0.83
2012-04-18,11.67,26.89,83.15,22.15,1.67,0.83
2012-04-19,4.56,27.01,80.93,21.54,1.49,0.84
2012-04-20,0.78,26.82,83.02,20.77,1.7,0.83
2012-04-21,1.02,26.42,83.51,21.04,1.91,0.82
2012-04-22,0.46,26.26,82.4,21.49,1.73,0.81
2012-04-23,0.17,26.69,79.24,20.83,1.38,0.81
2012-04-24,3.12,26.86,78.83,21.96,1.35,0.8
2012-04-25,1.95,26.67,82.74,18.73,1.89,0.8
2012-04-26,0.33,26.58,79.93,20.82,1.66,0.79
2012-04-27,0.62,26.74,80.64,19.34,1.05,0.79
2012-04-28,2.53,26.95,80.39,15.53,0.48,0.79
2012-04-29,1.25,27.3,81.39,19.86,0.89,0.79
2012-04-30,3.05,27.03,85.36,19.93,1.01,0.79
2012-05-01,5.09,26.55,86.53,19.0,1.75,0.79
2012-05-02,0.06,26.42,81.62,20.62,1.63,0.79
2012-05-03,0.41,26.92,79.09,20.03,1.58,0.78
2012-05-04,2.05,27.2,79.89,20.46,1.47,0.77
2012-05-05,4.77,26.81,83.52,19.01,1.16,0.77
2012-05-06,20.38,26.59,84.89,17.43,1.21,0.79
2012-05-07,24.34,26.67,81.94,19.82,1.4,0.82
2012-05-08,0.08,25.95,80.75,19.71,2.01,0.8
2012-05-09,0.1,25.7,80.91,17.03,1.84,0.79
2012-05-10,0.7,25.36,85.25,13.47,2.1,0.78
2012-05-11,3.91,25.43,85.25,14.58,2.19,0.78
2012-05-12,38.31,26.0,90.36,11.72,2.28,0.81
2012-05-13,18.14,25.89,90.79,8.83,1.87,0.83
2012-05-14,33.59,25.67,92.16,12.69,1.75,0.84
2012-05-15,4.68,26.26,85.16,15.14,1.4,0.85
2012-05-16,0.59,26.48,83.31,19.06,1.41,0.84
2012-05-17,0.2,26.39,85.52,17.92,1.36,0.83
2012-05-18,0.39,26.48,85.5,18.75,1.59,0.82
2012-05-19,0.03,26.29,83.77,18.33,1.88,0.82
2012-05-20,0.0,25.48,82.92,19.93,2.15,0.81
2012-05-21,0.13,24.96,79.33,20.38,2.33,0.8
2012-05-22,0.12,24.99,81.91,18.33,2.2,0.8
2012-05-23,0.03,24.94,82.15,20.23,2.48,0.79
2012-05-24,0.0,24.59,79.85,21.15,2.48,0.78
2012-05-25,0.0,24.88,80.53,19.98,2.25,0.78
2012-05-26,0.71,25.21,84.65,18.77,2.15,0.77
2012-05-27,0.8,25.04,83.95,17.8,2.21,0.77
2012-05-28,0.01,24.83,83.14,16.88,2.06,0.77
2012-05-29,0.4,24.69,84.48,18.34,2.2,0.76
2012-05-30,0.24,24.85,83.24,16.38,2.05,0.76
2012-05-31,1.13,24.79,83.81,17.63,2.14,0.75
2012-06-01,0.0,24.61,81.39,18.93,2.49,0.75
2012-06-02,0.0,24.47,80.76,20.28,2.29,0.74
2012-06-03,0.01,24.18,82.51,19.22,2.07,0.74
2012-06-04,0.0,24.68,79.01,18.55,1.61,0.74
2012-06-05,0.0,25.07,79.58,18.1,1.54,0.73
2012-06-06,0.05,25.71,80.56,17.22,1.23,0.73
2012-06-07,0.02,26.13,81.52,18.63,1.33,0.73
2012-06-08,0.1,26.18,83.33,18.14,1.66,0.72
2012-06-09,0.38,26.03,84.34,17.45,1.29,0.72
2012-06-10,1.68,26.02,83.73,16.37,0.96,0.72
2012-06-11,0.57,25.71,82.36,19.2,1.21,0.72
2012-06-12,0.11,25.15,83.23,17.44,1.7,0.72
2012-06-13,0.0,24.75,80.18,20.4,1.86,0.71
2012-06-14,0.1,24.33,83.51,18.87,1.85,0.71
2012-06-15,0.0,24.04,82.18,18.7,2.14,0.71
2012-06-16,0.0,24.2,82.23,19.75,2.2,0.7
2012-06-17,0.01,24.81,81.63,19.77,2.12,0.7
2012-06-18,0.15,24.72,82.3,19.82,1.99,0.7
2012-06-19,0.26,24.67,84.1,15.46,2.01,0.7
2012-06-20,0.75,24.67,85.96,13.45,1.76,0.69
2012-06-21,0.78,24.66,85.43,12.24,2.28,0.69
2012-06-22,0.37,24.14,81.87,19.12,2.24,0.69
2012-06-23,0.0,24.0,78.54,19.74,2.28,0.69
2012-06-24,0.0,24.19,76.49,20.35,2.11,0.68
2012-06-25,0.0,24.11,79.28,19.02,2.04,0.68
2012-06-26,0.0,23.92,81.24,19.06,2.08,0.68
2012-06-27,0.0,24.05,81.92,17.78,2.15,0.67
2012-06-28,0.0,24.26,81.69,16.88,2.16,0.67
2012-06-29,0.0,23.99,81.49,18.89,2.16,0.67
2012-06-30,0.0,23.64,80.83,17.98,2.08,0.67
2012-07-01,0.0,23.25,81.0,18.49,2.34,0.67
2012-07-02,0.0,24.0,81.98,19.5,2.22,0.66
2012-07-03,0.01,23.77,81.0,17.94,2.5,0.66
2012-07-04,0.01,23.4,79.25,19.58,2.42,0.66
2012-07-05,0.01,23.7,81.48,19.55,2.05,0.65
2012-07-06,0.11,24.08,81.89,16.96,2.45,0.65
2012-07-07,0.08,23.57,78.26,12.92,2.32,0.65
2012-07-08,0.01,23.6,81.73,14.17,2.47,0.65
2012-07-09,0.0,24.02,79.78,18.26,2.06,0.64
2012-07-10,0.0,24.18,82.73,17.68,1.88,0.64
2012-07-11,0.0,24.58,84.69,18.61,1.9,0.64
2012-07-12,0.05,24.24,84.29,15.83,2.25,0.64
2012-07-13,0.24,24.26,84.59,15.07,2.3,0.64
2012-07-14,1.5,24.13,86.31,15.8,2.65,0.64
2012-07-15,0.01,23.93,82.47,18.44,2.6,0.64
2012-07-16,0.0,24.07,81.16,20.09,2.22,0.63
2012-07-17,3.97,24.1,86.46,14.27,2.38,0.63
2012-07-18,4.74,24.1,87.66,13.52,2.52,0.64
2012-07-19,0.65,24.59,83.86,15.62,2.13,0.64
2012-07-20,0.13,24.32,81.35,19.45,2.19,0.64
2012-07-21,0.0,23.3,81.37,21.33,2.01,0.63
2012-07-22,0.0,23.55,80.0,20.15,2.02,0.63
2012-07-23,0.02,23.43,79.44,17.0,2.33,0.63
2012-07-24,0.0,23.53,79.33,19.99,2.12,0.62
2012-07-25,0.0,23.71,79.1,18.9,2.28,0.62
2012-07-26,0.0,23.75,77.47,20.41,2.24,0.62
2012-07-27,0.0,23.66,79.86,20.49,2.32,0.61
2012-07-28,0.18,24.15,80.14,20.6,2.17,0.61
2012-07-29,0.71,24.21,81.8,19.58,2.38,0.61
2012-07-30,0.05,24.37,78.25,19.65,2.41,0.61
2012-07-31,0.0,23.89,73.46,21.01,2.43,0.6
2012-08-01,0.0,23.61,77.48,19.83,2.2,0.6
2012-08-02,0.06,23.99,80.89,18.74,2.2,0.6
2012-08-03,0.01,24.15,79.24,18.8,2.49,0.6
2012-08-04,0.03,24.38,79.49,19.77,2.21,0.6
2012-08-05,0.0,24.65,78.07,20.78,2.15,0.59
2012-08-06,0.0,24.26,78.74,21.48,1.97,0.59
2012-08-07,0.0,24.26,77.78,21.41,2.18,0.59
2012-08-08,0.01,24.06,77.61,19.83,2.2,0.58
2012-08-09,0.0,24.25,77.09,20.74,1.98,0.58
2012-08-10,0.0,24.27,79.42,20.95,2.23,0.58
2012-08-11,0.01,24.56,79.27,20.4,2.04,0.58
2012-08-12,0.0,24.39,77.74,20.65,2.18,0.57
2012-08-13,0.02,23.64,77.12,20.63,2.48,0.57
2012-08-14,0.01,23.57,73.56,20.91,2.03,0.57
2012-08-15,0.0,23.7,75.37,20.34,2.09,0.57
2012-08-16,0.0,24.15,76.54,21.41,1.92,0.56
2012-08-17,0.0,24.25,80.37,20.98,2.26,0.56
2012-08-18,0.0,24.18,78.62,21.59,2.2,0.56
2012-08-19,0.0,24.61,72.79,23.38,1.85,0.56
2012-08-20,0.0,24.28,74.5,23.5,2.12,0.56
2012-08-21,0.0,24.39,75.58,21.89,1.5,0.55
2012-08-22,0.0,24.46,76.76,21.83,2.33,0.55
2012-08-23,0.0,24.34,74.28,22.02,2.17,0.55
2012-08-24,0.0,24.64,76.38,21.33,2.28,0.55
2012-08-25,0.0,24.95,78.31,19.76,2.4,0.55
2012-08-26,0.01,24.75,81.4,18.58,2.22,0.54
2012-08-27,0.2,25.31,81.3,19.72,2.13,0.54
2012-08-28,0.0,25.08,80.34,20.94,2.07,0.54
2012-08-29,0.0,25.45,78.64,21.77,2.1,0.54
2012-08-30,0.0,25.28,73.6,23.94,2.16,0.54
2012-08-31,0.0,24.65,75.74,23.83,2.28,0.54
2012-09-01,0.0,24.66,73.62,24.95,1.88,0.53
2012-09-02,0.0,24.81,74.76,23.54,1.68,0.53
2012-09-03,0.0,25.33,73.7,23.61,1.16,0.53
2012-09-04,0.01,25.42,76.65,21.96,2.08,0.53
2012-09-05,0.06,25.75,75.79,22.34,1.97,0.53
2012-09-06,0.0,25.88,74.61,21.32,1.82,0.52
2012-09-07,0.0,25.87,74.62,21.75,1.73,0.52
2012-09-08,0.05,25.81,73.99,22.67,1.67,0.52
2012-09-09,0.01,25.91,75.8,22.55,1.71,0.52
2012-09-10,0.0,25.85,76.18,24.36,1.96,0.52
2012-09-11,0.0,25.58,75.98,24.59,2.31,0.52
2012-09-12,0.0,25.52,73.96,24.33,2.36,0.51
2012-09-13,0.0,25.56,77.01,22.11,2.35,0.51
2012-09-14,0.0,26.21,73.33,24.31,1.94,0.51
2012-09-15,0.0,26.04,73.35,24.86,1.89,0.51
2012-09-16,0.01,26.42,74.94,24.43,1.53,0.51
2012-09-17,0.73,26.64,73.34,23.58,1.38,0.51
2012-09-18,5.8,26.35,79.56,22.5,1.62,0.51
2012-09-19,6.02,26.52,78.63,23.17,1.55,0.52
2012-09-20,0.0,26.46,78.18,23.88,1.97,0.52
2012-09-21,0.17,26.56,75.6,23.58,2.04,0.52
2012-09-22,0.02,26.07,74.02,25.15,2.32,0.52
2012-09-23,0.0,25.87,72.69,24.09,2.12,0.51
2012-09-24,0.01,25.58,74.16,24.44,2.28,0.51
2012-09-25,0.0,25.67,75.01,22.44,2.27,0.51
2012-09-26,0.16,26.06,74.6,21.54,2.0,0.51
2012-09-27,3.08,26.04,77.83,21.83,2.18,0.51
2012-09-28,0.12,25.91,77.69,20.16,2.31,0.51
2012-09-29,0.0,26.21,76.69,21.7,2.25,0.51
2012-09-30,0.0,26.41,75.66,23.18,1.92,0.5
2012-10-01,0.0,26.46,76.78,22.06,1.86,0.5
2012-10-02,0.14,26.66,79.24,22.28,1.79,0.5
2012-10-03,2.33,26.35,78.92,22.3,2.16,0.5
2012-10-04,1.69,26.44,74.94,23.94,1.97,0.5
2012-10-05,0.02,26.63,74.04,22.41,1.99,0.5
2012-10-06,0.16,26.92,76.8,21.08,1.42,0.5
2012-10-07,0.4,27.0,77.2,23.8,1.94,0.5
2012-10-08,0.1,26.96,75.77,24.12,1.97,0.5
2012-10-09,0.0,27.17,72.37,25.81,1.9,0.49
2012-10-10,0.0,26.54,73.77,25.38,2.33,0.49
2012-10-11,0.0,27.2,69.21,23.36,1.3,0.49
2012-10-12,0.04,27.53,73.58,22.91,1.29,0.49
2012-10-13,0.04,28.34,73.49,24.54,1.11,0.49
2012-10-14,0.29,28.4,74.28,23.61,1.62,0.49
2012-10-15,0.19,28.29,74.46,23.01,1.43,0.48
2012-10-16,0.15,27.83,76.01,23.64,1.59,0.48
2012-10-17,0.02,28.0,73.68,24.41,1.62,0.48
2012-10-18,0.24,28.0,74.73,22.12,1.46,0.48
2012-10-19,0.16,27.96,74.53,23.2,1.63,0.48
2012-10-20,0.29,28.22,71.28,24.38,1.77,0.48
2012-10-21,0.0,28.11,65.53,26.5,1.91,0.48
2012-10-22,0.0,27.65,65.24,26.58,2.04,0.48
2012-10-23,0.01,27.76,67.86,25.41,1.92,0.48
2012-10-24,0.86,27.47,73.22,25.16,2.0,0.48
2012-10-25,0.81,27.56,72.84,23.14,1.39,0.48
2012-10-26,0.5,27.92,72.32,24.32,1.26,0.48
2012-10-27,0.41,28.65,70.13,24.91,0.89,0.48
2012-10-28,0.55,28.65,71.33,24.26,0.91,0.48
2012-10-29,0.71,28.53,72.86,20.83,0.91,0.48
2012-10-30,0.18,28.89,71.59,24.73,1.23,0.48
2012-10-31,0.07,29.2,72.05,23.9,1.55,0.48
2012-11-01,0.31,28.84,74.2,22.73,1.54,0.47
2012-11-02,0.53,28.66,74.72,21.9,1.47,0.47
2012-11-03,0.15,28.46,74.86,23.99,0.85,0.47
2012-11-04,0.25,27.97,77.04,20.8,1.6,0.47
2012-11-05,9.01,27.71,78.24,21.29,2.12,0.48
2012-11-06,4.8,27.55,77.62,21.99,2.33,0.5
2012-11-07,1.27,27.59,76.09,21.41,2.09,0.5
2012-11-08,0.6,28.1,75.24,21.42,1.77,0.49
2012-11-09,2.07,28.84,74.58,24.8,1.72,0.49
2012-11-10,0.1,29.0,72.13,24.93,1.67,0.49
2012-11-11,0.11,28.41,73.08,24.04,1.86,0.49
2012-11-12,16.73,27.97,76.09,22.69,2.0,0.49
2012-11-13,5.65,28.09,79.09,22.05,1.79,0.52
2012-11-14,1.1,28.51,76.76,24.47,1.52,0.52
2012-11-15,1.84,28.31,78.81,24.08,1.32,0.51
2012-11-16,3.36,28.02,80.19,22.83,0.73,0.52
2012-11-17,3.04,27.8,78.81,24.08,0.48,0.52
2012-11-18,17.33,27.83,78.67,21.61,1.09,0.53
2012-11-19,9.09,26.77,84.6,20.44,1.77,0.56
2012-11-20,12.43,27.38,79.39,20.2,1.69,0.57
2012-11-21,2.85,26.86,81.19,15.25,1.86,0.56
2012-11-22,10.27,26.48,84.42,17.85,1.17,0.57
2012-11-23,1.69,27.77,76.52,21.37,0.71,0.57
2012-11-24,1.4,27.77,78.27,22.2,0.94,0.56
2012-11-25,2.5,28.45,74.29,20.19,1.08,0.55
2012-11-26,4.99,28.08,76.28,21.27,0.99,0.55
2012-11-27,7.81,27.93,77.25,23.09,0.82,0.56
2012-11-28,13.51,27.86,78.59,20.22,0.61,0.57
2012-11-29,3.88,27.99,78.66,24.07,1.06,0.58
2012-11-30,1.6,28.49,74.89,23.18,0.98,0.57
2012-12-01,6.53,28.21,78.94,19.63,1.38,0.56
2012-12-02,41.02,27.22,86.06,16.32,1.32,0.6
2012-12-03,19.31,27.28,80.47,16.59,1.47,0.65
2012-12-04,1.97,27.64,78.11,20.61,0.95,0.64
2012-12-05,1.34,27.3,80.63,19.65,0.91,0.62
2012-12-06,0.97,27.68,77.81,22.04,0.78,0.6
2012-12-07,1.29,28.13,76.22,23.14,0.76,0.59
2012-12-08,2.06,28.46,77.76,21.66,0.82,0.58
2012-12-09,2.72,27.48,81.76,18.46,1.44,0.58
2012-12-10,10.62,27.32,74.88,20.25,1.47,0.58
2012-12-11,14.32,26.24,79.65,16.51,1.25,0.6
2012-12-12,7.06,27.72,73.28,16.41,1.05,0.61
2012-12-13,10.43,27.39,79.19,22.77,1.21,0.6
2012-12-14,6.4,26.22,83.64,12.09,1.65,0.61
2012-12-15,1.98,27.12,78.84,15.79,1.15,0.61
2012-12-16,2.88,26.87,82.89,20.81,1.46,0.6
2012-12-17,8.34,27.18,82.25,19.26,1.41,0.6
2012-12-18,5.08,26.82,82.93,19.63,1.16,0.6
2012-12-19,2.36,26.6,83.27,21.41,1.16,0.6
2012-12-20,9.76,26.4,84.79,18.89,1.26,0.6
2012-12-21,22.74,26.32,88.29,16.81,1.55,0.63
2012-12-22,8.57,26.1,89.1,18.67,1.45,0.65
2012-12-23,4.1,26.83,85.14,20.53,1.38,0.64
2012-12-24,5.07,26.93,85.8,12.96,1.5,0.63
2012-12-25,12.67,26.22,90.33,21.63,1.13,0.63
2012-12-26,13.9,26.76,83.37,19.61,1.5,0.65
2012-12-27,7.94,26.19,88.67,17.03,1.63,0.65
2012-12-28,3.4,26.8,83.72,16.87,1.72,0.65
2012-12-29,2.75,27.17,84.66,22.84,1.41,0.64
2012-12-30,4.14,26.87,87.43,21.69,1.45,0.63
2012-12-31,11.74,26.4,86.76,18.15,1.18,0.64
2013-01-01,17.0,26.22,86.54,14.93,1.32,0.65
2013-01-02,33.43,25.87,89.14,8.95,1.18,0.69
2013-01-03,29.08,25.92,87.17,9.81,1.43,0.74
2013-01-04,16.06,26.69,87.0,18.59,1.47,0.73
2013-01-05,28.78,26.08,89.73,15.23,1.63,0.75
2013-01-06,13.25,26.54,90.09,15.39,1.73,0.76
2013-01-07,33.72,25.89,90.44,16.77,1.4,0.76
2013-01-08,15.8,26.08,88.17,12.22,3.07,0.78
2013-01-09,2.61,26.62,84.99,14.29,3.76,0.75
2013-01-10,7.24,26.98,83.5,18.9,3.4,0.72
2013-01-11,3.81,26.71,86.74,19.7,2.5,0.71
2013-01-12,7.33,26.81,87.6,16.18,1.99,0.7
2013-01-13,13.51,26.55,87.05,20.85,1.26,0.72
2013-01-14,30.56,26.1,90.05,17.32,1.58,0.74
2013-01-15,15.96,25.75,85.64,14.84,1.74,0.76
2013-01-16,6.99,25.37,87.53,16.73,1.4,0.75
2013-01-17,1.57,26.43,83.26,18.78,1.53,0.73
2013-01-18,13.01,26.08,87.02,20.5,1.34,0.72
2013-01-19,11.24,25.78,88.94,16.03,1.39,0.74
2013-01-20,18.32,25.85,89.75,18.95,1.96,0.75
2013-01-21,13.88,26.15,88.15,19.67,1.9,0.76
2013-01-22,4.47,26.14,90.24,20.36,1.55,0.75
2013-01-23,15.1,26.2,87.33,21.05,1.68,0.75
2013-01-24,11.94,25.54,89.28,18.66,1.42,0.76
2013-01-25,3.89,25.17,90.27,19.8,1.57,0.75
2013-01-26,19.13,26.06,82.74,20.64,1.57,0.75
2013-01-27,5.65,26.64,83.44,22.35,1.5,0.76
2013-01-28,6.18,26.56,85.2,23.35,1.22,0.75
2013-01-29,14.56,26.1,87.87,23.52,1.4,0.75
2013-01-30,19.87,26.11,88.99,21.46,1.31,0.77
2013-01-31,12.44,26.24,83.08,18.29,1.22,0.78
2013-02-01,6.58,26.79,81.63,13.38,1.07,0.77
2013-02-02,2.86,26.38,85.0,22.56,0.92,0.77
2013-02-03,16.76,26.5,84.08,18.0,0.94,0.77
2013-02-04,16.8,27.5,80.12,22.15,0.74,0.79
2013-02-05,5.07,27.46,83.1,24.53,1.13,0.78
2013-02-06,0.04,27.68,80.8,23.18,0.92,0.77
2013-02-07,0.17,27.63,79.78,24.51,0.71,0.76
2013-02-08,0.38,27.95,77.64,23.65,0.79,0.76
2013-02-09,0.52,27.61,77.77,24.48,1.34,0.75
2013-02-10,0.61,27.22,77.75,22.5,1.09,0.74
2013-02-11,0.36,26.98,80.57,24.52,1.08,0.74
2013-02-12,7.67,27.35,77.12,23.22,0.9,0.74
2013-02-13,10.6,26.76,80.81,20.52,0.79,0.75
2013-02-14,5.15,26.81,82.22,22.68,1.18,0.76
2013-02-15,3.73,26.86,82.05,21.86,0.7,0.75
2013-02-16,10.42,26.2,91.26,9.09,2.23,0.75
2013-02-17,9.61,26.1,85.77,19.15,1.76,0.76
2013-02-18,8.8,25.72,88.0,17.29,1.04,0.77
2013-02-19,7.73,26.47,85.11,14.42,1.65,0.77
2013-02-20,23.34,26.28,91.04,14.46,1.79,0.78
2013-02-21,16.87,25.44,87.19,11.15,2.49,0.8
2013-02-22,15.15,25.99,86.63,19.73,1.81,0.8
2013-02-23,11.99,26.3,88.85,16.86,1.94,0.81
2013-02-24,11.93,26.32,90.66,18.99,2.17,0.8
2013-02-25,12.1,26.37,88.69,15.45,1.57,0.81
2013-02-26,18.04,26.39,91.04,15.69,1.93,0.82
2013-02-27,39.92,26.37,91.33,15.96,2.18,0.84
2013-02-28,35.01,26.64,88.75,20.32,2.14,0.87
2013-03-01,9.49,26.62,90.63,11.73,1.32,0.86
2013-03-02,3.43,26.48,90.49,21.35,1.72,0.86
2013-03-03,3.35,26.43,87.49,16.77,1.98,0.85
2013-03-04,2.95,26.67,88.61,20.91,1.81,0.84
2013-03-05,15.17,26.02,89.65,14.4,1.76,0.85
2013-03-06,13.1,25.97,85.16,17.47,1.95,0.86
2013-03-07,6.97,25.79,87.79,17.92,1.37,0.86
2013-03-08,11.94,26.53,86.94,19.85,1.13,0.86
2013-03-09,3.4,26.57,83.18,21.42,1.33,0.85
2013-03-10,2.48,26.34,84.4,22.87,1.54,0.85
2013-03-11,0.4,26.53,81.0,21.72,1.17,0.84
2013-03-12,2.64,26.67,82.83,21.49,1.08,0.84
2013-03-13,1.92,26.72,82.88,24.36,1.59,0.84
2013-03-14,4.8,26.48,82.39,19.53,1.06,0.83
2013-03-15,21.11,25.95,85.48,18.02,1.36,0.84
2013-03-16,5.63,25.92,84.75,19.62,1.46,0.85
2013-03-17,3.31,26.41,83.12,22.08,1.09,0.84
2013-03-18,1.64,27.34,78.64,22.5,1.05,0.84
2013-03-19,5.07,27.73,78.03,25.14,0.96,0.83
2013-03-20,4.04,27.53,78.85,23.32,1.26,0.83
2013-03-21,0.29,27.31,78.35,24.7,1.15,0.82
2013-03-22,0.15,27.29,78.81,23.72,1.38,0.82
2013-03-23,0.27,27.5,77.72,24.46,1.43,0.81
2013-03-24,0.78,27.67,77.63,20.75,1.01,0.8
2013-03-25,15.82,28.06,75.73,23.52,0.8,0.81
2013-03-26,1.73,27.88,77.2,22.49,1.06,0.81
2013-03-27,0.21,27.7,77.87,23.21,1.38,0.8
2013-03-28,1.43,27.46,78.31,20.78,1.13,0.79
2013-03-29,2.66,27.6,79.66,20.55,1.15,0.79
2013-03-30,0.83,27.59,80.8,19.73,0.95,0.79
2013-03-31,1.1,27.49,81.23,19.22,1.06,0.78
2013-04-01,0.55,27.65,79.55,22.22,0.89,0.78
2013-04-02,0.82,28.03,77.98,20.74,0.52,0.78
2013-04-03,3.73,28.13,79.52,18.1,0.91,0.77
2013-04-04,9.37,27.86,80.9,18.93,0.99,0.78
2013-04-05,4.45,26.68,88.89,18.98,0.82,0.79
2013-04-06,2.0,27.7,80.93,20.72,1.13,0.79
2013-04-07,9.98,27.13,85.37,20.38,1.37,0.79
2013-04-08,24.76,26.57,83.3,8.13,1.13,0.8
2013-04-09,13.78,26.9,79.45,15.27,0.6,0.82
2013-04-10,1.97,27.1,79.25,17.34,0.56,0.81
2013-04-11,5.89,25.89,89.94,12.52,0.58,0.81
2013-04-12,1.46,26.7,85.67,15.69,1.26,0.81
2013-04-13,2.52,27.0,86.7,17.18,1.87,0.8
2013-04-14,4.09,27.43,84.55,20.01,1.01,0.8
2013-04-15,2.57,26.83,89.87,19.82,0.97,0.8
2013-04-16,1.43,27.44,82.05,20.1,1.01,0.79
2013-04-17,2.84,27.11,82.48,17.41,1.03,0.79
2013-04-18,9.21,27.17,82.32,16.3,0.68,0.79
2013-04-19,3.99,25.97,89.87,12.36,1.17,0.8
2013-04-20,0.32,26.94,81.31,19.35,1.41,0.79
2013-04-21,0.21,27.28,81.45,22.13,1.0,0.79
2013-04-22,5.89,27.23,84.63,17.47,0.95,0.79
2013-04-23,12.02,26.5,87.82,19.91,1.39,0.8
2013-04-24,0.08,27.41,76.95,22.57,1.28,0.79
2013-04-25,0.02,26.84,78.41,22.0,1.59,0.79
2013-04-26,0.02,26.76,77.66,20.73,1.18,0.78
2013-04-27,0.09,26.97,78.11,20.91,1.46,0.77
2013-04-28,0.06,26.99,77.23,21.87,1.55,0.77
2013-04-29,0.16,27.05,78.6,20.97,1.63,0.76
2013-04-30,0.28,26.66,79.7,21.33,1.95,0.76
2013-05-01,0.81,26.36,80.52,20.77,1.99,0.75
2013-05-02,0.03,26.66,76.41,21.54,1.67,0.75
2013-05-03,0.01,26.72,79.74,19.66,1.57,0.74
2013-05-04,0.0,26.78,81.21,21.71,1.53,0.74
2013-05-05,0.43,27.68,82.19,20.2,1.39,0.74
2013-05-06,0.95,27.36,85.94,19.86,1.57,0.74
2013-05-07,0.29,27.43,83.38,20.68,1.63,0.74
2013-05-08,1.81,26.93,84.96,17.58,1.56,0.73
2013-05-09,1.38,26.8,84.1,17.6,1.62,0.73
2013-05-10,0.04,26.72,80.75,20.06,1.83,0.73
2013-05-11,0.0,26.77,79.75,19.9,1.36,0.72
2013-05-12,1.81,27.34,81.78,17.34,0.94,0.72
2013-05-13,2.13,27.17,84.13,18.01,0.98,0.72
2013-05-14,3.58,27.04,83.45,17.69,1.08,0.72
2013-05-15,4.28,27.0,84.19,13.48,1.07,0.73
2013-05-16,0.92,27.21,82.02,18.64,1.05,0.73
2013-05-17,6.03,27.34,83.04,16.77,0.75,0.73
2013-05-18,14.14,26.9,87.62,16.83,0.81,0.74
2013-05-19,10.35,26.64,87.81,18.63,1.39,0.76
2013-05-20,2.67,27.3,79.81,17.35,0.69,0.75
2013-05-21,26.69,26.82,85.85,17.51,0.71,0.77
2013-05-22,4.07,27.35,82.27,18.8,0.77,0.77
2013-05-23,11.31,26.56,86.8,17.43,1.07,0.77
2013-05-24,2.73,26.64,82.11,15.79,0.93,0.77
2013-05-25,2.48,26.62,85.21,17.37,1.01,0.76
2013-05-26,6.6,26.18,85.23,9.71,0.96,0.76
2013-05-27,7.12,25.51,87.21,10.79,1.36,0.76
2013-05-28,19.99,25.83,83.58,12.54,1.01,0.77
2013-05-29,3.83,25.97,84.52,14.97,1.16,0.78
2013-05-30,1.2,26.31,79.91,17.25,1.27,0.77
2013-05-31,3.51,26.14,85.14,13.58,1.46,0.77
2013-06-01,16.86,25.86,86.53,16.46,1.65,0.78
2013-06-02,6.45,26.54,84.41,12.95,1.63,0.79
2013-06-03,1.14,26.72,84.88,18.41,1.15,0.78
2013-06-04,0.49,26.58,86.72,15.4,0.66,0.77
2013-06-05,1.99,26.89,85.92,15.67,1.32,0.77
2013-06-06,5.19,26.85,85.77,15.06,0.97,0.77
2013-06-07,2.51,26.42,87.1,15.28,1.53,0.77
2013-06-08,1.29,26.7,83.81,14.9,0.83,0.77
2013-06-09,10.25,26.4,85.8,12.45,0.98,0.77
2013-06-10,4.23,26.31,86.2,17.58,1.35,0.78
2013-06-11,2.42,26.31,86.97,16.68,1.38,0.78
2013-06-12,2.0,26.4,85.51,15.9,1.51,0.77
2013-06-13,1.45,26.22,84.41,13.84,1.55,0.77
2013-06-14,2.91,26.32,82.33,13.3,1.47,0.77
2013-06-15,3.01,26.2,84.18,14.69,1.55,0.77
2013-06-16,0.71,26.53,83.57,18.37,1.42,0.76
2013-06-17,2.97,26.63,82.81,14.96,1.27,0.76
2013-06-18,14.16,25.71,91.8,11.75,1.16,0.77
2013-06-19,4.71,26.45,86.29,12.78,1.37,0.78
2013-06-20,3.82,25.75,91.44,17.57,2.07,0.78
2013-06-21,2.17,26.31,76.94,17.03,1.05,0.78
2013-06-22,6.25,26.02,85.58,16.37,1.12,0.77
2013-06-23,3.37,26.44,84.51,18.58,1.71,0.78
2013-06-24,5.14,26.95,80.7,17.99,1.13,0.77
2013-06-25,3.31,26.83,81.04,16.82,1.1,0.77
2013-06-26,1.1,26.74,78.36,18.7,1.24,0.77
2013-06-27,5.23,26.05,84.77,16.46,1.24,0.77
2013-06-28,13.3,25.94,84.61,17.49,0.95,0.78
2013-06-29,2.84,25.69,87.74,18.37,1.41,0.78
2013-06-30,2.55,26.23,84.97,17.45,1.53,0.78
2013-07-01,3.43,25.6,86.38,14.01,1.82,0.77
2013-07-02,1.77,26.09,84.49,15.18,1.71,0.77
2013-07-03,0.63,26.04,82.33,18.35,2.02,0.77
2013-07-04,0.01,25.36,79.34,19.46,2.15,0.76
2013-07-05,0.03,24.95,78.34,17.97,2.37,0.75
2013-07-06,0.56,25.19,80.88,19.01,2.16,0.75
2013-07-07,0.36,25.25,84.02,14.41,2.2,0.74
2013-07-08,1.66,25.57,84.69,16.79,1.97,0.74
2013-07-09,2.02,25.94,86.75,17.56,2.01,0.74
2013-07-10,4.59,25.48,89.72,17.37,1.48,0.74
2013-07-11,3.12,25.62,87.77,14.52,1.72,0.75
2013-07-12,0.38,25.6,82.78,18.59,2.11,0.75
2013-07-13,0.45,25.72,83.73,19.68,1.93,0.74
2013-07-14,5.99,25.29,89.86,17.77,1.88,0.74
2013-07-15,0.47,25.42,83.88,17.55,2.45,0.74
2013-07-16,0.4,25.13,83.4,16.24,2.18,0.73
2013-07-17,0.11,24.69,79.72,19.14,2.32,0.73
2013-07-18,0.07,24.36,79.2,19.02,2.57,0.72
2013-07-19,0.02,24.45,76.96,18.52,2.39,0.72
2013-07-20,0.23,24.53,81.91,14.82,2.31,0.71
2013-07-21,0.3,24.64,82.67,11.6,2.24,0.71
2013-07-22,0.43,25.06,83.84,16.9,2.12,0.71
2013-07-23,0.13,25.69,83.83,18.49,1.97,0.71
2013-07-24,0.77,25.6,83.02,17.22,2.24,0.71
2013-07-25,0.0,25.15,81.28,18.94,2.03,0.7
2013-07-26,0.09,24.92,82.68,19.83,2.08,0.7
2013-07-27,0.07,24.56,80.59,19.35,2.39,0.7
2013-07-28,0.01,24.12,76.77,18.47,2.36,0.69
2013-07-29,0.0,23.81,75.76,20.06,2.48,0.69
2013-07-30,0.0,24.35,76.7,19.88,2.06,0.68
2013-07-31,0.44,24.48,80.47,19.31,2.2,0.68
2013-08-01,1.25,24.68,80.16,18.66,2.35,0.68
2013-08-02,0.0,24.45,77.75,21.51,2.37,0.68
2013-08-03,0.01,24.59,76.56,20.89,2.09,0.67
2013-08-04,0.0,25.08,77.87,19.78,1.95,0.67
2013-08-05,0.1,24.92,80.14,18.02,2.2,0.66
2013-08-06,0.01,24.56,79.32,18.51,2.36,0.66
2013-08-07,0.02,24.71,79.08,20.85,2.09,0.66
2013-08-08,0.08,25.06,80.62,19.55,2.17,0.66
2013-08-09,0.07,24.89,78.94,20.45,2.3,0.65
2013-08-10,0.0,24.09,76.62,22.4,2.23,0.65
2013-08-11,0.0,23.59,73.07,22.36,2.36,0.65
2013-08-12,0.0,23.41,71.47,20.05,2.22,0.64
2013-08-13,0.02,24.11,79.62,18.22,1.95,0.64
2013-08-14,0.0,25.27,81.32,17.17,1.91,0.64
2013-08-15,0.43,25.65,81.31,21.77,1.64,0.64
2013-08-16,0.36,25.34,80.86,22.2,2.21,0.64
2013-08-17,0.0,24.87,81.39,22.81,2.19,0.63
2013-08-18,0.0,24.81,79.03,21.93,2.1,0.63
2013-08-19,0.0,24.67,79.62,21.87,1.93,0.63
2013-08-20,0.0,24.89,81.52,21.13,2.36,0.63
2013-08-21,0.0,25.12,78.38,23.54,1.99,0.62
2013-08-22,0.0,25.27,79.93,23.32,2.15,0.62
2013-08-23,0.0,25.19,78.76,22.15,1.86,0.62
2013-08-24,0.0,25.15,78.01,22.46,1.41,0.62
2013-08-25,0.03,25.4,75.84,21.57,1.55,0.61
2013-08-26,0.01,25.6,76.47,22.03,1.91,0.61
2013-08-27,0.01,25.32,77.09,21.76,1.97,0.61
2013-08-28,0.01,25.93,79.24,22.01,1.82,0.61
2013-08-29,0.07,26.12,80.51,19.9,1.78,0.6
2013-08-30,0.1,25.98,80.96,21.15,2.16,0.6
2013-08-31,0.0,25.98,77.95,22.64,1.65,0.6
2013-09-01,0.0,26.02,79.19,22.72,2.08,0.6
2013-09-02,0.0,25.88,77.1,23.87,2.19,0.59
2013-09-03,0.0,25.64,77.05,23.02,2.31,0.59
2013-09-04,0.02,25.7,77.19,23.46,2.28,0.59
2013-09-05,0.03,25.87,76.37,23.28,2.05,0.59
2013-09-06,0.01,26.01,73.69,22.34,1.5,0.58
2013-09-07,0.14,25.96,74.8,22.55,1.96,0.58
2013-09-08,0.01,25.62,75.29,22.84,1.81,0.58
2013-09-09,0.01,25.41,75.02,23.59,1.69,0.58
2013-09-10,0.01,25.71,74.9,22.12,1.47,0.58
2013-09-11,0.05,26.0,77.0,20.47,1.55,0.57
2013-09-12,0.09,26.14,78.81,19.89,2.2,0.57
2013-09-13,0.05,25.88,77.66,23.07,2.52,0.57
2013-09-14,0.01,25.18,78.25,22.54,2.65,0.57
2013-09-15,0.02,25.37,77.99,22.49,2.5,0.57
2013-09-16,0.02,25.56,79.05,21.66,2.56,0.56
2013-09-17,0.1,25.77,78.11,21.65,2.63,0.56
2013-09-18,0.03,25.37,74.72,22.39,2.5,0.56
2013-09-19,0.1,25.51,73.47,24.69,2.17,0.56
2013-09-20,0.0,25.51,74.7,25.08,2.27,0.56
2013-09-21,0.0,25.53,76.1,24.43,2.61,0.55
2013-09-22,0.0,25.93,73.8,24.2,2.17,0.55
2013-09-23,0.0,26.06,75.67,24.19,2.43,0.55
2013-09-24,0.0,26.39,75.71,23.3,2.27,0.55
2013-09-25,0.0,26.27,76.92,22.57,2.27,0.54
2013-09-26,0.0,25.77,74.54,24.4,2.46,0.54
2013-09-27,0.0,25.52,74.17,24.03,2.63,0.54
2013-09-28,0.0,25.8,72.78,25.54,2.07,0.54
2013-09-29,0.0,26.17,72.13,24.59,1.49,0.54
2013-09-30,0.01,26.15,74.21,23.19,2.2,0.53
2013-10-01,1.8,26.23,75.33,22.91,2.29,0.53
2013-10-02,0.5,26.69,75.56,24.29,1.68,0.53
2013-10-03,0.0,26.73,75.27,24.95,1.75,0.53
2013-10-04,0.0,26.88,72.95,25.04,1.57,0.53
2013-10-05,0.01,26.67,75.49,23.95,1.61,0.53
2013-10-06,0.06,26.96,75.07,23.44,1.77,0.53
2013-10-07,0.02,27.0,73.86,25.06,1.64,0.52
2013-10-08,0.07,26.81,73.33,23.95,1.94,0.52
2013-10-09,0.0,26.47,75.4,24.77,2.35,0.52
2013-10-10,0.0,26.74,73.11,23.26,2.21,0.52
2013-10-11,0.0,26.81,72.67,24.7,2.18,0.52
2013-10-12,0.0,26.76,75.56,23.82,2.43,0.51
2013-10-13,0.0,26.61,72.79,26.07,2.56,0.51
2013-10-14,0.0,26.99,73.01,24.84,2.13,0.51
2013-10-15,3.68,27.02,77.41,19.19,1.65,0.51
2013-10-16,1.9,27.7,78.19,23.17,1.24,0.52
2013-10-17,0.74,27.74,78.61,22.32,1.15,0.52
2013-10-18,0.53,28.41,74.65,24.94,1.13,0.52
2013-10-19,0.15,28.67,72.55,24.34,1.02,0.52
2013-10-20,0.35,28.51,72.38,23.69,0.96,0.51
2013-10-21,0.45,28.04,75.31,25.23,1.8,0.51
2013-10-22,0.19,28.05,74.5,22.29,1.45,0.51
2013-10-23,0.1,27.79,74.69,23.4,1.94,0.51
2013-10-24,0.05,27.7,73.1,23.35,2.05,0.51
2013-10-25,0.47,27.44,77.59,22.79,1.93,0.51
2013-10-26,1.15,27.54,77.83,20.41,1.62,0.51
2013-10-27,5.06,27.63,79.82,23.0,1.26,0.51
2013-10-28,0.76,28.04,75.1,22.03,1.19,0.52
2013-10-29,0.55,28.57,69.52,24.42,0.78,0.51
2013-10-30,0.52,27.63,73.65,25.3,1.33,0.51
2013-10-31,0.03,28.02,71.17,24.7,1.68,0.51
2013-11-01,3.46,28.0,73.2,23.54,1.61,0.51
2013-11-02,3.19,28.12,74.3,23.0,1.4,0.51
2013-11-03,0.59,28.63,71.35,23.58,1.2,0.51
2013-11-04,0.34,28.4,74.27,23.47,1.04,0.51
2013-11-05,0.28,28.02,76.82,23.35,1.23,0.51
2013-11-06,5.45,28.49,74.61,23.1,1.35,0.51
2013-11-07,11.94,28.04,77.28,22.91,1.16,0.53
2013-11-08,0.26,28.4,74.29,24.86,1.11,0.53
2013-11-09,0.1,28.51,75.29,22.49,1.23,0.53
2013-11-10,0.13,28.82,73.94,24.13,1.32,0.52
2013-11-11,0.51,28.52,76.12,22.15,1.06,0.52
2013-11-12,1.5,27.7,79.11,21.68,1.51,0.52
2013-11-13,0.98,27.86,74.89,22.36,1.26,0.52
2013-11-14,2.75,27.68,75.61,20.83,1.01,0.52
2013-11-15,12.09,26.55,77.72,13.88,1.05,0.53
2013-11-16,9.25,27.29,76.39,19.69,1.04,0.55
2013-11-17,4.57,27.14,78.33,21.75,1.18,0.56
2013-11-18,6.46,26.33,83.56,14.89,0.91,0.56
2013-11-19,4.58,26.51,83.18,7.86,2.16,0.57
2013-11-20,13.23,26.69,86.3,13.51,2.43,0.57
2013-11-21,4.47,26.5,83.07,18.04,1.63,0.59
2013-11-22,1.76,26.49,80.35,19.62,1.74,0.58
2013-11-23,0.34,26.84,77.83,19.5,1.86,0.57
2013-11-24,0.87,26.63,78.03,22.43,1.8,0.56
2013-11-25,15.9,26.03,81.58,19.96,1.15,0.57
2013-11-26,2.76,25.98,83.56,20.15,1.3,0.58
2013-11-27,12.3,26.22,82.7,11.78,0.85,0.59
2013-11-28,6.32,26.37,80.66,21.5,1.44,0.6
2013-11-29,8.56,26.12,81.37,15.19,2.0,0.6
2013-11-30,0.76,26.32,77.53,20.58,2.07,0.59
2013-12-01,0.93,26.65,78.56,21.46,1.86,0.58
2013-12-02,1.32,26.86,79.3,22.08,2.1,0.57
2013-12-03,0.38,27.35,75.77,21.55,2.06,0.56
2013-12-04,35.48,27.09,80.15,20.04,1.5,0.57
2013-12-05,32.45,26.26,85.75,16.37,1.61,0.66
2013-12-06,10.53,26.82,83.23,21.42,1.01,0.66
2013-12-07,10.55,26.75,87.0,11.92,1.16,0.66
2013-12-08,2.93,27.4,82.96,20.33,0.83,0.65
2013-12-09,5.3,26.27,88.73,17.81,1.53,0.64
2013-12-10,2.32,27.05,82.07,18.91,1.08,0.63
2013-12-11,14.79,27.3,81.65,17.06,1.12,0.62
2013-12-12,23.3,26.65,84.26,17.53,0.95,0.66
2013-12-13,11.57,27.91,77.5,20.86,0.64,0.67
2013-12-14,10.31,27.03,84.05,16.39,0.73,0.67
2013-12-15,14.3,26.12,88.87,15.05,0.57,0.67
2013-12-16,22.37,26.05,86.94,15.14,1.13,0.69
2013-12-17,16.55,26.35,82.34,17.82,0.68,0.71
2013-12-18,2.75,26.75,81.05,14.97,0.56,0.7
2013-12-19,6.89,26.51,85.21,18.99,0.48,0.68
2013-12-20,10.3,26.57,88.77,18.97,1.84,0.68
2013-12-21,14.01,26.09,87.52,12.39,0.85,0.7
2013-12-22,12.93,25.94,84.32,8.34,1.16,0.7
2013-12-23,30.41,25.35,89.01,10.44,1.8,0.72
2013-12-24,28.0,25.75,88.82,9.89,2.14,0.74
2013-12-25,12.3,25.81,89.05,15.8,2.24,0.76
2013-12-26,1.74,26.54,81.35,23.95,2.64,0.73
2013-12-27,0.04,26.79,79.19,21.47,2.28,0.7
2013-12-28,0.38,26.73,78.59,20.29,1.87,0.68
2013-12-29,1.86,26.87,83.28,23.46,1.76,0.67
2013-12-30,10.07,26.84,85.94,19.42,1.65,0.67
2013-12-31,13.36,26.02,87.37,12.15,1.86,0.69
2014-01-01,62.57,25.38,92.01,10.04,1.6,0.74
2014-01-02,20.05,25.42,87.89,14.09,2.11,0.78
2014-01-03,28.71,26.22,84.42,18.65,1.04,0.78
2014-01-04,25.19,25.98,84.47,13.57,1.06,0.8
2014-01-05,12.44,26.14,82.67,17.89,1.25,0.78
2014-01-06,2.6,26.51,82.86,21.91,1.43,0.76
2014-01-07,1.4,26.68,83.19,21.14,1.11,0.74
2014-01-08,2.28,27.22,80.33,20.59,0.79,0.73
2014-01-09,2.5,27.04,82.26,24.0,1.24,0.72
2014-01-10,27.04,26.47,86.83,20.81,1.18,0.74
2014-01-11,10.41,26.29,84.76,18.12,1.12,0.76
2014-01-12,1.76,26.06,86.33,18.1,1.34,0.75
2014-01-13,15.94,26.32,87.05,16.91,1.79,0.75
2014-01-14,10.02,26.02,88.33,12.88,2.43,0.76
2014-01-15,1.86,26.68,83.6,18.77,2.44,0.75
2014-01-16,3.86,26.37,86.46,15.89,2.34,0.74
2014-01-17,2.32,26.56,84.69,20.46,2.51,0.74
2014-01-18,3.12,26.67,85.26,20.87,2.16,0.74
2014-01-19,7.67,25.81,89.99,18.93,2.35,0.74
2014-01-20,47.72,26.02,88.13,16.19,2.07,0.77
2014-01-21,41.89,25.92,89.79,4.09,1.92,0.83
2014-01-22,15.83,25.76,91.19,18.05,1.96,0.82
2014-01-23,25.67,25.41,90.6,11.87,1.7,0.83
2014-01-24,18.13,25.44,88.41,10.93,1.62,0.83
2014-01-25,9.47,25.5,88.63,16.9,1.56,0.83
2014-01-26,5.2,25.79,84.15,22.93,2.0,0.82
2014-01-27,8.63,26.0,85.49,20.88,1.78,0.81
2014-01-28,0.33,26.16,81.73,24.13,1.66,0.81
2014-01-29,1.27,26.32,81.7,24.03,1.58,0.8
2014-01-30,2.63,26.01,88.54,18.14,1.98,0.8
2014-01-31,5.86,26.04,89.44,14.67,2.26,0.8
2014-02-01,4.62,26.33,85.6,16.32,2.22,0.8
2014-02-02,18.99,26.16,87.44,15.85,2.35,0.8
2014-02-03,25.68,26.14,88.89,19.97,2.32,0.83
2014-02-04,4.98,25.36,89.74,16.53,2.19,0.84
2014-02-05,0.69,26.21,85.2,23.93,1.83,0.82
2014-02-06,0.32,26.43,85.95,23.82,1.95,0.81
2014-02-07,2.08,26.38,87.17,21.72,1.87,0.81
2014-02-08,9.01,26.04,93.53,13.78,1.68,0.81
2014-02-09,5.08,26.22,91.75,16.84,1.88,0.82
2014-02-10,2.55,26.04,86.73,17.04,1.7,0.81
2014-02-11,9.98,25.67,89.24,17.2,2.09,0.81
2014-02-12,5.92,25.87,84.6,23.32,1.1,0.82
2014-02-13,7.09,25.91,83.62,20.99,1.3,0.82
2014-02-14,13.68,24.91,87.95,5.92,1.95,0.83
2014-02-15,8.04,25.52,81.25,15.31,1.61,0.83
2014-02-16,2.56,24.98,87.73,20.03,1.24,0.83
2014-02-17,3.76,25.34,84.7,17.07,1.02,0.82
2014-02-18,8.71,25.23,86.85,14.62,1.44,0.83
2014-02-19,8.87,25.49,87.71,18.01,1.56,0.83
2014-02-20,1.4,25.93,80.45,21.94,1.31,0.83
2014-02-21,4.34,26.07,84.35,22.53,1.25,0.82
2014-02-22,5.56,25.73,80.1,16.22,1.21,0.82
2014-02-23,8.13,25.7,80.62,18.67,1.4,0.82
2014-02-24,5.41,25.53,84.34,24.11,1.41,0.83
2014-02-25,0.18,26.24,79.03,23.66,1.3,0.82
2014-02-26,4.16,25.9,83.76,21.33,1.22,0.81
2014-02-27,6.76,26.58,81.26,19.59,1.17,0.81
2014-02-28,7.02,26.36,82.9,22.31,1.28,0.82
2014-03-01,0.58,26.43,76.13,24.17,1.09,0.81
2014-03-02,0.38,26.81,74.95,25.51,1.09,0.8
2014-03-03,0.63,26.57,80.27,22.73,1.14,0.8
2014-03-04,1.43,27.04,78.73,21.67,0.97,0.79
2014-03-05,1.84,26.88,80.67,24.03,1.25,0.79
2014-03-06,0.49,26.78,76.81,25.27,1.29,0.79
2014-03-07,0.05,27.05,77.11,25.95,1.21,0.78
2014-03-08,0.2,27.05,75.5,25.93,1.24,0.78
2014-03-09,2.05,27.05,78.44,21.72,1.09,0.77
2014-03-10,2.09,26.85,82.33,23.24,0.97,0.77
2014-03-11,3.92,26.69,83.98,19.86,1.01,0.77
2014-03-12,10.39,26.68,81.11,16.67,0.8,0.78
2014-03-13,11.48,25.65,87.71,14.57,1.47,0.79
2014-03-14,2.03,27.22,76.53,20.23,0.84,0.79
2014-03-15,0.69,27.2,80.3,22.72,0.76,0.78
2014-03-16,2.42,27.24,81.37,19.77,0.89,0.78
2014-03-17,21.58,27.06,83.85,19.15,0.49,0.79
2014-03-18,12.59,27.13,83.9,20.75,1.41,0.81
2014-03-19,1.93,27.05,81.72,14.19,1.8,0.8
2014-03-20,27.93,25.85,90.4,9.39,1.75,0.82
2014-03-21,2.3,26.35,83.43,19.94,1.25,0.82
2014-03-22,18.52,26.85,79.59,20.67,0.78,0.82
2014-03-23,1.23,27.76,77.83,24.97,0.85,0.82
2014-03-24,0.0,27.86,72.11,26.14,0.93,0.81
2014-03-25,0.0,27.38,75.56,24.36,1.02,0.8
2014-03-26,1.79,27.57,78.44,22.52,1.08,0.79
2014-03-27,4.07,27.57,81.33,21.14,0.89,0.79
2014-03-28,3.14,27.36,79.26,18.57,1.29,0.79
2014-03-29,0.8,27.61,76.66,23.25,0.92,0.79
2014-03-30,0.16,27.73,77.65,21.01,1.12,0.78
2014-03-31,0.01,27.75,78.73,22.47,1.14,0.77
2014-04-01,0.13,27.78,80.23,23.31,1.29,0.77
2014-04-02,0.69,27.28,85.49,22.36,1.21,0.76
2014-04-03,1.38,27.19,84.68,20.67,1.04,0.76
2014-04-04,0.52,27.38,82.06,20.2,1.26,0.76
2014-04-05,0.74,27.2,81.35,18.88,0.91,0.76
2014-04-06,2.67,27.13,81.85,18.41,0.79,0.76
2014-04-07,4.39,26.83,82.96,20.5,1.09,0.76
2014-04-08,3.12,26.91,77.53,22.56,1.39,0.76
2014-04-09,3.76,26.57,81.74,18.74,1.25,0.76
2014-04-10,2.92,26.73,79.28,21.64,1.19,0.76
2014-04-11,4.72,26.9,81.11,21.05,1.45,0.76
2014-04-12,5.82,26.63,83.85,21.09,1.63,0.76
2014-04-13,3.8,26.73,81.51,20.78,1.38,0.76
2014-04-14,1.0,26.82,81.03,17.16,1.37,0.76
2014-04-15,5.05,26.6,80.26,19.17,1.61,0.76
2014-04-16,0.21,26.79,79.08,20.88,1.42,0.75
2014-04-17,7.25,26.56,84.44,18.05,1.21,0.75
2014-04-18,3.8,27.13,81.59,16.06,0.93,0.75
2014-04-19,3.12,27.16,81.8,16.84,0.86,0.75
2014-04-20,0.85,26.98,84.16,19.94,0.93,0.75
2014-04-21,17.94,27.96,78.66,18.83,0.68,0.76
2014-04-22,6.98,27.65,81.34,21.5,0.47,0.77
2014-04-23,1.12,26.83,86.7,20.81,1.25,0.77
2014-04-24,0.31,27.61,77.46,20.72,0.89,0.76
2014-04-25,16.84,27.5,82.06,20.02,0.65,0.76
2014-04-26,4.77,26.79,87.48,20.22,0.53,0.78
2014-04-27,0.95,26.79,86.38,20.21,1.49,0.77
2014-04-28,0.08,26.65,80.96,22.24,2.15,0.76
2014-04-29,0.0,27.17,74.98,20.94,1.17,0.75
2014-04-30,15.54,27.59,79.27,18.78,0.82,0.75
2014-05-01,10.74,27.77,79.07,18.37,1.09,0.77
2014-05-02,1.16,27.65,81.09,19.79,1.28,0.76
2014-05-03,0.93,27.35,82.92,21.43,1.48,0.76
2014-05-04,0.05,27.64,76.27,20.76,1.32,0.75
2014-05-05,0.0,27.87,76.67,21.36,1.49,0.74
2014-05-06,0.02,27.63,80.36,20.89,1.33,0.74
2014-05-07,0.06,27.69,80.27,20.53,1.33,0.73
2014-05-08,0.03,27.77,78.16,21.31,1.29,0.73
2014-05-09,0.0,27.23,80.05,20.13,1.7,0.72
2014-05-10,0.02,27.04,78.07,21.27,1.53,0.72
2014-05-11,1.28,27.25,81.23,20.35,1.52,0.72
2014-05-12,2.83,26.94,85.44,16.85,1.61,0.72
2014-05-13,1.93,27.17,83.79,17.83,1.48,0.72
2014-05-14,0.15,27.25,80.71,20.21,1.52,0.72
2014-05-15,0.52,27.23,78.8,20.34,1.38,0.71
2014-05-16,0.37,27.05,80.52,20.5,1.7,0.71
2014-05-17,0.01,26.58,79.95,20.51,1.82,0.71
2014-05-18,0.03,26.77,82.09,18.21,1.84,0.7
2014-05-19,0.23,26.9,83.71,20.19,1.69,0.7
2014-05-20,0.84,26.96,81.95,17.9,1.2,0.7
2014-05-21,0.62,26.4,84.99,20.3,2.05,0.7
2014-05-22,0.03,26.76,79.21,20.69,1.92,0.69
2014-05-23,0.34,26.54,82.54,19.42,1.89,0.69
2014-05-24,0.48,26.6,83.31,18.59,1.47,0.69
2014-05-25,2.4,26.86,83.85,17.87,1.27,0.69
2014-05-26,0.48,27.07,83.13,19.5,1.66,0.69
2014-05-27,0.31,27.02,82.32,19.08,2.06,0.69
2014-05-28,0.59,27.05,84.97,17.58,1.85,0.68
2014-05-29,0.33,26.4,83.38,18.3,2.18,0.68
2014-05-30,0.0,25.91,76.56,19.86,2.06,0.68
2014-05-31,0.0,26.19,80.59,18.94,1.85,0.67
2014-06-01,0.02,26.67,80.7,18.8,1.53,0.67
2014-06-02,0.25,26.69,84.57,17.06,1.74,0.66
2014-06-03,0.34,26.79,83.57,18.12,1.79,0.66
2014-06-04,0.03,26.91,82.81,18.28,2.06,0.66
2014-06-05,0.01,26.74,81.5,19.49,2.15,0.66
2014-06-06,0.08,26.47,82.42,18.65,2.27,0.65
2014-06-07,0.04,26.67,81.89,19.4,2.12,0.65
2014-06-08,0.0,26.82,80.49,19.48,1.73,0.65
2014-06-09,0.13,27.04,80.55,18.3,1.3,0.64
2014-06-10,0.7,27.02,82.03,17.49,1.52,0.64
2014-06-11,0.31,26.14,85.21,17.39,1.72,0.64
2014-06-12,0.01,25.87,82.23,16.32,2.04,0.64
2014-06-13,0.0,25.39,77.69,17.37,2.41,0.64
2014-06-14,0.0,25.39,77.73,17.18,2.33,0.63
2014-06-15,0.06,25.51,79.14,16.45,2.13,0.63
2014-06-16,0.31,25.9,82.06,16.14,2.05,0.63
2014-06-17,0.16,26.07,81.36,18.43,1.49,0.62
2014-06-18,0.5,26.17,81.55,18.13,1.76,0.62
2014-06-19,0.22,25.85,81.21,18.81,2.08,0.62
2014-06-20,0.02,25.71,81.66,17.96,1.98,0.62
2014-06-21,0.04,26.21,81.94,16.7,1.24,0.62
2014-06-22,1.22,26.13,84.68,8.38,1.36,0.62
2014-06-23,0.71,25.97,84.81,14.07,1.35,0.62
2014-06-24,0.69,26.29,81.9,11.0,1.71,0.62
2014-06-25,0.66,26.14,81.43,16.01,1.81,0.62
2014-06-26,0.02,25.81,79.71,19.38,1.98,0.61
2014-06-27,0.0,25.13,77.56,18.33,2.23,0.61
2014-06-28,0.0,24.83,78.36,18.44,2.22,0.61
2014-06-29,0.0,24.76,76.32,18.93,2.06,0.6
2014-06-30,0.0,25.21,78.22,18.64,1.9,0.6
2014-07-01,0.19,25.77,79.55,16.77,1.95,0.6
2014-07-02,0.22,25.47,80.44,16.46,2.14,0.6
2014-07-03,0.03,25.18,79.66,15.67,2.43,0.59
2014-07-04,0.0,25.46,80.57,17.49,2.31,0.59
2014-07-05,0.05,25.54,80.77,16.17,2.15,0.59
2014-07-06,0.17,25.66,80.7,17.32,1.77,0.59
2014-07-07,4.77,25.55,78.61,18.15,1.82,0.59
2014-07-08,5.08,24.64,82.4,16.74,2.5,0.6
2014-07-09,1.17,24.71,81.48,16.19,2.2,0.6
2014-07-10,0.03,25.47,77.41,19.15,1.44,0.6
2014-07-11,0.21,25.87,78.91,14.95,1.39,0.59
2014-07-12,1.95,26.19,81.84,17.1,1.12,0.59
2014-07-13,8.49,25.36,86.46,9.25,2.05,0.6
2014-07-14,2.64,24.42,83.67,16.3,2.87,0.6
2014-07-15,0.0,23.72,77.37,17.55,2.5,0.6
2014-07-16,0.0,24.05,76.07,17.8,2.0,0.59
2014-07-17,0.01,24.87,83.0,15.26,2.0,0.59
2014-07-18,0.66,25.91,80.36,17.31,0.81,0.59
2014-07-19,0.26,25.97,81.83,18.34,1.4,0.58
2014-07-20,0.18,25.97,81.08,18.54,1.38,0.58
2014-07-21,0.09,25.81,80.99,18.93,1.27,0.58
2014-07-22,0.0,25.77,79.18,18.34,1.66,0.57
2014-07-23,0.02,25.34,77.54,19.13,2.55,0.57
2014-07-24,0.23,25.05,78.35,18.99,2.12,0.57
2014-07-25,0.0,24.89,75.98,19.02,2.26,0.56
2014-07-26,0.0,25.04,75.97,20.15,2.23,0.56
2014-07-27,0.02,25.14,75.73,19.13,2.08,0.56
2014-07-28,0.03,25.32,74.69,17.4,2.08,0.55
2014-07-29,0.07,25.67,75.64,18.89,1.74,0.55
2014-07-30,0.07,26.01,75.28,19.69,1.57,0.55
2014-07-31,0.02,26.02,75.97,20.05,1.83,0.55
2014-08-01,0.04,25.87,77.36,20.33,1.89,0.54
2014-08-02,0.06,26.08,77.88,20.53,1.82,0.54
2014-08-03,0.08,26.35,78.14,19.55,1.6,0.54
2014-08-04,0.38,26.54,78.25,19.61,1.4,0.54
2014-08-05,0.12,26.6,77.53,20.42,1.65,0.54
2014-08-06,0.01,26.21,75.49,19.61,1.49,0.54
2014-08-07,0.03,25.98,75.81,18.29,1.91,0.53
2014-08-08,0.01,25.86,76.92,19.53,2.24,0.53
2014-08-09,0.12,26.07,75.89,20.98,2.13,0.53
2014-08-10,0.13,26.07,73.08,21.75,1.94,0.53
2014-08-11,0.01,25.31,71.76,21.81,2.4,0.53
2014-08-12,0.0,25.27,72.54,20.66,2.2,0.52
2014-08-13,0.02,25.42,72.6,20.84,2.17,0.52
2014-08-14,0.06,25.32,74.81,20.43,2.61,0.52
2014-08-15,0.21,24.94,74.13,19.74,2.73,0.52
2014-08-16,0.08,24.46,71.86,19.64,2.59,0.52
2014-08-17,0.0,24.53,72.84,19.23,2.21,0.52
2014-08-18,0.04,24.87,75.93,18.32,1.92,0.52
2014-08-19,0.57,25.53,76.63,17.29,1.57,0.51
2014-08-20,0.16,25.84,76.95,19.52,1.59,0.51
2014-08-21,0.01,25.87,76.64,18.12,1.92,0.51
2014-08-22,0.01,25.8,75.16,18.14,1.93,0.51
2014-08-23,0.01,25.97,74.18,20.97,1.99,0.51
2014-08-24,0.0,25.43,69.05,22.9,2.4,0.51
2014-08-25,0.0,25.29,67.5,23.86,1.96,0.51
2014-08-26,0.0,25.54,69.15,22.19,1.67,0.5
2014-08-27,0.0,25.74,70.28,23.16,1.8,0.5
2014-08-28,0.08,25.51,71.84,21.19,1.58,0.5
2014-08-29,0.01,25.38,73.56,19.29,2.1,0.5
2014-08-30,0.02,25.28,72.68,22.53,2.08,0.5
2014-08-31,0.0,25.2,69.71,23.2,1.9,0.5
2014-09-01,0.0,25.61,69.4,22.91,1.37,0.5
2014-09-02,0.0,25.7,69.82,24.01,1.44,0.5
2014-09-03,0.0,25.73,66.28,22.44,1.18,0.49
2014-09-04,0.0,25.93,67.55,22.04,1.32,0.49
2014-09-05,0.01,26.3,68.14,23.07,1.06,0.49
2014-09-06,0.0,26.33,71.57,23.58,1.52,0.49
2014-09-07,0.0,26.16,70.75,23.99,1.42,0.49
2014-09-08,0.0,25.68,69.08,23.47,2.15,0.49
2014-09-09,0.0,25.66,69.91,23.61,1.88,0.49
2014-09-10,0.01,25.94,69.77,25.05,2.31,0.49
2014-09-11,0.05,25.86,72.0,24.55,2.41,0.49
2014-09-12,0.0,26.19,72.15,25.1,1.88,0.49
2014-09-13,0.0,26.5,70.12,25.3,1.81,0.48
2014-09-14,0.0,26.41,68.92,24.37,1.49,0.48
2014-09-15,0.03,26.31,70.33,24.63,1.7,0.48
2014-09-16,0.01,26.17,69.46,22.93,1.38,0.48
2014-09-17,0.0,26.83,70.08,23.44,1.15,0.48
2014-09-18,0.0,27.47,69.7,24.78,1.02,0.48
2014-09-19,0.0,27.53,70.45,22.98,1.14,0.48
2014-09-20,0.01,27.29,66.85,25.8,1.41,0.48
2014-09-21,0.02,26.71,68.37,24.34,1.79,0.48
2014-09-22,0.01,26.71,68.68,25.77,2.09,0.48
2014-09-23,0.0,26.81,69.35,24.81,2.19,0.47
2014-09-24,0.0,26.67,65.88,26.34,2.19,0.47
2014-09-25,0.0,26.32,66.32,26.54,1.84,0.47
2014-09-26,0.0,26.64,65.76,25.3,1.48,0.47
2014-09-27,0.0,26.86,72.65,23.35,1.7,0.47
2014-09-28,0.01,27.15,72.21,23.02,1.64,0.47
2014-09-29,0.02,27.12,73.59,25.19,1.93,0.47
2014-09-30,0.06,26.98,70.23,24.37,1.69,0.47
2014-10-01,0.0,26.85,67.87,24.74,1.55,0.47
2014-10-02,0.03,27.1,67.11,24.89,1.36,0.47
2014-10-03,0.29,27.36,68.1,25.56,1.59,0.47
2014-10-04,0.0,27.58,67.18,25.25,1.4,0.47
2014-10-05,0.03,27.54,70.26,25.06,1.32,0.47
2014-10-06,0.8,27.12,70.34,24.9,2.24,0.47
2014-10-07,0.0,26.69,71.56,24.19,2.07,0.46
2014-10-08,0.0,27.0,69.7,24.13,1.76,0.46
2014-10-09,0.02,27.63,67.77,25.55,1.54,0.46
2014-10-10,0.0,27.9,66.45,25.05,1.45,0.46
2014-10-11,0.0,27.72,70.49,25.33,1.7,0.46
2014-10-12,0.01,27.84,68.77,24.38,1.22,0.46
2014-10-13,0.08,27.91,68.82,24.21,1.2,0.46
2014-10-14,0.0,28.21,68.68,23.74,1.21,0.46
2014-10-15,0.02,28.63,68.51,24.15,1.45,0.46
2014-10-16,0.1,28.69,68.54,23.16,1.17,0.46
2014-10-17,0.03,28.73,66.53,24.94,1.23,0.46
2014-10-18,0.04,28.84,65.86,23.05,1.28,0.46
2014-10-19,0.39,28.53,68.25,22.01,1.54,0.46
2014-10-20,0.26,28.7,68.89,23.82,1.56,0.46
2014-10-21,0.04,28.54,69.65,23.69,1.44,0.46
2014-10-22,0.02,28.25,67.64,25.28,1.69,0.46
2014-10-23,0.0,27.66,68.29,25.2,1.86,0.45
2014-10-24,0.0,27.7,70.7,23.81,1.5,0.45
2014-10-25,0.01,28.13,68.66,25.56,1.8,0.45
2014-10-26,0.01,28.28,67.13,26.0,1.51,0.45
2014-10-27,0.04,28.15,67.63,25.71,1.47,0.45
2014-10-28,0.01,27.86,69.54,25.41,1.63,0.45
2014-10-29,0.01,27.74,70.58,25.57,1.69,0.45
2014-10-30,0.0,28.28,66.46,25.69,1.46,0.45
2014-10-31,0.0,28.32,66.67,27.18,1.69,0.45
2014-11-01,0.0,28.45,67.6,26.77,1.61,0.45
2014-11-02,0.01,28.68,67.37,26.48,1.65,0.45
2014-11-03,0.01,28.65,67.78,25.84,1.49,0.45
2014-11-04,0.0,28.78,65.02,24.68,1.3,0.45
2014-11-05,0.0,29.21,66.1,24.32,1.41,0.45
2014-11-06,0.02,29.2,67.02,24.06,1.07,0.45
2014-11-07,0.22,28.73,70.16,20.87,1.38,0.45
2014-11-08,0.18,28.74,70.95,21.09,1.67,0.45
2014-11-09,0.85,28.75,71.03,22.88,1.52,0.45
2014-11-10,0.9,28.37,72.97,22.1,1.41,0.45
2014-11-11,0.2,28.84,70.58,23.1,1.31,0.45
2014-11-12,0.25,28.81,70.86,21.83,1.65,0.45
2014-11-13,5.24,27.96,73.62,23.11,1.35,0.46
2014-11-14,3.43,27.67,75.34,21.98,1.3,0.46
2014-11-15,1.73,27.94,72.3,21.01,0.97,0.46
2014-11-16,1.44,28.32,71.95,20.62,0.59,0.47
2014-11-17,0.74,27.21,81.72,21.7,0.8,0.47
2014-11-18,24.01,28.19,77.84,22.21,1.06,0.49
2014-11-19,14.88,28.33,75.34,23.17,1.16,0.53
2014-11-20,0.17,28.91,70.83,25.13,0.91,0.53
2014-11-21,0.21,29.13,71.09,24.76,0.87,0.51
2014-11-22,0.26,28.79,72.7,23.67,0.85,0.51
2014-11-23,0.75,27.97,78.69,23.57,1.23,0.5
2014-11-24,1.75,27.62,80.37,21.23,1.69,0.5
2014-11-25,3.08,28.31,75.63,23.31,1.72,0.5
2014-11-26,16.95,28.14,79.89,19.55,1.59,0.51
2014-11-27,28.59,27.51,83.4,20.72,1.3,0.56
2014-11-28,19.41,26.94,87.63,20.81,2.01,0.59
2014-11-29,15.82,27.0,87.96,20.63,2.08,0.61
2014-11-30,8.44,27.14,85.58,18.74,1.67,0.61
2014-12-01,9.42,26.32,89.77,14.78,1.81,0.61
2014-12-02,8.13,25.79,90.42,16.89,1.63,0.6
2014-12-03,13.07,25.97,84.86,9.18,0.92,0.62
2014-12-04,3.04,25.9,86.6,21.19,1.32,0.6
2014-12-05,9.97,26.55,85.35,17.21,1.19,0.6
2014-12-06,23.41,25.8,90.4,18.62,1.48,0.62
2014-12-07,13.92,26.32,85.58,19.21,1.5,0.64
2014-12-08,10.78,26.67,84.95,18.37,1.59,0.64
2014-12-09,6.1,26.85,84.66,19.71,1.64,0.64
2014-12-10,3.37,26.33,81.41,11.73,1.65,0.62
2014-12-11,7.81,26.61,77.8,17.61,1.33,0.62
2014-12-12,0.3,27.08,76.78,20.82,1.24,0.6
2014-12-13,0.52,27.42,81.01,22.92,1.57,0.59
2014-12-14,0.51,27.18,83.66,20.68,1.67,0.58
2014-12-15,10.1,27.41,82.23,22.93,1.15,0.58
2014-12-16,11.4,27.34,84.32,21.55,1.0,0.6
2014-12-17,15.16,26.3,90.54,16.87,0.9,0.61
2014-12-18,18.09,26.79,83.9,18.83,0.64,0.63
2014-12-19,16.2,26.63,85.78,17.48,1.11,0.65
2014-12-20,16.97,26.73,84.13,21.44,0.97,0.65
2014-12-21,9.18,27.46,80.68,24.02,0.86,0.66
2014-12-22,12.02,27.7,78.96,20.07,0.66,0.66
2014-12-23,4.0,27.92,79.51,23.88,0.89,0.65
2014-12-24,3.22,27.96,79.52,21.9,0.87,0.63
2014-12-25,5.0,26.66,85.34,19.08,1.55,0.63
2014-12-26,7.7,27.31,82.61,20.7,1.52,0.63
2014-12-27,7.88,27.16,83.19,22.57,1.42,0.63
2014-12-28,17.33,26.65,86.14,15.48,1.6,0.64
2014-12-29,27.83,26.65,85.95,15.61,1.9,0.68
2014-12-30,8.08,26.99,81.31,21.07,1.49,0.68
2014-12-31,6.05,26.41,84.63,11.22,1.64,0.67
2015-01-01,14.2,25.83,87.12,15.92,1.49,0.67
2015-01-02,11.62,25.97,86.3,14.03,1.77,0.67
2015-01-03,14.2,25.68,87.88,15.14,1.96,0.69
2015-01-04,4.15,26.33,83.28,21.03,1.78,0.68
2015-01-05,5.28,26.17,82.35,21.9,1.97,0.67
2015-01-06,1.93,26.4,80.49,21.67,2.15,0.66
2015-01-07,0.95,26.53,80.14,21.38,1.99,0.65
2015-01-08,3.19,26.44,84.71,20.15,2.0,0.64
2015-01-09,3.33,26.56,84.61,20.94,1.85,0.64
2015-01-10,3.62,26.47,87.01,10.33,1.88,0.64
2015-01-11,2.76,26.22,86.8,16.36,1.21,0.64
2015-01-12,6.92,26.06,85.77,15.71,1.28,0.64
2015-01-13,2.05,26.8,80.71,24.58,1.17,0.64
2015-01-14,9.82,26.3,83.64,20.18,1.44,0.64
2015-01-15,11.1,26.12,83.91,20.25,1.88,0.66
2015-01-16,0.23,26.38,77.83,22.93,1.6,0.65
2015-01-17,1.79,26.72,79.2,20.85,1.13,0.64
2015-01-18,6.73,26.15,85.18,19.77,1.17,0.65
2015-01-19,9.27,25.83,86.68,20.96,1.32,0.65
2015-01-20,2.69,25.58,86.33,17.91,1.66,0.66
2015-01-21,1.56,26.1,85.07,22.44,1.16,0.65
2015-01-22,6.6,25.86,88.99,20.69,1.31,0.65
2015-01-23,13.8,25.91,85.76,19.47,1.84,0.67
2015-01-24,5.89,26.73,81.16,23.27,1.43,0.67
2015-01-25,12.13,26.57,87.88,18.63,1.39,0.67
2015-01-26,7.24,26.26,89.28,18.18,1.76,0.68
2015-01-27,4.99,26.16,87.35,19.19,1.52,0.68
2015-01-28,7.7,26.09,86.75,16.77,1.53,0.68
2015-01-29,7.28,26.57,84.5,22.9,1.4,0.68
2015-01-30,10.79,25.58,90.88,15.01,1.13,0.68
2015-01-31,25.59,25.22,90.41,13.49,1.35,0.71
2015-02-01,7.89,26.38,80.48,19.91,0.98,0.72
2015-02-02,3.55,26.4,81.46,25.31,1.6,0.7
2015-02-03,0.81,26.42,78.5,24.69,1.53,0.69
2015-02-04,0.22,26.66,73.34,26.1,1.05,0.67
2015-02-05,0.17,27.0,72.62,25.01,0.89,0.66
2015-02-06,0.52,26.6,75.07,24.04,0.82,0.65
2015-02-07,3.47,26.68,78.42,22.42,0.7,0.65
2015-02-08,5.29,27.07,76.87,21.55,0.86,0.65
2015-02-09,13.29,27.34,78.76,25.19,1.28,0.66
2015-02-10,6.02,27.3,80.44,21.38,0.91,0.67
2015-02-11,4.94,26.35,83.61,19.25,1.31,0.67
2015-02-12,14.13,25.65,85.65,13.21,1.94,0.69
2015-02-13,3.44,26.46,82.29,19.49,1.35,0.68
2015-02-14,15.69,25.65,86.17,11.36,0.97,0.69
2015-02-15,1.14,26.58,77.22,25.14,0.96,0.69
2015-02-16,3.71,27.0,78.2,22.31,0.81,0.68
2015-02-17,4.79,26.7,79.95,21.19,0.89,0.68
2015-02-18,4.25,26.92,79.91,21.78,1.0,0.68
2015-02-19,1.28,26.66,84.13,22.6,1.83,0.67
2015-02-20,12.0,25.85,87.61,18.21,1.95,0.67
2015-02-21,8.68,24.87,88.25,12.41,1.7,0.69
2015-02-22,2.28,26.13,84.07,20.85,1.84,0.69
2015-02-23,6.57,26.04,89.78,13.23,1.74,0.69
2015-02-24,20.99,25.59,87.58,15.1,1.41,0.71
2015-02-25,2.24,26.02,82.56,21.9,1.13,0.71
2015-02-26,1.4,26.12,84.89,17.86,1.41,0.7
2015-02-27,0.81,26.35,79.94,14.46,1.4,0.69
2015-02-28,1.31,26.75,77.32,22.8,1.05,0.68
2015-03-01,2.52,26.2,78.39,19.29,0.84,0.68
2015-03-02,11.58,26.02,78.71,23.8,1.29,0.69
2015-03-03,5.6,26.51,78.34,19.49,1.42,0.69
2015-03-04,8.34,26.34,85.4,21.9,1.68,0.69
2015-03-05,22.04,25.81,89.55,18.95,1.74,0.7
2015-03-06,38.17,25.02,87.32,11.76,1.68,0.74
2015-03-07,21.67,24.61,87.49,9.6,1.55,0.79
2015-03-08,5.0,25.52,84.25,12.47,2.02,0.76
2015-03-09,3.29,26.03,84.37,23.06,2.12,0.74
2015-03-10,14.27,25.42,90.27,12.62,2.04,0.74
2015-03-11,20.7,25.37,90.57,11.53,2.03,0.76
2015-03-12,4.28,25.43,90.73,17.3,1.76,0.75
2015-03-13,3.0,25.83,87.68,16.92,1.29,0.74
2015-03-14,1.07,26.24,86.95,15.82,1.15,0.73
2015-03-15,1.67,26.42,83.71,20.95,1.09,0.72
2015-03-16,3.91,25.96,86.9,21.42,0.95,0.71
2015-03-17,3.14,26.47,80.65,21.42,0.73,0.72
2015-03-18,0.68,27.12,77.12,22.57,1.16,0.71
2015-03-19,4.23,27.24,79.43,21.62,1.11,0.71
2015-03-20,5.84,27.3,81.99,21.49,1.4,0.71
2015-03-21,5.13,27.52,81.06,23.3,0.96,0.71
2015-03-22,19.96,26.31,88.33,20.83,1.36,0.72
2015-03-23,0.56,26.87,78.95,23.61,1.19,0.73
2015-03-24,1.42,27.88,74.07,22.5,0.92,0.72
2015-03-25,0.72,27.81,76.21,21.87,1.12,0.71
2015-03-26,6.66,27.72,76.41,22.12,0.71,0.71
2015-03-27,4.97,27.85,76.61,21.54,0.73,0.71
2015-03-28,0.58,27.24,79.65,22.71,0.98,0.71
2015-03-29,0.34,28.02,77.02,21.22,0.89,0.7
2015-03-30,0.71,27.91,79.72,21.88,1.02,0.7
2015-03-31,1.08,27.74,80.98,21.51,1.07,0.69
2015-04-01,0.63,27.83,80.31,23.54,0.85,0.69
2015-04-02,3.86,27.87,80.19,21.3,0.77,0.69
2015-04-03,7.08,26.92,83.14,22.28,0.86,0.7
2015-04-04,1.12,27.23,80.02,21.43,0.96,0.7
2015-04-05,0.87,27.42,82.92,20.4,1.33,0.7
2015-04-06,6.04,26.59,85.6,13.62,1.54,0.7
2015-04-07,3.89,26.07,83.43,11.61,1.52,0.7
2015-04-08,0.1,27.56,71.08,22.29,0.81,0.7
2015-04-09,0.31,27.94,74.65,23.63,0.89,0.69
2015-04-10,2.01,27.78,79.32,21.49,1.16,0.69
2015-04-11,3.43,27.42,80.73,18.6,1.06,0.69
2015-04-12,4.42,26.84,85.17,19.73,0.97,0.69
2015-04-13,4.7,26.38,80.4,11.57,1.37,0.7
2015-04-14,2.59,27.06,77.62,18.74,0.74,0.7
2015-04-15,1.79,27.44,80.46,21.37,1.21,0.69
2015-04-16,0.84,27.63,78.43,22.01,0.93,0.68
2015-04-17,1.28,27.51,79.65,15.02,0.85,0.68
2015-04-18,1.95,27.27,80.51,15.85,0.96,0.68
2015-04-19,2.71,27.42,77.56,15.29,0.85,0.68
2015-04-20,9.97,26.88,82.48,16.64,0.76,0.68
2015-04-21,7.91,26.09,88.53,14.18,1.81,0.7
2015-04-22,5.55,26.19,85.79,15.54,1.59,0.7
2015-04-23,6.59,26.37,86.86,16.87,1.72,0.71
2015-04-24,8.91,25.85,89.94,13.33,1.44,0.72
2015-04-25,31.41,25.2,84.58,11.68,1.05,0.73
2015-04-26,14.18,25.42,86.25,9.84,1.24,0.76
2015-04-27,14.64,25.6,91.86,15.86,0.91,0.76
2015-04-28,8.77,25.81,88.78,10.59,1.83,0.76
2015-04-29,12.7,26.4,85.98,16.75,1.63,0.75
2015-04-30,9.56,26.73,84.37,19.73,1.49,0.76
2015-05-01,2.92,27.07,83.08,18.42,1.07,0.74
2015-05-02,5.98,26.48,85.18,14.06,0.52,0.74
2015-05-03,4.45,26.07,84.25,15.96,0.94,0.74
2015-05-04,14.64,26.06,86.38,17.87,1.34,0.74
2015-05-05,2.44,25.86,78.98,18.52,1.9,0.74
2015-05-06,0.01,25.64,76.84,22.06,1.88,0.73
2015-05-07,0.02,26.05,75.72,22.58,1.7,0.72
2015-05-08,0.17,26.22,78.38,22.08,1.69,0.71
2015-05-09,0.12,26.45,78.34,21.0,1.97,0.71
2015-05-10,0.11,26.43,78.73,19.86,1.84,0.7
2015-05-11,0.66,26.82,81.66,20.4,1.6,0.7
2015-05-12,0.32,27.17,82.88,20.71,1.78,0.7
2015-05-13,0.27,27.0,81.86,20.26,1.83,0.69
2015-05-14,0.16,26.59,79.96,20.73,1.77,0.69
2015-05-15,0.07,25.83,78.77,21.02,2.14,0.69
2015-05-16,0.01,25.77,76.88,21.16,1.92,0.68
2015-05-17,0.01,25.12,75.29,22.01,1.7,0.68
2015-05-18,0.0,25.15,75.83,21.42,1.77,0.68
2015-05-19,0.01,25.21,75.89,21.2,1.53,0.67
2015-05-20,0.02,25.44,76.58,21.84,1.49,0.67
2015-05-21,0.01,25.7,77.35,21.79,1.4,0.67
2015-05-22,0.09,26.32,79.82,20.07,1.36,0.67
2015-05-23,0.17,26.35,80.54,19.56,1.4,0.66
2015-05-24,0.59,26.51,77.12,19.65,0.83,0.66
2015-05-25,1.29,26.35,82.35,19.42,1.18,0.66
2015-05-26,0.72,26.58,81.17,19.06,1.19,0.66
2015-05-27,0.1,26.46,79.71,20.28,1.31,0.66
2015-05-28,0.11,26.02,82.88,19.42,1.72,0.65
2015-05-29,5.27,26.3,86.33,17.99,1.91,0.65
2015-05-30,3.37,26.18,86.1,15.84,1.92,0.66
2015-05-31,0.14,26.28,79.46,18.98,1.69,0.66
2015-06-01,0.51,26.28,82.96,18.14,1.55,0.65
2015-06-02,1.34,26.34,84.56,16.88,1.43,0.65
2015-06-03,1.32,26.53,85.34,18.5,1.68,0.65
2015-06-04,0.28,26.12,82.45,19.29,1.94,0.65
2015-06-05,0.63,25.91,84.09,19.1,2.1,0.65
2015-06-06,0.38,26.23,83.05,18.19,1.81,0.64
2015-06-07,1.12,26.14,85.6,13.19,1.84,0.64
2015-06-08,1.3,25.89,85.52,16.64,1.84,0.64
2015-06-09,0.22,25.27,84.33,18.79,1.64,0.64
2015-06-10,0.08,25.41,82.79,17.29,2.04,0.64
2015-06-11,0.1,25.22,81.96,18.65,1.85,0.63
2015-06-12,0.08,25.26,81.25,18.83,1.8,0.63
2015-06-13,0.18,25.23,81.97,19.72,1.87,0.63
2015-06-14,0.11,24.67,79.97,19.04,2.18,0.62
2015-06-15,0.05,24.81,76.29,19.64,1.59,0.62
2015-06-16,0.24,25.16,83.25,18.0,1.8,0.62
2015-06-17,0.19,25.62,82.04,18.74,1.73,0.62
2015-06-18,0.12,25.53,81.02,19.52,1.85,0.61
2015-06-19,0.15,25.35,81.83,18.0,1.96,0.61
2015-06-20,0.06,25.23,80.51,15.1,1.86,0.61
2015-06-21,0.28,24.88,79.97,18.92,1.96,0.61
2015-06-22,0.35,24.54,78.78,19.51,2.26,0.6
2015-06-23,0.29,24.37,78.63,19.78,2.3,0.6
2015-06-24,0.05,24.61,77.28,18.05,2.09,0.6
2015-06-25,0.02,25.21,78.42,17.8,1.56,0.59
2015-06-26,0.03,25.51,79.54,18.16,1.76,0.59
2015-06-27,0.05,25.23,78.81,19.49,2.12,0.59
2015-06-28,0.02,24.65,78.04,20.02,1.97,0.59
2015-06-29,1.21,24.37,82.12,18.47,2.15,0.58
2015-06-30,0.38,24.27,79.07,18.52,2.02,0.58
2015-07-01,0.04,24.28,75.75,19.17,1.76,0.58
2015-07-02,0.06,24.52,76.31,19.97,1.89,0.58
2015-07-03,0.03,24.36,75.36,19.89,2.05,0.58
2015-07-04,0.02,24.5,77.11,19.92,1.55,0.57
2015-07-05,0.03,25.18,79.67,19.33,1.46,0.57
2015-07-06,0.12,24.75,78.27,19.55,1.91,0.57
2015-07-07,0.14,24.07,78.65,20.64,2.08,0.57
2015-07-08,0.03,23.69,77.52,19.02,1.84,0.56
2015-07-09,0.02,23.66,75.39,15.52,1.82,0.56
2015-07-10,0.0,24.34,75.4,16.31,1.39,0.56
2015-07-11,0.33,25.38,81.39,17.42,1.45,0.56
2015-07-12,0.24,25.77,80.4,20.07,1.58,0.56
2015-07-13,0.1,26.12,80.33,19.36,1.65,0.55
2015-07-14,0.18,25.62,77.46,18.59,1.88,0.55
2015-07-15,0.1,25.08,76.94,17.93,1.7,0.55
2015-07-16,0.04,25.0,76.69,20.49,1.55,0.55
2015-07-17,0.02,25.21,76.63,20.12,1.61,0.55
2015-07-18,0.0,25.12,78.32,19.95,1.84,0.54
2015-07-19,0.02,24.96,77.61,17.37,1.67,0.54
2015-07-20,0.09,24.95,77.73,18.25,1.32,0.54
2015-07-21,0.37,25.12,76.82,19.31,1.11,0.54
2015-07-22,0.05,25.44,78.11,19.0,1.38,0.54
2015-07-23,0.0,25.64,78.94,19.49,1.37,0.53
2015-07-24,0.02,25.35,76.46,20.23,1.39,0.53
2015-07-25,0.02,25.12,76.54,20.61,1.62,0.53
2015-07-26,0.02,25.24,78.17,19.26,1.92,0.53
2015-07-27,0.03,25.59,76.16,21.45,1.73,0.53
2015-07-28,0.05,25.53,78.89,20.04,1.77,0.53
2015-07-29,0.07,25.69,78.15,19.56,1.86,0.52
2015-07-30,0.01,25.59,76.49,21.05,1.86,0.52
2015-07-31,0.05,25.41,76.09,21.23,1.73,0.52
2015-08-01,0.09,24.86,74.14,21.7,2.46,0.52
2015-08-02,0.08,24.37,70.12,21.18,2.07,0.52
2015-08-03,0.79,24.95,74.27,21.13,1.91,0.52
2015-08-04,0.03,24.9,71.47,21.24,1.68,0.51
2015-08-05,0.3,25.26,72.0,21.35,1.53,0.51
2015-08-06,0.23,25.28,73.12,19.16,1.32,0.51
2015-08-07,0.32,24.94,75.9,17.81,1.77,0.51
2015-08-08,0.06,24.99,74.72,19.47,1.39,0.51
2015-08-09,0.18,25.39,76.79,18.66,1.54,0.51
2015-08-10,0.04,26.01,77.37,19.14,1.57,0.51
2015-08-11,0.12,26.03,77.25,21.1,1.8,0.51
2015-08-12,0.06,25.66,75.42,19.83,1.89,0.51
2015-08-13,0.05,25.98,77.0,20.59,1.45,0.5
2015-08-14,0.26,25.96,76.69,21.36,1.24,0.5
2015-08-15,0.18,25.73,75.25,22.96,1.45,0.5
2015-08-16,0.0,25.45,72.9,22.54,1.54,0.5
2015-08-17,0.0,25.21,71.38,22.3,1.51,0.5
2015-08-18,0.01,25.09,70.18,23.73,1.83,0.5
2015-08-19,0.0,24.68,72.13,23.52,1.84,0.5
2015-08-20,0.0,24.49,71.65,22.01,1.58,0.5
2015-08-21,0.04,24.59,72.3,22.23,1.78,0.49
2015-08-22,0.03,24.72,73.92,21.94,1.63,0.49
2015-08-23,0.02,25.2,73.02,22.98,1.66,0.49
2015-08-24,0.03,25.83,73.76,22.28,1.36,0.49
2015-08-25,0.01,26.08,75.81,22.04,1.58,0.49
2015-08-26,0.01,25.99,74.4,21.98,1.62,0.49
2015-08-27,0.03,25.85,75.8,21.13,1.85,0.49
2015-08-28,0.07,25.93,77.17,22.39,1.86,0.49
2015-08-29,0.05,26.22,76.42,21.74,1.7,0.49
2015-08-30,0.01,25.93,73.78,22.79,1.84,0.49
2015-08-31,0.01,25.72,74.59,23.22,1.91,0.48
2015-09-01,0.02,25.56,75.36,22.34,2.22,0.48
2015-09-02,0.01,25.59,74.82,21.79,2.04,0.48
2015-09-03,0.02,25.37,75.78,22.53,2.18,0.48
2015-09-04,0.01,25.4,74.16,23.82,1.8,0.48
2015-09-05,0.04,26.01,73.93,23.14,1.52,0.48
2015-09-06,0.0,25.86,72.82,23.46,1.78,0.48
2015-09-07,0.0,26.2,71.78,23.5,1.58,0.48
2015-09-08,0.0,25.91,70.19,25.18,1.73,0.48
2015-09-09,0.01,25.96,68.63,24.44,1.32,0.47
2015-09-10,0.01,26.38,70.49,23.72,1.57,0.47
2015-09-11,0.03,26.33,72.2,23.25,1.92,0.47
2015-09-12,0.01,26.03,69.52,24.42,1.91,0.47
2015-09-13,0.02,25.46,67.03,24.24,2.17,0.47
2015-09-14,0.01,25.38,66.47,24.95,2.19,0.47
2015-09-15,0.02,25.81,68.53,23.73,1.39,0.47
2015-09-16,0.02,26.41,69.1,24.21,1.43,0.47
2015-09-17,0.0,26.67,70.62,25.27,1.18,0.47
2015-09-18,0.02,26.88,71.57,24.01,1.02,0.47
2015-09-19,0.01,26.83,72.45,23.89,1.26,0.47
2015-09-20,0.01,26.97,70.72,22.88,1.29,0.47
2015-09-21,0.01,27.01,68.44,25.14,1.23,0.47
2015-09-22,0.0,27.06,69.51,25.52,1.42,0.46
2015-09-23,0.0,26.79,68.78,26.05,1.76,0.46
2015-09-24,0.0,26.11,69.88,25.87,1.95,0.46
2015-09-25,0.02,26.47,69.28,24.3,1.62,0.46
2015-09-26,0.02,26.56,69.18,24.53,1.88,0.46
2015-09-27,0.0,26.47,69.7,23.72,1.57,0.46
2015-09-28,0.22,26.89,71.5,23.35,1.3,0.46
2015-09-29,0.01,26.99,69.23,24.5,1.2,0.46
2015-09-30,0.0,27.08,70.29,23.01,1.56,0.46
2015-10-01,0.0,27.19,70.33,24.8,1.48,0.46
2015-10-02,0.03,27.29,70.65,24.23,1.61,0.46
2015-10-03,0.06,27.17,68.55,24.1,1.67,0.46
2015-10-04,0.01,27.21,68.96,25.6,1.35,0.46
2015-10-05,0.0,27.13,67.61,25.39,1.24,0.46
2015-10-06,0.01,27.14,70.68,23.21,1.5,0.46
2015-10-07,0.0,27.06,69.61,25.02,1.19,0.46
2015-10-08,0.02,27.2,68.19,24.73,1.42,0.46
2015-10-09,0.01,27.28,69.69,23.58,1.11,0.45
2015-10-10,0.02,27.71,69.72,25.85,1.1,0.45
2015-10-11,0.01,27.83,68.65,25.06,0.95,0.45
2015-10-12,0.0,27.89,68.4,26.26,0.92,0.45
2015-10-13,0.01,27.81,67.99,25.55,1.12,0.45
2015-10-14,0.02,27.54,66.48,24.13,1.23,0.45
2015-10-15,0.01,27.44,67.19,26.13,1.42,0.45
2015-10-16,0.01,27.54,66.86,26.48,1.39,0.45
2015-10-17,0.0,27.6,68.43,26.39,1.64,0.45
2015-10-18,0.02,27.8,67.53,25.73,1.17,0.45
2015-10-19,0.01,27.94,67.84,24.82,1.39,0.45
2015-10-20,0.01,27.77,67.97,25.07,1.24,0.45
2015-10-21,0.02,27.87,67.53,25.58,1.22,0.45
2015-10-22,0.04,27.97,65.11,24.18,1.2,0.45
2015-10-23,0.0,27.87,64.73,26.52,1.22,0.45
2015-10-24,0.0,28.03,66.0,26.29,1.27,0.45
2015-10-25,0.02,28.3,66.61,25.09,1.33,0.45
2015-10-26,0.02,28.59,67.0,25.31,1.17,0.45
2015-10-27,0.02,28.73,65.68,25.44,1.39,0.44
2015-10-28,0.01,28.73,66.15,25.52,1.02,0.44
2015-10-29,0.04,28.94,67.3,24.03,0.82,0.44
2015-10-30,0.08,28.91,69.38,25.64,1.34,0.44
2015-10-31,0.05,28.74,68.73,26.86,1.57,0.44
2015-11-01,0.01,28.42,68.72,26.21,1.71,0.44
2015-11-02,0.02,28.4,68.18,25.7,1.63,0.44
2015-11-03,0.01,28.38,68.02,24.34,1.48,0.44
2015-11-04,0.05,28.67,68.71,25.11,1.46,0.44
2015-11-05,0.04,28.86,68.15,24.91,1.18,0.44
2015-11-06,0.02,28.82,69.02,23.81,1.39,0.44
2015-11-07,0.26,28.71,70.09,23.75,1.56,0.44
2015-11-08,0.34,28.79,70.66,22.83,1.46,0.44
2015-11-09,0.88,28.64,72.62,22.86,1.42,0.44
2015-11-10,5.39,28.36,75.55,22.1,1.72,0.45
2015-11-11,7.52,27.67,79.63,20.33,1.61,0.47
2015-11-12,1.64,28.47,76.11,22.87,1.17,0.47
2015-11-13,0.53,28.56,74.82,22.8,1.38,0.47
2015-11-14,0.11,28.21,73.2,24.89,1.35,0.46
2015-11-15,0.06,28.65,69.82,25.19,1.54,0.46
2015-11-16,0.09,28.98,69.17,23.67,1.18,0.46
2015-11-17,4.13,28.52,72.84,22.92,1.11,0.46
2015-11-18,5.89,28.59,74.48,22.34,1.03,0.47
2015-11-19,3.67,28.4,76.39,22.64,1.5,0.48
2015-11-20,0.27,28.99,71.6,25.82,1.54,0.47
2015-11-21,0.09,29.2,69.24,25.45,1.08,0.47
2015-11-22,0.09,29.81,67.39,25.51,0.89,0.47
2015-11-23,0.24,29.98,66.27,25.61,0.66,0.46
2015-11-24,0.23,29.72,68.75,24.49,1.08,0.46
2015-11-25,0.43,29.25,70.23,22.93,1.06,0.46
2015-11-26,1.9,29.37,69.67,23.91,0.9,0.46
2015-11-27,1.07,29.09,73.01,23.96,0.91,0.46
2015-11-28,1.68,28.78,76.65,22.66,0.85,0.46
2015-11-29,1.18,29.18,75.96,24.08,1.17,0.46
2015-11-30,0.55,28.95,75.35,23.79,1.65,0.46
2015-12-01,0.3,29.29,72.0,25.23,1.43,0.46
2015-12-02,3.98,28.5,76.83,23.03,1.49,0.46
2015-12-03,4.06,28.2,78.29,21.5,1.4,0.47
2015-12-04,1.28,28.26,76.29,20.98,1.71,0.47
2015-12-05,2.37,28.54,74.85,22.55,0.76,0.47
2015-12-06,7.4,28.0,77.03,20.62,0.73,0.48
2015-12-07,6.95,28.74,73.59,23.34,0.72,0.49
2015-12-08,3.29,29.18,74.48,22.1,0.93,0.49
2015-12-09,2.57,28.24,82.2,19.07,1.35,0.49
2015-12-10,2.47,28.41,81.05,21.16,1.31,0.49
2015-12-11,4.28,28.11,82.3,22.36,0.68,0.5
2015-12-12,6.2,28.25,78.54,21.05,0.74,0.5
2015-12-13,5.54,27.75,82.38,21.65,0.95,0.51
2015-12-14,36.61,27.07,82.45,17.91,1.15,0.53
2015-12-15,8.09,26.99,81.95,16.55,1.38,0.58
2015-12-16,8.02,27.59,80.58,19.14,1.3,0.58
2015-12-17,3.24,27.24,84.13,14.91,1.91,0.57
2015-12-18,22.36,26.96,80.79,10.44,1.73,0.58
2015-12-19,10.05,26.61,79.97,8.65,2.32,0.59
2015-12-20,15.4,26.61,85.84,15.13,1.71,0.6
2015-12-21,13.91,26.1,86.97,18.41,0.91,0.61
2015-12-22,1.34,26.94,83.11,23.13,1.63,0.6
2015-12-23,1.77,27.03,84.19,24.6,1.39,0.59
2015-12-24,4.7,26.88,85.44,18.79,1.72,0.58
2015-12-25,13.08,26.5,85.83,13.72,2.31,0.58
2015-12-26,8.14,26.65,84.68,22.03,1.44,0.59
2015-12-27,5.26,26.63,84.99,20.51,1.28,0.59
2015-12-28,1.39,27.18,78.79,23.4,1.24,0.58
2015-12-29,1.94,27.56,77.04,25.57,1.27,0.56
2015-12-30,4.21,27.44,77.56,23.7,1.01,0.56
2015-12-31,4.18,27.7,75.8,24.33,0.68,0.55
2016-01-01,0.42,28.04,75.05,25.13,1.34,0.55
2016-01-02,1.68,27.9,77.63,20.74,1.39,0.54
2016-01-03,1.25,28.07,77.36,24.76,1.26,0.54
2016-01-04,1.45,28.28,77.16,25.53,0.91,0.53
2016-01-05,0.96,28.71,75.53,26.5,1.05,0.53
2016-01-06,5.11,28.89,75.79,26.44,0.88,0.52
2016-01-07,4.56,28.69,76.96,25.59,1.45,0.53
2016-01-08,0.28,28.83,73.56,26.03,1.14,0.52
2016-01-09,0.84,28.52,73.0,23.58,0.65,0.51
2016-01-10,0.85,28.81,71.96,24.0,0.88,0.51
2016-01-11,2.09,29.46,66.29,25.82,0.77,0.51
2016-01-12,4.52,29.06,72.23,26.01,0.98,0.51
2016-01-13,0.58,29.11,72.03,25.11,1.01,0.51
2016-01-14,0.29,29.28,71.69,24.11,0.9,0.5
2016-01-15,0.21,29.5,70.87,25.29,0.91,0.5
2016-01-16,1.74,29.3,71.29,22.16,0.81,0.49
2016-01-17,0.72,29.33,71.02,25.8,0.46,0.49
2016-01-18,0.55,29.02,73.03,23.87,0.67,0.49
2016-01-19,11.67,28.33,76.73,23.0,0.79,0.5
2016-01-20,6.33,27.97,78.54,23.33,0.74,0.52
2016-01-21,14.94,27.41,79.49,20.16,0.71,0.53
2016-01-22,15.24,27.07,80.95,19.01,0.72,0.56
2016-01-23,9.33,26.84,84.58,17.57,1.73,0.57
2016-01-24,13.07,26.27,87.88,17.93,1.82,0.59
2016-01-25,15.21,25.8,86.43,13.77,1.53,0.6
2016-01-26,35.21,25.01,88.67,8.79,1.67,0.65
2016-01-27,14.93,25.93,85.39,9.85,2.08,0.66
2016-01-28,2.89,26.78,83.01,18.83,2.01,0.65
2016-01-29,4.99,27.36,82.85,17.12,1.71,0.63
2016-01-30,10.71,27.12,86.44,20.82,1.75,0.62
2016-01-31,33.18,26.66,87.47,11.37,1.98,0.65
2016-02-01,5.47,26.75,84.79,20.79,1.47,0.66
2016-02-02,30.82,26.42,90.56,14.6,1.37,0.69
2016-02-03,36.34,26.42,86.87,10.43,0.77,0.71
2016-02-04,2.78,26.76,85.86,17.96,1.06,0.72
2016-02-05,8.73,26.32,87.96,10.66,1.1,0.7
2016-02-06,5.1,26.4,85.95,21.97,1.06,0.69
2016-02-07,5.04,27.19,82.07,20.53,1.14,0.67
2016-02-08,9.69,27.1,83.76,20.08,0.94,0.66
2016-02-09,20.37,27.03,84.1,15.69,0.78,0.68
2016-02-10,10.6,26.96,84.01,15.26,1.19,0.68
2016-02-11,27.12,26.49,86.07,14.04,1.27,0.69
2016-02-12,19.92,26.15,88.51,6.14,2.16,0.72
2016-02-13,23.91,26.1,88.86,12.4,2.3,0.73
2016-02-14,4.88,26.79,85.64,24.06,1.94,0.72
2016-02-15,0.22,27.63,76.52,25.42,1.05,0.7
2016-02-16,1.09,27.74,78.69,23.83,0.97,0.68
2016-02-17,1.76,27.6,80.89,24.24,0.83,0.67
2016-02-18,0.61,27.7,79.22,26.24,1.47,0.66
2016-02-19,6.85,27.89,77.87,25.18,1.01,0.65
2016-02-20,5.19,28.02,78.54,22.99,0.92,0.66
2016-02-21,3.95,27.5,81.71,22.26,1.03,0.65
2016-02-22,19.4,27.52,80.91,23.36,0.95,0.66
2016-02-23,15.72,27.04,84.71,22.22,1.06,0.7
2016-02-24,7.05,27.58,80.72,22.78,0.94,0.69
2016-02-25,5.84,26.92,85.4,24.54,0.77,0.69
2016-02-26,16.18,26.54,86.59,18.7,1.2,0.69
2016-02-27,58.44,26.31,87.68,16.69,1.19,0.75
2016-02-28,7.48,26.99,85.52,21.03,0.97,0.77
2016-02-29,11.04,26.69,89.86,13.81,1.24,0.75
2016-03-01,29.45,26.88,89.12,15.9,1.76,0.76
2016-03-02,18.01,26.06,87.14,11.23,1.81,0.78
2016-03-03,2.78,26.18,90.88,20.09,1.46,0.76
2016-03-04,3.7,27.51,82.73,23.83,1.29,0.74
2016-03-05,1.26,27.72,81.59,21.97,1.4,0.72
2016-03-06,4.6,27.98,79.57,21.87,0.57,0.71
2016-03-07,6.1,28.28,80.56,25.02,0.83,0.71
2016-03-08,27.88,27.07,87.17,22.07,0.84,0.74
2016-03-09,1.07,28.27,80.37,24.02,0.51,0.74
2016-03-10,7.16,27.87,83.57,20.62,0.73,0.73
2016-03-11,4.03,28.1,78.79,19.4,0.96,0.73
2016-03-12,13.77,27.6,82.75,16.27,0.87,0.74
2016-03-13,1.66,27.9,78.25,21.38,0.72,0.73
2016-03-14,0.97,28.01,79.29,19.54,1.11,0.73
2016-03-15,4.86,28.0,80.41,19.6,1.25,0.72
2016-03-16,4.36,27.91,80.59,21.33,1.11,0.72
2016-03-17,2.76,27.15,83.35,19.77,0.76,0.72
2016-03-18,1.2,27.3,81.71,23.21,1.12,0.72
2016-03-19,0.56,28.16,77.33,25.52,0.89,0.71
2016-03-20,0.16,28.32,77.11,25.6,1.0,0.71
2016-03-21,0.09,28.2,76.99,24.84,1.03,0.7
2016-03-22,0.54,28.29,75.75,23.91,0.97,0.69
2016-03-23,1.38,28.33,78.79,21.82,1.0,0.69
2016-03-24,4.57,27.75,83.36,19.28,1.02,0.69
2016-03-25,3.61,28.2,82.83,24.94,1.04,0.69
2016-03-26,3.49,27.82,79.56,21.48,0.91,0.69
2016-03-27,4.02,27.35,83.55,22.11,1.07,0.7
2016-03-28,2.33,27.86,81.45,19.2,0.75,0.7
2016-03-29,1.37,27.79,79.19,12.26,1.04,0.7
2016-03-30,3.24,27.74,80.62,20.68,1.33,0.69
2016-03-31,7.16,27.25,83.3,21.58,0.91,0.7
2016-04-01,1.37,27.74,79.72,22.84,1.2,0.7
2016-04-02,1.69,28.08,78.56,22.03,1.0,0.69
2016-04-03,8.65,28.13,79.06,21.98,0.84,0.69
2016-04-04,4.61,27.41,82.67,22.6,1.47,0.7
2016-04-05,2.65,27.7,81.79,20.01,1.13,0.7
2016-04-06,1.68,27.48,82.19,19.42,1.22,0.7
2016-04-07,1.75,27.89,80.53,18.46,1.03,0.7
2016-04-08,4.91,28.15,79.49,19.76,0.76,0.7
2016-04-09,13.69,27.6,83.36,19.04,0.84,0.71
2016-04-10,1.8,27.84,79.88,22.6,1.31,0.71
2016-04-11,1.28,27.95,80.96,18.62,1.64,0.7
2016-04-12,4.01,28.08,80.87,18.58,1.12,0.7
2016-04-13,8.51,28.03,80.7,16.92,1.04,0.7
2016-04-14,8.04,28.18,81.06,20.29,1.41,0.71
2016-04-15,5.14,27.98,82.39,20.56,1.48,0.71
2016-04-16,2.64,27.74,82.1,21.16,0.74,0.7
2016-04-17,1.04,27.56,83.01,21.95,1.02,0.7
2016-04-18,0.26,28.25,76.63,22.16,1.3,0.69
2016-04-19,0.35,27.87,77.17,17.83,1.31,0.68
2016-04-20,0.31,27.98,75.82,16.27,1.37,0.68
2016-04-21,0.45,27.77,78.16,22.21,1.51,0.67
2016-04-22,0.91,27.83,77.68,20.0,1.38,0.67
2016-04-23,0.36,27.23,81.1,21.98,1.63,0.66
2016-04-24,0.33,27.8,77.6,22.11,1.59,0.66
2016-04-25,0.34,28.04,77.45,22.05,1.54,0.66
2016-04-26,0.47,27.96,76.94,21.72,1.31,0.65
2016-04-27,1.5,27.52,79.46,20.95,1.57,0.65
2016-04-28,0.56,27.7,77.01,22.39,1.51,0.65
2016-04-29,0.49,27.83,77.75,21.43,1.23,0.64
2016-04-30,1.43,27.78,79.91,18.81,1.21,0.64
2016-05-01,10.55,27.87,80.36,20.12,1.06,0.64
2016-05-02,5.34,27.86,80.5,20.48,0.64,0.66
2016-05-03,0.58,28.14,79.06,20.95,1.04,0.66
2016-05-04,0.85,28.0,79.09,21.38,1.14,0.65
2016-05-05,0.83,27.72,81.58,19.59,0.92,0.65
2016-05-06,0.19,27.76,81.73,18.27,1.05,0.65
2016-05-07,0.41,27.86,80.51,20.01,1.02,0.65
2016-05-08,1.32,27.71,82.69,20.01,1.18,0.64
2016-05-09,6.31,27.16,83.91,15.34,1.26,0.65
2016-05-10,6.29,27.38,82.14,18.13,1.07,0.66
2016-05-11,1.12,27.52,83.64,19.12,1.43,0.66
2016-05-12,1.51,27.51,83.69,18.81,1.52,0.66
2016-05-13,1.37,27.76,84.59,18.18,1.53,0.65
2016-05-14,4.3,27.61,85.95,18.82,1.45,0.65
2016-05-15,2.17,27.93,84.55,16.86,1.71,0.65
2016-05-16,0.98,27.6,82.1,20.77,2.03,0.65
2016-05-17,0.33,27.49,81.09,20.06,1.86,0.64
2016-05-18,1.17,27.74,82.04,20.41,1.68,0.64
2016-05-19,0.75,27.76,78.83,21.07,1.34,0.63
2016-05-20,0.64,27.69,79.84,19.28,1.23,0.63
2016-05-21,0.52,27.55,80.08,20.53,1.32,0.62
2016-05-22,1.02,27.19,81.97,19.21,1.66,0.62
2016-05-23,0.8,27.17,80.94,20.48,1.75,0.62
2016-05-24,0.59,27.3,79.44,20.93,1.37,0.61
2016-05-25,0.15,27.6,78.32,19.89,1.3,0.61
2016-05-26,1.93,27.9,77.65,19.5,1.35,0.61
2016-05-27,6.58,27.01,83.0,17.65,1.2,0.62
2016-05-28,5.17,26.54,87.99,12.7,1.14,0.63
2016-05-29,1.26,27.4,82.07,18.74,1.26,0.63
2016-05-30,2.51,27.17,84.63,16.81,1.19,0.63
2016-05-31,4.41,26.66,84.66,16.81,0.81,0.63
2016-06-01,0.81,27.05,79.08,19.39,1.43,0.63
2016-06-02,0.03,27.25,76.82,20.46,1.09,0.62
2016-06-03,0.17,27.61,76.99,19.1,1.13,0.62
2016-06-04,0.35,27.53,77.78,18.86,0.96,0.61
2016-06-05,0.35,27.58,77.64,18.31,0.76,0.61
2016-06-06,4.7,27.61,79.7,18.06,0.46,0.61
2016-06-07,4.6,27.45,81.41,19.23,0.96,0.61
2016-06-08,0.1,26.79,78.9,20.94,1.99,0.61
2016-06-09,2.46,26.96,79.07,19.72,1.3,0.61
2016-06-10,1.54,27.19,79.09,19.15,1.45,0.6
2016-06-11,2.99,27.34,81.4,19.12,1.41,0.6
2016-06-12,2.2,27.56,79.79,19.22,1.47,0.6
2016-06-13,2.95,27.19,80.89,18.03,1.38,0.6
2016-06-14,12.59,25.98,88.35,14.46,1.42,0.62
2016-06-15,4.53,26.54,86.53,17.6,1.3,0.63
2016-06-16,14.59,26.42,89.54,16.26,1.8,0.64
2016-06-17,5.46,26.98,85.88,17.13,1.37,0.66
2016-06-18,1.13,27.07,84.68,16.72,1.33,0.65
2016-06-19,0.75,26.7,83.16,17.26,1.37,0.64
2016-06-20,1.21,26.13,82.92,17.81,1.87,0.64
2016-06-21,0.73,26.69,76.38,18.29,1.25,0.63
2016-06-22,0.49,26.85,76.32,18.27,1.18,0.62
2016-06-23,0.51,26.22,82.68,17.99,1.72,0.61
2016-06-24,0.28,26.4,79.34,19.01,1.84,0.61
2016-06-25,0.6,26.19,79.37,17.52,1.51,0.6
2016-06-26,8.3,26.04,85.28,15.85,2.0,0.6
2016-06-27,8.05,26.44,83.78,17.03,1.47,0.61
2016-06-28,25.76,26.16,86.07,13.59,1.31,0.64
2016-06-29,14.53,25.61,83.11,11.09,1.46,0.68
2016-06-30,1.44,26.7,80.26,16.9,1.42,0.67
2016-07-01,0.62,27.04,81.8,18.71,1.13,0.65
2016-07-02,0.53,27.3,79.88,19.57,1.21,0.64
2016-07-03,0.4,27.41,78.75,19.51,1.3,0.64
2016-07-04,0.2,27.07,77.55,19.63,1.53,0.63
2016-07-05,0.08,26.78,78.69,19.76,1.45,0.62
2016-07-06,0.07,26.71,77.83,20.05,1.58,0.61
2016-07-07,1.59,26.57,79.24,18.86,1.46,0.6
2016-07-08,0.75,26.72,79.27,15.54,1.69,0.6
2016-07-09,2.52,25.77,85.26,11.33,1.36,0.6
2016-07-10,1.02,26.67,81.08,18.96,1.34,0.6
2016-07-11,2.24,26.99,79.6,18.86,1.03,0.6
2016-07-12,1.03,26.89,81.59,17.91,1.08,0.6
2016-07-13,2.91,27.04,81.59,18.17,1.0,0.6
2016-07-14,2.43,27.17,80.11,18.77,1.23,0.6
2016-07-15,5.44,26.89,81.7,17.03,1.37,0.6
2016-07-16,6.64,26.75,83.59,14.89,1.81,0.61
2016-07-17,1.93,26.36,83.19,17.02,1.74,0.61
2016-07-18,4.54,26.22,84.09,17.26,1.66,0.6
2016-07-19,6.13,25.6,85.79,16.48,1.63,0.61
2016-07-20,8.26,26.2,85.51,15.21,1.28,0.61
2016-07-21,9.96,26.57,84.15,16.76,0.75,0.63
2016-07-22,3.89,26.6,83.19,19.4,0.78,0.64
2016-07-23,0.12,26.11,79.06,20.24,1.77,0.63
2016-07-24,0.14,25.92,78.2,20.62,1.65,0.62
2016-07-25,0.15,25.82,78.8,20.19,1.99,0.61
2016-07-26,0.36,25.89,79.42,18.14,2.23,0.6
2016-07-27,0.4,25.86,77.5,19.77,2.07,0.6
2016-07-28,0.2,25.93,77.38,20.66,1.96,0.59
2016-07-29,0.11,25.76,77.86,20.45,2.02,0.58
2016-07-30,0.1,25.65,76.29,20.75,2.04,0.58
2016-07-31,0.88,25.55,77.17,21.88,2.07,0.57
2016-08-01,1.24,25.23,79.38,20.79,2.18,0.57
2016-08-02,0.24,25.42,76.61,20.43,1.82,0.57
2016-08-03,0.28,25.86,75.87,17.63,1.7,0.56
2016-08-04,1.14,26.36,78.82,16.81,1.51,0.56
2016-08-05,0.95,26.88,77.45,19.83,1.11,0.56
2016-08-06,1.28,26.94,78.55,19.74,0.99,0.56
2016-08-07,0.68,26.95,78.96,18.33,0.87,0.56
2016-08-08,0.14,26.94,75.48,20.34,1.14,0.56
2016-08-09,0.05,26.62,72.71,21.38,1.57,0.55
2016-08-10,0.28,25.91,77.2,20.94,2.02,0.55
2016-08-11,2.01,26.36,82.86,17.39,2.04,0.55
2016-08-12,1.68,26.41,82.0,19.5,2.22,0.55
2016-08-13,1.51,26.29,78.46,19.8,2.03,0.54
2016-08-14,3.09,26.26,76.48,20.91,2.02,0.54
2016-08-15,2.43,26.49,77.5,21.35,1.53,0.55
2016-08-16,0.36,26.79,75.87,21.79,1.51,0.54
2016-08-17,0.74,26.68,75.24,21.8,1.52,0.54
2016-08-18,0.34,25.94,73.45,21.83,2.53,0.54
2016-08-19,0.01,25.6,67.47,23.37,2.69,0.53
2016-08-20,0.01,25.49,69.03,22.58,2.06,0.53
2016-08-21,0.0,24.99,69.6,22.22,2.17,0.53
2016-08-22,0.03,25.18,67.63,22.6,2.24,0.53
2016-08-23,0.67,25.33,72.83,21.64,2.24,0.52
2016-08-24,0.16,25.52,73.26,21.12,2.37,0.52
2016-08-25,0.14,25.85,73.48,22.33,2.02,0.52
2016-08-26,0.19,26.59,74.35,22.43,1.12,0.52
2016-08-27,1.23,27.33,76.01,21.26,0.96,0.52
2016-08-28,0.94,27.45,77.77,22.18,0.98,0.52
2016-08-29,0.9,27.19,79.16,21.74,1.01,0.52
2016-08-30,0.35,27.67,75.69,23.8,1.23,0.52
2016-08-31,0.19,27.8,75.2,22.45,1.08,0.52
2016-09-01,0.15,27.5,76.04,22.41,1.65,0.51
2016-09-02,0.25,27.31,72.26,24.08,1.46,0.51
2016-09-03,0.29,27.21,74.71,24.11,1.48,0.51
2016-09-04,0.09,27.51,73.53,23.67,1.11,0.51
2016-09-05,0.15,27.77,73.32,23.75,0.86,0.51
2016-09-06,0.07,27.85,74.25,24.08,1.28,0.5
2016-09-07,0.19,27.39,75.4,23.56,1.68,0.5
2016-09-08,0.13,27.52,73.57,24.78,2.22,0.5
2016-09-09,0.06,27.25,73.02,25.23,2.0,0.5
2016-09-10,0.05,27.14,70.87,25.77,1.98,0.5
2016-09-11,0.03,26.95,72.32,24.34,1.78,0.5
2016-09-12,1.81,26.9,73.27,23.96,2.13,0.49
2016-09-13,6.85,26.72,76.04,23.1,1.77,0.5
2016-09-14,5.15,26.53,79.94,21.42,1.61,0.51
2016-09-15,21.54,27.02,78.37,20.86,1.17,0.52
2016-09-16,16.14,27.35,79.05,22.99,0.98,0.58
2016-09-17,1.1,27.62,79.13,22.08,1.36,0.58
2016-09-18,0.5,27.98,77.49,24.09,1.05,0.57
2016-09-19,16.59,27.47,79.66,21.32,1.1,0.57
2016-09-20,7.79,27.48,80.18,21.94,1.16,0.59
2016-09-21,1.27,27.79,78.95,24.06,1.2,0.58
2016-09-22,9.74,27.17,81.95,19.67,0.6,0.58
2016-09-23,6.85,27.13,83.65,21.9,0.91,0.59
2016-09-24,18.89,26.48,88.2,20.95,0.86,0.6
2016-09-25,19.98,26.18,86.95,18.56,0.98,0.64
2016-09-26,13.54,27.43,76.59,22.29,0.73,0.64
2016-09-27,4.73,27.69,77.77,24.46,1.02,0.64
2016-09-28,3.5,27.69,77.73,21.92,0.95,0.62
2016-09-29,9.37,26.95,82.62,22.92,1.15,0.62
2016-09-30,20.51,26.81,85.28,21.61,1.17,0.64
2016-10-01,11.18,27.46,78.55,21.84,1.06,0.65
2016-10-02,1.28,27.32,78.36,20.56,0.93,0.64
2016-10-03,3.63,26.08,84.75,21.79,1.49,0.63
2016-10-04,4.34,27.32,81.29,21.75,1.04,0.62
2016-10-05,2.91,27.41,80.55,22.48,1.11,0.62
2016-10-06,2.61,27.4,82.39,21.26,1.33,0.61
2016-10-07,2.93,27.36,81.52,16.58,1.38,0.61
2016-10-08,4.73,26.88,83.39,12.05,1.3,0.61
2016-10-09,5.83,27.18,84.42,20.72,1.28,0.61
2016-10-10,1.51,27.41,79.37,25.2,1.3,0.61
2016-10-11,1.18,27.77,75.98,23.35,0.91,0.6
2016-10-12,0.69,27.98,74.78,25.22,1.14,0.59
2016-10-13,0.72,27.99,74.65,26.54,1.51,0.59
2016-10-14,0.38,28.35,72.83,25.13,1.12,0.58
2016-10-15,0.5,28.69,72.5,24.04,0.98,0.57
2016-10-16,0.31,28.24,72.32,27.05,1.73,0.56
2016-10-17,0.02,27.89,71.5,27.53,1.91,0.56
2016-10-18,0.04,27.85,72.35,26.1,1.63,0.55
2016-10-19,3.48,28.22,74.76,24.21,1.22,0.55
2016-10-20,6.76,28.12,78.55,24.55,1.15,0.56
2016-10-21,1.83,28.12,78.01,20.15,1.27,0.56
2016-10-22,6.8,27.1,82.43,14.29,1.43,0.56
2016-10-23,8.94,26.4,82.65,16.8,1.04,0.57
2016-10-24,19.92,25.52,86.38,18.29,1.03,0.61
2016-10-25,13.14,25.91,85.76,18.9,0.92,0.63
2016-10-26,8.48,26.93,82.07,19.92,0.97,0.64
2016-10-27,2.3,27.27,79.46,24.05,1.1,0.63
2016-10-28,2.87,26.46,84.76,22.85,1.26,0.62
2016-10-29,3.57,27.12,80.98,20.57,1.07,0.62
2016-10-30,3.0,27.75,78.5,23.65,1.72,0.62
2016-10-31,0.61,27.7,77.34,23.12,1.67,0.61
2016-11-01,0.53,28.02,76.16,23.69,1.05,0.6
2016-11-02,0.83,28.04,76.92,21.81,1.26,0.59
2016-11-03,1.66,27.26,82.1,20.43,1.94,0.59
2016-11-04,3.43,27.79,80.85,21.98,2.06,0.58
2016-11-05,2.74,27.62,84.32,22.97,1.79,0.58
2016-11-06,1.7,27.66,83.68,23.64,1.21,0.59
2016-11-07,0.99,28.12,80.66,24.06,0.92,0.58
2016-11-08,3.01,27.98,79.57,21.88,1.08,0.58
2016-11-09,3.05,27.3,80.57,20.49,1.38,0.59
2016-11-10,2.21,27.2,78.11,24.34,1.63,0.59
2016-11-11,2.05,27.09,79.33,20.78,1.69,0.58
2016-11-12,8.41,27.36,78.84,21.22,1.39,0.58
2016-11-13,13.99,27.61,80.93,21.8,1.22,0.61
2016-11-14,4.85,27.35,83.54,22.58,0.56,0.61
2016-11-15,24.77,27.37,80.64,20.86,1.1,0.64
2016-11-16,2.53,27.28,83.53,22.72,1.69,0.64
2016-11-17,8.87,27.59,80.34,23.29,1.43,0.64
2016-11-18,3.42,27.59,81.84,23.36,1.3,0.64
2016-11-19,1.42,27.34,83.86,23.32,1.59,0.63
2016-11-20,5.59,28.06,79.47,25.43,1.14,0.63
2016-11-21,8.41,28.14,79.28,24.88,0.98,0.63
2016-11-22,19.58,26.73,83.51,14.5,0.93,0.66
2016-11-23,12.42,27.53,72.63,18.76,1.0,0.66
2016-11-24,11.72,26.92,81.0,20.89,0.81,0.67
2016-11-25,10.92,26.8,80.94,14.5,0.65,0.67
2016-11-26,3.82,27.05,82.36,22.13,1.04,0.67
2016-11-27,5.63,27.84,80.85,20.98,0.89,0.66
2016-11-28,8.17,27.14,86.82,21.36,0.93,0.66
2016-11-29,16.52,27.44,79.14,19.58,0.84,0.68
2016-11-30,7.73,26.81,85.68,20.05,1.2,0.68
2016-12-01,20.83,26.58,83.89,16.05,1.47,0.7
2016-12-02,2.23,25.99,82.4,11.29,1.37,0.69
2016-12-03,22.82,26.93,76.14,13.72,0.73,0.69
2016-12-04,11.97,26.94,80.06,8.38,0.96,0.71
2016-12-05,20.8,25.86,85.5,14.17,1.5,0.72
2016-12-06,7.86,26.47,83.73,14.53,1.42,0.73
2016-12-07,7.22,26.72,86.77,19.0,1.94,0.72
2016-12-08,3.85,27.54,82.58,20.12,1.75,0.71
2016-12-09,13.21,26.98,87.37,15.83,1.52,0.71
2016-12-10,2.09,26.92,87.06,17.5,1.82,0.71
2016-12-11,6.48,27.37,82.72,20.64,1.64,0.7
2016-12-12,13.48,26.45,85.08,15.89,1.21,0.7
2016-12-13,15.86,26.16,84.66,9.94,1.07,0.72
2016-12-14,28.02,26.04,84.67,18.47,1.45,0.74
2016-12-15,14.92,25.84,89.22,10.59,1.82,0.76
2016-12-16,13.27,26.03,84.88,18.59,1.37,0.76
2016-12-17,6.76,25.98,87.45,12.68,1.96,0.75
2016-12-18,10.9,25.67,87.35,14.04,1.83,0.74
2016-12-19,19.27,26.64,87.29,11.68,2.08,0.74
2016-12-20,12.26,26.86,87.06,21.0,2.19,0.76
2016-12-21,22.19,27.35,85.57,15.9,2.51,0.75
2016-12-22,18.95,27.27,87.06,19.17,2.54,0.78
2016-12-23,13.2,27.51,85.03,13.48,2.52,0.77
2016-12-24,9.85,27.05,85.85,16.03,2.1,0.77
2016-12-25,1.67,27.11,80.98,19.48,1.8,0.75
2016-12-26,1.17,26.72,83.28,21.02,1.76,0.74
2016-12-27,2.04,27.0,81.45,22.75,1.47,0.73
2016-12-28,14.91,26.42,85.29,17.38,1.66,0.75
2016-12-29,1.26,26.75,81.37,24.03,1.72,0.74
2016-12-30,7.4,26.14,85.39,19.75,1.39,0.74
2016-12-31,3.24,25.99,86.39,16.26,1.41,0.74
2017-01-01,7.69,26.36,83.42,21.71,1.47,0.74
2017-01-02,9.7,26.0,86.48,12.22,1.26,0.75
2017-01-03,5.02,26.44,84.11,19.84,1.6,0.75
2017-01-04,4.2,26.53,84.27,21.11,1.57,0.75
2017-01-05,3.18,26.25,85.67,21.71,1.81,0.74
2017-01-06,2.61,26.21,85.21,21.04,1.56,0.74
2017-01-07,0.82,26.6,83.69,19.81,1.4,0.74
2017-01-08,4.48,26.72,84.27,23.46,1.3,0.73
2017-01-09,8.64,26.92,82.39,23.63,1.24,0.74
2017-01-10,1.43,27.29,80.61,23.33,0.61,0.74
2017-01-11,0.8,27.13,80.61,21.57,1.24,0.73
2017-01-12,2.24,26.62,82.0,18.14,0.98,0.73
2017-01-13,3.27,26.1,89.07,21.47,1.73,0.73
2017-01-14,6.88,25.98,88.39,15.72,1.95,0.74
2017-01-15,16.52,25.17,88.27,15.05,1.43,0.76
2017-01-16,13.37,25.35,90.34,17.4,1.86,0.76
2017-01-17,8.75,24.88,87.45,17.31,1.34,0.77
2017-01-18,4.1,25.61,88.14,19.55,1.5,0.77
2017-01-19,1.28,26.58,81.17,22.68,1.23,0.76
2017-01-20,3.32,26.28,84.51,16.25,1.13,0.75
2017-01-21,1.45,26.54,84.22,23.66,1.34,0.75
2017-01-22,7.08,26.55,85.98,20.57,1.28,0.75
2017-01-23,14.57,26.2,87.07,20.92,1.65,0.76
2017-01-24,11.49,26.34,85.16,20.92,0.95,0.78
2017-01-25,9.05,26.27,85.42,21.33,1.14,0.77
2017-01-26,35.57,25.8,90.98,9.62,2.18,0.79
2017-01-27,15.17,26.09,89.09,19.13,2.38,0.8
2017-01-28,10.75,26.07,89.74,10.36,2.11,0.8
2017-01-29,35.47,26.01,85.52,9.94,1.51,0.81
2017-01-30,29.73,25.61,85.97,14.06,1.72,0.84
2017-01-31,50.15,25.55,84.31,13.85,1.66,0.86
2017-02-01,35.37,24.65,88.79,10.21,2.13,0.87
2017-02-02,41.79,25.14,89.82,14.17,2.25,0.91
2017-02-03,22.97,25.06,88.56,12.57,2.26,0.91
2017-02-04,2.15,25.93,82.29,22.72,2.13,0.9
2017-02-05,4.79,26.39,86.07,17.26,2.33,0.89
2017-02-06,5.53,26.54,87.74,17.6,2.37,0.89
2017-02-07,13.84,26.52,88.29,20.47,2.96,0.88
2017-02-08,21.06,26.42,89.78,14.85,2.62,0.89
2017-02-09,26.29,26.15,89.6,10.5,2.31,0.9
2017-02-10,39.35,25.77,91.16,12.32,1.85,0.93
2017-02-11,21.96,25.6,92.55,16.45,1.11,0.93
2017-02-12,61.16,25.25,89.96,17.28,1.15,0.96
2017-02-13,4.26,25.87,86.27,22.0,1.23,0.95
2017-02-14,2.35,25.82,85.84,23.17,1.06,0.94
2017-02-15,4.95,25.35,88.17,20.18,1.35,0.94
2017-02-16,3.62,25.68,84.71,19.58,1.45,0.94
2017-02-17,1.21,25.88,83.4,22.95,1.17,0.93
2017-02-18,0.51,26.24,82.13,24.53,0.89,0.93
2017-02-19,2.26,26.78,82.13,24.06,0.58,0.92
2017-02-20,2.81,26.7,84.23,24.1,0.63,0.92
2017-02-21,1.83,26.34,87.31,22.52,1.27,0.92
2017-02-22,0.5,26.39,82.7,23.25,1.57,0.91
2017-02-23,0.18,26.67,82.31,25.3,1.66,0.9
2017-02-24,0.94,26.87,79.21,25.49,1.38,0.9
2017-02-25,1.45,27.14,75.92,23.61,0.76,0.89
2017-02-26,2.25,26.78,78.9,19.89,1.1,0.88
2017-02-27,8.54,27.45,76.75,22.17,0.67,0.88
2017-02-28,8.73,27.35,80.11,22.1,0.36,0.89
2017-03-01,3.77,27.26,83.35,24.2,1.13,0.88
2017-03-02,4.7,26.84,82.16,23.31,1.51,0.88
2017-03-03,1.62,27.0,79.83,21.9,1.11,0.87
2017-03-04,0.82,27.59,79.51,24.32,0.41,0.87
2017-03-05,1.76,27.25,81.59,22.58,1.0,0.86
2017-03-06,1.49,27.32,80.76,21.11,1.28,0.86
2017-03-07,1.55,27.18,82.2,22.59,1.34,0.85
2017-03-08,4.69,26.44,84.79,19.98,1.42,0.85
2017-03-09,0.62,26.91,79.93,18.38,1.24,0.85
2017-03-10,16.83,26.81,79.65,20.76,1.02,0.85
2017-03-11,5.39,27.23,77.07,23.65,0.81,0.86
2017-03-12,16.67,26.9,80.54,22.2,0.76,0.85
2017-03-13,16.12,26.59,80.7,18.6,0.93,0.87
2017-03-14,10.84,26.03,82.71,19.06,0.93,0.88
2017-03-15,18.89,26.39,82.69,21.09,1.31,0.88
2017-03-16,11.99,26.74,82.56,18.55,1.18,0.89
2017-03-17,5.47,27.48,77.76,17.18,0.61,0.89
2017-03-18,2.66,27.39,79.67,21.15,0.97,0.88
2017-03-19,3.67,26.35,84.94,19.06,1.39,0.88
2017-03-20,18.84,26.2,87.12,10.43,1.48,0.88
2017-03-21,13.99,26.04,90.33,10.76,1.7,0.9
2017-03-22,4.55,26.08,86.9,16.75,1.74,0.9
2017-03-23,5.61,26.38,85.96,14.0,1.16,0.9
2017-03-24,6.92,26.86,81.1,18.31,0.96,0.9
2017-03-25,9.75,26.94,82.59,15.17,1.14,0.9
2017-03-26,24.98,25.97,86.1,11.71,1.68,0.91
2017-03-27,14.2,25.65,84.1,13.25,1.25,0.92
2017-03-28,1.12,26.66,79.45,22.88,1.17,0.91
2017-03-29,4.45,26.53,82.62,21.94,1.24,0.91
2017-03-30,9.09,26.73,82.11,21.89,0.88,0.91
2017-03-31,6.91,26.3,85.76,19.49,1.25,0.91
2017-04-01,10.0,26.35,86.7,19.07,1.63,0.91
2017-04-02,20.92,25.86,85.74,13.8,1.46,0.92
2017-04-03,11.39,25.69,83.14,14.51,1.14,0.92
2017-04-04,19.1,25.9,91.46,17.3,1.46,0.93
2017-04-05,6.42,26.19,88.93,13.54,1.96,0.93
2017-04-06,6.25,26.17,89.42,11.51,2.2,0.93
2017-04-07,13.0,25.89,89.38,13.01,1.86,0.93
2017-04-08,5.31,26.25,86.43,17.19,1.58,0.93
2017-04-09,2.88,27.19,82.54,20.34,1.05,0.93
2017-04-10,0.72,27.36,80.3,21.84,1.19,0.92
2017-04-11,2.22,26.93,80.8,22.13,1.47,0.91
2017-04-12,3.67,26.62,82.25,22.77,1.84,0.91
2017-04-13,1.16,26.38,80.11,20.4,1.82,0.9
2017-04-14,0.91,26.3,77.73,21.0,1.37,0.89
2017-04-15,0.11,26.73,72.43,22.51,1.18,0.88
2017-04-16,0.1,27.01,74.12,22.88,1.02,0.87
2017-04-17,0.48,27.27,75.14,22.4,0.92,0.86
2017-04-18,1.11,27.64,77.03,21.57,0.72,0.86
2017-04-19,0.95,26.63,86.28,19.58,1.1,0.85
2017-04-20,1.68,27.29,82.06,22.48,1.47,0.85
2017-04-21,7.4,27.34,84.02,19.87,0.94,0.85
2017-04-22,2.23,27.25,84.76,22.04,1.23,0.85
2017-04-23,2.08,27.29,84.73,21.25,1.07,0.85
2017-04-24,2.6,26.83,85.81,21.55,1.04,0.85
2017-04-25,0.88,27.16,81.84,22.59,1.24,0.84
2017-04-26,0.17,27.12,80.49,22.02,1.81,0.84
2017-04-27,0.1,27.1,80.1,22.18,1.8,0.83
2017-04-28,0.25,27.07,79.99,21.24,1.46,0.82
2017-04-29,0.41,26.91,80.92,21.61,1.49,0.82
2017-04-30,2.86,26.93,80.78,20.25,1.54,0.81
2017-05-01,2.96,26.9,82.19,20.59,1.59,0.81
2017-05-02,2.68,27.05,84.09,18.06,1.67,0.81
2017-05-03,2.34,27.26,81.45,16.96,1.08,0.8
2017-05-04,2.05,26.7,84.78,17.76,1.36,0.8
2017-05-05,1.4,26.97,82.83,20.06,1.81,0.8
2017-05-06,0.58,26.55,82.0,19.99,2.04,0.79
2017-05-07,1.53,26.41,81.77,19.46,1.93,0.79
2017-05-08,2.01,26.72,80.59,20.56,1.86,0.79
2017-05-09,0.74,26.7,79.61,21.78,2.14,0.78
2017-05-10,0.06,26.41,77.84,21.71,1.86,0.78
2017-05-11,0.16,26.33,80.85,21.04,2.01,0.77
2017-05-12,0.26,26.18,83.71,19.81,2.3,0.76
2017-05-13,0.16,26.07,83.07,19.24,2.09,0.76
2017-05-14,0.51,26.27,83.62,18.56,2.01,0.76
2017-05-15,0.21,26.48,82.9,17.71,1.93,0.75
2017-05-16,0.06,25.9,83.92,18.54,2.45,0.75
2017-05-17,0.03,25.33,77.32,22.03,2.05,0.74
2017-05-18,0.04,25.65,82.26,20.68,2.05,0.74
2017-05-19,0.17,25.98,83.64,19.33,1.98,0.73
2017-05-20,0.37,25.7,85.21,18.59,2.15,0.73
2017-05-21,0.11,25.91,83.15,20.68,1.8,0.73
2017-05-22,0.08,25.6,83.09,21.23,2.32,0.72
2017-05-23,0.01,25.23,78.07,21.34,2.1,0.72
2017-05-24,0.07,25.65,81.02,20.44,1.78,0.72
2017-05-25,1.52,26.48,86.53,17.5,1.9,0.71
2017-05-26,1.09,26.25,86.79,17.92,2.13,0.71
2017-05-27,0.44,26.61,83.89,18.55,1.63,0.71
2017-05-28,4.01,26.3,87.8,13.64,1.66,0.71
2017-05-29,4.49,26.12,86.99,16.55,1.51,0.72
2017-05-30,1.97,26.22,86.75,15.58,1.53,0.72
2017-05-31,1.78,26.11,87.27,15.01,1.8,0.72
2017-06-01,0.14,26.31,83.57,16.92,2.03,0.71
2017-06-02,0.4,25.92,84.23,19.69,2.12,0.71
2017-06-03,1.66,25.58,85.23,18.79,2.13,0.71
2017-06-04,1.52,25.82,83.89,18.45,1.6,0.7
2017-06-05,0.37,26.2,83.18,19.53,1.48,0.7
2017-06-06,0.5,26.36,82.32,18.55,1.55,0.7
2017-06-07,0.42,26.2,84.05,19.18,1.91,0.69
2017-06-08,0.54,25.72,85.16,16.85,2.27,0.69
2017-06-09,0.31,25.84,85.34,16.9,2.13,0.69
2017-06-10,0.24,25.9,84.89,17.79,2.07,0.68
2017-06-11,0.47,26.09,84.55,17.82,1.78,0.68
2017-06-12,8.28,25.57,88.02,11.95,1.58,0.68
2017-06-13,10.58,25.46,88.86,8.12,1.45,0.7
2017-06-14,6.17,26.22,84.36,18.33,1.38,0.71
2017-06-15,0.19,25.89,83.33,17.53,1.79,0.71
2017-06-16,0.1,25.18,81.33,19.89,1.88,0.7
2017-06-17,0.26,24.58,81.79,19.94,2.21,0.69
2017-06-18,2.9,24.8,83.68,18.9,2.12,0.68
2017-06-19,6.44,25.07,84.34,18.89,2.27,0.69
2017-06-20,5.73,25.31,85.43,16.49,1.79,0.69
2017-06-21,2.86,24.79,88.57,13.98,1.3,0.69
2017-06-22,0.68,25.61,82.72,19.06,1.41,0.69
2017-06-23,0.23,25.52,82.86,18.83,1.78,0.69
2017-06-24,0.89,25.66,82.96,16.83,1.42,0.68
2017-06-25,3.47,25.1,88.83,14.84,1.83,0.68
2017-06-26,1.64,25.71,85.49,17.23,1.62,0.68
2017-06-27,0.33,25.33,82.7,18.71,2.15,0.68
2017-06-28,0.02,24.68,78.95,19.79,2.04,0.67
2017-06-29,0.04,24.87,79.11,19.87,2.07,0.67
2017-06-30,0.17,25.38,81.27,16.48,1.85,0.66
2017-07-01,0.14,25.46,80.2,17.13,1.7,0.66
2017-07-02,0.16,25.46,80.05,19.78,1.48,0.65
2017-07-03,0.09,25.14,84.02,18.96,1.92,0.65
2017-07-04,0.48,25.36,83.95,17.73,2.02,0.65
2017-07-05,0.04,25.23,83.46,18.34,2.13,0.65
2017-07-06,1.39,24.9,83.83,15.83,2.2,0.64
2017-07-07,4.61,25.1,87.35,13.2,2.12,0.65
2017-07-08,3.6,25.01,87.74,12.11,2.56,0.65
2017-07-09,2.47,24.81,86.63,10.91,2.55,0.65
2017-07-10,2.27,24.8,84.67,16.13,2.2,0.65
2017-07-11,0.84,24.97,85.32,17.27,2.13,0.65
2017-07-12,1.41,25.17,86.84,16.9,2.03,0.65
2017-07-13,2.09,25.51,86.98,15.19,2.29,0.64
2017-07-14,0.29,25.73,83.2,19.2,2.19,0.64
2017-07-15,0.03,25.07,81.64,21.04,2.13,0.64
2017-07-16,0.12,24.53,79.27,20.34,2.22,0.63
2017-07-17,0.19,24.41,79.64,20.69,2.08,0.63
2017-07-18,0.14,24.99,80.71,19.43,1.69,0.62
2017-07-19,0.16,25.46,81.69,19.13,1.48,0.62
2017-07-20,0.66,25.41,82.71,19.75,1.77,0.62
2017-07-21,0.59,25.34,83.19,18.52,1.85,0.62
2017-07-22,0.15,25.12,81.84,18.22,1.98,0.62
2017-07-23,0.02,24.73,77.18,19.44,2.18,0.61
2017-07-24,0.07,24.49,77.7,20.04,2.32,0.61
2017-07-25,0.19,24.73,79.68,19.7,2.39,0.61
2017-07-26,0.43,25.33,82.18,17.89,1.92,0.6
2017-07-27,1.0,25.97,82.84,17.13,1.87,0.6
2017-07-28,0.11,26.24,80.03,19.69,1.27,0.6
2017-07-29,0.57,25.72,83.14,15.52,2.12,0.6
2017-07-30,0.1,25.28,81.14,20.87,2.25,0.6
2017-07-31,0.08,24.95,76.26,21.51,2.23,0.6
2017-08-01,0.77,24.88,82.06,17.98,2.66,0.59
2017-08-02,0.91,24.67,82.05,14.05,2.83,0.59
2017-08-03,0.18,24.55,78.37,17.97,2.79,0.59
2017-08-04,0.18,24.67,78.44,16.37,2.53,0.59
2017-08-05,0.35,24.81,79.9,20.7,2.38,0.59
2017-08-06,0.18,24.92,80.0,19.04,2.08,0.59
2017-08-07,0.01,25.74,78.46,21.28,1.57,0.58
2017-08-08,0.08,25.83,80.8,20.78,1.59,0.58
2017-08-09,0.29,25.76,81.23,20.55,1.82,0.58
2017-08-10,0.27,25.21,79.51,20.23,2.29,0.58
2017-08-11,0.24,25.47,80.23,20.08,2.07,0.58
2017-08-12,0.16,25.88,80.1,18.72,1.69,0.57
2017-08-13,0.15,25.97,79.02,21.53,2.03,0.57
2017-08-14,0.09,25.52,76.7,22.59,1.98,0.57
2017-08-15,0.15,24.96,76.39,22.52,2.33,0.57
2017-08-16,0.24,24.41,78.02,20.17,2.28,0.56
2017-08-17,0.2,24.75,78.03,19.92,2.06,0.56
2017-08-18,0.46,25.29,79.64,15.63,1.79,0.56
2017-08-19,0.42,25.71,80.18,19.75,2.01,0.56
2017-08-20,0.05,25.36,78.49,21.7,2.36,0.56
2017-08-21,0.01,25.47,76.03,23.05,2.15,0.56
2017-08-22,0.02,25.64,73.9,23.19,2.23,0.55
2017-08-23,0.02,25.95,73.94,22.9,1.63,0.55
2017-08-24,0.02,26.13,73.67,23.73,1.54,0.55
2017-08-25,0.02,26.04,73.43,24.16,1.73,0.55
2017-08-26,0.01,26.02,76.28,23.65,2.14,0.54
2017-08-27,0.01,25.89,75.29,23.9,1.92,0.54
2017-08-28,0.01,25.93,73.42,23.12,1.41,0.54
2017-08-29,0.0,25.51,71.99,24.23,2.28,0.54
2017-08-30,0.01,25.55,69.51,24.56,1.48,0.54
2017-08-31,0.08,25.82,70.45,23.62,1.35,0.53
2017-09-01,0.03,25.73,72.25,23.14,1.71,0.53
2017-09-02,0.14,25.39,75.47,21.43,2.3,0.53
2017-09-03,0.16,25.87,78.3,20.55,2.14,0.53
2017-09-04,0.07,25.98,77.82,21.56,2.3,0.53
2017-09-05,0.03,26.3,74.29,23.3,1.4,0.53
2017-09-06,0.38,26.17,75.88,21.06,1.2,0.52
2017-09-07,0.06,26.95,71.83,24.13,1.29,0.52
2017-09-08,0.04,27.25,74.38,23.36,1.46,0.52
2017-09-09,0.04,27.13,75.22,22.87,1.64,0.52
2017-09-10,0.1,26.78,76.51,22.13,1.93,0.52
2017-09-11,0.03,26.19,73.99,23.87,2.45,0.52
2017-09-12,0.02,25.86,73.51,21.57,2.52,0.51
2017-09-13,0.03,26.27,74.66,22.86,2.15,0.51
2017-09-14,0.01,26.5,72.03,25.49,1.92,0.51
2017-09-15,0.02,26.83,72.27,24.3,1.42,0.51
2017-09-16,0.21,27.56,74.78,23.88,1.41,0.51
2017-09-17,0.06,27.07,73.0,25.61,2.08,0.51
2017-09-18,0.01,26.13,69.72,26.67,2.34,0.51
2017-09-19,0.0,26.1,71.19,25.11,1.95,0.5
2017-09-20,0.0,26.35,67.57,24.67,1.77,0.5
2017-09-21,0.0,26.26,73.14,24.44,1.99,0.5
2017-09-22,0.71,26.51,77.54,21.9,1.81,0.5
2017-09-23,0.63,26.93,76.44,21.2,2.06,0.5
2017-09-24,0.87,26.96,76.98,20.71,1.71,0.5
2017-09-25,0.88,26.73,78.09,20.89,1.71,0.5
2017-09-26,0.87,27.5,75.71,23.07,1.46,0.5
2017-09-27,0.43,27.93,74.07,24.31,1.46,0.5
2017-09-28,0.26,27.62,74.96,23.05,1.63,0.5
2017-09-29,0.21,27.41,74.01,24.2,2.24,0.5
2017-09-30,1.82,27.14,76.8,21.95,2.17,0.5
2017-10-01,0.3,27.18,74.86,23.1,2.01,0.5
2017-10-02,0.97,26.99,74.84,23.35,1.83,0.5
2017-10-03,0.54,27.42,74.55,22.77,1.76,0.5
2017-10-04,1.62,27.77,75.76,22.67,1.67,0.5
2017-10-05,18.2,27.52,81.18,22.17,1.59,0.51
2017-10-06,15.22,27.2,82.54,23.15,1.9,0.55
2017-10-07,20.49,26.51,83.43,18.37,2.6,0.57
2017-10-08,10.07,26.53,83.54,19.72,2.26,0.6
2017-10-09,1.63,27.32,81.49,22.93,2.0,0.59
2017-10-10,0.45,27.52,81.94,23.52,1.65,0.58
2017-10-11,0.21,27.82,78.52,25.34,1.83,0.57
2017-10-12,0.15,27.9,78.49,25.12,1.72,0.56
2017-10-13,0.25,27.45,76.46,25.45,2.48,0.55
2017-10-14,0.66,27.38,76.82,23.32,2.42,0.54
2017-10-15,3.22,27.3,79.98,21.62,2.33,0.54
2017-10-16,2.56,27.43,77.65,19.91,2.38,0.54
2017-10-17,2.66,26.35,81.03,19.52,1.66,0.54
2017-10-18,1.01,26.79,81.85,22.85,2.71,0.54
2017-10-19,0.14,27.52,74.36,25.44,2.38,0.53
2017-10-20,0.03,27.08,75.07,25.11,2.55,0.53
2017-10-21,0.11,27.23,72.77,24.96,2.09,0.52
2017-10-22,0.27,27.45,72.86,23.88,1.58,0.52
2017-10-23,1.58,27.6,75.94,23.15,1.41,0.51
2017-10-24,11.82,26.94,81.87,21.18,1.32,0.52
2017-10-25,4.19,27.3,80.88,23.28,1.1,0.54
2017-10-26,3.09,27.73,79.68,22.62,0.89,0.54
2017-10-27,0.79,27.88,78.08,25.12,1.42,0.54
2017-10-28,0.23,27.77,75.06,26.73,1.75,0.53
2017-10-29,0.08,27.63,72.99,27.77,2.13,0.53
2017-10-30,0.04,27.65,70.89,26.85,1.8,0.52
2017-10-31,0.02,27.54,70.93,25.26,1.73,0.51
2017-11-01,0.4,28.2,70.97,25.21,1.25,0.51
2017-11-02,0.85,28.09,74.77,22.1,1.55,0.51
2017-11-03,1.2,28.17,75.2,23.04,1.44,0.5
2017-11-04,8.22,28.24,76.18,21.62,0.96,0.51
2017-11-05,8.6,27.35,76.86,13.83,1.38,0.53
2017-11-06,2.95,28.18,71.23,12.81,1.3,0.53
2017-11-07,0.32,28.01,76.21,19.46,1.33,0.53
2017-11-08,1.41,28.22,76.64,23.59,0.89,0.53
2017-11-09,1.66,27.96,79.1,24.65,1.49,0.53
2017-11-10,3.4,27.2,81.22,22.31,1.66,0.53
2017-11-11,3.83,27.95,79.61,19.36,1.77,0.53
2017-11-12,2.86,27.81,78.49,18.65,1.12,0.53
2017-11-13,12.74,26.45,86.41,15.41,1.09,0.54
2017-11-14,14.99,26.03,87.21,14.11,1.24,0.57
2017-11-15,5.77,26.91,81.67,18.09,1.25,0.58
2017-11-16,2.08,26.89,79.31,17.19,1.31,0.58
2017-11-17,4.92,26.96,79.84,19.02,0.73,0.57
2017-11-18,9.3,27.01,82.46,21.8,0.93,0.57
2017-11-19,28.34,26.88,83.79,19.8,1.13,0.61
2017-11-20,17.21,26.57,86.04,19.15,1.79,0.64
2017-11-21,17.21,26.24,88.7,9.38,2.3,0.64
2017-11-22,5.76,26.57,85.55,17.45,1.85,0.65
2017-11-23,24.23,26.5,85.78,17.93,1.78,0.64
2017-11-24,42.21,26.07,87.43,12.98,1.78,0.72
2017-11-25,2.58,27.13,78.0,19.28,0.75,0.7
2017-11-26,9.34,27.88,78.49,15.42,0.58,0.69
2017-11-27,16.65,26.68,87.95,19.02,1.1,0.68
2017-11-28,16.44,26.58,85.85,11.42,1.24,0.69
2017-11-29,21.2,26.65,85.82,18.05,1.34,0.71
2017-11-30,25.26,26.33,89.2,15.7,2.75,0.74
2017-12-01,2.38,26.49,86.6,8.6,2.16,0.71
2017-12-02,1.35,27.02,82.86,11.58,1.74,0.69
2017-12-03,1.54,27.71,81.47,19.78,1.47,0.67
2017-12-04,10.97,28.0,78.6,21.64,0.96,0.66
2017-12-05,4.2,27.75,78.13,21.33,0.71,0.67
2017-12-06,3.96,27.16,84.21,21.57,1.01,0.66
2017-12-07,6.97,26.97,81.7,22.07,1.24,0.66
2017-12-08,1.33,26.92,81.64,20.85,1.35,0.66
2017-12-09,4.09,27.12,79.9,23.67,1.64,0.65
2017-12-10,10.7,26.57,83.56,20.67,1.77,0.65
2017-12-11,6.88,26.67,84.97,18.44,1.39,0.66
2017-12-12,18.48,26.55,86.05,22.41,1.23,0.67
2017-12-13,5.43,26.74,85.64,23.17,1.37,0.68
2017-12-14,7.17,26.56,86.62,22.23,1.32,0.68
2017-12-15,2.24,27.31,78.93,22.67,0.9,0.67
2017-12-16,10.44,26.65,84.03,20.2,1.24,0.68
2017-12-17,18.01,26.17,84.19,15.6,1.35,0.69
2017-12-18,11.82,26.29,84.95,17.02,1.69,0.7
2017-12-19,51.61,26.26,84.43,17.12,1.62,0.74
2017-12-20,12.91,26.17,83.0,12.18,1.79,0.77
2017-12-21,8.76,26.23,81.41,16.15,1.34,0.75
2017-12-22,11.11,26.22,85.52,17.25,1.57,0.74
2017-12-23,6.12,26.59,82.22,21.89,1.62,0.73
2017-12-24,29.22,26.6,86.45,16.26,1.8,0.74
2017-12-25,12.44,26.53,85.98,14.68,1.51,0.75
2017-12-26,9.48,26.76,87.19,13.05,2.21,0.75
2017-12-27,3.15,26.75,87.25,17.31,2.24,0.73
2017-12-28,2.37,26.53,86.14,15.77,2.07,0.72
2017-12-29,13.71,26.32,86.59,16.73,1.56,0.72
2017-12-30,19.75,26.05,84.87,14.93,1.26,0.74
2017-12-31,10.06,25.98,82.56,17.49,1.13,0.75
2018-01-01,16.51,26.63,81.45,22.71,0.93,0.76
2018-01-02,3.8,27.47,79.28,24.0,0.48,0.74
2018-01-03,4.45,27.49,81.54,21.53,0.81,0.74
2018-01-04,2.48,27.56,81.12,24.05,0.78,0.73
2018-01-05,5.94,26.84,83.91,21.9,0.86,0.73
2018-01-06,4.2,26.53,86.08,19.99,1.3,0.73
2018-01-07,28.5,25.69,88.67,18.48,1.42,0.75
2018-01-08,3.8,26.58,80.29,23.65,0.93,0.76
2018-01-09,10.72,26.41,84.23,21.85,1.38,0.76
2018-01-10,10.28,25.97,89.01,14.96,1.48,0.76
2018-01-11,31.29,25.58,89.83,14.4,1.86,0.77
2018-01-12,37.12,25.53,88.22,9.23,1.92,0.82
2018-01-13,11.61,25.62,86.54,16.97,1.47,0.82
2018-01-14,12.55,25.49,83.58,19.2,1.2,0.81
2018-01-15,9.06,25.01,88.58,15.57,1.6,0.81
2018-01-16,14.63,25.54,84.51,13.1,2.03,0.81
2018-01-17,10.35,26.05,83.58,17.05,1.36,0.81
2018-01-18,16.42,26.25,79.73,17.93,0.78,0.82
2018-01-19,7.55,25.77,86.63,18.63,1.63,0.82
2018-01-20,14.06,25.34,84.37,9.87,1.35,0.82
2018-01-21,34.2,26.0,85.06,12.65,1.52,0.84
2018-01-22,7.33,25.98,85.62,19.0,1.87,0.85
2018-01-23,20.27,25.87,91.41,8.22,1.96,0.85
2018-01-24,7.71,26.08,90.06,13.09,1.46,0.85
2018-01-25,23.73,25.78,91.03,11.72,1.55,0.85
2018-01-26,23.79,25.87,92.0,14.71,1.8,0.87
2018-01-27,23.1,25.94,91.46,15.42,2.36,0.89
2018-01-28,5.48,26.16,91.66,15.65,2.43,0.89
2018-01-29,11.87,25.85,92.08,12.95,3.19,0.88
2018-01-30,4.58,25.86,89.54,21.09,2.19,0.88
2018-01-31,16.62,25.94,90.79,11.73,1.92,0.89
2018-02-01,38.75,25.77,92.86,4.61,1.51,0.91
2018-02-02,16.41,25.81,89.6,18.74,1.39,0.92
2018-02-03,10.33,26.01,85.71,16.85,1.19,0.91
2018-02-04,6.33,26.42,82.05,24.31,1.22,0.91
2018-02-05,3.89,26.26,85.72,23.6,1.78,0.91
2018-02-06,1.09,26.0,84.63,22.73,2.01,0.9
2018-02-07,5.31,25.96,83.08,21.43,1.58,0.89
2018-02-08,3.63,25.88,81.83,21.39,0.58,0.89
2018-02-09,9.73,25.81,85.44,22.63,1.12,0.89
2018-02-10,4.67,26.4,80.2,23.27,1.08,0.89
2018-02-11,5.92,26.49,78.71,23.29,1.05,0.89
2018-02-12,10.97,25.33,90.47,19.73,1.72,0.89
2018-02-13,3.06,26.16,87.77,20.93,1.8,0.89
2018-02-14,11.61,25.92,89.49,18.89,1.85,0.89
2018-02-15,9.34,25.65,89.26,9.83,1.83,0.9
2018-02-16,7.38,25.63,87.75,21.7,1.91,0.9
2018-02-17,9.06,26.16,89.19,21.75,1.92,0.9
2018-02-18,1.7,26.4,83.92,24.5,1.47,0.9
2018-02-19,1.55,26.4,84.64,23.79,1.3,0.89
2018-02-20,3.33,26.11,86.77,22.45,1.29,0.88
2018-02-21,7.2,26.22,87.31,22.72,1.08,0.89
2018-02-22,1.49,26.12,86.82,18.37,0.92,0.88
2018-02-23,13.97,26.35,83.71,23.18,0.62,0.88
2018-02-24,17.04,25.6,91.15,20.03,1.13,0.9
2018-02-25,9.74,25.68,85.57,20.19,1.43,0.91
2018-02-26,1.18,26.29,83.81,24.35,1.57,0.9
2018-02-27,0.62,26.73,80.19,25.44,1.27,0.89
2018-02-28,0.71,26.97,80.42,23.79,1.03,0.88
2018-03-01,1.63,26.06,86.08,21.95,1.01,0.88
2018-03-02,6.92,26.93,80.69,21.74,0.63,0.88
2018-03-03,6.54,26.77,83.15,20.91,0.97,0.88
2018-03-04,2.44,26.96,83.08,21.15,0.88,0.88
2018-03-05,22.8,26.79,85.04,20.29,0.69,0.88
2018-03-06,9.8,26.89,84.8,21.8,0.9,0.9
2018-03-07,28.74,26.7,84.62,17.83,1.0,0.91
2018-03-08,5.78,26.02,88.38,16.95,1.72,0.91
2018-03-09,3.02,26.05,89.4,24.06,1.61,0.91
2018-03-10,1.42,27.16,79.81,23.79,1.33,0.9
2018-03-11,5.47,27.0,78.75,23.84,0.99,0.9
2018-03-12,5.82,27.15,78.82,22.1,0.77,0.9
2018-03-13,6.27,26.6,83.58,19.11,0.94,0.89
2018-03-14,19.78,25.48,87.65,18.9,1.06,0.91
2018-03-15,3.15,26.4,79.03,17.49,0.91,0.9
2018-03-16,5.46,26.43,83.89,21.07,1.27,0.9
2018-03-17,6.78,26.71,79.31,23.02,0.49,0.9
2018-03-18,9.3,26.45,81.15,22.06,0.84,0.9
2018-03-19,2.56,26.99,77.9,24.21,1.16,0.9
2018-03-20,0.1,26.61,79.09,23.68,1.57,0.89
2018-03-21,2.49,26.22,85.8,22.75,1.83,0.88
2018-03-22,18.41,25.92,87.1,14.87,1.55,0.89
2018-03-23,4.02,26.61,82.3,22.11,1.06,0.89
2018-03-24,1.59,27.03,82.28,21.01,1.69,0.89
2018-03-25,2.09,26.89,83.59,22.79,1.75,0.88
2018-03-26,1.23,26.81,80.22,22.57,1.3,0.87
2018-03-27,0.43,26.86,81.34,21.43,1.52,0.87
2018-03-28,0.19,27.03,81.39,23.92,1.51,0.86
2018-03-29,4.46,27.0,82.41,23.28,1.56,0.85
2018-03-30,5.98,26.85,83.15,21.15,1.29,0.86
2018-03-31,5.71,26.55,85.79,20.37,1.35,0.86
2018-04-01,7.64,26.89,83.08,20.4,0.8,0.86
2018-04-02,3.08,27.06,79.62,23.73,1.24,0.86
2018-04-03,0.85,27.11,82.09,23.07,1.55,0.85
2018-04-04,0.71,26.97,84.97,21.8,1.38,0.84
2018-04-05,0.26,27.77,78.38,24.32,1.11,0.84
2018-04-06,0.18,27.97,78.14,23.39,0.7,0.83
2018-04-07,0.73,27.29,79.87,19.57,1.1,0.83
2018-04-08,0.25,27.59,72.76,23.57,1.33,0.82
2018-04-09,0.61,27.84,76.25,22.57,1.41,0.82
2018-04-10,0.2,27.55,81.01,23.11,1.51,0.81
2018-04-11,0.18,27.46,80.87,22.46,1.3,0.81
2018-04-12,0.48,27.92,79.38,22.22,0.9,0.8
2018-04-13,0.46,27.61,83.76,22.76,1.69,0.8
2018-04-14,0.03,28.05,79.82,24.77,1.41,0.79
2018-04-15,0.09,27.78,82.14,22.89,1.75,0.79
2018-04-16,1.48,27.62,83.84,20.29,1.5,0.78
2018-04-17,2.41,27.33,83.92,20.53,1.36,0.78
2018-04-18,0.25,27.88,78.17,23.19,1.48,0.78
2018-04-19,0.76,27.43,79.86,21.35,1.44,0.77
2018-04-20,0.86,27.61,79.87,21.07,1.11,0.77
2018-04-21,2.39,27.37,81.98,18.75,1.3,0.77
2018-04-22,1.1,27.48,82.12,21.32,1.5,0.77
2018-04-23,0.1,27.33,81.04,22.18,1.8,0.76
2018-04-24,0.02,27.25,80.25,23.04,1.72,0.76
2018-04-25,0.16,27.08,79.06,22.21,1.34,0.75
2018-04-26,0.4,27.07,79.05,19.97,1.36,0.75
2018-04-27,0.03,27.22,78.15,22.29,1.51,0.74
2018-04-28,0.01,26.69,79.44,22.97,2.11,0.74
2018-04-29,0.01,26.34,78.65,23.69,1.99,0.73
2018-04-30,0.06,26.2,78.44,22.1,1.7,0.73
2018-05-01,0.01,26.1,77.56,23.22,1.94,0.72
2018-05-02,0.03,25.88,77.5,21.49,1.82,0.72
2018-05-03,0.05,25.83,77.49,22.16,1.98,0.72
2018-05-04,0.03,25.87,80.06,22.31,1.82,0.71
2018-05-05,0.05,26.6,78.74,22.41,1.52,0.71
2018-05-06,0.16,26.99,81.03,21.87,1.76,0.71
2018-05-07,0.07,26.76,81.18,22.77,1.87,0.7
2018-05-08,0.07,26.25,79.39,22.3,2.07,0.7
2018-05-09,0.02,26.47,77.86,22.07,1.8,0.7
2018-05-10,0.02,26.5,79.36,21.83,2.01,0.69
2018-05-11,0.01,26.44,80.11,22.07,2.15,0.69
2018-05-12,0.05,26.42,81.68,21.31,2.04,0.68
2018-05-13,0.21,26.59,81.5,20.35,1.78,0.68
2018-05-14,0.55,26.47,84.51,18.32,1.86,0.68
2018-05-15,1.18,26.13,87.81,14.16,1.96,0.68
2018-05-16,0.93,25.95,87.26,18.11,2.08,0.68
2018-05-17,0.18,25.94,82.89,18.58,2.1,0.68
2018-05-18,0.09,25.86,80.18,19.58,2.0,0.68
2018-05-19,0.15,25.69,82.32,20.25,2.01,0.67
2018-05-20,0.23,26.07,81.92,18.94,1.67,0.67
2018-05-21,0.68,26.14,84.56,17.6,1.75,0.67
2018-05-22,0.54,26.64,83.89,19.62,1.76,0.67
2018-05-23,0.18,26.78,83.15,19.71,1.78,0.66
2018-05-24,0.49,26.67,84.35,18.2,1.95,0.66
2018-05-25,0.14,26.87,83.32,18.82,1.49,0.66
2018-05-26,0.97,26.5,85.11,18.28,1.84,0.65
2018-05-27,0.27,26.21,83.61,18.79,2.24,0.65
2018-05-28,0.2,25.91,82.49,18.33,2.28,0.65
2018-05-29,0.03,25.4,79.61,20.33,2.41,0.65
2018-05-30,0.02,25.38,78.96,20.3,1.81,0.64
2018-05-31,0.18,25.76,79.88,20.17,1.5,0.64
2018-06-01,0.15,25.69,82.84,19.82,1.75,0.64
2018-06-02,0.32,25.85,81.56,19.64,1.77,0.64
2018-06-03,0.43,25.96,81.64,19.38,1.7,0.63
2018-06-04,0.15,26.12,80.13,18.63,1.31,0.63
2018-06-05,0.05,26.53,79.74,19.4,0.98,0.63
2018-06-06,0.06,26.41,82.69,18.26,1.24,0.63
2018-06-07,0.04,26.4,81.38,19.76,1.21,0.62
2018-06-08,0.05,26.0,82.87,18.65,1.83,0.62
2018-06-09,0.03,25.87,81.28,18.57,1.82,0.62
2018-06-10,0.12,26.17,83.09,18.34,2.04,0.62
2018-06-11,0.96,26.18,84.17,15.75,2.35,0.61
2018-06-12,0.16,25.59,80.41,19.51,2.43,0.61
2018-06-13,0.02,25.11,79.9,18.44,2.27,0.61
2018-06-14,0.02,25.06,79.59,19.9,2.13,0.61
2018-06-15,0.06,25.32,80.08,19.06,1.84,0.6
2018-06-16,0.05,25.81,80.19,19.17,1.46,0.6
2018-06-17,0.01,25.88,77.26,19.98,1.86,0.6
2018-06-18,0.03,25.72,79.33,19.15,1.73,0.6
2018-06-19,0.98,25.75,84.81,10.96,2.14,0.6
2018-06-20,3.8,25.36,86.59,14.43,1.99,0.6
2018-06-21,4.79,25.28,86.64,12.97,2.02,0.6
2018-06-22,1.83,25.59,83.63,17.31,2.11,0.61
2018-06-23,0.4,25.79,80.8,17.7,1.97,0.61
2018-06-24,0.41,25.63,80.63,18.2,2.24,0.6
2018-06-25,0.13,25.4,78.62,17.83,2.35,0.6
2018-06-26,0.2,25.18,79.66,16.71,2.18,0.59
2018-06-27,0.14,25.1,80.81,15.92,2.23,0.59
2018-06-28,0.35,25.19,80.8,17.65,2.34,0.59
2018-06-29,0.26,25.0,80.89,17.32,2.58,0.58
2018-06-30,0.39,24.93,80.97,18.98,2.34,0.58
2018-07-01,0.02,25.06,77.69,19.56,1.96,0.58
2018-07-02,0.04,25.33,79.44,20.29,1.95,0.58
2018-07-03,0.72,25.59,83.18,15.93,2.28,0.57
2018-07-04,0.32,25.27,79.2,19.75,2.77,0.57
2018-07-05,0.14,24.29,73.23,19.91,2.72,0.57
2018-07-06,0.26,24.55,77.32,18.05,2.37,0.57
2018-07-07,0.02,24.83,76.37,19.78,2.05,0.57
2018-07-08,0.14,25.22,78.24,20.29,1.98,0.56
2018-07-09,0.3,25.2,79.94,19.91,2.49,0.56
2018-07-10,0.29,24.79,76.33,19.64,2.4,0.56
2018-07-11,0.25,24.87,76.78,20.02,1.94,0.56
2018-07-12,0.37,24.94,78.44,20.25,2.24,0.55
2018-07-13,0.32,24.62,77.05,18.15,2.31,0.55
2018-07-14,0.39,24.42,75.85,17.43,2.38,0.55
2018-07-15,2.7,23.94,75.54,18.11,2.49,0.55
2018-07-16,0.17,24.3,77.58,19.09,2.03,0.55
2018-07-17,0.09,24.79,78.49,19.61,1.98,0.55
2018-07-18,0.07,25.27,79.04,19.02,1.85,0.55
2018-07-19,0.06,25.64,78.73,19.83,1.92,0.54
2018-07-20,0.03,25.83,79.41,19.44,1.55,0.54
2018-07-21,0.7,26.08,81.52,16.73,1.6,0.54
2018-07-22,1.52,25.99,82.76,18.07,1.95,0.54
2018-07-23,0.28,25.58,78.54,20.02,2.38,0.54
2018-07-24,0.0,24.85,72.06,21.91,2.18,0.54
2018-07-25,0.0,25.12,72.31,20.96,1.85,0.53
2018-07-26,0.03,25.17,77.17,19.81,2.0,0.53
2018-07-27,0.08,25.41,78.18,18.42,2.28,0.53
2018-07-28,0.03,25.23,77.24,18.68,2.26,0.53
2018-07-29,0.01,25.64,75.05,19.98,1.74,0.53
2018-07-30,0.02,25.88,76.49,19.88,1.62,0.53
2018-07-31,1.2,25.7,78.79,20.06,1.8,0.52
2018-08-01,1.42,25.14,81.45,19.52,2.33,0.52
2018-08-02,0.17,24.09,75.13,21.14,3.04,0.52
2018-08-03,0.53,23.66,72.63,20.66,2.58,0.52
2018-08-04,0.24,24.02,75.41,18.83,2.23,0.52
2018-08-05,0.81,23.62,79.09,17.21,2.98,0.52
2018-08-06,0.38,24.39,75.99,19.78,2.51,0.52
2018-08-07,0.47,25.13,75.87,21.35,2.09,0.52
2018-08-08,0.05,25.86,75.22,21.0,1.56,0.52
2018-08-09,0.13,26.07,75.79,20.66,1.55,0.51
2018-08-10,2.32,25.21,81.63,19.61,2.46,0.51
2018-08-11,14.38,24.73,81.74,19.64,2.72,0.53
2018-08-12,1.96,24.92,77.54,20.53,2.32,0.54
2018-08-13,0.0,25.46,74.91,22.29,1.65,0.54
2018-08-14,0.06,25.41,76.03,21.82,1.94,0.53
2018-08-15,0.12,24.94,75.32,22.05,2.23,0.53
2018-08-16,1.32,24.6,75.83,17.38,2.05,0.52
2018-08-17,1.59,24.28,79.51,19.16,1.85,0.52
2018-08-18,0.7,25.16,76.16,21.12,1.85,0.52
2018-08-19,1.16,25.41,76.28,22.43,1.85,0.52
2018-08-20,0.02,25.65,76.54,22.59,1.61,0.52
2018-08-21,0.11,25.78,75.94,20.77,1.7,0.51
2018-08-22,0.02,25.84,75.38,22.35,1.81,0.51
2018-08-23,0.03,25.33,75.21,21.72,2.28,0.51
2018-08-24,0.0,25.22,68.83,22.27,2.21,0.51
2018-08-25,0.01,25.19,70.67,22.28,1.71,0.5
2018-08-26,0.03,25.54,74.08,22.0,1.73,0.5
2018-08-27,0.06,25.92,75.75,20.54,1.51,0.5
2018-08-28,0.18,26.04,77.25,20.12,1.25,0.5
2018-08-29,0.31,25.27,79.19,18.77,1.88,0.5
2018-08-30,0.18,25.34,77.96,21.24,2.04,0.5
2018-08-31,0.23,25.82,78.48,20.83,2.07,0.5
2018-09-01,1.88,25.41,80.24,16.97,2.46,0.5
2018-09-02,0.18,25.43,76.31,22.32,2.5,0.5
2018-09-03,0.22,24.9,73.93,22.39,2.59,0.49
2018-09-04,0.49,25.38,76.28,19.31,2.19,0.49
2018-09-05,0.66,25.7,76.12,18.93,2.34,0.49
2018-09-06,0.91,26.08,75.1,19.98,1.81,0.49
2018-09-07,1.39,26.11,76.71,21.2,1.97,0.49
2018-09-08,0.07,26.27,73.56,24.08,2.16,0.49
2018-09-09,0.01,26.39,73.31,24.43,1.72,0.49
2018-09-10,0.05,26.79,73.35,23.74,1.73,0.49
2018-09-11,0.06,26.63,73.73,24.09,2.17,0.48
2018-09-12,0.04,25.68,72.11,25.22,2.5,0.48
2018-09-13,0.02,25.6,68.5,25.0,2.18,0.48
2018-09-14,0.36,25.65,70.88,23.84,2.17,0.48
2018-09-15,1.0,25.98,72.7,22.07,1.71,0.48
2018-09-16,0.1,27.04,71.62,23.33,1.46,0.48
2018-09-17,0.04,27.17,70.28,22.4,1.45,0.48
2018-09-18,0.2,27.17,73.93,21.99,1.6,0.48
2018-09-19,0.14,27.19,73.45,23.89,1.51,0.48
2018-09-20,0.18,27.27,73.17,21.27,1.66,0.48
2018-09-21,0.04,27.23,69.81,24.8,1.82,0.47
2018-09-22,0.01,27.22,68.38,25.49,1.37,0.47
2018-09-23,0.11,27.23,70.77,22.05,1.66,0.47
2018-09-24,0.03,27.54,70.81,24.46,1.76,0.47
2018-09-25,0.02,27.48,69.58,24.97,1.72,0.47
2018-09-26,0.0,26.99,66.32,26.9,1.55,0.47
2018-09-27,0.0,26.6,67.15,25.98,1.67,0.47
2018-09-28,0.01,27.19,69.88,23.64,1.52,0.47
2018-09-29,0.02,27.49,69.91,24.22,1.16,0.47
2018-09-30,0.01,28.04,69.2,25.3,1.12,0.47
2018-10-01,0.06,27.93,70.8,24.42,1.37,0.46
2018-10-02,0.07,27.97,68.87,25.19,1.39,0.46
2018-10-03,0.14,27.41,68.79,25.9,1.47,0.46
2018-10-04,0.19,27.42,67.97,23.94,1.25,0.46
2018-10-05,0.18,27.88,68.37,24.7,1.24,0.46
2018-10-06,0.24,28.1,70.85,23.35,1.46,0.46
2018-10-07,0.12,28.17,67.64,24.87,1.47,0.46
2018-10-08,0.01,27.8,68.51,26.18,1.82,0.46
2018-10-09,0.0,27.44,70.16,26.76,1.99,0.46
2018-10-10,0.0,27.73,68.97,25.84,1.52,0.46
2018-10-11,0.01,28.04,68.34,25.23,1.68,0.46
2018-10-12,0.01,28.05,69.88,25.66,1.71,0.46
2018-10-13,0.1,27.61,70.95,25.31,2.05,0.46
2018-10-14,0.17,27.39,74.14,23.85,2.15,0.46
2018-10-15,0.2,27.88,71.11,25.44,2.27,0.46
2018-10-16,0.14,27.74,70.59,25.19,2.35,0.46
2018-10-17,0.05,27.33,71.57,24.76,2.54,0.46
2018-10-18,0.07,27.0,71.05,23.25,2.68,0.46
2018-10-19,0.13,27.12,70.36,23.89,2.61,0.46
2018-10-20,0.15,27.44,70.25,23.73,2.51,0.45
2018-10-21,0.23,27.76,71.33,24.63,1.66,0.45
2018-10-22,0.45,27.84,73.6,23.42,1.99,0.45
2018-10-23,0.55,27.91,72.68,24.89,2.02,0.45
2018-10-24,0.09,27.71,69.81,26.18,2.08,0.45
2018-10-25,0.07,27.42,70.08,25.18,2.19,0.45
2018-10-26,0.0,27.85,69.11,25.4,2.21,0.45
2018-10-27,0.07,27.82,70.61,24.2,2.28,0.45
2018-10-28,0.52,27.67,69.89,25.71,2.23,0.45
2018-10-29,0.05,27.76,70.14,25.58,1.92,0.45
2018-10-30,0.02,27.97,68.54,27.41,2.01,0.45
2018-10-31,0.05,27.92,68.97,24.63,1.79,0.45
2018-11-01,0.25,28.48,68.13,24.36,1.21,0.45
2018-11-02,1.75,28.52,73.22,21.82,1.52,0.45
2018-11-03,2.61,28.42,75.51,23.75,1.96,0.45
2018-11-04,9.13,27.61,82.69,21.27,1.92,0.47
2018-11-05,1.88,28.14,78.21,20.79,1.49,0.47
2018-11-06,1.91,27.95,79.71,21.83,1.62,0.47
2018-11-07,18.92,27.38,81.38,20.44,1.3,0.49
2018-11-08,40.37,26.03,90.84,19.22,1.39,0.57
2018-11-09,11.5,26.57,85.54,18.68,1.44,0.59
2018-11-10,1.46,27.62,81.65,22.51,1.25,0.58
2018-11-11,8.1,27.83,80.58,21.3,1.33,0.57
2018-11-12,7.46,26.9,83.3,20.27,1.99,0.57
2018-11-13,1.59,27.94,78.53,23.87,1.56,0.57
2018-11-14,4.82,28.23,79.6,23.46,1.51,0.55
2018-11-15,4.69,27.49,82.82,20.93,1.91,0.55
2018-11-16,0.79,27.64,80.33,23.44,1.77,0.55
2018-11-17,0.38,28.21,76.33,25.19,0.93,0.54
2018-11-18,1.62,27.91,79.09,23.52,1.11,0.53
2018-11-19,1.03,27.94,77.93,24.03,1.68,0.53
2018-11-20,0.47,27.84,75.76,24.6,1.98,0.52
2018-11-21,0.21,27.96,75.06,24.58,1.91,0.51
2018-11-22,1.43,27.54,75.72,24.01,2.2,0.51
2018-11-23,2.46,27.34,75.25,22.91,2.06,0.51
2018-11-24,2.39,27.21,75.78,20.41,1.82,0.51
2018-11-25,12.29,26.77,79.89,21.94,1.66,0.51
2018-11-26,11.29,25.89,83.84,16.3,1.06,0.54
2018-11-27,13.27,26.84,78.52,22.46,0.66,0.55
2018-11-28,5.4,27.11,80.1,21.26,0.87,0.56
2018-11-29,9.29,26.67,84.53,17.22,1.69,0.56
2018-11-30,7.72,27.04,81.62,18.48,1.58,0.57
2018-12-01,5.84,26.04,85.17,19.49,1.86,0.57
2018-12-02,3.98,27.13,78.77,19.75,1.41,0.57
2018-12-03,10.37,26.24,86.78,16.41,1.63,0.57
2018-12-04,2.48,27.67,80.55,23.15,1.15,0.57
2018-12-05,2.49,27.28,84.97,18.93,0.6,0.56
2018-12-06,12.83,27.21,86.09,22.45,1.2,0.57
2018-12-07,13.01,27.97,82.87,22.47,1.58,0.58
2018-12-08,5.52,27.75,83.96,20.74,1.26,0.59
2018-12-09,2.39,26.53,79.74,20.86,1.55,0.58
2018-12-10,0.16,27.18,77.61,22.37,1.14,0.57
2018-12-11,0.69,27.5,83.33,20.9,1.43,0.56
2018-12-12,1.55,27.13,84.84,19.27,1.46,0.56
2018-12-13,4.28,26.63,85.19,16.06,1.76,0.56
2018-12-14,1.44,27.29,82.67,19.64,1.44,0.56
2018-12-15,6.16,26.6,87.28,22.16,1.55,0.56
2018-12-16,1.49,26.62,84.16,19.67,1.93,0.56
2018-12-17,0.26,27.26,77.83,22.35,2.16,0.55
2018-12-18,1.19,26.89,79.15,20.18,1.73,0.55
2018-12-19,2.06,27.05,78.07,17.84,1.56,0.54
2018-12-20,0.85,27.31,75.46,19.83,1.29,0.54
2018-12-21,4.78,27.46,78.45,23.25,1.36,0.54
2018-12-22,4.76,27.07,81.67,20.11,2.15,0.54
2018-12-23,4.91,26.64,83.67,14.72,2.11,0.55
2018-12-24,16.93,25.96,86.47,12.88,1.58,0.57
2018-12-25,0.47,26.3,80.42,19.93,1.39,0.57
2018-12-26,1.56,27.33,79.26,21.52,1.78,0.56
2018-12-27,3.15,26.79,84.24,19.54,2.18,0.56
2018-12-28,6.82,26.91,78.03,11.31,2.01,0.56
2018-12-29,13.74,27.16,79.31,18.57,1.57,0.58
2018-12-30,6.21,26.84,87.52,17.8,1.8,0.58
2018-12-31,4.56,27.0,82.79,18.49,2.02,0.58
2019-01-01,13.07,26.78,86.11,17.17,2.05,0.58
2019-01-02,11.34,26.27,84.99,10.1,1.17,0.6
2019-01-03,15.96,25.9,89.64,7.58,2.2,0.62
2019-01-04,3.52,26.49,80.39,14.61,1.64,0.62
2019-01-05,0.71,27.13,80.94,24.57,1.7,0.6
2019-01-06,5.71,27.21,81.41,19.47,0.98,0.59
2019-01-07,3.66,27.33,80.33,24.01,1.17,0.6
2019-01-08,0.4,27.53,78.62,24.79,1.24,0.58
2019-01-09,1.0,27.83,78.74,24.85,0.97,0.57
2019-01-10,1.14,27.65,81.39,25.08,1.32,0.57
2019-01-11,3.24,27.35,82.59,24.33,1.07,0.57
2019-01-12,5.86,27.46,81.89,23.09,0.8,0.57
2019-01-13,9.01,27.34,82.03,24.33,0.88,0.58
2019-01-14,18.58,27.2,81.59,23.31,1.32,0.6
2019-01-15,14.48,26.6,84.86,19.39,1.56,0.63
2019-01-16,18.66,26.05,86.7,9.62,0.95,0.64
2019-01-17,9.43,26.32,81.24,11.79,1.15,0.64
2019-01-18,17.72,26.4,82.23,13.96,1.04,0.65
2019-01-19,2.05,27.4,78.19,20.16,0.68,0.64
2019-01-20,13.2,27.43,80.84,22.55,0.82,0.64
2019-01-21,21.61,26.86,88.81,21.13,1.78,0.65
2019-01-22,40.51,26.41,88.83,13.71,2.03,0.67
2019-01-23,26.27,25.91,88.4,10.21,2.49,0.74
2019-01-24,11.94,26.33,85.75,16.23,2.82,0.72
2019-01-25,3.36,26.66,83.5,21.5,2.35,0.71
2019-01-26,4.23,27.0,85.79,22.67,2.3,0.68
2019-01-27,12.95,26.89,88.29,14.66,2.66,0.68
2019-01-28,7.73,26.24,88.56,10.18,2.04,0.68
2019-01-29,1.2,25.95,87.35,19.72,1.78,0.67
2019-01-30,1.75,27.38,78.47,25.03,0.68,0.66
2019-01-31,12.9,27.02,80.28,21.73,1.1,0.66
2019-02-01,1.53,26.38,84.0,19.24,1.34,0.66
2019-02-02,6.54,26.45,87.02,20.44,1.34,0.66
2019-02-03,3.17,26.8,84.25,22.43,1.24,0.66
2019-02-04,4.18,26.61,86.81,19.15,1.68,0.66
2019-02-05,6.08,26.54,89.24,14.57,1.78,0.66
2019-02-06,15.54,26.1,89.53,16.38,1.92,0.68
2019-02-07,6.1,26.36,87.43,22.17,1.23,0.68
2019-02-08,7.01,26.18,87.06,20.01,1.14,0.68
2019-02-09,3.9,26.24,84.69,23.15,1.32,0.67
2019-02-10,3.76,26.28,84.6,23.54,0.99,0.67
2019-02-11,9.93,26.57,83.26,22.06,0.93,0.67
2019-02-12,21.5,26.22,85.63,16.04,1.18,0.69
2019-02-13,8.84,25.78,86.78,11.84,1.55,0.7
2019-02-14,1.42,26.82,79.98,24.77,0.95,0.69
2019-02-15,2.02,27.69,77.13,24.95,0.99,0.68
2019-02-16,0.65,27.9,76.09,25.39,0.7,0.67
2019-02-17,0.76,27.26,78.06,25.36,0.78,0.66
2019-02-18,6.68,27.01,81.89,18.39,1.29,0.66
2019-02-19,2.63,27.2,79.5,18.3,1.13,0.66
2019-02-20,3.89,27.13,79.83,20.69,0.96,0.66
2019-02-21,3.16,27.55,76.71,22.57,0.8,0.66
2019-02-22,2.77,27.33,78.51,22.81,0.4,0.66
2019-02-23,1.29,27.48,78.27,25.43,0.79,0.65
2019-02-24,1.5,27.82,79.18,25.63,1.26,0.64
2019-02-25,0.11,28.24,75.55,25.36,0.82,0.64
2019-02-26,0.61,28.29,78.8,26.64,1.31,0.63
2019-02-27,1.75,28.5,78.22,22.22,0.96,0.63
2019-02-28,24.98,28.24,79.53,19.87,0.6,0.64
2019-03-01,6.12,27.75,80.53,22.47,1.34,0.68
2019-03-02,1.41,28.04,75.46,21.7,0.58,0.66
2019-03-03,4.53,27.39,79.59,21.08,0.81,0.66
2019-03-04,27.61,26.4,87.18,19.13,0.87,0.68
2019-03-05,10.85,27.8,77.72,19.86,0.92,0.71
2019-03-06,11.41,26.86,88.6,12.86,2.01,0.71
2019-03-07,28.76,26.19,90.8,9.93,1.81,0.72
2019-03-08,9.91,26.29,86.44,17.87,1.8,0.74
2019-03-09,0.95,27.1,80.98,20.7,1.43,0.72
2019-03-10,0.52,27.55,77.53,24.29,1.12,0.7
2019-03-11,6.73,27.29,81.32,24.2,0.77,0.69
2019-03-12,11.15,27.2,81.04,21.74,1.32,0.7
2019-03-13,30.23,26.76,82.64,19.42,0.8,0.72
2019-03-14,5.69,26.57,80.91,18.13,1.67,0.73
2019-03-15,10.03,25.44,86.71,17.03,2.1,0.72
2019-03-16,12.3,25.8,84.85,16.28,1.62,0.72
2019-03-17,11.92,25.68,86.69,19.24,1.44,0.73
2019-03-18,5.17,25.51,88.65,16.45,1.17,0.72
2019-03-19,4.86,26.27,85.1,21.21,1.4,0.72
2019-03-20,4.45,26.46,88.16,19.34,1.96,0.72
2019-03-21,32.61,26.51,90.57,17.93,1.95,0.73
2019-03-22,17.08,26.85,88.9,18.06,1.62,0.76
2019-03-23,21.68,26.54,91.12,11.32,1.8,0.78
2019-03-24,14.29,25.98,87.79,15.2,2.01,0.77
2019-03-25,4.39,26.85,84.9,16.28,1.31,0.76
2019-03-26,7.27,27.34,82.19,19.82,0.53,0.75
2019-03-27,7.57,26.67,86.71,20.28,1.59,0.75
2019-03-28,0.71,26.54,84.65,22.51,1.16,0.74
2019-03-29,1.05,26.77,82.59,20.64,1.22,0.73
2019-03-30,2.19,27.53,78.62,23.34,0.79,0.73
2019-03-31,2.68,27.01,82.34,23.89,1.19,0.73
2019-04-01,1.0,27.29,78.59,21.74,0.8,0.72
2019-04-02,1.68,27.21,78.2,22.28,0.81,0.72
2019-04-03,0.85,26.92,80.51,20.74,0.99,0.72
2019-04-04,5.55,26.85,83.25,18.67,1.07,0.71
2019-04-05,17.49,26.5,85.47,18.44,1.04,0.73
2019-04-06,13.59,26.46,87.1,17.47,1.61,0.75
2019-04-07,0.46,26.78,78.86,24.69,1.34,0.74
2019-04-08,0.43,27.39,77.89,22.69,0.92,0.73
2019-04-09,2.26,27.56,81.17,17.39,0.82,0.73
2019-04-10,2.01,27.19,84.09,18.78,1.02,0.72
2019-04-11,3.41,27.31,78.99,18.66,0.97,0.72
2019-04-12,19.02,25.94,84.39,17.86,1.32,0.74
2019-04-13,14.58,26.86,87.6,19.37,0.91,0.76
2019-04-14,10.67,26.66,87.67,18.07,1.3,0.76
2019-04-15,2.48,27.08,82.27,20.06,1.13,0.76
2019-04-16,1.41,27.55,82.29,19.51,0.38,0.74
2019-04-17,0.96,27.42,84.53,21.03,0.97,0.74
2019-04-18,0.12,27.44,78.06,23.8,1.67,0.73
2019-04-19,5.27,27.12,80.99,23.26,1.58,0.72
2019-04-20,1.7,27.28,80.23,21.28,1.88,0.72
2019-04-21,0.03,27.27,79.24,19.76,1.87,0.72
2019-04-22,0.48,27.46,81.85,22.17,1.82,0.71
2019-04-23,0.09,27.36,80.21,22.3,1.98,0.71
2019-04-24,0.01,27.49,78.71,22.22,1.74,0.7
2019-04-25,0.32,27.16,80.85,20.47,1.83,0.7
2019-04-26,0.51,27.33,81.69,21.84,1.63,0.69
2019-04-27,1.15,27.39,81.6,18.87,1.41,0.69
2019-04-28,1.77,27.01,83.75,17.97,0.92,0.69
2019-04-29,12.58,26.32,88.6,11.82,1.2,0.7
2019-04-30,8.21,27.07,84.89,17.74,0.69,0.71
2019-05-01,5.87,26.66,86.98,18.97,1.29,0.72
2019-05-02,2.13,26.58,86.54,17.77,1.26,0.72
2019-05-03,0.37,26.75,86.58,21.66,1.79,0.71
2019-05-04,1.39,26.98,82.3,21.41,1.54,0.7
2019-05-05,1.44,27.35,82.74,21.31,1.61,0.7
2019-05-06,0.36,27.25,82.92,19.9,1.62,0.7
2019-05-07,0.04,26.92,81.51,20.99,1.9,0.69
2019-05-08,0.03,26.24,79.35,22.22,1.99,0.68
2019-05-09,0.04,26.24,78.8,20.02,1.91,0.68
2019-05-10,0.05,25.99,80.34,20.77,2.23,0.67
2019-05-11,0.03,25.98,79.59,21.68,1.96,0.67
2019-05-12,0.36,26.08,81.55,20.77,1.94,0.67
2019-05-13,0.35,26.33,83.16,21.52,1.9,0.66
2019-05-14,0.04,26.4,81.17,21.03,1.79,0.66
2019-05-15,0.02,26.09,82.49,21.59,1.94,0.66
2019-05-16,0.1,26.07,81.89,19.43,1.86,0.66
2019-05-17,0.05,25.85,81.4,20.7,1.91,0.65
2019-05-18,0.01,25.58,79.6,21.08,1.64,0.65
2019-05-19,0.01,25.86,81.87,21.56,1.99,0.65
2019-05-20,0.17,26.22,83.41,20.66,1.96,0.65
2019-05-21,0.16,26.39,82.95,21.11,2.04,0.65
2019-05-22,0.37,26.62,82.95,20.37,2.0,0.64
2019-05-23,0.07,26.64,82.99,20.03,1.77,0.64
2019-05-24,0.02,25.83,81.0,21.38,2.12,0.64
2019-05-25,0.09,25.84,82.16,20.87,2.06,0.63
2019-05-26,1.14,25.99,82.92,19.85,2.01,0.63
2019-05-27,0.38,26.21,81.56,19.58,1.82,0.63
2019-05-28,0.27,26.41,82.03,18.82,1.84,0.63
2019-05-29,0.26,26.14,81.37,19.52,2.17,0.63
2019-05-30,0.15,25.84,79.96,20.31,2.39,0.62
2019-05-31,0.1,25.64,78.79,18.76,2.47,0.62
2019-06-01,0.24,25.65,80.26,18.34,2.47,0.62
2019-06-02,0.27,25.47,81.42,18.89,2.36,0.61
2019-06-03,0.6,25.7,83.93,15.92,2.24,0.61
2019-06-04,0.41,25.98,81.55,16.35,1.67,0.61
2019-06-05,0.47,26.09,82.45,19.1,1.76,0.61
2019-06-06,0.05,26.03,79.36,19.61,1.78,0.61
2019-06-07,0.0,26.13,79.96,18.54,1.53,0.6
2019-06-08,0.08,26.09,81.25,18.43,1.63,0.6
2019-06-09,0.52,25.76,83.88,17.75,1.91,0.6
2019-06-10,0.06,26.12,81.15,19.57,1.61,0.6
2019-06-11,0.09,25.98,83.75,17.96,2.08,0.6
2019-06-12,0.99,25.88,83.1,18.62,2.18,0.59
2019-06-13,5.01,25.69,87.22,12.84,2.18,0.6
2019-06-14,2.16,25.82,86.32,14.67,2.21,0.6
2019-06-15,0.14,25.43,80.4,20.21,2.25,0.6
2019-06-16,0.08,25.02,80.16,17.74,1.84,0.59
2019-06-17,0.05,24.79,79.12,20.64,2.05,0.59
2019-06-18,0.07,24.86,78.35,20.57,1.58,0.59
2019-06-19,0.18,24.93,78.02,19.65,1.64,0.58
2019-06-20,0.01,25.2,76.86,18.85,1.54,0.58
2019-06-21,0.01,25.06,75.33,19.71,1.44,0.58
2019-06-22,0.01,25.22,77.17,18.98,1.63,0.57
2019-06-23,0.0,25.1,77.59,19.37,1.83,0.57
2019-06-24,0.01,25.18,78.25,19.88,1.61,0.57
2019-06-25,0.03,25.36,79.31,19.56,1.79,0.56
2019-06-26,0.0,24.65,76.75,20.41,1.91,0.56
2019-06-27,0.02,24.28,78.45,19.76,2.16,0.56
2019-06-28,0.01,24.19,74.54,20.16,2.58,0.56
2019-06-29,0.01,24.13,71.0,21.26,2.49,0.55
2019-06-30,0.02,24.28,73.3,19.67,1.75,0.55
2019-07-01,0.16,25.15,79.72,17.05,1.64,0.55
2019-07-02,0.7,25.71,80.75,16.09,1.39,0.55
2019-07-03,1.1,25.61,84.31,14.07,1.56,0.55
2019-07-04,0.26,25.9,81.23,16.8,1.47,0.55
2019-07-05,0.04,25.32,79.45,18.82,1.74,0.55
2019-07-06,0.0,24.53,74.81,21.48,2.07,0.54
2019-07-07,0.0,24.1,75.01,21.46,2.22,0.54
2019-07-08,0.0,24.16,74.51,20.93,2.09,0.54
2019-07-09,0.06,24.52,78.67,19.39,1.89,0.54
2019-07-10,0.07,24.84,77.36,19.48,1.95,0.53
2019-07-11,0.01,24.99,74.82,20.44,1.79,0.53
2019-07-12,0.03,25.03,75.81,20.32,2.14,0.53
2019-07-13,0.0,24.22,73.15,21.05,2.29,0.53
2019-07-14,0.02,24.43,73.74,19.91,1.93,0.53
2019-07-15,0.05,24.63,74.8,20.13,2.32,0.52
2019-07-16,0.19,24.3,77.76,19.56,2.36,0.52
2019-07-17,0.12,24.79,77.15,18.7,2.0,0.52
2019-07-18,0.02,25.62,77.81,17.97,1.81,0.52
2019-07-19,0.19,25.71,81.24,14.32,1.52,0.52
2019-07-20,0.08,25.93,80.68,18.91,1.87,0.52
2019-07-21,0.05,25.37,77.12,19.82,1.84,0.52
2019-07-22,0.03,25.06,77.9,19.95,2.15,0.51
2019-07-23,0.01,25.07,74.28,21.27,1.87,0.51
2019-07-24,0.05,24.9,75.95,19.48,1.68,0.51
2019-07-25,0.05,24.9,74.12,20.28,2.01,0.51
2019-07-26,0.0,25.09,73.84,21.44,1.52,0.51
2019-07-27,0.0,25.18,76.25,21.61,1.71,0.51
2019-07-28,0.04,25.04,76.34,21.49,1.61,0.51
2019-07-29,0.09,25.23,76.57,21.26,1.87,0.51
2019-07-30,0.05,25.07,75.93,22.1,2.05,0.5
2019-07-31,0.06,25.22,75.92,21.19,1.97,0.5
2019-08-01,0.04,25.44,75.46,20.65,1.72,0.5
2019-08-02,0.06,25.21,74.58,21.1,2.08,0.5
2019-08-03,0.01,24.55,72.83,20.88,2.74,0.5
2019-08-04,0.01,24.01,68.7,22.14,2.27,0.5
2019-08-05,0.02,24.05,69.44,21.88,1.87,0.5
2019-08-06,0.04,24.76,72.31,20.81,1.74,0.5
2019-08-07,0.07,24.56,76.11,20.45,2.12,0.49
2019-08-08,0.15,24.61,75.51,20.95,2.15,0.49
2019-08-09,0.02,24.8,75.61,20.41,2.2,0.49
2019-08-10,0.01,25.18,73.99,20.51,1.28,0.49
2019-08-11,0.01,25.59,74.9,19.89,1.3,0.49
2019-08-12,0.81,26.19,78.18,21.01,1.36,0.49
2019-08-13,1.3,26.1,79.5,20.24,1.05,0.49
2019-08-14,0.62,26.36,75.53,20.8,1.11,0.49
2019-08-15,0.02,26.05,69.83,22.21,1.48,0.49
2019-08-16,0.0,25.28,73.89,22.08,1.99,0.49
2019-08-17,0.02,25.04,74.36,21.12,2.38,0.49
2019-08-18,0.01,24.85,71.8,21.65,2.44,0.49
2019-08-19,0.03,24.82,72.5,22.48,2.53,0.48
2019-08-20,0.05,25.56,74.26,22.11,1.88,0.48
2019-08-21,0.07,25.87,76.12,21.94,1.45,0.48
2019-08-22,0.1,25.55,73.37,21.84,1.9,0.48
2019-08-23,0.05,25.24,74.36,20.3,2.09,0.48
2019-08-24,0.05,25.58,76.34,18.72,1.89,0.48
2019-08-25,0.31,25.66,78.52,20.01,1.94,0.48
2019-08-26,0.02,25.45,73.19,20.28,1.9,0.48
2019-08-27,0.01,25.0,74.77,21.92,2.01,0.48
2019-08-28,0.02,25.54,72.95,23.36,1.75,0.48
2019-08-29,0.04,25.59,73.06,23.8,1.5,0.47
2019-08-30,0.24,25.33,70.94,23.45,2.02,0.47
2019-08-31,0.02,25.18,69.78,23.18,2.29,0.47
2019-09-01,0.0,25.69,70.48,23.3,1.95,0.47
2019-09-02,0.0,25.89,68.73,24.55,1.59,0.47
2019-09-03,0.01,25.73,70.31,25.33,1.49,0.47
2019-09-04,0.0,25.01,71.37,23.84,2.07,0.47
2019-09-05,0.01,25.47,72.88,22.21,1.7,0.47
2019-09-06,0.01,25.53,75.61,22.54,1.84,0.47
2019-09-07,0.01,25.72,75.39,22.1,2.19,0.47
2019-09-08,0.02,26.08,73.36,21.84,1.79,0.47
2019-09-09,0.02,26.38,70.66,24.52,1.54,0.47
2019-09-10,0.02,26.22,70.62,24.55,1.78,0.46
2019-09-11,0.02,25.39,69.96,25.4,2.11,0.46
2019-09-12,1.06,24.94,67.56,22.55,2.21,0.46
2019-09-13,1.17,25.62,69.52,24.32,1.52,0.46
2019-09-14,0.41,25.8,70.5,22.18,1.34,0.46
2019-09-15,0.14,25.96,71.43,22.95,1.35,0.46
2019-09-16,0.09,26.17,71.96,23.45,1.27,0.46
2019-09-17,0.12,26.51,70.92,24.27,1.53,0.46
2019-09-18,0.03,26.33,72.83,24.3,1.7,0.46
2019-09-19,0.03,26.04,73.06,22.97,1.53,0.46
2019-09-20,0.01,26.43,71.69,24.53,1.81,0.46
2019-09-21,0.0,26.05,72.56,23.71,1.69,0.46
2019-09-22,0.0,26.3,69.71,25.2,1.76,0.46
2019-09-23,0.0,26.69,71.29,24.39,1.39,0.46
2019-09-24,0.01,27.22,71.14,24.53,1.27,0.46
2019-09-25,0.02,27.39,72.92,24.79,1.82,0.46
2019-09-26,0.67,27.2,72.71,23.31,1.59,0.46
2019-09-27,0.36,27.01,73.88,22.07,1.84,0.46
2019-09-28,0.04,27.12,71.89,23.22,1.96,0.46
2019-09-29,0.12,27.26,70.64,24.41,1.58,0.46
2019-09-30,0.19,26.92,70.81,24.35,1.97,0.46
2019-10-01,0.05,27.14,70.57,24.92,1.47,0.45
2019-10-02,0.12,27.5,71.06,23.85,1.33,0.45
2019-10-03,0.26,27.6,71.23,26.1,1.52,0.45
2019-10-04,0.01,26.82,71.4,26.97,2.1,0.45
2019-10-05,0.01,26.77,69.19,26.02,1.63,0.45
2019-10-06,0.04,27.47,68.85,25.57,1.5,0.45
2019-10-07,0.04,27.59,69.5,25.14,1.62,0.45
2019-10-08,0.02,27.55,69.44,25.48,1.53,0.45
2019-10-09,0.01,27.61,68.25,25.43,1.28,0.45
2019-10-10,0.02,28.02,67.1,25.98,1.19,0.45
2019-10-11,0.02,28.03,66.33,26.45,1.28,0.45
2019-10-12,0.0,27.87,66.55,26.28,1.15,0.45
2019-10-13,0.0,27.79,69.46,25.34,1.56,0.45
2019-10-14,0.02,27.84,70.46,25.56,1.69,0.45
2019-10-15,0.12,27.51,70.06,25.44,1.95,0.45
2019-10-16,0.1,27.13,70.2,25.28,1.89,0.45
2019-10-17,0.04,27.26,69.32,24.57,1.51,0.44
2019-10-18,0.02,27.77,70.04,24.99,1.73,0.44
2019-10-19,0.03,28.35,68.57,25.63,1.3,0.44
2019-10-20,0.06,28.55,70.51,26.22,1.68,0.44
2019-10-21,0.03,28.69,68.79,26.69,1.44,0.44
2019-10-22,0.03,28.55,67.86,26.66,1.39,0.44
2019-10-23,0.03,28.7,66.96,26.68,1.16,0.44
2019-10-24,0.05,28.69,66.17,26.32,0.92,0.44
2019-10-25,0.04,28.52,67.87,24.41,1.3,0.44
2019-10-26,0.01,28.43,67.78,25.89,1.59,0.44
2019-10-27,0.02,28.17,68.66,24.75,1.84,0.44
2019-10-28,0.06,28.3,68.28,25.12,1.72,0.44
2019-10-29,0.07,28.25,68.0,25.38,1.72,0.44
2019-10-30,0.11,28.32,69.75,25.14,1.71,0.44
2019-10-31,0.21,28.32,70.84,24.52,1.81,0.44
2019-11-01,0.25,27.98,72.75,23.66,1.96,0.44
2019-11-02,4.34,27.76,72.66,22.68,1.97,0.44
2019-11-03,2.0,27.33,75.38,24.11,2.02,0.45
2019-11-04,0.16,27.79,71.65,26.09,2.26,0.45
2019-11-05,0.05,27.98,69.44,26.69,1.96,0.45
2019-11-06,0.03,27.96,69.59,25.5,1.73,0.45
2019-11-07,0.05,28.38,68.75,26.4,1.52,0.45
2019-11-08,0.11,28.71,69.98,23.93,1.52,0.44
2019-11-09,0.1,28.62,71.25,25.19,1.75,0.44
2019-11-10,0.84,29.06,67.67,25.19,1.5,0.44
2019-11-11,0.86,28.44,71.62,25.49,1.51,0.44
2019-11-12,0.24,28.59,72.25,23.69,1.33,0.44
2019-11-13,0.23,29.06,70.05,23.84,1.04,0.44
2019-11-14,0.11,29.1,69.34,27.06,1.49,0.44
2019-11-15,0.1,28.62,68.44,24.98,1.61,0.44
2019-11-16,0.07,29.04,68.41,24.95,1.42,0.44
2019-11-17,0.08,29.58,66.36,26.11,1.38,0.44
2019-11-18,0.03,29.57,65.4,26.23,1.22,0.44
2019-11-19,0.07,29.14,67.12,22.78,1.19,0.44
2019-11-20,0.21,28.44,70.8,22.11,1.96,0.44
2019-11-21,0.02,29.07,67.08,24.12,1.35,0.44
2019-11-22,0.2,29.19,69.42,23.91,1.67,0.44
2019-11-23,1.51,29.4,68.2,24.8,1.54,0.44
2019-11-24,1.75,29.05,69.03,24.97,1.35,0.44
2019-11-25,0.08,28.75,68.99,23.7,1.58,0.44
2019-11-26,0.07,28.75,68.08,26.18,1.18,0.44
2019-11-27,0.2,28.99,68.19,23.48,1.12,0.44
2019-11-28,0.06,29.36,68.52,22.57,1.59,0.44
2019-11-29,0.08,29.95,66.79,22.98,1.61,0.44
2019-11-30,0.5,30.07,67.37,24.19,1.09,0.44
2019-12-01,0.85,30.09,67.61,24.05,1.4,0.44
2019-12-02,0.03,29.99,66.71,22.51,1.26,0.44
2019-12-03,1.06,28.7,71.82,24.52,1.28,0.44
2019-12-04,1.18,26.99,72.67,20.32,1.42,0.44
2019-12-05,1.52,29.29,69.47,20.99,0.59,0.44
2019-12-06,1.3,29.48,69.96,23.68,0.57,0.44
2019-12-07,4.19,29.2,73.42,22.96,1.25,0.45
2019-12-08,1.71,29.64,72.2,27.19,1.51,0.45
2019-12-09,0.27,29.83,68.61,25.45,1.35,0.45
2019-12-10,1.06,29.75,68.68,24.62,1.18,0.45
2019-12-11,1.42,29.25,70.99,24.22,1.34,0.45
2019-12-12,4.82,28.98,72.48,22.66,0.83,0.45
2019-12-13,6.47,28.44,75.66,20.21,0.47,0.47
2019-12-14,3.39,28.12,77.26,21.95,0.67,0.47
2019-12-15,9.52,28.04,78.0,20.84,0.57,0.48
2019-12-16,6.71,28.24,77.77,20.76,0.96,0.5
2019-12-17,4.89,28.51,76.94,21.72,1.25,0.5
2019-12-18,2.26,29.0,74.91,22.23,0.95,0.5
2019-12-19,2.48,28.97,76.33,22.29,0.87,0.49
2019-12-20,0.77,29.22,72.53,23.6,0.86,0.49
2019-12-21,2.02,29.49,70.65,24.33,0.61,0.48
2019-12-22,9.05,29.14,71.33,23.03,0.75,0.5
2019-12-23,2.22,28.28,75.94,23.74,0.73,0.49
2019-12-24,2.68,28.86,75.74,22.1,0.76,0.49
2019-12-25,4.1,28.54,78.04,23.34,0.76,0.49
2019-12-26,16.02,28.0,80.33,21.79,0.93,0.52
2019-12-27,16.46,28.59,71.64,17.14,1.1,0.53
2019-12-28,7.14,28.12,77.51,20.8,1.09,0.55
2019-12-29,2.16,28.17,79.36,17.93,1.13,0.54
2019-12-30,1.64,28.57,76.95,20.98,0.72,0.53
2019-12-31,14.73,27.69,81.86,18.6,0.75,0.53
2020-01-01,14.38,26.76,87.1,9.26,1.77,0.56
2020-01-02,8.21,26.74,83.74,18.99,1.57,0.56
2020-01-03,16.0,26.67,86.72,15.13,1.91,0.57
2020-01-04,29.35,26.87,89.53,8.45,2.82,0.61
2020-01-05,10.06,27.41,81.83,18.11,2.07,0.62
2020-01-06,5.23,27.23,84.86,18.45,1.84,0.61
2020-01-07,6.5,27.13,84.31,16.22,1.81,0.6
2020-01-08,6.69,27.59,81.32,19.0,1.56,0.59
2020-01-09,18.95,26.74,83.54,23.46,1.73,0.61
2020-01-10,0.18,27.55,77.79,26.77,1.53,0.6
2020-01-11,3.02,27.34,78.88,22.92,1.76,0.58
2020-01-12,17.46,26.88,85.72,18.57,2.01,0.59
2020-01-13,5.25,26.97,86.29,18.14,1.68,0.6
2020-01-14,3.66,28.06,77.24,22.87,0.98,0.59
2020-01-15,4.92,27.84,77.5,25.42,1.21,0.58
2020-01-16,2.36,27.59,78.85,25.91,1.57,0.57
2020-01-17,0.3,27.58,76.22,26.03,1.73,0.56
2020-01-18,0.4,27.94,75.13,26.12,1.67,0.55
2020-01-19,0.5,28.07,75.24,25.48,1.6,0.54
2020-01-20,1.22,27.95,76.69,22.98,1.43,0.53
2020-01-21,0.64,27.68,80.14,21.54,1.59,0.53
2020-01-22,1.3,28.15,76.84,25.27,1.52,0.53
2020-01-23,4.2,28.45,75.32,26.25,0.92,0.52
2020-01-24,2.46,28.59,73.36,25.16,0.7,0.52
2020-01-25,3.7,28.59,73.48,25.41,0.95,0.52
2020-01-26,4.42,28.72,75.02,25.58,0.94,0.52
2020-01-27,2.7,28.78,75.62,25.12,0.92,0.52
2020-01-28,0.51,28.93,76.09,25.43,0.73,0.52
2020-01-29,1.45,28.56,78.99,23.63,1.12,0.52
2020-01-30,32.7,27.13,82.6,14.82,1.83,0.54
2020-01-31,4.19,26.88,86.95,21.44,1.52,0.58
2020-02-01,5.85,27.31,82.54,20.11,1.16,0.58
2020-02-02,5.09,27.96,77.28,22.69,0.76,0.58
2020-02-03,0.92,28.26,74.99,25.39,0.55,0.57
2020-02-04,0.14,28.13,72.1,23.75,1.01,0.56
2020-02-05,0.52,28.37,71.81,24.32,1.19,0.54
2020-02-06,2.82,27.7,82.14,23.52,1.7,0.54
2020-02-07,21.79,27.23,83.69,19.97,1.47,0.55
2020-02-08,4.44,27.09,83.1,18.32,1.87,0.58
2020-02-09,20.32,26.48,83.91,9.31,1.49,0.6
2020-02-10,11.0,26.91,82.2,23.35,1.55,0.61
2020-02-11,3.33,26.55,83.4,20.72,1.42,0.61
2020-02-12,1.08,27.75,76.32,24.58,0.77,0.59
2020-02-13,2.07,28.0,77.57,24.22,0.48,0.58
2020-02-14,1.48,28.13,78.08,22.05,0.56,0.57
2020-02-15,4.51,28.14,77.94,25.3,0.72,0.57
2020-02-16,3.2,27.64,82.42,21.45,1.26,0.57
2020-02-17,15.49,26.81,87.45,17.24,1.84,0.57
2020-02-18,10.42,26.34,86.53,16.41,1.67,0.6
2020-02-19,4.89,26.55,86.81,16.23,1.92,0.6
2020-02-20,16.24,26.25,88.85,10.18,2.44,0.6
2020-02-21,21.05,26.5,84.11,12.92,1.33,0.63
2020-02-22,6.41,26.81,82.46,20.47,1.67,0.64
2020-02-23,1.12,27.31,79.79,24.6,1.4,0.62
2020-02-24,1.4,27.48,79.94,23.4,1.41,0.61
2020-02-25,6.54,27.31,84.7,20.59,1.28,0.6
2020-02-26,11.36,27.5,86.41,17.85,1.49,0.61
2020-02-27,2.27,27.18,86.79,21.18,1.66,0.61
2020-02-28,3.53,27.15,86.75,22.15,1.57,0.6
2020-02-29,9.63,26.61,91.45,17.33,1.91,0.61
2020-03-01,23.74,26.38,91.13,10.49,1.39,0.63
2020-03-02,3.41,27.72,81.24,22.64,1.05,0.65
2020-03-03,12.59,27.63,84.32,20.12,0.92,0.64
2020-03-04,15.76,26.88,88.56,14.33,1.24,0.66
2020-03-05,9.72,26.84,86.19,20.8,1.63,0.66
2020-03-06,17.99,25.84,88.52,12.52,1.68,0.67
2020-03-07,9.38,26.56,79.11,18.08,0.96,0.67
2020-03-08,16.04,26.44,88.29,16.45,1.62,0.68
2020-03-09,8.53,26.32,89.94,16.87,1.75,0.68
2020-03-10,4.58,26.87,86.11,21.45,1.4,0.67
2020-03-11,3.8,27.07,85.67,22.32,1.71,0.66
2020-03-12,3.21,27.76,81.26,20.81,0.95,0.66
2020-03-13,30.69,26.68,86.92,13.86,1.64,0.66
2020-03-14,13.73,26.67,84.6,18.47,1.16,0.71
2020-03-15,0.75,27.65,80.1,23.53,0.57,0.69
2020-03-16,6.62,27.82,80.69,22.14,0.59,0.67
2020-03-17,5.45,27.45,82.62,21.02,0.93,0.67
2020-03-18,4.49,27.21,81.3,21.09,1.21,0.67
2020-03-19,1.96,27.71,79.95,22.52,1.23,0.66
2020-03-20,3.07,28.1,75.4,23.73,1.15,0.65
2020-03-21,6.24,27.8,76.71,22.41,1.09,0.65
2020-03-22,5.92,27.6,78.78,21.48,0.86,0.65
2020-03-23,6.03,27.65,79.3,20.64,0.68,0.65
2020-03-24,4.37,27.52,79.75,23.16,0.81,0.65
2020-03-25,0.82,27.88,77.34,25.1,1.2,0.65
2020-03-26,0.77,27.88,79.88,24.15,0.89,0.64
2020-03-27,20.75,27.6,83.14,11.8,1.59,0.65
2020-03-28,0.97,27.9,77.4,20.03,0.89,0.66
2020-03-29,4.01,26.37,87.34,20.0,0.66,0.66
2020-03-30,0.97,27.78,76.57,23.12,0.94,0.65
2020-03-31,0.77,27.69,78.83,23.49,1.31,0.64
2020-04-01,0.32,27.92,76.52,20.09,1.34,0.63
2020-04-02,0.6,27.74,80.07,20.05,1.17,0.62
2020-04-03,2.87,27.92,79.88,20.09,0.66,0.62
2020-04-04,4.24,27.05,90.52,19.92,1.31,0.62
2020-04-05,10.8,26.8,89.36,12.95,1.98,0.64
2020-04-06,9.7,26.64,88.4,16.72,1.58,0.66
2020-04-07,1.11,27.55,78.4,19.14,0.62,0.65
2020-04-08,0.93,27.14,81.82,19.74,0.76,0.65
2020-04-09,3.33,27.69,76.89,22.73,0.6,0.64
2020-04-10,2.77,27.77,79.77,23.58,0.98,0.64
2020-04-11,2.4,27.53,80.6,18.62,1.19,0.64
2020-04-12,1.02,27.06,79.15,17.36,1.43,0.63
2020-04-13,0.67,27.84,73.92,21.75,1.02,0.62
2020-04-14,2.94,27.94,75.09,20.25,1.03,0.61
2020-04-15,1.89,27.62,79.38,19.03,1.02,0.61
2020-04-16,2.24,27.17,85.95,20.65,1.54,0.61
2020-04-17,2.74,27.95,76.01,17.27,1.02,0.61
2020-04-18,2.43,28.26,78.33,21.03,0.91,0.61
2020-04-19,12.12,27.65,82.19,19.68,0.8,0.61
2020-04-20,24.22,27.72,76.99,21.59,1.04,0.67
2020-04-21,0.44,28.28,76.2,22.18,1.26,0.65
2020-04-22,0.98,28.12,79.57,22.22,1.31,0.64
2020-04-23,0.76,27.98,78.58,23.67,1.85,0.63
2020-04-24,0.08,27.77,76.91,22.8,1.55,0.62
2020-04-25,2.35,27.8,80.16,18.0,1.47,0.62
2020-04-26,0.42,27.55,80.32,19.15,1.58,0.61
2020-04-27,0.76,27.65,77.01,21.7,1.25,0.61
2020-04-28,0.16,27.3,77.71,20.63,1.3,0.6
2020-04-29,0.62,27.4,77.04,21.85,1.43,0.6
2020-04-30,0.06,27.42,74.69,21.25,1.76,0.59
2020-05-01,0.19,27.44,74.73,20.33,1.37,0.58
2020-05-02,0.53,27.59,75.94,20.63,1.37,0.58
2020-05-03,0.97,27.84,74.82,21.6,1.38,0.58
2020-05-04,0.81,27.85,76.85,21.34,1.74,0.57
2020-05-05,0.14,27.83,77.16,20.64,1.57,0.57
2020-05-06,0.13,28.02,77.2,21.72,1.46,0.56
2020-05-07,0.6,28.29,79.42,20.76,1.45,0.56
2020-05-08,3.92,28.12,81.34,19.9,1.52,0.56
2020-05-09,0.79,27.87,75.4,21.43,1.48,0.56
2020-05-10,0.09,27.51,74.09,20.93,1.4,0.56
2020-05-11,0.12,27.49,73.27,21.26,1.53,0.55
2020-05-12,0.2,27.55,75.68,21.44,1.74,0.55
2020-05-13,0.43,27.32,76.49,20.34,2.04,0.55
2020-05-14,0.29,27.44,75.89,19.35,2.14,0.54
2020-05-15,0.17,27.58,78.03,18.7,2.05,0.54
2020-05-16,0.65,27.53,81.05,19.13,2.14,0.54
2020-05-17,0.38,27.63,79.88,19.1,1.84,0.54
2020-05-18,2.83,27.18,85.44,16.53,1.3,0.54
2020-05-19,2.99,27.38,82.49,10.01,0.71,0.54
2020-05-20,4.23,26.57,85.94,10.79,1.88,0.55
2020-05-21,3.03,26.86,80.18,10.86,1.24,0.55
2020-05-22,11.77,26.5,85.71,16.61,1.15,0.57
2020-05-23,9.42,26.82,84.42,16.74,1.17,0.58
2020-05-24,5.07,27.18,85.05,15.38,1.23,0.59
2020-05-25,6.48,27.59,82.68,15.25,0.57,0.59
2020-05-26,2.17,27.26,83.73,18.69,1.0,0.59
2020-05-27,3.69,27.2,82.08,16.88,0.93,0.59
2020-05-28,38.07,26.22,88.11,16.9,0.85,0.62
2020-05-29,24.53,26.11,86.66,15.32,1.25,0.68
2020-05-30,8.69,27.0,85.02,18.58,1.43,0.69
2020-05-31,4.11,27.35,83.7,19.07,1.13,0.67
2020-06-01,1.05,26.72,83.51,20.2,1.68,0.65
2020-06-02,0.17,26.73,81.7,20.1,1.38,0.64
2020-06-03,0.19,26.73,80.18,20.16,1.8,0.63
2020-06-04,0.47,26.16,79.44,20.22,2.2,0.61
2020-06-05,2.18,25.86,81.19,19.95,2.14,0.6
2020-06-06,3.31,25.68,84.89,15.08,2.39,0.6
2020-06-07,0.78,25.7,83.18,16.71,1.92,0.6
2020-06-08,0.12,25.54,78.92,20.02,2.02,0.59
2020-06-09,0.02,25.72,79.3,19.26,1.87,0.58
2020-06-10,0.03,26.23,78.45,20.84,1.44,0.58
2020-06-11,0.1,26.58,77.47,20.09,1.36,0.57
2020-06-12,0.14,26.64,79.54,20.05,1.51,0.57
2020-06-13,0.71,26.86,81.01,15.36,1.39,0.56
2020-06-14,5.81,26.77,85.57,17.13,1.42,0.57
2020-06-15,0.26,26.96,79.97,19.42,1.73,0.57
2020-06-16,0.05,26.64,79.13,18.79,1.8,0.56
2020-06-17,1.12,26.77,81.35,17.92,1.91,0.56
2020-06-18,0.26,26.73,78.82,19.32,2.12,0.56
2020-06-19,0.16,26.52,78.24,18.43,2.2,0.55
2020-06-20,0.13,26.42,78.06,17.78,2.07,0.55
2020-06-21,0.41,26.26,79.36,17.9,2.18,0.54
2020-06-22,0.11,26.3,77.16,19.1,1.69,0.54
2020-06-23,0.41,26.28,78.28,19.74,2.02,0.54
2020-06-24,0.2,25.89,74.89,20.0,2.51,0.54
2020-06-25,0.15,25.69,75.17,18.22,2.03,0.53
2020-06-26,0.07,25.79,77.8,19.6,1.83,0.53
2020-06-27,0.37,25.94,79.27,18.2,1.72,0.53
2020-06-28,0.17,26.21,77.15,18.45,1.72,0.53
2020-06-29,0.1,26.14,76.25,17.74,1.61,0.52
2020-06-30,0.06,25.98,75.64,18.86,1.83,0.52
2020-07-01,0.15,25.77,78.63,19.29,2.06,0.52
2020-07-02,0.04,25.73,75.93,20.18,1.86,0.52
2020-07-03,0.06,25.7,75.55,19.0,2.23,0.52
2020-07-04,0.04,26.13,74.25,20.25,1.65,0.52
2020-07-05,0.35,26.53,77.06,15.27,1.81,0.51
2020-07-06,0.94,25.83,79.33,13.48,2.0,0.51
2020-07-07,0.35,25.85,79.53,19.65,2.05,0.51
2020-07-08,0.36,25.74,81.26,18.79,2.29,0.51
2020-07-09,0.51,26.01,79.6,16.65,2.3,0.51
2020-07-10,0.44,26.12,77.8,17.55,1.93,0.51
2020-07-11,0.09,26.18,76.65,16.96,1.92,0.51
2020-07-12,0.09,26.18,76.03,17.66,1.89,0.51
2020-07-13,0.11,26.51,76.84,18.87,1.25,0.51
2020-07-14,0.31,26.52,76.89,18.56,1.57,0.51
2020-07-15,0.06,26.38,73.11,20.04,1.91,0.5
2020-07-16,0.02,26.25,70.45,20.87,1.38,0.5
2020-07-17,0.1,26.61,72.08,19.45,1.21,0.5
2020-07-18,0.44,26.28,77.58,18.19,1.66,0.5
2020-07-19,1.67,26.24,80.17,17.23,1.88,0.5
2020-07-20,1.33,26.38,78.22,18.35,1.63,0.5
2020-07-21,0.71,26.47,76.53,19.55,1.51,0.5
2020-07-22,0.07,26.44,73.54,20.83,1.68,0.5
2020-07-23,0.05,26.2,71.58,20.49,2.31,0.5
2020-07-24,0.0,25.48,72.13,21.68,2.53,0.49
2020-07-25,0.0,25.14,69.42,20.21,2.52,0.49
2020-07-26,0.0,25.45,69.4,20.48,2.34,0.49
2020-07-27,0.03,25.7,71.81,20.72,2.18,0.49
2020-07-28,0.09,25.3,74.64,19.75,2.54,0.49
2020-07-29,0.03,24.87,66.58,21.12,2.22,0.49
2020-07-30,0.21,25.18,73.14,20.02,1.98,0.49
2020-07-31,0.07,25.33,74.19,20.09,2.35,0.48
2020-08-01,0.05,25.12,72.36,19.43,2.34,0.48
2020-08-02,0.03,25.43,69.7,21.14,1.15,0.48
2020-08-03,0.25,25.95,73.04,18.89,1.16,0.48
2020-08-04,0.2,25.64,76.08,19.76,1.94,0.48
2020-08-05,0.09,25.5,75.88,14.53,2.31,0.48
2020-08-06,0.07,25.47,73.49,21.32,2.16,0.48
2020-08-07,0.25,25.25,74.58,19.89,1.95,0.48
2020-08-08,0.13,25.67,73.82,19.36,1.44,0.48
2020-08-09,0.05,26.64,73.17,20.97,0.94,0.48
2020-08-10,0.52,27.08,74.59,19.41,0.95,0.48
2020-08-11,1.09,27.09,78.17,18.43,1.19,0.48
2020-08-12,0.98,27.17,78.09,20.69,1.04,0.48
2020-08-13,0.42,26.83,78.68,18.27,1.87,0.48
2020-08-14,0.55,26.96,77.83,20.88,1.56,0.48
2020-08-15,0.48,27.2,75.14,21.99,1.36,0.48
2020-08-16,0.27,26.88,73.47,21.2,1.64,0.48
2020-08-17,0.54,26.52,76.6,20.67,2.07,0.47
2020-08-18,0.47,26.27,74.98,21.24,2.38,0.47
2020-08-19,0.28,26.04,71.9,20.08,2.34,0.47
2020-08-20,0.15,26.19,71.66,21.83,1.94,0.47
2020-08-21,0.0,26.62,71.43,23.54,1.39,0.47
2020-08-22,0.0,26.98,72.74,23.05,1.75,0.47
2020-08-23,0.0,27.04,70.13,24.08,1.6,0.47
2020-08-24,0.02,27.01,70.79,23.65,1.3,0.47
2020-08-25,0.04,27.19,69.86,23.9,1.92,0.46
2020-08-26,0.01,26.34,70.12,24.53,2.76,0.46
2020-08-27,0.02,26.69,69.06,23.49,1.82,0.46
2020-08-28,0.15,27.12,72.55,21.97,1.64,0.46
2020-08-29,0.08,26.98,68.42,23.48,2.46,0.46
2020-08-30,0.0,26.62,68.32,23.89,2.12,0.46
2020-08-31,0.02,26.92,70.56,23.66,2.06,0.46
2020-09-01,0.07,27.1,73.38,20.76,1.92,0.46
2020-09-02,1.02,27.24,75.7,20.11,1.94,0.46
2020-09-03,0.46,27.7,74.23,22.2,1.9,0.46
2020-09-04,0.07,27.75,71.12,24.62,1.79,0.46
2020-09-05,0.04,27.41,72.13,23.68,1.94,0.46
2020-09-06,0.06,27.5,71.56,23.82,1.74,0.46
2020-09-07,0.08,27.54,70.22,24.07,1.7,0.46
2020-09-08,0.06,27.57,69.37,22.48,1.67,0.46
2020-09-09,0.03,27.61,70.8,24.55,1.55,0.46
2020-09-10,0.08,27.12,71.98,24.07,2.2,0.45
2020-09-11,0.04,27.12,70.75,24.73,2.09,0.45
2020-09-12,0.04,27.01,71.61,24.0,2.15,0.45
2020-09-13,0.03,26.91,68.78,24.22,2.31,0.45
2020-09-14,0.36,26.92,68.6,24.76,1.79,0.45
2020-09-15,1.16,26.75,69.73,24.08,2.07,0.45
2020-09-16,1.1,26.95,70.75,20.99,1.64,0.45
2020-09-17,1.05,27.57,70.44,22.32,1.08,0.45
2020-09-18,0.18,28.08,69.28,24.43,1.08,0.45
2020-09-19,0.3,28.24,70.5,23.97,1.09,0.45
2020-09-20,0.7,27.93,74.34,22.81,1.46,0.45
2020-09-21,6.05,27.26,78.76,20.13,2.36,0.46
2020-09-22,1.14,27.68,76.69,23.4,2.13,0.46
2020-09-23,0.04,27.99,72.75,25.45,1.86,0.46
2020-09-24,0.1,27.91,72.84,23.94,1.58,0.46
2020-09-25,0.29,27.59,73.09,24.95,1.96,0.46
2020-09-26,0.08,27.91,72.79,24.88,2.21,0.46
2020-09-27,0.03,27.97,70.24,23.88,2.17,0.46
2020-09-28,0.16,27.63,72.92,24.38,2.57,0.46
2020-09-29,0.27,27.66,72.52,22.37,2.48,0.45
2020-09-30,0.26,28.13,71.54,23.93,2.01,0.45
2020-10-01,0.4,28.7,69.8,24.51,1.76,0.45
2020-10-02,0.23,28.98,69.82,23.45,1.45,0.45
2020-10-03,0.76,28.46,70.94,23.23,1.75,0.45
2020-10-04,1.2,27.74,71.58,22.42,2.58,0.45
2020-10-05,0.5,27.58,69.0,21.98,2.74,0.45
2020-10-06,0.26,27.07,68.46,21.24,3.0,0.45
2020-10-07,0.18,26.91,68.53,22.32,2.59,0.45
2020-10-08,0.06,27.09,70.4,18.76,2.57,0.45
2020-10-09,4.25,27.21,76.54,19.44,2.1,0.45
2020-10-10,11.56,26.92,81.51,16.58,1.74,0.48
2020-10-11,5.76,27.89,77.19,22.81,1.33,0.48
2020-10-12,2.27,27.74,75.85,23.95,2.04,0.48
2020-10-13,0.54,28.17,73.68,25.12,1.56,0.48
2020-10-14,2.13,28.28,73.8,23.7,1.67,0.48
2020-10-15,2.08,27.86,75.81,22.75,1.64,0.48
2020-10-16,0.29,27.79,73.99,25.36,1.93,0.48
2020-10-17,0.06,27.46,71.56,24.84,1.71,0.47
2020-10-18,0.62,27.45,73.61,23.49,1.75,0.47
2020-10-19,6.75,27.3,76.29,20.3,1.12,0.47
2020-10-20,2.91,28.12,73.02,23.21,1.15,0.48
2020-10-21,0.66,28.4,73.31,22.85,1.26,0.48
2020-10-22,0.55,28.05,74.74,24.11,1.81,0.48
2020-10-23,0.79,27.84,76.33,22.91,1.86,0.47
2020-10-24,1.36,28.3,74.85,23.58,1.71,0.47
2020-10-25,2.44,28.6,74.97,23.06,1.61,0.47
2020-10-26,1.43,28.21,75.72,24.28,2.06,0.47
2020-10-27,2.6,28.39,73.5,21.36,1.79,0.47
2020-10-28,3.29,27.69,77.52,22.15,1.89,0.47
2020-10-29,5.67,27.79,78.48,20.1,1.49,0.48
2020-10-30,6.63,27.09,80.89,22.68,1.17,0.49
2020-10-31,7.07,26.22,78.54,17.76,1.78,0.5
2020-11-01,8.78,27.75,67.69,20.02,0.88,0.5
2020-11-02,45.33,27.55,77.1,21.81,1.36,0.54
2020-11-03,3.1,28.2,73.97,23.52,1.07,0.59
2020-11-04,1.64,28.14,77.33,20.7,1.14,0.57
2020-11-05,0.57,28.28,78.59,25.0,1.35,0.55
2020-11-06,0.35,28.45,75.21,25.72,1.21,0.54
2020-11-07,0.29,28.43,74.11,26.37,1.57,0.53
2020-11-08,0.34,28.49,71.66,26.22,1.32,0.52
2020-11-09,0.5,28.21,74.34,24.7,2.2,0.51
2020-11-10,2.74,28.71,73.01,23.05,1.9,0.5
2020-11-11,9.12,28.23,78.29,21.61,1.64,0.51
2020-11-12,2.4,28.58,79.01,23.67,1.3,0.52
2020-11-13,0.34,28.76,77.17,24.63,1.13,0.51
2020-11-14,1.04,28.45,78.81,22.36,1.49,0.51
2020-11-15,0.74,28.3,75.36,21.63,1.46,0.5
2020-11-16,0.13,28.47,73.82,26.53,2.09,0.5
2020-11-17,1.59,28.64,74.33,22.57,1.91,0.49
2020-11-18,1.84,29.11,74.01,25.66,1.53,0.49
2020-11-19,9.88,28.53,79.0,24.45,0.99,0.49
2020-11-20,8.93,28.32,79.52,20.79,1.14,0.52
2020-11-21,2.05,28.38,78.19,24.38,1.19,0.52
2020-11-22,6.89,27.87,79.66,22.04,1.1,0.52
2020-11-23,8.87,27.87,78.22,19.35,0.93,0.54
2020-11-24,7.99,27.38,79.83,19.65,1.23,0.54
2020-11-25,6.18,27.23,80.01,20.11,1.36,0.54
2020-11-26,28.3,26.68,80.93,15.91,1.36,0.57
2020-11-27,12.34,26.64,83.29,16.68,1.26,0.6
2020-11-28,6.0,26.53,83.78,18.41,1.01,0.59
2020-11-29,7.31,27.45,76.09,20.16,0.77,0.59
2020-11-30,11.19,26.95,80.58,12.05,0.44,0.59
2020-12-01,11.01,26.66,82.37,7.05,1.16,0.6
2020-12-02,4.71,27.13,78.77,12.62,0.49,0.6
2020-12-03,3.16,27.42,79.73,17.68,0.85,0.59
2020-12-04,36.72,26.5,84.65,15.55,1.14,0.6
2020-12-05,42.3,26.61,83.76,16.62,1.27,0.68
2020-12-06,9.48,26.69,83.39,15.86,1.76,0.69
2020-12-07,9.8,26.88,87.24,17.53,2.65,0.67
2020-12-08,4.33,26.93,86.41,20.28,2.29,0.66
2020-12-09,8.46,27.3,86.99,11.3,2.74,0.65
2020-12-10,15.56,26.98,86.81,14.93,2.77,0.66
2020-12-11,13.71,26.97,86.05,18.28,2.09,0.65
2020-12-12,13.56,25.76,88.15,8.43,1.7,0.66
2020-12-13,14.33,25.71,83.68,14.53,0.93,0.67
2020-12-14,13.22,25.79,85.66,12.65,1.01,0.67
2020-12-15,13.14,26.09,83.32,17.4,0.66,0.67
2020-12-16,10.08,26.32,81.67,19.31,1.29,0.68
2020-12-17,25.8,26.67,82.87,21.24,1.6,0.68
2020-12-18,2.88,26.49,83.39,20.67,1.81,0.69
2020-12-19,3.55,26.56,81.55,21.11,1.72,0.67
2020-12-20,5.33,26.38,83.45,16.41,1.93,0.66
2020-12-21,0.29,26.84,79.29,23.13,2.11,0.65
2020-12-22,0.47,26.94,81.71,16.62,1.7,0.64
2020-12-23,1.51,27.07,80.29,23.23,2.01,0.63
2020-12-24,0.79,26.87,78.45,22.64,1.46,0.62
2020-12-25,0.49,26.92,75.89,22.53,1.15,0.61
2020-12-26,1.35,26.95,77.67,22.04,0.99,0.6
2020-12-27,6.23,26.91,76.57,21.47,0.96,0.6
2020-12-28,10.89,26.94,80.43,19.34,1.29,0.62
2020-12-29,4.79,26.48,84.15,18.87,1.26,0.63
2020-12-30,23.76,26.26,86.14,14.04,1.41,0.65
2020-12-31,4.09,26.32,82.36,19.98,1.11,0.66
2021-01-01,1.59,26.63,81.49,21.91,0.69,0.65
2021-01-02,2.14,26.72,81.66,19.54,0.61,0.65
2021-01-03,21.06,26.34,86.11,21.48,1.11,0.66
2021-01-04,8.81,27.05,79.45,18.12,1.17,0.68
2021-01-05,6.04,25.97,89.59,14.68,1.32,0.67
2021-01-06,27.51,25.77,89.76,14.51,0.92,0.68
2021-01-07,28.92,26.34,84.16,18.07,1.4,0.73
2021-01-08,19.57,25.85,87.08,16.34,0.85,0.75
2021-01-09,6.3,26.49,88.19,20.95,0.63,0.74
2021-01-10,10.49,26.83,87.82,21.11,1.25,0.73
2021-01-11,2.8,27.73,80.29,21.54,1.15,0.71
2021-01-12,5.47,27.29,82.05,21.6,0.88,0.7
2021-01-13,19.36,27.12,84.47,22.41,1.09,0.71
2021-01-14,3.83,27.19,84.89,22.05,1.62,0.71
2021-01-15,25.49,26.38,87.15,13.91,1.48,0.72
2021-01-16,2.15,26.24,80.71,14.76,1.4,0.73
2021-01-17,12.26,26.72,77.09,19.2,1.27,0.72
2021-01-18,35.8,25.86,89.05,13.49,1.54,0.73
2021-01-19,19.64,25.35,85.98,16.04,2.03,0.78
2021-01-20,27.45,25.43,86.4,14.93,1.99,0.77
2021-01-21,2.36,26.29,81.48,21.72,1.79,0.77
2021-01-22,8.09,26.36,82.46,19.96,1.52,0.74
2021-01-23,8.28,25.96,83.66,15.91,1.44,0.74
2021-01-24,14.63,25.34,86.2,18.14,1.43,0.74
2021-01-25,15.66,25.77,83.41,10.82,1.38,0.75
2021-01-26,8.44,26.56,82.06,20.24,1.69,0.76
2021-01-27,7.95,26.43,86.21,17.05,1.97,0.75
2021-01-28,7.77,25.97,90.03,13.12,1.96,0.75
2021-01-29,20.95,25.72,90.69,13.89,2.46,0.75
2021-01-30,31.66,25.63,91.4,6.44,2.37,0.79
2021-01-31,6.33,25.71,91.8,17.53,1.84,0.79
2021-02-01,7.48,26.03,89.81,20.64,1.68,0.78
2021-02-02,8.29,26.34,91.97,16.84,1.96,0.78
2021-02-03,30.99,26.02,90.53,12.77,1.9,0.8
2021-02-04,21.16,25.8,89.73,20.38,1.96,0.82
2021-02-05,20.09,26.07,89.26,16.28,2.19,0.81
2021-02-06,10.99,26.29,88.7,11.98,2.03,0.82
2021-02-07,13.93,26.42,88.94,24.08,1.85,0.82
2021-02-08,4.82,26.07,89.14,19.77,1.82,0.82
2021-02-09,4.86,26.18,87.58,20.83,1.45,0.81
2021-02-10,5.72,25.85,89.95,14.74,1.6,0.81
2021-02-11,9.89,26.34,88.56,16.46,1.33,0.81
2021-02-12,4.17,26.29,82.05,17.93,1.42,0.82
2021-02-13,5.75,26.1,83.8,21.99,1.22,0.81
2021-02-14,3.15,26.34,83.47,22.57,1.27,0.81
2021-02-15,2.95,26.1,85.52,20.36,1.3,0.81
2021-02-16,0.55,26.79,81.72,24.23,1.26,0.8
2021-02-17,4.63,26.46,87.32,21.78,1.53,0.8
2021-02-18,9.72,25.71,88.89,21.3,1.74,0.81
2021-02-19,9.25,25.58,88.6,19.12,2.03,0.81
2021-02-20,29.24,25.41,90.19,20.65,1.7,0.83
2021-02-21,12.79,25.78,86.02,22.29,1.83,0.85
2021-02-22,21.65,26.1,86.49,13.71,1.91,0.85
2021-02-23,22.96,25.62,85.37,21.29,1.68,0.87
2021-02-24,11.62,25.25,88.03,11.77,2.18,0.87
2021-02-25,5.91,26.1,88.17,15.78,2.04,0.86
2021-02-26,9.26,26.05,88.27,16.96,1.42,0.86
2021-02-27,14.68,25.5,88.64,10.77,1.89,0.87
2021-02-28,10.27,25.84,88.21,21.02,2.12,0.87
2021-03-01,4.06,25.91,84.99,24.31,1.34,0.87
2021-03-02,1.77,25.91,85.84,23.57,1.56,0.86
2021-03-03,1.53,25.6,85.54,21.86,1.58,0.86
2021-03-04,10.6,25.82,85.09,14.42,1.4,0.86
2021-03-05,17.37,25.19,87.19,19.01,1.4,0.88
2021-03-06,2.77,25.78,82.84,20.07,1.28,0.87
2021-03-07,7.95,25.85,85.66,22.32,1.61,0.87
2021-03-08,13.98,25.11,91.37,18.34,2.06,0.88
2021-03-09,14.66,25.56,87.1,17.67,1.52,0.88
2021-03-10,12.76,25.3,87.65,17.37,1.44,0.89
2021-03-11,9.23,25.76,84.38,17.42,1.27,0.89
2021-03-12,3.7,26.15,81.36,16.61,1.32,0.89
2021-03-13,7.39,26.03,83.12,20.97,1.1,0.89
2021-03-14,8.45,26.12,84.72,21.44,1.23,0.89
2021-03-15,7.13,26.28,84.16,20.2,1.14,0.89
2021-03-16,10.4,26.28,85.99,20.74,0.89,0.9
2021-03-17,3.62,26.71,82.97,22.83,0.87,0.89
2021-03-18,3.6,26.92,81.44,22.27,1.06,0.89
2021-03-19,6.26,26.27,87.34,21.34,1.51,0.89
2021-03-20,11.58,26.41,87.2,18.06,1.65,0.89
2021-03-21,2.52,26.54,86.0,18.51,1.46,0.89
2021-03-22,1.3,25.83,87.54,17.31,1.31,0.89
2021-03-23,1.38,26.83,80.41,20.94,0.93,0.88
2021-03-24,0.57,26.8,85.81,20.52,1.07,0.88
2021-03-25,0.56,26.87,82.1,22.5,1.1,0.87
2021-03-26,4.61,26.52,80.79,20.67,1.23,0.87
2021-03-27,2.91,27.2,81.41,21.51,1.06,0.87
2021-03-28,7.87,27.28,82.86,16.73,1.17,0.86
2021-03-29,11.0,26.9,84.91,20.54,1.07,0.87
2021-03-30,4.93,26.82,86.17,19.86,0.79,0.87
2021-03-31,9.99,26.4,87.18,18.76,0.9,0.88
2021-04-01,18.19,26.11,90.09,20.07,1.62,0.88
2021-04-02,16.39,26.16,90.16,5.57,1.7,0.9
2021-04-03,2.18,27.01,80.78,23.13,1.33,0.9
2021-04-04,2.81,26.78,85.31,17.13,1.88,0.89
2021-04-05,2.09,26.77,84.26,14.18,1.66,0.88
2021-04-06,6.69,25.86,88.09,6.53,1.51,0.88
2021-04-07,16.67,26.21,90.08,13.46,1.68,0.89
2021-04-08,6.59,26.32,88.12,11.97,1.47,0.89
2021-04-09,1.63,26.71,81.76,17.21,1.5,0.89
2021-04-10,3.43,27.4,77.8,20.27,0.89,0.88
2021-04-11,3.44,27.0,81.5,17.73,1.38,0.88
2021-04-12,0.81,26.54,81.86,22.04,1.56,0.87
2021-04-13,0.03,26.67,80.11,20.91,1.37,0.86
2021-04-14,0.97,27.17,77.18,22.04,0.93,0.85
2021-04-15,1.64,27.26,78.56,22.48,1.27,0.85
2021-04-16,1.63,26.72,81.18,21.7,1.71,0.84
2021-04-17,1.89,26.83,80.27,22.68,1.52,0.84
2021-04-18,1.25,26.98,80.88,19.91,1.54,0.83
2021-04-19,0.04,26.45,80.65,24.02,1.99,0.83
2021-04-20,0.0,25.69,80.29,24.14,2.04,0.82
2021-04-21,0.01,25.57,75.73,24.52,2.18,0.81
2021-04-22,0.01,25.64,71.92,24.2,1.74,0.8
2021-04-23,0.03,25.85,75.81,23.44,1.55,0.8
2021-04-24,0.18,26.36,77.39,22.7,1.08,0.79
2021-04-25,0.26,26.91,77.02,23.02,1.19,0.79
2021-04-26,0.16,26.91,80.4,22.48,1.68,0.78
2021-04-27,0.11,26.34,78.12,22.86,1.86,0.78
2021-04-28,0.08,26.0,77.09,22.77,1.5,0.77
2021-04-29,0.06,26.43,77.68,22.45,1.1,0.77
2021-04-30,0.04,26.36,79.0,22.34,1.56,0.76
2021-05-01,2.92,26.87,80.91,19.6,1.12,0.76
2021-05-02,4.93,26.9,83.24,20.64,1.37,0.76
2021-05-03,0.17,26.92,80.59,21.67,1.52,0.76
2021-05-04,0.3,26.74,81.22,20.89,1.32,0.76
2021-05-05,0.12,27.39,81.42,20.2,1.41,0.75
2021-05-06,1.55,27.07,82.62,20.19,1.29,0.75
2021-05-07,0.64,26.18,82.06,20.8,1.53,0.75
2021-05-08,0.12,26.15,80.86,19.42,1.71,0.74
2021-05-09,0.24,25.68,82.46,19.8,1.79,0.74
2021-05-10,0.57,26.11,83.96,20.71,1.91,0.74
2021-05-11,0.05,26.22,81.3,21.04,1.81,0.73
2021-05-12,0.2,26.01,79.79,21.64,1.93,0.73
2021-05-13,0.09,26.25,79.76,21.77,1.83,0.72
2021-05-14,0.08,26.35,83.3,18.88,2.09,0.72
2021-05-15,1.51,26.29,81.59,21.53,1.95,0.72
2021-05-16,2.74,26.13,82.54,20.23,2.05,0.72
2021-05-17,0.09,26.41,80.42,19.83,1.49,0.71
2021-05-18,0.65,26.24,84.37,15.75,1.58,0.71
2021-05-19,2.72,26.15,84.69,17.72,1.62,0.71
2021-05-20,1.56,26.29,84.92,19.26,1.68,0.71
2021-05-21,0.34,26.38,84.62,20.14,1.62,0.71
2021-05-22,0.1,26.4,81.59,20.56,1.44,0.71
2021-05-23,0.14,26.59,80.43,19.45,1.08,0.7
2021-05-24,0.16,26.71,81.08,19.61,1.34,0.7
2021-05-25,0.22,26.43,83.07,19.34,1.42,0.7
2021-05-26,0.1,26.6,81.22,20.51,1.46,0.69
2021-05-27,0.12,26.99,82.92,19.47,1.53,0.69
2021-05-28,0.3,26.92,82.47,16.8,1.37,0.69
2021-05-29,0.41,26.9,81.91,18.82,1.15,0.68
2021-05-30,0.16,26.45,82.6,18.88,1.33,0.68
2021-05-31,0.09,26.2,81.02,19.44,1.19,0.68
2021-06-01,0.05,26.09,82.16,19.86,1.33,0.67
2021-06-02,0.14,26.49,80.39,19.38,1.25,0.67
2021-06-03,0.25,26.98,81.39,19.08,1.15,0.67
2021-06-04,0.18,27.38,81.11,19.03,1.13,0.67
2021-06-05,0.1,27.05,79.53,19.96,1.15,0.66
2021-06-06,0.22,26.73,81.49,19.57,1.41,0.66
2021-06-07,3.23,26.42,82.71,19.63,1.26,0.66
2021-06-08,2.98,26.44,83.49,18.33,1.77,0.66
2021-06-09,0.57,26.51,81.42,18.74,1.66,0.66
2021-06-10,0.26,26.25,81.65,19.38,1.7,0.66
2021-06-11,0.03,26.21,80.39,17.82,1.47,0.65
2021-06-12,0.02,26.11,80.55,19.62,1.48,0.65
2021-06-13,0.35,26.38,81.14,18.63,1.2,0.65
2021-06-14,2.66,26.24,85.56,16.12,1.31,0.65
2021-06-15,1.39,26.47,84.04,16.84,1.22,0.65
2021-06-16,17.95,25.86,87.59,17.48,1.46,0.66
2021-06-17,3.96,25.81,84.36,17.39,1.66,0.68
2021-06-18,0.06,25.61,83.83,16.62,1.76,0.68
2021-06-19,0.63,26.45,81.03,18.12,1.11,0.67
2021-06-20,0.73,26.6,79.96,17.95,0.94,0.67
2021-06-21,3.26,26.59,80.96,16.36,0.62,0.66
2021-06-22,2.78,25.86,86.61,16.68,1.38,0.67
2021-06-23,3.74,25.95,87.53,16.91,1.66,0.67
2021-06-24,6.34,26.29,86.04,16.5,1.2,0.67
2021-06-25,23.47,26.22,86.68,13.37,0.78,0.69
2021-06-26,10.86,26.59,85.69,18.24,1.39,0.72
2021-06-27,1.23,26.7,83.59,17.34,1.24,0.7
2021-06-28,17.28,26.52,83.1,15.81,1.14,0.71
2021-06-29,0.88,26.44,79.1,20.04,1.36,0.71
2021-06-30,0.06,26.02,80.14,20.29,1.65,0.7
2021-07-01,0.08,25.78,80.31,19.81,2.08,0.68
2021-07-02,0.1,25.58,80.11,19.88,1.97,0.67
2021-07-03,0.43,25.49,81.11,19.32,2.28,0.67
2021-07-04,0.25,25.01,81.14,20.03,2.33,0.66
2021-07-05,0.21,24.7,78.8,20.02,2.41,0.66
2021-07-06,0.26,24.91,77.01,19.4,1.5,0.65
2021-07-07,0.61,25.19,82.28,16.73,1.79,0.65
2021-07-08,2.49,25.52,85.77,15.68,1.55,0.65
2021-07-09,1.47,26.05,84.21,17.02,1.08,0.65
2021-07-10,0.92,26.56,83.02,18.64,1.47,0.65
2021-07-11,0.07,26.7,80.45,20.04,1.28,0.64
2021-07-12,0.01,26.08,78.33,20.55,1.49,0.64
2021-07-13,0.04,25.41,81.07,21.36,2.12,0.64
2021-07-14,0.01,25.16,79.37,21.02,2.47,0.63
2021-07-15,0.22,24.73,79.43,19.37,2.54,0.63
2021-07-16,0.31,24.39,83.97,18.89,2.16,0.62
2021-07-17,0.65,24.83,82.77,15.65,2.05,0.62
2021-07-18,0.47,25.34,81.12,18.63,1.97,0.62
2021-07-19,0.29,25.65,79.27,20.89,1.36,0.62
2021-07-20,0.51,26.02,79.19,20.41,1.31,0.62
2021-07-21,0.24,25.83,80.81,18.83,1.96,0.61
2021-07-22,0.2,25.64,80.53,19.15,1.68,0.61
2021-07-23,0.07,25.41,80.56,20.0,2.11,0.61
2021-07-24,0.01,25.01,76.67,21.98,1.95,0.61
2021-07-25,0.05,24.65,80.22,22.07,2.16,0.6
2021-07-26,0.0,24.77,77.91,22.35,1.66,0.6
2021-07-27,0.0,24.83,80.39,21.52,1.91,0.6
2021-07-28,0.02,25.34,81.46,20.44,1.95,0.6
2021-07-29,0.52,25.88,81.49,18.91,2.15,0.6
2021-07-30,0.25,25.82,79.45,20.14,1.9,0.59
2021-07-31,0.06,25.79,79.34,20.51,2.29,0.59
2021-08-01,1.71,25.51,81.96,17.3,2.44,0.59
2021-08-02,5.11,25.59,84.64,16.77,2.43,0.59
2021-08-03,4.04,26.0,84.44,19.55,2.11,0.6
2021-08-04,0.25,26.39,80.4,19.83,1.9,0.6
2021-08-05,0.08,26.38,79.14,20.87,1.8,0.59
2021-08-06,0.06,26.48,78.83,20.4,1.62,0.59
2021-08-07,0.41,26.63,78.9,19.63,1.29,0.59
2021-08-08,0.39,26.48,78.1,20.12,1.65,0.58
2021-08-09,0.07,26.14,78.08,21.14,1.79,0.58
2021-08-10,0.04,25.51,77.87,21.73,2.08,0.58
2021-08-11,0.5,25.7,78.03,22.12,2.26,0.57
2021-08-12,1.15,26.02,81.54,17.08,2.51,0.57
2021-08-13,0.29,26.72,79.66,20.14,1.86,0.57
2021-08-14,0.34,26.83,78.79,21.54,1.61,0.57
2021-08-15,0.32,26.56,76.81,22.72,1.69,0.57
2021-08-16,0.1,26.47,75.65,21.83,1.86,0.56
2021-08-17,0.47,26.7,78.8,19.48,2.0,0.56
2021-08-18,0.17,26.55,74.96,20.73,2.12,0.56
2021-08-19,0.12,26.32,77.2,19.74,1.85,0.55
2021-08-20,0.09,26.31,77.41,19.34,1.86,0.55
2021-08-21,0.1,26.5,78.83,22.17,2.04,0.55
2021-08-22,0.04,26.27,77.4,21.4,2.28,0.55
2021-08-23,0.03,25.93,75.31,22.86,2.23,0.55
2021-08-24,0.07,25.47,76.5,21.77,2.38,0.55
2021-08-25,0.04,25.28,76.31,23.6,2.37,0.54
2021-08-26,0.07,25.72,74.53,23.28,2.16,0.54
2021-08-27,0.3,25.65,76.83,18.73,2.52,0.54
2021-08-28,0.56,26.45,76.82,18.29,1.64,0.54
2021-08-29,3.75,26.24,80.17,21.8,2.27,0.54
2021-08-30,0.06,26.77,74.1,22.82,2.08,0.54
2021-08-31,0.01,26.54,72.54,23.98,1.97,0.54
2021-09-01,0.01,25.97,73.88,24.18,2.14,0.54
2021-09-02,0.19,25.56,78.43,21.58,2.8,0.53
2021-09-03,0.17,25.68,78.32,19.79,2.94,0.53
2021-09-04,0.79,25.67,80.48,18.63,2.73,0.53
2021-09-05,0.09,26.87,73.04,19.7,1.86,0.53
2021-09-06,0.15,27.08,75.49,22.12,1.47,0.53
2021-09-07,0.82,27.13,77.42,21.42,2.42,0.53
2021-09-08,0.18,26.8,72.8,23.87,2.73,0.52
2021-09-09,0.35,26.85,74.25,22.88,1.96,0.52
2021-09-10,0.49,26.84,78.21,18.41,2.02,0.52
2021-09-11,3.82,26.34,80.38,12.74,1.95,0.52
2021-09-12,14.68,25.31,87.0,15.37,1.38,0.54
2021-09-13,22.1,25.71,87.55,16.75,1.1,0.58
2021-09-14,6.66,26.69,83.1,21.73,1.31,0.6
2021-09-15,0.77,26.77,81.54,22.33,1.45,0.6
2021-09-16,0.55,26.76,80.57,20.86,1.88,0.59
2021-09-17,0.59,26.67,79.64,22.08,2.31,0.58
2021-09-18,0.49,26.88,77.64,23.9,2.37,0.57
2021-09-19,0.1,26.69,75.84,24.69,2.32,0.56
2021-09-20,1.34,26.71,78.07,16.35,1.87,0.55
2021-09-21,1.08,27.18,76.68,20.88,1.19,0.55
2021-09-22,3.1,27.08,77.61,24.22,1.45,0.55
2021-09-23,0.78,27.08,76.38,14.09,1.81,0.55
2021-09-24,4.98,26.81,77.87,18.51,1.05,0.55
2021-09-25,3.51,26.43,79.36,18.09,1.55,0.55
2021-09-26,0.51,26.34,74.34,23.27,2.19,0.55
2021-09-27,0.07,26.38,74.89,22.49,2.34,0.54
2021-09-28,0.12,26.48,76.07,20.38,2.37,0.54
2021-09-29,0.14,26.97,77.58,22.95,2.12,0.53
2021-09-30,0.05,27.05,75.85,24.47,1.92,0.53
2021-10-01,0.1,26.9,74.92,24.81,2.24,0.53
2021-10-02,0.06,27.15,72.76,24.22,1.92,0.52
2021-10-03,0.64,26.97,73.27,25.22,2.36,0.52
2021-10-04,4.74,26.37,77.2,23.64,2.22,0.52
2021-10-05,2.59,26.16,78.4,22.42,2.59,0.53
2021-10-06,0.33,25.87,76.36,22.68,2.67,0.52
2021-10-07,0.06,26.42,73.14,25.32,2.28,0.52
2021-10-08,0.2,27.1,75.48,24.49,2.28,0.52
2021-10-09,0.26,27.1,77.18,22.92,2.44,0.51
2021-10-10,0.07,27.36,73.8,25.04,2.3,0.51
2021-10-11,0.03,26.88,73.89,25.93,2.46,0.51
2021-10-12,0.01,27.09,71.54,26.89,2.23,0.51
2021-10-13,0.01,26.99,74.05,23.3,2.26,0.5
2021-10-14,0.13,27.32,72.72,21.25,1.86,0.5
2021-10-15,0.37,27.45,73.3,22.66,1.36,0.5
2021-10-16,1.06,27.96,76.76,19.95,1.29,0.5
2021-10-17,17.3,27.8,80.17,19.52,1.31,0.51
2021-10-18,11.66,27.98,79.13,24.44,1.2,0.55
2021-10-19,2.0,28.22,78.15,22.13,0.96,0.55
2021-10-20,0.53,28.0,79.79,24.18,2.16,0.55
2021-10-21,3.9,28.1,76.45,23.38,2.2,0.54
2021-10-22,0.89,27.84,75.29,24.09,2.15,0.54
2021-10-23,0.18,27.48,75.46,25.04,2.03,0.53
2021-10-24,0.23,27.69,74.76,22.76,1.72,0.53
2021-10-25,0.81,27.77,75.73,23.17,1.51,0.52
2021-10-26,5.11,27.4,80.11,19.45,1.37,0.52
2021-10-27,16.4,26.68,86.23,18.9,1.31,0.54
2021-10-28,11.29,27.37,84.56,22.53,1.65,0.57
2021-10-29,7.57,27.61,83.46,23.31,1.83,0.58
2021-10-30,5.45,27.41,81.23,18.99,1.31,0.58
2021-10-31,7.65,27.04,80.71,22.76,1.26,0.58
2021-11-01,7.82,27.4,80.18,19.44,0.89,0.59
2021-11-02,14.56,27.09,84.89,20.46,1.44,0.6
2021-11-03,2.24,27.68,78.75,23.07,1.44,0.6
2021-11-04,16.44,27.52,81.94,19.73,1.12,0.6
2021-11-05,9.59,27.63,81.31,21.42,0.95,0.62
2021-11-06,5.6,27.75,79.83,23.05,0.8,0.62
2021-11-07,1.17,28.25,78.18,23.47,0.95,0.61
2021-11-08,13.14,27.43,83.11,20.61,1.09,0.6
2021-11-09,7.67,27.34,81.43,20.83,1.52,0.61
2021-11-10,9.95,27.1,85.03,19.49,1.74,0.62
2021-11-11,11.41,27.0,85.95,17.85,1.97,0.62
2021-11-12,38.53,26.06,87.79,11.97,2.49,0.66
2021-11-13,0.96,27.09,78.04,19.16,1.3,0.68
2021-11-14,7.93,26.61,81.19,9.85,0.57,0.66
2021-11-15,10.45,26.43,82.52,17.25,0.68,0.66
2021-11-16,7.64,26.19,82.07,16.53,0.69,0.66
2021-11-17,2.19,27.57,77.02,22.27,1.04,0.65
2021-11-18,3.09,28.03,76.2,21.72,0.91,0.64
2021-11-19,19.1,27.11,84.33,16.2,1.05,0.64
2021-11-20,34.14,26.31,86.51,15.9,1.39,0.68
2021-11-21,10.36,26.93,82.7,14.16,1.67,0.71
2021-11-22,14.98,27.7,78.53,21.99,1.19,0.69
2021-11-23,22.8,27.95,77.18,22.65,0.83,0.71
2021-11-24,8.92,27.02,87.07,21.9,1.06,0.71
2021-11-25,13.92,27.01,83.15,21.98,1.23,0.71
2021-11-26,6.94,27.04,83.11,20.73,1.25,0.7
2021-11-27,7.94,26.15,89.41,19.87,1.13,0.7
2021-11-28,9.68,25.77,90.2,14.09,1.49,0.7
2021-11-29,8.56,25.8,83.36,12.37,1.24,0.7
2021-11-30,3.9,26.37,82.75,9.52,0.95,0.69
2021-12-01,24.41,25.6,89.3,4.47,1.24,0.71
2021-12-02,9.07,27.02,80.89,20.45,0.81,0.72
2021-12-03,5.53,27.23,81.54,18.72,1.23,0.71
2021-12-04,8.64,27.2,83.13,21.07,1.15,0.71
2021-12-05,13.11,26.56,82.83,13.81,1.42,0.7
2021-12-06,45.93,26.67,82.43,12.23,1.25,0.76
2021-12-07,6.53,26.85,82.62,13.55,1.59,0.76
2021-12-08,1.8,27.45,81.03,24.75,1.2,0.74
2021-12-09,0.77,27.28,82.98,21.33,1.7,0.72
2021-12-10,1.89,27.13,83.26,23.66,2.13,0.7
2021-12-11,7.59,27.2,83.27,18.32,1.93,0.7
2021-12-12,4.4,27.23,82.52,21.54,1.24,0.71
2021-12-13,5.62,27.11,86.82,20.93,1.32,0.71
2021-12-14,4.94,26.32,88.55,20.76,1.59,0.71
2021-12-15,2.55,26.92,84.25,21.57,1.34,0.7
2021-12-16,4.4,27.49,83.16,23.74,0.96,0.7
2021-12-17,9.76,27.11,87.16,22.62,0.81,0.71
2021-12-18,15.77,28.38,80.39,23.94,0.68,0.71
2021-12-19,9.3,27.68,84.03,19.46,1.02,0.74
2021-12-20,19.89,27.03,85.43,17.57,1.16,0.74
2021-12-21,3.92,26.71,85.38,12.83,1.53,0.74
2021-12-22,2.55,26.82,82.43,23.4,1.1,0.73
2021-12-23,7.86,26.83,84.27,20.02,1.35,0.73
2021-12-24,11.31,26.8,85.71,22.59,1.7,0.73
2021-12-25,4.71,26.97,84.28,21.42,1.5,0.73
2021-12-26,5.47,27.14,83.47,22.19,2.11,0.73
2021-12-27,8.7,26.67,87.13,19.32,2.13,0.73
2021-12-28,6.75,26.94,77.72,18.45,1.91,0.73
2021-12-29,8.34,27.01,80.25,19.55,1.43,0.73
2021-12-30,8.32,27.05,81.45,16.0,1.22,0.73
2021-12-31,7.97,26.05,85.37,17.66,1.7,0.73
2022-01-01,23.56,25.45,88.45,15.01,1.15,0.76
2022-01-02,16.29,25.82,86.53,13.35,1.49,0.77
2022-01-03,7.89,25.47,88.77,14.46,1.48,0.77
2022-01-04,14.74,25.08,86.44,16.59,1.72,0.77
2022-01-05,8.83,25.72,84.63,13.25,1.57,0.77
2022-01-06,0.73,26.68,78.25,20.58,1.34,0.76
2022-01-07,1.27,26.41,79.07,22.14,1.52,0.75
2022-01-08,4.5,26.25,82.38,21.2,1.19,0.74
2022-01-09,20.31,25.76,89.65,20.01,1.31,0.76
2022-01-10,14.26,26.61,84.58,22.62,1.2,0.78
2022-01-11,10.85,26.2,87.56,17.7,2.02,0.78
2022-01-12,8.56,26.15,88.51,18.84,2.29,0.78
2022-01-13,5.18,26.61,84.31,21.0,1.7,0.77
2022-01-14,14.01,26.24,88.56,16.73,1.89,0.78
2022-01-15,25.75,26.32,87.52,7.21,1.97,0.79
2022-01-16,3.88,26.2,88.36,15.38,2.24,0.8
2022-01-17,17.36,25.83,87.52,15.73,1.67,0.8
2022-01-18,35.19,25.64,83.94,10.25,1.36,0.84
2022-01-19,9.67,25.75,80.82,16.26,1.3,0.84
2022-01-20,12.42,26.05,82.16,20.33,1.52,0.83
2022-01-21,1.65,25.88,81.01,15.7,1.52,0.82
2022-01-22,3.49,26.48,84.31,21.34,2.02,0.82
2022-01-23,1.64,26.66,84.06,26.37,1.92,0.81
2022-01-24,0.52,27.08,82.65,26.57,1.75,0.8
2022-01-25,8.81,27.01,85.07,23.4,1.89,0.8
2022-01-26,17.44,26.77,88.89,18.72,1.96,0.81
2022-01-27,24.12,26.56,90.25,11.32,1.55,0.84
2022-01-28,11.31,26.5,85.62,18.93,1.23,0.84
2022-01-29,12.57,26.16,84.62,16.18,1.6,0.85
2022-01-30,3.26,26.27,85.18,18.7,1.32,0.84
2022-01-31,2.27,26.47,85.78,19.66,1.63,0.84
2022-02-01,9.18,26.26,87.97,21.31,1.9,0.84
2022-02-02,2.59,26.53,86.41,25.0,1.56,0.84
2022-02-03,5.97,26.85,83.69,21.92,1.57,0.84
2022-02-04,7.8,26.9,83.39,15.22,1.73,0.84
2022-02-05,3.56,26.53,87.67,17.83,1.86,0.84
2022-02-06,6.51,26.38,88.81,14.27,1.87,0.84
2022-02-07,3.18,26.48,87.58,22.39,2.05,0.84
2022-02-08,3.94,26.15,88.03,20.83,1.52,0.83
2022-02-09,6.96,26.12,82.33,20.48,0.92,0.84
2022-02-10,6.97,26.45,82.95,13.79,1.24,0.84
2022-02-11,12.55,25.84,91.32,16.36,1.36,0.84
2022-02-12,36.48,25.49,88.71,12.78,1.5,0.86
2022-02-13,7.92,26.39,84.26,20.39,1.29,0.88
2022-02-14,5.84,26.6,83.21,20.69,1.02,0.87
2022-02-15,3.35,27.31,80.69,24.45,0.96,0.87
2022-02-16,1.11,27.03,82.32,25.07,1.23,0.86
2022-02-17,1.35,27.08,81.03,24.07,1.43,0.85
2022-02-18,4.11,26.53,82.91,24.24,1.5,0.85
2022-02-19,0.9,27.45,78.58,22.89,0.84,0.84
2022-02-20,5.66,27.02,81.76,22.78,1.45,0.84
2022-02-21,22.12,25.25,87.38,9.8,1.55,0.86
2022-02-22,13.37,26.18,80.99,20.97,1.47,0.86
2022-02-23,14.02,25.91,77.92,16.68,0.84,0.87
2022-02-24,4.57,26.57,73.91,23.17,1.06,0.87
2022-02-25,6.16,26.47,80.52,21.04,1.26,0.86
2022-02-26,6.74,25.72,86.86,13.57,1.83,0.86
2022-02-27,3.73,26.05,85.58,21.0,1.89,0.86
2022-02-28,1.02,26.47,85.3,19.31,2.19,0.85
2022-03-01,3.7,26.31,88.83,18.45,2.21,0.85
2022-03-02,12.2,26.87,89.82,20.33,2.06,0.86
2022-03-03,7.64,26.78,89.84,16.65,2.19,0.86
2022-03-04,3.72,26.69,89.4,16.68,1.79,0.86
2022-03-05,6.21,26.38,88.36,21.11,1.66,0.86
2022-03-06,17.98,26.35,86.42,20.1,1.49,0.87
2022-03-07,2.09,27.29,80.46,19.8,1.0,0.86
2022-03-08,2.19,26.58,83.65,20.04,0.93,0.86
2022-03-09,2.59,27.36,77.66,20.05,0.56,0.85
2022-03-10,4.79,26.66,84.56,19.13,0.88,0.85
2022-03-11,4.67,26.95,84.06,18.26,1.49,0.85
2022-03-12,6.89,27.19,84.09,22.65,1.43,0.85
2022-03-13,3.28,27.1,86.23,20.02,1.55,0.85
2022-03-14,1.06,27.52,81.62,19.11,0.98,0.85
2022-03-15,2.05,27.48,83.47,22.07,0.85,0.84
2022-03-16,2.76,27.97,80.45,22.72,0.69,0.84
2022-03-17,4.67,28.21,79.85,24.25,0.88,0.84
2022-03-18,4.49,27.67,82.84,15.96,1.19,0.84
2022-03-19,12.93,26.37,89.59,11.65,1.43,0.84
2022-03-20,21.11,26.24,89.51,16.2,1.92,0.86
2022-03-21,11.12,26.59,84.99,19.42,1.77,0.86
2022-03-22,10.37,26.48,85.28,20.53,1.6,0.87
2022-03-23,3.09,26.37,86.85,20.07,1.79,0.86
2022-03-24,3.23,26.96,82.48,23.09,1.16,0.86
2022-03-25,2.27,26.61,84.33,18.34,0.97,0.86
2022-03-26,6.87,27.16,81.1,21.5,0.95,0.85
2022-03-27,11.2,26.7,83.95,20.34,1.06,0.86
2022-03-28,4.32,26.08,85.29,15.48,1.08,0.86
2022-03-29,8.65,25.84,86.57,17.34,1.0,0.86
2022-03-30,0.79,25.69,84.19,18.49,1.71,0.86
2022-03-31,2.51,26.71,80.67,21.44,1.5,0.85
2022-04-01,13.95,26.51,83.08,15.24,1.02,0.86
2022-04-02,14.81,26.67,80.06,19.01,1.07,0.87
2022-04-03,0.9,27.05,78.22,22.22,0.98,0.86
2022-04-04,0.63,27.1,79.84,23.8,1.22,0.86
2022-04-05,0.48,27.03,79.9,20.31,1.58,0.85
2022-04-06,2.67,26.95,83.18,18.35,1.78,0.84
2022-04-07,0.69,27.31,81.47,22.18,1.78,0.84
2022-04-08,1.21,27.23,82.49,21.4,1.7,0.83
2022-04-09,1.22,27.5,79.94,21.31,1.14,0.82
2022-04-10,2.52,27.34,80.1,22.0,1.36,0.82
2022-04-11,0.4,26.93,79.24,23.72,1.79,0.82
2022-04-12,0.03,26.54,80.23,22.3,1.77,0.81
2022-04-13,0.02,27.14,73.93,24.0,1.17,0.8
2022-04-14,0.41,27.24,79.4,22.8,1.47,0.79
2022-04-15,2.07,27.79,79.29,20.57,1.09,0.79
2022-04-16,3.35,27.49,82.15,19.72,1.1,0.79
2022-04-17,6.15,27.08,82.6,16.69,0.65,0.79
2022-04-18,5.45,26.91,83.77,13.66,1.09,0.8
2022-04-19,9.19,26.46,89.01,11.61,1.54,0.8
2022-04-20,14.65,25.8,85.94,8.29,1.18,0.81
2022-04-21,1.18,27.1,79.02,21.92,1.05,0.82
2022-04-22,0.3,27.5,80.21,20.6,1.15,0.8
2022-04-23,2.3,27.37,83.11,21.48,1.3,0.8
2022-04-24,3.93,27.29,82.94,21.47,1.42,0.8
2022-04-25,0.04,27.54,79.03,19.59,1.62,0.79
2022-04-26,0.01,27.59,73.32,21.11,0.82,0.78
2022-04-27,0.06,27.79,71.29,20.59,0.72,0.78
2022-04-28,0.93,27.79,75.21,20.81,1.01,0.77
2022-04-29,22.26,26.92,86.12,17.99,1.56,0.79
2022-04-30,9.82,27.6,82.25,20.31,1.59,0.81
2022-05-01,0.87,27.56,79.7,19.99,1.36,0.8
2022-05-02,0.3,27.63,82.25,21.92,1.47,0.79
2022-05-03,0.85,27.4,83.78,20.17,1.61,0.78
2022-05-04,0.45,27.35,83.91,20.26,1.8,0.78
2022-05-05,1.18,27.18,83.59,16.37,1.75,0.77
2022-05-06,0.72,27.45,83.0,19.97,1.57,0.77
2022-05-07,0.52,27.91,81.82,19.83,1.19,0.76
2022-05-08,1.24,28.0,81.67,16.29,1.08,0.76
2022-05-09,5.93,27.23,86.69,19.05,1.21,0.76
2022-05-10,8.43,27.24,81.92,18.69,1.58,0.77
2022-05-11,0.18,27.35,81.1,18.85,1.1,0.77
2022-05-12,1.18,27.56,83.83,17.41,1.02,0.76
2022-05-13,3.04,27.08,86.42,17.5,1.13,0.76
2022-05-14,0.82,27.49,79.76,19.93,1.26,0.76
2022-05-15,0.05,27.27,80.58,19.87,1.31,0.75
2022-05-16,0.22,27.2,81.94,19.9,1.34,0.75
2022-05-17,3.19,26.68,88.25,15.32,0.81,0.75
2022-05-18,6.79,26.76,86.46,15.89,1.02,0.76
2022-05-19,2.48,26.77,86.05,16.52,1.0,0.76
2022-05-20,4.21,27.09,84.41,18.47,1.24,0.76
2022-05-21,0.26,27.49,78.53,20.54,1.25,0.75
2022-05-22,0.07,27.25,77.27,20.37,1.35,0.75
2022-05-23,0.03,27.21,77.17,21.28,1.42,0.74
2022-05-24,0.15,27.27,80.08,17.79,1.36,0.73
2022-05-25,2.2,27.02,84.41,16.46,1.29,0.73
2022-05-26,15.14,26.49,89.33,15.53,1.27,0.75
2022-05-27,10.34,25.74,85.16,13.09,1.25,0.77
2022-05-28,0.65,27.17,76.3,16.88,0.96,0.76
2022-05-29,1.77,26.99,80.99,17.85,1.08,0.75
2022-05-30,0.49,26.74,84.46,18.97,1.71,0.75
2022-05-31,0.73,27.03,81.98,19.35,1.36,0.74
2022-06-01,14.42,27.39,78.2,15.84,0.91,0.75
2022-06-02,6.51,26.65,84.55,16.64,1.56,0.76
2022-06-03,11.93,26.76,83.0,17.62,1.22,0.77
2022-06-04,1.68,26.44,85.35,14.72,1.15,0.76
2022-06-05,2.1,26.76,81.68,17.02,0.83,0.76
2022-06-06,2.02,26.78,82.25,18.82,1.17,0.76
2022-06-07,4.01,26.5,85.82,17.56,1.57,0.75
2022-06-08,2.98,26.93,80.61,18.88,1.18,0.76
2022-06-09,1.34,27.03,81.51,16.77,1.12,0.75
2022-06-10,3.72,26.79,83.6,16.13,1.13,0.75
2022-06-11,3.06,26.7,84.84,18.34,1.38,0.75
2022-06-12,5.03,26.08,89.14,16.66,1.35,0.76
2022-06-13,2.83,26.36,85.19,15.22,1.27,0.76
2022-06-14,1.46,26.47,83.13,16.17,1.37,0.75
2022-06-15,1.67,26.65,83.08,17.9,1.46,0.75
2022-06-16,3.3,26.83,83.29,17.82,1.27,0.74
2022-06-17,1.25,26.69,83.12,18.27,1.67,0.74
2022-06-18,0.5,26.4,83.6,17.9,1.49,0.74
2022-06-19,0.67,26.05,85.45,16.33,1.55,0.73
2022-06-20,1.37,25.68,85.36,16.58,2.21,0.73
2022-06-21,0.04,25.64,79.86,20.3,2.0,0.73
2022-06-22,0.21,25.97,82.59,19.71,2.08,0.72
2022-06-23,0.21,26.05,82.16,18.29,2.16,0.72
2022-06-24,1.0,25.58,84.93,15.26,2.15,0.72
2022-06-25,0.83,25.14,84.08,14.68,2.26,0.71
2022-06-26,1.97,25.66,85.07,16.34,2.17,0.71
2022-06-27,0.17,25.48,80.49,18.03,2.5,0.71
2022-06-28,0.93,25.32,79.28,19.29,2.24,0.71
2022-06-29,2.2,25.42,85.69,18.61,2.25,0.7
2022-06-30,1.49,25.51,84.15,16.9,2.38,0.7
2022-07-01,0.88,25.48,82.48,15.66,2.34,0.7
2022-07-02,1.54,26.19,86.46,16.11,1.45,0.7
2022-07-03,1.07,26.85,84.88,17.43,1.01,0.7
2022-07-04,10.82,26.9,85.19,17.6,0.8,0.7
2022-07-05,4.26,26.39,85.12,18.13,1.77,0.72
2022-07-06,0.14,25.2,81.81,17.48,2.31,0.71
2022-07-07,0.24,24.19,80.48,19.62,2.33,0.7
2022-07-08,0.26,23.71,80.12,20.99,2.06,0.7
2022-07-09,0.15,24.6,79.3,19.25,1.82,0.69
2022-07-10,0.19,25.65,82.96,18.01,2.16,0.69
2022-07-11,1.19,25.74,85.47,14.04,1.96,0.68
2022-07-12,0.33,25.64,84.02,17.21,2.17,0.68
2022-07-13,0.12,25.37,81.32,17.08,1.79,0.68
2022-07-14,0.02,25.33,79.87,18.37,1.73,0.67
2022-07-15,0.09,25.59,81.0,18.22,1.66,0.67
2022-07-16,0.71,25.41,84.66,13.91,1.98,0.67
2022-07-17,0.4,25.51,83.17,17.96,1.64,0.67
2022-07-18,0.24,25.8,81.79,19.56,1.49,0.66
2022-07-19,0.05,25.25,79.62,20.17,1.78,0.66
2022-07-20,0.02,25.0,78.8,21.15,1.55,0.66
2022-07-21,0.02,24.68,81.66,19.37,2.15,0.65
2022-07-22,0.22,25.13,81.18,16.24,2.04,0.65
2022-07-23,0.24,24.86,81.85,19.44,2.23,0.65
2022-07-24,0.0,23.97,75.38,21.05,2.51,0.64
2022-07-25,0.01,24.11,73.81,20.3,2.14,0.64
2022-07-26,0.07,24.72,80.35,18.84,2.22,0.64
2022-07-27,0.05,25.28,80.62,20.37,1.97,0.64
2022-07-28,0.02,25.31,77.5,21.29,1.67,0.63
2022-07-29,0.03,25.36,77.86,21.28,1.78,0.63
2022-07-30,0.35,24.77,80.13,20.44,1.95,0.63
2022-07-31,0.09,25.14,79.56,20.58,1.77,0.63
2022-08-01,0.56,25.71,81.63,17.46,1.28,0.62
2022-08-02,0.93,26.18,83.64,18.64,1.25,0.62
2022-08-03,0.16,26.08,82.21,20.19,1.77,0.62
2022-08-04,0.13,25.19,80.71,21.57,2.34,0.62
2022-08-05,0.15,24.97,80.03,22.91,1.92,0.62
2022-08-06,0.44,24.57,79.61,20.52,2.01,0.61
2022-08-07,1.41,25.09,81.74,21.62,1.96,0.61
2022-08-08,1.87,25.15,81.41,20.8,2.07,0.61
2022-08-09,3.23,25.29,84.73,18.98,2.12,0.61
2022-08-10,1.6,26.04,83.33,15.53,1.64,0.62
2022-08-11,0.49,26.41,82.69,18.81,1.14,0.62
2022-08-12,0.51,26.78,81.52,19.93,1.02,0.61
2022-08-13,1.52,26.89,81.69,15.5,0.94,0.61
2022-08-14,3.97,26.5,83.45,17.75,1.06,0.61
2022-08-15,1.62,26.8,78.87,20.82,1.43,0.62
2022-08-16,0.12,26.28,75.68,22.94,1.45,0.61
2022-08-17,0.42,25.75,78.49,18.84,2.04,0.61
2022-08-18,0.23,25.46,80.36,16.99,2.68,0.6
2022-08-19,0.02,25.69,75.44,22.66,2.45,0.6
2022-08-20,0.0,24.99,73.07,23.3,2.47,0.59
2022-08-21,0.23,25.67,73.76,22.56,1.82,0.59
2022-08-22,0.23,25.79,77.81,22.14,2.54,0.59
2022-08-23,0.02,25.33,74.33,22.93,2.36,0.59
2022-08-24,0.03,25.58,74.1,23.22,2.04,0.58
2022-08-25,0.02,25.92,76.92,20.5,2.12,0.58
2022-08-26,0.06,26.13,75.51,20.45,2.08,0.58
2022-08-27,0.04,25.59,76.56,21.31,2.25,0.58
2022-08-28,0.13,25.6,78.38,20.28,2.2,0.57
2022-08-29,0.3,25.91,79.77,21.61,2.26,0.57
2022-08-30,0.56,26.28,80.57,18.82,2.04,0.57
2022-08-31,0.45,26.26,78.06,17.8,1.71,0.57
2022-09-01,0.13,26.48,78.62,22.85,2.01,0.57
2022-09-02,0.04,26.84,77.77,23.84,1.87,0.57
2022-09-03,0.14,26.65,78.77,21.99,2.11,0.57
2022-09-04,0.5,26.59,80.13,20.27,2.11,0.56
2022-09-05,0.69,26.11,80.6,20.27,1.79,0.56
2022-09-06,1.69,26.65,79.88,17.76,1.52,0.56
2022-09-07,1.38,26.32,81.72,19.56,1.81,0.56
2022-09-08,3.63,26.81,80.67,19.89,1.7,0.57
2022-09-09,2.32,25.69,85.46,21.78,1.65,0.57
2022-09-10,4.18,25.99,83.87,20.68,2.03,0.57
2022-09-11,1.58,26.4,79.96,23.44,1.58,0.58
2022-09-12,0.05,27.13,75.31,24.46,1.46,0.57
2022-09-13,0.08,26.78,76.47,24.19,2.33,0.57
2022-09-14,1.22,26.42,79.61,21.32,2.43,0.56
2022-09-15,2.33,26.2,81.11,20.27,2.65,0.56
2022-09-16,0.64,26.16,78.71,23.45,2.36,0.56
2022-09-17,0.01,26.78,74.93,22.62,1.83,0.56
2022-09-18,0.01,26.87,75.66,22.65,1.63,0.55
2022-09-19,0.36,26.7,77.18,21.57,2.03,0.55
2022-09-20,1.99,26.32,79.66,20.08,2.58,0.55
2022-09-21,2.92,26.54,78.79,20.22,1.83,0.55
2022-09-22,1.53,26.98,78.47,22.47,2.0,0.55
2022-09-23,0.66,27.4,77.74,21.41,1.68,0.55
2022-09-24,0.37,27.36,78.43,23.11,1.97,0.55
2022-09-25,0.17,27.23,75.78,23.1,2.23,0.54
2022-09-26,0.23,27.01,76.21,25.41,2.69,0.54
2022-09-27,0.03,26.87,71.01,26.37,2.16,0.54
2022-09-28,0.09,26.83,74.42,24.09,1.91,0.53
2022-09-29,0.53,27.03,75.73,19.66,1.09,0.53
2022-09-30,7.33,26.73,81.54,14.36,1.23,0.54
2022-10-01,14.83,26.69,83.85,20.92,1.36,0.56
2022-10-02,8.35,27.1,82.27,22.26,1.83,0.58
2022-10-03,8.09,26.63,84.8,18.69,1.86,0.59
2022-10-04,10.56,26.47,83.96,21.46,2.12,0.6
2022-10-05,4.85,26.5,83.6,19.78,2.08,0.6
2022-10-06,15.84,25.98,87.32,14.29,1.79,0.61
2022-10-07,6.52,26.77,86.07,20.96,1.94,0.63
2022-10-08,4.09,27.03,85.11,23.27,1.53,0.62
2022-10-09,5.68,27.17,84.45,21.98,1.48,0.62
2022-10-10,5.15,26.51,86.86,21.07,1.29,0.62
2022-10-11,6.97,26.46,85.23,21.18,1.63,0.62
2022-10-12,10.14,25.89,86.61,19.21,2.13,0.63
2022-10-13,3.09,26.49,82.94,22.57,2.12,0.63
2022-10-14,2.9,26.7,80.68,22.76,1.91,0.62
2022-10-15,2.88,26.87,80.2,24.06,2.11,0.61
2022-10-16,15.89,26.88,83.44,21.15,1.94,0.61
2022-10-17,24.43,26.32,88.82,17.27,2.04,0.66
2022-10-18,26.65,25.89,90.77,15.07,1.62,0.68
2022-10-19,20.14,26.3,85.98,16.23,1.5,0.71
2022-10-20,14.31,27.14,81.88,20.52,1.01,0.71
2022-10-21,16.58,27.66,81.57,21.47,0.81,0.72
2022-10-22,2.39,27.08,86.0,20.44,0.66,0.7
2022-10-23,2.01,27.54,82.37,24.37,1.09,0.69
2022-10-24,1.53,27.13,82.47,21.77,1.39,0.67
2022-10-25,4.81,26.9,84.16,21.99,1.53,0.66
2022-10-26,5.17,26.59,86.24,19.31,1.9,0.66
2022-10-27,8.57,25.96,85.93,19.38,1.46,0.67
2022-10-28,4.07,25.91,82.41,19.56,2.19,0.67
2022-10-29,0.07,26.1,77.49,25.04,2.36,0.65
2022-10-30,0.15,26.12,77.86,25.62,2.38,0.64
2022-10-31,0.45,26.29,76.3,23.49,2.04,0.64
2022-11-01,0.7,27.18,75.93,23.27,1.6,0.63
2022-11-02,2.89,27.16,81.1,23.0,1.35,0.62
2022-11-03,3.0,27.79,82.12,24.27,0.96,0.63
2022-11-04,6.01,27.59,85.04,23.25,1.44,0.63
2022-11-05,2.99,27.05,84.57,21.57,1.13,0.64
2022-11-06,1.28,27.25,81.37,23.48,1.08,0.64
2022-11-07,7.15,27.01,81.56,17.03,0.91,0.64
2022-11-08,16.55,26.21,86.35,20.7,1.56,0.66
2022-11-09,6.78,26.8,79.48,17.97,1.42,0.67
2022-11-10,2.19,27.38,80.22,21.23,0.78,0.66
2022-11-11,21.16,26.49,89.67,22.61,0.96,0.68
2022-11-12,6.59,27.68,80.28,21.9,0.69,0.69
2022-11-13,11.44,27.37,83.29,20.39,0.77,0.69
2022-11-14,2.47,27.53,82.56,20.43,0.64,0.69
2022-11-15,8.02,26.99,83.72,18.96,1.03,0.68
2022-11-16,13.06,26.45,83.52,16.05,1.4,0.69
2022-11-17,1.89,26.74,84.67,23.53,1.29,0.69
2022-11-18,17.04,26.45,81.03,15.8,0.75,0.7
2022-11-19,4.47,26.54,81.35,9.37,1.46,0.7
2022-11-20,2.0,27.8,74.9,23.95,0.81,0.69
2022-11-21,2.42,27.7,79.29,17.75,1.33,0.68
2022-11-22,6.82,27.39,80.96,17.18,1.44,0.68
2022-11-23,14.53,26.66,83.67,11.05,1.48,0.69
2022-11-24,11.55,26.94,80.51,11.86,1.0,0.7
2022-11-25,17.15,26.78,81.18,15.12,1.33,0.71
2022-11-26,16.68,26.19,86.64,21.11,1.25,0.74
2022-11-27,12.71,25.74,89.98,16.62,1.33,0.73
2022-11-28,8.34,26.31,83.16,14.52,1.17,0.73
2022-11-29,5.71,26.91,80.28,18.23,1.14,0.72
2022-11-30,3.48,26.68,81.48,21.1,1.72,0.71
2022-12-01,2.97,26.5,79.54,21.62,1.85,0.7
2022-12-02,3.0,26.53,77.73,17.35,1.59,0.7
2022-12-03,4.68,27.24,73.13,22.45,0.95,0.69
2022-12-04,10.04,27.13,80.94,22.6,0.96,0.7
2022-12-05,1.15,27.13,82.88,22.67,1.24,0.7
2022-12-06,0.92,27.16,80.34,25.21,0.74,0.7
2022-12-07,2.64,28.6,71.31,25.62,0.64,0.69
2022-12-08,8.46,27.96,78.07,25.45,1.57,0.7
2022-12-09,0.2,27.4,78.91,24.67,2.27,0.69
2022-12-10,1.18,27.72,79.24,25.68,1.51,0.68
2022-12-11,1.87,27.61,81.14,22.0,1.63,0.68
2022-12-12,0.29,27.96,78.56,24.92,0.74,0.67
2022-12-13,4.37,28.13,78.15,23.4,0.56,0.67
2022-12-14,6.95,27.37,79.82,22.04,0.93,0.69
2022-12-15,0.85,27.52,78.06,20.15,0.48,0.68
2022-12-16,9.08,25.95,87.68,11.75,1.41,0.69
2022-12-17,6.38,27.31,74.75,11.07,0.87,0.7
2022-12-18,2.06,26.91,78.39,22.34,1.34,0.7
2022-12-19,0.41,27.4,76.46,26.93,1.74,0.69
2022-12-20,0.21,27.13,72.6,25.78,1.74,0.68
2022-12-21,3.06,26.98,75.67,23.05,1.41,0.67
2022-12-22,12.64,26.78,84.33,15.48,2.29,0.68
2022-12-23,24.91,25.87,88.17,14.46,2.05,0.71
2022-12-24,45.07,25.81,88.64,14.36,2.24,0.78
2022-12-25,43.33,26.14,87.56,8.98,1.85,0.8
2022-12-26,11.98,26.13,86.15,15.4,1.87,0.81
2022-12-27,7.91,26.39,84.78,13.94,2.07,0.78
2022-12-28,8.76,26.25,84.83,18.55,1.26,0.77
2022-12-29,24.43,26.02,89.37,12.79,2.41,0.78
2022-12-30,7.95,25.97,88.48,6.52,2.27,0.77
2022-12-31,6.62,26.66,87.13,21.07,2.22,0.77
2023-01-01,8.05,25.83,88.05,17.34,2.28,0.76
2023-01-02,9.9,26.4,86.97,17.64,2.31,0.76
2023-01-03,5.84,26.42,86.01,19.42,2.71,0.76
2023-01-04,2.14,26.57,82.77,21.56,2.56,0.76
2023-01-05,6.45,26.59,84.75,23.1,2.43,0.75
2023-01-06,3.98,26.02,87.56,19.56,2.26,0.75
2023-01-07,1.69,26.33,84.34,23.22,2.06,0.75
2023-01-08,0.68,26.39,80.57,25.34,1.85,0.74
2023-01-09,0.28,26.31,80.59,23.12,1.54,0.74
2023-01-10,0.16,25.99,82.21,25.32,2.06,0.73
2023-01-11,0.31,26.17,81.83,23.17,2.01,0.72
2023-01-12,0.61,26.16,81.75,23.87,1.97,0.72
2023-01-13,4.97,26.2,83.63,22.64,1.53,0.72
2023-01-14,5.34,26.57,83.68,23.79,1.56,0.73
2023-01-15,5.15,26.6,89.79,19.8,1.62,0.73
2023-01-16,6.91,26.47,90.52,16.55,1.89,0.74
2023-01-17,10.33,26.11,88.73,17.99,1.58,0.75
2023-01-18,5.23,26.28,86.35,19.19,1.38,0.75
2023-01-19,2.79,26.25,82.52,20.13,1.33,0.74
2023-01-20,9.69,25.7,86.41,20.36,1.0,0.75
2023-01-21,2.82,26.36,77.78,23.5,1.26,0.75
2023-01-22,1.8,26.67,79.68,20.09,1.13,0.74
2023-01-23,0.69,26.96,79.51,25.04,0.88,0.73
2023-01-24,0.54,26.92,79.51,24.53,1.07,0.73
2023-01-25,11.17,26.95,81.92,17.72,1.01,0.73
2023-01-26,20.87,26.25,84.84,15.22,1.47,0.75
2023-01-27,11.8,26.16,85.75,18.11,1.44,0.76
2023-01-28,22.34,25.48,90.71,12.9,1.67,0.79
2023-01-29,21.88,25.37,89.62,19.04,1.49,0.79
2023-01-30,6.77,26.0,86.12,16.09,1.31,0.79
2023-01-31,7.46,26.58,85.19,15.08,1.63,0.78
2023-02-01,6.72,25.86,90.57,16.87,1.61,0.78
2023-02-02,11.71,25.64,88.31,7.8,1.49,0.79
2023-02-03,3.66,25.8,88.29,13.6,2.07,0.79
2023-02-04,28.93,25.9,91.24,7.31,1.92,0.79
2023-02-05,15.81,25.78,90.64,10.72,2.13,0.82
2023-02-06,13.17,25.54,88.66,12.8,2.24,0.82
2023-02-07,14.22,25.9,88.62,13.48,2.06,0.82
2023-02-08,23.4,25.71,89.63,15.25,1.94,0.84
2023-02-09,7.74,25.43,90.81,14.79,1.97,0.84
2023-02-10,10.82,25.57,90.05,14.19,1.45,0.84
2023-02-11,10.42,25.73,89.47,18.82,1.68,0.84
2023-02-12,29.1,25.7,90.06,16.77,1.73,0.85
2023-02-13,18.02,26.24,85.6,14.43,1.88,0.88
2023-02-14,23.63,26.07,87.18,19.29,2.03,0.88
2023-02-15,6.49,25.84,87.69,13.96,1.55,0.89
2023-02-16,14.25,25.63,90.8,20.76,1.59,0.89
2023-02-17,8.06,25.74,88.84,17.8,1.54,0.89
2023-02-18,15.11,25.94,87.44,16.86,1.45,0.9
2023-02-19,2.46,26.34,85.02,21.47,1.53,0.9
2023-02-20,1.77,26.44,84.5,19.3,1.5,0.89
2023-02-21,4.84,26.46,84.92,22.55,1.07,0.89
2023-02-22,4.57,26.35,88.41,21.44,1.55,0.89
2023-02-23,7.46,25.84,93.22,12.66,1.66,0.89
2023-02-24,8.74,26.11,91.55,13.87,1.45,0.89
2023-02-25,15.62,25.9,91.42,15.25,1.53,0.9
2023-02-26,26.9,25.44,91.49,13.25,1.95,0.92
2023-02-27,6.37,25.84,88.74,19.76,1.78,0.92
2023-02-28,12.74,25.44,89.9,17.31,1.19,0.93
2023-03-01,5.6,25.57,88.25,15.92,1.54,0.93
2023-03-02,12.34,25.12,91.38,14.9,2.31,0.93
2023-03-03,0.63,25.41,87.11,22.77,1.55,0.93
2023-03-04,7.57,26.28,81.29,20.69,1.53,0.92
2023-03-05,20.64,25.77,87.04,19.69,1.66,0.93
2023-03-06,17.43,25.93,85.38,14.92,1.12,0.94
2023-03-07,6.76,26.3,84.77,19.97,1.29,0.94
2023-03-08,1.74,26.17,84.7,22.54,1.24,0.93
2023-03-09,2.28,26.85,80.71,22.39,0.91,0.92
2023-03-10,1.42,26.81,82.95,25.04,1.35,0.92
2023-03-11,0.15,26.83,82.56,27.13,1.44,0.91
2023-03-12,0.1,26.72,80.17,25.85,1.34,0.9
2023-03-13,0.26,26.45,80.2,21.1,1.1,0.89
2023-03-14,1.3,26.71,81.68,19.45,0.74,0.88
2023-03-15,1.42,27.1,82.25,23.41,0.73,0.88
2023-03-16,3.34,27.52,80.35,24.08,0.8,0.87
2023-03-17,4.48,27.32,82.01,20.86,0.37,0.87
2023-03-18,1.62,27.0,85.39,22.88,0.92,0.87
2023-03-19,1.13,27.78,79.55,22.9,0.63,0.87
2023-03-20,1.29,27.63,81.89,22.02,0.98,0.86
2023-03-21,0.97,27.53,83.36,21.02,0.81,0.86
2023-03-22,7.77,27.23,84.12,21.91,1.0,0.86
2023-03-23,1.79,27.79,78.79,21.04,1.0,0.86
2023-03-24,0.95,27.78,80.3,19.93,0.76,0.85
2023-03-25,0.53,27.07,83.66,22.15,1.17,0.85
2023-03-26,11.78,26.91,82.06,19.38,1.07,0.85
2023-03-27,7.15,27.2,81.24,21.01,1.25,0.86
2023-03-28,13.9,26.83,85.46,18.2,1.37,0.86
2023-03-29,9.67,26.43,84.7,16.29,1.02,0.87
2023-03-30,3.36,26.88,80.85,17.42,0.91,0.87
2023-03-31,6.1,25.65,88.89,18.55,1.46,0.87
2023-04-01,7.27,25.33,88.17,14.93,1.7,0.87
2023-04-02,5.02,25.6,88.59,18.41,1.29,0.87
2023-04-03,7.31,26.31,84.42,15.24,1.05,0.87
2023-04-04,10.68,25.72,86.05,10.64,1.13,0.87
2023-04-05,6.84,26.43,80.28,16.85,0.86,0.88
2023-04-06,8.86,26.52,84.74,20.05,1.49,0.88
2023-04-07,5.74,25.72,88.4,19.38,1.63,0.88
2023-04-08,9.38,25.86,86.89,19.35,1.48,0.88
2023-04-09,5.94,26.1,84.21,18.39,1.73,0.88
2023-04-10,8.06,25.85,84.4,18.04,1.92,0.88
2023-04-11,3.18,26.48,85.67,18.56,1.65,0.88
2023-04-12,2.72,26.78,86.28,17.16,1.14,0.88
2023-04-13,11.37,26.85,87.82,10.25,0.86,0.88
2023-04-14,2.18,26.25,86.73,19.52,1.22,0.88
2023-04-15,0.94,26.55,84.8,20.72,1.46,0.88
2023-04-16,0.24,27.1,80.55,21.68,0.75,0.87
2023-04-17,0.35,26.81,83.4,21.88,1.0,0.86
2023-04-18,1.05,26.85,83.19,21.83,1.25,0.86
2023-04-19,4.99,26.75,85.4,22.29,1.65,0.86
2023-04-20,2.15,26.86,83.74,21.26,1.62,0.86
2023-04-21,0.36,26.28,83.56,19.44,1.79,0.85
2023-04-22,0.02,26.95,79.4,23.12,1.75,0.84
2023-04-23,0.02,27.19,81.09,23.17,1.36,0.83
2023-04-24,0.18,27.33,80.81,23.7,1.2,0.83
2023-04-25,2.37,27.46,81.8,18.19,1.12,0.82
2023-04-26,1.5,27.07,86.67,20.21,1.28,0.82
2023-04-27,2.73,26.81,89.03,17.98,1.59,0.82
2023-04-28,6.23,26.41,90.34,15.61,1.29,0.83
2023-04-29,3.73,26.35,90.07,14.17,1.25,0.83
2023-04-30,1.67,27.05,81.49,20.76,1.25,0.83
2023-05-01,0.44,27.01,81.35,18.77,1.25,0.82
2023-05-02,0.41,27.01,83.53,19.01,1.39,0.81
2023-05-03,0.53,27.44,82.21,20.64,1.32,0.81
2023-05-04,0.57,27.42,82.06,20.83,1.42,0.8
2023-05-05,1.61,26.87,87.73,18.49,1.8,0.8
2023-05-06,0.22,26.94,84.09,20.49,1.99,0.79
2023-05-07,0.17,27.07,82.97,21.26,1.59,0.79
2023-05-08,1.57,27.38,85.62,19.67,1.85,0.78
2023-05-09,2.4,27.16,86.1,11.26,1.91,0.78
2023-05-10,3.0,26.87,87.05,18.52,1.43,0.78
2023-05-11,2.05,27.03,88.36,18.9,1.81,0.78
2023-05-12,0.12,27.04,83.46,21.22,2.07,0.78
2023-05-13,0.01,25.74,81.79,21.78,2.34,0.77
2023-05-14,0.01,25.37,78.46,22.48,2.44,0.76
2023-05-15,0.01,25.02,78.15,22.02,2.18,0.76
2023-05-16,0.04,25.07,78.0,21.38,1.99,0.75
2023-05-17,0.05,25.22,79.22,19.87,1.62,0.75
2023-05-18,0.15,25.89,82.2,20.02,1.64,0.75
2023-05-19,0.36,26.09,83.29,19.17,1.92,0.74
2023-05-20,0.1,25.49,83.22,20.18,2.2,0.74
2023-05-21,0.06,25.32,79.56,20.71,2.05,0.73
2023-05-22,0.07,25.41,79.71,19.69,1.78,0.73
2023-05-23,0.05,25.9,79.21,20.23,1.41,0.73
2023-05-24,0.01,26.27,78.65,20.44,1.3,0.72
2023-05-25,0.03,25.75,83.28,19.84,2.12,0.72
2023-05-26,0.05,25.63,82.64,19.79,2.15,0.72
2023-05-27,0.51,25.02,81.71,19.69,2.32,0.71
2023-05-28,0.26,24.97,79.02,20.73,2.11,0.71
2023-05-29,0.44,25.56,80.32,20.06,1.87,0.71
2023-05-30,0.25,25.98,79.96,20.25,1.45,0.71
2023-05-31,0.65,25.99,82.98,19.04,1.8,0.7
2023-06-01,0.31,26.13,84.51,17.91,1.93,0.7
2023-06-02,0.33,25.91,84.71,15.65,2.01,0.7
2023-06-03,0.0,25.46,82.45,20.01,2.04,0.69
2023-06-04,0.06,25.45,83.45,19.13,1.92,0.69
2023-06-05,1.15,25.96,84.53,18.89,1.79,0.69
2023-06-06,1.49,25.94,87.02,17.77,1.87,0.69
2023-06-07,0.41,26.25,84.39,18.44,1.85,0.69
2023-06-08,0.42,26.09,82.55,19.67,1.79,0.68
2023-06-09,1.61,25.67,84.13,20.06,2.08,0.68
2023-06-10,0.51,26.28,85.17,16.03,1.61,0.68
2023-06-11,0.73,26.67,83.81,18.06,1.56,0.68
2023-06-12,0.18,26.27,83.37,18.93,2.01,0.67
2023-06-13,0.03,25.63,80.72,19.12,2.04,0.67
2023-06-14,0.03,25.81,79.76,19.27,1.69,0.67
2023-06-15,0.17,25.42,80.39,19.26,1.8,0.66
2023-06-16,0.24,25.63,79.94,17.27,1.39,0.66
2023-06-17,0.24,25.85,80.29,19.92,1.63,0.66
2023-06-18,0.1,25.75,78.13,19.79,1.01,0.66
2023-06-19,0.0,26.58,73.16,19.44,0.56,0.65
2023-06-20,0.03,26.03,79.41,18.48,1.2,0.65
2023-06-21,0.06,25.75,83.2,19.53,1.86,0.65
2023-06-22,0.02,25.25,82.07,20.11,1.86,0.65
2023-06-23,0.08,25.6,81.32,20.17,1.56,0.64
2023-06-24,0.03,25.73,80.75,19.64,1.41,0.64
2023-06-25,0.05,26.1,79.99,19.29,1.02,0.64
2023-06-26,0.17,26.36,79.1,17.77,1.05,0.64
2023-06-27,1.23,25.62,85.07,17.98,1.84,0.63
2023-06-28,0.36,26.0,82.91,18.17,1.71,0.63
2023-06-29,0.76,26.36,84.33,17.96,1.63,0.63
2023-06-30,3.47,26.5,84.88,17.77,1.56,0.63
2023-07-01,11.42,25.9,87.98,13.45,2.38,0.65
2023-07-02,6.33,25.77,87.5,15.45,2.23,0.65
2023-07-03,4.93,25.57,87.06,12.37,2.08,0.66
2023-07-04,1.68,25.93,85.28,17.23,1.42,0.66
2023-07-05,1.93,25.94,86.98,18.27,1.91,0.65
2023-07-06,12.92,26.04,87.71,15.35,2.06,0.65
2023-07-07,14.97,25.72,90.07,15.47,2.39,0.69
2023-07-08,5.28,25.36,89.08,14.46,1.86,0.69
2023-07-09,0.64,26.01,83.49,18.7,1.85,0.68
2023-07-10,0.04,25.64,81.74,19.98,2.05,0.67
2023-07-11,0.03,25.05,80.3,20.41,2.39,0.66
2023-07-12,0.36,25.3,83.15,18.55,2.21,0.65
2023-07-13,0.93,25.73,84.18,16.22,2.4,0.65
2023-07-14,0.43,25.41,83.09,18.34,2.32,0.64
2023-07-15,0.08,25.37,82.63,19.46,2.0,0.64
2023-07-16,0.17,24.87,82.38,19.03,2.17,0.63
2023-07-17,0.12,25.09,81.46,20.01,2.38,0.63
2023-07-18,0.02,25.13,79.53,21.18,2.16,0.62
2023-07-19,0.02,24.73,78.34,20.66,2.57,0.62
2023-07-20,0.01,24.48,77.64,20.59,2.51,0.61
2023-07-21,0.04,24.73,79.57,20.65,2.36,0.61
2023-07-22,0.91,24.93,78.87,20.43,2.49,0.61
2023-07-23,1.2,24.57,77.58,19.21,2.18,0.61
2023-07-24,0.06,25.2,79.08,20.0,1.84,0.6
2023-07-25,0.37,25.1,80.32,19.07,2.0,0.6
2023-07-26,0.4,24.87,80.04,20.35,2.06,0.6
2023-07-27,0.02,24.54,79.47,21.38,2.26,0.6
2023-07-28,0.01,24.52,77.53,21.06,2.25,0.59
2023-07-29,0.0,24.35,77.99,20.93,2.33,0.59
2023-07-30,0.06,24.85,81.35,20.36,2.35,0.59
2023-07-31,0.03,25.62,80.35,19.79,1.81,0.59
2023-08-01,0.01,26.09,79.05,20.64,1.36,0.59
2023-08-02,0.0,26.16,75.98,21.77,1.06,0.58
2023-08-03,0.01,25.99,78.34,20.19,1.41,0.58
2023-08-04,0.02,25.81,79.38,20.12,2.09,0.58
2023-08-05,0.03,26.12,80.1,18.9,2.28,0.58
2023-08-06,0.02,26.19,79.01,21.35,1.74,0.57
2023-08-07,0.0,25.56,75.87,22.63,2.11,0.57
2023-08-08,0.0,25.17,76.06,22.63,2.04,0.57
2023-08-09,0.01,25.2,74.55,23.01,2.16,0.56
2023-08-10,0.02,25.14,73.78,21.95,1.95,0.56
2023-08-11,0.01,25.44,72.68,22.33,1.56,0.56
2023-08-12,0.07,25.7,74.88,21.07,1.67,0.56
2023-08-13,0.08,25.68,75.96,20.9,1.85,0.55
2023-08-14,0.07,25.9,76.9,20.97,1.67,0.55
2023-08-15,0.06,25.84,77.62,19.98,2.06,0.55
2023-08-16,1.25,25.44,79.51,21.06,2.27,0.55
2023-08-17,1.77,24.72,80.65,19.7,2.5,0.55
2023-08-18,0.95,25.1,79.81,21.85,2.16,0.55
2023-08-19,0.02,25.77,75.99,21.75,1.67,0.55
2023-08-20,0.04,26.15,76.39,21.32,1.91,0.55
2023-08-21,0.04,25.81,77.56,21.53,2.05,0.54
2023-08-22,0.0,25.5,73.3,23.18,2.31,0.54
2023-08-23,0.01,25.55,74.13,22.79,1.8,0.54
2023-08-24,0.05,26.02,76.99,20.47,2.08,0.54
2023-08-25,0.0,26.2,74.18,23.06,2.03,0.54
2023-08-26,0.01,25.89,75.33,23.06,1.91,0.53
2023-08-27,0.03,25.91,74.45,22.58,1.81,0.53
2023-08-28,0.06,25.95,74.28,23.86,1.98,0.53
2023-08-29,0.01,25.92,74.8,23.93,2.1,0.53
2023-08-30,0.02,26.21,73.32,24.23,1.8,0.52
2023-08-31,0.02,25.9,75.08,22.99,2.0,0.52
2023-09-01,0.01,25.34,71.83,25.05,1.9,0.52
2023-09-02,0.01,25.36,70.95,24.7,1.68,0.52
2023-09-03,0.03,25.48,71.38,24.1,1.84,0.52
2023-09-04,0.01,25.17,72.06,24.19,2.24,0.52
2023-09-05,0.0,25.93,74.94,23.07,1.87,0.51
2023-09-06,0.01,25.89,76.38,20.9,2.47,0.51
2023-09-07,0.01,25.79,75.11,23.61,2.37,0.51
2023-09-08,0.0,25.67,73.3,24.37,2.12,0.51
2023-09-09,0.01,25.98,74.07,24.02,1.61,0.51
2023-09-10,0.01,26.43,76.11,20.85,1.91,0.51
2023-09-11,0.02,27.19,76.36,23.34,1.81,0.51
2023-09-12,0.04,26.9,76.44,22.35,1.94,0.51
2023-09-13,0.05,26.81,73.9,22.07,1.69,0.5
2023-09-14,0.11,26.3,72.76,21.6,1.95,0.5
2023-09-15,0.02,26.58,74.73,23.12,2.08,0.5
2023-09-16,0.02,26.76,73.91,22.93,1.71,0.5
2023-09-17,0.08,26.98,72.77,20.67,1.53,0.5
2023-09-18,0.41,26.65,74.51,21.0,1.76,0.5
2023-09-19,0.63,26.35,75.04,22.05,1.99,0.5
2023-09-20,0.01,26.59,72.62,23.72,1.85,0.5
2023-09-21,0.01,26.39,71.7,25.65,2.0,0.5
2023-09-22,0.02,26.27,72.72,24.6,2.21,0.49
2023-09-23,0.03,26.73,74.61,24.01,1.78,0.49
2023-09-24,0.01,27.22,71.7,24.46,1.58,0.49
2023-09-25,0.02,26.93,71.26,24.18,1.95,0.49
2023-09-26,0.01,27.11,69.38,25.82,1.81,0.49
2023-09-27,0.01,27.47,69.67,25.39,1.4,0.49
2023-09-28,0.01,27.87,70.69,25.79,1.54,0.49
2023-09-29,0.01,27.84,68.29,25.64,1.14,0.48
2023-09-30,0.02,27.53,68.72,25.03,1.54,0.48
2023-10-01,0.03,27.48,69.72,25.36,1.53,0.48
2023-10-02,0.02,27.44,70.76,23.64,1.83,0.48
2023-10-03,0.02,27.67,73.46,23.39,1.56,0.48
2023-10-04,0.0,28.34,72.44,23.77,1.26,0.48
2023-10-05,0.0,28.58,71.93,24.81,1.4,0.48
2023-10-06,0.01,28.59,71.96,24.23,1.34,0.48
2023-10-07,0.02,28.34,73.06,23.85,1.11,0.48
2023-10-08,0.0,28.61,69.68,25.25,1.52,0.48
2023-10-09,0.01,28.42,70.68,25.65,1.51,0.48
2023-10-10,0.02,28.22,70.9,26.13,1.72,0.48
2023-10-11,0.02,28.15,70.13,25.98,1.45,0.47
2023-10-12,0.03,28.34,71.17,23.17,1.29,0.47
2023-10-13,0.03,28.66,70.35,23.87,1.05,0.47
2023-10-14,0.01,29.01,68.09,26.21,1.11,0.47
2023-10-15,0.02,29.22,68.49,25.7,1.18,0.47
2023-10-16,0.01,29.04,70.77,25.93,1.44,0.47
2023-10-17,0.0,28.58,69.35,25.69,1.3,0.47
2023-10-18,0.01,28.56,68.54,26.53,1.4,0.47
2023-10-19,0.01,28.92,66.82,26.33,0.92,0.47
2023-10-20,0.01,29.01,66.38,25.54,1.25,0.47
2023-10-21,0.01,29.15,64.69,26.21,0.94,0.47
2023-10-22,0.02,29.09,67.37,25.07,0.78,0.47
2023-10-23,0.04,28.98,68.71,23.89,0.86,0.47
2023-10-24,0.03,29.19,68.03,25.41,0.95,0.46
2023-10-25,0.02,29.29,66.52,25.41,1.16,0.46
2023-10-26,0.02,29.04,69.45,25.91,1.54,0.46
2023-10-27,0.01,29.05,68.79,25.63,1.19,0.46
2023-10-28,0.02,28.91,70.05,25.11,1.34,0.46
2023-10-29,0.01,29.15,69.41,25.59,1.44,0.46
2023-10-30,0.02,29.12,70.41,24.66,1.17,0.46
2023-10-31,0.02,29.46,69.94,25.06,1.05,0.46
2023-11-01,0.02,29.23,70.99,22.56,1.55,0.46
2023-11-02,0.44,29.62,69.54,24.78,1.33,0.46
2023-11-03,0.93,28.95,73.49,23.95,1.46,0.46
2023-11-04,0.69,28.86,72.1,23.11,1.5,0.46
2023-11-05,0.03,29.33,68.03,25.9,0.96,0.46
2023-11-06,0.05,29.53,68.14,26.36,0.95,0.46
2023-11-07,0.11,29.12,72.24,24.13,1.44,0.46
2023-11-08,0.08,29.66,68.97,25.67,1.13,0.46
2023-11-09,0.27,29.05,73.68,22.08,1.19,0.46
2023-11-10,0.17,29.37,71.07,22.43,1.03,0.46
2023-11-11,1.94,29.04,73.78,23.03,1.41,0.46
2023-11-12,2.82,27.54,81.92,22.09,2.35,0.47
2023-11-13,4.13,28.47,78.63,23.64,1.85,0.47
2023-11-14,6.25,28.89,77.45,22.92,1.64,0.47
2023-11-15,2.76,28.84,76.52,21.88,2.12,0.48
2023-11-16,15.73,28.44,76.02,21.9,2.09,0.49
2023-11-17,10.58,27.96,79.13,22.19,2.39,0.52
2023-11-18,3.8,27.79,76.49,24.91,2.43,0.52
2023-11-19,1.91,28.08,75.54,23.25,2.18,0.52
2023-11-20,0.39,28.53,73.68,25.33,2.28,0.51
2023-11-21,0.11,28.83,75.53,24.67,1.82,0.51
2023-11-22,0.22,29.36,74.79,26.74,1.53,0.5
2023-11-23,0.9,28.81,78.13,24.47,1.53,0.5
2023-11-24,0.71,28.8,74.48,22.5,0.82,0.49
2023-11-25,0.82,28.64,74.75,19.96,1.14,0.49
2023-11-26,0.97,28.66,73.62,22.52,2.09,0.49
2023-11-27,3.71,28.28,74.36,20.94,1.02,0.49
2023-11-28,2.38,28.05,75.01,21.98,1.18,0.49
2023-11-29,19.25,27.92,79.76,20.78,1.21,0.5
2023-11-30,23.33,27.35,87.01,21.22,0.72,0.56
2023-12-01,25.68,27.48,85.89,19.77,1.12,0.59
2023-12-02,4.32,27.25,87.61,19.51,1.98,0.6
2023-12-03,14.7,27.38,85.01,22.83,1.89,0.6
2023-12-04,12.04,27.34,85.37,21.72,1.93,0.61
2023-12-05,2.94,27.84,82.28,22.36,1.93,0.6
2023-12-06,0.48,28.33,79.9,24.99,1.13,0.59
2023-12-07,3.35,27.94,82.51,21.69,1.52,0.57
2023-12-08,7.97,27.46,82.34,19.84,1.38,0.57
2023-12-09,12.1,27.74,79.57,21.69,1.33,0.58
2023-12-10,6.8,27.95,77.81,24.05,1.52,0.59
2023-12-11,0.79,27.86,78.36,23.81,1.79,0.58
2023-12-12,0.79,28.47,75.72,24.39,1.39,0.56
2023-12-13,10.58,28.06,79.25,23.15,0.8,0.56
2023-12-14,14.82,28.01,82.12,21.02,1.09,0.59
2023-12-15,4.88,27.0,85.12,22.8,1.84,0.59
2023-12-16,0.31,27.85,76.73,21.02,1.68,0.58
2023-12-17,2.74,27.37,76.53,20.98,1.86,0.57
2023-12-18,1.0,27.31,73.89,26.06,2.02,0.56
2023-12-19,0.07,27.13,73.66,26.56,2.38,0.55
2023-12-20,0.08,27.32,72.63,27.17,2.23,0.54
2023-12-21,0.01,27.63,69.85,25.94,1.64,0.53
2023-12-22,0.01,28.08,72.16,26.14,1.73,0.53
2023-12-23,0.18,28.8,72.17,26.44,1.32,0.52
2023-12-24,6.68,28.51,76.69,22.94,0.75,0.52
2023-12-25,8.71,28.38,80.33,19.99,0.76,0.54
2023-12-26,4.32,27.74,84.66,24.14,0.93,0.54
2023-12-27,5.99,28.33,81.19,21.83,1.13,0.55
2023-12-28,14.93,27.66,86.26,21.92,1.64,0.57
2023-12-29,2.44,28.56,78.71,24.89,1.5,0.58
2023-12-30,1.37,29.04,76.81,25.67,1.35,0.56
2023-12-31,2.22,28.37,82.75,22.78,1.61,0.56
2024-01-01,0.95,28.63,79.65,21.86,0.82,0.55
2024-01-02,3.24,28.63,81.44,23.49,0.85,0.55
2024-01-03,4.08,28.38,81.47,20.3,1.28,0.55
2024-01-04,6.45,28.8,75.88,20.69,0.74,0.56
2024-01-05,11.3,27.09,89.03,8.65,0.95,0.58
2024-01-06,4.0,27.94,78.25,10.36,0.58,0.58
2024-01-07,3.37,28.44,74.84,21.31,0.67,0.57
2024-01-08,21.46,26.77,90.91,18.93,1.26,0.59
2024-01-09,10.4,27.76,82.71,21.92,1.12,0.6
2024-01-10,6.26,28.41,80.71,23.87,1.37,0.61
2024-01-11,2.59,28.29,81.17,23.06,1.68,0.6
2024-01-12,2.65,28.06,80.49,22.6,1.61,0.59
2024-01-13,1.13,27.8,77.77,25.18,1.98,0.58
2024-01-14,0.69,28.01,77.13,21.91,1.84,0.57
2024-01-15,3.56,27.95,79.4,18.58,1.61,0.56
2024-01-16,6.54,27.09,83.16,18.68,1.24,0.57
2024-01-17,3.31,28.11,77.37,21.89,1.14,0.57
2024-01-18,20.59,27.78,80.22,13.68,1.38,0.58
2024-01-19,7.83,27.4,81.51,15.5,1.65,0.6
2024-01-20,1.98,27.2,80.09,15.63,1.97,0.6
2024-01-21,2.05,27.99,75.01,23.5,2.05,0.59
2024-01-22,5.79,27.72,82.93,19.59,1.99,0.58
2024-01-23,7.97,27.35,84.01,12.96,1.89,0.59
2024-01-24,2.15,27.67,81.9,12.3,1.95,0.59
2024-01-25,6.32,27.37,88.24,22.0,1.69,0.58
2024-01-26,5.36,27.3,86.35,13.77,2.09,0.59
2024-01-27,4.54,26.94,84.18,19.99,1.79,0.59
2024-01-28,7.53,26.9,84.54,20.5,1.2,0.59
2024-01-29,3.74,27.52,77.32,18.75,0.88,0.6
2024-01-30,7.07,28.0,77.87,23.92,0.75,0.59
2024-01-31,7.58,27.67,79.39,24.93,1.19,0.6
2024-02-01,9.17,27.58,81.51,23.79,1.29,0.6
2024-02-02,3.18,27.88,81.08,23.45,1.22,0.6
2024-02-03,1.81,27.3,85.14,10.32,1.78,0.6
2024-02-04,17.01,26.66,89.13,18.43,1.82,0.61
2024-02-05,7.41,27.17,83.32,21.14,1.52,0.62
2024-02-06,6.27,27.36,84.63,24.2,1.26,0.62
2024-02-07,4.97,27.3,84.13,20.95,1.37,0.62
2024-02-08,9.35,27.27,84.22,22.77,1.06,0.62
2024-02-09,9.23,27.62,82.28,20.39,0.93,0.63
2024-02-10,12.0,27.47,82.38,22.14,1.02,0.63
2024-02-11,10.23,27.38,82.03,19.73,1.43,0.64
2024-02-12,17.65,26.87,85.32,17.04,1.12,0.65
2024-02-13,2.17,27.7,82.38,21.05,1.37,0.65
2024-02-14,2.04,27.75,83.47,18.61,1.32,0.64
2024-02-15,0.6,28.1,81.59,23.53,0.7,0.62
2024-02-16,1.55,28.22,80.28,23.52,1.47,0.61
2024-02-17,3.35,28.37,79.37,21.62,1.01,0.61
2024-02-18,2.65,27.75,81.81,22.83,0.76,0.61
2024-02-19,5.75,27.89,83.16,24.98,0.9,0.6
2024-02-20,3.55,28.47,81.83,24.33,1.21,0.61
2024-02-21,3.02,28.27,84.31,22.11,1.46,0.61
2024-02-22,6.49,27.69,87.9,11.9,1.71,0.61
2024-02-23,2.59,27.69,87.79,16.91,1.79,0.61
2024-02-24,3.66,28.06,83.85,24.21,1.39,0.61
2024-02-25,8.11,27.65,85.75,20.97,1.35,0.61
2024-02-26,9.95,27.0,84.94,18.03,1.62,0.63
2024-02-27,2.06,27.86,78.05,22.73,0.69,0.62
2024-02-28,8.29,28.02,80.96,18.35,1.13,0.62
2024-02-29,7.2,28.46,77.62,22.44,0.8,0.63
2024-03-01,3.47,28.03,81.02,20.6,0.9,0.62
2024-03-02,3.01,27.53,86.19,21.09,1.58,0.62
2024-03-03,5.27,27.84,83.93,18.79,1.26,0.62
2024-03-04,6.21,28.02,84.19,19.59,0.7,0.62
2024-03-05,35.79,27.81,85.54,19.98,0.76,0.66
2024-03-06,4.58,28.1,85.69,20.2,1.32,0.68
2024-03-07,5.14,27.66,88.46,15.96,1.56,0.67
2024-03-08,7.72,27.46,89.52,12.15,1.82,0.66
2024-03-09,46.12,26.84,91.14,12.44,2.24,0.69
2024-03-10,26.32,26.35,90.55,14.13,2.34,0.75
2024-03-11,24.04,26.66,86.21,7.39,1.98,0.76
2024-03-12,5.75,27.12,84.43,11.16,1.13,0.74
2024-03-13,5.36,27.23,88.12,14.63,2.14,0.72
2024-03-14,23.34,26.72,89.71,12.53,2.32,0.73
2024-03-15,7.12,27.08,86.68,15.16,2.48,0.72
2024-03-16,11.88,27.16,87.76,18.06,2.27,0.72
2024-03-17,8.14,27.22,86.02,14.31,2.2,0.71
2024-03-18,5.43,26.87,88.32,16.49,1.62,0.7
2024-03-19,1.23,27.26,86.06,21.87,1.73,0.69
2024-03-20,0.76,27.54,83.2,21.05,1.3,0.68
2024-03-21,1.17,28.02,76.94,23.28,0.88,0.67
2024-03-22,0.82,28.08,77.15,22.67,0.81,0.66
2024-03-23,0.24,27.79,79.57,22.12,1.19,0.66
2024-03-24,0.65,28.0,80.12,20.07,1.27,0.65
2024-03-25,1.09,27.63,79.41,18.67,1.35,0.64
2024-03-26,1.9,27.5,81.93,20.85,1.85,0.64
2024-03-27,0.26,27.62,79.79,22.29,1.67,0.64
2024-03-28,0.76,27.57,81.56,21.39,1.62,0.63
2024-03-29,3.64,27.5,83.16,22.5,1.4,0.63
2024-03-30,0.67,27.87,81.15,24.03,1.52,0.63
2024-03-31,3.2,27.67,83.84,20.27,1.78,0.63
2024-04-01,14.19,27.29,88.2,14.51,1.16,0.64
2024-04-02,11.1,28.18,83.44,21.13,0.69,0.67
2024-04-03,8.03,28.29,79.57,19.47,0.86,0.67
2024-04-04,30.94,27.62,83.14,11.49,1.01,0.7
2024-04-05,4.98,27.7,83.44,18.11,1.1,0.71
2024-04-06,8.12,27.59,86.05,18.9,1.23,0.71
2024-04-07,8.01,27.59,86.2,19.97,1.38,0.71
2024-04-08,1.53,27.86,84.09,17.89,1.4,0.7
2024-04-09,1.29,28.13,80.66,20.31,1.19,0.68
2024-04-10,16.68,27.72,81.62,14.79,0.98,0.69
2024-04-11,17.77,27.99,81.35,18.89,0.71,0.71
2024-04-12,35.57,27.95,81.76,21.48,0.49,0.75
2024-04-13,0.39,27.88,79.05,23.58,1.25,0.73
2024-04-14,0.36,27.81,80.67,22.06,1.37,0.71
2024-04-15,3.43,27.89,82.11,22.91,1.56,0.7
2024-04-16,6.97,27.2,88.5,12.06,1.9,0.7
2024-04-17,2.08,27.64,85.26,20.11,1.84,0.7
2024-04-18,1.69,27.75,82.43,21.43,1.66,0.69
2024-04-19,1.81,28.34,82.23,21.65,1.23,0.68
2024-04-20,0.64,28.32,83.33,21.27,1.58,0.67
2024-04-21,2.3,28.02,82.47,18.44,1.38,0.67
2024-04-22,4.33,27.49,86.31,17.23,1.56,0.67
2024-04-23,2.49,27.2,86.09,8.21,1.17,0.67
2024-04-24,21.24,27.4,86.89,12.8,1.04,0.7
2024-04-25,3.79,27.6,85.11,17.47,1.17,0.71
2024-04-26,1.72,28.29,79.98,22.22,1.27,0.7
2024-04-27,0.42,28.22,82.87,20.88,1.26,0.69
2024-04-28,0.55,28.26,84.1,21.94,1.8,0.68
2024-04-29,0.04,27.71,80.95,19.73,1.73,0.67
2024-04-30,0.25,27.46,83.06,20.88,1.93,0.67
2024-05-01,0.15,27.8,81.62,20.7,1.51,0.66
2024-05-02,0.4,27.69,83.59,21.54,2.0,0.66
2024-05-03,0.25,27.64,81.96,20.78,1.95,0.65
2024-05-04,0.19,27.07,81.5,22.02,2.17,0.65
2024-05-05,0.06,26.59,80.64,21.6,1.98,0.64
2024-05-06,0.15,27.08,80.67,18.68,1.73,0.64
2024-05-07,0.22,27.36,81.74,20.75,1.68,0.64
2024-05-08,0.36,27.21,81.41,19.69,1.85,0.63
2024-05-09,0.38,27.19,80.31,18.91,1.66,0.63
2024-05-10,0.1,27.64,81.53,20.48,1.55,0.62
2024-05-11,0.15,27.7,81.71,20.98,1.58,0.62
2024-05-12,0.06,27.36,81.64,20.99,1.71,0.62
2024-05-13,0.04,27.28,79.35,20.89,1.36,0.61
2024-05-14,0.01,27.07,77.02,22.03,1.42,0.61
2024-05-15,0.01,27.16,80.27,20.39,1.73,0.61
2024-05-16,0.12,27.53,81.12,20.7,1.75,0.61
2024-05-17,0.19,27.51,81.43,20.47,1.72,0.6
2024-05-18,0.33,27.26,81.53,20.65,2.04,0.6
2024-05-19,0.14,27.08,79.21,19.73,2.27,0.6
2024-05-20,0.05,26.92,78.86,18.69,2.06,0.6
2024-05-21,0.07,26.99,78.87,19.84,1.86,0.59
2024-05-22,0.05,27.24,79.72,19.26,1.31,0.59
2024-05-23,0.11,27.49,79.86,17.22,1.14,0.59
2024-05-24,0.3,27.48,82.83,17.26,1.47,0.59
2024-05-25,0.65,27.46,83.58,17.1,1.94,0.59
2024-05-26,0.21,27.28,82.22,17.97,2.3,0.58
2024-05-27,0.15,27.42,80.03,17.87,1.36,0.58
2024-05-28,0.09,27.7,79.17,19.77,1.11,0.58
2024-05-29,0.62,27.73,79.85,18.41,0.72,0.58
2024-05-30,0.74,27.42,82.7,18.23,1.54,0.58
2024-05-31,0.18,27.64,83.01,18.66,1.76,0.58
2024-06-01,0.4,27.97,83.38,18.41,1.58,0.57
2024-06-02,1.3,28.02,82.76,17.92,1.19,0.57
2024-06-03,2.58,27.06,85.73,16.4,2.18,0.57
2024-06-04,0.52,26.85,82.07,16.85,1.84,0.57
2024-06-05,0.22,26.97,80.14,18.2,2.02,0.57
2024-06-06,1.43,26.71,81.93,18.6,1.87,0.57
2024-06-07,2.55,26.06,85.1,13.49,2.06,0.57
2024-06-08,1.43,26.52,84.78,17.25,1.59,0.57
2024-06-09,2.15,26.75,84.08,16.66,1.68,0.57
2024-06-10,0.61,26.86,82.56,19.3,1.53,0.57
2024-06-11,0.26,26.64,80.49,18.27,1.82,0.56
2024-06-12,0.06,26.71,77.58,19.88,1.41,0.56
2024-06-13,0.27,26.82,79.19,18.28,1.19,0.56
2024-06-14,0.5,26.7,79.5,17.44,1.31,0.55
2024-06-15,0.13,26.52,79.2,18.58,1.37,0.55
2024-06-16,0.07,26.8,77.61,18.39,1.19,0.55
2024-06-17,0.16,27.16,78.97,19.29,1.48,0.55
2024-06-18,0.07,26.54,74.03,20.32,1.6,0.54
2024-06-19,0.01,26.04,74.54,19.26,1.91,0.54
2024-06-20,0.06,25.72,75.03,19.41,1.74,0.54
2024-06-21,0.08,26.01,75.36,19.9,1.91,0.54
2024-06-22,0.13,26.32,78.76,18.79,2.25,0.54
2024-06-23,0.76,26.39,79.09,15.73,2.35,0.53
2024-06-24,0.78,25.97,80.0,9.79,2.29,0.53
2024-06-25,0.26,26.14,76.95,16.98,1.84,0.53
2024-06-26,0.1,26.48,75.59,16.3,1.36,0.53
2024-06-27,0.08,27.16,76.07,18.68,0.92,0.53
2024-06-28,0.68,27.29,79.27,17.26,0.93,0.53
2024-06-29,0.39,27.12,80.29,19.05,1.87,0.53
2024-06-30,1.23,26.7,82.52,18.65,2.07,0.52
2024-07-01,3.82,26.31,84.45,13.8,1.84,0.53
2024-07-02,4.08,26.53,84.57,16.03,1.46,0.53
2024-07-03,7.35,25.7,90.5,8.89,1.58,0.54
2024-07-04,0.46,26.51,79.8,17.98,2.22,0.55
2024-07-05,0.05,26.14,75.82,20.12,2.01,0.54
2024-07-06,0.02,26.42,75.25,19.12,1.5,0.54
2024-07-07,0.07,26.35,74.67,19.9,1.64,0.53
2024-07-08,0.12,26.24,76.27,19.97,1.69,0.53
2024-07-09,0.2,26.6,78.39,18.37,1.52,0.53
2024-07-10,0.16,26.5,78.0,17.84,1.84,0.52
2024-07-11,0.23,25.86,78.84,16.77,2.23,0.52
2024-07-12,0.07,25.74,72.78,20.76,2.08,0.52
2024-07-13,0.02,25.15,71.67,21.21,2.17,0.51
2024-07-14,0.06,25.32,71.26,21.47,2.36,0.51
2024-07-15,0.03,25.11,73.15,21.4,2.31,0.51
2024-07-16,0.0,25.63,71.26,22.0,2.32,0.51
2024-07-17,0.01,25.85,73.07,21.06,1.79,0.5
2024-07-18,0.01,26.12,73.65,20.39,1.61,0.5
2024-07-19,0.03,25.65,75.95,20.47,2.47,0.5
2024-07-20,0.02,25.54,72.53,20.2,1.96,0.5
2024-07-21,0.02,25.8,70.93,19.6,1.84,0.5
2024-07-22,0.06,26.32,76.03,18.25,1.81,0.5
2024-07-23,0.24,26.37,75.54,19.07,1.8,0.5
2024-07-24,0.41,26.09,76.89,18.3,1.64,0.5
2024-07-25,0.21,26.01,78.16,18.79,1.8,0.5
2024-07-26,0.04,26.24,77.2,19.82,2.18,0.49
2024-07-27,0.3,26.19,78.09,17.06,2.3,0.49
2024-07-28,1.11,26.01,79.64,17.04,2.25,0.49
2024-07-29,3.41,26.34,82.63,18.46,1.71,0.49
2024-07-30,5.03,26.84,82.02,12.74,1.02,0.5
2024-07-31,1.95,27.21,78.52,17.42,0.81,0.51
2024-08-01,0.18,27.27,78.61,18.32,0.96,0.51
2024-08-02,0.2,27.35,77.86,20.14,0.76,0.5
2024-08-03,0.13,27.3,75.89,20.35,0.8,0.5
2024-08-04,0.05,26.32,76.42,21.38,2.24,0.5
2024-08-05,0.02,26.32,72.27,21.5,1.7,0.5
2024-08-06,0.07,26.37,74.77,18.52,2.01,0.49
2024-08-07,0.1,26.89,76.18,20.34,1.94,0.49
2024-08-08,0.13,26.68,77.04,19.15,2.04,0.49
2024-08-09,0.02,26.79,74.32,21.25,2.06,0.49
2024-08-10,0.01,26.29,70.33,23.25,2.19,0.49
2024-08-11,0.0,25.44,67.28,22.8,2.23,0.48
2024-08-12,0.04,26.01,70.44,21.7,1.49,0.48
2024-08-13,0.08,26.36,73.01,21.1,2.2,0.48
2024-08-14,0.0,26.31,70.05,22.3,2.24,0.48
2024-08-15,0.0,25.79,68.72,22.17,2.49,0.48
2024-08-16,0.0,26.11,68.15,21.8,1.73,0.48
2024-08-17,0.0,26.42,72.26,21.8,1.71,0.48
2024-08-18,0.02,26.48,74.23,21.76,1.88,0.47
2024-08-19,0.01,26.19,71.15,22.48,2.39,0.47
2024-08-20,0.01,26.51,71.94,22.31,1.82,0.47
2024-08-21,0.02,26.86,72.35,22.41,1.86,0.47
2024-08-22,0.02,26.98,73.03,22.31,1.68,0.47
2024-08-23,0.1,26.7,76.53,20.3,1.84,0.47
2024-08-24,1.3,26.18,79.09,19.44,2.59,0.47
2024-08-25,1.09,26.55,78.18,21.0,2.26,0.47
2024-08-26,0.04,27.05,73.98,24.33,2.33,0.47
2024-08-27,0.01,27.01,75.76,21.67,2.2,0.47
2024-08-28,0.01,27.48,71.93,21.57,1.59,0.47
2024-08-29,0.06,27.3,72.5,23.46,1.95,0.47
2024-08-30,0.05,27.03,69.5,21.74,1.74,0.47
2024-08-31,0.04,26.81,74.0,21.51,2.06,0.47
2024-09-01,0.15,27.07,74.85,21.82,2.07,0.47
2024-09-02,0.06,27.47,70.68,24.21,1.65,0.46
2024-09-03,0.07,27.56,73.2,21.9,1.37,0.46
2024-09-04,0.11,27.93,72.96,23.69,1.43,0.46
2024-09-05,0.12,27.47,74.15,23.56,2.18,0.46
2024-09-06,0.04,27.59,72.04,22.98,2.06,0.46
2024-09-07,0.18,27.93,74.58,20.91,1.94,0.46
2024-09-08,0.11,28.01,73.63,22.09,1.53,0.46
2024-09-09,0.06,28.14,74.68,22.37,1.29,0.46
2024-09-10,0.08,28.18,73.5,22.48,1.21,0.46
2024-09-11,0.04,27.76,72.16,24.1,2.07,0.46
2024-09-12,0.05,27.39,70.17,24.91,2.3,0.46
2024-09-13,0.05,27.39,70.26,24.53,2.19,0.46
2024-09-14,0.13,27.56,69.16,24.16,1.96,0.46
2024-09-15,0.86,27.37,69.92,23.36,2.03,0.46
2024-09-16,0.99,27.2,69.5,20.28,1.99,0.46
2024-09-17,0.46,27.07,67.61,24.61,2.05,0.46
2024-09-18,0.06,27.39,67.68,22.03,1.48,0.46
2024-09-19,0.08,27.8,67.12,21.2,0.64,0.46
2024-09-20,0.01,28.38,64.49,23.14,0.97,0.46
2024-09-21,0.21,28.26,70.65,22.21,0.77,0.45
2024-09-22,0.23,28.48,71.3,21.72,0.73,0.45
2024-09-23,3.03,28.47,74.09,20.51,0.78,0.46
2024-09-24,2.89,28.18,76.57,21.82,1.4,0.46
2024-09-25,0.26,28.13,73.39,22.93,1.61,0.46
2024-09-26,0.28,27.84,76.35,22.46,1.42,0.46
2024-09-27,0.37,28.69,73.53,23.72,1.26,0.46
2024-09-28,0.13,29.02,71.26,24.53,1.47,0.46
2024-09-29,0.58,28.84,72.04,23.29,1.9,0.46
2024-09-30,1.33,28.74,74.68,22.66,1.65,0.46
2024-10-01,0.34,28.58,74.5,20.66,1.69,0.46
2024-10-02,0.11,28.99,68.84,24.81,0.9,0.46
2024-10-03,0.28,28.79,70.98,21.69,1.31,0.46
2024-10-04,0.4,28.53,73.01,23.88,1.67,0.46
2024-10-05,0.97,28.72,71.69,23.95,1.53,0.46
2024-10-06,0.13,28.89,71.27,25.41,1.91,0.46
2024-10-07,0.17,28.79,71.33,24.9,2.06,0.45
2024-10-08,0.09,28.86,70.5,25.5,1.93,0.45
2024-10-09,0.1,28.82,69.17,25.69,1.42,0.45
2024-10-10,0.05,29.27,68.56,25.42,1.38,0.45
2024-10-11,0.2,29.47,70.46,25.01,1.6,0.45
2024-10-12,0.09,29.55,68.83,25.28,1.61,0.45
2024-10-13,0.43,29.32,69.89,26.24,1.68,0.45
2024-10-14,0.5,29.11,70.02,25.63,1.88,0.45
2024-10-15,0.54,28.73,70.86,21.7,1.99,0.45
2024-10-16,0.1,28.29,69.83,22.87,2.43,0.45
2024-10-17,0.19,27.77,67.22,22.15,2.68,0.45
2024-10-18,0.53,27.93,70.79,23.29,2.19,0.45
2024-10-19,0.66,28.27,72.7,23.3,1.81,0.45
2024-10-20,1.33,28.28,73.92,24.66,2.04,0.45
2024-10-21,3.45,27.79,74.59,22.26,2.4,0.45
2024-10-22,1.64,27.68,75.23,25.18,2.39,0.45
2024-10-23,0.59,28.02,74.28,24.69,2.36,0.45
2024-10-24,0.05,28.45,71.64,24.7,2.13,0.45
2024-10-25,0.04,28.44,72.44,25.63,2.25,0.45
2024-10-26,0.02,28.47,72.77,26.06,2.35,0.45
2024-10-27,0.04,28.68,71.78,25.83,1.81,0.45
2024-10-28,0.15,29.36,69.7,25.93,1.64,0.45
2024-10-29,0.65,29.17,73.08,24.03,1.99,0.45
2024-10-30,23.64,28.65,79.5,23.58,1.98,0.46
2024-10-31,24.47,28.05,81.66,23.18,1.12,0.53
2024-11-01,2.22,27.94,77.82,19.2,1.56,0.54
2024-11-02,8.66,27.62,78.39,19.94,1.2,0.53
2024-11-03,4.13,28.48,73.17,24.44,1.01,0.54
2024-11-04,1.07,28.71,73.95,25.41,0.78,0.53
2024-11-05,0.48,28.8,72.02,26.18,1.25,0.52
2024-11-06,0.21,29.02,71.14,25.81,1.09,0.51
2024-11-07,0.5,29.26,70.4,23.72,0.5,0.5
2024-11-08,7.49,28.49,77.49,19.89,0.79,0.5
2024-11-09,3.51,28.68,78.19,22.16,1.07,0.51
2024-11-10,0.92,28.8,76.72,21.97,0.97,0.51
2024-11-11,0.93,28.91,74.97,23.08,1.37,0.5
2024-11-12,0.65,28.53,77.42,21.36,1.43,0.5
2024-11-13,0.13,29.42,72.29,24.38,1.13,0.49
2024-11-14,3.7,29.41,73.64,23.55,1.31,0.49
2024-11-15,2.15,29.29,74.36,24.09,1.12,0.49
2024-11-16,3.9,28.44,78.72,19.09,0.85,0.49
2024-11-17,1.31,28.85,75.41,21.34,1.16,0.5
2024-11-18,5.75,28.75,76.76,22.96,1.73,0.5
2024-11-19,8.31,29.16,75.02,20.68,0.81,0.51
2024-11-20,3.51,28.84,74.82,21.58,1.27,0.52
2024-11-21,0.56,29.24,71.72,21.41,0.66,0.51
2024-11-22,2.21,29.14,75.92,20.9,0.8,0.51
2024-11-23,1.9,28.77,78.38,22.96,0.93,0.51
2024-11-24,2.77,28.93,78.41,18.79,1.34,0.5
2024-11-25,3.71,28.9,72.2,18.75,0.85,0.51
2024-11-26,9.05,26.61,77.9,18.99,1.32,0.51
2024-11-27,5.57,28.68,70.78,18.11,0.73,0.52
2024-11-28,3.05,28.5,75.87,19.54,1.19,0.52
2024-11-29,6.96,28.87,78.64,21.32,1.53,0.52
2024-11-30,32.36,27.95,84.73,19.76,1.94,0.55
2024-12-01,14.68,27.39,83.61,7.51,1.45,0.59
2024-12-02,8.92,27.3,82.05,15.55,1.09,0.6
2024-12-03,5.87,27.57,82.57,21.7,1.18,0.59
2024-12-04,15.21,27.72,82.05,11.95,1.05,0.6
2024-12-05,23.34,27.63,83.34,15.95,0.84,0.62
2024-12-06,22.55,27.03,85.74,10.8,1.79,0.63
2024-12-07,10.98,27.28,78.11,14.29,1.19,0.65
2024-12-08,21.98,27.31,83.31,17.06,1.88,0.65
2024-12-09,32.35,27.21,86.66,10.1,2.45,0.69
2024-12-10,32.38,26.85,87.69,12.22,2.01,0.72
2024-12-11,15.1,27.23,82.92,11.93,1.14,0.72
2024-12-12,7.82,27.43,80.24,13.78,1.35,0.7
2024-12-13,7.26,27.38,78.54,10.43,1.34,0.69
2024-12-14,12.14,27.93,79.56,19.36,1.35,0.67
2024-12-15,9.24,26.12,89.46,11.85,1.31,0.68
2024-12-16,7.75,26.23,87.8,13.61,1.39,0.67
2024-12-17,10.25,27.06,84.43,16.51,1.6,0.66
2024-12-18,18.09,27.33,83.08,15.45,1.92,0.68
2024-12-19,2.91,27.65,82.85,18.81,1.84,0.67
2024-12-20,11.03,27.33,85.34,18.37,1.35,0.65
2024-12-21,16.86,26.79,86.98,13.27,2.17,0.67
2024-12-22,16.51,26.03,90.31,16.58,2.79,0.69
2024-12-23,1.49,27.42,81.98,20.44,1.75,0.68
2024-12-24,11.44,27.69,84.1,21.22,1.38,0.66
2024-12-25,34.95,26.66,88.6,8.04,1.13,0.71
2024-12-26,23.93,27.15,81.08,15.55,1.28,0.72
2024-12-27,19.33,26.87,88.6,16.76,1.64,0.74
2024-12-28,29.82,26.58,90.68,10.62,2.0,0.75
2024-12-29,11.52,26.46,86.07,14.33,1.74,0.76
2024-12-30,18.1,26.52,88.74,19.67,1.65,0.75
2024-12-31,12.96,26.25,89.81,18.51,1.84,0.74
2025-01-01,10.21,25.92,90.12,12.59,1.21,0.74
2025-01-02,10.37,25.0,88.0,10.83,1.71,0.74
2025-01-03,7.05,25.45,87.37,14.99,1.75,0.73
2025-01-04,15.59,26.49,81.44,15.32,1.48,0.73
2025-01-05,17.55,25.81,87.1,14.3,1.84,0.75
2025-01-06,8.82,26.24,90.3,19.34,2.24,0.74
2025-01-07,2.34,26.89,86.01,23.3,1.85,0.73
2025-01-08,3.85,27.33,84.53,22.79,1.39,0.71
2025-01-09,29.63,26.62,90.45,18.87,1.51,0.74
2025-01-10,8.13,26.18,90.91,21.15,2.44,0.75
2025-01-11,13.77,26.11,90.45,10.62,2.04,0.75
2025-01-12,7.74,26.28,87.13,19.23,1.58,0.75
2025-01-13,8.43,26.75,83.56,20.69,1.18,0.74
2025-01-14,5.28,27.0,85.48,20.44,1.62,0.74
2025-01-15,6.77,26.31,88.46,19.41,1.57,0.74
2025-01-16,5.47,26.75,86.28,15.57,1.78,0.74
2025-01-17,4.67,26.9,88.01,15.73,1.88,0.74
2025-01-18,22.95,26.53,92.85,16.82,1.78,0.75
2025-01-19,6.19,26.96,89.21,17.32,1.46,0.76
2025-01-20,27.0,25.62,91.35,12.74,1.64,0.77
2025-01-21,13.34,26.22,83.93,14.88,1.17,0.78
2025-01-22,4.76,26.52,83.05,19.67,1.8,0.77
2025-01-23,4.64,26.26,84.23,20.98,1.6,0.76
2025-01-24,5.61,26.63,83.55,19.42,1.11,0.76
2025-01-25,8.89,26.7,86.95,23.01,0.84,0.76
2025-01-26,15.11,26.42,89.5,20.39,1.19,0.78
2025-01-27,9.98,26.21,88.96,16.36,1.72,0.78
2025-01-28,5.08,26.76,83.08,18.73,1.36,0.78
2025-01-29,9.65,26.48,86.06,17.16,1.25,0.77
2025-01-30,22.85,25.56,88.09,10.83,2.04,0.79
2025-01-31,3.41,25.97,86.66,12.92,1.26,0.79
2025-02-01,5.57,26.62,85.33,13.21,1.52,0.78
2025-02-02,11.85,26.44,89.54,19.17,2.16,0.79
2025-02-03,6.46,26.67,88.11,19.33,2.01,0.79
2025-02-04,3.99,26.84,86.65,19.38,2.03,0.79
2025-02-05,7.37,27.06,83.53,22.9,1.34,0.79
2025-02-06,10.26,26.44,88.7,19.44,1.34,0.79
2025-02-07,5.28,26.71,85.01,21.12,1.34,0.79
2025-02-08,14.53,26.64,89.57,15.52,2.63,0.79
2025-02-09,19.12,26.62,89.45,12.42,2.61,0.81
2025-02-10,42.12,26.28,88.65,6.01,2.95,0.84
2025-02-11,31.42,26.1,87.64,9.45,2.38,0.87
2025-02-12,8.01,26.65,87.84,15.69,1.75,0.86
2025-02-13,11.45,26.71,89.76,15.33,2.03,0.85
2025-02-14,3.59,26.63,87.62,15.97,2.05,0.85
2025-02-15,2.79,26.63,86.67,22.77,1.64,0.85
2025-02-16,2.01,27.05,82.0,22.35,1.0,0.84
2025-02-17,0.98,27.31,80.19,19.02,0.92,0.84
2025-02-18,8.97,26.05,88.85,20.32,1.49,0.84
2025-02-19,1.88,26.4,85.8,20.84,1.4,0.84
2025-02-20,7.21,26.12,84.27,19.63,1.38,0.84
2025-02-21,1.36,26.72,80.75,19.44,1.22,0.83
2025-02-22,15.51,26.76,85.9,16.52,1.47,0.84
2025-02-23,7.72,26.05,87.38,15.63,1.63,0.84
2025-02-24,21.73,25.77,89.03,17.21,1.21,0.86
2025-02-25,13.63,26.12,87.83,19.86,1.16,0.87
2025-02-26,8.63,26.06,86.31,21.79,1.26,0.87
2025-02-27,1.31,26.93,84.38,23.62,1.26,0.86
2025-02-28,6.54,27.28,80.33,25.66,0.95,0.86
2025-03-01,3.25,27.48,81.67,25.8,1.26,0.85
2025-03-02,0.66,27.77,81.14,23.74,0.85,0.85
2025-03-03,2.44,27.99,81.6,23.83,0.87,0.84
2025-03-04,1.75,27.86,81.72,23.84,1.07,0.83
2025-03-05,0.82,28.08,82.96,23.26,0.82,0.83
2025-03-06,0.62,27.92,81.16,24.18,0.72,0.82
2025-03-07,3.43,27.72,81.71,21.72,0.76,0.82
2025-03-08,5.42,27.09,84.36,18.66,1.37,0.82
2025-03-09,4.53,26.76,85.31,9.83,1.61,0.82
2025-03-10,2.42,27.05,81.32,21.97,0.86,0.82
2025-03-11,0.72,27.39,79.78,18.22,1.08,0.82
2025-03-12,1.7,27.62,80.88,23.83,0.95,0.81
2025-03-13,2.95,27.57,82.1,19.62,1.01,0.81
2025-03-14,11.79,26.97,82.48,16.85,0.7,0.82
2025-03-15,2.05,27.04,82.25,12.27,1.01,0.82
2025-03-16,2.3,26.76,84.26,17.45,1.19,0.81
2025-03-17,10.55,26.68,85.43,14.99,1.08,0.82
2025-03-18,61.5,26.48,90.39,18.4,1.96,0.85
2025-03-19,22.86,26.05,91.65,11.92,2.25,0.89
2025-03-20,8.94,26.91,88.48,18.67,2.35,0.88
2025-03-21,17.15,26.65,87.84,11.2,2.49,0.88
2025-03-22,23.21,26.44,86.14,14.73,2.41,0.88
2025-03-23,9.0,26.76,85.48,10.11,2.73,0.89
2025-03-24,9.83,27.02,86.92,13.31,2.21,0.89
2025-03-25,35.4,27.2,86.96,18.91,1.84,0.91
2025-03-26,7.94,27.39,86.24,13.49,1.25,0.91
2025-03-27,7.68,26.87,85.99,12.22,1.48,0.91
2025-03-28,12.22,26.34,85.67,17.38,1.2,0.91
2025-03-29,17.86,26.25,87.44,15.11,1.48,0.92
2025-03-30,4.56,26.03,89.67,15.74,1.43,0.92
2025-03-31,4.3,26.61,87.34,19.34,1.39,0.91
2025-04-01,2.95,26.78,81.61,22.03,1.25,0.91
2025-04-02,9.35,26.86,79.82,18.04,1.13,0.91
2025-04-03,3.3,26.57,80.72,20.93,1.51,0.91
2025-04-04,0.78,26.34,78.08,22.3,1.66,0.9
2025-04-05,0.04,27.08,71.77,23.34,0.95,0.89
2025-04-06,1.23,27.04,76.32,22.31,0.87,0.88
2025-04-07,3.95,26.79,84.1,22.16,0.88,0.88
2025-04-08,10.47,27.33,84.07,20.27,1.22,0.88
2025-04-09,11.21,27.32,84.74,17.55,0.93,0.89
2025-04-10,11.59,27.33,83.42,18.49,0.9,0.89
2025-04-11,11.92,27.54,82.48,21.41,0.97,0.9
2025-04-12,1.49,27.6,81.0,21.69,1.02,0.89
2025-04-13,2.06,27.65,80.3,20.71,1.23,0.88
2025-04-14,5.48,27.35,82.58,18.72,1.0,0.88
2025-04-15,2.42,27.34,79.36,20.28,0.94,0.88
2025-04-16,1.03,27.46,80.97,19.68,1.18,0.87
2025-04-17,2.01,27.22,86.29,19.94,1.51,0.87
2025-04-18,6.71,26.6,87.48,7.08,2.17,0.87
2025-04-19,2.27,27.15,83.39,17.14,1.05,0.86
2025-04-20,1.84,26.83,84.86,20.44,1.66,0.86
2025-04-21,0.6,26.96,82.76,21.48,1.74,0.85
2025-04-22,0.06,26.71,82.32,22.21,2.07,0.85
2025-04-23,0.15,26.3,81.27,21.5,1.66,0.84
2025-04-24,7.02,27.07,82.49,17.48,1.0,0.84
2025-04-25,5.45,26.99,83.93,20.77,1.58,0.84
2025-04-26,7.15,26.89,79.48,21.2,1.56,0.84
2025-04-27,6.53,26.22,78.67,22.17,1.73,0.84
2025-04-28,2.81,26.17,76.93,21.7,1.8,0.84
2025-04-29,1.74,26.13,80.43,22.71,2.18,0.83
2025-04-30,0.6,26.51,79.52,20.58,1.67,0.82
2025-05-01,2.85,27.3,75.96,21.16,1.19,0.82
2025-05-02,0.73,27.42,80.31,19.78,1.18,0.81
2025-05-03,2.07,27.56,81.49,19.55,1.25,0.81
2025-05-04,1.43,27.45,83.02,20.37,1.53,0.8
2025-05-05,2.19,27.09,88.04,19.13,1.81,0.8
2025-05-06,4.05,27.0,87.97,17.76,1.73,0.8
2025-05-07,9.22,26.71,91.83,14.15,1.66,0.81
2025-05-08,4.95,27.12,83.76,15.77,1.64,0.81
2025-05-09,8.81,26.55,83.86,12.31,1.21,0.81
2025-05-10,2.88,26.89,79.17,14.82,1.02,0.81
2025-05-11,3.3,27.26,81.4,15.61,0.86,0.81
2025-05-12,10.58,26.39,87.74,14.25,1.52,0.81
2025-05-13,7.07,26.92,85.51,16.03,1.42,0.82
2025-05-14,4.95,26.93,86.51,15.65,1.38,0.82
2025-05-15,3.61,26.89,85.92,15.98,1.39,0.81
2025-05-16,8.61,26.37,89.12,18.27,1.9,0.82
2025-05-17,4.12,26.71,83.75,18.72,1.66,0.82
2025-05-18,0.33,26.59,82.14,18.89,2.08,0.81
2025-05-19,1.18,26.45,84.68,16.87,2.05,0.8
2025-05-20,1.22,26.13,86.2,17.8,2.27,0.8
2025-05-21,0.6,26.07,84.28,16.13,2.27,0.79
2025-05-22,3.06,26.67,84.21,16.66,1.55,0.79
2025-05-23,11.12,26.79,85.44,14.12,1.14,0.8
2025-05-24,3.4,27.13,83.9,16.04,1.53,0.8
2025-05-25,2.88,27.02,87.01,16.37,1.59,0.8
2025-05-26,1.22,27.32,83.36,17.47,1.6,0.79
2025-05-27,2.34,26.9,84.02,16.2,1.75,0.79
2025-05-28,4.49,27.35,77.89,17.07,0.58,0.79
2025-05-29,7.67,27.23,83.22,19.44,1.49,0.79
2025-05-30,1.31,27.2,86.25,18.1,1.53,0.79
2025-05-31,3.83,26.9,87.9,17.62,1.22,0.79
2025-06-01,3.07,26.44,85.96,18.6,1.33,0.79
2025-06-02,1.18,26.3,83.61,15.9,1.16,0.79
2025-06-03,1.19,26.53,83.1,16.85,1.2,0.78
2025-06-04,1.6,26.72,80.78,19.54,1.15,0.78
2025-06-05,0.53,26.16,83.14,19.74,2.25,0.77
2025-06-06,0.36,26.27,81.71,18.69,1.99,0.77
2025-06-07,4.94,26.08,87.23,10.39,2.31,0.77
2025-06-08,2.42,26.4,83.63,17.2,2.24,0.77
2025-06-09,0.43,26.32,81.26,18.17,1.89,0.76
2025-06-10,0.73,26.03,83.49,17.22,2.34,0.76
2025-06-11,0.3,25.71,82.41,19.2,2.44,0.75
2025-06-12,0.15,26.11,82.89,16.96,2.11,0.74
2025-06-13,1.75,26.7,86.12,13.18,1.69,0.74
2025-06-14,5.87,26.59,88.19,16.74,1.77,0.75
2025-06-15,8.84,26.16,88.05,17.36,1.98,0.76
2025-06-16,1.01,26.54,81.93,18.6,1.93,0.76
2025-06-17,0.09,25.82,80.81,19.72,2.1,0.75
2025-06-18,0.07,25.6,80.61,18.15,1.95,0.74
2025-06-19,0.23,25.9,81.06,15.72,1.54,0.73
2025-06-20,1.21,25.79,84.3,8.86,1.56,0.73
2025-06-21,3.02,25.82,85.79,17.22,1.95,0.73
2025-06-22,0.26,25.65,79.92,17.37,2.35,0.73
2025-06-23,0.25,25.27,83.58,16.99,2.35,0.73
2025-06-24,0.63,25.12,82.72,14.99,2.26,0.72
2025-06-25,18.57,25.15,87.01,12.29,2.15,0.73
2025-06-26,9.83,25.86,86.18,14.01,2.07,0.76
2025-06-27,1.28,25.79,85.53,16.34,2.45,0.75
2025-06-28,0.36,25.61,84.56,16.95,2.33,0.74
2025-06-29,0.29,25.37,82.96,17.23,2.33,0.73
2025-06-30,0.22,25.37,81.73,18.56,1.9,0.72
2025-07-01,0.4,25.67,84.95,17.95,1.99,0.72
2025-07-02,0.43,25.77,84.88,18.09,2.12,0.72
2025-07-03,0.51,25.51,84.75,17.17,2.17,0.71
2025-07-04,0.63,25.16,85.17,12.76,2.65,0.71
2025-07-05,1.16,25.67,84.03,11.72,1.67,0.71
2025-07-06,22.12,26.03,86.65,16.02,1.84,0.72
2025-07-07,1.35,25.63,83.34,19.79,2.22,0.74
2025-07-08,0.09,24.63,84.06,16.56,2.27,0.73
2025-07-09,0.34,24.55,83.63,18.02,2.44,0.72
2025-07-10,0.08,24.26,81.91,18.25,2.33,0.71
2025-07-11,0.04,24.89,80.72,16.47,1.94,0.71
2025-07-12,0.75,25.86,82.78,14.94,1.53,0.7
2025-07-13,0.06,25.84,83.78,18.62,2.06,0.7
2025-07-14,0.88,25.69,85.44,17.67,2.24,0.69
2025-07-15,0.3,25.94,83.82,19.77,2.28,0.69
2025-07-16,0.22,25.09,83.26,18.79,2.55,0.69
2025-07-17,0.01,24.7,80.51,20.18,2.16,0.68
2025-07-18,0.09,24.07,82.5,20.66,2.19,0.68
2025-07-19,0.02,23.85,79.93,20.18,2.12,0.68
2025-07-20,0.03,24.36,79.98,21.46,2.03,0.68
2025-07-21,0.04,24.59,82.12,19.04,1.8,0.67
2025-07-22,0.03,25.23,82.35,19.8,1.82,0.67
2025-07-23,0.03,25.7,81.11,19.28,1.36,0.67
2025-07-24,0.09,26.11,83.02,18.63,1.56,0.66
2025-07-25,0.65,25.94,85.08,18.27,2.15,0.66
2025-07-26,0.71,26.02,85.05,19.59,2.1,0.66
2025-07-27,3.69,25.91,86.44,18.69,1.96,0.66
2025-07-28,2.15,25.7,85.27,19.1,2.39,0.66
2025-07-29,0.29,25.12,83.34,18.57,2.8,0.66
2025-07-30,1.06,24.68,84.28,17.06,2.74,0.66
2025-07-31,0.25,25.04,82.8,18.19,2.4,0.65
2025-08-01,0.09,25.74,81.72,19.29,2.11,0.65
2025-08-02,0.03,26.41,82.44,20.45,1.37,0.65
2025-08-03,0.29,26.62,82.46,18.89,1.55,0.65
2025-08-04,0.07,26.23,80.4,20.67,1.8,0.64
2025-08-05,0.05,25.54,80.34,20.44,1.97,0.64
2025-08-06,0.01,25.12,77.52,21.99,2.01,0.64
2025-08-07,0.04,25.35,78.29,21.3,1.45,0.63
2025-08-08,0.08,26.01,78.48,20.97,1.24,0.63
2025-08-09,0.64,26.22,82.02,20.0,1.62,0.63
2025-08-10,0.49,26.25,80.4,19.88,1.51,0.63
2025-08-11,0.11,26.18,79.8,21.14,1.82,0.62
2025-08-12,0.02,25.63,77.79,22.13,2.35,0.62
2025-08-13,0.01,25.29,76.48,22.59,2.43,0.62
2025-08-14,0.03,24.8,75.12,21.29,2.64,0.61
2025-08-15,0.77,24.95,78.7,21.21,2.45,0.61
2025-08-16,0.25,25.25,78.32,21.97,2.35,0.61
2025-08-17,0.0,25.95,75.94,21.25,1.75,0.61
2025-08-18,0.15,26.35,78.42,18.73,1.33,0.6
2025-08-19,3.87,26.28,81.56,19.59,1.47,0.61
2025-08-20,0.36,26.11,80.56,21.12,1.79,0.61
2025-08-21,0.05,25.82,77.13,21.96,1.8,0.6
2025-08-22,0.06,25.78,77.23,20.34,1.41,0.6
2025-08-23,0.06,26.25,76.6,21.11,1.15,0.6
2025-08-24,0.03,26.3,73.6,21.35,1.18,0.6
2025-08-25,0.42,25.71,79.69,20.02,2.01,0.59
2025-08-26,0.54,25.71,80.96,17.97,2.47,0.59
2025-08-27,0.52,25.27,81.75,19.54,2.71,0.59
2025-08-28,0.38,25.29,79.02,21.29,2.37,0.59
2025-08-29,0.23,25.25,78.84,19.64,2.66,0.59
2025-08-30,0.02,25.77,76.37,21.15,2.26,0.58
2025-08-31,0.0,26.11,75.24,22.88,1.71,0.58
2025-09-01,0.2,26.58,78.14,23.21,1.59,0.58
2025-09-02,0.44,26.88,78.55,22.8,1.64,0.58
2025-09-03,0.04,26.57,76.9,23.68,1.95,0.57
2025-09-04,0.03,26.26,73.77,24.46,2.07,0.57
2025-09-05,0.0,26.01,72.74,24.27,2.01,0.57
2025-09-06,0.03,25.69,75.71,22.87,2.4,0.56
2025-09-07,0.11,25.2,78.8,16.32,2.56,0.56
2025-09-08,1.33,25.9,80.14,19.49,2.54,0.56
2025-09-09,8.93,25.73,88.78,12.29,2.82,0.57
2025-09-10,6.46,25.87,89.93,18.5,1.95,0.59
2025-09-11,0.28,26.84,80.32,22.47,1.8,0.59
2025-09-12,0.06,26.79,78.69,22.66,2.11,0.58
2025-09-13,0.17,26.95,79.43,23.68,2.09,0.58
2025-09-14,0.2,26.76,78.69,23.37,2.06,0.57
2025-09-15,0.26,26.67,77.9,19.12,2.24,0.57
2025-09-16,3.75,26.16,79.58,18.85,2.52,0.57
2025-09-17,0.56,26.19,78.53,20.89,2.12,0.57
2025-09-18,21.72,25.99,81.65,21.54,1.86,0.58
2025-09-19,5.4,26.68,81.1,22.38,1.89,0.61
2025-09-20,0.52,26.87,79.31,22.15,1.74,0.6
2025-09-21,0.09,27.0,78.32,24.15,1.73,0.59
2025-09-22,0.02,26.93,77.3,25.99,1.96,0.59
2025-09-23,0.04,26.52,77.81,25.33,1.72,0.58
2025-09-24,2.87,26.65,79.23,22.63,1.9,0.57
2025-09-25,0.6,27.35,75.72,24.21,1.31,0.57
2025-09-26,0.25,27.52,77.9,24.05,1.81,0.57
2025-09-27,10.13,27.48,79.77,22.41,1.52,0.57
2025-09-28,8.64,27.83,78.94,23.58,1.43,0.59
2025-09-29,1.5,27.14,82.04,20.12,1.46,0.59
2025-09-30,2.69,26.52,84.93,19.0,1.58,0.59
2025-10-01,0.41,26.88,80.28,23.93,1.76,0.59
2025-10-02,0.04,27.34,73.23,26.37,1.58,0.58
2025-10-03,0.1,27.33,74.97,26.64,1.63,0.57
2025-10-04,0.34,27.63,77.06,23.9,1.53,0.57
2025-10-05,4.09,27.79,76.3,24.86,1.07,0.56
2025-10-06,2.34,27.79,73.76,25.45,1.62,0.57
2025-10-07,0.2,26.95,75.78,26.59,1.93,0.56
2025-10-08,0.11,27.06,77.09,26.16,2.4,0.56
2025-10-09,0.26,27.21,72.41,22.35,1.95,0.55
2025-10-10,0.83,26.65,77.53,24.59,1.96,0.55
2025-10-11,1.27,27.27,79.78,20.57,1.61,0.55
2025-10-12,1.26,28.1,79.23,21.83,1.47,0.55
2025-10-13,0.56,28.71,76.0,24.71,1.12,0.55
2025-10-14,1.22,28.17,78.36,23.56,1.57,0.55
2025-10-15,0.55,28.35,76.46,25.49,1.6,0.54
2025-10-16,1.62,28.51,76.16,24.47,1.89,0.54
2025-10-17,12.14,28.3,78.16,24.67,1.4,0.55
2025-10-18,3.98,28.25,78.37,22.88,1.56,0.57
2025-10-19,2.65,28.32,78.85,22.67,1.0,0.57
2025-10-20,4.32,28.45,78.83,21.56,1.33,0.57
2025-10-21,7.82,28.11,80.8,19.59,1.11,0.58
2025-10-22,3.3,27.8,83.51,20.12,0.64,0.58
2025-10-23,1.19,27.55,82.84,22.14,0.67,0.58
2025-10-24,1.15,28.11,75.61,22.32,0.86,0.58
2025-10-25,2.54,27.77,79.9,21.36,0.72,0.57
2025-10-26,3.45,28.32,77.03,22.39,0.73,0.57
2025-10-27,1.93,27.48,80.43,9.92,0.56,0.57
2025-10-28,2.91,27.09,82.38,21.85,1.24,0.57
2025-10-29,13.93,26.99,86.02,19.59,1.17,0.59
2025-10-30,8.06,27.63,81.71,22.08,1.25,0.6
2025-10-31,4.47,27.88,80.76,21.81,1.53,0.61
2025-11-01,0.68,28.22,77.42,24.6,1.31,0.6
2025-11-02,2.33,28.26,78.61,22.27,0.94,0.59
2025-11-03,1.21,28.17,78.06,22.68,0.82,0.59
2025-11-04,0.93,27.22,81.63,21.44,1.12,0.58
2025-11-05,7.14,27.47,78.58,22.29,1.14,0.58
2025-11-06,26.75,26.88,82.84,20.98,1.71,0.63
2025-11-07,1.37,27.72,77.86,23.65,0.9,0.62
2025-11-08,13.54,27.63,81.46,23.24,0.82,0.62
2025-11-09,19.65,26.87,87.03,15.23,0.9,0.65
2025-11-10,10.87,27.43,77.6,17.54,0.81,0.66
2025-11-11,3.59,27.38,77.4,17.99,0.79,0.65
2025-11-12,12.13,27.17,79.86,15.81,1.25,0.65
2025-11-13,16.15,26.7,84.32,10.77,1.95,0.67
2025-11-14,6.26,26.81,81.48,16.24,2.38,0.67
2025-11-15,5.17,26.89,80.47,21.17,2.07,0.66
2025-11-16,0.47,27.07,79.32,22.83,1.41,0.64
2025-11-17,4.13,27.37,80.55,22.65,1.03,0.63
2025-11-18,3.92,27.15,82.53,21.8,1.67,0.63
2025-11-19,7.49,26.96,83.12,17.57,1.89,0.63
2025-11-20,0.15,27.67,75.71,20.24,1.6,0.63
2025-11-21,2.6,27.49,76.0,22.28,0.97,0.62
2025-11-22,2.75,27.47,80.12,18.52,0.88,0.61
2025-11-23,4.93,26.74,87.78,19.99,1.44,0.62
2025-11-24,20.04,26.33,85.98,18.73,1.18,0.65
2025-11-25,1.22,27.52,79.42,20.25,1.61,0.65
2025-11-26,9.84,27.88,79.4,22.36,1.16,0.64
2025-11-27,3.43,27.16,83.69,15.41,1.18,0.65
2025-11-28,3.45,26.86,85.09,18.99,2.09,0.64
2025-11-29,3.58,26.61,82.65,15.68,2.46,0.64
2025-11-30,3.13,26.92,82.71,19.1,1.52,0.64
2025-12-01,20.26,26.88,84.8,20.88,1.99,0.64
2025-12-02,16.08,26.93,85.31,20.66,1.61,0.67
2025-12-03,12.7,27.26,82.33,21.42,1.21,0.68
2025-12-04,5.21,27.08,82.6,23.44,1.08,0.69
2025-12-05,7.44,26.81,82.65,22.5,1.39,0.67
2025-12-06,5.84,27.06,81.56,22.64,1.19,0.68
2025-12-07,4.93,27.4,82.11,21.9,1.2,0.67
2025-12-08,5.61,27.59,82.49,22.16,1.73,0.66
2025-12-09,6.38,27.17,83.04,22.48,1.37,0.66
2025-12-10,5.77,27.14,81.13,16.96,1.28,0.67
2025-12-11,5.89,27.33,81.36,16.19,1.45,0.66
2025-12-12,3.45,27.09,83.19,22.33,1.54,0.66
2025-12-13,12.76,26.65,85.9,18.68,2.07,0.67
2025-12-14,33.58,26.52,88.13,6.31,1.9,0.69
2025-12-15,10.27,26.21,89.07,17.52,2.28,0.73
2025-12-16,9.07,26.02,89.7,12.03,1.72,0.72
2025-12-17,0.37,27.1,81.73,20.71,1.64,0.7
2025-12-18,7.73,27.16,81.77,22.66,1.73,0.69
2025-12-19,17.08,26.61,85.53,7.58,1.46,0.7
2025-12-20,26.84,26.51,82.61,15.6,0.87,0.74
2025-12-21,2.47,27.54,76.24,22.22,1.41,0.72
2025-12-22,2.55,27.36,83.1,18.92,2.16,0.7
2025-12-23,1.56,27.54,82.16,22.69,2.25,0.69
2025-12-24,2.39,27.39,81.94,19.64,2.07,0.68
2025-12-25,1.98,27.58,82.75,24.56,1.73,0.68
2025-12-26,4.3,27.54,83.33,16.67,1.9,0.67
2025-12-27,40.61,26.98,87.76,10.81,2.11,0.71
2025-12-28,14.31,26.84,87.65,16.01,2.0,0.73
2025-12-29,5.95,26.95,85.28,15.85,1.76,0.73
2025-12-30,5.97,26.73,84.44,19.78,1.39,0.72
2025-12-31,2.26,26.8,84.53,21.55,1.36,0.71
