DATE,PRECTOTCORR,T2M,RH2M,ALLSKY_SFC_SW_DWN,WS2M,GWETROOT
1996-01-01,8.9,26.44,80.09,22.08,1.91,0.87
1996-01-02,17.25,25.56,84.42,21.64,1.88,0.89
1996-01-03,28.02,25.43,86.65,21.3,1.96,0.92
1996-01-04,17.43,25.39,84.8,13.06,2.65,0.95
1996-01-05,9.92,25.53,82.84,14.59,2.7,0.95
1996-01-06,1.72,26.16,80.17,24.1,2.91,0.95
1996-01-07,0.99,26.75,78.18,26.01,2.06,0.94
1996-01-08,2.03,26.81,78.59,25.14,3.07,0.93
1996-01-09,0.74,26.3,82.19,24.2,4.44,0.93
1996-01-10,0.73,26.83,78.56,24.85,4.12,0.92
1996-01-11,2.06,26.94,77.17,24.24,2.72,0.91
1996-01-12,4.28,25.98,82.52,18.35,2.78,0.91
1996-01-13,7.81,26.46,78.37,17.62,1.87,0.91
1996-01-14,6.67,26.6,78.66,21.23,2.26,0.92
1996-01-15,1.45,27.25,75.42,24.07,1.11,0.92
1996-01-16,7.01,27.44,74.46,24.47,1.22,0.91
1996-01-17,9.75,27.14,77.85,20.31,1.29,0.92
1996-01-18,8.93,27.25,77.6,24.25,1.25,0.93
1996-01-19,6.98,26.37,82.9,17.2,1.63,0.93
1996-01-20,6.82,26.16,81.86,18.02,1.18,0.93
1996-01-21,9.22,26.54,84.01,23.59,1.55,0.94
1996-01-22,24.64,25.89,88.6,16.48,3.46,0.95
1996-01-23,11.79,26.12,82.88,16.51,2.23,0.97
1996-01-24,24.05,25.51,85.6,21.74,2.78,0.97
1996-01-25,8.8,25.42,85.68,18.08,2.4,0.98
1996-01-26,16.03,25.41,87.19,17.1,3.33,0.98
1996-01-27,19.94,25.62,88.09,14.22,3.93,0.99
1996-01-28,10.78,25.63,87.79,17.43,5.97,0.99
1996-01-29,4.04,25.72,86.58,17.68,4.35,0.99
1996-01-30,3.47,25.65,85.25,20.17,4.07,0.99
1996-01-31,5.63,25.98,85.97,16.79,2.94,0.98
1996-02-01,11.22,25.69,86.13,19.41,4.39,0.99
1996-02-02,6.8,26.03,85.48,21.18,4.78,0.99
1996-02-03,6.46,25.6,88.06,21.23,4.64,0.99
1996-02-04,5.36,25.64,85.86,20.35,3.32,0.98
1996-02-05,5.58,25.98,83.69,23.54,1.73,0.98
1996-02-06,11.83,26.67,82.65,15.3,2.47,0.98
1996-02-07,9.24,25.61,88.4,19.99,2.7,0.98
1996-02-08,5.56,25.75,89.11,22.52,2.77,0.98
1996-02-09,8.85,25.82,88.85,20.91,2.9,0.98
1996-02-10,13.7,25.66,87.08,9.02,2.09,0.98
1996-02-11,20.2,25.35,85.38,19.91,2.16,0.98
1996-02-12,16.73,25.05,90.82,18.96,2.28,0.99
1996-02-13,6.42,25.89,88.39,20.04,3.76,0.99
1996-02-14,9.52,26.02,88.24,21.78,3.03,0.99
1996-02-15,5.33,26.06,86.86,21.42,1.91,0.99
1996-02-16,17.3,25.56,90.5,20.84,3.05,0.99
1996-02-17,13.9,25.67,87.4,22.14,2.04,1.0
1996-02-18,2.01,26.32,82.38,24.41,1.48,0.99
1996-02-19,13.38,26.65,82.27,21.74,1.8,0.99
1996-02-20,13.06,26.18,85.96,22.91,2.41,1.0
1996-02-21,3.62,26.54,80.07,22.15,1.37,1.0
1996-02-22,4.14,27.7,73.58,23.4,1.11,0.99
1996-02-23,16.97,26.06,86.5,14.97,2.7,1.0
1996-02-24,6.08,25.95,83.64,20.61,2.42,1.0
1996-02-25,18.77,25.56,86.09,19.78,3.92,1.0
1996-02-26,8.51,25.23,87.07,18.53,3.05,0.99
1996-02-27,3.01,25.34,89.82,23.63,4.35,0.99
1996-02-28,9.07,25.38,89.5,19.62,5.11,0.99
1996-02-29,21.18,25.4,86.79,7.55,5.67,1.0
1996-03-01,21.06,25.12,87.16,14.8,5.44,1.0
1996-03-02,22.81,25.23,90.44,18.5,4.96,1.0
1996-03-03,5.25,25.66,88.46,19.8,4.3,1.0
1996-03-04,11.04,25.88,86.87,21.37,4.44,1.0
1996-03-05,4.51,25.72,87.47,21.5,4.67,1.0
1996-03-06,3.15,25.91,85.06,19.38,4.05,1.0
1996-03-07,2.82,25.84,86.06,24.17,5.28,0.99
1996-03-08,4.15,25.71,83.71,21.31,5.78,0.99
1996-03-09,2.76,25.72,83.14,25.33,5.96,0.98
1996-03-10,5.71,25.77,86.46,17.82,6.5,0.98
1996-03-11,3.15,25.76,84.93,21.03,5.07,0.98
1996-03-12,2.32,26.32,84.87,24.79,3.9,0.97
1996-03-13,0.1,26.29,84.92,23.75,2.2,0.96
1996-03-14,3.13,26.44,82.85,21.64,1.65,0.96
1996-03-15,2.17,26.55,83.88,23.67,2.35,0.96
1996-03-16,2.97,26.41,85.43,24.27,4.09,0.96
1996-03-17,5.11,26.64,87.29,21.78,3.17,0.96
1996-03-18,5.96,26.2,87.0,18.5,3.54,0.96
1996-03-19,6.65,26.09,86.09,21.36,3.38,0.96
1996-03-20,3.72,26.24,85.07,20.07,3.41,0.96
1996-03-21,7.07,26.28,84.77,20.79,2.87,0.96
1996-03-22,15.91,26.16,86.77,20.39,3.88,0.97
1996-03-23,6.23,26.09,84.23,22.59,4.23,0.98
1996-03-24,2.98,26.15,79.67,20.37,4.55,0.97
1996-03-25,1.53,25.97,79.06,20.67,4.44,0.96
1996-03-26,4.51,26.49,77.8,21.52,3.59,0.96
1996-03-27,0.79,26.52,79.56,24.86,3.86,0.95
1996-03-28,0.0,27.05,72.27,25.78,2.63,0.94
1996-03-29,0.0,26.62,70.96,25.62,2.65,0.93
1996-03-30,0.21,26.46,76.66,24.87,3.01,0.92
1996-03-31,0.78,26.86,76.95,23.37,3.55,0.91
1996-04-01,1.51,26.97,77.67,24.28,3.07,0.9
1996-04-02,7.96,27.08,78.52,21.17,3.43,0.9
1996-04-03,6.52,27.05,80.67,15.43,2.74,0.9
1996-04-04,5.07,26.53,80.18,18.19,3.18,0.9
1996-04-05,1.42,26.88,76.09,21.4,1.54,0.9
1996-04-06,2.38,26.58,78.92,20.11,2.96,0.9
1996-04-07,0.68,26.48,81.05,19.36,4.97,0.89
1996-04-08,2.13,26.51,82.93,20.13,5.08,0.89
1996-04-09,0.47,26.41,83.22,20.08,4.55,0.88
1996-04-10,7.71,26.45,82.68,19.02,2.29,0.88
1996-04-11,4.77,26.6,80.97,19.31,0.94,0.88
1996-04-12,9.05,26.37,80.93,17.84,1.39,0.89
1996-04-13,8.95,26.66,78.77,16.6,1.48,0.9
1996-04-14,2.81,26.88,79.22,21.76,1.86,0.9
1996-04-15,3.28,26.89,78.18,23.39,1.31,0.89
1996-04-16,6.68,26.4,83.72,21.85,1.96,0.9
1996-04-17,1.58,25.97,85.5,21.85,4.18,0.9
1996-04-18,4.73,26.15,84.71,19.83,4.31,0.9
1996-04-19,2.41,26.63,80.39,21.14,4.56,0.9
1996-04-20,0.78,26.37,79.91,22.04,4.36,0.89
1996-04-21,0.85,25.82,75.84,21.85,5.26,0.88
1996-04-22,0.59,25.17,72.59,22.27,5.09,0.87
1996-04-23,0.0,25.11,70.4,21.39,4.33,0.86
1996-04-24,0.34,24.64,71.29,19.8,3.86,0.85
1996-04-25,0.31,24.86,73.22,20.13,3.49,0.85
1996-04-26,0.0,24.84,75.64,21.6,4.49,0.84
1996-04-27,0.0,25.32,75.86,22.44,4.65,0.83
1996-04-28,1.73,25.32,74.05,21.4,4.47,0.83
1996-04-29,0.0,25.72,76.24,16.74,4.15,0.82
1996-04-30,0.0,26.43,73.74,22.31,3.64,0.81
1996-05-01,5.3,25.97,78.46,21.64,4.21,0.81
1996-05-02,4.36,25.84,78.59,20.01,4.35,0.81
1996-05-03,0.0,25.56,72.11,20.02,4.15,0.81
1996-05-04,0.0,24.64,68.89,20.34,3.11,0.8
1996-05-05,0.0,23.77,68.57,20.62,4.22,0.79
1996-05-06,2.62,24.22,69.08,21.59,4.35,0.79
1996-05-07,0.05,24.64,73.58,20.91,4.23,0.79
1996-05-08,0.0,24.24,67.55,21.24,4.36,0.78
1996-05-09,4.03,24.25,68.36,19.78,3.71,0.78
1996-05-10,0.11,24.44,71.74,21.3,3.63,0.77
1996-05-11,2.85,25.11,76.14,20.61,3.53,0.77
1996-05-12,0.51,25.54,76.06,19.69,4.31,0.77
1996-05-13,0.69,25.59,78.57,15.53,3.87,0.76
1996-05-14,7.18,25.45,84.71,16.64,6.08,0.76
1996-05-15,6.92,24.93,89.84,13.44,6.2,0.78
1996-05-16,2.06,25.37,82.06,16.77,6.18,0.78
1996-05-17,0.58,25.27,79.64,14.66,5.67,0.77
1996-05-18,0.35,25.08,77.58,16.38,4.84,0.77
1996-05-19,0.4,25.15,76.98,16.19,4.97,0.76
1996-05-20,0.0,25.14,76.35,16.68,5.15,0.76
1996-05-21,1.59,24.98,79.82,18.53,5.8,0.76
1996-05-22,2.71,24.8,80.74,16.46,5.97,0.75
1996-05-23,0.54,24.63,76.33,17.05,5.8,0.75
1996-05-24,0.0,24.23,72.3,17.36,5.3,0.75
1996-05-25,0.23,24.51,72.6,18.29,4.18,0.74
1996-05-26,0.92,24.92,75.36,19.36,3.83,0.74
1996-05-27,0.19,25.52,74.01,18.1,4.15,0.73
1996-05-28,0.89,25.68,77.83,17.49,3.6,0.73
1996-05-29,0.55,26.16,81.01,18.67,3.76,0.72
1996-05-30,0.98,26.23,79.82,17.61,5.26,0.72
1996-05-31,2.3,26.03,79.6,17.57,5.94,0.72
1996-06-01,0.32,25.29,80.61,16.88,6.24,0.72
1996-06-02,0.0,25.11,79.59,18.41,5.53,0.71
1996-06-03,0.01,25.12,75.53,18.8,6.18,0.71
1996-06-04,0.26,24.83,74.23,16.78,5.23,0.71
1996-06-05,0.0,25.1,77.35,17.38,4.95,0.7
1996-06-06,0.52,25.4,75.91,18.06,4.84,0.7
1996-06-07,0.7,25.75,76.4,12.78,3.85,0.7
1996-06-08,0.69,25.56,76.31,18.66,4.3,0.69
1996-06-09,2.1,25.39,76.31,17.29,4.86,0.69
1996-06-10,0.25,25.25,77.48,18.79,5.55,0.69
1996-06-11,0.49,25.5,74.94,18.65,4.57,0.69
1996-06-12,0.26,25.24,75.67,17.89,4.51,0.68
1996-06-13,2.02,25.46,74.75,17.1,5.57,0.68
1996-06-14,2.86,25.44,76.11,18.0,4.74,0.69
1996-06-15,0.18,26.06,71.96,18.72,3.76,0.68
1996-06-16,1.45,25.54,75.2,18.5,4.48,0.68
1996-06-17,0.04,25.52,74.11,18.58,3.38,0.68
1996-06-18,1.03,26.01,75.16,18.1,2.01,0.68
1996-06-19,0.67,25.96,74.59,18.42,3.19,0.68
1996-06-20,0.04,25.65,68.98,18.09,2.75,0.67
1996-06-21,0.0,25.68,71.66,17.25,2.93,0.67
1996-06-22,0.0,25.48,71.33,18.16,3.94,0.66
1996-06-23,0.02,25.85,74.67,19.05,4.19,0.66
1996-06-24,0.8,26.12,74.65,17.37,2.69,0.66
1996-06-25,0.52,26.62,73.26,19.57,1.8,0.66
1996-06-26,0.0,26.4,73.53,19.22,3.53,0.65
1996-06-27,0.05,26.19,72.64,17.04,4.62,0.65
1996-06-28,0.04,26.17,72.78,16.87,4.64,0.65
1996-06-29,0.79,26.05,75.75,18.76,5.45,0.65
1996-06-30,0.0,25.52,76.16,19.04,4.47,0.64
1996-07-01,0.46,25.08,76.32,17.78,5.43,0.64
1996-07-02,1.37,25.29,75.09,18.01,7.06,0.64
1996-07-03,0.02,25.24,73.74,18.68,4.83,0.64
1996-07-04,6.39,25.3,75.96,14.51,4.24,0.65
1996-07-05,0.0,25.46,70.28,14.56,5.11,0.65
1996-07-06,1.26,25.1,76.33,17.3,5.88,0.64
1996-07-07,1.76,25.33,77.16,17.7,6.28,0.65
1996-07-08,3.51,25.34,74.47,18.59,6.8,0.65
1996-07-09,0.64,25.18,72.38,17.68,5.35,0.65
1996-07-10,0.28,25.06,71.9,16.87,4.84,0.64
1996-07-11,0.37,25.35,72.06,16.07,4.83,0.64
1996-07-12,0.56,25.39,73.06,15.63,5.12,0.64
1996-07-13,0.0,24.82,73.57,19.48,5.09,0.64
1996-07-14,1.86,24.88,71.67,20.31,4.31,0.64
1996-07-15,0.0,24.87,68.4,19.39,3.36,0.64
1996-07-16,0.0,23.9,71.53,18.11,3.5,0.63
1996-07-17,9.9,23.65,72.24,19.54,3.53,0.64
1996-07-18,0.0,24.91,70.48,18.59,4.57,0.65
1996-07-19,0.0,25.32,68.31,19.44,4.28,0.64
1996-07-20,0.0,25.59,71.35,20.65,3.65,0.64
1996-07-21,0.0,25.42,72.35,19.28,3.93,0.63
1996-07-22,0.0,25.79,73.86,19.55,4.26,0.63
1996-07-23,0.0,25.88,69.64,20.33,3.56,0.63
1996-07-24,0.01,26.13,71.99,19.38,4.11,0.63
1996-07-25,0.18,25.92,71.08,14.73,5.9,0.62
1996-07-26,3.32,25.55,69.43,18.15,5.98,0.63
1996-07-27,0.99,25.23,68.39,18.93,4.75,0.62
1996-07-28,0.11,24.36,65.77,18.95,4.55,0.62
1996-07-29,0.0,23.7,63.27,20.56,4.55,0.62
1996-07-30,0.0,23.7,61.76,20.66,4.17,0.62
1996-07-31,9.23,24.3,64.4,19.78,2.45,0.61
1996-08-01,1.68,24.84,63.56,20.68,2.64,0.63
1996-08-02,0.0,24.92,62.63,20.14,2.41,0.63
1996-08-03,0.0,24.9,63.92,19.87,3.21,0.62
1996-08-04,0.0,24.44,62.81,21.46,3.66,0.62
1996-08-05,0.0,24.16,70.25,21.55,3.19,0.62
1996-08-06,0.01,24.97,71.6,18.58,3.09,0.61
1996-08-07,0.89,25.72,72.63,9.34,4.64,0.61
1996-08-08,0.22,25.85,71.27,16.92,3.33,0.61
1996-08-09,0.56,25.81,71.9,19.94,4.03,0.61
1996-08-10,4.1,26.07,75.16,20.72,5.26,0.61
1996-08-11,1.18,25.81,74.52,20.9,6.58,0.61
1996-08-12,0.18,25.75,71.56,21.89,5.79,0.61
1996-08-13,0.0,26.15,70.59,21.27,3.98,0.61
1996-08-14,1.27,26.21,72.75,20.81,4.53,0.61
1996-08-15,0.27,26.47,69.22,21.68,5.31,0.61
1996-08-16,0.08,26.36,66.48,20.7,4.73,0.6
1996-08-17,0.14,26.14,63.82,20.68,4.12,0.6
1996-08-18,0.05,26.72,66.0,21.49,3.48,0.6
1996-08-19,0.0,26.61,66.88,22.55,4.53,0.6
1996-08-20,1.18,26.39,69.86,21.67,5.53,0.6
1996-08-21,12.41,25.98,73.12,22.24,5.24,0.62
1996-08-22,0.0,25.65,61.26,22.83,6.01,0.62
1996-08-23,0.0,25.29,58.61,22.16,3.02,0.61
1996-08-24,0.0,25.41,68.44,20.59,3.01,0.61
1996-08-25,0.71,26.57,70.05,19.48,3.65,0.61
1996-08-26,0.02,26.81,70.37,21.37,4.7,0.61
1996-08-27,0.0,26.95,64.53,20.46,4.27,0.6
1996-08-28,0.0,26.84,63.33,21.68,4.49,0.6
1996-08-29,1.22,27.25,65.99,22.24,5.07,0.6
1996-08-30,0.0,27.11,63.26,24.01,4.79,0.6
1996-08-31,0.03,27.19,63.3,23.8,4.84,0.6
1996-09-01,0.97,27.19,63.0,17.38,4.75,0.6
1996-09-02,1.06,26.86,61.79,18.02,4.29,0.6
1996-09-03,0.0,26.93,58.48,23.34,4.87,0.6
1996-09-04,0.56,26.56,62.78,22.74,5.58,0.6
1996-09-05,1.05,26.58,60.64,21.34,5.64,0.6
1996-09-06,0.0,26.3,61.3,22.96,5.76,0.6
1996-09-07,0.59,26.58,65.61,19.85,4.74,0.6
1996-09-08,0.0,26.38,58.85,22.58,4.81,0.6
1996-09-09,0.0,26.09,59.27,23.85,3.37,0.6
1996-09-10,0.0,26.57,58.32,23.65,2.64,0.6
1996-09-11,0.03,26.97,58.49,23.17,3.3,0.6
1996-09-12,0.0,26.84,61.0,23.75,3.86,0.6
1996-09-13,0.0,27.07,55.62,24.41,3.14,0.6
1996-09-14,0.0,27.91,57.66,24.06,3.69,0.59
1996-09-15,0.44,28.28,60.63,23.6,4.89,0.59
1996-09-16,0.31,28.05,59.02,24.05,4.93,0.6
1996-09-17,0.01,27.95,61.78,24.0,6.13,0.59
1996-09-18,0.02,28.04,59.58,24.38,5.23,0.59
1996-09-19,0.16,27.94,64.32,24.13,4.73,0.59
1996-09-20,0.0,28.85,57.27,24.95,3.8,0.59
1996-09-21,0.0,29.06,51.98,25.15,2.27,0.59
1996-09-22,0.0,28.59,47.63,25.14,2.49,0.59
1996-09-23,0.0,27.77,44.23,26.19,3.63,0.59
1996-09-24,0.0,27.09,44.76,24.8,2.4,0.59
1996-09-25,0.0,27.36,50.9,25.73,1.78,0.59
1996-09-26,0.0,27.59,52.77,25.37,1.63,0.59
1996-09-27,0.0,27.67,54.96,25.07,2.77,0.59
1996-09-28,0.0,27.5,56.01,23.69,2.17,0.59
1996-09-29,0.0,28.1,58.8,23.21,2.47,0.59
1996-09-30,2.1,28.12,62.01,21.79,2.05,0.59
1996-10-01,1.87,28.54,62.31,22.75,3.15,0.6
1996-10-02,0.0,28.54,61.86,24.56,3.78,0.6
1996-10-03,0.0,28.49,60.41,23.74,4.73,0.6
1996-10-04,0.21,28.98,60.49,24.04,4.52,0.6
1996-10-05,0.71,28.99,59.12,24.69,3.53,0.6
1996-10-06,0.66,28.42,63.08,22.74,4.77,0.6
1996-10-07,0.01,28.68,60.36,24.17,4.91,0.6
1996-10-08,0.1,29.77,53.54,24.58,2.95,0.6
1996-10-09,0.02,30.07,51.79,23.43,2.17,0.59
1996-10-10,0.42,29.81,56.18,22.92,3.56,0.59
1996-10-11,0.0,29.47,52.87,24.86,2.97,0.59
1996-10-12,0.01,29.08,55.68,25.25,4.57,0.59
1996-10-13,0.11,28.97,56.72,26.07,5.25,0.59
1996-10-14,0.0,28.74,58.36,25.83,5.05,0.59
1996-10-15,0.15,28.94,61.58,24.78,4.15,0.59
1996-10-16,0.93,29.41,60.05,24.31,4.42,0.59
1996-10-17,0.37,29.69,57.52,24.22,4.31,0.59
1996-10-18,0.88,30.14,56.81,24.6,2.42,0.59
1996-10-19,1.65,30.06,56.71,23.28,4.01,0.6
1996-10-20,2.4,29.58,58.09,25.25,2.8,0.6
1996-10-21,6.78,28.75,66.57,22.99,5.06,0.61
1996-10-22,2.02,28.86,66.78,24.29,5.58,0.61
1996-10-23,7.45,28.43,72.33,23.27,5.66,0.62
1996-10-24,6.52,28.37,69.1,24.48,4.07,0.63
1996-10-25,2.02,28.09,68.29,24.48,2.39,0.63
1996-10-26,0.31,28.8,62.28,25.86,3.76,0.62
1996-10-27,0.16,28.57,62.49,24.89,3.18,0.62
1996-10-28,0.72,28.74,65.39,25.42,3.52,0.61
1996-10-29,2.99,28.8,65.14,24.37,4.03,0.61
1996-10-30,0.36,29.24,62.28,24.92,4.01,0.61
1996-10-31,3.08,29.11,62.98,23.71,3.73,0.61
1996-11-01,0.16,29.43,59.12,23.91,3.83,0.61
1996-11-02,0.45,29.47,58.78,24.65,4.22,0.6
1996-11-03,0.62,28.88,61.54,24.4,4.88,0.6
1996-11-04,1.16,29.36,59.15,25.87,3.65,0.6
1996-11-05,2.01,29.45,57.45,24.29,2.27,0.6
1996-11-06,5.8,29.07,58.83,18.93,1.26,0.61
1996-11-07,7.12,27.64,68.74,14.68,1.81,0.62
1996-11-08,7.32,27.31,75.02,23.24,3.53,0.63
1996-11-09,5.96,28.08,72.4,24.39,3.24,0.64
1996-11-10,0.58,29.07,66.63,25.78,3.05,0.63
1996-11-11,0.44,28.98,63.85,24.58,1.58,0.63
1996-11-12,1.28,28.91,63.47,24.38,1.86,0.62
1996-11-13,5.12,28.65,62.88,23.12,2.94,0.63
1996-11-14,4.8,28.59,64.99,23.01,3.05,0.63
1996-11-15,13.07,26.73,77.68,18.54,2.01,0.65
1996-11-16,14.12,25.91,85.34,14.91,3.95,0.67
1996-11-17,12.63,26.06,85.22,22.96,3.38,0.69
1996-11-18,7.15,27.13,77.21,17.3,2.92,0.7
1996-11-19,5.61,27.38,75.77,18.85,2.38,0.71
1996-11-20,11.85,26.69,78.76,12.78,2.38,0.72
1996-11-21,4.91,27.6,74.3,20.91,2.69,0.73
1996-11-22,5.57,27.78,69.68,21.64,3.6,0.73
1996-11-23,10.01,27.52,71.61,23.55,2.69,0.74
1996-11-24,3.27,27.85,69.79,25.89,4.24,0.74
1996-11-25,0.69,28.11,64.47,27.05,3.77,0.73
1996-11-26,0.16,27.91,61.41,25.7,3.35,0.72
1996-11-27,0.06,27.47,65.07,25.86,3.31,0.72
1996-11-28,1.32,28.3,63.94,24.83,2.0,0.71
1996-11-29,5.01,28.48,71.15,25.31,2.66,0.71
1996-11-30,9.68,28.58,74.28,23.06,1.56,0.72
1996-12-01,7.33,27.79,79.45,25.17,1.4,0.73
1996-12-02,14.08,27.06,82.41,23.74,3.16,0.75
1996-12-03,5.25,27.68,76.64,20.86,1.71,0.76
1996-12-04,5.63,27.98,76.08,24.4,1.36,0.76
1996-12-05,4.95,28.1,72.27,18.08,0.95,0.77
1996-12-06,7.86,27.89,75.38,20.29,1.1,0.77
1996-12-07,9.34,27.15,79.86,19.94,1.17,0.78
1996-12-08,10.69,26.47,84.18,24.45,2.46,0.79
1996-12-09,7.14,26.55,81.79,19.96,1.91,0.8
1996-12-10,10.74,27.15,78.47,22.36,2.8,0.81
1996-12-11,6.59,26.77,77.75,20.06,1.31,0.82
1996-12-12,9.02,27.39,76.59,9.5,3.59,0.83
1996-12-13,5.42,26.85,77.54,17.06,3.77,0.83
1996-12-14,9.8,27.38,76.39,20.02,4.47,0.83
1996-12-15,13.79,26.85,83.29,19.36,4.47,0.84
1996-12-16,30.09,26.3,85.71,19.35,2.62,0.87
1996-12-17,29.5,26.22,84.21,13.11,3.09,0.91
1996-12-18,5.12,26.36,82.41,19.7,4.16,0.91
1996-12-19,13.67,26.1,84.33,22.48,3.53,0.92
1996-12-20,10.25,26.4,80.78,19.29,4.1,0.93
1996-12-21,34.67,26.02,83.82,19.59,3.87,0.93
1996-12-22,10.38,25.74,83.28,20.6,3.31,0.95
1996-12-23,15.66,25.11,88.22,14.63,4.71,0.96
1996-12-24,11.37,25.11,84.62,20.9,3.29,0.96
1996-12-25,7.84,25.79,86.21,19.75,4.02,0.96
1996-12-26,17.69,25.46,87.04,15.1,6.15,0.97
1996-12-27,33.82,25.63,86.68,7.79,5.59,0.98
1996-12-28,12.19,25.2,86.11,11.41,8.46,0.98
1996-12-29,6.81,25.92,86.68,22.48,7.56,0.98
1996-12-30,8.63,26.37,85.51,24.37,6.25,0.98
1996-12-31,7.6,26.4,86.41,18.88,5.9,0.98
1997-01-01,8.03,26.01,88.26,21.07,4.72,0.98
1997-01-02,15.62,25.7,88.12,17.77,2.84,0.99
1997-01-03,16.4,25.36,85.3,20.44,4.95,0.99
1997-01-04,4.9,25.78,83.1,21.6,4.87,0.99
1997-01-05,0.89,25.92,83.15,24.6,4.86,0.99
1997-01-06,1.0,26.1,82.31,25.91,3.76,0.98
1997-01-07,0.77,26.39,83.71,25.14,3.25,0.97
1997-01-08,3.42,26.24,85.42,21.56,3.29,0.97
1997-01-09,10.23,25.33,87.37,17.39,3.09,0.97
1997-01-10,7.18,25.8,82.18,22.38,1.64,0.98
1997-01-11,4.61,26.1,78.89,16.39,0.97,0.97
1997-01-12,7.46,26.6,79.21,24.52,1.57,0.98
1997-01-13,11.9,25.41,86.71,23.16,2.97,0.97
1997-01-14,7.97,25.68,83.4,18.63,2.18,0.98
1997-01-15,3.7,25.67,82.25,12.33,2.59,0.98
1997-01-16,14.33,25.19,87.21,11.2,2.76,0.98
1997-01-17,14.96,25.34,89.48,19.17,4.12,0.99
1997-01-18,4.48,25.23,90.05,20.69,4.64,0.99
1997-01-19,4.15,25.16,90.69,19.66,4.14,0.99
1997-01-20,10.65,25.26,89.55,23.19,3.66,0.99
1997-01-21,14.55,25.23,89.66,8.34,3.19,1.0
1997-01-22,13.36,25.21,90.36,22.77,4.19,1.0
1997-01-23,8.4,25.32,88.9,15.26,5.51,1.0
1997-01-24,5.17,24.58,88.95,17.26,3.35,1.0
1997-01-25,8.5,25.06,90.86,14.96,5.59,1.0
1997-01-26,4.01,25.26,89.26,17.6,4.91,0.99
1997-01-27,2.51,25.23,87.26,19.11,5.1,0.99
1997-01-28,4.13,25.57,87.73,20.0,5.0,0.99
1997-01-29,3.8,25.52,88.09,20.2,3.3,0.99
1997-01-30,1.3,26.17,83.57,22.96,3.74,0.99
1997-01-31,0.48,26.42,85.75,24.63,4.93,0.98
1997-02-01,0.17,26.13,86.43,25.66,3.9,0.97
1997-02-02,0.38,26.19,85.24,20.87,2.18,0.97
1997-02-03,4.22,26.23,83.64,23.63,1.81,0.97
1997-02-04,11.93,25.66,85.69,18.08,2.8,0.97
1997-02-05,13.52,25.7,86.45,23.21,3.1,0.98
1997-02-06,12.96,25.63,87.37,22.25,2.71,0.99
1997-02-07,24.74,25.17,87.58,10.03,2.4,0.99
1997-02-08,12.72,24.9,88.39,19.25,2.5,1.0
1997-02-09,10.59,25.19,86.54,19.08,1.42,1.0
1997-02-10,15.3,25.25,90.58,18.81,1.93,1.0
1997-02-11,8.8,25.06,92.14,18.58,2.08,1.0
1997-02-12,8.21,25.67,87.73,21.13,2.21,1.0
1997-02-13,12.32,25.67,88.71,21.22,2.42,1.0
1997-02-14,15.29,25.38,89.13,19.78,3.87,1.0
1997-02-15,15.68,25.62,89.55,18.86,3.49,1.0
1997-02-16,16.32,25.43,90.75,21.41,4.89,1.0
1997-02-17,10.63,25.01,89.35,11.92,4.85,1.0
1997-02-18,8.15,25.12,92.06,13.65,4.25,1.0
1997-02-19,12.03,25.43,93.16,14.9,5.58,1.0
1997-02-20,11.95,25.38,92.0,14.42,4.5,1.0
1997-02-21,19.46,25.55,89.68,13.07,4.53,1.0
1997-02-22,11.0,25.71,89.93,8.33,6.53,1.0
1997-02-23,8.39,25.86,86.91,15.48,6.56,1.0
1997-02-24,5.54,25.98,85.3,18.49,4.74,1.0
1997-02-25,13.53,25.43,89.73,14.2,4.86,1.0
1997-02-26,8.66,25.08,90.95,17.17,4.23,1.0
1997-02-27,5.23,25.72,85.02,18.45,4.77,1.0
1997-02-28,1.8,25.85,84.59,26.05,5.01,0.99
1997-03-01,3.71,25.67,85.62,23.95,6.22,0.99
1997-03-02,4.04,25.54,86.11,20.99,6.5,0.98
1997-03-03,6.89,25.54,86.24,20.18,6.71,0.98
1997-03-04,4.86,25.55,85.51,20.09,5.85,0.98
1997-03-05,9.43,25.53,87.48,19.51,5.03,0.98
1997-03-06,3.05,25.84,85.59,23.42,5.19,0.98
1997-03-07,2.18,25.83,82.34,24.21,4.63,0.98
1997-03-08,1.01,25.33,77.65,24.21,3.83,0.97
1997-03-09,0.25,25.24,74.53,23.78,4.09,0.96
1997-03-10,0.06,25.23,75.33,25.86,3.5,0.95
1997-03-11,0.05,25.34,75.62,25.56,3.54,0.94
1997-03-12,0.02,25.19,78.91,23.7,2.59,0.93
1997-03-13,0.29,26.23,74.89,24.66,1.93,0.92
1997-03-14,0.23,26.38,74.65,25.88,1.72,0.91
1997-03-15,0.1,26.08,74.8,24.7,3.35,0.9
1997-03-16,0.68,25.93,74.49,22.64,3.14,0.89
1997-03-17,0.44,25.94,73.07,23.74,2.95,0.88
1997-03-18,0.07,26.26,71.64,25.01,2.32,0.87
1997-03-19,0.02,26.28,69.87,24.64,2.81,0.86
1997-03-20,0.0,26.36,72.76,25.57,2.79,0.85
1997-03-21,1.1,26.34,77.02,23.43,3.21,0.85
1997-03-22,0.78,26.59,77.69,24.32,3.81,0.84
1997-03-23,0.03,25.87,73.74,24.81,4.46,0.83
1997-03-24,0.03,26.07,72.65,24.44,3.1,0.82
1997-03-25,0.05,26.44,72.51,22.69,3.12,0.81
1997-03-26,0.1,26.48,71.84,23.69,4.3,0.81
1997-03-27,0.16,26.2,69.22,24.28,3.63,0.8
1997-03-28,0.39,26.21,75.38,23.53,3.85,0.79
1997-03-29,0.1,26.55,77.26,22.81,3.96,0.78
1997-03-30,1.1,26.61,77.86,23.98,4.27,0.78
1997-03-31,0.45,26.67,74.9,23.88,4.19,0.77
1997-04-01,0.56,26.57,76.01,22.38,3.83,0.77
1997-04-02,2.74,26.72,76.58,16.61,3.8,0.76
1997-04-03,9.13,26.56,81.11,15.3,3.03,0.77
1997-04-04,2.77,26.59,79.54,21.25,4.47,0.78
1997-04-05,2.06,26.59,78.14,23.5,4.54,0.77
1997-04-06,0.92,26.96,74.49,23.39,3.92,0.77
1997-04-07,0.16,26.49,77.82,21.63,3.94,0.76
1997-04-08,0.65,26.4,78.67,21.77,3.89,0.76
1997-04-09,4.06,25.92,77.02,19.13,3.01,0.75
1997-04-10,3.0,25.72,78.83,17.93,3.42,0.75
1997-04-11,2.85,26.79,71.92,23.18,1.76,0.75
1997-04-12,3.28,26.48,76.35,21.55,2.94,0.75
1997-04-13,1.15,26.73,77.06,21.77,3.71,0.75
1997-04-14,2.03,26.31,80.28,23.37,3.69,0.75
1997-04-15,1.91,26.61,75.83,21.14,4.24,0.75
1997-04-16,3.85,26.19,76.79,20.75,3.88,0.74
1997-04-17,2.25,25.54,81.9,19.76,4.27,0.75
1997-04-18,2.64,26.1,77.23,21.37,4.38,0.75
1997-04-19,0.83,26.23,75.55,21.83,5.09,0.74
1997-04-20,0.24,26.25,74.11,21.54,5.17,0.74
1997-04-21,1.49,26.34,77.29,22.06,4.88,0.73
1997-04-22,0.3,26.47,74.88,21.27,4.73,0.73
1997-04-23,0.25,26.52,73.1,21.08,4.74,0.72
1997-04-24,1.83,26.24,76.19,21.7,5.01,0.72
1997-04-25,1.09,26.19,76.21,21.8,5.26,0.72
1997-04-26,1.35,26.51,77.62,19.62,5.56,0.71
1997-04-27,0.11,26.96,77.39,21.64,5.84,0.71
1997-04-28,6.51,26.83,80.58,19.08,5.29,0.71
1997-04-29,5.35,26.61,79.87,17.16,5.21,0.72
1997-04-30,2.03,26.33,74.1,19.92,5.28,0.72
1997-05-01,0.0,25.89,70.32,20.58,4.09,0.71
1997-05-02,0.0,25.95,67.9,20.78,4.15,0.71
1997-05-03,1.02,25.64,73.98,20.59,4.54,0.71
1997-05-04,1.43,25.69,75.95,19.79,3.72,0.7
1997-05-05,1.22,25.83,76.34,18.86,3.85,0.7
1997-05-06,0.0,25.84,73.5,19.4,3.7,0.7
1997-05-07,0.03,26.05,71.6,20.39,3.6,0.69
1997-05-08,0.0,26.27,71.09,20.07,2.57,0.69
1997-05-09,0.0,26.63,75.49,20.43,2.64,0.68
1997-05-10,0.0,26.73,75.81,19.99,2.55,0.68
1997-05-11,0.0,26.78,72.89,19.83,2.61,0.67
1997-05-12,0.04,26.45,75.64,19.77,2.27,0.67
1997-05-13,2.05,26.79,73.66,18.45,1.78,0.67
1997-05-14,4.56,26.88,76.58,17.87,1.64,0.67
1997-05-15,0.0,26.78,73.04,18.52,3.0,0.67
1997-05-16,0.03,27.0,73.01,19.4,2.85,0.66
1997-05-17,0.26,27.04,72.82,16.7,3.2,0.66
1997-05-18,0.63,26.74,71.68,17.21,3.71,0.66
1997-05-19,2.42,26.74,69.26,19.46,2.09,0.65
1997-05-20,5.52,27.11,66.74,19.11,1.23,0.66
1997-05-21,0.25,27.55,64.63,19.71,0.89,0.66
1997-05-22,0.43,27.38,67.03,19.93,0.91,0.65
1997-05-23,6.92,26.68,73.09,18.59,1.69,0.66
1997-05-24,1.91,26.18,74.55,18.02,3.5,0.66
1997-05-25,0.33,26.5,71.91,18.15,4.23,0.66
1997-05-26,2.1,26.32,74.44,18.14,4.69,0.65
1997-05-27,0.01,26.31,67.42,18.7,3.79,0.65
1997-05-28,0.0,25.39,68.49,19.81,3.17,0.65
1997-05-29,0.0,25.15,68.26,19.83,4.79,0.64
1997-05-30,0.0,25.4,70.06,18.79,4.88,0.64
1997-05-31,0.16,25.44,69.61,18.37,3.05,0.63
1997-06-01,0.07,25.89,72.56,18.85,2.44,0.63
1997-06-02,0.11,26.02,73.38,18.83,3.15,0.63
1997-06-03,0.1,25.98,73.56,18.63,2.74,0.62
1997-06-04,0.29,25.89,72.96,18.42,3.23,0.62
1997-06-05,0.04,26.19,69.3,19.57,3.21,0.62
1997-06-06,0.0,25.76,71.16,18.59,4.58,0.61
1997-06-07,0.27,25.78,73.97,18.89,5.43,0.61
1997-06-08,0.85,25.9,75.48,19.1,4.9,0.61
1997-06-09,2.21,25.91,75.08,14.73,5.1,0.61
1997-06-10,3.39,25.54,76.19,15.96,5.61,0.62
1997-06-11,0.99,25.36,76.3,18.35,3.61,0.62
1997-06-12,0.36,25.94,74.84,18.38,4.0,0.61
1997-06-13,0.08,26.14,72.4,19.03,4.06,0.61
1997-06-14,0.15,25.94,72.5,18.84,4.97,0.61
1997-06-15,0.41,25.89,73.27,18.41,4.76,0.61
1997-06-16,0.85,25.76,72.15,13.56,6.23,0.61
1997-06-17,0.62,25.34,71.23,15.87,6.24,0.61
1997-06-18,0.39,25.05,71.35,16.42,5.73,0.6
1997-06-19,0.35,24.92,70.77,16.3,5.56,0.6
1997-06-20,0.8,25.17,72.82,16.88,5.61,0.6
1997-06-21,1.48,25.22,71.42,15.55,6.1,0.61
1997-06-22,1.03,24.92,69.51,17.49,5.86,0.61
1997-06-23,1.33,25.03,70.83,17.02,5.65,0.61
1997-06-24,0.0,24.85,66.95,17.58,5.32,0.6
1997-06-25,0.06,24.67,71.16,16.99,6.36,0.6
1997-06-26,0.07,25.05,68.73,16.96,7.4,0.6
1997-06-27,0.11,24.77,69.88,16.93,6.31,0.6
1997-06-28,1.06,24.61,70.31,14.74,6.12,0.6
1997-06-29,1.46,25.08,72.6,17.34,4.63,0.6
1997-06-30,0.41,25.56,72.21,16.93,5.57,0.6
1997-07-01,0.01,25.62,71.99,18.27,5.88,0.6
1997-07-02,0.0,25.82,71.26,18.01,5.26,0.6
1997-07-03,0.19,25.98,69.89,18.79,3.98,0.6
1997-07-04,0.07,25.31,68.21,18.71,5.98,0.6
1997-07-05,0.0,24.99,65.52,18.74,4.93,0.6
1997-07-06,0.0,24.99,65.42,19.29,5.25,0.6
1997-07-07,0.0,25.06,64.95,18.7,5.06,0.6
1997-07-08,0.24,24.98,59.44,18.77,3.89,0.6
1997-07-09,0.0,24.56,56.21,19.15,3.48,0.6
1997-07-10,0.1,24.58,60.59,18.86,3.84,0.6
1997-07-11,0.0,24.49,64.18,15.02,5.14,0.6
1997-07-12,0.19,24.36,68.11,13.47,4.49,0.6
1997-07-13,0.14,25.01,70.84,15.42,5.77,0.6
1997-07-14,0.72,25.28,72.15,13.44,6.69,0.6
1997-07-15,0.08,24.99,67.14,19.01,6.88,0.6
1997-07-16,0.0,24.95,65.7,19.19,6.31,0.6
1997-07-17,0.08,25.2,70.7,20.03,6.35,0.6
1997-07-18,2.04,25.16,70.67,17.45,6.73,0.6
1997-07-19,0.3,24.43,63.82,19.34,5.94,0.6
1997-07-20,0.16,24.46,63.29,18.46,5.87,0.6
1997-07-21,0.62,24.73,66.54,18.25,6.07,0.6
1997-07-22,0.71,25.01,68.45,18.6,5.13,0.6
1997-07-23,1.01,24.64,71.5,18.91,5.43,0.6
1997-07-24,0.24,25.31,67.53,19.82,3.95,0.6
1997-07-25,0.0,25.48,65.94,18.7,3.94,0.6
1997-07-26,0.1,25.37,65.1,19.76,3.97,0.6
1997-07-27,0.0,25.37,63.83,19.27,4.68,0.6
1997-07-28,0.1,24.99,67.97,19.66,5.7,0.6
1997-07-29,0.26,24.81,65.54,20.03,5.89,0.6
1997-07-30,0.73,24.73,63.33,20.62,5.14,0.6
1997-07-31,0.29,24.72,61.2,21.03,6.25,0.6
1997-08-01,0.31,24.85,62.9,20.95,5.76,0.6
1997-08-02,0.68,25.0,64.58,19.47,4.28,0.6
1997-08-03,0.41,25.43,65.92,18.17,3.92,0.6
1997-08-04,0.0,25.89,68.51,18.92,3.04,0.6
1997-08-05,0.0,26.32,64.02,18.6,3.63,0.6
1997-08-06,0.0,25.8,62.26,19.83,4.34,0.6
1997-08-07,0.03,25.29,62.51,19.18,3.52,0.6
1997-08-08,0.0,25.2,63.04,20.47,3.58,0.6
1997-08-09,0.18,25.7,63.13,19.71,2.53,0.6
1997-08-10,0.34,25.93,60.68,19.76,2.74,0.6
1997-08-11,0.23,25.45,62.23,19.79,4.18,0.6
1997-08-12,0.48,25.07,64.52,16.31,3.83,0.6
1997-08-13,0.27,25.09,64.5,20.53,3.79,0.6
1997-08-14,0.34,25.05,63.05,18.65,3.12,0.6
1997-08-15,0.57,25.44,63.86,18.73,3.73,0.6
1997-08-16,0.1,25.19,62.16,20.28,4.12,0.6
1997-08-17,0.02,25.34,57.35,21.63,3.67,0.6
1997-08-18,0.0,25.05,53.92,22.09,3.23,0.6
1997-08-19,0.0,24.73,57.02,22.42,5.01,0.6
1997-08-20,0.75,25.0,57.36,22.39,3.28,0.6
1997-08-21,0.44,25.44,62.34,22.01,3.41,0.6
1997-08-22,0.19,25.55,64.15,21.59,4.34,0.6
1997-08-23,0.59,25.06,65.42,21.38,5.82,0.6
1997-08-24,0.0,25.29,66.01,21.89,4.07,0.6
1997-08-25,0.97,24.97,67.27,22.36,5.96,0.6
1997-08-26,0.0,25.18,69.75,21.69,4.67,0.6
1997-08-27,0.0,25.33,67.91,18.11,4.88,0.6
1997-08-28,0.0,25.34,64.91,23.04,3.62,0.6
1997-08-29,0.0,25.67,62.91,23.55,2.87,0.6
1997-08-30,0.0,26.25,65.0,22.87,2.78,0.6
1997-08-31,0.23,26.49,60.2,21.72,1.72,0.59
1997-09-01,0.03,26.14,60.7,21.68,2.74,0.59
1997-09-02,0.01,25.64,60.19,22.63,3.51,0.59
1997-09-03,0.0,25.59,61.81,22.29,4.41,0.59
1997-09-04,0.0,26.03,63.52,21.02,3.59,0.59
1997-09-05,0.0,26.25,62.12,22.86,2.81,0.59
1997-09-06,0.0,27.03,60.88,23.1,2.77,0.59
1997-09-07,0.0,26.58,61.07,23.7,4.57,0.59
1997-09-08,0.01,26.24,61.29,22.98,4.04,0.59
1997-09-09,0.82,25.83,64.78,19.95,4.67,0.59
1997-09-10,0.08,26.14,62.61,21.59,4.64,0.59
1997-09-11,0.0,26.33,63.61,23.81,4.93,0.59
1997-09-12,0.02,26.44,63.74,23.85,4.76,0.59
1997-09-13,0.0,26.42,62.65,23.11,3.34,0.59
1997-09-14,0.01,26.19,61.37,24.41,4.54,0.59
1997-09-15,0.57,26.13,59.96,23.98,4.25,0.59
1997-09-16,0.66,26.04,60.23,23.96,4.92,0.59
1997-09-17,0.01,25.96,60.39,24.67,5.13,0.59
1997-09-18,0.0,26.15,59.62,24.27,5.38,0.59
1997-09-19,0.0,26.19,61.61,23.91,5.69,0.59
1997-09-20,0.0,26.1,59.86,24.4,4.64,0.59
1997-09-21,0.0,25.8,64.02,23.82,5.54,0.59
1997-09-22,0.01,26.05,62.56,23.95,4.28,0.59
1997-09-23,0.0,26.38,60.17,24.26,4.58,0.59
1997-09-24,0.0,26.79,61.24,24.98,4.24,0.59
1997-09-25,0.0,27.18,59.08,25.7,3.96,0.59
1997-09-26,0.0,27.55,56.45,25.4,2.85,0.59
1997-09-27,0.0,27.62,57.81,24.86,3.35,0.59
1997-09-28,0.0,27.51,60.73,24.64,4.87,0.59
1997-09-29,0.0,27.81,60.17,25.07,3.52,0.59
1997-09-30,0.0,28.16,58.46,24.98,3.64,0.59
1997-10-01,0.13,28.3,61.02,23.36,3.57,0.59
1997-10-02,1.29,28.36,60.39,23.25,3.42,0.59
1997-10-03,0.51,28.26,60.94,24.82,3.61,0.59
1997-10-04,0.02,28.14,60.09,25.21,4.14,0.59
1997-10-05,0.05,28.21,58.12,24.24,4.17,0.59
1997-10-06,0.0,28.09,52.12,25.19,2.85,0.59
1997-10-07,0.0,27.81,54.16,24.94,2.21,0.59
1997-10-08,0.0,27.82,52.92,24.45,1.89,0.59
1997-10-09,0.0,28.04,53.58,22.37,2.4,0.59
1997-10-10,0.0,27.93,57.16,22.91,3.89,0.59
1997-10-11,0.0,27.81,60.61,25.74,4.65,0.59
1997-10-12,0.03,28.21,59.11,25.07,4.83,0.59
1997-10-13,0.0,28.66,52.48,26.16,2.54,0.59
1997-10-14,0.0,28.01,57.01,26.01,3.86,0.59
1997-10-15,0.0,27.88,54.77,26.2,4.17,0.59
1997-10-16,0.0,28.34,56.56,25.5,2.86,0.59
1997-10-17,0.41,29.03,56.23,25.77,2.27,0.59
1997-10-18,4.19,28.67,57.46,26.18,4.42,0.6
1997-10-19,0.66,28.44,60.03,25.26,3.22,0.6
1997-10-20,0.0,29.06,60.04,24.61,3.69,0.6
1997-10-21,1.23,28.65,62.65,24.57,4.58,0.6
1997-10-22,1.8,28.55,62.87,24.92,3.83,0.6
1997-10-23,4.04,27.96,68.02,25.06,2.67,0.6
1997-10-24,0.01,28.24,62.43,25.09,3.01,0.6
1997-10-25,0.0,27.97,58.37,25.43,2.8,0.6
1997-10-26,0.0,28.22,58.34,25.12,2.96,0.6
1997-10-27,0.13,28.71,59.69,24.5,4.47,0.6
1997-10-28,0.93,28.77,59.45,25.56,3.29,0.6
1997-10-29,0.0,29.13,54.37,25.82,2.18,0.6
1997-10-30,0.0,28.98,54.22,25.81,2.65,0.6
1997-10-31,0.0,29.04,49.45,25.86,2.42,0.59
1997-11-01,0.0,29.1,49.54,25.02,3.16,0.59
1997-11-02,0.0,28.75,56.77,25.49,3.95,0.59
1997-11-03,0.0,29.06,55.8,25.14,3.24,0.59
1997-11-04,0.0,29.49,52.86,24.87,2.91,0.59
1997-11-05,0.0,29.35,57.76,25.15,2.99,0.59
1997-11-06,0.06,29.74,54.44,25.58,2.1,0.59
1997-11-07,3.26,29.95,54.09,23.57,2.21,0.6
1997-11-08,0.0,30.11,53.48,24.86,1.79,0.6
1997-11-09,0.21,29.98,54.76,24.99,1.99,0.6
1997-11-10,0.0,29.61,54.73,24.27,2.78,0.59
1997-11-11,0.0,29.23,55.6,24.06,3.47,0.59
1997-11-12,0.02,29.12,56.98,24.15,4.14,0.59
1997-11-13,0.0,29.23,58.45,23.14,3.92,0.59
1997-11-14,0.01,29.41,58.79,23.49,3.25,0.59
1997-11-15,0.05,29.46,59.38,23.9,3.08,0.59
1997-11-16,0.44,29.14,61.63,22.96,2.85,0.59
1997-11-17,0.67,29.25,61.7,22.77,3.12,0.59
1997-11-18,0.04,29.26,60.38,25.54,3.16,0.59
1997-11-19,0.72,29.14,59.1,24.93,2.96,0.59
1997-11-20,0.17,29.63,54.79,25.58,3.44,0.59
1997-11-21,0.43,29.69,60.4,23.97,3.61,0.59
1997-11-22,0.13,29.41,62.55,20.07,2.76,0.59
1997-11-23,0.05,29.91,55.69,26.04,1.31,0.59
1997-11-24,1.43,30.2,55.0,21.54,2.07,0.6
1997-11-25,1.0,29.44,59.54,23.75,3.84,0.6
1997-11-26,2.05,29.39,58.4,24.8,2.48,0.6
1997-11-27,1.98,29.47,57.86,24.36,1.71,0.6
1997-11-28,2.67,29.59,56.65,22.99,1.14,0.6
1997-11-29,0.48,29.89,57.8,24.79,1.81,0.6
1997-11-30,2.46,30.01,57.86,25.99,1.44,0.6
1997-12-01,1.91,29.58,61.87,24.72,2.64,0.61
1997-12-02,2.36,28.98,64.18,23.78,2.06,0.61
1997-12-03,6.78,28.45,68.31,23.03,1.67,0.61
1997-12-04,1.93,29.04,66.91,23.35,1.87,0.62
1997-12-05,1.03,29.27,65.24,24.08,1.93,0.61
1997-12-06,4.51,28.73,67.57,23.86,1.42,0.62
1997-12-07,7.75,28.71,70.93,18.76,1.88,0.62
1997-12-08,2.29,29.01,69.59,18.71,1.63,0.63
1997-12-09,6.93,28.48,71.32,19.65,1.83,0.63
1997-12-10,9.52,28.06,75.11,22.29,2.09,0.64
1997-12-11,6.31,27.35,77.72,20.75,1.8,0.65
1997-12-12,3.11,27.69,76.5,24.93,1.96,0.65
1997-12-13,9.36,27.71,77.94,24.53,2.22,0.66
1997-12-14,9.02,28.17,74.02,24.11,1.59,0.67
1997-12-15,4.44,28.21,74.21,23.68,2.29,0.68
1997-12-16,0.41,28.44,72.21,22.96,2.89,0.68
1997-12-17,1.57,28.48,67.99,25.37,3.52,0.67
1997-12-18,0.34,28.49,71.76,23.03,3.07,0.67
1997-12-19,1.7,28.14,71.94,23.37,3.42,0.67
1997-12-20,2.8,27.9,74.12,24.39,2.09,0.67
1997-12-21,2.54,28.07,76.16,23.68,1.67,0.67
1997-12-22,6.35,27.65,77.62,17.08,1.51,0.67
1997-12-23,13.3,26.89,82.55,20.72,3.51,0.69
1997-12-24,11.51,26.24,83.45,22.12,4.13,0.7
1997-12-25,18.23,26.28,86.43,14.77,3.42,0.73
1997-12-26,9.39,26.47,83.6,19.57,2.43,0.76
1997-12-27,4.13,26.09,85.89,18.97,3.48,0.76
1997-12-28,3.82,26.59,80.0,18.94,2.01,0.76
1997-12-29,1.42,27.39,77.75,23.73,2.16,0.76
1997-12-30,2.53,27.05,77.38,24.9,3.39,0.76
1997-12-31,1.4,27.41,74.03,24.82,4.17,0.75
1998-01-01,2.06,27.43,72.37,23.65,4.77,0.75
1998-01-02,1.11,27.76,72.15,20.45,4.17,0.74
1998-01-03,0.34,28.02,73.5,24.86,3.33,0.74
1998-01-04,0.96,27.64,76.22,20.98,3.01,0.73
1998-01-05,5.62,27.11,80.01,19.18,3.26,0.73
1998-01-06,8.08,27.07,80.1,20.71,2.11,0.74
1998-01-07,1.96,27.66,76.17,22.66,2.16,0.75
1998-01-08,0.81,28.12,74.58,23.59,2.1,0.74
1998-01-09,0.06,28.63,72.05,25.81,2.24,0.73
1998-01-10,0.03,28.98,69.36,25.85,1.66,0.73
1998-01-11,0.08,28.8,69.36,25.11,2.9,0.72
1998-01-12,1.19,28.34,72.65,24.16,2.97,0.71
1998-01-13,0.81,28.77,72.26,22.84,1.68,0.71
1998-01-14,0.74,28.36,75.07,23.23,2.33,0.7
1998-01-15,0.71,29.49,69.16,20.76,1.23,0.7
1998-01-16,1.26,29.55,68.85,24.09,1.59,0.69
1998-01-17,5.84,29.01,72.59,22.92,2.3,0.69
1998-01-18,5.16,28.93,71.05,23.46,3.0,0.7
1998-01-19,11.91,27.52,80.6,22.0,3.62,0.71
1998-01-20,16.67,26.59,86.49,10.86,5.45,0.73
1998-01-21,14.94,26.9,78.69,6.74,5.02,0.76
1998-01-22,6.18,27.06,79.69,20.96,5.55,0.77
1998-01-23,6.83,27.55,80.86,21.45,5.68,0.77
1998-01-24,11.47,27.18,83.05,22.33,4.98,0.78
1998-01-25,8.29,26.77,87.85,17.12,4.8,0.8
1998-01-26,5.14,27.05,84.91,20.86,4.87,0.8
1998-01-27,4.37,27.09,82.77,19.78,2.84,0.8
1998-01-28,7.7,27.08,82.95,22.45,2.1,0.81
1998-01-29,1.38,27.4,80.66,23.99,2.93,0.81
1998-01-30,9.83,27.44,81.91,16.71,3.89,0.81
1998-01-31,5.25,27.39,81.39,18.91,3.5,0.82
1998-02-01,3.87,26.93,84.09,19.03,3.12,0.82
1998-02-02,1.23,27.42,76.37,24.62,0.78,0.82
1998-02-03,3.63,27.92,76.42,22.33,1.19,0.82
1998-02-04,14.95,28.18,78.47,22.24,1.65,0.82
1998-02-05,2.52,28.72,72.92,25.23,1.15,0.83
1998-02-06,1.75,28.76,68.43,25.35,1.26,0.82
1998-02-07,0.37,29.1,66.63,25.66,1.1,0.81
1998-02-08,1.45,29.04,67.51,25.37,1.67,0.8
1998-02-09,6.47,27.5,79.97,20.5,2.74,0.8
1998-02-10,2.89,26.26,86.8,22.01,2.67,0.81
1998-02-11,4.08,26.69,83.69,17.23,3.21,0.81
1998-02-12,2.08,27.33,78.42,23.28,2.02,0.81
1998-02-13,2.9,27.98,74.77,21.53,0.77,0.81
1998-02-14,3.34,28.41,73.14,20.07,1.05,0.81
1998-02-15,2.23,27.54,76.91,20.08,1.66,0.81
1998-02-16,2.55,28.01,75.41,23.32,1.44,0.8
1998-02-17,1.22,28.18,76.92,23.34,0.98,0.8
1998-02-18,2.21,28.64,72.86,20.02,1.23,0.8
1998-02-19,2.78,28.5,76.49,23.93,1.29,0.79
1998-02-20,3.07,28.28,78.26,24.19,1.31,0.79
1998-02-21,1.92,28.56,75.5,22.67,1.44,0.79
1998-02-22,6.76,27.71,77.04,13.9,1.62,0.79
1998-02-23,6.12,26.74,80.27,20.69,1.33,0.8
1998-02-24,4.94,27.24,78.09,21.53,0.98,0.81
1998-02-25,2.58,28.14,75.79,21.51,1.71,0.8
1998-02-26,2.38,28.83,73.24,22.6,1.79,0.8
1998-02-27,2.85,27.26,84.55,25.37,2.07,0.8
1998-02-28,4.12,27.84,79.59,22.03,1.26,0.8
1998-03-01,3.76,28.28,76.83,21.21,1.55,0.8
1998-03-02,2.74,28.07,78.22,25.08,2.44,0.8
1998-03-03,3.02,27.62,80.67,23.26,2.53,0.8
1998-03-04,3.35,28.07,79.17,22.22,2.1,0.8
1998-03-05,8.6,27.6,81.97,21.12,2.43,0.8
1998-03-06,2.69,28.12,77.44,20.98,2.08,0.81
1998-03-07,0.57,28.03,76.95,24.65,1.51,0.8
1998-03-08,0.17,28.8,69.63,23.24,1.43,0.8
1998-03-09,1.2,29.35,67.11,23.95,0.89,0.79
1998-03-10,1.64,28.52,76.64,23.0,1.38,0.79
1998-03-11,2.93,28.17,75.82,23.02,1.38,0.79
1998-03-12,5.53,27.6,79.6,20.79,1.11,0.79
1998-03-13,15.34,27.31,81.77,21.7,1.59,0.8
1998-03-14,4.29,28.15,73.99,21.43,1.19,0.82
1998-03-15,3.64,28.18,76.92,21.17,1.52,0.81
1998-03-16,5.9,27.62,82.26,20.47,2.96,0.81
1998-03-17,6.38,26.99,81.5,20.59,1.56,0.82
1998-03-18,12.44,27.41,81.24,17.56,1.85,0.84
1998-03-19,2.54,27.74,78.72,24.86,2.29,0.84
1998-03-20,1.16,27.89,74.74,25.69,2.03,0.83
1998-03-21,0.74,28.37,71.77,24.61,1.08,0.83
1998-03-22,0.21,28.78,69.76,24.69,1.28,0.82
1998-03-23,4.33,28.62,70.22,23.37,0.96,0.81
1998-03-24,2.87,28.55,74.13,21.43,1.61,0.81
1998-03-25,3.55,27.37,80.65,23.54,2.56,0.81
1998-03-26,3.41,27.48,80.92,22.11,2.82,0.81
1998-03-27,4.92,26.86,84.19,19.82,3.12,0.81
1998-03-28,1.65,26.86,84.89,21.52,3.53,0.82
1998-03-29,1.79,27.2,82.57,21.52,4.15,0.81
1998-03-30,1.65,27.15,80.96,21.13,4.4,0.81
1998-03-31,4.55,27.4,80.03,18.59,2.96,0.81
1998-04-01,0.85,27.14,80.93,19.78,3.66,0.81
1998-04-02,3.07,27.15,78.63,22.34,2.8,0.81
1998-04-03,0.21,27.65,76.63,21.64,3.36,0.8
1998-04-04,3.17,27.85,75.29,21.75,2.71,0.8
1998-04-05,2.15,28.36,76.06,21.48,2.41,0.79
1998-04-06,12.1,28.06,79.09,22.01,1.94,0.8
1998-04-07,23.74,27.39,84.1,19.5,2.07,0.82
1998-04-08,9.08,26.93,86.69,21.01,3.26,0.85
1998-04-09,6.44,27.4,84.57,20.34,3.01,0.85
1998-04-10,5.66,27.02,84.96,22.1,4.02,0.85
1998-04-11,3.33,27.13,87.79,22.13,3.19,0.86
1998-04-12,1.37,27.66,82.57,21.49,2.44,0.85
1998-04-13,2.03,27.5,81.0,18.32,3.91,0.85
1998-04-14,1.74,27.92,78.05,20.46,3.8,0.84
1998-04-15,3.01,27.51,81.13,22.36,4.01,0.84
1998-04-16,3.03,27.3,82.02,20.8,3.01,0.83
1998-04-17,2.85,26.61,84.78,21.1,3.16,0.83
1998-04-18,3.69,27.79,78.87,20.74,2.59,0.83
1998-04-19,4.25,27.1,84.09,21.14,1.99,0.84
1998-04-20,2.62,27.76,82.39,22.04,1.48,0.84
1998-04-21,3.43,28.21,78.85,21.68,0.76,0.84
1998-04-22,5.32,28.47,76.32,21.92,0.68,0.84
1998-04-23,5.14,27.23,87.06,18.73,2.12,0.84
1998-04-24,4.89,27.22,83.9,19.98,1.35,0.85
1998-04-25,1.85,27.88,78.56,20.12,1.65,0.85
1998-04-26,12.73,26.97,85.76,20.9,2.96,0.85
1998-04-27,8.6,27.09,83.62,21.08,5.59,0.86
1998-04-28,5.73,27.02,82.46,20.96,5.9,0.86
1998-04-29,3.87,27.0,83.86,17.05,4.8,0.86
1998-04-30,5.05,26.61,85.11,17.24,4.23,0.86
1998-05-01,3.31,26.92,82.37,19.77,5.1,0.86
1998-05-02,1.83,26.52,82.46,19.23,4.59,0.86
1998-05-03,1.81,26.95,80.19,20.18,4.86,0.85
1998-05-04,1.13,26.88,79.63,20.57,5.71,0.85
1998-05-05,0.47,26.61,78.11,19.38,4.82,0.84
1998-05-06,0.14,26.38,78.43,19.34,5.2,0.83
1998-05-07,1.6,26.16,75.17,17.09,5.13,0.83
1998-05-08,0.53,25.87,77.35,19.48,4.93,0.82
1998-05-09,0.02,26.05,79.27,17.95,4.2,0.82
1998-05-10,0.28,26.25,79.46,16.99,4.23,0.81
1998-05-11,0.36,26.15,81.92,19.72,3.67,0.8
1998-05-12,0.36,26.46,77.44,17.48,3.0,0.8
1998-05-13,0.0,26.29,80.05,20.13,4.06,0.79
1998-05-14,0.0,26.62,80.82,19.07,3.64,0.78
1998-05-15,24.47,27.24,80.83,18.44,2.56,0.79
1998-05-16,21.72,25.87,85.36,16.94,1.73,0.84
1998-05-17,2.38,26.47,83.36,11.27,2.8,0.84
1998-05-18,0.45,26.55,82.41,19.24,2.14,0.84
1998-05-19,0.8,27.33,80.83,18.26,1.83,0.83
1998-05-20,1.76,27.0,85.7,19.0,4.13,0.83
1998-05-21,1.13,27.05,82.5,17.83,4.33,0.83
1998-05-22,0.14,26.56,80.21,16.52,4.2,0.82
1998-05-23,0.05,25.95,78.39,18.52,4.83,0.81
1998-05-24,0.35,26.17,78.61,17.81,4.45,0.8
1998-05-25,0.26,26.55,81.33,19.33,4.08,0.8
1998-05-26,1.05,26.37,82.84,18.78,4.41,0.79
1998-05-27,1.36,26.46,83.71,18.57,4.93,0.79
1998-05-28,1.43,26.18,81.65,16.28,4.94,0.79
1998-05-29,2.96,25.89,82.21,14.45,5.08,0.79
1998-05-30,0.24,26.06,80.96,17.69,4.64,0.78
1998-05-31,0.21,26.01,82.33,17.92,4.94,0.78
1998-06-01,1.85,26.12,84.71,15.45,5.54,0.77
1998-06-02,0.84,26.14,79.83,18.33,5.23,0.77
1998-06-03,0.0,25.61,77.85,18.24,4.45,0.77
1998-06-04,0.0,25.81,76.1,18.6,2.61,0.76
1998-06-05,3.71,26.16,80.18,17.18,3.29,0.76
1998-06-06,3.17,26.46,79.93,18.06,5.48,0.76
1998-06-07,0.67,26.04,80.28,18.58,4.92,0.76
1998-06-08,0.04,25.6,78.02,19.04,3.66,0.75
1998-06-09,0.02,25.2,77.62,17.82,3.69,0.74
1998-06-10,0.21,25.93,77.55,15.19,2.35,0.74
1998-06-11,0.7,26.65,77.94,16.89,1.57,0.74
1998-06-12,0.61,26.64,79.87,15.71,3.42,0.73
1998-06-13,0.57,26.47,81.92,17.19,2.47,0.73
1998-06-14,0.19,26.93,82.06,15.77,3.54,0.73
1998-06-15,0.92,26.96,77.66,16.89,4.13,0.72
1998-06-16,0.03,26.28,77.31,17.52,3.13,0.72
1998-06-17,0.0,26.28,73.52,18.24,2.15,0.72
1998-06-18,0.24,26.76,75.83,16.39,2.39,0.71
1998-06-19,1.92,26.34,82.65,13.01,2.08,0.71
1998-06-20,3.32,26.21,83.98,16.38,3.69,0.71
1998-06-21,2.21,26.43,81.9,17.13,4.75,0.72
1998-06-22,3.49,26.73,77.85,15.45,6.12,0.72
1998-06-23,0.68,26.54,75.56,17.22,5.48,0.72
1998-06-24,0.21,26.2,76.63,16.68,5.45,0.71
1998-06-25,0.32,25.53,76.54,14.43,6.32,0.71
1998-06-26,0.19,24.86,74.21,18.22,5.44,0.7
1998-06-27,0.0,25.46,72.65,18.98,3.23,0.7
1998-06-28,0.04,26.16,74.35,15.97,4.31,0.69
1998-06-29,1.69,26.18,77.16,16.91,3.49,0.69
1998-06-30,2.13,26.81,81.22,16.39,2.91,0.69
1998-07-01,2.53,26.64,84.5,13.43,1.8,0.69
1998-07-02,0.96,26.81,79.96,18.28,1.2,0.69
1998-07-03,0.32,27.1,77.45,17.28,1.17,0.69
1998-07-04,4.0,26.09,84.31,15.03,2.98,0.69
1998-07-05,5.66,26.64,82.5,18.74,2.48,0.7
1998-07-06,5.06,26.29,81.4,17.44,3.3,0.71
1998-07-07,4.02,25.83,84.07,16.62,4.92,0.71
1998-07-08,3.12,26.25,82.0,14.8,5.73,0.71
1998-07-09,0.23,26.56,77.99,19.31,6.49,0.71
1998-07-10,0.21,25.99,77.48,18.62,6.38,0.71
1998-07-11,1.18,25.61,76.12,17.89,5.49,0.7
1998-07-12,2.78,25.6,76.17,17.76,4.77,0.7
1998-07-13,3.99,25.5,75.99,17.2,4.37,0.7
1998-07-14,0.0,26.08,73.81,17.29,3.27,0.7
1998-07-15,0.07,26.35,75.24,13.67,4.06,0.7
1998-07-16,0.01,26.59,74.42,18.71,3.86,0.69
1998-07-17,0.64,26.5,74.9,18.67,4.47,0.69
1998-07-18,1.05,26.23,73.85,19.74,4.49,0.68
1998-07-19,0.0,26.83,68.42,18.91,2.86,0.68
1998-07-20,1.25,26.51,74.36,15.65,4.85,0.68
1998-07-21,0.55,26.79,73.17,19.98,4.64,0.68
1998-07-22,0.53,26.92,74.49,19.1,3.58,0.67
1998-07-23,1.86,26.99,75.73,18.93,5.56,0.67
1998-07-24,2.07,26.71,78.13,19.75,5.97,0.67
1998-07-25,0.88,26.78,75.38,18.27,5.09,0.67
1998-07-26,1.11,26.84,75.1,18.1,3.98,0.67
1998-07-27,2.28,26.12,81.73,17.65,3.63,0.67
1998-07-28,2.25,26.62,77.68,14.19,4.47,0.67
1998-07-29,5.1,26.18,82.34,16.69,4.87,0.68
1998-07-30,1.25,26.05,81.58,18.84,4.65,0.68
1998-07-31,0.25,26.36,73.2,19.59,3.76,0.67
1998-08-01,0.01,26.2,75.14,20.63,3.46,0.67
1998-08-02,0.0,25.71,73.11,20.21,3.17,0.67
1998-08-03,0.38,25.83,72.95,19.85,3.45,0.66
1998-08-04,0.59,25.89,73.17,20.45,4.34,0.66
1998-08-05,0.0,26.17,70.1,19.78,2.69,0.65
1998-08-06,0.0,26.22,69.7,20.96,4.3,0.65
1998-08-07,0.0,26.36,70.31,19.74,4.3,0.65
1998-08-08,0.81,26.54,71.78,20.15,5.66,0.64
1998-08-09,1.4,26.39,71.96,17.51,7.06,0.64
1998-08-10,0.13,26.04,65.9,20.95,7.15,0.64
1998-08-11,2.46,25.9,72.22,15.5,5.08,0.64
1998-08-12,0.68,26.66,71.12,20.69,4.39,0.64
1998-08-13,0.02,26.32,68.87,20.03,4.81,0.64
1998-08-14,0.0,26.01,67.97,20.5,3.83,0.63
1998-08-15,0.0,26.28,68.77,20.77,4.85,0.63
1998-08-16,0.21,26.34,69.11,21.53,5.43,0.63
1998-08-17,0.0,26.21,68.14,20.12,4.7,0.62
1998-08-18,0.0,25.76,69.82,20.5,5.24,0.62
1998-08-19,0.0,25.87,69.0,21.51,5.48,0.62
1998-08-20,0.0,26.17,72.19,19.82,4.91,0.62
1998-08-21,0.0,26.79,69.57,22.02,4.72,0.61
1998-08-22,2.76,27.02,73.84,17.5,5.74,0.61
1998-08-23,1.03,26.87,76.34,20.99,6.05,0.61
1998-08-24,0.24,26.67,74.47,21.83,5.54,0.61
1998-08-25,0.33,26.98,71.93,21.52,6.2,0.61
1998-08-26,1.99,27.04,72.87,21.61,6.06,0.61
1998-08-27,1.5,26.89,71.37,22.14,6.59,0.61
1998-08-28,0.16,26.15,63.66,22.27,6.05,0.61
1998-08-29,0.0,25.43,60.1,22.18,4.58,0.6
1998-08-30,0.18,26.07,62.78,20.98,4.44,0.6
1998-08-31,0.22,26.46,65.84,21.73,4.08,0.6
1998-09-01,0.0,27.2,65.43,21.73,3.52,0.6
1998-09-02,0.0,27.56,63.29,22.01,3.68,0.6
1998-09-03,0.0,27.22,62.04,21.78,3.6,0.6
1998-09-04,0.0,27.27,60.39,21.72,4.09,0.6
1998-09-05,0.0,26.42,62.62,22.03,4.54,0.6
1998-09-06,0.0,27.19,64.47,23.02,4.04,0.6
1998-09-07,0.65,27.95,64.79,22.23,6.27,0.6
1998-09-08,1.64,27.64,69.31,22.89,6.69,0.6
1998-09-09,0.76,27.91,63.44,22.44,5.78,0.6
1998-09-10,0.0,27.41,63.51,22.88,5.25,0.6
1998-09-11,0.0,27.22,58.03,24.24,4.31,0.6
1998-09-12,0.0,27.38,56.65,24.1,4.0,0.6
1998-09-13,0.0,27.6,58.51,23.95,4.34,0.6
1998-09-14,0.0,28.04,61.38,21.18,4.13,0.6
1998-09-15,0.4,28.23,64.37,23.07,5.3,0.6
1998-09-16,0.09,28.48,61.8,23.15,4.3,0.6
1998-09-17,0.45,28.49,64.57,23.09,3.33,0.6
1998-09-18,3.03,28.56,59.48,23.35,3.18,0.6
1998-09-19,0.0,28.59,61.49,23.58,3.82,0.6
1998-09-20,0.0,28.71,60.17,23.64,4.16,0.6
1998-09-21,5.48,28.16,68.95,21.16,4.91,0.6
1998-09-22,2.02,27.82,72.86,19.58,4.12,0.61
1998-09-23,7.86,27.57,74.46,17.76,4.67,0.61
1998-09-24,7.85,27.52,76.36,21.28,4.46,0.63
1998-09-25,2.76,27.68,73.24,22.74,3.79,0.63
1998-09-26,0.54,27.56,68.03,24.26,5.48,0.62
1998-09-27,0.69,27.39,71.33,23.22,5.63,0.62
1998-09-28,5.84,27.72,73.24,22.02,3.91,0.62
1998-09-29,1.27,28.04,71.15,24.17,4.91,0.62
1998-09-30,0.05,28.22,68.22,24.26,2.51,0.62
1998-10-01,0.0,28.11,66.02,24.96,4.4,0.61
1998-10-02,0.0,28.21,66.14,24.02,4.51,0.61
1998-10-03,0.01,28.48,63.55,24.56,3.42,0.6
1998-10-04,0.0,28.77,61.96,24.14,3.4,0.6
1998-10-05,0.02,29.04,58.84,23.92,4.32,0.6
1998-10-06,0.05,29.17,59.42,24.99,4.17,0.6
1998-10-07,0.01,29.25,57.25,25.76,4.0,0.6
1998-10-08,1.02,29.31,58.68,23.39,3.76,0.6
1998-10-09,0.9,29.59,60.38,24.26,4.13,0.6
1998-10-10,0.95,29.12,62.06,24.52,1.9,0.6
1998-10-11,0.52,30.24,57.92,23.86,1.44,0.6
1998-10-12,0.45,30.26,57.56,25.05,1.92,0.6
1998-10-13,2.2,30.28,58.3,22.77,2.41,0.6
1998-10-14,1.9,29.62,61.82,12.83,3.54,0.6
1998-10-15,3.82,29.15,66.85,24.65,4.69,0.61
1998-10-16,1.33,28.85,67.47,24.29,5.09,0.61
1998-10-17,0.67,29.43,64.48,24.64,2.75,0.6
1998-10-18,0.57,29.84,61.39,25.09,1.66,0.6
1998-10-19,0.17,29.99,59.47,21.91,2.03,0.6
1998-10-20,0.8,30.62,57.7,24.5,1.99,0.6
1998-10-21,1.09,30.2,60.24,24.85,3.43,0.6
1998-10-22,3.36,28.82,69.04,22.24,4.69,0.6
1998-10-23,6.03,27.45,76.12,23.25,3.19,0.61
1998-10-24,4.85,27.91,76.94,23.1,3.29,0.62
1998-10-25,1.97,28.65,71.51,23.8,3.42,0.62
1998-10-26,0.4,28.89,70.17,25.2,2.84,0.62
1998-10-27,3.27,29.39,67.76,25.2,2.22,0.61
1998-10-28,8.26,28.51,70.9,13.7,1.96,0.63
1998-10-29,6.11,27.39,75.49,17.41,2.74,0.63
1998-10-30,4.46,28.42,70.97,17.25,1.53,0.64
1998-10-31,8.04,27.61,77.26,15.5,3.29,0.65
1998-11-01,4.98,27.3,75.33,21.42,1.34,0.65
1998-11-02,10.41,27.37,76.79,22.92,1.9,0.67
1998-11-03,9.21,27.3,76.91,22.91,1.69,0.68
1998-11-04,1.11,28.03,72.35,24.27,1.43,0.68
1998-11-05,2.94,27.69,77.76,23.06,2.45,0.68
1998-11-06,6.1,27.5,80.36,18.49,2.45,0.69
1998-11-07,6.54,28.09,76.86,24.17,3.31,0.7
1998-11-08,2.5,28.17,74.6,23.19,3.49,0.7
1998-11-09,3.11,28.54,73.34,22.89,3.0,0.69
1998-11-10,7.03,28.56,72.26,16.35,3.49,0.7
1998-11-11,2.39,28.82,70.15,22.1,2.98,0.7
1998-11-12,0.63,28.42,69.29,22.79,1.31,0.69
1998-11-13,3.55,28.91,67.34,20.93,1.41,0.69
1998-11-14,21.12,27.54,76.42,14.81,2.68,0.71
1998-11-15,7.86,27.71,73.68,21.0,2.56,0.73
1998-11-16,3.65,27.71,73.1,23.05,2.44,0.73
1998-11-17,5.03,27.59,73.31,19.99,1.75,0.73
1998-11-18,7.88,26.41,79.97,22.39,1.14,0.73
1998-11-19,12.72,26.63,81.08,24.03,1.45,0.75
1998-11-20,7.64,26.35,85.99,23.61,2.9,0.76
1998-11-21,5.9,26.28,83.29,15.79,2.98,0.77
1998-11-22,4.55,26.15,84.49,21.88,3.23,0.77
1998-11-23,0.11,27.02,76.45,23.48,3.49,0.77
1998-11-24,5.71,26.98,78.9,23.92,4.48,0.77
1998-11-25,6.6,26.93,80.64,22.79,3.45,0.77
1998-11-26,5.83,25.86,82.18,16.18,3.24,0.78
1998-11-27,0.08,26.41,76.33,21.32,1.73,0.78
1998-11-28,2.98,26.82,74.62,19.98,1.48,0.77
1998-11-29,1.1,27.6,71.26,22.26,2.5,0.77
1998-11-30,2.69,27.37,75.72,22.4,3.4,0.77
1998-12-01,11.18,26.46,82.67,21.07,3.77,0.77
1998-12-02,8.19,26.2,85.7,19.93,3.25,0.79
1998-12-03,12.34,26.29,84.73,12.0,3.82,0.8
1998-12-04,4.06,26.94,77.98,24.01,4.0,0.81
1998-12-05,3.74,27.08,77.25,22.45,3.74,0.81
1998-12-06,3.47,27.35,70.86,23.87,2.99,0.8
1998-12-07,0.99,27.78,74.22,22.92,3.92,0.8
1998-12-08,0.21,27.52,75.19,22.04,4.21,0.79
1998-12-09,8.55,27.12,79.04,20.51,4.86,0.79
1998-12-10,1.97,27.38,76.16,18.19,5.71,0.79
1998-12-11,1.09,27.45,74.45,22.09,5.11,0.78
1998-12-12,5.18,27.7,74.63,22.69,3.27,0.78
1998-12-13,5.43,26.97,77.69,23.93,3.03,0.79
1998-12-14,1.69,27.19,75.47,24.77,2.39,0.78
1998-12-15,16.66,26.96,79.17,23.94,2.33,0.79
1998-12-16,5.52,27.15,77.92,23.11,1.94,0.81
1998-12-17,0.61,27.34,75.95,23.0,2.34,0.8
1998-12-18,0.36,27.85,69.6,23.54,1.56,0.79
1998-12-19,4.83,27.06,75.35,22.2,2.01,0.79
1998-12-20,12.95,26.3,84.49,20.83,2.82,0.8
1998-12-21,8.73,26.14,86.27,20.74,3.0,0.82
1998-12-22,9.76,25.83,87.27,18.1,1.99,0.83
1998-12-23,8.47,26.01,87.92,20.25,3.12,0.84
1998-12-24,14.85,26.45,84.66,18.01,3.04,0.85
1998-12-25,8.59,26.89,79.61,16.56,2.65,0.87
1998-12-26,8.65,26.78,80.77,23.25,3.21,0.87
1998-12-27,12.65,26.34,85.85,22.58,4.19,0.88
1998-12-28,9.24,26.38,82.95,21.95,4.07,0.89
1998-12-29,6.6,26.51,79.68,21.22,4.25,0.9
1998-12-30,3.29,26.93,80.65,22.52,3.7,0.89
1998-12-31,7.05,27.17,79.08,23.67,3.14,0.89
1999-01-01,2.11,27.5,75.33,23.79,1.59,0.89
1999-01-02,3.74,27.41,76.13,22.99,1.53,0.88
1999-01-03,5.46,27.88,73.48,23.18,1.44,0.88
1999-01-04,3.66,27.25,78.41,19.16,2.7,0.88
1999-01-05,5.43,26.48,82.82,17.59,3.36,0.88
1999-01-06,13.56,26.49,84.05,19.33,2.68,0.89
1999-01-07,12.45,26.15,85.98,17.66,4.34,0.91
1999-01-08,8.18,26.35,81.87,19.74,3.08,0.92
1999-01-09,3.31,26.08,79.65,20.62,1.5,0.92
1999-01-10,3.73,26.35,80.51,19.72,1.27,0.92
1999-01-11,12.34,25.78,79.26,20.17,2.03,0.92
1999-01-12,5.78,25.43,85.57,14.75,3.02,0.93
1999-01-13,5.41,26.14,81.69,18.0,2.03,0.93
1999-01-14,5.96,26.03,83.19,18.32,1.57,0.93
1999-01-15,6.08,25.89,86.39,19.62,2.55,0.93
1999-01-16,17.19,25.72,85.84,22.16,3.11,0.94
1999-01-17,21.73,25.66,86.71,15.35,3.38,0.96
1999-01-18,24.46,25.79,88.07,15.21,5.3,0.98
1999-01-19,11.17,25.93,88.89,17.62,5.05,0.98
1999-01-20,10.88,25.54,89.08,16.92,4.3,0.99
1999-01-21,21.52,26.06,87.14,18.94,2.9,0.99
1999-01-22,29.87,25.97,85.96,19.21,1.95,1.0
1999-01-23,15.67,26.23,87.14,18.74,3.59,1.0
1999-01-24,16.6,26.79,84.77,21.57,2.52,1.0
1999-01-25,4.43,27.31,78.21,19.16,1.7,1.0
1999-01-26,2.68,27.62,78.77,23.2,1.23,0.99
1999-01-27,6.71,27.09,84.74,20.11,2.37,0.99
1999-01-28,10.64,26.83,81.15,18.15,2.23,0.99
1999-01-29,8.99,25.77,88.42,18.15,3.03,0.99
1999-01-30,11.93,26.01,90.14,14.74,6.21,0.99
1999-01-31,7.82,26.17,88.33,20.06,5.64,0.99
1999-02-01,16.41,26.36,88.79,15.53,5.53,0.99
1999-02-02,17.02,26.49,88.79,16.43,6.74,0.99
1999-02-03,13.69,26.16,89.27,22.22,5.38,0.99
1999-02-04,8.16,26.23,87.52,15.73,6.19,0.99
1999-02-05,7.73,26.02,87.78,9.97,5.23,0.99
1999-02-06,11.2,26.23,85.85,23.21,4.51,0.99
1999-02-07,20.59,25.71,89.07,21.58,3.73,1.0
1999-02-08,12.46,25.43,88.22,12.26,5.12,1.0
1999-02-09,14.57,25.41,85.24,22.89,4.51,1.0
1999-02-10,5.48,26.47,84.56,25.16,4.32,0.99
1999-02-11,7.22,25.94,87.25,22.87,5.68,0.99
1999-02-12,6.41,25.92,86.68,22.84,4.17,0.99
1999-02-13,4.79,25.37,87.91,20.88,4.27,0.99
1999-02-14,21.1,25.61,86.71,16.87,4.33,1.0
1999-02-15,9.26,25.34,86.86,16.34,5.46,1.0
1999-02-16,3.58,25.29,87.13,19.14,4.56,1.0
1999-02-17,3.43,25.78,85.12,21.38,4.18,0.99
1999-02-18,2.01,26.47,80.6,24.83,3.56,0.99
1999-02-19,7.98,26.29,83.81,20.37,3.65,0.99
1999-02-20,30.72,25.88,86.97,18.51,4.46,0.99
1999-02-21,25.09,25.92,88.06,17.76,5.07,1.0
1999-02-22,14.68,26.08,89.68,22.81,5.54,1.0
1999-02-23,14.25,25.92,89.32,17.56,4.7,1.0
1999-02-24,29.21,25.33,89.82,13.82,3.5,1.0
1999-02-25,9.06,25.22,89.04,15.46,4.4,1.0
1999-02-26,11.76,25.22,85.25,21.62,3.07,1.0
1999-02-27,6.03,25.75,84.47,22.89,2.18,1.0
1999-02-28,7.72,26.05,84.73,21.5,1.86,1.0
1999-03-01,1.97,26.2,83.06,22.93,2.74,1.0
1999-03-02,6.33,26.44,82.74,11.6,2.3,0.99
1999-03-03,18.73,26.06,87.14,11.69,2.56,1.0
1999-03-04,10.49,26.34,86.32,20.55,1.93,1.0
1999-03-05,14.61,26.15,87.39,22.13,1.53,1.0
1999-03-06,14.82,25.71,87.01,18.3,1.49,1.0
1999-03-07,30.63,26.0,86.14,16.0,1.44,1.0
1999-03-08,23.69,26.29,81.32,16.2,0.79,1.0
1999-03-09,7.41,26.76,82.37,24.66,1.57,1.0
1999-03-10,15.3,26.97,83.36,20.38,1.71,1.0
1999-03-11,10.67,26.44,83.56,19.72,1.69,1.0
1999-03-12,19.61,25.57,87.76,14.44,2.39,1.0
1999-03-13,9.14,25.71,84.72,15.79,3.06,1.0
1999-03-14,3.63,25.37,89.55,20.34,2.66,1.0
1999-03-15,5.76,25.83,90.24,17.88,3.73,1.0
1999-03-16,8.38,25.85,89.01,20.55,3.21,1.0
1999-03-17,3.73,25.93,88.37,21.38,2.25,1.0
1999-03-18,7.51,26.94,83.17,19.75,1.1,0.99
1999-03-19,12.16,26.22,87.24,14.22,3.1,1.0
1999-03-20,11.97,26.05,88.72,20.35,3.63,1.0
1999-03-21,24.28,25.5,87.65,19.47,2.23,1.0
1999-03-22,25.37,25.13,88.75,13.21,1.25,1.0
1999-03-23,12.78,25.37,89.07,20.67,2.76,1.0
1999-03-24,7.97,26.42,82.83,17.42,2.09,1.0
1999-03-25,14.76,25.82,87.25,14.06,3.1,1.0
1999-03-26,14.88,25.91,88.52,19.69,2.93,1.0
1999-03-27,7.79,25.61,90.66,18.91,2.29,1.0
1999-03-28,12.97,26.07,84.96,19.75,1.63,1.0
1999-03-29,4.66,26.57,81.94,21.0,2.36,1.0
1999-03-30,4.49,26.67,82.03,20.52,2.56,1.0
1999-03-31,6.37,26.79,82.69,17.44,1.8,0.99
1999-04-01,22.81,26.43,87.66,19.7,2.9,1.0
1999-04-02,15.04,26.03,89.15,17.15,2.01,1.0
1999-04-03,9.65,25.78,90.1,14.21,2.88,1.0
1999-04-04,10.95,26.1,88.31,12.84,2.54,1.0
1999-04-05,7.13,25.83,89.37,17.57,3.12,1.0
1999-04-06,4.8,25.63,90.67,19.42,3.47,1.0
1999-04-07,2.01,26.27,87.87,21.52,2.77,1.0
1999-04-08,0.76,26.97,86.08,21.7,2.42,0.99
1999-04-09,2.47,26.8,85.03,21.4,1.58,0.99
1999-04-10,5.1,26.99,82.71,20.84,1.09,0.99
1999-04-11,11.76,26.69,85.0,17.41,2.11,0.99
1999-04-12,17.01,26.22,87.11,16.4,3.19,0.99
1999-04-13,20.89,25.62,87.57,16.17,2.16,1.0
1999-04-14,4.47,25.47,87.33,19.76,4.08,1.0
1999-04-15,0.49,25.94,83.24,19.78,3.91,1.0
1999-04-16,0.96,26.23,78.94,17.97,4.93,0.99
1999-04-17,2.02,26.4,79.38,17.89,4.33,0.99
1999-04-18,0.92,26.2,78.89,15.67,4.19,0.98
1999-04-19,15.49,25.91,82.13,16.93,4.37,0.98
1999-04-20,4.22,26.2,80.6,19.62,3.92,0.99
1999-04-21,0.27,26.76,75.98,21.58,3.73,0.98
1999-04-22,0.24,26.78,74.12,21.75,3.02,0.97
1999-04-23,0.5,26.27,78.52,19.77,3.5,0.96
1999-04-24,0.4,26.2,75.66,19.54,3.61,0.96
1999-04-25,0.03,26.35,73.96,18.06,2.81,0.95
1999-04-26,0.13,26.65,74.02,21.25,2.16,0.94
1999-04-27,0.11,26.57,80.58,19.29,3.01,0.93
1999-04-28,4.27,26.64,83.11,20.36,3.08,0.93
1999-04-29,4.37,25.73,86.0,14.24,2.55,0.93
1999-04-30,4.67,24.85,87.16,16.65,5.07,0.93
1999-05-01,1.04,25.61,82.12,16.86,5.6,0.93
1999-05-02,0.01,25.26,77.96,18.42,5.54,0.92
1999-05-03,0.46,25.01,74.55,18.74,4.75,0.92
1999-05-04,0.01,24.9,73.1,19.91,4.58,0.91
1999-05-05,0.47,25.35,77.44,17.86,4.53,0.9
1999-05-06,3.85,26.05,82.65,19.91,3.48,0.89
1999-05-07,5.92,25.95,83.73,17.06,5.64,0.9
1999-05-08,0.42,25.65,78.6,19.5,5.64,0.89
1999-05-09,0.41,25.34,75.84,16.62,4.89,0.88
1999-05-10,0.29,25.28,76.01,15.36,4.97,0.88
1999-05-11,0.0,25.17,77.71,17.93,4.19,0.87
1999-05-12,0.18,25.02,76.4,19.95,3.58,0.86
1999-05-13,0.0,25.25,75.66,16.46,2.85,0.85
1999-05-14,0.2,25.54,77.18,18.96,2.16,0.85
1999-05-15,1.81,25.8,78.53,17.78,3.64,0.84
1999-05-16,2.32,25.09,77.62,20.1,5.2,0.84
1999-05-17,2.25,24.77,76.18,19.22,4.8,0.84
1999-05-18,3.83,24.78,78.74,17.46,3.8,0.83
1999-05-19,0.0,24.83,78.73,16.62,4.18,0.83
1999-05-20,0.71,24.76,77.29,19.08,4.11,0.82
1999-05-21,5.73,24.95,76.09,18.33,4.73,0.82
1999-05-22,0.0,24.97,73.47,17.47,4.93,0.82
1999-05-23,0.0,24.1,69.38,19.43,4.49,0.81
1999-05-24,0.0,23.96,70.18,19.88,4.31,0.8
1999-05-25,3.82,24.26,70.02,18.24,4.31,0.8
1999-05-26,0.0,24.29,73.85,19.36,4.16,0.8
1999-05-27,0.0,24.68,75.04,19.99,3.84,0.79
1999-05-28,0.36,25.0,74.26,18.68,2.7,0.79
1999-05-29,1.14,24.87,74.9,18.2,3.02,0.78
1999-05-30,1.96,24.51,76.8,16.73,4.3,0.78
1999-05-31,0.0,24.98,76.85,16.21,4.61,0.78
1999-06-01,2.54,25.49,81.39,18.11,5.13,0.77
1999-06-02,3.3,25.71,80.94,17.58,5.23,0.77
1999-06-03,1.27,25.07,78.55,17.19,4.16,0.77
1999-06-04,0.26,25.05,75.59,17.74,3.53,0.77
1999-06-05,0.0,24.85,74.94,18.41,2.95,0.76
1999-06-06,0.0,24.98,75.1,18.56,3.23,0.76
1999-06-07,0.01,25.03,79.49,17.67,3.63,0.75
1999-06-08,0.52,25.62,77.77,18.33,2.83,0.75
1999-06-09,0.19,25.32,80.57,19.12,4.46,0.74
1999-06-10,0.38,25.22,77.23,19.01,3.68,0.74
1999-06-11,0.02,25.15,72.06,19.21,2.35,0.73
1999-06-12,1.2,25.59,68.06,16.85,1.71,0.73
1999-06-13,0.13,25.13,75.65,18.65,4.38,0.73
1999-06-14,0.0,25.21,74.44,19.46,3.91,0.72
1999-06-15,0.02,25.54,72.41,18.88,3.19,0.72
1999-06-16,0.0,25.22,73.89,16.76,4.75,0.71
1999-06-17,0.0,25.51,74.74,18.24,5.03,0.71
1999-06-18,0.41,25.79,76.58,18.11,4.72,0.7
1999-06-19,3.51,25.24,83.18,14.52,5.53,0.71
1999-06-20,0.97,25.21,78.35,16.58,5.75,0.71
1999-06-21,3.72,24.99,78.97,14.54,5.37,0.71
1999-06-22,1.78,24.91,79.81,13.45,5.54,0.71
1999-06-23,0.8,25.04,75.51,13.91,6.31,0.71
1999-06-24,0.1,25.06,68.81,14.84,5.7,0.7
1999-06-25,0.33,24.88,71.26,17.46,5.45,0.7
1999-06-26,0.59,24.56,71.63,16.47,5.86,0.7
1999-06-27,0.06,24.17,69.73,18.57,5.58,0.69
1999-06-28,0.1,23.59,69.78,18.75,5.36,0.69
1999-06-29,0.85,23.61,68.19,17.88,5.5,0.69
1999-06-30,0.5,24.16,72.42,16.01,4.93,0.68
1999-07-01,2.6,24.49,77.49,12.29,5.74,0.68
1999-07-02,4.63,24.84,80.18,10.31,6.34,0.69
1999-07-03,1.19,24.49,81.33,13.91,7.1,0.69
1999-07-04,0.78,24.59,80.64,13.46,6.37,0.69
1999-07-05,0.18,24.64,77.83,14.5,5.47,0.68
1999-07-06,0.64,24.94,76.8,15.62,4.14,0.68
1999-07-07,0.12,25.04,76.05,18.12,4.13,0.68
1999-07-08,0.52,24.99,73.42,17.83,4.62,0.68
1999-07-09,1.39,25.0,73.21,14.18,4.79,0.68
1999-07-10,0.06,25.36,72.4,19.28,4.67,0.67
1999-07-11,0.09,25.44,75.27,18.39,5.71,0.67
1999-07-12,0.33,25.51,70.56,18.84,5.0,0.67
1999-07-13,0.03,24.86,70.29,19.05,5.6,0.66
1999-07-14,0.0,24.48,67.11,19.66,5.63,0.66
1999-07-15,0.0,23.84,63.87,18.02,5.16,0.66
1999-07-16,0.0,23.35,65.0,19.34,4.69,0.65
1999-07-17,0.0,23.55,69.88,19.51,4.18,0.65
1999-07-18,1.09,23.97,70.95,18.06,4.21,0.65
1999-07-19,0.0,24.05,68.76,17.79,4.77,0.65
1999-07-20,0.0,24.3,68.29,18.21,4.18,0.65
1999-07-21,0.0,24.81,70.15,17.21,4.62,0.64
1999-07-22,0.61,24.73,70.45,16.1,4.83,0.64
1999-07-23,3.64,24.57,71.44,18.75,5.84,0.64
1999-07-24,0.0,24.21,65.59,19.92,6.68,0.64
1999-07-25,0.0,23.92,68.87,19.61,5.83,0.64
1999-07-26,0.0,24.4,68.33,19.49,4.35,0.64
1999-07-27,0.51,24.83,70.46,17.39,4.55,0.63
1999-07-28,0.0,24.94,66.95,18.41,3.94,0.63
1999-07-29,0.0,24.94,67.82,19.74,3.63,0.63
1999-07-30,0.04,24.78,69.62,19.82,4.95,0.62
1999-07-31,0.25,24.68,71.94,21.02,4.79,0.62
1999-08-01,0.23,24.94,73.09,20.04,5.2,0.62
1999-08-02,0.58,25.14,71.53,18.79,5.54,0.62
1999-08-03,0.0,24.66,67.05,19.95,5.3,0.62
1999-08-04,0.0,24.26,70.19,20.72,5.03,0.61
1999-08-05,0.05,24.59,70.43,19.8,3.96,0.61
1999-08-06,0.0,24.68,71.67,20.69,4.23,0.61
1999-08-07,0.06,25.4,73.91,18.76,4.27,0.61
1999-08-08,1.39,25.49,74.73,16.31,5.12,0.6
1999-08-09,0.48,25.32,71.58,19.76,4.46,0.6
1999-08-10,0.0,25.05,70.02,22.07,4.42,0.6
1999-08-11,0.0,24.69,73.4,21.75,5.77,0.6
1999-08-12,0.03,25.29,70.97,19.36,6.58,0.6
1999-08-13,0.0,25.64,65.75,21.84,6.72,0.6
1999-08-14,0.28,25.33,67.25,21.59,6.76,0.6
1999-08-15,2.11,24.54,67.51,21.51,6.4,0.6
1999-08-16,0.0,24.29,60.16,21.83,5.79,0.6
1999-08-17,0.0,23.98,56.06,21.81,4.97,0.6
1999-08-18,0.94,24.38,63.27,19.95,4.63,0.6
1999-08-19,0.96,24.61,65.03,16.19,5.45,0.6
1999-08-20,0.81,24.78,70.04,20.57,4.31,0.6
1999-08-21,0.25,25.73,67.92,19.6,3.9,0.6
1999-08-22,0.0,26.21,68.71,22.26,4.73,0.6
1999-08-23,0.0,26.22,69.5,18.8,5.85,0.6
1999-08-24,0.0,26.67,66.81,21.57,3.98,0.6
1999-08-25,0.0,26.29,68.35,21.7,5.02,0.6
1999-08-26,1.1,26.11,63.22,21.19,4.62,0.6
1999-08-27,0.0,25.71,63.49,18.62,4.54,0.6
1999-08-28,0.0,26.78,62.25,22.77,3.57,0.6
1999-08-29,0.86,26.48,61.29,23.24,5.26,0.6
1999-08-30,0.8,25.99,63.35,21.61,4.88,0.6
1999-08-31,0.45,25.57,58.53,23.0,4.41,0.6
1999-09-01,0.15,25.23,62.2,17.45,4.63,0.6
1999-09-02,0.0,25.97,61.66,22.76,3.95,0.6
1999-09-03,0.0,26.4,62.35,21.07,3.87,0.6
1999-09-04,0.0,26.49,63.24,22.79,4.66,0.6
1999-09-05,0.0,26.37,62.02,23.83,4.49,0.6
1999-09-06,0.0,26.23,58.79,23.94,3.48,0.6
1999-09-07,0.0,26.53,61.85,23.16,3.51,0.6
1999-09-08,0.01,26.54,62.55,23.95,4.77,0.59
1999-09-09,0.0,26.64,63.98,24.0,5.08,0.59
1999-09-10,0.21,25.85,66.76,23.58,5.87,0.59
1999-09-11,0.0,26.74,60.02,23.83,4.53,0.59
1999-09-12,0.0,26.5,65.12,23.93,5.23,0.59
1999-09-13,0.0,27.78,59.54,24.04,3.58,0.59
1999-09-14,0.0,27.19,62.4,23.75,4.82,0.59
1999-09-15,0.0,27.6,60.71,23.94,3.4,0.59
1999-09-16,0.0,27.42,58.64,23.8,3.07,0.59
1999-09-17,0.0,27.7,60.72,24.57,3.7,0.59
1999-09-18,0.0,27.34,62.09,23.8,5.55,0.59
1999-09-19,0.16,27.75,64.28,24.08,5.33,0.59
1999-09-20,1.25,27.56,63.59,23.85,6.47,0.6
1999-09-21,0.0,27.28,61.56,24.74,4.69,0.6
1999-09-22,0.0,27.28,61.8,23.85,4.08,0.59
1999-09-23,0.0,27.8,59.57,24.88,4.91,0.59
1999-09-24,0.15,27.54,63.73,24.48,4.86,0.59
1999-09-25,0.02,27.67,61.57,24.74,5.76,0.59
1999-09-26,0.0,27.27,63.48,25.64,5.48,0.59
1999-09-27,0.0,27.09,61.13,25.96,6.39,0.59
1999-09-28,0.49,27.01,62.76,25.67,6.56,0.59
1999-09-29,0.0,27.39,60.6,25.22,5.7,0.59
1999-09-30,0.0,27.38,58.63,25.41,5.25,0.59
1999-10-01,0.0,27.23,61.85,25.77,5.53,0.59
1999-10-02,0.01,28.15,60.9,20.0,4.33,0.59
1999-10-03,0.07,28.17,61.49,25.11,5.06,0.59
1999-10-04,0.0,28.58,60.96,25.79,4.49,0.59
1999-10-05,0.71,28.29,63.7,25.56,5.11,0.59
1999-10-06,0.45,29.03,61.42,25.84,4.2,0.59
1999-10-07,0.3,28.99,60.85,25.74,4.29,0.59
1999-10-08,0.48,29.23,60.99,23.12,3.8,0.6
1999-10-09,0.0,28.74,61.26,25.03,4.8,0.59
1999-10-10,1.7,27.6,66.74,20.41,4.0,0.6
1999-10-11,10.45,27.19,69.29,19.66,3.42,0.61
1999-10-12,13.5,26.81,77.31,23.45,3.4,0.63
1999-10-13,3.98,27.04,75.34,20.69,3.65,0.64
1999-10-14,1.56,26.94,74.68,17.73,3.15,0.64
1999-10-15,3.97,27.47,75.05,20.4,4.21,0.64
1999-10-16,1.46,27.88,70.81,23.43,3.41,0.64
1999-10-17,0.87,28.17,68.4,24.06,3.8,0.64
1999-10-18,1.34,28.06,70.75,25.25,3.63,0.63
1999-10-19,1.82,27.47,70.9,25.57,4.87,0.63
1999-10-20,0.66,27.87,68.97,23.66,2.47,0.63
1999-10-21,2.52,28.53,64.55,25.77,2.07,0.63
1999-10-22,2.31,27.99,67.77,20.62,3.29,0.63
1999-10-23,2.26,27.86,69.99,22.45,4.66,0.62
1999-10-24,2.81,27.79,70.2,24.5,2.39,0.62
1999-10-25,2.48,28.09,71.06,18.33,2.71,0.62
1999-10-26,1.07,27.98,74.22,21.86,3.11,0.62
1999-10-27,2.23,28.49,70.28,25.17,4.27,0.62
1999-10-28,2.19,28.37,71.41,24.75,4.0,0.62
1999-10-29,1.66,28.57,69.77,17.34,3.89,0.62
1999-10-30,0.4,28.31,70.75,24.0,3.23,0.62
1999-10-31,4.81,28.07,71.92,17.33,4.63,0.62
1999-11-01,2.99,27.82,73.72,21.57,5.13,0.62
1999-11-02,7.93,27.17,77.16,17.46,3.2,0.63
1999-11-03,5.48,27.53,73.26,21.84,1.46,0.64
1999-11-04,2.24,28.15,69.44,20.42,3.1,0.64
1999-11-05,0.5,28.0,69.05,23.59,3.63,0.64
1999-11-06,4.12,27.74,72.7,23.15,2.55,0.64
1999-11-07,10.55,26.1,83.17,17.73,2.63,0.65
1999-11-08,9.98,26.45,79.16,19.4,4.13,0.67
1999-11-09,3.65,27.28,77.9,21.53,2.73,0.67
1999-11-10,1.63,27.15,77.47,24.85,2.96,0.67
1999-11-11,0.72,28.33,68.94,24.32,2.44,0.67
1999-11-12,0.34,28.08,71.42,25.06,3.3,0.66
1999-11-13,1.95,28.01,69.64,21.53,2.51,0.66
1999-11-14,0.01,28.28,68.32,23.64,2.5,0.65
1999-11-15,0.28,28.09,67.66,25.48,2.05,0.65
1999-11-16,25.69,27.39,72.9,20.63,2.94,0.67
1999-11-17,8.52,26.35,78.6,19.9,2.59,0.7
1999-11-18,13.08,26.35,79.03,22.81,2.38,0.71
1999-11-19,16.55,26.52,79.76,17.27,1.37,0.74
1999-11-20,2.69,26.54,79.88,24.3,1.67,0.75
1999-11-21,2.96,26.82,78.53,22.29,2.1,0.74
1999-11-22,1.89,26.69,81.22,16.28,2.17,0.74
1999-11-23,2.64,26.88,78.31,25.75,2.12,0.74
1999-11-24,2.25,27.96,73.91,24.15,2.23,0.74
1999-11-25,6.52,28.05,69.5,26.45,2.99,0.74
1999-11-26,0.78,28.2,66.25,26.37,2.26,0.74
1999-11-27,1.12,28.68,68.51,24.9,2.68,0.73
1999-11-28,0.28,28.5,67.99,25.63,2.27,0.72
1999-11-29,0.57,28.22,68.86,25.99,2.67,0.72
1999-11-30,0.53,28.55,68.62,25.52,2.53,0.71
1999-12-01,2.4,28.28,68.53,24.47,1.62,0.71
1999-12-02,2.17,27.51,76.3,22.85,2.61,0.71
1999-12-03,5.96,27.7,76.55,22.06,1.86,0.71
1999-12-04,7.27,28.32,73.73,21.61,2.13,0.72
1999-12-05,40.29,27.81,72.25,19.6,3.6,0.74
1999-12-06,19.01,27.44,73.24,22.09,2.8,0.79
1999-12-07,32.98,26.73,79.88,19.18,2.61,0.8
1999-12-08,21.91,26.14,81.28,21.84,3.81,0.84
1999-12-09,23.07,26.03,87.3,9.39,6.09,0.87
1999-12-10,13.93,26.32,87.92,16.34,5.61,0.89
1999-12-11,15.51,26.41,86.62,10.89,5.75,0.91
1999-12-12,6.77,26.8,81.96,22.86,5.94,0.91
1999-12-13,20.1,26.04,87.2,20.06,5.17,0.92
1999-12-14,22.12,26.49,83.17,23.32,4.01,0.94
1999-12-15,17.97,25.92,89.63,22.55,4.33,0.96
1999-12-16,2.23,26.12,88.24,21.92,3.59,0.96
1999-12-17,7.99,26.22,82.05,21.76,2.82,0.96
1999-12-18,5.74,26.06,83.91,20.0,2.13,0.96
1999-12-19,11.98,25.61,84.46,19.76,1.09,0.97
1999-12-20,7.04,26.21,80.74,17.15,1.57,0.97
1999-12-21,3.41,26.42,80.06,22.78,1.71,0.97
1999-12-22,0.09,26.45,79.08,23.78,1.97,0.96
1999-12-23,2.98,26.38,80.52,25.71,2.26,0.96
1999-12-24,16.05,26.39,79.34,24.49,2.28,0.96
1999-12-25,19.51,25.05,87.31,19.46,2.38,0.97
1999-12-26,4.5,25.87,87.4,18.02,3.96,0.98
1999-12-27,2.82,26.0,87.87,21.89,5.21,0.98
1999-12-28,3.77,26.03,85.69,26.02,3.38,0.97
1999-12-29,6.19,26.25,84.83,25.45,4.9,0.97
1999-12-30,9.07,26.28,86.89,23.77,5.72,0.97
1999-12-31,17.02,25.95,87.89,16.44,5.08,0.98
2000-01-01,2.63,26.58,81.54,21.76,2.89,0.98
2000-01-02,2.58,26.72,80.9,23.73,2.51,0.97
2000-01-03,2.03,25.32,87.08,22.42,2.67,0.97
2000-01-04,1.73,26.28,78.49,24.37,1.16,0.97
2000-01-05,0.78,27.4,75.83,24.54,1.39,0.96
2000-01-06,1.6,27.37,78.02,23.0,1.47,0.96
2000-01-07,7.38,26.21,82.54,24.35,2.27,0.96
2000-01-08,11.0,25.23,83.14,22.98,1.55,0.96
2000-01-09,11.25,25.22,86.9,18.83,1.8,0.97
2000-01-10,14.07,26.06,82.36,17.4,1.51,0.98
2000-01-11,21.53,24.98,86.95,4.99,3.26,0.99
2000-01-12,9.61,24.78,88.57,21.47,4.2,0.99
2000-01-13,4.78,25.43,87.52,22.07,4.6,0.98
2000-01-14,6.71,25.01,87.74,20.98,3.02,0.98
2000-01-15,11.92,24.83,86.15,22.05,3.4,0.99
2000-01-16,4.98,25.82,81.66,22.79,2.33,0.99
2000-01-17,1.38,26.45,79.82,23.5,2.55,0.98
2000-01-18,4.22,26.51,79.57,20.2,2.31,0.97
2000-01-19,30.06,25.57,83.47,13.98,2.48,0.98
2000-01-20,10.48,25.19,87.88,18.86,5.59,0.98
2000-01-21,6.46,25.85,88.22,19.2,5.62,0.98
2000-01-22,13.4,25.73,90.61,16.05,6.07,0.98
2000-01-23,13.78,25.58,91.01,17.53,6.0,0.99
2000-01-24,30.33,25.73,90.5,12.72,6.49,0.99
2000-01-25,14.08,25.54,87.5,14.69,5.39,0.99
2000-01-26,11.92,25.32,88.68,10.37,3.75,1.0
2000-01-27,5.83,25.56,85.85,18.57,1.7,0.99
2000-01-28,11.32,26.22,83.27,19.0,1.79,1.0
2000-01-29,7.23,26.02,85.03,16.01,4.3,1.0
2000-01-30,6.2,25.77,85.52,20.67,2.97,0.99
2000-01-31,14.3,25.08,88.36,19.08,3.22,1.0
2000-02-01,10.23,25.28,92.62,21.44,4.98,0.99
2000-02-02,6.7,25.77,88.73,20.86,3.84,0.99
2000-02-03,1.16,27.13,78.23,23.86,1.35,0.99
2000-02-04,9.71,27.11,77.29,18.95,1.15,0.99
2000-02-05,11.68,26.03,89.32,18.01,4.25,0.99
2000-02-06,7.07,26.06,88.55,18.07,3.83,1.0
2000-02-07,9.79,25.99,90.82,17.33,6.02,0.99
2000-02-08,7.77,25.95,90.72,18.9,5.39,0.99
2000-02-09,6.29,25.96,88.98,12.41,4.48,0.99
2000-02-10,22.56,25.96,88.76,17.36,4.69,0.99
2000-02-11,12.98,25.88,87.64,20.58,3.97,0.99
2000-02-12,19.29,25.55,89.6,14.39,4.59,0.99
2000-02-13,16.92,25.12,90.42,9.15,5.65,1.0
2000-02-14,12.15,25.64,87.71,23.33,3.59,1.0
2000-02-15,5.29,25.76,85.66,21.79,3.56,1.0
2000-02-16,8.39,26.12,85.83,23.87,3.32,1.0
2000-02-17,7.74,26.01,86.12,23.89,4.04,1.0
2000-02-18,6.53,25.8,85.82,21.36,2.66,0.99
2000-02-19,6.31,25.43,90.58,22.8,3.67,0.99
2000-02-20,9.63,25.56,86.76,20.63,2.08,0.99
2000-02-21,13.27,25.69,87.7,22.68,3.9,0.99
2000-02-22,10.75,25.73,88.48,17.13,3.53,1.0
2000-02-23,11.92,25.63,87.45,14.71,3.24,1.0
2000-02-24,13.83,25.75,87.69,20.02,4.05,0.99
2000-02-25,14.41,25.26,89.61,15.53,3.71,0.99
2000-02-26,14.36,25.73,90.01,21.19,4.29,1.0
2000-02-27,6.64,25.53,89.98,17.19,4.22,1.0
2000-02-28,6.47,25.36,90.4,15.76,4.55,1.0
2000-02-29,2.79,25.5,88.78,20.93,5.34,1.0
2000-03-01,1.47,25.27,89.4,16.96,5.61,0.99
2000-03-02,4.69,25.74,87.88,22.88,4.18,0.99
2000-03-03,12.68,25.26,88.3,14.81,3.31,0.99
2000-03-04,10.73,25.45,89.26,15.5,5.41,0.99
2000-03-05,17.46,25.06,91.4,18.78,5.96,0.99
2000-03-06,5.89,25.18,89.0,16.81,5.49,1.0
2000-03-07,15.19,25.62,88.2,23.04,3.62,1.0
2000-03-08,12.33,25.22,90.52,20.86,3.43,1.0
2000-03-09,3.83,24.67,90.47,20.11,3.76,1.0
2000-03-10,21.41,25.11,91.36,20.41,4.16,1.0
2000-03-11,9.92,25.12,89.37,14.08,3.51,1.0
2000-03-12,15.94,25.11,87.4,10.29,3.49,1.0
2000-03-13,36.32,25.26,86.5,20.09,4.46,1.0
2000-03-14,16.22,24.81,86.42,18.81,3.89,1.0
2000-03-15,2.71,25.26,87.81,15.13,6.11,1.0
2000-03-16,2.48,25.48,88.49,20.51,5.26,1.0
2000-03-17,5.76,25.13,90.15,19.28,3.65,1.0
2000-03-18,3.84,25.43,84.1,15.8,2.12,1.0
2000-03-19,6.15,25.63,85.1,15.8,3.27,1.0
2000-03-20,2.33,26.61,81.17,23.41,1.35,0.99
2000-03-21,8.76,26.07,85.7,22.88,0.9,0.99
2000-03-22,5.53,25.88,85.49,23.94,1.18,1.0
2000-03-23,4.05,25.26,87.16,21.59,1.89,0.99
2000-03-24,6.36,25.52,82.57,19.7,1.13,0.99
2000-03-25,10.92,25.76,84.64,22.62,2.88,1.0
2000-03-26,8.75,25.56,87.14,21.21,3.36,1.0
2000-03-27,4.56,25.86,83.9,21.13,1.45,1.0
2000-03-28,2.34,25.94,84.63,22.81,2.59,0.99
2000-03-29,1.94,26.55,81.66,23.32,2.79,0.99
2000-03-30,1.17,26.31,82.18,22.22,3.41,0.98
2000-03-31,4.87,26.42,82.13,22.02,2.39,0.98
2000-04-01,3.09,26.6,82.81,22.71,2.84,0.98
2000-04-02,1.3,26.7,80.58,23.39,2.99,0.97
2000-04-03,6.57,26.91,80.45,16.75,2.0,0.97
2000-04-04,7.83,26.83,82.2,20.78,2.05,0.97
2000-04-05,8.58,26.44,85.38,18.63,2.41,0.97
2000-04-06,4.63,25.9,88.48,17.25,2.01,0.98
2000-04-07,5.07,25.55,89.56,17.72,2.18,0.97
2000-04-08,6.88,25.8,85.59,17.8,1.38,0.98
2000-04-09,4.91,26.19,83.75,18.53,1.02,0.98
2000-04-10,7.31,26.2,80.74,19.31,1.01,0.98
2000-04-11,3.41,26.24,82.37,21.77,2.44,0.98
2000-04-12,8.08,26.22,83.88,15.67,1.87,0.98
2000-04-13,15.76,26.25,86.86,21.32,1.73,0.99
2000-04-14,21.71,26.09,82.43,16.54,1.23,1.0
2000-04-15,2.33,25.63,86.19,17.25,3.3,0.99
2000-04-16,6.04,25.9,88.06,20.98,3.65,0.99
2000-04-17,6.79,25.91,89.13,20.77,4.56,0.99
2000-04-18,7.4,25.9,88.33,18.21,3.76,0.99
2000-04-19,7.51,26.08,89.81,20.76,3.4,0.99
2000-04-20,8.03,25.91,85.88,19.86,2.09,0.99
2000-04-21,17.41,25.76,85.75,18.58,1.41,1.0
2000-04-22,14.05,25.96,86.47,19.12,2.67,1.0
2000-04-23,2.94,25.79,87.22,21.27,3.35,1.0
2000-04-24,1.28,26.06,85.87,20.71,2.64,1.0
2000-04-25,9.32,26.2,83.76,21.85,1.98,1.0
2000-04-26,1.29,26.76,80.83,22.47,1.75,1.0
2000-04-27,3.76,26.41,86.2,18.93,3.28,0.99
2000-04-28,18.52,26.5,86.27,17.33,3.7,1.0
2000-04-29,9.2,25.9,86.08,20.09,4.13,1.0
2000-04-30,0.45,25.39,75.48,20.86,4.45,0.99
2000-05-01,0.55,25.02,72.96,21.87,3.82,0.99
2000-05-02,0.03,25.02,71.11,21.68,3.91,0.98
2000-05-03,0.22,25.35,81.25,21.01,2.98,0.98
2000-05-04,1.56,25.46,82.45,19.39,4.3,0.97
2000-05-05,2.73,25.36,82.31,16.03,5.05,0.97
2000-05-06,1.73,25.03,81.97,17.5,5.84,0.96
2000-05-07,0.75,25.22,79.28,20.85,4.78,0.96
2000-05-08,0.27,25.31,79.21,20.48,4.45,0.95
2000-05-09,0.67,25.36,80.88,18.35,4.33,0.94
2000-05-10,2.06,25.71,83.38,17.6,5.11,0.93
2000-05-11,9.92,25.84,86.35,15.66,5.27,0.94
2000-05-12,11.7,25.47,87.84,14.82,7.07,0.95
2000-05-13,12.44,25.23,90.14,10.98,7.28,0.96
2000-05-14,6.66,25.55,89.69,18.23,4.89,0.97
2000-05-15,2.39,25.55,89.03,19.31,5.55,0.96
2000-05-16,5.19,25.57,89.88,17.81,5.24,0.96
2000-05-17,4.83,24.57,88.65,9.2,6.84,0.96
2000-05-18,6.86,24.92,85.9,15.08,6.57,0.96
2000-05-19,5.12,24.48,90.31,16.74,6.99,0.97
2000-05-20,14.88,24.67,90.74,14.96,6.8,0.97
2000-05-21,2.52,25.28,90.64,19.74,5.7,0.98
2000-05-22,1.71,25.6,90.61,18.71,4.16,0.97
2000-05-23,2.12,25.48,89.52,16.85,4.89,0.97
2000-05-24,0.28,25.52,87.17,19.93,3.87,0.97
2000-05-25,1.06,25.68,86.76,17.97,4.25,0.96
2000-05-26,3.57,25.57,89.01,14.61,4.22,0.96
2000-05-27,12.1,25.16,90.97,9.99,5.41,0.97
2000-05-28,5.18,24.75,89.82,13.77,5.21,0.97
2000-05-29,3.59,24.75,88.24,14.45,6.32,0.97
2000-05-30,0.13,24.57,82.69,14.56,6.41,0.97
2000-05-31,0.17,23.89,81.45,18.22,6.23,0.96
2000-06-01,0.74,24.15,82.37,16.24,6.56,0.95
2000-06-02,0.5,24.04,82.1,14.9,6.87,0.95
2000-06-03,1.04,23.62,81.22,14.46,7.07,0.94
2000-06-04,1.66,23.3,79.62,17.16,5.83,0.94
2000-06-05,0.43,23.76,80.99,16.89,5.64,0.93
2000-06-06,0.16,24.31,83.93,17.15,5.86,0.92
2000-06-07,0.53,24.37,82.54,15.37,5.48,0.92
2000-06-08,0.76,24.43,82.49,14.76,4.79,0.91
2000-06-09,0.93,24.21,82.62,14.5,4.71,0.9
2000-06-10,2.77,24.27,84.64,15.16,5.19,0.9
2000-06-11,2.25,23.9,83.95,12.69,6.29,0.9
2000-06-12,1.11,23.39,82.36,11.84,5.97,0.89
2000-06-13,1.15,22.96,83.04,12.82,6.18,0.89
2000-06-14,0.27,23.25,81.78,14.42,5.84,0.88
2000-06-15,1.92,23.93,84.59,13.45,5.7,0.88
2000-06-16,3.23,24.16,86.96,14.55,7.84,0.88
2000-06-17,3.05,24.3,86.32,15.74,6.88,0.88
2000-06-18,0.29,24.15,81.58,19.12,6.99,0.87
2000-06-19,0.07,24.13,82.75,18.39,5.16,0.86
2000-06-20,0.14,24.42,83.11,18.44,5.13,0.86
2000-06-21,4.08,24.39,81.42,17.34,6.05,0.86
2000-06-22,0.34,24.29,79.51,16.46,5.88,0.85
2000-06-23,0.26,24.17,80.08,16.38,5.59,0.85
2000-06-24,0.14,24.17,78.46,17.82,5.37,0.84
2000-06-25,1.34,24.19,76.23,18.33,4.91,0.84
2000-06-26,0.33,23.97,78.39,14.5,4.87,0.83
2000-06-27,0.57,23.74,76.29,16.16,4.54,0.83
2000-06-28,0.34,23.38,77.41,16.92,4.51,0.82
2000-06-29,0.0,23.21,72.97,19.09,5.07,0.81
2000-06-30,0.91,23.76,78.69,18.93,5.27,0.81
2000-07-01,1.64,24.27,81.54,18.05,5.38,0.81
2000-07-02,0.61,24.19,80.82,17.88,5.32,0.8
2000-07-03,0.46,24.26,81.05,18.5,4.83,0.8
2000-07-04,0.55,24.79,80.31,17.82,5.36,0.79
2000-07-05,2.43,24.63,82.86,13.89,5.49,0.79
2000-07-06,0.59,24.56,80.8,18.28,6.03,0.79
2000-07-07,0.0,24.08,77.99,19.46,5.29,0.78
2000-07-08,0.08,23.58,73.68,17.67,4.67,0.78
2000-07-09,0.0,23.39,74.39,17.94,3.62,0.77
2000-07-10,0.01,24.07,76.58,19.48,3.69,0.77
2000-07-11,0.25,24.12,75.5,19.98,3.6,0.76
2000-07-12,0.0,23.92,78.67,20.28,5.28,0.76
2000-07-13,0.0,23.89,73.93,20.28,4.62,0.75
2000-07-14,0.11,23.55,75.63,19.52,5.14,0.75
2000-07-15,1.98,23.69,75.54,19.67,6.44,0.74
2000-07-16,2.76,23.77,74.79,17.88,6.72,0.74
2000-07-17,0.0,23.76,77.18,20.81,5.29,0.74
2000-07-18,0.0,23.87,74.92,20.32,5.74,0.73
2000-07-19,0.0,23.46,74.23,20.65,5.03,0.73
2000-07-20,0.0,22.68,73.74,20.96,5.47,0.73
2000-07-21,0.0,22.91,72.99,20.94,5.18,0.72
2000-07-22,0.38,23.31,77.9,18.82,4.73,0.72
2000-07-23,1.2,23.99,78.16,19.76,4.32,0.72
2000-07-24,0.87,24.45,79.56,20.22,5.25,0.71
2000-07-25,0.28,24.65,78.79,20.14,5.63,0.71
2000-07-26,0.01,24.64,75.7,18.56,5.66,0.7
2000-07-27,0.06,24.54,77.24,19.48,7.13,0.7
2000-07-28,0.67,24.21,77.19,19.61,6.9,0.7
2000-07-29,0.37,23.67,76.78,18.12,6.6,0.69
2000-07-30,0.0,23.96,74.76,19.83,6.26,0.69
2000-07-31,0.07,24.33,78.85,18.88,6.32,0.69
2000-08-01,1.4,24.45,78.94,18.93,6.23,0.68
2000-08-02,1.12,24.54,77.19,19.19,6.34,0.68
2000-08-03,1.05,24.66,73.82,20.45,6.98,0.68
2000-08-04,0.0,24.66,71.16,21.57,6.85,0.68
2000-08-05,0.0,25.02,72.37,20.83,6.04,0.67
2000-08-06,0.0,25.06,71.21,21.41,4.87,0.67
2000-08-07,0.71,25.0,75.77,20.72,5.52,0.67
2000-08-08,2.35,24.9,76.18,20.48,6.14,0.67
2000-08-09,0.69,24.59,74.64,20.65,5.52,0.66
2000-08-10,0.51,24.47,74.62,20.64,5.05,0.66
2000-08-11,1.67,24.37,75.85,21.18,5.22,0.66
2000-08-12,0.33,24.68,74.71,19.36,5.94,0.66
2000-08-13,1.28,24.54,74.08,19.0,6.09,0.66
2000-08-14,0.0,24.98,70.59,18.82,5.93,0.65
2000-08-15,0.04,25.51,69.67,19.49,4.5,0.65
2000-08-16,0.04,25.16,69.44,19.73,4.79,0.65
2000-08-17,0.0,25.17,63.65,21.15,3.43,0.64
2000-08-18,0.0,24.38,64.04,21.98,4.39,0.64
2000-08-19,0.0,24.81,63.02,22.16,3.67,0.64
2000-08-20,0.0,24.47,65.48,22.18,2.86,0.63
2000-08-21,0.0,24.81,66.37,22.58,2.89,0.63
2000-08-22,0.1,25.25,71.82,20.51,4.22,0.63
2000-08-23,0.37,26.08,72.0,21.7,4.36,0.62
2000-08-24,1.35,26.27,72.39,21.18,3.89,0.62
2000-08-25,0.0,26.6,69.72,22.19,4.48,0.62
2000-08-26,0.0,26.39,66.11,22.75,4.29,0.62
2000-08-27,0.0,26.15,67.69,23.84,3.44,0.61
2000-08-28,0.0,26.34,67.09,23.94,3.74,0.61
2000-08-29,0.0,26.27,64.99,23.7,3.13,0.61
2000-08-30,0.0,26.12,65.46,23.07,3.77,0.6
2000-08-31,0.0,26.3,66.87,21.76,3.5,0.6
2000-09-01,0.03,26.41,65.61,22.01,4.99,0.6
2000-09-02,0.0,26.49,64.11,23.93,3.75,0.6
2000-09-03,0.0,26.88,65.71,23.77,4.44,0.6
2000-09-04,0.0,27.59,65.04,24.11,4.16,0.6
2000-09-05,0.0,27.57,62.06,23.92,3.92,0.6
2000-09-06,0.31,27.49,61.56,23.92,4.85,0.6
2000-09-07,0.01,27.38,60.23,24.23,4.68,0.6
2000-09-08,0.0,27.28,59.99,24.41,4.56,0.6
2000-09-09,0.0,27.62,57.19,24.41,4.5,0.6
2000-09-10,0.02,28.04,58.81,23.72,4.22,0.6
2000-09-11,1.84,27.68,66.01,24.04,5.7,0.6
2000-09-12,4.63,27.2,67.3,23.58,6.13,0.61
2000-09-13,0.0,26.33,67.45,23.42,6.21,0.6
2000-09-14,0.39,26.5,66.79,20.97,5.6,0.6
2000-09-15,0.0,26.91,64.05,23.33,5.18,0.6
2000-09-16,0.0,26.94,67.66,23.79,6.63,0.6
2000-09-17,0.03,27.37,65.17,24.49,6.73,0.6
2000-09-18,1.68,27.39,62.67,24.32,6.23,0.6
2000-09-19,0.09,27.2,61.92,23.91,5.13,0.6
2000-09-20,0.0,27.46,62.28,24.12,4.23,0.6
2000-09-21,0.21,27.65,63.78,21.12,5.77,0.6
2000-09-22,1.26,28.0,68.07,23.72,5.76,0.6
2000-09-23,1.99,28.24,67.86,22.45,4.84,0.6
2000-09-24,1.81,27.8,69.66,23.72,4.79,0.6
2000-09-25,0.72,27.8,67.33,24.19,5.26,0.6
2000-09-26,0.1,27.89,66.83,24.71,5.02,0.6
2000-09-27,0.13,27.89,62.68,24.61,4.23,0.6
2000-09-28,0.0,27.79,61.6,24.59,5.32,0.6
2000-09-29,0.0,27.96,62.53,24.79,5.41,0.6
2000-09-30,1.14,27.88,63.61,24.12,5.44,0.6
2000-10-01,0.03,28.34,62.7,25.59,5.1,0.6
2000-10-02,0.08,28.92,61.26,25.42,4.51,0.6
2000-10-03,1.13,28.64,63.46,22.9,5.26,0.6
2000-10-04,1.57,28.68,63.52,23.17,5.23,0.6
2000-10-05,0.97,28.49,64.58,25.35,4.84,0.6
2000-10-06,2.14,28.47,65.06,23.21,4.33,0.6
2000-10-07,1.04,28.49,61.1,21.78,4.29,0.6
2000-10-08,2.89,28.75,61.34,24.91,3.22,0.6
2000-10-09,1.68,28.74,64.0,24.59,4.11,0.61
2000-10-10,0.06,28.79,64.07,24.11,4.79,0.6
2000-10-11,0.0,29.12,61.0,25.03,4.03,0.6
2000-10-12,2.49,29.06,64.0,23.09,3.95,0.6
2000-10-13,6.5,28.24,69.01,25.88,4.56,0.61
2000-10-14,1.88,28.51,68.32,24.1,4.18,0.61
2000-10-15,4.37,28.27,70.94,24.47,2.79,0.61
2000-10-16,3.57,28.44,69.73,20.22,2.51,0.62
2000-10-17,0.92,28.24,67.42,24.77,1.62,0.61
2000-10-18,6.93,27.82,68.65,21.44,2.51,0.62
2000-10-19,3.74,28.03,67.86,22.1,2.33,0.62
2000-10-20,7.36,27.58,74.5,22.35,4.45,0.63
2000-10-21,1.36,27.31,69.8,17.07,4.9,0.63
2000-10-22,0.02,27.43,59.87,23.81,2.82,0.62
2000-10-23,0.0,27.19,58.4,26.34,2.11,0.62
2000-10-24,0.0,27.96,59.98,23.88,1.29,0.61
2000-10-25,0.12,28.59,57.53,24.4,2.07,0.61
2000-10-26,0.03,28.83,58.04,25.03,1.73,0.6
2000-10-27,0.0,28.85,60.49,26.06,2.83,0.6
2000-10-28,0.0,29.49,56.04,24.87,3.22,0.6
2000-10-29,0.0,29.35,58.01,24.84,3.18,0.6
2000-10-30,4.69,29.52,60.62,23.88,2.79,0.6
2000-10-31,4.44,28.54,66.98,24.99,3.46,0.61
2000-11-01,3.85,28.02,70.71,19.36,3.92,0.61
2000-11-02,7.6,27.43,75.07,23.07,3.69,0.62
2000-11-03,2.55,28.0,72.88,24.54,3.42,0.63
2000-11-04,0.32,28.79,66.97,25.87,2.18,0.62
2000-11-05,2.62,28.5,66.57,25.16,0.96,0.62
2000-11-06,1.72,28.68,66.94,25.72,1.59,0.61
2000-11-07,2.2,28.39,66.74,21.85,2.65,0.61
2000-11-08,5.0,28.29,67.98,25.08,1.89,0.61
2000-11-09,2.27,28.58,68.32,24.59,2.94,0.62
2000-11-10,0.79,28.62,64.74,24.5,2.44,0.61
2000-11-11,6.09,27.54,72.73,23.78,2.5,0.62
2000-11-12,5.35,27.87,73.34,19.26,2.16,0.63
2000-11-13,7.12,27.79,74.43,22.08,3.14,0.63
2000-11-14,4.97,27.75,75.97,23.07,4.63,0.64
2000-11-15,4.99,28.01,75.49,20.56,2.4,0.64
2000-11-16,13.21,28.27,76.61,23.79,4.15,0.65
2000-11-17,3.46,28.4,73.48,23.79,3.77,0.66
2000-11-18,3.82,28.46,70.7,25.76,3.23,0.66
2000-11-19,1.5,28.06,69.36,24.54,2.57,0.66
2000-11-20,4.66,28.11,72.12,23.07,1.73,0.65
2000-11-21,7.17,27.81,73.07,22.29,1.94,0.67
2000-11-22,1.9,28.04,72.38,24.8,2.92,0.67
2000-11-23,4.77,27.83,73.45,24.15,3.57,0.67
2000-11-24,4.15,28.33,74.13,17.82,2.22,0.67
2000-11-25,1.87,27.41,76.09,21.56,2.26,0.67
2000-11-26,6.26,26.75,81.6,21.46,2.81,0.68
2000-11-27,3.82,27.68,74.35,23.53,1.83,0.68
2000-11-28,1.96,28.08,74.79,24.8,3.19,0.68
2000-11-29,5.36,27.9,77.94,25.37,4.17,0.68
2000-11-30,4.88,27.8,78.42,24.43,5.39,0.69
2000-12-01,7.56,27.56,77.12,17.64,5.17,0.7
2000-12-02,3.65,26.95,76.08,16.5,3.78,0.7
2000-12-03,24.1,26.81,82.23,22.84,5.0,0.72
2000-12-04,13.04,26.07,82.58,13.45,6.1,0.75
2000-12-05,11.79,27.08,81.06,22.73,6.99,0.76
2000-12-06,8.42,27.52,78.17,21.89,7.98,0.77
2000-12-07,0.95,27.39,76.23,23.76,7.73,0.77
2000-12-08,0.42,27.34,75.24,25.24,6.75,0.76
2000-12-09,0.4,27.54,75.2,26.1,6.3,0.75
2000-12-10,0.01,27.61,71.91,25.9,5.04,0.74
2000-12-11,0.83,28.01,72.24,25.99,3.29,0.74
2000-12-12,2.36,27.66,75.51,23.72,3.59,0.73
2000-12-13,2.07,27.38,76.23,25.01,4.67,0.73
2000-12-14,13.67,27.05,77.61,18.38,4.06,0.74
2000-12-15,1.92,26.67,78.42,22.89,2.5,0.75
2000-12-16,0.46,27.43,74.64,24.62,3.65,0.75
2000-12-17,7.02,27.01,75.86,24.56,2.79,0.74
2000-12-18,0.68,27.52,71.87,22.77,2.14,0.74
2000-12-19,12.2,27.7,74.9,24.02,2.4,0.75
2000-12-20,4.52,27.46,77.2,21.87,2.9,0.76
2000-12-21,2.04,26.95,78.54,18.5,3.26,0.76
2000-12-22,1.62,27.76,72.54,23.85,2.83,0.75
2000-12-23,0.77,27.46,72.62,23.78,3.6,0.74
2000-12-24,3.25,27.13,73.87,23.48,2.95,0.74
2000-12-25,0.88,27.36,73.58,23.22,4.28,0.74
2000-12-26,0.51,27.21,71.89,22.45,4.17,0.73
2000-12-27,0.7,27.78,73.71,23.72,3.64,0.72
2000-12-28,0.36,28.3,70.96,23.69,3.18,0.72
2000-12-29,0.27,27.34,73.69,23.97,3.8,0.71
2000-12-30,0.23,28.45,69.04,23.01,2.64,0.71
2000-12-31,0.12,28.76,66.47,26.09,2.09,0.7
2001-01-01,0.34,28.15,67.82,25.24,2.61,0.69
2001-01-02,0.04,27.85,70.76,24.08,2.8,0.68
2001-01-03,0.98,28.02,71.67,25.13,1.57,0.68
2001-01-04,8.22,27.36,76.0,24.53,1.16,0.68
2001-01-05,3.13,27.2,74.05,22.96,2.5,0.7
2001-01-06,1.8,26.96,74.27,18.19,2.91,0.7
2001-01-07,13.12,26.69,77.75,18.05,1.65,0.7
2001-01-08,8.21,26.58,79.86,18.93,2.56,0.72
2001-01-09,8.43,26.46,76.42,18.26,1.86,0.73
2001-01-10,10.31,25.6,85.75,18.44,3.56,0.74
2001-01-11,21.44,25.76,84.96,15.45,4.29,0.76
2001-01-12,12.23,25.84,86.64,22.54,4.96,0.8
2001-01-13,8.6,25.96,85.25,22.0,3.76,0.8
2001-01-14,10.13,25.79,89.01,19.07,4.48,0.82
2001-01-15,16.76,25.76,89.28,12.85,3.36,0.83
2001-01-16,9.88,25.54,89.53,15.93,5.01,0.85
2001-01-17,4.36,25.89,87.07,24.37,4.41,0.85
2001-01-18,4.99,25.97,84.52,20.08,2.51,0.86
2001-01-19,9.24,25.69,85.38,20.75,1.21,0.87
2001-01-20,5.15,25.79,84.92,17.08,1.95,0.87
2001-01-21,23.01,25.0,84.96,6.23,3.02,0.89
2001-01-22,1.46,25.63,84.52,20.7,2.92,0.9
2001-01-23,1.78,26.06,84.56,24.4,3.29,0.89
2001-01-24,3.92,26.5,84.3,24.27,2.38,0.89
2001-01-25,8.4,26.6,83.85,23.27,1.81,0.9
2001-01-26,5.91,26.75,83.84,21.62,2.3,0.9
2001-01-27,7.86,26.93,81.89,21.04,2.58,0.91
2001-01-28,9.18,26.14,85.94,9.91,3.95,0.91
2001-01-29,9.83,25.96,85.1,18.34,4.67,0.92
2001-01-30,2.95,25.73,87.26,23.13,3.5,0.92
2001-01-31,11.1,26.26,84.96,25.05,1.87,0.92
2001-02-01,14.75,26.72,79.14,23.29,1.34,0.93
2001-02-02,18.94,25.89,84.95,10.85,2.1,0.95
2001-02-03,12.33,26.0,83.15,15.71,2.2,0.95
2001-02-04,12.9,25.99,84.87,21.12,3.73,0.95
2001-02-05,9.38,26.07,87.79,18.75,4.94,0.95
2001-02-06,17.9,26.26,88.0,20.99,5.44,0.95
2001-02-07,21.67,26.04,88.36,17.02,4.91,0.95
2001-02-08,2.95,25.77,89.0,20.44,4.79,0.95
2001-02-09,5.69,25.77,85.32,14.11,4.86,0.95
2001-02-10,10.65,26.27,85.48,17.48,6.55,0.95
2001-02-11,12.85,26.1,88.41,6.35,6.33,0.95
2001-02-12,5.16,26.29,86.88,18.48,7.23,0.95
2001-02-13,4.31,26.62,84.48,23.15,8.26,0.95
2001-02-14,3.01,26.81,84.01,23.63,9.01,0.95
2001-02-15,3.31,26.89,83.69,22.1,8.79,0.94
2001-02-16,3.26,26.73,83.51,21.94,7.82,0.94
2001-02-17,3.66,26.15,84.37,14.75,7.14,0.93
2001-02-18,3.5,26.13,82.2,17.75,6.94,0.93
2001-02-19,4.12,26.14,81.77,21.95,5.51,0.93
2001-02-20,1.88,26.0,81.88,23.75,5.16,0.92
2001-02-21,1.88,25.93,81.15,22.12,4.35,0.92
2001-02-22,0.4,26.81,74.05,24.48,2.34,0.91
2001-02-23,0.33,26.37,73.05,26.43,3.13,0.9
2001-02-24,0.11,26.04,74.89,26.01,3.51,0.89
2001-02-25,3.55,26.39,73.13,25.5,3.11,0.88
2001-02-26,0.32,26.79,72.5,27.3,2.8,0.88
2001-02-27,0.0,26.57,72.11,27.04,3.71,0.87
2001-02-28,0.01,26.49,74.72,26.55,5.1,0.86
2001-03-01,0.02,26.58,76.24,20.87,6.33,0.85
2001-03-02,2.13,26.91,78.02,23.26,5.81,0.84
2001-03-03,1.93,27.21,79.76,23.7,5.44,0.84
2001-03-04,5.52,26.57,82.22,24.96,4.93,0.84
2001-03-05,6.4,25.93,84.62,21.85,4.62,0.84
2001-03-06,10.06,26.16,81.34,22.4,3.99,0.85
2001-03-07,3.06,26.78,75.25,20.61,2.14,0.85
2001-03-08,2.14,26.93,74.43,21.4,2.12,0.85
2001-03-09,1.52,26.81,75.85,21.21,1.55,0.84
2001-03-10,16.09,27.0,79.87,19.17,1.9,0.84
2001-03-11,9.39,26.97,77.31,21.74,2.39,0.86
2001-03-12,2.39,27.0,74.07,21.67,2.59,0.86
2001-03-13,0.23,27.09,73.87,23.36,2.84,0.85
2001-03-14,2.36,26.87,77.45,19.07,2.52,0.85
2001-03-15,9.37,26.12,81.08,15.67,1.72,0.85
2001-03-16,11.59,26.24,78.97,18.59,2.87,0.86
2001-03-17,12.32,25.69,85.05,13.6,4.51,0.88
2001-03-18,3.64,25.83,84.0,18.32,4.18,0.88
2001-03-19,2.21,26.32,84.02,21.36,5.59,0.88
2001-03-20,9.96,25.96,86.9,20.55,6.47,0.88
2001-03-21,7.79,25.98,85.17,23.06,4.98,0.89
2001-03-22,4.27,26.05,85.45,22.54,4.17,0.89
2001-03-23,6.36,26.16,85.39,22.97,2.79,0.9
2001-03-24,4.74,26.15,83.33,24.27,1.42,0.9
2001-03-25,13.39,26.15,81.74,21.44,0.89,0.91
2001-03-26,8.14,25.37,87.77,20.81,2.94,0.92
2001-03-27,14.94,25.44,87.64,15.72,4.25,0.93
2001-03-28,12.66,25.2,86.4,17.19,2.82,0.94
2001-03-29,6.05,25.53,88.18,21.5,3.83,0.95
2001-03-30,7.67,25.39,85.71,20.29,2.82,0.95
2001-03-31,9.22,26.05,80.96,20.46,1.57,0.95
2001-04-01,5.32,26.24,83.75,16.01,2.62,0.95
2001-04-02,2.53,25.85,85.41,23.2,3.64,0.95
2001-04-03,1.93,26.52,83.57,23.2,4.58,0.95
2001-04-04,0.87,26.65,83.03,22.57,4.92,0.94
2001-04-05,2.46,26.79,80.44,22.19,4.47,0.94
2001-04-06,2.36,26.88,81.37,22.03,4.81,0.93
2001-04-07,5.11,27.01,76.91,21.72,3.39,0.93
2001-04-08,0.59,26.81,75.98,23.55,2.73,0.92
2001-04-09,0.29,26.67,77.72,23.53,3.98,0.91
2001-04-10,1.55,27.15,77.77,23.55,3.21,0.9
2001-04-11,6.71,26.53,82.79,22.03,5.49,0.9
2001-04-12,10.06,26.22,80.82,19.63,5.98,0.91
2001-04-13,1.47,26.37,77.13,21.32,4.96,0.91
2001-04-14,0.12,26.31,75.62,18.53,4.98,0.9
2001-04-15,0.01,26.05,75.14,22.38,3.69,0.89
2001-04-16,0.36,25.9,76.74,22.68,3.37,0.88
2001-04-17,0.16,26.07,74.45,23.08,3.24,0.87
2001-04-18,0.0,26.31,72.88,21.6,2.71,0.86
2001-04-19,0.0,26.49,71.49,22.71,1.62,0.85
2001-04-20,0.06,26.55,74.72,22.15,2.4,0.85
2001-04-21,7.68,26.56,84.33,20.3,3.9,0.85
2001-04-22,5.82,26.16,85.4,18.12,5.06,0.85
2001-04-23,3.95,26.11,88.22,20.47,5.7,0.86
2001-04-24,1.76,26.33,83.55,21.16,5.28,0.86
2001-04-25,0.45,26.04,77.0,22.06,5.0,0.85
2001-04-26,0.01,25.41,75.32,22.6,4.58,0.84
2001-04-27,0.45,26.06,77.01,21.45,3.71,0.83
2001-04-28,1.9,27.08,81.25,21.3,2.78,0.83
2001-04-29,3.18,26.84,84.04,21.39,4.28,0.83
2001-04-30,0.88,26.64,81.87,21.64,3.74,0.83
2001-05-01,0.06,26.65,79.7,21.62,4.03,0.82
2001-05-02,1.92,26.88,77.59,20.92,2.42,0.81
2001-05-03,2.96,26.51,79.36,21.64,5.3,0.81
2001-05-04,0.07,26.47,75.32,21.92,4.95,0.81
2001-05-05,0.35,26.38,76.67,21.32,4.92,0.8
2001-05-06,1.94,26.64,78.63,20.26,4.94,0.8
2001-05-07,2.57,26.52,75.63,19.55,5.7,0.79
2001-05-08,0.35,25.81,73.39,20.17,5.6,0.79
2001-05-09,0.3,25.38,71.86,20.9,4.76,0.78
2001-05-10,0.31,25.4,69.41,21.16,3.78,0.78
2001-05-11,0.73,25.77,70.35,20.38,2.18,0.77
2001-05-12,0.43,25.33,75.31,20.81,2.37,0.77
2001-05-13,1.07,26.15,70.83,20.97,1.87,0.76
2001-05-14,0.14,26.43,70.39,20.87,2.7,0.76
2001-05-15,0.02,26.39,73.63,20.25,3.93,0.75
2001-05-16,0.9,26.22,78.28,20.26,5.45,0.75
2001-05-17,1.53,26.24,78.67,20.4,5.91,0.74
2001-05-18,0.89,26.19,77.17,20.49,5.42,0.74
2001-05-19,0.88,25.94,74.06,19.94,6.56,0.74
2001-05-20,0.32,25.4,73.91,19.76,5.25,0.73
2001-05-21,0.0,25.52,74.0,20.22,4.53,0.73
2001-05-22,0.0,25.81,75.95,20.03,3.9,0.72
2001-05-23,0.0,25.92,77.08,19.24,3.55,0.72
2001-05-24,1.63,26.32,75.18,19.88,2.67,0.71
2001-05-25,4.03,26.16,76.86,18.44,3.21,0.71
2001-05-26,0.11,26.16,78.22,19.78,5.17,0.71
2001-05-27,0.82,25.72,77.6,19.97,5.68,0.71
2001-05-28,0.07,25.55,75.37,18.84,5.23,0.71
2001-05-29,0.54,25.71,76.59,17.3,5.53,0.7
2001-05-30,0.04,25.76,76.03,18.43,5.69,0.7
2001-05-31,0.92,25.76,79.4,13.73,3.94,0.69
2001-06-01,2.05,25.98,80.47,17.42,3.36,0.69
2001-06-02,0.02,26.41,78.58,19.01,4.92,0.69
2001-06-03,4.91,26.28,81.47,15.14,5.72,0.7
2001-06-04,7.51,26.06,82.24,12.7,5.44,0.71
2001-06-05,8.14,25.64,83.99,16.22,5.75,0.72
2001-06-06,0.25,25.73,79.0,19.04,5.54,0.72
2001-06-07,1.58,25.77,79.26,12.4,5.29,0.71
2001-06-08,0.15,26.16,78.03,18.23,5.66,0.71
2001-06-09,5.28,26.2,79.14,18.6,3.18,0.71
2001-06-10,5.38,25.2,82.36,9.08,2.87,0.72
2001-06-11,0.49,25.91,81.58,18.15,3.2,0.72
2001-06-12,1.46,26.3,82.83,17.04,1.35,0.72
2001-06-13,8.01,25.59,85.67,15.84,4.75,0.73
2001-06-14,3.01,25.56,83.51,17.89,4.85,0.73
2001-06-15,0.56,25.64,77.14,18.87,6.65,0.73
2001-06-16,0.38,25.28,73.49,19.06,7.33,0.72
2001-06-17,0.21,24.92,70.68,19.15,7.17,0.72
2001-06-18,0.01,24.25,69.23,18.41,6.37,0.71
2001-06-19,0.61,24.34,73.33,18.22,5.75,0.71
2001-06-20,7.63,24.34,81.02,6.9,6.77,0.72
2001-06-21,1.99,24.58,78.1,6.5,8.05,0.72
2001-06-22,0.5,24.89,77.84,17.61,7.58,0.72
2001-06-23,1.21,24.97,78.96,17.46,6.2,0.71
2001-06-24,0.31,24.95,78.72,17.25,6.39,0.71
2001-06-25,0.09,25.17,78.28,18.5,4.96,0.71
2001-06-26,0.46,25.21,78.03,12.88,4.82,0.7
2001-06-27,0.42,25.38,77.31,17.04,4.64,0.7
2001-06-28,0.11,25.11,75.47,16.73,5.47,0.7
2001-06-29,0.0,24.89,73.85,19.84,6.31,0.69
2001-06-30,0.0,24.55,68.75,19.93,4.98,0.69
2001-07-01,0.0,22.89,62.58,19.75,5.32,0.68
2001-07-02,0.0,22.72,61.92,18.04,4.7,0.68
2001-07-03,0.13,22.72,62.7,19.52,4.45,0.67
2001-07-04,1.64,24.15,68.59,17.24,5.01,0.67
2001-07-05,2.77,24.4,75.07,15.99,5.82,0.68
2001-07-06,0.5,24.79,78.45,19.08,4.31,0.68
2001-07-07,0.0,25.3,72.51,19.7,2.42,0.67
2001-07-08,0.13,25.61,71.47,19.64,1.72,0.67
2001-07-09,0.0,25.41,70.61,19.44,2.97,0.66
2001-07-10,0.0,25.23,71.51,19.22,2.83,0.66
2001-07-11,0.0,25.02,70.65,19.21,3.43,0.66
2001-07-12,0.02,24.87,73.55,19.7,3.07,0.65
2001-07-13,0.0,25.38,74.87,19.97,3.8,0.65
2001-07-14,0.0,25.56,74.53,20.16,3.43,0.65
2001-07-15,0.02,25.54,74.82,19.78,3.68,0.65
2001-07-16,0.0,25.65,73.08,20.01,2.68,0.64
2001-07-17,0.01,26.2,70.58,19.92,2.18,0.64
2001-07-18,0.12,26.27,68.9,19.38,2.47,0.64
2001-07-19,2.14,25.97,74.86,19.31,3.62,0.64
2001-07-20,1.79,25.65,77.98,18.64,4.19,0.64
2001-07-21,1.72,25.59,76.93,18.04,5.33,0.64
2001-07-22,0.28,25.33,74.72,19.81,5.58,0.64
2001-07-23,0.25,25.12,74.35,20.04,6.83,0.63
2001-07-24,0.0,25.28,71.58,20.12,6.22,0.63
2001-07-25,0.06,25.19,70.24,19.96,7.59,0.63
2001-07-26,0.29,24.77,72.06,19.48,8.11,0.63
2001-07-27,0.71,24.25,75.25,19.57,7.05,0.63
2001-07-28,0.47,23.81,73.08,20.2,7.01,0.62
2001-07-29,0.18,23.9,70.53,20.74,5.57,0.62
2001-07-30,1.84,23.76,72.18,19.11,5.66,0.62
2001-07-31,0.0,23.92,67.95,20.32,4.7,0.62
2001-08-01,0.0,22.91,59.57,22.19,4.88,0.62
2001-08-02,0.0,23.2,65.11,21.6,4.97,0.61
2001-08-03,0.0,23.19,67.02,21.63,5.57,0.61
2001-08-04,0.0,23.68,66.96,21.5,4.87,0.61
2001-08-05,1.19,24.18,71.52,19.2,5.34,0.61
2001-08-06,0.48,24.78,68.79,16.88,4.1,0.61
2001-08-07,0.26,24.76,68.85,20.15,5.1,0.61
2001-08-08,0.0,25.62,65.01,21.74,4.36,0.6
2001-08-09,0.0,26.17,67.67,22.01,4.51,0.6
2001-08-10,0.0,25.36,61.34,22.4,5.75,0.6
2001-08-11,0.0,24.62,57.34,22.21,4.69,0.6
2001-08-12,0.0,25.37,62.51,21.45,4.44,0.6
2001-08-13,0.0,25.75,63.81,22.0,5.04,0.6
2001-08-14,0.16,26.37,66.96,21.1,5.11,0.6
2001-08-15,0.7,26.25,64.15,21.95,5.76,0.6
2001-08-16,0.27,25.58,56.83,22.25,6.62,0.6
2001-08-17,0.23,24.89,59.74,20.63,5.97,0.6
2001-08-18,2.27,25.09,61.42,21.43,4.69,0.6
2001-08-19,0.0,25.67,60.18,21.67,4.1,0.6
2001-08-20,0.03,25.86,63.81,21.09,4.9,0.6
2001-08-21,0.05,26.2,63.39,22.73,5.97,0.6
2001-08-22,0.8,25.6,62.53,21.81,7.01,0.6
2001-08-23,0.0,25.39,59.77,21.36,6.04,0.6
2001-08-24,1.54,25.77,59.17,19.46,5.29,0.6
2001-08-25,0.0,25.32,61.15,21.25,5.69,0.6
2001-08-26,0.0,25.36,62.75,21.21,5.28,0.6
2001-08-27,1.02,25.54,65.28,21.36,4.82,0.6
2001-08-28,0.0,26.02,64.55,22.03,3.86,0.6
2001-08-29,0.0,26.33,68.29,22.08,4.69,0.6
2001-08-30,0.0,26.96,64.36,22.15,3.97,0.6
2001-08-31,0.01,27.24,64.23,20.54,3.94,0.6
2001-09-01,0.0,26.56,62.4,21.63,4.47,0.6
2001-09-02,0.0,26.6,59.95,21.9,3.67,0.6
2001-09-03,0.0,26.43,62.43,21.18,3.89,0.59
2001-09-04,0.0,26.82,61.69,23.16,3.79,0.59
2001-09-05,0.01,27.46,60.6,23.86,3.46,0.59
2001-09-06,0.04,27.69,63.55,22.69,5.07,0.59
2001-09-07,1.18,27.18,66.42,17.81,6.36,0.6
2001-09-08,0.18,27.18,60.35,23.04,4.21,0.6
2001-09-09,0.0,27.6,57.58,23.96,3.25,0.6
2001-09-10,0.0,27.39,61.58,24.04,4.49,0.59
2001-09-11,0.13,27.52,63.45,23.9,4.44,0.59
2001-09-12,0.0,27.87,61.9,24.09,4.37,0.59
2001-09-13,2.27,27.0,68.23,23.81,5.96,0.6
2001-09-14,0.0,27.49,63.72,24.77,5.32,0.6
2001-09-15,0.01,28.11,62.87,24.39,5.31,0.6
2001-09-16,0.01,28.44,61.27,24.56,5.33,0.6
2001-09-17,2.31,28.45,61.88,23.94,4.74,0.6
2001-09-18,0.03,28.53,60.45,23.86,3.1,0.6
2001-09-19,0.0,27.87,60.94,24.27,4.71,0.6
2001-09-20,0.0,28.1,59.95,24.11,3.72,0.6
2001-09-21,0.0,28.06,64.33,23.28,5.37,0.6
2001-09-22,0.18,27.93,62.52,23.88,5.28,0.6
2001-09-23,0.12,27.79,63.65,24.52,5.97,0.6
2001-09-24,0.87,27.85,65.14,24.28,6.45,0.6
2001-09-25,0.5,28.2,62.89,24.85,5.17,0.6
2001-09-26,0.02,28.15,60.15,25.75,5.77,0.6
2001-09-27,0.0,28.05,59.76,25.91,5.53,0.6
2001-09-28,0.0,28.87,58.11,25.32,4.28,0.6
2001-09-29,0.0,29.38,55.74,25.22,2.27,0.59
2001-09-30,0.01,29.95,53.42,24.26,2.19,0.59
2001-10-01,0.0,29.21,55.59,24.89,3.9,0.59
2001-10-02,0.0,28.53,58.43,24.75,3.47,0.59
2001-10-03,0.0,28.78,58.98,24.92,4.57,0.59
2001-10-04,0.07,28.54,60.36,25.32,3.94,0.59
2001-10-05,0.01,28.71,54.61,25.92,3.36,0.59
2001-10-06,0.0,28.67,58.85,23.93,4.02,0.59
2001-10-07,0.04,29.14,59.65,23.93,3.3,0.59
2001-10-08,0.62,28.87,60.1,23.77,2.65,0.59
2001-10-09,2.19,27.94,64.04,24.33,2.39,0.6
2001-10-10,3.19,28.49,60.64,24.41,2.23,0.6
2001-10-11,1.14,28.54,65.73,25.67,3.2,0.6
2001-10-12,0.78,29.2,61.98,25.1,2.87,0.6
2001-10-13,1.27,28.99,61.77,24.05,1.65,0.6
2001-10-14,4.76,28.92,62.84,23.53,2.11,0.6
2001-10-15,0.76,29.36,62.01,24.25,3.08,0.6
2001-10-16,0.02,29.23,63.4,25.9,5.06,0.6
2001-10-17,0.35,29.44,63.27,25.25,4.24,0.6
2001-10-18,0.1,29.96,55.19,25.32,3.74,0.6
2001-10-19,0.15,29.82,58.21,26.54,3.24,0.6
2001-10-20,0.91,29.78,58.23,26.03,3.25,0.6
2001-10-21,3.12,28.82,62.61,24.3,2.49,0.6
2001-10-22,6.3,27.75,67.15,23.79,3.36,0.61
2001-10-23,1.99,27.68,69.43,21.07,4.08,0.61
2001-10-24,1.7,28.18,67.13,24.28,2.94,0.61
2001-10-25,0.68,28.95,64.34,25.29,3.75,0.61
2001-10-26,0.05,29.2,59.84,25.87,4.2,0.6
2001-10-27,0.0,29.48,56.22,26.95,3.06,0.6
2001-10-28,1.64,29.82,55.46,26.71,2.62,0.6
2001-10-29,3.53,29.73,58.78,26.46,3.05,0.6
2001-10-30,3.35,28.4,68.34,24.86,3.06,0.61
2001-10-31,8.8,28.28,67.62,23.63,4.14,0.62
2001-11-01,5.79,28.0,71.76,18.82,4.41,0.62
2001-11-02,0.83,28.08,68.61,24.5,4.28,0.63
2001-11-03,0.45,28.94,66.22,24.2,3.13,0.62
2001-11-04,0.44,28.73,66.79,24.65,3.47,0.62
2001-11-05,0.02,28.86,64.94,24.89,4.17,0.61
2001-11-06,0.09,28.91,65.05,25.34,4.04,0.61
2001-11-07,0.23,28.85,65.27,23.69,4.06,0.6
2001-11-08,5.86,28.7,65.85,18.88,4.2,0.61
2001-11-09,1.31,28.19,68.66,20.48,4.5,0.61
2001-11-10,0.28,28.26,65.69,22.32,3.96,0.61
2001-11-11,0.09,27.92,66.25,21.29,4.52,0.61
2001-11-12,9.59,28.07,72.31,15.27,3.93,0.61
2001-11-13,19.86,27.38,77.85,17.61,4.2,0.64
2001-11-14,8.8,27.45,76.74,24.3,3.38,0.66
2001-11-15,1.07,28.1,70.96,24.68,3.96,0.66
2001-11-16,5.28,28.61,69.34,25.23,2.72,0.66
2001-11-17,6.8,27.42,76.66,16.94,3.76,0.67
2001-11-18,6.16,27.91,74.78,23.73,1.81,0.67
2001-11-19,2.25,28.86,69.27,24.49,0.79,0.67
2001-11-20,1.53,29.25,67.77,24.94,0.79,0.67
2001-11-21,0.78,28.5,71.55,22.86,2.23,0.67
2001-11-22,5.23,28.26,69.65,19.33,1.88,0.67
2001-11-23,0.22,27.65,72.5,21.06,2.57,0.67
2001-11-24,3.09,27.3,75.77,21.35,2.71,0.67
2001-11-25,10.5,26.23,79.78,20.26,3.75,0.68
2001-11-26,17.44,27.03,79.41,22.94,3.05,0.7
2001-11-27,14.57,26.44,83.11,22.82,1.85,0.73
2001-11-28,13.4,26.11,83.38,22.41,2.26,0.75
2001-11-29,10.76,26.15,85.36,20.09,2.67,0.77
2001-11-30,11.79,26.21,87.77,20.63,2.07,0.78
2001-12-01,7.8,26.35,84.26,23.2,2.0,0.79
2001-12-02,26.17,26.05,83.43,19.58,2.04,0.82
2001-12-03,12.54,26.22,82.33,19.42,2.78,0.84
2001-12-04,17.6,25.79,88.66,7.93,5.15,0.86
2001-12-05,1.74,26.22,82.42,23.95,4.97,0.87
2001-12-06,6.73,26.07,81.36,21.11,4.42,0.87
2001-12-07,9.39,26.13,79.31,19.91,4.8,0.87
2001-12-08,11.71,26.21,80.15,20.83,4.24,0.88
2001-12-09,10.44,25.57,81.59,19.21,4.45,0.89
2001-12-10,1.53,26.07,76.96,22.09,4.5,0.89
2001-12-11,1.91,26.04,77.48,20.64,4.21,0.88
2001-12-12,0.48,26.35,75.95,17.54,2.69,0.87
2001-12-13,0.07,26.29,75.39,24.22,3.76,0.86
2001-12-14,9.27,26.09,76.52,25.85,3.21,0.86
2001-12-15,0.46,26.46,74.7,26.2,2.33,0.86
2001-12-16,0.14,26.89,71.27,26.44,2.52,0.85
2001-12-17,7.34,25.99,79.89,22.34,2.31,0.85
2001-12-18,7.87,25.89,83.04,18.49,1.98,0.85
2001-12-19,0.94,26.77,77.65,22.51,2.03,0.86
2001-12-20,0.95,27.4,73.7,26.12,2.5,0.85
2001-12-21,0.17,27.68,71.18,26.08,1.76,0.84
2001-12-22,0.02,27.86,70.51,26.27,2.19,0.83
2001-12-23,0.18,27.64,73.07,25.83,3.1,0.82
2001-12-24,1.32,27.31,74.37,25.24,3.61,0.81
2001-12-25,1.55,27.58,75.25,25.51,3.36,0.8
2001-12-26,17.11,27.09,77.71,23.49,4.06,0.81
2001-12-27,4.35,27.05,75.81,23.11,3.45,0.82
2001-12-28,1.08,27.33,73.52,23.36,2.32,0.81
2001-12-29,13.68,26.69,78.13,20.14,2.76,0.81
2001-12-30,6.07,26.27,79.04,22.76,2.08,0.82
2001-12-31,0.5,27.48,74.11,24.38,2.32,0.82
2002-01-01,8.98,27.06,77.85,21.89,4.07,0.81
2002-01-02,1.3,26.89,75.32,24.42,4.84,0.82
2002-01-03,0.74,27.01,74.22,25.97,4.16,0.81
2002-01-04,0.34,27.07,72.7,23.37,3.85,0.8
2002-01-05,1.56,26.92,72.31,26.93,4.02,0.79
2002-01-06,0.21,27.62,72.45,25.96,2.59,0.79
2002-01-07,0.06,27.85,72.51,26.28,3.31,0.78
2002-01-08,0.44,27.64,72.07,25.73,3.91,0.77
2002-01-09,1.0,27.41,74.23,22.96,3.43,0.76
2002-01-10,1.93,27.69,73.36,24.17,3.38,0.76
2002-01-11,0.22,27.8,72.53,25.67,4.47,0.75
2002-01-12,0.13,27.85,74.05,24.68,4.34,0.75
2002-01-13,1.54,27.24,79.2,24.36,3.18,0.74
2002-01-14,4.74,26.6,83.35,24.03,1.87,0.75
2002-01-15,9.69,27.01,80.94,18.09,1.79,0.75
2002-01-16,8.5,27.19,74.85,22.15,2.81,0.77
2002-01-17,1.71,27.74,71.71,21.91,1.13,0.77
2002-01-18,2.72,27.4,78.88,25.73,2.15,0.76
2002-01-19,5.79,27.09,79.41,22.67,1.33,0.77
2002-01-20,3.51,27.18,78.51,25.98,1.04,0.77
2002-01-21,16.79,26.68,83.57,21.63,1.28,0.78
2002-01-22,8.05,26.46,82.47,19.66,1.35,0.81
2002-01-23,4.25,27.16,78.22,23.65,1.38,0.81
2002-01-24,8.67,26.07,80.59,24.49,1.62,0.81
2002-01-25,9.08,27.05,77.27,20.18,1.94,0.82
2002-01-26,6.15,25.83,85.24,21.39,2.6,0.83
2002-01-27,4.25,25.99,85.71,20.21,3.31,0.83
2002-01-28,6.66,26.4,84.63,23.23,2.75,0.84
2002-01-29,8.97,26.22,85.97,20.43,3.64,0.85
2002-01-30,9.54,26.01,87.32,21.55,4.89,0.85
2002-01-31,19.02,25.46,87.58,12.33,5.1,0.87
2002-02-01,14.23,25.35,88.07,18.28,5.87,0.89
2002-02-02,12.43,25.83,87.76,14.78,6.76,0.91
2002-02-03,13.23,25.77,89.14,18.31,6.63,0.92
2002-02-04,27.41,25.87,91.37,13.42,7.53,0.94
2002-02-05,10.07,25.69,89.42,15.69,5.77,0.96
2002-02-06,6.69,25.68,89.1,13.06,5.65,0.96
2002-02-07,14.13,25.72,90.63,15.43,6.11,0.97
2002-02-08,9.28,25.41,89.78,18.24,5.26,0.97
2002-02-09,9.33,25.37,87.44,13.77,6.47,0.97
2002-02-10,7.73,25.59,87.52,14.49,5.97,0.97
2002-02-11,11.76,25.28,88.44,20.16,2.56,0.98
2002-02-12,15.6,25.44,87.69,16.71,3.29,0.99
2002-02-13,14.91,25.27,89.27,15.21,4.12,0.99
2002-02-14,8.41,25.04,89.63,19.11,5.31,0.99
2002-02-15,8.18,25.36,87.01,14.22,6.34,0.99
2002-02-16,14.59,24.97,89.46,18.19,5.12,0.99
2002-02-17,8.91,25.12,87.22,15.1,4.43,0.99
2002-02-18,7.21,25.35,87.24,12.22,4.75,0.99
2002-02-19,3.3,25.68,86.74,20.32,3.92,0.99
2002-02-20,1.12,26.13,87.03,24.12,4.54,0.99
2002-02-21,4.18,25.72,88.84,22.2,4.58,0.98
2002-02-22,1.99,25.69,88.01,22.04,5.04,0.98
2002-02-23,4.93,25.64,87.88,23.8,5.24,0.98
2002-02-24,5.96,25.22,87.55,20.02,5.07,0.98
2002-02-25,1.14,25.61,86.74,24.18,3.42,0.98
2002-02-26,7.46,25.92,83.57,24.94,2.67,0.97
2002-02-27,0.82,26.67,77.68,26.79,2.31,0.97
2002-02-28,2.8,26.63,79.65,24.41,2.26,0.97
2002-03-01,0.22,26.66,78.31,26.08,2.94,0.96
2002-03-02,6.41,25.74,83.93,19.58,4.0,0.95
2002-03-03,2.71,25.74,81.36,22.03,2.99,0.95
2002-03-04,4.65,25.93,84.63,23.55,2.3,0.95
2002-03-05,5.81,26.42,82.87,20.91,1.62,0.95
2002-03-06,1.8,26.71,81.49,25.5,1.89,0.95
2002-03-07,6.51,25.75,87.16,21.61,2.49,0.95
2002-03-08,2.96,25.9,82.76,24.57,1.6,0.95
2002-03-09,8.07,26.33,87.14,24.21,3.12,0.95
2002-03-10,3.81,25.91,85.96,25.07,2.26,0.96
2002-03-11,1.64,26.71,81.17,25.63,1.78,0.95
2002-03-12,0.17,26.78,81.57,25.93,3.2,0.95
2002-03-13,4.61,26.4,84.17,21.18,3.68,0.94
2002-03-14,1.53,26.89,81.74,26.03,2.69,0.94
2002-03-15,2.55,26.5,81.33,24.47,3.16,0.93
2002-03-16,2.17,26.27,83.19,23.16,4.02,0.93
2002-03-17,2.32,26.45,83.58,23.35,3.62,0.92
2002-03-18,6.83,26.61,82.17,23.17,3.57,0.92
2002-03-19,2.97,26.82,79.58,25.02,3.96,0.92
2002-03-20,0.36,27.23,76.46,24.78,3.28,0.91
2002-03-21,0.26,27.39,76.12,24.71,3.34,0.9
2002-03-22,2.58,26.92,81.63,24.67,3.56,0.9
2002-03-23,1.14,26.99,80.45,24.15,3.54,0.89
2002-03-24,0.5,26.77,76.44,23.96,3.19,0.89
2002-03-25,1.64,26.81,80.22,24.78,4.29,0.88
2002-03-26,7.93,26.13,89.28,23.23,4.27,0.88
2002-03-27,3.84,26.1,82.82,23.88,1.75,0.89
2002-03-28,1.84,26.78,76.31,24.26,1.28,0.89
2002-03-29,1.99,27.43,74.62,24.64,1.81,0.88
2002-03-30,0.63,26.41,80.81,23.71,2.46,0.88
2002-03-31,1.86,26.05,84.81,22.85,0.86,0.87
2002-04-01,3.28,26.12,83.5,21.07,1.78,0.88
2002-04-02,0.17,26.51,74.22,22.88,3.41,0.87
2002-04-03,0.32,26.29,74.19,21.02,4.07,0.86
2002-04-04,0.41,26.32,73.78,23.77,3.83,0.85
2002-04-05,0.08,26.24,77.48,22.73,3.67,0.85
2002-04-06,0.47,26.61,79.28,23.94,3.95,0.84
2002-04-07,1.85,26.9,79.48,24.06,4.59,0.83
2002-04-08,10.46,26.97,80.11,22.74,2.45,0.84
2002-04-09,2.62,27.46,76.46,23.62,2.31,0.84
2002-04-10,10.52,27.34,76.98,19.67,2.06,0.84
2002-04-11,39.79,25.62,89.53,2.67,6.8,0.88
2002-04-12,3.26,26.14,85.91,17.2,3.58,0.89
2002-04-13,2.3,26.01,85.94,22.57,2.47,0.89
2002-04-14,5.7,25.92,86.27,22.84,3.16,0.89
2002-04-15,4.53,26.44,82.14,23.32,3.77,0.89
2002-04-16,2.02,26.51,79.33,23.63,3.56,0.89
2002-04-17,1.35,26.38,78.03,23.51,2.26,0.89
2002-04-18,0.96,26.4,78.35,23.02,3.16,0.88
2002-04-19,0.01,26.2,79.41,23.5,4.24,0.87
2002-04-20,0.33,26.16,77.28,22.83,3.85,0.86
2002-04-21,1.15,26.07,80.34,21.35,3.24,0.85
2002-04-22,2.51,26.56,79.99,20.89,2.62,0.85
2002-04-23,0.67,26.92,79.36,22.34,3.6,0.84
2002-04-24,0.62,26.75,79.37,21.74,4.74,0.84
2002-04-25,0.18,26.63,76.42,23.36,5.72,0.83
2002-04-26,0.0,26.87,75.59,22.93,4.64,0.82
2002-04-27,0.2,26.58,75.83,23.16,4.8,0.82
2002-04-28,0.0,26.68,75.91,22.67,4.93,0.81
2002-04-29,0.0,26.38,77.45,22.42,5.44,0.8
2002-04-30,0.76,26.83,79.71,21.04,5.11,0.79
2002-05-01,4.77,26.74,80.07,21.13,6.17,0.79
2002-05-02,0.26,26.71,77.48,21.75,5.83,0.79
2002-05-03,0.46,26.64,79.29,20.99,5.65,0.78
2002-05-04,0.04,26.91,76.77,21.71,6.38,0.78
2002-05-05,4.22,26.65,80.94,20.49,5.63,0.78
2002-05-06,1.93,26.73,80.08,21.41,5.21,0.78
2002-05-07,2.98,26.67,79.83,21.7,5.02,0.77
2002-05-08,1.08,26.87,79.04,21.11,4.91,0.77
2002-05-09,0.0,26.95,74.95,20.77,5.01,0.76
2002-05-10,0.0,26.83,73.06,20.49,2.98,0.76
2002-05-11,0.0,26.53,73.11,20.34,2.88,0.75
2002-05-12,0.0,26.14,74.99,19.6,3.25,0.74
2002-05-13,0.03,26.46,72.92,20.44,3.69,0.74
2002-05-14,0.0,25.93,70.91,20.58,3.95,0.73
2002-05-15,0.0,25.76,71.88,21.69,3.34,0.73
2002-05-16,0.18,25.92,74.09,20.38,4.18,0.72
2002-05-17,0.97,25.98,75.59,20.62,4.54,0.72
2002-05-18,0.0,25.97,72.63,21.08,5.06,0.71
2002-05-19,0.0,26.0,72.58,21.07,4.39,0.71
2002-05-20,0.26,25.92,74.59,20.84,3.81,0.71
2002-05-21,0.0,25.69,72.04,20.68,3.51,0.7
2002-05-22,0.0,25.64,68.02,20.61,2.75,0.7
2002-05-23,0.0,25.73,70.71,20.98,2.87,0.69
2002-05-24,0.0,25.59,75.55,20.57,4.62,0.69
2002-05-25,0.0,25.82,75.32,19.91,4.97,0.68
2002-05-26,0.12,25.99,76.36,20.21,4.75,0.68
2002-05-27,0.58,26.11,76.17,20.25,5.17,0.68
2002-05-28,2.66,26.16,74.35,19.85,5.19,0.68
2002-05-29,0.13,25.74,71.4,20.13,6.07,0.67
2002-05-30,0.0,25.13,67.86,20.21,6.47,0.67
2002-05-31,0.7,24.92,69.24,19.52,6.51,0.67
2002-06-01,0.05,24.93,69.04,18.94,6.28,0.66
2002-06-02,0.0,25.0,69.69,19.8,5.9,0.66
2002-06-03,1.36,25.21,76.25,18.54,5.88,0.66
2002-06-04,0.61,25.66,75.6,19.04,5.2,0.66
2002-06-05,0.04,25.81,75.55,19.79,4.11,0.65
2002-06-06,0.03,25.52,74.65,19.26,5.47,0.65
2002-06-07,0.02,24.91,69.66,20.08,6.09,0.65
2002-06-08,0.91,24.77,70.67,19.67,6.29,0.65
2002-06-09,1.68,25.44,72.83,17.76,5.93,0.65
2002-06-10,1.88,25.73,72.65,19.52,6.8,0.65
2002-06-11,0.0,25.81,72.6,19.09,6.7,0.65
2002-06-12,1.1,26.2,74.14,13.57,5.92,0.64
2002-06-13,0.82,26.26,72.32,16.81,5.39,0.64
2002-06-14,0.55,25.8,73.37,17.44,4.14,0.64
2002-06-15,0.0,25.55,74.59,18.38,3.73,0.64
2002-06-16,0.0,25.36,69.82,19.23,3.56,0.64
2002-06-17,0.0,25.14,68.88,18.65,3.6,0.63
2002-06-18,0.0,25.66,69.77,18.7,4.67,0.63
2002-06-19,0.0,25.54,71.56,19.11,5.74,0.63
2002-06-20,0.01,25.02,67.42,19.61,5.07,0.62
2002-06-21,0.0,23.87,67.35,19.01,5.15,0.62
2002-06-22,0.0,24.1,65.62,18.96,5.06,0.62
2002-06-23,6.73,24.17,71.35,19.18,5.53,0.62
2002-06-24,0.0,24.35,67.36,18.98,5.3,0.63
2002-06-25,0.8,23.83,64.02,19.07,5.17,0.63
2002-06-26,0.03,23.53,65.83,18.28,4.43,0.62
2002-06-27,0.19,24.19,66.96,18.96,3.73,0.62
2002-06-28,1.76,24.09,68.26,18.61,4.31,0.62
2002-06-29,0.0,24.14,72.83,19.41,4.85,0.62
2002-06-30,0.26,24.69,75.04,18.2,4.82,0.62
2002-07-01,0.0,24.46,68.0,19.59,6.24,0.61
2002-07-02,0.34,24.18,62.04,20.11,5.54,0.61
2002-07-03,0.14,24.66,63.3,14.52,5.76,0.61
2002-07-04,0.0,24.72,67.82,18.11,5.97,0.61
2002-07-05,0.0,24.82,68.06,18.95,6.08,0.61
2002-07-06,0.6,24.4,66.75,18.62,6.27,0.6
2002-07-07,0.42,24.32,66.93,18.7,5.51,0.6
2002-07-08,0.27,24.84,68.68,19.68,5.45,0.6
2002-07-09,0.01,24.6,69.66,18.26,6.17,0.6
2002-07-10,1.11,25.02,69.77,15.03,4.52,0.6
2002-07-11,0.46,24.87,71.14,18.6,5.53,0.6
2002-07-12,0.01,25.45,66.19,19.0,4.71,0.6
2002-07-13,0.0,24.81,63.05,20.03,4.45,0.6
2002-07-14,0.0,24.73,67.62,19.15,4.85,0.6
2002-07-15,0.0,24.97,67.14,20.22,6.3,0.6
2002-07-16,0.01,24.91,69.03,19.81,6.63,0.6
2002-07-17,1.21,24.47,70.08,18.54,7.09,0.6
2002-07-18,0.28,24.2,68.51,18.37,6.13,0.6
2002-07-19,0.01,24.4,65.17,18.48,6.06,0.6
2002-07-20,0.04,24.67,69.1,19.49,5.97,0.6
2002-07-21,0.24,25.02,75.27,13.5,7.31,0.6
2002-07-22,0.14,25.37,72.6,20.17,7.11,0.6
2002-07-23,0.0,25.29,67.07,20.14,5.86,0.6
2002-07-24,0.0,25.09,68.2,20.05,5.28,0.6
2002-07-25,0.31,25.21,67.97,20.04,5.02,0.6
2002-07-26,0.52,25.18,68.94,18.32,5.26,0.6
2002-07-27,0.19,25.22,67.75,20.67,5.74,0.6
2002-07-28,0.03,25.04,72.69,18.62,6.8,0.6
2002-07-29,0.25,26.02,69.66,19.58,4.55,0.6
2002-07-30,1.1,25.66,70.17,20.45,5.81,0.6
2002-07-31,0.0,25.3,69.64,20.98,6.26,0.6
2002-08-01,0.0,25.16,62.85,21.39,6.29,0.6
2002-08-02,0.0,24.15,63.62,21.86,5.69,0.6
2002-08-03,0.0,24.4,60.29,22.33,5.09,0.6
2002-08-04,0.0,25.53,60.38,22.07,4.15,0.6
2002-08-05,0.2,25.07,64.43,21.02,4.26,0.6
2002-08-06,0.0,25.21,62.14,21.53,5.82,0.6
2002-08-07,0.0,25.6,65.41,21.1,4.85,0.6
2002-08-08,0.0,25.43,63.29,21.61,5.21,0.6
2002-08-09,0.0,25.39,62.71,22.06,3.97,0.59
2002-08-10,0.0,25.35,58.08,22.4,4.2,0.59
2002-08-11,0.0,24.89,62.62,21.94,5.11,0.59
2002-08-12,0.0,25.04,57.3,22.63,4.7,0.59
2002-08-13,0.0,25.36,59.31,22.29,3.65,0.59
2002-08-14,0.0,25.26,61.29,17.18,3.36,0.59
2002-08-15,0.57,25.07,61.5,18.14,4.9,0.59
2002-08-16,0.71,25.09,61.67,21.78,6.28,0.6
2002-08-17,0.0,24.75,55.58,23.06,6.08,0.6
2002-08-18,0.0,24.6,57.48,21.83,5.54,0.6
2002-08-19,0.0,24.81,59.13,22.06,5.97,0.59
2002-08-20,0.0,25.29,60.2,21.38,5.66,0.59
2002-08-21,0.0,25.0,60.51,21.6,5.36,0.59
2002-08-22,0.0,25.2,60.2,22.11,4.07,0.59
2002-08-23,0.0,25.15,63.05,21.86,4.36,0.59
2002-08-24,0.22,25.09,64.9,22.1,4.45,0.59
2002-08-25,0.0,25.72,56.87,23.22,4.2,0.59
2002-08-26,0.77,25.52,59.13,22.94,5.75,0.6
2002-08-27,0.0,25.2,56.09,22.61,5.46,0.59
2002-08-28,0.0,24.82,55.15,23.48,5.89,0.59
2002-08-29,0.0,24.74,56.76,23.79,5.16,0.59
2002-08-30,0.0,24.7,64.77,22.36,5.19,0.59
2002-08-31,3.87,24.77,69.43,19.71,5.44,0.6
2002-09-01,0.01,25.08,65.17,22.86,3.66,0.6
2002-09-02,0.0,25.48,63.8,23.47,4.11,0.6
2002-09-03,0.0,24.96,63.52,23.41,3.97,0.6
2002-09-04,0.0,25.02,61.01,23.09,3.87,0.6
2002-09-05,0.0,25.29,61.47,23.45,3.49,0.6
2002-09-06,0.01,25.11,62.33,23.27,3.71,0.6
2002-09-07,0.0,25.25,56.4,25.02,3.91,0.6
2002-09-08,0.0,25.29,55.54,25.17,3.59,0.59
2002-09-09,0.0,25.76,61.42,24.13,3.65,0.59
2002-09-10,0.77,26.52,62.33,23.26,4.11,0.6
2002-09-11,0.19,26.78,61.7,22.88,3.66,0.6
2002-09-12,0.0,26.82,59.42,23.71,3.53,0.59
2002-09-13,0.0,27.27,61.19,23.6,3.67,0.59
2002-09-14,0.02,27.55,61.33,23.85,4.21,0.59
2002-09-15,2.21,27.14,63.43,22.18,4.31,0.6
2002-09-16,0.72,26.64,64.68,20.89,4.84,0.6
2002-09-17,0.01,27.03,62.66,23.13,5.27,0.6
2002-09-18,0.0,27.14,59.8,24.26,3.27,0.6
2002-09-19,0.12,27.4,59.91,23.77,4.42,0.6
2002-09-20,0.0,27.52,60.09,24.55,4.52,0.6
2002-09-21,0.0,27.29,59.37,25.41,4.89,0.59
2002-09-22,0.0,27.23,54.8,25.59,4.88,0.59
2002-09-23,0.0,26.99,57.4,25.25,4.17,0.59
2002-09-24,0.0,26.94,57.49,24.21,3.87,0.59
2002-09-25,0.0,26.9,60.46,23.2,3.54,0.59
2002-09-26,0.01,27.9,61.76,24.23,3.83,0.59
2002-09-27,0.01,28.16,61.66,24.99,4.15,0.59
2002-09-28,0.01,27.98,58.17,24.56,3.87,0.59
2002-09-29,0.0,27.9,56.59,25.32,3.1,0.59
2002-09-30,0.12,27.54,57.91,25.28,4.2,0.59
2002-10-01,3.66,27.54,65.81,23.45,4.98,0.6
2002-10-02,0.08,27.82,60.98,24.35,5.53,0.6
2002-10-03,0.0,27.97,60.33,26.0,4.79,0.6
2002-10-04,0.0,28.6,58.96,26.02,3.83,0.6
2002-10-05,0.0,28.66,56.87,26.42,3.87,0.6
2002-10-06,0.14,28.4,58.51,25.46,3.74,0.59
2002-10-07,0.11,28.38,56.22,18.31,3.47,0.59
2002-10-08,0.04,28.31,57.55,25.27,3.74,0.59
2002-10-09,0.0,28.81,53.85,26.4,3.57,0.59
2002-10-10,0.0,29.05,52.67,26.54,3.82,0.59
2002-10-11,0.1,29.19,54.27,25.61,4.23,0.59
2002-10-12,0.96,29.37,53.11,26.08,4.21,0.59
2002-10-13,0.0,29.06,54.94,26.3,4.44,0.59
2002-10-14,0.0,28.71,58.79,25.95,5.43,0.59
2002-10-15,1.47,29.07,56.17,26.55,5.65,0.6
2002-10-16,0.14,28.99,57.82,26.17,4.67,0.6
2002-10-17,0.0,29.0,49.31,26.95,2.4,0.6
2002-10-18,0.0,28.9,49.5,27.63,3.22,0.59
2002-10-19,0.0,28.72,53.0,27.15,3.93,0.59
2002-10-20,0.0,29.01,52.45,27.22,3.61,0.59
2002-10-21,0.0,29.65,51.22,26.65,3.07,0.59
2002-10-22,0.0,29.99,48.41,27.16,3.08,0.59
2002-10-23,0.11,29.94,52.47,26.26,1.76,0.59
2002-10-24,0.17,30.47,51.45,26.74,2.02,0.59
2002-10-25,0.68,30.6,54.15,25.2,1.57,0.59
2002-10-26,0.05,30.92,51.45,24.66,1.82,0.59
2002-10-27,0.01,30.98,50.65,26.16,2.2,0.59
2002-10-28,0.38,30.36,51.97,26.38,3.28,0.59
2002-10-29,0.14,29.72,54.12,26.2,3.95,0.59
2002-10-30,0.26,30.0,56.13,26.2,4.21,0.59
2002-10-31,0.08,30.31,55.77,25.38,3.97,0.59
2002-11-01,0.59,30.51,54.98,24.88,2.91,0.59
2002-11-02,0.73,30.24,57.2,24.19,3.16,0.59
2002-11-03,3.22,30.04,57.46,25.03,3.78,0.6
2002-11-04,0.6,29.73,61.54,24.63,4.12,0.6
2002-11-05,0.24,29.5,62.2,22.45,4.66,0.6
2002-11-06,0.02,30.01,55.2,26.01,4.5,0.6
2002-11-07,0.16,29.49,60.73,24.72,5.09,0.6
2002-11-08,0.55,29.19,61.99,26.0,5.74,0.6
2002-11-09,0.23,29.46,63.07,25.92,5.16,0.6
2002-11-10,0.05,29.67,61.0,25.98,5.93,0.6
2002-11-11,0.16,29.68,57.07,26.08,5.62,0.6
2002-11-12,0.0,29.75,58.96,24.92,4.31,0.6
2002-11-13,0.0,29.74,52.22,26.08,3.81,0.6
2002-11-14,0.04,30.57,52.0,26.15,3.17,0.59
2002-11-15,0.8,29.75,60.26,22.77,4.07,0.6
2002-11-16,1.1,30.23,59.77,25.31,4.7,0.6
2002-11-17,1.2,30.03,61.97,24.69,3.82,0.6
2002-11-18,1.53,29.24,63.27,24.39,4.03,0.6
2002-11-19,0.61,29.17,62.79,24.42,3.9,0.6
2002-11-20,0.78,29.81,58.76,25.55,4.24,0.6
2002-11-21,0.02,30.46,57.41,25.73,3.56,0.6
2002-11-22,0.12,30.78,55.14,23.24,2.5,0.6
2002-11-23,0.94,30.86,55.55,23.95,2.04,0.6
2002-11-24,4.21,30.13,59.59,23.65,1.87,0.6
2002-11-25,1.48,29.86,60.88,24.61,1.6,0.6
2002-11-26,1.95,29.78,59.77,23.22,1.74,0.6
2002-11-27,7.49,29.67,60.62,23.32,1.8,0.61
2002-11-28,6.66,28.58,70.26,24.47,2.0,0.62
2002-11-29,4.92,28.14,73.09,24.82,2.06,0.62
2002-11-30,10.8,27.22,76.44,21.96,2.01,0.64
2002-12-01,9.48,26.62,79.28,15.87,1.66,0.65
2002-12-02,5.4,26.13,83.26,22.59,2.57,0.67
2002-12-03,8.81,25.83,88.11,22.07,2.91,0.67
2002-12-04,3.82,26.93,81.38,24.81,2.81,0.68
2002-12-05,3.0,28.47,72.08,25.67,1.2,0.68
2002-12-06,1.33,28.91,70.64,26.84,2.21,0.68
2002-12-07,3.8,29.18,70.29,23.83,1.09,0.68
2002-12-08,2.21,29.84,66.16,25.87,1.76,0.68
2002-12-09,2.72,29.66,64.43,25.67,2.13,0.68
2002-12-10,5.23,29.11,68.42,24.14,1.34,0.68
2002-12-11,3.0,28.47,70.64,23.47,1.39,0.68
2002-12-12,8.51,27.47,75.98,22.55,2.14,0.69
2002-12-13,1.65,28.12,72.13,23.85,1.1,0.69
2002-12-14,5.02,28.79,71.72,21.5,2.34,0.69
2002-12-15,2.57,29.1,68.73,26.47,3.01,0.7
2002-12-16,1.54,29.47,66.42,26.68,3.47,0.69
2002-12-17,1.0,29.49,66.48,25.11,3.92,0.69
2002-12-18,0.74,29.45,67.8,26.49,3.92,0.68
2002-12-19,1.4,29.38,67.8,26.3,3.15,0.67
2002-12-20,1.02,29.35,67.05,24.38,2.47,0.67
2002-12-21,1.63,29.53,67.11,23.65,2.4,0.67
2002-12-22,1.06,29.67,64.78,23.38,1.88,0.66
2002-12-23,22.96,29.21,69.18,22.12,1.42,0.68
2002-12-24,13.37,28.97,70.29,21.48,1.29,0.71
2002-12-25,8.96,28.05,75.93,17.82,1.75,0.72
2002-12-26,8.99,26.88,84.86,19.74,3.28,0.73
2002-12-27,6.77,27.72,77.37,22.82,1.21,0.74
2002-12-28,7.26,27.87,79.13,22.78,1.42,0.75
2002-12-29,5.31,27.58,80.09,18.91,2.9,0.76
2002-12-30,5.41,26.55,83.49,21.4,3.33,0.76
2002-12-31,3.67,26.27,83.15,23.0,3.3,0.76
2003-01-01,21.52,26.35,84.95,25.4,2.67,0.78
2003-01-02,19.91,27.1,76.77,22.19,2.45,0.81
2003-01-03,6.27,26.73,79.02,23.17,2.05,0.81
2003-01-04,5.15,27.03,80.23,24.73,2.51,0.82
2003-01-05,8.24,26.72,82.15,20.66,1.73,0.82
2003-01-06,11.62,26.59,79.24,22.87,2.86,0.83
2003-01-07,17.17,26.05,86.61,10.73,2.97,0.85
2003-01-08,4.76,25.94,88.32,22.08,9.1,0.86
2003-01-09,2.73,26.05,87.85,21.32,7.94,0.86
2003-01-10,2.19,26.37,85.94,22.49,4.28,0.86
2003-01-11,12.39,26.1,86.99,19.86,5.82,0.87
2003-01-12,13.78,26.38,86.45,20.45,5.07,0.89
2003-01-13,6.25,25.89,88.82,18.02,4.64,0.89
2003-01-14,7.85,26.16,85.37,21.47,4.88,0.9
2003-01-15,17.86,26.29,85.42,16.95,3.95,0.91
2003-01-16,10.07,26.01,82.98,24.65,3.74,0.93
2003-01-17,3.52,26.8,77.72,26.3,2.59,0.93
2003-01-18,2.41,27.06,79.53,25.27,3.27,0.92
2003-01-19,6.8,27.29,79.93,25.91,3.93,0.92
2003-01-20,2.8,27.22,81.44,24.03,3.69,0.92
2003-01-21,5.73,26.76,85.09,16.46,4.22,0.91
2003-01-22,7.15,25.79,84.43,21.67,4.44,0.92
2003-01-23,6.03,25.51,87.84,20.67,4.26,0.92
2003-01-24,5.34,25.93,86.95,22.79,5.47,0.92
2003-01-25,5.9,25.63,86.38,23.35,4.84,0.93
2003-01-26,3.48,26.06,86.06,22.47,3.0,0.93
2003-01-27,12.21,26.42,80.25,9.41,1.06,0.94
2003-01-28,12.06,26.15,83.55,19.96,1.94,0.95
2003-01-29,4.86,26.33,83.05,24.02,1.51,0.95
2003-01-30,7.69,26.61,78.81,23.56,1.37,0.95
2003-01-31,19.41,26.5,79.84,21.1,1.2,0.96
2003-02-01,10.12,26.19,82.76,16.79,3.01,0.97
2003-02-02,12.49,25.95,84.85,18.93,3.89,0.98
2003-02-03,6.61,25.76,87.38,19.66,2.82,0.98
2003-02-04,2.79,26.01,87.65,24.44,3.12,0.97
2003-02-05,2.61,26.15,85.05,22.61,2.68,0.97
2003-02-06,4.5,26.14,86.44,24.15,3.17,0.97
2003-02-07,4.57,26.38,82.4,25.8,1.53,0.97
2003-02-08,12.34,26.95,77.63,22.24,2.02,0.97
2003-02-09,14.91,26.98,78.65,23.14,1.78,0.98
2003-02-10,7.91,26.96,82.37,23.04,2.19,0.98
2003-02-11,7.56,26.78,83.57,20.9,1.71,0.98
2003-02-12,5.9,26.3,86.06,25.35,2.66,0.98
2003-02-13,18.05,26.55,81.05,22.7,1.62,0.98
2003-02-14,17.71,26.47,85.14,14.65,3.56,0.99
2003-02-15,13.98,25.74,89.84,19.99,4.08,1.0
2003-02-16,12.15,25.54,90.04,20.93,3.55,0.99
2003-02-17,17.53,25.59,90.8,19.72,4.76,0.99
2003-02-18,13.03,25.92,89.46,15.3,6.13,0.99
2003-02-19,16.36,25.33,90.43,16.48,6.06,0.99
2003-02-20,5.27,25.87,85.49,13.55,5.73,1.0
2003-02-21,5.99,25.61,88.35,16.17,5.49,0.99
2003-02-22,13.19,25.88,89.02,12.52,5.51,0.99
2003-02-23,9.59,26.04,88.73,22.7,6.46,0.99
2003-02-24,6.82,26.11,85.79,21.85,5.98,0.99
2003-02-25,9.16,26.78,86.77,17.44,5.84,0.99
2003-02-26,6.52,26.48,89.37,21.95,6.68,0.99
2003-02-27,8.24,26.53,88.5,17.11,7.57,0.99
2003-02-28,8.88,26.25,91.53,16.33,6.63,0.99
2003-03-01,6.12,26.25,88.27,15.52,7.04,0.99
2003-03-02,7.39,25.56,86.93,10.95,4.95,0.99
2003-03-03,15.3,25.82,88.09,15.98,2.55,0.99
2003-03-04,12.34,25.89,89.22,19.11,3.7,1.0
2003-03-05,13.52,25.28,89.87,13.26,3.81,1.0
2003-03-06,20.71,25.39,88.49,19.39,3.41,1.0
2003-03-07,9.13,25.82,86.93,22.86,2.22,1.0
2003-03-08,19.16,25.58,88.57,19.27,2.81,1.0
2003-03-09,12.56,25.17,91.57,17.08,4.79,1.0
2003-03-10,4.15,25.66,87.28,20.74,4.51,1.0
2003-03-11,3.52,26.08,82.6,22.59,3.46,1.0
2003-03-12,2.57,26.26,79.44,25.65,1.83,1.0
2003-03-13,0.99,26.98,76.07,25.17,1.2,0.99
2003-03-14,0.03,27.03,75.39,25.31,1.29,0.98
2003-03-15,3.45,26.48,74.01,25.78,2.09,0.98
2003-03-16,0.09,26.03,71.09,26.97,2.81,0.97
2003-03-17,0.08,25.91,70.82,26.66,2.72,0.96
2003-03-18,0.0,26.12,69.03,26.77,2.04,0.96
2003-03-19,0.0,26.84,65.53,26.22,1.55,0.95
2003-03-20,0.02,27.03,73.57,25.5,2.34,0.93
2003-03-21,2.32,27.0,79.74,19.72,2.92,0.92
2003-03-22,5.17,26.46,85.0,23.41,2.38,0.93
2003-03-23,2.46,26.52,81.84,23.26,3.23,0.92
2003-03-24,0.49,26.71,79.42,22.76,3.41,0.92
2003-03-25,0.04,26.49,75.78,25.58,3.53,0.91
2003-03-26,0.0,26.09,74.21,25.54,4.23,0.9
2003-03-27,0.38,26.54,73.79,24.09,3.83,0.89
2003-03-28,1.1,26.84,74.73,19.5,3.74,0.88
2003-03-29,3.17,26.9,78.65,24.31,4.05,0.88
2003-03-30,3.1,27.32,77.73,23.4,4.57,0.87
2003-03-31,12.8,26.77,80.53,10.46,3.83,0.87
2003-04-01,22.29,26.3,85.64,2.45,2.77,0.9
2003-04-02,14.36,26.01,89.15,10.02,5.13,0.92
2003-04-03,8.07,26.43,87.76,16.66,3.85,0.93
2003-04-04,6.15,26.49,85.73,19.51,2.92,0.93
2003-04-05,2.86,26.68,82.36,23.79,1.06,0.94
2003-04-06,0.1,26.57,82.7,24.37,1.53,0.93
2003-04-07,0.01,27.31,74.59,24.36,1.38,0.92
2003-04-08,1.43,27.16,76.17,23.65,1.81,0.92
2003-04-09,1.33,27.24,77.12,21.13,1.53,0.91
2003-04-10,0.01,26.93,75.36,24.03,2.86,0.9
2003-04-11,0.03,26.33,80.99,23.23,3.62,0.89
2003-04-12,0.01,26.16,79.61,23.69,3.75,0.88
2003-04-13,0.49,26.55,79.97,21.23,3.67,0.87
2003-04-14,1.27,26.92,79.48,23.37,3.78,0.87
2003-04-15,0.51,26.75,80.08,23.35,3.67,0.86
2003-04-16,1.98,26.98,80.24,22.78,4.01,0.85
2003-04-17,1.12,26.8,80.63,22.58,5.15,0.85
2003-04-18,1.9,26.97,78.43,20.67,3.94,0.84
2003-04-19,0.03,26.32,75.35,23.44,5.62,0.84
2003-04-20,0.14,26.35,71.1,22.97,4.71,0.83
2003-04-21,3.29,26.93,79.25,21.17,5.92,0.82
2003-04-22,0.33,26.76,77.09,22.88,6.11,0.82
2003-04-23,1.5,26.93,75.9,22.22,4.71,0.81
2003-04-24,2.76,26.88,78.01,22.43,4.79,0.81
2003-04-25,0.32,26.42,74.05,23.28,5.32,0.8
2003-04-26,0.52,26.16,74.07,20.43,4.78,0.8
2003-04-27,1.05,25.96,73.78,21.02,4.29,0.79
2003-04-28,0.0,26.2,71.86,22.13,4.26,0.79
2003-04-29,0.76,26.23,74.16,19.48,5.12,0.78
2003-04-30,0.83,26.37,78.1,21.81,5.44,0.78
2003-05-01,0.31,26.65,76.2,21.6,5.75,0.77
2003-05-02,0.97,26.92,76.85,20.74,5.61,0.76
2003-05-03,3.17,26.9,81.05,17.66,6.03,0.76
2003-05-04,4.33,27.0,81.35,20.35,6.34,0.77
2003-05-05,2.63,26.46,81.37,14.69,5.78,0.77
2003-05-06,7.8,26.66,82.47,16.7,5.69,0.77
2003-05-07,2.41,26.49,84.48,21.07,6.93,0.78
2003-05-08,0.16,26.53,78.6,20.33,5.24,0.77
2003-05-09,0.2,26.55,79.26,18.83,5.44,0.77
2003-05-10,0.0,26.01,75.64,21.38,5.37,0.76
2003-05-11,3.32,25.77,75.08,20.86,4.35,0.76
2003-05-12,0.57,25.53,72.78,19.9,3.84,0.76
2003-05-13,0.0,25.65,74.16,19.75,3.62,0.75
2003-05-14,0.0,25.46,74.1,19.69,3.3,0.74
2003-05-15,0.0,25.62,69.39,19.97,3.15,0.74
2003-05-16,0.0,25.61,72.22,19.04,3.25,0.73
2003-05-17,0.05,25.54,70.24,16.17,2.31,0.73
2003-05-18,0.21,25.6,70.04,20.82,1.93,0.72
2003-05-19,0.56,25.98,72.63,20.6,2.13,0.72
2003-05-20,0.06,26.63,70.72,19.16,2.35,0.71
2003-05-21,1.07,26.68,76.71,18.89,3.57,0.71
2003-05-22,0.88,26.41,75.61,17.14,4.67,0.71
2003-05-23,0.51,26.4,75.13,18.68,5.09,0.7
2003-05-24,0.05,26.14,73.77,20.52,5.58,0.7
2003-05-25,0.0,26.26,69.63,20.86,5.53,0.69
2003-05-26,0.0,25.95,67.45,20.53,6.53,0.69
2003-05-27,0.0,25.43,66.41,20.74,5.46,0.68
2003-05-28,0.0,25.17,65.71,20.06,6.11,0.68
2003-05-29,0.0,24.96,63.3,20.48,4.95,0.68
2003-05-30,0.0,24.88,66.84,20.52,3.77,0.67
2003-05-31,0.01,25.6,73.01,19.18,4.34,0.67
2003-06-01,0.28,25.98,74.02,18.75,5.36,0.67
2003-06-02,0.06,26.45,74.25,18.57,4.79,0.66
2003-06-03,0.46,26.61,76.91,19.17,5.47,0.66
2003-06-04,0.65,26.4,76.37,19.52,5.14,0.66
2003-06-05,0.58,26.25,77.15,19.19,5.34,0.66
2003-06-06,0.53,26.13,73.42,19.04,5.0,0.65
2003-06-07,0.09,25.52,68.98,20.04,6.05,0.65
2003-06-08,0.0,25.1,65.22,20.11,5.57,0.65
2003-06-09,0.11,25.48,72.97,19.4,6.05,0.65
2003-06-10,1.55,25.98,72.61,15.92,5.67,0.64
2003-06-11,0.99,26.14,71.53,17.4,6.49,0.64
2003-06-12,0.19,25.87,69.07,20.14,5.97,0.64
2003-06-13,0.0,25.05,67.89,18.62,5.87,0.64
2003-06-14,1.11,25.55,71.61,15.33,5.75,0.64
2003-06-15,2.33,25.13,75.55,16.26,6.11,0.64
2003-06-16,5.95,25.39,80.49,12.53,7.51,0.65
2003-06-17,3.76,25.46,83.35,15.02,7.52,0.65
2003-06-18,2.58,25.54,81.52,12.36,7.51,0.66
2003-06-19,0.28,25.29,79.29,16.28,6.89,0.65
2003-06-20,0.29,25.48,77.68,17.93,6.12,0.65
2003-06-21,4.94,25.28,80.81,15.37,5.31,0.66
2003-06-22,0.38,25.52,78.77,18.15,5.75,0.65
2003-06-23,0.0,25.31,76.77,18.6,5.5,0.65
2003-06-24,0.0,24.95,72.93,18.96,5.97,0.65
2003-06-25,0.0,24.77,70.52,19.56,5.45,0.64
2003-06-26,0.0,24.82,70.93,18.46,4.94,0.64
2003-06-27,0.0,24.68,69.35,19.37,4.11,0.64
2003-06-28,0.0,23.58,71.54,20.56,4.69,0.63
2003-06-29,0.0,23.89,68.48,20.08,3.42,0.63
2003-06-30,0.0,23.77,69.12,20.35,3.7,0.63
2003-07-01,0.0,23.83,70.2,20.0,4.61,0.63
2003-07-02,0.0,24.51,66.06,19.92,4.75,0.62
2003-07-03,0.0,24.4,67.87,20.22,5.36,0.62
2003-07-04,0.0,24.21,70.55,18.5,4.44,0.62
2003-07-05,0.0,24.36,68.02,19.84,4.18,0.62
2003-07-06,4.54,24.82,74.18,12.93,5.61,0.62
2003-07-07,0.0,25.26,69.74,18.0,5.88,0.62
2003-07-08,0.03,24.89,70.95,16.98,6.85,0.62
2003-07-09,0.19,24.31,76.86,16.84,6.04,0.62
2003-07-10,1.08,24.73,75.37,15.58,6.02,0.62
2003-07-11,0.0,24.92,71.95,19.43,5.49,0.61
2003-07-12,0.0,24.4,71.31,20.65,6.25,0.61
2003-07-13,0.0,24.32,70.22,21.09,5.11,0.61
2003-07-14,0.97,24.68,71.61,18.28,5.35,0.61
2003-07-15,0.01,24.75,68.64,16.34,5.61,0.61
2003-07-16,0.0,24.45,64.22,19.87,5.49,0.6
2003-07-17,0.0,24.23,63.44,20.5,5.12,0.6
2003-07-18,1.2,24.63,64.76,17.79,4.55,0.6
2003-07-19,1.82,24.93,73.57,13.21,5.6,0.6
2003-07-20,0.3,24.98,69.5,19.75,5.53,0.6
2003-07-21,1.01,25.1,72.8,12.38,6.08,0.6
2003-07-22,0.81,25.67,74.68,14.69,6.0,0.6
2003-07-23,0.39,25.6,73.73,17.95,6.38,0.6
2003-07-24,0.35,25.49,74.68,14.52,6.69,0.6
2003-07-25,0.84,25.54,73.28,16.73,6.04,0.6
2003-07-26,0.01,25.76,72.65,19.53,5.7,0.6
2003-07-27,0.0,25.4,65.82,20.65,6.01,0.6
2003-07-28,0.0,25.09,65.01,20.84,4.86,0.6
2003-07-29,0.0,24.99,65.42,20.32,5.11,0.6
2003-07-30,0.11,25.4,66.38,19.1,5.19,0.6
2003-07-31,0.34,25.39,65.99,18.18,5.08,0.6
2003-08-01,0.31,25.07,62.68,19.66,6.62,0.6
2003-08-02,0.0,24.44,59.62,20.92,6.52,0.6
2003-08-03,0.0,24.98,61.86,20.94,4.48,0.6
2003-08-04,1.45,25.39,65.85,19.44,4.9,0.6
2003-08-05,0.07,25.29,65.87,19.85,4.13,0.6
2003-08-06,0.05,25.57,67.06,20.67,4.46,0.6
2003-08-07,0.0,25.94,69.02,20.77,5.11,0.6
2003-08-08,0.12,26.13,68.34,19.63,5.44,0.6
2003-08-09,0.0,26.25,65.02,19.33,4.3,0.6
2003-08-10,0.28,25.79,63.33,18.6,3.83,0.6
2003-08-11,0.13,25.91,63.94,20.37,2.0,0.6
2003-08-12,1.19,26.14,63.86,17.75,4.51,0.6
2003-08-13,0.09,26.04,66.14,14.96,4.65,0.6
2003-08-14,0.37,25.8,68.53,18.88,5.08,0.6
2003-08-15,1.18,26.51,68.12,18.5,4.48,0.6
2003-08-16,0.04,26.83,66.24,22.4,5.0,0.6
2003-08-17,0.0,26.51,66.67,22.54,5.6,0.6
2003-08-18,0.0,26.63,65.48,21.29,5.64,0.6
2003-08-19,0.0,26.77,62.38,22.14,4.6,0.6
2003-08-20,0.0,26.34,63.49,22.47,4.76,0.6
2003-08-21,0.33,26.72,65.95,19.5,3.48,0.6
2003-08-22,0.06,26.39,62.84,22.21,4.28,0.6
2003-08-23,1.31,25.64,60.14,20.16,4.28,0.6
2003-08-24,0.81,25.51,58.2,18.46,3.64,0.6
2003-08-25,0.01,25.35,59.55,21.72,3.47,0.6
2003-08-26,0.0,25.56,63.88,21.7,4.69,0.6
2003-08-27,0.9,25.86,68.62,20.95,5.6,0.6
2003-08-28,1.24,26.37,69.15,22.68,6.46,0.6
2003-08-29,0.08,26.54,62.9,23.08,5.89,0.6
2003-08-30,0.0,25.63,59.99,24.16,5.73,0.6
2003-08-31,0.0,25.65,61.66,21.13,4.64,0.6
2003-09-01,0.29,26.21,62.34,23.59,4.88,0.6
2003-09-02,1.63,26.26,68.74,22.77,5.69,0.6
2003-09-03,0.52,26.53,67.94,22.67,6.61,0.6
2003-09-04,0.04,26.1,61.88,21.13,6.48,0.6
2003-09-05,0.0,25.73,53.72,24.66,4.99,0.6
2003-09-06,0.0,25.04,55.98,24.81,3.86,0.6
2003-09-07,0.0,25.18,60.04,22.87,3.57,0.6
2003-09-08,0.32,26.27,64.01,17.64,4.18,0.6
2003-09-09,0.59,26.53,67.37,15.73,4.82,0.6
2003-09-10,0.18,27.0,66.74,21.5,4.64,0.6
2003-09-11,0.04,26.79,66.28,22.15,4.68,0.6
2003-09-12,0.13,26.79,65.48,22.63,5.24,0.6
2003-09-13,0.51,26.77,65.84,22.81,3.48,0.6
2003-09-14,0.42,26.99,64.8,17.74,3.66,0.6
2003-09-15,0.01,27.31,64.95,21.14,2.89,0.6
2003-09-16,0.97,27.62,63.65,22.44,3.06,0.6
2003-09-17,0.0,27.9,62.32,19.24,2.97,0.6
2003-09-18,0.03,27.96,62.72,21.57,3.45,0.6
2003-09-19,0.0,27.69,62.56,23.46,4.32,0.59
2003-09-20,0.88,27.89,64.23,24.26,4.82,0.6
2003-09-21,0.03,27.85,63.81,24.84,5.13,0.6
2003-09-22,0.23,27.66,62.21,23.87,4.32,0.6
2003-09-23,2.1,27.77,62.03,21.98,4.08,0.6
2003-09-24,0.0,28.36,58.4,24.38,4.15,0.6
2003-09-25,0.0,28.33,57.65,24.61,4.43,0.6
2003-09-26,0.0,28.72,56.33,25.27,3.29,0.6
2003-09-27,0.0,29.06,56.93,25.79,3.2,0.6
2003-09-28,0.04,29.21,59.1,24.89,4.42,0.59
2003-09-29,0.01,28.69,60.8,23.36,5.37,0.59
2003-09-30,0.0,29.05,60.05,20.03,3.4,0.59
2003-10-01,0.72,28.49,64.65,18.27,4.31,0.59
2003-10-02,0.1,28.49,63.73,24.04,4.86,0.59
2003-10-03,0.13,28.76,59.95,24.92,3.69,0.59
2003-10-04,0.05,28.79,58.61,23.98,4.01,0.59
2003-10-05,0.03,29.24,59.58,20.96,3.34,0.59
2003-10-06,0.04,28.94,61.46,20.31,3.88,0.59
2003-10-07,0.07,28.95,59.9,23.28,3.93,0.59
2003-10-08,1.61,28.86,60.5,24.43,3.22,0.59
2003-10-09,1.71,29.11,60.69,22.87,4.18,0.6
2003-10-10,0.37,28.34,58.72,24.98,5.14,0.6
2003-10-11,0.0,28.15,54.17,26.33,4.69,0.6
2003-10-12,0.01,28.42,54.05,25.62,5.33,0.6
2003-10-13,0.91,28.69,57.48,23.23,3.03,0.6
2003-10-14,0.31,28.77,57.39,22.65,4.66,0.6
2003-10-15,0.0,28.36,57.26,24.42,4.24,0.6
2003-10-16,0.0,29.01,53.77,23.63,3.94,0.6
2003-10-17,0.0,29.39,53.19,23.17,3.72,0.6
2003-10-18,0.0,29.35,55.07,26.36,4.23,0.59
2003-10-19,0.0,29.04,56.06,26.65,4.78,0.59
2003-10-20,0.0,29.79,53.26,26.78,3.66,0.59
2003-10-21,0.0,30.18,55.36,26.49,2.6,0.59
2003-10-22,0.02,30.36,54.94,24.48,3.07,0.59
2003-10-23,0.44,30.64,53.47,25.5,2.44,0.59
2003-10-24,0.01,30.15,53.63,26.56,2.91,0.59
2003-10-25,0.25,29.5,52.43,27.64,4.5,0.59
2003-10-26,0.03,29.65,53.53,25.51,4.5,0.59
2003-10-27,0.06,29.07,54.84,25.25,4.45,0.59
2003-10-28,0.32,28.92,59.24,23.69,3.83,0.59
2003-10-29,0.18,29.43,56.73,25.44,2.99,0.59
2003-10-30,0.91,29.73,55.65,24.86,2.08,0.59
2003-10-31,0.01,29.35,56.95,23.89,2.6,0.59
2003-11-01,0.18,29.36,59.21,24.79,3.48,0.59
2003-11-02,0.0,29.54,54.77,25.69,3.9,0.59
2003-11-03,0.01,29.89,55.52,25.82,4.08,0.59
2003-11-04,0.22,30.03,57.52,25.34,3.11,0.59
2003-11-05,0.69,30.19,57.39,25.3,4.39,0.59
2003-11-06,1.81,29.88,58.57,25.32,5.13,0.6
2003-11-07,3.91,29.5,65.06,24.0,4.06,0.6
2003-11-08,0.38,30.34,59.05,23.46,2.14,0.6
2003-11-09,0.01,31.34,52.41,24.61,1.33,0.6
2003-11-10,1.35,30.14,59.17,25.05,2.11,0.6
2003-11-11,1.21,30.2,59.47,24.65,2.96,0.6
2003-11-12,2.32,29.81,61.63,19.5,4.13,0.6
2003-11-13,1.58,29.75,61.12,24.86,3.82,0.6
2003-11-14,7.21,29.31,64.41,23.6,3.0,0.61
2003-11-15,8.31,28.49,69.53,24.53,2.44,0.62
2003-11-16,4.97,28.63,69.52,18.23,2.18,0.63
2003-11-17,2.77,28.03,74.43,24.34,2.12,0.63
2003-11-18,5.0,27.89,74.51,23.3,1.92,0.63
2003-11-19,6.95,28.16,74.44,17.11,3.92,0.64
2003-11-20,6.81,27.92,74.79,18.21,3.38,0.65
2003-11-21,1.96,28.14,72.03,23.47,3.13,0.65
2003-11-22,6.72,28.53,70.42,24.72,1.69,0.65
2003-11-23,4.82,28.39,69.88,23.91,2.04,0.65
2003-11-24,3.04,28.43,70.28,25.06,1.63,0.65
2003-11-25,2.71,28.67,70.51,22.97,1.11,0.65
2003-11-26,2.85,28.42,70.63,25.5,1.63,0.65
2003-11-27,6.91,28.69,68.84,20.91,1.55,0.66
2003-11-28,1.36,28.19,71.62,24.18,3.98,0.66
2003-11-29,1.1,28.63,69.36,24.15,4.73,0.66
2003-11-30,3.79,28.55,71.73,24.52,4.75,0.66
2003-12-01,4.34,27.69,76.36,25.12,4.09,0.66
2003-12-02,0.96,29.24,66.25,25.55,1.24,0.66
2003-12-03,2.93,29.21,69.47,23.14,1.39,0.65
2003-12-04,1.74,28.08,73.82,23.26,1.35,0.66
2003-12-05,5.68,28.61,72.09,20.36,2.18,0.66
2003-12-06,11.22,28.44,73.95,20.28,2.35,0.67
2003-12-07,2.63,28.78,69.56,20.67,2.1,0.67
2003-12-08,4.53,28.11,73.22,23.6,0.95,0.68
2003-12-09,6.52,28.21,75.74,22.54,1.46,0.68
2003-12-10,6.24,27.79,78.1,18.85,1.24,0.69
2003-12-11,4.18,28.75,73.37,20.07,1.1,0.7
2003-12-12,2.95,29.42,69.67,25.08,1.59,0.69
2003-12-13,5.04,29.01,71.89,18.35,1.67,0.7
2003-12-14,10.65,27.18,79.41,16.21,2.48,0.7
2003-12-15,11.44,27.33,77.34,14.19,3.15,0.72
2003-12-16,7.58,26.87,80.65,22.29,1.75,0.73
2003-12-17,8.86,27.45,78.3,22.03,1.47,0.74
2003-12-18,16.71,26.41,88.2,18.74,4.91,0.77
2003-12-19,16.41,26.26,87.24,15.35,5.21,0.79
2003-12-20,19.83,26.4,81.29,14.72,7.29,0.82
2003-12-21,10.53,26.51,80.43,16.36,6.66,0.83
2003-12-22,7.02,26.77,75.97,20.93,7.09,0.83
2003-12-23,1.34,26.69,72.14,23.22,6.42,0.83
2003-12-24,0.6,27.04,73.8,18.93,6.95,0.82
2003-12-25,1.36,27.1,77.49,17.74,6.68,0.81
2003-12-26,11.98,27.23,79.52,22.65,5.99,0.81
2003-12-27,12.81,26.41,83.79,19.62,4.89,0.83
2003-12-28,13.26,26.53,82.93,16.84,4.72,0.85
2003-12-29,13.59,26.24,84.46,22.53,3.7,0.86
2003-12-30,0.76,26.82,76.81,22.63,3.76,0.86
2003-12-31,0.06,27.04,76.83,23.09,4.99,0.85
2004-01-01,0.55,27.0,78.62,22.25,6.26,0.84
2004-01-02,2.1,27.05,78.02,24.19,6.13,0.84
2004-01-03,2.82,26.88,80.81,21.73,5.02,0.83
2004-01-04,1.86,27.27,79.36,22.34,3.08,0.83
2004-01-05,0.97,26.51,82.21,24.19,2.65,0.83
2004-01-06,3.79,27.22,77.98,22.89,4.11,0.83
2004-01-07,1.98,27.08,78.51,22.78,3.34,0.82
2004-01-08,6.15,25.99,84.82,23.49,2.88,0.82
2004-01-09,4.47,25.61,85.65,21.29,2.42,0.83
2004-01-10,2.52,26.62,77.28,23.23,2.7,0.83
2004-01-11,1.94,26.78,80.21,23.17,3.44,0.83
2004-01-12,4.22,27.02,76.99,23.65,3.97,0.82
2004-01-13,0.52,27.0,72.2,25.91,3.72,0.82
2004-01-14,0.16,27.17,74.4,25.49,3.54,0.81
2004-01-15,0.18,27.79,71.6,25.38,2.43,0.8
2004-01-16,0.08,28.3,70.96,25.32,2.46,0.79
2004-01-17,0.12,28.41,70.42,26.18,1.42,0.78
2004-01-18,0.1,28.39,69.58,25.62,3.08,0.78
2004-01-19,4.01,28.05,72.16,23.83,2.65,0.77
2004-01-20,1.88,28.31,67.71,25.29,1.92,0.77
2004-01-21,2.93,28.23,67.67,24.44,1.19,0.76
2004-01-22,1.43,27.97,73.48,26.02,1.19,0.76
2004-01-23,2.12,28.57,69.3,26.07,0.97,0.76
2004-01-24,1.51,27.53,80.04,23.94,1.09,0.76
2004-01-25,0.95,27.92,76.17,23.19,1.97,0.76
2004-01-26,2.52,27.95,75.03,23.5,1.59,0.75
2004-01-27,5.89,26.64,79.16,21.99,2.51,0.76
2004-01-28,5.63,27.47,79.1,21.93,1.66,0.76
2004-01-29,6.68,27.24,82.29,23.42,1.87,0.77
2004-01-30,10.7,26.79,84.87,22.52,3.01,0.78
2004-01-31,11.07,26.43,85.6,20.78,3.78,0.79
2004-02-01,10.3,26.07,86.83,22.12,4.81,0.8
2004-02-02,8.37,26.41,85.76,16.56,5.08,0.81
2004-02-03,25.98,25.9,86.86,18.14,5.32,0.84
2004-02-04,20.6,25.35,87.78,15.13,7.1,0.87
2004-02-05,9.43,26.05,83.22,18.46,5.77,0.88
2004-02-06,8.7,25.72,84.82,18.54,5.66,0.89
2004-02-07,8.29,25.64,85.43,18.71,4.46,0.89
2004-02-08,8.38,25.7,83.36,18.64,6.35,0.9
2004-02-09,6.59,26.02,81.71,21.72,7.79,0.9
2004-02-10,1.15,25.98,80.29,19.93,8.99,0.9
2004-02-11,0.66,26.22,79.63,20.08,8.09,0.89
2004-02-12,1.88,26.67,83.22,23.7,6.66,0.88
2004-02-13,3.9,26.85,83.37,14.96,6.14,0.88
2004-02-14,5.6,26.27,83.09,19.67,5.38,0.88
2004-02-15,4.04,26.18,85.69,18.41,4.39,0.88
2004-02-16,6.27,25.72,85.9,17.82,4.35,0.88
2004-02-17,12.83,25.83,86.62,14.38,2.82,0.89
2004-02-18,7.89,25.43,87.58,14.21,3.07,0.91
2004-02-19,4.72,26.32,82.63,23.34,1.78,0.91
2004-02-20,12.45,26.59,84.31,23.19,2.11,0.91
2004-02-21,4.28,26.44,83.36,24.69,2.59,0.92
2004-02-22,0.76,26.83,79.76,25.26,3.31,0.91
2004-02-23,0.23,27.12,79.22,25.89,2.83,0.9
2004-02-24,0.48,26.95,79.85,24.5,2.09,0.9
2004-02-25,8.08,26.92,81.45,19.94,2.66,0.9
2004-02-26,1.82,26.17,84.51,23.71,3.51,0.9
2004-02-27,14.62,26.2,85.73,21.35,3.4,0.9
2004-02-28,7.04,26.33,86.64,20.93,3.83,0.92
2004-02-29,8.3,25.86,90.13,23.42,3.04,0.92
2004-03-01,8.29,26.27,86.02,18.01,2.76,0.93
2004-03-02,13.65,26.2,85.76,21.29,2.95,0.94
2004-03-03,6.51,26.4,82.97,20.01,2.35,0.95
2004-03-04,1.26,26.79,77.82,24.37,3.31,0.94
2004-03-05,0.94,26.84,78.04,25.26,3.63,0.93
2004-03-06,3.31,26.53,80.95,24.41,3.54,0.93
2004-03-07,1.27,27.09,80.41,24.67,2.4,0.92
2004-03-08,4.39,26.99,84.39,21.1,2.35,0.92
2004-03-09,11.07,26.48,85.81,24.14,3.21,0.93
2004-03-10,6.44,27.37,79.55,22.96,2.17,0.93
2004-03-11,7.8,27.43,79.76,11.2,1.65,0.93
2004-03-12,13.48,26.75,86.44,20.63,1.29,0.94
2004-03-13,14.44,25.88,90.44,16.19,2.6,0.96
2004-03-14,18.2,25.99,86.03,16.48,2.69,0.97
2004-03-15,10.79,26.03,85.38,13.17,3.61,0.98
2004-03-16,14.61,25.69,87.86,17.04,4.22,0.99
2004-03-17,13.12,26.34,86.01,20.32,4.58,0.99
2004-03-18,14.87,26.49,85.48,18.11,6.82,0.99
2004-03-19,26.74,26.2,87.72,7.78,7.39,0.99
2004-03-20,12.92,26.59,85.63,15.37,7.2,0.98
2004-03-21,3.71,26.79,82.74,13.69,8.29,0.98
2004-03-22,7.98,26.85,83.58,19.45,8.54,0.98
2004-03-23,11.1,26.61,86.44,18.0,8.13,0.98
2004-03-24,6.04,26.25,81.89,18.37,5.83,0.98
2004-03-25,2.88,26.46,85.49,24.08,4.38,0.97
2004-03-26,2.18,26.76,81.98,24.25,3.36,0.97
2004-03-27,1.83,26.96,79.73,24.2,2.41,0.96
2004-03-28,0.44,27.05,74.36,24.12,1.17,0.95
2004-03-29,0.93,27.22,78.12,22.82,1.1,0.95
2004-03-30,0.96,26.79,82.3,22.43,1.73,0.94
2004-03-31,0.16,26.44,82.97,24.22,3.99,0.94
2004-04-01,2.02,26.27,83.54,22.91,3.34,0.93
2004-04-02,1.95,26.16,81.73,22.23,4.29,0.93
2004-04-03,0.68,26.34,79.65,23.52,3.67,0.92
2004-04-04,1.69,26.71,76.96,23.83,4.32,0.91
2004-04-05,1.08,26.72,75.08,23.62,3.81,0.91
2004-04-06,3.06,26.49,79.22,21.52,3.86,0.9
2004-04-07,0.92,26.75,78.8,24.19,4.48,0.89
2004-04-08,0.12,26.65,75.23,24.22,3.64,0.89
2004-04-09,0.75,26.56,76.85,21.9,3.49,0.88
2004-04-10,0.89,26.66,78.19,21.72,4.12,0.87
2004-04-11,0.81,26.79,79.11,21.63,4.94,0.86
2004-04-12,0.4,26.86,77.43,22.71,4.91,0.85
2004-04-13,0.51,26.88,78.86,23.28,4.86,0.85
2004-04-14,0.17,27.03,78.31,22.73,5.43,0.84
2004-04-15,0.34,26.84,78.98,21.86,5.23,0.83
2004-04-16,3.11,26.93,78.82,20.71,5.07,0.83
2004-04-17,0.57,26.76,73.45,20.52,5.12,0.82
2004-04-18,0.19,26.16,71.26,23.73,4.62,0.82
2004-04-19,0.14,26.52,72.81,21.96,4.19,0.81
2004-04-20,0.44,26.98,73.25,20.24,3.85,0.8
2004-04-21,0.26,27.01,75.1,18.78,4.0,0.79
2004-04-22,0.05,26.85,75.26,21.07,4.76,0.79
2004-04-23,0.16,26.71,77.03,22.63,4.89,0.78
2004-04-24,3.32,27.0,78.33,22.0,5.43,0.78
2004-04-25,1.04,26.66,74.87,22.0,6.26,0.78
2004-04-26,0.37,26.68,74.63,20.07,4.87,0.77
2004-04-27,0.16,26.85,73.54,19.8,5.09,0.76
2004-04-28,0.59,26.8,75.04,20.9,5.08,0.76
2004-04-29,0.99,27.06,74.72,18.52,4.08,0.75
2004-04-30,0.59,26.93,73.58,20.78,4.41,0.75
2004-05-01,2.11,26.97,74.78,15.64,4.68,0.74
2004-05-02,0.0,26.75,70.27,21.46,5.79,0.74
2004-05-03,0.18,26.56,70.78,18.97,5.17,0.73
2004-05-04,0.94,26.72,73.84,14.19,4.89,0.73
2004-05-05,3.01,26.98,77.75,19.88,4.74,0.73
2004-05-06,0.7,27.56,78.28,20.32,4.32,0.72
2004-05-07,2.47,27.65,80.11,19.78,4.5,0.72
2004-05-08,2.17,27.36,79.77,17.83,4.91,0.72
2004-05-09,2.78,27.04,77.96,17.65,5.02,0.72
2004-05-10,0.38,27.01,74.94,20.16,3.38,0.72
2004-05-11,0.02,27.12,72.83,20.81,4.06,0.71
2004-05-12,1.62,26.91,68.61,21.13,2.82,0.71
2004-05-13,2.25,26.71,69.39,20.74,1.96,0.71
2004-05-14,0.0,27.08,68.94,19.85,2.22,0.7
2004-05-15,0.0,27.35,67.37,20.6,2.0,0.7
2004-05-16,0.02,27.61,66.08,21.07,1.12,0.69
2004-05-17,0.01,27.38,69.58,21.0,2.64,0.69
2004-05-18,0.07,26.88,71.38,19.47,3.55,0.68
2004-05-19,2.12,27.22,78.31,16.3,4.72,0.68
2004-05-20,1.82,26.75,81.13,16.59,4.72,0.68
2004-05-21,2.83,27.08,80.01,19.49,1.83,0.68
2004-05-22,0.53,27.56,77.22,19.71,2.08,0.68
2004-05-23,0.05,27.88,73.39,20.03,1.56,0.68
2004-05-24,0.06,27.8,69.11,19.32,3.0,0.67
2004-05-25,0.01,27.29,69.58,20.32,3.28,0.67
2004-05-26,0.37,27.09,73.01,18.61,3.61,0.66
2004-05-27,1.56,26.86,75.69,15.16,3.75,0.66
2004-05-28,6.96,26.19,78.73,14.1,4.81,0.67
2004-05-29,1.35,25.81,74.23,13.29,4.25,0.67
2004-05-30,4.29,25.51,75.84,12.14,2.5,0.68
2004-05-31,5.3,25.57,77.53,13.67,3.29,0.68
2004-06-01,0.25,25.6,71.56,18.46,3.82,0.68
2004-06-02,0.42,25.59,71.53,14.09,2.01,0.68
2004-06-03,1.21,26.05,73.59,16.46,2.23,0.67
2004-06-04,0.35,26.56,73.8,18.39,3.26,0.67
2004-06-05,2.21,26.53,79.52,18.53,4.46,0.67
2004-06-06,4.91,26.8,76.47,16.07,6.37,0.67
2004-06-07,0.08,26.27,74.58,19.56,6.72,0.67
2004-06-08,2.05,26.07,73.63,19.23,7.17,0.67
2004-06-09,0.33,25.79,73.86,19.1,6.56,0.67
2004-06-10,1.15,25.83,73.75,16.89,5.67,0.67
2004-06-11,0.09,25.25,72.18,16.33,6.5,0.66
2004-06-12,1.33,25.04,69.02,18.8,5.61,0.66
2004-06-13,0.0,24.74,62.62,19.76,6.19,0.66
2004-06-14,0.85,24.76,67.03,19.52,6.46,0.66
2004-06-15,1.71,25.18,69.41,18.29,6.62,0.66
2004-06-16,0.02,24.85,57.92,19.04,6.74,0.66
2004-06-17,1.15,25.03,68.58,18.39,5.67,0.65
2004-06-18,1.06,25.08,70.35,16.19,4.95,0.65
2004-06-19,1.23,24.51,71.22,18.75,4.8,0.65
2004-06-20,0.07,24.19,67.15,18.16,5.43,0.65
2004-06-21,0.37,24.39,69.63,18.14,6.16,0.65
2004-06-22,1.47,24.43,71.02,16.16,5.82,0.65
2004-06-23,0.44,23.97,71.09,18.71,5.85,0.65
2004-06-24,0.51,24.0,68.63,18.15,5.75,0.64
2004-06-25,0.34,24.22,70.16,19.27,5.67,0.64
2004-06-26,0.27,24.04,64.2,18.51,5.74,0.64
2004-06-27,0.55,24.34,63.11,15.81,5.32,0.64
2004-06-28,2.42,23.92,67.05,15.46,5.07,0.64
2004-06-29,0.28,23.93,70.48,18.18,4.14,0.64
2004-06-30,0.75,24.0,75.13,18.07,5.6,0.64
2004-07-01,0.63,24.51,75.45,17.86,4.58,0.63
2004-07-02,0.06,25.33,76.26,18.32,3.23,0.63
2004-07-03,0.0,25.63,76.35,18.94,3.52,0.63
2004-07-04,0.0,25.74,75.78,18.86,4.08,0.63
2004-07-05,0.0,25.54,75.31,19.66,5.31,0.62
2004-07-06,0.15,25.02,74.4,19.62,6.12,0.62
2004-07-07,0.12,24.59,75.68,19.52,5.0,0.62
2004-07-08,1.08,24.88,76.64,12.35,5.99,0.62
2004-07-09,0.09,25.12,70.92,19.94,5.43,0.62
2004-07-10,0.0,24.71,68.9,19.83,5.29,0.61
2004-07-11,0.01,24.75,69.02,17.97,4.33,0.61
2004-07-12,0.07,25.4,74.23,14.13,4.59,0.61
2004-07-13,0.51,25.05,75.87,18.69,5.94,0.61
2004-07-14,0.17,24.76,73.86,18.47,6.24,0.61
2004-07-15,0.86,25.1,76.55,16.72,6.94,0.61
2004-07-16,1.02,24.74,72.44,19.59,7.46,0.61
2004-07-17,0.28,24.22,73.36,18.36,7.26,0.6
2004-07-18,0.0,24.42,69.87,18.76,7.62,0.6
2004-07-19,0.09,24.28,69.76,17.76,7.73,0.6
2004-07-20,0.04,23.88,71.38,18.94,7.02,0.6
2004-07-21,0.1,24.23,70.75,17.24,6.49,0.6
2004-07-22,0.75,24.06,71.87,19.31,6.11,0.6
2004-07-23,0.0,24.28,69.94,20.19,6.27,0.6
2004-07-24,0.0,24.68,64.96,20.59,4.76,0.6
2004-07-25,0.01,24.13,66.02,18.85,5.45,0.6
2004-07-26,0.07,23.74,65.67,20.46,6.02,0.6
2004-07-27,2.16,24.2,71.38,21.03,4.27,0.6
2004-07-28,0.0,24.9,69.56,19.5,4.29,0.6
2004-07-29,0.0,24.05,69.91,20.59,4.88,0.6
2004-07-30,0.16,24.6,68.13,20.9,5.21,0.6
2004-07-31,0.09,24.88,66.57,19.58,5.81,0.6
2004-08-01,0.02,25.09,65.54,19.32,5.38,0.6
2004-08-02,0.05,25.23,66.66,19.17,4.71,0.6
2004-08-03,0.01,25.51,63.38,21.61,3.76,0.6
2004-08-04,0.01,25.56,62.84,19.08,3.52,0.6
2004-08-05,0.0,25.31,61.26,21.17,2.99,0.6
2004-08-06,0.0,25.39,62.79,21.5,4.09,0.6
2004-08-07,0.03,25.38,63.67,19.75,3.32,0.6
2004-08-08,0.26,25.25,67.66,19.93,4.81,0.6
2004-08-09,0.07,25.6,63.52,21.65,4.36,0.6
2004-08-10,0.0,25.41,60.17,22.6,4.44,0.59
2004-08-11,0.0,25.43,63.32,22.48,4.98,0.59
2004-08-12,0.47,25.33,66.74,21.7,5.46,0.6
2004-08-13,0.0,24.87,64.9,17.81,5.58,0.6
2004-08-14,0.01,24.84,59.05,21.56,5.06,0.59
2004-08-15,1.25,24.51,61.47,17.03,4.78,0.6
2004-08-16,1.56,24.4,63.15,20.47,4.93,0.6
2004-08-17,0.0,24.83,60.63,18.68,3.98,0.6
2004-08-18,0.0,24.98,62.76,21.65,4.52,0.6
2004-08-19,0.0,25.19,61.38,22.42,4.52,0.6
2004-08-20,0.35,24.96,62.88,23.11,4.36,0.6
2004-08-21,0.0,25.16,63.21,22.52,5.81,0.6
2004-08-22,0.0,25.04,60.17,23.04,6.31,0.6
2004-08-23,0.0,25.21,59.89,23.08,4.83,0.6
2004-08-24,0.0,25.65,63.23,22.92,3.76,0.6
2004-08-25,0.0,25.71,62.31,22.19,4.08,0.6
2004-08-26,0.08,25.38,65.84,21.99,4.99,0.59
2004-08-27,0.0,25.74,64.22,21.57,3.71,0.59
2004-08-28,0.0,26.13,62.88,22.99,4.17,0.59
2004-08-29,0.03,26.33,62.9,21.01,4.37,0.59
2004-08-30,0.3,26.02,63.07,22.23,4.87,0.59
2004-08-31,0.23,26.21,63.51,20.75,4.92,0.59
2004-09-01,0.44,25.98,59.64,22.39,5.17,0.59
2004-09-02,0.0,26.07,62.15,20.67,4.6,0.59
2004-09-03,0.63,26.29,64.67,23.37,4.62,0.6
2004-09-04,0.01,26.48,64.06,23.62,4.12,0.6
2004-09-05,0.0,26.73,58.84,23.69,4.09,0.59
2004-09-06,0.0,26.17,54.43,24.87,4.74,0.59
2004-09-07,0.0,26.1,58.16,24.86,4.53,0.59
2004-09-08,0.08,26.07,63.18,22.41,4.67,0.59
2004-09-09,0.0,26.48,59.46,24.5,3.76,0.59
2004-09-10,0.0,26.62,59.54,24.42,4.13,0.59
2004-09-11,0.07,26.92,65.74,22.94,5.41,0.59
2004-09-12,1.15,26.86,66.96,24.08,7.23,0.59
2004-09-13,0.48,26.27,66.02,24.5,7.58,0.6
2004-09-14,0.07,25.71,64.0,24.66,7.58,0.6
2004-09-15,0.0,25.9,57.94,24.43,6.6,0.6
2004-09-16,0.0,26.26,61.78,24.41,5.24,0.6
2004-09-17,0.03,27.02,65.01,13.64,4.3,0.59
2004-09-18,0.3,27.49,65.82,23.83,4.89,0.59
2004-09-19,0.0,27.35,65.37,24.5,5.67,0.59
2004-09-20,0.0,27.28,63.15,25.08,6.4,0.59
2004-09-21,0.0,26.64,61.47,25.05,6.41,0.59
2004-09-22,5.11,26.42,62.57,24.26,5.78,0.6
2004-09-23,0.0,26.97,61.36,25.96,4.89,0.6
2004-09-24,0.0,26.89,58.68,26.15,5.0,0.6
2004-09-25,0.0,26.46,60.91,24.63,4.44,0.6
2004-09-26,0.0,26.94,58.98,23.36,3.8,0.6
2004-09-27,0.01,27.48,58.31,25.13,2.5,0.6
2004-09-28,0.02,28.07,58.15,23.92,3.18,0.6
2004-09-29,0.0,27.96,59.91,23.97,4.05,0.59
2004-09-30,0.0,28.01,61.38,24.61,4.48,0.59
2004-10-01,0.32,27.52,61.33,24.92,4.33,0.59
2004-10-02,0.01,27.6,61.59,24.77,2.94,0.59
2004-10-03,0.0,27.54,61.35,24.61,3.79,0.59
2004-10-04,0.04,27.6,60.19,26.08,5.33,0.59
2004-10-05,0.46,28.21,58.38,25.33,4.22,0.59
2004-10-06,0.07,28.36,59.72,22.22,3.45,0.59
2004-10-07,0.11,28.95,56.84,25.59,3.24,0.59
2004-10-08,0.0,28.98,56.24,25.79,3.07,0.59
2004-10-09,0.0,29.22,54.31,25.81,3.2,0.59
2004-10-10,2.24,29.1,53.08,25.64,4.03,0.6
2004-10-11,2.69,29.23,56.59,24.69,2.84,0.6
2004-10-12,0.0,29.02,55.47,26.0,3.22,0.6
2004-10-13,0.0,28.46,53.05,25.63,3.55,0.6
2004-10-14,0.0,28.71,53.93,26.13,2.37,0.6
2004-10-15,0.0,29.5,54.1,25.5,2.33,0.6
2004-10-16,0.0,28.73,56.69,26.77,3.6,0.59
2004-10-17,0.46,28.66,59.3,22.29,4.22,0.59
2004-10-18,0.9,28.86,59.5,16.57,4.54,0.6
2004-10-19,0.03,28.26,61.52,21.5,3.32,0.6
2004-10-20,0.03,28.8,62.71,24.93,3.71,0.59
2004-10-21,0.05,29.18,61.99,25.53,3.81,0.59
2004-10-22,0.02,29.17,60.93,23.72,3.62,0.59
2004-10-23,0.11,29.37,58.25,25.88,3.35,0.59
2004-10-24,0.11,29.2,59.75,23.12,3.22,0.59
2004-10-25,0.03,29.48,59.32,22.34,3.56,0.59
2004-10-26,1.12,28.66,63.56,25.13,4.4,0.6
2004-10-27,0.03,29.31,61.27,26.34,4.93,0.6
2004-10-28,0.43,29.43,64.3,25.66,5.55,0.6
2004-10-29,3.28,28.93,69.36,22.24,5.15,0.6
2004-10-30,0.86,29.33,63.73,25.15,4.14,0.6
2004-10-31,0.01,29.81,60.17,25.66,3.36,0.6
2004-11-01,0.09,29.53,60.92,25.77,3.91,0.6
2004-11-02,0.12,29.38,59.89,26.14,4.79,0.6
2004-11-03,0.01,29.44,56.95,25.8,3.6,0.6
2004-11-04,0.0,29.73,57.56,24.77,3.22,0.6
2004-11-05,0.0,30.18,55.59,26.44,3.14,0.59
2004-11-06,0.04,30.62,53.46,25.49,1.6,0.59
2004-11-07,1.46,29.91,58.49,23.68,2.31,0.6
2004-11-08,0.62,30.08,56.35,24.53,2.49,0.6
2004-11-09,0.57,29.87,56.29,25.27,3.25,0.6
2004-11-10,0.02,30.6,53.65,25.17,2.55,0.6
2004-11-11,1.16,29.99,61.23,23.77,3.57,0.6
2004-11-12,2.01,29.78,62.82,22.65,4.17,0.6
2004-11-13,0.3,30.47,60.01,25.55,4.34,0.6
2004-11-14,0.29,31.38,53.32,26.24,3.02,0.6
2004-11-15,0.27,31.23,51.7,25.11,2.94,0.6
2004-11-16,0.01,31.69,50.39,25.1,2.82,0.6
2004-11-17,0.58,30.94,56.0,25.99,3.57,0.6
2004-11-18,0.25,30.76,58.01,25.86,3.27,0.6
2004-11-19,0.84,31.17,56.37,25.82,3.22,0.6
2004-11-20,1.25,30.17,60.86,22.54,3.08,0.6
2004-11-21,0.75,29.25,62.99,21.72,3.82,0.6
2004-11-22,4.47,28.7,65.6,18.57,2.06,0.6
2004-11-23,2.83,28.09,71.04,20.76,2.06,0.61
2004-11-24,10.0,27.79,71.65,21.16,1.22,0.62
2004-11-25,5.51,27.17,75.86,22.62,1.55,0.63
2004-11-26,2.51,28.0,72.4,18.7,1.99,0.63
2004-11-27,6.99,27.75,74.83,21.65,2.23,0.64
2004-11-28,7.58,27.96,74.01,19.89,4.79,0.65
2004-11-29,7.32,27.3,74.54,20.22,2.94,0.66
2004-11-30,10.95,26.83,77.13,23.28,2.66,0.67
2004-12-01,2.14,26.43,79.08,23.36,2.3,0.68
2004-12-02,2.9,27.32,78.05,20.07,2.47,0.68
2004-12-03,0.21,28.2,71.2,26.42,2.4,0.68
2004-12-04,0.93,28.56,68.44,25.54,1.91,0.67
2004-12-05,0.01,29.07,61.93,26.81,1.56,0.66
2004-12-06,1.12,29.5,63.61,23.84,1.24,0.66
2004-12-07,0.95,29.72,62.33,24.45,0.84,0.65
2004-12-08,0.61,29.92,62.49,25.74,2.2,0.65
2004-12-09,0.41,28.94,66.26,25.45,3.88,0.65
2004-12-10,0.44,28.76,68.02,25.28,3.51,0.64
2004-12-11,0.38,29.16,66.37,25.06,2.44,0.64
2004-12-12,0.36,29.54,64.83,24.84,2.28,0.64
2004-12-13,1.69,29.5,64.31,24.99,1.45,0.63
2004-12-14,1.53,29.5,66.76,25.28,1.45,0.63
2004-12-15,3.39,29.93,65.44,25.15,1.71,0.63
2004-12-16,2.44,29.51,67.78,22.76,2.91,0.63
2004-12-17,5.46,28.57,72.74,24.48,1.93,0.63
2004-12-18,4.88,29.23,68.62,25.53,2.08,0.64
2004-12-19,4.47,28.55,73.83,25.91,2.09,0.64
2004-12-20,4.16,29.05,67.45,20.62,3.97,0.65
2004-12-21,14.51,28.0,74.46,11.57,2.28,0.66
2004-12-22,10.0,27.36,78.72,21.45,1.91,0.68
2004-12-23,13.02,27.0,79.81,19.32,1.94,0.69
2004-12-24,14.23,27.49,76.47,22.29,1.17,0.72
2004-12-25,9.37,25.83,81.77,22.25,3.05,0.73
2004-12-26,11.58,25.8,86.97,19.96,4.23,0.75
2004-12-27,22.68,25.75,86.62,15.05,3.42,0.77
2004-12-28,7.45,26.17,85.01,19.54,5.66,0.79
2004-12-29,9.88,26.06,86.85,19.19,5.19,0.8
2004-12-30,6.39,25.79,85.3,15.27,5.07,0.81
2004-12-31,4.36,26.32,82.35,14.78,4.9,0.81
2005-01-01,0.23,27.18,76.91,24.29,6.23,0.81
2005-01-02,0.29,27.27,74.81,23.82,5.48,0.8
2005-01-03,6.57,27.17,78.99,24.71,3.52,0.8
2005-01-04,2.49,27.54,79.45,22.0,3.22,0.8
2005-01-05,2.02,27.44,81.16,23.39,2.69,0.8
2005-01-06,1.72,27.71,77.56,24.41,2.35,0.8
2005-01-07,0.05,27.88,71.63,24.79,1.59,0.79
2005-01-08,0.08,27.7,71.81,22.96,1.76,0.78
2005-01-09,0.26,28.14,69.29,26.45,2.09,0.78
2005-01-10,0.63,28.46,66.76,25.26,1.71,0.77
2005-01-11,0.7,28.77,67.62,24.46,1.96,0.76
2005-01-12,1.28,28.27,72.66,22.88,3.25,0.75
2005-01-13,2.47,28.11,74.21,23.82,4.26,0.75
2005-01-14,2.31,28.29,73.43,17.23,5.75,0.75
2005-01-15,3.76,27.7,77.2,18.0,4.88,0.75
2005-01-16,3.31,26.92,80.19,24.21,2.79,0.75
2005-01-17,4.67,26.85,78.89,22.28,2.13,0.75
2005-01-18,5.91,26.87,79.77,8.08,2.49,0.76
2005-01-19,8.14,26.2,81.9,22.13,1.35,0.76
2005-01-20,7.63,26.1,87.48,13.87,5.09,0.78
2005-01-21,9.24,26.15,86.0,15.22,5.29,0.79
2005-01-22,4.96,26.33,82.32,20.4,3.56,0.79
2005-01-23,3.06,26.91,78.41,19.04,2.95,0.79
2005-01-24,3.79,27.29,75.52,15.86,2.3,0.79
2005-01-25,3.6,27.22,77.24,25.93,2.9,0.79
2005-01-26,1.43,27.05,81.08,25.76,2.82,0.79
2005-01-27,0.51,27.23,80.0,25.85,2.82,0.79
2005-01-28,0.85,27.34,78.91,25.88,2.63,0.78
2005-01-29,0.37,27.9,78.0,23.14,2.41,0.78
2005-01-30,1.64,27.65,78.92,24.28,2.7,0.78
2005-01-31,4.58,27.54,79.31,23.23,3.59,0.78
2005-02-01,11.53,26.95,79.49,22.1,4.88,0.79
2005-02-02,9.02,26.43,81.97,17.99,5.45,0.8
2005-02-03,9.76,25.97,81.78,21.35,6.37,0.81
2005-02-04,5.59,26.53,83.13,24.31,7.23,0.81
2005-02-05,2.28,27.05,80.74,24.33,5.9,0.82
2005-02-06,1.0,27.1,80.84,22.89,5.0,0.81
2005-02-07,0.9,27.72,76.23,25.75,4.48,0.81
2005-02-08,2.3,27.59,77.33,23.91,4.42,0.8
2005-02-09,0.88,27.26,79.73,22.87,3.78,0.8
2005-02-10,1.14,26.42,83.65,21.53,3.17,0.8
2005-02-11,8.62,26.21,85.49,22.98,3.15,0.8
2005-02-12,6.02,26.77,80.03,23.63,1.34,0.81
2005-02-13,1.92,27.61,74.89,22.9,1.41,0.81
2005-02-14,1.44,27.78,75.77,25.34,2.17,0.81
2005-02-15,0.42,28.19,72.98,22.07,3.43,0.8
2005-02-16,1.07,27.26,80.06,25.61,2.62,0.79
2005-02-17,1.87,28.16,75.01,25.78,2.44,0.79
2005-02-18,0.39,28.9,66.13,26.69,2.16,0.79
2005-02-19,0.46,28.89,65.55,26.76,1.58,0.78
2005-02-20,0.77,28.91,67.57,24.34,1.53,0.77
2005-02-21,2.67,28.53,69.38,23.97,1.41,0.76
2005-02-22,1.71,28.95,67.36,23.68,1.17,0.76
2005-02-23,2.87,28.82,69.37,25.61,1.21,0.75
2005-02-24,4.58,28.93,69.57,25.39,1.34,0.75
2005-02-25,3.92,28.64,73.94,24.63,1.35,0.75
2005-02-26,2.73,28.45,75.46,25.74,1.28,0.75
2005-02-27,1.52,28.66,72.37,24.74,1.37,0.75
2005-02-28,1.64,29.37,67.95,22.67,1.53,0.75
2005-03-01,5.08,28.98,68.87,24.59,0.87,0.75
2005-03-02,15.92,28.89,70.32,23.04,1.47,0.76
2005-03-03,6.81,28.12,72.67,23.92,1.47,0.78
2005-03-04,8.15,27.01,80.83,18.07,3.47,0.78
2005-03-05,10.08,26.7,83.5,23.09,4.18,0.79
2005-03-06,14.47,26.48,81.01,17.13,3.31,0.81
2005-03-07,6.63,25.81,84.12,20.52,5.17,0.82
2005-03-08,6.12,26.09,83.19,18.68,6.77,0.82
2005-03-09,8.58,26.27,85.87,18.82,6.59,0.83
2005-03-10,5.96,26.44,85.78,22.24,5.72,0.84
2005-03-11,1.89,26.95,81.73,25.67,3.65,0.84
2005-03-12,1.85,27.8,77.64,25.04,2.46,0.83
2005-03-13,4.37,27.74,76.49,24.29,2.6,0.83
2005-03-14,8.15,27.01,80.85,21.2,3.14,0.84
2005-03-15,6.79,26.49,81.65,20.25,5.0,0.84
2005-03-16,5.49,26.93,84.42,20.69,5.03,0.85
2005-03-17,2.25,27.43,80.74,24.77,3.81,0.85
2005-03-18,2.59,27.82,74.84,24.24,3.37,0.84
2005-03-19,1.39,28.38,70.64,23.7,1.76,0.84
2005-03-20,1.54,28.31,71.64,24.4,1.54,0.83
2005-03-21,0.29,28.45,71.27,23.84,2.12,0.82
2005-03-22,1.2,28.41,71.88,23.25,2.63,0.81
2005-03-23,5.02,28.25,75.11,24.51,2.51,0.81
2005-03-24,3.33,28.42,73.02,23.47,2.33,0.81
2005-03-25,1.2,28.0,73.39,20.6,2.73,0.8
2005-03-26,7.3,27.48,80.38,22.79,2.84,0.8
2005-03-27,7.59,27.32,83.72,19.46,4.87,0.81
2005-03-28,8.35,27.09,82.74,19.25,4.27,0.82
2005-03-29,10.37,26.64,86.72,20.58,3.67,0.83
2005-03-30,7.71,26.71,85.74,19.67,3.1,0.84
2005-03-31,4.83,26.62,84.58,21.69,3.57,0.85
2005-04-01,2.56,26.74,83.99,19.71,4.27,0.85
2005-04-02,10.45,27.15,79.24,17.09,4.81,0.85
2005-04-03,8.07,27.45,76.45,19.96,4.44,0.86
2005-04-04,6.69,27.15,79.94,21.27,4.95,0.86
2005-04-05,10.57,27.43,76.86,16.2,5.5,0.86
2005-04-06,14.7,26.3,84.01,14.14,7.68,0.87
2005-04-07,11.82,25.4,88.55,11.76,4.21,0.89
2005-04-08,12.56,25.5,87.84,16.86,3.47,0.9
2005-04-09,21.9,25.82,86.93,8.2,3.9,0.92
2005-04-10,14.73,25.77,89.58,14.7,4.56,0.93
2005-04-11,8.45,25.59,89.54,19.84,3.91,0.94
2005-04-12,8.86,25.43,86.0,14.36,3.23,0.94
2005-04-13,7.82,25.54,83.74,21.34,2.56,0.95
2005-04-14,1.9,26.72,75.22,22.01,1.61,0.95
2005-04-15,0.14,27.56,74.31,23.6,1.49,0.94
2005-04-16,1.22,27.13,76.0,19.19,2.01,0.93
2005-04-17,0.02,26.51,76.83,23.65,2.72,0.92
2005-04-18,0.01,26.26,78.51,23.38,3.38,0.92
2005-04-19,0.04,26.28,76.57,23.51,3.99,0.91
2005-04-20,0.03,26.06,77.51,23.4,4.73,0.9
2005-04-21,0.24,26.25,77.78,21.91,5.26,0.89
2005-04-22,0.2,26.47,76.14,23.07,5.37,0.88
2005-04-23,0.46,26.7,77.22,22.6,5.5,0.87
2005-04-24,1.76,26.85,76.34,22.36,5.25,0.87
2005-04-25,3.68,26.84,79.44,22.52,5.04,0.86
2005-04-26,0.75,26.88,78.77,22.36,2.96,0.86
2005-04-27,0.27,26.8,81.08,21.4,4.5,0.85
2005-04-28,0.65,26.85,80.88,21.39,4.54,0.85
2005-04-29,1.9,26.61,81.29,21.23,4.61,0.84
2005-04-30,1.12,26.62,80.0,21.69,4.95,0.84
2005-05-01,0.05,26.46,75.93,22.07,5.29,0.83
2005-05-02,1.12,26.28,75.88,22.25,4.12,0.82
2005-05-03,0.26,26.4,74.31,22.09,5.01,0.82
2005-05-04,0.0,26.47,73.79,22.03,4.62,0.81
2005-05-05,0.19,26.03,74.64,21.39,4.83,0.8
2005-05-06,0.0,26.73,74.68,21.13,4.37,0.79
2005-05-07,0.34,26.92,74.97,19.08,4.96,0.79
2005-05-08,0.0,26.75,74.63,19.05,4.66,0.78
2005-05-09,1.08,26.27,75.77,20.53,5.16,0.78
2005-05-10,1.15,26.38,73.89,17.41,4.7,0.77
2005-05-11,4.46,26.19,73.33,20.57,4.67,0.77
2005-05-12,0.93,25.99,73.62,16.16,4.11,0.77
2005-05-13,0.0,25.37,71.67,21.37,4.4,0.76
2005-05-14,0.0,25.37,71.97,19.7,4.79,0.76
2005-05-15,0.0,25.04,75.67,21.81,4.92,0.75
2005-05-16,0.0,25.15,73.37,21.56,4.74,0.74
2005-05-17,0.0,25.32,69.63,21.66,4.64,0.74
2005-05-18,0.04,25.14,70.34,20.7,4.41,0.73
2005-05-19,0.32,25.11,71.79,20.77,4.63,0.73
2005-05-20,0.04,25.46,73.68,20.34,3.94,0.72
2005-05-21,0.09,25.96,73.28,19.69,4.6,0.72
2005-05-22,0.0,25.74,75.69,20.42,3.92,0.71
2005-05-23,0.0,25.97,74.11,20.76,4.61,0.71
2005-05-24,1.34,25.86,75.75,19.97,4.9,0.71
2005-05-25,0.68,26.12,75.45,19.7,5.81,0.7
2005-05-26,0.26,25.82,74.76,17.76,5.62,0.7
2005-05-27,0.43,25.85,72.91,18.41,5.62,0.7
2005-05-28,0.03,25.43,70.24,19.69,5.85,0.69
2005-05-29,0.11,25.41,71.5,19.87,6.23,0.69
2005-05-30,1.12,25.24,69.64,19.47,6.15,0.69
2005-05-31,0.0,24.92,70.51,19.5,6.28,0.68
2005-06-01,0.02,24.95,70.95,18.42,5.9,0.68
2005-06-02,0.0,25.35,71.25,19.37,4.93,0.68
2005-06-03,0.0,25.45,71.47,18.85,4.39,0.67
2005-06-04,0.0,25.49,72.58,19.36,3.88,0.67
2005-06-05,0.19,25.6,74.13,18.22,4.42,0.67
2005-06-06,0.0,25.61,73.34,19.17,3.65,0.66
2005-06-07,0.0,25.7,70.93,18.67,2.53,0.66
2005-06-08,0.0,25.77,73.27,19.72,4.79,0.66
2005-06-09,0.23,26.5,74.87,19.47,4.27,0.65
2005-06-10,0.2,26.66,77.47,17.5,4.8,0.65
2005-06-11,0.47,26.71,75.85,13.39,3.98,0.65
2005-06-12,0.17,26.45,73.21,15.58,4.89,0.65
2005-06-13,0.38,26.21,70.81,18.84,4.34,0.64
2005-06-14,0.07,25.9,69.5,18.42,3.85,0.64
2005-06-15,0.0,25.76,73.05,19.14,3.14,0.64
2005-06-16,0.0,26.14,72.78,19.79,1.95,0.63
2005-06-17,0.0,26.42,75.88,19.52,2.8,0.63
2005-06-18,0.0,27.14,69.59,19.83,1.76,0.63
2005-06-19,0.25,27.78,70.52,18.73,1.37,0.62
2005-06-20,0.16,26.93,74.35,19.35,3.2,0.62
2005-06-21,0.0,26.62,74.87,18.09,4.31,0.62
2005-06-22,3.03,26.74,76.22,18.34,4.49,0.62
2005-06-23,4.05,26.46,77.21,17.97,4.21,0.63
2005-06-24,2.79,26.12,77.19,18.71,4.83,0.63
2005-06-25,1.15,26.14,76.64,18.32,5.54,0.63
2005-06-26,0.55,25.9,72.79,19.03,5.59,0.62
2005-06-27,0.0,25.44,70.18,19.12,5.95,0.62
2005-06-28,0.0,25.09,71.17,18.43,6.12,0.62
2005-06-29,0.01,24.91,71.35,18.06,5.76,0.61
2005-06-30,0.0,24.79,67.3,17.72,5.35,0.61
2005-07-01,0.0,23.86,64.95,19.71,5.74,0.61
2005-07-02,0.0,24.14,63.33,19.27,6.66,0.61
2005-07-03,0.33,25.35,68.97,17.44,5.26,0.61
2005-07-04,1.07,25.56,70.96,16.08,5.08,0.61
2005-07-05,0.9,25.38,71.67,18.15,4.6,0.61
2005-07-06,0.76,25.99,73.16,10.31,4.94,0.61
2005-07-07,1.02,26.51,74.13,11.84,4.75,0.61
2005-07-08,2.78,26.45,75.96,17.79,3.9,0.61
2005-07-09,3.82,25.81,83.59,17.88,3.77,0.62
2005-07-10,0.36,26.11,80.71,19.69,4.18,0.62
2005-07-11,0.05,26.65,75.7,19.58,3.23,0.61
2005-07-12,0.6,26.89,72.34,16.65,4.5,0.61
2005-07-13,0.43,27.14,71.73,19.46,4.11,0.61
2005-07-14,0.04,26.66,69.23,18.95,5.19,0.61
2005-07-15,0.21,26.51,70.01,18.72,6.43,0.61
2005-07-16,0.36,26.21,70.48,19.76,5.38,0.61
2005-07-17,0.0,25.81,69.57,20.21,6.0,0.61
2005-07-18,1.03,26.05,67.43,19.85,6.89,0.61
2005-07-19,0.34,26.43,60.43,20.32,7.27,0.61
2005-07-20,0.0,25.84,60.4,19.83,7.59,0.6
2005-07-21,1.58,24.89,66.47,19.67,6.53,0.61
2005-07-22,0.76,24.52,64.16,18.19,5.46,0.61
2005-07-23,2.15,24.68,63.58,16.58,6.13,0.61
2005-07-24,0.0,24.87,63.02,15.54,5.25,0.61
2005-07-25,0.54,25.36,65.63,16.0,5.31,0.61
2005-07-26,0.14,25.36,67.49,19.79,5.97,0.6
2005-07-27,0.0,25.63,62.71,16.97,6.28,0.6
2005-07-28,0.0,25.39,61.58,17.46,5.46,0.6
2005-07-29,0.64,25.15,64.49,17.03,4.21,0.6
2005-07-30,0.05,25.56,61.16,18.18,4.01,0.6
2005-07-31,0.22,25.62,60.13,16.74,5.46,0.6
2005-08-01,1.64,25.96,65.7,19.44,6.22,0.6
2005-08-02,0.35,26.14,66.43,19.96,5.57,0.6
2005-08-03,0.23,25.9,60.84,20.02,6.04,0.6
2005-08-04,0.0,24.87,55.25,20.65,5.14,0.6
2005-08-05,0.08,25.29,57.28,17.75,3.88,0.6
2005-08-06,0.17,25.97,60.04,18.61,3.11,0.6
2005-08-07,0.06,25.83,63.29,17.45,4.38,0.6
2005-08-08,0.67,26.31,65.83,20.15,4.66,0.6
2005-08-09,4.87,25.7,73.15,14.16,5.99,0.61
2005-08-10,0.95,25.9,70.89,20.56,4.76,0.61
2005-08-11,0.25,26.21,65.02,21.0,6.02,0.61
2005-08-12,0.0,25.73,60.36,22.18,5.92,0.6
2005-08-13,0.0,25.58,60.14,22.23,4.5,0.6
2005-08-14,0.04,26.14,58.67,21.54,2.94,0.6
2005-08-15,0.01,25.96,65.96,21.53,4.84,0.6
2005-08-16,0.12,26.17,65.96,21.71,4.74,0.6
2005-08-17,0.0,26.51,66.13,21.51,4.8,0.6
2005-08-18,0.53,26.48,65.78,21.29,5.5,0.6
2005-08-19,1.04,26.0,65.43,21.34,6.75,0.6
2005-08-20,1.53,25.88,65.88,21.96,6.29,0.6
2005-08-21,0.03,26.31,64.55,22.53,5.37,0.6
2005-08-22,0.43,25.82,66.93,21.73,5.67,0.6
2005-08-23,0.03,26.08,64.22,21.69,3.75,0.6
2005-08-24,0.0,26.34,61.43,21.77,2.46,0.6
2005-08-25,0.0,26.89,59.52,18.9,1.57,0.6
2005-08-26,0.0,27.07,57.74,22.18,3.17,0.6
2005-08-27,0.01,26.94,61.15,22.01,4.64,0.6
2005-08-28,1.51,26.49,68.28,21.48,6.77,0.6
2005-08-29,0.0,26.43,65.28,22.62,6.28,0.6
2005-08-30,0.0,26.16,65.03,22.61,5.61,0.6
2005-08-31,0.0,26.13,64.54,23.32,5.95,0.6
2005-09-01,0.0,26.36,66.83,23.45,6.63,0.6
2005-09-02,0.0,26.57,63.04,23.61,6.36,0.6
2005-09-03,1.83,26.48,59.82,23.31,5.24,0.6
2005-09-04,0.0,26.28,62.69,22.38,4.35,0.6
2005-09-05,0.33,27.17,63.33,22.74,3.3,0.6
2005-09-06,0.4,27.92,63.89,22.12,4.09,0.6
2005-09-07,0.16,27.15,62.76,23.24,5.12,0.6
2005-09-08,0.16,27.12,63.38,22.19,5.26,0.6
2005-09-09,0.0,27.29,61.95,23.33,3.65,0.6
2005-09-10,0.46,27.32,60.24,22.09,2.96,0.6
2005-09-11,0.01,27.11,63.33,21.24,3.16,0.6
2005-09-12,0.21,27.23,60.12,22.38,2.06,0.6
2005-09-13,0.49,27.52,61.07,23.02,3.16,0.6
2005-09-14,0.0,27.87,58.8,24.04,3.18,0.6
2005-09-15,1.78,28.01,58.34,23.55,2.9,0.6
2005-09-16,2.86,27.59,62.53,23.91,4.19,0.6
2005-09-17,0.0,28.27,58.65,24.25,4.05,0.6
2005-09-18,0.28,27.99,61.02,24.17,5.08,0.6
2005-09-19,1.1,28.5,61.22,24.28,3.83,0.6
2005-09-20,0.64,28.42,61.73,21.82,4.08,0.6
2005-09-21,4.8,28.22,63.2,21.72,4.64,0.61
2005-09-22,1.87,27.94,62.65,24.8,4.92,0.61
2005-09-23,1.86,27.8,65.6,24.68,5.44,0.61
2005-09-24,0.24,28.27,61.8,24.28,4.35,0.61
2005-09-25,2.33,28.04,63.91,23.64,5.09,0.61
2005-09-26,1.41,28.26,60.01,25.44,4.92,0.61
2005-09-27,0.19,28.33,56.97,25.59,3.73,0.61
2005-09-28,0.26,28.46,57.19,24.89,3.64,0.61
2005-09-29,0.02,28.53,56.56,25.01,3.03,0.6
2005-09-30,0.0,28.26,57.64,24.45,4.16,0.6
2005-10-01,0.0,28.17,61.1,26.02,4.63,0.6
2005-10-02,0.04,28.53,57.39,26.06,4.37,0.6
2005-10-03,0.0,28.13,60.92,25.75,5.12,0.6
2005-10-04,0.02,28.45,60.72,25.65,4.53,0.6
2005-10-05,0.33,28.8,58.69,26.14,5.09,0.6
2005-10-06,0.08,29.1,60.76,25.07,4.47,0.6
2005-10-07,0.21,29.35,56.72,24.02,3.64,0.6
2005-10-08,0.0,28.85,53.34,25.02,2.71,0.6
2005-10-09,0.87,28.67,58.42,25.66,3.38,0.6
2005-10-10,1.07,29.83,57.79,22.03,4.6,0.6
2005-10-11,2.7,29.52,60.62,25.72,4.9,0.6
2005-10-12,0.55,29.53,62.39,26.25,4.0,0.6
2005-10-13,2.08,29.78,61.09,25.04,3.41,0.61
2005-10-14,3.6,29.65,62.01,23.69,3.63,0.61
2005-10-15,4.28,29.01,65.29,23.61,2.81,0.61
2005-10-16,2.44,28.21,68.79,23.68,3.57,0.62
2005-10-17,2.92,28.04,68.62,20.59,1.82,0.62
2005-10-18,6.18,27.56,73.12,18.46,1.47,0.62
2005-10-19,21.07,26.86,80.02,14.82,3.55,0.65
2005-10-20,3.68,27.74,73.46,17.03,2.75,0.67
2005-10-21,0.64,27.39,70.01,19.76,4.1,0.66
2005-10-22,3.44,27.91,72.23,19.14,3.76,0.66
2005-10-23,2.53,27.88,74.25,25.17,3.9,0.66
2005-10-24,1.31,28.83,69.08,24.94,2.61,0.65
2005-10-25,2.78,28.66,70.54,23.35,3.19,0.65
2005-10-26,0.0,28.99,64.84,25.25,3.11,0.65
2005-10-27,0.0,29.1,64.8,26.25,4.04,0.64
2005-10-28,0.12,28.59,66.53,25.61,4.05,0.63
2005-10-29,0.71,28.35,64.42,25.57,4.09,0.63
2005-10-30,2.69,28.21,67.73,25.05,4.03,0.63
2005-10-31,0.43,28.9,65.57,24.01,3.68,0.62
2005-11-01,1.09,29.51,60.32,25.44,3.25,0.62
2005-11-02,0.01,29.84,56.09,26.87,2.32,0.61
2005-11-03,0.0,30.25,53.68,26.67,2.18,0.61
2005-11-04,0.66,31.02,52.54,25.69,2.22,0.61
2005-11-05,1.26,30.28,55.95,25.12,3.08,0.61
2005-11-06,0.59,30.77,56.16,25.65,3.07,0.61
2005-11-07,0.23,31.07,53.42,24.83,3.36,0.61
2005-11-08,0.01,30.6,54.87,24.29,2.76,0.61
2005-11-09,0.58,30.35,54.68,23.66,3.67,0.6
2005-11-10,1.89,30.23,58.03,22.46,2.82,0.61
2005-11-11,0.78,30.1,59.11,25.01,2.62,0.61
2005-11-12,0.48,30.45,56.26,25.03,2.21,0.61
2005-11-13,0.02,30.44,56.9,21.19,2.36,0.6
2005-11-14,0.43,30.23,56.73,23.03,2.75,0.6
2005-11-15,3.24,29.54,60.72,22.53,3.25,0.61
2005-11-16,2.99,29.64,62.62,25.55,4.44,0.61
2005-11-17,2.72,29.9,62.07,25.08,3.86,0.61
2005-11-18,8.39,29.29,65.7,22.99,3.15,0.62
2005-11-19,7.09,27.97,70.15,20.19,1.53,0.63
2005-11-20,13.99,27.2,76.27,20.89,1.45,0.65
2005-11-21,4.81,27.83,70.74,21.22,1.44,0.66
2005-11-22,6.81,28.01,70.56,21.18,1.89,0.67
2005-11-23,0.09,28.79,63.48,27.11,2.62,0.66
2005-11-24,0.01,28.99,62.89,26.95,2.53,0.65
2005-11-25,0.06,29.37,61.6,27.11,2.37,0.65
2005-11-26,2.72,29.28,64.99,22.94,2.41,0.64
2005-11-27,3.66,28.53,69.46,21.47,3.38,0.64
2005-11-28,21.1,27.08,76.2,16.65,3.81,0.66
2005-11-29,15.5,26.6,74.02,18.3,2.84,0.7
2005-11-30,6.52,27.38,73.0,18.99,2.15,0.71
2005-12-01,5.7,26.72,82.24,23.49,3.29,0.71
2005-12-02,6.47,26.54,83.42,24.11,2.56,0.72
2005-12-03,2.7,26.91,81.79,25.31,3.42,0.72
2005-12-04,4.99,27.75,74.19,24.15,1.69,0.72
2005-12-05,4.88,26.7,82.19,23.42,1.35,0.73
2005-12-06,5.12,27.35,76.12,18.71,1.06,0.73
2005-12-07,10.11,26.96,77.52,19.09,3.03,0.74
2005-12-08,9.76,27.5,75.49,21.79,0.83,0.76
2005-12-09,8.49,27.61,78.83,22.47,1.97,0.76
2005-12-10,11.2,27.2,80.38,21.13,1.63,0.78
2005-12-11,18.1,26.09,85.37,16.46,2.08,0.8
2005-12-12,11.21,26.65,80.98,20.81,1.23,0.82
2005-12-13,6.26,26.48,83.81,21.87,2.24,0.83
2005-12-14,8.06,26.56,84.22,20.63,2.44,0.83
2005-12-15,6.46,26.66,85.41,21.75,2.13,0.84
2005-12-16,12.35,26.84,81.44,18.92,1.14,0.85
2005-12-17,9.46,27.15,81.02,24.26,2.26,0.86
2005-12-18,4.28,26.86,83.27,23.45,2.17,0.86
2005-12-19,7.34,26.87,83.6,18.37,1.86,0.86
2005-12-20,11.72,26.39,88.8,18.92,3.01,0.88
2005-12-21,7.68,26.32,86.72,22.79,2.64,0.88
2005-12-22,9.71,25.85,84.81,20.03,1.69,0.89
2005-12-23,2.33,27.11,79.77,24.56,2.57,0.9
2005-12-24,2.01,28.33,72.97,23.14,2.19,0.89
2005-12-25,5.61,28.16,74.82,15.3,1.42,0.88
2005-12-26,5.46,27.26,79.94,21.98,2.06,0.89
2005-12-27,16.77,25.76,85.91,18.53,2.7,0.9
2005-12-28,8.91,25.98,85.68,14.71,2.99,0.91
2005-12-29,9.89,26.23,87.43,14.54,4.29,0.92
2005-12-30,17.22,26.28,87.98,14.05,5.8,0.93
2005-12-31,13.75,26.17,87.09,16.64,5.73,0.95
2006-01-01,12.7,25.43,88.53,13.94,4.6,0.96
2006-01-02,9.46,26.15,82.11,14.12,1.52,0.96
2006-01-03,10.75,25.92,84.18,13.87,2.41,0.97
2006-01-04,6.49,26.89,74.82,21.2,0.61,0.97
2006-01-05,11.98,26.82,80.64,23.46,2.53,0.98
2006-01-06,1.52,26.5,82.81,16.74,3.08,0.97
2006-01-07,6.57,26.62,84.43,13.55,3.18,0.97
2006-01-08,5.74,26.11,85.93,19.96,3.31,0.97
2006-01-09,15.03,25.75,88.92,20.99,2.71,0.98
2006-01-10,14.92,26.75,81.98,22.29,2.06,0.99
2006-01-11,9.05,26.93,82.56,23.76,2.5,0.99
2006-01-12,10.27,25.9,87.35,18.92,3.89,0.99
2006-01-13,6.59,26.22,82.64,22.21,3.71,0.99
2006-01-14,8.94,26.17,86.35,15.0,4.7,0.99
2006-01-15,6.81,26.2,87.67,20.54,4.71,0.99
2006-01-16,8.68,26.22,86.65,17.01,6.93,0.99
2006-01-17,12.08,26.17,88.83,16.89,6.78,0.99
2006-01-18,24.67,26.03,89.6,13.45,7.94,0.99
2006-01-19,7.25,25.75,89.94,14.72,9.05,1.0
2006-01-20,8.27,26.17,85.98,18.3,7.69,1.0
2006-01-21,8.16,26.1,89.64,20.18,6.51,1.0
2006-01-22,10.83,25.99,88.67,17.19,4.66,1.0
2006-01-23,4.0,25.58,89.07,10.49,4.22,0.99
2006-01-24,5.1,25.9,88.34,17.68,4.91,0.99
2006-01-25,2.44,26.16,85.26,21.36,5.52,0.99
2006-01-26,6.08,25.76,85.43,15.95,6.75,0.99
2006-01-27,6.51,25.94,85.6,20.78,5.65,0.99
2006-01-28,5.75,25.59,89.4,16.06,5.53,0.99
2006-01-29,4.1,25.89,86.63,14.97,5.62,0.99
2006-01-30,5.78,25.74,88.18,20.57,4.97,0.99
2006-01-31,9.95,26.1,88.82,13.95,6.12,0.99
2006-02-01,7.88,25.98,86.99,13.87,6.0,0.99
2006-02-02,12.5,25.87,86.65,16.14,5.3,0.99
2006-02-03,3.82,25.78,83.43,18.38,4.09,0.99
2006-02-04,0.71,25.96,79.59,24.24,3.55,0.98
2006-02-05,2.27,26.04,80.19,14.46,2.27,0.98
2006-02-06,0.57,26.85,74.06,26.13,1.44,0.97
2006-02-07,1.15,27.07,72.59,25.63,1.02,0.96
2006-02-08,0.32,27.22,73.3,26.26,1.66,0.96
2006-02-09,1.51,27.56,71.93,25.64,1.21,0.95
2006-02-10,1.4,26.9,73.26,26.99,1.98,0.94
2006-02-11,0.04,26.73,73.38,25.69,1.7,0.93
2006-02-12,0.14,27.56,73.71,26.06,1.69,0.92
2006-02-13,1.83,27.87,75.3,23.89,2.01,0.91
2006-02-14,1.73,27.98,75.97,25.5,2.12,0.9
2006-02-15,3.33,27.3,80.1,25.96,2.37,0.9
2006-02-16,2.49,28.14,73.07,22.52,1.23,0.9
2006-02-17,8.49,27.47,79.36,21.22,0.88,0.9
2006-02-18,6.6,27.04,78.58,21.47,1.18,0.9
2006-02-19,12.37,26.12,85.08,15.28,1.66,0.91
2006-02-20,22.44,25.88,89.71,17.86,3.69,0.94
2006-02-21,12.14,26.25,86.86,20.57,3.77,0.95
2006-02-22,7.3,25.76,88.95,17.9,3.42,0.96
2006-02-23,14.54,25.58,90.51,17.48,3.13,0.97
2006-02-24,12.21,26.02,91.84,15.57,9.55,0.98
2006-02-25,8.64,26.01,90.42,19.61,5.6,0.98
2006-02-26,5.35,26.18,89.07,22.41,4.06,0.98
2006-02-27,14.44,25.85,90.69,20.9,3.39,0.98
2006-02-28,9.4,25.81,86.35,17.51,1.76,0.99
2006-03-01,14.7,25.02,87.42,6.22,3.38,1.0
2006-03-02,19.36,24.65,88.5,5.4,4.51,1.0
2006-03-03,27.59,24.96,86.46,12.78,4.42,1.0
2006-03-04,13.08,24.99,89.37,8.39,4.03,1.0
2006-03-05,16.44,25.55,90.26,20.7,3.99,1.0
2006-03-06,35.93,25.02,91.69,12.7,3.28,1.0
2006-03-07,13.04,24.38,90.07,15.42,4.63,1.0
2006-03-08,5.67,25.38,86.89,23.31,4.04,1.0
2006-03-09,0.51,25.81,84.32,24.38,4.34,1.0
2006-03-10,1.26,25.58,83.27,20.58,3.6,0.99
2006-03-11,0.81,25.73,84.89,23.08,3.76,0.99
2006-03-12,1.03,26.14,82.08,23.88,2.48,0.98
2006-03-13,4.08,26.49,80.3,23.26,2.11,0.98
2006-03-14,1.32,26.26,80.24,24.0,2.55,0.97
2006-03-15,5.6,26.19,83.48,23.02,3.58,0.97
2006-03-16,9.77,26.36,84.71,21.67,2.76,0.97
2006-03-17,7.6,26.04,84.01,20.17,3.47,0.97
2006-03-18,11.79,25.87,83.92,10.59,4.22,0.98
2006-03-19,21.94,25.57,90.1,20.39,4.26,0.99
2006-03-20,22.48,25.65,90.56,11.8,4.36,1.0
2006-03-21,5.65,25.69,89.6,16.79,3.83,1.0
2006-03-22,2.95,25.96,87.47,19.4,3.3,0.99
2006-03-23,6.63,26.48,86.94,20.65,2.83,0.99
2006-03-24,3.95,26.68,85.99,22.07,2.17,0.99
2006-03-25,2.17,26.65,83.79,20.28,3.04,0.99
2006-03-26,0.39,27.13,80.46,20.51,3.02,0.98
2006-03-27,1.69,26.59,82.96,17.64,4.11,0.98
2006-03-28,2.93,26.44,85.68,18.59,3.75,0.98
2006-03-29,22.18,25.91,88.87,16.79,4.04,0.98
2006-03-30,16.21,25.5,90.72,12.64,4.38,0.99
2006-03-31,18.53,25.33,88.77,13.93,4.59,1.0
2006-04-01,22.55,25.11,90.26,16.6,4.0,1.0
2006-04-02,15.66,25.35,90.85,15.08,5.0,1.0
2006-04-03,6.88,25.67,89.92,17.69,4.63,1.0
2006-04-04,3.61,25.97,88.97,18.59,4.4,1.0
2006-04-05,17.06,25.95,89.33,19.37,4.73,1.0
2006-04-06,5.54,26.11,86.77,21.38,3.42,1.0
2006-04-07,2.49,25.84,85.54,21.02,2.66,1.0
2006-04-08,2.73,26.07,84.63,21.41,2.37,0.99
2006-04-09,8.26,25.74,87.13,20.62,1.0,1.0
2006-04-10,4.24,26.1,84.83,19.8,1.34,1.0
2006-04-11,4.26,26.71,82.2,19.89,0.84,0.99
2006-04-12,3.6,26.69,83.14,22.46,1.86,0.99
2006-04-13,1.28,26.52,83.89,22.7,3.27,0.99
2006-04-14,0.62,26.36,81.53,22.85,3.96,0.98
2006-04-15,2.83,26.73,81.77,17.99,2.72,0.98
2006-04-16,4.2,26.8,80.78,20.93,2.0,0.97
2006-04-17,6.89,27.2,77.88,17.41,1.74,0.97
2006-04-18,14.54,26.87,82.86,16.79,2.4,0.98
2006-04-19,17.21,26.38,86.28,18.35,2.8,0.99
2006-04-20,21.11,25.8,88.43,11.5,2.92,1.0
2006-04-21,9.24,25.92,84.16,20.76,2.92,1.0
2006-04-22,8.78,25.95,85.15,15.75,3.46,1.0
2006-04-23,3.5,26.2,81.28,18.24,4.05,1.0
2006-04-24,0.09,26.22,76.79,17.48,3.62,0.99
2006-04-25,3.01,26.19,79.67,20.94,2.7,0.98
2006-04-26,1.47,26.47,78.14,20.5,2.22,0.98
2006-04-27,3.12,26.62,78.42,21.13,1.8,0.97
2006-04-28,2.53,26.59,79.14,20.87,1.45,0.97
2006-04-29,2.26,26.43,81.75,16.85,1.42,0.96
2006-04-30,2.36,26.72,78.62,18.13,2.48,0.96
2006-05-01,5.07,26.21,81.39,17.81,2.52,0.96
2006-05-02,5.97,26.41,82.3,19.76,2.15,0.96
2006-05-03,15.77,26.44,85.4,20.45,2.77,0.96
2006-05-04,8.6,25.69,87.43,19.41,4.08,0.97
2006-05-05,6.28,25.72,86.19,12.99,4.34,0.97
2006-05-06,0.56,25.48,80.18,18.04,4.84,0.97
2006-05-07,0.15,25.27,79.53,14.29,4.54,0.96
2006-05-08,1.96,25.3,78.97,19.49,4.22,0.96
2006-05-09,0.25,25.55,80.4,19.62,4.43,0.95
2006-05-10,0.82,25.23,78.36,19.54,4.99,0.95
2006-05-11,0.26,24.69,75.65,20.93,4.58,0.94
2006-05-12,0.37,25.09,76.74,21.2,3.95,0.93
2006-05-13,1.11,25.07,81.19,18.99,3.75,0.92
2006-05-14,1.19,25.64,77.7,19.43,4.06,0.92
2006-05-15,1.65,25.59,78.28,19.67,4.81,0.91
2006-05-16,0.17,25.5,78.63,19.54,4.86,0.9
2006-05-17,0.54,25.71,79.24,18.84,5.75,0.9
2006-05-18,1.59,25.47,81.22,16.33,5.97,0.89
2006-05-19,0.71,25.15,79.46,15.67,5.62,0.89
2006-05-20,4.07,25.07,79.86,18.2,4.52,0.88
2006-05-21,1.61,25.46,81.7,19.91,4.77,0.88
2006-05-22,8.71,25.85,83.74,17.29,4.72,0.88
2006-05-23,11.05,25.78,86.06,12.99,3.4,0.89
2006-05-24,4.54,25.46,87.59,17.79,2.09,0.9
2006-05-25,2.72,25.47,88.25,17.11,2.87,0.9
2006-05-26,4.78,25.67,86.81,18.26,4.97,0.9
2006-05-27,0.31,25.75,80.82,18.4,5.47,0.9
2006-05-28,0.04,24.99,78.94,19.92,5.52,0.89
2006-05-29,0.16,24.74,77.62,19.67,5.09,0.88
2006-05-30,0.31,24.47,78.87,17.52,5.05,0.87
2006-05-31,2.27,23.9,78.26,19.89,4.71,0.87
2006-06-01,1.49,23.92,77.45,19.89,3.45,0.86
2006-06-02,0.15,24.33,75.53,19.9,3.0,0.86
2006-06-03,0.0,24.44,78.33,19.76,3.84,0.85
2006-06-04,1.11,24.81,80.03,17.28,5.18,0.85
2006-06-05,0.89,24.3,79.05,18.79,5.82,0.84
2006-06-06,1.62,24.25,78.52,17.55,5.82,0.84
2006-06-07,2.39,24.06,76.1,18.72,6.68,0.83
2006-06-08,1.19,23.8,75.11,16.87,6.12,0.83
2006-06-09,0.83,23.4,76.54,17.46,5.08,0.82
2006-06-10,0.46,23.22,75.61,17.76,5.11,0.82
2006-06-11,1.71,23.57,77.59,14.14,5.55,0.81
2006-06-12,1.43,23.75,79.23,14.79,5.88,0.81
2006-06-13,2.21,23.21,78.68,18.81,5.46,0.81
2006-06-14,1.7,23.13,76.64,17.35,5.09,0.81
2006-06-15,0.18,23.56,77.95,18.98,5.12,0.8
2006-06-16,3.06,24.43,82.12,13.41,4.59,0.8
2006-06-17,2.95,24.49,80.88,7.53,6.62,0.8
2006-06-18,3.39,24.78,83.11,15.03,5.31,0.8
2006-06-19,3.13,24.47,84.09,9.59,7.58,0.8
2006-06-20,0.39,24.68,78.1,15.22,7.01,0.8
2006-06-21,0.4,23.94,78.51,17.49,6.53,0.79
2006-06-22,1.45,23.01,75.83,17.4,5.59,0.79
2006-06-23,1.16,23.18,76.19,18.05,4.91,0.78
2006-06-24,0.61,23.72,79.02,17.41,4.54,0.78
2006-06-25,2.11,24.17,83.21,17.35,5.64,0.78
2006-06-26,0.5,24.03,78.04,17.48,5.42,0.77
2006-06-27,0.0,23.58,77.26,18.78,4.58,0.77
2006-06-28,2.82,24.42,77.99,12.63,4.04,0.77
2006-06-29,1.01,24.08,80.45,7.89,6.55,0.77
2006-06-30,0.92,23.44,79.77,10.49,5.94,0.76
2006-07-01,0.63,24.19,80.1,13.73,5.37,0.76
2006-07-02,0.0,24.11,77.65,19.17,5.07,0.75
2006-07-03,0.4,23.79,77.34,17.5,5.52,0.75
2006-07-04,0.7,23.6,78.7,18.79,5.77,0.75
2006-07-05,0.5,23.72,78.21,18.43,5.82,0.74
2006-07-06,0.56,23.57,77.71,18.75,5.64,0.74
2006-07-07,0.34,23.49,77.87,18.45,5.06,0.73
2006-07-08,0.48,23.61,78.25,18.46,5.45,0.73
2006-07-09,0.38,23.65,80.82,19.13,5.43,0.73
2006-07-10,0.07,23.03,75.38,19.42,5.51,0.72
2006-07-11,0.04,23.09,74.23,19.6,3.36,0.72
2006-07-12,0.0,23.28,71.11,18.07,2.21,0.71
2006-07-13,1.15,22.92,75.08,17.68,4.48,0.71
2006-07-14,0.31,22.39,73.19,17.26,4.58,0.71
2006-07-15,0.09,22.55,74.06,19.07,3.59,0.7
2006-07-16,0.0,23.47,72.16,14.72,3.38,0.7
2006-07-17,0.46,23.79,77.86,18.6,4.61,0.7
2006-07-18,0.61,24.15,77.66,14.45,5.9,0.69
2006-07-19,0.45,23.71,77.47,17.37,5.64,0.69
2006-07-20,0.04,23.52,73.18,19.99,4.9,0.69
2006-07-21,0.0,23.23,70.01,20.98,4.8,0.68
2006-07-22,0.84,23.33,73.78,20.32,4.49,0.68
2006-07-23,0.43,23.8,75.96,14.24,4.85,0.68
2006-07-24,0.0,24.23,75.94,20.56,4.99,0.67
2006-07-25,0.21,24.54,76.46,19.63,4.38,0.67
2006-07-26,0.94,24.57,78.36,18.58,5.87,0.67
2006-07-27,0.36,24.34,74.79,18.67,5.13,0.66
2006-07-28,0.0,23.85,68.96,21.48,5.15,0.66
2006-07-29,0.0,23.18,73.71,21.74,5.72,0.66
2006-07-30,0.0,23.46,72.7,21.6,5.17,0.65
2006-07-31,0.0,23.61,71.31,21.43,4.74,0.65
2006-08-01,0.0,23.99,76.37,21.37,4.0,0.65
2006-08-02,1.18,23.96,74.68,21.94,5.39,0.64
2006-08-03,0.0,23.81,71.87,22.41,4.57,0.64
2006-08-04,0.0,24.12,73.63,22.16,5.18,0.64
2006-08-05,0.01,23.93,65.56,22.03,6.65,0.63
2006-08-06,0.0,23.35,60.15,21.64,6.43,0.63
2006-08-07,0.22,23.19,66.15,20.42,5.96,0.63
2006-08-08,1.05,23.2,65.33,17.52,6.3,0.63
2006-08-09,0.4,22.92,68.12,19.06,6.15,0.62
2006-08-10,0.61,23.26,71.86,20.54,5.21,0.62
2006-08-11,1.39,23.65,71.27,21.18,6.0,0.62
2006-08-12,0.01,23.74,69.86,17.38,5.8,0.62
2006-08-13,1.75,23.68,73.1,20.01,5.85,0.62
2006-08-14,0.21,24.01,74.81,20.82,5.02,0.62
2006-08-15,0.42,24.45,76.0,21.13,4.69,0.62
2006-08-16,0.56,25.14,74.49,21.31,4.45,0.61
2006-08-17,0.25,25.3,76.89,19.42,5.29,0.61
2006-08-18,0.0,25.56,75.48,21.64,6.0,0.61
2006-08-19,0.0,25.04,74.18,22.73,6.81,0.61
2006-08-20,1.24,24.39,69.42,21.75,6.47,0.61
2006-08-21,0.0,24.49,67.7,22.98,5.8,0.6
2006-08-22,0.0,24.6,67.37,23.18,5.38,0.6
2006-08-23,0.0,24.76,67.19,23.05,5.26,0.6
2006-08-24,0.92,24.68,67.84,22.75,5.72,0.6
2006-08-25,0.0,24.36,65.09,23.25,5.27,0.6
2006-08-26,0.0,24.1,60.67,24.12,4.72,0.6
2006-08-27,0.0,23.69,64.08,22.99,4.53,0.6
2006-08-28,0.0,24.55,62.85,24.15,3.97,0.6
2006-08-29,0.0,25.47,64.26,23.88,4.36,0.6
2006-08-30,0.0,25.87,64.68,23.98,5.84,0.6
2006-08-31,0.0,25.32,63.74,24.15,6.35,0.6
2006-09-01,0.0,24.4,53.95,24.73,5.2,0.6
2006-09-02,0.0,24.19,57.39,24.22,3.66,0.6
2006-09-03,0.0,24.6,59.68,23.72,3.18,0.6
2006-09-04,0.0,25.27,61.88,23.73,3.16,0.59
2006-09-05,0.0,25.6,63.08,23.38,3.56,0.59
2006-09-06,0.0,25.57,60.6,24.67,3.78,0.59
2006-09-07,0.0,26.03,62.84,24.27,4.0,0.59
2006-09-08,0.12,26.91,65.55,23.77,5.5,0.59
2006-09-09,0.37,26.61,66.48,24.54,6.43,0.59
2006-09-10,2.31,26.18,63.58,24.09,6.64,0.6
2006-09-11,1.29,25.38,66.56,24.13,5.42,0.6
2006-09-12,0.21,25.83,66.44,23.73,5.8,0.6
2006-09-13,0.0,25.97,63.26,24.14,5.75,0.6
2006-09-14,0.0,25.69,64.72,24.31,5.78,0.6
2006-09-15,1.46,25.51,67.22,25.06,6.06,0.6
2006-09-16,0.0,25.86,64.65,25.99,6.1,0.6
2006-09-17,0.0,25.73,63.28,25.64,6.07,0.6
2006-09-18,5.56,25.85,66.84,23.72,4.28,0.61
2006-09-19,0.0,25.88,64.38,25.01,5.19,0.6
2006-09-20,0.0,25.94,58.82,25.59,4.72,0.6
2006-09-21,0.0,26.06,56.74,25.74,3.19,0.6
2006-09-22,0.0,26.26,56.61,25.26,3.24,0.6
2006-09-23,0.0,26.61,59.48,25.74,3.42,0.6
2006-09-24,0.0,26.65,57.16,25.84,3.52,0.6
2006-09-25,0.0,26.94,55.71,25.91,3.04,0.6
2006-09-26,0.0,27.17,58.91,25.81,2.63,0.6
2006-09-27,0.72,27.29,58.17,25.52,4.08,0.6
2006-09-28,0.9,27.6,56.86,25.1,4.29,0.6
2006-09-29,0.01,27.6,56.31,25.91,3.87,0.6
2006-09-30,0.0,27.09,58.0,26.22,4.53,0.6
2006-10-01,0.06,27.49,59.25,25.66,4.81,0.6
2006-10-02,0.0,27.71,59.73,25.9,4.21,0.6
2006-10-03,0.0,28.1,55.36,25.17,3.88,0.59
2006-10-04,1.36,27.91,58.76,25.35,4.19,0.6
2006-10-05,0.28,28.03,59.56,25.85,4.91,0.6
2006-10-06,0.17,27.63,57.51,25.46,5.03,0.6
2006-10-07,1.27,27.24,57.15,24.35,4.72,0.6
2006-10-08,0.09,27.56,58.61,25.43,4.64,0.6
2006-10-09,0.25,27.6,59.47,25.0,4.23,0.6
2006-10-10,0.03,28.09,51.91,26.45,3.95,0.6
2006-10-11,0.24,27.84,56.4,26.04,4.35,0.6
2006-10-12,0.85,27.02,59.71,25.33,5.49,0.6
2006-10-13,0.24,27.29,59.91,22.68,4.51,0.6
2006-10-14,0.43,27.74,62.93,23.18,3.07,0.6
2006-10-15,0.46,27.98,61.82,23.96,4.13,0.6
2006-10-16,0.34,28.0,60.84,25.53,3.72,0.6
2006-10-17,0.04,28.05,59.21,26.22,3.84,0.6
2006-10-18,0.0,27.61,58.43,25.8,4.32,0.6
2006-10-19,0.0,27.55,60.76,26.26,5.4,0.6
2006-10-20,0.0,27.8,60.87,25.87,5.44,0.59
2006-10-21,0.0,27.71,60.52,26.09,4.47,0.59
2006-10-22,0.0,28.21,61.19,26.57,4.24,0.59
2006-10-23,2.38,28.3,61.09,26.61,4.51,0.6
2006-10-24,1.81,28.09,60.94,26.42,5.25,0.6
2006-10-25,0.03,27.74,61.16,26.66,4.02,0.6
2006-10-26,0.03,28.19,57.85,27.12,4.47,0.6
2006-10-27,0.05,28.14,58.79,26.82,5.16,0.6
2006-10-28,0.51,28.11,57.51,26.65,4.54,0.6
2006-10-29,0.0,27.91,60.19,27.0,4.44,0.6
2006-10-30,0.0,27.96,58.13,26.34,3.69,0.6
2006-10-31,0.0,28.34,57.33,26.2,3.11,0.6
2006-11-01,0.0,28.68,54.25,25.69,2.2,0.59
2006-11-02,1.53,29.22,53.51,24.02,2.66,0.59
2006-11-03,2.02,29.29,56.03,25.66,3.4,0.6
2006-11-04,0.27,29.29,58.61,24.72,3.68,0.6
2006-11-05,0.47,29.58,59.58,24.11,2.75,0.6
2006-11-06,0.55,29.46,59.17,25.18,2.86,0.6
2006-11-07,2.05,29.33,59.42,25.7,2.94,0.6
2006-11-08,0.59,29.47,58.89,26.65,4.39,0.6
2006-11-09,0.62,29.71,58.58,26.5,3.46,0.6
2006-11-10,2.4,29.91,56.17,26.28,2.83,0.6
2006-11-11,0.27,30.81,50.94,26.16,1.54,0.6
2006-11-12,0.63,30.45,54.47,25.23,1.46,0.6
2006-11-13,2.94,29.83,56.54,25.87,2.53,0.61
2006-11-14,1.99,29.46,57.56,25.21,3.87,0.61
2006-11-15,2.21,28.72,62.73,25.64,4.6,0.61
2006-11-16,0.0,29.56,55.59,26.34,2.02,0.61
2006-11-17,2.38,30.3,56.74,25.87,1.98,0.61
2006-11-18,0.08,29.6,62.17,24.7,2.53,0.61
2006-11-19,0.08,29.45,61.01,25.98,4.95,0.61
2006-11-20,2.03,29.43,62.49,26.05,5.33,0.61
2006-11-21,5.44,28.95,63.26,25.53,4.07,0.61
2006-11-22,1.79,28.93,62.8,25.31,2.79,0.61
2006-11-23,1.85,29.44,57.04,26.16,2.86,0.61
2006-11-24,2.4,29.24,59.24,26.72,3.17,0.61
2006-11-25,0.0,29.27,58.12,26.91,3.04,0.61
2006-11-26,0.32,29.18,55.95,27.07,3.22,0.61
2006-11-27,0.0,29.37,51.03,26.92,2.02,0.61
2006-11-28,0.2,29.7,54.67,26.51,1.68,0.61
2006-11-29,0.05,29.69,57.03,24.08,3.54,0.61
2006-11-30,0.29,29.73,59.67,25.27,3.74,0.61
2006-12-01,0.29,29.05,61.34,24.1,3.51,0.6
2006-12-02,0.73,29.11,60.65,26.06,2.22,0.6
2006-12-03,0.65,29.44,61.21,23.98,2.33,0.6
2006-12-04,0.25,30.02,59.4,26.07,3.38,0.6
2006-12-05,1.69,30.53,54.78,24.83,1.69,0.6
2006-12-06,2.09,30.52,53.91,24.37,1.99,0.61
2006-12-07,4.73,29.95,59.92,24.67,1.24,0.61
2006-12-08,1.84,30.31,59.88,23.93,2.04,0.62
2006-12-09,0.48,30.43,59.56,25.14,2.99,0.61
2006-12-10,2.33,29.72,62.35,23.37,3.04,0.61
2006-12-11,2.2,28.41,69.46,19.81,2.93,0.62
2006-12-12,1.08,28.1,74.34,25.0,2.54,0.62
2006-12-13,4.74,28.68,71.78,22.92,1.93,0.62
2006-12-14,4.46,28.66,67.82,22.97,2.11,0.63
2006-12-15,1.75,28.95,66.7,24.6,2.32,0.63
2006-12-16,4.0,29.08,67.32,24.45,2.62,0.63
2006-12-17,2.27,29.07,67.62,23.77,1.54,0.63
2006-12-18,5.14,28.37,73.24,24.1,1.59,0.63
2006-12-19,9.11,28.12,75.03,21.43,2.29,0.64
2006-12-20,10.74,27.4,82.34,22.95,2.12,0.66
2006-12-21,4.04,28.36,71.59,23.78,1.1,0.67
2006-12-22,2.12,28.78,69.33,24.4,2.43,0.66
2006-12-23,5.71,29.06,68.43,22.21,2.96,0.66
2006-12-24,6.69,28.62,71.25,20.71,1.56,0.67
2006-12-25,12.4,28.02,73.07,20.99,1.71,0.67
2006-12-26,15.64,27.35,77.43,18.32,1.29,0.7
2006-12-27,8.42,27.2,80.02,19.92,1.97,0.71
2006-12-28,14.86,27.0,82.88,17.75,1.95,0.73
2006-12-29,11.06,26.47,86.75,14.72,3.18,0.75
2006-12-30,28.28,26.27,87.6,16.83,3.78,0.78
2006-12-31,21.4,26.59,84.27,13.95,2.9,0.81
2007-01-01,7.88,26.77,85.78,16.48,4.49,0.83
2007-01-02,10.62,26.78,85.25,16.0,4.94,0.83
2007-01-03,23.97,26.03,86.72,6.34,5.47,0.86
2007-01-04,0.85,26.83,76.28,19.54,5.64,0.86
2007-01-05,0.0,25.9,80.93,20.63,3.47,0.85
2007-01-06,0.1,26.4,75.45,23.41,3.19,0.85
2007-01-07,0.0,26.55,76.22,20.94,2.67,0.84
2007-01-08,0.49,27.23,76.5,22.85,3.43,0.83
2007-01-09,14.02,27.25,80.25,18.49,4.86,0.83
2007-01-10,11.69,27.16,81.07,16.89,4.48,0.85
2007-01-11,2.29,27.24,79.53,21.45,4.22,0.85
2007-01-12,1.1,27.23,77.09,21.77,4.87,0.85
2007-01-13,3.81,27.53,76.64,20.67,5.15,0.84
2007-01-14,1.08,27.47,77.1,21.73,5.11,0.83
2007-01-15,0.34,27.5,75.16,22.26,5.31,0.83
2007-01-16,2.29,27.2,76.36,23.64,4.96,0.82
2007-01-17,2.18,27.11,77.91,23.42,4.18,0.82
2007-01-18,4.62,27.57,76.44,24.33,3.78,0.81
2007-01-19,5.47,27.28,78.59,23.08,3.5,0.81
2007-01-20,0.54,27.67,77.19,22.88,2.06,0.81
2007-01-21,1.63,28.02,76.9,21.79,1.79,0.81
2007-01-22,0.13,28.26,75.78,25.47,2.14,0.8
2007-01-23,0.11,28.2,72.0,25.04,2.46,0.79
2007-01-24,0.56,28.03,71.6,25.27,3.62,0.78
2007-01-25,10.69,27.46,73.97,24.8,3.61,0.78
2007-01-26,4.85,28.0,71.74,25.85,2.69,0.79
2007-01-27,1.67,28.0,71.43,24.86,2.76,0.78
2007-01-28,0.18,27.78,72.24,25.05,4.13,0.77
2007-01-29,0.7,27.8,73.01,22.9,4.63,0.77
2007-01-30,4.77,27.83,72.76,23.02,3.61,0.76
2007-01-31,1.63,28.1,72.18,24.09,2.59,0.76
2007-02-01,2.33,28.06,72.39,24.83,2.41,0.76
2007-02-02,6.01,27.03,77.47,26.17,2.27,0.76
2007-02-03,4.28,27.62,74.38,25.39,2.17,0.76
2007-02-04,4.25,27.95,74.28,25.67,3.03,0.76
2007-02-05,2.17,27.93,73.88,23.43,3.61,0.76
2007-02-06,2.45,27.26,78.27,21.59,4.5,0.76
2007-02-07,3.47,27.51,77.94,23.63,4.23,0.76
2007-02-08,7.98,26.69,83.61,19.83,3.62,0.76
2007-02-09,5.86,27.11,79.96,24.6,2.63,0.77
2007-02-10,0.53,27.91,73.55,26.63,1.73,0.77
2007-02-11,2.67,28.43,69.93,27.25,1.15,0.76
2007-02-12,3.05,28.62,68.71,25.92,0.87,0.76
2007-02-13,0.69,28.8,68.0,27.17,1.11,0.76
2007-02-14,1.1,29.37,65.82,26.37,1.21,0.75
2007-02-15,1.63,29.14,66.48,26.22,1.43,0.74
2007-02-16,4.05,28.67,68.46,21.86,0.97,0.74
2007-02-17,5.37,27.43,74.82,21.03,1.54,0.74
2007-02-18,1.92,27.97,73.16,26.12,2.53,0.74
2007-02-19,2.77,27.79,74.75,22.65,2.61,0.74
2007-02-20,4.33,28.34,72.18,25.41,1.89,0.74
2007-02-21,13.22,28.06,73.81,17.95,1.93,0.74
2007-02-22,22.24,26.63,84.77,21.26,2.52,0.78
2007-02-23,13.5,26.21,81.5,17.02,1.76,0.8
2007-02-24,15.46,26.57,80.63,19.8,1.33,0.81
2007-02-25,18.29,26.7,76.55,18.94,2.94,0.84
2007-02-26,3.15,26.8,71.78,21.53,1.36,0.84
2007-02-27,10.69,26.12,85.29,20.33,3.96,0.85
2007-02-28,16.47,26.02,85.98,20.82,3.04,0.87
2007-03-01,10.62,26.34,87.89,19.3,4.2,0.88
2007-03-02,36.31,25.97,88.18,11.39,5.22,0.9
2007-03-03,24.13,25.97,87.78,13.06,4.26,0.94
2007-03-04,21.87,26.42,88.4,10.8,3.57,0.96
2007-03-05,25.72,26.19,88.38,12.73,5.03,0.97
2007-03-06,25.16,26.13,89.85,17.97,5.79,0.99
2007-03-07,18.19,26.21,89.9,16.03,8.13,0.99
2007-03-08,2.96,26.13,88.58,20.95,5.67,0.99
2007-03-09,0.02,26.33,84.7,23.39,3.85,0.99
2007-03-10,0.35,26.3,85.05,23.72,4.22,0.98
2007-03-11,2.31,26.23,84.29,20.05,3.89,0.98
2007-03-12,4.74,25.72,83.27,8.47,2.15,0.98
2007-03-13,5.14,26.43,82.77,20.53,2.59,0.97
2007-03-14,9.3,26.58,85.5,15.56,2.28,0.98
2007-03-15,4.46,26.3,83.83,19.14,2.34,0.98
2007-03-16,14.19,26.43,82.55,20.43,1.17,0.98
2007-03-17,23.61,25.89,86.12,19.38,2.44,0.99
2007-03-18,5.05,25.53,85.8,17.1,3.14,1.0
2007-03-19,0.33,26.31,81.01,21.37,2.47,0.99
2007-03-20,4.47,26.62,81.88,23.55,1.75,0.99
2007-03-21,14.01,26.44,86.01,21.75,3.18,0.99
2007-03-22,10.79,26.36,86.53,19.25,2.23,0.99
2007-03-23,16.96,25.84,89.16,14.6,1.69,1.0
2007-03-24,5.44,25.57,85.13,20.38,2.7,1.0
2007-03-25,12.1,25.97,89.42,16.74,3.1,1.0
2007-03-26,1.42,25.78,89.51,20.59,4.08,0.99
2007-03-27,2.02,26.18,87.33,23.63,4.66,0.99
2007-03-28,4.03,26.13,88.32,23.0,5.4,0.99
2007-03-29,3.33,25.93,87.76,22.25,3.94,0.99
2007-03-30,7.81,26.47,83.6,22.88,1.84,0.99
2007-03-31,6.29,26.98,79.4,19.86,1.14,0.99
2007-04-01,8.72,27.2,79.0,9.55,1.22,0.99
2007-04-02,3.04,26.59,86.75,17.57,3.24,0.99
2007-04-03,3.5,26.72,81.78,19.46,4.74,0.99
2007-04-04,5.56,26.63,80.69,22.7,4.09,0.98
2007-04-05,6.82,26.38,83.4,20.58,2.72,0.98
2007-04-06,7.35,26.91,81.06,22.31,2.06,0.98
2007-04-07,5.82,26.28,85.18,21.63,3.74,0.98
2007-04-08,4.03,26.46,81.32,19.97,4.46,0.98
2007-04-09,5.25,26.27,80.46,21.62,4.67,0.97
2007-04-10,3.53,26.6,81.04,12.81,4.41,0.97
2007-04-11,9.7,26.44,86.63,16.05,3.04,0.97
2007-04-12,4.28,26.63,84.78,15.76,3.42,0.97
2007-04-13,12.35,26.39,87.16,8.33,7.12,0.97
2007-04-14,17.04,26.24,88.13,17.88,4.08,0.98
2007-04-15,29.24,26.21,86.19,14.17,3.74,0.99
2007-04-16,6.2,26.14,84.64,16.66,4.37,0.99
2007-04-17,3.85,26.23,84.14,19.22,3.84,0.99
2007-04-18,3.76,26.49,83.35,18.97,2.6,0.98
2007-04-19,12.09,26.6,87.85,17.92,1.75,0.98
2007-04-20,8.59,26.08,89.05,18.08,4.05,0.99
2007-04-21,9.85,25.74,85.43,17.48,3.81,0.99
2007-04-22,0.16,25.22,79.73,22.3,4.36,0.99
2007-04-23,0.09,25.61,78.15,18.38,3.79,0.98
2007-04-24,0.23,25.7,82.07,15.7,4.42,0.97
2007-04-25,1.41,25.65,82.31,21.5,3.94,0.97
2007-04-26,0.0,25.4,81.08,22.1,4.23,0.96
2007-04-27,1.59,25.88,81.8,18.14,3.84,0.96
2007-04-28,0.08,25.46,79.12,22.26,4.01,0.95
2007-04-29,0.25,25.22,81.43,21.7,3.04,0.94
2007-04-30,0.0,25.02,80.7,21.8,3.88,0.93
2007-05-01,1.14,25.11,83.47,20.7,4.43,0.92
2007-05-02,0.1,25.39,81.67,21.84,3.93,0.91
2007-05-03,6.17,25.65,83.28,18.86,3.89,0.91
2007-05-04,0.38,26.12,83.77,20.73,4.61,0.91
2007-05-05,3.06,25.94,82.39,21.44,5.13,0.9
2007-05-06,0.51,25.41,81.33,17.84,3.75,0.9
2007-05-07,0.01,25.62,80.51,19.13,3.92,0.89
2007-05-08,0.04,25.49,80.47,21.1,5.31,0.88
2007-05-09,0.06,25.43,79.72,21.25,5.22,0.88
2007-05-10,0.0,25.31,77.68,19.74,4.01,0.87
2007-05-11,0.0,25.1,79.83,21.65,3.31,0.86
2007-05-12,0.05,24.96,77.1,20.66,3.96,0.85
2007-05-13,0.76,25.14,77.18,19.98,4.42,0.85
2007-05-14,0.0,25.26,73.73,20.82,3.35,0.84
2007-05-15,0.0,25.43,77.78,19.39,2.69,0.83
2007-05-16,1.17,25.99,78.92,16.32,2.01,0.83
2007-05-17,1.02,26.62,77.47,18.34,1.6,0.82
2007-05-18,0.13,26.24,81.29,19.04,2.69,0.82
2007-05-19,1.4,26.51,78.65,19.41,2.01,0.82
2007-05-20,1.2,26.21,81.87,19.78,2.17,0.81
2007-05-21,0.28,26.01,81.96,20.41,4.05,0.81
2007-05-22,0.22,25.98,83.63,20.21,3.99,0.8
2007-05-23,0.8,26.12,79.67,18.74,5.19,0.8
2007-05-24,0.02,25.27,74.69,20.31,4.65,0.79
2007-05-25,0.0,25.48,76.53,19.92,4.08,0.78
2007-05-26,1.4,26.23,81.22,19.18,3.09,0.78
2007-05-27,5.0,26.11,84.76,17.51,3.55,0.78
2007-05-28,1.78,25.95,86.14,19.4,4.37,0.78
2007-05-29,4.12,25.82,85.04,15.79,5.08,0.79
2007-05-30,2.97,26.0,82.66,17.26,4.93,0.79
2007-05-31,0.97,25.81,83.99,17.94,4.49,0.79
2007-06-01,1.22,26.19,83.68,18.83,4.67,0.78
2007-06-02,2.3,25.98,85.25,14.66,6.01,0.78
2007-06-03,2.73,25.94,85.79,15.85,3.97,0.78
2007-06-04,1.94,25.77,85.59,15.77,5.26,0.78
2007-06-05,2.85,25.96,83.37,18.03,4.95,0.78
2007-06-06,4.84,25.85,82.23,16.04,5.47,0.78
2007-06-07,1.96,26.12,80.78,18.27,5.4,0.78
2007-06-08,0.46,25.56,78.36,17.8,5.98,0.78
2007-06-09,0.02,24.48,74.51,19.33,5.9,0.77
2007-06-10,1.35,24.02,73.35,18.44,5.15,0.77
2007-06-11,0.23,24.45,74.3,17.24,4.86,0.76
2007-06-12,2.05,24.64,77.94,14.02,5.7,0.76
2007-06-13,0.08,24.94,76.85,16.43,5.91,0.76
2007-06-14,0.27,24.82,76.42,17.73,6.06,0.75
2007-06-15,0.03,24.7,76.11,16.5,5.06,0.74
2007-06-16,0.11,25.03,74.98,16.92,3.97,0.74
2007-06-17,0.03,25.16,74.53,17.58,3.61,0.73
2007-06-18,0.13,24.95,74.01,14.47,3.14,0.73
2007-06-19,1.34,24.36,79.14,11.96,2.81,0.73
2007-06-20,1.1,25.4,80.35,14.65,2.44,0.72
2007-06-21,2.17,26.28,78.57,15.14,2.85,0.72
2007-06-22,0.57,26.42,79.01,16.37,4.33,0.72
2007-06-23,0.85,26.69,78.72,16.5,3.41,0.72
2007-06-24,0.65,26.58,78.18,16.46,3.09,0.71
2007-06-25,5.36,26.3,80.85,13.58,4.8,0.71
2007-06-26,3.56,25.79,80.88,16.0,6.97,0.72
2007-06-27,1.55,25.17,79.35,11.98,7.43,0.72
2007-06-28,0.31,24.57,74.66,14.31,6.06,0.72
2007-06-29,0.42,24.09,77.03,14.69,4.77,0.71
2007-06-30,0.01,24.09,74.33,18.16,4.05,0.71
2007-07-01,0.65,23.86,71.39,17.2,3.11,0.7
2007-07-02,0.43,23.69,75.69,19.36,2.87,0.7
2007-07-03,0.03,24.29,74.51,15.06,3.91,0.7
2007-07-04,0.32,24.37,76.18,18.03,5.77,0.69
2007-07-05,0.99,23.99,72.53,19.23,5.8,0.69
2007-07-06,0.01,23.73,71.33,19.43,4.83,0.69
2007-07-07,0.01,23.73,70.22,20.34,5.81,0.68
2007-07-08,0.0,23.76,68.9,18.84,6.24,0.68
2007-07-09,0.0,23.55,68.2,18.02,5.72,0.67
2007-07-10,0.28,23.38,69.96,17.81,5.53,0.67
2007-07-11,0.49,23.53,73.05,14.54,5.33,0.67
2007-07-12,0.21,23.45,74.58,16.17,5.37,0.66
2007-07-13,0.18,23.48,77.74,17.67,4.9,0.66
2007-07-14,0.36,24.15,80.45,18.55,4.74,0.66
2007-07-15,0.03,25.33,77.01,16.21,4.4,0.66
2007-07-16,0.01,25.33,78.82,18.13,5.0,0.65
2007-07-17,0.67,25.4,81.05,15.44,7.02,0.65
2007-07-18,0.15,25.05,78.46,17.97,5.97,0.65
2007-07-19,0.35,24.76,79.38,16.57,6.63,0.64
2007-07-20,0.09,24.8,77.12,17.08,6.87,0.64
2007-07-21,0.0,24.2,75.91,18.47,7.09,0.64
2007-07-22,0.05,23.93,73.2,19.24,6.85,0.63
2007-07-23,0.11,23.96,71.82,19.57,5.43,0.63
2007-07-24,0.68,24.17,74.29,18.4,4.86,0.63
2007-07-25,0.73,24.71,74.47,17.75,5.05,0.63
2007-07-26,0.0,24.39,71.47,19.91,4.84,0.62
2007-07-27,0.0,24.25,73.63,20.43,4.26,0.62
2007-07-28,0.02,24.57,70.37,18.84,3.27,0.62
2007-07-29,0.03,24.54,71.52,18.15,4.69,0.61
2007-07-30,0.0,24.45,70.41,20.35,5.22,0.61
2007-07-31,0.0,24.12,69.14,21.05,4.59,0.61
2007-08-01,0.0,24.08,68.74,18.9,4.24,0.61
2007-08-02,0.0,23.8,66.06,20.88,4.5,0.61
2007-08-03,0.06,23.97,67.17,18.05,3.96,0.6
2007-08-04,0.0,24.37,65.03,21.57,4.98,0.6
2007-08-05,0.01,25.34,68.29,20.75,5.49,0.6
2007-08-06,0.08,25.14,70.2,20.86,6.39,0.6
2007-08-07,0.37,24.78,63.77,19.18,6.2,0.6
2007-08-08,0.05,24.31,64.13,20.14,5.81,0.6
2007-08-09,0.0,24.5,66.15,20.75,6.33,0.6
2007-08-10,0.0,25.0,68.09,21.15,5.28,0.6
2007-08-11,0.09,25.36,68.1,13.67,5.36,0.6
2007-08-12,0.23,25.74,70.56,19.97,5.37,0.6
2007-08-13,0.0,26.06,69.34,21.54,4.83,0.6
2007-08-14,0.03,25.54,68.89,22.25,4.75,0.6
2007-08-15,0.82,25.46,68.56,20.06,5.7,0.6
2007-08-16,0.15,25.7,66.59,20.23,6.14,0.6
2007-08-17,0.0,25.57,69.9,19.45,6.68,0.6
2007-08-18,1.59,25.6,73.86,14.05,7.41,0.6
2007-08-19,2.73,25.54,73.74,11.59,7.5,0.6
2007-08-20,0.33,25.52,70.52,20.19,6.65,0.6
2007-08-21,0.06,25.31,66.69,21.0,5.66,0.6
2007-08-22,0.04,25.44,65.75,22.55,5.99,0.6
2007-08-23,0.0,25.35,60.1,23.06,5.86,0.6
2007-08-24,0.0,24.79,62.83,22.95,5.09,0.6
2007-08-25,0.0,24.09,53.66,24.14,4.84,0.6
2007-08-26,0.0,24.19,58.81,22.22,4.31,0.6
2007-08-27,0.0,24.51,61.11,22.9,5.18,0.6
2007-08-28,0.01,25.46,66.23,22.6,5.47,0.6
2007-08-29,0.0,25.43,69.49,22.58,6.35,0.6
2007-08-30,0.0,25.8,67.44,23.68,5.38,0.6
2007-08-31,0.0,25.78,65.92,23.92,6.25,0.6
2007-09-01,0.0,25.9,66.19,23.56,6.61,0.6
2007-09-02,0.01,26.22,68.21,23.56,6.7,0.6
2007-09-03,0.16,26.47,67.41,23.16,5.75,0.6
2007-09-04,0.0,26.63,66.18,23.72,5.77,0.59
2007-09-05,3.38,26.54,64.84,23.09,5.63,0.6
2007-09-06,0.52,26.11,59.83,24.02,5.2,0.6
2007-09-07,0.0,26.01,60.34,23.98,4.65,0.6
2007-09-08,0.0,25.32,57.83,24.31,4.51,0.6
2007-09-09,0.0,25.28,56.49,23.33,2.83,0.6
2007-09-10,0.0,25.29,59.53,24.31,4.38,0.6
2007-09-11,0.0,26.19,57.08,24.24,2.27,0.6
2007-09-12,0.0,26.35,57.96,24.07,3.11,0.6
2007-09-13,0.04,26.45,58.76,22.95,3.68,0.6
2007-09-14,0.0,27.09,59.1,24.74,3.4,0.6
2007-09-15,0.07,26.61,60.9,23.67,4.63,0.59
2007-09-16,0.02,26.41,64.39,24.32,5.18,0.59
2007-09-17,0.0,27.04,63.52,24.53,4.68,0.59
2007-09-18,0.0,27.32,59.47,24.48,4.18,0.59
2007-09-19,0.0,27.28,58.75,24.86,3.84,0.59
2007-09-20,0.0,27.51,58.1,18.62,4.03,0.59
2007-09-21,0.0,27.61,55.77,24.58,3.76,0.59
2007-09-22,0.0,27.4,59.16,24.47,4.4,0.59
2007-09-23,0.0,27.63,59.42,25.21,3.66,0.59
2007-09-24,0.0,27.91,58.93,25.22,3.59,0.59
2007-09-25,0.0,28.18,58.87,25.29,4.53,0.59
2007-09-26,0.0,27.82,55.83,25.81,4.38,0.59
2007-09-27,0.0,27.96,57.6,24.94,3.95,0.59
2007-09-28,0.13,28.57,57.61,24.51,3.38,0.59
2007-09-29,0.0,28.47,55.89,24.12,3.49,0.59
2007-09-30,0.02,29.11,53.62,24.38,3.11,0.59
2007-10-01,0.06,28.23,54.46,25.86,4.65,0.59
2007-10-02,0.03,27.97,59.65,24.37,4.55,0.59
2007-10-03,0.09,28.04,60.6,25.73,4.93,0.59
2007-10-04,0.0,28.45,59.38,25.67,4.09,0.59
2007-10-05,0.0,28.41,60.91,25.87,3.65,0.59
2007-10-06,0.02,28.5,59.15,25.98,3.85,0.59
2007-10-07,0.0,28.96,60.01,25.28,3.11,0.59
2007-10-08,2.45,29.32,55.57,23.26,2.43,0.59
2007-10-09,1.28,29.5,54.3,25.73,2.16,0.6
2007-10-10,0.0,28.65,57.92,25.03,3.57,0.6
2007-10-11,1.9,28.3,59.5,24.78,2.65,0.6
2007-10-12,0.72,28.68,60.05,22.28,3.42,0.6
2007-10-13,0.4,29.58,57.66,25.92,2.66,0.6
2007-10-14,0.35,29.52,54.68,26.15,4.07,0.6
2007-10-15,0.0,29.12,54.35,26.24,4.12,0.6
2007-10-16,1.3,28.28,56.17,26.22,4.67,0.6
2007-10-17,2.3,28.43,58.69,25.63,3.69,0.6
2007-10-18,6.27,28.43,63.72,24.36,4.0,0.61
2007-10-19,2.92,28.7,64.39,24.87,3.62,0.61
2007-10-20,3.23,28.05,62.96,25.44,5.06,0.62
2007-10-21,0.14,28.18,63.19,26.12,5.01,0.61
2007-10-22,0.01,28.43,62.3,25.18,4.5,0.61
2007-10-23,0.08,28.82,60.34,26.69,3.95,0.61
2007-10-24,0.01,29.42,56.83,24.89,2.35,0.61
2007-10-25,0.09,29.72,53.43,25.76,2.97,0.61
2007-10-26,0.0,29.18,59.01,26.73,3.4,0.6
2007-10-27,3.62,29.95,52.88,25.69,2.07,0.6
2007-10-28,1.29,29.18,57.12,26.35,2.29,0.61
2007-10-29,0.38,29.68,54.52,25.79,2.14,0.61
2007-10-30,1.7,29.74,58.88,23.77,2.3,0.61
2007-10-31,23.38,28.02,71.7,14.77,3.79,0.63
2007-11-01,7.0,27.39,76.08,21.72,2.93,0.66
2007-11-02,4.65,27.4,75.86,21.86,2.0,0.66
2007-11-03,4.0,27.92,72.77,14.45,2.79,0.66
2007-11-04,8.24,27.38,77.78,23.24,3.57,0.67
2007-11-05,5.43,27.72,75.33,22.79,3.82,0.67
2007-11-06,4.0,27.08,79.02,24.24,2.75,0.68
2007-11-07,2.69,26.98,78.32,23.68,3.24,0.68
2007-11-08,1.0,27.83,73.89,24.99,3.6,0.68
2007-11-09,0.8,28.13,69.95,25.5,3.91,0.67
2007-11-10,3.24,28.03,71.97,24.99,3.82,0.67
2007-11-11,2.34,28.36,69.73,24.83,3.37,0.67
2007-11-12,1.53,28.61,66.92,25.16,1.54,0.67
2007-11-13,1.89,28.58,66.89,22.73,1.6,0.66
2007-11-14,1.45,29.24,67.18,21.62,1.49,0.66
2007-11-15,0.98,29.37,65.68,24.29,1.67,0.65
2007-11-16,1.11,29.07,66.82,24.64,2.21,0.65
2007-11-17,0.44,28.72,67.18,25.31,3.4,0.65
2007-11-18,0.06,29.06,65.84,24.14,2.91,0.64
2007-11-19,0.11,29.25,63.53,26.02,3.25,0.63
2007-11-20,0.0,29.45,61.31,25.77,3.98,0.63
2007-11-21,0.05,29.29,62.38,25.74,4.27,0.63
2007-11-22,0.02,29.1,63.64,24.25,4.12,0.62
2007-11-23,1.76,29.07,65.02,22.05,3.25,0.62
2007-11-24,4.9,28.34,70.08,13.4,2.77,0.62
2007-11-25,1.85,27.77,75.19,25.34,2.34,0.63
2007-11-26,1.58,28.56,67.37,25.67,2.8,0.63
2007-11-27,0.04,29.5,59.45,26.38,1.4,0.62
2007-11-28,0.37,29.57,59.64,24.34,1.68,0.62
2007-11-29,0.55,29.78,58.65,26.27,1.53,0.62
2007-11-30,1.61,29.91,59.07,25.65,2.41,0.61
2007-12-01,4.47,28.99,63.47,18.28,1.49,0.62
2007-12-02,2.2,28.57,68.77,24.48,1.72,0.62
2007-12-03,3.23,27.61,76.93,24.55,3.13,0.62
2007-12-04,1.28,27.71,75.57,23.87,3.26,0.62
2007-12-05,3.18,27.56,74.62,21.31,1.37,0.62
2007-12-06,2.84,28.62,69.52,20.17,2.2,0.63
2007-12-07,6.07,28.25,73.71,21.2,2.0,0.63
2007-12-08,6.58,28.12,73.45,20.25,2.26,0.64
2007-12-09,3.67,28.33,72.25,22.37,2.64,0.64
2007-12-10,6.72,28.0,74.94,23.36,2.21,0.65
2007-12-11,9.08,28.46,72.49,23.61,2.06,0.66
2007-12-12,8.23,27.28,79.25,16.2,1.41,0.67
2007-12-13,3.31,28.13,71.13,25.08,0.83,0.67
2007-12-14,2.63,28.55,71.29,24.67,1.24,0.67
2007-12-15,3.27,28.7,71.35,22.51,0.77,0.67
2007-12-16,5.18,28.59,71.82,24.22,0.92,0.68
2007-12-17,9.29,28.05,71.55,23.05,1.02,0.68
2007-12-18,19.98,27.3,78.86,7.17,3.27,0.71
2007-12-19,33.9,26.48,83.99,10.29,4.63,0.76
2007-12-20,16.18,26.17,81.89,20.59,2.55,0.79
2007-12-21,11.21,26.24,87.05,19.38,3.02,0.81
2007-12-22,17.17,26.46,85.96,20.46,3.75,0.82
2007-12-23,23.34,26.04,86.24,12.75,3.54,0.85
2007-12-24,15.9,26.28,81.44,16.58,2.28,0.88
2007-12-25,8.17,26.7,83.42,22.83,1.58,0.88
2007-12-26,47.96,26.57,87.52,15.17,3.6,0.9
2007-12-27,15.8,26.45,88.25,16.8,7.94,0.94
2007-12-28,4.39,27.03,83.61,18.43,7.43,0.93
2007-12-29,22.06,26.42,87.75,15.59,6.44,0.95
2007-12-30,7.27,25.8,85.65,15.93,4.09,0.96
2007-12-31,9.38,25.61,87.14,11.84,4.67,0.96
2008-01-01,10.73,26.4,84.28,11.62,5.93,0.97
2008-01-02,12.34,25.32,88.44,14.72,5.63,0.97
2008-01-03,5.8,25.96,84.42,19.26,7.05,0.97
2008-01-04,8.0,25.82,84.26,15.79,7.93,0.97
2008-01-05,2.36,26.07,83.42,20.11,6.22,0.97
2008-01-06,2.58,26.33,81.75,22.42,5.12,0.96
2008-01-07,1.72,26.22,81.47,23.79,4.1,0.96
2008-01-08,2.57,26.35,81.14,22.3,3.93,0.95
2008-01-09,0.84,26.75,79.6,20.53,3.95,0.94
2008-01-10,1.77,26.18,85.09,22.38,4.84,0.93
2008-01-11,0.87,26.84,82.3,23.0,4.57,0.93
2008-01-12,3.22,26.58,82.9,18.98,5.96,0.93
2008-01-13,4.16,26.15,84.16,22.95,4.46,0.92
2008-01-14,3.54,25.9,86.28,21.58,3.87,0.92
2008-01-15,10.02,26.11,87.02,17.45,5.15,0.93
2008-01-16,6.97,25.7,87.42,20.48,5.93,0.93
2008-01-17,6.18,25.51,84.22,18.57,4.25,0.94
2008-01-18,2.32,25.86,81.04,21.73,2.94,0.94
2008-01-19,1.23,26.2,82.1,24.35,2.79,0.93
2008-01-20,0.89,26.47,79.17,24.64,3.64,0.92
2008-01-21,2.49,26.53,76.36,26.05,3.84,0.91
2008-01-22,0.33,26.63,75.94,26.35,2.91,0.91
2008-01-23,0.05,26.98,74.07,23.7,1.11,0.9
2008-01-24,3.22,27.9,72.41,26.31,1.52,0.89
2008-01-25,3.06,28.27,71.93,25.69,1.13,0.89
2008-01-26,8.23,27.91,76.3,21.92,1.86,0.89
2008-01-27,10.28,27.67,76.05,24.16,1.0,0.89
2008-01-28,8.5,26.68,83.12,23.14,1.63,0.9
2008-01-29,7.25,27.0,84.96,22.7,2.79,0.91
2008-01-30,7.98,26.47,89.33,21.65,3.76,0.91
2008-01-31,5.7,26.44,85.87,23.11,2.37,0.92
2008-02-01,11.48,26.84,83.34,24.85,1.72,0.93
2008-02-02,22.86,26.87,86.0,21.8,2.56,0.95
2008-02-03,14.97,26.11,85.15,17.78,3.45,0.96
2008-02-04,13.47,25.7,89.43,20.15,4.29,0.97
2008-02-05,14.96,26.02,87.69,18.9,4.64,0.98
2008-02-06,11.8,25.73,88.5,18.21,4.11,0.99
2008-02-07,29.56,25.68,88.39,16.66,4.31,0.99
2008-02-08,30.69,25.66,89.07,12.59,4.34,1.0
2008-02-09,12.3,25.69,90.02,10.9,6.54,1.0
2008-02-10,5.36,25.74,87.97,15.7,6.45,1.0
2008-02-11,4.19,26.37,87.47,21.45,7.85,1.0
2008-02-12,15.17,25.93,89.03,18.53,8.61,1.0
2008-02-13,10.02,26.07,88.95,18.21,7.63,1.0
2008-02-14,10.45,25.66,89.54,15.72,7.5,1.0
2008-02-15,14.59,25.59,91.03,16.59,7.85,1.0
2008-02-16,5.45,25.59,88.03,17.18,6.16,1.0
2008-02-17,8.52,25.67,89.08,20.34,4.69,1.0
2008-02-18,14.38,25.54,88.17,21.96,3.68,1.0
2008-02-19,10.72,25.54,89.53,13.23,4.1,1.0
2008-02-20,18.17,25.45,89.34,8.52,5.41,1.0
2008-02-21,16.03,25.33,87.26,12.63,6.28,1.0
2008-02-22,11.92,25.24,90.0,11.39,4.79,1.0
2008-02-23,24.49,25.41,88.96,20.06,4.16,1.0
2008-02-24,1.78,25.56,85.51,22.53,4.08,1.0
2008-02-25,0.33,25.75,81.52,22.2,3.68,0.99
2008-02-26,0.25,25.65,81.6,22.99,2.94,0.99
2008-02-27,0.28,26.13,79.55,23.27,2.7,0.98
2008-02-28,0.71,25.49,83.36,21.85,2.86,0.98
2008-02-29,4.1,26.04,82.3,23.63,2.88,0.97
2008-03-01,5.37,25.85,85.69,23.54,3.25,0.97
2008-03-02,6.08,25.87,86.14,18.67,3.59,0.97
2008-03-03,4.39,25.52,87.97,20.1,2.66,0.97
2008-03-04,10.39,25.83,83.13,24.05,1.53,0.98
2008-03-05,9.01,26.16,83.4,22.62,1.74,0.98
2008-03-06,10.08,25.79,83.1,19.48,1.62,0.99
2008-03-07,4.57,26.19,80.6,23.89,1.05,0.99
2008-03-08,3.26,26.86,77.48,22.77,1.22,0.98
2008-03-09,6.1,27.02,76.69,22.85,1.44,0.98
2008-03-10,3.08,26.6,80.96,24.55,1.83,0.98
2008-03-11,3.94,26.98,81.33,19.46,1.63,0.97
2008-03-12,7.52,26.3,84.21,18.97,1.37,0.97
2008-03-13,7.81,27.24,79.05,22.93,1.29,0.98
2008-03-14,5.8,27.44,76.65,24.15,0.95,0.98
2008-03-15,12.83,26.87,80.41,18.6,0.8,0.98
2008-03-16,5.41,26.16,81.4,16.09,1.59,0.98
2008-03-17,5.78,26.44,78.82,23.93,1.42,0.98
2008-03-18,8.61,27.47,74.6,23.21,0.91,0.98
2008-03-19,10.34,27.12,79.87,23.03,1.44,0.99
2008-03-20,9.25,26.05,84.48,21.76,1.97,0.99
2008-03-21,36.61,26.19,83.89,16.58,1.68,1.0
2008-03-22,7.67,25.96,82.84,20.91,1.43,1.0
2008-03-23,7.19,26.25,83.79,18.3,2.1,1.0
2008-03-24,24.07,26.36,81.31,18.72,1.2,1.0
2008-03-25,4.04,26.64,79.94,19.27,1.71,1.0
2008-03-26,8.66,26.47,80.21,22.61,1.01,1.0
2008-03-27,9.18,25.99,86.22,21.0,1.96,1.0
2008-03-28,7.98,26.14,80.43,17.93,1.82,1.0
2008-03-29,10.5,26.14,84.3,20.08,2.14,1.0
2008-03-30,21.79,25.59,88.54,22.64,2.22,1.0
2008-03-31,6.43,25.09,88.2,12.87,2.74,1.0
2008-04-01,13.88,25.53,84.15,20.87,1.38,1.0
2008-04-02,10.98,25.66,84.74,21.8,1.57,1.0
2008-04-03,3.84,25.82,84.8,19.76,1.52,1.0
2008-04-04,3.38,25.82,82.87,20.05,1.92,1.0
2008-04-05,12.51,25.27,86.75,15.39,1.84,1.0
2008-04-06,9.01,25.13,88.21,21.62,2.92,1.0
2008-04-07,5.95,25.81,85.23,19.97,4.31,1.0
2008-04-08,1.8,26.23,82.74,21.5,4.72,1.0
2008-04-09,0.93,26.11,81.39,24.35,4.91,0.99
2008-04-10,0.5,25.67,78.47,16.5,4.85,0.98
2008-04-11,2.28,25.78,80.45,23.33,3.97,0.98
2008-04-12,4.02,25.81,80.88,21.47,4.03,0.97
2008-04-13,2.18,25.24,79.01,23.15,4.63,0.97
2008-04-14,1.42,25.26,77.91,20.58,4.65,0.96
2008-04-15,1.5,25.67,77.67,20.82,5.29,0.96
2008-04-16,0.23,25.59,74.41,22.17,5.05,0.95
2008-04-17,0.14,26.03,76.13,22.05,4.54,0.94
2008-04-18,0.87,26.04,73.76,22.73,4.52,0.93
2008-04-19,0.85,25.57,74.62,22.72,3.94,0.92
2008-04-20,0.07,25.3,75.26,21.55,4.02,0.91
2008-04-21,0.46,25.82,75.85,20.64,3.49,0.9
2008-04-22,0.46,26.09,76.67,19.54,3.28,0.9
2008-04-23,0.01,25.68,78.58,21.51,3.83,0.89
2008-04-24,0.02,25.41,81.99,21.34,4.35,0.88
2008-04-25,1.51,25.71,81.68,20.93,4.52,0.88
2008-04-26,1.07,25.39,75.69,22.67,4.42,0.87
2008-04-27,0.0,24.92,75.35,20.84,3.94,0.86
2008-04-28,0.85,25.17,77.04,21.44,4.55,0.85
2008-04-29,0.0,26.06,77.31,21.92,3.84,0.85
2008-04-30,2.84,26.41,78.88,20.6,4.51,0.84
2008-05-01,3.08,25.94,80.04,17.29,3.72,0.84
2008-05-02,1.7,25.91,82.91,18.13,4.26,0.84
2008-05-03,5.84,26.14,80.33,20.73,4.3,0.83
2008-05-04,2.05,25.84,80.49,19.47,4.16,0.83
2008-05-05,2.62,25.91,77.18,21.42,5.47,0.83
2008-05-06,0.06,25.66,73.69,21.14,5.41,0.83
2008-05-07,1.04,25.51,71.62,20.8,4.87,0.82
2008-05-08,0.0,25.11,71.01,21.21,4.76,0.81
2008-05-09,0.0,24.71,69.8,21.31,4.64,0.8
2008-05-10,0.42,24.88,68.49,20.87,4.08,0.8
2008-05-11,0.62,24.62,71.98,20.48,4.13,0.79
2008-05-12,0.06,24.64,73.96,19.05,3.73,0.79
2008-05-13,0.03,24.95,72.73,19.41,3.14,0.78
2008-05-14,0.04,25.54,72.17,19.69,3.39,0.77
2008-05-15,1.19,25.88,75.73,16.31,4.33,0.77
2008-05-16,1.92,25.88,77.36,19.16,5.07,0.77
2008-05-17,0.8,25.96,77.02,15.13,5.66,0.76
2008-05-18,0.76,25.87,77.07,19.95,4.98,0.76
2008-05-19,1.2,25.74,78.87,19.96,5.22,0.75
2008-05-20,0.06,25.77,78.09,17.64,4.84,0.75
2008-05-21,0.49,25.56,76.26,9.4,5.56,0.74
2008-05-22,0.0,25.43,71.73,16.91,5.55,0.74
2008-05-23,0.04,25.08,70.41,17.93,5.4,0.73
2008-05-24,0.09,24.93,74.08,17.99,4.99,0.73
2008-05-25,0.14,24.99,75.03,19.26,5.18,0.72
2008-05-26,0.54,25.42,75.03,19.49,5.66,0.72
2008-05-27,1.47,25.79,75.01,19.5,6.53,0.72
2008-05-28,0.87,25.4,72.41,19.72,6.66,0.71
2008-05-29,0.01,24.92,70.94,19.36,6.83,0.71
2008-05-30,0.0,24.94,74.46,16.42,5.89,0.71
2008-05-31,0.0,24.81,74.39,16.24,6.43,0.7
2008-06-01,0.0,24.56,73.38,17.75,5.63,0.7
2008-06-02,0.0,24.55,72.35,18.33,5.42,0.69
2008-06-03,0.0,24.47,70.34,18.77,5.01,0.69
2008-06-04,1.14,24.89,71.55,18.47,4.13,0.68
2008-06-05,1.87,24.6,75.64,17.21,4.43,0.68
2008-06-06,0.6,25.36,75.67,16.57,3.56,0.68
2008-06-07,1.32,25.56,79.46,16.27,4.87,0.68
2008-06-08,0.69,25.66,79.83,17.22,6.14,0.68
2008-06-09,0.92,25.97,79.11,18.3,4.74,0.68
2008-06-10,1.64,26.1,79.14,17.52,4.01,0.67
2008-06-11,4.39,25.28,82.69,12.96,5.37,0.68
2008-06-12,0.04,25.44,76.37,17.88,5.77,0.68
2008-06-13,0.45,25.28,77.53,18.38,5.0,0.67
2008-06-14,0.63,25.26,77.42,18.06,4.2,0.67
2008-06-15,0.62,25.01,76.25,18.2,4.92,0.67
2008-06-16,0.09,24.83,72.3,19.37,3.92,0.66
2008-06-17,0.22,24.6,72.32,19.75,4.16,0.66
2008-06-18,0.15,24.83,70.05,19.11,4.48,0.66
2008-06-19,0.0,24.85,68.17,20.02,4.16,0.65
2008-06-20,0.43,24.6,71.95,19.62,4.91,0.65
2008-06-21,0.85,24.72,73.65,16.95,7.27,0.65
2008-06-22,0.13,24.24,73.6,16.22,6.94,0.65
2008-06-23,0.5,24.59,76.61,18.09,6.36,0.64
2008-06-24,0.92,24.84,79.87,15.15,6.75,0.64
2008-06-25,0.05,24.88,78.22,16.73,6.6,0.64
2008-06-26,0.18,24.25,76.46,18.97,6.03,0.64
2008-06-27,0.41,24.27,73.77,18.2,4.44,0.63
2008-06-28,0.0,24.51,72.76,19.24,3.67,0.63
2008-06-29,0.03,24.36,75.86,18.63,4.57,0.63
2008-06-30,0.54,24.73,76.21,18.23,5.2,0.63
2008-07-01,0.14,25.06,73.47,18.71,4.9,0.62
2008-07-02,0.0,25.0,73.46,19.07,5.02,0.62
2008-07-03,0.55,24.98,73.39,19.1,5.54,0.62
2008-07-04,0.01,24.47,72.2,19.06,5.42,0.62
2008-07-05,1.02,24.49,70.82,19.28,5.45,0.61
2008-07-06,0.0,24.09,68.93,18.16,5.46,0.61
2008-07-07,0.08,24.24,69.23,18.89,6.87,0.61
2008-07-08,0.0,24.62,71.68,19.55,8.29,0.61
2008-07-09,0.0,24.03,67.96,19.11,7.94,0.61
2008-07-10,0.4,24.04,72.58,15.49,6.21,0.61
2008-07-11,0.03,24.68,71.38,14.98,5.69,0.6
2008-07-12,0.17,24.92,69.56,18.52,5.02,0.6
2008-07-13,0.16,25.08,69.13,18.66,6.19,0.6
2008-07-14,0.02,24.79,68.61,19.07,6.43,0.6
2008-07-15,0.0,24.25,62.26,21.29,5.38,0.6
2008-07-16,0.24,24.55,73.77,19.33,5.48,0.6
2008-07-17,0.23,25.01,67.98,20.23,4.95,0.6
2008-07-18,0.0,24.87,67.82,19.98,4.46,0.6
2008-07-19,0.0,25.03,66.9,19.31,5.23,0.6
2008-07-20,0.0,24.98,63.82,19.61,5.73,0.6
2008-07-21,0.0,25.09,66.47,15.76,4.82,0.6
2008-07-22,0.18,25.18,64.78,20.14,5.82,0.6
2008-07-23,0.0,24.87,65.05,19.47,6.65,0.6
2008-07-24,0.02,24.59,65.43,18.98,6.02,0.6
2008-07-25,0.0,23.67,65.44,20.48,5.57,0.6
2008-07-26,0.0,23.59,67.2,19.43,5.09,0.6
2008-07-27,0.0,24.12,65.66,17.26,4.43,0.6
2008-07-28,0.0,24.27,68.19,20.76,4.37,0.6
2008-07-29,0.0,24.55,64.96,21.81,3.64,0.6
2008-07-30,0.0,24.64,67.47,20.55,3.72,0.6
2008-07-31,0.0,24.26,71.43,19.06,5.11,0.59
2008-08-01,0.0,24.13,66.3,21.31,4.9,0.59
2008-08-02,0.0,24.16,69.55,20.79,4.59,0.59
2008-08-03,0.02,24.85,71.18,20.83,5.67,0.59
2008-08-04,1.15,24.85,67.59,20.67,6.4,0.6
2008-08-05,0.0,25.03,66.67,21.61,6.74,0.6
2008-08-06,0.0,24.9,67.79,22.38,6.61,0.6
2008-08-07,0.35,24.97,66.77,21.73,7.54,0.6
2008-08-08,0.29,25.0,66.23,20.76,7.57,0.6
2008-08-09,0.27,24.56,68.38,20.44,6.23,0.6
2008-08-10,0.0,25.12,64.42,20.69,5.26,0.6
2008-08-11,0.0,25.92,64.12,21.11,4.29,0.6
2008-08-12,0.0,25.57,67.08,21.12,5.43,0.6
2008-08-13,0.0,25.35,64.04,19.95,6.17,0.6
2008-08-14,1.55,25.51,65.04,20.83,6.16,0.6
2008-08-15,0.02,25.38,65.83,20.73,6.17,0.6
2008-08-16,0.0,25.33,64.23,19.98,6.37,0.6
2008-08-17,0.0,25.19,62.65,21.8,7.45,0.6
2008-08-18,0.03,24.84,60.11,22.27,7.54,0.6
2008-08-19,0.05,24.63,65.22,19.03,6.36,0.6
2008-08-20,0.04,25.45,66.36,20.56,5.01,0.6
2008-08-21,0.13,25.65,69.97,20.52,6.41,0.6
2008-08-22,0.13,25.98,67.96,22.35,7.1,0.6
2008-08-23,0.0,25.7,66.97,20.64,7.38,0.6
2008-08-24,0.02,25.56,69.92,17.49,6.75,0.6
2008-08-25,0.0,25.57,67.74,22.71,7.19,0.6
2008-08-26,0.13,26.08,70.21,21.52,6.12,0.59
2008-08-27,0.67,26.46,70.34,21.26,5.2,0.6
2008-08-28,0.02,26.99,68.25,22.65,3.86,0.6
2008-08-29,0.74,27.41,66.0,22.46,3.56,0.6
2008-08-30,0.8,27.2,68.34,21.38,4.88,0.6
2008-08-31,0.12,26.83,68.74,22.04,6.22,0.6
2008-09-01,0.0,26.76,66.28,22.09,5.45,0.6
2008-09-02,0.13,26.59,69.67,23.04,6.3,0.6
2008-09-03,0.04,26.58,68.67,22.73,7.05,0.6
2008-09-04,0.0,26.49,66.43,24.16,6.11,0.6
2008-09-05,0.01,26.9,62.83,23.98,4.26,0.6
2008-09-06,5.52,26.8,64.05,22.84,4.58,0.6
2008-09-07,1.84,26.77,65.7,22.93,4.93,0.61
2008-09-08,0.04,26.8,63.45,23.7,4.71,0.6
2008-09-09,0.16,27.47,63.62,23.75,3.85,0.6
2008-09-10,0.11,27.24,67.14,23.15,5.34,0.6
2008-09-11,0.0,26.97,65.01,23.54,4.55,0.6
2008-09-12,0.0,27.18,62.04,24.75,2.9,0.6
2008-09-13,0.0,27.68,53.96,24.67,2.72,0.6
2008-09-14,0.0,27.57,53.7,25.39,4.09,0.6
2008-09-15,0.31,27.4,58.61,22.43,3.88,0.6
2008-09-16,0.0,27.59,60.4,24.83,4.06,0.6
2008-09-17,2.41,27.98,59.15,24.99,4.36,0.6
2008-09-18,0.56,27.22,62.51,24.68,4.56,0.6
2008-09-19,0.0,28.12,60.27,24.75,3.8,0.6
2008-09-20,0.06,28.4,59.67,23.88,3.26,0.6
2008-09-21,0.01,28.38,57.94,25.02,2.68,0.6
2008-09-22,0.55,27.97,56.92,25.04,2.94,0.6
2008-09-23,0.0,28.14,55.32,25.93,4.33,0.6
2008-09-24,0.0,27.77,60.01,25.43,4.7,0.6
2008-09-25,3.29,28.08,64.04,24.51,4.8,0.6
2008-09-26,1.14,27.62,65.45,23.63,5.38,0.6
2008-09-27,0.07,27.14,59.15,24.56,4.92,0.6
2008-09-28,0.01,26.95,59.99,25.37,5.34,0.6
2008-09-29,0.57,27.73,60.36,24.62,3.51,0.6
2008-09-30,0.11,27.98,59.09,24.3,3.36,0.6
2008-10-01,0.28,28.28,58.99,24.0,3.31,0.6
2008-10-02,0.5,28.5,59.66,25.48,3.04,0.6
2008-10-03,4.35,28.49,61.57,25.04,4.24,0.6
2008-10-04,2.16,28.39,63.84,24.23,4.55,0.61
2008-10-05,0.02,28.07,64.48,24.47,4.35,0.61
2008-10-06,0.51,28.21,62.28,24.65,4.77,0.61
2008-10-07,1.2,28.52,63.93,24.94,3.06,0.61
2008-10-08,3.74,27.65,70.56,18.55,4.97,0.61
2008-10-09,2.03,27.95,67.24,25.75,4.25,0.61
2008-10-10,0.68,28.12,64.29,26.31,6.0,0.61
2008-10-11,0.11,28.1,66.16,26.28,5.28,0.61
2008-10-12,1.77,28.71,63.67,25.94,5.63,0.61
2008-10-13,1.25,28.23,65.58,26.39,5.22,0.61
2008-10-14,0.71,28.6,61.0,22.88,4.13,0.61
2008-10-15,1.24,29.08,60.94,26.29,3.74,0.61
2008-10-16,3.77,29.15,63.12,26.52,4.16,0.61
2008-10-17,1.41,29.02,63.74,24.79,4.2,0.61
2008-10-18,0.76,28.4,66.11,23.49,4.94,0.61
2008-10-19,3.24,28.3,67.18,26.09,5.62,0.62
2008-10-20,1.11,28.41,67.08,26.85,5.74,0.62
2008-10-21,0.14,28.93,63.51,27.09,4.82,0.61
2008-10-22,1.84,28.81,68.65,25.81,5.72,0.61
2008-10-23,4.21,28.83,64.14,26.03,5.3,0.62
2008-10-24,0.73,28.63,65.29,25.59,4.92,0.62
2008-10-25,6.67,28.43,66.18,23.47,4.32,0.62
2008-10-26,0.03,28.94,58.58,26.32,1.9,0.62
2008-10-27,2.05,29.04,57.19,22.39,1.8,0.62
2008-10-28,0.84,28.89,58.42,25.89,2.33,0.62
2008-10-29,1.9,28.29,61.49,21.64,5.52,0.62
2008-10-30,0.03,28.26,60.36,21.2,3.8,0.61
2008-10-31,0.79,28.33,64.76,22.35,2.91,0.61
2008-11-01,10.65,27.79,70.75,20.32,2.3,0.62
2008-11-02,4.67,27.91,73.05,26.08,4.27,0.63
2008-11-03,1.58,28.58,66.06,25.88,3.58,0.63
2008-11-04,0.51,28.44,65.55,21.99,4.58,0.63
2008-11-05,1.89,28.69,63.71,25.74,2.45,0.62
2008-11-06,1.0,29.05,61.01,25.32,2.15,0.62
2008-11-07,1.96,28.67,63.76,23.65,1.77,0.62
2008-11-08,3.85,29.06,65.72,23.87,2.93,0.62
2008-11-09,2.9,28.87,66.98,22.7,2.77,0.62
2008-11-10,2.85,28.77,67.66,23.43,3.99,0.63
2008-11-11,3.9,28.79,69.14,22.63,3.5,0.63
2008-11-12,4.56,28.97,68.9,24.62,2.9,0.63
2008-11-13,3.38,28.8,67.15,22.86,2.01,0.63
2008-11-14,3.29,27.98,72.26,23.73,2.08,0.64
2008-11-15,2.48,28.34,71.19,23.29,2.79,0.64
2008-11-16,4.13,27.79,76.39,23.58,2.66,0.64
2008-11-17,5.01,27.6,77.65,23.15,2.19,0.64
2008-11-18,14.25,27.78,75.08,16.54,0.89,0.66
2008-11-19,7.53,27.36,77.15,22.65,0.98,0.68
2008-11-20,6.66,28.2,73.4,23.09,0.88,0.69
2008-11-21,0.65,28.78,70.7,24.59,0.93,0.68
2008-11-22,6.75,28.34,75.49,20.65,1.93,0.68
2008-11-23,12.08,27.83,78.16,20.31,2.59,0.7
2008-11-24,9.34,27.58,75.61,21.23,2.52,0.71
2008-11-25,9.29,27.49,76.21,18.56,1.71,0.72
2008-11-26,18.31,27.25,78.71,18.84,2.4,0.73
2008-11-27,21.99,26.15,80.94,16.72,1.67,0.77
2008-11-28,5.18,26.67,78.84,17.9,1.32,0.78
2008-11-29,19.81,26.07,86.18,15.53,2.08,0.8
2008-11-30,13.49,26.38,84.2,19.81,2.95,0.83
2008-12-01,4.02,26.52,83.11,20.38,3.14,0.83
2008-12-02,9.7,26.45,81.42,13.23,2.78,0.84
2008-12-03,4.95,27.52,74.79,21.88,2.56,0.84
2008-12-04,1.08,27.8,74.39,24.16,1.24,0.84
2008-12-05,6.66,26.81,82.98,23.84,1.95,0.84
2008-12-06,14.31,27.9,77.19,20.26,0.99,0.84
2008-12-07,12.73,27.37,79.06,23.5,0.98,0.86
2008-12-08,29.83,26.93,80.68,16.66,0.89,0.89
2008-12-09,9.08,25.86,86.88,23.65,3.09,0.9
2008-12-10,6.19,26.54,85.03,19.03,2.21,0.91
2008-12-11,9.86,26.18,86.34,17.51,3.03,0.91
2008-12-12,18.17,25.9,88.39,15.81,3.56,0.93
2008-12-13,11.37,26.0,85.43,11.34,2.72,0.94
2008-12-14,16.63,26.23,83.67,17.41,1.93,0.96
2008-12-15,13.94,26.18,82.93,18.92,2.23,0.97
2008-12-16,13.6,25.64,84.59,21.19,3.11,0.97
2008-12-17,12.99,26.19,81.86,20.68,2.58,0.98
2008-12-18,12.83,26.14,82.83,13.89,2.83,0.98
2008-12-19,4.06,26.46,81.72,21.21,2.19,0.98
2008-12-20,8.05,26.44,81.23,21.52,3.18,0.98
2008-12-21,2.98,26.69,80.48,22.23,3.1,0.98
2008-12-22,2.61,26.86,81.39,21.41,4.22,0.98
2008-12-23,1.55,26.57,82.12,23.54,3.22,0.97
2008-12-24,2.05,26.77,80.64,24.88,3.25,0.96
2008-12-25,1.74,26.56,79.25,22.91,3.57,0.96
2008-12-26,2.22,26.45,79.83,24.61,3.3,0.95
2008-12-27,8.88,26.32,83.57,20.63,2.78,0.95
2008-12-28,6.01,26.45,82.63,23.77,3.13,0.95
2008-12-29,9.29,26.18,84.07,21.06,1.84,0.95
2008-12-30,17.32,25.65,86.06,15.72,2.1,0.96
2008-12-31,8.58,25.09,84.66,17.34,4.26,0.97
2009-01-01,4.98,25.64,80.5,15.0,4.32,0.97
2009-01-02,2.8,26.11,81.1,15.74,3.61,0.97
2009-01-03,9.88,26.74,81.58,18.96,3.54,0.96
2009-01-04,16.91,26.71,85.05,20.68,2.13,0.97
2009-01-05,14.14,25.93,89.51,16.56,2.9,0.98
2009-01-06,2.76,26.46,83.55,22.03,2.24,0.98
2009-01-07,8.26,26.99,81.16,22.74,1.57,0.98
2009-01-08,8.86,26.49,83.04,22.63,3.2,0.98
2009-01-09,8.73,26.56,84.54,22.05,4.1,0.99
2009-01-10,16.69,26.22,86.74,19.67,4.67,0.99
2009-01-11,9.86,25.77,80.38,9.31,4.31,0.99
2009-01-12,5.16,25.89,82.92,23.05,2.83,0.99
2009-01-13,15.06,25.42,86.52,18.97,3.79,0.99
2009-01-14,10.24,25.45,87.46,19.96,4.78,1.0
2009-01-15,9.23,24.88,89.61,12.41,5.06,1.0
2009-01-16,5.99,25.62,85.65,17.7,5.51,1.0
2009-01-17,2.09,25.54,84.22,17.82,4.94,0.99
2009-01-18,1.95,25.57,87.65,21.01,4.39,0.99
2009-01-19,2.88,26.04,83.31,24.09,4.41,0.98
2009-01-20,1.07,26.36,83.17,23.21,3.71,0.98
2009-01-21,1.87,26.33,84.52,23.43,2.74,0.97
2009-01-22,3.21,26.33,83.85,22.88,1.86,0.97
2009-01-23,3.19,26.25,85.36,18.43,1.93,0.97
2009-01-24,1.9,26.32,84.31,23.1,3.06,0.97
2009-01-25,0.23,26.32,82.79,22.04,3.29,0.96
2009-01-26,1.6,26.48,83.4,22.53,2.49,0.96
2009-01-27,7.7,26.58,86.32,22.64,3.26,0.96
2009-01-28,16.89,26.33,87.39,17.31,3.93,0.97
2009-01-29,21.54,25.6,89.56,17.73,3.84,0.98
2009-01-30,7.9,25.75,88.46,11.49,3.74,0.99
2009-01-31,3.11,26.22,81.53,14.32,3.81,0.98
2009-02-01,6.74,26.38,83.46,19.53,3.69,0.98
2009-02-02,8.37,25.92,85.81,20.37,4.57,0.98
2009-02-03,12.24,25.9,86.64,18.1,5.61,0.98
2009-02-04,2.11,26.16,84.56,21.4,5.57,0.99
2009-02-05,10.49,26.22,85.31,20.53,6.96,0.98
2009-02-06,13.17,25.89,88.62,18.86,7.94,0.99
2009-02-07,10.38,25.75,88.5,15.81,6.63,0.99
2009-02-08,8.8,25.81,88.16,16.73,4.63,0.99
2009-02-09,9.71,25.67,87.73,17.04,3.33,0.99
2009-02-10,12.25,25.26,87.93,9.8,5.58,0.99
2009-02-11,11.0,25.41,85.57,17.61,4.68,0.99
2009-02-12,7.3,25.72,88.57,19.81,6.14,0.99
2009-02-13,9.72,25.88,87.25,21.26,5.11,0.99
2009-02-14,10.85,25.11,90.51,17.87,4.71,1.0
2009-02-15,10.08,25.32,86.89,20.21,2.81,1.0
2009-02-16,6.26,25.02,88.78,18.83,4.06,1.0
2009-02-17,11.93,24.81,88.7,16.72,3.53,1.0
2009-02-18,8.9,24.97,86.92,12.22,3.07,1.0
2009-02-19,11.86,25.61,84.39,14.06,2.46,1.0
2009-02-20,8.39,26.44,79.63,19.47,1.25,1.0
2009-02-21,7.45,26.17,81.79,22.49,1.75,1.0
2009-02-22,2.1,26.77,75.95,22.5,1.54,0.99
2009-02-23,1.23,27.82,70.14,25.04,0.59,0.99
2009-02-24,3.04,27.79,74.86,20.92,1.11,0.98
2009-02-25,5.93,26.51,84.03,21.12,2.29,0.98
2009-02-26,5.85,26.55,83.16,20.58,2.47,0.98
2009-02-27,4.94,25.77,87.98,17.66,3.4,0.98
2009-02-28,6.58,25.86,88.1,17.4,3.43,0.98
2009-03-01,36.03,25.68,89.72,15.63,3.31,0.99
2009-03-02,16.26,25.61,85.77,18.63,3.23,1.0
2009-03-03,16.66,25.92,86.1,15.29,2.62,1.0
2009-03-04,22.82,25.98,84.52,20.42,1.35,1.0
2009-03-05,3.7,25.35,89.96,17.37,2.32,1.0
2009-03-06,5.13,24.72,89.03,15.13,2.6,1.0
2009-03-07,5.26,26.81,76.51,24.02,0.82,1.0
2009-03-08,1.85,27.83,71.7,25.95,0.95,1.0
2009-03-09,1.83,27.32,76.02,24.65,1.98,0.99
2009-03-10,3.88,27.24,75.13,24.73,1.58,0.99
2009-03-11,5.7,27.23,74.09,24.01,1.51,0.98
2009-03-12,2.32,27.51,74.23,25.65,1.6,0.98
2009-03-13,0.35,26.93,73.76,26.48,2.5,0.97
2009-03-14,0.34,27.16,74.53,26.46,2.18,0.96
2009-03-15,9.9,27.1,77.32,21.3,2.59,0.96
2009-03-16,10.89,26.53,80.39,14.43,1.79,0.97
2009-03-17,4.06,26.17,85.74,21.26,2.52,0.97
2009-03-18,0.91,26.46,81.25,24.62,2.26,0.97
2009-03-19,0.72,27.36,72.92,24.64,1.03,0.96
2009-03-20,0.77,27.42,68.77,26.07,1.26,0.96
2009-03-21,0.18,26.68,74.41,24.22,2.53,0.94
2009-03-22,0.04,26.54,70.92,25.36,2.38,0.93
2009-03-23,0.1,26.87,67.89,24.61,1.38,0.92
2009-03-24,0.0,27.33,72.09,24.76,1.1,0.91
2009-03-25,0.13,27.55,72.33,25.43,2.05,0.9
2009-03-26,2.48,26.75,76.93,21.47,2.66,0.9
2009-03-27,2.2,26.65,79.24,23.68,2.92,0.9
2009-03-28,4.94,26.74,77.01,24.12,3.92,0.89
2009-03-29,2.86,26.37,79.15,21.25,2.7,0.89
2009-03-30,4.62,26.78,79.57,22.51,2.65,0.89
2009-03-31,9.88,26.87,82.58,22.86,3.21,0.89
2009-04-01,11.4,26.47,85.81,21.61,4.3,0.9
2009-04-02,4.43,26.63,82.34,22.28,4.89,0.91
2009-04-03,8.68,26.48,81.49,23.32,4.96,0.91
2009-04-04,1.24,26.46,79.46,24.42,5.24,0.9
2009-04-05,0.12,26.58,76.27,24.03,4.3,0.89
2009-04-06,0.6,26.12,76.61,22.9,4.08,0.88
2009-04-07,0.42,26.01,78.08,22.58,3.65,0.88
2009-04-08,0.08,26.15,79.68,23.51,3.59,0.87
2009-04-09,1.01,26.94,79.24,21.77,4.14,0.86
2009-04-10,2.12,27.33,76.32,23.35,3.77,0.85
2009-04-11,1.49,27.51,78.56,22.64,3.02,0.85
2009-04-12,2.82,27.48,80.93,21.1,3.77,0.84
2009-04-13,3.64,27.13,83.82,20.7,3.93,0.84
2009-04-14,1.5,27.41,80.37,21.86,3.79,0.84
2009-04-15,1.46,27.73,78.2,20.41,3.86,0.84
2009-04-16,3.23,27.2,79.96,17.0,2.66,0.83
2009-04-17,2.8,27.85,75.3,21.86,2.5,0.83
2009-04-18,8.25,27.65,76.71,19.12,2.5,0.83
2009-04-19,4.74,27.5,77.37,18.82,2.63,0.84
2009-04-20,2.58,27.45,75.6,18.79,2.08,0.84
2009-04-21,2.98,27.15,75.26,21.81,2.91,0.83
2009-04-22,2.02,27.07,76.47,22.26,2.21,0.83
2009-04-23,0.62,26.74,75.31,21.34,3.39,0.82
2009-04-24,0.41,27.15,73.4,20.35,2.68,0.82
2009-04-25,0.14,27.55,73.72,22.38,2.71,0.81
2009-04-26,1.16,27.31,74.54,22.56,2.31,0.8
2009-04-27,1.71,26.75,76.56,22.04,2.54,0.8
2009-04-28,0.12,26.82,77.22,22.03,4.05,0.79
2009-04-29,0.11,26.75,74.6,22.5,4.6,0.78
2009-04-30,0.0,26.52,69.95,21.7,4.8,0.78
2009-05-01,0.0,26.51,68.12,19.18,4.3,0.77
2009-05-02,0.02,26.74,68.48,21.24,4.18,0.76
2009-05-03,0.87,26.68,73.97,15.65,4.68,0.76
2009-05-04,1.61,26.86,76.01,15.21,4.81,0.75
2009-05-05,7.43,26.64,85.39,16.79,6.58,0.76
2009-05-06,5.12,26.43,84.36,16.61,6.0,0.77
2009-05-07,14.97,26.16,84.51,12.48,6.83,0.78
2009-05-08,11.63,25.91,82.25,19.58,6.63,0.8
2009-05-09,4.02,26.13,81.34,17.24,5.32,0.8
2009-05-10,2.14,26.07,83.27,19.07,4.69,0.8
2009-05-11,4.11,25.19,85.7,16.7,4.43,0.8
2009-05-12,3.48,25.61,79.89,14.38,5.02,0.8
2009-05-13,0.35,25.64,76.25,17.9,4.09,0.8
2009-05-14,0.0,25.41,74.93,20.26,4.9,0.79
2009-05-15,2.59,25.79,75.98,19.18,3.93,0.79
2009-05-16,0.41,26.11,79.31,18.2,3.5,0.78
2009-05-17,0.0,26.85,78.12,19.57,2.27,0.78
2009-05-18,0.17,27.23,77.65,19.13,1.54,0.77
2009-05-19,6.16,27.2,76.59,17.37,2.19,0.77
2009-05-20,2.6,26.52,75.84,18.03,3.99,0.77
2009-05-21,1.82,26.05,76.85,17.55,4.29,0.77
2009-05-22,1.37,26.26,75.94,14.99,3.02,0.77
2009-05-23,2.72,26.17,80.03,18.56,3.23,0.76
2009-05-24,6.15,26.16,79.09,17.08,3.12,0.77
2009-05-25,6.0,26.21,78.98,17.54,4.49,0.77
2009-05-26,3.55,26.51,76.92,19.29,3.83,0.77
2009-05-27,2.74,25.88,79.29,17.95,3.98,0.77
2009-05-28,0.2,26.1,73.74,17.43,3.17,0.76
2009-05-29,0.0,26.2,73.99,19.04,2.9,0.76
2009-05-30,0.0,25.65,76.58,19.79,2.5,0.75
2009-05-31,0.97,26.0,78.98,19.72,3.81,0.75
2009-06-01,0.01,26.28,77.69,19.57,3.74,0.74
2009-06-02,2.34,26.23,77.36,17.25,4.34,0.74
2009-06-03,0.1,26.27,74.81,17.88,4.58,0.74
2009-06-04,0.58,26.09,74.99,18.51,4.25,0.73
2009-06-05,0.0,25.78,76.12,19.61,4.42,0.73
2009-06-06,0.5,25.88,74.89,15.21,5.06,0.72
2009-06-07,0.27,25.79,75.07,18.47,4.66,0.72
2009-06-08,0.11,25.83,75.09,17.16,4.01,0.71
2009-06-09,4.22,25.85,77.89,19.08,4.47,0.71
2009-06-10,0.31,25.56,76.69,19.12,4.46,0.71
2009-06-11,0.06,25.12,78.18,17.95,4.37,0.71
2009-06-12,0.0,24.82,70.2,18.66,4.63,0.7
2009-06-13,0.0,24.56,68.16,20.13,4.5,0.7
2009-06-14,0.0,24.69,67.82,20.96,3.86,0.69
2009-06-15,0.0,24.78,70.0,19.44,3.75,0.69
2009-06-16,0.0,24.99,71.83,18.96,3.89,0.68
2009-06-17,0.0,25.24,73.78,19.57,3.9,0.68
2009-06-18,0.42,25.85,75.98,18.96,5.25,0.68
2009-06-19,0.04,25.29,72.75,19.6,6.0,0.67
2009-06-20,0.0,24.97,69.63,20.0,4.78,0.67
2009-06-21,0.0,24.91,69.35,20.04,4.02,0.66
2009-06-22,0.0,24.71,70.44,19.85,3.31,0.66
2009-06-23,0.0,24.27,73.66,19.42,3.1,0.66
2009-06-24,0.0,23.98,71.27,20.21,2.83,0.65
2009-06-25,0.0,24.46,71.03,19.27,2.56,0.65
2009-06-26,0.0,25.68,74.33,19.22,3.35,0.64
2009-06-27,0.0,26.04,73.83,19.38,4.28,0.64
2009-06-28,0.0,25.43,74.31,19.86,4.65,0.64
2009-06-29,0.0,24.87,70.37,19.3,4.11,0.63
2009-06-30,0.0,25.2,70.34,19.27,3.69,0.63
2009-07-01,0.0,26.05,69.97,17.38,3.96,0.63
2009-07-02,0.04,26.0,73.36,18.2,4.99,0.62
2009-07-03,0.0,25.85,71.38,20.04,4.66,0.62
2009-07-04,0.07,25.65,72.38,19.84,4.92,0.62
2009-07-05,0.58,25.82,72.42,17.13,5.01,0.62
2009-07-06,0.0,25.33,63.47,20.18,4.88,0.62
2009-07-07,0.0,24.81,65.12,20.29,5.22,0.61
2009-07-08,0.0,24.98,63.97,18.39,5.23,0.61
2009-07-09,0.0,24.89,63.73,18.44,5.56,0.61
2009-07-10,1.34,24.66,58.56,19.05,4.71,0.61
2009-07-11,0.0,24.19,59.32,19.98,4.06,0.61
2009-07-12,0.97,24.36,62.87,18.1,4.5,0.61
2009-07-13,0.0,25.05,61.75,16.98,4.51,0.61
2009-07-14,0.0,25.67,62.84,19.49,5.3,0.61
2009-07-15,0.0,25.45,62.73,20.14,5.57,0.61
2009-07-16,0.07,25.53,66.41,17.6,5.37,0.6
2009-07-17,1.25,25.02,71.49,15.01,5.41,0.6
2009-07-18,0.86,25.3,69.36,17.76,4.99,0.61
2009-07-19,0.26,26.1,70.63,17.44,3.36,0.6
2009-07-20,0.09,26.83,67.95,13.42,2.28,0.6
2009-07-21,0.7,26.93,71.45,17.3,4.23,0.6
2009-07-22,0.89,26.85,72.94,16.26,4.85,0.6
2009-07-23,0.09,26.76,70.45,19.73,4.95,0.6
2009-07-24,0.0,26.13,72.44,20.6,4.66,0.6
2009-07-25,0.0,25.81,68.5,19.68,5.15,0.6
2009-07-26,0.09,26.15,69.47,20.84,6.31,0.6
2009-07-27,0.17,26.7,64.08,20.6,4.56,0.6
2009-07-28,0.08,26.11,66.03,21.01,4.94,0.6
2009-07-29,0.23,25.6,61.26,20.53,6.27,0.6
2009-07-30,0.13,25.13,56.63,19.27,5.58,0.6
2009-07-31,0.0,25.06,58.64,18.63,5.22,0.6
2009-08-01,0.23,25.42,61.66,20.07,5.74,0.6
2009-08-02,0.2,25.14,64.33,19.95,6.53,0.6
2009-08-03,0.23,25.22,69.15,19.49,6.45,0.6
2009-08-04,0.27,26.1,68.32,20.09,4.8,0.6
2009-08-05,0.0,26.07,67.5,20.77,5.57,0.6
2009-08-06,0.0,25.93,63.47,20.58,5.0,0.6
2009-08-07,0.0,25.43,60.6,20.75,5.47,0.6
2009-08-08,0.0,25.15,64.04,20.72,4.77,0.6
2009-08-09,0.0,26.3,61.95,21.41,4.01,0.6
2009-08-10,0.02,26.71,65.64,21.16,2.88,0.6
2009-08-11,0.07,27.2,64.65,20.27,3.51,0.6
2009-08-12,0.0,26.69,66.92,19.57,4.25,0.59
2009-08-13,0.01,26.47,65.95,21.01,4.08,0.59
2009-08-14,0.01,26.22,66.0,21.17,5.21,0.59
2009-08-15,0.0,26.7,62.55,21.46,3.59,0.59
2009-08-16,0.07,26.37,69.23,20.35,5.3,0.59
2009-08-17,0.02,26.07,68.22,22.3,5.78,0.59
2009-08-18,0.0,25.7,64.24,23.1,5.25,0.59
2009-08-19,0.0,25.62,67.14,22.56,7.05,0.59
2009-08-20,0.03,25.79,63.79,22.2,6.2,0.59
2009-08-21,0.0,26.3,64.38,22.86,4.23,0.59
2009-08-22,0.0,25.52,69.0,22.48,5.25,0.59
2009-08-23,0.1,25.86,63.77,22.27,4.68,0.59
2009-08-24,0.01,25.67,62.12,23.02,5.52,0.59
2009-08-25,0.0,25.72,60.69,22.79,4.5,0.59
2009-08-26,0.0,26.09,56.19,23.21,3.63,0.59
2009-08-27,0.06,26.37,59.54,23.0,3.11,0.59
2009-08-28,0.05,26.97,62.75,22.33,2.71,0.59
2009-08-29,0.23,27.32,65.48,19.32,4.52,0.59
2009-08-30,0.76,26.99,65.44,22.09,4.26,0.59
2009-08-31,0.18,27.44,62.44,21.52,3.81,0.59
2009-09-01,0.11,27.43,66.33,16.45,3.08,0.59
2009-09-02,0.51,27.63,66.01,15.72,5.1,0.59
2009-09-03,0.02,26.78,64.34,23.0,5.34,0.59
2009-09-04,0.24,26.78,64.43,23.81,5.04,0.59
2009-09-05,0.11,27.13,64.23,23.62,4.32,0.59
2009-09-06,0.1,27.0,67.01,20.55,5.44,0.59
2009-09-07,0.65,27.25,66.86,14.65,5.27,0.6
2009-09-08,4.77,27.65,63.48,24.54,3.87,0.6
2009-09-09,0.93,28.29,60.29,24.13,2.48,0.6
2009-09-10,1.32,28.38,60.64,24.59,3.19,0.6
2009-09-11,0.65,28.08,59.78,24.93,3.87,0.6
2009-09-12,0.42,27.79,64.23,23.77,4.13,0.6
2009-09-13,0.0,27.88,64.63,22.94,5.36,0.6
2009-09-14,0.0,27.69,65.97,23.9,4.51,0.6
2009-09-15,0.0,28.3,62.75,23.65,3.89,0.6
2009-09-16,0.93,28.27,65.1,23.17,4.53,0.6
2009-09-17,0.24,27.68,63.23,23.68,5.28,0.6
2009-09-18,0.35,27.63,64.38,22.6,4.68,0.6
2009-09-19,1.07,27.38,62.88,23.24,5.4,0.6
2009-09-20,1.05,27.22,65.69,12.55,2.49,0.6
2009-09-21,0.96,27.28,67.18,17.03,3.19,0.6
2009-09-22,2.87,27.64,66.25,20.74,4.12,0.6
2009-09-23,0.32,28.43,61.73,24.57,3.71,0.61
2009-09-24,0.04,29.11,57.09,25.45,3.38,0.6
2009-09-25,1.36,28.8,57.42,25.71,3.45,0.6
2009-09-26,2.07,28.83,56.78,24.19,4.03,0.61
2009-09-27,1.53,28.67,57.93,21.64,3.58,0.61
2009-09-28,3.52,28.5,56.87,23.88,3.33,0.61
2009-09-29,0.41,28.71,59.9,24.75,1.8,0.61
2009-09-30,0.25,28.75,59.58,22.97,1.94,0.61
2009-10-01,0.59,27.86,66.94,18.39,4.84,0.61
2009-10-02,2.41,27.83,64.79,14.76,4.83,0.61
2009-10-03,0.5,28.06,57.51,24.52,4.66,0.61
2009-10-04,0.81,28.87,55.78,24.37,2.89,0.61
2009-10-05,0.26,29.47,53.78,25.24,2.75,0.61
2009-10-06,2.76,29.07,59.42,23.62,4.53,0.61
2009-10-07,1.14,28.61,62.99,23.44,4.89,0.61
2009-10-08,1.31,28.71,57.08,23.93,3.79,0.61
2009-10-09,0.28,28.1,63.37,24.18,5.62,0.61
2009-10-10,0.68,28.34,62.08,25.21,5.1,0.61
2009-10-11,0.32,28.15,62.31,23.89,3.93,0.61
2009-10-12,0.47,28.02,59.27,25.94,4.39,0.61
2009-10-13,0.0,28.19,53.46,26.72,3.65,0.6
2009-10-14,0.0,28.83,49.08,26.79,2.19,0.6
2009-10-15,0.0,29.22,51.7,26.07,1.62,0.6
2009-10-16,0.09,29.79,53.93,25.77,3.06,0.6
2009-10-17,0.08,29.43,58.04,25.29,4.03,0.6
2009-10-18,0.1,29.04,60.85,25.63,5.43,0.6
2009-10-19,0.24,28.82,59.46,25.44,5.09,0.6
2009-10-20,0.25,28.73,58.09,24.97,4.34,0.6
2009-10-21,0.32,28.87,60.68,24.67,4.28,0.6
2009-10-22,5.79,28.4,66.82,23.07,5.04,0.61
2009-10-23,4.45,28.21,67.02,23.66,3.71,0.61
2009-10-24,0.68,28.44,64.86,25.2,5.04,0.61
2009-10-25,0.23,28.52,60.94,25.82,3.84,0.61
2009-10-26,0.0,28.88,57.78,26.74,2.68,0.61
2009-10-27,2.32,28.44,57.06,26.25,2.55,0.61
2009-10-28,0.0,29.25,52.06,25.89,2.45,0.61
2009-10-29,0.0,29.76,51.86,25.99,2.05,0.61
2009-10-30,0.0,29.83,50.93,26.12,2.23,0.6
2009-10-31,0.28,29.14,57.02,26.13,3.89,0.6
2009-11-01,3.27,28.94,60.19,25.31,4.37,0.6
2009-11-02,0.71,28.03,66.9,25.53,4.97,0.61
2009-11-03,0.53,29.08,62.01,25.92,4.18,0.61
2009-11-04,0.0,29.54,58.66,25.04,4.25,0.61
2009-11-05,0.01,29.77,58.73,25.23,3.51,0.6
2009-11-06,4.61,29.23,59.55,24.43,4.4,0.61
2009-11-07,0.42,29.2,60.78,24.24,4.44,0.61
2009-11-08,0.01,29.76,57.49,23.99,4.88,0.61
2009-11-09,0.68,28.99,64.27,22.3,5.24,0.61
2009-11-10,1.07,29.4,61.85,23.72,3.17,0.61
2009-11-11,1.81,29.47,62.88,24.86,4.55,0.61
2009-11-12,1.93,29.64,64.42,25.63,4.27,0.61
2009-11-13,5.43,29.51,64.16,23.85,4.48,0.61
2009-11-14,2.77,29.4,63.33,22.86,3.41,0.62
2009-11-15,0.65,29.48,60.9,25.14,2.61,0.62
2009-11-16,0.06,29.44,57.42,24.98,2.92,0.61
2009-11-17,0.25,30.01,56.81,25.81,1.92,0.61
2009-11-18,1.62,30.34,54.98,23.62,1.43,0.61
2009-11-19,1.28,29.92,56.76,20.6,1.71,0.61
2009-11-20,0.94,29.42,59.02,23.78,2.39,0.61
2009-11-21,2.28,29.56,59.2,23.53,2.53,0.61
2009-11-22,0.06,30.06,56.92,25.88,2.97,0.61
2009-11-23,0.0,30.25,55.46,25.43,3.24,0.61
2009-11-24,0.45,30.68,56.94,25.48,1.88,0.61
2009-11-25,1.55,30.08,58.47,22.27,1.25,0.61
2009-11-26,2.99,29.8,57.1,24.21,1.59,0.61
2009-11-27,1.08,29.85,57.91,24.64,2.11,0.61
2009-11-28,1.11,29.83,60.83,25.16,3.47,0.61
2009-11-29,3.14,30.1,60.49,24.55,2.34,0.61
2009-11-30,0.82,30.29,58.06,26.2,2.38,0.61
2009-12-01,0.54,29.85,58.95,26.41,1.82,0.61
2009-12-02,0.08,30.1,58.96,25.07,1.99,0.61
2009-12-03,2.66,28.64,65.21,24.69,1.24,0.61
2009-12-04,0.46,29.65,59.6,26.48,2.2,0.61
2009-12-05,1.18,29.57,58.73,26.86,3.31,0.61
2009-12-06,1.55,29.54,61.38,26.29,3.37,0.61
2009-12-07,3.44,30.2,57.31,24.75,1.89,0.61
2009-12-08,2.86,30.37,60.17,25.99,1.13,0.62
2009-12-09,0.39,29.89,62.47,25.4,2.68,0.61
2009-12-10,0.09,30.3,60.35,26.16,2.7,0.61
2009-12-11,0.12,30.39,59.38,25.67,3.15,0.61
2009-12-12,0.92,29.62,63.71,23.32,2.17,0.61
2009-12-13,2.19,29.13,65.07,22.61,1.8,0.61
2009-12-14,5.68,28.99,66.89,18.44,2.3,0.62
2009-12-15,12.24,28.81,68.72,20.47,3.33,0.63
2009-12-16,14.88,27.19,78.73,17.19,4.83,0.65
2009-12-17,11.34,27.45,78.28,22.28,4.77,0.67
2009-12-18,10.91,27.29,79.09,20.81,4.31,0.69
2009-12-19,1.45,27.8,74.03,21.31,4.15,0.69
2009-12-20,10.17,26.95,79.09,22.7,4.41,0.69
2009-12-21,3.79,27.23,77.01,20.95,5.37,0.7
2009-12-22,7.89,27.05,77.96,21.89,3.05,0.71
2009-12-23,2.62,28.04,69.93,22.24,1.08,0.71
2009-12-24,1.21,27.97,74.93,22.03,2.18,0.71
2009-12-25,3.84,28.54,67.77,24.91,1.66,0.71
2009-12-26,0.8,28.56,68.38,22.92,2.06,0.71
2009-12-27,9.84,27.95,75.13,19.46,1.38,0.71
2009-12-28,13.68,27.23,77.71,20.64,1.71,0.73
2009-12-29,11.7,26.75,79.74,19.74,1.29,0.75
2009-12-30,7.21,27.06,78.7,22.46,1.32,0.76
2009-12-31,4.49,27.42,80.51,25.19,2.62,0.76
2010-01-01,2.08,27.89,77.65,25.32,1.71,0.76
2010-01-02,4.44,28.57,76.71,24.95,2.39,0.76
2010-01-03,9.42,27.87,79.31,20.93,3.17,0.77
2010-01-04,10.25,27.08,83.14,20.2,3.78,0.78
2010-01-05,5.2,27.88,76.04,20.07,4.12,0.79
2010-01-06,11.38,27.25,80.33,15.53,4.87,0.8
2010-01-07,6.36,26.49,79.53,20.61,4.23,0.8
2010-01-08,15.8,26.75,77.87,23.63,4.36,0.82
2010-01-09,6.28,26.96,76.49,21.5,4.42,0.82
2010-01-10,7.11,26.47,79.44,18.15,4.39,0.82
2010-01-11,0.75,27.37,73.52,24.89,4.73,0.82
2010-01-12,1.39,27.21,74.68,20.99,5.73,0.81
2010-01-13,3.59,27.31,77.56,19.01,5.32,0.81
2010-01-14,13.24,26.98,77.72,19.61,4.8,0.82
2010-01-15,22.15,26.4,83.5,14.12,5.37,0.84
2010-01-16,40.35,26.28,85.19,11.27,5.29,0.88
2010-01-17,11.39,25.97,85.14,13.62,6.49,0.9
2010-01-18,2.59,26.21,80.35,16.49,5.93,0.9
2010-01-19,5.52,26.06,81.97,11.66,5.96,0.9
2010-01-20,3.39,26.04,81.41,16.88,5.11,0.9
2010-01-21,1.3,25.94,80.95,16.88,5.05,0.9
2010-01-22,4.87,26.44,81.16,22.83,4.21,0.89
2010-01-23,3.4,26.6,82.79,23.1,3.44,0.89
2010-01-24,2.7,26.68,82.17,22.93,4.11,0.89
2010-01-25,0.97,27.22,79.05,26.57,3.19,0.89
2010-01-26,2.77,26.97,79.01,26.29,3.08,0.88
2010-01-27,3.5,27.04,77.81,25.01,2.92,0.88
2010-01-28,0.97,27.0,79.34,24.19,3.08,0.87
2010-01-29,1.01,27.43,78.22,23.95,3.18,0.86
2010-01-30,3.89,27.2,80.37,22.68,3.74,0.86
2010-01-31,6.93,26.85,84.99,23.3,3.8,0.86
2010-02-01,6.4,26.54,88.54,20.85,3.34,0.87
2010-02-02,2.74,26.46,82.26,23.86,2.22,0.87
2010-02-03,6.67,26.84,82.99,22.39,3.37,0.87
2010-02-04,7.28,26.91,83.83,22.66,3.36,0.88
2010-02-05,7.74,26.95,81.27,21.78,1.92,0.88
2010-02-06,8.49,26.55,83.37,22.63,1.8,0.89
2010-02-07,6.02,26.26,83.5,20.27,2.9,0.89
2010-02-08,3.43,27.13,78.79,25.32,2.24,0.89
2010-02-09,8.66,27.31,78.72,24.11,1.36,0.89
2010-02-10,4.68,27.21,81.66,26.23,2.11,0.9
2010-02-11,2.33,27.73,75.8,26.24,2.09,0.89
2010-02-12,1.41,27.92,75.05,23.11,2.28,0.88
2010-02-13,0.89,27.45,80.0,23.03,3.01,0.87
2010-02-14,4.31,27.97,78.34,22.14,2.24,0.87
2010-02-15,0.9,27.73,78.95,25.45,2.85,0.87
2010-02-16,1.55,28.48,73.98,24.87,2.17,0.86
2010-02-17,4.02,28.2,74.88,24.96,1.71,0.85
2010-02-18,7.92,28.08,77.32,23.15,1.44,0.86
2010-02-19,2.6,28.54,73.99,25.37,1.15,0.86
2010-02-20,1.36,28.14,77.93,23.49,2.28,0.85
2010-02-21,3.73,27.57,80.89,23.08,2.79,0.85
2010-02-22,2.78,28.16,77.63,21.01,2.39,0.85
2010-02-23,4.76,27.77,79.28,23.32,2.44,0.85
2010-02-24,3.56,27.91,77.67,22.86,2.29,0.85
2010-02-25,3.1,28.05,78.15,23.28,2.92,0.85
2010-02-26,4.2,27.6,81.02,21.32,3.34,0.85
2010-02-27,3.03,28.03,78.68,22.75,4.39,0.84
2010-02-28,6.68,27.99,78.72,20.03,3.94,0.84
2010-03-01,3.9,27.36,82.3,21.93,3.4,0.85
2010-03-02,4.13,27.47,81.96,20.78,2.72,0.85
2010-03-03,4.29,27.62,77.34,21.14,1.71,0.85
2010-03-04,1.32,27.71,76.35,18.7,0.91,0.85
2010-03-05,7.51,27.32,79.06,23.68,1.6,0.85
2010-03-06,8.96,27.18,82.49,16.69,1.83,0.86
2010-03-07,3.0,27.4,79.26,21.72,1.18,0.86
2010-03-08,3.42,28.08,71.2,26.44,2.07,0.86
2010-03-09,1.96,28.27,70.44,26.45,1.94,0.85
2010-03-10,0.11,28.08,72.17,26.08,3.03,0.84
2010-03-11,4.42,27.61,74.79,24.45,3.02,0.84
2010-03-12,5.79,27.54,73.89,25.19,3.24,0.84
2010-03-13,0.11,27.48,70.83,26.81,3.54,0.83
2010-03-14,0.0,28.1,67.57,26.26,1.88,0.82
2010-03-15,1.07,28.19,66.62,25.96,1.87,0.81
2010-03-16,5.13,28.27,65.9,24.8,1.21,0.81
2010-03-17,6.63,28.31,67.41,25.56,1.44,0.81
2010-03-18,5.15,28.62,70.35,24.96,1.75,0.81
2010-03-19,2.92,28.56,71.75,23.86,2.95,0.8
2010-03-20,2.72,28.05,73.68,16.88,3.48,0.8
2010-03-21,6.1,28.08,73.63,23.23,2.49,0.8
2010-03-22,6.36,28.49,71.2,24.46,3.16,0.8
2010-03-23,1.66,28.4,70.13,25.38,3.64,0.79
2010-03-24,1.0,28.23,71.82,25.67,2.02,0.78
2010-03-25,5.28,28.88,66.96,24.83,1.38,0.78
2010-03-26,2.0,29.18,66.33,23.12,1.28,0.78
2010-03-27,7.88,28.34,72.82,21.22,1.14,0.77
2010-03-28,16.19,28.4,73.75,19.3,1.34,0.8
2010-03-29,5.85,28.55,72.22,23.04,1.08,0.8
2010-03-30,1.9,28.3,75.89,23.46,2.04,0.8
2010-03-31,4.6,27.83,76.99,21.58,2.37,0.8
2010-04-01,5.18,27.62,78.26,20.94,1.89,0.8
2010-04-02,5.96,28.21,73.46,23.18,1.14,0.8
2010-04-03,4.37,28.87,70.28,23.25,0.9,0.8
2010-04-04,2.32,28.7,70.81,24.01,0.98,0.8
2010-04-05,1.62,28.66,67.8,24.27,1.31,0.8
2010-04-06,0.29,28.78,64.3,22.88,1.23,0.79
2010-04-07,1.54,28.76,65.91,23.14,1.33,0.78
2010-04-08,0.91,28.2,66.15,23.94,1.34,0.78
2010-04-09,0.18,28.59,65.52,22.96,1.4,0.77
2010-04-10,1.05,29.21,65.52,22.37,1.41,0.77
2010-04-11,14.25,28.72,72.98,20.2,1.81,0.77
2010-04-12,9.56,28.37,76.65,19.65,2.14,0.79
2010-04-13,8.47,27.93,78.61,20.67,1.81,0.79
2010-04-14,6.97,27.75,79.55,21.18,1.84,0.8
2010-04-15,11.84,27.49,81.87,16.98,1.54,0.81
2010-04-16,10.69,27.32,81.88,19.53,0.99,0.82
2010-04-17,18.28,27.02,84.88,16.43,2.26,0.84
2010-04-18,12.3,26.77,85.56,19.56,2.73,0.86
2010-04-19,18.54,26.7,84.26,10.29,2.21,0.88
2010-04-20,45.55,26.21,86.18,11.79,1.74,0.92
2010-04-21,16.59,26.05,89.43,10.49,2.86,0.94
2010-04-22,4.84,26.71,82.85,18.64,1.85,0.95
2010-04-23,3.03,27.5,76.75,20.73,0.95,0.94
2010-04-24,5.61,27.52,81.63,17.57,1.48,0.94
2010-04-25,2.02,26.98,81.08,16.1,3.21,0.94
2010-04-26,0.52,27.03,75.39,21.76,3.38,0.93
2010-04-27,0.81,27.31,75.86,22.95,3.74,0.92
2010-04-28,2.61,27.49,74.39,21.99,1.86,0.92
2010-04-29,1.06,27.08,78.02,19.93,2.01,0.91
2010-04-30,5.55,27.13,81.23,20.18,3.08,0.91
2010-05-01,3.9,27.13,84.47,20.64,5.55,0.91
2010-05-02,2.12,27.46,79.14,17.67,5.19,0.91
2010-05-03,4.64,27.09,82.85,14.66,5.44,0.9
2010-05-04,3.53,26.99,84.19,20.27,6.57,0.91
2010-05-05,8.14,26.8,85.15,13.78,5.86,0.91
2010-05-06,6.15,26.51,86.07,17.12,5.39,0.91
2010-05-07,4.52,26.67,82.89,17.69,5.88,0.91
2010-05-08,2.98,26.59,82.99,13.86,5.6,0.91
2010-05-09,6.6,26.0,81.66,17.68,4.64,0.91
2010-05-10,6.42,26.48,81.11,18.5,4.41,0.91
2010-05-11,5.55,26.57,84.16,12.15,4.37,0.91
2010-05-12,2.26,26.23,87.99,16.09,3.94,0.91
2010-05-13,4.52,26.28,87.4,18.99,2.98,0.91
2010-05-14,12.31,26.03,88.78,7.1,2.54,0.92
2010-05-15,7.41,26.34,90.0,17.71,3.92,0.93
2010-05-16,1.74,26.36,87.39,18.6,2.94,0.93
2010-05-17,4.71,26.44,86.82,18.44,1.58,0.93
2010-05-18,1.02,27.52,78.6,17.19,0.66,0.93
2010-05-19,3.43,27.86,79.95,19.76,1.37,0.93
2010-05-20,7.32,27.93,79.41,19.89,1.38,0.93
2010-05-21,5.02,27.47,80.47,19.1,1.85,0.93
2010-05-22,4.55,27.0,81.66,18.07,2.03,0.93
2010-05-23,9.95,26.92,82.28,17.96,2.29,0.93
2010-05-24,4.44,26.99,83.71,17.3,1.87,0.94
2010-05-25,4.56,26.39,87.43,17.4,1.93,0.94
2010-05-26,2.73,26.76,83.33,17.34,1.54,0.94
2010-05-27,6.27,26.74,80.91,17.89,1.54,0.94
2010-05-28,2.99,26.24,85.48,13.2,3.11,0.94
2010-05-29,3.36,26.49,84.67,14.6,3.31,0.94
2010-05-30,4.38,26.35,85.9,16.15,3.53,0.94
2010-05-31,0.31,26.48,80.51,18.98,2.92,0.93
2010-06-01,0.47,26.35,80.25,19.66,1.82,0.93
2010-06-02,0.78,26.64,82.73,19.16,2.74,0.92
2010-06-03,3.63,26.61,84.44,18.93,4.05,0.92
2010-06-04,1.07,26.05,80.56,18.35,5.86,0.91
2010-06-05,0.37,25.13,76.21,18.89,5.09,0.9
2010-06-06,0.36,24.66,78.72,18.17,4.14,0.9
2010-06-07,0.53,25.45,81.8,17.4,4.97,0.89
2010-06-08,1.14,25.84,82.59,17.4,5.37,0.89
2010-06-09,1.23,25.7,81.28,17.08,5.16,0.88
2010-06-10,0.03,25.41,79.95,18.56,5.19,0.88
2010-06-11,0.09,25.56,81.36,17.46,4.58,0.87
2010-06-12,0.69,25.74,81.42,10.78,5.13,0.86
2010-06-13,1.26,25.76,81.55,15.17,5.33,0.86
2010-06-14,2.6,25.83,82.79,14.18,5.18,0.85
2010-06-15,0.82,25.69,82.26,17.57,4.8,0.85
2010-06-16,0.92,25.74,82.16,14.71,4.82,0.85
2010-06-17,1.16,25.53,80.97,17.08,5.82,0.84
2010-06-18,0.16,25.15,77.21,19.09,5.89,0.84
2010-06-19,0.23,25.17,80.22,17.72,5.44,0.83
2010-06-20,1.71,24.59,76.44,16.56,5.53,0.82
2010-06-21,1.94,24.87,81.38,14.4,5.48,0.82
2010-06-22,1.42,24.81,79.82,17.43,5.99,0.82
2010-06-23,1.98,25.32,82.09,13.28,5.84,0.82
2010-06-24,0.01,25.19,77.64,16.69,5.48,0.81
2010-06-25,0.63,25.54,80.46,17.56,5.12,0.8
2010-06-26,3.81,25.71,82.11,10.92,5.95,0.8
2010-06-27,0.7,25.33,79.97,19.16,5.19,0.8
2010-06-28,0.08,24.96,76.85,19.61,5.03,0.79
2010-06-29,0.09,25.08,77.59,17.93,4.48,0.79
2010-06-30,1.85,25.62,81.61,17.43,3.72,0.78
2010-07-01,4.54,25.9,84.03,15.02,5.24,0.79
2010-07-02,5.97,25.96,84.59,12.31,6.83,0.79
2010-07-03,4.68,26.08,84.54,17.2,5.94,0.79
2010-07-04,0.87,25.57,85.4,16.81,5.01,0.79
2010-07-05,3.19,25.46,85.38,14.98,1.43,0.79
2010-07-06,5.7,26.66,76.24,16.72,0.71,0.79
2010-07-07,4.96,26.52,78.41,18.08,1.08,0.8
2010-07-08,1.82,25.45,84.05,16.5,1.89,0.8
2010-07-09,21.07,25.68,82.41,15.92,1.69,0.81
2010-07-10,2.85,25.31,86.46,17.8,2.98,0.82
2010-07-11,3.89,25.74,83.42,18.47,4.86,0.82
2010-07-12,0.51,25.38,80.47,19.37,4.7,0.82
2010-07-13,0.2,25.15,79.49,16.98,5.35,0.81
2010-07-14,0.0,25.4,77.3,17.79,6.06,0.81
2010-07-15,0.38,25.25,79.79,18.72,6.15,0.8
2010-07-16,1.32,25.29,79.61,16.18,6.68,0.79
2010-07-17,0.58,25.25,79.96,17.89,7.06,0.79
2010-07-18,0.38,24.61,79.05,19.11,5.82,0.79
2010-07-19,0.0,24.77,75.73,20.01,5.26,0.78
2010-07-20,0.0,25.03,78.62,16.6,5.18,0.77
2010-07-21,0.07,24.45,78.36,18.25,5.06,0.77
2010-07-22,0.32,24.39,76.96,17.38,5.26,0.76
2010-07-23,0.02,23.97,73.23,17.77,5.28,0.76
2010-07-24,1.86,25.06,79.72,10.53,5.34,0.75
2010-07-25,4.11,25.5,83.59,14.39,5.73,0.76
2010-07-26,4.44,25.7,84.28,16.24,5.53,0.76
2010-07-27,1.59,26.03,82.13,18.52,5.34,0.76
2010-07-28,0.26,25.89,81.06,19.85,5.41,0.75
2010-07-29,0.36,25.68,80.08,20.39,5.24,0.75
2010-07-30,0.29,25.44,78.14,20.0,4.93,0.74
2010-07-31,0.11,25.25,75.53,20.23,5.06,0.74
2010-08-01,0.39,25.48,77.72,19.71,5.58,0.73
2010-08-02,4.6,25.36,81.01,13.47,7.24,0.73
2010-08-03,1.94,24.83,79.24,16.43,7.55,0.73
2010-08-04,1.66,24.8,77.02,14.97,6.05,0.73
2010-08-05,0.72,24.56,72.42,19.73,5.6,0.73
2010-08-06,0.0,24.84,72.34,20.3,5.39,0.72
2010-08-07,0.0,25.17,75.34,19.23,4.63,0.72
2010-08-08,0.09,25.3,72.08,18.29,4.54,0.71
2010-08-09,0.0,25.29,69.08,20.41,4.84,0.71
2010-08-10,0.0,25.59,66.59,21.26,4.16,0.7
2010-08-11,0.26,25.54,75.65,21.31,4.84,0.7
2010-08-12,5.71,25.78,78.51,18.64,4.95,0.7
2010-08-13,0.59,25.94,76.22,21.64,4.76,0.7
2010-08-14,0.0,25.83,68.9,20.65,5.1,0.69
2010-08-15,0.0,25.35,68.07,22.95,4.87,0.69
2010-08-16,0.0,25.49,70.67,22.6,3.27,0.68
2010-08-17,0.0,25.4,73.65,22.27,1.83,0.68
2010-08-18,0.15,26.01,73.55,19.35,3.25,0.67
2010-08-19,0.51,26.25,74.86,18.94,4.67,0.67
2010-08-20,0.16,26.36,73.51,20.26,4.74,0.66
2010-08-21,0.4,26.48,74.57,20.4,4.66,0.66
2010-08-22,2.73,26.24,77.18,16.45,4.8,0.66
2010-08-23,5.77,26.53,76.75,20.17,4.42,0.66
2010-08-24,3.54,26.37,79.02,18.39,4.84,0.67
2010-08-25,0.0,25.89,74.27,22.03,4.13,0.66
2010-08-26,0.01,26.21,72.98,22.97,3.72,0.66
2010-08-27,2.0,25.97,69.72,22.94,3.33,0.66
2010-08-28,0.0,26.67,72.29,22.91,3.36,0.65
2010-08-29,0.33,26.68,74.19,22.17,4.98,0.65
2010-08-30,0.47,26.69,71.37,23.24,5.14,0.64
2010-08-31,0.02,26.56,69.32,23.11,4.29,0.64
2010-09-01,0.0,26.47,65.58,24.49,4.63,0.63
2010-09-02,0.04,26.61,70.39,20.79,4.12,0.63
2010-09-03,0.96,27.03,71.37,14.64,4.02,0.62
2010-09-04,2.27,27.09,72.94,17.24,4.32,0.62
2010-09-05,0.94,27.63,68.92,20.59,3.62,0.62
2010-09-06,7.97,27.07,74.4,18.77,2.46,0.62
2010-09-07,7.24,26.73,77.65,14.9,3.0,0.64
2010-09-08,7.49,26.88,76.15,21.01,3.21,0.65
2010-09-09,8.31,26.56,79.6,19.38,4.27,0.66
2010-09-10,6.06,26.42,80.01,19.01,3.31,0.67
2010-09-11,3.24,26.87,75.86,23.61,2.52,0.67
2010-09-12,0.93,27.31,70.51,24.26,3.89,0.67
2010-09-13,2.75,26.71,72.72,11.28,4.94,0.66
2010-09-14,0.78,26.37,77.95,20.8,2.98,0.66
2010-09-15,1.54,27.22,72.52,19.58,4.08,0.66
2010-09-16,26.01,26.29,79.44,14.88,4.22,0.68
2010-09-17,27.37,26.28,82.45,20.6,3.58,0.72
2010-09-18,1.05,27.08,75.25,22.48,5.31,0.73
2010-09-19,1.68,26.93,74.27,23.05,4.94,0.72
2010-09-20,4.77,26.67,74.67,17.03,5.41,0.72
2010-09-21,5.51,26.13,80.93,19.44,5.93,0.73
2010-09-22,9.67,25.65,84.14,18.78,4.75,0.74
2010-09-23,10.8,26.07,79.62,18.47,5.26,0.75
2010-09-24,7.4,25.99,79.44,18.19,6.4,0.76
2010-09-25,6.01,25.67,84.58,18.88,4.22,0.77
2010-09-26,1.67,26.76,77.62,24.65,4.47,0.77
2010-09-27,1.56,27.07,75.22,24.83,3.69,0.76
2010-09-28,0.95,27.42,72.44,24.22,3.56,0.76
2010-09-29,0.26,27.36,75.14,25.08,3.61,0.75
2010-09-30,3.48,27.55,73.64,23.2,3.79,0.75
2010-10-01,5.3,27.07,79.21,22.05,4.52,0.75
2010-10-02,2.53,26.68,77.66,22.26,4.45,0.75
2010-10-03,0.56,27.32,77.96,24.52,4.99,0.75
2010-10-04,3.94,27.45,79.33,24.92,4.9,0.74
2010-10-05,2.18,27.06,79.56,21.76,4.45,0.75
2010-10-06,1.81,27.31,76.2,24.05,4.18,0.74
2010-10-07,7.71,26.75,77.1,19.61,3.18,0.74
2010-10-08,5.28,25.64,69.99,14.04,2.72,0.75
2010-10-09,4.1,25.68,70.38,15.07,1.48,0.75
2010-10-10,8.26,26.98,71.72,24.06,1.0,0.75
2010-10-11,8.54,26.86,77.11,22.93,2.43,0.76
2010-10-12,31.05,25.7,83.49,19.05,3.31,0.79
2010-10-13,2.91,26.39,79.61,22.86,2.97,0.81
2010-10-14,2.66,27.09,78.49,22.1,2.68,0.81
2010-10-15,11.73,26.59,80.8,15.82,2.55,0.81
2010-10-16,7.8,26.91,78.96,14.45,3.06,0.82
2010-10-17,4.54,26.59,80.55,22.64,3.19,0.82
2010-10-18,4.69,26.4,81.83,23.87,5.36,0.82
2010-10-19,0.64,26.77,73.62,20.35,5.46,0.82
2010-10-20,3.0,26.82,69.79,26.07,4.81,0.81
2010-10-21,0.82,27.43,72.82,25.27,3.93,0.81
2010-10-22,7.53,26.4,82.69,21.99,4.3,0.81
2010-10-23,13.48,26.35,86.41,21.85,3.87,0.83
2010-10-24,6.16,27.16,80.88,26.0,2.96,0.83
2010-10-25,0.74,26.78,80.45,24.3,4.28,0.83
2010-10-26,0.71,27.49,76.89,24.18,5.04,0.82
2010-10-27,0.2,27.73,73.14,23.54,3.31,0.81
2010-10-28,0.93,27.67,74.57,24.86,2.35,0.81
2010-10-29,1.75,27.6,73.88,22.91,2.31,0.8
2010-10-30,1.87,27.87,72.19,21.56,1.95,0.8
2010-10-31,6.57,27.43,73.67,21.61,2.09,0.8
2010-11-01,10.14,26.93,75.94,20.21,2.66,0.81
2010-11-02,10.82,26.97,78.57,22.9,3.6,0.81
2010-11-03,13.75,26.76,82.04,18.89,4.18,0.82
2010-11-04,16.68,25.66,84.6,6.7,1.78,0.84
2010-11-05,1.69,26.88,75.58,22.61,2.68,0.84
2010-11-06,6.27,27.07,75.75,21.88,2.58,0.84
2010-11-07,4.69,27.17,77.99,25.4,3.91,0.84
2010-11-08,3.42,27.15,75.89,23.98,3.84,0.84
2010-11-09,0.06,27.55,75.23,26.41,3.91,0.83
2010-11-10,0.01,27.45,72.37,26.95,3.02,0.82
2010-11-11,2.04,28.16,66.64,26.35,1.6,0.81
2010-11-12,0.21,28.5,65.82,26.58,1.42,0.8
2010-11-13,0.05,28.62,65.98,26.71,1.5,0.79
2010-11-14,3.24,28.2,68.84,26.43,2.94,0.79
2010-11-15,0.65,28.17,65.99,26.22,2.14,0.78
2010-11-16,1.23,27.86,67.66,26.4,2.62,0.77
2010-11-17,0.1,28.46,66.44,25.38,2.89,0.77
2010-11-18,0.02,28.66,67.98,26.17,2.62,0.76
2010-11-19,1.58,28.7,67.97,23.29,2.62,0.75
2010-11-20,4.32,27.93,71.02,22.49,2.3,0.75
2010-11-21,6.47,27.34,79.31,21.6,3.67,0.76
2010-11-22,7.76,27.34,79.49,22.04,2.81,0.77
2010-11-23,2.29,27.18,80.63,21.68,2.88,0.77
2010-11-24,3.28,27.37,80.92,24.31,3.23,0.77
2010-11-25,6.93,28.67,72.67,25.33,1.62,0.77
2010-11-26,5.74,28.52,72.21,24.53,1.85,0.77
2010-11-27,9.14,28.71,70.58,22.4,1.41,0.78
2010-11-28,5.7,28.07,74.95,21.12,1.09,0.79
2010-11-29,10.96,28.18,75.25,21.21,1.45,0.8
2010-11-30,9.97,27.8,78.36,21.18,1.85,0.8
2010-12-01,16.79,26.81,83.67,18.9,2.7,0.82
2010-12-02,15.26,27.2,80.46,18.23,1.66,0.84
2010-12-03,6.65,28.12,73.45,23.81,1.34,0.84
2010-12-04,8.98,27.84,78.79,20.98,1.91,0.85
2010-12-05,4.9,28.04,77.37,22.66,1.12,0.85
2010-12-06,7.59,27.8,78.17,23.35,1.52,0.85
2010-12-07,11.44,27.53,80.95,23.22,1.72,0.86
2010-12-08,9.74,28.15,76.86,22.81,1.77,0.87
2010-12-09,9.62,27.51,78.6,17.07,1.6,0.88
2010-12-10,15.02,26.68,83.2,15.92,1.18,0.89
2010-12-11,19.71,25.91,87.27,20.46,2.91,0.91
2010-12-12,12.67,25.67,84.99,12.56,3.2,0.93
2010-12-13,15.68,26.09,85.64,15.2,2.71,0.94
2010-12-14,11.18,25.41,85.88,12.44,2.97,0.95
2010-12-15,12.91,25.75,82.83,15.2,2.8,0.96
2010-12-16,17.01,25.34,85.14,14.62,2.88,0.97
2010-12-17,13.92,25.55,87.81,21.6,3.77,0.98
2010-12-18,17.08,25.61,86.97,14.62,3.83,0.99
2010-12-19,11.57,26.08,84.55,18.47,2.6,1.0
2010-12-20,9.71,25.59,82.1,17.8,2.34,0.99
2010-12-21,14.25,25.42,81.9,18.8,2.1,1.0
2010-12-22,19.89,25.96,82.65,21.05,2.35,1.0
2010-12-23,11.17,24.97,84.12,14.32,3.74,1.0
2010-12-24,2.44,25.25,83.05,20.04,4.27,1.0
2010-12-25,0.58,25.59,83.21,23.75,4.06,0.99
2010-12-26,4.92,25.61,84.29,22.4,3.48,0.99
2010-12-27,17.86,25.48,88.88,19.79,3.76,0.99
2010-12-28,17.9,25.1,87.07,14.69,2.92,1.0
2010-12-29,25.25,25.74,85.73,15.31,2.39,1.0
2010-12-30,10.17,25.44,86.92,15.46,4.09,1.0
2010-12-31,11.93,25.39,87.27,12.23,4.52,1.0
2011-01-01,9.93,25.21,88.96,15.88,4.56,1.0
2011-01-02,2.01,25.5,83.76,19.47,2.06,0.99
2011-01-03,6.31,26.26,80.17,22.76,1.87,0.99
2011-01-04,9.4,26.38,81.3,21.02,1.62,0.99
2011-01-05,17.32,26.43,81.86,16.74,1.25,1.0
2011-01-06,11.98,26.49,82.67,22.13,1.81,1.0
2011-01-07,22.95,26.1,84.43,19.09,1.71,1.0
2011-01-08,13.48,25.56,87.47,17.26,4.1,1.0
2011-01-09,8.96,25.64,87.39,18.76,4.89,1.0
2011-01-10,5.32,25.36,88.83,19.26,3.97,1.0
2011-01-11,23.74,25.51,88.38,14.56,5.66,1.0
2011-01-12,21.33,25.36,87.93,10.63,5.92,1.0
2011-01-13,7.73,25.75,85.31,15.58,4.05,1.0
2011-01-14,9.42,24.92,88.13,12.1,3.12,1.0
2011-01-15,14.85,25.52,87.12,14.17,5.01,1.0
2011-01-16,17.63,25.34,90.42,16.56,5.43,1.0
2011-01-17,3.09,25.16,88.55,13.86,3.76,1.0
2011-01-18,3.84,25.75,84.56,13.5,4.58,1.0
2011-01-19,4.07,25.6,87.37,16.35,4.55,1.0
2011-01-20,6.56,25.13,87.12,16.37,4.65,1.0
2011-01-21,3.28,25.47,87.04,19.88,3.55,0.99
2011-01-22,11.18,25.38,85.09,22.27,3.25,1.0
2011-01-23,8.24,25.3,85.56,12.07,4.34,1.0
2011-01-24,13.87,24.99,88.42,14.94,6.59,1.0
2011-01-25,35.14,24.77,89.54,8.94,5.66,1.0
2011-01-26,6.13,25.18,88.18,20.36,4.33,1.0
2011-01-27,2.45,25.38,87.84,23.38,3.02,1.0
2011-01-28,5.15,26.32,82.68,22.74,2.33,1.0
2011-01-29,15.68,25.92,83.19,17.43,3.75,1.0
2011-01-30,3.15,26.11,82.95,21.79,2.86,1.0
2011-01-31,24.9,26.17,82.1,23.21,2.67,0.99
2011-02-01,19.96,25.34,87.68,20.69,3.41,1.0
2011-02-02,11.89,25.65,87.61,20.1,3.11,1.0
2011-02-03,5.66,25.5,87.16,23.59,2.73,1.0
2011-02-04,9.4,26.06,85.7,22.15,2.68,1.0
2011-02-05,32.65,25.89,87.36,20.31,3.96,1.0
2011-02-06,30.11,25.16,90.08,10.87,4.37,1.0
2011-02-07,10.35,25.53,89.5,13.18,5.23,1.0
2011-02-08,29.29,25.05,88.46,14.71,4.53,1.0
2011-02-09,11.74,24.92,86.38,4.72,4.26,1.0
2011-02-10,1.94,26.15,77.3,17.43,1.51,1.0
2011-02-11,3.15,27.35,75.62,23.83,1.88,1.0
2011-02-12,5.82,25.49,82.82,11.87,3.7,1.0
2011-02-13,9.89,25.46,81.04,19.05,5.54,0.99
2011-02-14,1.89,25.83,82.02,22.14,4.48,0.99
2011-02-15,0.81,26.05,82.53,21.29,2.16,0.98
2011-02-16,16.39,25.33,85.0,19.75,2.91,0.99
2011-02-17,4.1,25.76,85.62,21.38,3.25,0.99
2011-02-18,3.69,25.92,84.92,23.09,3.2,0.99
2011-02-19,2.85,26.28,83.3,22.35,3.12,0.98
2011-02-20,2.57,26.01,83.2,19.08,4.14,0.98
2011-02-21,4.33,25.97,84.03,19.24,4.73,0.98
2011-02-22,5.36,25.97,82.09,22.12,4.14,0.98
2011-02-23,10.6,25.22,84.15,17.72,4.46,0.98
2011-02-24,21.77,24.93,87.13,13.32,4.81,0.99
2011-02-25,16.31,25.07,85.34,14.87,5.61,0.99
2011-02-26,15.05,25.14,84.95,13.28,5.86,0.99
2011-02-27,5.53,25.97,83.76,22.5,5.93,0.99
2011-02-28,2.43,25.62,85.41,23.72,5.35,0.98
2011-03-01,13.13,25.95,85.63,21.97,4.65,0.98
2011-03-02,5.14,25.62,84.72,17.13,4.13,0.99
2011-03-03,5.01,25.34,85.48,18.91,4.19,0.98
2011-03-04,9.23,25.3,85.8,18.29,5.09,0.98
2011-03-05,14.57,25.31,86.99,18.67,3.06,0.99
2011-03-06,35.85,25.21,84.67,14.88,1.84,1.0
2011-03-07,15.27,24.84,88.64,18.93,3.06,1.0
2011-03-08,4.52,25.26,86.09,21.2,2.9,1.0
2011-03-09,1.13,25.38,86.94,22.67,2.92,0.99
2011-03-10,9.31,25.73,86.19,18.46,2.67,1.0
2011-03-11,13.18,25.59,85.26,15.99,3.43,1.0
2011-03-12,3.36,25.99,84.93,22.04,4.11,1.0
2011-03-13,5.39,26.02,84.75,21.33,3.88,0.99
2011-03-14,8.25,25.03,86.5,18.31,2.93,0.99
2011-03-15,2.15,25.55,85.04,18.61,2.78,0.99
2011-03-16,3.35,25.17,86.88,19.91,2.0,0.99
2011-03-17,0.95,26.19,83.98,22.97,1.89,0.99
2011-03-18,3.1,27.06,74.64,23.11,0.8,0.98
2011-03-19,3.73,26.86,79.08,14.99,1.58,0.98
2011-03-20,9.43,26.91,78.83,21.04,1.72,0.98
2011-03-21,13.19,26.71,82.87,21.49,2.01,0.99
2011-03-22,13.83,26.09,85.38,20.64,2.29,1.0
2011-03-23,0.44,26.5,80.44,21.75,2.33,0.99
2011-03-24,3.89,26.53,80.25,20.58,2.45,0.98
2011-03-25,12.51,26.48,79.2,18.5,2.4,0.99
2011-03-26,13.12,26.08,82.91,15.11,3.06,0.99
2011-03-27,20.48,25.82,84.57,18.61,3.42,0.99
2011-03-28,17.43,26.11,81.22,11.83,2.05,1.0
2011-03-29,13.71,26.61,78.71,18.25,1.57,1.0
2011-03-30,8.34,25.56,84.24,18.5,1.59,1.0
2011-03-31,23.43,25.68,81.51,14.71,0.88,1.0
2011-04-01,4.43,26.3,81.86,17.27,2.35,1.0
2011-04-02,1.71,26.41,81.42,18.81,3.68,0.99
2011-04-03,0.82,26.14,81.33,18.3,4.05,0.99
2011-04-04,4.97,26.27,85.95,19.74,4.2,0.99
2011-04-05,11.81,25.96,86.84,17.91,3.89,0.99
2011-04-06,11.54,26.08,85.52,16.77,3.21,0.99
2011-04-07,24.03,25.98,84.87,16.87,3.11,1.0
2011-04-08,15.93,25.67,85.57,17.93,1.58,1.0
2011-04-09,11.7,25.74,86.67,18.55,1.74,1.0
2011-04-10,16.54,26.05,84.98,16.63,1.58,1.0
2011-04-11,5.86,26.02,79.75,19.21,0.89,1.0
2011-04-12,7.55,25.72,81.46,10.72,1.97,1.0
2011-04-13,5.9,25.58,84.37,16.64,2.46,1.0
2011-04-14,12.67,26.17,81.02,10.82,2.37,1.0
2011-04-15,8.73,26.45,81.98,17.9,2.34,1.0
2011-04-16,1.06,26.71,80.11,19.38,3.25,1.0
2011-04-17,8.36,26.15,81.95,18.48,3.87,0.99
2011-04-18,16.19,25.46,86.24,18.53,4.71,1.0
2011-04-19,11.9,25.76,91.56,3.16,5.74,1.0
2011-04-20,11.4,25.59,89.0,3.14,4.5,1.0
2011-04-21,16.5,24.9,88.79,13.82,6.93,1.0
2011-04-22,18.34,25.39,87.91,9.88,5.96,1.0
2011-04-23,4.02,25.46,86.92,13.82,4.2,1.0
2011-04-24,5.64,25.55,89.76,19.74,4.3,1.0
2011-04-25,8.05,25.57,88.64,18.63,4.3,1.0
2011-04-26,0.41,25.55,82.68,20.73,4.58,0.99
2011-04-27,6.13,25.76,85.25,18.87,4.25,0.99
2011-04-28,9.32,25.36,87.84,11.9,4.79,0.99
2011-04-29,5.16,25.37,87.67,17.13,3.54,0.99
2011-04-30,2.38,26.19,81.86,19.5,3.38,0.99
2011-05-01,3.11,25.56,81.97,18.24,4.18,0.99
2011-05-02,0.14,25.09,78.83,20.27,3.74,0.98
2011-05-03,5.25,24.74,82.61,20.41,2.87,0.98
2011-05-04,0.11,25.26,83.8,20.96,3.37,0.97
2011-05-05,0.7,25.51,83.61,21.0,2.56,0.97
2011-05-06,1.39,25.98,83.58,20.69,2.5,0.96
2011-05-07,1.83,26.54,78.74,17.84,0.96,0.96
2011-05-08,9.33,26.56,80.15,18.68,0.95,0.96
2011-05-09,7.29,26.35,81.34,17.56,1.38,0.96
2011-05-10,6.8,25.26,86.86,13.57,2.06,0.97
2011-05-11,3.56,24.84,88.81,18.08,4.26,0.97
2011-05-12,1.55,25.42,87.11,18.77,5.53,0.97
2011-05-13,0.69,25.42,87.13,17.88,4.56,0.96
2011-05-14,0.34,25.31,84.93,17.37,4.0,0.96
2011-05-15,0.05,25.63,81.14,19.52,3.77,0.95
2011-05-16,0.05,25.55,83.34,19.1,3.35,0.94
2011-05-17,0.65,25.66,84.91,16.31,3.75,0.94
2011-05-18,0.78,25.56,83.5,19.03,4.98,0.93
2011-05-19,0.37,25.28,80.32,19.97,5.93,0.93
2011-05-20,0.4,24.83,79.94,20.02,5.64,0.92
2011-05-21,0.71,24.84,81.99,19.54,5.05,0.91
2011-05-22,1.05,24.54,74.69,17.62,5.09,0.9
2011-05-23,0.46,24.58,75.89,19.23,4.78,0.9
2011-05-24,0.05,24.25,74.87,20.26,4.83,0.89
2011-05-25,1.03,24.47,76.09,19.64,4.04,0.88
2011-05-26,1.54,24.5,75.66,18.24,4.61,0.88
2011-05-27,0.13,24.49,77.67,18.49,4.64,0.87
2011-05-28,1.84,24.84,79.29,16.58,4.39,0.87
2011-05-29,3.03,25.18,82.17,17.44,4.8,0.86
2011-05-30,4.87,25.53,82.61,13.59,4.99,0.86
2011-05-31,5.14,24.65,80.34,17.91,5.78,0.86
2011-06-01,0.41,24.41,79.01,17.9,5.17,0.86
2011-06-02,0.76,24.6,79.5,18.19,4.85,0.85
2011-06-03,0.63,24.2,78.39,19.08,4.72,0.85
2011-06-04,0.37,23.92,76.91,19.0,4.29,0.84
2011-06-05,0.01,23.77,76.68,17.66,4.68,0.84
2011-06-06,0.09,23.74,74.85,19.61,4.13,0.83
2011-06-07,0.27,23.34,74.2,18.87,3.47,0.82
2011-06-08,0.63,23.64,74.84,17.74,2.7,0.82
2011-06-09,0.25,24.16,72.75,19.31,3.01,0.81
2011-06-10,0.31,24.08,74.28,18.2,4.07,0.81
2011-06-11,0.21,24.02,77.5,17.96,4.36,0.8
2011-06-12,0.49,23.89,78.06,17.4,5.71,0.8
2011-06-13,0.16,22.92,74.65,18.12,5.39,0.79
2011-06-14,0.27,22.51,71.92,19.11,5.59,0.79
2011-06-15,0.36,22.88,71.69,17.33,4.55,0.78
2011-06-16,0.13,22.62,73.11,17.81,4.72,0.78
2011-06-17,0.39,23.24,75.96,17.22,4.88,0.77
2011-06-18,0.38,23.3,75.94,17.43,4.6,0.77
2011-06-19,0.19,23.34,75.59,17.85,4.28,0.76
2011-06-20,0.41,23.59,77.8,16.65,5.14,0.76
2011-06-21,0.52,23.24,76.97,18.19,5.53,0.75
2011-06-22,0.46,22.58,73.34,18.72,5.63,0.75
2011-06-23,1.52,23.09,74.34,17.79,5.55,0.75
2011-06-24,0.94,23.28,75.95,19.05,4.35,0.74
2011-06-25,0.08,24.0,82.1,13.01,5.15,0.74
2011-06-26,0.43,24.85,81.69,13.67,5.83,0.74
2011-06-27,0.47,24.87,81.66,13.25,6.07,0.73
2011-06-28,0.0,24.63,77.39,18.84,4.68,0.73
2011-06-29,0.0,23.9,76.57,18.79,4.92,0.72
2011-06-30,0.0,23.43,70.17,19.58,4.92,0.72
2011-07-01,0.0,23.74,69.34,19.51,3.15,0.71
2011-07-02,0.23,23.54,76.65,18.76,3.33,0.71
2011-07-03,0.27,23.82,75.14,18.17,3.81,0.71
2011-07-04,0.05,24.08,75.72,18.69,4.01,0.7
2011-07-05,0.04,23.93,74.68,17.14,4.73,0.7
2011-07-06,0.2,24.14,76.65,18.91,4.05,0.7
2011-07-07,0.25,24.52,78.66,13.07,4.77,0.69
2011-07-08,1.95,24.85,78.87,14.7,5.55,0.69
2011-07-09,0.36,24.68,78.7,16.88,6.0,0.69
2011-07-10,0.05,24.41,78.4,17.45,5.65,0.68
2011-07-11,0.03,24.54,78.97,18.31,4.25,0.68
2011-07-12,0.12,25.21,78.78,17.88,3.07,0.68
2011-07-13,2.24,25.54,78.63,18.25,3.43,0.67
2011-07-14,1.88,25.36,79.23,16.49,5.39,0.68
2011-07-15,0.14,24.86,76.43,18.77,5.73,0.67
2011-07-16,0.75,24.75,78.74,17.64,5.64,0.67
2011-07-17,2.48,24.72,78.44,16.28,5.24,0.67
2011-07-18,0.21,24.96,76.16,19.37,5.72,0.67
2011-07-19,0.12,24.68,71.89,18.25,5.23,0.66
2011-07-20,0.0,24.5,69.86,19.51,5.21,0.66
2011-07-21,0.0,24.09,67.98,19.91,4.68,0.65
2011-07-22,0.04,23.72,63.9,19.97,4.51,0.65
2011-07-23,0.11,23.14,70.61,19.39,4.72,0.65
2011-07-24,0.41,23.76,72.39,16.76,4.84,0.64
2011-07-25,0.14,24.33,74.23,15.24,4.87,0.64
2011-07-26,0.0,24.76,73.67,16.63,5.32,0.64
2011-07-27,0.04,24.27,72.82,20.35,5.63,0.63
2011-07-28,0.1,24.02,74.2,20.84,5.77,0.63
2011-07-29,0.16,24.19,71.25,19.87,5.8,0.63
2011-07-30,0.0,24.15,69.79,19.38,5.78,0.62
2011-07-31,0.0,24.02,71.6,20.94,5.45,0.62
2011-08-01,0.74,24.61,73.6,19.45,4.98,0.62
2011-08-02,0.01,24.61,70.43,19.38,5.95,0.62
2011-08-03,0.0,23.99,67.61,20.87,5.48,0.61
2011-08-04,0.21,23.83,63.32,20.49,4.79,0.61
2011-08-05,0.0,23.95,67.26,18.13,4.31,0.61
2011-08-06,0.01,25.0,66.62,20.71,4.99,0.61
2011-08-07,0.01,25.02,69.06,21.57,4.82,0.6
2011-08-08,0.01,25.21,67.19,20.84,4.95,0.6
2011-08-09,0.0,25.32,65.36,20.72,4.44,0.6
2011-08-10,0.01,25.39,62.82,20.7,3.89,0.6
2011-08-11,0.0,25.52,59.88,22.67,2.73,0.6
2011-08-12,0.06,25.55,62.59,22.2,3.16,0.6
2011-08-13,0.0,25.72,63.43,22.14,4.18,0.6
2011-08-14,0.0,25.41,67.26,21.9,4.9,0.6
2011-08-15,0.0,25.62,66.14,21.66,5.38,0.6
2011-08-16,0.0,25.44,63.48,22.22,6.35,0.6
2011-08-17,0.0,25.42,59.38,23.26,4.9,0.6
2011-08-18,0.0,25.19,62.57,21.97,4.63,0.6
2011-08-19,0.02,25.23,63.71,21.85,5.48,0.6
2011-08-20,0.13,25.25,67.4,21.99,6.03,0.6
2011-08-21,0.02,25.73,64.49,20.46,5.96,0.6
2011-08-22,0.0,25.43,62.39,21.45,6.68,0.6
2011-08-23,0.02,24.73,62.15,22.3,6.51,0.6
2011-08-24,0.29,24.5,58.96,20.31,6.79,0.6
2011-08-25,0.3,24.45,61.17,20.41,6.36,0.6
2011-08-26,0.0,24.89,59.59,21.08,5.49,0.6
2011-08-27,0.0,25.65,57.58,20.22,4.6,0.6
2011-08-28,0.0,26.19,60.36,22.45,5.71,0.59
2011-08-29,0.0,26.22,65.32,20.57,5.61,0.59
2011-08-30,0.0,26.71,67.83,21.13,5.34,0.59
2011-08-31,0.0,26.57,64.3,21.5,4.41,0.59
2011-09-01,2.32,26.29,63.97,22.67,4.86,0.6
2011-09-02,3.79,26.23,62.23,23.35,4.58,0.6
2011-09-03,0.0,26.2,65.97,22.71,5.39,0.6
2011-09-04,2.22,26.25,67.34,22.69,5.71,0.6
2011-09-05,3.35,26.36,66.78,23.94,4.99,0.61
2011-09-06,0.0,26.18,64.69,23.99,5.53,0.61
2011-09-07,0.0,26.55,63.52,23.47,4.57,0.61
2011-09-08,0.12,26.74,63.23,23.51,4.1,0.6
2011-09-09,0.16,26.42,62.96,23.01,5.38,0.6
2011-09-10,0.21,26.41,66.13,22.92,7.0,0.6
2011-09-11,1.16,26.32,65.71,21.85,7.91,0.6
2011-09-12,0.26,25.84,62.58,20.82,7.85,0.6
2011-09-13,0.11,25.59,62.61,23.25,7.9,0.6
2011-09-14,0.0,25.86,64.91,23.16,6.2,0.6
2011-09-15,0.01,26.38,63.19,23.74,5.91,0.6
2011-09-16,0.01,26.45,63.51,23.04,4.82,0.6
2011-09-17,0.1,26.8,64.49,21.52,3.94,0.6
2011-09-18,2.16,26.72,64.98,23.43,3.95,0.6
2011-09-19,0.43,27.09,65.59,23.87,5.23,0.6
2011-09-20,0.0,27.17,57.12,25.46,4.42,0.6
2011-09-21,0.38,27.71,55.63,24.57,2.75,0.6
2011-09-22,1.87,27.86,55.68,24.92,4.05,0.6
2011-09-23,0.5,27.7,60.98,24.2,3.37,0.6
2011-09-24,0.07,27.34,62.26,24.46,4.5,0.6
2011-09-25,0.02,27.35,62.17,23.43,4.61,0.6
2011-09-26,0.63,27.56,58.89,24.66,4.36,0.6
2011-09-27,0.05,27.65,57.51,24.54,4.21,0.6
2011-09-28,0.02,27.58,60.02,20.41,3.99,0.6
2011-09-29,0.05,27.77,55.22,24.74,4.06,0.6
2011-09-30,0.0,27.11,63.23,25.13,2.84,0.6
2011-10-01,0.02,28.11,58.14,25.52,2.73,0.6
2011-10-02,0.51,28.12,57.29,25.41,2.22,0.6
2011-10-03,1.88,27.29,61.74,22.78,2.91,0.6
2011-10-04,3.57,27.22,62.45,18.06,3.17,0.6
2011-10-05,0.95,27.43,64.42,17.59,3.89,0.61
2011-10-06,0.31,27.84,64.83,21.52,3.27,0.6
2011-10-07,0.57,28.09,64.11,13.97,2.66,0.6
2011-10-08,0.06,28.39,62.58,24.29,3.21,0.6
2011-10-09,1.5,28.81,61.17,23.77,3.11,0.6
2011-10-10,1.39,28.65,61.85,21.61,2.87,0.6
2011-10-11,0.0,28.65,58.52,23.7,2.79,0.6
2011-10-12,0.0,29.11,56.76,26.15,2.62,0.6
2011-10-13,0.0,29.0,56.12,26.54,3.19,0.6
2011-10-14,0.0,28.92,56.72,26.19,2.28,0.6
2011-10-15,0.01,29.22,58.22,25.53,2.56,0.6
2011-10-16,0.96,29.19,58.12,26.25,3.1,0.6
2011-10-17,2.0,28.89,60.74,24.59,3.91,0.6
2011-10-18,0.95,28.7,62.09,24.83,4.46,0.6
2011-10-19,1.17,28.64,63.91,24.47,5.73,0.6
2011-10-20,2.38,28.42,65.44,25.21,5.25,0.61
2011-10-21,4.76,28.62,66.36,22.79,3.44,0.61
2011-10-22,2.96,27.78,70.29,20.37,3.53,0.62
2011-10-23,1.57,27.56,74.22,22.33,4.89,0.62
2011-10-24,2.95,27.59,74.4,23.64,3.56,0.62
2011-10-25,0.7,27.69,72.71,26.19,3.91,0.62
2011-10-26,6.94,27.87,73.06,22.59,3.65,0.62
2011-10-27,2.42,28.69,68.52,24.83,2.86,0.62
2011-10-28,2.79,28.46,68.34,25.07,3.67,0.62
2011-10-29,3.34,28.77,64.56,23.73,2.73,0.62
2011-10-30,0.44,29.03,62.02,25.41,3.49,0.62
2011-10-31,1.51,29.11,62.69,25.18,2.43,0.62
2011-11-01,5.39,28.91,62.88,23.93,2.4,0.63
2011-11-02,2.77,28.72,66.76,22.14,2.75,0.63
2011-11-03,2.41,28.84,65.45,25.3,2.73,0.62
2011-11-04,4.14,28.83,65.48,24.56,1.98,0.63
2011-11-05,12.78,28.35,69.96,25.27,1.92,0.64
2011-11-06,2.84,27.58,72.01,21.5,1.34,0.64
2011-11-07,3.95,27.85,68.12,19.19,1.12,0.64
2011-11-08,3.82,28.08,67.85,23.26,1.4,0.65
2011-11-09,5.37,27.01,75.41,22.64,1.33,0.65
2011-11-10,5.6,27.59,72.75,23.71,2.66,0.66
2011-11-11,3.51,27.62,73.56,25.2,2.76,0.66
2011-11-12,4.73,27.47,74.01,20.66,2.42,0.66
2011-11-13,3.29,28.29,68.95,25.47,1.8,0.66
2011-11-14,0.85,28.84,65.24,25.63,1.99,0.66
2011-11-15,0.93,28.89,64.68,24.7,1.8,0.65
2011-11-16,3.61,28.8,67.48,23.35,2.83,0.65
2011-11-17,1.14,28.4,67.96,25.73,2.24,0.65
2011-11-18,5.09,28.57,69.63,22.8,1.21,0.65
2011-11-19,2.12,28.35,72.11,25.5,1.25,0.65
2011-11-20,2.52,28.77,69.21,25.74,1.19,0.65
2011-11-21,2.29,28.83,66.47,23.7,1.01,0.65
2011-11-22,8.0,28.56,67.63,24.54,1.8,0.65
2011-11-23,0.76,29.03,61.76,26.35,2.27,0.65
2011-11-24,0.02,29.31,55.75,25.57,1.8,0.65
2011-11-25,0.59,29.4,62.41,22.25,3.44,0.64
2011-11-26,9.7,28.01,76.74,23.13,4.05,0.65
2011-11-27,5.57,28.78,71.46,25.15,4.02,0.66
2011-11-28,6.37,27.77,77.74,25.34,1.78,0.67
2011-11-29,3.81,29.4,69.46,25.77,2.69,0.67
2011-11-30,6.39,28.36,73.65,23.51,2.81,0.67
2011-12-01,0.78,29.44,69.38,23.62,2.89,0.67
2011-12-02,0.45,30.0,66.67,25.73,1.98,0.66
2011-12-03,3.04,29.58,69.21,25.65,2.09,0.66
2011-12-04,5.7,28.82,69.45,23.62,3.86,0.66
2011-12-05,4.14,27.43,75.73,15.95,2.48,0.67
2011-12-06,2.53,27.6,74.01,19.27,2.92,0.67
2011-12-07,2.99,27.84,71.85,23.01,2.83,0.67
2011-12-08,2.03,28.14,69.7,23.9,2.9,0.67
2011-12-09,0.95,28.18,67.56,23.66,2.67,0.66
2011-12-10,2.98,27.13,72.83,13.08,1.92,0.66
2011-12-11,1.66,27.93,70.18,21.34,1.23,0.66
2011-12-12,1.68,28.84,69.74,24.71,1.38,0.66
2011-12-13,4.38,28.93,71.84,23.19,1.83,0.66
2011-12-14,19.78,27.08,80.98,19.24,2.13,0.68
2011-12-15,7.13,27.26,74.82,21.35,2.34,0.7
2011-12-16,1.8,28.3,68.01,21.07,2.33,0.7
2011-12-17,20.74,27.51,76.21,20.08,2.39,0.72
2011-12-18,23.05,26.99,80.63,20.27,2.04,0.75
2011-12-19,6.16,27.99,74.33,23.16,1.04,0.77
2011-12-20,2.6,27.72,78.79,23.96,1.9,0.76
2011-12-21,5.03,28.2,78.02,23.6,1.98,0.77
2011-12-22,1.99,27.38,82.04,15.49,1.97,0.77
2011-12-23,12.67,27.29,80.39,22.56,3.07,0.78
2011-12-24,7.15,28.13,73.27,22.82,3.26,0.79
2011-12-25,9.14,28.35,75.03,24.32,2.79,0.79
2011-12-26,2.39,28.74,73.54,23.38,2.95,0.79
2011-12-27,3.15,28.37,75.64,24.55,3.61,0.79
2011-12-28,4.06,27.67,80.88,20.11,3.12,0.79
2011-12-29,14.21,27.1,80.04,20.93,3.26,0.8
2011-12-30,5.19,26.99,79.07,19.9,3.34,0.81
2011-12-31,10.34,27.27,78.51,17.79,2.57,0.81
2012-01-01,17.23,26.37,83.95,16.95,2.49,0.83
2012-01-02,19.46,26.24,83.19,18.33,3.14,0.85
2012-01-03,27.72,25.97,83.25,14.75,2.81,0.89
2012-01-04,12.19,26.13,81.38,12.55,2.84,0.91
2012-01-05,13.12,27.06,78.48,16.28,1.23,0.91
2012-01-06,20.28,26.16,83.94,22.09,2.29,0.93
2012-01-07,9.22,26.3,84.93,18.46,3.13,0.94
2012-01-08,11.08,26.4,86.55,18.62,3.16,0.95
2012-01-09,15.83,26.09,88.14,15.71,4.41,0.96
2012-01-10,16.47,25.53,87.62,15.29,4.55,0.97
2012-01-11,18.62,25.49,87.9,14.92,3.75,0.98
2012-01-12,7.61,25.15,87.7,15.82,3.03,0.99
2012-01-13,7.54,25.52,87.56,17.6,3.29,0.99
2012-01-14,8.94,25.43,87.12,21.98,2.17,0.99
2012-01-15,13.04,25.88,86.1,22.39,2.31,0.99
2012-01-16,7.4,26.25,83.13,21.3,2.06,0.99
2012-01-17,3.58,26.98,78.86,24.09,1.31,0.99
2012-01-18,5.19,27.22,78.52,21.64,1.26,0.98
2012-01-19,10.09,26.44,84.73,23.35,2.34,0.99
2012-01-20,10.21,25.91,84.82,12.26,3.08,0.99
2012-01-21,5.5,25.72,84.32,19.57,3.71,0.99
2012-01-22,19.07,25.34,89.35,13.36,3.87,0.99
2012-01-23,21.73,25.64,86.65,10.38,5.14,0.99
2012-01-24,10.14,25.18,87.43,13.92,4.16,0.99
2012-01-25,8.15,25.49,86.37,19.15,5.06,0.99
2012-01-26,1.49,25.39,83.93,22.55,4.78,0.99
2012-01-27,0.37,25.45,86.0,16.62,3.6,0.98
2012-01-28,3.34,25.87,83.15,23.11,4.97,0.98
2012-01-29,17.88,25.86,87.02,17.39,5.13,0.99
2012-01-30,15.61,25.81,89.57,20.45,4.7,0.99
2012-01-31,7.33,25.15,87.77,17.98,2.93,0.99
2012-02-01,13.3,25.45,84.84,17.58,2.15,0.99
2012-02-02,25.14,25.05,87.6,18.5,4.1,0.99
2012-02-03,20.35,24.63,89.12,20.83,5.18,0.99
2012-02-04,11.67,24.55,89.18,17.54,5.37,1.0
2012-02-05,3.46,25.17,86.02,23.28,3.92,1.0
2012-02-06,3.26,25.68,84.26,19.96,3.04,0.99
2012-02-07,1.85,25.35,86.16,20.66,3.8,0.99
2012-02-08,6.65,25.33,86.68,17.91,4.38,0.99
2012-02-09,6.65,25.22,87.2,21.74,3.59,0.99
2012-02-10,2.24,25.75,84.9,25.93,2.1,0.99
2012-02-11,1.74,27.1,76.74,25.94,0.81,0.98
2012-02-12,0.15,27.21,75.68,26.82,2.01,0.98
2012-02-13,0.08,26.62,78.56,26.69,2.57,0.97
2012-02-14,1.91,26.6,80.12,23.67,2.82,0.96
2012-02-15,2.92,26.9,79.47,23.49,3.41,0.96
2012-02-16,2.5,26.61,82.03,25.25,3.1,0.96
2012-02-17,2.94,26.84,80.14,23.86,2.45,0.95
2012-02-18,11.95,26.35,83.08,15.53,2.54,0.95
2012-02-19,13.01,26.12,84.85,19.33,2.69,0.97
2012-02-20,9.49,25.97,80.3,23.01,1.38,0.97
2012-02-21,11.73,25.8,83.12,20.99,1.67,0.98
2012-02-22,11.62,26.34,78.9,19.54,1.44,0.98
2012-02-23,5.59,27.39,77.82,24.92,1.25,0.99
2012-02-24,5.65,26.63,83.7,24.08,2.26,0.98
2012-02-25,4.55,26.98,80.45,25.68,1.47,0.98
2012-02-26,6.87,27.61,75.13,22.73,1.0,0.98
2012-02-27,8.82,27.79,74.77,23.97,1.38,0.98
2012-02-28,11.35,26.16,83.17,22.47,1.78,0.98
2012-02-29,6.05,26.45,81.19,18.39,2.25,0.99
2012-03-01,20.28,26.41,82.16,18.8,2.37,0.99
2012-03-02,7.33,26.3,82.52,21.36,3.6,1.0
2012-03-03,6.79,26.82,78.69,17.35,2.23,0.99
2012-03-04,17.14,26.43,82.85,18.78,1.58,1.0
2012-03-05,28.78,25.73,88.74,15.5,2.79,1.0
2012-03-06,30.77,25.92,85.84,14.84,3.06,1.0
2012-03-07,9.14,25.75,84.63,20.75,2.54,1.0
2012-03-08,13.18,26.17,81.46,21.63,2.27,1.0
2012-03-09,21.2,25.81,87.58,19.95,2.54,1.0
2012-03-10,11.92,26.0,89.32,17.84,3.9,1.0
2012-03-11,8.44,25.65,86.62,17.37,1.58,1.0
2012-03-12,9.33,25.53,85.62,16.48,2.58,1.0
2012-03-13,28.31,25.58,89.07,10.19,4.3,1.0
2012-03-14,34.57,25.57,90.64,11.53,6.99,1.0
2012-03-15,18.84,25.78,87.75,14.55,8.99,1.0
2012-03-16,16.88,26.15,87.06,14.58,8.74,1.0
2012-03-17,9.63,25.71,87.52,14.84,6.66,1.0
2012-03-18,12.9,25.48,87.66,14.79,4.57,1.0
2012-03-19,9.75,25.27,85.85,9.56,3.71,1.0
2012-03-20,14.16,25.28,85.07,14.11,5.0,1.0
2012-03-21,3.88,25.1,82.9,13.74,3.88,1.0
2012-03-22,1.52,25.3,81.89,23.79,3.48,0.99
2012-03-23,0.0,26.01,78.32,23.87,2.04,0.99
2012-03-24,0.21,26.3,76.39,22.53,1.55,0.98
2012-03-25,0.63,26.32,76.11,24.81,1.78,0.97
2012-03-26,0.47,26.53,71.95,24.63,1.42,0.97
2012-03-27,2.32,26.71,79.13,21.21,2.16,0.96
2012-03-28,0.09,26.59,74.72,23.16,2.28,0.95
2012-03-29,0.13,26.55,73.69,24.05,1.45,0.94
2012-03-30,1.36,26.66,78.37,24.58,2.23,0.93
2012-03-31,1.49,26.92,78.74,23.34,1.78,0.93
2012-04-01,1.37,26.52,81.43,23.09,2.92,0.92
2012-04-02,1.58,26.72,79.07,22.51,2.72,0.92
2012-04-03,1.18,26.12,79.05,23.72,3.11,0.91
2012-04-04,4.84,26.18,78.62,21.34,3.02,0.9
2012-04-05,0.44,26.19,77.27,23.77,3.24,0.9
2012-04-06,2.52,26.28,77.54,21.08,3.59,0.89
2012-04-07,3.02,26.36,75.22,24.24,4.38,0.89
2012-04-08,2.15,25.99,77.28,23.93,4.36,0.88
2012-04-09,0.45,26.16,79.37,22.6,4.08,0.87
2012-04-10,0.76,26.47,78.03,22.04,4.95,0.86
2012-04-11,2.9,26.42,78.25,20.52,4.9,0.86
2012-04-12,3.04,26.69,75.98,21.02,5.81,0.86
2012-04-13,2.47,26.53,79.7,19.61,5.65,0.85
2012-04-14,1.29,26.76,80.41,21.33,4.28,0.85
2012-04-15,1.26,26.84,81.79,22.71,4.18,0.84
2012-04-16,3.57,26.76,81.61,22.27,4.62,0.84
2012-04-17,0.48,27.4,74.72,22.8,4.23,0.83
2012-04-18,0.82,27.04,77.18,21.29,3.58,0.83
2012-04-19,3.03,27.42,72.92,21.18,3.14,0.82
2012-04-20,1.7,27.27,73.23,22.12,2.97,0.82
2012-04-21,0.54,27.26,70.47,22.36,2.45,0.81
2012-04-22,0.68,26.92,69.71,22.92,1.63,0.8
2012-04-23,2.98,27.21,72.24,20.83,1.95,0.8
2012-04-24,4.27,27.5,72.25,19.87,2.14,0.8
2012-04-25,4.92,27.68,74.93,18.28,2.39,0.8
2012-04-26,8.02,27.43,77.63,19.1,1.93,0.8
2012-04-27,20.28,25.98,85.46,16.95,1.91,0.82
2012-04-28,6.43,26.9,79.92,20.32,2.63,0.83
2012-04-29,10.27,26.7,83.22,18.72,3.35,0.84
2012-04-30,14.01,26.49,82.14,16.44,4.61,0.85
2012-05-01,0.66,26.07,77.69,18.46,5.03,0.85
2012-05-02,0.0,25.86,73.94,19.94,4.97,0.84
2012-05-03,0.07,26.21,75.68,18.38,4.74,0.83
2012-05-04,5.61,26.57,81.69,18.88,4.73,0.83
2012-05-05,9.37,26.1,83.98,17.19,4.63,0.84
2012-05-06,6.7,26.26,80.8,18.83,4.25,0.85
2012-05-07,0.19,25.84,76.13,19.56,4.24,0.85
2012-05-08,0.15,26.16,73.89,20.63,3.19,0.84
2012-05-09,0.45,26.04,75.14,17.62,3.33,0.83
2012-05-10,5.86,26.13,77.67,6.63,4.13,0.83
2012-05-11,24.77,26.26,84.78,9.82,4.12,0.85
2012-05-12,14.39,25.99,85.88,14.57,7.29,0.88
2012-05-13,8.72,25.11,89.24,15.53,7.75,0.89
2012-05-14,9.47,25.63,87.02,14.3,4.67,0.9
2012-05-15,7.93,25.35,87.46,13.41,4.76,0.91
2012-05-16,5.7,25.54,84.19,16.8,5.22,0.91
2012-05-17,0.81,25.67,84.72,18.42,5.08,0.9
2012-05-18,0.11,25.54,81.06,18.11,5.24,0.9
2012-05-19,0.07,24.94,79.36,19.64,4.71,0.89
2012-05-20,0.03,24.61,74.67,18.18,5.19,0.88
2012-05-21,0.24,24.77,76.14,19.15,4.87,0.88
2012-05-22,0.55,24.87,77.18,17.1,5.67,0.87
2012-05-23,0.63,24.94,75.04,16.03,5.66,0.86
2012-05-24,0.0,24.61,71.68,20.3,5.5,0.85
2012-05-25,0.87,25.09,77.51,15.88,6.07,0.85
2012-05-26,0.5,24.78,76.0,15.97,7.04,0.84
2012-05-27,0.17,24.01,77.7,15.86,6.03,0.84
2012-05-28,0.23,24.18,76.13,15.6,5.53,0.83
2012-05-29,2.55,24.06,79.76,13.37,5.3,0.83
2012-05-30,2.61,24.01,80.03,10.89,5.45,0.83
2012-05-31,0.35,23.97,77.89,15.43,5.03,0.82
2012-06-01,0.0,24.06,73.88,19.48,4.34,0.82
2012-06-02,0.12,24.24,75.99,18.84,3.13,0.81
2012-06-03,0.07,24.74,77.19,18.46,2.72,0.8
2012-06-04,0.21,25.13,79.55,18.5,3.23,0.8
2012-06-05,2.32,25.02,82.03,15.49,4.77,0.79
2012-06-06,0.29,25.09,80.9,16.8,4.58,0.79
2012-06-07,3.75,25.29,81.63,14.79,4.29,0.79
2012-06-08,0.58,25.09,81.25,18.11,5.59,0.79
2012-06-09,0.91,24.62,83.24,16.91,4.98,0.78
2012-06-10,0.62,24.63,80.79,17.44,4.19,0.78
2012-06-11,0.0,24.27,78.29,20.17,3.29,0.77
2012-06-12,0.0,23.6,77.13,16.55,3.88,0.77
2012-06-13,0.09,23.71,77.61,16.79,4.0,0.76
2012-06-14,0.88,24.19,74.77,18.67,3.04,0.76
2012-06-15,0.73,23.73,75.26,19.62,4.22,0.75
2012-06-16,0.35,24.17,78.36,18.87,4.97,0.75
2012-06-17,0.92,24.36,81.28,19.35,5.94,0.75
2012-06-18,0.21,24.35,78.39,19.02,6.37,0.74
2012-06-19,0.41,24.36,77.87,17.42,6.14,0.74
2012-06-20,0.02,24.57,77.41,14.84,5.2,0.73
2012-06-21,0.21,24.68,75.08,16.96,4.36,0.73
2012-06-22,0.33,23.37,72.44,19.7,4.42,0.72
2012-06-23,0.0,23.45,73.22,19.33,4.77,0.72
2012-06-24,0.22,23.95,73.03,18.2,6.7,0.72
2012-06-25,0.09,23.35,74.99,18.12,6.08,0.71
2012-06-26,0.04,23.27,75.45,17.42,5.69,0.71
2012-06-27,0.17,23.57,75.55,16.71,4.66,0.7
2012-06-28,0.0,24.22,74.55,16.49,4.13,0.7
2012-06-29,0.16,23.81,75.5,19.43,3.85,0.7
2012-06-30,0.0,23.08,71.42,19.64,3.88,0.69
2012-07-01,0.0,23.18,74.6,18.9,4.77,0.69
2012-07-02,0.06,23.71,76.94,16.3,6.67,0.68
2012-07-03,0.28,23.11,73.02,18.08,6.57,0.68
2012-07-04,0.44,23.28,76.24,17.55,6.24,0.68
2012-07-05,1.86,23.68,78.63,15.84,5.99,0.68
2012-07-06,0.72,23.36,72.28,15.23,7.0,0.68
2012-07-07,0.06,23.79,66.89,15.92,5.89,0.67
2012-07-08,0.04,23.66,68.9,18.71,5.23,0.67
2012-07-09,0.05,23.99,75.3,17.96,4.0,0.67
2012-07-10,0.27,25.04,76.04,18.06,2.89,0.66
2012-07-11,2.93,25.78,75.47,16.53,2.14,0.66
2012-07-12,2.23,24.97,80.07,16.52,2.93,0.66
2012-07-13,0.56,25.14,78.17,17.79,4.49,0.66
2012-07-14,0.19,25.02,76.0,17.59,5.19,0.66
2012-07-15,0.13,24.88,74.15,19.44,4.28,0.65
2012-07-16,0.0,24.97,75.15,17.17,4.46,0.65
2012-07-17,0.76,25.1,79.02,15.57,4.93,0.65
2012-07-18,0.4,24.67,75.63,14.32,6.46,0.65
2012-07-19,0.0,24.7,69.71,20.61,6.01,0.64
2012-07-20,0.0,23.64,73.58,20.23,5.99,0.64
2012-07-21,0.0,23.15,69.5,21.14,5.6,0.64
2012-07-22,0.2,23.31,70.53,19.69,5.49,0.63
2012-07-23,0.36,23.37,69.24,18.46,5.24,0.63
2012-07-24,0.0,23.4,68.76,20.68,4.48,0.63
2012-07-25,0.0,23.57,70.28,19.89,4.49,0.62
2012-07-26,0.0,24.08,68.14,20.84,4.42,0.62
2012-07-27,0.0,24.39,68.93,19.8,4.8,0.62
2012-07-28,0.01,24.43,72.79,20.15,5.17,0.62
2012-07-29,0.39,24.57,72.87,18.43,6.77,0.61
2012-07-30,0.0,24.02,62.11,20.55,6.25,0.61
2012-07-31,0.32,23.63,63.29,19.82,5.33,0.61
2012-08-01,0.47,24.3,67.94,19.49,4.75,0.61
2012-08-02,0.11,24.4,67.01,19.7,5.6,0.61
2012-08-03,0.0,24.53,67.38,18.97,5.39,0.6
2012-08-04,0.01,24.58,69.25,19.87,5.24,0.6
2012-08-05,0.0,24.36,67.89,21.71,5.94,0.6
2012-08-06,0.0,24.48,70.09,22.0,5.8,0.6
2012-08-07,0.19,24.41,69.09,21.32,6.32,0.6
2012-08-08,0.34,24.24,68.87,18.94,5.59,0.6
2012-08-09,0.0,24.45,67.93,21.62,5.6,0.6
2012-08-10,0.0,24.75,66.84,22.08,5.56,0.6
2012-08-11,0.0,24.9,66.11,22.0,6.8,0.6
2012-08-12,0.18,24.3,66.95,21.53,6.82,0.6
2012-08-13,0.0,23.62,62.18,22.19,6.0,0.6
2012-08-14,0.04,23.51,63.43,21.08,6.14,0.6
2012-08-15,0.03,23.75,65.42,21.21,5.47,0.6
2012-08-16,0.01,24.12,70.04,21.29,5.25,0.6
2012-08-17,0.01,24.56,69.6,21.53,5.11,0.6
2012-08-18,0.0,24.69,65.79,22.5,5.35,0.6
2012-08-19,0.0,24.52,63.09,23.51,5.5,0.6
2012-08-20,0.01,24.36,66.1,23.08,5.45,0.6
2012-08-21,0.0,24.91,65.43,23.17,4.41,0.6
2012-08-22,0.0,25.19,62.84,22.53,4.14,0.59
2012-08-23,0.0,25.46,61.56,21.43,4.07,0.59
2012-08-24,0.0,26.14,62.46,22.69,4.64,0.59
2012-08-25,0.0,26.03,64.4,22.78,5.07,0.59
2012-08-26,0.0,26.33,68.67,20.36,5.28,0.59
2012-08-27,0.0,26.92,64.97,22.3,5.41,0.59
2012-08-28,0.0,26.92,62.66,23.0,4.72,0.59
2012-08-29,0.0,26.58,59.96,23.57,5.1,0.59
2012-08-30,0.0,26.09,58.63,23.81,4.11,0.59
2012-08-31,0.0,26.63,56.28,23.44,2.29,0.59
2012-09-01,0.0,26.39,56.23,23.93,2.65,0.59
2012-09-02,0.02,26.11,59.98,23.35,3.79,0.59
2012-09-03,0.0,26.38,58.52,23.95,4.06,0.59
2012-09-04,0.0,26.89,57.22,21.21,2.84,0.59
2012-09-05,0.0,27.1,58.38,22.24,3.79,0.59
2012-09-06,0.0,26.62,59.47,23.71,4.04,0.59
2012-09-07,0.0,26.3,63.31,23.01,4.42,0.59
2012-09-08,0.0,27.29,60.74,23.24,3.53,0.59
2012-09-09,0.0,27.27,59.79,23.14,5.01,0.59
2012-09-10,0.0,27.05,59.01,24.17,4.52,0.59
2012-09-11,0.0,26.79,54.35,24.84,4.09,0.59
2012-09-12,0.0,27.04,54.09,24.11,4.21,0.59
2012-09-13,0.0,27.82,58.36,24.16,3.83,0.59
2012-09-14,0.0,28.13,55.12,24.58,3.92,0.59
2012-09-15,0.36,27.78,56.68,24.17,4.21,0.59
2012-09-16,0.0,27.41,58.88,23.66,5.81,0.59
2012-09-17,0.0,27.39,61.45,24.27,4.12,0.59
2012-09-18,0.17,27.95,59.78,21.79,3.05,0.59
2012-09-19,0.0,28.14,59.73,23.7,4.83,0.59
2012-09-20,0.41,28.07,57.08,24.36,4.32,0.59
2012-09-21,3.14,27.37,57.67,24.67,4.66,0.6
2012-09-22,0.0,27.11,58.17,25.61,4.77,0.6
2012-09-23,0.0,27.44,54.09,25.89,3.95,0.6
2012-09-24,0.0,27.15,57.34,25.54,3.37,0.6
2012-09-25,0.0,27.7,56.65,24.01,3.19,0.6
2012-09-26,0.38,27.84,59.61,24.61,3.32,0.6
2012-09-27,0.21,28.67,59.07,23.94,1.82,0.6
2012-09-28,0.54,28.79,60.63,23.68,2.38,0.6
2012-09-29,1.43,28.43,62.58,21.39,2.61,0.6
2012-09-30,0.68,28.35,63.02,24.74,2.84,0.6
2012-10-01,0.39,28.31,62.58,23.13,4.03,0.6
2012-10-02,1.61,28.14,64.51,21.74,5.27,0.6
2012-10-03,1.41,27.99,59.25,25.09,4.69,0.6
2012-10-04,0.03,27.46,60.77,24.31,5.39,0.6
2012-10-05,0.75,27.84,63.53,22.32,5.03,0.6
2012-10-06,0.99,28.18,63.71,16.66,5.02,0.6
2012-10-07,1.47,28.74,59.06,24.94,3.36,0.6
2012-10-08,0.91,28.97,56.04,25.88,2.75,0.6
2012-10-09,0.0,29.26,54.57,25.85,2.77,0.6
2012-10-10,0.23,29.17,56.4,24.2,1.99,0.6
2012-10-11,0.81,29.19,58.69,24.52,2.9,0.6
2012-10-12,0.0,28.89,63.45,24.2,4.42,0.6
2012-10-13,0.06,28.88,64.18,25.02,5.08,0.6
2012-10-14,0.95,28.84,63.09,25.63,6.05,0.6
2012-10-15,2.18,28.64,64.11,25.29,5.82,0.6
2012-10-16,0.78,28.71,61.86,23.82,5.01,0.6
2012-10-17,0.07,28.94,61.19,24.66,4.87,0.6
2012-10-18,1.85,28.62,64.25,23.72,5.04,0.6
2012-10-19,0.91,29.16,59.63,25.78,4.16,0.6
2012-10-20,0.12,29.96,52.29,26.25,2.88,0.6
2012-10-21,0.0,30.05,50.09,26.23,2.3,0.6
2012-10-22,0.0,30.11,51.76,26.36,2.28,0.6
2012-10-23,2.08,29.71,54.14,26.05,2.66,0.6
2012-10-24,0.24,29.24,56.68,25.06,3.12,0.6
2012-10-25,0.88,28.8,59.9,22.02,3.16,0.6
2012-10-26,0.01,29.23,58.94,25.05,3.89,0.6
2012-10-27,0.14,29.66,57.45,26.17,4.01,0.6
2012-10-28,0.34,29.49,58.55,25.32,2.81,0.6
2012-10-29,0.52,29.95,57.85,25.58,3.22,0.6
2012-10-30,4.72,29.66,59.79,26.28,4.1,0.6
2012-10-31,0.15,29.78,62.2,26.1,4.25,0.6
2012-11-01,0.28,29.93,60.24,25.45,4.44,0.6
2012-11-02,1.8,29.49,62.63,25.31,4.31,0.6
2012-11-03,1.13,30.14,57.77,25.42,1.89,0.6
2012-11-04,1.26,30.35,56.14,24.07,2.22,0.6
2012-11-05,0.73,30.48,55.55,25.01,2.88,0.6
2012-11-06,1.83,30.22,57.4,25.49,2.28,0.61
2012-11-07,0.84,29.77,59.35,22.02,3.27,0.61
2012-11-08,0.51,30.45,57.82,24.39,2.69,0.6
2012-11-09,0.29,31.01,53.43,25.97,3.43,0.6
2012-11-10,0.19,30.74,56.01,24.01,2.73,0.6
2012-11-11,1.13,30.42,56.5,25.45,3.09,0.6
2012-11-12,1.02,30.39,56.32,25.6,4.25,0.6
2012-11-13,3.86,29.71,62.79,23.96,5.58,0.61
2012-11-14,4.69,29.63,61.46,23.17,4.6,0.61
2012-11-15,3.06,29.52,62.83,25.06,3.34,0.62
2012-11-16,0.49,30.07,59.81,25.1,1.7,0.61
2012-11-17,1.84,29.82,61.71,24.94,1.54,0.61
2012-11-18,2.39,29.77,60.56,24.92,1.02,0.62
2012-11-19,3.45,29.61,62.27,24.22,1.24,0.62
2012-11-20,3.28,29.2,65.98,23.08,2.12,0.62
2012-11-21,12.11,28.51,68.98,23.43,1.74,0.63
2012-11-22,16.64,27.22,77.21,21.53,1.78,0.66
2012-11-23,4.39,27.8,76.02,24.44,1.39,0.67
2012-11-24,0.28,28.24,72.97,23.61,2.01,0.66
2012-11-25,2.97,28.23,74.89,21.1,2.9,0.66
2012-11-26,3.25,28.24,73.52,23.31,1.69,0.66
2012-11-27,3.18,28.76,67.99,25.85,2.06,0.67
2012-11-28,6.51,28.87,66.73,25.31,1.6,0.66
2012-11-29,3.19,28.86,68.54,24.81,2.79,0.67
2012-11-30,3.64,28.83,69.0,24.31,2.81,0.66
2012-12-01,2.8,27.67,77.03,21.57,3.09,0.67
2012-12-02,9.18,27.55,77.58,22.62,2.71,0.68
2012-12-03,4.01,28.89,67.1,25.58,2.16,0.68
2012-12-04,3.87,28.69,72.35,25.38,2.53,0.68
2012-12-05,5.55,28.63,69.42,22.2,2.17,0.68
2012-12-06,4.16,28.67,70.32,21.45,1.81,0.68
2012-12-07,2.56,28.34,75.0,25.07,2.42,0.68
2012-12-08,5.11,29.07,69.58,23.2,2.37,0.68
2012-12-09,2.47,28.75,69.97,23.82,1.53,0.69
2012-12-10,9.13,26.71,74.68,20.37,1.54,0.69
2012-12-11,14.88,27.12,70.51,20.26,2.32,0.71
2012-12-12,4.99,26.35,77.96,20.38,1.45,0.72
2012-12-13,15.07,26.22,79.63,23.62,2.03,0.73
2012-12-14,7.49,27.03,77.95,20.25,2.15,0.75
2012-12-15,4.43,27.93,71.81,21.46,1.38,0.75
2012-12-16,5.78,27.7,76.2,23.96,1.65,0.75
2012-12-17,20.87,28.04,74.94,21.53,1.53,0.77
2012-12-18,27.16,27.19,79.71,19.5,1.37,0.8
2012-12-19,10.77,27.22,78.5,20.45,1.61,0.83
2012-12-20,13.12,27.0,79.52,20.0,1.96,0.83
2012-12-21,16.81,27.48,76.63,23.49,1.4,0.85
2012-12-22,5.16,27.16,81.22,23.8,1.54,0.86
2012-12-23,3.81,27.0,83.65,22.24,2.18,0.86
2012-12-24,10.22,26.94,85.51,21.54,2.11,0.86
2012-12-25,5.23,26.69,83.83,17.4,1.36,0.87
2012-12-26,12.43,26.52,85.73,24.49,3.24,0.88
2012-12-27,8.64,26.31,86.3,19.57,2.45,0.89
2012-12-28,4.79,27.01,83.08,22.0,1.66,0.89
2012-12-29,2.85,27.6,79.87,21.51,1.21,0.89
2012-12-30,8.42,27.97,76.67,22.69,0.98,0.9
2012-12-31,6.4,27.62,78.9,14.49,1.72,0.9
2013-01-01,20.36,26.91,80.73,12.0,1.41,0.92
2013-01-02,13.55,25.98,86.5,16.38,1.45,0.94
2013-01-03,11.76,26.39,87.42,17.25,3.23,0.94
2013-01-04,15.66,27.2,79.76,21.62,2.01,0.96
2013-01-05,17.66,26.9,83.68,18.33,2.62,0.97
2013-01-06,20.4,26.06,84.96,10.69,3.17,0.98
2013-01-07,19.84,25.83,86.2,16.93,6.26,1.0
2013-01-08,22.04,26.12,89.13,13.45,8.09,1.0
2013-01-09,19.81,26.14,88.37,13.68,8.65,1.0
2013-01-10,16.3,26.42,87.62,10.23,7.06,1.0
2013-01-11,7.5,26.18,89.61,18.08,5.48,1.0
2013-01-12,21.53,25.94,88.41,18.3,2.71,1.0
2013-01-13,9.85,26.46,81.62,14.19,2.63,1.0
2013-01-14,8.45,26.23,87.21,19.68,3.91,1.0
2013-01-15,15.52,25.57,87.87,19.66,3.83,1.0
2013-01-16,15.91,25.87,84.73,13.77,4.43,1.0
2013-01-17,4.79,25.67,86.43,16.9,4.8,1.0
2013-01-18,4.06,25.79,85.28,21.77,4.85,0.99
2013-01-19,7.69,25.64,87.25,17.07,5.1,1.0
2013-01-20,5.96,25.91,87.38,21.89,5.09,0.99
2013-01-21,9.33,25.94,88.64,22.44,5.38,0.99
2013-01-22,5.21,26.11,85.85,22.24,4.52,0.99
2013-01-23,4.19,26.12,82.92,22.32,4.29,0.99
2013-01-24,10.07,25.88,86.06,21.76,3.84,0.99
2013-01-25,3.89,26.23,84.63,20.86,2.91,0.99
2013-01-26,2.5,26.61,82.59,26.36,3.69,0.98
2013-01-27,1.14,26.67,83.03,25.53,3.79,0.98
2013-01-28,6.85,26.17,87.54,20.56,2.87,0.98
2013-01-29,11.58,26.13,88.1,17.92,3.25,0.98
2013-01-30,4.65,26.04,86.28,23.0,2.71,0.98
2013-01-31,13.24,26.43,84.03,21.38,2.54,0.98
2013-02-01,3.72,26.43,83.14,21.68,1.33,0.98
2013-02-02,3.25,25.97,84.9,22.79,1.28,0.98
2013-02-03,2.47,26.26,80.31,21.15,0.93,0.97
2013-02-04,3.89,26.89,81.08,19.79,2.03,0.97
2013-02-05,0.52,27.24,79.18,26.45,2.44,0.97
2013-02-06,0.2,27.95,71.98,25.57,1.53,0.96
2013-02-07,0.22,28.53,69.16,27.27,0.98,0.95
2013-02-08,1.54,28.39,71.1,26.38,1.65,0.94
2013-02-09,1.84,28.16,71.42,25.96,2.05,0.93
2013-02-10,2.42,27.72,74.05,24.12,1.7,0.92
2013-02-11,1.36,27.92,73.42,25.47,1.18,0.92
2013-02-12,4.36,27.61,76.57,23.69,1.2,0.91
2013-02-13,3.03,27.18,77.88,22.23,1.23,0.91
2013-02-14,6.62,27.81,74.15,24.82,0.97,0.91
2013-02-15,16.07,27.24,80.73,19.82,1.85,0.92
2013-02-16,22.3,26.22,85.92,16.64,2.42,0.94
2013-02-17,8.69,25.92,84.99,19.58,3.79,0.95
2013-02-18,11.84,26.3,81.56,20.0,2.71,0.95
2013-02-19,11.93,26.55,81.37,14.14,2.01,0.96
2013-02-20,19.03,26.25,87.13,19.21,3.1,0.97
2013-02-21,22.02,25.76,89.94,10.89,5.53,0.99
2013-02-22,8.78,25.83,87.55,15.84,5.88,0.99
2013-02-23,14.33,26.02,88.03,15.69,4.53,0.99
2013-02-24,38.03,25.72,90.73,13.14,6.19,1.0
2013-02-25,19.15,25.86,89.26,18.32,5.83,1.0
2013-02-26,17.07,26.09,88.0,15.13,5.78,1.0
2013-02-27,12.16,25.8,91.42,13.8,6.06,1.0
2013-02-28,11.41,25.7,90.63,17.89,5.05,1.0
2013-03-01,9.83,26.5,86.68,18.91,3.87,1.0
2013-03-02,10.31,26.09,89.37,18.58,3.18,1.0
2013-03-03,18.03,26.01,88.6,20.76,3.5,1.0
2013-03-04,12.74,26.08,88.83,18.0,4.52,1.0
2013-03-05,12.21,26.04,87.31,20.06,4.37,1.0
2013-03-06,7.72,25.97,83.5,16.25,4.86,1.0
2013-03-07,4.09,26.3,82.76,19.85,3.52,0.99
2013-03-08,6.68,26.56,84.8,18.41,2.98,0.99
2013-03-09,5.05,26.68,83.03,21.71,2.52,0.99
2013-03-10,4.08,26.31,84.75,24.03,3.44,0.99
2013-03-11,1.58,26.25,83.23,23.48,3.4,0.98
2013-03-12,2.62,26.34,83.2,22.32,3.14,0.98
2013-03-13,3.93,26.08,84.25,20.14,2.94,0.98
2013-03-14,3.13,26.32,80.66,15.94,2.87,0.97
2013-03-15,4.19,25.82,80.97,18.71,3.04,0.97
2013-03-16,6.45,25.92,82.04,20.46,1.96,0.97
2013-03-17,1.59,27.28,75.46,24.25,0.92,0.97
2013-03-18,0.02,27.39,75.57,25.2,2.22,0.96
2013-03-19,0.18,27.2,75.91,26.1,3.38,0.95
2013-03-20,0.23,27.06,77.92,24.52,3.58,0.94
2013-03-21,0.4,27.37,73.96,25.11,2.02,0.93
2013-03-22,0.4,26.97,75.53,24.53,2.84,0.92
2013-03-23,0.82,27.14,76.21,23.63,3.49,0.91
2013-03-24,0.33,27.65,73.62,22.88,2.19,0.9
2013-03-25,0.0,28.5,68.59,25.0,1.25,0.89
2013-03-26,0.69,28.36,74.74,23.38,1.63,0.88
2013-03-27,1.91,27.96,75.03,22.25,2.64,0.87
2013-03-28,2.54,27.83,77.64,22.03,2.71,0.87
2013-03-29,2.11,27.82,77.82,21.51,2.51,0.87
2013-03-30,0.38,28.28,71.72,24.52,1.8,0.86
2013-03-31,0.21,28.64,69.88,24.06,1.31,0.85
2013-04-01,1.18,29.0,68.04,24.59,0.89,0.84
2013-04-02,2.59,28.69,70.92,23.79,0.95,0.84
2013-04-03,2.26,29.01,70.25,21.72,0.91,0.83
2013-04-04,0.76,28.35,75.35,21.05,1.67,0.83
2013-04-05,2.22,27.49,77.11,19.77,1.99,0.82
2013-04-06,0.76,28.16,70.83,23.45,2.22,0.82
2013-04-07,13.98,27.22,83.4,20.23,3.34,0.82
2013-04-08,22.68,26.29,85.57,9.23,1.34,0.85
2013-04-09,16.15,25.99,84.97,14.94,2.4,0.88
2013-04-10,13.84,25.77,86.17,19.06,2.37,0.9
2013-04-11,9.43,26.61,80.97,16.37,4.19,0.91
2013-04-12,1.38,26.88,79.64,20.78,4.94,0.9
2013-04-13,4.82,26.72,80.14,17.8,4.65,0.9
2013-04-14,0.39,27.0,73.74,23.13,4.02,0.9
2013-04-15,0.01,26.6,70.37,23.84,3.57,0.89
2013-04-16,0.0,26.52,72.41,23.33,3.26,0.88
2013-04-17,0.54,26.64,78.52,22.74,3.66,0.87
2013-04-18,1.19,26.58,76.57,22.45,4.14,0.86
2013-04-19,1.42,26.69,78.88,21.76,4.46,0.86
2013-04-20,6.42,26.61,80.17,18.0,3.43,0.86
2013-04-21,6.35,26.94,80.72,20.52,3.98,0.86
2013-04-22,0.96,26.56,84.47,21.13,4.27,0.85
2013-04-23,0.26,26.56,77.45,21.66,4.1,0.85
2013-04-24,0.0,26.22,75.92,22.19,3.52,0.84
2013-04-25,0.23,26.12,75.65,21.53,3.26,0.83
2013-04-26,0.48,26.36,78.44,20.12,4.19,0.83
2013-04-27,0.0,26.38,76.78,21.98,4.2,0.82
2013-04-28,0.0,26.4,75.48,21.68,4.03,0.81
2013-04-29,0.0,26.41,76.58,20.69,4.33,0.8
2013-04-30,0.21,26.23,74.38,20.23,5.31,0.8
2013-05-01,0.64,26.23,72.71,21.19,5.89,0.79
2013-05-02,0.16,26.5,71.61,20.98,4.04,0.78
2013-05-03,0.12,26.48,76.21,20.45,3.82,0.78
2013-05-04,0.68,26.35,83.47,20.62,4.21,0.77
2013-05-05,2.51,27.16,83.17,20.55,5.07,0.77
2013-05-06,2.77,27.07,80.89,20.85,4.74,0.77
2013-05-07,0.22,26.91,79.23,19.49,5.51,0.77
2013-05-08,0.66,26.89,77.98,20.33,4.62,0.76
2013-05-09,0.0,26.82,75.19,17.63,4.72,0.76
2013-05-10,0.02,26.66,75.2,20.21,4.42,0.75
2013-05-11,1.04,27.08,76.4,19.47,3.5,0.74
2013-05-12,2.23,27.2,77.8,20.5,4.02,0.74
2013-05-13,4.19,27.29,76.49,20.51,3.48,0.74
2013-05-14,3.6,27.02,79.74,19.53,2.3,0.74
2013-05-15,3.48,26.64,82.88,18.71,1.19,0.75
2013-05-16,8.33,27.01,79.36,17.66,1.55,0.76
2013-05-17,8.19,27.18,78.23,16.25,1.28,0.76
2013-05-18,7.51,26.83,82.29,19.59,2.7,0.77
2013-05-19,5.22,26.59,82.63,18.96,2.2,0.78
2013-05-20,6.11,26.97,80.4,18.88,0.82,0.78
2013-05-21,5.54,26.29,80.73,18.58,1.52,0.79
2013-05-22,5.79,27.4,74.23,19.38,0.85,0.79
2013-05-23,10.89,27.1,78.62,16.63,1.4,0.8
2013-05-24,10.6,26.35,83.31,14.43,2.48,0.82
2013-05-25,12.45,25.32,87.73,12.34,5.23,0.83
2013-05-26,10.12,25.78,79.03,16.27,5.49,0.84
2013-05-27,1.25,25.49,77.28,17.37,3.94,0.84
2013-05-28,2.88,25.76,81.02,19.08,3.37,0.84
2013-05-29,9.89,25.74,85.6,16.53,2.9,0.84
2013-05-30,6.3,24.92,85.6,10.07,2.26,0.85
2013-05-31,1.01,25.42,81.93,17.88,2.09,0.85
2013-06-01,0.91,25.98,80.71,16.89,3.54,0.85
2013-06-02,1.08,26.0,84.76,17.49,3.56,0.84
2013-06-03,2.32,26.12,85.43,15.77,3.29,0.84
2013-06-04,3.21,25.7,88.21,11.86,2.63,0.84
2013-06-05,1.87,26.4,84.3,18.34,1.63,0.84
2013-06-06,6.41,26.65,85.57,13.09,1.47,0.85
2013-06-07,8.63,26.1,85.04,16.71,3.05,0.85
2013-06-08,3.86,25.94,86.51,17.66,4.38,0.86
2013-06-09,6.72,25.75,88.79,12.77,5.44,0.87
2013-06-10,0.79,25.87,82.75,17.54,4.8,0.86
2013-06-11,4.2,25.8,82.07,16.41,5.26,0.86
2013-06-12,1.62,25.69,83.31,16.85,5.07,0.86
2013-06-13,0.1,25.74,77.36,17.94,5.48,0.85
2013-06-14,0.0,25.58,79.27,19.31,4.12,0.85
2013-06-15,0.02,25.35,79.99,15.22,4.59,0.84
2013-06-16,1.3,25.77,80.41,16.7,4.66,0.83
2013-06-17,2.06,26.04,82.74,17.74,4.25,0.83
2013-06-18,13.09,25.27,86.25,11.1,4.41,0.84
2013-06-19,10.01,25.48,86.54,14.96,2.89,0.85
2013-06-20,3.95,26.14,82.67,15.15,1.84,0.86
2013-06-21,5.17,25.83,86.14,15.28,5.28,0.86
2013-06-22,6.17,25.87,85.12,13.97,4.5,0.86
2013-06-23,3.04,25.64,85.96,16.56,4.01,0.86
2013-06-24,0.83,26.36,81.47,10.61,1.96,0.86
2013-06-25,1.13,26.77,77.17,17.35,0.91,0.86
2013-06-26,0.89,27.12,74.24,18.04,0.63,0.85
2013-06-27,1.88,26.42,79.34,18.04,1.54,0.85
2013-06-28,0.89,26.18,79.31,15.65,2.22,0.84
2013-06-29,2.95,25.8,83.49,18.38,3.82,0.84
2013-06-30,0.9,25.64,81.78,16.33,6.17,0.84
2013-07-01,1.99,25.31,78.28,12.2,7.12,0.84
2013-07-02,0.93,25.04,78.62,14.2,7.01,0.83
2013-07-03,0.3,24.54,75.62,17.65,6.24,0.83
2013-07-04,0.1,24.33,75.76,18.25,5.04,0.82
2013-07-05,0.38,24.31,75.35,18.93,5.46,0.81
2013-07-06,0.4,24.95,78.93,17.27,5.07,0.81
2013-07-07,0.19,25.12,77.74,14.37,4.77,0.8
2013-07-08,2.08,25.74,79.57,15.82,4.44,0.8
2013-07-09,3.2,25.45,85.67,15.85,5.52,0.8
2013-07-10,3.84,25.42,84.48,17.23,5.55,0.8
2013-07-11,0.9,25.1,81.19,15.78,6.31,0.8
2013-07-12,0.25,25.19,79.1,16.95,4.6,0.79
2013-07-13,2.87,25.7,83.32,14.91,5.5,0.79
2013-07-14,1.22,25.61,80.06,18.8,6.56,0.79
2013-07-15,1.62,25.12,80.35,17.29,6.64,0.79
2013-07-16,2.07,24.77,76.38,18.35,5.77,0.78
2013-07-17,0.56,24.11,72.7,17.65,5.28,0.78
2013-07-18,0.0,24.32,69.65,17.3,4.96,0.77
2013-07-19,0.0,24.18,69.98,19.29,4.54,0.77
2013-07-20,0.04,24.56,71.16,16.48,4.49,0.76
2013-07-21,1.5,24.19,78.68,8.83,4.06,0.76
2013-07-22,2.11,25.07,79.81,17.83,4.69,0.76
2013-07-23,5.06,25.45,79.63,15.17,6.73,0.76
2013-07-24,0.15,25.06,74.68,18.48,7.57,0.76
2013-07-25,1.28,24.35,74.22,17.49,6.07,0.75
2013-07-26,0.32,24.62,72.5,18.72,4.76,0.75
2013-07-27,0.0,23.93,70.37,19.93,4.39,0.74
2013-07-28,0.26,23.59,68.52,18.18,4.44,0.73
2013-07-29,0.22,23.72,69.77,19.52,4.0,0.73
2013-07-30,0.15,24.59,73.03,15.8,3.98,0.72
2013-07-31,0.09,25.02,71.04,19.45,5.04,0.72
2013-08-01,0.0,24.74,70.64,21.37,5.77,0.71
2013-08-02,0.0,24.3,69.98,21.18,5.72,0.71
2013-08-03,0.0,24.46,69.47,20.98,5.77,0.71
2013-08-04,0.2,24.37,74.27,20.35,5.84,0.7
2013-08-05,0.05,24.01,70.61,19.88,6.07,0.7
2013-08-06,0.04,23.87,71.69,21.16,5.4,0.69
2013-08-07,0.3,24.3,72.58,17.65,4.98,0.69
2013-08-08,0.0,24.92,68.45,19.98,4.87,0.68
2013-08-09,0.0,24.05,67.87,22.54,5.23,0.68
2013-08-10,0.0,23.33,65.44,21.69,4.93,0.67
2013-08-11,0.0,23.2,66.18,20.78,4.68,0.67
2013-08-12,1.61,23.46,72.21,18.29,4.43,0.67
2013-08-13,0.0,24.79,72.5,13.65,4.93,0.66
2013-08-14,0.14,25.12,73.92,21.5,5.16,0.66
2013-08-15,0.0,25.45,72.67,22.46,3.3,0.66
2013-08-16,0.46,25.23,72.67,22.36,3.47,0.65
2013-08-17,0.0,25.18,67.81,23.45,3.59,0.65
2013-08-18,0.0,24.93,71.05,22.84,3.5,0.64
2013-08-19,0.0,24.87,75.35,22.34,4.52,0.64
2013-08-20,0.0,25.36,72.53,22.48,4.77,0.64
2013-08-21,0.0,25.65,69.64,23.34,4.05,0.63
2013-08-22,0.0,25.89,69.68,22.0,4.03,0.63
2013-08-23,0.14,25.54,72.37,23.42,3.22,0.62
2013-08-24,0.3,25.44,71.87,22.24,3.69,0.62
2013-08-25,0.38,25.66,67.85,23.18,4.45,0.62
2013-08-26,0.18,25.31,66.26,23.66,5.54,0.61
2013-08-27,0.24,25.71,70.64,20.55,4.65,0.61
2013-08-28,0.52,26.66,68.61,21.56,4.68,0.61
2013-08-29,0.07,26.92,68.11,22.55,3.95,0.61
2013-08-30,4.22,26.04,70.73,23.09,5.3,0.61
2013-08-31,0.19,25.93,70.59,22.3,4.86,0.61
2013-09-01,1.12,26.14,69.46,24.13,6.32,0.61
2013-09-02,0.0,26.24,69.14,23.89,7.02,0.61
2013-09-03,0.04,25.99,64.88,24.37,6.57,0.61
2013-09-04,0.29,26.09,65.89,22.35,6.7,0.6
2013-09-05,0.34,25.87,65.13,24.29,6.18,0.6
2013-09-06,0.14,26.01,65.36,23.46,5.48,0.6
2013-09-07,0.06,26.25,64.34,24.14,6.06,0.6
2013-09-08,0.0,26.07,63.52,24.2,5.14,0.6
2013-09-09,1.15,25.99,63.21,23.26,4.48,0.6
2013-09-10,0.02,26.18,68.22,20.23,5.18,0.6
2013-09-11,0.83,26.6,67.75,20.76,4.87,0.6
2013-09-12,0.0,26.68,66.03,23.25,5.37,0.6
2013-09-13,0.2,26.78,63.87,23.95,4.27,0.6
2013-09-14,0.01,27.19,61.23,24.24,3.23,0.6
2013-09-15,1.59,27.08,64.01,20.92,4.32,0.6
2013-09-16,1.14,27.03,64.89,21.3,4.46,0.6
2013-09-17,0.03,27.33,62.49,24.29,4.35,0.6
2013-09-18,0.0,27.47,59.2,25.15,2.52,0.6
2013-09-19,0.0,27.72,55.7,26.06,3.41,0.6
2013-09-20,0.0,27.91,56.08,25.98,3.37,0.6
2013-09-21,0.0,27.66,58.46,25.6,4.26,0.6
2013-09-22,0.0,27.96,56.08,25.79,3.58,0.6
2013-09-23,0.0,27.71,58.0,25.45,4.36,0.6
2013-09-24,0.0,27.93,56.95,24.33,4.58,0.59
2013-09-25,0.0,28.38,56.55,26.19,3.69,0.59
2013-09-26,0.0,28.03,56.51,26.07,3.18,0.59
2013-09-27,0.0,28.08,56.07,25.88,3.8,0.59
2013-09-28,0.0,28.09,55.35,25.11,2.8,0.59
2013-09-29,0.0,28.3,54.28,26.2,2.98,0.59
2013-09-30,0.25,28.14,57.81,22.34,4.26,0.59
2013-10-01,0.05,27.62,60.77,23.45,5.1,0.59
2013-10-02,0.17,28.17,58.09,25.37,5.44,0.59
2013-10-03,0.0,28.72,52.66,26.21,2.91,0.59
2013-10-04,0.01,29.46,50.19,25.63,3.02,0.59
2013-10-05,0.58,29.48,54.57,23.68,2.57,0.59
2013-10-06,0.33,29.17,54.04,24.66,3.32,0.59
2013-10-07,0.05,29.18,52.35,26.76,3.35,0.59
2013-10-08,0.23,28.96,52.73,25.91,2.45,0.59
2013-10-09,0.0,29.26,53.22,26.32,3.24,0.59
2013-10-10,0.0,29.32,54.82,24.91,3.65,0.59
2013-10-11,2.43,29.64,53.2,25.28,2.58,0.6
2013-10-12,0.45,29.72,56.69,24.41,2.97,0.6
2013-10-13,0.73,29.27,53.79,26.43,2.87,0.6
2013-10-14,2.78,29.31,57.69,22.99,3.61,0.6
2013-10-15,6.7,27.81,70.68,23.12,4.24,0.61
2013-10-16,2.12,27.61,72.7,22.75,3.79,0.62
2013-10-17,1.52,28.21,69.13,22.97,4.03,0.61
2013-10-18,0.27,28.65,66.39,24.82,3.97,0.61
2013-10-19,0.38,28.78,64.64,24.37,4.92,0.61
2013-10-20,4.66,28.83,65.81,25.16,3.48,0.61
2013-10-21,2.71,28.77,62.97,25.58,4.0,0.61
2013-10-22,3.27,29.5,58.5,25.63,3.6,0.61
2013-10-23,2.92,29.7,58.24,23.06,2.74,0.62
2013-10-24,1.31,29.58,56.52,23.71,1.98,0.61
2013-10-25,2.44,29.79,59.32,25.47,3.23,0.61
2013-10-26,3.14,28.32,69.16,23.75,4.98,0.62
2013-10-27,5.73,28.53,67.83,25.75,4.3,0.62
2013-10-28,1.43,28.6,66.25,25.96,4.17,0.62
2013-10-29,0.35,29.1,62.06,26.03,1.75,0.62
2013-10-30,0.41,29.47,57.66,25.37,2.71,0.62
2013-10-31,0.66,29.23,59.11,24.98,4.34,0.61
2013-11-01,4.1,28.93,61.82,24.36,3.86,0.61
2013-11-02,3.05,28.59,66.51,26.43,4.3,0.62
2013-11-03,2.35,29.04,64.4,25.71,3.97,0.62
2013-11-04,0.7,29.34,63.22,26.34,3.36,0.62
2013-11-05,1.01,29.63,60.51,24.3,3.55,0.62
2013-11-06,2.36,29.29,61.94,24.9,3.46,0.62
2013-11-07,1.68,29.5,59.71,26.1,3.57,0.62
2013-11-08,0.79,29.64,58.68,25.23,4.93,0.62
2013-11-09,0.21,30.11,57.37,26.1,4.24,0.61
2013-11-10,0.09,29.5,61.07,25.86,4.06,0.61
2013-11-11,0.04,30.28,56.31,23.37,2.11,0.61
2013-11-12,3.36,30.31,55.21,24.51,1.68,0.61
2013-11-13,0.4,29.94,57.79,22.67,1.64,0.61
2013-11-14,4.24,29.21,60.9,22.04,2.32,0.62
2013-11-15,9.0,28.05,71.99,22.08,2.37,0.63
2013-11-16,3.78,27.92,69.11,21.69,2.09,0.64
2013-11-17,7.09,27.4,73.31,20.26,2.25,0.64
2013-11-18,13.18,26.5,78.22,19.37,2.45,0.66
2013-11-19,13.75,26.38,82.67,14.26,3.14,0.69
2013-11-20,18.37,26.61,79.51,15.32,3.14,0.7
2013-11-21,1.24,27.17,76.51,22.32,4.21,0.71
2013-11-22,2.41,27.27,76.47,22.46,3.84,0.71
2013-11-23,11.22,27.11,78.67,17.69,3.66,0.71
2013-11-24,7.57,26.79,77.67,22.25,3.68,0.73
2013-11-25,11.25,27.11,75.02,20.63,3.13,0.74
2013-11-26,0.83,27.16,74.06,23.33,3.04,0.74
2013-11-27,2.23,27.56,72.61,21.64,3.05,0.73
2013-11-28,5.36,27.45,71.74,20.1,3.41,0.73
2013-11-29,3.83,27.33,73.07,22.58,2.9,0.73
2013-11-30,3.38,27.65,72.49,20.47,2.83,0.73
2013-12-01,5.23,27.98,72.74,20.83,2.59,0.73
2013-12-02,5.51,28.34,73.2,21.74,2.78,0.73
2013-12-03,4.55,28.37,70.03,22.18,2.05,0.73
2013-12-04,12.76,27.71,75.46,23.75,1.92,0.74
2013-12-05,11.92,26.79,79.75,19.86,2.69,0.75
2013-12-06,7.23,27.33,76.01,20.91,1.07,0.77
2013-12-07,8.8,27.13,78.62,22.89,1.26,0.77
2013-12-08,11.86,27.03,80.51,23.69,2.26,0.79
2013-12-09,5.59,27.14,81.19,24.83,1.4,0.79
2013-12-10,7.64,26.96,79.34,13.31,2.49,0.8
2013-12-11,6.53,27.42,77.82,22.66,2.65,0.8
2013-12-12,8.85,27.85,76.22,22.49,1.64,0.81
2013-12-13,1.86,28.13,73.0,20.21,1.78,0.8
2013-12-14,15.62,27.66,75.84,23.4,1.89,0.81
2013-12-15,16.05,27.4,76.18,19.04,1.43,0.82
2013-12-16,10.55,26.5,79.63,17.05,0.97,0.84
2013-12-17,5.92,26.8,78.14,22.74,1.54,0.84
2013-12-18,9.92,27.44,75.89,21.72,1.6,0.85
2013-12-19,28.3,27.3,78.29,23.61,1.42,0.86
2013-12-20,16.77,26.85,83.2,19.29,2.97,0.89
2013-12-21,9.98,26.05,87.99,19.38,2.9,0.89
2013-12-22,14.63,26.4,82.19,17.62,2.04,0.91
2013-12-23,24.11,25.69,87.63,15.49,3.13,0.92
2013-12-24,40.33,25.72,86.01,16.77,1.94,0.95
2013-12-25,30.72,25.75,86.3,9.49,4.39,0.98
2013-12-26,17.36,25.76,87.21,18.08,6.28,0.99
2013-12-27,2.29,26.32,84.38,17.65,5.95,0.99
2013-12-28,3.67,26.28,84.0,22.18,5.66,0.98
2013-12-29,3.37,26.27,85.74,23.06,4.28,0.98
2013-12-30,3.55,26.57,85.54,20.64,3.46,0.97
2013-12-31,6.84,25.81,88.23,19.64,3.06,0.97
2014-01-01,21.88,26.14,82.92,21.65,2.51,0.99
2014-01-02,7.87,26.51,80.34,19.11,1.86,0.99
2014-01-03,9.95,26.46,83.29,21.27,1.8,0.99
2014-01-04,7.38,26.41,82.02,24.92,1.28,0.99
2014-01-05,2.0,26.16,85.22,24.59,2.09,0.99
2014-01-06,0.32,27.28,79.74,23.72,1.28,0.98
2014-01-07,2.36,26.97,80.31,22.7,0.97,0.98
2014-01-08,2.47,26.77,81.68,25.21,2.0,0.98
2014-01-09,1.18,26.85,82.97,24.29,2.78,0.97
2014-01-10,2.34,26.6,82.22,23.27,2.21,0.97
2014-01-11,6.67,26.16,82.22,22.02,2.14,0.97
2014-01-12,6.38,26.68,77.71,23.44,2.7,0.97
2014-01-13,8.65,26.96,83.64,21.6,5.31,0.97
2014-01-14,11.11,26.89,86.2,18.98,5.94,0.97
2014-01-15,4.67,26.78,84.18,19.83,6.37,0.97
2014-01-16,7.93,26.52,82.19,20.96,6.66,0.97
2014-01-17,13.49,26.22,83.93,17.27,7.39,0.97
2014-01-18,7.68,26.49,84.57,20.93,6.46,0.97
2014-01-19,7.36,26.24,85.92,21.65,6.63,0.97
2014-01-20,12.09,25.84,85.29,11.72,6.26,0.97
2014-01-21,10.99,26.0,86.66,13.0,5.47,0.98
2014-01-22,4.42,25.95,85.06,20.25,4.52,0.98
2014-01-23,5.1,25.87,82.77,22.03,4.48,0.97
2014-01-24,6.93,25.5,86.83,20.04,4.17,0.97
2014-01-25,7.88,25.56,84.37,20.13,4.16,0.98
2014-01-26,3.73,25.52,84.29,20.27,5.0,0.98
2014-01-27,0.99,26.19,79.49,22.72,5.08,0.97
2014-01-28,0.35,26.2,78.84,21.98,5.06,0.96
2014-01-29,0.24,26.27,81.05,22.76,5.05,0.95
2014-01-30,5.26,26.44,84.08,17.51,6.12,0.95
2014-01-31,6.0,26.28,86.26,13.35,6.74,0.95
2014-02-01,4.03,26.14,85.12,6.36,7.02,0.95
2014-02-02,12.26,26.27,85.58,21.8,5.63,0.95
2014-02-03,20.06,25.78,89.96,15.97,4.5,0.96
2014-02-04,5.25,25.83,87.24,18.52,3.9,0.97
2014-02-05,3.07,26.0,85.33,24.43,3.5,0.97
2014-02-06,7.83,26.36,84.78,21.31,3.74,0.96
2014-02-07,8.85,26.36,86.29,20.28,3.66,0.97
2014-02-08,6.12,26.16,89.01,15.69,3.67,0.97
2014-02-09,3.04,26.39,86.68,20.56,4.43,0.97
2014-02-10,15.58,25.44,90.21,19.8,4.33,0.97
2014-02-11,5.14,26.26,83.28,20.67,4.68,0.98
2014-02-12,8.6,26.0,83.11,19.65,4.94,0.98
2014-02-13,1.37,26.07,82.71,20.75,4.8,0.97
2014-02-14,17.67,25.02,82.85,7.76,3.9,0.97
2014-02-15,23.35,25.31,80.35,17.46,3.07,0.98
2014-02-16,4.29,25.11,83.16,16.83,3.02,0.98
2014-02-17,3.96,25.09,84.98,17.86,3.69,0.98
2014-02-18,7.0,24.87,87.04,14.85,4.82,0.97
2014-02-19,9.57,24.85,88.02,16.12,5.09,0.98
2014-02-20,15.17,25.24,83.6,20.5,3.75,0.98
2014-02-21,4.3,25.92,79.69,19.57,2.51,0.98
2014-02-22,6.77,25.26,85.68,15.66,3.58,0.98
2014-02-23,8.19,24.9,84.18,23.2,3.12,0.98
2014-02-24,1.92,26.08,78.08,24.09,2.11,0.98
2014-02-25,0.28,26.0,78.1,25.71,3.15,0.97
2014-02-26,0.03,25.54,76.87,26.72,3.19,0.96
2014-02-27,0.01,26.2,76.43,26.41,3.07,0.96
2014-02-28,0.01,26.21,74.43,25.57,2.73,0.95
2014-03-01,0.19,26.53,75.4,24.9,2.39,0.93
2014-03-02,0.53,27.43,77.1,24.31,2.02,0.92
2014-03-03,9.7,27.22,77.81,23.2,1.21,0.93
2014-03-04,7.16,27.57,74.79,24.87,0.97,0.93
2014-03-05,1.55,27.66,75.88,24.51,1.72,0.93
2014-03-06,2.1,27.5,74.44,24.83,2.38,0.92
2014-03-07,0.75,27.34,75.18,24.61,2.16,0.91
2014-03-08,2.43,27.03,78.05,24.58,3.01,0.91
2014-03-09,9.22,26.55,79.74,17.34,3.13,0.91
2014-03-10,11.07,26.8,76.4,18.5,2.32,0.91
2014-03-11,14.44,26.62,79.28,20.41,2.03,0.93
2014-03-12,8.21,26.71,76.39,23.0,1.41,0.93
2014-03-13,5.18,27.18,75.15,22.64,1.58,0.93
2014-03-14,2.99,26.85,79.67,20.92,1.44,0.93
2014-03-15,4.63,26.42,84.24,21.67,1.91,0.93
2014-03-16,4.94,26.57,84.08,22.08,1.3,0.93
2014-03-17,4.61,27.85,74.83,23.57,0.75,0.93
2014-03-18,2.4,27.74,75.22,23.73,3.54,0.93
2014-03-19,16.32,27.08,81.84,4.33,5.28,0.93
2014-03-20,7.29,26.77,79.95,22.34,2.93,0.95
2014-03-21,4.78,27.29,75.37,24.15,2.32,0.94
2014-03-22,0.7,26.71,78.67,24.1,2.76,0.93
2014-03-23,0.0,26.98,75.19,25.62,3.24,0.92
2014-03-24,0.58,27.07,75.74,25.32,2.17,0.91
2014-03-25,2.73,27.53,74.94,23.4,1.96,0.91
2014-03-26,1.45,27.08,80.55,23.47,2.77,0.9
2014-03-27,2.0,27.12,82.51,22.3,3.84,0.9
2014-03-28,1.36,26.82,78.78,23.74,3.28,0.89
2014-03-29,0.0,26.61,72.44,25.07,3.71,0.89
2014-03-30,0.0,26.67,71.49,24.33,2.73,0.88
2014-03-31,0.05,26.98,76.61,24.09,3.49,0.87
2014-04-01,2.64,27.15,82.07,22.55,4.38,0.86
2014-04-02,4.58,26.8,84.61,22.19,3.2,0.87
2014-04-03,2.53,26.76,82.88,20.57,3.93,0.87
2014-04-04,0.82,27.14,76.41,22.42,3.22,0.86
2014-04-05,0.32,27.07,77.15,22.28,3.41,0.85
2014-04-06,4.92,27.23,78.63,20.73,1.3,0.85
2014-04-07,12.09,27.74,74.25,21.15,1.31,0.86
2014-04-08,7.14,27.15,73.69,22.01,2.19,0.86
2014-04-09,12.4,26.15,80.14,20.42,2.59,0.87
2014-04-10,6.1,26.98,73.67,20.69,2.57,0.88
2014-04-11,4.01,27.32,72.11,17.52,1.72,0.88
2014-04-12,0.97,26.79,77.81,19.36,2.51,0.87
2014-04-13,12.84,26.57,78.35,17.04,2.68,0.88
2014-04-14,5.44,26.28,78.04,16.62,2.42,0.88
2014-04-15,6.88,26.9,76.18,14.52,2.99,0.89
2014-04-16,11.56,26.39,80.54,13.8,3.03,0.89
2014-04-17,11.93,26.11,85.73,15.1,2.78,0.91
2014-04-18,5.56,26.13,85.46,21.59,3.62,0.91
2014-04-19,2.97,27.19,77.07,20.09,2.75,0.91
2014-04-20,4.57,27.16,77.61,23.05,2.34,0.91
2014-04-21,5.0,26.87,81.86,21.63,3.18,0.91
2014-04-22,2.3,26.72,82.22,18.91,3.98,0.9
2014-04-23,4.71,27.25,76.77,20.6,2.28,0.9
2014-04-24,0.11,27.25,76.13,22.42,2.59,0.89
2014-04-25,0.45,26.79,74.72,22.63,2.68,0.88
2014-04-26,0.37,26.92,73.51,22.0,2.48,0.88
2014-04-27,0.53,26.98,73.06,22.56,2.07,0.87
2014-04-28,2.1,27.05,73.69,22.13,3.36,0.86
2014-04-29,4.92,27.45,75.23,10.54,1.84,0.86
2014-04-30,4.04,27.23,78.99,20.38,2.01,0.86
2014-05-01,2.01,26.89,84.23,20.9,3.15,0.86
2014-05-02,3.6,26.71,83.45,21.29,3.8,0.86
2014-05-03,0.94,26.03,83.94,20.5,3.18,0.85
2014-05-04,0.69,26.39,80.1,21.71,2.8,0.85
2014-05-05,0.04,26.7,80.07,21.12,3.53,0.84
2014-05-06,0.94,26.91,80.37,21.47,4.18,0.83
2014-05-07,2.04,26.83,79.94,21.23,5.59,0.83
2014-05-08,0.13,26.7,74.47,19.09,3.85,0.82
2014-05-09,0.0,26.69,72.78,20.91,3.3,0.82
2014-05-10,0.08,26.79,77.9,19.27,3.68,0.81
2014-05-11,2.19,26.89,78.18,18.97,3.77,0.8
2014-05-12,0.12,26.95,76.86,18.55,4.5,0.8
2014-05-13,0.3,26.83,76.07,17.73,4.13,0.79
2014-05-14,0.35,26.35,77.47,19.57,4.69,0.79
2014-05-15,2.25,26.42,79.23,20.13,5.0,0.78
2014-05-16,1.42,26.36,75.81,19.79,4.73,0.78
2014-05-17,0.32,26.62,75.71,19.21,3.69,0.78
2014-05-18,3.76,26.72,79.33,19.32,3.37,0.77
2014-05-19,6.22,26.76,80.63,18.96,4.79,0.78
2014-05-20,2.92,26.5,79.77,18.4,3.97,0.78
2014-05-21,1.5,26.41,77.3,19.48,5.14,0.78
2014-05-22,1.58,26.45,76.04,19.8,5.15,0.77
2014-05-23,2.72,26.56,77.56,19.04,5.19,0.77
2014-05-24,6.06,26.4,81.29,18.11,4.94,0.77
2014-05-25,7.34,26.47,80.73,12.58,3.84,0.78
2014-05-26,0.34,26.62,79.36,18.78,4.59,0.78
2014-05-27,1.14,26.52,80.07,17.72,5.63,0.77
2014-05-28,2.93,26.58,79.53,18.26,6.1,0.77
2014-05-29,0.78,26.18,74.78,17.71,5.28,0.77
2014-05-30,0.16,25.99,73.82,18.39,4.75,0.76
2014-05-31,0.49,26.43,77.39,15.41,3.89,0.76
2014-06-01,1.38,26.48,78.9,18.42,4.93,0.75
2014-06-02,1.28,26.64,77.25,16.55,5.04,0.75
2014-06-03,3.08,26.38,79.83,17.2,4.91,0.75
2014-06-04,0.35,26.38,79.04,18.25,6.05,0.75
2014-06-05,0.13,26.34,76.31,17.02,6.34,0.74
2014-06-06,0.46,26.21,77.51,18.04,5.81,0.74
2014-06-07,0.25,26.49,76.44,18.18,5.89,0.73
2014-06-08,0.7,26.29,79.58,18.13,6.4,0.73
2014-06-09,0.43,26.17,78.7,16.96,6.13,0.72
2014-06-10,0.52,26.11,77.84,15.76,5.22,0.72
2014-06-11,1.09,26.04,73.53,16.71,4.36,0.71
2014-06-12,1.66,25.16,72.16,15.69,4.25,0.71
2014-06-13,0.4,24.94,68.13,18.02,4.74,0.71
2014-06-14,0.0,25.1,68.55,17.66,5.4,0.71
2014-06-15,0.49,25.2,75.56,12.15,6.01,0.7
2014-06-16,1.56,25.01,78.11,12.67,6.63,0.7
2014-06-17,0.62,25.38,76.97,17.28,5.66,0.7
2014-06-18,0.84,25.53,74.13,13.34,5.25,0.69
2014-06-19,0.14,25.71,72.83,19.2,4.85,0.69
2014-06-20,1.03,25.9,77.2,14.43,4.9,0.69
2014-06-21,4.16,25.28,86.95,12.24,3.94,0.69
2014-06-22,7.79,25.27,83.45,15.67,3.79,0.7
2014-06-23,1.56,25.06,83.0,18.1,4.74,0.7
2014-06-24,0.22,25.0,78.42,16.88,6.0,0.7
2014-06-25,0.03,24.97,76.29,17.71,5.79,0.7
2014-06-26,0.0,24.59,72.77,18.06,6.14,0.69
2014-06-27,0.0,24.72,70.93,17.87,5.18,0.69
2014-06-28,0.0,24.38,66.1,19.74,4.34,0.68
2014-06-29,0.06,24.5,70.68,18.95,4.66,0.68
2014-06-30,0.56,25.01,76.47,18.07,5.39,0.68
2014-07-01,0.58,24.87,74.41,14.5,6.05,0.67
2014-07-02,0.21,24.69,70.35,16.95,5.48,0.67
2014-07-03,0.04,24.65,71.82,17.63,5.6,0.66
2014-07-04,0.22,25.04,75.41,15.78,5.85,0.66
2014-07-05,0.61,24.99,76.45,15.73,6.57,0.66
2014-07-06,0.54,25.03,74.56,17.88,5.84,0.66
2014-07-07,0.02,24.94,73.53,18.22,4.37,0.65
2014-07-08,0.23,24.86,73.21,18.7,4.37,0.65
2014-07-09,0.0,24.81,70.91,19.17,4.79,0.65
2014-07-10,0.0,24.89,69.81,19.78,3.88,0.64
2014-07-11,0.06,25.44,73.15,15.85,3.55,0.64
2014-07-12,1.68,25.66,78.57,15.46,2.73,0.64
2014-07-13,2.42,26.19,76.8,14.92,2.53,0.64
2014-07-14,1.34,24.58,73.59,7.65,6.26,0.64
2014-07-15,0.28,24.65,68.3,15.91,4.11,0.63
2014-07-16,0.81,25.13,75.23,16.12,4.01,0.63
2014-07-17,0.51,25.44,76.66,17.57,5.53,0.63
2014-07-18,0.06,25.28,77.96,20.55,4.02,0.63
2014-07-19,0.53,25.24,76.67,19.31,4.87,0.62
2014-07-20,2.03,25.28,76.73,19.35,4.86,0.62
2014-07-21,0.01,24.97,75.21,20.38,4.85,0.62
2014-07-22,0.0,25.23,73.2,20.51,4.17,0.62
2014-07-23,0.71,25.04,69.53,19.77,4.99,0.61
2014-07-24,0.31,25.05,65.63,19.34,4.37,0.61
2014-07-25,0.03,25.02,63.08,18.88,5.18,0.61
2014-07-26,0.06,25.05,67.53,19.66,5.37,0.61
2014-07-27,0.12,25.32,68.02,19.1,5.74,0.61
2014-07-28,0.04,25.25,69.13,20.04,5.33,0.61
2014-07-29,0.08,25.52,70.75,19.91,6.04,0.61
2014-07-30,0.17,26.01,68.77,20.5,5.85,0.6
2014-07-31,0.08,26.05,67.09,21.12,5.82,0.6
2014-08-01,0.31,25.98,70.32,20.48,5.37,0.6
2014-08-02,0.8,26.53,70.32,19.98,5.4,0.6
2014-08-03,1.38,26.24,72.69,20.62,6.02,0.6
2014-08-04,1.38,26.02,73.99,19.67,7.26,0.61
2014-08-05,0.41,25.55,70.6,20.04,8.07,0.61
2014-08-06,0.0,25.11,68.69,16.87,6.47,0.61
2014-08-07,0.0,25.61,66.54,21.16,5.71,0.6
2014-08-08,0.0,25.9,68.91,21.4,6.6,0.6
2014-08-09,0.37,26.01,69.91,21.76,6.37,0.6
2014-08-10,0.0,25.78,63.42,22.28,6.93,0.6
2014-08-11,0.0,25.21,61.43,20.29,5.84,0.6
2014-08-12,0.0,25.18,61.67,21.29,6.65,0.6
2014-08-13,0.23,25.39,64.79,19.92,6.66,0.6
2014-08-14,1.11,25.33,65.2,19.96,7.02,0.6
2014-08-15,0.0,25.17,60.72,22.04,6.41,0.6
2014-08-16,0.0,24.69,59.29,19.54,5.62,0.6
2014-08-17,0.03,24.72,63.24,19.57,5.34,0.6
2014-08-18,0.01,25.33,63.64,15.56,5.28,0.6
2014-08-19,0.06,26.11,62.98,20.78,4.36,0.6
2014-08-20,2.73,26.3,63.39,19.68,4.54,0.6
2014-08-21,0.0,26.39,61.94,22.57,5.0,0.6
2014-08-22,3.41,25.95,62.95,22.7,5.56,0.61
2014-08-23,0.04,25.36,62.33,22.8,6.7,0.6
2014-08-24,0.0,24.71,58.71,23.54,6.67,0.6
2014-08-25,0.0,24.8,59.22,23.2,5.79,0.6
2014-08-26,0.0,25.49,62.27,22.87,6.49,0.6
2014-08-27,0.3,25.33,64.72,22.51,5.5,0.6
2014-08-28,0.0,25.79,58.4,22.49,4.84,0.6
2014-08-29,0.42,25.64,64.87,20.76,5.33,0.6
2014-08-30,0.0,25.4,56.31,23.77,5.18,0.6
2014-08-31,0.0,25.11,58.81,23.64,4.95,0.6
2014-09-01,0.0,25.24,59.48,22.82,5.6,0.6
2014-09-02,0.0,24.92,58.93,23.04,6.22,0.6
2014-09-03,0.01,25.07,62.16,23.69,5.39,0.6
2014-09-04,0.01,25.39,62.66,23.35,5.64,0.6
2014-09-05,0.01,25.94,60.53,23.99,4.07,0.6
2014-09-06,0.0,25.87,62.55,24.2,5.1,0.6
2014-09-07,0.0,25.9,57.17,24.63,4.38,0.6
2014-09-08,0.0,25.5,60.69,24.19,5.47,0.59
2014-09-09,0.0,25.89,62.5,24.19,5.67,0.59
2014-09-10,0.03,26.01,59.07,25.35,5.56,0.59
2014-09-11,0.0,26.43,58.52,24.86,5.17,0.59
2014-09-12,0.0,26.71,57.74,25.23,3.92,0.59
2014-09-13,0.0,27.01,57.63,24.79,4.87,0.59
2014-09-14,0.0,26.96,57.37,24.79,4.83,0.59
2014-09-15,0.0,26.95,56.61,25.0,4.17,0.59
2014-09-16,0.0,27.02,60.51,24.73,4.11,0.59
2014-09-17,0.0,27.34,62.57,24.12,3.23,0.59
2014-09-18,0.0,27.67,59.45,24.61,4.69,0.59
2014-09-19,0.0,27.53,58.25,24.62,5.04,0.59
2014-09-20,0.0,26.73,61.43,25.5,6.41,0.59
2014-09-21,0.43,27.01,59.6,24.65,5.39,0.59
2014-09-22,0.0,27.46,52.25,25.47,4.01,0.59
2014-09-23,0.0,27.42,56.11,24.92,4.42,0.59
2014-09-24,0.0,27.16,54.58,25.18,4.13,0.59
2014-09-25,0.0,27.14,57.89,24.95,4.29,0.59
2014-09-26,0.0,27.97,59.6,25.01,3.46,0.59
2014-09-27,0.03,28.22,61.03,24.53,2.64,0.59
2014-09-28,0.32,28.19,59.42,24.97,4.8,0.59
2014-09-29,0.0,28.24,57.0,25.53,4.13,0.59
2014-09-30,0.0,27.88,53.93,26.16,4.1,0.59
2014-10-01,0.0,27.31,56.79,25.91,5.17,0.59
2014-10-02,0.0,27.73,56.52,25.81,4.92,0.59
2014-10-03,0.0,27.51,59.77,25.98,5.25,0.59
2014-10-04,0.0,27.56,59.24,25.52,4.81,0.59
2014-10-05,0.17,27.78,57.57,24.98,4.85,0.59
2014-10-06,0.13,27.67,58.67,25.41,5.14,0.59
2014-10-07,0.33,28.53,53.87,25.16,3.92,0.59
2014-10-08,0.33,28.66,52.14,26.86,3.26,0.59
2014-10-09,0.01,28.92,54.59,25.51,3.72,0.59
2014-10-10,0.27,29.54,49.98,25.71,3.47,0.59
2014-10-11,0.0,29.12,51.85,25.91,2.9,0.59
2014-10-12,0.0,29.21,55.36,26.38,3.9,0.59
2014-10-13,0.6,29.06,58.72,25.03,2.4,0.59
2014-10-14,0.0,29.41,58.64,25.74,3.45,0.59
2014-10-15,0.1,29.15,56.91,25.93,5.09,0.59
2014-10-16,0.1,28.9,59.37,25.25,4.34,0.59
2014-10-17,0.21,29.06,57.61,25.62,3.49,0.59
2014-10-18,0.01,28.87,55.29,24.89,4.79,0.59
2014-10-19,0.0,29.03,56.76,25.69,5.18,0.59
2014-10-20,0.02,28.71,61.18,25.95,5.59,0.59
2014-10-21,0.38,28.75,59.16,24.89,5.45,0.59
2014-10-22,0.0,28.45,58.47,26.36,5.18,0.59
2014-10-23,0.0,28.68,58.52,26.13,3.92,0.59
2014-10-24,0.15,28.83,57.24,26.4,4.01,0.59
2014-10-25,2.51,28.21,59.81,26.07,5.1,0.6
2014-10-26,0.0,28.9,54.72,26.1,4.8,0.6
2014-10-27,0.0,29.08,51.25,26.99,3.27,0.6
2014-10-28,0.0,28.83,52.02,27.57,3.26,0.6
2014-10-29,0.0,28.59,57.88,27.18,3.14,0.59
2014-10-30,0.0,28.63,54.47,27.53,4.23,0.59
2014-10-31,0.0,29.2,53.52,27.34,3.73,0.59
2014-11-01,0.01,29.16,53.42,27.15,3.8,0.59
2014-11-02,0.0,28.95,55.22,27.33,4.34,0.59
2014-11-03,0.0,29.1,53.03,26.19,3.55,0.59
2014-11-04,0.0,29.5,56.67,24.57,4.25,0.59
2014-11-05,0.81,30.24,55.19,25.28,3.01,0.59
2014-11-06,2.32,29.81,56.9,21.15,2.23,0.6
2014-11-07,5.08,29.78,60.18,21.76,2.18,0.61
2014-11-08,1.07,29.82,59.05,22.73,3.12,0.61
2014-11-09,2.7,29.4,62.04,23.52,2.93,0.61
2014-11-10,2.14,29.44,59.99,25.06,3.04,0.61
2014-11-11,1.25,29.76,58.32,25.89,3.99,0.61
2014-11-12,2.35,29.76,57.93,25.31,2.11,0.61
2014-11-13,1.47,29.68,59.01,25.3,1.28,0.61
2014-11-14,7.62,29.34,60.51,24.82,1.5,0.62
2014-11-15,1.68,28.89,62.98,23.72,1.86,0.62
2014-11-16,2.57,29.21,59.65,24.03,1.46,0.62
2014-11-17,4.21,29.32,59.78,25.47,2.88,0.62
2014-11-18,1.05,29.22,61.75,24.72,3.8,0.62
2014-11-19,2.86,29.34,63.01,26.09,3.45,0.62
2014-11-20,0.0,29.76,56.57,26.07,2.79,0.61
2014-11-21,0.17,29.95,57.11,26.14,3.36,0.61
2014-11-22,1.42,29.71,59.74,25.6,2.3,0.61
2014-11-23,3.22,30.17,59.44,24.95,2.02,0.61
2014-11-24,19.84,29.54,65.72,24.91,2.47,0.63
2014-11-25,9.9,28.86,70.07,25.3,1.79,0.66
2014-11-26,8.31,29.11,69.07,20.03,1.34,0.66
2014-11-27,4.38,29.02,68.2,23.75,1.38,0.66
2014-11-28,6.16,28.46,72.41,22.98,1.61,0.67
2014-11-29,2.75,29.02,66.55,23.08,1.51,0.67
2014-11-30,6.34,28.74,69.19,23.87,1.23,0.67
2014-12-01,9.94,27.31,78.45,20.22,1.99,0.68
2014-12-02,12.51,27.46,77.12,22.32,1.77,0.7
2014-12-03,20.79,26.53,82.42,19.11,3.21,0.73
2014-12-04,7.14,26.84,76.91,19.29,2.14,0.74
2014-12-05,7.81,28.07,71.96,22.57,1.27,0.75
2014-12-06,12.89,27.39,80.78,18.63,2.86,0.76
2014-12-07,9.79,27.0,83.38,18.23,4.49,0.77
2014-12-08,10.73,26.69,84.61,20.36,4.32,0.79
2014-12-09,17.96,26.73,82.83,19.72,2.95,0.81
2014-12-10,8.87,26.06,82.76,19.77,2.73,0.83
2014-12-11,5.06,26.55,77.85,19.96,1.76,0.83
2014-12-12,2.82,26.65,80.85,21.37,2.39,0.83
2014-12-13,1.94,26.78,82.21,20.17,2.24,0.83
2014-12-14,3.46,27.02,82.69,21.87,1.9,0.83
2014-12-15,12.55,27.49,81.13,24.35,1.95,0.84
2014-12-16,5.84,28.08,74.69,22.7,1.16,0.84
2014-12-17,14.37,27.45,77.85,13.57,1.59,0.85
2014-12-18,7.43,27.72,76.37,23.74,1.0,0.86
2014-12-19,7.58,27.94,75.39,23.45,0.71,0.86
2014-12-20,5.85,28.05,73.55,22.83,0.96,0.87
2014-12-21,2.36,28.55,73.03,22.89,0.94,0.86
2014-12-22,3.01,28.41,74.02,16.54,1.32,0.86
2014-12-23,2.82,28.48,73.64,25.1,2.26,0.85
2014-12-24,13.23,28.03,78.35,22.32,1.26,0.86
2014-12-25,6.13,28.29,74.55,22.86,1.67,0.86
2014-12-26,3.01,28.47,76.06,24.05,2.4,0.86
2014-12-27,4.04,28.38,75.7,15.4,2.34,0.86
2014-12-28,8.57,27.57,80.55,19.17,2.36,0.86
2014-12-29,6.59,28.21,75.01,19.23,2.14,0.86
2014-12-30,6.74,27.36,78.62,19.4,1.38,0.87
2014-12-31,15.32,26.6,85.85,20.34,2.78,0.88
2015-01-01,18.62,26.05,87.81,13.27,4.34,0.9
2015-01-02,41.84,25.67,87.41,15.37,4.59,0.93
2015-01-03,3.27,25.97,85.73,18.56,5.32,0.94
2015-01-04,16.22,25.96,83.54,13.91,5.57,0.95
2015-01-05,2.89,26.32,82.25,22.23,5.23,0.95
2015-01-06,1.6,26.75,80.9,21.31,6.19,0.94
2015-01-07,3.25,26.71,80.55,23.65,6.39,0.93
2015-01-08,2.06,26.56,83.54,21.05,6.28,0.93
2015-01-09,10.74,26.42,85.11,21.59,5.91,0.93
2015-01-10,10.5,26.14,88.73,19.31,5.21,0.94
2015-01-11,11.7,26.13,86.28,20.17,3.63,0.95
2015-01-12,4.91,26.1,81.4,21.43,3.4,0.95
2015-01-13,1.88,26.6,79.31,23.75,2.47,0.95
2015-01-14,4.29,26.99,79.09,23.75,2.21,0.94
2015-01-15,3.41,26.59,78.65,21.51,2.86,0.93
2015-01-16,1.39,26.36,78.54,22.56,3.13,0.93
2015-01-17,0.19,26.94,76.24,25.0,2.97,0.92
2015-01-18,0.81,27.16,76.6,25.0,2.3,0.91
2015-01-19,11.69,26.36,82.79,21.35,2.59,0.91
2015-01-20,6.82,26.1,84.37,17.35,2.95,0.92
2015-01-21,6.49,26.39,80.49,23.74,1.47,0.92
2015-01-22,6.7,26.08,86.26,23.72,3.06,0.93
2015-01-23,8.33,26.23,86.85,20.48,4.64,0.93
2015-01-24,3.7,26.17,85.57,16.11,4.05,0.94
2015-01-25,7.36,26.31,87.03,19.05,3.5,0.94
2015-01-26,9.81,25.95,86.89,18.42,2.84,0.94
2015-01-27,8.1,26.28,84.01,19.31,3.99,0.95
2015-01-28,11.71,26.12,84.44,18.42,3.64,0.96
2015-01-29,2.26,26.11,83.14,25.04,3.35,0.96
2015-01-30,12.95,26.01,86.29,21.05,2.82,0.96
2015-01-31,28.19,25.99,84.07,19.77,2.16,0.97
2015-02-01,3.35,26.19,81.94,20.71,2.45,0.98
2015-02-02,2.14,26.84,77.55,23.93,2.41,0.97
2015-02-03,2.78,27.12,73.18,26.84,2.21,0.96
2015-02-04,2.97,27.23,74.71,26.07,1.94,0.96
2015-02-05,3.73,26.73,79.3,25.28,2.47,0.95
2015-02-06,3.93,26.82,75.89,24.69,0.87,0.95
2015-02-07,5.85,26.85,77.42,24.47,1.28,0.95
2015-02-08,4.65,27.45,74.1,26.52,1.92,0.95
2015-02-09,0.26,27.72,74.25,26.05,2.33,0.93
2015-02-10,19.18,25.91,83.5,4.37,2.25,0.94
2015-02-11,1.22,26.75,75.18,15.5,1.35,0.95
2015-02-12,14.27,26.18,84.17,24.32,2.3,0.95
2015-02-13,3.39,25.68,84.22,21.19,2.3,0.96
2015-02-14,5.61,26.77,74.63,22.73,0.93,0.96
2015-02-15,6.7,26.71,77.68,24.67,1.64,0.95
2015-02-16,5.24,27.0,78.69,25.41,2.21,0.96
2015-02-17,3.92,26.68,81.34,22.97,1.99,0.95
2015-02-18,2.44,26.61,84.44,24.95,2.18,0.95
2015-02-19,1.05,26.66,84.84,23.54,3.3,0.94
2015-02-20,16.19,25.99,88.05,6.97,4.39,0.95
2015-02-21,20.96,25.25,85.76,18.87,5.92,0.97
2015-02-22,5.57,25.7,83.58,19.83,4.69,0.97
2015-02-23,6.15,25.67,85.96,22.79,3.51,0.97
2015-02-24,16.6,25.36,85.36,20.75,3.26,0.98
2015-02-25,2.05,25.92,80.62,23.19,3.41,0.98
2015-02-26,0.54,25.85,83.36,18.76,3.3,0.97
2015-02-27,3.12,26.18,81.83,20.75,3.12,0.97
2015-02-28,7.43,26.16,83.05,22.01,2.04,0.97
2015-03-01,12.58,26.02,83.38,20.87,2.52,0.97
2015-03-02,6.78,26.1,82.84,23.88,3.6,0.98
2015-03-03,1.48,26.39,81.27,19.27,3.78,0.97
2015-03-04,2.2,25.98,83.49,22.78,3.63,0.97
2015-03-05,17.73,26.08,85.01,21.48,2.58,0.97
2015-03-06,11.5,25.91,85.19,13.2,3.28,0.98
2015-03-07,24.76,24.94,88.99,16.01,3.94,0.99
2015-03-08,3.94,25.03,86.0,19.55,3.34,0.99
2015-03-09,2.4,25.66,85.33,23.86,3.03,0.98
2015-03-10,1.32,25.69,86.67,22.81,3.6,0.98
2015-03-11,2.07,25.75,87.24,22.73,3.85,0.98
2015-03-12,2.99,25.77,86.15,24.57,2.46,0.98
2015-03-13,2.13,26.2,83.61,22.55,2.01,0.97
2015-03-14,2.85,26.15,83.06,20.52,1.59,0.97
2015-03-15,8.61,26.06,86.14,20.79,2.28,0.97
2015-03-16,8.91,25.61,87.02,23.77,2.41,0.98
2015-03-17,1.88,26.41,80.31,25.68,1.87,0.98
2015-03-18,2.34,27.15,77.72,24.66,1.45,0.97
2015-03-19,1.23,27.3,75.93,24.7,2.49,0.96
2015-03-20,1.43,27.4,77.51,24.97,3.18,0.96
2015-03-21,1.62,27.39,76.67,22.43,2.6,0.95
2015-03-22,0.83,27.34,77.77,25.55,2.02,0.94
2015-03-23,2.65,27.35,78.76,24.16,2.06,0.93
2015-03-24,2.97,28.31,69.22,24.82,1.24,0.93
2015-03-25,6.6,28.65,68.86,25.22,0.56,0.93
2015-03-26,3.69,28.4,71.29,23.68,0.96,0.93
2015-03-27,1.47,28.45,70.93,22.48,0.85,0.92
2015-03-28,2.45,27.64,75.22,22.56,1.72,0.91
2015-03-29,3.71,27.32,77.78,22.41,1.66,0.91
2015-03-30,2.95,26.86,82.27,23.92,2.83,0.91
2015-03-31,1.65,27.02,79.84,23.78,3.86,0.91
2015-04-01,1.44,27.28,81.17,23.95,3.89,0.9
2015-04-02,1.09,27.34,78.89,23.87,3.51,0.89
2015-04-03,1.96,26.74,81.45,20.94,3.18,0.89
2015-04-04,3.9,27.2,76.92,17.25,1.46,0.89
2015-04-05,14.19,26.51,86.62,17.94,2.92,0.9
2015-04-06,7.28,26.59,81.72,18.32,2.19,0.91
2015-04-07,5.05,26.44,80.8,18.81,1.2,0.91
2015-04-08,0.28,27.69,72.13,24.13,2.26,0.91
2015-04-09,3.3,26.89,78.07,22.44,2.88,0.9
2015-04-10,4.89,26.84,81.44,20.63,3.86,0.9
2015-04-11,3.26,26.91,79.54,20.38,3.74,0.9
2015-04-12,1.41,26.81,79.79,20.39,3.17,0.89
2015-04-13,3.62,25.9,80.56,19.28,1.11,0.89
2015-04-14,6.26,26.3,80.47,20.1,2.36,0.9
2015-04-15,1.64,26.89,81.28,22.01,3.4,0.89
2015-04-16,5.35,26.77,83.13,20.8,2.74,0.89
2015-04-17,7.45,25.82,84.46,11.17,1.73,0.9
2015-04-18,6.09,26.88,76.16,19.72,0.82,0.9
2015-04-19,5.79,26.94,80.26,18.51,1.14,0.91
2015-04-20,7.1,26.58,83.61,19.78,1.91,0.91
2015-04-21,2.55,26.74,82.13,19.35,2.58,0.91
2015-04-22,7.0,26.31,83.86,20.18,2.09,0.91
2015-04-23,10.06,26.05,84.59,17.94,1.74,0.92
2015-04-24,5.7,26.51,78.64,18.6,1.13,0.92
2015-04-25,13.6,25.95,84.01,17.93,2.33,0.93
2015-04-26,27.15,24.94,90.6,15.86,2.31,0.95
2015-04-27,2.95,25.79,82.01,15.07,3.14,0.96
2015-04-28,6.22,26.04,84.35,17.65,3.19,0.96
2015-04-29,2.89,26.12,84.25,18.23,3.23,0.96
2015-04-30,1.91,26.18,84.65,20.67,2.86,0.95
2015-05-01,4.27,26.05,84.24,20.44,2.94,0.95
2015-05-02,3.52,26.59,80.31,19.41,3.49,0.95
2015-05-03,4.78,26.26,84.7,15.42,3.45,0.94
2015-05-04,0.07,25.61,77.31,21.33,4.39,0.94
2015-05-05,0.02,24.97,73.93,21.97,3.86,0.93
2015-05-06,0.0,24.85,73.32,21.82,3.07,0.92
2015-05-07,0.09,25.3,77.68,22.24,3.51,0.91
2015-05-08,0.51,25.66,79.64,19.63,4.95,0.91
2015-05-09,0.54,25.69,77.33,19.78,4.85,0.9
2015-05-10,0.39,25.84,76.69,20.0,4.54,0.89
2015-05-11,0.29,25.91,81.54,19.9,4.56,0.89
2015-05-12,2.33,26.05,83.07,19.5,5.37,0.88
2015-05-13,0.26,25.8,79.25,20.34,5.21,0.87
2015-05-14,0.15,25.26,77.39,19.72,5.43,0.87
2015-05-15,0.98,25.07,76.28,20.15,5.86,0.86
2015-05-16,0.14,24.61,73.65,20.48,4.66,0.85
2015-05-17,0.01,24.28,71.45,21.07,3.9,0.85
2015-05-18,0.0,24.41,74.35,21.16,3.38,0.84
2015-05-19,0.09,24.82,77.59,19.33,3.16,0.83
2015-05-20,0.05,25.4,79.22,20.76,2.47,0.83
2015-05-21,0.09,25.9,80.88,20.44,3.32,0.82
2015-05-22,0.07,25.94,79.65,20.19,3.51,0.81
2015-05-23,1.05,25.45,81.15,20.48,3.85,0.81
2015-05-24,0.31,25.58,80.22,19.77,3.3,0.8
2015-05-25,0.39,25.37,80.61,19.62,3.33,0.8
2015-05-26,0.02,25.66,80.02,20.11,3.49,0.79
2015-05-27,0.07,25.76,80.22,20.07,3.39,0.79
2015-05-28,3.42,25.93,81.2,17.88,4.21,0.78
2015-05-29,3.02,26.0,82.89,17.03,4.6,0.78
2015-05-30,0.22,26.01,80.27,19.05,4.06,0.78
2015-05-31,0.14,26.07,78.81,17.7,4.02,0.78
2015-06-01,1.83,26.22,79.07,18.37,4.34,0.77
2015-06-02,3.81,26.11,83.65,15.39,4.53,0.77
2015-06-03,2.64,26.19,81.4,18.21,6.1,0.77
2015-06-04,0.22,26.03,76.57,19.4,6.4,0.77
2015-06-05,0.65,25.56,79.89,16.1,6.0,0.76
2015-06-06,0.47,25.59,81.23,17.23,5.67,0.76
2015-06-07,2.06,25.85,81.69,12.97,6.07,0.76
2015-06-08,0.48,25.41,78.47,17.36,6.12,0.75
2015-06-09,0.08,25.21,77.56,18.01,5.03,0.75
2015-06-10,0.31,25.14,78.08,16.48,4.39,0.74
2015-06-11,0.36,24.97,76.68,17.49,4.73,0.74
2015-06-12,0.54,24.9,78.87,18.31,4.87,0.73
2015-06-13,0.87,24.96,75.83,17.49,4.64,0.73
2015-06-14,0.16,24.74,72.47,19.47,4.6,0.73
2015-06-15,0.52,25.06,76.62,16.56,3.14,0.72
2015-06-16,0.36,25.1,78.87,18.57,4.23,0.72
2015-06-17,0.35,25.2,78.78,18.46,4.54,0.72
2015-06-18,0.43,25.06,77.88,19.42,4.61,0.71
2015-06-19,0.21,25.3,75.75,17.06,5.11,0.71
2015-06-20,0.08,24.72,75.19,17.54,4.79,0.71
2015-06-21,0.11,24.62,73.09,19.43,4.27,0.7
2015-06-22,0.27,24.45,71.09,19.26,5.08,0.7
2015-06-23,0.88,24.22,69.68,18.75,4.61,0.69
2015-06-24,0.04,23.97,68.24,19.75,5.18,0.69
2015-06-25,0.23,24.59,73.19,19.33,4.61,0.69
2015-06-26,0.02,24.4,75.45,19.12,5.19,0.68
2015-06-27,0.05,24.31,73.31,18.87,4.86,0.68
2015-06-28,0.13,24.47,74.53,17.53,4.46,0.68
2015-06-29,0.06,24.56,74.21,18.3,4.03,0.67
2015-06-30,0.0,23.91,67.75,19.54,4.37,0.67
2015-07-01,0.06,24.05,71.22,18.56,4.23,0.66
2015-07-02,0.01,24.08,71.44,18.8,4.01,0.66
2015-07-03,0.06,24.56,71.23,19.93,4.1,0.66
2015-07-04,0.23,24.3,78.84,19.53,3.97,0.65
2015-07-05,0.15,24.87,71.37,19.15,4.62,0.65
2015-07-06,0.02,24.48,67.7,19.69,3.8,0.65
2015-07-07,0.0,23.66,65.67,19.88,3.35,0.64
2015-07-08,0.0,23.9,64.56,19.08,1.16,0.64
2015-07-09,0.04,24.57,70.05,17.08,1.8,0.64
2015-07-10,0.01,24.66,74.94,15.15,3.14,0.63
2015-07-11,0.36,25.01,78.58,17.76,4.69,0.63
2015-07-12,0.08,25.11,77.13,19.38,5.52,0.63
2015-07-13,0.1,24.83,76.72,19.39,5.83,0.62
2015-07-14,0.11,24.15,75.44,17.6,6.51,0.62
2015-07-15,0.13,23.79,75.43,17.34,5.53,0.62
2015-07-16,0.02,24.07,74.37,18.11,4.87,0.62
2015-07-17,0.07,24.27,73.52,18.23,5.44,0.61
2015-07-18,0.08,24.32,73.25,18.66,5.75,0.61
2015-07-19,0.03,24.29,71.0,17.36,5.67,0.61
2015-07-20,0.03,24.34,72.39,18.77,4.81,0.61
2015-07-21,0.0,25.09,69.25,19.92,3.59,0.6
2015-07-22,0.04,25.65,70.96,18.88,3.93,0.6
2015-07-23,0.0,25.51,68.41,20.18,4.84,0.6
2015-07-24,0.0,25.27,68.92,20.14,4.37,0.6
2015-07-25,0.0,25.35,66.93,20.34,3.86,0.6
2015-07-26,0.31,25.49,71.21,19.26,5.47,0.6
2015-07-27,0.01,25.76,68.22,21.1,5.63,0.6
2015-07-28,0.66,25.79,73.23,18.21,5.7,0.6
2015-07-29,0.27,25.25,69.86,19.72,6.9,0.6
2015-07-30,0.04,25.37,68.46,20.91,6.18,0.6
2015-07-31,0.05,25.17,69.0,20.98,5.89,0.6
2015-08-01,0.07,25.24,61.38,21.31,5.08,0.6
2015-08-02,0.21,24.91,65.92,19.1,4.92,0.6
2015-08-03,0.02,24.95,61.21,21.78,5.24,0.6
2015-08-04,0.04,24.68,65.44,21.41,5.95,0.6
2015-08-05,0.13,24.77,65.48,20.74,5.58,0.6
2015-08-06,0.3,24.53,67.2,18.42,6.35,0.6
2015-08-07,0.01,24.93,62.18,19.1,5.29,0.6
2015-08-08,0.01,25.09,66.2,21.15,4.68,0.6
2015-08-09,0.07,25.56,70.78,20.82,5.29,0.6
2015-08-10,0.03,25.89,70.84,19.59,5.41,0.6
2015-08-11,0.01,25.58,69.62,20.57,5.79,0.6
2015-08-12,0.03,25.47,70.42,20.57,5.78,0.6
2015-08-13,0.02,26.05,70.58,20.53,4.72,0.6
2015-08-14,0.0,25.35,65.61,22.26,5.13,0.6
2015-08-15,0.01,24.96,64.76,22.67,5.46,0.59
2015-08-16,0.04,25.33,60.75,22.53,5.93,0.59
2015-08-17,0.02,25.02,63.24,21.91,5.37,0.59
2015-08-18,0.0,24.39,62.72,22.55,5.81,0.59
2015-08-19,0.0,24.64,58.98,22.62,4.47,0.59
2015-08-20,0.0,24.79,62.0,22.3,4.04,0.59
2015-08-21,0.01,25.18,60.09,22.75,2.89,0.59
2015-08-22,0.0,25.57,61.07,21.81,3.02,0.59
2015-08-23,0.09,25.92,65.31,20.84,4.18,0.59
2015-08-24,0.16,26.14,67.4,22.18,4.53,0.59
2015-08-25,0.05,26.6,66.22,20.91,3.84,0.59
2015-08-26,0.02,26.54,64.48,21.29,3.73,0.59
2015-08-27,0.54,26.46,69.12,21.14,5.11,0.59
2015-08-28,0.22,26.87,67.14,22.51,4.76,0.59
2015-08-29,0.08,26.66,61.57,23.4,5.37,0.59
2015-08-30,0.01,26.05,66.74,23.2,4.97,0.59
2015-08-31,0.05,26.18,65.61,23.33,4.85,0.59
2015-09-01,0.05,26.34,65.3,21.91,4.03,0.59
2015-09-02,0.02,26.29,64.14,22.93,4.63,0.59
2015-09-03,0.03,26.0,61.22,24.68,4.63,0.59
2015-09-04,0.12,26.21,64.77,23.17,4.72,0.59
2015-09-05,0.0,26.72,61.64,23.89,4.72,0.59
2015-09-06,0.0,26.68,61.7,24.54,4.73,0.59
2015-09-07,0.02,26.78,58.13,24.51,4.86,0.59
2015-09-08,0.0,26.59,56.43,25.17,4.25,0.59
2015-09-09,0.19,26.23,61.81,24.76,5.37,0.59
2015-09-10,0.13,26.33,63.21,24.38,6.7,0.59
2015-09-11,0.33,26.35,59.57,24.45,6.57,0.59
2015-09-12,0.0,25.82,52.15,25.51,4.11,0.59
2015-09-13,0.15,25.53,58.7,23.45,4.72,0.59
2015-09-14,0.09,25.79,58.98,24.24,4.46,0.59
2015-09-15,0.31,26.27,61.37,23.85,4.76,0.59
2015-09-16,0.07,26.82,63.12,23.8,4.44,0.59
2015-09-17,0.01,27.26,62.36,24.47,4.81,0.59
2015-09-18,0.04,27.48,61.67,24.57,4.72,0.59
2015-09-19,0.1,27.38,60.79,24.42,4.72,0.59
2015-09-20,0.01,27.41,58.92,24.4,3.82,0.59
2015-09-21,0.0,27.42,59.05,25.7,4.49,0.59
2015-09-22,0.01,27.57,59.53,25.62,5.13,0.59
2015-09-23,0.0,26.84,56.29,25.89,5.52,0.59
2015-09-24,0.0,26.73,59.99,25.04,4.75,0.59
2015-09-25,0.04,26.65,61.85,24.45,4.77,0.59
2015-09-26,0.01,27.08,56.55,25.18,5.06,0.59
2015-09-27,0.01,27.18,60.08,25.0,5.09,0.59
2015-09-28,0.16,27.14,60.76,23.72,4.71,0.59
2015-09-29,0.54,27.38,60.32,24.25,4.57,0.59
2015-09-30,0.0,27.33,61.22,24.56,6.31,0.59
2015-10-01,0.06,27.41,63.17,25.6,6.42,0.59
2015-10-02,0.12,27.39,62.89,25.36,6.7,0.59
2015-10-03,0.08,27.19,59.39,25.54,6.09,0.59
2015-10-04,0.06,27.31,60.87,25.51,5.29,0.59
2015-10-05,0.9,27.52,62.39,23.95,3.82,0.59
2015-10-06,0.03,27.34,59.78,23.83,3.91,0.59
2015-10-07,0.0,27.59,57.55,25.94,4.13,0.59
2015-10-08,0.1,27.48,61.63,24.22,4.05,0.59
2015-10-09,0.19,27.37,63.66,25.06,3.62,0.59
2015-10-10,0.0,27.55,61.82,25.53,4.91,0.59
2015-10-11,0.01,28.08,60.5,26.06,3.62,0.59
2015-10-12,0.0,28.19,57.84,25.75,3.92,0.59
2015-10-13,0.0,27.97,56.49,25.87,3.91,0.59
2015-10-14,0.01,27.79,55.55,26.16,4.42,0.59
2015-10-15,0.0,27.76,57.74,25.9,5.03,0.59
2015-10-16,0.01,28.21,57.07,26.49,4.13,0.59
2015-10-17,0.0,28.27,51.54,26.64,3.85,0.59
2015-10-18,0.0,28.11,55.4,26.14,3.95,0.59
2015-10-19,0.0,28.44,53.56,26.27,4.42,0.59
2015-10-20,0.0,28.26,54.02,26.15,4.11,0.59
2015-10-21,0.0,27.77,56.83,25.89,4.36,0.59
2015-10-22,0.0,28.13,55.5,26.79,3.1,0.59
2015-10-23,0.0,28.34,56.27,26.26,3.49,0.59
2015-10-24,0.0,28.39,60.45,26.01,3.54,0.59
2015-10-25,0.23,29.01,54.99,25.15,2.79,0.59
2015-10-26,0.19,29.22,55.17,25.68,3.54,0.59
2015-10-27,1.17,29.26,53.25,26.01,3.68,0.59
2015-10-28,0.02,28.82,58.88,24.35,4.0,0.59
2015-10-29,0.19,29.34,57.33,25.22,3.52,0.59
2015-10-30,0.91,29.07,59.01,26.38,4.89,0.59
2015-10-31,0.01,29.4,55.42,26.77,3.16,0.59
2015-11-01,0.04,29.19,53.87,26.58,2.15,0.59
2015-11-02,0.26,29.65,52.23,26.42,1.89,0.59
2015-11-03,0.28,29.53,54.05,26.28,2.04,0.59
2015-11-04,0.06,29.75,54.12,25.85,2.34,0.59
2015-11-05,0.68,29.85,55.44,26.4,2.4,0.59
2015-11-06,0.22,29.83,54.23,25.72,2.96,0.59
2015-11-07,0.82,29.75,57.4,24.65,3.46,0.6
2015-11-08,1.52,29.83,60.6,24.14,2.82,0.6
2015-11-09,1.02,30.06,59.09,21.78,2.38,0.6
2015-11-10,1.81,29.78,60.22,23.47,3.48,0.6
2015-11-11,1.29,29.63,62.25,24.12,3.45,0.6
2015-11-12,1.15,29.82,60.79,24.65,4.05,0.6
2015-11-13,0.44,30.01,58.96,25.3,2.74,0.6
2015-11-14,0.03,30.29,55.73,25.84,2.21,0.6
2015-11-15,0.21,30.16,56.49,25.75,2.36,0.6
2015-11-16,0.68,29.88,57.34,25.62,2.45,0.6
2015-11-17,2.1,29.61,61.22,24.58,2.08,0.6
2015-11-18,1.25,30.19,57.88,24.68,2.75,0.6
2015-11-19,0.2,29.76,59.6,24.72,3.12,0.6
2015-11-20,0.03,29.86,56.66,26.64,4.32,0.6
2015-11-21,0.12,30.16,57.92,26.14,3.3,0.6
2015-11-22,0.0,30.5,56.01,25.94,3.7,0.6
2015-11-23,0.02,30.54,53.83,26.22,3.45,0.6
2015-11-24,0.14,30.51,52.94,26.69,3.51,0.6
2015-11-25,0.45,30.33,53.96,25.51,1.79,0.6
2015-11-26,0.14,30.48,56.45,24.21,3.01,0.6
2015-11-27,3.23,29.73,62.86,23.16,3.45,0.6
2015-11-28,2.6,29.5,66.98,23.29,2.65,0.6
2015-11-29,0.95,30.34,62.69,25.57,1.04,0.61
2015-11-30,0.5,30.66,61.43,25.15,2.05,0.6
2015-12-01,0.75,31.31,57.71,24.13,2.26,0.6
2015-12-02,5.95,30.0,63.85,21.8,1.84,0.61
2015-12-03,4.9,28.78,68.45,19.5,1.68,0.62
2015-12-04,5.08,28.33,72.99,21.94,1.1,0.62
2015-12-05,5.6,27.69,76.99,24.57,1.86,0.63
2015-12-06,3.31,28.87,68.88,22.62,0.82,0.63
2015-12-07,2.19,29.65,64.23,25.12,0.98,0.63
2015-12-08,2.41,29.33,69.48,19.86,2.38,0.63
2015-12-09,4.54,27.93,76.11,22.68,3.05,0.63
2015-12-10,3.84,28.34,72.04,23.24,2.77,0.64
2015-12-11,2.25,28.53,75.69,20.57,1.87,0.64
2015-12-12,2.28,29.52,68.02,22.92,1.95,0.64
2015-12-13,2.91,29.7,67.46,25.44,1.22,0.64
2015-12-14,0.82,28.96,66.03,25.08,1.88,0.63
2015-12-15,4.37,29.86,60.14,24.73,0.63,0.63
2015-12-16,3.14,29.68,64.83,19.35,1.62,0.63
2015-12-17,6.16,28.24,75.42,22.07,3.66,0.64
2015-12-18,24.15,26.86,81.66,16.38,4.1,0.67
2015-12-19,7.98,27.36,74.47,16.04,4.88,0.68
2015-12-20,10.9,26.78,76.8,11.73,5.02,0.71
2015-12-21,15.25,27.01,79.83,21.72,3.32,0.72
2015-12-22,1.48,26.98,80.86,23.49,2.32,0.73
2015-12-23,4.08,27.86,76.46,21.27,2.74,0.73
2015-12-24,3.81,27.47,79.67,21.13,3.34,0.73
2015-12-25,8.77,26.13,86.39,20.24,4.78,0.73
2015-12-26,1.6,26.63,81.34,23.32,4.72,0.74
2015-12-27,0.6,26.99,79.84,21.21,3.99,0.74
2015-12-28,1.31,27.89,74.42,21.3,4.36,0.73
2015-12-29,1.36,27.56,75.53,23.7,4.09,0.73
2015-12-30,1.28,27.99,74.82,25.41,3.68,0.72
2015-12-31,0.29,28.39,71.39,24.14,2.35,0.72
2016-01-01,0.32,28.62,69.6,24.42,2.13,0.71
2016-01-02,1.24,29.1,67.95,25.37,1.66,0.7
2016-01-03,0.39,29.21,68.67,27.0,2.31,0.7
2016-01-04,1.26,29.43,67.74,26.3,1.47,0.69
2016-01-05,0.95,29.74,66.04,27.22,0.83,0.69
2016-01-06,1.08,30.15,64.29,26.69,1.04,0.68
2016-01-07,0.82,29.76,68.36,25.91,2.32,0.67
2016-01-08,1.1,29.55,66.53,25.93,1.61,0.67
2016-01-09,1.69,29.18,69.99,21.27,1.62,0.67
2016-01-10,0.27,29.92,62.39,26.63,1.08,0.66
2016-01-11,0.94,29.38,65.82,24.92,2.54,0.65
2016-01-12,0.95,29.36,65.78,25.27,2.44,0.65
2016-01-13,1.54,28.49,72.16,26.16,2.48,0.65
2016-01-14,0.75,29.21,69.28,26.38,3.0,0.65
2016-01-15,1.13,29.36,66.21,24.23,3.18,0.64
2016-01-16,3.7,29.65,66.2,21.37,1.92,0.64
2016-01-17,3.29,29.49,66.53,24.54,1.87,0.64
2016-01-18,9.76,29.05,68.91,23.1,1.38,0.64
2016-01-19,6.37,28.99,70.52,23.76,1.79,0.66
2016-01-20,2.85,28.81,70.74,24.1,1.35,0.66
2016-01-21,27.62,27.89,76.98,25.41,1.4,0.68
2016-01-22,6.45,28.19,73.45,22.0,1.37,0.71
2016-01-23,11.07,26.94,80.31,20.94,1.83,0.72
2016-01-24,19.43,27.34,81.9,21.37,3.13,0.74
2016-01-25,13.37,25.78,87.3,19.87,7.38,0.76
2016-01-26,12.52,25.8,82.86,19.51,4.75,0.78
2016-01-27,13.07,26.28,83.28,14.68,5.0,0.8
2016-01-28,3.41,26.06,85.27,19.03,4.76,0.8
2016-01-29,3.27,27.64,79.99,23.3,3.25,0.8
2016-01-30,23.2,26.99,84.57,21.22,3.69,0.81
2016-01-31,13.99,26.42,86.62,19.43,3.96,0.84
2016-02-01,3.48,26.93,83.58,20.81,3.78,0.84
2016-02-02,4.76,27.16,79.59,14.91,2.25,0.84
2016-02-03,10.85,26.72,83.76,17.61,2.75,0.84
2016-02-04,7.74,26.93,80.9,23.21,1.69,0.85
2016-02-05,11.84,26.69,82.39,19.44,1.64,0.87
2016-02-06,6.59,27.03,85.22,20.61,2.3,0.87
2016-02-07,7.28,27.28,81.79,24.0,1.81,0.88
2016-02-08,3.16,27.17,82.07,24.03,1.7,0.88
2016-02-09,3.47,28.0,73.43,25.96,1.05,0.88
2016-02-10,5.46,28.07,77.88,24.62,1.6,0.87
2016-02-11,9.51,27.36,82.38,24.1,2.95,0.88
2016-02-12,5.37,26.15,87.85,23.7,3.98,0.88
2016-02-13,5.45,26.93,79.79,22.23,2.61,0.88
2016-02-14,1.83,27.79,75.1,22.46,1.04,0.88
2016-02-15,1.48,27.95,77.22,25.3,1.84,0.88
2016-02-16,1.58,28.44,74.23,26.39,1.66,0.87
2016-02-17,2.21,28.1,76.5,23.39,1.35,0.87
2016-02-18,0.92,27.93,76.8,25.76,2.1,0.86
2016-02-19,1.02,28.11,76.47,25.26,2.55,0.85
2016-02-20,3.44,28.51,72.98,25.59,1.16,0.85
2016-02-21,5.81,28.19,77.59,23.94,1.71,0.85
2016-02-22,2.52,28.87,72.97,22.18,1.8,0.84
2016-02-23,2.75,27.9,76.48,21.3,1.53,0.84
2016-02-24,8.64,27.41,80.36,22.82,1.96,0.85
2016-02-25,7.8,27.13,79.23,22.09,1.57,0.85
2016-02-26,9.71,27.47,78.71,23.04,1.59,0.86
2016-02-27,5.22,27.28,81.61,25.01,2.44,0.86
2016-02-28,6.7,27.19,83.73,22.45,1.98,0.87
2016-02-29,12.0,26.89,86.53,21.45,3.08,0.88
2016-03-01,8.77,27.11,81.85,18.72,1.7,0.89
2016-03-02,3.96,27.01,82.37,22.01,2.05,0.89
2016-03-03,3.29,27.39,81.51,24.18,1.32,0.89
2016-03-04,0.3,28.61,74.56,26.29,1.62,0.88
2016-03-05,0.18,28.64,76.24,23.85,1.57,0.88
2016-03-06,2.68,29.08,73.35,24.6,1.25,0.87
2016-03-07,2.2,29.43,71.38,24.06,1.57,0.86
2016-03-08,3.47,28.97,74.32,21.13,2.21,0.86
2016-03-09,6.9,29.36,70.75,21.89,1.16,0.86
2016-03-10,5.84,28.86,73.82,23.17,0.83,0.86
2016-03-11,4.1,28.82,73.94,16.35,0.84,0.86
2016-03-12,14.7,28.09,80.59,21.59,1.44,0.88
2016-03-13,5.62,27.19,79.65,21.78,1.02,0.88
2016-03-14,8.57,27.86,80.02,20.54,1.87,0.89
2016-03-15,16.72,27.45,83.74,22.99,2.65,0.9
2016-03-16,3.24,27.9,81.27,21.53,2.96,0.91
2016-03-17,3.4,28.1,78.71,17.44,2.86,0.9
2016-03-18,3.33,27.94,79.04,21.27,2.68,0.9
2016-03-19,8.17,28.53,74.13,24.72,2.11,0.9
2016-03-20,2.19,28.41,74.29,24.46,1.54,0.9
2016-03-21,1.52,28.43,75.7,24.39,1.18,0.89
2016-03-22,2.4,28.51,74.6,25.18,1.22,0.88
2016-03-23,12.62,28.25,79.47,19.2,1.92,0.88
2016-03-24,9.74,28.08,80.66,24.17,2.69,0.9
2016-03-25,1.94,28.46,76.46,23.42,1.94,0.89
2016-03-26,1.75,28.61,71.97,10.69,1.14,0.89
2016-03-27,7.19,27.4,78.87,19.79,1.34,0.89
2016-03-28,4.25,27.85,77.38,22.13,1.49,0.89
2016-03-29,3.57,28.04,77.81,21.53,1.95,0.89
2016-03-30,1.15,27.78,79.88,22.44,2.79,0.88
2016-03-31,0.87,28.06,74.8,22.43,2.09,0.88
2016-04-01,0.37,27.9,76.75,24.13,2.67,0.87
2016-04-02,2.43,27.83,79.59,21.05,3.66,0.86
2016-04-03,3.77,27.93,78.05,24.02,3.69,0.86
2016-04-04,8.66,27.96,77.2,18.84,3.02,0.86
2016-04-05,6.11,27.57,79.9,21.42,2.33,0.86
2016-04-06,12.48,26.78,82.05,19.57,1.83,0.88
2016-04-07,6.44,26.93,83.83,15.1,3.16,0.89
2016-04-08,1.49,27.62,81.35,22.23,3.23,0.88
2016-04-09,1.48,27.48,79.63,22.07,3.64,0.88
2016-04-10,5.69,27.67,77.77,22.18,3.67,0.88
2016-04-11,1.77,27.59,76.54,20.89,3.05,0.87
2016-04-12,1.8,27.59,79.46,22.63,3.97,0.86
2016-04-13,9.98,27.83,77.74,22.81,4.2,0.87
2016-04-14,1.87,27.81,76.61,23.25,4.66,0.86
2016-04-15,1.67,27.57,78.06,20.06,3.91,0.86
2016-04-16,1.45,27.61,77.52,22.52,3.25,0.85
2016-04-17,1.2,27.46,76.3,22.68,3.32,0.84
2016-04-18,1.33,27.5,75.15,23.19,3.08,0.84
2016-04-19,0.61,27.55,74.52,21.78,2.48,0.83
2016-04-20,1.24,27.56,75.98,21.48,3.53,0.82
2016-04-21,0.46,27.6,75.02,22.53,4.46,0.82
2016-04-22,2.07,27.51,75.24,19.6,4.41,0.81
2016-04-23,1.34,27.33,75.8,22.82,4.47,0.81
2016-04-24,0.5,27.39,74.94,22.45,3.98,0.8
2016-04-25,1.76,27.57,74.5,22.49,4.93,0.8
2016-04-26,0.54,27.71,74.37,21.77,3.65,0.79
2016-04-27,0.69,27.64,73.48,20.43,3.58,0.78
2016-04-28,0.54,27.23,75.52,21.56,3.35,0.78
2016-04-29,3.95,27.18,77.82,21.64,3.19,0.77
2016-04-30,2.47,27.44,75.32,20.39,3.5,0.77
2016-05-01,2.43,27.38,77.58,21.12,3.24,0.77
2016-05-02,1.84,27.77,75.4,21.32,2.98,0.77
2016-05-03,0.16,27.82,74.99,19.53,2.77,0.76
2016-05-04,1.27,28.31,75.14,19.85,2.26,0.75
2016-05-05,3.48,28.02,75.66,19.71,1.52,0.75
2016-05-06,6.69,26.92,84.86,17.77,1.8,0.76
2016-05-07,7.73,27.09,81.29,20.38,1.62,0.77
2016-05-08,2.92,28.45,70.28,20.71,0.92,0.77
2016-05-09,5.09,27.47,77.16,17.52,1.15,0.78
2016-05-10,3.63,26.67,80.37,19.85,2.8,0.78
2016-05-11,3.63,26.88,83.93,16.09,5.12,0.78
2016-05-12,4.55,26.67,88.16,16.83,4.26,0.78
2016-05-13,3.48,26.87,85.7,8.53,5.51,0.79
2016-05-14,1.75,27.28,83.99,18.93,5.87,0.79
2016-05-15,5.17,27.04,80.35,10.89,5.55,0.79
2016-05-16,0.46,26.94,77.59,19.77,4.84,0.78
2016-05-17,1.39,27.13,80.16,13.96,4.89,0.78
2016-05-18,0.69,27.13,78.3,20.24,5.29,0.77
2016-05-19,2.82,27.03,77.15,18.99,3.78,0.77
2016-05-20,1.69,26.93,77.31,19.3,2.72,0.77
2016-05-21,0.46,27.53,74.19,19.97,1.56,0.76
2016-05-22,1.65,27.63,74.1,19.9,2.24,0.76
2016-05-23,1.15,27.4,76.1,19.96,2.83,0.76
2016-05-24,0.65,27.13,74.73,20.19,2.99,0.75
2016-05-25,0.39,27.01,74.19,19.55,3.44,0.74
2016-05-26,0.5,27.14,75.95,19.52,3.52,0.74
2016-05-27,1.06,27.09,77.99,16.84,3.84,0.74
2016-05-28,1.27,26.99,76.5,13.26,4.02,0.73
2016-05-29,1.81,27.01,77.62,17.49,3.34,0.73
2016-05-30,0.23,26.93,76.29,18.29,3.63,0.73
2016-05-31,0.1,26.77,72.02,19.81,3.09,0.72
2016-06-01,2.18,26.45,77.91,16.77,4.26,0.72
2016-06-02,0.55,26.98,74.96,19.97,3.62,0.72
2016-06-03,0.01,26.87,75.45,18.46,3.32,0.71
2016-06-04,1.57,26.99,78.02,18.26,3.83,0.71
2016-06-05,0.52,26.82,77.45,19.58,2.58,0.71
2016-06-06,1.74,27.19,74.18,19.42,2.52,0.7
2016-06-07,0.03,27.25,69.89,20.34,1.35,0.7
2016-06-08,0.06,27.11,71.58,19.78,3.48,0.69
2016-06-09,0.71,26.89,74.87,19.07,3.63,0.69
2016-06-10,2.63,27.22,76.38,17.76,4.25,0.69
2016-06-11,1.68,27.39,77.33,18.68,5.53,0.69
2016-06-12,1.08,27.06,77.43,16.1,5.49,0.69
2016-06-13,2.56,26.74,79.11,15.74,5.83,0.68
2016-06-14,6.26,26.54,80.26,10.91,5.57,0.69
2016-06-15,3.42,26.51,83.63,14.53,5.07,0.7
2016-06-16,2.28,26.37,83.77,15.05,4.93,0.7
2016-06-17,18.77,26.04,84.53,17.24,4.74,0.71
2016-06-18,0.12,26.08,78.06,18.64,3.67,0.72
2016-06-19,0.63,26.71,75.96,17.92,4.76,0.71
2016-06-20,0.52,26.35,72.96,18.03,4.03,0.71
2016-06-21,0.68,26.43,72.92,18.27,3.01,0.71
2016-06-22,2.73,26.09,73.46,15.58,3.34,0.7
2016-06-23,0.04,26.16,70.33,17.3,4.17,0.7
2016-06-24,0.36,25.6,73.05,18.73,4.31,0.7
2016-06-25,0.03,26.24,72.66,16.81,2.56,0.69
2016-06-26,0.69,26.66,73.38,16.1,4.2,0.69
2016-06-27,1.57,26.46,78.21,13.65,4.5,0.69
2016-06-28,9.5,26.01,82.87,12.11,4.84,0.69
2016-06-29,15.87,26.31,83.8,9.4,5.12,0.72
2016-06-30,0.98,26.33,80.61,15.81,3.81,0.72
2016-07-01,0.26,26.55,79.02,16.95,4.48,0.72
2016-07-02,0.37,26.49,76.3,17.87,4.92,0.71
2016-07-03,0.14,26.07,75.24,18.43,4.86,0.71
2016-07-04,0.12,26.25,74.56,19.03,3.95,0.7
2016-07-05,0.01,25.94,74.49,19.44,5.15,0.7
2016-07-06,0.13,26.1,75.11,18.96,4.41,0.69
2016-07-07,0.11,25.89,74.85,18.49,4.75,0.69
2016-07-08,6.73,25.94,79.42,10.04,5.27,0.69
2016-07-09,7.2,25.67,80.61,7.61,2.38,0.71
2016-07-10,2.01,26.36,78.13,18.53,3.25,0.71
2016-07-11,5.47,26.89,77.44,18.11,2.62,0.71
2016-07-12,4.47,26.55,80.07,16.17,3.99,0.71
2016-07-13,3.52,26.43,77.12,17.86,4.99,0.72
2016-07-14,3.06,26.56,79.18,17.84,4.55,0.72
2016-07-15,6.37,26.26,79.2,12.0,7.76,0.72
2016-07-16,1.53,25.76,76.03,18.49,6.65,0.72
2016-07-17,0.78,25.72,77.23,15.63,4.85,0.72
2016-07-18,0.85,25.67,77.12,17.25,4.41,0.71
2016-07-19,0.59,25.62,76.5,16.74,4.67,0.71
2016-07-20,0.89,25.65,79.43,14.76,4.29,0.71
2016-07-21,0.16,26.49,77.29,19.56,4.26,0.7
2016-07-22,0.1,25.97,71.36,20.06,4.61,0.7
2016-07-23,0.09,25.27,74.35,19.64,4.48,0.69
2016-07-24,0.11,25.54,75.56,19.61,4.85,0.69
2016-07-25,0.33,25.88,74.58,18.05,4.47,0.68
2016-07-26,0.39,25.92,72.59,18.64,4.84,0.68
2016-07-27,0.06,25.61,72.42,19.84,5.59,0.68
2016-07-28,0.16,25.4,73.56,19.82,5.47,0.67
2016-07-29,0.12,25.16,72.39,17.5,5.09,0.67
2016-07-30,0.61,25.06,73.56,18.75,5.22,0.67
2016-07-31,1.21,25.46,71.04,20.27,4.0,0.66
2016-08-01,0.75,25.35,68.48,20.58,4.31,0.66
2016-08-02,0.54,25.3,65.67,20.38,4.08,0.66
2016-08-03,0.26,25.88,67.9,18.74,4.61,0.65
2016-08-04,1.1,25.92,76.66,16.89,4.88,0.65
2016-08-05,1.95,26.1,75.41,18.25,4.96,0.65
2016-08-06,0.34,25.69,67.82,21.02,4.43,0.65
2016-08-07,1.27,25.09,72.76,17.58,3.93,0.64
2016-08-08,0.0,25.15,73.3,21.0,4.28,0.64
2016-08-09,0.0,25.39,72.38,21.07,4.5,0.64
2016-08-10,1.89,26.13,74.59,13.55,4.52,0.64
2016-08-11,0.19,26.65,73.9,20.96,5.82,0.63
2016-08-12,0.77,26.54,72.59,21.61,5.89,0.63
2016-08-13,0.16,26.38,67.88,22.34,5.19,0.63
2016-08-14,0.45,26.37,67.64,20.79,5.57,0.63
2016-08-15,0.5,26.7,67.74,22.14,4.85,0.63
2016-08-16,0.8,26.78,65.91,22.59,6.1,0.62
2016-08-17,0.04,26.6,61.7,22.86,5.19,0.62
2016-08-18,0.02,26.21,60.63,23.04,5.81,0.62
2016-08-19,0.0,25.99,56.05,23.15,5.45,0.62
2016-08-20,0.03,26.06,60.95,22.79,2.86,0.62
2016-08-21,0.18,26.62,60.08,20.05,1.53,0.62
2016-08-22,0.27,26.75,59.69,21.65,2.32,0.61
2016-08-23,0.1,26.52,61.85,20.03,2.57,0.61
2016-08-24,0.25,26.63,63.06,17.27,3.55,0.61
2016-08-25,1.0,26.55,66.73,18.84,3.66,0.61
2016-08-26,0.4,27.15,65.32,20.36,3.96,0.61
2016-08-27,0.42,27.75,66.85,20.89,2.57,0.61
2016-08-28,0.49,28.07,67.78,22.03,1.7,0.61
2016-08-29,2.07,28.04,66.43,21.02,1.93,0.61
2016-08-30,2.71,27.65,68.9,22.82,3.33,0.61
2016-08-31,0.52,27.81,67.48,22.86,3.87,0.61
2016-09-01,0.15,27.9,65.35,23.17,3.27,0.61
2016-09-02,0.91,27.81,64.46,22.74,3.65,0.61
2016-09-03,0.24,27.8,60.83,23.36,3.97,0.61
2016-09-04,0.47,27.61,65.79,23.44,4.19,0.61
2016-09-05,2.14,27.92,67.81,23.0,3.38,0.61
2016-09-06,0.41,27.92,66.54,23.99,4.11,0.61
2016-09-07,1.41,27.67,66.91,23.09,5.17,0.61
2016-09-08,0.25,27.86,63.11,24.16,6.11,0.61
2016-09-09,0.06,27.98,59.37,25.23,2.87,0.6
2016-09-10,0.03,27.74,58.18,24.36,3.91,0.6
2016-09-11,0.08,27.76,57.8,24.75,3.59,0.6
2016-09-12,0.18,27.95,61.46,23.94,3.76,0.6
2016-09-13,0.24,28.31,61.82,22.87,2.69,0.6
2016-09-14,2.4,27.65,67.03,22.5,2.46,0.6
2016-09-15,2.1,28.34,63.79,20.84,3.22,0.6
2016-09-16,3.27,28.09,67.23,23.57,2.68,0.61
2016-09-17,0.87,28.51,66.16,23.26,4.18,0.61
2016-09-18,2.12,28.72,64.52,24.31,3.91,0.61
2016-09-19,4.55,28.49,67.78,20.89,1.82,0.61
2016-09-20,2.0,27.99,66.44,18.51,4.01,0.61
2016-09-21,1.14,28.4,67.71,23.77,4.39,0.61
2016-09-22,2.18,28.32,69.59,23.97,2.91,0.61
2016-09-23,3.57,28.21,69.17,24.0,3.47,0.61
2016-09-24,3.84,28.05,69.59,15.31,3.92,0.62
2016-09-25,2.04,26.88,76.98,19.65,3.51,0.62
2016-09-26,1.47,27.79,71.92,24.62,3.44,0.62
2016-09-27,0.96,28.36,67.57,23.18,3.21,0.61
2016-09-28,5.43,28.1,68.42,20.9,3.53,0.62
2016-09-29,4.62,28.08,70.9,19.92,2.59,0.62
2016-09-30,8.07,27.29,75.65,22.72,1.42,0.63
2016-10-01,3.52,28.44,69.96,24.21,1.64,0.64
2016-10-02,4.75,28.21,73.08,22.82,1.58,0.64
2016-10-03,4.3,27.71,74.08,21.63,3.41,0.64
2016-10-04,1.92,27.8,73.26,24.36,3.75,0.64
2016-10-05,0.97,28.22,68.36,25.08,2.15,0.64
2016-10-06,3.96,27.6,76.07,23.43,4.39,0.64
2016-10-07,2.68,27.67,75.09,23.01,5.32,0.64
2016-10-08,6.69,26.84,78.47,24.1,4.08,0.65
2016-10-09,4.02,27.78,70.84,26.22,3.53,0.65
2016-10-10,0.05,27.67,68.83,22.39,3.79,0.65
2016-10-11,0.28,28.03,63.66,26.1,2.91,0.64
2016-10-12,0.49,27.67,67.04,26.65,2.87,0.64
2016-10-13,0.52,28.32,66.58,26.07,3.14,0.63
2016-10-14,2.26,28.18,70.29,25.48,3.64,0.63
2016-10-15,0.58,28.48,65.77,25.68,3.76,0.62
2016-10-16,0.02,28.58,60.8,27.35,3.47,0.62
2016-10-17,0.0,28.87,57.22,27.75,3.48,0.61
2016-10-18,0.39,29.09,62.99,25.63,2.99,0.61
2016-10-19,0.37,29.3,63.85,23.92,3.61,0.61
2016-10-20,1.14,29.29,65.67,25.19,2.43,0.61
2016-10-21,1.4,28.4,68.37,25.12,2.73,0.61
2016-10-22,5.48,27.66,73.06,14.36,2.75,0.62
2016-10-23,2.57,26.93,77.5,21.38,3.16,0.62
2016-10-24,4.03,27.19,75.0,24.45,2.08,0.62
2016-10-25,7.78,25.94,79.36,21.1,2.8,0.64
2016-10-26,3.49,27.87,69.74,23.21,3.6,0.64
2016-10-27,7.6,27.85,72.32,18.21,3.73,0.65
2016-10-28,3.46,27.79,72.98,21.85,2.4,0.65
2016-10-29,2.03,27.74,69.77,23.26,1.96,0.65
2016-10-30,0.06,28.66,64.71,25.76,3.66,0.64
2016-10-31,0.04,28.93,62.53,27.24,2.11,0.64
2016-11-01,2.74,29.81,60.25,25.63,1.8,0.63
2016-11-02,1.53,30.22,58.47,23.33,1.35,0.63
2016-11-03,1.34,29.83,64.12,21.77,2.31,0.63
2016-11-04,1.67,29.49,64.09,23.94,3.9,0.62
2016-11-05,2.08,29.27,68.14,23.67,3.63,0.62
2016-11-06,3.05,29.33,69.3,23.95,1.4,0.62
2016-11-07,1.63,29.81,67.02,25.2,1.76,0.62
2016-11-08,2.72,29.49,69.04,22.25,2.35,0.62
2016-11-09,1.65,29.31,64.23,24.68,3.45,0.62
2016-11-10,1.04,29.1,63.32,22.91,2.55,0.62
2016-11-11,4.69,29.15,62.73,22.29,2.85,0.62
2016-11-12,4.84,28.56,67.08,21.04,1.94,0.62
2016-11-13,5.23,28.67,69.94,20.0,2.04,0.63
2016-11-14,1.23,28.67,70.91,24.36,1.85,0.63
2016-11-15,1.85,28.48,71.06,23.9,2.51,0.63
2016-11-16,0.84,29.33,65.43,22.86,3.75,0.63
2016-11-17,1.75,29.42,64.65,23.98,3.82,0.62
2016-11-18,0.82,29.52,64.61,22.81,3.29,0.62
2016-11-19,2.03,29.46,65.75,23.61,3.26,0.62
2016-11-20,0.67,29.34,64.98,25.8,3.15,0.62
2016-11-21,1.48,29.36,65.04,23.39,1.89,0.62
2016-11-22,1.13,29.13,63.86,21.52,1.88,0.62
2016-11-23,1.8,29.11,64.39,23.53,2.16,0.62
2016-11-24,1.82,29.56,59.83,23.73,2.02,0.62
2016-11-25,5.43,28.93,64.44,22.78,1.64,0.62
2016-11-26,4.65,28.77,69.2,20.48,1.88,0.63
2016-11-27,1.25,29.52,67.35,23.82,2.36,0.63
2016-11-28,3.24,29.31,70.05,23.12,2.62,0.63
2016-11-29,4.58,29.08,69.4,22.32,1.45,0.63
2016-11-30,20.84,28.43,76.09,23.19,1.55,0.65
2016-12-01,26.76,27.27,79.71,18.34,2.5,0.7
2016-12-02,10.31,27.32,73.81,18.64,2.33,0.7
2016-12-03,19.31,26.65,76.15,21.36,1.28,0.73
2016-12-04,11.95,27.01,79.2,21.32,2.01,0.75
2016-12-05,25.71,26.62,85.16,12.67,3.63,0.78
2016-12-06,10.3,26.1,82.35,17.09,2.16,0.8
2016-12-07,2.13,27.11,82.9,20.06,2.82,0.81
2016-12-08,2.77,28.57,71.62,23.22,1.2,0.8
2016-12-09,1.4,28.46,75.47,24.73,2.21,0.8
2016-12-10,4.87,28.07,78.18,22.0,2.95,0.79
2016-12-11,1.0,28.32,73.78,25.08,2.33,0.79
2016-12-12,6.05,27.45,78.72,19.0,1.07,0.79
2016-12-13,6.53,27.05,79.27,16.87,1.4,0.8
2016-12-14,5.03,26.73,79.13,20.28,2.13,0.8
2016-12-15,9.59,26.4,82.63,19.56,2.17,0.81
2016-12-16,31.14,26.22,85.71,16.81,3.13,0.84
2016-12-17,18.94,26.35,84.5,19.6,4.28,0.86
2016-12-18,15.87,25.92,85.66,16.68,3.8,0.89
2016-12-19,6.06,26.03,85.4,16.54,4.12,0.89
2016-12-20,2.72,26.32,85.14,19.35,4.18,0.89
2016-12-21,12.34,26.62,87.54,10.42,5.27,0.9
2016-12-22,11.46,26.72,86.58,15.07,6.1,0.91
2016-12-23,14.32,26.94,86.12,18.29,6.7,0.92
2016-12-24,10.88,26.78,86.75,17.19,5.21,0.94
2016-12-25,4.1,26.68,83.56,23.6,4.01,0.94
2016-12-26,4.84,26.75,81.94,19.36,4.46,0.94
2016-12-27,0.29,26.98,78.66,23.07,4.61,0.93
2016-12-28,7.96,27.03,82.71,19.06,4.35,0.93
2016-12-29,7.67,27.24,78.9,21.72,4.6,0.93
2016-12-30,2.33,27.01,78.63,23.05,4.13,0.93
2016-12-31,7.11,26.08,84.39,19.66,4.26,0.93
2017-01-01,2.22,26.46,82.71,24.31,3.9,0.93
2017-01-02,5.09,26.79,81.47,22.39,4.06,0.93
2017-01-03,2.28,26.77,81.55,21.27,4.9,0.92
2017-01-04,0.36,26.9,80.6,23.29,5.43,0.91
2017-01-05,1.9,27.02,80.63,19.48,5.26,0.9
2017-01-06,1.44,27.05,81.32,22.75,4.7,0.9
2017-01-07,1.36,26.85,81.66,21.63,4.47,0.89
2017-01-08,1.01,27.11,80.32,23.34,4.59,0.89
2017-01-09,1.05,27.54,77.7,25.5,3.39,0.88
2017-01-10,0.8,27.67,76.27,24.39,3.17,0.87
2017-01-11,0.74,27.67,75.07,25.54,2.91,0.86
2017-01-12,1.18,27.78,74.19,25.39,2.73,0.85
2017-01-13,4.47,27.4,77.58,21.85,2.47,0.85
2017-01-14,12.16,25.52,87.48,20.34,3.35,0.86
2017-01-15,7.64,26.19,84.44,19.2,3.71,0.87
2017-01-16,2.69,26.29,81.87,17.37,4.11,0.87
2017-01-17,15.21,25.31,86.25,14.17,2.67,0.88
2017-01-18,19.84,25.72,82.02,13.96,3.04,0.9
2017-01-19,3.77,26.28,77.3,19.71,2.4,0.91
2017-01-20,10.07,26.44,82.52,20.0,3.01,0.91
2017-01-21,8.27,26.2,84.38,19.59,2.41,0.92
2017-01-22,4.76,26.81,81.29,19.91,2.88,0.92
2017-01-23,7.45,26.83,82.11,24.14,3.34,0.92
2017-01-24,21.89,26.76,82.55,23.12,3.57,0.93
2017-01-25,2.56,26.75,81.37,22.58,3.7,0.93
2017-01-26,29.71,26.08,87.07,15.61,5.46,0.94
2017-01-27,13.77,25.84,86.6,19.68,5.39,0.95
2017-01-28,18.92,26.15,87.98,13.73,4.51,0.97
2017-01-29,24.24,25.38,88.01,11.08,3.82,0.98
2017-01-30,20.71,25.12,85.75,18.15,3.62,0.99
2017-01-31,17.96,25.05,87.89,6.05,5.26,1.0
2017-02-01,6.45,25.07,87.72,12.29,5.47,1.0
2017-02-02,18.4,25.82,88.63,16.6,5.03,1.0
2017-02-03,17.96,25.44,90.68,14.44,6.34,1.0
2017-02-04,2.53,25.55,86.2,20.17,6.25,1.0
2017-02-05,7.48,25.92,85.27,16.13,5.55,1.0
2017-02-06,6.37,26.21,87.02,18.55,6.11,1.0
2017-02-07,5.79,26.3,86.88,21.07,7.32,0.99
2017-02-08,36.24,26.18,88.03,16.56,5.59,1.0
2017-02-09,21.19,25.28,89.65,15.17,5.43,1.0
2017-02-10,10.04,25.45,86.03,14.12,4.91,1.0
2017-02-11,8.51,25.85,84.47,21.95,2.56,1.0
2017-02-12,2.11,26.51,80.24,21.86,1.92,0.99
2017-02-13,4.13,26.21,83.88,20.21,3.39,0.99
2017-02-14,3.02,25.75,85.13,22.56,2.7,0.99
2017-02-15,3.74,26.02,84.54,22.14,3.37,0.99
2017-02-16,0.61,25.66,83.74,22.25,3.95,0.98
2017-02-17,0.81,25.96,82.08,22.8,3.29,0.98
2017-02-18,1.22,26.42,79.56,24.22,2.27,0.97
2017-02-19,1.15,27.06,76.18,26.24,1.37,0.96
2017-02-20,1.02,27.33,75.48,26.13,0.69,0.96
2017-02-21,2.53,27.11,79.36,24.28,1.66,0.96
2017-02-22,10.85,27.23,76.18,24.95,1.97,0.95
2017-02-23,0.64,26.79,75.89,27.55,3.38,0.95
2017-02-24,0.04,26.87,75.46,27.44,2.93,0.94
2017-02-25,0.36,27.85,67.9,25.06,0.67,0.93
2017-02-26,1.32,27.14,75.62,22.83,1.54,0.92
2017-02-27,5.9,27.81,73.14,13.3,0.88,0.92
2017-02-28,12.46,27.63,76.48,23.33,1.43,0.92
2017-03-01,1.23,27.7,74.44,22.77,2.22,0.92
2017-03-02,3.2,27.56,75.99,23.72,2.56,0.91
2017-03-03,3.4,27.62,77.2,26.29,2.43,0.91
2017-03-04,2.49,28.49,71.07,25.7,1.08,0.9
2017-03-05,14.64,27.64,78.65,22.45,2.24,0.91
2017-03-06,1.7,27.35,80.37,19.49,3.51,0.91
2017-03-07,0.6,26.9,82.22,22.97,4.11,0.9
2017-03-08,4.28,26.65,83.9,20.56,4.53,0.9
2017-03-09,8.42,26.09,81.36,14.52,3.08,0.91
2017-03-10,3.07,25.65,83.13,20.23,2.19,0.91
2017-03-11,0.97,27.68,69.61,22.44,0.86,0.9
2017-03-12,5.48,27.13,79.05,22.14,1.28,0.9
2017-03-13,7.63,25.99,81.78,10.25,2.46,0.91
2017-03-14,4.02,26.41,77.85,20.19,1.73,0.91
2017-03-15,6.02,26.28,77.44,21.98,1.25,0.91
2017-03-16,4.01,27.63,72.62,14.96,0.8,0.91
2017-03-17,4.15,27.29,76.59,22.11,1.32,0.91
2017-03-18,1.5,27.19,77.3,19.29,1.84,0.91
2017-03-19,3.61,26.71,80.39,20.38,3.49,0.9
2017-03-20,15.08,26.31,84.31,18.83,3.61,0.91
2017-03-21,18.55,25.89,87.13,15.73,3.15,0.93
2017-03-22,22.93,25.42,87.11,17.7,3.34,0.96
2017-03-23,4.8,26.24,82.63,18.28,1.97,0.95
2017-03-24,0.89,27.04,77.54,21.27,1.78,0.95
2017-03-25,6.72,26.52,82.24,17.15,2.43,0.95
2017-03-26,12.38,26.01,85.55,18.75,3.43,0.95
2017-03-27,5.84,26.36,77.5,18.0,3.57,0.96
2017-03-28,2.8,26.29,79.69,21.87,2.46,0.96
2017-03-29,4.64,26.32,82.91,20.48,3.54,0.95
2017-03-30,12.14,26.24,83.13,20.91,2.4,0.95
2017-03-31,1.52,26.66,80.48,19.86,2.38,0.96
2017-04-01,4.87,26.15,81.92,9.25,3.42,0.95
2017-04-02,6.78,25.38,82.49,3.84,3.36,0.95
2017-04-03,36.33,25.36,88.19,18.82,2.88,0.97
2017-04-04,18.82,26.03,86.93,21.59,2.45,0.98
2017-04-05,2.89,26.71,79.54,20.47,2.03,0.98
2017-04-06,4.53,26.64,81.56,20.97,1.75,0.97
2017-04-07,10.32,26.7,82.4,22.71,1.78,0.98
2017-04-08,7.3,26.92,82.44,22.84,1.39,0.98
2017-04-09,0.66,26.91,78.83,23.73,2.84,0.97
2017-04-10,2.23,27.23,73.61,22.11,2.05,0.97
2017-04-11,0.24,26.84,76.7,19.83,2.89,0.96
2017-04-12,0.63,26.74,74.05,20.41,3.37,0.95
2017-04-13,0.01,26.88,69.01,22.3,2.29,0.94
2017-04-14,0.2,26.9,72.24,22.35,1.23,0.93
2017-04-15,5.0,26.99,78.33,20.83,1.31,0.93
2017-04-16,4.44,26.82,80.32,21.24,2.46,0.93
2017-04-17,4.19,27.25,77.16,17.41,1.58,0.93
2017-04-18,0.66,27.73,76.68,20.08,1.15,0.92
2017-04-19,3.37,27.56,76.24,21.59,2.01,0.91
2017-04-20,4.19,26.9,82.26,21.36,2.48,0.91
2017-04-21,1.85,26.73,84.2,19.48,3.73,0.91
2017-04-22,3.68,26.72,84.27,21.93,4.1,0.91
2017-04-23,2.94,26.61,81.69,22.11,3.94,0.91
2017-04-24,0.21,26.35,80.05,20.0,3.04,0.9
2017-04-25,0.22,26.35,80.68,21.77,3.63,0.9
2017-04-26,0.24,26.81,75.07,22.57,3.85,0.89
2017-04-27,0.3,26.91,74.97,22.59,3.66,0.88
2017-04-28,2.36,26.92,77.53,21.69,3.18,0.87
2017-04-29,1.77,26.95,75.87,16.55,2.21,0.87
2017-04-30,4.46,27.3,73.96,20.25,1.57,0.87
2017-05-01,1.48,27.32,75.99,20.17,1.67,0.86
2017-05-02,1.77,27.2,78.58,21.45,2.79,0.86
2017-05-03,6.24,26.4,83.81,17.04,4.01,0.86
2017-05-04,4.45,26.17,84.37,17.03,4.8,0.86
2017-05-05,1.78,26.6,78.33,20.07,6.19,0.86
2017-05-06,2.01,26.29,78.78,19.95,5.61,0.85
2017-05-07,1.28,26.45,76.3,20.22,4.87,0.85
2017-05-08,0.8,26.3,77.28,21.49,4.97,0.84
2017-05-09,0.26,26.15,75.48,21.35,5.24,0.84
2017-05-10,0.29,25.9,76.68,18.44,4.99,0.83
2017-05-11,0.42,26.27,76.6,18.85,4.97,0.82
2017-05-12,0.3,26.25,74.56,19.38,5.26,0.81
2017-05-13,0.94,26.05,77.02,16.55,4.8,0.81
2017-05-14,0.61,26.24,77.78,18.25,4.63,0.8
2017-05-15,1.5,25.86,79.74,18.22,4.62,0.8
2017-05-16,0.06,25.68,73.37,19.19,4.04,0.79
2017-05-17,0.15,25.6,75.46,21.01,3.45,0.79
2017-05-18,1.48,26.21,77.2,14.56,3.86,0.78
2017-05-19,0.64,26.16,74.88,19.23,3.84,0.78
2017-05-20,0.03,25.81,75.78,19.96,3.32,0.77
2017-05-21,0.02,25.68,73.83,21.0,3.17,0.76
2017-05-22,0.02,25.34,70.27,20.19,4.41,0.76
2017-05-23,0.18,25.54,71.96,19.35,4.25,0.75
2017-05-24,2.66,26.32,80.26,15.65,4.43,0.75
2017-05-25,1.74,26.46,81.82,17.6,5.0,0.75
2017-05-26,2.05,26.35,80.25,17.57,4.97,0.75
2017-05-27,3.15,26.41,81.33,17.18,5.09,0.75
2017-05-28,4.51,25.9,83.53,12.76,4.92,0.75
2017-05-29,2.02,26.03,82.9,15.83,4.7,0.75
2017-05-30,3.56,26.26,81.78,16.89,4.81,0.75
2017-05-31,2.14,26.02,77.97,15.07,6.47,0.75
2017-06-01,0.1,25.87,76.05,15.21,6.53,0.75
2017-06-02,0.88,25.83,77.54,16.75,5.91,0.74
2017-06-03,0.5,25.52,80.65,15.21,4.93,0.74
2017-06-04,2.09,25.6,80.43,14.33,4.8,0.74
2017-06-05,3.56,25.49,81.55,15.99,5.56,0.74
2017-06-06,1.81,25.91,78.53,18.16,5.75,0.74
2017-06-07,1.37,25.63,78.84,18.98,6.64,0.74
2017-06-08,1.2,25.55,79.1,17.78,6.14,0.73
2017-06-09,0.84,25.41,79.88,15.46,6.47,0.73
2017-06-10,1.52,25.47,80.79,12.99,6.41,0.73
2017-06-11,2.42,25.32,81.55,10.84,6.54,0.73
2017-06-12,5.13,25.21,81.82,10.9,6.59,0.73
2017-06-13,2.52,25.21,79.63,12.04,5.62,0.73
2017-06-14,0.58,24.83,77.73,17.8,5.6,0.73
2017-06-15,0.34,24.54,75.97,18.3,4.89,0.72
2017-06-16,0.47,24.12,75.42,20.01,4.38,0.72
2017-06-17,0.88,24.64,75.36,15.81,5.15,0.72
2017-06-18,0.13,24.63,75.26,18.03,5.78,0.71
2017-06-19,0.81,24.95,79.7,15.36,5.2,0.71
2017-06-20,3.4,25.22,80.77,13.44,5.59,0.71
2017-06-21,0.91,25.13,77.8,18.53,4.72,0.71
2017-06-22,0.75,24.77,78.78,18.73,4.5,0.71
2017-06-23,1.75,25.29,75.67,15.49,4.58,0.7
2017-06-24,1.98,25.4,78.64,18.01,4.15,0.7
2017-06-25,5.44,25.4,79.51,12.12,4.02,0.71
2017-06-26,0.66,25.15,77.68,18.1,4.24,0.71
2017-06-27,0.42,24.51,75.63,19.81,4.71,0.7
2017-06-28,0.11,24.3,73.5,19.44,4.77,0.7
2017-06-29,0.27,24.93,75.33,17.34,4.81,0.7
2017-06-30,0.33,24.25,78.86,19.01,5.4,0.69
2017-07-01,0.36,24.51,80.32,18.61,4.63,0.69
2017-07-02,0.27,25.05,77.9,19.05,4.85,0.69
2017-07-03,0.5,24.89,78.75,17.08,4.73,0.68
2017-07-04,0.28,25.41,76.57,15.46,4.83,0.68
2017-07-05,0.05,25.93,72.52,16.66,4.17,0.68
2017-07-06,0.77,25.86,77.08,11.71,3.9,0.67
2017-07-07,2.75,26.04,79.16,14.65,3.6,0.67
2017-07-08,1.4,25.84,77.23,15.56,4.92,0.67
2017-07-09,0.56,25.55,75.43,17.97,4.76,0.67
2017-07-10,0.27,25.31,75.34,18.26,4.51,0.67
2017-07-11,1.64,25.24,79.02,16.57,4.86,0.66
2017-07-12,4.13,25.49,81.73,15.02,5.69,0.66
2017-07-13,1.85,25.72,78.68,15.35,6.79,0.67
2017-07-14,0.1,25.45,74.55,19.82,6.82,0.67
2017-07-15,0.14,25.15,71.05,20.99,5.82,0.66
2017-07-16,0.26,24.83,69.37,19.02,4.87,0.66
2017-07-17,0.58,24.59,73.31,18.24,4.76,0.65
2017-07-18,0.31,25.35,72.54,17.05,4.68,0.65
2017-07-19,0.09,25.56,73.46,18.13,3.52,0.65
2017-07-20,0.33,25.59,74.16,19.69,4.29,0.64
2017-07-21,1.38,25.29,74.01,17.11,4.03,0.64
2017-07-22,0.53,24.79,70.81,19.98,4.96,0.64
2017-07-23,0.06,24.55,68.33,18.67,4.89,0.64
2017-07-24,0.38,24.81,69.99,19.64,4.75,0.63
2017-07-25,0.02,25.12,72.19,19.38,5.72,0.63
2017-07-26,0.8,25.5,77.23,19.02,5.65,0.63
2017-07-27,1.19,25.62,76.98,19.75,5.85,0.63
2017-07-28,0.54,25.07,76.63,20.24,4.99,0.62
2017-07-29,0.42,25.23,76.25,19.8,4.36,0.62
2017-07-30,0.19,25.08,69.93,20.45,5.09,0.62
2017-07-31,0.13,25.27,71.06,20.69,5.27,0.61
2017-08-01,0.76,25.46,74.17,16.95,5.55,0.61
2017-08-02,0.26,25.43,68.81,14.82,6.21,0.61
2017-08-03,0.07,25.57,66.35,19.18,5.38,0.61
2017-08-04,0.16,25.48,67.96,20.42,5.47,0.61
2017-08-05,0.09,25.63,65.85,19.16,5.45,0.61
2017-08-06,0.01,25.78,66.08,19.25,4.86,0.6
2017-08-07,0.0,26.1,68.59,21.7,4.93,0.6
2017-08-08,0.34,26.48,71.21,21.22,4.15,0.6
2017-08-09,0.8,26.32,70.03,19.64,4.61,0.6
2017-08-10,0.91,26.1,68.62,19.51,4.56,0.6
2017-08-11,0.38,26.19,69.65,20.54,5.15,0.6
2017-08-12,0.19,26.71,70.16,19.63,5.21,0.6
2017-08-13,0.08,25.8,69.17,22.29,5.49,0.6
2017-08-14,0.33,25.5,68.83,21.75,5.25,0.6
2017-08-15,0.93,25.42,65.47,21.04,4.73,0.6
2017-08-16,0.65,25.33,64.03,20.11,3.6,0.6
2017-08-17,0.7,26.07,66.03,19.71,4.39,0.6
2017-08-18,1.45,26.53,66.56,21.61,3.11,0.6
2017-08-19,2.38,26.28,69.31,22.5,4.57,0.61
2017-08-20,0.14,26.07,64.69,22.94,5.56,0.61
2017-08-21,0.11,25.7,65.82,23.29,5.21,0.6
2017-08-22,0.06,25.81,66.37,23.56,5.32,0.6
2017-08-23,0.23,25.73,70.92,23.31,5.62,0.6
2017-08-24,0.07,26.01,66.19,23.7,5.0,0.6
2017-08-25,0.08,25.81,68.75,23.95,5.7,0.6
2017-08-26,0.12,26.12,68.14,23.61,7.45,0.6
2017-08-27,0.11,25.86,64.57,23.72,6.88,0.6
2017-08-28,0.0,25.29,64.76,23.91,5.22,0.6
2017-08-29,0.04,25.32,61.73,23.77,5.61,0.6
2017-08-30,0.0,25.31,60.32,24.1,5.29,0.6
2017-08-31,0.02,25.87,62.13,23.71,4.27,0.6
2017-09-01,0.05,26.07,63.72,23.11,4.11,0.6
2017-09-02,0.41,26.36,65.14,22.75,4.11,0.6
2017-09-03,1.06,26.3,69.39,23.39,5.45,0.6
2017-09-04,0.1,26.61,64.13,23.83,5.15,0.6
2017-09-05,0.16,26.41,67.96,23.86,4.56,0.6
2017-09-06,0.02,26.38,64.64,23.94,5.38,0.6
2017-09-07,0.16,27.03,64.83,15.97,4.74,0.6
2017-09-08,0.18,27.53,61.88,24.16,6.56,0.6
2017-09-09,0.14,26.86,66.01,23.97,6.15,0.6
2017-09-10,0.27,27.02,63.33,24.61,5.46,0.6
2017-09-11,0.1,26.96,61.58,24.36,4.77,0.6
2017-09-12,0.12,27.13,64.73,23.63,4.44,0.6
2017-09-13,0.04,27.3,59.31,24.24,4.93,0.6
2017-09-14,0.01,27.64,57.87,25.14,4.24,0.6
2017-09-15,0.45,27.86,60.88,22.72,5.44,0.59
2017-09-16,0.64,27.8,63.61,24.89,6.2,0.6
2017-09-17,0.01,27.08,61.41,25.81,5.64,0.6
2017-09-18,0.04,26.55,60.64,25.75,4.56,0.6
2017-09-19,0.01,27.03,57.95,24.67,4.92,0.6
2017-09-20,0.0,27.48,56.71,24.91,3.79,0.59
2017-09-21,0.1,27.69,63.56,22.53,5.06,0.59
2017-09-22,1.47,28.35,63.16,23.69,4.45,0.6
2017-09-23,1.73,28.37,64.11,23.94,4.76,0.6
2017-09-24,1.73,27.95,62.22,20.89,4.24,0.6
2017-09-25,3.29,27.83,67.01,23.08,3.02,0.61
2017-09-26,0.14,28.01,65.74,23.47,4.32,0.6
2017-09-27,2.11,27.92,67.4,23.89,4.68,0.6
2017-09-28,0.43,27.99,66.5,21.71,4.09,0.6
2017-09-29,1.58,28.31,64.37,20.45,4.52,0.6
2017-09-30,1.18,28.16,63.13,22.67,3.66,0.6
2017-10-01,0.14,28.29,59.67,25.13,3.11,0.6
2017-10-02,4.43,28.67,59.05,24.55,2.2,0.6
2017-10-03,0.6,28.67,61.17,24.4,3.49,0.61
2017-10-04,3.11,28.41,67.7,20.99,4.36,0.61
2017-10-05,3.08,28.68,67.43,23.26,3.94,0.61
2017-10-06,1.26,28.42,67.7,23.78,3.62,0.61
2017-10-07,2.71,28.12,68.48,20.68,4.45,0.61
2017-10-08,2.06,27.95,69.19,20.89,4.62,0.61
2017-10-09,2.6,27.97,72.5,21.83,4.42,0.62
2017-10-10,0.28,28.28,69.32,25.04,4.01,0.61
2017-10-11,0.83,28.39,67.58,23.67,5.26,0.61
2017-10-12,0.15,28.93,62.11,25.58,4.48,0.61
2017-10-13,0.39,29.08,62.24,24.25,3.21,0.61
2017-10-14,0.77,29.33,61.84,25.07,4.29,0.6
2017-10-15,0.4,29.77,59.81,23.89,2.95,0.6
2017-10-16,1.64,29.65,61.58,21.53,2.6,0.6
2017-10-17,1.01,28.68,65.57,23.46,3.93,0.6
2017-10-18,0.28,29.3,63.97,24.55,4.12,0.6
2017-10-19,0.03,29.46,61.14,26.76,4.44,0.6
2017-10-20,0.36,29.69,59.18,25.33,3.24,0.6
2017-10-21,7.27,29.23,63.44,24.04,1.46,0.6
2017-10-22,2.18,28.92,66.73,22.2,2.13,0.61
2017-10-23,5.34,28.75,67.18,18.98,1.92,0.62
2017-10-24,3.25,28.69,68.16,23.96,1.76,0.62
2017-10-25,4.4,28.3,71.34,23.93,2.59,0.62
2017-10-26,2.44,28.43,68.4,25.99,1.57,0.62
2017-10-27,0.77,29.19,60.88,26.27,2.29,0.62
2017-10-28,0.01,29.73,56.01,26.78,1.73,0.61
2017-10-29,0.03,30.16,54.26,27.56,1.55,0.61
2017-10-30,0.01,30.17,54.37,26.79,1.28,0.6
2017-10-31,0.27,30.09,58.01,26.55,1.8,0.6
2017-11-01,0.86,29.93,58.59,25.11,3.4,0.6
2017-11-02,5.6,29.52,60.14,20.27,3.13,0.6
2017-11-03,2.61,29.08,64.59,25.18,3.08,0.61
2017-11-04,2.07,28.81,68.99,24.11,3.45,0.61
2017-11-05,6.26,27.78,72.0,19.68,2.0,0.62
2017-11-06,1.75,28.33,67.94,17.94,3.37,0.62
2017-11-07,1.51,28.45,70.71,17.6,3.4,0.62
2017-11-08,1.71,28.81,68.61,25.11,3.4,0.62
2017-11-09,0.81,29.06,66.71,24.83,3.9,0.62
2017-11-10,6.05,28.89,68.63,17.0,3.59,0.62
2017-11-11,9.28,28.62,71.27,20.33,2.9,0.63
2017-11-12,3.65,28.4,70.59,20.01,1.85,0.64
2017-11-13,6.74,28.04,70.62,20.1,1.71,0.64
2017-11-14,16.17,27.23,74.78,16.96,1.42,0.66
2017-11-15,9.81,27.93,73.41,20.49,1.86,0.67
2017-11-16,6.91,27.02,75.38,19.95,1.96,0.69
2017-11-17,3.14,27.05,74.64,18.82,1.2,0.69
2017-11-18,4.76,27.78,75.19,21.07,2.06,0.69
2017-11-19,19.47,26.38,82.78,23.04,1.23,0.71
2017-11-20,7.78,27.1,79.42,19.77,2.51,0.74
2017-11-21,3.61,27.29,78.77,23.15,2.81,0.74
2017-11-22,2.84,27.29,77.03,20.74,1.78,0.74
2017-11-23,2.78,28.01,74.2,24.35,1.34,0.73
2017-11-24,9.3,27.27,78.42,20.26,1.62,0.74
2017-11-25,4.53,28.5,71.16,20.42,0.89,0.75
2017-11-26,7.19,28.24,72.64,21.94,1.21,0.75
2017-11-27,3.69,27.1,74.53,23.3,0.98,0.75
2017-11-28,3.08,28.1,70.97,21.26,1.3,0.75
2017-11-29,6.61,27.62,78.81,22.99,1.98,0.76
2017-11-30,15.71,27.67,79.88,18.76,2.18,0.76
2017-12-01,23.94,26.2,84.52,13.52,2.28,0.81
2017-12-02,1.81,26.56,83.39,18.53,2.37,0.82
2017-12-03,1.33,27.59,77.73,23.82,2.69,0.81
2017-12-04,1.42,28.27,75.0,22.93,2.36,0.8
2017-12-05,13.48,27.2,81.05,22.68,1.85,0.81
2017-12-06,3.56,27.82,74.45,20.59,2.0,0.82
2017-12-07,18.38,27.47,77.91,20.31,2.72,0.82
2017-12-08,4.78,27.03,80.73,23.19,3.18,0.84
2017-12-09,1.98,28.11,72.69,22.24,1.52,0.84
2017-12-10,12.63,27.76,78.52,13.95,1.21,0.84
2017-12-11,6.31,28.07,76.2,23.0,1.47,0.85
2017-12-12,1.79,28.39,72.49,26.49,0.77,0.85
2017-12-13,0.67,29.04,70.73,25.75,1.14,0.84
2017-12-14,5.77,28.49,75.23,22.07,1.58,0.84
2017-12-15,21.38,27.27,79.15,22.35,2.48,0.86
2017-12-16,1.63,27.01,81.25,21.29,3.25,0.86
2017-12-17,1.12,27.1,79.78,22.13,3.24,0.86
2017-12-18,5.01,26.52,82.36,20.69,2.85,0.85
2017-12-19,12.6,25.96,87.8,22.71,4.27,0.87
2017-12-20,6.81,25.75,82.68,19.9,4.07,0.87
2017-12-21,2.65,26.91,78.25,20.61,2.97,0.87
2017-12-22,5.67,26.72,81.96,19.67,3.34,0.87
2017-12-23,15.2,26.27,82.65,15.72,2.57,0.89
2017-12-24,7.78,26.86,79.95,15.52,1.57,0.89
2017-12-25,14.15,26.43,85.21,20.66,2.9,0.9
2017-12-26,5.6,26.62,84.93,18.01,4.72,0.91
2017-12-27,1.91,26.48,85.59,17.88,4.67,0.9
2017-12-28,4.61,26.03,86.73,19.92,4.12,0.9
2017-12-29,19.36,26.18,84.79,18.41,2.44,0.91
2017-12-30,25.55,25.82,84.96,16.92,1.68,0.94
2017-12-31,5.21,25.81,83.99,23.3,2.31,0.96
2018-01-01,2.07,26.84,78.39,23.39,1.24,0.95
2018-01-02,3.95,27.29,79.11,21.35,1.18,0.95
2018-01-03,1.6,28.04,74.22,22.25,1.12,0.94
2018-01-04,2.02,27.52,77.87,19.08,0.95,0.94
2018-01-05,27.21,26.55,85.33,13.67,1.5,0.95
2018-01-06,9.16,26.01,84.51,18.43,1.93,0.96
2018-01-07,7.47,26.12,84.61,21.07,1.93,0.97
2018-01-08,9.39,25.92,85.27,21.58,2.37,0.97
2018-01-09,13.13,26.06,83.69,20.48,3.74,0.97
2018-01-10,7.63,25.56,86.79,17.29,4.13,0.97
2018-01-11,17.56,25.33,87.44,12.87,5.05,0.98
2018-01-12,20.65,25.33,90.4,14.45,5.11,0.99
2018-01-13,42.8,25.33,86.16,16.12,2.8,1.0
2018-01-14,11.83,25.56,81.72,17.04,2.26,1.0
2018-01-15,6.7,25.47,85.68,17.08,3.17,1.0
2018-01-16,5.97,25.92,85.46,21.58,2.98,1.0
2018-01-17,7.44,25.55,85.25,17.86,3.31,1.0
2018-01-18,1.71,25.38,84.88,14.26,3.73,0.99
2018-01-19,4.71,25.52,86.04,18.51,4.18,0.99
2018-01-20,59.61,25.72,86.99,19.81,3.79,0.99
2018-01-21,18.99,25.55,87.42,18.56,3.16,1.0
2018-01-22,29.91,25.78,90.86,21.08,4.43,1.0
2018-01-23,11.38,25.81,89.43,14.89,4.56,1.0
2018-01-24,8.29,25.84,88.26,20.65,3.51,1.0
2018-01-25,7.65,25.85,89.04,19.47,4.33,1.0
2018-01-26,27.32,25.84,88.17,17.31,5.9,1.0
2018-01-27,16.52,26.06,90.09,13.47,5.9,1.0
2018-01-28,15.28,26.1,90.36,16.53,6.23,1.0
2018-01-29,8.93,25.83,88.6,19.8,7.85,1.0
2018-01-30,10.67,25.69,88.6,19.5,6.1,1.0
2018-01-31,12.53,25.58,90.53,15.96,5.16,1.0
2018-02-01,8.53,25.23,90.69,16.23,4.58,1.0
2018-02-02,2.03,26.14,84.29,21.01,4.87,1.0
2018-02-03,2.82,25.97,84.37,23.59,3.0,0.99
2018-02-04,0.82,26.2,82.35,24.09,3.72,0.99
2018-02-05,1.44,26.44,81.49,25.2,3.46,0.98
2018-02-06,0.51,26.27,82.74,24.34,3.73,0.98
2018-02-07,0.12,26.09,79.96,24.13,4.19,0.97
2018-02-08,1.15,26.27,78.28,26.5,3.1,0.96
2018-02-09,1.4,26.43,76.78,26.06,2.4,0.95
2018-02-10,1.64,26.88,76.57,24.73,2.64,0.94
2018-02-11,5.08,26.54,77.36,23.9,2.46,0.94
2018-02-12,1.94,26.32,80.53,23.7,2.91,0.93
2018-02-13,4.54,26.63,83.76,21.33,4.6,0.93
2018-02-14,8.07,26.44,85.8,19.93,4.13,0.93
2018-02-15,30.04,25.98,87.52,20.68,4.15,0.95
2018-02-16,33.66,25.62,88.09,17.63,5.56,0.98
2018-02-17,13.22,26.21,86.01,21.47,4.72,0.98
2018-02-18,10.56,26.28,85.99,22.92,4.65,0.99
2018-02-19,7.58,26.23,84.15,23.98,3.34,0.98
2018-02-20,5.11,26.49,83.65,23.84,1.78,0.98
2018-02-21,2.22,26.26,85.46,23.48,2.16,0.98
2018-02-22,5.67,26.22,84.5,21.77,2.05,0.98
2018-02-23,6.92,26.41,82.8,23.75,1.37,0.98
2018-02-24,1.67,26.79,79.32,21.97,2.0,0.98
2018-02-25,2.29,26.68,80.01,21.46,2.26,0.97
2018-02-26,4.73,26.62,81.3,20.89,2.38,0.97
2018-02-27,0.16,26.94,78.39,23.9,1.98,0.96
2018-02-28,0.28,27.49,75.13,24.24,1.42,0.96
2018-03-01,2.35,26.83,80.25,21.85,1.81,0.95
2018-03-02,1.87,26.55,82.99,23.56,1.93,0.95
2018-03-03,3.29,26.8,82.11,22.77,2.26,0.94
2018-03-04,2.28,27.07,80.42,21.03,1.56,0.94
2018-03-05,2.11,27.33,79.35,21.36,0.85,0.94
2018-03-06,1.37,26.81,82.46,22.5,1.96,0.94
2018-03-07,5.09,27.08,82.28,22.18,2.71,0.93
2018-03-08,4.53,26.67,85.07,21.79,2.95,0.93
2018-03-09,3.17,26.65,83.88,17.25,3.01,0.94
2018-03-10,3.19,26.69,81.35,23.16,2.54,0.93
2018-03-11,0.7,27.15,75.74,22.58,1.33,0.92
2018-03-12,1.88,27.44,77.8,25.11,1.23,0.92
2018-03-13,2.14,28.07,73.22,22.84,1.35,0.91
2018-03-14,21.31,27.19,78.5,13.11,2.4,0.91
2018-03-15,14.08,26.85,80.86,22.65,1.37,0.93
2018-03-16,0.27,27.57,71.82,26.12,1.99,0.93
2018-03-17,0.44,27.73,67.62,25.11,1.07,0.92
2018-03-18,1.44,27.61,70.69,24.92,2.02,0.91
2018-03-19,0.91,27.44,75.77,23.05,2.98,0.91
2018-03-20,2.12,27.51,75.63,23.57,2.79,0.9
2018-03-21,2.57,27.15,77.59,23.95,1.92,0.9
2018-03-22,7.29,27.24,75.94,22.9,1.42,0.89
2018-03-23,5.9,27.49,76.33,21.02,1.76,0.9
2018-03-24,1.13,27.65,76.0,24.62,1.54,0.9
2018-03-25,0.3,28.05,74.27,23.74,2.43,0.89
2018-03-26,1.53,27.49,78.09,22.99,3.13,0.88
2018-03-27,3.57,27.2,80.36,22.5,3.35,0.88
2018-03-28,0.69,27.4,80.14,24.23,3.48,0.87
2018-03-29,5.62,26.95,82.65,20.44,3.58,0.87
2018-03-30,1.63,27.05,77.09,20.67,1.61,0.87
2018-03-31,3.01,27.26,77.59,22.94,1.93,0.87
2018-04-01,2.44,27.81,74.32,22.51,1.42,0.86
2018-04-02,1.22,28.41,69.27,24.51,1.41,0.86
2018-04-03,3.16,28.15,75.08,22.66,2.37,0.85
2018-04-04,0.94,28.6,70.5,24.69,1.95,0.85
2018-04-05,2.91,28.56,70.37,24.92,1.92,0.84
2018-04-06,2.4,28.2,71.32,24.65,1.95,0.84
2018-04-07,4.36,27.48,73.34,24.04,1.94,0.84
2018-04-08,3.09,27.53,73.87,23.78,2.41,0.84
2018-04-09,0.34,27.5,74.46,22.84,3.44,0.83
2018-04-10,0.92,26.93,76.03,20.03,2.72,0.82
2018-04-11,1.75,27.27,77.97,21.6,3.16,0.82
2018-04-12,3.13,27.69,77.15,21.8,2.82,0.82
2018-04-13,0.46,27.83,77.14,23.35,3.69,0.81
2018-04-14,0.29,27.75,77.96,23.6,3.19,0.81
2018-04-15,1.71,27.92,77.41,20.25,3.86,0.8
2018-04-16,2.63,27.28,81.94,20.52,4.13,0.8
2018-04-17,2.24,27.69,74.61,22.35,3.75,0.8
2018-04-18,2.83,27.65,74.73,20.65,3.79,0.8
2018-04-19,8.19,27.3,76.59,20.08,2.89,0.8
2018-04-20,8.27,27.03,81.79,19.57,3.45,0.8
2018-04-21,7.46,26.57,85.86,18.03,3.09,0.82
2018-04-22,0.53,27.07,78.93,21.35,5.21,0.81
2018-04-23,0.1,26.95,76.73,23.28,4.93,0.8
2018-04-24,0.18,26.89,76.72,23.41,4.01,0.8
2018-04-25,1.82,26.53,78.09,21.87,3.75,0.79
2018-04-26,0.63,26.5,76.9,18.5,4.35,0.79
2018-04-27,0.21,26.22,75.91,21.43,3.84,0.78
2018-04-28,0.01,26.27,74.37,22.1,4.53,0.77
2018-04-29,0.29,25.89,74.86,22.48,4.19,0.77
2018-04-30,0.2,26.16,71.17,22.46,4.14,0.76
2018-05-01,0.08,25.93,70.36,21.28,3.76,0.76
2018-05-02,0.32,26.31,72.33,21.52,2.66,0.75
2018-05-03,0.2,26.07,72.92,20.66,2.56,0.74
2018-05-04,0.03,26.4,74.84,22.28,3.2,0.74
2018-05-05,0.07,26.81,75.63,21.83,3.93,0.73
2018-05-06,0.82,26.74,77.57,21.84,4.84,0.73
2018-05-07,1.52,26.65,74.48,21.86,5.52,0.73
2018-05-08,0.15,26.47,71.55,21.12,4.34,0.72
2018-05-09,0.35,26.48,71.05,21.63,4.63,0.72
2018-05-10,0.26,26.59,73.46,21.18,4.76,0.71
2018-05-11,0.1,26.74,72.73,21.05,5.53,0.71
2018-05-12,0.33,26.87,73.89,19.66,5.67,0.7
2018-05-13,5.02,26.45,78.44,11.97,5.78,0.7
2018-05-14,1.99,26.41,76.52,16.17,5.76,0.71
2018-05-15,2.52,26.08,80.11,11.89,5.64,0.71
2018-05-16,2.76,25.91,76.25,17.02,5.97,0.71
2018-05-17,0.58,25.52,73.61,17.33,6.4,0.71
2018-05-18,1.31,25.41,75.51,16.74,5.84,0.7
2018-05-19,0.35,25.52,74.84,14.79,5.69,0.7
2018-05-20,0.5,25.75,77.28,15.79,5.67,0.7
2018-05-21,0.88,25.86,79.27,16.98,5.58,0.69
2018-05-22,0.75,25.83,81.88,17.62,6.2,0.69
2018-05-23,0.87,26.25,80.56,17.66,6.53,0.69
2018-05-24,0.48,26.11,79.44,19.0,5.69,0.69
2018-05-25,0.03,26.07,80.59,19.57,4.97,0.68
2018-05-26,0.31,26.06,79.07,19.88,4.71,0.68
2018-05-27,0.89,25.98,79.19,18.77,5.79,0.68
2018-05-28,0.19,25.79,72.19,19.94,5.55,0.67
2018-05-29,0.08,25.35,72.97,20.3,5.37,0.67
2018-05-30,0.14,25.63,74.54,16.59,4.52,0.66
2018-05-31,0.32,25.98,74.8,19.38,4.2,0.66
2018-06-01,1.09,25.71,78.03,16.95,4.9,0.66
2018-06-02,0.62,25.66,75.92,16.49,5.69,0.66
2018-06-03,0.81,25.69,74.1,18.49,5.26,0.65
2018-06-04,0.49,25.58,76.59,18.66,4.64,0.65
2018-06-05,0.05,25.89,75.34,17.13,4.22,0.65
2018-06-06,0.04,25.96,75.18,18.86,3.34,0.64
2018-06-07,0.22,25.27,78.31,19.46,3.57,0.64
2018-06-08,0.04,25.35,75.5,19.5,3.63,0.64
2018-06-09,0.41,25.58,78.62,17.62,5.2,0.63
2018-06-10,0.21,25.93,77.76,18.74,5.4,0.63
2018-06-11,1.05,26.2,74.93,16.77,4.87,0.63
2018-06-12,0.01,25.57,69.6,20.41,4.01,0.63
2018-06-13,0.02,25.1,71.57,19.72,3.48,0.62
2018-06-14,0.08,24.98,70.97,19.59,3.84,0.62
2018-06-15,0.21,25.16,77.33,18.44,4.87,0.62
2018-06-16,0.03,25.23,74.17,19.67,4.98,0.61
2018-06-17,0.05,25.3,74.08,19.33,6.71,0.61
2018-06-18,0.08,25.64,74.33,17.33,6.82,0.61
2018-06-19,0.82,26.08,75.06,13.15,5.82,0.61
2018-06-20,1.97,25.67,77.51,13.85,6.36,0.61
2018-06-21,2.05,25.43,77.74,15.84,4.8,0.61
2018-06-22,0.12,25.58,72.32,18.06,5.97,0.61
2018-06-23,0.62,25.45,71.85,17.86,5.99,0.61
2018-06-24,0.27,25.22,70.95,18.17,6.35,0.61
2018-06-25,0.75,25.11,72.36,18.08,6.58,0.61
2018-06-26,0.2,25.15,71.63,18.62,6.23,0.61
2018-06-27,0.35,25.01,73.34,17.18,5.62,0.61
2018-06-28,2.0,25.0,74.71,17.09,5.87,0.61
2018-06-29,1.83,24.91,74.25,16.08,5.61,0.61
2018-06-30,0.07,24.75,70.57,18.63,5.16,0.61
2018-07-01,0.12,25.1,72.21,18.74,5.1,0.61
2018-07-02,0.49,25.71,75.23,16.73,5.44,0.6
2018-07-03,1.14,25.77,75.21,17.15,6.65,0.61
2018-07-04,0.08,25.35,67.41,19.96,6.45,0.6
2018-07-05,0.78,25.0,67.59,15.67,5.05,0.6
2018-07-06,0.0,25.02,62.58,18.92,4.76,0.6
2018-07-07,0.06,25.13,68.94,19.44,5.08,0.6
2018-07-08,0.1,25.26,71.5,19.25,5.97,0.6
2018-07-09,0.5,25.16,69.65,17.43,6.34,0.6
2018-07-10,0.36,24.86,66.96,18.94,6.02,0.6
2018-07-11,0.54,25.16,71.05,16.87,5.41,0.6
2018-07-12,0.19,25.24,65.03,19.51,5.57,0.6
2018-07-13,0.04,25.09,59.94,18.86,5.72,0.6
2018-07-14,0.26,24.94,57.66,19.45,4.3,0.6
2018-07-15,0.01,24.99,60.29,19.26,3.85,0.6
2018-07-16,0.03,25.15,64.37,19.34,3.78,0.6
2018-07-17,0.02,25.46,67.19,19.6,4.17,0.6
2018-07-18,0.05,26.12,67.26,19.85,3.93,0.6
2018-07-19,0.11,25.99,68.64,18.89,4.96,0.6
2018-07-20,0.33,26.38,68.25,15.78,5.1,0.6
2018-07-21,1.24,26.64,73.13,19.05,4.55,0.6
2018-07-22,0.99,26.27,73.12,18.97,5.31,0.6
2018-07-23,0.01,25.57,65.75,20.42,5.97,0.6
2018-07-24,0.0,24.79,61.17,20.37,5.62,0.6
2018-07-25,0.01,24.99,66.36,19.62,4.95,0.6
2018-07-26,0.05,26.02,67.5,19.66,3.98,0.6
2018-07-27,0.06,25.91,69.08,18.81,5.0,0.6
2018-07-28,0.08,25.92,67.15,18.7,4.67,0.6
2018-07-29,0.02,25.86,66.56,19.56,5.35,0.6
2018-07-30,0.0,26.32,66.08,20.47,4.25,0.6
2018-07-31,0.12,26.62,64.07,20.08,3.79,0.6
2018-08-01,1.64,26.32,66.26,18.08,3.55,0.6
2018-08-02,0.88,25.43,67.38,11.15,4.81,0.6
2018-08-03,0.57,25.0,66.58,17.63,4.33,0.6
2018-08-04,0.95,25.19,67.86,14.78,3.63,0.6
2018-08-05,1.85,25.15,70.32,14.3,4.61,0.6
2018-08-06,0.53,25.18,67.53,17.05,5.76,0.6
2018-08-07,0.14,25.83,66.98,16.22,5.36,0.6
2018-08-08,0.43,25.81,66.47,20.93,5.95,0.6
2018-08-09,0.04,26.33,65.88,20.07,4.0,0.6
2018-08-10,0.14,26.53,66.65,14.34,4.4,0.6
2018-08-11,0.31,25.89,66.38,18.37,5.89,0.6
2018-08-12,0.01,25.23,63.82,22.33,6.14,0.6
2018-08-13,0.01,25.33,65.87,21.05,6.23,0.6
2018-08-14,0.23,25.64,65.89,18.3,6.27,0.6
2018-08-15,0.82,25.75,63.61,16.74,5.82,0.6
2018-08-16,1.06,25.24,61.0,8.79,5.13,0.6
2018-08-17,0.21,25.66,62.95,20.87,3.54,0.6
2018-08-18,0.22,25.59,68.49,21.64,5.52,0.6
2018-08-19,0.02,26.14,64.41,22.42,5.5,0.6
2018-08-20,0.04,26.21,63.58,22.8,5.48,0.6
2018-08-21,0.1,26.25,65.53,22.01,4.48,0.6
2018-08-22,0.02,26.35,64.17,21.71,5.16,0.6
2018-08-23,0.05,26.18,61.13,21.01,5.12,0.6
2018-08-24,0.02,26.51,55.43,22.43,3.57,0.6
2018-08-25,0.01,26.3,55.76,23.12,2.69,0.6
2018-08-26,0.02,26.72,60.15,22.0,3.32,0.6
2018-08-27,0.03,26.76,64.16,22.56,3.74,0.59
2018-08-28,0.16,26.79,65.13,20.89,2.65,0.59
2018-08-29,0.41,27.52,59.54,20.19,0.9,0.59
2018-08-30,0.56,27.39,62.95,20.92,2.01,0.6
2018-08-31,0.61,27.0,66.71,13.48,3.82,0.6
2018-09-01,0.51,26.86,67.43,21.13,4.09,0.6
2018-09-02,0.11,26.49,63.35,22.1,4.61,0.6
2018-09-03,0.25,26.95,62.4,22.72,3.71,0.6
2018-09-04,0.15,27.31,61.75,22.3,4.19,0.6
2018-09-05,0.06,27.43,61.47,22.92,4.02,0.6
2018-09-06,0.21,27.31,61.2,23.37,4.41,0.6
2018-09-07,0.34,27.6,58.41,23.88,3.78,0.6
2018-09-08,0.0,27.01,58.93,24.99,4.61,0.6
2018-09-09,0.0,27.29,60.96,24.72,3.89,0.6
2018-09-10,0.22,27.97,60.01,23.74,4.37,0.6
2018-09-11,0.26,27.83,59.89,24.32,4.15,0.6
2018-09-12,0.02,27.52,56.86,24.3,2.31,0.59
2018-09-13,0.03,27.3,55.61,23.86,2.81,0.59
2018-09-14,0.19,26.79,58.73,18.31,3.49,0.59
2018-09-15,0.25,27.32,61.73,23.64,5.44,0.59
2018-09-16,0.02,27.84,58.09,24.65,4.77,0.59
2018-09-17,0.02,28.31,57.91,23.21,3.43,0.59
2018-09-18,1.8,28.12,61.23,23.5,4.49,0.59
2018-09-19,2.38,28.01,60.97,23.62,3.23,0.6
2018-09-20,0.26,28.51,54.88,23.34,3.19,0.6
2018-09-21,0.06,27.73,55.49,24.65,4.55,0.6
2018-09-22,0.02,27.89,59.04,24.58,4.57,0.6
2018-09-23,1.97,27.84,63.47,23.93,5.31,0.6
2018-09-24,2.13,27.92,61.23,25.28,4.25,0.6
2018-09-25,0.03,27.82,57.46,25.67,3.66,0.6
2018-09-26,0.0,27.87,55.38,25.83,3.34,0.6
2018-09-27,0.22,27.83,58.34,21.93,3.49,0.6
2018-09-28,0.37,27.91,60.12,24.13,4.43,0.6
2018-09-29,0.0,27.88,61.94,24.83,4.22,0.6
2018-09-30,0.31,27.89,61.47,25.38,4.43,0.6
2018-10-01,0.46,27.77,61.74,25.54,4.7,0.6
2018-10-02,0.0,27.66,60.13,25.17,5.03,0.6
2018-10-03,0.02,27.22,61.32,25.6,5.8,0.6
2018-10-04,0.07,27.89,59.1,23.81,3.79,0.6
2018-10-05,0.1,28.72,60.22,23.71,2.97,0.6
2018-10-06,0.24,28.63,58.05,25.59,4.41,0.59
2018-10-07,0.01,28.37,58.81,25.89,5.05,0.59
2018-10-08,0.0,28.48,54.08,26.68,4.25,0.59
2018-10-09,0.06,28.39,55.35,26.44,3.86,0.59
2018-10-10,0.0,28.85,52.85,26.36,3.5,0.59
2018-10-11,0.0,28.66,58.02,26.2,3.88,0.59
2018-10-12,0.02,28.62,56.57,26.58,3.18,0.59
2018-10-13,0.53,28.78,60.63,25.69,3.06,0.59
2018-10-14,0.57,29.3,58.12,25.89,2.7,0.59
2018-10-15,0.31,29.49,55.85,25.87,3.6,0.59
2018-10-16,0.1,29.4,55.95,26.46,3.75,0.59
2018-10-17,0.02,29.36,56.23,24.41,3.15,0.59
2018-10-18,0.09,28.84,57.41,23.52,3.25,0.59
2018-10-19,0.34,28.9,57.34,23.8,3.39,0.59
2018-10-20,0.96,29.37,57.18,25.6,2.85,0.59
2018-10-21,1.78,29.41,60.12,24.02,2.09,0.6
2018-10-22,0.64,29.57,60.48,23.59,2.97,0.6
2018-10-23,0.62,29.92,55.07,25.67,2.43,0.6
2018-10-24,0.34,29.91,54.8,26.47,1.57,0.6
2018-10-25,1.17,29.7,56.27,25.95,1.38,0.6
2018-10-26,0.78,29.6,58.27,25.17,2.63,0.6
2018-10-27,0.02,29.8,55.61,26.28,2.65,0.6
2018-10-28,0.07,29.65,53.89,26.56,2.3,0.6
2018-10-29,0.05,29.45,54.47,27.01,2.95,0.6
2018-10-30,0.01,29.42,54.44,27.39,3.53,0.59
2018-10-31,0.46,29.06,55.95,24.3,2.93,0.59
2018-11-01,1.35,29.15,60.67,25.36,3.04,0.6
2018-11-02,0.33,30.01,58.31,24.92,4.56,0.6
2018-11-03,3.4,29.17,67.35,23.07,4.76,0.6
2018-11-04,1.18,29.36,65.35,21.85,4.92,0.6
2018-11-05,1.34,29.59,63.75,23.56,2.71,0.6
2018-11-06,1.95,29.93,61.03,25.82,3.05,0.6
2018-11-07,0.61,29.83,59.53,25.42,2.74,0.6
2018-11-08,1.82,30.02,60.5,22.05,2.53,0.6
2018-11-09,1.79,29.8,61.2,23.41,4.12,0.6
2018-11-10,0.57,30.13,59.81,25.98,2.43,0.6
2018-11-11,1.83,30.34,58.62,22.57,2.11,0.6
2018-11-12,1.32,30.14,60.28,21.43,2.53,0.6
2018-11-13,2.1,29.87,62.52,22.2,3.38,0.6
2018-11-14,5.96,29.72,63.17,23.33,3.45,0.61
2018-11-15,0.35,29.66,64.45,22.24,3.44,0.61
2018-11-16,2.61,29.54,65.67,25.13,2.33,0.61
2018-11-17,0.64,29.95,62.92,25.24,1.33,0.61
2018-11-18,2.85,29.82,63.83,23.21,1.83,0.61
2018-11-19,2.12,29.57,63.81,24.15,4.0,0.61
2018-11-20,1.71,29.07,66.19,24.14,4.53,0.61
2018-11-21,1.14,28.98,65.11,24.29,4.26,0.61
2018-11-22,0.58,28.78,64.73,24.35,3.95,0.61
2018-11-23,1.14,29.15,61.81,21.73,3.34,0.61
2018-11-24,9.36,28.29,65.73,17.11,2.32,0.61
2018-11-25,24.61,26.76,75.65,16.26,2.55,0.65
2018-11-26,5.66,26.85,76.38,22.27,1.68,0.67
2018-11-27,3.93,26.64,77.8,21.9,1.48,0.67
2018-11-28,8.52,27.25,76.61,21.33,1.32,0.68
2018-11-29,5.19,27.23,77.09,16.73,1.9,0.69
2018-11-30,3.16,27.84,74.26,20.16,1.23,0.69
2018-12-01,9.07,27.32,75.58,19.4,2.06,0.69
2018-12-02,5.34,27.29,76.65,22.82,2.57,0.7
2018-12-03,9.07,28.26,73.2,20.99,1.88,0.71
2018-12-04,4.86,27.89,76.98,24.6,2.92,0.71
2018-12-05,6.0,27.78,78.43,19.45,2.07,0.72
2018-12-06,6.51,28.5,73.76,22.65,2.07,0.73
2018-12-07,1.43,28.89,73.61,25.09,2.07,0.73
2018-12-08,2.33,27.43,77.4,24.29,2.34,0.72
2018-12-09,0.87,28.51,73.32,23.9,3.02,0.72
2018-12-10,0.18,28.2,76.36,23.22,2.05,0.72
2018-12-11,1.53,28.16,77.13,24.47,2.9,0.71
2018-12-12,4.25,27.79,79.64,22.68,3.48,0.72
2018-12-13,4.57,27.15,82.15,22.51,4.15,0.72
2018-12-14,2.12,27.33,82.34,21.33,3.95,0.72
2018-12-15,2.69,27.22,83.0,21.25,4.57,0.72
2018-12-16,0.2,27.54,76.69,20.68,5.17,0.72
2018-12-17,0.27,27.99,71.36,22.75,4.53,0.72
2018-12-18,0.6,27.99,71.93,22.74,3.83,0.71
2018-12-19,2.39,28.16,71.1,22.19,2.7,0.7
2018-12-20,0.43,27.76,70.38,24.06,4.2,0.7
2018-12-21,0.25,27.99,68.78,23.27,5.32,0.69
2018-12-22,0.48,27.65,72.99,20.07,5.34,0.69
2018-12-23,6.73,27.07,77.92,11.56,4.29,0.69
2018-12-24,7.92,26.63,79.57,22.32,1.75,0.7
2018-12-25,6.99,27.19,78.34,22.21,2.01,0.71
2018-12-26,2.01,27.47,79.33,19.9,3.55,0.71
2018-12-27,13.28,27.09,74.58,8.21,3.34,0.72
2018-12-28,6.35,26.82,75.15,13.62,4.14,0.73
2018-12-29,18.61,26.14,79.79,20.48,3.73,0.75
2018-12-30,1.4,26.85,81.67,17.42,3.02,0.76
2018-12-31,6.0,26.98,80.31,23.24,3.19,0.76
2019-01-01,11.05,26.2,84.04,19.43,3.69,0.77
2019-01-02,17.89,26.31,81.83,19.51,3.31,0.79
2019-01-03,9.71,26.28,83.59,11.43,2.39,0.81
2019-01-04,3.88,26.33,83.7,19.48,3.24,0.81
2019-01-05,1.28,27.24,79.7,18.67,2.46,0.81
2019-01-06,1.11,27.19,79.95,22.23,2.38,0.8
2019-01-07,0.57,27.45,78.37,18.97,3.15,0.8
2019-01-08,0.37,27.48,78.73,26.06,2.0,0.79
2019-01-09,3.86,27.97,77.47,26.29,1.85,0.79
2019-01-10,2.57,27.45,80.96,24.74,2.28,0.79
2019-01-11,3.17,27.71,78.3,24.37,1.43,0.79
2019-01-12,3.08,28.29,75.5,26.01,1.61,0.79
2019-01-13,2.46,28.48,73.83,18.42,1.63,0.79
2019-01-14,9.68,27.28,79.11,15.49,3.04,0.79
2019-01-15,2.09,26.38,82.22,19.77,3.21,0.8
2019-01-16,1.8,26.28,83.15,16.73,3.67,0.79
2019-01-17,41.22,25.67,80.47,18.32,3.35,0.81
2019-01-18,11.39,26.78,77.51,20.81,2.27,0.84
2019-01-19,6.78,27.42,74.85,19.49,1.8,0.85
2019-01-20,1.29,27.67,74.54,22.25,1.76,0.84
2019-01-21,3.96,27.2,79.67,15.88,2.43,0.84
2019-01-22,24.7,26.32,85.22,17.24,4.14,0.85
2019-01-23,35.53,25.76,88.07,11.08,6.89,0.9
2019-01-24,3.27,26.47,83.68,14.05,8.41,0.9
2019-01-25,4.35,26.47,83.06,18.82,6.93,0.9
2019-01-26,6.74,26.77,83.74,20.84,5.39,0.9
2019-01-27,7.51,26.35,87.71,21.45,5.71,0.9
2019-01-28,8.04,26.27,83.31,17.72,3.42,0.91
2019-01-29,2.19,25.67,85.59,22.9,2.72,0.91
2019-01-30,2.06,26.78,78.5,19.56,2.94,0.9
2019-01-31,4.28,26.21,82.74,17.04,3.31,0.9
2019-02-01,3.92,26.15,85.11,19.36,4.13,0.9
2019-02-02,11.35,26.47,84.98,21.17,3.79,0.9
2019-02-03,2.95,26.54,85.43,21.38,3.83,0.91
2019-02-04,1.47,26.65,85.29,21.96,4.57,0.91
2019-02-05,4.51,26.68,84.54,21.0,4.8,0.91
2019-02-06,6.22,26.23,85.71,22.14,4.14,0.91
2019-02-07,3.04,26.34,84.29,21.76,3.21,0.91
2019-02-08,26.79,26.73,82.3,23.13,2.82,0.91
2019-02-09,2.65,26.73,81.47,22.25,2.88,0.92
2019-02-10,3.58,26.58,84.04,24.75,2.07,0.92
2019-02-11,4.72,26.51,83.58,22.98,2.02,0.92
2019-02-12,10.64,26.32,83.63,20.52,2.47,0.92
2019-02-13,10.63,25.87,85.74,19.7,3.12,0.92
2019-02-14,0.5,26.93,79.41,26.51,2.22,0.92
2019-02-15,0.4,27.52,75.9,26.35,1.63,0.91
2019-02-16,1.58,28.38,71.93,26.95,0.84,0.91
2019-02-17,2.38,27.39,77.87,24.09,1.97,0.9
2019-02-18,6.22,26.89,81.02,23.97,2.11,0.9
2019-02-19,4.77,26.96,81.24,23.97,1.94,0.9
2019-02-20,2.17,27.07,79.09,24.81,1.58,0.9
2019-02-21,1.81,27.9,74.02,24.49,1.28,0.89
2019-02-22,1.88,27.15,78.8,25.02,1.96,0.89
2019-02-23,0.54,27.91,74.39,26.55,1.53,0.88
2019-02-24,2.49,28.43,72.82,26.49,0.94,0.88
2019-02-25,1.99,28.81,70.06,26.53,0.81,0.87
2019-02-26,1.59,28.59,73.94,26.2,2.1,0.87
2019-02-27,2.72,28.0,77.99,22.11,2.82,0.86
2019-02-28,2.01,28.08,78.41,26.4,2.7,0.86
2019-03-01,3.02,27.54,80.53,19.77,2.57,0.85
2019-03-02,10.44,27.58,77.35,21.56,1.47,0.86
2019-03-03,3.75,27.6,78.47,24.22,1.86,0.86
2019-03-04,3.05,27.48,77.54,20.33,1.63,0.86
2019-03-05,5.75,27.6,79.78,22.86,3.03,0.86
2019-03-06,2.27,27.36,81.51,19.07,2.06,0.86
2019-03-07,48.0,26.5,85.17,16.09,2.16,0.88
2019-03-08,1.98,27.22,77.08,13.08,2.01,0.89
2019-03-09,2.08,28.06,72.16,20.38,1.0,0.88
2019-03-10,10.46,27.77,79.57,19.18,2.47,0.88
2019-03-11,4.37,27.92,74.11,22.69,1.45,0.89
2019-03-12,4.16,27.64,75.15,23.35,1.83,0.88
2019-03-13,4.23,26.62,79.82,18.97,2.6,0.88
2019-03-14,18.8,25.99,86.9,21.03,3.65,0.89
2019-03-15,17.75,25.88,82.74,17.57,1.71,0.92
2019-03-16,11.66,26.1,78.35,19.14,1.25,0.93
2019-03-17,44.86,25.54,88.41,18.52,3.06,0.94
2019-03-18,19.16,25.58,86.86,19.2,3.08,0.97
2019-03-19,4.19,26.07,86.71,22.54,3.72,0.97
2019-03-20,2.81,26.4,88.18,21.5,4.06,0.96
2019-03-21,0.99,26.55,88.25,21.49,4.39,0.96
2019-03-22,0.85,26.3,88.21,20.77,4.0,0.96
2019-03-23,3.82,26.34,88.42,20.42,3.8,0.96
2019-03-24,6.78,26.21,85.86,19.56,3.65,0.96
2019-03-25,5.93,26.47,84.67,21.51,2.81,0.96
2019-03-26,6.28,27.16,80.0,22.01,1.04,0.96
2019-03-27,4.78,27.15,81.37,20.86,1.74,0.96
2019-03-28,9.91,25.8,85.14,15.76,2.37,0.97
2019-03-29,1.0,26.86,78.99,22.53,2.37,0.96
2019-03-30,0.75,27.95,74.82,24.69,1.48,0.96
2019-03-31,0.52,27.95,75.21,24.14,2.27,0.95
2019-04-01,4.68,27.13,77.05,14.56,2.12,0.94
2019-04-02,6.05,26.84,77.4,18.33,2.65,0.94
2019-04-03,5.69,26.81,79.71,18.77,3.4,0.94
2019-04-04,8.03,27.09,76.09,18.68,2.26,0.94
2019-04-05,0.73,27.6,69.19,22.19,1.22,0.93
2019-04-06,0.48,26.72,76.43,19.09,3.42,0.92
2019-04-07,3.35,26.74,80.64,19.37,3.86,0.92
2019-04-08,0.43,27.05,77.48,23.52,2.01,0.91
2019-04-09,1.28,27.91,74.86,23.43,1.26,0.9
2019-04-10,8.41,28.05,77.21,16.03,0.98,0.9
2019-04-11,1.48,27.02,81.1,22.5,1.93,0.9
2019-04-12,2.88,26.25,83.26,20.72,2.49,0.9
2019-04-13,3.03,27.12,81.97,21.5,2.81,0.9
2019-04-14,2.29,27.03,80.57,21.02,2.44,0.9
2019-04-15,5.8,26.5,84.07,18.12,4.67,0.9
2019-04-16,1.07,26.72,77.35,23.61,3.95,0.9
2019-04-17,0.55,26.3,78.22,23.89,4.28,0.89
2019-04-18,0.35,26.47,79.93,23.17,3.84,0.88
2019-04-19,0.2,26.32,79.3,23.61,4.68,0.87
2019-04-20,0.68,26.29,80.45,22.68,4.57,0.86
2019-04-21,0.45,26.67,79.17,19.67,5.1,0.86
2019-04-22,0.34,26.85,78.92,23.15,5.2,0.85
2019-04-23,0.37,26.77,79.15,22.19,5.82,0.84
2019-04-24,0.46,26.82,78.41,22.62,5.58,0.83
2019-04-25,0.71,26.75,79.1,18.12,4.64,0.83
2019-04-26,5.22,26.81,79.91,14.12,4.59,0.82
2019-04-27,4.54,26.4,81.73,16.26,4.5,0.83
2019-04-28,15.09,25.52,85.23,12.16,5.49,0.84
2019-04-29,14.52,25.52,86.58,7.42,4.43,0.86
2019-04-30,2.78,26.65,78.39,15.13,1.92,0.86
2019-05-01,3.67,26.93,77.89,19.17,1.86,0.86
2019-05-02,2.36,27.23,74.54,18.77,1.17,0.85
2019-05-03,2.28,26.74,81.65,19.78,2.54,0.85
2019-05-04,2.44,26.67,83.96,20.86,4.01,0.85
2019-05-05,0.85,26.84,81.04,18.77,4.89,0.84
2019-05-06,2.27,26.43,80.54,19.93,4.62,0.84
2019-05-07,0.01,25.91,74.48,20.07,4.37,0.83
2019-05-08,0.09,25.89,75.54,20.47,4.25,0.83
2019-05-09,0.3,25.96,74.94,20.74,5.01,0.82
2019-05-10,0.42,25.77,73.09,21.18,4.89,0.81
2019-05-11,0.3,25.84,73.88,20.68,5.05,0.8
2019-05-12,3.35,25.68,81.8,19.71,4.47,0.8
2019-05-13,0.61,25.9,78.52,19.71,4.64,0.8
2019-05-14,0.07,25.81,77.33,20.4,4.97,0.79
2019-05-15,0.14,25.94,78.73,21.26,4.91,0.79
2019-05-16,0.03,25.86,76.32,21.07,4.11,0.78
2019-05-17,0.0,25.7,72.47,21.58,3.4,0.77
2019-05-18,0.01,25.66,74.77,20.67,3.19,0.77
2019-05-19,0.04,25.96,77.77,20.5,4.23,0.76
2019-05-20,0.3,26.35,78.99,19.93,4.71,0.76
2019-05-21,0.63,26.4,79.01,19.5,4.99,0.75
2019-05-22,0.78,26.24,80.36,20.27,6.39,0.75
2019-05-23,0.22,26.35,77.62,20.71,5.82,0.74
2019-05-24,0.09,25.7,72.64,20.67,5.28,0.74
2019-05-25,5.96,25.76,77.34,18.81,5.06,0.74
2019-05-26,0.7,25.81,77.2,19.4,4.97,0.74
2019-05-27,0.43,25.75,78.65,19.3,5.34,0.73
2019-05-28,0.81,25.87,76.87,19.13,5.13,0.73
2019-05-29,0.31,25.87,74.74,17.64,6.02,0.72
2019-05-30,1.09,25.48,74.06,18.4,6.53,0.72
2019-05-31,0.84,25.43,74.56,16.01,6.44,0.72
2019-06-01,0.17,25.37,73.76,17.54,6.81,0.71
2019-06-02,0.67,25.43,77.46,15.39,6.4,0.71
2019-06-03,1.82,25.56,77.14,12.74,6.87,0.71
2019-06-04,0.4,25.25,77.24,13.84,6.47,0.71
2019-06-05,0.65,25.23,77.46,15.59,6.51,0.7
2019-06-06,0.16,24.98,76.8,17.12,6.39,0.7
2019-06-07,0.13,24.84,78.85,15.61,5.61,0.7
2019-06-08,0.45,25.24,79.38,15.16,5.28,0.69
2019-06-09,1.35,25.64,79.35,18.16,4.54,0.69
2019-06-10,2.44,25.63,81.05,16.68,4.83,0.69
2019-06-11,0.36,26.01,78.53,18.13,3.88,0.69
2019-06-12,0.64,25.87,78.2,10.97,5.99,0.68
2019-06-13,1.22,25.88,80.24,14.06,5.5,0.68
2019-06-14,0.53,25.57,79.18,18.42,5.22,0.68
2019-06-15,0.21,25.01,75.81,19.78,5.48,0.68
2019-06-16,0.19,24.68,75.99,18.99,3.99,0.67
2019-06-17,0.1,24.61,74.98,20.11,4.5,0.67
2019-06-18,0.24,24.47,75.72,20.0,4.21,0.67
2019-06-19,0.03,24.49,74.59,20.05,4.09,0.66
2019-06-20,0.08,24.32,74.25,19.2,5.36,0.66
2019-06-21,0.02,23.98,75.18,19.15,5.0,0.65
2019-06-22,0.1,24.26,77.2,17.91,4.97,0.65
2019-06-23,0.07,24.46,76.08,18.58,5.09,0.65
2019-06-24,0.16,24.43,78.23,18.64,4.85,0.65
2019-06-25,0.05,23.9,75.12,18.76,5.45,0.64
2019-06-26,0.02,23.45,74.79,19.79,5.41,0.64
2019-06-27,0.03,23.6,73.28,19.58,4.83,0.64
2019-06-28,0.05,23.41,68.25,20.03,4.91,0.63
2019-06-29,0.05,23.29,69.12,20.15,5.75,0.63
2019-06-30,0.02,23.81,77.04,17.47,4.35,0.63
2019-07-01,0.38,24.86,78.26,15.12,4.37,0.62
2019-07-02,2.33,25.11,81.48,14.55,4.87,0.62
2019-07-03,0.82,25.01,79.74,17.66,5.29,0.62
2019-07-04,0.11,24.3,76.8,19.38,5.08,0.62
2019-07-05,0.0,23.87,71.74,20.32,4.38,0.62
2019-07-06,0.0,23.28,71.54,20.46,5.57,0.61
2019-07-07,0.0,23.32,70.69,19.98,5.81,0.61
2019-07-08,0.07,23.93,69.97,19.53,5.28,0.61
2019-07-09,0.5,24.46,71.7,15.01,4.42,0.61
2019-07-10,0.01,24.8,65.47,19.39,4.46,0.61
2019-07-11,0.1,24.81,70.67,19.55,4.95,0.61
2019-07-12,0.03,24.79,67.11,19.91,5.28,0.6
2019-07-13,0.04,24.06,67.0,19.87,5.05,0.6
2019-07-14,0.14,24.46,70.79,19.19,5.48,0.6
2019-07-15,0.23,24.4,68.38,17.61,6.01,0.6
2019-07-16,0.35,24.48,68.73,14.89,5.31,0.6
2019-07-17,0.08,25.09,67.18,18.44,5.85,0.6
2019-07-18,0.02,25.21,71.97,19.0,5.2,0.6
2019-07-19,0.1,25.0,76.8,17.44,4.58,0.6
2019-07-20,0.06,25.21,71.07,19.89,4.48,0.6
2019-07-21,0.02,24.56,73.78,20.22,5.56,0.6
2019-07-22,0.03,24.81,70.68,20.08,4.8,0.6
2019-07-23,0.02,24.56,68.78,20.82,5.28,0.6
2019-07-24,0.0,24.48,66.88,20.47,4.18,0.6
2019-07-25,0.06,24.27,67.05,20.35,5.71,0.6
2019-07-26,0.0,25.14,63.52,19.82,3.67,0.6
2019-07-27,0.02,25.08,69.39,20.68,4.97,0.6
2019-07-28,0.13,25.08,71.48,21.11,5.04,0.6
2019-07-29,0.22,25.04,68.49,20.87,5.49,0.6
2019-07-30,0.24,24.96,70.98,20.57,5.58,0.6
2019-07-31,0.09,25.28,69.13,20.77,5.54,0.6
2019-08-01,0.1,25.32,67.67,21.37,5.62,0.6
2019-08-02,0.11,25.07,66.44,21.57,6.82,0.6
2019-08-03,0.12,24.54,60.47,20.98,7.33,0.6
2019-08-04,0.04,23.74,61.01,20.33,5.07,0.6
2019-08-05,0.05,24.31,64.9,20.76,5.17,0.6
2019-08-06,0.08,25.05,67.76,20.28,4.36,0.6
2019-08-07,0.12,25.48,65.21,18.21,4.26,0.6
2019-08-08,0.08,25.57,63.25,18.74,3.89,0.6
2019-08-09,0.02,25.76,62.65,21.62,3.86,0.6
2019-08-10,0.0,25.78,63.06,20.84,3.76,0.59
2019-08-11,0.09,26.42,66.63,20.59,3.97,0.59
2019-08-12,0.3,26.62,67.59,19.67,5.49,0.59
2019-08-13,0.01,26.02,64.86,20.76,5.81,0.59
2019-08-14,0.0,25.42,64.12,21.61,5.46,0.59
2019-08-15,0.0,25.44,61.97,22.76,5.2,0.59
2019-08-16,0.14,25.17,66.85,21.48,4.91,0.59
2019-08-17,0.26,25.32,64.88,21.91,4.67,0.59
2019-08-18,0.11,25.35,62.47,22.14,5.05,0.59
2019-08-19,0.01,26.12,63.14,22.5,4.36,0.59
2019-08-20,0.06,26.17,62.51,22.53,5.69,0.59
2019-08-21,1.11,25.52,69.67,21.06,7.08,0.6
2019-08-22,0.17,25.12,64.73,22.59,6.64,0.6
2019-08-23,0.03,25.53,63.78,21.71,5.19,0.6
2019-08-24,0.64,26.1,68.29,19.61,5.22,0.6
2019-08-25,0.02,26.2,58.41,23.51,4.81,0.6
2019-08-26,0.04,25.39,65.19,23.26,3.91,0.6
2019-08-27,0.07,25.39,64.57,22.75,4.78,0.6
2019-08-28,0.16,25.47,64.9,23.47,6.63,0.6
2019-08-29,0.08,25.2,63.04,23.92,5.57,0.6
2019-08-30,0.01,25.01,60.91,23.46,5.54,0.6
2019-08-31,0.0,24.86,58.27,22.72,5.4,0.59
2019-09-01,0.01,25.69,56.52,23.45,5.41,0.59
2019-09-02,0.0,25.18,62.26,24.44,5.17,0.59
2019-09-03,0.03,25.49,64.1,24.71,4.55,0.59
2019-09-04,0.02,25.69,63.75,22.93,4.11,0.59
2019-09-05,0.06,25.93,63.56,19.38,4.01,0.59
2019-09-06,0.13,26.18,67.06,22.66,4.01,0.59
2019-09-07,0.03,26.15,65.0,23.67,4.85,0.59
2019-09-08,0.03,26.15,65.01,23.22,4.81,0.59
2019-09-09,0.01,26.39,59.48,24.88,5.55,0.59
2019-09-10,0.01,26.12,61.98,24.28,5.1,0.59
2019-09-11,0.12,25.16,57.31,24.45,6.03,0.59
2019-09-12,0.68,25.31,58.84,22.78,5.99,0.59
2019-09-13,0.03,25.63,59.64,24.26,5.67,0.59
2019-09-14,0.03,25.81,61.77,24.44,5.05,0.59
2019-09-15,0.02,25.78,62.79,24.62,5.5,0.59
2019-09-16,0.01,25.71,64.54,25.25,4.85,0.59
2019-09-17,0.01,26.33,62.62,23.26,4.63,0.59
2019-09-18,0.02,26.21,65.41,23.31,5.27,0.59
2019-09-19,0.02,26.86,61.51,23.42,4.05,0.59
2019-09-20,0.01,26.76,60.21,24.86,3.69,0.59
2019-09-21,0.01,26.9,58.29,24.63,3.27,0.59
2019-09-22,0.22,27.03,57.87,25.13,3.43,0.59
2019-09-23,0.0,27.08,60.69,24.45,3.94,0.59
2019-09-24,1.82,26.94,67.85,23.29,5.38,0.59
2019-09-25,0.51,27.37,65.88,24.74,6.15,0.6
2019-09-26,0.34,27.43,64.63,24.94,4.52,0.6
2019-09-27,0.24,27.05,65.59,24.98,5.64,0.6
2019-09-28,0.04,27.3,63.11,25.41,5.67,0.6
2019-09-29,0.12,27.39,60.75,25.35,4.73,0.6
2019-09-30,0.2,27.52,59.43,24.9,4.91,0.6
2019-10-01,1.7,27.38,61.11,25.5,5.11,0.6
2019-10-02,0.16,27.66,62.55,25.66,4.87,0.6
2019-10-03,0.03,27.46,61.26,25.99,4.97,0.6
2019-10-04,0.07,27.14,59.84,26.36,4.63,0.6
2019-10-05,0.19,27.56,60.34,25.78,4.04,0.6
2019-10-06,0.07,27.84,58.74,25.44,3.96,0.6
2019-10-07,0.14,27.93,60.48,25.29,4.85,0.6
2019-10-08,0.0,28.16,59.3,25.75,4.24,0.59
2019-10-09,0.01,27.85,60.22,25.69,4.11,0.59
2019-10-10,0.01,28.34,56.29,26.13,4.11,0.59
2019-10-11,0.02,28.51,56.23,26.28,3.34,0.59
2019-10-12,0.0,28.57,53.99,26.02,2.38,0.59
2019-10-13,0.01,29.14,52.62,25.47,2.6,0.59
2019-10-14,0.89,28.47,52.98,26.37,3.7,0.59
2019-10-15,0.04,28.16,56.08,26.63,3.16,0.59
2019-10-16,0.11,28.03,58.42,26.68,2.83,0.59
2019-10-17,0.09,28.41,55.08,26.54,3.12,0.59
2019-10-18,0.14,28.71,54.29,26.09,3.49,0.59
2019-10-19,0.93,28.55,59.37,26.14,4.88,0.59
2019-10-20,0.02,28.63,62.39,25.9,4.78,0.59
2019-10-21,0.03,28.93,59.39,25.81,4.19,0.59
2019-10-22,0.06,28.85,59.0,26.58,3.91,0.59
2019-10-23,0.04,28.68,58.1,25.89,3.53,0.59
2019-10-24,0.04,28.78,55.64,26.36,2.59,0.59
2019-10-25,0.85,28.9,57.81,25.88,2.89,0.59
2019-10-26,1.67,28.77,57.29,26.23,3.62,0.6
2019-10-27,0.5,29.22,55.79,26.08,3.49,0.6
2019-10-28,1.72,29.59,55.23,25.63,2.9,0.6
2019-10-29,1.95,29.11,59.87,24.4,3.22,0.6
2019-10-30,3.15,28.93,61.19,25.65,4.7,0.6
2019-10-31,1.58,29.06,61.35,26.21,3.19,0.61
2019-11-01,1.53,28.97,62.04,24.85,1.7,0.61
2019-11-02,6.51,29.19,60.51,24.27,2.53,0.6
2019-11-03,1.81,28.79,63.47,25.39,2.87,0.62
2019-11-04,0.07,29.55,55.7,26.31,2.58,0.61
2019-11-05,0.02,30.05,54.26,26.07,1.98,0.61
2019-11-06,0.46,29.91,55.63,26.09,2.08,0.61
2019-11-07,1.07,30.42,55.67,26.01,2.52,0.6
2019-11-08,1.65,30.2,58.4,25.37,3.2,0.61
2019-11-09,0.88,30.32,55.48,25.8,2.46,0.6
2019-11-10,0.97,30.15,55.85,26.46,2.55,0.6
2019-11-11,1.62,29.2,60.26,24.74,2.52,0.6
2019-11-12,1.02,29.61,61.69,26.16,2.0,0.61
2019-11-13,0.78,30.15,57.54,25.55,2.64,0.6
2019-11-14,0.15,30.87,48.52,27.22,1.44,0.6
2019-11-15,0.1,30.75,50.14,26.99,1.97,0.6
2019-11-16,0.54,30.35,54.46,26.52,2.68,0.6
2019-11-17,0.1,30.5,51.42,27.12,3.19,0.6
2019-11-18,0.11,30.39,49.07,26.32,2.58,0.6
2019-11-19,2.92,30.12,53.77,26.1,1.66,0.6
2019-11-20,1.26,30.15,55.0,25.28,1.85,0.6
2019-11-21,0.89,30.41,54.91,25.81,2.46,0.6
2019-11-22,1.23,30.73,53.99,26.5,2.12,0.6
2019-11-23,2.58,30.71,54.86,25.52,1.73,0.6
2019-11-24,2.51,30.68,54.43,25.73,0.83,0.61
2019-11-25,1.97,30.51,56.32,22.12,0.91,0.61
2019-11-26,2.71,30.21,57.82,24.75,1.53,0.61
2019-11-27,1.01,30.28,56.42,24.9,2.33,0.61
2019-11-28,2.19,30.1,58.58,23.86,3.64,0.61
2019-11-29,0.04,30.2,58.12,25.6,3.39,0.61
2019-11-30,1.44,30.56,58.9,25.58,1.97,0.6
2019-12-01,0.42,31.79,54.15,23.24,1.54,0.6
2019-12-02,1.59,31.08,56.76,24.64,2.13,0.6
2019-12-03,1.14,30.35,62.68,23.88,1.26,0.6
2019-12-04,2.25,29.92,62.65,22.97,2.86,0.61
2019-12-05,2.99,29.14,69.05,24.38,2.42,0.61
2019-12-06,1.49,29.74,64.9,25.26,1.33,0.61
2019-12-07,1.0,30.64,60.96,25.26,1.79,0.61
2019-12-08,0.1,30.95,57.52,25.67,1.81,0.61
2019-12-09,0.82,31.24,53.27,26.64,1.51,0.6
2019-12-10,1.9,30.91,55.71,25.49,1.98,0.61
2019-12-11,0.94,30.63,56.21,24.94,1.38,0.6
2019-12-12,1.67,30.72,56.88,24.9,1.51,0.6
2019-12-13,3.42,29.7,63.19,24.52,1.55,0.61
2019-12-14,3.75,29.02,68.04,23.51,2.22,0.61
2019-12-15,6.65,29.19,67.14,20.14,1.03,0.62
2019-12-16,3.59,29.08,67.53,23.26,1.11,0.63
2019-12-17,1.04,30.15,64.92,25.84,1.15,0.62
2019-12-18,1.63,30.32,64.26,25.7,1.06,0.62
2019-12-19,1.91,29.62,68.88,19.77,1.87,0.62
2019-12-20,3.47,29.66,67.29,22.78,1.2,0.62
2019-12-21,2.05,29.61,66.91,24.42,1.37,0.62
2019-12-22,2.94,29.98,62.87,24.49,1.07,0.62
2019-12-23,1.93,29.53,67.33,22.67,1.42,0.62
2019-12-24,1.09,29.85,67.69,24.99,1.93,0.62
2019-12-25,1.63,30.11,64.59,23.25,1.87,0.61
2019-12-26,2.9,29.18,67.61,23.92,2.16,0.62
2019-12-27,5.12,28.57,73.1,24.06,2.2,0.62
2019-12-28,4.27,28.9,72.14,21.78,2.69,0.63
2019-12-29,11.16,27.27,80.03,21.85,2.63,0.64
2019-12-30,3.1,28.99,67.21,25.78,1.38,0.65
2019-12-31,2.78,29.27,70.46,23.87,1.17,0.65
2020-01-01,100.19,27.21,84.31,21.29,2.25,0.69
2020-01-02,13.43,26.81,80.04,16.22,2.99,0.76
2020-01-03,9.64,26.83,80.29,20.41,3.88,0.76
2020-01-04,18.09,26.95,84.83,16.56,5.84,0.78
2020-01-05,13.69,27.28,82.36,15.17,7.1,0.8
2020-01-06,5.32,27.28,83.26,19.52,6.41,0.81
2020-01-07,4.48,27.44,80.09,24.28,4.86,0.81
2020-01-08,3.24,26.99,80.26,19.84,4.07,0.81
2020-01-09,1.21,27.46,76.68,24.07,3.35,0.8
2020-01-10,1.65,27.28,74.43,22.5,3.68,0.79
2020-01-11,4.15,27.8,74.16,22.37,5.36,0.79
2020-01-12,3.91,27.47,78.02,19.43,5.62,0.79
2020-01-13,5.57,26.55,86.11,17.96,4.03,0.79
2020-01-14,10.15,27.83,74.58,20.71,1.66,0.8
2020-01-15,4.15,28.21,74.38,21.82,2.14,0.8
2020-01-16,1.61,27.85,76.07,22.81,2.37,0.8
2020-01-17,1.36,27.76,76.46,24.94,2.39,0.8
2020-01-18,1.99,27.88,78.17,23.51,2.91,0.79
2020-01-19,0.48,27.72,76.6,24.53,3.77,0.79
2020-01-20,0.02,27.49,75.48,25.95,4.12,0.78
2020-01-21,7.75,27.28,82.04,24.37,3.36,0.78
2020-01-22,8.04,27.69,79.06,23.67,3.09,0.79
2020-01-23,0.64,28.16,73.87,26.31,2.65,0.79
2020-01-24,1.43,28.5,72.28,24.48,2.28,0.78
2020-01-25,2.44,28.42,73.46,24.0,2.5,0.77
2020-01-26,1.03,29.02,72.32,25.56,1.96,0.77
2020-01-27,0.67,28.97,73.64,25.29,1.51,0.76
2020-01-28,0.45,29.1,73.29,24.97,2.51,0.76
2020-01-29,0.1,29.06,73.52,26.77,3.52,0.75
2020-01-30,2.33,28.53,75.03,23.6,4.94,0.75
2020-01-31,8.53,27.67,75.42,20.22,3.45,0.75
2020-02-01,2.77,28.5,73.08,22.52,2.58,0.75
2020-02-02,8.63,28.17,73.99,23.46,1.88,0.75
2020-02-03,1.28,28.17,70.85,24.59,2.84,0.76
2020-02-04,0.06,28.09,66.71,24.65,3.24,0.75
2020-02-05,0.33,28.3,71.79,24.91,3.54,0.74
2020-02-06,2.64,27.94,78.4,26.14,3.97,0.74
2020-02-07,10.38,27.37,80.43,20.26,3.12,0.74
2020-02-08,9.91,27.14,83.97,18.68,3.99,0.76
2020-02-09,6.76,26.18,83.99,12.07,3.24,0.77
2020-02-10,13.81,26.65,81.47,21.34,3.73,0.77
2020-02-11,10.14,26.83,79.73,22.83,2.78,0.8
2020-02-12,10.32,27.46,77.15,21.57,2.39,0.8
2020-02-13,6.13,27.46,76.57,24.45,2.61,0.81
2020-02-14,1.99,28.24,73.56,24.87,2.3,0.8
2020-02-15,6.96,28.67,71.57,25.66,1.53,0.8
2020-02-16,11.63,28.35,75.12,24.46,1.81,0.81
2020-02-17,6.05,27.79,78.87,23.74,2.55,0.82
2020-02-18,8.65,26.55,83.39,22.62,3.76,0.82
2020-02-19,11.52,26.86,83.12,20.91,3.63,0.84
2020-02-20,9.83,26.1,86.32,20.53,4.63,0.84
2020-02-21,40.25,26.02,86.85,16.09,3.14,0.85
2020-02-22,10.57,26.66,82.52,22.23,4.14,0.88
2020-02-23,4.52,26.74,84.02,18.97,4.65,0.88
2020-02-24,0.82,27.45,80.67,26.3,3.45,0.87
2020-02-25,1.93,27.87,80.43,25.25,2.62,0.87
2020-02-26,4.12,27.9,80.17,24.62,3.1,0.86
2020-02-27,6.25,27.4,85.09,22.31,3.63,0.87
2020-02-28,1.66,27.6,82.91,21.54,4.16,0.86
2020-02-29,11.98,27.29,86.16,21.49,4.92,0.86
2020-03-01,6.24,26.99,86.17,22.22,4.08,0.88
2020-03-02,5.43,27.51,80.83,18.68,3.37,0.88
2020-03-03,14.63,27.39,81.04,22.39,2.83,0.89
2020-03-04,2.3,27.66,81.45,23.3,2.99,0.89
2020-03-05,10.36,26.72,85.72,21.96,2.6,0.89
2020-03-06,3.03,26.74,82.67,19.02,2.0,0.9
2020-03-07,4.23,26.37,84.76,18.01,1.79,0.9
2020-03-08,35.29,26.15,83.33,19.19,1.46,0.92
2020-03-09,6.96,26.7,82.54,21.77,1.8,0.94
2020-03-10,4.3,26.6,84.36,21.84,2.25,0.94
2020-03-11,3.4,27.37,83.79,20.0,2.41,0.93
2020-03-12,13.93,27.05,81.83,20.97,1.3,0.94
2020-03-13,12.54,26.94,79.8,18.04,1.59,0.95
2020-03-14,1.64,28.01,74.74,24.49,1.66,0.95
2020-03-15,2.53,28.39,74.25,25.22,0.89,0.94
2020-03-16,3.81,28.01,75.85,22.0,1.83,0.93
2020-03-17,1.43,27.58,76.74,25.28,1.96,0.93
2020-03-18,3.45,27.14,81.4,24.52,3.54,0.92
2020-03-19,0.62,27.59,78.1,24.12,4.08,0.91
2020-03-20,0.42,27.79,76.88,25.76,3.13,0.9
2020-03-21,8.7,27.05,81.71,12.52,2.33,0.9
2020-03-22,10.65,26.74,83.2,20.1,1.47,0.91
2020-03-23,6.59,27.02,80.69,22.49,1.98,0.92
2020-03-24,3.21,27.52,76.62,24.1,2.84,0.92
2020-03-25,0.45,28.0,73.77,24.92,2.65,0.91
2020-03-26,1.38,28.2,75.74,10.77,2.02,0.9
2020-03-27,7.9,27.49,82.66,12.11,1.7,0.9
2020-03-28,10.46,26.94,84.66,21.21,0.86,0.91
2020-03-29,1.02,27.72,78.3,23.44,3.22,0.91
2020-03-30,2.37,27.61,78.2,23.74,3.71,0.9
2020-03-31,2.27,27.84,75.25,19.19,2.22,0.9
2020-04-01,1.45,27.77,72.73,24.24,1.59,0.89
2020-04-02,2.86,27.77,75.58,21.81,1.51,0.88
2020-04-03,3.75,27.67,78.18,21.69,1.43,0.88
2020-04-04,1.58,27.74,76.67,24.04,1.69,0.87
2020-04-05,5.02,28.32,72.46,24.15,1.52,0.87
2020-04-06,3.45,27.77,74.3,20.46,1.28,0.87
2020-04-07,5.83,27.32,77.48,17.1,1.84,0.87
2020-04-08,8.12,26.58,80.85,19.77,1.91,0.88
2020-04-09,3.79,27.68,73.26,21.66,1.24,0.88
2020-04-10,4.31,27.59,76.46,22.3,3.0,0.87
2020-04-11,2.12,26.99,76.27,17.11,2.63,0.87
2020-04-12,3.05,25.55,79.45,11.98,1.63,0.87
2020-04-13,4.33,26.83,77.83,21.36,1.66,0.87
2020-04-14,13.65,27.78,76.97,17.4,1.59,0.87
2020-04-15,4.62,27.13,82.72,21.88,3.06,0.88
2020-04-16,7.28,26.47,84.57,15.4,3.29,0.88
2020-04-17,6.65,26.4,83.33,19.34,3.17,0.89
2020-04-18,3.85,27.23,81.64,21.8,2.29,0.89
2020-04-19,2.96,27.66,76.91,22.49,2.4,0.89
2020-04-20,0.31,27.62,74.37,22.32,2.51,0.88
2020-04-21,1.71,27.25,80.97,21.61,4.12,0.87
2020-04-22,4.19,27.18,81.62,22.9,4.41,0.87
2020-04-23,0.43,27.03,79.45,23.19,5.28,0.86
2020-04-24,2.46,27.24,78.76,22.41,4.92,0.86
2020-04-25,0.45,27.17,79.47,20.33,5.6,0.85
2020-04-26,0.24,27.04,79.42,21.36,4.28,0.84
2020-04-27,0.69,26.62,79.39,21.26,3.1,0.84
2020-04-28,1.25,26.74,76.96,21.69,3.17,0.83
2020-04-29,0.08,26.6,73.64,17.27,3.66,0.82
2020-04-30,0.08,26.63,75.31,21.97,3.95,0.82
2020-05-01,0.29,26.74,76.3,21.15,3.32,0.81
2020-05-02,1.04,26.85,76.05,20.86,3.89,0.8
2020-05-03,0.39,26.99,76.5,21.09,5.16,0.8
2020-05-04,0.07,26.92,75.54,18.71,5.1,0.79
2020-05-05,1.02,26.83,78.44,17.5,4.5,0.79
2020-05-06,0.93,27.3,79.07,19.76,3.75,0.78
2020-05-07,4.55,27.0,84.51,18.97,4.31,0.78
2020-05-08,0.69,26.8,78.47,21.49,5.04,0.78
2020-05-09,0.11,26.27,76.51,21.17,5.16,0.77
2020-05-10,2.66,26.01,78.49,19.1,4.27,0.77
2020-05-11,0.2,26.48,76.35,20.92,4.33,0.77
2020-05-12,0.51,26.52,78.03,20.37,5.3,0.76
2020-05-13,0.25,26.76,73.42,20.52,5.55,0.76
2020-05-14,0.7,26.59,76.51,16.7,5.63,0.75
2020-05-15,0.84,26.64,78.82,18.07,5.5,0.74
2020-05-16,1.58,26.55,81.54,17.13,6.09,0.74
2020-05-17,0.49,26.88,81.03,16.18,6.18,0.74
2020-05-18,2.76,26.73,85.3,16.3,5.88,0.74
2020-05-19,38.16,25.24,87.22,5.63,6.35,0.76
2020-05-20,6.34,25.52,81.83,8.57,6.94,0.8
2020-05-21,0.45,25.79,78.32,15.03,4.29,0.79
2020-05-22,2.67,25.66,85.62,10.57,3.55,0.79
2020-05-23,9.95,25.75,86.68,12.87,3.83,0.8
2020-05-24,8.3,25.34,88.09,14.03,5.52,0.81
2020-05-25,2.06,26.52,85.22,17.28,2.08,0.81
2020-05-26,1.31,27.02,81.85,17.83,1.61,0.81
2020-05-27,1.45,27.34,77.6,17.84,0.92,0.8
2020-05-28,3.45,26.96,79.99,17.92,1.27,0.8
2020-05-29,2.58,26.81,78.49,17.65,2.38,0.8
2020-05-30,0.24,26.39,82.87,18.86,3.62,0.8
2020-05-31,0.6,26.4,81.53,18.7,3.95,0.79
2020-06-01,0.38,25.91,79.87,19.52,5.44,0.79
2020-06-02,1.1,26.04,79.75,19.34,5.05,0.78
2020-06-03,0.78,25.55,80.22,18.72,5.87,0.78
2020-06-04,3.91,25.25,76.89,18.91,6.33,0.78
2020-06-05,0.5,25.25,77.73,18.19,5.35,0.77
2020-06-06,0.35,25.52,77.27,18.84,4.83,0.77
2020-06-07,0.13,25.27,73.09,18.02,3.32,0.76
2020-06-08,0.05,25.7,73.46,16.77,2.76,0.76
2020-06-09,0.32,25.9,76.61,18.26,3.61,0.75
2020-06-10,0.66,25.9,79.17,18.45,4.85,0.75
2020-06-11,0.14,25.97,77.53,17.61,4.73,0.74
2020-06-12,0.29,25.86,78.05,14.23,3.86,0.74
2020-06-13,3.68,26.32,80.88,15.28,4.56,0.74
2020-06-14,1.47,26.27,79.66,18.4,5.57,0.74
2020-06-15,0.11,25.89,77.38,19.15,5.42,0.73
2020-06-16,0.37,26.11,77.68,16.96,5.19,0.73
2020-06-17,0.78,26.23,76.71,16.56,6.45,0.72
2020-06-18,0.57,25.89,75.64,18.95,6.91,0.72
2020-06-19,0.73,25.54,78.0,18.35,6.32,0.72
2020-06-20,0.19,25.88,74.49,18.15,6.38,0.71
2020-06-21,0.07,25.7,74.74,18.83,5.95,0.71
2020-06-22,0.51,25.72,76.75,18.22,5.65,0.71
2020-06-23,0.24,25.33,73.77,17.69,6.0,0.7
2020-06-24,0.14,24.87,72.23,18.64,5.45,0.7
2020-06-25,0.54,25.45,75.59,17.78,3.94,0.69
2020-06-26,1.44,25.73,76.73,16.74,4.23,0.69
2020-06-27,0.95,25.89,72.49,17.13,5.25,0.69
2020-06-28,0.04,25.46,74.09,19.15,4.69,0.69
2020-06-29,0.04,25.04,72.8,15.63,4.29,0.68
2020-06-30,0.27,25.16,77.3,17.45,4.62,0.68
2020-07-01,0.25,24.91,75.17,18.2,4.51,0.68
2020-07-02,0.03,24.65,74.66,19.49,4.9,0.67
2020-07-03,0.33,24.68,76.25,19.05,5.51,0.67
2020-07-04,0.45,25.39,79.16,17.54,6.1,0.67
2020-07-05,0.36,25.51,76.02,18.86,7.05,0.66
2020-07-06,2.94,25.13,77.73,15.12,6.54,0.66
2020-07-07,1.18,25.29,77.36,15.87,5.96,0.66
2020-07-08,0.93,25.28,76.2,16.28,5.79,0.66
2020-07-09,0.5,25.45,75.17,18.12,5.28,0.66
2020-07-10,0.69,25.05,77.79,19.06,5.28,0.66
2020-07-11,0.14,25.27,75.46,17.78,4.84,0.65
2020-07-12,0.36,25.7,74.26,18.39,5.03,0.65
2020-07-13,1.55,25.34,79.34,17.99,5.44,0.65
2020-07-14,0.73,25.17,78.19,18.85,5.92,0.65
2020-07-15,0.01,24.58,70.8,19.94,5.56,0.64
2020-07-16,0.04,24.8,72.66,19.74,4.97,0.64
2020-07-17,0.01,25.6,73.91,17.73,3.64,0.64
2020-07-18,0.6,25.6,77.4,17.89,4.75,0.63
2020-07-19,0.59,25.87,73.97,17.02,4.45,0.63
2020-07-20,0.5,25.06,75.13,19.61,4.94,0.63
2020-07-21,0.05,24.98,72.19,20.16,4.23,0.62
2020-07-22,0.12,25.07,72.96,20.06,5.92,0.62
2020-07-23,0.01,24.78,68.55,20.37,5.9,0.62
2020-07-24,0.04,24.51,66.26,21.03,5.66,0.61
2020-07-25,0.02,24.49,63.64,20.75,5.21,0.61
2020-07-26,0.04,24.83,69.07,20.38,6.09,0.61
2020-07-27,0.18,25.03,70.56,19.56,5.99,0.61
2020-07-28,0.2,24.88,62.58,20.09,5.72,0.61
2020-07-29,0.17,24.85,63.93,18.14,4.61,0.61
2020-07-30,0.17,24.92,65.64,19.87,5.0,0.6
2020-07-31,0.14,24.85,64.38,20.55,5.14,0.6
2020-08-01,0.06,24.48,63.78,21.07,5.03,0.6
2020-08-02,0.58,24.54,70.24,21.62,4.84,0.6
2020-08-03,0.13,24.85,65.85,20.66,3.4,0.6
2020-08-04,0.13,25.28,64.21,20.41,3.4,0.6
2020-08-05,0.08,25.57,63.2,19.37,3.82,0.6
2020-08-06,0.09,25.54,61.54,21.28,3.66,0.6
2020-08-07,0.17,25.63,65.37,19.69,3.95,0.6
2020-08-08,0.25,25.74,66.64,19.13,4.52,0.6
2020-08-09,0.07,26.71,67.85,21.05,3.32,0.6
2020-08-10,1.33,27.23,69.77,21.64,2.15,0.6
2020-08-11,2.27,27.7,67.38,21.08,3.15,0.6
2020-08-12,2.7,27.7,67.13,21.21,3.05,0.6
2020-08-13,0.59,27.14,67.99,19.94,4.2,0.61
2020-08-14,3.2,26.74,71.35,18.43,4.76,0.61
2020-08-15,0.52,26.39,67.65,22.74,4.7,0.61
2020-08-16,0.24,26.59,68.35,21.86,3.65,0.61
2020-08-17,0.91,26.46,69.92,22.19,4.94,0.6
2020-08-18,0.74,26.27,67.97,22.19,5.68,0.6
2020-08-19,0.57,26.44,61.17,21.92,4.48,0.6
2020-08-20,0.01,26.19,63.47,23.34,4.04,0.6
2020-08-21,0.0,26.62,64.05,22.76,3.51,0.6
2020-08-22,0.01,26.74,65.05,23.44,4.89,0.6
2020-08-23,0.0,26.68,64.46,24.03,4.94,0.6
2020-08-24,0.0,26.42,64.58,23.74,4.68,0.6
2020-08-25,0.06,26.19,65.21,24.1,6.13,0.6
2020-08-26,0.09,25.95,64.35,24.22,6.88,0.6
2020-08-27,0.08,26.42,65.38,23.06,6.71,0.6
2020-08-28,0.01,27.04,61.47,23.63,6.69,0.6
2020-08-29,0.01,26.39,59.49,23.97,6.95,0.6
2020-08-30,0.01,26.13,61.21,23.76,5.89,0.6
2020-08-31,0.34,26.82,65.53,24.08,6.29,0.6
2020-09-01,0.61,27.44,66.38,20.81,4.11,0.6
2020-09-02,2.64,27.5,68.86,22.62,5.73,0.6
2020-09-03,0.85,27.47,67.55,23.59,5.82,0.6
2020-09-04,0.49,27.42,68.46,24.37,4.92,0.6
2020-09-05,0.34,27.28,68.32,23.88,4.72,0.6
2020-09-06,0.4,27.19,65.66,24.34,4.53,0.6
2020-09-07,0.57,26.68,69.18,23.51,5.34,0.6
2020-09-08,1.08,27.18,65.74,23.28,5.47,0.6
2020-09-09,0.25,27.18,64.36,23.61,5.37,0.6
2020-09-10,0.88,27.17,66.58,24.72,5.31,0.6
2020-09-11,0.39,26.98,64.51,24.8,5.69,0.6
2020-09-12,0.18,26.96,62.25,25.02,5.36,0.6
2020-09-13,0.06,26.98,60.89,25.45,5.75,0.6
2020-09-14,0.01,26.96,60.35,24.75,4.88,0.6
2020-09-15,0.13,26.89,61.83,24.39,5.12,0.6
2020-09-16,1.65,27.33,61.95,22.47,4.37,0.6
2020-09-17,0.41,27.83,60.1,24.41,3.0,0.6
2020-09-18,0.65,27.81,63.59,22.22,3.36,0.6
2020-09-19,2.85,28.26,63.76,22.82,3.52,0.6
2020-09-20,0.97,28.45,65.25,23.22,3.88,0.6
2020-09-21,1.5,28.53,67.14,19.77,4.67,0.6
2020-09-22,0.01,29.07,58.7,25.38,4.29,0.6
2020-09-23,0.02,28.6,61.74,24.72,4.78,0.6
2020-09-24,0.25,29.32,59.75,24.8,2.77,0.6
2020-09-25,0.36,29.22,58.24,24.36,3.73,0.6
2020-09-26,0.24,29.2,57.91,25.4,3.67,0.6
2020-09-27,0.5,28.87,60.02,23.53,4.44,0.6
2020-09-28,0.32,28.73,61.11,24.93,4.87,0.6
2020-09-29,2.8,28.22,63.64,23.75,4.94,0.6
2020-09-30,0.41,28.77,59.22,23.88,4.83,0.6
2020-10-01,1.36,28.87,62.25,25.13,4.78,0.6
2020-10-02,1.15,28.4,63.28,24.67,5.61,0.6
2020-10-03,0.45,28.64,63.4,24.94,4.29,0.6
2020-10-04,0.24,28.63,60.35,24.86,4.62,0.6
2020-10-05,0.16,28.57,59.0,23.43,3.91,0.6
2020-10-06,0.13,28.76,55.07,24.29,4.1,0.6
2020-10-07,0.06,28.56,56.39,25.55,3.46,0.6
2020-10-08,0.96,28.83,60.07,18.2,3.47,0.6
2020-10-09,6.89,27.53,75.18,16.86,5.11,0.61
2020-10-10,1.67,28.28,67.27,21.6,4.84,0.61
2020-10-11,1.25,28.47,65.19,25.31,5.3,0.61
2020-10-12,0.42,28.12,65.26,25.89,5.5,0.61
2020-10-13,0.29,28.5,64.86,25.56,5.27,0.61
2020-10-14,0.4,28.99,63.98,25.33,5.05,0.6
2020-10-15,0.56,28.99,62.67,26.06,3.88,0.6
2020-10-16,0.92,29.03,59.98,25.05,1.65,0.6
2020-10-17,0.44,29.45,55.41,26.41,1.98,0.6
2020-10-18,2.85,29.18,57.86,24.37,2.05,0.6
2020-10-19,6.64,29.04,61.84,18.45,2.94,0.61
2020-10-20,1.98,29.05,63.66,23.8,2.99,0.61
2020-10-21,0.15,29.29,61.69,25.48,2.38,0.61
2020-10-22,0.52,29.33,60.23,25.7,2.91,0.61
2020-10-23,0.62,29.38,60.48,25.2,2.98,0.61
2020-10-24,2.72,29.58,62.69,24.84,2.89,0.61
2020-10-25,1.71,30.1,59.83,25.03,1.84,0.61
2020-10-26,0.62,29.92,60.43,24.12,2.33,0.61
2020-10-27,3.11,29.34,62.86,22.39,2.94,0.61
2020-10-28,2.1,28.7,64.24,22.29,3.68,0.61
2020-10-29,3.2,28.21,69.96,21.21,3.83,0.61
2020-10-30,2.33,27.84,71.49,21.11,2.13,0.62
2020-10-31,4.51,27.47,69.29,12.96,2.57,0.62
2020-11-01,2.26,28.11,64.7,20.91,1.85,0.62
2020-11-02,3.44,28.46,67.05,22.91,2.59,0.62
2020-11-03,2.05,28.99,66.72,21.85,3.25,0.62
2020-11-04,1.79,29.15,67.55,23.89,3.02,0.62
2020-11-05,0.82,29.17,66.34,26.54,2.74,0.62
2020-11-06,0.96,29.94,59.38,26.48,1.13,0.61
2020-11-07,2.49,30.52,56.02,25.65,2.13,0.61
2020-11-08,0.13,30.62,55.27,26.68,1.84,0.61
2020-11-09,0.77,30.61,55.5,24.57,3.29,0.61
2020-11-10,0.93,29.63,60.76,21.95,3.65,0.61
2020-11-11,4.06,28.67,69.72,23.24,2.87,0.61
2020-11-12,2.44,28.58,73.19,23.11,2.96,0.62
2020-11-13,0.5,29.48,66.31,26.28,2.08,0.61
2020-11-14,2.0,29.35,65.25,25.85,1.99,0.61
2020-11-15,2.01,29.83,60.02,23.6,2.2,0.61
2020-11-16,0.1,30.01,57.7,27.04,3.84,0.61
2020-11-17,0.54,29.54,63.27,25.83,4.13,0.61
2020-11-18,2.61,29.95,64.65,25.76,3.84,0.61
2020-11-19,1.81,29.6,64.42,25.78,3.5,0.61
2020-11-20,3.5,29.19,67.67,22.1,3.18,0.61
2020-11-21,0.96,29.46,65.92,24.99,2.72,0.61
2020-11-22,3.67,29.38,63.85,20.41,1.26,0.61
2020-11-23,5.75,28.56,69.44,22.88,0.82,0.62
2020-11-24,3.94,28.27,72.04,21.74,1.46,0.62
2020-11-25,5.17,28.81,69.27,23.28,1.35,0.63
2020-11-26,4.25,28.69,69.81,22.11,1.84,0.63
2020-11-27,3.08,28.05,74.4,23.91,1.63,0.63
2020-11-28,6.39,28.35,72.32,23.68,1.53,0.64
2020-11-29,5.33,28.93,66.13,24.26,1.74,0.64
2020-11-30,11.13,28.52,68.43,22.96,1.4,0.66
2020-12-01,3.69,29.29,63.06,19.21,1.17,0.66
2020-12-02,8.97,28.8,66.88,17.65,0.89,0.67
2020-12-03,5.21,28.12,73.84,21.62,1.52,0.67
2020-12-04,7.22,27.79,76.17,16.09,2.11,0.68
2020-12-05,12.89,26.38,86.27,21.42,2.98,0.69
2020-12-06,33.17,26.34,84.72,18.16,3.17,0.74
2020-12-07,6.97,26.55,82.19,22.01,2.72,0.76
2020-12-08,11.61,27.07,82.75,19.25,4.62,0.77
2020-12-09,10.01,26.87,84.79,16.71,4.8,0.79
2020-12-10,7.79,26.86,84.9,21.31,4.27,0.79
2020-12-11,8.88,27.25,84.06,23.58,4.46,0.8
2020-12-12,21.34,26.82,85.49,16.54,3.04,0.82
2020-12-13,13.43,26.15,84.88,22.35,2.44,0.85
2020-12-14,9.09,26.22,83.08,21.42,1.68,0.85
2020-12-15,22.7,26.4,80.59,21.92,3.83,0.88
2020-12-16,1.47,26.65,79.82,21.85,4.55,0.87
2020-12-17,1.43,27.0,79.24,23.02,3.62,0.87
2020-12-18,8.01,26.73,79.45,22.76,3.72,0.87
2020-12-19,0.27,26.82,77.73,18.78,4.65,0.87
2020-12-20,5.28,26.72,81.49,15.36,5.17,0.86
2020-12-21,5.3,26.97,81.75,19.73,5.25,0.87
2020-12-22,3.56,27.03,81.31,15.96,5.01,0.87
2020-12-23,3.0,27.24,80.96,18.72,3.2,0.86
2020-12-24,3.19,26.24,79.82,20.23,1.83,0.86
2020-12-25,0.51,27.43,70.51,23.67,1.81,0.86
2020-12-26,0.32,27.57,70.71,23.14,2.28,0.85
2020-12-27,0.6,27.87,69.08,23.95,1.81,0.84
2020-12-28,1.78,28.0,70.81,23.3,2.04,0.83
2020-12-29,8.08,26.7,80.56,21.23,2.23,0.83
2020-12-30,1.32,27.09,76.63,23.01,2.31,0.84
2020-12-31,5.19,26.83,80.95,22.55,1.92,0.83
2021-01-01,28.71,26.25,82.78,24.06,1.97,0.86
2021-01-02,2.93,27.67,74.38,21.88,1.66,0.86
2021-01-03,2.7,27.85,75.37,23.43,2.16,0.86
2021-01-04,15.48,26.49,84.76,23.42,2.77,0.87
2021-01-05,7.15,26.57,84.67,19.54,2.55,0.88
2021-01-06,13.11,26.1,86.83,19.39,2.65,0.89
2021-01-07,73.72,25.6,89.7,18.83,3.57,0.92
2021-01-08,10.48,26.1,85.4,18.86,1.92,0.94
2021-01-09,12.66,26.96,79.83,22.96,0.94,0.95
2021-01-10,5.47,27.3,79.27,25.19,1.3,0.96
2021-01-11,5.31,27.49,79.8,19.27,0.95,0.95
2021-01-12,5.39,27.47,81.49,24.49,1.93,0.96
2021-01-13,1.35,29.04,71.05,23.14,0.91,0.95
2021-01-14,5.72,27.93,78.28,19.88,1.51,0.95
2021-01-15,4.12,27.23,80.71,11.59,1.85,0.95
2021-01-16,12.99,26.32,83.71,18.72,2.82,0.95
2021-01-17,55.74,26.05,82.9,16.43,2.42,0.96
2021-01-18,26.44,26.19,83.53,19.99,2.83,0.98
2021-01-19,11.57,25.16,86.39,14.14,3.37,0.99
2021-01-20,3.25,25.46,87.43,17.42,5.44,0.99
2021-01-21,2.04,26.35,85.39,22.6,4.67,0.98
2021-01-22,6.73,26.48,84.97,22.42,4.02,0.98
2021-01-23,7.36,25.85,88.54,20.57,4.27,0.98
2021-01-24,19.32,25.61,86.13,13.39,2.26,0.98
2021-01-25,14.21,25.73,83.29,14.5,3.61,1.0
2021-01-26,3.38,26.08,84.2,21.14,4.39,0.99
2021-01-27,9.39,26.02,87.26,19.59,4.56,0.99
2021-01-28,10.73,25.82,88.21,13.2,5.57,0.99
2021-01-29,16.08,26.08,87.86,16.32,5.92,1.0
2021-01-30,82.09,25.46,88.4,12.34,5.26,1.0
2021-01-31,17.98,25.77,89.34,16.91,6.41,1.0
2021-02-01,2.85,26.23,86.46,18.65,5.58,1.0
2021-02-02,17.52,26.31,86.43,19.57,3.77,1.0
2021-02-03,14.96,25.81,90.42,10.83,5.58,1.0
2021-02-04,8.22,25.68,83.62,10.36,5.73,1.0
2021-02-05,6.38,25.6,88.13,11.62,4.14,1.0
2021-02-06,6.51,25.64,87.47,14.68,4.09,1.0
2021-02-07,8.27,26.05,86.37,20.81,2.71,1.0
2021-02-08,4.61,26.05,85.27,17.8,3.09,1.0
2021-02-09,2.18,25.75,87.45,16.81,3.56,0.99
2021-02-10,3.6,25.9,86.99,19.77,2.82,0.99
2021-02-11,1.28,26.07,87.69,19.58,2.57,0.99
2021-02-12,8.63,26.38,84.49,21.84,2.16,0.99
2021-02-13,2.95,26.07,83.2,20.97,3.19,0.99
2021-02-14,1.85,26.23,81.82,22.61,3.56,0.98
2021-02-15,0.77,26.18,82.93,21.63,4.18,0.98
2021-02-16,0.7,26.4,81.54,21.0,3.6,0.97
2021-02-17,4.87,26.61,82.92,24.04,4.04,0.97
2021-02-18,5.27,26.57,81.32,19.51,4.81,0.97
2021-02-19,9.84,25.95,84.81,20.05,4.14,0.97
2021-02-20,10.19,26.14,82.85,19.18,4.03,0.97
2021-02-21,6.77,26.24,83.44,22.64,5.0,0.97
2021-02-22,5.27,26.15,85.15,21.44,4.0,0.97
2021-02-23,10.6,25.54,86.8,23.15,3.26,0.97
2021-02-24,12.99,25.16,88.53,15.43,3.75,0.98
2021-02-25,11.42,25.88,85.52,12.86,3.12,0.99
2021-02-26,3.27,26.45,82.06,18.13,2.41,0.98
2021-02-27,10.0,26.04,84.96,17.89,3.74,0.98
2021-02-28,3.26,26.99,76.59,23.87,1.81,0.98
2021-03-01,1.95,26.41,78.56,20.34,1.21,0.98
2021-03-02,5.55,26.16,80.99,24.12,1.87,0.98
2021-03-03,3.45,25.87,83.27,23.95,2.65,0.98
2021-03-04,0.56,26.21,82.09,20.72,2.74,0.97
2021-03-05,3.56,25.73,86.56,24.19,3.16,0.97
2021-03-06,1.69,26.06,84.73,24.05,2.8,0.97
2021-03-07,10.47,26.29,82.92,22.53,1.88,0.97
2021-03-08,7.32,25.92,86.37,24.12,3.1,0.97
2021-03-09,9.02,26.16,84.04,17.79,2.08,0.97
2021-03-10,34.49,25.69,80.42,19.42,1.6,0.98
2021-03-11,11.14,26.02,79.46,22.06,2.08,0.99
2021-03-12,4.35,25.95,80.86,21.62,2.09,0.99
2021-03-13,9.05,26.22,82.18,18.86,1.54,0.99
2021-03-14,12.73,26.2,84.38,19.31,1.69,0.99
2021-03-15,14.28,26.52,79.85,22.24,1.8,1.0
2021-03-16,12.31,26.03,83.37,17.87,1.27,1.0
2021-03-17,4.08,26.98,75.03,21.64,1.81,0.99
2021-03-18,1.64,27.08,73.2,22.51,1.47,0.99
2021-03-19,6.44,26.15,85.37,21.14,2.9,0.99
2021-03-20,13.09,26.21,86.54,20.83,4.92,0.99
2021-03-21,7.3,26.56,85.6,19.83,4.24,0.99
2021-03-22,4.92,26.07,83.82,18.39,2.14,0.99
2021-03-23,5.55,26.7,83.24,20.37,1.9,0.99
2021-03-24,2.98,27.33,77.96,22.63,1.54,0.99
2021-03-25,2.27,27.58,75.21,23.54,0.99,0.98
2021-03-26,8.37,27.43,78.74,23.52,2.16,0.98
2021-03-27,4.86,27.26,80.29,14.47,2.46,0.98
2021-03-28,8.82,26.83,83.8,18.95,2.96,0.98
2021-03-29,11.78,26.08,86.59,15.79,3.61,0.99
2021-03-30,13.99,26.5,85.72,13.55,5.19,0.99
2021-03-31,13.9,25.96,87.13,17.59,4.89,0.99
2021-04-01,52.62,26.43,84.05,9.76,2.92,1.0
2021-04-02,82.02,25.52,86.82,12.98,3.3,1.0
2021-04-03,8.22,25.94,88.67,5.81,5.99,1.0
2021-04-04,30.36,25.91,89.46,4.28,7.03,1.0
2021-04-05,18.36,25.26,89.54,2.27,7.55,1.0
2021-04-06,1.68,25.88,85.66,14.53,8.46,1.0
2021-04-07,15.99,25.72,89.13,15.9,4.61,1.0
2021-04-08,2.86,25.75,86.79,20.9,3.14,1.0
2021-04-09,9.16,27.05,77.13,20.53,1.23,1.0
2021-04-10,1.66,27.09,76.86,22.75,2.39,0.99
2021-04-11,0.26,27.02,78.15,23.5,2.45,0.99
2021-04-12,0.06,27.65,71.17,23.95,1.03,0.98
2021-04-13,0.63,27.15,74.84,21.96,2.26,0.97
2021-04-14,1.12,26.61,77.6,23.44,2.68,0.97
2021-04-15,0.22,26.49,75.04,23.89,2.42,0.96
2021-04-16,0.02,26.23,76.35,23.88,2.72,0.95
2021-04-17,2.11,26.48,80.59,22.53,4.24,0.95
2021-04-18,2.51,26.84,78.01,20.23,3.44,0.94
2021-04-19,0.02,26.59,73.42,22.14,3.36,0.93
2021-04-20,0.01,25.61,70.06,23.33,2.3,0.92
2021-04-21,0.03,25.53,65.48,21.93,1.79,0.91
2021-04-22,0.06,25.84,73.39,22.73,2.01,0.9
2021-04-23,0.03,26.31,74.93,22.46,1.94,0.9
2021-04-24,0.23,26.36,77.31,22.23,2.75,0.89
2021-04-25,1.1,26.36,79.3,20.28,4.0,0.88
2021-04-26,0.03,26.32,72.13,22.68,4.18,0.87
2021-04-27,0.0,25.53,69.93,23.29,3.17,0.86
2021-04-28,0.0,25.68,68.41,23.74,1.87,0.86
2021-04-29,0.0,25.84,69.46,23.29,2.12,0.85
2021-04-30,0.69,26.16,81.95,21.5,3.02,0.84
2021-05-01,4.38,26.38,84.35,18.65,4.23,0.84
2021-05-02,0.77,26.1,78.9,21.35,4.89,0.84
2021-05-03,0.2,25.92,74.72,21.93,4.95,0.83
2021-05-04,0.44,26.17,76.86,20.98,4.01,0.83
2021-05-05,0.6,26.53,78.04,20.06,4.35,0.82
2021-05-06,0.15,26.19,75.66,19.88,4.55,0.81
2021-05-07,2.58,26.54,75.62,18.94,3.44,0.81
2021-05-08,0.84,26.29,74.53,16.09,3.38,0.8
2021-05-09,1.09,26.0,75.81,19.93,3.91,0.8
2021-05-10,0.69,25.77,74.75,21.6,4.37,0.79
2021-05-11,0.1,25.52,73.48,21.87,5.62,0.79
2021-05-12,0.29,25.63,75.14,21.79,4.46,0.78
2021-05-13,0.99,26.22,77.46,19.99,5.33,0.78
2021-05-14,0.18,26.31,75.74,19.3,5.36,0.77
2021-05-15,0.21,26.12,74.72,19.66,5.4,0.76
2021-05-16,0.15,26.11,74.21,18.51,5.57,0.76
2021-05-17,0.55,26.07,76.24,19.46,4.84,0.75
2021-05-18,1.91,25.48,79.49,11.09,4.55,0.75
2021-05-19,1.86,26.28,78.55,18.75,3.53,0.75
2021-05-20,3.1,26.26,79.61,19.43,4.07,0.75
2021-05-21,0.26,26.44,75.47,19.65,3.64,0.75
2021-05-22,0.53,26.31,77.94,17.13,3.4,0.74
2021-05-23,0.17,26.45,75.42,19.23,2.74,0.74
2021-05-24,0.34,26.5,77.74,19.25,3.44,0.73
2021-05-25,0.12,26.26,75.76,18.73,3.49,0.73
2021-05-26,0.4,26.42,80.49,18.42,4.74,0.72
2021-05-27,0.6,26.28,80.03,18.43,5.73,0.72
2021-05-28,0.45,26.01,77.04,19.33,5.6,0.72
2021-05-29,0.73,26.4,77.97,16.11,4.27,0.71
2021-05-30,0.07,26.29,74.57,18.86,2.25,0.71
2021-05-31,0.16,26.32,74.98,19.49,2.01,0.7
2021-06-01,0.32,26.27,77.45,18.5,2.38,0.7
2021-06-02,0.08,26.24,76.96,19.75,3.33,0.7
2021-06-03,0.3,26.76,78.28,19.19,3.95,0.69
2021-06-04,0.11,26.66,77.33,19.8,4.18,0.69
2021-06-05,0.29,26.65,78.26,19.15,4.02,0.68
2021-06-06,0.9,26.44,78.94,17.92,4.45,0.68
2021-06-07,1.62,26.43,74.27,18.49,4.44,0.68
2021-06-08,0.42,26.0,73.59,18.97,5.03,0.68
2021-06-09,0.03,26.24,70.17,19.93,4.12,0.67
2021-06-10,0.03,25.8,73.98,19.36,4.0,0.67
2021-06-11,0.34,26.14,74.99,19.01,3.73,0.66
2021-06-12,0.46,26.37,76.25,18.52,4.11,0.66
2021-06-13,0.41,26.45,76.48,16.58,4.17,0.66
2021-06-14,0.44,26.6,76.3,18.02,3.69,0.65
2021-06-15,0.3,26.28,75.82,18.33,2.78,0.65
2021-06-16,0.08,25.43,74.82,19.67,3.22,0.65
2021-06-17,0.03,25.4,73.55,19.68,4.03,0.65
2021-06-18,0.13,25.95,74.15,18.16,4.1,0.64
2021-06-19,0.85,26.16,77.32,14.64,4.0,0.64
2021-06-20,5.88,25.9,79.35,17.9,3.88,0.64
2021-06-21,4.09,26.29,78.31,17.8,3.68,0.65
2021-06-22,0.31,26.72,74.02,17.75,1.45,0.65
2021-06-23,0.8,26.79,74.35,17.56,3.32,0.65
2021-06-24,1.99,26.65,76.84,15.31,3.31,0.64
2021-06-25,4.92,26.22,82.18,13.28,3.87,0.65
2021-06-26,3.23,26.52,80.38,16.34,4.08,0.65
2021-06-27,3.18,26.17,82.35,17.97,3.96,0.66
2021-06-28,0.87,26.08,79.23,17.64,5.36,0.66
2021-06-29,0.04,25.46,76.14,19.49,5.26,0.65
2021-06-30,0.08,25.56,73.42,19.33,5.17,0.65
2021-07-01,0.73,25.71,74.96,17.35,5.36,0.65
2021-07-02,0.4,25.64,73.56,19.33,5.08,0.64
2021-07-03,0.54,25.56,72.1,19.5,5.72,0.64
2021-07-04,0.38,24.89,67.56,18.8,5.11,0.64
2021-07-05,0.07,24.52,69.75,18.24,4.36,0.63
2021-07-06,0.16,24.97,76.21,18.15,3.93,0.63
2021-07-07,1.01,25.89,76.73,13.17,4.03,0.63
2021-07-08,0.65,26.01,73.91,13.9,4.81,0.62
2021-07-09,1.75,25.88,76.16,14.89,3.94,0.62
2021-07-10,0.77,26.15,78.28,19.34,4.14,0.62
2021-07-11,0.07,25.69,77.79,18.77,4.85,0.62
2021-07-12,0.14,25.6,73.73,20.03,5.03,0.62
2021-07-13,0.02,25.55,69.11,20.48,5.14,0.62
2021-07-14,0.11,25.51,67.81,20.36,5.34,0.61
2021-07-15,0.5,25.76,63.62,17.49,4.83,0.61
2021-07-16,0.13,25.44,68.75,19.78,4.01,0.61
2021-07-17,0.09,26.13,64.97,17.81,2.92,0.61
2021-07-18,0.15,25.85,69.32,20.27,4.34,0.61
2021-07-19,0.78,26.17,71.98,19.24,3.91,0.61
2021-07-20,0.39,25.97,72.48,20.09,3.85,0.61
2021-07-21,1.13,26.31,71.1,19.04,4.15,0.61
2021-07-22,0.18,26.06,71.53,19.58,3.96,0.61
2021-07-23,0.01,26.12,66.52,20.24,3.64,0.6
2021-07-24,0.0,25.55,67.0,21.53,4.1,0.6
2021-07-25,0.0,26.08,61.62,21.29,2.73,0.6
2021-07-26,0.02,25.85,63.76,20.9,1.99,0.6
2021-07-27,0.05,26.45,67.51,20.76,4.04,0.6
2021-07-28,0.16,26.8,69.71,19.3,4.8,0.6
2021-07-29,0.14,26.97,66.56,20.19,5.44,0.6
2021-07-30,0.34,26.9,66.49,19.99,4.29,0.6
2021-07-31,0.71,27.04,64.3,19.33,4.05,0.6
2021-08-01,1.03,26.98,67.81,18.23,5.01,0.6
2021-08-02,1.24,27.0,70.44,16.05,5.06,0.6
2021-08-03,0.2,27.18,69.17,19.83,5.56,0.6
2021-08-04,0.24,27.12,69.34,19.31,5.47,0.6
2021-08-05,0.28,26.71,69.02,19.74,5.53,0.6
2021-08-06,2.15,26.6,68.07,16.84,6.08,0.6
2021-08-07,0.03,26.34,66.42,20.22,6.54,0.6
2021-08-08,0.08,26.08,68.91,20.65,5.69,0.6
2021-08-09,0.17,26.15,63.39,20.91,4.59,0.6
2021-08-10,0.4,26.64,62.7,21.05,3.89,0.6
2021-08-11,0.59,26.75,67.52,20.69,5.57,0.6
2021-08-12,1.69,27.34,69.91,20.69,6.3,0.6
2021-08-13,1.61,27.13,70.38,22.01,5.58,0.6
2021-08-14,0.45,27.1,67.71,22.52,5.6,0.6
2021-08-15,0.46,26.55,68.45,22.07,5.98,0.6
2021-08-16,2.95,26.88,70.35,21.35,6.04,0.61
2021-08-17,2.12,26.55,69.12,18.47,6.22,0.61
2021-08-18,0.39,26.49,67.1,21.77,5.17,0.61
2021-08-19,0.16,26.87,64.27,21.99,4.34,0.6
2021-08-20,1.12,26.91,67.05,21.75,3.8,0.6
2021-08-21,1.36,26.91,69.86,22.09,4.95,0.6
2021-08-22,0.22,26.74,66.28,21.92,4.92,0.6
2021-08-23,0.07,26.58,62.52,23.15,4.34,0.6
2021-08-24,0.01,27.17,59.94,23.45,2.54,0.6
2021-08-25,0.02,27.22,59.08,23.16,3.09,0.6
2021-08-26,0.52,27.5,62.76,22.76,3.94,0.6
2021-08-27,1.16,27.56,63.5,18.89,4.81,0.6
2021-08-28,1.29,27.44,64.68,19.36,4.84,0.6
2021-08-29,0.23,27.61,63.91,23.07,5.4,0.6
2021-08-30,0.14,27.39,61.76,23.48,5.08,0.6
2021-08-31,0.0,27.39,59.29,24.17,3.57,0.6
2021-09-01,0.04,27.42,60.34,23.66,3.6,0.6
2021-09-02,1.01,27.67,65.35,22.64,3.8,0.6
2021-09-03,0.81,27.81,65.94,19.71,4.22,0.6
2021-09-04,0.44,27.8,64.28,21.01,4.3,0.6
2021-09-05,0.04,28.25,61.69,21.22,3.89,0.6
2021-09-06,0.57,28.07,65.84,22.41,4.53,0.6
2021-09-07,2.06,27.16,67.56,22.22,7.54,0.6
2021-09-08,0.47,26.79,63.64,22.01,7.7,0.6
2021-09-09,0.84,27.28,66.29,21.96,6.85,0.6
2021-09-10,4.35,27.07,70.32,16.02,6.11,0.61
2021-09-11,1.78,27.38,68.72,19.38,5.06,0.61
2021-09-12,1.7,27.57,67.13,19.92,2.67,0.61
2021-09-13,4.14,27.58,68.7,22.77,3.72,0.61
2021-09-14,0.28,27.89,67.45,24.29,4.0,0.61
2021-09-15,0.68,28.3,65.49,22.57,3.55,0.61
2021-09-16,2.94,28.31,64.29,24.02,4.37,0.61
2021-09-17,1.35,27.92,65.44,23.33,5.18,0.61
2021-09-18,0.03,27.42,64.49,24.17,5.91,0.61
2021-09-19,0.05,27.4,64.24,23.93,4.63,0.6
2021-09-20,6.5,26.84,68.7,17.89,5.1,0.61
2021-09-21,0.36,27.06,71.24,23.45,4.5,0.61
2021-09-22,1.07,27.09,69.86,22.49,4.49,0.61
2021-09-23,0.68,27.42,66.05,21.94,5.55,0.61
2021-09-24,1.85,27.63,59.64,20.02,4.08,0.61
2021-09-25,1.07,27.56,59.67,23.81,3.47,0.61
2021-09-26,0.27,27.7,62.1,23.42,3.54,0.61
2021-09-27,0.18,28.3,62.78,22.53,4.06,0.6
2021-09-28,2.78,28.47,63.58,21.53,4.25,0.6
2021-09-29,0.17,28.23,62.95,25.28,3.54,0.6
2021-09-30,0.25,28.49,63.21,25.52,3.05,0.6
2021-10-01,1.1,29.03,59.31,26.07,2.53,0.6
2021-10-02,2.28,28.76,60.38,24.87,1.67,0.6
2021-10-03,0.81,28.43,61.82,22.2,3.25,0.6
2021-10-04,0.32,28.5,59.09,24.45,2.96,0.6
2021-10-05,0.95,28.16,62.4,24.43,3.09,0.6
2021-10-06,1.3,27.97,62.75,22.46,3.19,0.6
2021-10-07,0.48,28.42,62.46,25.66,3.37,0.6
2021-10-08,0.42,29.22,60.24,25.06,3.09,0.6
2021-10-09,0.43,29.35,60.69,24.91,3.66,0.6
2021-10-10,0.06,29.71,55.81,26.15,2.79,0.6
2021-10-11,0.01,29.37,55.0,26.97,2.64,0.6
2021-10-12,0.0,29.54,53.49,26.78,3.09,0.6
2021-10-13,0.01,29.96,52.55,26.12,3.25,0.6
2021-10-14,1.3,29.94,52.07,20.98,2.35,0.6
2021-10-15,3.8,28.51,62.13,19.53,1.7,0.6
2021-10-16,1.64,29.14,65.16,25.1,1.68,0.61
2021-10-17,6.85,28.9,69.34,19.33,2.59,0.61
2021-10-18,1.23,28.43,71.63,24.63,3.29,0.61
2021-10-19,0.99,29.33,67.38,25.33,2.08,0.61
2021-10-20,0.44,29.52,64.44,21.84,4.12,0.61
2021-10-21,0.41,29.56,61.63,25.74,2.58,0.6
2021-10-22,0.52,29.33,61.98,25.15,3.0,0.6
2021-10-23,0.19,30.12,58.46,24.03,2.03,0.6
2021-10-24,0.68,29.71,61.64,25.36,1.46,0.6
2021-10-25,2.67,29.26,64.58,23.46,1.68,0.6
2021-10-26,3.7,27.94,70.45,23.53,2.39,0.61
2021-10-27,3.64,28.08,74.45,22.7,1.78,0.61
2021-10-28,1.56,28.59,72.46,23.78,3.12,0.61
2021-10-29,1.57,29.02,68.85,23.31,2.89,0.61
2021-10-30,4.18,28.1,72.59,21.87,1.61,0.61
2021-10-31,14.97,26.95,79.87,21.21,1.43,0.63
2021-11-01,3.22,27.27,78.84,21.17,1.31,0.64
2021-11-02,1.76,28.61,70.43,24.18,2.8,0.64
2021-11-03,5.57,27.96,76.16,11.55,3.33,0.64
2021-11-04,5.22,27.22,78.07,22.78,2.43,0.65
2021-11-05,5.59,28.29,71.8,23.69,1.59,0.66
2021-11-06,2.52,28.56,71.92,19.87,1.61,0.66
2021-11-07,3.95,28.33,73.16,23.04,1.95,0.66
2021-11-08,2.38,28.44,74.04,22.76,1.32,0.66
2021-11-09,3.32,28.19,75.65,21.58,2.25,0.66
2021-11-10,7.01,28.32,72.11,21.44,2.48,0.67
2021-11-11,11.87,28.53,73.25,21.01,1.05,0.67
2021-11-12,20.76,26.44,85.36,15.37,3.14,0.7
2021-11-13,8.79,27.71,74.38,13.75,2.19,0.72
2021-11-14,17.78,27.6,74.33,19.7,1.72,0.74
2021-11-15,3.63,27.79,73.26,23.37,1.5,0.75
2021-11-16,6.49,27.09,74.04,20.0,1.27,0.75
2021-11-17,0.87,27.62,73.01,24.07,2.99,0.75
2021-11-18,6.04,27.82,74.77,23.55,3.16,0.75
2021-11-19,6.03,27.93,74.68,22.38,2.92,0.75
2021-11-20,16.27,26.98,83.7,23.0,2.36,0.77
2021-11-21,5.36,26.92,76.21,19.15,1.82,0.78
2021-11-22,1.07,28.51,71.15,24.34,1.25,0.78
2021-11-23,2.08,28.65,71.38,23.8,0.84,0.77
2021-11-24,2.24,28.59,71.48,23.76,1.3,0.77
2021-11-25,1.63,28.2,72.87,20.0,1.4,0.77
2021-11-26,9.76,27.46,79.19,20.03,1.44,0.77
2021-11-27,4.21,27.44,77.28,20.98,1.2,0.78
2021-11-28,10.69,27.69,70.16,21.13,1.21,0.79
2021-11-29,3.54,27.48,72.9,11.49,1.8,0.79
2021-11-30,7.59,27.92,71.56,16.59,1.75,0.79
2021-12-01,12.03,27.45,74.3,17.74,2.07,0.8
2021-12-02,4.75,27.64,76.29,23.69,1.18,0.81
2021-12-03,1.39,28.7,71.92,21.46,1.51,0.8
2021-12-04,4.52,27.97,77.0,21.88,2.13,0.8
2021-12-05,17.87,27.61,76.36,18.03,2.12,0.8
2021-12-06,20.18,27.41,78.76,20.09,2.87,0.84
2021-12-07,3.04,27.1,80.2,16.47,3.85,0.84
2021-12-08,1.72,27.57,78.18,19.52,3.58,0.84
2021-12-09,1.05,27.16,79.62,22.4,3.27,0.83
2021-12-10,1.72,27.56,78.36,22.67,2.19,0.83
2021-12-11,6.74,27.39,80.49,22.83,1.81,0.83
2021-12-12,7.88,27.09,82.71,21.77,2.48,0.84
2021-12-13,8.58,27.69,79.79,21.87,2.13,0.85
2021-12-14,2.13,28.35,76.0,26.54,1.36,0.85
2021-12-15,0.86,28.41,74.94,24.35,1.43,0.84
2021-12-16,0.16,29.56,68.82,25.49,1.11,0.83
2021-12-17,0.19,29.61,68.99,26.82,1.69,0.82
2021-12-18,5.8,29.17,73.81,20.37,1.66,0.81
2021-12-19,6.94,28.2,78.09,22.99,1.33,0.82
2021-12-20,8.67,27.98,79.78,21.68,1.56,0.83
2021-12-21,7.0,26.93,85.53,21.38,3.2,0.83
2021-12-22,18.71,27.01,81.25,20.72,4.01,0.85
2021-12-23,9.55,26.44,83.43,13.97,3.39,0.86
2021-12-24,18.19,27.1,81.14,22.53,3.22,0.89
2021-12-25,3.89,26.6,79.87,8.64,3.95,0.89
2021-12-26,2.89,27.03,78.64,18.62,4.89,0.89
2021-12-27,13.13,26.96,79.88,11.77,4.43,0.89
2021-12-28,7.11,26.74,83.23,21.08,4.36,0.9
2021-12-29,9.21,26.71,83.95,19.98,3.69,0.9
2021-12-30,5.67,26.55,85.42,21.42,3.61,0.91
2021-12-31,10.53,26.29,85.01,20.18,3.19,0.91
2022-01-01,7.95,26.06,84.94,20.27,3.27,0.92
2022-01-02,5.02,26.63,81.09,20.15,2.26,0.92
2022-01-03,6.38,26.41,84.39,21.53,2.98,0.92
2022-01-04,13.79,25.93,84.54,14.65,1.78,0.93
2022-01-05,23.8,25.44,87.55,8.7,4.14,0.95
2022-01-06,10.59,25.69,83.45,22.18,3.02,0.96
2022-01-07,0.92,25.93,80.96,24.17,2.13,0.96
2022-01-08,3.4,26.23,81.75,22.2,1.87,0.95
2022-01-09,7.1,26.63,81.25,20.07,1.54,0.95
2022-01-10,9.39,26.08,85.17,23.19,2.07,0.96
2022-01-11,4.47,26.87,79.21,22.73,2.12,0.96
2022-01-12,3.08,27.11,80.67,24.95,2.6,0.96
2022-01-13,5.92,26.71,85.33,16.53,3.63,0.95
2022-01-14,19.15,25.96,88.14,18.84,4.82,0.97
2022-01-15,4.89,26.02,84.19,18.94,4.6,0.97
2022-01-16,13.22,26.21,87.14,17.72,4.68,0.97
2022-01-17,22.18,25.97,87.56,16.54,3.92,0.99
2022-01-18,5.32,25.9,82.07,12.84,3.4,0.99
2022-01-19,2.72,25.62,79.18,9.83,4.13,0.98
2022-01-20,2.12,25.99,81.25,16.5,4.75,0.98
2022-01-21,0.55,26.39,78.04,21.37,4.15,0.97
2022-01-22,0.82,26.46,80.7,18.5,5.22,0.96
2022-01-23,0.55,26.61,81.43,23.31,5.05,0.96
2022-01-24,0.43,26.93,79.84,25.57,4.52,0.95
2022-01-25,3.04,26.95,82.71,22.55,4.16,0.94
2022-01-26,6.04,27.06,84.0,21.06,4.59,0.94
2022-01-27,8.4,26.71,85.43,19.02,5.08,0.94
2022-01-28,0.52,26.47,82.3,17.35,4.07,0.94
2022-01-29,5.98,25.93,84.63,20.81,3.76,0.94
2022-01-30,2.99,26.19,82.71,20.53,5.07,0.94
2022-01-31,4.16,26.4,84.36,20.2,5.03,0.93
2022-02-01,4.85,26.77,84.3,23.9,5.11,0.93
2022-02-02,4.74,27.14,82.38,24.22,4.04,0.93
2022-02-03,7.25,27.09,82.05,18.2,5.88,0.93
2022-02-04,6.59,26.75,84.13,16.59,5.57,0.93
2022-02-05,4.29,26.31,87.15,22.03,4.41,0.93
2022-02-06,2.22,26.65,84.25,23.61,3.41,0.93
2022-02-07,1.96,26.69,84.8,23.48,3.28,0.93
2022-02-08,8.85,26.29,84.86,20.03,2.95,0.93
2022-02-09,27.12,26.54,81.99,15.62,2.21,0.95
2022-02-10,5.79,25.76,86.61,18.72,2.72,0.95
2022-02-11,10.17,26.08,82.72,18.98,1.49,0.96
2022-02-12,2.14,25.47,86.75,8.81,2.1,0.96
2022-02-13,7.72,26.56,81.13,22.77,1.35,0.96
2022-02-14,2.47,27.08,77.67,25.1,0.88,0.96
2022-02-15,4.58,26.48,84.72,25.77,3.34,0.96
2022-02-16,4.41,27.02,78.96,24.5,2.47,0.96
2022-02-17,2.89,27.69,76.17,25.49,1.65,0.95
2022-02-18,1.8,28.24,72.06,25.49,1.35,0.94
2022-02-19,3.38,27.71,77.36,19.02,1.95,0.94
2022-02-20,9.93,26.93,80.81,20.55,2.92,0.94
2022-02-21,10.78,25.97,84.21,7.31,3.79,0.94
2022-02-22,26.36,25.08,85.14,16.07,3.35,0.97
2022-02-23,22.02,24.48,84.58,7.0,3.68,0.99
2022-02-24,6.25,25.01,79.77,18.93,2.94,0.99
2022-02-25,12.68,26.03,82.1,18.33,3.38,0.99
2022-02-26,15.86,25.58,85.15,19.61,4.17,0.99
2022-02-27,12.25,25.56,84.05,20.35,4.29,0.99
2022-02-28,15.8,26.3,84.93,15.29,4.74,1.0
2022-03-01,4.86,26.6,84.76,21.54,4.49,0.99
2022-03-02,5.57,26.22,87.74,21.88,4.56,0.99
2022-03-03,2.31,26.52,87.61,23.42,3.66,0.99
2022-03-04,3.83,26.65,85.78,23.13,2.58,0.98
2022-03-05,7.21,26.73,83.81,18.11,1.96,0.99
2022-03-06,1.3,27.93,74.94,25.11,1.17,0.98
2022-03-07,2.76,27.14,81.27,21.68,1.59,0.98
2022-03-08,8.02,26.12,83.77,12.67,2.93,0.98
2022-03-09,4.09,26.47,79.55,22.73,1.77,0.98
2022-03-10,7.36,26.74,81.93,19.69,1.86,0.98
2022-03-11,2.24,26.97,82.73,24.96,2.07,0.98
2022-03-12,1.93,27.02,83.79,24.0,2.16,0.97
2022-03-13,3.66,27.01,84.39,18.11,2.08,0.97
2022-03-14,3.59,27.03,82.69,22.02,2.25,0.97
2022-03-15,1.56,27.24,82.72,24.06,2.9,0.96
2022-03-16,0.82,27.46,80.07,24.42,3.13,0.96
2022-03-17,1.57,27.72,79.33,24.04,2.65,0.95
2022-03-18,11.36,27.16,83.08,7.69,1.57,0.95
2022-03-19,15.3,26.11,86.15,9.93,3.98,0.97
2022-03-20,2.47,26.74,79.19,22.92,2.03,0.97
2022-03-21,5.33,27.12,82.23,23.38,2.03,0.96
2022-03-22,9.9,26.65,84.0,23.75,2.31,0.97
2022-03-23,7.09,26.46,84.48,22.83,2.36,0.97
2022-03-24,0.47,26.9,77.06,21.17,1.67,0.97
2022-03-25,5.37,27.22,77.41,20.6,1.38,0.96
2022-03-26,4.37,27.23,76.74,22.91,1.23,0.96
2022-03-27,3.28,27.5,74.98,22.84,1.28,0.96
2022-03-28,5.73,26.92,78.95,18.16,1.58,0.96
2022-03-29,10.04,26.36,81.15,20.75,1.68,0.96
2022-03-30,19.34,26.44,79.36,19.82,1.32,0.97
2022-03-31,9.61,26.25,84.15,23.33,1.89,0.98
2022-04-01,3.93,26.26,81.37,22.86,1.56,0.98
2022-04-02,8.19,26.88,75.22,24.17,0.98,0.98
2022-04-03,0.88,27.03,73.5,23.64,1.73,0.97
2022-04-04,1.27,27.15,73.43,24.12,1.65,0.96
2022-04-05,0.69,27.39,74.87,21.53,2.13,0.96
2022-04-06,0.12,27.71,73.01,22.05,1.84,0.95
2022-04-07,0.21,28.12,72.48,20.98,1.75,0.94
2022-04-08,1.06,28.48,69.04,21.48,0.83,0.93
2022-04-09,1.01,28.04,72.52,23.47,1.62,0.92
2022-04-10,0.06,27.72,70.85,22.0,2.24,0.91
2022-04-11,0.29,27.15,72.09,23.3,2.55,0.9
2022-04-12,0.01,27.21,69.5,22.25,1.53,0.9
2022-04-13,0.04,27.91,70.6,22.66,1.74,0.89
2022-04-14,0.44,27.69,75.11,20.47,1.78,0.88
2022-04-15,8.15,27.66,78.1,21.89,1.24,0.88
2022-04-16,9.7,26.76,84.01,21.39,2.61,0.9
2022-04-17,7.82,26.31,85.29,15.74,1.86,0.9
2022-04-18,50.36,26.24,84.93,21.42,2.03,0.92
2022-04-19,15.03,25.73,87.15,14.81,3.75,0.93
2022-04-20,4.49,25.9,83.2,14.75,1.68,0.94
2022-04-21,1.1,26.93,80.29,22.27,2.66,0.94
2022-04-22,4.72,26.59,82.06,15.29,3.3,0.94
2022-04-23,2.88,26.91,82.72,20.36,4.01,0.94
2022-04-24,0.42,26.82,78.85,21.12,3.37,0.93
2022-04-25,0.05,26.82,74.54,21.63,3.04,0.92
2022-04-26,0.0,26.78,70.19,22.66,2.0,0.91
2022-04-27,0.02,26.6,70.25,20.96,2.21,0.9
2022-04-28,0.34,26.81,78.29,21.54,1.6,0.9
2022-04-29,0.06,26.65,79.49,21.36,2.96,0.89
2022-04-30,1.69,27.07,81.38,21.14,3.01,0.88
2022-05-01,0.68,27.42,77.67,21.61,3.61,0.88
2022-05-02,0.52,27.11,82.02,20.09,4.75,0.87
2022-05-03,0.2,26.99,80.11,18.39,4.05,0.86
2022-05-04,0.33,27.21,78.01,18.35,4.35,0.85
2022-05-05,0.73,27.14,77.55,17.3,3.97,0.85
2022-05-06,2.23,27.27,82.0,18.4,3.96,0.84
2022-05-07,1.79,27.34,82.32,18.78,4.75,0.84
2022-05-08,3.03,27.16,81.82,19.41,5.27,0.84
2022-05-09,1.33,27.04,77.09,20.23,5.32,0.83
2022-05-10,0.11,26.89,74.12,20.23,3.77,0.83
2022-05-11,0.01,26.64,72.4,19.8,2.25,0.82
2022-05-12,0.14,27.23,74.15,19.16,1.52,0.81
2022-05-13,2.76,28.09,75.75,19.19,1.02,0.8
2022-05-14,2.33,27.66,77.88,17.8,1.83,0.8
2022-05-15,2.05,27.24,77.71,19.99,2.93,0.8
2022-05-16,0.39,27.22,77.43,15.78,2.65,0.79
2022-05-17,2.72,26.82,80.08,19.26,2.18,0.79
2022-05-18,2.88,27.01,79.37,17.76,3.83,0.79
2022-05-19,0.59,26.87,79.1,18.77,3.77,0.79
2022-05-20,0.87,26.73,79.61,20.07,5.07,0.79
2022-05-21,0.24,26.65,78.28,20.0,4.64,0.78
2022-05-22,1.12,26.3,80.29,19.8,3.91,0.77
2022-05-23,0.6,26.78,77.95,20.05,4.06,0.77
2022-05-24,2.11,27.11,77.9,19.24,3.1,0.76
2022-05-25,2.64,26.94,81.06,16.73,3.41,0.76
2022-05-26,2.53,26.83,79.73,16.1,3.35,0.77
2022-05-27,0.79,26.12,79.0,12.3,3.64,0.77
2022-05-28,0.26,26.6,77.14,16.59,2.7,0.76
2022-05-29,0.34,26.79,77.95,18.79,1.74,0.76
2022-05-30,0.86,27.05,77.71,17.78,1.89,0.75
2022-05-31,1.08,27.21,79.29,16.84,1.88,0.75
2022-06-01,1.89,27.69,73.05,17.38,0.65,0.75
2022-06-02,2.04,27.17,77.45,19.09,2.7,0.75
2022-06-03,3.35,26.78,78.07,18.37,2.33,0.75
2022-06-04,5.58,26.35,82.23,17.39,1.41,0.75
2022-06-05,2.02,26.74,78.82,18.16,1.94,0.75
2022-06-06,1.86,26.38,80.67,17.94,2.66,0.75
2022-06-07,4.33,25.93,85.8,12.99,3.76,0.76
2022-06-08,1.37,26.46,83.0,18.8,3.72,0.76
2022-06-09,3.55,26.2,84.66,12.0,4.43,0.76
2022-06-10,6.52,26.01,84.85,17.18,3.98,0.77
2022-06-11,0.97,26.3,79.24,15.9,5.86,0.77
2022-06-12,1.5,26.33,77.51,17.69,5.05,0.76
2022-06-13,0.38,26.08,75.28,16.94,4.52,0.76
2022-06-14,0.67,26.22,75.88,17.18,4.44,0.75
2022-06-15,3.11,26.17,82.05,17.14,4.78,0.75
2022-06-16,3.28,26.21,81.18,16.42,4.81,0.75
2022-06-17,2.75,25.91,79.34,17.55,4.71,0.75
2022-06-18,0.62,26.51,76.02,18.47,3.58,0.75
2022-06-19,1.13,26.31,79.02,18.11,4.66,0.74
2022-06-20,0.15,25.72,72.83,14.53,4.89,0.74
2022-06-21,0.2,25.63,75.4,19.41,4.61,0.73
2022-06-22,0.69,26.0,76.77,18.47,6.15,0.73
2022-06-23,0.61,26.01,73.85,16.66,6.01,0.73
2022-06-24,1.38,25.7,74.57,16.58,5.81,0.73
2022-06-25,3.86,25.5,77.11,12.86,4.67,0.72
2022-06-26,0.76,26.0,73.32,14.25,4.59,0.73
2022-06-27,1.34,25.68,74.78,14.61,5.11,0.72
2022-06-28,2.26,25.74,77.63,9.84,4.8,0.72
2022-06-29,5.8,25.82,81.43,12.19,5.69,0.72
2022-06-30,6.07,24.72,81.21,6.46,5.87,0.73
2022-07-01,3.88,25.25,82.26,12.01,6.84,0.74
2022-07-02,1.26,25.95,83.97,14.5,5.52,0.74
2022-07-03,1.01,26.11,82.99,13.53,5.42,0.73
2022-07-04,0.76,26.06,80.8,14.39,5.5,0.73
2022-07-05,0.02,25.18,74.12,18.89,5.87,0.73
2022-07-06,0.0,24.02,70.43,17.66,5.13,0.72
2022-07-07,0.01,23.61,68.83,15.62,3.96,0.72
2022-07-08,0.44,24.19,72.32,16.91,3.55,0.71
2022-07-09,1.47,24.74,80.16,10.25,3.49,0.71
2022-07-10,3.96,25.12,81.09,12.4,5.77,0.71
2022-07-11,0.6,25.29,77.18,13.29,5.31,0.71
2022-07-12,0.2,24.5,75.11,18.7,5.11,0.71
2022-07-13,0.0,23.91,71.68,19.29,5.17,0.7
2022-07-14,0.09,24.76,73.32,17.42,5.1,0.7
2022-07-15,0.15,25.03,74.91,12.65,4.72,0.69
2022-07-16,0.18,25.08,75.08,11.78,4.77,0.69
2022-07-17,0.14,25.12,75.06,18.93,4.14,0.69
2022-07-18,0.03,24.95,75.36,20.2,3.78,0.68
2022-07-19,0.07,24.5,73.32,18.58,4.48,0.68
2022-07-20,0.02,24.06,72.65,20.58,3.83,0.67
2022-07-21,0.23,24.85,73.68,16.76,3.13,0.67
2022-07-22,0.19,25.27,72.57,19.75,4.53,0.67
2022-07-23,0.03,24.21,68.89,20.58,4.6,0.66
2022-07-24,0.0,23.5,64.51,20.85,4.3,0.66
2022-07-25,0.15,24.04,69.21,19.38,4.44,0.65
2022-07-26,0.03,25.39,70.44,19.4,4.25,0.65
2022-07-27,0.02,24.51,74.32,20.38,5.3,0.65
2022-07-28,0.27,24.44,78.13,19.96,5.61,0.64
2022-07-29,0.18,24.41,74.12,19.16,5.1,0.64
2022-07-30,0.34,24.87,73.39,19.1,3.86,0.64
2022-07-31,0.39,25.65,73.28,18.15,3.96,0.63
2022-08-01,0.2,26.06,75.15,20.15,3.52,0.63
2022-08-02,0.09,26.21,75.14,20.03,3.59,0.63
2022-08-03,0.07,25.7,71.06,20.95,3.78,0.62
2022-08-04,0.06,25.55,71.61,21.29,4.07,0.62
2022-08-05,0.05,25.45,68.81,21.99,2.83,0.62
2022-08-06,0.03,25.51,67.73,21.14,2.51,0.61
2022-08-07,0.16,26.1,67.53,19.41,2.57,0.61
2022-08-08,0.76,26.81,69.23,19.99,3.12,0.61
2022-08-09,1.82,26.5,72.97,18.42,4.35,0.61
2022-08-10,0.74,26.68,73.98,19.59,4.59,0.61
2022-08-11,1.28,26.43,74.54,14.89,3.98,0.61
2022-08-12,2.91,26.55,75.45,15.88,4.57,0.61
2022-08-13,5.11,26.35,77.82,16.73,4.05,0.62
2022-08-14,0.23,26.48,73.58,20.43,5.27,0.62
2022-08-15,0.08,26.39,71.65,21.77,5.46,0.61
2022-08-16,0.02,25.78,65.1,21.16,4.19,0.61
2022-08-17,0.64,25.93,69.46,17.08,4.31,0.61
2022-08-18,0.22,26.29,65.69,21.31,5.6,0.6
2022-08-19,0.0,25.5,58.04,23.25,6.1,0.6
2022-08-20,0.0,24.91,61.82,22.71,6.11,0.6
2022-08-21,0.09,25.36,69.04,22.01,5.87,0.6
2022-08-22,0.27,25.6,68.35,21.73,6.42,0.6
2022-08-23,0.06,25.39,65.81,23.08,6.29,0.6
2022-08-24,0.0,25.97,63.26,23.05,5.49,0.6
2022-08-25,1.09,26.01,68.41,18.55,6.1,0.6
2022-08-26,0.07,26.25,62.7,22.71,5.72,0.6
2022-08-27,0.06,26.54,62.94,23.06,4.45,0.6
2022-08-28,0.11,26.98,64.51,22.34,3.17,0.6
2022-08-29,0.5,27.38,66.57,20.65,4.5,0.6
2022-08-30,0.45,27.5,65.88,22.0,4.78,0.6
2022-08-31,2.99,27.81,62.67,22.03,2.34,0.6
2022-09-01,0.56,27.95,65.23,22.66,3.65,0.6
2022-09-02,0.38,27.55,67.89,22.72,4.73,0.6
2022-09-03,0.69,27.9,67.88,21.12,3.8,0.6
2022-09-04,2.08,27.88,66.82,19.37,4.26,0.6
2022-09-05,2.27,27.75,68.11,21.66,3.42,0.61
2022-09-06,5.14,27.38,68.14,19.48,3.09,0.61
2022-09-07,8.47,26.38,75.84,19.66,3.04,0.62
2022-09-08,7.1,26.92,72.69,21.51,3.98,0.63
2022-09-09,0.93,26.93,68.15,23.7,3.04,0.63
2022-09-10,1.11,27.0,68.06,22.65,2.75,0.63
2022-09-11,0.2,27.01,67.81,22.47,2.95,0.62
2022-09-12,0.16,27.34,68.1,24.45,3.86,0.62
2022-09-13,0.24,27.62,66.16,24.07,4.46,0.61
2022-09-14,1.36,27.41,68.29,23.14,4.61,0.61
2022-09-15,0.43,27.58,65.4,22.59,4.15,0.61
2022-09-16,0.02,28.09,61.05,24.41,2.66,0.61
2022-09-17,0.0,28.13,60.02,22.83,2.55,0.61
2022-09-18,0.02,28.43,59.93,22.22,2.4,0.6
2022-09-19,0.61,28.68,61.13,23.55,2.79,0.6
2022-09-20,1.11,28.55,61.33,20.6,4.39,0.6
2022-09-21,0.37,28.78,58.74,24.42,3.16,0.6
2022-09-22,4.72,28.07,68.22,23.67,4.3,0.61
2022-09-23,0.66,27.83,70.52,24.23,2.8,0.61
2022-09-24,1.97,28.76,64.63,24.56,1.76,0.61
2022-09-25,0.79,29.2,60.4,23.62,1.96,0.61
2022-09-26,0.02,29.18,57.3,24.92,2.6,0.61
2022-09-27,0.08,29.31,56.23,24.48,1.48,0.6
2022-09-28,0.23,29.23,59.13,24.53,1.89,0.6
2022-09-29,2.45,28.97,62.7,23.65,2.67,0.6
2022-09-30,3.51,28.69,65.02,20.77,2.29,0.61
2022-10-01,32.0,27.58,73.86,18.3,2.03,0.62
2022-10-02,3.08,27.67,72.72,23.88,2.52,0.67
2022-10-03,7.13,27.49,74.96,21.61,1.39,0.67
2022-10-04,4.83,26.41,78.9,20.69,2.39,0.68
2022-10-05,8.79,27.15,77.44,20.61,2.13,0.68
2022-10-06,9.99,26.61,80.57,16.17,2.62,0.7
2022-10-07,2.39,27.74,76.38,23.04,3.68,0.7
2022-10-08,4.31,27.78,76.93,22.87,3.59,0.7
2022-10-09,4.32,27.47,76.74,24.67,3.26,0.7
2022-10-10,4.39,27.29,75.37,23.84,1.58,0.71
2022-10-11,3.56,27.52,75.73,21.11,1.58,0.71
2022-10-12,1.17,27.12,74.98,20.23,2.29,0.71
2022-10-13,1.51,27.73,71.99,24.38,2.48,0.71
2022-10-14,1.98,27.48,72.14,25.69,2.23,0.7
2022-10-15,3.07,28.06,69.78,23.31,2.7,0.7
2022-10-16,2.66,27.56,76.59,19.2,3.56,0.7
2022-10-17,7.18,27.59,76.0,18.79,2.34,0.71
2022-10-18,11.77,27.4,76.77,19.81,2.17,0.71
2022-10-19,6.33,27.11,79.9,20.27,1.78,0.73
2022-10-20,2.49,27.17,78.95,23.7,1.6,0.73
2022-10-21,4.24,27.77,77.71,23.68,1.76,0.73
2022-10-22,1.88,28.91,68.97,25.35,0.83,0.73
2022-10-23,1.15,29.45,68.59,25.69,1.45,0.72
2022-10-24,0.72,28.98,67.25,26.55,1.89,0.72
2022-10-25,2.34,28.34,72.43,23.39,1.25,0.71
2022-10-26,2.95,27.96,75.05,23.25,1.36,0.71
2022-10-27,5.01,27.2,77.49,20.84,2.01,0.72
2022-10-28,4.04,27.88,71.84,21.68,2.93,0.72
2022-10-29,2.51,27.36,70.19,21.1,4.09,0.72
2022-10-30,0.12,27.47,66.63,20.58,3.37,0.71
2022-10-31,1.25,27.58,68.63,18.53,1.51,0.7
2022-11-01,4.43,27.85,74.42,22.01,2.01,0.7
2022-11-02,10.54,27.45,79.95,24.04,1.54,0.72
2022-11-03,4.53,28.4,75.87,25.53,1.66,0.72
2022-11-04,1.67,28.45,73.18,23.49,1.84,0.72
2022-11-05,3.06,28.78,69.12,22.99,1.84,0.72
2022-11-06,2.66,28.88,67.6,26.08,1.37,0.72
2022-11-07,10.2,27.69,75.84,20.79,1.18,0.73
2022-11-08,10.13,27.19,78.25,21.57,2.44,0.74
2022-11-09,2.78,27.8,69.82,18.79,1.62,0.74
2022-11-10,3.44,28.16,71.79,17.7,1.75,0.74
2022-11-11,5.04,28.32,72.06,22.5,2.22,0.74
2022-11-12,3.79,28.19,74.11,22.01,2.31,0.74
2022-11-13,13.28,27.78,78.44,22.51,2.12,0.76
2022-11-14,3.52,28.03,76.59,22.84,2.26,0.76
2022-11-15,5.87,27.52,78.88,23.83,1.28,0.76
2022-11-16,6.52,27.84,75.41,22.62,1.6,0.77
2022-11-17,6.97,28.29,71.32,23.96,1.29,0.77
2022-11-18,9.45,27.37,78.76,20.99,1.63,0.78
2022-11-19,8.41,26.64,80.26,20.19,2.4,0.79
2022-11-20,8.21,27.25,74.91,21.86,1.42,0.79
2022-11-21,7.14,26.91,79.44,21.97,1.74,0.8
2022-11-22,11.64,26.73,81.91,22.74,2.15,0.81
2022-11-23,10.63,26.7,80.55,17.75,2.38,0.83
2022-11-24,6.38,27.0,79.66,21.98,2.52,0.83
2022-11-25,7.19,26.59,81.7,24.87,2.32,0.83
2022-11-26,8.72,26.96,79.4,21.95,1.75,0.84
2022-11-27,9.48,26.31,84.06,19.21,2.62,0.85
2022-11-28,3.85,25.81,85.48,18.11,2.29,0.86
2022-11-29,3.56,26.74,81.71,24.2,3.71,0.86
2022-11-30,0.96,27.24,75.37,25.92,3.09,0.85
2022-12-01,0.24,27.13,72.5,23.81,2.65,0.84
2022-12-02,4.06,27.69,70.61,26.51,1.18,0.84
2022-12-03,1.15,27.5,73.71,25.67,2.93,0.83
2022-12-04,3.83,27.7,71.72,27.15,2.61,0.83
2022-12-05,0.92,28.01,68.97,27.61,1.88,0.82
2022-12-06,0.04,29.03,64.69,27.6,1.59,0.81
2022-12-07,0.02,29.46,62.56,25.09,1.58,0.8
2022-12-08,1.17,28.96,67.09,26.12,2.12,0.79
2022-12-09,0.56,28.59,67.92,27.2,2.22,0.79
2022-12-10,0.42,28.77,68.71,24.44,2.68,0.78
2022-12-11,1.14,28.76,70.99,25.95,1.85,0.77
2022-12-12,1.84,28.87,72.75,26.31,1.51,0.77
2022-12-13,6.85,28.91,72.86,25.2,1.58,0.77
2022-12-14,4.62,28.18,74.43,22.41,1.42,0.77
2022-12-15,2.93,27.31,77.83,19.05,1.23,0.77
2022-12-16,15.05,27.31,77.51,15.41,2.01,0.78
2022-12-17,40.72,26.02,82.32,8.93,2.86,0.83
2022-12-18,1.93,27.06,75.93,18.87,2.67,0.85
2022-12-19,0.4,27.65,71.19,25.76,2.77,0.83
2022-12-20,0.44,27.5,71.64,24.44,3.12,0.82
2022-12-21,0.0,27.71,66.74,26.25,2.51,0.81
2022-12-22,3.39,27.68,73.89,23.12,2.91,0.81
2022-12-23,98.23,26.79,86.8,7.4,4.38,0.84
2022-12-24,14.83,25.95,83.24,10.25,7.34,0.87
2022-12-25,5.57,26.04,80.11,13.15,4.84,0.87
2022-12-26,4.55,25.83,80.61,18.34,3.93,0.87
2022-12-27,0.73,27.05,73.52,22.76,4.43,0.86
2022-12-28,17.96,26.41,80.72,19.59,4.41,0.87
2022-12-29,14.57,26.09,85.52,15.8,4.7,0.88
2022-12-30,15.73,25.92,86.41,15.68,6.63,0.91
2022-12-31,6.15,26.57,83.02,21.34,6.26,0.91
2023-01-01,8.36,25.9,85.07,17.47,6.25,0.91
2023-01-02,5.81,26.33,83.88,20.03,6.15,0.91
2023-01-03,3.19,26.6,84.23,19.84,7.57,0.91
2023-01-04,6.68,26.75,84.04,15.45,7.21,0.91
2023-01-05,10.57,26.26,85.27,19.24,7.19,0.92
2023-01-06,1.52,26.28,83.73,22.18,6.39,0.92
2023-01-07,0.36,26.34,82.73,24.31,5.02,0.91
2023-01-08,0.15,26.62,76.32,25.04,4.54,0.9
2023-01-09,0.1,26.61,74.35,25.28,3.45,0.9
2023-01-10,0.17,26.65,77.13,26.45,3.56,0.89
2023-01-11,0.92,26.82,78.21,23.54,3.8,0.88
2023-01-12,1.54,26.64,78.54,23.53,2.89,0.87
2023-01-13,0.87,26.99,79.26,24.23,2.64,0.86
2023-01-14,0.92,26.33,84.02,21.83,3.43,0.86
2023-01-15,5.85,27.01,83.2,20.41,3.23,0.86
2023-01-16,15.89,26.53,84.95,18.01,3.37,0.86
2023-01-17,5.15,26.45,84.75,23.08,3.34,0.88
2023-01-18,4.41,26.75,82.53,15.9,2.7,0.88
2023-01-19,6.12,26.12,82.99,16.16,4.13,0.88
2023-01-20,4.07,25.55,84.1,15.92,3.36,0.89
2023-01-21,0.46,26.89,78.29,24.87,3.68,0.88
2023-01-22,0.08,27.04,74.0,22.55,2.67,0.87
2023-01-23,0.06,27.68,70.4,24.45,1.59,0.86
2023-01-24,0.11,27.66,73.17,23.01,2.25,0.85
2023-01-25,3.04,27.82,72.67,20.89,1.07,0.84
2023-01-26,11.6,27.28,80.47,23.41,1.85,0.85
2023-01-27,12.78,26.58,85.97,19.8,3.87,0.87
2023-01-28,6.79,26.2,86.44,23.39,3.21,0.87
2023-01-29,8.44,26.35,86.46,20.0,3.86,0.88
2023-01-30,10.38,25.85,86.38,20.18,3.35,0.89
2023-01-31,14.4,26.15,86.08,12.95,3.5,0.9
2023-02-01,58.35,26.06,88.03,18.76,4.33,0.93
2023-02-02,38.27,25.54,87.75,15.08,3.85,0.96
2023-02-03,7.49,25.25,87.47,13.53,4.3,0.97
2023-02-04,25.74,25.41,87.82,15.05,4.81,0.97
2023-02-05,26.61,25.14,88.28,14.01,4.67,0.99
2023-02-06,10.33,25.85,89.08,15.97,6.65,0.99
2023-02-07,11.35,25.26,89.83,18.69,5.0,0.99
2023-02-08,2.9,25.85,88.17,16.21,4.18,0.99
2023-02-09,16.27,25.65,88.65,17.14,5.05,0.99
2023-02-10,6.97,25.53,88.17,15.24,3.9,0.99
2023-02-11,10.01,25.92,86.84,18.35,3.67,0.99
2023-02-12,59.93,26.27,85.87,20.04,4.08,1.0
2023-02-13,7.49,26.16,86.81,11.25,5.26,1.0
2023-02-14,16.77,25.72,89.45,16.44,5.32,1.0
2023-02-15,13.52,25.37,89.08,15.3,4.59,1.0
2023-02-16,3.7,25.77,86.52,19.15,3.82,1.0
2023-02-17,3.82,25.98,86.02,23.37,2.4,1.0
2023-02-18,6.05,26.27,87.41,20.11,2.87,1.0
2023-02-19,1.42,26.75,84.2,23.23,2.42,0.99
2023-02-20,5.64,26.34,84.67,24.63,2.76,0.99
2023-02-21,17.42,26.34,86.35,21.5,2.97,1.0
2023-02-22,13.59,26.02,86.43,17.1,3.86,1.0
2023-02-23,21.82,25.82,88.22,14.91,4.18,1.0
2023-02-24,9.98,26.16,86.89,16.64,5.1,1.0
2023-02-25,8.28,26.49,85.9,19.23,6.16,1.0
2023-02-26,13.4,25.87,88.59,13.81,7.07,1.0
2023-02-27,1.94,25.76,85.54,19.63,4.89,1.0
2023-02-28,6.8,25.3,88.3,13.33,4.72,0.99
2023-03-01,39.16,25.58,86.12,10.9,5.51,0.99
2023-03-02,15.03,25.64,86.23,21.94,5.46,1.0
2023-03-03,8.27,25.46,86.01,18.5,3.78,1.0
2023-03-04,1.51,25.96,82.3,22.57,4.4,0.99
2023-03-05,2.27,26.18,83.21,18.42,4.75,0.99
2023-03-06,9.51,25.68,87.0,19.28,4.03,0.99
2023-03-07,2.03,25.89,85.4,22.03,2.32,0.98
2023-03-08,3.48,26.64,80.56,18.51,1.64,0.98
2023-03-09,1.33,27.23,78.54,25.59,1.62,0.98
2023-03-10,0.06,27.36,77.85,26.28,2.32,0.97
2023-03-11,0.09,27.37,76.44,25.66,1.99,0.96
2023-03-12,1.46,27.21,77.11,25.2,1.96,0.96
2023-03-13,5.0,27.03,74.66,24.53,2.09,0.95
2023-03-14,1.96,26.99,75.92,25.82,2.51,0.94
2023-03-15,0.52,27.39,73.84,25.55,1.96,0.93
2023-03-16,1.25,27.52,77.41,24.34,2.48,0.92
2023-03-17,4.67,27.02,79.67,21.98,1.17,0.92
2023-03-18,2.33,27.33,78.88,24.02,1.41,0.92
2023-03-19,5.6,26.89,82.86,24.36,2.45,0.92
2023-03-20,4.22,27.17,81.22,24.13,3.41,0.92
2023-03-21,4.62,27.0,81.36,22.85,2.87,0.92
2023-03-22,9.18,26.89,80.48,21.35,1.34,0.92
2023-03-23,2.75,27.71,72.57,20.77,0.78,0.92
2023-03-24,6.6,27.43,78.35,15.65,0.91,0.92
2023-03-25,6.07,27.48,80.89,23.3,1.39,0.92
2023-03-26,4.88,27.74,74.97,21.8,0.94,0.93
2023-03-27,5.63,27.47,77.08,20.94,1.34,0.93
2023-03-28,2.75,26.78,83.16,20.72,1.78,0.93
2023-03-29,1.59,27.81,74.25,21.53,1.48,0.92
2023-03-30,3.3,26.62,78.63,17.11,0.72,0.92
2023-03-31,5.99,27.23,74.19,15.94,0.86,0.92
2023-04-01,12.78,27.02,78.02,18.11,1.48,0.92
2023-04-02,9.49,25.52,84.67,20.79,2.2,0.94
2023-04-03,2.16,27.05,75.8,19.23,1.49,0.93
2023-04-04,2.25,27.51,74.71,22.32,0.96,0.93
2023-04-05,3.34,27.16,75.66,20.35,1.24,0.93
2023-04-06,6.55,27.17,78.85,21.72,0.59,0.92
2023-04-07,5.14,27.39,76.49,20.58,0.88,0.93
2023-04-08,37.6,26.2,81.13,13.79,2.06,0.94
2023-04-09,8.57,25.55,84.22,11.94,5.13,0.95
2023-04-10,8.49,25.63,84.17,12.84,4.97,0.96
2023-04-11,3.97,25.97,85.33,21.23,4.54,0.96
2023-04-12,4.77,26.64,84.31,19.3,3.02,0.95
2023-04-13,10.06,26.36,86.32,17.08,2.79,0.96
2023-04-14,9.63,26.28,85.18,14.97,2.71,0.96
2023-04-15,4.54,26.48,83.82,16.98,2.2,0.96
2023-04-16,1.33,27.22,77.1,22.17,1.01,0.96
2023-04-17,4.79,27.35,78.4,22.08,1.38,0.96
2023-04-18,5.56,26.68,82.5,21.79,2.26,0.96
2023-04-19,0.87,26.53,79.33,16.44,4.98,0.95
2023-04-20,0.04,25.55,75.62,22.02,4.98,0.94
2023-04-21,0.01,25.53,75.72,23.24,4.69,0.93
2023-04-22,0.21,26.0,81.85,22.06,5.39,0.93
2023-04-23,0.49,26.3,83.26,22.77,4.58,0.92
2023-04-24,0.98,26.73,82.01,21.58,5.35,0.91
2023-04-25,0.27,26.76,81.86,21.68,4.14,0.9
2023-04-26,0.99,27.0,82.69,19.29,4.97,0.9
2023-04-27,6.83,26.33,89.04,8.43,5.2,0.9
2023-04-28,4.63,26.27,88.25,19.35,4.74,0.9
2023-04-29,2.62,26.64,81.6,21.7,3.16,0.91
2023-04-30,0.1,26.31,77.65,22.26,3.47,0.9
2023-05-01,0.08,26.25,80.07,21.53,3.67,0.89
2023-05-02,0.49,26.47,81.98,20.48,3.94,0.88
2023-05-03,0.68,26.59,82.43,20.84,5.36,0.88
2023-05-04,1.66,26.88,81.66,17.12,4.73,0.87
2023-05-05,0.24,26.45,78.91,18.23,4.65,0.86
2023-05-06,0.15,26.53,79.54,20.47,4.31,0.85
2023-05-07,0.98,26.96,82.81,20.33,5.06,0.85
2023-05-08,1.38,27.04,81.15,18.15,6.49,0.84
2023-05-09,0.76,26.83,81.68,13.87,5.83,0.84
2023-05-10,1.51,26.79,82.35,18.29,5.52,0.83
2023-05-11,1.47,26.26,82.58,20.52,6.03,0.83
2023-05-12,0.15,25.83,76.73,21.26,5.92,0.82
2023-05-13,0.06,25.07,75.31,20.61,5.59,0.82
2023-05-14,0.05,25.14,72.24,19.81,4.56,0.81
2023-05-15,0.01,24.65,70.99,22.13,3.4,0.8
2023-05-16,0.0,24.37,71.36,21.53,2.86,0.8
2023-05-17,0.02,24.59,76.32,21.14,3.29,0.79
2023-05-18,0.28,25.6,77.91,19.72,3.79,0.79
2023-05-19,0.28,25.71,75.63,19.98,5.06,0.78
2023-05-20,0.05,25.18,72.07,18.98,5.27,0.77
2023-05-21,0.33,24.95,74.7,18.86,5.66,0.77
2023-05-22,1.11,24.75,79.35,15.71,5.4,0.76
2023-05-23,0.62,24.94,80.52,18.95,4.6,0.76
2023-05-24,0.03,25.72,75.84,19.8,3.42,0.75
2023-05-25,0.54,25.43,80.27,16.96,4.72,0.75
2023-05-26,0.19,25.36,75.41,17.91,5.02,0.75
2023-05-27,0.02,25.21,71.63,17.7,4.68,0.74
2023-05-28,0.34,25.13,74.48,18.13,5.74,0.73
2023-05-29,0.6,25.33,77.15,17.38,5.87,0.73
2023-05-30,0.27,25.23,80.15,19.35,5.12,0.73
2023-05-31,0.48,25.69,79.55,14.38,5.17,0.72
2023-06-01,0.11,25.62,77.29,15.79,4.8,0.72
2023-06-02,0.04,25.01,74.17,18.4,4.3,0.71
2023-06-03,0.13,25.06,76.78,19.68,3.7,0.71
2023-06-04,1.69,26.31,78.75,18.19,2.9,0.71
2023-06-05,0.73,26.6,76.93,18.57,3.58,0.71
2023-06-06,0.24,26.13,76.41,19.0,3.52,0.7
2023-06-07,0.18,25.81,77.41,19.56,4.32,0.7
2023-06-08,0.09,25.82,74.57,19.73,4.81,0.69
2023-06-09,1.1,26.11,78.93,11.37,4.88,0.69
2023-06-10,2.38,26.13,80.81,18.09,4.42,0.69
2023-06-11,1.8,25.96,79.38,18.05,5.2,0.69
2023-06-12,0.73,25.62,77.09,18.79,6.23,0.69
2023-06-13,0.43,25.1,76.08,19.4,5.53,0.68
2023-06-14,0.02,25.18,75.94,19.09,4.55,0.68
2023-06-15,0.67,25.04,77.44,18.92,4.52,0.68
2023-06-16,0.44,25.15,77.5,18.61,4.97,0.68
2023-06-17,0.45,25.3,75.71,19.12,4.18,0.67
2023-06-18,0.07,24.94,73.75,18.64,4.91,0.67
2023-06-19,0.0,25.3,74.44,17.94,1.88,0.67
2023-06-20,0.0,26.17,73.57,18.12,1.77,0.66
2023-06-21,0.0,25.99,71.57,19.04,2.48,0.66
2023-06-22,0.4,25.38,76.96,18.51,3.63,0.65
2023-06-23,0.31,25.43,75.88,18.07,3.87,0.65
2023-06-24,0.31,25.76,76.77,17.84,3.73,0.65
2023-06-25,0.47,26.21,77.99,15.8,3.36,0.65
2023-06-26,1.63,26.84,76.6,14.23,1.46,0.64
2023-06-27,20.38,26.46,80.66,16.74,2.35,0.66
2023-06-28,2.19,26.53,78.09,17.54,3.73,0.68
2023-06-29,4.01,26.66,81.07,16.91,3.46,0.68
2023-06-30,3.2,26.97,78.43,17.72,2.24,0.68
2023-07-01,2.1,27.09,77.86,16.71,3.89,0.68
2023-07-02,1.04,26.29,78.57,12.1,5.87,0.68
2023-07-03,0.86,25.92,77.88,13.64,5.34,0.67
2023-07-04,1.04,26.01,77.72,13.93,4.28,0.67
2023-07-05,0.88,26.54,77.81,17.28,4.67,0.67
2023-07-06,0.84,26.39,79.92,13.97,6.21,0.67
2023-07-07,0.77,26.26,78.19,16.7,6.24,0.66
2023-07-08,0.17,26.13,76.59,18.66,5.25,0.66
2023-07-09,0.09,25.62,76.23,17.67,6.01,0.66
2023-07-10,0.07,24.87,71.87,18.24,5.58,0.65
2023-07-11,0.13,24.89,70.68,17.04,4.81,0.65
2023-07-12,1.01,25.73,77.66,12.67,6.12,0.65
2023-07-13,0.45,25.58,76.23,15.95,5.69,0.65
2023-07-14,0.59,25.46,76.27,18.01,5.14,0.64
2023-07-15,0.22,25.0,73.51,19.57,4.63,0.64
2023-07-16,0.46,25.11,74.97,18.75,3.92,0.64
2023-07-17,0.05,25.44,72.68,16.33,6.27,0.63
2023-07-18,0.08,25.12,71.91,19.48,5.79,0.63
2023-07-19,0.43,25.03,69.2,19.11,4.98,0.63
2023-07-20,0.16,25.07,69.6,18.44,4.34,0.62
2023-07-21,0.12,25.22,71.54,18.34,5.22,0.62
2023-07-22,0.01,25.19,63.62,20.26,6.06,0.62
2023-07-23,0.33,25.3,68.49,18.95,5.8,0.61
2023-07-24,0.73,25.09,69.76,17.29,7.0,0.61
2023-07-25,0.36,24.66,70.74,17.78,6.2,0.61
2023-07-26,0.3,24.95,68.75,19.27,5.39,0.61
2023-07-27,0.04,24.81,66.25,20.3,4.55,0.61
2023-07-28,0.01,24.79,67.86,20.22,5.4,0.61
2023-07-29,0.06,25.45,70.45,20.01,4.69,0.61
2023-07-30,0.27,25.72,74.41,19.03,5.44,0.61
2023-07-31,0.03,26.06,70.93,20.8,5.44,0.6
2023-08-01,0.01,25.82,71.9,21.39,5.48,0.6
2023-08-02,0.01,26.04,67.21,21.61,5.08,0.6
2023-08-03,0.01,25.5,72.75,21.24,4.56,0.6
2023-08-04,0.19,26.12,74.54,20.09,6.0,0.6
2023-08-05,0.07,26.22,72.36,20.82,7.12,0.6
2023-08-06,0.02,26.1,66.37,21.93,6.29,0.6
2023-08-07,0.01,25.61,64.3,22.26,7.46,0.6
2023-08-08,0.13,25.35,65.57,21.73,6.06,0.6
2023-08-09,0.47,25.39,68.01,20.75,5.64,0.6
2023-08-10,0.06,25.63,66.8,20.94,5.68,0.6
2023-08-11,0.09,25.74,69.03,19.9,4.79,0.6
2023-08-12,0.17,25.92,66.38,19.49,5.75,0.6
2023-08-13,0.07,26.32,67.19,20.35,5.11,0.6
2023-08-14,0.12,26.35,67.71,21.26,5.98,0.6
2023-08-15,0.26,26.28,69.15,20.63,5.39,0.6
2023-08-16,0.14,26.39,66.03,18.34,4.95,0.6
2023-08-17,0.24,26.06,67.09,14.44,5.39,0.6
2023-08-18,0.04,26.17,62.33,21.52,5.33,0.6
2023-08-19,0.02,26.36,62.76,22.81,5.69,0.6
2023-08-20,0.1,26.3,66.34,22.42,7.21,0.6
2023-08-21,0.27,25.76,64.31,23.29,6.85,0.6
2023-08-22,0.0,25.47,61.97,22.3,6.13,0.6
2023-08-23,0.08,25.92,67.94,20.83,5.65,0.6
2023-08-24,0.1,26.29,66.36,22.2,6.51,0.6
2023-08-25,0.01,26.11,64.21,23.52,7.18,0.6
2023-08-26,0.05,26.07,64.65,23.22,6.16,0.6
2023-08-27,0.07,26.12,63.56,23.07,6.02,0.6
2023-08-28,0.07,26.23,65.37,23.39,5.87,0.59
2023-08-29,0.34,26.41,66.21,23.44,6.12,0.6
2023-08-30,0.18,25.98,65.53,23.55,6.72,0.6
2023-08-31,0.0,25.64,58.4,24.59,5.94,0.6
2023-09-01,0.04,25.72,59.41,24.43,5.26,0.59
2023-09-02,0.06,25.56,58.99,24.52,4.5,0.59
2023-09-03,0.03,25.43,62.91,23.67,5.43,0.59
2023-09-04,0.22,25.54,64.28,20.84,5.32,0.59
2023-09-05,0.01,26.68,62.22,22.78,5.63,0.59
2023-09-06,0.06,26.53,63.75,21.66,5.31,0.59
2023-09-07,0.02,26.2,60.63,24.59,5.5,0.59
2023-09-08,0.04,26.17,63.84,23.59,5.03,0.59
2023-09-09,0.01,26.55,63.99,23.77,3.93,0.59
2023-09-10,0.18,27.52,66.72,23.51,5.36,0.59
2023-09-11,0.26,27.29,68.16,23.72,6.08,0.59
2023-09-12,0.39,27.45,64.13,24.24,5.99,0.59
2023-09-13,0.73,26.83,61.89,24.2,5.52,0.6
2023-09-14,0.21,26.96,62.72,23.3,5.0,0.6
2023-09-15,0.24,26.98,63.44,24.67,7.27,0.6
2023-09-16,0.04,27.06,62.51,24.3,5.5,0.6
2023-09-17,0.23,26.96,63.14,21.59,6.11,0.6
2023-09-18,0.2,26.72,64.31,23.57,5.67,0.6
2023-09-19,0.04,26.61,60.63,24.51,5.66,0.6
2023-09-20,0.01,26.56,59.91,25.26,6.28,0.6
2023-09-21,0.01,26.48,59.8,25.86,5.45,0.59
2023-09-22,0.1,26.92,63.18,24.42,5.33,0.59
2023-09-23,0.19,27.88,63.07,24.95,4.35,0.59
2023-09-24,0.14,27.84,57.81,25.09,4.5,0.59
2023-09-25,0.0,28.01,54.27,25.32,4.08,0.59
2023-09-26,0.01,27.79,57.23,25.46,4.58,0.59
2023-09-27,0.05,28.25,58.22,24.84,4.46,0.59
2023-09-28,0.0,28.08,58.62,25.15,5.48,0.59
2023-09-29,0.01,27.81,57.85,25.18,4.72,0.59
2023-09-30,0.06,27.5,65.03,25.31,5.39,0.59
2023-10-01,0.05,28.03,62.91,24.23,4.61,0.59
2023-10-02,0.07,28.43,62.84,24.47,3.78,0.59
2023-10-03,0.06,28.53,64.52,24.22,4.14,0.59
2023-10-04,0.01,29.13,60.72,25.5,4.01,0.59
2023-10-05,0.02,29.12,59.74,24.5,3.25,0.59
2023-10-06,0.09,29.08,61.39,23.5,4.57,0.59
2023-10-07,0.05,28.7,61.53,25.32,4.78,0.59
2023-10-08,0.06,29.14,61.35,24.67,4.8,0.59
2023-10-09,0.02,28.8,61.05,25.19,4.34,0.59
2023-10-10,0.03,28.97,59.54,25.26,4.03,0.59
2023-10-11,0.09,29.02,60.77,25.25,4.35,0.59
2023-10-12,0.67,28.83,60.39,25.27,5.07,0.59
2023-10-13,0.32,28.9,59.89,25.34,4.57,0.59
2023-10-14,0.16,29.08,61.6,25.7,4.67,0.59
2023-10-15,0.15,29.28,60.93,25.28,5.57,0.59
2023-10-16,0.12,29.19,60.06,26.0,5.47,0.59
2023-10-17,0.04,28.68,59.79,26.35,4.13,0.59
2023-10-18,0.1,28.75,60.05,26.09,5.69,0.59
2023-10-19,0.35,29.26,58.41,25.92,4.59,0.59
2023-10-20,0.51,29.36,54.65,25.18,3.64,0.59
2023-10-21,0.06,28.99,58.48,26.11,3.77,0.59
2023-10-22,0.96,28.95,61.67,25.56,3.46,0.6
2023-10-23,1.3,29.45,58.78,25.55,3.26,0.6
2023-10-24,0.78,29.43,59.76,25.61,3.32,0.6
2023-10-25,0.64,30.04,53.83,25.58,3.24,0.6
2023-10-26,0.02,30.49,50.97,25.75,2.59,0.6
2023-10-27,0.06,30.54,51.65,25.81,2.45,0.6
2023-10-28,0.07,30.12,53.28,25.72,3.68,0.6
2023-10-29,0.17,29.86,56.82,25.3,4.29,0.6
2023-10-30,0.43,29.43,62.62,25.18,3.49,0.6
2023-10-31,0.4,29.54,62.34,25.2,4.24,0.6
2023-11-01,1.26,29.43,62.15,25.91,5.01,0.6
2023-11-02,0.58,29.33,64.48,25.39,5.35,0.6
2023-11-03,1.61,29.46,61.15,25.78,3.96,0.6
2023-11-04,0.29,29.47,57.94,26.28,3.33,0.6
2023-11-05,0.01,29.63,57.53,26.53,3.13,0.6
2023-11-06,0.1,29.92,59.82,25.03,2.04,0.6
2023-11-07,0.19,30.75,56.63,23.41,2.1,0.6
2023-11-08,0.36,30.8,55.37,24.72,2.47,0.6
2023-11-09,0.45,30.95,52.14,24.7,1.88,0.6
2023-11-10,0.68,31.2,53.27,24.95,1.54,0.6
2023-11-11,0.39,30.83,57.47,24.27,1.42,0.6
2023-11-12,1.15,30.8,58.57,23.51,3.63,0.6
2023-11-13,1.29,30.39,61.93,22.73,3.34,0.6
2023-11-14,1.33,30.71,60.17,24.49,3.14,0.6
2023-11-15,3.32,30.34,61.7,21.3,3.07,0.6
2023-11-16,2.31,30.26,62.19,21.4,2.95,0.61
2023-11-17,0.97,29.8,64.2,21.91,3.22,0.6
2023-11-18,0.21,30.16,60.75,25.5,3.35,0.6
2023-11-19,0.27,30.44,58.69,24.99,3.33,0.6
2023-11-20,0.56,30.3,60.11,24.66,4.1,0.6
2023-11-21,0.13,30.25,59.2,25.47,4.76,0.6
2023-11-22,0.17,30.29,59.81,26.33,4.68,0.6
2023-11-23,1.73,30.91,57.98,24.99,2.57,0.6
2023-11-24,4.07,30.31,60.44,23.58,2.47,0.6
2023-11-25,2.76,29.6,59.61,22.01,2.53,0.61
2023-11-26,5.95,29.74,60.83,22.99,2.23,0.61
2023-11-27,2.83,29.52,65.11,22.77,1.39,0.62
2023-11-28,5.13,28.89,67.69,22.46,1.3,0.62
2023-11-29,3.72,28.61,71.65,23.39,1.8,0.62
2023-11-30,5.66,28.72,72.87,22.38,1.71,0.63
2023-12-01,5.48,28.55,76.43,21.18,1.96,0.64
2023-12-02,15.4,28.54,75.9,22.26,2.14,0.65
2023-12-03,2.89,28.3,77.22,21.47,2.78,0.66
2023-12-04,2.54,28.65,74.2,22.18,2.82,0.66
2023-12-05,1.75,29.28,71.92,18.45,2.51,0.66
2023-12-06,1.52,29.77,67.27,24.58,1.25,0.66
2023-12-07,5.12,29.41,70.36,21.35,1.2,0.66
2023-12-08,8.89,28.79,73.77,20.97,1.79,0.67
2023-12-09,3.41,28.52,73.99,23.53,2.52,0.67
2023-12-10,4.99,28.44,74.07,20.72,2.58,0.67
2023-12-11,3.92,28.57,73.9,20.87,2.52,0.68
2023-12-12,2.23,29.06,71.9,21.73,2.64,0.68
2023-12-13,1.41,29.65,63.19,23.23,1.41,0.67
2023-12-14,1.69,29.82,66.84,26.26,1.96,0.67
2023-12-15,0.49,29.76,65.8,24.99,2.83,0.66
2023-12-16,0.89,29.26,67.02,16.24,3.73,0.66
2023-12-17,0.3,28.62,68.07,24.87,3.93,0.65
2023-12-18,0.27,28.71,66.07,23.63,3.4,0.65
2023-12-19,0.8,28.82,65.6,26.11,3.78,0.64
2023-12-20,2.8,29.06,68.98,23.67,2.88,0.64
2023-12-21,8.02,28.91,72.73,20.88,1.63,0.64
2023-12-22,3.57,28.36,76.17,25.02,2.3,0.65
2023-12-23,2.39,29.4,71.54,24.78,0.84,0.65
2023-12-24,2.02,29.36,71.78,22.76,0.84,0.65
2023-12-25,2.28,29.16,73.33,23.93,2.25,0.65
2023-12-26,1.1,29.37,71.71,23.32,2.85,0.65
2023-12-27,2.04,29.58,70.86,23.81,2.25,0.64
2023-12-28,2.85,29.23,70.32,23.48,1.89,0.64
2023-12-29,1.09,29.9,68.03,25.78,2.18,0.64
2023-12-30,0.72,30.21,68.27,26.36,2.72,0.64
2023-12-31,2.55,28.68,74.23,15.73,3.19,0.64
2024-01-01,1.24,29.61,71.69,25.42,1.94,0.64
2024-01-02,1.46,30.2,67.38,24.36,1.91,0.64
2024-01-03,3.21,30.01,68.01,22.32,2.72,0.64
2024-01-04,7.36,28.85,74.69,21.15,2.17,0.65
2024-01-05,9.27,28.9,74.71,18.6,1.98,0.66
2024-01-06,3.76,28.49,74.98,20.17,1.57,0.66
2024-01-07,7.64,28.3,75.55,23.1,1.63,0.67
2024-01-08,7.04,28.91,72.95,22.19,2.16,0.68
2024-01-09,8.8,28.16,78.31,21.25,3.57,0.68
2024-01-10,1.26,28.97,75.48,26.08,3.33,0.69
2024-01-11,1.64,29.2,70.9,24.26,4.02,0.68
2024-01-12,1.6,28.8,71.48,22.14,4.51,0.68
2024-01-13,0.46,28.81,70.99,23.88,5.01,0.68
2024-01-14,0.71,28.57,71.34,20.71,5.47,0.67
2024-01-15,0.67,28.89,72.02,21.78,5.66,0.67
2024-01-16,4.79,27.71,77.93,18.96,5.19,0.67
2024-01-17,4.16,28.41,73.43,21.19,4.04,0.67
2024-01-18,2.88,27.84,79.07,21.2,3.76,0.68
2024-01-19,15.55,27.46,82.12,20.14,4.03,0.7
2024-01-20,1.9,27.28,77.89,17.12,5.16,0.7
2024-01-21,0.3,28.07,74.8,22.53,5.29,0.7
2024-01-22,38.27,27.97,80.33,21.57,5.7,0.7
2024-01-23,6.19,27.5,81.43,22.47,5.7,0.73
2024-01-24,4.41,27.56,82.6,19.08,5.66,0.73
2024-01-25,14.33,26.89,83.84,20.18,3.84,0.75
2024-01-26,2.47,27.36,81.99,20.86,5.19,0.75
2024-01-27,5.08,27.45,80.76,12.35,4.25,0.75
2024-01-28,8.62,27.26,78.16,19.63,3.34,0.76
2024-01-29,1.31,27.25,78.41,23.83,4.27,0.76
2024-01-30,0.16,28.23,71.66,24.19,2.93,0.76
2024-01-31,0.17,28.35,70.25,24.15,3.06,0.75
2024-02-01,0.52,28.65,72.29,26.31,3.08,0.74
2024-02-02,0.94,28.72,73.62,23.92,3.0,0.73
2024-02-03,2.44,28.07,77.4,23.33,3.45,0.73
2024-02-04,4.98,27.47,80.24,22.03,3.42,0.73
2024-02-05,10.19,27.26,80.47,19.22,4.02,0.75
2024-02-06,5.65,27.41,79.91,22.77,2.63,0.75
2024-02-07,5.27,27.66,79.43,22.33,3.26,0.76
2024-02-08,6.91,27.99,75.75,19.42,2.26,0.76
2024-02-09,6.16,28.1,75.49,25.21,1.84,0.77
2024-02-10,3.11,28.24,75.96,22.59,2.64,0.77
2024-02-11,2.24,27.55,81.85,19.98,3.43,0.76
2024-02-12,22.52,26.89,85.26,19.0,3.55,0.78
2024-02-13,2.09,27.79,76.86,16.22,2.78,0.8
2024-02-14,2.55,28.08,80.77,22.62,2.33,0.79
2024-02-15,3.99,28.79,74.52,20.74,2.02,0.79
2024-02-16,8.49,28.73,75.58,21.45,1.55,0.79
2024-02-17,4.74,29.3,71.47,26.42,1.06,0.79
2024-02-18,1.1,29.48,72.07,23.94,1.09,0.79
2024-02-19,0.33,29.18,75.74,26.34,2.22,0.78
2024-02-20,0.87,29.06,77.84,25.0,3.4,0.77
2024-02-21,6.14,28.36,83.14,25.35,4.44,0.77
2024-02-22,15.41,28.04,84.31,23.13,4.39,0.79
2024-02-23,1.0,27.97,82.32,23.78,3.2,0.79
2024-02-24,1.51,28.3,78.74,24.48,1.91,0.78
2024-02-25,5.71,28.72,75.93,22.69,1.34,0.78
2024-02-26,5.44,27.97,80.42,21.34,2.73,0.79
2024-02-27,2.74,28.1,78.32,20.88,2.24,0.79
2024-02-28,4.87,28.25,78.05,24.2,1.5,0.79
2024-02-29,1.98,28.42,78.88,23.12,2.03,0.79
2024-03-01,4.02,28.23,80.68,22.71,2.17,0.79
2024-03-02,2.22,27.93,83.52,22.59,2.31,0.79
2024-03-03,4.14,28.0,82.92,21.59,2.29,0.79
2024-03-04,5.47,27.61,83.66,22.62,1.46,0.8
2024-03-05,3.86,28.11,79.82,21.18,1.24,0.8
2024-03-06,19.27,27.83,82.66,20.77,1.74,0.82
2024-03-07,11.74,27.48,87.4,16.54,2.52,0.84
2024-03-08,20.65,27.44,87.81,18.18,3.7,0.86
2024-03-09,20.41,27.04,86.8,9.26,5.07,0.88
2024-03-10,49.16,26.49,87.55,12.45,5.21,0.91
2024-03-11,39.7,26.34,89.81,10.56,6.6,0.94
2024-03-12,10.27,26.78,84.44,9.06,6.02,0.96
2024-03-13,26.64,26.49,89.28,13.65,4.33,0.97
2024-03-14,41.86,26.41,89.07,12.95,5.13,0.99
2024-03-15,5.99,26.89,85.77,16.63,5.63,0.99
2024-03-16,12.41,26.94,87.31,22.96,5.54,0.99
2024-03-17,6.84,27.33,84.32,21.84,4.19,0.99
2024-03-18,7.46,27.05,86.24,20.01,3.95,0.99
2024-03-19,3.75,27.03,84.99,20.38,3.12,0.99
2024-03-20,1.23,27.39,83.18,23.72,2.51,0.98
2024-03-21,1.77,27.71,78.96,23.58,2.3,0.97
2024-03-22,3.21,27.34,81.18,23.6,2.92,0.97
2024-03-23,0.79,27.69,80.14,23.04,2.27,0.96
2024-03-24,2.9,27.78,79.58,22.83,2.31,0.96
2024-03-25,1.6,27.59,78.97,22.86,2.09,0.95
2024-03-26,1.05,28.01,76.64,22.41,1.66,0.94
2024-03-27,5.71,27.92,81.14,19.55,1.99,0.94
2024-03-28,9.13,27.52,81.52,22.13,2.19,0.94
2024-03-29,11.39,27.14,82.2,20.05,1.89,0.94
2024-03-30,0.82,27.55,80.04,24.59,2.53,0.95
2024-03-31,2.03,27.69,81.56,19.36,3.09,0.94
2024-04-01,5.46,27.87,80.2,20.42,2.07,0.94
2024-04-02,2.61,28.55,76.19,19.6,1.78,0.94
2024-04-03,12.3,27.4,83.17,9.11,2.16,0.93
2024-04-04,39.65,26.74,88.64,7.57,4.19,0.96
2024-04-05,10.78,26.84,87.81,16.91,4.45,0.98
2024-04-06,12.8,26.8,89.52,17.01,4.39,0.98
2024-04-07,5.71,27.03,87.26,19.93,3.59,0.98
2024-04-08,11.59,27.13,84.32,18.51,2.37,0.98
2024-04-09,7.9,27.22,83.9,16.28,1.91,0.98
2024-04-10,13.75,27.33,81.47,16.47,1.17,0.99
2024-04-11,0.8,27.23,80.49,23.11,3.48,0.98
2024-04-12,0.65,27.1,78.94,23.02,3.37,0.97
2024-04-13,0.38,26.83,79.77,21.39,3.13,0.97
2024-04-14,0.73,27.03,80.31,22.9,3.15,0.96
2024-04-15,9.15,27.12,85.37,18.47,4.97,0.96
2024-04-16,2.47,27.01,83.66,17.37,5.79,0.96
2024-04-17,1.35,27.18,81.18,20.18,5.22,0.95
2024-04-18,1.63,27.43,82.23,20.91,4.62,0.94
2024-04-19,8.96,27.0,86.76,17.15,3.79,0.95
2024-04-20,8.2,27.0,86.15,19.04,5.87,0.95
2024-04-21,3.5,27.12,85.22,14.26,5.03,0.95
2024-04-22,5.37,26.32,85.01,13.38,4.73,0.95
2024-04-23,2.42,26.45,84.3,17.14,4.1,0.95
2024-04-24,1.67,27.02,83.76,17.86,3.66,0.94
2024-04-25,2.98,26.86,86.07,21.16,4.31,0.94
2024-04-26,1.12,27.14,85.9,21.21,4.68,0.93
2024-04-27,1.99,27.36,86.48,21.48,6.0,0.92
2024-04-28,0.94,27.17,81.74,17.48,6.66,0.92
2024-04-29,0.08,26.64,79.44,21.22,5.42,0.91
2024-04-30,0.3,26.6,80.87,19.19,5.05,0.9
2024-05-01,0.27,26.49,83.89,20.77,5.23,0.89
2024-05-02,0.53,26.74,83.2,21.14,5.65,0.89
2024-05-03,0.34,26.52,82.84,20.41,5.32,0.88
2024-05-04,0.17,26.59,79.91,19.49,4.39,0.87
2024-05-05,2.77,26.84,80.37,17.98,3.31,0.87
2024-05-06,1.08,26.63,81.11,13.17,4.97,0.86
2024-05-07,2.49,26.59,81.2,18.29,4.75,0.86
2024-05-08,0.09,26.42,77.45,20.24,5.06,0.85
2024-05-09,0.14,26.14,79.25,20.78,5.19,0.85
2024-05-10,0.17,26.23,83.56,18.37,5.39,0.84
2024-05-11,0.41,26.31,82.59,20.67,4.59,0.83
2024-05-12,1.15,26.3,83.18,19.81,4.77,0.83
2024-05-13,0.13,26.14,80.11,20.94,4.99,0.82
2024-05-14,0.07,26.08,81.02,21.15,4.34,0.81
2024-05-15,1.03,26.54,82.68,19.53,4.18,0.81
2024-05-16,1.74,26.54,83.56,20.19,5.55,0.8
2024-05-17,1.03,26.24,83.02,19.88,5.21,0.8
2024-05-18,0.18,26.38,79.42,20.25,5.79,0.79
2024-05-19,0.18,26.13,79.65,19.96,6.14,0.79
2024-05-20,0.56,25.83,80.2,17.69,6.16,0.78
2024-05-21,0.53,25.89,80.67,17.55,6.23,0.78
2024-05-22,0.22,26.08,80.61,17.44,4.43,0.77
2024-05-23,0.37,26.35,81.11,18.46,4.45,0.77
2024-05-24,0.45,26.45,82.48,17.56,4.76,0.76
2024-05-25,1.01,26.77,82.57,18.01,5.35,0.76
2024-05-26,0.37,26.61,80.6,17.14,6.1,0.75
2024-05-27,0.5,26.56,80.55,18.02,5.52,0.75
2024-05-28,0.44,26.57,81.81,19.8,3.78,0.75
2024-05-29,0.21,27.12,82.19,18.72,1.97,0.74
2024-05-30,0.44,27.74,78.71,19.02,1.78,0.74
2024-05-31,1.16,27.68,79.08,16.35,3.14,0.73
2024-06-01,2.14,27.18,84.33,17.21,5.05,0.73
2024-06-02,2.21,27.03,81.53,17.61,4.19,0.73
2024-06-03,2.16,26.47,82.67,14.37,4.74,0.73
2024-06-04,0.11,26.46,78.52,17.47,4.29,0.73
2024-06-05,0.38,26.05,80.06,15.13,5.89,0.72
2024-06-06,3.42,25.48,79.85,15.4,5.72,0.72
2024-06-07,2.53,25.96,80.09,11.7,5.32,0.72
2024-06-08,0.91,25.65,80.17,9.55,5.41,0.72
2024-06-09,0.16,25.72,78.75,16.5,5.0,0.72
2024-06-10,0.16,25.31,75.84,17.3,4.77,0.71
2024-06-11,0.41,25.18,74.29,19.66,3.33,0.71
2024-06-12,0.3,25.64,76.12,18.95,3.85,0.71
2024-06-13,0.31,25.15,76.12,18.67,4.31,0.7
2024-06-14,0.09,24.63,75.05,19.68,3.36,0.7
2024-06-15,0.0,24.69,75.0,19.34,3.26,0.69
2024-06-16,0.05,25.33,81.69,18.59,4.37,0.69
2024-06-17,0.04,25.02,81.2,19.72,5.23,0.69
2024-06-18,0.07,24.77,77.93,19.55,4.7,0.68
2024-06-19,0.09,24.58,75.26,19.33,4.43,0.68
2024-06-20,0.09,24.42,75.69,17.71,4.54,0.67
2024-06-21,0.19,25.01,78.34,17.73,4.89,0.67
2024-06-22,0.5,25.61,76.68,18.21,6.49,0.67
2024-06-23,0.67,25.34,77.22,16.23,6.49,0.67
2024-06-24,0.6,25.24,73.78,11.76,5.07,0.66
2024-06-25,0.03,25.14,71.76,17.23,3.92,0.66
2024-06-26,0.6,25.46,71.83,16.32,3.98,0.66
2024-06-27,0.07,25.89,76.64,18.29,3.35,0.65
2024-06-28,0.09,26.33,78.04,16.14,2.47,0.65
2024-06-29,0.26,26.49,78.38,17.08,3.97,0.65
2024-06-30,0.84,26.5,76.46,16.16,5.15,0.64
2024-07-01,1.23,26.03,80.9,13.27,5.53,0.64
2024-07-02,6.24,26.25,82.52,14.54,5.62,0.64
2024-07-03,1.88,25.85,78.86,15.79,7.15,0.65
2024-07-04,0.38,25.28,75.04,18.63,6.76,0.65
2024-07-05,0.09,24.79,74.26,19.16,6.39,0.65
2024-07-06,0.0,25.1,73.12,18.02,5.43,0.64
2024-07-07,0.14,25.07,76.96,18.6,4.99,0.64
2024-07-08,0.87,25.57,79.36,17.2,5.43,0.64
2024-07-09,0.5,25.8,78.84,18.52,5.69,0.63
2024-07-10,0.4,25.47,77.62,17.3,6.02,0.63
2024-07-11,0.33,25.15,76.96,16.33,5.77,0.63
2024-07-12,0.01,24.39,72.49,20.16,4.75,0.63
2024-07-13,0.0,24.21,67.73,20.13,4.53,0.62
2024-07-14,0.0,24.39,70.1,20.81,5.08,0.62
2024-07-15,0.04,24.24,71.92,19.85,3.84,0.62
2024-07-16,0.01,24.8,70.97,20.46,5.55,0.61
2024-07-17,0.08,24.99,75.44,20.16,6.3,0.61
2024-07-18,0.18,24.65,74.89,16.02,5.92,0.61
2024-07-19,0.07,24.27,70.47,18.5,6.1,0.61
2024-07-20,0.04,24.44,66.84,19.97,5.1,0.6
2024-07-21,0.15,25.2,72.11,13.42,5.67,0.6
2024-07-22,0.19,25.56,70.67,17.31,5.93,0.6
2024-07-23,0.05,25.66,68.43,19.01,5.05,0.6
2024-07-24,0.17,26.21,66.16,19.39,2.96,0.6
2024-07-25,0.24,26.36,68.7,19.4,3.58,0.6
2024-07-26,0.2,26.47,70.83,14.15,4.57,0.6
2024-07-27,2.27,26.77,70.61,16.29,5.36,0.6
2024-07-28,4.1,26.59,76.18,18.58,4.64,0.61
2024-07-29,1.0,26.64,75.86,15.94,4.56,0.61
2024-07-30,0.61,26.63,75.41,18.85,5.83,0.61
2024-07-31,0.4,26.53,75.52,16.13,5.72,0.61
2024-08-01,0.26,26.3,74.62,20.01,5.62,0.61
2024-08-02,0.01,26.09,73.03,20.64,4.96,0.6
2024-08-03,0.02,26.49,68.19,20.99,2.9,0.6
2024-08-04,0.23,26.18,67.46,20.18,4.12,0.6
2024-08-05,0.37,26.14,69.16,19.39,5.06,0.6
2024-08-06,0.29,26.39,70.01,19.56,5.88,0.6
2024-08-07,0.4,26.52,69.94,20.86,6.54,0.6
2024-08-08,0.34,26.18,70.79,20.22,6.09,0.6
2024-08-09,0.12,26.12,67.88,21.73,6.84,0.6
2024-08-10,0.0,25.53,62.82,22.59,5.67,0.6
2024-08-11,0.03,25.27,62.38,22.07,5.09,0.6
2024-08-12,0.36,26.05,67.04,21.35,5.49,0.6
2024-08-13,0.04,25.96,65.73,21.61,6.1,0.6
2024-08-14,0.0,26.02,59.75,22.45,5.05,0.6
2024-08-15,0.0,25.3,61.94,22.3,5.41,0.6
2024-08-16,0.0,25.88,63.13,21.91,4.42,0.6
2024-08-17,0.01,26.36,63.52,21.69,3.42,0.6
2024-08-18,0.01,26.59,62.73,21.27,3.24,0.6
2024-08-19,0.05,26.22,64.56,21.8,4.6,0.6
2024-08-20,0.14,26.35,67.69,21.37,5.06,0.59
2024-08-21,0.12,26.56,67.89,21.97,5.48,0.59
2024-08-22,0.16,27.22,67.15,21.85,4.44,0.6
2024-08-23,0.22,27.17,67.79,21.54,5.07,0.6
2024-08-24,0.38,26.79,68.26,21.4,6.11,0.6
2024-08-25,0.22,27.45,66.19,22.69,5.57,0.6
2024-08-26,0.01,27.52,64.83,23.63,5.13,0.6
2024-08-27,0.06,27.83,64.5,23.07,5.23,0.6
2024-08-28,0.1,27.51,64.17,23.37,5.25,0.6
2024-08-29,0.03,26.95,66.99,22.7,5.58,0.59
2024-08-30,1.31,27.66,64.76,18.3,2.71,0.6
2024-08-31,1.42,27.64,63.27,22.18,4.13,0.6
2024-09-01,0.04,27.23,64.95,23.48,4.33,0.6
2024-09-02,0.22,26.95,68.03,23.44,6.0,0.6
2024-09-03,0.05,27.2,66.91,23.11,5.31,0.6
2024-09-04,0.07,27.65,64.74,23.99,4.45,0.6
2024-09-05,0.14,27.76,65.11,23.41,4.69,0.6
2024-09-06,0.55,27.58,67.43,21.86,6.07,0.6
2024-09-07,0.48,27.56,68.05,23.14,7.0,0.6
2024-09-08,0.36,27.65,69.71,22.94,5.52,0.6
2024-09-09,0.77,28.49,65.85,24.01,4.15,0.6
2024-09-10,0.68,28.1,63.45,22.55,4.9,0.6
2024-09-11,0.18,27.5,62.5,24.69,5.59,0.6
2024-09-12,0.48,27.32,63.35,24.01,5.68,0.6
2024-09-13,0.83,27.28,63.25,23.46,4.91,0.6
2024-09-14,0.28,27.26,61.69,23.77,5.37,0.6
2024-09-15,0.19,27.38,60.5,21.96,5.39,0.6
2024-09-16,0.26,28.14,55.9,22.57,3.84,0.6
2024-09-17,1.49,28.06,56.88,23.12,4.08,0.6
2024-09-18,11.45,27.53,71.3,15.86,3.81,0.61
2024-09-19,2.5,27.52,72.2,21.55,1.97,0.62
2024-09-20,1.51,27.96,70.24,22.37,2.45,0.62
2024-09-21,2.5,28.36,71.39,23.22,1.88,0.62
2024-09-22,2.03,28.69,68.79,21.44,1.09,0.62
2024-09-23,1.76,28.81,69.68,23.21,1.58,0.61
2024-09-24,2.05,29.06,66.72,22.76,1.21,0.61
2024-09-25,2.23,28.32,69.39,21.37,2.66,0.61
2024-09-26,0.57,27.63,72.37,22.71,3.94,0.61
2024-09-27,0.13,28.57,67.9,24.59,3.92,0.61
2024-09-28,0.02,28.63,66.0,24.71,5.15,0.6
2024-09-29,1.31,28.4,68.11,23.5,6.15,0.6
2024-09-30,0.76,28.93,64.09,22.4,4.67,0.6
2024-10-01,1.57,28.54,64.4,22.78,4.32,0.6
2024-10-02,0.38,28.73,65.17,24.02,3.32,0.6
2024-10-03,0.56,28.96,63.1,24.73,4.89,0.6
2024-10-04,0.77,28.72,63.92,25.68,5.11,0.6
2024-10-05,0.78,28.8,63.25,24.09,5.26,0.6
2024-10-06,0.29,28.55,65.11,25.32,5.54,0.6
2024-10-07,0.24,28.61,63.61,25.83,5.44,0.6
2024-10-08,0.14,28.39,64.27,26.56,5.97,0.6
2024-10-09,0.13,28.95,61.07,26.6,4.53,0.6
2024-10-10,0.4,29.01,63.83,26.06,4.77,0.6
2024-10-11,1.08,28.91,65.93,23.85,5.91,0.6
2024-10-12,0.42,29.4,61.5,25.96,4.68,0.6
2024-10-13,0.11,29.48,61.35,26.05,4.15,0.6
2024-10-14,2.36,29.88,60.12,25.69,3.84,0.6
2024-10-15,2.17,29.89,58.72,25.42,2.76,0.6
2024-10-16,3.2,29.61,60.22,23.95,2.06,0.61
2024-10-17,4.1,29.12,61.83,21.89,2.27,0.61
2024-10-18,1.53,28.77,64.01,23.31,4.03,0.61
2024-10-19,0.42,29.13,62.35,24.21,3.49,0.61
2024-10-20,0.52,29.52,59.76,24.83,3.14,0.61
2024-10-21,0.93,29.42,61.32,24.69,2.96,0.6
2024-10-22,0.32,29.74,59.53,25.67,3.02,0.6
2024-10-23,0.58,29.83,59.29,23.11,2.82,0.6
2024-10-24,0.04,30.22,57.67,25.79,2.62,0.6
2024-10-25,0.02,30.32,56.98,26.06,2.87,0.6
2024-10-26,0.16,30.73,56.58,26.07,2.43,0.6
2024-10-27,0.14,30.77,55.69,25.51,1.95,0.6
2024-10-28,0.32,31.11,53.78,26.69,3.81,0.6
2024-10-29,2.04,29.98,62.84,25.69,6.26,0.6
2024-10-30,5.21,29.17,70.29,22.43,6.01,0.6
2024-10-31,5.84,28.54,72.11,22.86,2.35,0.61
2024-11-01,3.99,28.51,69.79,21.36,1.88,0.62
2024-11-02,4.19,29.01,67.94,23.54,1.39,0.62
2024-11-03,1.01,28.81,68.84,26.18,2.81,0.62
2024-11-04,0.82,28.61,68.47,25.74,4.71,0.62
2024-11-05,0.24,28.67,65.16,27.05,5.07,0.61
2024-11-06,0.38,28.93,65.17,25.18,4.91,0.61
2024-11-07,2.87,28.73,70.58,24.06,2.0,0.61
2024-11-08,3.91,28.21,75.73,22.93,1.95,0.61
2024-11-09,0.97,28.79,71.19,25.25,4.13,0.62
2024-11-10,0.43,29.28,67.81,22.87,3.86,0.61
2024-11-11,0.12,29.26,65.15,25.8,4.95,0.61
2024-11-12,0.18,29.6,65.53,25.03,3.8,0.6
2024-11-13,0.34,30.16,61.27,26.64,4.76,0.6
2024-11-14,2.96,29.81,65.66,24.94,4.56,0.6
2024-11-15,1.33,29.94,64.47,24.5,2.84,0.61
2024-11-16,2.92,29.11,70.09,22.64,2.38,0.61
2024-11-17,1.56,28.35,74.53,23.07,1.99,0.61
2024-11-18,1.84,28.28,73.94,24.36,3.88,0.61
2024-11-19,5.7,28.35,77.18,22.86,3.18,0.62
2024-11-20,1.28,29.34,69.29,21.69,2.07,0.62
2024-11-21,2.41,29.33,70.68,19.0,2.56,0.61
2024-11-22,1.13,29.87,67.01,22.75,3.41,0.61
2024-11-23,1.8,30.2,64.1,24.61,4.11,0.61
2024-11-24,0.24,29.89,66.78,23.05,2.63,0.61
2024-11-25,3.2,30.37,64.59,23.12,0.87,0.61
2024-11-26,6.66,29.6,69.58,19.47,1.86,0.61
2024-11-27,1.76,29.66,69.85,21.17,1.48,0.62
2024-11-28,2.58,30.6,63.77,21.4,1.55,0.62
2024-11-29,7.4,29.82,70.14,22.79,1.35,0.61
2024-11-30,3.0,29.09,73.79,22.38,1.53,0.63
2024-12-01,9.42,28.28,77.03,7.11,2.75,0.64
2024-12-02,3.37,28.61,74.41,23.27,2.9,0.64
2024-12-03,31.24,27.83,77.45,19.63,1.41,0.66
2024-12-04,7.33,28.1,76.57,21.38,2.78,0.69
2024-12-05,1.43,28.44,68.23,10.68,1.91,0.7
2024-12-06,4.13,27.08,77.52,17.05,3.06,0.69
2024-12-07,12.68,27.49,78.45,16.56,4.27,0.71
2024-12-08,9.5,28.37,74.28,20.87,4.25,0.72
2024-12-09,10.57,27.66,81.69,17.16,5.88,0.73
2024-12-10,28.91,26.78,85.48,8.63,4.51,0.77
2024-12-11,2.98,28.2,72.28,22.78,1.95,0.78
2024-12-12,6.05,27.16,77.32,22.03,1.81,0.78
2024-12-13,7.53,27.32,79.61,15.43,2.55,0.78
2024-12-14,5.17,27.32,82.19,20.68,2.24,0.79
2024-12-15,6.47,26.71,84.43,18.71,2.52,0.79
2024-12-16,15.99,26.75,85.05,20.27,4.88,0.81
2024-12-17,0.86,27.51,81.21,21.92,3.5,0.81
2024-12-18,1.3,27.59,82.07,22.1,4.85,0.81
2024-12-19,7.86,27.26,85.83,21.4,3.67,0.81
2024-12-20,13.88,27.29,83.66,21.79,2.84,0.82
2024-12-21,7.77,27.6,79.75,18.4,1.37,0.84
2024-12-22,3.72,27.23,82.15,15.88,3.44,0.84
2024-12-23,3.57,27.71,78.59,12.94,3.04,0.84
2024-12-24,2.28,27.86,78.96,23.22,2.56,0.83
2024-12-25,7.31,26.9,84.83,22.43,2.88,0.83
2024-12-26,2.06,26.66,83.09,20.59,2.63,0.83
2024-12-27,1.83,27.16,81.61,19.67,3.31,0.83
2024-12-28,13.53,26.54,84.36,19.0,2.41,0.84
2024-12-29,12.88,26.99,84.32,19.75,2.36,0.85
2024-12-30,14.21,27.0,82.44,20.66,1.2,0.88
2024-12-31,11.1,27.28,82.8,22.48,1.74,0.88
2025-01-01,22.07,26.63,86.67,18.41,1.32,0.9
2025-01-02,5.05,26.37,86.16,14.05,2.23,0.91
2025-01-03,14.78,25.24,83.66,12.28,3.85,0.92
2025-01-04,1.54,25.5,87.85,9.58,3.68,0.92
2025-01-05,14.22,26.4,83.14,19.5,1.92,0.92
2025-01-06,3.88,27.18,78.82,26.03,1.29,0.93
2025-01-07,2.26,28.15,75.42,25.35,1.54,0.93
2025-01-08,3.37,28.2,76.54,24.51,1.05,0.92
2025-01-09,3.8,27.52,80.7,22.19,1.36,0.92
2025-01-10,10.86,27.06,84.46,18.25,2.69,0.92
2025-01-11,8.39,26.84,83.49,21.35,2.11,0.93
2025-01-12,6.06,26.21,86.7,22.28,2.08,0.94
2025-01-13,5.3,26.75,85.02,22.12,2.42,0.94
2025-01-14,6.4,26.74,85.22,20.66,2.16,0.94
2025-01-15,8.96,26.56,84.18,17.66,2.55,0.94
2025-01-16,7.45,26.14,88.18,14.36,4.28,0.95
2025-01-17,6.38,26.34,87.79,20.99,4.35,0.96
2025-01-18,7.84,26.48,88.85,18.73,5.88,0.96
2025-01-19,8.74,26.29,88.3,17.2,4.17,0.97
2025-01-20,14.73,25.95,86.99,14.47,2.68,0.97
2025-01-21,16.74,25.36,87.5,9.78,3.56,0.98
2025-01-22,4.04,26.81,77.54,14.03,1.16,0.98
2025-01-23,21.43,26.94,82.07,22.62,1.18,0.99
2025-01-24,5.86,27.49,80.75,21.58,1.36,0.99
2025-01-25,5.97,27.1,83.38,20.06,1.44,0.99
2025-01-26,34.51,27.09,82.78,18.97,1.26,0.99
2025-01-27,72.45,26.34,88.0,22.44,3.43,1.0
2025-01-28,10.95,25.9,82.9,17.51,1.9,1.0
2025-01-29,3.81,26.38,84.2,17.43,2.66,1.0
2025-01-30,35.79,25.94,89.78,12.07,4.58,1.0
2025-01-31,8.51,25.59,86.43,11.68,5.86,1.0
2025-02-01,3.37,26.63,85.44,19.03,6.1,1.0
2025-02-02,6.9,26.45,87.22,21.35,6.19,0.99
2025-02-03,9.86,26.23,88.32,17.62,5.15,1.0
2025-02-04,6.47,26.14,86.53,19.94,4.21,1.0
2025-02-05,4.96,26.81,82.92,17.89,2.89,0.99
2025-02-06,3.73,26.33,84.86,7.44,3.91,0.99
2025-02-07,23.76,26.52,87.07,9.51,6.58,1.0
2025-02-08,11.26,26.48,86.07,12.43,6.9,1.0
2025-02-09,20.94,26.2,84.28,11.51,7.02,1.0
2025-02-10,7.35,25.99,85.84,16.22,8.1,1.0
2025-02-11,5.84,26.29,86.18,18.63,7.13,0.99
2025-02-12,2.46,26.42,86.53,16.4,4.94,0.99
2025-02-13,6.73,26.51,87.13,21.42,4.09,0.99
2025-02-14,1.56,26.71,85.96,22.86,4.49,0.98
2025-02-15,2.57,26.85,81.92,22.17,2.05,0.98
2025-02-16,2.66,27.17,79.08,23.39,0.94,0.98
2025-02-17,3.5,26.66,81.33,19.55,1.11,0.98
2025-02-18,4.7,26.27,82.96,20.38,1.63,0.98
2025-02-19,3.22,25.95,82.07,17.37,2.87,0.98
2025-02-20,2.19,25.74,83.55,19.6,3.27,0.97
2025-02-21,2.3,25.87,85.35,22.78,2.55,0.97
2025-02-22,8.32,26.2,87.17,18.14,2.31,0.97
2025-02-23,8.63,26.7,79.39,24.82,1.58,0.97
2025-02-24,13.35,26.55,81.24,18.47,1.13,0.98
2025-02-25,3.41,26.92,80.41,20.56,1.37,0.98
2025-02-26,3.1,27.21,81.3,24.74,1.52,0.97
2025-02-27,3.32,27.34,80.81,24.33,2.85,0.97
2025-02-28,2.28,27.35,81.97,26.36,1.87,0.97
2025-03-01,2.73,27.96,75.81,25.34,1.79,0.96
2025-03-02,2.13,27.63,77.84,23.92,2.16,0.95
2025-03-03,0.94,27.76,77.06,25.7,3.27,0.95
2025-03-04,2.86,27.73,81.72,23.45,3.27,0.94
2025-03-05,1.72,27.93,77.72,26.26,3.13,0.93
2025-03-06,1.34,28.23,75.08,25.31,2.13,0.92
2025-03-07,1.78,28.61,74.81,24.49,1.32,0.91
2025-03-08,5.36,26.72,84.96,15.77,1.67,0.92
2025-03-09,8.82,27.06,79.59,20.8,2.12,0.92
2025-03-10,2.48,27.57,77.41,21.22,1.55,0.92
2025-03-11,3.3,26.65,81.52,22.56,1.48,0.92
2025-03-12,7.33,27.32,78.54,23.4,1.56,0.92
2025-03-13,6.89,27.35,80.13,20.82,1.65,0.93
2025-03-14,7.19,27.04,81.94,19.76,1.97,0.93
2025-03-15,4.0,26.5,84.07,16.75,1.74,0.94
2025-03-16,10.48,27.23,81.2,20.15,2.1,0.94
2025-03-17,4.24,27.08,82.82,18.69,2.92,0.95
2025-03-18,4.61,27.06,81.78,20.67,3.42,0.94
2025-03-19,4.39,27.04,78.22,19.3,3.17,0.94
2025-03-20,9.76,26.17,84.24,17.36,3.03,0.94
2025-03-21,15.64,25.88,87.3,16.64,3.71,0.96
2025-03-22,7.83,26.12,85.79,17.82,5.62,0.97
2025-03-23,20.83,26.37,86.25,16.29,6.81,0.97
2025-03-24,9.82,26.42,86.6,17.9,4.48,0.98
2025-03-25,5.91,26.8,84.34,20.5,4.05,0.98
2025-03-26,3.42,26.64,84.89,15.7,3.26,0.98
2025-03-27,1.46,26.88,82.99,12.27,5.32,0.97
2025-03-28,3.37,26.78,84.33,16.57,5.19,0.97
2025-03-29,3.97,26.62,84.19,20.36,4.75,0.96
2025-03-30,2.96,26.45,85.66,19.03,4.27,0.96
2025-03-31,4.34,26.42,85.67,20.35,3.65,0.96
2025-04-01,2.0,26.86,80.01,17.95,3.4,0.96
2025-04-02,2.42,26.88,77.34,16.78,2.43,0.95
2025-04-03,2.93,26.8,73.43,22.86,2.93,0.95
2025-04-04,0.3,26.31,71.79,23.68,1.88,0.93
2025-04-05,0.73,27.47,67.56,21.84,0.8,0.93
2025-04-06,1.72,27.06,74.12,23.51,1.8,0.92
2025-04-07,3.49,26.99,79.7,21.67,3.44,0.92
2025-04-08,2.78,27.13,84.25,14.97,4.59,0.91
2025-04-09,6.18,26.56,85.25,20.37,2.48,0.92
2025-04-10,2.97,26.87,82.68,18.44,2.79,0.92
2025-04-11,1.08,26.98,81.02,22.49,3.66,0.91
2025-04-12,0.22,27.26,78.18,21.49,3.32,0.9
2025-04-13,0.68,27.94,75.27,20.87,1.97,0.9
2025-04-14,0.97,27.73,79.05,18.8,2.25,0.89
2025-04-15,2.19,27.18,81.45,20.3,2.72,0.88
2025-04-16,6.52,26.73,84.53,20.98,2.77,0.89
2025-04-17,2.93,26.82,85.3,20.28,3.87,0.89
2025-04-18,9.42,27.11,84.83,18.54,5.28,0.89
2025-04-19,10.03,26.56,85.62,11.16,3.01,0.9
2025-04-20,1.5,27.04,80.2,19.47,2.82,0.9
2025-04-21,0.61,27.35,75.82,22.45,2.71,0.9
2025-04-22,1.6,27.33,77.18,18.19,2.43,0.89
2025-04-23,5.71,26.78,81.2,14.28,3.61,0.89
2025-04-24,2.41,27.13,79.85,18.83,4.3,0.89
2025-04-25,0.01,26.89,74.1,22.34,2.68,0.88
2025-04-26,0.41,27.35,69.1,22.18,1.42,0.87
2025-04-27,0.06,26.74,73.03,21.1,2.74,0.86
2025-04-28,0.01,26.14,72.27,22.17,3.31,0.86
2025-04-29,0.04,26.18,71.7,22.39,3.61,0.85
2025-04-30,31.76,26.31,80.41,16.89,1.92,0.86
2025-05-01,2.85,26.49,85.02,19.82,4.29,0.88
2025-05-02,2.23,26.74,83.14,19.03,5.58,0.87
2025-05-03,0.64,26.84,80.04,17.19,5.23,0.87
2025-05-04,2.44,26.7,84.77,18.16,5.29,0.86
2025-05-05,4.11,26.65,85.78,18.63,5.31,0.86
2025-05-06,18.88,26.62,86.36,6.8,5.8,0.87
2025-05-07,16.72,25.56,87.03,15.03,4.18,0.9
2025-05-08,6.5,26.25,85.69,18.26,4.56,0.9
2025-05-09,15.27,26.13,86.61,14.08,4.67,0.91
2025-05-10,7.8,25.97,85.58,16.3,3.8,0.92
2025-05-11,3.19,26.19,83.61,16.06,4.65,0.93
2025-05-12,0.27,26.22,78.71,18.36,4.88,0.92
2025-05-13,0.77,26.11,80.99,15.2,4.03,0.91
2025-05-14,2.5,26.66,83.9,17.71,4.83,0.91
2025-05-15,0.87,26.2,85.27,19.17,5.24,0.9
2025-05-16,0.4,26.3,82.43,19.82,5.75,0.9
2025-05-17,0.28,25.99,78.43,19.28,5.9,0.89
2025-05-18,1.07,25.75,79.13,14.84,6.01,0.88
2025-05-19,1.5,25.58,80.86,15.4,5.91,0.88
2025-05-20,1.42,25.61,79.85,16.33,5.59,0.87
2025-05-21,0.52,25.9,79.44,16.78,5.16,0.86
2025-05-22,0.26,25.98,83.68,15.71,5.26,0.86
2025-05-23,2.96,26.43,82.96,15.22,4.24,0.85
2025-05-24,0.8,26.42,82.36,18.18,2.59,0.85
2025-05-25,0.25,26.64,85.28,18.55,2.96,0.85
2025-05-26,2.3,26.54,86.81,17.17,1.73,0.84
2025-05-27,14.85,26.69,83.66,16.38,1.36,0.86
2025-05-28,0.86,26.42,84.99,17.47,3.98,0.86
2025-05-29,0.76,26.59,85.65,17.08,4.16,0.86
2025-05-30,1.09,26.77,84.82,13.95,5.56,0.85
2025-05-31,0.85,26.43,84.48,15.9,5.18,0.85
2025-06-01,0.59,26.29,82.87,16.72,4.18,0.84
2025-06-02,0.55,26.13,82.06,16.5,3.98,0.84
2025-06-03,0.55,25.48,80.72,14.42,3.72,0.83
2025-06-04,0.26,26.08,78.82,18.76,2.81,0.83
2025-06-05,0.24,25.78,79.23,16.15,4.1,0.82
2025-06-06,1.39,26.05,81.03,8.43,5.01,0.82
2025-06-07,0.12,26.02,78.25,17.18,5.81,0.81
2025-06-08,0.06,25.93,75.84,16.87,6.21,0.8
2025-06-09,0.53,25.69,77.1,18.13,5.51,0.8
2025-06-10,0.48,25.44,76.86,17.62,5.59,0.79
2025-06-11,0.31,25.49,77.32,16.6,5.65,0.79
2025-06-12,1.17,25.77,79.76,11.74,6.46,0.78
2025-06-13,2.38,26.2,82.76,12.26,6.17,0.78
2025-06-14,2.2,25.59,80.16,13.42,6.07,0.78
2025-06-15,0.1,25.76,77.13,16.88,5.16,0.78
2025-06-16,0.04,25.38,77.72,18.91,5.78,0.77
2025-06-17,0.07,24.77,74.24,19.16,5.3,0.77
2025-06-18,0.07,24.94,76.67,16.58,4.02,0.76
2025-06-19,0.29,25.73,78.35,14.71,4.11,0.76
2025-06-20,5.57,25.62,81.8,9.47,5.22,0.76
2025-06-21,0.14,25.22,74.72,18.18,5.64,0.76
2025-06-22,0.39,24.77,77.53,14.31,5.44,0.75
2025-06-23,0.49,24.95,78.3,14.78,5.71,0.75
2025-06-24,0.32,24.99,75.54,11.07,5.92,0.74
2025-06-25,2.42,25.55,80.16,9.0,5.79,0.74
2025-06-26,0.72,25.9,78.12,13.98,7.06,0.74
2025-06-27,0.84,25.53,77.9,14.84,7.41,0.74
2025-06-28,0.35,25.34,77.12,14.16,7.3,0.73
2025-06-29,0.6,24.88,74.37,14.97,6.72,0.73
2025-06-30,1.31,25.08,78.05,14.05,6.19,0.72
2025-07-01,1.08,25.17,79.71,14.79,7.36,0.72
2025-07-02,2.43,25.12,81.15,16.32,6.49,0.72
2025-07-03,1.25,25.52,77.87,15.65,5.0,0.72
2025-07-04,0.54,25.72,77.18,11.72,4.85,0.72
2025-07-05,2.53,25.65,80.39,10.88,5.48,0.71
2025-07-06,0.25,25.67,77.84,16.35,6.35,0.71
2025-07-07,0.0,24.86,77.14,18.24,5.83,0.71
2025-07-08,0.17,24.8,77.15,18.03,4.45,0.7
2025-07-09,0.18,25.0,72.4,18.37,5.15,0.7
2025-07-10,0.06,24.33,71.46,15.99,4.02,0.7
2025-07-11,0.34,24.95,76.86,16.24,5.72,0.69
2025-07-12,0.45,25.33,78.85,17.23,5.54,0.69
2025-07-13,0.3,25.54,78.02,18.17,5.98,0.69
2025-07-14,0.62,25.61,79.26,17.19,6.39,0.68
2025-07-15,0.21,25.62,74.25,19.65,5.67,0.68
2025-07-16,0.08,24.76,71.66,17.26,4.72,0.68
2025-07-17,0.01,24.53,72.88,20.27,3.7,0.67
2025-07-18,0.18,24.34,68.65,19.42,3.73,0.67
2025-07-19,0.28,24.58,69.6,20.08,3.47,0.66
2025-07-20,0.14,24.66,75.0,19.92,4.18,0.66
2025-07-21,0.1,25.82,74.01,19.28,3.21,0.66
2025-07-22,0.28,25.79,75.81,16.62,3.99,0.65
2025-07-23,0.03,25.92,75.94,17.34,4.34,0.65
2025-07-24,0.01,26.67,74.57,16.92,3.13,0.65
2025-07-25,0.13,26.51,74.75,18.97,4.15,0.64
2025-07-26,0.22,26.51,76.95,17.39,4.97,0.64
2025-07-27,0.21,26.1,78.11,16.43,5.06,0.64
2025-07-28,0.52,25.9,76.9,18.73,5.5,0.63
2025-07-29,0.41,25.45,73.56,18.66,5.38,0.63
2025-07-30,0.43,25.28,72.77,15.24,4.97,0.63
2025-07-31,0.12,25.77,70.65,15.98,4.74,0.62
2025-08-01,0.11,25.79,76.04,17.37,5.98,0.62
2025-08-02,0.15,26.25,78.3,20.0,5.43,0.62
2025-08-03,0.32,26.14,77.36,17.2,6.05,0.62
2025-08-04,0.01,25.71,71.82,20.96,5.48,0.61
2025-08-05,0.03,25.21,68.81,21.35,4.66,0.61
2025-08-06,0.02,25.32,69.39,21.17,4.15,0.61
2025-08-07,0.1,25.76,72.06,19.8,3.93,0.61
2025-08-08,0.17,26.52,71.78,17.18,4.15,0.6
2025-08-09,0.15,26.6,69.21,20.86,4.86,0.6
2025-08-10,0.57,26.58,69.81,20.57,4.77,0.6
2025-08-11,0.09,26.3,68.15,21.68,6.09,0.6
2025-08-12,0.02,25.91,64.59,21.68,7.33,0.6
2025-08-13,0.0,25.58,60.62,22.79,6.91,0.6
2025-08-14,0.08,25.56,62.77,21.54,6.3,0.6
2025-08-15,0.3,25.79,63.93,20.8,6.79,0.6
2025-08-16,0.02,25.8,64.31,22.02,6.69,0.6
2025-08-17,0.02,26.1,67.75,18.61,6.33,0.6
2025-08-18,0.33,26.67,67.45,19.41,5.83,0.6
2025-08-19,0.14,26.57,67.15,19.12,5.73,0.6
2025-08-20,0.06,26.5,64.37,21.27,4.55,0.6
2025-08-21,0.04,25.98,63.33,21.1,5.24,0.6
2025-08-22,0.01,25.78,65.57,22.04,4.53,0.6
2025-08-23,0.01,26.12,66.05,21.87,4.27,0.6
2025-08-24,0.02,27.25,63.2,20.38,2.8,0.6
2025-08-25,0.49,27.65,63.83,18.44,3.95,0.6
2025-08-26,0.38,27.2,63.46,21.61,5.06,0.6
2025-08-27,0.9,26.51,67.09,20.94,4.09,0.6
2025-08-28,0.43,26.14,65.19,20.44,3.78,0.6
2025-08-29,0.1,26.73,62.11,21.72,4.04,0.6
2025-08-30,0.0,27.33,55.97,21.79,4.46,0.6
2025-08-31,0.09,27.19,63.8,22.72,4.63,0.6
2025-09-01,0.92,26.95,70.43,21.18,6.37,0.6
2025-09-02,0.27,26.84,67.7,22.9,7.25,0.6
2025-09-03,0.09,26.78,63.44,24.32,6.41,0.6
2025-09-04,0.0,26.7,59.76,23.33,5.61,0.6
2025-09-05,0.0,27.13,58.03,23.97,4.1,0.6
2025-09-06,0.01,27.56,60.12,22.85,3.47,0.6
2025-09-07,0.27,27.28,61.81,21.63,4.61,0.6
2025-09-08,2.83,27.54,71.54,17.59,6.34,0.6
2025-09-09,3.9,26.77,78.51,14.46,6.81,0.6
2025-09-10,1.13,27.16,74.63,23.4,5.85,0.61
2025-09-11,0.12,27.74,67.56,23.49,4.84,0.61
2025-09-12,0.81,28.04,67.13,20.26,5.25,0.6
2025-09-13,0.36,27.39,69.58,23.7,6.75,0.6
2025-09-14,0.06,27.56,64.31,23.62,6.4,0.6
2025-09-15,0.09,27.71,64.21,16.2,5.17,0.6
2025-09-16,0.31,27.49,65.24,16.46,4.85,0.6
2025-09-17,0.29,27.18,64.86,14.36,4.93,0.6
2025-09-18,0.16,27.84,62.63,17.46,4.49,0.6
2025-09-19,0.26,27.39,66.43,21.99,5.97,0.6
2025-09-20,0.04,27.85,60.83,24.08,3.72,0.6
2025-09-21,0.0,28.77,57.37,25.76,3.05,0.6
2025-09-22,0.01,29.35,57.64,25.19,3.18,0.6
2025-09-23,0.68,28.53,63.43,24.46,4.49,0.6
2025-09-24,1.06,28.04,62.15,21.95,6.98,0.6
2025-09-25,0.13,28.24,62.57,24.58,4.8,0.6
2025-09-26,0.73,28.27,67.77,23.52,5.92,0.6
2025-09-27,0.44,28.57,64.05,22.04,5.28,0.6
2025-09-28,0.82,28.69,65.08,22.74,4.98,0.6
2025-09-29,2.17,28.56,67.23,19.63,4.8,0.6
2025-09-30,0.58,28.97,61.47,22.44,4.55,0.6
2025-10-01,0.01,29.26,52.03,26.12,3.71,0.6
2025-10-02,0.0,29.5,46.65,26.67,3.58,0.6
2025-10-03,0.1,28.77,59.09,25.54,3.61,0.6
2025-10-04,0.74,29.01,61.05,25.3,4.99,0.6
2025-10-05,0.96,29.18,59.14,25.76,4.02,0.6
2025-10-06,0.19,29.44,54.81,25.79,3.5,0.6
2025-10-07,0.02,28.99,55.46,25.94,2.13,0.6
2025-10-08,0.09,29.47,55.39,25.72,2.64,0.6
2025-10-09,0.25,29.41,55.54,23.78,2.67,0.6
2025-10-10,2.38,28.96,60.06,22.8,3.98,0.6
2025-10-11,4.51,28.47,68.51,23.76,3.92,0.61
2025-10-12,1.8,28.6,70.61,24.78,5.46,0.61
2025-10-13,1.68,28.6,69.65,25.28,4.18,0.61
2025-10-14,1.76,28.61,68.95,22.25,4.28,0.61
2025-10-15,0.43,28.75,67.9,25.76,5.24,0.61
2025-10-16,2.02,28.45,71.59,24.26,5.74,0.61
2025-10-17,0.69,28.55,69.34,25.59,4.83,0.61
2025-10-18,4.08,28.14,73.96,19.21,5.28,0.61
2025-10-19,6.07,27.92,76.95,24.21,3.6,0.62
2025-10-20,1.75,28.24,74.62,22.04,3.67,0.62
2025-10-21,1.59,28.94,69.42,24.83,4.2,0.62
2025-10-22,1.66,29.11,67.31,24.9,2.74,0.62
2025-10-23,0.26,28.85,66.61,25.74,3.62,0.61
2025-10-24,0.09,29.13,65.08,25.49,3.03,0.61
2025-10-25,0.34,29.6,62.5,25.72,2.33,0.6
2025-10-26,0.11,29.68,58.6,22.01,3.71,0.6
2025-10-27,0.79,28.77,60.74,23.05,2.34,0.6
2025-10-28,0.86,29.79,59.48,25.54,3.11,0.6
2025-10-29,0.7,30.12,58.94,23.69,2.24,0.6
2025-10-30,1.91,30.18,58.65,23.34,2.83,0.6
2025-10-31,5.23,28.93,67.41,23.74,2.86,0.61
2025-11-01,4.0,28.4,72.55,25.02,2.0,0.62
2025-11-02,1.84,29.32,68.26,24.56,2.0,0.62
2025-11-03,1.49,29.27,69.12,25.09,1.89,0.61
2025-11-04,0.96,30.0,62.36,23.27,1.2,0.61
2025-11-05,0.8,29.57,65.09,22.02,2.13,0.61
2025-11-06,1.63,29.46,64.54,18.94,2.27,0.61
2025-11-07,4.06,28.46,70.25,22.05,1.81,0.61
2025-11-08,4.16,28.39,71.7,23.0,1.42,0.62
2025-11-09,9.48,28.24,72.32,21.64,1.64,0.63
2025-11-10,1.74,28.27,71.38,20.83,1.18,0.63
2025-11-11,13.4,27.57,74.73,21.67,2.14,0.63
2025-11-12,26.61,26.81,78.49,21.17,1.72,0.68
2025-11-13,11.63,26.93,79.25,20.99,3.22,0.71
2025-11-14,7.66,26.92,80.42,19.67,5.05,0.72
2025-11-15,10.53,27.28,77.52,16.24,6.12,0.72
2025-11-16,0.09,28.22,70.11,23.05,4.0,0.73
2025-11-17,0.85,28.37,71.35,23.17,2.92,0.72
2025-11-18,3.09,28.25,72.94,21.85,2.88,0.71
2025-11-19,2.63,28.45,72.67,22.47,2.22,0.71
2025-11-20,0.95,28.61,73.25,24.94,1.39,0.71
2025-11-21,1.9,28.33,74.6,23.95,1.33,0.71
2025-11-22,1.3,28.4,70.94,23.61,0.88,0.71
2025-11-23,1.48,28.78,69.47,23.86,1.44,0.7
2025-11-24,1.46,28.26,73.93,22.12,2.82,0.7
2025-11-25,2.88,28.49,74.19,23.9,4.16,0.7
2025-11-26,2.21,28.37,76.16,23.67,3.54,0.7
2025-11-27,1.66,28.16,74.94,24.12,2.21,0.7
2025-11-28,2.07,27.86,78.61,22.47,2.46,0.7
2025-11-29,2.77,28.69,71.83,19.73,2.24,0.7
2025-11-30,13.75,27.2,80.68,15.84,3.86,0.71
2025-12-01,1.98,27.31,79.26,19.63,3.9,0.71
2025-12-02,3.53,28.06,75.43,24.34,2.11,0.71
2025-12-03,7.88,27.84,76.34,16.63,2.05,0.72
2025-12-04,2.69,28.33,70.19,24.8,1.89,0.73
2025-12-05,0.26,28.86,67.19,24.59,2.11,0.72
2025-12-06,0.45,28.61,69.78,23.8,1.83,0.71
2025-12-07,0.9,29.09,67.51,19.84,1.66,0.71
2025-12-08,2.02,29.25,67.47,23.62,1.49,0.7
2025-12-09,4.44,28.27,71.14,18.62,2.83,0.7
2025-12-10,12.63,27.63,70.45,19.82,2.36,0.72
2025-12-11,0.42,28.8,65.82,24.32,1.71,0.72
2025-12-12,7.73,27.72,76.95,22.39,2.02,0.72
2025-12-13,26.11,26.95,83.59,20.71,3.35,0.76
2025-12-14,3.61,26.78,82.42,15.4,2.82,0.76
2025-12-15,8.41,26.94,81.52,20.77,3.42,0.77
2025-12-16,13.17,26.29,85.38,20.28,3.77,0.78
2025-12-17,24.81,26.81,81.55,19.8,2.58,0.81
2025-12-18,2.04,27.92,74.82,21.57,1.77,0.82
2025-12-19,2.52,27.3,77.26,24.18,1.75,0.82
2025-12-20,23.85,27.38,75.75,13.07,2.31,0.83
2025-12-21,10.34,27.44,79.86,19.03,2.97,0.85
2025-12-22,9.47,27.47,80.65,11.43,4.16,0.86
2025-12-23,6.82,27.27,83.45,18.66,4.81,0.86
2025-12-24,9.42,27.15,84.74,19.43,5.26,0.87
2025-12-25,1.51,27.48,82.66,22.53,4.65,0.87
2025-12-26,3.34,27.41,83.49,18.39,5.16,0.87
2025-12-27,18.14,26.89,87.04,20.89,4.9,0.87
2025-12-28,8.15,26.77,84.21,19.07,4.5,0.89
2025-12-29,10.43,26.84,85.43,19.42,4.43,0.9
2025-12-30,12.7,26.36,85.28,19.12,3.34,0.91
2025-12-31,4.05,27.24,81.01,23.8,3.45,0.91
