DATE,PRECTOTCORR,T2M,RH2M,ALLSKY_SFC_SW_DWN,WS2M,GWETROOT
1996-01-01,1.79,26.38,83.85,21.04,1.52,0.79
1996-01-02,5.61,26.27,85.27,24.59,1.69,0.79
1996-01-03,10.02,25.95,88.13,21.71,2.22,0.79
1996-01-04,6.71,25.78,88.35,16.05,2.19,0.8
1996-01-05,3.24,26.17,86.73,13.86,3.11,0.8
1996-01-06,0.53,26.52,84.64,23.46,2.73,0.8
1996-01-07,0.18,26.5,84.04,25.67,2.6,0.79
1996-01-08,0.11,26.45,84.81,24.68,3.62,0.78
1996-01-09,0.05,26.61,82.71,23.85,4.0,0.77
1996-01-10,0.07,26.12,84.31,23.81,3.11,0.76
1996-01-11,1.0,26.64,81.73,23.3,2.39,0.75
1996-01-12,2.09,26.2,85.85,23.24,2.33,0.75
1996-01-13,4.46,26.08,85.03,19.39,2.4,0.75
1996-01-14,15.46,26.02,85.2,18.03,2.38,0.76
1996-01-15,15.96,26.81,80.95,22.83,1.58,0.78
1996-01-16,9.84,26.88,83.28,23.04,1.53,0.79
1996-01-17,5.92,26.67,83.22,23.02,1.42,0.79
1996-01-18,6.43,26.69,84.83,25.02,1.55,0.79
1996-01-19,4.43,26.62,85.32,15.54,1.68,0.8
1996-01-20,2.41,26.09,87.87,14.6,1.81,0.79
1996-01-21,4.31,26.16,87.03,20.09,1.23,0.79
1996-01-22,4.22,25.79,89.83,7.17,1.52,0.8
1996-01-23,8.11,25.47,88.41,13.44,2.36,0.8
1996-01-24,20.1,25.39,89.18,8.87,2.82,0.82
1996-01-25,11.05,25.46,87.25,16.75,2.3,0.84
1996-01-26,14.9,25.55,86.5,19.07,2.19,0.84
1996-01-27,21.94,25.59,89.3,14.41,3.3,0.86
1996-01-28,10.01,26.09,90.26,17.35,3.48,0.87
1996-01-29,2.75,25.78,90.3,17.29,3.1,0.88
1996-01-30,1.68,26.03,89.8,22.28,3.4,0.87
1996-01-31,6.48,25.54,89.42,13.21,2.86,0.87
1996-02-01,51.43,25.58,91.2,10.41,3.94,0.89
1996-02-02,19.11,26.01,86.63,15.18,4.29,0.92
1996-02-03,7.41,26.03,88.59,20.47,3.43,0.92
1996-02-04,3.03,25.89,88.73,22.78,2.4,0.92
1996-02-05,5.97,26.35,87.07,23.86,2.36,0.91
1996-02-06,18.93,26.02,89.83,12.73,3.18,0.92
1996-02-07,3.94,25.61,92.45,22.16,3.2,0.93
1996-02-08,2.27,26.53,87.57,24.72,1.86,0.92
1996-02-09,6.12,25.8,89.52,18.15,1.75,0.92
1996-02-10,24.32,25.81,87.22,15.06,1.74,0.93
1996-02-11,36.62,25.77,85.36,7.54,0.94,0.95
1996-02-12,12.37,25.85,89.85,15.88,3.37,0.96
1996-02-13,1.32,25.83,89.82,24.97,2.71,0.95
1996-02-14,4.78,25.71,90.88,24.32,2.07,0.95
1996-02-15,2.84,26.71,86.65,25.72,1.43,0.95
1996-02-16,13.31,25.55,89.76,25.9,1.97,0.94
1996-02-17,6.29,25.47,87.47,23.01,1.72,0.95
1996-02-18,3.5,26.17,84.72,23.1,1.34,0.95
1996-02-19,1.7,26.7,84.34,26.74,1.51,0.94
1996-02-20,2.77,26.81,83.57,23.12,1.16,0.94
1996-02-21,4.14,26.73,82.34,24.17,1.92,0.93
1996-02-22,7.5,25.98,87.37,21.12,1.97,0.93
1996-02-23,25.46,25.4,89.53,5.21,2.66,0.94
1996-02-24,5.04,26.03,85.21,22.28,1.71,0.94
1996-02-25,9.62,25.78,86.3,16.05,2.11,0.94
1996-02-26,10.8,25.21,87.72,17.26,1.17,0.94
1996-02-27,6.45,25.77,89.27,18.8,2.72,0.94
1996-02-28,25.68,25.11,91.88,16.36,3.52,0.95
1996-02-29,100.39,25.48,92.14,9.63,5.39,0.98
1996-03-01,51.54,25.7,89.37,5.95,5.04,1.0
1996-03-02,27.42,25.39,90.71,14.97,3.42,1.0
1996-03-03,20.27,24.96,91.01,5.82,3.12,1.0
1996-03-04,11.95,25.34,90.75,22.57,3.01,1.0
1996-03-05,12.85,25.46,90.29,17.77,3.89,0.99
1996-03-06,24.4,25.22,89.82,19.95,3.99,0.99
1996-03-07,9.6,25.88,89.07,23.54,4.12,0.99
1996-03-08,3.75,26.24,87.77,21.11,5.01,0.99
1996-03-09,8.63,26.06,88.95,23.26,4.68,0.98
1996-03-10,6.35,26.1,89.15,16.78,5.64,0.98
1996-03-11,1.74,26.0,87.24,21.69,4.48,0.97
1996-03-12,0.78,26.4,85.02,21.7,2.34,0.96
1996-03-13,0.31,26.89,80.91,24.16,1.11,0.95
1996-03-14,0.51,26.62,84.65,23.15,1.72,0.95
1996-03-15,0.34,26.69,85.26,24.58,2.1,0.94
1996-03-16,0.12,26.88,84.58,25.32,2.05,0.93
1996-03-17,0.49,27.04,83.44,24.57,2.41,0.92
1996-03-18,1.05,26.32,85.81,22.55,2.2,0.91
1996-03-19,2.21,26.93,83.38,22.78,1.66,0.91
1996-03-20,0.87,27.05,81.91,25.02,2.92,0.9
1996-03-21,1.64,26.94,83.21,23.26,2.43,0.89
1996-03-22,4.43,26.25,85.06,23.31,2.96,0.89
1996-03-23,0.49,26.5,79.33,23.26,3.0,0.88
1996-03-24,0.1,26.18,76.19,25.55,3.19,0.87
1996-03-25,0.28,26.77,76.83,24.67,2.73,0.86
1996-03-26,0.07,27.04,78.81,24.12,2.22,0.85
1996-03-27,0.07,26.65,79.38,25.34,2.37,0.84
1996-03-28,0.0,26.44,76.86,25.52,1.82,0.83
1996-03-29,0.02,26.88,74.58,25.19,1.59,0.81
1996-03-30,0.03,26.83,75.46,25.33,1.73,0.8
1996-03-31,0.12,26.87,77.77,24.21,2.35,0.79
1996-04-01,0.42,27.1,78.4,21.98,2.34,0.78
1996-04-02,3.06,26.99,82.83,22.13,3.42,0.77
1996-04-03,0.88,26.48,84.95,16.71,2.61,0.77
1996-04-04,7.83,26.41,83.03,10.63,2.13,0.77
1996-04-05,3.05,26.02,84.38,9.74,2.57,0.77
1996-04-06,6.59,26.06,83.28,15.33,4.71,0.77
1996-04-07,9.62,26.38,83.82,19.27,4.01,0.78
1996-04-08,2.87,26.57,85.13,23.6,3.88,0.77
1996-04-09,1.84,26.39,84.14,23.85,2.85,0.77
1996-04-10,1.19,26.75,79.58,21.36,1.08,0.76
1996-04-11,1.67,26.7,80.71,17.48,1.13,0.76
1996-04-12,4.18,26.33,82.76,16.03,1.96,0.75
1996-04-13,9.02,25.68,85.93,14.89,1.78,0.76
1996-04-14,5.59,25.99,85.2,22.08,1.54,0.77
1996-04-15,1.5,26.33,86.02,20.73,1.37,0.76
1996-04-16,1.17,26.68,85.56,22.08,0.84,0.76
1996-04-17,0.17,26.45,83.21,19.73,2.79,0.75
1996-04-18,0.1,26.47,82.5,20.25,3.46,0.74
1996-04-19,0.01,26.69,77.5,23.3,3.15,0.73
1996-04-20,0.01,26.32,76.38,23.17,3.16,0.72
1996-04-21,0.0,25.57,74.71,23.27,3.8,0.71
1996-04-22,0.04,25.05,72.63,22.24,3.68,0.7
1996-04-23,0.0,25.19,71.05,22.65,3.52,0.69
1996-04-24,0.0,25.22,73.95,23.17,2.53,0.68
1996-04-25,0.0,25.06,73.97,23.14,2.97,0.68
1996-04-26,0.0,25.26,76.22,22.36,3.25,0.67
1996-04-27,0.0,25.9,73.23,22.82,2.94,0.66
1996-04-28,0.0,26.01,72.02,22.29,2.72,0.65
1996-04-29,0.0,26.46,75.76,22.3,3.39,0.65
1996-04-30,0.0,26.82,74.98,22.41,2.87,0.64
1996-05-01,0.05,27.05,75.06,22.05,3.09,0.63
1996-05-02,0.0,26.59,73.7,21.94,4.0,0.62
1996-05-03,0.0,26.01,67.7,20.31,3.75,0.62
1996-05-04,0.0,25.09,65.01,22.08,2.97,0.61
1996-05-05,0.0,25.08,62.59,21.0,3.15,0.6
1996-05-06,0.02,25.38,69.1,21.26,3.87,0.6
1996-05-07,0.0,25.57,65.67,21.69,3.64,0.59
1996-05-08,0.0,25.04,63.36,21.7,3.68,0.59
1996-05-09,0.02,25.39,67.68,18.93,2.07,0.58
1996-05-10,0.02,26.09,70.87,20.4,2.46,0.58
1996-05-11,0.09,26.56,71.78,21.0,2.98,0.57
1996-05-12,1.36,26.01,77.79,19.0,3.31,0.57
1996-05-13,5.94,25.66,85.37,9.37,4.0,0.57
1996-05-14,5.77,25.36,88.82,13.91,3.89,0.58
1996-05-15,5.9,25.88,82.77,12.94,4.67,0.59
1996-05-16,0.11,26.25,76.23,19.98,4.3,0.59
1996-05-17,0.03,26.32,71.44,19.69,4.22,0.58
1996-05-18,0.0,26.01,71.08,20.04,3.66,0.58
1996-05-19,0.03,25.9,73.59,19.21,4.21,0.57
1996-05-20,0.0,26.51,68.57,19.73,3.77,0.57
1996-05-21,0.0,26.12,72.42,18.99,4.4,0.56
1996-05-22,0.02,25.7,72.03,17.81,4.21,0.56
1996-05-23,0.0,25.45,68.81,19.41,4.5,0.56
1996-05-24,0.0,25.32,67.45,19.9,3.91,0.55
1996-05-25,0.0,25.9,69.27,19.26,2.89,0.55
1996-05-26,0.04,26.43,71.87,19.19,3.01,0.54
1996-05-27,0.26,26.76,73.54,18.9,3.37,0.54
1996-05-28,2.51,26.23,80.56,18.04,3.27,0.54
1996-05-29,0.77,26.12,79.66,17.59,2.73,0.54
1996-05-30,0.13,26.87,75.22,17.24,4.3,0.54
1996-05-31,0.05,26.66,74.09,14.51,4.5,0.54
1996-06-01,0.0,26.15,71.16,18.07,4.59,0.53
1996-06-02,0.0,26.36,70.45,19.48,4.14,0.53
1996-06-03,0.0,25.92,65.89,19.37,4.65,0.53
1996-06-04,0.04,25.9,70.27,19.53,4.45,0.52
1996-06-05,0.0,26.19,69.99,19.45,4.22,0.52
1996-06-06,0.02,26.51,71.51,18.55,3.06,0.52
1996-06-07,0.01,26.41,70.8,18.91,3.26,0.52
1996-06-08,0.02,26.49,71.11,18.85,3.68,0.51
1996-06-09,0.05,26.39,70.69,18.94,3.63,0.51
1996-06-10,0.0,26.55,68.08,19.21,4.51,0.51
1996-06-11,0.0,26.74,65.27,19.21,3.6,0.51
1996-06-12,0.09,26.15,69.42,18.0,3.9,0.51
1996-06-13,0.36,26.0,71.7,17.74,4.11,0.51
1996-06-14,0.07,26.59,67.47,18.93,3.41,0.5
1996-06-15,0.0,26.91,66.82,19.27,2.31,0.5
1996-06-16,0.14,26.85,67.33,18.97,3.68,0.5
1996-06-17,0.07,26.89,67.01,19.55,1.81,0.5
1996-06-18,0.12,26.87,66.62,18.8,2.02,0.5
1996-06-19,0.0,26.31,67.37,19.3,3.36,0.5
1996-06-20,0.0,26.41,66.77,15.47,2.29,0.5
1996-06-21,0.23,26.72,69.37,18.04,2.91,0.49
1996-06-22,0.0,26.63,68.39,17.61,3.5,0.49
1996-06-23,0.06,26.68,70.55,18.28,3.1,0.49
1996-06-24,0.03,27.37,68.05,19.26,1.94,0.49
1996-06-25,0.05,27.45,67.92,19.13,1.85,0.49
1996-06-26,0.31,27.14,68.84,19.35,2.25,0.49
1996-06-27,0.0,27.02,65.98,17.39,3.25,0.49
1996-06-28,0.04,27.31,69.63,16.71,3.47,0.49
1996-06-29,0.0,27.08,67.13,19.55,4.17,0.49
1996-06-30,0.02,26.9,64.1,19.13,3.9,0.49
1996-07-01,0.01,26.49,66.17,16.83,4.75,0.48
1996-07-02,0.0,26.4,65.22,19.02,5.12,0.48
1996-07-03,0.02,26.8,64.92,18.79,3.36,0.48
1996-07-04,0.04,26.6,70.04,15.71,4.51,0.48
1996-07-05,0.01,26.83,69.31,17.93,4.58,0.48
1996-07-06,0.0,26.52,69.29,19.01,4.89,0.48
1996-07-07,0.05,26.66,68.61,17.12,5.15,0.48
1996-07-08,0.0,26.98,64.78,17.5,5.26,0.48
1996-07-09,0.0,26.42,64.65,18.03,4.44,0.48
1996-07-10,0.12,26.31,66.83,16.5,4.02,0.48
1996-07-11,0.03,26.45,66.98,18.8,3.74,0.48
1996-07-12,0.0,26.5,64.48,20.01,4.5,0.48
1996-07-13,0.0,26.11,64.82,18.84,4.44,0.48
1996-07-14,0.02,25.64,60.85,18.51,3.52,0.48
1996-07-15,0.0,25.42,62.69,19.7,3.67,0.48
1996-07-16,0.0,25.22,62.04,16.37,2.6,0.48
1996-07-17,0.0,25.33,62.61,18.85,2.67,0.48
1996-07-18,0.0,25.73,65.14,15.64,3.38,0.48
1996-07-19,0.0,25.92,64.75,15.69,3.29,0.48
1996-07-20,0.0,26.63,62.08,20.14,2.47,0.48
1996-07-21,0.0,26.67,63.28,20.47,2.98,0.48
1996-07-22,0.0,27.09,63.37,20.84,3.33,0.48
1996-07-23,0.0,26.57,65.02,20.39,3.62,0.48
1996-07-24,0.0,26.88,64.76,21.0,2.0,0.48
1996-07-25,0.0,25.94,67.96,19.35,4.53,0.48
1996-07-26,0.0,25.81,64.66,20.7,4.67,0.48
1996-07-27,0.0,25.69,64.09,21.01,4.19,0.48
1996-07-28,0.03,24.79,61.55,20.24,4.64,0.48
1996-07-29,0.0,24.66,56.53,21.52,4.18,0.48
1996-07-30,0.0,24.94,57.84,21.02,2.76,0.48
1996-07-31,0.0,25.07,59.6,20.72,1.94,0.48
1996-08-01,0.0,25.05,63.75,21.16,2.83,0.48
1996-08-02,0.0,25.11,63.83,21.75,2.82,0.48
1996-08-03,0.0,25.56,62.97,20.49,2.63,0.48
1996-08-04,0.0,25.46,64.8,21.75,2.88,0.48
1996-08-05,0.02,25.44,69.57,20.34,1.86,0.48
1996-08-06,0.29,25.42,74.73,17.01,3.29,0.48
1996-08-07,0.55,26.16,73.67,13.99,3.62,0.48
1996-08-08,0.21,26.36,72.72,19.75,2.81,0.48
1996-08-09,0.45,26.68,70.12,20.73,3.8,0.48
1996-08-10,3.93,26.32,72.51,7.75,4.98,0.49
1996-08-11,0.01,26.46,66.45,20.31,5.16,0.49
1996-08-12,0.0,26.59,64.94,22.19,3.36,0.49
1996-08-13,0.12,26.89,69.69,22.13,2.23,0.48
1996-08-14,0.23,26.85,70.54,21.54,3.92,0.48
1996-08-15,0.0,27.04,62.35,22.59,3.4,0.48
1996-08-16,0.0,27.0,63.87,22.41,3.18,0.48
1996-08-17,0.0,26.69,64.7,21.92,3.02,0.48
1996-08-18,0.0,27.35,62.93,22.57,2.73,0.48
1996-08-19,0.0,27.09,64.84,22.59,3.58,0.48
1996-08-20,0.04,26.96,66.59,21.34,4.82,0.48
1996-08-21,0.0,26.76,61.15,21.83,4.69,0.48
1996-08-22,0.0,26.24,58.65,22.52,4.79,0.48
1996-08-23,0.0,26.36,61.48,22.9,1.85,0.48
1996-08-24,0.0,27.07,64.63,22.43,2.05,0.48
1996-08-25,0.0,27.62,64.24,22.45,2.48,0.48
1996-08-26,0.0,27.75,63.39,22.45,3.76,0.48
1996-08-27,0.19,27.5,65.89,22.57,2.95,0.48
1996-08-28,0.0,28.01,64.43,22.54,3.43,0.48
1996-08-29,0.09,27.3,67.52,22.63,4.11,0.48
1996-08-30,0.0,27.67,61.55,23.58,3.6,0.48
1996-08-31,0.2,27.61,64.63,23.33,3.3,0.48
1996-09-01,0.16,26.9,67.72,21.97,3.55,0.48
1996-09-02,0.04,27.28,63.04,21.36,3.62,0.48
1996-09-03,0.05,27.16,63.19,24.06,3.69,0.48
1996-09-04,0.01,26.89,59.84,23.68,4.59,0.48
1996-09-05,0.0,26.64,60.1,23.43,4.67,0.48
1996-09-06,0.08,26.81,63.35,22.38,3.46,0.48
1996-09-07,0.31,26.67,61.54,24.0,4.24,0.48
1996-09-08,0.0,26.45,57.64,24.15,3.81,0.48
1996-09-09,0.0,26.41,61.32,24.57,2.05,0.48
1996-09-10,0.0,27.1,61.8,22.45,2.02,0.48
1996-09-11,0.45,26.47,65.83,23.34,3.33,0.48
1996-09-12,0.0,26.52,63.52,23.47,3.2,0.48
1996-09-13,0.0,27.68,62.13,23.44,2.45,0.48
1996-09-14,0.0,28.54,59.0,24.45,1.31,0.48
1996-09-15,0.0,28.3,60.51,24.17,3.61,0.48
1996-09-16,0.0,27.86,58.76,24.73,3.71,0.48
1996-09-17,0.0,27.93,61.29,24.47,3.78,0.48
1996-09-18,0.0,27.55,64.0,24.72,3.18,0.48
1996-09-19,0.03,28.03,66.06,24.97,3.21,0.48
1996-09-20,0.0,28.11,63.27,25.32,3.12,0.48
1996-09-21,0.0,27.83,63.0,25.58,2.58,0.48
1996-09-22,0.0,27.57,61.75,25.44,2.69,0.48
1996-09-23,0.0,27.18,57.31,25.95,2.91,0.48
1996-09-24,0.0,26.89,49.02,26.15,2.08,0.48
1996-09-25,0.0,27.01,50.32,26.26,2.18,0.48
1996-09-26,0.0,27.04,55.66,26.41,2.61,0.48
1996-09-27,0.32,27.09,60.5,25.81,2.44,0.48
1996-09-28,0.37,27.06,64.92,24.98,2.54,0.48
1996-09-29,0.03,27.17,65.48,22.62,2.91,0.48
1996-09-30,0.17,27.6,65.86,21.41,2.3,0.48
1996-10-01,0.29,28.04,67.26,24.32,2.74,0.48
1996-10-02,0.0,28.29,64.72,25.31,3.16,0.48
1996-10-03,0.0,28.66,61.26,25.63,2.86,0.48
1996-10-04,0.0,29.35,58.98,25.4,2.94,0.48
1996-10-05,0.05,28.66,64.0,25.45,2.07,0.48
1996-10-06,0.03,28.76,60.14,26.09,3.45,0.48
1996-10-07,0.0,28.61,61.48,26.2,3.11,0.48
1996-10-08,4.4,28.91,63.95,25.32,2.75,0.48
1996-10-09,1.76,28.93,63.15,25.7,2.54,0.49
1996-10-10,0.14,28.29,64.88,25.54,3.98,0.49
1996-10-11,8.6,27.94,66.04,25.06,2.56,0.49
1996-10-12,2.39,27.8,67.56,26.41,3.31,0.5
1996-10-13,0.0,28.46,62.27,26.28,2.91,0.5
1996-10-14,0.0,29.05,62.13,26.42,3.26,0.49
1996-10-15,0.23,29.1,63.64,25.69,3.1,0.49
1996-10-16,0.49,29.07,65.03,24.9,2.56,0.49
1996-10-17,0.1,29.36,61.87,26.25,1.92,0.49
1996-10-18,0.14,29.61,60.97,26.45,1.77,0.48
1996-10-19,0.07,29.67,60.45,26.18,3.13,0.48
1996-10-20,1.11,29.27,62.78,25.35,2.0,0.48
1996-10-21,0.73,29.34,62.43,25.85,4.45,0.49
1996-10-22,0.01,29.37,67.73,25.56,4.82,0.48
1996-10-23,0.51,29.66,64.89,22.71,3.51,0.48
1996-10-24,0.53,29.25,64.99,19.66,3.31,0.48
1996-10-25,0.13,29.34,61.39,25.61,2.03,0.48
1996-10-26,0.64,29.29,61.63,25.43,2.79,0.48
1996-10-27,0.54,29.45,60.18,26.32,2.25,0.48
1996-10-28,0.02,29.93,56.1,26.33,2.73,0.48
1996-10-29,0.02,29.85,56.48,26.5,2.93,0.48
1996-10-30,0.04,29.57,59.14,23.17,3.53,0.48
1996-10-31,0.02,29.87,58.09,19.87,2.1,0.48
1996-11-01,0.04,29.25,60.23,23.71,4.15,0.48
1996-11-02,0.16,29.7,59.46,23.62,2.95,0.48
1996-11-03,0.12,29.37,58.84,26.09,3.74,0.48
1996-11-04,0.13,30.01,52.63,25.46,2.98,0.48
1996-11-05,0.05,29.62,56.37,25.91,2.0,0.48
1996-11-06,1.07,29.29,59.84,22.91,2.71,0.48
1996-11-07,5.19,28.77,67.16,21.03,2.85,0.49
1996-11-08,4.26,28.58,69.98,19.82,3.19,0.49
1996-11-09,0.12,29.14,66.24,24.84,2.36,0.49
1996-11-10,0.19,29.12,66.46,26.88,2.74,0.49
1996-11-11,0.45,29.35,62.65,25.57,1.71,0.49
1996-11-12,9.29,28.93,62.39,20.58,1.42,0.49
1996-11-13,8.45,28.25,64.48,23.25,2.13,0.51
1996-11-14,6.14,27.88,71.33,25.96,1.01,0.51
1996-11-15,6.82,27.02,79.47,15.21,1.87,0.53
1996-11-16,4.1,27.34,76.65,16.86,1.3,0.53
1996-11-17,5.77,26.66,80.6,18.76,1.56,0.54
1996-11-18,3.56,27.1,81.32,18.48,2.67,0.54
1996-11-19,18.63,26.84,81.17,18.2,2.31,0.56
1996-11-20,10.5,26.67,80.33,20.4,1.76,0.59
1996-11-21,4.26,27.41,77.0,17.52,2.71,0.59
1996-11-22,0.81,27.51,75.76,21.58,3.68,0.59
1996-11-23,3.15,27.8,73.46,20.09,3.37,0.58
1996-11-24,0.3,28.42,67.75,26.35,3.03,0.58
1996-11-25,0.08,28.61,62.21,26.92,3.07,0.57
1996-11-26,0.09,28.01,62.57,26.7,2.98,0.57
1996-11-27,0.24,28.44,64.39,26.32,2.34,0.56
1996-11-28,7.14,27.83,74.23,24.4,1.6,0.56
1996-11-29,1.05,28.67,71.44,25.16,1.78,0.57
1996-11-30,2.05,28.72,72.5,26.16,1.09,0.56
1996-12-01,1.84,27.76,77.15,26.53,0.91,0.56
1996-12-02,1.52,28.8,68.03,24.06,2.05,0.56
1996-12-03,2.48,28.0,76.05,22.43,1.6,0.56
1996-12-04,1.3,28.46,74.37,23.48,1.75,0.56
1996-12-05,2.73,27.94,77.76,19.46,1.24,0.56
1996-12-06,2.67,27.61,77.37,18.02,1.32,0.56
1996-12-07,10.08,27.54,77.89,24.92,1.15,0.57
1996-12-08,21.83,27.04,81.54,18.03,1.73,0.59
1996-12-09,11.63,26.85,82.87,16.86,2.01,0.62
1996-12-10,12.32,26.9,82.87,19.13,2.74,0.63
1996-12-11,27.99,26.65,84.68,13.47,3.03,0.67
1996-12-12,66.57,26.48,84.45,9.59,3.6,0.73
1996-12-13,36.46,26.36,88.92,8.14,4.72,0.8
1996-12-14,20.37,26.55,86.4,15.95,4.64,0.83
1996-12-15,13.64,26.54,85.71,14.93,3.0,0.84
1996-12-16,15.95,26.1,88.07,14.8,1.9,0.86
1996-12-17,14.8,25.79,86.51,11.22,1.89,0.87
1996-12-18,4.86,26.17,86.59,17.17,3.16,0.87
1996-12-19,6.71,26.15,86.87,17.84,3.09,0.87
1996-12-20,2.01,25.87,87.88,16.72,2.9,0.87
1996-12-21,7.74,25.46,88.03,19.51,2.73,0.87
1996-12-22,10.7,25.35,89.28,17.16,2.68,0.88
1996-12-23,19.4,25.29,90.58,20.54,3.81,0.89
1996-12-24,7.57,24.6,90.07,23.65,3.46,0.9
1996-12-25,12.66,25.63,88.88,17.5,3.36,0.9
1996-12-26,40.32,25.8,89.11,6.07,6.2,0.92
1996-12-27,63.14,25.32,89.1,7.46,5.33,0.95
1996-12-28,45.16,25.88,89.33,11.42,6.75,0.97
1996-12-29,14.21,25.88,88.15,22.33,5.34,0.97
1996-12-30,4.48,26.46,86.94,25.75,4.81,0.96
1996-12-31,6.71,26.37,87.73,24.11,3.24,0.96
1997-01-01,3.6,26.26,85.04,19.64,1.95,0.96
1997-01-02,10.21,25.81,87.34,13.86,2.32,0.96
1997-01-03,21.28,26.08,86.82,20.79,4.66,0.96
1997-01-04,7.42,26.21,86.06,18.57,4.76,0.96
1997-01-05,1.03,26.28,84.92,25.71,4.47,0.95
1997-01-06,1.28,26.15,84.61,25.01,3.26,0.94
1997-01-07,0.24,26.48,82.24,25.61,2.0,0.94
1997-01-08,26.17,26.56,82.18,23.81,1.58,0.94
1997-01-09,19.87,26.32,84.43,20.47,1.5,0.96
1997-01-10,19.24,26.18,86.77,22.57,2.27,0.96
1997-01-11,7.72,26.62,82.52,24.26,1.76,0.96
1997-01-12,4.62,26.18,83.55,24.31,1.53,0.96
1997-01-13,2.65,26.25,82.48,23.8,1.33,0.95
1997-01-14,8.05,26.08,85.14,21.51,2.6,0.95
1997-01-15,13.93,25.87,86.09,15.73,2.78,0.95
1997-01-16,30.54,25.94,88.08,14.72,2.03,0.97
1997-01-17,10.81,25.81,86.54,20.82,1.98,0.97
1997-01-18,3.4,25.8,89.72,21.19,3.14,0.97
1997-01-19,3.06,25.88,88.94,21.88,2.84,0.96
1997-01-20,14.34,25.61,91.66,13.95,3.36,0.97
1997-01-21,13.75,25.41,91.73,14.58,2.93,0.97
1997-01-22,7.0,25.28,89.14,16.69,2.05,0.97
1997-01-23,8.16,25.56,91.83,22.61,3.37,0.97
1997-01-24,10.75,25.5,90.57,16.27,2.72,0.97
1997-01-25,7.89,25.56,90.77,17.37,3.67,0.97
1997-01-26,9.66,25.44,90.8,14.36,4.49,0.97
1997-01-27,2.43,25.59,88.46,18.43,4.58,0.97
1997-01-28,1.94,25.35,89.98,16.36,3.85,0.97
1997-01-29,1.54,25.46,90.1,21.87,3.54,0.96
1997-01-30,0.64,25.93,87.61,24.72,3.27,0.96
1997-01-31,0.24,26.65,83.87,26.24,2.87,0.95
1997-02-01,0.12,26.47,85.02,25.29,2.41,0.94
1997-02-02,2.19,26.18,86.0,21.02,1.41,0.94
1997-02-03,17.22,25.16,89.4,23.0,1.92,0.94
1997-02-04,9.45,25.13,90.05,19.87,2.73,0.95
1997-02-05,7.48,25.79,89.13,22.44,2.49,0.95
1997-02-06,39.06,25.79,90.07,15.83,2.76,0.96
1997-02-07,38.51,24.92,92.74,6.66,2.78,0.98
1997-02-08,10.26,25.44,90.31,14.68,2.13,0.98
1997-02-09,3.78,25.72,89.8,18.2,2.14,0.98
1997-02-10,3.71,25.86,87.45,19.64,1.36,0.98
1997-02-11,8.99,26.01,87.61,23.49,1.68,0.98
1997-02-12,6.42,26.29,87.6,17.26,1.69,0.98
1997-02-13,6.82,26.28,88.83,22.66,2.17,0.97
1997-02-14,4.57,25.93,90.28,19.78,2.68,0.97
1997-02-15,10.9,25.91,90.39,10.83,2.59,0.97
1997-02-16,21.2,25.88,90.46,12.39,2.15,0.98
1997-02-17,34.04,25.6,92.95,13.82,3.8,0.98
1997-02-18,13.08,25.44,92.2,4.82,3.93,0.99
1997-02-19,39.37,25.53,92.94,7.79,3.81,0.99
1997-02-20,22.85,25.28,92.94,7.91,3.04,0.99
1997-02-21,54.94,25.04,92.99,9.04,3.78,1.0
1997-02-22,58.48,25.53,92.67,8.87,6.06,1.0
1997-02-23,16.12,25.84,91.41,15.59,5.71,1.0
1997-02-24,8.91,25.95,87.78,18.67,4.96,0.99
1997-02-25,23.77,26.03,89.91,12.57,4.71,0.99
1997-02-26,19.31,25.08,90.84,17.88,3.81,1.0
1997-02-27,15.07,25.17,91.29,19.91,3.43,0.99
1997-02-28,23.15,25.79,88.55,20.53,5.19,0.99
1997-03-01,16.82,25.9,88.3,15.07,5.22,0.99
1997-03-02,16.82,25.96,88.81,17.86,5.7,0.99
1997-03-03,23.38,25.89,89.1,17.9,5.29,0.99
1997-03-04,15.53,25.82,89.91,7.52,4.97,0.99
1997-03-05,16.83,25.54,91.07,13.95,3.99,0.99
1997-03-06,8.19,25.6,90.64,22.27,3.77,0.99
1997-03-07,4.06,25.84,87.19,21.8,4.06,0.98
1997-03-08,0.93,25.11,82.57,24.34,3.8,0.97
1997-03-09,0.14,25.05,82.75,23.92,3.73,0.96
1997-03-10,1.37,24.88,81.13,23.52,3.1,0.96
1997-03-11,1.58,25.08,83.82,26.49,3.3,0.95
1997-03-12,0.01,24.82,84.17,23.81,2.81,0.94
1997-03-13,0.83,25.08,84.7,24.97,2.25,0.93
1997-03-14,1.92,25.93,81.08,26.06,1.48,0.92
1997-03-15,0.11,25.65,81.55,25.52,2.42,0.91
1997-03-16,0.03,25.83,79.06,26.08,2.14,0.9
1997-03-17,0.83,25.83,77.45,25.52,2.5,0.89
1997-03-18,0.21,25.91,74.51,26.28,1.77,0.88
1997-03-19,0.0,25.84,76.7,25.59,2.2,0.87
1997-03-20,0.27,26.14,79.74,23.87,1.95,0.85
1997-03-21,0.56,26.18,83.37,22.6,2.43,0.85
1997-03-22,0.63,25.94,79.45,26.35,2.44,0.84
1997-03-23,0.0,25.78,75.47,26.2,2.52,0.83
1997-03-24,0.0,26.05,72.67,25.56,1.66,0.81
1997-03-25,0.0,26.33,70.67,25.45,1.74,0.8
1997-03-26,0.0,26.28,71.09,25.81,2.57,0.79
1997-03-27,0.0,26.11,67.34,25.29,1.52,0.78
1997-03-28,0.0,26.59,71.31,25.26,1.23,0.77
1997-03-29,0.0,26.86,76.34,24.63,2.0,0.76
1997-03-30,0.05,26.86,77.68,25.16,2.57,0.74
1997-03-31,0.04,26.64,77.41,24.5,2.6,0.73
1997-04-01,0.1,26.39,78.36,24.03,2.61,0.72
1997-04-02,0.05,26.82,78.41,21.72,2.42,0.72
1997-04-03,0.47,27.02,78.96,23.56,2.47,0.71
1997-04-04,0.07,26.92,75.71,23.86,2.49,0.7
1997-04-05,0.02,26.61,75.97,24.38,2.72,0.69
1997-04-06,0.06,27.1,74.85,23.9,2.35,0.68
1997-04-07,0.05,26.83,76.63,23.83,2.68,0.67
1997-04-08,0.19,26.74,75.96,23.26,2.95,0.66
1997-04-09,0.36,26.67,75.61,20.24,2.61,0.66
1997-04-10,1.0,26.74,76.56,22.3,2.23,0.65
1997-04-11,2.36,26.52,75.59,23.04,1.61,0.65
1997-04-12,1.61,26.65,76.81,21.73,2.45,0.64
1997-04-13,0.45,26.8,76.91,22.7,2.05,0.64
1997-04-14,0.15,26.93,75.96,23.11,3.25,0.63
1997-04-15,0.73,26.77,75.8,21.87,3.33,0.63
1997-04-16,1.27,26.61,74.14,22.76,2.4,0.62
1997-04-17,0.25,26.84,73.35,22.96,2.82,0.62
1997-04-18,0.18,26.77,71.67,22.85,2.91,0.61
1997-04-19,0.01,26.83,69.26,22.64,3.29,0.6
1997-04-20,0.03,26.43,72.08,22.69,3.06,0.6
1997-04-21,0.02,26.91,72.23,19.1,3.46,0.59
1997-04-22,0.0,27.02,66.03,22.73,3.51,0.59
1997-04-23,0.3,26.7,75.86,21.8,3.39,0.58
1997-04-24,0.11,26.97,69.85,22.25,3.67,0.58
1997-04-25,0.21,27.02,73.47,20.89,3.97,0.57
1997-04-26,0.45,27.25,73.84,19.5,4.15,0.57
1997-04-27,0.17,27.52,75.81,21.66,3.36,0.56
1997-04-28,1.81,27.45,75.78,22.31,3.82,0.56
1997-04-29,0.27,27.52,71.92,21.06,3.58,0.56
1997-04-30,0.05,26.8,67.99,22.02,3.82,0.55
1997-05-01,0.0,26.84,63.3,21.94,2.87,0.55
1997-05-02,0.01,26.73,64.31,21.75,2.54,0.54
1997-05-03,0.21,27.0,68.41,19.12,2.78,0.54
1997-05-04,0.02,27.12,68.79,21.43,2.37,0.54
1997-05-05,0.0,26.9,66.33,21.37,1.75,0.53
1997-05-06,0.3,26.75,65.63,21.88,1.69,0.53
1997-05-07,0.0,26.73,64.67,21.87,1.97,0.53
1997-05-08,0.0,26.78,62.6,21.3,2.2,0.52
1997-05-09,0.0,27.07,64.54,21.08,2.12,0.52
1997-05-10,0.01,27.57,63.59,21.1,1.71,0.52
1997-05-11,0.07,27.8,68.17,20.46,1.95,0.52
1997-05-12,0.43,27.58,69.52,20.35,1.53,0.52
1997-05-13,1.92,27.29,70.66,19.87,1.87,0.52
1997-05-14,2.06,27.61,70.01,19.38,1.56,0.52
1997-05-15,0.38,27.53,70.39,20.24,1.48,0.52
1997-05-16,0.8,27.62,71.74,20.02,2.06,0.52
1997-05-17,0.01,27.76,67.39,19.35,2.71,0.51
1997-05-18,0.07,27.52,64.41,20.15,2.52,0.51
1997-05-19,0.37,27.64,64.18,19.71,1.57,0.51
1997-05-20,0.14,27.23,66.31,19.64,1.75,0.51
1997-05-21,0.11,27.38,64.38,19.78,1.53,0.51
1997-05-22,0.12,27.38,66.76,20.23,1.93,0.5
1997-05-23,2.55,27.28,68.9,19.4,2.14,0.5
1997-05-24,0.5,27.26,67.57,19.76,1.96,0.51
1997-05-25,0.06,27.21,67.8,19.17,3.08,0.5
1997-05-26,0.95,26.85,69.13,17.4,3.52,0.5
1997-05-27,0.01,26.48,60.56,20.43,2.62,0.5
1997-05-28,0.0,26.23,59.13,19.49,2.88,0.5
1997-05-29,0.0,25.98,63.03,19.48,3.54,0.5
1997-05-30,0.03,26.26,64.28,18.81,2.59,0.5
1997-05-31,2.62,26.33,70.05,16.42,2.16,0.5
1997-06-01,0.31,26.9,66.78,13.82,1.86,0.5
1997-06-02,1.92,26.29,72.64,14.45,2.45,0.5
1997-06-03,0.13,26.22,68.47,18.64,2.28,0.5
1997-06-04,0.02,26.2,65.33,19.18,2.18,0.49
1997-06-05,0.04,26.05,65.18,19.41,2.1,0.49
1997-06-06,0.08,26.43,66.79,19.35,2.72,0.49
1997-06-07,0.05,26.53,69.67,18.35,3.83,0.49
1997-06-08,2.17,26.53,71.65,18.13,3.37,0.49
1997-06-09,5.27,25.91,76.18,10.33,4.29,0.5
1997-06-10,0.18,25.85,71.93,14.79,3.45,0.5
1997-06-11,0.36,26.17,70.8,19.29,1.87,0.5
1997-06-12,0.35,26.47,70.71,18.48,2.54,0.49
1997-06-13,0.06,26.72,68.34,19.14,2.85,0.49
1997-06-14,0.15,26.71,67.34,17.65,2.83,0.49
1997-06-15,0.21,26.2,69.11,18.1,3.09,0.49
1997-06-16,0.68,25.63,70.47,10.3,4.85,0.49
1997-06-17,0.01,25.66,66.77,18.26,4.22,0.49
1997-06-18,0.04,25.65,67.6,15.23,4.5,0.49
1997-06-19,0.12,25.96,66.61,15.39,4.28,0.49
1997-06-20,0.16,26.14,67.39,16.0,4.3,0.49
1997-06-21,0.03,26.0,65.34,18.43,4.33,0.48
1997-06-22,0.06,25.93,65.59,18.3,4.29,0.48
1997-06-23,0.12,25.83,65.77,18.26,4.38,0.48
1997-06-24,0.0,25.76,63.19,18.82,3.12,0.48
1997-06-25,0.0,25.22,67.5,18.95,4.69,0.48
1997-06-26,0.31,25.78,65.48,16.6,4.77,0.48
1997-06-27,0.59,25.45,68.44,18.03,4.87,0.48
1997-06-28,1.06,25.31,69.99,16.43,5.47,0.48
1997-06-29,0.04,25.96,66.57,18.36,4.15,0.48
1997-06-30,0.01,26.28,65.4,17.27,4.66,0.48
1997-07-01,0.01,26.14,66.79,18.24,4.17,0.48
1997-07-02,0.0,26.58,64.24,18.81,3.51,0.48
1997-07-03,0.0,26.13,63.95,18.95,3.6,0.48
1997-07-04,0.0,25.48,62.47,19.12,4.46,0.48
1997-07-05,0.0,25.19,61.01,19.63,3.52,0.48
1997-07-06,0.0,25.07,65.29,19.64,4.45,0.48
1997-07-07,0.35,25.33,67.29,17.44,4.04,0.48
1997-07-08,0.14,25.23,63.9,18.83,3.61,0.48
1997-07-09,0.0,24.93,62.45,18.1,3.3,0.48
1997-07-10,0.04,25.2,61.75,19.59,2.96,0.48
1997-07-11,0.0,25.09,64.77,19.03,3.88,0.48
1997-07-12,0.02,25.08,71.19,11.28,4.37,0.48
1997-07-13,0.01,26.09,70.21,19.18,4.62,0.48
1997-07-14,0.18,25.58,68.42,15.75,5.67,0.48
1997-07-15,0.0,25.22,63.22,19.46,5.13,0.48
1997-07-16,0.0,25.76,64.35,20.33,3.98,0.48
1997-07-17,0.02,26.19,66.78,18.44,4.75,0.48
1997-07-18,0.03,25.77,63.97,18.27,5.56,0.48
1997-07-19,0.03,25.34,63.14,19.57,4.39,0.48
1997-07-20,0.05,25.14,60.41,19.25,4.56,0.48
1997-07-21,0.02,25.06,65.84,14.01,5.21,0.48
1997-07-22,0.05,25.75,63.63,19.14,3.86,0.48
1997-07-23,0.06,25.66,65.66,19.32,4.06,0.48
1997-07-24,0.05,26.01,65.38,19.53,3.01,0.48
1997-07-25,0.04,25.64,66.24,19.38,3.64,0.48
1997-07-26,0.0,25.53,64.43,21.0,2.74,0.48
1997-07-27,0.0,25.51,63.38,20.57,3.26,0.48
1997-07-28,0.08,25.05,67.53,18.68,3.74,0.48
1997-07-29,0.01,24.85,66.36,20.79,3.83,0.48
1997-07-30,0.0,24.91,62.65,20.48,4.44,0.48
1997-07-31,0.0,25.0,59.43,20.33,4.84,0.48
1997-08-01,0.0,25.24,58.77,19.91,3.18,0.48
1997-08-02,0.14,25.35,64.8,17.46,2.27,0.48
1997-08-03,0.43,25.4,69.37,19.52,2.43,0.48
1997-08-04,0.0,25.75,64.82,20.89,2.34,0.48
1997-08-05,0.0,25.89,66.31,21.19,2.99,0.48
1997-08-06,0.37,25.47,67.09,20.39,2.83,0.48
1997-08-07,0.21,25.26,62.54,20.69,2.36,0.48
1997-08-08,0.26,25.63,62.34,21.63,2.25,0.48
1997-08-09,0.05,25.74,62.45,21.71,2.21,0.48
1997-08-10,0.15,25.77,63.48,21.7,2.17,0.48
1997-08-11,0.02,25.42,66.31,21.2,2.84,0.48
1997-08-12,0.97,25.59,66.44,21.2,2.5,0.48
1997-08-13,0.0,25.72,63.1,21.85,2.41,0.48
1997-08-14,0.0,26.05,60.7,21.62,2.19,0.48
1997-08-15,0.44,25.49,62.32,21.21,3.16,0.48
1997-08-16,0.13,25.29,60.48,21.94,2.88,0.48
1997-08-17,0.0,25.44,55.18,23.04,2.71,0.48
1997-08-18,0.0,24.57,54.55,23.02,3.05,0.48
1997-08-19,0.0,25.38,60.2,22.69,2.23,0.48
1997-08-20,0.03,26.15,62.33,22.12,2.62,0.48
1997-08-21,0.0,25.77,62.16,22.43,2.68,0.48
1997-08-22,0.0,25.47,63.42,22.49,3.53,0.48
1997-08-23,0.0,25.61,64.46,22.06,3.98,0.48
1997-08-24,0.0,25.81,63.78,21.94,2.74,0.48
1997-08-25,0.0,25.51,65.47,22.81,4.73,0.48
1997-08-26,0.0,25.47,62.53,22.8,3.93,0.48
1997-08-27,0.0,25.22,58.36,21.76,3.02,0.48
1997-08-28,0.0,25.24,60.56,23.61,2.42,0.48
1997-08-29,0.0,25.53,60.16,23.58,2.19,0.48
1997-08-30,0.0,26.16,61.19,23.3,2.42,0.48
1997-08-31,0.01,25.85,63.99,22.66,2.62,0.48
1997-09-01,0.06,25.22,66.17,23.25,2.33,0.48
1997-09-02,0.25,25.48,64.67,24.55,2.55,0.48
1997-09-03,0.0,26.24,63.86,22.88,1.32,0.48
1997-09-04,0.0,26.7,62.17,22.39,1.9,0.48
1997-09-05,0.0,26.82,61.9,23.42,1.83,0.48
1997-09-06,0.0,26.45,61.67,23.19,2.2,0.48
1997-09-07,3.9,26.3,61.96,23.54,2.94,0.48
1997-09-08,0.0,26.16,63.83,23.57,3.16,0.49
1997-09-09,0.0,26.13,60.05,23.24,3.1,0.48
1997-09-10,0.0,25.76,59.8,23.17,3.38,0.48
1997-09-11,0.11,25.92,65.72,23.84,3.57,0.48
1997-09-12,0.11,26.01,63.53,24.75,3.31,0.48
1997-09-13,0.0,26.06,64.09,23.84,2.35,0.48
1997-09-14,0.0,26.14,62.94,23.77,3.06,0.48
1997-09-15,0.0,26.09,61.91,23.22,2.85,0.48
1997-09-16,0.09,25.99,63.5,23.75,3.23,0.48
1997-09-17,0.0,25.97,59.42,24.43,3.51,0.48
1997-09-18,0.0,26.11,61.12,24.43,3.36,0.48
1997-09-19,0.0,26.07,62.39,25.37,3.14,0.48
1997-09-20,0.0,25.78,63.41,25.1,2.86,0.48
1997-09-21,0.01,26.26,63.47,23.26,3.28,0.48
1997-09-22,0.0,26.49,57.6,25.48,2.51,0.48
1997-09-23,0.0,26.45,59.48,25.41,2.74,0.48
1997-09-24,0.0,26.71,57.25,25.51,2.44,0.48
1997-09-25,0.0,27.41,57.66,25.58,2.11,0.48
1997-09-26,0.0,27.92,54.89,25.14,1.43,0.48
1997-09-27,0.0,28.05,57.53,24.57,2.19,0.48
1997-09-28,0.0,27.55,59.91,24.16,3.19,0.48
1997-09-29,0.0,27.65,61.18,25.27,1.75,0.48
1997-09-30,0.0,28.48,60.17,24.15,2.42,0.48
1997-10-01,0.02,28.42,62.28,25.61,2.03,0.48
1997-10-02,0.12,28.26,61.01,25.68,1.84,0.48
1997-10-03,0.0,28.22,59.7,26.06,2.04,0.48
1997-10-04,0.0,28.29,60.8,25.69,2.84,0.48
1997-10-05,0.0,27.95,60.88,25.35,2.85,0.48
1997-10-06,0.0,27.82,59.35,25.62,2.39,0.48
1997-10-07,0.0,27.66,58.96,26.45,2.33,0.48
1997-10-08,0.0,27.71,59.61,26.37,1.87,0.48
1997-10-09,1.29,27.65,64.83,25.7,1.93,0.48
1997-10-10,0.06,28.15,64.21,23.27,2.75,0.48
1997-10-11,0.02,28.08,64.12,26.44,3.46,0.48
1997-10-12,0.0,28.15,61.6,26.16,2.95,0.48
1997-10-13,0.0,28.47,56.36,26.32,1.45,0.48
1997-10-14,0.0,28.12,54.05,26.8,2.69,0.48
1997-10-15,0.0,28.26,52.96,26.58,1.95,0.48
1997-10-16,0.0,28.98,55.6,25.92,1.71,0.48
1997-10-17,0.05,29.09,58.75,26.51,1.75,0.48
1997-10-18,0.0,29.21,56.45,26.34,2.2,0.48
1997-10-19,0.0,29.0,58.47,26.29,2.28,0.48
1997-10-20,0.0,29.25,60.73,25.39,2.92,0.48
1997-10-21,0.02,28.74,61.31,23.91,2.78,0.48
1997-10-22,0.0,29.08,58.13,25.83,1.6,0.48
1997-10-23,0.01,29.19,58.56,25.73,2.16,0.48
1997-10-24,0.01,29.13,58.68,26.41,2.27,0.48
1997-10-25,0.0,28.86,59.17,25.88,2.35,0.48
1997-10-26,0.02,29.19,58.52,26.58,1.77,0.48
1997-10-27,0.0,29.4,53.78,26.12,2.67,0.48
1997-10-28,0.0,28.93,54.75,26.54,1.58,0.48
1997-10-29,0.0,29.12,54.58,26.68,2.1,0.48
1997-10-30,0.0,28.89,52.26,27.14,2.32,0.48
1997-10-31,0.0,28.67,53.56,26.49,2.22,0.48
1997-11-01,0.0,28.83,55.49,26.7,2.42,0.48
1997-11-02,0.0,29.13,56.14,26.04,1.99,0.48
1997-11-03,0.0,29.12,57.37,24.84,1.86,0.48
1997-11-04,0.0,29.54,56.84,26.45,1.92,0.48
1997-11-05,0.01,29.84,56.77,26.28,1.94,0.48
1997-11-06,1.52,30.18,56.19,26.26,1.2,0.48
1997-11-07,0.89,29.9,59.17,25.67,1.52,0.48
1997-11-08,0.0,29.84,60.43,25.75,2.01,0.48
1997-11-09,1.04,29.58,61.91,25.83,2.18,0.48
1997-11-10,0.31,29.66,59.49,25.38,2.15,0.48
1997-11-11,0.25,29.54,60.75,23.27,1.92,0.48
1997-11-12,0.64,29.22,62.92,24.36,2.59,0.48
1997-11-13,0.13,29.37,63.91,24.78,2.44,0.48
1997-11-14,0.52,29.7,61.99,24.19,2.33,0.48
1997-11-15,1.92,29.12,67.25,23.27,2.72,0.48
1997-11-16,7.32,28.6,70.46,18.77,2.3,0.49
1997-11-17,1.27,28.87,67.56,25.55,2.07,0.5
1997-11-18,0.01,29.4,63.06,23.69,1.95,0.49
1997-11-19,0.01,29.86,57.68,25.98,1.77,0.49
1997-11-20,0.13,30.05,59.35,25.84,2.49,0.49
1997-11-21,0.01,30.16,61.05,26.41,2.46,0.48
1997-11-22,0.16,29.94,63.24,27.2,2.08,0.48
1997-11-23,0.69,29.98,61.06,26.63,1.35,0.48
1997-11-24,2.19,29.83,62.85,26.12,1.66,0.49
1997-11-25,1.53,29.53,62.23,26.19,1.85,0.49
1997-11-26,20.64,28.54,67.4,25.93,1.3,0.51
1997-11-27,6.66,28.43,69.77,24.95,1.3,0.53
1997-11-28,2.72,28.07,73.1,25.24,1.9,0.53
1997-11-29,1.48,28.99,67.58,24.79,1.91,0.53
1997-11-30,6.58,28.85,68.13,25.83,1.26,0.52
1997-12-01,7.65,27.92,75.95,25.87,1.35,0.54
1997-12-02,6.02,28.08,75.01,24.27,1.87,0.55
1997-12-03,5.9,27.36,81.11,25.89,1.02,0.55
1997-12-04,3.17,28.56,73.94,24.96,1.24,0.55
1997-12-05,5.39,28.78,71.44,25.58,1.6,0.56
1997-12-06,5.24,28.59,73.03,26.15,1.66,0.56
1997-12-07,4.42,28.39,74.72,22.53,2.42,0.56
1997-12-08,10.73,28.08,77.57,24.16,2.53,0.57
1997-12-09,12.63,27.99,78.84,23.3,2.05,0.59
1997-12-10,7.2,27.6,82.07,24.13,1.83,0.6
1997-12-11,6.29,27.0,80.7,21.8,1.47,0.61
1997-12-12,1.28,27.05,79.84,24.13,1.4,0.61
1997-12-13,1.52,27.25,80.61,23.94,2.17,0.61
1997-12-14,2.38,27.42,80.43,24.37,2.49,0.6
1997-12-15,1.71,27.36,82.03,24.4,2.79,0.6
1997-12-16,1.43,26.81,80.73,11.56,2.65,0.6
1997-12-17,5.59,27.41,78.4,17.66,2.79,0.6
1997-12-18,1.41,26.72,83.54,22.78,2.8,0.61
1997-12-19,1.95,27.24,80.63,23.81,1.39,0.61
1997-12-20,1.32,27.8,78.2,24.11,1.12,0.6
1997-12-21,4.42,27.73,80.37,19.89,1.44,0.6
1997-12-22,10.5,27.61,82.39,21.64,2.38,0.61
1997-12-23,19.69,26.84,87.5,20.51,2.91,0.64
1997-12-24,12.96,26.38,87.8,18.98,3.17,0.67
1997-12-25,8.57,26.23,87.68,9.47,3.33,0.68
1997-12-26,6.98,26.33,82.56,11.77,2.7,0.68
1997-12-27,3.12,26.18,86.25,21.69,3.06,0.68
1997-12-28,1.38,26.64,85.7,23.16,2.57,0.68
1997-12-29,1.17,27.29,81.03,22.67,3.11,0.67
1997-12-30,1.29,26.93,81.75,23.21,3.56,0.67
1997-12-31,10.64,26.8,82.14,19.36,4.39,0.67
1998-01-01,9.84,26.97,81.55,19.04,4.5,0.68
1998-01-02,2.87,27.06,81.84,20.75,3.68,0.69
1998-01-03,0.25,27.17,83.61,26.95,3.04,0.68
1998-01-04,3.92,27.0,84.56,25.07,2.66,0.67
1998-01-05,3.28,27.28,83.82,24.24,2.74,0.68
1998-01-06,0.57,26.88,84.4,21.66,2.39,0.67
1998-01-07,0.42,27.0,83.82,22.46,2.72,0.67
1998-01-08,0.16,27.41,80.31,25.8,3.07,0.66
1998-01-09,0.0,27.58,78.69,25.81,2.56,0.65
1998-01-10,0.23,27.7,79.53,25.58,2.75,0.64
1998-01-11,0.43,27.68,80.79,25.87,2.74,0.64
1998-01-12,0.64,27.88,78.76,26.36,2.35,0.63
1998-01-13,0.39,28.3,76.23,23.74,1.02,0.62
1998-01-14,0.5,28.3,77.44,25.72,2.02,0.62
1998-01-15,4.91,29.16,73.13,25.39,1.54,0.62
1998-01-16,2.91,28.91,74.68,26.37,1.71,0.62
1998-01-17,3.03,28.67,75.99,25.48,2.37,0.62
1998-01-18,7.21,27.8,81.54,22.17,2.86,0.62
1998-01-19,15.48,27.4,83.99,18.56,2.86,0.63
1998-01-20,53.72,26.27,87.4,4.84,4.23,0.68
1998-01-21,39.65,26.02,87.01,7.62,5.12,0.76
1998-01-22,16.48,26.67,85.6,16.45,5.06,0.79
1998-01-23,24.03,26.53,89.45,12.83,3.79,0.8
1998-01-24,12.93,26.73,89.8,23.19,4.51,0.83
1998-01-25,10.8,26.78,87.44,19.19,4.19,0.83
1998-01-26,6.7,26.98,88.67,16.35,4.07,0.83
1998-01-27,4.81,26.63,88.49,19.81,2.8,0.83
1998-01-28,2.14,26.43,88.55,19.0,2.84,0.83
1998-01-29,3.06,26.78,88.4,15.16,3.59,0.83
1998-01-30,14.54,26.86,87.05,17.99,3.45,0.83
1998-01-31,7.43,26.88,86.72,21.26,3.56,0.84
1998-02-01,1.04,26.95,86.36,22.23,2.23,0.84
1998-02-02,1.2,26.99,84.85,25.96,1.22,0.83
1998-02-03,17.78,27.66,82.98,25.05,1.52,0.83
1998-02-04,2.73,27.65,82.62,25.98,1.82,0.84
1998-02-05,0.16,27.44,80.96,26.66,1.92,0.83
1998-02-06,3.01,27.12,81.66,25.93,1.94,0.82
1998-02-07,16.03,26.92,82.54,23.82,2.0,0.82
1998-02-08,14.46,26.56,87.73,13.6,1.94,0.83
1998-02-09,9.58,26.51,88.27,15.79,1.96,0.84
1998-02-10,3.65,26.65,88.11,19.69,2.37,0.84
1998-02-11,2.9,26.7,85.58,22.73,2.53,0.84
1998-02-12,21.37,27.23,80.85,24.81,0.63,0.84
1998-02-13,16.56,27.34,83.9,22.53,1.39,0.86
1998-02-14,5.11,27.47,83.33,25.0,1.06,0.87
1998-02-15,7.05,26.89,86.5,24.96,1.92,0.87
1998-02-16,2.48,26.99,84.29,25.13,1.43,0.86
1998-02-17,1.49,27.06,87.37,24.27,1.7,0.86
1998-02-18,2.1,27.58,83.72,21.17,1.29,0.86
1998-02-19,1.32,27.66,84.63,24.8,1.49,0.85
1998-02-20,3.92,27.84,83.48,24.56,1.21,0.85
1998-02-21,6.94,27.88,81.29,23.32,1.21,0.85
1998-02-22,10.07,27.29,83.54,14.05,1.54,0.86
1998-02-23,16.45,26.42,87.7,11.85,1.63,0.86
1998-02-24,4.01,26.62,84.96,16.93,2.0,0.87
1998-02-25,9.67,27.2,82.75,14.93,1.48,0.87
1998-02-26,2.05,27.46,84.41,24.84,1.78,0.87
1998-02-27,1.97,27.02,87.21,25.46,1.97,0.86
1998-02-28,9.53,27.13,86.74,22.37,1.66,0.86
1998-03-01,9.41,26.86,86.32,20.67,2.07,0.87
1998-03-02,1.37,26.97,86.53,25.0,2.69,0.86
1998-03-03,0.54,26.88,88.11,23.89,2.74,0.86
1998-03-04,0.7,26.94,86.41,23.69,2.66,0.85
1998-03-05,1.56,27.07,86.01,21.69,2.24,0.84
1998-03-06,0.54,27.25,86.57,23.56,2.11,0.83
1998-03-07,1.45,27.93,79.0,25.83,1.02,0.83
1998-03-08,6.34,27.52,82.31,25.23,1.51,0.82
1998-03-09,7.61,27.49,83.27,17.83,1.76,0.82
1998-03-10,2.81,27.2,86.06,21.7,1.68,0.82
1998-03-11,7.67,27.32,85.84,18.87,1.64,0.82
1998-03-12,4.43,26.81,87.02,21.86,1.7,0.83
1998-03-13,2.95,26.84,86.24,21.36,1.56,0.83
1998-03-14,3.61,27.21,84.3,22.53,1.11,0.83
1998-03-15,22.49,27.23,86.12,19.04,1.62,0.84
1998-03-16,8.81,27.25,84.55,20.45,1.52,0.86
1998-03-17,9.14,27.56,84.71,23.24,1.3,0.86
1998-03-18,8.9,27.45,82.76,23.27,1.62,0.86
1998-03-19,1.33,27.48,77.54,24.83,1.21,0.86
1998-03-20,0.83,27.5,76.78,25.51,1.07,0.85
1998-03-21,1.06,27.85,77.29,23.95,0.79,0.83
1998-03-22,6.22,27.89,79.58,23.7,1.22,0.83
1998-03-23,9.84,27.25,86.32,21.51,1.18,0.83
1998-03-24,2.8,26.92,87.0,21.41,1.34,0.84
1998-03-25,1.2,27.72,78.96,22.16,0.98,0.83
1998-03-26,2.95,27.56,80.04,23.86,1.98,0.82
1998-03-27,2.81,27.53,79.98,23.31,1.75,0.81
1998-03-28,1.14,27.49,79.88,22.62,2.25,0.8
1998-03-29,0.88,27.49,80.25,24.0,2.52,0.79
1998-03-30,0.28,27.45,80.5,22.57,2.57,0.79
1998-03-31,0.41,27.73,78.73,23.82,2.35,0.78
1998-04-01,0.13,27.51,78.67,23.49,2.56,0.77
1998-04-02,0.27,27.56,78.46,22.95,2.27,0.76
1998-04-03,0.2,27.69,75.98,23.99,1.74,0.74
1998-04-04,1.92,28.01,78.17,22.79,1.51,0.74
1998-04-05,2.17,28.02,81.47,19.57,1.32,0.73
1998-04-06,7.85,27.56,85.61,19.39,1.34,0.73
1998-04-07,6.72,27.53,85.46,22.24,2.61,0.74
1998-04-08,8.02,27.66,84.46,20.72,2.59,0.75
1998-04-09,8.57,27.54,84.98,22.3,2.49,0.75
1998-04-10,9.38,27.42,85.29,21.77,2.3,0.75
1998-04-11,3.11,27.7,81.55,23.18,1.99,0.76
1998-04-12,0.38,27.32,80.31,22.54,2.09,0.74
1998-04-13,0.49,27.65,79.37,22.53,2.2,0.74
1998-04-14,1.38,27.83,78.86,23.25,1.6,0.73
1998-04-15,1.43,27.63,80.14,22.54,2.57,0.72
1998-04-16,1.75,27.69,80.92,22.24,2.18,0.71
1998-04-17,3.37,27.5,82.86,19.73,2.57,0.71
1998-04-18,8.28,27.29,84.63,19.48,1.61,0.71
1998-04-19,9.28,27.02,88.08,17.78,2.19,0.72
1998-04-20,2.14,27.7,83.91,22.49,2.04,0.72
1998-04-21,4.28,27.78,81.53,22.27,1.15,0.72
1998-04-22,7.51,27.37,86.21,20.41,1.67,0.73
1998-04-23,2.72,27.65,84.52,19.53,1.42,0.73
1998-04-24,5.02,27.75,84.3,20.49,1.97,0.73
1998-04-25,5.56,27.66,83.65,21.61,2.73,0.73
1998-04-26,1.57,27.39,83.57,19.12,3.32,0.72
1998-04-27,0.81,27.3,79.93,15.61,4.33,0.71
1998-04-28,0.43,27.57,81.16,21.96,4.01,0.71
1998-04-29,0.58,27.59,81.12,20.86,3.59,0.7
1998-04-30,0.79,27.43,81.03,20.76,3.26,0.69
1998-05-01,0.5,27.53,79.45,22.0,3.46,0.68
1998-05-02,0.72,27.45,80.16,20.87,3.95,0.67
1998-05-03,0.52,27.49,79.95,20.8,4.15,0.67
1998-05-04,0.36,27.2,79.18,21.34,3.51,0.66
1998-05-05,0.08,27.26,76.47,21.26,2.89,0.65
1998-05-06,0.02,26.93,75.01,21.26,3.84,0.64
1998-05-07,0.01,26.64,70.83,21.4,3.94,0.64
1998-05-08,0.01,26.64,72.78,20.87,3.23,0.63
1998-05-09,0.0,27.04,71.36,20.36,2.47,0.62
1998-05-10,0.19,27.2,76.48,20.16,3.12,0.62
1998-05-11,0.21,27.48,75.59,19.14,2.31,0.61
1998-05-12,0.03,27.45,73.89,20.41,2.56,0.6
1998-05-13,0.02,27.31,76.44,20.96,2.28,0.6
1998-05-14,0.28,27.77,77.81,18.07,2.64,0.59
1998-05-15,2.16,27.89,80.72,17.15,3.33,0.59
1998-05-16,8.44,26.41,87.66,14.68,3.92,0.6
1998-05-17,2.02,26.42,85.2,9.18,3.45,0.6
1998-05-18,1.17,26.79,87.45,19.84,1.81,0.6
1998-05-19,2.46,27.54,83.8,20.09,2.19,0.6
1998-05-20,0.56,27.96,78.93,20.13,3.16,0.6
1998-05-21,0.34,27.03,80.29,19.22,3.21,0.6
1998-05-22,0.17,26.65,77.81,16.63,3.4,0.59
1998-05-23,0.0,26.7,72.97,19.07,3.4,0.59
1998-05-24,0.03,27.19,73.14,19.76,3.15,0.58
1998-05-25,0.99,27.48,79.52,14.95,3.21,0.58
1998-05-26,0.98,27.56,76.68,18.97,3.44,0.58
1998-05-27,0.73,27.65,76.11,17.06,3.94,0.57
1998-05-28,0.01,27.39,68.2,19.04,3.35,0.57
1998-05-29,0.14,27.05,72.52,18.26,3.13,0.56
1998-05-30,0.0,27.6,72.3,19.38,2.95,0.56
1998-05-31,1.27,27.32,77.34,18.7,4.26,0.56
1998-06-01,0.05,27.38,73.95,16.8,4.06,0.55
1998-06-02,0.02,26.65,71.95,19.38,3.89,0.55
1998-06-03,0.02,26.36,70.21,19.1,2.86,0.55
1998-06-04,0.85,26.74,73.91,17.46,1.83,0.54
1998-06-05,3.12,27.15,78.26,14.62,3.1,0.54
1998-06-06,0.29,27.36,72.67,18.2,3.83,0.54
1998-06-07,0.0,26.76,70.88,18.8,4.1,0.54
1998-06-08,0.03,26.85,66.56,19.48,2.64,0.53
1998-06-09,0.07,26.93,72.15,18.16,2.93,0.53
1998-06-10,0.6,27.29,72.8,18.2,1.84,0.53
1998-06-11,0.01,27.54,69.19,16.93,2.01,0.53
1998-06-12,2.74,27.06,75.76,14.42,2.62,0.52
1998-06-13,0.7,27.26,71.83,15.72,1.99,0.53
1998-06-14,0.0,28.04,68.4,19.38,2.32,0.52
1998-06-15,0.0,27.46,64.56,18.67,2.05,0.52
1998-06-16,0.01,27.32,68.53,18.84,2.57,0.52
1998-06-17,0.0,28.03,63.76,18.35,2.69,0.52
1998-06-18,0.14,27.59,69.74,17.25,2.27,0.51
1998-06-19,0.77,27.68,73.1,15.13,1.77,0.51
1998-06-20,0.51,27.77,74.42,18.07,3.28,0.51
1998-06-21,0.12,27.91,71.84,17.54,3.97,0.51
1998-06-22,0.13,27.55,71.1,18.97,4.51,0.51
1998-06-23,0.0,26.97,70.33,18.53,3.43,0.51
1998-06-24,0.06,26.7,69.83,17.18,4.63,0.51
1998-06-25,0.0,26.03,64.61,17.16,5.14,0.5
1998-06-26,0.0,26.23,60.01,18.36,3.15,0.5
1998-06-27,0.0,26.87,63.26,19.01,2.04,0.5
1998-06-28,0.86,27.02,75.46,16.46,3.94,0.5
1998-06-29,3.22,27.05,77.52,15.3,2.83,0.5
1998-06-30,3.47,27.16,76.85,15.42,3.13,0.51
1998-07-01,1.63,27.25,73.9,15.79,3.01,0.51
1998-07-02,1.43,27.19,77.08,16.49,2.2,0.51
1998-07-03,1.52,27.27,77.27,11.24,0.85,0.51
1998-07-04,7.19,26.14,85.92,16.69,1.34,0.51
1998-07-05,1.08,27.46,76.94,19.17,1.45,0.52
1998-07-06,1.09,27.36,73.03,19.56,2.81,0.52
1998-07-07,4.37,26.96,77.59,14.47,4.59,0.52
1998-07-08,0.13,27.4,74.31,18.27,4.55,0.52
1998-07-09,0.01,27.01,70.87,18.78,4.44,0.52
1998-07-10,0.01,26.51,69.4,18.04,4.82,0.51
1998-07-11,0.04,25.9,68.69,17.78,4.53,0.51
1998-07-12,0.03,26.12,67.56,18.08,4.04,0.51
1998-07-13,0.07,26.53,67.13,16.35,3.21,0.51
1998-07-14,0.08,27.05,68.92,15.34,2.21,0.5
1998-07-15,0.04,27.24,69.48,16.26,2.87,0.5
1998-07-16,0.01,27.59,65.97,20.07,1.62,0.5
1998-07-17,0.03,27.01,66.86,20.47,3.04,0.5
1998-07-18,0.0,27.01,65.42,20.3,2.44,0.5
1998-07-19,0.15,27.64,69.07,20.08,2.01,0.49
1998-07-20,0.9,27.16,73.3,13.21,4.65,0.49
1998-07-21,0.1,27.88,68.55,19.43,3.29,0.49
1998-07-22,0.06,27.9,69.3,19.52,2.77,0.49
1998-07-23,0.15,27.86,69.67,18.45,4.62,0.49
1998-07-24,0.01,27.58,70.41,18.71,4.46,0.49
1998-07-25,0.19,27.61,67.78,19.3,3.9,0.49
1998-07-26,0.26,27.34,70.2,18.39,2.3,0.49
1998-07-27,0.17,27.41,71.8,17.81,2.69,0.49
1998-07-28,1.15,27.52,72.27,19.5,3.05,0.49
1998-07-29,0.18,27.81,70.33,19.91,3.73,0.49
1998-07-30,0.0,27.77,66.23,20.37,4.4,0.49
1998-07-31,0.02,27.59,64.65,20.53,4.6,0.48
1998-08-01,0.0,27.22,60.51,20.59,2.92,0.48
1998-08-02,0.0,26.72,62.02,20.88,2.87,0.48
1998-08-03,0.0,26.71,63.42,20.33,1.89,0.48
1998-08-04,0.0,27.09,62.64,21.44,2.76,0.48
1998-08-05,0.0,27.14,60.67,21.21,1.84,0.48
1998-08-06,0.0,26.83,66.47,20.31,3.57,0.48
1998-08-07,0.0,27.26,64.05,21.06,1.91,0.48
1998-08-08,0.02,27.12,64.99,19.82,4.1,0.48
1998-08-09,0.19,26.6,68.99,19.25,5.48,0.48
1998-08-10,0.0,27.05,59.88,21.12,5.05,0.48
1998-08-11,0.28,26.87,66.73,19.01,3.89,0.48
1998-08-12,0.0,27.52,65.22,21.31,3.45,0.48
1998-08-13,0.0,27.1,62.03,21.03,3.11,0.48
1998-08-14,0.02,27.1,62.22,21.54,2.86,0.48
1998-08-15,0.04,27.34,62.01,22.79,2.94,0.48
1998-08-16,0.0,26.74,64.04,21.6,3.77,0.48
1998-08-17,0.0,26.81,62.19,21.61,3.18,0.48
1998-08-18,0.0,26.24,61.48,21.95,3.68,0.48
1998-08-19,0.0,26.96,61.43,22.16,3.23,0.48
1998-08-20,0.0,27.2,65.98,20.49,3.11,0.48
1998-08-21,0.0,27.74,67.17,22.47,2.93,0.48
1998-08-22,0.02,28.41,66.95,22.45,3.76,0.48
1998-08-23,0.0,28.08,67.33,22.11,4.12,0.48
1998-08-24,0.0,27.71,68.41,21.1,4.23,0.48
1998-08-25,0.0,27.85,68.33,21.58,3.98,0.48
1998-08-26,0.01,27.76,67.11,22.25,4.78,0.48
1998-08-27,0.0,27.26,67.05,21.96,4.69,0.48
1998-08-28,0.0,26.59,62.3,23.67,4.94,0.48
1998-08-29,0.0,26.61,56.96,22.02,3.2,0.48
1998-08-30,0.72,26.37,61.72,21.71,3.23,0.48
1998-08-31,0.07,27.0,61.68,22.56,3.02,0.48
1998-09-01,0.0,27.33,60.61,23.52,2.45,0.48
1998-09-02,0.0,26.83,59.67,23.23,2.31,0.48
1998-09-03,0.0,27.06,58.61,22.85,2.66,0.48
1998-09-04,0.0,26.8,62.75,22.87,3.51,0.48
1998-09-05,0.0,27.47,64.53,22.84,2.1,0.48
1998-09-06,0.0,28.42,60.97,24.05,2.29,0.48
1998-09-07,0.0,28.26,66.57,22.15,4.33,0.48
1998-09-08,0.03,27.88,67.67,22.61,4.5,0.48
1998-09-09,0.0,27.87,63.3,22.93,3.82,0.48
1998-09-10,0.0,26.9,63.01,23.36,3.56,0.48
1998-09-11,0.0,27.17,62.32,23.39,2.98,0.48
1998-09-12,0.0,27.7,59.2,23.23,2.39,0.48
1998-09-13,0.0,28.41,60.5,23.82,2.52,0.48
1998-09-14,0.21,28.15,63.38,23.14,2.55,0.48
1998-09-15,0.0,28.86,61.54,23.44,2.77,0.48
1998-09-16,0.0,28.89,62.74,23.8,2.09,0.48
1998-09-17,0.0,29.07,61.55,23.29,1.58,0.48
1998-09-18,0.25,28.85,60.12,24.55,2.15,0.48
1998-09-19,0.0,28.74,61.88,23.5,2.47,0.48
1998-09-20,0.0,28.83,61.59,23.35,2.88,0.48
1998-09-21,1.2,29.07,66.09,22.5,2.64,0.48
1998-09-22,1.66,28.36,70.68,21.75,3.22,0.48
1998-09-23,1.34,28.07,72.9,14.12,2.87,0.48
1998-09-24,1.15,28.88,67.19,21.58,2.94,0.49
1998-09-25,0.1,29.03,62.13,25.3,4.0,0.48
1998-09-26,0.0,28.81,61.78,24.62,3.45,0.48
1998-09-27,0.1,28.69,64.01,22.29,3.77,0.48
1998-09-28,0.24,29.08,63.8,23.58,2.24,0.48
1998-09-29,0.0,29.28,60.77,24.56,2.81,0.48
1998-09-30,0.03,29.11,60.27,23.54,1.63,0.48
1998-10-01,0.0,28.88,57.99,24.52,3.32,0.48
1998-10-02,0.18,28.66,61.08,23.9,2.81,0.48
1998-10-03,0.38,29.18,58.65,23.97,1.65,0.48
1998-10-04,0.0,29.5,57.23,25.7,2.59,0.48
1998-10-05,0.23,29.36,57.31,24.31,1.88,0.48
1998-10-06,0.0,29.7,55.42,26.09,2.35,0.48
1998-10-07,0.17,29.71,58.18,25.92,2.54,0.48
1998-10-08,0.0,29.69,59.6,26.05,2.46,0.48
1998-10-09,0.09,29.76,61.81,25.35,2.78,0.48
1998-10-10,1.22,29.68,62.61,25.99,2.19,0.48
1998-10-11,0.33,30.13,61.16,25.97,1.26,0.48
1998-10-12,0.98,30.04,60.55,24.24,2.15,0.48
1998-10-13,0.62,30.11,62.79,25.12,2.89,0.48
1998-10-14,0.15,29.66,64.31,24.2,3.46,0.48
1998-10-15,0.37,30.06,61.27,24.59,1.91,0.48
1998-10-16,0.01,29.6,64.04,21.39,3.89,0.48
1998-10-17,0.2,29.97,63.43,25.14,2.06,0.48
1998-10-18,1.24,29.25,67.71,24.89,2.4,0.48
1998-10-19,4.98,28.94,69.36,23.61,2.27,0.49
1998-10-20,10.72,28.4,73.06,22.53,2.18,0.5
1998-10-21,3.81,28.65,72.33,25.36,2.75,0.51
1998-10-22,1.6,29.21,69.6,22.06,2.79,0.51
1998-10-23,1.37,28.97,72.12,25.32,2.08,0.51
1998-10-24,1.19,29.18,71.25,22.19,1.71,0.5
1998-10-25,0.5,29.28,69.07,24.06,1.23,0.5
1998-10-26,0.26,29.87,65.17,22.76,1.34,0.5
1998-10-27,1.62,29.82,66.71,25.72,1.12,0.5
1998-10-28,2.48,28.75,72.47,21.83,1.35,0.5
1998-10-29,2.4,28.47,74.42,23.26,1.41,0.5
1998-10-30,10.05,28.46,75.32,17.74,1.3,0.51
1998-10-31,9.32,28.08,74.65,17.09,2.19,0.53
1998-11-01,6.42,27.9,75.1,22.02,2.28,0.53
1998-11-02,5.65,27.8,76.91,24.08,2.02,0.54
1998-11-03,11.84,27.99,76.48,21.35,1.08,0.55
1998-11-04,20.28,27.84,78.15,24.18,1.94,0.57
1998-11-05,8.01,27.89,80.01,17.67,1.95,0.6
1998-11-06,2.21,28.4,75.85,24.77,2.51,0.6
1998-11-07,0.81,28.94,72.94,25.99,3.34,0.6
1998-11-08,0.17,29.28,68.79,25.63,2.88,0.59
1998-11-09,3.37,28.61,74.02,25.52,2.83,0.58
1998-11-10,6.45,28.42,77.4,13.44,3.62,0.59
1998-11-11,6.3,28.15,77.95,23.14,3.01,0.59
1998-11-12,17.11,28.28,77.09,17.21,2.22,0.61
1998-11-13,13.47,28.52,75.47,22.03,2.13,0.63
1998-11-14,14.54,27.61,79.5,16.36,2.05,0.64
1998-11-15,39.59,26.91,84.94,12.07,2.1,0.68
1998-11-16,6.71,27.34,78.3,22.4,1.29,0.72
1998-11-17,2.82,27.24,78.97,19.74,1.23,0.71
1998-11-18,7.32,26.23,86.77,19.46,1.39,0.71
1998-11-19,6.9,26.54,86.81,17.64,1.88,0.72
1998-11-20,1.95,26.32,87.2,18.97,2.25,0.72
1998-11-21,6.49,26.37,87.78,21.55,1.73,0.72
1998-11-22,3.7,26.73,85.1,23.29,2.05,0.72
1998-11-23,2.08,26.73,86.38,22.18,1.66,0.72
1998-11-24,1.21,26.62,86.04,23.66,2.0,0.72
1998-11-25,3.58,26.27,87.52,16.74,2.72,0.71
1998-11-26,2.69,25.88,89.18,10.63,1.5,0.72
1998-11-27,2.41,26.22,84.8,21.23,1.53,0.72
1998-11-28,9.58,26.02,84.73,11.97,1.36,0.72
1998-11-29,13.78,26.1,84.84,22.02,2.19,0.73
1998-11-30,23.51,26.18,86.56,16.54,1.96,0.76
1998-12-01,19.11,26.08,87.92,16.4,2.38,0.79
1998-12-02,8.28,26.13,88.24,19.88,2.68,0.8
1998-12-03,14.19,25.93,90.67,9.07,3.09,0.81
1998-12-04,4.73,25.86,86.47,21.85,1.96,0.82
1998-12-05,1.67,26.74,84.31,23.16,2.96,0.81
1998-12-06,4.01,26.75,84.76,16.47,3.03,0.81
1998-12-07,1.37,27.42,84.3,17.07,3.36,0.8
1998-12-08,7.15,27.42,84.56,16.11,3.94,0.8
1998-12-09,15.82,27.08,86.83,17.71,4.95,0.81
1998-12-10,8.89,27.2,83.35,16.02,6.01,0.82
1998-12-11,10.0,27.02,82.56,19.44,4.44,0.82
1998-12-12,4.62,26.75,85.14,22.83,2.48,0.82
1998-12-13,1.71,26.7,84.22,22.19,1.77,0.82
1998-12-14,0.23,26.93,83.32,23.63,1.54,0.81
1998-12-15,0.97,26.75,84.12,23.37,1.67,0.8
1998-12-16,4.4,26.74,85.6,21.29,2.32,0.8
1998-12-17,0.05,26.96,80.89,23.26,2.5,0.8
1998-12-18,3.84,26.9,81.3,21.03,2.78,0.79
1998-12-19,1.16,26.52,82.7,21.75,2.24,0.79
1998-12-20,3.03,26.36,86.11,22.7,1.88,0.78
1998-12-21,5.77,25.98,89.53,22.75,1.45,0.78
1998-12-22,11.69,25.85,89.67,21.6,2.33,0.8
1998-12-23,2.63,26.5,83.59,21.68,1.63,0.8
1998-12-24,6.6,26.39,87.46,19.87,2.2,0.8
1998-12-25,6.05,25.86,87.06,16.63,2.58,0.8
1998-12-26,14.01,26.12,86.83,24.01,2.62,0.81
1998-12-27,13.07,26.41,88.16,22.62,3.2,0.82
1998-12-28,8.99,26.99,85.9,24.31,4.15,0.83
1998-12-29,16.18,26.58,85.29,19.28,4.01,0.84
1998-12-30,7.99,26.86,83.17,22.35,3.79,0.85
1998-12-31,4.15,26.86,80.12,21.08,2.98,0.84
1999-01-01,1.09,26.7,82.73,24.48,2.8,0.83
1999-01-02,0.58,27.04,80.95,24.0,2.03,0.82
1999-01-03,1.35,27.25,80.9,24.43,1.33,0.81
1999-01-04,1.32,26.11,88.19,20.66,2.18,0.81
1999-01-05,3.28,26.36,86.6,11.82,1.82,0.81
1999-01-06,6.52,26.11,89.88,19.4,1.95,0.81
1999-01-07,7.67,25.83,91.1,20.89,1.53,0.82
1999-01-08,16.83,25.78,92.58,9.45,2.45,0.83
1999-01-09,7.69,25.31,91.54,6.52,2.71,0.85
1999-01-10,1.71,25.7,82.6,22.4,1.32,0.84
1999-01-11,6.92,26.13,83.05,20.37,0.74,0.84
1999-01-12,18.2,25.01,91.96,13.21,2.07,0.86
1999-01-13,8.47,25.65,85.51,11.45,1.23,0.87
1999-01-14,2.61,25.64,88.67,18.77,1.94,0.87
1999-01-15,5.32,25.89,89.82,21.91,2.42,0.87
1999-01-16,8.29,25.37,90.06,7.86,2.24,0.87
1999-01-17,8.77,25.19,89.21,8.93,2.49,0.88
1999-01-18,33.17,25.58,89.89,10.74,3.03,0.9
1999-01-19,21.12,25.92,90.22,9.12,4.31,0.92
1999-01-20,18.02,26.41,89.06,10.79,4.15,0.92
1999-01-21,15.94,26.09,88.94,19.88,3.76,0.94
1999-01-22,17.88,26.2,87.73,20.54,2.59,0.93
1999-01-23,4.08,26.97,83.05,21.28,1.57,0.94
1999-01-24,17.75,27.0,85.03,25.68,1.92,0.93
1999-01-25,3.61,27.39,82.99,24.07,1.49,0.94
1999-01-26,3.28,28.14,79.97,23.7,1.13,0.93
1999-01-27,13.3,28.01,83.06,21.37,1.59,0.93
1999-01-28,7.52,27.5,84.26,22.35,1.09,0.93
1999-01-29,12.15,27.07,86.86,17.2,2.47,0.93
1999-01-30,10.37,26.62,89.22,13.24,2.67,0.94
1999-01-31,6.6,26.65,89.16,11.05,4.32,0.94
1999-02-01,25.83,26.74,89.59,10.28,4.97,0.95
1999-02-02,27.01,26.6,89.49,17.82,4.44,0.96
1999-02-03,6.48,26.21,91.04,22.2,4.11,0.96
1999-02-04,19.16,25.94,91.56,19.94,4.28,0.96
1999-02-05,62.17,25.65,91.19,7.0,4.04,0.98
1999-02-06,13.89,25.51,90.35,16.92,3.73,0.98
1999-02-07,17.73,25.75,89.19,19.37,3.71,0.98
1999-02-08,21.24,26.33,89.5,12.32,4.88,0.99
1999-02-09,19.16,26.16,86.21,15.19,4.07,0.99
1999-02-10,4.59,26.18,87.19,22.48,3.3,0.98
1999-02-11,2.08,26.06,88.45,18.97,2.47,0.98
1999-02-12,2.6,25.88,90.01,20.64,3.52,0.98
1999-02-13,4.51,26.23,88.88,22.03,3.74,0.97
1999-02-14,17.81,25.97,86.87,15.01,4.42,0.98
1999-02-15,30.12,25.95,85.97,9.3,4.69,0.98
1999-02-16,20.4,25.59,88.2,14.38,4.56,0.99
1999-02-17,8.94,25.98,85.81,17.68,3.67,0.98
1999-02-18,4.88,26.34,85.64,20.83,3.11,0.98
1999-02-19,5.42,26.52,84.97,23.87,2.88,0.97
1999-02-20,18.23,26.07,88.39,18.11,3.1,0.97
1999-02-21,13.07,25.82,90.81,20.99,3.26,0.98
1999-02-22,23.06,25.78,91.11,22.62,3.43,0.98
1999-02-23,12.88,25.78,90.72,20.93,3.01,0.98
1999-02-24,30.29,25.47,91.69,5.18,3.18,0.98
1999-02-25,38.14,24.8,90.79,9.5,3.01,0.99
1999-02-26,8.99,25.31,85.51,12.29,3.26,0.99
1999-02-27,8.3,25.44,86.76,17.88,2.16,0.99
1999-02-28,3.54,25.89,87.31,22.67,2.5,0.98
1999-03-01,9.36,26.12,87.11,17.66,2.15,0.98
1999-03-02,6.6,25.82,89.77,13.36,2.71,0.98
1999-03-03,7.3,25.87,90.44,10.31,2.57,0.98
1999-03-04,1.22,26.46,88.87,20.7,1.93,0.98
1999-03-05,18.45,27.05,85.42,20.11,1.1,0.97
1999-03-06,8.1,26.49,86.87,16.21,1.73,0.98
1999-03-07,3.05,27.01,82.94,21.11,1.81,0.97
1999-03-08,7.87,26.32,89.38,15.0,2.06,0.97
1999-03-09,2.43,26.79,83.25,21.77,0.94,0.97
1999-03-10,4.33,26.65,85.56,23.3,1.35,0.97
1999-03-11,12.64,26.31,87.29,18.36,1.81,0.97
1999-03-12,11.34,26.09,89.42,7.06,2.44,0.97
1999-03-13,10.85,25.88,89.73,13.09,2.92,0.97
1999-03-14,4.31,26.48,87.04,15.58,2.5,0.97
1999-03-15,1.92,26.33,86.27,21.71,1.72,0.96
1999-03-16,4.15,26.14,87.32,22.98,1.16,0.96
1999-03-17,8.83,26.3,87.21,21.87,1.63,0.96
1999-03-18,16.76,26.35,88.34,9.53,2.41,0.96
1999-03-19,13.68,25.86,91.86,14.03,2.69,0.97
1999-03-20,11.89,25.96,89.48,20.51,1.29,0.97
1999-03-21,34.11,25.78,90.74,18.59,1.67,0.98
1999-03-22,29.95,26.12,90.34,17.94,3.91,0.99
1999-03-23,4.18,26.25,87.78,15.84,3.12,0.99
1999-03-24,9.76,26.03,89.73,11.38,3.2,0.98
1999-03-25,8.99,25.94,91.42,12.04,2.44,0.99
1999-03-26,9.95,26.28,87.77,18.22,2.0,0.98
1999-03-27,4.83,26.33,86.99,21.98,1.1,0.98
1999-03-28,4.18,26.52,86.53,20.5,2.04,0.98
1999-03-29,4.15,26.49,86.11,19.66,2.23,0.97
1999-03-30,21.61,26.2,88.24,18.3,2.29,0.97
1999-03-31,8.81,26.49,86.9,16.24,1.43,0.98
1999-04-01,11.02,25.95,90.27,21.57,1.98,0.98
1999-04-02,3.83,26.46,85.04,20.2,0.88,0.98
1999-04-03,4.13,26.47,85.47,16.81,1.21,0.97
1999-04-04,9.72,26.83,86.42,11.72,1.26,0.97
1999-04-05,8.25,26.44,88.5,15.76,1.98,0.97
1999-04-06,2.5,26.24,89.45,16.63,2.04,0.97
1999-04-07,0.46,25.94,89.52,20.93,1.18,0.97
1999-04-08,0.06,27.04,80.18,20.74,1.08,0.96
1999-04-09,2.77,27.22,82.93,22.33,0.77,0.96
1999-04-10,15.36,26.95,86.64,19.51,1.95,0.96
1999-04-11,15.89,26.73,88.69,12.33,2.3,0.97
1999-04-12,5.12,26.41,87.62,18.76,2.78,0.97
1999-04-13,3.22,26.24,85.33,23.33,1.96,0.97
1999-04-14,0.13,26.58,80.12,22.47,2.85,0.96
1999-04-15,0.01,26.4,76.14,20.85,2.51,0.95
1999-04-16,0.2,26.43,77.41,20.88,2.72,0.94
1999-04-17,0.58,26.72,78.17,17.64,2.66,0.93
1999-04-18,2.52,26.63,79.47,19.89,2.23,0.93
1999-04-19,0.81,26.66,79.0,20.21,3.06,0.92
1999-04-20,0.81,26.72,80.46,19.88,2.96,0.91
1999-04-21,4.73,26.69,80.78,15.84,3.04,0.9
1999-04-22,6.51,26.36,85.06,19.49,3.99,0.9
1999-04-23,1.14,26.21,85.51,19.43,4.5,0.9
1999-04-24,0.58,26.12,83.93,18.08,4.98,0.89
1999-04-25,0.04,25.47,85.59,21.5,3.97,0.89
1999-04-26,3.97,26.49,84.22,20.16,2.8,0.88
1999-04-27,1.13,26.54,86.07,21.0,2.54,0.88
1999-04-28,2.53,26.61,86.89,20.69,2.32,0.87
1999-04-29,2.27,26.03,85.11,17.64,2.44,0.87
1999-04-30,0.14,25.68,80.04,19.17,4.03,0.87
1999-05-01,0.01,25.21,77.0,17.46,4.53,0.86
1999-05-02,0.0,24.68,75.51,19.8,4.55,0.85
1999-05-03,0.0,24.4,75.73,20.88,3.58,0.84
1999-05-04,0.0,24.44,75.04,21.47,3.37,0.83
1999-05-05,1.06,25.6,84.23,16.74,4.18,0.82
1999-05-06,0.95,25.91,83.63,20.6,4.02,0.81
1999-05-07,0.82,25.86,82.08,21.28,4.07,0.8
1999-05-08,0.18,25.29,76.26,21.44,4.27,0.79
1999-05-09,0.03,24.99,74.48,20.88,4.14,0.78
1999-05-10,0.08,25.05,74.95,18.87,4.02,0.77
1999-05-11,0.0,24.56,76.25,20.9,3.63,0.76
1999-05-12,0.33,24.69,75.82,21.29,3.06,0.75
1999-05-13,0.43,25.27,74.86,21.16,1.92,0.74
1999-05-14,0.32,25.72,74.96,20.51,1.19,0.74
1999-05-15,0.2,25.51,77.63,20.41,2.43,0.73
1999-05-16,0.03,24.63,78.48,20.46,3.58,0.72
1999-05-17,0.15,24.75,76.93,20.56,3.47,0.71
1999-05-18,0.01,24.81,77.5,19.68,3.16,0.71
1999-05-19,0.0,24.39,76.82,15.57,3.24,0.7
1999-05-20,0.0,24.99,75.89,20.44,3.73,0.69
1999-05-21,0.0,24.8,72.48,20.38,4.04,0.68
1999-05-22,0.0,24.2,71.19,20.45,4.06,0.67
1999-05-23,0.0,23.89,68.62,20.45,3.23,0.67
1999-05-24,0.0,23.87,68.23,19.22,3.27,0.66
1999-05-25,0.13,24.26,69.85,18.53,3.16,0.65
1999-05-26,0.0,24.81,71.03,20.28,3.31,0.65
1999-05-27,0.0,25.42,74.55,19.85,2.99,0.64
1999-05-28,0.03,25.05,75.69,14.87,2.63,0.63
1999-05-29,0.0,25.11,74.52,19.43,2.73,0.63
1999-05-30,0.0,24.71,74.1,18.36,3.17,0.62
1999-05-31,0.0,25.39,74.7,19.21,3.6,0.62
1999-06-01,0.25,26.02,77.81,16.97,4.33,0.61
1999-06-02,0.08,26.12,73.81,20.08,3.73,0.61
1999-06-03,0.0,25.52,69.36,19.74,3.45,0.6
1999-06-04,0.0,25.25,71.32,19.57,2.05,0.6
1999-06-05,0.02,25.42,73.87,19.27,2.27,0.59
1999-06-06,0.49,25.62,75.14,18.83,2.34,0.59
1999-06-07,3.11,25.31,80.98,19.11,3.98,0.59
1999-06-08,1.44,25.15,82.37,18.38,2.3,0.59
1999-06-09,0.68,25.8,77.1,19.33,3.56,0.59
1999-06-10,0.0,25.76,72.03,19.76,2.94,0.58
1999-06-11,0.0,25.82,70.15,19.29,2.32,0.58
1999-06-12,0.1,25.52,71.36,18.91,2.16,0.57
1999-06-13,0.01,25.69,69.46,19.42,3.61,0.57
1999-06-14,0.0,25.97,66.99,19.37,2.61,0.56
1999-06-15,0.19,25.99,70.85,19.06,3.06,0.56
1999-06-16,0.0,26.06,69.93,19.32,3.95,0.55
1999-06-17,0.0,26.09,70.88,19.48,3.89,0.55
1999-06-18,0.86,25.41,77.6,14.08,4.03,0.55
1999-06-19,1.51,25.4,80.05,14.17,4.41,0.55
1999-06-20,0.08,26.02,74.01,16.63,4.34,0.55
1999-06-21,2.19,25.51,77.66,15.0,4.03,0.55
1999-06-22,1.02,25.46,74.88,9.85,4.69,0.55
1999-06-23,0.02,25.6,66.94,18.36,5.46,0.55
1999-06-24,0.03,25.57,65.21,17.68,4.98,0.54
1999-06-25,0.02,25.66,62.92,18.24,5.0,0.54
1999-06-26,0.0,25.45,61.55,19.06,4.81,0.53
1999-06-27,0.0,24.96,59.79,20.02,4.23,0.53
1999-06-28,0.0,24.52,63.07,17.62,4.2,0.53
1999-06-29,0.11,24.16,66.48,18.03,4.39,0.53
1999-06-30,0.01,25.02,64.97,16.66,4.3,0.53
1999-07-01,0.07,25.56,70.87,13.2,5.25,0.52
1999-07-02,0.2,25.15,72.33,15.39,6.06,0.52
1999-07-03,0.01,25.32,69.15,16.91,5.66,0.52
1999-07-04,0.01,25.21,69.17,15.06,5.94,0.52
1999-07-05,0.02,25.64,69.6,16.66,4.55,0.52
1999-07-06,0.13,25.79,68.55,17.05,3.37,0.52
1999-07-07,0.05,25.9,70.06,18.83,3.38,0.51
1999-07-08,0.0,26.24,66.36,19.42,3.25,0.51
1999-07-09,0.0,25.94,66.46,19.76,3.97,0.51
1999-07-10,0.02,26.18,66.98,19.8,3.51,0.51
1999-07-11,0.14,26.15,68.95,19.02,3.88,0.51
1999-07-12,0.0,26.06,66.46,20.08,3.34,0.51
1999-07-13,0.0,25.4,63.71,19.33,3.97,0.5
1999-07-14,0.0,24.78,60.79,20.52,4.19,0.5
1999-07-15,0.0,24.25,57.66,20.62,4.58,0.5
1999-07-16,0.0,24.24,61.13,20.02,3.14,0.5
1999-07-17,0.0,24.68,67.07,19.84,3.33,0.5
1999-07-18,0.0,24.84,68.68,19.28,3.96,0.5
1999-07-19,0.0,24.51,69.59,19.35,4.34,0.5
1999-07-20,0.0,25.09,65.76,17.01,2.93,0.49
1999-07-21,0.0,24.85,64.35,20.27,3.55,0.49
1999-07-22,0.03,25.32,65.65,19.12,3.45,0.49
1999-07-23,0.01,24.89,62.53,20.74,5.42,0.49
1999-07-24,0.0,24.88,57.58,20.22,5.27,0.49
1999-07-25,0.0,25.0,58.31,19.71,3.89,0.49
1999-07-26,0.0,25.19,60.86,19.25,3.13,0.49
1999-07-27,0.01,25.36,63.97,19.3,3.61,0.49
1999-07-28,0.0,25.34,61.12,20.42,3.46,0.48
1999-07-29,0.0,25.28,61.98,19.42,2.77,0.48
1999-07-30,0.0,25.25,64.04,19.36,3.99,0.48
1999-07-31,0.02,25.68,66.9,19.93,4.32,0.48
1999-08-01,0.51,25.41,69.35,17.9,3.97,0.48
1999-08-02,0.0,25.7,65.46,21.69,4.0,0.48
1999-08-03,0.0,25.4,63.48,20.65,4.08,0.48
1999-08-04,0.0,25.42,62.26,21.84,3.41,0.48
1999-08-05,0.0,25.13,67.31,19.79,3.28,0.48
1999-08-06,0.05,25.93,68.86,20.65,3.01,0.48
1999-08-07,0.02,26.1,71.62,20.24,3.3,0.48
1999-08-08,0.06,25.99,68.13,21.77,3.85,0.48
1999-08-09,0.0,25.84,61.03,22.06,3.5,0.48
1999-08-10,0.0,25.17,65.98,21.8,3.93,0.48
1999-08-11,0.11,25.24,67.92,21.68,4.05,0.48
1999-08-12,0.01,25.54,67.54,21.73,4.71,0.48
1999-08-13,0.0,25.89,63.61,21.61,3.99,0.48
1999-08-14,0.03,25.12,67.85,21.97,4.32,0.48
1999-08-15,0.0,24.59,64.58,21.62,5.07,0.48
1999-08-16,0.0,24.24,57.54,22.95,4.32,0.48
1999-08-17,0.0,24.7,57.5,21.33,3.86,0.48
1999-08-18,0.45,24.72,59.23,19.84,2.83,0.48
1999-08-19,1.53,25.02,68.08,7.22,3.47,0.48
1999-08-20,0.03,25.98,65.67,21.29,2.32,0.48
1999-08-21,0.03,26.03,67.95,20.73,3.05,0.48
1999-08-22,0.0,26.61,65.42,22.25,1.99,0.48
1999-08-23,0.0,26.99,64.83,22.67,3.88,0.48
1999-08-24,0.0,26.85,60.43,22.35,3.03,0.48
1999-08-25,0.0,25.93,66.79,22.36,3.8,0.48
1999-08-26,0.0,25.6,63.14,21.56,3.53,0.48
1999-08-27,0.0,25.95,62.42,19.55,2.41,0.48
1999-08-28,0.0,26.61,60.44,22.85,3.29,0.48
1999-08-29,0.25,26.01,65.85,22.7,3.31,0.48
1999-08-30,0.0,25.55,65.15,23.05,3.52,0.48
1999-08-31,0.0,25.22,62.55,22.92,3.66,0.48
1999-09-01,0.0,25.54,62.8,23.32,3.56,0.48
1999-09-02,0.0,25.94,62.22,22.33,3.17,0.48
1999-09-03,0.0,26.27,61.8,23.5,2.44,0.48
1999-09-04,0.0,26.3,60.18,24.04,3.27,0.48
1999-09-05,0.0,26.31,61.52,24.57,3.33,0.48
1999-09-06,0.0,26.71,61.04,24.77,1.93,0.48
1999-09-07,0.0,26.91,61.26,24.47,2.08,0.48
1999-09-08,0.0,26.28,62.65,24.42,3.74,0.48
1999-09-09,0.0,26.01,63.17,24.93,3.63,0.48
1999-09-10,0.03,26.09,65.24,24.58,3.53,0.48
1999-09-11,0.0,26.57,64.15,24.59,3.38,0.48
1999-09-12,0.02,27.07,62.56,24.58,3.64,0.48
1999-09-13,0.0,27.06,63.62,24.75,2.63,0.48
1999-09-14,0.0,27.37,60.99,25.02,2.37,0.48
1999-09-15,0.0,27.58,59.31,24.78,1.73,0.48
1999-09-16,0.0,27.6,59.8,24.97,2.18,0.48
1999-09-17,0.0,27.36,59.22,25.41,3.15,0.48
1999-09-18,0.0,27.54,60.17,24.75,3.55,0.48
1999-09-19,0.03,27.73,64.83,24.88,3.76,0.48
1999-09-20,0.0,27.29,60.55,25.09,4.21,0.48
1999-09-21,0.0,27.15,58.25,25.65,2.6,0.48
1999-09-22,0.0,27.63,62.14,25.29,2.58,0.48
1999-09-23,0.02,27.87,61.47,25.57,3.79,0.48
1999-09-24,0.02,27.6,60.57,25.59,2.6,0.48
1999-09-25,0.03,27.59,61.32,25.54,4.25,0.48
1999-09-26,0.0,27.13,63.37,26.44,4.29,0.48
1999-09-27,0.0,26.49,66.85,25.99,4.58,0.48
1999-09-28,0.0,26.31,65.16,26.58,4.5,0.48
1999-09-29,0.0,26.95,61.79,26.47,3.79,0.48
1999-09-30,0.0,27.13,57.98,26.45,2.41,0.48
1999-10-01,0.11,27.83,60.0,26.53,3.87,0.48
1999-10-02,0.0,28.34,59.76,25.3,3.04,0.48
1999-10-03,0.0,28.67,59.14,26.06,2.96,0.48
1999-10-04,0.0,29.04,57.08,26.02,2.8,0.48
1999-10-05,0.01,28.89,61.06,26.31,3.39,0.48
1999-10-06,0.08,28.96,62.54,25.92,3.29,0.48
1999-10-07,0.01,28.97,60.76,25.61,3.21,0.48
1999-10-08,0.03,28.66,59.7,24.95,2.83,0.48
1999-10-09,0.01,28.95,60.25,26.13,2.92,0.48
1999-10-10,0.06,28.82,63.74,25.19,3.29,0.48
1999-10-11,1.94,28.06,68.04,24.08,1.99,0.48
1999-10-12,2.24,28.13,68.63,21.85,2.2,0.48
1999-10-13,16.38,27.52,74.85,24.04,1.87,0.5
1999-10-14,3.16,27.74,73.51,25.54,2.06,0.52
1999-10-15,0.16,27.96,72.84,25.67,3.76,0.51
1999-10-16,0.41,27.87,73.04,25.77,2.96,0.51
1999-10-17,0.08,28.66,66.76,25.13,2.81,0.51
1999-10-18,0.29,28.36,64.35,26.75,3.28,0.5
1999-10-19,0.01,28.42,65.63,26.71,2.79,0.5
1999-10-20,0.12,28.85,64.43,24.28,2.72,0.49
1999-10-21,1.18,28.26,68.8,26.57,3.23,0.49
1999-10-22,1.57,27.49,73.85,24.07,3.32,0.49
1999-10-23,0.39,28.42,66.05,24.53,2.96,0.49
1999-10-24,0.65,28.91,63.44,22.62,1.66,0.49
1999-10-25,0.58,28.8,66.75,26.48,2.06,0.49
1999-10-26,0.1,29.25,64.4,23.94,2.9,0.49
1999-10-27,0.11,29.55,62.99,26.76,2.95,0.49
1999-10-28,0.05,29.77,61.64,21.49,2.9,0.49
1999-10-29,0.02,29.7,63.24,23.41,3.13,0.48
1999-10-30,0.03,29.59,63.94,27.15,2.98,0.48
1999-10-31,0.17,29.31,65.67,18.81,3.87,0.48
1999-11-01,0.37,28.82,69.39,17.92,3.36,0.48
1999-11-02,3.75,28.08,72.81,23.26,2.66,0.49
1999-11-03,2.66,28.47,67.34,21.97,1.78,0.49
1999-11-04,4.77,28.61,68.62,24.65,2.05,0.5
1999-11-05,2.82,28.39,70.3,23.56,1.94,0.5
1999-11-06,2.84,27.74,75.76,21.15,1.51,0.5
1999-11-07,4.7,27.8,76.42,23.24,1.43,0.5
1999-11-08,3.43,27.97,74.51,23.16,2.65,0.51
1999-11-09,1.9,28.57,74.15,21.59,3.42,0.51
1999-11-10,2.91,28.62,73.56,19.97,2.04,0.51
1999-11-11,1.01,27.49,72.28,13.26,3.52,0.51
1999-11-12,0.52,28.44,67.8,24.94,3.37,0.51
1999-11-13,0.02,28.9,62.99,25.04,2.26,0.5
1999-11-14,0.01,28.95,61.09,24.28,2.17,0.5
1999-11-15,3.24,28.86,61.81,25.03,1.74,0.5
1999-11-16,4.25,28.15,69.67,19.68,1.83,0.51
1999-11-17,6.13,26.32,81.23,21.5,1.48,0.51
1999-11-18,1.95,26.93,75.56,22.13,2.0,0.52
1999-11-19,18.36,26.37,85.21,14.68,1.94,0.53
1999-11-20,6.07,26.61,82.59,22.82,2.12,0.56
1999-11-21,1.14,26.78,78.9,18.32,1.57,0.56
1999-11-22,30.78,26.69,80.35,21.25,2.02,0.58
1999-11-23,5.85,27.02,78.88,24.06,3.48,0.61
1999-11-24,0.37,27.82,73.33,26.51,2.89,0.6
1999-11-25,0.84,28.21,71.59,24.69,3.04,0.6
1999-11-26,2.46,27.92,74.87,24.34,2.84,0.59
1999-11-27,1.02,28.19,74.69,23.91,2.96,0.59
1999-11-28,0.89,28.25,73.69,25.6,2.33,0.59
1999-11-29,1.71,28.15,72.29,26.79,1.38,0.58
1999-11-30,2.11,27.57,78.65,26.12,2.6,0.58
1999-12-01,2.49,27.66,78.21,25.23,1.83,0.58
1999-12-02,18.69,27.8,78.52,21.18,1.94,0.6
1999-12-03,5.26,27.94,78.0,23.7,1.75,0.62
1999-12-04,4.66,27.82,78.93,20.65,2.13,0.62
1999-12-05,4.41,27.41,80.0,23.87,2.94,0.62
1999-12-06,25.0,26.46,86.29,24.54,4.04,0.63
1999-12-07,16.64,26.66,90.47,16.8,4.47,0.69
1999-12-08,16.34,26.8,86.92,19.1,2.68,0.7
1999-12-09,14.54,26.5,88.4,9.55,2.03,0.72
1999-12-10,14.42,26.79,86.55,6.21,3.3,0.74
1999-12-11,17.98,26.44,89.19,16.13,4.03,0.76
1999-12-12,4.99,25.95,89.86,19.07,3.07,0.77
1999-12-13,1.81,26.41,86.74,24.18,3.18,0.77
1999-12-14,3.21,26.37,85.35,24.63,2.88,0.76
1999-12-15,4.14,26.67,84.47,18.78,2.32,0.76
1999-12-16,3.87,26.37,86.06,24.6,3.34,0.76
1999-12-17,5.89,26.55,85.48,18.1,2.1,0.77
1999-12-18,1.07,25.88,84.0,20.67,2.01,0.76
1999-12-19,0.9,26.57,82.05,18.78,2.36,0.76
1999-12-20,1.03,26.24,81.09,19.72,2.57,0.75
1999-12-21,1.7,26.32,82.59,16.44,2.03,0.75
1999-12-22,11.37,25.94,87.83,9.52,2.73,0.76
1999-12-23,9.39,26.06,84.82,16.82,2.47,0.77
1999-12-24,1.64,26.37,83.13,26.13,2.7,0.76
1999-12-25,9.7,26.1,85.63,22.37,2.71,0.76
1999-12-26,10.54,25.8,87.82,18.28,3.25,0.78
1999-12-27,1.54,26.42,86.39,20.37,3.12,0.78
1999-12-28,2.31,25.77,87.9,23.26,2.23,0.77
1999-12-29,2.83,26.09,84.97,22.62,2.28,0.77
1999-12-30,9.71,26.28,87.87,19.57,3.71,0.77
1999-12-31,14.43,25.85,90.0,9.46,4.17,0.79
2000-01-01,5.23,26.16,87.75,19.47,3.67,0.79
2000-01-02,3.85,26.27,85.9,18.22,2.61,0.79
2000-01-03,0.72,25.87,88.57,19.64,2.53,0.79
2000-01-04,0.78,25.85,87.68,23.01,1.2,0.79
2000-01-05,1.06,26.64,82.55,24.57,1.33,0.78
2000-01-06,8.36,26.84,83.52,20.93,1.53,0.78
2000-01-07,8.32,26.53,85.06,23.63,1.78,0.79
2000-01-08,2.13,26.1,86.29,21.3,1.7,0.79
2000-01-09,7.2,25.99,86.8,21.55,2.37,0.79
2000-01-10,15.06,26.29,86.91,11.31,2.09,0.8
2000-01-11,10.51,25.4,90.23,15.22,3.04,0.82
2000-01-12,6.84,25.5,87.57,19.84,4.19,0.82
2000-01-13,3.86,25.81,87.57,21.19,3.59,0.82
2000-01-14,3.84,25.5,87.74,11.56,3.29,0.82
2000-01-15,28.03,25.23,88.89,19.75,3.37,0.83
2000-01-16,35.17,26.09,85.89,21.37,2.54,0.87
2000-01-17,2.65,26.18,83.62,22.61,2.81,0.87
2000-01-18,10.62,25.93,84.64,11.74,3.51,0.87
2000-01-19,45.88,24.92,90.28,6.05,4.33,0.9
2000-01-20,10.12,25.71,87.51,22.68,4.98,0.92
2000-01-21,5.28,25.58,89.14,18.19,4.56,0.92
2000-01-22,11.66,25.68,90.42,18.26,4.86,0.92
2000-01-23,35.59,25.63,91.43,16.95,5.41,0.94
2000-01-24,23.67,25.7,91.82,17.91,5.96,0.95
2000-01-25,37.8,25.72,90.92,8.19,4.94,0.96
2000-01-26,21.37,25.7,90.48,12.11,3.24,0.97
2000-01-27,2.44,25.52,89.38,18.79,2.69,0.97
2000-01-28,8.24,25.76,87.1,22.38,2.89,0.96
2000-01-29,6.27,25.91,89.56,16.34,3.02,0.96
2000-01-30,5.33,26.25,88.36,19.6,1.93,0.96
2000-01-31,4.27,26.54,86.34,20.39,1.27,0.96
2000-02-01,6.65,26.56,87.8,22.41,1.18,0.96
2000-02-02,13.94,26.96,81.65,22.81,1.19,0.96
2000-02-03,5.91,26.82,84.67,22.66,2.35,0.96
2000-02-04,5.77,26.3,87.65,15.74,2.45,0.95
2000-02-05,2.44,26.24,88.59,19.64,2.14,0.95
2000-02-06,6.47,26.36,86.99,21.65,1.3,0.95
2000-02-07,5.69,26.91,87.02,20.08,1.64,0.95
2000-02-08,16.64,26.16,91.59,14.83,4.62,0.95
2000-02-09,22.1,26.02,91.41,17.12,4.32,0.96
2000-02-10,6.41,25.92,91.42,15.6,4.21,0.96
2000-02-11,20.89,25.98,90.1,16.38,2.91,0.97
2000-02-12,31.6,25.51,92.34,7.9,3.81,0.98
2000-02-13,67.0,25.32,91.98,4.95,5.37,0.99
2000-02-14,7.07,25.28,88.8,17.91,3.45,0.99
2000-02-15,1.61,25.42,89.83,22.29,2.63,0.99
2000-02-16,4.75,25.62,89.95,19.25,2.72,0.98
2000-02-17,6.13,25.53,89.98,13.71,3.87,0.98
2000-02-18,3.8,25.46,89.17,17.15,3.51,0.98
2000-02-19,1.51,25.59,88.48,23.11,2.61,0.97
2000-02-20,2.35,26.03,86.9,24.49,2.03,0.97
2000-02-21,3.27,26.01,88.66,21.89,2.37,0.96
2000-02-22,4.13,25.57,91.31,13.2,2.33,0.96
2000-02-23,6.58,24.93,91.98,8.91,2.57,0.96
2000-02-24,31.18,25.17,92.58,10.35,3.88,0.97
2000-02-25,15.24,25.59,91.53,19.06,3.21,0.98
2000-02-26,14.38,25.67,90.32,19.94,2.44,0.98
2000-02-27,32.2,25.4,92.41,10.58,2.81,0.99
2000-02-28,20.34,25.53,91.97,11.66,3.87,0.99
2000-02-29,11.8,25.62,89.76,21.85,3.96,0.99
2000-03-01,0.63,26.24,87.06,19.14,3.72,0.98
2000-03-02,2.51,25.57,89.54,16.42,3.27,0.98
2000-03-03,50.39,25.72,91.85,10.78,4.23,0.98
2000-03-04,34.14,25.81,90.12,19.72,4.99,1.0
2000-03-05,11.98,25.87,89.46,20.6,4.54,0.99
2000-03-06,2.67,25.36,90.44,18.5,3.33,0.99
2000-03-07,2.5,25.54,89.37,18.49,1.2,0.99
2000-03-08,1.21,25.51,88.88,19.55,1.78,0.98
2000-03-09,1.77,24.84,91.55,19.12,2.66,0.98
2000-03-10,3.65,25.22,89.82,19.89,2.4,0.98
2000-03-11,3.36,25.07,90.18,16.15,3.15,0.98
2000-03-12,23.3,24.91,90.36,9.86,2.9,0.98
2000-03-13,17.63,25.04,90.91,12.8,4.52,0.98
2000-03-14,7.2,25.29,90.44,15.0,4.71,0.98
2000-03-15,6.38,25.55,90.56,10.03,3.67,0.98
2000-03-16,2.63,25.64,90.97,13.29,3.64,0.98
2000-03-17,7.98,25.33,90.17,18.54,2.28,0.97
2000-03-18,5.85,25.03,90.01,14.34,3.08,0.97
2000-03-19,0.66,25.66,88.23,16.65,2.54,0.97
2000-03-20,1.31,26.7,85.07,21.37,0.7,0.97
2000-03-21,1.15,26.11,88.18,19.21,1.28,0.96
2000-03-22,11.95,26.28,83.74,22.46,0.58,0.96
2000-03-23,4.91,25.04,92.9,22.96,1.82,0.97
2000-03-24,1.36,25.51,88.12,22.52,1.94,0.96
2000-03-25,1.22,26.09,84.37,21.88,1.63,0.96
2000-03-26,0.7,26.38,84.18,20.23,0.81,0.96
2000-03-27,3.2,26.52,84.11,23.79,0.7,0.95
2000-03-28,1.63,26.6,81.81,22.95,2.38,0.94
2000-03-29,0.8,26.58,81.82,24.44,2.14,0.94
2000-03-30,1.04,26.27,84.52,22.65,2.89,0.93
2000-03-31,7.65,26.32,84.74,24.04,1.83,0.93
2000-04-01,3.35,26.87,81.64,23.61,2.19,0.92
2000-04-02,0.32,26.79,82.28,22.75,2.6,0.91
2000-04-03,2.64,26.54,83.44,14.37,1.52,0.9
2000-04-04,1.22,26.96,82.24,23.0,2.07,0.9
2000-04-05,2.28,26.66,83.91,19.1,1.04,0.89
2000-04-06,1.37,25.76,89.64,19.47,2.29,0.89
2000-04-07,1.4,25.89,87.93,13.75,1.34,0.89
2000-04-08,1.53,25.99,86.44,16.12,0.92,0.89
2000-04-09,2.34,26.14,84.97,19.68,1.02,0.89
2000-04-10,1.47,25.37,89.04,18.25,1.68,0.88
2000-04-11,0.65,26.24,86.52,17.97,2.54,0.88
2000-04-12,8.82,26.58,85.35,18.23,1.96,0.88
2000-04-13,23.45,26.67,84.35,18.88,1.26,0.9
2000-04-14,11.73,25.99,87.23,15.18,2.06,0.91
2000-04-15,1.45,25.98,89.75,16.98,2.15,0.91
2000-04-16,1.46,26.41,86.58,21.16,1.9,0.91
2000-04-17,1.26,25.82,90.34,21.25,2.38,0.9
2000-04-18,0.61,25.78,87.66,20.48,1.96,0.9
2000-04-19,0.63,26.23,88.09,20.5,2.34,0.9
2000-04-20,1.01,26.31,88.97,21.85,2.1,0.89
2000-04-21,8.35,25.83,92.79,17.89,2.38,0.89
2000-04-22,3.13,26.26,91.2,17.65,2.35,0.9
2000-04-23,5.82,25.9,88.78,17.52,2.28,0.9
2000-04-24,8.68,26.14,90.54,20.84,3.19,0.91
2000-04-25,4.71,25.8,90.48,17.6,3.02,0.91
2000-04-26,11.96,26.09,90.03,15.88,2.15,0.91
2000-04-27,6.6,25.87,90.94,7.45,1.47,0.92
2000-04-28,2.39,26.4,84.77,16.56,1.45,0.92
2000-04-29,1.11,25.84,86.17,20.72,3.59,0.91
2000-04-30,0.05,25.26,79.56,21.23,3.42,0.91
2000-05-01,0.16,24.92,73.89,22.33,2.8,0.9
2000-05-02,0.02,24.75,76.62,19.81,2.63,0.89
2000-05-03,1.58,25.14,84.61,17.94,3.8,0.88
2000-05-04,1.12,25.35,83.97,14.97,4.3,0.88
2000-05-05,0.01,24.7,79.98,18.0,4.49,0.86
2000-05-06,0.0,24.46,76.52,20.33,4.47,0.85
2000-05-07,0.0,24.54,78.2,18.73,4.32,0.84
2000-05-08,0.01,25.1,80.45,20.72,4.13,0.83
2000-05-09,0.01,25.54,81.57,16.99,4.38,0.82
2000-05-10,0.28,25.98,84.71,11.51,5.29,0.82
2000-05-11,6.33,25.87,88.67,8.29,5.78,0.81
2000-05-12,5.92,25.94,89.54,10.37,4.48,0.82
2000-05-13,6.03,25.75,88.27,13.66,3.81,0.82
2000-05-14,8.57,25.77,87.35,13.92,3.44,0.82
2000-05-15,3.93,25.7,89.39,18.05,3.8,0.83
2000-05-16,8.11,25.43,87.48,8.4,4.76,0.83
2000-05-17,3.28,24.79,85.74,10.74,5.95,0.83
2000-05-18,6.34,25.12,87.57,9.97,5.56,0.83
2000-05-19,2.15,24.88,87.14,13.22,5.05,0.83
2000-05-20,12.98,25.01,88.3,15.88,4.83,0.83
2000-05-21,0.87,25.46,88.48,14.83,4.58,0.84
2000-05-22,0.25,25.79,86.54,13.18,3.8,0.83
2000-05-23,0.18,25.48,85.68,18.51,4.12,0.83
2000-05-24,0.32,25.81,87.32,19.41,4.08,0.82
2000-05-25,1.02,25.93,87.88,18.15,3.85,0.81
2000-05-26,2.76,25.56,90.89,14.68,3.43,0.81
2000-05-27,3.53,25.47,89.83,11.77,3.42,0.81
2000-05-28,1.65,25.58,88.5,17.24,4.26,0.81
2000-05-29,1.04,24.98,84.91,13.12,5.73,0.8
2000-05-30,0.02,24.59,80.03,18.41,5.26,0.8
2000-05-31,0.0,24.06,78.1,18.38,5.26,0.79
2000-06-01,0.03,23.92,79.64,17.45,5.7,0.78
2000-06-02,0.0,23.55,77.29,16.86,5.7,0.77
2000-06-03,0.0,23.16,76.32,18.75,5.31,0.76
2000-06-04,0.03,23.04,77.42,16.26,4.69,0.75
2000-06-05,0.0,24.17,81.43,18.45,4.35,0.74
2000-06-06,0.02,24.19,81.09,17.17,5.15,0.73
2000-06-07,0.01,24.27,79.48,14.76,4.57,0.73
2000-06-08,0.79,24.46,82.24,18.31,4.14,0.72
2000-06-09,0.24,24.56,81.89,14.79,4.46,0.71
2000-06-10,0.39,24.6,83.5,12.69,4.9,0.71
2000-06-11,0.11,23.52,82.3,14.38,5.97,0.7
2000-06-12,0.28,23.18,81.48,13.09,5.64,0.7
2000-06-13,0.08,23.16,79.32,13.42,5.74,0.69
2000-06-14,0.02,23.59,78.56,16.13,4.86,0.68
2000-06-15,2.72,24.43,86.03,15.83,4.82,0.68
2000-06-16,1.12,24.85,83.7,13.09,5.03,0.68
2000-06-17,0.02,24.98,79.65,18.82,5.14,0.67
2000-06-18,0.02,24.8,78.04,19.73,5.13,0.66
2000-06-19,0.02,25.11,75.73,19.59,3.73,0.66
2000-06-20,0.03,25.24,78.36,19.44,4.34,0.65
2000-06-21,0.47,25.06,77.76,15.48,5.02,0.65
2000-06-22,0.0,24.9,76.52,18.6,4.47,0.64
2000-06-23,0.01,24.91,78.07,17.34,4.79,0.63
2000-06-24,0.0,24.82,70.58,17.94,4.28,0.63
2000-06-25,0.01,24.6,73.25,18.39,4.16,0.62
2000-06-26,0.03,24.48,73.9,18.74,4.31,0.62
2000-06-27,0.02,24.57,74.13,19.45,4.07,0.61
2000-06-28,0.0,24.04,69.29,19.44,4.22,0.61
2000-06-29,0.04,23.95,68.73,19.02,3.81,0.6
2000-06-30,0.07,24.76,73.09,17.88,4.52,0.6
2000-07-01,0.03,24.91,74.99,17.01,4.72,0.59
2000-07-02,0.01,25.2,73.77,19.24,3.79,0.59
2000-07-03,0.01,24.75,77.95,16.64,4.47,0.59
2000-07-04,0.0,25.37,76.39,19.43,4.34,0.58
2000-07-05,0.43,25.23,78.16,18.82,4.48,0.58
2000-07-06,0.0,25.01,75.57,20.14,4.75,0.58
2000-07-07,0.0,24.24,73.51,19.06,4.04,0.57
2000-07-08,0.0,24.09,70.41,20.13,2.99,0.57
2000-07-09,0.0,24.12,70.47,19.16,2.71,0.56
2000-07-10,0.01,24.75,70.8,20.34,2.57,0.56
2000-07-11,0.0,24.86,69.49,20.33,3.22,0.55
2000-07-12,0.01,24.85,72.05,20.34,3.87,0.55
2000-07-13,0.0,24.64,68.89,20.02,3.85,0.55
2000-07-14,0.0,24.56,66.79,20.52,4.08,0.54
2000-07-15,0.02,24.61,66.47,19.25,4.94,0.54
2000-07-16,0.04,24.31,67.98,20.59,4.94,0.54
2000-07-17,0.0,24.5,67.84,20.6,4.37,0.53
2000-07-18,0.0,24.69,65.17,21.01,4.19,0.53
2000-07-19,0.0,24.02,64.15,20.72,3.93,0.53
2000-07-20,0.0,23.42,64.59,20.96,4.04,0.53
2000-07-21,0.0,24.07,65.49,20.75,3.49,0.52
2000-07-22,0.01,24.44,72.29,14.61,3.75,0.52
2000-07-23,0.05,24.95,71.69,20.1,3.41,0.52
2000-07-24,0.01,25.78,68.39,20.76,3.91,0.52
2000-07-25,0.1,25.56,72.42,19.61,3.79,0.51
2000-07-26,0.01,25.38,72.2,17.57,4.09,0.51
2000-07-27,0.01,25.16,69.83,20.34,5.88,0.51
2000-07-28,0.16,24.93,66.81,19.25,5.33,0.51
2000-07-29,0.03,24.1,67.59,20.33,5.12,0.5
2000-07-30,0.05,24.66,70.05,19.45,4.38,0.5
2000-07-31,0.02,25.59,71.05,19.88,4.8,0.5
2000-08-01,0.04,25.61,71.76,20.7,4.75,0.5
2000-08-02,0.01,25.43,69.57,21.57,5.02,0.5
2000-08-03,0.0,25.28,67.38,21.04,5.58,0.5
2000-08-04,0.0,25.24,64.56,21.95,5.37,0.5
2000-08-05,0.0,25.57,64.11,22.0,3.96,0.49
2000-08-06,0.0,25.82,67.94,21.92,3.73,0.49
2000-08-07,0.01,26.18,69.72,21.57,3.97,0.49
2000-08-08,0.02,25.76,69.88,21.19,4.05,0.49
2000-08-09,0.01,25.41,68.24,21.2,3.76,0.49
2000-08-10,0.02,25.05,68.89,21.24,3.52,0.49
2000-08-11,0.09,25.44,66.12,21.76,3.61,0.49
2000-08-12,0.05,25.45,68.1,20.46,4.09,0.49
2000-08-13,0.08,25.53,68.47,20.31,4.02,0.48
2000-08-14,0.0,25.78,67.35,20.31,3.93,0.48
2000-08-15,0.0,25.72,66.21,21.96,3.79,0.48
2000-08-16,0.05,25.03,66.29,22.08,3.91,0.48
2000-08-17,0.0,24.91,63.06,22.64,3.84,0.48
2000-08-18,0.0,25.29,56.75,22.98,3.55,0.48
2000-08-19,0.0,25.5,57.54,23.04,2.68,0.48
2000-08-20,0.0,25.92,60.98,22.67,2.49,0.48
2000-08-21,0.57,26.43,63.38,22.43,2.12,0.48
2000-08-22,0.16,26.8,64.68,22.1,3.21,0.48
2000-08-23,0.04,27.15,62.65,22.4,2.73,0.48
2000-08-24,0.0,27.34,63.33,22.11,2.34,0.48
2000-08-25,0.0,27.55,61.39,23.65,3.37,0.48
2000-08-26,0.0,27.27,58.99,23.65,3.05,0.48
2000-08-27,0.0,27.21,60.22,23.82,2.42,0.48
2000-08-28,0.0,27.15,60.19,23.72,2.23,0.48
2000-08-29,0.0,26.86,63.49,23.19,2.05,0.48
2000-08-30,0.14,27.19,62.37,23.52,2.51,0.48
2000-08-31,0.0,27.31,63.75,23.6,2.55,0.48
2000-09-01,0.0,27.23,64.9,23.96,3.79,0.48
2000-09-02,0.0,27.97,60.85,24.02,1.96,0.48
2000-09-03,0.0,28.18,62.92,24.48,2.91,0.48
2000-09-04,0.0,28.08,58.92,24.31,2.66,0.48
2000-09-05,0.05,27.47,60.77,23.51,2.94,0.48
2000-09-06,0.01,27.57,61.37,24.48,2.97,0.48
2000-09-07,0.0,27.53,58.41,24.49,3.03,0.48
2000-09-08,0.0,27.41,61.81,24.73,3.15,0.48
2000-09-09,0.0,28.22,58.86,22.9,2.48,0.48
2000-09-10,0.0,28.38,57.66,23.41,3.25,0.48
2000-09-11,0.0,28.1,64.29,24.53,4.24,0.48
2000-09-12,0.0,27.78,61.53,24.72,4.34,0.48
2000-09-13,0.0,27.29,60.55,22.81,3.91,0.48
2000-09-14,0.03,27.35,59.23,21.9,3.81,0.48
2000-09-15,0.0,27.5,59.89,23.97,3.36,0.48
2000-09-16,0.0,27.39,63.77,23.93,4.41,0.48
2000-09-17,0.0,27.48,62.78,23.88,4.47,0.48
2000-09-18,0.0,27.02,62.48,24.64,4.07,0.48
2000-09-19,0.0,26.6,63.12,23.11,4.18,0.48
2000-09-20,0.01,27.84,61.1,25.14,2.78,0.48
2000-09-21,0.01,28.37,62.07,22.74,3.53,0.48
2000-09-22,0.01,28.75,62.2,25.36,3.24,0.48
2000-09-23,0.05,28.7,65.5,25.58,3.46,0.48
2000-09-24,0.04,28.52,61.34,25.37,3.22,0.48
2000-09-25,0.0,28.41,63.87,24.95,3.12,0.48
2000-09-26,0.02,28.67,59.82,24.9,2.93,0.48
2000-09-27,0.01,27.89,59.25,25.52,2.63,0.48
2000-09-28,0.0,28.21,58.73,25.53,3.72,0.48
2000-09-29,0.0,27.96,60.9,25.61,3.82,0.48
2000-09-30,0.0,28.21,62.36,25.9,3.4,0.48
2000-10-01,0.01,28.86,61.0,26.05,3.29,0.48
2000-10-02,0.0,28.87,61.26,26.37,2.98,0.48
2000-10-03,0.01,28.71,64.04,26.16,3.97,0.48
2000-10-04,0.0,28.83,62.99,25.64,3.71,0.48
2000-10-05,0.0,28.43,66.27,25.31,4.0,0.48
2000-10-06,0.04,28.59,62.98,25.37,3.46,0.48
2000-10-07,0.0,28.81,57.78,24.08,3.12,0.48
2000-10-08,0.09,28.84,60.76,25.7,2.86,0.48
2000-10-09,0.04,29.02,59.9,26.4,2.86,0.48
2000-10-10,0.0,29.48,59.78,26.23,3.02,0.48
2000-10-11,0.01,29.45,61.14,25.63,2.58,0.48
2000-10-12,1.11,29.31,65.04,24.04,2.93,0.48
2000-10-13,0.61,29.52,64.46,26.49,3.22,0.48
2000-10-14,0.5,30.2,60.66,25.95,2.65,0.48
2000-10-15,1.5,29.51,63.1,25.22,1.64,0.48
2000-10-16,0.78,29.85,61.17,26.43,1.1,0.48
2000-10-17,0.8,29.11,63.39,26.47,1.77,0.48
2000-10-18,4.62,28.91,64.97,23.91,2.51,0.49
2000-10-19,4.22,28.35,70.41,23.68,2.38,0.49
2000-10-20,1.87,27.88,72.26,18.87,4.66,0.49
2000-10-21,0.23,27.32,69.2,23.14,4.54,0.49
2000-10-22,0.09,27.19,67.7,23.69,3.25,0.49
2000-10-23,2.02,27.19,61.54,22.61,2.49,0.49
2000-10-24,0.03,27.42,62.93,25.79,2.23,0.49
2000-10-25,0.0,27.08,65.42,26.81,2.99,0.49
2000-10-26,0.0,27.95,59.89,22.55,2.7,0.49
2000-10-27,0.0,28.37,58.39,25.93,2.69,0.48
2000-10-28,0.0,28.71,64.02,25.97,2.91,0.48
2000-10-29,0.77,28.75,67.08,26.71,3.34,0.48
2000-10-30,10.69,28.41,70.42,25.93,2.18,0.49
2000-10-31,4.57,28.41,70.93,25.99,2.13,0.51
2000-11-01,1.8,28.48,70.13,25.59,2.76,0.5
2000-11-02,1.38,28.86,68.34,26.29,2.48,0.5
2000-11-03,0.37,28.91,69.06,26.32,2.3,0.5
2000-11-04,2.29,28.61,69.75,26.62,2.67,0.5
2000-11-05,0.79,28.71,68.19,26.85,2.22,0.5
2000-11-06,1.97,28.75,69.33,25.81,2.62,0.49
2000-11-07,2.21,28.89,68.01,26.98,2.2,0.49
2000-11-08,54.51,27.19,79.42,26.24,2.53,0.54
2000-11-09,12.35,27.48,76.84,26.91,2.57,0.61
2000-11-10,1.95,27.48,74.52,25.65,2.22,0.6
2000-11-11,1.89,27.39,74.68,26.95,2.11,0.6
2000-11-12,0.55,28.07,75.18,23.1,2.82,0.59
2000-11-13,0.76,28.28,74.13,25.86,2.21,0.59
2000-11-14,11.63,28.08,77.49,24.86,1.62,0.59
2000-11-15,3.61,28.35,76.22,26.11,2.12,0.6
2000-11-16,5.42,28.81,73.51,25.1,2.94,0.6
2000-11-17,0.55,28.46,72.55,26.9,2.79,0.6
2000-11-18,0.26,28.86,68.28,27.14,1.82,0.59
2000-11-19,2.2,28.46,73.2,25.59,1.78,0.58
2000-11-20,3.14,28.26,76.57,25.14,1.58,0.58
2000-11-21,1.46,27.77,76.99,25.53,1.93,0.58
2000-11-22,0.77,28.54,71.12,25.21,2.6,0.58
2000-11-23,1.95,28.7,73.87,20.85,2.68,0.58
2000-11-24,10.33,28.36,76.37,17.75,1.84,0.58
2000-11-25,2.66,27.76,80.9,24.0,2.13,0.59
2000-11-26,4.79,27.7,81.8,23.28,3.15,0.59
2000-11-27,2.32,28.3,74.01,24.37,2.39,0.6
2000-11-28,1.03,28.57,71.24,25.04,3.63,0.59
2000-11-29,1.89,28.21,77.91,25.32,4.39,0.59
2000-11-30,8.62,28.03,77.47,16.84,3.74,0.59
2000-12-01,23.03,26.35,82.73,8.31,3.53,0.62
2000-12-02,21.43,26.16,81.12,13.97,3.01,0.65
2000-12-03,9.58,25.93,85.34,18.68,3.58,0.67
2000-12-04,47.13,26.46,87.23,8.18,4.71,0.7
2000-12-05,46.95,26.57,87.15,15.94,6.36,0.78
2000-12-06,19.42,27.23,85.57,20.65,6.19,0.82
2000-12-07,2.78,27.28,83.66,23.17,5.02,0.82
2000-12-08,0.23,27.5,79.83,25.76,4.89,0.8
2000-12-09,0.26,27.57,80.07,26.87,4.13,0.79
2000-12-10,0.16,26.98,81.53,26.11,3.39,0.78
2000-12-11,0.04,26.86,82.5,25.31,3.35,0.77
2000-12-12,0.46,26.92,81.9,22.5,3.4,0.76
2000-12-13,2.87,26.61,82.95,23.94,3.99,0.75
2000-12-14,1.23,26.59,80.22,25.95,3.79,0.75
2000-12-15,0.52,26.75,78.36,24.79,3.19,0.73
2000-12-16,1.28,26.6,81.46,24.02,3.11,0.72
2000-12-17,0.91,26.71,82.7,25.42,2.69,0.72
2000-12-18,0.86,27.01,78.01,27.03,2.54,0.71
2000-12-19,0.26,26.75,82.18,25.04,2.78,0.7
2000-12-20,1.43,27.06,81.92,23.98,2.59,0.69
2000-12-21,2.86,27.07,81.66,22.69,2.79,0.69
2000-12-22,0.65,26.62,79.98,25.3,2.58,0.69
2000-12-23,0.0,26.83,79.02,25.21,2.85,0.68
2000-12-24,0.01,26.77,79.19,23.58,2.4,0.67
2000-12-25,0.09,27.03,79.61,23.96,3.29,0.66
2000-12-26,0.45,27.2,81.51,22.94,3.56,0.65
2000-12-27,0.44,27.42,80.25,24.0,3.22,0.65
2000-12-28,0.14,27.57,78.59,24.42,2.93,0.64
2000-12-29,0.12,27.42,80.98,23.97,2.55,0.64
2000-12-30,0.14,28.4,74.04,25.02,2.12,0.63
2000-12-31,0.77,27.59,71.68,26.46,1.95,0.62
2001-01-01,2.33,27.59,71.57,24.17,2.44,0.62
2001-01-02,11.24,27.66,74.03,21.88,1.46,0.62
2001-01-03,3.77,27.43,78.41,23.72,1.46,0.63
2001-01-04,8.06,27.27,79.02,23.77,1.96,0.64
2001-01-05,7.63,27.54,75.05,23.58,1.61,0.64
2001-01-06,2.24,27.0,80.68,14.76,2.37,0.64
2001-01-07,2.84,26.46,84.01,21.88,2.31,0.64
2001-01-08,7.31,26.49,83.84,23.14,1.95,0.65
2001-01-09,3.01,26.77,80.7,21.05,0.76,0.65
2001-01-10,9.58,26.8,81.3,22.35,0.93,0.65
2001-01-11,9.64,26.53,83.9,19.36,1.67,0.67
2001-01-12,3.39,26.2,84.36,21.99,1.59,0.67
2001-01-13,1.89,26.33,82.21,19.05,1.8,0.67
2001-01-14,12.73,26.22,83.94,15.67,1.7,0.68
2001-01-15,12.41,25.78,88.51,12.06,2.55,0.7
2001-01-16,3.24,25.64,87.14,19.54,2.2,0.71
2001-01-17,1.32,25.8,87.52,19.04,1.5,0.7
2001-01-18,1.03,26.2,86.97,20.87,1.28,0.7
2001-01-19,8.47,26.11,89.08,18.16,1.49,0.71
2001-01-20,4.77,26.69,84.02,16.24,2.41,0.71
2001-01-21,8.83,25.96,88.37,14.2,2.55,0.72
2001-01-22,5.65,26.05,87.55,19.94,2.58,0.73
2001-01-23,1.11,26.43,84.4,21.76,1.85,0.72
2001-01-24,1.32,26.26,86.59,21.26,1.82,0.72
2001-01-25,14.26,26.88,81.56,22.32,1.49,0.73
2001-01-26,5.67,26.68,85.29,22.41,2.32,0.74
2001-01-27,7.82,27.14,84.02,18.72,2.48,0.74
2001-01-28,6.34,25.7,89.93,14.15,3.57,0.75
2001-01-29,5.71,26.26,86.34,16.68,4.11,0.75
2001-01-30,2.27,26.37,87.09,24.08,2.67,0.75
2001-01-31,9.54,27.03,84.98,23.61,1.38,0.76
2001-02-01,10.28,27.02,85.44,21.73,1.87,0.77
2001-02-02,22.52,26.35,88.19,1.79,3.22,0.79
2001-02-03,10.97,26.23,85.1,17.01,2.06,0.81
2001-02-04,13.23,25.94,88.89,15.52,3.46,0.82
2001-02-05,10.43,26.44,88.47,11.23,4.81,0.83
2001-02-06,9.84,26.38,89.75,13.15,4.56,0.83
2001-02-07,20.98,26.53,89.94,18.39,3.98,0.85
2001-02-08,9.95,26.24,89.94,12.66,4.02,0.87
2001-02-09,11.02,25.92,91.43,9.59,4.54,0.87
2001-02-10,19.42,25.27,89.48,8.58,4.97,0.88
2001-02-11,6.58,26.49,89.77,9.17,5.69,0.89
2001-02-12,5.55,26.21,90.21,15.95,5.37,0.89
2001-02-13,2.47,26.97,86.1,23.1,5.92,0.89
2001-02-14,2.45,27.22,84.13,22.91,6.75,0.88
2001-02-15,3.15,27.28,84.06,21.54,6.95,0.87
2001-02-16,10.01,26.89,85.22,17.41,6.6,0.87
2001-02-17,19.97,26.5,85.44,18.18,5.14,0.88
2001-02-18,5.58,26.19,82.15,21.41,5.16,0.88
2001-02-19,32.67,26.3,84.88,20.91,4.79,0.89
2001-02-20,24.02,26.25,84.6,24.85,3.98,0.92
2001-02-21,0.83,26.15,85.94,24.71,2.48,0.91
2001-02-22,0.58,26.09,84.43,23.15,1.34,0.9
2001-02-23,0.03,26.54,77.77,26.47,2.25,0.89
2001-02-24,0.04,25.76,80.89,27.14,2.83,0.88
2001-02-25,0.04,25.73,81.92,26.76,2.91,0.87
2001-02-26,0.04,25.84,80.92,26.26,3.25,0.85
2001-02-27,0.0,25.88,80.44,26.31,3.5,0.84
2001-02-28,1.77,26.18,83.17,20.89,4.54,0.83
2001-03-01,3.25,26.27,83.71,5.09,5.59,0.83
2001-03-02,5.56,26.27,85.22,15.48,4.53,0.82
2001-03-03,1.38,26.48,85.78,23.26,4.37,0.81
2001-03-04,1.14,26.14,88.82,24.99,3.61,0.81
2001-03-05,1.34,25.29,89.53,23.22,2.94,0.8
2001-03-06,2.24,25.26,88.51,23.0,2.42,0.8
2001-03-07,2.22,25.82,84.46,16.27,1.68,0.8
2001-03-08,0.01,25.86,81.31,24.52,1.95,0.79
2001-03-09,0.01,26.56,75.37,25.35,1.93,0.78
2001-03-10,0.0,26.48,77.3,24.75,2.11,0.77
2001-03-11,0.24,26.64,80.22,24.75,2.14,0.76
2001-03-12,1.91,26.71,82.25,20.5,2.41,0.75
2001-03-13,3.23,26.17,84.0,20.62,2.33,0.74
2001-03-14,1.49,26.73,82.04,22.3,2.43,0.74
2001-03-15,2.9,25.71,89.21,11.73,2.43,0.74
2001-03-16,6.98,25.57,91.0,16.48,3.83,0.74
2001-03-17,8.16,25.72,88.99,17.56,4.21,0.75
2001-03-18,6.31,26.04,88.99,20.56,4.16,0.76
2001-03-19,9.17,26.18,88.4,16.5,5.02,0.76
2001-03-20,8.48,26.28,87.35,17.92,3.99,0.77
2001-03-21,5.56,26.31,85.86,23.06,2.92,0.77
2001-03-22,1.31,26.1,88.88,22.01,2.73,0.77
2001-03-23,0.69,26.19,88.29,21.71,2.22,0.76
2001-03-24,1.56,25.74,89.62,22.1,1.42,0.76
2001-03-25,9.19,25.89,89.01,19.76,2.54,0.77
2001-03-26,4.54,25.8,86.91,11.75,2.98,0.77
2001-03-27,4.68,25.78,86.99,9.74,3.84,0.77
2001-03-28,9.93,25.7,87.43,4.66,3.26,0.78
2001-03-29,1.64,25.73,90.7,22.2,4.08,0.78
2001-03-30,1.97,25.93,88.82,8.4,2.53,0.78
2001-03-31,12.94,26.03,86.11,20.7,3.18,0.78
2001-04-01,1.82,26.05,86.38,21.89,3.13,0.79
2001-04-02,0.12,26.32,84.14,20.44,2.84,0.78
2001-04-03,0.17,26.68,84.61,23.1,3.44,0.78
2001-04-04,0.07,27.19,81.1,21.7,3.6,0.77
2001-04-05,0.28,26.95,81.17,22.82,3.58,0.76
2001-04-06,0.19,26.82,82.37,23.27,3.42,0.74
2001-04-07,0.56,26.83,83.53,22.47,2.91,0.73
2001-04-08,0.15,26.56,82.17,23.71,2.53,0.72
2001-04-09,0.11,26.67,81.16,23.92,3.74,0.71
2001-04-10,1.17,26.91,80.57,22.88,3.32,0.71
2001-04-11,0.96,26.95,80.7,19.45,4.63,0.7
2001-04-12,0.04,26.78,73.99,22.37,4.34,0.69
2001-04-13,0.0,26.35,73.43,23.68,3.04,0.68
2001-04-14,0.0,26.42,74.56,24.04,3.26,0.67
2001-04-15,0.03,26.49,75.28,22.94,2.79,0.66
2001-04-16,0.01,26.39,73.83,23.3,3.09,0.66
2001-04-17,0.18,26.8,73.02,19.78,3.44,0.65
2001-04-18,1.14,26.73,77.93,19.89,2.97,0.64
2001-04-19,0.1,27.19,75.25,20.03,1.38,0.64
2001-04-20,5.6,27.42,77.39,19.58,1.96,0.63
2001-04-21,1.92,27.33,79.85,22.39,3.8,0.64
2001-04-22,2.48,26.93,80.43,14.72,3.68,0.63
2001-04-23,0.95,27.49,75.73,21.37,3.77,0.63
2001-04-24,0.0,26.91,73.49,23.24,4.11,0.62
2001-04-25,0.02,26.44,71.45,23.08,4.06,0.62
2001-04-26,0.0,27.08,69.29,22.73,3.37,0.61
2001-04-27,1.36,27.09,77.93,18.89,3.08,0.61
2001-04-28,2.69,26.79,82.26,20.77,3.1,0.61
2001-04-29,0.35,27.71,75.98,21.26,2.67,0.61
2001-04-30,0.02,27.83,72.57,21.99,3.29,0.6
2001-05-01,0.0,27.74,72.2,22.03,3.36,0.59
2001-05-02,0.01,27.25,71.85,20.74,3.08,0.59
2001-05-03,0.0,27.31,73.19,21.02,3.79,0.58
2001-05-04,0.0,27.5,68.42,22.11,3.78,0.58
2001-05-05,0.0,27.9,69.49,21.03,4.26,0.57
2001-05-06,0.35,27.5,73.67,19.54,4.01,0.57
2001-05-07,0.43,27.22,70.38,20.16,4.61,0.57
2001-05-08,0.0,26.48,66.95,20.86,4.62,0.56
2001-05-09,0.0,26.6,66.42,20.99,3.76,0.56
2001-05-10,1.77,26.45,69.83,20.46,3.81,0.55
2001-05-11,0.08,26.32,70.42,20.24,2.62,0.55
2001-05-12,0.02,26.69,67.58,19.98,1.65,0.55
2001-05-13,0.01,27.23,65.15,20.04,1.0,0.54
2001-05-14,0.01,27.26,68.01,20.73,2.15,0.54
2001-05-15,0.0,27.44,70.11,20.57,3.23,0.54
2001-05-16,0.01,27.38,71.57,20.3,3.75,0.53
2001-05-17,0.15,27.32,72.17,19.79,4.45,0.53
2001-05-18,0.31,27.41,69.23,16.6,4.87,0.53
2001-05-19,0.05,27.21,61.49,20.46,5.56,0.52
2001-05-20,0.0,26.11,61.51,20.35,4.38,0.52
2001-05-21,0.0,26.47,66.66,20.19,3.51,0.52
2001-05-22,0.01,27.1,68.72,18.66,3.01,0.52
2001-05-23,0.07,27.14,70.04,18.09,3.04,0.51
2001-05-24,0.0,27.42,66.03,19.39,2.18,0.51
2001-05-25,0.0,27.01,68.85,19.85,3.11,0.51
2001-05-26,0.0,26.81,68.23,19.81,3.94,0.51
2001-05-27,0.0,26.61,65.83,19.86,4.08,0.5
2001-05-28,0.11,26.59,65.62,19.04,4.25,0.5
2001-05-29,0.0,26.92,62.78,19.3,4.39,0.5
2001-05-30,0.0,26.8,63.97,19.92,4.46,0.5
2001-05-31,0.58,26.96,66.72,18.9,3.28,0.5
2001-06-01,0.22,27.43,65.31,18.52,2.78,0.5
2001-06-02,0.06,27.85,69.12,18.21,3.86,0.49
2001-06-03,0.05,28.15,67.42,17.36,4.66,0.49
2001-06-04,3.88,27.01,75.69,11.99,4.69,0.49
2001-06-05,0.97,26.73,75.08,17.6,4.27,0.5
2001-06-06,0.23,26.97,71.11,18.87,4.19,0.5
2001-06-07,5.11,26.86,74.03,14.98,4.41,0.5
2001-06-08,3.0,27.04,72.54,18.11,3.91,0.5
2001-06-09,0.04,27.05,69.25,18.59,2.22,0.5
2001-06-10,0.35,26.68,74.62,10.46,4.04,0.5
2001-06-11,0.64,27.01,77.76,16.7,2.4,0.5
2001-06-12,0.32,26.99,78.25,17.91,1.14,0.5
2001-06-13,1.35,26.98,73.01,12.74,3.5,0.5
2001-06-14,0.1,27.07,73.17,17.51,3.95,0.5
2001-06-15,0.02,26.54,68.93,18.39,5.41,0.5
2001-06-16,0.05,26.06,63.63,18.08,6.07,0.49
2001-06-17,0.0,25.64,64.77,17.59,6.53,0.49
2001-06-18,0.0,25.28,63.48,18.34,5.27,0.49
2001-06-19,0.28,25.78,68.51,15.17,5.6,0.49
2001-06-20,1.42,25.54,70.02,8.45,6.69,0.49
2001-06-21,0.44,25.83,64.19,9.91,6.81,0.49
2001-06-22,0.13,26.25,65.52,12.78,5.71,0.49
2001-06-23,0.06,26.33,67.23,15.89,5.12,0.49
2001-06-24,0.02,26.29,68.04,14.71,5.33,0.49
2001-06-25,1.14,26.02,73.16,14.82,4.7,0.49
2001-06-26,0.06,26.37,68.61,18.41,4.06,0.49
2001-06-27,0.0,26.57,65.8,18.8,4.16,0.49
2001-06-28,0.0,26.04,64.18,18.8,4.15,0.48
2001-06-29,0.0,25.66,66.39,18.98,4.93,0.48
2001-06-30,0.0,24.67,59.23,19.31,5.0,0.48
2001-07-01,0.0,23.1,54.14,19.6,4.6,0.48
2001-07-02,0.0,23.68,53.93,17.53,4.11,0.48
2001-07-03,0.0,24.09,61.37,18.96,3.76,0.48
2001-07-04,36.69,24.13,78.26,10.61,4.24,0.52
2001-07-05,7.2,24.67,75.64,14.85,2.72,0.56
2001-07-06,0.08,25.5,71.28,15.2,1.81,0.56
2001-07-07,0.02,25.98,70.09,18.85,1.38,0.55
2001-07-08,0.01,25.92,68.82,19.87,1.6,0.55
2001-07-09,0.0,25.74,67.75,19.68,1.57,0.54
2001-07-10,0.0,25.52,67.43,19.79,1.75,0.54
2001-07-11,3.04,25.27,71.24,18.1,2.04,0.54
2001-07-12,2.04,25.09,71.67,20.13,2.3,0.54
2001-07-13,0.02,25.44,68.95,20.52,2.4,0.54
2001-07-14,0.02,25.93,69.87,19.86,1.89,0.53
2001-07-15,0.01,26.23,69.5,19.5,2.14,0.53
2001-07-16,0.23,26.38,72.65,15.43,2.38,0.53
2001-07-17,1.25,26.13,76.29,18.92,1.97,0.52
2001-07-18,1.48,26.11,76.56,18.43,2.19,0.52
2001-07-19,0.58,26.17,72.7,19.53,3.74,0.52
2001-07-20,0.04,25.92,72.26,19.71,4.19,0.52
2001-07-21,0.03,25.81,70.68,20.04,4.5,0.52
2001-07-22,0.02,25.41,71.09,19.91,4.76,0.51
2001-07-23,0.0,25.16,69.37,20.74,4.66,0.51
2001-07-24,0.0,25.07,71.03,20.13,4.54,0.51
2001-07-25,0.15,25.19,67.6,19.79,5.78,0.5
2001-07-26,0.22,25.09,62.84,18.13,5.59,0.5
2001-07-27,0.05,25.08,62.69,19.57,5.23,0.5
2001-07-28,0.11,24.25,65.62,20.71,5.37,0.5
2001-07-29,0.0,24.16,66.34,18.76,4.43,0.5
2001-07-30,0.0,24.68,64.18,20.51,4.31,0.49
2001-07-31,0.0,24.04,59.93,22.08,4.01,0.49
2001-08-01,0.0,23.42,58.06,21.92,3.92,0.49
2001-08-02,0.0,23.76,58.53,21.76,3.06,0.49
2001-08-03,0.0,23.96,59.72,22.08,4.17,0.49
2001-08-04,0.01,24.5,66.52,19.98,3.85,0.49
2001-08-05,0.43,24.97,69.07,15.39,3.82,0.49
2001-08-06,0.0,25.33,65.17,20.89,3.13,0.49
2001-08-07,0.0,25.83,62.8,20.63,3.52,0.49
2001-08-08,0.0,26.26,64.72,21.91,3.29,0.48
2001-08-09,0.0,26.23,63.73,21.26,3.66,0.48
2001-08-10,0.0,24.86,62.3,22.66,4.31,0.48
2001-08-11,0.0,24.77,61.65,21.27,3.18,0.48
2001-08-12,0.0,25.23,63.04,21.24,3.43,0.48
2001-08-13,0.32,26.25,63.55,21.28,2.65,0.48
2001-08-14,0.0,26.21,66.27,20.59,3.97,0.48
2001-08-15,0.0,25.77,62.74,22.01,4.16,0.48
2001-08-16,0.0,24.83,62.25,22.65,5.04,0.48
2001-08-17,0.0,25.13,62.32,21.58,4.31,0.48
2001-08-18,0.01,25.65,61.6,22.53,2.91,0.48
2001-08-19,0.0,25.91,63.07,22.32,3.19,0.48
2001-08-20,0.01,25.94,66.98,21.18,4.01,0.48
2001-08-21,0.02,26.18,62.84,22.86,4.2,0.48
2001-08-22,0.0,25.3,61.35,23.06,4.9,0.48
2001-08-23,0.03,25.41,59.75,22.43,4.18,0.48
2001-08-24,0.0,25.31,57.8,21.98,4.51,0.48
2001-08-25,0.0,24.82,59.29,22.64,4.38,0.48
2001-08-26,0.0,25.54,64.69,23.01,3.5,0.48
2001-08-27,0.0,26.25,62.84,22.96,3.09,0.48
2001-08-28,0.28,26.78,62.18,21.71,2.42,0.48
2001-08-29,0.06,27.02,63.06,22.76,2.8,0.48
2001-08-30,0.0,27.18,60.73,23.3,2.26,0.48
2001-08-31,0.0,26.77,61.78,23.17,2.23,0.48
2001-09-01,0.0,26.15,62.92,23.17,3.44,0.48
2001-09-02,0.04,26.31,63.62,23.21,2.89,0.48
2001-09-03,0.18,26.9,65.28,21.07,2.25,0.48
2001-09-04,0.03,27.6,65.27,21.96,1.66,0.48
2001-09-05,0.0,28.4,57.7,23.9,1.59,0.48
2001-09-06,0.0,27.63,63.56,22.83,3.38,0.48
2001-09-07,0.0,26.82,69.33,21.88,4.68,0.48
2001-09-08,0.0,27.41,63.8,23.5,2.29,0.48
2001-09-09,0.0,27.71,62.12,21.81,2.1,0.48
2001-09-10,0.08,27.55,61.24,22.95,3.23,0.48
2001-09-11,0.0,27.38,59.63,24.63,2.84,0.48
2001-09-12,0.01,27.62,63.02,24.13,3.12,0.48
2001-09-13,0.02,26.99,67.96,23.85,4.4,0.48
2001-09-14,0.0,27.94,63.58,23.94,2.84,0.48
2001-09-15,0.0,27.93,65.14,24.08,3.81,0.48
2001-09-16,0.0,28.47,62.36,24.44,3.85,0.48
2001-09-17,0.0,28.16,62.95,24.5,3.38,0.48
2001-09-18,0.0,27.75,57.98,24.88,2.82,0.48
2001-09-19,0.0,27.54,61.43,24.61,3.21,0.48
2001-09-20,0.0,27.95,61.99,23.69,2.85,0.48
2001-09-21,0.09,28.01,63.8,23.16,3.75,0.48
2001-09-22,0.0,27.98,62.77,24.65,3.19,0.48
2001-09-23,0.14,28.02,65.07,24.31,4.06,0.48
2001-09-24,0.0,28.45,63.62,24.13,3.8,0.48
2001-09-25,0.0,28.19,61.45,25.44,3.34,0.48
2001-09-26,0.0,27.82,61.34,25.91,4.34,0.48
2001-09-27,0.0,27.99,61.48,26.02,3.89,0.48
2001-09-28,0.0,28.24,60.28,25.5,3.09,0.48
2001-09-29,0.0,28.69,57.51,26.03,2.13,0.48
2001-09-30,0.0,28.99,57.15,25.92,1.88,0.48
2001-10-01,0.0,28.76,55.29,20.79,3.02,0.48
2001-10-02,2.07,28.32,61.03,24.54,2.27,0.48
2001-10-03,0.29,28.26,64.01,24.38,3.57,0.48
2001-10-04,0.02,28.19,59.75,25.75,1.98,0.48
2001-10-05,0.0,28.56,58.36,25.65,2.34,0.48
2001-10-06,0.0,28.99,57.94,24.78,2.84,0.48
2001-10-07,0.13,28.91,60.04,24.83,2.28,0.48
2001-10-08,0.43,28.62,63.74,24.16,2.38,0.48
2001-10-09,0.74,28.35,64.04,23.88,1.99,0.48
2001-10-10,5.48,28.18,66.51,22.9,1.88,0.48
2001-10-11,2.2,28.36,70.52,24.68,2.72,0.49
2001-10-12,0.23,28.84,64.74,25.4,2.32,0.49
2001-10-13,0.32,28.78,66.04,24.84,2.06,0.49
2001-10-14,0.74,29.03,64.8,24.18,1.77,0.49
2001-10-15,0.09,29.48,62.23,24.11,2.53,0.48
2001-10-16,0.0,29.33,64.04,25.94,3.65,0.48
2001-10-17,0.07,29.35,64.12,23.62,2.98,0.48
2001-10-18,0.04,29.31,62.72,26.63,2.56,0.48
2001-10-19,0.03,29.13,64.26,25.87,3.32,0.48
2001-10-20,0.02,28.97,64.45,25.12,2.61,0.48
2001-10-21,0.9,28.45,66.65,24.97,2.64,0.48
2001-10-22,1.07,27.49,69.38,23.71,2.53,0.48
2001-10-23,0.27,28.29,68.1,24.23,2.88,0.48
2001-10-24,8.82,28.0,72.92,22.85,2.97,0.49
2001-10-25,0.64,28.55,69.45,26.87,2.7,0.5
2001-10-26,0.0,28.86,63.16,27.76,2.69,0.49
2001-10-27,0.0,29.37,57.22,28.1,1.62,0.49
2001-10-28,0.0,30.07,57.1,27.46,2.12,0.49
2001-10-29,0.25,29.97,60.45,26.63,2.18,0.48
2001-10-30,0.12,29.16,63.59,24.46,2.1,0.48
2001-10-31,0.21,29.81,61.13,25.66,3.19,0.48
2001-11-01,0.41,29.29,65.9,24.07,3.61,0.48
2001-11-02,0.02,29.28,65.12,25.37,3.69,0.48
2001-11-03,0.39,29.88,63.76,24.0,1.83,0.48
2001-11-04,0.24,29.26,68.59,23.87,3.59,0.48
2001-11-05,0.01,29.26,69.21,24.29,3.75,0.48
2001-11-06,0.1,29.41,66.97,24.94,4.09,0.48
2001-11-07,0.13,29.27,65.17,22.47,3.45,0.48
2001-11-08,0.27,28.79,69.51,21.46,4.27,0.48
2001-11-09,3.0,28.51,72.57,16.39,4.49,0.48
2001-11-10,0.37,29.42,66.07,23.26,3.36,0.49
2001-11-11,0.17,29.48,64.96,22.61,3.18,0.49
2001-11-12,4.5,29.11,68.88,23.42,2.73,0.49
2001-11-13,2.99,28.61,73.44,20.16,2.56,0.49
2001-11-14,2.77,28.46,72.4,25.72,2.95,0.5
2001-11-15,0.46,29.2,68.06,26.6,2.99,0.49
2001-11-16,2.9,28.88,71.58,22.49,2.76,0.49
2001-11-17,0.9,28.09,75.32,22.77,2.68,0.5
2001-11-18,1.29,29.24,69.61,24.52,1.72,0.49
2001-11-19,1.13,28.99,71.15,23.68,2.56,0.49
2001-11-20,0.41,29.48,67.61,25.17,2.23,0.49
2001-11-21,0.59,29.08,69.83,20.24,1.96,0.49
2001-11-22,1.71,28.02,75.47,18.83,2.84,0.49
2001-11-23,1.32,28.35,76.05,22.48,2.28,0.49
2001-11-24,23.9,27.45,81.54,18.61,2.07,0.52
2001-11-25,7.0,27.0,78.56,21.38,1.28,0.55
2001-11-26,3.3,27.38,79.76,19.68,1.49,0.55
2001-11-27,31.76,26.6,87.97,14.74,2.46,0.57
2001-11-28,12.2,26.99,82.86,13.24,1.63,0.62
2001-11-29,22.4,26.12,90.15,17.42,2.84,0.64
2001-11-30,11.69,26.78,83.22,22.67,2.2,0.67
2001-12-01,4.04,26.36,85.74,18.28,2.24,0.67
2001-12-02,7.15,26.32,84.45,17.76,1.77,0.68
2001-12-03,3.47,26.93,81.47,18.07,1.53,0.68
2001-12-04,6.22,26.51,87.68,16.9,2.73,0.68
2001-12-05,0.8,26.49,86.23,21.99,3.03,0.68
2001-12-06,1.16,25.85,84.22,18.05,2.35,0.68
2001-12-07,5.77,26.07,84.32,17.21,3.26,0.68
2001-12-08,4.23,25.66,86.28,16.54,3.05,0.68
2001-12-09,35.71,25.47,88.58,10.66,2.63,0.71
2001-12-10,13.16,25.56,86.0,13.08,3.11,0.75
2001-12-11,2.43,26.1,82.81,23.8,4.1,0.75
2001-12-12,0.36,26.35,79.57,24.1,3.29,0.74
2001-12-13,0.49,26.34,80.6,24.56,2.88,0.72
2001-12-14,0.03,25.89,81.23,22.67,2.64,0.72
2001-12-15,0.04,26.27,79.62,26.43,3.01,0.71
2001-12-16,0.06,26.47,76.2,26.95,3.17,0.7
2001-12-17,1.13,26.33,78.84,25.95,2.6,0.69
2001-12-18,1.77,25.61,85.87,19.77,1.79,0.68
2001-12-19,0.82,26.39,81.25,26.03,2.53,0.68
2001-12-20,0.05,27.1,78.23,26.81,2.77,0.67
2001-12-21,0.08,27.67,75.13,27.55,2.41,0.66
2001-12-22,0.05,27.73,76.93,26.11,2.82,0.65
2001-12-23,0.42,27.66,78.92,24.09,3.04,0.65
2001-12-24,1.51,27.82,79.11,23.58,2.2,0.64
2001-12-25,0.62,27.32,81.85,19.37,2.5,0.64
2001-12-26,0.78,27.07,80.15,18.16,2.5,0.63
2001-12-27,0.33,27.55,74.64,21.8,2.68,0.63
2001-12-28,0.17,27.43,72.23,25.05,2.59,0.62
2001-12-29,6.45,26.94,77.92,20.17,2.37,0.62
2001-12-30,2.63,27.49,76.25,23.57,3.51,0.62
2001-12-31,0.48,27.46,75.76,26.15,3.16,0.62
2002-01-01,2.48,27.13,78.24,24.02,3.49,0.61
2002-01-02,4.4,27.14,76.55,21.38,3.91,0.61
2002-01-03,1.32,27.21,72.12,24.72,3.79,0.61
2002-01-04,0.11,27.35,70.5,25.67,3.65,0.6
2002-01-05,0.05,27.17,70.56,25.52,3.55,0.6
2002-01-06,0.13,27.14,71.12,26.47,3.1,0.59
2002-01-07,0.32,27.73,71.54,24.8,3.21,0.59
2002-01-08,0.55,27.63,75.05,22.6,3.52,0.58
2002-01-09,18.85,27.08,80.87,18.41,3.36,0.59
2002-01-10,19.83,26.61,83.31,21.26,2.83,0.63
2002-01-11,3.34,26.94,81.95,23.83,3.38,0.64
2002-01-12,0.81,27.08,82.85,24.36,3.37,0.64
2002-01-13,1.09,26.83,85.39,18.77,3.0,0.63
2002-01-14,0.7,26.45,85.64,21.93,2.3,0.63
2002-01-15,7.16,26.4,81.68,23.16,2.05,0.63
2002-01-16,9.1,27.34,77.84,24.45,1.49,0.65
2002-01-17,4.62,27.63,78.25,23.76,1.76,0.65
2002-01-18,2.72,27.46,79.18,22.47,1.0,0.65
2002-01-19,6.32,27.15,80.17,22.15,1.15,0.65
2002-01-20,3.09,26.86,83.51,24.39,1.35,0.65
2002-01-21,8.18,26.66,84.56,17.43,1.12,0.65
2002-01-22,4.33,26.19,85.3,23.9,1.7,0.67
2002-01-23,18.88,26.41,86.35,20.0,2.06,0.68
2002-01-24,8.13,26.82,78.6,24.02,0.82,0.7
2002-01-25,10.83,27.09,82.54,21.6,2.09,0.7
2002-01-26,5.52,26.02,87.05,22.9,3.13,0.71
2002-01-27,4.63,26.43,87.36,24.02,2.84,0.71
2002-01-28,5.33,27.17,82.58,23.95,2.04,0.71
2002-01-29,13.89,26.25,88.57,22.66,2.24,0.72
2002-01-30,21.9,25.64,88.89,10.79,1.6,0.75
2002-01-31,20.6,25.42,90.79,16.84,3.33,0.78
2002-02-01,44.18,25.91,89.96,8.2,4.51,0.82
2002-02-02,17.22,26.33,88.7,7.95,5.77,0.86
2002-02-03,9.6,26.58,89.43,11.74,5.13,0.86
2002-02-04,5.26,26.41,89.04,17.99,5.89,0.86
2002-02-05,97.82,25.89,91.44,13.7,4.56,0.89
2002-02-06,47.2,25.4,91.79,14.86,3.78,0.96
2002-02-07,31.69,25.4,92.04,17.98,4.44,0.97
2002-02-08,31.07,25.17,90.8,15.04,5.63,0.97
2002-02-09,70.46,25.46,90.14,9.82,4.72,0.99
2002-02-10,19.37,25.59,91.78,8.39,5.24,1.0
2002-02-11,7.43,25.03,89.49,13.9,3.36,0.99
2002-02-12,4.44,24.77,85.8,22.28,3.01,0.99
2002-02-13,31.16,25.21,89.4,18.54,3.64,0.99
2002-02-14,16.88,25.35,91.2,20.78,3.69,0.99
2002-02-15,10.27,25.32,92.11,13.22,4.56,0.99
2002-02-16,5.94,25.1,91.05,7.71,4.16,0.99
2002-02-17,6.62,25.15,89.82,20.21,4.13,0.98
2002-02-18,3.94,25.4,89.24,15.17,4.32,0.98
2002-02-19,8.01,25.43,86.83,15.71,4.45,0.98
2002-02-20,1.67,26.03,89.79,22.09,4.78,0.97
2002-02-21,8.25,26.17,90.16,17.83,4.8,0.97
2002-02-22,3.83,26.29,88.87,22.6,4.85,0.97
2002-02-23,2.6,26.38,86.94,23.65,4.16,0.96
2002-02-24,5.27,25.97,89.36,22.36,3.81,0.95
2002-02-25,3.25,25.45,87.54,24.33,2.83,0.95
2002-02-26,0.73,25.65,84.29,25.35,2.24,0.95
2002-02-27,0.06,26.32,82.71,26.47,1.69,0.94
2002-02-28,0.54,26.49,83.56,26.28,1.94,0.93
2002-03-01,3.88,26.36,86.76,21.12,2.85,0.92
2002-03-02,21.32,25.95,89.91,15.42,3.09,0.93
2002-03-03,12.43,25.68,90.11,15.48,2.47,0.94
2002-03-04,20.91,26.2,85.27,23.81,1.72,0.95
2002-03-05,17.45,26.47,88.2,24.25,2.29,0.96
2002-03-06,0.33,26.12,85.96,23.63,1.3,0.95
2002-03-07,2.88,26.5,84.13,20.81,1.23,0.95
2002-03-08,0.66,25.74,89.77,23.07,2.3,0.94
2002-03-09,0.91,26.11,87.63,23.7,1.77,0.94
2002-03-10,0.42,27.0,81.66,24.18,1.19,0.93
2002-03-11,0.4,26.92,81.24,26.63,1.04,0.93
2002-03-12,0.27,26.82,82.12,25.57,2.06,0.92
2002-03-13,0.12,26.79,82.42,25.73,2.91,0.91
2002-03-14,0.04,26.97,78.68,26.4,2.03,0.9
2002-03-15,0.19,26.55,84.15,20.18,2.77,0.89
2002-03-16,0.03,26.43,82.32,24.47,2.83,0.88
2002-03-17,0.26,26.84,80.18,25.35,2.6,0.87
2002-03-18,0.13,26.76,80.56,25.51,2.81,0.86
2002-03-19,0.0,26.65,79.91,25.68,2.92,0.85
2002-03-20,0.02,26.68,80.6,25.17,2.53,0.84
2002-03-21,0.15,27.15,81.43,23.3,2.48,0.83
2002-03-22,0.09,27.48,79.9,25.83,2.18,0.82
2002-03-23,0.1,27.34,77.17,25.89,1.7,0.8
2002-03-24,0.76,27.15,78.48,25.0,2.32,0.79
2002-03-25,0.65,27.15,81.65,24.42,3.03,0.78
2002-03-26,0.35,27.41,80.67,25.02,2.52,0.78
2002-03-27,0.08,27.24,76.51,25.38,1.55,0.77
2002-03-28,3.43,27.28,75.52,23.17,1.33,0.75
2002-03-29,2.42,27.34,75.29,24.45,1.15,0.75
2002-03-30,8.79,27.09,77.11,24.36,1.63,0.75
2002-03-31,0.23,26.94,76.71,24.5,1.19,0.75
2002-04-01,0.13,26.61,74.62,24.05,2.74,0.74
2002-04-02,0.0,26.06,71.75,25.12,2.53,0.72
2002-04-03,0.0,26.92,67.98,24.96,1.74,0.71
2002-04-04,0.02,26.81,73.49,23.69,2.16,0.71
2002-04-05,0.06,27.2,75.63,24.39,2.88,0.7
2002-04-06,0.26,26.98,78.32,22.19,2.95,0.69
2002-04-07,0.47,27.21,79.44,23.94,2.99,0.68
2002-04-08,0.35,27.21,78.91,23.49,2.0,0.67
2002-04-09,1.1,27.2,78.61,22.55,2.16,0.66
2002-04-10,22.4,26.05,89.1,13.46,4.01,0.68
2002-04-11,4.7,26.43,86.45,16.92,3.81,0.7
2002-04-12,1.4,26.31,86.21,22.65,1.95,0.7
2002-04-13,1.47,26.77,81.62,22.07,1.8,0.7
2002-04-14,0.22,27.16,79.07,22.71,2.44,0.69
2002-04-15,0.21,27.34,76.13,23.3,2.85,0.68
2002-04-16,0.09,27.09,73.12,23.82,2.09,0.67
2002-04-17,0.58,27.14,72.89,23.07,1.02,0.66
2002-04-18,0.13,27.11,74.05,23.64,2.25,0.66
2002-04-19,0.0,27.0,71.08,23.45,2.46,0.65
2002-04-20,2.45,26.98,73.73,22.82,2.44,0.64
2002-04-21,0.18,27.13,75.13,22.65,2.58,0.64
2002-04-22,0.03,27.47,77.38,22.15,1.75,0.63
2002-04-23,0.01,27.64,75.29,21.77,3.18,0.62
2002-04-24,0.0,27.31,70.8,23.26,4.07,0.62
2002-04-25,0.0,27.34,71.06,22.83,4.25,0.61
2002-04-26,0.0,27.44,70.88,22.83,3.83,0.6
2002-04-27,0.0,27.42,71.87,22.43,3.45,0.6
2002-04-28,0.0,27.67,68.9,21.97,3.55,0.59
2002-04-29,0.0,27.76,70.04,22.77,3.71,0.59
2002-04-30,0.27,27.86,74.38,19.94,4.5,0.58
2002-05-01,0.05,27.87,69.96,22.02,4.15,0.58
2002-05-02,0.0,27.56,71.15,21.84,4.14,0.57
2002-05-03,0.02,27.54,73.42,20.38,4.76,0.57
2002-05-04,0.02,27.43,72.82,21.48,4.62,0.56
2002-05-05,0.13,27.83,72.39,21.44,3.88,0.56
2002-05-06,0.03,28.09,69.75,22.06,3.1,0.55
2002-05-07,0.01,28.46,69.47,21.66,3.51,0.55
2002-05-08,0.01,28.18,70.06,21.54,4.08,0.54
2002-05-09,0.0,27.98,69.42,21.41,3.78,0.54
2002-05-10,0.0,27.94,67.24,19.57,2.57,0.54
2002-05-11,0.0,27.78,67.62,20.42,3.41,0.53
2002-05-12,0.0,27.41,66.11,19.06,3.09,0.53
2002-05-13,0.0,27.27,64.95,21.0,3.2,0.53
2002-05-14,0.0,27.04,62.35,21.59,3.32,0.52
2002-05-15,0.18,27.09,64.92,21.03,2.23,0.52
2002-05-16,0.88,26.87,69.02,18.7,3.36,0.52
2002-05-17,0.0,26.96,66.1,21.05,3.72,0.52
2002-05-18,0.0,26.94,66.83,19.88,3.95,0.51
2002-05-19,0.01,27.35,66.98,19.52,3.32,0.51
2002-05-20,0.0,26.96,62.69,21.28,2.63,0.51
2002-05-21,0.0,26.99,62.96,21.1,2.05,0.51
2002-05-22,0.01,27.05,64.49,19.71,2.22,0.51
2002-05-23,0.0,27.01,64.84,20.16,2.53,0.5
2002-05-24,0.0,26.93,66.96,20.8,3.23,0.5
2002-05-25,0.0,27.21,67.35,19.66,3.12,0.5
2002-05-26,0.0,27.17,68.64,19.78,3.42,0.5
2002-05-27,0.04,27.2,68.49,18.65,3.52,0.5
2002-05-28,0.02,27.07,68.85,18.62,4.15,0.5
2002-05-29,0.0,26.9,59.42,20.06,4.51,0.49
2002-05-30,0.0,26.07,58.1,20.44,5.2,0.49
2002-05-31,0.01,26.17,58.19,19.33,4.7,0.49
2002-06-01,0.0,26.18,56.71,19.32,4.17,0.49
2002-06-02,0.0,26.63,64.46,16.44,4.29,0.49
2002-06-03,0.0,26.75,65.69,18.08,4.32,0.49
2002-06-04,0.01,26.9,66.5,18.64,3.58,0.49
2002-06-05,0.0,26.95,66.02,19.24,3.86,0.49
2002-06-06,0.0,26.16,62.22,20.41,3.97,0.49
2002-06-07,0.0,25.69,63.13,19.65,4.34,0.48
2002-06-08,0.0,26.36,61.67,19.64,4.21,0.48
2002-06-09,0.12,27.08,63.58,18.18,4.39,0.48
2002-06-10,0.04,26.98,62.04,18.24,4.83,0.48
2002-06-11,0.0,27.11,62.21,17.88,4.53,0.48
2002-06-12,0.72,26.72,70.8,12.42,4.25,0.48
2002-06-13,0.51,26.74,70.01,18.32,4.21,0.48
2002-06-14,0.69,26.7,69.66,19.44,3.14,0.48
2002-06-15,0.0,26.45,68.21,19.19,3.3,0.48
2002-06-16,0.0,26.03,70.72,19.46,3.48,0.48
2002-06-17,0.0,27.03,68.52,18.21,3.6,0.48
2002-06-18,0.0,26.89,66.66,18.95,4.33,0.48
2002-06-19,0.31,26.52,67.61,15.92,4.78,0.48
2002-06-20,0.0,25.48,61.11,19.42,4.66,0.48
2002-06-21,0.0,24.87,59.37,18.95,4.0,0.48
2002-06-22,0.0,25.22,60.64,18.69,4.0,0.48
2002-06-23,0.0,25.41,61.9,18.95,4.57,0.48
2002-06-24,0.0,25.17,60.55,19.18,4.55,0.48
2002-06-25,0.0,24.91,57.7,20.41,4.36,0.48
2002-06-26,0.0,25.12,59.58,18.75,3.48,0.48
2002-06-27,0.0,25.55,60.84,19.3,3.39,0.48
2002-06-28,0.0,25.69,59.37,20.08,3.55,0.48
2002-06-29,0.0,26.14,62.85,19.02,3.58,0.48
2002-06-30,0.0,25.88,63.28,18.78,4.28,0.48
2002-07-01,0.0,25.26,59.1,20.09,4.69,0.48
2002-07-02,0.25,24.85,70.78,12.43,5.12,0.48
2002-07-03,0.0,25.41,65.26,19.15,5.61,0.48
2002-07-04,0.0,25.72,62.01,18.89,4.6,0.48
2002-07-05,0.0,25.33,62.13,19.3,5.12,0.48
2002-07-06,0.0,24.93,61.48,19.44,4.73,0.48
2002-07-07,0.0,25.23,58.25,18.1,3.74,0.48
2002-07-08,0.0,25.32,63.87,18.09,3.54,0.48
2002-07-09,0.02,25.47,66.6,17.24,4.01,0.48
2002-07-10,0.33,25.74,68.01,16.76,3.62,0.48
2002-07-11,0.0,25.78,65.75,20.01,3.85,0.48
2002-07-12,0.0,25.46,63.12,20.54,3.22,0.48
2002-07-13,0.0,25.21,65.74,19.75,3.05,0.48
2002-07-14,0.0,25.53,60.83,20.35,2.6,0.48
2002-07-15,0.0,25.66,62.78,20.53,4.02,0.48
2002-07-16,0.06,25.08,67.68,18.13,4.88,0.48
2002-07-17,0.0,24.61,63.75,19.32,5.3,0.48
2002-07-18,0.0,24.59,60.75,19.15,4.42,0.48
2002-07-19,0.04,24.93,62.75,18.94,4.91,0.48
2002-07-20,0.03,25.29,67.53,18.84,4.64,0.48
2002-07-21,0.07,25.75,69.48,13.61,5.35,0.48
2002-07-22,0.0,25.88,66.6,20.42,4.17,0.48
2002-07-23,0.0,25.62,66.18,20.97,3.34,0.48
2002-07-24,0.0,25.86,65.93,20.82,3.56,0.48
2002-07-25,0.11,25.87,65.29,19.65,3.14,0.48
2002-07-26,0.0,25.78,64.13,20.71,3.14,0.48
2002-07-27,0.02,25.92,66.77,21.02,3.49,0.48
2002-07-28,0.09,26.02,70.45,19.02,4.25,0.48
2002-07-29,0.0,26.56,65.07,20.74,2.44,0.48
2002-07-30,0.01,25.91,65.59,20.68,4.26,0.48
2002-07-31,0.07,25.53,66.2,20.57,4.61,0.48
2002-08-01,0.0,24.76,59.97,21.52,4.49,0.48
2002-08-02,0.0,24.37,58.14,22.27,4.06,0.48
2002-08-03,0.0,25.02,57.29,22.01,3.02,0.48
2002-08-04,0.0,25.75,60.17,22.1,2.71,0.48
2002-08-05,0.43,25.84,65.59,21.18,3.59,0.48
2002-08-06,0.0,25.79,61.53,21.93,3.83,0.48
2002-08-07,0.0,25.94,63.53,21.7,3.11,0.48
2002-08-08,0.0,25.98,58.91,22.28,3.37,0.48
2002-08-09,0.0,25.3,59.61,22.73,3.14,0.48
2002-08-10,0.0,25.18,59.17,22.24,3.28,0.48
2002-08-11,0.01,25.01,64.32,22.0,3.88,0.48
2002-08-12,0.0,24.96,64.5,22.64,3.87,0.48
2002-08-13,0.0,25.37,61.53,22.2,3.35,0.48
2002-08-14,0.0,25.76,58.56,20.86,2.92,0.48
2002-08-15,0.05,25.6,58.99,22.52,4.15,0.48
2002-08-16,0.0,25.04,57.95,22.82,4.23,0.48
2002-08-17,0.0,24.78,55.19,23.26,3.96,0.48
2002-08-18,0.0,24.89,54.27,22.81,3.64,0.48
2002-08-19,0.0,25.11,57.43,22.17,4.57,0.48
2002-08-20,0.0,25.36,55.99,22.95,3.74,0.48
2002-08-21,0.0,25.22,57.13,23.09,3.91,0.48
2002-08-22,0.0,25.4,61.98,22.47,2.56,0.48
2002-08-23,0.03,25.76,62.5,22.62,3.39,0.48
2002-08-24,0.0,26.15,59.18,23.35,3.1,0.48
2002-08-25,0.04,25.7,61.89,22.44,3.61,0.48
2002-08-26,0.0,25.29,58.18,23.93,4.15,0.48
2002-08-27,0.0,24.85,53.19,23.78,3.73,0.48
2002-08-28,0.0,24.51,51.44,24.43,3.46,0.48
2002-08-29,0.0,24.89,58.41,23.89,3.01,0.48
2002-08-30,0.01,25.63,63.27,22.12,3.14,0.48
2002-08-31,0.02,25.69,63.51,21.05,3.65,0.48
2002-09-01,0.05,25.94,62.04,23.55,2.69,0.48
2002-09-02,0.0,25.55,62.68,24.5,2.84,0.48
2002-09-03,0.0,25.33,60.29,24.52,2.52,0.48
2002-09-04,0.0,25.34,58.92,24.92,2.85,0.48
2002-09-05,0.0,25.43,59.73,23.76,2.23,0.48
2002-09-06,0.0,25.43,60.19,24.7,2.96,0.48
2002-09-07,0.0,25.69,59.27,24.78,2.41,0.48
2002-09-08,0.0,26.38,59.43,25.02,3.24,0.48
2002-09-09,0.0,25.99,67.3,23.57,3.65,0.48
2002-09-10,0.0,26.52,64.15,24.02,2.67,0.48
2002-09-11,0.0,26.75,65.89,23.49,2.97,0.48
2002-09-12,0.09,27.25,65.74,21.19,2.4,0.48
2002-09-13,0.1,27.8,65.18,23.66,2.69,0.48
2002-09-14,0.38,27.36,66.09,22.61,3.4,0.48
2002-09-15,19.58,25.94,74.51,15.65,3.7,0.49
2002-09-16,6.01,25.68,76.67,20.76,3.38,0.52
2002-09-17,0.2,25.96,72.62,23.08,3.11,0.52
2002-09-18,0.51,25.82,72.16,19.8,1.45,0.52
2002-09-19,0.07,26.96,65.79,22.77,2.93,0.51
2002-09-20,0.0,26.64,63.97,25.55,2.98,0.51
2002-09-21,0.0,26.8,64.19,25.79,3.13,0.5
2002-09-22,0.0,26.17,63.55,24.75,2.95,0.5
2002-09-23,0.0,26.41,67.34,24.49,2.95,0.5
2002-09-24,0.02,26.77,64.64,24.6,1.7,0.49
2002-09-25,0.12,27.92,65.36,23.27,1.86,0.49
2002-09-26,0.74,28.06,65.58,23.24,2.97,0.49
2002-09-27,0.0,27.97,62.5,25.51,2.93,0.49
2002-09-28,0.0,27.61,64.32,25.39,2.4,0.49
2002-09-29,0.0,27.28,65.27,25.37,2.75,0.49
2002-09-30,3.02,27.31,67.33,21.45,2.98,0.49
2002-10-01,0.34,27.89,63.23,25.36,3.27,0.49
2002-10-02,0.0,27.25,62.07,26.29,3.81,0.49
2002-10-03,0.0,27.88,63.13,25.68,2.78,0.49
2002-10-04,0.0,28.1,61.44,26.7,3.23,0.48
2002-10-05,0.05,28.31,61.86,26.49,2.78,0.48
2002-10-06,0.48,28.27,60.93,26.02,2.47,0.48
2002-10-07,0.61,28.25,62.2,23.35,2.42,0.48
2002-10-08,0.01,28.39,62.28,26.04,2.48,0.48
2002-10-09,0.0,28.22,65.01,26.12,2.43,0.48
2002-10-10,0.0,29.1,60.14,26.38,2.19,0.48
2002-10-11,0.0,29.11,57.88,20.99,2.96,0.48
2002-10-12,0.0,28.85,59.36,26.52,2.86,0.48
2002-10-13,0.0,28.7,58.79,26.53,3.28,0.48
2002-10-14,0.0,28.63,60.39,26.34,3.86,0.48
2002-10-15,0.0,28.89,57.64,27.03,3.67,0.48
2002-10-16,0.0,28.88,57.28,27.07,2.25,0.48
2002-10-17,0.0,29.02,54.4,27.54,1.56,0.48
2002-10-18,0.0,29.3,54.48,28.06,2.45,0.48
2002-10-19,0.0,29.24,48.94,27.53,3.12,0.48
2002-10-20,0.0,28.61,54.64,27.67,2.95,0.48
2002-10-21,0.0,29.27,53.6,26.95,1.89,0.48
2002-10-22,0.0,29.43,55.07,26.89,1.6,0.48
2002-10-23,0.09,29.28,62.61,26.94,2.49,0.48
2002-10-24,0.0,30.13,59.37,27.03,1.92,0.48
2002-10-25,0.29,30.05,58.74,26.45,1.76,0.48
2002-10-26,0.04,30.18,59.71,26.45,1.85,0.48
2002-10-27,0.01,30.06,60.28,26.91,2.35,0.48
2002-10-28,0.01,29.84,57.75,27.0,2.11,0.48
2002-10-29,0.0,30.16,54.93,26.55,1.55,0.48
2002-10-30,0.01,30.43,55.61,26.63,1.81,0.48
2002-10-31,0.09,30.6,56.91,26.05,1.47,0.48
2002-11-01,0.12,30.86,55.94,25.4,1.66,0.48
2002-11-02,0.21,30.44,58.05,25.41,2.52,0.48
2002-11-03,0.05,30.62,56.31,25.66,2.29,0.48
2002-11-04,0.02,30.33,57.14,26.2,3.16,0.48
2002-11-05,0.04,30.41,55.45,26.99,2.01,0.48
2002-11-06,0.0,30.51,57.04,26.02,2.98,0.48
2002-11-07,0.0,30.25,56.73,26.91,3.7,0.48
2002-11-08,0.0,29.88,58.03,24.84,4.04,0.48
2002-11-09,0.0,30.09,60.08,26.45,3.14,0.48
2002-11-10,0.0,29.66,60.36,26.44,4.07,0.48
2002-11-11,0.0,29.68,57.76,27.52,3.2,0.48
2002-11-12,0.0,29.96,58.02,26.87,2.57,0.48
2002-11-13,0.04,30.26,58.89,26.13,2.34,0.48
2002-11-14,0.22,30.64,56.23,26.59,2.07,0.48
2002-11-15,0.08,30.47,57.84,26.4,1.95,0.48
2002-11-16,0.09,30.67,58.01,26.59,2.88,0.48
2002-11-17,0.11,29.93,59.85,26.11,2.57,0.48
2002-11-18,0.55,30.4,58.5,25.86,2.68,0.48
2002-11-19,0.02,30.72,54.95,26.7,3.05,0.48
2002-11-20,0.01,30.61,55.27,26.86,2.9,0.48
2002-11-21,0.11,30.53,59.58,26.81,3.08,0.48
2002-11-22,0.47,30.46,59.97,25.38,2.55,0.48
2002-11-23,3.27,30.02,61.97,25.82,1.49,0.48
2002-11-24,0.17,30.29,57.8,25.82,1.83,0.48
2002-11-25,11.95,29.87,63.35,25.13,1.05,0.49
2002-11-26,11.25,27.79,75.42,20.35,1.31,0.52
2002-11-27,15.94,28.42,72.66,23.03,1.27,0.53
2002-11-28,14.51,28.75,70.83,25.26,1.11,0.56
2002-11-29,16.38,28.42,73.82,22.43,1.46,0.57
2002-11-30,16.58,27.77,80.89,15.86,2.32,0.6
2002-12-01,19.85,26.8,86.05,15.02,3.36,0.63
2002-12-02,3.96,26.82,78.2,21.73,1.63,0.64
2002-12-03,1.45,27.13,79.75,21.73,1.09,0.64
2002-12-04,5.15,27.79,77.0,25.01,1.36,0.64
2002-12-05,3.08,28.56,75.75,26.78,1.72,0.64
2002-12-06,0.42,28.98,71.44,22.63,2.01,0.63
2002-12-07,1.43,29.07,73.78,26.38,2.06,0.62
2002-12-08,2.36,28.06,85.46,26.23,2.28,0.62
2002-12-09,1.99,29.64,69.63,26.01,1.55,0.62
2002-12-10,5.43,28.2,76.85,21.62,1.08,0.62
2002-12-11,24.12,27.48,77.89,22.48,1.6,0.64
2002-12-12,12.2,27.36,78.76,21.12,1.39,0.67
2002-12-13,43.37,27.82,77.54,24.81,1.37,0.7
2002-12-14,14.09,28.41,75.45,25.22,1.11,0.75
2002-12-15,1.08,28.43,73.1,27.06,1.67,0.74
2002-12-16,1.12,28.53,71.37,27.23,2.01,0.73
2002-12-17,0.2,28.18,74.57,27.28,2.42,0.71
2002-12-18,0.13,28.71,73.8,26.08,2.32,0.7
2002-12-19,0.25,28.78,72.91,26.87,2.02,0.69
2002-12-20,4.31,28.82,72.11,22.29,1.43,0.68
2002-12-21,1.79,28.84,72.72,25.39,1.49,0.68
2002-12-22,2.25,28.96,72.31,23.85,0.96,0.68
2002-12-23,2.64,28.75,73.96,25.32,1.49,0.67
2002-12-24,3.09,28.26,77.22,25.72,1.77,0.67
2002-12-25,2.42,28.34,76.87,21.53,1.83,0.67
2002-12-26,4.0,27.73,80.14,20.63,1.16,0.67
2002-12-27,2.45,28.24,78.7,26.04,1.49,0.67
2002-12-28,1.51,29.01,76.08,26.36,1.13,0.66
2002-12-29,2.13,29.02,75.93,24.09,1.62,0.66
2002-12-30,0.84,27.54,82.85,22.15,2.06,0.65
2002-12-31,1.09,27.0,83.96,19.97,2.42,0.65
2003-01-01,43.22,26.42,89.1,19.2,2.75,0.68
2003-01-02,11.56,26.56,84.21,24.61,1.88,0.73
2003-01-03,7.49,26.43,86.4,23.16,2.35,0.73
2003-01-04,6.93,27.01,84.91,24.45,2.45,0.73
2003-01-05,10.02,26.43,86.3,20.29,1.94,0.74
2003-01-06,2.94,26.98,82.17,17.53,1.63,0.75
2003-01-07,1.02,26.44,85.47,17.84,2.68,0.74
2003-01-08,2.09,25.98,88.44,17.64,3.58,0.74
2003-01-09,2.07,26.71,85.97,15.82,2.92,0.73
2003-01-10,0.73,26.82,83.41,24.11,2.01,0.73
2003-01-11,2.82,26.26,89.21,22.38,4.79,0.73
2003-01-12,9.36,26.51,90.06,19.46,4.65,0.73
2003-01-13,2.98,26.39,87.57,21.8,4.46,0.74
2003-01-14,2.51,26.89,84.38,22.54,5.07,0.73
2003-01-15,7.36,26.38,88.35,7.05,4.0,0.73
2003-01-16,26.82,25.93,88.94,12.73,3.38,0.75
2003-01-17,1.13,26.24,85.09,25.24,2.28,0.77
2003-01-18,0.85,26.94,82.37,24.84,2.95,0.76
2003-01-19,2.58,27.23,82.74,24.92,3.42,0.75
2003-01-20,3.63,27.43,82.32,19.87,3.57,0.75
2003-01-21,29.79,26.72,83.76,18.21,3.18,0.77
2003-01-22,6.78,25.76,87.17,21.24,2.83,0.79
2003-01-23,2.87,25.98,88.29,23.5,3.5,0.79
2003-01-24,5.04,26.61,85.54,26.5,3.75,0.78
2003-01-25,4.46,26.41,85.67,24.62,3.12,0.78
2003-01-26,2.12,25.9,87.72,22.11,2.53,0.78
2003-01-27,3.0,25.48,86.81,5.65,1.47,0.78
2003-01-28,3.9,25.57,85.05,24.12,1.98,0.78
2003-01-29,6.09,25.87,86.08,23.63,2.02,0.78
2003-01-30,4.73,26.74,81.2,21.63,1.14,0.78
2003-01-31,12.94,26.41,84.27,19.22,1.75,0.79
2003-02-01,7.09,26.05,90.22,16.12,3.0,0.8
2003-02-02,9.04,26.43,88.67,17.99,2.88,0.81
2003-02-03,2.44,26.42,86.83,24.36,1.62,0.81
2003-02-04,1.68,27.03,84.27,26.1,1.61,0.8
2003-02-05,2.9,27.28,83.76,25.62,2.09,0.8
2003-02-06,8.27,27.22,84.53,20.78,2.28,0.8
2003-02-07,4.07,26.53,86.44,24.92,2.05,0.8
2003-02-08,7.76,27.13,79.13,23.63,1.96,0.8
2003-02-09,3.0,27.06,82.53,22.29,1.23,0.8
2003-02-10,4.67,27.06,84.69,24.67,1.56,0.8
2003-02-11,21.59,26.48,87.79,20.74,2.02,0.81
2003-02-12,8.71,26.52,86.27,23.95,2.42,0.83
2003-02-13,32.37,27.1,81.06,18.52,2.24,0.84
2003-02-14,28.92,26.29,87.9,13.09,3.3,0.89
2003-02-15,15.28,25.9,88.76,11.31,4.83,0.89
2003-02-16,20.76,25.96,90.94,21.42,2.92,0.9
2003-02-17,20.89,26.05,91.72,14.0,4.52,0.92
2003-02-18,34.19,25.26,91.86,15.71,3.47,0.94
2003-02-19,69.39,25.56,93.05,9.45,5.11,0.97
2003-02-20,37.95,25.61,90.42,5.58,5.36,0.99
2003-02-21,17.86,25.66,89.34,9.89,4.78,0.99
2003-02-22,8.41,25.84,90.73,4.27,4.83,0.98
2003-02-23,7.26,26.37,87.77,18.66,5.38,0.98
2003-02-24,7.92,26.17,87.18,22.19,5.38,0.98
2003-02-25,4.78,26.44,89.9,15.73,4.65,0.97
2003-02-26,3.75,26.56,89.67,22.19,5.7,0.97
2003-02-27,3.85,26.58,88.88,16.5,5.8,0.97
2003-02-28,8.2,26.47,90.79,16.33,6.35,0.96
2003-03-01,7.04,26.23,90.31,10.62,6.04,0.97
2003-03-02,4.21,25.79,89.83,11.31,4.64,0.96
2003-03-03,2.39,25.57,89.98,11.27,3.12,0.96
2003-03-04,3.68,25.6,89.12,10.66,2.18,0.96
2003-03-05,12.91,25.64,86.89,17.05,2.35,0.96
2003-03-06,16.0,25.34,88.56,22.98,2.07,0.96
2003-03-07,20.14,25.07,90.23,17.26,2.92,0.97
2003-03-08,14.92,24.92,87.85,19.74,3.06,0.98
2003-03-09,13.89,25.72,87.92,17.23,3.89,0.98
2003-03-10,19.56,25.87,88.22,6.67,4.16,0.98
2003-03-11,16.83,26.0,86.67,12.71,3.29,0.98
2003-03-12,2.97,25.97,83.53,25.08,1.29,0.98
2003-03-13,0.04,26.77,78.5,26.42,1.31,0.97
2003-03-14,0.02,26.07,77.09,27.36,2.17,0.96
2003-03-15,0.02,26.05,72.26,27.04,1.81,0.95
2003-03-16,0.0,25.99,72.06,27.31,1.51,0.94
2003-03-17,0.0,26.42,70.91,27.28,1.06,0.93
2003-03-18,0.0,26.11,74.8,26.7,1.93,0.92
2003-03-19,0.37,26.93,76.48,25.26,1.14,0.91
2003-03-20,0.93,26.78,82.45,23.97,2.46,0.9
2003-03-21,2.58,26.7,82.28,19.77,2.39,0.89
2003-03-22,0.38,26.53,78.65,25.48,2.21,0.88
2003-03-23,0.25,26.61,78.58,25.33,2.35,0.87
2003-03-24,0.11,25.87,82.86,25.17,2.97,0.86
2003-03-25,0.01,25.72,78.21,26.28,2.88,0.85
2003-03-26,0.07,25.81,76.63,25.55,2.94,0.84
2003-03-27,0.0,26.55,76.81,25.59,3.03,0.83
2003-03-28,0.31,26.61,79.99,25.1,3.14,0.82
2003-03-29,0.25,26.73,82.11,22.95,3.43,0.81
2003-03-30,0.93,26.91,82.38,15.63,3.91,0.8
2003-03-31,41.69,26.28,90.75,3.95,4.33,0.82
2003-04-01,15.88,26.46,87.12,14.09,3.11,0.87
2003-04-02,12.82,25.98,87.7,16.83,2.03,0.87
2003-04-03,5.66,26.44,88.26,21.47,2.07,0.88
2003-04-04,1.59,27.04,81.18,24.9,1.21,0.87
2003-04-05,0.0,26.46,75.74,24.86,1.7,0.86
2003-04-06,0.0,26.27,74.24,24.71,1.23,0.85
2003-04-07,0.05,26.15,76.06,24.92,1.34,0.84
2003-04-08,0.04,26.27,77.88,23.94,1.4,0.83
2003-04-09,0.09,26.83,78.05,23.38,1.46,0.82
2003-04-10,0.19,26.52,80.99,23.82,2.07,0.8
2003-04-11,0.0,26.12,80.17,24.32,2.63,0.79
2003-04-12,0.02,26.27,80.55,23.88,2.3,0.78
2003-04-13,0.02,26.42,82.24,23.3,2.78,0.77
2003-04-14,0.04,26.61,81.04,23.22,2.39,0.76
2003-04-15,0.02,26.73,81.07,22.66,2.66,0.75
2003-04-16,0.63,26.56,81.88,23.03,3.44,0.74
2003-04-17,0.94,26.85,80.5,23.11,3.44,0.73
2003-04-18,0.39,26.73,79.05,23.32,3.48,0.73
2003-04-19,0.0,25.99,69.47,24.3,4.18,0.71
2003-04-20,0.07,26.54,75.83,23.13,3.55,0.71
2003-04-21,0.38,27.13,78.0,20.39,4.89,0.7
2003-04-22,0.0,26.89,74.36,23.31,4.45,0.69
2003-04-23,0.03,27.18,78.53,22.75,3.94,0.68
2003-04-24,0.02,27.01,77.47,23.04,4.24,0.67
2003-04-25,0.0,26.9,74.09,23.51,4.1,0.66
2003-04-26,0.03,26.71,71.97,23.18,3.21,0.65
2003-04-27,0.02,26.47,74.28,21.73,3.36,0.65
2003-04-28,0.09,26.71,74.5,22.7,3.61,0.64
2003-04-29,0.2,26.95,74.99,22.34,3.76,0.63
2003-04-30,0.0,27.05,74.31,22.5,3.76,0.62
2003-05-01,0.02,26.96,75.71,21.84,4.18,0.62
2003-05-02,0.02,27.63,73.53,21.62,4.31,0.61
2003-05-03,0.35,27.65,75.7,11.71,5.19,0.61
2003-05-04,0.02,28.12,72.56,20.99,5.05,0.6
2003-05-05,0.63,27.42,73.57,17.64,5.59,0.6
2003-05-06,3.72,27.39,78.95,15.92,5.22,0.59
2003-05-07,0.46,27.37,76.62,21.89,4.81,0.6
2003-05-08,0.07,27.23,74.71,19.91,4.49,0.59
2003-05-09,0.0,27.27,69.89,21.11,4.43,0.58
2003-05-10,0.0,26.71,69.25,21.49,3.95,0.58
2003-05-11,0.0,26.9,67.41,21.99,2.81,0.57
2003-05-12,0.0,26.54,67.69,21.26,3.15,0.57
2003-05-13,0.0,26.68,68.04,20.58,2.69,0.56
2003-05-14,0.0,26.35,68.18,21.14,2.28,0.56
2003-05-15,0.0,26.31,68.69,20.06,3.18,0.55
2003-05-16,0.0,26.56,68.23,19.94,2.54,0.55
2003-05-17,0.37,26.48,70.61,17.36,1.62,0.55
2003-05-18,0.25,26.76,70.37,20.83,1.68,0.54
2003-05-19,0.12,27.22,70.8,19.95,2.3,0.54
2003-05-20,0.13,27.46,72.26,20.5,2.63,0.54
2003-05-21,0.0,27.47,69.54,20.99,2.8,0.53
2003-05-22,0.01,27.2,71.06,19.1,3.28,0.53
2003-05-23,0.02,27.1,69.24,20.79,3.68,0.53
2003-05-24,0.0,26.98,69.67,19.22,3.85,0.52
2003-05-25,0.0,26.9,65.71,21.48,4.41,0.52
2003-05-26,0.0,26.74,61.36,21.25,5.17,0.52
2003-05-27,0.0,26.54,57.05,20.96,4.75,0.52
2003-05-28,0.0,25.45,56.6,20.59,5.07,0.51
2003-05-29,0.0,25.83,58.37,21.06,2.97,0.51
2003-05-30,0.0,26.59,68.06,19.11,3.04,0.51
2003-05-31,0.01,27.01,63.43,18.8,3.8,0.51
2003-06-01,0.0,27.1,66.01,18.82,3.7,0.51
2003-06-02,0.05,27.33,71.03,17.8,2.75,0.5
2003-06-03,0.01,27.82,69.03,19.49,3.82,0.5
2003-06-04,0.0,27.32,68.39,20.52,3.66,0.5
2003-06-05,0.0,27.15,69.14,19.23,3.55,0.5
2003-06-06,0.0,26.37,68.38,20.52,3.92,0.5
2003-06-07,0.0,26.16,61.2,20.61,4.22,0.5
2003-06-08,0.01,26.02,63.46,20.24,4.02,0.5
2003-06-09,0.17,26.77,68.66,17.11,4.7,0.49
2003-06-10,0.02,27.17,65.88,17.8,4.96,0.49
2003-06-11,0.1,26.98,66.95,19.01,4.64,0.49
2003-06-12,0.01,26.07,63.53,20.45,4.75,0.49
2003-06-13,0.15,26.17,63.4,19.22,4.49,0.49
2003-06-14,1.94,26.32,69.05,15.19,5.39,0.49
2003-06-15,7.07,25.94,74.84,7.94,5.07,0.49
2003-06-16,3.77,25.82,78.4,10.56,6.43,0.51
2003-06-17,4.25,26.0,80.06,9.9,5.67,0.51
2003-06-18,0.35,26.46,74.73,15.53,5.6,0.51
2003-06-19,0.08,26.1,71.22,18.28,5.12,0.51
2003-06-20,0.05,26.16,70.15,19.03,4.64,0.5
2003-06-21,0.3,26.19,70.17,18.3,4.23,0.5
2003-06-22,0.0,26.29,67.86,19.21,4.29,0.5
2003-06-23,0.0,25.77,68.0,20.0,4.34,0.5
2003-06-24,0.0,25.67,68.65,20.14,4.25,0.5
2003-06-25,0.0,25.25,66.58,20.26,4.04,0.49
2003-06-26,0.0,25.66,64.46,20.3,3.47,0.49
2003-06-27,0.0,25.34,64.19,20.89,3.33,0.49
2003-06-28,0.0,24.55,62.83,20.56,3.77,0.49
2003-06-29,0.0,24.5,61.78,20.9,2.89,0.49
2003-06-30,0.0,24.38,62.69,20.55,2.91,0.49
2003-07-01,0.0,25.06,60.48,20.74,3.42,0.49
2003-07-02,0.0,25.25,59.05,21.0,3.67,0.48
2003-07-03,0.0,25.35,62.6,20.77,3.87,0.48
2003-07-04,0.0,25.21,62.61,20.33,2.83,0.48
2003-07-05,0.25,25.57,69.12,16.53,3.8,0.48
2003-07-06,0.31,25.45,67.07,18.99,5.07,0.48
2003-07-07,0.0,25.5,68.46,18.96,4.57,0.48
2003-07-08,0.03,25.89,64.91,17.93,5.63,0.48
2003-07-09,0.07,25.79,66.81,20.1,4.9,0.48
2003-07-10,0.07,25.99,67.94,19.38,4.86,0.48
2003-07-11,0.0,25.52,65.16,21.05,4.28,0.48
2003-07-12,0.0,24.93,68.4,20.98,4.29,0.48
2003-07-13,0.01,25.39,66.14,21.04,3.22,0.48
2003-07-14,0.02,25.64,65.31,19.77,4.1,0.48
2003-07-15,0.0,25.56,61.17,20.52,4.73,0.48
2003-07-16,0.0,25.01,59.24,20.69,4.46,0.48
2003-07-17,0.0,25.35,63.97,19.34,4.01,0.48
2003-07-18,1.15,25.55,69.12,13.37,4.1,0.48
2003-07-19,0.15,25.92,64.86,20.07,4.23,0.48
2003-07-20,0.04,25.45,64.1,15.21,4.33,0.48
2003-07-21,0.87,26.09,72.85,15.37,4.98,0.48
2003-07-22,0.15,26.17,73.17,14.6,4.03,0.48
2003-07-23,0.02,26.26,71.62,16.9,4.71,0.48
2003-07-24,0.07,26.24,71.26,13.27,5.22,0.48
2003-07-25,0.11,26.33,68.86,18.24,4.87,0.48
2003-07-26,0.65,26.32,67.91,20.31,4.41,0.48
2003-07-27,0.0,25.8,64.0,21.19,4.6,0.48
2003-07-28,0.0,25.56,67.04,20.33,3.8,0.48
2003-07-29,0.06,25.95,68.06,20.4,3.6,0.48
2003-07-30,0.04,26.13,65.8,20.93,4.32,0.48
2003-07-31,0.02,25.75,64.3,21.2,4.54,0.48
2003-08-01,0.0,25.25,57.55,22.21,5.3,0.48
2003-08-02,0.01,24.9,59.46,19.9,4.68,0.48
2003-08-03,0.26,25.16,69.31,18.4,4.35,0.48
2003-08-04,0.0,25.75,65.76,18.5,3.2,0.48
2003-08-05,0.01,25.56,65.88,21.34,2.69,0.48
2003-08-06,0.03,26.05,68.64,21.46,3.44,0.48
2003-08-07,0.0,27.13,66.62,21.75,3.03,0.48
2003-08-08,0.0,26.63,63.94,22.16,3.68,0.48
2003-08-09,0.0,26.0,64.58,21.71,2.72,0.48
2003-08-10,0.0,26.16,65.85,20.21,2.16,0.48
2003-08-11,0.03,26.26,64.81,21.42,2.09,0.48
2003-08-12,0.04,26.21,68.08,18.99,3.3,0.48
2003-08-13,0.06,26.33,70.3,16.19,4.03,0.48
2003-08-14,0.56,26.73,70.69,14.95,3.88,0.48
2003-08-15,0.25,27.23,67.89,21.57,3.13,0.48
2003-08-16,0.0,27.24,64.5,22.86,3.99,0.48
2003-08-17,0.01,27.02,64.62,22.33,4.19,0.48
2003-08-18,0.0,26.38,65.58,22.93,4.1,0.48
2003-08-19,0.0,26.19,66.52,22.75,3.13,0.48
2003-08-20,0.0,26.82,65.03,22.24,2.86,0.48
2003-08-21,0.02,26.82,64.96,20.93,2.47,0.48
2003-08-22,0.21,25.82,67.94,21.33,3.45,0.48
2003-08-23,0.13,25.35,66.97,19.3,3.69,0.48
2003-08-24,0.04,24.96,65.02,21.8,3.72,0.48
2003-08-25,0.0,25.64,65.75,22.78,3.09,0.48
2003-08-26,0.0,26.42,66.4,22.51,3.79,0.48
2003-08-27,0.01,26.79,66.55,21.41,4.13,0.48
2003-08-28,0.04,26.86,65.12,22.26,4.61,0.48
2003-08-29,0.0,26.51,60.31,24.22,4.44,0.48
2003-08-30,0.0,26.22,61.93,24.57,3.81,0.48
2003-08-31,0.01,26.3,67.6,21.87,3.92,0.48
2003-09-01,0.47,27.05,66.29,23.49,3.68,0.48
2003-09-02,0.06,27.01,66.17,23.36,4.21,0.48
2003-09-03,0.02,26.88,65.49,23.54,4.76,0.48
2003-09-04,0.0,25.8,61.55,22.94,5.13,0.48
2003-09-05,0.0,25.14,56.34,25.33,4.55,0.48
2003-09-06,0.0,25.24,60.08,24.27,2.93,0.48
2003-09-07,0.03,26.39,63.69,24.12,2.34,0.48
2003-09-08,0.39,27.14,66.41,21.07,2.75,0.48
2003-09-09,0.04,27.56,62.6,23.4,3.23,0.48
2003-09-10,0.0,27.31,62.08,24.27,2.87,0.48
2003-09-11,0.03,27.1,65.16,23.79,2.69,0.48
2003-09-12,0.0,27.08,66.32,22.85,3.53,0.48
2003-09-13,0.1,27.09,66.49,22.34,2.71,0.48
2003-09-14,0.49,27.4,67.91,23.65,2.38,0.48
2003-09-15,0.22,27.25,69.07,23.41,2.52,0.48
2003-09-16,0.42,27.44,69.1,22.06,2.7,0.48
2003-09-17,0.06,27.99,66.43,24.27,2.94,0.48
2003-09-18,0.01,27.56,66.06,24.29,3.2,0.48
2003-09-19,0.0,28.28,62.36,24.3,2.03,0.48
2003-09-20,0.0,28.1,59.73,25.91,3.15,0.48
2003-09-21,0.0,27.83,60.62,25.09,3.43,0.48
2003-09-22,0.0,28.04,62.83,24.48,2.43,0.48
2003-09-23,0.3,27.52,66.11,24.1,3.05,0.48
2003-09-24,0.02,27.81,67.07,24.86,3.15,0.48
2003-09-25,0.0,28.52,63.24,25.13,2.85,0.48
2003-09-26,0.0,28.98,61.11,26.33,2.43,0.48
2003-09-27,0.0,29.22,61.57,25.65,2.37,0.48
2003-09-28,0.0,29.08,59.26,25.85,3.17,0.48
2003-09-29,0.0,28.56,62.27,25.56,3.61,0.48
2003-09-30,0.0,28.66,60.91,23.35,2.48,0.48
2003-10-01,0.39,28.47,64.09,23.12,3.38,0.48
2003-10-02,0.84,28.67,63.79,24.95,3.01,0.48
2003-10-03,0.0,29.08,60.35,24.66,2.68,0.48
2003-10-04,0.03,29.14,64.27,24.19,2.55,0.48
2003-10-05,0.33,28.74,67.61,22.86,3.02,0.48
2003-10-06,3.29,28.26,68.78,16.17,3.4,0.48
2003-10-07,8.08,27.55,74.6,21.97,3.54,0.49
2003-10-08,0.74,28.06,70.45,24.03,2.98,0.5
2003-10-09,0.14,28.47,66.77,25.84,3.55,0.49
2003-10-10,0.0,27.65,63.98,26.28,3.63,0.49
2003-10-11,0.0,27.74,62.44,25.81,3.42,0.49
2003-10-12,0.0,28.41,55.76,26.9,3.8,0.49
2003-10-13,1.07,28.24,58.35,26.16,2.75,0.48
2003-10-14,0.53,28.4,61.45,25.31,3.84,0.49
2003-10-15,0.0,28.66,61.59,26.42,3.04,0.48
2003-10-16,0.0,28.75,62.29,24.41,3.02,0.48
2003-10-17,0.01,29.03,60.2,22.06,2.36,0.48
2003-10-18,0.11,29.17,59.54,26.16,3.05,0.48
2003-10-19,0.0,29.17,59.11,26.54,3.22,0.48
2003-10-20,0.0,29.67,57.43,26.92,2.18,0.48
2003-10-21,0.0,29.97,57.03,25.07,1.2,0.48
2003-10-22,2.85,30.37,56.39,25.54,1.37,0.48
2003-10-23,0.46,29.97,62.1,25.95,2.02,0.48
2003-10-24,0.17,29.39,64.95,26.63,2.35,0.48
2003-10-25,0.04,29.66,60.24,28.13,2.84,0.48
2003-10-26,0.0,29.08,59.01,27.24,3.76,0.48
2003-10-27,0.3,29.03,63.41,26.21,2.59,0.48
2003-10-28,0.28,27.9,69.3,25.39,3.02,0.48
2003-10-29,0.19,28.96,64.21,25.87,2.84,0.48
2003-10-30,0.0,28.95,63.19,24.64,3.22,0.48
2003-10-31,0.2,28.72,65.18,24.88,3.06,0.48
2003-11-01,0.07,29.1,63.18,26.62,3.51,0.48
2003-11-02,0.01,29.09,61.36,25.8,2.46,0.48
2003-11-03,0.05,29.73,62.11,27.28,2.74,0.48
2003-11-04,0.0,30.09,58.89,24.81,2.28,0.48
2003-11-05,0.02,30.18,60.51,26.56,3.2,0.48
2003-11-06,0.03,30.59,56.61,27.0,2.94,0.48
2003-11-07,0.7,29.68,62.44,24.91,2.86,0.48
2003-11-08,0.46,30.13,62.7,25.94,1.87,0.48
2003-11-09,4.69,30.1,64.01,23.78,1.85,0.48
2003-11-10,8.98,29.07,68.51,23.53,1.38,0.5
2003-11-11,7.52,29.18,68.38,26.85,1.61,0.51
2003-11-12,11.46,28.82,71.71,23.73,2.67,0.52
2003-11-13,6.65,28.71,72.44,26.13,2.49,0.53
2003-11-14,1.49,29.23,69.5,25.76,2.62,0.53
2003-11-15,1.14,28.82,70.92,24.89,1.95,0.52
2003-11-16,5.87,28.65,70.68,25.7,2.4,0.52
2003-11-17,7.37,28.72,71.93,25.24,1.35,0.54
2003-11-18,3.09,28.84,69.99,24.89,1.56,0.54
2003-11-19,2.7,28.88,71.24,25.08,3.58,0.54
2003-11-20,0.78,29.29,66.48,22.58,2.41,0.53
2003-11-21,4.01,29.06,66.53,26.11,1.89,0.53
2003-11-22,3.72,28.87,69.42,26.77,1.87,0.53
2003-11-23,2.7,28.62,67.03,26.03,1.97,0.53
2003-11-24,3.67,28.7,68.48,25.82,1.83,0.53
2003-11-25,7.55,28.97,70.59,26.11,1.5,0.54
2003-11-26,3.71,28.91,70.8,26.69,1.68,0.54
2003-11-27,2.84,28.42,73.48,25.97,2.65,0.54
2003-11-28,0.0,29.2,63.26,26.87,2.95,0.54
2003-11-29,0.02,29.43,65.41,26.44,3.48,0.53
2003-11-30,0.18,29.42,67.12,25.97,3.28,0.53
2003-12-01,0.22,29.93,65.24,24.54,3.09,0.52
2003-12-02,0.92,29.75,65.66,26.46,1.05,0.52
2003-12-03,2.21,29.37,68.95,24.06,1.21,0.52
2003-12-04,1.57,29.29,69.02,25.21,1.87,0.52
2003-12-05,1.02,29.65,66.22,23.22,2.71,0.52
2003-12-06,0.39,29.61,65.55,24.86,2.05,0.51
2003-12-07,4.92,29.42,68.86,22.52,1.71,0.51
2003-12-08,3.16,28.62,75.44,23.57,1.43,0.52
2003-12-09,2.16,27.77,79.68,23.36,1.62,0.52
2003-12-10,5.88,28.62,74.79,23.29,1.65,0.53
2003-12-11,2.17,29.73,70.64,24.49,1.87,0.53
2003-12-12,4.28,29.54,71.21,23.46,1.79,0.53
2003-12-13,11.47,28.79,74.81,17.19,2.19,0.54
2003-12-14,9.76,27.63,81.55,18.49,2.12,0.56
2003-12-15,6.22,27.9,79.25,23.31,1.46,0.57
2003-12-16,9.11,27.91,79.02,21.55,1.75,0.57
2003-12-17,11.09,27.58,81.36,18.8,1.12,0.59
2003-12-18,26.04,27.5,83.67,18.15,2.78,0.62
2003-12-19,53.14,26.22,87.83,5.73,3.84,0.68
2003-12-20,72.12,26.32,89.12,10.09,4.86,0.79
2003-12-21,60.15,26.37,86.46,7.03,5.82,0.86
2003-12-22,13.27,26.79,82.65,15.36,5.88,0.87
2003-12-23,7.96,26.95,83.4,16.23,5.9,0.87
2003-12-24,29.79,26.78,85.42,14.38,5.88,0.88
2003-12-25,19.32,26.64,85.12,16.19,5.23,0.9
2003-12-26,19.2,26.54,86.96,23.37,4.59,0.91
2003-12-27,8.84,26.13,86.82,22.46,3.69,0.91
2003-12-28,26.51,25.91,90.4,9.3,3.85,0.92
2003-12-29,2.55,25.45,90.02,21.74,2.44,0.93
2003-12-30,2.7,25.82,87.09,11.27,2.55,0.92
2003-12-31,3.34,26.57,84.35,15.65,3.94,0.92
2004-01-01,3.32,26.39,85.61,19.59,4.71,0.91
2004-01-02,1.75,26.46,85.69,24.66,4.12,0.91
2004-01-03,4.0,26.44,87.18,23.87,3.68,0.9
2004-01-04,1.46,25.97,87.05,15.45,2.75,0.9
2004-01-05,0.73,26.63,82.33,26.0,1.79,0.89
2004-01-06,1.07,26.45,85.16,21.13,3.07,0.88
2004-01-07,5.34,26.49,83.33,20.34,3.16,0.88
2004-01-08,3.59,26.29,86.9,25.24,2.96,0.88
2004-01-09,4.21,26.02,88.86,21.62,3.0,0.88
2004-01-10,0.76,26.4,85.96,25.58,2.98,0.87
2004-01-11,0.74,26.58,83.81,24.43,2.88,0.86
2004-01-12,0.6,26.42,84.17,23.41,3.12,0.86
2004-01-13,0.33,26.61,81.4,25.89,2.67,0.85
2004-01-14,0.12,26.38,82.61,25.88,2.86,0.84
2004-01-15,0.69,26.9,81.66,25.38,2.56,0.83
2004-01-16,0.45,26.95,82.77,26.49,2.35,0.82
2004-01-17,0.13,27.36,80.14,26.48,1.65,0.81
2004-01-18,0.4,27.19,80.26,25.07,2.08,0.8
2004-01-19,1.13,27.18,77.56,25.15,2.34,0.79
2004-01-20,7.21,27.43,78.25,26.07,1.4,0.78
2004-01-21,6.46,27.4,79.24,25.93,1.1,0.79
2004-01-22,3.72,27.62,79.06,26.67,0.83,0.78
2004-01-23,9.29,27.73,79.97,26.08,1.05,0.78
2004-01-24,2.01,27.89,77.57,27.92,1.51,0.78
2004-01-25,7.21,27.79,79.92,26.61,1.52,0.77
2004-01-26,2.93,27.34,81.71,24.29,1.73,0.77
2004-01-27,4.11,26.86,84.37,25.29,1.91,0.77
2004-01-28,1.56,26.97,82.01,22.5,1.37,0.77
2004-01-29,1.19,27.33,81.56,21.12,1.07,0.76
2004-01-30,2.42,26.99,85.17,21.44,1.65,0.76
2004-01-31,5.04,26.65,87.1,16.77,2.24,0.76
2004-02-01,11.15,26.23,90.06,17.58,3.67,0.76
2004-02-02,19.47,25.78,89.78,12.45,4.52,0.78
2004-02-03,33.45,25.81,90.33,14.74,4.05,0.81
2004-02-04,41.3,25.03,90.9,3.66,4.86,0.85
2004-02-05,20.67,25.78,87.16,20.54,4.72,0.88
2004-02-06,25.19,26.05,88.43,18.41,5.14,0.9
2004-02-07,17.06,26.1,87.15,21.97,5.41,0.91
2004-02-08,12.66,26.08,86.1,15.61,5.69,0.92
2004-02-09,4.59,26.27,83.33,23.08,5.76,0.91
2004-02-10,5.41,26.27,84.78,20.98,6.55,0.91
2004-02-11,2.36,26.4,82.29,24.29,6.13,0.9
2004-02-12,5.14,26.89,83.47,25.25,4.79,0.89
2004-02-13,17.88,26.7,86.63,9.86,5.13,0.89
2004-02-14,8.52,26.55,87.2,21.15,4.78,0.9
2004-02-15,7.1,26.38,90.47,21.39,3.72,0.9
2004-02-16,20.0,25.89,91.1,19.43,2.41,0.91
2004-02-17,29.02,25.02,93.42,7.2,3.65,0.93
2004-02-18,17.12,25.35,91.74,16.04,2.9,0.95
2004-02-19,2.78,26.24,86.3,24.71,1.71,0.94
2004-02-20,1.42,26.33,88.4,24.72,2.04,0.94
2004-02-21,7.9,26.35,88.16,21.3,2.4,0.93
2004-02-22,1.28,26.34,86.28,24.27,2.88,0.93
2004-02-23,3.63,26.45,87.31,25.2,2.72,0.93
2004-02-24,1.2,26.39,86.78,22.84,2.19,0.92
2004-02-25,6.95,26.22,87.66,20.11,2.7,0.92
2004-02-26,3.81,26.13,89.66,25.13,3.16,0.92
2004-02-27,1.96,26.14,88.33,24.43,2.93,0.91
2004-02-28,2.15,26.28,89.32,24.05,3.18,0.91
2004-02-29,2.6,26.17,88.68,19.82,1.79,0.91
2004-03-01,2.32,26.05,87.86,20.19,1.76,0.9
2004-03-02,4.63,26.02,89.58,20.41,1.95,0.9
2004-03-03,17.67,25.95,91.77,19.12,2.68,0.91
2004-03-04,3.36,26.4,85.84,24.6,2.9,0.92
2004-03-05,0.21,26.51,83.64,25.02,2.54,0.91
2004-03-06,1.19,26.79,84.26,21.45,2.18,0.9
2004-03-07,1.37,26.66,86.0,22.84,1.82,0.9
2004-03-08,15.95,26.83,85.42,21.5,1.46,0.9
2004-03-09,3.62,26.81,84.88,25.25,1.99,0.9
2004-03-10,16.38,26.77,86.02,21.21,2.45,0.9
2004-03-11,29.74,27.11,84.92,22.66,2.22,0.92
2004-03-12,16.69,27.01,85.46,21.44,1.67,0.93
2004-03-13,6.32,26.93,86.91,19.86,1.79,0.93
2004-03-14,10.63,26.15,88.39,12.1,2.43,0.93
2004-03-15,14.94,25.81,89.13,6.6,3.53,0.94
2004-03-16,10.6,25.7,90.12,6.57,4.17,0.95
2004-03-17,4.23,25.98,88.0,5.32,4.54,0.95
2004-03-18,5.18,26.73,84.69,5.6,7.06,0.94
2004-03-19,10.36,25.97,86.7,5.7,9.41,0.94
2004-03-20,9.37,27.02,85.56,5.99,8.91,0.94
2004-03-21,5.59,27.12,84.34,9.02,7.87,0.94
2004-03-22,4.78,26.94,85.95,18.13,6.81,0.93
2004-03-23,5.25,26.76,88.03,20.28,5.14,0.92
2004-03-24,1.92,26.47,89.67,20.33,5.3,0.92
2004-03-25,0.67,26.6,84.21,23.87,3.77,0.92
2004-03-26,1.37,26.6,81.89,23.11,2.55,0.91
2004-03-27,0.01,26.68,77.9,25.5,1.81,0.9
2004-03-28,0.0,27.31,73.49,25.45,0.85,0.89
2004-03-29,1.11,27.13,78.82,23.48,1.38,0.88
2004-03-30,0.88,26.66,83.66,25.02,2.36,0.87
2004-03-31,0.0,26.58,81.71,25.42,2.49,0.86
2004-04-01,0.05,26.32,80.63,24.71,2.48,0.85
2004-04-02,0.17,26.08,83.58,24.7,3.23,0.83
2004-04-03,0.1,26.27,81.98,23.82,3.2,0.82
2004-04-04,0.4,26.19,81.68,25.22,3.24,0.81
2004-04-05,0.28,26.64,78.81,23.09,3.13,0.8
2004-04-06,0.2,26.52,83.17,23.35,3.2,0.79
2004-04-07,0.08,26.76,81.72,24.7,3.0,0.78
2004-04-08,0.03,26.49,78.28,24.72,2.61,0.77
2004-04-09,0.19,26.4,78.96,23.22,2.92,0.76
2004-04-10,0.16,26.64,79.08,23.52,3.3,0.75
2004-04-11,0.2,26.88,78.35,23.64,4.03,0.74
2004-04-12,0.05,26.87,79.01,23.89,3.63,0.73
2004-04-13,0.06,26.83,80.09,24.15,3.25,0.72
2004-04-14,0.01,26.8,78.93,23.91,3.88,0.71
2004-04-15,0.13,26.79,80.46,22.83,4.52,0.7
2004-04-16,0.17,26.89,74.96,23.91,3.79,0.7
2004-04-17,0.44,25.93,73.98,24.53,3.54,0.69
2004-04-18,0.0,26.24,71.57,24.11,3.03,0.68
2004-04-19,0.01,26.69,73.6,24.17,3.22,0.67
2004-04-20,0.38,27.18,74.3,23.55,2.97,0.66
2004-04-21,0.0,27.11,74.13,23.82,2.69,0.65
2004-04-22,0.0,26.85,75.57,23.66,3.22,0.64
2004-04-23,0.0,27.36,75.2,22.68,3.79,0.64
2004-04-24,0.09,27.52,74.13,22.61,4.28,0.63
2004-04-25,0.01,27.26,70.34,23.55,3.89,0.62
2004-04-26,0.0,27.11,71.74,22.88,3.23,0.61
2004-04-27,0.01,27.46,72.67,21.9,3.61,0.61
2004-04-28,0.08,27.28,75.3,20.3,3.94,0.6
2004-04-29,0.28,27.43,73.5,22.51,3.06,0.6
2004-04-30,0.25,27.86,73.56,21.16,3.85,0.59
2004-05-01,0.12,27.37,72.82,20.4,4.21,0.59
2004-05-02,0.0,27.34,64.67,21.78,4.79,0.58
2004-05-03,0.0,27.07,69.52,19.47,4.15,0.58
2004-05-04,0.01,27.36,70.43,21.09,3.99,0.57
2004-05-05,0.07,27.86,74.0,21.26,3.06,0.57
2004-05-06,1.19,28.73,76.42,19.01,3.05,0.56
2004-05-07,1.35,28.03,80.03,20.79,3.96,0.56
2004-05-08,0.66,27.81,78.92,18.12,4.15,0.56
2004-05-09,0.1,27.36,75.5,20.3,3.92,0.56
2004-05-10,0.0,27.34,73.22,17.1,2.99,0.55
2004-05-11,0.0,26.56,75.3,20.39,3.46,0.55
2004-05-12,0.0,26.4,69.23,20.8,2.37,0.54
2004-05-13,0.0,26.6,65.94,21.82,2.44,0.54
2004-05-14,0.0,26.63,66.04,21.52,1.85,0.54
2004-05-15,0.0,27.16,65.98,21.54,1.47,0.53
2004-05-16,0.0,27.67,66.48,21.38,1.46,0.53
2004-05-17,0.08,27.82,71.65,20.76,2.23,0.53
2004-05-18,0.38,27.66,73.78,18.08,2.92,0.52
2004-05-19,0.85,28.04,73.6,11.52,3.32,0.52
2004-05-20,2.57,27.95,76.58,16.71,3.43,0.52
2004-05-21,0.73,27.81,74.98,17.71,1.94,0.52
2004-05-22,0.17,28.57,68.78,20.37,2.23,0.52
2004-05-23,0.0,28.54,67.01,20.09,1.82,0.52
2004-05-24,0.01,28.13,70.36,20.25,2.41,0.52
2004-05-25,0.01,28.31,69.06,19.88,2.98,0.51
2004-05-26,0.19,27.66,71.47,18.67,3.28,0.51
2004-05-27,4.76,26.27,80.43,12.83,3.55,0.51
2004-05-28,7.69,25.73,83.7,16.14,2.95,0.52
2004-05-29,38.64,25.41,86.1,10.92,2.39,0.57
2004-05-30,6.84,25.58,82.62,13.42,2.89,0.61
2004-05-31,1.07,26.09,80.49,12.9,2.45,0.61
2004-06-01,0.19,25.81,80.25,15.05,2.28,0.6
2004-06-02,0.04,25.7,76.18,17.36,1.89,0.6
2004-06-03,0.11,25.96,79.71,11.88,2.38,0.59
2004-06-04,0.07,26.52,77.36,17.78,2.98,0.59
2004-06-05,0.07,26.98,75.63,15.05,4.3,0.58
2004-06-06,0.05,26.26,77.01,18.8,5.59,0.58
2004-06-07,0.08,25.92,73.9,18.19,4.98,0.58
2004-06-08,0.03,25.85,73.4,19.17,4.88,0.57
2004-06-09,0.05,26.15,71.39,18.96,4.6,0.57
2004-06-10,0.03,25.82,70.7,19.66,4.3,0.56
2004-06-11,0.06,25.36,68.22,19.44,5.22,0.56
2004-06-12,0.01,25.06,64.15,19.6,4.27,0.55
2004-06-13,0.0,24.67,62.4,19.45,5.16,0.55
2004-06-14,0.55,25.32,68.47,17.59,4.98,0.55
2004-06-15,0.23,25.39,60.32,19.43,5.65,0.54
2004-06-16,0.11,25.01,59.6,17.02,5.4,0.54
2004-06-17,0.01,25.2,68.22,18.23,4.51,0.54
2004-06-18,0.0,24.89,69.1,18.28,4.57,0.53
2004-06-19,0.0,24.3,67.2,19.64,4.13,0.53
2004-06-20,0.0,24.05,64.76,19.66,4.31,0.53
2004-06-21,0.0,24.62,63.32,16.64,4.43,0.52
2004-06-22,0.01,23.95,67.99,16.02,4.59,0.52
2004-06-23,0.0,24.15,64.77,19.12,4.18,0.52
2004-06-24,0.0,24.46,65.19,17.67,3.83,0.52
2004-06-25,0.04,24.27,66.48,18.34,4.47,0.51
2004-06-26,0.03,24.65,61.37,19.06,5.0,0.51
2004-06-27,0.04,24.83,56.29,18.02,4.11,0.51
2004-06-28,0.0,24.06,63.64,18.47,4.04,0.51
2004-06-29,0.03,24.21,69.97,17.47,3.62,0.51
2004-06-30,0.15,24.63,70.43,17.39,3.73,0.51
2004-07-01,0.03,25.48,70.56,17.38,2.09,0.5
2004-07-02,0.0,26.29,67.64,16.23,1.57,0.5
2004-07-03,0.08,26.55,71.31,19.64,1.97,0.5
2004-07-04,0.0,26.83,67.23,20.15,2.58,0.5
2004-07-05,0.0,26.11,70.31,19.45,4.05,0.5
2004-07-06,0.0,25.43,69.82,19.99,4.22,0.5
2004-07-07,0.08,25.7,69.37,16.19,4.05,0.49
2004-07-08,0.0,25.74,68.83,20.07,4.49,0.49
2004-07-09,0.0,25.61,63.49,20.71,3.99,0.49
2004-07-10,0.0,25.03,61.96,20.76,4.0,0.49
2004-07-11,0.0,25.63,66.46,19.22,2.47,0.49
2004-07-12,0.02,26.06,70.32,16.14,4.13,0.49
2004-07-13,0.03,25.46,67.19,20.91,5.01,0.49
2004-07-14,0.14,25.51,70.06,15.22,4.88,0.49
2004-07-15,0.06,25.65,69.15,18.48,5.23,0.49
2004-07-16,0.01,25.2,63.71,19.97,5.26,0.49
2004-07-17,0.19,24.93,65.18,17.45,5.57,0.49
2004-07-18,0.0,24.84,62.96,17.88,6.22,0.48
2004-07-19,0.08,24.54,62.39,15.67,5.68,0.48
2004-07-20,0.06,24.4,62.72,16.47,5.19,0.48
2004-07-21,0.0,24.58,61.31,18.38,4.87,0.48
2004-07-22,0.07,24.9,63.04,19.23,4.87,0.48
2004-07-23,0.0,24.56,64.55,20.42,4.49,0.48
2004-07-24,0.0,24.86,63.73,21.06,2.96,0.48
2004-07-25,0.0,24.39,64.01,20.17,3.82,0.48
2004-07-26,0.04,24.51,66.26,18.13,3.84,0.48
2004-07-27,0.07,25.28,67.64,20.97,2.37,0.48
2004-07-28,0.0,24.7,65.0,20.83,3.59,0.48
2004-07-29,0.0,24.57,65.61,21.67,2.98,0.48
2004-07-30,0.0,24.59,67.69,21.46,3.57,0.48
2004-07-31,0.0,24.56,67.43,20.82,3.4,0.48
2004-08-01,0.0,24.31,67.01,21.06,3.69,0.48
2004-08-02,0.0,24.67,68.38,20.66,3.75,0.48
2004-08-03,0.0,24.63,67.99,21.63,3.11,0.48
2004-08-04,0.0,25.01,64.07,19.89,2.56,0.48
2004-08-05,0.0,25.42,65.98,22.34,2.54,0.48
2004-08-06,0.0,25.64,66.21,21.95,3.44,0.48
2004-08-07,0.48,25.61,67.48,20.32,3.01,0.48
2004-08-08,1.33,25.25,69.06,21.47,4.11,0.48
2004-08-09,0.0,25.29,62.83,23.01,3.12,0.48
2004-08-10,0.0,25.34,63.48,23.02,3.01,0.48
2004-08-11,0.03,25.65,65.09,21.64,3.71,0.48
2004-08-12,0.01,25.46,62.32,22.55,3.85,0.48
2004-08-13,0.0,25.09,59.83,22.71,3.99,0.48
2004-08-14,0.0,24.24,62.72,22.72,3.87,0.48
2004-08-15,0.0,23.9,67.2,20.77,3.41,0.48
2004-08-16,0.06,24.61,65.15,21.92,3.52,0.48
2004-08-17,0.11,24.98,63.25,21.1,2.54,0.48
2004-08-18,0.0,25.21,64.05,23.44,3.35,0.48
2004-08-19,0.02,25.06,61.11,23.34,3.0,0.48
2004-08-20,0.16,25.38,61.03,23.63,3.04,0.48
2004-08-21,0.0,25.03,59.02,23.81,4.21,0.48
2004-08-22,0.0,25.08,56.58,23.75,4.11,0.48
2004-08-23,0.02,25.03,62.05,24.1,3.11,0.48
2004-08-24,0.04,25.43,66.15,23.5,3.0,0.48
2004-08-25,0.0,25.82,64.18,23.54,3.3,0.48
2004-08-26,0.0,25.64,63.55,23.91,3.39,0.48
2004-08-27,0.01,25.99,63.24,24.16,2.35,0.48
2004-08-28,0.0,26.14,63.01,24.06,2.09,0.48
2004-08-29,0.0,26.26,65.57,20.51,2.57,0.48
2004-08-30,0.0,26.1,67.77,22.79,3.45,0.48
2004-08-31,0.0,25.63,67.52,21.52,4.07,0.48
2004-09-01,0.0,26.31,61.26,24.58,3.37,0.48
2004-09-02,0.01,26.65,64.12,23.62,2.79,0.48
2004-09-03,0.04,26.8,65.01,23.27,3.65,0.48
2004-09-04,0.0,26.49,60.7,24.79,3.83,0.48
2004-09-05,0.0,26.29,56.25,25.26,4.03,0.48
2004-09-06,0.0,25.44,59.88,25.17,4.25,0.48
2004-09-07,0.0,25.31,64.03,25.18,3.49,0.48
2004-09-08,0.0,25.51,68.4,24.43,3.7,0.48
2004-09-09,0.0,26.19,64.05,24.33,2.09,0.48
2004-09-10,0.16,27.03,63.91,24.72,3.06,0.48
2004-09-11,0.03,27.36,65.58,21.97,3.64,0.48
2004-09-12,0.1,26.86,68.56,23.85,4.92,0.48
2004-09-13,0.0,26.25,64.94,24.25,5.05,0.48
2004-09-14,0.0,26.24,57.99,24.92,4.88,0.48
2004-09-15,0.0,26.33,57.12,25.67,4.11,0.48
2004-09-16,0.05,26.87,63.24,23.9,3.38,0.48
2004-09-17,0.31,27.68,63.5,24.22,2.91,0.48
2004-09-18,0.64,27.83,61.0,25.5,2.97,0.48
2004-09-19,0.0,27.37,61.33,25.6,3.48,0.48
2004-09-20,0.0,26.98,60.79,25.52,3.75,0.48
2004-09-21,0.0,26.6,62.73,25.18,3.88,0.48
2004-09-22,0.0,26.78,62.92,25.95,3.73,0.48
2004-09-23,0.0,27.07,58.35,26.33,3.33,0.48
2004-09-24,0.0,26.83,59.64,26.41,2.76,0.48
2004-09-25,0.0,26.88,57.3,26.31,3.16,0.48
2004-09-26,0.0,27.24,59.66,25.72,2.04,0.48
2004-09-27,0.0,27.7,58.73,25.55,2.02,0.48
2004-09-28,0.0,28.06,58.19,26.1,2.19,0.48
2004-09-29,0.0,28.44,59.08,25.63,2.24,0.48
2004-09-30,0.0,27.6,64.07,25.35,3.82,0.48
2004-10-01,0.05,27.59,66.8,23.9,3.4,0.48
2004-10-02,0.15,27.49,68.86,24.53,3.11,0.48
2004-10-03,0.01,27.57,66.57,24.83,3.57,0.48
2004-10-04,0.02,27.35,66.82,26.13,4.05,0.48
2004-10-05,0.03,27.65,66.8,25.64,3.06,0.48
2004-10-06,0.03,27.97,65.97,24.55,2.41,0.48
2004-10-07,0.01,28.2,64.79,25.63,2.57,0.48
2004-10-08,0.0,28.91,58.69,25.73,2.39,0.48
2004-10-09,0.0,29.01,57.81,26.35,2.55,0.48
2004-10-10,0.0,29.15,51.46,25.64,2.55,0.48
2004-10-11,0.0,29.33,54.75,26.46,1.68,0.48
2004-10-12,0.0,28.43,59.23,26.61,3.21,0.48
2004-10-13,0.0,28.55,55.67,25.56,2.38,0.48
2004-10-14,0.0,28.6,58.5,26.26,1.96,0.48
2004-10-15,0.0,28.68,59.92,24.93,2.02,0.48
2004-10-16,0.18,28.39,64.12,25.34,2.61,0.48
2004-10-17,5.03,27.57,72.06,12.21,3.25,0.48
2004-10-18,0.56,28.23,64.22,23.77,3.13,0.49
2004-10-19,0.0,28.93,61.53,26.07,2.09,0.48
2004-10-20,0.05,29.45,62.92,24.77,2.24,0.48
2004-10-21,0.01,29.13,61.52,25.79,2.13,0.48
2004-10-22,0.0,29.64,60.06,25.26,1.55,0.48
2004-10-23,0.57,29.59,60.07,26.43,1.3,0.48
2004-10-24,0.02,29.37,60.73,26.32,2.3,0.48
2004-10-25,0.1,29.56,59.48,23.61,1.79,0.48
2004-10-26,0.0,28.94,60.63,27.17,3.54,0.48
2004-10-27,0.01,29.96,57.3,26.79,2.79,0.48
2004-10-28,1.48,29.84,61.43,26.53,4.08,0.48
2004-10-29,1.86,30.2,61.5,26.0,3.65,0.48
2004-10-30,0.04,30.32,56.86,26.47,2.56,0.48
2004-10-31,0.1,30.28,57.07,26.79,2.13,0.48
2004-11-01,0.0,29.93,56.95,26.89,2.85,0.48
2004-11-02,0.0,29.86,55.4,27.07,2.59,0.48
2004-11-03,0.0,29.71,57.16,27.23,1.97,0.48
2004-11-04,0.0,30.1,55.2,26.83,2.03,0.48
2004-11-05,0.0,30.35,57.23,27.35,2.11,0.48
2004-11-06,0.0,30.34,59.33,25.15,1.1,0.48
2004-11-07,0.61,30.04,61.37,23.82,2.23,0.48
2004-11-08,0.43,29.89,61.09,26.76,2.15,0.48
2004-11-09,0.44,30.33,58.72,26.85,2.35,0.48
2004-11-10,0.48,29.54,64.88,25.73,2.23,0.48
2004-11-11,0.09,30.38,60.98,26.39,2.23,0.48
2004-11-12,0.22,30.17,63.92,24.72,2.85,0.48
2004-11-13,0.01,30.61,60.78,26.14,2.85,0.48
2004-11-14,0.16,30.73,59.03,27.34,2.16,0.48
2004-11-15,3.83,30.23,63.32,23.54,2.69,0.48
2004-11-16,0.43,30.18,59.6,26.21,2.33,0.49
2004-11-17,0.17,30.47,60.23,25.9,1.78,0.49
2004-11-18,0.02,29.94,63.21,26.7,2.22,0.48
2004-11-19,0.13,30.39,61.23,26.76,2.41,0.48
2004-11-20,0.09,30.37,58.33,26.09,2.5,0.48
2004-11-21,0.04,29.79,63.77,22.32,3.45,0.48
2004-11-22,3.1,28.79,67.1,24.88,2.31,0.48
2004-11-23,3.2,28.06,71.81,23.5,1.93,0.49
2004-11-24,5.91,28.21,70.45,25.24,1.16,0.5
2004-11-25,28.31,27.59,77.34,21.92,1.5,0.53
2004-11-26,12.54,27.36,80.85,17.52,3.08,0.57
2004-11-27,1.59,28.51,74.04,24.41,3.63,0.57
2004-11-28,1.9,27.79,78.06,21.56,3.06,0.56
2004-11-29,4.03,28.48,69.62,24.74,1.59,0.56
2004-11-30,5.62,28.43,70.32,25.7,1.49,0.57
2004-12-01,1.93,28.55,69.8,26.09,0.85,0.57
2004-12-02,0.88,29.21,65.01,26.34,1.61,0.56
2004-12-03,1.77,29.48,63.73,26.66,1.04,0.56
2004-12-04,0.32,29.17,62.55,28.05,1.69,0.55
2004-12-05,3.28,29.5,64.32,26.17,1.16,0.55
2004-12-06,2.86,29.25,67.61,24.14,2.02,0.55
2004-12-07,1.13,29.0,69.65,26.65,1.81,0.55
2004-12-08,0.3,28.5,73.32,23.52,2.61,0.54
2004-12-09,0.45,28.16,76.19,26.09,2.88,0.54
2004-12-10,0.39,28.49,74.8,26.25,2.71,0.54
2004-12-11,1.75,28.76,74.07,25.93,2.14,0.54
2004-12-12,6.26,28.68,76.37,25.46,2.19,0.54
2004-12-13,19.79,28.55,75.92,25.82,1.89,0.56
2004-12-14,4.73,28.86,73.78,26.53,1.68,0.58
2004-12-15,7.93,28.78,75.77,24.89,1.65,0.58
2004-12-16,2.68,28.58,76.14,25.24,2.47,0.58
2004-12-17,1.34,29.34,70.65,27.7,1.69,0.58
2004-12-18,2.17,28.9,72.98,23.38,2.26,0.58
2004-12-19,4.04,28.72,74.59,27.26,2.2,0.57
2004-12-20,0.93,28.69,76.25,23.88,2.52,0.58
2004-12-21,10.4,28.75,74.97,23.39,1.64,0.58
2004-12-22,9.17,27.47,83.61,19.29,1.28,0.6
2004-12-23,2.81,27.0,81.96,15.92,0.95,0.6
2004-12-24,17.48,26.87,84.68,23.51,1.47,0.62
2004-12-25,20.27,26.8,83.46,21.46,2.13,0.65
2004-12-26,12.39,26.33,88.15,15.48,3.59,0.67
2004-12-27,10.51,26.45,87.2,11.02,2.71,0.68
2004-12-28,9.81,26.47,86.8,20.26,3.95,0.7
2004-12-29,22.49,26.76,88.63,15.38,3.49,0.71
2004-12-30,23.91,26.55,87.82,7.75,5.02,0.75
2004-12-31,19.82,26.02,89.6,6.8,3.85,0.78
2005-01-01,3.51,26.81,83.16,24.64,4.59,0.78
2005-01-02,5.3,26.84,82.97,23.61,5.21,0.77
2005-01-03,2.09,26.81,85.19,23.82,3.38,0.77
2005-01-04,3.23,26.6,86.91,22.55,2.77,0.76
2005-01-05,1.81,26.86,87.53,25.44,2.82,0.76
2005-01-06,1.08,27.14,84.31,25.36,2.51,0.76
2005-01-07,1.01,26.94,83.21,21.41,2.53,0.75
2005-01-08,0.37,27.08,80.17,26.57,2.04,0.74
2005-01-09,0.09,27.64,74.55,27.66,1.64,0.73
2005-01-10,0.06,27.57,76.11,27.37,2.22,0.72
2005-01-11,0.26,27.15,79.02,24.17,2.49,0.71
2005-01-12,7.52,27.13,81.61,24.9,3.05,0.71
2005-01-13,9.49,27.05,83.59,23.91,3.86,0.71
2005-01-14,14.28,27.11,82.88,18.07,3.91,0.72
2005-01-15,7.99,26.9,84.6,23.28,2.75,0.74
2005-01-16,1.92,27.15,85.32,26.38,1.71,0.73
2005-01-17,5.4,27.64,81.4,23.31,1.13,0.73
2005-01-18,5.44,27.27,83.04,9.32,2.11,0.73
2005-01-19,19.59,26.01,87.25,20.97,1.8,0.75
2005-01-20,11.13,25.82,89.91,15.39,3.59,0.77
2005-01-21,7.84,25.58,89.64,10.81,3.36,0.77
2005-01-22,25.13,25.84,87.3,17.25,3.77,0.79
2005-01-23,36.15,25.92,88.37,19.28,2.88,0.84
2005-01-24,7.36,26.7,87.44,23.86,2.78,0.85
2005-01-25,3.04,26.91,87.65,24.45,3.11,0.84
2005-01-26,1.45,26.84,85.14,25.86,2.73,0.84
2005-01-27,0.82,26.5,87.25,26.32,2.48,0.83
2005-01-28,2.15,26.59,86.12,24.76,2.28,0.83
2005-01-29,1.51,26.62,88.01,22.96,2.34,0.82
2005-01-30,1.16,27.12,86.85,22.55,2.75,0.82
2005-01-31,3.59,26.92,86.04,23.97,3.17,0.81
2005-02-01,10.7,26.33,84.77,22.85,3.84,0.81
2005-02-02,63.55,25.54,88.94,15.62,4.07,0.85
2005-02-03,34.48,25.52,87.82,19.61,5.42,0.9
2005-02-04,15.85,26.28,87.15,23.15,4.7,0.92
2005-02-05,4.43,26.37,87.42,24.71,3.52,0.92
2005-02-06,1.77,26.64,85.57,24.68,2.71,0.91
2005-02-07,1.12,26.41,87.24,26.6,3.0,0.9
2005-02-08,0.75,26.8,85.42,23.27,3.47,0.9
2005-02-09,1.16,26.59,86.88,24.1,3.23,0.89
2005-02-10,1.34,26.29,88.11,16.47,4.35,0.89
2005-02-11,0.79,25.98,89.31,22.79,2.58,0.88
2005-02-12,0.84,25.89,87.87,25.06,1.74,0.88
2005-02-13,1.2,26.45,86.84,25.42,2.19,0.88
2005-02-14,0.81,27.41,80.81,27.13,1.88,0.87
2005-02-15,0.58,27.32,81.34,23.89,2.51,0.86
2005-02-16,0.23,27.15,81.71,27.94,1.76,0.85
2005-02-17,0.16,27.71,77.39,27.63,1.67,0.84
2005-02-18,0.06,28.1,70.57,28.33,1.26,0.83
2005-02-19,0.25,27.75,75.78,28.18,1.05,0.82
2005-02-20,0.43,27.77,74.17,24.27,1.47,0.8
2005-02-21,2.46,27.06,81.11,24.4,2.07,0.79
2005-02-22,10.55,27.13,80.96,23.16,1.82,0.79
2005-02-23,11.7,27.2,79.95,26.46,1.79,0.8
2005-02-24,1.94,27.61,79.41,25.96,1.64,0.8
2005-02-25,0.45,28.22,78.48,26.67,1.02,0.79
2005-02-26,0.78,28.61,75.92,26.9,1.11,0.78
2005-02-27,0.52,28.58,75.19,27.28,1.21,0.77
2005-02-28,0.51,28.6,74.43,25.83,0.92,0.76
2005-03-01,7.83,28.05,79.33,22.13,1.12,0.76
2005-03-02,10.61,27.3,81.7,17.69,1.81,0.77
2005-03-03,2.43,26.57,85.84,24.42,2.24,0.77
2005-03-04,6.99,26.63,86.15,18.79,2.46,0.77
2005-03-05,14.12,26.4,87.75,19.04,3.39,0.78
2005-03-06,8.53,26.29,88.03,23.67,2.76,0.8
2005-03-07,15.18,25.89,87.07,16.7,3.38,0.81
2005-03-08,7.14,26.16,87.65,20.75,4.23,0.82
2005-03-09,1.49,26.35,86.03,16.24,5.12,0.81
2005-03-10,1.12,26.69,84.27,25.55,3.04,0.8
2005-03-11,0.28,27.2,82.25,26.07,2.02,0.79
2005-03-12,0.56,27.31,83.82,23.65,2.45,0.79
2005-03-13,5.42,27.02,85.81,19.6,3.21,0.78
2005-03-14,14.54,26.02,88.23,4.87,3.96,0.79
2005-03-15,24.18,25.99,89.62,2.34,5.75,0.82
2005-03-16,11.27,27.02,87.41,17.83,5.23,0.84
2005-03-17,3.4,26.66,89.11,23.14,4.02,0.84
2005-03-18,6.52,26.85,87.42,22.0,3.29,0.84
2005-03-19,1.74,27.13,83.14,24.68,2.07,0.84
2005-03-20,0.34,26.6,84.64,21.59,2.29,0.82
2005-03-21,3.49,26.84,82.97,19.87,2.13,0.82
2005-03-22,0.01,26.75,80.91,23.12,2.32,0.81
2005-03-23,0.02,27.11,79.08,22.6,1.53,0.79
2005-03-24,0.6,27.48,78.64,23.25,1.3,0.78
2005-03-25,6.91,27.02,85.24,20.28,2.07,0.78
2005-03-26,0.62,27.37,81.69,23.3,2.44,0.78
2005-03-27,1.49,27.5,82.43,23.75,3.31,0.77
2005-03-28,1.46,27.34,82.12,20.88,2.96,0.77
2005-03-29,2.81,27.36,83.83,23.75,2.9,0.76
2005-03-30,3.51,26.91,85.13,19.97,2.81,0.76
2005-03-31,0.89,27.34,81.61,23.97,2.97,0.76
2005-04-01,1.71,27.61,78.31,22.06,3.22,0.75
2005-04-02,1.85,27.37,79.82,21.84,3.67,0.74
2005-04-03,0.76,27.47,79.1,21.96,4.05,0.73
2005-04-04,1.69,27.27,79.14,22.26,3.89,0.73
2005-04-05,1.09,27.39,77.32,24.32,4.33,0.72
2005-04-06,1.02,27.14,78.97,19.92,3.11,0.71
2005-04-07,1.91,26.45,80.97,17.45,1.7,0.71
2005-04-08,0.95,26.5,80.39,18.27,1.16,0.7
2005-04-09,3.5,26.15,85.21,20.58,1.29,0.7
2005-04-10,1.35,26.05,84.6,13.84,1.29,0.7
2005-04-11,2.04,25.99,83.93,16.78,1.98,0.7
2005-04-12,3.55,26.77,80.36,10.61,1.07,0.7
2005-04-13,11.12,26.41,84.97,17.39,2.43,0.7
2005-04-14,2.35,27.12,77.67,22.9,1.85,0.71
2005-04-15,5.5,26.94,81.22,21.74,1.47,0.7
2005-04-16,0.48,27.08,76.05,22.86,1.53,0.7
2005-04-17,0.0,26.69,70.81,24.14,1.41,0.69
2005-04-18,0.0,26.24,73.52,24.31,2.29,0.68
2005-04-19,0.0,26.56,74.49,24.05,2.85,0.67
2005-04-20,0.0,26.45,75.48,23.28,3.24,0.66
2005-04-21,0.01,26.26,74.72,22.29,3.52,0.65
2005-04-22,0.0,26.51,75.29,22.95,3.91,0.65
2005-04-23,0.06,27.07,73.9,20.19,4.0,0.64
2005-04-24,0.0,27.45,73.18,22.58,3.58,0.63
2005-04-25,0.43,27.65,74.85,15.63,3.41,0.62
2005-04-26,0.43,27.67,76.26,21.43,2.19,0.62
2005-04-27,0.13,27.89,74.96,22.65,3.25,0.61
2005-04-28,0.03,27.84,73.41,22.05,3.47,0.61
2005-04-29,0.04,27.78,72.12,22.15,3.48,0.6
2005-04-30,0.0,27.46,71.05,22.78,3.51,0.59
2005-05-01,0.0,27.31,69.4,22.49,4.11,0.59
2005-05-02,0.01,27.51,69.86,19.91,3.36,0.58
2005-05-03,0.0,27.28,70.18,22.62,3.91,0.58
2005-05-04,0.0,27.36,66.99,22.49,3.51,0.57
2005-05-05,0.0,27.36,66.42,20.46,3.37,0.57
2005-05-06,0.02,27.69,71.18,21.27,3.94,0.56
2005-05-07,0.01,27.3,72.71,20.93,3.13,0.56
2005-05-08,0.07,27.67,70.03,19.18,3.55,0.55
2005-05-09,0.01,27.5,71.29,20.62,3.74,0.55
2005-05-10,0.0,27.24,72.95,19.16,4.11,0.55
2005-05-11,0.17,27.49,70.29,20.72,3.62,0.54
2005-05-12,0.01,27.07,68.36,19.85,3.7,0.54
2005-05-13,0.0,27.12,63.53,21.03,3.85,0.54
2005-05-14,0.0,26.33,64.6,21.91,3.55,0.53
2005-05-15,0.0,26.23,67.22,22.2,3.27,0.53
2005-05-16,0.0,26.37,64.22,22.36,3.23,0.53
2005-05-17,0.0,26.32,62.51,21.57,3.23,0.52
2005-05-18,0.01,26.23,66.04,21.29,3.75,0.52
2005-05-19,0.0,26.49,65.01,21.27,3.79,0.52
2005-05-20,0.09,26.74,65.28,20.22,3.04,0.51
2005-05-21,0.32,26.96,66.39,20.16,3.93,0.51
2005-05-22,0.07,27.09,67.61,19.79,3.55,0.51
2005-05-23,0.15,26.74,65.09,18.31,3.94,0.51
2005-05-24,0.1,27.16,67.83,14.68,3.85,0.51
2005-05-25,0.01,27.07,67.54,18.15,4.48,0.51
2005-05-26,0.04,26.87,68.87,20.17,4.55,0.5
2005-05-27,0.0,26.83,65.03,19.52,4.6,0.5
2005-05-28,0.02,26.5,63.3,19.63,4.58,0.5
2005-05-29,0.0,26.53,63.64,19.6,5.22,0.5
2005-05-30,0.0,26.23,56.81,20.58,4.9,0.5
2005-05-31,0.0,26.12,57.3,20.58,4.91,0.5
2005-06-01,0.0,26.4,59.02,19.8,4.6,0.49
2005-06-02,0.0,26.5,61.51,19.05,4.15,0.49
2005-06-03,0.01,26.85,63.54,19.08,2.4,0.49
2005-06-04,0.17,26.98,66.44,17.3,3.04,0.49
2005-06-05,0.01,27.01,64.58,19.73,3.05,0.49
2005-06-06,0.0,26.75,65.07,19.98,2.73,0.49
2005-06-07,0.0,27.03,64.86,19.65,2.43,0.49
2005-06-08,0.0,26.92,69.36,19.93,3.88,0.49
2005-06-09,0.0,27.39,72.44,18.65,3.49,0.48
2005-06-10,0.13,27.09,70.85,16.49,3.61,0.48
2005-06-11,0.25,26.93,69.5,16.83,3.16,0.48
2005-06-12,2.19,26.55,68.64,18.44,3.48,0.48
2005-06-13,2.05,26.13,69.22,18.72,3.03,0.49
2005-06-14,0.0,26.59,67.46,19.18,2.08,0.49
2005-06-15,0.0,26.89,66.22,19.55,1.52,0.49
2005-06-16,0.0,27.25,66.44,19.63,1.67,0.49
2005-06-17,0.0,27.94,67.33,19.23,2.03,0.48
2005-06-18,0.06,27.82,68.6,19.32,1.84,0.48
2005-06-19,0.08,27.95,69.14,18.81,1.97,0.48
2005-06-20,0.17,27.89,70.09,18.37,2.06,0.48
2005-06-21,0.35,27.98,70.34,18.76,2.95,0.48
2005-06-22,0.07,27.98,67.62,18.83,3.53,0.48
2005-06-23,0.07,27.84,67.18,18.49,3.53,0.48
2005-06-24,0.57,27.36,70.8,18.08,3.96,0.48
2005-06-25,0.02,26.95,68.29,19.48,4.56,0.48
2005-06-26,0.0,26.61,62.58,19.83,4.58,0.48
2005-06-27,0.0,26.57,59.22,19.12,5.06,0.48
2005-06-28,0.0,26.03,59.83,19.02,5.32,0.48
2005-06-29,0.0,25.05,63.63,18.3,5.33,0.48
2005-06-30,0.0,24.12,64.4,19.57,4.82,0.48
2005-07-01,0.0,23.65,61.2,19.48,4.78,0.48
2005-07-02,0.0,24.36,63.44,20.08,4.96,0.48
2005-07-03,1.41,26.03,65.81,17.64,3.74,0.48
2005-07-04,1.64,25.91,68.68,17.66,3.87,0.48
2005-07-05,0.0,26.35,66.88,18.57,3.42,0.49
2005-07-06,0.0,26.55,69.74,14.2,3.76,0.48
2005-07-07,0.08,27.21,70.55,10.98,2.34,0.48
2005-07-08,0.7,27.44,72.68,14.37,3.07,0.48
2005-07-09,0.56,27.61,68.85,19.24,3.39,0.48
2005-07-10,0.0,27.46,65.62,19.83,3.81,0.48
2005-07-11,0.0,27.14,66.22,20.14,2.19,0.48
2005-07-12,0.12,27.44,70.42,12.1,3.89,0.48
2005-07-13,0.0,27.27,67.73,20.22,2.95,0.48
2005-07-14,0.01,26.56,70.95,19.06,4.17,0.48
2005-07-15,0.0,27.0,66.44,19.75,3.84,0.48
2005-07-16,0.0,26.6,66.64,20.58,3.77,0.48
2005-07-17,0.0,26.17,67.49,20.51,4.27,0.48
2005-07-18,0.03,26.14,66.93,20.16,5.25,0.48
2005-07-19,0.0,26.06,58.98,20.88,5.74,0.48
2005-07-20,0.0,25.91,60.28,20.4,5.85,0.48
2005-07-21,0.02,25.27,61.85,19.08,5.18,0.48
2005-07-22,0.1,25.42,61.69,19.13,4.9,0.48
2005-07-23,0.0,25.51,60.89,20.78,4.86,0.48
2005-07-24,0.08,25.8,61.98,20.08,3.33,0.48
2005-07-25,0.03,25.94,65.44,20.53,4.17,0.48
2005-07-26,0.0,26.01,63.03,21.14,4.64,0.48
2005-07-27,0.0,25.77,61.39,20.63,4.06,0.48
2005-07-28,0.62,25.47,63.6,20.97,4.36,0.48
2005-07-29,0.08,25.77,61.34,20.33,3.26,0.48
2005-07-30,0.54,25.39,67.65,18.82,3.72,0.48
2005-07-31,0.13,25.44,68.27,18.16,4.6,0.48
2005-08-01,0.27,25.94,64.93,20.17,4.75,0.48
2005-08-02,0.02,26.47,63.06,20.7,4.21,0.48
2005-08-03,0.01,25.41,59.19,22.11,4.43,0.48
2005-08-04,0.0,25.0,55.9,22.06,3.4,0.48
2005-08-05,0.0,25.73,59.45,21.83,3.12,0.48
2005-08-06,0.0,26.09,64.62,21.69,2.54,0.48
2005-08-07,0.22,26.56,67.06,20.97,3.59,0.48
2005-08-08,0.34,26.72,68.36,20.32,3.59,0.48
2005-08-09,0.43,26.21,67.04,15.35,4.83,0.48
2005-08-10,0.07,26.54,63.24,20.99,3.64,0.48
2005-08-11,0.0,25.97,59.96,22.87,3.88,0.48
2005-08-12,0.0,25.58,56.63,22.71,4.21,0.48
2005-08-13,0.0,25.99,59.16,21.85,2.44,0.48
2005-08-14,0.04,26.15,68.51,20.51,2.61,0.48
2005-08-15,0.09,26.49,64.62,21.79,4.15,0.48
2005-08-16,0.0,26.55,60.59,22.49,3.18,0.48
2005-08-17,0.0,26.75,64.67,22.87,2.96,0.48
2005-08-18,0.18,26.38,65.82,20.56,4.32,0.48
2005-08-19,0.0,26.21,66.55,22.31,4.13,0.48
2005-08-20,0.0,26.32,65.48,22.44,3.54,0.48
2005-08-21,0.0,26.2,67.22,23.07,3.82,0.48
2005-08-22,0.02,26.34,63.88,21.56,4.14,0.48
2005-08-23,0.0,26.16,59.46,23.48,2.54,0.48
2005-08-24,0.0,26.31,56.32,23.67,2.18,0.48
2005-08-25,0.0,26.23,61.06,22.65,1.8,0.48
2005-08-26,0.01,27.02,63.44,22.89,1.78,0.48
2005-08-27,0.72,26.41,72.36,19.34,3.18,0.48
2005-08-28,0.05,27.0,65.34,23.22,4.5,0.48
2005-08-29,0.0,26.55,63.59,23.65,4.12,0.48
2005-08-30,0.0,26.3,64.61,23.59,3.87,0.48
2005-08-31,0.0,26.36,64.0,23.91,3.64,0.48
2005-09-01,0.0,26.63,63.61,23.93,4.21,0.48
2005-09-02,0.0,25.92,66.18,24.44,4.92,0.48
2005-09-03,0.0,26.26,60.61,22.86,2.3,0.48
2005-09-04,0.5,27.11,63.49,23.18,1.8,0.48
2005-09-05,0.0,27.72,62.75,23.1,1.97,0.48
2005-09-06,0.0,27.78,64.72,23.54,3.08,0.48
2005-09-07,0.0,27.34,62.86,24.0,3.54,0.48
2005-09-08,0.0,26.86,60.4,24.31,3.62,0.48
2005-09-09,0.0,26.86,61.18,24.67,3.07,0.48
2005-09-10,0.01,26.79,61.86,24.13,2.87,0.48
2005-09-11,0.0,27.11,63.06,23.48,2.56,0.48
2005-09-12,0.0,27.23,63.47,22.02,2.22,0.48
2005-09-13,0.05,27.37,65.99,23.68,3.01,0.48
2005-09-14,0.12,27.71,65.85,18.13,3.1,0.48
2005-09-15,0.0,27.73,64.16,24.9,2.97,0.48
2005-09-16,0.0,27.63,66.48,24.64,3.14,0.48
2005-09-17,0.0,28.19,63.61,24.51,2.9,0.48
2005-09-18,0.01,28.76,59.41,24.37,2.21,0.48
2005-09-19,0.2,28.65,61.3,23.61,3.01,0.48
2005-09-20,0.14,28.79,59.25,23.45,2.81,0.48
2005-09-21,0.06,28.19,64.61,22.65,3.56,0.48
2005-09-22,0.0,28.9,57.44,25.29,3.54,0.48
2005-09-23,0.0,28.43,62.04,24.73,3.42,0.48
2005-09-24,0.0,28.66,59.82,24.89,2.73,0.48
2005-09-25,0.0,28.31,61.67,25.47,3.67,0.48
2005-09-26,0.0,28.38,59.94,25.86,3.22,0.48
2005-09-27,0.0,28.81,58.03,25.49,2.49,0.48
2005-09-28,0.0,28.53,60.97,25.47,3.37,0.48
2005-09-29,0.0,28.36,61.1,24.84,3.0,0.48
2005-09-30,0.0,28.55,62.47,26.07,3.24,0.48
2005-10-01,0.07,28.12,60.15,25.77,3.46,0.48
2005-10-02,0.0,27.95,61.87,25.85,3.52,0.48
2005-10-03,0.0,28.07,61.52,25.35,3.74,0.48
2005-10-04,0.0,28.33,59.75,26.79,3.19,0.48
2005-10-05,0.0,29.04,59.99,26.03,3.45,0.48
2005-10-06,0.01,29.41,57.44,25.45,2.78,0.48
2005-10-07,0.0,29.42,58.14,26.06,2.74,0.48
2005-10-08,0.0,29.21,57.49,26.31,2.1,0.48
2005-10-09,0.0,29.59,58.01,25.66,1.7,0.48
2005-10-10,0.42,29.81,58.64,25.84,2.9,0.48
2005-10-11,0.02,29.86,58.55,25.82,3.09,0.48
2005-10-12,0.03,30.17,56.92,26.68,2.08,0.48
2005-10-13,0.01,29.95,60.15,25.7,2.38,0.48
2005-10-14,0.07,29.64,62.9,25.62,1.9,0.48
2005-10-15,0.2,29.59,60.72,25.64,1.79,0.48
2005-10-16,0.81,29.6,63.14,24.37,2.01,0.48
2005-10-17,0.65,29.28,64.42,21.38,1.59,0.48
2005-10-18,3.14,28.5,70.22,17.59,2.34,0.48
2005-10-19,6.33,27.04,77.61,18.7,2.79,0.49
2005-10-20,4.83,27.35,78.29,19.69,3.37,0.5
2005-10-21,3.51,28.09,74.83,21.56,4.02,0.5
2005-10-22,0.91,28.92,71.26,22.57,2.87,0.5
2005-10-23,0.18,29.63,66.56,24.52,2.56,0.5
2005-10-24,2.58,29.54,67.02,23.35,2.19,0.5
2005-10-25,2.0,28.63,72.12,24.14,3.17,0.5
2005-10-26,0.14,29.05,67.59,25.87,2.59,0.5
2005-10-27,0.06,29.24,66.85,25.94,3.6,0.49
2005-10-28,0.4,29.09,68.78,24.05,3.53,0.49
2005-10-29,0.05,29.27,64.0,23.4,3.53,0.49
2005-10-30,0.13,29.25,60.91,25.42,3.22,0.49
2005-10-31,0.05,30.19,57.3,24.9,2.97,0.49
2005-11-01,0.05,30.32,57.28,26.88,1.92,0.48
2005-11-02,0.0,30.33,56.78,26.21,1.67,0.48
2005-11-03,0.1,30.13,62.29,25.99,1.94,0.48
2005-11-04,0.56,30.08,63.37,25.2,2.5,0.48
2005-11-05,0.04,30.54,59.09,26.14,2.93,0.48
2005-11-06,0.17,30.7,58.33,25.62,2.82,0.48
2005-11-07,1.61,30.19,61.71,23.86,2.39,0.48
2005-11-08,0.15,30.0,63.33,23.76,2.77,0.48
2005-11-09,1.49,29.76,64.66,24.74,3.26,0.48
2005-11-10,1.01,29.88,62.83,24.56,2.53,0.49
2005-11-11,1.26,29.46,67.33,25.75,2.7,0.49
2005-11-12,0.52,29.61,65.87,25.18,2.24,0.49
2005-11-13,2.51,29.2,68.61,24.91,2.83,0.49
2005-11-14,6.43,27.96,75.39,21.2,2.9,0.49
2005-11-15,0.93,27.85,76.54,20.04,3.3,0.5
2005-11-16,0.29,29.2,69.22,25.05,2.65,0.5
2005-11-17,0.35,29.78,65.49,25.03,2.57,0.49
2005-11-18,8.95,28.99,72.24,21.1,1.36,0.5
2005-11-19,5.07,27.68,78.65,20.56,1.15,0.51
2005-11-20,3.02,27.12,81.61,21.15,1.34,0.52
2005-11-21,2.18,27.77,76.01,17.76,1.66,0.52
2005-11-22,2.09,28.45,72.21,25.26,2.35,0.52
2005-11-23,0.23,29.23,66.95,26.6,2.53,0.52
2005-11-24,1.58,29.23,68.05,25.8,3.1,0.51
2005-11-25,4.57,29.16,69.06,25.69,2.63,0.51
2005-11-26,18.91,28.17,75.94,21.56,2.56,0.53
2005-11-27,7.87,27.22,80.47,14.99,2.37,0.55
2005-11-28,7.67,27.22,82.2,16.96,3.34,0.56
2005-11-29,4.2,26.42,80.0,18.59,1.55,0.57
2005-11-30,2.01,26.2,83.61,14.81,2.73,0.57
2005-12-01,0.97,26.78,80.53,16.89,1.82,0.57
2005-12-02,9.54,27.35,80.5,25.51,1.42,0.57
2005-12-03,16.53,27.93,76.7,24.32,0.95,0.59
2005-12-04,14.35,27.89,77.5,24.65,0.92,0.62
2005-12-05,2.32,27.98,77.92,23.52,1.05,0.63
2005-12-06,8.09,27.18,83.26,18.85,2.0,0.63
2005-12-07,11.84,27.77,78.31,20.59,2.3,0.64
2005-12-08,14.91,27.66,80.35,18.97,1.51,0.66
2005-12-09,4.75,28.03,78.58,21.14,1.59,0.67
2005-12-10,11.51,27.8,80.38,13.68,1.04,0.67
2005-12-11,10.36,26.33,88.31,16.4,1.53,0.68
2005-12-12,8.98,26.59,84.95,23.27,1.06,0.7
2005-12-13,9.2,27.35,80.57,22.32,1.09,0.71
2005-12-14,7.65,27.05,82.87,21.02,1.07,0.71
2005-12-15,2.02,26.95,84.07,22.5,1.67,0.71
2005-12-16,20.27,27.74,80.95,20.61,1.84,0.72
2005-12-17,6.79,27.68,79.04,23.49,1.33,0.74
2005-12-18,5.62,27.11,81.73,15.89,1.24,0.74
2005-12-19,7.28,27.26,83.63,19.29,2.24,0.74
2005-12-20,23.97,27.14,86.94,21.56,2.08,0.77
2005-12-21,11.06,27.7,82.67,23.08,1.23,0.79
2005-12-22,8.52,27.07,85.28,26.51,2.16,0.79
2005-12-23,1.64,27.91,78.65,25.38,2.43,0.79
2005-12-24,1.29,28.08,76.01,24.21,1.39,0.78
2005-12-25,1.5,27.94,78.09,21.45,1.93,0.77
2005-12-26,7.2,26.69,83.48,16.19,2.06,0.77
2005-12-27,4.97,26.84,82.67,18.84,1.67,0.77
2005-12-28,10.73,26.33,85.64,9.56,2.3,0.78
2005-12-29,19.44,26.46,88.07,17.13,3.72,0.79
2005-12-30,6.18,26.36,88.41,13.89,4.54,0.81
2005-12-31,9.29,26.63,87.32,14.6,4.78,0.81
2006-01-01,25.55,26.18,89.72,7.89,4.17,0.83
2006-01-02,19.78,25.65,87.93,12.59,2.0,0.86
2006-01-03,12.47,25.37,87.46,5.59,2.12,0.88
2006-01-04,5.24,25.8,85.51,20.86,1.61,0.88
2006-01-05,6.25,26.6,83.35,22.58,2.09,0.88
2006-01-06,27.14,26.44,86.65,15.86,1.6,0.89
2006-01-07,21.18,25.82,89.4,9.71,2.99,0.92
2006-01-08,5.39,26.45,87.42,21.89,3.45,0.92
2006-01-09,14.32,25.8,88.04,22.51,1.82,0.92
2006-01-10,23.37,26.13,86.67,20.89,1.7,0.93
2006-01-11,7.62,26.14,88.38,24.25,2.3,0.93
2006-01-12,7.84,25.96,87.06,4.53,1.94,0.93
2006-01-13,21.15,25.84,87.87,20.69,2.43,0.94
2006-01-14,25.78,25.85,90.01,8.35,3.75,0.95
2006-01-15,18.14,25.92,90.57,21.08,4.54,0.95
2006-01-16,23.26,26.05,91.72,17.59,5.8,0.96
2006-01-17,8.74,26.33,90.8,18.18,6.52,0.96
2006-01-18,8.41,26.41,91.26,14.62,6.9,0.96
2006-01-19,5.93,26.23,91.24,18.51,7.41,0.96
2006-01-20,3.02,26.57,88.36,24.31,5.78,0.96
2006-01-21,4.01,26.16,90.66,25.59,4.19,0.95
2006-01-22,5.2,25.74,91.26,12.75,3.39,0.95
2006-01-23,14.58,24.91,89.94,7.71,4.11,0.96
2006-01-24,15.89,25.29,89.47,17.76,3.54,0.96
2006-01-25,5.3,26.19,86.98,21.46,4.64,0.96
2006-01-26,12.73,26.15,85.98,20.61,5.48,0.96
2006-01-27,10.44,26.1,85.76,21.19,5.61,0.96
2006-01-28,10.6,26.15,89.21,21.41,4.9,0.96
2006-01-29,2.32,26.09,90.25,18.64,5.44,0.95
2006-01-30,5.42,26.27,89.11,20.79,5.01,0.95
2006-01-31,11.09,26.21,90.77,20.99,5.41,0.95
2006-02-01,38.65,26.25,90.14,10.07,5.44,0.97
2006-02-02,27.19,25.83,89.11,20.31,3.94,0.98
2006-02-03,10.7,25.81,87.07,24.79,3.33,0.98
2006-02-04,0.82,25.81,81.31,22.43,2.63,0.97
2006-02-05,0.31,25.87,81.11,26.27,2.26,0.96
2006-02-06,0.05,26.18,80.86,27.55,1.69,0.95
2006-02-07,0.02,25.85,80.05,28.77,1.94,0.94
2006-02-08,0.0,25.78,80.77,27.51,2.03,0.93
2006-02-09,0.02,26.24,79.9,25.88,2.05,0.92
2006-02-10,0.21,26.24,82.17,26.0,2.47,0.91
2006-02-11,0.05,26.59,81.35,26.46,1.88,0.9
2006-02-12,0.46,27.08,83.35,25.49,2.28,0.89
2006-02-13,2.55,26.68,86.33,12.38,2.11,0.88
2006-02-14,0.83,26.93,81.88,27.37,1.9,0.88
2006-02-15,0.28,27.31,81.86,26.71,2.23,0.87
2006-02-16,1.14,27.02,84.97,19.68,2.11,0.86
2006-02-17,2.74,27.16,82.88,19.96,1.35,0.85
2006-02-18,5.0,26.75,87.07,20.7,1.56,0.85
2006-02-19,4.14,25.43,91.81,12.85,2.51,0.85
2006-02-20,5.53,25.92,85.32,18.67,1.41,0.85
2006-02-21,9.9,25.99,85.22,20.63,1.31,0.86
2006-02-22,2.86,25.81,90.43,23.02,2.7,0.86
2006-02-23,5.4,25.9,89.63,16.2,1.74,0.86
2006-02-24,3.06,26.03,88.65,15.58,2.79,0.86
2006-02-25,2.15,26.66,86.25,24.11,2.62,0.86
2006-02-26,1.54,26.95,83.74,24.35,1.1,0.86
2006-02-27,4.56,27.19,82.91,23.34,1.28,0.85
2006-02-28,15.03,26.04,90.93,15.2,2.53,0.86
2006-03-01,30.49,25.09,89.93,4.39,3.76,0.88
2006-03-02,37.43,24.94,91.07,7.26,3.81,0.93
2006-03-03,34.28,25.98,91.93,10.29,4.12,0.95
2006-03-04,23.68,26.08,93.04,7.26,4.1,0.97
2006-03-05,5.22,25.7,91.58,22.97,2.82,0.96
2006-03-06,15.96,25.05,93.15,14.78,3.44,0.97
2006-03-07,3.79,25.18,91.96,18.1,5.33,0.97
2006-03-08,2.47,25.72,88.87,23.26,4.01,0.96
2006-03-09,9.02,25.72,87.07,20.27,4.16,0.96
2006-03-10,3.37,25.37,85.39,19.02,3.33,0.96
2006-03-11,0.25,25.66,85.36,18.24,3.14,0.95
2006-03-12,0.15,25.7,85.35,23.05,2.31,0.94
2006-03-13,0.37,25.95,84.73,21.22,1.99,0.93
2006-03-14,0.84,25.74,84.56,22.15,2.0,0.92
2006-03-15,7.26,25.76,84.39,24.53,2.26,0.92
2006-03-16,13.56,26.03,88.41,18.39,2.41,0.92
2006-03-17,4.62,25.71,90.25,17.27,2.86,0.92
2006-03-18,24.7,25.62,90.69,15.97,2.77,0.93
2006-03-19,4.1,25.78,88.85,22.05,2.45,0.94
2006-03-20,2.28,26.18,86.71,17.47,2.39,0.93
2006-03-21,1.42,26.23,88.24,21.22,3.29,0.93
2006-03-22,0.74,26.05,87.95,21.4,2.61,0.92
2006-03-23,3.62,26.37,88.77,20.29,2.83,0.92
2006-03-24,1.36,26.73,87.35,21.96,2.4,0.91
2006-03-25,1.27,27.01,85.81,18.58,3.15,0.9
2006-03-26,6.83,26.7,84.94,16.09,3.43,0.9
2006-03-27,7.18,26.52,86.71,15.93,3.46,0.9
2006-03-28,2.05,26.34,87.15,20.35,2.49,0.9
2006-03-29,4.92,26.21,83.02,19.94,1.45,0.89
2006-03-30,8.06,25.7,87.74,12.8,1.75,0.9
2006-03-31,7.61,25.85,89.77,16.27,2.15,0.9
2006-04-01,44.09,25.39,92.94,17.57,3.58,0.92
2006-04-02,19.36,25.41,91.22,16.43,4.69,0.96
2006-04-03,6.2,26.16,89.17,15.32,4.28,0.95
2006-04-04,2.42,25.58,90.74,18.06,3.14,0.95
2006-04-05,2.66,26.24,88.55,22.19,2.96,0.94
2006-04-06,1.42,26.13,88.43,22.52,2.39,0.94
2006-04-07,1.53,26.26,85.94,19.31,1.65,0.93
2006-04-08,0.59,26.53,81.99,21.29,1.06,0.93
2006-04-09,0.63,26.61,82.9,21.36,1.27,0.92
2006-04-10,4.67,26.34,85.19,17.71,1.08,0.92
2006-04-11,1.67,26.34,85.54,22.36,2.12,0.92
2006-04-12,0.15,26.47,83.88,24.05,2.44,0.91
2006-04-13,0.0,26.46,81.94,23.84,3.08,0.9
2006-04-14,0.17,26.56,80.98,19.02,2.77,0.89
2006-04-15,0.1,26.84,80.34,22.45,2.2,0.88
2006-04-16,4.8,26.5,82.88,18.17,2.2,0.87
2006-04-17,3.18,26.33,86.32,21.91,2.35,0.87
2006-04-18,2.68,26.16,86.81,10.09,2.75,0.87
2006-04-19,1.7,26.11,86.9,13.0,3.59,0.86
2006-04-20,7.11,26.1,89.08,9.84,4.43,0.86
2006-04-21,11.2,26.34,87.91,12.53,5.67,0.87
2006-04-22,13.72,25.64,88.95,9.58,5.3,0.88
2006-04-23,3.53,25.65,84.11,16.03,4.55,0.89
2006-04-24,0.01,25.79,79.6,20.4,3.6,0.88
2006-04-25,0.05,25.58,82.84,17.59,2.74,0.87
2006-04-26,0.25,26.16,78.73,19.39,2.25,0.86
2006-04-27,0.23,26.61,78.73,21.59,1.87,0.85
2006-04-28,0.03,26.4,79.69,21.92,1.78,0.84
2006-04-29,0.89,26.85,79.7,22.34,1.34,0.83
2006-04-30,6.58,26.72,81.1,20.89,1.95,0.82
2006-05-01,7.11,26.21,84.54,19.48,1.98,0.83
2006-05-02,28.05,25.67,88.53,19.52,2.64,0.84
2006-05-03,2.29,25.6,83.71,16.86,4.15,0.86
2006-05-04,0.41,25.43,81.55,20.01,3.57,0.85
2006-05-05,0.0,25.39,79.9,21.53,3.97,0.84
2006-05-06,0.02,24.63,80.08,22.02,3.66,0.83
2006-05-07,0.05,24.86,76.04,20.39,3.48,0.82
2006-05-08,0.01,24.87,76.76,22.0,3.71,0.81
2006-05-09,0.43,25.13,80.12,18.34,3.63,0.8
2006-05-10,0.26,24.57,79.01,22.08,4.05,0.79
2006-05-11,0.18,24.36,79.36,21.73,3.81,0.78
2006-05-12,0.01,25.3,81.64,21.08,3.17,0.78
2006-05-13,0.04,25.52,80.11,21.3,3.84,0.77
2006-05-14,0.03,25.62,79.68,20.95,3.75,0.76
2006-05-15,0.1,25.73,79.76,20.25,4.37,0.75
2006-05-16,0.08,25.73,77.34,20.2,4.35,0.74
2006-05-17,0.01,25.79,77.32,20.27,5.3,0.73
2006-05-18,0.0,25.59,76.74,20.41,5.06,0.72
2006-05-19,0.04,25.19,77.65,20.28,4.6,0.71
2006-05-20,0.04,25.32,78.78,15.3,4.0,0.7
2006-05-21,0.38,26.11,80.48,17.59,3.8,0.7
2006-05-22,2.85,26.38,84.35,17.55,3.75,0.69
2006-05-23,2.18,25.53,87.76,16.11,2.93,0.69
2006-05-24,1.95,25.52,87.21,17.45,2.65,0.69
2006-05-25,1.33,25.79,83.94,15.47,3.19,0.69
2006-05-26,0.47,26.03,78.94,20.21,3.64,0.69
2006-05-27,0.04,25.26,75.26,20.65,4.33,0.68
2006-05-28,0.97,25.02,73.88,20.49,4.27,0.67
2006-05-29,0.0,24.43,73.09,20.28,4.31,0.66
2006-05-30,0.0,24.09,75.98,20.44,4.11,0.66
2006-05-31,0.0,23.51,76.09,20.42,3.73,0.65
2006-06-01,0.0,24.16,75.71,20.35,3.25,0.65
2006-06-02,0.0,24.72,74.22,20.26,2.87,0.64
2006-06-03,0.03,25.16,73.21,19.85,3.38,0.63
2006-06-04,0.04,24.96,73.24,15.93,4.39,0.63
2006-06-05,0.02,24.48,72.3,19.34,4.96,0.62
2006-06-06,0.0,24.32,72.26,19.44,4.97,0.62
2006-06-07,0.0,24.26,70.84,20.02,5.41,0.61
2006-06-08,0.22,23.86,71.51,18.31,5.08,0.6
2006-06-09,0.71,23.27,71.58,18.84,4.48,0.6
2006-06-10,0.02,23.73,72.51,18.8,4.74,0.6
2006-06-11,0.13,24.41,71.6,18.76,5.19,0.59
2006-06-12,0.05,24.18,72.24,16.81,5.72,0.59
2006-06-13,0.02,23.47,72.23,18.2,4.96,0.58
2006-06-14,0.0,24.1,71.61,17.39,3.97,0.58
2006-06-15,0.07,24.86,74.66,16.13,5.01,0.58
2006-06-16,4.58,25.14,80.97,10.06,5.23,0.58
2006-06-17,6.28,24.96,82.01,10.05,6.4,0.59
2006-06-18,5.24,25.11,84.08,12.36,4.94,0.59
2006-06-19,0.14,25.1,75.2,9.3,6.45,0.59
2006-06-20,0.06,25.18,70.47,17.24,5.59,0.58
2006-06-21,0.0,24.28,70.06,18.07,5.63,0.58
2006-06-22,0.0,23.86,66.37,19.09,4.23,0.57
2006-06-23,0.0,23.9,70.08,18.59,3.81,0.57
2006-06-24,0.07,24.97,74.21,17.15,3.93,0.57
2006-06-25,0.35,24.98,74.22,16.37,4.82,0.56
2006-06-26,0.0,24.42,69.88,18.31,4.84,0.56
2006-06-27,0.04,24.65,75.37,18.39,3.46,0.55
2006-06-28,0.11,25.03,75.17,17.16,4.65,0.55
2006-06-29,0.45,24.85,75.62,9.18,5.53,0.55
2006-06-30,0.27,25.17,70.45,9.24,5.0,0.55
2006-07-01,0.05,25.31,72.9,17.84,4.77,0.54
2006-07-02,0.0,24.61,73.52,18.49,4.36,0.54
2006-07-03,0.02,24.41,70.39,19.29,4.34,0.54
2006-07-04,0.05,24.65,70.92,19.28,4.41,0.53
2006-07-05,0.3,24.74,70.98,18.84,4.51,0.53
2006-07-06,0.05,24.31,67.56,18.92,4.46,0.53
2006-07-07,0.11,24.51,69.27,16.83,4.23,0.53
2006-07-08,0.02,24.87,69.68,20.05,4.63,0.52
2006-07-09,0.01,24.5,65.04,20.3,4.74,0.52
2006-07-10,0.0,23.86,63.11,20.55,3.8,0.52
2006-07-11,0.0,24.31,70.58,17.87,2.57,0.52
2006-07-12,0.23,24.67,73.63,17.16,2.05,0.52
2006-07-13,0.2,24.44,72.67,15.48,3.67,0.51
2006-07-14,0.03,23.88,70.83,15.58,4.13,0.51
2006-07-15,0.02,24.16,71.21,11.84,3.4,0.51
2006-07-16,0.08,24.85,74.01,12.46,4.37,0.51
2006-07-17,0.13,25.09,71.84,18.29,5.09,0.51
2006-07-18,0.05,25.03,69.01,18.19,5.16,0.51
2006-07-19,0.01,24.54,68.26,17.95,4.77,0.51
2006-07-20,0.0,23.68,68.86,20.12,4.91,0.5
2006-07-21,0.0,23.09,65.71,20.79,4.05,0.5
2006-07-22,0.0,24.49,68.0,21.18,3.19,0.5
2006-07-23,0.4,25.2,71.67,18.75,4.47,0.5
2006-07-24,0.0,25.62,65.94,21.22,3.66,0.5
2006-07-25,0.27,25.69,70.36,20.46,3.98,0.5
2006-07-26,0.11,25.61,68.81,20.63,4.83,0.5
2006-07-27,0.09,24.67,64.02,21.71,4.75,0.49
2006-07-28,0.0,24.09,61.94,22.12,4.54,0.49
2006-07-29,0.0,24.15,64.86,22.27,3.96,0.49
2006-07-30,0.0,23.86,68.38,22.03,3.89,0.49
2006-07-31,0.0,24.77,68.46,22.18,3.1,0.49
2006-08-01,0.05,25.29,69.09,21.95,3.1,0.49
2006-08-02,0.0,24.77,71.28,21.72,3.83,0.49
2006-08-03,0.0,24.83,68.34,22.03,3.46,0.49
2006-08-04,0.0,24.42,69.07,20.67,4.48,0.48
2006-08-05,0.0,23.91,61.82,20.93,5.34,0.48
2006-08-06,0.0,24.05,54.52,20.79,4.79,0.48
2006-08-07,0.24,23.89,57.93,21.9,5.34,0.48
2006-08-08,0.31,24.05,56.77,21.2,4.94,0.48
2006-08-09,0.11,23.87,60.89,20.55,4.45,0.48
2006-08-10,0.69,24.33,68.01,21.12,4.95,0.48
2006-08-11,0.01,25.05,60.1,21.96,4.8,0.48
2006-08-12,0.04,24.49,67.54,20.54,4.68,0.48
2006-08-13,0.03,25.11,64.94,21.85,4.04,0.48
2006-08-14,0.04,25.64,66.5,22.04,4.08,0.48
2006-08-15,0.08,25.74,67.91,20.32,3.04,0.48
2006-08-16,0.02,26.22,71.12,21.54,2.88,0.48
2006-08-17,0.06,26.95,68.79,20.81,4.0,0.48
2006-08-18,0.03,26.77,67.58,22.42,4.29,0.48
2006-08-19,0.01,25.47,65.73,22.8,4.91,0.48
2006-08-20,0.16,25.03,62.18,23.09,4.38,0.48
2006-08-21,0.03,25.21,62.67,23.39,4.0,0.48
2006-08-22,0.0,25.2,64.65,23.63,3.7,0.48
2006-08-23,0.16,25.45,64.18,23.58,3.15,0.48
2006-08-24,0.05,25.26,61.5,24.06,4.32,0.48
2006-08-25,0.0,24.5,60.61,24.43,3.85,0.48
2006-08-26,0.0,24.24,57.54,24.55,3.12,0.48
2006-08-27,0.0,24.11,61.5,24.35,3.17,0.48
2006-08-28,0.0,25.31,62.94,23.76,2.1,0.48
2006-08-29,0.21,25.48,67.11,23.37,3.96,0.48
2006-08-30,0.0,25.45,67.82,23.83,4.12,0.48
2006-08-31,0.0,24.65,64.75,24.13,4.49,0.48
2006-09-01,0.0,24.37,53.22,25.43,3.64,0.48
2006-09-02,0.0,24.28,57.47,25.16,2.65,0.48
2006-09-03,0.0,24.82,60.92,25.15,2.33,0.48
2006-09-04,0.0,25.64,61.41,24.99,2.2,0.48
2006-09-05,0.0,25.91,56.72,25.33,2.3,0.48
2006-09-06,0.0,26.21,60.39,24.89,1.99,0.48
2006-09-07,0.0,27.08,65.8,23.73,2.78,0.48
2006-09-08,0.0,27.12,67.09,24.63,4.68,0.48
2006-09-09,0.01,26.66,66.78,24.44,4.51,0.48
2006-09-10,0.0,26.33,62.09,25.02,4.27,0.48
2006-09-11,0.04,25.76,62.47,25.17,4.81,0.48
2006-09-12,0.03,26.19,60.36,25.29,4.0,0.48
2006-09-13,0.0,26.35,59.67,25.56,4.1,0.48
2006-09-14,0.03,25.83,64.6,25.53,4.35,0.48
2006-09-15,0.08,25.73,66.9,25.5,4.7,0.48
2006-09-16,0.0,25.97,64.15,25.48,4.01,0.48
2006-09-17,0.01,25.77,66.7,25.37,3.89,0.48
2006-09-18,0.0,26.51,63.2,25.64,2.95,0.48
2006-09-19,0.0,26.26,63.54,25.61,3.93,0.48
2006-09-20,0.0,25.82,64.03,25.91,3.67,0.48
2006-09-21,0.0,26.37,61.88,26.32,3.21,0.48
2006-09-22,0.0,26.88,56.69,25.84,2.94,0.48
2006-09-23,0.0,26.59,56.38,25.45,3.3,0.48
2006-09-24,0.0,26.87,57.05,24.96,2.87,0.48
2006-09-25,0.0,27.26,56.8,26.32,1.77,0.48
2006-09-26,0.0,27.41,61.49,26.12,2.24,0.48
2006-09-27,0.0,27.48,60.24,26.09,3.09,0.48
2006-09-28,0.0,27.57,56.38,26.21,2.74,0.48
2006-09-29,0.0,27.37,60.85,26.28,3.21,0.48
2006-09-30,0.0,27.49,62.42,26.51,2.64,0.48
2006-10-01,0.0,27.84,60.91,26.01,3.37,0.48
2006-10-02,0.0,27.83,58.16,26.49,3.07,0.48
2006-10-03,0.0,27.83,61.46,26.36,2.68,0.48
2006-10-04,0.01,28.0,61.45,26.35,2.95,0.48
2006-10-05,0.34,27.77,59.66,26.43,3.36,0.48
2006-10-06,0.12,27.03,59.47,23.98,3.99,0.48
2006-10-07,0.0,27.23,60.74,25.54,2.89,0.48
2006-10-08,0.0,27.32,58.48,25.21,3.14,0.48
2006-10-09,0.0,27.62,58.35,26.59,2.66,0.48
2006-10-10,0.0,27.9,55.25,26.81,2.79,0.48
2006-10-11,0.0,27.21,59.96,26.59,3.94,0.48
2006-10-12,0.41,27.09,62.38,25.77,3.07,0.48
2006-10-13,1.92,27.06,68.79,22.99,1.83,0.48
2006-10-14,0.3,27.35,65.08,24.92,1.89,0.48
2006-10-15,0.0,27.76,60.76,26.18,2.54,0.48
2006-10-16,0.0,27.97,57.35,27.19,2.97,0.48
2006-10-17,0.0,27.89,58.44,26.97,1.97,0.48
2006-10-18,0.0,27.44,58.17,26.44,2.64,0.48
2006-10-19,0.0,27.26,60.39,26.37,3.91,0.48
2006-10-20,0.0,27.59,60.13,26.43,3.62,0.48
2006-10-21,0.0,28.24,61.91,26.38,2.77,0.48
2006-10-22,0.0,28.44,61.26,26.33,2.17,0.48
2006-10-23,0.0,28.76,57.1,26.6,3.45,0.48
2006-10-24,0.0,28.06,58.14,26.89,3.48,0.48
2006-10-25,0.0,28.14,59.33,27.51,3.21,0.48
2006-10-26,0.0,27.92,59.98,27.66,4.02,0.48
2006-10-27,0.0,28.0,58.54,26.46,3.34,0.48
2006-10-28,0.0,27.89,57.07,27.24,2.89,0.48
2006-10-29,0.0,27.69,58.89,27.48,3.03,0.48
2006-10-30,0.0,27.82,57.06,27.83,2.37,0.48
2006-10-31,0.0,28.18,58.85,27.88,1.86,0.48
2006-11-01,0.0,28.76,56.09,27.43,1.72,0.48
2006-11-02,0.0,29.39,56.61,26.94,2.06,0.48
2006-11-03,0.0,29.44,60.03,25.96,2.16,0.48
2006-11-04,0.0,29.19,65.04,25.03,2.96,0.48
2006-11-05,0.64,29.08,62.71,25.76,1.51,0.48
2006-11-06,0.04,29.49,59.24,26.99,1.37,0.48
2006-11-07,0.01,30.12,55.69,26.98,2.09,0.48
2006-11-08,0.0,30.13,57.12,27.08,2.78,0.48
2006-11-09,0.24,29.93,57.92,26.97,1.54,0.48
2006-11-10,0.0,30.14,57.51,27.13,1.55,0.48
2006-11-11,0.0,30.12,57.9,27.24,2.13,0.48
2006-11-12,1.18,30.01,58.32,27.03,1.84,0.48
2006-11-13,8.7,29.63,62.46,26.23,1.74,0.49
2006-11-14,0.1,29.21,60.0,26.99,3.01,0.49
2006-11-15,0.0,29.07,58.9,26.62,2.56,0.49
2006-11-16,0.28,29.64,58.94,25.92,1.7,0.49
2006-11-17,0.29,29.75,62.77,25.55,1.58,0.49
2006-11-18,0.01,30.03,58.77,26.92,1.45,0.48
2006-11-19,0.0,30.09,59.55,27.0,4.01,0.48
2006-11-20,0.0,29.89,60.7,26.06,3.31,0.48
2006-11-21,0.0,29.7,59.02,27.24,2.25,0.48
2006-11-22,0.06,30.18,55.56,26.7,1.56,0.48
2006-11-23,0.21,30.12,56.4,27.07,1.64,0.48
2006-11-24,0.01,29.97,56.95,27.0,2.26,0.48
2006-11-25,0.0,29.74,53.3,27.51,2.59,0.48
2006-11-26,0.0,29.76,51.11,27.72,1.67,0.48
2006-11-27,0.0,30.19,51.84,27.33,1.56,0.48
2006-11-28,0.16,30.09,56.66,24.82,1.99,0.48
2006-11-29,0.31,30.01,60.92,21.77,3.49,0.48
2006-11-30,0.01,29.71,56.62,26.2,2.07,0.48
2006-12-01,0.01,29.55,55.81,27.35,1.86,0.48
2006-12-02,0.14,30.07,57.0,25.42,1.43,0.48
2006-12-03,5.0,30.23,60.82,26.27,1.71,0.48
2006-12-04,8.71,29.37,66.85,25.86,2.14,0.5
2006-12-05,0.48,29.32,64.73,25.52,1.54,0.5
2006-12-06,3.4,28.75,73.5,22.64,1.52,0.5
2006-12-07,4.8,28.29,76.06,25.42,1.91,0.51
2006-12-08,0.68,29.21,71.53,24.51,2.2,0.5
2006-12-09,10.62,28.53,76.55,24.38,1.83,0.51
2006-12-10,11.44,28.75,75.07,25.81,0.96,0.53
2006-12-11,5.72,27.83,77.1,21.16,1.34,0.54
2006-12-12,0.32,29.31,70.8,24.28,1.27,0.54
2006-12-13,1.13,28.93,70.62,26.8,0.96,0.54
2006-12-14,11.32,27.2,80.65,24.0,2.24,0.54
2006-12-15,2.66,28.07,76.21,24.19,1.96,0.56
2006-12-16,0.37,29.41,68.26,24.49,1.24,0.55
2006-12-17,4.39,29.23,69.64,25.46,1.36,0.55
2006-12-18,4.47,29.15,70.92,25.13,1.69,0.55
2006-12-19,15.82,27.79,82.29,14.22,2.01,0.57
2006-12-20,3.9,28.64,74.83,27.39,1.22,0.58
2006-12-21,0.95,29.07,67.63,24.4,1.49,0.58
2006-12-22,0.08,29.29,69.66,26.39,1.43,0.57
2006-12-23,2.13,29.09,69.83,23.4,1.98,0.57
2006-12-24,0.7,29.35,64.61,26.02,1.55,0.56
2006-12-25,0.28,29.33,65.66,25.58,1.47,0.56
2006-12-26,7.56,28.76,73.52,24.05,2.19,0.56
2006-12-27,7.19,28.1,78.41,18.15,3.66,0.57
2006-12-28,19.49,27.17,84.06,12.83,2.82,0.59
2006-12-29,11.17,27.2,83.16,13.2,1.72,0.62
2006-12-30,8.75,26.92,83.84,20.22,1.11,0.63
2006-12-31,12.33,27.32,82.55,15.27,1.58,0.64
2007-01-01,10.52,27.54,84.58,14.97,2.98,0.66
2007-01-02,5.39,26.68,85.74,19.8,2.71,0.66
2007-01-03,12.32,26.68,86.54,20.44,4.97,0.67
2007-01-04,1.64,26.85,81.64,18.27,3.75,0.68
2007-01-05,1.48,26.93,81.12,18.4,2.59,0.67
2007-01-06,1.84,26.77,82.1,18.23,2.71,0.67
2007-01-07,11.82,26.34,84.28,18.97,2.76,0.67
2007-01-08,14.8,26.58,86.76,13.75,3.4,0.7
2007-01-09,27.86,26.39,88.22,9.52,3.5,0.72
2007-01-10,22.13,26.23,88.98,11.37,3.96,0.76
2007-01-11,8.55,26.66,87.38,14.75,2.96,0.77
2007-01-12,16.55,26.88,87.45,16.7,3.97,0.78
2007-01-13,11.68,26.95,85.68,15.32,4.28,0.8
2007-01-14,2.07,26.98,84.95,22.01,4.44,0.79
2007-01-15,0.8,26.89,83.73,22.18,4.27,0.78
2007-01-16,2.48,26.77,84.38,22.76,4.16,0.77
2007-01-17,2.44,26.83,84.66,23.72,3.6,0.77
2007-01-18,1.56,26.56,86.17,25.92,3.07,0.76
2007-01-19,2.38,26.69,85.12,24.63,3.17,0.76
2007-01-20,0.99,26.6,86.18,26.26,2.08,0.75
2007-01-21,0.03,27.05,81.93,25.64,2.57,0.74
2007-01-22,0.0,27.11,82.49,22.95,2.45,0.73
2007-01-23,0.0,27.09,80.73,25.25,2.6,0.72
2007-01-24,0.15,27.37,81.39,24.36,3.08,0.71
2007-01-25,0.3,27.02,83.02,24.29,3.14,0.7
2007-01-26,1.66,27.31,82.16,26.12,2.73,0.7
2007-01-27,0.65,27.02,83.73,27.11,2.68,0.7
2007-01-28,0.74,26.99,83.25,21.85,3.37,0.69
2007-01-29,5.96,27.27,81.39,11.03,4.27,0.69
2007-01-30,6.17,27.28,80.69,22.1,2.68,0.69
2007-01-31,2.25,27.34,80.45,25.51,2.54,0.68
2007-02-01,8.0,26.95,84.0,25.65,2.55,0.68
2007-02-02,4.96,26.91,84.57,26.39,2.77,0.69
2007-02-03,0.65,27.24,81.25,25.91,3.29,0.68
2007-02-04,1.38,27.01,83.14,24.24,3.85,0.68
2007-02-05,1.26,27.15,82.89,21.88,3.97,0.67
2007-02-06,2.3,27.34,81.67,22.59,4.49,0.67
2007-02-07,2.36,27.33,81.73,22.98,3.71,0.66
2007-02-08,1.52,26.9,83.55,24.1,3.16,0.66
2007-02-09,1.88,27.02,83.52,23.55,2.69,0.66
2007-02-10,0.93,27.72,77.94,27.55,2.16,0.65
2007-02-11,5.27,27.61,77.96,26.34,1.94,0.65
2007-02-12,2.22,27.84,76.8,26.55,1.84,0.65
2007-02-13,4.6,27.98,76.81,26.14,1.71,0.65
2007-02-14,1.82,28.11,76.85,25.89,2.08,0.64
2007-02-15,1.91,28.19,76.14,24.82,1.7,0.64
2007-02-16,7.48,28.2,75.56,25.57,1.64,0.64
2007-02-17,9.22,27.87,76.9,22.06,1.73,0.65
2007-02-18,1.71,27.95,74.55,24.43,2.0,0.65
2007-02-19,4.32,28.25,71.47,23.77,1.14,0.64
2007-02-20,5.04,28.36,71.95,24.42,1.21,0.64
2007-02-21,26.37,27.35,80.79,20.58,1.2,0.65
2007-02-22,46.98,26.49,86.67,21.74,1.72,0.72
2007-02-23,14.1,26.65,83.37,11.29,1.62,0.76
2007-02-24,19.47,26.46,83.91,14.56,1.37,0.77
2007-02-25,20.52,26.29,84.89,8.08,2.32,0.79
2007-02-26,14.3,26.26,85.55,14.67,1.77,0.81
2007-02-27,7.95,26.2,87.78,17.38,3.4,0.82
2007-02-28,9.72,26.58,87.65,11.63,3.1,0.83
2007-03-01,18.83,26.55,90.62,11.79,3.68,0.84
2007-03-02,43.46,26.0,91.59,9.09,4.01,0.88
2007-03-03,37.2,25.87,90.32,8.58,4.95,0.91
2007-03-04,24.08,25.69,90.51,10.33,3.48,0.93
2007-03-05,26.14,26.55,87.9,10.68,5.65,0.94
2007-03-06,20.94,26.2,90.08,9.29,5.69,0.95
2007-03-07,11.37,26.04,89.93,16.07,5.85,0.95
2007-03-08,1.99,26.11,88.17,21.96,3.93,0.95
2007-03-09,0.08,26.45,84.04,21.52,1.92,0.94
2007-03-10,0.22,26.51,84.55,23.01,2.24,0.93
2007-03-11,0.82,26.37,84.84,20.2,2.78,0.93
2007-03-12,7.42,25.44,89.08,5.5,2.32,0.93
2007-03-13,1.14,26.29,82.21,19.04,1.66,0.92
2007-03-14,21.7,25.99,89.32,9.88,2.56,0.93
2007-03-15,13.84,26.29,88.12,18.04,2.37,0.94
2007-03-16,7.86,26.34,86.32,20.74,1.45,0.94
2007-03-17,2.56,26.42,85.21,21.61,1.4,0.94
2007-03-18,1.26,26.02,88.51,19.4,2.25,0.93
2007-03-19,11.81,25.78,90.26,15.36,2.7,0.93
2007-03-20,0.82,26.29,84.74,21.64,1.86,0.93
2007-03-21,1.32,26.45,84.96,15.89,2.01,0.93
2007-03-22,2.69,25.98,88.98,19.61,2.15,0.92
2007-03-23,3.12,26.55,84.92,19.15,1.19,0.92
2007-03-24,2.54,26.55,86.28,19.82,2.14,0.92
2007-03-25,2.08,26.81,86.62,19.37,1.73,0.92
2007-03-26,0.61,26.32,87.73,19.65,2.56,0.91
2007-03-27,1.67,25.98,88.58,23.25,2.85,0.91
2007-03-28,4.37,26.43,87.79,24.05,2.91,0.91
2007-03-29,1.75,26.59,86.79,22.95,2.8,0.9
2007-03-30,5.79,26.7,84.25,22.79,1.36,0.9
2007-03-31,3.57,26.27,87.04,11.47,2.1,0.9
2007-04-01,4.65,26.32,86.87,16.8,2.0,0.9
2007-04-02,1.22,26.66,84.34,21.91,3.48,0.9
2007-04-03,0.23,26.31,81.76,24.01,3.13,0.89
2007-04-04,2.0,26.83,79.62,22.71,2.4,0.88
2007-04-05,3.12,26.68,81.84,22.38,2.12,0.88
2007-04-06,1.38,26.92,82.76,20.14,2.06,0.87
2007-04-07,0.09,26.57,82.7,23.29,2.96,0.86
2007-04-08,0.37,26.72,80.82,20.92,3.41,0.85
2007-04-09,0.0,26.84,77.38,22.1,3.49,0.84
2007-04-10,0.82,26.76,84.4,20.98,3.43,0.83
2007-04-11,15.0,26.42,86.5,8.21,4.05,0.83
2007-04-12,8.75,26.06,91.54,14.7,6.31,0.85
2007-04-13,2.05,26.33,88.91,13.67,1.92,0.85
2007-04-14,1.15,26.68,84.68,21.77,2.68,0.85
2007-04-15,1.37,26.66,82.78,22.01,3.17,0.84
2007-04-16,0.01,26.48,81.86,16.18,3.23,0.83
2007-04-17,0.86,25.91,87.56,16.01,3.09,0.82
2007-04-18,2.58,26.35,86.94,10.12,2.46,0.82
2007-04-19,1.72,26.87,84.27,22.88,2.61,0.82
2007-04-20,2.23,26.26,82.62,20.54,3.38,0.81
2007-04-21,0.48,25.48,80.14,21.43,3.49,0.8
2007-04-22,0.0,25.27,77.77,22.68,3.37,0.79
2007-04-23,0.89,25.52,77.02,21.57,3.24,0.78
2007-04-24,0.3,25.35,79.11,22.09,3.88,0.77
2007-04-25,0.11,25.29,78.66,23.37,3.1,0.76
2007-04-26,0.04,25.7,82.65,22.48,3.65,0.76
2007-04-27,0.24,25.48,81.55,22.59,3.44,0.74
2007-04-28,0.53,25.57,78.8,23.11,2.77,0.73
2007-04-29,0.0,25.07,78.86,23.38,2.05,0.73
2007-04-30,0.0,25.14,80.87,22.5,2.69,0.72
2007-05-01,0.0,25.0,82.8,21.86,2.8,0.71
2007-05-02,0.0,25.61,79.4,21.94,2.33,0.7
2007-05-03,0.0,25.84,81.11,21.1,2.7,0.69
2007-05-04,0.06,25.95,84.07,20.41,3.38,0.68
2007-05-05,0.0,25.96,81.76,22.38,4.02,0.68
2007-05-06,0.02,26.27,79.46,21.88,3.22,0.67
2007-05-07,0.02,26.34,77.15,20.5,3.25,0.66
2007-05-08,0.0,25.92,76.94,21.76,3.63,0.65
2007-05-09,0.0,25.69,77.4,22.07,3.4,0.65
2007-05-10,0.0,25.82,76.26,20.47,2.76,0.64
2007-05-11,0.01,26.01,74.04,22.14,2.38,0.63
2007-05-12,0.0,25.56,73.47,21.65,2.99,0.63
2007-05-13,0.0,26.06,73.8,19.83,2.83,0.62
2007-05-14,0.0,26.15,72.21,21.53,1.81,0.61
2007-05-15,0.01,26.88,73.87,20.38,1.5,0.61
2007-05-16,0.02,27.18,74.06,19.38,1.21,0.6
2007-05-17,0.05,27.14,77.51,19.0,1.52,0.6
2007-05-18,0.04,27.28,78.98,18.33,1.95,0.59
2007-05-19,0.01,27.57,76.12,20.24,1.35,0.59
2007-05-20,0.07,27.43,73.53,19.52,1.31,0.59
2007-05-21,0.0,27.1,74.5,20.34,3.11,0.58
2007-05-22,0.02,27.32,74.05,18.87,3.19,0.58
2007-05-23,0.0,26.85,73.19,19.55,4.09,0.57
2007-05-24,0.0,26.42,67.76,21.29,3.66,0.57
2007-05-25,0.0,26.7,72.45,16.04,3.3,0.56
2007-05-26,0.16,27.77,75.3,18.34,3.29,0.56
2007-05-27,0.38,27.29,78.17,17.22,3.37,0.55
2007-05-28,0.11,27.51,75.84,17.93,3.05,0.55
2007-05-29,0.07,27.22,73.19,18.56,3.54,0.55
2007-05-30,0.46,27.38,72.36,17.47,3.89,0.55
2007-05-31,0.14,27.45,73.3,19.13,3.93,0.54
2007-06-01,0.12,27.63,75.83,14.82,4.5,0.54
2007-06-02,0.17,27.06,75.96,16.33,5.08,0.54
2007-06-03,0.22,27.5,72.43,16.9,4.03,0.54
2007-06-04,0.02,27.4,70.97,17.94,4.28,0.53
2007-06-05,0.14,27.53,69.62,16.9,4.71,0.53
2007-06-06,0.45,27.24,72.27,15.37,5.47,0.53
2007-06-07,1.02,27.38,73.56,16.84,5.6,0.53
2007-06-08,0.09,26.71,70.43,18.43,5.99,0.52
2007-06-09,0.05,25.76,65.13,19.38,5.32,0.52
2007-06-10,0.03,25.37,64.87,17.31,4.54,0.52
2007-06-11,0.0,25.95,65.0,19.32,4.49,0.52
2007-06-12,0.0,26.34,63.31,17.53,4.88,0.51
2007-06-13,0.0,26.45,63.94,18.32,5.18,0.51
2007-06-14,0.0,26.24,66.35,17.35,5.31,0.51
2007-06-15,0.02,26.34,70.15,17.0,4.85,0.51
2007-06-16,0.01,26.95,69.97,17.34,4.05,0.51
2007-06-17,0.03,26.45,73.68,14.23,3.69,0.51
2007-06-18,0.17,26.56,71.57,12.32,4.03,0.5
2007-06-19,0.68,25.85,77.84,7.46,4.03,0.5
2007-06-20,2.23,26.77,76.36,13.52,2.32,0.5
2007-06-21,4.26,26.84,79.59,15.06,2.31,0.51
2007-06-22,4.15,27.17,80.08,12.33,3.96,0.51
2007-06-23,3.66,25.81,87.97,13.78,3.97,0.52
2007-06-24,5.87,26.78,82.51,15.55,2.46,0.52
2007-06-25,13.25,26.22,84.52,9.14,3.17,0.54
2007-06-26,7.1,25.59,81.58,14.31,6.59,0.56
2007-06-27,1.05,24.93,74.73,15.14,6.43,0.55
2007-06-28,0.0,24.66,69.08,18.5,5.35,0.55
2007-06-29,0.0,23.72,71.18,18.36,4.67,0.55
2007-06-30,0.0,23.9,69.19,19.5,3.98,0.54
2007-07-01,0.0,24.09,67.35,17.17,2.36,0.54
2007-07-02,0.0,24.06,68.09,20.07,1.95,0.54
2007-07-03,0.0,24.81,70.85,19.07,3.05,0.53
2007-07-04,0.01,24.85,68.47,18.6,4.36,0.53
2007-07-05,0.0,24.37,69.13,20.27,4.11,0.53
2007-07-06,0.0,24.13,68.75,20.7,3.25,0.52
2007-07-07,0.0,23.66,68.81,19.36,4.5,0.52
2007-07-08,0.0,24.12,63.92,17.61,4.77,0.52
2007-07-09,0.0,23.8,63.11,18.76,5.1,0.51
2007-07-10,0.0,23.62,64.72,19.77,4.82,0.51
2007-07-11,0.01,23.84,64.4,20.07,4.47,0.51
2007-07-12,0.0,24.05,65.94,19.13,3.94,0.51
2007-07-13,0.0,25.04,69.13,16.6,3.3,0.51
2007-07-14,0.02,25.46,71.12,17.1,4.09,0.5
2007-07-15,0.0,25.87,70.14,19.3,3.42,0.5
2007-07-16,1.11,26.04,74.98,16.73,4.17,0.5
2007-07-17,0.23,25.96,75.24,14.64,5.44,0.5
2007-07-18,0.07,25.78,68.79,18.46,4.96,0.5
2007-07-19,0.06,25.33,68.1,14.94,5.94,0.5
2007-07-20,0.0,25.37,69.55,18.06,5.82,0.5
2007-07-21,0.0,24.91,68.27,16.75,5.85,0.5
2007-07-22,0.0,24.69,66.3,20.45,5.34,0.49
2007-07-23,0.0,24.84,67.27,20.47,4.14,0.49
2007-07-24,0.0,25.17,71.54,19.8,4.3,0.49
2007-07-25,0.0,25.17,69.02,20.96,4.5,0.49
2007-07-26,0.0,25.07,67.61,20.98,3.96,0.49
2007-07-27,0.0,25.38,66.62,21.05,3.48,0.49
2007-07-28,0.02,25.6,68.5,20.24,3.07,0.49
2007-07-29,0.0,24.9,69.68,20.22,3.83,0.49
2007-07-30,0.0,24.53,69.96,19.0,4.03,0.48
2007-07-31,0.0,24.56,66.08,21.16,3.52,0.48
2007-08-01,0.0,24.34,63.4,21.53,3.14,0.48
2007-08-02,0.0,24.09,65.64,21.63,3.5,0.48
2007-08-03,0.11,23.68,68.81,21.72,3.56,0.48
2007-08-04,0.0,24.75,67.59,21.9,3.96,0.48
2007-08-05,0.01,25.49,69.46,20.7,4.89,0.48
2007-08-06,0.04,25.35,63.98,18.4,5.18,0.48
2007-08-07,0.03,24.72,65.34,18.85,5.25,0.48
2007-08-08,0.0,25.22,64.62,22.26,4.43,0.48
2007-08-09,0.0,25.23,61.98,21.54,5.03,0.48
2007-08-10,0.02,25.53,64.0,22.18,3.9,0.48
2007-08-11,0.01,25.81,66.47,22.48,3.92,0.48
2007-08-12,0.04,26.65,67.52,22.18,3.78,0.48
2007-08-13,0.0,26.37,65.62,23.06,3.7,0.48
2007-08-14,0.14,26.41,67.5,22.53,3.22,0.48
2007-08-15,0.64,25.82,70.62,19.99,4.44,0.48
2007-08-16,0.07,26.06,71.67,21.99,4.74,0.48
2007-08-17,3.78,25.52,74.02,19.48,5.53,0.48
2007-08-18,3.59,25.17,76.67,13.75,5.85,0.49
2007-08-19,0.3,25.47,73.02,20.04,5.83,0.49
2007-08-20,0.0,25.88,67.62,22.21,4.66,0.49
2007-08-21,0.02,25.83,67.44,21.23,3.78,0.49
2007-08-22,0.0,25.83,65.23,23.0,4.43,0.49
2007-08-23,0.0,25.65,63.62,23.99,4.31,0.49
2007-08-24,0.0,25.26,59.28,24.77,4.14,0.48
2007-08-25,0.0,24.65,52.79,25.03,4.16,0.48
2007-08-26,0.0,24.77,54.66,24.97,2.65,0.48
2007-08-27,0.0,25.33,63.16,23.97,3.64,0.48
2007-08-28,0.0,25.81,64.18,22.93,3.86,0.48
2007-08-29,0.0,26.05,67.16,23.51,4.14,0.48
2007-08-30,0.0,25.78,68.46,23.77,4.18,0.48
2007-08-31,0.0,25.68,67.46,24.2,4.23,0.48
2007-09-01,0.01,26.34,67.99,24.43,4.69,0.48
2007-09-02,0.01,26.67,68.59,23.94,4.66,0.48
2007-09-03,0.0,26.82,68.16,23.79,4.07,0.48
2007-09-04,0.0,26.9,68.47,24.12,4.17,0.48
2007-09-05,0.0,26.6,65.68,24.76,3.99,0.48
2007-09-06,0.0,26.46,60.49,25.44,3.76,0.48
2007-09-07,0.0,26.1,61.92,25.4,3.59,0.48
2007-09-08,0.0,25.74,59.27,25.18,3.11,0.48
2007-09-09,0.0,25.79,57.95,24.84,2.52,0.48
2007-09-10,0.0,26.08,57.28,25.88,2.97,0.48
2007-09-11,0.0,26.25,60.14,25.53,1.77,0.48
2007-09-12,0.0,26.66,59.88,25.41,2.0,0.48
2007-09-13,0.0,26.62,61.86,24.91,3.04,0.48
2007-09-14,0.0,26.7,60.69,26.23,2.5,0.48
2007-09-15,0.0,26.51,64.07,22.4,3.77,0.48
2007-09-16,0.0,26.93,62.58,24.8,3.26,0.48
2007-09-17,0.0,26.95,62.68,25.8,3.15,0.48
2007-09-18,0.0,27.11,63.58,24.82,3.23,0.48
2007-09-19,0.0,27.17,61.87,25.4,3.38,0.48
2007-09-20,0.0,26.91,62.07,24.82,3.59,0.48
2007-09-21,0.0,27.2,61.28,25.9,2.45,0.48
2007-09-22,0.0,27.62,61.73,25.97,2.8,0.48
2007-09-23,0.0,28.1,58.19,26.1,2.27,0.48
2007-09-24,0.0,28.19,55.8,25.92,2.01,0.48
2007-09-25,0.0,27.66,61.12,25.84,3.28,0.48
2007-09-26,0.0,27.95,54.61,26.47,3.32,0.48
2007-09-27,0.0,27.98,57.49,26.05,3.07,0.48
2007-09-28,0.0,28.21,59.13,25.53,3.0,0.48
2007-09-29,0.0,28.23,62.16,24.36,2.84,0.48
2007-09-30,0.02,28.24,62.5,24.95,2.8,0.48
2007-10-01,0.0,27.96,61.12,25.41,2.99,0.48
2007-10-02,0.0,27.84,60.53,24.74,3.21,0.48
2007-10-03,0.0,28.27,59.77,26.22,3.06,0.48
2007-10-04,0.0,28.48,58.28,26.45,2.59,0.48
2007-10-05,0.0,28.6,59.44,26.61,2.45,0.48
2007-10-06,0.0,28.78,60.76,26.15,1.78,0.48
2007-10-07,0.0,28.97,60.47,26.16,1.57,0.48
2007-10-08,0.0,28.74,63.87,25.89,1.58,0.48
2007-10-09,0.0,28.69,62.4,26.96,2.28,0.48
2007-10-10,0.0,28.12,65.36,25.05,3.0,0.48
2007-10-11,0.0,28.12,64.1,26.21,2.93,0.48
2007-10-12,0.0,28.23,64.01,26.61,3.3,0.48
2007-10-13,0.0,28.69,63.45,25.83,2.72,0.48
2007-10-14,0.0,29.03,60.72,25.57,2.82,0.48
2007-10-15,0.0,28.66,60.12,26.4,3.38,0.48
2007-10-16,0.0,28.53,60.76,26.83,3.13,0.48
2007-10-17,0.01,28.96,62.07,25.28,3.01,0.48
2007-10-18,0.0,29.15,60.32,26.27,3.12,0.48
2007-10-19,0.02,29.15,59.89,26.34,1.97,0.48
2007-10-20,0.0,28.66,60.63,26.76,3.33,0.48
2007-10-21,0.0,28.73,61.5,26.56,3.45,0.48
2007-10-22,0.0,28.96,59.61,26.17,2.45,0.48
2007-10-23,0.04,29.61,56.95,27.32,2.43,0.48
2007-10-24,0.21,29.7,58.69,26.67,2.07,0.48
2007-10-25,0.0,29.91,53.22,27.14,2.21,0.48
2007-10-26,0.0,29.78,57.11,27.37,1.91,0.48
2007-10-27,0.02,29.69,58.24,25.44,1.68,0.48
2007-10-28,0.0,29.5,59.22,26.36,2.25,0.48
2007-10-29,0.25,29.97,61.04,26.66,1.8,0.48
2007-10-30,1.86,29.61,64.04,23.77,2.1,0.48
2007-10-31,1.67,28.13,71.67,21.15,2.95,0.48
2007-11-01,0.92,29.33,65.37,24.36,2.0,0.48
2007-11-02,1.58,29.15,65.32,24.15,1.31,0.48
2007-11-03,1.18,28.81,68.15,23.87,1.63,0.49
2007-11-04,2.92,28.78,69.99,25.14,2.21,0.49
2007-11-05,1.31,28.98,69.34,24.54,2.81,0.49
2007-11-06,7.02,28.55,70.34,23.34,1.63,0.49
2007-11-07,1.14,29.08,66.44,25.8,2.87,0.5
2007-11-08,0.04,28.95,64.39,26.47,2.67,0.49
2007-11-09,0.07,29.59,63.8,27.54,2.4,0.49
2007-11-10,0.29,29.79,62.41,26.32,3.13,0.49
2007-11-11,0.16,29.18,64.63,26.74,2.68,0.49
2007-11-12,6.49,28.77,67.56,23.34,1.04,0.49
2007-11-13,6.43,28.25,72.68,23.05,0.59,0.51
2007-11-14,3.36,28.59,74.1,23.38,1.94,0.51
2007-11-15,1.14,28.43,75.01,20.96,1.8,0.51
2007-11-16,0.9,28.93,72.03,25.89,2.52,0.51
2007-11-17,0.83,28.57,74.74,24.65,2.8,0.5
2007-11-18,0.49,28.77,72.16,25.41,2.8,0.5
2007-11-19,0.27,28.97,70.05,26.9,3.05,0.5
2007-11-20,0.52,28.84,70.18,26.7,3.12,0.5
2007-11-21,0.57,29.17,69.07,26.22,3.18,0.5
2007-11-22,3.59,28.91,69.98,21.78,2.67,0.5
2007-11-23,3.75,27.99,77.37,16.88,3.01,0.5
2007-11-24,3.58,28.86,72.79,23.71,2.25,0.51
2007-11-25,0.49,28.88,67.17,27.12,2.74,0.5
2007-11-26,0.4,29.04,65.04,27.54,1.98,0.5
2007-11-27,0.04,29.36,61.41,27.38,2.14,0.5
2007-11-28,0.13,29.1,66.84,23.28,2.61,0.49
2007-11-29,0.19,29.35,66.05,25.27,2.27,0.49
2007-11-30,0.28,29.46,65.75,24.45,1.9,0.49
2007-12-01,0.41,29.07,68.48,23.16,1.8,0.49
2007-12-02,0.24,28.77,70.78,27.59,2.16,0.49
2007-12-03,0.69,28.65,73.5,26.92,2.89,0.49
2007-12-04,0.99,28.09,77.65,25.85,2.78,0.49
2007-12-05,6.34,28.54,72.02,21.44,2.1,0.5
2007-12-06,3.76,27.84,77.36,20.59,1.62,0.51
2007-12-07,5.61,28.52,74.47,25.39,1.73,0.51
2007-12-08,2.46,29.18,68.6,22.42,1.68,0.51
2007-12-09,1.7,29.5,67.03,22.77,1.63,0.51
2007-12-10,1.64,29.43,68.45,22.4,1.43,0.51
2007-12-11,0.78,29.41,68.65,25.78,1.3,0.51
2007-12-12,1.78,29.1,68.75,24.48,1.34,0.51
2007-12-13,4.23,29.12,68.58,25.35,1.17,0.51
2007-12-14,5.57,28.08,76.21,22.87,1.16,0.52
2007-12-15,4.41,28.96,73.77,24.71,0.82,0.52
2007-12-16,16.44,27.83,81.08,21.51,1.49,0.54
2007-12-17,7.21,27.7,76.71,22.72,1.29,0.56
2007-12-18,17.51,26.71,84.74,16.48,1.85,0.57
2007-12-19,14.62,27.68,79.07,19.87,1.62,0.6
2007-12-20,21.78,26.82,83.65,19.95,2.04,0.63
2007-12-21,9.25,27.54,79.79,21.15,1.55,0.65
2007-12-22,13.91,27.63,82.21,19.5,2.42,0.66
2007-12-23,16.6,27.09,86.3,18.02,2.72,0.68
2007-12-24,13.82,26.64,85.09,16.77,2.7,0.71
2007-12-25,7.5,26.96,82.03,15.53,1.0,0.71
2007-12-26,18.47,27.54,82.25,21.67,1.23,0.72
2007-12-27,12.69,26.88,89.65,15.32,3.69,0.75
2007-12-28,5.01,27.21,85.23,19.93,5.28,0.75
2007-12-29,21.19,26.87,88.89,13.89,5.07,0.77
2007-12-30,12.45,26.75,86.84,8.19,4.21,0.79
2007-12-31,4.71,26.43,86.02,21.99,3.44,0.79
2008-01-01,9.19,26.87,85.19,22.69,5.05,0.79
2008-01-02,9.97,27.27,83.55,19.62,5.34,0.8
2008-01-03,11.44,26.79,82.42,16.8,7.01,0.8
2008-01-04,6.88,26.42,85.34,4.86,7.48,0.8
2008-01-05,4.85,26.25,85.5,15.31,5.83,0.8
2008-01-06,2.17,26.71,85.1,23.98,4.57,0.8
2008-01-07,1.41,26.57,85.48,21.63,3.96,0.79
2008-01-08,1.14,26.54,83.14,21.32,3.78,0.79
2008-01-09,2.45,26.42,85.29,16.02,3.6,0.78
2008-01-10,3.5,26.49,85.89,20.01,4.27,0.78
2008-01-11,2.68,26.6,87.57,21.32,4.12,0.78
2008-01-12,7.53,26.59,87.01,22.56,4.48,0.78
2008-01-13,2.49,26.09,87.58,24.13,3.3,0.78
2008-01-14,3.06,26.21,87.14,19.56,3.63,0.78
2008-01-15,7.04,26.47,86.71,20.64,3.44,0.78
2008-01-16,2.59,26.25,87.24,23.03,4.06,0.78
2008-01-17,2.57,25.74,88.25,19.38,3.72,0.78
2008-01-18,1.06,26.01,86.36,22.66,3.35,0.78
2008-01-19,0.78,26.31,86.09,22.32,3.22,0.77
2008-01-20,0.51,26.41,85.31,25.96,3.29,0.77
2008-01-21,2.52,26.58,83.63,26.13,3.04,0.76
2008-01-22,7.28,26.78,83.4,25.67,2.28,0.76
2008-01-23,21.08,26.32,87.54,24.8,1.9,0.77
2008-01-24,10.16,26.38,85.49,25.71,1.58,0.8
2008-01-25,15.45,27.27,81.92,25.29,1.7,0.8
2008-01-26,18.01,26.82,84.83,19.31,1.89,0.82
2008-01-27,4.42,26.72,85.79,22.76,1.28,0.83
2008-01-28,3.79,26.58,87.97,22.54,1.8,0.83
2008-01-29,2.14,27.23,81.23,21.17,1.06,0.83
2008-01-30,2.07,26.74,85.78,23.37,1.87,0.83
2008-01-31,10.12,26.78,84.34,21.57,1.34,0.83
2008-02-01,3.37,27.08,87.15,23.94,1.88,0.84
2008-02-02,8.61,26.9,89.04,18.2,1.83,0.84
2008-02-03,6.47,26.77,85.89,19.27,2.39,0.84
2008-02-04,8.86,26.58,87.45,21.87,2.61,0.85
2008-02-05,20.67,26.33,89.76,10.78,3.52,0.86
2008-02-06,43.71,26.36,89.15,16.79,4.41,0.89
2008-02-07,50.91,26.2,89.48,10.35,3.91,0.93
2008-02-08,118.38,26.12,90.99,3.46,4.38,0.97
2008-02-09,65.78,26.02,91.57,14.78,4.77,0.99
2008-02-10,16.42,26.15,89.94,12.6,5.79,0.99
2008-02-11,7.26,26.6,88.34,18.87,6.2,0.99
2008-02-12,9.51,26.6,89.9,16.95,6.35,0.98
2008-02-13,18.63,26.34,90.14,18.27,6.7,0.98
2008-02-14,15.95,26.26,90.32,14.49,6.41,0.99
2008-02-15,28.28,25.79,90.35,18.26,6.63,0.99
2008-02-16,37.34,25.73,90.1,10.05,5.62,0.99
2008-02-17,4.31,26.18,88.45,22.12,3.48,0.99
2008-02-18,9.83,25.82,89.47,15.83,2.56,0.99
2008-02-19,12.08,25.78,88.25,12.9,2.66,0.99
2008-02-20,65.53,25.63,91.4,7.44,4.59,1.0
2008-02-21,47.25,26.07,88.38,14.41,5.27,1.0
2008-02-22,22.06,26.01,89.62,15.77,4.39,1.0
2008-02-23,14.47,25.54,90.41,19.35,3.6,1.0
2008-02-24,6.99,25.58,89.84,20.01,3.22,0.99
2008-02-25,1.8,26.05,84.67,23.81,2.94,0.99
2008-02-26,0.64,25.58,87.57,21.59,2.52,0.98
2008-02-27,1.31,25.76,87.36,20.14,2.35,0.97
2008-02-28,4.79,25.53,90.55,17.08,2.8,0.97
2008-02-29,2.84,25.87,88.89,22.68,2.78,0.97
2008-03-01,1.78,26.12,87.51,21.45,3.08,0.97
2008-03-02,2.38,25.81,88.9,13.0,2.05,0.96
2008-03-03,1.35,25.69,84.94,20.7,0.66,0.96
2008-03-04,2.43,26.27,85.62,23.65,1.99,0.96
2008-03-05,2.61,26.39,82.73,24.2,2.1,0.95
2008-03-06,10.51,26.17,85.4,22.11,1.94,0.95
2008-03-07,4.34,25.8,87.53,23.59,1.94,0.95
2008-03-08,2.98,25.85,88.25,24.34,2.24,0.95
2008-03-09,5.66,26.27,85.55,21.34,1.29,0.95
2008-03-10,1.67,26.25,84.76,23.82,1.13,0.95
2008-03-11,2.37,26.68,84.55,23.27,1.1,0.94
2008-03-12,4.5,26.81,82.23,15.68,0.84,0.94
2008-03-13,9.26,26.66,83.77,21.81,0.76,0.94
2008-03-14,2.89,26.48,84.77,22.38,1.52,0.94
2008-03-15,6.97,26.53,84.54,20.93,1.73,0.94
2008-03-16,3.47,26.13,85.95,19.42,1.75,0.94
2008-03-17,5.17,26.42,83.66,20.6,0.54,0.94
2008-03-18,2.48,26.59,84.78,23.23,0.92,0.93
2008-03-19,2.72,26.85,83.63,23.81,1.56,0.93
2008-03-20,3.19,26.3,87.49,15.42,1.88,0.93
2008-03-21,10.74,26.58,84.86,17.05,1.02,0.93
2008-03-22,16.27,25.96,86.53,20.19,1.56,0.94
2008-03-23,3.29,26.58,82.47,21.26,0.84,0.94
2008-03-24,1.48,26.81,80.6,23.01,2.17,0.93
2008-03-25,1.7,26.63,80.24,16.98,1.88,0.93
2008-03-26,2.85,27.1,78.71,22.41,1.28,0.92
2008-03-27,4.81,26.08,87.47,21.12,1.45,0.92
2008-03-28,5.66,26.3,84.13,16.2,1.29,0.92
2008-03-29,3.27,26.64,83.17,18.45,2.56,0.91
2008-03-30,3.96,27.07,83.31,21.99,2.44,0.91
2008-03-31,10.75,26.22,88.32,13.41,1.97,0.91
2008-04-01,10.51,26.29,86.77,17.39,1.51,0.92
2008-04-02,4.78,26.39,83.15,21.61,0.99,0.92
2008-04-03,0.81,26.5,80.61,22.08,1.73,0.91
2008-04-04,1.41,25.75,86.58,17.07,1.72,0.91
2008-04-05,5.24,25.65,89.91,13.7,3.29,0.91
2008-04-06,2.08,26.17,82.88,23.42,2.85,0.91
2008-04-07,0.6,26.46,81.09,24.44,3.07,0.9
2008-04-08,0.14,26.28,79.36,24.77,3.76,0.89
2008-04-09,0.33,26.09,79.91,24.8,3.61,0.88
2008-04-10,0.04,25.93,78.59,24.07,3.38,0.86
2008-04-11,1.34,26.2,79.57,24.05,3.15,0.85
2008-04-12,0.0,25.61,77.64,23.74,3.32,0.84
2008-04-13,0.53,25.55,76.51,23.61,3.42,0.83
2008-04-14,0.2,25.39,78.03,21.14,3.95,0.82
2008-04-15,0.0,25.66,77.57,19.5,4.28,0.81
2008-04-16,0.0,25.57,75.31,24.25,3.75,0.8
2008-04-17,0.24,26.09,77.92,23.81,3.61,0.79
2008-04-18,0.52,25.73,76.56,23.84,3.56,0.78
2008-04-19,0.06,25.27,74.21,24.31,3.47,0.77
2008-04-20,0.04,25.36,74.77,23.52,3.19,0.76
2008-04-21,0.02,25.8,75.5,22.31,3.11,0.75
2008-04-22,0.19,26.1,75.91,21.07,2.97,0.74
2008-04-23,0.09,25.89,78.58,20.28,2.91,0.73
2008-04-24,0.14,25.68,80.04,16.52,3.19,0.72
2008-04-25,0.01,25.64,78.88,22.8,3.5,0.71
2008-04-26,0.0,25.26,75.27,23.44,3.35,0.7
2008-04-27,0.0,25.13,74.89,22.36,2.65,0.69
2008-04-28,0.0,25.43,75.17,21.61,3.21,0.68
2008-04-29,0.0,26.26,75.29,22.51,3.36,0.67
2008-04-30,0.0,26.54,76.57,21.5,3.55,0.67
2008-05-01,0.0,26.33,78.1,16.15,3.07,0.66
2008-05-02,0.0,26.62,76.35,20.09,3.06,0.65
2008-05-03,0.43,26.74,75.2,21.56,3.44,0.65
2008-05-04,0.95,26.59,75.11,21.67,3.54,0.64
2008-05-05,0.03,26.28,71.31,22.02,4.2,0.63
2008-05-06,0.0,26.14,69.33,22.28,4.07,0.63
2008-05-07,0.0,26.13,65.56,22.43,4.05,0.62
2008-05-08,0.0,25.76,64.64,22.37,4.04,0.61
2008-05-09,0.18,25.51,65.41,22.15,4.02,0.61
2008-05-10,0.02,25.83,66.1,21.23,4.01,0.6
2008-05-11,0.02,25.3,69.89,21.78,3.77,0.6
2008-05-12,0.0,25.61,68.9,21.38,3.17,0.59
2008-05-13,0.0,26.14,70.43,19.3,2.9,0.59
2008-05-14,0.18,26.57,72.8,16.29,3.26,0.58
2008-05-15,0.59,26.64,70.84,20.41,3.93,0.58
2008-05-16,0.07,26.44,74.48,20.14,4.1,0.57
2008-05-17,0.03,26.7,71.25,19.77,4.41,0.57
2008-05-18,0.0,26.8,70.68,20.49,3.55,0.56
2008-05-19,0.01,26.88,70.3,19.7,4.04,0.56
2008-05-20,0.0,26.4,70.19,20.0,4.36,0.55
2008-05-21,0.0,26.42,63.49,20.59,4.11,0.55
2008-05-22,0.05,25.54,69.45,19.57,4.49,0.55
2008-05-23,0.01,25.81,71.38,20.28,4.3,0.54
2008-05-24,0.02,25.98,71.75,19.35,4.31,0.54
2008-05-25,0.0,26.54,68.84,20.11,3.94,0.54
2008-05-26,0.44,26.32,70.41,17.3,5.12,0.53
2008-05-27,0.0,26.47,68.6,19.52,5.58,0.53
2008-05-28,0.0,26.46,62.08,18.54,5.57,0.53
2008-05-29,0.0,25.68,61.5,19.92,5.56,0.53
2008-05-30,0.0,25.66,66.16,19.73,5.45,0.52
2008-05-31,0.0,25.54,66.68,19.55,5.4,0.52
2008-06-01,0.0,25.54,62.12,19.21,4.5,0.52
2008-06-02,0.0,24.87,62.47,20.03,4.38,0.52
2008-06-03,0.0,25.03,64.65,19.63,3.81,0.51
2008-06-04,0.0,25.0,66.59,19.37,3.6,0.51
2008-06-05,0.01,25.59,69.24,18.03,3.75,0.51
2008-06-06,0.17,26.45,72.8,14.62,2.51,0.51
2008-06-07,0.72,26.12,75.89,14.82,5.15,0.51
2008-06-08,0.75,26.67,74.68,12.79,4.97,0.51
2008-06-09,0.04,27.02,71.92,17.0,4.16,0.51
2008-06-10,1.47,27.16,73.84,16.9,3.97,0.51
2008-06-11,0.06,26.7,71.76,17.79,4.34,0.51
2008-06-12,0.17,26.25,68.72,18.32,3.96,0.51
2008-06-13,0.16,26.51,69.27,17.84,4.36,0.5
2008-06-14,0.0,26.23,65.05,19.66,3.94,0.5
2008-06-15,0.0,26.29,65.86,19.31,3.91,0.5
2008-06-16,0.02,25.81,68.27,19.59,3.55,0.5
2008-06-17,0.09,25.56,66.89,18.97,3.26,0.5
2008-06-18,0.0,25.95,64.23,20.0,3.6,0.5
2008-06-19,0.0,25.68,64.41,20.21,3.77,0.49
2008-06-20,0.96,25.41,69.41,19.16,4.63,0.49
2008-06-21,3.34,24.73,69.31,13.3,6.65,0.5
2008-06-22,0.0,25.21,63.07,18.6,5.84,0.5
2008-06-23,0.69,25.34,70.25,8.99,6.15,0.5
2008-06-24,0.05,26.01,65.05,16.96,5.23,0.5
2008-06-25,0.0,25.18,66.43,17.89,5.74,0.49
2008-06-26,0.06,25.13,65.46,19.48,4.55,0.49
2008-06-27,0.0,25.0,63.9,19.73,2.47,0.49
2008-06-28,0.02,25.36,69.51,19.37,2.95,0.49
2008-06-29,0.1,26.13,67.15,19.66,3.01,0.49
2008-06-30,0.0,26.0,68.1,19.29,3.83,0.49
2008-07-01,0.0,25.98,67.05,19.67,3.85,0.49
2008-07-02,0.0,25.57,69.32,19.62,4.05,0.49
2008-07-03,0.0,25.67,66.12,20.21,4.11,0.48
2008-07-04,0.0,24.76,67.11,19.88,4.76,0.48
2008-07-05,0.0,24.97,64.74,19.75,4.26,0.48
2008-07-06,0.0,24.77,63.22,19.78,4.2,0.48
2008-07-07,0.04,25.18,62.56,18.73,4.86,0.48
2008-07-08,0.0,25.21,61.91,19.92,6.65,0.48
2008-07-09,0.02,24.94,59.35,19.09,5.89,0.48
2008-07-10,0.01,24.63,65.76,15.32,5.04,0.48
2008-07-11,0.0,25.55,63.81,16.28,4.24,0.48
2008-07-12,0.07,25.76,65.87,19.38,4.07,0.48
2008-07-13,0.0,25.71,62.71,20.23,4.46,0.48
2008-07-14,0.0,24.82,61.45,21.08,4.51,0.48
2008-07-15,0.0,25.44,64.07,20.74,3.29,0.48
2008-07-16,0.0,25.72,67.65,20.53,4.11,0.48
2008-07-17,0.0,25.57,65.48,21.22,3.73,0.48
2008-07-18,0.0,25.21,64.51,21.23,3.27,0.48
2008-07-19,0.0,25.33,68.91,20.54,4.04,0.48
2008-07-20,0.01,25.68,69.11,19.63,4.75,0.48
2008-07-21,0.01,25.82,68.33,17.88,4.23,0.48
2008-07-22,0.0,25.55,63.71,20.64,5.39,0.48
2008-07-23,0.0,25.27,65.86,19.57,6.03,0.48
2008-07-24,0.0,24.77,63.56,20.86,5.13,0.48
2008-07-25,0.0,24.2,62.51,21.19,4.5,0.48
2008-07-26,0.0,23.92,64.95,20.99,4.25,0.48
2008-07-27,0.0,24.21,63.2,22.18,3.55,0.48
2008-07-28,0.0,24.51,61.37,22.21,3.35,0.48
2008-07-29,0.0,24.78,62.31,21.68,2.49,0.48
2008-07-30,0.0,24.91,65.39,20.34,2.89,0.48
2008-07-31,0.0,24.62,62.43,19.02,3.17,0.48
2008-08-01,0.0,24.72,65.21,21.26,2.64,0.48
2008-08-02,0.06,25.38,66.0,21.27,3.73,0.48
2008-08-03,0.01,25.03,67.11,20.88,4.45,0.48
2008-08-04,0.0,24.85,66.81,21.75,4.66,0.48
2008-08-05,0.0,25.15,66.66,22.41,4.34,0.48
2008-08-06,0.02,24.29,72.19,21.84,4.42,0.48
2008-08-07,0.14,24.83,68.02,21.57,5.41,0.48
2008-08-08,0.02,25.23,62.34,21.48,4.78,0.48
2008-08-09,0.18,24.94,60.27,22.21,4.51,0.48
2008-08-10,0.01,25.68,63.41,20.58,3.96,0.48
2008-08-11,0.0,25.8,62.71,21.24,2.96,0.48
2008-08-12,0.13,25.38,64.24,20.99,4.28,0.48
2008-08-13,0.02,25.8,58.15,20.48,4.12,0.48
2008-08-14,0.08,25.29,64.33,19.59,4.85,0.48
2008-08-15,0.0,25.52,63.11,21.57,4.26,0.48
2008-08-16,0.0,25.6,61.79,20.42,4.57,0.48
2008-08-17,0.0,25.3,61.19,21.82,5.65,0.48
2008-08-18,0.0,25.01,55.74,22.57,5.66,0.48
2008-08-19,0.0,25.23,58.62,20.56,4.48,0.48
2008-08-20,0.26,25.88,65.11,21.23,3.85,0.48
2008-08-21,0.15,25.96,69.05,21.52,4.37,0.48
2008-08-22,0.02,25.94,68.07,22.74,4.81,0.48
2008-08-23,0.0,26.23,65.03,22.18,5.13,0.48
2008-08-24,0.0,25.68,65.27,19.61,5.27,0.48
2008-08-25,0.01,26.26,66.38,20.91,4.38,0.48
2008-08-26,0.0,26.62,69.59,21.53,4.1,0.48
2008-08-27,0.0,27.27,67.68,22.84,3.62,0.48
2008-08-28,0.0,27.35,68.07,22.85,2.69,0.48
2008-08-29,0.14,27.72,66.12,23.12,2.79,0.48
2008-08-30,0.05,27.16,67.1,21.9,3.77,0.48
2008-08-31,0.0,26.76,69.59,20.55,3.96,0.48
2008-09-01,0.0,26.9,68.26,22.32,3.53,0.48
2008-09-02,0.01,26.7,71.65,21.28,4.5,0.48
2008-09-03,0.01,26.44,71.78,22.76,4.96,0.48
2008-09-04,0.0,26.46,68.38,24.12,4.32,0.48
2008-09-05,0.02,26.88,66.59,24.5,3.32,0.48
2008-09-06,0.0,27.32,61.89,24.34,3.11,0.48
2008-09-07,0.0,27.05,66.38,23.95,3.41,0.48
2008-09-08,0.0,27.56,64.21,23.68,2.79,0.48
2008-09-09,0.2,27.61,65.94,23.26,2.6,0.48
2008-09-10,0.0,27.69,62.88,24.45,3.83,0.48
2008-09-11,0.0,27.04,64.27,24.7,2.86,0.48
2008-09-12,0.0,27.45,57.09,25.67,1.68,0.48
2008-09-13,0.0,27.58,58.49,25.56,1.9,0.48
2008-09-14,0.0,27.66,57.72,25.56,2.98,0.48
2008-09-15,0.01,28.12,59.73,22.1,1.86,0.48
2008-09-16,0.0,28.51,55.58,25.38,2.75,0.48
2008-09-17,0.04,28.12,58.16,25.59,2.85,0.48
2008-09-18,0.1,27.87,62.22,22.38,3.06,0.48
2008-09-19,0.1,28.57,59.27,25.11,2.76,0.48
2008-09-20,0.0,28.69,59.25,25.1,2.31,0.48
2008-09-21,0.0,28.22,62.14,24.53,2.25,0.48
2008-09-22,0.0,28.09,60.61,25.36,1.83,0.48
2008-09-23,0.0,28.2,61.17,26.31,3.15,0.48
2008-09-24,0.0,28.53,60.85,25.23,3.1,0.48
2008-09-25,0.0,28.2,63.18,24.26,3.75,0.48
2008-09-26,0.0,27.86,61.67,25.62,4.1,0.48
2008-09-27,0.0,27.54,59.37,25.97,4.24,0.48
2008-09-28,0.31,27.7,60.93,25.85,3.37,0.48
2008-09-29,0.0,27.79,59.71,26.52,2.0,0.48
2008-09-30,0.0,28.35,58.73,25.17,1.93,0.48
2008-10-01,0.0,28.71,58.16,26.1,1.96,0.48
2008-10-02,0.0,29.08,56.84,25.92,1.81,0.48
2008-10-03,0.02,29.02,61.97,25.14,2.57,0.48
2008-10-04,0.01,29.05,60.82,25.92,2.99,0.48
2008-10-05,0.02,28.86,62.4,24.14,3.52,0.48
2008-10-06,0.03,28.83,64.38,26.18,3.3,0.48
2008-10-07,2.28,28.34,67.83,22.53,2.39,0.48
2008-10-08,1.27,28.41,69.08,25.09,4.34,0.48
2008-10-09,0.1,29.24,60.21,26.37,2.98,0.48
2008-10-10,0.0,29.05,61.67,26.42,3.73,0.48
2008-10-11,0.0,28.95,63.99,25.95,3.72,0.48
2008-10-12,0.06,29.19,62.84,26.67,3.81,0.48
2008-10-13,0.0,28.68,65.4,26.19,3.82,0.48
2008-10-14,0.0,29.58,59.08,26.67,2.52,0.48
2008-10-15,0.1,29.47,60.14,26.26,2.66,0.48
2008-10-16,0.02,29.58,62.63,26.76,2.94,0.48
2008-10-17,0.07,29.56,61.09,26.57,3.14,0.48
2008-10-18,0.0,29.25,60.19,26.26,3.66,0.48
2008-10-19,0.05,29.34,62.2,26.43,3.95,0.48
2008-10-20,0.24,29.18,64.62,26.47,4.61,0.48
2008-10-21,0.05,29.63,63.57,26.91,3.87,0.48
2008-10-22,0.28,29.66,64.88,26.61,4.48,0.48
2008-10-23,0.0,29.22,63.53,26.83,4.14,0.48
2008-10-24,0.0,29.08,63.34,26.65,3.95,0.48
2008-10-25,0.12,29.53,60.33,25.03,2.6,0.48
2008-10-26,0.13,29.93,54.83,26.18,2.32,0.48
2008-10-27,0.71,29.93,56.32,23.61,1.83,0.48
2008-10-28,0.15,29.66,56.91,21.18,2.61,0.48
2008-10-29,0.0,28.78,55.1,23.37,3.73,0.48
2008-10-30,0.18,28.41,61.37,19.07,2.07,0.48
2008-10-31,2.21,29.17,60.47,20.42,1.91,0.48
2008-11-01,3.29,29.29,64.0,26.1,1.43,0.49
2008-11-02,0.0,29.54,60.06,27.33,3.79,0.49
2008-11-03,0.02,29.29,59.45,27.0,2.56,0.48
2008-11-04,0.0,29.69,57.93,27.77,2.83,0.48
2008-11-05,0.0,29.77,55.56,27.53,1.32,0.48
2008-11-06,0.01,29.93,56.67,27.38,1.43,0.48
2008-11-07,0.15,29.9,60.86,26.6,1.66,0.48
2008-11-08,0.5,28.72,69.05,24.31,2.21,0.48
2008-11-09,0.37,29.76,64.18,23.83,2.0,0.48
2008-11-10,0.62,30.08,60.37,24.88,3.03,0.48
2008-11-11,0.54,30.23,59.21,25.85,2.7,0.48
2008-11-12,0.2,29.88,62.07,25.19,1.56,0.48
2008-11-13,2.79,29.74,63.12,24.61,1.37,0.48
2008-11-14,0.91,29.57,63.59,25.96,2.1,0.49
2008-11-15,0.81,29.91,62.42,25.71,1.7,0.49
2008-11-16,2.33,29.5,65.76,24.83,1.77,0.49
2008-11-17,1.73,28.43,72.51,22.5,1.08,0.49
2008-11-18,1.1,28.03,75.48,23.87,1.2,0.49
2008-11-19,3.99,28.95,71.41,25.67,1.57,0.49
2008-11-20,0.85,29.64,65.69,26.66,2.11,0.49
2008-11-21,0.19,29.91,64.79,25.59,1.96,0.49
2008-11-22,25.26,28.5,76.68,18.38,1.69,0.52
2008-11-23,13.96,27.38,82.29,20.96,2.24,0.56
2008-11-24,4.48,27.21,81.91,21.91,2.47,0.56
2008-11-25,8.19,27.61,79.52,20.9,2.42,0.57
2008-11-26,18.19,26.7,84.29,14.54,1.92,0.59
2008-11-27,25.38,26.23,87.38,15.67,2.02,0.63
2008-11-28,8.64,27.12,78.3,11.34,1.07,0.65
2008-11-29,12.98,26.73,84.31,19.14,1.13,0.66
2008-11-30,8.25,26.02,85.72,15.25,1.32,0.67
2008-12-01,35.58,26.58,85.08,20.62,2.75,0.69
2008-12-02,26.3,26.1,86.34,14.29,2.0,0.76
2008-12-03,16.43,26.1,86.21,18.13,1.57,0.77
2008-12-04,12.59,26.84,82.37,20.01,1.19,0.78
2008-12-05,13.13,27.4,83.88,23.74,1.23,0.8
2008-12-06,29.16,27.58,83.01,23.05,0.89,0.82
2008-12-07,21.43,27.39,80.64,22.92,0.78,0.85
2008-12-08,19.37,26.53,85.48,12.1,0.98,0.87
2008-12-09,1.58,26.77,86.55,24.65,3.04,0.87
2008-12-10,3.05,26.49,87.37,20.34,2.34,0.87
2008-12-11,2.93,26.71,86.72,22.52,2.76,0.86
2008-12-12,28.89,26.62,84.11,10.73,1.87,0.88
2008-12-13,6.3,26.2,87.71,18.03,2.4,0.89
2008-12-14,10.13,26.45,88.15,13.83,2.43,0.89
2008-12-15,20.04,26.42,82.5,17.57,2.34,0.9
2008-12-16,20.86,26.09,88.52,9.92,2.86,0.92
2008-12-17,12.65,26.15,89.37,14.26,3.65,0.92
2008-12-18,8.33,26.05,88.82,16.38,3.65,0.92
2008-12-19,2.0,26.34,86.3,18.79,2.81,0.92
2008-12-20,2.43,26.72,85.32,19.81,3.39,0.92
2008-12-21,0.28,26.81,83.52,22.19,3.75,0.91
2008-12-22,19.98,26.63,86.0,21.06,3.52,0.91
2008-12-23,10.23,26.42,87.6,20.19,2.51,0.92
2008-12-24,3.17,26.39,87.38,25.52,2.33,0.92
2008-12-25,3.63,26.56,84.72,20.97,1.72,0.91
2008-12-26,2.34,26.62,82.98,20.23,1.5,0.91
2008-12-27,6.64,26.08,85.01,21.13,1.7,0.91
2008-12-28,12.92,26.12,85.58,19.52,2.01,0.92
2008-12-29,14.13,26.7,83.74,20.01,1.92,0.92
2008-12-30,17.0,25.91,89.26,19.34,3.05,0.93
2008-12-31,50.64,25.54,89.98,7.54,2.82,0.95
2009-01-01,49.96,25.84,90.06,9.96,3.81,0.98
2009-01-02,25.77,26.28,87.54,15.2,3.63,0.98
2009-01-03,10.94,26.21,88.08,20.35,3.13,0.98
2009-01-04,11.31,26.47,88.11,18.63,2.31,0.98
2009-01-05,9.04,25.89,90.07,15.17,2.57,0.98
2009-01-06,3.61,26.52,88.79,22.47,2.15,0.97
2009-01-07,2.07,26.5,88.04,23.36,2.0,0.97
2009-01-08,1.96,26.66,87.32,23.19,3.06,0.97
2009-01-09,5.59,26.8,86.51,20.22,3.7,0.96
2009-01-10,27.41,26.44,88.58,19.06,3.68,0.97
2009-01-11,11.46,25.72,85.72,17.93,2.69,0.97
2009-01-12,2.87,25.84,84.48,21.68,2.3,0.97
2009-01-13,9.02,26.23,86.18,20.93,2.27,0.96
2009-01-14,18.69,25.98,88.85,18.3,3.77,0.97
2009-01-15,25.89,25.77,90.14,17.4,3.6,0.98
2009-01-16,16.8,25.51,91.02,21.83,3.45,0.98
2009-01-17,10.64,25.61,90.38,18.46,4.03,0.98
2009-01-18,17.33,26.07,87.87,20.83,3.66,0.98
2009-01-19,1.94,26.16,87.8,22.67,3.7,0.98
2009-01-20,1.41,26.07,87.85,22.69,2.37,0.97
2009-01-21,1.59,26.1,86.3,23.75,1.85,0.97
2009-01-22,0.82,26.21,87.53,18.36,1.94,0.96
2009-01-23,0.6,26.33,87.1,19.19,1.99,0.96
2009-01-24,0.44,26.31,86.09,19.19,1.84,0.95
2009-01-25,0.63,26.27,85.74,19.11,1.81,0.94
2009-01-26,4.74,26.53,82.72,20.08,1.24,0.94
2009-01-27,4.84,26.54,85.43,21.26,2.51,0.94
2009-01-28,12.49,26.17,89.03,8.71,2.88,0.94
2009-01-29,33.0,26.41,90.28,8.58,3.45,0.96
2009-01-30,28.54,26.08,90.67,8.92,3.85,0.98
2009-01-31,5.83,26.37,86.46,23.8,3.7,0.97
2009-02-01,12.71,26.45,86.09,19.81,3.58,0.97
2009-02-02,11.07,26.42,86.06,22.96,4.11,0.97
2009-02-03,21.64,26.27,86.88,20.93,4.65,0.97
2009-02-04,13.05,26.41,89.23,19.48,4.45,0.98
2009-02-05,4.35,26.46,86.35,23.32,4.54,0.97
2009-02-06,5.61,26.33,87.94,19.58,5.53,0.97
2009-02-07,4.9,26.39,87.97,16.84,4.17,0.97
2009-02-08,13.96,25.69,90.63,17.32,3.6,0.97
2009-02-09,54.8,25.7,91.71,7.48,3.82,0.98
2009-02-10,45.95,26.04,89.79,3.93,5.15,1.0
2009-02-11,20.45,25.6,89.9,14.57,4.4,1.0
2009-02-12,5.27,26.09,89.64,19.72,3.93,0.99
2009-02-13,4.3,26.28,89.12,22.43,3.93,0.99
2009-02-14,9.14,25.8,89.71,15.64,2.75,0.98
2009-02-15,6.29,25.72,89.03,17.18,1.95,0.98
2009-02-16,4.87,25.2,89.44,18.53,1.95,0.98
2009-02-17,8.75,25.1,89.46,7.58,2.3,0.98
2009-02-18,22.74,25.14,91.15,6.64,3.08,0.99
2009-02-19,22.43,25.14,90.28,13.18,3.38,0.99
2009-02-20,8.25,25.9,83.81,20.09,2.13,0.99
2009-02-21,0.36,26.25,85.54,24.46,2.11,0.98
2009-02-22,1.21,26.7,83.3,23.26,1.92,0.97
2009-02-23,3.85,26.6,84.51,24.01,1.63,0.96
2009-02-24,6.6,27.23,82.84,22.52,1.28,0.96
2009-02-25,5.43,25.77,90.33,14.57,2.61,0.96
2009-02-26,6.78,25.65,90.35,12.03,3.14,0.96
2009-02-27,4.1,25.97,89.19,17.44,3.09,0.96
2009-02-28,2.91,25.8,89.37,15.68,2.84,0.95
2009-03-01,6.3,26.1,87.61,16.63,1.58,0.95
2009-03-02,7.84,25.48,90.58,15.15,2.72,0.95
2009-03-03,7.64,26.3,87.33,21.5,2.03,0.96
2009-03-04,2.19,26.22,87.66,19.6,2.53,0.95
2009-03-05,2.55,26.24,87.4,18.26,1.19,0.95
2009-03-06,1.68,26.66,82.91,18.78,0.93,0.95
2009-03-07,6.02,26.76,83.21,24.91,1.08,0.94
2009-03-08,2.13,27.28,78.1,25.93,1.36,0.94
2009-03-09,1.9,27.01,80.1,25.04,1.47,0.93
2009-03-10,2.7,26.91,79.45,25.65,1.32,0.92
2009-03-11,0.54,26.61,78.75,26.03,1.94,0.91
2009-03-12,0.5,26.46,77.04,27.27,1.84,0.9
2009-03-13,0.07,26.63,76.7,25.54,1.92,0.89
2009-03-14,3.88,27.01,78.34,24.1,1.75,0.88
2009-03-15,15.87,26.37,84.27,7.25,2.37,0.89
2009-03-16,8.56,26.35,81.43,13.62,1.09,0.9
2009-03-17,4.49,26.58,82.75,21.96,1.39,0.9
2009-03-18,6.72,26.62,83.09,24.61,1.07,0.89
2009-03-19,1.36,26.45,80.8,25.74,1.96,0.89
2009-03-20,0.17,25.96,77.43,26.56,2.31,0.88
2009-03-21,0.17,25.68,80.42,26.37,2.64,0.87
2009-03-22,0.94,25.8,77.25,24.13,1.8,0.86
2009-03-23,0.79,26.34,77.9,26.55,1.45,0.85
2009-03-24,5.44,26.69,73.62,25.79,1.14,0.84
2009-03-25,4.12,26.79,77.67,24.96,1.99,0.84
2009-03-26,1.68,26.53,80.22,20.57,2.4,0.83
2009-03-27,0.04,26.16,79.81,23.02,2.01,0.82
2009-03-28,0.21,26.19,78.4,20.01,3.01,0.81
2009-03-29,1.48,25.96,82.24,19.15,3.07,0.8
2009-03-30,8.12,26.33,83.23,23.11,3.41,0.8
2009-03-31,3.26,26.64,82.44,22.44,3.62,0.8
2009-04-01,0.61,26.75,80.82,24.12,4.14,0.79
2009-04-02,0.06,26.45,79.77,25.53,3.46,0.78
2009-04-03,0.0,26.05,80.81,25.48,3.69,0.77
2009-04-04,0.0,26.41,80.11,24.42,3.16,0.76
2009-04-05,0.0,26.3,77.28,25.17,2.88,0.75
2009-04-06,0.01,26.33,75.43,25.01,2.5,0.74
2009-04-07,0.01,26.45,77.06,22.07,2.47,0.73
2009-04-08,0.02,27.02,79.82,23.61,2.85,0.72
2009-04-09,0.05,27.27,78.87,24.12,2.77,0.71
2009-04-10,0.05,27.49,78.82,24.46,2.71,0.7
2009-04-11,0.64,27.61,81.39,23.31,2.6,0.69
2009-04-12,0.44,27.52,81.54,23.85,3.13,0.68
2009-04-13,0.27,27.47,80.41,23.38,2.77,0.68
2009-04-14,0.27,27.48,80.97,22.98,3.21,0.67
2009-04-15,0.42,28.24,77.69,20.07,2.58,0.66
2009-04-16,0.56,27.96,77.36,20.37,1.73,0.65
2009-04-17,0.93,27.93,78.82,22.59,2.65,0.65
2009-04-18,2.6,27.92,81.01,18.9,2.58,0.64
2009-04-19,6.6,27.65,80.94,17.5,2.78,0.65
2009-04-20,4.81,27.21,80.64,21.97,2.32,0.65
2009-04-21,0.85,27.53,76.76,21.9,2.98,0.65
2009-04-22,0.04,27.11,72.99,23.56,2.13,0.64
2009-04-23,0.0,27.07,73.34,22.13,2.68,0.64
2009-04-24,0.09,26.98,76.85,19.76,2.53,0.63
2009-04-25,0.1,27.57,74.66,22.43,2.19,0.62
2009-04-26,0.05,27.57,70.91,22.34,1.6,0.61
2009-04-27,0.01,27.53,70.01,22.85,2.23,0.61
2009-04-28,0.01,27.59,72.43,22.43,3.19,0.6
2009-04-29,0.0,27.12,68.52,22.9,3.78,0.6
2009-04-30,0.0,26.71,66.4,22.91,3.83,0.59
2009-05-01,0.0,26.97,64.83,20.75,3.29,0.58
2009-05-02,0.16,27.15,69.98,20.25,3.96,0.58
2009-05-03,3.19,27.21,75.83,16.98,4.66,0.58
2009-05-04,2.96,27.01,79.56,14.95,4.51,0.58
2009-05-05,9.42,27.23,82.17,10.89,3.98,0.58
2009-05-06,8.88,26.0,84.98,14.51,3.94,0.6
2009-05-07,5.36,26.54,81.98,15.7,4.54,0.61
2009-05-08,0.58,26.82,72.84,19.59,3.98,0.61
2009-05-09,0.66,26.6,77.64,17.37,4.52,0.6
2009-05-10,0.43,26.91,77.04,19.38,4.05,0.6
2009-05-11,0.72,26.65,77.32,17.63,4.55,0.6
2009-05-12,0.06,26.88,69.79,20.49,4.57,0.59
2009-05-13,0.0,26.29,68.65,18.6,4.62,0.59
2009-05-14,0.0,26.28,69.41,20.97,4.07,0.58
2009-05-15,0.02,27.06,71.45,18.45,3.25,0.58
2009-05-16,0.23,27.34,74.21,18.55,3.28,0.57
2009-05-17,1.23,27.45,75.64,19.85,2.93,0.57
2009-05-18,1.82,27.46,75.24,19.63,1.82,0.56
2009-05-19,1.91,27.36,75.95,20.04,2.63,0.56
2009-05-20,0.64,27.09,73.85,18.75,3.7,0.56
2009-05-21,0.09,26.89,71.84,17.46,2.64,0.56
2009-05-22,2.24,26.8,73.52,18.73,2.05,0.56
2009-05-23,0.57,27.0,70.46,19.75,2.46,0.55
2009-05-24,1.23,26.47,77.02,17.58,2.49,0.55
2009-05-25,0.05,27.15,69.41,20.48,3.64,0.55
2009-05-26,0.0,27.09,69.99,19.86,2.8,0.54
2009-05-27,0.0,27.09,68.74,19.86,2.8,0.54
2009-05-28,0.01,27.12,68.09,18.86,1.7,0.54
2009-05-29,0.0,27.26,70.08,18.94,1.85,0.53
2009-05-30,0.01,27.35,69.5,19.87,1.45,0.53
2009-05-31,0.0,27.74,69.25,19.79,3.19,0.53
2009-06-01,0.0,27.68,68.51,19.24,3.38,0.52
2009-06-02,0.0,27.33,68.02,17.93,3.76,0.52
2009-06-03,0.0,26.82,69.53,18.01,3.83,0.52
2009-06-04,0.0,27.21,64.82,20.08,3.77,0.52
2009-06-05,0.0,26.75,66.14,19.59,3.41,0.51
2009-06-06,0.0,26.1,68.43,19.84,3.5,0.51
2009-06-07,0.0,26.44,67.37,19.2,2.76,0.51
2009-06-08,0.0,26.93,68.33,18.38,2.47,0.51
2009-06-09,0.0,27.13,67.85,18.86,3.41,0.5
2009-06-10,0.04,26.7,69.69,17.82,3.79,0.5
2009-06-11,0.0,26.15,61.4,18.51,4.26,0.5
2009-06-12,0.03,25.0,61.61,19.14,4.08,0.5
2009-06-13,0.0,24.71,60.11,20.09,4.4,0.5
2009-06-14,0.0,24.83,64.02,20.16,3.72,0.5
2009-06-15,0.0,25.46,63.84,19.62,3.13,0.49
2009-06-16,0.0,26.24,64.55,18.59,2.72,0.49
2009-06-17,0.0,26.62,66.99,14.74,3.8,0.49
2009-06-18,0.0,26.72,65.53,18.81,5.0,0.49
2009-06-19,0.0,25.8,63.39,20.08,4.87,0.49
2009-06-20,0.0,25.01,62.42,20.13,4.64,0.49
2009-06-21,0.0,24.82,61.05,19.81,4.1,0.49
2009-06-22,0.0,24.93,63.25,19.97,3.4,0.49
2009-06-23,0.0,25.34,61.01,18.64,1.98,0.49
2009-06-24,0.0,25.97,65.32,20.02,1.96,0.48
2009-06-25,0.0,27.22,65.77,19.0,1.13,0.48
2009-06-26,0.0,27.16,69.25,19.15,3.39,0.48
2009-06-27,0.0,26.58,70.16,19.98,3.4,0.48
2009-06-28,0.0,26.11,69.14,19.8,3.74,0.48
2009-06-29,0.0,26.07,64.5,19.86,2.14,0.48
2009-06-30,0.0,26.76,66.66,19.62,3.11,0.48
2009-07-01,0.0,26.6,68.51,19.14,3.75,0.48
2009-07-02,0.0,26.79,66.43,19.99,3.53,0.48
2009-07-03,0.0,26.42,67.63,19.7,3.53,0.48
2009-07-04,0.0,26.2,69.46,18.12,4.46,0.48
2009-07-05,0.01,26.29,66.32,19.8,4.24,0.48
2009-07-06,0.0,25.29,62.68,20.68,4.36,0.48
2009-07-07,0.0,24.68,63.62,20.5,4.81,0.48
2009-07-08,0.0,25.32,60.86,19.72,4.94,0.48
2009-07-09,0.0,25.11,61.25,20.04,4.34,0.48
2009-07-10,0.0,25.13,58.66,19.85,3.91,0.48
2009-07-11,0.0,25.11,60.8,18.12,3.36,0.48
2009-07-12,0.0,25.17,63.08,18.75,4.13,0.48
2009-07-13,0.02,25.55,67.41,19.71,3.93,0.48
2009-07-14,0.0,26.01,56.79,20.69,4.74,0.48
2009-07-15,0.0,25.52,61.47,20.9,4.42,0.48
2009-07-16,0.35,26.09,63.76,16.64,3.9,0.48
2009-07-17,0.26,25.77,63.9,16.98,4.41,0.48
2009-07-18,0.64,25.88,66.97,16.44,3.63,0.48
2009-07-19,1.11,26.82,68.92,18.04,2.24,0.48
2009-07-20,2.46,26.75,74.41,14.95,1.62,0.48
2009-07-21,0.67,27.13,72.5,17.73,3.49,0.49
2009-07-22,0.0,26.95,69.32,19.16,3.37,0.48
2009-07-23,0.0,27.13,64.51,20.7,3.56,0.48
2009-07-24,0.0,26.39,65.07,20.37,3.65,0.48
2009-07-25,0.0,25.9,68.53,20.32,3.76,0.48
2009-07-26,0.0,25.79,71.04,20.57,4.47,0.48
2009-07-27,0.0,25.6,70.58,21.07,3.77,0.48
2009-07-28,0.0,25.49,67.38,18.99,3.89,0.48
2009-07-29,0.01,25.27,61.94,19.72,5.28,0.48
2009-07-30,0.0,25.36,56.47,20.23,4.79,0.48
2009-07-31,0.0,25.28,57.37,20.14,4.47,0.48
2009-08-01,0.0,25.72,61.59,20.42,4.69,0.48
2009-08-02,0.18,25.64,61.63,19.94,4.84,0.48
2009-08-03,0.18,25.97,66.03,18.58,4.87,0.48
2009-08-04,0.0,26.23,65.49,21.42,4.32,0.48
2009-08-05,0.0,26.53,64.48,21.64,4.02,0.48
2009-08-06,0.0,26.13,61.4,22.2,3.44,0.48
2009-08-07,0.0,25.78,58.01,22.98,4.19,0.48
2009-08-08,0.0,25.61,62.5,21.92,2.24,0.48
2009-08-09,0.0,26.67,63.91,22.47,2.51,0.48
2009-08-10,0.0,27.15,62.26,22.36,2.68,0.48
2009-08-11,0.0,27.01,61.19,22.43,2.42,0.48
2009-08-12,0.0,26.63,65.13,22.34,2.59,0.48
2009-08-13,0.0,26.56,61.4,22.74,2.53,0.48
2009-08-14,0.0,26.98,62.77,21.48,2.34,0.48
2009-08-15,0.0,27.01,67.25,16.04,2.21,0.48
2009-08-16,0.0,27.15,66.26,21.88,3.77,0.48
2009-08-17,0.0,26.45,63.1,22.83,4.04,0.48
2009-08-18,0.0,25.91,64.81,23.25,4.48,0.48
2009-08-19,0.0,25.65,64.72,22.83,4.65,0.48
2009-08-20,0.0,25.99,63.74,21.47,3.73,0.48
2009-08-21,0.0,26.28,63.44,23.71,3.27,0.48
2009-08-22,0.0,26.03,63.55,23.31,3.63,0.48
2009-08-23,0.0,25.71,61.23,23.4,3.23,0.48
2009-08-24,0.0,25.78,62.84,23.86,3.45,0.48
2009-08-25,0.0,26.17,61.51,23.95,2.47,0.48
2009-08-26,0.0,26.83,61.26,23.82,1.39,0.48
2009-08-27,0.0,27.32,64.22,22.04,1.33,0.48
2009-08-28,0.0,27.16,65.31,23.26,2.83,0.48
2009-08-29,0.11,26.92,68.4,22.7,4.34,0.48
2009-08-30,0.09,27.21,67.03,22.82,3.04,0.48
2009-08-31,0.25,27.08,71.24,22.21,3.55,0.48
2009-09-01,0.07,28.12,65.55,22.01,2.42,0.48
2009-09-02,0.06,27.74,62.03,24.17,3.9,0.48
2009-09-03,0.0,26.98,63.83,24.55,4.01,0.48
2009-09-04,0.0,27.55,60.26,24.99,3.48,0.48
2009-09-05,0.0,27.39,63.93,23.57,2.95,0.48
2009-09-06,0.0,27.81,65.37,23.09,3.55,0.48
2009-09-07,0.0,28.18,62.29,23.59,3.68,0.48
2009-09-08,0.0,28.29,61.57,24.83,2.15,0.48
2009-09-09,0.72,28.51,59.48,24.5,2.35,0.48
2009-09-10,0.99,28.37,56.95,25.7,2.47,0.48
2009-09-11,0.42,28.14,60.71,25.1,3.03,0.48
2009-09-12,0.01,28.41,59.87,24.6,3.21,0.48
2009-09-13,0.0,28.22,59.94,25.15,3.47,0.48
2009-09-14,0.0,28.1,63.14,24.49,2.05,0.48
2009-09-15,0.0,28.65,60.69,24.6,1.68,0.48
2009-09-16,0.0,28.43,63.06,24.43,3.56,0.48
2009-09-17,0.0,28.1,63.42,24.37,2.5,0.48
2009-09-18,1.04,27.51,66.8,21.46,3.81,0.48
2009-09-19,0.49,27.86,61.42,25.25,2.82,0.48
2009-09-20,0.04,27.79,62.05,24.48,2.08,0.48
2009-09-21,0.1,27.68,65.82,24.56,3.34,0.48
2009-09-22,0.03,27.31,68.45,24.76,3.48,0.48
2009-09-23,0.0,27.92,65.69,25.01,2.53,0.48
2009-09-24,0.29,28.27,63.79,25.57,3.06,0.48
2009-09-25,0.36,28.47,63.13,24.7,3.3,0.48
2009-09-26,0.01,28.72,61.45,25.47,2.67,0.48
2009-09-27,0.27,28.52,61.97,24.98,3.21,0.48
2009-09-28,0.0,28.77,61.18,24.25,3.15,0.48
2009-09-29,0.05,28.46,60.05,25.63,1.7,0.48
2009-09-30,0.18,28.49,63.56,24.58,2.2,0.48
2009-10-01,0.29,28.4,64.95,23.71,3.85,0.48
2009-10-02,0.01,28.38,65.64,22.46,4.41,0.48
2009-10-03,0.0,28.97,60.09,26.15,3.55,0.48
2009-10-04,0.0,29.32,59.38,25.21,2.5,0.48
2009-10-05,0.0,29.66,61.07,25.13,2.7,0.48
2009-10-06,0.0,29.32,60.64,25.35,3.36,0.48
2009-10-07,0.0,28.58,63.82,24.72,4.29,0.48
2009-10-08,0.03,28.28,59.97,24.07,2.99,0.48
2009-10-09,0.04,28.37,59.18,24.66,3.78,0.48
2009-10-10,0.0,28.26,60.46,26.49,3.41,0.48
2009-10-11,0.0,28.58,56.1,26.43,3.16,0.48
2009-10-12,0.0,28.6,56.45,25.39,2.38,0.48
2009-10-13,0.0,28.42,56.87,26.79,2.46,0.48
2009-10-14,0.0,28.7,57.93,26.92,1.98,0.48
2009-10-15,0.0,28.74,63.89,26.54,1.96,0.48
2009-10-16,0.02,29.61,56.39,26.03,1.97,0.48
2009-10-17,0.0,29.67,57.48,25.91,3.64,0.48
2009-10-18,0.0,29.28,58.94,26.71,3.94,0.48
2009-10-19,0.0,29.03,57.8,26.22,3.24,0.48
2009-10-20,0.0,28.7,56.4,26.05,2.17,0.48
2009-10-21,0.05,29.3,61.78,25.57,3.23,0.48
2009-10-22,0.03,29.29,60.91,24.39,3.05,0.48
2009-10-23,0.0,28.7,61.1,24.71,3.0,0.48
2009-10-24,0.0,28.78,59.17,26.97,3.27,0.48
2009-10-25,0.0,28.8,55.95,27.39,1.75,0.48
2009-10-26,0.01,28.95,55.08,27.43,1.89,0.48
2009-10-27,0.0,29.03,58.01,27.26,1.83,0.48
2009-10-28,0.02,29.42,57.26,27.32,1.92,0.48
2009-10-29,0.0,29.45,54.58,26.93,1.61,0.48
2009-10-30,0.0,29.59,56.86,26.61,1.98,0.48
2009-10-31,0.02,29.62,57.56,26.54,2.94,0.48
2009-11-01,0.14,29.11,57.88,26.75,2.54,0.48
2009-11-02,0.0,29.36,58.3,26.59,1.73,0.48
2009-11-03,0.0,29.72,57.54,27.02,1.85,0.48
2009-11-04,0.0,29.98,55.98,27.11,2.87,0.48
2009-11-05,0.0,29.92,55.73,26.66,2.4,0.48
2009-11-06,0.0,29.79,55.81,27.35,3.47,0.48
2009-11-07,0.0,29.9,55.95,27.0,3.02,0.48
2009-11-08,0.0,29.74,61.52,24.82,4.53,0.48
2009-11-09,0.01,30.02,59.41,24.15,2.98,0.48
2009-11-10,0.75,30.29,58.05,26.3,2.09,0.48
2009-11-11,0.12,30.23,60.98,26.38,3.35,0.48
2009-11-12,0.01,30.66,58.01,26.76,3.78,0.48
2009-11-13,0.0,30.43,57.82,27.08,3.24,0.48
2009-11-14,0.13,30.14,57.59,25.59,2.3,0.48
2009-11-15,0.19,29.93,59.8,26.97,1.51,0.48
2009-11-16,0.01,29.96,57.98,27.46,2.25,0.48
2009-11-17,0.15,30.26,55.84,27.3,2.13,0.48
2009-11-18,1.19,29.87,62.71,24.28,2.03,0.48
2009-11-19,1.71,29.53,66.62,22.83,2.66,0.48
2009-11-20,2.41,29.34,66.21,17.5,2.52,0.49
2009-11-21,1.99,29.13,67.34,24.03,3.06,0.49
2009-11-22,1.24,29.34,65.89,26.13,2.93,0.49
2009-11-23,0.54,29.73,63.17,23.83,1.73,0.49
2009-11-24,10.01,28.82,71.39,24.92,2.21,0.5
2009-11-25,11.09,28.31,72.97,24.01,2.2,0.51
2009-11-26,10.31,27.35,80.01,21.26,2.39,0.53
2009-11-27,1.85,28.28,73.82,20.57,2.45,0.53
2009-11-28,6.18,28.73,72.25,24.16,2.36,0.53
2009-11-29,1.94,29.25,69.92,26.64,1.78,0.54
2009-11-30,0.78,28.81,72.05,26.75,2.5,0.53
2009-12-01,0.61,29.1,70.23,26.02,1.9,0.53
2009-12-02,2.26,28.54,69.03,24.0,1.89,0.53
2009-12-03,20.56,28.88,69.23,24.49,0.71,0.54
2009-12-04,9.11,28.41,72.73,26.0,2.15,0.57
2009-12-05,0.19,28.97,66.88,27.34,1.53,0.56
2009-12-06,1.03,29.06,68.43,26.24,2.14,0.56
2009-12-07,0.36,29.51,64.74,22.77,1.12,0.55
2009-12-08,0.82,29.16,70.31,25.51,1.81,0.55
2009-12-09,0.94,28.38,76.43,25.39,2.71,0.54
2009-12-10,0.84,28.52,74.42,25.16,2.75,0.54
2009-12-11,4.2,28.3,75.26,23.19,2.37,0.54
2009-12-12,15.93,28.69,72.41,22.83,1.78,0.56
2009-12-13,29.56,27.87,79.32,16.86,2.23,0.61
2009-12-14,13.94,27.33,83.45,12.51,3.04,0.63
2009-12-15,60.3,26.69,86.64,14.3,2.96,0.68
2009-12-16,53.41,26.27,88.35,4.72,4.37,0.78
2009-12-17,11.09,26.72,84.32,21.28,4.04,0.79
2009-12-18,14.48,26.92,84.51,16.63,3.84,0.8
2009-12-19,11.11,26.74,85.63,21.77,2.77,0.81
2009-12-20,3.93,26.66,86.3,22.13,2.91,0.81
2009-12-21,13.79,26.62,85.24,20.08,3.22,0.81
2009-12-22,10.84,26.12,86.73,21.27,2.56,0.83
2009-12-23,1.78,26.69,83.91,16.73,1.74,0.83
2009-12-24,0.02,26.88,82.47,26.6,2.24,0.82
2009-12-25,0.4,27.36,79.86,26.11,2.59,0.81
2009-12-26,4.63,26.63,88.03,21.43,2.65,0.81
2009-12-27,16.01,26.75,87.57,17.09,1.85,0.82
2009-12-28,16.23,26.13,87.77,18.61,1.95,0.84
2009-12-29,4.49,27.12,81.81,22.26,1.17,0.85
2009-12-30,4.02,26.65,86.99,23.24,1.85,0.84
2009-12-31,3.04,26.89,87.09,24.27,2.37,0.84
2010-01-01,2.59,27.52,84.72,25.72,1.96,0.84
2010-01-02,13.93,27.17,84.91,23.43,2.0,0.84
2010-01-03,11.91,27.11,84.3,19.21,2.91,0.86
2010-01-04,33.87,26.88,86.94,7.78,4.05,0.87
2010-01-05,22.31,26.89,87.14,16.8,3.63,0.91
2010-01-06,21.11,26.57,88.98,13.56,3.56,0.92
2010-01-07,6.07,26.29,87.63,20.74,3.57,0.92
2010-01-08,3.17,26.51,85.55,18.8,3.69,0.91
2010-01-09,1.6,26.74,84.95,23.16,3.25,0.91
2010-01-10,3.52,26.82,84.94,21.1,3.18,0.9
2010-01-11,0.89,26.73,84.25,21.92,3.85,0.9
2010-01-12,4.25,26.65,82.19,22.61,4.21,0.89
2010-01-13,11.98,26.76,83.8,22.91,4.14,0.89
2010-01-14,9.78,26.35,85.6,17.52,3.41,0.89
2010-01-15,35.33,26.37,87.17,16.54,3.33,0.91
2010-01-16,68.22,25.7,88.25,4.23,2.87,0.95
2010-01-17,49.18,25.39,90.0,6.46,3.38,0.97
2010-01-18,48.11,25.8,85.96,9.38,4.67,0.98
2010-01-19,18.58,26.14,86.15,11.79,4.73,0.98
2010-01-20,16.64,26.01,89.72,8.77,6.1,0.98
2010-01-21,16.57,25.92,90.21,15.04,4.45,0.98
2010-01-22,8.02,26.09,88.53,22.46,3.82,0.98
2010-01-23,9.24,26.25,88.08,18.81,2.94,0.98
2010-01-24,7.06,26.6,87.2,24.05,3.46,0.98
2010-01-25,1.89,26.53,84.98,25.92,3.12,0.97
2010-01-26,0.65,26.34,83.18,27.82,3.12,0.96
2010-01-27,0.27,26.27,83.81,23.58,3.45,0.95
2010-01-28,0.19,26.45,85.57,23.74,3.56,0.94
2010-01-29,0.81,26.53,86.13,25.5,3.75,0.93
2010-01-30,3.37,26.69,87.88,22.92,3.9,0.93
2010-01-31,6.66,27.0,87.01,23.06,3.8,0.92
2010-02-01,6.87,26.39,89.18,22.28,2.25,0.93
2010-02-02,2.85,26.51,89.0,23.57,3.05,0.93
2010-02-03,1.76,26.47,87.73,23.58,3.0,0.92
2010-02-04,1.37,26.61,87.16,20.76,2.61,0.91
2010-02-05,4.24,26.89,84.02,22.37,1.15,0.91
2010-02-06,13.31,27.04,82.6,23.44,1.49,0.91
2010-02-07,8.44,27.0,83.44,25.81,1.51,0.92
2010-02-08,2.83,26.95,81.44,26.14,1.09,0.91
2010-02-09,4.97,27.27,80.94,26.08,1.39,0.91
2010-02-10,0.39,27.65,76.77,27.29,0.72,0.9
2010-02-11,0.35,27.49,79.88,27.34,1.49,0.89
2010-02-12,0.08,26.93,84.31,25.85,2.38,0.88
2010-02-13,1.51,27.09,84.93,25.65,3.0,0.87
2010-02-14,0.66,27.22,84.47,25.39,2.19,0.87
2010-02-15,0.61,27.3,84.32,25.02,2.34,0.86
2010-02-16,16.18,27.47,80.87,25.23,2.18,0.86
2010-02-17,6.8,27.43,81.15,26.61,1.66,0.87
2010-02-18,1.02,27.82,78.38,25.83,1.28,0.86
2010-02-19,0.68,27.72,81.28,25.97,1.51,0.85
2010-02-20,1.39,27.52,84.28,24.61,2.4,0.85
2010-02-21,6.72,27.37,86.81,21.9,2.76,0.84
2010-02-22,2.78,27.32,87.7,22.99,2.58,0.84
2010-02-23,2.73,27.33,85.31,18.03,2.75,0.84
2010-02-24,21.91,27.15,85.17,23.44,2.69,0.85
2010-02-25,7.73,27.43,83.14,23.77,3.18,0.86
2010-02-26,11.42,27.25,87.16,18.27,3.72,0.86
2010-02-27,13.04,27.46,85.27,12.35,4.23,0.87
2010-02-28,7.75,27.13,87.04,17.34,3.71,0.88
2010-03-01,5.63,27.04,87.96,18.64,3.07,0.88
2010-03-02,27.54,27.14,86.61,15.21,2.5,0.89
2010-03-03,6.92,26.73,86.82,20.12,1.68,0.9
2010-03-04,1.67,27.36,80.39,20.15,0.75,0.9
2010-03-05,10.43,27.45,81.59,23.32,0.92,0.9
2010-03-06,9.84,27.83,77.03,23.76,0.58,0.9
2010-03-07,0.61,27.9,75.67,26.37,1.46,0.9
2010-03-08,0.21,27.84,74.02,27.31,1.11,0.89
2010-03-09,0.22,27.25,73.28,26.89,1.42,0.87
2010-03-10,0.21,27.11,77.73,26.71,2.28,0.86
2010-03-11,0.45,27.16,77.15,25.9,2.36,0.85
2010-03-12,0.25,26.68,75.68,27.26,2.52,0.84
2010-03-13,0.0,26.52,72.45,27.12,2.21,0.83
2010-03-14,0.04,27.1,70.0,27.25,1.47,0.81
2010-03-15,0.57,27.54,74.38,26.18,1.16,0.8
2010-03-16,4.28,27.41,78.05,25.5,1.45,0.79
2010-03-17,4.52,27.49,78.26,25.73,1.45,0.79
2010-03-18,3.26,27.52,79.01,20.25,2.34,0.79
2010-03-19,0.09,27.42,77.21,25.5,3.06,0.78
2010-03-20,3.36,27.6,75.31,22.99,2.4,0.77
2010-03-21,0.01,27.78,74.32,25.77,1.7,0.76
2010-03-22,0.16,27.6,76.44,26.22,2.39,0.75
2010-03-23,0.12,27.7,75.86,25.62,2.47,0.74
2010-03-24,3.98,27.81,75.26,24.35,0.93,0.73
2010-03-25,3.05,28.03,75.55,24.77,0.87,0.73
2010-03-26,9.49,27.65,78.94,20.17,1.97,0.73
2010-03-27,4.76,27.35,83.84,22.18,2.09,0.73
2010-03-28,1.42,28.5,73.35,22.97,0.71,0.73
2010-03-29,3.15,28.67,74.22,23.94,1.01,0.72
2010-03-30,1.42,27.61,81.33,22.9,1.73,0.72
2010-03-31,4.15,27.7,80.06,20.24,2.15,0.72
2010-04-01,21.43,27.41,82.41,19.59,2.23,0.73
2010-04-02,6.04,27.25,80.94,23.41,1.42,0.75
2010-04-03,0.43,28.15,74.41,23.83,0.97,0.74
2010-04-04,0.98,27.87,74.14,25.17,1.35,0.73
2010-04-05,0.16,28.11,74.43,24.55,1.62,0.72
2010-04-06,0.19,28.14,75.01,24.49,1.66,0.71
2010-04-07,0.06,27.93,74.01,23.3,2.0,0.71
2010-04-08,0.1,28.03,75.69,20.94,2.1,0.7
2010-04-09,7.48,27.79,80.33,15.19,2.37,0.69
2010-04-10,11.36,27.3,85.96,13.69,1.69,0.71
2010-04-11,11.03,27.34,85.67,14.21,2.17,0.72
2010-04-12,3.76,27.63,83.51,17.94,2.12,0.72
2010-04-13,4.82,27.83,83.09,18.78,1.21,0.72
2010-04-14,2.84,27.59,83.42,19.1,1.15,0.72
2010-04-15,9.62,27.92,78.17,19.75,1.02,0.72
2010-04-16,7.62,28.02,78.75,20.83,0.83,0.73
2010-04-17,17.45,26.98,84.4,15.2,1.12,0.74
2010-04-18,16.25,27.29,82.11,18.33,0.51,0.77
2010-04-19,15.07,27.1,85.3,16.05,1.12,0.78
2010-04-20,22.23,26.53,87.65,13.01,2.67,0.81
2010-04-21,5.13,27.03,83.72,18.56,1.98,0.82
2010-04-22,1.35,26.41,78.78,18.57,1.93,0.81
2010-04-23,0.62,27.34,78.78,21.45,1.64,0.8
2010-04-24,0.04,27.31,76.58,22.17,2.17,0.79
2010-04-25,0.1,26.64,76.02,20.55,2.76,0.78
2010-04-26,0.0,26.35,76.07,23.11,2.4,0.77
2010-04-27,0.64,27.02,78.98,20.86,2.31,0.76
2010-04-28,2.09,26.75,84.77,20.35,1.7,0.76
2010-04-29,0.28,27.31,80.78,18.68,2.6,0.75
2010-04-30,1.16,27.0,83.91,16.49,3.16,0.74
2010-05-01,1.43,27.24,81.45,20.69,4.75,0.74
2010-05-02,0.16,27.45,79.24,20.61,3.74,0.73
2010-05-03,2.4,27.4,82.17,18.34,4.56,0.72
2010-05-04,1.03,26.78,85.99,19.12,4.72,0.72
2010-05-05,16.74,26.96,85.04,11.01,5.57,0.73
2010-05-06,10.06,26.8,84.6,16.63,5.03,0.75
2010-05-07,1.15,26.87,79.31,19.01,4.94,0.74
2010-05-08,0.11,26.55,78.34,19.15,4.75,0.73
2010-05-09,0.97,26.45,81.28,16.47,4.05,0.73
2010-05-10,0.3,26.71,79.58,21.06,3.4,0.72
2010-05-11,0.56,26.99,80.67,20.2,3.7,0.71
2010-05-12,0.79,27.07,82.47,15.97,3.54,0.7
2010-05-13,1.84,27.05,83.28,14.34,2.03,0.7
2010-05-14,14.21,26.72,86.64,14.43,1.95,0.71
2010-05-15,1.9,26.84,85.46,15.35,1.77,0.72
2010-05-16,2.31,27.08,84.96,19.58,1.28,0.72
2010-05-17,5.77,26.65,87.22,18.6,2.58,0.72
2010-05-18,2.46,27.32,81.64,19.1,1.22,0.72
2010-05-19,16.17,27.37,85.24,18.93,0.76,0.73
2010-05-20,8.17,27.5,84.21,18.02,0.91,0.74
2010-05-21,13.88,27.24,88.61,18.6,1.74,0.75
2010-05-22,4.84,27.29,83.46,19.26,1.38,0.76
2010-05-23,3.08,27.26,83.43,19.73,1.25,0.76
2010-05-24,2.06,26.77,89.02,17.72,2.13,0.75
2010-05-25,1.54,26.94,84.62,17.82,1.52,0.75
2010-05-26,2.97,26.69,87.24,12.71,1.59,0.75
2010-05-27,1.78,26.77,85.09,16.96,1.32,0.75
2010-05-28,1.14,26.54,85.25,16.83,1.61,0.75
2010-05-29,0.14,27.01,79.9,19.29,2.29,0.74
2010-05-30,0.01,27.11,79.4,19.95,2.13,0.73
2010-05-31,0.03,27.06,81.29,14.58,2.0,0.73
2010-06-01,0.67,27.3,80.36,17.01,2.37,0.72
2010-06-02,0.77,27.06,80.88,15.97,2.84,0.71
2010-06-03,0.0,26.61,78.67,18.04,3.7,0.71
2010-06-04,0.0,25.26,76.05,19.73,4.78,0.7
2010-06-05,0.0,24.57,73.49,20.2,3.97,0.69
2010-06-06,0.0,25.26,74.92,18.52,2.95,0.68
2010-06-07,0.01,25.59,76.84,19.0,3.83,0.67
2010-06-08,0.0,26.07,77.48,18.36,3.95,0.67
2010-06-09,0.0,26.2,75.57,18.62,3.98,0.66
2010-06-10,0.15,25.98,76.0,18.48,4.41,0.65
2010-06-11,0.3,26.07,78.67,17.24,4.66,0.65
2010-06-12,1.76,25.92,78.25,15.59,4.77,0.64
2010-06-13,0.43,26.05,76.67,16.55,4.04,0.64
2010-06-14,0.29,26.24,77.29,18.48,4.42,0.63
2010-06-15,0.02,26.54,74.61,18.62,3.85,0.63
2010-06-16,0.12,26.34,77.4,16.09,4.27,0.62
2010-06-17,0.02,25.73,74.32,18.52,4.7,0.62
2010-06-18,0.0,25.59,75.88,19.32,4.54,0.61
2010-06-19,0.01,25.65,74.54,19.98,4.69,0.61
2010-06-20,0.03,25.36,71.12,14.92,5.03,0.6
2010-06-21,0.01,25.53,74.3,15.99,5.36,0.6
2010-06-22,0.01,25.88,73.86,16.8,4.49,0.59
2010-06-23,0.0,25.87,73.84,17.42,5.47,0.59
2010-06-24,0.0,26.18,75.11,18.38,4.92,0.58
2010-06-25,2.7,26.12,79.73,14.97,4.62,0.58
2010-06-26,2.53,26.42,77.77,12.96,4.76,0.58
2010-06-27,0.0,25.95,72.51,18.89,3.86,0.58
2010-06-28,0.01,25.89,69.97,19.01,3.78,0.57
2010-06-29,0.11,26.46,70.37,18.87,3.59,0.57
2010-06-30,5.05,26.17,80.15,13.78,3.71,0.57
2010-07-01,3.58,26.11,81.83,11.1,4.23,0.58
2010-07-02,2.88,26.2,79.89,9.42,5.52,0.58
2010-07-03,0.46,26.57,76.25,16.35,4.96,0.58
2010-07-04,0.2,26.59,75.79,15.4,3.87,0.57
2010-07-05,0.53,26.4,79.39,16.42,1.61,0.57
2010-07-06,2.0,26.73,79.24,17.66,1.68,0.57
2010-07-07,2.55,26.59,80.93,17.3,2.43,0.57
2010-07-08,0.78,26.75,78.93,16.57,1.87,0.57
2010-07-09,0.84,26.96,78.14,17.32,2.4,0.57
2010-07-10,0.16,27.21,74.98,18.75,3.11,0.56
2010-07-11,0.0,26.5,72.12,19.91,3.82,0.56
2010-07-12,0.0,26.03,70.74,20.05,3.72,0.55
2010-07-13,0.03,25.78,74.91,17.36,4.5,0.55
2010-07-14,0.0,25.8,73.36,18.87,4.82,0.55
2010-07-15,0.07,26.1,71.91,17.45,5.07,0.54
2010-07-16,0.05,26.35,72.47,13.71,5.42,0.54
2010-07-17,0.03,26.02,69.62,19.71,5.32,0.54
2010-07-18,0.02,25.6,72.23,19.93,4.82,0.53
2010-07-19,0.0,25.67,71.36,18.95,4.5,0.53
2010-07-20,0.0,25.79,71.54,17.39,4.48,0.53
2010-07-21,0.1,25.88,69.67,16.02,4.14,0.53
2010-07-22,0.01,25.38,68.58,18.59,5.1,0.52
2010-07-23,0.01,25.73,67.23,15.89,4.21,0.52
2010-07-24,0.61,26.33,73.44,11.87,4.86,0.52
2010-07-25,3.03,26.9,73.87,15.92,4.94,0.52
2010-07-26,1.78,26.93,75.66,18.48,4.94,0.52
2010-07-27,0.21,27.09,74.27,16.18,4.67,0.52
2010-07-28,0.54,27.05,73.05,19.5,4.05,0.52
2010-07-29,0.16,26.88,71.52,20.55,3.99,0.52
2010-07-30,0.0,25.99,72.16,19.18,3.95,0.51
2010-07-31,0.01,26.32,72.56,20.78,3.57,0.51
2010-08-01,15.71,25.71,80.23,15.6,5.04,0.52
2010-08-02,5.46,25.42,79.22,11.9,6.58,0.54
2010-08-03,0.18,25.63,67.85,19.02,6.48,0.54
2010-08-04,2.18,25.47,68.13,17.34,4.65,0.54
2010-08-05,0.56,25.18,65.24,19.73,4.54,0.54
2010-08-06,0.0,25.61,64.1,21.56,4.9,0.53
2010-08-07,0.0,25.75,66.14,20.73,3.95,0.53
2010-08-08,0.0,25.66,65.4,21.52,3.56,0.52
2010-08-09,0.0,26.04,61.98,22.4,3.4,0.52
2010-08-10,0.02,26.68,62.35,22.12,2.48,0.52
2010-08-11,0.01,26.96,65.86,21.59,4.09,0.51
2010-08-12,0.07,26.85,65.88,21.38,4.12,0.51
2010-08-13,0.01,27.0,61.26,22.81,3.36,0.51
2010-08-14,0.0,26.18,59.27,23.22,4.33,0.5
2010-08-15,0.0,26.23,62.03,23.0,3.43,0.5
2010-08-16,0.0,26.51,62.87,22.4,2.19,0.5
2010-08-17,0.0,26.73,67.22,22.83,1.51,0.5
2010-08-18,0.01,27.14,69.83,20.98,2.48,0.49
2010-08-19,0.03,26.96,72.22,19.65,4.1,0.49
2010-08-20,0.03,27.38,72.33,20.88,4.12,0.49
2010-08-21,0.09,27.33,72.23,20.91,3.57,0.49
2010-08-22,0.04,27.38,69.78,21.76,3.59,0.49
2010-08-23,0.03,27.84,70.2,21.65,3.48,0.49
2010-08-24,0.0,27.7,66.98,21.82,3.78,0.49
2010-08-25,0.0,26.95,65.84,23.52,3.05,0.49
2010-08-26,0.0,27.34,63.98,23.03,2.31,0.48
2010-08-27,0.0,27.85,65.06,22.75,2.46,0.48
2010-08-28,5.16,27.84,67.93,23.16,2.38,0.48
2010-08-29,1.4,27.49,67.67,23.03,3.99,0.49
2010-08-30,0.0,27.14,66.83,21.24,3.88,0.49
2010-08-31,0.0,27.18,60.51,24.46,3.62,0.49
2010-09-01,0.0,27.62,57.62,25.09,3.35,0.49
2010-09-02,6.78,27.33,72.95,19.75,2.55,0.49
2010-09-03,9.44,26.31,82.93,12.64,4.11,0.51
2010-09-04,3.38,26.65,80.42,19.67,3.07,0.52
2010-09-05,0.53,27.76,74.39,20.67,3.33,0.51
2010-09-06,0.3,27.83,71.78,20.77,1.75,0.51
2010-09-07,7.39,27.0,78.4,16.6,2.28,0.51
2010-09-08,4.01,27.63,73.78,21.94,3.04,0.52
2010-09-09,2.07,27.84,71.11,21.54,3.1,0.52
2010-09-10,1.23,27.85,69.22,23.85,2.77,0.52
2010-09-11,0.0,27.71,65.91,24.93,2.12,0.52
2010-09-12,0.01,27.14,70.28,24.41,3.78,0.51
2010-09-13,1.82,26.85,73.59,15.59,2.87,0.51
2010-09-14,0.06,28.04,66.93,24.48,1.71,0.51
2010-09-15,0.21,27.89,65.74,20.71,3.24,0.51
2010-09-16,6.27,27.34,75.79,20.25,2.01,0.51
2010-09-17,3.21,27.39,73.37,16.15,3.28,0.52
2010-09-18,0.09,27.88,69.56,24.29,3.18,0.51
2010-09-19,0.17,27.63,69.81,22.76,4.13,0.51
2010-09-20,2.05,27.29,72.52,17.71,4.97,0.51
2010-09-21,1.66,27.31,71.7,20.55,4.79,0.51
2010-09-22,0.21,27.26,69.93,24.82,4.45,0.51
2010-09-23,0.94,27.22,73.04,18.73,4.13,0.5
2010-09-24,0.42,27.52,71.59,20.69,5.21,0.5
2010-09-25,0.22,27.84,71.5,23.27,3.79,0.5
2010-09-26,0.02,28.62,67.3,25.14,3.04,0.5
2010-09-27,0.14,28.39,64.8,25.76,3.33,0.5
2010-09-28,0.0,28.32,66.5,25.95,2.52,0.49
2010-09-29,0.01,28.86,66.05,25.4,3.21,0.49
2010-09-30,0.32,28.76,65.36,25.36,3.38,0.49
2010-10-01,0.22,27.9,68.41,23.16,3.51,0.49
2010-10-02,0.07,28.77,66.2,20.87,4.03,0.49
2010-10-03,0.01,29.1,67.19,24.83,4.38,0.49
2010-10-04,0.38,28.81,71.45,24.15,4.18,0.49
2010-10-05,0.21,29.08,67.64,23.73,3.41,0.49
2010-10-06,0.33,28.12,70.69,24.6,3.68,0.49
2010-10-07,0.45,28.28,66.72,21.12,2.85,0.49
2010-10-08,11.55,27.47,64.1,12.21,3.09,0.49
2010-10-09,10.81,26.49,70.5,15.94,2.35,0.52
2010-10-10,6.24,26.35,76.52,21.53,1.07,0.53
2010-10-11,11.29,26.84,79.05,21.57,1.76,0.54
2010-10-12,37.7,25.83,87.72,17.35,2.68,0.59
2010-10-13,1.26,26.88,78.26,23.92,2.7,0.61
2010-10-14,0.14,27.53,71.29,25.09,1.76,0.6
2010-10-15,4.35,27.12,78.82,20.89,2.44,0.6
2010-10-16,4.74,26.77,81.45,18.53,1.47,0.6
2010-10-17,7.96,26.14,86.66,17.57,2.52,0.61
2010-10-18,4.79,27.18,74.35,25.14,4.36,0.62
2010-10-19,0.47,27.33,67.07,23.2,4.12,0.61
2010-10-20,0.0,27.85,64.44,25.87,3.29,0.61
2010-10-21,0.44,27.24,74.29,26.29,3.43,0.6
2010-10-22,4.3,26.99,80.46,20.25,3.02,0.6
2010-10-23,6.53,28.06,75.42,23.6,2.44,0.61
2010-10-24,1.38,28.35,71.62,25.56,2.86,0.6
2010-10-25,0.2,28.16,72.9,24.15,3.91,0.6
2010-10-26,0.01,28.7,69.34,26.9,3.85,0.59
2010-10-27,0.03,29.04,66.66,26.95,2.6,0.59
2010-10-28,0.59,28.64,66.21,24.21,2.4,0.58
2010-10-29,0.65,28.52,67.09,23.66,1.99,0.57
2010-10-30,0.85,28.55,68.01,21.12,1.95,0.57
2010-10-31,0.98,28.12,70.65,23.18,2.97,0.57
2010-11-01,2.0,27.38,73.04,23.91,1.79,0.56
2010-11-02,6.85,27.85,72.34,22.65,1.95,0.57
2010-11-03,3.65,27.39,78.28,20.28,4.19,0.57
2010-11-04,2.66,27.7,75.26,21.05,4.14,0.57
2010-11-05,0.18,28.09,68.4,24.16,2.95,0.57
2010-11-06,0.47,28.3,66.36,26.99,1.52,0.56
2010-11-07,0.0,28.32,62.63,27.06,2.44,0.56
2010-11-08,2.16,28.76,63.42,27.4,2.12,0.55
2010-11-09,1.13,28.92,62.56,27.86,2.64,0.55
2010-11-10,0.0,29.05,62.39,27.74,2.12,0.54
2010-11-11,0.49,28.81,62.03,27.85,1.74,0.54
2010-11-12,0.24,29.32,61.97,27.62,1.41,0.54
2010-11-13,0.0,29.34,62.34,27.82,1.9,0.53
2010-11-14,0.0,28.95,64.52,27.4,2.49,0.53
2010-11-15,0.0,28.87,64.88,27.01,2.21,0.52
2010-11-16,0.01,28.94,64.96,26.27,2.62,0.52
2010-11-17,0.07,29.3,65.21,24.53,2.57,0.51
2010-11-18,0.25,29.3,66.44,25.55,2.63,0.51
2010-11-19,1.78,29.41,65.81,25.58,2.08,0.51
2010-11-20,2.07,28.97,66.65,24.62,3.16,0.51
2010-11-21,0.37,29.62,63.54,24.46,2.59,0.51
2010-11-22,0.98,29.77,62.69,22.81,1.98,0.5
2010-11-23,0.27,29.67,63.89,22.21,1.28,0.5
2010-11-24,0.69,29.99,63.9,23.06,1.96,0.5
2010-11-25,1.44,29.81,63.36,25.87,1.85,0.5
2010-11-26,0.96,30.41,59.25,25.98,2.05,0.5
2010-11-27,4.0,30.2,63.12,24.53,1.45,0.5
2010-11-28,4.19,29.02,70.18,17.47,1.39,0.51
2010-11-29,4.52,28.38,73.94,17.7,0.99,0.51
2010-11-30,1.94,29.08,67.21,22.89,1.23,0.51
2010-12-01,5.51,28.06,73.22,22.15,1.43,0.52
2010-12-02,15.19,28.57,72.08,23.51,1.84,0.53
2010-12-03,5.12,28.5,76.11,25.82,2.29,0.55
2010-12-04,7.02,28.94,73.83,25.01,2.35,0.55
2010-12-05,11.53,28.6,76.81,24.58,1.62,0.56
2010-12-06,6.65,27.93,73.59,26.22,1.24,0.57
2010-12-07,6.05,28.68,71.38,24.08,1.31,0.58
2010-12-08,6.73,29.31,71.5,25.51,1.7,0.58
2010-12-09,6.36,28.07,77.16,20.25,2.15,0.59
2010-12-10,14.36,26.8,83.95,17.52,1.96,0.6
2010-12-11,9.98,26.91,82.33,19.1,3.02,0.62
2010-12-12,9.79,26.24,84.62,17.87,3.13,0.64
2010-12-13,8.17,27.1,77.8,17.37,1.48,0.64
2010-12-14,23.77,26.13,83.37,8.7,1.37,0.67
2010-12-15,20.85,25.49,85.68,12.55,2.68,0.7
2010-12-16,28.89,25.7,85.56,7.93,3.11,0.73
2010-12-17,14.7,26.26,85.56,16.99,2.79,0.76
2010-12-18,5.79,25.77,87.25,10.87,2.6,0.77
2010-12-19,5.49,25.79,83.75,18.93,2.38,0.77
2010-12-20,3.33,25.98,83.6,12.84,2.5,0.77
2010-12-21,8.1,25.98,84.14,12.63,2.45,0.77
2010-12-22,6.53,26.41,80.63,18.44,2.4,0.77
2010-12-23,7.55,25.08,84.4,5.34,3.15,0.78
2010-12-24,2.6,25.91,85.04,18.77,2.93,0.78
2010-12-25,2.43,25.64,87.48,22.67,4.67,0.77
2010-12-26,6.72,25.86,85.22,12.31,3.53,0.77
2010-12-27,24.21,25.91,86.11,13.43,3.0,0.79
2010-12-28,13.77,25.26,87.12,15.58,2.21,0.82
2010-12-29,8.28,26.02,84.93,16.36,2.14,0.82
2010-12-30,15.79,26.48,84.9,15.03,2.28,0.83
2010-12-31,22.67,25.59,90.18,6.14,4.48,0.85
2011-01-01,1.96,26.39,85.17,22.03,2.49,0.86
2011-01-02,2.83,25.84,88.68,22.41,2.26,0.86
2011-01-03,1.92,26.3,82.91,19.5,2.69,0.86
2011-01-04,0.74,26.5,83.27,17.7,1.75,0.85
2011-01-05,10.85,26.64,84.09,19.04,1.74,0.85
2011-01-06,14.48,26.3,86.03,13.57,2.14,0.86
2011-01-07,17.59,25.62,88.04,15.12,2.34,0.87
2011-01-08,43.28,25.74,88.61,7.8,4.1,0.91
2011-01-09,27.29,26.17,87.06,10.49,4.22,0.93
2011-01-10,14.81,26.21,87.83,15.97,4.28,0.93
2011-01-11,19.33,26.45,86.69,16.78,5.67,0.94
2011-01-12,18.7,26.25,87.19,17.18,6.19,0.94
2011-01-13,13.54,25.97,86.45,14.47,4.22,0.95
2011-01-14,14.2,25.72,87.62,5.48,3.71,0.95
2011-01-15,15.45,25.49,89.36,10.78,3.81,0.95
2011-01-16,16.1,25.4,88.19,20.48,3.75,0.96
2011-01-17,20.83,25.52,86.55,12.62,2.42,0.96
2011-01-18,19.37,26.01,87.3,16.25,3.91,0.96
2011-01-19,28.58,26.04,87.27,12.74,4.09,0.97
2011-01-20,11.95,25.82,89.54,19.7,3.97,0.97
2011-01-21,5.11,25.71,89.65,13.67,3.11,0.97
2011-01-22,11.11,25.42,88.83,16.01,2.55,0.97
2011-01-23,19.0,25.31,89.46,14.49,3.86,0.97
2011-01-24,25.6,25.51,91.27,10.81,4.81,0.98
2011-01-25,15.43,25.48,89.58,5.2,5.45,0.98
2011-01-26,5.36,25.96,86.85,16.95,3.52,0.98
2011-01-27,2.83,26.33,82.96,22.13,1.52,0.98
2011-01-28,6.03,26.17,86.01,20.07,2.91,0.98
2011-01-29,2.71,26.32,82.1,25.52,2.15,0.97
2011-01-30,13.4,26.28,83.39,22.3,2.08,0.96
2011-01-31,8.39,26.13,85.75,22.88,2.3,0.97
2011-02-01,5.38,25.87,87.28,22.08,2.33,0.96
2011-02-02,26.55,25.84,89.31,20.43,2.17,0.97
2011-02-03,13.54,25.83,88.53,16.79,2.38,0.98
2011-02-04,1.63,26.25,84.29,19.52,1.89,0.97
2011-02-05,15.36,26.24,88.28,21.99,2.71,0.97
2011-02-06,22.8,25.9,87.86,16.52,3.99,0.98
2011-02-07,7.23,25.98,90.01,9.23,4.2,0.98
2011-02-08,31.96,25.25,90.6,4.41,3.14,0.98
2011-02-09,5.74,25.64,84.95,16.66,1.94,0.98
2011-02-10,0.86,26.38,78.67,25.68,1.36,0.98
2011-02-11,2.16,26.5,82.53,22.58,2.32,0.97
2011-02-12,14.64,25.75,86.78,8.84,2.59,0.97
2011-02-13,21.32,24.97,88.6,16.17,3.13,0.98
2011-02-14,4.57,25.91,86.39,21.87,3.51,0.98
2011-02-15,0.94,25.74,84.74,22.54,2.44,0.97
2011-02-16,2.8,25.71,87.75,17.06,2.6,0.96
2011-02-17,2.33,25.68,88.03,20.94,2.8,0.96
2011-02-18,1.9,25.99,85.89,22.7,2.48,0.96
2011-02-19,2.89,26.43,85.87,21.08,2.82,0.95
2011-02-20,14.45,26.34,85.09,15.89,4.55,0.95
2011-02-21,7.91,26.2,84.47,19.41,4.08,0.96
2011-02-22,1.94,25.99,85.6,22.33,2.8,0.95
2011-02-23,25.39,25.26,89.97,7.5,3.7,0.95
2011-02-24,38.99,25.39,87.56,8.0,5.32,0.98
2011-02-25,23.87,25.23,88.8,13.63,5.75,0.98
2011-02-26,16.07,25.3,84.87,18.86,6.56,0.98
2011-02-27,8.44,26.12,85.07,21.98,5.89,0.98
2011-02-28,3.72,26.26,85.19,24.0,4.5,0.97
2011-03-01,7.9,26.25,85.35,24.18,3.47,0.97
2011-03-02,27.77,25.94,87.46,15.59,3.36,0.97
2011-03-03,14.51,25.67,87.44,20.93,4.1,0.98
2011-03-04,7.96,25.56,87.26,16.4,4.18,0.97
2011-03-05,3.15,25.67,85.95,15.97,3.05,0.97
2011-03-06,8.03,25.39,88.3,13.6,2.59,0.97
2011-03-07,6.12,25.44,89.08,18.51,3.0,0.97
2011-03-08,5.65,25.31,89.39,20.26,2.24,0.97
2011-03-09,2.43,25.47,88.57,20.12,2.45,0.96
2011-03-10,11.59,25.63,89.55,15.05,2.66,0.96
2011-03-11,24.03,25.55,90.21,17.32,3.28,0.97
2011-03-12,10.86,26.0,87.68,22.19,3.42,0.97
2011-03-13,11.89,25.96,88.85,21.47,3.45,0.97
2011-03-14,21.0,25.63,89.18,19.79,2.97,0.98
2011-03-15,3.62,25.73,87.15,19.83,2.31,0.97
2011-03-16,2.38,25.85,86.36,18.64,2.04,0.97
2011-03-17,1.6,26.61,84.43,23.05,1.53,0.96
2011-03-18,2.1,26.53,84.11,21.69,1.12,0.96
2011-03-19,11.38,26.13,86.15,21.19,1.58,0.96
2011-03-20,12.45,26.4,85.07,17.87,1.75,0.96
2011-03-21,6.13,26.54,85.19,19.47,1.69,0.96
2011-03-22,4.62,26.56,85.95,18.19,1.98,0.96
2011-03-23,1.34,26.41,84.59,16.07,2.39,0.95
2011-03-24,3.3,26.27,85.23,18.17,2.06,0.95
2011-03-25,14.55,26.11,85.65,14.57,1.67,0.95
2011-03-26,19.87,25.47,86.27,16.85,1.58,0.96
2011-03-27,7.73,26.04,80.65,22.01,1.01,0.96
2011-03-28,9.58,26.15,82.65,17.53,1.21,0.96
2011-03-29,10.14,26.02,86.83,17.11,2.34,0.96
2011-03-30,19.93,25.52,87.98,14.93,1.94,0.96
2011-03-31,17.12,25.48,90.49,10.07,2.56,0.97
2011-04-01,3.41,26.38,86.03,15.69,3.28,0.97
2011-04-02,1.31,26.35,85.64,12.29,4.49,0.96
2011-04-03,2.18,26.27,84.25,14.51,4.06,0.95
2011-04-04,5.62,26.14,87.02,20.08,3.29,0.95
2011-04-05,6.99,25.74,90.25,18.19,2.07,0.95
2011-04-06,5.53,26.1,87.21,12.76,2.22,0.95
2011-04-07,8.82,26.07,85.37,11.32,1.22,0.95
2011-04-08,4.88,26.22,84.19,19.68,1.14,0.95
2011-04-09,7.55,26.51,84.06,19.0,1.33,0.95
2011-04-10,11.63,25.74,89.47,9.82,2.9,0.95
2011-04-11,7.96,25.82,87.0,9.57,1.8,0.95
2011-04-12,16.09,25.0,89.5,8.52,3.13,0.95
2011-04-13,3.18,25.43,90.67,17.01,1.88,0.96
2011-04-14,2.55,25.54,88.94,18.44,2.25,0.96
2011-04-15,1.92,26.02,87.15,19.5,1.97,0.95
2011-04-16,21.66,26.28,88.22,6.24,3.59,0.96
2011-04-17,18.16,26.03,89.24,13.7,3.71,0.97
2011-04-18,16.43,25.77,92.24,10.59,2.77,0.97
2011-04-19,44.64,26.24,85.55,4.35,1.69,0.97
2011-04-20,36.53,25.19,90.82,4.29,3.86,0.99
2011-04-21,0.56,25.23,83.71,20.73,4.2,0.99
2011-04-22,0.55,25.38,84.93,16.59,2.78,0.98
2011-04-23,0.5,25.85,86.09,21.05,2.61,0.97
2011-04-24,0.9,26.12,86.83,18.06,2.8,0.97
2011-04-25,0.55,25.79,83.99,22.25,4.24,0.96
2011-04-26,0.38,25.48,83.58,14.7,3.55,0.95
2011-04-27,1.8,26.24,81.99,21.91,3.41,0.95
2011-04-28,0.45,25.64,81.25,20.06,4.01,0.94
2011-04-29,0.0,25.37,79.71,22.23,3.73,0.93
2011-04-30,0.18,25.52,78.57,23.11,2.6,0.92
2011-05-01,0.12,25.33,74.78,22.7,2.74,0.91
2011-05-02,0.0,25.25,78.56,20.74,2.19,0.9
2011-05-03,0.04,25.17,79.91,21.24,2.26,0.89
2011-05-04,0.11,25.39,79.89,21.57,2.8,0.88
2011-05-05,0.09,25.58,81.81,19.23,3.07,0.87
2011-05-06,0.0,25.91,80.1,21.18,1.7,0.86
2011-05-07,0.29,26.1,81.46,20.57,1.28,0.86
2011-05-08,7.09,26.37,81.89,18.82,0.7,0.86
2011-05-09,11.56,25.88,87.83,16.13,0.72,0.86
2011-05-10,22.84,25.71,85.74,14.03,2.67,0.88
2011-05-11,9.81,24.48,89.4,9.5,4.53,0.9
2011-05-12,0.03,24.9,81.76,15.24,4.75,0.89
2011-05-13,0.0,24.97,81.3,17.32,3.92,0.88
2011-05-14,0.0,24.69,78.52,19.03,3.5,0.87
2011-05-15,0.0,24.98,79.53,21.15,3.17,0.86
2011-05-16,0.05,25.3,84.2,18.9,3.42,0.85
2011-05-17,0.0,25.63,83.07,18.95,3.45,0.85
2011-05-18,0.0,24.95,81.43,20.61,3.9,0.84
2011-05-19,0.0,24.55,81.12,20.61,4.32,0.83
2011-05-20,0.01,24.62,82.48,19.66,3.99,0.82
2011-05-21,0.0,24.4,81.14,21.42,4.26,0.81
2011-05-22,0.06,24.12,79.95,20.56,3.93,0.8
2011-05-23,0.0,24.07,78.2,17.58,4.08,0.79
2011-05-24,0.0,23.86,73.29,21.52,3.89,0.78
2011-05-25,0.0,24.28,74.97,20.32,3.72,0.77
2011-05-26,0.16,23.84,78.45,18.34,3.88,0.76
2011-05-27,0.08,24.65,78.98,16.36,3.38,0.76
2011-05-28,0.03,24.83,80.89,15.38,4.02,0.75
2011-05-29,0.44,25.39,82.09,17.69,4.06,0.74
2011-05-30,0.06,25.3,80.68,18.55,4.22,0.73
2011-05-31,0.0,23.98,78.06,19.67,4.6,0.72
2011-06-01,0.0,23.8,77.58,19.07,3.98,0.72
2011-06-02,0.0,23.83,75.69,18.7,3.37,0.71
2011-06-03,0.0,23.16,76.13,19.09,3.57,0.7
2011-06-04,0.0,23.02,77.11,20.09,3.43,0.7
2011-06-05,0.0,23.24,77.91,18.42,3.54,0.69
2011-06-06,0.01,23.6,75.91,20.23,3.33,0.68
2011-06-07,0.0,23.4,73.9,20.24,2.36,0.68
2011-06-08,0.0,23.25,77.61,18.35,2.3,0.67
2011-06-09,0.0,23.69,76.64,17.95,2.47,0.66
2011-06-10,0.0,23.98,75.0,19.35,3.64,0.66
2011-06-11,0.06,24.13,78.35,16.37,5.06,0.65
2011-06-12,0.01,23.23,77.61,15.69,6.06,0.65
2011-06-13,0.0,22.38,72.89,18.2,5.5,0.64
2011-06-14,0.0,22.07,71.46,18.95,5.1,0.63
2011-06-15,0.0,22.13,71.66,17.52,3.74,0.63
2011-06-16,0.0,22.31,73.36,16.61,4.06,0.62
2011-06-17,0.08,22.42,75.18,14.83,4.11,0.62
2011-06-18,0.01,23.05,72.57,14.98,3.93,0.61
2011-06-19,0.06,23.39,74.35,15.36,3.09,0.61
2011-06-20,0.0,23.92,74.27,17.36,4.4,0.61
2011-06-21,0.01,23.51,72.36,19.21,4.55,0.6
2011-06-22,0.0,23.07,68.12,19.91,4.51,0.6
2011-06-23,0.02,23.38,68.45,19.21,4.28,0.59
2011-06-24,0.0,24.19,72.51,16.86,2.72,0.59
2011-06-25,0.04,24.72,76.52,14.16,4.8,0.58
2011-06-26,0.76,25.32,77.82,16.13,4.2,0.58
2011-06-27,0.05,25.29,74.6,18.64,4.25,0.58
2011-06-28,0.0,24.78,70.91,19.97,3.41,0.57
2011-06-29,0.0,23.98,70.83,19.63,3.84,0.57
2011-06-30,0.0,23.84,72.75,19.03,3.66,0.56
2011-07-01,0.04,24.2,74.85,16.38,3.14,0.56
2011-07-02,0.02,24.75,72.25,19.65,3.48,0.56
2011-07-03,0.02,24.57,73.23,18.58,3.42,0.55
2011-07-04,0.0,24.87,69.55,19.97,3.67,0.55
2011-07-05,0.0,24.25,72.19,19.84,3.88,0.55
2011-07-06,0.03,24.82,71.79,18.79,2.35,0.54
2011-07-07,0.08,25.08,75.58,17.92,4.31,0.54
2011-07-08,0.04,25.59,70.22,16.25,4.47,0.54
2011-07-09,0.0,24.97,67.67,18.94,5.12,0.53
2011-07-10,0.12,24.95,66.04,17.4,4.41,0.53
2011-07-11,1.05,25.57,71.32,18.98,2.47,0.53
2011-07-12,14.28,25.49,80.89,10.0,3.01,0.54
2011-07-13,1.58,25.92,79.55,17.0,3.21,0.55
2011-07-14,0.1,25.76,73.9,19.61,4.29,0.55
2011-07-15,0.04,25.49,74.31,19.44,4.27,0.54
2011-07-16,0.06,25.37,75.42,17.89,4.62,0.54
2011-07-17,0.04,25.36,74.16,17.66,4.2,0.54
2011-07-18,0.0,25.09,73.54,20.0,4.44,0.53
2011-07-19,0.0,25.16,70.05,18.88,3.82,0.53
2011-07-20,0.1,25.05,69.14,19.84,4.35,0.53
2011-07-21,0.09,24.66,66.65,20.43,4.19,0.52
2011-07-22,0.51,23.92,69.62,19.11,4.45,0.52
2011-07-23,0.25,24.57,68.57,17.95,4.39,0.52
2011-07-24,0.2,24.65,67.3,18.25,3.77,0.52
2011-07-25,0.02,25.03,66.97,20.29,3.76,0.52
2011-07-26,0.01,25.44,67.17,20.45,4.49,0.51
2011-07-27,0.0,24.93,68.52,20.84,4.42,0.51
2011-07-28,0.0,24.84,69.49,20.94,4.69,0.51
2011-07-29,0.0,24.61,70.28,20.93,4.51,0.51
2011-07-30,0.0,24.88,65.56,21.54,5.07,0.51
2011-07-31,0.0,25.2,66.11,21.06,3.88,0.5
2011-08-01,0.0,25.57,67.17,21.07,3.91,0.5
2011-08-02,0.0,24.85,67.17,21.46,4.32,0.5
2011-08-03,0.0,24.6,63.97,21.4,4.07,0.5
2011-08-04,0.01,24.7,62.74,20.26,3.81,0.5
2011-08-05,0.0,25.1,64.16,20.6,3.4,0.5
2011-08-06,0.0,25.3,66.58,19.12,4.23,0.49
2011-08-07,0.0,25.62,65.49,21.9,3.27,0.49
2011-08-08,0.03,25.77,65.6,19.75,3.1,0.49
2011-08-09,0.09,25.59,67.02,18.01,3.8,0.49
2011-08-10,0.0,25.54,64.48,20.61,2.81,0.49
2011-08-11,0.01,25.62,61.3,22.36,1.95,0.49
2011-08-12,0.03,26.16,60.72,22.59,1.85,0.49
2011-08-13,0.0,25.78,62.16,22.63,3.78,0.49
2011-08-14,0.0,25.47,65.0,21.65,3.84,0.49
2011-08-15,0.0,25.41,64.2,22.78,4.06,0.48
2011-08-16,0.0,24.63,64.92,22.78,4.48,0.48
2011-08-17,0.0,24.73,63.72,22.91,3.75,0.48
2011-08-18,0.0,25.14,60.23,22.72,3.65,0.48
2011-08-19,0.15,25.04,67.09,21.88,4.39,0.48
2011-08-20,0.03,25.81,62.88,22.31,4.65,0.48
2011-08-21,0.0,26.15,60.86,22.86,4.9,0.48
2011-08-22,0.0,25.33,58.85,23.68,5.01,0.48
2011-08-23,0.0,24.67,58.46,22.91,5.07,0.48
2011-08-24,0.0,24.48,56.04,23.0,4.96,0.48
2011-08-25,0.0,24.75,57.08,23.4,4.67,0.48
2011-08-26,0.0,25.29,63.34,23.42,4.1,0.48
2011-08-27,0.0,26.39,57.7,23.46,3.22,0.48
2011-08-28,0.0,26.56,60.83,22.93,3.35,0.48
2011-08-29,0.15,27.1,64.93,22.12,2.96,0.48
2011-08-30,0.0,26.52,67.06,22.75,3.81,0.48
2011-08-31,0.0,26.65,64.31,23.87,3.45,0.48
2011-09-01,0.0,26.25,62.0,23.24,3.83,0.48
2011-09-02,0.0,26.7,59.42,23.9,3.19,0.48
2011-09-03,0.0,26.88,66.46,23.58,3.97,0.48
2011-09-04,0.0,26.87,68.06,23.45,4.09,0.48
2011-09-05,0.02,26.75,66.69,24.34,3.35,0.48
2011-09-06,0.0,26.47,64.49,24.49,3.37,0.48
2011-09-07,0.0,26.89,64.68,24.93,3.09,0.48
2011-09-08,0.0,26.84,64.61,24.66,2.81,0.48
2011-09-09,0.0,26.58,65.96,24.71,4.02,0.48
2011-09-10,0.03,26.72,67.64,22.56,4.59,0.48
2011-09-11,0.02,26.33,62.29,22.06,6.32,0.48
2011-09-12,0.0,26.43,57.22,22.9,5.46,0.48
2011-09-13,0.0,26.04,57.11,25.56,5.73,0.48
2011-09-14,0.0,26.36,60.86,24.62,4.58,0.48
2011-09-15,0.0,26.76,60.71,25.43,3.75,0.48
2011-09-16,0.0,26.9,63.41,24.95,3.56,0.48
2011-09-17,0.0,26.88,64.94,24.8,3.26,0.48
2011-09-18,0.0,27.18,65.27,25.24,3.36,0.48
2011-09-19,0.0,26.7,70.15,24.27,4.28,0.48
2011-09-20,0.0,27.59,59.54,25.41,2.61,0.48
2011-09-21,0.0,28.02,59.75,24.51,2.0,0.48
2011-09-22,0.02,28.52,61.12,24.82,2.96,0.48
2011-09-23,0.0,28.2,61.6,25.43,2.54,0.48
2011-09-24,0.0,27.73,60.12,25.38,3.05,0.48
2011-09-25,0.02,27.31,63.41,25.36,2.97,0.48
2011-09-26,0.0,27.54,60.59,25.42,2.87,0.48
2011-09-27,0.0,27.57,59.15,25.5,3.47,0.48
2011-09-28,0.0,27.38,60.25,25.61,3.35,0.48
2011-09-29,0.0,27.28,61.36,25.79,2.2,0.48
2011-09-30,0.0,27.69,61.15,26.08,2.11,0.48
2011-10-01,0.0,28.17,60.12,25.42,2.43,0.48
2011-10-02,0.01,27.85,65.59,24.09,2.52,0.48
2011-10-03,0.19,27.47,69.45,21.86,2.89,0.48
2011-10-04,1.11,26.46,71.72,15.16,3.47,0.48
2011-10-05,1.28,26.91,73.68,16.13,3.63,0.48
2011-10-06,7.79,27.29,71.94,20.15,3.67,0.49
2011-10-07,1.34,27.18,72.17,24.32,2.79,0.5
2011-10-08,0.0,27.66,70.44,24.65,2.19,0.49
2011-10-09,0.3,27.5,70.97,23.81,3.06,0.49
2011-10-10,0.07,27.64,68.97,23.44,2.86,0.49
2011-10-11,0.06,28.13,66.3,24.17,2.53,0.49
2011-10-12,0.0,28.31,66.38,26.17,2.87,0.48
2011-10-13,0.0,28.49,62.75,26.48,2.52,0.48
2011-10-14,0.0,28.58,61.9,26.54,1.42,0.48
2011-10-15,0.01,28.45,66.12,25.91,2.11,0.48
2011-10-16,0.0,29.25,61.47,26.87,2.17,0.48
2011-10-17,0.03,28.99,62.59,25.54,3.01,0.48
2011-10-18,0.0,29.11,61.24,25.81,3.17,0.48
2011-10-19,0.0,28.84,63.62,26.2,4.09,0.48
2011-10-20,0.82,28.96,66.05,25.65,3.65,0.48
2011-10-21,1.05,29.27,64.39,24.82,2.58,0.48
2011-10-22,0.78,28.67,68.24,24.91,3.0,0.48
2011-10-23,0.45,28.56,67.77,24.48,3.73,0.48
2011-10-24,0.01,29.03,64.41,26.39,2.85,0.48
2011-10-25,0.0,29.33,62.98,26.8,2.58,0.48
2011-10-26,0.01,29.65,60.54,25.15,3.1,0.48
2011-10-27,0.0,29.83,58.3,26.96,2.29,0.48
2011-10-28,0.03,29.85,58.81,25.35,2.77,0.48
2011-10-29,0.07,29.73,58.91,27.41,1.88,0.48
2011-10-30,0.06,29.63,60.99,26.91,3.53,0.48
2011-10-31,0.42,29.5,60.88,26.37,1.86,0.48
2011-11-01,0.81,29.7,59.43,26.29,1.73,0.48
2011-11-02,0.03,29.66,60.41,25.24,3.28,0.48
2011-11-03,0.01,29.76,58.47,26.9,1.72,0.48
2011-11-04,0.07,29.88,55.65,26.76,1.74,0.48
2011-11-05,0.0,30.08,55.01,26.92,1.5,0.48
2011-11-06,0.88,29.44,58.59,25.99,1.52,0.48
2011-11-07,2.25,29.2,62.56,25.95,2.02,0.48
2011-11-08,12.42,28.15,72.29,20.85,2.15,0.5
2011-11-09,6.19,27.43,77.13,21.31,1.82,0.51
2011-11-10,5.7,28.16,72.98,23.36,2.24,0.52
2011-11-11,2.7,28.24,71.84,24.64,2.11,0.52
2011-11-12,4.47,28.61,70.27,24.52,2.34,0.52
2011-11-13,3.01,28.54,66.47,27.2,1.64,0.52
2011-11-14,0.67,28.79,63.54,27.24,1.95,0.52
2011-11-15,1.47,28.89,67.99,23.65,1.81,0.52
2011-11-16,1.41,29.13,64.34,25.5,1.73,0.51
2011-11-17,4.23,28.83,69.03,25.62,1.69,0.51
2011-11-18,5.27,28.91,69.36,26.41,1.86,0.52
2011-11-19,3.7,29.2,67.39,26.34,1.65,0.52
2011-11-20,4.07,28.8,68.51,24.44,1.26,0.52
2011-11-21,0.5,28.84,68.17,26.92,2.31,0.52
2011-11-22,0.13,29.16,64.46,27.08,2.55,0.52
2011-11-23,0.0,29.32,62.91,28.23,2.48,0.51
2011-11-24,1.47,29.63,64.65,26.68,2.28,0.51
2011-11-25,2.13,28.4,75.15,21.88,2.74,0.51
2011-11-26,2.68,28.74,71.88,23.61,2.21,0.51
2011-11-27,0.12,29.38,70.53,21.09,2.96,0.51
2011-11-28,0.75,30.41,65.54,26.62,1.86,0.51
2011-11-29,7.31,29.63,69.11,25.15,1.8,0.51
2011-11-30,4.97,29.4,68.88,25.15,1.94,0.52
2011-12-01,0.3,29.51,67.55,26.6,2.64,0.52
2011-12-02,2.06,29.9,65.49,26.67,1.65,0.51
2011-12-03,9.21,29.11,72.44,24.07,1.8,0.53
2011-12-04,6.53,28.99,72.53,22.6,2.35,0.53
2011-12-05,6.53,27.69,80.52,19.05,2.27,0.54
2011-12-06,6.24,27.07,80.69,18.65,2.43,0.55
2011-12-07,11.98,27.27,79.45,21.03,2.44,0.56
2011-12-08,18.01,27.44,79.29,19.0,2.69,0.58
2011-12-09,5.67,27.66,75.31,18.59,2.09,0.59
2011-12-10,26.77,27.23,79.72,16.67,1.64,0.62
2011-12-11,4.96,27.68,76.42,23.34,1.51,0.64
2011-12-12,2.81,28.12,76.22,23.96,1.41,0.64
2011-12-13,4.57,27.54,80.98,22.35,1.65,0.64
2011-12-14,18.27,26.77,81.14,3.43,1.96,0.65
2011-12-15,6.12,26.7,79.74,20.56,1.79,0.67
2011-12-16,25.03,27.1,79.65,22.68,1.77,0.68
2011-12-17,8.44,27.15,80.58,19.83,2.02,0.71
2011-12-18,7.46,27.27,82.22,21.51,1.43,0.7
2011-12-19,6.12,26.86,85.98,20.44,1.87,0.71
2011-12-20,1.81,27.66,81.23,24.34,2.06,0.71
2011-12-21,4.38,27.35,84.92,16.49,2.0,0.71
2011-12-22,6.76,26.96,87.46,4.55,2.38,0.71
2011-12-23,6.65,26.95,85.52,19.14,2.0,0.72
2011-12-24,10.44,26.95,85.38,15.11,2.57,0.73
2011-12-25,2.39,27.34,83.75,21.7,2.55,0.73
2011-12-26,1.9,27.23,87.33,23.4,2.9,0.72
2011-12-27,3.14,27.48,87.17,24.21,3.0,0.72
2011-12-28,4.16,26.83,87.95,17.88,3.03,0.72
2011-12-29,15.56,26.61,86.8,14.73,3.1,0.73
2011-12-30,31.85,26.65,87.21,12.06,2.84,0.76
2011-12-31,31.91,26.85,86.38,12.0,2.48,0.81
2012-01-01,9.27,26.31,87.25,17.74,1.81,0.82
2012-01-02,9.44,26.57,86.72,15.79,2.45,0.83
2012-01-03,16.43,26.28,88.33,10.55,2.68,0.84
2012-01-04,2.42,27.21,81.45,22.06,2.23,0.84
2012-01-05,5.8,26.74,83.74,16.14,2.78,0.83
2012-01-06,19.05,25.85,86.67,19.03,2.28,0.85
2012-01-07,10.37,26.67,87.36,19.82,4.26,0.86
2012-01-08,11.82,26.67,89.05,19.89,3.76,0.87
2012-01-09,16.83,26.81,87.43,17.19,3.96,0.88
2012-01-10,16.59,26.35,88.14,12.17,3.73,0.9
2012-01-11,2.92,25.91,89.28,15.97,2.13,0.9
2012-01-12,4.82,25.7,89.38,12.4,2.21,0.9
2012-01-13,2.01,26.22,85.05,19.73,1.99,0.89
2012-01-14,1.66,26.64,83.9,24.12,1.48,0.89
2012-01-15,2.94,26.7,84.3,22.23,1.63,0.88
2012-01-16,2.2,26.83,84.29,23.4,1.57,0.88
2012-01-17,3.92,26.8,84.06,25.12,1.66,0.88
2012-01-18,3.57,27.44,80.87,24.05,1.44,0.87
2012-01-19,10.95,26.53,86.88,15.48,1.92,0.88
2012-01-20,11.18,25.99,86.73,21.9,2.41,0.88
2012-01-21,16.4,25.65,87.36,15.97,2.23,0.89
2012-01-22,22.15,25.66,90.46,13.17,3.35,0.91
2012-01-23,30.39,25.7,91.27,17.58,4.94,0.93
2012-01-24,12.4,25.74,88.55,14.99,4.67,0.94
2012-01-25,5.81,26.05,86.75,14.41,3.12,0.94
2012-01-26,5.66,26.0,89.39,21.02,3.15,0.94
2012-01-27,0.3,25.64,84.58,20.4,3.18,0.93
2012-01-28,2.34,26.4,84.54,24.68,3.21,0.93
2012-01-29,14.78,26.46,85.39,22.96,4.39,0.93
2012-01-30,7.07,26.03,87.43,16.24,3.97,0.93
2012-01-31,12.13,25.52,89.63,9.98,2.98,0.94
2012-02-01,37.28,25.1,91.06,8.57,3.15,0.95
2012-02-02,49.93,25.61,89.86,18.45,4.4,0.97
2012-02-03,24.31,25.31,89.55,22.84,4.96,0.98
2012-02-04,31.4,24.91,90.18,12.98,3.99,0.98
2012-02-05,9.89,25.57,86.67,17.22,2.77,0.98
2012-02-06,5.24,25.8,86.23,23.75,3.29,0.98
2012-02-07,5.1,25.53,88.41,20.35,3.21,0.97
2012-02-08,6.0,25.66,89.24,21.8,2.85,0.97
2012-02-09,9.56,26.3,86.45,22.97,1.69,0.97
2012-02-10,6.91,26.84,83.61,25.57,0.98,0.97
2012-02-11,1.31,27.47,75.78,27.11,0.96,0.96
2012-02-12,0.08,27.43,74.61,28.14,1.38,0.95
2012-02-13,0.07,27.0,75.92,28.51,1.95,0.94
2012-02-14,0.13,26.94,79.7,24.19,2.63,0.93
2012-02-15,0.6,26.76,82.7,26.42,3.01,0.92
2012-02-16,0.29,27.4,79.16,27.64,2.57,0.91
2012-02-17,1.43,27.24,80.31,26.11,2.38,0.9
2012-02-18,5.79,26.85,82.75,23.94,3.01,0.9
2012-02-19,7.06,26.57,84.25,14.58,1.38,0.9
2012-02-20,5.28,26.7,83.41,21.61,1.52,0.9
2012-02-21,5.46,25.62,86.85,21.35,1.88,0.9
2012-02-22,6.36,26.06,83.66,18.12,2.26,0.9
2012-02-23,3.11,26.72,84.46,22.46,1.88,0.9
2012-02-24,1.84,26.73,83.57,23.04,2.0,0.89
2012-02-25,1.07,26.84,82.52,22.05,1.7,0.89
2012-02-26,0.81,27.45,79.54,23.86,1.13,0.88
2012-02-27,4.25,27.16,81.77,25.75,1.29,0.88
2012-02-28,4.6,27.12,78.74,22.26,0.89,0.88
2012-02-29,0.91,26.24,84.45,20.15,1.9,0.87
2012-03-01,14.26,26.08,86.16,15.66,2.46,0.87
2012-03-02,10.03,26.05,87.1,16.1,3.09,0.89
2012-03-03,7.68,26.25,83.98,18.37,2.15,0.89
2012-03-04,3.81,27.17,78.57,22.31,0.95,0.89
2012-03-05,14.8,26.12,84.9,21.25,1.5,0.89
2012-03-06,14.05,25.35,89.85,18.13,1.9,0.91
2012-03-07,18.41,25.88,84.42,14.67,1.63,0.92
2012-03-08,4.37,25.94,85.22,20.84,0.74,0.92
2012-03-09,4.48,26.37,84.66,23.71,1.4,0.92
2012-03-10,3.91,26.24,87.57,20.21,2.49,0.92
2012-03-11,7.94,26.04,88.46,15.83,2.34,0.91
2012-03-12,27.35,25.68,91.94,7.21,3.42,0.93
2012-03-13,32.11,25.26,90.34,7.6,4.07,0.95
2012-03-14,38.4,25.77,90.1,5.73,5.8,0.96
2012-03-15,8.87,26.02,87.94,12.73,6.75,0.97
2012-03-16,9.41,26.23,87.59,17.78,6.5,0.97
2012-03-17,5.91,26.17,85.77,18.26,5.82,0.96
2012-03-18,13.87,26.08,87.57,16.44,3.82,0.96
2012-03-19,27.67,25.69,88.73,13.73,3.45,0.98
2012-03-20,11.79,25.84,86.13,19.95,3.5,0.97
2012-03-21,15.08,25.51,84.36,11.57,2.94,0.97
2012-03-22,3.52,25.51,83.31,20.58,2.76,0.97
2012-03-23,0.0,25.36,82.4,25.35,2.45,0.96
2012-03-24,0.0,24.92,79.7,25.74,2.1,0.95
2012-03-25,0.01,25.61,77.91,21.86,1.5,0.94
2012-03-26,3.76,25.81,82.9,20.01,1.9,0.93
2012-03-27,0.14,25.53,74.77,26.43,2.64,0.92
2012-03-28,0.0,25.34,74.68,25.62,1.54,0.91
2012-03-29,0.0,26.13,73.03,24.22,1.33,0.9
2012-03-30,0.65,26.63,78.86,24.21,1.44,0.9
2012-03-31,0.58,26.81,81.43,24.52,1.3,0.89
2012-04-01,0.02,26.85,77.81,24.79,1.75,0.88
2012-04-02,0.28,26.45,76.73,24.34,1.46,0.87
2012-04-03,0.15,25.98,76.65,25.62,1.92,0.86
2012-04-04,0.09,25.94,78.05,25.34,2.11,0.85
2012-04-05,0.01,26.15,77.94,25.2,2.67,0.84
2012-04-06,0.04,25.87,78.7,25.4,2.7,0.82
2012-04-07,0.0,25.83,76.92,25.36,2.88,0.81
2012-04-08,0.22,25.94,79.61,23.73,2.91,0.8
2012-04-09,0.1,25.91,81.17,23.96,3.2,0.79
2012-04-10,0.16,26.2,79.19,22.51,3.48,0.78
2012-04-11,0.46,26.09,79.99,19.67,3.83,0.77
2012-04-12,0.88,26.23,79.92,14.89,4.36,0.76
2012-04-13,0.59,26.72,80.52,18.74,3.61,0.75
2012-04-14,1.58,27.01,81.56,17.76,2.88,0.74
2012-04-15,0.78,27.13,81.94,20.95,3.16,0.74
2012-04-16,0.23,27.0,80.28,23.61,3.39,0.73
2012-04-17,0.05,27.25,76.65,22.68,2.56,0.72
2012-04-18,0.13,27.29,75.15,22.18,1.86,0.71
2012-04-19,0.12,27.27,75.47,23.1,2.32,0.7
2012-04-20,0.01,27.27,74.38,23.74,2.27,0.69
2012-04-21,0.03,27.0,75.71,22.14,2.39,0.68
2012-04-22,14.75,26.6,80.35,8.27,2.3,0.69
2012-04-23,7.13,26.51,83.14,16.72,2.33,0.7
2012-04-24,3.61,26.97,81.03,21.21,1.51,0.7
2012-04-25,9.98,26.84,82.6,19.05,1.66,0.71
2012-04-26,22.93,26.01,89.01,3.46,2.7,0.73
2012-04-27,26.81,25.69,88.45,9.9,3.48,0.77
2012-04-28,6.45,26.16,85.85,16.57,3.37,0.78
2012-04-29,1.17,26.13,81.53,21.27,3.39,0.78
2012-04-30,0.01,25.8,78.58,21.61,3.19,0.77
2012-05-01,0.01,25.28,75.86,21.35,3.9,0.76
2012-05-02,0.0,25.68,75.57,22.17,3.31,0.74
2012-05-03,0.04,26.02,82.04,18.31,3.94,0.73
2012-05-04,0.56,26.26,84.29,18.71,4.0,0.73
2012-05-05,0.66,26.39,81.06,18.56,3.68,0.72
2012-05-06,0.15,26.49,76.54,18.89,3.94,0.71
2012-05-07,0.0,25.48,77.28,15.44,3.68,0.71
2012-05-08,1.2,25.89,76.8,15.61,3.54,0.7
2012-05-09,6.4,25.82,82.89,14.85,4.31,0.7
2012-05-10,17.36,25.08,90.92,10.38,3.7,0.72
2012-05-11,11.1,25.3,90.62,10.52,3.7,0.74
2012-05-12,5.76,25.32,87.95,14.58,4.44,0.75
2012-05-13,1.89,26.0,84.93,18.5,4.16,0.75
2012-05-14,0.32,26.36,82.81,19.61,4.18,0.74
2012-05-15,1.22,25.95,80.01,18.22,4.4,0.73
2012-05-16,0.1,25.9,79.42,16.24,3.73,0.73
2012-05-17,0.0,25.58,79.21,19.54,3.93,0.72
2012-05-18,0.04,25.5,77.02,20.28,3.66,0.71
2012-05-19,0.01,24.95,75.78,20.2,3.67,0.7
2012-05-20,0.0,24.53,72.74,20.87,3.82,0.7
2012-05-21,0.03,25.09,77.83,16.35,4.31,0.69
2012-05-22,0.03,25.5,76.56,18.91,5.01,0.68
2012-05-23,0.0,25.12,71.11,20.27,4.69,0.67
2012-05-24,0.0,25.28,74.79,17.21,4.77,0.66
2012-05-25,0.05,25.51,76.35,17.56,6.12,0.66
2012-05-26,0.07,24.89,70.94,17.46,6.05,0.65
2012-05-27,0.1,24.53,70.56,15.03,5.13,0.64
2012-05-28,0.2,24.71,70.64,17.26,4.55,0.64
2012-05-29,0.11,24.64,73.99,17.83,4.7,0.63
2012-05-30,0.09,24.8,72.5,16.43,4.76,0.62
2012-05-31,0.01,24.65,75.28,19.09,4.05,0.62
2012-06-01,0.01,25.18,77.78,18.52,4.03,0.61
2012-06-02,0.12,25.37,78.97,15.06,3.31,0.61
2012-06-03,0.08,25.89,77.45,18.87,3.14,0.6
2012-06-04,0.02,25.67,74.84,17.63,4.24,0.6
2012-06-05,0.04,25.51,71.99,17.87,4.17,0.6
2012-06-06,0.0,25.5,72.37,18.83,3.86,0.59
2012-06-07,0.06,25.47,73.59,15.84,3.66,0.59
2012-06-08,0.0,25.61,69.84,18.28,3.91,0.58
2012-06-09,0.0,24.93,71.27,18.72,3.82,0.58
2012-06-10,0.0,24.32,71.01,20.26,3.67,0.57
2012-06-11,0.0,24.62,71.34,20.15,2.79,0.57
2012-06-12,0.36,24.6,70.39,16.72,2.49,0.57
2012-06-13,0.0,24.44,68.6,16.3,2.65,0.56
2012-06-14,0.0,24.27,68.03,20.04,2.21,0.56
2012-06-15,0.0,24.4,72.85,18.6,3.41,0.55
2012-06-16,0.0,25.09,73.48,19.14,3.6,0.55
2012-06-17,0.01,25.21,74.31,19.68,4.58,0.55
2012-06-18,0.02,25.31,69.2,17.42,5.31,0.54
2012-06-19,0.01,25.67,67.1,18.26,4.86,0.54
2012-06-20,0.0,25.42,69.03,19.09,4.17,0.54
2012-06-21,0.0,24.8,73.35,19.08,3.79,0.53
2012-06-22,0.0,23.84,65.15,20.28,3.99,0.53
2012-06-23,0.0,24.1,66.13,19.25,4.3,0.53
2012-06-24,0.04,24.34,64.38,15.64,5.94,0.53
2012-06-25,0.01,24.01,64.62,18.18,4.87,0.52
2012-06-26,0.0,24.03,67.99,17.15,4.47,0.52
2012-06-27,0.0,24.96,67.58,16.96,3.73,0.52
2012-06-28,0.0,25.02,69.44,17.17,3.69,0.52
2012-06-29,0.0,24.73,68.65,20.13,3.0,0.51
2012-06-30,0.0,24.85,67.42,20.56,3.3,0.51
2012-07-01,0.0,24.95,66.91,20.05,4.07,0.51
2012-07-02,0.0,24.65,67.64,18.03,5.62,0.51
2012-07-03,0.0,23.91,65.41,17.04,5.19,0.51
2012-07-04,0.0,24.27,68.92,15.41,5.22,0.51
2012-07-05,0.01,24.53,68.11,13.89,6.13,0.5
2012-07-06,0.94,23.84,65.73,17.33,5.96,0.5
2012-07-07,0.0,24.54,62.29,19.16,5.0,0.5
2012-07-08,0.0,25.09,67.67,18.42,3.73,0.5
2012-07-09,0.11,25.78,69.25,19.67,3.03,0.5
2012-07-10,0.0,26.56,69.07,19.24,1.8,0.5
2012-07-11,1.2,26.66,72.04,18.91,1.91,0.5
2012-07-12,0.6,26.33,75.72,19.07,3.63,0.5
2012-07-13,0.01,26.21,73.47,18.49,4.09,0.5
2012-07-14,0.08,25.56,75.08,17.15,4.22,0.5
2012-07-15,0.0,25.71,69.42,20.51,3.97,0.49
2012-07-16,0.2,26.09,72.67,15.82,5.06,0.49
2012-07-17,1.3,25.98,72.84,15.7,4.09,0.49
2012-07-18,0.0,25.94,66.38,19.48,5.48,0.49
2012-07-19,0.0,25.15,63.48,21.06,4.56,0.49
2012-07-20,0.0,24.6,66.32,20.93,5.46,0.49
2012-07-21,0.0,24.57,62.38,20.3,5.45,0.49
2012-07-22,0.0,24.33,61.82,20.78,4.32,0.49
2012-07-23,0.0,24.16,59.22,21.07,4.32,0.49
2012-07-24,0.0,24.37,63.3,21.56,3.71,0.49
2012-07-25,0.0,24.67,67.17,20.61,4.07,0.49
2012-07-26,0.0,24.63,69.02,20.86,3.18,0.48
2012-07-27,0.0,24.91,68.83,21.49,3.97,0.48
2012-07-28,0.42,25.27,70.44,19.2,4.42,0.48
2012-07-29,0.14,24.55,68.24,19.74,5.55,0.48
2012-07-30,0.0,24.38,59.32,22.15,5.12,0.48
2012-07-31,0.0,24.89,59.28,20.98,4.09,0.48
2012-08-01,0.01,24.99,64.53,19.73,4.43,0.48
2012-08-02,0.0,25.12,62.89,21.74,3.91,0.48
2012-08-03,0.0,25.44,62.84,21.3,3.62,0.48
2012-08-04,0.01,25.26,64.95,21.86,3.72,0.48
2012-08-05,0.0,24.91,64.87,21.93,4.09,0.48
2012-08-06,0.0,24.52,69.16,22.2,4.02,0.48
2012-08-07,0.0,25.0,64.57,22.47,4.14,0.48
2012-08-08,0.0,24.65,62.48,22.6,3.88,0.48
2012-08-09,0.0,25.33,63.74,22.44,4.01,0.48
2012-08-10,0.0,25.45,65.24,22.35,4.1,0.48
2012-08-11,0.0,25.02,66.92,22.15,4.61,0.48
2012-08-12,0.0,24.37,57.62,22.39,5.28,0.48
2012-08-13,0.0,23.75,58.19,20.98,4.54,0.48
2012-08-14,0.0,23.73,58.44,21.38,3.82,0.48
2012-08-15,0.0,24.37,62.55,22.79,2.79,0.48
2012-08-16,0.0,24.97,66.2,22.72,3.68,0.48
2012-08-17,0.0,25.03,65.31,23.72,3.58,0.48
2012-08-18,0.0,24.9,62.62,23.66,3.55,0.48
2012-08-19,0.0,24.86,64.13,23.52,3.3,0.48
2012-08-20,0.0,25.3,64.99,23.25,3.61,0.48
2012-08-21,0.0,25.49,62.65,23.52,3.28,0.48
2012-08-22,0.0,25.43,61.94,23.59,2.53,0.48
2012-08-23,0.0,26.1,62.53,23.82,2.85,0.48
2012-08-24,0.0,26.75,62.38,23.89,3.38,0.48
2012-08-25,0.0,27.21,62.54,22.71,3.28,0.48
2012-08-26,0.02,27.0,69.09,22.32,3.63,0.48
2012-08-27,0.0,27.11,65.64,22.94,3.65,0.48
2012-08-28,0.0,26.8,62.5,23.59,3.31,0.48
2012-08-29,0.0,26.32,59.41,23.86,3.63,0.48
2012-08-30,0.0,26.02,60.47,24.27,2.97,0.48
2012-08-31,0.0,26.22,54.75,24.42,1.9,0.48
2012-09-01,0.0,26.16,56.75,24.03,3.17,0.48
2012-09-02,0.0,26.36,59.09,24.08,1.68,0.48
2012-09-03,0.0,26.97,56.64,24.64,2.68,0.48
2012-09-04,0.0,27.08,59.55,21.55,2.29,0.48
2012-09-05,0.0,27.14,60.74,24.5,2.92,0.48
2012-09-06,0.0,26.58,60.61,23.74,2.13,0.48
2012-09-07,0.0,27.0,60.51,24.77,3.13,0.48
2012-09-08,0.0,27.05,60.18,24.3,2.57,0.48
2012-09-09,0.0,26.74,63.54,22.79,3.51,0.48
2012-09-10,0.0,25.96,62.88,25.01,3.92,0.48
2012-09-11,0.0,25.82,57.61,25.33,3.68,0.48
2012-09-12,0.02,26.97,60.71,23.99,3.11,0.48
2012-09-13,0.0,28.01,59.61,23.82,2.9,0.48
2012-09-14,0.0,27.55,62.54,24.83,2.94,0.48
2012-09-15,0.0,27.48,63.02,24.93,3.53,0.48
2012-09-16,0.0,27.35,59.43,25.64,3.85,0.48
2012-09-17,0.0,27.59,59.91,25.74,2.08,0.48
2012-09-18,0.0,28.14,58.31,24.51,1.98,0.48
2012-09-19,0.0,28.29,52.25,25.98,3.24,0.48
2012-09-20,0.0,27.56,54.25,26.05,3.16,0.48
2012-09-21,0.0,26.92,55.82,25.55,2.8,0.48
2012-09-22,0.0,26.51,61.0,25.28,3.39,0.48
2012-09-23,0.0,27.32,55.42,26.1,2.92,0.48
2012-09-24,0.0,27.66,53.65,24.97,2.73,0.48
2012-09-25,0.0,27.58,57.84,25.81,2.87,0.48
2012-09-26,0.0,27.78,61.88,23.98,1.99,0.48
2012-09-27,0.34,28.35,61.74,23.61,1.8,0.48
2012-09-28,0.01,27.93,65.23,25.08,2.63,0.48
2012-09-29,0.0,27.97,65.53,25.19,3.12,0.48
2012-09-30,0.0,28.61,59.62,26.2,1.63,0.48
2012-10-01,0.0,28.47,61.75,23.67,2.92,0.48
2012-10-02,0.0,28.15,62.44,24.56,4.26,0.48
2012-10-03,0.0,27.85,58.52,25.87,3.62,0.48
2012-10-04,0.02,27.79,61.2,24.67,2.87,0.48
2012-10-05,0.0,28.33,62.96,25.19,2.51,0.48
2012-10-06,0.01,28.91,60.88,25.45,3.01,0.48
2012-10-07,0.0,28.76,57.01,25.13,2.09,0.48
2012-10-08,0.0,28.61,59.06,26.2,2.32,0.48
2012-10-09,0.01,28.55,62.9,26.17,2.18,0.48
2012-10-10,0.01,28.98,60.44,26.47,1.74,0.48
2012-10-11,0.0,29.21,61.54,25.76,1.79,0.48
2012-10-12,0.0,29.8,58.74,25.06,2.66,0.48
2012-10-13,0.0,29.43,60.91,24.73,4.04,0.48
2012-10-14,0.0,28.98,61.4,26.11,4.15,0.48
2012-10-15,0.0,29.04,60.98,26.54,3.72,0.48
2012-10-16,0.0,29.14,59.52,26.64,3.38,0.48
2012-10-17,0.0,29.33,61.09,26.85,3.19,0.48
2012-10-18,0.0,29.48,58.87,26.46,3.1,0.48
2012-10-19,0.0,29.35,57.84,26.43,2.72,0.48
2012-10-20,0.0,29.45,58.05,27.05,2.44,0.48
2012-10-21,0.0,29.31,58.67,26.88,2.07,0.48
2012-10-22,0.0,29.54,57.57,26.7,2.59,0.48
2012-10-23,0.03,29.21,59.63,26.34,2.98,0.48
2012-10-24,0.03,29.32,57.97,27.06,2.31,0.48
2012-10-25,0.95,29.34,60.23,23.98,1.72,0.48
2012-10-26,0.15,29.75,59.26,24.92,2.55,0.48
2012-10-27,0.0,30.12,54.18,25.98,1.66,0.48
2012-10-28,0.0,30.13,54.75,26.81,1.59,0.48
2012-10-29,0.0,30.48,53.67,26.95,1.6,0.48
2012-10-30,0.0,30.47,57.63,26.65,2.88,0.48
2012-10-31,0.0,30.54,54.87,27.03,1.62,0.48
2012-11-01,0.02,30.5,55.07,27.05,2.61,0.48
2012-11-02,0.0,30.38,55.01,27.42,1.77,0.48
2012-11-03,0.0,30.66,55.62,24.73,1.03,0.48
2012-11-04,0.03,30.8,55.16,26.14,2.84,0.48
2012-11-05,0.01,30.43,55.09,26.31,1.89,0.48
2012-11-06,0.02,29.99,59.88,26.45,2.69,0.48
2012-11-07,0.0,29.72,59.08,24.61,2.01,0.48
2012-11-08,0.02,30.03,57.95,26.41,2.59,0.48
2012-11-09,0.04,30.66,58.03,26.14,2.09,0.48
2012-11-10,0.08,30.58,57.84,25.76,1.68,0.48
2012-11-11,0.01,30.73,53.51,26.86,1.84,0.48
2012-11-12,0.0,30.61,56.18,26.22,3.2,0.48
2012-11-13,0.25,30.09,59.92,25.11,3.66,0.48
2012-11-14,0.01,30.21,59.01,23.72,2.49,0.48
2012-11-15,0.02,30.46,57.25,26.97,2.16,0.48
2012-11-16,0.09,30.4,55.0,27.41,1.67,0.48
2012-11-17,0.02,30.19,55.14,26.91,1.65,0.48
2012-11-18,0.01,30.01,57.53,27.11,1.65,0.48
2012-11-19,12.72,29.82,64.69,22.08,1.65,0.49
2012-11-20,36.75,28.74,73.75,25.21,1.8,0.54
2012-11-21,24.27,28.59,71.6,24.06,1.42,0.6
2012-11-22,5.0,28.45,71.63,25.92,1.56,0.6
2012-11-23,2.5,28.65,73.65,24.87,1.5,0.6
2012-11-24,0.86,28.46,70.49,25.68,1.46,0.59
2012-11-25,20.06,28.74,70.76,26.17,1.24,0.61
2012-11-26,1.16,28.85,68.82,27.24,1.57,0.61
2012-11-27,0.39,28.83,65.42,27.48,1.78,0.6
2012-11-28,0.19,28.87,68.3,26.54,1.51,0.6
2012-11-29,7.42,28.24,73.44,26.27,2.51,0.6
2012-11-30,16.44,28.06,75.74,22.94,1.75,0.61
2012-12-01,9.2,28.16,75.17,22.11,1.37,0.63
2012-12-02,0.43,28.73,68.75,26.6,2.71,0.63
2012-12-03,0.13,28.95,69.2,24.66,2.22,0.62
2012-12-04,0.23,29.34,68.1,27.29,2.12,0.61
2012-12-05,0.15,29.47,64.76,24.55,1.29,0.6
2012-12-06,1.06,29.16,66.38,23.13,0.8,0.6
2012-12-07,1.38,29.6,67.93,24.99,1.07,0.59
2012-12-08,2.16,29.34,70.17,22.94,1.57,0.59
2012-12-09,4.78,28.93,71.58,23.26,1.69,0.59
2012-12-10,4.73,27.55,77.66,18.09,1.16,0.6
2012-12-11,7.18,27.35,79.56,22.76,1.79,0.6
2012-12-12,4.19,26.64,81.5,20.81,1.34,0.61
2012-12-13,2.39,27.51,76.73,22.24,0.77,0.61
2012-12-14,6.84,28.17,74.29,22.54,1.42,0.62
2012-12-15,6.62,28.27,72.98,23.29,1.07,0.62
2012-12-16,5.26,28.29,73.98,21.84,1.35,0.62
2012-12-17,18.24,27.8,77.59,22.41,1.17,0.64
2012-12-18,47.53,27.37,80.52,21.29,1.34,0.7
2012-12-19,31.05,27.13,85.35,21.91,2.6,0.75
2012-12-20,24.51,27.19,87.96,23.95,1.86,0.77
2012-12-21,14.47,27.93,82.6,24.55,1.61,0.8
2012-12-22,19.74,27.53,80.27,24.82,1.24,0.8
2012-12-23,11.05,27.26,79.92,23.06,1.77,0.81
2012-12-24,28.81,27.27,83.49,22.97,1.72,0.83
2012-12-25,11.89,27.24,80.78,17.3,1.36,0.85
2012-12-26,7.98,27.55,81.7,22.15,1.89,0.85
2012-12-27,3.7,26.88,85.79,16.45,1.26,0.85
2012-12-28,1.62,27.85,80.41,23.89,1.68,0.85
2012-12-29,2.64,27.88,83.42,25.59,1.22,0.84
2012-12-30,3.2,27.78,81.24,22.56,1.55,0.84
2012-12-31,7.43,27.69,81.63,22.46,1.22,0.84
2013-01-01,7.96,26.59,88.25,15.36,2.43,0.85
2013-01-02,17.86,26.87,83.02,17.74,1.13,0.86
2013-01-03,18.83,27.01,83.6,15.46,1.87,0.88
2013-01-04,8.81,27.08,83.31,21.11,1.76,0.89
2013-01-05,15.9,27.06,83.89,18.93,2.17,0.89
2013-01-06,105.87,25.97,89.76,3.18,5.7,0.93
2013-01-07,92.37,26.24,88.95,11.85,3.7,0.98
2013-01-08,36.11,26.69,89.11,14.09,4.73,0.99
2013-01-09,8.22,26.59,86.76,13.98,6.38,0.99
2013-01-10,10.21,26.38,88.23,16.22,5.75,0.98
2013-01-11,3.32,26.72,87.48,19.93,3.59,0.98
2013-01-12,51.24,25.79,90.4,19.64,2.63,0.98
2013-01-13,35.08,25.59,88.17,3.71,3.52,1.0
2013-01-14,19.15,25.79,87.87,14.29,4.57,0.99
2013-01-15,12.31,25.94,89.06,19.47,3.84,0.99
2013-01-16,12.89,25.96,89.3,19.79,3.88,0.99
2013-01-17,17.2,25.98,89.47,11.62,4.24,0.99
2013-01-18,7.87,26.45,85.83,22.1,4.68,0.99
2013-01-19,26.71,26.41,87.72,19.69,5.18,0.99
2013-01-20,10.59,26.35,88.08,23.83,5.26,0.99
2013-01-21,14.09,26.29,89.16,23.99,4.46,0.99
2013-01-22,3.25,26.34,88.89,24.12,3.22,0.98
2013-01-23,0.66,26.68,86.7,23.14,3.49,0.98
2013-01-24,0.84,26.54,86.31,22.76,3.16,0.97
2013-01-25,4.89,26.4,88.17,21.88,2.7,0.96
2013-01-26,0.97,26.7,86.59,25.83,3.22,0.96
2013-01-27,0.28,26.74,86.51,22.55,3.53,0.95
2013-01-28,1.65,26.47,87.09,22.96,2.65,0.94
2013-01-29,16.79,26.11,88.8,5.71,2.11,0.95
2013-01-30,6.84,25.9,89.76,21.13,2.31,0.96
2013-01-31,3.82,26.2,86.74,20.3,1.96,0.95
2013-02-01,2.26,26.03,86.78,21.19,2.08,0.95
2013-02-02,1.12,26.4,85.09,23.84,1.71,0.94
2013-02-03,2.42,27.08,80.64,20.75,0.81,0.93
2013-02-04,0.57,27.61,78.04,27.72,1.25,0.93
2013-02-05,0.02,27.73,73.24,28.28,1.23,0.92
2013-02-06,0.12,27.82,76.09,26.94,1.2,0.9
2013-02-07,0.22,27.76,77.75,26.25,1.4,0.89
2013-02-08,2.9,27.6,76.86,27.09,1.87,0.88
2013-02-09,2.81,27.46,77.13,27.14,2.02,0.88
2013-02-10,1.93,27.42,77.64,24.22,1.29,0.87
2013-02-11,2.12,27.46,79.0,24.43,1.35,0.86
2013-02-12,12.12,27.34,79.56,21.64,1.83,0.86
2013-02-13,4.97,27.45,79.17,21.86,1.75,0.87
2013-02-14,6.78,27.38,79.28,24.19,1.86,0.86
2013-02-15,9.3,27.15,83.52,19.8,1.91,0.86
2013-02-16,27.44,26.24,88.64,14.56,2.22,0.88
2013-02-17,22.93,25.69,86.46,14.15,2.23,0.91
2013-02-18,7.62,25.92,86.59,19.36,1.74,0.91
2013-02-19,16.21,26.51,86.35,22.24,1.45,0.92
2013-02-20,11.37,26.67,85.53,18.41,1.2,0.93
2013-02-21,38.39,26.56,84.4,14.56,1.47,0.94
2013-02-22,24.29,26.23,89.31,7.48,4.61,0.97
2013-02-23,9.86,26.31,89.85,14.39,4.81,0.97
2013-02-24,31.91,26.14,89.2,16.83,4.27,0.97
2013-02-25,29.29,26.08,89.33,19.8,4.59,0.98
2013-02-26,37.99,25.8,90.47,17.74,4.38,0.99
2013-02-27,34.77,26.01,90.48,18.66,5.13,0.99
2013-02-28,17.52,26.09,89.81,17.4,5.04,0.99
2013-03-01,17.87,26.03,89.85,19.84,3.53,0.99
2013-03-02,18.6,26.12,89.31,9.73,2.85,0.99
2013-03-03,39.26,25.8,90.3,14.76,3.08,0.99
2013-03-04,35.83,25.35,92.73,9.31,3.58,1.0
2013-03-05,26.01,26.23,89.64,10.04,3.91,1.0
2013-03-06,28.43,26.21,88.33,16.18,3.95,1.0
2013-03-07,21.59,26.27,86.9,16.72,3.29,1.0
2013-03-08,7.24,26.27,88.58,21.84,2.51,0.99
2013-03-09,6.28,26.42,88.0,22.77,2.49,0.99
2013-03-10,3.03,26.42,87.54,23.47,3.17,0.98
2013-03-11,3.66,26.38,86.62,21.73,3.33,0.97
2013-03-12,6.75,26.07,87.86,20.74,2.96,0.97
2013-03-13,15.16,25.32,89.59,18.62,3.08,0.97
2013-03-14,5.54,25.67,87.52,22.75,3.51,0.97
2013-03-15,1.88,25.47,85.82,25.83,2.74,0.97
2013-03-16,0.41,26.28,83.94,25.28,1.8,0.96
2013-03-17,0.93,27.05,81.47,25.42,1.53,0.95
2013-03-18,0.52,27.27,78.92,26.47,1.48,0.94
2013-03-19,0.1,27.29,77.78,26.32,1.88,0.93
2013-03-20,0.06,26.74,80.05,25.09,2.18,0.92
2013-03-21,0.01,26.78,74.84,26.28,1.0,0.91
2013-03-22,0.02,26.82,76.37,26.11,1.91,0.9
2013-03-23,0.05,27.07,77.54,26.13,1.92,0.89
2013-03-24,0.14,27.58,75.06,25.71,1.29,0.88
2013-03-25,0.52,28.0,75.86,24.25,1.42,0.87
2013-03-26,11.64,27.15,85.12,20.4,2.48,0.87
2013-03-27,9.25,27.11,86.25,17.37,2.69,0.88
2013-03-28,4.05,27.24,84.54,21.11,2.08,0.88
2013-03-29,8.48,27.02,85.38,13.62,2.77,0.88
2013-03-30,3.27,27.4,83.28,20.58,2.53,0.88
2013-03-31,3.51,27.08,83.35,18.31,2.24,0.87
2013-04-01,3.26,27.46,82.25,23.32,2.1,0.87
2013-04-02,3.17,27.38,82.25,22.6,1.42,0.87
2013-04-03,0.02,27.43,80.09,20.49,1.06,0.86
2013-04-04,5.0,27.42,82.66,21.1,1.39,0.85
2013-04-05,1.4,27.63,81.91,19.71,1.16,0.85
2013-04-06,3.43,27.51,82.34,22.0,2.27,0.84
2013-04-07,5.44,27.1,84.46,18.97,2.92,0.84
2013-04-08,14.45,26.49,86.91,18.84,2.67,0.85
2013-04-09,4.55,26.21,86.42,20.13,2.36,0.86
2013-04-10,0.81,26.99,78.97,21.16,2.28,0.85
2013-04-11,0.08,26.63,76.99,24.5,2.31,0.84
2013-04-12,0.1,27.0,74.58,24.67,2.9,0.83
2013-04-13,0.38,26.87,74.46,19.11,3.0,0.81
2013-04-14,0.1,26.41,73.42,25.18,2.8,0.8
2013-04-15,0.1,26.32,69.29,24.47,2.03,0.79
2013-04-16,0.0,26.21,74.36,24.56,2.31,0.78
2013-04-17,0.0,26.32,78.31,24.28,2.22,0.77
2013-04-18,0.0,26.32,79.5,23.79,2.77,0.76
2013-04-19,0.01,26.64,80.86,22.11,3.07,0.75
2013-04-20,0.01,26.89,78.57,23.7,3.11,0.74
2013-04-21,0.0,27.34,77.15,23.68,2.17,0.73
2013-04-22,0.01,26.69,75.24,23.91,2.1,0.72
2013-04-23,0.0,25.95,73.46,24.18,2.37,0.71
2013-04-24,0.0,26.53,73.08,23.49,2.01,0.7
2013-04-25,0.0,26.33,77.72,19.93,2.88,0.69
2013-04-26,0.0,26.55,75.99,20.74,3.39,0.68
2013-04-27,0.01,26.8,73.77,22.44,2.83,0.68
2013-04-28,0.0,27.04,73.42,22.91,2.74,0.67
2013-04-29,0.0,26.53,73.07,22.8,3.16,0.66
2013-04-30,0.05,26.2,74.46,22.32,3.32,0.65
2013-05-01,0.0,26.24,70.4,22.87,3.69,0.65
2013-05-02,0.0,26.98,69.53,22.31,1.99,0.64
2013-05-03,0.0,26.99,77.65,20.82,2.43,0.63
2013-05-04,0.63,27.32,80.56,19.15,3.89,0.63
2013-05-05,0.27,27.63,79.91,19.56,3.22,0.62
2013-05-06,0.05,27.77,77.53,21.62,3.84,0.62
2013-05-07,0.03,27.63,73.49,21.7,3.67,0.61
2013-05-08,0.0,27.6,70.3,21.77,2.98,0.6
2013-05-09,0.0,27.33,68.03,17.87,3.42,0.6
2013-05-10,0.14,27.21,73.69,21.07,2.91,0.59
2013-05-11,0.08,27.91,73.27,20.98,2.59,0.59
2013-05-12,0.06,27.99,72.07,21.13,3.32,0.58
2013-05-13,0.21,28.13,72.33,20.11,3.17,0.58
2013-05-14,0.26,27.9,74.23,20.25,1.72,0.57
2013-05-15,1.54,27.58,78.72,18.88,1.36,0.57
2013-05-16,0.92,27.82,76.18,15.81,1.06,0.57
2013-05-17,4.98,27.37,79.25,17.58,1.06,0.57
2013-05-18,4.55,27.47,79.7,18.66,2.11,0.58
2013-05-19,10.58,26.75,84.61,16.92,2.19,0.59
2013-05-20,5.24,27.21,81.4,19.28,1.32,0.6
2013-05-21,4.1,26.4,85.32,18.24,1.24,0.6
2013-05-22,4.81,26.52,86.04,18.98,1.8,0.61
2013-05-23,6.33,26.49,86.54,14.9,2.27,0.61
2013-05-24,11.61,26.46,84.19,6.55,2.74,0.63
2013-05-25,4.99,26.02,77.69,12.56,5.64,0.64
2013-05-26,0.0,25.81,71.42,19.41,4.22,0.63
2013-05-27,0.0,25.81,74.86,19.25,3.1,0.62
2013-05-28,2.76,25.68,85.94,12.24,3.92,0.62
2013-05-29,3.83,26.05,82.53,17.43,3.35,0.63
2013-05-30,1.69,25.75,80.42,12.65,3.05,0.63
2013-05-31,0.13,26.32,75.91,17.77,2.9,0.62
2013-06-01,1.53,26.6,79.35,16.07,1.92,0.62
2013-06-02,0.41,26.89,76.31,17.23,2.96,0.62
2013-06-03,0.52,27.07,73.89,18.99,3.32,0.61
2013-06-04,1.87,27.05,76.35,18.73,2.33,0.61
2013-06-05,1.29,27.12,78.69,17.7,1.69,0.6
2013-06-06,2.39,27.06,80.4,17.89,1.6,0.6
2013-06-07,3.03,26.47,82.52,12.62,3.79,0.61
2013-06-08,10.42,26.71,83.8,11.21,3.78,0.61
2013-06-09,0.21,26.41,76.29,17.86,4.11,0.62
2013-06-10,0.93,26.82,75.75,17.05,3.64,0.61
2013-06-11,0.05,26.88,75.41,18.68,3.67,0.61
2013-06-12,0.12,26.46,75.94,19.78,4.07,0.6
2013-06-13,0.0,26.14,74.34,19.73,3.8,0.6
2013-06-14,0.0,26.1,71.15,19.3,2.89,0.59
2013-06-15,0.01,26.15,74.1,18.07,3.56,0.59
2013-06-16,0.0,26.46,70.75,19.12,3.65,0.58
2013-06-17,0.0,26.42,71.34,19.03,2.89,0.58
2013-06-18,0.08,26.6,72.57,18.38,2.5,0.57
2013-06-19,0.4,26.59,76.36,15.39,1.64,0.57
2013-06-20,7.42,26.75,78.91,12.71,2.41,0.57
2013-06-21,10.87,24.67,85.01,7.74,5.59,0.59
2013-06-22,4.16,24.94,81.13,10.26,4.81,0.6
2013-06-23,5.07,25.81,83.96,10.69,4.47,0.6
2013-06-24,5.6,26.41,83.7,13.15,2.5,0.6
2013-06-25,2.8,26.68,82.88,13.11,1.74,0.61
2013-06-26,0.97,26.83,80.73,18.07,1.81,0.61
2013-06-27,7.22,26.59,79.37,18.66,1.2,0.61
2013-06-28,3.66,26.33,76.97,17.87,1.88,0.62
2013-06-29,0.01,25.71,78.12,18.51,3.5,0.61
2013-06-30,0.0,25.63,72.09,18.15,6.12,0.61
2013-07-01,0.0,25.41,68.11,15.87,6.25,0.6
2013-07-02,0.02,24.85,68.4,15.45,5.4,0.6
2013-07-03,0.0,24.66,67.43,18.96,4.79,0.59
2013-07-04,0.0,24.61,73.6,17.26,4.24,0.59
2013-07-05,0.02,25.34,75.26,17.5,4.02,0.58
2013-07-06,0.02,25.65,73.54,19.38,4.61,0.58
2013-07-07,0.01,26.14,71.4,18.54,3.75,0.58
2013-07-08,2.07,26.23,78.54,13.11,4.48,0.57
2013-07-09,1.92,25.95,80.77,10.74,4.23,0.57
2013-07-10,0.2,26.24,76.32,18.59,5.27,0.57
2013-07-11,0.0,25.53,73.0,15.95,4.69,0.57
2013-07-12,0.44,26.26,76.42,14.0,3.68,0.56
2013-07-13,0.14,26.45,74.48,17.78,4.4,0.56
2013-07-14,0.0,26.04,74.69,19.11,5.22,0.56
2013-07-15,0.05,25.71,74.03,19.37,5.16,0.55
2013-07-16,0.0,25.05,69.03,19.99,4.57,0.55
2013-07-17,0.0,24.81,67.47,20.87,3.99,0.55
2013-07-18,0.0,24.53,70.31,19.32,4.05,0.54
2013-07-19,0.0,24.6,66.55,20.53,4.03,0.54
2013-07-20,0.0,25.34,65.92,20.35,3.34,0.54
2013-07-21,0.02,25.82,68.0,12.88,2.61,0.53
2013-07-22,0.13,26.08,72.22,16.5,3.89,0.53
2013-07-23,0.05,26.08,68.65,17.76,5.96,0.53
2013-07-24,0.0,25.37,63.79,19.92,6.19,0.53
2013-07-25,0.0,25.03,63.69,19.71,5.12,0.52
2013-07-26,0.0,25.3,65.58,20.83,3.95,0.52
2013-07-27,0.0,24.75,65.71,20.62,4.12,0.52
2013-07-28,0.06,24.39,64.77,17.82,3.59,0.51
2013-07-29,1.91,24.92,71.38,20.09,3.93,0.51
2013-07-30,0.0,25.65,67.66,20.55,3.87,0.51
2013-07-31,0.0,25.53,66.55,21.16,3.94,0.51
2013-08-01,0.0,25.07,64.19,21.96,4.16,0.51
2013-08-02,0.0,25.09,61.24,21.57,4.2,0.51
2013-08-03,0.0,25.33,62.68,21.91,4.6,0.5
2013-08-04,0.0,25.19,63.29,21.63,4.88,0.5
2013-08-05,0.0,25.1,59.46,22.64,4.35,0.5
2013-08-06,0.0,25.14,63.16,21.17,3.83,0.5
2013-08-07,0.0,25.71,66.5,21.37,4.19,0.49
2013-08-08,0.0,25.23,63.8,22.38,4.32,0.49
2013-08-09,0.0,24.53,61.82,22.67,4.01,0.49
2013-08-10,0.0,24.15,56.43,20.94,3.24,0.49
2013-08-11,0.0,24.43,63.0,22.76,3.33,0.49
2013-08-12,0.0,25.52,63.42,21.78,3.56,0.49
2013-08-13,1.99,25.47,66.07,20.2,4.4,0.49
2013-08-14,0.0,26.03,66.83,21.17,3.64,0.49
2013-08-15,0.0,26.46,63.34,22.85,2.72,0.49
2013-08-16,0.0,26.11,65.85,22.76,3.16,0.49
2013-08-17,0.0,26.08,64.63,23.87,2.69,0.48
2013-08-18,0.0,26.33,65.99,22.96,2.93,0.48
2013-08-19,0.0,26.46,63.75,23.02,2.84,0.48
2013-08-20,0.0,26.09,68.14,21.8,3.77,0.48
2013-08-21,0.0,26.49,66.64,23.47,3.3,0.48
2013-08-22,0.0,26.79,65.34,23.56,2.9,0.48
2013-08-23,0.0,26.99,62.39,22.91,3.33,0.48
2013-08-24,0.08,26.83,60.66,21.96,3.59,0.48
2013-08-25,0.0,25.97,60.49,23.85,4.47,0.48
2013-08-26,0.03,26.03,60.57,23.77,3.19,0.48
2013-08-27,0.45,26.76,68.95,18.72,3.51,0.48
2013-08-28,0.0,27.46,62.96,23.53,3.47,0.48
2013-08-29,0.0,27.08,63.51,23.76,2.84,0.48
2013-08-30,0.0,26.73,65.17,23.93,3.47,0.48
2013-08-31,0.0,27.01,64.37,24.21,3.2,0.48
2013-09-01,0.0,26.83,64.82,24.71,4.46,0.48
2013-09-02,0.0,26.52,66.49,23.96,4.73,0.48
2013-09-03,0.0,26.26,64.59,24.82,4.9,0.48
2013-09-04,0.07,26.4,63.91,22.36,4.9,0.48
2013-09-05,0.02,26.27,59.72,24.21,5.05,0.48
2013-09-06,0.0,26.35,62.56,24.47,4.59,0.48
2013-09-07,0.0,26.52,61.07,25.02,4.08,0.48
2013-09-08,0.02,26.46,61.58,24.49,3.7,0.48
2013-09-09,0.03,27.03,62.17,23.45,3.24,0.48
2013-09-10,0.0,26.88,64.49,22.63,3.38,0.48
2013-09-11,0.0,27.45,61.12,22.99,2.88,0.48
2013-09-12,0.0,27.34,62.23,25.17,3.54,0.48
2013-09-13,0.0,27.38,62.35,24.93,2.64,0.48
2013-09-14,0.0,27.3,65.18,24.34,3.1,0.48
2013-09-15,0.01,27.39,68.21,21.24,4.15,0.48
2013-09-16,0.0,27.12,67.22,23.84,4.11,0.48
2013-09-17,0.0,27.15,66.6,24.84,3.59,0.48
2013-09-18,0.0,27.24,65.41,25.77,2.88,0.48
2013-09-19,0.0,27.36,64.29,25.94,3.38,0.48
2013-09-20,0.0,27.75,62.75,25.97,2.9,0.48
2013-09-21,0.0,27.81,63.71,25.92,3.33,0.48
2013-09-22,0.0,27.99,60.76,25.69,2.15,0.48
2013-09-23,0.0,27.72,64.45,25.68,3.0,0.48
2013-09-24,0.01,27.73,60.53,24.72,3.24,0.48
2013-09-25,0.0,27.84,62.71,26.26,3.6,0.48
2013-09-26,0.0,27.9,64.32,26.09,2.92,0.48
2013-09-27,0.0,27.63,63.04,26.21,2.88,0.48
2013-09-28,0.0,27.51,63.51,25.4,2.65,0.48
2013-09-29,0.0,27.58,64.02,25.22,2.69,0.48
2013-09-30,0.03,27.61,65.43,24.81,3.5,0.48
2013-10-01,0.02,28.0,64.8,24.24,4.16,0.48
2013-10-02,0.0,28.57,60.52,26.28,3.34,0.48
2013-10-03,0.0,28.56,59.65,26.17,2.65,0.48
2013-10-04,0.01,28.83,57.51,25.5,2.59,0.48
2013-10-05,0.06,28.94,61.47,25.78,2.65,0.48
2013-10-06,0.0,28.6,59.38,26.76,2.97,0.48
2013-10-07,0.03,28.47,55.47,27.19,2.67,0.48
2013-10-08,0.0,28.79,58.73,26.4,2.02,0.48
2013-10-09,0.0,29.09,58.63,26.4,2.83,0.48
2013-10-10,0.0,28.91,62.49,25.4,2.55,0.48
2013-10-11,0.02,29.29,61.16,21.71,2.04,0.48
2013-10-12,0.02,29.35,61.53,26.33,1.82,0.48
2013-10-13,0.01,29.56,58.85,26.53,1.82,0.48
2013-10-14,1.04,28.93,64.56,23.35,2.69,0.48
2013-10-15,14.68,27.76,71.84,18.2,1.63,0.49
2013-10-16,7.66,27.74,73.13,17.74,2.78,0.52
2013-10-17,0.56,28.34,69.53,25.04,2.35,0.52
2013-10-18,0.11,28.94,64.65,26.05,2.95,0.51
2013-10-19,0.04,29.05,63.83,26.88,3.35,0.51
2013-10-20,0.07,28.92,64.78,26.01,2.12,0.5
2013-10-21,0.13,29.0,66.44,25.47,3.23,0.5
2013-10-22,0.0,29.47,61.15,27.26,2.67,0.49
2013-10-23,1.24,28.86,62.99,25.64,2.73,0.49
2013-10-24,1.53,28.95,63.16,24.43,1.64,0.49
2013-10-25,1.25,29.04,66.19,25.98,3.72,0.49
2013-10-26,0.32,29.35,63.62,24.41,2.65,0.49
2013-10-27,0.17,29.58,61.07,25.93,2.42,0.49
2013-10-28,0.2,29.43,59.77,27.06,2.8,0.49
2013-10-29,0.23,29.12,61.18,27.24,2.92,0.49
2013-10-30,0.03,29.38,58.75,26.64,2.8,0.49
2013-10-31,0.06,28.86,64.14,26.36,3.87,0.48
2013-11-01,1.6,29.27,63.98,24.72,1.73,0.48
2013-11-02,0.34,29.57,58.71,27.31,2.71,0.49
2013-11-03,0.01,29.93,56.02,27.48,2.48,0.48
2013-11-04,0.06,29.96,59.22,26.9,1.67,0.48
2013-11-05,0.63,29.3,62.25,27.0,4.16,0.48
2013-11-06,0.26,30.13,57.85,26.44,2.03,0.48
2013-11-07,0.05,29.99,56.31,27.01,3.5,0.48
2013-11-08,0.0,29.95,58.41,27.37,3.65,0.48
2013-11-09,0.0,30.5,51.98,27.12,2.91,0.48
2013-11-10,0.01,29.94,56.76,26.7,2.08,0.48
2013-11-11,0.0,30.56,52.31,27.34,1.67,0.48
2013-11-12,0.03,30.14,56.32,27.67,2.64,0.48
2013-11-13,0.27,30.17,56.73,24.67,1.47,0.48
2013-11-14,3.96,29.54,63.66,24.51,1.82,0.48
2013-11-15,11.62,28.04,75.69,20.15,1.81,0.5
2013-11-16,4.36,27.66,76.65,21.66,2.09,0.51
2013-11-17,3.08,27.83,77.29,24.19,2.09,0.52
2013-11-18,5.27,27.18,79.86,19.91,2.66,0.52
2013-11-19,7.28,27.22,75.61,19.19,1.83,0.53
2013-11-20,4.82,27.06,77.16,14.64,2.9,0.54
2013-11-21,0.49,28.12,71.65,25.68,2.71,0.54
2013-11-22,5.99,28.05,73.52,22.91,2.7,0.54
2013-11-23,16.2,27.4,78.87,19.61,2.91,0.55
2013-11-24,16.57,27.01,86.25,13.72,4.11,0.59
2013-11-25,11.31,26.7,81.92,15.6,2.76,0.6
2013-11-26,1.26,27.06,76.96,25.55,3.33,0.6
2013-11-27,0.2,27.46,73.93,25.75,3.14,0.6
2013-11-28,1.23,27.66,72.89,25.61,3.31,0.59
2013-11-29,0.91,27.83,72.36,24.9,2.99,0.59
2013-11-30,1.57,28.04,72.06,24.02,2.87,0.58
2013-12-01,0.13,28.47,71.15,23.87,2.44,0.58
2013-12-02,0.87,28.44,73.06,26.19,2.7,0.57
2013-12-03,13.89,27.56,79.67,22.38,1.13,0.58
2013-12-04,10.67,27.37,80.24,19.87,1.44,0.6
2013-12-05,7.74,26.94,82.58,19.44,1.41,0.61
2013-12-06,12.82,27.4,79.47,20.83,0.71,0.62
2013-12-07,5.11,27.86,79.06,22.51,1.13,0.64
2013-12-08,5.63,28.06,77.01,23.47,1.96,0.64
2013-12-09,5.0,28.65,72.22,23.44,2.19,0.64
2013-12-10,7.01,27.46,75.74,15.93,2.3,0.64
2013-12-11,1.38,28.23,73.99,23.95,2.32,0.64
2013-12-12,0.11,28.93,70.02,27.22,1.95,0.63
2013-12-13,3.18,28.18,75.95,24.25,0.65,0.63
2013-12-14,1.67,28.47,73.68,26.31,1.28,0.63
2013-12-15,1.92,27.99,76.1,22.82,1.35,0.63
2013-12-16,5.84,27.55,76.39,21.8,1.36,0.63
2013-12-17,5.16,27.91,74.4,22.28,1.86,0.64
2013-12-18,8.67,28.04,72.33,20.02,1.61,0.64
2013-12-19,6.38,27.83,76.87,23.2,2.3,0.65
2013-12-20,3.28,27.93,75.43,22.04,2.01,0.65
2013-12-21,6.65,26.87,80.64,19.87,1.4,0.65
2013-12-22,9.38,26.9,82.23,21.12,1.64,0.66
2013-12-23,18.55,26.53,85.04,12.29,1.9,0.68
2013-12-24,26.08,26.07,88.23,14.93,2.12,0.71
2013-12-25,22.6,26.29,85.46,15.42,1.44,0.75
2013-12-26,21.13,26.34,87.89,8.65,4.66,0.77
2013-12-27,12.82,26.55,87.84,17.83,5.51,0.79
2013-12-28,6.43,26.9,83.78,19.98,5.33,0.8
2013-12-29,1.51,27.04,81.58,22.44,4.18,0.79
2013-12-30,2.0,27.03,84.23,23.88,2.87,0.78
2013-12-31,4.97,26.97,84.71,20.83,1.55,0.78
2014-01-01,9.06,26.39,86.8,21.42,2.21,0.79
2014-01-02,4.9,27.24,79.58,23.28,0.78,0.79
2014-01-03,4.32,27.24,82.43,23.03,1.22,0.79
2014-01-04,14.74,26.97,84.67,23.83,1.77,0.79
2014-01-05,5.09,27.43,82.49,26.01,1.6,0.8
2014-01-06,2.27,26.76,85.49,16.94,1.84,0.8
2014-01-07,3.9,27.5,80.07,23.1,1.16,0.8
2014-01-08,1.36,27.19,84.82,26.71,1.93,0.79
2014-01-09,1.36,27.08,86.11,25.3,2.17,0.79
2014-01-10,1.28,27.01,82.7,25.15,2.13,0.78
2014-01-11,12.0,26.76,84.55,21.2,2.51,0.78
2014-01-12,14.35,27.02,85.19,21.05,3.79,0.8
2014-01-13,10.28,27.02,86.37,17.9,4.41,0.8
2014-01-14,13.97,27.3,85.64,16.27,5.35,0.82
2014-01-15,36.4,27.17,86.16,15.26,5.42,0.84
2014-01-16,14.45,26.95,86.63,15.76,5.24,0.87
2014-01-17,29.92,26.57,87.32,11.63,5.55,0.89
2014-01-18,21.23,26.46,86.28,16.97,5.42,0.91
2014-01-19,20.1,26.55,89.02,17.8,5.29,0.92
2014-01-20,41.95,25.83,89.93,12.0,4.3,0.94
2014-01-21,31.58,25.27,89.51,9.59,3.77,0.96
2014-01-22,19.87,25.62,89.77,18.48,3.63,0.96
2014-01-23,5.85,25.86,86.29,18.07,2.86,0.96
2014-01-24,9.43,25.82,85.32,23.42,3.73,0.96
2014-01-25,7.08,26.03,84.82,23.44,3.59,0.96
2014-01-26,13.99,26.25,85.73,22.31,3.75,0.96
2014-01-27,3.37,26.21,83.32,21.17,3.78,0.96
2014-01-28,1.14,26.02,84.87,23.66,3.82,0.95
2014-01-29,2.07,26.27,85.11,20.82,3.97,0.94
2014-01-30,10.57,26.21,87.55,12.05,4.4,0.94
2014-01-31,18.17,26.27,90.01,4.26,5.09,0.95
2014-02-01,19.5,26.33,89.34,10.39,5.31,0.95
2014-02-02,25.51,26.05,90.54,19.7,4.73,0.96
2014-02-03,15.71,25.62,90.64,16.84,3.68,0.97
2014-02-04,11.69,25.76,89.33,16.52,3.46,0.97
2014-02-05,7.62,25.87,89.33,22.98,3.39,0.97
2014-02-06,5.57,26.2,88.16,16.03,3.37,0.96
2014-02-07,12.57,26.31,88.66,20.72,3.52,0.96
2014-02-08,16.93,26.37,90.23,16.25,4.45,0.97
2014-02-09,5.96,26.43,89.24,21.81,4.04,0.97
2014-02-10,3.67,26.24,89.25,18.95,4.26,0.96
2014-02-11,5.03,26.34,85.19,23.08,3.67,0.96
2014-02-12,9.26,26.05,87.74,18.06,2.69,0.96
2014-02-13,13.78,26.13,88.18,21.96,3.26,0.96
2014-02-14,12.93,24.67,89.58,8.96,3.5,0.97
2014-02-15,19.88,24.81,85.38,16.98,2.44,0.97
2014-02-16,16.66,25.1,88.6,17.81,2.82,0.97
2014-02-17,30.53,25.2,91.34,20.41,3.54,0.98
2014-02-18,38.32,24.97,91.97,10.08,5.01,0.99
2014-02-19,35.57,24.93,91.98,14.75,3.51,0.99
2014-02-20,18.29,25.12,86.78,14.13,2.65,0.99
2014-02-21,2.71,25.85,82.56,19.02,1.9,0.99
2014-02-22,3.53,25.28,85.84,24.09,2.01,0.98
2014-02-23,5.19,25.47,84.69,24.19,1.56,0.98
2014-02-24,2.49,25.64,84.07,19.57,2.14,0.97
2014-02-25,0.59,25.69,84.96,26.04,2.8,0.96
2014-02-26,0.15,25.34,85.77,26.63,3.02,0.96
2014-02-27,0.01,25.34,82.22,27.83,2.42,0.95
2014-02-28,0.39,25.32,83.18,27.16,2.2,0.93
2014-03-01,2.3,25.83,84.18,19.64,2.59,0.92
2014-03-02,3.52,26.22,86.14,22.15,2.42,0.92
2014-03-03,6.89,26.53,84.05,24.96,1.67,0.92
2014-03-04,4.0,26.63,85.5,24.76,1.91,0.92
2014-03-05,1.56,26.61,84.88,24.54,2.4,0.91
2014-03-06,0.7,26.57,82.0,20.8,2.24,0.9
2014-03-07,1.51,26.42,83.59,17.81,2.05,0.9
2014-03-08,1.33,25.83,86.73,19.44,2.27,0.89
2014-03-09,4.07,26.1,86.09,14.53,2.29,0.89
2014-03-10,2.11,26.0,83.34,18.3,1.64,0.89
2014-03-11,1.7,26.42,81.39,23.57,1.23,0.88
2014-03-12,0.92,26.81,79.27,25.32,1.01,0.87
2014-03-13,2.21,26.98,78.99,24.8,1.08,0.86
2014-03-14,1.81,27.03,80.26,21.15,1.15,0.86
2014-03-15,2.15,26.98,80.22,20.85,1.08,0.85
2014-03-16,4.83,26.99,81.47,21.24,1.22,0.85
2014-03-17,4.56,27.62,76.73,25.75,1.35,0.85
2014-03-18,7.22,27.06,80.15,22.12,2.95,0.84
2014-03-19,13.84,27.01,86.95,15.38,5.74,0.86
2014-03-20,0.07,27.09,77.26,26.6,2.72,0.85
2014-03-21,0.24,26.87,75.05,25.99,1.53,0.84
2014-03-22,0.19,27.24,75.31,25.41,1.31,0.82
2014-03-23,0.1,27.33,74.88,25.48,1.53,0.81
2014-03-24,5.78,27.38,77.18,19.96,0.85,0.81
2014-03-25,5.1,27.45,76.73,23.75,0.89,0.81
2014-03-26,3.27,27.4,78.45,24.48,1.53,0.81
2014-03-27,0.11,27.04,78.09,25.99,2.61,0.8
2014-03-28,0.0,26.45,75.8,26.04,2.92,0.79
2014-03-29,0.0,26.72,68.42,26.67,2.05,0.77
2014-03-30,0.0,27.14,75.46,24.71,1.36,0.76
2014-03-31,0.02,27.45,80.1,24.22,2.58,0.75
2014-04-01,0.5,27.43,81.71,18.54,2.45,0.74
2014-04-02,0.44,27.87,77.89,23.5,2.17,0.74
2014-04-03,0.32,27.56,78.36,23.95,2.32,0.73
2014-04-04,0.34,27.57,74.76,24.97,1.38,0.72
2014-04-05,0.16,27.56,75.35,22.88,1.37,0.71
2014-04-06,0.13,27.64,76.05,23.57,1.25,0.7
2014-04-07,8.63,27.57,76.0,22.37,1.45,0.7
2014-04-08,2.01,27.16,77.9,22.8,2.01,0.7
2014-04-09,4.77,27.17,76.63,21.23,1.17,0.7
2014-04-10,0.78,26.47,82.72,21.79,1.6,0.7
2014-04-11,5.16,26.53,79.49,12.65,1.61,0.7
2014-04-12,7.61,26.36,82.52,6.66,2.39,0.7
2014-04-13,13.03,26.76,82.14,15.52,1.97,0.71
2014-04-14,3.51,27.3,80.92,21.56,2.8,0.72
2014-04-15,2.73,27.38,79.82,20.67,3.47,0.71
2014-04-16,4.56,26.6,84.84,13.06,3.92,0.71
2014-04-17,6.8,26.9,82.77,16.74,3.15,0.72
2014-04-18,0.3,27.07,75.24,23.79,2.67,0.71
2014-04-19,0.21,27.07,76.69,22.97,1.8,0.7
2014-04-20,1.77,26.95,82.08,19.51,2.71,0.69
2014-04-21,0.39,27.47,79.51,22.17,2.36,0.69
2014-04-22,0.21,27.19,78.11,21.7,2.85,0.68
2014-04-23,0.01,27.61,75.3,19.54,1.72,0.67
2014-04-24,0.0,27.77,69.87,23.43,1.77,0.66
2014-04-25,0.0,27.5,69.25,23.62,1.59,0.66
2014-04-26,0.22,27.68,68.48,22.98,1.72,0.65
2014-04-27,0.11,27.64,68.64,22.6,1.41,0.64
2014-04-28,0.31,27.6,72.35,21.27,2.54,0.63
2014-04-29,3.44,27.73,78.25,18.56,1.31,0.63
2014-04-30,0.9,28.0,76.13,21.27,1.52,0.63
2014-05-01,0.14,27.71,74.7,17.34,2.11,0.62
2014-05-02,0.01,27.68,74.61,22.05,2.01,0.62
2014-05-03,0.23,27.79,72.7,21.08,1.72,0.61
2014-05-04,0.68,27.78,72.57,21.86,0.89,0.61
2014-05-05,2.16,27.65,73.88,22.04,1.93,0.6
2014-05-06,10.71,27.36,79.36,15.04,3.12,0.61
2014-05-07,0.04,27.49,70.31,21.9,4.21,0.61
2014-05-08,0.0,27.17,67.46,21.73,2.63,0.6
2014-05-09,0.09,27.74,73.28,21.2,3.06,0.6
2014-05-10,0.22,27.91,70.99,21.12,3.4,0.59
2014-05-11,0.01,27.6,73.66,20.23,2.91,0.59
2014-05-12,0.0,27.83,70.86,20.39,3.28,0.58
2014-05-13,0.0,27.7,72.11,20.73,3.53,0.58
2014-05-14,0.02,27.37,70.67,20.96,3.82,0.57
2014-05-15,0.12,27.53,68.63,21.44,3.79,0.57
2014-05-16,0.06,27.51,70.91,20.83,3.22,0.56
2014-05-17,5.16,27.47,73.82,19.95,1.97,0.56
2014-05-18,6.55,26.87,80.38,16.87,3.23,0.58
2014-05-19,0.17,27.47,72.58,20.4,4.03,0.58
2014-05-20,0.83,27.21,73.36,19.2,3.56,0.57
2014-05-21,0.0,27.32,69.72,20.73,4.13,0.57
2014-05-22,0.0,27.4,71.72,19.76,3.68,0.56
2014-05-23,0.19,27.48,73.57,19.02,4.22,0.56
2014-05-24,0.24,27.71,72.13,19.43,4.13,0.55
2014-05-25,0.03,27.91,68.32,20.52,3.42,0.55
2014-05-26,0.0,28.08,69.26,20.54,3.54,0.55
2014-05-27,0.5,27.77,75.19,15.39,4.28,0.54
2014-05-28,0.26,27.73,69.34,19.92,4.3,0.54
2014-05-29,0.43,26.95,72.02,19.66,3.98,0.54
2014-05-30,0.0,27.78,66.26,19.38,2.47,0.54
2014-05-31,0.13,27.6,70.87,16.13,3.43,0.53
2014-06-01,0.03,27.5,70.61,18.92,4.16,0.53
2014-06-02,0.01,27.83,68.87,19.28,3.88,0.53
2014-06-03,0.04,27.49,73.71,17.63,4.14,0.52
2014-06-04,0.25,27.5,71.53,16.9,4.53,0.52
2014-06-05,0.11,27.63,70.48,18.29,4.81,0.52
2014-06-06,0.01,27.83,66.68,16.66,5.52,0.52
2014-06-07,0.01,27.83,67.27,18.16,5.74,0.51
2014-06-08,0.1,27.56,68.64,15.73,5.92,0.51
2014-06-09,0.01,27.52,65.17,17.74,5.22,0.51
2014-06-10,0.0,27.24,61.58,19.08,4.04,0.51
2014-06-11,0.0,26.34,67.77,16.47,4.08,0.51
2014-06-12,0.01,25.95,66.16,16.86,3.34,0.5
2014-06-13,0.0,26.07,58.08,17.63,4.15,0.5
2014-06-14,0.0,26.24,63.24,17.38,4.83,0.5
2014-06-15,1.27,26.1,71.76,9.17,5.3,0.5
2014-06-16,0.83,25.44,72.98,10.14,5.97,0.5
2014-06-17,0.0,25.96,65.73,18.4,4.21,0.5
2014-06-18,0.02,26.22,68.02,18.53,4.33,0.5
2014-06-19,0.29,26.74,72.48,15.3,4.7,0.49
2014-06-20,0.59,26.86,74.01,15.38,3.88,0.49
2014-06-21,2.44,27.04,74.93,14.31,4.22,0.5
2014-06-22,0.13,27.13,69.13,17.64,3.55,0.5
2014-06-23,0.08,26.53,65.88,19.44,4.32,0.49
2014-06-24,0.0,26.5,61.95,19.31,5.01,0.49
2014-06-25,0.0,26.0,59.77,19.14,4.38,0.49
2014-06-26,0.0,25.34,60.34,18.17,4.78,0.49
2014-06-27,0.0,25.49,66.89,18.16,4.05,0.49
2014-06-28,0.0,25.7,65.67,18.7,3.94,0.49
2014-06-29,0.0,26.19,65.54,18.8,4.1,0.49
2014-06-30,0.05,26.11,66.17,18.09,4.48,0.49
2014-07-01,0.0,25.85,61.62,18.22,5.48,0.49
2014-07-02,0.0,25.87,58.58,19.08,4.47,0.48
2014-07-03,0.01,25.88,66.56,15.3,4.43,0.48
2014-07-04,0.01,26.21,68.4,16.98,4.68,0.48
2014-07-05,0.01,26.14,67.86,15.93,4.78,0.48
2014-07-06,0.01,26.24,64.11,18.79,3.61,0.48
2014-07-07,0.01,26.23,65.4,19.31,3.03,0.48
2014-07-08,0.0,25.96,61.41,20.09,3.49,0.48
2014-07-09,0.0,25.85,62.6,19.8,3.93,0.48
2014-07-10,0.0,26.53,59.82,19.88,2.58,0.48
2014-07-11,0.04,26.92,65.85,19.11,2.25,0.48
2014-07-12,0.29,27.15,69.56,16.96,2.36,0.48
2014-07-13,2.69,26.8,74.04,17.88,1.63,0.48
2014-07-14,10.76,25.13,85.63,7.58,4.91,0.5
2014-07-15,3.47,25.03,83.64,9.66,4.67,0.51
2014-07-16,1.88,26.23,72.66,17.14,3.82,0.51
2014-07-17,0.02,25.96,71.14,20.26,4.42,0.51
2014-07-18,0.01,26.07,69.8,20.47,3.52,0.5
2014-07-19,0.03,26.03,70.88,19.96,4.5,0.5
2014-07-20,0.0,25.65,68.1,20.26,4.17,0.5
2014-07-21,0.0,25.51,67.48,20.09,3.81,0.5
2014-07-22,0.0,24.86,67.53,20.45,2.97,0.49
2014-07-23,0.31,24.99,66.98,18.63,4.11,0.49
2014-07-24,0.0,25.21,63.1,20.85,3.01,0.49
2014-07-25,0.0,25.38,63.63,21.18,4.02,0.49
2014-07-26,0.14,25.38,67.63,20.83,3.98,0.49
2014-07-27,0.04,25.57,65.71,20.57,4.06,0.49
2014-07-28,0.05,25.96,66.81,20.37,3.49,0.49
2014-07-29,0.01,25.97,66.47,21.34,4.71,0.49
2014-07-30,0.01,26.4,65.77,21.28,3.92,0.49
2014-07-31,0.19,26.45,68.01,18.28,3.71,0.48
2014-08-01,0.37,26.91,66.81,17.04,3.86,0.48
2014-08-02,0.09,27.16,66.29,19.5,3.72,0.48
2014-08-03,0.01,26.94,67.37,21.02,4.8,0.48
2014-08-04,0.01,26.47,66.4,19.6,6.0,0.48
2014-08-05,0.0,26.04,61.26,20.32,5.89,0.48
2014-08-06,0.0,25.97,58.02,17.87,4.5,0.48
2014-08-07,0.0,26.33,62.9,22.0,4.19,0.48
2014-08-08,0.0,26.21,66.65,21.19,4.75,0.48
2014-08-09,0.0,26.0,68.08,21.61,5.06,0.48
2014-08-10,0.0,25.68,62.59,22.57,5.0,0.48
2014-08-11,0.0,25.82,61.69,22.24,4.61,0.48
2014-08-12,0.0,25.83,59.53,22.38,4.54,0.48
2014-08-13,0.06,25.83,62.71,20.13,4.86,0.48
2014-08-14,0.13,25.81,61.95,21.4,4.91,0.48
2014-08-15,0.0,25.22,59.92,22.66,5.41,0.48
2014-08-16,0.0,24.96,59.05,22.74,5.02,0.48
2014-08-17,0.07,25.2,60.49,20.8,4.83,0.48
2014-08-18,0.0,25.76,58.42,22.39,4.44,0.48
2014-08-19,0.0,26.19,58.3,22.9,3.13,0.48
2014-08-20,0.0,26.35,58.31,23.15,4.1,0.48
2014-08-21,0.0,26.42,55.48,23.83,3.8,0.48
2014-08-22,0.0,26.2,58.4,23.4,4.22,0.48
2014-08-23,0.0,25.22,58.04,24.26,5.13,0.48
2014-08-24,0.0,24.57,53.98,24.83,4.48,0.48
2014-08-25,0.0,25.01,60.8,23.71,4.41,0.48
2014-08-26,0.0,25.6,63.48,23.77,4.36,0.48
2014-08-27,0.0,25.74,57.63,24.51,3.97,0.48
2014-08-28,0.0,25.96,58.35,23.63,3.34,0.48
2014-08-29,0.0,25.76,59.63,24.46,4.04,0.48
2014-08-30,0.0,25.53,56.93,24.76,3.92,0.48
2014-08-31,0.0,25.53,58.0,24.95,3.58,0.48
2014-09-01,0.0,25.58,54.32,24.53,3.76,0.48
2014-09-02,0.0,25.18,58.15,23.8,3.87,0.48
2014-09-03,0.0,25.66,59.25,22.55,3.81,0.48
2014-09-04,0.0,25.84,59.94,24.87,3.88,0.48
2014-09-05,0.0,26.19,55.46,25.58,3.0,0.48
2014-09-06,0.0,25.4,59.91,25.98,4.12,0.48
2014-09-07,0.0,25.62,59.92,25.57,3.51,0.48
2014-09-08,0.0,26.05,61.4,25.48,4.03,0.48
2014-09-09,0.01,25.91,61.43,25.41,3.62,0.48
2014-09-10,0.0,26.14,58.73,25.76,3.72,0.48
2014-09-11,0.0,26.77,54.77,25.86,3.59,0.48
2014-09-12,0.0,27.04,53.34,25.46,2.42,0.48
2014-09-13,0.0,27.32,52.85,25.37,3.37,0.48
2014-09-14,0.0,27.16,55.37,25.67,2.89,0.48
2014-09-15,0.0,26.73,55.03,24.51,3.25,0.48
2014-09-16,0.0,27.15,59.87,25.4,2.59,0.48
2014-09-17,0.0,27.59,59.68,24.83,2.14,0.48
2014-09-18,0.0,27.46,56.16,25.24,3.61,0.48
2014-09-19,0.0,27.21,55.4,25.74,3.73,0.48
2014-09-20,0.0,26.46,60.96,26.45,4.36,0.48
2014-09-21,0.0,26.98,60.48,26.02,3.61,0.48
2014-09-22,0.0,26.98,54.71,26.42,2.55,0.48
2014-09-23,0.0,27.27,55.66,26.22,2.69,0.48
2014-09-24,0.0,27.52,57.11,26.48,2.2,0.48
2014-09-25,0.0,27.68,59.83,25.85,2.64,0.48
2014-09-26,0.0,27.96,62.16,25.38,2.59,0.48
2014-09-27,0.0,28.2,60.5,25.62,2.3,0.48
2014-09-28,0.0,28.19,58.08,26.28,3.87,0.48
2014-09-29,0.0,27.89,51.41,26.74,2.71,0.48
2014-09-30,0.0,27.67,55.29,26.82,2.75,0.48
2014-10-01,0.0,27.29,61.73,24.71,3.59,0.48
2014-10-02,0.0,27.23,61.36,25.93,3.47,0.48
2014-10-03,0.0,27.29,61.87,26.53,3.62,0.48
2014-10-04,0.0,27.38,62.8,26.25,3.48,0.48
2014-10-05,0.0,27.93,59.95,26.08,3.38,0.48
2014-10-06,0.0,27.91,61.59,26.17,3.7,0.48
2014-10-07,0.0,28.16,59.45,26.19,2.67,0.48
2014-10-08,0.0,28.57,55.24,26.83,2.58,0.48
2014-10-09,0.0,28.81,58.75,26.51,2.56,0.48
2014-10-10,0.0,28.98,55.48,23.25,1.69,0.48
2014-10-11,0.03,29.27,56.74,26.9,2.45,0.48
2014-10-12,0.05,29.23,56.9,26.14,2.22,0.48
2014-10-13,0.02,29.19,54.56,25.78,1.47,0.48
2014-10-14,0.0,29.1,56.69,26.86,3.05,0.48
2014-10-15,0.0,29.38,55.34,26.54,3.01,0.48
2014-10-16,0.0,29.33,54.84,26.8,2.58,0.48
2014-10-17,0.0,29.02,55.62,26.91,2.3,0.48
2014-10-18,0.0,28.96,53.69,26.85,3.58,0.48
2014-10-19,0.0,28.65,57.97,26.6,3.35,0.48
2014-10-20,0.0,28.94,58.62,26.11,3.38,0.48
2014-10-21,0.0,28.58,57.54,26.91,3.79,0.48
2014-10-22,0.0,28.47,57.72,27.04,3.11,0.48
2014-10-23,0.0,28.7,58.0,27.36,2.92,0.48
2014-10-24,0.0,28.64,55.45,27.55,3.53,0.48
2014-10-25,0.0,28.41,57.56,26.94,2.94,0.48
2014-10-26,0.0,28.44,57.02,26.75,2.59,0.48
2014-10-27,0.0,28.6,56.17,27.41,1.68,0.48
2014-10-28,0.0,28.78,55.15,27.61,2.36,0.48
2014-10-29,0.0,28.66,56.98,28.36,2.94,0.48
2014-10-30,0.0,28.68,58.66,27.76,3.38,0.48
2014-10-31,0.0,28.71,60.0,27.82,3.14,0.47
2014-11-01,0.0,29.19,53.38,28.49,3.08,0.47
2014-11-02,0.0,28.73,51.84,25.41,2.9,0.47
2014-11-03,0.0,29.36,54.89,25.74,2.48,0.47
2014-11-04,0.02,29.45,60.16,25.92,2.96,0.47
2014-11-05,0.07,30.02,58.77,26.77,1.84,0.48
2014-11-06,2.51,29.39,64.53,25.04,1.73,0.48
2014-11-07,0.57,29.5,64.71,26.08,2.13,0.48
2014-11-08,0.31,29.83,61.64,26.79,2.2,0.48
2014-11-09,0.06,29.76,59.85,26.86,2.17,0.48
2014-11-10,0.02,30.32,53.65,27.42,2.14,0.48
2014-11-11,0.01,29.95,57.99,27.0,2.72,0.48
2014-11-12,0.0,30.07,55.46,27.2,1.4,0.48
2014-11-13,0.28,30.08,57.82,26.55,1.44,0.48
2014-11-14,0.25,29.69,60.9,27.26,1.86,0.48
2014-11-15,0.1,29.58,58.42,27.51,1.76,0.48
2014-11-16,0.09,29.6,61.74,25.04,1.78,0.48
2014-11-17,0.02,30.04,58.24,26.55,1.41,0.48
2014-11-18,0.0,29.77,56.72,25.54,3.22,0.48
2014-11-19,0.0,29.94,56.58,27.31,1.84,0.48
2014-11-20,0.0,30.68,52.57,27.84,1.7,0.48
2014-11-21,0.0,30.24,56.56,27.73,1.81,0.48
2014-11-22,10.63,29.84,59.82,26.58,1.36,0.49
2014-11-23,2.33,29.94,64.56,27.21,1.52,0.5
2014-11-24,0.04,30.0,62.43,27.6,2.06,0.49
2014-11-25,0.61,29.93,62.52,25.34,2.44,0.49
2014-11-26,1.77,29.92,63.49,21.33,1.66,0.49
2014-11-27,27.82,28.74,72.33,24.33,1.53,0.51
2014-11-28,12.88,28.88,73.11,23.9,1.82,0.56
2014-11-29,17.81,28.65,74.63,25.61,1.58,0.57
2014-11-30,17.33,28.41,75.49,22.54,1.35,0.6
2014-12-01,17.24,28.04,76.38,21.04,1.57,0.61
2014-12-02,8.76,27.83,79.38,23.78,1.68,0.64
2014-12-03,7.85,27.36,81.43,21.8,1.73,0.64
2014-12-04,9.93,26.79,85.56,8.95,2.52,0.65
2014-12-05,3.65,28.16,77.44,24.09,1.65,0.66
2014-12-06,9.01,27.78,81.92,19.66,1.9,0.66
2014-12-07,10.19,26.99,88.82,15.55,3.47,0.67
2014-12-08,24.81,26.65,87.11,13.17,2.37,0.69
2014-12-09,15.96,27.09,80.41,21.68,1.21,0.72
2014-12-10,12.48,26.1,86.49,22.56,2.31,0.74
2014-12-11,33.3,26.49,84.92,13.72,2.18,0.77
2014-12-12,14.93,26.69,84.63,18.32,1.79,0.8
2014-12-13,0.67,26.88,84.22,21.71,1.72,0.8
2014-12-14,2.33,26.81,86.06,21.99,1.48,0.79
2014-12-15,1.65,27.05,84.97,24.32,1.96,0.79
2014-12-16,2.92,27.23,84.64,21.92,2.12,0.78
2014-12-17,3.8,26.93,88.61,14.81,2.39,0.78
2014-12-18,3.8,27.0,87.23,21.55,2.18,0.79
2014-12-19,1.83,27.49,82.18,21.97,1.34,0.78
2014-12-20,1.72,27.55,82.76,22.68,1.51,0.78
2014-12-21,0.79,28.17,77.58,26.25,1.29,0.77
2014-12-22,0.73,28.1,76.12,25.97,1.24,0.76
2014-12-23,2.02,27.75,79.74,23.99,1.25,0.76
2014-12-24,5.81,27.26,84.23,22.67,1.45,0.76
2014-12-25,1.68,27.55,82.57,25.64,1.73,0.76
2014-12-26,5.62,27.96,78.36,22.77,1.98,0.76
2014-12-27,26.3,27.73,82.21,19.73,1.68,0.77
2014-12-28,15.85,27.57,84.69,20.06,1.86,0.8
2014-12-29,11.85,27.45,83.98,20.6,2.17,0.81
2014-12-30,9.04,27.1,82.93,21.31,1.31,0.82
2014-12-31,23.61,26.48,86.94,16.47,2.07,0.83
2015-01-01,28.68,26.21,89.88,4.16,3.18,0.85
2015-01-02,76.86,25.98,90.38,11.8,3.98,0.9
2015-01-03,48.31,26.07,88.83,11.84,4.53,0.95
2015-01-04,24.33,26.19,87.73,20.69,4.84,0.96
2015-01-05,6.29,26.51,86.69,22.34,4.68,0.95
2015-01-06,3.35,26.67,86.21,21.01,5.16,0.95
2015-01-07,5.97,26.66,85.27,20.97,5.54,0.94
2015-01-08,3.82,26.73,86.28,21.16,5.55,0.93
2015-01-09,15.07,26.85,86.44,19.43,5.82,0.93
2015-01-10,31.81,26.81,88.45,22.99,4.67,0.95
2015-01-11,18.13,26.21,88.15,16.92,3.47,0.96
2015-01-12,5.18,25.78,88.78,21.32,2.24,0.96
2015-01-13,2.49,26.0,86.83,23.75,1.92,0.95
2015-01-14,0.34,26.32,83.92,26.09,2.38,0.95
2015-01-15,0.68,26.21,84.04,21.95,2.51,0.94
2015-01-16,1.06,26.45,82.68,24.33,2.39,0.93
2015-01-17,1.11,26.33,85.09,23.84,2.73,0.92
2015-01-18,0.05,26.44,83.83,22.47,2.27,0.91
2015-01-19,2.6,26.48,82.31,21.3,1.8,0.9
2015-01-20,1.31,26.65,83.75,19.47,1.93,0.9
2015-01-21,3.06,26.14,86.72,21.96,2.1,0.89
2015-01-22,5.35,25.96,89.55,24.09,3.03,0.9
2015-01-23,35.75,25.78,91.66,14.43,4.03,0.91
2015-01-24,34.76,26.1,89.92,2.69,3.89,0.95
2015-01-25,23.36,26.01,89.47,22.36,2.99,0.97
2015-01-26,25.5,25.84,90.54,10.23,2.29,0.97
2015-01-27,25.85,26.25,88.25,22.06,2.67,0.98
2015-01-28,12.61,26.28,88.83,20.46,3.53,0.98
2015-01-29,9.91,26.05,88.31,16.89,2.5,0.98
2015-01-30,7.0,25.84,89.13,22.73,2.57,0.98
2015-01-31,5.23,25.83,89.59,22.03,2.32,0.98
2015-02-01,4.23,26.02,85.31,19.46,2.77,0.97
2015-02-02,3.35,26.03,84.89,24.91,2.76,0.97
2015-02-03,11.02,26.43,83.28,24.52,2.17,0.96
2015-02-04,9.44,26.39,87.59,23.12,2.46,0.97
2015-02-05,15.86,25.9,89.36,21.35,2.37,0.97
2015-02-06,16.89,26.06,77.1,19.72,1.54,0.98
2015-02-07,3.19,26.71,78.54,25.73,1.13,0.97
2015-02-08,0.16,26.99,76.82,27.3,1.5,0.96
2015-02-09,10.25,27.11,78.16,25.72,1.61,0.95
2015-02-10,16.74,25.84,87.53,13.87,1.92,0.96
2015-02-11,6.37,26.9,81.21,13.68,1.07,0.96
2015-02-12,4.15,26.23,85.78,24.66,1.41,0.96
2015-02-13,0.59,26.13,86.47,26.6,1.74,0.95
2015-02-14,5.07,26.26,84.0,27.01,1.68,0.95
2015-02-15,6.75,26.2,83.62,21.1,1.95,0.95
2015-02-16,2.01,26.46,81.58,25.89,2.03,0.94
2015-02-17,1.1,26.63,83.55,24.95,1.93,0.93
2015-02-18,0.14,26.73,87.03,24.69,2.33,0.92
2015-02-19,8.66,26.57,89.01,23.08,2.86,0.92
2015-02-20,21.78,25.84,89.38,12.64,4.63,0.94
2015-02-21,8.92,25.77,86.51,18.1,4.56,0.94
2015-02-22,9.36,26.0,88.15,15.66,4.82,0.94
2015-02-23,6.48,26.15,87.84,23.93,3.96,0.94
2015-02-24,12.59,25.33,89.61,21.84,3.31,0.94
2015-02-25,2.18,25.46,87.84,21.93,2.8,0.94
2015-02-26,4.86,25.58,87.56,23.25,2.42,0.94
2015-02-27,6.77,25.69,87.8,17.99,2.61,0.94
2015-02-28,24.31,25.26,83.61,17.61,1.76,0.95
2015-03-01,20.69,25.53,86.23,23.03,2.14,0.96
2015-03-02,10.03,25.97,85.32,22.97,2.54,0.96
2015-03-03,12.76,25.64,88.87,16.96,2.92,0.96
2015-03-04,12.74,25.88,89.0,20.67,3.25,0.97
2015-03-05,11.65,26.15,87.09,18.66,2.01,0.97
2015-03-06,45.76,25.35,89.98,14.16,2.59,0.98
2015-03-07,42.99,25.3,89.49,19.33,2.74,1.0
2015-03-08,1.72,25.51,86.69,20.03,2.76,0.99
2015-03-09,0.81,25.79,87.52,24.51,2.04,0.98
2015-03-10,0.72,25.87,86.92,23.63,1.98,0.98
2015-03-11,1.2,26.29,86.31,22.97,1.71,0.97
2015-03-12,0.69,26.25,87.0,25.48,1.83,0.97
2015-03-13,0.75,26.48,87.16,23.64,2.43,0.96
2015-03-14,15.51,26.31,88.21,23.29,2.7,0.96
2015-03-15,11.01,26.4,86.12,23.79,1.8,0.97
2015-03-16,3.16,25.88,90.01,25.46,2.36,0.96
2015-03-17,1.76,25.95,87.93,25.61,2.25,0.96
2015-03-18,0.87,26.64,82.05,25.59,1.48,0.95
2015-03-19,0.13,27.13,80.43,26.02,1.71,0.94
2015-03-20,0.05,27.1,79.24,25.94,2.14,0.93
2015-03-21,0.21,27.45,76.7,24.99,1.18,0.92
2015-03-22,0.21,27.63,77.3,24.87,1.16,0.91
2015-03-23,1.14,27.02,81.98,21.48,1.99,0.9
2015-03-24,20.69,27.02,81.33,21.26,1.78,0.9
2015-03-25,5.6,27.65,75.67,23.58,1.16,0.91
2015-03-26,12.74,27.19,80.59,21.2,1.54,0.91
2015-03-27,6.74,26.34,86.73,17.26,2.01,0.92
2015-03-28,3.16,26.64,83.95,15.39,2.06,0.91
2015-03-29,1.21,26.65,84.83,23.56,2.2,0.91
2015-03-30,0.5,26.95,81.58,24.87,2.88,0.9
2015-03-31,0.58,27.07,80.37,25.16,3.07,0.89
2015-04-01,0.21,26.97,82.33,25.25,3.12,0.88
2015-04-02,0.07,27.11,81.36,24.86,2.73,0.87
2015-04-03,0.27,27.21,80.64,22.58,2.09,0.86
2015-04-04,2.66,26.98,81.38,23.45,2.32,0.85
2015-04-05,1.44,27.13,82.1,19.93,1.96,0.85
2015-04-06,0.76,27.48,79.86,24.12,1.19,0.84
2015-04-07,3.45,27.59,74.43,24.38,0.92,0.83
2015-04-08,1.07,27.04,77.39,22.0,2.1,0.82
2015-04-09,1.33,27.24,81.51,23.32,3.15,0.81
2015-04-10,0.15,27.34,78.71,23.93,2.51,0.8
2015-04-11,0.03,27.26,78.06,22.31,2.68,0.79
2015-04-12,0.0,26.92,77.44,24.05,2.24,0.78
2015-04-13,0.03,27.06,75.97,21.71,1.04,0.77
2015-04-14,0.16,27.36,75.19,23.56,1.65,0.76
2015-04-15,0.8,27.05,80.24,20.25,2.6,0.76
2015-04-16,1.59,27.47,80.95,22.06,2.62,0.75
2015-04-17,2.66,27.25,80.55,20.72,1.58,0.74
2015-04-18,2.34,27.21,79.26,22.04,1.16,0.74
2015-04-19,11.18,27.08,81.48,22.48,1.38,0.74
2015-04-20,3.32,26.95,80.12,21.66,2.67,0.75
2015-04-21,2.81,26.6,82.26,15.83,1.7,0.75
2015-04-22,4.48,26.67,82.68,18.76,0.87,0.75
2015-04-23,2.69,26.83,80.89,19.66,1.12,0.75
2015-04-24,12.59,26.48,84.07,19.5,1.49,0.75
2015-04-25,9.04,26.01,85.35,19.74,2.4,0.77
2015-04-26,6.33,26.57,78.78,16.46,1.89,0.77
2015-04-27,2.12,26.26,78.35,18.11,2.85,0.77
2015-04-28,0.02,26.09,75.83,20.39,2.66,0.76
2015-04-29,1.68,26.6,80.48,20.58,2.68,0.74
2015-04-30,1.0,26.57,80.89,17.17,2.33,0.74
2015-05-01,1.15,26.46,77.07,20.79,3.39,0.73
2015-05-02,4.72,26.51,79.35,20.72,2.95,0.72
2015-05-03,0.88,26.05,77.45,22.18,3.12,0.72
2015-05-04,0.01,24.75,75.9,21.07,3.2,0.71
2015-05-05,0.0,25.1,70.73,22.81,2.0,0.71
2015-05-06,0.0,25.25,68.33,22.85,1.59,0.7
2015-05-07,0.02,25.47,77.48,21.98,3.46,0.69
2015-05-08,0.01,25.9,76.25,21.44,4.11,0.68
2015-05-09,0.02,26.06,74.24,20.13,3.78,0.67
2015-05-10,0.01,26.53,73.17,21.07,3.46,0.66
2015-05-11,0.05,26.61,78.87,15.36,3.6,0.66
2015-05-12,0.05,26.45,76.54,21.28,4.53,0.65
2015-05-13,0.0,26.12,71.56,21.92,4.27,0.64
2015-05-14,0.0,25.86,71.12,21.03,4.43,0.64
2015-05-15,0.0,25.42,68.79,19.34,4.75,0.63
2015-05-16,0.0,24.88,68.38,21.42,3.87,0.62
2015-05-17,0.02,25.31,66.91,21.45,2.19,0.62
2015-05-18,0.06,25.97,73.88,19.87,3.13,0.61
2015-05-19,0.76,26.21,80.44,14.84,2.82,0.6
2015-05-20,1.93,26.28,80.28,14.04,1.76,0.6
2015-05-21,0.2,26.67,75.15,20.69,3.15,0.6
2015-05-22,0.0,26.7,73.44,20.31,2.85,0.6
2015-05-23,0.02,26.7,72.9,19.8,3.2,0.59
2015-05-24,0.01,26.63,71.68,20.23,3.08,0.58
2015-05-25,0.01,26.96,70.49,20.8,2.9,0.58
2015-05-26,0.0,27.11,72.09,20.12,2.73,0.58
2015-05-27,0.32,26.95,74.76,19.14,3.3,0.57
2015-05-28,1.6,26.77,78.62,19.38,4.1,0.57
2015-05-29,0.51,27.1,71.57,19.98,3.65,0.57
2015-05-30,0.03,26.75,76.0,16.15,3.07,0.56
2015-05-31,0.11,27.06,75.37,19.58,3.42,0.56
2015-06-01,0.88,27.28,76.66,19.13,3.2,0.56
2015-06-02,7.91,26.59,80.62,14.91,4.61,0.56
2015-06-03,0.47,26.89,73.53,19.07,4.67,0.56
2015-06-04,0.08,26.78,71.24,19.34,5.1,0.56
2015-06-05,0.03,26.91,67.31,17.99,5.25,0.55
2015-06-06,0.4,27.01,71.94,18.2,4.71,0.55
2015-06-07,0.52,26.83,75.63,13.68,4.78,0.55
2015-06-08,0.06,26.9,66.77,19.14,4.52,0.54
2015-06-09,0.07,26.38,71.18,17.13,4.3,0.54
2015-06-10,0.22,26.58,69.91,16.15,3.71,0.54
2015-06-11,0.04,26.27,67.18,18.27,3.73,0.54
2015-06-12,0.25,26.44,71.23,18.72,3.73,0.53
2015-06-13,0.06,26.02,70.06,20.12,3.81,0.53
2015-06-14,0.18,26.31,69.9,18.66,3.37,0.53
2015-06-15,0.28,26.59,73.28,17.55,2.89,0.52
2015-06-16,0.02,26.95,69.73,19.38,3.76,0.52
2015-06-17,0.02,26.45,69.52,19.42,3.55,0.52
2015-06-18,0.03,26.42,69.0,19.91,3.62,0.52
2015-06-19,0.01,26.26,69.81,18.88,4.51,0.51
2015-06-20,0.0,25.97,65.16,19.37,3.93,0.51
2015-06-21,0.0,25.65,63.42,19.14,3.7,0.51
2015-06-22,0.01,25.0,63.65,20.01,4.46,0.51
2015-06-23,0.0,24.89,65.43,19.97,4.18,0.51
2015-06-24,0.0,25.18,62.99,20.68,4.34,0.51
2015-06-25,0.0,25.81,65.34,19.55,3.89,0.5
2015-06-26,0.0,26.1,62.22,18.0,4.17,0.5
2015-06-27,0.03,25.74,64.96,15.89,3.68,0.5
2015-06-28,0.02,25.96,66.1,18.05,4.28,0.5
2015-06-29,0.01,25.47,65.07,19.7,4.21,0.5
2015-06-30,0.01,25.61,61.71,20.15,3.31,0.5
2015-07-01,0.02,26.16,60.16,20.31,3.63,0.5
2015-07-02,0.04,25.8,62.19,20.14,3.38,0.49
2015-07-03,0.43,25.32,73.22,16.89,3.84,0.49
2015-07-04,0.09,26.06,64.88,18.83,4.07,0.49
2015-07-05,0.01,25.38,60.24,20.39,4.31,0.49
2015-07-06,0.0,25.17,60.34,20.18,2.54,0.49
2015-07-07,0.35,25.84,66.91,19.1,1.58,0.49
2015-07-08,0.35,25.29,73.48,16.89,1.68,0.49
2015-07-09,0.06,26.0,69.51,18.08,1.35,0.49
2015-07-10,0.05,26.7,66.15,18.58,2.03,0.49
2015-07-11,0.03,26.19,66.98,19.81,4.01,0.49
2015-07-12,0.01,26.55,66.41,20.02,4.71,0.48
2015-07-13,0.01,25.93,64.4,19.63,5.17,0.48
2015-07-14,0.0,25.5,59.06,17.57,4.64,0.48
2015-07-15,0.01,24.83,63.38,18.44,4.14,0.48
2015-07-16,0.02,25.48,65.81,19.82,3.77,0.48
2015-07-17,0.02,25.7,63.92,17.15,4.38,0.48
2015-07-18,0.01,25.52,64.33,17.52,5.08,0.48
2015-07-19,0.01,25.45,63.2,18.66,4.71,0.48
2015-07-20,0.01,25.78,61.33,18.77,2.56,0.48
2015-07-21,0.02,26.02,69.18,19.67,2.7,0.48
2015-07-22,0.02,26.61,66.59,19.56,3.47,0.48
2015-07-23,0.0,26.0,65.24,20.69,3.08,0.48
2015-07-24,0.0,25.69,64.46,21.2,3.12,0.48
2015-07-25,0.04,26.28,68.06,20.54,2.59,0.48
2015-07-26,0.02,26.33,67.48,20.37,4.15,0.48
2015-07-27,1.02,26.45,69.96,20.84,3.88,0.48
2015-07-28,0.48,25.82,69.78,17.43,5.12,0.48
2015-07-29,0.0,25.83,63.34,20.23,5.13,0.48
2015-07-30,0.02,25.88,65.41,20.65,4.6,0.48
2015-07-31,0.0,25.87,65.37,21.52,4.17,0.48
2015-08-01,0.02,25.4,65.31,21.11,3.66,0.48
2015-08-02,0.11,25.74,64.22,21.35,4.2,0.48
2015-08-03,0.0,25.47,60.12,22.43,3.43,0.48
2015-08-04,0.01,24.77,68.16,21.76,4.6,0.48
2015-08-05,0.03,25.17,62.31,19.92,3.66,0.48
2015-08-06,0.07,25.15,57.92,21.42,4.37,0.48
2015-08-07,0.02,25.2,59.97,21.46,2.48,0.48
2015-08-08,0.06,26.44,64.85,21.67,2.91,0.48
2015-08-09,0.34,26.54,66.91,19.16,3.28,0.48
2015-08-10,0.22,26.28,66.05,21.4,3.34,0.48
2015-08-11,0.03,26.09,65.15,22.17,3.46,0.48
2015-08-12,0.1,26.48,68.38,16.32,3.28,0.48
2015-08-13,0.01,26.03,62.8,23.02,2.31,0.48
2015-08-14,0.03,25.67,64.02,22.81,3.27,0.48
2015-08-15,0.0,25.6,63.24,22.56,3.99,0.48
2015-08-16,0.0,25.68,60.52,22.68,3.15,0.48
2015-08-17,0.0,25.01,62.69,23.41,4.62,0.48
2015-08-18,0.0,24.65,60.57,23.54,4.19,0.48
2015-08-19,0.0,24.66,58.93,23.09,2.34,0.48
2015-08-20,0.0,24.93,62.2,22.05,2.61,0.48
2015-08-21,0.01,25.19,62.48,22.56,2.31,0.48
2015-08-22,0.27,25.69,70.13,20.39,1.9,0.48
2015-08-23,0.03,26.5,66.89,22.93,1.86,0.48
2015-08-24,0.0,26.88,64.83,22.37,3.03,0.48
2015-08-25,0.05,26.49,66.45,22.21,2.1,0.48
2015-08-26,0.13,26.85,66.54,21.68,2.43,0.48
2015-08-27,0.19,26.53,68.25,21.42,4.0,0.48
2015-08-28,0.01,26.96,60.35,24.01,2.25,0.48
2015-08-29,0.0,26.43,64.87,23.78,2.93,0.48
2015-08-30,0.0,26.4,66.08,23.56,3.12,0.48
2015-08-31,0.0,26.49,66.75,23.59,3.24,0.48
2015-09-01,0.0,26.43,66.17,23.25,3.23,0.48
2015-09-02,0.01,26.51,66.06,24.05,3.93,0.48
2015-09-03,0.01,26.83,64.29,23.82,2.98,0.48
2015-09-04,0.0,26.91,63.16,24.24,2.84,0.48
2015-09-05,0.0,27.16,61.13,23.94,2.6,0.48
2015-09-06,0.0,27.06,59.16,24.9,3.16,0.48
2015-09-07,0.0,26.24,61.02,25.29,2.96,0.48
2015-09-08,0.0,26.42,60.09,25.19,3.12,0.48
2015-09-09,0.0,26.25,64.3,24.53,4.13,0.48
2015-09-10,0.01,26.46,64.89,24.06,4.33,0.48
2015-09-11,0.0,26.5,55.01,26.11,4.59,0.48
2015-09-12,0.0,25.95,56.06,26.07,3.52,0.48
2015-09-13,0.06,26.24,59.05,18.7,2.4,0.48
2015-09-14,0.38,26.45,63.4,22.28,2.51,0.48
2015-09-15,0.04,26.98,63.53,23.24,2.71,0.48
2015-09-16,0.02,27.37,62.87,24.12,2.54,0.48
2015-09-17,0.0,27.65,61.9,24.97,2.2,0.48
2015-09-18,0.0,27.45,61.62,25.38,3.73,0.48
2015-09-19,0.0,27.52,60.06,25.68,2.66,0.48
2015-09-20,0.0,27.45,57.04,24.01,2.29,0.48
2015-09-21,0.0,27.87,53.91,26.06,3.36,0.48
2015-09-22,0.0,26.77,59.16,25.56,3.86,0.48
2015-09-23,0.0,26.73,58.41,26.39,3.57,0.48
2015-09-24,0.01,26.75,63.84,24.41,2.47,0.48
2015-09-25,0.01,27.05,63.15,25.74,3.8,0.48
2015-09-26,0.01,27.37,59.17,25.98,3.36,0.48
2015-09-27,0.0,27.67,55.49,26.62,3.14,0.48
2015-09-28,0.0,27.56,56.75,26.61,2.65,0.48
2015-09-29,0.0,27.72,57.53,25.48,3.16,0.48
2015-09-30,0.0,27.63,60.45,25.83,3.82,0.48
2015-10-01,0.12,27.39,65.15,24.01,4.37,0.48
2015-10-02,0.02,27.43,61.18,26.19,5.47,0.48
2015-10-03,0.01,27.24,62.88,25.52,4.22,0.48
2015-10-04,0.0,27.82,60.12,26.34,3.12,0.48
2015-10-05,0.0,27.46,61.12,26.04,2.63,0.48
2015-10-06,0.01,27.46,58.91,26.37,2.52,0.48
2015-10-07,0.01,27.51,61.39,26.05,2.05,0.48
2015-10-08,0.03,27.77,61.89,22.99,1.93,0.48
2015-10-09,0.02,28.0,60.34,25.96,2.63,0.48
2015-10-10,0.0,27.93,62.4,26.04,3.44,0.48
2015-10-11,0.0,27.92,60.06,26.34,2.15,0.48
2015-10-12,0.0,27.97,56.19,26.6,2.89,0.48
2015-10-13,0.04,27.48,60.49,26.55,2.33,0.48
2015-10-14,0.01,27.86,57.37,26.65,2.23,0.48
2015-10-15,0.0,28.15,58.63,26.65,2.77,0.48
2015-10-16,0.0,28.2,56.15,26.69,2.77,0.48
2015-10-17,0.0,27.81,55.82,27.24,2.99,0.48
2015-10-18,0.03,28.14,55.71,26.6,2.75,0.48
2015-10-19,0.0,28.1,57.5,26.89,2.63,0.48
2015-10-20,0.0,27.88,58.09,27.09,2.48,0.48
2015-10-21,0.0,27.75,57.26,27.35,2.51,0.48
2015-10-22,0.0,27.99,56.68,27.33,1.7,0.48
2015-10-23,0.0,28.43,57.4,26.84,1.6,0.48
2015-10-24,0.0,28.96,55.83,27.57,1.89,0.48
2015-10-25,0.0,29.15,54.8,27.04,1.58,0.48
2015-10-26,0.0,29.64,51.49,27.05,1.92,0.48
2015-10-27,0.0,29.32,52.5,26.49,2.35,0.48
2015-10-28,0.04,29.47,58.88,25.34,2.44,0.48
2015-10-29,0.0,29.39,56.31,27.36,3.61,0.48
2015-10-30,0.0,29.01,54.04,27.79,3.06,0.48
2015-10-31,0.0,28.84,54.36,27.7,1.41,0.48
2015-11-01,0.0,29.51,54.78,27.56,0.6,0.48
2015-11-02,0.0,29.5,53.84,27.18,0.86,0.48
2015-11-03,0.0,29.39,54.02,27.41,1.71,0.48
2015-11-04,0.01,29.23,56.82,27.33,1.57,0.48
2015-11-05,0.0,29.29,59.19,27.43,1.88,0.48
2015-11-06,0.0,29.98,57.35,27.48,1.55,0.48
2015-11-07,0.08,29.88,59.85,26.69,1.81,0.48
2015-11-08,0.08,29.82,62.97,26.08,1.78,0.48
2015-11-09,0.31,29.22,67.52,25.59,2.14,0.48
2015-11-10,0.09,29.91,62.76,26.01,2.06,0.48
2015-11-11,0.09,30.11,63.02,25.85,2.21,0.48
2015-11-12,0.05,30.49,59.59,26.85,2.46,0.48
2015-11-13,0.1,29.83,63.06,27.4,2.97,0.48
2015-11-14,0.07,30.11,59.34,26.47,1.63,0.48
2015-11-15,0.11,29.88,60.25,25.52,1.65,0.48
2015-11-16,0.09,30.54,58.39,26.81,1.41,0.48
2015-11-17,5.59,29.71,61.74,25.04,1.06,0.48
2015-11-18,1.64,29.76,65.19,26.02,2.39,0.49
2015-11-19,0.2,29.14,64.72,26.66,2.56,0.49
2015-11-20,0.02,29.95,60.53,27.75,2.96,0.49
2015-11-21,0.01,30.55,56.91,27.01,1.2,0.48
2015-11-22,0.01,30.62,55.75,27.64,1.89,0.48
2015-11-23,0.0,30.35,55.73,28.0,2.42,0.48
2015-11-24,0.0,29.96,56.83,27.18,1.99,0.48
2015-11-25,0.03,30.3,58.38,26.74,1.62,0.48
2015-11-26,0.28,30.23,63.35,26.57,1.41,0.48
2015-11-27,1.15,30.94,59.53,25.84,0.96,0.48
2015-11-28,0.71,30.62,62.47,25.73,1.15,0.48
2015-11-29,0.24,30.72,61.95,25.71,1.64,0.48
2015-11-30,0.35,30.25,64.68,26.32,2.61,0.48
2015-12-01,0.23,29.99,64.77,24.06,2.31,0.48
2015-12-02,1.68,29.37,68.92,14.03,1.47,0.48
2015-12-03,2.08,28.94,70.24,22.19,1.86,0.49
2015-12-04,6.29,28.26,75.63,23.96,1.25,0.49
2015-12-05,4.13,28.84,73.42,24.99,1.03,0.5
2015-12-06,11.2,29.47,70.35,25.97,1.67,0.51
2015-12-07,11.82,28.95,74.89,20.61,1.18,0.53
2015-12-08,2.63,29.28,73.27,23.33,1.79,0.54
2015-12-09,0.94,29.75,69.28,24.43,1.01,0.53
2015-12-10,0.6,30.18,67.13,23.38,1.21,0.53
2015-12-11,0.47,30.1,65.0,25.5,1.53,0.52
2015-12-12,0.06,29.83,62.74,26.63,1.81,0.52
2015-12-13,0.02,29.98,60.77,27.37,1.66,0.51
2015-12-14,0.79,29.76,66.92,25.78,1.38,0.51
2015-12-15,20.82,29.6,69.01,26.33,1.59,0.52
2015-12-16,6.56,28.51,74.01,23.66,1.86,0.55
2015-12-17,10.66,28.11,79.69,17.79,2.81,0.56
2015-12-18,11.68,27.21,85.38,16.17,3.42,0.58
2015-12-19,5.63,27.16,82.1,18.82,3.79,0.59
2015-12-20,9.74,26.64,82.74,18.3,3.38,0.6
2015-12-21,12.53,26.47,80.76,6.54,3.36,0.61
2015-12-22,5.98,26.93,83.01,18.79,3.14,0.62
2015-12-23,3.39,27.19,84.16,20.43,4.08,0.62
2015-12-24,5.88,27.2,84.52,16.44,4.03,0.63
2015-12-25,17.25,26.74,87.27,14.74,4.74,0.64
2015-12-26,15.83,26.65,85.95,16.19,4.39,0.67
2015-12-27,5.83,27.1,84.65,21.77,4.35,0.68
2015-12-28,1.7,27.16,83.87,23.03,3.68,0.68
2015-12-29,0.7,27.13,82.44,20.94,3.66,0.67
2015-12-30,1.57,27.37,80.83,26.47,3.52,0.66
2015-12-31,0.85,27.56,79.86,27.8,3.04,0.65
2016-01-01,0.03,27.94,75.74,27.57,2.73,0.65
2016-01-02,0.28,28.39,75.28,27.34,2.38,0.64
2016-01-03,0.14,28.51,74.24,26.61,2.83,0.63
2016-01-04,0.07,28.16,76.06,26.98,2.6,0.62
2016-01-05,0.03,28.63,74.38,27.97,2.17,0.61
2016-01-06,0.23,28.67,74.88,27.21,2.56,0.61
2016-01-07,0.32,28.71,73.61,27.03,2.44,0.6
2016-01-08,1.58,28.39,74.84,25.69,2.06,0.59
2016-01-09,0.78,29.36,68.95,24.5,1.95,0.59
2016-01-10,0.86,29.17,70.58,26.49,1.52,0.59
2016-01-11,0.15,29.06,68.11,26.86,1.77,0.58
2016-01-12,0.34,29.28,66.93,26.95,1.22,0.57
2016-01-13,5.11,28.69,72.47,25.51,1.42,0.57
2016-01-14,1.09,29.52,66.52,27.56,1.72,0.57
2016-01-15,0.63,29.33,67.66,25.58,1.49,0.57
2016-01-16,1.38,29.61,67.8,25.93,1.89,0.56
2016-01-17,9.27,28.91,73.01,24.93,1.72,0.56
2016-01-18,4.1,28.21,76.05,25.65,1.52,0.58
2016-01-19,0.95,28.41,75.76,19.2,1.32,0.57
2016-01-20,4.0,29.17,70.76,25.11,0.77,0.57
2016-01-21,5.99,29.16,71.75,26.74,0.65,0.58
2016-01-22,29.24,29.08,71.89,25.43,1.1,0.59
2016-01-23,9.14,28.92,73.74,26.13,1.1,0.63
2016-01-24,13.51,27.77,81.23,22.76,2.31,0.63
2016-01-25,33.44,27.19,84.85,17.99,3.89,0.69
2016-01-26,13.03,26.49,85.83,20.78,3.95,0.71
2016-01-27,6.95,27.0,83.76,20.38,4.05,0.71
2016-01-28,1.81,27.32,83.06,24.08,4.07,0.71
2016-01-29,13.42,27.12,85.03,21.7,3.15,0.71
2016-01-30,8.88,26.9,85.76,19.97,3.83,0.72
2016-01-31,10.55,26.72,87.72,20.26,3.47,0.74
2016-02-01,5.9,26.89,86.67,19.64,3.16,0.74
2016-02-02,4.88,26.13,86.81,14.65,1.8,0.74
2016-02-03,9.78,26.43,86.04,18.93,2.14,0.74
2016-02-04,2.39,26.77,85.09,17.58,1.71,0.75
2016-02-05,5.84,26.6,85.18,18.61,1.85,0.75
2016-02-06,28.5,27.13,83.36,23.5,2.0,0.77
2016-02-07,3.34,27.48,80.2,26.31,1.72,0.78
2016-02-08,11.13,27.95,78.84,25.98,1.35,0.78
2016-02-09,19.13,27.08,85.59,25.6,1.9,0.8
2016-02-10,8.63,27.73,81.31,27.52,1.84,0.81
2016-02-11,3.56,27.66,83.02,25.65,2.49,0.8
2016-02-12,4.49,27.55,84.42,21.25,3.27,0.8
2016-02-13,1.98,27.92,81.05,22.54,2.37,0.79
2016-02-14,1.32,27.49,82.4,22.96,1.61,0.79
2016-02-15,3.44,27.74,82.12,25.5,1.76,0.78
2016-02-16,4.08,27.79,81.53,24.58,1.25,0.78
2016-02-17,0.67,27.49,81.9,24.97,1.83,0.78
2016-02-18,0.21,27.24,82.5,25.25,2.01,0.77
2016-02-19,0.07,27.15,83.94,26.76,2.41,0.76
2016-02-20,0.74,27.73,80.77,25.78,1.7,0.74
2016-02-21,1.8,28.27,79.03,26.34,1.87,0.74
2016-02-22,3.05,27.95,78.72,21.93,2.37,0.73
2016-02-23,7.58,28.18,74.49,17.49,1.16,0.73
2016-02-24,3.32,27.12,83.15,23.23,1.83,0.73
2016-02-25,4.1,27.13,83.95,23.03,1.62,0.73
2016-02-26,6.54,27.06,85.81,23.13,2.04,0.73
2016-02-27,4.8,27.03,86.81,21.07,2.23,0.74
2016-02-28,2.41,27.26,83.94,21.5,1.03,0.74
2016-02-29,8.7,27.69,80.71,19.62,1.24,0.74
2016-03-01,16.22,28.15,79.89,21.45,0.79,0.75
2016-03-02,7.94,28.21,79.85,25.41,1.77,0.77
2016-03-03,8.63,28.31,81.22,24.43,0.65,0.76
2016-03-04,2.43,28.76,75.13,26.89,0.8,0.77
2016-03-05,0.46,28.42,80.06,25.09,1.4,0.76
2016-03-06,0.46,28.33,80.53,24.9,2.01,0.75
2016-03-07,4.27,28.28,81.72,18.16,2.23,0.74
2016-03-08,5.63,28.06,82.77,15.46,2.0,0.74
2016-03-09,5.67,28.19,80.01,20.16,1.48,0.74
2016-03-10,10.57,28.09,81.24,20.82,1.28,0.75
2016-03-11,7.38,28.12,81.67,19.51,1.14,0.76
2016-03-12,3.43,28.12,82.58,21.08,1.76,0.76
2016-03-13,18.38,27.04,88.54,15.1,2.79,0.77
2016-03-14,28.7,27.15,86.39,18.4,2.49,0.8
2016-03-15,14.63,28.03,82.86,22.51,3.3,0.83
2016-03-16,6.19,27.83,86.3,21.31,3.13,0.83
2016-03-17,1.01,27.72,87.25,20.97,2.89,0.83
2016-03-18,3.97,27.63,86.21,23.74,2.49,0.82
2016-03-19,1.3,27.77,81.49,21.49,2.3,0.82
2016-03-20,3.91,27.67,81.08,22.91,1.84,0.81
2016-03-21,10.75,27.81,80.05,23.74,1.59,0.81
2016-03-22,5.62,28.2,79.07,25.02,1.22,0.82
2016-03-23,0.5,28.56,77.27,25.15,1.31,0.81
2016-03-24,0.16,28.4,76.77,25.65,1.76,0.79
2016-03-25,1.28,28.22,77.16,23.01,1.57,0.79
2016-03-26,1.46,27.71,76.64,22.05,1.33,0.78
2016-03-27,1.16,27.48,79.25,22.86,1.15,0.77
2016-03-28,1.65,27.99,78.49,22.09,0.93,0.76
2016-03-29,0.34,27.92,78.3,24.54,2.37,0.76
2016-03-30,0.16,28.1,74.45,25.06,1.49,0.75
2016-03-31,0.0,27.98,72.05,23.98,1.23,0.73
2016-04-01,0.4,27.76,77.64,23.11,1.75,0.72
2016-04-02,0.4,27.67,79.91,24.55,2.67,0.72
2016-04-03,0.3,27.42,80.99,24.46,2.94,0.71
2016-04-04,2.26,27.73,78.76,21.12,2.31,0.71
2016-04-05,1.6,27.71,75.7,23.85,1.54,0.7
2016-04-06,1.56,27.23,81.06,22.49,1.36,0.7
2016-04-07,0.15,28.02,76.67,23.2,2.16,0.69
2016-04-08,0.08,27.73,78.87,22.22,2.76,0.68
2016-04-09,0.17,27.9,77.87,21.61,3.17,0.68
2016-04-10,0.22,28.18,75.86,23.63,2.91,0.67
2016-04-11,0.34,28.19,76.13,22.25,2.86,0.66
2016-04-12,0.03,28.15,76.03,22.79,3.05,0.65
2016-04-13,0.02,27.93,76.31,24.41,3.26,0.64
2016-04-14,0.02,28.17,75.08,24.17,3.25,0.63
2016-04-15,0.02,28.17,74.14,22.74,2.98,0.63
2016-04-16,0.02,27.93,73.57,24.36,2.75,0.62
2016-04-17,0.01,27.99,70.39,22.36,1.18,0.61
2016-04-18,0.0,28.29,68.82,24.38,1.89,0.6
2016-04-19,0.01,28.31,70.18,23.78,1.42,0.6
2016-04-20,0.01,27.97,71.15,23.88,2.84,0.59
2016-04-21,0.01,27.98,70.58,23.4,3.01,0.58
2016-04-22,0.0,27.94,71.59,22.63,3.21,0.58
2016-04-23,0.02,28.05,71.54,23.11,3.31,0.57
2016-04-24,0.07,28.26,70.37,23.01,3.21,0.57
2016-04-25,0.01,28.23,69.16,23.38,3.81,0.56
2016-04-26,0.04,28.46,68.11,23.09,2.44,0.56
2016-04-27,0.01,28.33,69.69,22.91,2.95,0.55
2016-04-28,0.07,28.63,68.36,22.95,2.23,0.55
2016-04-29,0.05,28.45,67.6,23.0,2.15,0.54
2016-04-30,0.33,28.55,68.32,22.68,2.46,0.54
2016-05-01,0.14,28.5,69.82,22.5,2.36,0.53
2016-05-02,4.54,28.13,75.21,17.2,2.35,0.53
2016-05-03,3.88,28.11,76.75,18.09,2.06,0.54
2016-05-04,6.43,27.2,82.12,19.36,1.33,0.55
2016-05-05,23.56,27.54,81.13,20.85,1.28,0.57
2016-05-06,16.15,27.27,82.7,18.74,1.25,0.62
2016-05-07,0.57,27.15,82.33,19.61,1.84,0.61
2016-05-08,0.08,28.27,74.41,20.39,1.22,0.61
2016-05-09,0.26,27.98,75.5,19.32,2.06,0.6
2016-05-10,3.54,27.45,83.5,18.72,3.61,0.6
2016-05-11,8.72,27.59,82.99,19.09,3.92,0.61
2016-05-12,5.92,27.17,83.84,5.57,4.87,0.62
2016-05-13,3.45,27.58,82.5,17.01,4.59,0.62
2016-05-14,2.56,27.82,82.1,13.09,4.56,0.62
2016-05-15,0.88,27.42,78.47,20.58,4.69,0.61
2016-05-16,0.23,27.82,75.87,19.07,3.88,0.61
2016-05-17,0.79,27.79,76.78,20.2,3.99,0.6
2016-05-18,0.56,27.58,76.77,20.6,3.95,0.6
2016-05-19,0.28,27.9,72.5,20.56,2.44,0.59
2016-05-20,0.16,27.96,70.45,17.75,1.69,0.58
2016-05-21,0.12,28.1,72.86,20.27,1.65,0.58
2016-05-22,0.06,28.24,73.53,20.76,1.44,0.57
2016-05-23,0.03,28.08,74.12,20.55,2.86,0.57
2016-05-24,0.01,27.93,72.79,20.76,2.68,0.56
2016-05-25,0.0,28.0,69.8,20.59,2.2,0.56
2016-05-26,0.07,28.09,69.46,19.89,2.56,0.55
2016-05-27,0.12,28.03,69.63,19.86,2.67,0.55
2016-05-28,0.22,27.86,67.02,20.27,1.74,0.55
2016-05-29,0.35,27.69,69.27,20.62,2.21,0.54
2016-05-30,0.08,27.61,69.66,20.77,2.42,0.54
2016-05-31,0.32,27.71,72.34,19.03,2.63,0.53
2016-06-01,0.34,28.09,70.31,18.79,3.64,0.53
2016-06-02,0.05,27.77,69.57,19.23,2.16,0.53
2016-06-03,0.1,27.69,70.17,18.59,3.07,0.53
2016-06-04,0.0,27.88,68.83,19.74,2.8,0.52
2016-06-05,0.0,27.87,66.73,20.28,1.44,0.52
2016-06-06,0.0,27.82,68.23,19.98,2.3,0.52
2016-06-07,0.0,27.73,65.05,19.99,1.85,0.52
2016-06-08,0.05,27.63,70.96,18.99,3.15,0.51
2016-06-09,0.5,27.92,71.54,19.22,2.79,0.51
2016-06-10,0.49,28.04,71.42,18.37,3.68,0.51
2016-06-11,0.4,28.18,70.29,19.0,4.15,0.51
2016-06-12,0.56,27.89,70.64,16.56,5.06,0.51
2016-06-13,0.55,27.96,69.19,16.62,4.96,0.51
2016-06-14,3.39,27.59,75.27,14.23,5.01,0.51
2016-06-15,1.0,27.62,74.47,13.53,4.59,0.51
2016-06-16,0.25,28.09,71.32,17.69,4.04,0.51
2016-06-17,0.01,28.07,65.9,19.18,2.79,0.51
2016-06-18,0.18,27.59,71.64,17.29,3.42,0.5
2016-06-19,0.01,27.58,68.03,18.76,3.89,0.5
2016-06-20,0.07,27.37,68.87,18.37,3.73,0.5
2016-06-21,0.78,27.36,66.35,18.05,3.16,0.5
2016-06-22,0.0,27.09,59.1,17.9,3.99,0.5
2016-06-23,0.0,26.44,62.23,17.33,3.59,0.5
2016-06-24,0.0,26.74,64.56,15.73,3.77,0.49
2016-06-25,0.27,27.59,64.18,19.03,2.79,0.49
2016-06-26,4.04,26.35,78.62,11.68,3.69,0.5
2016-06-27,0.82,27.18,73.96,17.04,4.24,0.5
2016-06-28,2.5,27.51,73.98,14.23,4.63,0.5
2016-06-29,2.12,27.46,71.56,16.6,3.9,0.5
2016-06-30,0.68,27.12,71.84,16.28,3.77,0.5
2016-07-01,0.12,27.54,69.48,18.77,4.21,0.5
2016-07-02,0.31,27.18,65.86,19.8,4.5,0.49
2016-07-03,0.15,26.82,65.28,19.18,4.15,0.49
2016-07-04,0.02,26.84,64.4,19.98,3.81,0.49
2016-07-05,0.0,26.96,66.37,19.44,4.17,0.49
2016-07-06,0.0,27.01,64.78,19.75,3.89,0.49
2016-07-07,0.05,26.88,65.88,17.9,4.22,0.49
2016-07-08,0.86,27.51,67.91,16.41,4.29,0.49
2016-07-09,1.86,27.4,69.36,15.54,2.17,0.49
2016-07-10,1.6,27.06,72.71,18.2,2.54,0.49
2016-07-11,7.23,26.93,74.6,18.11,2.14,0.49
2016-07-12,1.91,26.74,73.75,18.18,3.46,0.5
2016-07-13,2.16,26.78,75.38,18.42,4.01,0.5
2016-07-14,49.45,25.43,83.85,8.63,5.28,0.55
2016-07-15,5.26,25.4,78.24,16.62,6.49,0.6
2016-07-16,0.19,25.4,74.71,18.9,5.01,0.59
2016-07-17,0.29,25.18,75.95,20.12,4.11,0.58
2016-07-18,0.06,25.23,75.92,20.01,4.01,0.58
2016-07-19,0.08,25.6,74.03,20.52,3.26,0.57
2016-07-20,0.19,26.2,74.46,20.27,3.04,0.57
2016-07-21,0.01,26.26,72.16,20.67,3.61,0.56
2016-07-22,0.0,25.52,70.9,20.29,3.83,0.56
2016-07-23,0.0,25.66,70.89,21.22,3.45,0.55
2016-07-24,0.0,26.12,72.34,19.37,3.13,0.55
2016-07-25,0.01,26.19,72.71,19.57,3.36,0.55
2016-07-26,0.04,25.91,71.57,19.55,3.59,0.54
2016-07-27,0.0,25.78,69.39,21.21,4.33,0.54
2016-07-28,0.01,25.69,66.7,20.81,4.38,0.54
2016-07-29,0.0,25.45,65.06,21.35,3.8,0.53
2016-07-30,0.01,25.59,68.59,19.78,4.19,0.53
2016-07-31,0.04,25.71,68.79,20.94,3.55,0.53
2016-08-01,0.0,25.7,62.34,21.85,3.91,0.52
2016-08-02,0.0,26.54,56.95,17.92,3.01,0.52
2016-08-03,0.03,26.56,63.36,20.0,3.76,0.52
2016-08-04,0.86,26.69,67.92,16.22,4.13,0.52
2016-08-05,0.08,26.23,62.97,21.24,4.34,0.51
2016-08-06,0.0,25.92,59.97,21.83,3.82,0.51
2016-08-07,0.0,25.91,60.46,21.52,3.19,0.51
2016-08-08,0.0,25.74,62.73,21.11,3.59,0.51
2016-08-09,0.3,25.87,70.9,13.25,3.19,0.5
2016-08-10,0.5,26.78,72.92,18.29,3.74,0.5
2016-08-11,0.03,27.12,69.76,21.15,4.02,0.5
2016-08-12,0.05,26.66,68.75,22.1,4.12,0.5
2016-08-13,0.0,26.4,65.81,22.98,3.96,0.5
2016-08-14,0.04,26.67,66.63,20.61,4.05,0.49
2016-08-15,0.01,27.05,63.23,22.63,4.04,0.49
2016-08-16,0.0,26.37,64.15,23.02,4.65,0.49
2016-08-17,0.0,26.36,60.29,23.66,3.71,0.49
2016-08-18,0.0,25.8,59.5,23.88,4.43,0.49
2016-08-19,0.0,25.91,58.48,23.63,3.95,0.49
2016-08-20,0.07,26.57,61.8,22.92,1.86,0.49
2016-08-21,0.24,26.65,67.34,20.54,1.97,0.49
2016-08-22,0.19,26.62,67.59,22.05,2.61,0.49
2016-08-23,0.03,26.6,64.87,21.74,2.95,0.48
2016-08-24,0.09,26.63,65.12,15.97,3.24,0.48
2016-08-25,0.12,27.2,64.19,20.2,2.68,0.48
2016-08-26,0.0,28.03,58.42,22.35,2.56,0.48
2016-08-27,0.05,28.15,61.24,23.27,2.2,0.48
2016-08-28,0.54,28.29,64.81,22.71,1.44,0.48
2016-08-29,0.68,27.95,67.69,22.53,1.72,0.48
2016-08-30,0.05,28.48,61.12,23.56,1.58,0.48
2016-08-31,0.05,28.17,63.79,23.55,1.61,0.48
2016-09-01,0.02,28.01,63.5,23.92,2.68,0.48
2016-09-02,0.01,27.92,63.5,23.58,3.21,0.48
2016-09-03,0.05,27.88,65.86,24.03,3.39,0.48
2016-09-04,0.02,28.49,65.28,23.87,2.69,0.48
2016-09-05,0.04,28.61,63.66,23.93,2.41,0.48
2016-09-06,0.05,28.52,62.95,23.57,2.73,0.48
2016-09-07,0.01,28.14,62.86,24.41,3.77,0.48
2016-09-08,0.01,27.17,67.56,25.04,4.17,0.48
2016-09-09,0.0,27.55,64.39,25.45,2.73,0.48
2016-09-10,0.01,27.65,63.41,24.74,3.2,0.48
2016-09-11,0.01,27.93,60.55,23.96,2.19,0.48
2016-09-12,0.02,28.08,62.42,24.43,2.7,0.48
2016-09-13,0.05,28.62,60.27,23.9,1.26,0.48
2016-09-14,1.02,28.41,64.31,23.7,1.95,0.48
2016-09-15,0.19,28.89,61.13,22.77,1.89,0.48
2016-09-16,0.01,29.43,57.91,25.2,1.61,0.48
2016-09-17,0.16,28.94,62.64,24.79,3.16,0.48
2016-09-18,3.58,27.57,73.6,21.32,3.19,0.48
2016-09-19,5.08,28.19,71.21,20.62,1.89,0.49
2016-09-20,1.73,28.16,72.29,22.0,3.22,0.49
2016-09-21,0.92,28.69,69.21,24.28,2.41,0.49
2016-09-22,0.92,28.6,68.8,24.81,1.79,0.49
2016-09-23,6.93,28.74,67.71,24.72,2.58,0.49
2016-09-24,2.24,28.3,70.27,23.92,3.01,0.5
2016-09-25,6.61,28.28,71.06,24.45,2.6,0.5
2016-09-26,0.33,28.57,67.25,25.53,2.07,0.5
2016-09-27,0.13,28.88,65.39,22.26,1.95,0.5
2016-09-28,7.17,28.18,70.55,21.0,1.97,0.5
2016-09-29,1.3,28.42,70.59,23.82,2.03,0.51
2016-09-30,0.41,28.58,69.0,24.06,1.33,0.5
2016-10-01,0.73,29.05,67.28,22.53,1.5,0.5
2016-10-02,1.53,29.13,68.07,20.25,2.28,0.5
2016-10-03,5.49,28.15,72.87,23.92,3.6,0.5
2016-10-04,1.12,28.72,66.99,25.06,2.69,0.51
2016-10-05,1.32,29.24,65.43,23.28,2.62,0.5
2016-10-06,1.41,28.93,67.16,22.78,4.49,0.5
2016-10-07,1.83,28.37,70.18,20.44,4.71,0.5
2016-10-08,1.41,28.93,67.88,25.91,3.67,0.5
2016-10-09,0.02,28.11,62.9,27.34,3.72,0.5
2016-10-10,0.02,28.18,64.1,23.34,2.45,0.49
2016-10-11,0.0,28.62,57.95,27.33,2.23,0.49
2016-10-12,0.02,29.18,59.55,27.04,2.0,0.49
2016-10-13,0.12,29.32,59.04,25.84,3.18,0.49
2016-10-14,0.04,28.92,60.47,26.59,3.11,0.49
2016-10-15,0.0,28.34,62.78,27.57,3.52,0.48
2016-10-16,0.0,28.4,60.37,28.22,3.14,0.48
2016-10-17,0.02,29.05,60.25,27.55,2.05,0.48
2016-10-18,0.02,29.77,59.07,27.36,1.9,0.48
2016-10-19,0.07,30.23,59.33,24.18,2.18,0.48
2016-10-20,0.01,29.98,57.84,26.3,1.48,0.48
2016-10-21,0.24,30.09,60.55,25.38,1.43,0.48
2016-10-22,2.34,28.48,69.45,13.6,3.55,0.48
2016-10-23,5.44,28.14,68.72,21.02,3.55,0.49
2016-10-24,2.54,28.05,69.9,26.31,2.81,0.5
2016-10-25,1.01,28.46,66.0,27.09,2.72,0.49
2016-10-26,0.91,28.73,67.11,24.01,3.02,0.49
2016-10-27,0.85,29.12,65.36,23.21,2.75,0.49
2016-10-28,16.23,28.77,65.6,24.28,1.86,0.5
2016-10-29,6.45,28.88,66.65,25.07,1.98,0.53
2016-10-30,0.0,29.28,60.6,27.04,2.36,0.52
2016-10-31,0.0,29.62,60.02,27.02,1.5,0.51
2016-11-01,0.05,30.05,59.03,26.22,2.36,0.51
2016-11-02,0.69,29.96,62.83,24.29,1.74,0.51
2016-11-03,0.33,29.71,65.17,25.29,2.81,0.5
2016-11-04,0.34,30.09,63.48,26.26,2.51,0.5
2016-11-05,0.07,30.5,60.46,24.1,1.34,0.5
2016-11-06,0.08,30.34,60.14,25.17,1.04,0.5
2016-11-07,0.09,30.45,60.6,25.95,1.25,0.49
2016-11-08,0.28,29.98,65.85,26.42,2.65,0.49
2016-11-09,0.67,29.53,67.32,26.31,2.87,0.49
2016-11-10,0.36,29.7,63.39,26.76,3.37,0.49
2016-11-11,8.28,29.47,64.79,24.62,2.64,0.49
2016-11-12,10.29,28.31,71.18,23.38,2.34,0.52
2016-11-13,0.03,29.06,68.08,25.82,2.36,0.52
2016-11-14,0.07,29.49,65.44,27.31,2.2,0.51
2016-11-15,1.6,29.53,64.81,25.99,2.32,0.51
2016-11-16,1.39,29.46,64.95,22.95,1.57,0.51
2016-11-17,0.13,29.7,63.16,25.21,3.0,0.51
2016-11-18,0.2,29.71,64.79,23.75,2.29,0.5
2016-11-19,0.92,30.1,62.03,23.82,2.06,0.5
2016-11-20,0.26,30.09,60.35,25.69,1.63,0.5
2016-11-21,0.02,30.1,58.01,26.85,1.66,0.5
2016-11-22,0.41,29.78,60.53,25.93,1.58,0.49
2016-11-23,0.14,29.5,61.01,24.8,1.88,0.49
2016-11-24,10.2,29.65,64.89,24.63,2.47,0.5
2016-11-25,9.66,29.26,68.87,21.56,1.9,0.52
2016-11-26,2.85,29.1,68.18,23.96,1.55,0.53
2016-11-27,0.5,29.18,67.17,25.81,1.53,0.52
2016-11-28,2.67,30.39,63.96,26.78,1.27,0.52
2016-11-29,30.57,29.11,73.93,25.24,1.52,0.54
2016-11-30,13.08,28.46,77.77,24.1,1.72,0.59
2016-12-01,11.69,27.93,81.37,21.13,2.04,0.6
2016-12-02,18.61,27.29,83.14,20.76,2.11,0.63
2016-12-03,9.22,27.59,73.6,18.1,0.61,0.64
2016-12-04,13.44,27.79,75.9,21.31,1.43,0.65
2016-12-05,5.63,27.56,78.14,17.64,0.96,0.66
2016-12-06,1.87,28.27,74.27,23.06,1.46,0.66
2016-12-07,2.3,29.0,72.64,23.32,1.15,0.65
2016-12-08,0.65,29.12,68.75,25.48,1.38,0.65
2016-12-09,4.29,29.49,67.7,24.56,1.39,0.64
2016-12-10,1.53,28.83,70.55,26.18,2.86,0.64
2016-12-11,2.24,28.53,72.43,25.84,2.0,0.63
2016-12-12,7.9,28.58,72.21,22.17,1.3,0.63
2016-12-13,16.44,27.35,81.95,19.66,1.54,0.66
2016-12-14,9.82,27.27,81.24,17.48,1.95,0.67
2016-12-15,8.02,26.85,83.19,23.72,1.68,0.68
2016-12-16,17.64,26.38,83.32,17.19,1.78,0.7
2016-12-17,24.22,26.83,83.12,15.48,2.39,0.72
2016-12-18,41.64,26.06,89.83,14.38,3.79,0.78
2016-12-19,10.95,26.85,84.83,17.65,3.96,0.8
2016-12-20,8.75,26.75,85.01,12.6,4.32,0.81
2016-12-21,13.34,26.95,85.97,20.27,4.85,0.81
2016-12-22,20.08,27.14,84.54,17.45,5.21,0.83
2016-12-23,9.93,27.19,85.42,23.7,4.43,0.84
2016-12-24,29.36,27.36,85.31,21.0,4.42,0.85
2016-12-25,18.18,27.36,84.86,18.45,3.35,0.89
2016-12-26,7.43,27.02,85.53,16.05,3.22,0.89
2016-12-27,4.82,26.79,85.56,21.29,3.67,0.89
2016-12-28,4.22,27.33,81.69,20.41,3.52,0.88
2016-12-29,12.28,26.72,88.38,19.48,2.58,0.89
2016-12-30,3.69,26.81,84.07,19.42,3.67,0.89
2016-12-31,4.79,26.79,84.15,21.1,4.19,0.88
2017-01-01,3.72,27.04,83.9,22.36,4.42,0.88
2017-01-02,2.12,26.95,83.45,23.42,4.83,0.87
2017-01-03,1.28,26.88,84.49,20.08,5.32,0.85
2017-01-04,0.81,26.94,80.73,20.34,5.91,0.84
2017-01-05,1.94,27.07,82.8,20.38,4.76,0.83
2017-01-06,6.91,27.2,84.25,23.27,4.34,0.83
2017-01-07,6.32,27.02,85.04,22.1,3.71,0.83
2017-01-08,5.72,27.15,86.25,22.99,4.05,0.83
2017-01-09,0.55,27.06,82.21,22.54,3.81,0.83
2017-01-10,0.02,26.78,82.05,23.38,3.34,0.82
2017-01-11,0.08,26.59,81.02,25.43,2.68,0.81
2017-01-12,0.29,26.31,81.4,24.91,2.61,0.79
2017-01-13,1.73,27.01,79.86,24.84,1.94,0.78
2017-01-14,5.01,27.3,78.61,22.87,1.73,0.78
2017-01-15,6.01,26.93,82.96,21.58,2.49,0.78
2017-01-16,15.93,26.45,86.4,17.28,2.95,0.79
2017-01-17,26.12,25.52,90.09,9.81,2.91,0.82
2017-01-18,21.37,25.72,89.99,12.25,2.73,0.85
2017-01-19,10.25,26.1,87.06,16.9,2.47,0.86
2017-01-20,22.3,25.97,89.27,16.21,2.82,0.88
2017-01-21,23.35,26.21,87.37,7.13,2.07,0.9
2017-01-22,14.03,26.09,86.91,14.21,2.1,0.91
2017-01-23,39.41,26.05,89.82,16.79,3.31,0.94
2017-01-24,18.38,26.21,90.25,21.56,3.61,0.95
2017-01-25,11.04,26.22,89.33,22.24,3.39,0.95
2017-01-26,17.24,26.76,88.14,20.13,4.82,0.95
2017-01-27,49.0,26.03,88.36,14.67,3.62,0.97
2017-01-28,14.51,25.97,86.76,19.84,2.47,0.97
2017-01-29,6.86,26.45,84.83,22.91,1.58,0.97
2017-01-30,30.28,26.25,85.74,15.76,1.49,0.97
2017-01-31,39.14,25.84,90.11,13.18,3.39,0.99
2017-02-01,21.49,25.13,90.65,19.18,2.56,0.99
2017-02-02,28.26,25.38,90.56,5.87,3.03,0.99
2017-02-03,48.65,25.99,91.0,12.45,4.93,1.0
2017-02-04,18.34,26.05,90.0,17.2,4.99,1.0
2017-02-05,10.66,26.35,87.03,9.46,5.36,0.99
2017-02-06,19.2,26.58,86.24,13.85,5.7,0.99
2017-02-07,6.89,26.66,85.6,20.17,6.64,0.99
2017-02-08,12.77,26.53,87.07,14.69,5.01,0.98
2017-02-09,29.71,25.57,88.39,8.39,4.07,0.99
2017-02-10,14.03,25.48,88.06,17.82,3.28,0.99
2017-02-11,2.55,26.16,84.16,23.77,2.76,0.98
2017-02-12,1.27,25.93,86.02,24.48,2.91,0.97
2017-02-13,4.02,25.74,88.09,21.32,3.68,0.97
2017-02-14,4.27,25.81,87.35,23.72,2.53,0.96
2017-02-15,4.49,25.89,87.87,22.45,2.38,0.96
2017-02-16,7.66,25.73,88.0,19.61,2.58,0.96
2017-02-17,1.16,25.88,86.57,24.5,2.16,0.95
2017-02-18,0.69,26.08,84.64,23.49,1.95,0.95
2017-02-19,0.15,26.41,83.93,25.93,2.43,0.94
2017-02-20,3.26,26.48,82.45,24.5,2.01,0.93
2017-02-21,1.65,27.36,77.16,25.38,0.78,0.92
2017-02-22,0.32,26.54,81.65,27.97,2.27,0.91
2017-02-23,0.09,26.37,76.29,28.83,2.41,0.9
2017-02-24,0.65,27.6,68.69,27.66,0.75,0.89
2017-02-25,9.94,26.9,79.07,24.27,1.56,0.88
2017-02-26,15.08,27.23,77.39,23.89,0.84,0.9
2017-02-27,0.38,27.62,74.71,24.09,1.16,0.89
2017-02-28,16.1,26.92,79.86,23.92,1.89,0.89
2017-03-01,3.76,26.91,82.77,24.49,2.23,0.89
2017-03-02,0.5,27.57,77.17,26.74,1.87,0.88
2017-03-03,0.95,27.83,73.15,25.56,1.18,0.87
2017-03-04,1.74,27.51,79.52,19.82,1.68,0.86
2017-03-05,4.62,26.76,86.3,10.41,2.63,0.86
2017-03-06,12.32,26.96,86.38,19.74,3.34,0.87
2017-03-07,11.05,26.87,86.89,16.73,3.58,0.87
2017-03-08,14.71,26.36,88.33,8.54,3.02,0.88
2017-03-09,17.26,25.28,87.87,13.17,2.43,0.9
2017-03-10,7.51,26.19,82.68,19.91,1.01,0.9
2017-03-11,3.09,26.39,84.0,19.09,0.82,0.9
2017-03-12,2.11,26.62,85.46,13.21,1.54,0.9
2017-03-13,10.34,26.26,83.57,8.89,1.8,0.9
2017-03-14,4.33,26.36,83.45,18.98,2.08,0.9
2017-03-15,5.71,25.83,86.31,12.32,2.44,0.9
2017-03-16,1.18,25.97,82.45,17.08,1.86,0.9
2017-03-17,4.11,26.48,84.9,16.95,1.7,0.89
2017-03-18,12.24,26.15,83.6,15.72,1.53,0.9
2017-03-19,6.0,26.21,85.67,19.73,3.38,0.9
2017-03-20,8.34,26.56,86.54,20.79,3.51,0.9
2017-03-21,11.5,26.13,88.71,18.35,2.99,0.9
2017-03-22,4.79,25.64,89.01,16.89,2.25,0.91
2017-03-23,16.69,26.24,84.36,19.44,1.58,0.91
2017-03-24,13.18,26.27,87.55,14.02,2.29,0.93
2017-03-25,9.93,26.2,87.75,11.45,2.4,0.93
2017-03-26,21.8,25.87,88.53,15.64,2.56,0.93
2017-03-27,12.54,26.18,82.17,14.41,2.72,0.95
2017-03-28,4.42,26.36,83.0,22.6,2.13,0.94
2017-03-29,5.83,26.12,86.82,19.91,2.82,0.94
2017-03-30,3.66,26.18,86.64,18.46,2.22,0.93
2017-03-31,5.7,25.95,86.94,14.82,2.5,0.93
2017-04-01,21.51,25.74,89.27,9.44,3.64,0.94
2017-04-02,15.69,26.01,89.27,7.49,4.59,0.96
2017-04-03,5.97,26.33,88.89,9.04,3.15,0.95
2017-04-04,3.53,26.77,84.5,20.16,1.46,0.95
2017-04-05,1.14,27.03,79.19,22.4,1.07,0.95
2017-04-06,1.06,27.06,78.48,24.34,1.18,0.94
2017-04-07,6.19,27.26,79.09,23.51,1.68,0.93
2017-04-08,0.85,27.11,79.95,24.0,1.8,0.93
2017-04-09,0.62,26.78,81.6,21.37,2.36,0.92
2017-04-10,0.93,27.43,76.54,19.01,1.12,0.91
2017-04-11,0.78,26.34,82.16,21.43,2.38,0.9
2017-04-12,0.0,26.13,78.54,22.46,2.8,0.89
2017-04-13,0.28,25.67,77.9,23.29,1.68,0.88
2017-04-14,0.35,26.49,76.32,24.1,0.93,0.87
2017-04-15,0.44,26.79,82.01,21.86,1.43,0.86
2017-04-16,0.21,27.02,78.44,21.96,1.17,0.85
2017-04-17,1.43,26.89,82.83,21.75,1.71,0.85
2017-04-18,4.63,26.75,87.47,19.74,1.8,0.84
2017-04-19,3.88,26.59,85.35,20.91,1.19,0.85
2017-04-20,0.64,26.83,83.0,22.29,2.77,0.84
2017-04-21,1.05,26.79,83.41,22.45,2.65,0.83
2017-04-22,0.56,26.74,81.74,23.19,2.97,0.82
2017-04-23,0.06,26.34,80.82,23.68,2.47,0.81
2017-04-24,0.04,26.23,80.42,20.92,2.11,0.8
2017-04-25,0.05,26.43,82.11,22.53,2.78,0.79
2017-04-26,0.07,26.69,80.43,22.89,2.85,0.78
2017-04-27,0.48,26.7,81.94,22.06,3.42,0.77
2017-04-28,4.68,26.15,81.0,11.81,3.08,0.77
2017-04-29,2.02,25.96,82.51,15.07,1.78,0.76
2017-04-30,0.25,26.81,79.24,18.86,1.08,0.76
2017-05-01,0.34,27.47,75.86,20.79,0.88,0.75
2017-05-02,3.2,27.2,84.05,20.59,1.51,0.74
2017-05-03,4.5,26.23,84.43,18.13,2.71,0.75
2017-05-04,1.36,25.98,83.6,19.27,3.54,0.74
2017-05-05,0.44,26.12,79.51,21.22,4.59,0.74
2017-05-06,0.03,26.13,77.65,22.02,4.1,0.73
2017-05-07,0.22,26.1,80.8,22.11,3.78,0.72
2017-05-08,0.07,25.89,79.24,22.03,3.47,0.71
2017-05-09,0.01,25.98,78.38,21.51,3.39,0.7
2017-05-10,0.01,25.8,76.43,21.04,3.99,0.69
2017-05-11,0.0,25.93,75.17,21.39,4.08,0.68
2017-05-12,0.0,26.04,73.39,20.54,3.62,0.68
2017-05-13,0.0,26.11,75.75,18.12,3.36,0.67
2017-05-14,0.01,26.62,77.29,19.75,3.28,0.66
2017-05-15,0.04,26.41,76.52,19.49,3.04,0.65
2017-05-16,0.0,26.29,73.13,18.35,1.87,0.65
2017-05-17,0.16,26.5,78.65,20.6,2.89,0.64
2017-05-18,0.12,26.47,78.35,16.92,3.68,0.63
2017-05-19,0.0,26.38,73.16,21.23,3.2,0.63
2017-05-20,0.0,26.07,70.81,21.05,2.52,0.62
2017-05-21,0.0,25.66,70.6,21.66,2.4,0.62
2017-05-22,0.0,25.64,68.42,20.47,3.07,0.61
2017-05-23,0.2,26.49,76.6,20.34,3.39,0.61
2017-05-24,0.25,27.29,77.28,17.67,3.58,0.6
2017-05-25,0.02,27.41,73.88,18.77,3.53,0.6
2017-05-26,0.15,27.17,75.57,18.31,3.57,0.59
2017-05-27,0.71,26.97,75.67,17.52,3.95,0.59
2017-05-28,0.35,26.95,73.79,17.21,4.18,0.58
2017-05-29,0.41,27.12,73.72,16.88,3.57,0.58
2017-05-30,0.42,26.87,73.73,17.08,4.74,0.58
2017-05-31,0.02,26.34,69.08,16.93,5.21,0.57
2017-06-01,0.0,26.44,67.89,14.7,4.96,0.57
2017-06-02,0.07,26.44,71.28,16.5,5.1,0.56
2017-06-03,0.68,26.7,75.56,12.67,5.29,0.56
2017-06-04,3.32,26.44,76.08,14.85,4.94,0.56
2017-06-05,3.53,25.86,79.11,16.38,4.2,0.57
2017-06-06,0.81,26.53,74.15,18.91,4.56,0.57
2017-06-07,0.19,26.16,70.34,16.48,4.94,0.56
2017-06-08,0.73,25.93,74.56,10.0,5.17,0.56
2017-06-09,0.41,25.96,72.2,14.85,4.7,0.55
2017-06-10,0.64,26.09,74.63,16.17,5.21,0.55
2017-06-11,0.7,25.71,71.64,16.07,6.15,0.55
2017-06-12,1.02,25.81,71.11,12.22,5.53,0.55
2017-06-13,0.19,25.87,68.5,17.93,4.08,0.54
2017-06-14,0.0,25.51,66.21,19.15,3.75,0.54
2017-06-15,0.02,25.39,68.35,19.28,2.97,0.54
2017-06-16,0.2,25.57,69.45,19.09,3.23,0.53
2017-06-17,0.11,25.04,68.16,17.66,3.84,0.53
2017-06-18,0.02,25.68,69.88,18.81,3.91,0.53
2017-06-19,0.5,26.06,74.53,14.7,4.93,0.53
2017-06-20,0.03,26.51,69.24,17.88,4.33,0.52
2017-06-21,0.08,26.23,68.46,18.72,3.45,0.52
2017-06-22,0.02,26.34,68.09,19.01,3.45,0.52
2017-06-23,0.06,26.54,68.33,18.3,3.52,0.52
2017-06-24,0.15,26.48,71.85,18.6,2.27,0.51
2017-06-25,0.12,26.31,68.96,19.22,3.37,0.51
2017-06-26,0.0,25.35,66.07,20.28,2.91,0.51
2017-06-27,0.06,25.1,69.94,18.94,3.38,0.51
2017-06-28,0.0,25.59,69.16,19.22,3.43,0.51
2017-06-29,0.01,26.05,66.18,19.92,3.9,0.5
2017-06-30,0.23,26.06,68.62,18.74,4.16,0.5
2017-07-01,0.71,25.95,71.74,16.61,4.59,0.5
2017-07-02,0.06,26.5,68.86,19.67,3.52,0.5
2017-07-03,0.11,26.62,69.68,16.48,4.0,0.5
2017-07-04,0.01,26.46,71.83,17.6,3.73,0.5
2017-07-05,0.82,26.73,74.7,13.09,3.27,0.5
2017-07-06,2.24,26.65,77.28,17.73,3.0,0.5
2017-07-07,0.35,26.67,74.61,18.71,2.93,0.5
2017-07-08,0.04,26.27,73.52,19.28,3.59,0.5
2017-07-09,0.04,26.03,71.24,19.33,3.2,0.49
2017-07-10,0.18,26.71,68.76,18.04,3.3,0.49
2017-07-11,0.66,26.53,73.91,18.24,4.13,0.49
2017-07-12,2.69,26.23,76.18,16.85,4.7,0.49
2017-07-13,1.07,26.2,73.5,19.02,6.07,0.5
2017-07-14,0.0,25.85,71.38,19.84,4.8,0.49
2017-07-15,0.01,25.54,67.11,20.56,4.21,0.49
2017-07-16,0.0,25.59,64.89,20.75,3.75,0.49
2017-07-17,0.05,25.85,68.05,20.23,4.09,0.49
2017-07-18,0.03,26.14,70.07,17.66,4.16,0.49
2017-07-19,0.0,26.72,65.11,18.6,3.07,0.49
2017-07-20,1.3,26.46,64.41,20.72,3.39,0.49
2017-07-21,3.88,25.89,67.93,15.78,3.39,0.49
2017-07-22,0.01,25.3,65.02,20.19,4.08,0.49
2017-07-23,0.0,25.3,63.42,19.05,4.2,0.49
2017-07-24,0.0,25.92,65.23,17.11,4.15,0.49
2017-07-25,0.0,26.1,66.18,19.77,4.5,0.49
2017-07-26,0.51,26.58,72.91,19.88,4.62,0.49
2017-07-27,0.27,26.59,69.94,17.12,4.19,0.49
2017-07-28,0.01,26.76,64.92,21.71,3.41,0.49
2017-07-29,0.02,26.19,67.14,21.12,3.9,0.48
2017-07-30,0.03,25.73,70.55,21.05,3.88,0.48
2017-07-31,0.06,26.37,68.16,17.83,3.34,0.48
2017-08-01,0.3,25.98,72.59,17.8,4.42,0.48
2017-08-02,0.2,26.05,69.29,21.26,4.59,0.48
2017-08-03,0.08,25.98,67.29,19.64,5.06,0.48
2017-08-04,0.0,25.65,64.08,20.8,4.58,0.48
2017-08-05,0.0,26.15,60.66,21.86,3.57,0.48
2017-08-06,0.0,27.01,60.11,21.37,3.26,0.48
2017-08-07,0.0,27.5,63.74,21.55,3.66,0.48
2017-08-08,0.01,27.4,65.71,22.35,3.37,0.48
2017-08-09,0.03,27.03,64.04,21.78,3.53,0.48
2017-08-10,0.13,26.62,66.69,20.97,3.46,0.48
2017-08-11,0.05,27.04,66.15,21.12,3.79,0.48
2017-08-12,0.01,26.87,62.8,21.29,3.86,0.48
2017-08-13,0.01,26.01,68.52,21.3,3.97,0.48
2017-08-14,0.0,25.84,65.12,22.77,3.75,0.48
2017-08-15,0.02,25.8,64.83,22.01,3.31,0.48
2017-08-16,0.06,26.25,67.04,21.54,3.22,0.48
2017-08-17,0.0,27.06,63.89,22.56,3.09,0.48
2017-08-18,0.01,27.21,65.76,21.75,2.76,0.48
2017-08-19,0.06,26.75,67.71,22.56,3.79,0.48
2017-08-20,0.0,26.08,67.18,23.09,3.48,0.48
2017-08-21,0.0,26.49,61.18,24.18,3.8,0.48
2017-08-22,0.01,26.45,64.71,23.93,3.89,0.48
2017-08-23,0.03,26.78,63.82,23.57,4.34,0.48
2017-08-24,0.01,26.83,60.97,24.12,3.99,0.48
2017-08-25,0.01,26.68,64.92,23.7,4.3,0.48
2017-08-26,0.0,26.09,66.93,23.42,4.96,0.48
2017-08-27,0.0,25.84,63.94,24.55,4.71,0.48
2017-08-28,0.0,25.9,60.61,24.43,4.29,0.48
2017-08-29,0.0,25.69,59.16,25.01,4.15,0.48
2017-08-30,0.0,25.96,56.93,24.32,3.72,0.48
2017-08-31,0.0,26.46,59.11,24.09,3.54,0.48
2017-09-01,0.0,26.58,61.69,23.69,2.27,0.48
2017-09-02,0.0,27.17,61.42,23.75,2.83,0.48
2017-09-03,0.1,27.03,65.52,24.41,3.51,0.48
2017-09-04,0.0,27.05,60.95,24.6,2.85,0.48
2017-09-05,0.0,27.17,62.51,24.36,3.31,0.48
2017-09-06,0.01,26.6,65.54,23.74,4.13,0.48
2017-09-07,0.04,27.31,64.35,21.83,4.15,0.48
2017-09-08,0.0,28.1,58.5,23.64,4.16,0.48
2017-09-09,0.0,27.79,58.72,24.76,3.94,0.48
2017-09-10,0.0,27.4,59.83,25.43,3.6,0.48
2017-09-11,0.0,27.03,62.2,25.18,3.38,0.48
2017-09-12,0.01,27.42,63.0,25.1,3.31,0.48
2017-09-13,0.01,27.44,65.5,23.86,3.95,0.48
2017-09-14,0.0,28.35,63.72,24.88,2.68,0.48
2017-09-15,0.03,28.24,64.32,23.19,4.09,0.48
2017-09-16,0.01,27.63,63.38,25.15,4.28,0.48
2017-09-17,0.0,26.96,59.85,25.94,3.81,0.48
2017-09-18,0.0,26.77,60.18,25.06,3.54,0.48
2017-09-19,0.0,27.04,62.71,25.02,3.61,0.48
2017-09-20,0.04,27.7,63.66,23.6,2.78,0.48
2017-09-21,0.03,27.95,66.36,23.08,3.35,0.48
2017-09-22,0.26,28.79,61.83,25.41,2.67,0.48
2017-09-23,0.47,28.35,64.36,24.71,3.3,0.48
2017-09-24,0.25,28.29,64.46,23.09,2.14,0.48
2017-09-25,0.49,28.18,64.24,22.13,2.99,0.48
2017-09-26,0.04,28.56,61.97,23.57,2.74,0.48
2017-09-27,0.41,28.17,67.3,22.8,3.26,0.48
2017-09-28,0.37,27.98,69.09,22.85,3.79,0.48
2017-09-29,0.35,28.12,68.26,23.31,3.63,0.48
2017-09-30,0.45,28.0,67.86,23.13,2.91,0.48
2017-10-01,0.0,28.68,62.32,25.68,2.11,0.48
2017-10-02,0.02,28.85,63.06,25.1,2.33,0.48
2017-10-03,0.47,29.16,63.88,24.75,2.51,0.48
2017-10-04,0.35,29.54,63.48,24.73,2.76,0.48
2017-10-05,0.22,29.57,61.78,24.54,2.3,0.48
2017-10-06,0.17,29.1,64.54,24.58,3.09,0.48
2017-10-07,0.31,28.78,64.74,22.15,3.12,0.48
2017-10-08,0.54,29.46,65.43,24.16,3.04,0.48
2017-10-09,0.23,29.76,62.24,25.34,2.73,0.48
2017-10-10,0.08,29.34,59.98,25.92,2.64,0.48
2017-10-11,1.41,29.09,64.12,19.45,3.38,0.48
2017-10-12,0.21,29.06,61.48,25.8,3.64,0.48
2017-10-13,0.06,29.35,61.64,26.36,2.02,0.48
2017-10-14,0.06,29.42,66.42,24.8,4.02,0.48
2017-10-15,0.67,29.61,65.29,23.47,3.07,0.48
2017-10-16,0.37,29.82,64.08,21.94,2.46,0.48
2017-10-17,4.44,29.5,66.69,24.93,2.94,0.48
2017-10-18,0.84,29.09,68.9,25.62,3.53,0.49
2017-10-19,1.56,29.5,66.14,25.98,2.51,0.49
2017-10-20,4.42,28.92,69.25,24.74,1.57,0.49
2017-10-21,22.85,27.73,75.2,21.69,2.23,0.51
2017-10-22,33.7,27.67,77.13,19.19,1.51,0.56
2017-10-23,10.63,27.78,76.74,23.66,1.41,0.6
2017-10-24,5.51,27.89,75.79,26.22,1.89,0.6
2017-10-25,0.72,28.42,71.23,27.05,2.15,0.6
2017-10-26,1.74,28.39,69.62,25.94,1.48,0.59
2017-10-27,0.46,28.59,64.86,26.74,1.6,0.58
2017-10-28,0.01,28.83,65.31,27.46,1.55,0.57
2017-10-29,0.06,28.79,68.08,27.06,1.47,0.57
2017-10-30,0.06,29.09,66.98,26.48,1.45,0.56
2017-10-31,0.19,29.21,68.13,26.25,1.83,0.55
2017-11-01,0.34,29.08,68.14,24.27,3.02,0.55
2017-11-02,1.73,28.96,66.59,24.36,1.64,0.55
2017-11-03,2.2,28.93,67.46,25.2,2.07,0.55
2017-11-04,0.17,29.15,66.06,24.99,1.63,0.54
2017-11-05,0.97,28.8,67.65,20.6,1.26,0.54
2017-11-06,3.03,28.5,70.85,22.89,1.64,0.54
2017-11-07,0.84,28.71,69.55,21.46,2.39,0.54
2017-11-08,0.22,29.28,66.28,26.97,2.98,0.54
2017-11-09,0.21,29.35,66.61,23.49,2.55,0.53
2017-11-10,0.65,29.56,66.99,23.9,2.72,0.53
2017-11-11,0.64,29.2,67.82,22.85,2.21,0.53
2017-11-12,4.04,29.39,65.91,21.82,1.09,0.53
2017-11-13,3.67,29.16,65.95,22.92,1.65,0.53
2017-11-14,4.09,28.59,69.71,19.64,1.39,0.53
2017-11-15,12.0,28.17,76.58,20.85,2.21,0.54
2017-11-16,8.79,27.6,78.79,19.22,2.15,0.57
2017-11-17,5.05,27.61,77.43,21.38,1.69,0.57
2017-11-18,5.99,27.97,77.21,18.65,1.96,0.58
2017-11-19,19.33,27.45,78.56,17.22,1.74,0.6
2017-11-20,1.84,26.88,80.39,19.95,1.13,0.61
2017-11-21,2.79,27.34,79.0,23.34,1.94,0.61
2017-11-22,2.57,27.46,79.79,20.81,1.7,0.61
2017-11-23,22.19,28.11,78.3,22.58,1.68,0.62
2017-11-24,3.17,28.47,74.93,25.67,1.32,0.64
2017-11-25,3.05,27.99,78.56,24.56,2.07,0.64
2017-11-26,2.83,28.41,76.66,18.32,1.48,0.64
2017-11-27,2.64,28.7,76.03,25.1,2.14,0.63
2017-11-28,3.29,28.74,75.64,23.16,1.54,0.63
2017-11-29,15.91,28.7,76.17,20.75,1.56,0.63
2017-11-30,11.77,27.28,85.38,18.01,2.74,0.66
2017-12-01,27.1,27.02,85.6,20.71,2.6,0.7
2017-12-02,1.12,27.47,81.97,22.61,1.71,0.71
2017-12-03,0.7,27.77,81.09,19.39,1.53,0.7
2017-12-04,0.98,27.95,79.49,23.71,1.17,0.69
2017-12-05,8.25,28.15,76.9,22.86,1.34,0.7
2017-12-06,2.69,27.7,81.55,18.15,1.82,0.7
2017-12-07,6.88,26.92,85.11,17.03,2.13,0.7
2017-12-08,5.73,26.75,86.13,13.88,2.27,0.71
2017-12-09,3.07,27.45,82.87,22.23,1.34,0.71
2017-12-10,1.46,28.14,77.66,24.35,1.77,0.71
2017-12-11,0.34,28.21,75.61,26.43,1.52,0.69
2017-12-12,0.32,28.91,72.3,27.1,1.08,0.68
2017-12-13,0.22,29.13,69.99,27.23,1.47,0.67
2017-12-14,1.1,28.62,74.29,16.16,2.13,0.66
2017-12-15,2.46,27.37,82.72,21.79,2.41,0.66
2017-12-16,0.43,27.53,81.7,24.58,2.46,0.66
2017-12-17,4.45,28.44,76.75,24.03,1.95,0.66
2017-12-18,14.65,28.65,73.77,21.98,1.08,0.66
2017-12-19,29.95,27.4,83.19,21.98,1.68,0.71
2017-12-20,2.48,27.93,77.45,20.33,1.49,0.71
2017-12-21,9.41,27.5,80.14,22.45,2.44,0.72
2017-12-22,11.07,26.97,82.14,16.99,1.43,0.72
2017-12-23,43.11,26.06,86.99,13.27,2.8,0.78
2017-12-24,11.67,26.18,84.9,8.79,1.64,0.8
2017-12-25,9.44,26.66,84.31,22.05,3.52,0.8
2017-12-26,2.17,26.87,84.93,17.07,4.22,0.8
2017-12-27,1.28,26.93,83.89,20.83,3.62,0.79
2017-12-28,3.35,26.48,85.2,20.67,3.48,0.79
2017-12-29,3.02,26.8,84.91,16.1,2.1,0.79
2017-12-30,11.44,26.46,83.54,16.58,1.74,0.8
2017-12-31,2.88,27.16,81.33,24.93,1.07,0.8
2018-01-01,2.43,27.67,78.38,16.32,1.33,0.79
2018-01-02,0.17,28.18,73.44,24.15,1.09,0.79
2018-01-03,7.81,28.24,74.03,21.63,1.13,0.78
2018-01-04,4.81,27.91,79.12,20.22,1.23,0.78
2018-01-05,7.98,26.42,87.59,10.36,1.43,0.79
2018-01-06,18.62,26.37,84.09,18.22,1.4,0.8
2018-01-07,16.4,26.58,84.8,12.24,1.97,0.83
2018-01-08,9.84,26.29,87.36,13.67,2.49,0.83
2018-01-09,19.26,26.39,86.81,17.85,3.16,0.84
2018-01-10,20.98,25.8,89.03,9.7,3.77,0.87
2018-01-11,30.25,26.0,87.02,7.05,4.13,0.9
2018-01-12,19.85,25.83,88.77,12.3,3.49,0.91
2018-01-13,24.12,25.46,87.31,11.26,2.0,0.94
2018-01-14,18.65,25.63,88.25,16.49,2.53,0.94
2018-01-15,17.69,26.18,85.73,21.81,2.6,0.95
2018-01-16,11.28,26.68,84.4,22.61,1.85,0.95
2018-01-17,43.11,25.94,87.41,11.8,2.99,0.96
2018-01-18,23.75,25.48,88.69,20.71,2.71,0.98
2018-01-19,6.26,25.74,90.14,16.57,2.83,0.97
2018-01-20,15.13,25.91,91.41,17.57,3.25,0.97
2018-01-21,11.18,25.78,90.53,9.57,3.51,0.97
2018-01-22,25.99,25.9,91.2,10.05,3.04,0.98
2018-01-23,26.61,26.08,90.56,6.7,3.72,0.98
2018-01-24,3.5,26.45,88.76,19.47,3.89,0.98
2018-01-25,5.79,26.39,90.17,19.31,4.15,0.98
2018-01-26,16.03,26.42,90.52,17.88,5.16,0.98
2018-01-27,20.49,26.06,90.9,13.01,5.75,0.98
2018-01-28,20.45,26.45,89.93,16.09,6.04,0.99
2018-01-29,7.6,26.56,87.78,18.64,6.97,0.98
2018-01-30,11.17,26.07,89.68,15.35,5.66,0.98
2018-01-31,9.44,26.39,88.46,17.76,5.14,0.98
2018-02-01,7.42,26.16,90.15,22.0,4.17,0.98
2018-02-02,4.14,26.23,87.12,24.84,4.48,0.97
2018-02-03,1.65,26.38,83.59,25.47,2.92,0.97
2018-02-04,0.67,26.43,85.58,26.88,2.82,0.96
2018-02-05,0.13,26.4,84.55,27.01,2.91,0.95
2018-02-06,1.61,26.5,83.07,24.8,3.07,0.94
2018-02-07,11.18,26.39,87.05,24.93,3.27,0.94
2018-02-08,2.27,26.34,84.37,26.65,3.01,0.93
2018-02-09,0.9,26.31,84.6,23.56,2.48,0.92
2018-02-10,0.26,26.14,84.05,25.72,2.25,0.92
2018-02-11,0.57,26.26,84.88,22.15,2.71,0.91
2018-02-12,4.6,26.32,84.99,25.44,3.29,0.9
2018-02-13,1.25,26.59,84.51,25.19,3.22,0.9
2018-02-14,12.15,26.58,85.56,19.03,2.33,0.89
2018-02-15,47.38,26.07,89.09,20.72,3.84,0.91
2018-02-16,29.87,25.82,89.05,6.97,5.16,0.93
2018-02-17,10.57,26.43,87.46,20.78,4.11,0.95
2018-02-18,18.83,26.29,87.97,12.32,3.9,0.95
2018-02-19,2.44,26.05,87.09,23.84,2.89,0.95
2018-02-20,3.36,26.32,84.73,23.26,1.62,0.94
2018-02-21,2.07,26.45,84.26,24.56,1.57,0.94
2018-02-22,13.64,26.67,83.43,24.0,1.66,0.94
2018-02-23,10.79,26.45,86.07,25.66,2.23,0.95
2018-02-24,2.64,26.44,86.82,23.38,2.44,0.94
2018-02-25,1.76,26.38,85.33,23.83,2.71,0.93
2018-02-26,11.21,26.49,84.24,22.75,2.14,0.93
2018-02-27,14.18,26.61,82.22,21.49,1.71,0.94
2018-02-28,1.24,26.89,81.91,23.24,1.54,0.94
2018-03-01,0.73,26.95,81.02,24.31,1.57,0.93
2018-03-02,2.36,26.99,81.6,22.67,1.43,0.92
2018-03-03,2.7,26.89,84.48,22.9,1.67,0.92
2018-03-04,1.67,26.86,84.26,20.6,1.59,0.91
2018-03-05,4.5,26.95,84.34,22.63,2.02,0.91
2018-03-06,2.38,27.13,83.83,22.86,2.43,0.9
2018-03-07,2.98,26.99,84.58,24.55,2.2,0.9
2018-03-08,2.63,26.55,85.07,23.46,2.28,0.89
2018-03-09,3.76,26.25,85.15,22.69,2.07,0.89
2018-03-10,1.19,26.33,84.35,24.39,2.13,0.88
2018-03-11,3.64,27.28,77.49,24.61,1.01,0.87
2018-03-12,0.4,27.32,79.36,23.95,1.7,0.87
2018-03-13,7.71,26.88,83.4,17.51,1.98,0.86
2018-03-14,8.19,26.54,83.72,19.49,2.36,0.87
2018-03-15,1.99,26.82,78.42,24.61,1.3,0.86
2018-03-16,1.02,27.38,72.13,26.38,1.39,0.85
2018-03-17,0.28,27.78,70.14,23.91,1.23,0.84
2018-03-18,0.03,26.8,81.28,24.08,2.78,0.83
2018-03-19,0.19,27.05,80.24,21.78,2.27,0.83
2018-03-20,1.03,27.45,76.77,23.08,1.25,0.82
2018-03-21,3.78,27.32,79.2,21.73,1.63,0.81
2018-03-22,19.65,26.88,82.18,22.48,2.2,0.82
2018-03-23,3.53,26.76,85.33,21.02,2.56,0.83
2018-03-24,3.61,26.72,85.73,20.89,2.22,0.83
2018-03-25,1.03,27.29,81.96,24.07,2.0,0.82
2018-03-26,0.86,27.18,84.71,22.26,2.61,0.82
2018-03-27,0.44,26.67,88.88,21.82,2.61,0.81
2018-03-28,1.86,27.04,85.88,18.72,2.13,0.8
2018-03-29,0.96,26.84,84.3,22.64,1.74,0.8
2018-03-30,0.72,27.29,78.28,21.9,0.75,0.79
2018-03-31,1.18,27.36,78.83,24.38,1.25,0.78
2018-04-01,1.76,27.05,80.02,22.25,2.15,0.78
2018-04-02,0.2,27.67,79.69,22.86,1.79,0.77
2018-04-03,6.17,27.04,84.64,11.55,1.77,0.77
2018-04-04,0.94,27.92,74.27,23.39,1.02,0.77
2018-04-05,0.16,27.72,76.16,24.71,0.75,0.76
2018-04-06,0.03,28.0,72.42,24.78,0.76,0.74
2018-04-07,2.27,27.68,72.36,24.04,0.89,0.73
2018-04-08,0.14,27.19,72.3,24.6,1.74,0.73
2018-04-09,0.3,27.4,75.13,23.98,1.86,0.72
2018-04-10,1.71,27.67,76.31,22.55,1.07,0.71
2018-04-11,2.82,27.78,76.23,23.39,1.62,0.71
2018-04-12,0.07,27.75,76.55,22.93,2.07,0.7
2018-04-13,0.03,28.0,75.32,24.21,2.43,0.69
2018-04-14,1.23,27.9,78.8,23.59,2.26,0.68
2018-04-15,0.3,28.29,77.15,21.82,2.69,0.67
2018-04-16,0.52,28.0,78.96,22.02,2.93,0.67
2018-04-17,0.42,28.17,74.58,21.89,3.02,0.66
2018-04-18,0.41,28.08,72.09,22.69,2.43,0.65
2018-04-19,0.27,28.06,72.82,17.68,1.53,0.64
2018-04-20,4.6,27.45,80.92,18.57,3.16,0.64
2018-04-21,1.26,27.61,77.21,22.21,3.21,0.64
2018-04-22,0.01,27.63,72.65,22.99,4.14,0.63
2018-04-23,0.01,27.34,73.19,23.66,3.66,0.62
2018-04-24,0.03,27.4,72.76,23.46,3.27,0.62
2018-04-25,0.24,27.37,70.33,22.94,2.88,0.61
2018-04-26,0.07,27.39,66.94,21.64,3.13,0.6
2018-04-27,0.05,27.16,66.89,22.76,2.95,0.6
2018-04-28,0.02,26.99,70.59,22.09,3.56,0.59
2018-04-29,0.03,26.75,70.28,22.43,3.4,0.59
2018-04-30,0.0,26.98,66.12,22.61,3.05,0.58
2018-05-01,0.84,27.23,68.36,21.08,2.36,0.58
2018-05-02,6.04,27.22,73.56,22.41,2.18,0.58
2018-05-03,2.02,27.13,74.1,21.67,2.17,0.58
2018-05-04,0.24,27.42,73.04,21.17,2.06,0.58
2018-05-05,0.21,27.94,71.16,21.35,3.41,0.57
2018-05-06,0.02,27.51,69.98,21.42,4.56,0.57
2018-05-07,0.0,27.13,67.41,22.01,4.13,0.56
2018-05-08,0.0,27.33,67.29,22.29,3.31,0.55
2018-05-09,0.0,27.31,69.49,22.22,3.35,0.55
2018-05-10,0.01,27.77,66.82,20.35,3.94,0.55
2018-05-11,0.0,27.65,66.15,21.58,4.18,0.54
2018-05-12,0.02,27.78,64.58,18.2,4.64,0.54
2018-05-13,0.02,27.62,64.78,17.5,5.38,0.53
2018-05-14,0.12,28.05,63.34,18.82,4.19,0.53
2018-05-15,0.41,27.29,68.35,18.7,5.12,0.53
2018-05-16,0.03,27.21,62.61,19.97,5.12,0.53
2018-05-17,0.04,26.7,61.37,19.79,5.38,0.52
2018-05-18,0.08,26.05,63.13,18.1,5.01,0.52
2018-05-19,0.02,26.94,61.45,19.02,4.14,0.52
2018-05-20,0.01,27.19,63.27,17.58,4.87,0.52
2018-05-21,0.03,27.32,69.31,16.92,4.92,0.52
2018-05-22,0.13,27.55,69.21,19.36,5.44,0.51
2018-05-23,0.29,27.43,68.82,16.33,5.53,0.51
2018-05-24,0.14,27.65,70.62,18.72,4.56,0.51
2018-05-25,0.02,27.57,69.64,19.61,3.93,0.51
2018-05-26,0.03,27.59,68.62,19.95,3.52,0.51
2018-05-27,0.09,27.38,69.69,18.89,4.48,0.51
2018-05-28,0.0,26.56,69.22,19.48,4.59,0.5
2018-05-29,0.0,26.57,67.29,20.25,3.93,0.5
2018-05-30,0.01,26.87,65.23,19.08,3.63,0.5
2018-05-31,0.22,27.19,65.09,18.98,3.65,0.5
2018-06-01,3.14,26.91,72.21,16.07,4.31,0.5
2018-06-02,1.45,26.41,72.16,13.55,4.43,0.5
2018-06-03,0.05,26.61,65.0,18.92,4.3,0.5
2018-06-04,0.09,26.65,62.99,19.05,3.48,0.5
2018-06-05,0.0,26.48,63.72,18.35,3.69,0.5
2018-06-06,0.0,26.42,62.49,19.69,2.4,0.5
2018-06-07,0.0,26.34,64.0,19.6,2.56,0.5
2018-06-08,0.03,26.47,68.31,19.03,3.04,0.49
2018-06-09,0.0,27.15,67.08,18.56,3.79,0.49
2018-06-10,0.03,27.21,70.3,18.57,3.85,0.49
2018-06-11,0.1,26.7,70.49,18.64,4.06,0.49
2018-06-12,0.0,26.48,66.46,19.6,3.1,0.49
2018-06-13,0.01,26.45,66.1,19.94,3.21,0.49
2018-06-14,0.08,26.53,69.58,19.15,3.41,0.49
2018-06-15,0.05,26.63,67.92,19.1,3.89,0.49
2018-06-16,0.06,26.57,67.92,19.53,4.64,0.48
2018-06-17,0.06,26.54,65.31,18.74,5.25,0.48
2018-06-18,0.0,26.78,62.65,17.22,5.48,0.48
2018-06-19,0.16,27.21,67.13,18.1,4.17,0.48
2018-06-20,0.1,26.91,68.37,16.5,5.18,0.48
2018-06-21,0.02,26.74,66.68,18.57,4.44,0.48
2018-06-22,0.0,26.88,61.32,19.38,4.68,0.48
2018-06-23,0.0,26.07,59.28,17.67,4.68,0.48
2018-06-24,0.04,26.06,61.15,19.19,5.2,0.48
2018-06-25,0.29,25.97,65.73,17.89,4.99,0.48
2018-06-26,0.02,26.25,65.64,18.64,5.24,0.48
2018-06-27,0.07,26.24,70.25,17.61,5.37,0.48
2018-06-28,0.06,26.43,66.82,18.8,5.2,0.48
2018-06-29,0.01,25.94,64.85,17.69,5.15,0.48
2018-06-30,0.0,26.05,63.69,19.02,4.35,0.48
2018-07-01,0.01,26.26,69.56,18.7,4.28,0.48
2018-07-02,0.17,26.64,71.65,17.15,5.57,0.48
2018-07-03,0.13,26.86,67.98,19.29,5.53,0.48
2018-07-04,0.01,26.39,65.24,20.0,4.78,0.48
2018-07-05,0.05,26.11,62.19,19.77,4.44,0.48
2018-07-06,0.0,25.91,60.7,19.03,3.22,0.48
2018-07-07,0.0,26.02,64.18,20.15,3.83,0.48
2018-07-08,0.13,25.56,70.95,18.2,4.76,0.48
2018-07-09,0.03,25.49,62.9,19.21,4.61,0.48
2018-07-10,0.09,25.8,65.69,16.63,4.48,0.48
2018-07-11,0.03,25.98,65.61,19.58,4.96,0.48
2018-07-12,0.0,25.86,60.63,20.53,4.84,0.48
2018-07-13,0.0,25.14,59.08,20.86,4.47,0.48
2018-07-14,0.0,25.26,61.06,20.17,3.11,0.48
2018-07-15,0.03,25.2,65.7,18.15,3.2,0.48
2018-07-16,0.0,25.74,61.93,20.38,3.27,0.48
2018-07-17,0.0,26.26,63.01,20.06,3.39,0.48
2018-07-18,0.05,26.45,66.06,20.12,2.45,0.48
2018-07-19,0.16,26.64,71.34,17.1,3.93,0.48
2018-07-20,0.17,27.61,66.7,15.33,3.76,0.48
2018-07-21,0.14,27.62,66.61,19.97,4.19,0.48
2018-07-22,0.05,26.6,66.44,20.81,4.23,0.48
2018-07-23,0.0,25.53,60.73,21.55,4.66,0.48
2018-07-24,0.0,25.42,56.03,21.3,3.95,0.48
2018-07-25,0.0,25.94,63.33,20.82,2.97,0.48
2018-07-26,0.02,26.28,67.11,20.13,2.89,0.48
2018-07-27,0.04,26.32,67.93,19.82,3.68,0.48
2018-07-28,0.07,26.42,68.27,17.06,3.05,0.48
2018-07-29,0.0,26.68,63.81,19.61,3.39,0.48
2018-07-30,0.0,26.93,61.96,21.13,2.99,0.48
2018-07-31,0.03,26.93,64.22,21.21,2.62,0.48
2018-08-01,0.12,26.47,63.93,19.98,3.16,0.48
2018-08-02,1.25,25.75,68.29,17.01,3.16,0.48
2018-08-03,4.59,24.84,75.65,16.37,3.7,0.48
2018-08-04,3.15,25.06,74.6,16.83,2.69,0.49
2018-08-05,2.75,25.05,75.73,14.4,3.71,0.49
2018-08-06,1.08,25.33,72.22,17.16,4.54,0.49
2018-08-07,0.07,26.08,66.26,19.97,4.68,0.49
2018-08-08,0.2,25.88,65.74,19.82,4.32,0.49
2018-08-09,0.01,26.7,64.98,21.46,3.02,0.49
2018-08-10,0.03,26.32,67.42,21.15,3.22,0.49
2018-08-11,0.12,25.91,69.97,21.03,4.9,0.49
2018-08-12,0.0,25.54,64.24,22.24,5.2,0.48
2018-08-13,0.15,25.68,64.57,17.99,4.81,0.48
2018-08-14,1.58,25.67,64.09,21.43,5.53,0.48
2018-08-15,1.31,25.21,65.47,21.82,4.43,0.49
2018-08-16,0.23,25.46,60.95,19.78,3.71,0.49
2018-08-17,1.36,25.75,68.66,21.29,2.69,0.49
2018-08-18,0.46,26.27,65.68,22.76,3.88,0.49
2018-08-19,0.0,26.49,63.63,23.21,3.81,0.49
2018-08-20,0.05,26.62,63.53,22.88,3.6,0.48
2018-08-21,0.36,26.51,63.05,21.75,3.43,0.48
2018-08-22,0.21,26.27,66.68,22.45,3.53,0.48
2018-08-23,0.02,26.47,63.43,22.67,3.73,0.48
2018-08-24,0.0,26.54,60.0,23.5,2.7,0.48
2018-08-25,0.01,26.54,63.22,22.94,2.51,0.48
2018-08-26,0.08,27.03,62.35,22.78,2.81,0.48
2018-08-27,0.09,27.26,64.76,23.24,2.22,0.48
2018-08-28,0.03,27.76,61.8,22.97,2.04,0.48
2018-08-29,0.0,27.54,60.81,22.92,1.88,0.48
2018-08-30,0.01,26.9,62.53,21.53,2.6,0.48
2018-08-31,0.03,26.82,64.57,23.09,3.45,0.48
2018-09-01,0.01,26.76,64.2,23.8,3.58,0.48
2018-09-02,0.08,26.52,67.26,22.63,3.55,0.48
2018-09-03,0.01,26.92,67.15,23.3,3.6,0.48
2018-09-04,0.0,27.25,65.17,22.66,3.37,0.48
2018-09-05,0.01,27.49,63.59,24.22,2.38,0.48
2018-09-06,0.0,27.44,61.7,24.74,2.89,0.48
2018-09-07,0.0,27.42,58.07,24.4,2.79,0.48
2018-09-08,0.0,27.49,58.81,25.58,3.24,0.48
2018-09-09,0.0,27.93,57.88,24.73,2.88,0.48
2018-09-10,0.0,27.39,63.9,24.58,3.68,0.48
2018-09-11,0.02,27.31,64.07,24.11,2.98,0.48
2018-09-12,0.0,27.2,61.87,24.92,1.83,0.48
2018-09-13,0.12,26.79,58.7,25.04,2.67,0.48
2018-09-14,0.13,26.76,61.09,23.89,3.17,0.48
2018-09-15,0.0,27.24,62.92,25.2,3.73,0.48
2018-09-16,0.0,27.93,59.93,25.39,2.13,0.48
2018-09-17,0.01,28.34,60.3,23.97,2.96,0.48
2018-09-18,0.01,28.06,59.45,25.09,3.36,0.48
2018-09-19,0.0,27.78,59.54,25.66,2.05,0.48
2018-09-20,0.0,28.1,56.81,23.12,1.72,0.48
2018-09-21,0.0,27.81,57.91,24.78,3.77,0.48
2018-09-22,0.0,27.86,60.88,25.35,3.19,0.48
2018-09-23,0.02,27.97,63.52,25.09,3.96,0.48
2018-09-24,0.01,27.82,61.25,25.95,3.0,0.48
2018-09-25,0.0,27.89,59.97,26.02,2.7,0.48
2018-09-26,0.29,27.53,63.42,24.85,2.15,0.48
2018-09-27,0.03,27.93,59.58,25.51,2.6,0.48
2018-09-28,0.03,28.02,60.57,25.7,2.39,0.48
2018-09-29,0.0,28.08,61.01,26.15,3.08,0.48
2018-09-30,0.0,27.71,61.68,26.28,4.06,0.48
2018-10-01,0.0,27.91,58.41,26.58,3.53,0.48
2018-10-02,0.01,27.6,57.33,26.75,3.17,0.48
2018-10-03,0.26,27.51,61.81,24.37,2.84,0.48
2018-10-04,0.0,28.61,56.98,25.37,1.61,0.48
2018-10-05,0.07,28.97,58.84,24.55,1.54,0.48
2018-10-06,0.01,28.56,59.34,25.86,2.7,0.48
2018-10-07,0.0,28.47,57.3,26.5,2.92,0.48
2018-10-08,0.0,28.47,54.94,27.48,3.2,0.48
2018-10-09,0.0,28.46,56.51,26.72,2.25,0.48
2018-10-10,0.0,28.45,56.93,26.31,2.19,0.48
2018-10-11,0.0,28.56,54.13,26.94,2.9,0.48
2018-10-12,0.0,28.77,57.9,27.29,2.55,0.48
2018-10-13,0.0,29.0,59.01,26.78,2.2,0.48
2018-10-14,0.07,29.07,61.02,26.67,2.5,0.48
2018-10-15,0.07,28.46,64.55,26.49,3.68,0.48
2018-10-16,0.01,28.58,61.79,26.26,3.14,0.48
2018-10-17,0.05,28.46,64.41,24.32,2.24,0.48
2018-10-18,0.09,28.55,65.11,24.41,1.94,0.48
2018-10-19,0.06,28.61,64.06,22.67,3.18,0.48
2018-10-20,0.13,28.93,62.7,25.82,2.9,0.48
2018-10-21,0.32,29.0,65.16,21.96,2.27,0.48
2018-10-22,0.31,29.1,65.12,24.51,2.31,0.48
2018-10-23,0.01,28.97,62.21,23.79,2.11,0.48
2018-10-24,0.0,29.02,60.77,26.78,1.94,0.48
2018-10-25,0.01,29.21,59.54,26.85,2.39,0.48
2018-10-26,0.01,29.24,62.6,26.4,2.67,0.48
2018-10-27,0.0,28.73,64.77,25.7,3.47,0.48
2018-10-28,0.0,28.17,65.11,27.05,3.65,0.48
2018-10-29,0.01,28.63,62.0,27.12,3.24,0.48
2018-10-30,0.39,28.61,62.99,25.5,2.09,0.48
2018-10-31,6.2,29.26,64.36,24.5,1.14,0.48
2018-11-01,4.94,29.09,66.84,26.08,1.66,0.49
2018-11-02,1.18,29.13,69.44,24.37,3.43,0.49
2018-11-03,0.69,29.6,68.01,25.33,3.18,0.49
2018-11-04,0.18,29.78,65.8,22.91,2.97,0.49
2018-11-05,0.09,29.49,61.24,25.92,2.39,0.49
2018-11-06,0.16,29.7,62.16,27.24,2.36,0.49
2018-11-07,0.14,29.98,61.48,26.96,1.69,0.48
2018-11-08,0.23,30.76,57.84,26.52,2.1,0.48
2018-11-09,0.1,30.52,58.64,26.29,2.76,0.48
2018-11-10,1.7,30.36,60.05,25.35,1.53,0.48
2018-11-11,8.55,30.02,64.81,23.97,1.71,0.49
2018-11-12,7.19,29.38,69.82,24.08,1.74,0.51
2018-11-13,1.99,29.5,68.92,24.7,2.49,0.51
2018-11-14,3.61,29.62,68.25,25.47,2.52,0.51
2018-11-15,0.55,29.74,66.37,23.37,3.31,0.51
2018-11-16,1.91,29.7,67.84,25.98,2.28,0.5
2018-11-17,1.66,29.55,68.15,25.95,1.3,0.5
2018-11-18,4.15,28.97,71.11,25.35,1.93,0.51
2018-11-19,6.32,28.65,72.97,25.49,2.2,0.51
2018-11-20,31.76,27.49,81.44,22.29,2.24,0.54
2018-11-21,9.55,27.06,82.56,23.11,2.29,0.59
2018-11-22,2.84,27.93,76.15,11.94,2.83,0.59
2018-11-23,4.97,27.94,76.84,13.5,2.82,0.58
2018-11-24,9.11,27.36,80.35,19.68,2.07,0.59
2018-11-25,17.38,26.83,82.51,15.6,1.52,0.61
2018-11-26,19.76,26.87,81.55,15.71,1.59,0.65
2018-11-27,4.03,27.17,80.6,14.08,1.89,0.65
2018-11-28,4.67,27.09,83.2,18.4,1.96,0.65
2018-11-29,9.12,26.99,83.23,19.11,1.89,0.66
2018-11-30,1.92,27.56,78.12,20.73,1.92,0.66
2018-12-01,18.29,26.78,82.7,20.74,1.96,0.67
2018-12-02,15.27,27.04,82.6,23.0,0.98,0.7
2018-12-03,4.47,27.97,78.74,25.59,1.69,0.7
2018-12-04,1.1,28.53,78.19,25.27,1.44,0.7
2018-12-05,1.43,28.59,78.61,25.58,1.37,0.68
2018-12-06,6.46,28.32,78.62,23.51,1.95,0.69
2018-12-07,4.58,27.75,83.31,25.44,2.1,0.69
2018-12-08,1.0,28.17,80.99,23.57,2.29,0.69
2018-12-09,1.18,27.89,83.14,22.67,2.69,0.68
2018-12-10,6.52,27.85,82.47,22.94,2.1,0.68
2018-12-11,3.28,27.7,84.81,23.26,2.33,0.68
2018-12-12,3.27,27.48,86.07,22.78,2.19,0.68
2018-12-13,1.8,27.24,87.89,20.62,3.11,0.68
2018-12-14,2.51,27.37,87.63,17.51,3.67,0.68
2018-12-15,2.35,27.49,86.61,22.09,3.93,0.68
2018-12-16,0.42,27.38,82.17,21.88,4.21,0.68
2018-12-17,0.56,27.66,78.06,21.36,3.89,0.67
2018-12-18,0.23,27.38,80.61,22.27,3.8,0.66
2018-12-19,0.2,27.46,77.99,24.16,3.46,0.66
2018-12-20,0.1,27.34,77.49,25.93,4.21,0.65
2018-12-21,0.12,27.44,75.95,23.0,4.52,0.64
2018-12-22,39.34,26.99,81.42,18.3,4.2,0.66
2018-12-23,47.83,26.64,87.29,11.28,2.8,0.74
2018-12-24,6.17,27.18,84.63,21.34,1.67,0.76
2018-12-25,5.02,27.22,86.76,22.77,2.24,0.75
2018-12-26,13.38,26.57,87.69,12.44,2.29,0.76
2018-12-27,15.65,25.89,86.99,5.68,4.3,0.78
2018-12-28,13.89,25.99,89.31,6.04,4.74,0.8
2018-12-29,14.47,26.09,88.81,14.63,2.54,0.81
2018-12-30,4.7,26.68,86.33,14.8,2.32,0.82
2018-12-31,3.04,26.47,85.68,22.72,2.83,0.81
2019-01-01,10.45,25.69,89.56,21.96,3.02,0.82
2019-01-02,5.0,26.05,86.65,21.52,2.95,0.82
2019-01-03,3.26,26.46,85.94,20.22,4.15,0.82
2019-01-04,1.58,26.31,88.35,20.48,3.49,0.82
2019-01-05,10.41,26.58,86.15,17.55,2.63,0.82
2019-01-06,7.22,26.59,86.48,20.63,2.54,0.83
2019-01-07,6.97,26.69,87.57,24.73,2.56,0.83
2019-01-08,4.14,26.97,86.46,27.13,2.19,0.83
2019-01-09,0.35,27.05,84.79,26.32,2.26,0.82
2019-01-10,1.99,26.99,83.51,23.85,1.9,0.81
2019-01-11,1.22,27.05,82.7,25.59,1.67,0.81
2019-01-12,4.73,27.52,82.62,25.93,1.95,0.8
2019-01-13,7.7,27.07,84.52,19.21,1.9,0.81
2019-01-14,1.22,27.05,82.25,16.27,2.09,0.8
2019-01-15,8.23,26.74,81.79,21.98,1.83,0.8
2019-01-16,8.35,26.49,85.3,17.21,3.15,0.81
2019-01-17,26.18,26.32,87.83,14.2,2.88,0.82
2019-01-18,5.36,25.98,86.88,19.29,2.28,0.85
2019-01-19,3.49,26.1,85.09,22.2,1.89,0.84
2019-01-20,13.93,26.61,85.98,20.1,1.87,0.85
2019-01-21,14.67,27.11,84.52,6.0,2.47,0.86
2019-01-22,28.05,26.14,86.82,13.74,3.31,0.89
2019-01-23,33.35,26.14,89.2,8.14,5.55,0.91
2019-01-24,11.02,26.87,85.64,13.72,6.28,0.92
2019-01-25,33.15,26.49,86.24,11.03,5.22,0.93
2019-01-26,10.03,26.3,87.66,21.64,3.39,0.94
2019-01-27,6.55,26.35,89.44,19.97,3.18,0.94
2019-01-28,24.39,26.02,88.99,13.02,3.01,0.95
2019-01-29,32.76,26.11,87.32,18.15,3.57,0.96
2019-01-30,16.26,26.09,87.57,20.9,3.37,0.97
2019-01-31,26.62,26.29,88.67,18.37,3.86,0.97
2019-02-01,15.08,26.43,87.35,10.63,4.31,0.98
2019-02-02,10.51,26.42,87.62,20.14,3.8,0.97
2019-02-03,3.79,26.7,88.07,22.0,3.93,0.97
2019-02-04,7.8,26.77,88.17,25.15,4.11,0.97
2019-02-05,10.81,26.69,88.31,21.57,4.08,0.96
2019-02-06,7.32,26.46,88.72,23.31,4.12,0.97
2019-02-07,4.75,26.42,87.82,22.0,2.89,0.96
2019-02-08,4.05,26.32,88.11,25.45,2.45,0.96
2019-02-09,2.81,26.29,88.38,23.72,2.5,0.95
2019-02-10,10.87,26.16,89.32,24.74,2.62,0.95
2019-02-11,7.67,26.26,87.96,22.36,2.56,0.96
2019-02-12,6.73,26.27,87.79,24.0,2.93,0.95
2019-02-13,3.82,26.31,86.07,23.42,2.5,0.95
2019-02-14,1.73,26.32,87.47,23.73,2.52,0.94
2019-02-15,3.75,26.96,83.62,25.49,2.0,0.93
2019-02-16,4.98,27.11,83.13,26.29,1.43,0.93
2019-02-17,6.26,27.03,83.98,24.27,1.79,0.93
2019-02-18,1.5,26.55,86.15,21.24,1.62,0.92
2019-02-19,2.93,26.68,84.99,25.41,1.87,0.92
2019-02-20,0.56,26.64,84.72,25.45,1.84,0.91
2019-02-21,5.56,26.51,84.32,25.8,1.73,0.91
2019-02-22,3.31,26.68,86.05,26.84,2.02,0.91
2019-02-23,3.1,27.41,80.74,25.21,1.49,0.9
2019-02-24,2.7,27.49,82.19,26.62,1.46,0.9
2019-02-25,0.76,27.19,81.75,26.35,1.48,0.89
2019-02-26,2.56,27.85,77.06,25.61,1.03,0.88
2019-02-27,0.84,27.8,78.46,25.86,1.23,0.88
2019-02-28,0.74,27.39,80.07,25.77,1.64,0.87
2019-03-01,4.51,27.58,80.82,23.38,2.06,0.86
2019-03-02,15.56,27.06,82.82,23.47,1.34,0.88
2019-03-03,1.2,27.34,82.05,24.29,1.97,0.87
2019-03-04,0.52,27.3,81.95,24.14,1.52,0.86
2019-03-05,0.77,27.34,82.71,22.74,2.16,0.85
2019-03-06,6.77,27.59,81.68,23.33,2.0,0.85
2019-03-07,5.33,27.31,81.64,20.39,1.14,0.85
2019-03-08,38.12,27.15,83.05,17.25,1.54,0.88
2019-03-09,1.9,27.26,80.25,26.17,1.32,0.88
2019-03-10,14.52,26.66,84.51,6.29,1.87,0.89
2019-03-11,3.46,26.81,77.02,20.43,1.22,0.89
2019-03-12,2.4,26.45,84.34,20.96,1.59,0.88
2019-03-13,4.98,26.14,86.89,21.27,2.04,0.88
2019-03-14,4.45,26.2,85.7,13.84,1.81,0.88
2019-03-15,6.48,25.74,88.69,17.86,1.79,0.88
2019-03-16,18.89,25.54,89.18,9.81,3.11,0.89
2019-03-17,15.66,25.76,90.79,10.12,4.95,0.91
2019-03-18,11.54,26.27,87.22,14.45,5.3,0.91
2019-03-19,2.22,26.41,87.43,22.23,3.78,0.91
2019-03-20,0.82,26.49,87.74,22.87,3.62,0.9
2019-03-21,0.57,26.57,87.66,23.34,3.02,0.9
2019-03-22,0.6,26.5,88.65,22.16,2.73,0.89
2019-03-23,0.9,26.47,87.4,22.03,2.99,0.89
2019-03-24,1.46,26.61,88.25,21.38,2.94,0.88
2019-03-25,0.66,26.62,86.63,21.86,2.46,0.88
2019-03-26,0.34,26.93,82.48,23.39,1.2,0.87
2019-03-27,15.64,26.69,85.9,18.05,1.79,0.87
2019-03-28,10.65,26.3,84.58,21.55,1.88,0.89
2019-03-29,1.4,26.56,87.0,22.32,2.41,0.88
2019-03-30,7.32,27.2,82.83,23.49,1.56,0.88
2019-03-31,3.43,27.42,77.42,23.61,1.45,0.88
2019-04-01,0.4,27.08,78.14,23.09,1.52,0.86
2019-04-02,0.24,26.6,81.02,20.4,2.08,0.85
2019-04-03,0.07,26.95,76.85,20.34,1.19,0.85
2019-04-04,0.02,26.82,75.88,16.73,1.91,0.84
2019-04-05,3.2,26.5,77.4,14.95,2.18,0.83
2019-04-06,6.37,26.22,84.41,5.77,5.42,0.83
2019-04-07,3.13,27.22,80.19,20.41,2.43,0.83
2019-04-08,0.05,27.47,76.81,24.29,0.96,0.82
2019-04-09,0.07,27.48,78.32,22.17,1.31,0.81
2019-04-10,0.95,26.92,82.55,8.11,1.02,0.8
2019-04-11,3.36,27.02,82.96,20.66,1.19,0.8
2019-04-12,1.57,26.64,87.74,18.06,1.92,0.8
2019-04-13,1.38,27.04,81.14,22.64,3.09,0.79
2019-04-14,0.62,26.73,77.57,23.88,2.26,0.78
2019-04-15,0.06,26.16,79.03,23.2,2.67,0.77
2019-04-16,0.04,26.18,77.34,24.58,2.36,0.76
2019-04-17,0.01,26.14,80.37,23.89,3.07,0.75
2019-04-18,0.04,26.72,78.4,23.24,2.74,0.74
2019-04-19,0.01,26.23,79.12,24.08,3.33,0.73
2019-04-20,0.02,26.37,80.43,21.49,3.56,0.72
2019-04-21,0.01,26.6,79.98,22.38,3.41,0.71
2019-04-22,0.01,26.42,78.59,23.46,3.77,0.7
2019-04-23,0.01,26.8,78.35,23.28,3.93,0.69
2019-04-24,0.0,26.91,77.91,23.45,4.09,0.68
2019-04-25,0.04,27.12,77.7,23.44,3.28,0.67
2019-04-26,0.33,27.24,77.87,22.22,3.62,0.66
2019-04-27,1.46,26.65,78.51,19.21,3.6,0.66
2019-04-28,3.82,25.77,82.47,7.6,5.08,0.66
2019-04-29,0.86,26.36,77.99,11.91,4.71,0.66
2019-04-30,3.35,27.22,80.24,14.54,2.51,0.65
2019-05-01,3.91,27.07,80.25,14.98,1.53,0.65
2019-05-02,3.29,27.01,78.54,19.56,1.09,0.65
2019-05-03,3.68,26.71,85.06,19.42,2.68,0.65
2019-05-04,1.19,26.75,81.9,17.58,3.46,0.65
2019-05-05,2.0,26.02,83.59,14.06,3.7,0.65
2019-05-06,0.42,26.53,76.44,20.82,3.94,0.64
2019-05-07,0.01,26.4,74.98,19.86,4.12,0.64
2019-05-08,0.24,26.68,76.07,17.44,4.19,0.63
2019-05-09,0.09,26.78,75.25,21.72,4.82,0.62
2019-05-10,0.59,26.14,68.97,18.16,4.9,0.62
2019-05-11,1.39,25.68,75.92,12.09,4.88,0.61
2019-05-12,0.19,25.42,76.51,16.95,5.37,0.61
2019-05-13,0.01,26.25,75.1,20.94,3.61,0.6
2019-05-14,0.0,26.43,72.76,21.58,3.27,0.6
2019-05-15,0.0,26.55,73.85,21.49,3.39,0.59
2019-05-16,0.0,26.38,68.27,22.12,2.63,0.59
2019-05-17,0.0,26.27,70.94,21.14,2.68,0.58
2019-05-18,0.0,26.71,73.14,20.66,2.74,0.58
2019-05-19,0.03,27.18,76.35,20.47,3.43,0.57
2019-05-20,0.05,27.46,77.43,19.13,4.13,0.57
2019-05-21,0.23,27.37,76.18,19.28,4.57,0.56
2019-05-22,0.02,27.11,73.09,20.64,4.77,0.56
2019-05-23,0.0,26.71,72.44,20.94,4.1,0.56
2019-05-24,0.02,26.7,70.75,21.05,3.85,0.55
2019-05-25,0.01,27.21,68.48,21.04,3.44,0.55
2019-05-26,0.03,27.23,70.51,20.77,3.7,0.54
2019-05-27,0.03,27.1,68.99,20.69,3.27,0.54
2019-05-28,0.01,26.68,67.53,20.6,4.02,0.54
2019-05-29,0.06,26.62,66.78,19.7,4.28,0.53
2019-05-30,0.15,26.38,67.21,19.89,4.98,0.53
2019-05-31,0.09,26.27,69.29,16.12,5.81,0.53
2019-06-01,0.05,26.16,64.41,17.94,5.94,0.53
2019-06-02,0.21,26.35,68.83,15.88,6.22,0.52
2019-06-03,0.97,26.06,66.55,11.47,5.95,0.52
2019-06-04,0.05,25.75,70.13,12.34,5.65,0.52
2019-06-05,0.0,25.64,66.09,14.98,6.38,0.52
2019-06-06,0.0,26.04,64.52,17.63,5.1,0.52
2019-06-07,0.07,26.21,68.38,18.58,4.63,0.51
2019-06-08,0.0,26.79,68.79,18.28,4.23,0.51
2019-06-09,0.2,26.84,73.32,17.47,3.75,0.51
2019-06-10,0.06,27.28,71.81,19.21,3.63,0.51
2019-06-11,0.24,27.03,73.99,18.15,3.27,0.51
2019-06-12,0.31,27.41,74.15,13.86,4.7,0.5
2019-06-13,0.69,27.3,72.72,14.5,3.86,0.5
2019-06-14,0.04,26.43,70.72,19.99,3.73,0.5
2019-06-15,0.0,25.6,70.6,20.04,3.69,0.5
2019-06-16,0.0,25.5,68.11,20.46,3.3,0.5
2019-06-17,0.0,25.45,69.14,19.7,3.08,0.5
2019-06-18,0.08,25.72,66.89,20.15,3.26,0.5
2019-06-19,0.02,26.1,63.86,19.76,3.8,0.49
2019-06-20,0.0,25.51,60.32,19.94,4.81,0.49
2019-06-21,0.07,25.66,65.14,18.6,3.22,0.49
2019-06-22,0.04,25.45,66.37,17.1,4.26,0.49
2019-06-23,0.0,25.4,66.83,17.67,4.15,0.49
2019-06-24,0.0,25.53,63.34,19.49,4.1,0.49
2019-06-25,0.0,24.69,62.05,20.13,4.57,0.49
2019-06-26,0.0,24.81,61.56,20.52,4.19,0.49
2019-06-27,0.0,24.54,62.22,20.58,4.03,0.49
2019-06-28,0.0,24.0,61.51,20.3,4.07,0.48
2019-06-29,0.0,24.42,63.24,20.12,3.98,0.48
2019-06-30,0.01,25.75,66.19,17.86,3.51,0.48
2019-07-01,0.2,26.29,73.05,17.63,3.7,0.48
2019-07-02,0.17,26.62,70.44,19.3,3.86,0.48
2019-07-03,0.1,26.21,65.56,19.98,4.51,0.48
2019-07-04,0.0,25.17,63.76,20.65,3.9,0.48
2019-07-05,0.0,24.71,62.1,20.48,3.25,0.48
2019-07-06,0.0,24.25,59.35,20.84,4.15,0.48
2019-07-07,0.0,24.35,62.16,19.98,4.02,0.48
2019-07-08,0.01,25.3,65.16,19.89,4.01,0.48
2019-07-09,0.0,25.72,63.97,17.98,3.96,0.48
2019-07-10,0.0,25.93,62.8,20.54,3.89,0.48
2019-07-11,0.0,25.9,63.81,20.37,4.17,0.48
2019-07-12,0.0,25.54,61.41,20.74,4.32,0.48
2019-07-13,0.48,25.14,65.47,19.04,3.92,0.48
2019-07-14,0.05,25.3,66.34,20.24,5.06,0.48
2019-07-15,0.07,24.99,63.48,19.3,5.52,0.48
2019-07-16,0.07,25.45,64.15,18.44,4.54,0.48
2019-07-17,0.02,26.21,59.37,20.05,4.63,0.48
2019-07-18,0.05,26.37,61.25,19.57,3.53,0.48
2019-07-19,0.05,26.34,62.2,20.0,3.34,0.48
2019-07-20,0.03,25.79,62.47,20.95,3.25,0.48
2019-07-21,0.01,25.27,65.27,20.18,3.59,0.48
2019-07-22,0.0,24.83,66.68,21.12,3.63,0.48
2019-07-23,0.0,24.64,68.2,20.74,4.05,0.48
2019-07-24,0.0,24.71,66.76,20.32,3.21,0.48
2019-07-25,0.0,24.94,60.29,21.27,3.95,0.48
2019-07-26,0.0,25.69,61.3,20.56,2.31,0.48
2019-07-27,0.01,25.78,67.6,20.52,3.9,0.48
2019-07-28,0.01,25.55,63.75,21.18,3.53,0.48
2019-07-29,0.0,25.06,68.88,20.21,3.67,0.48
2019-07-30,0.0,24.85,70.04,19.9,3.47,0.48
2019-07-31,0.0,25.25,69.29,20.76,3.83,0.48
2019-08-01,0.01,25.22,66.41,21.3,3.98,0.48
2019-08-02,0.03,24.74,66.52,20.87,5.14,0.48
2019-08-03,0.0,23.84,60.96,21.71,5.36,0.48
2019-08-04,0.01,24.73,58.35,20.37,3.32,0.48
2019-08-05,0.03,25.41,65.37,21.71,3.59,0.48
2019-08-06,0.0,26.03,63.51,21.86,3.11,0.48
2019-08-07,0.02,25.97,67.17,19.97,3.48,0.48
2019-08-08,0.0,26.14,64.43,22.11,3.22,0.48
2019-08-09,0.0,26.39,61.2,22.37,2.56,0.48
2019-08-10,0.04,26.92,63.12,20.95,2.26,0.48
2019-08-11,0.7,27.17,66.35,21.23,3.48,0.48
2019-08-12,0.06,26.9,60.19,20.49,4.59,0.48
2019-08-13,0.0,26.16,59.09,22.5,4.85,0.48
2019-08-14,0.0,25.76,56.35,23.06,3.86,0.48
2019-08-15,0.0,25.54,61.87,23.17,3.39,0.48
2019-08-16,0.01,25.61,65.59,22.74,3.13,0.48
2019-08-17,0.05,25.85,67.87,22.01,3.98,0.48
2019-08-18,0.01,26.16,67.27,22.38,4.01,0.48
2019-08-19,0.0,26.46,65.33,22.1,3.58,0.48
2019-08-20,0.1,25.61,69.43,21.39,4.5,0.48
2019-08-21,0.0,25.68,62.39,21.85,4.93,0.48
2019-08-22,0.01,25.65,60.54,22.52,4.08,0.48
2019-08-23,0.0,26.13,61.89,22.79,3.03,0.48
2019-08-24,0.03,26.1,65.62,22.93,4.24,0.48
2019-08-25,0.03,25.6,61.22,23.92,3.48,0.48
2019-08-26,0.01,25.1,64.41,23.91,2.74,0.48
2019-08-27,0.01,25.35,63.73,22.53,3.77,0.48
2019-08-28,0.0,25.03,67.46,23.0,4.37,0.48
2019-08-29,0.01,24.94,63.95,23.96,3.3,0.48
2019-08-30,0.0,24.91,60.1,24.77,4.1,0.48
2019-08-31,0.0,25.15,57.18,23.32,3.65,0.48
2019-09-01,0.0,25.86,56.94,24.68,3.89,0.48
2019-09-02,0.0,25.34,61.43,25.1,3.76,0.48
2019-09-03,0.0,25.38,61.77,24.89,2.96,0.48
2019-09-04,0.0,25.63,62.29,24.01,1.99,0.48
2019-09-05,0.0,25.98,64.31,24.25,2.95,0.48
2019-09-06,0.0,26.24,61.0,25.09,2.9,0.48
2019-09-07,0.0,26.46,62.34,24.92,2.96,0.48
2019-09-08,0.02,26.11,62.23,25.15,3.56,0.48
2019-09-09,0.0,25.68,62.95,25.18,3.84,0.48
2019-09-10,0.02,25.36,68.49,24.74,4.1,0.48
2019-09-11,0.01,25.34,59.37,25.79,4.52,0.48
2019-09-12,0.0,25.46,56.28,25.27,4.14,0.48
2019-09-13,0.0,25.61,59.6,25.76,3.55,0.48
2019-09-14,0.0,25.92,60.75,24.51,2.86,0.48
2019-09-15,0.0,25.97,62.71,24.97,3.35,0.48
2019-09-16,0.0,26.27,61.01,25.64,2.5,0.48
2019-09-17,0.01,26.91,62.65,24.35,3.4,0.48
2019-09-18,0.01,26.5,63.77,23.79,2.78,0.48
2019-09-19,0.0,26.69,58.95,25.38,1.73,0.48
2019-09-20,0.0,26.78,58.82,26.09,1.72,0.48
2019-09-21,0.0,26.8,55.93,26.19,1.87,0.48
2019-09-22,0.0,27.42,56.04,25.72,1.81,0.48
2019-09-23,0.02,27.46,63.39,23.56,2.02,0.48
2019-09-24,0.09,27.56,66.3,23.43,4.07,0.48
2019-09-25,0.03,27.33,67.6,25.39,4.17,0.48
2019-09-26,0.0,27.73,60.93,25.53,3.08,0.48
2019-09-27,0.0,26.97,65.31,25.64,4.04,0.48
2019-09-28,0.0,26.98,64.49,25.83,3.67,0.48
2019-09-29,0.0,27.72,61.74,26.37,2.34,0.48
2019-09-30,0.0,27.63,61.01,26.11,3.28,0.48
2019-10-01,0.0,27.98,60.13,26.3,3.2,0.48
2019-10-02,0.03,27.48,64.82,26.35,3.95,0.48
2019-10-03,0.01,27.44,64.89,26.55,3.44,0.48
2019-10-04,0.0,27.14,61.93,27.25,3.65,0.48
2019-10-05,0.0,27.31,61.97,26.96,2.68,0.48
2019-10-06,0.0,27.49,59.89,26.64,3.0,0.48
2019-10-07,0.0,27.62,60.68,26.46,2.92,0.48
2019-10-08,0.0,27.8,59.62,26.92,2.89,0.48
2019-10-09,0.0,27.76,61.69,26.32,2.51,0.48
2019-10-10,0.0,28.26,59.75,26.85,2.98,0.48
2019-10-11,0.01,27.96,59.54,26.79,2.45,0.48
2019-10-12,0.0,28.2,57.77,26.76,1.64,0.48
2019-10-13,0.0,28.58,54.68,27.11,2.29,0.48
2019-10-14,0.0,28.53,49.68,27.75,2.24,0.48
2019-10-15,0.0,27.76,55.81,27.75,2.41,0.48
2019-10-16,0.0,28.38,57.95,26.88,2.21,0.48
2019-10-17,0.0,28.39,55.62,27.81,2.02,0.48
2019-10-18,0.0,28.55,58.22,26.84,1.66,0.48
2019-10-19,0.0,28.99,57.32,26.65,3.31,0.48
2019-10-20,0.0,28.94,56.15,26.98,3.46,0.48
2019-10-21,0.0,28.53,58.61,27.22,3.27,0.48
2019-10-22,0.0,28.61,57.53,27.54,2.77,0.48
2019-10-23,0.0,28.44,58.4,27.37,2.78,0.48
2019-10-24,0.0,28.37,58.74,27.38,1.65,0.48
2019-10-25,0.0,28.47,58.43,27.4,2.05,0.48
2019-10-26,0.0,28.74,57.84,27.57,1.58,0.48
2019-10-27,0.01,29.15,58.97,27.29,2.53,0.48
2019-10-28,0.84,28.8,64.51,24.73,2.96,0.48
2019-10-29,0.94,29.01,62.38,26.52,3.24,0.48
2019-10-30,0.22,29.06,58.2,27.35,2.22,0.48
2019-10-31,0.01,29.42,58.04,26.76,1.95,0.48
2019-11-01,0.14,29.29,60.88,26.23,1.99,0.48
2019-11-02,0.04,29.24,61.46,26.78,2.48,0.48
2019-11-03,0.0,29.19,60.3,27.5,2.46,0.48
2019-11-04,0.0,29.17,58.49,25.81,2.47,0.48
2019-11-05,0.01,29.16,58.95,27.06,2.78,0.48
2019-11-06,0.06,29.47,62.01,26.51,3.31,0.48
2019-11-07,0.21,29.79,62.97,25.13,2.64,0.48
2019-11-08,0.1,29.65,62.11,27.18,3.15,0.48
2019-11-09,0.16,29.68,61.29,25.38,1.75,0.48
2019-11-10,0.05,29.9,57.72,27.47,1.37,0.48
2019-11-11,0.28,29.77,59.17,27.13,1.24,0.48
2019-11-12,0.07,29.82,60.45,27.6,1.77,0.48
2019-11-13,0.0,30.27,55.36,27.96,2.07,0.48
2019-11-14,0.0,30.42,50.48,28.12,1.67,0.48
2019-11-15,0.0,30.2,54.08,27.51,1.4,0.48
2019-11-16,0.0,30.34,55.43,27.11,2.03,0.48
2019-11-17,0.0,30.06,56.38,28.28,2.65,0.48
2019-11-18,0.0,29.88,58.02,27.99,1.85,0.48
2019-11-19,0.0,30.26,56.05,27.47,1.46,0.48
2019-11-20,0.01,30.04,58.36,25.58,2.03,0.48
2019-11-21,0.0,30.31,54.9,27.45,1.61,0.48
2019-11-22,0.04,30.48,56.35,27.03,1.63,0.48
2019-11-23,0.6,30.66,55.87,26.61,1.29,0.48
2019-11-24,4.07,30.36,56.52,26.53,1.32,0.48
2019-11-25,3.92,29.69,62.32,24.41,1.85,0.49
2019-11-26,0.93,30.03,61.63,26.46,2.03,0.49
2019-11-27,0.79,29.79,63.22,25.68,1.69,0.49
2019-11-28,0.01,30.03,61.42,25.58,2.72,0.49
2019-11-29,0.0,30.48,58.43,26.97,1.54,0.48
2019-11-30,0.0,30.6,58.33,26.68,1.14,0.48
2019-12-01,0.02,31.03,59.0,25.76,1.52,0.48
2019-12-02,0.41,30.15,61.32,24.33,1.19,0.48
2019-12-03,8.83,29.79,66.44,22.68,1.29,0.49
2019-12-04,4.38,29.78,69.9,21.11,1.58,0.5
2019-12-05,9.91,28.95,73.2,22.95,1.06,0.51
2019-12-06,1.21,29.81,67.35,26.61,1.23,0.52
2019-12-07,0.11,30.04,66.45,26.31,1.82,0.51
2019-12-08,0.07,30.32,64.4,27.66,1.05,0.51
2019-12-09,0.09,30.57,60.04,27.29,1.15,0.5
2019-12-10,0.61,30.73,58.79,26.27,0.89,0.5
2019-12-11,1.78,30.29,62.48,24.27,1.38,0.5
2019-12-12,5.71,30.43,61.18,25.42,1.11,0.5
2019-12-13,6.83,29.29,69.41,23.48,1.46,0.52
2019-12-14,1.68,29.28,69.51,23.96,1.56,0.52
2019-12-15,3.34,29.03,70.97,22.83,1.42,0.52
2019-12-16,6.59,28.89,74.53,24.47,1.81,0.52
2019-12-17,2.73,29.8,68.42,25.25,1.6,0.53
2019-12-18,4.21,29.84,69.32,25.57,1.61,0.53
2019-12-19,2.43,30.24,66.59,22.66,1.18,0.53
2019-12-20,2.97,29.36,69.18,23.3,1.69,0.53
2019-12-21,0.15,30.19,63.83,25.74,1.85,0.53
2019-12-22,6.36,29.98,67.82,23.86,1.73,0.53
2019-12-23,3.15,29.56,71.35,23.11,2.52,0.53
2019-12-24,2.12,30.03,67.49,25.8,1.84,0.54
2019-12-25,0.18,30.47,62.4,26.9,1.56,0.53
2019-12-26,2.2,29.65,67.13,26.49,1.4,0.53
2019-12-27,5.01,28.97,74.01,26.14,1.96,0.54
2019-12-28,2.52,28.08,80.19,21.77,2.34,0.54
2019-12-29,13.13,27.94,79.77,12.32,3.4,0.55
2019-12-30,4.21,28.44,76.07,24.22,1.05,0.56
2019-12-31,4.32,28.56,76.12,22.28,1.17,0.56
2020-01-01,17.5,27.75,80.82,21.64,1.31,0.57
2020-01-02,19.06,27.03,83.75,15.67,2.65,0.62
2020-01-03,37.45,26.61,85.61,15.94,2.41,0.66
2020-01-04,8.46,26.71,83.97,17.3,3.26,0.68
2020-01-05,16.56,26.87,86.61,7.78,5.64,0.7
2020-01-06,16.26,27.46,83.84,20.53,6.13,0.72
2020-01-07,3.46,27.37,82.89,23.32,4.38,0.72
2020-01-08,3.02,27.29,81.63,20.33,3.2,0.71
2020-01-09,0.99,26.94,81.75,23.02,2.21,0.71
2020-01-10,2.28,26.84,82.1,19.26,2.53,0.7
2020-01-11,20.12,27.06,85.89,11.84,4.4,0.72
2020-01-12,11.98,27.03,85.17,9.82,4.31,0.73
2020-01-13,14.86,26.92,83.66,23.8,3.43,0.76
2020-01-14,3.11,27.3,81.14,20.36,1.5,0.76
2020-01-15,6.61,26.8,86.64,19.72,1.82,0.76
2020-01-16,4.25,26.77,86.0,22.04,1.96,0.76
2020-01-17,3.48,26.97,86.26,21.97,2.23,0.76
2020-01-18,4.49,27.02,84.21,22.8,2.57,0.76
2020-01-19,4.87,26.85,86.88,21.28,2.69,0.76
2020-01-20,3.01,27.03,85.46,23.92,3.52,0.76
2020-01-21,8.02,27.17,84.87,21.94,4.07,0.75
2020-01-22,21.02,26.44,85.39,22.08,3.11,0.78
2020-01-23,12.18,26.89,82.52,23.57,2.74,0.79
2020-01-24,5.49,27.32,83.05,23.29,2.38,0.79
2020-01-25,2.99,27.42,83.53,24.3,2.4,0.78
2020-01-26,0.32,27.67,81.18,19.73,1.95,0.77
2020-01-27,0.11,27.68,80.73,25.53,1.77,0.76
2020-01-28,0.1,27.78,80.72,26.57,2.37,0.76
2020-01-29,0.16,27.61,82.26,26.23,2.89,0.74
2020-01-30,1.44,27.37,85.36,26.08,2.72,0.73
2020-01-31,3.37,27.35,85.82,22.71,3.02,0.73
2020-02-01,4.96,27.35,84.32,21.82,2.82,0.73
2020-02-02,8.77,26.96,85.6,22.17,2.51,0.74
2020-02-03,2.04,26.84,84.54,22.04,2.93,0.74
2020-02-04,3.27,27.03,81.33,22.84,3.59,0.73
2020-02-05,1.2,27.04,81.32,25.27,3.19,0.73
2020-02-06,0.42,27.37,82.54,26.7,2.73,0.72
2020-02-07,2.96,27.39,82.45,21.63,2.13,0.71
2020-02-08,4.66,27.18,85.38,17.35,2.74,0.71
2020-02-09,14.3,26.21,88.35,20.83,2.57,0.72
2020-02-10,19.25,25.68,88.44,20.52,3.18,0.75
2020-02-11,13.84,25.73,87.95,18.48,2.68,0.77
2020-02-12,3.8,26.14,84.75,21.65,2.67,0.77
2020-02-13,6.94,25.88,87.51,24.72,2.4,0.77
2020-02-14,1.62,26.62,86.31,22.98,2.15,0.77
2020-02-15,0.77,26.97,85.54,23.62,1.74,0.76
2020-02-16,0.78,27.73,83.19,26.35,2.05,0.76
2020-02-17,0.72,27.37,83.97,26.37,2.12,0.75
2020-02-18,0.72,27.39,84.23,22.71,2.77,0.74
2020-02-19,3.61,27.07,85.95,22.68,2.8,0.74
2020-02-20,2.69,26.78,86.44,23.16,3.48,0.74
2020-02-21,22.46,26.04,87.27,8.25,2.35,0.75
2020-02-22,8.29,26.52,85.66,19.45,2.91,0.77
2020-02-23,1.85,26.91,85.21,22.58,4.24,0.77
2020-02-24,0.74,27.03,84.5,20.5,2.93,0.76
2020-02-25,0.8,27.53,81.88,25.79,2.2,0.75
2020-02-26,0.86,27.63,83.38,26.06,2.6,0.74
2020-02-27,13.21,27.73,86.49,22.85,3.4,0.74
2020-02-28,33.09,27.64,88.94,19.58,4.36,0.78
2020-02-29,19.9,27.39,88.67,20.59,4.97,0.81
2020-03-01,31.2,27.27,88.13,16.24,3.96,0.84
2020-03-02,27.28,27.14,89.65,14.9,2.88,0.88
2020-03-03,6.04,27.27,85.72,19.65,2.95,0.88
2020-03-04,4.78,27.35,86.05,19.95,2.61,0.88
2020-03-05,6.52,26.62,86.29,20.47,1.93,0.88
2020-03-06,6.06,26.89,80.7,22.0,1.64,0.88
2020-03-07,11.61,26.58,83.91,19.01,1.46,0.88
2020-03-08,9.85,26.47,86.12,17.63,1.79,0.88
2020-03-09,4.15,26.83,83.7,21.6,1.01,0.89
2020-03-10,4.72,26.85,82.66,19.23,1.35,0.88
2020-03-11,5.85,27.05,85.62,21.87,1.95,0.88
2020-03-12,4.31,27.23,85.09,20.87,1.16,0.88
2020-03-13,0.49,27.59,80.04,26.06,2.02,0.88
2020-03-14,0.72,27.68,81.34,24.84,2.02,0.86
2020-03-15,0.54,27.82,79.09,25.23,1.75,0.85
2020-03-16,3.05,27.94,75.18,24.79,1.17,0.85
2020-03-17,3.54,27.84,75.78,25.17,1.0,0.84
2020-03-18,0.04,27.46,77.36,25.71,2.59,0.83
2020-03-19,0.12,27.01,79.78,25.73,3.21,0.82
2020-03-20,0.45,27.43,80.15,22.76,2.66,0.8
2020-03-21,1.5,27.32,83.63,14.96,1.93,0.8
2020-03-22,1.29,27.12,83.21,25.44,2.31,0.8
2020-03-23,0.33,26.68,79.65,25.81,2.45,0.79
2020-03-24,0.09,27.42,74.74,25.43,1.67,0.78
2020-03-25,0.57,27.55,76.31,19.28,1.61,0.77
2020-03-26,5.65,27.42,80.98,14.22,1.57,0.76
2020-03-27,10.81,27.22,82.24,14.29,1.71,0.77
2020-03-28,8.68,27.2,82.64,22.54,2.34,0.78
2020-03-29,3.22,27.7,77.77,24.82,2.01,0.78
2020-03-30,0.04,27.43,79.18,24.83,2.27,0.77
2020-03-31,0.21,27.5,75.38,25.21,1.38,0.75
2020-04-01,6.52,27.88,75.19,24.69,1.06,0.75
2020-04-02,0.41,28.17,75.66,24.04,1.44,0.74
2020-04-03,0.39,28.12,77.18,24.16,1.49,0.73
2020-04-04,0.16,27.88,75.06,24.34,1.11,0.72
2020-04-05,1.71,28.25,76.59,24.24,1.25,0.71
2020-04-06,2.35,28.19,76.66,19.68,1.16,0.71
2020-04-07,2.15,26.94,82.8,18.23,1.7,0.71
2020-04-08,0.87,27.38,74.57,18.4,0.81,0.71
2020-04-09,1.27,26.96,76.85,23.38,1.21,0.7
2020-04-10,2.99,27.02,77.02,23.49,2.27,0.7
2020-04-11,7.71,26.21,82.15,10.62,2.14,0.7
2020-04-12,0.36,27.28,79.49,13.82,2.21,0.7
2020-04-13,1.86,27.82,79.97,17.0,0.97,0.69
2020-04-14,13.11,27.29,84.16,17.11,2.13,0.7
2020-04-15,3.49,27.37,82.2,22.82,3.26,0.71
2020-04-16,20.24,27.23,81.88,19.15,2.12,0.71
2020-04-17,1.72,27.54,80.69,22.73,1.59,0.72
2020-04-18,0.31,28.21,77.18,22.93,1.54,0.71
2020-04-19,6.82,27.8,75.14,21.82,1.85,0.71
2020-04-20,0.57,27.62,75.09,23.51,2.43,0.71
2020-04-21,0.23,27.56,79.73,21.76,2.9,0.7
2020-04-22,0.07,27.35,78.39,24.06,3.32,0.68
2020-04-23,0.01,26.98,79.4,22.75,4.17,0.67
2020-04-24,0.01,27.65,76.99,23.13,4.21,0.67
2020-04-25,0.02,27.43,76.86,19.39,4.37,0.66
2020-04-26,0.1,27.48,76.11,22.1,3.15,0.65
2020-04-27,0.08,27.32,73.83,21.38,2.95,0.64
2020-04-28,0.04,26.95,74.73,22.18,2.68,0.64
2020-04-29,0.0,26.75,72.83,21.83,2.71,0.63
2020-04-30,0.01,27.27,71.12,22.53,1.99,0.62
2020-05-01,1.33,27.47,70.84,22.18,2.27,0.61
2020-05-02,6.91,27.16,75.27,20.88,3.88,0.62
2020-05-03,0.02,27.4,71.18,21.01,4.21,0.62
2020-05-04,0.0,27.27,70.24,20.74,4.29,0.61
2020-05-05,0.02,27.5,72.06,18.21,4.05,0.6
2020-05-06,1.31,27.89,80.51,14.11,3.6,0.6
2020-05-07,0.82,28.06,75.92,19.89,4.06,0.6
2020-05-08,0.01,27.28,70.52,22.08,3.76,0.59
2020-05-09,0.79,27.05,71.13,20.32,3.79,0.59
2020-05-10,0.12,27.29,69.13,21.91,4.08,0.58
2020-05-11,0.3,27.45,71.45,20.94,3.14,0.58
2020-05-12,0.08,27.15,70.66,15.8,4.6,0.57
2020-05-13,0.0,27.48,70.11,20.23,4.31,0.57
2020-05-14,0.04,27.41,68.51,20.71,4.6,0.56
2020-05-15,0.66,27.78,75.14,14.82,5.08,0.56
2020-05-16,0.52,27.7,75.33,17.03,5.28,0.56
2020-05-17,1.53,27.86,77.87,15.2,5.05,0.55
2020-05-18,5.78,27.58,79.68,12.16,4.81,0.55
2020-05-19,13.02,26.63,81.89,13.29,3.89,0.58
2020-05-20,3.17,26.72,71.46,15.81,5.41,0.58
2020-05-21,2.65,26.62,78.47,12.0,4.03,0.58
2020-05-22,4.56,26.52,79.89,11.52,4.01,0.58
2020-05-23,5.45,26.13,81.75,9.09,4.72,0.59
2020-05-24,5.8,26.07,80.74,11.96,4.64,0.59
2020-05-25,1.54,27.08,76.79,19.64,2.66,0.59
2020-05-26,1.56,27.6,77.97,17.5,1.42,0.59
2020-05-27,8.18,26.87,81.75,15.39,1.42,0.6
2020-05-28,5.57,27.17,80.03,18.67,1.27,0.6
2020-05-29,0.7,27.18,74.54,19.94,2.02,0.6
2020-05-30,0.01,26.88,72.48,20.11,2.49,0.6
2020-05-31,0.0,26.81,72.23,20.48,3.19,0.59
2020-06-01,0.01,26.8,74.3,20.19,3.56,0.59
2020-06-02,0.06,26.77,73.46,19.91,3.56,0.58
2020-06-03,0.07,26.42,71.81,18.95,4.82,0.58
2020-06-04,0.0,26.07,64.89,20.21,4.3,0.57
2020-06-05,0.01,25.89,69.55,17.9,4.29,0.57
2020-06-06,0.01,25.72,70.4,19.72,4.42,0.56
2020-06-07,0.01,25.72,66.54,19.39,2.71,0.56
2020-06-08,0.04,26.44,70.0,17.47,2.25,0.56
2020-06-09,0.29,26.79,74.41,19.11,3.85,0.55
2020-06-10,0.0,26.71,68.43,18.92,4.25,0.55
2020-06-11,0.27,26.54,72.7,17.1,3.31,0.55
2020-06-12,1.42,27.14,74.33,14.85,3.51,0.54
2020-06-13,0.09,27.4,71.86,13.41,3.37,0.54
2020-06-14,0.02,27.07,70.12,19.47,3.76,0.54
2020-06-15,0.0,26.71,72.15,19.52,4.05,0.54
2020-06-16,0.09,26.76,73.92,16.53,4.17,0.53
2020-06-17,0.05,26.84,70.3,18.05,5.43,0.53
2020-06-18,0.27,26.51,71.28,16.49,5.09,0.53
2020-06-19,0.06,26.42,69.99,18.54,5.18,0.53
2020-06-20,0.01,26.52,71.22,18.81,5.12,0.52
2020-06-21,0.04,26.84,68.04,19.36,4.2,0.52
2020-06-22,0.02,26.78,67.79,19.43,4.29,0.52
2020-06-23,0.04,26.0,64.63,19.83,4.6,0.52
2020-06-24,1.22,25.63,71.01,16.92,3.99,0.51
2020-06-25,1.5,25.94,74.46,18.16,4.29,0.51
2020-06-26,0.12,26.66,68.34,15.03,3.58,0.51
2020-06-27,0.01,26.58,64.39,18.6,4.08,0.51
2020-06-28,0.0,26.05,67.32,18.41,3.7,0.51
2020-06-29,0.01,25.84,69.59,16.81,3.31,0.5
2020-06-30,0.0,25.98,70.77,18.91,2.94,0.5
2020-07-01,0.01,25.77,69.68,18.74,3.63,0.5
2020-07-02,0.0,25.32,67.12,20.17,3.7,0.5
2020-07-03,0.04,25.47,73.22,17.7,3.97,0.5
2020-07-04,0.69,26.08,71.76,16.53,5.6,0.49
2020-07-05,0.03,26.25,67.04,17.58,5.35,0.49
2020-07-06,0.07,25.97,69.26,17.4,5.07,0.49
2020-07-07,0.09,26.17,70.85,13.29,4.83,0.49
2020-07-08,0.03,26.4,66.17,19.4,4.12,0.49
2020-07-09,0.01,26.64,64.44,19.7,3.82,0.49
2020-07-10,0.47,26.17,69.36,18.69,4.15,0.49
2020-07-11,0.13,26.28,70.7,18.18,3.8,0.49
2020-07-12,0.03,26.75,70.04,18.26,3.99,0.49
2020-07-13,0.18,26.66,68.9,18.01,4.58,0.48
2020-07-14,0.0,26.0,63.61,19.91,5.0,0.48
2020-07-15,0.0,25.81,63.18,19.93,4.2,0.48
2020-07-16,0.0,26.5,63.11,19.51,3.82,0.48
2020-07-17,0.01,26.86,65.93,19.82,2.69,0.48
2020-07-18,0.05,26.78,67.13,19.56,3.78,0.48
2020-07-19,0.01,26.18,65.36,20.58,3.08,0.48
2020-07-20,0.01,26.33,63.56,20.74,2.37,0.48
2020-07-21,0.02,26.23,63.54,20.68,3.45,0.48
2020-07-22,0.0,26.01,62.47,20.63,4.77,0.48
2020-07-23,0.0,25.67,58.89,21.09,5.02,0.48
2020-07-24,0.0,25.38,57.87,21.43,4.71,0.48
2020-07-25,0.0,25.44,61.7,20.94,4.45,0.48
2020-07-26,0.02,25.75,64.58,20.26,4.81,0.48
2020-07-27,0.01,25.77,63.74,20.56,4.86,0.48
2020-07-28,0.06,25.32,63.11,20.3,4.37,0.48
2020-07-29,0.02,25.28,63.31,20.2,3.96,0.48
2020-07-30,0.0,25.4,59.15,21.75,4.28,0.48
2020-07-31,0.0,25.41,59.21,21.5,4.16,0.48
2020-08-01,0.06,25.32,60.7,21.83,3.97,0.48
2020-08-02,0.03,25.69,61.3,21.95,3.29,0.48
2020-08-03,0.01,25.34,64.25,20.71,2.74,0.48
2020-08-04,0.04,26.0,62.15,19.42,2.16,0.48
2020-08-05,0.01,26.01,64.74,21.2,2.63,0.48
2020-08-06,0.13,25.26,70.24,20.63,3.76,0.48
2020-08-07,0.1,25.78,66.82,21.73,3.3,0.48
2020-08-08,0.07,26.47,65.76,18.88,3.04,0.48
2020-08-09,0.0,27.35,61.99,21.36,1.86,0.48
2020-08-10,0.07,27.42,65.27,20.45,1.95,0.48
2020-08-11,0.06,27.89,66.35,21.79,1.7,0.48
2020-08-12,0.02,27.74,63.43,22.2,2.45,0.48
2020-08-13,0.07,26.94,67.83,20.77,3.85,0.48
2020-08-14,0.11,26.91,68.59,21.65,3.82,0.48
2020-08-15,0.0,27.44,61.97,22.92,2.81,0.48
2020-08-16,0.0,27.15,62.24,23.1,2.78,0.48
2020-08-17,0.02,27.16,63.51,22.36,3.12,0.48
2020-08-18,0.01,26.16,68.28,23.07,4.03,0.48
2020-08-19,0.01,26.13,67.32,23.73,3.3,0.48
2020-08-20,0.0,26.95,62.07,23.69,2.76,0.48
2020-08-21,0.0,27.08,59.88,23.97,1.88,0.48
2020-08-22,0.0,27.15,60.88,23.84,3.23,0.48
2020-08-23,0.0,27.16,61.5,23.81,3.34,0.48
2020-08-24,0.0,26.63,62.32,23.63,4.06,0.48
2020-08-25,0.01,26.27,62.76,24.28,4.7,0.48
2020-08-26,0.0,25.93,62.28,23.82,4.94,0.48
2020-08-27,0.0,26.45,62.02,23.27,5.19,0.48
2020-08-28,0.0,26.46,62.91,24.0,4.63,0.48
2020-08-29,0.0,26.43,59.07,23.98,4.26,0.48
2020-08-30,0.0,26.75,59.42,24.59,3.9,0.48
2020-08-31,0.0,27.59,63.96,23.93,4.19,0.48
2020-09-01,0.13,28.13,66.71,18.67,3.66,0.48
2020-09-02,0.03,28.22,65.95,23.31,3.42,0.48
2020-09-03,0.03,28.35,63.97,23.97,3.54,0.48
2020-09-04,0.01,28.06,64.62,24.09,3.46,0.48
2020-09-05,0.0,27.92,63.4,24.61,2.41,0.48
2020-09-06,0.0,27.4,63.79,24.93,3.74,0.48
2020-09-07,0.01,26.79,66.82,24.39,4.1,0.48
2020-09-08,0.0,27.39,63.97,22.41,3.91,0.48
2020-09-09,0.01,27.43,64.99,24.29,3.53,0.48
2020-09-10,0.01,27.21,67.19,24.87,4.09,0.48
2020-09-11,0.0,27.08,64.08,25.17,3.94,0.48
2020-09-12,0.0,27.11,61.7,25.32,3.9,0.48
2020-09-13,0.0,26.81,61.13,25.61,3.74,0.48
2020-09-14,0.0,26.75,60.87,25.37,3.63,0.48
2020-09-15,0.0,26.58,64.33,25.37,3.96,0.48
2020-09-16,0.0,27.48,61.18,24.27,2.13,0.48
2020-09-17,0.0,28.23,60.01,24.4,1.83,0.48
2020-09-18,0.02,28.59,61.58,20.94,1.28,0.48
2020-09-19,0.04,28.82,63.63,24.76,1.27,0.48
2020-09-20,0.25,29.01,67.23,23.33,3.26,0.48
2020-09-21,0.23,28.56,68.98,22.75,3.57,0.48
2020-09-22,0.01,29.34,63.0,25.9,2.87,0.48
2020-09-23,0.03,29.25,59.05,26.02,3.11,0.48
2020-09-24,0.04,29.16,57.74,26.01,2.21,0.48
2020-09-25,0.04,28.77,58.7,24.84,2.5,0.48
2020-09-26,0.01,29.18,58.51,25.71,1.87,0.48
2020-09-27,0.03,29.26,60.81,25.59,3.62,0.48
2020-09-28,0.09,29.3,60.58,24.8,3.83,0.48
2020-09-29,0.06,28.54,64.65,24.85,3.54,0.48
2020-09-30,0.02,29.2,60.04,24.78,2.91,0.48
2020-10-01,0.04,29.42,58.25,25.44,3.3,0.48
2020-10-02,0.06,28.94,62.35,25.39,4.3,0.48
2020-10-03,0.09,28.95,62.86,25.3,3.12,0.48
2020-10-04,0.07,28.19,65.73,24.31,4.51,0.48
2020-10-05,0.22,28.24,62.19,24.58,3.1,0.48
2020-10-06,0.13,28.36,64.54,24.59,3.27,0.48
2020-10-07,0.56,28.53,66.18,23.69,2.16,0.48
2020-10-08,2.4,28.35,71.63,19.85,2.12,0.48
2020-10-09,2.57,29.18,65.92,21.99,2.44,0.48
2020-10-10,0.49,29.03,62.7,23.16,4.01,0.49
2020-10-11,0.02,28.83,62.54,24.72,3.97,0.48
2020-10-12,0.03,29.03,62.41,26.25,3.56,0.48
2020-10-13,0.21,28.99,63.59,25.58,3.93,0.48
2020-10-14,0.11,29.16,62.68,26.72,3.54,0.48
2020-10-15,0.44,29.27,58.16,26.98,2.21,0.48
2020-10-16,3.96,29.27,59.61,26.34,1.38,0.48
2020-10-17,0.94,29.04,60.3,27.08,1.51,0.49
2020-10-18,0.27,29.25,60.48,25.24,0.99,0.49
2020-10-19,0.02,29.58,60.2,26.34,2.07,0.49
2020-10-20,0.01,29.14,62.44,25.98,2.57,0.48
2020-10-21,0.02,29.28,62.45,26.64,2.91,0.48
2020-10-22,0.03,29.33,62.76,27.1,1.97,0.48
2020-10-23,0.7,28.93,67.55,23.31,1.88,0.48
2020-10-24,0.66,29.62,65.24,25.8,2.23,0.48
2020-10-25,9.07,29.49,66.2,24.32,2.47,0.48
2020-10-26,3.27,28.84,69.69,23.8,2.49,0.51
2020-10-27,1.08,28.54,68.94,23.35,2.41,0.5
2020-10-28,1.84,28.72,67.57,20.97,2.85,0.5
2020-10-29,2.09,28.21,69.52,26.55,1.53,0.5
2020-10-30,0.97,28.41,69.46,26.05,2.0,0.5
2020-10-31,7.1,28.03,70.68,25.69,2.48,0.51
2020-11-01,1.3,28.58,66.36,25.47,2.18,0.51
2020-11-02,0.18,29.48,63.51,24.43,1.94,0.51
2020-11-03,0.1,29.69,61.82,24.47,1.83,0.5
2020-11-04,0.08,29.82,61.14,25.51,1.96,0.5
2020-11-05,0.01,30.06,60.09,26.52,1.42,0.5
2020-11-06,0.99,30.43,59.26,26.48,1.18,0.49
2020-11-07,0.67,30.12,59.73,27.02,2.37,0.49
2020-11-08,0.07,30.13,58.41,27.08,1.91,0.49
2020-11-09,0.24,29.69,65.59,23.1,3.77,0.49
2020-11-10,0.54,30.15,63.74,22.66,1.76,0.49
2020-11-11,2.27,29.03,69.91,20.42,1.35,0.49
2020-11-12,0.2,30.48,61.71,25.89,1.28,0.49
2020-11-13,0.0,30.35,60.19,27.43,1.03,0.49
2020-11-14,0.01,30.51,59.99,27.56,1.43,0.49
2020-11-15,0.01,30.45,58.84,27.4,2.16,0.48
2020-11-16,0.01,30.66,58.6,27.68,3.2,0.48
2020-11-17,0.17,30.55,60.09,26.85,3.31,0.48
2020-11-18,0.14,30.44,62.01,25.6,2.95,0.48
2020-11-19,0.09,30.28,59.96,27.57,2.21,0.48
2020-11-20,0.08,30.24,59.05,27.13,2.86,0.48
2020-11-21,0.6,30.28,61.55,27.26,2.33,0.48
2020-11-22,3.11,29.36,65.75,25.12,1.98,0.48
2020-11-23,1.76,29.26,68.04,23.64,2.55,0.49
2020-11-24,1.69,29.75,64.86,25.32,1.44,0.49
2020-11-25,4.42,29.6,66.46,24.33,1.7,0.49
2020-11-26,3.97,29.19,70.86,23.55,1.61,0.5
2020-11-27,3.92,29.1,71.08,22.14,1.28,0.5
2020-11-28,2.41,29.0,71.11,25.94,1.6,0.5
2020-11-29,4.6,28.67,72.8,24.8,1.6,0.5
2020-11-30,12.43,27.74,79.05,22.51,1.87,0.53
2020-12-01,3.51,29.18,70.5,21.19,1.6,0.53
2020-12-02,12.32,28.92,73.29,15.98,1.45,0.54
2020-12-03,8.31,28.68,73.06,19.01,0.81,0.55
2020-12-04,11.78,27.88,78.98,18.83,0.98,0.57
2020-12-05,18.69,28.12,76.66,19.63,1.02,0.59
2020-12-06,34.24,26.54,86.63,17.19,2.46,0.64
2020-12-07,9.47,27.11,82.32,23.69,2.05,0.67
2020-12-08,8.36,27.09,84.05,21.53,3.07,0.68
2020-12-09,4.02,27.3,81.13,19.56,3.75,0.68
2020-12-10,2.12,27.94,78.4,24.18,2.8,0.67
2020-12-11,1.84,28.0,78.53,25.81,2.59,0.67
2020-12-12,12.76,27.42,82.01,20.72,2.34,0.67
2020-12-13,4.63,27.0,82.43,21.24,2.03,0.68
2020-12-14,7.16,26.9,86.4,11.09,2.36,0.68
2020-12-15,12.04,26.48,87.62,18.33,2.79,0.7
2020-12-16,7.07,26.89,86.01,21.02,3.16,0.71
2020-12-17,20.0,26.8,86.66,18.07,3.61,0.73
2020-12-18,9.92,26.52,85.5,14.67,3.42,0.74
2020-12-19,14.01,26.8,84.48,15.47,4.54,0.76
2020-12-20,33.27,26.95,85.48,17.25,4.15,0.78
2020-12-21,7.1,26.78,85.93,19.95,4.09,0.8
2020-12-22,17.71,26.99,88.72,7.67,4.18,0.81
2020-12-23,11.75,26.64,83.52,16.85,2.46,0.83
2020-12-24,0.63,26.7,74.27,20.14,1.33,0.83
2020-12-25,0.58,26.25,80.85,24.27,1.4,0.82
2020-12-26,0.01,26.13,76.55,25.28,1.58,0.81
2020-12-27,0.18,26.87,79.18,23.36,2.0,0.8
2020-12-28,0.47,27.1,78.25,23.52,2.08,0.79
2020-12-29,1.16,26.84,83.0,22.71,2.06,0.78
2020-12-30,2.68,26.81,84.83,16.5,2.24,0.78
2020-12-31,2.26,27.2,80.19,22.6,1.87,0.78
2021-01-01,3.6,27.18,83.3,25.6,2.08,0.77
2021-01-02,1.89,27.23,84.04,23.81,2.33,0.77
2021-01-03,1.16,27.29,84.32,23.45,2.35,0.76
2021-01-04,0.83,27.14,84.4,23.94,2.74,0.75
2021-01-05,14.51,26.58,86.8,15.44,2.49,0.76
2021-01-06,5.22,26.77,84.21,16.19,1.83,0.77
2021-01-07,10.13,26.88,82.6,17.54,1.4,0.77
2021-01-08,17.43,26.96,82.54,24.25,1.19,0.79
2021-01-09,11.53,27.1,84.29,17.47,2.11,0.81
2021-01-10,3.02,26.53,85.46,22.03,1.58,0.81
2021-01-11,7.7,27.49,81.67,24.77,1.19,0.81
2021-01-12,3.9,27.81,81.77,25.45,1.59,0.81
2021-01-13,5.18,28.18,79.59,23.15,1.51,0.8
2021-01-14,3.72,28.22,78.5,22.08,1.31,0.8
2021-01-15,5.09,27.14,85.71,8.57,1.85,0.8
2021-01-16,10.96,26.45,85.93,18.26,1.74,0.81
2021-01-17,16.47,26.58,84.81,19.76,1.91,0.82
2021-01-18,9.73,26.6,82.37,12.53,1.71,0.83
2021-01-19,19.08,25.46,89.43,8.62,3.59,0.85
2021-01-20,6.04,26.06,87.77,16.25,5.17,0.85
2021-01-21,2.15,27.1,84.11,20.89,3.67,0.85
2021-01-22,9.31,26.74,88.2,20.62,3.21,0.85
2021-01-23,26.22,26.3,88.92,19.96,3.63,0.87
2021-01-24,41.89,26.17,88.07,11.35,2.77,0.91
2021-01-25,31.59,25.53,87.05,17.35,2.95,0.94
2021-01-26,25.71,26.1,86.5,12.15,3.63,0.95
2021-01-27,20.9,26.36,87.0,18.51,4.36,0.96
2021-01-28,22.99,26.51,87.33,17.06,5.88,0.97
2021-01-29,36.21,26.53,87.83,12.36,5.37,0.97
2021-01-30,61.83,26.11,89.55,8.18,4.98,0.99
2021-01-31,27.99,26.29,88.4,9.09,5.76,1.0
2021-02-01,15.05,26.39,87.33,19.94,4.43,1.0
2021-02-02,21.38,26.18,88.96,15.51,3.05,0.99
2021-02-03,86.73,25.74,91.7,13.36,3.41,1.0
2021-02-04,25.34,25.81,87.43,9.19,5.43,1.0
2021-02-05,11.41,26.17,85.84,19.32,3.86,1.0
2021-02-06,6.46,25.97,87.83,14.03,3.97,0.99
2021-02-07,6.49,26.51,86.89,22.91,3.45,0.99
2021-02-08,16.15,26.55,88.51,20.86,4.1,0.99
2021-02-09,6.85,26.31,88.26,23.41,3.99,0.99
2021-02-10,4.2,26.19,89.4,22.81,3.05,0.98
2021-02-11,3.06,26.5,87.27,23.14,2.45,0.98
2021-02-12,3.96,26.4,87.04,22.93,1.85,0.97
2021-02-13,5.36,26.53,86.15,19.53,2.55,0.97
2021-02-14,8.95,26.14,86.96,21.84,3.07,0.97
2021-02-15,4.87,26.15,87.49,23.75,3.49,0.96
2021-02-16,2.19,26.21,86.01,22.96,3.26,0.96
2021-02-17,4.37,26.28,87.37,18.67,3.3,0.95
2021-02-18,16.3,26.02,88.87,18.09,3.11,0.96
2021-02-19,26.91,25.84,86.61,21.28,4.03,0.96
2021-02-20,60.34,25.54,89.05,7.13,3.55,0.98
2021-02-21,8.32,26.17,87.48,20.55,3.61,0.99
2021-02-22,21.56,26.48,85.9,18.26,2.89,0.98
2021-02-23,16.34,25.91,88.18,20.38,3.2,0.99
2021-02-24,14.2,26.1,88.86,14.69,3.28,0.98
2021-02-25,16.58,25.48,88.31,8.79,2.39,0.99
2021-02-26,9.01,25.41,89.19,14.26,2.59,0.99
2021-02-27,8.36,25.88,89.17,22.44,3.89,0.99
2021-02-28,1.4,25.98,86.01,23.74,3.0,0.98
2021-03-01,10.92,26.38,82.05,20.89,1.56,0.98
2021-03-02,3.35,26.35,82.26,24.18,2.15,0.97
2021-03-03,0.67,26.29,85.36,23.31,2.37,0.96
2021-03-04,0.48,26.42,85.57,22.71,2.48,0.96
2021-03-05,0.23,26.38,86.28,25.91,2.1,0.95
2021-03-06,0.12,26.4,84.64,25.19,2.01,0.94
2021-03-07,6.53,26.15,87.72,25.37,2.04,0.94
2021-03-08,10.45,26.17,87.52,24.59,1.91,0.94
2021-03-09,4.71,25.94,86.7,20.88,2.22,0.95
2021-03-10,24.11,25.43,85.58,18.37,1.98,0.94
2021-03-11,17.55,26.46,78.05,22.42,0.8,0.96
2021-03-12,25.93,25.56,90.78,20.07,1.74,0.97
2021-03-13,1.46,26.14,86.91,21.62,1.69,0.97
2021-03-14,5.97,26.89,82.28,22.67,0.87,0.97
2021-03-15,1.74,26.25,82.77,22.19,1.17,0.96
2021-03-16,6.32,26.35,81.8,23.01,0.91,0.96
2021-03-17,3.22,26.09,82.06,18.91,1.24,0.96
2021-03-18,2.37,26.51,79.37,21.51,1.09,0.96
2021-03-19,6.89,26.03,83.88,12.84,1.72,0.95
2021-03-20,18.04,26.15,86.76,21.09,3.49,0.96
2021-03-21,11.21,26.66,87.37,14.6,3.56,0.96
2021-03-22,3.92,26.73,87.36,18.73,2.41,0.96
2021-03-23,0.85,26.65,84.26,19.52,0.84,0.95
2021-03-24,8.47,27.27,80.96,21.62,1.14,0.95
2021-03-25,17.44,27.01,82.44,22.08,1.52,0.96
2021-03-26,9.88,27.09,84.47,22.58,2.08,0.96
2021-03-27,2.71,27.01,84.24,20.16,2.32,0.96
2021-03-28,3.99,26.42,86.59,16.21,2.73,0.95
2021-03-29,11.23,26.07,86.23,13.2,2.71,0.95
2021-03-30,3.0,26.23,86.15,14.31,4.1,0.95
2021-03-31,13.38,26.07,90.38,15.96,5.1,0.95
2021-04-01,48.95,26.5,91.46,12.45,3.71,0.96
2021-04-02,70.31,26.23,91.0,12.32,5.01,0.99
2021-04-03,86.37,26.09,91.1,2.04,5.89,1.0
2021-04-04,258.27,26.02,90.73,5.4,12.26,1.0
2021-04-05,87.92,25.7,89.74,7.98,9.63,1.0
2021-04-06,1.35,26.39,87.64,21.75,4.16,0.99
2021-04-07,1.26,26.46,85.09,22.35,1.79,0.99
2021-04-08,1.25,26.31,84.43,21.05,1.63,0.98
2021-04-09,0.41,26.33,82.38,23.11,1.94,0.97
2021-04-10,0.07,26.47,82.2,24.1,2.05,0.96
2021-04-11,0.11,26.48,81.61,23.72,1.79,0.96
2021-04-12,0.06,26.96,79.81,22.64,1.31,0.95
2021-04-13,1.58,26.83,79.9,23.04,1.55,0.94
2021-04-14,0.5,26.31,81.02,24.25,1.93,0.93
2021-04-15,0.01,25.81,76.69,24.67,1.78,0.92
2021-04-16,0.05,25.94,81.31,22.83,2.51,0.91
2021-04-17,0.05,26.46,82.38,23.02,2.92,0.9
2021-04-18,0.02,26.41,80.9,20.88,3.27,0.89
2021-04-19,0.0,26.01,74.94,21.44,2.55,0.88
2021-04-20,0.02,26.13,73.78,22.83,1.34,0.87
2021-04-21,1.2,25.78,79.39,20.61,1.62,0.86
2021-04-22,0.14,26.47,77.27,23.28,1.49,0.85
2021-04-23,0.54,26.78,78.36,23.24,1.59,0.84
2021-04-24,0.1,26.69,79.08,22.91,2.58,0.83
2021-04-25,0.05,26.17,76.0,23.28,3.24,0.82
2021-04-26,0.0,25.1,68.93,23.99,2.86,0.81
2021-04-27,0.0,25.07,66.8,24.12,1.71,0.8
2021-04-28,0.0,25.4,70.52,23.73,1.14,0.79
2021-04-29,0.26,26.35,79.97,20.34,1.29,0.78
2021-04-30,0.36,26.54,84.53,21.64,3.21,0.77
2021-05-01,0.18,26.37,80.52,18.33,3.29,0.77
2021-05-02,0.0,25.89,74.03,23.29,3.51,0.76
2021-05-03,0.01,25.61,72.86,22.88,3.51,0.74
2021-05-04,0.0,25.86,75.36,21.96,3.48,0.73
2021-05-05,0.01,25.92,76.26,22.51,3.52,0.73
2021-05-06,0.0,25.85,74.2,21.64,3.64,0.72
2021-05-07,0.75,26.12,77.2,19.08,3.32,0.71
2021-05-08,0.29,26.06,78.78,20.86,3.11,0.7
2021-05-09,0.04,25.86,76.6,21.94,3.05,0.7
2021-05-10,0.03,25.5,77.68,22.26,3.35,0.69
2021-05-11,0.03,25.64,73.34,21.77,3.64,0.68
2021-05-12,0.24,26.23,75.74,20.95,3.35,0.67
2021-05-13,0.02,26.61,73.93,21.58,4.27,0.66
2021-05-14,0.0,26.37,71.65,21.76,4.11,0.66
2021-05-15,0.0,26.26,72.8,20.72,4.0,0.65
2021-05-16,0.0,26.1,70.42,21.19,3.79,0.64
2021-05-17,0.05,26.3,70.87,19.55,3.14,0.64
2021-05-18,0.02,26.37,71.58,16.49,3.57,0.63
2021-05-19,0.12,26.74,75.22,18.67,2.56,0.62
2021-05-20,0.04,26.47,75.48,20.91,3.34,0.62
2021-05-21,0.02,27.06,76.8,19.02,2.82,0.61
2021-05-22,0.01,27.12,73.09,19.45,2.36,0.61
2021-05-23,0.03,26.76,72.89,20.33,2.14,0.6
2021-05-24,0.06,26.76,72.36,20.31,2.11,0.6
2021-05-25,0.05,26.84,75.25,18.16,2.92,0.59
2021-05-26,0.2,27.24,74.23,17.83,3.89,0.59
2021-05-27,0.01,26.84,70.01,19.81,5.11,0.58
2021-05-28,0.02,26.95,69.11,17.84,4.42,0.58
2021-05-29,0.04,26.79,71.48,19.45,3.63,0.57
2021-05-30,0.06,26.51,70.71,18.12,1.84,0.57
2021-05-31,0.15,26.64,74.05,18.94,1.69,0.56
2021-06-01,1.08,27.1,75.46,18.85,1.51,0.56
2021-06-02,0.5,27.27,74.03,18.37,1.91,0.56
2021-06-03,0.15,27.31,72.49,19.68,2.42,0.55
2021-06-04,0.21,27.68,71.65,19.56,3.07,0.55
2021-06-05,0.37,27.31,72.12,19.33,3.19,0.55
2021-06-06,0.39,27.19,70.69,19.14,4.11,0.54
2021-06-07,0.0,26.95,63.17,19.68,3.12,0.54
2021-06-08,0.0,26.75,64.1,20.33,3.57,0.54
2021-06-09,0.0,26.64,64.81,19.86,2.44,0.53
2021-06-10,0.15,26.99,69.51,17.69,2.75,0.53
2021-06-11,0.43,27.22,70.32,14.16,3.4,0.53
2021-06-12,0.0,27.38,66.15,18.23,3.22,0.53
2021-06-13,0.01,27.39,69.33,18.85,2.91,0.52
2021-06-14,0.02,26.95,72.08,19.19,3.19,0.52
2021-06-15,0.04,26.95,69.52,18.71,2.08,0.52
2021-06-16,0.0,26.97,63.88,20.37,2.32,0.52
2021-06-17,0.0,26.5,67.34,19.85,2.66,0.52
2021-06-18,0.0,27.04,67.29,18.6,3.39,0.51
2021-06-19,0.94,27.08,71.45,15.93,3.32,0.51
2021-06-20,0.38,27.01,69.82,18.06,3.81,0.51
2021-06-21,0.01,27.07,63.83,19.09,3.06,0.51
2021-06-22,0.13,27.09,67.35,18.17,1.58,0.51
2021-06-23,1.14,26.44,80.94,17.86,1.99,0.51
2021-06-24,1.19,27.07,77.58,18.19,1.44,0.51
2021-06-25,1.1,27.57,74.0,18.03,2.91,0.51
2021-06-26,5.32,27.6,74.02,12.95,3.65,0.51
2021-06-27,0.57,27.37,73.03,16.28,4.64,0.52
2021-06-28,0.04,26.69,68.18,19.08,4.57,0.51
2021-06-29,0.0,26.2,66.41,19.87,4.24,0.51
2021-06-30,0.01,25.97,69.21,19.08,4.09,0.51
2021-07-01,0.12,26.38,69.49,18.97,4.0,0.51
2021-07-02,0.07,26.96,66.76,20.01,4.16,0.5
2021-07-03,0.02,26.25,65.46,19.97,5.32,0.5
2021-07-04,0.0,25.64,58.47,18.53,4.27,0.5
2021-07-05,0.13,25.95,66.24,15.36,3.67,0.5
2021-07-06,0.07,26.59,65.82,16.68,3.18,0.5
2021-07-07,0.29,26.54,70.98,14.08,3.63,0.5
2021-07-08,0.06,27.24,70.45,19.29,4.18,0.49
2021-07-09,0.02,27.84,64.73,19.0,2.13,0.49
2021-07-10,0.0,27.32,67.31,19.95,3.32,0.49
2021-07-11,0.02,26.72,70.81,19.43,4.25,0.49
2021-07-12,0.0,26.56,63.77,20.71,3.94,0.49
2021-07-13,0.0,25.87,65.27,21.09,4.22,0.49
2021-07-14,0.0,26.23,67.69,20.14,4.15,0.49
2021-07-15,0.0,26.37,63.42,19.58,3.71,0.49
2021-07-16,0.0,26.13,65.48,17.14,3.6,0.48
2021-07-17,0.0,26.19,65.42,18.97,2.64,0.48
2021-07-18,0.0,27.04,65.61,19.44,3.55,0.48
2021-07-19,0.03,27.26,63.7,20.07,3.21,0.48
2021-07-20,1.31,27.3,66.52,20.3,3.45,0.48
2021-07-21,0.01,27.13,63.31,20.91,3.49,0.48
2021-07-22,0.0,26.66,62.86,20.87,2.67,0.48
2021-07-23,0.0,26.19,60.85,21.19,3.0,0.48
2021-07-24,0.0,25.79,60.39,21.81,3.33,0.48
2021-07-25,0.0,26.32,55.47,21.6,1.94,0.48
2021-07-26,0.04,26.36,62.9,20.48,2.04,0.48
2021-07-27,0.04,26.95,65.88,20.24,3.42,0.48
2021-07-28,0.07,27.22,64.92,20.51,3.34,0.48
2021-07-29,0.0,26.78,67.34,20.13,3.71,0.48
2021-07-30,0.02,26.75,68.28,20.58,2.89,0.48
2021-07-31,0.1,26.79,67.99,20.28,3.73,0.48
2021-08-01,0.14,27.51,66.75,20.47,3.48,0.48
2021-08-02,0.06,27.61,67.63,20.17,3.45,0.48
2021-08-03,0.04,27.96,64.34,20.96,3.74,0.48
2021-08-04,0.06,27.77,64.14,18.83,3.86,0.48
2021-08-05,0.57,26.89,68.85,16.67,4.43,0.48
2021-08-06,0.0,27.16,60.7,19.29,4.86,0.48
2021-08-07,0.0,26.94,55.49,22.16,4.63,0.48
2021-08-08,0.0,26.37,59.98,22.01,4.22,0.48
2021-08-09,0.09,26.3,64.53,21.8,3.09,0.48
2021-08-10,0.07,27.19,64.39,21.57,2.63,0.48
2021-08-11,0.38,27.45,67.13,20.55,3.97,0.48
2021-08-12,0.33,27.91,68.29,21.13,4.28,0.48
2021-08-13,0.06,27.68,66.18,22.21,4.46,0.48
2021-08-14,0.0,27.53,62.02,22.39,4.04,0.48
2021-08-15,0.08,26.88,67.43,21.68,4.6,0.48
2021-08-16,0.19,27.32,67.32,20.93,4.99,0.48
2021-08-17,0.0,27.36,61.88,21.94,4.63,0.48
2021-08-18,0.0,26.84,65.65,21.41,3.84,0.48
2021-08-19,0.0,27.62,60.96,22.75,2.18,0.48
2021-08-20,0.31,27.5,67.06,22.49,3.19,0.48
2021-08-21,0.08,27.18,66.11,22.82,3.79,0.48
2021-08-22,0.02,26.75,63.47,23.51,3.33,0.48
2021-08-23,0.0,26.96,64.48,23.62,2.65,0.48
2021-08-24,0.0,27.87,60.83,23.81,2.33,0.48
2021-08-25,0.18,27.73,65.49,23.17,3.44,0.48
2021-08-26,0.29,27.54,65.25,22.86,2.36,0.48
2021-08-27,0.1,28.05,61.2,22.7,3.37,0.48
2021-08-28,0.06,28.24,60.38,22.17,2.93,0.48
2021-08-29,0.06,28.23,59.57,23.42,3.41,0.48
2021-08-30,0.0,27.83,60.31,24.04,3.35,0.48
2021-08-31,0.0,27.89,57.49,24.49,2.26,0.48
2021-09-01,0.01,28.19,62.06,23.36,2.65,0.48
2021-09-02,0.12,28.22,65.82,22.63,3.46,0.48
2021-09-03,0.98,27.94,71.06,20.91,3.65,0.48
2021-09-04,3.15,28.19,69.64,22.23,3.01,0.48
2021-09-05,0.88,28.48,66.23,23.88,2.53,0.49
2021-09-06,1.71,27.33,69.15,16.15,3.87,0.49
2021-09-07,0.19,27.15,64.95,22.93,6.23,0.49
2021-09-08,0.09,27.22,60.36,22.3,5.39,0.49
2021-09-09,1.2,27.28,67.29,21.42,5.21,0.49
2021-09-10,0.55,27.84,67.22,19.26,4.31,0.49
2021-09-11,0.15,28.2,62.35,23.96,2.53,0.49
2021-09-12,0.1,28.54,62.17,23.99,1.95,0.48
2021-09-13,0.13,28.65,63.19,23.05,2.62,0.48
2021-09-14,0.03,28.73,64.13,24.5,2.56,0.48
2021-09-15,0.03,28.98,61.73,22.2,2.98,0.48
2021-09-16,0.09,28.99,62.06,24.45,3.58,0.48
2021-09-17,0.02,28.69,61.35,23.89,3.66,0.48
2021-09-18,0.01,27.97,62.0,24.79,4.31,0.48
2021-09-19,0.27,27.98,65.13,23.96,3.74,0.48
2021-09-20,0.0,28.16,59.94,24.5,3.93,0.48
2021-09-21,0.06,27.98,65.2,23.4,4.21,0.48
2021-09-22,0.3,28.07,63.85,24.31,4.45,0.48
2021-09-23,0.02,28.15,56.6,25.63,4.05,0.48
2021-09-24,0.03,27.88,57.22,23.87,2.79,0.48
2021-09-25,0.06,28.01,59.9,25.37,2.26,0.48
2021-09-26,0.12,28.52,62.45,25.21,1.9,0.48
2021-09-27,0.02,28.84,61.05,24.91,2.99,0.48
2021-09-28,0.0,28.76,60.96,24.3,2.92,0.48
2021-09-29,0.01,29.03,61.39,25.71,2.53,0.48
2021-09-30,0.02,29.22,60.96,26.24,2.74,0.48
2021-10-01,0.03,29.14,60.7,26.09,2.38,0.48
2021-10-02,0.04,28.98,63.95,24.04,2.24,0.48
2021-10-03,0.09,28.64,62.98,26.07,3.54,0.48
2021-10-04,0.03,28.25,65.84,26.05,3.81,0.48
2021-10-05,0.01,28.11,65.73,25.82,3.69,0.48
2021-10-06,0.01,28.1,65.43,24.86,3.23,0.48
2021-10-07,0.02,28.51,64.55,24.88,2.81,0.48
2021-10-08,0.09,29.16,62.91,25.88,3.19,0.48
2021-10-09,0.17,29.03,63.47,25.93,3.18,0.48
2021-10-10,0.01,28.66,60.49,26.92,3.31,0.48
2021-10-11,0.52,28.91,61.12,26.68,2.85,0.48
2021-10-12,0.4,29.29,61.13,26.84,2.52,0.48
2021-10-13,0.01,29.66,60.94,25.47,2.2,0.48
2021-10-14,1.16,29.57,59.22,25.55,1.34,0.48
2021-10-15,2.02,28.75,66.15,22.63,1.52,0.48
2021-10-16,2.08,29.34,65.38,24.67,1.19,0.49
2021-10-17,27.3,29.25,69.8,23.87,1.0,0.5
2021-10-18,15.39,28.83,73.83,25.21,1.4,0.56
2021-10-19,2.6,29.06,71.89,26.52,2.3,0.56
2021-10-20,0.13,28.69,71.7,25.12,3.72,0.55
2021-10-21,0.39,29.13,67.91,24.96,2.48,0.55
2021-10-22,0.19,28.71,70.7,25.88,2.82,0.54
2021-10-23,0.67,28.79,70.85,24.96,2.07,0.54
2021-10-24,0.48,29.32,67.24,25.58,0.99,0.53
2021-10-25,0.95,29.1,67.9,24.87,1.14,0.53
2021-10-26,0.75,29.1,67.71,26.48,1.11,0.53
2021-10-27,2.37,29.33,66.54,25.14,1.58,0.52
2021-10-28,1.47,29.25,69.28,25.45,1.82,0.53
2021-10-29,3.22,29.38,69.51,25.27,1.29,0.52
2021-10-30,5.18,28.63,73.16,22.02,1.56,0.53
2021-10-31,6.41,27.54,79.05,21.98,2.35,0.54
2021-11-01,2.06,28.42,72.55,25.56,1.6,0.54
2021-11-02,1.22,28.99,69.83,25.37,2.48,0.54
2021-11-03,1.04,28.98,72.06,20.39,2.39,0.54
2021-11-04,8.28,28.74,74.78,19.63,2.57,0.54
2021-11-05,2.97,29.11,73.53,19.49,1.72,0.55
2021-11-06,1.88,29.11,72.16,23.83,1.13,0.55
2021-11-07,1.02,28.99,72.27,24.37,0.74,0.54
2021-11-08,8.19,27.2,82.54,22.76,1.39,0.54
2021-11-09,10.99,27.98,80.08,24.23,0.74,0.56
2021-11-10,1.09,27.85,80.77,20.97,2.0,0.57
2021-11-11,0.61,27.98,78.29,19.11,1.28,0.57
2021-11-12,8.99,27.75,81.74,20.67,1.32,0.58
2021-11-13,15.67,27.53,82.26,17.07,2.1,0.6
2021-11-14,6.11,27.04,82.89,22.74,1.23,0.61
2021-11-15,5.78,27.78,78.94,20.93,1.56,0.62
2021-11-16,6.04,28.35,69.82,21.36,2.0,0.62
2021-11-17,0.43,28.21,70.71,24.76,2.34,0.61
2021-11-18,0.51,28.54,69.65,26.23,2.09,0.61
2021-11-19,13.72,28.54,73.44,23.92,1.41,0.6
2021-11-20,13.16,27.89,81.92,22.68,1.09,0.64
2021-11-21,3.9,27.28,85.26,23.58,2.04,0.64
2021-11-22,2.68,28.38,76.46,23.36,0.89,0.64
2021-11-23,10.36,28.44,75.36,22.65,0.79,0.64
2021-11-24,6.44,28.56,73.91,19.23,1.41,0.66
2021-11-25,15.59,28.23,79.14,22.38,1.58,0.66
2021-11-26,14.01,27.82,80.83,22.92,1.12,0.69
2021-11-27,13.8,27.52,80.73,24.61,0.69,0.71
2021-11-28,4.2,27.08,81.02,20.02,1.66,0.71
2021-11-29,8.66,27.17,78.19,14.32,1.44,0.72
2021-11-30,1.55,27.98,74.79,18.8,1.08,0.72
2021-12-01,1.31,27.48,79.65,21.72,1.93,0.71
2021-12-02,0.65,28.21,78.81,21.47,1.31,0.71
2021-12-03,1.19,28.83,72.63,21.57,0.88,0.7
2021-12-04,6.14,27.96,79.78,14.63,1.27,0.69
2021-12-05,14.64,27.34,84.22,20.29,1.87,0.71
2021-12-06,16.97,26.91,86.56,15.14,2.59,0.73
2021-12-07,7.67,27.32,83.31,22.62,2.38,0.75
2021-12-08,8.43,27.18,83.55,12.09,2.27,0.75
2021-12-09,5.7,27.42,80.49,21.29,1.46,0.75
2021-12-10,2.74,27.35,81.63,20.72,1.28,0.75
2021-12-11,8.0,27.51,82.18,20.87,1.35,0.75
2021-12-12,6.58,27.53,81.72,22.51,1.31,0.76
2021-12-13,4.43,28.03,77.97,26.09,0.86,0.76
2021-12-14,0.46,28.86,73.78,25.18,0.73,0.75
2021-12-15,0.08,29.23,70.62,27.42,0.79,0.74
2021-12-16,0.04,28.78,74.23,27.81,2.0,0.73
2021-12-17,2.75,28.72,77.05,24.51,1.72,0.72
2021-12-18,1.96,28.97,74.65,20.67,1.31,0.71
2021-12-19,1.13,28.46,77.54,25.36,1.6,0.7
2021-12-20,25.69,27.73,83.01,21.81,1.75,0.71
2021-12-21,2.94,27.48,84.02,22.57,2.53,0.74
2021-12-22,10.91,27.31,85.86,11.51,3.5,0.74
2021-12-23,11.02,26.98,84.73,16.2,2.33,0.75
2021-12-24,19.72,26.66,82.86,14.17,3.64,0.76
2021-12-25,26.39,26.63,80.14,8.03,4.62,0.81
2021-12-26,17.65,26.8,82.34,6.84,5.22,0.81
2021-12-27,18.39,26.48,86.97,8.86,4.35,0.83
2021-12-28,3.76,26.93,83.3,23.39,3.68,0.84
2021-12-29,9.04,26.39,87.09,19.03,3.05,0.84
2021-12-30,8.84,26.63,85.96,15.6,3.33,0.85
2021-12-31,6.57,26.71,85.02,23.56,2.74,0.85
2022-01-01,4.67,26.47,86.25,20.5,2.46,0.85
2022-01-02,3.4,26.71,85.42,22.37,2.16,0.85
2022-01-03,3.97,26.78,85.53,22.61,2.13,0.84
2022-01-04,22.97,26.11,88.1,20.71,2.68,0.85
2022-01-05,14.82,25.68,86.68,16.95,2.96,0.88
2022-01-06,12.57,25.68,88.01,16.75,3.02,0.88
2022-01-07,22.43,25.91,83.95,23.33,2.34,0.9
2022-01-08,4.14,26.2,84.65,19.88,1.96,0.9
2022-01-09,1.62,26.94,81.98,23.62,1.41,0.9
2022-01-10,1.14,26.89,83.92,22.31,1.6,0.89
2022-01-11,1.02,27.22,80.77,26.1,1.27,0.89
2022-01-12,2.17,27.08,84.82,23.36,2.67,0.88
2022-01-13,11.42,26.75,88.4,14.14,3.32,0.88
2022-01-14,14.64,26.74,86.18,16.02,4.48,0.89
2022-01-15,32.29,26.8,85.94,17.02,4.45,0.92
2022-01-16,10.86,26.36,88.78,13.36,3.61,0.93
2022-01-17,32.82,26.31,87.65,7.51,3.44,0.94
2022-01-18,6.82,26.11,85.35,18.11,2.59,0.95
2022-01-19,14.48,26.17,87.59,11.09,2.87,0.95
2022-01-20,22.94,25.58,88.25,9.42,3.28,0.95
2022-01-21,11.18,25.53,88.89,13.83,3.4,0.96
2022-01-22,19.51,26.37,86.77,18.75,4.16,0.96
2022-01-23,6.53,26.63,86.04,23.79,3.78,0.96
2022-01-24,2.67,26.74,86.89,23.48,3.09,0.96
2022-01-25,6.33,26.65,89.23,22.82,3.91,0.95
2022-01-26,7.62,27.05,87.15,22.84,4.5,0.95
2022-01-27,23.38,26.84,88.98,16.07,4.33,0.96
2022-01-28,23.86,26.42,88.09,10.2,3.94,0.97
2022-01-29,7.4,26.53,87.06,17.65,4.36,0.97
2022-01-30,9.47,26.47,86.39,19.03,5.23,0.96
2022-01-31,6.15,26.68,85.41,23.58,5.57,0.96
2022-02-01,9.85,26.72,86.2,25.85,5.77,0.96
2022-02-02,7.82,26.7,87.29,23.64,4.15,0.95
2022-02-03,28.9,26.54,89.17,14.58,4.8,0.96
2022-02-04,24.61,26.39,89.71,18.26,4.45,0.98
2022-02-05,4.11,26.45,88.51,18.12,3.3,0.97
2022-02-06,2.57,26.42,88.39,22.48,2.84,0.97
2022-02-07,2.88,26.61,85.52,22.0,1.98,0.96
2022-02-08,5.48,26.49,86.99,20.95,2.25,0.96
2022-02-09,42.09,25.85,89.26,19.23,2.26,0.97
2022-02-10,22.76,26.01,90.44,8.66,2.26,0.99
2022-02-11,10.46,26.32,82.96,21.44,0.77,0.98
2022-02-12,13.94,26.38,86.07,20.32,1.17,0.98
2022-02-13,2.95,26.56,85.18,22.62,1.99,0.98
2022-02-14,1.28,26.7,84.08,25.46,1.93,0.98
2022-02-15,0.42,26.93,82.08,27.57,2.49,0.97
2022-02-16,0.17,27.1,77.95,25.09,1.53,0.96
2022-02-17,0.24,27.43,76.19,23.65,1.5,0.95
2022-02-18,8.25,27.39,80.42,24.73,1.61,0.95
2022-02-19,6.81,26.69,86.94,12.1,2.03,0.95
2022-02-20,4.58,27.07,83.08,23.24,1.69,0.94
2022-02-21,9.91,26.64,84.13,19.15,1.63,0.94
2022-02-22,36.58,25.29,89.11,21.5,3.05,0.96
2022-02-23,62.38,25.04,88.9,5.08,3.18,0.98
2022-02-24,21.22,25.11,89.65,12.95,3.73,0.99
2022-02-25,33.21,26.05,86.45,17.23,4.46,0.99
2022-02-26,75.84,25.81,87.95,5.19,4.59,1.0
2022-02-27,24.67,26.26,86.48,20.49,5.43,1.0
2022-02-28,20.44,26.43,87.17,19.66,4.86,0.99
2022-03-01,10.15,26.57,87.01,20.38,3.64,0.99
2022-03-02,3.14,26.64,86.81,22.76,3.5,0.98
2022-03-03,2.57,26.75,87.56,23.17,2.83,0.98
2022-03-04,2.65,26.92,86.24,22.93,1.83,0.97
2022-03-05,0.71,26.97,84.89,23.34,1.75,0.97
2022-03-06,0.56,27.41,84.94,24.54,1.59,0.96
2022-03-07,6.45,27.14,85.35,21.82,1.56,0.96
2022-03-08,10.94,26.54,86.36,10.08,2.0,0.96
2022-03-09,6.25,26.47,84.56,18.96,1.69,0.96
2022-03-10,11.76,27.13,83.85,22.41,1.3,0.96
2022-03-11,1.38,27.45,81.88,24.7,1.58,0.95
2022-03-12,1.58,27.38,83.27,25.18,1.83,0.94
2022-03-13,1.02,27.08,84.38,23.02,1.7,0.94
2022-03-14,0.8,27.1,83.54,23.36,1.98,0.93
2022-03-15,0.43,27.31,81.52,24.15,1.87,0.93
2022-03-16,1.66,27.15,85.85,25.14,2.74,0.92
2022-03-17,2.11,27.04,87.08,11.79,2.48,0.91
2022-03-18,34.88,26.37,90.25,11.61,2.98,0.93
2022-03-19,3.51,25.98,85.53,19.93,1.57,0.93
2022-03-20,0.18,27.65,77.01,24.18,1.01,0.93
2022-03-21,1.34,27.69,79.31,22.9,1.01,0.92
2022-03-22,2.05,27.12,82.83,22.18,1.52,0.91
2022-03-23,1.32,26.76,85.82,21.84,1.92,0.9
2022-03-24,1.03,26.72,83.34,21.0,1.82,0.9
2022-03-25,3.83,26.8,82.95,17.09,1.73,0.89
2022-03-26,1.61,26.65,84.88,22.31,1.75,0.89
2022-03-27,1.68,26.77,83.78,20.88,1.63,0.88
2022-03-28,9.16,26.8,81.94,22.24,1.31,0.88
2022-03-29,4.59,26.89,80.69,20.26,0.87,0.88
2022-03-30,7.43,26.31,85.05,20.81,1.12,0.88
2022-03-31,5.67,27.2,77.15,24.72,0.91,0.89
2022-04-01,0.09,27.08,74.76,25.49,1.25,0.87
2022-04-02,0.02,26.88,75.16,25.05,1.39,0.86
2022-04-03,0.05,26.83,77.4,22.71,1.63,0.85
2022-04-04,0.15,27.12,78.36,22.19,1.66,0.84
2022-04-05,0.16,27.43,75.52,23.7,1.06,0.83
2022-04-06,0.09,27.19,76.4,24.16,1.69,0.82
2022-04-07,0.3,27.42,77.89,22.64,1.76,0.8
2022-04-08,0.1,27.59,76.43,21.97,1.2,0.79
2022-04-09,0.02,27.2,76.54,24.04,1.99,0.78
2022-04-10,0.03,27.15,73.79,22.31,2.07,0.77
2022-04-11,0.04,26.66,79.23,23.65,2.03,0.76
2022-04-12,0.2,27.52,75.05,23.21,0.95,0.75
2022-04-13,0.82,27.23,78.53,15.74,2.01,0.74
2022-04-14,10.43,26.97,82.44,20.43,1.78,0.75
2022-04-15,15.73,26.97,83.7,20.64,1.8,0.76
2022-04-16,8.29,27.04,80.37,20.16,1.49,0.78
2022-04-17,23.25,26.8,83.73,18.82,1.53,0.79
2022-04-18,6.47,26.79,84.27,19.77,1.79,0.81
2022-04-19,1.98,26.75,84.09,20.4,1.19,0.81
2022-04-20,0.45,27.43,77.73,20.21,1.15,0.8
2022-04-21,1.56,27.02,84.13,20.2,2.91,0.79
2022-04-22,0.64,27.23,82.5,21.86,3.32,0.79
2022-04-23,0.0,27.2,78.79,21.27,2.46,0.78
2022-04-24,0.0,26.53,76.05,23.13,2.15,0.77
2022-04-25,0.0,26.77,73.34,21.84,2.11,0.76
2022-04-26,0.0,27.03,71.81,23.2,1.51,0.74
2022-04-27,0.0,26.71,71.73,21.64,1.52,0.73
2022-04-28,0.0,27.15,71.84,20.17,0.65,0.73
2022-04-29,0.0,27.29,74.91,21.17,1.62,0.72
2022-04-30,0.13,27.43,75.41,20.99,2.01,0.71
2022-05-01,0.28,27.55,79.04,21.51,2.71,0.7
2022-05-02,0.35,27.48,77.38,21.63,3.36,0.69
2022-05-03,0.12,27.26,77.61,16.32,3.1,0.68
2022-05-04,0.01,27.25,76.99,21.0,3.46,0.67
2022-05-05,0.25,27.43,79.77,19.7,3.29,0.67
2022-05-06,1.02,27.8,77.2,19.98,3.5,0.66
2022-05-07,3.46,27.38,81.46,17.08,3.81,0.66
2022-05-08,0.56,27.49,75.52,20.41,4.2,0.65
2022-05-09,0.04,26.89,74.82,20.73,4.42,0.65
2022-05-10,0.0,26.62,71.37,21.74,3.32,0.64
2022-05-11,0.0,27.0,67.81,21.21,1.41,0.63
2022-05-12,0.0,27.25,71.9,19.94,1.39,0.62
2022-05-13,0.06,27.81,74.93,20.31,1.7,0.62
2022-05-14,0.1,27.79,77.04,20.04,2.25,0.61
2022-05-15,1.05,27.85,74.95,19.41,1.94,0.61
2022-05-16,0.28,27.83,73.41,19.99,1.43,0.6
2022-05-17,0.01,27.57,71.78,21.27,1.62,0.6
2022-05-18,0.08,27.66,73.45,20.29,2.61,0.59
2022-05-19,0.03,27.82,72.55,20.2,3.4,0.59
2022-05-20,0.0,27.01,72.93,20.34,3.73,0.58
2022-05-21,0.42,27.46,72.97,20.11,3.8,0.58
2022-05-22,0.52,27.42,72.74,18.77,3.74,0.58
2022-05-23,0.3,27.78,71.03,20.21,3.73,0.57
2022-05-24,0.52,28.1,70.95,18.31,1.74,0.57
2022-05-25,0.78,28.08,71.48,17.2,3.41,0.56
2022-05-26,0.24,27.66,71.22,17.24,3.45,0.56
2022-05-27,0.03,27.56,69.68,17.38,3.75,0.56
2022-05-28,0.15,27.42,69.86,17.55,2.59,0.55
2022-05-29,0.17,27.65,70.07,19.0,1.62,0.55
2022-05-30,0.62,27.91,72.02,17.82,1.1,0.54
2022-05-31,1.76,27.72,75.48,16.08,1.3,0.54
2022-06-01,6.93,27.35,78.03,18.4,0.83,0.55
2022-06-02,2.99,27.64,74.12,19.47,1.24,0.56
2022-06-03,25.65,27.08,79.66,17.84,0.72,0.58
2022-06-04,1.97,27.33,74.96,19.29,1.63,0.6
2022-06-05,0.63,27.47,72.28,18.84,0.98,0.59
2022-06-06,1.61,27.3,76.38,18.61,1.3,0.59
2022-06-07,1.44,26.68,79.45,16.01,2.67,0.59
2022-06-08,0.43,27.21,76.93,18.67,3.28,0.59
2022-06-09,3.5,26.99,79.62,13.16,4.19,0.59
2022-06-10,0.08,27.09,72.09,13.46,4.32,0.59
2022-06-11,0.0,26.84,67.24,18.9,4.35,0.58
2022-06-12,0.01,26.62,67.27,18.6,3.63,0.57
2022-06-13,0.0,26.52,66.9,19.1,3.55,0.57
2022-06-14,13.15,26.51,74.96,14.54,3.28,0.57
2022-06-15,4.52,26.96,74.16,16.4,3.29,0.59
2022-06-16,0.02,26.7,72.06,15.68,3.78,0.59
2022-06-17,0.1,26.57,72.39,16.64,3.86,0.58
2022-06-18,0.28,27.26,73.51,18.21,3.38,0.58
2022-06-19,0.02,26.94,71.31,18.0,3.64,0.57
2022-06-20,0.0,26.03,67.25,17.9,3.54,0.57
2022-06-21,0.0,26.17,70.58,18.85,3.62,0.57
2022-06-22,0.02,26.62,68.61,18.31,4.95,0.56
2022-06-23,0.11,26.47,67.78,14.94,5.4,0.56
2022-06-24,0.68,26.52,68.75,14.09,4.93,0.55
2022-06-25,1.21,26.36,71.0,15.4,4.36,0.55
2022-06-26,1.39,25.54,75.51,14.53,4.09,0.55
2022-06-27,2.53,25.8,74.55,13.06,4.52,0.55
2022-06-28,0.79,26.35,72.91,12.78,4.89,0.55
2022-06-29,6.75,25.75,80.34,11.15,5.9,0.55
2022-06-30,15.77,24.85,86.15,8.57,5.98,0.57
2022-07-01,9.46,25.18,84.78,11.12,5.76,0.6
2022-07-02,5.62,25.87,84.1,9.04,4.53,0.6
2022-07-03,0.87,26.38,78.48,16.67,4.59,0.6
2022-07-04,0.14,25.72,75.85,15.51,5.38,0.6
2022-07-05,0.0,24.58,66.96,19.79,5.54,0.59
2022-07-06,0.01,23.05,66.7,20.47,4.1,0.59
2022-07-07,0.06,23.86,68.12,15.73,3.33,0.58
2022-07-08,0.95,24.7,75.02,13.94,3.92,0.58
2022-07-09,0.34,25.55,73.51,13.46,4.28,0.58
2022-07-10,0.06,25.93,71.02,18.24,4.57,0.57
2022-07-11,0.16,25.03,73.31,16.68,4.66,0.57
2022-07-12,0.05,24.46,67.59,19.42,4.88,0.56
2022-07-13,0.01,24.32,66.44,19.91,4.05,0.56
2022-07-14,0.08,25.1,67.61,17.78,4.21,0.56
2022-07-15,0.0,25.05,65.98,18.22,4.06,0.55
2022-07-16,0.02,25.01,68.43,17.02,3.97,0.55
2022-07-17,0.07,25.11,70.83,18.49,3.86,0.55
2022-07-18,0.05,24.89,69.82,19.18,3.04,0.54
2022-07-19,0.01,24.64,67.3,19.48,3.63,0.54
2022-07-20,0.05,25.32,69.51,20.7,2.55,0.54
2022-07-21,0.2,26.12,73.78,20.13,3.73,0.53
2022-07-22,0.05,25.8,64.5,21.3,3.9,0.53
2022-07-23,0.0,24.8,60.76,21.51,3.72,0.53
2022-07-24,0.0,24.22,64.08,21.34,3.19,0.52
2022-07-25,0.0,25.07,65.66,20.89,3.48,0.52
2022-07-26,0.0,25.81,64.52,20.65,3.69,0.52
2022-07-27,0.03,25.33,70.41,20.64,4.31,0.52
2022-07-28,0.0,25.45,65.47,20.84,4.47,0.51
2022-07-29,0.16,25.38,64.04,21.08,3.74,0.51
2022-07-30,0.13,26.08,66.23,20.54,2.95,0.51
2022-07-31,0.03,26.68,66.96,20.96,3.41,0.51
2022-08-01,0.01,27.11,67.48,20.74,2.15,0.5
2022-08-02,0.0,26.96,67.01,21.42,3.4,0.5
2022-08-03,0.01,26.27,68.22,21.78,2.44,0.5
2022-08-04,0.03,25.94,69.13,21.82,3.63,0.5
2022-08-05,0.01,26.05,70.32,21.03,3.08,0.5
2022-08-06,0.03,26.81,70.25,20.79,2.54,0.49
2022-08-07,0.03,27.22,68.22,20.04,2.44,0.49
2022-08-08,0.14,27.46,66.06,20.71,2.87,0.49
2022-08-09,0.36,27.53,66.88,20.52,3.66,0.49
2022-08-10,0.31,27.52,67.57,19.75,3.56,0.49
2022-08-11,0.98,27.37,67.71,18.53,2.22,0.49
2022-08-12,0.74,27.44,69.29,15.56,3.02,0.49
2022-08-13,0.19,27.75,65.83,20.69,3.53,0.49
2022-08-14,0.04,27.26,66.26,22.15,4.19,0.49
2022-08-15,0.01,26.29,67.94,20.77,4.45,0.49
2022-08-16,0.02,26.4,62.15,22.58,3.03,0.48
2022-08-17,0.01,26.89,63.26,20.36,3.4,0.48
2022-08-18,0.0,26.49,60.41,22.68,4.73,0.48
2022-08-19,0.0,25.36,54.78,23.98,4.37,0.48
2022-08-20,0.01,25.76,61.22,22.91,4.71,0.48
2022-08-21,0.04,26.36,61.46,22.09,4.9,0.48
2022-08-22,0.0,26.23,62.73,21.78,4.8,0.48
2022-08-23,0.0,26.0,61.21,23.89,4.44,0.48
2022-08-24,0.0,26.31,65.03,22.56,4.08,0.48
2022-08-25,0.01,26.53,60.96,20.49,5.28,0.48
2022-08-26,0.0,26.67,55.69,23.1,3.96,0.48
2022-08-27,0.02,27.17,59.49,22.68,2.41,0.48
2022-08-28,0.02,27.6,64.78,22.69,2.09,0.48
2022-08-29,0.04,27.96,63.81,23.25,2.77,0.48
2022-08-30,0.01,28.25,64.56,22.53,3.12,0.48
2022-08-31,0.09,28.2,65.41,21.31,2.29,0.48
2022-09-01,0.06,28.23,65.59,23.15,2.93,0.48
2022-09-02,0.01,28.25,65.07,23.12,3.47,0.48
2022-09-03,5.11,28.04,67.99,22.19,3.14,0.48
2022-09-04,1.05,27.88,69.5,22.4,3.29,0.49
2022-09-05,0.29,27.87,67.59,22.87,3.03,0.49
2022-09-06,0.07,27.91,64.78,23.21,1.55,0.49
2022-09-07,0.11,27.81,64.38,23.53,2.15,0.49
2022-09-08,0.01,27.91,59.85,24.74,3.1,0.48
2022-09-09,0.0,27.95,60.64,24.85,1.2,0.48
2022-09-10,0.14,28.02,64.87,21.28,2.63,0.48
2022-09-11,0.12,27.88,67.75,23.28,3.0,0.48
2022-09-12,0.01,28.38,61.02,24.93,2.79,0.48
2022-09-13,0.11,28.21,64.55,23.96,3.1,0.48
2022-09-14,0.08,27.91,65.72,23.28,3.75,0.48
2022-09-15,0.01,28.07,65.5,24.77,3.05,0.48
2022-09-16,0.01,28.45,62.73,23.53,2.57,0.48
2022-09-17,0.0,28.81,60.66,23.44,1.75,0.48
2022-09-18,0.01,29.22,58.74,23.6,2.0,0.48
2022-09-19,0.01,28.85,59.92,24.02,1.77,0.48
2022-09-20,0.03,28.13,66.02,24.22,3.98,0.48
2022-09-21,0.08,29.46,60.38,24.96,2.68,0.48
2022-09-22,0.38,29.18,62.72,23.8,3.46,0.48
2022-09-23,0.03,29.41,58.41,25.14,2.79,0.48
2022-09-24,0.06,29.38,58.91,24.87,1.91,0.48
2022-09-25,0.03,29.39,59.52,23.7,2.24,0.48
2022-09-26,0.04,29.29,60.51,25.04,1.86,0.48
2022-09-27,0.06,29.25,61.43,22.14,1.27,0.48
2022-09-28,2.74,28.64,67.87,21.73,1.18,0.48
2022-09-29,5.41,28.21,71.21,20.79,1.32,0.49
2022-09-30,12.03,27.86,73.02,22.63,1.66,0.51
2022-10-01,4.17,27.74,72.17,21.71,2.72,0.52
2022-10-02,9.54,28.08,72.87,23.84,2.32,0.52
2022-10-03,1.73,27.84,71.58,25.11,2.05,0.53
2022-10-04,2.04,27.22,76.55,22.09,2.24,0.53
2022-10-05,2.0,27.81,75.93,23.13,2.48,0.53
2022-10-06,0.42,27.99,71.27,23.26,2.91,0.53
2022-10-07,0.47,28.53,70.52,25.15,3.49,0.52
2022-10-08,1.09,28.95,69.38,25.17,3.04,0.52
2022-10-09,3.11,28.54,71.28,25.34,3.06,0.52
2022-10-10,3.19,28.44,71.06,23.33,2.31,0.52
2022-10-11,2.64,28.54,71.5,23.73,1.77,0.52
2022-10-12,1.54,28.45,69.69,20.8,1.81,0.52
2022-10-13,0.27,28.43,70.01,25.58,3.08,0.52
2022-10-14,2.9,28.63,68.75,25.55,2.09,0.52
2022-10-15,1.31,29.26,67.17,25.51,2.62,0.52
2022-10-16,0.29,28.9,68.27,22.49,2.92,0.51
2022-10-17,1.47,28.85,70.36,22.18,1.37,0.51
2022-10-18,2.35,27.91,76.6,18.03,1.0,0.51
2022-10-19,7.42,27.94,74.88,19.35,1.45,0.53
2022-10-20,3.76,27.7,79.92,23.96,1.9,0.53
2022-10-21,0.83,29.0,71.78,24.93,1.54,0.53
2022-10-22,0.24,29.44,67.74,26.37,2.13,0.52
2022-10-23,0.12,29.58,68.2,27.13,2.78,0.52
2022-10-24,0.34,29.12,70.61,24.39,2.95,0.52
2022-10-25,0.26,29.57,66.91,26.07,2.56,0.51
2022-10-26,0.31,29.28,67.78,26.31,2.01,0.51
2022-10-27,2.07,28.59,72.59,23.88,2.48,0.51
2022-10-28,2.49,27.95,76.83,18.64,2.32,0.51
2022-10-29,2.15,27.39,78.45,18.01,2.34,0.51
2022-10-30,3.92,27.37,77.45,16.24,3.22,0.51
2022-10-31,7.57,26.99,79.82,20.01,2.31,0.52
2022-11-01,6.38,28.62,72.75,26.58,2.02,0.54
2022-11-02,0.42,28.22,71.81,25.35,1.44,0.53
2022-11-03,0.03,29.33,66.81,26.87,1.08,0.53
2022-11-04,0.04,29.75,66.81,24.14,2.15,0.52
2022-11-05,1.8,30.08,64.29,26.17,1.52,0.52
2022-11-06,1.64,29.49,67.71,25.69,0.89,0.52
2022-11-07,6.16,28.36,72.93,21.45,1.13,0.52
2022-11-08,22.09,27.63,77.72,20.63,1.36,0.55
2022-11-09,13.67,27.28,80.56,18.87,2.43,0.59
2022-11-10,3.03,28.35,74.14,18.54,2.06,0.59
2022-11-11,2.75,28.3,74.58,23.04,1.99,0.58
2022-11-12,1.3,28.33,75.6,22.28,2.49,0.58
2022-11-13,5.32,28.33,76.75,23.19,2.93,0.58
2022-11-14,5.41,27.44,81.55,22.47,2.88,0.59
2022-11-15,4.92,28.98,73.64,23.59,1.72,0.59
2022-11-16,36.55,27.86,81.3,24.42,1.27,0.61
2022-11-17,14.25,27.38,83.44,22.32,1.97,0.68
2022-11-18,0.51,28.21,74.99,23.06,1.75,0.67
2022-11-19,16.98,27.27,81.26,17.1,1.25,0.67
2022-11-20,29.04,26.72,81.15,17.53,1.22,0.72
2022-11-21,5.78,26.55,83.42,19.19,2.06,0.73
2022-11-22,5.15,27.16,78.99,18.31,1.71,0.73
2022-11-23,3.64,27.26,77.39,16.51,0.86,0.73
2022-11-24,5.82,27.18,77.54,22.85,0.6,0.73
2022-11-25,2.17,26.54,81.87,21.15,1.12,0.73
2022-11-26,20.33,26.83,80.46,21.97,0.8,0.74
2022-11-27,17.17,26.29,84.89,20.31,2.02,0.77
2022-11-28,10.01,26.05,85.13,14.52,2.16,0.78
2022-11-29,4.49,26.58,84.08,20.84,2.31,0.78
2022-11-30,4.51,26.92,82.22,21.32,2.64,0.78
2022-12-01,3.12,27.53,75.85,23.72,1.44,0.77
2022-12-02,1.12,27.82,73.24,27.16,1.36,0.77
2022-12-03,0.06,27.28,72.61,28.57,2.44,0.75
2022-12-04,0.0,27.91,65.36,28.64,1.43,0.74
2022-12-05,0.05,28.65,70.58,27.77,1.15,0.73
2022-12-06,0.01,28.63,70.86,27.92,1.52,0.71
2022-12-07,0.07,28.25,73.19,26.44,1.66,0.71
2022-12-08,0.26,28.4,70.5,27.57,1.76,0.69
2022-12-09,0.02,28.04,69.84,26.45,2.15,0.68
2022-12-10,0.05,27.94,73.19,25.88,2.1,0.67
2022-12-11,0.02,28.47,71.42,27.76,1.46,0.66
2022-12-12,0.27,29.33,67.96,26.92,0.63,0.65
2022-12-13,6.93,29.01,70.96,26.32,1.42,0.65
2022-12-14,2.38,28.66,70.99,25.62,0.84,0.65
2022-12-15,6.91,28.37,74.28,22.54,1.34,0.65
2022-12-16,13.29,27.31,82.81,17.99,2.07,0.66
2022-12-17,31.81,26.19,84.26,7.85,2.31,0.7
2022-12-18,4.23,26.9,79.76,17.58,2.14,0.72
2022-12-19,0.62,27.59,76.63,24.45,3.0,0.71
2022-12-20,1.78,27.14,77.85,18.17,3.98,0.7
2022-12-21,1.76,26.79,79.04,7.92,3.95,0.7
2022-12-22,15.05,27.37,79.05,20.05,3.0,0.71
2022-12-23,2.53,27.55,78.71,22.93,1.75,0.71
2022-12-24,79.9,26.99,87.42,21.06,3.94,0.75
2022-12-25,68.08,26.35,83.92,5.9,3.85,0.85
2022-12-26,12.91,26.15,79.78,18.0,2.96,0.88
2022-12-27,9.33,26.32,82.86,17.57,2.8,0.88
2022-12-28,18.59,26.11,85.23,18.39,4.25,0.88
2022-12-29,34.35,26.36,86.13,16.96,5.09,0.9
2022-12-30,19.26,26.56,86.49,17.66,6.25,0.93
2022-12-31,9.36,26.8,85.72,19.64,6.66,0.92
2023-01-01,9.86,26.6,85.54,17.16,6.89,0.92
2023-01-02,4.18,26.75,86.12,19.6,6.11,0.92
2023-01-03,13.17,26.81,86.47,17.2,6.63,0.92
2023-01-04,11.94,26.86,87.64,18.51,5.58,0.93
2023-01-05,12.72,26.71,89.73,17.72,5.67,0.93
2023-01-06,5.08,26.72,85.0,22.28,5.59,0.93
2023-01-07,2.36,26.64,83.05,25.33,4.68,0.92
2023-01-08,1.6,26.49,83.65,25.04,3.61,0.91
2023-01-09,0.08,26.26,81.84,25.94,2.98,0.9
2023-01-10,2.57,26.4,83.16,24.09,2.92,0.89
2023-01-11,4.15,26.18,86.1,23.5,2.85,0.89
2023-01-12,0.37,26.45,82.14,21.49,2.32,0.88
2023-01-13,0.46,26.57,84.74,23.12,2.18,0.87
2023-01-14,2.3,26.41,87.66,22.7,2.69,0.87
2023-01-15,3.67,26.32,88.09,19.26,2.73,0.86
2023-01-16,5.91,25.92,86.08,9.44,3.14,0.86
2023-01-17,2.33,26.3,85.94,23.83,2.0,0.86
2023-01-18,2.61,26.3,87.04,21.68,2.14,0.86
2023-01-19,16.79,26.13,88.45,19.17,3.38,0.86
2023-01-20,5.48,25.47,88.21,18.56,3.15,0.88
2023-01-21,1.86,26.4,83.06,23.24,3.13,0.87
2023-01-22,1.62,26.7,82.34,24.54,2.89,0.86
2023-01-23,1.01,26.58,83.9,23.44,2.28,0.85
2023-01-24,4.94,26.47,83.29,15.67,2.65,0.85
2023-01-25,4.66,26.52,83.79,15.47,1.86,0.85
2023-01-26,1.59,27.24,82.55,22.83,2.69,0.84
2023-01-27,2.6,27.07,83.77,24.48,2.72,0.83
2023-01-28,3.46,26.89,84.82,22.36,2.74,0.83
2023-01-29,3.2,26.6,86.79,20.96,2.33,0.83
2023-01-30,3.35,26.65,86.44,22.03,2.59,0.82
2023-01-31,6.7,26.06,90.12,16.58,3.37,0.82
2023-02-01,30.69,26.35,89.12,16.26,3.35,0.84
2023-02-02,11.27,25.83,90.78,7.07,3.86,0.86
2023-02-03,61.22,25.27,90.7,8.94,3.37,0.9
2023-02-04,75.81,25.26,89.62,8.92,3.44,0.96
2023-02-05,38.34,25.52,89.97,18.85,3.73,0.99
2023-02-06,16.93,25.63,90.28,17.29,4.21,0.98
2023-02-07,2.59,26.11,88.56,22.99,3.53,0.98
2023-02-08,7.31,26.15,88.48,18.12,2.68,0.97
2023-02-09,14.83,26.31,89.11,20.2,3.95,0.98
2023-02-10,17.54,25.84,90.19,15.9,3.66,0.98
2023-02-11,16.0,25.97,89.71,17.69,3.72,0.98
2023-02-12,25.39,26.63,88.64,16.9,4.04,0.99
2023-02-13,20.22,26.11,83.57,12.32,4.37,0.99
2023-02-14,25.97,25.98,88.55,11.26,3.81,0.99
2023-02-15,9.98,25.81,91.64,19.78,2.65,0.99
2023-02-16,2.45,25.47,90.57,21.6,2.39,0.98
2023-02-17,1.32,26.31,86.75,22.89,2.07,0.98
2023-02-18,1.23,26.56,86.0,25.71,1.91,0.97
2023-02-19,2.09,26.91,85.61,24.42,2.2,0.96
2023-02-20,2.33,26.6,86.54,23.18,2.13,0.96
2023-02-21,7.41,26.51,86.8,22.75,1.91,0.96
2023-02-22,10.38,26.07,88.4,12.31,3.03,0.95
2023-02-23,29.41,25.58,90.89,6.09,3.59,0.97
2023-02-24,41.2,26.22,88.28,12.58,4.0,0.98
2023-02-25,19.1,26.94,87.06,18.98,5.09,0.99
2023-02-26,28.15,26.38,88.42,18.9,6.11,0.99
2023-02-27,4.82,26.47,85.2,20.42,5.8,0.99
2023-02-28,11.49,26.42,87.66,18.09,5.5,0.98
2023-03-01,9.4,26.27,86.48,19.35,5.26,0.98
2023-03-02,16.07,26.01,86.68,21.43,5.15,0.98
2023-03-03,8.62,25.96,86.27,24.54,3.88,0.98
2023-03-04,4.46,25.86,87.9,21.55,3.58,0.97
2023-03-05,17.92,25.89,86.59,19.73,3.63,0.97
2023-03-06,10.48,25.98,88.66,22.14,3.52,0.97
2023-03-07,1.58,26.0,88.55,22.72,2.27,0.97
2023-03-08,0.47,26.22,86.23,24.67,2.01,0.96
2023-03-09,0.36,26.31,86.7,26.16,2.19,0.95
2023-03-10,0.23,26.47,85.32,25.28,2.18,0.94
2023-03-11,15.62,26.37,85.61,23.59,1.96,0.94
2023-03-12,7.14,26.79,79.97,25.81,1.5,0.95
2023-03-13,0.51,26.55,78.76,25.58,2.07,0.93
2023-03-14,0.03,26.73,75.65,27.01,1.94,0.92
2023-03-15,2.32,27.2,78.02,25.24,1.47,0.91
2023-03-16,1.46,27.17,81.53,24.2,1.32,0.9
2023-03-17,8.48,27.13,82.74,23.82,1.37,0.9
2023-03-18,14.4,27.17,82.59,24.54,0.96,0.91
2023-03-19,5.66,27.46,79.42,24.81,1.35,0.9
2023-03-20,5.27,26.85,83.56,23.95,2.51,0.9
2023-03-21,0.91,26.68,83.37,21.06,2.03,0.9
2023-03-22,1.72,27.22,79.41,18.89,1.01,0.89
2023-03-23,3.08,26.49,83.37,16.07,0.91,0.89
2023-03-24,1.43,27.2,84.14,23.68,1.77,0.89
2023-03-25,0.53,27.5,79.04,23.09,0.95,0.88
2023-03-26,1.1,27.56,78.54,23.91,1.35,0.87
2023-03-27,4.29,27.61,79.23,23.43,1.27,0.86
2023-03-28,4.85,27.27,79.49,21.03,1.9,0.86
2023-03-29,9.75,27.12,79.62,21.21,1.62,0.86
2023-03-30,3.71,26.96,81.05,21.11,1.51,0.86
2023-03-31,8.72,26.64,85.74,14.57,3.7,0.86
2023-04-01,13.17,26.6,86.8,16.65,3.05,0.87
2023-04-02,2.91,27.09,82.09,22.74,1.77,0.87
2023-04-03,0.67,27.47,78.01,22.88,1.11,0.86
2023-04-04,0.6,27.05,80.96,23.44,1.67,0.85
2023-04-05,0.9,27.0,79.04,21.63,0.99,0.84
2023-04-06,1.98,27.16,78.83,15.76,1.09,0.84
2023-04-07,4.68,26.62,81.35,12.37,1.58,0.83
2023-04-08,20.71,25.33,85.7,11.73,2.68,0.84
2023-04-09,42.09,25.42,90.91,6.09,3.97,0.89
2023-04-10,16.32,26.11,88.88,12.8,4.69,0.9
2023-04-11,9.94,26.36,86.33,20.5,3.48,0.91
2023-04-12,1.03,26.77,85.97,20.92,3.23,0.9
2023-04-13,4.31,26.88,86.62,20.33,2.39,0.9
2023-04-14,2.39,26.48,87.88,16.91,2.33,0.9
2023-04-15,2.63,26.34,87.58,17.25,2.12,0.89
2023-04-16,1.61,26.55,82.68,19.45,1.02,0.89
2023-04-17,2.16,26.95,81.24,17.32,1.04,0.89
2023-04-18,1.54,26.3,83.73,19.79,3.56,0.88
2023-04-19,0.2,25.57,78.23,23.08,4.0,0.87
2023-04-20,0.0,24.6,76.22,24.57,4.06,0.86
2023-04-21,0.09,25.31,78.54,23.03,3.66,0.85
2023-04-22,0.24,26.13,81.97,22.38,3.85,0.84
2023-04-23,2.44,26.55,84.31,21.02,3.84,0.83
2023-04-24,0.04,26.34,81.2,20.15,3.96,0.82
2023-04-25,1.05,26.6,85.06,18.94,3.38,0.81
2023-04-26,17.38,26.68,88.25,7.89,4.37,0.82
2023-04-27,7.57,26.84,87.57,12.01,3.15,0.83
2023-04-28,2.02,26.66,85.65,20.4,2.92,0.83
2023-04-29,0.26,26.4,83.19,22.08,2.97,0.82
2023-04-30,0.08,25.46,84.67,22.15,2.59,0.81
2023-05-01,0.32,26.17,82.56,20.45,2.61,0.8
2023-05-02,1.3,26.66,82.78,15.08,3.23,0.79
2023-05-03,0.01,26.47,81.32,20.79,4.0,0.79
2023-05-04,0.0,26.42,80.59,20.72,4.17,0.77
2023-05-05,0.0,26.38,79.71,20.8,3.08,0.76
2023-05-06,0.03,26.6,83.21,20.51,3.67,0.76
2023-05-07,0.78,26.92,83.82,20.66,4.44,0.75
2023-05-08,0.11,26.87,80.14,20.34,5.48,0.74
2023-05-09,0.21,26.48,81.68,16.63,5.16,0.73
2023-05-10,0.04,26.68,81.3,19.92,4.55,0.72
2023-05-11,0.0,26.13,79.11,21.09,4.46,0.71
2023-05-12,0.0,25.22,74.64,21.31,4.39,0.71
2023-05-13,0.0,24.8,70.31,21.98,3.7,0.7
2023-05-14,0.05,24.37,75.81,21.49,3.74,0.69
2023-05-15,0.0,24.21,76.89,21.57,2.66,0.68
2023-05-16,0.0,25.25,75.22,21.61,2.38,0.68
2023-05-17,0.01,25.61,76.82,21.06,2.87,0.67
2023-05-18,0.04,25.89,75.88,20.28,3.05,0.66
2023-05-19,0.0,24.83,72.73,20.78,4.25,0.65
2023-05-20,0.01,24.66,74.86,17.05,4.38,0.65
2023-05-21,0.03,25.02,72.71,17.67,4.71,0.64
2023-05-22,0.01,25.13,72.05,19.27,4.25,0.64
2023-05-23,0.0,25.65,73.39,19.98,2.79,0.63
2023-05-24,0.08,25.93,78.88,17.99,3.31,0.62
2023-05-25,0.03,26.04,76.67,18.74,4.38,0.62
2023-05-26,0.0,25.49,70.0,20.37,3.79,0.61
2023-05-27,0.08,25.56,66.39,20.65,4.29,0.61
2023-05-28,0.1,25.28,73.43,11.24,4.42,0.6
2023-05-29,0.05,25.44,72.35,18.62,4.22,0.6
2023-05-30,0.02,26.05,73.2,19.31,3.43,0.59
2023-05-31,0.07,26.01,74.14,17.57,4.33,0.59
2023-06-01,0.0,25.7,70.78,19.05,3.61,0.58
2023-06-02,0.01,25.76,71.8,16.52,2.52,0.58
2023-06-03,0.38,26.99,79.05,17.44,2.23,0.57
2023-06-04,0.22,26.97,75.9,19.0,2.74,0.57
2023-06-05,0.01,26.91,70.56,19.75,2.92,0.57
2023-06-06,0.01,26.71,69.77,20.12,2.57,0.56
2023-06-07,0.02,26.15,73.08,19.91,3.6,0.56
2023-06-08,1.24,26.07,79.78,18.56,4.13,0.55
2023-06-09,5.44,26.35,80.46,10.31,3.96,0.56
2023-06-10,0.29,26.86,74.89,18.96,3.89,0.56
2023-06-11,0.01,26.5,72.58,18.56,3.92,0.55
2023-06-12,0.0,25.7,71.54,19.58,4.58,0.55
2023-06-13,0.0,25.71,70.57,19.96,3.78,0.55
2023-06-14,0.0,25.64,70.94,19.17,3.16,0.54
2023-06-15,0.03,25.45,72.74,18.1,3.41,0.54
2023-06-16,0.02,25.85,70.61,19.42,3.92,0.54
2023-06-17,0.03,25.58,68.26,19.62,3.63,0.53
2023-06-18,0.0,25.64,65.32,19.85,3.35,0.53
2023-06-19,0.05,25.57,66.0,18.69,1.5,0.53
2023-06-20,0.13,26.41,70.9,18.67,1.5,0.52
2023-06-21,0.13,26.75,72.29,18.25,1.61,0.52
2023-06-22,0.09,26.5,72.27,19.34,3.2,0.52
2023-06-23,0.25,26.75,71.65,18.36,2.96,0.52
2023-06-24,0.26,26.64,73.52,16.72,3.15,0.52
2023-06-25,0.07,27.44,70.56,17.77,2.31,0.51
2023-06-26,0.21,27.75,69.37,18.3,1.87,0.51
2023-06-27,3.57,27.15,78.54,15.97,1.81,0.51
2023-06-28,0.8,27.23,78.89,16.45,3.41,0.52
2023-06-29,2.87,26.85,79.69,17.5,3.38,0.51
2023-06-30,2.08,27.09,76.47,15.76,1.86,0.52
2023-07-01,1.91,26.83,78.07,9.8,1.51,0.52
2023-07-02,2.88,26.27,81.57,12.62,4.44,0.52
2023-07-03,5.37,25.64,81.76,15.88,5.58,0.52
2023-07-04,2.36,26.53,79.0,18.66,3.77,0.53
2023-07-05,1.59,26.45,79.85,12.81,4.02,0.53
2023-07-06,0.74,26.82,74.77,14.41,3.93,0.52
2023-07-07,0.19,26.85,73.26,17.57,4.44,0.52
2023-07-08,0.02,26.73,71.1,19.4,3.8,0.52
2023-07-09,0.01,25.92,70.17,19.56,5.04,0.52
2023-07-10,0.0,25.24,66.65,18.5,4.43,0.51
2023-07-11,0.3,26.16,73.82,14.18,4.38,0.51
2023-07-12,0.04,26.56,72.35,18.03,5.41,0.51
2023-07-13,0.2,26.38,71.42,17.52,4.3,0.51
2023-07-14,0.06,26.42,70.29,19.18,4.3,0.5
2023-07-15,0.03,26.2,68.78,18.95,3.78,0.5
2023-07-16,0.03,25.78,70.24,19.54,3.72,0.5
2023-07-17,0.12,25.86,69.63,18.9,5.3,0.5
2023-07-18,0.08,25.94,67.26,19.15,4.73,0.5
2023-07-19,0.06,26.38,66.86,19.98,3.91,0.5
2023-07-20,0.25,26.37,69.81,19.4,3.96,0.49
2023-07-21,0.0,26.26,62.27,20.88,5.09,0.49
2023-07-22,0.03,25.93,63.3,19.94,4.32,0.49
2023-07-23,0.07,25.73,66.71,17.71,5.21,0.49
2023-07-24,0.03,24.94,63.93,18.75,6.48,0.49
2023-07-25,0.08,24.47,64.57,19.72,5.73,0.49
2023-07-26,0.05,24.67,63.2,19.06,4.16,0.49
2023-07-27,0.15,24.9,66.86,18.92,3.19,0.49
2023-07-28,0.44,25.54,71.07,18.69,4.0,0.49
2023-07-29,1.77,25.78,75.86,12.83,3.83,0.49
2023-07-30,0.17,26.45,69.41,20.56,3.65,0.49
2023-07-31,0.0,26.59,66.36,21.19,3.96,0.49
2023-08-01,0.01,26.27,68.36,21.19,4.22,0.49
2023-08-02,0.0,26.35,62.77,21.7,3.89,0.48
2023-08-03,0.24,26.63,69.68,20.33,3.31,0.48
2023-08-04,0.21,26.58,70.01,21.03,4.6,0.48
2023-08-05,0.03,26.65,67.95,21.6,5.14,0.48
2023-08-06,0.0,26.02,63.25,21.71,4.58,0.48
2023-08-07,0.02,25.81,62.27,21.85,4.54,0.48
2023-08-08,0.05,25.78,61.98,21.56,4.5,0.48
2023-08-09,0.34,25.9,62.93,21.95,4.45,0.48
2023-08-10,0.27,26.36,66.71,20.75,4.55,0.48
2023-08-11,0.14,26.31,63.92,21.76,3.99,0.48
2023-08-12,0.13,26.51,64.44,21.06,3.79,0.48
2023-08-13,0.25,26.89,66.02,19.29,3.75,0.48
2023-08-14,0.1,26.48,67.91,20.89,3.66,0.48
2023-08-15,0.24,26.15,69.15,19.6,4.05,0.48
2023-08-16,0.06,26.33,66.52,22.4,3.45,0.48
2023-08-17,0.04,26.25,63.18,21.74,4.07,0.48
2023-08-18,0.0,26.23,60.96,23.18,3.36,0.48
2023-08-19,0.0,26.55,63.49,23.01,3.93,0.48
2023-08-20,0.03,26.12,66.58,22.44,4.8,0.48
2023-08-21,0.0,25.9,58.71,23.77,4.32,0.48
2023-08-22,0.0,25.68,62.05,22.94,4.12,0.48
2023-08-23,0.0,26.43,64.1,22.81,3.84,0.48
2023-08-24,0.0,26.1,65.64,22.93,4.58,0.48
2023-08-25,0.01,26.08,64.93,23.58,4.86,0.48
2023-08-26,0.02,26.27,63.71,23.51,4.28,0.48
2023-08-27,0.0,26.38,62.16,23.98,4.21,0.48
2023-08-28,0.03,26.46,63.35,23.65,4.18,0.48
2023-08-29,0.01,26.53,62.59,23.9,3.92,0.48
2023-08-30,0.0,26.11,62.18,24.44,4.12,0.48
2023-08-31,0.0,25.78,60.88,24.69,3.63,0.48
2023-09-01,0.0,25.96,61.59,24.4,3.24,0.48
2023-09-02,0.0,25.78,61.5,24.54,3.3,0.48
2023-09-03,0.0,26.03,57.39,25.19,3.44,0.48
2023-09-04,0.0,26.16,60.22,24.84,3.53,0.48
2023-09-05,0.0,27.01,57.55,24.8,3.56,0.48
2023-09-06,0.0,26.57,62.38,24.25,3.96,0.48
2023-09-07,0.01,26.48,60.45,25.03,3.55,0.48
2023-09-08,0.0,26.47,61.99,24.83,3.08,0.48
2023-09-09,0.01,27.05,67.35,23.32,3.09,0.48
2023-09-10,0.0,27.2,71.17,22.64,4.41,0.48
2023-09-11,0.02,27.16,70.28,23.4,4.09,0.48
2023-09-12,0.02,26.99,67.67,24.07,3.88,0.48
2023-09-13,0.0,27.05,63.38,24.76,3.54,0.48
2023-09-14,0.04,27.16,62.97,24.3,3.8,0.48
2023-09-15,0.01,27.03,63.61,24.98,4.49,0.48
2023-09-16,0.02,27.24,61.8,25.03,3.77,0.48
2023-09-17,0.04,27.21,60.28,24.88,4.1,0.48
2023-09-18,0.01,26.9,61.0,25.66,4.17,0.48
2023-09-19,0.01,26.72,58.87,26.28,3.95,0.48
2023-09-20,0.0,26.27,62.67,26.34,4.23,0.48
2023-09-21,0.01,26.71,61.51,25.19,3.21,0.48
2023-09-22,0.02,27.41,64.8,25.4,3.37,0.48
2023-09-23,0.01,27.58,64.07,24.94,2.8,0.48
2023-09-24,0.0,27.64,59.54,25.16,3.01,0.48
2023-09-25,0.0,27.81,57.68,26.21,2.74,0.48
2023-09-26,0.0,27.84,60.56,25.69,3.46,0.48
2023-09-27,0.0,27.84,57.37,25.29,3.02,0.48
2023-09-28,0.01,27.79,60.31,25.4,3.67,0.48
2023-09-29,0.02,27.67,62.14,25.05,3.6,0.48
2023-09-30,0.01,27.82,63.18,24.95,3.64,0.48
2023-10-01,0.0,28.21,62.23,25.82,2.09,0.48
2023-10-02,0.03,28.46,64.67,25.82,2.77,0.48
2023-10-03,0.01,28.65,62.83,25.18,2.62,0.48
2023-10-04,0.0,28.86,58.33,26.09,2.36,0.48
2023-10-05,0.0,29.3,57.2,24.61,2.14,0.48
2023-10-06,0.01,29.04,60.46,23.83,3.6,0.48
2023-10-07,0.01,28.67,64.56,25.25,3.11,0.48
2023-10-08,0.03,28.62,62.53,25.61,3.51,0.48
2023-10-09,0.01,28.86,59.53,26.25,2.95,0.48
2023-10-10,0.05,28.9,60.56,25.98,2.97,0.48
2023-10-11,0.09,28.92,61.06,25.63,2.85,0.48
2023-10-12,0.0,29.22,56.61,25.34,4.03,0.48
2023-10-13,0.0,28.94,60.18,26.52,3.29,0.48
2023-10-14,0.01,29.34,58.74,26.23,3.08,0.48
2023-10-15,0.01,29.21,58.13,24.8,3.64,0.48
2023-10-16,0.0,29.07,53.63,26.74,3.34,0.48
2023-10-17,0.0,28.79,54.99,26.94,3.05,0.48
2023-10-18,0.0,28.81,57.35,27.15,3.96,0.48
2023-10-19,0.0,29.03,54.76,26.88,3.18,0.48
2023-10-20,0.0,29.11,56.07,26.19,2.36,0.48
2023-10-21,0.0,29.42,57.22,26.66,2.15,0.48
2023-10-22,0.0,29.56,55.61,26.6,1.46,0.48
2023-10-23,0.0,29.63,56.55,27.03,2.15,0.48
2023-10-24,0.0,29.89,53.59,26.36,2.07,0.48
2023-10-25,0.0,30.06,52.81,26.51,2.18,0.48
2023-10-26,0.0,30.24,53.59,26.01,1.3,0.48
2023-10-27,0.0,30.12,55.18,25.79,1.99,0.48
2023-10-28,0.0,29.94,57.58,26.43,2.58,0.48
2023-10-29,0.0,29.92,56.55,25.65,2.25,0.48
2023-10-30,0.0,29.87,59.05,25.05,1.04,0.48
2023-10-31,0.0,30.03,59.79,26.42,2.59,0.48
2023-11-01,0.0,30.05,60.44,26.68,3.77,0.48
2023-11-02,0.03,30.12,60.06,25.88,2.84,0.48
2023-11-03,0.01,29.81,56.74,27.16,2.84,0.48
2023-11-04,0.0,29.9,55.98,27.33,2.06,0.48
2023-11-05,0.0,30.08,55.69,27.11,1.52,0.48
2023-11-06,0.0,30.54,55.16,26.21,1.3,0.48
2023-11-07,0.05,30.9,53.46,25.81,1.98,0.48
2023-11-08,0.15,30.46,57.56,25.59,1.69,0.48
2023-11-09,0.5,30.61,58.05,26.56,1.48,0.48
2023-11-10,1.0,30.53,61.05,26.55,1.9,0.48
2023-11-11,10.84,29.9,66.35,25.17,1.46,0.49
2023-11-12,1.78,29.57,69.06,24.73,3.05,0.5
2023-11-13,0.7,29.69,67.78,25.98,2.85,0.5
2023-11-14,5.31,29.66,66.26,23.05,2.26,0.5
2023-11-15,3.03,29.12,70.66,24.54,2.54,0.5
2023-11-16,8.59,29.33,70.51,25.04,2.09,0.51
2023-11-17,3.81,29.48,69.92,25.79,2.49,0.52
2023-11-18,1.83,29.63,68.15,25.92,2.07,0.52
2023-11-19,0.13,29.99,65.45,26.4,2.79,0.51
2023-11-20,0.04,29.91,62.67,24.86,3.21,0.51
2023-11-21,0.02,29.88,61.12,26.12,3.04,0.5
2023-11-22,0.02,29.8,59.57,27.34,2.5,0.5
2023-11-23,0.1,29.97,59.71,26.87,2.58,0.5
2023-11-24,0.08,29.88,59.05,25.17,1.61,0.49
2023-11-25,0.18,30.03,60.61,24.7,1.86,0.49
2023-11-26,1.38,30.01,63.24,24.42,2.18,0.49
2023-11-27,2.91,29.76,67.25,24.13,1.0,0.49
2023-11-28,4.99,28.66,74.96,24.15,2.16,0.5
2023-11-29,3.11,29.38,70.58,22.67,1.29,0.51
2023-11-30,4.44,28.96,74.41,23.98,1.88,0.51
2023-12-01,1.94,29.67,71.17,25.12,2.16,0.51
2023-12-02,4.14,29.3,73.79,22.28,2.17,0.51
2023-12-03,9.48,28.65,78.14,19.19,2.67,0.52
2023-12-04,1.48,29.11,74.19,25.81,2.86,0.53
2023-12-05,0.99,29.96,69.84,24.32,2.68,0.52
2023-12-06,3.77,30.03,68.04,24.89,1.33,0.52
2023-12-07,3.13,29.75,71.09,22.2,1.18,0.52
2023-12-08,3.76,29.41,71.56,20.33,2.11,0.52
2023-12-09,5.82,28.72,75.09,21.11,1.94,0.53
2023-12-10,30.63,27.38,85.73,13.86,2.41,0.56
2023-12-11,12.66,27.25,84.09,18.83,2.51,0.61
2023-12-12,9.53,27.35,84.25,15.97,2.44,0.61
2023-12-13,1.69,28.5,77.61,23.15,2.3,0.61
2023-12-14,0.91,28.76,75.66,25.93,2.86,0.61
2023-12-15,0.39,28.85,73.53,23.84,3.35,0.6
2023-12-16,0.98,28.55,75.16,20.98,3.33,0.59
2023-12-17,1.06,28.49,74.61,21.95,3.17,0.59
2023-12-18,0.12,28.51,69.74,25.65,3.41,0.58
2023-12-19,0.16,28.65,72.93,25.13,3.46,0.58
2023-12-20,0.93,28.8,75.18,21.75,3.28,0.57
2023-12-21,6.95,28.4,78.5,20.11,2.11,0.57
2023-12-22,22.44,27.86,82.09,22.01,1.76,0.6
2023-12-23,20.48,28.09,81.43,25.67,1.6,0.63
2023-12-24,12.8,27.87,83.71,25.27,2.0,0.66
2023-12-25,1.29,28.1,81.45,25.2,2.78,0.66
2023-12-26,0.39,28.36,80.47,24.17,3.16,0.65
2023-12-27,0.55,28.17,82.56,23.53,2.69,0.64
2023-12-28,1.77,28.06,81.36,24.18,1.84,0.64
2023-12-29,0.63,29.19,77.38,26.84,1.54,0.63
2023-12-30,0.14,29.24,76.03,26.05,1.86,0.62
2023-12-31,1.74,29.33,74.62,25.67,2.12,0.62
2024-01-01,0.57,29.88,73.84,26.92,1.04,0.61
2024-01-02,0.25,30.28,70.07,26.98,1.02,0.61
2024-01-03,2.18,29.79,71.08,24.5,0.49,0.6
2024-01-04,2.34,28.94,76.21,26.02,1.91,0.6
2024-01-05,3.25,29.02,74.31,24.27,1.21,0.6
2024-01-06,1.97,29.19,71.96,21.52,1.61,0.6
2024-01-07,12.65,28.77,77.7,22.63,2.04,0.6
2024-01-08,18.64,28.23,81.62,23.39,2.15,0.63
2024-01-09,20.48,27.85,85.77,7.18,2.99,0.67
2024-01-10,2.73,27.66,85.62,21.31,2.62,0.67
2024-01-11,5.26,27.85,84.45,21.77,3.22,0.67
2024-01-12,15.51,27.88,82.43,21.84,3.94,0.69
2024-01-13,6.35,27.94,81.26,20.62,4.1,0.69
2024-01-14,11.01,27.65,83.24,15.27,4.74,0.7
2024-01-15,2.78,27.95,82.23,22.54,5.3,0.7
2024-01-16,5.41,27.91,81.84,20.85,5.58,0.7
2024-01-17,3.23,27.77,80.49,20.82,4.6,0.7
2024-01-18,2.16,27.64,81.21,21.97,3.73,0.69
2024-01-19,9.59,27.36,85.09,21.2,3.91,0.69
2024-01-20,7.74,27.5,84.24,20.7,4.27,0.7
2024-01-21,2.49,27.25,83.29,18.65,4.77,0.7
2024-01-22,1.52,27.58,82.97,22.3,5.25,0.69
2024-01-23,5.21,28.08,84.53,22.23,5.16,0.69
2024-01-24,18.24,27.29,85.7,23.56,5.16,0.7
2024-01-25,30.98,26.65,86.14,16.26,4.95,0.74
2024-01-26,7.58,27.34,81.77,22.64,4.5,0.76
2024-01-27,9.22,27.04,86.86,21.4,4.0,0.77
2024-01-28,1.83,26.98,84.83,22.66,3.37,0.76
2024-01-29,0.97,27.16,84.87,24.6,3.41,0.76
2024-01-30,0.28,27.44,80.97,24.38,3.11,0.75
2024-01-31,6.89,27.28,82.5,19.41,3.1,0.74
2024-02-01,12.19,27.38,84.47,22.37,3.58,0.76
2024-02-02,2.49,27.4,84.5,21.13,3.12,0.75
2024-02-03,1.85,27.49,85.79,23.41,2.93,0.75
2024-02-04,9.29,27.25,86.82,15.4,2.84,0.75
2024-02-05,12.89,26.92,87.21,19.0,2.69,0.77
2024-02-06,11.85,26.53,87.07,12.16,2.22,0.78
2024-02-07,4.11,26.67,88.26,22.47,2.43,0.78
2024-02-08,16.41,26.55,88.07,13.25,2.21,0.79
2024-02-09,10.08,27.41,83.42,24.57,1.87,0.8
2024-02-10,1.85,27.16,84.43,20.76,2.49,0.8
2024-02-11,5.74,27.27,85.58,21.94,3.02,0.79
2024-02-12,12.69,27.11,87.74,19.05,3.81,0.8
2024-02-13,7.71,26.34,89.42,16.24,3.41,0.81
2024-02-14,25.32,26.88,87.48,18.99,2.32,0.83
2024-02-15,9.09,27.11,86.2,19.31,2.05,0.85
2024-02-16,1.49,27.35,84.05,26.69,2.28,0.84
2024-02-17,3.76,27.7,83.46,25.99,2.14,0.83
2024-02-18,1.15,27.6,84.28,24.63,2.4,0.82
2024-02-19,0.35,27.57,84.29,25.75,2.65,0.81
2024-02-20,5.36,27.82,85.32,23.63,3.11,0.8
2024-02-21,26.04,28.01,86.29,24.05,4.07,0.82
2024-02-22,7.29,27.97,84.4,22.88,3.4,0.84
2024-02-23,0.8,27.81,84.73,25.07,2.39,0.83
2024-02-24,1.48,27.99,83.3,25.32,1.98,0.82
2024-02-25,2.07,27.69,85.22,19.97,2.61,0.81
2024-02-26,5.65,27.38,88.92,13.54,2.57,0.81
2024-02-27,8.42,27.27,87.75,21.78,2.28,0.82
2024-02-28,3.13,27.37,85.88,21.47,2.27,0.82
2024-02-29,1.1,27.56,84.85,23.69,2.16,0.81
2024-03-01,5.02,27.36,85.67,21.04,1.74,0.81
2024-03-02,2.57,27.27,86.05,20.41,1.86,0.81
2024-03-03,1.13,27.64,83.23,21.98,1.37,0.8
2024-03-04,5.27,27.68,84.32,21.73,0.96,0.8
2024-03-05,1.38,27.61,85.41,17.37,1.12,0.8
2024-03-06,0.54,27.87,83.9,21.01,1.36,0.8
2024-03-07,9.83,27.82,85.24,14.97,1.33,0.79
2024-03-08,18.34,27.3,88.39,12.25,2.19,0.81
2024-03-09,17.51,26.72,89.43,12.3,3.3,0.84
2024-03-10,85.67,26.47,89.19,10.79,4.07,0.89
2024-03-11,18.44,26.37,90.62,13.83,4.71,0.93
2024-03-12,67.11,26.39,88.04,12.7,5.39,0.96
2024-03-13,50.54,25.81,90.42,4.15,4.0,0.99
2024-03-14,26.84,26.41,91.09,9.71,4.72,0.99
2024-03-15,3.13,26.74,87.64,17.02,3.8,0.99
2024-03-16,2.72,27.02,86.62,24.39,4.42,0.98
2024-03-17,5.82,26.92,87.41,21.67,3.42,0.98
2024-03-18,15.06,26.97,87.8,18.8,2.39,0.98
2024-03-19,1.87,26.79,88.06,21.88,2.37,0.97
2024-03-20,0.57,27.14,86.27,22.55,2.36,0.96
2024-03-21,2.39,26.82,85.72,21.42,2.88,0.96
2024-03-22,12.13,27.12,88.0,20.78,3.71,0.95
2024-03-23,3.37,27.01,88.22,21.57,2.98,0.95
2024-03-24,1.65,27.13,86.09,19.51,3.08,0.94
2024-03-25,0.71,27.14,85.32,21.68,2.44,0.93
2024-03-26,0.3,27.71,81.6,21.38,1.07,0.92
2024-03-27,4.38,27.1,86.34,18.5,1.23,0.92
2024-03-28,4.75,27.4,84.27,19.89,1.69,0.92
2024-03-29,30.23,27.22,85.64,20.38,2.02,0.93
2024-03-30,5.36,27.49,85.02,23.79,2.74,0.95
2024-03-31,0.41,27.72,83.44,22.82,2.1,0.93
2024-04-01,7.46,27.7,85.79,18.06,1.87,0.93
2024-04-02,3.88,27.65,84.02,18.91,2.69,0.93
2024-04-03,14.85,27.29,87.36,13.15,3.28,0.92
2024-04-04,14.2,27.23,88.37,15.17,2.48,0.94
2024-04-05,3.72,27.66,82.01,19.15,2.07,0.94
2024-04-06,2.59,27.7,82.88,15.96,1.91,0.93
2024-04-07,2.24,27.3,84.3,20.87,2.32,0.92
2024-04-08,3.04,27.55,82.04,19.74,0.99,0.92
2024-04-09,9.09,27.15,87.47,20.53,1.31,0.92
2024-04-10,1.8,27.06,81.67,21.78,3.29,0.92
2024-04-11,0.04,26.75,77.34,24.14,2.89,0.91
2024-04-12,0.44,26.57,78.29,23.78,2.63,0.9
2024-04-13,0.06,26.57,77.53,23.89,2.24,0.89
2024-04-14,9.68,26.76,84.35,19.82,2.77,0.88
2024-04-15,42.74,26.51,89.79,17.81,3.86,0.9
2024-04-16,1.17,26.98,85.09,20.48,3.63,0.91
2024-04-17,0.09,27.07,82.48,22.11,3.93,0.9
2024-04-18,4.41,26.76,89.62,17.87,3.92,0.89
2024-04-19,8.36,26.36,89.35,12.33,2.98,0.9
2024-04-20,3.35,26.98,85.91,19.13,4.36,0.9
2024-04-21,0.1,26.96,82.54,19.24,3.75,0.89
2024-04-22,0.03,26.59,80.3,22.26,3.14,0.88
2024-04-23,0.03,26.51,81.27,20.32,3.21,0.87
2024-04-24,0.04,27.12,79.04,22.97,1.72,0.86
2024-04-25,0.21,27.33,83.89,22.5,3.25,0.85
2024-04-26,2.01,27.41,85.51,20.43,3.67,0.84
2024-04-27,0.43,27.28,84.49,21.37,5.09,0.83
2024-04-28,0.0,26.64,79.43,21.68,5.08,0.82
2024-04-29,0.0,26.31,78.34,22.87,3.83,0.81
2024-04-30,0.08,26.31,83.42,21.12,4.35,0.8
2024-05-01,0.14,26.85,83.73,21.06,3.93,0.79
2024-05-02,0.12,26.86,82.64,21.91,4.76,0.78
2024-05-03,0.05,26.77,81.13,21.01,4.4,0.77
2024-05-04,0.59,26.76,82.84,16.99,4.01,0.76
2024-05-05,3.0,26.59,85.6,18.01,3.73,0.76
2024-05-06,1.0,26.66,82.96,14.41,4.16,0.75
2024-05-07,0.03,26.61,78.39,20.04,4.15,0.74
2024-05-08,0.13,25.99,78.83,21.72,4.03,0.73
2024-05-09,0.14,26.44,78.95,20.81,3.1,0.72
2024-05-10,0.02,26.54,80.01,21.64,3.59,0.72
2024-05-11,0.17,26.78,81.9,20.65,3.82,0.71
2024-05-12,0.13,26.54,79.74,21.46,4.3,0.7
2024-05-13,0.01,26.31,77.8,20.95,4.09,0.69
2024-05-14,0.02,26.84,80.11,19.71,3.44,0.68
2024-05-15,0.2,27.19,80.39,19.87,3.5,0.67
2024-05-16,0.01,26.94,78.42,20.86,3.72,0.67
2024-05-17,0.1,26.8,79.44,20.41,4.29,0.66
2024-05-18,0.08,26.71,76.82,20.56,4.64,0.65
2024-05-19,0.02,26.52,74.26,19.95,5.07,0.65
2024-05-20,0.02,26.5,72.85,19.29,4.96,0.64
2024-05-21,0.04,26.28,74.69,18.27,4.95,0.63
2024-05-22,0.02,26.75,75.06,17.55,3.64,0.62
2024-05-23,0.01,27.15,73.85,19.53,3.02,0.62
2024-05-24,0.02,27.53,77.27,18.93,3.68,0.61
2024-05-25,0.02,27.33,77.99,18.62,4.71,0.61
2024-05-26,0.03,27.1,77.29,18.36,4.62,0.6
2024-05-27,0.05,27.16,76.51,19.47,4.02,0.6
2024-05-28,0.17,27.46,76.63,19.68,2.77,0.59
2024-05-29,1.71,27.69,79.1,18.64,1.74,0.59
2024-05-30,2.37,27.8,81.75,18.68,1.18,0.59
2024-05-31,2.54,27.63,84.58,18.45,2.64,0.59
2024-06-01,1.06,27.97,79.26,12.82,4.35,0.59
2024-06-02,0.59,27.79,74.77,18.42,4.0,0.59
2024-06-03,0.98,27.17,77.48,18.14,4.16,0.58
2024-06-04,0.17,26.98,76.19,16.87,3.76,0.58
2024-06-05,0.17,26.39,76.88,13.98,5.39,0.57
2024-06-06,0.18,26.44,76.08,15.17,4.73,0.57
2024-06-07,0.11,26.41,74.02,14.07,4.92,0.57
2024-06-08,0.09,26.15,73.98,17.83,4.4,0.56
2024-06-09,0.03,25.98,73.95,19.03,4.2,0.56
2024-06-10,0.0,25.81,68.67,18.73,3.56,0.56
2024-06-11,0.03,26.08,70.27,19.15,2.08,0.55
2024-06-12,0.07,25.81,71.91,19.58,3.88,0.55
2024-06-13,0.0,25.35,66.94,20.28,2.76,0.54
2024-06-14,0.0,25.59,65.84,19.82,2.45,0.54
2024-06-15,0.01,26.28,68.85,18.01,2.11,0.54
2024-06-16,0.01,26.7,68.83,19.09,3.63,0.53
2024-06-17,0.01,26.35,68.51,19.87,3.94,0.53
2024-06-18,0.01,25.65,67.8,19.59,3.57,0.53
2024-06-19,0.0,25.3,66.98,20.04,3.51,0.53
2024-06-20,0.01,25.36,69.1,18.53,3.48,0.52
2024-06-21,0.06,26.33,71.37,17.69,4.1,0.52
2024-06-22,0.02,26.55,67.1,18.2,5.31,0.52
2024-06-23,0.08,26.3,66.94,16.75,4.73,0.52
2024-06-24,0.03,26.07,68.78,18.89,4.35,0.51
2024-06-25,0.47,26.09,70.43,17.79,3.73,0.51
2024-06-26,0.01,26.97,66.57,18.31,2.87,0.51
2024-06-27,0.0,27.45,68.05,18.62,2.03,0.51
2024-06-28,0.05,27.31,72.03,17.43,2.06,0.5
2024-06-29,0.06,27.45,74.04,16.5,3.79,0.5
2024-06-30,2.16,26.82,78.28,11.39,4.82,0.5
2024-07-01,1.53,26.84,77.21,18.08,4.22,0.51
2024-07-02,1.37,26.92,74.9,11.35,5.54,0.51
2024-07-03,0.2,26.43,69.62,16.28,5.49,0.5
2024-07-04,0.11,25.75,66.48,17.05,5.54,0.5
2024-07-05,0.0,25.42,65.16,19.26,4.78,0.5
2024-07-06,0.0,25.98,62.24,19.0,3.96,0.5
2024-07-07,0.03,26.71,71.28,17.8,3.93,0.5
2024-07-08,0.03,26.84,71.85,17.42,4.56,0.5
2024-07-09,0.09,26.81,71.19,19.02,4.94,0.49
2024-07-10,0.04,26.14,71.0,18.54,4.53,0.49
2024-07-11,0.0,26.13,68.31,19.12,4.68,0.49
2024-07-12,0.0,25.53,58.91,20.9,4.38,0.49
2024-07-13,0.0,25.26,54.98,19.99,3.82,0.49
2024-07-14,0.0,24.99,61.55,20.62,3.79,0.49
2024-07-15,0.0,25.0,66.18,19.33,3.32,0.49
2024-07-16,0.01,25.49,69.19,19.17,4.39,0.49
2024-07-17,0.02,25.81,65.65,16.92,5.16,0.49
2024-07-18,0.0,25.1,55.49,20.3,4.47,0.48
2024-07-19,0.02,23.89,61.84,19.92,4.43,0.48
2024-07-20,0.02,24.92,64.32,19.6,3.87,0.48
2024-07-21,0.02,25.71,67.49,20.01,4.97,0.48
2024-07-22,0.0,25.97,60.78,20.43,4.4,0.48
2024-07-23,0.01,25.93,60.1,20.17,3.46,0.48
2024-07-24,0.08,26.04,64.81,20.11,1.77,0.48
2024-07-25,0.34,26.39,71.72,18.82,2.54,0.48
2024-07-26,2.52,25.77,81.44,10.17,4.26,0.48
2024-07-27,2.07,26.43,78.66,13.28,3.73,0.49
2024-07-28,0.45,26.92,74.48,13.59,3.97,0.49
2024-07-29,0.37,27.22,71.09,16.46,3.79,0.49
2024-07-30,0.1,27.21,68.32,20.04,5.14,0.49
2024-07-31,0.24,27.0,69.98,19.05,4.67,0.49
2024-08-01,0.07,26.56,68.84,20.8,4.29,0.48
2024-08-02,0.01,26.64,66.99,20.95,3.91,0.48
2024-08-03,0.01,26.54,64.26,21.89,2.16,0.48
2024-08-04,0.01,26.38,67.18,20.1,3.68,0.48
2024-08-05,0.01,26.06,68.52,19.48,3.57,0.48
2024-08-06,0.04,26.54,68.81,18.19,4.21,0.48
2024-08-07,0.01,26.88,66.63,21.61,4.26,0.48
2024-08-08,0.0,26.49,67.39,20.88,4.41,0.48
2024-08-09,0.0,25.95,64.52,21.69,5.14,0.48
2024-08-10,0.0,25.61,54.56,23.0,4.17,0.48
2024-08-11,0.0,26.39,63.32,21.94,3.63,0.48
2024-08-12,0.0,26.09,65.45,22.27,4.47,0.48
2024-08-13,0.0,26.01,61.5,23.11,5.0,0.48
2024-08-14,0.0,25.77,57.6,23.52,3.94,0.48
2024-08-15,0.0,25.85,58.46,23.31,4.5,0.48
2024-08-16,0.0,26.09,61.08,23.11,3.27,0.48
2024-08-17,0.0,26.36,61.66,22.72,2.86,0.48
2024-08-18,0.0,26.37,62.39,22.1,2.67,0.48
2024-08-19,0.01,26.73,63.18,22.73,3.59,0.48
2024-08-20,0.02,26.86,64.79,22.55,3.3,0.48
2024-08-21,0.01,27.19,66.3,22.63,3.71,0.48
2024-08-22,0.02,27.57,68.91,21.82,3.46,0.48
2024-08-23,0.02,26.96,70.43,21.51,4.23,0.48
2024-08-24,0.02,26.64,71.89,20.13,4.46,0.48
2024-08-25,0.01,27.28,71.25,22.42,4.33,0.48
2024-08-26,0.0,27.82,67.07,23.38,3.84,0.48
2024-08-27,0.01,27.7,64.8,23.28,3.76,0.48
2024-08-28,0.01,27.11,67.43,23.28,4.16,0.48
2024-08-29,0.06,27.33,67.44,23.27,3.6,0.48
2024-08-30,0.01,27.51,64.9,23.56,2.65,0.48
2024-08-31,0.0,27.68,60.07,24.14,2.92,0.48
2024-09-01,0.0,27.45,61.39,24.07,3.17,0.48
2024-09-02,0.02,27.3,66.42,22.99,4.43,0.48
2024-09-03,0.02,27.87,63.77,24.55,3.7,0.48
2024-09-04,0.04,27.93,64.43,24.31,3.46,0.48
2024-09-05,0.1,27.55,65.55,23.88,3.43,0.48
2024-09-06,0.43,28.16,66.56,23.56,4.13,0.48
2024-09-07,0.04,27.88,66.69,23.94,4.52,0.48
2024-09-08,0.02,28.39,66.04,22.03,4.01,0.48
2024-09-09,0.0,28.27,64.34,24.35,3.43,0.48
2024-09-10,0.0,27.71,62.13,23.76,3.82,0.48
2024-09-11,0.0,26.92,65.72,24.38,4.21,0.48
2024-09-12,0.0,26.95,66.75,24.38,4.3,0.48
2024-09-13,0.04,27.11,64.53,24.78,3.54,0.48
2024-09-14,0.14,27.11,67.22,24.24,3.85,0.48
2024-09-15,0.02,27.54,63.3,23.33,3.92,0.48
2024-09-16,1.15,27.76,62.93,24.32,2.96,0.48
2024-09-17,28.96,26.93,73.95,22.47,3.56,0.5
2024-09-18,22.41,26.69,81.88,12.03,2.69,0.57
2024-09-19,14.14,27.34,80.61,15.81,1.21,0.58
2024-09-20,7.57,27.89,77.6,19.31,1.08,0.6
2024-09-21,2.32,28.21,75.16,20.33,1.31,0.6
2024-09-22,0.29,28.33,74.0,22.94,1.36,0.59
2024-09-23,0.52,28.32,73.88,24.39,1.49,0.58
2024-09-24,3.7,27.89,74.98,24.26,1.88,0.58
2024-09-25,0.52,27.9,74.56,25.08,2.64,0.58
2024-09-26,0.13,27.86,71.82,25.6,3.11,0.57
2024-09-27,0.0,27.92,67.97,26.0,2.37,0.57
2024-09-28,0.01,28.08,69.31,25.54,3.67,0.56
2024-09-29,0.04,28.06,73.21,24.6,4.02,0.56
2024-09-30,0.01,28.6,68.43,24.59,3.05,0.55
2024-10-01,0.0,28.16,68.22,25.47,3.81,0.55
2024-10-02,0.0,28.47,66.87,25.91,3.08,0.54
2024-10-03,0.03,28.14,67.82,26.14,3.63,0.54
2024-10-04,0.05,28.17,67.07,24.1,3.66,0.53
2024-10-05,0.17,28.27,67.29,25.67,3.46,0.53
2024-10-06,0.02,27.88,70.77,25.59,4.29,0.52
2024-10-07,0.09,28.24,68.77,26.12,3.92,0.52
2024-10-08,0.0,28.18,67.05,26.93,3.86,0.52
2024-10-09,0.0,28.16,68.02,26.89,3.54,0.51
2024-10-10,0.02,28.94,68.85,25.07,3.35,0.51
2024-10-11,0.01,28.68,67.24,23.89,3.92,0.5
2024-10-12,0.0,29.25,63.09,26.53,3.16,0.5
2024-10-13,0.04,29.08,66.94,26.01,3.21,0.5
2024-10-14,0.03,29.59,63.16,26.4,2.77,0.5
2024-10-15,0.01,29.67,60.06,26.55,2.37,0.49
2024-10-16,0.02,29.6,62.7,24.44,2.52,0.49
2024-10-17,0.13,29.09,65.35,23.83,2.92,0.49
2024-10-18,0.1,29.16,64.21,25.96,3.84,0.49
2024-10-19,0.36,29.08,66.32,25.52,3.49,0.49
2024-10-20,2.77,29.07,67.45,25.97,3.03,0.49
2024-10-21,1.81,28.96,68.79,25.29,3.22,0.49
2024-10-22,2.55,29.11,68.65,23.11,2.96,0.49
2024-10-23,1.17,29.34,68.29,24.39,2.8,0.49
2024-10-24,0.13,29.37,66.42,26.77,2.58,0.49
2024-10-25,0.09,29.56,64.73,26.19,2.17,0.49
2024-10-26,0.09,29.91,63.01,25.61,1.99,0.49
2024-10-27,0.14,30.24,63.21,25.68,2.1,0.49
2024-10-28,0.12,30.32,60.75,27.07,3.28,0.48
2024-10-29,0.71,29.81,66.97,25.63,4.81,0.48
2024-10-30,3.36,29.7,68.02,19.44,3.48,0.49
2024-10-31,6.12,27.61,75.35,17.65,2.27,0.5
2024-11-01,2.23,28.71,68.47,23.44,1.71,0.5
2024-11-02,1.6,29.43,66.94,26.77,1.23,0.5
2024-11-03,0.54,29.84,64.15,27.05,1.72,0.5
2024-11-04,0.06,29.32,63.07,27.98,3.57,0.49
2024-11-05,0.05,29.42,63.58,27.15,3.86,0.49
2024-11-06,2.9,29.68,65.82,23.53,2.38,0.49
2024-11-07,4.42,28.93,72.86,21.54,1.03,0.5
2024-11-08,0.3,29.41,69.17,25.49,2.01,0.5
2024-11-09,0.05,30.06,63.79,27.29,2.76,0.49
2024-11-10,0.0,29.98,58.88,27.99,2.87,0.49
2024-11-11,0.0,29.49,58.69,26.26,3.16,0.49
2024-11-12,0.03,30.18,54.48,26.98,2.16,0.49
2024-11-13,0.11,30.33,61.02,26.72,3.72,0.48
2024-11-14,0.34,30.48,61.2,25.98,2.46,0.48
2024-11-15,1.29,30.6,60.96,25.72,2.15,0.48
2024-11-16,13.36,30.31,66.06,25.77,1.26,0.5
2024-11-17,26.45,28.34,78.22,26.11,1.67,0.53
2024-11-18,14.24,28.29,77.87,24.54,1.84,0.57
2024-11-19,3.32,28.77,72.79,25.82,2.95,0.58
2024-11-20,0.36,29.3,70.27,26.38,1.67,0.58
2024-11-21,0.48,29.47,69.62,25.09,1.9,0.57
2024-11-22,0.29,29.5,68.78,25.65,3.03,0.56
2024-11-23,0.17,29.91,66.81,25.34,2.2,0.55
2024-11-24,5.24,29.85,69.26,25.81,2.08,0.55
2024-11-25,9.77,29.35,73.71,26.64,1.6,0.57
2024-11-26,1.55,29.5,71.15,26.52,1.97,0.57
2024-11-27,0.93,29.81,69.14,26.51,2.48,0.56
2024-11-28,0.46,29.72,69.64,25.19,2.01,0.56
2024-11-29,2.44,28.04,85.04,22.88,2.05,0.56
2024-11-30,4.32,28.54,81.68,22.3,1.62,0.56
2024-12-01,5.66,28.11,82.48,17.07,2.18,0.57
2024-12-02,10.25,28.51,79.97,21.66,3.31,0.57
2024-12-03,13.69,27.82,82.39,12.03,2.03,0.59
2024-12-04,44.04,27.57,82.39,22.93,2.26,0.63
2024-12-05,11.82,27.39,80.7,12.84,2.23,0.68
2024-12-06,12.42,26.33,87.81,16.33,3.21,0.7
2024-12-07,7.6,26.86,86.16,20.4,3.93,0.7
2024-12-08,9.51,27.41,84.57,18.75,3.47,0.71
2024-12-09,7.13,27.57,84.71,16.27,3.22,0.72
2024-12-10,14.97,27.16,85.61,11.84,2.12,0.72
2024-12-11,3.1,26.98,87.3,11.81,1.94,0.74
2024-12-12,1.39,26.73,87.18,19.39,2.39,0.73
2024-12-13,3.91,26.83,87.01,17.75,2.09,0.73
2024-12-14,7.41,26.43,88.38,18.23,2.22,0.74
2024-12-15,18.01,26.57,87.98,10.94,2.16,0.75
2024-12-16,19.2,26.91,88.95,20.1,3.09,0.77
2024-12-17,17.75,27.38,88.37,20.52,3.51,0.81
2024-12-18,3.02,27.39,87.91,20.88,2.97,0.81
2024-12-19,28.68,26.97,89.86,15.69,2.54,0.82
2024-12-20,6.4,26.79,86.6,18.8,2.25,0.84
2024-12-21,5.43,27.14,87.05,16.27,2.1,0.84
2024-12-22,3.98,27.08,87.38,13.46,2.61,0.84
2024-12-23,24.05,26.51,86.48,4.71,2.48,0.86
2024-12-24,2.01,27.84,76.7,25.04,1.23,0.86
2024-12-25,1.17,27.51,83.16,20.6,1.93,0.85
2024-12-26,1.88,27.13,87.34,17.93,2.11,0.84
2024-12-27,2.74,27.06,87.44,20.26,1.92,0.84
2024-12-28,11.34,27.21,84.8,20.2,1.46,0.85
2024-12-29,9.39,26.86,87.38,19.85,1.27,0.85
2024-12-30,5.28,27.53,82.23,20.83,0.99,0.86
2024-12-31,9.34,26.42,87.98,13.7,1.66,0.87
2025-01-01,4.59,27.37,81.39,22.15,1.27,0.87
2025-01-02,4.63,27.05,84.64,21.76,1.24,0.87
2025-01-03,1.11,27.18,81.17,11.1,1.27,0.86
2025-01-04,32.21,26.69,83.26,15.71,1.64,0.88
2025-01-05,4.7,27.43,77.68,19.42,1.22,0.89
2025-01-06,1.99,27.79,81.06,24.09,1.45,0.88
2025-01-07,3.88,27.75,81.39,24.24,1.28,0.88
2025-01-08,25.37,27.87,81.11,22.88,1.67,0.89
2025-01-09,12.26,27.63,82.18,15.17,1.57,0.9
2025-01-10,4.21,26.95,87.72,19.61,2.79,0.9
2025-01-11,5.68,27.19,85.46,22.06,3.1,0.9
2025-01-12,6.16,27.2,86.57,23.29,2.74,0.9
2025-01-13,7.22,27.25,87.81,22.16,2.54,0.9
2025-01-14,11.09,27.0,87.75,19.48,2.14,0.9
2025-01-15,35.7,26.18,88.89,2.8,2.62,0.92
2025-01-16,21.84,25.85,90.51,12.02,3.4,0.95
2025-01-17,22.08,26.37,90.17,11.44,3.36,0.95
2025-01-18,12.0,27.06,88.21,15.92,3.87,0.96
2025-01-19,20.37,26.38,89.76,11.0,2.35,0.96
2025-01-20,12.04,26.22,89.69,21.35,2.51,0.97
2025-01-21,6.83,26.06,89.07,7.05,1.98,0.97
2025-01-22,6.56,26.61,83.46,13.32,1.04,0.96
2025-01-23,7.17,27.21,84.06,20.48,0.89,0.96
2025-01-24,3.56,27.72,83.32,24.2,1.02,0.96
2025-01-25,10.1,27.76,84.45,20.78,1.4,0.96
2025-01-26,20.11,27.06,85.38,17.77,1.27,0.97
2025-01-27,17.84,26.82,86.69,14.28,2.12,0.97
2025-01-28,43.28,26.09,89.44,17.52,2.18,0.99
2025-01-29,22.06,25.87,89.09,15.18,2.71,0.99
2025-01-30,22.12,26.11,91.28,16.61,3.75,0.99
2025-01-31,19.19,25.97,91.65,7.32,5.14,0.99
2025-02-01,2.85,26.81,86.38,21.01,3.6,0.99
2025-02-02,1.91,26.59,89.36,20.53,4.32,0.98
2025-02-03,1.21,27.07,85.66,18.07,4.71,0.98
2025-02-04,1.39,26.42,88.73,20.49,4.1,0.97
2025-02-05,4.03,26.93,84.26,21.59,4.67,0.97
2025-02-06,27.07,26.66,87.78,16.33,4.41,0.97
2025-02-07,43.85,26.28,87.51,6.54,5.05,0.99
2025-02-08,9.04,26.73,85.21,18.83,5.17,0.99
2025-02-09,12.01,26.7,85.34,19.19,6.14,0.98
2025-02-10,17.86,26.75,85.88,21.46,6.65,0.98
2025-02-11,7.57,26.81,85.88,20.19,6.87,0.98
2025-02-12,4.61,26.85,87.47,21.34,4.84,0.97
2025-02-13,6.67,26.75,87.72,20.47,4.3,0.97
2025-02-14,3.97,26.87,87.3,25.36,3.45,0.96
2025-02-15,2.71,27.01,84.78,17.5,1.63,0.96
2025-02-16,1.21,27.51,80.58,17.04,0.54,0.95
2025-02-17,6.33,26.9,85.17,22.58,1.21,0.95
2025-02-18,14.3,26.31,87.28,11.54,2.41,0.96
2025-02-19,8.42,26.02,88.06,14.22,3.31,0.96
2025-02-20,0.98,26.0,89.69,21.03,3.91,0.95
2025-02-21,6.64,26.29,87.95,21.63,2.59,0.95
2025-02-22,7.1,26.93,83.56,20.01,1.42,0.95
2025-02-23,11.34,26.45,87.07,21.36,1.57,0.95
2025-02-24,6.21,25.99,86.95,21.59,1.94,0.95
2025-02-25,3.18,26.84,81.46,24.14,1.35,0.95
2025-02-26,11.11,27.13,84.36,25.22,1.6,0.95
2025-02-27,1.67,27.75,78.18,24.35,1.16,0.95
2025-02-28,1.53,27.76,77.79,26.02,1.51,0.94
2025-03-01,0.65,27.27,82.29,26.13,2.48,0.93
2025-03-02,0.36,27.7,78.26,27.27,1.74,0.92
2025-03-03,0.1,27.62,80.86,27.19,2.67,0.91
2025-03-04,0.12,27.67,81.36,26.58,2.35,0.9
2025-03-05,0.06,27.84,77.45,27.06,2.0,0.89
2025-03-06,0.07,28.48,75.42,25.44,0.83,0.88
2025-03-07,0.41,27.93,80.53,24.4,1.14,0.87
2025-03-08,6.31,27.37,82.73,17.09,1.42,0.86
2025-03-09,5.57,26.48,85.95,17.15,1.79,0.87
2025-03-10,0.56,27.38,74.97,20.62,1.09,0.86
2025-03-11,14.08,27.4,83.78,19.25,1.78,0.86
2025-03-12,4.9,26.94,84.47,19.6,2.17,0.87
2025-03-13,4.47,26.76,86.83,16.01,1.9,0.87
2025-03-14,10.17,26.77,85.23,11.36,1.61,0.88
2025-03-15,5.03,26.98,78.28,7.49,1.18,0.88
2025-03-16,19.68,27.36,79.95,14.09,1.41,0.88
2025-03-17,9.27,27.44,82.94,14.63,1.83,0.89
2025-03-18,3.3,27.09,85.04,18.07,2.12,0.89
2025-03-19,3.25,26.56,87.36,17.9,2.73,0.89
2025-03-20,5.33,26.85,85.57,16.17,2.39,0.89
2025-03-21,21.16,26.72,86.84,13.18,2.04,0.89
2025-03-22,12.38,26.25,90.9,17.72,3.33,0.91
2025-03-23,4.44,26.36,89.38,16.92,4.32,0.91
2025-03-24,5.59,26.25,88.99,17.21,2.95,0.91
2025-03-25,4.7,26.35,89.75,15.66,2.83,0.91
2025-03-26,7.95,26.5,88.59,13.95,3.34,0.91
2025-03-27,6.58,26.86,86.61,7.79,4.46,0.91
2025-03-28,19.26,27.1,86.2,5.55,5.33,0.91
2025-03-29,7.41,26.86,86.36,14.85,4.12,0.92
2025-03-30,6.38,26.98,85.67,20.31,4.29,0.92
2025-03-31,7.65,27.04,86.61,20.42,3.57,0.92
2025-04-01,17.86,26.66,86.88,17.58,3.3,0.92
2025-04-02,6.13,26.8,81.93,17.83,2.4,0.93
2025-04-03,0.04,26.33,75.51,24.04,2.64,0.92
2025-04-04,0.05,26.3,74.98,18.69,1.93,0.91
2025-04-05,0.11,26.67,74.96,21.46,1.03,0.9
2025-04-06,0.51,26.89,80.4,22.69,1.66,0.89
2025-04-07,2.36,27.24,81.59,21.69,2.49,0.88
2025-04-08,3.25,27.13,84.5,13.67,3.08,0.88
2025-04-09,25.16,27.11,84.4,15.34,1.95,0.89
2025-04-10,2.25,26.91,84.51,22.68,2.75,0.9
2025-04-11,0.89,27.07,80.5,22.59,2.72,0.89
2025-04-12,0.09,27.06,79.33,14.18,2.2,0.87
2025-04-13,3.21,27.24,82.18,17.8,1.92,0.86
2025-04-14,3.61,26.78,87.33,17.53,2.26,0.87
2025-04-15,1.75,27.18,85.43,19.38,1.85,0.86
2025-04-16,1.88,27.3,83.65,19.96,1.28,0.86
2025-04-17,3.12,27.1,85.1,21.44,2.43,0.85
2025-04-18,21.4,26.32,88.72,14.76,4.5,0.86
2025-04-19,18.52,26.19,88.87,15.18,3.75,0.89
2025-04-20,3.97,26.72,86.55,19.64,2.23,0.89
2025-04-21,2.89,27.02,83.53,22.46,2.02,0.89
2025-04-22,0.27,27.08,81.73,22.37,2.45,0.88
2025-04-23,1.4,27.05,82.29,18.76,3.42,0.87
2025-04-24,0.0,26.46,77.41,20.84,3.15,0.86
2025-04-25,0.0,25.81,75.95,21.48,2.74,0.85
2025-04-26,0.01,25.54,75.92,23.24,2.1,0.83
2025-04-27,0.0,25.0,77.17,23.43,2.79,0.82
2025-04-28,0.0,25.48,79.26,22.83,2.89,0.81
2025-04-29,7.81,26.23,83.12,18.3,3.3,0.81
2025-04-30,38.62,26.71,89.17,11.7,4.38,0.85
2025-05-01,8.85,26.59,84.41,13.38,3.86,0.86
2025-05-02,0.09,26.38,80.37,20.22,4.59,0.85
2025-05-03,0.98,26.8,82.75,15.77,3.95,0.84
2025-05-04,1.09,26.87,84.74,18.68,4.18,0.83
2025-05-05,4.28,26.7,87.22,13.12,4.47,0.83
2025-05-06,27.4,26.67,86.71,15.4,2.7,0.84
2025-05-07,7.39,26.25,86.03,16.69,1.89,0.86
2025-05-08,5.21,26.47,83.87,18.0,3.52,0.86
2025-05-09,0.84,26.43,80.54,19.78,3.46,0.85
2025-05-10,1.6,26.39,82.79,19.07,3.06,0.84
2025-05-11,0.11,25.86,78.82,21.37,3.82,0.83
2025-05-12,0.0,26.01,77.04,21.6,2.75,0.82
2025-05-13,0.08,26.55,81.39,21.25,2.66,0.81
2025-05-14,0.24,26.65,84.34,21.02,3.54,0.8
2025-05-15,0.05,26.6,81.35,20.14,4.21,0.79
2025-05-16,0.02,26.13,79.77,19.88,4.38,0.78
2025-05-17,0.01,25.4,76.24,20.07,4.25,0.77
2025-05-18,0.14,25.41,77.15,16.05,5.02,0.76
2025-05-19,0.09,25.04,76.59,16.8,4.66,0.75
2025-05-20,0.48,25.02,78.27,16.81,4.14,0.75
2025-05-21,0.07,25.73,80.85,17.1,4.28,0.74
2025-05-22,0.11,26.4,81.63,14.17,3.67,0.73
2025-05-23,0.01,26.35,78.62,17.75,3.49,0.72
2025-05-24,0.12,26.78,79.75,17.63,1.65,0.71
2025-05-25,0.28,27.3,82.04,19.61,2.19,0.71
2025-05-26,4.67,27.26,83.87,16.61,1.12,0.7
2025-05-27,10.36,26.52,86.99,16.58,1.68,0.72
2025-05-28,0.79,26.76,85.02,19.08,2.65,0.72
2025-05-29,6.84,26.64,87.02,15.02,3.59,0.72
2025-05-30,4.89,26.52,86.6,13.06,4.85,0.72
2025-05-31,0.68,26.41,84.6,16.16,4.25,0.72
2025-06-01,0.9,26.33,83.17,13.16,3.73,0.71
2025-06-02,0.35,25.86,80.96,16.97,3.66,0.71
2025-06-03,0.11,25.7,77.15,17.28,2.65,0.7
2025-06-04,0.62,25.73,76.43,18.22,1.91,0.69
2025-06-05,2.2,25.85,81.94,16.0,3.26,0.69
2025-06-06,0.26,26.09,80.69,9.84,4.0,0.68
2025-06-07,0.0,26.01,76.08,19.45,3.81,0.67
2025-06-08,0.06,25.36,76.96,17.88,4.6,0.66
2025-06-09,0.19,25.56,75.91,15.01,4.51,0.66
2025-06-10,0.04,25.61,73.85,18.44,4.61,0.65
2025-06-11,0.23,25.54,76.28,15.14,4.63,0.65
2025-06-12,0.83,26.1,78.41,12.65,4.81,0.64
2025-06-13,0.16,26.21,74.04,17.38,4.37,0.64
2025-06-14,0.07,25.94,68.72,18.67,4.44,0.63
2025-06-15,0.0,25.81,69.51,18.65,4.16,0.62
2025-06-16,0.0,25.11,69.16,20.04,4.3,0.62
2025-06-17,0.0,25.15,68.25,19.44,3.51,0.61
2025-06-18,0.05,26.03,72.96,16.84,3.59,0.61
2025-06-19,0.24,26.3,76.52,15.7,3.86,0.6
2025-06-20,0.07,26.1,73.08,17.85,4.69,0.6
2025-06-21,0.01,25.35,72.1,17.21,4.11,0.59
2025-06-22,2.8,25.24,77.62,14.63,4.3,0.59
2025-06-23,0.35,25.11,75.01,17.17,4.63,0.59
2025-06-24,0.34,25.71,74.13,18.32,4.08,0.59
2025-06-25,0.08,26.29,73.16,16.17,5.1,0.58
2025-06-26,0.25,26.35,73.91,17.24,5.76,0.58
2025-06-27,0.16,25.82,70.87,14.75,6.04,0.57
2025-06-28,0.06,25.58,71.03,15.82,6.36,0.57
2025-06-29,0.06,25.43,67.18,14.53,6.28,0.57
2025-06-30,0.51,25.6,71.93,14.48,6.09,0.56
2025-07-01,0.28,25.76,70.79,15.29,5.85,0.56
2025-07-02,0.46,25.67,70.66,15.54,4.21,0.56
2025-07-03,0.37,25.99,72.89,17.51,3.08,0.55
2025-07-04,0.23,26.19,75.94,13.96,3.77,0.55
2025-07-05,0.37,26.51,72.78,12.65,3.67,0.55
2025-07-06,0.0,25.83,68.11,19.23,4.49,0.54
2025-07-07,0.0,25.59,71.16,18.42,4.03,0.54
2025-07-08,0.08,25.82,72.99,14.72,3.96,0.54
2025-07-09,0.0,25.55,66.37,20.15,4.8,0.53
2025-07-10,0.0,25.23,68.64,19.83,3.92,0.53
2025-07-11,0.01,25.64,68.25,19.2,4.28,0.53
2025-07-12,0.0,25.98,67.07,18.27,3.93,0.53
2025-07-13,0.39,26.38,73.78,16.35,4.39,0.52
2025-07-14,0.2,26.29,73.86,18.92,4.96,0.52
2025-07-15,0.01,25.91,70.07,20.17,3.87,0.52
2025-07-16,0.0,25.24,68.36,19.75,3.32,0.52
2025-07-17,0.0,24.83,68.98,20.78,3.42,0.51
2025-07-18,0.0,24.8,68.94,20.24,3.33,0.51
2025-07-19,0.02,25.26,69.48,19.54,3.28,0.51
2025-07-20,0.15,26.18,69.56,20.26,3.58,0.51
2025-07-21,0.05,26.32,69.06,18.08,2.86,0.51
2025-07-22,0.02,26.49,69.45,18.28,3.37,0.5
2025-07-23,0.01,27.08,66.89,19.56,2.7,0.5
2025-07-24,0.0,27.3,64.3,20.42,1.95,0.5
2025-07-25,0.05,27.41,68.99,20.16,2.09,0.5
2025-07-26,0.1,27.46,72.32,19.18,3.73,0.5
2025-07-27,0.15,27.5,71.85,16.59,3.1,0.49
2025-07-28,0.55,26.69,75.49,16.93,4.35,0.49
2025-07-29,0.25,26.01,74.43,17.97,4.69,0.49
2025-07-30,1.48,25.63,77.19,11.89,4.25,0.49
2025-07-31,0.55,26.65,74.98,17.63,4.12,0.49
2025-08-01,0.1,27.43,68.89,20.62,4.45,0.49
2025-08-02,0.14,27.48,70.08,16.41,4.56,0.49
2025-08-03,0.0,26.75,63.67,18.79,4.85,0.49
2025-08-04,0.0,26.18,65.17,21.22,4.38,0.49
2025-08-05,0.0,26.31,63.55,21.45,3.24,0.49
2025-08-06,0.03,26.59,63.08,21.57,3.24,0.48
2025-08-07,0.0,26.78,62.29,21.29,2.51,0.48
2025-08-08,0.0,26.85,64.04,21.06,3.04,0.48
2025-08-09,0.18,27.19,65.37,21.42,3.24,0.48
2025-08-10,0.04,27.18,62.32,21.86,3.71,0.48
2025-08-11,0.0,26.09,64.12,22.32,5.01,0.48
2025-08-12,0.0,25.77,59.93,22.64,5.25,0.48
2025-08-13,0.0,25.56,58.8,22.67,5.43,0.48
2025-08-14,0.01,26.07,63.24,22.15,4.3,0.48
2025-08-15,0.0,26.54,61.37,22.61,4.56,0.48
2025-08-16,0.0,26.49,59.13,22.63,4.48,0.48
2025-08-17,0.0,27.0,59.98,22.9,4.44,0.48
2025-08-18,0.02,27.25,59.98,22.42,4.48,0.48
2025-08-19,0.07,26.63,61.32,22.42,4.86,0.48
2025-08-20,0.03,26.51,59.68,22.82,3.66,0.48
2025-08-21,0.02,26.39,60.19,21.82,3.52,0.48
2025-08-22,0.01,26.47,61.8,22.87,2.89,0.48
2025-08-23,0.0,27.02,62.38,21.61,3.1,0.48
2025-08-24,0.13,27.42,62.13,21.92,2.28,0.48
2025-08-25,0.02,27.12,63.44,20.79,3.18,0.48
2025-08-26,0.01,26.39,68.41,19.86,3.98,0.48
2025-08-27,1.88,26.41,69.71,21.89,3.43,0.48
2025-08-28,0.17,26.91,64.37,22.68,2.59,0.48
2025-08-29,0.0,26.95,62.32,21.3,2.78,0.48
2025-08-30,0.0,27.72,57.51,22.53,2.35,0.48
2025-08-31,0.07,27.49,65.86,22.79,4.06,0.48
2025-09-01,0.03,27.56,64.2,22.99,4.94,0.48
2025-09-02,0.01,27.3,62.86,23.74,4.76,0.48
2025-09-03,0.0,26.5,65.27,23.8,4.16,0.48
2025-09-04,0.0,26.55,60.8,24.5,3.92,0.48
2025-09-05,0.0,27.34,56.11,25.02,2.89,0.48
2025-09-06,0.02,27.58,62.09,24.33,2.48,0.48
2025-09-07,2.4,27.76,68.84,19.19,3.61,0.48
2025-09-08,1.42,27.61,74.76,12.89,4.63,0.48
2025-09-09,0.59,28.31,69.74,23.3,4.09,0.49
2025-09-10,0.0,28.51,60.34,23.04,3.51,0.48
2025-09-11,0.03,28.17,64.46,22.42,3.62,0.48
2025-09-12,0.32,28.03,66.68,17.97,4.27,0.48
2025-09-13,0.12,27.77,64.06,20.83,5.07,0.48
2025-09-14,0.0,27.87,61.37,25.09,4.4,0.48
2025-09-15,0.0,27.79,62.41,24.68,3.57,0.48
2025-09-16,0.07,27.61,63.85,23.94,3.56,0.48
2025-09-17,0.0,28.02,60.54,23.4,3.58,0.48
2025-09-18,0.0,28.12,60.19,24.66,2.94,0.48
2025-09-19,0.0,27.5,62.64,24.19,3.82,0.48
2025-09-20,0.0,28.09,64.51,24.77,2.08,0.48
2025-09-21,0.0,28.97,62.82,25.44,2.48,0.48
2025-09-22,0.01,28.91,63.24,25.01,3.32,0.48
2025-09-23,0.22,28.64,64.71,24.62,4.27,0.48
2025-09-24,0.02,28.08,60.45,25.51,4.87,0.48
2025-09-25,0.08,28.56,62.42,23.44,3.63,0.48
2025-09-26,0.13,28.74,63.51,24.79,4.19,0.48
2025-09-27,0.12,29.18,60.7,24.49,2.68,0.48
2025-09-28,0.75,29.16,62.56,24.38,2.62,0.48
2025-09-29,1.21,28.98,61.72,22.19,2.42,0.48
2025-09-30,0.01,29.15,59.93,25.94,3.55,0.48
2025-10-01,0.0,29.36,54.95,26.57,2.37,0.48
2025-10-02,0.06,29.76,54.98,26.17,1.71,0.48
2025-10-03,0.05,29.53,57.99,26.43,2.91,0.48
2025-10-04,0.01,29.37,59.83,25.99,3.59,0.48
2025-10-05,0.01,28.86,62.37,26.07,2.91,0.48
2025-10-06,0.0,28.62,60.49,26.45,3.03,0.48
2025-10-07,0.0,29.16,57.29,25.85,1.8,0.48
2025-10-08,0.26,29.39,59.26,24.12,1.98,0.48
2025-10-09,0.23,29.23,60.83,17.96,1.77,0.48
2025-10-10,4.55,28.7,67.07,19.12,1.76,0.48
2025-10-11,1.65,28.89,67.71,23.39,2.28,0.49
2025-10-12,0.31,29.48,65.31,24.94,3.49,0.49
2025-10-13,1.26,28.95,66.74,24.85,2.79,0.49
2025-10-14,1.88,29.08,67.56,25.11,3.28,0.49
2025-10-15,0.43,29.63,65.63,26.18,3.33,0.49
2025-10-16,1.57,29.34,68.14,21.73,4.32,0.49
2025-10-17,3.78,29.85,65.66,25.94,3.57,0.49
2025-10-18,11.92,28.51,75.15,17.48,3.52,0.51
2025-10-19,4.11,29.08,72.33,23.73,2.09,0.51
2025-10-20,1.28,29.24,68.3,25.34,2.29,0.52
2025-10-21,0.1,28.98,66.81,27.05,3.47,0.51
2025-10-22,0.04,28.9,66.01,27.29,2.7,0.51
2025-10-23,0.01,28.94,61.04,27.57,3.01,0.5
2025-10-24,0.0,28.99,61.25,28.15,2.19,0.5
2025-10-25,0.07,29.26,61.66,26.84,2.2,0.49
2025-10-26,0.04,29.45,63.77,26.34,2.23,0.49
2025-10-27,0.11,29.22,63.47,24.11,1.6,0.49
2025-10-28,0.02,29.78,60.99,27.22,1.81,0.49
2025-10-29,0.04,29.7,63.65,25.74,2.19,0.49
2025-10-30,0.41,29.75,65.07,22.51,1.6,0.49
2025-10-31,8.78,29.7,67.88,22.5,1.5,0.49
2025-11-01,1.73,29.93,67.42,26.69,2.02,0.5
2025-11-02,0.14,30.17,64.19,26.76,2.17,0.5
2025-11-03,0.19,29.9,66.39,26.32,2.98,0.49
2025-11-04,0.54,29.68,66.49,23.89,2.6,0.49
2025-11-05,0.55,29.42,70.55,23.66,3.38,0.49
2025-11-06,4.92,29.1,72.07,18.27,2.62,0.49
2025-11-07,2.92,28.26,76.41,22.9,1.65,0.5
2025-11-08,0.41,28.71,72.16,23.27,1.98,0.5
2025-11-09,1.43,29.4,69.44,24.01,3.09,0.5
2025-11-10,1.95,28.99,71.2,19.35,2.67,0.5
2025-11-11,2.65,28.71,72.07,17.94,1.8,0.5
2025-11-12,1.55,28.7,69.78,21.96,1.59,0.5
2025-11-13,10.74,27.57,77.07,20.58,2.25,0.51
2025-11-14,17.19,26.89,81.78,17.69,2.3,0.53
2025-11-15,28.46,26.68,84.3,15.34,2.65,0.58
2025-11-16,7.11,27.4,82.11,20.61,4.37,0.6
2025-11-17,4.69,27.8,78.88,17.61,3.67,0.6
2025-11-18,3.09,27.93,78.63,20.15,2.57,0.6
2025-11-19,8.7,28.07,77.53,23.06,2.31,0.6
2025-11-20,4.57,28.53,76.13,25.63,2.51,0.61
2025-11-21,0.07,28.48,75.82,24.09,2.63,0.6
2025-11-22,0.27,28.0,78.42,23.06,2.82,0.6
2025-11-23,0.41,28.57,75.29,25.24,3.6,0.59
2025-11-24,0.31,28.37,76.18,24.54,3.86,0.59
2025-11-25,4.77,28.09,79.97,23.62,3.42,0.58
2025-11-26,1.28,28.65,76.85,22.11,2.74,0.59
2025-11-27,0.47,28.09,77.99,21.96,1.72,0.58
2025-11-28,1.35,28.1,77.77,24.16,1.24,0.58
2025-11-29,12.4,28.65,76.26,24.69,1.63,0.58
2025-11-30,34.66,27.39,86.93,19.34,2.38,0.62
2025-12-01,10.81,26.91,88.94,13.01,3.84,0.67
2025-12-02,5.94,27.34,84.32,25.55,1.77,0.68
2025-12-03,1.54,27.82,76.69,24.79,2.23,0.67
2025-12-04,0.76,28.07,71.67,27.59,1.64,0.66
2025-12-05,0.37,28.29,72.55,22.96,2.03,0.66
2025-12-06,6.24,27.52,78.34,17.07,2.9,0.65
2025-12-07,4.42,27.57,77.73,19.11,1.88,0.66
2025-12-08,5.47,27.74,79.76,20.38,2.07,0.66
2025-12-09,3.97,27.52,78.29,13.98,1.05,0.66
2025-12-10,35.57,26.78,84.74,15.93,1.96,0.7
2025-12-11,4.45,27.28,82.31,22.9,1.26,0.71
2025-12-12,18.83,27.03,85.48,20.73,1.8,0.72
2025-12-13,17.37,27.31,81.41,23.96,1.2,0.75
2025-12-14,9.13,27.14,82.2,23.11,1.75,0.76
2025-12-15,3.69,27.04,82.25,24.88,1.71,0.76
2025-12-16,9.64,27.29,81.71,22.95,1.55,0.76
2025-12-17,16.88,26.98,85.69,20.66,1.78,0.78
2025-12-18,12.74,26.87,84.24,15.59,1.24,0.8
2025-12-19,2.6,26.97,82.33,24.93,1.78,0.8
2025-12-20,4.41,26.95,84.96,24.5,2.63,0.79
2025-12-21,19.32,27.04,86.16,20.14,2.31,0.8
2025-12-22,12.85,26.84,87.28,7.1,2.85,0.83
2025-12-23,11.54,26.87,88.96,18.11,3.75,0.83
2025-12-24,27.24,26.71,89.61,13.45,4.08,0.86
2025-12-25,3.46,26.65,88.81,23.66,3.34,0.87
2025-12-26,2.17,27.05,87.52,24.49,3.16,0.86
2025-12-27,4.08,27.21,87.33,23.65,4.05,0.86
2025-12-28,7.51,26.74,88.23,15.08,4.16,0.86
2025-12-29,9.06,26.79,87.29,19.37,3.13,0.87
2025-12-30,29.46,26.43,89.86,10.27,3.43,0.89
2025-12-31,16.45,26.64,89.4,19.77,3.49,0.91
